attempt,step,time_s,phase,jaw_centre_error_m,lateral_error_m,along_error_m,tip_goal_error_m,jaw_command_m,approach_elevation_deg,jaw_tilt_deg,base_height_m,base_shift_m,base_yaw_deg,arm_speed_rad_s,finger_contact_n,forearm_contact_n,fell,door_deg,handle_deg
0,0,0.0,spawn,0.01231,0.01228,0.00088,0.01201,0.00024,-2.88,5.22,0.3504,0.0009,-0.083,1.728,0.0,0.0,0,0.0,-0.0
0,1,0.02,spawn,0.02263,0.02244,0.00288,0.02204,0.00048,-3.46,9.95,0.35,0.0017,-0.087,1.73,0.0,0.0,0,0.0,-0.0
0,2,0.04,spawn,0.02094,0.02091,0.00112,0.01997,0.00072,-1.9,15.11,0.3484,0.0024,-0.106,1.73,0.0,0.0,0,0.0,-0.0
0,3,0.06,spawn,0.01924,0.01856,-0.00509,0.01797,0.00096,-0.28,20.51,0.3457,0.003,-0.122,1.73,0.0,0.0,0,0.0,-0.0
0,4,0.08,spawn,0.01686,0.01332,-0.01033,0.01587,0.0012,1.53,25.91,0.3425,0.0036,-0.108,1.73,0.0,0.0,0,0.0,-0.0
0,5,0.1,spawn,0.01609,0.00672,-0.01462,0.0158,0.00144,3.13,31.28,0.3391,0.0044,-0.086,1.73,0.0,0.0,0,0.0,-0.0
0,6,0.12,spawn,0.01414,0.00372,-0.01364,0.01469,0.00168,4.55,36.47,0.3356,0.0054,-0.045,1.73,0.0,0.0,0,0.0,-0.0
0,7,0.14,spawn,0.01732,0.01369,-0.0106,0.01857,0.00192,5.42,41.49,0.3325,0.0065,0.005,1.73,0.0,0.0,0,0.0,-0.0
0,8,0.16,spawn,0.01609,0.014,-0.00794,0.01671,0.00216,7.04,46.2,0.3295,0.0075,-0.013,1.73,0.0,0.0,0,0.0,-0.0
0,9,0.18,spawn,0.01499,0.0131,-0.00727,0.01501,0.0024,8.74,50.89,0.3267,0.0085,-0.043,1.73,0.0,0.0,0,0.0,-0.0
0,10,0.2,spawn,0.01419,0.0127,-0.00632,0.01427,0.00264,9.43,55.49,0.3244,0.0095,-0.062,1.73,0.0,0.0,0,0.0,-0.0
0,11,0.22,spawn,0.01366,0.01338,-0.00275,0.01382,0.00288,9.65,59.95,0.3224,0.0106,-0.071,1.73,0.0,0.0,0,0.0,-0.0
0,12,0.24,spawn,0.01296,0.01293,0.00079,0.01356,0.00312,10.19,64.42,0.3207,0.0117,-0.124,1.73,0.0,0.0,0,0.0,-0.0
0,13,0.26,spawn,0.01281,0.0125,0.00279,0.01416,0.00336,10.45,68.71,0.3193,0.0128,-0.169,1.73,0.0,0.0,0,0.0,-0.0
0,14,0.28,spawn,0.00977,0.00913,0.00348,0.01176,0.0036,9.83,73.06,0.3182,0.0137,-0.208,1.73,0.0,0.0,0,0.0,-0.0
0,15,0.3,spawn,0.00803,0.00624,0.00506,0.01103,0.00384,9.35,77.09,0.3173,0.0146,-0.245,1.73,0.0,0.0,0,0.0,-0.0
0,16,0.32,spawn,0.00862,0.00447,0.00737,0.01195,0.00408,8.98,80.19,0.3166,0.0154,-0.275,1.73,0.0,0.0,0,0.0,-0.0
0,17,0.34,spawn,0.01032,0.00249,0.01002,0.01257,0.00432,8.22,81.74,0.3162,0.0163,-0.28,1.73,0.0,0.0,0,0.0,-0.0
0,18,0.36,spawn,0.01357,0.00522,0.01253,0.01478,0.00456,7.49,80.6,0.316,0.017,-0.311,1.73,0.0,0.0,0,0.0,-0.0
0,19,0.38,spawn,0.01618,0.00601,0.01503,0.0164,0.0048,6.59,77.75,0.3158,0.0178,-0.306,1.729,0.0,0.0,0,0.0,-0.0
0,20,0.4,spawn,0.01835,0.00548,0.01751,0.01755,0.00504,5.46,74.15,0.3157,0.0185,-0.276,1.729,0.0,0.0,0,0.0,-0.0
0,21,0.42,spawn,0.02049,0.00584,0.01964,0.01889,0.00528,4.25,70.13,0.3156,0.0192,-0.224,1.728,0.0,0.0,0,0.0,-0.0
0,22,0.44,spawn,0.02085,0.00467,0.02032,0.02001,0.00552,3.98,71.51,0.3154,0.0198,-0.154,1.607,0.0,0.0,0,0.0,-0.0
0,23,0.46,spawn,0.02162,0.0108,0.01873,0.02088,0.00576,3.85,76.54,0.3152,0.0204,-0.139,1.73,0.0,0.0,0,0.0,-0.0
0,24,0.48,spawn,0.02151,0.00969,0.01921,0.02141,0.006,3.89,81.65,0.315,0.0211,-0.072,1.73,0.0,0.0,0,0.0,-0.0
0,25,0.5,spawn,0.0208,0.00687,0.01963,0.02061,0.00624,3.7,85.92,0.3149,0.0218,0.0,1.73,0.0,0.0,0,0.0,-0.0
0,26,0.52,spawn,0.0202,0.00426,0.01975,0.02039,0.00648,3.43,86.56,0.3148,0.0225,0.062,1.722,0.0,0.0,0,0.0,-0.0
0,27,0.54,spawn,0.01893,0.00712,0.01754,0.01917,0.00672,2.8,85.68,0.3146,0.023,0.084,1.73,0.0,0.0,0,0.0,-0.0
0,28,0.56,spawn,0.01608,0.00483,0.01534,0.01647,0.00696,2.39,85.39,0.3145,0.0235,0.153,1.73,0.0,0.0,0,0.0,-0.0
0,29,0.58,spawn,0.0166,0.0082,0.01444,0.01613,0.0072,1.06,86.23,0.3144,0.024,0.179,1.719,0.0,0.0,0,0.0,-0.0
0,30,0.6,spawn,0.01658,0.00763,0.01472,0.01558,0.00744,0.22,88.66,0.3144,0.0245,0.257,1.047,0.0,0.0,0,0.0,-0.0
0,31,0.62,spawn,0.01665,0.0102,0.01316,0.01549,0.00768,-0.79,88.3,0.3144,0.0249,0.325,1.047,0.0,0.0,0,0.0,-0.0
0,32,0.64,spawn,0.01713,0.01374,0.01024,0.01602,0.00792,-1.99,86.65,0.3143,0.0251,0.378,1.048,0.0,0.0,0,0.0,-0.0
0,33,0.66,spawn,0.01992,0.01839,0.00764,0.01916,0.00816,-2.96,86.97,0.3141,0.0253,0.444,1.73,0.0,0.0,0,0.0,-0.0
0,34,0.68,spawn,0.02581,0.02516,0.00574,0.02557,0.0084,-3.98,86.01,0.3139,0.0255,0.514,1.73,0.0,0.0,0,0.0,-0.0
0,35,0.7,spawn,0.03246,0.03227,0.00351,0.03276,0.00864,-4.79,85.2,0.3137,0.0257,0.592,1.73,0.0,0.0,0,0.0,-0.0
0,36,0.72,spawn,0.03817,0.03817,0.00031,0.03893,0.00888,-5.25,84.7,0.3135,0.0258,0.674,1.73,0.0,0.0,0,0.0,-0.0
0,37,0.74,spawn,0.04367,0.04358,-0.00284,0.04478,0.00912,-5.57,84.2,0.3133,0.0259,0.757,1.73,0.0,0.0,0,0.0,-0.0
0,38,0.76,spawn,0.04979,0.04951,-0.00525,0.05121,0.00936,-5.84,83.26,0.313,0.026,0.845,1.73,0.0,0.0,0,0.0,-0.0
0,39,0.78,spawn,0.05553,0.05501,-0.0076,0.05731,0.0096,-5.86,80.19,0.3128,0.0261,0.941,1.73,0.0,0.0,0,0.0,-0.0
0,40,0.8,spawn,0.05987,0.05899,-0.01028,0.06205,0.00984,-5.71,75.98,0.3125,0.0261,1.033,1.727,0.0,0.0,0,0.0,-0.0
0,41,0.82,spawn,0.06327,0.06193,-0.01295,0.06586,0.01008,-5.58,70.87,0.3122,0.0261,1.12,1.73,0.0,0.0,0,0.0,-0.0
0,42,0.84,spawn,0.0665,0.06471,-0.01533,0.06952,0.01032,-5.53,65.33,0.312,0.0261,1.2,1.73,0.0,0.0,0,0.0,-0.0
0,43,0.86,spawn,0.07026,0.06806,-0.01744,0.0737,0.01056,-5.34,59.65,0.3116,0.0261,1.277,1.73,0.0,0.0,0,0.0,-0.0
0,44,0.88,spawn,0.07414,0.07156,-0.01939,0.07803,0.0108,-5.07,54.12,0.3113,0.026,1.355,1.73,0.0,0.0,0,0.0,-0.0
0,45,0.9,spawn,0.07786,0.07481,-0.02157,0.08223,0.01104,-4.81,49.1,0.311,0.0259,1.437,1.73,0.0,0.0,0,0.0,-0.0
0,46,0.92,spawn,0.08025,0.07678,-0.02334,0.08513,0.01128,-4.65,45.03,0.3106,0.0258,1.508,1.73,0.0,0.0,0,0.0,-0.0
0,47,0.94,spawn,0.08371,0.08006,-0.02447,0.089,0.01152,-4.3,42.83,0.3103,0.0256,1.595,1.73,0.0,0.0,0,0.0,-0.0
0,48,0.96,spawn,0.08721,0.08342,-0.02543,0.09286,0.01176,-3.88,41.19,0.3099,0.0255,1.685,1.73,0.0,0.0,0,0.0,-0.0
0,49,0.98,stand,0.08942,0.07798,-0.04376,0.09548,0.012,-3.6,40.11,0.3095,0.0254,1.759,1.73,0.0,0.0,0,0.0,-0.0
0,50,1.0,stand,0.09079,0.07954,-0.04376,0.09735,0.012,-3.56,39.29,0.3091,0.0253,1.829,1.73,0.0,0.0,0,0.0,-0.0
0,51,1.02,stand,0.09389,0.08276,-0.04435,0.10087,0.012,-3.1,38.41,0.3086,0.0252,1.932,1.73,0.0,0.0,0,0.0,-0.0
0,52,1.04,stand,0.09454,0.0834,-0.04453,0.10199,0.012,-2.69,37.07,0.3082,0.0251,2.009,1.73,0.0,0.0,0,0.0,-0.0
0,53,1.06,stand,0.09466,0.08392,-0.04379,0.10252,0.012,-2.28,36.5,0.3078,0.025,2.084,1.73,0.0,0.0,0,0.0,-0.0
0,54,1.08,stand,0.09492,0.08487,-0.04251,0.10301,0.012,-1.74,36.14,0.3075,0.0249,2.171,1.73,0.0,0.0,0,0.0,-0.0
0,55,1.1,stand,0.09299,0.08358,-0.04077,0.10139,0.012,-1.43,35.74,0.3072,0.0248,2.237,1.73,0.0,0.0,0,0.0,-0.0
0,56,1.12,stand,0.09054,0.08214,-0.03807,0.09903,0.012,-1.14,35.82,0.307,0.0247,2.302,1.73,0.0,0.0,0,0.0,-0.0
0,57,1.14,stand,0.08863,0.0814,-0.03507,0.0971,0.012,-0.61,36.0,0.3069,0.0247,2.381,1.73,0.0,0.0,0,0.0,-0.0
0,58,1.16,stand,0.08614,0.08001,-0.0319,0.09458,0.012,-0.15,36.3,0.3068,0.0246,2.454,1.73,0.0,0.0,0,0.0,-0.0
0,59,1.18,stand,0.08333,0.07817,-0.02887,0.09183,0.012,-0.2,36.58,0.3068,0.0245,2.517,1.73,0.0,0.0,0,0.0,-0.0
0,60,1.2,stand,0.08096,0.07668,-0.026,0.08956,0.012,-0.3,36.76,0.3069,0.0243,2.58,1.73,0.0,0.0,0,0.0,-0.0
0,61,1.22,stand,0.07878,0.07524,-0.02335,0.08758,0.012,-0.37,36.62,0.307,0.0242,2.639,1.73,0.0,0.0,0,0.0,-0.0
0,62,1.24,stand,0.07654,0.07364,-0.02085,0.08555,0.012,-0.17,36.2,0.3071,0.024,2.696,1.73,0.0,0.0,0,0.0,-0.0
0,63,1.26,stand,0.07415,0.07181,-0.01848,0.08335,0.012,0.14,35.94,0.3073,0.0238,2.753,1.73,0.0,0.0,0,0.0,-0.0
0,64,1.28,stand,0.07171,0.06984,-0.0163,0.08101,0.012,0.35,36.0,0.3075,0.0236,2.808,1.73,0.0,0.0,0,0.0,-0.0
0,65,1.3,stand,0.06947,0.06799,-0.01427,0.07879,0.012,0.33,36.3,0.3077,0.0234,2.861,1.73,0.0,0.0,0,0.0,-0.0
0,66,1.32,stand,0.06731,0.06618,-0.01232,0.07662,0.012,0.21,36.7,0.308,0.0232,2.91,1.729,0.0,0.0,0,0.0,-0.0
0,67,1.34,stand,0.06515,0.06427,-0.01067,0.07446,0.012,0.03,37.1,0.3082,0.023,2.957,1.73,0.0,0.0,0,0.0,-0.0
0,68,1.36,stand,0.0629,0.06219,-0.00941,0.07227,0.012,-0.21,37.41,0.3085,0.0228,3.0,1.73,0.0,0.0,0,0.0,-0.0
0,69,1.38,stand,0.06054,0.05995,-0.00843,0.07009,0.012,-0.46,37.47,0.3087,0.0226,3.04,1.73,0.0,0.0,0,0.0,-0.0
0,70,1.4,stand,0.05773,0.05727,-0.00731,0.06754,0.012,-0.55,37.22,0.309,0.0225,3.073,1.73,0.0,0.0,0,0.0,-0.0
0,71,1.42,stand,0.05428,0.05394,-0.00609,0.06437,0.012,-0.55,36.69,0.3092,0.0224,3.098,1.73,0.0,0.0,0,0.0,-0.0
0,72,1.44,stand,0.05102,0.05078,-0.00493,0.06131,0.012,-0.3,36.47,0.3094,0.0223,3.128,1.73,0.0,0.0,0,0.0,-0.0
0,73,1.46,stand,0.04798,0.04782,-0.00384,0.05835,0.012,-0.05,36.57,0.3096,0.0222,3.161,1.73,0.0,0.0,0,0.0,-0.0
0,74,1.48,stand,0.04494,0.04485,-0.00281,0.05531,0.012,-0.05,36.97,0.3098,0.0222,3.191,1.73,0.0,0.0,0,0.0,-0.0
0,75,1.5,stand,0.04189,0.04184,-0.00186,0.05219,0.012,-0.23,37.93,0.3099,0.0223,3.212,1.729,0.0,0.0,0,0.0,-0.0
0,76,1.52,stand,0.03893,0.03892,-0.00102,0.04917,0.012,-0.43,39.0,0.3101,0.0223,3.228,1.73,0.0,0.0,0,0.0,-0.0
0,77,1.54,stand,0.03588,0.03588,-0.00058,0.04612,0.012,-0.59,39.58,0.3102,0.0224,3.243,1.73,0.0,0.0,0,0.0,-0.0
0,78,1.56,stand,0.0328,0.0328,-0.00026,0.04299,0.012,-0.72,40.84,0.3103,0.0225,3.253,1.73,0.0,0.0,0,0.0,-0.0
0,79,1.58,stand,0.02977,0.02977,6e-05,0.03993,0.012,-0.76,41.45,0.3104,0.0226,3.262,1.73,0.0,0.0,0,0.0,-0.0
0,80,1.6,stand,0.02682,0.02682,0.00033,0.0369,0.012,-0.82,42.88,0.3105,0.0227,3.267,1.458,0.0,0.0,0,0.0,-0.0
0,81,1.62,stand,0.02368,0.02367,0.00047,0.0337,0.012,-0.79,43.62,0.3105,0.0228,3.271,1.73,0.0,0.0,0,0.0,-0.0
0,82,1.64,stand,0.02036,0.02035,0.00059,0.03027,0.012,-0.7,46.36,0.3104,0.0229,3.265,1.335,0.0,0.0,0,0.0,-0.0
0,83,1.66,stand,0.01624,0.01622,0.00091,0.02599,0.012,-0.18,48.99,0.3104,0.023,3.265,1.05,0.0,0.0,0,0.0,-0.0
0,84,1.68,stand,0.01147,0.01141,0.00121,0.02104,0.012,0.56,51.69,0.3104,0.0232,3.27,1.27,0.0,0.0,0,0.0,-0.0
0,85,1.7,stand,0.00733,0.00705,0.00201,0.01614,0.012,0.98,56.48,0.3103,0.0233,3.258,1.705,0.0,0.0,0,0.0,-0.0
0,86,1.72,stand,0.00425,0.00319,0.00281,0.01183,0.012,1.4,61.09,0.3102,0.0235,3.237,1.716,0.0,0.0,0,0.0,-0.0
0,87,1.74,stand,0.00349,0.00075,0.00341,0.00777,0.012,1.94,65.7,0.3102,0.0236,3.209,1.712,0.0,0.0,0,0.0,-0.0
0,88,1.76,stand,0.0058,0.0044,0.00377,0.0046,0.012,2.46,70.49,0.3101,0.0237,3.166,1.707,0.0,0.0,0,0.0,-0.0
0,89,1.78,stand,0.00686,0.00644,0.00235,0.00707,0.012,2.29,75.25,0.3102,0.0238,3.157,1.73,0.0,0.0,0,0.0,-0.0
0,90,1.8,stand,0.00475,0.00471,0.00063,0.00774,0.012,1.34,79.8,0.3103,0.0237,3.09,1.718,0.0,0.0,0,0.0,-0.0
0,91,1.82,stand,0.0137,0.01364,-0.0013,0.01435,0.012,1.45,83.8,0.3103,0.0238,3.096,1.694,0.0,0.0,0,0.0,-0.0
0,92,1.84,stand,0.01258,0.01245,-0.00181,0.0131,0.012,0.63,85.47,0.3103,0.0238,3.053,1.73,0.0,0.0,0,0.0,-0.0
0,93,1.86,stand,0.01462,0.01428,-0.00309,0.01538,0.012,0.2,84.4,0.3103,0.0238,3.058,1.729,0.0,0.0,0,0.0,-0.0
0,94,1.88,stand,0.01106,0.01031,-0.00399,0.01413,0.012,-0.4,79.15,0.3104,0.0237,3.027,1.73,0.0,0.0,0,0.0,-0.0
0,95,1.9,stand,0.01516,0.01416,-0.00542,0.0189,0.012,-0.35,74.2,0.3105,0.0236,3.056,1.73,0.0,0.0,0,0.0,-0.0
0,96,1.92,stand,0.01446,0.01295,-0.00645,0.01941,0.012,-1.03,73.19,0.3106,0.0236,3.052,1.73,0.0,0.0,0,0.0,-0.0
0,97,1.94,stand,0.0126,0.01055,-0.00689,0.01837,0.012,-1.55,74.46,0.3107,0.0235,3.027,1.73,0.0,0.0,0,0.0,-0.0
0,98,1.96,stand,0.00911,0.00714,-0.00565,0.01539,0.012,-1.78,78.67,0.3107,0.0236,2.987,1.726,0.0,0.0,0,0.0,-0.0
0,99,1.98,stand,0.01157,0.0104,-0.00507,0.01648,0.012,-1.59,81.59,0.3107,0.0236,3.026,1.045,0.0,0.0,0,0.0,-0.0
0,100,2.0,stand,0.00939,0.00801,-0.0049,0.0149,0.012,-1.77,82.24,0.3107,0.0236,3.003,1.73,0.0,0.0,0,0.0,-0.0
0,101,2.02,stand,0.01164,0.01042,-0.0052,0.01575,0.012,-1.32,82.23,0.3107,0.0236,3.018,1.73,0.0,0.0,0,0.0,-0.0
0,102,2.04,stand,0.0078,0.00672,-0.00395,0.01276,0.012,-1.45,83.04,0.3107,0.0235,2.97,1.73,0.0,0.0,0,0.0,-0.0
0,103,2.06,stand,0.01194,0.01147,-0.00332,0.01504,0.012,-1.31,85.89,0.3107,0.0235,2.979,1.722,0.0,0.0,0,0.0,-0.0
0,104,2.08,stand,0.01066,0.01033,-0.00265,0.01328,0.012,-1.22,86.76,0.3107,0.0234,2.926,1.73,0.0,0.0,0,0.0,-0.0
0,105,2.1,stand,0.01578,0.0155,-0.00297,0.01617,0.012,-0.92,89.08,0.3107,0.0233,2.924,1.73,0.0,0.0,0,0.0,-0.0
0,106,2.12,stand,0.01414,0.01394,-0.0024,0.01422,0.012,-1.16,88.2,0.3108,0.0232,2.874,1.73,0.0,0.0,0,0.0,-0.0
0,107,2.14,stand,0.01575,0.01563,-0.00194,0.01543,0.012,-1.24,86.33,0.3109,0.0231,2.842,1.73,0.0,0.0,0,0.0,-0.0
0,108,2.16,stand,0.0152,0.01518,-0.00085,0.01436,0.012,-1.36,83.49,0.311,0.0229,2.79,1.726,0.0,0.0,0,0.0,-0.0
0,109,2.18,stand,0.0155,0.01543,-0.0015,0.01588,0.012,-1.92,81.93,0.3112,0.0228,2.751,1.73,0.0,0.0,0,0.0,-0.0
0,110,2.2,stand,0.01863,0.0186,-0.00106,0.01828,0.012,-2.11,78.83,0.3113,0.0227,2.731,1.73,0.0,0.0,0,0.0,-0.0
0,111,2.22,stand,0.0137,0.0137,-9e-05,0.01331,0.012,-2.1,78.72,0.3115,0.0225,2.651,1.73,0.0,0.0,0,0.0,-0.0
0,112,2.24,stand,0.01658,0.01651,-0.00149,0.01722,0.012,-2.51,79.0,0.3117,0.0223,2.649,1.73,0.0,0.0,0,0.0,-0.0
0,113,2.26,stand,0.01561,0.01559,-0.00077,0.01641,0.012,-2.56,78.87,0.3119,0.0222,2.605,1.73,0.0,0.0,0,0.0,-0.0
0,114,2.28,stand,0.01819,0.01817,-0.00084,0.01811,0.012,-2.44,78.53,0.3121,0.022,2.597,1.73,0.0,0.0,0,0.0,-0.0
0,115,2.3,stand,0.01347,0.01347,-4e-05,0.01301,0.012,-2.32,78.39,0.3123,0.0219,2.529,1.73,0.0,0.0,0,0.0,-0.0
0,116,2.32,stand,0.01566,0.01562,-0.00122,0.01612,0.012,-2.66,78.62,0.3125,0.0217,2.522,1.73,0.0,0.0,0,0.0,-0.0
0,117,2.34,stand,0.01608,0.01605,-0.00086,0.01647,0.012,-2.7,78.53,0.3127,0.0216,2.487,1.73,0.0,0.0,0,0.0,-0.0
0,118,2.36,stand,0.01545,0.01544,-0.00058,0.01509,0.012,-2.52,78.34,0.3129,0.0215,2.446,1.73,0.0,0.0,0,0.0,-0.0
0,119,2.38,stand,0.01604,0.01603,-0.00071,0.01541,0.012,-2.5,78.25,0.3131,0.0214,2.424,1.73,0.0,0.0,0,0.0,-0.0
0,120,2.4,stand,0.01729,0.01728,-0.00065,0.01681,0.012,-2.65,78.25,0.3133,0.0213,2.415,1.73,0.0,0.0,0,0.0,-0.0
0,121,2.42,stand,0.015,0.015,0.00026,0.01457,0.012,-2.68,78.25,0.3134,0.0212,2.374,1.73,0.0,0.0,0,0.0,-0.0
0,122,2.44,stand,0.01252,0.01252,0.00029,0.01325,0.012,-2.92,78.57,0.3135,0.0211,2.335,1.73,0.0,0.0,0,0.0,-0.0
0,123,2.46,stand,0.01324,0.01324,0.00036,0.0142,0.012,-2.96,78.84,0.3136,0.021,2.315,1.73,0.0,0.0,0,0.0,-0.0
0,124,2.48,approach,0.01193,0.01192,0.00028,0.01364,0.012,-3.02,79.16,0.3137,0.0208,2.276,1.73,0.0,0.0,0,0.0,-0.0
0,125,2.5,approach,0.01463,0.01463,-1e-05,0.01529,0.012,-3.02,79.27,0.3138,0.0207,2.273,1.73,0.0,0.0,0,0.0,-0.0
0,126,2.52,approach,0.01492,0.01492,0.00037,0.01478,0.012,-3.04,79.28,0.3138,0.0206,2.256,1.73,0.0,0.0,0,0.0,-0.0
0,127,2.54,approach,0.01372,0.01368,0.00106,0.01286,0.012,-3.05,79.21,0.3138,0.0205,2.222,1.73,0.0,0.0,0,0.0,-0.0
0,128,2.56,approach,0.01208,0.012,0.00139,0.01205,0.012,-3.39,79.2,0.3138,0.0204,2.19,1.73,0.0,0.0,0,0.0,-0.0
0,129,2.58,approach,0.01162,0.01136,0.00246,0.01105,0.012,-3.39,79.16,0.3138,0.0203,2.149,1.73,0.0,0.0,0,0.0,-0.0
0,130,2.6,approach,0.01281,0.01256,0.00253,0.01144,0.012,-3.31,79.51,0.3137,0.0203,2.124,1.73,0.0,0.0,0,0.0,-0.0
0,131,2.62,approach,0.01499,0.01483,0.00216,0.01356,0.012,-3.43,79.69,0.3136,0.0202,2.115,1.73,0.0,0.0,0,0.0,-0.0
0,132,2.64,approach,0.01539,0.01507,0.00314,0.01329,0.012,-3.48,79.6,0.3135,0.0201,2.09,1.73,0.0,0.0,0,0.0,-0.0
0,133,2.66,approach,0.01432,0.01364,0.00436,0.01131,0.012,-3.48,79.6,0.3134,0.0201,2.05,1.73,0.0,0.0,0,0.0,-0.0
0,134,2.68,approach,0.01187,0.01095,0.00458,0.01012,0.012,-3.88,80.03,0.3133,0.02,2.017,1.73,0.0,0.0,0,0.0,-0.0
0,135,2.7,approach,0.01126,0.00952,0.00602,0.00896,0.012,-3.83,80.29,0.3132,0.02,1.964,1.73,0.0,0.0,0,0.0,-0.0
0,136,2.72,approach,0.01396,0.0129,0.00534,0.01104,0.012,-3.52,82.96,0.313,0.02,1.958,1.73,0.0,0.0,0,0.0,-0.0
0,137,2.74,approach,0.01471,0.01382,0.00503,0.01158,0.012,-3.67,82.92,0.3128,0.02,1.933,1.73,0.0,0.0,0,0.0,-0.0
0,138,2.76,approach,0.01399,0.01203,0.00713,0.00954,0.012,-3.91,79.73,0.3127,0.02,1.862,0.988,0.0,0.0,0,0.0,-0.0
0,139,2.78,approach,0.01578,0.0128,0.00923,0.01142,0.012,-4.17,76.82,0.3125,0.0201,1.83,0.845,0.0,0.0,0,0.0,-0.0
0,140,2.8,approach,0.01681,0.01258,0.01115,0.01209,0.012,-4.09,76.17,0.3123,0.0202,1.783,0.908,0.0,0.0,0,0.0,-0.0
0,141,2.82,approach,0.01373,0.00883,0.01051,0.01098,0.012,-4.8,75.68,0.3122,0.0203,1.741,1.73,0.0,0.0,0,0.0,-0.0
0,142,2.84,approach,0.01455,0.0088,0.01159,0.01171,0.012,-4.82,75.43,0.3119,0.0204,1.686,1.73,0.0,0.0,0,0.0,-0.0
0,143,2.86,approach,0.0135,0.00927,0.00982,0.01066,0.012,-5.0,76.44,0.3118,0.0204,1.671,1.73,0.0,0.0,0,0.0,-0.0
0,144,2.88,approach,0.01544,0.01257,0.00896,0.01147,0.012,-4.91,76.79,0.3116,0.0205,1.655,1.73,0.0,0.0,0,0.0,-0.0
0,145,2.9,approach,0.01582,0.01329,0.00859,0.01175,0.012,-5.0,77.46,0.3114,0.0206,1.625,1.729,0.0,0.0,0,0.0,-0.0
0,146,2.92,approach,0.01679,0.01411,0.00911,0.01273,0.012,-5.1,77.7,0.3113,0.0208,1.6,1.73,0.0,0.0,0,0.0,-0.0
0,147,2.94,approach,0.01572,0.01225,0.00985,0.01198,0.012,-5.25,78.45,0.3112,0.0209,1.549,1.73,0.0,0.0,0,0.0,-0.0
0,148,2.96,approach,0.01568,0.01262,0.0093,0.01255,0.012,-5.43,79.37,0.3112,0.0211,1.529,1.73,0.0,0.0,0,0.0,-0.0
0,149,2.98,approach,0.01787,0.01535,0.00916,0.01367,0.012,-5.25,80.28,0.3111,0.0212,1.518,1.729,0.0,0.0,0,0.0,-0.0
0,150,3.0,approach,0.01538,0.01269,0.0087,0.01086,0.012,-5.16,83.17,0.3111,0.0213,1.465,1.73,0.0,0.0,0,0.0,-0.0
0,151,3.02,approach,0.01463,0.01166,0.00884,0.01054,0.012,-5.38,83.15,0.3111,0.0215,1.433,1.73,0.0,0.0,0,0.0,-0.0
0,152,3.04,approach,0.01421,0.01045,0.00964,0.01077,0.012,-5.73,82.51,0.3111,0.0217,1.395,1.73,0.0,0.0,0,0.0,-0.0
0,153,3.06,approach,0.01478,0.00995,0.01093,0.01089,0.012,-5.95,80.22,0.311,0.022,1.344,1.339,0.0,0.0,0,0.0,-0.0
0,154,3.08,approach,0.0131,0.0077,0.0106,0.01082,0.012,-6.48,79.24,0.311,0.0222,1.305,1.73,0.0,0.0,0,0.0,-0.0
0,155,3.1,approach,0.01153,0.00573,0.01001,0.01129,0.012,-7.04,78.09,0.3109,0.0224,1.277,1.73,0.0,0.0,0,0.0,-0.0
0,156,3.12,approach,0.01036,0.00356,0.00973,0.0119,0.012,-7.51,77.31,0.3108,0.0227,1.226,1.73,0.0,0.0,0,0.0,-0.0
0,157,3.14,approach,0.00937,0.00232,0.00908,0.01227,0.012,-7.92,76.54,0.3107,0.0229,1.195,1.73,0.0,0.0,0,0.0,-0.0
0,158,3.16,approach,0.00897,0.0017,0.00881,0.01304,0.012,-8.24,76.13,0.3105,0.0231,1.147,1.73,0.0,0.0,0,0.0,-0.0
0,159,3.18,approach,0.01032,0.00549,0.00874,0.01568,0.012,-8.62,75.59,0.3104,0.0233,1.063,1.73,0.0,0.0,0,0.0,-0.0
0,160,3.2,approach,0.00753,0.00252,0.0071,0.01478,0.012,-9.08,75.5,0.3103,0.0236,1.054,1.73,0.0,0.0,0,0.0,-0.0
0,161,3.22,approach,0.00807,0.0016,0.00791,0.0125,0.012,-8.7,75.28,0.3101,0.0238,1.0,1.73,0.0,0.0,0,0.0,-0.0
0,162,3.24,approach,0.00803,0.00466,0.00655,0.009,0.012,-8.26,75.84,0.31,0.024,0.95,1.73,0.0,0.0,0,0.0,-0.0
0,163,3.26,approach,0.01081,0.00816,0.00709,0.00986,0.012,-8.64,72.61,0.3099,0.0243,0.948,1.328,0.0,0.0,0,0.0,-0.0
0,164,3.28,approach,0.01086,0.00715,0.00817,0.01222,0.012,-9.29,71.72,0.31,0.0245,0.917,1.73,0.0,0.0,0,0.0,-0.0
0,165,3.3,approach,0.01167,0.00682,0.00946,0.01107,0.012,-9.0,71.97,0.3099,0.0247,0.865,1.73,0.0,0.0,0,0.0,-0.0
0,166,3.32,approach,0.0108,0.00771,0.00757,0.0087,0.012,-8.54,76.18,0.3098,0.0248,0.835,1.73,0.0,0.0,0,0.0,-0.0
0,167,3.34,approach,0.01497,0.01411,0.00502,0.00889,0.012,-7.82,78.24,0.3098,0.0248,0.826,1.73,0.0,0.0,0,0.0,-0.0
0,168,3.36,approach,0.01947,0.01852,0.00601,0.01242,0.012,-7.92,75.4,0.3098,0.025,0.81,1.457,0.0,0.0,0,0.0,-0.0
0,169,3.38,approach,0.01546,0.01361,0.00732,0.00966,0.012,-8.63,74.5,0.31,0.0251,0.744,1.73,0.0,0.0,0,0.0,-0.0
0,170,3.4,approach,0.01857,0.01688,0.00773,0.01129,0.012,-8.38,74.68,0.31,0.0253,0.726,1.73,0.0,0.0,0,0.0,-0.0
0,171,3.42,approach,0.02122,0.02016,0.00662,0.01241,0.012,-7.79,77.51,0.3101,0.0253,0.711,1.726,0.0,0.0,0,0.0,-0.0
0,172,3.44,approach,0.0227,0.02213,0.00504,0.01397,0.012,-7.88,77.56,0.3102,0.0253,0.699,1.73,0.0,0.0,0,0.0,-0.0
0,173,3.46,approach,0.02691,0.02633,0.00556,0.01819,0.012,-7.69,77.61,0.3103,0.0254,0.695,1.73,0.0,0.0,0,0.0,-0.0
0,174,3.48,approach,0.03071,0.03021,0.0055,0.02218,0.012,-7.55,78.11,0.3104,0.0254,0.702,1.73,0.0,0.0,0,0.0,-0.0
0,175,3.5,approach,0.02753,0.02668,0.00679,0.01855,0.012,-8.02,77.52,0.3106,0.0255,0.647,1.73,0.0,0.0,0,0.0,-0.0
0,176,3.52,approach,0.02849,0.02715,0.00864,0.01889,0.012,-7.87,77.79,0.3107,0.0255,0.593,1.73,0.0,0.0,0,0.0,-0.0
0,177,3.54,approach,0.02838,0.02731,0.00773,0.01927,0.012,-7.95,80.12,0.311,0.0255,0.577,1.73,0.0,0.0,0,0.0,-0.0
0,178,3.56,approach,0.03279,0.03174,0.00825,0.02353,0.012,-7.59,80.69,0.3111,0.0255,0.559,1.73,0.0,0.0,0,0.0,-0.0
0,179,3.58,approach,0.0355,0.03423,0.0094,0.02603,0.012,-7.49,80.61,0.3113,0.0255,0.534,1.73,0.0,0.0,0,0.0,-0.0
0,180,3.6,approach,0.03551,0.03346,0.0119,0.02554,0.012,-7.6,80.15,0.3116,0.0256,0.49,1.73,0.0,0.0,0,0.0,-0.0
0,181,3.62,approach,0.03408,0.0309,0.01438,0.02384,0.012,-7.96,78.53,0.3119,0.0256,0.436,1.73,0.0,0.0,0,0.0,-0.0
0,182,3.64,approach,0.03186,0.02797,0.01526,0.02213,0.012,-8.69,76.74,0.3122,0.0257,0.42,1.73,0.0,0.0,0,0.0,-0.0
0,183,3.66,approach,0.03273,0.02851,0.01608,0.02313,0.012,-8.88,76.28,0.3125,0.0257,0.412,1.73,0.0,0.0,0,0.0,-0.0
0,184,3.68,approach,0.03087,0.02558,0.01728,0.02122,0.012,-9.25,74.92,0.3128,0.0257,0.358,1.73,0.0,0.0,0,0.0,-0.0
0,185,3.7,approach,0.0285,0.02231,0.01773,0.01932,0.012,-9.77,74.57,0.3131,0.0257,0.318,1.73,0.0,0.0,0,0.0,-0.0
0,186,3.72,approach,0.028,0.02173,0.01766,0.01885,0.012,-9.98,74.95,0.3134,0.0257,0.303,1.73,0.0,0.0,0,0.0,-0.0
0,187,3.74,approach,0.02917,0.02365,0.01707,0.01952,0.012,-9.88,75.62,0.3137,0.0256,0.294,1.73,0.0,0.0,0,0.0,-0.0
0,188,3.76,approach,0.0281,0.02169,0.01786,0.01915,0.012,-10.35,74.24,0.314,0.0257,0.255,1.729,0.0,0.0,0,0.0,-0.0
0,189,3.78,approach,0.02649,0.01814,0.01931,0.0191,0.012,-11.26,69.93,0.3143,0.0258,0.23,1.73,0.0,0.0,0,0.0,-0.0
0,190,3.8,approach,0.02589,0.01624,0.02017,0.01937,0.012,-11.65,68.42,0.3146,0.0259,0.2,1.73,0.0,0.0,0,0.0,-0.0
0,191,3.82,approach,0.02485,0.01609,0.01894,0.01809,0.012,-11.88,68.23,0.3148,0.0259,0.199,1.73,0.0,0.0,0,0.0,-0.0
0,192,3.84,approach,0.02475,0.01688,0.0181,0.01775,0.012,-11.91,68.26,0.315,0.0258,0.183,1.73,0.0,0.0,0,0.0,-0.0
0,193,3.86,approach,0.0238,0.01742,0.01622,0.01612,0.012,-11.98,69.38,0.3151,0.0258,0.19,1.73,0.0,0.0,0,0.0,-0.0
0,194,3.88,approach,0.02229,0.01626,0.01525,0.01479,0.012,-12.31,69.68,0.3153,0.0258,0.179,1.73,0.0,0.0,0,0.0,-0.0
0,195,3.9,approach,0.02209,0.01619,0.01504,0.01407,0.012,-12.49,70.12,0.3154,0.0259,0.187,1.73,0.0,0.0,0,0.0,-0.0
0,196,3.92,approach,0.02286,0.01688,0.01542,0.01487,0.012,-12.42,71.52,0.3154,0.026,0.155,1.73,0.0,0.0,0,0.0,-0.0
0,197,3.94,approach,0.02209,0.01686,0.01428,0.01381,0.012,-12.56,72.07,0.3154,0.026,0.142,1.73,0.0,0.0,0,0.0,-0.0
0,198,3.96,approach,0.02431,0.02035,0.0133,0.01397,0.012,-12.04,74.85,0.3153,0.0261,0.148,1.73,0.0,0.0,0,0.0,-0.0
0,199,3.98,approach,0.02371,0.02025,0.01234,0.01334,0.012,-12.19,75.04,0.3153,0.0261,0.111,1.73,0.0,0.0,0,0.0,-0.0
0,200,4.0,approach,0.02202,0.01828,0.01229,0.01197,0.012,-12.64,74.7,0.3152,0.0262,0.1,1.73,0.0,0.0,0,0.0,-0.0
0,201,4.02,approach,0.02209,0.01774,0.01317,0.0126,0.012,-12.91,73.09,0.3151,0.0264,0.063,1.73,0.0,0.0,0,0.0,-0.0
0,202,4.04,approach,0.0252,0.02122,0.0136,0.0149,0.012,-12.42,73.25,0.3148,0.0265,0.014,1.73,0.0,0.0,0,0.0,-0.0
0,203,4.06,approach,0.02628,0.02354,0.01168,0.0153,0.012,-12.2,73.61,0.3146,0.0266,0.005,1.73,0.0,0.0,0,0.0,-0.0
0,204,4.08,approach,0.02887,0.02607,0.01239,0.01847,0.012,-12.41,71.32,0.3145,0.0268,0.002,1.675,0.0,0.0,0,0.0,-0.0
0,205,4.1,approach,0.02768,0.02344,0.01473,0.01787,0.012,-13.19,66.9,0.3145,0.027,-0.06,1.73,0.0,0.0,0,0.0,-0.0
0,206,4.12,approach,0.02745,0.02213,0.01623,0.01789,0.012,-13.23,66.88,0.3145,0.0271,-0.13,1.73,0.0,0.0,0,0.0,-0.0
0,207,4.14,approach,0.02696,0.02302,0.01404,0.01646,0.012,-13.14,70.28,0.3144,0.0271,-0.143,1.538,0.0,0.0,0,0.0,-0.0
0,208,4.16,approach,0.02935,0.02615,0.01331,0.01822,0.012,-12.83,72.12,0.3143,0.0272,-0.158,1.73,0.0,0.0,0,0.0,-0.0
0,209,4.18,approach,0.02998,0.02631,0.01436,0.01921,0.012,-13.09,71.95,0.3143,0.0274,-0.202,1.73,0.0,0.0,0,0.0,-0.0
0,210,4.2,approach,0.02962,0.02462,0.01647,0.01946,0.012,-13.47,71.16,0.3144,0.0276,-0.265,1.73,0.0,0.0,0,0.0,-0.0
0,211,4.22,approach,0.03154,0.02628,0.01744,0.02138,0.012,-13.46,70.15,0.3145,0.0278,-0.294,1.73,0.0,0.0,0,0.0,-0.0
0,212,4.24,approach,0.03336,0.02822,0.0178,0.02278,0.012,-13.25,70.16,0.3145,0.0279,-0.332,1.73,0.0,0.0,0,0.0,-0.0
0,213,4.26,approach,0.0349,0.0296,0.01848,0.02421,0.012,-13.19,70.25,0.3145,0.028,-0.36,1.73,0.0,0.0,0,0.0,-0.0
0,214,4.28,approach,0.03564,0.03062,0.01825,0.02511,0.012,-13.36,71.25,0.3146,0.0281,-0.365,1.73,0.0,0.0,0,0.0,-0.0
0,215,4.3,approach,0.03663,0.03275,0.0164,0.02648,0.012,-13.77,71.4,0.3148,0.0282,-0.356,1.73,0.0,0.0,0,0.0,-0.0
0,216,4.32,approach,0.03431,0.0304,0.01592,0.02388,0.012,-14.29,70.76,0.3149,0.0282,-0.414,1.73,0.0,0.0,0,0.0,-0.0
0,217,4.34,approach,0.03308,0.0292,0.01554,0.02264,0.012,-14.66,70.67,0.3151,0.0283,-0.449,1.73,0.0,0.0,0,0.0,-0.0
0,218,4.36,approach,0.03262,0.0288,0.01531,0.02255,0.012,-14.94,71.43,0.3153,0.0284,-0.469,1.73,0.0,0.0,0,0.0,-0.0
0,219,4.38,approach,0.03314,0.0297,0.01469,0.02332,0.012,-15.17,71.63,0.3155,0.0285,-0.484,1.73,0.0,0.0,0,0.0,-0.0
0,220,4.4,approach,0.03321,0.03011,0.01402,0.02357,0.012,-15.33,72.11,0.3157,0.0285,-0.512,1.73,0.0,0.0,0,0.0,-0.0
0,221,4.42,approach,0.03282,0.02974,0.01389,0.02343,0.012,-15.63,72.09,0.3159,0.0286,-0.535,1.73,0.0,0.0,0,0.0,-0.0
0,222,4.44,approach,0.03215,0.02878,0.01432,0.023,0.012,-15.87,72.15,0.3161,0.0287,-0.566,1.73,0.0,0.0,0,0.0,-0.0
0,223,4.46,approach,0.03242,0.02863,0.0152,0.02327,0.012,-15.77,72.56,0.3162,0.0289,-0.604,1.73,0.0,0.0,0,0.0,-0.0
0,224,4.48,settle,0.03533,0.0317,0.0156,0.02683,0.012,-15.83,72.45,0.3164,0.0291,-0.599,1.73,0.0,0.0,0,0.0,-0.0
0,225,4.5,settle,0.03319,0.02968,0.01485,0.02603,0.012,-16.38,73.44,0.3166,0.0292,-0.613,1.73,0.0,0.0,0,0.0,-0.0
0,226,4.52,settle,0.02821,0.02409,0.01467,0.02199,0.012,-17.08,72.83,0.3169,0.0294,-0.661,1.73,0.0,0.0,0,0.0,-0.0
0,227,4.54,settle,0.02453,0.01969,0.01464,0.01944,0.012,-17.53,71.96,0.3172,0.0295,-0.698,1.73,0.0,0.0,0,0.0,-0.0
0,228,4.56,settle,0.02242,0.01758,0.01391,0.01911,0.012,-18.08,71.23,0.3176,0.0297,-0.708,1.73,0.0,0.0,0,0.0,-0.0
0,229,4.58,settle,0.01805,0.01256,0.01296,0.01687,0.012,-18.89,70.33,0.3179,0.0299,-0.744,1.73,0.0,0.0,0,0.0,-0.0
0,230,4.6,settle,0.01422,0.00626,0.01277,0.01387,0.012,-19.16,69.97,0.3182,0.03,-0.798,1.73,0.0,0.0,0,0.0,-0.0
0,231,4.62,settle,0.01357,0.00558,0.01237,0.01311,0.012,-18.8,70.1,0.3185,0.0302,-0.808,1.73,0.0,0.0,0,0.0,-0.0
0,232,4.64,settle,0.01299,0.00556,0.01175,0.0143,0.012,-19.05,69.75,0.3187,0.0304,-0.797,1.73,0.0,0.0,0,0.0,-0.0
0,233,4.66,settle,0.01207,0.00488,0.01104,0.01554,0.012,-19.42,69.35,0.3189,0.0306,-0.806,1.73,0.0,0.0,0,0.0,-0.0
0,234,4.68,settle,0.0108,0.00251,0.0105,0.01539,0.012,-19.64,69.13,0.319,0.0307,-0.836,1.73,0.0,0.0,0,0.0,-0.0
0,235,4.7,settle,0.0121,0.00575,0.01065,0.01614,0.012,-19.64,69.14,0.319,0.0309,-0.884,1.73,0.0,0.0,0,0.0,-0.0
0,236,4.72,settle,0.01203,0.00397,0.01136,0.01477,0.012,-18.9,69.65,0.319,0.0311,-0.877,1.73,0.0,0.0,0,0.0,-0.0
0,237,4.74,settle,0.01322,0.00505,0.01222,0.01487,0.012,-18.51,69.97,0.319,0.0313,-0.89,1.73,0.0,0.0,0,0.0,-0.0
0,238,4.76,settle,0.01214,0.00319,0.01172,0.01314,0.012,-18.32,70.16,0.3189,0.0315,-0.874,1.73,0.0,0.0,0,0.0,-0.0
0,239,4.78,settle,0.01201,0.00555,0.01065,0.01312,0.012,-18.53,70.12,0.3189,0.0316,-0.892,1.73,0.0,0.0,0,0.0,-0.0
0,240,4.8,settle,0.01213,0.00758,0.00947,0.0144,0.012,-18.77,69.98,0.3188,0.0317,-0.911,1.73,0.0,0.0,0,0.0,-0.0
0,241,4.82,settle,0.01033,0.00598,0.00842,0.01413,0.012,-18.9,69.87,0.3187,0.0318,-0.897,1.73,0.0,0.0,0,0.0,-0.0
0,242,4.84,settle,0.01032,0.00714,0.00745,0.01466,0.012,-18.96,69.85,0.3185,0.0319,-0.907,1.73,0.0,0.0,0,0.0,-0.0
0,243,4.86,settle,0.01053,0.00802,0.00683,0.01474,0.012,-18.9,69.93,0.3183,0.032,-0.916,1.73,0.0,0.0,0,0.0,-0.0
0,244,4.88,settle,0.01171,0.00963,0.00665,0.01565,0.012,-18.89,69.98,0.3181,0.0321,-0.929,1.73,0.0,0.0,0,0.0,-0.0
0,245,4.9,settle,0.01534,0.01358,0.00713,0.01815,0.012,-18.75,70.14,0.3179,0.0323,-0.971,1.73,0.0,0.0,0,0.0,-0.0
0,246,4.92,settle,0.01433,0.01241,0.00717,0.01667,0.012,-18.09,70.61,0.3177,0.0324,-0.981,1.73,0.0,0.0,0,0.0,-0.0
0,247,4.94,settle,0.0111,0.00927,0.00611,0.01473,0.012,-17.73,70.81,0.3175,0.0325,-0.976,1.73,0.0,0.0,0,0.0,-0.0
0,248,4.96,settle,0.00773,0.00624,0.00456,0.0127,0.012,-17.47,70.99,0.3173,0.0325,-0.971,1.73,0.0,0.0,0,0.0,-0.0
0,249,4.98,settle,0.00824,0.00655,0.00501,0.00771,0.012,-16.47,71.89,0.3171,0.0326,-0.977,1.73,0.0,0.0,0,0.0,-0.0
0,250,5.0,settle,0.00858,0.00677,0.00527,0.00737,0.012,-16.41,72.05,0.3169,0.0327,-0.989,1.73,0.0,0.0,0,0.0,-0.0
0,251,5.02,settle,0.00663,0.00378,0.00544,0.00867,0.012,-16.73,71.87,0.3169,0.0329,-0.984,1.73,0.0,0.0,0,0.0,-0.0
0,252,5.04,settle,0.00537,0.00303,0.00443,0.01057,0.012,-17.09,71.57,0.3168,0.0329,-0.997,1.73,0.0,0.0,0,0.0,-0.0
0,253,5.06,settle,0.0041,0.00283,0.00296,0.01089,0.012,-17.15,71.49,0.3167,0.033,-0.996,1.73,0.0,0.0,0,0.0,-0.0
0,254,5.08,settle,0.00598,0.00542,0.00253,0.01277,0.012,-17.4,71.31,0.3166,0.033,-1.011,1.73,0.0,0.0,0,0.0,-0.0
0,255,5.1,settle,0.007,0.00599,0.00363,0.01234,0.012,-17.11,71.53,0.3165,0.0331,-1.02,1.73,0.0,0.0,0,0.0,-0.0
0,256,5.12,settle,0.00621,0.00448,0.0043,0.01077,0.012,-16.85,71.72,0.3164,0.0332,-1.002,1.73,0.0,0.0,0,0.0,-0.0
0,257,5.14,settle,0.00767,0.0066,0.00391,0.01215,0.012,-17.0,71.63,0.3163,0.0332,-1.012,1.73,0.0,0.0,0,0.0,-0.0
0,258,5.16,settle,0.00862,0.00782,0.00361,0.01294,0.012,-16.89,71.71,0.3162,0.0332,-1.02,1.73,0.0,0.0,0,0.0,-0.0
0,259,5.18,settle,0.00599,0.00514,0.00307,0.01224,0.012,-16.84,71.66,0.3161,0.0332,-0.995,1.73,0.0,0.0,0,0.0,-0.0
0,260,5.2,settle,0.0063,0.00578,0.00251,0.01315,0.012,-16.96,71.56,0.3161,0.0331,-0.993,1.73,0.0,0.0,0,0.0,-0.0
0,261,5.22,settle,0.00654,0.00631,0.00172,0.01381,0.012,-17.05,71.49,0.316,0.033,-0.987,1.73,0.0,0.0,0,0.0,-0.0
0,262,5.24,settle,0.0082,0.00811,0.00122,0.01523,0.012,-17.17,71.39,0.3159,0.0329,-0.986,1.73,0.0,0.0,0,0.0,-0.0
0,263,5.26,settle,0.00759,0.00756,0.00068,0.01567,0.012,-17.3,71.25,0.3159,0.0328,-0.964,1.73,0.0,0.0,0,0.0,-0.0
0,264,5.28,settle,0.00757,0.00754,0.00069,0.01514,0.012,-17.2,71.36,0.3157,0.0327,-0.95,1.73,0.0,0.0,0,0.0,-0.0
0,265,5.3,settle,0.00933,0.00931,0.00061,0.01568,0.012,-17.13,71.45,0.3156,0.0326,-0.949,1.73,0.0,0.0,0,0.0,-0.0
0,266,5.32,settle,0.00976,0.00974,0.00061,0.01608,0.012,-17.14,71.45,0.3154,0.0324,-0.937,1.73,0.0,0.0,0,0.0,-0.0
0,267,5.34,settle,0.01035,0.01034,0.00042,0.01658,0.012,-17.1,71.47,0.3153,0.0322,-0.929,1.73,0.0,0.0,0,0.0,-0.0
0,268,5.36,settle,0.01149,0.01149,0.00016,0.01724,0.012,-16.97,71.58,0.3151,0.0321,-0.932,1.73,0.0,0.0,0,0.0,-0.0
0,269,5.38,settle,0.01047,0.01045,-0.00053,0.01738,0.012,-17.04,71.48,0.315,0.0319,-0.912,1.73,0.0,0.0,0,0.0,-0.0
0,270,5.4,settle,0.00942,0.0094,0.00062,0.0137,0.012,-16.24,72.2,0.3148,0.0317,-0.905,1.73,0.0,0.0,0,0.0,-0.0
0,271,5.42,settle,0.00813,0.00809,0.00083,0.01195,0.012,-16.11,72.37,0.3146,0.0315,-0.882,1.73,0.0,0.0,0,0.0,-0.0
0,272,5.44,settle,0.00706,0.00698,0.00104,0.01217,0.012,-16.29,72.33,0.3145,0.0312,-0.868,1.73,0.0,0.0,0,0.0,-0.0
0,273,5.46,settle,0.0055,0.00548,0.00049,0.01254,0.012,-16.49,72.21,0.3144,0.031,-0.847,1.73,0.0,0.0,0,0.0,-0.0
0,274,5.48,settle,0.00704,0.00704,-0.00024,0.0142,0.012,-16.69,72.04,0.3143,0.0308,-0.848,1.73,0.0,0.0,0,0.0,-0.0
0,275,5.5,settle,0.0068,0.00675,-0.00078,0.01481,0.012,-16.73,71.95,0.3142,0.0305,-0.836,1.73,0.0,0.0,0,0.0,-0.0
0,276,5.52,settle,0.00622,0.00608,-0.00133,0.01509,0.012,-16.82,71.84,0.314,0.0303,-0.816,1.73,0.0,0.0,0,0.0,-0.0
0,277,5.54,settle,0.00732,0.0072,-0.00136,0.01509,0.012,-16.73,71.94,0.3139,0.03,-0.814,1.73,0.0,0.0,0,0.0,-0.0
0,278,5.56,settle,0.00719,0.00706,-0.00136,0.01511,0.012,-16.76,71.92,0.3138,0.0298,-0.797,1.73,0.0,0.0,0,0.0,-0.0
0,279,5.58,settle,0.00715,0.00703,-0.0013,0.01506,0.012,-16.75,71.92,0.3136,0.0295,-0.78,1.73,0.0,0.0,0,0.0,-0.0
0,280,5.6,settle,0.00819,0.00806,-0.00147,0.01533,0.012,-16.7,71.98,0.3134,0.0292,-0.772,1.73,0.0,0.0,0,0.0,-0.0
0,281,5.62,settle,0.00868,0.00856,-0.00139,0.01548,0.012,-16.69,72.01,0.3132,0.0289,-0.76,1.73,0.0,0.0,0,0.0,-0.0
0,282,5.64,settle,0.00899,0.0089,-0.00133,0.01574,0.012,-16.69,72.01,0.313,0.0286,-0.747,1.73,0.0,0.0,0,0.0,-0.0
0,283,5.66,settle,0.00969,0.00958,-0.00145,0.01616,0.012,-16.63,72.06,0.3128,0.0283,-0.742,1.73,0.0,0.0,0,0.0,-0.0
0,284,5.68,settle,0.01013,0.00994,-0.00192,0.01683,0.012,-16.62,72.05,0.3126,0.028,-0.735,1.73,0.0,0.0,0,0.0,-0.0
0,285,5.7,settle,0.01003,0.00971,-0.00252,0.01729,0.012,-16.59,72.03,0.3124,0.0277,-0.725,1.73,0.0,0.0,0,0.0,-0.0
0,286,5.72,settle,0.00914,0.00857,-0.00317,0.01723,0.012,-16.55,72.02,0.3122,0.0273,-0.709,1.73,0.0,0.0,0,0.0,-0.0
0,287,5.74,settle,0.00794,0.00699,-0.00377,0.01675,0.012,-16.53,72.03,0.3121,0.027,-0.685,1.73,0.0,0.0,0,0.0,-0.0
0,288,5.76,settle,0.00901,0.00815,-0.00383,0.01715,0.012,-16.52,72.09,0.3119,0.0267,-0.68,1.73,0.0,0.0,0,0.0,-0.0
0,289,5.78,settle,0.00854,0.00756,-0.00399,0.01732,0.012,-16.61,72.0,0.3117,0.0264,-0.658,1.73,0.0,0.0,0,0.0,-0.0
0,290,5.8,settle,0.00787,0.00693,-0.00372,0.01654,0.012,-16.52,72.11,0.3115,0.0261,-0.639,1.73,0.0,0.0,0,0.0,-0.0
0,291,5.82,settle,0.00872,0.00801,-0.00346,0.0165,0.012,-16.44,72.22,0.3113,0.0258,-0.633,1.73,0.0,0.0,0,0.0,-0.0
0,292,5.84,settle,0.00873,0.00799,-0.00352,0.0169,0.012,-16.54,72.14,0.3112,0.0255,-0.614,1.73,0.0,0.0,0,0.0,-0.0
0,293,5.86,settle,0.0084,0.00766,-0.00345,0.01666,0.012,-16.5,72.18,0.311,0.0252,-0.597,1.73,0.0,0.0,0,0.0,-0.0
0,294,5.88,settle,0.00872,0.00798,-0.00352,0.01661,0.012,-16.45,72.24,0.3109,0.0249,-0.586,1.73,0.0,0.0,0,0.0,-0.0
0,295,5.9,settle,0.00925,0.00854,-0.00355,0.01704,0.012,-16.45,72.24,0.3107,0.0246,-0.575,1.73,0.0,0.0,0,0.0,-0.0
0,296,5.92,settle,0.01011,0.00947,-0.00353,0.01785,0.012,-16.41,72.25,0.3106,0.0243,-0.573,1.73,0.0,0.0,0,0.0,-0.0
0,297,5.94,settle,0.00857,0.00762,-0.00392,0.01725,0.012,-16.26,72.3,0.3105,0.0241,-0.554,1.73,0.0,0.0,0,0.0,-0.0
0,298,5.96,settle,0.00744,0.0065,-0.00363,0.01525,0.012,-15.91,72.65,0.3103,0.0238,-0.542,1.73,0.0,0.0,0,0.0,-0.0
0,299,5.98,settle,0.00659,0.00582,-0.00311,0.01292,0.012,-15.53,73.03,0.3102,0.0236,-0.525,1.73,0.0,0.0,0,0.0,-0.0
0,300,6.0,settle,0.00534,0.00471,-0.00251,0.0119,0.012,-15.5,73.09,0.3102,0.0233,-0.502,1.73,0.0,0.0,0,0.0,-0.0
0,301,6.02,settle,0.00501,0.00486,-0.0012,0.00884,0.012,-14.99,73.56,0.3102,0.0231,-0.488,1.73,0.0,0.0,0,0.0,-0.0
0,302,6.04,settle,0.00339,0.00337,-0.00043,0.00848,0.012,-15.09,73.49,0.3103,0.023,-0.464,1.73,0.0,0.0,0,0.0,-0.0
0,303,6.06,settle,0.00138,0.00138,5e-05,0.01013,0.012,-15.46,73.25,0.3104,0.0228,-0.461,1.73,0.0,0.0,0,0.0,-0.0
0,304,6.08,settle,0.00158,0.00154,-0.00038,0.01203,0.012,-15.77,72.96,0.3105,0.0227,-0.442,1.73,0.0,0.0,0,0.0,-0.0
0,305,6.1,settle,0.00197,0.0017,-0.001,0.01337,0.012,-16.05,72.7,0.3106,0.0225,-0.444,1.73,0.0,0.0,0,0.0,-0.0
0,306,6.12,settle,0.00305,0.00268,-0.00145,0.01444,0.012,-16.21,72.49,0.3107,0.0224,-0.421,1.73,0.0,0.0,0,0.0,-0.0
0,307,6.14,settle,0.00232,0.00214,-0.0009,0.01378,0.012,-16.16,72.52,0.3108,0.0223,-0.415,1.73,0.0,0.0,0,0.0,-0.0
0,308,6.16,settle,0.00232,0.00227,-0.00046,0.01355,0.012,-16.16,72.5,0.3109,0.0222,-0.403,1.73,0.0,0.0,0,0.0,-0.0
0,309,6.18,settle,0.00265,0.00264,-0.00019,0.01366,0.012,-16.21,72.43,0.3111,0.0222,-0.386,1.73,0.0,0.0,0,0.0,-0.0
0,310,6.2,settle,0.00332,0.0033,-0.00026,0.01381,0.012,-16.25,72.38,0.3111,0.0221,-0.372,1.73,0.0,0.0,0,0.0,-0.0
0,311,6.22,settle,0.00406,0.00402,-0.00058,0.0143,0.012,-16.34,72.29,0.3112,0.022,-0.354,1.73,0.0,0.0,0,0.0,-0.0
0,312,6.24,settle,0.00482,0.00472,-0.001,0.0149,0.012,-16.44,72.18,0.3113,0.0219,-0.334,1.73,0.0,0.0,0,0.0,-0.0
0,313,6.26,settle,0.00553,0.00531,-0.00156,0.01551,0.012,-16.53,72.08,0.3113,0.0218,-0.313,1.73,0.0,0.0,0,0.0,-0.0
0,314,6.28,settle,0.00627,0.0059,-0.00212,0.01617,0.012,-16.63,71.99,0.3114,0.0217,-0.291,1.73,0.0,0.0,0,0.0,-0.0
0,315,6.3,settle,0.00673,0.00621,-0.0026,0.01665,0.012,-16.7,71.91,0.3114,0.0216,-0.267,1.73,0.0,0.0,0,0.0,-0.0
0,316,6.32,settle,0.00728,0.00673,-0.00279,0.01686,0.012,-16.72,71.9,0.3113,0.0215,-0.248,1.73,0.0,0.0,0,0.0,-0.0
0,317,6.34,settle,0.00855,0.00809,-0.00275,0.0174,0.012,-16.67,71.95,0.3113,0.0214,-0.242,1.73,0.0,0.0,0,0.0,-0.0
0,318,6.36,settle,0.00917,0.0087,-0.00289,0.01802,0.012,-16.64,71.94,0.3113,0.0213,-0.233,1.73,0.0,0.0,0,0.0,-0.0
0,319,6.38,settle,0.0055,0.00509,-0.00208,0.01355,0.012,-15.67,72.71,0.3112,0.0213,-0.212,1.73,0.0,0.0,0,0.0,-0.0
0,320,6.4,settle,0.00262,0.00122,-0.00231,0.01221,0.012,-15.37,72.99,0.3112,0.0212,-0.178,1.73,0.0,0.0,0,0.0,-0.0
0,321,6.42,settle,0.00249,0.00114,-0.00221,0.01325,0.012,-15.64,72.87,0.3112,0.0212,-0.162,1.73,0.0,0.0,0,0.0,-0.0
0,322,6.44,settle,0.0035,0.00241,-0.00254,0.01458,0.012,-15.88,72.68,0.3113,0.0211,-0.144,1.73,0.0,0.0,0,0.0,-0.0
0,323,6.46,settle,0.00469,0.0036,-0.003,0.01579,0.012,-16.08,72.48,0.3113,0.0211,-0.137,1.73,0.0,0.0,0,0.0,-0.0
0,324,6.48,enter,0.0058,0.00469,-0.00341,0.01706,0.012,-16.28,72.25,0.3113,0.0211,-0.112,1.73,0.0,0.0,0,0.0,-0.0
0,325,6.5,enter,0.00554,0.00397,-0.00386,0.01656,0.012,-16.18,72.35,0.3113,0.0211,-0.097,1.73,0.0,0.0,0,0.0,-0.0
0,326,6.52,enter,0.00628,0.00459,-0.00428,0.01664,0.012,-16.15,72.39,0.3113,0.0212,-0.092,1.73,0.0,0.0,0,0.0,-0.0
0,327,6.54,enter,0.00724,0.00512,-0.00512,0.01801,0.012,-16.35,72.16,0.3114,0.0212,-0.059,1.73,0.0,0.0,0,0.0,-0.0
0,328,6.56,enter,0.00704,0.00482,-0.00514,0.01726,0.012,-16.21,72.31,0.3113,0.0213,-0.048,1.73,0.0,0.0,0,0.0,-0.0
0,329,6.58,enter,0.00803,0.00534,-0.006,0.01783,0.012,-16.23,72.3,0.3113,0.0213,-0.029,1.73,0.0,0.0,0,0.0,-0.0
0,330,6.6,enter,0.00901,0.00595,-0.00676,0.01891,0.012,-16.37,72.16,0.3113,0.0213,-0.004,1.73,0.0,0.0,0,0.0,-0.0
0,331,6.62,enter,0.00929,0.00582,-0.00724,0.01901,0.012,-16.35,72.18,0.3112,0.0213,0.02,1.73,0.0,0.0,0,0.0,-0.0
0,332,6.64,enter,0.00953,0.00575,-0.0076,0.01876,0.012,-16.25,72.3,0.3111,0.0214,0.04,1.73,0.0,0.0,0,0.0,-0.0
0,333,6.66,enter,0.01043,0.00657,-0.0081,0.0196,0.012,-16.34,72.23,0.311,0.0214,0.059,1.73,0.0,0.0,0,0.0,-0.0
0,334,6.68,enter,0.01093,0.00714,-0.00828,0.02016,0.012,-16.4,72.18,0.3109,0.0214,0.078,1.73,0.0,0.0,0,0.0,-0.0
0,335,6.7,enter,0.01198,0.00843,-0.00852,0.02082,0.012,-16.31,72.25,0.3108,0.0214,0.08,1.73,0.0,0.0,0,0.0,-0.0
0,336,6.72,enter,0.01258,0.00861,-0.00917,0.0217,0.012,-16.28,72.21,0.3107,0.0215,0.093,1.73,0.0,0.0,0,0.0,-0.0
0,337,6.74,enter,0.00988,0.00478,-0.00865,0.01798,0.012,-15.32,72.99,0.3105,0.0215,0.109,1.73,0.0,0.0,0,0.0,-0.0
0,338,6.76,enter,0.00936,0.00168,-0.0092,0.01769,0.012,-15.09,73.11,0.3104,0.0216,0.154,1.73,0.0,0.0,0,0.0,-0.0
0,339,6.78,enter,0.0106,0.00451,-0.00959,0.02005,0.012,-15.64,72.67,0.3104,0.0216,0.165,1.73,0.0,0.0,0,0.0,-0.0
0,340,6.8,enter,0.00946,0.00363,-0.00873,0.01871,0.012,-15.43,72.87,0.3104,0.0217,0.188,1.73,0.0,0.0,0,0.0,-0.0
0,341,6.82,enter,0.00895,0.00324,-0.00835,0.01821,0.012,-15.43,72.92,0.3104,0.0218,0.2,1.73,0.0,0.0,0,0.0,-0.0
0,342,6.84,enter,0.00984,0.00495,-0.0085,0.01961,0.012,-15.69,72.66,0.3104,0.0219,0.227,1.73,0.0,0.0,0,0.0,-0.0
0,343,6.86,enter,0.0092,0.00476,-0.00787,0.01909,0.012,-15.69,72.69,0.3105,0.022,0.241,1.73,0.0,0.0,0,0.0,-0.0
0,344,6.88,enter,0.009,0.00454,-0.00777,0.01883,0.012,-15.68,72.7,0.3105,0.0221,0.264,1.73,0.0,0.0,0,0.0,-0.0
0,345,6.9,enter,0.00913,0.00496,-0.00766,0.01908,0.012,-15.78,72.62,0.3105,0.0222,0.289,1.73,0.0,0.0,0,0.0,-0.0
0,346,6.92,enter,0.00873,0.00493,-0.00721,0.01869,0.012,-15.83,72.61,0.3106,0.0223,0.312,1.73,0.0,0.0,0,0.0,-0.0
0,347,6.94,enter,0.00837,0.00484,-0.00684,0.01816,0.012,-15.84,72.64,0.3106,0.0224,0.335,1.73,0.0,0.0,0,0.0,-0.0
0,348,6.96,enter,0.00849,0.00522,-0.0067,0.01815,0.012,-15.9,72.61,0.3106,0.0225,0.36,1.73,0.0,0.0,0,0.0,-0.0
0,349,6.98,enter,0.00894,0.00593,-0.00668,0.01848,0.012,-15.98,72.55,0.3106,0.0225,0.383,1.73,0.0,0.0,0,0.0,-0.0
0,350,7.0,enter,0.00883,0.00576,-0.00669,0.01824,0.012,-15.95,72.59,0.3106,0.0226,0.41,1.73,0.0,0.0,0,0.0,-0.0
0,351,7.02,enter,0.00896,0.00565,-0.00696,0.01831,0.012,-15.96,72.6,0.3105,0.0227,0.438,1.73,0.0,0.0,0,0.0,-0.0
0,352,7.04,enter,0.00935,0.00584,-0.0073,0.01871,0.012,-16.01,72.55,0.3105,0.0227,0.464,1.73,0.0,0.0,0,0.0,-0.0
0,353,7.06,enter,0.00941,0.00577,-0.00744,0.01884,0.012,-16.04,72.54,0.3104,0.0228,0.491,1.73,0.0,0.0,0,0.0,-0.0
0,354,7.08,enter,0.00938,0.00546,-0.00763,0.01881,0.012,-16.04,72.56,0.3104,0.0228,0.518,1.73,0.0,0.0,0,0.0,-0.0
0,355,7.1,enter,0.00937,0.00514,-0.00784,0.01883,0.012,-16.04,72.58,0.3103,0.0229,0.545,1.73,0.0,0.0,0,0.0,-0.0
0,356,7.12,enter,0.00933,0.00483,-0.00798,0.01878,0.012,-16.03,72.6,0.3102,0.0229,0.572,1.73,0.0,0.0,0,0.0,-0.0
0,357,7.14,enter,0.0092,0.0045,-0.00803,0.01863,0.012,-16.0,72.64,0.3102,0.023,0.598,1.73,0.0,0.0,0,0.0,-0.0
0,358,7.16,enter,0.00923,0.00441,-0.00811,0.01866,0.012,-16.0,72.66,0.3101,0.0231,0.623,1.73,0.0,0.0,0,0.0,-0.0
0,359,7.18,enter,0.00919,0.00423,-0.00816,0.01858,0.012,-15.98,72.69,0.31,0.0231,0.648,1.73,0.0,0.0,0,0.0,-0.0
0,360,7.2,enter,0.00938,0.00456,-0.0082,0.01876,0.012,-16.0,72.69,0.31,0.0232,0.667,1.73,0.0,0.0,0,0.0,-0.0
0,361,7.22,enter,0.00968,0.00515,-0.0082,0.01898,0.012,-15.93,72.74,0.3099,0.0233,0.676,1.73,0.0,0.0,0,0.0,-0.0
0,362,7.24,enter,0.01025,0.00582,-0.00843,0.01963,0.012,-15.9,72.74,0.3098,0.0233,0.685,1.73,0.0,0.0,0,0.0,-0.0
0,363,7.26,enter,0.00799,0.00155,-0.00784,0.01612,0.012,-14.9,73.53,0.3097,0.0234,0.704,1.73,0.0,0.0,0,0.0,-0.0
0,364,7.28,enter,0.01047,0.00471,-0.00936,0.01782,0.012,-14.64,73.6,0.3097,0.0235,0.765,1.73,0.0,0.0,0,0.0,-0.0
0,365,7.3,enter,0.01019,0.00512,-0.00881,0.01808,0.012,-14.93,73.44,0.3098,0.0235,0.787,1.73,0.0,0.0,0,0.0,-0.0
0,366,7.32,enter,0.00861,0.00354,-0.00784,0.01727,0.012,-15.05,73.4,0.3098,0.0236,0.788,1.73,0.0,0.0,0,0.0,-0.0
0,367,7.34,enter,0.00915,0.00484,-0.00776,0.01821,0.012,-15.22,73.23,0.3099,0.0237,0.82,1.73,0.0,0.0,0,0.0,-0.0
0,368,7.36,enter,0.00838,0.0041,-0.00731,0.01749,0.012,-15.18,73.29,0.3099,0.0238,0.84,1.73,0.0,0.0,0,0.0,-0.0
0,369,7.38,enter,0.00821,0.00394,-0.0072,0.01716,0.012,-15.23,73.28,0.31,0.0239,0.872,1.73,0.0,0.0,0,0.0,-0.0
0,370,7.4,enter,0.00757,0.00335,-0.00679,0.01693,0.012,-15.63,73.04,0.31,0.024,0.909,1.73,0.0,0.0,0,0.0,-0.0
0,371,7.42,enter,0.00657,0.00187,-0.0063,0.01437,0.012,-15.27,73.46,0.31,0.024,0.911,1.73,0.0,0.0,0,0.0,-0.0
0,372,7.44,enter,0.00705,0.0041,-0.00574,0.01098,0.012,-14.26,74.28,0.31,0.024,0.951,1.73,0.0,0.0,0,0.0,-0.0
0,373,7.46,enter,0.00653,0.00459,-0.00465,0.01074,0.012,-14.27,74.28,0.3101,0.0241,0.995,1.73,0.0,0.0,0,0.0,-0.0
0,374,7.48,enter,0.00616,0.00441,-0.0043,0.01263,0.012,-14.63,73.94,0.3103,0.0242,1.023,1.73,0.0,0.0,0,0.0,-0.0
0,375,7.5,enter,0.00698,0.00502,-0.00485,0.01457,0.012,-15.13,73.52,0.3104,0.0243,1.058,1.73,0.0,0.0,0,0.0,-0.0
0,376,7.52,enter,0.00564,0.00311,-0.00471,0.01256,0.012,-15.09,73.66,0.3105,0.0243,1.065,1.73,0.0,0.0,0,0.0,-0.0
0,377,7.54,enter,0.00489,0.00126,-0.00473,0.01279,0.012,-15.25,73.54,0.3106,0.0244,1.075,1.73,0.0,0.0,0,0.0,-0.0
0,378,7.56,enter,0.00561,0.00281,-0.00486,0.01526,0.012,-15.65,73.12,0.3107,0.0245,1.111,1.73,0.0,0.0,0,0.0,-0.0
0,379,7.58,enter,0.00542,0.00308,-0.00446,0.01504,0.012,-15.62,73.14,0.3108,0.0246,1.136,1.73,0.0,0.0,0,0.0,-0.0
0,380,7.6,enter,0.0053,0.00192,-0.00494,0.01459,0.012,-15.56,73.2,0.3109,0.0246,1.149,1.73,0.0,0.0,0,0.0,-0.0
0,381,7.62,enter,0.00643,0.00276,-0.00581,0.01613,0.012,-15.78,72.98,0.311,0.0247,1.175,1.73,0.0,0.0,0,0.0,-0.0
0,382,7.64,enter,0.00672,0.0034,-0.0058,0.01673,0.012,-15.88,72.87,0.311,0.0248,1.202,1.73,0.0,0.0,0,0.0,-0.0
0,383,7.66,enter,0.00654,0.00295,-0.00584,0.01642,0.012,-15.82,72.92,0.3111,0.0249,1.224,1.73,0.0,0.0,0,0.0,-0.0
0,384,7.68,enter,0.00674,0.00252,-0.00625,0.01654,0.012,-15.85,72.92,0.3111,0.0249,1.238,1.73,0.0,0.0,0,0.0,-0.0
0,385,7.7,enter,0.00801,0.00372,-0.00709,0.01803,0.012,-16.04,72.72,0.3112,0.025,1.27,1.73,0.0,0.0,0,0.0,-0.0
0,386,7.72,enter,0.00902,0.00465,-0.00773,0.01916,0.012,-16.17,72.58,0.3112,0.0251,1.299,1.73,0.0,0.0,0,0.0,-0.0
0,387,7.74,enter,0.00916,0.00424,-0.00812,0.0191,0.012,-16.12,72.63,0.3112,0.0252,1.322,1.73,0.0,0.0,0,0.0,-0.0
0,388,7.76,enter,0.00936,0.00395,-0.00849,0.0192,0.012,-16.11,72.66,0.3112,0.0252,1.337,1.73,0.0,0.0,0,0.0,-0.0
0,389,7.78,enter,0.00995,0.00462,-0.00881,0.01996,0.012,-16.19,72.57,0.3112,0.0253,1.364,1.73,0.0,0.0,0,0.0,-0.0
0,390,7.8,enter,0.01012,0.00474,-0.00894,0.02018,0.012,-16.19,72.57,0.3112,0.0254,1.388,1.73,0.0,0.0,0,0.0,-0.0
0,391,7.82,enter,0.01031,0.0046,-0.00922,0.02027,0.012,-16.17,72.6,0.3111,0.0255,1.402,1.73,0.0,0.0,0,0.0,-0.0
0,392,7.84,enter,0.01068,0.00496,-0.00946,0.02066,0.012,-16.15,72.62,0.3111,0.0256,1.412,1.73,0.0,0.0,0,0.0,-0.0
0,393,7.86,enter,0.01167,0.00615,-0.00992,0.02171,0.012,-16.13,72.6,0.3111,0.0257,1.41,1.73,0.0,0.0,0,0.0,-0.0
0,394,7.88,enter,0.01292,0.0071,-0.0108,0.02321,0.012,-16.13,72.51,0.311,0.0257,1.424,1.73,0.0,0.0,0,0.0,-0.0
0,395,7.9,enter,0.0109,0.0034,-0.01035,0.02,0.012,-15.13,73.32,0.3109,0.0258,1.439,1.73,0.0,0.0,0,0.0,-0.0
0,396,7.92,enter,0.01274,0.00577,-0.01136,0.02095,0.012,-14.97,73.41,0.3109,0.0259,1.489,1.73,0.0,0.0,0,0.0,-0.0
0,397,7.94,enter,0.01346,0.00723,-0.01136,0.0224,0.012,-15.3,73.15,0.3109,0.026,1.507,1.73,0.0,0.0,0,0.0,-0.0
0,398,7.96,enter,0.01254,0.00658,-0.01067,0.02205,0.012,-15.37,73.14,0.3109,0.0261,1.499,1.73,0.0,0.0,0,0.0,-0.0
0,399,7.98,enter,0.01349,0.00768,-0.01109,0.02306,0.012,-15.46,73.04,0.3109,0.0262,1.524,1.73,0.0,0.0,0,0.0,-0.0
0,400,8.0,enter,0.01313,0.00706,-0.01106,0.02274,0.012,-15.43,73.09,0.3109,0.0263,1.537,1.73,0.0,0.0,0,0.0,-0.0
0,401,8.02,enter,0.01281,0.00657,-0.011,0.02239,0.012,-15.35,73.16,0.3109,0.0264,1.554,1.73,0.0,0.0,0,0.0,-0.0
0,402,8.04,enter,0.01289,0.00679,-0.01095,0.02252,0.012,-15.4,73.13,0.3109,0.0265,1.583,1.73,0.0,0.0,0,0.0,-0.0
0,403,8.06,enter,0.01236,0.00613,-0.01073,0.02189,0.012,-15.44,73.15,0.3109,0.0266,1.612,1.73,0.0,0.0,0,0.0,-0.0
0,404,8.08,enter,0.01096,0.00414,-0.01015,0.02041,0.012,-15.4,73.28,0.3108,0.0267,1.623,1.73,0.0,0.0,0,0.0,-0.0
0,405,8.1,enter,0.00985,0.00357,-0.00918,0.01934,0.012,-15.28,73.45,0.3107,0.0268,1.618,1.73,0.0,0.0,0,0.0,-0.0
0,406,8.12,enter,0.01054,0.00489,-0.00934,0.02061,0.012,-15.43,73.28,0.3106,0.0269,1.658,1.73,0.0,0.0,0,0.0,-0.0
0,407,8.14,enter,0.01063,0.00473,-0.00952,0.02057,0.012,-15.34,73.36,0.3105,0.027,1.684,1.73,0.0,0.0,0,0.0,-0.0
0,408,8.16,enter,0.01102,0.00404,-0.01026,0.02055,0.012,-15.26,73.46,0.3104,0.0271,1.692,1.73,0.0,0.0,0,0.0,-0.0
0,409,8.18,enter,0.01235,0.00525,-0.01118,0.02206,0.012,-15.42,73.31,0.3103,0.0271,1.715,1.73,0.0,0.0,0,0.0,-0.0
0,410,8.2,enter,0.0135,0.0067,-0.01172,0.0235,0.012,-15.58,73.14,0.3102,0.0272,1.738,1.73,0.0,0.0,0,0.0,-0.0
0,411,8.22,enter,0.01317,0.00623,-0.0116,0.0231,0.012,-15.44,73.29,0.3101,0.0273,1.748,1.73,0.0,0.0,0,0.0,-0.0
0,412,8.24,enter,0.01324,0.00583,-0.01189,0.02298,0.012,-15.31,73.41,0.3099,0.0274,1.756,1.73,0.0,0.0,0,0.0,-0.0
0,413,8.26,enter,0.01397,0.00657,-0.01232,0.02381,0.012,-15.29,73.4,0.3099,0.0275,1.765,1.73,0.0,0.0,0,0.0,-0.0
0,414,8.28,enter,0.01496,0.00764,-0.01287,0.02497,0.012,-15.25,73.37,0.3098,0.0276,1.775,1.73,0.0,0.0,0,0.0,-0.0
0,415,8.3,enter,0.01578,0.00821,-0.01348,0.02569,0.012,-15.11,73.43,0.3097,0.0277,1.795,1.73,0.0,0.0,0,0.0,-0.0
0,416,8.32,enter,0.01648,0.00865,-0.01403,0.02613,0.012,-15.05,73.47,0.3096,0.0278,1.823,1.73,0.0,0.0,0,0.0,-0.0
0,417,8.34,enter,0.01655,0.00836,-0.01428,0.02598,0.012,-14.94,73.59,0.3096,0.0279,1.841,1.73,0.0,0.0,0,0.0,-0.0
0,418,8.36,enter,0.01655,0.00826,-0.01434,0.02602,0.012,-14.93,73.63,0.3095,0.028,1.852,1.73,0.0,0.0,0,0.0,-0.0
0,419,8.38,enter,0.01686,0.00874,-0.01442,0.02641,0.012,-14.94,73.63,0.3094,0.0282,1.872,1.73,0.0,0.0,0,0.0,-0.0
0,420,8.4,enter,0.01672,0.00857,-0.01435,0.02616,0.012,-14.83,73.74,0.3094,0.0283,1.893,1.73,0.0,0.0,0,0.0,-0.0
0,421,8.42,enter,0.01642,0.00804,-0.01432,0.02573,0.012,-14.7,73.88,0.3093,0.0284,1.91,1.73,0.0,0.0,0,0.0,-0.0
0,422,8.44,enter,0.01668,0.00799,-0.01464,0.02602,0.012,-14.72,73.88,0.3092,0.0285,1.923,1.73,0.0,0.0,0,0.0,-0.0
0,423,8.46,enter,0.01736,0.00865,-0.01505,0.02674,0.012,-14.76,73.83,0.3092,0.0286,1.946,1.73,0.0,0.0,0,0.0,-0.0
0,424,8.48,enter,0.01748,0.00861,-0.01521,0.02673,0.012,-14.68,73.91,0.3091,0.0287,1.969,1.73,0.0,0.0,0,0.0,-0.0
0,425,8.5,enter,0.01737,0.00804,-0.0154,0.02642,0.012,-14.55,74.05,0.309,0.0288,1.988,1.73,0.0,0.0,0,0.0,-0.0
0,426,8.52,enter,0.01743,0.0077,-0.01563,0.02641,0.012,-14.5,74.11,0.3089,0.0289,2.004,1.73,0.0,0.0,0,0.0,-0.0
0,427,8.54,enter,0.01766,0.00788,-0.0158,0.02669,0.012,-14.5,74.12,0.3088,0.029,2.023,1.73,0.0,0.0,0,0.0,-0.0
0,428,8.56,enter,0.0175,0.00774,-0.01569,0.02658,0.012,-14.44,74.19,0.3087,0.0291,2.039,1.73,0.0,0.0,0,0.0,-0.0
0,429,8.58,enter,0.01734,0.00744,-0.01566,0.02641,0.012,-14.37,74.28,0.3086,0.0292,2.053,1.73,0.0,0.0,0,0.0,-0.0
0,430,8.6,enter,0.0177,0.00758,-0.01599,0.02672,0.012,-14.29,74.34,0.3085,0.0293,2.068,1.73,0.0,0.0,0,0.0,-0.0
0,431,8.62,enter,0.01827,0.00793,-0.01646,0.02725,0.012,-14.23,74.38,0.3084,0.0294,2.086,1.73,0.0,0.0,0,0.0,-0.0
0,432,8.64,enter,0.01868,0.00787,-0.01694,0.02756,0.012,-14.11,74.48,0.3084,0.0295,2.099,1.73,0.0,0.0,0,0.0,-0.0
0,433,8.66,enter,0.01918,0.00813,-0.01737,0.02804,0.012,-14.02,74.56,0.3083,0.0296,2.116,1.73,0.0,0.0,0,0.01,0.07
0,434,8.68,enter,0.01981,0.00863,-0.01783,0.02871,0.012,-13.95,74.61,0.3083,0.0296,2.143,1.73,0.0,0.0,0,0.05,0.36
0,435,8.7,enter,0.0204,0.00889,-0.01836,0.02942,0.012,-13.94,74.6,0.3083,0.0297,2.163,1.727,0.207,0.0,0,0.14,0.65
0,436,8.72,enter,0.02093,0.00918,-0.01881,0.02991,0.012,-13.86,74.66,0.3083,0.0297,2.186,1.73,0.0,0.0,0,0.22,0.84
0,437,8.74,enter,0.0214,0.00939,-0.01923,0.03048,0.012,-13.83,74.67,0.3083,0.0297,2.207,1.73,0.0,0.0,0,0.31,1.08
0,438,8.76,enter,0.02179,0.00967,-0.01953,0.03074,0.012,-13.72,74.75,0.3083,0.0297,2.233,1.73,0.0,0.0,0,0.36,1.14
0,439,8.78,enter,0.02229,0.01003,-0.0199,0.03108,0.012,-13.68,74.78,0.3083,0.0297,2.251,1.73,0.0,0.0,0,0.39,1.26
0,440,8.8,enter,0.0226,0.01024,-0.02014,0.03129,0.012,-13.59,74.87,0.3084,0.0297,2.265,1.73,0.0,0.0,0,0.34,1.09
0,441,8.82,enter,0.02215,0.00993,-0.0198,0.03057,0.012,-13.41,75.07,0.3084,0.0298,2.275,1.73,0.0,0.0,0,0.22,0.54
0,442,8.84,enter,0.02194,0.01006,-0.0195,0.0302,0.012,-13.28,75.21,0.3084,0.0298,2.287,1.73,0.0,0.0,0,0.08,0.16
0,443,8.86,enter,0.02178,0.0101,-0.01929,0.02994,0.012,-13.18,75.32,0.3084,0.0298,2.296,1.73,0.0,0.0,0,0.0,-0.0
0,444,8.88,enter,0.0215,0.00993,-0.01907,0.02971,0.012,-13.15,75.38,0.3084,0.0298,2.305,1.73,0.0,0.0,0,-0.0,-0.0
0,445,8.9,enter,0.02158,0.01017,-0.01904,0.02984,0.012,-13.12,75.41,0.3084,0.0298,2.32,1.73,0.0,0.0,0,-0.0,-0.0
0,446,8.92,enter,0.02155,0.01013,-0.01902,0.0299,0.012,-13.1,75.43,0.3085,0.0298,2.332,1.73,0.0,0.0,0,-0.0,-0.0
0,447,8.94,enter,0.02134,0.00999,-0.01886,0.02974,0.012,-13.05,75.49,0.3085,0.0298,2.344,1.73,0.0,0.0,0,-0.0,-0.0
0,448,8.96,enter,0.02166,0.01036,-0.01902,0.03014,0.012,-13.04,75.48,0.3085,0.0298,2.363,1.73,0.0,0.0,0,0.0,0.02
0,449,8.98,arrive,0.02171,0.01054,-0.01898,0.0302,0.012,-13.05,75.48,0.3085,0.0298,2.384,1.73,0.0,0.0,0,0.0,-0.0
0,450,9.0,arrive,0.02045,0.00994,-0.01787,0.02931,0.012,-13.19,75.42,0.3085,0.0299,2.395,1.73,0.0,0.0,0,0.0,-0.0
0,451,9.02,arrive,0.01837,0.00886,-0.0161,0.02698,0.012,-12.87,75.74,0.3085,0.0299,2.412,1.73,0.0,0.0,0,0.0,-0.0
0,452,9.04,arrive,0.01806,0.00895,-0.01568,0.02698,0.012,-12.94,75.68,0.3084,0.0299,2.43,1.73,0.0,0.0,0,0.0,-0.0
0,453,9.06,arrive,0.0188,0.01051,-0.01559,0.02807,0.012,-13.08,75.51,0.3084,0.0299,2.462,1.73,0.0,0.0,0,0.01,0.29
0,454,9.08,arrive,0.01937,0.01121,-0.0158,0.02873,0.012,-13.09,75.46,0.3084,0.0299,2.487,1.73,0.0,0.0,0,0.08,0.54
0,455,9.1,arrive,0.01969,0.01151,-0.01597,0.02921,0.012,-13.2,75.36,0.3084,0.0298,2.503,1.73,0.0,0.0,0,0.24,0.89
0,456,9.12,arrive,0.01979,0.01174,-0.01593,0.02944,0.012,-13.28,75.29,0.3084,0.0298,2.519,1.73,0.0,0.0,0,0.41,1.04
0,457,9.14,arrive,0.01976,0.01187,-0.01579,0.02964,0.012,-13.4,75.19,0.3084,0.0297,2.531,1.73,0.0,0.0,0,0.5,1.25
0,458,9.16,arrive,0.01937,0.01159,-0.01552,0.02927,0.012,-13.32,75.26,0.3085,0.0296,2.533,1.73,0.0,0.0,0,0.5,1.2
0,459,9.18,arrive,0.01914,0.01169,-0.01515,0.02902,0.012,-13.26,75.33,0.3085,0.0295,2.539,1.73,0.0,0.0,0,0.5,1.1
0,460,9.2,arrive,0.01903,0.01198,-0.01479,0.02885,0.012,-13.19,75.38,0.3086,0.0293,2.553,1.73,0.0,0.0,0,0.5,0.96
0,461,9.22,arrive,0.01903,0.01221,-0.0146,0.02876,0.012,-13.16,75.48,0.3086,0.0292,2.567,1.73,0.0,0.0,0,0.5,0.83
0,462,9.24,arrive,0.01914,0.01245,-0.01454,0.02886,0.012,-13.17,75.54,0.3087,0.029,2.576,1.73,0.0,0.0,0,0.5,0.75
0,463,9.26,arrive,0.01916,0.01266,-0.01439,0.02899,0.012,-13.2,75.54,0.3087,0.0288,2.582,1.73,0.0,0.0,0,0.5,0.79
0,464,9.28,arrive,0.01909,0.0127,-0.01426,0.02897,0.012,-13.17,75.54,0.3088,0.0286,2.585,1.73,0.0,0.0,0,0.5,0.79
0,465,9.3,arrive,0.01908,0.01297,-0.01399,0.02894,0.012,-13.12,75.55,0.3088,0.0284,2.594,1.73,0.0,0.0,0,0.5,0.75
0,466,9.32,arrive,0.01908,0.01325,-0.01373,0.02896,0.012,-13.08,75.55,0.3089,0.0282,2.606,1.73,0.0,0.0,0,0.5,0.73
0,467,9.34,arrive,0.01916,0.01351,-0.01359,0.02913,0.012,-13.08,75.52,0.3089,0.028,2.614,1.73,0.0,0.0,0,0.5,0.81
0,468,9.36,arrive,0.01915,0.01365,-0.01343,0.02917,0.012,-13.06,75.52,0.309,0.0278,2.619,1.73,0.0,0.0,0,0.5,0.89
0,469,9.38,arrive,0.0191,0.01374,-0.01327,0.02913,0.012,-13.03,75.52,0.309,0.0276,2.626,1.73,0.0,0.0,0,0.5,0.89
0,470,9.4,arrive,0.01897,0.01374,-0.01309,0.02905,0.012,-13.0,75.52,0.3091,0.0274,2.633,1.73,0.0,0.0,0,0.5,0.85
0,471,9.42,arrive,0.01883,0.01371,-0.01291,0.02898,0.012,-12.98,75.52,0.3091,0.0272,2.639,1.73,0.0,0.0,0,0.5,0.85
0,472,9.44,arrive,0.01874,0.01376,-0.01272,0.02892,0.012,-12.96,75.53,0.3092,0.027,2.647,1.73,0.0,0.0,0,0.5,0.85
0,473,9.46,arrive,0.01855,0.01364,-0.01257,0.02878,0.012,-12.93,75.53,0.3092,0.0268,2.655,1.73,0.0,0.0,0,0.5,0.83
0,474,9.48,arrive,0.01835,0.01351,-0.01241,0.02863,0.012,-12.9,75.54,0.3092,0.0266,2.663,1.73,0.0,0.0,0,0.5,0.79
0,475,9.5,arrive,0.01816,0.01339,-0.01227,0.02849,0.012,-12.88,75.54,0.3092,0.0264,2.673,1.73,0.0,0.0,0,0.5,0.76
0,476,9.52,arrive,0.01797,0.01327,-0.01211,0.02833,0.012,-12.84,75.55,0.3092,0.0262,2.683,1.73,0.0,0.0,0,0.5,0.72
0,477,9.54,arrive,0.01777,0.01314,-0.01197,0.02817,0.012,-12.81,75.57,0.3092,0.0261,2.694,1.73,0.0,0.0,0,0.5,0.68
0,478,9.56,arrive,0.01758,0.01298,-0.01186,0.02801,0.012,-12.78,75.58,0.3092,0.0259,2.706,1.73,0.0,0.0,0,0.5,0.63
0,479,9.58,arrive,0.01742,0.01285,-0.01176,0.02786,0.012,-12.76,75.62,0.3092,0.0258,2.717,1.73,0.0,0.0,0,0.5,0.58
0,480,9.6,arrive,0.01732,0.01279,-0.01168,0.02777,0.012,-12.74,75.66,0.3092,0.0257,2.73,1.73,0.0,0.0,0,0.5,0.54
0,481,9.62,arrive,0.01723,0.01271,-0.01163,0.02771,0.012,-12.73,75.69,0.3092,0.0256,2.743,1.73,0.0,0.0,0,0.5,0.52
0,482,9.64,arrive,0.01714,0.01262,-0.0116,0.02767,0.012,-12.72,75.71,0.3091,0.0255,2.754,1.73,0.0,0.0,0,0.5,0.53
0,483,9.66,arrive,0.0171,0.01259,-0.01157,0.02766,0.012,-12.69,75.72,0.3091,0.0254,2.767,1.73,0.0,0.0,0,0.5,0.55
0,484,9.68,arrive,0.01708,0.01259,-0.01154,0.02768,0.012,-12.68,75.73,0.3091,0.0253,2.78,1.73,0.0,0.0,0,0.5,0.56
0,485,9.7,arrive,0.01707,0.01259,-0.01152,0.02773,0.012,-12.67,75.73,0.3091,0.0253,2.792,1.73,0.0,0.0,0,0.5,0.63
0,486,9.72,arrive,0.01706,0.01256,-0.01154,0.02771,0.012,-12.63,75.74,0.3091,0.0252,2.805,1.73,0.0,0.0,0,0.5,0.64
0,487,9.74,arrive,0.01709,0.0126,-0.01154,0.02773,0.012,-12.6,75.75,0.309,0.0252,2.819,1.73,0.0,0.0,0,0.5,0.62
0,488,9.76,arrive,0.01718,0.01272,-0.01155,0.02783,0.012,-12.6,75.74,0.309,0.0251,2.834,1.73,0.0,0.0,0,0.5,0.7
0,489,9.78,arrive,0.01716,0.0127,-0.01154,0.02787,0.012,-12.62,75.72,0.309,0.0251,2.85,1.73,0.0,0.0,0,0.5,0.79
0,490,9.8,arrive,0.017,0.01252,-0.0115,0.02781,0.012,-12.65,75.69,0.309,0.0251,2.864,1.73,0.0,0.0,0,0.5,0.82
0,491,9.82,arrive,0.0168,0.01229,-0.01146,0.02772,0.012,-12.67,75.69,0.309,0.0251,2.874,1.73,0.0,0.0,0,0.5,0.82
0,492,9.84,arrive,0.01666,0.01214,-0.01141,0.02754,0.012,-12.62,75.73,0.309,0.0251,2.887,1.73,0.0,0.0,0,0.5,0.78
0,493,9.86,arrive,0.01661,0.01211,-0.01137,0.02739,0.012,-12.58,75.81,0.309,0.0251,2.903,1.73,0.0,0.0,0,0.5,0.63
0,494,9.88,arrive,0.0166,0.01206,-0.01141,0.02731,0.012,-12.57,75.9,0.309,0.0251,2.916,1.73,0.0,0.0,0,0.5,0.52
0,495,9.9,arrive,0.01668,0.01207,-0.0115,0.02735,0.012,-12.56,75.97,0.3089,0.0251,2.929,1.73,0.0,0.0,0,0.5,0.49
0,496,9.92,arrive,0.0168,0.01213,-0.01162,0.02749,0.012,-12.59,76.0,0.3089,0.0252,2.941,1.73,0.0,0.0,0,0.5,0.52
0,497,9.94,arrive,0.01689,0.01215,-0.01173,0.02759,0.012,-12.56,75.99,0.3089,0.0252,2.953,1.73,0.0,0.0,0,0.5,0.6
0,498,9.96,arrive,0.01702,0.01221,-0.01186,0.02769,0.012,-12.52,75.98,0.3089,0.0252,2.966,1.73,0.0,0.0,0,0.5,0.62
0,499,9.98,arrive,0.01719,0.01236,-0.01194,0.02786,0.012,-12.5,75.97,0.3089,0.0252,2.98,1.73,0.0,0.0,0,0.5,0.68
0,500,10.0,arrive,0.0173,0.01252,-0.01194,0.028,0.012,-12.52,75.93,0.3089,0.0253,2.995,1.73,0.0,0.0,0,0.5,0.79
0,501,10.02,arrive,0.01721,0.01241,-0.01192,0.02801,0.012,-12.57,75.89,0.3089,0.0253,3.009,1.73,0.0,0.0,0,0.5,0.86
0,502,10.04,arrive,0.01712,0.01227,-0.01194,0.02797,0.012,-12.58,75.88,0.3088,0.0253,3.019,1.73,0.0,0.0,0,0.5,0.86
0,503,10.06,arrive,0.01694,0.01205,-0.01191,0.02786,0.012,-12.57,75.89,0.3088,0.0253,3.026,1.73,0.0,0.0,0,0.5,0.87
0,504,10.08,arrive,0.01683,0.01196,-0.01185,0.02767,0.012,-12.49,75.94,0.3088,0.0253,3.037,1.73,0.0,0.0,0,0.5,0.82
0,505,10.1,arrive,0.01679,0.01195,-0.0118,0.02752,0.012,-12.43,76.0,0.3088,0.0254,3.051,1.73,0.0,0.0,0,0.5,0.65
0,506,10.12,arrive,0.01681,0.01195,-0.01182,0.02746,0.012,-12.41,76.08,0.3088,0.0254,3.064,1.73,0.0,0.0,0,0.5,0.54
0,507,10.14,arrive,0.0169,0.01202,-0.01188,0.0275,0.012,-12.4,76.14,0.3088,0.0255,3.075,1.73,0.0,0.0,0,0.5,0.5
0,508,10.16,arrive,0.01701,0.0121,-0.01196,0.02762,0.012,-12.4,76.18,0.3087,0.0255,3.086,1.73,0.0,0.0,0,0.5,0.54
0,509,10.18,grip,0.01712,0.01217,-0.01204,0.02775,0.012,-12.38,76.18,0.3087,0.0255,3.097,1.73,0.0,0.0,0,0.5,0.61
0,510,10.2,grip,0.01724,0.01224,-0.01214,0.02784,0.01151,-12.34,76.18,0.3087,0.0256,3.109,1.73,0.0,0.0,0,0.5,0.64
0,511,10.22,grip,0.01733,0.01231,-0.0122,0.02793,0.01102,-12.3,76.17,0.3087,0.0256,3.12,1.73,0.0,0.0,0,0.5,0.71
0,512,10.24,grip,0.01739,0.01242,-0.01217,0.02789,0.01053,-12.25,76.19,0.3087,0.0256,3.133,1.73,0.0,0.0,0,0.5,0.82
0,513,10.26,grip,0.01716,0.0123,-0.01197,0.02758,0.01004,-12.25,76.18,0.3087,0.0257,3.146,1.73,0.0,0.0,0,0.5,0.97
0,514,10.28,grip,0.01678,0.01199,-0.01174,0.02705,0.00955,-12.26,76.21,0.3087,0.0257,3.159,1.73,0.0,0.0,0,0.5,0.98
0,515,10.3,grip,0.01641,0.01167,-0.01153,0.02656,0.00906,-12.26,76.28,0.3087,0.0257,3.17,1.73,0.0,0.0,0,0.5,0.98
0,516,10.32,grip,0.01608,0.01144,-0.01131,0.02612,0.00857,-12.2,76.38,0.3087,0.0257,3.182,1.73,0.0,0.0,0,0.5,0.99
0,517,10.34,grip,0.01571,0.01113,-0.01109,0.02562,0.00808,-12.13,76.46,0.3087,0.0257,3.192,1.73,0.0,0.0,0,0.5,0.98
0,518,10.36,grip,0.01539,0.01088,-0.01089,0.02499,0.00759,-12.0,76.6,0.3087,0.0256,3.201,1.729,0.0,0.0,0,0.5,0.93
0,519,10.38,grip,0.01588,0.01137,-0.01109,0.02524,0.0071,-11.98,76.59,0.3087,0.0256,3.221,1.73,0.0,0.0,0,0.5,1.06
0,520,10.4,grip,0.01638,0.01194,-0.01122,0.02554,0.00661,-11.87,76.48,0.3088,0.0256,3.243,1.73,0.0,0.0,0,0.5,1.74
0,521,10.42,grip,0.0162,0.01216,-0.01071,0.02499,0.00612,-11.74,76.47,0.3088,0.0255,3.264,1.73,0.0,0.0,0,0.5,1.97
0,522,10.44,grip,0.01556,0.01156,-0.01041,0.02441,0.00563,-11.95,76.27,0.3089,0.0254,3.278,1.525,1.293,0.0,0,0.5,1.88
0,523,10.46,grip,0.01273,0.00926,-0.00874,0.02053,0.00514,-11.36,76.87,0.3089,0.0254,3.288,1.73,0.0,0.0,0,0.5,0.94
0,524,10.48,grip,0.01165,0.00904,-0.00736,0.01691,0.00465,-10.58,77.61,0.3089,0.0255,3.316,1.73,0.0,0.0,0,0.49,-0.0
0,525,10.5,grip,0.0127,0.01086,-0.00658,0.01528,0.00416,-9.98,78.19,0.3089,0.0256,3.337,1.73,0.0,0.0,0,0.49,-0.0
0,526,10.52,grip,0.01472,0.01303,-0.00684,0.01711,0.00367,-9.95,78.2,0.309,0.0258,3.36,1.73,0.0,0.0,0,0.49,-0.0
0,527,10.54,grip,0.01836,0.01705,-0.00681,0.02074,0.00318,-9.95,78.14,0.3091,0.026,3.393,1.73,0.0,0.0,0,0.48,-0.0
0,528,10.56,grip,0.02339,0.02248,-0.00647,0.02474,0.00269,-9.69,78.35,0.3092,0.0262,3.436,1.73,0.0,0.0,0,0.48,-0.0
0,529,10.58,grip,0.02375,0.0231,-0.00554,0.02404,0.0022,-9.71,78.59,0.3093,0.0265,3.432,1.73,0.0,0.0,0,0.48,-0.0
0,530,10.6,grip,0.02141,0.02087,-0.00475,0.02107,0.00171,-9.98,78.59,0.3094,0.0268,3.406,1.73,0.0,0.0,0,0.48,-0.0
0,531,10.62,grip,0.01909,0.01865,-0.0041,0.01941,0.00122,-10.57,78.14,0.3095,0.0271,3.4,1.73,0.0,0.0,0,0.47,-0.0
0,532,10.64,grip,0.01721,0.01693,-0.00306,0.01833,0.00073,-10.78,77.93,0.3098,0.0276,3.373,1.73,0.0,0.0,0,0.47,-0.0
0,533,10.66,grip,0.01814,0.01802,-0.00209,0.01899,0.00024,-10.5,78.1,0.3099,0.028,3.37,1.73,0.0,0.0,0,0.47,-0.0
0,534,10.68,grip,0.02016,0.01998,-0.00273,0.02046,-0.00025,-10.14,78.32,0.31,0.0284,3.372,1.73,0.0,0.0,0,0.47,-0.0
0,535,10.7,grip,0.02218,0.02181,-0.00406,0.02242,-0.00074,-10.15,78.24,0.3102,0.0289,3.376,1.73,0.0,0.0,0,0.47,-0.0
0,536,10.72,grip,0.025,0.02459,-0.00452,0.02526,-0.00123,-10.31,78.05,0.3104,0.0294,3.403,1.73,0.0,0.0,0,0.46,-0.0
0,537,10.74,grip,0.02351,0.02329,-0.00318,0.0235,-0.00172,-10.47,78.08,0.3106,0.0299,3.379,1.73,0.0,0.0,0,0.46,-0.0
0,538,10.76,grip,0.02108,0.02084,-0.00316,0.02112,-0.00221,-10.85,77.84,0.3108,0.0305,3.34,1.701,1.319,0.0,0,0.5,0.22
0,539,10.78,grip,0.01967,0.01939,-0.00332,0.01983,-0.0027,-11.19,77.63,0.3111,0.031,3.302,1.509,1.273,0.0,0,0.5,1.06
0,540,10.8,grip,0.01791,0.01765,-0.00307,0.01814,-0.00319,-11.26,77.57,0.3114,0.0315,3.255,1.677,1.567,0.0,0,0.5,1.66
0,541,10.82,grip,0.01768,0.01733,-0.00351,0.01816,-0.00368,-11.33,77.4,0.3118,0.0318,3.231,1.616,6.872,0.0,0,0.5,2.82
0,542,10.84,grip,0.01777,0.01738,-0.00366,0.01835,-0.00417,-11.49,77.13,0.3123,0.032,3.245,1.65,5.525,0.0,0,0.5,3.48
0,543,10.86,grip,0.01792,0.01753,-0.00369,0.01852,-0.00466,-11.65,76.8,0.3129,0.0321,3.286,1.727,4.489,0.0,0,0.49,3.78
0,544,10.88,grip,0.01747,0.0171,-0.0036,0.01806,-0.00515,-11.92,76.43,0.3134,0.0323,3.313,1.667,3.377,0.0,0,0.48,3.74
0,545,10.9,grip,0.01675,0.01641,-0.00334,0.01718,-0.00564,-12.02,76.39,0.3138,0.0325,3.292,1.565,1.433,0.0,0,0.46,2.84
0,546,10.92,grip,0.01609,0.01582,-0.00292,0.01634,-0.00613,-11.99,76.57,0.3142,0.0327,3.219,0.984,3.12,0.0,0,0.4,1.75
0,547,10.94,grip,0.01587,0.01563,-0.00275,0.01611,-0.00662,-12.01,76.64,0.3145,0.033,3.134,1.732,5.756,0.0,0,0.35,1.7
0,548,10.96,grip,0.01556,0.01533,-0.00269,0.01575,-0.00711,-11.93,76.83,0.3148,0.0333,3.06,1.052,4.257,0.0,0,0.36,1.42
0,549,10.98,turn,0.01545,0.01513,-0.00314,0.01564,-0.0076,-11.88,77.18,0.3151,0.0336,3.004,1.43,9.345,0.0,0,0.45,1.52
0,550,11.0,turn,0.01579,0.01537,-0.00361,0.01626,-0.0076,-11.89,75.12,0.3154,0.0339,2.982,1.728,11.971,0.0,0,0.5,3.53
0,551,11.02,turn,0.01658,0.01615,-0.00377,0.01744,-0.0076,-11.93,72.26,0.3157,0.0341,3.008,1.595,11.576,0.0,0,0.5,6.33
0,552,11.04,turn,0.01776,0.01733,-0.0039,0.019,-0.0076,-11.99,68.8,0.3159,0.0341,3.084,1.499,12.434,0.0,0,0.5,9.08
0,553,11.06,turn,0.01889,0.01846,-0.004,0.02079,-0.0076,-11.91,64.64,0.3161,0.0341,3.193,1.598,12.057,0.0,0,0.5,11.07
0,554,11.08,turn,0.02012,0.01971,-0.00407,0.02275,-0.0076,-11.92,60.18,0.3161,0.034,3.324,1.595,12.553,0.0,0,0.49,13.07
0,555,11.1,turn,0.0215,0.0211,-0.00418,0.02487,-0.0076,-11.95,55.9,0.316,0.034,3.463,1.73,12.484,0.0,0,0.5,15.28
0,556,11.12,turn,0.02295,0.02255,-0.00425,0.02693,-0.0076,-11.88,51.99,0.3158,0.0341,3.595,1.73,12.877,0.0,0,0.5,17.45
0,557,11.14,turn,0.02439,0.02401,-0.00429,0.02901,-0.0076,-11.64,48.22,0.3155,0.0343,3.715,1.727,14.543,0.0,0,0.5,19.65
0,558,11.16,turn,0.02596,0.0256,-0.00432,0.0311,-0.0076,-11.37,44.75,0.3152,0.0344,3.824,1.73,14.795,0.0,0,0.5,22.0
0,559,11.18,turn,0.02755,0.02721,-0.00428,0.03316,-0.0076,-11.03,41.32,0.3149,0.0347,3.925,1.601,16.108,0.0,0,0.5,24.35
0,560,11.2,turn,0.02916,0.02885,-0.00424,0.03524,-0.0076,-10.6,38.07,0.3146,0.0349,4.023,1.717,15.668,0.0,0,0.5,26.69
0,561,11.22,turn,0.03077,0.03049,-0.00417,0.03726,-0.0076,-10.17,34.95,0.3142,0.0352,4.117,1.726,15.701,0.0,0,0.5,29.01
0,562,11.24,turn,0.03217,0.0319,-0.00419,0.03873,-0.0076,-9.75,32.73,0.3139,0.0356,4.189,1.503,15.49,0.0,0,0.5,30.98
0,563,11.26,turn,0.03288,0.0326,-0.00427,0.03938,-0.0076,-9.19,31.58,0.3136,0.036,4.233,1.265,14.348,0.0,0,0.5,32.01
0,564,11.28,turn,0.03324,0.03295,-0.00436,0.03966,-0.0076,-8.6,30.97,0.3132,0.0364,4.263,1.465,14.696,0.0,0,0.5,32.68
0,565,11.3,turn,0.03343,0.03313,-0.00445,0.03974,-0.0076,-7.97,30.69,0.3129,0.0369,4.275,1.201,13.956,0.0,0,0.5,33.15
0,566,11.32,turn,0.03363,0.03332,-0.00455,0.0396,-0.0076,-7.2,31.21,0.3126,0.0374,4.283,1.743,11.161,0.0,0,0.5,33.44
0,567,11.34,turn,0.03336,0.03304,-0.00463,0.03907,-0.0076,-6.5,31.72,0.3124,0.038,4.279,1.543,11.151,0.0,0,0.5,33.26
0,568,11.36,turn,0.03323,0.03289,-0.00471,0.03887,-0.0076,-5.89,31.42,0.3122,0.0385,4.267,1.247,13.549,0.0,0,0.5,33.36
0,569,11.38,turn,0.03298,0.03263,-0.00482,0.0383,-0.0076,-5.08,32.31,0.312,0.0391,4.251,1.725,11.318,0.0,0,0.5,33.14
0,570,11.4,turn,0.0326,0.03224,-0.00489,0.03773,-0.0076,-4.4,32.8,0.3119,0.0397,4.24,1.712,10.775,0.0,0,0.5,32.87
0,571,11.42,turn,0.03226,0.03187,-0.00498,0.03729,-0.0076,-3.86,33.08,0.3118,0.0402,4.227,1.413,9.821,0.0,0,0.5,32.64
0,572,11.44,turn,0.0317,0.03129,-0.00505,0.03674,-0.0076,-3.4,32.92,0.3118,0.0407,4.215,1.362,12.976,0.0,0,0.5,32.3
0,573,11.46,turn,0.03109,0.03067,-0.00512,0.03594,-0.0076,-2.84,33.86,0.3118,0.0413,4.192,0.984,9.816,0.0,0,0.5,31.75
0,574,11.48,turn,0.03122,0.03079,-0.00516,0.03597,-0.0076,-2.04,33.44,0.3119,0.0418,4.177,1.157,10.9,0.0,0,0.5,32.2
0,575,11.5,turn,0.03164,0.0312,-0.0052,0.03617,-0.0076,-1.3,33.04,0.3122,0.0424,4.138,1.589,13.083,0.0,0,0.5,32.92
0,576,11.52,turn,0.03222,0.03179,-0.00525,0.0363,-0.0076,-0.63,33.16,0.3126,0.043,4.083,1.311,11.389,0.0,0,0.5,33.82
0,577,11.54,turn,0.03252,0.03208,-0.00529,0.03619,-0.0076,0.2,33.77,0.3132,0.0437,4.038,1.723,10.175,0.0,0,0.5,34.32
0,578,11.56,turn,0.03252,0.03208,-0.00534,0.03592,-0.0076,0.87,33.89,0.3139,0.0443,4.005,1.279,9.949,0.0,0,0.5,34.52
0,579,11.58,turn,0.03233,0.03187,-0.0054,0.03553,-0.0076,1.49,34.1,0.3146,0.0448,3.98,1.416,10.369,0.0,0,0.5,34.47
0,580,11.6,turn,0.0323,0.03184,-0.00542,0.03536,-0.0076,2.09,33.86,0.3152,0.0451,3.962,0.958,11.29,0.0,0,0.5,34.7
0,581,11.62,turn,0.03196,0.03149,-0.00545,0.03481,-0.0076,2.74,34.35,0.3158,0.0455,3.944,1.43,10.047,0.0,0,0.5,34.44
0,582,11.64,turn,0.03199,0.03152,-0.00549,0.0347,-0.0076,3.28,34.28,0.3164,0.0457,3.929,1.488,10.013,0.0,0,0.5,34.76
0,583,11.66,turn,0.03172,0.03125,-0.00546,0.03432,-0.0076,3.96,34.38,0.317,0.0459,3.918,1.717,10.273,0.0,0,0.5,34.72
0,584,11.68,turn,0.0316,0.03113,-0.00543,0.03413,-0.0076,4.56,34.12,0.3176,0.046,3.908,1.275,11.853,0.0,0,0.5,34.89
0,585,11.7,turn,0.03135,0.03088,-0.00541,0.03382,-0.0076,5.26,34.2,0.3181,0.0462,3.902,1.399,12.176,0.0,0,0.5,34.98
0,586,11.72,turn,0.03111,0.03064,-0.00537,0.03359,-0.0076,5.96,34.13,0.3186,0.0463,3.902,1.356,12.194,0.0,0,0.5,35.08
0,587,11.74,turn,0.03079,0.03033,-0.00536,0.03328,-0.0076,6.61,34.18,0.3191,0.0464,3.905,1.251,12.106,0.0,0,0.5,35.11
0,588,11.76,turn,0.03041,0.02993,-0.00537,0.03284,-0.0076,7.17,34.42,0.3195,0.0465,3.91,1.586,12.613,0.0,0,0.5,35.09
0,589,11.78,turn,0.02999,0.02951,-0.00536,0.03238,-0.0076,7.76,34.8,0.3199,0.0465,3.921,1.734,10.156,0.0,0,0.5,34.96
0,590,11.8,turn,0.02956,0.02908,-0.0053,0.03195,-0.0076,8.26,34.84,0.3202,0.0465,3.933,1.458,10.397,0.0,0,0.5,34.82
0,591,11.82,turn,0.02937,0.02889,-0.00527,0.03175,-0.0076,8.71,34.53,0.3205,0.0466,3.946,1.347,12.284,0.0,0,0.5,34.97
0,592,11.84,turn,0.02917,0.02868,-0.00529,0.03155,-0.0076,9.18,34.56,0.3208,0.0465,3.956,1.73,10.804,0.0,0,0.5,35.1
0,593,11.86,turn,0.02887,0.02838,-0.00527,0.03119,-0.0076,9.57,34.52,0.3211,0.0465,3.964,1.719,10.893,0.0,0,0.5,35.04
0,594,11.88,turn,0.02865,0.02816,-0.00527,0.03091,-0.0076,9.92,34.43,0.3214,0.0464,3.974,1.696,11.352,0.0,0,0.5,35.13
0,595,11.9,turn,0.02849,0.028,-0.00529,0.03071,-0.0076,10.27,34.26,0.3217,0.0463,3.985,1.548,12.144,0.0,0,0.5,35.24
0,596,11.92,turn,0.02833,0.02782,-0.00532,0.0305,-0.0076,10.55,34.17,0.322,0.0462,3.996,1.396,12.221,0.0,0,0.5,35.38
0,597,11.94,turn,0.028,0.0275,-0.00529,0.03007,-0.0076,10.88,34.23,0.3223,0.0461,4.007,1.667,11.648,0.0,0,0.5,35.24
0,598,11.96,turn,0.0277,0.02719,-0.0053,0.02969,-0.0076,11.17,34.32,0.3227,0.046,4.02,1.554,12.074,0.0,0,0.5,35.19
0,599,11.98,turn,0.02726,0.02674,-0.0053,0.02915,-0.0076,11.57,34.82,0.323,0.0458,4.034,1.088,10.187,0.0,0,0.5,34.89
0,600,12.0,turn,0.02686,0.02633,-0.00532,0.0286,-0.0076,11.81,35.18,0.3233,0.0455,4.048,1.508,10.459,0.0,0,0.5,34.64
0,601,12.02,turn,0.02649,0.02594,-0.00536,0.02807,-0.0076,11.88,35.66,0.3236,0.0453,4.042,1.502,10.269,0.0,0,0.5,34.59
0,602,12.04,turn,0.02602,0.02546,-0.00535,0.02752,-0.0076,12.14,36.01,0.324,0.0449,4.014,1.242,10.66,0.0,0,0.5,34.45
0,603,12.06,turn,0.0258,0.02523,-0.00541,0.02722,-0.0076,12.23,35.97,0.3244,0.0446,3.982,1.153,11.736,0.0,0,0.5,34.6
0,604,12.08,turn,0.02557,0.02498,-0.00544,0.02686,-0.0076,12.39,36.24,0.3248,0.0442,3.952,1.452,10.316,0.0,0,0.5,34.69
0,605,12.1,turn,0.02538,0.02479,-0.00543,0.02661,-0.0076,12.45,35.89,0.3252,0.0437,3.928,1.19,11.26,0.0,0,0.5,34.91
0,606,12.12,turn,0.02529,0.02468,-0.00552,0.02648,-0.0076,12.55,35.82,0.3256,0.0433,3.909,1.487,11.323,0.0,0,0.5,35.15
0,607,12.14,turn,0.02517,0.02454,-0.00557,0.02628,-0.0076,12.59,35.55,0.3259,0.0428,3.891,1.259,11.52,0.0,0,0.5,35.34
0,608,12.16,turn,0.02503,0.02438,-0.00564,0.02614,-0.0076,12.69,35.32,0.3263,0.0424,3.878,1.45,11.769,0.0,0,0.5,35.53
0,609,12.18,turn,0.02486,0.0242,-0.00567,0.02594,-0.0076,12.8,35.13,0.3266,0.0419,3.864,1.475,11.908,0.0,0,0.5,35.67
0,610,12.2,turn,0.02466,0.02398,-0.00575,0.02565,-0.0076,12.81,35.3,0.3269,0.0415,3.849,1.704,10.901,0.0,0,0.5,35.68
0,611,12.22,turn,0.02444,0.02374,-0.00579,0.02535,-0.0076,12.81,35.23,0.3272,0.041,3.834,1.291,10.413,0.0,0,0.5,35.72
0,612,12.24,turn,0.02425,0.02354,-0.00581,0.02507,-0.0076,12.88,35.24,0.3275,0.0405,3.82,1.519,10.663,0.0,0,0.5,35.7
0,613,12.26,turn,0.02403,0.02331,-0.00585,0.02474,-0.0076,12.81,35.36,0.3278,0.0401,3.802,1.743,10.758,0.0,0,0.5,35.69
0,614,12.28,turn,0.02381,0.02308,-0.00587,0.02445,-0.0076,12.71,35.32,0.3281,0.0397,3.782,1.726,11.053,0.0,0,0.5,35.67
0,615,12.3,turn,0.02362,0.02287,-0.00591,0.02419,-0.0076,12.61,35.3,0.3284,0.0392,3.759,1.73,10.878,0.0,0,0.5,35.69
0,616,12.32,turn,0.02343,0.02267,-0.00594,0.02394,-0.0076,12.54,35.25,0.3286,0.0387,3.732,1.73,10.938,0.0,0,0.5,35.7
0,617,12.34,turn,0.02323,0.02245,-0.00595,0.02368,-0.0076,12.47,35.23,0.3289,0.0383,3.701,1.723,11.173,0.0,0,0.5,35.68
0,618,12.36,turn,0.02311,0.02232,-0.006,0.02349,-0.0076,12.35,35.15,0.3291,0.0378,3.667,1.471,10.928,0.0,0,0.5,35.82
0,619,12.38,turn,0.02287,0.02207,-0.00601,0.02319,-0.0076,12.33,35.19,0.3294,0.0373,3.632,1.572,10.981,0.0,0,0.5,35.81
0,620,12.4,turn,0.0227,0.02188,-0.00604,0.02295,-0.0076,12.3,35.07,0.3296,0.0368,3.596,1.728,11.664,0.0,0,0.5,35.84
0,621,12.42,turn,0.02242,0.0216,-0.00603,0.0226,-0.0076,12.26,35.25,0.3298,0.0363,3.555,1.098,10.265,0.0,0,0.5,35.73
0,622,12.44,turn,0.02228,0.02144,-0.00607,0.02246,-0.0076,12.24,34.97,0.33,0.0358,3.519,1.125,12.83,0.0,0,0.5,35.81
0,623,12.46,turn,0.02214,0.02128,-0.00611,0.02229,-0.0076,12.25,34.88,0.3302,0.0353,3.478,1.442,12.249,0.0,0,0.5,35.87
0,624,12.48,turn,0.02197,0.0211,-0.00614,0.02211,-0.0076,12.23,34.72,0.3304,0.0349,3.431,1.713,12.251,0.0,0,0.5,35.92
0,625,12.5,turn,0.02178,0.02089,-0.00614,0.02194,-0.0076,12.28,34.61,0.3306,0.0344,3.385,1.586,12.269,0.0,0,0.5,35.94
0,626,12.52,turn,0.02154,0.02065,-0.00614,0.02171,-0.0076,12.31,34.61,0.3307,0.0339,3.339,1.718,12.199,0.0,0,0.5,35.86
0,627,12.54,turn,0.02136,0.02045,-0.00617,0.02156,-0.0076,12.35,34.57,0.3309,0.0334,3.292,1.567,12.541,0.0,0,0.5,35.86
0,628,12.56,turn,0.02118,0.02026,-0.00619,0.02137,-0.0076,12.26,34.51,0.331,0.033,3.243,1.683,12.67,0.0,0,0.5,35.81
0,629,12.58,turn,0.02097,0.02005,-0.00616,0.02119,-0.0076,12.3,34.42,0.3311,0.0325,3.194,1.653,12.62,0.0,0,0.5,35.79
0,630,12.6,turn,0.0208,0.01986,-0.00618,0.02102,-0.0076,12.26,34.45,0.3312,0.0321,3.14,1.7,12.374,0.0,0,0.5,35.68
0,631,12.62,turn,0.0207,0.01975,-0.0062,0.02091,-0.0076,12.26,34.32,0.3314,0.0316,3.085,1.467,12.62,0.0,0,0.5,35.66
0,632,12.64,turn,0.02053,0.01957,-0.00622,0.02074,-0.0076,12.41,34.61,0.3315,0.0312,3.029,1.726,11.52,0.0,0,0.5,35.39
0,633,12.66,turn,0.0204,0.01942,-0.00624,0.0206,-0.0076,12.43,34.68,0.3316,0.0308,2.972,1.724,11.601,0.0,0,0.5,35.27
0,634,12.68,turn,0.02025,0.01928,-0.00621,0.0205,-0.0076,12.46,34.51,0.3316,0.0304,2.916,1.568,12.811,0.0,0,0.5,35.3
0,635,12.7,turn,0.02016,0.01918,-0.00622,0.02043,-0.0076,12.43,34.5,0.3317,0.03,2.856,1.517,11.872,0.0,0,0.5,35.22
0,636,12.72,turn,0.02008,0.01908,-0.00625,0.02032,-0.0076,12.56,34.73,0.3317,0.0296,2.797,1.73,11.189,0.0,0,0.5,35.02
0,637,12.74,turn,0.02001,0.01901,-0.00625,0.02026,-0.0076,12.53,34.58,0.3318,0.0292,2.737,1.714,12.812,0.0,0,0.5,35.03
0,638,12.76,turn,0.01996,0.01896,-0.00625,0.02024,-0.0076,12.51,34.48,0.3318,0.0288,2.673,1.721,12.577,0.0,0,0.5,35.01
0,639,12.78,turn,0.0199,0.0189,-0.00622,0.02016,-0.0076,12.61,34.7,0.3319,0.0284,2.611,1.679,11.35,0.0,0,0.5,34.72
0,640,12.8,turn,0.01985,0.01886,-0.00619,0.02008,-0.0076,12.61,34.62,0.3319,0.028,2.551,1.715,12.418,0.0,0,0.5,34.61
0,641,12.82,turn,0.01985,0.01885,-0.00621,0.02007,-0.0076,12.57,34.66,0.3319,0.0275,2.488,1.545,12.549,0.0,0,0.5,34.5
0,642,12.84,turn,0.01984,0.01885,-0.00621,0.02007,-0.0076,12.62,34.57,0.3319,0.0271,2.424,1.724,12.684,0.0,0,0.5,34.49
0,643,12.86,turn,0.01986,0.01886,-0.0062,0.02009,-0.0076,12.71,34.64,0.3319,0.0267,2.359,1.724,11.84,0.0,0,0.5,34.4
0,644,12.88,turn,0.01989,0.0189,-0.00618,0.0201,-0.0076,12.69,34.52,0.332,0.0263,2.293,1.664,12.807,0.0,0,0.5,34.35
0,645,12.9,turn,0.01995,0.01896,-0.00619,0.02015,-0.0076,12.63,34.48,0.332,0.0259,2.226,1.637,12.815,0.0,0,0.5,34.34
0,646,12.92,turn,0.02007,0.01908,-0.00623,0.02022,-0.0076,12.52,34.84,0.332,0.0255,2.158,1.601,11.021,0.0,0,0.5,34.04
0,647,12.94,turn,0.02015,0.01916,-0.00621,0.02027,-0.0076,12.47,34.8,0.3321,0.0251,2.097,1.694,12.542,0.0,0,0.5,33.92
0,648,12.96,turn,0.02026,0.01928,-0.00621,0.02036,-0.0076,12.41,34.72,0.3321,0.0247,2.034,1.565,12.683,0.0,0,0.5,33.84
0,649,12.98,turn,0.02039,0.01942,-0.00624,0.02048,-0.0076,12.4,34.73,0.3322,0.0244,1.972,1.514,12.688,0.0,0,0.5,33.79
0,650,13.0,turn,0.02053,0.01955,-0.00626,0.0206,-0.0076,12.43,34.73,0.3323,0.024,1.911,1.494,12.702,0.0,0,0.5,33.75
0,651,13.02,turn,0.02069,0.01971,-0.00629,0.02073,-0.0076,12.41,34.71,0.3324,0.0237,1.85,1.469,12.67,0.0,0,0.5,33.71
0,652,13.04,turn,0.02082,0.01985,-0.00629,0.02084,-0.0076,12.4,34.66,0.3325,0.0233,1.789,1.402,12.748,0.0,0,0.5,33.68
0,653,13.06,turn,0.02099,0.02003,-0.0063,0.02099,-0.0076,12.35,34.6,0.3326,0.023,1.73,1.516,12.875,0.0,0,0.5,33.63
0,654,13.08,turn,0.02121,0.02025,-0.00632,0.02119,-0.0076,12.27,34.91,0.3326,0.0227,1.667,1.726,11.481,0.0,0,0.5,33.4
0,655,13.1,turn,0.02129,0.02032,-0.00636,0.02126,-0.0076,11.98,35.2,0.3327,0.0224,1.634,1.132,10.684,0.0,0,0.5,33.37
0,656,13.12,turn,0.02121,0.02024,-0.00635,0.02119,-0.0076,11.49,35.02,0.3328,0.0222,1.62,1.301,12.91,0.0,0,0.5,33.66
0,657,13.14,turn,0.02137,0.02039,-0.0064,0.02135,-0.0076,11.09,35.4,0.3328,0.022,1.588,1.372,11.069,0.0,0,0.5,33.52
0,658,13.16,turn,0.02142,0.02106,-0.00393,0.02142,-0.0076,10.76,35.6,0.3328,0.0219,1.587,1.617,11.573,0.0,0,-0.0,33.07
0,659,13.18,turn,0.02172,0.02135,-0.00399,0.02172,-0.0076,10.08,35.58,0.3325,0.0221,1.607,1.38,12.27,0.0,0,-0.0,33.03
0,660,13.2,turn,0.02207,0.02169,-0.00409,0.02208,-0.0076,9.1,35.36,0.3321,0.0224,1.667,1.702,11.031,0.0,0,-0.0,32.93
0,661,13.22,turn,0.02236,0.02196,-0.00418,0.02237,-0.0076,8.08,34.94,0.3315,0.0229,1.74,1.74,10.87,0.0,0,-0.0,32.93
0,662,13.24,turn,0.0232,0.02282,-0.00423,0.0232,-0.0076,6.99,34.95,0.3307,0.0234,1.748,1.736,12.713,0.0,0,-0.0,32.13
0,663,13.26,turn,0.02373,0.02334,-0.00428,0.02372,-0.0076,6.04,34.71,0.3301,0.024,1.774,1.738,12.879,0.0,0,0.02,31.9
0,664,13.28,turn,0.02415,0.02378,-0.00419,0.0241,-0.0076,5.19,34.03,0.3294,0.0245,1.85,1.729,13.414,0.0,0,0.03,31.95
0,665,13.3,turn,0.02496,0.02462,-0.00407,0.02494,-0.0076,4.17,34.61,0.3289,0.0249,1.852,1.541,10.651,0.0,0,-0.0,31.02
0,666,13.32,turn,0.02534,0.02498,-0.00427,0.02531,-0.0076,3.25,34.21,0.3284,0.0252,1.869,1.055,13.604,0.0,0,0.08,30.95
0,667,13.34,turn,0.02564,0.02529,-0.00422,0.02574,-0.0076,2.2,34.86,0.328,0.0255,1.882,1.647,11.443,0.0,0,0.07,30.63
0,668,13.36,turn,0.02565,0.02524,-0.00455,0.02578,-0.0076,1.26,34.48,0.3276,0.0256,1.918,1.72,12.758,0.0,0,0.19,30.99
0,669,13.38,turn,0.02581,0.02529,-0.00513,0.02594,-0.0076,0.28,33.76,0.3272,0.0257,1.972,1.648,13.95,0.0,0,0.38,31.35
0,670,13.4,turn,0.0262,0.02567,-0.00524,0.02649,-0.0076,-0.91,35.14,0.3267,0.0257,1.893,1.114,9.372,0.0,0,0.43,30.78
0,671,13.42,turn,0.02661,0.02625,-0.00438,0.027,-0.0076,-1.87,36.01,0.3262,0.0256,1.738,1.261,10.775,0.0,0,0.29,30.25
0,672,13.44,turn,0.026,0.02558,-0.00463,0.02644,-0.0076,-2.85,35.09,0.3258,0.0254,1.719,1.704,12.832,0.0,0,0.42,31.37
0,673,13.46,turn,0.02571,0.02525,-0.00487,0.02612,-0.0076,-3.73,34.02,0.3253,0.025,1.796,1.649,13.89,0.0,0,0.5,32.33
0,674,13.48,crack,0.02566,0.02531,-0.00424,0.02631,-0.0076,-4.91,35.35,0.3249,0.0245,1.726,1.559,7.477,0.0,0,0.45,32.21
0,675,13.5,crack,0.02473,0.02458,-0.00268,0.02573,-0.0076,-6.01,36.54,0.3243,0.0241,1.537,1.58,9.218,0.0,0,0.33,32.48
0,676,13.52,crack,0.02312,0.02305,-0.00176,0.02424,-0.0076,-6.97,36.22,0.3239,0.0234,1.447,1.674,12.2,0.0,0,0.42,34.0
0,677,13.54,crack,0.02221,0.02218,-0.00109,0.02347,-0.0076,-7.99,35.67,0.3234,0.0226,1.443,1.614,13.326,0.0,0,0.5,34.92
0,678,13.56,crack,0.02216,0.02215,-0.00022,0.0236,-0.0076,-9.04,36.54,0.323,0.0219,1.333,1.742,9.847,0.0,0,0.45,34.27
0,679,13.58,crack,0.02184,0.02184,0.00047,0.02336,-0.0076,-10.09,36.43,0.3227,0.0211,1.209,1.689,11.144,0.0,0,0.5,34.22
0,680,13.6,crack,0.02125,0.02122,0.0012,0.02281,-0.0076,-11.17,36.17,0.3223,0.0203,1.129,1.715,11.249,0.0,0,0.5,34.42
0,681,13.62,crack,0.02032,0.02022,0.0021,0.02202,-0.0076,-12.31,36.15,0.3221,0.0194,1.048,1.65,9.883,0.0,0,0.5,35.07
0,682,13.64,crack,0.0195,0.01928,0.00293,0.02133,-0.0076,-13.44,36.01,0.3219,0.0184,0.96,1.662,9.885,0.0,0,0.5,35.65
0,683,13.66,crack,0.01884,0.01849,0.00365,0.02081,-0.0076,-14.6,35.95,0.3217,0.0174,0.881,1.673,9.868,0.0,0,0.5,36.08
0,684,13.68,crack,0.01833,0.01781,0.00433,0.0204,-0.0076,-15.75,35.79,0.3215,0.0162,0.814,1.668,9.959,0.0,0,0.5,36.44
0,685,13.7,crack,0.0177,0.01697,0.00505,0.01987,-0.0076,-16.92,35.55,0.3214,0.0151,0.768,1.511,10.419,0.0,0,0.5,36.99
0,686,13.72,crack,0.01709,0.01609,0.00577,0.01936,-0.0076,-18.1,35.32,0.3212,0.0138,0.743,1.541,9.903,0.0,0,0.5,37.63
0,687,13.74,crack,0.01663,0.01535,0.00641,0.01899,-0.0076,-19.26,34.99,0.3211,0.0126,0.747,1.169,10.332,0.0,0,0.5,38.3
0,688,13.76,crack,0.01623,0.01464,0.00701,0.01867,-0.0076,-20.41,34.74,0.321,0.0114,0.784,1.336,10.84,0.0,0,0.5,38.98
0,689,13.78,crack,0.01583,0.01386,0.00764,0.01827,-0.0076,-21.55,34.5,0.321,0.0102,0.85,1.573,11.152,0.0,0,0.5,39.86
0,690,13.8,crack,0.01544,0.01313,0.00811,0.01785,-0.0076,-22.67,34.32,0.321,0.0093,0.937,1.741,10.47,0.0,0,0.5,40.87
0,691,13.82,crack,0.01525,0.01261,0.00857,0.01767,-0.0076,-23.77,34.16,0.321,0.0086,1.029,1.731,10.02,0.0,0,0.5,41.66
0,692,13.84,crack,0.01541,0.01215,0.00947,0.0178,-0.0076,-24.69,34.11,0.321,0.0084,1.117,1.641,7.821,0.0,0,0.5,42.29
0,693,13.86,crack,0.01537,0.01161,0.01007,0.01764,-0.0076,-25.41,34.08,0.321,0.0085,1.197,1.77,9.044,0.0,0,0.5,43.11
0,694,13.88,crack,0.01574,0.01121,0.01105,0.01791,-0.0076,-26.15,34.09,0.3211,0.0088,1.277,1.724,8.048,0.0,0,0.5,43.82
0,695,13.9,crack,0.01607,0.01089,0.01182,0.01817,-0.0076,-26.45,34.18,0.3212,0.0094,1.35,1.685,6.07,0.0,0,0.5,44.38
0,696,13.92,crack,0.0161,0.01049,0.01221,0.01813,-0.0076,-26.96,34.18,0.3212,0.0099,1.417,1.759,8.258,0.0,0,0.5,44.93
0,697,13.94,crack,0.01578,0.01016,0.01208,0.0176,-0.0076,-27.3,34.26,0.3212,0.0104,1.485,1.728,7.601,0.0,0,0.77,45.96
0,698,13.96,crack,0.0148,0.00991,0.01099,0.01633,-0.0076,-27.64,34.18,0.3211,0.0107,1.557,1.709,6.785,0.0,0,1.3,47.27
0,699,13.98,crack,0.01397,0.00994,0.00982,0.01507,-0.0076,-27.6,34.13,0.321,0.0109,1.63,1.73,7.025,0.0,0,1.81,48.56
0,700,14.0,crack,0.01341,0.01014,0.00878,0.01405,-0.0076,-27.28,34.11,0.3208,0.0108,1.702,1.751,7.011,0.0,0,2.27,49.55
0,701,14.02,crack,0.01294,0.01038,0.00773,0.01312,-0.0076,-26.85,34.17,0.3205,0.0106,1.771,1.76,7.53,0.0,0,2.71,50.46
0,702,14.04,crack,0.01279,0.01076,0.00691,0.01246,-0.0076,-26.28,34.09,0.3202,0.0102,1.84,1.386,9.373,0.0,0,3.11,51.46
0,703,14.06,crack,0.01286,0.01129,0.00617,0.01197,-0.0076,-25.67,33.86,0.3198,0.0096,1.903,0.88,11.328,0.0,0,3.49,52.39
0,704,14.08,crack,0.01304,0.01198,0.00515,0.0115,-0.0076,-25.14,32.9,0.3194,0.0091,1.961,1.4,9.861,0.0,0,3.93,53.3
0,705,14.1,crack,0.01314,0.01253,0.00395,0.01102,-0.0076,-24.95,32.67,0.319,0.0085,2.017,1.634,8.303,0.0,0,4.4,54.1
0,706,14.12,crack,0.01352,0.01313,0.00324,0.01099,-0.0076,-24.85,32.52,0.3187,0.0081,2.071,1.683,8.885,0.0,0,4.75,54.88
0,707,14.14,crack,0.0136,0.0134,0.00234,0.01079,-0.0076,-24.69,32.34,0.3183,0.0079,2.122,1.751,8.156,0.0,0,5.13,55.3
0,708,14.16,crack,0.01329,0.01324,0.00121,0.01027,-0.0076,-24.6,32.16,0.3178,0.0081,2.166,1.745,7.836,0.0,0,5.55,55.36
0,709,14.18,crack,0.01316,0.01316,-5e-05,0.00987,-0.0076,-24.44,32.05,0.3173,0.0085,2.203,1.719,8.434,0.0,0,5.99,55.56
0,710,14.2,crack,0.01344,0.01336,-0.00147,0.00986,-0.0076,-24.16,31.91,0.3167,0.0092,2.236,1.742,8.4,0.0,0,6.5,56.03
0,711,14.22,crack,0.01373,0.01343,-0.00282,0.00993,-0.0076,-23.89,31.8,0.3162,0.0101,2.265,1.744,8.294,0.0,0,7.0,56.32
0,712,14.24,crack,0.01395,0.01337,-0.00398,0.01002,-0.0076,-23.53,31.7,0.3156,0.0112,2.287,1.742,8.264,0.0,0,7.46,56.45
0,713,14.26,crack,0.01415,0.01319,-0.00512,0.01015,-0.0076,-23.16,31.66,0.315,0.0123,2.301,1.714,7.921,0.0,0,7.91,56.5
0,714,14.28,crack,0.01452,0.01304,-0.00639,0.0105,-0.0076,-22.77,31.61,0.3144,0.0134,2.311,1.717,8.253,0.0,0,8.36,56.65
0,715,14.3,crack,0.0151,0.01294,-0.00779,0.01109,-0.0076,-22.23,31.56,0.3138,0.0145,2.316,1.69,8.65,0.0,0,8.84,56.88
0,716,14.32,crack,0.0157,0.01295,-0.00886,0.01167,-0.0076,-21.67,31.52,0.3133,0.0155,2.316,1.686,8.535,0.0,0,9.26,57.18
0,717,14.34,crack,0.01578,0.01263,-0.00946,0.01183,-0.0076,-21.03,31.59,0.3128,0.0165,2.298,1.722,8.179,0.0,0,9.58,57.04
0,718,14.36,crack,0.01561,0.01205,-0.00993,0.01177,-0.0076,-20.39,31.66,0.3124,0.0174,2.27,1.688,7.411,0.0,0,9.87,56.66
0,719,14.38,crack,0.01524,0.01105,-0.01051,0.01159,-0.0076,-19.89,31.84,0.312,0.0183,2.222,1.692,7.231,0.0,0,10.2,55.91
0,720,14.4,crack,0.01491,0.01013,-0.01094,0.01147,-0.0076,-19.44,32.65,0.3118,0.019,2.166,1.394,8.298,0.0,0,10.48,55.14
0,721,14.42,crack,0.01521,0.00975,-0.01168,0.01179,-0.0076,-19.18,33.0,0.3116,0.0197,2.103,1.19,10.062,0.0,0,10.81,54.96
0,722,14.44,crack,0.01554,0.00953,-0.01227,0.01227,-0.0076,-18.78,32.36,0.3115,0.0202,2.061,1.644,8.767,0.0,0,11.14,54.8
0,723,14.46,crack,0.01488,0.00941,-0.01152,0.01163,-0.0076,-18.19,33.3,0.3114,0.0207,2.039,1.546,8.184,0.0,0,11.18,54.48
0,724,14.48,crack,0.01442,0.00926,-0.01105,0.01121,-0.0076,-17.71,33.72,0.3114,0.0212,2.006,1.216,7.506,0.0,0,11.26,54.11
0,725,14.5,crack,0.01404,0.00895,-0.01081,0.01097,-0.0076,-17.33,33.92,0.3114,0.0216,1.977,1.237,7.929,0.0,0,11.39,53.59
0,726,14.52,crack,0.01355,0.00865,-0.01043,0.0106,-0.0076,-16.93,34.44,0.3114,0.0219,1.96,1.729,7.783,0.0,0,11.5,53.11
0,727,14.54,crack,0.01309,0.00821,-0.0102,0.01042,-0.0076,-16.58,34.87,0.3113,0.0221,1.926,1.749,7.987,0.0,0,11.64,52.41
0,728,14.56,crack,0.01254,0.00789,-0.00974,0.01015,-0.0076,-16.19,35.24,0.3113,0.0223,1.887,1.747,7.984,0.0,0,11.74,51.77
0,729,14.58,crack,0.01199,0.0076,-0.00928,0.00997,-0.0076,-15.81,35.54,0.3114,0.0225,1.853,1.746,8.188,0.0,0,11.83,51.07
0,730,14.6,crack,0.01135,0.00738,-0.00863,0.00979,-0.0076,-15.47,35.77,0.3115,0.0226,1.825,1.75,7.572,0.0,0,11.89,50.29
0,731,14.62,crack,0.01071,0.00729,-0.00785,0.00974,-0.0076,-15.06,35.95,0.3117,0.0227,1.801,1.752,7.743,0.0,0,11.9,49.33
0,732,14.64,crack,0.01024,0.00734,-0.00713,0.00991,-0.0076,-14.63,36.11,0.312,0.0228,1.776,1.753,7.812,0.0,0,11.93,48.33
0,733,14.66,crack,0.00987,0.00762,-0.00627,0.01017,-0.0076,-14.16,36.26,0.3123,0.0229,1.754,1.745,7.817,0.0,0,11.93,47.31
0,734,14.68,ease,0.0098,0.00805,-0.00558,0.01067,-0.0076,-13.72,36.44,0.3127,0.0229,1.729,1.751,8.152,0.0,0,11.96,46.23
0,735,14.7,ease,0.0095,0.00836,-0.00451,0.01113,-0.0076,-13.79,40.61,0.3132,0.023,1.709,1.708,5.07,0.0,0,11.74,44.48
0,736,14.72,ease,0.00925,0.00873,-0.00305,0.01209,-0.0076,-13.82,44.73,0.3137,0.0232,1.713,1.685,5.609,0.0,0,11.39,42.37
0,737,14.74,ease,0.00901,0.00879,-0.00198,0.013,-0.0076,-14.02,48.01,0.3141,0.0234,1.718,1.614,9.38,0.0,0,11.1,40.0
0,738,14.76,ease,0.00899,0.00895,-0.00083,0.01388,-0.0076,-14.11,50.71,0.3145,0.0236,1.716,1.727,9.356,0.0,0,10.82,37.67
0,739,14.78,ease,0.00911,0.0091,-0.00034,0.0148,-0.0076,-14.37,53.08,0.3148,0.0238,1.698,1.727,9.028,0.0,0,10.67,35.35
0,740,14.8,ease,0.00925,0.00925,-0.00039,0.0157,-0.0076,-14.79,55.27,0.3151,0.0239,1.679,1.725,8.612,0.0,0,10.65,33.01
0,741,14.82,ease,0.00966,0.00962,-0.00088,0.01681,-0.0076,-15.22,57.51,0.3154,0.0241,1.665,1.713,9.637,0.0,0,10.72,30.53
0,742,14.84,ease,0.01028,0.01007,-0.00208,0.01791,-0.0076,-15.9,59.86,0.3159,0.0242,1.641,1.405,10.178,0.0,0,10.96,28.01
0,743,14.86,ease,0.01123,0.0107,-0.00339,0.01911,-0.0076,-16.63,62.07,0.3164,0.0243,1.628,1.673,10.713,0.0,0,11.21,25.52
0,744,14.88,ease,0.01245,0.01144,-0.0049,0.02033,-0.0076,-17.43,64.22,0.3169,0.0244,1.614,1.727,10.806,0.0,0,11.5,23.09
0,745,14.9,ease,0.01406,0.01236,-0.0067,0.02166,-0.0076,-18.32,66.1,0.3175,0.0244,1.599,1.727,11.301,0.0,0,11.85,20.72
0,746,14.92,ease,0.016,0.01351,-0.00857,0.02313,-0.0076,-19.14,67.46,0.3181,0.0244,1.6,1.736,10.637,0.0,0,12.22,18.39
0,747,14.94,ease,0.01763,0.0144,-0.01017,0.02427,-0.0076,-19.78,68.13,0.3187,0.0243,1.631,1.723,9.64,0.0,0,12.55,16.53
0,748,14.96,ease,0.01856,0.01451,-0.01156,0.02474,-0.0076,-20.3,67.96,0.3193,0.024,1.673,1.546,7.139,0.0,0,12.83,15.39
0,749,14.98,ease,0.01953,0.0144,-0.01319,0.02517,-0.0076,-20.83,67.69,0.3198,0.0237,1.701,1.41,8.974,0.0,0,13.17,14.65
0,750,15.0,ease,0.02025,0.01373,-0.01488,0.02526,-0.0076,-21.25,66.99,0.3202,0.0232,1.766,0.858,7.062,0.0,0,13.52,14.17
0,751,15.02,ease,0.02046,0.013,-0.01579,0.02495,-0.0076,-21.55,66.76,0.3205,0.0227,1.844,1.523,5.921,0.0,0,13.74,13.84
0,752,15.04,ease,0.01997,0.01201,-0.01596,0.02411,-0.0076,-21.72,66.57,0.3207,0.0222,1.909,1.626,6.596,0.0,0,13.78,13.62
0,753,15.06,ease,0.01933,0.0111,-0.01583,0.02319,-0.0076,-21.76,66.47,0.3208,0.0217,1.96,1.629,6.83,0.0,0,13.77,13.33
0,754,15.08,ease,0.01881,0.01017,-0.01583,0.0223,-0.0076,-21.81,66.37,0.3209,0.0211,2.0,1.692,6.747,0.0,0,13.79,13.12
0,755,15.1,ease,0.01858,0.00961,-0.0159,0.02173,-0.0076,-21.67,66.42,0.3208,0.0205,2.028,1.646,7.142,0.0,0,13.83,12.75
0,756,15.12,ease,0.01827,0.00915,-0.01581,0.02107,-0.0076,-21.52,66.51,0.3206,0.0199,2.045,1.66,7.399,0.0,0,13.84,12.47
0,757,15.14,ease,0.01782,0.00895,-0.01541,0.02031,-0.0076,-21.33,66.64,0.3205,0.0194,2.054,1.628,7.324,0.0,0,13.77,12.17
0,758,15.16,ease,0.0173,0.0091,-0.01471,0.01956,-0.0076,-21.11,66.79,0.3203,0.0189,2.056,1.601,7.29,0.0,0,13.64,11.79
0,759,15.18,ease,0.01694,0.00951,-0.01401,0.01894,-0.0076,-20.92,66.95,0.3201,0.0184,2.049,1.555,7.276,0.0,0,13.5,11.38
0,760,15.2,ease,0.01685,0.01009,-0.0135,0.01853,-0.0076,-20.75,67.08,0.3199,0.018,2.034,1.587,7.333,0.0,0,13.4,10.97
0,761,15.22,ease,0.01693,0.01074,-0.01309,0.01817,-0.0076,-20.6,67.19,0.3198,0.0176,2.011,1.619,7.613,0.0,0,13.32,10.74
0,762,15.24,ease,0.01714,0.01147,-0.01274,0.0179,-0.0076,-20.5,67.31,0.3196,0.0172,1.981,1.339,7.778,0.0,0,13.25,10.56
0,763,15.26,ease,0.01758,0.01226,-0.0126,0.01784,-0.0076,-20.4,67.42,0.3195,0.0168,1.948,1.4,7.834,0.0,0,13.23,10.36
0,764,15.28,ease,0.01818,0.01312,-0.01258,0.01791,-0.0076,-20.28,67.52,0.3193,0.0165,1.911,1.625,7.763,0.0,0,13.23,10.22
0,765,15.3,ease,0.0188,0.01412,-0.01241,0.01806,-0.0076,-20.14,67.64,0.3192,0.0163,1.87,1.623,7.726,0.0,0,13.2,10.1
0,766,15.32,ease,0.01948,0.01518,-0.01221,0.0183,-0.0076,-20.03,67.77,0.3191,0.0161,1.825,1.429,8.188,0.0,0,13.16,10.01
0,767,15.34,ease,0.02029,0.01624,-0.01216,0.01871,-0.0076,-19.91,67.89,0.319,0.0159,1.779,1.442,8.106,0.0,0,13.15,9.88
0,768,15.36,ease,0.02114,0.01728,-0.01219,0.01925,-0.0076,-19.76,68.02,0.3188,0.0158,1.733,1.451,7.803,0.0,0,13.16,9.61
0,769,15.38,ease,0.02202,0.01831,-0.01222,0.01986,-0.0076,-19.61,68.16,0.3187,0.0157,1.686,1.376,7.158,0.0,0,13.18,9.26
0,770,15.4,ease,0.0229,0.01939,-0.01218,0.02056,-0.0076,-19.43,68.31,0.3185,0.0157,1.638,1.333,6.473,0.0,0,13.17,8.81
0,771,15.42,ease,0.02398,0.02064,-0.01219,0.02153,-0.0076,-19.25,68.46,0.3183,0.0157,1.591,1.299,6.621,0.0,0,13.17,8.17
0,772,15.44,ease,0.02538,0.02218,-0.01235,0.02288,-0.0076,-19.13,68.6,0.3181,0.0158,1.545,1.201,8.326,0.0,0,13.2,7.47
0,773,15.46,ease,0.02661,0.02334,-0.01279,0.02398,-0.0076,-19.05,68.76,0.3179,0.0159,1.503,0.767,9.353,0.0,0,13.29,7.12
0,774,15.48,pull,0.02793,0.02752,0.00481,0.02511,-0.0076,-18.96,68.83,0.3177,0.016,1.461,0.719,9.309,0.0,0,13.4,7.08
0,775,15.5,pull,0.02762,0.02698,0.00591,0.02561,-0.0076,-18.74,70.43,0.3175,0.0162,1.422,1.376,11.559,0.0,0,13.43,5.77
0,776,15.52,pull,0.02672,0.02581,0.00691,0.02552,-0.0076,-18.45,71.42,0.3174,0.0165,1.381,1.335,12.42,0.0,0,13.39,4.05
0,777,15.54,pull,0.02591,0.02477,0.00759,0.02538,-0.0076,-18.37,71.62,0.3172,0.0168,1.338,1.641,11.846,0.0,0,13.41,2.53
0,778,15.56,pull,0.02538,0.02409,0.00798,0.02533,-0.0076,-18.38,71.37,0.317,0.0172,1.3,1.562,11.433,0.0,0,13.52,1.24
0,779,15.58,pull,0.02583,0.02427,0.00883,0.0259,-0.0076,-18.44,71.39,0.3169,0.0176,1.267,0.729,5.562,0.0,0,13.65,0.73
0,780,15.6,pull,0.02598,0.02416,0.00955,0.02618,-0.0076,-18.59,71.17,0.3168,0.0181,1.222,1.118,8.279,0.0,0,13.74,0.62
0,781,15.62,pull,0.02679,0.02469,0.01039,0.02707,-0.0076,-18.68,71.05,0.3167,0.0186,1.186,1.27,10.912,0.0,0,13.88,0.55
0,782,15.64,pull,0.02737,0.02526,0.01053,0.02768,-0.0076,-18.74,70.97,0.3166,0.0191,1.156,1.259,10.285,0.0,0,14.14,0.45
0,783,15.66,pull,0.02797,0.02589,0.0106,0.02829,-0.0076,-18.78,70.93,0.3165,0.0195,1.128,1.233,10.534,0.0,0,14.43,0.39
0,784,15.68,pull,0.0286,0.02641,0.01096,0.02892,-0.0076,-18.77,70.93,0.3164,0.0199,1.101,1.225,10.554,0.0,0,14.66,0.44
0,785,15.7,pull,0.02923,0.02686,0.01152,0.02957,-0.0076,-18.77,70.94,0.3163,0.0204,1.075,1.191,10.826,0.0,0,14.84,0.5
0,786,15.72,pull,0.02985,0.02736,0.01194,0.03019,-0.0076,-18.79,70.92,0.3162,0.0208,1.049,1.176,10.785,0.0,0,15.04,0.61
0,787,15.74,pull,0.03047,0.02785,0.01236,0.03079,-0.0076,-18.81,70.9,0.316,0.0212,1.02,1.142,10.945,0.0,0,15.24,0.8
0,788,15.76,pull,0.0311,0.02828,0.01292,0.03142,-0.0076,-18.81,70.91,0.3159,0.0216,0.989,1.157,10.995,0.0,0,15.41,0.96
0,789,15.78,pull,0.03172,0.02864,0.01363,0.03205,-0.0076,-18.82,70.9,0.3157,0.022,0.959,1.227,11.62,0.0,0,15.57,1.05
0,790,15.8,pull,0.03208,0.02885,0.01402,0.03239,-0.0076,-18.98,70.76,0.3155,0.0224,0.928,1.677,11.571,0.0,0,15.75,1.24
0,791,15.82,pull,0.03264,0.02926,0.01447,0.0329,-0.0076,-19.03,70.82,0.3153,0.0227,0.896,1.648,11.335,0.0,0,15.95,1.43
0,792,15.84,pull,0.03333,0.02961,0.0153,0.03359,-0.0076,-18.86,71.05,0.315,0.0231,0.865,1.529,6.663,0.0,0,16.11,1.35
0,793,15.86,pull,0.03404,0.02951,0.01698,0.03435,-0.0076,-18.95,70.93,0.3148,0.0235,0.822,1.336,6.625,0.0,0,16.05,1.36
0,794,15.88,pull,0.03438,0.02902,0.01843,0.03476,-0.0076,-19.01,70.79,0.3145,0.0239,0.761,1.418,8.14,0.0,0,15.97,1.2
0,795,15.9,pull,0.0353,0.02945,0.01946,0.03565,-0.0076,-19.21,70.7,0.3143,0.0243,0.687,1.707,5.81,0.0,0,16.04,1.34
0,796,15.92,pull,0.0354,0.02959,0.01942,0.03574,-0.0076,-19.57,70.33,0.314,0.0246,0.605,1.211,6.877,0.0,0,16.24,1.4
0,797,15.94,pull,0.03586,0.03013,0.01944,0.03621,-0.0076,-19.76,70.11,0.3138,0.0248,0.559,1.47,6.236,0.0,0,16.52,1.2
0,798,15.96,pull,0.03596,0.0302,0.01952,0.03632,-0.0076,-20.09,69.75,0.3135,0.0251,0.498,1.461,7.22,0.0,0,16.7,1.16
0,799,15.98,pull,0.03657,0.0304,0.02033,0.03696,-0.0076,-20.22,69.59,0.3132,0.0254,0.468,1.484,8.433,0.0,0,16.81,1.02
0,800,16.0,pull,0.03698,0.03043,0.02102,0.03739,-0.0076,-20.3,69.37,0.3129,0.0256,0.449,1.344,9.054,0.0,0,16.91,1.02
0,801,16.02,pull,0.0376,0.03091,0.02141,0.03801,-0.0076,-20.39,69.2,0.3126,0.0259,0.422,1.414,9.175,0.0,0,17.09,1.16
0,802,16.04,pull,0.03834,0.03155,0.02179,0.03873,-0.0076,-20.32,69.27,0.3123,0.0261,0.39,1.353,9.22,0.0,0,17.32,1.35
0,803,16.06,pull,0.03909,0.03202,0.02241,0.03946,-0.0076,-20.23,69.36,0.312,0.0264,0.358,1.345,10.215,0.0,0,17.5,1.5
0,804,16.08,pull,0.03939,0.03194,0.02305,0.03979,-0.0076,-20.22,69.33,0.3117,0.0266,0.326,1.345,12.195,0.0,0,17.6,1.14
0,805,16.1,pull,0.04072,0.03259,0.0244,0.04111,-0.0076,-20.04,69.72,0.3114,0.0268,0.3,1.581,9.454,0.0,0,17.68,0.92
0,806,16.12,pull,0.04198,0.0327,0.02632,0.04238,-0.0076,-19.87,69.9,0.3112,0.0271,0.267,1.667,9.229,0.0,0,17.59,0.78
0,807,16.14,pull,0.04308,0.03248,0.02831,0.04353,-0.0076,-19.71,69.92,0.3109,0.0274,0.224,1.647,8.484,0.0,0,17.47,0.27
0,808,16.16,pull,0.04379,0.03218,0.0297,0.04428,-0.0076,-19.9,69.72,0.3106,0.0277,0.151,1.682,9.44,0.0,0,17.39,0.1
0,809,16.18,pull,0.04528,0.03286,0.03115,0.04575,-0.0076,-19.94,69.64,0.3104,0.0279,0.091,1.472,8.505,0.0,0,17.41,0.07
0,810,16.2,pull,0.04639,0.03399,0.03157,0.04684,-0.0076,-19.99,69.56,0.3101,0.0281,0.049,1.644,7.598,0.0,0,17.66,-0.0
0,811,16.22,pull,0.04736,0.03518,0.03171,0.04778,-0.0076,-20.03,69.51,0.3099,0.0281,0.018,1.601,7.331,0.0,0,17.97,-0.0
0,812,16.24,pull,0.04851,0.03597,0.03254,0.0489,-0.0076,-19.99,69.56,0.3097,0.0283,-0.007,1.54,8.265,0.0,0,18.13,-0.0
0,813,16.26,pull,0.04994,0.03674,0.03383,0.05031,-0.0076,-19.93,69.62,0.3096,0.0284,-0.031,1.542,8.18,0.0,0,18.2,0.01
0,814,16.28,pull,0.05123,0.03757,0.03483,0.05158,-0.0076,-19.88,69.68,0.3094,0.0285,-0.057,1.593,7.379,0.0,0,18.32,-0.0
0,815,16.3,pull,0.05208,0.03819,0.03541,0.05242,-0.0076,-19.83,69.74,0.3093,0.0286,-0.081,1.44,8.782,0.0,0,18.49,-0.0
0,816,16.32,pull,0.05252,0.03847,0.03575,0.05286,-0.0076,-19.83,69.72,0.3091,0.0287,-0.104,1.412,13.087,0.0,0,18.67,-0.0
0,817,16.34,pull,0.05347,0.03894,0.03664,0.05379,-0.0076,-19.82,69.94,0.309,0.0287,-0.12,1.403,9.894,0.0,0,18.78,0.2
0,818,16.36,pull,0.05483,0.03888,0.03866,0.05515,-0.0076,-19.65,70.01,0.3089,0.0289,-0.133,1.717,14.091,0.0,0,18.68,-0.0
0,819,16.38,pull,0.05588,0.03873,0.04027,0.05621,-0.0076,-19.77,70.03,0.3088,0.0291,-0.154,1.567,8.108,0.0,0,18.59,-0.0
0,820,16.4,pull,0.05629,0.03871,0.04087,0.05662,-0.0076,-19.87,69.9,0.3087,0.0292,-0.177,1.645,9.184,0.0,0,18.69,-0.0
0,821,16.42,pull,0.0566,0.03867,0.04133,0.05693,-0.0076,-20.07,69.53,0.3086,0.0293,-0.212,1.695,10.737,0.0,0,18.79,-0.0
0,822,16.44,pull,0.05701,0.03877,0.0418,0.05732,-0.0076,-20.23,69.31,0.3084,0.0294,-0.234,1.43,10.163,0.0,0,18.92,-0.0
0,823,16.46,pull,0.05717,0.039,0.04181,0.05748,-0.0076,-20.39,69.1,0.3083,0.0295,-0.25,1.139,9.846,0.0,0,19.14,-0.0
0,824,16.48,pull,0.05727,0.03937,0.0416,0.05756,-0.0076,-20.58,68.91,0.3082,0.0296,-0.263,1.192,9.911,0.0,0,19.41,-0.0
0,825,16.5,pull,0.05754,0.0396,0.04175,0.05781,-0.0076,-20.67,68.8,0.3081,0.0298,-0.27,1.172,9.47,0.0,0,19.62,-0.0
0,826,16.52,pull,0.05792,0.03975,0.04212,0.05818,-0.0076,-20.74,68.78,0.3081,0.0299,-0.274,1.059,14.548,0.0,0,19.78,-0.0
0,827,16.54,pull,0.05821,0.03999,0.0423,0.05854,-0.0076,-20.5,69.3,0.3081,0.0301,-0.372,1.726,9.124,0.0,0,19.99,0.53
0,828,16.56,pull,0.05876,0.03953,0.04347,0.05909,-0.0076,-20.13,69.41,0.3082,0.0303,-0.561,1.563,10.769,0.0,0,19.96,0.22
0,829,16.58,pull,0.05953,0.03929,0.04473,0.0599,-0.0076,-19.9,69.56,0.3084,0.0306,-0.745,1.385,10.594,0.0,0,19.92,-0.0
0,830,16.6,pull,0.05986,0.03911,0.04531,0.06022,-0.0076,-19.76,69.48,0.3088,0.0308,-0.943,1.312,10.489,0.0,0,19.99,-0.0
0,831,16.62,pull,0.05999,0.03919,0.04542,0.06035,-0.0076,-19.69,69.35,0.3093,0.0309,-1.122,1.276,10.36,0.0,0,20.16,-0.0
0,832,16.64,pull,0.06006,0.03931,0.04541,0.06043,-0.0076,-19.7,69.15,0.31,0.0309,-1.278,1.388,11.028,0.0,0,20.34,-0.0
0,833,16.66,pull,0.06039,0.03938,0.04579,0.06077,-0.0076,-19.7,69.0,0.3108,0.0308,-1.413,1.306,11.443,0.0,0,20.46,-0.0
0,834,16.68,pull,0.06067,0.0395,0.04605,0.06104,-0.0076,-19.72,68.83,0.3117,0.0308,-1.537,1.251,11.429,0.0,0,20.6,-0.0
0,835,16.7,pull,0.06057,0.03941,0.046,0.06095,-0.0076,-19.78,68.65,0.3127,0.0307,-1.662,1.338,11.259,0.0,0,20.79,-0.0
0,836,16.72,pull,0.06008,0.03917,0.04555,0.06047,-0.0076,-19.94,68.38,0.3138,0.0305,-1.787,1.409,10.926,0.0,0,21.02,-0.0
0,837,16.74,pull,0.05927,0.03926,0.0444,0.05968,-0.0076,-20.2,68.0,0.315,0.0304,-1.897,1.364,10.577,0.0,0,21.4,-0.0
0,838,16.76,pull,0.05811,0.03963,0.04249,0.05853,-0.0076,-20.47,67.64,0.3161,0.0302,-1.985,1.526,10.231,0.0,0,21.93,-0.0
0,839,16.78,pull,0.05661,0.03988,0.04018,0.05704,-0.0076,-20.74,67.3,0.3172,0.0299,-2.052,1.551,10.292,0.0,0,22.55,0.11
0,840,16.8,pull,0.055,0.03984,0.03792,0.05542,-0.0076,-20.99,66.99,0.3182,0.0296,-2.107,1.557,9.843,0.0,0,23.17,0.17
0,841,16.82,pull,0.05347,0.0397,0.03583,0.05388,-0.0076,-21.13,66.82,0.3191,0.0292,-2.152,1.568,9.769,0.0,0,23.77,0.32
0,842,16.84,pull,0.05182,0.03947,0.03358,0.0522,-0.0076,-21.3,66.62,0.3198,0.0287,-2.187,1.567,9.702,0.0,0,24.39,0.58
0,843,16.86,pull,0.05027,0.03912,0.03157,0.05063,-0.0076,-21.36,66.56,0.3205,0.0281,-2.213,1.607,9.829,0.0,0,24.97,0.91
0,844,16.88,pull,0.04872,0.03872,0.02957,0.04906,-0.0076,-21.47,66.45,0.321,0.0275,-2.232,1.581,9.995,0.0,0,25.55,1.32
0,845,16.9,pull,0.04717,0.03829,0.02755,0.04748,-0.0076,-21.54,66.38,0.3213,0.0269,-2.241,1.586,9.989,0.0,0,26.13,1.77
0,846,16.92,pull,0.04556,0.03777,0.02547,0.04584,-0.0076,-21.57,66.38,0.3216,0.0262,-2.242,1.616,10.043,0.0,0,26.73,2.22
0,847,16.94,pull,0.04385,0.03718,0.02324,0.0441,-0.0076,-21.56,66.43,0.3217,0.0254,-2.235,1.634,10.088,0.0,0,27.35,2.63
0,848,16.96,pull,0.04198,0.0364,0.0209,0.0422,-0.0076,-21.53,66.51,0.3217,0.0245,-2.218,1.641,10.216,0.0,0,28.0,3.01
0,849,16.98,pull,0.04,0.03549,0.01847,0.04019,-0.0076,-21.48,66.62,0.3217,0.0236,-2.193,1.649,10.284,0.0,0,28.66,3.37
0,850,17.0,pull,0.03792,0.03443,0.0159,0.03807,-0.0076,-21.42,66.72,0.3216,0.0227,-2.16,1.649,10.349,0.0,0,29.34,3.7
0,851,17.02,pull,0.03564,0.03313,0.01314,0.03575,-0.0076,-21.41,66.76,0.3214,0.0217,-2.121,1.636,10.28,0.0,0,30.05,4.02
0,852,17.04,pull,0.03321,0.03163,0.01013,0.03328,-0.0076,-21.43,66.73,0.3211,0.0206,-2.075,1.631,10.266,0.0,0,30.8,4.37
0,853,17.06,pull,0.03078,0.02999,0.00694,0.03079,-0.0076,-21.43,66.71,0.3209,0.0196,-2.024,1.64,10.146,0.0,0,31.59,4.65
0,854,17.08,pull,0.02827,0.02803,0.00367,0.02822,-0.0076,-21.33,66.8,0.3206,0.0185,-1.971,1.66,9.532,0.0,0,32.41,4.72
0,855,17.1,pull,0.02555,0.02554,0.00054,0.02544,-0.0076,-21.13,66.99,0.3202,0.0174,-1.919,1.683,8.038,0.0,0,33.23,4.54
0,856,17.12,pull,0.0227,0.02256,-0.00255,0.02253,-0.0076,-20.89,67.19,0.3197,0.0163,-1.869,1.678,7.793,0.0,0,34.04,4.23
0,857,17.14,pull,0.02019,0.0195,-0.00524,0.01997,-0.0076,-20.58,67.46,0.3192,0.0152,-1.811,1.73,7.176,0.0,0,34.81,3.75
0,858,17.16,pull,0.0183,0.01671,-0.00746,0.01805,-0.0076,-20.21,67.8,0.3186,0.0142,-1.737,1.727,6.116,0.0,0,35.52,2.99
0,859,17.18,pull,0.01679,0.01405,-0.00919,0.01655,-0.0076,-19.77,68.22,0.318,0.0131,-1.647,1.724,5.403,0.0,0,36.16,1.95
0,860,17.2,pull,0.01629,0.01232,-0.01065,0.01605,-0.0076,-19.28,69.3,0.3173,0.012,-1.545,1.397,8.948,0.0,0,36.7,1.71
0,861,17.22,pull,0.01547,0.01058,-0.01129,0.01526,-0.0076,-18.99,69.31,0.3166,0.011,-1.447,1.162,6.362,0.0,0,37.11,1.71
0,862,17.24,pull,0.01544,0.00947,-0.01219,0.01525,-0.0076,-18.48,70.22,0.3159,0.01,-1.362,1.426,8.655,0.0,0,37.46,1.69
0,863,17.26,pull,0.01497,0.00821,-0.01252,0.01483,-0.0076,-18.14,70.37,0.3151,0.0093,-1.276,1.141,6.829,0.0,0,37.76,1.3
0,864,17.28,pull,0.01437,0.00726,-0.0124,0.0143,-0.0076,-17.7,70.75,0.3144,0.0086,-1.186,1.319,8.31,0.0,0,37.92,0.66
0,865,17.3,pull,0.01398,0.0067,-0.01228,0.01399,-0.0076,-17.24,71.2,0.3137,0.0081,-1.11,1.544,8.826,0.0,0,38.07,-0.0
0,866,17.32,pull,0.01287,0.00587,-0.01145,0.0129,-0.0076,-17.04,70.84,0.3129,0.0077,-1.017,0.695,6.179,0.0,0,38.1,-0.0
0,867,17.34,pull,0.01198,0.00585,-0.01046,0.01204,-0.0076,-16.75,70.72,0.3122,0.0073,-0.912,0.869,7.592,0.0,0,38.07,-0.0
0,868,17.36,pull,0.0109,0.00598,-0.00912,0.01095,-0.0076,-16.61,70.45,0.3114,0.0069,-0.798,1.602,9.677,0.0,0,38.02,-0.0
0,869,17.38,pull,0.00968,0.00623,-0.00741,0.00966,-0.0076,-16.31,70.83,0.3105,0.0067,-0.676,0.65,7.961,0.0,0,37.89,-0.0
0,870,17.4,pull,0.00859,0.00639,-0.00574,0.00846,-0.0076,-16.03,71.19,0.3096,0.0065,-0.574,1.603,8.161,0.0,0,37.74,-0.0
0,871,17.42,pull,0.00739,0.00664,-0.00323,0.00708,-0.0076,-15.85,71.42,0.3088,0.0064,-0.465,1.666,10.292,0.0,0,37.46,-0.0
0,872,17.44,pull,0.00681,0.00673,-0.00107,0.0065,-0.0076,-15.37,72.54,0.3081,0.0063,-0.344,1.773,1.621,0.0,0,37.04,0.0
0,873,17.46,pull,0.00964,0.00961,0.00074,0.00942,-0.0076,-14.8,73.44,0.3076,0.0059,-0.208,1.609,11.141,0.0,0,36.83,0.71
0,874,17.48,pull,0.01022,0.01019,0.00078,0.01001,-0.0076,-14.36,74.43,0.3075,0.0055,-0.079,1.448,9.243,0.0,0,37.1,1.25
0,875,17.5,pull,0.00952,0.00938,0.00163,0.00941,-0.0076,-14.16,75.13,0.3076,0.0052,0.042,1.723,11.492,0.0,0,37.2,3.16
0,876,17.52,pull,0.00982,0.00916,0.00353,0.00986,-0.0076,-14.09,75.51,0.308,0.005,0.152,1.726,16.33,0.0,0,37.05,5.61
0,877,17.54,pull,0.01086,0.00971,0.00486,0.01103,-0.0076,-13.96,75.84,0.3086,0.0048,0.243,1.724,16.161,0.0,0,37.02,7.51
0,878,17.56,pull,0.012,0.01047,0.00587,0.01221,-0.0076,-13.8,76.07,0.3093,0.0047,0.339,1.729,15.53,0.0,0,37.08,8.56
0,879,17.58,pull,0.01327,0.01148,0.00665,0.01352,-0.0076,-13.7,76.24,0.3102,0.0049,0.421,1.73,16.385,0.0,0,37.18,9.9
0,880,17.6,pull,0.01466,0.01266,0.00739,0.01495,-0.0076,-13.51,76.49,0.311,0.0051,0.472,1.729,12.302,0.0,0,37.31,11.2
0,881,17.62,pull,0.0146,0.01034,0.0103,0.0147,-0.0076,-13.27,76.58,0.3116,0.0053,0.482,1.463,6.875,0.0,0,36.92,8.38
0,882,17.64,pull,0.01637,0.00874,0.01384,0.01635,-0.0076,-12.82,77.04,0.3121,0.0053,0.47,1.088,3.082,0.0,0,36.26,5.68
0,883,17.66,pull,0.02001,0.00873,0.018,0.01999,-0.0076,-12.8,77.04,0.3124,0.005,0.488,1.461,3.953,0.0,0,35.54,3.29
0,884,17.68,pull,0.02003,0.00782,0.01844,0.01999,-0.0076,-12.7,77.12,0.3127,0.0048,0.463,1.631,5.044,0.0,0,35.15,0.87
0,885,17.7,pull,0.02044,0.00822,0.01872,0.0203,-0.0076,-13.22,76.47,0.313,0.0046,0.399,1.724,9.642,0.0,0,35.26,-0.0
0,886,17.72,pull,0.0214,0.00815,0.01979,0.02121,-0.0076,-13.92,75.59,0.3134,0.0045,0.384,1.704,8.868,0.0,0,35.29,-0.0
0,887,17.74,pull,0.02227,0.00824,0.02068,0.022,-0.0076,-14.56,74.77,0.3136,0.0045,0.402,1.674,9.284,0.0,0,35.29,-0.0
0,888,17.76,pull,0.02284,0.00835,0.02125,0.02248,-0.0076,-15.16,74.0,0.3138,0.0047,0.425,1.718,9.398,0.0,0,35.37,-0.0
0,889,17.78,pull,0.02264,0.00836,0.02104,0.02219,-0.0076,-15.72,73.2,0.3139,0.005,0.436,1.711,9.711,0.0,0,35.61,-0.0
0,890,17.8,pull,0.02103,0.00828,0.01933,0.02046,-0.0076,-16.14,72.42,0.3138,0.0054,0.408,1.712,10.605,0.0,0,36.11,-0.0
0,891,17.82,pull,0.01898,0.00819,0.01712,0.0183,-0.0076,-16.49,71.13,0.3136,0.0058,0.366,1.637,12.561,0.0,0,36.77,-0.0
0,892,17.84,pull,0.01829,0.00833,0.01628,0.01746,-0.0076,-16.68,70.28,0.3133,0.0063,0.362,1.634,13.296,0.0,0,37.26,-0.0
0,893,17.86,pull,0.01827,0.00843,0.01621,0.01726,-0.0076,-16.73,69.89,0.3129,0.0069,0.37,1.73,12.431,0.0,0,37.56,-0.0
0,894,17.88,pull,0.01862,0.00862,0.0165,0.01744,-0.0076,-16.65,69.82,0.3125,0.0075,0.362,1.616,11.169,0.0,0,37.77,-0.0
0,895,17.9,pull,0.01912,0.00882,0.01696,0.01777,-0.0076,-16.49,70.24,0.312,0.0081,0.344,1.659,9.117,0.0,0,37.93,-0.0
0,896,17.92,pull,0.01969,0.00906,0.01748,0.01822,-0.0076,-16.32,70.61,0.3117,0.0089,0.325,0.925,8.748,0.0,0,38.07,-0.0
0,897,17.94,pull,0.0199,0.00936,0.01756,0.01827,-0.0076,-16.08,71.19,0.3113,0.0097,0.287,1.042,7.911,0.0,0,38.29,-0.0
0,898,17.96,pull,0.0195,0.0096,0.01698,0.0177,-0.0076,-15.97,71.46,0.3111,0.0106,0.23,0.928,7.741,0.0,0,38.67,-0.0
0,899,17.98,pull,0.0187,0.00977,0.01594,0.01676,-0.0076,-15.76,72.12,0.311,0.0116,0.181,1.004,7.979,0.0,0,39.14,-0.0
0,900,18.0,pull,0.01787,0.00966,0.01503,0.01591,-0.0076,-15.77,72.21,0.311,0.0127,0.152,1.637,8.382,0.0,0,39.58,-0.0
0,901,18.02,pull,0.01733,0.00977,0.01432,0.01523,-0.0076,-15.68,72.47,0.311,0.0138,0.126,1.737,9.716,0.0,0,39.98,-0.0
0,902,18.04,pull,0.01834,0.00997,0.0154,0.0162,-0.0076,-15.76,72.45,0.3112,0.0148,0.182,1.676,9.242,0.0,0,40.03,-0.0
0,903,18.06,pull,0.02065,0.01027,0.01791,0.0185,-0.0076,-15.89,72.42,0.3114,0.0158,0.28,1.704,10.034,0.0,0,39.71,-0.0
0,904,18.08,pull,0.02147,0.01042,0.01877,0.01926,-0.0076,-16.11,72.15,0.3116,0.0168,0.299,1.725,10.423,0.0,0,39.64,-0.0
0,905,18.1,pull,0.0204,0.01048,0.0175,0.01799,-0.0076,-16.42,71.56,0.3118,0.0177,0.249,1.728,9.495,0.0,0,40.03,-0.0
0,906,18.12,pull,0.0179,0.01074,0.01432,0.01512,-0.0076,-16.59,71.14,0.3119,0.0187,0.184,1.571,10.485,0.0,0,40.85,-0.0
0,907,18.14,pull,0.0165,0.0108,0.01247,0.01352,-0.0076,-16.65,71.1,0.312,0.0198,0.178,1.724,12.163,0.0,0,41.57,-0.0
0,908,18.16,pull,0.01619,0.01071,0.01214,0.0132,-0.0076,-16.65,71.16,0.312,0.0209,0.21,1.705,11.427,0.0,0,41.92,-0.0
0,909,18.18,pull,0.01676,0.01063,0.01295,0.01388,-0.0076,-16.59,71.38,0.312,0.022,0.247,1.721,11.047,0.0,0,41.99,-0.0
0,910,18.2,pull,0.0186,0.01063,0.01526,0.0159,-0.0076,-16.53,71.59,0.3119,0.023,0.313,1.724,9.911,0.0,0,41.73,-0.0
0,911,18.22,pull,0.02079,0.01075,0.01779,0.01821,-0.0076,-16.54,71.67,0.3118,0.024,0.377,1.731,9.925,0.0,0,41.41,-0.0
0,912,18.24,pull,0.02164,0.01087,0.01871,0.01905,-0.0076,-16.67,71.44,0.3117,0.0249,0.379,1.684,8.997,0.0,0,41.43,-0.0
0,913,18.26,pull,0.02099,0.01098,0.01789,0.01834,-0.0076,-16.85,71.1,0.3116,0.0258,0.321,1.739,11.291,0.0,0,41.83,-0.0
0,914,18.28,pull,0.01941,0.01092,0.01604,0.01666,-0.0076,-17.06,70.7,0.3115,0.0268,0.253,1.726,11.693,0.0,0,42.49,-0.0
0,915,18.3,pull,0.01853,0.01084,0.01502,0.01573,-0.0076,-17.16,70.56,0.3114,0.0279,0.238,1.699,11.512,0.0,0,43.01,-0.0
0,916,18.32,pull,0.01883,0.01084,0.0154,0.01603,-0.0076,-17.17,70.62,0.3113,0.0289,0.275,1.724,10.658,0.0,0,43.21,-0.0
0,917,18.34,pull,0.02012,0.01095,0.01688,0.01736,-0.0076,-17.1,70.82,0.3112,0.03,0.33,1.728,10.399,0.0,0,43.12,-0.0
0,918,18.36,pull,0.02138,0.01108,0.01829,0.01865,-0.0076,-17.06,70.95,0.3111,0.0309,0.359,1.736,10.547,0.0,0,43.05,-0.0
0,919,18.38,pull,0.02169,0.01115,0.01861,0.01894,-0.0076,-17.09,70.96,0.3109,0.0318,0.336,1.735,10.851,0.0,0,43.23,-0.0
0,920,18.4,pull,0.02094,0.01114,0.01773,0.01815,-0.0076,-17.19,70.78,0.3107,0.0327,0.282,1.733,11.726,0.0,0,43.66,-0.0
0,921,18.42,pull,0.0201,0.01107,0.01677,0.01727,-0.0076,-17.24,70.73,0.3105,0.0335,0.242,1.728,11.475,0.0,0,44.14,-0.0
0,922,18.44,pull,0.02018,0.01102,0.0169,0.01738,-0.0076,-17.23,70.8,0.3103,0.0344,0.247,1.726,10.773,0.0,0,44.39,-0.0
0,923,18.46,pull,0.02151,0.01105,0.01845,0.01883,-0.0076,-17.17,70.98,0.3101,0.0353,0.29,1.727,10.087,0.0,0,44.3,-0.0
0,924,18.48,release,0.02332,0.01118,0.02046,0.02074,-0.0076,-17.1,71.16,0.3099,0.0361,0.325,1.734,10.105,0.0,0,44.09,-0.0
0,925,18.5,release,0.0233,0.01119,0.02044,0.02071,-0.00711,-17.1,71.22,0.3097,0.0368,0.309,1.73,10.542,0.0,0,44.09,-0.0
0,926,18.52,release,0.02192,0.01112,0.01889,0.01926,-0.00662,-17.19,71.07,0.3095,0.0375,0.248,1.732,10.997,0.0,0,44.42,-0.0
0,927,18.54,release,0.02021,0.01098,0.01696,0.01747,-0.00613,-17.25,70.99,0.3093,0.0382,0.196,1.73,9.983,0.0,0,44.87,-0.0
0,928,18.56,release,0.01943,0.01089,0.0161,0.01665,-0.00564,-17.27,70.97,0.3091,0.0389,0.196,1.742,9.064,0.0,0,45.09,-0.0
0,929,18.58,release,0.02042,0.0109,0.01727,0.01773,-0.00515,-17.24,71.04,0.309,0.0396,0.25,1.731,7.693,0.0,0,44.85,-0.0
0,930,18.6,release,0.02225,0.01102,0.01933,0.01965,-0.00466,-17.16,71.19,0.3088,0.0403,0.303,1.737,7.477,0.0,0,44.39,-0.0
0,931,18.62,release,0.02328,0.01113,0.02044,0.02066,-0.00417,-17.13,71.23,0.3087,0.0409,0.298,1.627,7.583,0.0,0,44.11,-0.0
0,932,18.64,release,0.02268,0.01131,0.01965,0.0199,-0.00368,-17.14,71.13,0.3085,0.0416,0.233,1.575,7.561,0.0,0,44.19,-0.0
0,933,18.66,release,0.02129,0.01142,0.01796,0.01828,-0.00319,-17.11,71.12,0.3083,0.0422,0.159,1.731,8.24,0.0,0,44.59,-0.0
0,934,18.68,release,0.02045,0.01147,0.01693,0.01728,-0.0027,-17.0,71.32,0.3082,0.0429,0.141,1.729,7.298,0.0,0,44.86,-0.0
0,935,18.7,release,0.02143,0.0115,0.01808,0.01831,-0.00221,-16.89,71.53,0.3081,0.0435,0.194,1.687,5.645,0.0,0,44.62,-0.0
0,936,18.72,release,0.02418,0.0117,0.02116,0.02117,-0.00172,-16.77,71.71,0.3079,0.0441,0.254,1.663,5.707,0.0,0,43.92,-0.0
0,937,18.74,release,0.02609,0.01186,0.02324,0.02308,-0.00123,-16.65,71.8,0.3078,0.0446,0.246,1.766,4.311,0.0,0,43.28,0.0
0,938,18.76,release,0.02512,0.01288,0.02156,0.02174,-0.00074,-16.44,71.89,0.3076,0.0451,0.17,1.791,1.967,0.0,0,42.93,0.0
0,939,18.78,release,0.025,0.01365,0.02095,0.02129,-0.00025,-16.2,72.15,0.3074,0.0456,0.082,1.718,5.498,0.0,0,42.81,-0.0
0,940,18.8,release,0.02547,0.01386,0.02136,0.0216,0.00024,-15.96,72.51,0.3072,0.0461,0.045,1.703,5.104,0.0,0,42.73,-0.0
0,941,18.82,release,0.02724,0.01374,0.02352,0.02353,0.00073,-15.81,72.79,0.307,0.0466,0.082,1.504,2.516,0.0,0,42.3,0.0
0,942,18.84,release,0.02884,0.01405,0.02519,0.02511,0.00122,-15.68,72.93,0.3068,0.047,0.1,1.616,4.038,0.0,0,41.8,0.0
0,943,18.86,release,0.02935,0.01483,0.02533,0.02537,0.00171,-15.59,72.9,0.3066,0.0474,0.056,1.773,2.32,0.0,0,41.35,0.0
0,944,18.88,release,0.02922,0.01608,0.0244,0.02492,0.0022,-15.36,73.08,0.3065,0.0478,-0.018,1.78,1.708,0.0,0,41.06,0.0
0,945,18.9,release,0.02937,0.01641,0.02436,0.02484,0.00269,-15.15,73.33,0.3063,0.0481,-0.092,1.758,2.495,0.0,0,40.89,0.0
0,946,18.92,release,0.02877,0.01349,0.02541,0.02471,0.00318,-15.43,73.28,0.3061,0.0484,-0.117,1.731,0.0,0.0,0,40.76,-0.0
0,947,18.94,release,0.03265,0.0159,0.02852,0.0284,0.00367,-14.94,73.79,0.3061,0.0487,-0.122,1.722,6.141,0.0,0,40.63,-0.0
0,948,18.96,release,0.03391,0.01616,0.02981,0.02939,0.00416,-14.96,73.65,0.306,0.049,-0.139,1.736,3.847,0.0,0,40.31,-0.0
0,949,18.98,release,0.03397,0.01664,0.02961,0.02909,0.00465,-14.89,73.62,0.306,0.0494,-0.187,1.771,2.034,0.0,0,40.02,0.0
0,950,19.0,release,0.03279,0.01779,0.02754,0.02746,0.00514,-14.7,73.76,0.306,0.0497,-0.259,1.794,0.289,0.0,0,39.91,0.0
0,951,19.02,release,0.02991,0.01516,0.02578,0.02485,0.00563,-14.92,73.82,0.3061,0.0498,-0.309,1.73,0.0,0.0,0,39.85,-0.0
0,952,19.04,release,0.0346,0.01761,0.02978,0.02983,0.00612,-14.35,74.69,0.3061,0.0499,-0.303,1.726,0.0,0.0,0,39.79,-0.0
0,953,19.06,release,0.03543,0.01796,0.03055,0.03032,0.00661,-14.45,74.4,0.3062,0.05,-0.328,1.736,3.074,0.0,0,39.63,-0.0
0,954,19.08,release,0.03485,0.01786,0.02993,0.02951,0.0071,-14.49,74.27,0.3063,0.0502,-0.36,1.729,0.0,0.0,0,39.38,-0.0
0,955,19.1,release,0.0358,0.01854,0.03062,0.03014,0.00759,-14.52,74.09,0.3064,0.0503,-0.367,1.735,3.071,0.0,0,39.05,-0.0
0,956,19.12,release,0.03391,0.01811,0.02866,0.02806,0.00808,-14.7,73.86,0.3066,0.0504,-0.396,1.73,0.0,0.0,0,38.71,-0.0
0,957,19.14,release,0.03486,0.02032,0.02833,0.02862,0.00857,-14.45,74.01,0.3068,0.0504,-0.407,1.722,0.306,0.0,0,38.4,-0.0
0,958,19.16,release,0.03519,0.02065,0.02849,0.02875,0.00906,-14.57,73.76,0.3069,0.0503,-0.405,1.73,0.0,0.0,0,38.17,-0.0
0,959,19.18,release,0.03526,0.02163,0.02784,0.02849,0.00955,-14.51,73.75,0.307,0.0501,-0.409,1.73,0.0,0.0,0,37.98,-0.0
0,960,19.2,release,0.03255,0.01893,0.02648,0.02596,0.01004,-14.9,73.53,0.3072,0.0497,-0.412,1.73,0.0,0.0,0,37.77,-0.0
0,961,19.22,release,0.03394,0.01891,0.02819,0.02751,0.01053,-14.83,73.7,0.3073,0.0493,-0.403,1.73,0.0,0.0,0,37.57,-0.0
0,962,19.24,release,0.03654,0.02046,0.03028,0.03005,0.01102,-14.63,73.88,0.3074,0.0488,-0.392,1.73,0.0,0.0,0,37.37,-0.0
0,963,19.26,release,0.03831,0.02183,0.03148,0.0315,0.01151,-14.58,73.75,0.3076,0.0483,-0.379,1.695,4.822,0.0,0,37.1,-0.0
0,964,19.28,back,0.0354,0.02114,0.0284,0.0283,0.012,-14.92,73.24,0.3077,0.0478,-0.416,1.73,0.0,0.0,0,36.78,-0.0
0,965,19.3,back,0.03342,0.01914,0.02739,0.02633,0.012,-14.45,75.23,0.3079,0.0473,-0.409,1.73,0.0,0.0,0,36.47,-0.0
0,966,19.32,back,0.02901,0.01627,0.02403,0.02246,0.012,-14.21,75.72,0.3082,0.0468,-0.419,1.73,0.0,0.0,0,36.18,-0.0
0,967,19.34,back,0.02717,0.01294,0.02389,0.02281,0.012,-13.97,74.72,0.3086,0.0463,-0.399,1.73,0.0,0.0,0,35.89,-0.0
0,968,19.36,back,0.02466,0.0094,0.02279,0.0226,0.012,-14.32,73.69,0.309,0.0457,-0.383,1.728,0.0,0.0,0,35.63,-0.0
0,969,19.38,back,0.02116,0.00564,0.0204,0.02117,0.012,-15.17,73.79,0.3094,0.045,-0.375,1.73,0.0,0.0,0,35.37,-0.0
0,970,19.4,back,0.01737,0.00379,0.01695,0.01964,0.012,-15.75,73.41,0.3097,0.0444,-0.366,1.73,0.0,0.0,0,35.12,-0.0
0,971,19.42,back,0.01632,0.005,0.01554,0.01951,0.012,-15.24,73.13,0.31,0.0437,-0.337,1.728,0.0,0.0,0,34.89,-0.0
0,972,19.44,back,0.01393,0.00681,0.01215,0.0166,0.012,-14.4,73.09,0.3103,0.043,-0.333,1.73,0.0,0.0,0,34.66,-0.0
0,973,19.46,back,0.01611,0.01039,0.01231,0.01897,0.012,-14.2,73.38,0.3105,0.0423,-0.291,1.73,0.0,0.0,0,34.45,-0.0
0,974,19.48,back,0.01829,0.01335,0.0125,0.02034,0.012,-13.69,73.52,0.3108,0.0416,-0.255,1.725,0.0,0.0,0,34.24,-0.0
0,975,19.5,back,0.02203,0.01681,0.01423,0.02112,0.012,-13.3,75.64,0.3109,0.041,-0.222,1.73,0.0,0.0,0,34.05,-0.0
0,976,19.52,back,0.01806,0.01584,0.00868,0.01813,0.012,-14.39,75.61,0.3112,0.0404,-0.224,1.73,0.0,0.0,0,33.86,-0.0
0,977,19.54,back,0.0211,0.01867,0.00983,0.02258,0.012,-14.75,75.24,0.3114,0.0398,-0.179,1.73,0.0,0.0,0,33.68,-0.0
0,978,19.56,back,0.02333,0.02054,0.01105,0.02386,0.012,-14.38,75.6,0.3115,0.0392,-0.143,1.73,0.0,0.0,0,33.51,-0.0
0,979,19.58,back,0.02193,0.02051,0.00776,0.02314,0.012,-14.44,75.54,0.3117,0.0385,-0.128,1.73,0.0,0.0,0,33.34,-0.0
0,980,19.6,back,0.02297,0.02179,0.00725,0.02543,0.012,-14.13,75.65,0.3118,0.0378,-0.088,1.73,0.0,0.0,0,33.18,-0.0
0,981,19.62,back,0.02194,0.02112,0.00595,0.02306,0.012,-13.71,76.09,0.3119,0.0372,-0.07,1.73,0.0,0.0,0,33.03,-0.0
0,982,19.64,back,0.01804,0.01803,-0.00043,0.0196,0.012,-13.77,76.06,0.3121,0.0365,-0.085,1.73,0.0,0.0,0,32.89,-0.0
0,983,19.66,back,0.01982,0.01982,-7e-05,0.02172,0.012,-13.65,76.17,0.3123,0.0359,-0.057,1.73,0.0,0.0,0,32.75,-0.0
0,984,19.68,back,0.02362,0.02347,0.00267,0.0246,0.012,-13.41,76.58,0.3125,0.0352,-0.019,1.73,0.0,0.0,0,32.62,-0.0
0,985,19.7,back,0.02311,0.0231,0.00068,0.02213,0.012,-13.27,76.24,0.3128,0.0346,-0.022,1.623,0.0,0.0,0,32.49,-0.0
0,986,19.72,back,0.02129,0.02074,-0.00481,0.02168,0.012,-13.58,75.79,0.3131,0.0339,-0.034,1.73,0.0,0.0,0,32.37,-0.0
0,987,19.74,back,0.0235,0.0235,-0.00021,0.02461,0.012,-13.56,76.02,0.3134,0.0333,0.016,1.73,0.0,0.0,0,32.26,-0.0
0,988,19.76,back,0.02528,0.02521,0.0018,0.02681,0.012,-13.59,76.06,0.3137,0.0327,0.037,1.73,0.0,0.0,0,32.15,-0.0
0,989,19.78,back,0.02732,0.02717,0.00283,0.02871,0.012,-13.24,76.74,0.314,0.032,0.058,1.73,0.0,0.0,0,32.04,-0.0
0,990,19.8,back,0.02551,0.02546,-0.00148,0.02802,0.012,-13.42,76.57,0.3143,0.0313,0.045,1.73,0.0,0.0,0,31.94,-0.0
0,991,19.82,back,0.02769,0.02762,0.00197,0.03063,0.012,-13.31,76.53,0.3146,0.0307,0.076,1.729,0.0,0.0,0,31.84,-0.0
0,992,19.84,back,0.02909,0.0289,0.00327,0.03225,0.012,-13.24,76.51,0.315,0.0301,0.089,1.73,0.0,0.0,0,31.75,-0.0
0,993,19.86,back,0.02907,0.02894,0.00279,0.0323,0.012,-12.88,76.4,0.3153,0.0295,0.088,1.73,0.0,0.0,0,31.66,-0.0
0,994,19.88,back,0.02911,0.02889,0.00356,0.03241,0.012,-12.71,76.42,0.3156,0.0289,0.091,1.73,0.0,0.0,0,31.58,-0.0
0,995,19.9,back,0.03018,0.02961,0.00581,0.03351,0.012,-12.44,76.41,0.3159,0.0283,0.098,1.73,0.0,0.0,0,31.5,-0.0
0,996,19.92,back,0.03023,0.02944,0.00687,0.03378,0.012,-12.32,76.33,0.3162,0.0277,0.095,1.73,0.0,0.0,0,31.42,-0.0
0,997,19.94,back,0.03045,0.02939,0.00795,0.03423,0.012,-12.11,76.02,0.3166,0.0271,0.092,1.73,0.0,0.0,0,31.35,-0.0
0,998,19.96,back,0.0314,0.02985,0.00973,0.03499,0.012,-11.82,76.01,0.3169,0.0266,0.09,1.73,0.0,0.0,0,31.28,-0.0
0,999,19.98,back,0.03065,0.02901,0.00989,0.03427,0.012,-11.66,76.04,0.3173,0.0261,0.071,1.73,0.0,0.0,0,31.21,-0.0
0,1000,20.0,back,0.03228,0.02972,0.01261,0.03574,0.012,-11.4,76.12,0.3177,0.0256,0.074,1.73,0.0,0.0,0,31.14,-0.0
0,1001,20.02,back,0.03445,0.03102,0.015,0.03794,0.012,-11.47,76.16,0.3181,0.0251,0.082,1.73,0.0,0.0,0,31.08,-0.0
0,1002,20.04,back,0.03456,0.03122,0.01483,0.03821,0.012,-11.56,76.14,0.3186,0.0246,0.084,1.73,0.0,0.0,0,31.02,-0.0
0,1003,20.06,back,0.03163,0.02915,0.01229,0.0358,0.012,-11.57,76.14,0.319,0.0241,0.067,1.73,0.0,0.0,0,30.97,-0.0
0,1004,20.08,back,0.03193,0.029,0.01335,0.03638,0.012,-11.52,76.09,0.3195,0.0237,0.076,1.73,0.0,0.0,0,30.91,-0.0
0,1005,20.1,back,0.03272,0.02908,0.01498,0.03709,0.012,-11.34,76.15,0.3199,0.0232,0.087,1.73,0.0,0.0,0,30.86,-0.0
0,1006,20.12,back,0.03158,0.02796,0.01468,0.03623,0.012,-11.21,75.97,0.3203,0.0228,0.088,1.73,0.0,0.0,0,30.81,-0.0
0,1007,20.14,back,0.0315,0.0275,0.01536,0.03642,0.012,-11.05,75.69,0.3206,0.0224,0.099,1.73,0.0,0.0,0,30.76,-0.0
0,1008,20.16,back,0.03138,0.02713,0.01576,0.03649,0.012,-10.87,75.4,0.3209,0.022,0.108,1.73,0.0,0.0,0,30.72,-0.0
0,1009,20.18,back,0.03105,0.02668,0.01588,0.0364,0.012,-10.63,74.86,0.3212,0.0216,0.118,1.73,0.0,0.0,0,30.67,-0.0
0,1010,20.2,back,0.03083,0.02615,0.01633,0.03632,0.012,-10.43,74.57,0.3215,0.0212,0.129,1.73,0.0,0.0,0,30.63,-0.0
0,1011,20.22,back,0.03096,0.0258,0.01711,0.03643,0.012,-10.09,74.34,0.3218,0.0209,0.14,1.73,0.0,0.0,0,30.59,-0.0
0,1012,20.24,back,0.02961,0.02434,0.01686,0.03519,0.012,-9.93,74.36,0.3221,0.0205,0.139,1.73,0.0,0.0,0,30.56,-0.0
0,1013,20.26,back,0.02957,0.02373,0.01764,0.03505,0.012,-9.67,74.46,0.3224,0.0203,0.151,1.73,0.0,0.0,0,30.52,-0.0
0,1014,20.28,back,0.02925,0.02294,0.01815,0.0345,0.012,-9.4,74.68,0.3227,0.02,0.16,1.73,0.0,0.0,0,30.49,-0.0
0,1015,20.3,back,0.02843,0.02188,0.01815,0.03362,0.012,-9.17,74.8,0.3229,0.0198,0.165,1.73,0.0,0.0,0,30.45,-0.0
0,1016,20.32,back,0.02972,0.02238,0.01955,0.03469,0.012,-8.87,74.81,0.323,0.0196,0.185,1.73,0.0,0.0,0,30.42,-0.0
0,1017,20.34,back,0.03017,0.02242,0.0202,0.03513,0.012,-8.68,74.81,0.3232,0.0195,0.198,1.73,0.0,0.0,0,30.39,-0.0
0,1018,20.36,back,0.03007,0.02218,0.02031,0.03514,0.012,-8.51,74.81,0.3233,0.0193,0.212,1.73,0.0,0.0,0,30.36,-0.0
0,1019,20.38,back,0.03088,0.02253,0.02112,0.03599,0.012,-8.32,74.71,0.3235,0.0192,0.238,1.73,0.0,0.0,0,30.33,-0.0
0,1020,20.4,back,0.03079,0.02226,0.02126,0.03616,0.012,-8.15,74.42,0.3236,0.0191,0.256,1.73,0.0,0.0,0,30.31,-0.0
0,1021,20.42,back,0.03084,0.02223,0.02137,0.0364,0.012,-7.94,74.13,0.3236,0.0191,0.278,1.73,0.0,0.0,0,30.28,-0.0
0,1022,20.44,back,0.03049,0.02195,0.02117,0.03624,0.012,-7.71,73.83,0.3237,0.019,0.296,1.73,0.0,0.0,0,30.26,-0.0
0,1023,20.46,back,0.03114,0.02216,0.02187,0.03697,0.012,-7.46,73.57,0.3238,0.019,0.321,1.73,0.0,0.0,0,30.23,-0.0
0,1024,20.48,back,0.03112,0.02182,0.02219,0.03703,0.012,-7.23,73.43,0.3238,0.0191,0.34,1.73,0.0,0.0,0,30.21,-0.0
0,1025,20.5,back,0.03019,0.02101,0.02168,0.03621,0.012,-6.97,73.32,0.3238,0.0191,0.353,1.73,0.0,0.0,0,30.19,-0.0
0,1026,20.52,back,0.03055,0.02109,0.0221,0.03652,0.012,-6.71,73.28,0.3238,0.0193,0.375,1.73,0.0,0.0,0,30.17,-0.0
0,1027,20.54,back,0.03066,0.0209,0.02244,0.03671,0.012,-6.49,73.23,0.3239,0.0194,0.395,1.73,0.0,0.0,0,30.15,-0.0
0,1028,20.56,back,0.03068,0.02068,0.02266,0.03679,0.012,-6.23,73.15,0.3239,0.0196,0.422,1.69,3.46,0.0,0,30.04,-0.0
0,1029,20.58,back,0.02947,0.01976,0.02187,0.03581,0.012,-6.07,73.21,0.3238,0.0198,0.441,1.73,0.0,0.0,0,29.71,-0.0
0,1030,20.6,back,0.03074,0.02062,0.0228,0.03707,0.012,-5.86,73.38,0.3238,0.0201,0.471,1.73,0.0,0.0,0,29.39,-0.0
0,1031,20.62,back,0.03182,0.0215,0.02346,0.03809,0.012,-5.68,73.65,0.3238,0.0203,0.503,1.73,0.0,0.0,0,29.01,-0.0
0,1032,20.64,back,0.03049,0.02045,0.02262,0.03685,0.012,-5.47,74.04,0.3237,0.0206,0.514,1.73,0.0,0.0,0,28.64,-0.0
0,1033,20.66,back,0.03068,0.02063,0.0227,0.03708,0.012,-5.3,74.34,0.3237,0.021,0.541,1.73,0.0,0.0,0,28.28,-0.0
0,1034,20.68,back,0.03083,0.02081,0.02275,0.03731,0.012,-5.1,74.53,0.3236,0.0213,0.568,1.73,0.0,0.0,0,27.94,-0.0
0,1035,20.7,back,0.03068,0.02079,0.02257,0.03726,0.012,-4.88,74.68,0.3235,0.0217,0.589,1.73,0.0,0.0,0,27.61,-0.0
0,1036,20.72,back,0.03064,0.02082,0.02248,0.03736,0.012,-4.68,74.77,0.3234,0.0221,0.61,1.73,0.0,0.0,0,27.3,-0.0
0,1037,20.74,back,0.03073,0.02097,0.02247,0.0376,0.012,-4.48,74.83,0.3233,0.0225,0.631,1.73,0.0,0.0,0,27.0,-0.0
0,1038,20.76,back,0.03059,0.02096,0.02228,0.03759,0.012,-4.26,74.9,0.3232,0.023,0.649,1.73,0.0,0.0,0,26.72,-0.0
0,1039,20.78,done,0.03052,0.021,0.02214,0.03763,0.012,-4.02,74.98,0.323,0.0234,0.666,1.73,0.0,0.0,0,26.45,-0.0
0,1040,20.8,done,0.03187,0.02102,0.02395,0.03846,0.012,-3.8,75.09,0.3229,0.0239,0.684,1.73,0.0,0.0,0,26.18,-0.0
0,1041,20.82,done,0.03214,0.02013,0.02505,0.03833,0.012,-3.59,75.28,0.3228,0.0244,0.69,1.73,0.0,0.0,0,25.94,-0.0
1,0,0.0,spawn,0.01225,0.01221,0.00088,0.01187,0.012,-2.88,5.21,0.3504,0.0009,-0.082,1.728,0.0,0.0,0,0.0,-0.0
1,1,0.02,spawn,0.02236,0.02217,0.00289,0.02163,0.012,-3.46,9.89,0.35,0.0017,-0.084,1.73,0.0,0.0,0,0.0,-0.0
1,2,0.04,spawn,0.02027,0.02024,0.00104,0.01911,0.012,-1.91,15.0,0.3484,0.0024,-0.096,1.73,0.0,0.0,0,0.0,-0.0
1,3,0.06,spawn,0.01844,0.01757,-0.0056,0.01694,0.012,-0.36,20.34,0.3457,0.0029,-0.104,1.73,0.0,0.0,0,0.0,-0.0
1,4,0.08,spawn,0.01696,0.01303,-0.01084,0.01602,0.012,1.22,25.68,0.3425,0.0036,-0.083,1.73,0.0,0.0,0,0.0,-0.0
1,5,0.1,spawn,0.01498,0.0054,-0.01397,0.01564,0.012,2.91,30.9,0.3391,0.0044,-0.035,1.73,0.0,0.0,0,0.0,-0.0
1,6,0.12,spawn,0.01398,0.00579,-0.01273,0.017,0.012,4.14,36.03,0.3356,0.0053,0.02,1.73,0.0,0.0,0,0.0,-0.0
1,7,0.14,spawn,0.01652,0.01329,-0.00982,0.02086,0.012,5.1,40.87,0.3324,0.0063,0.076,1.73,0.0,0.0,0,0.0,-0.0
1,8,0.16,spawn,0.01436,0.01203,-0.00785,0.01735,0.012,6.86,45.63,0.3294,0.0073,0.066,1.73,0.0,0.0,0,0.0,-0.0
1,9,0.18,spawn,0.0129,0.01056,-0.00741,0.0138,0.012,8.14,50.42,0.3266,0.0082,0.042,1.73,0.0,0.0,0,0.0,-0.0
1,10,0.2,spawn,0.01256,0.01106,-0.00596,0.01274,0.012,8.74,55.1,0.3243,0.0093,0.031,1.73,0.0,0.0,0,0.0,-0.0
1,11,0.22,spawn,0.01123,0.01101,-0.00223,0.01139,0.012,9.02,59.78,0.3222,0.0104,0.004,1.73,0.0,0.0,0,0.0,-0.0
1,12,0.24,spawn,0.01161,0.01155,0.00118,0.01144,0.012,9.63,64.34,0.3205,0.0115,-0.045,1.73,0.0,0.0,0,0.0,-0.0
1,13,0.26,spawn,0.01047,0.00997,0.00321,0.01003,0.012,9.72,68.89,0.3191,0.0125,-0.104,1.73,0.0,0.0,0,0.0,-0.0
1,14,0.28,spawn,0.00906,0.00782,0.00458,0.00871,0.012,9.39,73.36,0.3179,0.0134,-0.155,1.73,0.0,0.0,0,0.0,-0.0
1,15,0.3,spawn,0.00847,0.00589,0.00608,0.00852,0.012,8.85,77.53,0.317,0.0142,-0.19,1.73,0.0,0.0,0,0.0,-0.0
1,16,0.32,spawn,0.00989,0.005,0.00853,0.01019,0.012,8.25,80.94,0.3164,0.0151,-0.228,1.73,0.0,0.0,0,0.0,-0.0
1,17,0.34,spawn,0.0118,0.00419,0.01103,0.01201,0.012,7.49,82.43,0.3159,0.0158,-0.235,1.73,0.0,0.0,0,0.0,-0.0
1,18,0.36,spawn,0.015,0.00696,0.01329,0.01483,0.012,6.43,81.23,0.3157,0.0165,-0.259,1.73,0.0,0.0,0,0.0,-0.0
1,19,0.38,spawn,0.01687,0.00663,0.01551,0.01623,0.012,5.29,78.12,0.3155,0.0172,-0.233,1.73,0.0,0.0,0,0.0,-0.0
1,20,0.4,spawn,0.01778,0.00588,0.01678,0.01679,0.012,4.13,74.22,0.3153,0.0179,-0.176,1.73,0.0,0.0,0,0.0,-0.0
1,21,0.42,spawn,0.01734,0.00542,0.01647,0.0167,0.012,3.73,75.57,0.3151,0.0185,-0.109,1.649,0.0,0.0,0,0.0,-0.0
1,22,0.44,spawn,0.01811,0.01072,0.01459,0.0176,0.012,3.23,80.91,0.3149,0.019,-0.073,1.73,0.0,0.0,0,0.0,-0.0
1,23,0.46,spawn,0.01742,0.0098,0.01441,0.01715,0.012,2.88,86.04,0.3147,0.0196,0.006,1.73,0.0,0.0,0,0.0,-0.0
1,24,0.48,spawn,0.01697,0.00867,0.01459,0.01696,0.012,2.54,85.95,0.3145,0.0203,0.085,1.73,0.0,0.0,0,0.0,-0.0
1,25,0.5,spawn,0.01625,0.00772,0.0143,0.01654,0.012,2.18,81.67,0.3143,0.021,0.16,1.73,0.0,0.0,0,0.0,-0.0
1,26,0.52,spawn,0.01527,0.00822,0.01287,0.01595,0.012,1.45,80.42,0.3142,0.0215,0.227,1.73,0.0,0.0,0,0.0,-0.0
1,27,0.54,spawn,0.01492,0.01065,0.01045,0.01621,0.012,0.39,80.06,0.314,0.022,0.275,1.73,0.0,0.0,0,0.0,-0.0
1,28,0.56,spawn,0.01567,0.01295,0.00883,0.0177,0.012,-0.4,79.58,0.3139,0.0225,0.355,1.73,0.0,0.0,0,0.0,-0.0
1,29,0.58,spawn,0.01946,0.01784,0.00776,0.02219,0.012,-1.49,78.86,0.3139,0.0229,0.435,1.73,0.0,0.0,0,0.0,-0.0
1,30,0.6,spawn,0.02378,0.02296,0.00622,0.0271,0.012,-2.34,77.67,0.3138,0.0232,0.515,1.73,0.0,0.0,0,0.0,-0.0
1,31,0.62,spawn,0.02775,0.02752,0.00357,0.03157,0.012,-3.0,76.3,0.3138,0.0235,0.588,1.73,0.0,0.0,0,0.0,-0.0
1,32,0.64,spawn,0.03219,0.03219,0.00062,0.03645,0.012,-3.72,73.2,0.3137,0.0237,0.653,1.73,0.0,0.0,0,0.0,-0.0
1,33,0.66,spawn,0.0377,0.03766,-0.00173,0.04231,0.012,-4.17,69.72,0.3135,0.0238,0.724,1.73,0.0,0.0,0,0.0,-0.0
1,34,0.68,spawn,0.04342,0.04323,-0.00398,0.04832,0.012,-4.18,67.03,0.3133,0.0239,0.803,1.73,0.0,0.0,0,0.0,-0.0
1,35,0.7,spawn,0.04845,0.04796,-0.00687,0.05361,0.012,-4.04,65.43,0.3131,0.024,0.883,1.73,0.0,0.0,0,0.0,-0.0
1,36,0.72,spawn,0.05298,0.0521,-0.00964,0.05842,0.012,-3.97,63.79,0.3128,0.024,0.96,1.73,0.0,0.0,0,0.0,-0.0
1,37,0.74,spawn,0.05724,0.05601,-0.01179,0.06311,0.012,-4.14,61.01,0.3125,0.024,1.037,1.048,0.0,0.0,0,0.0,-0.0
1,38,0.76,spawn,0.06153,0.05988,-0.01417,0.06785,0.012,-3.8,55.32,0.3122,0.024,1.125,1.73,0.0,0.0,0,0.0,-0.0
1,39,0.78,spawn,0.06506,0.0631,-0.01586,0.07188,0.012,-3.44,49.75,0.3118,0.024,1.212,1.73,0.0,0.0,0,0.0,-0.0
1,40,0.8,spawn,0.06836,0.06621,-0.01702,0.0757,0.012,-3.04,44.48,0.3114,0.0239,1.297,1.73,0.0,0.0,0,0.0,-0.0
1,41,0.82,spawn,0.07068,0.06835,-0.01796,0.07853,0.012,-2.73,40.45,0.311,0.0239,1.369,1.73,0.0,0.0,0,0.0,-0.0
1,42,0.84,spawn,0.073,0.0706,-0.01857,0.08123,0.012,-2.36,39.22,0.3106,0.0239,1.44,1.73,0.0,0.0,0,0.0,-0.0
1,43,0.86,spawn,0.07458,0.07218,-0.01874,0.08317,0.012,-2.0,38.63,0.3101,0.0238,1.506,1.73,0.0,0.0,0,0.0,-0.0
1,44,0.88,spawn,0.07494,0.07263,-0.01845,0.0839,0.012,-1.74,38.52,0.3097,0.0238,1.564,1.73,0.0,0.0,0,0.0,-0.0
1,45,0.9,spawn,0.07475,0.07264,-0.01762,0.08384,0.012,-1.5,40.66,0.3093,0.0237,1.624,0.984,0.0,0.0,0,0.0,-0.0
1,46,0.92,spawn,0.07339,0.07146,-0.0167,0.08291,0.012,-1.42,40.32,0.309,0.0237,1.681,1.191,0.0,0.0,0,0.0,-0.0
1,47,0.94,spawn,0.07258,0.07105,-0.01481,0.08199,0.012,-1.19,42.5,0.3086,0.0236,1.751,0.641,0.0,0.0,0,0.0,-0.0
1,48,0.96,spawn,0.07065,0.06952,-0.01257,0.0804,0.012,-1.14,42.8,0.3084,0.0236,1.806,0.955,0.0,0.0,0,0.0,-0.0
1,49,0.98,stand,0.06856,0.068,-0.0087,0.07818,0.012,-1.15,45.1,0.3081,0.0236,1.861,0.703,0.0,0.0,0,0.0,-0.0
1,50,1.0,stand,0.06681,0.06657,-0.00567,0.07646,0.012,-1.25,47.18,0.308,0.0235,1.916,0.899,0.0,0.0,0,0.0,-0.0
1,51,1.02,stand,0.06501,0.06495,-0.00277,0.07484,0.012,-1.26,48.58,0.3078,0.0234,1.972,0.896,0.0,0.0,0,0.0,-0.0
1,52,1.04,stand,0.06304,0.06304,0.00031,0.07287,0.012,-1.12,49.59,0.3077,0.0232,2.025,1.73,0.0,0.0,0,0.0,-0.0
1,53,1.06,stand,0.06101,0.06091,0.00335,0.07014,0.012,-1.01,53.56,0.3077,0.0231,2.073,1.729,0.0,0.0,0,0.0,-0.0
1,54,1.08,stand,0.05853,0.05825,0.00571,0.0677,0.012,-1.47,54.73,0.3078,0.0229,2.119,1.73,0.0,0.0,0,0.0,-0.0
1,55,1.1,stand,0.05623,0.05575,0.00731,0.0655,0.012,-2.01,55.37,0.3079,0.0227,2.155,1.73,0.0,0.0,0,0.0,-0.0
1,56,1.12,stand,0.05393,0.05322,0.00876,0.06321,0.012,-2.3,56.38,0.3081,0.0225,2.181,1.73,0.0,0.0,0,0.0,-0.0
1,57,1.14,stand,0.05145,0.05048,0.00994,0.06072,0.012,-2.42,57.1,0.3084,0.0224,2.207,1.73,0.0,0.0,0,0.0,-0.0
1,58,1.16,stand,0.04863,0.04744,0.01067,0.05791,0.012,-2.55,57.91,0.3086,0.0223,2.232,1.73,0.0,0.0,0,0.0,-0.0
1,59,1.18,stand,0.04543,0.04408,0.01101,0.05467,0.012,-2.6,59.26,0.3089,0.0222,2.253,1.73,0.0,0.0,0,0.0,-0.0
1,60,1.2,stand,0.0419,0.04036,0.01125,0.05103,0.012,-2.68,62.0,0.3092,0.0221,2.263,1.047,0.0,0.0,0,0.0,-0.0
1,61,1.22,stand,0.03849,0.03676,0.01142,0.0478,0.012,-2.61,63.85,0.3096,0.0221,2.28,0.987,0.0,0.0,0,0.0,-0.0
1,62,1.24,stand,0.03502,0.03296,0.01183,0.04413,0.012,-2.18,66.6,0.3099,0.0221,2.305,1.048,0.0,0.0,0,0.0,-0.0
1,63,1.26,stand,0.03108,0.02865,0.01205,0.03955,0.012,-1.96,71.03,0.3102,0.0221,2.321,1.72,0.0,0.0,0,0.0,-0.0
1,64,1.28,stand,0.02705,0.02417,0.01215,0.03496,0.012,-1.67,75.07,0.3104,0.0222,2.329,1.723,0.0,0.0,0,0.0,-0.0
1,65,1.3,stand,0.02396,0.02027,0.01278,0.03127,0.012,-1.61,79.46,0.3107,0.0224,2.323,1.719,0.0,0.0,0,0.0,-0.0
1,66,1.32,stand,0.02195,0.0173,0.01352,0.02851,0.012,-1.33,83.1,0.311,0.0225,2.328,1.723,0.0,0.0,0,0.0,-0.0
1,67,1.34,stand,0.0181,0.01252,0.01307,0.02453,0.012,-1.03,85.4,0.3113,0.0227,2.291,1.04,0.0,0.0,0,0.0,-0.0
1,68,1.36,stand,0.01637,0.00946,0.01336,0.02155,0.012,-0.5,87.98,0.3115,0.0229,2.273,0.646,0.0,0.0,0,0.0,-0.0
1,69,1.38,stand,0.01503,0.00555,0.01397,0.01923,0.012,-0.44,87.83,0.3118,0.0231,2.208,1.687,0.0,0.0,0,0.0,-0.0
1,70,1.4,stand,0.01647,0.00676,0.01501,0.01885,0.012,-0.05,85.54,0.3121,0.0233,2.193,0.946,0.0,0.0,0,0.0,-0.0
1,71,1.42,stand,0.0148,0.00307,0.01448,0.01635,0.012,0.06,84.22,0.3123,0.0235,2.109,1.726,0.0,0.0,0,0.0,-0.0
1,72,1.44,stand,0.0142,0.00626,0.01275,0.01631,0.012,-0.28,82.9,0.3126,0.0236,2.093,0.717,0.0,0.0,0,0.0,-0.0
1,73,1.46,stand,0.01178,0.00533,0.01051,0.01691,0.012,-1.16,82.04,0.313,0.0238,2.018,1.046,0.0,0.0,0,0.0,-0.0
1,74,1.48,stand,0.01352,0.00782,0.01103,0.01604,0.012,-0.87,79.82,0.3132,0.024,1.992,0.939,0.0,0.0,0,0.0,-0.0
1,75,1.5,stand,0.015,0.01107,0.01011,0.01503,0.012,-0.71,79.41,0.3134,0.0242,1.975,1.73,0.0,0.0,0,0.0,-0.0
1,76,1.52,stand,0.01177,0.0078,0.00882,0.01189,0.012,-1.32,76.89,0.3136,0.0243,1.918,1.729,0.0,0.0,0,0.0,-0.0
1,77,1.54,stand,0.01297,0.00984,0.00845,0.01299,0.012,-1.51,77.78,0.3138,0.0245,1.917,1.73,0.0,0.0,0,0.0,-0.0
1,78,1.56,stand,0.01051,0.00677,0.00804,0.01221,0.012,-2.02,77.13,0.314,0.0247,1.868,1.605,0.0,0.0,0,0.0,-0.0
1,79,1.58,stand,0.00902,0.00421,0.00798,0.01187,0.012,-2.29,73.04,0.3141,0.0249,1.807,1.729,0.0,0.0,0,0.0,-0.0
1,80,1.6,stand,0.01187,0.00858,0.0082,0.01198,0.012,-2.0,71.59,0.3142,0.0251,1.819,1.21,0.0,0.0,0,0.0,-0.0
1,81,1.62,stand,0.00996,0.00666,0.0074,0.01013,0.012,-2.06,70.84,0.3142,0.0253,1.773,1.73,0.0,0.0,0,0.0,-0.0
1,82,1.64,stand,0.00894,0.0054,0.00713,0.00956,0.012,-1.9,70.01,0.3143,0.0255,1.714,1.73,0.0,0.0,0,0.0,-0.0
1,83,1.66,stand,0.01196,0.00863,0.00828,0.01049,0.012,-1.69,69.86,0.3143,0.0257,1.728,1.73,0.0,0.0,0,0.0,-0.0
1,84,1.68,stand,0.01067,0.00729,0.0078,0.01025,0.012,-1.88,69.64,0.3143,0.0258,1.676,1.73,0.0,0.0,0,0.0,-0.0
1,85,1.7,stand,0.01408,0.01191,0.00751,0.01096,0.012,-1.56,69.48,0.3143,0.0259,1.667,1.73,0.0,0.0,0,0.0,-0.0
1,86,1.72,stand,0.01155,0.00978,0.00615,0.0101,0.012,-1.89,69.22,0.3144,0.0259,1.614,1.73,0.0,0.0,0,0.0,-0.0
1,87,1.74,stand,0.01339,0.01128,0.00721,0.01012,0.012,-1.69,65.13,0.3144,0.026,1.571,1.478,0.0,0.0,0,0.0,-0.0
1,88,1.76,stand,0.01216,0.00852,0.00867,0.00994,0.012,-1.52,63.18,0.3144,0.0262,1.495,1.665,0.0,0.0,0,0.0,-0.0
1,89,1.78,stand,0.01132,0.00669,0.00913,0.01154,0.012,-1.94,61.01,0.3146,0.0262,1.455,1.73,0.0,0.0,0,0.0,-0.0
1,90,1.8,stand,0.0127,0.00971,0.00818,0.01262,0.012,-2.08,61.3,0.3147,0.0262,1.447,1.73,0.0,0.0,0,0.0,-0.0
1,91,1.82,stand,0.01636,0.01384,0.00873,0.01282,0.012,-1.82,58.65,0.3147,0.0262,1.438,1.464,0.0,0.0,0,0.0,-0.0
1,92,1.84,stand,0.01428,0.01101,0.0091,0.01057,0.012,-1.87,57.89,0.3148,0.0263,1.382,1.73,0.0,0.0,0,0.0,-0.0
1,93,1.86,stand,0.01272,0.0082,0.00973,0.01072,0.012,-1.96,57.95,0.3149,0.0263,1.33,1.73,0.0,0.0,0,0.0,-0.0
1,94,1.88,stand,0.01247,0.00482,0.0115,0.01376,0.012,-2.31,57.7,0.3151,0.0265,1.283,1.73,0.0,0.0,0,0.0,-0.0
1,95,1.9,stand,0.01346,0.00392,0.01287,0.01566,0.012,-2.54,57.19,0.3153,0.0267,1.254,1.73,0.0,0.0,0,0.0,-0.0
1,96,1.92,stand,0.01331,0.00325,0.0129,0.01628,0.012,-2.46,56.43,0.3155,0.0268,1.197,1.73,0.0,0.0,0,0.0,-0.0
1,97,1.94,stand,0.01327,0.00389,0.01269,0.01702,0.012,-2.49,56.08,0.3156,0.027,1.157,1.73,0.0,0.0,0,0.0,-0.0
1,98,1.96,stand,0.01375,0.00468,0.01293,0.01965,0.012,-2.93,54.77,0.3157,0.0272,1.114,1.73,0.0,0.0,0,0.0,-0.0
1,99,1.98,stand,0.01352,0.00333,0.0131,0.01764,0.012,-2.61,54.87,0.3158,0.0273,1.117,1.73,0.0,0.0,0,0.0,-0.0
1,100,2.0,stand,0.01312,0.00607,0.01163,0.01524,0.012,-2.16,55.3,0.3157,0.0274,1.101,1.73,0.0,0.0,0,0.0,-0.0
1,101,2.02,stand,0.01277,0.00782,0.01009,0.01251,0.012,-1.77,56.37,0.3157,0.0276,1.091,1.73,0.0,0.0,0,0.0,-0.0
1,102,2.04,stand,0.01358,0.00883,0.01032,0.0111,0.012,-1.68,56.78,0.3156,0.0277,1.09,1.73,0.0,0.0,0,0.0,-0.0
1,103,2.06,stand,0.01746,0.01258,0.0121,0.0132,0.012,-1.57,56.87,0.3156,0.028,1.087,1.73,0.0,0.0,0,0.0,-0.0
1,104,2.08,stand,0.01934,0.01443,0.01288,0.01405,0.012,-1.3,56.77,0.3156,0.0282,1.046,1.73,0.0,0.0,0,0.0,-0.0
1,105,2.1,stand,0.01888,0.01467,0.01189,0.01341,0.012,-1.35,57.11,0.3156,0.0282,1.009,1.73,0.0,0.0,0,0.0,-0.0
1,106,2.12,stand,0.02529,0.02162,0.01313,0.01887,0.012,-1.06,57.11,0.3156,0.0284,1.025,1.73,0.0,0.0,0,0.0,-0.0
1,107,2.14,stand,0.02481,0.02003,0.01464,0.01955,0.012,-1.55,57.63,0.3156,0.0285,0.98,1.686,0.0,0.0,0,0.0,-0.0
1,108,2.16,stand,0.02484,0.01958,0.01528,0.01985,0.012,-1.79,57.5,0.3156,0.0286,0.942,1.73,0.0,0.0,0,0.0,-0.0
1,109,2.18,stand,0.02155,0.01499,0.01549,0.01798,0.012,-2.38,56.68,0.3157,0.0287,0.887,1.73,0.0,0.0,0,0.0,-0.0
1,110,2.2,stand,0.01922,0.01074,0.01594,0.0178,0.012,-2.69,56.58,0.3158,0.0288,0.824,1.73,0.0,0.0,0,0.0,-0.0
1,111,2.22,stand,0.01994,0.01043,0.01699,0.01983,0.012,-3.01,56.07,0.3159,0.0289,0.798,1.73,0.0,0.0,0,0.0,-0.0
1,112,2.24,stand,0.01938,0.00849,0.01742,0.02105,0.012,-3.34,55.63,0.316,0.0291,0.753,1.73,0.0,0.0,0,0.0,-0.0
1,113,2.26,stand,0.01846,0.00554,0.0176,0.02168,0.012,-3.48,53.52,0.3161,0.0293,0.703,1.73,0.0,0.0,0,0.0,-0.0
1,114,2.28,stand,0.01705,0.00149,0.01698,0.02189,0.012,-3.32,54.29,0.3162,0.0294,0.645,1.73,0.0,0.0,0,0.0,-0.0
1,115,2.3,stand,0.01663,0.00156,0.01656,0.01999,0.012,-2.7,54.74,0.3163,0.0295,0.639,1.73,0.0,0.0,0,0.0,-0.0
1,116,2.32,stand,0.01725,0.00228,0.0171,0.02014,0.012,-2.61,54.77,0.3164,0.0297,0.622,1.73,0.0,0.0,0,0.0,-0.0
1,117,2.34,stand,0.01798,0.00199,0.01787,0.02114,0.012,-2.86,54.58,0.3166,0.03,0.598,1.73,0.0,0.0,0,0.0,-0.0
1,118,2.36,stand,0.01783,0.00025,0.01783,0.02178,0.012,-3.1,54.2,0.3167,0.0302,0.561,1.73,0.0,0.0,0,0.0,-0.0
1,119,2.38,stand,0.01747,0.00405,0.01699,0.02274,0.012,-3.23,53.8,0.3169,0.0303,0.513,1.73,0.0,0.0,0,0.0,-0.0
1,120,2.4,stand,0.0171,0.00397,0.01663,0.0227,0.012,-3.3,53.89,0.317,0.0305,0.512,1.73,0.0,0.0,0,0.0,-0.0
1,121,2.42,stand,0.01729,0.00534,0.01645,0.02363,0.012,-3.46,53.89,0.317,0.0307,0.49,1.73,0.0,0.0,0,0.0,-0.0
1,122,2.44,stand,0.01744,0.00635,0.01624,0.02438,0.012,-3.6,53.96,0.317,0.0309,0.47,1.73,0.0,0.0,0,0.0,-0.0
1,123,2.46,stand,0.01729,0.00749,0.01559,0.02466,0.012,-3.65,54.21,0.317,0.0311,0.448,1.73,0.0,0.0,0,0.0,-0.0
1,124,2.48,approach,0.01738,0.00905,0.01484,0.02522,0.012,-3.69,54.51,0.3169,0.0313,0.425,1.73,0.0,0.0,0,0.0,-0.0
1,125,2.5,approach,0.01743,0.00857,0.01517,0.025,0.012,-3.77,54.82,0.3169,0.0315,0.424,1.73,0.0,0.0,0,0.0,-0.0
1,126,2.52,approach,0.01771,0.00883,0.01535,0.02516,0.012,-3.88,55.15,0.3168,0.0317,0.408,1.73,0.0,0.0,0,0.0,-0.0
1,127,2.54,approach,0.01729,0.00838,0.01513,0.02441,0.012,-3.87,55.52,0.3167,0.0319,0.396,1.73,0.0,0.0,0,0.0,-0.0
1,128,2.56,approach,0.0174,0.00948,0.01459,0.02442,0.012,-3.86,55.82,0.3165,0.032,0.37,1.73,0.0,0.0,0,0.0,-0.0
1,129,2.58,approach,0.01726,0.00968,0.01429,0.02466,0.012,-4.12,56.18,0.3164,0.0322,0.358,1.73,0.0,0.0,0,0.0,-0.0
1,130,2.6,approach,0.01674,0.00834,0.01451,0.02421,0.012,-4.36,56.62,0.3163,0.0324,0.359,1.73,0.0,0.0,0,0.0,-0.0
1,131,2.62,approach,0.01688,0.00876,0.01443,0.02427,0.012,-4.41,56.94,0.3161,0.0326,0.333,1.73,0.0,0.0,0,0.0,-0.0
1,132,2.64,approach,0.01683,0.00934,0.014,0.02407,0.012,-4.39,57.27,0.3159,0.0328,0.311,1.73,0.0,0.0,0,0.0,-0.0
1,133,2.66,approach,0.01677,0.00906,0.01411,0.0239,0.012,-4.49,57.62,0.3157,0.033,0.302,1.73,0.0,0.0,0,0.0,-0.0
1,134,2.68,approach,0.01754,0.00916,0.01495,0.02461,0.012,-4.59,57.79,0.3155,0.0332,0.285,1.73,0.0,0.0,0,0.0,-0.0
1,135,2.7,approach,0.0191,0.01087,0.01571,0.02597,0.012,-4.49,57.85,0.3153,0.0334,0.244,1.73,0.0,0.0,0,0.0,-0.0
1,136,2.72,approach,0.01952,0.01126,0.01594,0.02631,0.012,-4.46,57.91,0.315,0.0336,0.219,1.73,0.0,0.0,0,0.0,-0.0
1,137,2.74,approach,0.01748,0.00623,0.01633,0.0227,0.012,-3.84,58.72,0.3148,0.0338,0.233,1.73,0.0,0.0,0,0.0,-0.0
1,138,2.76,approach,0.0168,0.00278,0.01656,0.02139,0.012,-4.02,58.71,0.3147,0.034,0.241,1.73,0.0,0.0,0,0.0,-0.0
1,139,2.78,approach,0.01706,0.00332,0.01674,0.02259,0.012,-4.79,58.31,0.3146,0.0342,0.234,1.73,0.0,0.0,0,0.0,-0.0
1,140,2.8,approach,0.0177,0.00028,0.0177,0.02144,0.012,-4.56,58.24,0.3144,0.0344,0.237,1.73,0.0,0.0,0,0.0,-0.0
1,141,2.82,approach,0.01794,0.00386,0.01752,0.0194,0.012,-4.04,58.32,0.3142,0.0346,0.226,1.73,0.0,0.0,0,0.0,-0.0
1,142,2.84,approach,0.01855,0.00403,0.01811,0.01975,0.012,-4.31,57.98,0.3141,0.0349,0.22,1.73,0.0,0.0,0,0.0,-0.0
1,143,2.86,approach,0.01932,0.00143,0.01927,0.02181,0.012,-5.14,57.58,0.3141,0.0351,0.215,1.73,0.0,0.0,0,0.0,-0.0
1,144,2.88,approach,0.01972,0.0006,0.01972,0.02289,0.012,-5.37,57.5,0.314,0.0354,0.183,1.73,0.0,0.0,0,0.0,-0.0
1,145,2.9,approach,0.01988,0.00235,0.01974,0.02205,0.012,-5.21,57.55,0.3139,0.0355,0.175,1.73,0.0,0.0,0,0.0,-0.0
1,146,2.92,approach,0.01955,0.00371,0.01919,0.02261,0.012,-5.51,57.44,0.3139,0.0357,0.143,1.73,0.0,0.0,0,0.0,-0.0
1,147,2.94,approach,0.01978,0.00229,0.01965,0.02294,0.012,-5.68,57.68,0.3139,0.0358,0.136,1.73,0.0,0.0,0,0.0,-0.0
1,148,2.96,approach,0.02014,0.00069,0.02013,0.02348,0.012,-6.03,57.74,0.3139,0.036,0.136,1.73,0.0,0.0,0,0.0,-0.0
1,149,2.98,approach,0.01992,0.00196,0.01982,0.02382,0.012,-6.28,57.53,0.3139,0.0361,0.104,1.73,0.0,0.0,0,0.0,-0.0
1,150,3.0,approach,0.01917,0.00144,0.01912,0.02303,0.012,-6.43,57.45,0.3139,0.0362,0.099,1.73,0.0,0.0,0,0.0,-0.0
1,151,3.02,approach,0.01867,0.00304,0.01842,0.0234,0.012,-6.85,57.17,0.3139,0.0363,0.086,1.73,0.0,0.0,0,0.0,-0.0
1,152,3.04,approach,0.01894,0.00542,0.01814,0.02481,0.012,-7.23,56.8,0.3139,0.0364,0.063,1.73,0.0,0.0,0,0.0,-0.0
1,153,3.06,approach,0.01855,0.00436,0.01803,0.02425,0.012,-7.45,56.74,0.314,0.0365,0.076,1.73,0.0,0.0,0,0.0,-0.0
1,154,3.08,approach,0.01787,0.00476,0.01723,0.02364,0.012,-7.48,56.53,0.3139,0.0366,0.054,1.73,0.0,0.0,0,0.0,-0.0
1,155,3.1,approach,0.01702,0.00424,0.01648,0.02266,0.012,-7.55,56.44,0.3139,0.0366,0.053,1.73,0.0,0.0,0,0.0,-0.0
1,156,3.12,approach,0.01729,0.00673,0.01592,0.02391,0.012,-7.9,56.18,0.3139,0.0366,0.034,1.73,0.0,0.0,0,0.0,-0.0
1,157,3.14,approach,0.01732,0.00597,0.01626,0.02359,0.012,-7.88,56.3,0.3139,0.0367,0.032,1.73,0.0,0.0,0,0.0,-0.0
1,158,3.16,approach,0.01701,0.00434,0.01645,0.02201,0.012,-7.63,56.5,0.3138,0.0368,0.033,1.73,0.0,0.0,0,0.0,-0.0
1,159,3.18,approach,0.01683,0.00452,0.01621,0.02003,0.012,-7.22,56.87,0.3137,0.0368,0.03,1.73,0.0,0.0,0,0.0,-0.0
1,160,3.2,approach,0.01727,0.00513,0.01649,0.01844,0.012,-6.99,57.11,0.3137,0.0369,0.041,1.73,0.0,0.0,0,0.0,-0.0
1,161,3.22,approach,0.01905,0.00682,0.01779,0.01846,0.012,-6.78,57.18,0.3136,0.037,0.041,1.73,0.0,0.0,0,0.0,-0.0
1,162,3.24,approach,0.01962,0.00552,0.01882,0.01949,0.012,-7.27,56.76,0.3137,0.0371,0.04,1.73,0.0,0.0,0,0.0,-0.0
1,163,3.26,approach,0.0192,0.00307,0.01896,0.02036,0.012,-8.05,56.23,0.3137,0.0372,0.035,1.73,0.0,0.0,0,0.0,-0.0
1,164,3.28,approach,0.01877,0.00395,0.01835,0.02072,0.012,-8.25,55.98,0.3137,0.0372,0.001,1.73,0.0,0.0,0,0.0,-0.0
1,165,3.3,approach,0.01846,0.00481,0.01782,0.01987,0.012,-8.21,56.25,0.3137,0.0372,0.0,1.73,0.0,0.0,0,0.0,-0.0
1,166,3.32,approach,0.01822,0.00354,0.01787,0.02072,0.012,-8.63,56.15,0.3138,0.0372,-0.012,1.73,0.0,0.0,0,0.0,-0.0
1,167,3.34,approach,0.01855,0.00104,0.01852,0.02132,0.012,-9.04,56.02,0.3139,0.0372,-0.008,1.73,0.0,0.0,0,0.0,-0.0
1,168,3.36,approach,0.01846,0.00227,0.01831,0.02155,0.012,-9.19,55.8,0.3139,0.0372,-0.033,1.73,0.0,0.0,0,0.0,-0.0
1,169,3.38,approach,0.01798,0.00395,0.01754,0.02146,0.012,-9.29,55.6,0.3139,0.0372,-0.054,1.73,0.0,0.0,0,0.0,-0.0
1,170,3.4,approach,0.01788,0.00419,0.01738,0.02217,0.012,-9.63,55.39,0.314,0.0372,-0.06,1.73,0.0,0.0,0,0.0,-0.0
1,171,3.42,approach,0.01802,0.0043,0.0175,0.0229,0.012,-9.96,55.21,0.3141,0.0372,-0.064,1.73,0.0,0.0,0,0.0,-0.0
1,172,3.44,approach,0.01775,0.00443,0.01719,0.02255,0.012,-10.04,55.06,0.3141,0.0372,-0.07,1.73,0.0,0.0,0,0.0,-0.0
1,173,3.46,approach,0.01703,0.00548,0.01612,0.02208,0.012,-10.26,54.82,0.314,0.0371,-0.075,1.73,0.0,0.0,0,0.0,-0.0
1,174,3.48,approach,0.01693,0.00764,0.01511,0.02299,0.012,-10.8,54.43,0.314,0.037,-0.08,1.73,0.0,0.0,0,0.0,-0.0
1,175,3.5,approach,0.01707,0.00794,0.01511,0.02211,0.012,-10.45,55.05,0.3139,0.037,-0.087,1.73,0.0,0.0,0,0.0,-0.0
1,176,3.52,approach,0.01719,0.00763,0.01541,0.02089,0.012,-10.11,55.56,0.3138,0.0369,-0.086,1.73,0.0,0.0,0,0.0,-0.0
1,177,3.54,approach,0.01665,0.0051,0.01585,0.01983,0.012,-10.32,55.62,0.3138,0.0369,-0.073,1.73,0.0,0.0,0,0.0,-0.0
1,178,3.56,approach,0.01694,0.00551,0.01602,0.02081,0.012,-10.62,55.34,0.3138,0.0369,-0.097,1.73,0.0,0.0,0,0.0,-0.0
1,179,3.58,approach,0.01639,0.00452,0.01576,0.02046,0.012,-10.9,55.12,0.3138,0.0369,-0.097,1.73,0.0,0.0,0,0.0,-0.0
1,180,3.6,approach,0.01661,0.00626,0.01538,0.02145,0.012,-11.16,54.76,0.3137,0.0368,-0.116,1.73,0.0,0.0,0,0.0,-0.0
1,181,3.62,approach,0.01592,0.00495,0.01513,0.02086,0.012,-11.41,54.65,0.3137,0.0367,-0.108,1.73,0.0,0.0,0,0.0,-0.0
1,182,3.64,approach,0.01601,0.00581,0.01492,0.02129,0.012,-11.59,54.43,0.3137,0.0367,-0.123,1.73,0.0,0.0,0,0.0,-0.0
1,183,3.66,approach,0.01581,0.00579,0.01471,0.02133,0.012,-11.79,54.18,0.3137,0.0366,-0.127,1.73,0.0,0.0,0,0.0,-0.0
1,184,3.68,approach,0.01642,0.00741,0.01465,0.02251,0.012,-12.0,53.92,0.3136,0.0365,-0.143,1.73,0.0,0.0,0,0.0,-0.0
1,185,3.7,approach,0.01618,0.00659,0.01478,0.02235,0.012,-12.25,53.75,0.3136,0.0365,-0.137,1.73,0.0,0.0,0,0.0,-0.0
1,186,3.72,approach,0.01648,0.00738,0.01473,0.0226,0.012,-12.32,53.62,0.3136,0.0364,-0.15,1.73,0.0,0.0,0,0.0,-0.0
1,187,3.74,approach,0.01629,0.00818,0.01409,0.02262,0.012,-12.43,53.51,0.3135,0.0364,-0.158,1.73,0.0,0.0,0,0.0,-0.0
1,188,3.76,approach,0.01635,0.00935,0.01341,0.02335,0.012,-12.69,53.42,0.3134,0.0363,-0.168,1.73,0.0,0.0,0,0.0,-0.0
1,189,3.78,approach,0.01536,0.00791,0.01316,0.02266,0.012,-12.99,53.41,0.3134,0.0362,-0.153,1.73,0.0,0.0,0,0.0,-0.0
1,190,3.8,approach,0.0154,0.00848,0.01285,0.02267,0.012,-13.05,53.3,0.3133,0.0361,-0.166,1.73,0.0,0.0,0,0.0,-0.0
1,191,3.82,approach,0.01498,0.00878,0.01214,0.02231,0.012,-13.11,53.16,0.3131,0.036,-0.172,1.73,0.0,0.0,0,0.0,-0.0
1,192,3.84,approach,0.01553,0.01013,0.01177,0.02327,0.012,-13.29,52.93,0.313,0.0359,-0.184,1.73,0.0,0.0,0,0.0,-0.0
1,193,3.86,approach,0.01504,0.00901,0.01205,0.0229,0.012,-13.53,52.77,0.3129,0.0358,-0.174,1.73,0.0,0.0,0,0.0,-0.0
1,194,3.88,approach,0.0148,0.0083,0.01225,0.02223,0.012,-13.55,52.63,0.3127,0.0357,-0.174,1.73,0.0,0.0,0,0.0,-0.0
1,195,3.9,approach,0.01555,0.01027,0.01167,0.02304,0.012,-13.57,52.39,0.3125,0.0356,-0.195,1.73,0.0,0.0,0,0.0,-0.0
1,196,3.92,approach,0.0151,0.00993,0.01138,0.02303,0.012,-13.82,52.24,0.3123,0.0355,-0.192,1.73,0.0,0.0,0,0.0,-0.0
1,197,3.94,approach,0.01441,0.00875,0.01144,0.02246,0.012,-14.04,52.11,0.3122,0.0354,-0.186,1.73,0.0,0.0,0,0.0,-0.0
1,198,3.96,approach,0.01467,0.00942,0.01125,0.02266,0.012,-14.09,51.89,0.312,0.0352,-0.2,1.73,0.0,0.0,0,0.0,-0.0
1,199,3.98,approach,0.01456,0.00957,0.01098,0.02275,0.012,-14.25,51.65,0.3118,0.0351,-0.204,1.73,0.0,0.0,0,0.0,-0.0
1,200,4.0,approach,0.01455,0.00968,0.01087,0.0231,0.012,-14.49,51.42,0.3117,0.0349,-0.206,1.73,0.0,0.0,0,0.0,-0.0
1,201,4.02,approach,0.0141,0.00895,0.0109,0.02269,0.012,-14.66,51.17,0.3115,0.0348,-0.202,1.73,0.0,0.0,0,0.0,-0.0
1,202,4.04,approach,0.01488,0.0104,0.01064,0.02357,0.012,-14.76,50.85,0.3114,0.0346,-0.22,1.73,0.0,0.0,0,0.0,-0.0
1,203,4.06,approach,0.01417,0.0096,0.01042,0.02307,0.012,-14.97,50.63,0.3112,0.0345,-0.217,1.73,0.0,0.0,0,0.0,-0.0
1,204,4.08,approach,0.01394,0.00955,0.01015,0.02306,0.012,-15.15,50.41,0.3111,0.0343,-0.222,1.73,0.0,0.0,0,0.0,-0.0
1,205,4.1,approach,0.01319,0.00898,0.00966,0.0225,0.012,-15.31,50.17,0.311,0.0342,-0.222,1.73,0.0,0.0,0,0.0,-0.0
1,206,4.12,approach,0.01391,0.01042,0.00923,0.02347,0.012,-15.45,49.79,0.3108,0.034,-0.24,1.73,0.0,0.0,0,0.0,-0.0
1,207,4.14,approach,0.01257,0.00857,0.0092,0.02213,0.012,-15.65,49.52,0.3107,0.0338,-0.228,1.73,0.0,0.0,0,0.0,-0.0
1,208,4.16,approach,0.01312,0.0093,0.00926,0.02242,0.012,-15.65,49.16,0.3105,0.0336,-0.245,1.73,0.0,0.0,0,0.0,-0.0
1,209,4.18,approach,0.01262,0.00864,0.0092,0.02183,0.012,-15.77,48.56,0.3104,0.0334,-0.245,1.73,0.0,0.0,0,0.0,-0.0
1,210,4.2,approach,0.01372,0.01044,0.0089,0.0234,0.012,-16.05,48.15,0.3102,0.0332,-0.263,1.73,0.0,0.0,0,0.0,-0.0
1,211,4.22,approach,0.01206,0.00821,0.00883,0.02137,0.012,-16.06,48.17,0.3101,0.033,-0.255,1.73,0.0,0.0,0,0.0,-0.0
1,212,4.24,approach,0.01246,0.00883,0.00879,0.02154,0.012,-16.09,47.86,0.3099,0.0328,-0.272,1.73,0.0,0.0,0,0.0,-0.0
1,213,4.26,approach,0.01209,0.00803,0.00904,0.02111,0.012,-16.28,47.27,0.3098,0.0326,-0.274,1.73,0.0,0.0,0,0.0,-0.0
1,214,4.28,approach,0.01138,0.00704,0.00894,0.02063,0.012,-16.62,46.91,0.3097,0.0324,-0.267,1.73,0.0,0.0,0,0.0,-0.0
1,215,4.3,approach,0.01282,0.009,0.00913,0.02146,0.012,-16.77,46.25,0.3096,0.0322,-0.277,1.73,0.0,0.0,0,0.0,-0.0
1,216,4.32,approach,0.01534,0.01188,0.00971,0.02152,0.012,-16.04,46.62,0.3093,0.032,-0.296,1.73,0.0,0.0,0,0.0,-0.0
1,217,4.34,approach,0.01372,0.00956,0.00984,0.01913,0.012,-16.09,46.73,0.3092,0.0317,-0.274,1.73,0.0,0.0,0,0.0,-0.0
1,218,4.36,approach,0.01415,0.00889,0.01101,0.02021,0.012,-16.49,46.38,0.3092,0.0316,-0.287,1.73,0.0,0.0,0,0.0,-0.0
1,219,4.38,approach,0.0133,0.00634,0.01169,0.01917,0.012,-16.84,46.03,0.3091,0.0314,-0.282,1.73,0.0,0.0,0,0.0,-0.0
1,220,4.4,approach,0.01438,0.00831,0.01173,0.01982,0.012,-16.77,45.71,0.309,0.0312,-0.306,1.73,0.0,0.0,0,0.0,-0.0
1,221,4.42,approach,0.01488,0.00895,0.01188,0.02064,0.012,-17.0,45.26,0.309,0.0309,-0.321,1.73,0.0,0.0,0,0.0,-0.0
1,222,4.44,approach,0.0143,0.00768,0.01206,0.02081,0.012,-17.46,44.96,0.309,0.0308,-0.322,1.73,0.0,0.0,0,0.0,-0.0
1,223,4.46,approach,0.01426,0.008,0.0118,0.02123,0.012,-17.72,44.7,0.309,0.0305,-0.336,1.73,0.0,0.0,0,0.0,-0.0
1,224,4.48,settle,0.01378,0.00772,0.01142,0.02093,0.012,-17.93,44.38,0.309,0.0303,-0.341,1.73,0.0,0.0,0,0.0,-0.0
1,225,4.5,settle,0.01255,0.00826,0.00946,0.02175,0.012,-18.33,48.55,0.3091,0.0301,-0.341,1.73,0.0,0.0,0,0.0,-0.0
1,226,4.52,settle,0.01118,0.00756,0.00824,0.02014,0.012,-17.78,53.53,0.309,0.0299,-0.35,1.73,0.0,0.0,0,0.0,-0.0
1,227,4.54,settle,0.00828,0.00429,0.00708,0.01596,0.012,-16.92,58.67,0.309,0.0296,-0.338,1.73,0.0,0.0,0,0.0,-0.0
1,228,4.56,settle,0.00759,0.00198,0.00732,0.01275,0.012,-16.18,63.6,0.309,0.0294,-0.313,1.73,0.0,0.0,0,0.0,-0.0
1,229,4.58,settle,0.00962,0.00496,0.00824,0.01266,0.012,-15.66,68.1,0.3091,0.0292,-0.272,1.73,0.0,0.0,0,0.0,-0.0
1,230,4.6,settle,0.01118,0.00707,0.00867,0.01437,0.012,-15.33,71.72,0.3093,0.0291,-0.238,1.73,0.0,0.0,0,0.0,-0.0
1,231,4.62,settle,0.01038,0.00596,0.0085,0.01567,0.012,-15.12,74.15,0.3095,0.0289,-0.229,1.73,0.0,0.0,0,0.0,-0.0
1,232,4.64,settle,0.01402,0.01023,0.00959,0.01774,0.012,-14.62,75.38,0.3098,0.0288,-0.182,1.726,0.0,0.0,0,0.0,-0.0
1,233,4.66,settle,0.01544,0.0108,0.01103,0.01826,0.012,-14.33,75.52,0.3101,0.0287,-0.162,1.73,0.0,0.0,0,0.0,-0.0
1,234,4.68,settle,0.01383,0.00716,0.01184,0.01693,0.012,-14.42,75.39,0.3105,0.0287,-0.17,1.73,0.0,0.0,0,0.0,-0.0
1,235,4.7,settle,0.01611,0.008,0.01399,0.01759,0.012,-14.12,75.6,0.3109,0.0287,-0.14,1.73,0.0,0.0,0,0.0,-0.0
1,236,4.72,settle,0.01549,0.00389,0.01499,0.01733,0.012,-14.28,75.41,0.3113,0.0288,-0.147,1.73,0.0,0.0,0,0.0,-0.0
1,237,4.74,settle,0.01783,0.00608,0.01676,0.01823,0.012,-13.92,75.67,0.3118,0.0289,-0.111,1.73,0.0,0.0,0,0.0,-0.0
1,238,4.76,settle,0.01666,0.00246,0.01648,0.01782,0.012,-14.21,75.39,0.3123,0.029,-0.124,1.73,0.0,0.0,0,0.0,-0.0
1,239,4.78,settle,0.01766,0.00472,0.01702,0.01797,0.012,-13.97,75.55,0.3128,0.0291,-0.08,1.73,0.0,0.0,0,0.0,-0.0
1,240,4.8,settle,0.01714,0.00301,0.01687,0.01755,0.012,-14.13,75.4,0.3133,0.0293,-0.082,1.73,0.0,0.0,0,0.0,-0.0
1,241,4.82,settle,0.01781,0.00432,0.01728,0.01764,0.012,-14.03,75.45,0.3138,0.0295,-0.045,1.73,0.0,0.0,0,0.0,-0.0
1,242,4.84,settle,0.0172,0.00324,0.0169,0.01748,0.012,-14.26,75.26,0.3143,0.0296,-0.057,1.73,0.0,0.0,0,0.0,-0.0
1,243,4.86,settle,0.01751,0.00364,0.01713,0.01735,0.012,-14.13,75.33,0.3147,0.0299,-0.02,1.73,0.0,0.0,0,0.0,-0.0
1,244,4.88,settle,0.01703,0.00363,0.01664,0.01717,0.012,-14.34,75.16,0.3152,0.03,-0.034,1.73,0.0,0.0,0,0.0,-0.0
1,245,4.9,settle,0.01728,0.00372,0.01687,0.01678,0.012,-14.23,75.24,0.3156,0.0303,-0.001,1.73,0.0,0.0,0,0.0,-0.0
1,246,4.92,settle,0.01703,0.00441,0.01645,0.01695,0.012,-14.47,75.04,0.3161,0.0305,-0.016,1.73,0.0,0.0,0,0.0,-0.0
1,247,4.94,settle,0.01738,0.004,0.01692,0.01656,0.012,-14.29,75.18,0.3165,0.0308,0.018,1.73,0.0,0.0,0,0.0,-0.0
1,248,4.96,settle,0.0172,0.00493,0.01648,0.01641,0.012,-14.48,75.03,0.3169,0.031,0.009,1.73,0.0,0.0,0,0.0,-0.0
1,249,4.98,settle,0.01762,0.00505,0.01688,0.016,0.012,-14.42,75.08,0.3172,0.0313,0.031,1.73,0.0,0.0,0,0.0,-0.0
1,250,5.0,settle,0.01785,0.00726,0.01631,0.01703,0.012,-14.78,74.79,0.3176,0.0315,-0.0,1.73,0.0,0.0,0,0.0,-0.0
1,251,5.02,settle,0.01802,0.00542,0.01718,0.01641,0.012,-14.46,75.04,0.3179,0.0318,0.032,1.73,0.0,0.0,0,0.0,-0.0
1,252,5.04,settle,0.01825,0.00664,0.017,0.01693,0.012,-14.77,74.78,0.3182,0.0321,0.018,1.73,0.0,0.0,0,0.0,-0.0
1,253,5.06,settle,0.01815,0.00653,0.01693,0.01633,0.012,-14.91,74.66,0.3185,0.0324,0.03,1.73,0.0,0.0,0,0.0,-0.0
1,254,5.08,settle,0.0188,0.01031,0.01572,0.01809,0.012,-15.43,74.21,0.3188,0.0327,-0.007,1.73,0.0,0.0,0,0.0,-0.0
1,255,5.1,settle,0.01823,0.00767,0.01654,0.01645,0.012,-14.98,74.59,0.319,0.033,0.018,1.73,0.0,0.0,0,0.0,-0.0
1,256,5.12,settle,0.01785,0.00744,0.01622,0.01625,0.012,-15.37,74.25,0.3193,0.0333,0.021,1.73,0.0,0.0,0,0.0,-0.0
1,257,5.14,settle,0.01763,0.00925,0.01501,0.01621,0.012,-15.77,73.9,0.3195,0.0335,0.004,1.73,0.0,0.0,0,0.0,-0.0
1,258,5.16,settle,0.01704,0.00834,0.01486,0.01487,0.012,-15.83,73.85,0.3196,0.0338,0.017,1.73,0.0,0.0,0,0.0,-0.0
1,259,5.18,settle,0.01656,0.0095,0.01357,0.01628,0.012,-16.57,73.16,0.3198,0.034,-0.007,1.73,0.0,0.0,0,0.0,-0.0
1,260,5.2,settle,0.01483,0.00517,0.0139,0.01411,0.012,-16.38,73.29,0.3199,0.0343,0.028,1.73,0.0,0.0,0,0.0,-0.0
1,261,5.22,settle,0.01314,0.00419,0.01245,0.01391,0.012,-17.08,72.64,0.32,0.0345,0.025,1.73,0.0,0.0,0,0.0,-0.0
1,262,5.24,settle,0.01118,0.00167,0.01105,0.01274,0.012,-17.4,72.31,0.32,0.0346,0.048,1.73,0.0,0.0,0,0.0,-0.0
1,263,5.26,settle,0.00893,0.00131,0.00883,0.01408,0.012,-18.36,71.39,0.3201,0.0348,0.053,1.73,0.0,0.0,0,0.0,-0.0
1,264,5.28,settle,0.00958,0.00593,0.00753,0.0161,0.012,-18.62,71.07,0.3201,0.035,0.099,1.73,0.0,0.0,0,0.0,-0.0
1,265,5.3,settle,0.01171,0.01021,0.00573,0.01891,0.012,-18.99,70.65,0.32,0.0352,0.147,1.73,0.0,0.0,0,0.0,-0.0
1,266,5.32,settle,0.01007,0.00905,0.00444,0.01926,0.012,-19.35,70.29,0.3199,0.0353,0.14,1.73,0.0,0.0,0,0.0,-0.0
1,267,5.34,settle,0.00846,0.00629,0.00566,0.01771,0.012,-18.78,70.8,0.3198,0.0356,0.116,1.73,0.0,0.0,0,0.0,-0.0
1,268,5.36,settle,0.00887,0.00456,0.00761,0.0166,0.012,-18.03,71.48,0.3196,0.0358,0.095,1.73,0.0,0.0,0,0.0,-0.0
1,269,5.38,settle,0.01068,0.00367,0.01003,0.01517,0.012,-17.0,72.46,0.3195,0.0361,0.069,1.73,0.0,0.0,0,0.0,-0.0
1,270,5.4,settle,0.01407,0.00674,0.01235,0.01478,0.012,-16.03,73.44,0.3193,0.0363,0.029,1.73,0.0,0.0,0,0.0,-0.0
1,271,5.42,settle,0.01843,0.011,0.01479,0.01633,0.012,-15.09,74.39,0.3191,0.0365,-0.025,1.73,0.0,0.0,0,0.0,-0.0
1,272,5.44,settle,0.01573,0.00668,0.01424,0.01485,0.012,-15.19,74.33,0.319,0.0367,-0.016,1.73,0.0,0.0,0,0.0,-0.0
1,273,5.46,settle,0.01255,0.0021,0.01237,0.01382,0.012,-15.62,73.91,0.3189,0.0367,-0.001,1.73,0.0,0.0,0,0.0,-0.0
1,274,5.48,settle,0.01349,0.00454,0.0127,0.01197,0.012,-15.04,74.48,0.3187,0.0368,-0.018,1.73,0.0,0.0,0,0.0,-0.0
1,275,5.5,settle,0.01225,0.00305,0.01187,0.01224,0.012,-15.65,73.92,0.3186,0.0368,-0.022,1.73,0.0,0.0,0,0.0,-0.0
1,276,5.52,settle,0.01196,0.00262,0.01167,0.01359,0.012,-16.24,73.39,0.3186,0.0369,-0.04,1.73,0.0,0.0,0,0.0,-0.0
1,277,5.54,settle,0.01282,0.00467,0.01194,0.01414,0.012,-16.21,73.42,0.3185,0.0369,-0.065,1.73,0.0,0.0,0,0.0,-0.0
1,278,5.56,settle,0.01374,0.00659,0.01206,0.01466,0.012,-16.15,73.49,0.3184,0.037,-0.088,1.73,0.0,0.0,0,0.0,-0.0
1,279,5.58,settle,0.01287,0.00536,0.0117,0.01423,0.012,-16.25,73.37,0.3183,0.037,-0.079,1.73,0.0,0.0,0,0.0,-0.0
1,280,5.6,settle,0.01177,0.00467,0.0108,0.01414,0.012,-16.73,72.92,0.3182,0.037,-0.071,1.73,0.0,0.0,0,0.0,-0.0
1,281,5.62,settle,0.01141,0.00649,0.00939,0.0152,0.012,-17.37,72.32,0.3181,0.0369,-0.079,1.73,0.0,0.0,0,0.0,-0.0
1,282,5.64,settle,0.01234,0.00857,0.00889,0.01647,0.012,-17.47,72.21,0.3179,0.0369,-0.094,1.73,0.0,0.0,0,0.0,-0.0
1,283,5.66,settle,0.01246,0.00758,0.00989,0.01591,0.012,-17.15,72.5,0.3178,0.0369,-0.089,1.73,0.0,0.0,0,0.0,-0.0
1,284,5.68,settle,0.01278,0.00784,0.01009,0.01557,0.012,-16.99,72.66,0.3176,0.0369,-0.093,1.73,0.0,0.0,0,0.0,-0.0
1,285,5.7,settle,0.01352,0.00939,0.00972,0.01585,0.012,-16.9,72.76,0.3174,0.0368,-0.11,1.73,0.0,0.0,0,0.0,-0.0
1,286,5.72,settle,0.01371,0.01032,0.00903,0.01663,0.012,-17.0,72.67,0.3173,0.0368,-0.123,1.73,0.0,0.0,0,0.0,-0.0
1,287,5.74,settle,0.01279,0.00941,0.00867,0.01643,0.012,-16.96,72.7,0.3171,0.0367,-0.123,1.73,0.0,0.0,0,0.0,-0.0
1,288,5.76,settle,0.01184,0.00902,0.00766,0.01639,0.012,-17.03,72.62,0.3169,0.0366,-0.124,1.73,0.0,0.0,0,0.0,-0.0
1,289,5.78,settle,0.01138,0.00953,0.00622,0.01683,0.012,-17.15,72.51,0.3167,0.0365,-0.131,1.73,0.0,0.0,0,0.0,-0.0
1,290,5.8,settle,0.01169,0.01018,0.00574,0.01733,0.012,-17.09,72.57,0.3165,0.0364,-0.141,1.73,0.0,0.0,0,0.0,-0.0
1,291,5.82,settle,0.01257,0.01139,0.00533,0.01842,0.012,-17.02,72.63,0.3163,0.0363,-0.159,1.73,0.0,0.0,0,0.0,-0.0
1,292,5.84,settle,0.0132,0.01216,0.00514,0.01894,0.012,-16.8,72.83,0.3162,0.0362,-0.178,1.73,0.0,0.0,0,0.0,-0.0
1,293,5.86,settle,0.01119,0.0087,0.00703,0.01398,0.012,-15.48,74.05,0.3159,0.0361,-0.17,1.73,0.0,0.0,0,0.0,-0.0
1,294,5.88,settle,0.00939,0.00591,0.00729,0.0114,0.012,-15.27,74.26,0.3158,0.036,-0.153,1.73,0.0,0.0,0,0.0,-0.0
1,295,5.9,settle,0.00733,0.00475,0.00558,0.01389,0.012,-16.26,73.33,0.3157,0.0359,-0.147,1.73,0.0,0.0,0,0.0,-0.0
1,296,5.92,settle,0.00854,0.00527,0.00672,0.01244,0.012,-15.68,73.9,0.3155,0.0358,-0.169,1.73,0.0,0.0,0,0.0,-0.0
1,297,5.94,settle,0.00939,0.00583,0.00736,0.01193,0.012,-15.48,74.1,0.3154,0.0357,-0.183,1.73,0.0,0.0,0,0.0,-0.0
1,298,5.96,settle,0.00945,0.00556,0.00764,0.01266,0.012,-15.57,74.02,0.3154,0.0356,-0.193,1.73,0.0,0.0,0,0.0,-0.0
1,299,5.98,settle,0.00892,0.00478,0.00753,0.01335,0.012,-15.69,73.89,0.3154,0.0355,-0.198,1.73,0.0,0.0,0,0.0,-0.0
1,300,6.0,settle,0.0089,0.0054,0.00707,0.01397,0.012,-15.8,73.78,0.3153,0.0354,-0.21,1.73,0.0,0.0,0,0.0,-0.0
1,301,6.02,settle,0.00887,0.00615,0.0064,0.01466,0.012,-15.92,73.66,0.3153,0.0353,-0.22,1.73,0.0,0.0,0,0.0,-0.0
1,302,6.04,settle,0.0092,0.00681,0.00619,0.01527,0.012,-16.0,73.58,0.3153,0.0352,-0.226,1.73,0.0,0.0,0,0.0,-0.0
1,303,6.06,settle,0.00974,0.00747,0.00625,0.01535,0.012,-15.96,73.62,0.3152,0.035,-0.231,1.73,0.0,0.0,0,0.0,-0.0
1,304,6.08,settle,0.01014,0.00816,0.00602,0.01544,0.012,-15.93,73.65,0.3151,0.0349,-0.234,1.73,0.0,0.0,0,0.0,-0.0
1,305,6.1,settle,0.01038,0.00869,0.00567,0.01575,0.012,-16.0,73.58,0.3151,0.0348,-0.233,1.73,0.0,0.0,0,0.0,-0.0
1,306,6.12,settle,0.01126,0.0098,0.00554,0.01628,0.012,-16.04,73.55,0.315,0.0347,-0.238,1.73,0.0,0.0,0,0.0,-0.0
1,307,6.14,settle,0.01158,0.01021,0.00547,0.01639,0.012,-16.03,73.56,0.3149,0.0345,-0.235,1.73,0.0,0.0,0,0.0,-0.0
1,308,6.16,settle,0.01151,0.01031,0.00512,0.01651,0.012,-16.18,73.42,0.3148,0.0343,-0.227,1.73,0.0,0.0,0,0.0,-0.0
1,309,6.18,settle,0.01222,0.01127,0.00475,0.01716,0.012,-16.39,73.23,0.3147,0.0342,-0.224,1.73,0.0,0.0,0,0.0,-0.0
1,310,6.2,settle,0.01386,0.0131,0.00453,0.01847,0.012,-16.52,73.12,0.3145,0.034,-0.232,1.73,0.0,0.0,0,0.0,-0.0
1,311,6.22,settle,0.01361,0.01281,0.00459,0.0183,0.012,-16.51,73.13,0.3144,0.0338,-0.224,1.73,0.0,0.0,0,0.0,-0.0
1,312,6.24,settle,0.01298,0.01212,0.00464,0.01762,0.012,-16.44,73.2,0.3143,0.0336,-0.215,1.73,0.0,0.0,0,0.0,-0.0
1,313,6.26,settle,0.01282,0.01205,0.00436,0.01732,0.012,-16.38,73.26,0.3141,0.0334,-0.213,1.73,0.0,0.0,0,0.0,-0.0
1,314,6.28,settle,0.01251,0.01179,0.00421,0.01734,0.012,-16.43,73.22,0.314,0.0332,-0.208,1.73,0.0,0.0,0,0.0,-0.0
1,315,6.3,settle,0.01227,0.01146,0.00439,0.01719,0.012,-16.42,73.23,0.3138,0.0331,-0.204,1.73,0.0,0.0,0,0.0,-0.0
1,316,6.32,settle,0.01243,0.01161,0.00445,0.01718,0.012,-16.39,73.27,0.3137,0.0329,-0.205,1.73,0.0,0.0,0,0.0,-0.0
1,317,6.34,settle,0.01226,0.01142,0.00444,0.01704,0.012,-16.39,73.27,0.3136,0.0327,-0.202,1.73,0.0,0.0,0,0.0,-0.0
1,318,6.36,settle,0.01213,0.01128,0.00446,0.01693,0.012,-16.39,73.27,0.3135,0.0326,-0.199,1.73,0.0,0.0,0,0.0,-0.0
1,319,6.38,settle,0.01181,0.01091,0.00452,0.0169,0.012,-16.46,73.21,0.3133,0.0325,-0.193,1.73,0.0,0.0,0,0.0,-0.0
1,320,6.4,settle,0.01134,0.01051,0.00427,0.01696,0.012,-16.63,73.04,0.3132,0.0323,-0.186,1.73,0.0,0.0,0,0.0,-0.0
1,321,6.42,settle,0.01137,0.01075,0.00371,0.0175,0.012,-16.87,72.83,0.3131,0.0322,-0.182,1.73,0.0,0.0,0,0.0,-0.0
1,322,6.44,settle,0.01245,0.01199,0.00336,0.0187,0.012,-17.01,72.69,0.313,0.032,-0.189,1.73,0.0,0.0,0,0.0,-0.0
1,323,6.46,settle,0.01086,0.01023,0.00363,0.01726,0.012,-16.84,72.84,0.3129,0.0319,-0.175,1.73,0.0,0.0,0,0.0,-0.0
1,324,6.48,enter,0.01138,0.01081,0.00356,0.01711,0.012,-16.72,72.98,0.3127,0.0318,-0.182,1.73,0.0,0.0,0,0.0,-0.0
1,325,6.5,enter,0.01073,0.01035,0.00283,0.01655,0.012,-16.62,73.08,0.3126,0.0317,-0.182,1.73,0.0,0.0,0,0.0,-0.0
1,326,6.52,enter,0.01037,0.01013,0.00223,0.01645,0.012,-16.59,73.13,0.3125,0.0316,-0.183,1.73,0.0,0.0,0,0.0,-0.0
1,327,6.54,enter,0.01015,0.01004,0.00153,0.01647,0.012,-16.56,73.16,0.3123,0.0315,-0.186,1.73,0.0,0.0,0,0.0,-0.0
1,328,6.56,enter,0.00974,0.00968,0.00106,0.01627,0.012,-16.51,73.21,0.3122,0.0314,-0.187,1.73,0.0,0.0,0,0.0,-0.0
1,329,6.58,enter,0.00962,0.00959,0.00079,0.01635,0.012,-16.47,73.25,0.312,0.0313,-0.19,1.73,0.0,0.0,0,0.0,-0.0
1,330,6.6,enter,0.0094,0.00937,0.00067,0.01635,0.012,-16.43,73.3,0.3119,0.0312,-0.192,1.73,0.0,0.0,0,0.0,-0.0
1,331,6.62,enter,0.00934,0.00933,0.00044,0.01653,0.012,-16.4,73.32,0.3118,0.0312,-0.194,1.73,0.0,0.0,0,0.0,-0.0
1,332,6.64,enter,0.00903,0.00903,4e-05,0.01675,0.012,-16.39,73.33,0.3117,0.0311,-0.193,1.73,0.0,0.0,0,0.0,-0.0
1,333,6.66,enter,0.00909,0.00908,-0.0004,0.01729,0.012,-16.43,73.29,0.3116,0.031,-0.193,1.73,0.0,0.0,0,0.0,-0.0
1,334,6.68,enter,0.00873,0.00871,-0.00063,0.01739,0.012,-16.38,73.33,0.3116,0.031,-0.19,1.73,0.0,0.0,0,0.0,-0.0
1,335,6.7,enter,0.00872,0.00867,-0.00087,0.01761,0.012,-16.33,73.37,0.3115,0.0309,-0.188,1.73,0.0,0.0,0,0.0,-0.0
1,336,6.72,enter,0.0087,0.00862,-0.00115,0.0179,0.012,-16.29,73.4,0.3115,0.0309,-0.185,1.73,0.0,0.0,0,0.0,-0.0
1,337,6.74,enter,0.00854,0.00843,-0.00136,0.01807,0.012,-16.23,73.46,0.3115,0.0309,-0.179,1.73,0.0,0.0,0,0.0,-0.0
1,338,6.76,enter,0.00855,0.00841,-0.00155,0.0183,0.012,-16.16,73.51,0.3115,0.0308,-0.173,1.73,0.0,0.0,0,0.0,-0.0
1,339,6.78,enter,0.00855,0.00837,-0.00174,0.01852,0.012,-16.1,73.57,0.3115,0.0308,-0.167,1.73,0.0,0.0,0,0.0,-0.0
1,340,6.8,enter,0.00848,0.00827,-0.00187,0.01864,0.012,-16.0,73.65,0.3115,0.0308,-0.159,1.73,0.0,0.0,0,0.0,-0.0
1,341,6.82,enter,0.00851,0.00826,-0.00202,0.01878,0.012,-15.91,73.73,0.3115,0.0307,-0.151,1.73,0.0,0.0,0,0.0,-0.0
1,342,6.84,enter,0.00847,0.0082,-0.00215,0.01889,0.012,-15.8,73.82,0.3115,0.0307,-0.142,1.73,0.0,0.0,0,0.0,-0.0
1,343,6.86,enter,0.00824,0.00791,-0.00229,0.0189,0.012,-15.68,73.92,0.3115,0.0307,-0.129,1.73,0.0,0.0,0,0.0,-0.0
1,344,6.88,enter,0.00826,0.00791,-0.00235,0.0189,0.012,-15.57,74.01,0.3116,0.0307,-0.119,1.73,0.0,0.0,0,0.0,-0.0
1,345,6.9,enter,0.00815,0.00778,-0.0024,0.01886,0.012,-15.46,74.11,0.3116,0.0306,-0.106,1.73,0.0,0.0,0,0.0,-0.0
1,346,6.92,enter,0.00844,0.00807,-0.00248,0.01909,0.012,-15.43,74.14,0.3116,0.0306,-0.093,1.73,0.0,0.0,0,0.0,-0.0
1,347,6.94,enter,0.00826,0.00791,-0.00239,0.01892,0.012,-15.33,74.22,0.3116,0.0306,-0.077,1.73,0.0,0.0,0,0.0,-0.0
1,348,6.96,enter,0.00865,0.00834,-0.00229,0.01896,0.012,-15.29,74.26,0.3117,0.0305,-0.064,1.73,0.0,0.0,0,0.0,-0.0
1,349,6.98,enter,0.00847,0.00821,-0.00211,0.01875,0.012,-15.22,74.32,0.3117,0.0305,-0.044,1.73,0.0,0.0,0,0.0,-0.0
1,350,7.0,enter,0.00879,0.00861,-0.00181,0.01861,0.012,-15.15,74.39,0.3117,0.0305,-0.03,1.73,0.0,0.0,0,0.0,-0.0
1,351,7.02,enter,0.00883,0.0087,-0.00149,0.01838,0.012,-15.1,74.44,0.3117,0.0304,-0.011,1.73,0.0,0.0,0,0.0,-0.0
1,352,7.04,enter,0.00936,0.00929,-0.00108,0.01833,0.012,-15.03,74.51,0.3117,0.0304,0.004,1.73,0.0,0.0,0,0.0,-0.0
1,353,7.06,enter,0.00961,0.0096,-0.00054,0.01809,0.012,-14.94,74.59,0.3117,0.0304,0.02,1.73,0.0,0.0,0,0.0,-0.0
1,354,7.08,enter,0.00978,0.00978,0.0,0.01785,0.012,-14.86,74.67,0.3117,0.0304,0.036,1.73,0.0,0.0,0,0.0,-0.0
1,355,7.1,enter,0.0098,0.00979,0.00047,0.0176,0.012,-14.8,74.73,0.3118,0.0304,0.053,1.73,0.0,0.0,0,0.0,-0.0
1,356,7.12,enter,0.00998,0.00995,0.00079,0.0176,0.012,-14.78,74.75,0.3118,0.0304,0.068,1.73,0.0,0.0,0,0.0,-0.0
1,357,7.14,enter,0.00991,0.00985,0.00108,0.01747,0.012,-14.76,74.78,0.3118,0.0304,0.083,1.73,0.0,0.0,0,0.0,-0.0
1,358,7.16,enter,0.01,0.0099,0.0014,0.01738,0.012,-14.72,74.82,0.3119,0.0304,0.095,1.73,0.0,0.0,0,0.0,-0.0
1,359,7.18,enter,0.0101,0.00996,0.00168,0.01737,0.012,-14.7,74.84,0.3119,0.0304,0.106,1.73,0.0,0.0,0,0.0,-0.0
1,360,7.2,enter,0.01007,0.00988,0.00196,0.01728,0.012,-14.68,74.87,0.312,0.0305,0.117,1.73,0.0,0.0,0,0.0,-0.0
1,361,7.22,enter,0.01013,0.00988,0.00222,0.01721,0.012,-14.65,74.9,0.3121,0.0305,0.126,1.73,0.0,0.0,0,0.0,-0.0
1,362,7.24,enter,0.01023,0.00993,0.00243,0.0172,0.012,-14.63,74.93,0.3121,0.0306,0.133,1.73,0.0,0.0,0,0.0,-0.0
1,363,7.26,enter,0.01027,0.00994,0.00258,0.01725,0.012,-14.63,74.93,0.3122,0.0307,0.139,1.73,0.0,0.0,0,0.0,-0.0
1,364,7.28,enter,0.01021,0.00983,0.00275,0.01715,0.012,-14.61,74.96,0.3123,0.0308,0.146,1.73,0.0,0.0,0,0.0,-0.0
1,365,7.3,enter,0.01039,0.00998,0.00287,0.0172,0.012,-14.59,74.99,0.3124,0.0309,0.148,1.73,0.0,0.0,0,0.0,-0.0
1,366,7.32,enter,0.01034,0.0099,0.003,0.01717,0.012,-14.57,75.01,0.3125,0.031,0.152,1.73,0.0,0.0,0,0.0,-0.0
1,367,7.34,enter,0.01045,0.00998,0.00309,0.01723,0.012,-14.56,75.03,0.3126,0.0311,0.153,1.73,0.0,0.0,0,0.0,-0.0
1,368,7.36,enter,0.01046,0.00997,0.00318,0.0172,0.012,-14.54,75.06,0.3126,0.0313,0.154,1.73,0.0,0.0,0,0.0,-0.0
1,369,7.38,enter,0.01059,0.01009,0.00323,0.01728,0.012,-14.53,75.08,0.3127,0.0314,0.153,1.73,0.0,0.0,0,0.0,-0.0
1,370,7.4,enter,0.01063,0.01012,0.00325,0.01734,0.012,-14.52,75.09,0.3128,0.0316,0.152,1.73,0.0,0.0,0,0.0,-0.0
1,371,7.42,enter,0.01068,0.01016,0.00328,0.01736,0.012,-14.5,75.11,0.3129,0.0318,0.15,1.73,0.0,0.0,0,0.0,-0.0
1,372,7.44,enter,0.01083,0.01032,0.00328,0.01746,0.012,-14.48,75.13,0.3129,0.032,0.147,1.73,0.0,0.0,0,0.0,-0.0
1,373,7.46,enter,0.01087,0.01037,0.00325,0.01753,0.012,-14.47,75.15,0.313,0.0321,0.144,1.73,0.0,0.0,0,0.0,-0.0
1,374,7.48,enter,0.01097,0.01049,0.00321,0.01763,0.012,-14.46,75.16,0.3131,0.0323,0.139,1.73,0.0,0.0,0,0.0,-0.0
1,375,7.5,enter,0.01105,0.01059,0.00315,0.0177,0.012,-14.45,75.18,0.3132,0.0325,0.135,1.73,0.0,0.0,0,0.0,-0.0
1,376,7.52,enter,0.01118,0.01075,0.00307,0.01786,0.012,-14.45,75.19,0.3132,0.0327,0.13,1.73,0.0,0.0,0,0.0,-0.0
1,377,7.54,enter,0.01125,0.01085,0.00298,0.01798,0.012,-14.44,75.2,0.3133,0.0329,0.125,1.73,0.0,0.0,0,0.0,-0.0
1,378,7.56,enter,0.01133,0.01097,0.00286,0.01813,0.012,-14.45,75.19,0.3133,0.0332,0.12,1.73,0.0,0.0,0,0.0,-0.0
1,379,7.58,enter,0.01143,0.01111,0.00271,0.0183,0.012,-14.47,75.18,0.3134,0.0334,0.115,1.73,0.0,0.0,0,0.0,-0.0
1,380,7.6,enter,0.01152,0.01125,0.00247,0.01857,0.012,-14.54,75.11,0.3134,0.0336,0.111,1.73,0.0,0.0,0,0.0,-0.0
1,381,7.62,enter,0.01148,0.01128,0.00211,0.0189,0.012,-14.69,74.97,0.3135,0.0338,0.11,1.73,0.0,0.0,0,0.0,-0.0
1,382,7.64,enter,0.01121,0.0111,0.00153,0.0193,0.012,-14.94,74.73,0.3135,0.034,0.115,1.73,0.0,0.0,0,0.0,-0.0
1,383,7.66,enter,0.01051,0.01049,0.00062,0.01972,0.012,-15.34,74.33,0.3135,0.0342,0.131,1.73,0.0,0.0,0,0.0,-0.0
1,384,7.68,enter,0.00993,0.00989,-0.00093,0.02067,0.012,-15.98,73.7,0.3135,0.0344,0.159,1.73,0.0,0.0,0,0.0,-0.0
1,385,7.7,enter,0.01048,0.01002,-0.00306,0.0224,0.012,-16.67,73.01,0.3135,0.0345,0.193,1.73,0.0,0.0,0,0.0,-0.0
1,386,7.72,enter,0.0125,0.01131,-0.00533,0.02473,0.012,-17.26,72.41,0.3135,0.0347,0.235,1.73,0.0,0.0,0,0.0,-0.0
1,387,7.74,enter,0.01498,0.01313,-0.00722,0.02693,0.012,-17.52,72.09,0.3134,0.0348,0.286,1.73,0.0,0.0,0,0.0,-0.0
1,388,7.76,enter,0.01776,0.01538,-0.00888,0.02927,0.012,-17.67,71.88,0.3134,0.035,0.34,1.73,0.0,0.0,0,0.0,-0.0
1,389,7.78,enter,0.02093,0.01822,-0.01031,0.03182,0.012,-17.67,71.79,0.3133,0.0351,0.404,1.73,0.0,0.0,0,0.0,-0.0
1,390,7.8,enter,0.02437,0.02133,-0.01179,0.03465,0.012,-17.66,71.72,0.3132,0.0353,0.466,1.73,0.0,0.0,0,0.0,-0.0
1,391,7.82,enter,0.0277,0.02429,-0.0133,0.03748,0.012,-17.67,71.63,0.3131,0.0354,0.529,1.73,0.0,0.0,0,0.0,-0.0
1,392,7.84,enter,0.03097,0.02727,-0.01469,0.04032,0.012,-17.65,71.57,0.3129,0.0356,0.599,1.73,0.0,0.0,0,0.0,-0.0
1,393,7.86,enter,0.03015,0.02628,-0.01478,0.03969,0.012,-17.4,71.79,0.3127,0.0357,0.62,1.73,0.0,0.0,0,0.0,-0.0
1,394,7.88,enter,0.02568,0.02217,-0.01295,0.03575,0.012,-16.72,72.44,0.3124,0.0359,0.61,1.73,0.0,0.0,0,0.0,-0.0
1,395,7.9,enter,0.02101,0.01845,-0.01004,0.03141,0.012,-15.72,73.39,0.3122,0.0362,0.621,1.73,0.0,0.0,0,0.0,-0.0
1,396,7.92,enter,0.01593,0.0143,-0.00702,0.02687,0.012,-14.65,74.44,0.312,0.0364,0.631,1.73,0.0,0.0,0,0.0,-0.0
1,397,7.94,enter,0.01097,0.0102,-0.00402,0.02266,0.012,-13.61,75.51,0.3118,0.0367,0.632,1.73,0.0,0.0,0,0.0,-0.0
1,398,7.96,enter,0.00681,0.00673,-0.00102,0.01904,0.012,-12.55,76.62,0.3117,0.0369,0.623,1.73,0.0,0.0,0,0.0,-0.0
1,399,7.98,enter,0.00493,0.00443,0.00216,0.01585,0.012,-11.31,77.89,0.3116,0.0371,0.607,1.73,0.0,0.0,0,0.0,-0.0
1,400,8.0,enter,0.00451,0.00123,0.00434,0.0133,0.012,-10.14,78.96,0.3116,0.0373,0.646,1.73,0.0,0.0,0,0.0,-0.0
1,401,8.02,enter,0.00662,0.00504,0.00429,0.01389,0.012,-10.02,79.07,0.3116,0.0374,0.705,1.73,0.0,0.0,0,0.0,-0.0
1,402,8.04,enter,0.00688,0.0058,0.00371,0.01432,0.012,-10.65,78.62,0.3116,0.0374,0.722,1.73,0.0,0.0,0,0.0,-0.0
1,403,8.06,enter,0.00671,0.00574,0.00347,0.01483,0.012,-11.31,78.08,0.3116,0.0375,0.737,1.73,0.0,0.0,0,0.0,-0.0
1,404,8.08,enter,0.00856,0.00779,0.00355,0.01621,0.012,-11.61,77.79,0.3116,0.0375,0.777,1.73,0.0,0.0,0,0.0,-0.0
1,405,8.1,enter,0.0109,0.01035,0.00344,0.01802,0.012,-11.91,77.49,0.3117,0.0376,0.826,1.73,0.0,0.0,0,0.0,-0.0
1,406,8.12,enter,0.01275,0.01242,0.00285,0.0196,0.012,-12.33,77.08,0.3117,0.0376,0.875,1.73,0.0,0.0,0,0.0,-0.0
1,407,8.14,enter,0.01397,0.01383,0.00197,0.02088,0.012,-12.79,76.63,0.3118,0.0377,0.917,1.73,0.0,0.0,0,0.0,-0.0
1,408,8.16,enter,0.01286,0.01281,0.00122,0.02118,0.012,-13.4,76.06,0.3118,0.0378,0.926,1.73,0.0,0.0,0,0.0,-0.0
1,409,8.18,enter,0.01191,0.01178,0.00175,0.02078,0.012,-13.38,76.07,0.3119,0.0379,0.937,1.73,0.0,0.0,0,0.0,-0.0
1,410,8.2,enter,0.01077,0.01051,0.00235,0.02009,0.012,-13.31,76.15,0.312,0.0381,0.954,1.73,0.0,0.0,0,0.0,-0.0
1,411,8.22,enter,0.00963,0.00925,0.00268,0.01914,0.012,-13.17,76.3,0.3121,0.0382,0.974,1.73,0.0,0.0,0,0.0,-0.0
1,412,8.24,enter,0.00821,0.00774,0.00274,0.01805,0.012,-13.03,76.44,0.3121,0.0384,0.986,1.73,0.0,0.0,0,0.0,-0.0
1,413,8.26,enter,0.00693,0.00638,0.00271,0.01731,0.012,-12.95,76.55,0.3122,0.0386,0.991,1.73,0.0,0.0,0,0.0,-0.0
1,414,8.28,enter,0.00664,0.00615,0.00249,0.01726,0.012,-12.9,76.59,0.3122,0.0387,1.01,1.73,0.0,0.0,0,0.0,-0.0
1,415,8.3,enter,0.00653,0.00631,0.00168,0.01754,0.012,-13.0,76.5,0.3122,0.0388,1.035,1.73,0.0,0.0,0,0.0,-0.0
1,416,8.32,enter,0.00725,0.00724,0.00037,0.01836,0.012,-13.32,76.17,0.3122,0.0389,1.076,1.73,0.0,0.0,0,0.0,-0.0
1,417,8.34,enter,0.0088,0.00864,-0.0017,0.02046,0.012,-14.11,75.41,0.3122,0.039,1.11,1.73,0.0,0.0,0,0.0,-0.0
1,418,8.36,enter,0.00945,0.00889,-0.0032,0.02149,0.012,-14.37,75.18,0.3121,0.039,1.116,1.619,0.957,0.0,0,-0.0,0.07
1,419,8.38,enter,0.00857,0.00801,-0.00305,0.02074,0.012,-13.95,75.58,0.3121,0.0391,1.119,1.731,0.94,0.0,0,-0.0,0.02
1,420,8.4,enter,0.00778,0.00725,-0.00282,0.01982,0.012,-13.6,75.9,0.3121,0.0393,1.145,1.73,0.0,0.0,0,-0.0,-0.0
1,421,8.42,enter,0.0077,0.00704,-0.00312,0.01994,0.012,-13.53,75.98,0.3121,0.0394,1.152,1.73,0.209,0.0,0,0.0,0.04
1,422,8.44,enter,0.00755,0.00685,-0.00318,0.01977,0.012,-13.31,76.19,0.3121,0.0395,1.167,1.73,0.0,0.0,0,0.0,-0.0
1,423,8.46,enter,0.00822,0.00733,-0.00372,0.02012,0.012,-13.25,76.25,0.3121,0.0396,1.177,1.73,0.0,0.0,0,0.0,0.11
1,424,8.48,enter,0.00909,0.00799,-0.00435,0.02054,0.012,-13.17,76.32,0.312,0.0397,1.188,1.73,0.0,0.0,0,0.0,0.2
1,425,8.5,enter,0.00994,0.00866,-0.00489,0.02108,0.012,-13.16,76.31,0.312,0.0397,1.204,1.73,0.0,0.0,0,0.0,0.33
1,426,8.52,enter,0.01101,0.00945,-0.00565,0.02201,0.012,-13.32,76.15,0.312,0.0398,1.222,1.73,0.0,0.0,0,-0.0,0.62
1,427,8.54,enter,0.01214,0.01029,-0.00644,0.02315,0.012,-13.53,75.95,0.3119,0.0398,1.23,1.73,0.0,0.0,0,0.0,1.13
1,428,8.56,enter,0.01308,0.01093,-0.00718,0.02417,0.012,-13.65,75.84,0.3119,0.0399,1.229,1.73,0.327,0.0,0,0.01,1.68
1,429,8.58,enter,0.01295,0.01076,-0.00721,0.02394,0.012,-13.49,75.98,0.3118,0.0399,1.236,1.73,0.0,0.0,0,-0.0,1.69
1,430,8.6,enter,0.01262,0.01034,-0.00723,0.02353,0.012,-13.3,76.15,0.3117,0.0399,1.243,1.73,0.0,0.0,0,-0.0,1.46
1,431,8.62,enter,0.01231,0.00987,-0.00735,0.02316,0.012,-13.14,76.31,0.3117,0.0399,1.245,1.73,0.0,0.0,0,-0.0,1.2
1,432,8.64,enter,0.01185,0.0094,-0.00722,0.02282,0.012,-12.97,76.48,0.3116,0.0399,1.249,1.73,0.0,0.0,0,0.0,0.96
1,433,8.66,enter,0.01162,0.00913,-0.0072,0.02258,0.012,-12.87,76.59,0.3115,0.0398,1.252,1.73,0.0,0.0,0,0.0,0.76
1,434,8.68,enter,0.01157,0.0091,-0.00715,0.02257,0.012,-12.73,76.73,0.3115,0.0398,1.261,1.73,0.0,0.0,0,0.0,0.66
1,435,8.7,enter,0.01174,0.00917,-0.00733,0.02255,0.012,-12.65,76.81,0.3114,0.0397,1.267,1.73,0.0,0.0,0,-0.0,0.5
1,436,8.72,enter,0.01208,0.00941,-0.00757,0.02277,0.012,-12.54,76.9,0.3113,0.0396,1.274,1.73,0.0,0.0,0,-0.0,0.43
1,437,8.74,enter,0.01251,0.00977,-0.00781,0.02309,0.012,-12.51,76.93,0.3112,0.0395,1.279,1.73,0.0,0.0,0,-0.0,0.4
1,438,8.76,enter,0.01263,0.00997,-0.00776,0.0232,0.012,-12.36,77.07,0.3111,0.0394,1.291,1.73,0.0,0.0,0,-0.0,0.3
1,439,8.78,enter,0.01264,0.00998,-0.00776,0.02322,0.012,-12.26,77.16,0.311,0.0393,1.297,1.73,0.0,0.0,0,0.0,0.11
1,440,8.8,enter,0.01259,0.01003,-0.0076,0.02321,0.012,-12.11,77.3,0.3109,0.0392,1.305,1.73,0.0,0.0,0,0.0,-0.0
1,441,8.82,enter,0.01242,0.01002,-0.00733,0.0232,0.012,-12.02,77.38,0.3108,0.0391,1.315,1.73,0.0,0.0,0,-0.0,-0.0
1,442,8.84,enter,0.01246,0.01014,-0.00724,0.0233,0.012,-11.95,77.45,0.3107,0.039,1.324,1.73,0.0,0.0,0,0.0,-0.0
1,443,8.86,enter,0.01266,0.01039,-0.00724,0.02351,0.012,-11.88,77.51,0.3106,0.0389,1.333,1.73,0.0,0.0,0,0.0,-0.0
1,444,8.88,enter,0.01292,0.01068,-0.00726,0.02375,0.012,-11.83,77.56,0.3106,0.0388,1.343,1.73,0.0,0.0,0,0.0,-0.0
1,445,8.9,enter,0.01327,0.01104,-0.00736,0.02405,0.012,-11.8,77.58,0.3105,0.0388,1.356,1.73,0.0,0.0,0,0.0,-0.0
1,446,8.92,enter,0.01366,0.01135,-0.0076,0.02448,0.012,-11.84,77.54,0.3105,0.0387,1.367,1.73,0.0,0.0,0,0.0,-0.0
1,447,8.94,enter,0.01399,0.01158,-0.00785,0.02486,0.012,-11.86,77.53,0.3104,0.0386,1.375,1.73,0.0,0.0,0,0.0,0.02
1,448,8.96,enter,0.01417,0.01167,-0.00804,0.02512,0.012,-11.88,77.51,0.3104,0.0386,1.378,1.717,0.178,0.0,0,0.0,0.05
1,449,8.98,arrive,0.01386,0.0116,-0.00759,0.02462,0.012,-11.64,77.73,0.3104,0.0386,1.404,1.73,0.0,0.0,0,0.0,-0.0
1,450,9.0,arrive,0.01265,0.0109,-0.00641,0.02379,0.012,-11.56,77.84,0.3103,0.0385,1.413,1.73,0.0,0.0,0,0.0,-0.0
1,451,9.02,arrive,0.01199,0.01078,-0.00526,0.02329,0.012,-11.46,77.94,0.3103,0.0385,1.431,1.73,0.0,0.0,0,0.0,-0.0
1,452,9.04,arrive,0.0114,0.01051,-0.0044,0.02277,0.012,-11.36,78.04,0.3103,0.0385,1.45,1.73,0.0,0.0,0,0.0,-0.0
1,453,9.06,arrive,0.01112,0.01038,-0.00399,0.02264,0.012,-11.39,78.02,0.3102,0.0385,1.466,1.73,0.0,0.0,0,0.0,-0.0
1,454,9.08,arrive,0.01132,0.0107,-0.00368,0.02285,0.012,-11.46,77.95,0.3102,0.0385,1.488,1.73,0.0,0.0,0,0.0,-0.0
1,455,9.1,arrive,0.01192,0.01136,-0.00362,0.02342,0.012,-11.65,77.75,0.3101,0.0385,1.514,1.73,0.0,0.0,0,0.0,-0.0
1,456,9.12,arrive,0.01248,0.01189,-0.0038,0.02404,0.012,-11.92,77.5,0.31,0.0385,1.535,1.73,0.0,0.0,0,0.0,-0.0
1,457,9.14,arrive,0.01256,0.01191,-0.004,0.02413,0.012,-12.08,77.35,0.3099,0.0385,1.544,1.73,0.0,0.0,0,0.01,-0.0
1,458,9.16,arrive,0.01187,0.01135,-0.00348,0.02341,0.012,-11.92,77.5,0.3099,0.0385,1.557,1.73,0.0,0.0,0,0.04,-0.0
1,459,9.18,arrive,0.01139,0.011,-0.00293,0.02307,0.012,-11.85,77.58,0.3098,0.0385,1.568,1.73,0.0,0.0,0,0.06,-0.0
1,460,9.2,arrive,0.01124,0.01095,-0.00253,0.02289,0.012,-11.78,77.66,0.3098,0.0386,1.586,1.73,0.0,0.0,0,0.07,-0.0
1,461,9.22,arrive,0.01097,0.01071,-0.00239,0.02252,0.012,-11.7,77.75,0.3097,0.0387,1.601,1.73,0.0,0.0,0,0.09,-0.0
1,462,9.24,arrive,0.01077,0.01048,-0.0025,0.02235,0.012,-11.67,77.79,0.3097,0.0387,1.61,1.73,0.0,0.0,0,0.11,-0.0
1,463,9.26,arrive,0.01087,0.01056,-0.00261,0.02236,0.012,-11.63,77.82,0.3096,0.0388,1.624,1.73,0.0,0.0,0,0.13,-0.0
1,464,9.28,arrive,0.01121,0.01084,-0.00286,0.02266,0.012,-11.68,77.78,0.3096,0.0389,1.638,1.73,0.0,0.0,0,0.14,-0.0
1,465,9.3,arrive,0.01169,0.01127,-0.00311,0.02312,0.012,-11.73,77.72,0.3095,0.039,1.652,1.73,0.0,0.0,0,0.16,-0.0
1,466,9.32,arrive,0.01204,0.01157,-0.00333,0.02345,0.012,-11.76,77.68,0.3094,0.0391,1.665,1.73,0.0,0.0,0,0.17,-0.0
1,467,9.34,arrive,0.01224,0.01173,-0.00349,0.02362,0.012,-11.75,77.68,0.3094,0.0392,1.678,1.73,0.0,0.0,0,0.18,-0.0
1,468,9.36,arrive,0.01234,0.01179,-0.00366,0.02373,0.012,-11.74,77.69,0.3093,0.0393,1.691,1.73,0.0,0.0,0,0.2,-0.0
1,469,9.38,arrive,0.01238,0.01179,-0.00378,0.02376,0.012,-11.72,77.71,0.3092,0.0394,1.703,1.73,0.0,0.0,0,0.21,-0.0
1,470,9.4,arrive,0.01238,0.01176,-0.00386,0.02374,0.012,-11.69,77.74,0.3092,0.0395,1.716,1.73,0.0,0.0,0,0.22,-0.0
1,471,9.42,arrive,0.01233,0.01167,-0.00399,0.02373,0.012,-11.67,77.76,0.3091,0.0397,1.726,1.73,0.0,0.0,0,0.23,-0.0
1,472,9.44,arrive,0.01231,0.01161,-0.00409,0.02371,0.012,-11.64,77.79,0.309,0.0398,1.738,1.73,0.0,0.0,0,0.24,-0.0
1,473,9.46,arrive,0.01229,0.01155,-0.00422,0.02372,0.012,-11.62,77.81,0.309,0.04,1.748,1.73,0.0,0.0,0,0.25,-0.0
1,474,9.48,arrive,0.01231,0.01152,-0.00433,0.02374,0.012,-11.6,77.83,0.3089,0.0401,1.759,1.73,0.0,0.0,0,0.26,-0.0
1,475,9.5,arrive,0.01233,0.0115,-0.00445,0.02377,0.012,-11.58,77.85,0.3089,0.0402,1.769,1.73,0.0,0.0,0,0.27,-0.0
1,476,9.52,arrive,0.01237,0.01149,-0.0046,0.02382,0.012,-11.57,77.87,0.3088,0.0404,1.779,1.73,0.0,0.0,0,0.28,-0.0
1,477,9.54,arrive,0.0124,0.01147,-0.00471,0.02384,0.012,-11.54,77.89,0.3087,0.0405,1.789,1.73,0.0,0.0,0,0.29,-0.0
1,478,9.56,arrive,0.01241,0.01144,-0.00482,0.02383,0.012,-11.51,77.92,0.3086,0.0407,1.8,1.73,0.0,0.0,0,0.3,-0.0
1,479,9.58,arrive,0.01241,0.01139,-0.00492,0.0238,0.012,-11.48,77.95,0.3086,0.0408,1.81,1.73,0.0,0.0,0,0.31,-0.0
1,480,9.6,arrive,0.01242,0.01134,-0.00505,0.02381,0.012,-11.47,77.97,0.3085,0.0409,1.819,1.73,0.0,0.0,0,0.32,-0.0
1,481,9.62,arrive,0.01243,0.01136,-0.00505,0.02378,0.012,-11.42,78.01,0.3084,0.0411,1.829,1.73,0.0,0.0,0,0.32,-0.0
1,482,9.64,arrive,0.01241,0.01128,-0.00517,0.0238,0.012,-11.43,78.01,0.3083,0.0412,1.836,1.73,0.0,0.0,0,0.33,-0.0
1,483,9.66,arrive,0.0124,0.01127,-0.00517,0.02381,0.012,-11.4,78.04,0.3083,0.0413,1.845,1.73,0.0,0.0,0,0.34,-0.0
1,484,9.68,arrive,0.01234,0.01116,-0.00527,0.02382,0.012,-11.4,78.05,0.3082,0.0415,1.853,1.73,0.0,0.0,0,0.34,-0.0
1,485,9.7,arrive,0.01231,0.01109,-0.00535,0.0238,0.012,-11.37,78.08,0.3081,0.0416,1.863,1.73,0.0,0.0,0,0.35,-0.0
1,486,9.72,arrive,0.01231,0.01106,-0.0054,0.02375,0.012,-11.34,78.11,0.3081,0.0417,1.872,1.73,0.0,0.0,0,0.36,-0.0
1,487,9.74,arrive,0.01235,0.01109,-0.00544,0.02376,0.012,-11.31,78.13,0.308,0.0419,1.881,1.73,0.0,0.0,0,0.36,-0.0
1,488,9.76,arrive,0.01238,0.01109,-0.0055,0.02379,0.012,-11.3,78.15,0.308,0.042,1.89,1.73,0.0,0.0,0,0.37,-0.0
1,489,9.78,arrive,0.01236,0.01105,-0.00554,0.02376,0.012,-11.26,78.18,0.3079,0.0421,1.901,1.73,0.0,0.0,0,0.37,-0.0
1,490,9.8,arrive,0.01232,0.01101,-0.00553,0.02366,0.012,-11.22,78.22,0.3078,0.0422,1.911,1.73,0.0,0.0,0,0.38,-0.0
1,491,9.82,arrive,0.01231,0.01098,-0.00557,0.02363,0.012,-11.21,78.24,0.3078,0.0423,1.918,1.73,0.0,0.0,0,0.38,-0.0
1,492,9.84,arrive,0.01233,0.01098,-0.00562,0.02372,0.012,-11.21,78.24,0.3077,0.0424,1.926,1.73,0.0,0.0,0,0.39,-0.0
1,493,9.86,arrive,0.01233,0.01097,-0.00562,0.02372,0.012,-11.18,78.27,0.3077,0.0426,1.937,1.73,0.0,0.0,0,0.39,-0.0
1,494,9.88,arrive,0.01228,0.01087,-0.00572,0.02371,0.012,-11.18,78.27,0.3076,0.0427,1.946,1.73,0.0,0.0,0,0.39,-0.0
1,495,9.9,arrive,0.01229,0.01086,-0.00575,0.0237,0.012,-11.15,78.3,0.3076,0.0428,1.957,1.73,0.0,0.0,0,0.4,-0.0
1,496,9.92,arrive,0.01232,0.01088,-0.00579,0.02369,0.012,-11.14,78.31,0.3076,0.0429,1.967,1.73,0.0,0.0,0,0.4,-0.0
1,497,9.94,arrive,0.01238,0.01094,-0.00581,0.02371,0.012,-11.12,78.33,0.3075,0.043,1.976,1.73,0.0,0.0,0,0.41,-0.0
1,498,9.96,arrive,0.01239,0.01093,-0.00584,0.02374,0.012,-11.11,78.34,0.3075,0.0431,1.985,1.73,0.0,0.0,0,0.41,-0.0
1,499,9.98,arrive,0.01237,0.01091,-0.00582,0.02371,0.012,-11.08,78.37,0.3074,0.0432,1.996,1.73,0.0,0.0,0,0.41,-0.0
1,500,10.0,arrive,0.01234,0.01088,-0.00583,0.02369,0.012,-11.06,78.39,0.3074,0.0433,2.006,1.73,0.0,0.0,0,0.42,-0.0
1,501,10.02,arrive,0.01233,0.01087,-0.00582,0.02367,0.012,-11.03,78.41,0.3074,0.0434,2.017,1.73,0.0,0.0,0,0.42,-0.0
1,502,10.04,arrive,0.01234,0.01088,-0.00582,0.02363,0.012,-11.01,78.43,0.3074,0.0435,2.028,1.73,0.0,0.0,0,0.42,-0.0
1,503,10.06,arrive,0.01237,0.01093,-0.0058,0.02361,0.012,-10.99,78.45,0.3073,0.0436,2.037,1.73,0.0,0.0,0,0.42,-0.0
1,504,10.08,arrive,0.0124,0.01093,-0.00585,0.02368,0.012,-11.0,78.44,0.3073,0.0437,2.044,1.73,0.0,0.0,0,0.43,-0.0
1,505,10.1,arrive,0.0124,0.01098,-0.00576,0.02363,0.012,-10.95,78.49,0.3073,0.0438,2.056,1.73,0.0,0.0,0,0.43,-0.0
1,506,10.12,arrive,0.01236,0.01092,-0.00579,0.02362,0.012,-10.96,78.49,0.3073,0.0439,2.065,1.73,0.0,0.0,0,0.43,-0.0
1,507,10.14,arrive,0.01236,0.01094,-0.00575,0.0236,0.012,-10.93,78.52,0.3072,0.0439,2.076,1.73,0.0,0.0,0,0.43,-0.0
1,508,10.16,arrive,0.01235,0.01092,-0.00576,0.0236,0.012,-10.92,78.52,0.3072,0.044,2.085,1.73,0.0,0.0,0,0.44,-0.0
1,509,10.18,grip,0.01236,0.01096,-0.00573,0.02359,0.012,-10.89,78.55,0.3072,0.0441,2.096,1.73,0.0,0.0,0,0.44,-0.0
1,510,10.2,grip,0.01239,0.01097,-0.00574,0.02357,0.01151,-10.88,78.56,0.3072,0.0442,2.106,1.73,0.0,0.0,0,0.44,-0.0
1,511,10.22,grip,0.01246,0.01109,-0.00569,0.02332,0.01102,-10.84,78.59,0.3072,0.0443,2.114,1.73,0.0,0.0,0,0.44,-0.0
1,512,10.24,grip,0.01255,0.01121,-0.00564,0.02313,0.01053,-10.83,78.6,0.3071,0.0444,2.121,1.73,0.0,0.0,0,0.44,-0.0
1,513,10.26,grip,0.01258,0.01131,-0.00552,0.0228,0.01004,-10.78,78.65,0.3071,0.0445,2.128,1.73,0.0,0.0,0,0.45,-0.0
1,514,10.28,grip,0.0125,0.01128,-0.00539,0.02246,0.00955,-10.76,78.68,0.3071,0.0445,2.133,1.73,0.0,0.0,0,0.45,-0.0
1,515,10.3,grip,0.01242,0.01133,-0.00508,0.02189,0.00906,-10.65,78.78,0.3071,0.0446,2.142,1.73,0.0,0.0,0,0.45,-0.0
1,516,10.32,grip,0.01234,0.01129,-0.00499,0.02156,0.00857,-10.72,78.72,0.3071,0.0447,2.149,1.73,0.0,0.0,0,0.45,-0.0
1,517,10.34,grip,0.01214,0.01123,-0.00461,0.0205,0.00808,-10.49,78.94,0.3071,0.0447,2.165,1.73,0.0,0.0,0,0.44,-0.0
1,518,10.36,grip,0.01187,0.01096,-0.00455,0.0201,0.00759,-10.61,78.85,0.3071,0.0448,2.169,1.73,0.0,0.0,0,0.44,-0.0
1,519,10.38,grip,0.012,0.01115,-0.00442,0.01994,0.0071,-10.64,78.83,0.3072,0.0449,2.178,1.73,0.0,0.0,0,0.43,0.08
1,520,10.4,grip,0.01189,0.01103,-0.00446,0.0196,0.00661,-10.71,78.78,0.3072,0.0449,2.18,1.73,0.0,0.0,0,0.45,0.09
1,521,10.42,grip,0.01179,0.01088,-0.00454,0.01934,0.00612,-10.8,78.71,0.3073,0.0449,2.178,1.729,0.0,0.0,0,0.49,0.23
1,522,10.44,grip,0.01172,0.01083,-0.00449,0.01908,0.00563,-10.84,78.69,0.3073,0.045,2.177,1.73,0.0,0.0,0,0.5,0.38
1,523,10.46,grip,0.0116,0.01074,-0.00438,0.01872,0.00514,-10.82,78.72,0.3074,0.045,2.177,1.729,0.0,0.0,0,0.5,0.48
1,524,10.48,grip,0.01153,0.01071,-0.00427,0.01835,0.00465,-10.75,78.79,0.3075,0.045,2.176,1.728,0.0,0.0,0,0.5,0.45
1,525,10.5,grip,0.01116,0.01049,-0.00381,0.0174,0.00416,-10.55,78.98,0.3076,0.045,2.181,1.729,0.0,0.0,0,0.5,0.26
1,526,10.52,grip,0.01113,0.0105,-0.00367,0.01701,0.00367,-10.47,79.06,0.3077,0.0449,2.183,1.728,0.0,0.0,0,0.5,0.21
1,527,10.54,grip,0.01131,0.01074,-0.00355,0.01696,0.00318,-10.46,79.07,0.3078,0.0449,2.186,1.716,0.277,0.0,0,0.5,0.33
1,528,10.56,grip,0.01092,0.01058,-0.00273,0.01567,0.00269,-10.19,79.32,0.3079,0.0448,2.201,1.73,0.0,0.0,0,0.47,0.01
1,529,10.58,grip,0.01103,0.01066,-0.00284,0.01561,0.0022,-10.31,79.22,0.3081,0.0448,2.212,1.729,0.0,0.0,0,0.49,0.45
1,530,10.6,grip,0.01131,0.01088,-0.00311,0.01598,0.00171,-10.63,78.92,0.3082,0.0447,2.222,1.723,0.0,0.0,0,0.5,1.07
1,531,10.62,grip,0.0112,0.01076,-0.00312,0.01577,0.00122,-10.72,78.81,0.3083,0.0445,2.235,1.568,0.745,0.0,0,0.5,1.38
1,532,10.64,grip,0.01097,0.01068,-0.0025,0.01475,0.00073,-10.31,79.19,0.3085,0.0444,2.241,1.728,0.0,0.0,0,0.49,1.1
1,533,10.66,grip,0.01106,0.01089,-0.00193,0.01414,0.00024,-10.05,79.42,0.3087,0.0443,2.25,1.729,0.0,0.0,0,0.48,0.82
1,534,10.68,grip,0.01148,0.01136,-0.00165,0.01416,-0.00025,-10.04,79.44,0.3089,0.0442,2.258,1.73,0.0,0.0,0,0.49,1.03
1,535,10.7,grip,0.01153,0.0114,-0.00176,0.0143,-0.00074,-10.33,79.16,0.3091,0.044,2.259,1.729,0.0,0.0,0,0.5,1.71
1,536,10.72,grip,0.0115,0.01138,-0.00166,0.01415,-0.00123,-10.46,79.02,0.3093,0.0439,2.261,1.729,0.0,0.0,0,0.5,2.2
1,537,10.74,grip,0.01145,0.01137,-0.00136,0.01375,-0.00172,-10.42,79.06,0.3095,0.0437,2.262,1.73,0.0,0.0,0,0.48,2.37
1,538,10.76,grip,0.011,0.01089,-0.00153,0.01349,-0.00221,-10.7,78.81,0.3097,0.0435,2.25,1.73,0.045,0.0,0,0.5,2.89
1,539,10.78,grip,0.01075,0.0107,-0.0011,0.01279,-0.0027,-10.54,78.97,0.3099,0.0434,2.246,1.73,0.795,0.0,0,0.47,2.75
1,540,10.8,grip,0.0111,0.01109,-0.00032,0.01226,-0.00319,-10.03,79.44,0.3101,0.0433,2.247,1.729,0.0,0.0,0,0.45,2.29
1,541,10.82,grip,0.01119,0.01119,-5e-05,0.01203,-0.00368,-9.97,79.5,0.3104,0.0432,2.245,1.73,0.0,0.0,0,0.43,2.4
1,542,10.84,grip,0.01075,0.01075,-0.00025,0.01177,-0.00417,-10.2,79.29,0.3106,0.043,2.23,1.73,1.732,0.0,0,0.49,3.01
1,543,10.86,grip,0.0109,0.0109,0.00012,0.01176,-0.00466,-10.29,79.17,0.3109,0.0429,2.255,1.445,1.612,0.0,0,0.42,2.92
1,544,10.88,grip,0.01097,0.01097,0.0001,0.0118,-0.00515,-10.5,78.91,0.3111,0.0429,2.279,1.675,2.473,0.0,0,0.41,2.9
1,545,10.9,grip,0.01099,0.01099,-4e-05,0.01171,-0.00564,-10.63,78.72,0.3113,0.0428,2.305,1.614,2.554,0.0,0,0.43,2.62
1,546,10.92,grip,0.01099,0.01098,-0.0002,0.01163,-0.00613,-10.75,78.58,0.3115,0.0427,2.321,1.647,3.114,0.0,0,0.45,2.43
1,547,10.94,grip,0.01099,0.01099,-0.00028,0.01158,-0.00662,-10.8,78.49,0.3117,0.0426,2.331,1.55,4.077,0.0,0,0.46,2.3
1,548,10.96,grip,0.01097,0.01097,-0.00015,0.01147,-0.00711,-10.86,78.77,0.3119,0.0425,2.336,0.478,8.297,0.0,0,0.42,2.14
1,549,10.98,turn,0.01092,0.01091,-0.00055,0.01159,-0.0076,-10.97,78.43,0.3121,0.0424,2.333,0.787,10.564,0.0,0,0.5,2.64
1,550,11.0,turn,0.01137,0.01135,-0.00069,0.01255,-0.0076,-10.93,76.52,0.3123,0.0423,2.324,1.448,11.946,0.0,0,0.5,4.43
1,551,11.02,turn,0.01236,0.01234,-0.00074,0.01424,-0.0076,-10.91,73.6,0.3125,0.042,2.348,1.625,10.282,0.0,0,0.5,6.65
1,552,11.04,turn,0.01352,0.0135,-0.0007,0.01605,-0.0076,-10.8,69.84,0.3127,0.0418,2.441,1.465,12.352,0.0,0,0.47,8.4
1,553,11.06,turn,0.01493,0.01492,-0.0004,0.01813,-0.0076,-10.5,65.99,0.3128,0.0415,2.566,1.622,12.545,0.0,0,0.38,10.26
1,554,11.08,turn,0.0165,0.0165,0.00015,0.02034,-0.0076,-10.05,62.26,0.3129,0.0413,2.691,1.73,12.869,0.0,0,0.22,12.22
1,555,11.1,turn,0.01815,0.01813,0.00087,0.02262,-0.0076,-9.49,58.68,0.3129,0.0412,2.81,1.715,14.035,0.0,0,0.03,14.26
1,556,11.12,turn,0.01947,0.01945,0.00101,0.02463,-0.0076,-8.91,55.23,0.3128,0.0411,2.926,1.558,14.296,0.0,0,0.01,16.16
1,557,11.14,turn,0.02076,0.02073,0.00104,0.02657,-0.0076,-8.29,52.02,0.3126,0.0412,3.037,1.736,14.285,0.0,0,0.0,17.95
1,558,11.16,turn,0.02207,0.02205,0.00104,0.02846,-0.0076,-7.67,49.01,0.3125,0.0414,3.142,1.61,15.012,0.0,0,0.01,19.83
1,559,11.18,turn,0.02337,0.02335,0.00108,0.03028,-0.0076,-6.99,46.26,0.3122,0.0417,3.238,1.752,15.053,0.0,0,0.01,21.69
1,560,11.2,turn,0.02457,0.02455,0.00106,0.03194,-0.0076,-6.33,43.69,0.312,0.0421,3.313,1.406,15.285,0.0,0,0.03,23.5
1,561,11.22,turn,0.02572,0.02569,0.00112,0.03351,-0.0076,-5.6,41.3,0.3118,0.0425,3.376,1.477,15.406,0.0,0,0.01,25.26
1,562,11.24,turn,0.02675,0.02673,0.00097,0.03494,-0.0076,-4.83,39.04,0.3116,0.0431,3.416,1.518,15.251,0.0,0,0.02,26.93
1,563,11.26,turn,0.02739,0.02738,0.00097,0.03566,-0.0076,-3.8,38.28,0.3114,0.0437,3.423,1.638,10.745,0.0,0,0.0,27.95
1,564,11.28,turn,0.02786,0.02785,0.00073,0.03616,-0.0076,-2.87,37.11,0.3113,0.0443,3.41,1.733,14.448,0.0,0,0.02,28.87
1,565,11.3,turn,0.02801,0.02801,0.00061,0.03621,-0.0076,-1.83,36.86,0.3112,0.045,3.388,1.741,14.091,0.0,0,0.01,29.31
1,566,11.32,turn,0.02777,0.02776,0.00048,0.0357,-0.0076,-0.71,37.26,0.3112,0.0457,3.37,1.73,11.235,0.0,0,0.01,29.25
1,567,11.34,turn,0.02768,0.02768,0.00017,0.03548,-0.0076,0.33,37.12,0.3113,0.0465,3.361,1.732,14.096,0.0,0,0.05,29.45
1,568,11.36,turn,0.02755,0.02755,-0.00035,0.03519,-0.0076,1.34,37.05,0.3115,0.0473,3.349,1.733,13.131,0.0,0,0.14,29.63
1,569,11.38,turn,0.02717,0.02716,-0.00082,0.03462,-0.0076,2.37,37.31,0.3118,0.048,3.343,1.668,12.916,0.0,0,0.21,29.53
1,570,11.4,turn,0.02688,0.02684,-0.00143,0.03406,-0.0076,3.39,37.71,0.312,0.0488,3.344,1.741,10.525,0.0,0,0.33,29.43
1,571,11.42,turn,0.02667,0.02656,-0.00236,0.03359,-0.0076,4.32,37.57,0.3124,0.0496,3.35,1.087,13.165,0.0,0,0.5,29.52
1,572,11.44,turn,0.02699,0.02688,-0.00242,0.03368,-0.0076,5.25,37.42,0.3127,0.0503,3.351,1.739,9.448,0.0,0,0.5,30.08
1,573,11.46,turn,0.02723,0.02711,-0.00253,0.03371,-0.0076,6.05,36.79,0.3132,0.0508,3.35,1.104,13.006,0.0,0,0.5,30.5
1,574,11.48,turn,0.02707,0.02694,-0.00266,0.03339,-0.0076,6.97,36.84,0.3137,0.0513,3.349,1.74,11.433,0.0,0,0.5,30.53
1,575,11.5,turn,0.02676,0.02661,-0.00274,0.0329,-0.0076,7.92,36.89,0.3142,0.0516,3.352,1.713,12.441,0.0,0,0.5,30.4
1,576,11.52,turn,0.02647,0.02633,-0.00278,0.0324,-0.0076,8.88,36.95,0.3148,0.052,3.361,1.632,14.176,0.0,0,0.5,30.31
1,577,11.54,turn,0.02623,0.02608,-0.0028,0.03197,-0.0076,9.86,36.98,0.3154,0.0523,3.375,1.517,14.094,0.0,0,0.5,30.26
1,578,11.56,turn,0.02601,0.02586,-0.00281,0.03156,-0.0076,10.82,37.01,0.316,0.0525,3.391,1.311,13.522,0.0,0,0.5,30.22
1,579,11.58,turn,0.02621,0.02606,-0.0028,0.03164,-0.0076,11.69,36.58,0.3165,0.0527,3.41,1.614,12.42,0.0,0,0.5,30.7
1,580,11.6,turn,0.02576,0.02561,-0.0028,0.03095,-0.0076,12.56,36.84,0.3171,0.0529,3.429,1.143,13.661,0.0,0,0.5,30.39
1,581,11.62,turn,0.02586,0.02571,-0.00282,0.03096,-0.0076,13.28,36.6,0.3177,0.0531,3.452,1.47,9.995,0.0,0,0.5,30.77
1,582,11.64,turn,0.02576,0.02561,-0.00283,0.0306,-0.0076,13.95,36.78,0.3184,0.0532,3.469,1.241,8.36,0.0,0,0.5,30.97
1,583,11.66,turn,0.02617,0.02602,-0.00282,0.03071,-0.0076,14.31,36.5,0.3191,0.0533,3.48,0.764,10.897,0.0,0,0.5,31.85
1,584,11.68,turn,0.02674,0.02659,-0.00283,0.03099,-0.0076,14.5,36.29,0.3198,0.0533,3.486,0.95,10.587,0.0,0,0.5,32.95
1,585,11.7,turn,0.02736,0.02721,-0.00285,0.03128,-0.0076,14.62,35.99,0.3206,0.0533,3.488,0.706,10.229,0.0,0,0.5,33.96
1,586,11.72,turn,0.02775,0.0276,-0.00287,0.03137,-0.0076,14.68,35.81,0.3214,0.0533,3.492,0.651,10.423,0.0,0,0.5,34.7
1,587,11.74,turn,0.02787,0.02772,-0.00293,0.03121,-0.0076,14.78,35.95,0.3222,0.0531,3.499,0.843,10.975,0.0,0,0.5,35.22
1,588,11.76,turn,0.02792,0.02776,-0.00298,0.03101,-0.0076,14.96,36.29,0.323,0.0529,3.505,1.05,7.603,0.0,0,0.5,35.62
1,589,11.78,turn,0.0279,0.02773,-0.00303,0.03073,-0.0076,14.99,36.54,0.3237,0.0526,3.512,1.442,8.318,0.0,0,0.5,35.94
1,590,11.8,turn,0.02714,0.02696,-0.00313,0.02971,-0.0076,15.13,37.54,0.3243,0.0522,3.458,1.654,7.975,0.0,0,0.5,35.66
1,591,11.82,turn,0.02637,0.02618,-0.00317,0.02877,-0.0076,15.48,38.4,0.325,0.0518,3.35,1.633,7.927,0.0,0,0.5,35.44
1,592,11.84,turn,0.02581,0.0256,-0.00331,0.02811,-0.0076,15.74,38.81,0.3256,0.0513,3.239,1.616,7.915,0.0,0,0.5,35.44
1,593,11.86,turn,0.02521,0.02496,-0.00352,0.02745,-0.0076,15.9,38.89,0.3264,0.0509,3.139,1.435,8.054,0.0,0,0.5,35.36
1,594,11.88,turn,0.02457,0.02428,-0.00376,0.02677,-0.0076,15.98,38.96,0.3271,0.0504,3.05,1.432,8.003,0.0,0,0.5,35.22
1,595,11.9,turn,0.02374,0.02341,-0.00399,0.02592,-0.0076,16.1,39.08,0.3278,0.0499,2.967,1.432,7.957,0.0,0,0.5,34.88
1,596,11.92,turn,0.02279,0.0224,-0.0042,0.02498,-0.0076,16.25,39.23,0.3284,0.0494,2.888,1.439,7.93,0.0,0,0.5,34.43
1,597,11.94,turn,0.02174,0.02129,-0.00441,0.02398,-0.0076,16.44,39.4,0.329,0.0489,2.813,1.44,7.832,0.0,0,0.5,33.91
1,598,11.96,turn,0.02065,0.02012,-0.00464,0.02296,-0.0076,16.61,39.54,0.3295,0.0485,2.742,1.41,7.866,0.0,0,0.5,33.36
1,599,11.98,turn,0.01954,0.01892,-0.00489,0.02194,-0.0076,16.76,39.69,0.33,0.0481,2.675,1.515,7.745,0.0,0,0.5,32.8
1,600,12.0,turn,0.01849,0.01777,-0.00511,0.02096,-0.0076,16.95,39.88,0.3304,0.0477,2.61,1.47,7.757,0.0,0,0.5,32.3
1,601,12.02,turn,0.01754,0.0167,-0.00537,0.02007,-0.0076,17.13,40.02,0.3307,0.0473,2.549,1.322,7.53,0.0,0,0.5,31.91
1,602,12.04,turn,0.01679,0.0158,-0.00568,0.01935,-0.0076,17.25,40.13,0.3311,0.0469,2.49,1.357,7.197,0.0,0,0.5,31.69
1,603,12.06,turn,0.01617,0.01499,-0.00607,0.01871,-0.0076,17.22,40.28,0.3313,0.0466,2.434,1.341,7.055,0.0,0,0.5,31.55
1,604,12.08,turn,0.01566,0.01423,-0.00655,0.01813,-0.0076,17.14,40.5,0.3316,0.0463,2.379,1.431,6.902,0.0,0,0.5,31.47
1,605,12.1,turn,0.01528,0.01349,-0.00717,0.01766,-0.0076,16.98,40.85,0.3318,0.046,2.322,1.545,7.029,0.0,0,0.5,31.47
1,606,12.12,turn,0.01503,0.01275,-0.00796,0.01731,-0.0076,16.76,41.28,0.332,0.0457,2.263,1.604,7.17,0.0,0,0.5,31.52
1,607,12.14,turn,0.01488,0.01203,-0.00876,0.01704,-0.0076,16.54,41.67,0.3323,0.0456,2.202,1.433,7.309,0.0,0,0.5,31.56
1,608,12.16,turn,0.01489,0.01132,-0.00969,0.01691,-0.0076,16.5,42.12,0.3325,0.0454,2.135,1.472,7.37,0.0,0,0.5,31.51
1,609,12.18,turn,0.01526,0.0108,-0.01078,0.01707,-0.0076,16.29,42.71,0.3327,0.0454,2.064,1.505,7.035,0.0,0,0.5,31.58
1,610,12.2,turn,0.01598,0.01065,-0.01191,0.01759,-0.0076,16.03,42.72,0.3329,0.0453,1.996,1.216,8.105,0.0,0,0.5,31.73
1,611,12.22,turn,0.01695,0.01084,-0.01303,0.01837,-0.0076,15.85,42.9,0.3331,0.0453,1.931,1.525,6.975,0.0,0,0.5,32.04
1,612,12.24,turn,0.01839,0.01159,-0.01428,0.01966,-0.0076,15.35,43.24,0.3334,0.0453,1.877,1.487,5.782,0.0,0,0.5,32.85
1,613,12.26,turn,0.01999,0.01261,-0.01551,0.02115,-0.0076,14.8,42.89,0.3336,0.0454,1.835,1.173,7.532,0.0,0,0.5,33.95
1,614,12.28,turn,0.02143,0.01414,-0.0161,0.02268,-0.0076,14.99,40.79,0.334,0.0454,1.934,0.756,11.54,0.0,0,0.5,35.68
1,615,12.3,turn,0.02178,0.01444,-0.0163,0.02316,-0.0076,14.73,38.72,0.3343,0.0455,1.997,1.363,10.054,0.0,0,0.5,36.29
1,616,12.32,turn,0.02108,0.01323,-0.0164,0.02268,-0.0076,14.78,37.61,0.3345,0.0455,1.958,1.192,12.673,0.0,0,0.5,35.6
1,617,12.34,turn,0.02066,0.01254,-0.01642,0.0224,-0.0076,15.06,36.78,0.3347,0.0456,1.926,1.03,11.682,0.0,0,0.5,35.34
1,618,12.36,turn,0.0206,0.01243,-0.01643,0.02237,-0.0076,15.22,36.06,0.3349,0.0458,1.91,1.2,11.685,0.0,0,0.5,35.61
1,619,12.38,turn,0.0206,0.01228,-0.01654,0.02229,-0.0076,15.27,35.93,0.3351,0.0459,1.92,0.944,9.992,0.0,0,0.5,35.85
1,620,12.4,turn,0.02021,0.01148,-0.01663,0.02181,-0.0076,15.41,35.83,0.3353,0.046,1.926,1.306,12.232,0.0,0,0.5,35.47
1,621,12.42,turn,0.01999,0.01105,-0.01666,0.02155,-0.0076,15.58,35.69,0.3355,0.0462,1.942,1.324,11.819,0.0,0,0.5,35.43
1,622,12.44,turn,0.01983,0.01041,-0.01688,0.02127,-0.0076,15.68,35.76,0.3356,0.0463,1.968,1.429,11.731,0.0,0,0.5,35.2
1,623,12.46,turn,0.01941,0.00948,-0.01694,0.0207,-0.0076,15.69,36.0,0.3358,0.0465,1.971,1.258,11.409,0.0,0,0.5,34.72
1,624,12.48,turn,0.01918,0.00901,-0.01693,0.02038,-0.0076,15.74,35.77,0.3359,0.0468,1.987,1.726,13.336,0.0,0,0.49,34.57
1,625,12.5,turn,0.01904,0.00866,-0.01696,0.02019,-0.0076,15.59,35.56,0.3358,0.0473,2.013,1.677,13.747,0.0,0,0.5,34.67
1,626,12.52,turn,0.01897,0.00849,-0.01696,0.02009,-0.0076,15.54,35.2,0.3357,0.0481,2.064,1.729,13.117,0.0,0,0.5,34.9
1,627,12.54,turn,0.01877,0.00807,-0.01695,0.01981,-0.0076,15.64,35.16,0.3354,0.0491,2.114,1.73,13.838,0.0,0,0.5,34.83
1,628,12.56,turn,0.01861,0.00773,-0.01692,0.01956,-0.0076,15.81,35.09,0.3349,0.0501,2.152,1.728,13.28,0.0,0,0.5,34.79
1,629,12.58,turn,0.01847,0.00738,-0.01693,0.0193,-0.0076,16.03,35.23,0.3344,0.0513,2.189,1.438,12.174,0.0,0,0.5,34.68
1,630,12.6,turn,0.01838,0.0071,-0.01695,0.01909,-0.0076,16.18,35.11,0.3339,0.0525,2.23,1.735,12.998,0.0,0,0.5,34.6
1,631,12.62,turn,0.01822,0.00672,-0.01693,0.01876,-0.0076,16.51,35.33,0.3334,0.0538,2.252,1.639,12.268,0.0,0,0.5,34.27
1,632,12.64,turn,0.01812,0.00646,-0.01693,0.01854,-0.0076,16.59,35.43,0.333,0.0551,2.276,1.248,12.52,0.0,0,0.49,34.17
1,633,12.66,turn,0.0181,0.00622,-0.017,0.0184,-0.0076,16.57,35.47,0.3327,0.0565,2.296,1.586,13.041,0.0,0,0.5,34.05
1,634,12.68,turn,0.01806,0.0061,-0.017,0.01828,-0.0076,16.62,35.37,0.3325,0.0578,2.3,1.724,12.741,0.0,0,0.5,34.11
1,635,12.7,turn,0.01805,0.00589,-0.01706,0.01818,-0.0076,16.65,35.69,0.3325,0.059,2.304,1.635,8.582,0.0,0,0.5,34.06
1,636,12.72,turn,0.01777,0.00561,-0.01686,0.01781,-0.0076,16.32,35.97,0.3326,0.0603,2.326,1.732,9.773,0.0,0,0.43,33.91
1,637,12.74,turn,0.01753,0.00543,-0.01667,0.01746,-0.0076,15.99,36.24,0.3327,0.0615,2.341,1.683,9.791,0.0,0,0.36,33.69
1,638,12.76,turn,0.01731,0.00531,-0.01647,0.01715,-0.0076,15.72,36.47,0.3329,0.0627,2.349,1.732,9.189,0.0,0,0.29,33.58
1,639,12.78,turn,0.017,0.00522,-0.01618,0.01678,-0.0076,15.46,36.49,0.3332,0.0638,2.353,1.224,9.991,0.0,0,0.21,33.6
1,640,12.8,turn,0.01667,0.00531,-0.01581,0.01636,-0.0076,15.39,36.53,0.3333,0.0648,2.337,1.454,11.937,0.0,0,0.11,33.35
1,641,12.82,turn,0.01656,0.0053,-0.0157,0.01624,-0.0076,15.44,36.46,0.3335,0.0658,2.313,1.063,8.491,0.0,0,0.08,33.59
1,642,12.84,turn,0.01627,0.00527,-0.01539,0.01592,-0.0076,15.39,36.38,0.3335,0.0667,2.296,0.725,10.889,0.0,0,-0.0,33.62
1,643,12.86,turn,0.0164,0.00549,-0.01545,0.016,-0.0076,15.41,36.64,0.3335,0.0675,2.275,0.627,8.851,0.0,0,0.0,33.54
1,644,12.88,turn,0.01654,0.00579,-0.01549,0.01609,-0.0076,15.41,36.64,0.3334,0.0683,2.249,0.973,10.485,0.0,0,-0.0,33.42
1,645,12.9,turn,0.0167,0.00615,-0.01553,0.01622,-0.0076,15.48,37.11,0.3332,0.069,2.221,0.784,7.479,0.0,0,-0.0,33.26
1,646,12.92,turn,0.01675,0.00615,-0.01558,0.01629,-0.0076,15.44,36.77,0.3329,0.0697,2.223,0.242,9.264,0.0,0,0.0,33.56
1,647,12.94,turn,0.01691,0.0065,-0.01561,0.01643,-0.0076,15.49,36.69,0.3325,0.0703,2.21,1.395,11.134,0.0,0,0.01,33.56
1,648,12.96,turn,0.01704,0.00658,-0.01572,0.01657,-0.0076,15.54,36.22,0.3321,0.0709,2.177,1.325,10.434,0.0,0,0.04,33.9
1,649,12.98,turn,0.01721,0.00656,-0.01591,0.01677,-0.0076,15.7,36.13,0.3316,0.0713,2.17,0.916,7.868,0.0,0,0.08,34.29
1,650,13.0,turn,0.01708,0.00687,-0.01564,0.01665,-0.0076,15.83,36.17,0.331,0.0718,2.194,1.647,9.86,0.0,0,0.01,34.16
1,651,13.02,turn,0.01715,0.0072,-0.01557,0.01669,-0.0076,15.93,35.89,0.3305,0.0721,2.187,1.72,10.623,0.0,0,0.01,34.25
1,652,13.04,turn,0.01737,0.00738,-0.01572,0.01691,-0.0076,16.12,35.84,0.3299,0.0724,2.181,0.727,8.311,0.0,0,0.04,34.52
1,653,13.06,turn,0.0174,0.00778,-0.01556,0.01698,-0.0076,16.16,36.27,0.3293,0.0727,2.199,0.437,7.724,0.0,0,-0.0,34.31
1,654,13.08,turn,0.01789,0.00885,-0.01555,0.0175,-0.0076,16.17,36.82,0.3287,0.0729,2.196,1.158,9.059,0.0,0,-0.0,33.6
1,655,13.1,turn,0.0182,0.00936,-0.0156,0.01783,-0.0076,16.15,37.14,0.328,0.0731,2.187,0.898,7.424,0.0,0,-0.0,33.51
1,656,13.12,turn,0.01823,0.00934,-0.01566,0.01791,-0.0076,16.17,36.81,0.3274,0.0732,2.211,0.928,8.202,0.0,0,0.0,33.88
1,657,13.14,turn,0.01847,0.00975,-0.01569,0.0182,-0.0076,16.23,36.8,0.3267,0.0732,2.232,0.51,7.44,0.0,0,-0.0,33.86
1,658,13.16,turn,0.01885,0.01042,-0.0157,0.01861,-0.0076,16.22,36.92,0.3261,0.0732,2.227,1.23,10.56,0.0,0,-0.0,33.64
1,659,13.18,turn,0.01928,0.01117,-0.01572,0.01908,-0.0076,16.26,37.08,0.3255,0.0732,2.224,1.445,9.654,0.0,0,-0.0,33.37
1,660,13.2,turn,0.01953,0.01146,-0.01582,0.01933,-0.0076,16.54,37.01,0.325,0.073,2.248,0.822,10.069,0.0,0,0.0,33.52
1,661,13.22,turn,0.01966,0.01165,-0.01583,0.01949,-0.0076,16.89,36.86,0.3245,0.0729,2.293,0.809,9.455,0.0,0,0.0,33.68
1,662,13.24,turn,0.01987,0.01194,-0.01589,0.01975,-0.0076,17.3,36.61,0.3242,0.0726,2.358,0.674,9.78,0.0,0,-0.0,33.78
1,663,13.26,turn,0.0201,0.01215,-0.01602,0.02006,-0.0076,17.72,36.49,0.324,0.0723,2.424,0.314,8.891,0.0,0,0.0,33.96
1,664,13.28,turn,0.02037,0.01241,-0.01615,0.02046,-0.0076,18.1,36.63,0.3239,0.072,2.484,0.376,8.671,0.0,0,-0.0,34.0
1,665,13.3,turn,0.02093,0.01289,-0.01649,0.02119,-0.0076,18.55,36.98,0.324,0.0715,2.535,0.924,7.923,0.0,0,0.0,33.93
1,666,13.32,turn,0.02179,0.01334,-0.01723,0.02235,-0.0076,18.99,37.83,0.3241,0.0711,2.576,1.697,7.001,0.0,0,-0.0,33.96
1,667,13.34,turn,0.02288,0.01432,-0.01784,0.02371,-0.0076,19.14,38.72,0.3242,0.0706,2.604,1.702,7.038,0.0,0,-0.0,33.82
1,668,13.36,turn,0.02438,0.01557,-0.01875,0.02549,-0.0076,19.3,39.59,0.3244,0.0701,2.621,1.726,6.677,0.0,0,-0.0,33.5
1,669,13.38,turn,0.02718,0.01795,-0.02042,0.02851,-0.0076,19.96,40.33,0.3246,0.0697,2.635,1.732,4.262,0.0,0,-0.0,32.52
1,670,13.4,turn,0.02857,0.01972,-0.02067,0.02998,-0.0076,19.44,41.49,0.3246,0.0692,2.653,1.632,5.971,0.0,0,-0.0,31.99
1,671,13.42,turn,0.0305,0.02214,-0.02097,0.03195,-0.0076,19.17,42.11,0.3246,0.0688,2.653,1.539,6.558,0.0,0,-0.0,30.65
1,672,13.44,turn,0.03249,0.02462,-0.02121,0.03389,-0.0076,19.14,42.39,0.3245,0.0684,2.64,1.56,6.607,0.0,0,-0.0,29.25
1,673,13.46,turn,0.03437,0.02686,-0.02144,0.0357,-0.0076,19.01,42.73,0.3244,0.068,2.623,1.537,6.998,0.0,0,-0.0,28.06
1,674,13.48,crack,0.03623,0.02741,-0.02369,0.03751,-0.0076,18.7,42.84,0.3242,0.0677,2.601,1.516,7.175,0.0,0,-0.0,27.06
1,675,13.5,crack,0.03736,0.02921,-0.02329,0.03856,-0.0076,18.26,43.09,0.3241,0.0674,2.585,1.478,6.865,0.0,0,-0.0,25.91
1,676,13.52,crack,0.03846,0.03091,-0.02289,0.03959,-0.0076,17.52,43.29,0.3238,0.0671,2.567,1.679,7.107,0.0,0,-0.0,24.89
1,677,13.54,crack,0.03956,0.03257,-0.02246,0.04066,-0.0076,16.47,44.23,0.3235,0.0669,2.542,1.53,5.425,0.0,0,0.0,23.89
1,678,13.56,crack,0.04032,0.03383,-0.02193,0.04132,-0.0076,15.26,44.04,0.3232,0.0666,2.514,1.601,6.827,0.0,0,-0.0,23.41
1,679,13.58,crack,0.04135,0.0353,-0.02153,0.04225,-0.0076,13.9,44.03,0.3228,0.0663,2.486,1.372,6.98,0.0,0,0.03,22.7
1,680,13.6,crack,0.04201,0.03628,-0.02117,0.04275,-0.0076,12.58,43.53,0.3222,0.0659,2.455,1.145,8.099,0.0,0,0.11,22.37
1,681,13.62,crack,0.04217,0.03672,-0.02074,0.04271,-0.0076,11.33,42.62,0.3217,0.0654,2.423,1.301,8.3,0.0,0,0.18,22.59
1,682,13.64,crack,0.04207,0.03685,-0.02028,0.04246,-0.0076,10.1,41.73,0.321,0.0649,2.399,1.243,8.875,0.0,0,0.26,22.96
1,683,13.66,crack,0.04125,0.03636,-0.01947,0.04157,-0.0076,8.85,40.85,0.3203,0.0643,2.377,1.029,8.878,0.0,0,0.26,23.82
1,684,13.68,crack,0.0405,0.03606,-0.01844,0.04073,-0.0076,7.75,39.95,0.3195,0.0636,2.356,1.167,9.818,0.0,0,0.23,24.49
1,685,13.7,crack,0.03962,0.03561,-0.01737,0.03986,-0.0076,6.54,39.56,0.3185,0.0629,2.339,1.102,9.019,0.0,0,0.16,25.2
1,686,13.72,crack,0.03901,0.03539,-0.01641,0.03932,-0.0076,5.35,39.36,0.3175,0.0621,2.321,1.125,9.413,0.0,0,0.11,25.69
1,687,13.74,crack,0.03835,0.03507,-0.01552,0.03871,-0.0076,4.26,38.88,0.3164,0.0612,2.301,1.113,10.111,0.0,0,0.07,26.21
1,688,13.76,crack,0.03753,0.03455,-0.01466,0.03791,-0.0076,3.29,37.95,0.3153,0.0602,2.279,1.344,11.231,0.0,0,0.03,26.86
1,689,13.78,crack,0.03669,0.03393,-0.01396,0.03715,-0.0076,2.27,37.4,0.3142,0.0592,2.259,1.058,10.409,0.0,0,-0.0,27.62
1,690,13.8,crack,0.036,0.03341,-0.01342,0.0366,-0.0076,1.21,37.13,0.3131,0.0581,2.242,1.027,10.772,0.0,0,0.03,28.33
1,691,13.82,crack,0.03563,0.03333,-0.0126,0.03634,-0.0076,0.22,36.99,0.3119,0.057,2.223,1.149,9.7,0.0,0,-0.0,28.56
1,692,13.84,crack,0.03599,0.03392,-0.01202,0.03666,-0.0076,-0.63,36.92,0.3106,0.0561,2.154,1.731,18.057,0.0,0,-0.0,27.98
1,693,13.86,crack,0.03586,0.03399,-0.01145,0.03638,-0.0076,-1.43,36.04,0.3092,0.0553,2.106,1.738,16.478,0.0,0,-0.0,28.03
1,694,13.88,crack,0.03682,0.03515,-0.01097,0.03751,-0.0076,-2.39,37.71,0.3078,0.0546,1.993,1.612,12.038,0.0,0,-0.0,26.97
1,695,13.9,crack,0.03805,0.03658,-0.01048,0.03872,-0.0076,-3.23,38.45,0.3062,0.0542,1.807,1.654,17.25,0.0,0,-0.0,25.48
1,696,13.92,crack,0.03927,0.03796,-0.01002,0.03984,-0.0076,-4.03,39.22,0.3047,0.0541,1.621,1.638,16.078,0.0,0,-0.0,24.12
1,697,13.94,crack,0.0404,0.03924,-0.0096,0.04078,-0.0076,-4.74,39.37,0.303,0.0542,1.438,1.727,14.395,0.0,0,-0.0,22.83
1,698,13.96,crack,0.04144,0.0404,-0.00922,0.04153,-0.0076,-5.15,37.84,0.3014,0.0546,1.306,1.118,9.528,0.0,0,0.0,22.22
1,699,13.98,crack,0.04009,0.03916,-0.00857,0.04033,-0.0076,-5.87,36.98,0.2999,0.0551,1.258,1.408,9.49,0.0,0,-0.0,23.58
1,700,14.0,crack,0.03858,0.03777,-0.00788,0.03912,-0.0076,-6.66,37.14,0.2985,0.0555,1.263,1.75,7.394,0.0,0,-0.0,24.86
1,701,14.02,crack,0.03797,0.03728,-0.00722,0.03855,-0.0076,-7.23,36.49,0.2973,0.056,1.214,1.728,9.929,0.0,0,-0.0,25.35
1,702,14.04,crack,0.03921,0.03866,-0.00656,0.03999,-0.0076,-7.6,38.5,0.2962,0.0565,1.066,1.116,15.946,0.0,0,-0.0,23.8
1,703,14.06,crack,0.04033,0.03984,-0.00628,0.04111,-0.0076,-8.05,38.68,0.2953,0.057,0.889,1.162,6.471,0.0,0,-0.0,22.69
1,704,14.08,crack,0.0395,0.03889,-0.00694,0.0404,-0.0076,-8.79,38.84,0.2944,0.0572,0.832,1.735,7.135,0.0,0,-0.0,22.97
1,705,14.1,crack,0.04055,0.04001,-0.00656,0.0417,-0.0076,-9.0,39.12,0.2936,0.0573,0.764,1.708,6.188,0.0,0,-0.0,21.92
1,706,14.12,crack,0.04158,0.04112,-0.00621,0.04297,-0.0076,-9.21,39.35,0.2927,0.0572,0.673,1.637,5.699,0.0,0,-0.0,20.74
1,707,14.14,crack,0.0417,0.04126,-0.00606,0.04319,-0.0076,-9.61,39.27,0.2919,0.0569,0.586,1.626,5.201,0.0,0,-0.0,19.67
1,708,14.16,crack,0.03636,0.03577,-0.00656,0.03771,-0.0076,-11.08,39.08,0.2911,0.0564,0.499,1.73,2.928,0.0,0,-0.0,18.58
1,709,14.18,crack,0.03399,0.03355,-0.00545,0.03499,-0.0076,-11.63,37.77,0.2901,0.0558,0.509,0.797,11.57,0.0,0,-0.0,20.52
1,710,14.2,crack,0.03457,0.03426,-0.00459,0.03543,-0.0076,-11.71,37.54,0.2889,0.0551,0.569,1.419,8.1,0.0,0,-0.0,20.01
1,711,14.22,crack,0.03614,0.03595,-0.00368,0.03697,-0.0076,-11.96,37.22,0.2876,0.0543,0.575,1.483,8.175,0.0,0,-0.0,18.63
1,712,14.24,crack,0.03587,0.03574,-0.00302,0.03672,-0.0076,-12.53,37.28,0.2863,0.0534,0.507,1.722,8.132,0.0,0,-0.0,17.95
1,713,14.26,crack,0.03587,0.03581,-0.00219,0.03671,-0.0076,-13.09,37.0,0.285,0.0526,0.427,1.212,9.734,0.0,0,-0.0,18.19
1,714,14.28,crack,0.03621,0.03618,-0.00144,0.03701,-0.0076,-13.61,36.82,0.2837,0.0518,0.361,1.339,9.077,0.0,0,-0.0,18.03
1,715,14.3,crack,0.03604,0.03603,-0.00112,0.03678,-0.0076,-14.31,36.59,0.2824,0.0509,0.295,1.332,6.252,0.0,0,-0.0,17.2
1,716,14.32,crack,0.0353,0.03528,-0.00095,0.03588,-0.0076,-15.17,36.7,0.2811,0.0501,0.22,1.73,0.0,0.0,0,0.0,15.59
1,717,14.34,crack,0.03601,0.036,0.00074,0.03621,-0.0076,-16.03,36.5,0.2799,0.0491,0.163,1.73,0.0,0.0,0,0.01,13.21
1,718,14.36,crack,0.03162,0.03161,-0.0007,0.03141,-0.0076,-17.76,36.4,0.2787,0.0481,0.064,1.73,0.0,0.0,0,0.01,11.01
1,719,14.38,crack,0.03402,0.03402,-0.00031,0.03303,-0.0076,-18.62,35.83,0.2777,0.0471,0.035,1.73,0.0,0.0,0,0.02,9.01
1,720,14.4,crack,0.03896,0.03895,0.00018,0.03757,-0.0076,-19.21,35.41,0.2767,0.046,0.026,1.73,0.0,0.0,0,0.03,7.2
1,721,14.42,crack,0.043,0.043,-7e-05,0.04144,-0.0076,-20.15,35.12,0.2759,0.045,0.018,1.73,0.0,0.0,0,0.03,5.56
1,722,14.44,crack,0.04363,0.04358,-0.00198,0.04183,-0.0076,-21.98,34.84,0.2755,0.044,-0.006,1.73,0.0,0.0,0,0.04,4.07
1,723,14.46,crack,0.04953,0.0495,-0.00176,0.0477,-0.0076,-22.98,34.24,0.2753,0.0432,0.026,1.73,0.0,0.0,0,0.05,2.72
1,724,14.48,crack,0.05585,0.05582,-0.0017,0.05419,-0.0076,-23.46,33.74,0.2754,0.0424,0.082,1.73,0.0,0.0,0,0.05,1.49
1,725,14.5,crack,0.06086,0.0608,-0.00274,0.05939,-0.0076,-23.98,33.63,0.2758,0.0417,0.128,1.73,0.0,0.0,0,0.06,0.38
1,726,14.52,crack,0.06544,0.06538,-0.00271,0.06418,-0.0076,-24.43,33.46,0.2765,0.0411,0.174,1.73,0.0,0.0,0,0.07,-0.0
1,727,14.54,crack,0.06997,0.06993,-0.00235,0.06894,-0.0076,-25.09,33.31,0.2776,0.0405,0.234,1.727,0.0,0.0,0,0.08,-0.0
1,728,14.56,crack,0.07383,0.07376,-0.00323,0.07303,-0.0076,-26.16,33.22,0.2789,0.04,0.294,1.73,0.0,0.0,0,0.08,-0.0
1,729,14.58,crack,0.07776,0.07761,-0.00483,0.07723,-0.0076,-27.0,33.18,0.2806,0.0394,0.36,1.729,0.0,0.0,0,0.09,-0.0
1,730,14.6,crack,0.08201,0.08143,-0.00973,0.08175,-0.0076,-28.6,32.98,0.2825,0.0388,0.42,1.73,0.0,0.0,0,0.09,-0.0
1,731,14.62,crack,0.09011,0.08922,-0.01265,0.09026,-0.0076,-28.72,32.53,0.2847,0.0381,0.511,1.728,0.0,0.0,0,0.1,-0.0
1,732,14.64,crack,0.09845,0.09722,-0.01552,0.09896,-0.0076,-28.22,32.41,0.2868,0.0374,0.607,1.73,0.0,0.0,0,0.1,-0.0
1,733,14.66,crack,0.10686,0.10515,-0.01902,0.10769,-0.0076,-27.51,32.44,0.2888,0.0365,0.694,1.73,0.0,0.0,0,0.11,-0.0
1,734,14.68,ease,0.1154,0.11314,-0.0227,0.11642,-0.0076,-26.65,32.4,0.2905,0.0356,0.777,1.73,0.0,0.0,0,0.11,-0.0
1,735,14.7,ease,0.12443,0.12134,-0.02754,0.12613,-0.0076,-25.71,36.51,0.292,0.0346,0.856,1.73,0.0,0.0,0,0.12,-0.0
1,736,14.72,ease,0.13418,0.1302,-0.03244,0.13633,-0.0076,-24.49,40.63,0.2931,0.0336,0.952,1.73,0.0,0.0,0,0.12,-0.0
1,737,14.74,ease,0.13827,0.13428,-0.03296,0.14056,-0.0076,-22.6,45.09,0.2938,0.0327,1.041,1.73,0.0,0.0,0,0.13,-0.0
1,738,14.76,ease,0.13129,0.12654,-0.03501,0.13372,-0.0076,-23.1,49.32,0.2943,0.0319,1.07,1.73,0.0,0.0,0,0.13,-0.0
1,739,14.78,ease,0.12317,0.11761,-0.03658,0.12577,-0.0076,-23.78,53.11,0.2948,0.0313,1.116,1.73,0.0,0.0,0,0.13,-0.0
1,740,14.8,ease,0.11682,0.11057,-0.03769,0.11946,-0.0076,-23.99,56.59,0.2953,0.0309,1.189,1.73,0.0,0.0,0,0.14,-0.0
1,741,14.82,ease,0.11104,0.10451,-0.03751,0.1135,-0.0076,-23.89,59.71,0.296,0.0308,1.265,1.73,0.0,0.0,0,0.14,-0.0
1,742,14.84,ease,0.10531,0.09895,-0.03602,0.10743,-0.0076,-23.85,62.0,0.2967,0.0308,1.335,1.73,0.0,0.0,0,0.14,-0.0
1,743,14.86,ease,0.09895,0.09295,-0.03394,0.10102,-0.0076,-23.96,62.24,0.2977,0.0309,1.396,1.729,0.0,0.0,0,0.15,-0.0
1,744,14.88,ease,0.09333,0.08796,-0.0312,0.09534,-0.0076,-24.05,62.51,0.2988,0.0311,1.44,1.729,0.0,0.0,0,0.15,-0.0
1,745,14.9,ease,0.08848,0.08389,-0.02813,0.0904,-0.0076,-24.04,62.73,0.3,0.0313,1.473,1.729,0.0,0.0,0,0.15,-0.0
1,746,14.92,ease,0.08362,0.07973,-0.02519,0.08536,-0.0076,-23.85,63.12,0.3013,0.0315,1.5,1.728,0.0,0.0,0,0.16,-0.0
1,747,14.94,ease,0.0774,0.07412,-0.0223,0.07898,-0.0076,-23.84,63.41,0.3026,0.0318,1.508,1.729,0.0,0.0,0,0.16,-0.0
1,748,14.96,ease,0.07144,0.06875,-0.0194,0.07287,-0.0076,-23.9,63.61,0.3039,0.032,1.509,1.729,0.0,0.0,0,0.16,-0.0
1,749,14.98,ease,0.06617,0.06405,-0.01661,0.06744,-0.0076,-23.84,63.86,0.3053,0.0322,1.512,1.729,0.0,0.0,0,0.16,-0.0
1,750,15.0,ease,0.05985,0.05806,-0.01452,0.06093,-0.0076,-23.84,64.14,0.3065,0.0325,1.504,1.729,0.0,0.0,0,0.17,-0.0
1,751,15.02,ease,0.05327,0.05169,-0.01289,0.05415,-0.0076,-23.8,64.45,0.3077,0.0327,1.489,1.729,0.0,0.0,0,0.17,-0.0
1,752,15.04,ease,0.04671,0.04522,-0.01169,0.0474,-0.0076,-23.83,64.66,0.3089,0.0329,1.468,1.73,0.0,0.0,0,0.17,-0.0
1,753,15.06,ease,0.0412,0.03982,-0.01058,0.04165,-0.0076,-23.61,65.02,0.31,0.0331,1.455,1.729,0.0,0.0,0,0.17,-0.0
1,754,15.08,ease,0.03544,0.03409,-0.00971,0.03563,-0.0076,-23.3,65.46,0.311,0.0333,1.444,1.729,0.0,0.0,0,0.17,-0.0
1,755,15.1,ease,0.02963,0.02827,-0.00889,0.02951,-0.0076,-22.87,65.99,0.3119,0.0335,1.433,1.729,0.0,0.0,0,0.18,-0.0
1,756,15.12,ease,0.02376,0.02229,-0.00823,0.02327,-0.0076,-22.43,66.54,0.3128,0.0337,1.417,1.729,0.0,0.0,0,0.18,-0.0
1,757,15.14,ease,0.01847,0.01684,-0.00759,0.01753,-0.0076,-22.05,67.03,0.3135,0.034,1.393,1.73,0.0,0.0,0,0.18,-0.0
1,758,15.16,ease,0.01456,0.01293,-0.00669,0.01308,-0.0076,-21.54,67.59,0.3142,0.0343,1.368,1.73,0.0,0.0,0,0.18,-0.0
1,759,15.18,ease,0.01162,0.01018,-0.00561,0.00968,-0.0076,-20.83,68.33,0.3148,0.0345,1.34,1.73,0.0,0.0,0,0.18,-0.0
1,760,15.2,ease,0.01045,0.00935,-0.00468,0.0087,-0.0076,-20.02,69.18,0.3153,0.0348,1.303,1.73,0.0,0.0,0,0.18,-0.0
1,761,15.22,ease,0.01113,0.01056,-0.0035,0.01041,-0.0076,-18.96,70.22,0.3157,0.0351,1.263,1.73,0.0,0.0,0,0.19,-0.0
1,762,15.24,ease,0.01358,0.01342,-0.00212,0.01398,-0.0076,-17.82,71.34,0.3161,0.0355,1.214,1.73,0.0,0.0,0,0.19,-0.0
1,763,15.26,ease,0.01538,0.01526,-0.00189,0.01625,-0.0076,-16.89,72.18,0.3164,0.0358,1.165,1.73,0.0,0.0,0,0.19,-0.0
1,764,15.28,ease,0.01028,0.00959,-0.00372,0.01042,-0.0076,-16.61,72.37,0.3168,0.036,1.177,1.722,0.0,0.0,0,0.19,-0.0
1,765,15.3,ease,0.01143,0.00991,-0.00569,0.01086,-0.0076,-16.46,72.54,0.3171,0.0363,1.099,1.73,0.0,0.0,0,0.19,-0.0
1,766,15.32,ease,0.00756,0.00542,-0.00527,0.00809,-0.0076,-15.22,73.5,0.3173,0.0366,1.065,1.73,0.0,0.0,0,0.19,-0.0
1,767,15.34,ease,0.00555,0.00045,-0.00553,0.00637,-0.0076,-15.04,73.6,0.3175,0.037,1.082,1.73,0.0,0.0,0,0.19,-0.0
1,768,15.36,ease,0.00785,0.00481,-0.0062,0.00932,-0.0076,-15.03,73.82,0.3177,0.0373,0.983,1.73,0.0,0.0,0,0.19,-0.0
1,769,15.38,ease,0.0066,0.00482,-0.0045,0.00971,-0.0076,-14.52,74.31,0.3179,0.0377,0.974,1.73,0.0,0.0,0,0.19,-0.0
1,770,15.4,ease,0.00882,0.00754,-0.00457,0.01199,-0.0076,-14.51,74.46,0.3182,0.038,0.923,1.73,0.0,0.0,0,0.2,-0.0
1,771,15.42,ease,0.00868,0.008,-0.00338,0.01266,-0.0076,-14.3,74.68,0.3184,0.0384,0.919,1.73,0.0,0.0,0,0.2,-0.0
1,772,15.44,ease,0.01069,0.01006,-0.00361,0.01443,-0.0076,-14.42,74.68,0.3187,0.0387,0.867,1.73,0.0,0.0,0,0.2,-0.0
1,773,15.46,ease,0.00984,0.00955,-0.00239,0.01426,-0.0076,-14.31,74.78,0.3189,0.0389,0.87,1.73,0.0,0.0,0,0.2,-0.0
1,774,15.48,pull,0.01053,0.00858,-0.0061,0.01481,-0.0076,-14.57,74.62,0.3192,0.0392,0.828,1.73,0.0,0.0,0,0.2,-0.0
1,775,15.5,pull,0.01091,0.01064,-0.00238,0.01643,-0.0076,-14.72,75.28,0.3194,0.0394,0.835,1.73,0.0,0.0,0,0.2,-0.0
1,776,15.52,pull,0.01228,0.01172,-0.00366,0.01793,-0.0076,-15.18,74.53,0.3196,0.0395,0.794,1.73,0.0,0.0,0,0.2,-0.0
1,777,15.54,pull,0.0122,0.01217,-0.00084,0.01861,-0.0076,-15.38,74.11,0.3197,0.0396,0.812,1.73,0.0,0.0,0,0.2,-0.0
1,778,15.56,pull,0.01064,0.01056,-0.00128,0.01722,-0.0076,-16.12,73.45,0.3198,0.0396,0.787,1.73,0.0,0.0,0,0.2,-0.0
1,779,15.58,pull,0.00992,0.00941,0.00314,0.01612,-0.0076,-16.66,72.47,0.3198,0.0396,0.81,1.73,0.0,0.0,0,0.2,-0.0
1,780,15.6,pull,0.01162,0.00968,0.00644,0.01628,-0.0076,-17.42,71.94,0.3198,0.0396,0.827,1.728,0.0,0.0,0,0.2,-0.0
1,781,15.62,pull,0.01654,0.0132,0.00996,0.0193,-0.0076,-18.1,70.84,0.3197,0.0395,0.848,1.73,0.0,0.0,0,0.2,-0.0
1,782,15.64,pull,0.0235,0.01869,0.01426,0.02497,-0.0076,-18.59,70.62,0.3196,0.0394,0.884,1.729,0.0,0.0,0,0.2,-0.0
1,783,15.66,pull,0.02363,0.01881,0.0143,0.02473,-0.0076,-18.82,70.26,0.3194,0.0393,0.841,1.37,0.0,0.0,0,0.2,-0.0
1,784,15.68,pull,0.02644,0.01942,0.01794,0.02756,-0.0076,-18.32,70.74,0.3192,0.0393,0.836,1.73,0.0,0.0,0,0.21,-0.0
1,785,15.7,pull,0.02278,0.01569,0.01651,0.02368,-0.0076,-18.22,70.81,0.319,0.0393,0.776,1.73,0.0,0.0,0,0.21,-0.0
1,786,15.72,pull,0.02284,0.01352,0.0184,0.02411,-0.0076,-17.53,71.56,0.3189,0.0394,0.76,1.73,0.0,0.0,0,0.21,-0.0
1,787,15.74,pull,0.01754,0.00794,0.01565,0.01924,-0.0076,-17.3,71.74,0.3187,0.0395,0.699,1.73,0.0,0.0,0,0.21,-0.0
1,788,15.76,pull,0.01421,0.00287,0.01392,0.01673,-0.0076,-16.76,72.26,0.3186,0.0396,0.644,1.73,0.0,0.0,0,0.21,-0.0
1,789,15.78,pull,0.01287,0.00332,0.01244,0.01636,-0.0076,-16.08,72.93,0.3185,0.0397,0.591,1.73,0.0,0.0,0,0.21,-0.0
1,790,15.8,pull,0.01392,0.00931,0.01035,0.01802,-0.0076,-15.44,73.52,0.3185,0.0398,0.524,1.73,0.0,0.0,0,0.21,-0.0
1,791,15.82,pull,0.01752,0.01517,0.00878,0.02196,-0.0076,-14.57,74.35,0.3185,0.0399,0.454,1.73,0.0,0.0,0,0.21,-0.0
1,792,15.84,pull,0.01862,0.01708,0.00741,0.02289,-0.0076,-14.5,74.48,0.3186,0.0399,0.414,1.73,0.0,0.0,0,0.21,-0.0
1,793,15.86,pull,0.01631,0.0126,0.01036,0.02058,-0.0076,-14.84,74.24,0.3187,0.0399,0.443,1.73,0.0,0.0,0,0.21,-0.0
1,794,15.88,pull,0.01814,0.01057,0.01474,0.0229,-0.0076,-14.85,74.24,0.3187,0.0399,0.467,1.73,0.0,0.0,0,0.21,-0.0
1,795,15.9,pull,0.01726,0.01279,0.01159,0.02242,-0.0076,-15.3,73.63,0.3187,0.0399,0.392,1.73,0.0,0.0,0,0.21,-0.0
1,796,15.92,pull,0.0182,0.0122,0.01351,0.02351,-0.0076,-15.46,73.45,0.3187,0.0399,0.413,1.73,0.0,0.0,0,0.21,-0.0
1,797,15.94,pull,0.0163,0.01284,0.01004,0.02187,-0.0076,-16.17,72.6,0.3187,0.0399,0.376,1.73,0.0,0.0,0,0.21,-0.0
1,798,15.96,pull,0.01682,0.01157,0.01221,0.02218,-0.0076,-16.26,72.51,0.3187,0.04,0.398,1.73,0.0,0.0,0,0.21,-0.0
1,799,15.98,pull,0.0149,0.00952,0.01147,0.02011,-0.0076,-17.14,71.54,0.3186,0.04,0.4,1.73,0.0,0.0,0,0.21,-0.0
1,800,16.0,pull,0.01329,0.01074,0.00784,0.01813,-0.0076,-17.61,70.88,0.3185,0.04,0.336,1.73,0.0,0.0,0,0.21,-0.0
1,801,16.02,pull,0.01482,0.01144,0.00943,0.02017,-0.0076,-16.84,71.64,0.3184,0.0401,0.324,1.73,0.0,0.0,0,0.21,-0.0
1,802,16.04,pull,0.01578,0.01256,0.00955,0.02111,-0.0076,-16.64,71.78,0.3183,0.0402,0.306,1.73,0.0,0.0,0,0.21,-0.0
1,803,16.06,pull,0.01574,0.01215,0.01,0.02075,-0.0076,-16.79,71.61,0.3182,0.0403,0.284,1.73,0.0,0.0,0,0.21,-0.0
1,804,16.08,pull,0.01514,0.01245,0.0086,0.01981,-0.0076,-17.05,71.28,0.3182,0.0403,0.245,1.73,0.0,0.0,0,0.21,-0.0
1,805,16.1,pull,0.01451,0.013,0.00645,0.0191,-0.0076,-17.23,71.0,0.3181,0.0403,0.213,1.73,0.0,0.0,0,0.21,-0.0
1,806,16.12,pull,0.0141,0.0134,0.00442,0.01863,-0.0076,-17.35,70.8,0.3179,0.0403,0.188,1.73,0.0,0.0,0,0.21,-0.0
1,807,16.14,pull,0.01308,0.01282,0.00258,0.01732,-0.0076,-17.64,70.44,0.3178,0.0403,0.172,1.73,0.0,0.0,0,0.21,-0.0
1,808,16.16,pull,0.01197,0.01193,0.0009,0.01583,-0.0076,-18.0,70.01,0.3177,0.0402,0.16,1.73,0.0,0.0,0,0.21,-0.0
1,809,16.18,pull,0.01146,0.01142,-0.00099,0.01482,-0.0076,-18.28,69.63,0.3176,0.0402,0.142,1.73,0.0,0.0,0,0.21,-0.0
1,810,16.2,pull,0.01085,0.01063,-0.00217,0.014,-0.0076,-18.4,69.41,0.3174,0.0401,0.133,1.73,0.0,0.0,0,0.21,-0.0
1,811,16.22,pull,0.01054,0.00998,-0.0034,0.0135,-0.0076,-18.48,69.22,0.3172,0.0399,0.123,1.73,0.0,0.0,0,0.21,-0.0
1,812,16.24,pull,0.01114,0.00982,-0.00526,0.01353,-0.0076,-18.62,68.96,0.317,0.0398,0.105,1.73,0.0,0.0,0,0.21,-0.0
1,813,16.26,pull,0.01169,0.00994,-0.00616,0.01404,-0.0076,-18.58,68.87,0.3167,0.0396,0.092,1.73,0.0,0.0,0,0.21,-0.0
1,814,16.28,pull,0.01188,0.00988,-0.0066,0.01399,-0.0076,-18.64,68.71,0.3164,0.0395,0.08,1.73,0.0,0.0,0,0.21,-0.0
1,815,16.3,pull,0.01264,0.01033,-0.00728,0.01425,-0.0076,-18.71,68.54,0.3162,0.0393,0.055,1.73,0.0,0.0,0,0.21,-0.0
1,816,16.32,pull,0.01588,0.01266,-0.00959,0.01711,-0.0076,-18.51,68.61,0.3159,0.0392,-0.002,1.73,0.0,0.0,0,0.21,-0.0
1,817,16.34,pull,0.01318,0.01232,-0.00468,0.01665,-0.0076,-17.56,69.62,0.3156,0.039,0.013,1.73,0.0,0.0,0,0.21,-0.0
1,818,16.36,pull,0.01123,0.01101,-0.00221,0.01575,-0.0076,-17.46,69.75,0.3153,0.0388,0.018,1.73,0.0,0.0,0,0.21,-0.0
1,819,16.38,pull,0.01056,0.01002,-0.00332,0.01436,-0.0076,-17.93,69.2,0.3151,0.0386,-0.014,1.73,0.0,0.0,0,0.21,-0.0
1,820,16.4,pull,0.00945,0.009,-0.0029,0.01314,-0.0076,-18.09,69.04,0.3149,0.0384,-0.028,1.73,0.0,0.0,0,0.21,-0.0
1,821,16.42,pull,0.00978,0.00889,-0.00408,0.01279,-0.0076,-18.29,68.76,0.3147,0.0382,-0.052,1.73,0.0,0.0,0,0.21,-0.0
1,822,16.44,pull,0.01215,0.0106,-0.00592,0.01494,-0.0076,-18.12,68.82,0.3145,0.038,-0.091,1.73,0.0,0.0,0,0.21,-0.0
1,823,16.46,pull,0.01152,0.01001,-0.00571,0.01422,-0.0076,-18.21,68.74,0.3143,0.0378,-0.095,1.73,0.0,0.0,0,0.21,-0.0
1,824,16.48,pull,0.01032,0.00892,-0.00519,0.01275,-0.0076,-18.4,68.55,0.3142,0.0376,-0.102,1.73,0.0,0.0,0,0.21,-0.0
1,825,16.5,pull,0.01107,0.00907,-0.00636,0.01304,-0.0076,-18.48,68.38,0.314,0.0373,-0.129,1.73,0.0,0.0,0,0.21,-0.0
1,826,16.52,pull,0.01254,0.00995,-0.00764,0.01448,-0.0076,-18.36,68.41,0.3138,0.0371,-0.155,1.73,0.0,0.0,0,0.21,-0.0
1,827,16.54,pull,0.01266,0.00983,-0.00798,0.01446,-0.0076,-18.4,68.32,0.3136,0.0368,-0.166,1.73,0.0,0.0,0,0.21,-0.0
1,828,16.56,pull,0.01232,0.00953,-0.00781,0.01408,-0.0076,-18.44,68.24,0.3135,0.0366,-0.177,1.73,0.0,0.0,0,0.21,-0.0
1,829,16.58,pull,0.01252,0.00953,-0.00813,0.0144,-0.0076,-18.39,68.21,0.3133,0.0363,-0.195,1.73,0.0,0.0,0,0.21,-0.0
1,830,16.6,pull,0.01315,0.00971,-0.00887,0.01503,-0.0076,-18.34,68.18,0.313,0.0361,-0.215,1.73,0.0,0.0,0,0.21,-0.0
1,831,16.62,pull,0.01335,0.00969,-0.00918,0.01508,-0.0076,-18.38,68.08,0.3128,0.0358,-0.229,1.73,0.0,0.0,0,0.21,-0.0
1,832,16.64,pull,0.01356,0.00993,-0.00924,0.01534,-0.0076,-18.34,68.07,0.3126,0.0355,-0.245,1.73,0.0,0.0,0,0.22,-0.0
1,833,16.66,pull,0.0144,0.01064,-0.0097,0.01637,-0.0076,-18.18,68.15,0.3124,0.0352,-0.268,1.73,0.0,0.0,0,0.22,-0.0
1,834,16.68,pull,0.01438,0.01079,-0.0095,0.01656,-0.0076,-18.1,68.19,0.3122,0.035,-0.282,1.73,0.0,0.0,0,0.22,-0.0
1,835,16.7,pull,0.01385,0.01051,-0.00901,0.01607,-0.0076,-18.14,68.13,0.312,0.0347,-0.292,1.73,0.0,0.0,0,0.22,-0.0
1,836,16.72,pull,0.01376,0.01041,-0.009,0.01595,-0.0076,-18.16,68.06,0.3118,0.0344,-0.308,1.73,0.0,0.0,0,0.22,-0.0
1,837,16.74,pull,0.01419,0.01056,-0.00949,0.01634,-0.0076,-18.15,68.01,0.3116,0.0341,-0.328,1.73,0.0,0.0,0,0.22,-0.0
1,838,16.76,pull,0.01442,0.01056,-0.00981,0.01645,-0.0076,-18.18,67.93,0.3115,0.0338,-0.344,1.73,0.0,0.0,0,0.22,-0.0
1,839,16.78,pull,0.01473,0.01072,-0.01011,0.01658,-0.0076,-18.19,67.88,0.3113,0.0335,-0.364,1.73,0.0,0.0,0,0.22,-0.0
1,840,16.8,pull,0.01546,0.01121,-0.01064,0.01718,-0.0076,-18.11,67.92,0.3112,0.0333,-0.391,1.73,0.0,0.0,0,0.22,-0.0
1,841,16.82,pull,0.01506,0.011,-0.01028,0.01689,-0.0076,-18.0,68.05,0.3111,0.033,-0.41,1.73,0.0,0.0,0,0.22,-0.0
1,842,16.84,pull,0.01226,0.00942,-0.00785,0.0147,-0.0076,-17.98,68.13,0.311,0.0327,-0.405,1.73,0.0,0.0,0,0.22,-0.0
1,843,16.86,pull,0.01193,0.00894,-0.0079,0.0143,-0.0076,-18.05,68.0,0.3109,0.0324,-0.426,1.73,0.0,0.0,0,0.22,-0.0
1,844,16.88,pull,0.01146,0.00865,-0.00752,0.01408,-0.0076,-18.03,67.98,0.3108,0.0322,-0.438,1.73,0.0,0.0,0,0.22,-0.0
1,845,16.9,pull,0.0118,0.00872,-0.00795,0.01427,-0.0076,-18.06,67.89,0.3108,0.0319,-0.455,1.73,0.0,0.0,0,0.22,-0.0
1,846,16.92,pull,0.01231,0.00927,-0.00809,0.01482,-0.0076,-18.03,67.85,0.3107,0.0317,-0.471,1.73,0.0,0.0,0,0.22,-0.0
1,847,16.94,pull,0.01273,0.00989,-0.00802,0.01551,-0.0076,-17.91,67.9,0.3106,0.0314,-0.485,1.73,0.0,0.0,0,0.22,-0.0
1,848,16.96,pull,0.01362,0.01037,-0.00883,0.01629,-0.0076,-17.87,67.87,0.3105,0.0311,-0.506,1.73,0.0,0.0,0,0.22,-0.0
1,849,16.98,pull,0.01505,0.01101,-0.01026,0.01724,-0.0076,-17.87,67.82,0.3104,0.0309,-0.536,1.73,0.0,0.0,0,0.22,-0.0
1,850,17.0,pull,0.01611,0.01162,-0.01115,0.01815,-0.0076,-17.77,67.91,0.3104,0.0306,-0.569,1.73,0.0,0.0,0,0.22,-0.0
1,851,17.02,pull,0.01313,0.01218,-0.0049,0.01797,-0.0076,-16.81,68.94,0.3103,0.0304,-0.545,1.73,0.0,0.0,0,0.22,-0.0
1,852,17.04,pull,0.0132,0.01273,-0.00348,0.01869,-0.0076,-16.62,69.14,0.3102,0.0301,-0.563,1.73,0.0,0.0,0,0.22,-0.0
1,853,17.06,pull,0.01174,0.01137,-0.00293,0.01696,-0.0076,-16.94,68.81,0.3103,0.0299,-0.592,1.73,0.0,0.0,0,0.22,-0.0
1,854,17.08,pull,0.00861,0.00861,-0.00024,0.01419,-0.0076,-17.35,68.48,0.3104,0.0298,-0.59,1.73,0.0,0.0,0,0.22,-0.0
1,855,17.1,pull,0.00799,0.00769,-0.00217,0.01279,-0.0076,-17.75,68.09,0.3105,0.0295,-0.62,1.73,0.0,0.0,0,0.22,-0.0
1,856,17.12,pull,0.01111,0.01,-0.00485,0.01561,-0.0076,-17.5,68.18,0.3106,0.0293,-0.658,1.73,0.0,0.0,0,0.22,-0.0
1,857,17.14,pull,0.01279,0.01238,-0.00325,0.01848,-0.0076,-16.72,68.96,0.3106,0.0291,-0.661,1.73,0.0,0.0,0,0.22,-0.0
1,858,17.16,pull,0.01084,0.01083,-0.0004,0.01704,-0.0076,-16.79,69.12,0.3108,0.029,-0.654,1.73,0.0,0.0,0,0.22,-0.0
1,859,17.18,pull,0.01333,0.01274,0.00393,0.02011,-0.0076,-16.25,69.71,0.311,0.0289,-0.658,1.73,0.0,0.0,0,0.22,-0.0
1,860,17.2,pull,0.01339,0.01311,0.00272,0.02004,-0.0076,-16.33,69.73,0.3112,0.0287,-0.692,1.73,0.0,0.0,0,0.22,-0.0
1,861,17.22,pull,0.01244,0.01188,0.00369,0.01904,-0.0076,-16.57,69.64,0.3114,0.0286,-0.699,1.73,0.0,0.0,0,0.22,-0.0
1,862,17.24,pull,0.01111,0.01065,0.00316,0.01733,-0.0076,-16.99,69.33,0.3117,0.0284,-0.716,1.73,0.0,0.0,0,0.22,-0.0
1,863,17.26,pull,0.01005,0.00949,0.00331,0.01627,-0.0076,-17.23,69.17,0.312,0.0283,-0.723,1.73,0.0,0.0,0,0.22,-0.0
1,864,17.28,pull,0.00987,0.00978,0.00133,0.01583,-0.0076,-17.48,68.85,0.3122,0.0281,-0.74,1.73,0.0,0.0,0,0.22,-0.0
1,865,17.3,pull,0.0103,0.01026,-0.00087,0.01565,-0.0076,-17.68,68.55,0.3125,0.028,-0.757,1.73,0.0,0.0,0,0.22,-0.0
1,866,17.32,pull,0.01025,0.01022,-0.00077,0.01551,-0.0076,-17.83,68.33,0.3127,0.0279,-0.754,1.73,0.0,0.0,0,0.22,-0.0
1,867,17.34,pull,0.01169,0.01139,-0.00263,0.01652,-0.0076,-17.86,68.13,0.3128,0.0278,-0.771,1.73,0.0,0.0,0,0.22,-0.0
1,868,17.36,pull,0.01512,0.0139,-0.00595,0.01928,-0.0076,-17.67,68.11,0.313,0.0276,-0.807,1.73,0.0,0.0,0,0.22,-0.0
1,869,17.38,pull,0.01437,0.01368,-0.0044,0.01907,-0.0076,-17.39,68.42,0.3131,0.0275,-0.805,1.73,0.0,0.0,0,0.22,-0.0
1,870,17.4,pull,0.01304,0.01295,-0.00156,0.01869,-0.0076,-17.09,68.8,0.3132,0.0274,-0.798,1.73,0.0,0.0,0,0.22,-0.0
1,871,17.42,pull,0.01271,0.01269,-0.00068,0.01887,-0.0076,-16.95,68.93,0.3134,0.0273,-0.805,1.73,0.0,0.0,0,0.22,-0.0
1,872,17.44,pull,0.01436,0.0143,0.00131,0.02124,-0.0076,-16.4,69.42,0.3134,0.0271,-0.806,1.73,0.0,0.0,0,0.22,-0.0
1,873,17.46,pull,0.01441,0.01428,0.00191,0.02129,-0.0076,-16.48,69.22,0.3136,0.027,-0.818,1.73,0.0,0.0,0,0.22,-0.0
1,874,17.48,pull,0.01287,0.01252,0.00298,0.0196,-0.0076,-16.87,68.84,0.3138,0.027,-0.829,1.73,0.0,0.0,0,0.22,-0.0
1,875,17.5,pull,0.01109,0.01058,0.00333,0.01777,-0.0076,-17.29,68.41,0.314,0.0269,-0.836,1.73,0.0,0.0,0,0.22,-0.0
1,876,17.52,pull,0.00977,0.00976,0.00057,0.016,-0.0076,-17.79,67.85,0.3142,0.0268,-0.854,1.73,0.0,0.0,0,0.22,-0.0
1,877,17.54,pull,0.01381,0.01376,0.00122,0.02055,-0.0076,-17.07,68.34,0.3142,0.0268,-0.852,1.73,0.0,0.0,0,0.22,-0.0
1,878,17.56,pull,0.01503,0.01498,-0.0012,0.02127,-0.0076,-17.2,68.09,0.3143,0.0267,-0.866,1.73,0.0,0.0,0,0.22,-0.0
1,879,17.58,pull,0.01379,0.01379,7e-05,0.02003,-0.0076,-17.5,67.82,0.3145,0.0267,-0.859,1.73,0.0,0.0,0,0.22,-0.0
1,880,17.6,pull,0.014,0.014,-0.00051,0.02011,-0.0076,-17.6,67.64,0.3146,0.0266,-0.871,1.73,0.0,0.0,0,0.22,-0.0
1,881,17.62,pull,0.01481,0.01452,-0.0029,0.0205,-0.0076,-17.66,67.42,0.3146,0.0265,-0.895,1.73,0.0,0.0,0,0.22,-0.0
1,882,17.64,pull,0.01508,0.01436,-0.00462,0.02023,-0.0076,-17.83,67.15,0.3147,0.0265,-0.912,1.73,0.0,0.0,0,0.22,-0.0
1,883,17.66,pull,0.01618,0.01468,-0.00679,0.02048,-0.0076,-17.95,66.92,0.3147,0.0264,-0.941,1.73,0.0,0.0,0,0.22,-0.0
1,884,17.68,pull,0.01562,0.01554,-0.0015,0.02182,-0.0076,-17.25,67.56,0.3147,0.0264,-0.914,1.73,0.0,0.0,0,0.22,-0.0
1,885,17.7,pull,0.0171,0.01672,-0.00361,0.02312,-0.0076,-17.19,67.39,0.3147,0.0262,-0.946,1.73,0.0,0.0,0,0.22,-0.0
1,886,17.72,pull,0.01639,0.01569,-0.00471,0.02199,-0.0076,-17.42,66.97,0.3147,0.0262,-0.973,1.73,0.0,0.0,0,0.22,-0.0
1,887,17.74,pull,0.01496,0.01493,0.00096,0.02197,-0.0076,-17.03,67.48,0.3148,0.0261,-0.949,1.73,0.0,0.0,0,0.22,-0.0
1,888,17.76,pull,0.01492,0.01488,0.00113,0.02211,-0.0076,-17.0,67.47,0.3148,0.026,-0.973,1.73,0.0,0.0,0,0.22,-0.0
1,889,17.78,pull,0.01395,0.01394,0.00069,0.02101,-0.0076,-17.23,67.21,0.3148,0.026,-1.002,1.73,0.0,0.0,0,0.22,-0.0
1,890,17.8,pull,0.01228,0.01224,0.00095,0.01919,-0.0076,-17.61,66.91,0.3149,0.026,-1.017,1.73,0.0,0.0,0,0.22,-0.0
1,891,17.82,pull,0.01145,0.01145,-3e-05,0.01812,-0.0076,-17.86,66.64,0.3149,0.026,-1.037,1.73,0.0,0.0,0,0.22,-0.0
1,892,17.84,pull,0.01215,0.01199,-0.00202,0.01838,-0.0076,-17.94,66.42,0.315,0.0259,-1.061,1.73,0.0,0.0,0,0.22,-0.0
1,893,17.86,pull,0.01292,0.01258,-0.00292,0.01884,-0.0076,-18.0,66.19,0.315,0.0259,-1.076,1.73,0.0,0.0,0,0.22,-0.0
1,894,17.88,pull,0.01424,0.01366,-0.00402,0.01984,-0.0076,-17.97,66.03,0.315,0.0259,-1.096,1.73,0.0,0.0,0,0.22,-0.0
1,895,17.9,pull,0.01595,0.0148,-0.00593,0.02106,-0.0076,-17.91,65.89,0.315,0.0258,-1.124,1.73,0.0,0.0,0,0.22,-0.0
1,896,17.92,pull,0.01641,0.01502,-0.00662,0.02135,-0.0076,-17.88,65.81,0.315,0.0258,-1.145,1.73,0.0,0.0,0,0.22,-0.0
1,897,17.94,pull,0.01589,0.01449,-0.00653,0.02077,-0.0076,-17.91,65.73,0.315,0.0257,-1.162,1.73,0.0,0.0,0,0.22,-0.0
1,898,17.96,pull,0.01562,0.01526,-0.00336,0.02175,-0.0076,-17.4,66.19,0.315,0.0257,-1.165,1.73,0.0,0.0,0,0.22,-0.0
1,899,17.98,pull,0.01472,0.01467,-0.00118,0.02154,-0.0076,-17.39,66.14,0.315,0.0257,-1.161,1.73,0.0,0.0,0,0.22,-0.0
1,900,18.0,pull,0.01449,0.01403,-0.00363,0.02072,-0.0076,-17.69,65.71,0.315,0.0256,-1.194,1.73,0.0,0.0,0,0.22,-0.0
1,901,18.02,pull,0.01515,0.01419,-0.00531,0.02092,-0.0076,-17.7,65.57,0.315,0.0256,-1.224,1.73,0.0,0.0,0,0.22,-0.0
1,902,18.04,pull,0.01761,0.0176,-0.00064,0.02485,-0.0076,-16.82,66.24,0.3149,0.0256,-1.21,1.73,0.0,0.0,0,0.22,-0.0
1,903,18.06,pull,0.01828,0.01827,-0.00057,0.0256,-0.0076,-16.72,66.28,0.3149,0.0256,-1.232,1.73,0.0,0.0,0,0.22,-0.0
1,904,18.08,pull,0.01653,0.01651,-0.00083,0.02363,-0.0076,-17.09,66.02,0.315,0.0256,-1.26,1.73,0.0,0.0,0,0.22,-0.0
1,905,18.1,pull,0.01458,0.01455,0.00093,0.02186,-0.0076,-17.45,65.76,0.315,0.0256,-1.266,1.73,0.0,0.0,0,0.22,-0.0
1,906,18.12,pull,0.01643,0.01639,-0.00114,0.02337,-0.0076,-17.31,65.69,0.315,0.0257,-1.303,1.73,0.0,0.0,0,0.22,-0.0
1,907,18.14,pull,0.01663,0.01634,-0.00313,0.02317,-0.0076,-17.44,65.44,0.315,0.0256,-1.327,1.73,0.0,0.0,0,0.22,-0.0
1,908,18.16,pull,0.01629,0.01589,-0.0036,0.02258,-0.0076,-17.65,65.1,0.315,0.0257,-1.338,1.73,0.0,0.0,0,0.22,-0.0
1,909,18.18,pull,0.01894,0.018,-0.00591,0.02475,-0.0076,-17.46,65.01,0.315,0.0257,-1.376,1.73,0.0,0.0,0,0.22,-0.0
1,910,18.2,pull,0.02005,0.01856,-0.00757,0.02547,-0.0076,-17.42,64.9,0.315,0.0257,-1.409,1.73,0.0,0.0,0,0.22,-0.0
1,911,18.22,pull,0.01932,0.01856,-0.00537,0.02532,-0.0076,-17.19,65.14,0.3149,0.0257,-1.42,1.73,0.0,0.0,0,0.22,-0.0
1,912,18.24,pull,0.01763,0.01719,-0.00393,0.02394,-0.0076,-17.28,65.12,0.315,0.0257,-1.434,1.73,0.0,0.0,0,0.22,-0.0
1,913,18.26,pull,0.01906,0.01896,-0.00192,0.02604,-0.0076,-16.85,65.38,0.3149,0.0257,-1.446,1.73,0.0,0.0,0,0.22,-0.0
1,914,18.28,pull,0.01951,0.01916,-0.00367,0.02621,-0.0076,-16.88,65.24,0.3149,0.0256,-1.479,1.73,0.0,0.0,0,0.22,-0.0
1,915,18.3,pull,0.01718,0.01712,-0.00146,0.02421,-0.0076,-17.23,64.93,0.3149,0.0256,-1.478,1.73,0.0,0.0,0,0.22,-0.0
1,916,18.32,pull,0.01714,0.017,-0.00222,0.02399,-0.0076,-17.36,64.67,0.315,0.0257,-1.504,1.73,0.0,0.0,0,0.22,-0.0
1,917,18.34,pull,0.018,0.01762,-0.00367,0.02461,-0.0076,-17.36,64.44,0.3149,0.0257,-1.528,1.73,0.0,0.0,0,0.22,-0.0
1,918,18.36,pull,0.01896,0.0182,-0.00532,0.02518,-0.0076,-17.42,64.13,0.3149,0.0257,-1.552,1.73,0.0,0.0,0,0.22,-0.0
1,919,18.38,pull,0.0217,0.02007,-0.00825,0.02728,-0.0076,-17.25,63.99,0.3149,0.0257,-1.598,1.73,0.0,0.0,0,0.22,-0.0
1,920,18.4,pull,0.0211,0.01998,-0.00681,0.02701,-0.0076,-17.12,64.11,0.3149,0.0258,-1.618,1.73,0.0,0.0,0,0.22,-0.0
1,921,18.42,pull,0.01908,0.01857,-0.00439,0.02551,-0.0076,-17.14,64.24,0.3148,0.0258,-1.633,1.73,0.0,0.0,0,0.22,-0.0
1,922,18.44,pull,0.01896,0.01876,-0.00276,0.02587,-0.0076,-17.0,64.32,0.3148,0.0258,-1.652,1.73,0.0,0.0,0,0.22,-0.0
1,923,18.46,pull,0.02058,0.02048,-0.00207,0.0278,-0.0076,-16.74,64.33,0.3148,0.0258,-1.668,1.73,0.0,0.0,0,0.22,-0.0
1,924,18.48,release,0.02308,0.02288,-0.00305,0.0302,-0.0076,-16.42,64.38,0.3147,0.0258,-1.694,1.73,0.0,0.0,0,0.22,-0.0
1,925,18.5,release,0.02205,0.02173,-0.00372,0.02893,-0.00711,-16.69,64.15,0.3148,0.0258,-1.709,1.73,0.0,0.0,0,0.22,-0.0
1,926,18.52,release,0.01968,0.01956,-0.00223,0.02672,-0.00662,-17.09,63.85,0.3148,0.0259,-1.71,1.73,0.0,0.0,0,0.22,-0.0
1,927,18.54,release,0.02184,0.02132,-0.00473,0.02844,-0.00613,-16.95,63.71,0.3148,0.0259,-1.746,1.73,0.0,0.0,0,0.22,-0.0
1,928,18.56,release,0.02128,0.02061,-0.00532,0.0277,-0.00564,-17.15,63.39,0.3148,0.026,-1.755,1.73,0.0,0.0,0,0.22,-0.0
1,929,18.58,release,0.02069,0.01986,-0.00583,0.02681,-0.00515,-17.39,62.98,0.3149,0.026,-1.764,1.73,0.0,0.0,0,0.22,-0.0
1,930,18.6,release,0.02442,0.0221,-0.01038,0.02965,-0.00466,-17.16,62.83,0.3148,0.026,-1.819,1.719,0.0,0.0,0,0.22,-0.0
1,931,18.62,release,0.02116,0.02046,-0.00538,0.02739,-0.00417,-17.25,62.72,0.3148,0.026,-1.797,1.642,0.0,0.0,0,0.22,-0.0
1,932,18.64,release,0.02275,0.02193,-0.00603,0.0288,-0.00368,-17.04,62.7,0.3148,0.026,-1.826,1.73,0.0,0.0,0,0.22,-0.0
1,933,18.66,release,0.02324,0.02156,-0.00869,0.02872,-0.00319,-17.07,62.66,0.3148,0.026,-1.871,1.73,0.0,0.0,0,0.22,-0.0
1,934,18.68,release,0.0184,0.01822,-0.00261,0.02497,-0.0027,-17.43,62.62,0.3148,0.026,-1.845,1.73,0.0,0.0,0,0.22,-0.0
1,935,18.7,release,0.02081,0.02065,-0.00252,0.02739,-0.00221,-17.1,62.7,0.3147,0.026,-1.873,1.73,0.0,0.0,0,0.22,-0.0
1,936,18.72,release,0.0223,0.02193,-0.00405,0.02858,-0.00172,-16.97,62.68,0.3147,0.026,-1.899,1.73,0.0,0.0,0,0.22,-0.0
1,937,18.74,release,0.02112,0.02078,-0.00375,0.0273,-0.00123,-17.17,62.56,0.3147,0.026,-1.907,1.73,0.0,0.0,0,0.22,-0.0
1,938,18.76,release,0.02131,0.02127,-0.00129,0.02775,-0.00074,-17.11,62.59,0.3147,0.0261,-1.906,1.73,0.0,0.0,0,0.22,-0.0
1,939,18.78,release,0.02339,0.02337,-0.00073,0.02979,-0.00025,-16.83,62.69,0.3147,0.0261,-1.921,1.73,0.0,0.0,0,0.22,-0.0
1,940,18.8,release,0.02473,0.02471,-0.00118,0.03077,0.00024,-16.74,62.61,0.3147,0.0261,-1.932,1.73,0.0,0.0,0,0.22,-0.0
1,941,18.82,release,0.02545,0.02537,-0.00197,0.03101,0.00073,-16.75,62.52,0.3148,0.0261,-1.945,1.73,0.0,0.0,0,0.22,-0.0
1,942,18.84,release,0.02604,0.02596,-0.00201,0.0312,0.00122,-16.73,62.48,0.3148,0.0261,-1.958,1.73,0.0,0.0,0,0.22,-0.0
1,943,18.86,release,0.02648,0.02645,-0.00119,0.03135,0.00171,-16.69,62.47,0.3148,0.0261,-1.965,1.73,0.0,0.0,0,0.22,-0.0
1,944,18.88,release,0.02741,0.02724,-0.00301,0.03173,0.0022,-16.64,62.43,0.3148,0.0261,-1.995,1.73,0.0,0.0,0,0.22,-0.0
1,945,18.9,release,0.02668,0.02668,3e-05,0.0309,0.00269,-16.74,62.35,0.3149,0.0261,-1.983,1.73,0.0,0.0,0,0.22,-0.0
1,946,18.92,release,0.02678,0.02667,-0.0024,0.03041,0.00318,-16.81,62.19,0.3149,0.0261,-2.016,1.73,0.0,0.0,0,0.22,-0.0
1,947,18.94,release,0.02536,0.02534,0.00105,0.02886,0.00367,-16.99,62.05,0.3149,0.0261,-1.998,1.73,0.0,0.0,0,0.22,-0.0
1,948,18.96,release,0.02421,0.02421,-0.00029,0.02721,0.00416,-17.23,61.78,0.3149,0.0261,-2.017,1.73,0.0,0.0,0,0.22,-0.0
1,949,18.98,release,0.02244,0.0223,0.00244,0.02518,0.00465,-17.5,61.54,0.315,0.0261,-1.996,1.73,0.0,0.0,0,0.22,-0.0
1,950,19.0,release,0.0205,0.0205,-0.00015,0.02268,0.00514,-17.84,61.11,0.315,0.026,-2.015,1.73,0.0,0.0,0,0.22,-0.0
1,951,19.02,release,0.01757,0.01728,0.00319,0.01946,0.00563,-18.3,59.57,0.315,0.0259,-1.982,1.043,0.0,0.0,0,0.22,-0.0
1,952,19.04,release,0.01499,0.01463,0.00328,0.01646,0.00612,-18.63,59.87,0.3151,0.0258,-1.97,1.728,0.0,0.0,0,0.22,-0.0
1,953,19.06,release,0.01292,0.01193,0.00497,0.01393,0.00661,-19.05,59.15,0.315,0.0257,-1.937,1.73,0.0,0.0,0,0.22,-0.0
1,954,19.08,release,0.0087,0.00807,0.00325,0.00913,0.0071,-19.74,58.31,0.315,0.0255,-1.922,1.73,0.0,0.0,0,0.22,-0.0
1,955,19.1,release,0.00905,0.00573,0.007,0.00896,0.00759,-20.5,56.73,0.3151,0.0254,-1.864,1.042,0.0,0.0,0,0.22,-0.0
1,956,19.12,release,0.01409,0.00905,0.0108,0.01391,0.00808,-21.14,56.38,0.3151,0.0252,-1.808,1.724,0.0,0.0,0,0.22,-0.0
1,957,19.14,release,0.01924,0.01405,0.01315,0.01914,0.00857,-21.69,56.15,0.315,0.0249,-1.757,1.72,0.0,0.0,0,0.22,-0.0
1,958,19.16,release,0.02483,0.01963,0.01521,0.02491,0.00906,-22.36,55.84,0.315,0.0246,-1.699,1.723,0.0,0.0,0,0.22,-0.0
1,959,19.18,release,0.03165,0.02592,0.01816,0.03191,0.00955,-23.04,55.58,0.315,0.0244,-1.628,1.726,0.0,0.0,0,0.22,-0.0
1,960,19.2,release,0.03893,0.03229,0.02175,0.03934,0.01004,-23.6,55.56,0.315,0.0241,-1.547,1.727,0.0,0.0,0,0.22,-0.0
1,961,19.22,release,0.0458,0.03823,0.02523,0.04634,0.01053,-24.01,56.1,0.315,0.0238,-1.46,1.726,0.0,0.0,0,0.22,-0.0
1,962,19.24,release,0.05243,0.0439,0.02866,0.05309,0.01102,-24.43,56.52,0.315,0.0234,-1.365,1.62,0.0,0.0,0,0.22,-0.0
1,963,19.26,release,0.05907,0.04933,0.0325,0.05985,0.01151,-24.75,57.12,0.315,0.0231,-1.257,1.728,0.0,0.0,0,0.22,-0.0
1,964,19.28,back,0.0652,0.05424,0.03619,0.06607,0.012,-24.97,57.7,0.315,0.0227,-1.141,1.726,0.0,0.0,0,0.22,-0.0
1,965,19.3,back,0.06984,0.05875,0.03777,0.07137,0.012,-25.06,61.15,0.3151,0.0224,-1.019,1.73,0.0,0.0,0,0.22,-0.0
1,966,19.32,back,0.0745,0.06258,0.04041,0.07669,0.012,-24.91,63.87,0.3152,0.022,-0.878,1.73,0.0,0.0,0,0.22,-0.0
1,967,19.34,back,0.07813,0.06534,0.04283,0.08099,0.012,-24.47,65.48,0.3153,0.0216,-0.74,1.73,0.0,0.0,0,0.22,-0.0
1,968,19.36,back,0.08053,0.06701,0.04467,0.08411,0.012,-23.86,65.69,0.3155,0.021,-0.609,1.73,0.0,0.0,0,0.22,-0.0
1,969,19.38,back,0.08236,0.06804,0.04641,0.08671,0.012,-23.29,64.39,0.3158,0.0204,-0.484,1.73,0.0,0.0,0,0.22,-0.0
1,970,19.4,back,0.08393,0.06842,0.04861,0.08906,0.012,-22.52,62.03,0.316,0.0198,-0.36,1.73,0.0,0.0,0,0.22,-0.0
1,971,19.42,back,0.08462,0.06807,0.05026,0.09056,0.012,-21.69,58.86,0.3163,0.0192,-0.244,1.73,0.0,0.0,0,0.22,-0.0
1,972,19.44,back,0.08466,0.06709,0.05163,0.09143,0.012,-20.86,55.12,0.3165,0.0186,-0.131,1.73,0.0,0.0,0,0.22,-0.0
1,973,19.46,back,0.08393,0.06544,0.05255,0.09158,0.012,-20.01,51.0,0.3166,0.0179,-0.025,1.73,0.0,0.0,0,0.22,-0.0
1,974,19.48,back,0.08205,0.06297,0.0526,0.09064,0.012,-19.1,46.64,0.3168,0.0174,0.068,1.73,0.0,0.0,0,0.22,-0.0
1,975,19.5,back,0.07957,0.05905,0.05334,0.08866,0.012,-18.1,44.11,0.3168,0.0168,0.16,0.916,0.0,0.0,0,0.22,-0.0
1,976,19.52,back,0.07393,0.0541,0.05038,0.08325,0.012,-17.34,43.83,0.3168,0.0163,0.224,1.73,0.0,0.0,0,0.22,-0.0
1,977,19.54,back,0.06952,0.04942,0.0489,0.07801,0.012,-17.0,48.08,0.3167,0.0159,0.299,1.729,0.0,0.0,0,0.22,-0.0
1,978,19.56,back,0.06529,0.04581,0.04652,0.07363,0.012,-16.88,50.54,0.3167,0.0154,0.363,1.64,0.0,0.0,0,0.22,-0.0
1,979,19.58,back,0.06365,0.04312,0.04682,0.07193,0.012,-16.52,51.98,0.3166,0.015,0.445,1.082,0.0,0.0,0,0.22,-0.0
1,980,19.6,back,0.0588,0.04024,0.04287,0.06728,0.012,-16.58,52.76,0.3165,0.0146,0.486,1.73,0.0,0.0,0,0.22,-0.0
1,981,19.62,back,0.05645,0.03787,0.04186,0.06505,0.012,-16.03,52.82,0.3165,0.0143,0.548,1.73,0.0,0.0,0,0.22,-0.0
1,982,19.64,back,0.05341,0.03513,0.04023,0.06211,0.012,-15.62,53.1,0.3165,0.0139,0.597,1.73,0.0,0.0,0,0.22,-0.0
1,983,19.66,back,0.05058,0.03196,0.0392,0.05915,0.012,-14.99,53.68,0.3166,0.0137,0.643,1.73,0.0,0.0,0,0.22,-0.0
1,984,19.68,back,0.04663,0.02897,0.03654,0.05508,0.012,-14.69,54.84,0.3167,0.0135,0.67,1.73,0.0,0.0,0,0.22,-0.0
1,985,19.7,back,0.04171,0.02643,0.03227,0.05011,0.012,-14.4,57.04,0.3168,0.0133,0.684,1.046,0.0,0.0,0,0.22,-0.0
1,986,19.72,back,0.03929,0.02347,0.03151,0.04673,0.012,-14.04,60.97,0.3169,0.0131,0.722,1.728,0.0,0.0,0,0.22,-0.0
1,987,19.74,back,0.03444,0.02104,0.02727,0.04167,0.012,-13.88,63.97,0.317,0.0129,0.726,1.725,0.0,0.0,0,0.22,-0.0
1,988,19.76,back,0.03322,0.01845,0.02763,0.03967,0.012,-13.32,66.39,0.3171,0.0128,0.766,1.037,0.0,0.0,0,0.22,-0.0
1,989,19.78,back,0.02707,0.01565,0.02209,0.03404,0.012,-13.1,67.36,0.3172,0.0127,0.753,1.098,0.0,0.0,0,0.22,-0.0
1,990,19.8,back,0.02673,0.01318,0.02325,0.03285,0.012,-12.52,69.22,0.3173,0.0127,0.787,1.037,0.0,0.0,0,0.22,-0.0
1,991,19.82,back,0.02161,0.0106,0.01883,0.02798,0.012,-12.23,70.96,0.3175,0.0127,0.768,1.048,0.0,0.0,0,0.22,-0.0
1,992,19.84,back,0.0211,0.0079,0.01956,0.02565,0.012,-11.63,74.25,0.3176,0.0127,0.789,1.72,0.0,0.0,0,0.22,-0.0
1,993,19.86,back,0.01822,0.00514,0.01748,0.022,0.012,-11.49,76.42,0.3177,0.0127,0.785,1.725,0.0,0.0,0,0.22,-0.0
1,994,19.88,back,0.01618,0.00296,0.01591,0.01911,0.012,-10.98,77.11,0.3178,0.0127,0.786,1.73,0.0,0.0,0,0.22,-0.0
1,995,19.9,back,0.01513,0.0028,0.01487,0.01665,0.012,-10.42,77.97,0.318,0.0128,0.786,1.73,0.0,0.0,0,0.22,-0.0
1,996,19.92,back,0.01423,0.00473,0.01342,0.01398,0.012,-10.05,79.21,0.3181,0.0128,0.78,0.912,0.0,0.0,0,0.22,-0.0
1,997,19.94,back,0.0129,0.00725,0.01067,0.01076,0.012,-9.49,79.55,0.3182,0.0129,0.756,1.73,0.0,0.0,0,0.22,-0.0
1,998,19.96,back,0.01335,0.00949,0.00939,0.00934,0.012,-9.12,80.47,0.3183,0.013,0.731,1.394,0.0,0.0,0,0.22,-0.0
1,999,19.98,back,0.01511,0.01198,0.00921,0.00959,0.012,-8.67,81.26,0.3185,0.0131,0.71,0.932,0.0,0.0,0,0.22,-0.0
1,1000,20.0,back,0.01708,0.01476,0.00859,0.00992,0.012,-8.17,81.81,0.3186,0.0133,0.687,0.955,0.0,0.0,0,0.22,-0.0
1,1001,20.02,back,0.01435,0.01345,0.005,0.00731,0.012,-8.14,81.79,0.3187,0.0133,0.644,1.73,0.0,0.0,0,0.22,-0.0
1,1002,20.04,back,0.01661,0.01462,0.00788,0.00979,0.012,-7.86,81.34,0.3188,0.0135,0.644,1.107,0.0,0.0,0,0.22,-0.0
1,1003,20.06,back,0.0174,0.01616,0.00644,0.00993,0.012,-7.3,82.17,0.3189,0.0137,0.606,1.73,0.0,0.0,0,0.22,-0.0
1,1004,20.08,back,0.01594,0.01498,0.00545,0.00862,0.012,-7.26,82.0,0.3191,0.0138,0.585,1.73,0.0,0.0,0,0.22,-0.0
1,1005,20.1,back,0.0141,0.01353,0.00399,0.008,0.012,-7.33,81.76,0.3192,0.014,0.554,1.73,0.0,0.0,0,0.22,-0.0
1,1006,20.12,back,0.01541,0.01338,0.00764,0.00893,0.012,-6.93,81.49,0.3194,0.0142,0.559,1.558,0.0,0.0,0,0.22,-0.0
1,1007,20.14,back,0.01273,0.01216,0.00378,0.00739,0.012,-7.01,80.79,0.3195,0.0144,0.505,1.546,0.0,0.0,0,0.22,-0.0
1,1008,20.16,back,0.01451,0.01333,0.00573,0.0075,0.012,-6.55,78.77,0.3196,0.0146,0.5,1.263,0.0,0.0,0,0.22,-0.0
1,1009,20.18,back,0.01247,0.01246,0.00041,0.00834,0.012,-6.62,78.06,0.3198,0.0148,0.437,1.73,0.0,0.0,0,0.22,-0.0
1,1010,20.2,back,0.01442,0.01427,0.00207,0.00913,0.012,-6.13,75.8,0.3199,0.0151,0.425,1.321,0.0,0.0,0,0.22,-0.0
1,1011,20.22,back,0.01349,0.01332,0.00211,0.00829,0.012,-5.88,75.7,0.32,0.0153,0.398,1.73,0.0,0.0,0,0.22,-0.0
1,1012,20.24,back,0.01254,0.01205,0.00348,0.00591,0.012,-5.48,75.01,0.3202,0.0155,0.388,1.73,0.0,0.0,0,0.22,-0.0
1,1013,20.26,back,0.01462,0.0124,0.00774,0.0057,0.012,-5.21,72.96,0.3203,0.0157,0.408,1.359,0.0,0.0,0,0.22,-0.0
1,1014,20.28,back,0.01087,0.01048,0.00289,0.0051,0.012,-6.01,73.01,0.3205,0.0159,0.366,1.73,0.0,0.0,0,0.22,-0.0
1,1015,20.3,back,0.01064,0.00917,0.0054,0.00489,0.012,-5.9,73.8,0.3206,0.0162,0.391,1.73,0.0,0.0,0,0.22,-0.0
1,1016,20.32,back,0.0074,0.00558,0.00487,0.0074,0.012,-6.63,74.1,0.3208,0.0165,0.401,1.73,0.0,0.0,0,0.22,-0.0
1,1017,20.34,back,0.00436,0.00245,0.00361,0.01067,0.012,-7.14,75.61,0.321,0.0168,0.405,1.73,0.0,0.0,0,0.22,-0.0
1,1018,20.36,back,0.00403,0.00394,-0.00085,0.01512,0.012,-7.68,76.06,0.3212,0.0171,0.373,1.73,0.0,0.0,0,0.22,-0.0
1,1019,20.38,back,0.00494,0.00479,-0.0012,0.01605,0.012,-7.18,77.93,0.3212,0.0174,0.365,1.73,0.0,0.0,0,0.22,-0.0
1,1020,20.4,back,0.00456,0.00452,0.00063,0.01556,0.012,-6.53,78.83,0.3212,0.0177,0.366,1.73,0.0,0.0,0,0.22,-0.0
1,1021,20.42,back,0.00513,0.00513,-4e-05,0.01615,0.012,-6.3,79.17,0.3212,0.018,0.348,1.73,0.0,0.0,0,0.22,-0.0
1,1022,20.44,back,0.00579,0.00559,-0.00153,0.01652,0.012,-6.06,79.22,0.3212,0.0183,0.325,1.73,0.0,0.0,0,0.22,-0.0
1,1023,20.46,back,0.00631,0.00595,-0.00211,0.01699,0.012,-5.86,79.2,0.3212,0.0186,0.309,1.73,0.0,0.0,0,0.22,-0.0
1,1024,20.48,back,0.0065,0.0063,-0.0016,0.01757,0.012,-5.7,79.17,0.3211,0.0189,0.3,1.73,0.0,0.0,0,0.22,-0.0
1,1025,20.5,back,0.00695,0.0067,-0.00182,0.01837,0.012,-5.59,79.1,0.3211,0.0192,0.287,1.73,0.0,0.0,0,0.22,-0.0
1,1026,20.52,back,0.00789,0.00741,-0.00271,0.01951,0.012,-5.56,78.94,0.3209,0.0195,0.274,1.73,0.0,0.0,0,0.22,-0.0
1,1027,20.54,back,0.0096,0.00896,-0.00344,0.02145,0.012,-5.66,78.77,0.3208,0.0199,0.265,1.73,0.0,0.0,0,0.22,-0.0
1,1028,20.56,back,0.01116,0.01052,-0.00375,0.02325,0.012,-5.69,78.75,0.3207,0.0202,0.259,1.73,0.0,0.0,0,0.22,-0.0
1,1029,20.58,back,0.01169,0.01129,-0.00301,0.02409,0.012,-5.61,78.84,0.3206,0.0205,0.264,1.73,0.0,0.0,0,0.22,-0.0
1,1030,20.6,back,0.01201,0.01177,-0.00239,0.02458,0.012,-5.45,79.01,0.3204,0.0208,0.262,1.73,0.0,0.0,0,0.22,-0.0
1,1031,20.62,back,0.01284,0.01258,-0.00258,0.0255,0.012,-5.31,79.23,0.3203,0.0211,0.246,1.73,0.0,0.0,0,0.22,-0.0
1,1032,20.64,back,0.01312,0.01299,-0.00187,0.02587,0.012,-5.08,79.55,0.3201,0.0214,0.24,1.73,0.0,0.0,0,0.22,-0.0
1,1033,20.66,back,0.01341,0.01333,-0.00149,0.02618,0.012,-4.82,79.9,0.3199,0.0217,0.227,1.73,0.0,0.0,0,0.22,-0.0
1,1034,20.68,back,0.01321,0.01321,-0.00033,0.02598,0.012,-4.43,80.23,0.3198,0.0219,0.22,1.73,0.0,0.0,0,0.22,-0.0
1,1035,20.7,back,0.01452,0.01443,-0.0016,0.02736,0.012,-4.34,80.44,0.3196,0.0222,0.195,1.73,0.0,0.0,0,0.22,-0.0
1,1036,20.72,back,0.01418,0.01417,0.00039,0.02687,0.012,-3.91,80.72,0.3195,0.0225,0.201,1.73,0.0,0.0,0,0.22,-0.0
1,1037,20.74,back,0.01484,0.01483,-0.00051,0.02763,0.012,-3.73,80.85,0.3193,0.0228,0.181,1.73,0.0,0.0,0,0.22,-0.0
1,1038,20.76,back,0.0148,0.01479,0.00054,0.02752,0.012,-3.38,81.01,0.3191,0.0231,0.18,1.73,0.0,0.0,0,0.22,-0.0
1,1039,20.78,done,0.01489,0.01489,0.00022,0.02766,0.012,-3.09,81.15,0.3189,0.0233,0.167,1.73,0.0,0.0,0,0.22,-0.0
1,1040,20.8,done,0.01342,0.01321,0.00233,0.02595,0.012,-2.73,81.28,0.3187,0.0236,0.165,1.73,0.0,0.0,0,0.22,-0.0
1,1041,20.82,done,0.01333,0.01316,0.00213,0.02592,0.012,-2.76,81.27,0.3186,0.0239,0.145,1.73,0.0,0.0,0,0.22,-0.0
2,0,0.0,spawn,0.01225,0.01221,0.00088,0.01187,0.012,-2.88,5.21,0.3504,0.0009,-0.082,1.728,0.0,0.0,0,0.0,-0.0
2,1,0.02,spawn,0.02236,0.02217,0.00289,0.02163,0.012,-3.46,9.89,0.35,0.0017,-0.084,1.73,0.0,0.0,0,0.0,-0.0
2,2,0.04,spawn,0.02027,0.02024,0.00104,0.01911,0.012,-1.91,15.0,0.3484,0.0024,-0.096,1.73,0.0,0.0,0,0.0,-0.0
2,3,0.06,spawn,0.01844,0.01757,-0.0056,0.01694,0.012,-0.36,20.34,0.3457,0.0029,-0.104,1.73,0.0,0.0,0,0.0,-0.0
2,4,0.08,spawn,0.01696,0.01303,-0.01084,0.01602,0.012,1.22,25.68,0.3425,0.0036,-0.083,1.73,0.0,0.0,0,0.0,-0.0
2,5,0.1,spawn,0.01498,0.0054,-0.01397,0.01564,0.012,2.91,30.9,0.3391,0.0044,-0.035,1.73,0.0,0.0,0,0.0,-0.0
2,6,0.12,spawn,0.01398,0.00579,-0.01273,0.017,0.012,4.14,36.03,0.3356,0.0053,0.02,1.73,0.0,0.0,0,0.0,-0.0
2,7,0.14,spawn,0.01652,0.01329,-0.00982,0.02086,0.012,5.1,40.87,0.3324,0.0063,0.076,1.73,0.0,0.0,0,0.0,-0.0
2,8,0.16,spawn,0.01436,0.01203,-0.00785,0.01735,0.012,6.86,45.63,0.3294,0.0073,0.066,1.73,0.0,0.0,0,0.0,-0.0
2,9,0.18,spawn,0.0129,0.01056,-0.00741,0.0138,0.012,8.14,50.42,0.3266,0.0082,0.042,1.73,0.0,0.0,0,0.0,-0.0
2,10,0.2,spawn,0.01256,0.01106,-0.00596,0.01274,0.012,8.74,55.1,0.3243,0.0093,0.031,1.73,0.0,0.0,0,0.0,-0.0
2,11,0.22,spawn,0.01123,0.01101,-0.00223,0.01139,0.012,9.02,59.78,0.3222,0.0104,0.004,1.73,0.0,0.0,0,0.0,-0.0
2,12,0.24,spawn,0.01161,0.01155,0.00118,0.01144,0.012,9.63,64.34,0.3205,0.0115,-0.045,1.73,0.0,0.0,0,0.0,-0.0
2,13,0.26,spawn,0.01047,0.00997,0.00321,0.01003,0.012,9.72,68.89,0.3191,0.0125,-0.104,1.73,0.0,0.0,0,0.0,-0.0
2,14,0.28,spawn,0.00906,0.00782,0.00458,0.00871,0.012,9.39,73.36,0.3179,0.0134,-0.155,1.73,0.0,0.0,0,0.0,-0.0
2,15,0.3,spawn,0.00847,0.00589,0.00608,0.00852,0.012,8.85,77.53,0.317,0.0142,-0.19,1.73,0.0,0.0,0,0.0,-0.0
2,16,0.32,spawn,0.00989,0.005,0.00853,0.01019,0.012,8.25,80.94,0.3164,0.0151,-0.228,1.73,0.0,0.0,0,0.0,-0.0
2,17,0.34,spawn,0.0118,0.00419,0.01103,0.01201,0.012,7.49,82.43,0.3159,0.0158,-0.235,1.73,0.0,0.0,0,0.0,-0.0
2,18,0.36,spawn,0.015,0.00696,0.01329,0.01483,0.012,6.43,81.23,0.3157,0.0165,-0.259,1.73,0.0,0.0,0,0.0,-0.0
2,19,0.38,spawn,0.01687,0.00663,0.01551,0.01623,0.012,5.29,78.12,0.3155,0.0172,-0.233,1.73,0.0,0.0,0,0.0,-0.0
2,20,0.4,spawn,0.01778,0.00588,0.01678,0.01679,0.012,4.13,74.22,0.3153,0.0179,-0.176,1.73,0.0,0.0,0,0.0,-0.0
2,21,0.42,spawn,0.01734,0.00542,0.01647,0.0167,0.012,3.73,75.57,0.3151,0.0185,-0.109,1.649,0.0,0.0,0,0.0,-0.0
2,22,0.44,spawn,0.01811,0.01072,0.01459,0.0176,0.012,3.23,80.91,0.3149,0.019,-0.073,1.73,0.0,0.0,0,0.0,-0.0
2,23,0.46,spawn,0.01742,0.0098,0.01441,0.01715,0.012,2.88,86.04,0.3147,0.0196,0.006,1.73,0.0,0.0,0,0.0,-0.0
2,24,0.48,spawn,0.01697,0.00867,0.01459,0.01696,0.012,2.54,85.95,0.3145,0.0203,0.085,1.73,0.0,0.0,0,0.0,-0.0
2,25,0.5,spawn,0.01625,0.00772,0.0143,0.01654,0.012,2.18,81.67,0.3143,0.021,0.16,1.73,0.0,0.0,0,0.0,-0.0
2,26,0.52,spawn,0.01527,0.00822,0.01287,0.01595,0.012,1.45,80.42,0.3142,0.0215,0.227,1.73,0.0,0.0,0,0.0,-0.0
2,27,0.54,spawn,0.01492,0.01065,0.01045,0.01621,0.012,0.39,80.06,0.314,0.022,0.275,1.73,0.0,0.0,0,0.0,-0.0
2,28,0.56,spawn,0.01567,0.01295,0.00883,0.0177,0.012,-0.4,79.58,0.3139,0.0225,0.355,1.73,0.0,0.0,0,0.0,-0.0
2,29,0.58,spawn,0.01946,0.01784,0.00776,0.02219,0.012,-1.49,78.86,0.3139,0.0229,0.435,1.73,0.0,0.0,0,0.0,-0.0
2,30,0.6,spawn,0.02378,0.02296,0.00622,0.0271,0.012,-2.34,77.67,0.3138,0.0232,0.515,1.73,0.0,0.0,0,0.0,-0.0
2,31,0.62,spawn,0.02775,0.02752,0.00357,0.03157,0.012,-3.0,76.3,0.3138,0.0235,0.588,1.73,0.0,0.0,0,0.0,-0.0
2,32,0.64,spawn,0.03219,0.03219,0.00062,0.03645,0.012,-3.72,73.2,0.3137,0.0237,0.653,1.73,0.0,0.0,0,0.0,-0.0
2,33,0.66,spawn,0.0377,0.03766,-0.00173,0.04231,0.012,-4.17,69.72,0.3135,0.0238,0.724,1.73,0.0,0.0,0,0.0,-0.0
2,34,0.68,spawn,0.04342,0.04323,-0.00398,0.04832,0.012,-4.18,67.03,0.3133,0.0239,0.803,1.73,0.0,0.0,0,0.0,-0.0
2,35,0.7,spawn,0.04845,0.04796,-0.00687,0.05361,0.012,-4.04,65.43,0.3131,0.024,0.883,1.73,0.0,0.0,0,0.0,-0.0
2,36,0.72,spawn,0.05298,0.0521,-0.00964,0.05842,0.012,-3.97,63.79,0.3128,0.024,0.96,1.73,0.0,0.0,0,0.0,-0.0
2,37,0.74,spawn,0.05724,0.05601,-0.01179,0.06311,0.012,-4.14,61.01,0.3125,0.024,1.037,1.048,0.0,0.0,0,0.0,-0.0
2,38,0.76,spawn,0.06153,0.05988,-0.01417,0.06785,0.012,-3.8,55.32,0.3122,0.024,1.125,1.73,0.0,0.0,0,0.0,-0.0
2,39,0.78,spawn,0.06506,0.0631,-0.01586,0.07188,0.012,-3.44,49.75,0.3118,0.024,1.212,1.73,0.0,0.0,0,0.0,-0.0
2,40,0.8,spawn,0.06836,0.06621,-0.01702,0.0757,0.012,-3.04,44.48,0.3114,0.0239,1.297,1.73,0.0,0.0,0,0.0,-0.0
2,41,0.82,spawn,0.07068,0.06835,-0.01796,0.07853,0.012,-2.73,40.45,0.311,0.0239,1.369,1.73,0.0,0.0,0,0.0,-0.0
2,42,0.84,spawn,0.073,0.0706,-0.01857,0.08123,0.012,-2.36,39.22,0.3106,0.0239,1.44,1.73,0.0,0.0,0,0.0,-0.0
2,43,0.86,spawn,0.07458,0.07218,-0.01874,0.08317,0.012,-2.0,38.63,0.3101,0.0238,1.506,1.73,0.0,0.0,0,0.0,-0.0
2,44,0.88,spawn,0.07494,0.07263,-0.01845,0.0839,0.012,-1.74,38.52,0.3097,0.0238,1.564,1.73,0.0,0.0,0,0.0,-0.0
2,45,0.9,spawn,0.07475,0.07264,-0.01762,0.08384,0.012,-1.5,40.66,0.3093,0.0237,1.624,0.984,0.0,0.0,0,0.0,-0.0
2,46,0.92,spawn,0.07339,0.07146,-0.0167,0.08291,0.012,-1.42,40.32,0.309,0.0237,1.681,1.191,0.0,0.0,0,0.0,-0.0
2,47,0.94,spawn,0.07258,0.07105,-0.01481,0.08199,0.012,-1.19,42.5,0.3086,0.0236,1.751,0.641,0.0,0.0,0,0.0,-0.0
2,48,0.96,spawn,0.07065,0.06952,-0.01257,0.0804,0.012,-1.14,42.8,0.3084,0.0236,1.806,0.955,0.0,0.0,0,0.0,-0.0
2,49,0.98,stand,0.06856,0.06779,-0.01024,0.07818,0.012,-1.15,45.1,0.3081,0.0236,1.861,0.703,0.0,0.0,0,0.0,-0.0
2,50,1.0,stand,0.06681,0.06643,-0.00715,0.07646,0.012,-1.25,47.18,0.308,0.0235,1.916,0.899,0.0,0.0,0,0.0,-0.0
2,51,1.02,stand,0.06501,0.06487,-0.0042,0.07484,0.012,-1.26,48.58,0.3078,0.0234,1.972,0.896,0.0,0.0,0,0.0,-0.0
2,52,1.04,stand,0.06304,0.06303,-0.00106,0.07287,0.012,-1.12,49.59,0.3077,0.0232,2.025,1.73,0.0,0.0,0,0.0,-0.0
2,53,1.06,stand,0.06101,0.06097,0.00204,0.07014,0.012,-1.01,53.56,0.3077,0.0231,2.073,1.729,0.0,0.0,0,0.0,-0.0
2,54,1.08,stand,0.05853,0.05835,0.00448,0.0677,0.012,-1.47,54.73,0.3078,0.0229,2.119,1.73,0.0,0.0,0,0.0,-0.0
2,55,1.1,stand,0.05623,0.05589,0.00617,0.0655,0.012,-2.01,55.37,0.3079,0.0227,2.155,1.73,0.0,0.0,0,0.0,-0.0
2,56,1.12,stand,0.05393,0.05338,0.00769,0.06321,0.012,-2.3,56.38,0.3081,0.0225,2.181,1.73,0.0,0.0,0,0.0,-0.0
2,57,1.14,stand,0.05145,0.05066,0.00895,0.06072,0.012,-2.42,57.1,0.3084,0.0224,2.207,1.73,0.0,0.0,0,0.0,-0.0
2,58,1.16,stand,0.04863,0.04764,0.00976,0.05791,0.012,-2.55,57.91,0.3086,0.0223,2.232,1.73,0.0,0.0,0,0.0,-0.0
2,59,1.18,stand,0.04543,0.04428,0.01018,0.05467,0.012,-2.6,59.26,0.3089,0.0222,2.253,1.73,0.0,0.0,0,0.0,-0.0
2,60,1.2,stand,0.0419,0.04056,0.01052,0.05103,0.012,-2.68,62.0,0.3092,0.0221,2.263,1.047,0.0,0.0,0,0.0,-0.0
2,61,1.22,stand,0.03849,0.03695,0.0108,0.0478,0.012,-2.61,63.85,0.3096,0.0221,2.28,0.987,0.0,0.0,0,0.0,-0.0
2,62,1.24,stand,0.03502,0.03315,0.01128,0.04413,0.012,-2.18,66.6,0.3099,0.0221,2.305,1.048,0.0,0.0,0,0.0,-0.0
2,63,1.26,stand,0.03108,0.02884,0.01159,0.03955,0.012,-1.96,71.03,0.3102,0.0221,2.321,1.72,0.0,0.0,0,0.0,-0.0
2,64,1.28,stand,0.02705,0.02436,0.01177,0.03496,0.012,-1.67,75.07,0.3104,0.0222,2.329,1.723,0.0,0.0,0,0.0,-0.0
2,65,1.3,stand,0.02396,0.02046,0.01248,0.03127,0.012,-1.61,79.46,0.3107,0.0224,2.323,1.719,0.0,0.0,0,0.0,-0.0
2,66,1.32,stand,0.02195,0.0175,0.01325,0.02851,0.012,-1.33,83.1,0.311,0.0225,2.328,1.723,0.0,0.0,0,0.0,-0.0
2,67,1.34,stand,0.0181,0.01271,0.01289,0.02453,0.012,-1.03,85.4,0.3113,0.0227,2.291,1.04,0.0,0.0,0,0.0,-0.0
2,68,1.36,stand,0.01637,0.00971,0.01319,0.02155,0.012,-0.5,87.98,0.3115,0.0229,2.273,0.646,0.0,0.0,0,0.0,-0.0
2,69,1.38,stand,0.01503,0.00579,0.01387,0.01923,0.012,-0.44,87.83,0.3118,0.0231,2.208,1.687,0.0,0.0,0,0.0,-0.0
2,70,1.4,stand,0.01647,0.00711,0.01485,0.01885,0.012,-0.05,85.54,0.3121,0.0233,2.193,0.946,0.0,0.0,0,0.0,-0.0
2,71,1.42,stand,0.0148,0.00334,0.01442,0.01635,0.012,0.06,84.22,0.3123,0.0235,2.109,1.726,0.0,0.0,0,0.0,-0.0
2,72,1.44,stand,0.0142,0.00656,0.0126,0.01631,0.012,-0.28,82.9,0.3126,0.0236,2.093,0.717,0.0,0.0,0,0.0,-0.0
2,73,1.46,stand,0.01178,0.00552,0.0104,0.01691,0.012,-1.16,82.04,0.313,0.0238,2.018,1.046,0.0,0.0,0,0.0,-0.0
2,74,1.48,stand,0.01352,0.00807,0.01085,0.01604,0.012,-0.87,79.82,0.3132,0.024,1.992,0.939,0.0,0.0,0,0.0,-0.0
2,75,1.5,stand,0.015,0.0113,0.00986,0.01503,0.012,-0.71,79.41,0.3134,0.0242,1.975,1.73,0.0,0.0,0,0.0,-0.0
2,76,1.52,stand,0.01177,0.00799,0.00865,0.01189,0.012,-1.32,76.89,0.3136,0.0243,1.918,1.729,0.0,0.0,0,0.0,-0.0
2,77,1.54,stand,0.01297,0.01002,0.00823,0.01299,0.012,-1.51,77.78,0.3138,0.0245,1.917,1.73,0.0,0.0,0,0.0,-0.0
2,78,1.56,stand,0.01051,0.00695,0.00789,0.01221,0.012,-2.02,77.13,0.314,0.0247,1.868,1.605,0.0,0.0,0,0.0,-0.0
2,79,1.58,stand,0.00902,0.00438,0.00788,0.01187,0.012,-2.29,73.04,0.3141,0.0249,1.807,1.729,0.0,0.0,0,0.0,-0.0
2,80,1.6,stand,0.01187,0.00876,0.00801,0.01198,0.012,-2.0,71.59,0.3142,0.0251,1.819,1.21,0.0,0.0,0,0.0,-0.0
2,81,1.62,stand,0.00996,0.0068,0.00728,0.01013,0.012,-2.06,70.84,0.3142,0.0253,1.773,1.73,0.0,0.0,0,0.0,-0.0
2,82,1.64,stand,0.00894,0.00547,0.00708,0.00956,0.012,-1.9,70.01,0.3143,0.0255,1.714,1.73,0.0,0.0,0,0.0,-0.0
2,83,1.66,stand,0.01196,0.00878,0.00812,0.01049,0.012,-1.69,69.86,0.3143,0.0257,1.728,1.73,0.0,0.0,0,0.0,-0.0
2,84,1.68,stand,0.01067,0.00743,0.00766,0.01025,0.012,-1.88,69.64,0.3143,0.0258,1.676,1.73,0.0,0.0,0,0.0,-0.0
2,85,1.7,stand,0.01408,0.01206,0.00727,0.01096,0.012,-1.56,69.48,0.3143,0.0259,1.667,1.73,0.0,0.0,0,0.0,-0.0
2,86,1.72,stand,0.01155,0.00991,0.00594,0.0101,0.012,-1.89,69.22,0.3144,0.0259,1.614,1.73,0.0,0.0,0,0.0,-0.0
2,87,1.74,stand,0.01339,0.01143,0.00698,0.01012,0.012,-1.69,65.13,0.3144,0.026,1.571,1.478,0.0,0.0,0,0.0,-0.0
2,88,1.76,stand,0.01216,0.00866,0.00853,0.00994,0.012,-1.52,63.18,0.3144,0.0262,1.495,1.665,0.0,0.0,0,0.0,-0.0
2,89,1.78,stand,0.01132,0.00687,0.009,0.01154,0.012,-1.94,61.01,0.3146,0.0262,1.455,1.73,0.0,0.0,0,0.0,-0.0
2,90,1.8,stand,0.0127,0.0099,0.00795,0.01262,0.012,-2.08,61.3,0.3147,0.0262,1.447,1.73,0.0,0.0,0,0.0,-0.0
2,91,1.82,stand,0.01636,0.01403,0.00842,0.01282,0.012,-1.82,58.65,0.3147,0.0262,1.438,1.464,0.0,0.0,0,0.0,-0.0
2,92,1.84,stand,0.01428,0.01118,0.00888,0.01057,0.012,-1.87,57.89,0.3148,0.0263,1.382,1.73,0.0,0.0,0,0.0,-0.0
2,93,1.86,stand,0.01272,0.00835,0.0096,0.01072,0.012,-1.96,57.95,0.3149,0.0263,1.33,1.73,0.0,0.0,0,0.0,-0.0
2,94,1.88,stand,0.01247,0.00498,0.01143,0.01376,0.012,-2.31,57.7,0.3151,0.0265,1.283,1.73,0.0,0.0,0,0.0,-0.0
2,95,1.9,stand,0.01346,0.00417,0.0128,0.01566,0.012,-2.54,57.19,0.3153,0.0267,1.254,1.73,0.0,0.0,0,0.0,-0.0
2,96,1.92,stand,0.01331,0.00327,0.0129,0.01628,0.012,-2.46,56.43,0.3155,0.0268,1.197,1.73,0.0,0.0,0,0.0,-0.0
2,97,1.94,stand,0.01327,0.00376,0.01273,0.01702,0.012,-2.49,56.08,0.3156,0.027,1.157,1.73,0.0,0.0,0,0.0,-0.0
2,98,1.96,stand,0.01375,0.00439,0.01304,0.01965,0.012,-2.93,54.77,0.3157,0.0272,1.114,1.73,0.0,0.0,0,0.0,-0.0
2,99,1.98,stand,0.01352,0.00318,0.01314,0.01764,0.012,-2.61,54.87,0.3158,0.0273,1.117,1.73,0.0,0.0,0,0.0,-0.0
2,100,2.0,stand,0.01312,0.006,0.01167,0.01524,0.012,-2.16,55.3,0.3157,0.0274,1.101,1.73,0.0,0.0,0,0.0,-0.0
2,101,2.02,stand,0.01277,0.00782,0.01009,0.01251,0.012,-1.77,56.37,0.3157,0.0276,1.091,1.73,0.0,0.0,0,0.0,-0.0
2,102,2.04,stand,0.01358,0.00896,0.01021,0.0111,0.012,-1.68,56.78,0.3156,0.0277,1.09,1.73,0.0,0.0,0,0.0,-0.0
2,103,2.06,stand,0.01746,0.01281,0.01186,0.0132,0.012,-1.57,56.87,0.3156,0.028,1.087,1.73,0.0,0.0,0,0.0,-0.0
2,104,2.08,stand,0.01934,0.01467,0.01261,0.01405,0.012,-1.3,56.77,0.3156,0.0282,1.046,1.73,0.0,0.0,0,0.0,-0.0
2,105,2.1,stand,0.01888,0.01489,0.0116,0.01341,0.012,-1.35,57.11,0.3156,0.0282,1.009,1.73,0.0,0.0,0,0.0,-0.0
2,106,2.12,stand,0.02529,0.02189,0.01267,0.01887,0.012,-1.06,57.11,0.3156,0.0284,1.025,1.73,0.0,0.0,0,0.0,-0.0
2,107,2.14,stand,0.02481,0.02034,0.0142,0.01955,0.012,-1.55,57.63,0.3156,0.0285,0.98,1.686,0.0,0.0,0,0.0,-0.0
2,108,2.16,stand,0.02484,0.01992,0.01484,0.01985,0.012,-1.79,57.5,0.3156,0.0286,0.942,1.73,0.0,0.0,0,0.0,-0.0
2,109,2.18,stand,0.02155,0.01533,0.01515,0.01798,0.012,-2.38,56.68,0.3157,0.0287,0.887,1.73,0.0,0.0,0,0.0,-0.0
2,110,2.2,stand,0.01922,0.0111,0.01569,0.0178,0.012,-2.69,56.58,0.3158,0.0288,0.824,1.73,0.0,0.0,0,0.0,-0.0
2,111,2.22,stand,0.01994,0.01083,0.01674,0.01983,0.012,-3.01,56.07,0.3159,0.0289,0.798,1.73,0.0,0.0,0,0.0,-0.0
2,112,2.24,stand,0.01938,0.00889,0.01722,0.02105,0.012,-3.34,55.63,0.316,0.0291,0.753,1.73,0.0,0.0,0,0.0,-0.0
2,113,2.26,stand,0.01846,0.00592,0.01748,0.02168,0.012,-3.48,53.52,0.3161,0.0293,0.703,1.73,0.0,0.0,0,0.0,-0.0
2,114,2.28,stand,0.01705,0.00145,0.01698,0.02189,0.012,-3.32,54.29,0.3162,0.0294,0.645,1.73,0.0,0.0,0,0.0,-0.0
2,115,2.3,stand,0.01663,0.00189,0.01652,0.01999,0.012,-2.7,54.74,0.3163,0.0295,0.639,1.73,0.0,0.0,0,0.0,-0.0
2,116,2.32,stand,0.01725,0.00261,0.01706,0.02014,0.012,-2.61,54.77,0.3164,0.0297,0.622,1.73,0.0,0.0,0,0.0,-0.0
2,117,2.34,stand,0.01798,0.00241,0.01782,0.02114,0.012,-2.86,54.58,0.3166,0.03,0.598,1.73,0.0,0.0,0,0.0,-0.0
2,118,2.36,stand,0.01783,0.00049,0.01783,0.02178,0.012,-3.1,54.2,0.3167,0.0302,0.561,1.73,0.0,0.0,0,0.0,-0.0
2,119,2.38,stand,0.01747,0.00365,0.01708,0.02274,0.012,-3.23,53.8,0.3169,0.0303,0.513,1.73,0.0,0.0,0,0.0,-0.0
2,120,2.4,stand,0.0171,0.00358,0.01672,0.0227,0.012,-3.3,53.89,0.317,0.0305,0.512,1.73,0.0,0.0,0,0.0,-0.0
2,121,2.42,stand,0.01729,0.00497,0.01656,0.02363,0.012,-3.46,53.89,0.317,0.0307,0.49,1.73,0.0,0.0,0,0.0,-0.0
2,122,2.44,stand,0.01744,0.00601,0.01637,0.02438,0.012,-3.6,53.96,0.317,0.0309,0.47,1.73,0.0,0.0,0,0.0,-0.0
2,123,2.46,stand,0.01729,0.00716,0.01574,0.02466,0.012,-3.65,54.21,0.317,0.0311,0.448,1.73,0.0,0.0,0,0.0,-0.0
2,124,2.48,approach,0.01738,0.00873,0.01503,0.02522,0.012,-3.69,54.51,0.3169,0.0313,0.425,1.73,0.0,0.0,0,0.0,-0.0
2,125,2.5,approach,0.017,0.00756,0.01523,0.02449,0.012,-3.77,54.82,0.3169,0.0315,0.424,1.73,0.0,0.0,0,0.0,-0.0
2,126,2.52,approach,0.017,0.0075,0.01525,0.02436,0.012,-3.89,55.12,0.3168,0.0317,0.405,1.73,0.0,0.0,0,0.0,-0.0
2,127,2.54,approach,0.01652,0.0072,0.01487,0.02368,0.012,-3.92,55.44,0.3167,0.0319,0.387,1.73,0.0,0.0,0,0.0,-0.0
2,128,2.56,approach,0.01633,0.00785,0.01432,0.02344,0.012,-3.94,55.74,0.3165,0.032,0.363,1.73,0.0,0.0,0,0.0,-0.0
2,129,2.58,approach,0.01641,0.00827,0.01418,0.02364,0.012,-4.09,56.06,0.3164,0.0322,0.345,1.73,0.0,0.0,0,0.0,-0.0
2,130,2.6,approach,0.01611,0.00715,0.01443,0.02313,0.012,-4.22,56.5,0.3163,0.0324,0.341,1.73,0.0,0.0,0,0.0,-0.0
2,131,2.62,approach,0.01657,0.00842,0.01427,0.02374,0.012,-4.31,56.84,0.3161,0.0326,0.307,1.73,0.0,0.0,0,0.0,-0.0
2,132,2.64,approach,0.01759,0.01054,0.01408,0.02444,0.012,-4.09,57.25,0.3158,0.0328,0.262,1.73,0.0,0.0,0,0.0,-0.0
2,133,2.66,approach,0.0166,0.00836,0.01435,0.02319,0.012,-4.07,57.82,0.3157,0.033,0.259,1.73,0.0,0.0,0,0.0,-0.0
2,134,2.68,approach,0.01619,0.00555,0.0152,0.02244,0.012,-4.27,58.17,0.3155,0.0333,0.262,1.73,0.0,0.0,0,0.0,-0.0
2,135,2.7,approach,0.01644,0.00521,0.01559,0.02229,0.012,-4.27,58.19,0.3153,0.0335,0.236,1.73,0.0,0.0,0,0.0,-0.0
2,136,2.72,approach,0.01664,0.00633,0.01539,0.02244,0.012,-4.29,58.09,0.315,0.0337,0.209,1.73,0.0,0.0,0,0.0,-0.0
2,137,2.74,approach,0.01711,0.00765,0.01531,0.02352,0.012,-4.54,58.04,0.3148,0.0339,0.191,1.73,0.0,0.0,0,0.0,-0.0
2,138,2.76,approach,0.01753,0.00685,0.01613,0.0241,0.012,-4.84,58.08,0.3147,0.0341,0.193,1.73,0.0,0.0,0,0.0,-0.0
2,139,2.78,approach,0.01755,0.00688,0.01614,0.02422,0.012,-5.01,58.16,0.3145,0.0343,0.178,1.73,0.0,0.0,0,0.0,-0.0
2,140,2.8,approach,0.01704,0.00707,0.0155,0.02364,0.012,-5.03,58.12,0.3142,0.0345,0.161,1.73,0.0,0.0,0,0.0,-0.0
2,141,2.82,approach,0.01715,0.00835,0.01498,0.0242,0.012,-5.22,57.98,0.314,0.0346,0.141,1.73,0.0,0.0,0,0.0,-0.0
2,142,2.84,approach,0.01705,0.0075,0.01531,0.02424,0.012,-5.49,57.94,0.3139,0.0349,0.144,1.73,0.0,0.0,0,0.0,-0.0
2,143,2.86,approach,0.01685,0.00645,0.01557,0.02376,0.012,-5.59,57.93,0.3137,0.0351,0.139,1.73,0.0,0.0,0,0.0,-0.0
2,144,2.88,approach,0.01687,0.00776,0.01498,0.02383,0.012,-5.6,57.82,0.3135,0.0352,0.109,1.73,0.0,0.0,0,0.0,-0.0
2,145,2.9,approach,0.01693,0.0082,0.01482,0.02371,0.012,-5.55,57.78,0.3133,0.0354,0.09,1.73,0.0,0.0,0,0.0,-0.0
2,146,2.92,approach,0.01638,0.00674,0.01493,0.02332,0.012,-5.83,57.85,0.3132,0.0356,0.098,1.73,0.0,0.0,0,0.0,-0.0
2,147,2.94,approach,0.01657,0.00722,0.01491,0.02379,0.012,-6.05,57.76,0.313,0.0358,0.079,1.73,0.0,0.0,0,0.0,-0.0
2,148,2.96,approach,0.01614,0.00669,0.01469,0.02328,0.012,-6.14,57.62,0.3129,0.0359,0.069,1.73,0.0,0.0,0,0.0,-0.0
2,149,2.98,approach,0.01597,0.00753,0.01408,0.02349,0.012,-6.32,57.41,0.3128,0.0361,0.051,1.73,0.0,0.0,0,0.0,-0.0
2,150,3.0,approach,0.0154,0.00663,0.0139,0.02291,0.012,-6.49,57.28,0.3126,0.0362,0.051,1.73,0.0,0.0,0,0.0,-0.0
2,151,3.02,approach,0.01533,0.0073,0.01349,0.02324,0.012,-6.71,57.08,0.3125,0.0363,0.035,1.73,0.0,0.0,0,0.0,-0.0
2,152,3.04,approach,0.01477,0.00624,0.01338,0.02249,0.012,-6.83,56.91,0.3124,0.0364,0.034,1.73,0.0,0.0,0,0.0,-0.0
2,153,3.06,approach,0.01456,0.00658,0.01299,0.02244,0.012,-6.94,56.66,0.3123,0.0366,0.017,1.73,0.0,0.0,0,0.0,-0.0
2,154,3.08,approach,0.01386,0.0056,0.01269,0.02165,0.012,-7.08,56.44,0.3122,0.0367,0.018,1.73,0.0,0.0,0,0.0,-0.0
2,155,3.1,approach,0.01401,0.00679,0.01226,0.02225,0.012,-7.27,56.09,0.3121,0.0367,-0.003,1.73,0.0,0.0,0,0.0,-0.0
2,156,3.12,approach,0.01366,0.00641,0.01206,0.02169,0.012,-7.29,55.99,0.312,0.0368,-0.015,1.73,0.0,0.0,0,0.0,-0.0
2,157,3.14,approach,0.01299,0.00477,0.01208,0.02062,0.012,-7.41,55.85,0.312,0.0369,-0.006,1.73,0.0,0.0,0,0.0,-0.0
2,158,3.16,approach,0.01308,0.0062,0.01151,0.02126,0.012,-7.62,55.46,0.3119,0.037,-0.033,1.73,0.0,0.0,0,0.0,-0.0
2,159,3.18,approach,0.01251,0.00548,0.01125,0.02026,0.012,-7.71,55.31,0.3118,0.037,-0.038,1.73,0.0,0.0,0,0.0,-0.0
2,160,3.2,approach,0.01203,0.00246,0.01178,0.01641,0.012,-7.03,55.76,0.3116,0.037,-0.025,1.73,0.0,0.0,0,0.0,-0.0
2,161,3.22,approach,0.01231,0.00412,0.0116,0.01634,0.012,-7.07,55.38,0.3115,0.0371,-0.048,1.73,0.0,0.0,0,0.0,-0.0
2,162,3.24,approach,0.0127,0.00154,0.01261,0.01701,0.012,-7.51,54.94,0.3115,0.0372,-0.047,1.73,0.0,0.0,0,0.0,-0.0
2,163,3.26,approach,0.01295,0.00141,0.01287,0.01802,0.012,-7.89,54.56,0.3116,0.0372,-0.063,1.73,0.0,0.0,0,0.0,-0.0
2,164,3.28,approach,0.01242,0.00095,0.01238,0.01749,0.012,-8.12,54.2,0.3115,0.0372,-0.071,1.73,0.0,0.0,0,0.0,-0.0
2,165,3.3,approach,0.01189,0.00185,0.01174,0.01754,0.012,-8.57,53.72,0.3115,0.0372,-0.072,1.73,0.0,0.0,0,0.0,-0.0
2,166,3.32,approach,0.0122,0.00374,0.01162,0.01601,0.012,-8.13,53.91,0.3114,0.0371,-0.087,1.73,0.0,0.0,0,0.0,-0.0
2,167,3.34,approach,0.01427,0.00731,0.01226,0.01414,0.012,-7.49,54.08,0.3113,0.0371,-0.081,1.73,0.0,0.0,0,0.0,-0.0
2,168,3.36,approach,0.01509,0.0067,0.01352,0.0154,0.012,-7.74,53.7,0.3113,0.0371,-0.091,1.73,0.0,0.0,0,0.0,-0.0
2,169,3.38,approach,0.01536,0.00371,0.0149,0.01689,0.012,-8.29,52.97,0.3114,0.0372,-0.1,1.73,0.0,0.0,0,0.0,-0.0
2,170,3.4,approach,0.01553,0.00307,0.01522,0.01744,0.012,-8.59,52.68,0.3115,0.0371,-0.115,1.73,0.0,0.0,0,0.0,-0.0
2,171,3.42,approach,0.01473,0.00317,0.01438,0.01703,0.012,-8.96,52.29,0.3116,0.0371,-0.121,1.73,0.0,0.0,0,0.0,-0.0
2,172,3.44,approach,0.01555,0.00632,0.01421,0.01529,0.012,-8.6,52.63,0.3116,0.037,-0.112,1.73,0.0,0.0,0,0.0,-0.0
2,173,3.46,approach,0.01551,0.0067,0.01399,0.01547,0.012,-8.88,52.35,0.3116,0.0369,-0.114,1.73,0.0,0.0,0,0.0,-0.0
2,174,3.48,approach,0.01613,0.00659,0.01472,0.01772,0.012,-9.22,52.0,0.3117,0.0369,-0.14,1.73,0.0,0.0,0,0.0,-0.0
2,175,3.5,approach,0.01664,0.00536,0.01575,0.01766,0.012,-9.42,52.0,0.3117,0.0368,-0.13,1.73,0.0,0.0,0,0.0,-0.0
2,176,3.52,approach,0.01696,0.00658,0.01563,0.01767,0.012,-9.44,51.99,0.3118,0.0368,-0.148,1.73,0.0,0.0,0,0.0,-0.0
2,177,3.54,approach,0.01682,0.00784,0.01488,0.01852,0.012,-9.62,51.77,0.3118,0.0366,-0.175,1.73,0.0,0.0,0,0.0,-0.0
2,178,3.56,approach,0.01597,0.00562,0.01495,0.01834,0.012,-10.07,51.69,0.3119,0.0365,-0.168,1.73,0.0,0.0,0,0.0,-0.0
2,179,3.58,approach,0.01583,0.00524,0.01494,0.01899,0.012,-10.39,51.6,0.312,0.0365,-0.182,1.73,0.0,0.0,0,0.0,-0.0
2,180,3.6,approach,0.01539,0.00502,0.01455,0.01847,0.012,-10.54,51.52,0.312,0.0363,-0.185,1.73,0.0,0.0,0,0.0,-0.0
2,181,3.62,approach,0.01541,0.00723,0.0136,0.01963,0.012,-10.79,51.25,0.312,0.0362,-0.209,1.73,0.0,0.0,0,0.0,-0.0
2,182,3.64,approach,0.01513,0.0069,0.01346,0.01933,0.012,-10.94,51.29,0.3121,0.0361,-0.213,1.73,0.0,0.0,0,0.0,-0.0
2,183,3.66,approach,0.01584,0.007,0.01421,0.0171,0.012,-10.47,52.0,0.312,0.036,-0.203,1.73,0.0,0.0,0,0.0,-0.0
2,184,3.68,approach,0.01632,0.00841,0.01399,0.01716,0.012,-10.45,51.93,0.312,0.0359,-0.221,1.73,0.0,0.0,0,0.0,-0.0
2,185,3.7,approach,0.0159,0.00728,0.01414,0.01839,0.012,-10.94,51.59,0.3121,0.0358,-0.24,1.73,0.0,0.0,0,0.0,-0.0
2,186,3.72,approach,0.01534,0.00353,0.01493,0.01841,0.012,-11.53,51.31,0.3122,0.0358,-0.225,1.73,0.0,0.0,0,0.0,-0.0
2,187,3.74,approach,0.01538,0.00435,0.01475,0.01851,0.012,-11.64,51.09,0.3122,0.0357,-0.244,1.73,0.0,0.0,0,0.0,-0.0
2,188,3.76,approach,0.01465,0.00571,0.01349,0.01825,0.012,-11.81,50.8,0.3123,0.0356,-0.262,1.73,0.0,0.0,0,0.0,-0.0
2,189,3.78,approach,0.0138,0.00583,0.01251,0.01859,0.012,-12.34,50.41,0.3123,0.0355,-0.262,1.73,0.0,0.0,0,0.0,-0.0
2,190,3.8,approach,0.0144,0.00556,0.01328,0.01671,0.012,-11.92,51.07,0.3123,0.0354,-0.253,1.73,0.0,0.0,0,0.0,-0.0
2,191,3.82,approach,0.01534,0.00723,0.01353,0.0165,0.012,-11.79,51.03,0.3122,0.0354,-0.259,1.73,0.0,0.0,0,0.0,-0.0
2,192,3.84,approach,0.01612,0.00793,0.01404,0.01804,0.012,-11.99,50.79,0.3122,0.0353,-0.28,1.73,0.0,0.0,0,0.0,-0.0
2,193,3.86,approach,0.01603,0.00624,0.01477,0.01839,0.012,-12.38,50.55,0.3123,0.0353,-0.28,1.73,0.0,0.0,0,0.0,-0.0
2,194,3.88,approach,0.01617,0.00688,0.01463,0.01865,0.012,-12.5,50.46,0.3123,0.0353,-0.295,1.73,0.0,0.0,0,0.0,-0.0
2,195,3.9,approach,0.01586,0.00847,0.01341,0.01925,0.012,-12.71,50.34,0.3123,0.0352,-0.317,1.73,0.0,0.0,0,0.0,-0.0
2,196,3.92,approach,0.01437,0.00673,0.0127,0.01797,0.012,-13.01,50.51,0.3123,0.0351,-0.308,1.73,0.0,0.0,0,0.0,-0.0
2,197,3.94,approach,0.01407,0.00687,0.01229,0.01833,0.012,-13.26,50.46,0.3123,0.035,-0.322,1.73,0.0,0.0,0,0.0,-0.0
2,198,3.96,approach,0.01372,0.00616,0.01227,0.01803,0.012,-13.47,50.35,0.3123,0.035,-0.324,1.73,0.0,0.0,0,0.0,-0.0
2,199,3.98,approach,0.01426,0.00752,0.01212,0.01857,0.012,-13.53,50.22,0.3122,0.0349,-0.341,1.73,0.0,0.0,0,0.0,-0.0
2,200,4.0,approach,0.01436,0.00802,0.01191,0.01887,0.012,-13.67,50.1,0.3122,0.0349,-0.347,1.73,0.0,0.0,0,0.0,-0.0
2,201,4.02,approach,0.01468,0.00845,0.012,0.01952,0.012,-13.87,50.01,0.3121,0.0348,-0.354,1.73,0.0,0.0,0,0.0,-0.0
2,202,4.04,approach,0.01431,0.008,0.01187,0.01933,0.012,-14.07,50.03,0.312,0.0348,-0.354,1.73,0.0,0.0,0,0.0,-0.0
2,203,4.06,approach,0.01445,0.00914,0.0112,0.0197,0.012,-14.17,50.04,0.3119,0.0347,-0.368,1.73,0.0,0.0,0,0.0,-0.0
2,204,4.08,approach,0.01387,0.0089,0.01063,0.01945,0.012,-14.36,50.02,0.3118,0.0346,-0.368,1.73,0.0,0.0,0,0.0,-0.0
2,205,4.1,approach,0.0137,0.00888,0.01043,0.01968,0.012,-14.58,49.94,0.3117,0.0346,-0.373,1.73,0.0,0.0,0,0.0,-0.0
2,206,4.12,approach,0.01307,0.0079,0.01041,0.01896,0.012,-14.75,49.91,0.3116,0.0345,-0.37,1.73,0.0,0.0,0,0.0,-0.0
2,207,4.14,approach,0.01362,0.00912,0.01011,0.0193,0.012,-14.75,49.83,0.3115,0.0344,-0.387,1.73,0.0,0.0,0,0.0,-0.0
2,208,4.16,approach,0.0134,0.00897,0.00996,0.01921,0.012,-14.92,49.73,0.3114,0.0344,-0.388,1.73,0.0,0.0,0,0.0,-0.0
2,209,4.18,approach,0.01359,0.00924,0.00997,0.01976,0.012,-15.13,49.62,0.3113,0.0343,-0.395,1.73,0.0,0.0,0,0.0,-0.0
2,210,4.2,approach,0.01366,0.00926,0.01003,0.01979,0.012,-15.26,49.56,0.3111,0.0343,-0.401,1.73,0.0,0.0,0,0.0,-0.0
2,211,4.22,approach,0.01357,0.00951,0.00968,0.01967,0.012,-15.35,49.56,0.311,0.0342,-0.408,1.73,0.0,0.0,0,0.0,-0.0
2,212,4.24,approach,0.01342,0.00981,0.00916,0.01977,0.012,-15.49,49.53,0.3109,0.0341,-0.416,1.73,0.0,0.0,0,0.0,-0.0
2,213,4.26,approach,0.01296,0.00939,0.00893,0.01974,0.012,-15.73,49.46,0.3108,0.0341,-0.42,1.73,0.0,0.0,0,0.0,-0.0
2,214,4.28,approach,0.01284,0.00927,0.00889,0.01962,0.012,-15.86,49.4,0.3106,0.034,-0.427,1.73,0.0,0.0,0,0.0,-0.0
2,215,4.3,approach,0.01313,0.00974,0.00881,0.01962,0.012,-15.89,49.31,0.3105,0.0339,-0.438,1.73,0.0,0.0,0,0.0,-0.0
2,216,4.32,approach,0.01328,0.00999,0.00875,0.01983,0.012,-16.02,49.16,0.3103,0.0339,-0.447,1.73,0.0,0.0,0,0.0,-0.0
2,217,4.34,approach,0.01308,0.00967,0.0088,0.01994,0.012,-16.24,49.01,0.3102,0.0338,-0.453,1.73,0.0,0.0,0,0.0,-0.0
2,218,4.36,approach,0.013,0.00966,0.0087,0.01994,0.012,-16.37,48.91,0.3101,0.0337,-0.464,1.73,0.0,0.0,0,0.0,-0.0
2,219,4.38,approach,0.01242,0.00922,0.00832,0.01954,0.012,-16.53,48.82,0.3099,0.0337,-0.471,1.73,0.0,0.0,0,0.0,-0.0
2,220,4.4,approach,0.01174,0.00867,0.00792,0.01923,0.012,-16.74,48.67,0.3098,0.0336,-0.478,1.73,0.0,0.0,0,0.0,-0.0
2,221,4.42,approach,0.01121,0.00811,0.00774,0.01883,0.012,-16.91,48.48,0.3097,0.0335,-0.484,1.73,0.0,0.0,0,0.0,-0.0
2,222,4.44,approach,0.01113,0.00812,0.00762,0.01864,0.012,-17.01,48.27,0.3096,0.0334,-0.495,1.73,0.0,0.0,0,0.0,-0.0
2,223,4.46,approach,0.01109,0.00811,0.00757,0.01856,0.012,-17.13,48.02,0.3094,0.0334,-0.504,1.73,0.0,0.0,0,0.0,-0.0
2,224,4.48,settle,0.01091,0.00788,0.00754,0.01847,0.012,-17.3,47.81,0.3093,0.0333,-0.513,1.73,0.0,0.0,0,0.0,-0.0
2,225,4.5,settle,0.01138,0.00998,0.00546,0.02131,0.012,-17.51,52.07,0.3092,0.0332,-0.542,1.73,0.0,0.0,0,0.0,-0.0
2,226,4.52,settle,0.00671,0.005,0.00448,0.01786,0.012,-16.93,57.18,0.3091,0.033,-0.523,1.73,0.0,0.0,0,0.0,-0.0
2,227,4.54,settle,0.00499,0.00402,0.00295,0.01785,0.012,-16.57,61.64,0.3091,0.0328,-0.517,1.73,0.0,0.0,0,0.0,-0.0
2,228,4.56,settle,0.00398,0.00214,0.00336,0.01543,0.012,-15.47,66.61,0.309,0.0327,-0.504,1.73,0.0,0.0,0,0.0,-0.0
2,229,4.58,settle,0.00763,0.00684,0.00337,0.01789,0.012,-15.05,70.58,0.3091,0.0325,-0.46,1.73,0.0,0.0,0,0.0,-0.0
2,230,4.6,settle,0.00684,0.00606,0.00318,0.02003,0.012,-14.82,73.53,0.3092,0.0324,-0.461,1.73,0.0,0.0,0,0.0,-0.0
2,231,4.62,settle,0.00987,0.00798,0.0058,0.01726,0.012,-13.53,76.21,0.3093,0.0324,-0.409,1.724,0.0,0.0,0,0.0,-0.0
2,232,4.64,settle,0.00527,0.00322,0.00417,0.01657,0.012,-13.52,76.48,0.3095,0.0322,-0.418,1.73,0.0,0.0,0,0.0,-0.0
2,233,4.66,settle,0.01014,0.007,0.00734,0.01557,0.012,-12.6,77.39,0.3097,0.0322,-0.36,1.73,0.0,0.0,0,0.0,-0.0
2,234,4.68,settle,0.00951,0.00446,0.00839,0.01522,0.012,-12.6,77.39,0.31,0.0322,-0.356,1.73,0.0,0.0,0,0.0,-0.0
2,235,4.7,settle,0.0116,0.00578,0.01006,0.01541,0.012,-12.39,77.57,0.3103,0.0323,-0.319,1.73,0.0,0.0,0,0.0,-0.0
2,236,4.72,settle,0.00992,0.00259,0.00958,0.01462,0.012,-12.49,77.46,0.3106,0.0323,-0.33,1.73,0.0,0.0,0,0.0,-0.0
2,237,4.74,settle,0.01157,0.00427,0.01075,0.0158,0.012,-12.2,77.69,0.311,0.0323,-0.281,1.73,0.0,0.0,0,0.0,-0.0
2,238,4.76,settle,0.01322,0.00524,0.01214,0.01665,0.012,-12.2,77.67,0.3115,0.0324,-0.246,1.73,0.0,0.0,0,0.0,-0.0
2,239,4.78,settle,0.01153,0.00267,0.01121,0.01504,0.012,-12.26,77.62,0.3119,0.0325,-0.269,1.73,0.0,0.0,0,0.0,-0.0
2,240,4.8,settle,0.01277,0.00398,0.01214,0.01558,0.012,-11.94,77.88,0.3123,0.0326,-0.222,1.73,0.0,0.0,0,0.0,-0.0
2,241,4.82,settle,0.01332,0.00393,0.01273,0.01674,0.012,-12.13,77.67,0.3128,0.0327,-0.191,1.73,0.0,0.0,0,0.0,-0.0
2,242,4.84,settle,0.01297,0.00301,0.01262,0.01542,0.012,-12.09,77.72,0.3133,0.0328,-0.195,1.73,0.0,0.0,0,0.0,-0.0
2,243,4.86,settle,0.01221,0.00263,0.01192,0.01505,0.012,-12.22,77.58,0.3138,0.0329,-0.182,1.729,0.0,0.0,0,0.0,-0.0
2,244,4.88,settle,0.01228,0.00191,0.01213,0.01561,0.012,-12.41,77.39,0.3142,0.033,-0.157,1.73,0.0,0.0,0,0.0,-0.0
2,245,4.9,settle,0.01244,0.00217,0.01225,0.01549,0.012,-12.51,77.29,0.3147,0.0332,-0.143,1.73,0.0,0.0,0,0.0,-0.0
2,246,4.92,settle,0.01233,0.00307,0.01194,0.01508,0.012,-12.6,77.21,0.3151,0.0333,-0.134,1.73,0.0,0.0,0,0.0,-0.0
2,247,4.94,settle,0.01229,0.0028,0.01197,0.01493,0.012,-12.72,77.09,0.3156,0.0335,-0.109,1.73,0.0,0.0,0,0.0,-0.0
2,248,4.96,settle,0.01202,0.00347,0.01151,0.01482,0.012,-12.89,76.92,0.316,0.0336,-0.104,1.73,0.0,0.0,0,0.0,-0.0
2,249,4.98,settle,0.0125,0.00329,0.01206,0.0144,0.012,-12.88,76.93,0.3164,0.0338,-0.08,1.73,0.0,0.0,0,0.0,-0.0
2,250,5.0,settle,0.0125,0.00475,0.01157,0.01411,0.012,-13.02,76.82,0.3168,0.0339,-0.084,1.73,0.0,0.0,0,0.0,-0.0
2,251,5.02,settle,0.01264,0.0044,0.01184,0.01378,0.012,-13.11,76.73,0.3171,0.034,-0.063,1.73,0.0,0.0,0,0.0,-0.0
2,252,5.04,settle,0.01295,0.0058,0.01158,0.01391,0.012,-13.29,76.57,0.3175,0.0342,-0.068,1.73,0.0,0.0,0,0.0,-0.0
2,253,5.06,settle,0.01321,0.00526,0.01212,0.01331,0.012,-13.3,76.57,0.3178,0.0343,-0.045,1.73,0.0,0.0,0,0.0,-0.0
2,254,5.08,settle,0.013,0.00683,0.01106,0.01369,0.012,-13.62,76.27,0.3181,0.0345,-0.062,1.73,0.0,0.0,0,0.0,-0.0
2,255,5.1,settle,0.0131,0.00576,0.01177,0.01254,0.012,-13.49,76.39,0.3184,0.0346,-0.034,1.73,0.0,0.0,0,0.0,-0.0
2,256,5.12,settle,0.01339,0.00697,0.01143,0.01246,0.012,-13.73,76.18,0.3186,0.0347,-0.038,1.73,0.0,0.0,0,0.0,-0.0
2,257,5.14,settle,0.01378,0.00758,0.01152,0.01206,0.012,-13.93,75.99,0.3189,0.0349,-0.031,1.73,0.0,0.0,0,0.0,-0.0
2,258,5.16,settle,0.01423,0.00952,0.01058,0.01277,0.012,-14.28,75.66,0.3191,0.035,-0.05,1.73,0.0,0.0,0,0.0,-0.0
2,259,5.18,settle,0.01465,0.00905,0.01152,0.0119,0.012,-14.21,75.74,0.3192,0.0351,-0.033,1.73,0.0,0.0,0,0.0,-0.0
2,260,5.2,settle,0.01499,0.01032,0.01087,0.01292,0.012,-14.66,75.3,0.3194,0.0352,-0.05,1.73,0.0,0.0,0,0.0,-0.0
2,261,5.22,settle,0.01612,0.01094,0.01184,0.01218,0.012,-14.42,75.55,0.3195,0.0353,-0.045,1.73,0.0,0.0,0,0.0,-0.0
2,262,5.24,settle,0.01542,0.01112,0.01069,0.01302,0.012,-15.06,74.91,0.3197,0.0354,-0.056,1.73,0.0,0.0,0,0.0,-0.0
2,263,5.26,settle,0.01553,0.01021,0.0117,0.01198,0.012,-14.97,75.01,0.3197,0.0355,-0.044,1.73,0.0,0.0,0,0.0,-0.0
2,264,5.28,settle,0.01488,0.01036,0.01068,0.01243,0.012,-15.61,74.37,0.3198,0.0355,-0.06,1.73,0.0,0.0,0,0.0,-0.0
2,265,5.3,settle,0.01372,0.00831,0.01091,0.01061,0.012,-15.8,74.19,0.3198,0.0356,-0.039,1.73,0.0,0.0,0,0.0,-0.0
2,266,5.32,settle,0.01144,0.0068,0.00919,0.01094,0.012,-16.71,73.29,0.3198,0.0356,-0.047,1.73,0.0,0.0,0,0.0,-0.0
2,267,5.34,settle,0.00987,0.00375,0.00913,0.01006,0.012,-16.91,73.08,0.3198,0.0356,-0.016,1.73,0.0,0.0,0,0.0,-0.0
2,268,5.36,settle,0.00789,0.00171,0.0077,0.01148,0.012,-17.7,72.29,0.3198,0.0356,0.007,1.73,0.0,0.0,0,0.0,-0.0
2,269,5.38,settle,0.00767,0.00467,0.00608,0.0146,0.012,-18.57,71.42,0.3198,0.0357,0.039,1.73,0.0,0.0,0,0.0,-0.0
2,270,5.4,settle,0.0105,0.00944,0.0046,0.01874,0.012,-19.32,70.66,0.3198,0.0357,0.084,1.73,0.0,0.0,0,0.0,-0.0
2,271,5.42,settle,0.01479,0.01446,0.00312,0.02323,0.012,-19.92,70.05,0.3197,0.0357,0.142,1.73,0.0,0.0,0,0.0,-0.0
2,272,5.44,settle,0.01491,0.01472,0.00237,0.02393,0.012,-19.88,70.07,0.3196,0.0357,0.146,1.73,0.0,0.0,0,0.0,-0.0
2,273,5.46,settle,0.01177,0.01153,0.00236,0.02214,0.012,-19.52,70.42,0.3195,0.0357,0.114,1.73,0.0,0.0,0,0.0,-0.0
2,274,5.48,settle,0.00966,0.0088,0.004,0.01963,0.012,-18.56,71.35,0.3193,0.0358,0.107,1.73,0.0,0.0,0,0.0,-0.0
2,275,5.5,settle,0.00761,0.00488,0.00584,0.01643,0.012,-17.51,72.39,0.3191,0.0359,0.095,1.73,0.0,0.0,0,0.0,-0.0
2,276,5.52,settle,0.00776,0.00206,0.00748,0.01369,0.012,-16.55,73.36,0.3189,0.036,0.068,1.73,0.0,0.0,0,0.0,-0.0
2,277,5.54,settle,0.01076,0.00576,0.00909,0.01259,0.012,-15.67,74.25,0.3187,0.0361,0.026,1.73,0.0,0.0,0,0.0,-0.0
2,278,5.56,settle,0.01509,0.01052,0.01082,0.01341,0.012,-14.73,75.21,0.3184,0.0362,-0.029,1.73,0.0,0.0,0,0.0,-0.0
2,279,5.58,settle,0.01585,0.01161,0.0108,0.01411,0.012,-14.4,75.55,0.3183,0.0362,-0.072,1.73,0.0,0.0,0,0.0,-0.0
2,280,5.6,settle,0.01233,0.00536,0.0111,0.01068,0.012,-13.95,75.97,0.3181,0.0362,-0.034,1.73,0.0,0.0,0,0.0,-0.0
2,281,5.62,settle,0.00992,0.00349,0.00928,0.01144,0.012,-14.81,75.13,0.318,0.0361,-0.029,1.73,0.0,0.0,0,0.0,-0.0
2,282,5.64,settle,0.00947,0.00383,0.00866,0.01036,0.012,-15.04,74.91,0.3179,0.0361,-0.052,1.73,0.0,0.0,0,0.0,-0.0
2,283,5.66,settle,0.00867,0.00266,0.00825,0.0105,0.012,-15.47,74.49,0.3178,0.036,-0.076,1.73,0.0,0.0,0,0.0,-0.0
2,284,5.68,settle,0.00896,0.00382,0.00811,0.0123,0.012,-15.86,74.12,0.3177,0.036,-0.102,1.73,0.0,0.0,0,0.0,-0.0
2,285,5.7,settle,0.00998,0.00418,0.00907,0.01209,0.012,-15.69,74.28,0.3176,0.036,-0.102,1.73,0.0,0.0,0,0.0,-0.0
2,286,5.72,settle,0.01078,0.00663,0.0085,0.01213,0.012,-15.66,74.31,0.3174,0.036,-0.122,1.73,0.0,0.0,0,0.0,-0.0
2,287,5.74,settle,0.01144,0.00756,0.00858,0.01181,0.012,-15.51,74.46,0.3173,0.0359,-0.127,1.73,0.0,0.0,0,0.0,-0.0
2,288,5.76,settle,0.01069,0.0066,0.00841,0.01201,0.012,-15.79,74.18,0.3172,0.0359,-0.118,1.73,0.0,0.0,0,0.0,-0.0
2,289,5.78,settle,0.01017,0.00644,0.00788,0.01259,0.012,-16.22,73.76,0.3171,0.0358,-0.115,1.73,0.0,0.0,0,0.0,-0.0
2,290,5.8,settle,0.01074,0.00844,0.00664,0.01407,0.012,-16.6,73.38,0.3169,0.0357,-0.131,1.73,0.0,0.0,0,0.0,-0.0
2,291,5.82,settle,0.01129,0.00902,0.00678,0.01405,0.012,-16.5,73.48,0.3168,0.0356,-0.134,1.73,0.0,0.0,0,0.0,-0.0
2,292,5.84,settle,0.0119,0.00965,0.00697,0.014,0.012,-16.39,73.59,0.3166,0.0356,-0.137,1.73,0.0,0.0,0,0.0,-0.0
2,293,5.86,settle,0.0116,0.00947,0.00669,0.01379,0.012,-16.37,73.61,0.3165,0.0355,-0.138,1.73,0.0,0.0,0,0.0,-0.0
2,294,5.88,settle,0.01057,0.00901,0.00552,0.01391,0.012,-16.49,73.49,0.3163,0.0354,-0.139,1.73,0.0,0.0,0,0.0,-0.0
2,295,5.9,settle,0.00934,0.00835,0.00418,0.01421,0.012,-16.65,73.33,0.3162,0.0352,-0.138,1.73,0.0,0.0,0,0.0,-0.0
2,296,5.92,settle,0.00902,0.00852,0.00296,0.01503,0.012,-16.78,73.2,0.316,0.0351,-0.142,1.73,0.0,0.0,0,0.0,-0.0
2,297,5.94,settle,0.01072,0.01053,0.00201,0.01642,0.012,-16.64,73.34,0.3159,0.035,-0.167,1.73,0.0,0.0,0,0.0,-0.0
2,298,5.96,settle,0.01152,0.01137,0.00189,0.01665,0.012,-16.19,73.79,0.3157,0.0349,-0.189,1.73,0.0,0.0,0,0.0,-0.0
2,299,5.98,settle,0.00956,0.00835,0.00466,0.01139,0.012,-14.94,75.01,0.3155,0.0348,-0.172,1.73,0.0,0.0,0,0.0,-0.0
2,300,6.0,settle,0.00921,0.00718,0.00578,0.00857,0.012,-14.63,75.34,0.3154,0.0347,-0.162,1.73,0.0,0.0,0,0.0,-0.0
2,301,6.02,settle,0.00551,0.00351,0.00425,0.01036,0.012,-15.43,74.56,0.3154,0.0346,-0.156,1.73,0.0,0.0,0,0.0,-0.0
2,302,6.04,settle,0.00497,0.00423,0.00261,0.01376,0.012,-16.05,73.93,0.3154,0.0344,-0.178,1.73,0.0,0.0,0,0.0,-0.0
2,303,6.06,settle,0.00742,0.00509,0.0054,0.00923,0.012,-14.66,75.31,0.3153,0.0344,-0.194,1.73,0.0,0.0,0,0.0,-0.0
2,304,6.08,settle,0.00798,0.00499,0.00623,0.00788,0.012,-14.16,75.79,0.3153,0.0343,-0.189,1.73,0.0,0.0,0,0.0,-0.0
2,305,6.1,settle,0.00741,0.00376,0.00638,0.00892,0.012,-14.29,75.66,0.3154,0.0342,-0.196,1.729,0.0,0.0,0,0.0,-0.0
2,306,6.12,settle,0.00711,0.00269,0.00658,0.0101,0.012,-14.47,75.47,0.3154,0.0342,-0.209,1.73,0.0,0.0,0,0.0,-0.0
2,307,6.14,settle,0.00714,0.00259,0.00666,0.01082,0.012,-14.65,75.28,0.3155,0.0341,-0.221,1.73,0.0,0.0,0,0.0,-0.0
2,308,6.16,settle,0.00733,0.00289,0.00673,0.0112,0.012,-14.92,75.02,0.3156,0.034,-0.223,1.73,0.0,0.0,0,0.0,-0.0
2,309,6.18,settle,0.00753,0.00434,0.00615,0.01216,0.012,-15.52,74.43,0.3156,0.0339,-0.224,1.73,0.0,0.0,0,0.0,-0.0
2,310,6.2,settle,0.00906,0.00711,0.00561,0.01344,0.012,-15.8,74.16,0.3157,0.0338,-0.237,1.73,0.0,0.0,0,0.0,-0.0
2,311,6.22,settle,0.01049,0.00834,0.00636,0.01338,0.012,-15.64,74.32,0.3157,0.0337,-0.238,1.73,0.0,0.0,0,0.0,-0.0
2,312,6.24,settle,0.0112,0.00891,0.00679,0.01322,0.012,-15.53,74.43,0.3157,0.0337,-0.239,1.73,0.0,0.0,0,0.0,-0.0
2,313,6.26,settle,0.01041,0.00824,0.00637,0.01305,0.012,-15.67,74.29,0.3158,0.0335,-0.234,1.73,0.0,0.0,0,0.0,-0.0
2,314,6.28,settle,0.00952,0.00768,0.00563,0.01333,0.012,-16.0,73.96,0.3158,0.0334,-0.228,1.73,0.0,0.0,0,0.0,-0.0
2,315,6.3,settle,0.01008,0.00894,0.00464,0.01457,0.012,-16.36,73.61,0.3158,0.0333,-0.238,1.73,0.0,0.0,0,0.0,-0.0
2,316,6.32,settle,0.01094,0.00991,0.00463,0.01479,0.012,-16.29,73.68,0.3158,0.0331,-0.247,1.73,0.0,0.0,0,0.0,-0.0
2,317,6.34,settle,0.01036,0.00921,0.00475,0.01431,0.012,-16.22,73.75,0.3157,0.033,-0.241,1.73,0.0,0.0,0,0.0,-0.0
2,318,6.36,settle,0.00975,0.00879,0.00422,0.01439,0.012,-16.28,73.69,0.3157,0.0329,-0.241,1.73,0.0,0.0,0,0.0,-0.0
2,319,6.38,settle,0.00875,0.00802,0.00351,0.01442,0.012,-16.37,73.6,0.3157,0.0328,-0.239,1.73,0.0,0.0,0,0.0,-0.0
2,320,6.4,settle,0.00802,0.00748,0.00288,0.01459,0.012,-16.46,73.51,0.3156,0.0326,-0.239,1.73,0.0,0.0,0,0.0,-0.0
2,321,6.42,settle,0.00742,0.00689,0.00275,0.01432,0.012,-16.41,73.56,0.3155,0.0325,-0.238,1.73,0.0,0.0,0,0.0,-0.0
2,322,6.44,settle,0.00764,0.00725,0.0024,0.01446,0.012,-16.38,73.6,0.3154,0.0324,-0.244,1.73,0.0,0.0,0,0.0,-0.0
2,323,6.46,settle,0.00894,0.00871,0.00204,0.01506,0.012,-16.22,73.75,0.3153,0.0323,-0.261,1.73,0.0,0.0,0,0.0,-0.0
2,324,6.48,enter,0.011,0.01088,0.00159,0.01659,0.012,-16.09,73.89,0.3152,0.0322,-0.288,1.73,0.0,0.0,0,0.0,-0.0
2,325,6.5,enter,0.00932,0.00859,0.00361,0.01172,0.012,-14.84,75.11,0.3151,0.0322,-0.274,1.73,0.0,0.0,0,0.0,-0.0
2,326,6.52,enter,0.00767,0.0065,0.00408,0.00848,0.012,-14.57,75.4,0.315,0.0321,-0.255,1.73,0.0,0.0,0,0.0,-0.0
2,327,6.54,enter,0.00334,0.00291,0.00164,0.01159,0.012,-15.64,74.35,0.315,0.032,-0.246,1.73,0.0,0.0,0,0.0,-0.0
2,328,6.56,enter,0.00363,0.00338,0.00134,0.01114,0.012,-15.29,74.69,0.315,0.0319,-0.262,1.73,0.0,0.0,0,0.0,-0.0
2,329,6.58,enter,0.00379,0.00359,0.00122,0.01092,0.012,-15.05,74.93,0.315,0.0319,-0.275,1.73,0.0,0.0,0,0.0,-0.0
2,330,6.6,enter,0.00284,0.00258,0.00119,0.01187,0.012,-15.06,74.91,0.3151,0.0319,-0.278,1.73,0.0,0.0,0,0.0,-0.0
2,331,6.62,enter,0.00224,0.00174,0.0014,0.01236,0.012,-15.0,74.95,0.3152,0.0318,-0.278,1.73,0.0,0.0,0,0.0,-0.0
2,332,6.64,enter,0.0027,0.00263,0.00061,0.01329,0.012,-15.11,74.84,0.3152,0.0318,-0.288,1.73,0.0,0.0,0,0.0,-0.0
2,333,6.66,enter,0.00321,0.00318,-0.0004,0.01457,0.012,-15.28,74.66,0.3153,0.0318,-0.289,1.73,0.0,0.0,0,0.0,-0.0
2,334,6.68,enter,0.00402,0.00392,-0.00089,0.01528,0.012,-15.35,74.59,0.3153,0.0317,-0.291,1.73,0.0,0.0,0,0.0,-0.0
2,335,6.7,enter,0.00391,0.00387,-0.00051,0.01458,0.012,-15.17,74.77,0.3153,0.0317,-0.29,1.73,0.0,0.0,0,0.0,-0.0
2,336,6.72,enter,0.0046,0.00458,-0.00032,0.01438,0.012,-15.06,74.88,0.3153,0.0317,-0.291,1.73,0.0,0.0,0,0.0,-0.0
2,337,6.74,enter,0.00518,0.00513,-0.00071,0.0151,0.012,-15.13,74.8,0.3153,0.0317,-0.285,1.73,0.0,0.0,0,0.0,-0.0
2,338,6.76,enter,0.00598,0.00588,-0.00109,0.01567,0.012,-15.16,74.77,0.3152,0.0316,-0.282,1.73,0.0,0.0,0,0.0,-0.0
2,339,6.78,enter,0.00637,0.00625,-0.00125,0.01585,0.012,-15.14,74.78,0.3152,0.0316,-0.274,1.73,0.0,0.0,0,0.0,-0.0
2,340,6.8,enter,0.00714,0.00698,-0.00152,0.01635,0.012,-15.18,74.74,0.3152,0.0315,-0.266,1.73,0.0,0.0,0,0.0,-0.0
2,341,6.82,enter,0.00765,0.00748,-0.00159,0.01653,0.012,-15.18,74.74,0.3151,0.0315,-0.257,1.73,0.0,0.0,0,0.0,-0.0
2,342,6.84,enter,0.00793,0.00778,-0.00155,0.01648,0.012,-15.16,74.76,0.315,0.0314,-0.246,1.73,0.0,0.0,0,0.0,-0.0
2,343,6.86,enter,0.00866,0.00853,-0.00149,0.01674,0.012,-15.17,74.75,0.315,0.0314,-0.238,1.73,0.0,0.0,0,0.0,-0.0
2,344,6.88,enter,0.0095,0.00941,-0.00135,0.01717,0.012,-15.17,74.76,0.3149,0.0313,-0.235,1.73,0.0,0.0,0,0.0,-0.0
2,345,6.9,enter,0.00882,0.00874,-0.00114,0.01687,0.012,-15.18,74.75,0.3149,0.0313,-0.217,1.73,0.0,0.0,0,0.0,-0.0
2,346,6.92,enter,0.00914,0.00909,-0.00101,0.01691,0.012,-15.17,74.76,0.3148,0.0312,-0.212,1.73,0.0,0.0,0,0.0,-0.0
2,347,6.94,enter,0.00975,0.00971,-0.00087,0.01708,0.012,-15.12,74.81,0.3148,0.0312,-0.212,1.73,0.0,0.0,0,0.0,-0.0
2,348,6.96,enter,0.00947,0.00945,-0.00065,0.01719,0.012,-15.16,74.77,0.3148,0.0312,-0.203,1.73,0.0,0.0,0,0.0,-0.0
2,349,6.98,enter,0.00916,0.00916,-0.00026,0.01689,0.012,-15.11,74.82,0.3147,0.0312,-0.197,1.73,0.0,0.0,0,0.0,-0.0
2,350,7.0,enter,0.0093,0.0093,-0.00014,0.01669,0.012,-15.04,74.9,0.3147,0.0312,-0.198,1.73,0.0,0.0,0,0.0,-0.0
2,351,7.02,enter,0.00969,0.00969,1e-05,0.01689,0.012,-15.01,74.93,0.3147,0.0313,-0.201,1.73,0.0,0.0,0,0.0,-0.0
2,352,7.04,enter,0.00942,0.00942,0.00024,0.01691,0.012,-15.03,74.91,0.3147,0.0313,-0.198,1.73,0.0,0.0,0,0.0,-0.0
2,353,7.06,enter,0.00913,0.00911,0.00046,0.01659,0.012,-14.97,74.97,0.3147,0.0314,-0.198,1.73,0.0,0.0,0,0.0,-0.0
2,354,7.08,enter,0.00936,0.00935,0.00051,0.01657,0.012,-14.92,75.02,0.3148,0.0314,-0.204,1.73,0.0,0.0,0,0.0,-0.0
2,355,7.1,enter,0.00976,0.00975,0.0005,0.01673,0.012,-14.89,75.06,0.3148,0.0315,-0.212,1.73,0.0,0.0,0,0.0,-0.0
2,356,7.12,enter,0.00974,0.00972,0.00054,0.0167,0.012,-14.86,75.09,0.3148,0.0316,-0.215,1.73,0.0,0.0,0,0.0,-0.0
2,357,7.14,enter,0.00935,0.00931,0.00083,0.01633,0.012,-14.8,75.15,0.3148,0.0317,-0.216,1.73,0.0,0.0,0,0.0,-0.0
2,358,7.16,enter,0.00953,0.0095,0.00078,0.01643,0.012,-14.79,75.16,0.3148,0.0317,-0.224,1.73,0.0,0.0,0,0.0,-0.0
2,359,7.18,enter,0.00969,0.00968,0.00055,0.01655,0.012,-14.82,75.14,0.3148,0.0318,-0.232,1.73,0.0,0.0,0,0.0,-0.0
2,360,7.2,enter,0.00985,0.00985,0.00038,0.01678,0.012,-14.86,75.1,0.3148,0.0319,-0.239,1.73,0.0,0.0,0,0.0,-0.0
2,361,7.22,enter,0.00979,0.00978,0.00042,0.01687,0.012,-14.85,75.11,0.3147,0.032,-0.246,1.73,0.0,0.0,0,0.0,-0.0
2,362,7.24,enter,0.00955,0.00954,0.00048,0.01683,0.012,-14.83,75.13,0.3147,0.0321,-0.25,1.73,0.0,0.0,0,0.0,-0.0
2,363,7.26,enter,0.0095,0.00949,0.00039,0.01687,0.012,-14.81,75.14,0.3147,0.0323,-0.256,1.73,0.0,0.0,0,0.0,-0.0
2,364,7.28,enter,0.00958,0.00958,0.00024,0.01701,0.012,-14.81,75.15,0.3147,0.0324,-0.263,1.73,0.0,0.0,0,0.0,-0.0
2,365,7.3,enter,0.00957,0.00957,0.00014,0.0171,0.012,-14.79,75.17,0.3147,0.0325,-0.269,1.73,0.0,0.0,0,0.0,-0.0
2,366,7.32,enter,0.00948,0.00948,7e-05,0.01718,0.012,-14.78,75.18,0.3147,0.0326,-0.274,1.73,0.0,0.0,0,0.0,-0.0
2,367,7.34,enter,0.00934,0.00934,1e-05,0.0172,0.012,-14.76,75.19,0.3147,0.0328,-0.278,1.73,0.0,0.0,0,0.0,-0.0
2,368,7.36,enter,0.00938,0.00938,-0.00017,0.01736,0.012,-14.77,75.19,0.3147,0.0329,-0.283,1.73,0.0,0.0,0,0.0,-0.0
2,369,7.38,enter,0.00935,0.00934,-0.00036,0.01744,0.012,-14.75,75.2,0.3147,0.033,-0.287,1.73,0.0,0.0,0,0.0,-0.0
2,370,7.4,enter,0.00936,0.00935,-0.00054,0.01757,0.012,-14.75,75.21,0.3147,0.0332,-0.291,1.73,0.0,0.0,0,0.0,-0.0
2,371,7.42,enter,0.00924,0.00922,-0.00067,0.01763,0.012,-14.73,75.22,0.3147,0.0333,-0.292,1.73,0.0,0.0,0,0.0,-0.0
2,372,7.44,enter,0.00912,0.00909,-0.00082,0.01769,0.012,-14.72,75.23,0.3147,0.0334,-0.293,1.73,0.0,0.0,0,0.0,-0.0
2,373,7.46,enter,0.00904,0.00898,-0.00103,0.01775,0.012,-14.71,75.25,0.3146,0.0336,-0.294,1.73,0.0,0.0,0,0.0,-0.0
2,374,7.48,enter,0.00902,0.00893,-0.00125,0.01786,0.012,-14.7,75.26,0.3146,0.0337,-0.294,1.73,0.0,0.0,0,0.0,-0.0
2,375,7.5,enter,0.00885,0.00874,-0.00139,0.0179,0.012,-14.68,75.27,0.3146,0.0339,-0.291,1.73,0.0,0.0,0,0.0,-0.0
2,376,7.52,enter,0.00875,0.00861,-0.00158,0.01798,0.012,-14.66,75.29,0.3145,0.034,-0.288,1.73,0.0,0.0,0,0.0,-0.0
2,377,7.54,enter,0.00863,0.00844,-0.00178,0.01804,0.012,-14.65,75.3,0.3145,0.0341,-0.285,1.73,0.0,0.0,0,0.0,-0.0
2,378,7.56,enter,0.00856,0.00833,-0.002,0.01813,0.012,-14.63,75.32,0.3145,0.0343,-0.28,1.73,0.0,0.0,0,0.0,-0.0
2,379,7.58,enter,0.00845,0.00817,-0.00217,0.01822,0.012,-14.61,75.33,0.3144,0.0344,-0.274,1.73,0.0,0.0,0,0.0,-0.0
2,380,7.6,enter,0.00831,0.00797,-0.00233,0.01829,0.012,-14.59,75.35,0.3143,0.0345,-0.266,1.73,0.0,0.0,0,0.0,-0.0
2,381,7.62,enter,0.00822,0.00782,-0.00253,0.0184,0.012,-14.58,75.36,0.3143,0.0346,-0.258,1.73,0.0,0.0,0,0.0,-0.0
2,382,7.64,enter,0.00813,0.00766,-0.00274,0.01849,0.012,-14.56,75.38,0.3142,0.0348,-0.249,1.73,0.0,0.0,0,0.0,-0.0
2,383,7.66,enter,0.00806,0.0075,-0.00293,0.0186,0.012,-14.54,75.4,0.3141,0.0349,-0.239,1.73,0.0,0.0,0,0.0,-0.0
2,384,7.68,enter,0.00796,0.00733,-0.00309,0.01871,0.012,-14.51,75.42,0.314,0.035,-0.227,1.73,0.0,0.0,0,0.0,-0.0
2,385,7.7,enter,0.00789,0.00718,-0.00327,0.01884,0.012,-14.49,75.44,0.314,0.0351,-0.215,1.73,0.0,0.0,0,0.0,-0.0
2,386,7.72,enter,0.00782,0.00702,-0.00345,0.01895,0.012,-14.47,75.46,0.3139,0.0352,-0.201,1.73,0.0,0.0,0,0.0,-0.0
2,387,7.74,enter,0.00783,0.00692,-0.00365,0.01911,0.012,-14.45,75.47,0.3138,0.0353,-0.187,1.73,0.0,0.0,0,0.0,-0.0
2,388,7.76,enter,0.00781,0.00681,-0.00382,0.01926,0.012,-14.43,75.49,0.3137,0.0354,-0.171,1.73,0.0,0.0,0,0.0,-0.0
2,389,7.78,enter,0.0078,0.00671,-0.00397,0.01942,0.012,-14.4,75.51,0.3136,0.0355,-0.154,1.73,0.0,0.0,0,0.0,-0.0
2,390,7.8,enter,0.00783,0.00665,-0.00414,0.01959,0.012,-14.38,75.53,0.3134,0.0356,-0.136,1.73,0.0,0.0,0,0.0,-0.0
2,391,7.82,enter,0.0079,0.00662,-0.00433,0.01978,0.012,-14.36,75.55,0.3133,0.0357,-0.117,1.73,0.0,0.0,0,0.0,-0.0
2,392,7.84,enter,0.008,0.00662,-0.0045,0.01998,0.012,-14.33,75.57,0.3132,0.0357,-0.097,1.73,0.0,0.0,0,0.0,-0.0
2,393,7.86,enter,0.00813,0.00666,-0.00466,0.02019,0.012,-14.31,75.6,0.3131,0.0358,-0.076,1.73,0.0,0.0,0,0.0,-0.0
2,394,7.88,enter,0.00828,0.00674,-0.00482,0.02042,0.012,-14.28,75.62,0.313,0.0359,-0.053,1.73,0.0,0.0,0,0.0,-0.0
2,395,7.9,enter,0.00848,0.00685,-0.00499,0.02066,0.012,-14.26,75.64,0.3128,0.036,-0.029,1.73,0.0,0.0,0,0.0,-0.0
2,396,7.92,enter,0.0087,0.007,-0.00517,0.02091,0.012,-14.23,75.66,0.3127,0.036,-0.005,1.73,0.0,0.0,0,0.0,-0.0
2,397,7.94,enter,0.00897,0.0072,-0.00534,0.02119,0.012,-14.2,75.68,0.3125,0.0361,0.021,1.73,0.0,0.0,0,0.0,-0.0
2,398,7.96,enter,0.00926,0.00745,-0.0055,0.02148,0.012,-14.18,75.71,0.3124,0.0362,0.048,1.73,0.0,0.0,0,0.0,-0.0
2,399,7.98,enter,0.00957,0.00772,-0.00567,0.02177,0.012,-14.15,75.73,0.3123,0.0362,0.076,1.73,0.0,0.0,0,0.0,-0.0
2,400,8.0,enter,0.00993,0.00802,-0.00586,0.02209,0.012,-14.12,75.75,0.3121,0.0363,0.104,1.73,0.0,0.0,0,0.0,-0.0
2,401,8.02,enter,0.01031,0.00835,-0.00604,0.02242,0.012,-14.09,75.77,0.312,0.0364,0.134,1.729,0.0,0.0,0,0.0,-0.0
2,402,8.04,enter,0.01071,0.00872,-0.00621,0.02277,0.012,-14.07,75.8,0.3118,0.0364,0.165,1.73,0.0,0.0,0,0.0,-0.0
2,403,8.06,enter,0.01114,0.00912,-0.00639,0.02313,0.012,-14.04,75.82,0.3117,0.0365,0.196,1.73,0.0,0.0,0,0.0,-0.0
2,404,8.08,enter,0.01158,0.00954,-0.00658,0.02351,0.012,-14.01,75.84,0.3115,0.0365,0.229,1.73,0.0,0.0,0,0.0,-0.0
2,405,8.1,enter,0.01206,0.00997,-0.00677,0.0239,0.012,-13.98,75.87,0.3114,0.0366,0.262,1.73,0.0,0.0,0,0.0,-0.0
2,406,8.12,enter,0.01255,0.01044,-0.00696,0.02431,0.012,-13.96,75.89,0.3112,0.0366,0.297,1.73,0.0,0.0,0,0.0,-0.0
2,407,8.14,enter,0.01306,0.01093,-0.00714,0.02473,0.012,-13.93,75.91,0.3111,0.0367,0.333,1.73,0.0,0.0,0,0.0,-0.0
2,408,8.16,enter,0.01359,0.01144,-0.00733,0.02516,0.012,-13.9,75.94,0.3109,0.0367,0.37,1.73,0.0,0.0,0,0.0,-0.0
2,409,8.18,enter,0.01413,0.01195,-0.00754,0.02561,0.012,-13.87,75.96,0.3108,0.0368,0.407,1.73,0.0,0.0,0,0.0,-0.0
2,410,8.2,enter,0.01469,0.01248,-0.00774,0.02608,0.012,-13.84,75.98,0.3106,0.0368,0.446,1.73,0.0,0.0,0,0.0,-0.0
2,411,8.22,enter,0.01527,0.01304,-0.00794,0.02655,0.012,-13.82,76.0,0.3105,0.0369,0.486,1.73,0.0,0.0,0,0.0,-0.0
2,412,8.24,enter,0.01586,0.01361,-0.00814,0.02703,0.012,-13.78,76.02,0.3104,0.0369,0.527,1.73,0.0,0.0,0,0.0,-0.0
2,413,8.26,enter,0.01645,0.01417,-0.00836,0.02753,0.012,-13.76,76.05,0.3102,0.037,0.568,1.73,0.0,0.0,0,0.0,-0.0
2,414,8.28,enter,0.01663,0.01429,-0.0085,0.0277,0.012,-13.7,76.11,0.3101,0.037,0.604,1.73,0.0,0.0,0,0.0,-0.0
2,415,8.3,enter,0.01607,0.01372,-0.00837,0.02725,0.012,-13.58,76.23,0.3099,0.0371,0.631,1.73,0.0,0.0,0,0.0,-0.0
2,416,8.32,enter,0.01521,0.01296,-0.00797,0.02646,0.012,-13.41,76.42,0.3098,0.0372,0.66,1.73,0.0,0.0,0,0.0,-0.0
2,417,8.34,enter,0.01422,0.01208,-0.0075,0.02549,0.012,-13.2,76.64,0.3097,0.0372,0.688,1.73,0.0,0.0,0,0.0,-0.0
2,418,8.36,enter,0.01326,0.01114,-0.00718,0.02452,0.012,-12.99,76.87,0.3096,0.0373,0.713,1.73,0.0,0.0,0,0.0,-0.0
2,419,8.38,enter,0.0125,0.01036,-0.00699,0.02374,0.012,-12.8,77.07,0.3095,0.0374,0.738,1.73,0.0,0.0,0,0.0,-0.0
2,420,8.4,enter,0.01203,0.00986,-0.00689,0.0232,0.012,-12.64,77.24,0.3094,0.0375,0.763,1.73,0.0,0.0,0,0.0,-0.0
2,421,8.42,enter,0.01179,0.00956,-0.00689,0.02286,0.012,-12.5,77.39,0.3093,0.0375,0.789,1.729,0.0,0.0,0,0.0,-0.0
2,422,8.44,enter,0.01172,0.00942,-0.00696,0.0227,0.012,-12.38,77.5,0.3092,0.0376,0.816,1.73,0.0,0.0,0,0.0,-0.0
2,423,8.46,enter,0.01179,0.0094,-0.0071,0.02273,0.012,-12.29,77.59,0.3091,0.0376,0.844,1.73,0.0,0.0,0,0.0,-0.0
2,424,8.48,enter,0.01199,0.00955,-0.00725,0.0229,0.012,-12.22,77.65,0.309,0.0376,0.873,1.73,0.0,0.0,0,0.0,-0.0
2,425,8.5,enter,0.01227,0.00979,-0.0074,0.02316,0.012,-12.16,77.7,0.3089,0.0377,0.905,1.73,0.0,0.0,0,0.0,-0.0
2,426,8.52,enter,0.01257,0.01005,-0.00756,0.02346,0.012,-12.11,77.74,0.3088,0.0377,0.936,1.73,0.0,0.0,0,0.0,-0.0
2,427,8.54,enter,0.01287,0.01032,-0.0077,0.02375,0.012,-12.06,77.78,0.3087,0.0378,0.969,1.73,0.0,0.0,0,0.0,-0.0
2,428,8.56,enter,0.01331,0.01072,-0.00788,0.02375,0.012,-12.01,77.81,0.3086,0.0378,1.012,1.73,0.0,0.0,0,-0.0,0.04
2,429,8.58,enter,0.01394,0.011,-0.00857,0.02424,0.012,-12.16,77.66,0.3086,0.0379,1.047,1.73,0.0,0.0,0,-0.0,0.14
2,430,8.6,enter,0.01502,0.0118,-0.0093,0.02521,0.012,-12.35,77.48,0.3085,0.0379,1.078,1.73,0.0,0.0,0,0.0,0.54
2,431,8.62,enter,0.01589,0.01234,-0.01002,0.02611,0.012,-12.5,77.34,0.3085,0.038,1.095,1.73,0.0,0.0,0,0.01,1.02
2,432,8.64,enter,0.01654,0.0126,-0.01071,0.02684,0.012,-12.51,77.34,0.3085,0.0381,1.103,1.671,1.165,0.0,0,-0.0,1.2
2,433,8.66,enter,0.01578,0.01233,-0.00986,0.02548,0.012,-12.0,77.83,0.3085,0.0382,1.133,1.73,0.0,0.0,0,-0.0,0.65
2,434,8.68,enter,0.01496,0.01152,-0.00955,0.02436,0.012,-11.77,78.06,0.3085,0.0382,1.15,1.73,0.0,0.0,0,0.0,0.11
2,435,8.7,enter,0.01458,0.01131,-0.00921,0.02391,0.012,-11.6,78.23,0.3085,0.0383,1.166,1.73,0.0,0.0,0,-0.0,-0.0
2,436,8.72,enter,0.01449,0.0113,-0.00907,0.02389,0.012,-11.52,78.32,0.3086,0.0383,1.182,1.73,0.0,0.0,0,-0.0,-0.0
2,437,8.74,enter,0.01463,0.01153,-0.009,0.02397,0.012,-11.43,78.41,0.3086,0.0383,1.2,1.73,0.0,0.0,0,-0.0,-0.0
2,438,8.76,enter,0.01481,0.01177,-0.00899,0.02421,0.012,-11.38,78.45,0.3087,0.0384,1.216,1.73,0.0,0.0,0,0.0,-0.0
2,439,8.78,enter,0.01534,0.01227,-0.00921,0.0246,0.012,-11.37,78.45,0.3087,0.0383,1.236,1.73,0.0,0.0,0,0.0,-0.0
2,440,8.8,enter,0.01587,0.01284,-0.00933,0.02501,0.012,-11.29,78.52,0.3087,0.0383,1.255,1.73,0.0,0.0,0,-0.0,-0.0
2,441,8.82,enter,0.01637,0.01329,-0.00955,0.02553,0.012,-11.31,78.5,0.3088,0.0383,1.272,1.73,0.0,0.0,0,0.0,0.05
2,442,8.84,enter,0.01664,0.01366,-0.0095,0.02576,0.012,-11.21,78.59,0.3088,0.0383,1.291,1.73,0.0,0.0,0,-0.0,-0.0
2,443,8.86,enter,0.01651,0.01359,-0.00938,0.02575,0.012,-11.12,78.67,0.3089,0.0384,1.308,1.73,0.0,0.0,0,-0.0,-0.0
2,444,8.88,enter,0.0162,0.01342,-0.00907,0.02553,0.012,-11.02,78.78,0.3089,0.0384,1.329,1.73,0.0,0.0,0,-0.0,-0.0
2,445,8.9,enter,0.01604,0.01343,-0.00877,0.02549,0.012,-10.94,78.85,0.309,0.0384,1.355,1.73,0.0,0.0,0,0.0,-0.0
2,446,8.92,enter,0.01592,0.01341,-0.00858,0.02542,0.012,-10.85,78.94,0.309,0.0385,1.383,1.73,0.0,0.0,0,0.0,-0.0
2,447,8.94,enter,0.01582,0.01334,-0.00849,0.0253,0.012,-10.74,79.03,0.309,0.0385,1.41,1.73,0.0,0.0,0,0.0,-0.0
2,448,8.96,enter,0.01574,0.01326,-0.00849,0.02533,0.012,-10.68,79.09,0.309,0.0386,1.434,1.729,0.0,0.0,0,0.0,-0.0
2,449,8.98,arrive,0.01594,0.01351,-0.00846,0.02562,0.012,-10.64,79.13,0.309,0.0386,1.461,1.73,0.0,0.0,0,0.0,-0.0
2,450,9.0,arrive,0.01576,0.01383,-0.00757,0.02559,0.012,-10.6,79.16,0.309,0.0387,1.489,1.73,0.0,0.0,0,0.0,-0.0
2,451,9.02,arrive,0.01556,0.01394,-0.00691,0.0255,0.012,-10.56,79.19,0.309,0.0387,1.513,1.73,0.0,0.0,0,0.0,-0.0
2,452,9.04,arrive,0.01539,0.01398,-0.00643,0.02543,0.012,-10.54,79.2,0.309,0.0388,1.537,1.73,0.0,0.0,0,0.0,-0.0
2,453,9.06,arrive,0.01536,0.01413,-0.00601,0.02544,0.012,-10.54,79.19,0.309,0.0389,1.564,1.73,0.0,0.0,0,0.0,-0.0
2,454,9.08,arrive,0.01545,0.01437,-0.00569,0.02558,0.012,-10.6,79.13,0.309,0.039,1.591,1.73,0.0,0.0,0,0.0,-0.0
2,455,9.1,arrive,0.01552,0.01451,-0.00551,0.02575,0.012,-10.69,79.04,0.309,0.0391,1.615,1.73,0.0,0.0,0,0.0,-0.0
2,456,9.12,arrive,0.0154,0.01441,-0.00543,0.02581,0.012,-10.77,78.97,0.309,0.0392,1.633,1.73,0.0,0.0,0,-0.0,-0.0
2,457,9.14,arrive,0.01508,0.0142,-0.00508,0.02548,0.012,-10.69,79.04,0.309,0.0393,1.653,1.73,0.0,0.0,0,0.0,-0.0
2,458,9.16,arrive,0.01472,0.01395,-0.00471,0.02507,0.012,-10.6,79.14,0.309,0.0395,1.674,1.73,0.0,0.0,0,0.0,-0.0
2,459,9.18,arrive,0.01442,0.01374,-0.00439,0.02472,0.012,-10.52,79.23,0.309,0.0396,1.693,1.73,0.0,0.0,0,0.0,-0.0
2,460,9.2,arrive,0.01426,0.01362,-0.00422,0.02451,0.012,-10.46,79.29,0.3089,0.0398,1.712,1.73,0.0,0.0,0,0.0,-0.0
2,461,9.22,arrive,0.01424,0.01361,-0.00418,0.02444,0.012,-10.43,79.33,0.3089,0.0399,1.729,1.73,0.0,0.0,0,0.0,-0.0
2,462,9.24,arrive,0.01437,0.01378,-0.00405,0.0244,0.012,-10.36,79.39,0.3089,0.0401,1.75,1.73,0.0,0.0,0,0.0,-0.0
2,463,9.26,arrive,0.0146,0.01403,-0.00404,0.02455,0.012,-10.38,79.37,0.3089,0.0403,1.77,1.73,0.0,0.0,0,0.0,-0.0
2,464,9.28,arrive,0.01487,0.01429,-0.00412,0.02481,0.012,-10.46,79.3,0.3088,0.0404,1.788,1.73,0.0,0.0,0,0.0,-0.0
2,465,9.3,arrive,0.01491,0.0143,-0.00423,0.02494,0.012,-10.5,79.26,0.3088,0.0406,1.8,1.73,0.0,0.0,0,0.0,-0.0
2,466,9.32,arrive,0.01489,0.01433,-0.00404,0.02482,0.012,-10.43,79.33,0.3087,0.0408,1.816,1.73,0.0,0.0,0,0.0,-0.0
2,467,9.34,arrive,0.01467,0.01411,-0.00401,0.02464,0.012,-10.39,79.38,0.3087,0.041,1.828,1.73,0.0,0.0,0,0.0,-0.0
2,468,9.36,arrive,0.01452,0.01397,-0.00395,0.02448,0.012,-10.33,79.44,0.3086,0.0412,1.841,1.73,0.0,0.0,0,0.0,-0.0
2,469,9.38,arrive,0.01442,0.01385,-0.00401,0.02441,0.012,-10.31,79.47,0.3086,0.0414,1.854,1.73,0.0,0.0,0,0.0,-0.0
2,470,9.4,arrive,0.01444,0.01385,-0.00409,0.0244,0.012,-10.28,79.5,0.3085,0.0416,1.867,1.73,0.0,0.0,0,0.0,-0.0
2,471,9.42,arrive,0.01451,0.01389,-0.0042,0.02444,0.012,-10.26,79.51,0.3085,0.0418,1.88,1.73,0.0,0.0,0,0.0,-0.0
2,472,9.44,arrive,0.01462,0.01397,-0.00429,0.0245,0.012,-10.24,79.54,0.3084,0.0419,1.893,1.73,0.0,0.0,0,0.0,-0.0
2,473,9.46,arrive,0.01473,0.01408,-0.00434,0.02456,0.012,-10.21,79.56,0.3083,0.0421,1.907,1.73,0.0,0.0,0,0.0,-0.0
2,474,9.48,arrive,0.0148,0.01412,-0.00441,0.02462,0.012,-10.19,79.58,0.3083,0.0423,1.919,1.73,0.0,0.0,0,0.0,-0.0
2,475,9.5,arrive,0.01484,0.01415,-0.00445,0.02464,0.012,-10.16,79.61,0.3082,0.0425,1.932,1.73,0.0,0.0,0,0.0,-0.0
2,476,9.52,arrive,0.01483,0.01413,-0.00452,0.02465,0.012,-10.14,79.63,0.3082,0.0427,1.943,1.73,0.0,0.0,0,0.0,-0.0
2,477,9.54,arrive,0.01482,0.01409,-0.00459,0.02465,0.012,-10.12,79.65,0.3081,0.0429,1.954,1.73,0.0,0.0,0,0.0,-0.0
2,478,9.56,arrive,0.0148,0.01404,-0.00468,0.02466,0.012,-10.11,79.66,0.308,0.0431,1.965,1.73,0.0,0.0,0,0.0,-0.0
2,479,9.58,arrive,0.0148,0.01401,-0.00476,0.02464,0.012,-10.08,79.69,0.308,0.0433,1.977,1.73,0.0,0.0,0,0.0,-0.0
2,480,9.6,arrive,0.01486,0.01405,-0.00483,0.02464,0.012,-10.06,79.71,0.3079,0.0434,1.988,1.73,0.0,0.0,0,0.0,-0.0
2,481,9.62,arrive,0.01499,0.01414,-0.00496,0.02473,0.012,-10.12,79.65,0.3079,0.0436,1.999,1.73,0.0,0.0,0,0.0,-0.0
2,482,9.64,arrive,0.01502,0.01409,-0.00521,0.02498,0.012,-10.23,79.55,0.3078,0.0438,2.006,1.73,0.0,0.0,0,0.0,-0.0
2,483,9.66,arrive,0.01491,0.01395,-0.00526,0.02493,0.012,-10.2,79.58,0.3077,0.044,2.013,1.73,0.0,0.0,0,0.0,-0.0
2,484,9.68,arrive,0.01475,0.0138,-0.00519,0.02469,0.012,-10.12,79.67,0.3077,0.0441,2.025,1.73,0.0,0.0,0,0.0,-0.0
2,485,9.7,arrive,0.01454,0.01353,-0.00533,0.02453,0.012,-10.08,79.7,0.3076,0.0443,2.032,1.73,0.0,0.0,0,0.0,-0.0
2,486,9.72,arrive,0.01451,0.01351,-0.00532,0.02441,0.012,-10.02,79.77,0.3076,0.0444,2.044,1.73,0.0,0.0,0,0.0,-0.0
2,487,9.74,arrive,0.01452,0.01344,-0.00552,0.02447,0.012,-10.04,79.76,0.3075,0.0446,2.053,1.73,0.0,0.0,0,0.0,-0.0
2,488,9.76,arrive,0.01467,0.01357,-0.00559,0.02453,0.012,-10.0,79.79,0.3075,0.0447,2.066,1.73,0.0,0.0,0,0.0,-0.0
2,489,9.78,arrive,0.01477,0.0136,-0.00577,0.02464,0.012,-10.01,79.77,0.3074,0.0449,2.076,1.73,0.0,0.0,0,0.0,-0.0
2,490,9.8,arrive,0.01489,0.01369,-0.00586,0.02473,0.012,-9.99,79.8,0.3074,0.045,2.087,1.73,0.0,0.0,0,0.0,-0.0
2,491,9.82,arrive,0.01495,0.01371,-0.00597,0.0248,0.012,-9.98,79.8,0.3073,0.0452,2.098,1.73,0.0,0.0,0,0.0,-0.0
2,492,9.84,arrive,0.01503,0.01376,-0.00603,0.02486,0.012,-9.96,79.82,0.3073,0.0453,2.109,1.73,0.0,0.0,0,0.0,-0.0
2,493,9.86,arrive,0.01508,0.01378,-0.00612,0.02492,0.012,-9.94,79.83,0.3073,0.0454,2.12,1.73,0.0,0.0,0,0.0,-0.0
2,494,9.88,arrive,0.01516,0.01385,-0.00616,0.02497,0.012,-9.92,79.86,0.3072,0.0456,2.132,1.73,0.0,0.0,0,0.0,-0.0
2,495,9.9,arrive,0.01521,0.01388,-0.00623,0.02501,0.012,-9.91,79.87,0.3072,0.0457,2.143,1.73,0.0,0.0,0,0.0,-0.0
2,496,9.92,arrive,0.01531,0.014,-0.00619,0.02502,0.012,-9.86,79.91,0.3072,0.0458,2.156,1.73,0.0,0.0,0,0.0,-0.0
2,497,9.94,arrive,0.01539,0.01409,-0.00621,0.02505,0.012,-9.85,79.92,0.3071,0.0459,2.167,1.73,0.0,0.0,0,0.0,-0.0
2,498,9.96,arrive,0.01549,0.01418,-0.00624,0.02517,0.012,-9.88,79.89,0.3071,0.046,2.176,1.73,0.0,0.0,0,0.0,-0.0
2,499,9.98,arrive,0.01548,0.01414,-0.0063,0.0253,0.012,-9.91,79.86,0.3071,0.0461,2.183,1.73,0.0,0.0,0,0.0,-0.0
2,500,10.0,arrive,0.01549,0.01423,-0.00611,0.02517,0.012,-9.83,79.94,0.3071,0.0462,2.197,1.73,0.0,0.0,0,0.0,-0.0
2,501,10.02,arrive,0.01537,0.01408,-0.00616,0.0251,0.012,-9.83,79.94,0.307,0.0463,2.204,1.73,0.0,0.0,0,0.0,-0.0
2,502,10.04,arrive,0.01532,0.01403,-0.00616,0.0251,0.012,-9.81,79.96,0.307,0.0464,2.212,1.73,0.0,0.0,0,0.0,-0.0
2,503,10.06,arrive,0.01531,0.01405,-0.00607,0.02503,0.012,-9.76,80.01,0.307,0.0465,2.223,1.73,0.0,0.0,0,0.0,-0.0
2,504,10.08,arrive,0.0153,0.01402,-0.00612,0.02504,0.012,-9.76,80.01,0.307,0.0466,2.232,1.73,0.0,0.0,0,0.0,-0.0
2,505,10.1,arrive,0.01535,0.01407,-0.00614,0.02507,0.012,-9.74,80.03,0.307,0.0467,2.242,1.73,0.0,0.0,0,0.0,-0.0
2,506,10.12,arrive,0.01539,0.0141,-0.00616,0.0251,0.012,-9.73,80.04,0.307,0.0468,2.252,1.73,0.0,0.0,0,0.0,-0.0
2,507,10.14,arrive,0.01544,0.01415,-0.00617,0.02512,0.012,-9.7,80.06,0.307,0.0469,2.262,1.73,0.0,0.0,0,0.0,-0.0
2,508,10.16,arrive,0.01552,0.01424,-0.00617,0.02516,0.012,-9.69,80.07,0.3069,0.047,2.273,1.73,0.0,0.0,0,0.0,-0.0
2,509,10.18,grip,0.01565,0.01438,-0.00617,0.02522,0.012,-9.71,80.06,0.3069,0.0471,2.283,1.73,0.0,0.0,0,0.0,-0.0
2,510,10.2,grip,0.01575,0.01448,-0.00622,0.02537,0.01151,-9.77,79.99,0.3069,0.0472,2.291,1.73,0.0,0.0,0,0.0,-0.0
2,511,10.22,grip,0.0157,0.01438,-0.00629,0.02528,0.01102,-9.83,79.94,0.3069,0.0472,2.295,1.73,0.0,0.0,0,0.0,-0.0
2,512,10.24,grip,0.01583,0.0147,-0.00588,0.02473,0.01053,-9.68,80.07,0.3069,0.0473,2.31,1.73,0.0,0.0,0,0.0,-0.0
2,513,10.26,grip,0.0155,0.01431,-0.00594,0.02429,0.01004,-9.72,80.05,0.3069,0.0474,2.31,1.73,0.0,0.0,0,0.0,-0.0
2,514,10.28,grip,0.01545,0.01444,-0.0055,0.02362,0.00955,-9.56,80.21,0.3069,0.0475,2.322,1.73,0.0,0.0,0,0.0,-0.0
2,515,10.3,grip,0.01515,0.01411,-0.00552,0.02321,0.00906,-9.61,80.17,0.3069,0.0475,2.325,1.73,0.0,0.0,0,0.0,-0.0
2,516,10.32,grip,0.01509,0.01413,-0.00529,0.02277,0.00857,-9.53,80.24,0.3069,0.0476,2.332,1.73,0.0,0.0,0,0.0,-0.0
2,517,10.34,grip,0.01528,0.01439,-0.00513,0.02246,0.00808,-9.48,80.29,0.3069,0.0476,2.342,1.73,0.0,0.0,0,0.01,-0.0
2,518,10.36,grip,0.01531,0.01441,-0.00518,0.02223,0.00759,-9.56,80.22,0.3069,0.0476,2.348,1.73,0.0,0.0,0,0.03,-0.0
2,519,10.38,grip,0.01548,0.01456,-0.00525,0.02208,0.0071,-9.66,80.13,0.3069,0.0476,2.353,1.73,0.0,0.0,0,0.06,0.12
2,520,10.4,grip,0.01552,0.01454,-0.00542,0.02197,0.00661,-9.81,79.99,0.3069,0.0476,2.354,1.729,0.0,0.0,0,0.11,0.28
2,521,10.42,grip,0.01543,0.01442,-0.0055,0.02175,0.00612,-9.95,79.87,0.307,0.0476,2.354,1.73,0.0,0.0,0,0.19,0.6
2,522,10.44,grip,0.01519,0.01411,-0.00564,0.02142,0.00563,-10.05,79.78,0.3071,0.0476,2.351,1.729,0.0,0.0,0,0.27,0.72
2,523,10.46,grip,0.01503,0.01392,-0.00568,0.02101,0.00514,-10.0,79.85,0.3071,0.0476,2.352,1.729,0.0,0.0,0,0.35,0.68
2,524,10.48,grip,0.01468,0.01366,-0.00538,0.02017,0.00465,-9.85,80.0,0.3072,0.0476,2.364,1.729,0.0,0.0,0,0.43,0.5
2,525,10.5,grip,0.01462,0.01358,-0.00543,0.01988,0.00416,-9.82,80.02,0.3073,0.0475,2.381,1.729,0.0,0.0,0,0.5,0.52
2,526,10.52,grip,0.01465,0.01369,-0.0052,0.01958,0.00367,-9.71,80.12,0.3074,0.0474,2.403,1.727,0.0,0.0,0,0.5,0.68
2,527,10.54,grip,0.0149,0.01397,-0.00518,0.01968,0.00318,-9.72,80.1,0.3075,0.0472,2.427,1.726,0.0,0.0,0,0.5,1.02
2,528,10.56,grip,0.01497,0.01414,-0.00492,0.01948,0.00269,-9.67,80.13,0.3077,0.047,2.452,1.728,0.0,0.0,0,0.5,1.18
2,529,10.58,grip,0.01502,0.0143,-0.00459,0.01912,0.0022,-9.57,80.21,0.3078,0.0468,2.472,1.729,0.0,0.0,0,0.5,1.24
2,530,10.6,grip,0.01529,0.01469,-0.00424,0.01899,0.00171,-9.6,80.17,0.3079,0.0466,2.48,1.73,0.0,0.0,0,0.48,1.49
2,531,10.62,grip,0.01527,0.01464,-0.00433,0.01897,0.00122,-9.88,79.89,0.308,0.0464,2.473,1.728,0.0,0.0,0,0.5,1.89
2,532,10.64,grip,0.015,0.01442,-0.00411,0.01849,0.00073,-9.9,79.88,0.3082,0.0462,2.475,1.73,0.0,0.0,0,0.49,2.0
2,533,10.66,grip,0.0148,0.01428,-0.00392,0.0181,0.00024,-9.87,79.9,0.3083,0.046,2.483,1.73,0.0,0.0,0,0.49,2.01
2,534,10.68,grip,0.01463,0.01424,-0.00333,0.01736,-0.00025,-9.58,80.18,0.3085,0.0458,2.488,1.728,0.0,0.0,0,0.44,1.65
2,535,10.7,grip,0.01465,0.01437,-0.00287,0.01694,-0.00074,-9.41,80.34,0.3087,0.0456,2.493,1.723,0.027,0.0,0,0.42,1.39
2,536,10.72,grip,0.0147,0.01454,-0.00219,0.01631,-0.00123,-9.1,80.64,0.3088,0.0455,2.497,1.729,0.0,0.0,0,0.36,0.99
2,537,10.74,grip,0.01509,0.01501,-0.0016,0.01624,-0.00172,-8.99,80.77,0.309,0.0453,2.5,1.73,0.0,0.0,0,0.31,1.08
2,538,10.76,grip,0.01461,0.01445,-0.00212,0.01612,-0.00221,-9.37,80.42,0.3092,0.0452,2.484,1.709,2.248,0.0,0,0.36,1.82
2,539,10.78,grip,0.01466,0.01455,-0.00177,0.01588,-0.0027,-9.32,80.47,0.3094,0.045,2.487,1.722,1.032,0.0,0,0.39,2.02
2,540,10.8,grip,0.01512,0.01508,-0.00109,0.01591,-0.00319,-9.09,80.69,0.3097,0.0449,2.493,1.68,0.891,0.0,0,0.34,1.78
2,541,10.82,grip,0.01552,0.01551,-0.00038,0.01578,-0.00368,-8.76,81.01,0.3099,0.0448,2.493,1.73,0.0,0.0,0,0.23,1.28
2,542,10.84,grip,0.01594,0.01594,3e-05,0.01598,-0.00417,-8.7,81.09,0.3101,0.0448,2.496,1.289,1.65,0.0,0,0.15,1.19
2,543,10.86,grip,0.01575,0.01575,-0.0001,0.01602,-0.00466,-8.97,80.8,0.3104,0.0447,2.5,1.647,5.989,0.0,0,0.16,2.02
2,544,10.88,grip,0.0157,0.0157,-0.00041,0.01612,-0.00515,-9.12,80.47,0.3106,0.0446,2.515,1.684,3.772,0.0,0,0.22,2.44
2,545,10.9,grip,0.01571,0.01571,-0.00023,0.01605,-0.00564,-9.23,80.58,0.3109,0.0445,2.534,0.743,6.495,0.0,0,0.18,2.25
2,546,10.92,grip,0.01579,0.01578,-0.00039,0.01617,-0.00613,-9.23,80.31,0.3112,0.0444,2.549,1.236,4.081,0.0,0,0.21,2.31
2,547,10.94,grip,0.01575,0.01575,-0.00037,0.01608,-0.00662,-9.39,80.39,0.3115,0.0443,2.568,0.879,9.642,0.0,0,0.2,2.24
2,548,10.96,grip,0.01571,0.0157,-0.00069,0.01613,-0.00711,-9.51,80.2,0.3117,0.0442,2.583,0.9,10.081,0.0,0,0.27,2.59
2,549,10.98,turn,0.01568,0.01565,-0.00111,0.01619,-0.0076,-9.61,79.99,0.312,0.0441,2.601,0.848,10.411,0.0,0,0.36,3.0
2,550,11.0,turn,0.01614,0.01606,-0.00159,0.01713,-0.0076,-9.62,77.88,0.3124,0.044,2.63,1.572,12.492,0.0,0,0.45,5.01
2,551,11.02,turn,0.01701,0.01692,-0.0018,0.01867,-0.0076,-9.58,74.47,0.3127,0.0439,2.702,1.653,11.338,0.0,0,0.5,7.3
2,552,11.04,turn,0.01813,0.01804,-0.00173,0.02046,-0.0076,-9.41,70.51,0.313,0.0438,2.811,1.632,12.076,0.0,0,0.48,9.42
2,553,11.06,turn,0.01938,0.01933,-0.00144,0.02238,-0.0076,-9.09,66.52,0.3131,0.0437,2.928,1.73,12.604,0.0,0,0.4,11.38
2,554,11.08,turn,0.02079,0.02077,-0.00097,0.02447,-0.0076,-8.69,62.58,0.3132,0.0435,3.039,1.73,13.007,0.0,0,0.29,13.47
2,555,11.1,turn,0.02228,0.02228,-0.00041,0.02661,-0.0076,-8.18,58.85,0.3132,0.0435,3.145,1.715,14.373,0.0,0,0.16,15.66
2,556,11.12,turn,0.02371,0.0237,0.00032,0.02867,-0.0076,-7.5,55.56,0.3132,0.0434,3.245,1.747,13.945,0.0,0,-0.0,17.72
2,557,11.14,turn,0.02486,0.02486,0.00034,0.03054,-0.0076,-6.9,52.02,0.3131,0.0435,3.339,1.738,13.748,0.0,0,0.01,19.62
2,558,11.16,turn,0.02594,0.02593,0.00046,0.03226,-0.0076,-6.17,49.13,0.3129,0.0437,3.434,1.384,14.613,0.0,0,-0.0,21.44
2,559,11.18,turn,0.02697,0.02696,0.00058,0.03392,-0.0076,-5.34,46.3,0.3127,0.0441,3.52,1.576,14.447,0.0,0,-0.0,23.17
2,560,11.2,turn,0.02781,0.0278,0.00058,0.03541,-0.0076,-4.52,43.48,0.3125,0.0447,3.577,1.51,15.607,0.0,0,0.0,24.85
2,561,11.22,turn,0.02869,0.02869,0.00048,0.03683,-0.0076,-3.69,41.0,0.3123,0.0453,3.602,1.679,14.795,0.0,0,0.01,26.57
2,562,11.24,turn,0.02952,0.02951,0.00035,0.0377,-0.0076,-2.76,39.6,0.3121,0.046,3.593,1.731,14.102,0.0,0,0.01,27.89
2,563,11.26,turn,0.02982,0.02982,0.00014,0.03812,-0.0076,-1.8,38.52,0.3119,0.0467,3.563,1.653,15.508,0.0,0,0.02,28.7
2,564,11.28,turn,0.03004,0.03004,-0.00013,0.03825,-0.0076,-0.8,37.97,0.3118,0.0473,3.526,1.735,14.279,0.0,0,0.04,29.27
2,565,11.3,turn,0.02998,0.02997,-0.00024,0.03796,-0.0076,0.29,38.12,0.3118,0.048,3.491,1.72,10.121,0.0,0,0.04,29.41
2,566,11.32,turn,0.03008,0.03007,-0.00086,0.0379,-0.0076,1.27,37.6,0.3119,0.0486,3.462,1.741,12.209,0.0,0,0.13,29.82
2,567,11.34,turn,0.02992,0.02986,-0.00189,0.03756,-0.0076,2.22,37.49,0.3121,0.0491,3.431,1.704,10.097,0.0,0,0.31,30.02
2,568,11.36,turn,0.02975,0.0296,-0.00298,0.03731,-0.0076,3.03,36.9,0.3123,0.0496,3.403,1.235,13.296,0.0,0,0.5,30.26
2,569,11.38,turn,0.02954,0.02937,-0.00316,0.03686,-0.0076,4.08,37.13,0.3126,0.0501,3.377,1.752,10.175,0.0,0,0.5,30.13
2,570,11.4,turn,0.02945,0.02926,-0.00335,0.03664,-0.0076,4.97,36.59,0.313,0.0503,3.357,1.628,14.818,0.0,0,0.5,30.24
2,571,11.42,turn,0.02916,0.02895,-0.00351,0.03617,-0.0076,5.96,36.83,0.3135,0.0505,3.335,1.754,10.93,0.0,0,0.5,30.0
2,572,11.44,turn,0.02883,0.0286,-0.00364,0.03556,-0.0076,7.0,37.15,0.314,0.0507,3.326,1.726,10.405,0.0,0,0.5,29.74
2,573,11.46,turn,0.0286,0.02836,-0.00376,0.03519,-0.0076,7.89,36.87,0.3146,0.0507,3.324,1.427,14.857,0.0,0,0.5,29.67
2,574,11.48,turn,0.02836,0.02809,-0.00385,0.03475,-0.0076,8.89,37.13,0.3152,0.0507,3.322,1.768,10.306,0.0,0,0.5,29.5
2,575,11.5,turn,0.02813,0.02787,-0.00387,0.03426,-0.0076,9.95,37.18,0.3158,0.0507,3.32,1.713,10.397,0.0,0,0.5,29.43
2,576,11.52,turn,0.02832,0.02806,-0.00388,0.03417,-0.0076,10.88,37.03,0.3164,0.0508,3.318,1.744,8.943,0.0,0,0.5,29.86
2,577,11.54,turn,0.02833,0.02805,-0.00395,0.03394,-0.0076,11.8,36.85,0.3172,0.0508,3.315,1.587,8.841,0.0,0,0.5,30.09
2,578,11.56,turn,0.02861,0.02833,-0.004,0.03396,-0.0076,12.44,36.64,0.3179,0.0507,3.31,1.469,8.536,0.0,0,0.5,30.56
2,579,11.58,turn,0.02884,0.02856,-0.00407,0.03394,-0.0076,12.91,36.09,0.3187,0.0505,3.308,0.872,11.424,0.0,0,0.5,31.05
2,580,11.6,turn,0.02902,0.02873,-0.00409,0.03387,-0.0076,13.49,36.11,0.3194,0.0502,3.309,1.37,8.342,0.0,0,0.5,31.55
2,581,11.62,turn,0.0291,0.0288,-0.00414,0.03371,-0.0076,13.91,35.83,0.3202,0.0499,3.315,0.778,11.005,0.0,0,0.5,31.95
2,582,11.64,turn,0.02882,0.02851,-0.0042,0.0332,-0.0076,14.51,36.25,0.3209,0.0496,3.3,0.906,11.155,0.0,0,0.5,32.08
2,583,11.66,turn,0.02849,0.02817,-0.00425,0.03266,-0.0076,15.19,36.75,0.3217,0.0492,3.238,1.021,10.286,0.0,0,0.5,32.14
2,584,11.68,turn,0.02831,0.02797,-0.00434,0.03229,-0.0076,15.78,37.11,0.3225,0.0488,3.155,0.874,9.814,0.0,0,0.5,32.4
2,585,11.7,turn,0.02815,0.0278,-0.00443,0.03202,-0.0076,16.19,37.16,0.3233,0.0483,3.077,0.698,10.167,0.0,0,0.5,32.78
2,586,11.72,turn,0.02779,0.02741,-0.00459,0.0316,-0.0076,16.45,37.19,0.3242,0.0477,3.007,0.803,9.934,0.0,0,0.5,33.01
2,587,11.74,turn,0.0274,0.02699,-0.00471,0.03114,-0.0076,16.62,37.2,0.325,0.0471,2.945,0.865,10.327,0.0,0,0.5,33.11
2,588,11.76,turn,0.02687,0.02644,-0.00482,0.03058,-0.0076,16.79,37.23,0.3257,0.0465,2.889,0.801,10.825,0.0,0,0.5,33.05
2,589,11.78,turn,0.02622,0.02576,-0.00492,0.02991,-0.0076,17.01,37.28,0.3264,0.0459,2.84,0.695,11.307,0.0,0,0.5,32.83
2,590,11.8,turn,0.02549,0.02498,-0.00503,0.02918,-0.0076,17.21,37.32,0.3271,0.0452,2.796,0.681,11.672,0.0,0,0.5,32.5
2,591,11.82,turn,0.0247,0.02415,-0.00517,0.02841,-0.0076,17.37,37.36,0.3276,0.0445,2.758,0.683,11.909,0.0,0,0.5,32.12
2,592,11.84,turn,0.0239,0.02331,-0.0053,0.02764,-0.0076,17.51,37.41,0.3281,0.0438,2.725,0.626,12.333,0.0,0,0.5,31.74
2,593,11.86,turn,0.0231,0.02245,-0.00543,0.02686,-0.0076,17.64,37.5,0.3285,0.0432,2.696,0.618,12.554,0.0,0,0.5,31.36
2,594,11.88,turn,0.02227,0.02156,-0.00558,0.02606,-0.0076,17.79,37.61,0.3289,0.0425,2.67,0.613,12.669,0.0,0,0.5,30.97
2,595,11.9,turn,0.02146,0.02069,-0.00572,0.02528,-0.0076,17.92,37.72,0.3293,0.0419,2.647,0.609,12.736,0.0,0,0.5,30.6
2,596,11.92,turn,0.0207,0.01985,-0.00587,0.02453,-0.0076,18.06,37.82,0.3296,0.0413,2.625,0.624,12.649,0.0,0,0.5,30.29
2,597,11.94,turn,0.01999,0.01906,-0.00602,0.02384,-0.0076,18.15,37.91,0.3299,0.0407,2.605,0.657,12.604,0.0,0,0.5,30.07
2,598,11.96,turn,0.01934,0.01833,-0.00618,0.0232,-0.0076,18.21,37.98,0.3303,0.0402,2.587,0.68,12.539,0.0,0,0.5,29.92
2,599,11.98,turn,0.01877,0.01766,-0.00635,0.02261,-0.0076,18.23,38.04,0.3305,0.0397,2.569,0.676,12.519,0.0,0,0.5,29.86
2,600,12.0,turn,0.01825,0.01704,-0.00654,0.02206,-0.0076,18.24,38.09,0.3308,0.0393,2.552,0.693,12.385,0.0,0,0.5,29.87
2,601,12.02,turn,0.01774,0.01641,-0.00674,0.0215,-0.0076,18.23,38.15,0.3311,0.0389,2.535,0.734,12.34,0.0,0,0.5,29.85
2,602,12.04,turn,0.01721,0.01574,-0.00696,0.02092,-0.0076,18.2,38.22,0.3314,0.0386,2.516,0.745,12.364,0.0,0,0.5,29.81
2,603,12.06,turn,0.0167,0.01506,-0.0072,0.02035,-0.0076,18.17,38.3,0.3317,0.0383,2.497,0.786,12.242,0.0,0,0.5,29.77
2,604,12.08,turn,0.01622,0.0144,-0.00746,0.0198,-0.0076,18.13,38.37,0.332,0.0381,2.476,0.807,12.151,0.0,0,0.5,29.76
2,605,12.1,turn,0.01576,0.01374,-0.00772,0.01926,-0.0076,18.08,38.47,0.3323,0.038,2.454,0.78,12.196,0.0,0,0.5,29.76
2,606,12.12,turn,0.01532,0.01305,-0.00801,0.01873,-0.0076,18.04,38.56,0.3326,0.0379,2.43,0.833,12.106,0.0,0,0.5,29.75
2,607,12.14,turn,0.01491,0.01236,-0.00833,0.01824,-0.0076,17.97,38.61,0.3329,0.0378,2.404,0.862,12.015,0.0,0,0.5,29.76
2,608,12.16,turn,0.01454,0.01166,-0.00869,0.01778,-0.0076,17.89,38.65,0.3332,0.0378,2.376,0.923,11.808,0.0,0,0.5,29.77
2,609,12.18,turn,0.0142,0.01089,-0.0091,0.01732,-0.0076,17.82,38.71,0.3334,0.0379,2.347,0.952,11.728,0.0,0,0.5,29.75
2,610,12.2,turn,0.01392,0.01009,-0.00959,0.01692,-0.0076,17.78,38.78,0.3337,0.038,2.316,0.962,11.844,0.0,0,0.5,29.71
2,611,12.22,turn,0.01374,0.00929,-0.01013,0.01657,-0.0076,17.74,38.88,0.334,0.0382,2.282,0.948,11.878,0.0,0,0.5,29.66
2,612,12.24,turn,0.01372,0.00851,-0.01077,0.01636,-0.0076,17.71,39.03,0.3343,0.0385,2.245,0.937,11.813,0.0,0,0.5,29.66
2,613,12.26,turn,0.01402,0.0078,-0.01165,0.0164,-0.0076,17.66,39.25,0.3345,0.0388,2.206,1.011,11.261,0.0,0,0.5,29.76
2,614,12.28,turn,0.01476,0.00723,-0.01287,0.01685,-0.0076,17.61,39.53,0.3348,0.0391,2.164,1.078,10.509,0.0,0,0.5,29.98
2,615,12.3,turn,0.01603,0.00698,-0.01443,0.01783,-0.0076,17.53,39.98,0.335,0.0395,2.117,1.203,9.585,0.0,0,0.5,30.4
2,616,12.32,turn,0.01784,0.00704,-0.0164,0.01936,-0.0076,17.48,40.71,0.3353,0.0399,2.062,1.456,7.622,0.0,0,0.5,30.93
2,617,12.34,turn,0.02018,0.00725,-0.01883,0.02136,-0.0076,17.36,41.57,0.3356,0.0403,2.004,1.571,7.275,0.0,0,0.5,31.46
2,618,12.36,turn,0.0229,0.00704,-0.02179,0.02372,-0.0076,17.48,41.36,0.3359,0.0408,2.0,1.726,5.364,0.0,0,0.5,31.9
2,619,12.38,turn,0.02625,0.00597,-0.02557,0.02656,-0.0076,17.36,40.91,0.3361,0.0414,2.053,1.487,5.959,0.0,0,0.5,31.2
2,620,12.4,turn,0.03071,0.00739,-0.02981,0.03066,-0.0076,16.72,40.41,0.3362,0.0421,2.095,1.385,4.065,0.0,0,0.49,30.07
2,621,12.42,turn,0.03541,0.01078,-0.03373,0.03547,-0.0076,15.28,40.49,0.3362,0.043,2.119,1.456,2.505,0.0,0,0.41,29.03
2,622,12.44,turn,0.04,0.01427,-0.03737,0.04063,-0.0076,13.73,40.51,0.3361,0.044,2.197,1.603,0.0,0.0,0,0.25,25.97
2,623,12.46,turn,0.04327,0.01669,-0.03992,0.04376,-0.0076,13.61,39.13,0.3358,0.045,2.181,1.668,0.0,0.0,0,0.09,22.69
2,624,12.48,turn,0.04402,0.01653,-0.0408,0.04417,-0.0076,14.43,37.75,0.3353,0.0459,2.144,1.668,0.0,0.0,0,0.0,19.61
2,625,12.5,turn,0.04157,0.01217,-0.03975,0.04155,-0.0076,15.81,36.49,0.3347,0.0468,2.185,1.655,0.0,0.0,0,0.0,16.81
2,626,12.52,turn,0.03908,0.00766,-0.03832,0.03895,-0.0076,17.0,35.29,0.3339,0.0476,2.203,1.692,0.0,0.0,0,0.0,14.27
2,627,12.54,turn,0.03698,0.00342,-0.03682,0.03693,-0.0076,17.4,34.7,0.333,0.0484,2.231,1.698,0.0,0.0,0,0.01,11.97
2,628,12.56,turn,0.03552,0.00356,-0.03534,0.0356,-0.0076,17.37,33.84,0.3321,0.0491,2.223,1.723,0.0,0.0,0,0.01,9.88
2,629,12.58,turn,0.03472,0.0035,-0.03455,0.03494,-0.0076,17.4,33.6,0.3312,0.0497,2.233,1.719,0.0,0.0,0,0.02,7.99
2,630,12.6,turn,0.0343,0.00492,-0.03394,0.03471,-0.0076,17.32,32.64,0.3304,0.0502,2.227,1.663,0.0,0.0,0,0.02,6.27
2,631,12.62,turn,0.0346,0.00674,-0.03394,0.03527,-0.0076,17.08,32.21,0.3295,0.0507,2.228,1.611,0.0,0.0,0,0.03,4.72
2,632,12.64,turn,0.03507,0.00935,-0.0338,0.03623,-0.0076,16.66,32.89,0.3288,0.0511,2.172,1.725,0.0,0.0,0,0.03,3.31
2,633,12.66,turn,0.03474,0.01041,-0.03315,0.03617,-0.0076,16.5,33.62,0.3281,0.0514,2.151,1.013,0.0,0.0,0,0.04,2.02
2,634,12.68,turn,0.03298,0.00999,-0.03144,0.03456,-0.0076,16.1,34.78,0.3275,0.0516,2.127,1.097,0.0,0.0,0,0.04,0.86
2,635,12.7,turn,0.03098,0.01072,-0.02907,0.03264,-0.0076,15.93,35.83,0.327,0.0518,2.093,1.145,0.0,0.0,0,0.05,-0.0
2,636,12.72,turn,0.0304,0.013,-0.02748,0.03217,-0.0076,15.93,36.56,0.3265,0.0519,2.061,1.142,0.0,0.0,0,0.05,-0.0
2,637,12.74,turn,0.03127,0.01522,-0.02732,0.03299,-0.0076,15.81,36.79,0.3261,0.0518,2.047,1.567,0.0,0.0,0,0.06,-0.0
2,638,12.76,turn,0.03185,0.01685,-0.02703,0.03328,-0.0076,15.6,36.91,0.3257,0.0517,2.047,1.588,0.0,0.0,0,0.06,-0.0
2,639,12.78,turn,0.03069,0.01586,-0.02627,0.03198,-0.0076,14.96,36.72,0.3255,0.0516,2.021,1.727,0.0,0.0,0,0.07,-0.0
2,640,12.8,turn,0.02787,0.01247,-0.02493,0.02933,-0.0076,14.01,36.7,0.3252,0.0514,1.963,1.727,0.0,0.0,0,0.07,-0.0
2,641,12.82,turn,0.02506,0.01154,-0.02225,0.02672,-0.0076,13.54,36.93,0.325,0.0512,1.924,1.727,0.0,0.0,0,0.08,-0.0
2,642,12.84,turn,0.02416,0.01323,-0.02021,0.02579,-0.0076,13.37,37.19,0.3247,0.0509,1.91,1.659,0.0,0.0,0,0.08,-0.0
2,643,12.86,turn,0.02509,0.01506,-0.02007,0.0263,-0.0076,12.85,37.23,0.3244,0.0505,1.91,1.727,0.0,0.0,0,0.08,-0.0
2,644,12.88,turn,0.02525,0.01549,-0.01995,0.02589,-0.0076,12.02,37.14,0.3242,0.0501,1.901,1.727,0.0,0.0,0,0.09,-0.0
2,645,12.9,turn,0.02273,0.0127,-0.01885,0.02311,-0.0076,11.0,36.54,0.324,0.0498,1.864,1.726,0.0,0.0,0,0.09,-0.0
2,646,12.92,turn,0.01976,0.01111,-0.01634,0.02042,-0.0076,10.71,36.83,0.3239,0.0494,1.805,1.73,0.0,0.0,0,0.09,-0.0
2,647,12.94,turn,0.01842,0.01073,-0.01497,0.01939,-0.0076,10.25,37.05,0.3237,0.049,1.773,1.73,0.0,0.0,0,0.1,-0.0
2,648,12.96,turn,0.0196,0.01268,-0.01495,0.02061,-0.0076,9.9,37.59,0.3234,0.0486,1.765,1.576,0.0,0.0,0,0.1,-0.0
2,649,12.98,turn,0.02128,0.01484,-0.01526,0.0217,-0.0076,9.41,37.78,0.3233,0.0482,1.772,1.645,0.0,0.0,0,0.1,-0.0
2,650,13.0,turn,0.02109,0.01488,-0.01494,0.02048,-0.0076,8.41,37.84,0.3232,0.0478,1.762,1.729,0.0,0.0,0,0.11,-0.0
2,651,13.02,turn,0.01838,0.01228,-0.01367,0.01778,-0.0076,8.19,37.1,0.3231,0.0474,1.717,1.73,0.0,0.0,0,0.11,-0.0
2,652,13.04,turn,0.01593,0.01005,-0.01235,0.0163,-0.0076,8.61,37.29,0.323,0.047,1.659,1.73,0.0,0.0,0,0.11,-0.0
2,653,13.06,turn,0.01517,0.01009,-0.01133,0.01615,-0.0076,8.39,37.79,0.3228,0.0466,1.639,1.61,0.0,0.0,0,0.11,-0.0
2,654,13.08,turn,0.01599,0.01281,-0.00957,0.01746,-0.0076,8.58,38.07,0.3226,0.0463,1.634,1.577,0.0,0.0,0,0.12,-0.0
2,655,13.1,turn,0.0165,0.01355,-0.00942,0.01783,-0.0076,8.24,38.37,0.3225,0.0459,1.627,1.583,0.0,0.0,0,0.12,-0.0
2,656,13.12,turn,0.01505,0.01209,-0.00896,0.01584,-0.0076,7.6,38.7,0.3224,0.0455,1.611,1.581,0.0,0.0,0,0.12,-0.0
2,657,13.14,turn,0.01322,0.01131,-0.00684,0.0137,-0.0076,7.33,38.92,0.3224,0.0451,1.585,1.572,0.0,0.0,0,0.12,-0.0
2,658,13.16,turn,0.01313,0.01205,-0.00522,0.01353,-0.0076,7.28,38.98,0.3223,0.0448,1.576,1.574,0.0,0.0,0,0.12,-0.0
2,659,13.18,turn,0.01423,0.01307,-0.00561,0.01465,-0.0076,7.05,39.05,0.3221,0.0443,1.571,1.578,0.0,0.0,0,0.13,-0.0
2,660,13.2,turn,0.01646,0.01514,-0.00645,0.01704,-0.0076,6.97,39.05,0.322,0.0439,1.569,1.579,0.0,0.0,0,0.13,-0.0
2,661,13.22,turn,0.01735,0.01608,-0.00652,0.0179,-0.0076,6.87,39.01,0.3219,0.0435,1.563,1.577,0.0,0.0,0,0.13,-0.0
2,662,13.24,turn,0.01575,0.01454,-0.00603,0.01597,-0.0076,6.49,39.05,0.3218,0.0432,1.554,1.575,0.0,0.0,0,0.13,-0.0
2,663,13.26,turn,0.01446,0.01368,-0.00469,0.01448,-0.0076,6.33,39.06,0.3217,0.0429,1.546,1.549,0.0,0.0,0,0.13,-0.0
2,664,13.28,turn,0.01537,0.01491,-0.00373,0.01538,-0.0076,6.47,38.97,0.3216,0.0426,1.555,1.57,0.0,0.0,0,0.13,-0.0
2,665,13.3,turn,0.01722,0.01668,-0.00428,0.01738,-0.0076,6.54,38.96,0.3214,0.0422,1.562,1.565,0.0,0.0,0,0.13,-0.0
2,666,13.32,turn,0.0197,0.01912,-0.00478,0.02005,-0.0076,6.78,38.87,0.3213,0.0418,1.567,1.563,0.0,0.0,0,0.14,-0.0
2,667,13.34,turn,0.02056,0.02006,-0.00451,0.02096,-0.0076,6.97,38.78,0.3211,0.0416,1.569,1.562,0.0,0.0,0,0.14,-0.0
2,668,13.36,turn,0.01992,0.01949,-0.00408,0.02024,-0.0076,6.97,38.77,0.3211,0.0413,1.577,1.557,0.0,0.0,0,0.14,-0.0
2,669,13.38,turn,0.02018,0.01974,-0.00415,0.02046,-0.0076,7.01,38.74,0.321,0.041,1.594,1.551,0.0,0.0,0,0.14,-0.0
2,670,13.4,turn,0.02247,0.02202,-0.00452,0.02283,-0.0076,7.34,38.58,0.3208,0.0407,1.614,1.548,0.0,0.0,0,0.14,-0.0
2,671,13.42,turn,0.02533,0.02489,-0.00469,0.02579,-0.0076,7.86,38.48,0.3207,0.0405,1.626,1.546,0.0,0.0,0,0.14,-0.0
2,672,13.44,turn,0.02723,0.02687,-0.00443,0.02774,-0.0076,8.36,38.3,0.3206,0.0403,1.636,1.547,0.0,0.0,0,0.14,-0.0
2,673,13.46,turn,0.02864,0.02832,-0.00421,0.02917,-0.0076,8.81,38.19,0.3205,0.0401,1.651,1.544,0.0,0.0,0,0.14,-0.0
2,674,13.48,crack,0.03132,0.03123,-0.00229,0.03187,-0.0076,9.37,38.0,0.3204,0.0399,1.672,1.542,0.0,0.0,0,0.14,-0.0
2,675,13.5,crack,0.03426,0.03423,-0.00152,0.03496,-0.0076,9.67,38.0,0.3203,0.0398,1.689,1.73,3.762,0.0,0,0.14,-0.0
2,676,13.52,crack,0.03487,0.03486,-0.00055,0.03546,-0.0076,9.48,36.91,0.3202,0.0396,1.739,1.541,1.297,0.0,0,0.11,-0.0
2,677,13.54,crack,0.03387,0.03384,-0.00127,0.03458,-0.0076,9.39,37.16,0.3201,0.0395,1.724,1.504,0.22,0.0,0,0.08,-0.0
2,678,13.56,crack,0.03388,0.03387,-0.00055,0.03463,-0.0076,9.3,37.0,0.3201,0.0394,1.752,1.468,1.26,0.0,0,0.07,-0.0
2,679,13.58,crack,0.03374,0.03374,2e-05,0.03455,-0.0076,9.18,36.86,0.3201,0.0394,1.78,1.445,1.043,0.0,0,0.02,-0.0
2,680,13.6,crack,0.03398,0.03398,0.00052,0.03478,-0.0076,8.97,36.44,0.3201,0.0394,1.824,0.937,1.166,0.0,0,0.01,-0.0
2,681,13.62,crack,0.03381,0.03381,0.0006,0.03468,-0.0076,8.69,36.36,0.3202,0.0395,1.848,1.329,1.028,0.0,0,0.01,-0.0
2,682,13.64,crack,0.03377,0.03376,0.00066,0.0347,-0.0076,8.36,36.23,0.3203,0.0395,1.88,1.431,1.282,0.0,0,0.04,-0.0
2,683,13.66,crack,0.03334,0.03334,0.00051,0.03436,-0.0076,8.19,36.3,0.3204,0.0397,1.899,1.463,0.469,0.0,0,0.05,-0.0
2,684,13.68,crack,0.03321,0.03319,0.00084,0.03427,-0.0076,8.09,36.18,0.3205,0.0398,1.938,1.446,1.009,0.0,0,0.04,-0.0
2,685,13.7,crack,0.03289,0.03288,0.00048,0.03402,-0.0076,7.96,36.45,0.3207,0.04,1.958,1.371,0.379,0.0,0,0.0,-0.0
2,686,13.72,crack,0.03308,0.03307,0.00065,0.03421,-0.0076,7.73,36.32,0.3209,0.0403,2.006,0.955,1.368,0.0,0,0.04,-0.0
2,687,13.74,crack,0.03304,0.03303,0.00073,0.03425,-0.0076,7.56,36.35,0.321,0.0405,2.037,0.944,0.863,0.0,0,0.05,-0.0
2,688,13.76,crack,0.03288,0.03288,0.0006,0.03413,-0.0076,7.48,36.43,0.3212,0.0408,2.053,0.896,0.273,0.0,0,0.06,-0.0
2,689,13.78,crack,0.03291,0.0329,0.00101,0.03418,-0.0076,7.45,36.42,0.3213,0.0412,2.089,0.877,0.523,0.0,0,0.04,-0.0
2,690,13.8,crack,0.03266,0.03266,0.00033,0.03405,-0.0076,7.42,36.76,0.3215,0.0415,2.091,0.884,0.218,0.0,0,0.05,-0.0
2,691,13.82,crack,0.03275,0.03274,0.00066,0.03418,-0.0076,7.32,36.78,0.3217,0.0419,2.129,1.398,0.687,0.0,0,0.08,-0.0
2,692,13.84,crack,0.03274,0.03273,0.00072,0.03424,-0.0076,7.25,36.75,0.3218,0.0423,2.157,1.043,0.0,0.0,0,0.08,-0.0
2,693,13.86,crack,0.03274,0.03274,0.00059,0.03432,-0.0076,7.2,36.71,0.322,0.0428,2.174,0.924,0.683,0.0,0,0.1,-0.0
2,694,13.88,crack,0.03261,0.03261,0.00028,0.03436,-0.0076,7.18,36.96,0.3221,0.0433,2.175,1.107,0.0,0.0,0,0.14,-0.0
2,695,13.9,crack,0.03255,0.03255,0.00027,0.03437,-0.0076,7.17,37.19,0.3222,0.0438,2.185,1.573,0.0,0.0,0,0.19,-0.0
2,696,13.92,crack,0.03211,0.03211,0.00048,0.03424,-0.0076,7.05,38.26,0.3223,0.0443,2.189,1.701,0.0,0.0,0,0.22,-0.0
2,697,13.94,crack,0.03301,0.03299,0.00104,0.03489,-0.0076,7.06,37.76,0.3224,0.0448,2.265,1.013,0.0,0.0,0,0.24,-0.0
2,698,13.96,crack,0.0339,0.03388,0.00097,0.0356,-0.0076,6.91,37.43,0.3225,0.0454,2.292,0.736,1.896,0.0,0,0.28,-0.0
2,699,13.98,crack,0.03262,0.0326,-0.00114,0.0346,-0.0076,6.55,37.88,0.3225,0.0459,2.251,1.728,0.0,0.0,0,0.31,-0.0
2,700,14.0,crack,0.03263,0.03257,-0.00207,0.03469,-0.0076,6.54,37.75,0.3225,0.0464,2.25,1.286,0.0,0.0,0,0.34,-0.0
2,701,14.02,crack,0.03329,0.03316,-0.00294,0.03535,-0.0076,6.63,37.2,0.3225,0.047,2.26,0.865,0.0,0.0,0,0.36,-0.0
2,702,14.04,crack,0.03366,0.03333,-0.00468,0.03589,-0.0076,6.58,37.5,0.3225,0.0475,2.229,0.918,0.0,0.0,0,0.39,-0.0
2,703,14.06,crack,0.03485,0.03456,-0.00453,0.03715,-0.0076,6.77,37.54,0.3224,0.0481,2.247,1.693,0.0,0.0,0,0.42,-0.0
2,704,14.08,crack,0.03609,0.03589,-0.00376,0.03822,-0.0076,6.81,36.99,0.3223,0.0487,2.292,1.609,2.974,0.0,0,0.43,-0.0
2,705,14.1,crack,0.03662,0.03646,-0.00342,0.03856,-0.0076,6.68,36.82,0.3221,0.0492,2.32,1.708,1.465,0.0,0,0.4,-0.0
2,706,14.12,crack,0.03674,0.03634,-0.0054,0.0388,-0.0076,6.56,37.23,0.322,0.0497,2.286,1.727,0.0,0.0,0,0.35,-0.0
2,707,14.14,crack,0.03804,0.03753,-0.00619,0.04002,-0.0076,6.8,36.74,0.3219,0.0502,2.283,0.872,0.0,0.0,0,0.3,-0.0
2,708,14.16,crack,0.03905,0.03839,-0.00715,0.04105,-0.0076,6.96,36.75,0.3217,0.0507,2.262,0.788,0.0,0.0,0,0.26,-0.0
2,709,14.18,crack,0.03992,0.0391,-0.00805,0.04195,-0.0076,7.11,36.74,0.3215,0.0512,2.235,0.777,0.0,0.0,0,0.21,-0.0
2,710,14.2,crack,0.04106,0.04033,-0.00771,0.04316,-0.0076,7.38,36.95,0.3213,0.0517,2.239,1.679,0.0,0.0,0,0.17,-0.0
2,711,14.22,crack,0.04341,0.04286,-0.00688,0.04534,-0.0076,7.91,36.55,0.3211,0.0522,2.269,1.169,0.0,0.0,0,0.13,-0.0
2,712,14.24,crack,0.04552,0.04485,-0.00778,0.04735,-0.0076,8.22,36.2,0.3209,0.0527,2.247,0.801,0.0,0.0,0,0.1,-0.0
2,713,14.26,crack,0.04637,0.04544,-0.00921,0.04834,-0.0076,8.26,36.54,0.3206,0.0531,2.189,1.671,0.0,0.0,0,0.06,-0.0
2,714,14.28,crack,0.0474,0.04657,-0.00885,0.04927,-0.0076,8.63,35.97,0.3204,0.0536,2.187,0.832,0.0,0.0,0,0.03,-0.0
2,715,14.3,crack,0.04845,0.04738,-0.01014,0.05034,-0.0076,8.75,36.4,0.3201,0.054,2.143,1.269,0.0,0.0,0,-0.0,-0.0
2,716,14.32,crack,0.05,0.0491,-0.00943,0.05194,-0.0076,9.21,36.31,0.3199,0.0545,2.14,1.668,0.0,0.0,0,0.0,-0.0
2,717,14.34,crack,0.05178,0.05111,-0.00827,0.05369,-0.0076,9.72,36.09,0.3196,0.0549,2.15,1.66,0.0,0.0,0,0.0,-0.0
2,718,14.36,crack,0.05346,0.05279,-0.00845,0.05525,-0.0076,10.11,35.43,0.3193,0.0554,2.123,0.713,0.0,0.0,0,0.0,-0.0
2,719,14.38,crack,0.05329,0.05246,-0.00936,0.05533,-0.0076,10.01,35.82,0.319,0.0558,2.063,1.695,0.0,0.0,0,0.0,-0.0
2,720,14.4,crack,0.05355,0.05284,-0.00871,0.05548,-0.0076,10.3,35.28,0.3188,0.0562,2.049,0.817,0.0,0.0,0,0.0,-0.0
2,721,14.42,crack,0.05382,0.05298,-0.00946,0.05577,-0.0076,10.38,35.77,0.3185,0.0567,1.999,1.288,0.0,0.0,0,0.0,-0.0
2,722,14.44,crack,0.0548,0.05414,-0.00845,0.0568,-0.0076,10.78,35.67,0.3182,0.0571,1.996,1.67,0.0,0.0,0,0.0,-0.0
2,723,14.46,crack,0.0564,0.05593,-0.00725,0.0584,-0.0076,11.27,35.53,0.3179,0.0575,1.994,1.662,0.0,0.0,0,0.0,-0.0
2,724,14.48,crack,0.05794,0.05757,-0.00658,0.05981,-0.0076,11.73,34.87,0.3176,0.0579,1.975,0.755,0.0,0.0,0,0.0,-0.0
2,725,14.5,crack,0.0575,0.05705,-0.00724,0.05952,-0.0076,11.65,35.26,0.3174,0.0583,1.915,1.712,0.0,0.0,0,0.0,-0.0
2,726,14.52,crack,0.05763,0.05726,-0.00646,0.05956,-0.0076,11.93,34.91,0.3172,0.0588,1.899,0.838,0.0,0.0,0,0.0,-0.0
2,727,14.54,crack,0.05837,0.05799,-0.00664,0.06024,-0.0076,12.17,34.57,0.3169,0.0592,1.864,0.705,0.0,0.0,0,0.0,-0.0
2,728,14.56,crack,0.05904,0.0586,-0.00725,0.06109,-0.0076,12.28,34.67,0.3166,0.0596,1.801,0.646,0.0,0.0,0,0.0,-0.0
2,729,14.58,crack,0.05893,0.05866,-0.00568,0.06103,-0.0076,12.51,34.43,0.3164,0.0601,1.788,1.528,0.0,0.0,0,0.0,-0.0
2,730,14.6,crack,0.05835,0.05824,-0.00355,0.06049,-0.0076,12.74,34.4,0.3162,0.0605,1.785,1.461,0.0,0.0,0,0.0,-0.0
2,731,14.62,crack,0.0583,0.05829,-0.00104,0.06027,-0.0076,13.11,34.09,0.316,0.061,1.794,1.493,0.0,0.0,0,0.0,-0.0
2,732,14.64,crack,0.05946,0.05946,-0.00015,0.06131,-0.0076,13.45,34.1,0.3158,0.0614,1.763,0.905,0.0,0.0,0,0.0,-0.0
2,733,14.66,crack,0.06189,0.06187,0.00137,0.06374,-0.0076,14.06,33.79,0.3156,0.0618,1.756,0.876,0.0,0.0,0,0.0,-0.0
2,734,14.68,ease,0.06342,0.06342,0.00091,0.06523,-0.0076,14.31,33.88,0.3154,0.0622,1.699,1.174,0.0,0.0,0,0.0,-0.0
2,735,14.7,ease,0.0601,0.0601,0.00038,0.0628,-0.0076,13.48,37.35,0.3152,0.0626,1.62,1.729,0.0,0.0,0,0.0,-0.0
2,736,14.72,ease,0.05507,0.055,0.0028,0.05849,-0.0076,12.61,41.3,0.3151,0.063,1.637,1.729,0.0,0.0,0,0.0,-0.0
2,737,14.74,ease,0.04914,0.04896,0.0042,0.05332,-0.0076,11.21,45.59,0.3149,0.0634,1.624,1.73,0.0,0.0,0,0.0,-0.0
2,738,14.76,ease,0.04213,0.04184,0.00495,0.04711,-0.0076,9.51,50.0,0.3148,0.0639,1.596,1.729,0.0,0.0,0,0.0,-0.0
2,739,14.78,ease,0.03269,0.03229,0.00512,0.0381,-0.0076,7.37,54.5,0.3148,0.0643,1.57,1.729,0.667,0.0,0,0.0,-0.0
2,740,14.8,ease,0.02097,0.02028,0.00534,0.02659,-0.0076,4.84,58.94,0.315,0.0647,1.57,1.729,0.551,0.0,0,0.0,-0.0
2,741,14.82,ease,0.00779,0.00666,0.00405,0.01332,-0.0076,1.95,63.37,0.3152,0.065,1.554,1.729,0.357,0.0,0,0.0,-0.0
2,742,14.84,ease,0.00541,0.00297,0.00452,0.00647,-0.0076,0.8,67.4,0.3156,0.0654,1.547,1.73,0.36,0.0,0,0.0,-0.0
2,743,14.86,ease,0.00658,0.00422,0.00505,0.00564,-0.0076,1.27,71.42,0.316,0.0658,1.512,1.727,0.166,0.0,0,0.0,-0.0
2,744,14.88,ease,0.00614,0.00271,0.00551,0.00761,-0.0076,2.07,75.11,0.3165,0.0661,1.448,1.723,0.063,0.0,0,0.0,-0.0
2,745,14.9,ease,0.0061,0.0028,0.00542,0.0081,-0.0076,1.87,78.88,0.3169,0.0664,1.43,1.73,0.0,0.0,0,0.0,-0.0
2,746,14.92,ease,0.0058,0.00493,0.00306,0.00694,-0.0076,0.48,81.68,0.3173,0.0666,1.394,1.729,0.0,0.0,0,0.0,-0.0
2,747,14.94,ease,0.00313,0.00259,0.00175,0.00688,-0.0076,-0.27,83.27,0.3176,0.0668,1.402,1.73,0.0,0.0,0,0.0,-0.0
2,748,14.96,ease,0.00486,0.00479,-0.00084,0.00582,-0.0076,-1.62,84.07,0.3179,0.067,1.367,1.728,0.0,0.0,0,0.0,-0.0
2,749,14.98,ease,0.00443,0.0042,0.00139,0.00423,-0.0076,-1.77,84.0,0.3183,0.0673,1.394,1.73,0.0,0.0,0,0.0,-0.0
2,750,15.0,ease,0.00697,0.00696,0.00048,0.00308,-0.0076,-2.74,83.64,0.3186,0.0674,1.351,1.728,0.0,0.0,0,0.0,-0.0
2,751,15.02,ease,0.00702,0.007,-0.00056,0.00561,-0.0076,-2.99,83.53,0.3188,0.0674,1.309,1.729,0.0,0.0,0,0.0,-0.0
2,752,15.04,ease,0.00783,0.00715,-0.00319,0.00708,-0.0076,-3.96,82.95,0.3189,0.0673,1.306,1.729,0.0,0.0,0,0.0,-0.0
2,753,15.06,ease,0.00658,0.00429,-0.00499,0.00888,-0.0076,-4.52,82.59,0.3189,0.0671,1.319,1.729,0.0,0.0,0,0.0,-0.0
2,754,15.08,ease,0.00666,0.00312,-0.00589,0.01101,-0.0076,-5.09,82.3,0.3188,0.0669,1.313,1.728,0.0,0.0,0,0.0,-0.0
2,755,15.1,ease,0.00692,0.00219,-0.00656,0.0111,-0.0076,-5.98,81.78,0.3188,0.0667,1.295,1.728,0.0,0.0,0,0.0,-0.0
2,756,15.12,ease,0.0068,0.00293,-0.00614,0.01184,-0.0076,-6.41,81.54,0.3188,0.0665,1.278,1.728,0.0,0.0,0,0.0,-0.0
2,757,15.14,ease,0.00863,0.00538,-0.00674,0.01392,-0.0076,-6.94,81.2,0.3187,0.0661,1.26,1.728,0.0,0.0,0,0.0,-0.0
2,758,15.16,ease,0.011,0.00611,-0.00915,0.01536,-0.0076,-7.91,80.53,0.3186,0.0657,1.226,1.728,0.0,0.0,0,0.0,-0.0
2,759,15.18,ease,0.01227,0.00827,-0.00906,0.01702,-0.0076,-8.31,80.29,0.3185,0.0653,1.204,1.729,0.0,0.0,0,0.0,-0.0
2,760,15.2,ease,0.01341,0.00797,-0.01078,0.01755,-0.0076,-9.23,79.6,0.3184,0.0648,1.17,1.73,0.0,0.0,0,0.0,-0.0
2,761,15.22,ease,0.01493,0.00961,-0.01142,0.01956,-0.0076,-9.49,79.58,0.3183,0.0643,1.132,1.73,0.0,0.0,0,0.0,-0.0
2,762,15.24,ease,0.0173,0.01174,-0.0127,0.0222,-0.0076,-9.48,79.76,0.3182,0.0638,1.095,1.73,0.0,0.0,0,0.0,-0.0
2,763,15.26,ease,0.01863,0.01155,-0.01462,0.02299,-0.0076,-9.57,79.94,0.3181,0.0632,1.073,1.73,0.0,0.0,0,0.0,-0.0
2,764,15.28,ease,0.0184,0.01303,-0.01299,0.0231,-0.0076,-8.87,80.71,0.318,0.0627,1.067,1.73,0.0,0.0,0,0.0,-0.0
2,765,15.3,ease,0.01879,0.01416,-0.01236,0.0237,-0.0076,-8.58,81.1,0.318,0.0622,1.033,1.73,0.0,0.0,0,0.0,-0.0
2,766,15.32,ease,0.02106,0.01646,-0.01315,0.02589,-0.0076,-8.35,81.38,0.3179,0.0616,1.015,1.73,0.0,0.0,0,0.0,-0.0
2,767,15.34,ease,0.02248,0.01749,-0.01413,0.02727,-0.0076,-8.16,81.62,0.3178,0.061,0.984,1.73,0.0,0.0,0,0.0,-0.0
2,768,15.36,ease,0.02188,0.01758,-0.01302,0.02699,-0.0076,-7.64,82.17,0.3178,0.0605,0.947,1.73,0.0,0.0,0,0.0,-0.0
2,769,15.38,ease,0.02101,0.01727,-0.01196,0.02635,-0.0076,-7.35,82.48,0.3179,0.0601,0.916,1.73,0.0,0.0,0,0.0,-0.0
2,770,15.4,ease,0.02182,0.01817,-0.01207,0.02705,-0.0076,-7.2,82.62,0.3179,0.0596,0.905,1.73,0.0,0.0,0,0.0,-0.0
2,771,15.42,ease,0.02267,0.019,-0.01237,0.02791,-0.0076,-7.0,82.84,0.3179,0.059,0.882,1.729,0.0,0.0,0,0.0,-0.0
2,772,15.44,ease,0.02189,0.01845,-0.01178,0.02726,-0.0076,-6.81,83.04,0.3179,0.0586,0.848,1.73,0.0,0.0,0,0.0,-0.0
2,773,15.46,ease,0.02139,0.01895,-0.00993,0.0272,-0.0076,-6.02,83.82,0.318,0.0582,0.822,1.73,0.0,0.0,0,0.0,-0.0
2,774,15.48,pull,0.02065,0.02057,-0.0019,0.02655,-0.0076,-5.9,83.94,0.3181,0.0578,0.79,1.729,0.0,0.0,0,0.0,-0.0
2,775,15.5,pull,0.02115,0.02112,-0.00105,0.02746,-0.0076,-5.76,84.18,0.3182,0.0573,0.761,1.73,0.0,0.0,0,0.0,-0.0
2,776,15.52,pull,0.02107,0.02106,-0.00038,0.0274,-0.0076,-5.92,84.05,0.3184,0.0569,0.744,1.73,0.0,0.0,0,0.0,-0.0
2,777,15.54,pull,0.02021,0.02017,0.00125,0.02649,-0.0076,-6.17,83.83,0.3185,0.0565,0.733,1.73,0.0,0.0,0,0.0,-0.0
2,778,15.56,pull,0.01982,0.01957,0.00315,0.02626,-0.0076,-6.19,83.81,0.3187,0.0562,0.717,1.73,0.0,0.0,0,0.0,-0.0
2,779,15.58,pull,0.02027,0.01996,0.00357,0.02695,-0.0076,-6.13,83.87,0.3188,0.0559,0.687,1.73,0.0,0.0,0,0.0,-0.0
2,780,15.6,pull,0.01988,0.01972,0.00251,0.02662,-0.0076,-6.32,83.68,0.319,0.0555,0.657,1.73,0.0,0.0,0,0.0,-0.0
2,781,15.62,pull,0.019,0.01875,0.00311,0.02589,-0.0076,-6.41,83.59,0.3191,0.0553,0.641,1.73,0.0,0.0,0,0.0,-0.0
2,782,15.64,pull,0.01837,0.0177,0.0049,0.02527,-0.0076,-6.49,83.5,0.3193,0.0551,0.636,1.73,0.0,0.0,0,0.0,-0.0
2,783,15.66,pull,0.01907,0.01799,0.00632,0.02588,-0.0076,-6.55,83.45,0.3195,0.0548,0.631,1.729,0.0,0.0,0,0.0,-0.0
2,784,15.68,pull,0.01935,0.01836,0.00611,0.02612,-0.0076,-6.89,83.1,0.3196,0.0546,0.615,1.73,0.0,0.0,0,0.0,-0.0
2,785,15.7,pull,0.01812,0.01738,0.00514,0.02493,-0.0076,-7.31,82.68,0.3198,0.0544,0.594,1.73,0.0,0.0,0,0.0,-0.0
2,786,15.72,pull,0.01703,0.01624,0.00511,0.02406,-0.0076,-7.36,82.62,0.32,0.0544,0.57,1.73,0.0,0.0,0,0.0,-0.0
2,787,15.74,pull,0.01694,0.01604,0.00545,0.02408,-0.0076,-7.36,82.61,0.3202,0.0543,0.553,1.73,0.0,0.0,0,0.0,-0.0
2,788,15.76,pull,0.01689,0.01582,0.00592,0.02387,-0.0076,-7.77,82.19,0.3203,0.0542,0.557,1.73,0.0,0.0,0,0.0,-0.0
2,789,15.78,pull,0.01765,0.01647,0.00634,0.0244,-0.0076,-8.4,81.55,0.3204,0.0542,0.556,1.73,0.0,0.0,0,0.0,-0.0
2,790,15.8,pull,0.01815,0.01687,0.00669,0.02503,-0.0076,-9.12,80.8,0.3205,0.0542,0.544,1.73,0.0,0.0,0,0.0,-0.0
2,791,15.82,pull,0.01805,0.01701,0.00603,0.02506,-0.0076,-9.89,79.95,0.3206,0.0543,0.521,1.73,0.0,0.0,0,0.0,-0.0
2,792,15.84,pull,0.01278,0.01273,0.00123,0.02006,-0.0076,-11.59,78.32,0.3207,0.0542,0.483,1.73,0.0,0.0,0,0.0,-0.0
2,793,15.86,pull,0.01111,0.01109,-0.00064,0.01809,-0.0076,-12.2,77.04,0.3208,0.0543,0.455,1.729,0.0,0.0,0,0.0,-0.0
2,794,15.88,pull,0.01153,0.01147,-0.00117,0.01827,-0.0076,-12.22,76.58,0.3208,0.0543,0.433,1.73,0.0,0.0,0,0.0,-0.0
2,795,15.9,pull,0.014,0.014,5e-05,0.02078,-0.0076,-11.93,76.7,0.3208,0.0543,0.438,1.674,0.0,0.0,0,0.0,-0.0
2,796,15.92,pull,0.01627,0.01625,0.00084,0.02306,-0.0076,-12.28,76.26,0.3208,0.0543,0.433,1.73,0.0,0.0,0,0.0,-0.0
2,797,15.94,pull,0.01249,0.01217,-0.00283,0.01885,-0.0076,-13.84,74.65,0.3208,0.0543,0.389,1.73,0.0,0.0,0,0.0,-0.0
2,798,15.96,pull,0.01196,0.01003,-0.00652,0.01724,-0.0076,-14.18,73.88,0.3209,0.0543,0.331,1.728,0.0,0.0,0,0.0,-0.0
2,799,15.98,pull,0.01571,0.01353,-0.00798,0.02061,-0.0076,-13.32,74.27,0.3209,0.0544,0.288,1.73,0.0,0.0,0,0.0,-0.0
2,800,16.0,pull,0.01607,0.01328,-0.00906,0.02072,-0.0076,-13.5,73.88,0.3209,0.0543,0.277,1.73,0.0,0.0,0,0.0,-0.0
2,801,16.02,pull,0.01373,0.01105,-0.00815,0.01833,-0.0076,-13.98,73.27,0.3208,0.0543,0.282,1.73,0.0,0.0,0,0.0,-0.0
2,802,16.04,pull,0.01178,0.00925,-0.0073,0.01614,-0.0076,-14.21,72.82,0.3208,0.0543,0.263,1.73,0.0,0.0,0,0.0,-0.0
2,803,16.06,pull,0.01425,0.01148,-0.00844,0.01812,-0.0076,-14.02,72.72,0.3207,0.0543,0.205,1.73,0.0,0.0,0,0.0,-0.0
2,804,16.08,pull,0.01696,0.01232,-0.01166,0.02004,-0.0076,-14.11,72.45,0.3205,0.0542,0.152,1.73,0.0,0.0,0,0.0,-0.0
2,805,16.1,pull,0.01691,0.01221,-0.0117,0.02,-0.0076,-14.09,72.22,0.3203,0.054,0.147,1.73,0.0,0.0,0,0.0,-0.0
2,806,16.12,pull,0.01284,0.00947,-0.00867,0.01622,-0.0076,-14.36,71.84,0.3202,0.0539,0.164,1.73,0.0,0.0,0,0.0,-0.0
2,807,16.14,pull,0.01111,0.00959,-0.00561,0.01518,-0.0076,-14.26,71.83,0.32,0.0538,0.154,1.73,0.0,0.0,0,0.0,-0.0
2,808,16.16,pull,0.01232,0.0102,-0.0069,0.0161,-0.0076,-14.23,71.7,0.3198,0.0536,0.104,1.73,0.0,0.0,0,0.0,-0.0
2,809,16.18,pull,0.01453,0.01075,-0.00979,0.01764,-0.0076,-14.34,71.47,0.3195,0.0533,0.061,1.73,0.0,0.0,0,0.0,-0.0
2,810,16.2,pull,0.01515,0.01101,-0.01041,0.01806,-0.0076,-14.28,71.42,0.3193,0.0531,0.049,1.73,0.0,0.0,0,0.0,-0.0
2,811,16.22,pull,0.01381,0.01088,-0.00851,0.01706,-0.0076,-14.2,71.42,0.3191,0.0529,0.055,1.73,0.0,0.0,0,0.0,-0.0
2,812,16.24,pull,0.01161,0.0092,-0.00709,0.01508,-0.0076,-14.43,71.22,0.3188,0.0526,0.053,1.73,0.0,0.0,0,0.0,-0.0
2,813,16.26,pull,0.01113,0.00866,-0.00699,0.01478,-0.0076,-14.46,71.11,0.3186,0.0522,0.035,1.73,0.0,0.0,0,0.0,-0.0
2,814,16.28,pull,0.01179,0.00849,-0.00818,0.01506,-0.0076,-14.53,70.93,0.3183,0.0519,0.007,1.73,0.0,0.0,0,0.0,-0.0
2,815,16.3,pull,0.01419,0.0109,-0.00909,0.01749,-0.0076,-14.16,71.07,0.318,0.0517,-0.022,1.73,0.0,0.0,0,0.0,-0.0
2,816,16.32,pull,0.01524,0.01189,-0.00953,0.01881,-0.0076,-13.93,71.07,0.3177,0.0514,-0.032,1.73,0.0,0.0,0,0.0,-0.0
2,817,16.34,pull,0.01355,0.01039,-0.0087,0.0174,-0.0076,-14.24,70.75,0.3173,0.051,-0.021,1.73,0.0,0.0,0,0.0,-0.0
2,818,16.36,pull,0.01142,0.00875,-0.00734,0.01545,-0.0076,-14.44,70.47,0.317,0.0507,-0.019,1.73,0.0,0.0,0,0.0,-0.0
2,819,16.38,pull,0.01272,0.01019,-0.00761,0.01682,-0.0076,-14.2,70.59,0.3167,0.0504,-0.049,1.73,0.0,0.0,0,0.0,-0.0
2,820,16.4,pull,0.01517,0.01159,-0.00979,0.01909,-0.0076,-14.01,70.55,0.3163,0.05,-0.08,1.73,0.0,0.0,0,0.0,-0.0
2,821,16.42,pull,0.01562,0.01152,-0.01055,0.01947,-0.0076,-13.99,70.48,0.3159,0.0497,-0.086,1.73,0.0,0.0,0,0.0,-0.0
2,822,16.44,pull,0.01459,0.01157,-0.00888,0.01895,-0.0076,-13.93,70.47,0.3155,0.0494,-0.079,1.73,0.0,0.0,0,0.0,-0.0
2,823,16.46,pull,0.01428,0.01223,-0.00738,0.0193,-0.0076,-13.78,70.56,0.3151,0.0491,-0.082,1.73,0.0,0.0,0,0.0,-0.0
2,824,16.48,pull,0.01432,0.01121,-0.0089,0.01896,-0.0076,-14.22,70.22,0.3148,0.0486,-0.101,1.73,0.0,0.0,0,0.0,-0.0
2,825,16.5,pull,0.01588,0.01203,-0.01037,0.02028,-0.0076,-14.14,70.11,0.3144,0.0483,-0.123,1.73,0.0,0.0,0,0.0,-0.0
2,826,16.52,pull,0.01659,0.0129,-0.01043,0.02107,-0.0076,-14.02,70.09,0.314,0.0479,-0.132,1.73,0.0,0.0,0,0.0,-0.0
2,827,16.54,pull,0.01668,0.01327,-0.01011,0.02134,-0.0076,-13.97,69.92,0.3137,0.0476,-0.138,1.73,0.0,0.0,0,0.0,-0.0
2,828,16.56,pull,0.01667,0.01306,-0.01036,0.02141,-0.0076,-14.0,69.75,0.3133,0.0473,-0.147,1.73,0.0,0.0,0,0.0,-0.0
2,829,16.58,pull,0.01662,0.0122,-0.01128,0.02113,-0.0076,-14.18,69.48,0.3129,0.0469,-0.159,1.73,0.0,0.0,0,0.0,-0.0
2,830,16.6,pull,0.01756,0.01329,-0.01147,0.02222,-0.0076,-14.04,69.41,0.3124,0.0465,-0.17,1.73,0.0,0.0,0,0.0,-0.0
2,831,16.62,pull,0.01854,0.01459,-0.01145,0.02345,-0.0076,-13.85,69.44,0.3119,0.0462,-0.179,1.73,0.0,0.0,0,0.0,-0.0
2,832,16.64,pull,0.01868,0.01421,-0.01213,0.0235,-0.0076,-13.92,69.33,0.3114,0.0458,-0.191,1.73,0.0,0.0,0,0.0,-0.0
2,833,16.66,pull,0.019,0.01451,-0.01227,0.02385,-0.0076,-13.89,69.3,0.3109,0.0454,-0.199,1.73,0.0,0.0,0,0.0,-0.0
2,834,16.68,pull,0.01965,0.01546,-0.01213,0.0247,-0.0076,-13.76,69.36,0.3104,0.045,-0.205,1.73,0.0,0.0,0,0.0,-0.0
2,835,16.7,pull,0.01984,0.01556,-0.01231,0.02491,-0.0076,-13.77,69.32,0.3098,0.0446,-0.213,1.73,0.0,0.0,0,0.0,-0.0
2,836,16.72,pull,0.01992,0.0154,-0.01263,0.0249,-0.0076,-13.83,69.24,0.3093,0.0442,-0.223,1.73,0.0,0.0,0,0.0,-0.0
2,837,16.74,pull,0.02068,0.01596,-0.01315,0.02563,-0.0076,-13.79,69.22,0.3087,0.0438,-0.237,1.73,0.0,0.0,0,0.0,-0.0
2,838,16.76,pull,0.02156,0.01667,-0.01367,0.0265,-0.0076,-13.72,69.21,0.3082,0.0434,-0.25,1.73,0.0,0.0,0,0.0,-0.0
2,839,16.78,pull,0.02187,0.01683,-0.01396,0.02678,-0.0076,-13.72,69.16,0.3076,0.043,-0.261,1.73,0.0,0.0,0,0.0,-0.0
2,840,16.8,pull,0.02181,0.01664,-0.0141,0.02667,-0.0076,-13.77,69.08,0.3071,0.0426,-0.272,1.73,0.0,0.0,0,0.0,-0.0
2,841,16.82,pull,0.02189,0.01665,-0.01422,0.02672,-0.0076,-13.8,69.0,0.3066,0.0421,-0.284,1.73,0.0,0.0,0,0.0,-0.0
2,842,16.84,pull,0.02211,0.01689,-0.01428,0.02696,-0.0076,-13.8,68.93,0.3062,0.0417,-0.297,1.73,0.0,0.0,0,0.0,-0.0
2,843,16.86,pull,0.02199,0.01677,-0.01422,0.02683,-0.0076,-13.84,68.83,0.3057,0.0413,-0.308,1.73,0.0,0.0,0,0.0,-0.0
2,844,16.88,pull,0.02152,0.01632,-0.01403,0.02633,-0.0076,-13.94,68.69,0.3053,0.0408,-0.318,1.73,0.0,0.0,0,0.0,-0.0
2,845,16.9,pull,0.02117,0.01598,-0.01389,0.02595,-0.0076,-14.03,68.53,0.3049,0.0404,-0.33,1.73,0.0,0.0,0,0.0,-0.0
2,846,16.92,pull,0.02104,0.01585,-0.01383,0.02578,-0.0076,-14.1,68.36,0.3046,0.0399,-0.341,1.73,0.0,0.0,0,0.0,-0.0
2,847,16.94,pull,0.02067,0.01547,-0.01371,0.02535,-0.0076,-14.22,68.13,0.3043,0.0395,-0.351,1.73,0.0,0.0,0,0.0,-0.0
2,848,16.96,pull,0.02007,0.01479,-0.01357,0.02464,-0.0076,-14.4,67.85,0.3041,0.0391,-0.361,1.73,0.0,0.0,0,0.0,-0.0
2,849,16.98,pull,0.01979,0.01434,-0.01364,0.02421,-0.0076,-14.55,67.52,0.3039,0.0387,-0.373,1.73,0.0,0.0,0,0.0,-0.0
2,850,17.0,pull,0.01986,0.01422,-0.01386,0.02414,-0.0076,-14.67,67.2,0.3038,0.0383,-0.386,1.73,0.0,0.0,0,0.0,-0.0
2,851,17.02,pull,0.01977,0.0138,-0.01416,0.02383,-0.0076,-14.85,66.82,0.3037,0.0379,-0.399,1.73,0.0,0.0,0,0.0,-0.0
2,852,17.04,pull,0.01963,0.01325,-0.01448,0.02342,-0.0076,-15.05,66.4,0.3037,0.0376,-0.412,1.73,0.0,0.0,0,0.0,-0.0
2,853,17.06,pull,0.01982,0.01311,-0.01486,0.0234,-0.0076,-15.2,66.0,0.3037,0.0373,-0.428,1.73,0.0,0.0,0,0.0,-0.0
2,854,17.08,pull,0.02016,0.0131,-0.01532,0.02353,-0.0076,-15.34,65.58,0.3038,0.0369,-0.444,1.73,0.0,0.0,0,0.0,-0.0
2,855,17.1,pull,0.02045,0.01295,-0.01583,0.02358,-0.0076,-15.5,65.14,0.3039,0.0366,-0.462,1.73,0.0,0.0,0,0.0,-0.0
2,856,17.12,pull,0.02085,0.01281,-0.01645,0.0237,-0.0076,-15.68,64.67,0.304,0.0364,-0.482,1.73,0.0,0.0,0,0.0,-0.0
2,857,17.14,pull,0.02146,0.013,-0.01708,0.02411,-0.0076,-15.8,64.21,0.3042,0.0361,-0.504,1.73,0.0,0.0,0,0.0,-0.0
2,858,17.16,pull,0.02204,0.01325,-0.01761,0.02451,-0.0076,-15.91,63.75,0.3044,0.0359,-0.527,1.73,0.0,0.0,0,0.0,-0.0
2,859,17.18,pull,0.02259,0.0135,-0.01811,0.02488,-0.0076,-16.02,63.29,0.3047,0.0357,-0.551,1.73,0.0,0.0,0,0.0,-0.0
2,860,17.2,pull,0.02318,0.01383,-0.0186,0.02532,-0.0076,-16.1,62.83,0.3049,0.0355,-0.577,1.73,0.0,0.0,0,0.0,-0.0
2,861,17.22,pull,0.02366,0.01408,-0.01902,0.02567,-0.0076,-16.18,62.39,0.3053,0.0353,-0.602,1.73,0.0,0.0,0,0.0,-0.0
2,862,17.24,pull,0.02395,0.01433,-0.01919,0.02586,-0.0076,-16.24,61.95,0.3056,0.0351,-0.628,1.73,0.0,0.0,0,0.0,-0.0
2,863,17.26,pull,0.02417,0.01469,-0.0192,0.02604,-0.0076,-16.28,61.55,0.3059,0.035,-0.654,1.73,0.0,0.0,0,0.0,-0.0
2,864,17.28,pull,0.0244,0.01502,-0.01922,0.02624,-0.0076,-16.31,61.17,0.3063,0.0348,-0.681,1.73,0.0,0.0,0,0.0,-0.0
2,865,17.3,pull,0.02451,0.01515,-0.01927,0.02629,-0.0076,-16.36,60.8,0.3066,0.0347,-0.707,1.73,0.0,0.0,0,0.0,-0.0
2,866,17.32,pull,0.02468,0.01531,-0.01936,0.02639,-0.0076,-16.42,60.43,0.307,0.0346,-0.735,1.73,0.0,0.0,0,0.0,-0.0
2,867,17.34,pull,0.02522,0.01599,-0.0195,0.02694,-0.0076,-16.4,60.1,0.3073,0.0344,-0.765,1.73,0.0,0.0,0,0.0,-0.0
2,868,17.36,pull,0.02607,0.017,-0.01976,0.02784,-0.0076,-16.32,59.82,0.3077,0.0344,-0.797,1.73,0.0,0.0,0,0.0,-0.0
2,869,17.38,pull,0.02688,0.01774,-0.02019,0.02866,-0.0076,-16.28,59.57,0.308,0.0343,-0.828,1.73,0.0,0.0,0,0.0,-0.0
2,870,17.4,pull,0.02762,0.0184,-0.0206,0.02938,-0.0076,-16.27,59.33,0.3083,0.0342,-0.858,1.73,0.0,0.0,0,0.0,-0.0
2,871,17.42,pull,0.02841,0.01932,-0.02082,0.03022,-0.0076,-16.2,59.12,0.3087,0.0341,-0.888,1.73,0.0,0.0,0,0.0,-0.0
2,872,17.44,pull,0.02896,0.02005,-0.0209,0.03086,-0.0076,-16.15,58.93,0.309,0.0341,-0.917,1.73,0.0,0.0,0,0.0,-0.0
2,873,17.46,pull,0.02907,0.02028,-0.02083,0.03102,-0.0076,-16.17,58.74,0.3093,0.034,-0.944,1.73,0.0,0.0,0,0.0,-0.0
2,874,17.48,pull,0.02907,0.02052,-0.02059,0.03107,-0.0076,-16.19,58.53,0.3097,0.034,-0.972,1.73,0.0,0.0,0,0.0,-0.0
2,875,17.5,pull,0.02922,0.02102,-0.02029,0.03131,-0.0076,-16.16,58.35,0.31,0.034,-1.001,1.73,0.0,0.0,0,0.0,-0.0
2,876,17.52,pull,0.02941,0.02136,-0.02021,0.03156,-0.0076,-16.16,58.17,0.3103,0.0339,-1.03,1.73,0.0,0.0,0,0.0,-0.0
2,877,17.54,pull,0.02964,0.02155,-0.02036,0.03179,-0.0076,-16.18,57.98,0.3106,0.0339,-1.06,1.73,0.0,0.0,0,0.0,-0.0
2,878,17.56,pull,0.03016,0.02214,-0.02049,0.03233,-0.0076,-16.15,57.77,0.3108,0.0339,-1.092,1.73,0.0,0.0,0,0.0,-0.0
2,879,17.58,pull,0.03089,0.023,-0.02062,0.03312,-0.0076,-16.07,57.6,0.3111,0.0339,-1.124,1.73,0.0,0.0,0,0.0,-0.0
2,880,17.6,pull,0.03148,0.02355,-0.02089,0.03374,-0.0076,-16.03,57.42,0.3113,0.0339,-1.156,1.73,0.0,0.0,0,0.0,-0.0
2,881,17.62,pull,0.03183,0.02382,-0.02111,0.03407,-0.0076,-16.03,57.23,0.3116,0.0339,-1.186,1.73,0.0,0.0,0,0.0,-0.0
2,882,17.64,pull,0.03222,0.02429,-0.02117,0.03448,-0.0076,-16.0,57.02,0.3118,0.0339,-1.217,1.73,0.0,0.0,0,0.0,-0.0
2,883,17.66,pull,0.0327,0.02492,-0.02116,0.03502,-0.0076,-15.94,56.83,0.312,0.0339,-1.247,1.73,0.0,0.0,0,0.0,-0.0
2,884,17.68,pull,0.03296,0.02525,-0.02119,0.03532,-0.0076,-15.91,56.65,0.3122,0.0339,-1.276,1.73,0.0,0.0,0,0.0,-0.0
2,885,17.7,pull,0.03304,0.02532,-0.02123,0.03539,-0.0076,-15.93,56.45,0.3124,0.0339,-1.305,1.73,0.0,0.0,0,0.0,-0.0
2,886,17.72,pull,0.03332,0.02565,-0.02126,0.03568,-0.0076,-15.91,56.24,0.3126,0.0339,-1.335,1.73,0.0,0.0,0,0.0,-0.0
2,887,17.74,pull,0.03386,0.02628,-0.02136,0.03626,-0.0076,-15.85,56.04,0.3127,0.0339,-1.366,1.73,0.0,0.0,0,0.0,-0.0
2,888,17.76,pull,0.03429,0.02666,-0.02156,0.03669,-0.0076,-15.81,55.86,0.3128,0.0339,-1.395,1.73,0.0,0.0,0,0.0,-0.0
2,889,17.78,pull,0.03451,0.02678,-0.02177,0.03688,-0.0076,-15.81,55.64,0.313,0.034,-1.423,1.73,0.0,0.0,0,0.0,-0.0
2,890,17.8,pull,0.0349,0.02719,-0.02187,0.03727,-0.0076,-15.77,55.42,0.3131,0.034,-1.452,1.73,0.0,0.0,0,0.0,-0.0
2,891,17.82,pull,0.03548,0.02788,-0.02195,0.0379,-0.0076,-15.69,55.23,0.3132,0.034,-1.481,1.73,0.0,0.0,0,0.0,-0.0
2,892,17.84,pull,0.03576,0.02816,-0.02205,0.0382,-0.0076,-15.65,55.04,0.3133,0.0341,-1.508,1.73,0.0,0.0,0,0.0,-0.0
2,893,17.86,pull,0.03571,0.02803,-0.02212,0.03811,-0.0076,-15.68,54.83,0.3133,0.0341,-1.533,1.73,0.0,0.0,0,0.0,-0.0
2,894,17.88,pull,0.03589,0.02828,-0.02209,0.03829,-0.0076,-15.66,54.59,0.3134,0.0341,-1.56,1.73,0.0,0.0,0,0.0,-0.0
2,895,17.9,pull,0.03639,0.02894,-0.02205,0.03883,-0.0076,-15.58,54.39,0.3135,0.0342,-1.587,1.73,0.0,0.0,0,0.0,-0.0
2,896,17.92,pull,0.0366,0.02916,-0.02211,0.03906,-0.0076,-15.54,54.21,0.3135,0.0342,-1.612,1.73,0.0,0.0,0,0.0,-0.0
2,897,17.94,pull,0.03646,0.02893,-0.02219,0.03888,-0.0076,-15.58,53.99,0.3136,0.0342,-1.637,1.73,0.0,0.0,0,0.0,-0.0
2,898,17.96,pull,0.03665,0.02916,-0.0222,0.03905,-0.0076,-15.56,53.74,0.3136,0.0343,-1.663,1.73,0.0,0.0,0,0.0,-0.0
2,899,17.98,pull,0.03731,0.02997,-0.02223,0.03976,-0.0076,-15.45,53.53,0.3137,0.0343,-1.689,1.73,0.0,0.0,0,0.0,-0.0
2,900,18.0,pull,0.03766,0.0303,-0.02236,0.04012,-0.0076,-15.4,53.36,0.3137,0.0344,-1.714,1.73,0.0,0.0,0,0.0,-0.0
2,901,18.02,pull,0.03751,0.03,-0.02251,0.03991,-0.0076,-15.44,53.14,0.3137,0.0344,-1.737,1.73,0.0,0.0,0,0.0,-0.0
2,902,18.04,pull,0.03758,0.0301,-0.0225,0.03996,-0.0076,-15.44,52.88,0.3138,0.0345,-1.76,1.73,0.0,0.0,0,0.0,-0.0
2,903,18.06,pull,0.03816,0.03087,-0.02243,0.04058,-0.0076,-15.33,52.65,0.3138,0.0346,-1.785,1.73,0.0,0.0,0,0.0,-0.0
2,904,18.08,pull,0.03844,0.0312,-0.02245,0.04089,-0.0076,-15.28,52.46,0.3138,0.0346,-1.808,1.73,0.0,0.0,0,0.0,-0.0
2,905,18.1,pull,0.03825,0.03073,-0.02277,0.04061,-0.0076,-15.34,52.23,0.3138,0.0347,-1.83,1.73,0.0,0.0,0,0.0,-0.0
2,906,18.12,pull,0.03852,0.0311,-0.02273,0.04087,-0.0076,-15.3,51.95,0.3138,0.0347,-1.852,1.73,0.0,0.0,0,0.0,-0.0
2,907,18.14,pull,0.03919,0.03214,-0.02243,0.04164,-0.0076,-15.15,51.74,0.3138,0.0348,-1.874,1.73,0.0,0.0,0,0.0,-0.0
2,908,18.16,pull,0.03924,0.03213,-0.02252,0.0417,-0.0076,-15.14,51.58,0.3138,0.0349,-1.895,1.73,0.0,0.0,0,0.0,-0.0
2,909,18.18,pull,0.03874,0.03143,-0.02264,0.04112,-0.0076,-15.24,51.35,0.3139,0.0349,-1.915,1.73,0.0,0.0,0,0.0,-0.0
2,910,18.2,pull,0.03892,0.03182,-0.02241,0.0413,-0.0076,-15.19,51.05,0.3139,0.035,-1.936,1.73,0.0,0.0,0,0.0,-0.0
2,911,18.22,pull,0.0397,0.03291,-0.02221,0.04217,-0.0076,-15.04,50.85,0.3139,0.0351,-1.959,1.73,0.0,0.0,0,0.0,-0.0
2,912,18.24,pull,0.03997,0.03287,-0.02274,0.04239,-0.0076,-15.03,50.67,0.3139,0.0351,-1.982,1.73,0.0,0.0,0,0.0,-0.0
2,913,18.26,pull,0.03982,0.03257,-0.02291,0.04217,-0.0076,-15.08,50.4,0.3139,0.0352,-2.001,1.73,0.0,0.0,0,0.0,-0.0
2,914,18.28,pull,0.04012,0.03316,-0.02257,0.0425,-0.0076,-15.0,50.11,0.3139,0.0353,-2.02,1.73,0.0,0.0,0,0.0,-0.0
2,915,18.3,pull,0.04067,0.03397,-0.02236,0.04312,-0.0076,-14.89,49.91,0.3139,0.0354,-2.041,1.73,0.0,0.0,0,0.0,-0.0
2,916,18.32,pull,0.04071,0.0336,-0.02299,0.04307,-0.0076,-14.93,49.7,0.3139,0.0354,-2.065,1.73,0.0,0.0,0,0.0,-0.0
2,917,18.34,pull,0.04089,0.03373,-0.0231,0.04319,-0.0076,-14.92,49.39,0.3139,0.0355,-2.083,1.73,0.0,0.0,0,0.0,-0.0
2,918,18.36,pull,0.04146,0.03475,-0.02262,0.04385,-0.0076,-14.78,49.11,0.3139,0.0356,-2.101,1.73,0.0,0.0,0,0.0,-0.0
2,919,18.38,pull,0.04165,0.03513,-0.02238,0.0441,-0.0076,-14.71,48.95,0.3139,0.0357,-2.119,1.73,0.0,0.0,0,0.0,-0.0
2,920,18.4,pull,0.0413,0.03416,-0.02323,0.04358,-0.0076,-14.85,48.71,0.3139,0.0357,-2.144,1.73,0.0,0.0,0,0.0,-0.0
2,921,18.42,pull,0.04206,0.035,-0.02333,0.04431,-0.0076,-14.75,48.35,0.3139,0.0358,-2.163,1.73,0.0,0.0,0,0.0,-0.0
2,922,18.44,pull,0.04321,0.03679,-0.02266,0.04563,-0.0076,-14.49,48.11,0.3138,0.0359,-2.18,1.73,0.0,0.0,0,0.0,-0.0
2,923,18.46,pull,0.04331,0.03657,-0.02321,0.0457,-0.0076,-14.5,47.97,0.3138,0.0359,-2.202,1.73,0.0,0.0,0,0.0,-0.0
2,924,18.48,release,0.04253,0.0357,-0.02311,0.04485,-0.0076,-14.63,47.7,0.3138,0.036,-2.215,1.73,0.0,0.0,0,0.0,-0.0
2,925,18.5,release,0.04298,0.03606,-0.0234,0.0452,-0.00711,-14.61,47.36,0.3138,0.0361,-2.229,1.73,0.0,0.0,0,0.0,-0.0
2,926,18.52,release,0.04446,0.03756,-0.0238,0.04668,-0.00662,-14.42,47.15,0.3138,0.0362,-2.248,1.73,0.0,0.0,0,0.0,-0.0
2,927,18.54,release,0.04526,0.03818,-0.0243,0.04746,-0.00613,-14.33,47.08,0.3138,0.0362,-2.263,1.73,0.0,0.0,0,0.0,-0.0
2,928,18.56,release,0.04505,0.03774,-0.02461,0.04716,-0.00564,-14.41,46.96,0.3138,0.0363,-2.274,1.73,0.0,0.0,0,0.0,-0.0
2,929,18.58,release,0.04556,0.03859,-0.02421,0.04772,-0.00515,-14.35,46.83,0.3138,0.0364,-2.284,1.73,0.0,0.0,0,0.0,-0.0
2,930,18.6,release,0.04694,0.04063,-0.02351,0.04929,-0.00466,-14.12,46.82,0.3138,0.0365,-2.294,1.73,0.0,0.0,0,0.0,-0.0
2,931,18.62,release,0.04778,0.04126,-0.02409,0.05011,-0.00417,-14.12,46.81,0.3138,0.0365,-2.31,1.73,0.0,0.0,0,0.0,-0.0
2,932,18.64,release,0.04781,0.04134,-0.02402,0.05013,-0.00368,-14.25,46.67,0.3138,0.0366,-2.315,1.73,0.0,0.0,0,0.0,-0.0
2,933,18.66,release,0.04845,0.04276,-0.0228,0.0509,-0.00319,-14.23,46.43,0.3138,0.0367,-2.313,1.73,0.0,0.0,0,0.0,-0.0
2,934,18.68,release,0.04969,0.04443,-0.02227,0.0522,-0.0027,-14.2,46.22,0.3138,0.0367,-2.318,1.73,0.0,0.0,0,0.0,-0.0
2,935,18.7,release,0.0516,0.04549,-0.02435,0.05384,-0.00221,-14.29,45.77,0.3138,0.0367,-2.342,1.73,0.0,0.0,0,0.0,-0.0
2,936,18.72,release,0.05344,0.04785,-0.02381,0.05558,-0.00172,-14.21,45.17,0.3138,0.0368,-2.336,1.71,0.0,0.0,0,0.0,-0.0
2,937,18.74,release,0.0555,0.05099,-0.02191,0.05763,-0.00123,-14.06,44.44,0.3137,0.0369,-2.317,1.701,0.0,0.0,0,0.0,-0.0
2,938,18.76,release,0.05848,0.05376,-0.02303,0.06039,-0.00074,-14.13,43.72,0.3137,0.0369,-2.322,1.73,0.0,0.0,0,0.0,-0.0
2,939,18.78,release,0.06224,0.05613,-0.02691,0.06346,-0.00025,-14.35,39.53,0.3136,0.037,-2.345,1.73,0.0,0.0,0,0.0,-0.0
2,940,18.8,release,0.06434,0.06026,-0.02255,0.06538,0.00024,-13.78,35.28,0.3134,0.037,-2.287,1.73,0.0,0.0,0,0.0,-0.0
2,941,18.82,release,0.06871,0.06385,-0.02537,0.06952,0.00073,-13.75,34.33,0.3132,0.037,-2.282,1.73,0.0,0.0,0,0.0,-0.0
2,942,18.84,release,0.07326,0.06952,-0.0231,0.07386,0.00122,-12.97,30.23,0.3129,0.037,-2.243,1.723,0.0,0.0,0,0.0,-0.0
2,943,18.86,release,0.07612,0.07214,-0.02427,0.0765,0.00171,-12.84,27.8,0.3125,0.037,-2.228,1.73,0.0,0.0,0,0.0,-0.0
2,944,18.88,release,0.07108,0.06787,-0.02112,0.07126,0.0022,-13.46,23.62,0.3123,0.0369,-2.183,1.489,0.0,0.0,0,0.0,-0.0
2,945,18.9,release,0.06409,0.06261,-0.01374,0.06423,0.00269,-14.02,20.76,0.3121,0.0368,-2.13,1.452,0.0,0.0,0,0.0,-0.0
2,946,18.92,release,0.05741,0.05674,-0.00876,0.05753,0.00318,-14.94,21.2,0.312,0.0368,-2.13,1.724,0.0,0.0,0,0.0,-0.0
2,947,18.94,release,0.05274,0.05274,-2e-05,0.05279,0.00367,-15.55,23.13,0.3118,0.0367,-2.109,1.433,0.0,0.0,0,0.0,-0.0
2,948,18.96,release,0.04946,0.04944,0.00134,0.0494,0.00416,-16.35,27.4,0.3117,0.0366,-2.146,1.73,0.0,0.0,0,0.0,-0.0
2,949,18.98,release,0.0455,0.04537,0.0035,0.04527,0.00465,-17.26,29.27,0.3116,0.0365,-2.176,1.73,0.0,0.0,0,0.0,-0.0
2,950,19.0,release,0.03958,0.03948,0.00279,0.03913,0.00514,-18.33,29.28,0.3116,0.0364,-2.229,1.73,0.0,0.0,0,0.0,-0.0
2,951,19.02,release,0.03504,0.0345,0.00612,0.0342,0.00563,-19.32,29.17,0.3116,0.0363,-2.232,1.73,0.0,0.0,0,0.0,-0.0
2,952,19.04,release,0.0322,0.03109,0.00839,0.03091,0.00612,-20.06,29.16,0.3117,0.0362,-2.231,1.73,0.0,0.0,0,0.0,-0.0
2,953,19.06,release,0.02905,0.02738,0.0097,0.02728,0.00661,-20.9,29.03,0.3118,0.036,-2.229,1.73,0.0,0.0,0,0.0,-0.0
2,954,19.08,release,0.02721,0.0241,0.01263,0.02477,0.0071,-21.62,28.85,0.312,0.0359,-2.211,1.71,0.0,0.0,0,0.0,-0.0
2,955,19.1,release,0.02607,0.02096,0.01551,0.0229,0.00759,-22.29,28.87,0.3123,0.0358,-2.191,1.73,0.0,0.0,0,0.0,-0.0
2,956,19.12,release,0.02538,0.01809,0.01781,0.02149,0.00808,-22.93,28.97,0.3125,0.0357,-2.175,1.73,0.0,0.0,0,0.0,-0.0
2,957,19.14,release,0.02531,0.01524,0.02021,0.02074,0.00857,-23.6,29.09,0.3128,0.0355,-2.159,1.73,0.0,0.0,0,0.0,-0.0
2,958,19.16,release,0.0271,0.0126,0.024,0.02198,0.00906,-24.17,29.35,0.3131,0.0353,-2.135,1.73,0.0,0.0,0,0.0,-0.0
2,959,19.18,release,0.02958,0.01013,0.02779,0.02409,0.00955,-24.74,29.72,0.3134,0.0352,-2.115,1.73,0.0,0.0,0,0.0,-0.0
2,960,19.2,release,0.03304,0.00857,0.03191,0.02733,0.01004,-25.28,30.39,0.3136,0.035,-2.099,1.73,0.0,0.0,0,0.0,-0.0
2,961,19.22,release,0.03738,0.00815,0.03648,0.03156,0.01053,-25.87,31.58,0.3139,0.0347,-2.081,1.73,0.0,0.0,0,0.0,-0.0
2,962,19.24,release,0.04167,0.00893,0.0407,0.03579,0.01102,-26.49,32.78,0.3141,0.0345,-2.063,1.73,0.0,0.0,0,0.0,-0.0
2,963,19.26,release,0.04579,0.01068,0.04453,0.03986,0.01151,-27.11,33.79,0.3144,0.0343,-2.043,1.73,0.0,0.0,0,0.0,-0.0
2,964,19.28,back,0.05108,0.01253,0.04951,0.04504,0.012,-27.61,34.92,0.3146,0.0341,-2.009,1.73,0.0,0.0,0,0.0,-0.0
2,965,19.3,back,0.05487,0.01358,0.05316,0.04942,0.012,-28.2,39.39,0.3148,0.0339,-1.979,1.729,0.0,0.0,0,0.0,-0.0
2,966,19.32,back,0.05597,0.0141,0.05416,0.05109,0.012,-28.59,43.59,0.3149,0.0337,-1.984,1.73,0.0,0.0,0,0.0,-0.0
2,967,19.34,back,0.05417,0.01418,0.05228,0.05013,0.012,-29.27,47.14,0.3151,0.0334,-2.008,1.73,0.0,0.0,0,0.0,-0.0
2,968,19.36,back,0.05353,0.0145,0.05153,0.05034,0.012,-29.97,50.34,0.3153,0.0332,-2.014,1.729,0.0,0.0,0,0.0,-0.0
2,969,19.38,back,0.05371,0.01588,0.05131,0.05141,0.012,-30.79,52.91,0.3155,0.033,-2.016,1.73,0.0,0.0,0,0.0,-0.0
2,970,19.4,back,0.05459,0.01868,0.05129,0.05311,0.012,-31.68,54.77,0.3157,0.0327,-2.016,1.73,0.0,0.0,0,0.0,-0.0
2,971,19.42,back,0.05618,0.02193,0.05173,0.05538,0.012,-32.42,56.04,0.3159,0.0325,-2.018,1.729,0.0,0.0,0,0.0,-0.0
2,972,19.44,back,0.05774,0.02535,0.05188,0.05763,0.012,-33.4,56.23,0.3161,0.0322,-2.023,1.73,0.0,0.0,0,0.0,-0.0
2,973,19.46,back,0.06077,0.02922,0.05328,0.06125,0.012,-34.47,55.53,0.3163,0.032,-2.018,1.73,0.0,0.0,0,0.0,-0.0
2,974,19.48,back,0.06613,0.03468,0.0563,0.06708,0.012,-35.62,53.92,0.3164,0.0317,-1.999,1.729,0.0,0.0,0,0.0,-0.0
2,975,19.5,back,0.07313,0.04121,0.06041,0.07432,0.012,-36.51,51.8,0.3165,0.0315,-1.973,1.73,0.0,0.0,0,0.0,-0.0
2,976,19.52,back,0.07894,0.04711,0.06334,0.08024,0.012,-37.18,49.23,0.3166,0.0313,-1.96,1.73,0.0,0.0,0,0.0,-0.0
2,977,19.54,back,0.07605,0.04691,0.05986,0.07718,0.012,-37.7,46.69,0.3166,0.0311,-2.009,1.726,0.0,0.0,0,0.0,-0.0
2,978,19.56,back,0.07144,0.04535,0.0552,0.07225,0.012,-38.37,43.64,0.3165,0.031,-2.052,1.725,0.0,0.0,0,0.0,-0.0
2,979,19.58,back,0.06185,0.04182,0.04557,0.06303,0.012,-39.48,42.79,0.3165,0.0308,-2.111,1.706,0.0,0.0,0,0.0,-0.0
2,980,19.6,back,0.05008,0.03801,0.03262,0.05207,0.012,-40.57,43.36,0.3164,0.0307,-2.164,1.73,0.0,0.0,0,0.0,-0.0
2,981,19.62,back,0.03956,0.03474,0.01893,0.04249,0.012,-41.49,43.84,0.3162,0.0306,-2.198,1.73,0.0,0.0,0,0.0,-0.0
2,982,19.64,back,0.03292,0.03243,0.00569,0.03679,0.012,-42.26,44.3,0.3161,0.0305,-2.226,1.73,0.0,0.0,0,0.0,-0.0
2,983,19.66,back,0.03296,0.03279,-0.00328,0.03757,0.012,-43.2,44.05,0.3158,0.0305,-2.236,1.73,0.0,0.0,0,0.0,-0.0
2,984,19.68,back,0.03771,0.03747,-0.00423,0.04331,0.012,-44.42,42.87,0.3155,0.0305,-2.197,1.73,0.0,0.0,0,0.0,-0.0
2,985,19.7,back,0.04146,0.04089,-0.00686,0.04795,0.012,-45.49,42.35,0.3151,0.0306,-2.196,1.73,0.0,0.0,0,0.0,-0.0
2,986,19.72,back,0.04527,0.04434,-0.0091,0.05273,0.012,-46.61,41.72,0.3147,0.0306,-2.205,1.729,0.0,0.0,0,0.0,-0.0
2,987,19.74,back,0.04783,0.04659,-0.01082,0.05674,0.012,-48.25,40.52,0.3143,0.0306,-2.211,1.729,0.0,0.0,0,0.0,-0.0
2,988,19.76,back,0.05127,0.05008,-0.01099,0.06167,0.012,-50.23,38.73,0.3138,0.0307,-2.213,1.729,0.0,0.0,0,0.0,-0.0
2,989,19.78,back,0.0555,0.05436,-0.01119,0.06715,0.012,-52.2,36.87,0.3133,0.0307,-2.223,1.73,0.0,0.0,0,0.0,-0.0
2,990,19.8,back,0.05987,0.05852,-0.01262,0.07252,0.012,-54.02,35.18,0.3127,0.0307,-2.248,1.729,0.0,0.0,0,0.0,-0.0
2,991,19.82,back,0.06439,0.06273,-0.01449,0.07787,0.012,-55.76,33.54,0.3121,0.0307,-2.276,1.73,0.0,0.0,0,0.0,-0.0
2,992,19.84,back,0.06867,0.06641,-0.0175,0.08284,0.012,-57.36,32.08,0.3116,0.0308,-2.312,1.729,0.0,0.0,0,0.0,-0.0
2,993,19.86,back,0.07263,0.06929,-0.02176,0.08731,0.012,-58.76,30.86,0.311,0.0308,-2.357,1.638,0.0,0.0,0,0.0,-0.0
2,994,19.88,back,0.07609,0.07104,-0.02725,0.09114,0.012,-59.84,29.96,0.3106,0.0309,-2.411,1.445,0.0,0.0,0,0.0,-0.0
2,995,19.9,back,0.07915,0.0717,-0.03352,0.09442,0.012,-60.6,29.35,0.3102,0.031,-2.468,1.213,0.0,0.0,0,0.0,-0.0
2,996,19.92,back,0.0819,0.07149,-0.03997,0.0972,0.012,-61.05,28.95,0.31,0.0311,-2.526,1.172,0.0,0.0,0,0.0,-0.0
2,997,19.94,back,0.08426,0.07102,-0.04534,0.0994,0.012,-61.39,28.61,0.3099,0.0313,-2.58,1.237,0.0,0.0,0,0.0,-0.0
2,998,19.96,back,0.08599,0.07062,-0.04906,0.10088,0.012,-61.73,28.26,0.3099,0.0315,-2.631,1.296,0.0,0.0,0,0.0,-0.0
2,999,19.98,back,0.08498,0.07222,-0.04479,0.10017,0.012,-62.15,27.85,0.3102,0.0317,-2.612,1.449,0.0,0.0,0,0.0,-0.0
2,1000,20.0,back,0.08468,0.07077,-0.04651,0.09969,0.012,-61.64,28.15,0.3106,0.032,-2.66,1.669,0.0,0.0,0,0.0,-0.0
2,1001,20.02,back,0.08406,0.0682,-0.04915,0.09878,0.012,-60.78,28.52,0.3111,0.0323,-2.73,1.673,0.0,0.0,0,0.0,-0.0
2,1002,20.04,back,0.08236,0.06645,-0.04867,0.09696,0.012,-59.95,28.72,0.3116,0.0325,-2.764,1.58,0.0,0.0,0,0.0,-0.0
2,1003,20.06,back,0.08038,0.06428,-0.04826,0.09481,0.012,-58.87,28.87,0.3121,0.0328,-2.815,1.612,0.0,0.0,0,0.0,-0.0
2,1004,20.08,back,0.07788,0.06218,-0.0469,0.09214,0.012,-57.69,28.92,0.3127,0.0331,-2.875,1.643,0.0,0.0,0,0.0,-0.0
2,1005,20.1,back,0.07493,0.06036,-0.0444,0.089,0.012,-56.5,28.86,0.3132,0.0334,-2.932,1.666,0.0,0.0,0,0.0,-0.0
2,1006,20.12,back,0.07167,0.05911,-0.04052,0.0855,0.012,-55.41,28.7,0.3137,0.0337,-2.984,1.697,0.0,0.0,0,0.0,-0.0
2,1007,20.14,back,0.06758,0.05767,-0.03522,0.08104,0.012,-54.18,28.76,0.3142,0.034,-3.032,1.578,0.0,0.0,0,0.0,-0.0
2,1008,20.16,back,0.06206,0.05468,-0.02937,0.07505,0.012,-52.46,29.77,0.3146,0.0344,-3.085,1.719,0.0,0.0,0,0.0,-0.0
2,1009,20.18,back,0.05677,0.05232,-0.02204,0.06917,0.012,-50.92,31.12,0.315,0.0348,-3.111,1.725,0.0,0.0,0,0.0,-0.0
2,1010,20.2,back,0.05194,0.04988,-0.01448,0.06359,0.012,-49.27,32.57,0.3153,0.0352,-3.121,1.728,0.0,0.0,0,0.0,-0.0
2,1011,20.22,back,0.04763,0.04712,-0.00699,0.05835,0.012,-47.44,34.11,0.3155,0.0357,-3.12,1.729,0.0,0.0,0,0.0,-0.0
2,1012,20.24,back,0.04408,0.04404,-0.00198,0.05399,0.012,-45.72,35.87,0.3156,0.0362,-3.14,1.721,0.0,0.0,0,0.0,-0.0
2,1013,20.26,back,0.04265,0.04261,-0.00203,0.05221,0.012,-44.54,37.22,0.3157,0.0366,-3.167,1.724,0.0,0.0,0,0.0,-0.0
2,1014,20.28,back,0.04663,0.04663,-0.00018,0.05578,0.012,-44.77,37.98,0.3156,0.0371,-3.1,1.729,0.0,0.0,0,0.0,-0.0
2,1015,20.3,back,0.05006,0.04998,0.00283,0.05875,0.012,-44.55,39.42,0.3157,0.0377,-3.078,1.653,0.0,0.0,0,0.0,-0.0
2,1016,20.32,back,0.053,0.05288,0.00357,0.06138,0.012,-44.14,41.5,0.3158,0.0383,-3.083,1.729,0.0,0.0,0,0.0,-0.0
2,1017,20.34,back,0.05617,0.05603,0.00389,0.06418,0.012,-43.62,43.73,0.3159,0.0389,-3.057,1.724,0.0,0.0,0,0.0,-0.0
2,1018,20.36,back,0.06018,0.06014,0.00218,0.0679,0.012,-43.34,45.35,0.3161,0.0396,-3.017,1.728,0.0,0.0,0,0.0,-0.0
2,1019,20.38,back,0.06383,0.06383,0.0001,0.07101,0.012,-42.66,46.94,0.3164,0.0402,-2.976,1.73,0.0,0.0,0,0.0,-0.0
2,1020,20.4,back,0.06863,0.06851,-0.00404,0.07533,0.012,-42.48,47.5,0.3167,0.0409,-2.924,1.73,0.0,0.0,0,0.0,-0.0
2,1021,20.42,back,0.07274,0.07234,-0.00765,0.07879,0.012,-41.76,48.07,0.3173,0.0416,-2.871,1.729,0.0,0.0,0,0.0,-0.0
2,1022,20.44,back,0.07802,0.07689,-0.01326,0.08376,0.012,-41.79,47.39,0.3178,0.0423,-2.81,1.73,0.0,0.0,0,0.0,-0.0
2,1023,20.46,back,0.08047,0.07948,-0.0126,0.08605,0.012,-41.16,47.3,0.3184,0.0431,-2.675,1.714,0.0,0.0,0,0.0,-0.0
2,1024,20.48,back,0.08552,0.08348,-0.01858,0.09069,0.012,-41.06,46.94,0.3191,0.0438,-2.644,1.722,0.0,0.0,0,0.0,-0.0
2,1025,20.5,back,0.08881,0.08672,-0.01917,0.09388,0.012,-40.66,47.19,0.3197,0.0446,-2.536,1.717,0.0,0.0,0,0.0,-0.0
2,1026,20.52,back,0.09629,0.09279,-0.02572,0.10088,0.012,-41.57,45.53,0.3204,0.0453,-2.507,1.707,0.0,0.0,0,0.0,-0.0
2,1027,20.54,back,0.09756,0.0938,-0.02683,0.10203,0.012,-41.22,45.51,0.3211,0.0462,-2.387,1.703,0.0,0.0,0,0.0,-0.0
2,1028,20.56,back,0.09862,0.09297,-0.03288,0.1027,0.012,-41.52,44.49,0.3216,0.047,-2.331,1.721,0.0,0.0,0,0.0,-0.0
2,1029,20.58,back,0.09661,0.08974,-0.03578,0.10082,0.012,-41.94,43.93,0.3221,0.0479,-2.187,1.7,0.0,0.0,0,0.0,-0.0
2,1030,20.6,back,0.09439,0.08507,-0.04091,0.09859,0.012,-42.09,43.39,0.3225,0.0487,-2.084,1.694,0.0,0.0,0,0.0,-0.0
2,1031,20.62,back,0.09136,0.07872,-0.04637,0.09545,0.012,-41.87,43.38,0.3226,0.0495,-1.994,1.691,0.0,0.0,0,0.0,-0.0
2,1032,20.64,back,0.08725,0.071,-0.05071,0.09115,0.012,-41.2,43.71,0.3226,0.0503,-1.869,1.696,0.0,0.0,0,0.0,-0.0
2,1033,20.66,back,0.08452,0.0636,-0.05567,0.08819,0.012,-40.97,43.57,0.3223,0.051,-1.742,1.684,0.0,0.0,0,0.0,-0.0
2,1034,20.68,back,0.08254,0.0565,-0.06017,0.08616,0.012,-40.93,43.5,0.3218,0.0517,-1.607,1.682,0.0,0.0,0,0.0,-0.0
2,1035,20.7,back,0.08106,0.04957,-0.06413,0.08457,0.012,-40.67,43.72,0.3211,0.0523,-1.476,1.694,0.0,0.0,0,0.0,-0.0
2,1036,20.72,back,0.07861,0.04312,-0.06572,0.08224,0.012,-40.27,44.21,0.3202,0.0529,-1.322,1.703,0.0,0.0,0,0.0,-0.0
2,1037,20.74,back,0.07859,0.03753,-0.06905,0.08215,0.012,-39.85,44.85,0.3191,0.0533,-1.21,1.721,0.0,0.0,0,0.0,-0.0
2,1038,20.76,back,0.07561,0.03234,-0.06835,0.07952,0.012,-39.14,45.63,0.3179,0.0538,-1.049,1.71,0.0,0.0,0,0.0,-0.0
2,1039,20.78,done,0.07591,0.02799,-0.07056,0.07978,0.012,-38.49,46.56,0.3166,0.0541,-0.93,1.715,0.0,0.0,0,0.0,-0.0
2,1040,20.8,done,0.0706,0.02387,-0.06644,0.07484,0.012,-37.53,47.68,0.3152,0.0544,-0.777,1.727,0.0,0.0,0,0.0,-0.0
2,1041,20.82,done,0.06881,0.02677,-0.06339,0.07388,0.012,-37.86,47.78,0.3139,0.0546,-0.642,1.73,0.0,0.0,0,0.0,-0.0
3,0,0.0,spawn,0.01225,0.01221,0.00088,0.01187,0.012,-2.88,5.21,0.3504,0.0009,-0.082,1.728,0.0,0.0,0,0.0,-0.0
3,1,0.02,spawn,0.02236,0.02217,0.00289,0.02163,0.012,-3.46,9.89,0.35,0.0017,-0.084,1.73,0.0,0.0,0,0.0,-0.0
3,2,0.04,spawn,0.02027,0.02024,0.00104,0.01911,0.012,-1.91,15.0,0.3484,0.0024,-0.096,1.73,0.0,0.0,0,0.0,-0.0
3,3,0.06,spawn,0.01844,0.01757,-0.0056,0.01694,0.012,-0.36,20.34,0.3457,0.0029,-0.104,1.73,0.0,0.0,0,0.0,-0.0
3,4,0.08,spawn,0.01696,0.01303,-0.01084,0.01602,0.012,1.22,25.68,0.3425,0.0036,-0.083,1.73,0.0,0.0,0,0.0,-0.0
3,5,0.1,spawn,0.01498,0.0054,-0.01397,0.01564,0.012,2.91,30.9,0.3391,0.0044,-0.035,1.73,0.0,0.0,0,0.0,-0.0
3,6,0.12,spawn,0.01398,0.00579,-0.01273,0.017,0.012,4.14,36.03,0.3356,0.0053,0.02,1.73,0.0,0.0,0,0.0,-0.0
3,7,0.14,spawn,0.01652,0.01329,-0.00982,0.02086,0.012,5.1,40.87,0.3324,0.0063,0.076,1.73,0.0,0.0,0,0.0,-0.0
3,8,0.16,spawn,0.01436,0.01203,-0.00785,0.01735,0.012,6.86,45.63,0.3294,0.0073,0.066,1.73,0.0,0.0,0,0.0,-0.0
3,9,0.18,spawn,0.0129,0.01056,-0.00741,0.0138,0.012,8.14,50.42,0.3266,0.0082,0.042,1.73,0.0,0.0,0,0.0,-0.0
3,10,0.2,spawn,0.01256,0.01106,-0.00596,0.01274,0.012,8.74,55.1,0.3243,0.0093,0.031,1.73,0.0,0.0,0,0.0,-0.0
3,11,0.22,spawn,0.01123,0.01101,-0.00223,0.01139,0.012,9.02,59.78,0.3222,0.0104,0.004,1.73,0.0,0.0,0,0.0,-0.0
3,12,0.24,spawn,0.01161,0.01155,0.00118,0.01144,0.012,9.63,64.34,0.3205,0.0115,-0.045,1.73,0.0,0.0,0,0.0,-0.0
3,13,0.26,spawn,0.01047,0.00997,0.00321,0.01003,0.012,9.72,68.89,0.3191,0.0125,-0.104,1.73,0.0,0.0,0,0.0,-0.0
3,14,0.28,spawn,0.00906,0.00782,0.00458,0.00871,0.012,9.39,73.36,0.3179,0.0134,-0.155,1.73,0.0,0.0,0,0.0,-0.0
3,15,0.3,spawn,0.00847,0.00589,0.00608,0.00852,0.012,8.85,77.53,0.317,0.0142,-0.19,1.73,0.0,0.0,0,0.0,-0.0
3,16,0.32,spawn,0.00989,0.005,0.00853,0.01019,0.012,8.25,80.94,0.3164,0.0151,-0.228,1.73,0.0,0.0,0,0.0,-0.0
3,17,0.34,spawn,0.0118,0.00419,0.01103,0.01201,0.012,7.49,82.43,0.3159,0.0158,-0.235,1.73,0.0,0.0,0,0.0,-0.0
3,18,0.36,spawn,0.015,0.00696,0.01329,0.01483,0.012,6.43,81.23,0.3157,0.0165,-0.259,1.73,0.0,0.0,0,0.0,-0.0
3,19,0.38,spawn,0.01687,0.00663,0.01551,0.01623,0.012,5.29,78.12,0.3155,0.0172,-0.233,1.73,0.0,0.0,0,0.0,-0.0
3,20,0.4,spawn,0.01778,0.00588,0.01678,0.01679,0.012,4.13,74.22,0.3153,0.0179,-0.176,1.73,0.0,0.0,0,0.0,-0.0
3,21,0.42,spawn,0.01734,0.00542,0.01647,0.0167,0.012,3.73,75.57,0.3151,0.0185,-0.109,1.649,0.0,0.0,0,0.0,-0.0
3,22,0.44,spawn,0.01811,0.01072,0.01459,0.0176,0.012,3.23,80.91,0.3149,0.019,-0.073,1.73,0.0,0.0,0,0.0,-0.0
3,23,0.46,spawn,0.01742,0.0098,0.01441,0.01715,0.012,2.88,86.04,0.3147,0.0196,0.006,1.73,0.0,0.0,0,0.0,-0.0
3,24,0.48,spawn,0.01697,0.00867,0.01459,0.01696,0.012,2.54,85.95,0.3145,0.0203,0.085,1.73,0.0,0.0,0,0.0,-0.0
3,25,0.5,spawn,0.01625,0.00772,0.0143,0.01654,0.012,2.18,81.67,0.3143,0.021,0.16,1.73,0.0,0.0,0,0.0,-0.0
3,26,0.52,spawn,0.01527,0.00822,0.01287,0.01595,0.012,1.45,80.42,0.3142,0.0215,0.227,1.73,0.0,0.0,0,0.0,-0.0
3,27,0.54,spawn,0.01492,0.01065,0.01045,0.01621,0.012,0.39,80.06,0.314,0.022,0.275,1.73,0.0,0.0,0,0.0,-0.0
3,28,0.56,spawn,0.01567,0.01295,0.00883,0.0177,0.012,-0.4,79.58,0.3139,0.0225,0.355,1.73,0.0,0.0,0,0.0,-0.0
3,29,0.58,spawn,0.01946,0.01784,0.00776,0.02219,0.012,-1.49,78.86,0.3139,0.0229,0.435,1.73,0.0,0.0,0,0.0,-0.0
3,30,0.6,spawn,0.02378,0.02296,0.00622,0.0271,0.012,-2.34,77.67,0.3138,0.0232,0.515,1.73,0.0,0.0,0,0.0,-0.0
3,31,0.62,spawn,0.02775,0.02752,0.00357,0.03157,0.012,-3.0,76.3,0.3138,0.0235,0.588,1.73,0.0,0.0,0,0.0,-0.0
3,32,0.64,spawn,0.03219,0.03219,0.00062,0.03645,0.012,-3.72,73.2,0.3137,0.0237,0.653,1.73,0.0,0.0,0,0.0,-0.0
3,33,0.66,spawn,0.0377,0.03766,-0.00173,0.04231,0.012,-4.17,69.72,0.3135,0.0238,0.724,1.73,0.0,0.0,0,0.0,-0.0
3,34,0.68,spawn,0.04342,0.04323,-0.00398,0.04832,0.012,-4.18,67.03,0.3133,0.0239,0.803,1.73,0.0,0.0,0,0.0,-0.0
3,35,0.7,spawn,0.04845,0.04796,-0.00687,0.05361,0.012,-4.04,65.43,0.3131,0.024,0.883,1.73,0.0,0.0,0,0.0,-0.0
3,36,0.72,spawn,0.05298,0.0521,-0.00964,0.05842,0.012,-3.97,63.79,0.3128,0.024,0.96,1.73,0.0,0.0,0,0.0,-0.0
3,37,0.74,spawn,0.05724,0.05601,-0.01179,0.06311,0.012,-4.14,61.01,0.3125,0.024,1.037,1.048,0.0,0.0,0,0.0,-0.0
3,38,0.76,spawn,0.06153,0.05988,-0.01417,0.06785,0.012,-3.8,55.32,0.3122,0.024,1.125,1.73,0.0,0.0,0,0.0,-0.0
3,39,0.78,spawn,0.06506,0.0631,-0.01586,0.07188,0.012,-3.44,49.75,0.3118,0.024,1.212,1.73,0.0,0.0,0,0.0,-0.0
3,40,0.8,spawn,0.06836,0.06621,-0.01702,0.0757,0.012,-3.04,44.48,0.3114,0.0239,1.297,1.73,0.0,0.0,0,0.0,-0.0
3,41,0.82,spawn,0.07068,0.06835,-0.01796,0.07853,0.012,-2.73,40.45,0.311,0.0239,1.369,1.73,0.0,0.0,0,0.0,-0.0
3,42,0.84,spawn,0.073,0.0706,-0.01857,0.08123,0.012,-2.36,39.22,0.3106,0.0239,1.44,1.73,0.0,0.0,0,0.0,-0.0
3,43,0.86,spawn,0.07458,0.07218,-0.01874,0.08317,0.012,-2.0,38.63,0.3101,0.0238,1.506,1.73,0.0,0.0,0,0.0,-0.0
3,44,0.88,spawn,0.07494,0.07263,-0.01845,0.0839,0.012,-1.74,38.52,0.3097,0.0238,1.564,1.73,0.0,0.0,0,0.0,-0.0
3,45,0.9,spawn,0.07475,0.07264,-0.01762,0.08384,0.012,-1.5,40.66,0.3093,0.0237,1.624,0.984,0.0,0.0,0,0.0,-0.0
3,46,0.92,spawn,0.07339,0.07146,-0.0167,0.08291,0.012,-1.42,40.32,0.309,0.0237,1.681,1.191,0.0,0.0,0,0.0,-0.0
3,47,0.94,spawn,0.07258,0.07105,-0.01481,0.08199,0.012,-1.19,42.5,0.3086,0.0236,1.751,0.641,0.0,0.0,0,0.0,-0.0
3,48,0.96,spawn,0.07065,0.06952,-0.01257,0.0804,0.012,-1.14,42.8,0.3084,0.0236,1.806,0.955,0.0,0.0,0,0.0,-0.0
3,49,0.98,stand,0.06856,0.06626,-0.0176,0.07818,0.012,-1.15,45.1,0.3081,0.0236,1.861,0.703,0.0,0.0,0,0.0,-0.0
3,50,1.0,stand,0.06681,0.06527,-0.01428,0.07646,0.012,-1.25,47.18,0.308,0.0235,1.916,0.899,0.0,0.0,0,0.0,-0.0
3,51,1.02,stand,0.06501,0.06406,-0.01106,0.07484,0.012,-1.26,48.58,0.3078,0.0234,1.972,0.896,0.0,0.0,0,0.0,-0.0
3,52,1.04,stand,0.06304,0.06257,-0.00767,0.07287,0.012,-1.12,49.59,0.3077,0.0232,2.025,1.73,0.0,0.0,0,0.0,-0.0
3,53,1.06,stand,0.06101,0.06085,-0.00436,0.07014,0.012,-1.01,53.56,0.3077,0.0231,2.073,1.729,0.0,0.0,0,0.0,-0.0
3,54,1.08,stand,0.05853,0.05851,-0.00152,0.0677,0.012,-1.47,54.73,0.3078,0.0229,2.119,1.73,0.0,0.0,0,0.0,-0.0
3,55,1.1,stand,0.05623,0.05623,0.00058,0.0655,0.012,-2.01,55.37,0.3079,0.0227,2.155,1.73,0.0,0.0,0,0.0,-0.0
3,56,1.12,stand,0.05393,0.05388,0.00247,0.06321,0.012,-2.3,56.38,0.3081,0.0225,2.181,1.73,0.0,0.0,0,0.0,-0.0
3,57,1.14,stand,0.05145,0.05129,0.00408,0.06072,0.012,-2.42,57.1,0.3084,0.0224,2.207,1.73,0.0,0.0,0,0.0,-0.0
3,58,1.16,stand,0.04863,0.04834,0.00528,0.05791,0.012,-2.55,57.91,0.3086,0.0223,2.232,1.73,0.0,0.0,0,0.0,-0.0
3,59,1.18,stand,0.04543,0.04502,0.0061,0.05467,0.012,-2.6,59.26,0.3089,0.0222,2.253,1.73,0.0,0.0,0,0.0,-0.0
3,60,1.2,stand,0.0419,0.04132,0.00692,0.05103,0.012,-2.68,62.0,0.3092,0.0221,2.263,1.047,0.0,0.0,0,0.0,-0.0
3,61,1.22,stand,0.03849,0.03771,0.00771,0.0478,0.012,-2.61,63.85,0.3096,0.0221,2.28,0.987,0.0,0.0,0,0.0,-0.0
3,62,1.24,stand,0.03502,0.03396,0.00855,0.04413,0.012,-2.18,66.6,0.3099,0.0221,2.305,1.048,0.0,0.0,0,0.0,-0.0
3,63,1.26,stand,0.03108,0.02968,0.00923,0.03955,0.012,-1.96,71.03,0.3102,0.0221,2.321,1.72,0.0,0.0,0,0.0,-0.0
3,64,1.28,stand,0.02705,0.02521,0.0098,0.03496,0.012,-1.67,75.07,0.3104,0.0222,2.329,1.723,0.0,0.0,0,0.0,-0.0
3,65,1.3,stand,0.02396,0.02132,0.01094,0.03127,0.012,-1.61,79.46,0.3107,0.0224,2.323,1.719,0.0,0.0,0,0.0,-0.0
3,66,1.32,stand,0.02195,0.01849,0.01183,0.02851,0.012,-1.33,83.1,0.311,0.0225,2.328,1.723,0.0,0.0,0,0.0,-0.0
3,67,1.34,stand,0.0181,0.01363,0.01191,0.02453,0.012,-1.03,85.4,0.3113,0.0227,2.291,1.04,0.0,0.0,0,0.0,-0.0
3,68,1.36,stand,0.01637,0.01089,0.01223,0.02155,0.012,-0.5,87.98,0.3115,0.0229,2.273,0.646,0.0,0.0,0,0.0,-0.0
3,69,1.38,stand,0.01503,0.00703,0.01328,0.01923,0.012,-0.44,87.83,0.3118,0.0231,2.208,1.687,0.0,0.0,0,0.0,-0.0
3,70,1.4,stand,0.01647,0.00876,0.01395,0.01885,0.012,-0.05,85.54,0.3121,0.0233,2.193,0.946,0.0,0.0,0,0.0,-0.0
3,71,1.42,stand,0.0148,0.00476,0.01401,0.01635,0.012,0.06,84.22,0.3123,0.0235,2.109,1.726,0.0,0.0,0,0.0,-0.0
3,72,1.44,stand,0.0142,0.00795,0.01177,0.01631,0.012,-0.28,82.9,0.3126,0.0236,2.093,0.717,0.0,0.0,0,0.0,-0.0
3,73,1.46,stand,0.01178,0.0065,0.00982,0.01691,0.012,-1.16,82.04,0.313,0.0238,2.018,1.046,0.0,0.0,0,0.0,-0.0
3,74,1.48,stand,0.01352,0.00926,0.00986,0.01604,0.012,-0.87,79.82,0.3132,0.024,1.992,0.939,0.0,0.0,0,0.0,-0.0
3,75,1.5,stand,0.015,0.01232,0.00855,0.01503,0.012,-0.71,79.41,0.3134,0.0242,1.975,1.73,0.0,0.0,0,0.0,-0.0
3,76,1.52,stand,0.01177,0.00885,0.00777,0.01189,0.012,-1.32,76.89,0.3136,0.0243,1.918,1.729,0.0,0.0,0,0.0,-0.0
3,77,1.54,stand,0.01297,0.01086,0.0071,0.01299,0.012,-1.51,77.78,0.3138,0.0245,1.917,1.73,0.0,0.0,0,0.0,-0.0
3,78,1.56,stand,0.01051,0.00777,0.00708,0.01221,0.012,-2.02,77.13,0.314,0.0247,1.868,1.605,0.0,0.0,0,0.0,-0.0
3,79,1.58,stand,0.00902,0.00519,0.00737,0.01187,0.012,-2.29,73.04,0.3141,0.0249,1.807,1.729,0.0,0.0,0,0.0,-0.0
3,80,1.6,stand,0.01187,0.00956,0.00703,0.01198,0.012,-2.0,71.59,0.3142,0.0251,1.819,1.21,0.0,0.0,0,0.0,-0.0
3,81,1.62,stand,0.00996,0.00745,0.00662,0.01013,0.012,-2.06,70.84,0.3142,0.0253,1.773,1.73,0.0,0.0,0,0.0,-0.0
3,82,1.64,stand,0.00894,0.00584,0.00677,0.00956,0.012,-1.9,70.01,0.3143,0.0255,1.714,1.73,0.0,0.0,0,0.0,-0.0
3,83,1.66,stand,0.01196,0.00948,0.00728,0.01049,0.012,-1.69,69.86,0.3143,0.0257,1.728,1.73,0.0,0.0,0,0.0,-0.0
3,84,1.68,stand,0.01067,0.00809,0.00696,0.01025,0.012,-1.88,69.64,0.3143,0.0258,1.676,1.73,0.0,0.0,0,0.0,-0.0
3,85,1.7,stand,0.01408,0.01272,0.00604,0.01096,0.012,-1.56,69.48,0.3143,0.0259,1.667,1.73,0.0,0.0,0,0.0,-0.0
3,86,1.72,stand,0.01155,0.01046,0.0049,0.0101,0.012,-1.89,69.22,0.3144,0.0259,1.614,1.73,0.0,0.0,0,0.0,-0.0
3,87,1.74,stand,0.01339,0.01207,0.0058,0.01012,0.012,-1.69,65.13,0.3144,0.026,1.571,1.478,0.0,0.0,0,0.0,-0.0
3,88,1.76,stand,0.01216,0.00933,0.00779,0.00994,0.012,-1.52,63.18,0.3144,0.0262,1.495,1.665,0.0,0.0,0,0.0,-0.0
3,89,1.78,stand,0.01132,0.00772,0.00828,0.01154,0.012,-1.94,61.01,0.3146,0.0262,1.455,1.73,0.0,0.0,0,0.0,-0.0
3,90,1.8,stand,0.0127,0.01073,0.00679,0.01262,0.012,-2.08,61.3,0.3147,0.0262,1.447,1.73,0.0,0.0,0,0.0,-0.0
3,91,1.82,stand,0.01636,0.01486,0.00685,0.01282,0.012,-1.82,58.65,0.3147,0.0262,1.438,1.464,0.0,0.0,0,0.0,-0.0
3,92,1.84,stand,0.01428,0.012,0.00775,0.01057,0.012,-1.87,57.89,0.3148,0.0263,1.382,1.73,0.0,0.0,0,0.0,-0.0
3,93,1.86,stand,0.01272,0.0091,0.00889,0.01072,0.012,-1.96,57.95,0.3149,0.0263,1.33,1.73,0.0,0.0,0,0.0,-0.0
3,94,1.88,stand,0.01247,0.00589,0.01099,0.01376,0.012,-2.31,57.7,0.3151,0.0265,1.283,1.73,0.0,0.0,0,0.0,-0.0
3,95,1.9,stand,0.01346,0.00542,0.01232,0.01566,0.012,-2.54,57.19,0.3153,0.0267,1.254,1.73,0.0,0.0,0,0.0,-0.0
3,96,1.92,stand,0.01331,0.00375,0.01277,0.01628,0.012,-2.46,56.43,0.3155,0.0268,1.197,1.73,0.0,0.0,0,0.0,-0.0
3,97,1.94,stand,0.01327,0.00343,0.01282,0.01702,0.012,-2.49,56.08,0.3156,0.027,1.157,1.73,0.0,0.0,0,0.0,-0.0
3,98,1.96,stand,0.01375,0.00295,0.01343,0.01965,0.012,-2.93,54.77,0.3157,0.0272,1.114,1.73,0.0,0.0,0,0.0,-0.0
3,99,1.98,stand,0.01352,0.0028,0.01323,0.01764,0.012,-2.61,54.87,0.3158,0.0273,1.117,1.73,0.0,0.0,0,0.0,-0.0
3,100,2.0,stand,0.01312,0.00584,0.01175,0.01524,0.012,-2.16,55.3,0.3157,0.0274,1.101,1.73,0.0,0.0,0,0.0,-0.0
3,101,2.02,stand,0.01277,0.00795,0.00999,0.01251,0.012,-1.77,56.37,0.3157,0.0276,1.091,1.73,0.0,0.0,0,0.0,-0.0
3,102,2.04,stand,0.01358,0.00963,0.00958,0.0111,0.012,-1.68,56.78,0.3156,0.0277,1.09,1.73,0.0,0.0,0,0.0,-0.0
3,103,2.06,stand,0.01746,0.01387,0.0106,0.0132,0.012,-1.57,56.87,0.3156,0.028,1.087,1.73,0.0,0.0,0,0.0,-0.0
3,104,2.08,stand,0.01934,0.01576,0.01121,0.01405,0.012,-1.3,56.77,0.3156,0.0282,1.046,1.73,0.0,0.0,0,0.0,-0.0
3,105,2.1,stand,0.01888,0.01593,0.01014,0.01341,0.012,-1.35,57.11,0.3156,0.0282,1.009,1.73,0.0,0.0,0,0.0,-0.0
3,106,2.12,stand,0.02529,0.02309,0.01032,0.01887,0.012,-1.06,57.11,0.3156,0.0284,1.025,1.73,0.0,0.0,0,0.0,-0.0
3,107,2.14,stand,0.02481,0.02175,0.01193,0.01955,0.012,-1.55,57.63,0.3156,0.0285,0.98,1.686,0.0,0.0,0,0.0,-0.0
3,108,2.16,stand,0.02484,0.0214,0.01261,0.01985,0.012,-1.79,57.5,0.3156,0.0286,0.942,1.73,0.0,0.0,0,0.0,-0.0
3,109,2.18,stand,0.02155,0.01689,0.01339,0.01798,0.012,-2.38,56.68,0.3157,0.0287,0.887,1.73,0.0,0.0,0,0.0,-0.0
3,110,2.2,stand,0.01922,0.01277,0.01437,0.0178,0.012,-2.69,56.58,0.3158,0.0288,0.824,1.73,0.0,0.0,0,0.0,-0.0
3,111,2.22,stand,0.01994,0.01266,0.0154,0.01983,0.012,-3.01,56.07,0.3159,0.0289,0.798,1.73,0.0,0.0,0,0.0,-0.0
3,112,2.24,stand,0.01938,0.01077,0.0161,0.02105,0.012,-3.34,55.63,0.316,0.0291,0.753,1.73,0.0,0.0,0,0.0,-0.0
3,113,2.26,stand,0.01846,0.00776,0.01675,0.02168,0.012,-3.48,53.52,0.3161,0.0293,0.703,1.73,0.0,0.0,0,0.0,-0.0
3,114,2.28,stand,0.01705,0.00245,0.01687,0.02189,0.012,-3.32,54.29,0.3162,0.0294,0.645,1.73,0.0,0.0,0,0.0,-0.0
3,115,2.3,stand,0.01663,0.00364,0.01623,0.01999,0.012,-2.7,54.74,0.3163,0.0295,0.639,1.73,0.0,0.0,0,0.0,-0.0
3,116,2.32,stand,0.01725,0.00438,0.01669,0.02014,0.012,-2.61,54.77,0.3164,0.0297,0.622,1.73,0.0,0.0,0,0.0,-0.0
3,117,2.34,stand,0.01798,0.00442,0.01743,0.02114,0.012,-2.86,54.58,0.3166,0.03,0.598,1.73,0.0,0.0,0,0.0,-0.0
3,118,2.36,stand,0.01783,0.00246,0.01766,0.02178,0.012,-3.1,54.2,0.3167,0.0302,0.561,1.73,0.0,0.0,0,0.0,-0.0
3,119,2.38,stand,0.01747,0.00169,0.01739,0.02274,0.012,-3.23,53.8,0.3169,0.0303,0.513,1.73,0.0,0.0,0,0.0,-0.0
3,120,2.4,stand,0.0171,0.00173,0.01701,0.0227,0.012,-3.3,53.89,0.317,0.0305,0.512,1.73,0.0,0.0,0,0.0,-0.0
3,121,2.42,stand,0.01729,0.00325,0.01699,0.02363,0.012,-3.46,53.89,0.317,0.0307,0.49,1.73,0.0,0.0,0,0.0,-0.0
3,122,2.44,stand,0.01744,0.00441,0.01687,0.02438,0.012,-3.6,53.96,0.317,0.0309,0.47,1.73,0.0,0.0,0,0.0,-0.0
3,123,2.46,stand,0.01729,0.00557,0.01637,0.02466,0.012,-3.65,54.21,0.317,0.0311,0.448,1.73,0.0,0.0,0,0.0,-0.0
3,124,2.48,approach,0.01738,0.00716,0.01583,0.02522,0.012,-3.69,54.51,0.3169,0.0313,0.425,1.73,0.0,0.0,0,0.0,-0.0
3,125,2.5,approach,0.01726,0.00619,0.01611,0.02473,0.012,-3.77,54.82,0.3169,0.0315,0.424,1.73,0.0,0.0,0,0.0,-0.0
3,126,2.52,approach,0.01746,0.00621,0.01632,0.02476,0.012,-3.88,55.13,0.3168,0.0317,0.405,1.73,0.0,0.0,0,0.0,-0.0
3,127,2.54,approach,0.01707,0.00575,0.01607,0.02407,0.012,-3.89,55.47,0.3167,0.0319,0.389,1.73,0.0,0.0,0,0.0,-0.0
3,128,2.56,approach,0.01704,0.00653,0.01574,0.02393,0.012,-3.88,55.77,0.3165,0.032,0.364,1.73,0.0,0.0,0,0.0,-0.0
3,129,2.58,approach,0.01713,0.00699,0.01563,0.02421,0.012,-4.07,56.1,0.3164,0.0322,0.347,1.73,0.0,0.0,0,0.0,-0.0
3,130,2.6,approach,0.01673,0.00565,0.01575,0.02367,0.012,-4.25,56.56,0.3163,0.0324,0.346,1.73,0.0,0.0,0,0.0,-0.0
3,131,2.62,approach,0.01708,0.00647,0.0158,0.02401,0.012,-4.3,56.9,0.3161,0.0326,0.315,1.73,0.0,0.0,0,0.0,-0.0
3,132,2.64,approach,0.01724,0.00723,0.01565,0.02382,0.012,-4.19,57.33,0.3159,0.0328,0.289,1.73,0.0,0.0,0,0.0,-0.0
3,133,2.66,approach,0.01685,0.00624,0.01565,0.0232,0.012,-4.26,57.81,0.3157,0.033,0.284,1.73,0.0,0.0,0,0.0,-0.0
3,134,2.68,approach,0.01723,0.00552,0.01632,0.02348,0.012,-4.43,58.15,0.3155,0.0332,0.272,1.73,0.0,0.0,0,0.0,-0.0
3,135,2.7,approach,0.01812,0.00593,0.01712,0.02407,0.012,-4.43,58.35,0.3152,0.0334,0.245,1.73,0.0,0.0,0,0.0,-0.0
3,136,2.72,approach,0.01876,0.00705,0.01739,0.02448,0.012,-4.38,58.48,0.315,0.0336,0.218,1.73,0.0,0.0,0,0.0,-0.0
3,137,2.74,approach,0.01883,0.0074,0.01731,0.02477,0.012,-4.54,58.68,0.3148,0.0338,0.202,1.73,0.0,0.0,0,0.0,-0.0
3,138,2.76,approach,0.01905,0.00707,0.01769,0.02532,0.012,-4.8,58.79,0.3146,0.034,0.189,1.73,0.0,0.0,0,0.0,-0.0
3,139,2.78,approach,0.01902,0.00683,0.01775,0.02562,0.012,-5.08,58.86,0.3144,0.0342,0.176,1.73,0.0,0.0,0,0.0,-0.0
3,140,2.8,approach,0.01856,0.00632,0.01746,0.02512,0.012,-5.19,58.82,0.3142,0.0344,0.163,1.73,0.0,0.0,0,0.0,-0.0
3,141,2.82,approach,0.0181,0.00655,0.01687,0.02493,0.012,-5.37,58.66,0.314,0.0346,0.145,1.73,0.0,0.0,0,0.0,-0.0
3,142,2.84,approach,0.01786,0.00614,0.01678,0.02488,0.012,-5.61,58.48,0.3138,0.0348,0.141,1.73,0.0,0.0,0,0.0,-0.0
3,143,2.86,approach,0.01779,0.00591,0.01678,0.02482,0.012,-5.76,58.3,0.3136,0.035,0.132,1.73,0.0,0.0,0,0.0,-0.0
3,144,2.88,approach,0.01776,0.00611,0.01667,0.02479,0.012,-5.84,58.13,0.3134,0.0351,0.114,1.73,0.0,0.0,0,0.0,-0.0
3,145,2.9,approach,0.01755,0.00546,0.01668,0.0243,0.012,-5.86,57.98,0.3133,0.0353,0.107,1.73,0.0,0.0,0,0.0,-0.0
3,146,2.92,approach,0.01764,0.00653,0.01639,0.02477,0.012,-6.05,57.82,0.3131,0.0355,0.086,1.73,0.0,0.0,0,0.0,-0.0
3,147,2.94,approach,0.01748,0.00626,0.01632,0.02455,0.012,-6.12,57.75,0.3129,0.0356,0.073,1.73,0.0,0.0,0,0.0,-0.0
3,148,2.96,approach,0.01672,0.00463,0.01607,0.02354,0.012,-6.26,57.73,0.3128,0.0358,0.077,1.73,0.0,0.0,0,0.0,-0.0
3,149,2.98,approach,0.01669,0.00555,0.01574,0.02384,0.012,-6.44,57.46,0.3127,0.0359,0.049,1.73,0.0,0.0,0,0.0,-0.0
3,150,3.0,approach,0.01659,0.00588,0.01551,0.02352,0.012,-6.37,57.34,0.3125,0.0361,0.022,1.73,0.0,0.0,0,0.0,-0.0
3,151,3.02,approach,0.01556,0.00405,0.01502,0.02242,0.012,-6.64,57.27,0.3124,0.0362,0.038,1.73,0.0,0.0,0,0.0,-0.0
3,152,3.04,approach,0.01563,0.0049,0.01484,0.02291,0.012,-6.89,56.94,0.3123,0.0363,0.017,1.73,0.0,0.0,0,0.0,-0.0
3,153,3.06,approach,0.01479,0.00333,0.01441,0.02152,0.012,-6.97,56.76,0.3122,0.0364,0.021,1.73,0.0,0.0,0,0.0,-0.0
3,154,3.08,approach,0.01466,0.00429,0.01402,0.02181,0.012,-7.13,56.34,0.3121,0.0365,-0.004,1.73,0.0,0.0,0,0.0,-0.0
3,155,3.1,approach,0.01409,0.00279,0.01381,0.02052,0.012,-7.11,56.26,0.312,0.0366,-0.007,1.73,0.0,0.0,0,0.0,-0.0
3,156,3.12,approach,0.01414,0.00333,0.01374,0.02081,0.012,-7.27,56.01,0.312,0.0367,-0.026,1.73,0.0,0.0,0,0.0,-0.0
3,157,3.14,approach,0.01391,0.00236,0.01371,0.02028,0.012,-7.48,55.77,0.3119,0.0367,-0.024,1.73,0.0,0.0,0,0.0,-0.0
3,158,3.16,approach,0.01395,0.00311,0.0136,0.0206,0.012,-7.61,55.43,0.3118,0.0368,-0.047,1.73,0.0,0.0,0,0.0,-0.0
3,159,3.18,approach,0.01321,0.00174,0.0131,0.01942,0.012,-7.7,55.3,0.3118,0.0368,-0.043,1.73,0.0,0.0,0,0.0,-0.0
3,160,3.2,approach,0.01338,0.00339,0.01294,0.02017,0.012,-7.9,54.93,0.3117,0.0368,-0.067,1.73,0.0,0.0,0,0.0,-0.0
3,161,3.22,approach,0.01325,0.00284,0.01294,0.01955,0.012,-8.01,54.8,0.3116,0.0368,-0.075,1.73,0.0,0.0,0,0.0,-0.0
3,162,3.24,approach,0.01386,0.00374,0.01334,0.01644,0.012,-7.31,55.16,0.3115,0.0368,-0.067,1.73,0.0,0.0,0,0.0,-0.0
3,163,3.26,approach,0.01428,0.00561,0.01313,0.01655,0.012,-7.29,54.83,0.3114,0.0368,-0.094,1.73,0.0,0.0,0,0.0,-0.0
3,164,3.28,approach,0.01455,0.00351,0.01412,0.01698,0.012,-7.72,54.48,0.3114,0.0368,-0.09,1.73,0.0,0.0,0,0.0,-0.0
3,165,3.3,approach,0.01447,0.00118,0.01442,0.01836,0.012,-8.24,54.1,0.3114,0.0368,-0.109,1.73,0.0,0.0,0,0.0,-0.0
3,166,3.32,approach,0.01407,0.00232,0.01387,0.01721,0.012,-8.44,53.87,0.3114,0.0368,-0.103,1.73,0.0,0.0,0,0.0,-0.0
3,167,3.34,approach,0.01325,0.00167,0.01314,0.01718,0.012,-8.81,53.33,0.3114,0.0367,-0.121,1.73,0.0,0.0,0,0.0,-0.0
3,168,3.36,approach,0.01448,0.00565,0.01334,0.01614,0.012,-8.3,53.5,0.3113,0.0366,-0.129,1.73,0.0,0.0,0,0.0,-0.0
3,169,3.38,approach,0.01484,0.00592,0.01361,0.01694,0.012,-8.47,53.22,0.3113,0.0366,-0.142,1.73,0.0,0.0,0,0.0,-0.0
3,170,3.4,approach,0.01493,0.00267,0.01468,0.01782,0.012,-9.05,52.88,0.3113,0.0366,-0.136,1.73,0.0,0.0,0,0.0,-0.0
3,171,3.42,approach,0.01548,0.00272,0.01523,0.01784,0.012,-9.23,52.7,0.3114,0.0365,-0.137,1.73,0.0,0.0,0,0.0,-0.0
3,172,3.44,approach,0.0154,0.00474,0.01465,0.0184,0.012,-9.31,52.32,0.3113,0.0364,-0.17,1.73,0.0,0.0,0,0.0,-0.0
3,173,3.46,approach,0.0156,0.00606,0.01438,0.01919,0.012,-9.49,52.14,0.3113,0.0362,-0.19,1.73,0.0,0.0,0,0.0,-0.0
3,174,3.48,approach,0.01617,0.00645,0.01483,0.01731,0.012,-9.07,52.76,0.3113,0.0361,-0.18,1.73,0.0,0.0,0,0.0,-0.0
3,175,3.5,approach,0.01613,0.00605,0.01495,0.01621,0.012,-9.31,52.63,0.3114,0.036,-0.165,1.73,0.0,0.0,0,0.0,-0.0
3,176,3.52,approach,0.01625,0.00511,0.01543,0.01741,0.012,-9.66,52.09,0.3114,0.036,-0.192,1.73,0.0,0.0,0,0.0,-0.0
3,177,3.54,approach,0.01588,0.00449,0.01523,0.01697,0.012,-10.0,51.77,0.3115,0.0358,-0.189,1.73,0.0,0.0,0,0.0,-0.0
3,178,3.56,approach,0.01566,0.00437,0.01504,0.01777,0.012,-10.26,51.35,0.3116,0.0357,-0.215,1.73,0.0,0.0,0,0.0,-0.0
3,179,3.58,approach,0.01568,0.00451,0.01502,0.01714,0.012,-10.38,51.2,0.3116,0.0356,-0.215,1.73,0.0,0.0,0,0.0,-0.0
3,180,3.6,approach,0.0158,0.00463,0.0151,0.01801,0.012,-10.59,50.88,0.3117,0.0354,-0.236,1.73,0.0,0.0,0,0.0,-0.0
3,181,3.62,approach,0.01545,0.00373,0.015,0.0177,0.012,-10.88,50.69,0.3118,0.0353,-0.234,1.73,0.0,0.0,0,0.0,-0.0
3,182,3.64,approach,0.01562,0.00433,0.01501,0.0186,0.012,-11.08,50.38,0.3118,0.0352,-0.256,1.73,0.0,0.0,0,0.0,-0.0
3,183,3.66,approach,0.01523,0.00372,0.01477,0.01815,0.012,-11.31,50.23,0.3119,0.035,-0.255,1.73,0.0,0.0,0,0.0,-0.0
3,184,3.68,approach,0.01547,0.00466,0.01476,0.019,0.012,-11.48,50.02,0.3119,0.0349,-0.276,1.73,0.0,0.0,0,0.0,-0.0
3,185,3.7,approach,0.01505,0.00379,0.01456,0.01842,0.012,-11.69,49.92,0.312,0.0347,-0.275,1.73,0.0,0.0,0,0.0,-0.0
3,186,3.72,approach,0.01548,0.00537,0.01452,0.01928,0.012,-11.81,49.74,0.312,0.0346,-0.298,1.73,0.0,0.0,0,0.0,-0.0
3,187,3.74,approach,0.01507,0.00487,0.01426,0.0186,0.012,-11.96,49.72,0.312,0.0344,-0.297,1.73,0.0,0.0,0,0.0,-0.0
3,188,3.76,approach,0.01549,0.00591,0.01432,0.01941,0.012,-12.1,49.59,0.312,0.0343,-0.313,1.73,0.0,0.0,0,0.0,-0.0
3,189,3.78,approach,0.0151,0.00526,0.01415,0.01938,0.012,-12.37,49.5,0.312,0.0342,-0.316,1.73,0.0,0.0,0,0.0,-0.0
3,190,3.8,approach,0.01521,0.00618,0.0139,0.0199,0.012,-12.53,49.44,0.312,0.034,-0.331,1.73,0.0,0.0,0,0.0,-0.0
3,191,3.82,approach,0.01451,0.00597,0.01322,0.01953,0.012,-12.73,49.43,0.312,0.0338,-0.335,1.73,0.0,0.0,0,0.0,-0.0
3,192,3.84,approach,0.01466,0.00685,0.01296,0.02024,0.012,-12.93,49.33,0.3119,0.0337,-0.348,1.73,0.0,0.0,0,0.0,-0.0
3,193,3.86,approach,0.01417,0.0061,0.0128,0.01995,0.012,-13.17,49.27,0.3119,0.0335,-0.347,1.73,0.0,0.0,0,0.0,-0.0
3,194,3.88,approach,0.01435,0.00617,0.01295,0.01966,0.012,-13.2,49.18,0.3118,0.0334,-0.353,1.73,0.0,0.0,0,0.0,-0.0
3,195,3.9,approach,0.0151,0.00819,0.01268,0.02064,0.012,-13.25,49.03,0.3117,0.0333,-0.375,1.73,0.0,0.0,0,0.0,-0.0
3,196,3.92,approach,0.0147,0.0077,0.01252,0.02074,0.012,-13.53,48.9,0.3116,0.0331,-0.378,1.73,0.0,0.0,0,0.0,-0.0
3,197,3.94,approach,0.01428,0.00686,0.01252,0.02048,0.012,-13.76,48.9,0.3115,0.033,-0.382,1.73,0.0,0.0,0,0.0,-0.0
3,198,3.96,approach,0.01459,0.00783,0.01231,0.02062,0.012,-13.78,48.84,0.3113,0.0329,-0.398,1.73,0.0,0.0,0,0.0,-0.0
3,199,3.98,approach,0.01461,0.00874,0.01171,0.02101,0.012,-13.91,48.77,0.3112,0.0327,-0.412,1.73,0.0,0.0,0,0.0,-0.0
3,200,4.0,approach,0.01406,0.00791,0.01162,0.02087,0.012,-14.19,48.66,0.3111,0.0326,-0.414,1.73,0.0,0.0,0,0.0,-0.0
3,201,4.02,approach,0.01381,0.00733,0.0117,0.02045,0.012,-14.31,48.58,0.3109,0.0325,-0.421,1.73,0.0,0.0,0,0.0,-0.0
3,202,4.04,approach,0.01417,0.00836,0.01145,0.02069,0.012,-14.33,48.46,0.3108,0.0324,-0.44,1.73,0.0,0.0,0,0.0,-0.0
3,203,4.06,approach,0.01371,0.00812,0.01105,0.02058,0.012,-14.54,48.35,0.3107,0.0322,-0.448,1.73,0.0,0.0,0,0.0,-0.0
3,204,4.08,approach,0.01302,0.00733,0.01075,0.02033,0.012,-14.81,48.24,0.3105,0.0321,-0.454,1.73,0.0,0.0,0,0.0,-0.0
3,205,4.1,approach,0.01279,0.00714,0.01061,0.01989,0.012,-14.88,48.11,0.3104,0.032,-0.465,1.73,0.0,0.0,0,0.0,-0.0
3,206,4.12,approach,0.01309,0.00805,0.01032,0.02017,0.012,-14.94,47.92,0.3102,0.0319,-0.485,1.73,0.0,0.0,0,0.0,-0.0
3,207,4.14,approach,0.01257,0.00722,0.01029,0.01983,0.012,-15.16,47.72,0.3101,0.0318,-0.491,1.73,0.0,0.0,0,0.0,-0.0
3,208,4.16,approach,0.01239,0.0068,0.01035,0.0196,0.012,-15.31,47.57,0.3099,0.0317,-0.502,1.73,0.0,0.0,0,0.0,-0.0
3,209,4.18,approach,0.01235,0.00697,0.0102,0.01934,0.012,-15.37,47.4,0.3097,0.0316,-0.517,1.73,0.0,0.0,0,0.0,-0.0
3,210,4.2,approach,0.01267,0.00802,0.00982,0.02012,0.012,-15.53,47.22,0.3096,0.0314,-0.54,1.73,0.0,0.0,0,0.0,-0.0
3,211,4.22,approach,0.01179,0.00653,0.00981,0.01944,0.012,-15.8,47.06,0.3095,0.0313,-0.544,1.73,0.0,0.0,0,0.0,-0.0
3,212,4.24,approach,0.01144,0.00588,0.00981,0.01863,0.012,-15.86,46.94,0.3093,0.0312,-0.555,1.73,0.0,0.0,0,0.0,-0.0
3,213,4.26,approach,0.01216,0.00752,0.00955,0.01922,0.012,-15.85,46.74,0.3092,0.0311,-0.583,1.73,0.0,0.0,0,0.0,-0.0
3,214,4.28,approach,0.01172,0.0066,0.00968,0.01877,0.012,-16.05,46.56,0.3091,0.031,-0.589,1.73,0.0,0.0,0,0.0,-0.0
3,215,4.3,approach,0.01159,0.00656,0.00956,0.01912,0.012,-16.3,46.4,0.309,0.0309,-0.607,1.73,0.0,0.0,0,0.0,-0.0
3,216,4.32,approach,0.01063,0.00529,0.00922,0.018,0.012,-16.46,46.28,0.3089,0.0308,-0.615,1.73,0.0,0.0,0,0.0,-0.0
3,217,4.34,approach,0.01146,0.00702,0.00906,0.01862,0.012,-16.44,46.08,0.3087,0.0306,-0.643,1.73,0.0,0.0,0,0.0,-0.0
3,218,4.36,approach,0.01102,0.00608,0.00918,0.01803,0.012,-16.62,45.89,0.3086,0.0305,-0.651,1.73,0.0,0.0,0,0.0,-0.0
3,219,4.38,approach,0.01116,0.00629,0.00921,0.01844,0.012,-16.82,45.72,0.3085,0.0304,-0.671,1.73,0.0,0.0,0,0.0,-0.0
3,220,4.4,approach,0.01039,0.00525,0.00897,0.01751,0.012,-16.98,45.59,0.3084,0.0303,-0.68,1.73,0.0,0.0,0,0.0,-0.0
3,221,4.42,approach,0.01116,0.00679,0.00886,0.01814,0.012,-16.99,45.4,0.3083,0.0301,-0.708,1.73,0.0,0.0,0,0.0,-0.0
3,222,4.44,approach,0.01089,0.00607,0.00904,0.01775,0.012,-17.18,45.21,0.3082,0.03,-0.718,1.73,0.0,0.0,0,0.0,-0.0
3,223,4.46,approach,0.01082,0.00608,0.00896,0.01806,0.012,-17.4,45.06,0.3081,0.0299,-0.736,1.73,0.0,0.0,0,0.0,-0.0
3,224,4.48,settle,0.01027,0.00547,0.00869,0.01746,0.012,-17.55,44.93,0.308,0.0297,-0.749,1.73,0.0,0.0,0,0.0,-0.0
3,225,4.5,settle,0.01116,0.00876,0.00692,0.02092,0.012,-17.67,49.12,0.3079,0.0295,-0.788,1.73,0.0,0.0,0,0.0,-0.0
3,226,4.52,settle,0.00569,0.00294,0.00487,0.01646,0.012,-17.04,54.34,0.3079,0.0293,-0.769,1.73,0.0,0.0,0,0.0,-0.0
3,227,4.54,settle,0.00408,0.00266,0.00309,0.01646,0.012,-16.48,59.01,0.3078,0.0291,-0.78,1.73,0.0,0.0,0,0.0,-0.0
3,228,4.56,settle,0.00326,0.00236,0.00226,0.01672,0.012,-16.03,63.53,0.3078,0.0288,-0.766,1.73,0.0,0.0,0,0.0,-0.0
3,229,4.58,settle,0.00423,0.00328,0.00268,0.01501,0.012,-15.02,68.24,0.3078,0.0286,-0.744,1.73,0.0,0.0,0,0.0,-0.0
3,230,4.6,settle,0.0074,0.00689,0.00271,0.01476,0.012,-14.2,72.34,0.3079,0.0284,-0.694,1.729,0.0,0.0,0,0.0,-0.0
3,231,4.62,settle,0.00507,0.00385,0.0033,0.015,0.012,-13.55,75.41,0.308,0.0282,-0.693,1.73,0.0,0.0,0,0.0,-0.0
3,232,4.64,settle,0.00934,0.0088,0.00314,0.01943,0.012,-13.06,76.91,0.3083,0.0281,-0.627,1.567,0.0,0.0,0,0.0,-0.0
3,233,4.66,settle,0.01178,0.01032,0.00568,0.01753,0.012,-12.07,77.77,0.3085,0.028,-0.583,1.73,0.0,0.0,0,0.0,-0.0
3,234,4.68,settle,0.00818,0.00498,0.00649,0.01396,0.012,-11.78,77.91,0.3088,0.0279,-0.597,1.73,0.0,0.0,0,0.0,-0.0
3,235,4.7,settle,0.00899,0.00501,0.00746,0.01774,0.012,-11.8,77.75,0.3093,0.0278,-0.542,1.729,0.0,0.0,0,0.0,-0.0
3,236,4.72,settle,0.01095,0.00717,0.00827,0.02024,0.012,-11.87,77.53,0.3097,0.0278,-0.493,1.73,0.0,0.0,0,0.0,-0.0
3,237,4.74,settle,0.01017,0.00468,0.00903,0.01709,0.012,-11.37,77.97,0.3101,0.0278,-0.482,1.73,0.0,0.0,0,0.0,-0.0
3,238,4.76,settle,0.009,0.00196,0.00878,0.01768,0.012,-11.43,77.83,0.3106,0.0278,-0.458,1.73,0.0,0.0,0,0.0,-0.0
3,239,4.78,settle,0.0106,0.00548,0.00908,0.02086,0.012,-11.37,77.66,0.3112,0.0279,-0.401,1.729,0.0,0.0,0,0.0,-0.0
3,240,4.8,settle,0.01266,0.00681,0.01067,0.01963,0.012,-10.61,78.25,0.3116,0.028,-0.359,1.73,0.0,0.0,0,0.0,-0.0
3,241,4.82,settle,0.01065,0.00377,0.00996,0.01731,0.012,-10.42,78.39,0.3122,0.0281,-0.346,1.73,0.0,0.0,0,0.0,-0.0
3,242,4.84,settle,0.01153,0.006,0.00984,0.01909,0.012,-10.57,78.17,0.3128,0.0282,-0.283,1.73,0.0,0.0,0,0.0,-0.0
3,243,4.86,settle,0.01213,0.00564,0.01074,0.01935,0.012,-10.63,78.08,0.3134,0.0284,-0.247,1.73,0.0,0.0,0,0.0,-0.0
3,244,4.88,settle,0.01224,0.00464,0.01132,0.01784,0.012,-10.44,78.26,0.3139,0.0285,-0.213,1.73,0.0,0.0,0,0.0,-0.0
3,245,4.9,settle,0.01072,0.0025,0.01043,0.01749,0.012,-10.68,78.03,0.3145,0.0287,-0.19,1.73,0.0,0.0,0,0.0,-0.0
3,246,4.92,settle,0.01158,0.00501,0.01044,0.01844,0.012,-10.54,78.02,0.3151,0.0289,-0.134,1.73,0.0,0.0,0,0.0,-0.0
3,247,4.94,settle,0.0128,0.00575,0.01144,0.0176,0.012,-10.08,78.4,0.3156,0.0291,-0.093,1.73,0.0,0.0,0,0.0,-0.0
3,248,4.96,settle,0.01295,0.00555,0.01171,0.01611,0.012,-9.91,78.6,0.3161,0.0293,-0.061,1.73,0.0,0.0,0,0.0,-0.0
3,249,4.98,settle,0.0123,0.00432,0.01152,0.01581,0.012,-10.29,78.33,0.3167,0.0295,-0.031,1.73,0.0,0.0,0,0.0,-0.0
3,250,5.0,settle,0.01263,0.00368,0.01208,0.01573,0.012,-10.48,78.22,0.3172,0.0297,-0.002,1.73,0.0,0.0,0,0.0,-0.0
3,251,5.02,settle,0.01312,0.00364,0.0126,0.01512,0.012,-10.49,78.26,0.3177,0.03,0.028,1.73,0.0,0.0,0,0.0,-0.0
3,252,5.04,settle,0.01325,0.00372,0.01271,0.0145,0.012,-10.61,78.21,0.3181,0.0302,0.056,1.73,0.0,0.0,0,0.0,-0.0
3,253,5.06,settle,0.01268,0.00289,0.01235,0.01415,0.012,-11.05,77.88,0.3185,0.0304,0.081,1.73,0.0,0.0,0,0.0,-0.0
3,254,5.08,settle,0.01279,0.00272,0.0125,0.01373,0.012,-11.36,77.68,0.3189,0.0306,0.102,1.73,0.0,0.0,0,0.0,-0.0
3,255,5.1,settle,0.01291,0.00321,0.0125,0.01315,0.012,-11.65,77.49,0.3193,0.0309,0.124,1.73,0.0,0.0,0,0.0,-0.0
3,256,5.12,settle,0.01268,0.00359,0.01216,0.01263,0.012,-12.06,77.18,0.3196,0.0311,0.143,1.73,0.0,0.0,0,0.0,-0.0
3,257,5.14,settle,0.01236,0.00427,0.0116,0.01243,0.012,-12.64,76.72,0.3199,0.0312,0.153,1.73,0.0,0.0,0,0.0,-0.0
3,258,5.16,settle,0.01301,0.00564,0.01172,0.012,0.012,-12.89,76.54,0.3202,0.0314,0.168,1.73,0.0,0.0,0,0.0,-0.0
3,259,5.18,settle,0.01319,0.00645,0.01151,0.0118,0.012,-13.3,76.2,0.3204,0.0316,0.18,1.73,0.0,0.0,0,0.0,-0.0
3,260,5.2,settle,0.01359,0.00742,0.01139,0.01174,0.012,-13.69,75.87,0.3206,0.0317,0.189,1.73,0.0,0.0,0,0.0,-0.0
3,261,5.22,settle,0.01446,0.00933,0.01104,0.01284,0.012,-14.28,75.37,0.3207,0.0319,0.183,1.73,0.0,0.0,0,0.0,-0.0
3,262,5.24,settle,0.01507,0.00967,0.01156,0.012,0.012,-14.26,75.39,0.3208,0.032,0.199,1.73,0.0,0.0,0,0.0,-0.0
3,263,5.26,settle,0.01545,0.01082,0.01103,0.01314,0.012,-14.92,74.79,0.3209,0.0321,0.192,1.73,0.0,0.0,0,0.0,-0.0
3,264,5.28,settle,0.01573,0.0108,0.01143,0.01234,0.012,-14.99,74.73,0.3209,0.0322,0.203,1.73,0.0,0.0,0,0.0,-0.0
3,265,5.3,settle,0.01608,0.01168,0.01106,0.01356,0.012,-15.63,74.13,0.321,0.0323,0.195,1.73,0.0,0.0,0,0.0,-0.0
3,266,5.32,settle,0.01506,0.0103,0.01098,0.01241,0.012,-15.94,73.82,0.321,0.0324,0.21,1.73,0.0,0.0,0,0.0,-0.0
3,267,5.34,settle,0.01404,0.01008,0.00977,0.0133,0.012,-16.81,72.98,0.321,0.0324,0.207,1.73,0.0,0.0,0,0.0,-0.0
3,268,5.36,settle,0.01157,0.00716,0.00908,0.01147,0.012,-17.1,72.67,0.321,0.0324,0.234,1.73,0.0,0.0,0,0.0,-0.0
3,269,5.38,settle,0.00895,0.00469,0.00762,0.01161,0.012,-17.78,71.99,0.321,0.0324,0.252,1.73,0.0,0.0,0,0.0,-0.0
3,270,5.4,settle,0.00656,0.00326,0.0057,0.01366,0.012,-18.73,71.05,0.321,0.0324,0.267,1.73,0.0,0.0,0,0.0,-0.0
3,271,5.42,settle,0.00586,0.00405,0.00424,0.01564,0.012,-19.24,70.5,0.321,0.0325,0.302,1.73,0.0,0.0,0,0.0,-0.0
3,272,5.44,settle,0.00801,0.00758,0.00258,0.01839,0.012,-19.68,70.01,0.3209,0.0325,0.347,1.73,0.0,0.0,0,0.0,-0.0
3,273,5.46,settle,0.01178,0.01175,0.00084,0.02184,0.012,-20.04,69.58,0.3209,0.0325,0.398,1.73,0.0,0.0,0,0.0,-0.0
3,274,5.48,settle,0.01654,0.01653,-0.00072,0.026,0.012,-20.29,69.24,0.3208,0.0326,0.457,1.73,0.0,0.0,0,0.0,-0.0
3,275,5.5,settle,0.02156,0.02145,-0.00222,0.03045,0.012,-20.45,68.98,0.3206,0.0326,0.522,1.73,0.0,0.0,0,0.0,-0.0
3,276,5.52,settle,0.02025,0.02013,-0.00221,0.02979,0.012,-20.28,69.07,0.3205,0.0327,0.529,1.73,0.0,0.0,0,0.0,-0.0
3,277,5.54,settle,0.0166,0.0166,-0.00054,0.02665,0.012,-19.62,69.66,0.3203,0.0328,0.521,1.73,0.0,0.0,0,0.0,-0.0
3,278,5.56,settle,0.01321,0.01306,0.002,0.02336,0.012,-18.81,70.4,0.32,0.033,0.52,1.73,0.0,0.0,0,0.0,-0.0
3,279,5.58,settle,0.01021,0.0091,0.00464,0.02001,0.012,-17.97,71.21,0.3198,0.0331,0.511,1.73,0.0,0.0,0,0.0,-0.0
3,280,5.6,settle,0.00857,0.0053,0.00673,0.01726,0.012,-17.32,71.92,0.3195,0.0332,0.487,1.73,0.0,0.0,0,0.0,-0.0
3,281,5.62,settle,0.00942,0.00403,0.00851,0.01579,0.012,-16.78,72.54,0.3191,0.0334,0.452,1.73,0.0,0.0,0,0.0,-0.0
3,282,5.64,settle,0.0122,0.00592,0.01066,0.01514,0.012,-16.05,73.34,0.3188,0.0335,0.409,1.73,0.0,0.0,0,0.0,-0.0
3,283,5.66,settle,0.01607,0.00964,0.01286,0.01561,0.012,-15.16,74.29,0.3185,0.0337,0.354,1.73,0.0,0.0,0,0.0,-0.0
3,284,5.68,settle,0.01863,0.01262,0.0137,0.01681,0.012,-14.36,75.1,0.3182,0.0338,0.293,1.73,0.0,0.0,0,0.0,-0.0
3,285,5.7,settle,0.01323,0.00611,0.01174,0.01369,0.012,-14.18,75.3,0.318,0.0338,0.298,1.73,0.0,0.0,0,0.0,-0.0
3,286,5.72,settle,0.01013,0.00258,0.00979,0.01305,0.012,-14.19,75.2,0.3178,0.0338,0.323,1.73,0.0,0.0,0,0.0,-0.0
3,287,5.74,settle,0.01029,0.00325,0.00976,0.01092,0.012,-14.02,75.44,0.3175,0.0338,0.278,1.73,0.0,0.0,0,0.0,-0.0
3,288,5.76,settle,0.01172,0.00484,0.01068,0.01082,0.012,-14.01,75.51,0.3173,0.0339,0.251,1.73,0.0,0.0,0,0.0,-0.0
3,289,5.78,settle,0.01263,0.00491,0.01164,0.01236,0.012,-14.45,75.11,0.3171,0.034,0.244,1.73,0.0,0.0,0,0.0,-0.0
3,290,5.8,settle,0.01302,0.00471,0.01214,0.01242,0.012,-14.67,74.9,0.317,0.0341,0.256,1.73,0.0,0.0,0,0.0,-0.0
3,291,5.82,settle,0.01281,0.00624,0.01119,0.01325,0.012,-15.48,74.17,0.3168,0.0341,0.249,1.73,0.0,0.0,0,0.0,-0.0
3,292,5.84,settle,0.01309,0.00638,0.01143,0.01248,0.012,-15.32,74.3,0.3167,0.0341,0.259,1.73,0.0,0.0,0,0.0,-0.0
3,293,5.86,settle,0.0143,0.00801,0.01184,0.01363,0.012,-15.37,74.27,0.3166,0.0341,0.244,1.73,0.0,0.0,0,0.0,-0.0
3,294,5.88,settle,0.01485,0.00806,0.01248,0.01374,0.012,-15.29,74.34,0.3165,0.0341,0.24,1.73,0.0,0.0,0,0.0,-0.0
3,295,5.9,settle,0.01495,0.00838,0.01238,0.01356,0.012,-15.39,74.24,0.3165,0.0341,0.236,1.73,0.0,0.0,0,0.0,-0.0
3,296,5.92,settle,0.01384,0.00838,0.01102,0.01394,0.012,-16.2,73.5,0.3164,0.0341,0.236,1.73,0.0,0.0,0,0.0,-0.0
3,297,5.94,settle,0.0135,0.00882,0.01022,0.0142,0.012,-16.47,73.23,0.3164,0.0341,0.234,1.73,0.0,0.0,0,0.0,-0.0
3,298,5.96,settle,0.01372,0.00875,0.01057,0.01362,0.012,-16.3,73.4,0.3163,0.034,0.233,1.73,0.0,0.0,0,0.0,-0.0
3,299,5.98,settle,0.01465,0.0102,0.01051,0.01418,0.012,-16.23,73.48,0.3163,0.034,0.212,1.73,0.0,0.0,0,0.0,-0.0
3,300,6.0,settle,0.0135,0.00942,0.00967,0.01394,0.012,-16.36,73.34,0.3162,0.034,0.205,1.73,0.0,0.0,0,0.0,-0.0
3,301,6.02,settle,0.01204,0.00871,0.00832,0.01417,0.012,-16.65,73.06,0.3162,0.0339,0.198,1.73,0.0,0.0,0,0.0,-0.0
3,302,6.04,settle,0.01145,0.00917,0.00685,0.01504,0.012,-16.91,72.81,0.3162,0.0338,0.183,1.73,0.0,0.0,0,0.0,-0.0
3,303,6.06,settle,0.01049,0.00857,0.00606,0.01489,0.012,-16.95,72.76,0.3162,0.0337,0.177,1.73,0.0,0.0,0,0.0,-0.0
3,304,6.08,settle,0.01009,0.00848,0.00548,0.01493,0.012,-16.96,72.74,0.3161,0.0337,0.169,1.73,0.0,0.0,0,0.0,-0.0
3,305,6.1,settle,0.00969,0.00813,0.00527,0.0146,0.012,-16.88,72.82,0.316,0.0336,0.162,1.73,0.0,0.0,0,0.0,-0.0
3,306,6.12,settle,0.00961,0.00827,0.00491,0.01477,0.012,-16.86,72.83,0.3159,0.0335,0.151,1.73,0.0,0.0,0,0.0,-0.0
3,307,6.14,settle,0.00935,0.00805,0.00474,0.01465,0.012,-16.77,72.91,0.3158,0.0334,0.143,1.73,0.0,0.0,0,0.0,-0.0
3,308,6.16,settle,0.01008,0.00887,0.0048,0.0149,0.012,-16.59,73.08,0.3157,0.0333,0.122,1.73,0.0,0.0,0,0.0,-0.0
3,309,6.18,settle,0.01126,0.01023,0.0047,0.01561,0.012,-16.31,73.34,0.3155,0.0333,0.092,1.73,0.0,0.0,0,0.0,-0.0
3,310,6.2,settle,0.01014,0.00901,0.00465,0.01483,0.012,-15.99,73.61,0.3154,0.0332,0.082,1.73,0.0,0.0,0,0.0,-0.0
3,311,6.22,settle,0.00913,0.00789,0.00459,0.01388,0.012,-15.7,73.87,0.3153,0.0331,0.071,1.73,0.0,0.0,0,0.0,-0.0
3,312,6.24,settle,0.00932,0.00705,0.00609,0.0099,0.012,-14.55,74.94,0.3151,0.033,0.062,1.73,0.0,0.0,0,0.0,-0.0
3,313,6.26,settle,0.0082,0.00521,0.00633,0.00912,0.012,-14.47,75.01,0.3151,0.033,0.062,1.73,0.0,0.0,0,0.0,-0.0
3,314,6.28,settle,0.00665,0.00333,0.00576,0.01117,0.012,-15.1,74.42,0.3151,0.0329,0.054,1.73,0.0,0.0,0,0.0,-0.0
3,315,6.3,settle,0.00802,0.00511,0.00618,0.01115,0.012,-15.01,74.53,0.3152,0.0328,0.029,1.73,0.0,0.0,0,0.0,-0.0
3,316,6.32,settle,0.00739,0.0046,0.00578,0.0116,0.012,-15.15,74.38,0.3152,0.0328,0.024,1.73,0.0,0.0,0,0.0,-0.0
3,317,6.34,settle,0.00762,0.00509,0.00567,0.0126,0.012,-15.4,74.16,0.3153,0.0327,0.015,1.73,0.0,0.0,0,0.0,-0.0
3,318,6.36,settle,0.00898,0.00673,0.00594,0.01324,0.012,-15.4,74.16,0.3153,0.0327,-0.003,1.73,0.0,0.0,0,0.0,-0.0
3,319,6.38,settle,0.00855,0.00616,0.00593,0.01304,0.012,-15.43,74.12,0.3153,0.0326,0.0,1.73,0.0,0.0,0,0.0,-0.0
3,320,6.4,settle,0.00908,0.00694,0.00584,0.01349,0.012,-15.63,73.94,0.3153,0.0325,-0.003,1.73,0.0,0.0,0,0.0,-0.0
3,321,6.42,settle,0.01009,0.00833,0.00569,0.01439,0.012,-15.87,73.72,0.3153,0.0325,-0.01,1.73,0.0,0.0,0,0.0,-0.0
3,322,6.44,settle,0.01204,0.01062,0.00566,0.01594,0.012,-16.04,73.57,0.3153,0.0324,-0.024,1.73,0.0,0.0,0,0.0,-0.0
3,323,6.46,settle,0.01193,0.01035,0.00594,0.01555,0.012,-15.96,73.65,0.3153,0.0323,-0.019,1.73,0.0,0.0,0,0.0,-0.0
3,324,6.48,enter,0.01202,0.01058,0.0057,0.01553,0.012,-15.94,73.66,0.3152,0.0322,-0.021,1.73,0.0,0.0,0,0.0,-0.0
3,325,6.5,enter,0.01116,0.01031,0.00425,0.01535,0.012,-16.0,73.6,0.3151,0.0321,-0.019,1.73,0.0,0.0,0,0.0,-0.0
3,326,6.52,enter,0.0112,0.0108,0.00299,0.01607,0.012,-16.11,73.5,0.3151,0.032,-0.023,1.73,0.0,0.0,0,0.0,-0.0
3,327,6.54,enter,0.01047,0.01026,0.00209,0.01611,0.012,-16.15,73.46,0.315,0.0319,-0.019,1.73,0.0,0.0,0,0.0,-0.0
3,328,6.56,enter,0.01045,0.01035,0.0015,0.01611,0.012,-16.1,73.52,0.3149,0.0318,-0.021,1.73,0.0,0.0,0,0.0,-0.0
3,329,6.58,enter,0.0098,0.00975,0.00094,0.01567,0.012,-15.97,73.63,0.3148,0.0318,-0.02,1.73,0.0,0.0,0,0.0,-0.0
3,330,6.6,enter,0.00979,0.00979,0.00039,0.01606,0.012,-15.97,73.64,0.3147,0.0317,-0.023,1.73,0.0,0.0,0,0.0,-0.0
3,331,6.62,enter,0.00904,0.00904,3e-05,0.01592,0.012,-15.91,73.69,0.3146,0.0317,-0.021,1.73,0.0,0.0,0,0.0,-0.0
3,332,6.64,enter,0.00934,0.00933,-0.00037,0.01635,0.012,-15.91,73.69,0.3145,0.0316,-0.027,1.73,0.0,0.0,0,0.0,-0.0
3,333,6.66,enter,0.00846,0.00843,-0.00069,0.01609,0.012,-15.81,73.78,0.3144,0.0316,-0.024,1.73,0.0,0.0,0,0.0,-0.0
3,334,6.68,enter,0.00888,0.00883,-0.00096,0.01656,0.012,-15.83,73.77,0.3143,0.0315,-0.03,1.73,0.0,0.0,0,0.0,-0.0
3,335,6.7,enter,0.00798,0.0079,-0.00112,0.01623,0.012,-15.71,73.87,0.3142,0.0315,-0.026,1.73,0.0,0.0,0,0.0,-0.0
3,336,6.72,enter,0.00856,0.00849,-0.0011,0.01653,0.012,-15.69,73.9,0.3141,0.0315,-0.033,1.73,0.0,0.0,0,0.0,-0.0
3,337,6.74,enter,0.00734,0.00726,-0.00108,0.01578,0.012,-15.49,74.08,0.3141,0.0315,-0.026,1.73,0.0,0.0,0,0.0,-0.0
3,338,6.76,enter,0.00831,0.00824,-0.0011,0.01645,0.012,-15.54,74.05,0.314,0.0314,-0.034,1.73,0.0,0.0,0,0.0,-0.0
3,339,6.78,enter,0.00765,0.00755,-0.00124,0.01635,0.012,-15.5,74.07,0.3139,0.0314,-0.027,1.73,0.0,0.0,0,0.0,-0.0
3,340,6.8,enter,0.00829,0.00817,-0.00135,0.01664,0.012,-15.5,74.08,0.3138,0.0314,-0.031,1.73,0.0,0.0,0,0.0,-0.0
3,341,6.82,enter,0.00775,0.00761,-0.00146,0.01646,0.012,-15.44,74.12,0.3138,0.0314,-0.024,1.73,0.0,0.0,0,0.0,-0.0
3,342,6.84,enter,0.00831,0.00819,-0.00143,0.01671,0.012,-15.44,74.13,0.3137,0.0313,-0.025,1.73,0.0,0.0,0,0.0,-0.0
3,343,6.86,enter,0.00786,0.00773,-0.0014,0.01639,0.012,-15.38,74.19,0.3136,0.0313,-0.017,1.73,0.0,0.0,0,0.0,-0.0
3,344,6.88,enter,0.0082,0.00811,-0.00121,0.01626,0.012,-15.32,74.26,0.3135,0.0313,-0.017,1.73,0.0,0.0,0,0.0,-0.0
3,345,6.9,enter,0.00787,0.0078,-0.00102,0.01605,0.012,-15.28,74.29,0.3135,0.0313,-0.009,1.73,0.0,0.0,0,0.0,-0.0
3,346,6.92,enter,0.00814,0.00811,-0.00074,0.0161,0.012,-15.26,74.32,0.3134,0.0312,-0.006,1.73,0.0,0.0,0,0.0,-0.0
3,347,6.94,enter,0.00805,0.00803,-0.00054,0.01598,0.012,-15.23,74.34,0.3133,0.0312,0.001,1.73,0.0,0.0,0,0.0,-0.0
3,348,6.96,enter,0.00823,0.00823,-0.00027,0.01591,0.012,-15.2,74.38,0.3132,0.0312,0.006,1.73,0.0,0.0,0,0.0,-0.0
3,349,6.98,enter,0.00868,0.00868,6e-05,0.01601,0.012,-15.17,74.41,0.3132,0.0311,0.01,1.73,0.0,0.0,0,0.0,-0.0
3,350,7.0,enter,0.00888,0.00887,0.00051,0.01599,0.012,-15.13,74.44,0.3131,0.0311,0.015,1.73,0.0,0.0,0,0.0,-0.0
3,351,7.02,enter,0.00896,0.00892,0.00091,0.01586,0.012,-15.09,74.48,0.3131,0.0311,0.021,1.73,0.0,0.0,0,0.0,-0.0
3,352,7.04,enter,0.00925,0.00917,0.00123,0.01587,0.012,-15.06,74.51,0.3131,0.0311,0.024,1.73,0.0,0.0,0,0.0,-0.0
3,353,7.06,enter,0.00934,0.00922,0.0015,0.01585,0.012,-15.04,74.53,0.313,0.0311,0.028,1.73,0.0,0.0,0,0.0,-0.0
3,354,7.08,enter,0.00937,0.0092,0.00175,0.01585,0.012,-15.04,74.54,0.313,0.0311,0.033,1.73,0.0,0.0,0,0.0,-0.0
3,355,7.1,enter,0.00938,0.00916,0.00202,0.01572,0.012,-15.01,74.57,0.313,0.0311,0.036,1.73,0.0,0.0,0,0.0,-0.0
3,356,7.12,enter,0.00957,0.0093,0.00225,0.01571,0.012,-14.98,74.6,0.3131,0.0311,0.037,1.73,0.0,0.0,0,0.0,-0.0
3,357,7.14,enter,0.00954,0.00922,0.00243,0.01565,0.012,-14.97,74.62,0.3131,0.0312,0.04,1.73,0.0,0.0,0,0.0,-0.0
3,358,7.16,enter,0.00955,0.00917,0.00265,0.01556,0.012,-14.95,74.65,0.3131,0.0312,0.041,1.73,0.0,0.0,0,0.0,-0.0
3,359,7.18,enter,0.00957,0.00914,0.00284,0.01546,0.012,-14.92,74.68,0.3131,0.0313,0.041,1.73,0.0,0.0,0,0.0,-0.0
3,360,7.2,enter,0.00967,0.00919,0.003,0.01543,0.012,-14.9,74.7,0.3132,0.0313,0.04,1.73,0.0,0.0,0,0.0,-0.0
3,361,7.22,enter,0.00972,0.00919,0.00314,0.01539,0.012,-14.88,74.73,0.3132,0.0314,0.039,1.73,0.0,0.0,0,0.0,-0.0
3,362,7.24,enter,0.00977,0.00922,0.00324,0.01536,0.012,-14.86,74.75,0.3133,0.0315,0.037,1.73,0.0,0.0,0,0.0,-0.0
3,363,7.26,enter,0.0098,0.00922,0.00332,0.01533,0.012,-14.85,74.77,0.3133,0.0316,0.035,1.73,0.0,0.0,0,0.0,-0.0
3,364,7.28,enter,0.00989,0.00931,0.00333,0.01541,0.012,-14.85,74.77,0.3133,0.0316,0.031,1.73,0.0,0.0,0,0.0,-0.0
3,365,7.3,enter,0.00974,0.00914,0.00338,0.01528,0.012,-14.83,74.8,0.3134,0.0317,0.03,1.73,0.0,0.0,0,0.0,-0.0
3,366,7.32,enter,0.00988,0.00929,0.00334,0.0154,0.012,-14.84,74.8,0.3134,0.0318,0.025,1.73,0.0,0.0,0,0.0,-0.0
3,367,7.34,enter,0.00975,0.00916,0.00335,0.0153,0.012,-14.82,74.82,0.3135,0.0319,0.022,1.73,0.0,0.0,0,0.0,-0.0
3,368,7.36,enter,0.00986,0.0093,0.00328,0.01545,0.012,-14.83,74.81,0.3135,0.0321,0.017,1.73,0.0,0.0,0,0.0,-0.0
3,369,7.38,enter,0.0097,0.00914,0.00325,0.01536,0.012,-14.82,74.82,0.3135,0.0322,0.014,1.73,0.0,0.0,0,0.0,-0.0
3,370,7.4,enter,0.00976,0.00924,0.00314,0.0155,0.012,-14.83,74.81,0.3136,0.0323,0.009,1.73,0.0,0.0,0,0.0,-0.0
3,371,7.42,enter,0.00965,0.00916,0.00304,0.0155,0.012,-14.83,74.81,0.3136,0.0324,0.005,1.73,0.0,0.0,0,0.0,-0.0
3,372,7.44,enter,0.00964,0.00919,0.00291,0.01563,0.012,-14.85,74.8,0.3136,0.0325,0.001,1.73,0.0,0.0,0,0.0,-0.0
3,373,7.46,enter,0.00948,0.00906,0.00279,0.01563,0.012,-14.85,74.8,0.3137,0.0327,-0.002,1.73,0.0,0.0,0,0.0,-0.0
3,374,7.48,enter,0.00942,0.00905,0.00262,0.01573,0.012,-14.87,74.78,0.3137,0.0328,-0.005,1.73,0.0,0.0,0,0.0,-0.0
3,375,7.5,enter,0.00928,0.00895,0.00244,0.01578,0.012,-14.88,74.77,0.3137,0.0329,-0.007,1.73,0.0,0.0,0,0.0,-0.0
3,376,7.52,enter,0.00921,0.00894,0.00224,0.01592,0.012,-14.9,74.75,0.3137,0.0331,-0.01,1.73,0.0,0.0,0,0.0,-0.0
3,377,7.54,enter,0.00904,0.00881,0.00204,0.01599,0.012,-14.91,74.73,0.3137,0.0332,-0.01,1.73,0.0,0.0,0,0.0,-0.0
3,378,7.56,enter,0.00891,0.00872,0.0018,0.0161,0.012,-14.94,74.71,0.3137,0.0334,-0.011,1.73,0.0,0.0,0,0.0,-0.0
3,379,7.58,enter,0.00878,0.00864,0.00154,0.01623,0.012,-14.96,74.68,0.3138,0.0335,-0.011,1.73,0.0,0.0,0,0.0,-0.0
3,380,7.6,enter,0.0086,0.0085,0.00128,0.01634,0.012,-14.98,74.66,0.3138,0.0336,-0.009,1.73,0.0,0.0,0,0.0,-0.0
3,381,7.62,enter,0.00841,0.00835,0.001,0.01645,0.012,-15.01,74.63,0.3137,0.0338,-0.006,1.73,0.0,0.0,0,0.0,-0.0
3,382,7.64,enter,0.00819,0.00815,0.00072,0.01657,0.012,-15.03,74.61,0.3137,0.0339,-0.002,1.73,0.0,0.0,0,0.0,-0.0
3,383,7.66,enter,0.008,0.00799,0.00042,0.01672,0.012,-15.06,74.58,0.3137,0.034,0.003,1.73,0.0,0.0,0,0.0,-0.0
3,384,7.68,enter,0.00782,0.00782,0.0001,0.01688,0.012,-15.08,74.55,0.3137,0.0342,0.009,1.73,0.0,0.0,0,0.0,-0.0
3,385,7.7,enter,0.00764,0.00764,-0.00023,0.01706,0.012,-15.11,74.51,0.3137,0.0343,0.017,1.73,0.0,0.0,0,0.0,-0.0
3,386,7.72,enter,0.00746,0.00744,-0.00055,0.01724,0.012,-15.14,74.48,0.3136,0.0344,0.027,1.73,0.0,0.0,0,0.0,-0.0
3,387,7.74,enter,0.00732,0.00726,-0.0009,0.01746,0.012,-15.17,74.45,0.3136,0.0345,0.038,1.73,0.0,0.0,0,0.0,-0.0
3,388,7.76,enter,0.00719,0.00708,-0.00125,0.01767,0.012,-15.19,74.41,0.3135,0.0347,0.05,1.73,0.0,0.0,0,0.0,-0.0
3,389,7.78,enter,0.0071,0.00692,-0.00161,0.01792,0.012,-15.22,74.38,0.3135,0.0348,0.064,1.73,0.0,0.0,0,0.0,-0.0
3,390,7.8,enter,0.00707,0.00679,-0.00197,0.01818,0.012,-15.24,74.35,0.3134,0.0349,0.08,1.73,0.0,0.0,0,0.0,-0.0
3,391,7.82,enter,0.00707,0.00668,-0.00233,0.01846,0.012,-15.26,74.32,0.3133,0.035,0.098,1.73,0.0,0.0,0,0.0,-0.0
3,392,7.84,enter,0.00716,0.00663,-0.0027,0.01877,0.012,-15.28,74.29,0.3132,0.0351,0.118,1.73,0.0,0.0,0,0.0,-0.0
3,393,7.86,enter,0.00732,0.00664,-0.00308,0.01911,0.012,-15.29,74.27,0.3131,0.0352,0.139,1.73,0.0,0.0,0,0.0,-0.0
3,394,7.88,enter,0.00755,0.00671,-0.00346,0.01948,0.012,-15.31,74.24,0.313,0.0353,0.162,1.73,0.0,0.0,0,0.0,-0.0
3,395,7.9,enter,0.00786,0.00686,-0.00384,0.01987,0.012,-15.32,74.22,0.3129,0.0354,0.188,1.73,0.0,0.0,0,0.0,-0.0
3,396,7.92,enter,0.00824,0.00707,-0.00422,0.02029,0.012,-15.33,74.19,0.3128,0.0355,0.215,1.73,0.0,0.0,0,0.0,-0.0
3,397,7.94,enter,0.00868,0.00736,-0.0046,0.02074,0.012,-15.34,74.17,0.3126,0.0355,0.244,1.73,0.0,0.0,0,0.0,-0.0
3,398,7.96,enter,0.00923,0.00775,-0.00501,0.02124,0.012,-15.36,74.15,0.3125,0.0356,0.275,1.73,0.0,0.0,0,0.0,-0.0
3,399,7.98,enter,0.00983,0.0082,-0.00541,0.02178,0.012,-15.36,74.13,0.3123,0.0357,0.308,1.73,0.0,0.0,0,0.0,-0.0
3,400,8.0,enter,0.01049,0.00874,-0.00581,0.02235,0.012,-15.37,74.1,0.3122,0.0358,0.344,1.73,0.0,0.0,0,0.0,-0.0
3,401,8.02,enter,0.01121,0.00932,-0.00622,0.02295,0.012,-15.38,74.09,0.312,0.0358,0.382,1.73,0.0,0.0,0,0.0,-0.0
3,402,8.04,enter,0.01197,0.00997,-0.00664,0.02358,0.012,-15.38,74.07,0.3118,0.0359,0.422,1.73,0.0,0.0,0,0.0,-0.0
3,403,8.06,enter,0.01279,0.01067,-0.00705,0.02426,0.012,-15.38,74.05,0.3117,0.0359,0.464,1.73,0.0,0.0,0,0.0,-0.0
3,404,8.08,enter,0.01365,0.01142,-0.00748,0.02497,0.012,-15.39,74.03,0.3115,0.0359,0.509,1.73,0.0,0.0,0,0.0,-0.0
3,405,8.1,enter,0.01418,0.01185,-0.00778,0.02543,0.012,-15.36,74.04,0.3113,0.036,0.55,1.73,0.0,0.0,0,0.0,-0.0
3,406,8.12,enter,0.01342,0.01111,-0.00753,0.02485,0.012,-15.25,74.17,0.3111,0.036,0.575,1.73,0.0,0.0,0,0.0,-0.0
3,407,8.14,enter,0.01175,0.00968,-0.00666,0.02332,0.012,-14.91,74.53,0.3109,0.0361,0.597,1.73,0.0,0.0,0,0.0,-0.0
3,408,8.16,enter,0.00968,0.00782,-0.0057,0.02157,0.012,-14.53,74.95,0.3107,0.0362,0.605,1.73,0.0,0.0,0,0.0,-0.0
3,409,8.18,enter,0.00725,0.00576,-0.00441,0.01929,0.012,-13.94,75.55,0.3106,0.0362,0.612,1.73,0.0,0.0,0,0.0,-0.0
3,410,8.2,enter,0.00528,0.00417,-0.00323,0.01731,0.012,-13.46,76.04,0.3104,0.0363,0.634,1.73,0.0,0.0,0,0.0,-0.0
3,411,8.22,enter,0.00392,0.00302,-0.00249,0.01603,0.012,-13.22,76.33,0.3103,0.0364,0.645,1.73,0.0,0.0,0,0.0,-0.0
3,412,8.24,enter,0.0036,0.00283,-0.00222,0.01555,0.012,-13.07,76.5,0.3101,0.0364,0.669,1.73,0.0,0.0,0,0.0,-0.0
3,413,8.26,enter,0.00563,0.00457,-0.00329,0.01722,0.012,-13.23,76.32,0.31,0.0364,0.7,1.73,0.0,0.0,0,0.0,-0.0
3,414,8.28,enter,0.00682,0.00541,-0.00414,0.01828,0.012,-13.32,76.24,0.3099,0.0364,0.721,1.73,0.0,0.0,0,0.0,-0.0
3,415,8.3,enter,0.0069,0.00536,-0.00435,0.01826,0.012,-13.24,76.31,0.3098,0.0364,0.741,1.73,0.0,0.0,0,0.0,-0.0
3,416,8.32,enter,0.00654,0.00503,-0.00417,0.01792,0.012,-13.12,76.42,0.3097,0.0364,0.763,1.73,0.0,0.0,0,0.0,-0.0
3,417,8.34,enter,0.00637,0.00498,-0.00396,0.01779,0.012,-13.03,76.49,0.3095,0.0364,0.79,1.73,0.0,0.0,0,0.0,-0.0
3,418,8.36,enter,0.00631,0.00495,-0.00391,0.01781,0.012,-12.97,76.54,0.3094,0.0364,0.815,1.73,0.0,0.0,0,0.0,-0.0
3,419,8.38,enter,0.0063,0.00491,-0.00394,0.01784,0.012,-12.91,76.58,0.3093,0.0364,0.842,1.73,0.0,0.0,0,0.0,-0.0
3,420,8.4,enter,0.0063,0.00489,-0.00398,0.01792,0.012,-12.88,76.61,0.3093,0.0364,0.868,1.73,0.0,0.0,0,0.0,-0.0
3,421,8.42,enter,0.00636,0.005,-0.00392,0.01804,0.012,-12.83,76.64,0.3092,0.0364,0.895,1.73,0.0,0.0,0,0.0,-0.0
3,422,8.44,enter,0.00647,0.00519,-0.00385,0.01816,0.012,-12.79,76.67,0.3092,0.0364,0.924,1.73,0.0,0.0,0,0.0,-0.0
3,423,8.46,enter,0.00655,0.00531,-0.00384,0.01828,0.012,-12.75,76.7,0.3091,0.0364,0.951,1.73,0.0,0.0,0,0.0,-0.0
3,424,8.48,enter,0.00663,0.00541,-0.00384,0.01839,0.012,-12.72,76.73,0.3091,0.0364,0.976,1.73,0.0,0.0,0,0.0,-0.0
3,425,8.5,enter,0.00675,0.00554,-0.00384,0.01853,0.012,-12.69,76.76,0.3091,0.0365,1.001,1.73,0.0,0.0,0,0.0,-0.0
3,426,8.52,enter,0.00688,0.00569,-0.00387,0.01867,0.012,-12.65,76.79,0.3092,0.0365,1.026,1.73,0.0,0.0,0,0.0,-0.0
3,427,8.54,enter,0.00728,0.00607,-0.00402,0.01881,0.012,-12.63,76.8,0.3092,0.0366,1.056,1.73,0.0,0.0,0,-0.0,-0.0
3,428,8.56,enter,0.00819,0.00674,-0.00465,0.01956,0.012,-12.95,76.52,0.3092,0.0366,1.087,1.728,0.063,0.0,0,0.0,0.0
3,429,8.58,enter,0.0098,0.00818,-0.00539,0.02032,0.012,-13.04,76.41,0.3093,0.0367,1.132,1.73,0.0,0.0,0,0.0,-0.0
3,430,8.6,enter,0.01194,0.00999,-0.00654,0.02212,0.012,-13.61,75.86,0.3093,0.0367,1.181,1.73,0.81,0.0,0,0.05,0.53
3,431,8.62,enter,0.01312,0.0105,-0.00787,0.0236,0.012,-14.03,75.48,0.3094,0.0368,1.201,1.653,1.333,0.0,0,0.12,1.22
3,432,8.64,enter,0.01279,0.01015,-0.00779,0.02326,0.012,-13.66,75.84,0.3095,0.0368,1.204,1.73,0.0,0.0,0,0.18,0.96
3,433,8.66,enter,0.01157,0.00953,-0.00656,0.02213,0.012,-13.22,76.26,0.3096,0.037,1.212,1.73,0.0,0.0,0,0.2,0.17
3,434,8.68,enter,0.0108,0.00932,-0.00547,0.02118,0.012,-12.87,76.61,0.3097,0.0371,1.229,1.73,0.0,0.0,0,0.22,-0.0
3,435,8.7,enter,0.01037,0.00911,-0.00497,0.02052,0.012,-12.7,76.79,0.3098,0.0372,1.244,1.73,0.0,0.0,0,0.23,-0.0
3,436,8.72,enter,0.00976,0.00859,-0.00464,0.01976,0.012,-12.53,76.98,0.3099,0.0372,1.251,1.73,0.0,0.0,0,0.24,-0.0
3,437,8.74,enter,0.00983,0.00882,-0.00435,0.0196,0.012,-12.42,77.11,0.3099,0.0373,1.263,1.73,0.0,0.0,0,0.25,-0.0
3,438,8.76,enter,0.0105,0.0095,-0.00448,0.02025,0.012,-12.41,77.12,0.31,0.0374,1.279,1.73,0.0,0.0,0,0.26,-0.0
3,439,8.78,enter,0.01114,0.01007,-0.00476,0.02091,0.012,-12.42,77.11,0.31,0.0374,1.293,1.73,0.0,0.0,0,0.26,-0.0
3,440,8.8,enter,0.01121,0.0101,-0.00487,0.02105,0.012,-12.37,77.15,0.31,0.0375,1.305,1.73,0.0,0.0,0,0.27,-0.0
3,441,8.82,enter,0.01118,0.01002,-0.00497,0.02119,0.012,-12.33,77.18,0.31,0.0375,1.317,1.73,0.0,0.0,0,0.28,-0.0
3,442,8.84,enter,0.01129,0.0101,-0.00504,0.02145,0.012,-12.3,77.19,0.31,0.0376,1.334,1.73,0.0,0.0,0,0.29,-0.0
3,443,8.86,enter,0.01138,0.01013,-0.00518,0.0217,0.012,-12.28,77.21,0.31,0.0377,1.352,1.73,0.0,0.0,0,0.3,-0.0
3,444,8.88,enter,0.0114,0.01002,-0.00543,0.02186,0.012,-12.24,77.23,0.31,0.0378,1.369,1.73,0.0,0.0,0,0.3,-0.0
3,445,8.9,enter,0.0115,0.01001,-0.00566,0.02203,0.012,-12.2,77.26,0.3099,0.0378,1.389,1.73,0.0,0.0,0,0.31,-0.0
3,446,8.92,enter,0.01169,0.0101,-0.00588,0.02228,0.012,-12.16,77.29,0.3099,0.0379,1.411,1.73,0.0,0.0,0,0.32,-0.0
3,447,8.94,enter,0.01193,0.01028,-0.00605,0.02254,0.012,-12.12,77.32,0.3099,0.038,1.433,1.73,0.0,0.0,0,0.32,-0.0
3,448,8.96,enter,0.01211,0.0104,-0.00621,0.02276,0.012,-12.07,77.36,0.3099,0.0381,1.454,1.73,0.0,0.0,0,0.33,-0.0
3,449,8.98,arrive,0.01227,0.01049,-0.00636,0.02291,0.012,-12.01,77.41,0.3099,0.0383,1.475,1.73,0.0,0.0,0,0.33,-0.0
3,450,9.0,arrive,0.0119,0.01053,-0.00555,0.02266,0.012,-11.94,77.47,0.3098,0.0384,1.496,1.73,0.0,0.0,0,0.34,-0.0
3,451,9.02,arrive,0.01151,0.01045,-0.00483,0.0223,0.012,-11.86,77.55,0.3098,0.0385,1.517,1.73,0.0,0.0,0,0.34,-0.0
3,452,9.04,arrive,0.01106,0.01022,-0.00421,0.02184,0.012,-11.77,77.64,0.3098,0.0386,1.536,1.73,0.0,0.0,0,0.35,-0.0
3,453,9.06,arrive,0.01061,0.00994,-0.0037,0.02138,0.012,-11.67,77.74,0.3097,0.0388,1.555,1.73,0.0,0.0,0,0.35,-0.0
3,454,9.08,arrive,0.01031,0.00977,-0.00332,0.0211,0.012,-11.62,77.79,0.3097,0.0389,1.573,1.73,0.0,0.0,0,0.36,-0.0
3,455,9.1,arrive,0.01027,0.00982,-0.00299,0.02107,0.012,-11.6,77.81,0.3096,0.039,1.594,1.73,0.0,0.0,0,0.36,-0.0
3,456,9.12,arrive,0.01037,0.01,-0.00275,0.02116,0.012,-11.62,77.79,0.3096,0.0392,1.615,1.73,0.0,0.0,0,0.37,-0.0
3,457,9.14,arrive,0.0104,0.01008,-0.00258,0.02122,0.012,-11.66,77.75,0.3095,0.0393,1.634,1.73,0.0,0.0,0,0.37,-0.0
3,458,9.16,arrive,0.01036,0.01005,-0.00249,0.02129,0.012,-11.72,77.7,0.3095,0.0394,1.651,1.73,0.0,0.0,0,0.38,-0.0
3,459,9.18,arrive,0.01017,0.00988,-0.0024,0.02126,0.012,-11.74,77.69,0.3094,0.0396,1.664,1.73,0.0,0.0,0,0.38,-0.0
3,460,9.2,arrive,0.01016,0.00994,-0.0021,0.02108,0.012,-11.65,77.76,0.3094,0.0397,1.685,1.73,0.0,0.0,0,0.38,-0.0
3,461,9.22,arrive,0.01002,0.00984,-0.00185,0.02076,0.012,-11.56,77.86,0.3093,0.0399,1.703,1.73,0.0,0.0,0,0.39,-0.0
3,462,9.24,arrive,0.00985,0.00969,-0.00172,0.0205,0.012,-11.49,77.93,0.3092,0.04,1.717,1.73,0.0,0.0,0,0.39,-0.0
3,463,9.26,arrive,0.00984,0.00971,-0.00162,0.02036,0.012,-11.43,77.99,0.3092,0.0401,1.733,1.73,0.0,0.0,0,0.39,-0.0
3,464,9.28,arrive,0.00995,0.00984,-0.0015,0.0203,0.012,-11.38,78.05,0.3091,0.0403,1.749,1.73,0.0,0.0,0,0.39,-0.0
3,465,9.3,arrive,0.01007,0.00997,-0.00141,0.02033,0.012,-11.35,78.08,0.309,0.0404,1.763,1.73,0.0,0.0,0,0.4,-0.0
3,466,9.32,arrive,0.01025,0.01016,-0.00136,0.02046,0.012,-11.35,78.07,0.309,0.0406,1.777,1.73,0.0,0.0,0,0.4,-0.0
3,467,9.34,arrive,0.01052,0.01043,-0.00136,0.02062,0.012,-11.39,78.04,0.3089,0.0407,1.792,1.73,0.0,0.0,0,0.4,-0.0
3,468,9.36,arrive,0.01076,0.01066,-0.00152,0.02084,0.012,-11.51,77.93,0.3088,0.0409,1.803,1.73,0.0,0.0,0,0.41,-0.0
3,469,9.38,arrive,0.01074,0.01059,-0.00176,0.02111,0.012,-11.66,77.8,0.3088,0.041,1.808,1.73,0.0,0.0,0,0.41,-0.0
3,470,9.4,arrive,0.01051,0.01038,-0.00169,0.02094,0.012,-11.62,77.85,0.3087,0.0411,1.814,1.73,0.0,0.0,0,0.41,-0.0
3,471,9.42,arrive,0.01038,0.01027,-0.00151,0.0207,0.012,-11.54,77.93,0.3086,0.0413,1.825,1.73,0.0,0.0,0,0.41,-0.0
3,472,9.44,arrive,0.01016,0.01006,-0.00142,0.0204,0.012,-11.47,78.01,0.3086,0.0414,1.834,1.73,0.0,0.0,0,0.41,-0.0
3,473,9.46,arrive,0.00996,0.00985,-0.00145,0.02019,0.012,-11.42,78.07,0.3085,0.0416,1.841,1.73,0.0,0.0,0,0.42,-0.0
3,474,9.48,arrive,0.00996,0.00984,-0.00155,0.02017,0.012,-11.39,78.09,0.3085,0.0417,1.849,1.73,0.0,0.0,0,0.42,-0.0
3,475,9.5,arrive,0.0101,0.00996,-0.00169,0.02031,0.012,-11.39,78.1,0.3084,0.0418,1.857,1.73,0.0,0.0,0,0.42,-0.0
3,476,9.52,arrive,0.01027,0.0101,-0.00186,0.02047,0.012,-11.4,78.09,0.3084,0.042,1.866,1.73,0.0,0.0,0,0.42,-0.0
3,477,9.54,arrive,0.01042,0.01022,-0.00204,0.02062,0.012,-11.4,78.08,0.3083,0.0421,1.875,1.73,0.0,0.0,0,0.42,-0.0
3,478,9.56,arrive,0.01057,0.01034,-0.00217,0.02076,0.012,-11.4,78.08,0.3083,0.0422,1.884,1.73,0.0,0.0,0,0.42,-0.0
3,479,9.58,arrive,0.01066,0.01042,-0.00227,0.02088,0.012,-11.4,78.08,0.3082,0.0423,1.893,1.73,0.0,0.0,0,0.43,-0.0
3,480,9.6,arrive,0.0107,0.01044,-0.00235,0.02094,0.012,-11.39,78.09,0.3082,0.0425,1.901,1.73,0.0,0.0,0,0.43,-0.0
3,481,9.62,arrive,0.01067,0.01038,-0.00244,0.02094,0.012,-11.38,78.1,0.3081,0.0426,1.909,1.73,0.0,0.0,0,0.43,-0.0
3,482,9.64,arrive,0.01064,0.01035,-0.00249,0.02094,0.012,-11.36,78.11,0.3081,0.0427,1.918,1.73,0.0,0.0,0,0.43,-0.0
3,483,9.66,arrive,0.01061,0.01029,-0.00256,0.02094,0.012,-11.35,78.13,0.3081,0.0428,1.925,1.73,0.0,0.0,0,0.43,-0.0
3,484,9.68,arrive,0.0106,0.01028,-0.00261,0.02092,0.012,-11.33,78.14,0.308,0.0429,1.934,1.73,0.0,0.0,0,0.43,-0.0
3,485,9.7,arrive,0.01062,0.01028,-0.00265,0.02089,0.012,-11.31,78.16,0.308,0.0431,1.941,1.73,0.0,0.0,0,0.43,-0.0
3,486,9.72,arrive,0.01065,0.0103,-0.0027,0.02092,0.012,-11.3,78.17,0.308,0.0432,1.946,1.73,0.0,0.0,0,0.43,-0.0
3,487,9.74,arrive,0.01066,0.0103,-0.00274,0.02097,0.012,-11.3,78.17,0.3079,0.0433,1.954,1.73,0.0,0.0,0,0.44,-0.0
3,488,9.76,arrive,0.01064,0.01028,-0.00276,0.02097,0.012,-11.28,78.19,0.3079,0.0434,1.962,1.73,0.0,0.0,0,0.44,-0.0
3,489,9.78,arrive,0.01061,0.01023,-0.0028,0.02096,0.012,-11.27,78.2,0.3079,0.0435,1.97,1.73,0.0,0.0,0,0.44,-0.0
3,490,9.8,arrive,0.01062,0.01023,-0.00283,0.02093,0.012,-11.25,78.22,0.3079,0.0436,1.979,1.73,0.0,0.0,0,0.44,-0.0
3,491,9.82,arrive,0.01067,0.01029,-0.00283,0.0209,0.012,-11.22,78.24,0.3078,0.0437,1.987,1.73,0.0,0.0,0,0.44,-0.0
3,492,9.84,arrive,0.01063,0.01023,-0.00292,0.02095,0.012,-11.24,78.23,0.3078,0.0438,1.992,1.73,0.0,0.0,0,0.44,-0.0
3,493,9.86,arrive,0.01069,0.01029,-0.00287,0.02093,0.012,-11.2,78.26,0.3078,0.0439,2.002,1.73,0.0,0.0,0,0.44,-0.0
3,494,9.88,arrive,0.0106,0.01019,-0.00292,0.02092,0.012,-11.21,78.25,0.3078,0.044,2.009,1.73,0.0,0.0,0,0.44,-0.0
3,495,9.9,arrive,0.01058,0.01016,-0.00294,0.02095,0.012,-11.21,78.26,0.3078,0.0441,2.017,1.73,0.0,0.0,0,0.44,-0.0
3,496,9.92,arrive,0.01057,0.01016,-0.00294,0.02095,0.012,-11.19,78.27,0.3078,0.0441,2.026,1.73,0.0,0.0,0,0.44,-0.0
3,497,9.94,arrive,0.01056,0.01013,-0.00299,0.02096,0.012,-11.19,78.28,0.3078,0.0442,2.034,1.73,0.0,0.0,0,0.44,-0.0
3,498,9.96,arrive,0.01062,0.01018,-0.00302,0.02101,0.012,-11.18,78.28,0.3078,0.0443,2.043,1.73,0.0,0.0,0,0.44,-0.0
3,499,9.98,arrive,0.01069,0.01025,-0.00305,0.02108,0.012,-11.18,78.28,0.3077,0.0444,2.052,1.73,0.0,0.0,0,0.44,-0.0
3,500,10.0,arrive,0.01077,0.01032,-0.00309,0.02114,0.012,-11.18,78.28,0.3077,0.0445,2.062,1.73,0.0,0.0,0,0.45,-0.0
3,501,10.02,arrive,0.01084,0.01037,-0.00314,0.0212,0.012,-11.17,78.28,0.3077,0.0446,2.07,1.73,0.0,0.0,0,0.45,-0.0
3,502,10.04,arrive,0.01091,0.01044,-0.00316,0.02125,0.012,-11.16,78.29,0.3077,0.0447,2.08,1.73,0.0,0.0,0,0.45,-0.0
3,503,10.06,arrive,0.01095,0.01048,-0.00319,0.0213,0.012,-11.16,78.29,0.3077,0.0448,2.088,1.73,0.0,0.0,0,0.45,-0.0
3,504,10.08,arrive,0.01099,0.01051,-0.00321,0.02135,0.012,-11.16,78.29,0.3077,0.0448,2.096,1.73,0.0,0.0,0,0.45,-0.0
3,505,10.1,arrive,0.01101,0.01052,-0.00325,0.02138,0.012,-11.16,78.3,0.3077,0.0449,2.104,1.73,0.0,0.0,0,0.45,-0.0
3,506,10.12,arrive,0.01103,0.01053,-0.00329,0.0214,0.012,-11.15,78.3,0.3077,0.045,2.112,1.73,0.0,0.0,0,0.45,-0.0
3,507,10.14,arrive,0.01107,0.01056,-0.00332,0.02143,0.012,-11.15,78.31,0.3077,0.0451,2.12,1.73,0.0,0.0,0,0.45,-0.0
3,508,10.16,arrive,0.0111,0.01058,-0.00335,0.02145,0.012,-11.14,78.31,0.3077,0.0452,2.128,1.73,0.0,0.0,0,0.45,-0.0
3,509,10.18,grip,0.01113,0.01061,-0.00336,0.02147,0.012,-11.13,78.33,0.3077,0.0453,2.136,1.73,0.0,0.0,0,0.45,-0.0
3,510,10.2,grip,0.01116,0.01063,-0.00338,0.02147,0.01151,-11.11,78.34,0.3077,0.0453,2.143,1.73,0.0,0.0,0,0.45,-0.0
3,511,10.22,grip,0.01121,0.0107,-0.00334,0.0212,0.01102,-11.09,78.36,0.3077,0.0454,2.15,1.73,0.0,0.0,0,0.45,-0.0
3,512,10.24,grip,0.01128,0.01079,-0.0033,0.02098,0.01053,-11.07,78.38,0.3076,0.0455,2.154,1.73,0.0,0.0,0,0.45,-0.0
3,513,10.26,grip,0.01141,0.01095,-0.00318,0.02064,0.01004,-11.02,78.43,0.3076,0.0455,2.158,1.73,0.0,0.0,0,0.45,-0.0
3,514,10.28,grip,0.01135,0.01092,-0.0031,0.02032,0.00955,-11.01,78.44,0.3076,0.0456,2.16,1.73,0.0,0.0,0,0.45,-0.0
3,515,10.3,grip,0.01139,0.01103,-0.00284,0.01982,0.00906,-10.92,78.53,0.3076,0.0456,2.165,1.73,0.0,0.0,0,0.45,-0.0
3,516,10.32,grip,0.0112,0.01086,-0.0027,0.01942,0.00857,-10.92,78.54,0.3076,0.0457,2.167,1.73,0.0,0.0,0,0.45,-0.0
3,517,10.34,grip,0.01118,0.01091,-0.00242,0.01892,0.00808,-10.83,78.62,0.3076,0.0457,2.172,1.73,0.0,0.0,0,0.45,-0.0
3,518,10.36,grip,0.01104,0.01081,-0.00224,0.0185,0.00759,-10.82,78.64,0.3076,0.0458,2.175,1.73,0.0,0.0,0,0.45,-0.0
3,519,10.38,grip,0.01102,0.01082,-0.00207,0.01814,0.0071,-10.8,78.66,0.3076,0.0458,2.18,1.73,0.0,0.0,0,0.45,-0.0
3,520,10.4,grip,0.01105,0.01089,-0.00191,0.01781,0.00661,-10.8,78.67,0.3076,0.0458,2.185,1.73,0.0,0.0,0,0.45,-0.0
3,521,10.42,grip,0.01112,0.01097,-0.0018,0.01753,0.00612,-10.82,78.64,0.3077,0.0459,2.189,1.73,0.0,0.0,0,0.45,-0.0
3,522,10.44,grip,0.01113,0.01098,-0.00183,0.0174,0.00563,-10.96,78.52,0.3077,0.0459,2.193,1.73,0.0,0.0,0,0.46,-0.0
3,523,10.46,grip,0.01111,0.01096,-0.00182,0.01684,0.00514,-10.87,78.61,0.3077,0.0459,2.196,1.73,0.0,0.0,0,0.47,-0.0
3,524,10.48,grip,0.01091,0.01081,-0.00148,0.01611,0.00465,-10.73,78.75,0.3077,0.0459,2.198,1.73,0.0,0.0,0,0.49,-0.0
3,525,10.5,grip,0.01127,0.01119,-0.0013,0.01611,0.00416,-10.68,78.79,0.3078,0.046,2.207,1.73,0.0,0.0,0,0.5,0.01
3,526,10.52,grip,0.01171,0.01164,-0.00128,0.01613,0.00367,-10.74,78.74,0.3078,0.046,2.218,1.73,0.0,0.0,0,0.49,0.24
3,527,10.54,grip,0.0119,0.01178,-0.00165,0.01622,0.00318,-11.01,78.51,0.3079,0.046,2.225,1.73,0.0,0.0,0,0.5,0.55
3,528,10.56,grip,0.01174,0.01158,-0.00194,0.01623,0.00269,-11.29,78.25,0.308,0.0459,2.223,1.729,0.0,0.0,0,0.5,1.15
3,529,10.58,grip,0.01169,0.01153,-0.00192,0.01616,0.0022,-11.34,78.18,0.3081,0.0458,2.229,1.73,0.0,0.0,0,0.5,1.41
3,530,10.6,grip,0.01121,0.01113,-0.00137,0.01517,0.00171,-11.0,78.5,0.3083,0.0457,2.232,1.73,0.0,0.0,0,0.48,1.16
3,531,10.62,grip,0.01106,0.01104,-0.00056,0.01417,0.00122,-10.67,78.81,0.3084,0.0456,2.239,1.73,0.0,0.0,0,0.5,0.74
3,532,10.64,grip,0.01145,0.01143,-0.00075,0.01449,0.00073,-10.79,78.7,0.3086,0.0454,2.253,1.706,0.254,0.0,0,0.5,0.9
3,533,10.66,grip,0.01165,0.01164,-0.00053,0.01434,0.00024,-10.72,78.78,0.3087,0.0452,2.272,1.728,0.0,0.0,0,0.5,1.05
3,534,10.68,grip,0.01196,0.01195,-0.00023,0.01421,-0.00025,-10.59,78.89,0.3089,0.045,2.292,1.729,0.0,0.0,0,0.5,1.02
3,535,10.7,grip,0.01231,0.01231,0.00017,0.01412,-0.00074,-10.5,78.96,0.3091,0.0448,2.313,1.73,0.0,0.0,0,0.5,1.15
3,536,10.72,grip,0.01224,0.01224,3e-05,0.01413,-0.00123,-10.79,78.68,0.3092,0.0446,2.32,1.729,0.0,0.0,0,0.5,1.71
3,537,10.74,grip,0.01233,0.01233,0.00022,0.01404,-0.00172,-10.87,78.6,0.3094,0.0443,2.323,1.73,0.0,0.0,0,0.5,2.12
3,538,10.76,grip,0.01221,0.01221,0.00028,0.01385,-0.00221,-11.0,78.48,0.3096,0.0441,2.319,1.729,0.0,0.0,0,0.5,2.49
3,539,10.78,grip,0.01229,0.01227,0.00066,0.0136,-0.0027,-10.91,78.57,0.3099,0.0439,2.316,1.73,0.0,0.0,0,0.48,2.6
3,540,10.8,grip,0.01186,0.01184,0.00067,0.01312,-0.00319,-11.04,78.47,0.3101,0.0436,2.302,1.73,0.0,0.0,0,0.5,2.85
3,541,10.82,grip,0.01189,0.01184,0.00098,0.01286,-0.00368,-10.94,78.55,0.3103,0.0434,2.301,1.73,0.0,0.0,0,0.5,2.76
3,542,10.84,grip,0.01183,0.01176,0.00131,0.01254,-0.00417,-10.81,78.68,0.3104,0.0433,2.3,1.546,0.0,0.0,0,0.47,2.68
3,543,10.86,grip,0.01204,0.01192,0.0017,0.01259,-0.00466,-10.75,78.72,0.3106,0.0431,2.298,1.585,2.036,0.0,0,0.38,2.32
3,544,10.88,grip,0.01237,0.01218,0.00217,0.01268,-0.00515,-10.65,78.79,0.3108,0.043,2.309,1.415,2.902,0.0,0,0.25,1.73
3,545,10.9,grip,0.01244,0.01221,0.00239,0.01271,-0.00564,-10.76,78.82,0.3109,0.0429,2.334,0.431,6.564,0.0,0,0.18,1.68
3,546,10.92,grip,0.01233,0.01217,0.00194,0.01289,-0.00613,-10.75,78.17,0.3111,0.0427,2.353,1.595,6.842,0.0,0,0.26,2.31
3,547,10.94,grip,0.01268,0.01253,0.00199,0.01319,-0.00662,-10.68,78.56,0.3112,0.0426,2.379,0.862,6.215,0.0,0,0.26,2.5
3,548,10.96,grip,0.01304,0.01285,0.00224,0.01358,-0.00711,-10.37,78.5,0.3113,0.0425,2.418,0.92,7.672,0.0,0,0.19,2.61
3,549,10.98,turn,0.0136,0.01338,0.00242,0.01416,-0.0076,-10.41,78.6,0.3114,0.0424,2.481,0.747,6.27,0.0,0,0.13,3.13
3,550,11.0,turn,0.01412,0.01398,0.00201,0.01523,-0.0076,-10.43,75.9,0.3115,0.0423,2.567,1.537,10.433,0.0,0,0.2,4.75
3,551,11.02,turn,0.01488,0.01481,0.00135,0.0167,-0.0076,-10.58,72.08,0.3116,0.0422,2.68,1.43,11.653,0.0,0,0.34,6.79
3,552,11.04,turn,0.01589,0.01588,0.00076,0.01847,-0.0076,-10.58,68.08,0.3116,0.0421,2.805,1.634,12.157,0.0,0,0.46,8.77
3,553,11.06,turn,0.01714,0.01713,0.00054,0.02045,-0.0076,-10.36,64.14,0.3116,0.0421,2.923,1.729,12.831,0.0,0,0.5,10.74
3,554,11.08,turn,0.0186,0.01859,0.0006,0.0226,-0.0076,-10.03,60.36,0.3116,0.0421,3.034,1.73,13.331,0.0,0,0.47,12.86
3,555,11.1,turn,0.02003,0.02001,0.00091,0.02465,-0.0076,-9.48,56.98,0.3116,0.0422,3.141,1.73,14.709,0.0,0,0.4,14.85
3,556,11.12,turn,0.02153,0.02148,0.00143,0.02672,-0.0076,-8.79,53.81,0.3115,0.0423,3.242,1.738,14.239,0.0,0,0.27,16.81
3,557,11.14,turn,0.02295,0.02285,0.0022,0.02869,-0.0076,-8.02,50.8,0.3114,0.0425,3.337,1.498,14.208,0.0,0,0.1,18.69
3,558,11.16,turn,0.0244,0.02426,0.00262,0.03067,-0.0076,-7.34,47.95,0.3114,0.0428,3.417,1.748,14.558,0.0,0,0.01,20.73
3,559,11.18,turn,0.02541,0.02528,0.00262,0.03223,-0.0076,-6.73,45.26,0.3113,0.0431,3.474,1.398,14.779,0.0,0,0.02,22.47
3,560,11.2,turn,0.02631,0.02618,0.00265,0.03369,-0.0076,-6.03,42.79,0.3112,0.0435,3.524,1.464,15.567,0.0,0,0.01,24.1
3,561,11.22,turn,0.02705,0.02692,0.00261,0.03499,-0.0076,-5.28,40.5,0.3112,0.044,3.561,1.476,16.162,0.0,0,0.02,25.62
3,562,11.24,turn,0.02778,0.02766,0.00261,0.03601,-0.0076,-4.41,38.9,0.3112,0.0446,3.574,1.734,15.085,0.0,0,0.0,26.93
3,563,11.26,turn,0.02809,0.02797,0.00255,0.03645,-0.0076,-3.47,37.94,0.3112,0.0452,3.562,1.671,15.433,0.0,0,0.0,27.76
3,564,11.28,turn,0.02799,0.02789,0.00239,0.03612,-0.0076,-2.41,38.34,0.3112,0.046,3.537,1.734,10.763,0.0,0,0.01,27.9
3,565,11.3,turn,0.02804,0.02797,0.00197,0.0362,-0.0076,-1.49,37.57,0.3113,0.0467,3.518,1.717,14.326,0.0,0,0.06,28.47
3,566,11.32,turn,0.02787,0.02785,0.00111,0.03603,-0.0076,-0.57,37.19,0.3115,0.0474,3.493,1.732,14.235,0.0,0,0.19,28.82
3,567,11.34,turn,0.02745,0.02745,0.00044,0.03552,-0.0076,0.41,37.28,0.3118,0.0481,3.473,1.727,14.245,0.0,0,0.3,28.82
3,568,11.36,turn,0.02697,0.02697,-7e-05,0.03493,-0.0076,1.39,37.47,0.3121,0.0488,3.463,1.631,14.291,0.0,0,0.38,28.68
3,569,11.38,turn,0.02652,0.02651,-0.00057,0.03431,-0.0076,2.39,37.86,0.3125,0.0496,3.461,1.726,11.13,0.0,0,0.46,28.52
3,570,11.4,turn,0.02619,0.02618,-0.00083,0.03385,-0.0076,3.38,37.8,0.3129,0.0503,3.465,1.725,15.279,0.0,0,0.5,28.48
3,571,11.42,turn,0.02631,0.02629,-0.00091,0.03372,-0.0076,4.36,37.61,0.3133,0.0509,3.465,1.739,14.362,0.0,0,0.5,28.81
3,572,11.44,turn,0.026,0.02598,-0.00102,0.03325,-0.0076,5.38,37.64,0.3138,0.0514,3.464,1.599,15.504,0.0,0,0.5,28.7
3,573,11.46,turn,0.02589,0.02587,-0.00112,0.03295,-0.0076,6.35,37.44,0.3143,0.0519,3.466,1.55,15.278,0.0,0,0.5,28.79
3,574,11.48,turn,0.02588,0.02585,-0.00121,0.03275,-0.0076,7.26,37.33,0.3148,0.0522,3.466,1.501,14.476,0.0,0,0.5,28.97
3,575,11.5,turn,0.02566,0.02563,-0.00125,0.03229,-0.0076,8.23,37.47,0.3154,0.0525,3.47,1.56,14.767,0.0,0,0.5,28.91
3,576,11.52,turn,0.02538,0.02535,-0.00129,0.03179,-0.0076,9.22,37.63,0.3159,0.0528,3.481,1.355,14.782,0.0,0,0.5,28.79
3,577,11.54,turn,0.02544,0.02541,-0.0013,0.03167,-0.0076,10.17,37.37,0.3165,0.053,3.493,1.435,13.866,0.0,0,0.5,29.08
3,578,11.56,turn,0.02525,0.02521,-0.00135,0.03126,-0.0076,11.16,37.6,0.3171,0.0532,3.501,1.566,9.572,0.0,0,0.5,29.06
3,579,11.58,turn,0.02561,0.02558,-0.00138,0.0314,-0.0076,11.79,37.03,0.3178,0.0533,3.508,0.981,12.358,0.0,0,0.5,29.78
3,580,11.6,turn,0.02593,0.02589,-0.00139,0.03145,-0.0076,12.42,37.0,0.3185,0.0534,3.513,1.461,8.73,0.0,0,0.5,30.4
3,581,11.62,turn,0.02632,0.02628,-0.00146,0.03154,-0.0076,12.68,36.62,0.3192,0.0534,3.518,0.771,8.759,0.0,0,0.5,31.21
3,582,11.64,turn,0.02686,0.02682,-0.00145,0.03176,-0.0076,12.9,36.2,0.32,0.0533,3.52,0.837,10.541,0.0,0,0.5,32.2
3,583,11.66,turn,0.02725,0.02721,-0.0015,0.03181,-0.0076,13.09,36.26,0.3208,0.0531,3.523,0.805,8.107,0.0,0,0.5,33.02
3,584,11.68,turn,0.02751,0.02746,-0.00155,0.03174,-0.0076,13.19,36.34,0.3216,0.0529,3.526,0.928,7.752,0.0,0,0.5,33.66
3,585,11.7,turn,0.02769,0.02764,-0.00162,0.03164,-0.0076,13.23,36.32,0.3223,0.0525,3.532,0.908,7.868,0.0,0,0.5,34.2
3,586,11.72,turn,0.02753,0.02748,-0.00166,0.03128,-0.0076,13.37,36.41,0.3231,0.0521,3.507,0.456,10.179,0.0,0,0.5,34.47
3,587,11.74,turn,0.02706,0.02701,-0.00169,0.03061,-0.0076,13.78,36.98,0.3238,0.0516,3.44,0.697,10.267,0.0,0,0.5,34.44
3,588,11.76,turn,0.02643,0.02638,-0.00173,0.02987,-0.0076,14.25,37.44,0.3245,0.0511,3.36,0.81,9.543,0.0,0,0.5,34.33
3,589,11.78,turn,0.0257,0.02564,-0.00186,0.02904,-0.0076,14.57,37.77,0.3252,0.0505,3.285,0.762,9.771,0.0,0,0.5,34.14
3,590,11.8,turn,0.02504,0.02496,-0.00201,0.02832,-0.0076,14.73,37.9,0.3259,0.0498,3.217,0.782,9.938,0.0,0,0.5,34.02
3,591,11.82,turn,0.02429,0.0242,-0.00213,0.02754,-0.0076,14.89,38.0,0.3266,0.0491,3.154,0.715,10.321,0.0,0,0.5,33.78
3,592,11.84,turn,0.02349,0.02338,-0.00225,0.02672,-0.0076,15.05,38.08,0.3272,0.0484,3.095,0.701,10.478,0.0,0,0.5,33.49
3,593,11.86,turn,0.02262,0.0225,-0.00235,0.02587,-0.0076,15.2,38.17,0.3278,0.0477,3.041,0.626,10.885,0.0,0,0.5,33.14
3,594,11.88,turn,0.02173,0.02159,-0.00245,0.02499,-0.0076,15.37,38.28,0.3283,0.0469,2.992,0.575,11.2,0.0,0,0.5,32.75
3,595,11.9,turn,0.02086,0.02071,-0.00255,0.02414,-0.0076,15.5,38.38,0.3288,0.0462,2.947,0.558,11.277,0.0,0,0.5,32.41
3,596,11.92,turn,0.01997,0.0198,-0.00264,0.02327,-0.0076,15.64,38.49,0.3292,0.0455,2.904,0.541,11.448,0.0,0,0.5,32.06
3,597,11.94,turn,0.01905,0.01885,-0.00274,0.02238,-0.0076,15.78,38.6,0.3296,0.0447,2.864,0.516,11.681,0.0,0,0.5,31.68
3,598,11.96,turn,0.01814,0.01792,-0.00283,0.0215,-0.0076,15.92,38.72,0.33,0.0441,2.824,0.517,11.722,0.0,0,0.5,31.31
3,599,11.98,turn,0.01726,0.01701,-0.00292,0.02066,-0.0076,16.03,38.84,0.3303,0.0434,2.785,0.522,11.67,0.0,0,0.5,30.99
3,600,12.0,turn,0.01642,0.01614,-0.00302,0.01985,-0.0076,16.14,38.94,0.3306,0.0428,2.746,0.519,11.592,0.0,0,0.5,30.72
3,601,12.02,turn,0.01564,0.01533,-0.00312,0.0191,-0.0076,16.22,39.04,0.3309,0.0422,2.707,0.541,11.419,0.0,0,0.5,30.54
3,602,12.04,turn,0.01493,0.01458,-0.00322,0.01841,-0.0076,16.27,39.12,0.3312,0.0416,2.668,0.563,11.269,0.0,0,0.5,30.42
3,603,12.06,turn,0.01423,0.01384,-0.00332,0.01774,-0.0076,16.31,39.19,0.3314,0.0411,2.629,0.598,11.177,0.0,0,0.5,30.33
3,604,12.08,turn,0.01357,0.01313,-0.00343,0.01709,-0.0076,16.33,39.27,0.3317,0.0406,2.589,0.539,11.298,0.0,0,0.5,30.28
3,605,12.1,turn,0.01289,0.01239,-0.00355,0.01642,-0.0076,16.35,39.34,0.3319,0.0401,2.549,0.547,11.348,0.0,0,0.5,30.19
3,606,12.12,turn,0.01222,0.01166,-0.00366,0.01575,-0.0076,16.35,39.41,0.3322,0.0397,2.507,0.547,11.337,0.0,0,0.5,30.1
3,607,12.14,turn,0.01161,0.01097,-0.00378,0.01511,-0.0076,16.34,39.48,0.3325,0.0394,2.465,0.529,11.277,0.0,0,0.5,30.04
3,608,12.16,turn,0.01104,0.01033,-0.0039,0.0145,-0.0076,16.31,39.53,0.3327,0.0391,2.422,0.561,11.137,0.0,0,0.5,30.01
3,609,12.18,turn,0.01047,0.00967,-0.00403,0.01389,-0.0076,16.3,39.59,0.333,0.0388,2.379,0.614,11.044,0.0,0,0.5,29.98
3,610,12.2,turn,0.00992,0.00899,-0.0042,0.01328,-0.0076,16.26,39.64,0.3333,0.0386,2.334,0.687,10.95,0.0,0,0.5,29.95
3,611,12.22,turn,0.00938,0.00829,-0.00439,0.01269,-0.0076,16.2,39.67,0.3335,0.0384,2.287,0.735,10.893,0.0,0,0.5,29.93
3,612,12.24,turn,0.00886,0.00754,-0.00465,0.01209,-0.0076,16.15,39.75,0.3338,0.0383,2.239,0.829,10.613,0.0,0,0.5,29.91
3,613,12.26,turn,0.00845,0.00677,-0.00507,0.01157,-0.0076,16.09,39.92,0.334,0.0382,2.189,0.908,10.374,0.0,0,0.5,29.94
3,614,12.28,turn,0.00828,0.00604,-0.00566,0.0112,-0.0076,16.01,40.16,0.3343,0.0382,2.136,0.961,9.948,0.0,0,0.5,30.06
3,615,12.3,turn,0.00842,0.00537,-0.00648,0.01107,-0.0076,15.96,40.46,0.3346,0.0382,2.08,1.007,9.43,0.0,0,0.5,30.21
3,616,12.32,turn,0.00911,0.00501,-0.00761,0.01141,-0.0076,15.9,40.86,0.3348,0.0383,2.018,1.215,8.344,0.0,0,0.5,30.51
3,617,12.34,turn,0.01042,0.00501,-0.00914,0.0123,-0.0076,15.85,41.52,0.3351,0.0384,1.947,1.444,7.794,0.0,0,0.5,30.9
3,618,12.36,turn,0.01231,0.00568,-0.01092,0.01381,-0.0076,15.7,42.08,0.3354,0.0386,1.876,1.576,7.586,0.0,0,0.5,31.46
3,619,12.38,turn,0.01425,0.00669,-0.01259,0.01553,-0.0076,15.68,42.02,0.3356,0.0388,1.822,1.339,8.036,0.0,0,0.5,32.15
3,620,12.4,turn,0.01578,0.00796,-0.01363,0.01703,-0.0076,15.12,41.8,0.3359,0.0391,1.811,1.076,8.244,0.0,0,0.5,33.52
3,621,12.42,turn,0.01762,0.00958,-0.01479,0.01893,-0.0076,14.41,40.26,0.3361,0.0393,1.94,0.809,10.109,0.0,0,0.5,35.67
3,622,12.44,turn,0.0177,0.00942,-0.01498,0.01911,-0.0076,13.52,38.68,0.3362,0.0397,2.005,1.295,11.72,0.0,0,0.5,36.05
3,623,12.46,turn,0.01725,0.00836,-0.01509,0.01878,-0.0076,13.29,37.54,0.3363,0.04,1.971,1.161,12.869,0.0,0,0.5,35.49
3,624,12.48,turn,0.01704,0.00787,-0.01512,0.01865,-0.0076,13.42,36.69,0.3363,0.0404,1.931,0.914,11.439,0.0,0,0.5,35.39
3,625,12.5,turn,0.01692,0.00727,-0.01528,0.01839,-0.0076,13.38,36.74,0.3362,0.0407,1.897,1.394,8.984,0.0,0,0.5,35.2
3,626,12.52,turn,0.01728,0.00745,-0.0156,0.01868,-0.0076,12.78,36.4,0.3362,0.041,1.897,1.583,8.581,0.0,0,0.5,35.82
3,627,12.54,turn,0.01759,0.00754,-0.01589,0.01889,-0.0076,12.39,36.1,0.3361,0.0413,1.915,1.6,8.467,0.0,0,0.5,36.31
3,628,12.56,turn,0.01613,0.00689,-0.01459,0.01746,-0.0076,12.35,35.74,0.3359,0.0417,1.928,1.73,12.431,0.0,0,0.2,36.1
3,629,12.58,turn,0.01508,0.00644,-0.01363,0.01656,-0.0076,12.82,35.27,0.3357,0.0422,1.956,1.733,12.858,0.0,0,-0.0,36.1
3,630,12.6,turn,0.01534,0.00635,-0.01397,0.01675,-0.0076,13.05,34.8,0.3353,0.0429,2.0,1.736,12.445,0.0,0,0.08,36.28
3,631,12.62,turn,0.01546,0.00608,-0.01421,0.01672,-0.0076,13.12,34.66,0.3347,0.0437,2.059,1.735,13.21,0.0,0,0.13,36.33
3,632,12.64,turn,0.01571,0.0057,-0.01463,0.01681,-0.0076,13.29,34.63,0.3342,0.0446,2.099,1.723,12.905,0.0,0,0.22,36.23
3,633,12.66,turn,0.01598,0.00532,-0.01507,0.01687,-0.0076,13.42,34.85,0.3336,0.0455,2.118,1.339,12.006,0.0,0,0.31,36.04
3,634,12.68,turn,0.01628,0.00489,-0.01553,0.01692,-0.0076,13.78,35.2,0.333,0.0465,2.112,1.535,13.033,0.0,0,0.42,35.54
3,635,12.7,turn,0.01653,0.00473,-0.01584,0.01702,-0.0076,14.01,35.29,0.3325,0.0475,2.105,1.297,12.042,0.0,0,0.49,35.38
3,636,12.72,turn,0.01654,0.00459,-0.0159,0.01689,-0.0076,14.32,35.39,0.3322,0.0485,2.097,1.722,13.063,0.0,0,0.5,35.14
3,637,12.74,turn,0.01656,0.00447,-0.01595,0.01684,-0.0076,14.35,35.54,0.332,0.0494,2.091,1.73,9.136,0.0,0,0.5,35.28
3,638,12.76,turn,0.01628,0.00421,-0.01573,0.01644,-0.0076,14.02,35.83,0.3319,0.0504,2.101,1.731,9.651,0.0,0,0.43,35.09
3,639,12.78,turn,0.01611,0.0041,-0.01558,0.01615,-0.0076,13.73,36.18,0.3319,0.0513,2.112,1.731,9.28,0.0,0,0.37,34.79
3,640,12.8,turn,0.01597,0.00416,-0.01542,0.01589,-0.0076,13.39,36.58,0.332,0.0522,2.111,1.731,8.912,0.0,0,0.31,34.48
3,641,12.82,turn,0.01582,0.00433,-0.01521,0.01564,-0.0076,13.1,36.91,0.3321,0.0531,2.102,1.731,8.635,0.0,0,0.24,34.19
3,642,12.84,turn,0.01566,0.00453,-0.01499,0.01542,-0.0076,12.87,37.1,0.3323,0.0539,2.095,1.653,8.448,0.0,0,0.17,34.05
3,643,12.86,turn,0.01549,0.00478,-0.01474,0.01519,-0.0076,12.7,37.21,0.3325,0.0547,2.088,1.519,8.432,0.0,0,0.09,33.95
3,644,12.88,turn,0.01526,0.00504,-0.0144,0.01492,-0.0076,12.56,36.9,0.3327,0.0555,2.071,1.516,11.521,0.0,0,0.01,33.92
3,645,12.9,turn,0.01544,0.00529,-0.01451,0.01508,-0.0076,12.72,36.86,0.3328,0.0561,2.038,0.813,7.897,0.0,0,0.03,34.06
3,646,12.92,turn,0.01551,0.00564,-0.01444,0.01512,-0.0076,12.73,36.76,0.3329,0.0568,2.008,1.112,10.882,0.0,0,0.01,33.95
3,647,12.94,turn,0.01597,0.00598,-0.01481,0.01558,-0.0076,12.91,36.73,0.3329,0.0574,1.979,0.719,8.027,0.0,0,0.1,34.1
3,648,12.96,turn,0.01625,0.00634,-0.01496,0.01586,-0.0076,13.02,36.72,0.3329,0.058,1.964,0.743,8.389,0.0,0,0.12,34.09
3,649,12.98,turn,0.01644,0.00684,-0.01495,0.01601,-0.0076,13.11,36.6,0.3329,0.0585,1.949,1.723,11.848,0.0,0,0.12,34.05
3,650,13.0,turn,0.01674,0.00687,-0.01527,0.01633,-0.0076,13.19,36.22,0.3327,0.0591,1.921,1.403,10.363,0.0,0,0.2,34.5
3,651,13.02,turn,0.01726,0.00717,-0.01569,0.01686,-0.0076,13.3,36.12,0.3325,0.0596,1.886,0.92,8.81,0.0,0,0.3,34.72
3,652,13.04,turn,0.01775,0.00812,-0.01578,0.01735,-0.0076,13.48,36.78,0.3323,0.0601,1.851,0.563,7.548,0.0,0,0.31,34.16
3,653,13.06,turn,0.01791,0.00905,-0.01546,0.01748,-0.0076,13.56,36.97,0.332,0.0606,1.829,1.633,12.139,0.0,0,0.24,33.67
3,654,13.08,turn,0.01812,0.00929,-0.01556,0.01766,-0.0076,13.7,36.55,0.3317,0.061,1.813,1.732,11.155,0.0,0,0.27,33.96
3,655,13.1,turn,0.01852,0.0095,-0.0159,0.01806,-0.0076,13.84,36.11,0.3313,0.0615,1.791,1.729,10.624,0.0,0,0.36,34.27
3,656,13.12,turn,0.01901,0.0097,-0.01635,0.01856,-0.0076,13.95,35.65,0.331,0.0619,1.779,1.524,10.645,0.0,0,0.47,34.6
3,657,13.14,turn,0.01953,0.01051,-0.01646,0.01908,-0.0076,14.1,36.06,0.3306,0.0622,1.771,1.001,8.185,0.0,0,0.49,34.28
3,658,13.16,turn,0.01974,0.01157,-0.01599,0.01927,-0.0076,14.19,36.33,0.3302,0.0626,1.783,1.593,12.437,0.0,0,0.39,33.67
3,659,13.18,turn,0.01986,0.01227,-0.01562,0.01934,-0.0076,14.09,36.21,0.3298,0.063,1.783,1.719,11.809,0.0,0,0.31,33.47
3,660,13.2,turn,0.02009,0.01261,-0.01564,0.01954,-0.0076,14.06,35.82,0.3294,0.0633,1.777,1.728,11.086,0.0,0,0.33,33.64
3,661,13.22,turn,0.02054,0.01312,-0.01581,0.02,-0.0076,14.06,35.78,0.329,0.0636,1.775,1.115,9.186,0.0,0,0.37,33.64
3,662,13.24,turn,0.02083,0.0139,-0.01551,0.02035,-0.0076,13.96,36.0,0.3286,0.0639,1.798,1.713,11.731,0.0,0,0.29,33.28
3,663,13.26,turn,0.02136,0.01485,-0.01536,0.02085,-0.0076,14.02,36.35,0.3282,0.0641,1.8,1.363,9.096,0.0,0,0.26,32.86
3,664,13.28,turn,0.02161,0.01524,-0.01531,0.02102,-0.0076,14.06,35.97,0.3278,0.0643,1.818,1.712,11.55,0.0,0,0.24,32.97
3,665,13.3,turn,0.02192,0.01553,-0.01547,0.02129,-0.0076,14.09,35.58,0.3274,0.0644,1.83,1.717,11.279,0.0,0,0.27,33.21
3,666,13.32,turn,0.02248,0.01608,-0.01571,0.02182,-0.0076,14.11,35.51,0.3271,0.0645,1.83,1.635,10.266,0.0,0,0.32,33.24
3,667,13.34,turn,0.02297,0.01654,-0.01594,0.02236,-0.0076,14.23,35.74,0.3267,0.0646,1.852,0.99,8.274,0.0,0,0.37,33.28
3,668,13.36,turn,0.02331,0.01729,-0.01563,0.02279,-0.0076,14.3,36.04,0.3265,0.0646,1.896,1.595,11.492,0.0,0,0.3,32.94
3,669,13.38,turn,0.02356,0.01785,-0.01538,0.023,-0.0076,14.29,35.92,0.3263,0.0646,1.914,1.601,11.703,0.0,0,0.22,32.86
3,670,13.4,turn,0.02365,0.01804,-0.0153,0.02313,-0.0076,14.39,36.01,0.3261,0.0646,1.948,1.199,8.677,0.0,0,0.19,33.03
3,671,13.42,turn,0.02356,0.0183,-0.01483,0.02301,-0.0076,14.42,35.52,0.3261,0.0645,2.02,1.246,12.01,0.0,0,0.08,33.1
3,672,13.44,turn,0.02383,0.01882,-0.01462,0.02332,-0.0076,14.87,35.77,0.326,0.0644,2.09,1.262,9.122,0.0,0,0.02,32.96
3,673,13.46,turn,0.02395,0.01905,-0.01452,0.02352,-0.0076,14.99,35.55,0.3261,0.0642,2.165,0.988,10.6,0.0,0,-0.0,33.12
3,674,13.48,crack,0.02464,0.01753,-0.01731,0.02434,-0.0076,15.44,36.42,0.3263,0.0641,2.233,1.638,8.926,0.0,0,0.06,33.03
3,675,13.5,crack,0.02408,0.01736,-0.01669,0.02417,-0.0076,15.6,37.58,0.3264,0.0639,2.287,1.291,7.445,0.0,0,0.04,33.02
3,676,13.52,crack,0.02402,0.01774,-0.01619,0.0244,-0.0076,15.96,38.6,0.3267,0.0636,2.321,1.236,7.538,0.0,0,-0.0,32.62
3,677,13.54,crack,0.0242,0.01828,-0.01586,0.02479,-0.0076,16.2,39.54,0.327,0.0634,2.339,1.139,7.05,0.0,0,-0.0,32.23
3,678,13.56,crack,0.02465,0.01908,-0.01561,0.02539,-0.0076,16.43,40.41,0.3273,0.0631,2.346,1.408,6.234,0.0,0,0.0,31.75
3,679,13.58,crack,0.02525,0.01979,-0.01567,0.02615,-0.0076,16.44,41.17,0.3276,0.0628,2.349,1.768,2.93,0.0,0,0.0,31.5
3,680,13.6,crack,0.02535,0.0203,-0.01517,0.02644,-0.0076,15.35,42.14,0.3278,0.0626,2.365,1.618,5.221,0.0,0,-0.0,31.55
3,681,13.62,crack,0.0265,0.02182,-0.01504,0.02769,-0.0076,15.12,43.2,0.3279,0.0624,2.382,1.774,4.104,0.0,0,-0.0,30.97
3,682,13.64,crack,0.03053,0.02612,-0.0158,0.03171,-0.0076,16.05,43.3,0.3279,0.0621,2.388,1.732,2.972,0.0,0,-0.0,29.35
3,683,13.66,crack,0.03289,0.02904,-0.01544,0.03412,-0.0076,15.37,43.49,0.3278,0.0619,2.403,1.642,5.59,0.0,0,-0.0,28.82
3,684,13.68,crack,0.03462,0.03112,-0.01517,0.03584,-0.0076,14.68,43.57,0.3275,0.0616,2.416,1.505,6.773,0.0,0,0.0,27.51
3,685,13.7,crack,0.03615,0.03301,-0.01474,0.03733,-0.0076,14.21,44.24,0.3271,0.0614,2.421,1.464,6.504,0.0,0,0.0,25.86
3,686,13.72,crack,0.03731,0.03449,-0.01425,0.03839,-0.0076,13.55,43.92,0.3267,0.061,2.418,1.604,7.064,0.0,0,0.01,24.9
3,687,13.74,crack,0.03827,0.03574,-0.0137,0.03925,-0.0076,12.47,43.66,0.3263,0.0607,2.404,1.515,7.102,0.0,0,0.01,24.28
3,688,13.76,crack,0.03938,0.03696,-0.0136,0.04025,-0.0076,11.21,43.44,0.3257,0.0602,2.382,1.282,7.458,0.0,0,0.12,23.68
3,689,13.78,crack,0.04048,0.03807,-0.01375,0.04114,-0.0076,10.03,42.73,0.3251,0.0597,2.355,1.488,8.928,0.0,0,0.32,23.28
3,690,13.8,crack,0.04124,0.03884,-0.01385,0.04166,-0.0076,8.87,41.9,0.3244,0.0591,2.333,1.469,9.333,0.0,0,0.5,23.27
3,691,13.82,crack,0.04179,0.03966,-0.01316,0.04204,-0.0076,7.97,40.57,0.3236,0.0585,2.32,1.31,10.159,0.0,0,0.5,23.12
3,692,13.84,crack,0.04166,0.0398,-0.01231,0.04168,-0.0076,7.19,38.97,0.3228,0.0578,2.315,1.792,11.718,0.0,0,0.5,23.56
3,693,13.86,crack,0.04116,0.03954,-0.01144,0.04118,-0.0076,6.16,38.24,0.3218,0.0571,2.314,1.458,10.134,0.0,0,0.45,24.26
3,694,13.88,crack,0.04119,0.03972,-0.01092,0.04131,-0.0076,5.01,39.07,0.3207,0.0562,2.309,1.444,6.724,0.0,0,0.49,24.53
3,695,13.9,crack,0.04085,0.03957,-0.01017,0.04091,-0.0076,4.15,37.93,0.3195,0.0553,2.294,1.11,10.909,0.0,0,0.49,25.13
3,696,13.92,crack,0.04052,0.0394,-0.00944,0.04056,-0.0076,3.34,36.94,0.3182,0.0543,2.28,1.582,12.484,0.0,0,0.46,25.58
3,697,13.94,crack,0.04041,0.03954,-0.00833,0.0404,-0.0076,2.6,36.17,0.317,0.0533,2.273,1.503,13.099,0.0,0,0.34,25.64
3,698,13.96,crack,0.04059,0.04013,-0.00612,0.04044,-0.0076,1.97,35.35,0.3156,0.0523,2.252,1.182,13.203,0.0,0,0.0,25.24
3,699,13.98,crack,0.04197,0.04159,-0.00564,0.0419,-0.0076,0.97,37.17,0.3142,0.0514,2.11,1.462,14.387,0.0,0,0.0,23.69
3,700,14.0,crack,0.0435,0.0432,-0.00509,0.04339,-0.0076,0.04,38.28,0.3128,0.0508,1.916,1.404,14.348,0.0,0,-0.0,21.93
3,701,14.02,crack,0.04494,0.0447,-0.00462,0.04464,-0.0076,-0.73,38.74,0.3112,0.0504,1.736,1.385,16.934,0.0,0,-0.0,20.34
3,702,14.04,crack,0.04559,0.0454,-0.00417,0.04503,-0.0076,-1.3,37.99,0.3095,0.0502,1.609,1.611,15.022,0.0,0,-0.0,19.68
3,703,14.06,crack,0.04547,0.04533,-0.00361,0.04498,-0.0076,-1.86,36.53,0.3079,0.0501,1.597,1.487,12.69,0.0,0,0.01,20.51
3,704,14.08,crack,0.04484,0.04475,-0.00291,0.0444,-0.0076,-2.59,35.6,0.3063,0.05,1.599,1.547,12.496,0.0,0,-0.0,21.54
3,705,14.1,crack,0.04435,0.04429,-0.00222,0.04403,-0.0076,-3.38,34.87,0.3047,0.0499,1.584,1.236,12.437,0.0,0,-0.0,22.39
3,706,14.12,crack,0.04599,0.04596,-0.00171,0.04593,-0.0076,-4.19,37.59,0.3031,0.0499,1.43,1.518,11.648,0.0,0,0.0,20.39
3,707,14.14,crack,0.04782,0.04781,-0.00107,0.04783,-0.0076,-4.9,39.84,0.3015,0.0501,1.22,1.458,16.363,0.0,0,-0.0,18.25
3,708,14.16,crack,0.04766,0.04765,-0.00033,0.04766,-0.0076,-5.48,38.38,0.3,0.0505,1.134,1.62,11.606,0.0,0,0.01,19.14
3,709,14.18,crack,0.04664,0.04664,4e-05,0.04673,-0.0076,-6.17,37.56,0.2987,0.0507,1.155,1.692,11.711,0.0,0,0.03,20.82
3,710,14.2,crack,0.0454,0.04539,0.00086,0.04565,-0.0076,-6.87,37.02,0.2974,0.0507,1.187,1.196,10.023,0.0,0,0.01,22.48
3,711,14.22,crack,0.04421,0.04418,0.00165,0.04462,-0.0076,-7.72,37.32,0.2964,0.0505,1.211,1.795,7.953,0.0,0,-0.0,23.94
3,712,14.24,crack,0.04325,0.04319,0.00242,0.04372,-0.0076,-8.53,35.99,0.2954,0.0501,1.235,1.326,10.264,0.0,0,-0.0,25.59
3,713,14.26,crack,0.04245,0.04234,0.00312,0.04307,-0.0076,-9.42,36.66,0.2946,0.0495,1.242,1.361,8.729,0.0,0,-0.0,26.47
3,714,14.28,crack,0.04204,0.04188,0.00371,0.04273,-0.0076,-10.25,36.48,0.2939,0.0487,1.217,1.587,7.466,0.0,0,-0.0,27.2
3,715,14.3,crack,0.04328,0.04304,0.00453,0.04408,-0.0076,-10.9,37.95,0.2932,0.0479,1.099,1.148,9.582,0.0,0,0.0,25.73
3,716,14.32,crack,0.04369,0.04342,0.00479,0.0446,-0.0076,-11.64,38.48,0.2925,0.0471,0.973,1.733,7.496,0.0,0,-0.0,25.08
3,717,14.34,crack,0.04373,0.04357,0.00376,0.04476,-0.0076,-12.57,38.55,0.2917,0.046,0.909,1.725,1.6,0.0,0,0.01,23.34
3,718,14.36,crack,0.03629,0.03623,0.00199,0.03722,-0.0076,-14.72,38.33,0.291,0.0448,0.812,1.723,6.61,0.0,0,-0.0,20.92
3,719,14.38,crack,0.03466,0.03462,0.00153,0.03553,-0.0076,-15.72,38.34,0.29,0.0435,0.693,1.73,2.912,0.0,0,-0.0,19.63
3,720,14.4,crack,0.03145,0.03144,0.00051,0.03211,-0.0076,-17.04,38.13,0.289,0.0421,0.577,1.73,0.0,0.0,0,0.0,18.01
3,721,14.42,crack,0.03335,0.03313,0.00382,0.03327,-0.0076,-17.33,37.58,0.2878,0.0407,0.527,1.73,0.0,0.0,0,0.0,15.4
3,722,14.44,crack,0.03703,0.03646,0.00649,0.03628,-0.0076,-17.54,37.12,0.2866,0.0392,0.476,1.73,0.0,0.0,0,0.0,12.99
3,723,14.46,crack,0.04201,0.0414,0.00716,0.04076,-0.0076,-18.14,36.61,0.2854,0.0376,0.441,1.729,0.0,0.0,0,0.0,10.81
3,724,14.48,crack,0.03867,0.03845,0.00414,0.0369,-0.0076,-20.02,36.32,0.2843,0.036,0.359,1.73,0.0,0.0,0,0.01,8.83
3,725,14.5,crack,0.04231,0.04201,0.0051,0.03993,-0.0076,-20.99,35.58,0.2834,0.0346,0.36,1.729,0.0,0.0,0,0.01,7.04
3,726,14.52,crack,0.04509,0.04476,0.00548,0.04229,-0.0076,-22.56,34.88,0.2826,0.0333,0.368,1.73,0.0,0.0,0,0.02,5.41
3,727,14.54,crack,0.04968,0.04938,0.00552,0.04682,-0.0076,-23.33,34.21,0.282,0.0321,0.409,1.73,0.0,0.0,0,0.02,3.94
3,728,14.56,crack,0.05208,0.052,0.00292,0.04913,-0.0076,-24.91,33.56,0.2817,0.031,0.455,1.73,0.0,0.0,0,0.02,2.6
3,729,14.58,crack,0.05567,0.05564,0.00152,0.05279,-0.0076,-26.21,33.02,0.2817,0.0299,0.518,1.728,0.0,0.0,0,0.03,1.38
3,730,14.6,crack,0.06049,0.06049,0.0009,0.05776,-0.0076,-26.65,32.61,0.2821,0.029,0.596,1.73,0.0,0.0,0,0.03,0.28
3,731,14.62,crack,0.06576,0.06565,-0.00371,0.06314,-0.0076,-28.08,31.71,0.2828,0.0281,0.675,1.73,0.0,0.0,0,0.04,-0.0
3,732,14.64,crack,0.07259,0.07238,-0.00542,0.07035,-0.0076,-27.6,30.48,0.2838,0.0272,0.776,1.726,0.0,0.0,0,0.04,-0.0
3,733,14.66,crack,0.07874,0.07833,-0.00808,0.07707,-0.0076,-27.07,31.24,0.2851,0.0263,0.873,1.73,0.0,0.0,0,0.04,-0.0
3,734,14.68,ease,0.08561,0.08499,-0.01032,0.08421,-0.0076,-26.08,30.29,0.2866,0.0253,0.975,1.729,0.0,0.0,0,0.05,-0.0
3,735,14.7,ease,0.09344,0.09257,-0.0127,0.09277,-0.0076,-24.74,34.19,0.288,0.0244,1.077,1.729,0.0,0.0,0,0.05,-0.0
3,736,14.72,ease,0.10207,0.10083,-0.01588,0.10195,-0.0076,-23.29,38.3,0.2894,0.0233,1.18,1.73,0.0,0.0,0,0.05,-0.0
3,737,14.74,ease,0.11088,0.10906,-0.01996,0.11109,-0.0076,-21.92,42.5,0.2905,0.0223,1.297,1.729,0.0,0.0,0,0.06,-0.0
3,738,14.76,ease,0.11929,0.11678,-0.02432,0.11946,-0.0076,-20.66,46.74,0.2915,0.0212,1.431,1.73,0.0,0.0,0,0.06,-0.0
3,739,14.78,ease,0.11728,0.11431,-0.02621,0.11727,-0.0076,-19.89,51.22,0.2922,0.0203,1.504,1.73,0.0,0.0,0,0.06,-0.0
3,740,14.8,ease,0.10759,0.10394,-0.02778,0.10748,-0.0076,-20.68,55.15,0.293,0.0196,1.586,1.73,0.0,0.0,0,0.07,-0.0
3,741,14.82,ease,0.09661,0.0918,-0.03012,0.09647,-0.0076,-22.04,58.36,0.2938,0.0191,1.693,1.73,0.0,0.0,0,0.07,-0.0
3,742,14.84,ease,0.08791,0.08176,-0.03229,0.08784,-0.0076,-23.05,61.03,0.2949,0.0188,1.81,1.73,0.0,0.0,0,0.07,-0.0
3,743,14.86,ease,0.08099,0.074,-0.03291,0.08086,-0.0076,-23.56,62.95,0.2961,0.0186,1.915,1.699,0.0,0.0,0,0.07,-0.0
3,744,14.88,ease,0.07599,0.06884,-0.03217,0.07569,-0.0076,-23.78,62.89,0.2975,0.0187,2.008,1.727,0.0,0.0,0,0.07,-0.0
3,745,14.9,ease,0.07332,0.06688,-0.03005,0.07288,-0.0076,-23.32,63.51,0.2989,0.0188,2.091,1.725,0.0,0.0,0,0.08,-0.0
3,746,14.92,ease,0.06893,0.06306,-0.02785,0.06832,-0.0076,-22.98,63.98,0.3002,0.0189,2.135,1.721,0.0,0.0,0,0.08,-0.0
3,747,14.94,ease,0.06412,0.05901,-0.02507,0.06332,-0.0076,-22.65,64.42,0.3015,0.019,2.163,1.728,0.0,0.0,0,0.08,-0.0
3,748,14.96,ease,0.0591,0.05492,-0.02185,0.05809,-0.0076,-22.41,64.76,0.3026,0.019,2.176,1.727,0.0,0.0,0,0.08,-0.0
3,749,14.98,ease,0.05366,0.04999,-0.01951,0.05238,-0.0076,-22.37,65.02,0.3036,0.019,2.175,1.726,0.0,0.0,0,0.09,-0.0
3,750,15.0,ease,0.04819,0.04494,-0.01742,0.04666,-0.0076,-22.15,65.41,0.3045,0.019,2.164,1.728,0.0,0.0,0,0.09,-0.0
3,751,15.02,ease,0.04281,0.03982,-0.01572,0.04086,-0.0076,-22.19,65.58,0.3052,0.019,2.146,1.727,0.0,0.0,0,0.09,-0.0
3,752,15.04,ease,0.03747,0.0345,-0.01461,0.03507,-0.0076,-22.1,65.86,0.3058,0.019,2.127,1.729,0.0,0.0,0,0.09,-0.0
3,753,15.06,ease,0.03217,0.02912,-0.01368,0.02933,-0.0076,-21.78,66.32,0.3064,0.0191,2.105,1.729,0.0,0.0,0,0.09,-0.0
3,754,15.08,ease,0.02745,0.02387,-0.01356,0.02385,-0.0076,-21.74,66.56,0.3068,0.0191,2.078,1.73,0.0,0.0,0,0.09,-0.0
3,755,15.1,ease,0.02339,0.01901,-0.01363,0.01899,-0.0076,-21.56,66.9,0.3072,0.0192,2.05,1.729,0.0,0.0,0,0.09,-0.0
3,756,15.12,ease,0.02067,0.01474,-0.01449,0.01558,-0.0076,-21.37,67.26,0.3076,0.0193,2.014,1.73,0.0,0.0,0,0.1,-0.0
3,757,15.14,ease,0.01981,0.01257,-0.01532,0.01464,-0.0076,-21.11,67.67,0.3079,0.0195,1.975,1.73,0.0,0.0,0,0.1,-0.0
3,758,15.16,ease,0.0198,0.01255,-0.01532,0.01517,-0.0076,-20.58,68.27,0.3081,0.0198,1.936,1.73,0.0,0.0,0,0.1,-0.0
3,759,15.18,ease,0.02154,0.01453,-0.0159,0.01812,-0.0076,-20.09,68.86,0.3084,0.0201,1.888,1.73,0.0,0.0,0,0.1,-0.0
3,760,15.2,ease,0.02348,0.01711,-0.01608,0.02136,-0.0076,-19.34,69.67,0.3087,0.0205,1.834,1.73,0.0,0.0,0,0.1,-0.0
3,761,15.22,ease,0.02649,0.02089,-0.01629,0.02542,-0.0076,-18.64,70.45,0.3089,0.021,1.767,1.73,0.0,0.0,0,0.1,-0.0
3,762,15.24,ease,0.02928,0.02434,-0.01628,0.02923,-0.0076,-17.66,71.47,0.3092,0.0215,1.69,1.73,0.0,0.0,0,0.1,-0.0
3,763,15.26,ease,0.02494,0.01881,-0.01637,0.02481,-0.0076,-17.23,71.83,0.3095,0.0221,1.702,1.73,0.0,0.0,0,0.1,-0.0
3,764,15.28,ease,0.02204,0.01383,-0.01716,0.02179,-0.0076,-17.4,71.75,0.3098,0.0226,1.705,1.73,0.0,0.0,0,0.1,-0.0
3,765,15.3,ease,0.02555,0.01503,-0.02066,0.02477,-0.0076,-18.1,71.27,0.3101,0.023,1.639,1.73,0.0,0.0,0,0.11,-0.0
3,766,15.32,ease,0.02251,0.00956,-0.02037,0.02178,-0.0076,-17.79,71.56,0.3105,0.0236,1.65,1.73,0.0,0.0,0,0.11,-0.0
3,767,15.34,ease,0.0223,0.00734,-0.02106,0.02049,-0.0076,-18.49,70.96,0.311,0.0241,1.649,1.73,0.0,0.0,0,0.11,-0.0
3,768,15.36,ease,0.02175,0.00521,-0.02111,0.01892,-0.0076,-18.83,70.61,0.3114,0.0245,1.666,1.73,0.0,0.0,0,0.11,-0.0
3,769,15.38,ease,0.02362,0.00844,-0.02207,0.01999,-0.0076,-19.37,70.08,0.3119,0.0249,1.682,1.73,0.0,0.0,0,0.11,-0.0
3,770,15.4,ease,0.02631,0.01368,-0.02248,0.02221,-0.0076,-19.71,69.7,0.3123,0.0253,1.712,1.73,0.0,0.0,0,0.11,-0.0
3,771,15.42,ease,0.03013,0.02047,-0.02211,0.02595,-0.0076,-19.73,69.55,0.3128,0.0256,1.761,1.73,0.0,0.0,0,0.11,-0.0
3,772,15.44,ease,0.03489,0.02741,-0.02159,0.03096,-0.0076,-19.58,69.53,0.3133,0.0258,1.819,1.73,0.0,0.0,0,0.11,-0.0
3,773,15.46,ease,0.03472,0.02787,-0.02071,0.0309,-0.0076,-19.09,69.9,0.3138,0.0261,1.821,1.73,0.0,0.0,0,0.11,-0.0
3,774,15.48,pull,0.02999,0.02991,-0.0021,0.02588,-0.0076,-18.39,70.5,0.3142,0.0263,1.794,1.73,0.0,0.0,0,0.11,-0.0
3,775,15.5,pull,0.02372,0.02369,-0.0012,0.02041,-0.0076,-17.61,72.26,0.3145,0.0265,1.798,1.73,0.0,0.0,0,0.11,-0.0
3,776,15.52,pull,0.01699,0.0169,-0.00181,0.01492,-0.0076,-16.99,72.86,0.3148,0.0267,1.796,1.73,0.0,0.0,0,0.11,-0.0
3,777,15.54,pull,0.01041,0.00946,-0.00435,0.00946,-0.0076,-16.48,73.1,0.315,0.0268,1.778,1.73,0.0,0.0,0,0.11,-0.0
3,778,15.56,pull,0.00542,0.00334,-0.00427,0.00863,-0.0076,-15.43,74.29,0.3152,0.0268,1.767,1.73,0.0,0.0,0,0.11,-0.0
3,779,15.58,pull,0.00561,0.00373,-0.00419,0.01151,-0.0076,-14.55,75.08,0.3153,0.0269,1.722,1.73,0.0,0.0,0,0.11,-0.0
3,780,15.6,pull,0.01018,0.00971,-0.00305,0.01645,-0.0076,-13.42,76.15,0.3155,0.0269,1.66,1.73,0.0,0.0,0,0.11,-0.0
3,781,15.62,pull,0.01047,0.01007,0.00285,0.01802,-0.0076,-12.61,77.04,0.3157,0.0269,1.671,1.73,0.0,0.0,0,0.12,-0.0
3,782,15.64,pull,0.00854,0.00712,0.00472,0.01599,-0.0076,-13.57,76.1,0.3159,0.0268,1.663,1.73,0.0,0.0,0,0.12,-0.0
3,783,15.66,pull,0.00946,0.00838,0.00441,0.01682,-0.0076,-14.22,75.36,0.316,0.0266,1.616,1.73,0.0,0.0,0,0.12,-0.0
3,784,15.68,pull,0.01147,0.00924,0.0068,0.01892,-0.0076,-14.51,75.01,0.316,0.0265,1.621,1.73,0.0,0.0,0,0.12,-0.0
3,785,15.7,pull,0.01067,0.00917,0.00546,0.01764,-0.0076,-15.42,74.0,0.3161,0.0264,1.586,1.73,0.0,0.0,0,0.12,-0.0
3,786,15.72,pull,0.01386,0.00808,0.01126,0.02039,-0.0076,-15.29,74.14,0.3161,0.0264,1.621,1.73,0.0,0.0,0,0.12,-0.0
3,787,15.74,pull,0.01329,0.00641,0.01164,0.01922,-0.0076,-16.23,73.12,0.3162,0.0264,1.61,1.73,0.0,0.0,0,0.12,-0.0
3,788,15.76,pull,0.01299,0.00726,0.01077,0.01914,-0.0076,-16.45,72.8,0.3162,0.0264,1.569,1.73,0.0,0.0,0,0.12,-0.0
3,789,15.78,pull,0.01624,0.01101,0.01194,0.0226,-0.0076,-15.5,73.68,0.3162,0.0264,1.534,1.73,0.0,0.0,0,0.12,-0.0
3,790,15.8,pull,0.01902,0.01356,0.01334,0.02508,-0.0076,-15.06,74.09,0.3163,0.0266,1.508,1.73,0.0,0.0,0,0.12,-0.0
3,791,15.82,pull,0.02098,0.01424,0.01541,0.02667,-0.0076,-15.06,74.09,0.3165,0.0268,1.488,1.73,0.0,0.0,0,0.12,-0.0
3,792,15.84,pull,0.02131,0.01496,0.01518,0.02696,-0.0076,-15.3,73.81,0.3166,0.0269,1.452,1.73,0.0,0.0,0,0.12,-0.0
3,793,15.86,pull,0.01963,0.01489,0.0128,0.02531,-0.0076,-16.12,72.9,0.3167,0.0269,1.42,1.73,0.0,0.0,0,0.12,-0.0
3,794,15.88,pull,0.01934,0.01652,0.01006,0.02511,-0.0076,-16.34,72.55,0.3167,0.0269,1.374,1.73,0.0,0.0,0,0.12,-0.0
3,795,15.9,pull,0.02119,0.01822,0.01082,0.02711,-0.0076,-15.83,72.99,0.3167,0.027,1.356,1.73,0.0,0.0,0,0.12,-0.0
3,796,15.92,pull,0.02126,0.01825,0.01091,0.02697,-0.0076,-15.94,72.83,0.3168,0.0272,1.33,1.73,0.0,0.0,0,0.12,-0.0
3,797,15.94,pull,0.02055,0.01818,0.00958,0.02585,-0.0076,-16.33,72.38,0.3169,0.0273,1.284,1.73,0.0,0.0,0,0.12,-0.0
3,798,15.96,pull,0.02025,0.01785,0.00957,0.02549,-0.0076,-16.41,72.25,0.317,0.0274,1.259,1.73,0.0,0.0,0,0.12,-0.0
3,799,15.98,pull,0.01766,0.01575,0.00798,0.02287,-0.0076,-17.25,71.33,0.317,0.0274,1.244,1.73,0.0,0.0,0,0.12,-0.0
3,800,16.0,pull,0.01687,0.01566,0.00628,0.02203,-0.0076,-17.43,71.02,0.317,0.0274,1.203,1.73,0.0,0.0,0,0.12,-0.0
3,801,16.02,pull,0.01818,0.01675,0.00705,0.02376,-0.0076,-16.79,71.58,0.317,0.0274,1.178,1.73,0.0,0.0,0,0.12,-0.0
3,802,16.04,pull,0.01811,0.01666,0.00709,0.02371,-0.0076,-16.78,71.5,0.317,0.0275,1.151,1.73,0.0,0.0,0,0.12,-0.0
3,803,16.06,pull,0.01713,0.01573,0.00678,0.02222,-0.0076,-17.16,71.08,0.317,0.0276,1.107,1.73,0.0,0.0,0,0.12,-0.0
3,804,16.08,pull,0.01653,0.01412,0.00859,0.0213,-0.0076,-17.42,70.83,0.317,0.0278,1.09,1.73,0.0,0.0,0,0.12,-0.0
3,805,16.1,pull,0.01593,0.01403,0.00755,0.02065,-0.0076,-17.57,70.6,0.317,0.0278,1.044,1.73,0.0,0.0,0,0.12,-0.0
3,806,16.12,pull,0.01523,0.01401,0.00596,0.01999,-0.0076,-17.63,70.45,0.317,0.0279,1.006,1.73,0.0,0.0,0,0.12,-0.0
3,807,16.14,pull,0.01453,0.01393,0.00416,0.0193,-0.0076,-17.78,70.22,0.3169,0.0279,0.974,1.73,0.0,0.0,0,0.12,-0.0
3,808,16.16,pull,0.01392,0.01351,0.00334,0.01849,-0.0076,-17.93,70.0,0.3168,0.028,0.948,1.73,0.0,0.0,0,0.12,-0.0
3,809,16.18,pull,0.01331,0.01284,0.00353,0.01756,-0.0076,-18.14,69.76,0.3168,0.0281,0.928,1.73,0.0,0.0,0,0.12,-0.0
3,810,16.2,pull,0.01366,0.0136,0.0013,0.01754,-0.0076,-18.36,69.41,0.3167,0.0282,0.886,1.73,0.0,0.0,0,0.12,-0.0
3,811,16.22,pull,0.01695,0.01667,-0.00307,0.02037,-0.0076,-18.16,69.41,0.3166,0.0283,0.818,1.73,0.0,0.0,0,0.12,-0.0
3,812,16.24,pull,0.0175,0.0174,-0.00187,0.0217,-0.0076,-17.41,70.15,0.3165,0.0284,0.802,1.73,0.0,0.0,0,0.12,-0.0
3,813,16.26,pull,0.01564,0.01564,7e-05,0.02036,-0.0076,-17.33,70.29,0.3164,0.0285,0.799,1.73,0.0,0.0,0,0.12,-0.0
3,814,16.28,pull,0.01407,0.01389,0.00229,0.01934,-0.0076,-17.28,70.37,0.3164,0.0286,0.786,1.73,0.0,0.0,0,0.12,-0.0
3,815,16.3,pull,0.0131,0.01305,0.00116,0.01865,-0.0076,-17.38,70.22,0.3163,0.0286,0.743,1.73,0.0,0.0,0,0.12,-0.0
3,816,16.32,pull,0.0144,0.01414,0.00275,0.02073,-0.0076,-16.76,70.78,0.3162,0.0287,0.722,1.73,0.0,0.0,0,0.12,-0.0
3,817,16.34,pull,0.01387,0.01357,0.0029,0.02018,-0.0076,-16.87,70.67,0.3162,0.0288,0.69,1.73,0.0,0.0,0,0.12,-0.0
3,818,16.36,pull,0.0118,0.01112,0.00394,0.01784,-0.0076,-17.31,70.32,0.3163,0.0289,0.665,1.73,0.0,0.0,0,0.12,-0.0
3,819,16.38,pull,0.00984,0.00908,0.0038,0.01565,-0.0076,-17.75,69.93,0.3163,0.029,0.639,1.73,0.0,0.0,0,0.12,-0.0
3,820,16.4,pull,0.0093,0.00916,0.00166,0.01492,-0.0076,-18.0,69.59,0.3163,0.029,0.599,1.73,0.0,0.0,0,0.12,-0.0
3,821,16.42,pull,0.00992,0.00992,-0.0001,0.01529,-0.0076,-18.03,69.47,0.3163,0.029,0.567,1.73,0.0,0.0,0,0.12,-0.0
3,822,16.44,pull,0.01059,0.01052,-0.00123,0.01545,-0.0076,-18.1,69.33,0.3162,0.0291,0.54,1.73,0.0,0.0,0,0.12,-0.0
3,823,16.46,pull,0.01051,0.0105,-0.00045,0.01529,-0.0076,-18.16,69.23,0.3162,0.0292,0.53,1.73,0.0,0.0,0,0.12,-0.0
3,824,16.48,pull,0.01131,0.01117,-0.00175,0.01578,-0.0076,-18.2,69.1,0.3161,0.0292,0.5,1.73,0.0,0.0,0,0.12,-0.0
3,825,16.5,pull,0.0128,0.01229,-0.00357,0.01704,-0.0076,-18.09,69.09,0.3161,0.0292,0.469,1.73,0.0,0.0,0,0.12,-0.0
3,826,16.52,pull,0.01318,0.01228,-0.00478,0.01692,-0.0076,-18.22,68.9,0.316,0.0293,0.448,1.73,0.0,0.0,0,0.12,-0.0
3,827,16.54,pull,0.01368,0.01272,-0.00503,0.01711,-0.0076,-18.26,68.79,0.3159,0.0293,0.426,1.73,0.0,0.0,0,0.12,-0.0
3,828,16.56,pull,0.0163,0.01442,-0.00759,0.01913,-0.0076,-18.19,68.74,0.3158,0.0293,0.376,1.73,0.0,0.0,0,0.12,-0.0
3,829,16.58,pull,0.01625,0.01492,-0.00643,0.02005,-0.0076,-17.47,69.44,0.3157,0.0293,0.357,1.73,0.0,0.0,0,0.12,-0.0
3,830,16.6,pull,0.01369,0.01287,-0.00466,0.01804,-0.0076,-17.38,69.54,0.3157,0.0293,0.356,1.73,0.0,0.0,0,0.12,-0.0
3,831,16.62,pull,0.01307,0.01305,-0.00066,0.01892,-0.0076,-16.61,70.36,0.3156,0.0294,0.35,1.73,0.0,0.0,0,0.12,-0.0
3,832,16.64,pull,0.01157,0.01154,0.00073,0.01791,-0.0076,-16.72,70.35,0.3155,0.0294,0.334,1.73,0.0,0.0,0,0.12,-0.0
3,833,16.66,pull,0.01373,0.01366,0.00138,0.02021,-0.0076,-16.38,70.64,0.3155,0.0294,0.297,1.73,0.0,0.0,0,0.12,-0.0
3,834,16.68,pull,0.0166,0.01606,0.00422,0.02345,-0.0076,-15.72,71.34,0.3155,0.0295,0.283,1.73,0.0,0.0,0,0.12,-0.0
3,835,16.7,pull,0.0149,0.01388,0.00542,0.02168,-0.0076,-16.22,71.04,0.3156,0.0295,0.271,1.73,0.0,0.0,0,0.12,-0.0
3,836,16.72,pull,0.01251,0.01166,0.00453,0.01901,-0.0076,-17.08,70.23,0.3158,0.0296,0.244,1.73,0.0,0.0,0,0.12,-0.0
3,837,16.74,pull,0.01462,0.01433,0.00289,0.02118,-0.0076,-16.88,70.3,0.3158,0.0296,0.202,1.73,0.0,0.0,0,0.12,-0.0
3,838,16.76,pull,0.01838,0.01796,0.00391,0.02523,-0.0076,-16.18,70.91,0.3159,0.0296,0.19,1.73,0.0,0.0,0,0.12,-0.0
3,839,16.78,pull,0.0166,0.01614,0.00391,0.02326,-0.0076,-16.96,70.13,0.316,0.0296,0.183,1.73,0.0,0.0,0,0.12,-0.0
3,840,16.8,pull,0.01684,0.01638,0.00392,0.02331,-0.0076,-17.16,69.87,0.3162,0.0297,0.152,1.73,0.0,0.0,0,0.12,-0.0
3,841,16.82,pull,0.02016,0.01927,0.00592,0.02679,-0.0076,-16.41,70.56,0.3163,0.0297,0.133,1.73,0.0,0.0,0,0.12,-0.0
3,842,16.84,pull,0.02102,0.0207,0.00365,0.02741,-0.0076,-16.51,70.36,0.3164,0.0298,0.083,1.73,0.0,0.0,0,0.12,-0.0
3,843,16.86,pull,0.01943,0.01868,0.00533,0.02581,-0.0076,-16.84,70.1,0.3166,0.0298,0.07,1.73,0.0,0.0,0,0.12,-0.0
3,844,16.88,pull,0.01738,0.01676,0.00462,0.02359,-0.0076,-17.36,69.57,0.3168,0.0298,0.04,1.73,0.0,0.0,0,0.12,-0.0
3,845,16.9,pull,0.01655,0.01612,0.00371,0.02275,-0.0076,-17.55,69.32,0.3169,0.0298,0.01,1.73,0.0,0.0,0,0.12,-0.0
3,846,16.92,pull,0.01575,0.01573,0.00062,0.02147,-0.0076,-18.0,68.73,0.3171,0.0297,-0.027,1.73,0.0,0.0,0,0.12,-0.0
3,847,16.94,pull,0.01624,0.01622,-0.00069,0.02162,-0.0076,-18.03,68.57,0.3172,0.0297,-0.057,1.73,0.0,0.0,0,0.12,-0.0
3,848,16.96,pull,0.0163,0.0163,-0.00024,0.02161,-0.0076,-18.09,68.4,0.3172,0.0297,-0.07,1.73,0.0,0.0,0,0.12,-0.0
3,849,16.98,pull,0.01684,0.01672,-0.002,0.02168,-0.0076,-18.23,68.1,0.3173,0.0297,-0.105,1.73,0.0,0.0,0,0.12,-0.0
3,850,17.0,pull,0.02022,0.01936,-0.00584,0.02456,-0.0076,-18.08,68.02,0.3173,0.0296,-0.165,1.73,0.0,0.0,0,0.12,-0.0
3,851,17.02,pull,0.02051,0.02021,-0.0035,0.02548,-0.0076,-17.39,68.69,0.3173,0.0296,-0.175,1.73,0.0,0.0,0,0.12,-0.0
3,852,17.04,pull,0.01871,0.01865,-0.00154,0.02395,-0.0076,-17.42,68.72,0.3174,0.0296,-0.181,1.73,0.0,0.0,0,0.12,-0.0
3,853,17.06,pull,0.01691,0.01686,-0.00128,0.02223,-0.0076,-17.67,68.46,0.3174,0.0295,-0.202,1.73,0.0,0.0,0,0.12,-0.0
3,854,17.08,pull,0.01599,0.01563,-0.00335,0.02092,-0.0076,-18.07,67.94,0.3174,0.0294,-0.235,1.73,0.0,0.0,0,0.12,-0.0
3,855,17.1,pull,0.01622,0.01507,-0.00601,0.02041,-0.0076,-18.38,67.48,0.3174,0.0294,-0.27,1.73,0.0,0.0,0,0.12,-0.0
3,856,17.12,pull,0.01672,0.0164,-0.00326,0.02204,-0.0076,-17.58,68.19,0.3173,0.0294,-0.277,1.73,0.0,0.0,0,0.12,-0.0
3,857,17.14,pull,0.01558,0.01549,-0.0017,0.02124,-0.0076,-17.54,68.24,0.3173,0.0293,-0.287,1.73,0.0,0.0,0,0.12,-0.0
3,858,17.16,pull,0.01426,0.01412,-0.00201,0.01973,-0.0076,-17.83,67.95,0.3173,0.0293,-0.315,1.73,0.0,0.0,0,0.12,-0.0
3,859,17.18,pull,0.01403,0.01386,-0.00219,0.01949,-0.0076,-17.89,67.83,0.3173,0.0293,-0.339,1.73,0.0,0.0,0,0.12,-0.0
3,860,17.2,pull,0.01499,0.01404,-0.00523,0.0196,-0.0076,-18.2,67.36,0.3173,0.0293,-0.378,1.73,0.0,0.0,0,0.12,-0.0
3,861,17.22,pull,0.01811,0.01615,-0.00818,0.02215,-0.0076,-17.94,67.43,0.3172,0.0292,-0.432,1.73,0.0,0.0,0,0.12,-0.0
3,862,17.24,pull,0.0167,0.01644,-0.00291,0.0222,-0.0076,-17.23,68.19,0.3171,0.0293,-0.42,1.73,0.0,0.0,0,0.12,-0.0
3,863,17.26,pull,0.01602,0.01597,-0.00128,0.02191,-0.0076,-17.2,68.23,0.3171,0.0293,-0.437,1.73,0.0,0.0,0,0.12,-0.0
3,864,17.28,pull,0.01648,0.01552,-0.00552,0.02127,-0.0076,-17.74,67.59,0.317,0.0292,-0.495,1.73,0.0,0.0,0,0.12,-0.0
3,865,17.3,pull,0.01656,0.01608,-0.00396,0.02196,-0.0076,-17.14,68.2,0.317,0.0291,-0.517,1.73,0.0,0.0,0,0.12,-0.0
3,866,17.32,pull,0.01609,0.01548,-0.00437,0.02136,-0.0076,-17.07,68.34,0.3169,0.0291,-0.55,1.73,0.0,0.0,0,0.12,-0.0
3,867,17.34,pull,0.01623,0.01616,0.00159,0.02279,-0.0076,-16.32,69.21,0.3168,0.0291,-0.544,1.73,0.0,0.0,0,0.12,-0.0
3,868,17.36,pull,0.0167,0.01665,0.00127,0.02333,-0.0076,-16.29,69.21,0.3168,0.0291,-0.582,1.73,0.0,0.0,0,0.12,-0.0
3,869,17.38,pull,0.01611,0.01607,-0.0012,0.02234,-0.0076,-16.6,68.81,0.3168,0.029,-0.627,1.73,0.0,0.0,0,0.12,-0.0
3,870,17.4,pull,0.01441,0.01441,0.0003,0.0208,-0.0076,-16.86,68.54,0.3168,0.029,-0.638,1.73,0.0,0.0,0,0.12,-0.0
3,871,17.42,pull,0.01332,0.01324,-0.00148,0.01926,-0.0076,-17.28,68.17,0.3169,0.029,-0.671,1.73,0.0,0.0,0,0.12,-0.0
3,872,17.44,pull,0.0156,0.01501,-0.00426,0.02106,-0.0076,-17.18,68.15,0.3168,0.0289,-0.714,1.73,0.0,0.0,0,0.12,-0.0
3,873,17.46,pull,0.01821,0.01797,-0.00295,0.02427,-0.0076,-16.46,68.77,0.3168,0.0289,-0.723,1.73,0.0,0.0,0,0.12,-0.0
3,874,17.48,pull,0.01851,0.01825,-0.00311,0.0245,-0.0076,-16.48,68.77,0.3168,0.0288,-0.744,1.73,0.0,0.0,0,0.12,-0.0
3,875,17.5,pull,0.01672,0.01665,-0.00147,0.02285,-0.0076,-16.76,68.49,0.3168,0.0288,-0.756,1.73,0.0,0.0,0,0.12,-0.0
3,876,17.52,pull,0.01597,0.01558,-0.0035,0.02162,-0.0076,-17.18,68.09,0.3169,0.0288,-0.789,1.73,0.0,0.0,0,0.12,-0.0
3,877,17.54,pull,0.01667,0.01562,-0.00582,0.02187,-0.0076,-17.38,67.77,0.3168,0.0287,-0.817,1.73,0.0,0.0,0,0.12,-0.0
3,878,17.56,pull,0.01985,0.0192,-0.00504,0.02569,-0.0076,-16.63,68.26,0.3168,0.0286,-0.827,1.73,0.0,0.0,0,0.12,-0.0
3,879,17.58,pull,0.02052,0.0197,-0.00574,0.02623,-0.0076,-16.62,68.19,0.3168,0.0285,-0.849,1.73,0.0,0.0,0,0.12,-0.0
3,880,17.6,pull,0.01819,0.01779,-0.00379,0.0241,-0.0076,-16.95,67.89,0.3168,0.0285,-0.855,1.73,0.0,0.0,0,0.12,-0.0
3,881,17.62,pull,0.01691,0.01634,-0.00434,0.02265,-0.0076,-17.27,67.57,0.3169,0.0285,-0.881,1.73,0.0,0.0,0,0.12,-0.0
3,882,17.64,pull,0.01895,0.01669,-0.00898,0.02362,-0.0076,-17.54,67.1,0.3168,0.0284,-0.933,1.73,0.0,0.0,0,0.12,-0.0
3,883,17.66,pull,0.01959,0.01892,-0.00506,0.02552,-0.0076,-16.75,67.71,0.3168,0.0283,-0.924,1.73,0.0,0.0,0,0.12,-0.0
3,884,17.68,pull,0.02028,0.01952,-0.00548,0.02617,-0.0076,-16.71,67.63,0.3168,0.0282,-0.951,1.73,0.0,0.0,0,0.12,-0.0
3,885,17.7,pull,0.01951,0.01773,-0.00815,0.02458,-0.0076,-17.19,67.14,0.3168,0.0282,-0.999,1.73,0.0,0.0,0,0.12,-0.0
3,886,17.72,pull,0.01924,0.01906,-0.00257,0.02566,-0.0076,-16.52,67.77,0.3167,0.0282,-0.992,1.73,0.0,0.0,0,0.12,-0.0
3,887,17.74,pull,0.02071,0.01993,-0.00565,0.02667,-0.0076,-16.6,67.54,0.3167,0.028,-1.045,1.73,0.0,0.0,0,0.12,-0.0
3,888,17.76,pull,0.01935,0.01842,-0.00593,0.02518,-0.0076,-16.73,67.43,0.3168,0.028,-1.08,1.73,0.0,0.0,0,0.12,-0.0
3,889,17.78,pull,0.01952,0.01951,0.00061,0.02654,-0.0076,-16.1,68.09,0.3167,0.028,-1.07,1.73,0.0,0.0,0,0.12,-0.0
3,890,17.8,pull,0.02,0.02,0.0001,0.02704,-0.0076,-16.1,68.07,0.3168,0.0279,-1.114,1.73,0.0,0.0,0,0.12,-0.0
3,891,17.82,pull,0.01878,0.01847,-0.00339,0.02523,-0.0076,-16.59,67.59,0.3168,0.0278,-1.17,1.73,0.0,0.0,0,0.12,-0.0
3,892,17.84,pull,0.02,0.01999,0.00045,0.02706,-0.0076,-16.0,68.2,0.3169,0.0278,-1.178,1.73,0.0,0.0,0,0.12,-0.0
3,893,17.86,pull,0.01981,0.01976,0.00138,0.02698,-0.0076,-16.05,68.22,0.317,0.0278,-1.204,1.73,0.0,0.0,0,0.12,-0.0
3,894,17.88,pull,0.01725,0.01724,0.00064,0.0243,-0.0076,-16.72,67.65,0.3171,0.0277,-1.233,1.73,0.0,0.0,0,0.12,-0.0
3,895,17.9,pull,0.02086,0.02086,-0.00028,0.02788,-0.0076,-16.37,67.72,0.3171,0.0277,-1.262,1.73,0.0,0.0,0,0.12,-0.0
3,896,17.92,pull,0.02516,0.02501,-0.0028,0.0321,-0.0076,-15.96,67.79,0.3172,0.0277,-1.29,1.73,0.0,0.0,0,0.12,-0.0
3,897,17.94,pull,0.02738,0.02737,-0.00093,0.03452,-0.0076,-15.68,67.87,0.3172,0.0277,-1.288,1.73,0.0,0.0,0,0.12,-0.0
3,898,17.96,pull,0.02909,0.02909,0.00047,0.03631,-0.0076,-15.48,67.96,0.3173,0.0277,-1.304,1.73,0.0,0.0,0,0.12,-0.0
3,899,17.98,pull,0.02863,0.0286,-0.00119,0.03561,-0.0076,-15.75,67.7,0.3175,0.0277,-1.35,1.73,0.0,0.0,0,0.12,-0.0
3,900,18.0,pull,0.02622,0.02621,-0.00083,0.03321,-0.0076,-16.23,67.32,0.3176,0.0277,-1.374,1.73,0.0,0.0,0,0.12,-0.0
3,901,18.02,pull,0.02405,0.02389,-0.00271,0.03072,-0.0076,-16.92,66.53,0.3177,0.0277,-1.402,1.73,0.0,0.0,0,0.12,-0.0
3,902,18.04,pull,0.02605,0.02572,-0.00416,0.03264,-0.0076,-16.71,66.41,0.3178,0.0277,-1.425,1.73,0.0,0.0,0,0.12,-0.0
3,903,18.06,pull,0.0282,0.02791,-0.00404,0.0347,-0.0076,-16.28,66.25,0.3178,0.0276,-1.437,1.73,0.0,0.0,0,0.12,-0.0
3,904,18.08,pull,0.02797,0.02751,-0.00507,0.03416,-0.0076,-16.49,65.87,0.3179,0.0277,-1.466,1.73,0.0,0.0,0,0.12,-0.0
3,905,18.1,pull,0.02744,0.02728,-0.0029,0.03373,-0.0076,-16.59,65.63,0.318,0.0278,-1.483,1.73,0.0,0.0,0,0.12,-0.0
3,906,18.12,pull,0.02817,0.02768,-0.00521,0.03406,-0.0076,-16.71,65.28,0.3181,0.0278,-1.53,1.73,0.0,0.0,0,0.12,-0.0
3,907,18.14,pull,0.02886,0.02812,-0.0065,0.03451,-0.0076,-16.73,64.87,0.3181,0.0278,-1.559,1.73,0.0,0.0,0,0.12,-0.0
3,908,18.16,pull,0.0282,0.02669,-0.00913,0.03328,-0.0076,-17.14,64.15,0.3181,0.0278,-1.594,1.73,0.0,0.0,0,0.12,-0.0
3,909,18.18,pull,0.02987,0.0274,-0.01188,0.03448,-0.0076,-17.04,63.13,0.3182,0.0278,-1.643,1.73,0.0,0.0,0,0.12,-0.0
3,910,18.2,pull,0.02911,0.02846,-0.00612,0.03467,-0.0076,-16.27,64.28,0.3181,0.0279,-1.627,1.73,0.0,0.0,0,0.12,-0.0
3,911,18.22,pull,0.02814,0.02706,-0.00772,0.03348,-0.0076,-16.65,63.79,0.3181,0.0278,-1.659,1.73,0.0,0.0,0,0.12,-0.0
3,912,18.24,pull,0.02625,0.02531,-0.00697,0.0318,-0.0076,-16.85,63.52,0.318,0.0278,-1.682,1.73,0.0,0.0,0,0.12,-0.0
3,913,18.26,pull,0.02699,0.02594,-0.00746,0.03252,-0.0076,-16.74,63.4,0.318,0.0279,-1.718,1.73,0.0,0.0,0,0.12,-0.0
3,914,18.28,pull,0.02931,0.02785,-0.00913,0.03462,-0.0076,-16.35,63.54,0.3179,0.0279,-1.768,1.73,0.0,0.0,0,0.12,-0.0
3,915,18.3,pull,0.02706,0.02649,-0.00553,0.03277,-0.0076,-16.34,63.68,0.3179,0.028,-1.776,1.73,0.0,0.0,0,0.12,-0.0
3,916,18.32,pull,0.02646,0.0258,-0.00589,0.03206,-0.0076,-16.5,63.53,0.3179,0.0281,-1.817,1.73,0.0,0.0,0,0.12,-0.0
3,917,18.34,pull,0.02574,0.02478,-0.00694,0.03115,-0.0076,-16.68,63.33,0.3179,0.0282,-1.855,1.73,0.0,0.0,0,0.12,-0.0
3,918,18.36,pull,0.02384,0.02262,-0.00755,0.02905,-0.0076,-17.15,62.81,0.3179,0.0282,-1.879,1.73,0.0,0.0,0,0.12,-0.0
3,919,18.38,pull,0.02465,0.0221,-0.01091,0.02912,-0.0076,-17.45,62.01,0.3178,0.0282,-1.922,1.73,0.0,0.0,0,0.12,-0.0
3,920,18.4,pull,0.02683,0.0236,-0.01276,0.03094,-0.0076,-17.26,60.82,0.3177,0.0283,-1.956,1.73,0.0,0.0,0,0.12,-0.0
3,921,18.42,pull,0.02731,0.02479,-0.01145,0.03192,-0.0076,-16.74,61.99,0.3176,0.0283,-1.966,1.73,0.0,0.0,0,0.12,-0.0
3,922,18.44,pull,0.02565,0.02349,-0.0103,0.03038,-0.0076,-16.92,61.69,0.3175,0.0283,-1.975,1.73,0.0,0.0,0,0.12,-0.0
3,923,18.46,pull,0.02551,0.02269,-0.01166,0.02988,-0.0076,-17.12,61.3,0.3174,0.0283,-2.013,1.73,0.0,0.0,0,0.12,-0.0
3,924,18.48,release,0.02894,0.02431,-0.01569,0.03266,-0.0076,-16.91,61.01,0.3173,0.0284,-2.079,1.73,0.0,0.0,0,0.12,-0.0
3,925,18.5,release,0.02771,0.02495,-0.01206,0.03206,-0.00711,-16.41,61.14,0.3172,0.0284,-2.083,1.73,0.0,0.0,0,0.12,-0.0
3,926,18.52,release,0.02657,0.02311,-0.01312,0.03063,-0.00662,-16.57,61.16,0.3171,0.0284,-2.123,1.73,0.0,0.0,0,0.12,-0.0
3,927,18.54,release,0.02655,0.02501,-0.00891,0.03151,-0.00613,-15.91,61.82,0.3169,0.0284,-2.131,1.73,0.0,0.0,0,0.12,-0.0
3,928,18.56,release,0.02554,0.02438,-0.00763,0.03069,-0.00564,-15.91,62.16,0.3168,0.0284,-2.148,1.73,0.0,0.0,0,0.12,-0.0
3,929,18.58,release,0.02397,0.02183,-0.00992,0.02843,-0.00515,-16.38,62.1,0.3168,0.0285,-2.191,1.73,0.0,0.0,0,0.12,-0.0
3,930,18.6,release,0.02354,0.02059,-0.0114,0.02758,-0.00466,-16.43,62.26,0.3167,0.0285,-2.234,1.73,0.0,0.0,0,0.12,-0.0
3,931,18.62,release,0.02238,0.02139,-0.00659,0.02742,-0.00417,-15.97,62.85,0.3167,0.0286,-2.23,1.73,0.0,0.0,0,0.12,-0.0
3,932,18.64,release,0.02166,0.02057,-0.00679,0.02645,-0.00368,-16.07,63.08,0.3166,0.0286,-2.258,1.73,0.0,0.0,0,0.12,-0.0
3,933,18.66,release,0.02009,0.01829,-0.00832,0.02425,-0.00319,-16.47,62.99,0.3167,0.0287,-2.291,1.73,0.0,0.0,0,0.12,-0.0
3,934,18.68,release,0.01851,0.01718,-0.00691,0.02271,-0.0027,-16.64,62.97,0.3167,0.0287,-2.302,1.73,0.0,0.0,0,0.12,-0.0
3,935,18.7,release,0.01996,0.01811,-0.00838,0.02362,-0.00221,-16.65,62.88,0.3167,0.0288,-2.331,1.73,0.0,0.0,0,0.12,-0.0
3,936,18.72,release,0.02098,0.01857,-0.00975,0.02414,-0.00172,-16.75,62.67,0.3167,0.0288,-2.351,1.73,0.0,0.0,0,0.12,-0.0
3,937,18.74,release,0.02176,0.01942,-0.00982,0.02476,-0.00123,-16.79,62.46,0.3167,0.0288,-2.36,1.73,0.0,0.0,0,0.12,-0.0
3,938,18.76,release,0.02403,0.02099,-0.0117,0.02657,-0.00074,-16.76,62.22,0.3166,0.0288,-2.383,1.73,0.0,0.0,0,0.12,-0.0
3,939,18.78,release,0.0268,0.02222,-0.01498,0.02882,-0.00025,-16.67,62.06,0.3166,0.0288,-2.423,1.73,0.0,0.0,0,0.12,-0.0
3,940,18.8,release,0.02616,0.02279,-0.01285,0.02829,0.00024,-16.51,62.06,0.3166,0.0288,-2.429,1.73,0.0,0.0,0,0.12,-0.0
3,941,18.82,release,0.02605,0.02343,-0.01137,0.02821,0.00073,-16.3,62.2,0.3165,0.0288,-2.447,1.73,0.0,0.0,0,0.12,-0.0
3,942,18.84,release,0.02521,0.02294,-0.01045,0.02733,0.00122,-16.23,62.37,0.3165,0.0287,-2.47,1.73,0.0,0.0,0,0.12,-0.0
3,943,18.86,release,0.02307,0.0214,-0.00861,0.02519,0.00171,-16.31,62.48,0.3165,0.0287,-2.486,1.73,0.0,0.0,0,0.12,-0.0
3,944,18.88,release,0.02222,0.02083,-0.00774,0.02428,0.0022,-16.31,62.61,0.3165,0.0287,-2.512,1.73,0.0,0.0,0,0.12,-0.0
3,945,18.9,release,0.02202,0.02106,-0.00643,0.02404,0.00269,-16.24,62.76,0.3164,0.0287,-2.532,1.73,0.0,0.0,0,0.12,-0.0
3,946,18.92,release,0.02177,0.02098,-0.00578,0.02366,0.00318,-16.26,62.84,0.3164,0.0287,-2.551,1.73,0.0,0.0,0,0.12,-0.0
3,947,18.94,release,0.02195,0.0215,-0.00442,0.0237,0.00367,-16.26,62.87,0.3164,0.0287,-2.562,1.73,0.0,0.0,0,0.12,-0.0
3,948,18.96,release,0.02297,0.02254,-0.00438,0.02437,0.00416,-16.31,62.76,0.3163,0.0287,-2.575,1.73,0.0,0.0,0,0.12,-0.0
3,949,18.98,release,0.0241,0.02311,-0.00682,0.02505,0.00465,-16.49,62.48,0.3163,0.0287,-2.603,1.73,0.0,0.0,0,0.12,-0.0
3,950,19.0,release,0.02561,0.02427,-0.00819,0.02622,0.00514,-16.49,62.28,0.3163,0.0287,-2.627,1.73,0.0,0.0,0,0.12,-0.0
3,951,19.02,release,0.02623,0.02553,-0.00602,0.02656,0.00563,-16.44,62.11,0.3163,0.0287,-2.624,1.73,0.0,0.0,0,0.12,-0.0
3,952,19.04,release,0.02761,0.0259,-0.00957,0.0276,0.00612,-16.56,61.82,0.3164,0.0286,-2.665,1.73,0.0,0.0,0,0.12,-0.0
3,953,19.06,release,0.02626,0.02565,-0.00564,0.0259,0.00661,-16.72,61.48,0.3164,0.0286,-2.649,1.73,0.0,0.0,0,0.12,-0.0
3,954,19.08,release,0.02595,0.02541,-0.00526,0.02523,0.0071,-16.88,61.16,0.3164,0.0286,-2.66,1.73,0.0,0.0,0,0.12,-0.0
3,955,19.1,release,0.02554,0.02463,-0.00675,0.02452,0.00759,-17.15,60.71,0.3164,0.0285,-2.681,1.73,0.0,0.0,0,0.12,-0.0
3,956,19.12,release,0.02306,0.02281,-0.00339,0.02156,0.00808,-17.48,59.72,0.3164,0.0284,-2.66,1.723,0.0,0.0,0,0.12,-0.0
3,957,19.14,release,0.02096,0.02044,-0.00464,0.01923,0.00857,-17.91,59.62,0.3164,0.0283,-2.681,1.721,0.0,0.0,0,0.12,-0.0
3,958,19.16,release,0.01784,0.01784,-6e-05,0.01535,0.00906,-18.32,57.94,0.3163,0.0282,-2.653,1.103,0.0,0.0,0,0.12,-0.0
3,959,19.18,release,0.01485,0.01483,0.0008,0.01185,0.00955,-18.88,57.37,0.3163,0.0281,-2.651,1.111,0.0,0.0,0,0.12,-0.0
3,960,19.2,release,0.01406,0.01318,0.00489,0.01011,0.01004,-19.15,56.71,0.3162,0.0279,-2.616,1.722,0.0,0.0,0,0.12,-0.0
3,961,19.22,release,0.01042,0.00963,0.00399,0.00639,0.01053,-19.95,56.82,0.3161,0.0277,-2.614,1.73,0.0,0.0,0,0.12,-0.0
3,962,19.24,release,0.01176,0.00738,0.00916,0.00875,0.01102,-20.65,55.48,0.3161,0.0276,-2.57,1.396,0.0,0.0,0,0.12,-0.0
3,963,19.26,release,0.01729,0.00896,0.01478,0.01532,0.01151,-21.13,55.74,0.316,0.0274,-2.532,1.728,0.0,0.0,0,0.12,-0.0
3,964,19.28,back,0.02212,0.01231,0.01838,0.02073,0.012,-21.57,56.15,0.3159,0.0272,-2.505,1.728,0.0,0.0,0,0.12,-0.0
3,965,19.3,back,0.02467,0.01548,0.01921,0.02481,0.012,-22.0,60.04,0.3158,0.027,-2.474,1.73,0.0,0.0,0,0.12,-0.0
3,966,19.32,back,0.02889,0.01901,0.02176,0.03011,0.012,-22.27,63.5,0.3157,0.0267,-2.431,1.73,0.0,0.0,0,0.12,-0.0
3,967,19.34,back,0.03339,0.02225,0.0249,0.03532,0.012,-22.21,66.28,0.3156,0.0265,-2.389,1.73,0.0,0.0,0,0.12,-0.0
3,968,19.36,back,0.03681,0.02498,0.02704,0.03936,0.012,-22.04,67.83,0.3156,0.0262,-2.351,1.73,0.0,0.0,0,0.12,-0.0
3,969,19.38,back,0.03933,0.0277,0.02792,0.04263,0.012,-22.09,67.66,0.3157,0.0259,-2.313,1.73,0.0,0.0,0,0.12,-0.0
3,970,19.4,back,0.04237,0.03009,0.02983,0.04628,0.012,-22.02,66.17,0.3158,0.0256,-2.264,1.73,0.0,0.0,0,0.12,-0.0
3,971,19.42,back,0.04526,0.03195,0.03206,0.04966,0.012,-21.8,63.6,0.316,0.0253,-2.213,1.73,0.0,0.0,0,0.12,-0.0
3,972,19.44,back,0.04754,0.03349,0.03374,0.05239,0.012,-21.56,60.18,0.3162,0.025,-2.164,1.73,0.0,0.0,0,0.12,-0.0
3,973,19.46,back,0.04833,0.03441,0.03393,0.05371,0.012,-21.36,56.16,0.3164,0.0247,-2.123,1.73,0.0,0.0,0,0.12,-0.0
3,974,19.48,back,0.04929,0.03508,0.03463,0.05517,0.012,-21.16,51.73,0.3167,0.0245,-2.079,1.73,0.0,0.0,0,0.12,-0.0
3,975,19.5,back,0.05004,0.0347,0.03606,0.05622,0.012,-20.64,47.14,0.3169,0.0242,-2.032,1.73,0.0,0.0,0,0.12,-0.0
3,976,19.52,back,0.04772,0.03359,0.03389,0.05437,0.012,-20.23,42.38,0.3172,0.024,-2.012,1.73,0.0,0.0,0,0.12,-0.0
3,977,19.54,back,0.04636,0.0313,0.0342,0.05332,0.012,-19.58,37.49,0.3174,0.0238,-1.977,1.73,0.0,0.0,0,0.12,-0.0
3,978,19.56,back,0.0422,0.02832,0.03128,0.04961,0.012,-18.99,32.74,0.3176,0.0236,-1.968,1.73,0.0,0.0,0,0.12,-0.0
3,979,19.58,back,0.03937,0.02567,0.02984,0.04715,0.012,-18.39,32.76,0.3178,0.0234,-1.944,1.73,0.0,0.0,0,0.12,-0.0
3,980,19.6,back,0.0353,0.02383,0.02605,0.04362,0.012,-18.22,35.0,0.318,0.0231,-1.937,1.182,0.0,0.0,0,0.12,-0.0
3,981,19.62,back,0.03402,0.02179,0.02613,0.04242,0.012,-17.8,39.14,0.3181,0.023,-1.899,1.72,0.0,0.0,0,0.12,-0.0
3,982,19.64,back,0.03034,0.02042,0.02243,0.03922,0.012,-17.5,39.84,0.3182,0.0228,-1.886,1.73,0.0,0.0,0,0.12,-0.0
3,983,19.66,back,0.02801,0.01916,0.02043,0.03734,0.012,-17.41,42.93,0.3183,0.0227,-1.862,1.238,0.0,0.0,0,0.12,-0.0
3,984,19.68,back,0.02588,0.01717,0.01937,0.03558,0.012,-17.03,43.18,0.3184,0.0226,-1.839,1.73,0.0,0.0,0,0.12,-0.0
3,985,19.7,back,0.02231,0.01527,0.01627,0.03265,0.012,-16.69,43.55,0.3185,0.0225,-1.834,1.73,0.0,0.0,0,0.12,-0.0
3,986,19.72,back,0.01911,0.01238,0.01455,0.02974,0.012,-16.12,44.47,0.3187,0.0225,-1.825,1.73,0.0,0.0,0,0.12,-0.0
3,987,19.74,back,0.01527,0.00903,0.01232,0.02565,0.012,-15.5,46.93,0.3188,0.0225,-1.821,1.346,0.0,0.0,0,0.12,-0.0
3,988,19.76,back,0.01305,0.00657,0.01128,0.02228,0.012,-14.74,50.82,0.3189,0.0226,-1.808,1.689,0.0,0.0,0,0.12,-0.0
3,989,19.78,back,0.00985,0.00573,0.00801,0.01904,0.012,-14.16,52.45,0.3191,0.0225,-1.807,1.73,0.0,0.0,0,0.12,-0.0
3,990,19.8,back,0.01228,0.00579,0.01083,0.02093,0.012,-13.66,53.06,0.3193,0.0226,-1.768,1.729,0.0,0.0,0,0.12,-0.0
3,991,19.82,back,0.01118,0.00582,0.00954,0.02136,0.012,-13.55,53.42,0.3195,0.0226,-1.767,1.73,0.0,0.0,0,0.12,-0.0
3,992,19.84,back,0.01458,0.00661,0.01299,0.02373,0.012,-12.93,55.11,0.3197,0.0227,-1.731,1.729,0.0,0.0,0,0.12,-0.0
3,993,19.86,back,0.0134,0.00664,0.01165,0.02302,0.012,-12.47,55.81,0.3199,0.0228,-1.73,1.73,0.0,0.0,0,0.12,-0.0
3,994,19.88,back,0.01325,0.00444,0.01249,0.02102,0.012,-11.56,59.38,0.3201,0.0229,-1.718,1.425,0.0,0.0,0,0.12,-0.0
3,995,19.9,back,0.01361,0.00431,0.01291,0.01895,0.012,-10.55,62.73,0.3202,0.023,-1.704,1.463,0.0,0.0,0,0.12,-0.0
3,996,19.92,back,0.01018,0.00298,0.00973,0.0165,0.012,-10.16,65.8,0.3204,0.0231,-1.709,1.463,0.0,0.0,0,0.12,-0.0
3,997,19.94,back,0.01466,0.00443,0.01397,0.0198,0.012,-9.72,69.43,0.3205,0.0232,-1.656,1.393,0.0,0.0,0,0.12,-0.0
3,998,19.96,back,0.01075,0.00276,0.01039,0.01661,0.012,-9.35,70.4,0.3207,0.0233,-1.674,1.73,0.0,0.0,0,0.12,-0.0
3,999,19.98,back,0.00962,0.00267,0.00924,0.01701,0.012,-8.93,70.78,0.3208,0.0234,-1.668,1.73,0.0,0.0,0,0.12,-0.0
3,1000,20.0,back,0.01384,0.00286,0.01355,0.01987,0.012,-8.26,71.34,0.3209,0.0236,-1.627,1.73,0.0,0.0,0,0.12,-0.0
3,1001,20.02,back,0.01205,0.00141,0.01197,0.01711,0.012,-7.33,71.82,0.3211,0.0238,-1.643,1.73,0.0,0.0,0,0.12,-0.0
3,1002,20.04,back,0.01462,0.00257,0.01439,0.01859,0.012,-6.62,73.95,0.3212,0.024,-1.612,1.73,0.0,0.0,0,0.12,-0.0
3,1003,20.06,back,0.01248,0.00681,0.01046,0.01269,0.012,-5.53,76.01,0.3212,0.0242,-1.649,1.559,0.0,0.0,0,0.12,-0.0
3,1004,20.08,back,0.01095,0.00455,0.00996,0.01278,0.012,-5.2,78.68,0.3213,0.0243,-1.637,1.725,0.0,0.0,0,0.12,-0.0
3,1005,20.1,back,0.01148,0.00905,0.00706,0.01026,0.012,-4.54,81.88,0.3214,0.0246,-1.675,1.48,0.0,0.0,0,0.12,-0.0
3,1006,20.12,back,0.01346,0.00587,0.01211,0.01328,0.012,-4.08,84.52,0.3215,0.0248,-1.622,1.73,0.0,0.0,0,0.12,-0.0
3,1007,20.14,back,0.01173,0.00663,0.00967,0.01082,0.012,-3.49,85.82,0.3216,0.025,-1.64,1.73,0.0,0.0,0,0.12,-0.0
3,1008,20.16,back,0.01283,0.01036,0.00757,0.00891,0.012,-2.67,87.04,0.3216,0.0253,-1.662,1.729,0.0,0.0,0,0.12,-0.0
3,1009,20.18,back,0.01305,0.00828,0.0101,0.01085,0.012,-2.34,87.39,0.3218,0.0256,-1.633,1.729,0.0,0.0,0,0.12,-0.0
3,1010,20.2,back,0.01217,0.00915,0.00803,0.01002,0.012,-2.02,87.96,0.3219,0.0259,-1.657,1.73,0.0,0.0,0,0.12,-0.0
3,1011,20.22,back,0.01437,0.00743,0.0123,0.01256,0.012,-1.49,88.42,0.3221,0.0262,-1.615,1.729,0.0,0.0,0,0.12,-0.0
3,1012,20.24,back,0.0124,0.00818,0.00932,0.0101,0.012,-1.93,85.24,0.3222,0.0265,-1.651,1.616,0.0,0.0,0,0.12,-0.0
3,1013,20.26,back,0.0134,0.0113,0.00721,0.00943,0.012,-1.48,83.44,0.3222,0.0269,-1.667,1.103,0.0,0.0,0,0.12,-0.0
3,1014,20.28,back,0.01229,0.00877,0.0086,0.00914,0.012,-1.93,81.57,0.3223,0.0272,-1.628,1.73,0.0,0.0,0,0.12,-0.0
3,1015,20.3,back,0.00767,0.00351,0.00683,0.00969,0.012,-2.95,81.15,0.3224,0.0274,-1.616,1.73,0.0,0.0,0,0.12,-0.0
3,1016,20.32,back,0.00817,0.00394,0.00715,0.00945,0.012,-2.65,81.67,0.3224,0.0276,-1.6,1.73,0.0,0.0,0,0.12,-0.0
3,1017,20.34,back,0.00677,0.005,0.00456,0.00844,0.012,-2.66,81.88,0.3224,0.0279,-1.608,1.73,0.0,0.0,0,0.12,-0.0
3,1018,20.36,back,0.00706,0.00608,0.00358,0.00838,0.012,-2.27,83.66,0.3224,0.0282,-1.601,1.73,0.0,0.0,0,0.12,-0.0
3,1019,20.38,back,0.00762,0.00702,0.00297,0.00932,0.012,-1.8,85.76,0.3225,0.0284,-1.603,1.73,0.0,0.0,0,0.12,-0.0
3,1020,20.4,back,0.00831,0.00767,0.00319,0.00972,0.012,-1.22,86.99,0.3225,0.0287,-1.61,1.73,0.0,0.0,0,0.12,-0.0
3,1021,20.42,back,0.00858,0.0082,0.00252,0.01012,0.012,-0.94,87.34,0.3226,0.0289,-1.624,1.73,0.0,0.0,0,0.12,-0.0
3,1022,20.44,back,0.00888,0.00876,0.00145,0.01129,0.012,-0.88,87.31,0.3226,0.0292,-1.643,1.73,0.0,0.0,0,0.12,-0.0
3,1023,20.46,back,0.00816,0.00795,0.00183,0.01201,0.012,-0.71,87.39,0.3227,0.0294,-1.648,1.73,0.0,0.0,0,0.12,-0.0
3,1024,20.48,back,0.00829,0.00768,0.00313,0.01163,0.012,-0.1,87.41,0.3227,0.0297,-1.656,1.73,0.0,0.0,0,0.12,-0.0
3,1025,20.5,back,0.00816,0.00721,0.00381,0.0109,0.012,0.44,87.24,0.3228,0.03,-1.668,1.73,0.0,0.0,0,0.12,-0.0
3,1026,20.52,back,0.00896,0.00793,0.00418,0.01053,0.012,1.03,86.73,0.3228,0.0303,-1.691,1.73,0.0,0.0,0,0.12,-0.0
3,1027,20.54,back,0.00948,0.00797,0.00514,0.01054,0.012,1.57,85.94,0.3229,0.0306,-1.711,1.73,0.0,0.0,0,0.12,-0.0
3,1028,20.56,back,0.00874,0.00632,0.00604,0.01062,0.012,1.79,85.63,0.323,0.0308,-1.724,1.73,0.0,0.0,0,0.12,-0.0
3,1029,20.58,back,0.00943,0.0063,0.00701,0.01019,0.012,2.37,84.18,0.3231,0.0311,-1.742,1.73,0.0,0.0,0,0.12,-0.0
3,1030,20.6,back,0.00989,0.00814,0.00563,0.00954,0.012,2.36,80.28,0.3232,0.0314,-1.792,1.43,0.0,0.0,0,0.12,-0.0
3,1031,20.62,back,0.00692,0.00465,0.00512,0.00911,0.012,1.92,79.35,0.3233,0.0316,-1.796,1.73,0.0,0.0,0,0.12,-0.0
3,1032,20.64,back,0.00585,0.0043,0.00397,0.01056,0.012,1.51,79.19,0.3234,0.0318,-1.824,1.73,0.0,0.0,0,0.12,-0.0
3,1033,20.66,back,0.00797,0.00593,0.00532,0.01021,0.012,2.72,80.74,0.3235,0.0322,-1.831,1.73,0.0,0.0,0,0.12,-0.0
3,1034,20.68,back,0.00927,0.00763,0.00526,0.00985,0.012,3.6,81.51,0.3236,0.0326,-1.85,1.73,0.0,0.0,0,0.12,-0.0
3,1035,20.7,back,0.00939,0.0084,0.00418,0.00991,0.012,3.86,81.63,0.3238,0.0329,-1.877,1.73,0.0,0.0,0,0.12,-0.0
3,1036,20.72,back,0.00993,0.0096,0.00255,0.0116,0.012,4.0,81.53,0.3239,0.0332,-1.914,1.73,0.0,0.0,0,0.12,-0.0
3,1037,20.74,back,0.01055,0.00873,0.00592,0.01119,0.012,5.08,81.36,0.3241,0.0337,-1.898,1.73,0.0,0.0,0,0.12,-0.0
3,1038,20.76,back,0.0112,0.0104,0.00416,0.01284,0.012,5.13,81.02,0.3243,0.0341,-1.94,1.73,0.0,0.0,0,0.12,-0.0
3,1039,20.78,done,0.0116,0.00977,0.00625,0.0116,0.012,6.18,80.47,0.3244,0.0345,-1.926,1.73,0.0,0.0,0,0.12,-0.0
3,1040,20.8,done,0.01256,0.01081,0.00639,0.0129,0.012,5.89,80.13,0.3246,0.035,-1.953,1.73,0.0,0.0,0,0.12,-0.0
3,1041,20.82,done,0.0133,0.01062,0.00801,0.01406,0.012,5.76,80.02,0.3247,0.0354,-1.969,1.73,0.0,0.0,0,0.12,-0.0
