step,time_s,tip_err_l1_m,tip_err_x_m,tip_err_y_m,tip_err_z_m,base_z_m,force_cmd_n,force_est_n,base_vx_mps,base_vy_mps,base_wz_radps,base_roll_rad,base_pitch_rad,goal_radius_m,goal_pitch_rad,goal_yaw_rad,tip_x_m,tip_y_m,tip_z_m,action_absmax,torque_absmax_nm
0,0,0.0462073,0.00118437,0.0137851,0.0312378,0.316617,0,0.267813,0.000787891,-0.000101305,2.48907e-05,-5.16175e-05,0.00024631,0.5,0.628319,0,0.4057,-0.0137868,0.81513,0,0.0825316
1,0.02,0.100531,0.0245774,0.0166564,0.0592976,0.249025,0,2.12268,-0.198393,-0.00179907,0.12895,-0.00844961,0.0595911,0.5,0.623799,0,0.423424,-0.0155583,0.722764,0,12.9484
2,0.04,0.326315,0.114113,0.0153165,0.196886,0.20952,0,0.386598,-0.23504,0.00144989,0.0427785,-0.0115272,0.260944,0.5,0.61928,0,0.488856,-0.0111604,0.583338,0,22.5135
3,0.06,0.369106,0.112945,0.026797,0.229363,0.183231,0,0.949687,-0.217217,-0.0695036,-0.290394,0.0239447,0.258688,0.5,0.61476,0,0.465234,-0.0290812,0.549018,0,24.9785
4,0.08,0.338943,0.0987264,0.0383715,0.201845,0.196487,0,1.001,-0.219636,-0.123316,0.269369,0.0512834,0.225711,0.5,0.610241,0,0.43467,-0.0510548,0.574687,0,23.3682
5,0.1,0.179954,0.0533427,0.0281185,0.0984927,0.245953,0,0.682817,-0.0247253,-0.0738558,0.132465,0.0338131,0.105816,0.5,0.605721,0,0.387885,-0.0458257,0.676185,0,14.4316
6,0.12,0.0869485,0.030193,0.0212915,0.035464,0.301686,0,0.336917,0.156403,-0.0027106,-0.298517,0.018752,-0.0607036,0.5,0.601202,0,0.312432,-0.0495434,0.808281,0,3.98204
7,0.14,0.171438,0.0645123,0.0211399,0.085786,0.324333,0,0.176437,0.12724,0.00737392,-0.451428,0.021119,-0.11749,0.5,0.596682,0,0.288609,-0.064864,0.856737,0,4.45505
8,0.16,0.0952145,0.0351396,0.0149473,0.0451276,0.300271,0,0.162518,0.0422459,-0.0191235,-0.0455107,0.00128166,-0.0512789,0.5,0.592163,0,0.32693,-0.0723371,0.814206,0,11.652
9,0.18,0.110404,0.0379153,0.00504604,0.0674422,0.248638,0,0.513065,0.00539453,0.0758399,0.467767,-0.0312971,0.0956737,0.5,0.587644,0,0.403304,-0.0532338,0.699758,0,13.2544
10,0.2,0.307603,0.0934188,0.0296162,0.184568,0.201841,0,0.697788,-0.0683606,-0.0684929,-0.345123,0.0161081,0.232451,0.5,0.583124,0,0.449633,-0.0772798,0.580749,0,21.4141
11,0.22,0.349181,0.0932468,0.0377654,0.218169,0.179824,0,1.17544,-0.146861,-0.11252,0.0684448,0.0390895,0.233375,0.5,0.578605,0,0.436868,-0.0925669,0.545259,0,24.1246
12,0.24,0.264517,0.068245,0.0311962,0.165076,0.205027,0,1.32464,-0.146947,-0.070986,0.170582,0.0364786,0.171557,0.5,0.574085,0,0.403651,-0.0895263,0.596457,0,20.4432
13,0.26,0.0758422,0.00822011,0.026725,0.0408971,0.26591,0,0.894675,0.0876953,-0.0149812,-0.0639069,0.0370641,0.0285722,0.5,0.569566,0,0.346529,-0.0944922,0.718736,0,8.81438
14,0.28,0.154105,0.0652207,0.0143319,0.0745525,0.316701,0,0.864619,0.213526,-0.0194594,-0.301819,0.0263752,-0.112785,0.5,0.565046,0,0.284185,-0.0961948,0.83228,0,3.59048
15,0.3,0.197279,0.0891915,0.00131785,0.10677,0.326744,0,0.980333,0.110886,-0.0560901,-0.353413,0.0118288,-0.149749,0.5,0.560527,0,0.271665,-0.0980329,0.862586,0,5.48042
16,0.32,0.0683802,0.0313171,0.000996217,0.0360668,0.291399,0,0.697832,0.0365356,-0.0899889,-0.126074,0.00529458,-0.0313384,0.5,0.556008,0,0.337025,-0.112482,0.789967,0,12.4922
17,0.34,0.140228,0.0417531,0.00682767,0.0916475,0.233847,0,0.626007,-0.00911404,-0.0698152,0.126781,0.00972082,0.125394,0.5,0.551488,0,0.409983,-0.124958,0.66033,0,16.1458
18,0.36,0.352702,0.0964234,0.0312349,0.225044,0.182942,0,0.617982,0.10744,-0.0814939,0.297327,0.0497663,0.270269,0.5,0.546969,0,0.451789,-0.15249,0.525007,0,25.6095
19,0.38,0.301247,0.0743941,0.0195963,0.207257,0.173941,0,1.06312,-0.22006,0.0171083,0.313966,0.0221817,0.214826,0.5,0.542449,0,0.41794,-0.135694,0.540861,0,24.6508
20,0.4,0.233679,0.0641878,0.000567541,0.168924,0.209527,0,1.08782,-0.0767026,0.10421,-0.138106,-0.00565126,0.188047,0.5,0.53793,0,0.403752,-0.107426,0.577256,0,19.355
21,0.42,0.058372,0.00776857,0.0279487,0.0226547,0.270111,0,1.11631,0.195299,0.133753,-0.0668744,-0.0337327,0.00292744,0.5,0.53341,0,0.344868,-0.0709587,0.721582,0,7.35157
22,0.44,0.176485,0.0718416,0.0208417,0.0838021,0.314402,0,4.56978,0.214763,0.159505,0.422491,-0.0132593,-0.11157,0.5,0.528891,0,0.300248,-0.0586941,0.82609,0,5.27778
23,0.46,0.148268,0.0567467,0.00384023,0.0876806,0.319028,0,5.13375,0.129466,0.151111,0.624571,0.0284092,-0.0660987,0.5,0.524372,0,0.33306,-0.0464834,0.828015,0,7.91696
24,0.48,0.0533492,0.00125128,0.0362912,0.0158067,0.277709,0,6.26232,0.148309,-0.0174796,0.0821834,0.0879811,0.0489925,0.5,0.519852,0,0.403378,-0.0609021,0.754183,0,9.01111
25,0.5,0.176611,0.0571516,0.025656,0.0938032,0.225582,0,6.42372,0.047043,-0.0625755,-0.230892,0.0387324,0.174653,0.5,0.515333,0,0.465674,-0.0544539,0.642609,0,18.6492
26,0.52,0.321937,0.100442,0.0150003,0.206495,0.190691,0,8.06034,-0.138654,0.153235,-0.126417,-0.000997754,0.290693,0.5,0.510813,0,0.497831,-0.0362922,0.527949,0,24.0949
27,0.54,0.275782,0.0737775,0.0142957,0.187709,0.189234,0,9.56032,-0.236631,0.101073,-0.0726454,-0.0187396,0.22754,0.5,0.506294,0,0.459854,-0.0332717,0.54476,0,22.6578
28,0.56,0.19244,0.0547028,0.0123913,0.125346,0.223473,0,9.98112,-0.181363,0.0941128,0.554759,-0.0739521,0.16953,0.5,0.501774,0,0.431328,0.0141564,0.605145,0,18.9635
29,0.58,0.0635432,0.0195015,0.0303431,0.0136986,0.272128,0,10.8489,0.00244316,0.106227,0.428343,-0.0825182,0.00610075,0.5,0.497255,0,0.355388,0.0681013,0.714809,0,10.3985
30,0.6,0.163895,0.0629808,0.0188317,0.0820824,0.30409,0,11.9165,0.00435421,0.122006,0.581297,-0.0114457,-0.0696679,0.5,0.492736,0,0.311419,0.0846545,0.808601,0,9.21732
31,0.62,0.157348,0.0458668,0.0238953,0.0875862,0.293157,0,12.1345,-0.0717264,0.0839183,0.283091,0.0324805,-0.030857,0.5,0.488216,0,0.325347,0.0689379,0.812112,0,9.26491
32,0.64,0.0392684,0.00266245,0.0216899,0.014916,0.249696,0,13.5791,-0.12309,0.0364952,0.0959123,-0.00952715,0.0596065,0.5,0.483697,0,0.361465,0.0773079,0.737443,0,11.7751
33,0.66,0.107202,0.026663,0.000148669,0.0803904,0.217264,0,17.7403,-0.185633,0.153559,0.0519103,-0.0580719,0.138058,0.5,0.479177,0,0.374895,0.109531,0.640134,0,18.3939
34,0.68,0.143147,0.0164154,0.015502,0.111229,0.212353,0,21.3495,-0.181835,0.00450601,-0.284103,-0.0310248,0.122402,0.5,0.474658,0,0.350337,0.0878441,0.607288,0,18.2413
35,0.7,0.08871,0.040346,0.00391874,0.0444453,0.242422,0,23.7796,-0.159133,-0.0636578,0.232027,-0.0649101,-0.00271652,0.5,0.470138,0,0.280623,0.102022,0.67206,0,11.3472
36,0.72,0.0938523,0.0758738,0.0025745,0.015404,0.287705,0,22.8939,-0.0508681,-0.0536293,0.0962222,-0.0571837,-0.0710732,0.5,0.465619,0,0.234712,0.105759,0.729892,0,6.33445
37,0.74,0.162592,0.096071,0.0266911,0.03983,0.305591,0,20.2227,0.00199092,-0.0927632,0.107166,0.0115134,-0.118113,0.5,0.461099,0,0.21274,0.0792468,0.752296,0,4.84682
38,0.76,0.105496,0.0892407,0.0108016,0.00545406,0.285034,0,20.3499,-0.0743586,-0.0720066,0.0730867,-0.0167289,-0.0897225,0.5,0.45658,0,0.220388,0.0888366,0.715895,0,5.66276
39,0.78,0.137522,0.0409696,0.0166596,0.0798925,0.24546,0,21.9356,-0.0831977,0.135049,-0.130384,-0.0307931,0.0238975,0.5,0.452061,0,0.263632,0.120944,0.628518,0,11.4713
40,0.8,0.156116,0.0152926,0.0149432,0.125881,0.219224,0,27.5001,-0.150785,-0.0388536,-0.610318,0.0339901,0.0653943,0.5,0.447541,0,0.281609,0.0733098,0.580495,0,16.109
41,0.82,0.139103,0.0313713,0.00918763,0.0985436,0.22155,0,32.8475,-0.189565,0.024711,0.647599,-0.0357016,0.0237922,0.5,0.443022,0,0.251649,0.100004,0.605792,0,13.9405
42,0.84,0.0727733,0.0656648,1.37761e-05,0.00709474,0.253086,0,35.2837,-0.102643,0.170009,0.16007,-0.0542519,-0.0631309,0.5,0.438502,0,0.200701,0.120766,0.695197,0,9.76877
43,0.86,0.199211,0.0840834,0.0653211,0.0498067,0.276455,0,32.8547,-0.00781525,0.0414589,-0.382815,0.0787482,-0.117355,0.5,0.433983,0,0.177637,0.0564886,0.750051,0,8.41632
44,0.88,0.203227,0.0954742,0.0576888,0.0500641,0.266811,0,30.6163,-0.0463044,-0.190551,-0.157474,0.0356578,-0.125641,0.5,0.429463,0,0.169116,0.0437081,0.748256,0,9.72247
45,0.9,0.0773052,0.0681967,0.00835662,0.000751913,0.236529,0,31.6724,-0.108181,0.181053,0.871904,-0.0906308,-0.0574521,0.5,0.424944,0,0.190563,0.108759,0.695383,0,10.9007
46,0.92,0.14083,0.0409672,0.038457,0.0614059,0.211197,0,35.9506,-0.128961,0.106486,-0.41278,-0.0174171,-0.0103619,0.5,0.420425,0,0.207372,0.0961857,0.632668,0,14.4254
47,0.94,0.0937596,0.0595012,0.0110588,0.0231996,0.208474,0,39.7477,-0.199818,-0.0871753,-0.202106,-0.0025305,-0.0654646,0.5,0.415905,0,0.179176,0.0998285,0.668809,0,14.0212
48,0.96,0.150013,0.0908435,0.00489326,0.0542767,0.225259,0,41.8062,-0.197062,-0.0548184,-0.0876317,-0.0115897,-0.127193,0.5,0.411386,0,0.12944,0.110954,0.744217,0,12.2635
49,0.98,0.221742,0.0921565,0.0425486,0.0870371,0.244026,0,40.8477,-0.0377372,-0.161756,-0.339715,0.0559315,-0.137564,0.5,0.406866,0,0.118773,0.044055,0.774904,0,9.20787
50,1,0.286903,0.11699,0.0451201,0.124793,0.247203,0,40.3163,0.0723001,-0.130819,-0.233551,0.0405591,-0.172868,0.5,0.402347,0,0.099402,0.0184757,0.810582,0,10.3631
51,1.02,0.259772,0.108824,0.046339,0.104608,0.237016,0,39.328,0.0854144,-0.0583256,-0.275276,0.0748944,-0.129864,0.5,0.397827,0,0.117473,0.00703986,0.788316,0,11.5004
52,1.04,0.181569,0.0771131,0.0388265,0.0656291,0.226755,0,38.4702,0.141256,-0.0391873,0.0446903,0.0796859,-0.062492,0.5,0.393308,0,0.161,0.0062726,0.747252,0,12.5373
53,1.06,0.162437,0.0900977,0.00859855,0.0637406,0.227198,0,39.6452,0.0880435,0.232797,0.728902,-0.0200891,-0.0824609,0.5,0.388788,0,0.156234,0.0647803,0.743274,0,11.879
54,1.08,0.204806,0.0992174,0.0222017,0.0833873,0.243252,0,40.3437,0.00867995,0.26117,-0.0999494,-0.00919416,-0.101707,0.5,0.384269,0,0.145468,0.0859699,0.760828,0,9.41012
55,1.1,0.250947,0.101363,0.0399087,0.109676,0.257274,0,38.5831,0.0318372,-0.0149415,-0.344138,0.0338583,-0.112422,0.5,0.37975,0,0.144388,0.0640896,0.78502,0,9.28859
56,1.12,0.241033,0.107634,0.0154911,0.117908,0.253393,0,36.5501,0.0194289,-0.0581554,0.588988,-0.0274395,-0.114689,0.5,0.37523,0,0.142052,0.0887703,0.791151,0,8.98008
57,1.14,0.215418,0.0865424,0.03277,0.0961054,0.239359,0,33.5733,-0.00526043,-0.0733499,-0.264648,0.0247811,-0.073971,0.5,0.370711,0,0.165433,0.0794133,0.767244,0,8.77472
58,1.16,0.200784,0.0816043,0.0345311,0.0846484,0.230789,0,33.6859,-0.0143937,-0.148852,-0.241848,0.0385709,-0.0588998,0.5,0.366191,0,0.174101,0.0518196,0.753679,0,10.807
59,1.18,0.213123,0.103249,0.00704516,0.102829,0.236556,0,30.879,-0.0511164,0.0765005,0.132917,-0.002116,-0.08963,0.5,0.361672,0,0.14945,0.0821786,0.769748,0,10.3912
60,1.2,0.26142,0.120393,0.0220456,0.118982,0.251039,0,29.4127,-0.0448302,0.039681,-0.24824,0.0340609,-0.118929,0.5,0.357152,0,0.126928,0.0666747,0.783786,0,8.60592
61,1.22,0.261204,0.129813,0.00550625,0.125885,0.254739,0,27.7441,-0.0453985,0.0946164,0.390952,-0.0280855,-0.135514,0.5,0.352633,0,0.113515,0.0899342,0.78857,0,8.33099
62,1.24,0.254194,0.121336,0.0209424,0.111915,0.239568,0,23.3493,-0.0963075,0.0497291,-0.181524,0.00956393,-0.126706,0.5,0.348114,0,0.117813,0.0886027,0.772478,0,10.1728
63,1.26,0.231457,0.109624,0.0338776,0.0879553,0.220066,0,20.7187,-0.162647,-0.11939,0.197093,-0.000736808,-0.10851,0.5,0.343594,0,0.123563,0.0602284,0.746392,0,11.8921
64,1.28,0.233741,0.116038,0.0253749,0.0923278,0.212414,0,19.6477,-0.183124,0.0541024,0.00639604,-0.0183306,-0.121378,0.5,0.339075,0,0.103025,0.0822753,0.748635,0,11.9889
65,1.3,0.336411,0.145326,0.0591217,0.131964,0.21836,0,17.7997,-0.148591,-0.165971,-0.587702,0.0633575,-0.173662,0.5,0.334555,0,0.0622482,0.022557,0.786138,0,12.1118
66,1.32,0.3567,0.177548,0.0194235,0.159728,0.228139,0,14.8699,-0.0802372,-0.108283,-0.169267,0.0226008,-0.209302,0.5,0.330036,0,0.0215577,0.0362991,0.811767,0,11.8802
67,1.34,0.334317,0.18137,0.000588514,0.152359,0.231622,0,11.611,-0.0180112,0.0514391,0.143137,-0.00765813,-0.210231,0.5,0.325516,0,0.0136144,0.0569091,0.802258,0,11.4215
68,1.36,0.346668,0.185952,0.0201243,0.140592,0.221138,0,8.57477,-0.037912,0.0330191,-0.103985,0.0177133,-0.22644,0.5,0.320997,0,0.0100463,0.0417534,0.788348,0,12.7607
69,1.38,0.355956,0.1925,0.0311453,0.132311,0.203115,0,6.84328,-0.191573,-0.0614498,-0.120725,0.0350094,-0.243331,0.5,0.316478,0,-0.000682645,0.021748,0.777921,0,14.2337
70,1.4,0.352651,0.191457,0.0348298,0.126364,0.192303,0,6.70017,-0.215681,0.014323,-0.0134546,0.0281816,-0.241741,0.5,0.311958,0,-0.0156632,0.0158292,0.769826,0,14.5223
71,1.42,0.370976,0.186679,0.0486198,0.135677,0.20189,0,6.21738,-0.0254116,-0.0304227,-0.0372144,0.0503042,-0.232795,0.5,0.307439,0,-0.0211486,-0.00365323,0.776987,0,12.3798
72,1.44,0.44749,0.233278,0.0347008,0.179512,0.214733,0,5.77318,0.106544,0.0285258,0.292662,0.0119923,-0.301799,0.5,0.302919,0,-0.0653967,0.0152363,0.818666,0,13.2391
73,1.46,0.470114,0.245658,0.0217452,0.202711,0.219382,0,5.60467,0.0109711,0.0854814,0.0659184,0.00299781,-0.306382,0.5,0.2984,0,-0.0744813,0.0435905,0.839706,0,13.2082
74,1.48,0.403138,0.201779,0.0174877,0.183871,0.214343,0,5.60258,0.0210362,-0.0531729,-0.444825,0.041138,-0.233575,0.5,0.29388,0,-0.0281041,0.0417271,0.818705,0,11.6619
75,1.5,0.372282,0.205279,0.00437164,0.162631,0.206379,0,6.94394,0.0555697,-0.113159,-0.0818861,0.0509324,-0.244472,0.5,0.289361,0,-0.0246323,0.0455056,0.795301,0,13.207
76,1.52,0.389909,0.225283,0.0116556,0.15297,0.209101,0,8.89716,-0.00183606,-0.0416627,-0.165234,0.0813492,-0.273352,0.5,0.284841,0,-0.042737,0.0433378,0.783473,0,14.2417
77,1.54,0.370471,0.208412,0.0130336,0.149026,0.223917,0,10.5067,0.000727197,-0.00430303,0.195698,0.0458213,-0.248957,0.5,0.280322,0,-0.0304106,0.0428714,0.777358,0,12.2823
78,1.56,0.396714,0.22134,0.00599687,0.169377,0.23284,0,12.6547,0.0537821,0.159809,0.451461,-0.0253409,-0.278179,0.5,0.275803,0,-0.0431403,0.0555503,0.795537,0,11.7966
79,1.58,0.456473,0.24507,0.0193758,0.192027,0.223514,0,14.1686,-0.0925433,0.165156,0.161302,0.00716685,-0.314871,0.5,0.271283,0,-0.0663499,0.0563742,0.816011,0,12.6959
80,1.6,0.412105,0.221625,0.0197267,0.170753,0.204373,0,16.4057,-0.197163,-0.0566586,-0.00294177,0.0204453,-0.269836,0.5,0.266764,0,-0.0497628,0.0550723,0.792558,0,13.3535
81,1.62,0.373219,0.194504,0.036334,0.142381,0.200245,0,17.9192,-0.0280301,0.0720244,0.319882,-0.074604,-0.221485,0.5,0.262244,0,-0.030551,0.123695,0.762006,0,12.1738
82,1.64,0.387457,0.217989,0.0156188,0.153849,0.21112,0,19.4893,0.11739,-0.029871,-0.500021,-0.00137288,-0.275541,0.5,0.257725,0,-0.0510987,0.103262,0.771289,0,12.5962
83,1.66,0.442049,0.256333,0.0170121,0.168704,0.218066,0,20.653,0.00937642,-0.0934977,-0.333612,-0.0132549,-0.340641,0.5,0.253205,0,-0.0831235,0.0819857,0.783958,0,13.8329
84,1.68,0.397285,0.223467,0.0301252,0.143693,0.213826,0,21.6077,-0.0931635,0.0599061,0.203081,-0.0543893,-0.278354,0.5,0.248686,0,-0.0535947,0.0944729,0.756759,0,12.5231
85,1.7,0.352,0.204802,0.0180146,0.129183,0.205706,0,23.0454,-0.00623702,-0.0992563,-0.109995,0.00192944,-0.257505,0.5,0.244167,0,-0.0362077,0.043519,0.740057,0,12.085
86,1.72,0.401354,0.227496,0.0140141,0.159844,0.20563,0,24.5784,0.0313298,0.033911,0.137359,-0.0468075,-0.29335,0.5,0.239647,0,-0.0556759,0.0439096,0.768524,0,12.9934
87,1.74,0.452365,0.235043,0.0314631,0.185859,0.209189,0,26.5902,-0.0558419,-0.0415682,-0.198508,0.022573,-0.304053,0.5,0.235128,0,-0.0651416,0.0268718,0.792343,0,12.8179
88,1.76,0.419276,0.219794,0.0166644,0.182818,0.2104,0,28.64,-0.0245297,-0.0999974,0.0227535,0.0222915,-0.274448,0.5,0.230608,0,-0.052415,0.0252466,0.787102,0,11.4908
89,1.78,0.404432,0.226589,0.0063295,0.171513,0.208556,0,31.1344,0.0526934,0.0842086,0.0851759,0.00901824,-0.286152,0.5,0.226089,0,-0.0569484,0.0568939,0.773597,0,12.6502
90,1.8,0.387452,0.228728,0.00178331,0.156941,0.207191,0,33.6905,0.0190184,0.0122099,-0.00261575,0.0141128,-0.292518,0.5,0.221569,0,-0.0551562,0.0549247,0.756821,0,12.9558
91,1.82,0.38335,0.229872,0.00670626,0.146771,0.207036,0,36.2033,-0.0114605,0.0686169,0.107752,-0.0320766,-0.291625,0.5,0.21705,0,-0.057208,0.0717338,0.744446,0,12.9259
92,1.84,0.390062,0.222122,0.0189772,0.148962,0.211091,0,38.5744,-0.00484114,0.0147292,-0.00178175,-0.0282228,-0.282394,0.5,0.212531,0,-0.051766,0.05033,0.744429,0,12.1052
93,1.86,0.435141,0.232635,0.0249546,0.177551,0.212689,0,39.663,0.00575008,0.00821407,0.00911366,-0.0416861,-0.299609,0.5,0.208011,0,-0.0621846,0.0459011,0.770808,0,12.4568
94,1.88,0.463393,0.236041,0.0354833,0.191869,0.208904,0,41.5839,-0.034698,-0.117551,-0.369085,0.0265306,-0.305109,0.5,0.203492,0,-0.0642429,0.0223704,0.782914,0,12.6399
95,1.9,0.406425,0.216318,0.0101967,0.179911,0.20725,0,43.6828,0.00726893,-0.0737749,0.0261982,0.0183602,-0.26966,0.5,0.198972,0,-0.0422229,0.0296425,0.768742,0,11.9326
96,1.92,0.3885,0.222124,0.000162356,0.166214,0.206732,0,45.9757,0.0362408,0.0407386,0.136654,0.0163963,-0.283052,0.5,0.194453,0,-0.0455044,0.0457327,0.752828,0,12.6995
97,1.94,0.398533,0.230795,0.00663215,0.161106,0.208951,0,47.5198,-0.024711,0.0535722,0.0481539,0.00459637,-0.299942,0.5,0.189933,0,-0.054434,0.0492431,0.745503,0,12.8509
98,1.96,0.409148,0.23411,0.017338,0.157699,0.209419,0,48.907,-0.0546687,0.0341334,0.0887205,-0.0104308,-0.30262,0.5,0.185414,0,-0.0624146,0.0440239,0.739876,0,12.3886
99,1.98,0.433202,0.227811,0.0314092,0.173981,0.210268,0,50.8851,-0.00314438,0.00789123,0.0653121,-0.0299789,-0.289518,0.5,0.180895,0,-0.0588771,0.0352185,0.753936,0,11.8663
100,2,0.466087,0.233891,0.0388012,0.193394,0.208099,0,52.5875,0.057612,-0.0390624,-0.27689,0.0192853,-0.299632,0.5,0.176375,0,-0.0618223,0.01974,0.771125,0,12.297
101,2.02,0.435133,0.225827,0.0178468,0.19146,0.20757,0,54.2102,0.0336097,-0.0692407,-0.0915037,0.0237778,-0.286444,0.5,0.171856,0,-0.0484139,0.0287639,0.766965,0,12.3294
102,2.04,0.399041,0.224564,0.000480074,0.173997,0.207135,0,56.4879,0.00148155,0.0120947,0.047408,0.0134284,-0.286053,0.5,0.167336,0,-0.044717,0.0453776,0.747275,0,12.7176
103,2.06,0.398635,0.229201,0.00599973,0.163434,0.207628,0,58.7575,-0.044159,0.0621329,0.054336,0.00633481,-0.294738,0.5,0.162817,0,-0.0514653,0.0470246,0.734484,0,12.6634
104,2.08,0.417324,0.233699,0.0219028,0.161723,0.208767,0,60.2261,-0.0275223,0.0275166,0.170571,-0.0113773,-0.297798,0.5,0.158297,0,-0.0608974,0.0388281,0.730541,0,12.3106
105,2.1,0.446398,0.230491,0.0326787,0.183229,0.211363,0,61.3716,0.0200691,0.0147122,0.0336156,-0.0267367,-0.293698,0.5,0.153778,0,-0.0593486,0.0346149,0.749815,0,11.9106
106,2.12,0.475872,0.237905,0.0378728,0.200094,0.209159,0,62.4765,0.0505512,-0.0588372,-0.247867,0.0191817,-0.307284,0.5,0.149258,0,-0.0628058,0.0201532,0.764447,0,12.4185
107,2.14,0.443027,0.228917,0.0171723,0.196937,0.207052,0,63.897,0.0209335,-0.0435784,-0.095497,0.0170855,-0.29002,0.5,0.144739,0,-0.0489908,0.0301443,0.759055,0,12.4957
108,2.16,0.410467,0.224364,0.00467888,0.181424,0.206206,0,65.0784,-0.00289144,-0.00350999,-0.0616613,0.0350425,-0.282277,0.5,0.14022,0,-0.0431671,0.0395827,0.741305,0,12.544
109,2.18,0.393531,0.223582,0.000940625,0.169009,0.209684,0,66.1941,-0.00769266,0.015997,0.144318,0.0140842,-0.283788,0.5,0.1357,0,-0.0433374,0.0448146,0.726651,0,12.3451
110,2.2,0.409317,0.238099,0.00365821,0.167559,0.210609,0,67.4282,-0.0413987,0.11988,0.0961482,-0.0135318,-0.311561,0.5,0.131181,0,-0.0608247,0.0583155,0.722962,0,12.4535
111,2.22,0.419765,0.22854,0.0277823,0.163443,0.211272,0,68.1373,-0.0133663,-0.000152764,0.0234135,-0.0130293,-0.292392,0.5,0.126661,0,-0.0530395,0.0397508,0.716604,0,11.8234
112,2.24,0.437701,0.225985,0.030037,0.181678,0.209142,0,69.0173,0.0326825,0.0303436,0.101902,-0.0438781,-0.288646,0.5,0.122142,0,-0.0497022,0.0426722,0.732598,0,12.078
113,2.26,0.468857,0.229704,0.0406207,0.198533,0.206225,0,69.8434,-0.0034135,-0.0977356,-0.378601,0.0250031,-0.300373,0.5,0.117622,0,-0.0500975,0.0216622,0.747209,0,12.6515
114,2.28,0.430052,0.219664,0.0157703,0.194617,0.207354,0,69.4984,-0.00419457,-0.0720572,-0.0419416,0.0175652,-0.279049,0.5,0.113103,0,-0.038537,0.0304871,0.741048,0,12.0316
115,2.3,0.405118,0.220428,0.00273029,0.18196,0.209498,0,70.4705,0.0113952,0.0216243,0.0816519,0.0133067,-0.281917,0.5,0.108584,0,-0.0390381,0.045266,0.726146,0,12.2391
116,2.32,0.419389,0.23403,0.00899039,0.176369,0.208802,0,71.1734,-0.0242741,0.0797718,0.0616354,0.00293555,-0.30649,0.5,0.104064,0,-0.0532169,0.0480938,0.718307,0,12.8399
117,2.34,0.416399,0.229055,0.0224402,0.164904,0.207669,0,71.7227,-0.027965,0.0121233,0.0861047,-0.00487157,-0.292835,0.5,0.0995447,0,-0.0514568,0.0417335,0.704594,0,12.1048
118,2.36,0.441693,0.2257,0.0367416,0.179251,0.208323,0,72.0144,0.00938505,0.00668266,0.0368822,-0.0305244,-0.288435,0.5,0.0950252,0,-0.0496983,0.0308622,0.716692,0,11.9467
119,2.38,0.48141,0.232576,0.0447787,0.204054,0.2085,0,72.1522,0.0194321,-0.0656803,-0.195261,0.0131929,-0.305269,0.5,0.0905058,0,-0.054502,0.0165455,0.739246,0,12.2873
120,2.4,0.459094,0.225796,0.0279291,0.205369,0.208701,0,72.2668,0.0207603,-0.0698296,-0.193272,0.0326985,-0.290689,0.5,0.0859864,0,-0.0448103,0.0198587,0.73831,0,12.2751
121,2.42,0.415166,0.22019,0.00823527,0.186741,0.208118,0,72.9569,0.0200555,-0.00623201,0.0811253,0.0182735,-0.281392,0.5,0.0814669,0,-0.0364851,0.0333216,0.717429,0,12.4219
122,2.44,0.417495,0.230759,0.00900209,0.177734,0.206101,0,73.7061,-0.0330024,0.121864,0.167161,-0.0027715,-0.300768,0.5,0.0769475,0,-0.0473852,0.0484805,0.70617,0,12.9244
123,2.46,0.431094,0.22883,0.0296765,0.172587,0.206772,0,74.3022,-0.0465999,-0.000961176,-0.0250659,0.00683449,-0.293831,0.5,0.072428,0,-0.0498979,0.0350878,0.69877,0,12.2535
124,2.48,0.452996,0.227596,0.0327529,0.192648,0.209999,0,74.3476,0.00154022,0.0304253,0.124202,-0.0417875,-0.290218,0.5,0.0679086,0,-0.0519439,0.0354028,0.716576,0,11.8353
125,2.5,0.488277,0.23197,0.0418091,0.214498,0.210119,0,75.3326,0.0253501,-0.0536548,-0.326779,0.0187688,-0.304184,0.5,0.0633892,0,-0.0541344,0.0225604,0.736172,0,12.1092
126,2.52,0.456397,0.22644,0.0205145,0.209443,0.208602,0,75.4201,0.0350464,-0.0773127,-0.0327514,0.0178191,-0.289976,0.5,0.0588697,0,-0.0432572,0.0287812,0.728861,0,12.0162
127,2.54,0.41219,0.220981,0.000373259,0.190836,0.206796,0,75.9064,0.0047536,0.0595607,0.232099,-0.0101085,-0.281762,0.5,0.0543503,0,-0.0354555,0.0558164,0.707998,0,12.4351
128,2.56,0.418515,0.227902,0.00834153,0.182272,0.206018,0,76.3881,-0.0182179,0.0456727,0.0744915,-0.0113004,-0.292628,0.5,0.0498309,0,-0.0446678,0.0622903,0.697177,0,12.6811
129,2.58,0.421053,0.224665,0.022189,0.174199,0.20998,0,76.5113,-0.0179181,-0.00670655,-0.166413,-0.0114485,-0.285505,0.5,0.0453115,0,-0.044519,0.0456777,0.686847,0,11.7933
130,2.6,0.466756,0.23356,0.036976,0.19622,0.211546,0,76.505,-0.00722603,-0.0101915,0.0554672,-0.0286413,-0.305892,0.5,0.040792,0,-0.0549292,0.0292463,0.70661,0,12.0731
131,2.62,0.48722,0.231724,0.0455128,0.209983,0.208373,0,77.1244,-0.009026,-0.0563043,-0.228922,0.0170537,-0.305498,0.5,0.0362726,0,-0.0528068,0.0137941,0.718116,0,12.0912
132,2.64,0.454617,0.219575,0.0314853,0.203557,0.205918,0,77.1731,0.0304614,-0.0490106,-0.103881,0.0235484,-0.281387,0.5,0.0317531,0,-0.0379087,0.0150089,0.709431,0,11.998
133,2.66,0.43682,0.222043,0.0133781,0.201399,0.205824,0,76.951,0.0163388,0.0156292,0.102184,0.026625,-0.288172,0.5,0.0272337,0,-0.0376546,0.0354121,0.705014,0,12.4119
134,2.68,0.423352,0.226688,0.00636546,0.190298,0.208371,0,76.7107,-0.0141723,-0.0280597,-0.0379976,0.0330304,-0.293794,0.5,0.0227143,0,-0.0424029,0.0416823,0.691655,0,12.5088
135,2.7,0.420206,0.233,0.00478305,0.182423,0.209225,0,77.0163,-0.0504195,0.142119,0.281048,-0.0324385,-0.305158,0.5,0.0181948,0,-0.0524662,0.0668676,0.68152,0,12.182
136,2.72,0.413531,0.2228,0.0202251,0.170505,0.210598,0,77.7448,0.0120966,0.00442243,-0.219088,0.00360304,-0.283242,0.5,0.0136754,0,-0.0438336,0.0521368,0.667342,0,11.4686
137,2.74,0.438174,0.231375,0.0268951,0.179904,0.208011,0,77.1596,0.045912,-0.0472712,0.108663,-0.0349685,-0.301433,0.5,0.00915595,0,-0.0496297,0.0377728,0.674482,0,12.833
138,2.76,0.456425,0.224147,0.0363702,0.195907,0.206956,0,77.5949,-0.019107,0.0155535,-0.142481,-0.0103491,-0.294509,0.5,0.00463655,0,-0.0416034,0.030458,0.688225,0,12.4505
139,2.78,0.451586,0.215165,0.031888,0.204534,0.206399,0,77.3547,-0.00139893,-0.101883,-0.306167,0.0425093,-0.277182,0.5,0.000117108,0,-0.0330673,0.0140351,0.694592,0,11.8613
140,2.8,0.425074,0.217905,0.00141932,0.205749,0.206267,0,76.7094,0.0130331,0.0387189,0.189217,0.00520405,-0.282621,0.5,0,0,-0.035536,0.0517062,0.695749,0,12.0238
141,2.82,0.422801,0.223861,0.00299618,0.195944,0.207139,0,77.3865,0.0208128,-0.0424203,-0.0304566,0.0403617,-0.289233,0.5,0,0,-0.0397574,0.0498859,0.685944,0,12.3479
142,2.84,0.430542,0.227184,0.0159496,0.187409,0.207414,0,77.0512,-0.0242827,0.0517286,0.213991,-0.011107,-0.294661,0.5,0,0,-0.0434175,0.0693363,0.677409,0,12.3235
143,2.86,0.409473,0.225494,0.000946358,0.183033,0.206595,0,77.7528,-0.0146187,0.043007,0.121073,-0.0089192,-0.289855,0.5,0,0,-0.0451447,0.0696327,0.673033,0,12.1311
144,2.88,0.442532,0.222256,0.0237298,0.196546,0.205904,0,78.177,0.0202258,-0.102734,-0.41838,0.0466913,-0.28932,0.5,0,0,-0.0421756,0.0295589,0.686546,0,12.0781
145,2.9,0.438855,0.223688,0.00329732,0.21187,0.206058,0,77.7279,0.010166,0.0767352,0.475527,-0.0358878,-0.293351,0.5,0,0,-0.0421157,0.0584275,0.70187,0,12.0513
146,2.92,0.454173,0.220611,0.00847318,0.225089,0.205222,0,78.1731,0.00546317,0.0655421,-0.0944922,-0.0150495,-0.283347,0.5,0,0,-0.0389043,0.081637,0.715089,0,11.938
147,2.94,0.461946,0.215351,0.0114244,0.23517,0.201761,0,78.1956,-0.0105155,-0.124559,-0.56421,0.0388628,-0.273035,0.5,0,0,-0.0319861,0.06478,0.72517,0,12.2494
148,2.96,0.478968,0.211743,0.0364335,0.230791,0.20229,0,77.2594,0.0417648,-0.0819063,0.0868952,0.0325245,-0.258433,0.5,0,0,-0.0261126,0.0703331,0.720791,0,11.8959
149,2.98,0.499543,0.222074,0.0462115,0.231257,0.207568,0,77.33,0.0503672,0.00458355,0.264803,0.025005,-0.272907,0.5,0,0,-0.0340759,0.0885529,0.721257,0,12.3296
150,3,0.511564,0.23432,0.0377258,0.239518,0.211188,0,77.8616,-0.0199661,0.159745,0.441772,-0.039493,-0.29965,0.5,0,0,-0.0473756,0.102206,0.729518,0,12.5145
151,3.02,0.487545,0.2286,0.00651488,0.252431,0.20904,0,78.5599,-0.0812064,0.060925,-0.285901,0.0103322,-0.290309,0.5,0,0,-0.0466062,0.0831767,0.742431,0,12.1335
152,3.04,0.506881,0.22441,0.0256959,0.256775,0.202824,0,78.0098,-0.0214882,-0.0701169,0.132209,-0.0287881,-0.275683,0.5,0,0,-0.0451223,0.0900998,0.746775,0,12.854
153,3.06,0.498422,0.203202,0.0530787,0.242141,0.199567,0,77.8374,0.0610527,0.159846,0.30732,-0.110508,-0.232448,0.5,0,0,-0.022869,0.138025,0.732141,0,12.5033
154,3.08,0.479387,0.217174,0.00285716,0.259356,0.200215,0,78.3351,0.0903428,-0.160884,-0.483968,0.007727,-0.266793,0.5,0,0,-0.028955,0.0823749,0.749356,0,13.4106
155,3.1,0.536274,0.243751,0.0157251,0.276798,0.202141,0,77.277,-0.0576701,-0.124862,0.0343601,-0.0355381,-0.306719,0.5,0,0,-0.0528099,0.069753,0.766798,0,13.181
156,3.12,0.511901,0.21453,0.0318651,0.265506,0.202834,0,76.9892,-0.102178,0.159905,0.313854,-0.0893378,-0.249091,0.5,0,0,-0.0328691,0.101778,0.755506,0,12.6071
157,3.14,0.499071,0.212626,0.0185423,0.267903,0.201329,0,76.1066,0.0164745,-0.150288,-0.661793,0.0358754,-0.255409,0.5,0,0,-0.0327427,0.0424037,0.757903,0,12.6491
158,3.16,0.528645,0.24255,0.00493239,0.281162,0.201242,0,74.014,0.074573,-0.166194,-0.298689,0.0397172,-0.299172,0.5,0,0,-0.0569537,0.0126028,0.771162,0,12.6017
159,3.18,0.541831,0.223452,0.0383614,0.280018,0.207533,0,72.7207,0.0219396,0.0946206,0.702869,-0.0563211,-0.263295,0.5,0,0,-0.0361624,0.0626589,0.770018,0,12.6598
160,3.2,0.500385,0.213712,0.00981972,0.276854,0.208979,0,72.2475,0.0726042,-0.048306,-0.0288068,0.0099423,-0.247855,0.5,0,0,-0.0227378,0.0514523,0.766854,0,11.5765
161,3.22,0.543381,0.232666,0.0327523,0.277963,0.203966,0,71.2936,0.00664933,0.0115385,0.207634,-0.0450186,-0.278432,0.5,0,0,-0.0360387,0.0685111,0.767963,0,12.4781
162,3.24,0.5524,0.231616,0.0541325,0.266652,0.199297,0,70.6916,-0.0987398,0.172972,0.300137,-0.087643,-0.26853,0.5,0,0,-0.0396463,0.113046,0.756652,0,13.144
163,3.26,0.555549,0.227822,0.0491673,0.27856,0.201522,0,70.4612,-0.0693368,0.00988358,0.0742842,-0.0630425,-0.258453,0.5,0,0,-0.0450559,0.117823,0.76856,0,12.3492
164,3.28,0.594407,0.248499,0.0524929,0.293414,0.207837,0,69.6497,0.014111,0.0314197,0.0938048,-0.103608,-0.28723,0.5,0,0,-0.0708752,0.129716,0.783414,0,12.5399
165,3.3,0.594553,0.267262,0.00958242,0.317709,0.214624,0,69.8711,0.0175715,-0.0173278,-0.232853,-0.0352446,-0.316784,0.5,0,0,-0.0903621,0.0883916,0.807709,0,12.1794
166,3.32,0.602594,0.271478,0.0189008,0.312215,0.21178,0,70.2376,-0.0659638,-0.147941,-0.139911,-0.0178708,-0.33176,0.5,0,0,-0.0949986,0.043352,0.802215,0,11.9943
167,3.34,0.550022,0.254019,0.00107119,0.294931,0.203234,0,70.1274,-0.0799501,-0.0124868,0.216236,-0.0505917,-0.300789,0.5,0,0,-0.0812244,0.0562197,0.784931,0,12.2194
168,3.36,0.522657,0.240383,0.0141087,0.268165,0.198031,0,70.2305,-0.00868847,-0.100816,-0.293413,0.0230173,-0.293822,0.5,0,0,-0.0693997,0.038738,0.758165,0,12.5167
169,3.38,0.555881,0.250436,0.0159292,0.289515,0.200506,0,70.9361,0.0582048,0.0444258,0.10835,-0.0497676,-0.305709,0.5,0,0,-0.0773312,0.0622542,0.779515,0,13.1124
170,3.4,0.585627,0.257095,0.0258585,0.302674,0.206812,0,69.9878,0.067623,0.121806,0.169995,-0.037406,-0.304761,0.5,0,0,-0.0816557,0.0908256,0.792674,0,11.7265
171,3.42,0.616676,0.268258,0.0147023,0.333716,0.208994,0,68.3814,0.0397637,-0.006825,0.0457996,-0.0327563,-0.30794,0.5,0,0,-0.0895147,0.0849115,0.823716,0,11.9942
172,3.44,0.600262,0.261784,0.0107512,0.327727,0.207316,0,65.4133,-0.00200648,0.0126482,-0.122448,-0.0324848,-0.296591,0.5,0,0,-0.0812986,0.0837972,0.817727,0,12.0404
173,3.46,0.594094,0.261532,0.0178315,0.31473,0.203309,0,62.9698,-0.0540316,-0.0981361,-0.167012,-0.0187051,-0.309831,0.5,0,0,-0.0819349,0.0441858,0.80473,0,12.1716
174,3.48,0.561958,0.255251,0.0150265,0.291681,0.20231,0,61.7854,-0.0745929,-0.0124294,-0.00181944,-0.0291597,-0.305027,0.5,0,0,-0.0806508,0.0389034,0.781681,0,12.0132
175,3.5,0.539327,0.253195,0.00379849,0.282333,0.203119,0,60.3501,-0.0336471,-0.0384698,-0.142167,-0.00452799,-0.309626,0.5,0,0,-0.0832456,0.0454247,0.772333,0,11.1591
176,3.52,0.57362,0.262489,0.0135277,0.297603,0.203899,0,61.0026,0.0146959,0.0284709,0.0223603,-0.0322272,-0.313976,0.5,0,0,-0.093036,0.0578291,0.787603,0,12.3362
177,3.54,0.599891,0.270706,0.00746481,0.321721,0.205256,0,59.9914,0.0622623,0.0657862,0.000166889,-0.0211584,-0.310789,0.5,0,0,-0.0985557,0.0599611,0.811721,0,11.5532
178,3.56,0.628647,0.278185,0.0169436,0.333518,0.204007,0,60.5143,0.00113494,-0.0970576,-0.16377,0.0245546,-0.329636,0.5,0,0,-0.102293,0.0277888,0.823518,0,12.6138
179,3.58,0.612632,0.27265,0.00305593,0.336926,0.202169,0,58.2152,-0.0382948,0.0842685,0.404466,-0.0479461,-0.307928,0.5,0,0,-0.0980614,0.0452621,0.826926,0,12.3374
180,3.6,0.623859,0.255529,0.0521568,0.316173,0.202394,0,57.7247,0.00181651,-0.00877563,-0.092,0.0118856,-0.295091,0.5,0,0,-0.0832539,0.00742139,0.806173,0,12.4361
181,3.62,0.599364,0.261607,0.0430948,0.294663,0.203664,0,58.0511,0.0323846,-0.11589,-0.170234,0.0275364,-0.321177,0.5,0,0,-0.0876037,-0.0055839,0.784663,0,13.3423
182,3.64,0.585507,0.260229,0.0344694,0.290808,0.204819,0,56.7481,-0.0164705,0.137131,0.529287,-0.0870254,-0.315594,0.5,0,0,-0.0864339,0.0792823,0.780808,0,13.8194
183,3.66,0.601828,0.26028,0.0277039,0.313843,0.205011,0,56.6649,0.0409088,0.0598716,0.0633666,-0.0330215,-0.294095,0.5,0,0,-0.0857956,0.0972352,0.803843,0,12.618
184,3.68,0.607079,0.271138,0.0132027,0.322738,0.204483,0,56.7107,0.014501,-0.0877065,-0.282722,-0.0261061,-0.315627,0.5,0,0,-0.0924909,0.0714572,0.812738,0,12.9529
185,3.7,0.619585,0.276067,0.0183481,0.32517,0.203573,0,55.1535,-0.0647978,-0.0702895,-0.0441498,-0.00931781,-0.323993,0.5,0,0,-0.0984075,0.0278814,0.81517,0,11.9797
186,3.72,0.598484,0.260724,0.0391244,0.298635,0.203844,0,54.441,-0.0564431,-0.051019,-0.0371694,0.0115338,-0.3106,0.5,0,0,-0.0881402,-0.00500227,0.788635,0,12.9117
187,3.74,0.554556,0.260573,0.0028411,0.291141,0.20348,0,54.1564,0.0172155,0.0536096,0.327001,-0.0342405,-0.317199,0.5,0,0,-0.0912099,0.0377287,0.781141,0,12.4247
188,3.76,0.581243,0.255228,0.0326369,0.293378,0.204421,0,52.7191,0.0558791,0.0947834,0.155929,-0.0485757,-0.30133,0.5,0,0,-0.0841208,0.0882501,0.783378,0,12.1184
189,3.78,0.605564,0.263623,0.0284344,0.313507,0.204145,0,53.1157,0.0735544,0.0174017,-0.0726939,-0.0396209,-0.303139,0.5,0,0,-0.0867281,0.0905978,0.803507,0,12.7052
190,3.8,0.606436,0.274227,0.00357798,0.32863,0.204736,0,52.1827,-0.00623349,-0.0627537,-0.0607668,-0.025657,-0.317488,0.5,0,0,-0.0939647,0.0518221,0.81863,0,12.4334
191,3.82,0.606287,0.275833,0.0105362,0.319918,0.204733,0,51.2354,-0.0977039,-0.0752181,-0.00317146,-0.018038,-0.325236,0.5,0,0,-0.100359,0.0363026,0.809918,0,12.5094
192,3.84,0.574519,0.254672,0.0317534,0.288094,0.204767,0,50.5504,-0.0527482,-0.102113,-0.26468,0.0328688,-0.30599,0.5,0,0,-0.0859831,0.00118355,0.778094,0,12.6696
193,3.86,0.5385,0.249106,0.0112497,0.278145,0.204971,0,49.949,0.045845,0.0218318,0.252233,-0.00858129,-0.305692,0.5,0,0,-0.0803168,0.0372972,0.768145,0,13.2031
194,3.88,0.618492,0.267757,0.0449613,0.305773,0.204025,0,50.2745,0.0818586,0.140481,0.358853,-0.0575769,-0.314672,0.5,0,0,-0.0938825,0.0972685,0.795773,0,13.1781
195,3.9,0.610113,0.268517,0.0121751,0.329421,0.20505,0,49.5345,0.0377761,0.0523717,-0.0633787,-0.0377418,-0.306445,0.5,0,0,-0.0902959,0.0786742,0.819421,0,13.8189
196,3.92,0.632616,0.279381,0.0157198,0.337516,0.205201,0,48.9852,-0.0467427,-0.0795624,-0.225688,-0.0161562,-0.326497,0.5,0,0,-0.100771,0.0403396,0.827516,0,14.725
197,3.94,0.640934,0.28109,0.0279082,0.331935,0.203619,0,48.6743,-0.0754336,-0.0736888,-0.211402,-0.00553765,-0.327989,0.5,0,0,-0.108524,0.0113385,0.821935,0,13.3741
198,3.96,0.579825,0.254144,0.0347118,0.290969,0.20376,0,47.6431,-0.035566,-0.00824051,-0.0149707,0.00714041,-0.307085,0.5,0,0,-0.0868595,-0.00336068,0.780969,0,14.5696
199,3.98,0.555924,0.254355,0.0112725,0.290296,0.202698,0,48.0299,0.0490854,0.0352903,0.248775,-0.00637356,-0.312477,0.5,0,0,-0.0855381,0.0249445,0.780296,0,14.2742
200,4,0.597233,0.259212,0.041018,0.297003,0.202258,0,47.5159,0.0745636,0.155642,0.316114,-0.0743515,-0.302857,0.5,0,0,-0.0858572,0.0953626,0.787003,0,15
201,4.02,0.61068,0.268046,0.0155577,0.327076,0.204345,0,46.5462,0.063809,-0.0238003,-0.0545407,-0.0154735,-0.306251,0.5,0,0,-0.0900415,0.0800156,0.817076,0,13.3166
202,4.04,0.618482,0.278871,0.00279389,0.336817,0.2073,0,46.0472,-0.0149936,-0.0397431,-0.119672,-0.0355101,-0.321261,0.5,0,0,-0.099329,0.060319,0.826817,0,14.8255
203,4.06,0.624847,0.276611,0.0225846,0.325651,0.206651,0,44.9736,-0.105011,-0.0845244,-0.129031,-0.00655952,-0.330088,0.5,0,0,-0.101657,0.0239518,0.815651,0,11.8435
204,4.08,0.586779,0.260914,0.0176543,0.30821,0.203578,0,45.075,-0.0641904,-0.00115253,-0.0832159,-0.00232275,-0.314054,0.5,0,0,-0.0918678,0.0200931,0.79821,0,12.0593
205,4.1,0.538587,0.251538,0.0145402,0.272509,0.200629,0,43.9702,0.0231064,0.0167115,0.0733668,-0.0320404,-0.309534,0.5,0,0,-0.0833769,0.0590692,0.762509,0,12.2274
206,4.12,0.589442,0.257798,0.0410044,0.290639,0.200525,0,43.8709,0.0624257,0.0567881,0.0279111,-0.041878,-0.307036,0.5,0,0,-0.0856835,0.090846,0.780639,0,13.8957
207,4.14,0.607134,0.270951,0.02201,0.314172,0.20239,0,43.0552,0.0375425,0.0181963,-0.0422425,-0.0276542,-0.316376,0.5,0,0,-0.0951905,0.0736495,0.804172,0,14.4973
208,4.16,0.626296,0.279897,0.0124782,0.333921,0.204023,0,42.0102,-0.0389868,-0.0663262,-0.233294,0.00985214,-0.330063,0.5,0,0,-0.104949,0.0325556,0.823921,0,12.1276
209,4.18,0.622825,0.267946,0.0371759,0.317703,0.204608,0,41.6172,-0.0396143,-0.0440238,-0.0489045,0.00347839,-0.31611,0.5,0,0,-0.0963964,-0.00572125,0.807703,0,13.4767
210,4.2,0.595745,0.256679,0.0370425,0.302023,0.204372,0,41.2247,0.0272868,-0.0466277,-0.0818913,0.0447786,-0.30383,0.5,0,0,-0.0857253,-0.0118837,0.792023,0,12.5301
211,4.22,0.545909,0.255168,0.00713237,0.283609,0.203317,0,40.2433,0.0410478,0.0377502,0.360321,0.000314089,-0.316509,0.5,0,0,-0.0802902,0.0224053,0.773609,0,11.5849
212,4.24,0.589513,0.261989,0.040985,0.28654,0.202405,0,39.0759,0.0102217,0.14873,0.450489,-0.0624829,-0.314114,0.5,0,0,-0.0861158,0.0981265,0.77654,0,14.1426
213,4.26,0.616628,0.257725,0.0398256,0.319078,0.205163,0,37.8199,0.0118553,0.0848454,0.0542952,-0.0565325,-0.293437,0.5,0,0,-0.0833685,0.11589,0.809078,0,15
214,4.28,0.616751,0.26681,0.0215419,0.328399,0.208504,0,37.7658,0.0363394,-0.0354154,-0.110054,-0.0514051,-0.307666,0.5,0,0,-0.0906204,0.0975281,0.818399,0,13.7476
215,4.3,0.623347,0.280048,0.00801695,0.335281,0.207351,0,36.8763,-0.0494102,-0.104475,-0.263383,-0.0329067,-0.331487,0.5,0,0,-0.102882,0.0505877,0.825281,0,12.0337
216,4.32,0.608471,0.273635,0.0176538,0.317182,0.201478,0,36.0873,-0.0564886,-0.0584019,-0.533722,0.0226876,-0.32516,0.49906,0.0043375,-0.00455987,-0.102065,0.0215268,0.809347,0,12.3548
217,4.34,0.535419,0.240381,0.0159303,0.279108,0.202433,0,35.5104,0.0166613,-0.0949692,-0.153302,0.0442801,-0.290513,0.498119,0.008675,-0.00911974,-0.0718647,0.000443473,0.77343,0,12.6588
218,4.36,0.574001,0.255472,0.0342148,0.284313,0.203782,0,35.0665,0.0543007,0.138424,0.537403,-0.0406504,-0.322077,0.497179,0.0130125,-0.0136796,-0.0846691,0.0615188,0.780783,0,13.4269
219,4.38,0.580992,0.263986,0.0227547,0.294251,0.204096,0,33.8248,0.010893,0.040836,0.0394913,0.0184641,-0.321935,0.496239,0.01735,-0.0182395,-0.0920585,0.0715105,0.792861,0,12.9285
220,4.4,0.608343,0.249271,0.0495019,0.30957,0.204221,0,33.3214,0.00977243,0.103142,0.157461,-0.0589835,-0.284976,0.495298,0.0216875,-0.0227994,-0.0773627,0.0986508,0.810311,0,13.2569
221,4.42,0.598697,0.259437,0.0264125,0.312848,0.203888,0,32.4754,0.0738382,0.0926377,0.238099,-0.0617293,-0.297908,0.494358,0.026025,-0.0273592,-0.0867651,0.0971871,0.815712,0,12.1392
222,4.44,0.595469,0.260882,0.0268167,0.307771,0.207746,0,32.305,0.000661865,-0.151948,-0.30418,0.00548973,-0.319537,0.493418,0.0303625,-0.0319191,-0.0864566,0.0319583,0.81275,0,13.3979
223,4.46,0.573572,0.262075,0.0146114,0.296886,0.206367,0,32.3028,-0.0858182,-0.0587707,-0.0429392,-0.0356982,-0.321746,0.492478,0.0347,-0.036479,-0.0914316,0.0519216,0.803971,0,12.558
224,4.48,0.525097,0.248625,0.00846059,0.268012,0.199736,0,31.0934,-0.0892027,-0.0515485,0.0896211,-0.0132787,-0.313503,0.491537,0.0390375,-0.0410388,-0.085672,0.0458022,0.777195,0,12.1051
225,4.5,0.521521,0.241913,0.0200432,0.259565,0.196495,0,31.3274,-0.010336,-0.0221466,-0.0641826,-0.0129546,-0.305868,0.490597,0.043375,-0.0455987,-0.0832864,0.0472181,0.770838,0,12.4248
226,4.52,0.588884,0.253031,0.0555622,0.28029,0.199192,0,30.8963,0.0640949,0.0814571,0.0188722,-0.0327428,-0.30866,0.489657,0.0477125,-0.0501586,-0.0937986,0.0851468,0.793644,0,12.8338
227,4.54,0.589138,0.263759,0.0233209,0.302059,0.20443,0,30.7482,0.0769924,0.0251644,-0.169923,-0.000683158,-0.321961,0.488716,0.05205,-0.0547185,-0.100961,0.0545463,0.817485,0,13.1236
228,4.56,0.576128,0.270845,0.00269121,0.302592,0.204968,0,29.435,-0.00842026,-0.0891661,-0.197176,0.0297494,-0.336065,0.487776,0.0563875,-0.0592783,-0.106474,0.0222547,0.820082,0,13.0533
229,4.58,0.535573,0.253015,0.00960143,0.272957,0.200857,0,28.0882,-0.0651096,-0.00156789,-0.154263,0.0116963,-0.323753,0.486836,0.060725,-0.0638382,-0.0927485,-0.000643769,0.792502,0,12.1369
230,4.6,0.499433,0.235857,0.0192793,0.244297,0.196969,0,27.0178,-0.0499798,0.0811087,0.239784,-0.0094907,-0.31222,0.485895,0.0650625,-0.0683981,-0.0810495,0.0300351,0.765888,0,13.7825
231,4.62,0.552472,0.23759,0.0669548,0.247927,0.199775,0,25.796,0.0390433,0.104587,0.143941,-0.0429313,-0.299082,0.484955,0.0694,-0.0729579,-0.083882,0.0913114,0.771556,0,15
232,4.64,0.593561,0.254149,0.0601231,0.279289,0.204466,0,25.5787,0.0802284,-0.00670285,-0.131002,-0.0160964,-0.31696,0.484015,0.0737375,-0.0775178,-0.0977495,0.0860352,0.804947,0,13.1275
233,4.66,0.607835,0.264742,0.0408584,0.302234,0.205361,0,24.6049,0.00925048,-0.0209889,-0.0728984,-0.0191953,-0.329163,0.483074,0.078075,-0.0820777,-0.106077,0.0587891,0.829911,0,13.1515
234,4.68,0.569566,0.256142,0.0224022,0.291022,0.200713,0,24.5673,-0.0662344,-0.0302596,0.0946661,-0.0191457,-0.319038,0.482134,0.0824125,-0.0866376,-0.099969,0.0382083,0.820711,0,13.6227
235,4.7,0.495339,0.234424,0.0122081,0.248707,0.197142,0,23.9609,-0.0168828,-0.108091,-0.505272,0.0557789,-0.305171,0.481194,0.08675,-0.0911974,-0.0837388,-0.0136421,0.780399,0,14.5518
236,4.72,0.500785,0.228983,0.0367544,0.235047,0.199214,0,22.7242,0.0159991,0.0803706,0.490651,-0.0494477,-0.309665,0.480253,0.0910875,-0.0957573,-0.0802885,0.0319587,0.768732,0,14.0969
237,4.74,0.521885,0.238053,0.0385773,0.245254,0.202333,0,20.5256,0.0361175,0.0749297,0.00270616,-0.00594903,-0.323492,0.479313,0.095425,-0.100317,-0.0880137,0.0524597,0.780923,0,13.5653
238,4.76,0.581462,0.247086,0.0639517,0.270424,0.201141,0,19.1829,-0.000770122,-0.0314073,-0.0494904,-0.00534336,-0.321236,0.478373,0.0997625,-0.104877,-0.096421,0.0727488,0.808069,0,14.5842
239,4.78,0.593819,0.244226,0.0729026,0.27669,0.199058,0,17.6929,0.00198887,0.0863064,0.212462,-0.0455928,-0.302192,0.477433,0.1041,-0.109437,-0.0943596,0.0899473,0.816301,0,13.0785
240,4.8,0.531665,0.244294,0.0134721,0.273899,0.199585,0,15.6769,-0.002799,-0.105745,-0.267479,0.0163332,-0.317124,0.476492,0.108438,-0.113997,-0.0953949,0.0216869,0.815467,0,13.7966
241,4.82,0.534306,0.251586,0.0243892,0.258331,0.201674,0,12.79,-0.0421388,-0.0215684,0.00574638,-0.0253052,-0.334804,0.475552,0.112775,-0.118557,-0.106933,0.0148042,0.801848,0,12.514
242,4.84,0.470965,0.241176,0.00461899,0.22517,0.204184,0,10.7643,-0.0270454,-0.0434438,-0.124152,0.0311982,-0.333856,0.474612,0.117113,-0.123117,-0.102362,-0.00907565,0.770626,0,13.3567
243,4.86,0.450668,0.22069,0.0288239,0.201154,0.205058,0,9.75349,0.0245615,-0.057716,-0.0388078,0.0200777,-0.31827,0.473671,0.12145,-0.127676,-0.0847238,0.000334814,0.74854,0,12.0404
244,4.88,0.479321,0.227184,0.0440359,0.208101,0.201341,0,9.07175,0.0156098,0.133713,0.321753,-0.020931,-0.335556,0.472731,0.125788,-0.132236,-0.0886226,0.0274184,0.757408,0,13.3686
245,4.9,0.470532,0.216934,0.0479907,0.205607,0.19776,0,10.029,-0.0179863,0.014042,0.0882057,-0.00438251,-0.317558,0.471791,0.130125,-0.136796,-0.0773987,0.0396494,0.756825,0,12.6446
246,4.92,0.498946,0.214342,0.0684953,0.216109,0.195854,0,11.3268,-0.0216716,0.0232395,0.155183,-0.0402046,-0.303058,0.47085,0.134463,-0.141356,-0.0771692,0.0591901,0.76923,0,12.9779
247,4.94,0.521397,0.214586,0.0756511,0.231161,0.200528,0,13.1164,0.039206,0.107098,0.246844,-0.0753796,-0.29343,0.46991,0.1388,-0.145916,-0.079546,0.0767937,0.786175,0,13.4523
248,4.96,0.521656,0.227464,0.046158,0.248034,0.209375,0,13.8252,0.0985477,0.0653528,-0.0072813,-0.0539311,-0.315724,0.46897,0.143137,-0.150476,-0.0907,0.0573662,0.804932,0,12.2113
249,4.98,0.512625,0.246408,0.00818151,0.258036,0.214957,0,14.0162,0.0200982,-0.0399887,-0.0369243,-0.0232964,-0.34872,0.468029,0.147475,-0.155036,-0.107679,0.0153133,0.816809,0,12.2162
250,5,0.486386,0.235347,0.00283906,0.2482,0.208896,0,14.9055,-0.0772604,0.0238087,0.32358,-0.0637454,-0.320271,0.467089,0.151813,-0.159595,-0.0991694,0.00329349,0.808838,0,12.7765
251,5.02,0.447663,0.204281,0.0182331,0.225148,0.200784,0,16.7296,-0.00958589,0.0386211,0.183076,-0.0648486,-0.271875,0.466149,0.15615,-0.164155,-0.0707633,-0.000160722,0.787642,0,12.6986
252,5.04,0.498396,0.214991,0.0607302,0.222674,0.198506,0,17.8719,0.0221209,-0.229553,-0.713362,0.0441162,-0.311949,0.465209,0.160488,-0.168715,-0.0812759,-0.066846,0.787014,0,14.502
253,5.06,0.527704,0.234457,0.0446917,0.248555,0.204342,0,18.8419,-0.00424202,-0.125237,-0.415462,0.0456167,-0.339874,0.464268,0.164825,-0.173275,-0.105866,-0.0943262,0.814732,0,13.1485
254,5.08,0.53068,0.233316,0.0392396,0.258124,0.214196,0,19.195,-0.0274156,-0.00290546,0.0477286,0.0231114,-0.335222,0.463328,0.169162,-0.177835,-0.112568,-0.100409,0.826129,0,12.4367
255,5.1,0.560541,0.230174,0.0746386,0.255729,0.214578,0,18.231,0.0105473,-0.0403498,-0.323528,0.116578,-0.331915,0.462388,0.1735,-0.182395,-0.113394,-0.140578,0.825551,0,14.1735
256,5.12,0.517286,0.201888,0.0729289,0.242469,0.207519,0,16.0277,0.107379,-0.171437,-0.256858,0.1425,-0.27929,0.461447,0.177838,-0.186955,-0.0830247,-0.165376,0.8141,0,14.5364
257,5.14,0.447986,0.204759,0.0028391,0.240388,0.201833,0,13.2403,0.116288,0.187923,0.82105,0.00805471,-0.28392,0.460507,0.182175,-0.191515,-0.073406,-0.0769858,0.813818,0,13.6733
258,5.16,0.446481,0.214306,0.000265989,0.231909,0.203932,0,8.87581,-0.00351203,0.267959,0.45596,-0.0167116,-0.302477,0.459567,0.186513,-0.196074,-0.0768243,-0.0343725,0.807128,0,13.0171
259,5.18,0.450061,0.213213,0.00336012,0.233487,0.214665,0,6.31318,-0.0961192,0.141719,0.0679868,-0.037068,-0.310675,0.458626,0.19085,-0.200634,-0.085565,-0.0108132,0.810486,0,11.9104
260,5.2,0.50218,0.237288,0.0106484,0.254244,0.223827,0,4.99709,-0.0787771,0.0273035,0.424337,-0.0563604,-0.356661,0.457686,0.195188,-0.205194,-0.124007,0.0114959,0.833012,0,11.6896
261,5.22,0.528154,0.235575,0.0326763,0.259903,0.224519,0,3.09036,-0.141323,-0.12076,-0.0773798,0.0429146,-0.368526,0.456746,0.199525,-0.209754,-0.132286,-0.0309382,0.840431,0,13.9593
262,5.24,0.501232,0.224839,0.0376216,0.238771,0.207145,0,3.07772,-0.0572009,-0.187887,-0.799257,0.0598309,-0.350547,0.455805,0.203863,-0.214314,-0.127808,-0.0715127,0.82105,0,13.3789
263,5.26,0.433496,0.210896,0.000250582,0.222349,0.19657,0,3.96968,0.0628898,0.0789339,0.133662,-0.00742222,-0.317051,0.454865,0.2082,-0.218874,-0.113043,-0.0445756,0.806369,0,14.4469
264,5.28,0.463945,0.191118,0.072616,0.200211,0.195226,0,2.82409,0.0571785,-0.149652,-0.415073,0.171088,-0.301061,0.453925,0.212537,-0.223434,-0.090558,-0.124449,0.785963,0,17.5773
265,5.3,0.448632,0.193412,0.0415098,0.21371,0.203807,0,3.5448,0.114675,-0.136177,-0.179079,0.126323,-0.300574,0.452984,0.216875,-0.227994,-0.0921602,-0.126366,0.801183,0,15.4288
266,5.32,0.551475,0.227478,0.0612177,0.262779,0.212818,0,5.02014,0.0274508,0.216115,-0.106252,-0.0334353,-0.346903,0.452044,0.221213,-0.232553,-0.127335,-0.0316261,0.851964,0,15.1007
267,5.34,0.52216,0.227778,0.0258307,0.268552,0.207091,0,7.70977,-0.125714,0.0519063,0.849523,0.0596786,-0.355109,0.451104,0.22555,-0.237113,-0.12846,-0.0406004,0.859438,0,15.2045
268,5.36,0.43993,0.192798,0.011724,0.235409,0.192151,0,10.2185,-0.115404,-0.116837,-0.360145,0.110775,-0.312304,0.450164,0.229888,-0.241673,-0.098294,-0.0504367,0.827986,0,16.7657
269,5.38,0.478648,0.18267,0.08324,0.212738,0.187076,0,12.2171,-0.0412763,0.0996761,0.160199,0.0341836,-0.300835,0.449223,0.234225,-0.246233,-0.0948142,0.0171016,0.806998,0,14.0333
270,5.4,0.481633,0.202765,0.0781104,0.200758,0.193736,0,13.0919,0.0138179,-0.00833625,0.146509,0.0640428,-0.330702,0.448283,0.238563,-0.250793,-0.117791,0.0232174,0.79669,0,15.1682
271,5.42,0.522393,0.220506,0.0942913,0.207595,0.204755,0,13.9074,0.0411693,0.00170757,-0.0636577,-0.0020868,-0.359651,0.447343,0.2429,-0.255353,-0.13778,0.0348954,0.805189,0,13.5422
272,5.44,0.573355,0.235627,0.117876,0.219852,0.208754,0,14.49,0.00856289,0.0905089,0.284956,-0.0486577,-0.38146,0.446402,0.247238,-0.259913,-0.15502,0.0627997,0.819098,0,14.5179
273,5.46,0.533097,0.227648,0.0849973,0.220452,0.205519,0,15.0501,-0.0747944,-0.0341986,0.0117042,0.0340699,-0.365641,0.445462,0.251575,-0.264473,-0.148822,0.0394297,0.821341,0,14.2681
274,5.48,0.505729,0.206021,0.092351,0.207357,0.196192,0,15.6223,-0.0239772,-0.055973,-0.414678,0.0394751,-0.331397,0.444522,0.255913,-0.269032,-0.131581,0.0279777,0.809878,0,14.1933
275,5.5,0.540073,0.206954,0.133245,0.199873,0.194108,0,16.4167,0.0206995,0.104805,0.18772,-0.0173079,-0.333634,0.443581,0.26025,-0.273592,-0.133382,0.0744866,0.804017,0,15.1756
276,5.52,0.52833,0.211259,0.117698,0.199373,0.20026,0,17.9603,0.0277125,0.00149035,-0.159434,0.0145309,-0.351961,0.442641,0.264588,-0.278152,-0.139761,0.0612779,0.805128,0,14.3848
277,5.54,0.537171,0.218362,0.123578,0.195231,0.204379,0,19.4793,-0.0112543,-0.0303311,-0.0558109,0.0121915,-0.372584,0.441701,0.268925,-0.282712,-0.150615,0.0585805,0.802589,0,14.3535
278,5.56,0.516311,0.210469,0.122206,0.183636,0.201585,0,20.9658,-0.0207698,-0.00795815,0.102516,0.0089551,-0.362821,0.44076,0.273263,-0.287272,-0.145319,0.055271,0.792585,0,14.2568
279,5.58,0.49278,0.198816,0.120727,0.173238,0.196946,0,22.5312,0.000324955,-0.0184391,-0.0101969,-0.00393226,-0.348341,0.43982,0.2776,-0.291832,-0.134069,0.0521503,0.78377,0,13.9013
280,5.6,0.479923,0.196698,0.111662,0.171562,0.196235,0,24.2005,-0.0145602,-0.00553839,-0.0206924,0.00225919,-0.347275,0.43888,0.281938,-0.296392,-0.133442,0.0420193,0.783666,0,14.1208
281,5.62,0.499353,0.198414,0.115829,0.18511,0.200225,0,26.0593,-0.0128859,0.0451789,0.028322,-0.0218571,-0.351067,0.437939,0.286275,-0.300951,-0.139602,0.0460218,0.798775,0,14.5372
282,5.64,0.500798,0.204018,0.0984883,0.198292,0.202465,0,28.219,0.000471232,-0.0276085,-0.154987,0.0330502,-0.362736,0.436999,0.290613,-0.305511,-0.148463,0.026692,0.813509,0,14.2641
283,5.66,0.500016,0.197061,0.111641,0.191313,0.200527,0,30.485,0.0357921,0.0081365,0.0621406,0.0205465,-0.354629,0.436059,0.29495,-0.310071,-0.140453,0.0358512,0.808072,0,13.9025
284,5.68,0.494725,0.190154,0.128317,0.176253,0.196821,0,33.11,0.0289248,0.0441481,0.135652,0.00255678,-0.344184,0.435119,0.299287,-0.314631,-0.130292,0.0602067,0.794543,0,14.0932
285,5.7,0.461895,0.184526,0.116057,0.161311,0.195741,0,35.6207,-0.0017003,-0.0758639,-0.20187,0.0566147,-0.345207,0.434178,0.303625,-0.319191,-0.126727,0.0401047,0.781123,0,16.1464
286,5.72,0.48439,0.184708,0.139837,0.159845,0.199187,0,37.6679,-0.0276609,0.045334,0.263488,-0.0148223,-0.355094,0.433238,0.307963,-0.323751,-0.131647,0.0574966,0.781167,0,14.1251
287,5.74,0.484987,0.186424,0.133368,0.165195,0.202101,0,40.0305,-0.00168211,0.0433023,0.195447,-0.00739196,-0.355439,0.432298,0.3123,-0.328311,-0.135753,0.063703,0.788017,0,13.8337
288,5.76,0.478733,0.187983,0.1199,0.17085,0.201183,0,41.9566,0.00817652,-0.0693552,-0.0902018,0.00274831,-0.360413,0.431357,0.316638,-0.332871,-0.139252,0.0441713,0.795163,0,13.7268
289,5.78,0.495066,0.186199,0.131603,0.177263,0.197467,0,43.8574,-0.0119393,0.00722536,-0.066561,-0.00598977,-0.354589,0.430417,0.320975,-0.33743,-0.13859,0.0502834,0.803056,0,14.4994
290,5.8,0.463727,0.176668,0.116996,0.170062,0.19571,0,45.4965,0.0115831,-0.0324411,-0.105847,0.0439765,-0.341575,0.429477,0.325313,-0.34199,-0.130372,0.0323363,0.797325,0,14.92
291,5.82,0.490256,0.182198,0.144013,0.164045,0.197098,0,46.3669,0.0162516,0.0595802,0.221105,-0.0133751,-0.353196,0.428536,0.32965,-0.34655,-0.136994,0.0625161,0.792767,0,14.6147
292,5.84,0.469482,0.178383,0.135326,0.155773,0.200532,0,48.2723,0.00218033,-0.0136227,-0.0951464,0.0251816,-0.357106,0.427596,0.333988,-0.35111,-0.135955,0.0574753,0.785944,0,15.073
293,5.86,0.459569,0.174151,0.135284,0.150134,0.199996,0,49.0344,-0.0139469,-0.0384102,0.00832149,0.0121775,-0.359762,0.426656,0.338325,-0.35567,-0.13543,0.046393,0.781744,0,14.3999
294,5.88,0.463265,0.168529,0.14971,0.145027,0.198,0,50.4956,0.0110151,0.0390726,0.213646,-0.0220181,-0.347591,0.425715,0.342663,-0.36023,-0.129944,0.0669084,0.778066,0,14.1735
295,5.9,0.44557,0.167069,0.129635,0.148867,0.19719,0,51.8253,0.00626155,-0.0518962,-0.162853,-0.00136081,-0.351854,0.424775,0.347,-0.36479,-0.129509,0.0440245,0.783323,0,13.9411
296,5.92,0.46982,0.169815,0.137737,0.162267,0.197962,0,51.1265,-0.029011,0.0148473,-0.0523838,-0.0101098,-0.355834,0.423835,0.351338,-0.36935,-0.136225,0.0467722,0.798132,0,14.5206
297,5.94,0.447457,0.162984,0.12212,0.162354,0.198799,0,51.4552,-0.00572078,-0.0534519,-0.136358,0.0483476,-0.346045,0.422895,0.355675,-0.373909,-0.133645,0.0261174,0.799615,0,14.9424
298,5.96,0.463263,0.162333,0.146451,0.15448,0.198396,0,52.0031,0.0255775,0.0561678,0.266493,-0.000286709,-0.350561,0.421954,0.360013,-0.378469,-0.13319,0.0489485,0.793128,0,14.2337
299,5.98,0.443749,0.160583,0.142591,0.140576,0.196757,0,52.8602,0.0102331,0.00489473,-0.00675732,0.0250922,-0.351167,0.421014,0.36435,-0.383029,-0.129762,0.0554014,0.7806,0,15.0479
300,6,0.429328,0.15394,0.14237,0.133018,0.195768,0,53.5493,-0.0113017,-0.0320006,-0.0105639,0.0119134,-0.350057,0.420074,0.368688,-0.387589,-0.126037,0.0459301,0.774409,0,14.5986
301,6.02,0.442335,0.151729,0.157865,0.13274,0.197166,0,54.3704,-0.0103689,0.0654585,0.185644,-0.0242276,-0.346568,0.419133,0.373025,-0.392149,-0.126411,0.0670974,0.775487,0,14.2655
302,6.04,0.43984,0.156172,0.140971,0.142697,0.199975,0,55.5052,0.00929468,-0.0322141,-0.151938,-0.00239166,-0.357389,0.418193,0.377362,-0.396709,-0.133908,0.0489438,0.786788,0,13.9936
303,6.06,0.451061,0.158115,0.13966,0.153286,0.19983,0,56.2707,-0.0103838,-0.0271848,-0.137669,0.0181627,-0.359755,0.417253,0.3817,-0.401269,-0.139684,0.0382147,0.798712,0,13.9531
304,6.08,0.436647,0.147435,0.145464,0.143748,0.19763,0,57.515,0.010459,-0.0121553,-0.0311963,0.0278496,-0.345928,0.416312,0.386037,-0.405829,-0.13049,0.0388318,0.790498,0,14.2317
305,6.1,0.440656,0.148711,0.161405,0.13054,0.195007,0,58.3965,0.0193821,0.0596677,0.264419,-0.00581311,-0.350134,0.415372,0.390375,-0.410388,-0.13051,0.0627587,0.778604,0,14.3559
306,6.12,0.415465,0.141921,0.154089,0.119455,0.195619,0,59.4231,-0.0141621,-0.0424267,-0.0976182,0.0165955,-0.351047,0.414432,0.394713,-0.414948,-0.126105,0.0553757,0.768822,0,15.0738
307,6.14,0.417125,0.140213,0.160624,0.116288,0.197104,0,60.1547,-0.026859,0.000358696,0.0242002,-0.0123839,-0.352829,0.413491,0.39905,-0.419508,-0.129793,0.0572396,0.766947,0,14.1156
308,6.16,0.408731,0.139077,0.150615,0.119039,0.198683,0,61.3897,-0.00731662,-0.0146703,-0.0760581,-0.00303612,-0.355641,0.412551,0.403388,-0.424068,-0.132511,0.0470688,0.770981,0,13.9447
309,6.18,0.411984,0.13825,0.14648,0.127254,0.198087,0,62.1863,-0.00699409,0.00813981,-0.0162393,-0.0106199,-0.354658,0.411611,0.407725,-0.428628,-0.134293,0.0400961,0.780466,0,14.5714
310,6.2,0.40505,0.134308,0.138395,0.132346,0.195557,0,62.9024,0.0112925,0.0220295,0.0409753,0.017257,-0.347119,0.41067,0.412063,-0.433188,-0.131065,0.0323561,0.78682,0,14.1899
311,6.22,0.407354,0.130784,0.149541,0.127029,0.193745,0,63.0172,0.00454252,-0.000799226,-0.0587602,0.020321,-0.344398,0.40973,0.4164,-0.437748,-0.127742,0.0438754,0.782753,0,14.5305
312,6.24,0.406991,0.128625,0.163496,0.114869,0.194242,0,63.6013,-0.00200526,-0.00572098,-0.00180719,0.00274698,-0.345756,0.40879,0.420738,-0.442307,-0.128137,0.054898,0.771833,0,14.2268
313,6.26,0.389438,0.127388,0.153911,0.108139,0.196669,0,64.4998,-0.0116853,0.000786747,0.103465,0.0108663,-0.351274,0.40785,0.425075,-0.446867,-0.129801,0.0463356,0.766331,0,14.608
314,6.28,0.391847,0.125901,0.158025,0.107921,0.198482,0,65.3545,-0.000321721,-0.0084315,0.01263,-0.0123085,-0.354102,0.406909,0.429413,-0.451427,-0.132078,0.0477079,0.767332,0,14.0846
315,6.3,0.382024,0.125485,0.146859,0.10968,0.198091,0,66.6094,0.00528369,0.01805,0.0390599,-0.00236206,-0.356377,0.405969,0.43375,-0.455987,-0.133208,0.0351343,0.770299,0,14.0656
316,6.32,0.38584,0.122303,0.144906,0.118631,0.196543,0,66.8743,-0.000296544,-0.00020762,-0.0943617,0.000413149,-0.35321,0.405029,0.438088,-0.460547,-0.131128,0.0320902,0.780447,0,14.3577
317,6.34,0.376236,0.11749,0.141855,0.116891,0.195717,0,67.0057,0.0136034,-0.0145575,-0.0294574,0.0287809,-0.347444,0.404088,0.442425,-0.465107,-0.127268,0.0279147,0.779895,0,14.648
318,6.36,0.39087,0.117874,0.162964,0.110032,0.196002,0,67.193,-0.00294429,0.0260723,0.076094,0.00238481,-0.351321,0.403148,0.446763,-0.469667,-0.128868,0.0506641,0.774212,0,14.0694
319,6.38,0.370622,0.112504,0.160939,0.097179,0.196641,0,67.794,-0.0101014,-0.0231273,-0.00971994,0.017973,-0.352176,0.402208,0.4511,-0.474227,-0.126897,0.0471344,0.762524,0,14.9431
320,6.4,0.36286,0.10848,0.164975,0.0894046,0.196857,0,68.6401,-0.00142232,-0.0070171,0.0232124,-0.00523829,-0.351915,0.401267,0.455438,-0.478786,-0.125633,0.049844,0.755904,0,14.0535
321,6.42,0.354182,0.106381,0.157885,0.0899153,0.197055,0,69.4066,0.007221,-0.0122873,-0.0442308,-0.00476358,-0.353557,0.400327,0.459775,-0.483346,-0.125482,0.0420566,0.757559,0,14.0164
322,6.44,0.353043,0.105874,0.15013,0.0970387,0.197154,0,70.0975,-0.0120124,0.00345162,-0.0384831,-0.00415952,-0.354739,0.399387,0.464112,-0.487906,-0.127312,0.0327944,0.765816,0,14.3684
323,6.46,0.358071,0.104789,0.146916,0.106366,0.196563,0,70.2822,-0.0103963,0.0249848,0.0264548,0.0105517,-0.352126,0.398446,0.46845,-0.492466,-0.129015,0.0289996,0.776266,0,13.9895
324,6.48,0.359391,0.101757,0.154838,0.102796,0.195553,0,70.2625,-0.00163833,-0.000602573,-0.0581642,0.0181916,-0.348721,0.397506,0.472787,-0.497026,-0.128023,0.0368696,0.773808,0,14.3397
325,6.5,0.353979,0.0985065,0.165546,0.0899273,0.194838,0,70.5492,0.00105743,0.00150445,0.0110934,0.0137212,-0.346783,0.396566,0.477125,-0.501586,-0.126717,0.0464341,0.762041,0,14.4357
326,6.52,0.340435,0.0958557,0.165621,0.0789582,0.195507,0,70.9046,-0.00503189,-0.0103117,0.0296485,0.0067997,-0.349008,0.395625,0.481463,-0.506146,-0.12625,0.0456498,0.752163,0,14.5148
327,6.54,0.336488,0.0939568,0.164666,0.0778647,0.196888,0,71.9355,-0.0114771,-0.0140667,-0.0118643,-0.00932983,-0.352054,0.394685,0.4858,-0.510706,-0.127902,0.0423244,0.75215,0,14.0864
328,6.56,0.328378,0.0934731,0.154195,0.0807097,0.197961,0,72.6594,-0.000781299,-0.0123808,-0.0838814,0.00273167,-0.355202,0.393745,0.490138,-0.515265,-0.130005,0.0317113,0.756064,0,14.0673
329,6.58,0.336179,0.091406,0.153268,0.0915048,0.197671,0,72.9208,-0.0033118,0.0113479,-0.0469874,-0.00262866,-0.35372,0.392805,0.494475,-0.519825,-0.130058,0.029806,0.767918,0,14.4347
330,6.6,0.331715,0.0877077,0.150502,0.0935053,0.195829,0,72.9438,0.00915459,0.01255,0.0121169,0.0214091,-0.349233,0.391864,0.498813,-0.524385,-0.127022,0.0277669,0.770967,0,14.4242
331,6.62,0.332625,0.0832614,0.164736,0.0846267,0.194076,0,72.5012,0.000895505,-0.00957066,-0.0390765,0.0161796,-0.345457,0.390924,0.50315,-0.528945,-0.123647,0.0414696,0.763125,0,14.538
332,6.64,0.320164,0.0800152,0.170112,0.0700373,0.194402,0,72.7564,-0.0049015,-0.0058892,0.0641468,0.0138997,-0.345714,0.389984,0.507487,-0.533505,-0.122734,0.0461055,0.749563,0,14.752
333,6.66,0.316822,0.0798463,0.17125,0.0657255,0.196745,0,73.174,-0.0153417,-0.0100507,0.00541757,-0.00112501,-0.351541,0.389043,0.511825,-0.538065,-0.126542,0.0454552,0.746267,0,14.203
334,6.68,0.311777,0.0791372,0.164052,0.068588,0.198365,0,74.1171,-0.00555886,0.0187848,0.066531,-0.0023209,-0.35489,0.388103,0.516163,-0.542625,-0.129606,0.0372924,0.750135,0,13.9612
335,6.7,0.31291,0.0774744,0.158794,0.0766413,0.198179,0,74.7027,0.000492146,0.01284,0.0270018,-0.00292376,-0.354904,0.387163,0.5205,-0.547185,-0.129838,0.0306689,0.759183,0,14.3629
336,6.72,0.308821,0.073096,0.153625,0.0821001,0.19593,0,75.1131,0.0185119,0.0152337,0.0177557,0.0193142,-0.349748,0.386222,0.524837,-0.551744,-0.125449,0.0265782,0.765625,0,14.2719
337,6.74,0.311069,0.0684654,0.16772,0.0748842,0.194259,0,74.8747,0.00451169,-0.00135744,-0.0469955,0.0158367,-0.346337,0.385282,0.529175,-0.556304,-0.120877,0.0412568,0.759383,0,14.4581
338,6.76,0.303227,0.0655037,0.176466,0.0612577,0.194537,0,74.9514,-0.00611292,0.0111797,0.0825533,0.00596948,-0.347272,0.384342,0.533513,-0.560864,-0.120336,0.0489343,0.746719,0,14.375
339,6.78,0.29134,0.0643378,0.171631,0.0553706,0.196569,0,75.5932,-0.0208895,-0.00471619,0.0336527,0.00458654,-0.351855,0.383401,0.53785,-0.565424,-0.123004,0.0434207,0.741784,0,14.3907
340,6.8,0.284822,0.0626837,0.168538,0.0535997,0.198035,0,76.3887,-0.0090995,0.0105851,0.0783507,-0.00131946,-0.354444,0.382461,0.542188,-0.569984,-0.125392,0.0388614,0.740954,0,14.0612
341,6.82,0.283094,0.0599402,0.165215,0.0579389,0.19815,0,77.2528,0.00958827,-0.0150257,-0.0460302,-0.0102668,-0.355048,0.381521,0.546525,-0.574544,-0.12474,0.0343547,0.746224,0,14.3812
342,6.84,0.276906,0.0560645,0.153424,0.0674171,0.196377,0,77.9037,0.00822117,0.0294288,0.0711078,0.0129736,-0.350901,0.380581,0.550863,-0.579104,-0.121227,0.0232913,0.756621,0,14.0729
343,6.86,0.279983,0.0514723,0.16271,0.0658,0.194051,0,78.0427,1.54541e-05,-0.00492754,-0.0914776,0.0188424,-0.345718,0.37964,0.5552,-0.583663,-0.117346,0.0329722,0.755913,0,14.4075
344,6.88,0.276091,0.0485629,0.173943,0.0535842,0.193366,0,77.9995,-0.00701721,-0.001541,0.00334201,0.0192598,-0.343255,0.3787,0.559538,-0.588223,-0.11669,0.0437549,0.744596,0,14.7072
345,6.9,0.269499,0.0481803,0.176982,0.0443376,0.195468,0,78.5528,-0.0120012,-0.0136137,-0.0126201,0.00527086,-0.348287,0.37776,0.563875,-0.592783,-0.119955,0.045708,0.736237,0,14.4178
346,6.92,0.269282,0.0482017,0.175649,0.0454315,0.198304,0,79.5406,-0.0120691,-0.00879682,-0.00266669,-0.00842767,-0.355309,0.376819,0.568213,-0.597343,-0.124543,0.0421253,0.738208,0,14.0203
347,6.94,0.260526,0.0474799,0.1643,0.0487462,0.198809,0,80.7927,0.000921814,-0.0181741,-0.0635083,0.00124793,-0.356846,0.375879,0.57255,-0.601903,-0.125876,0.0312888,0.742389,0,13.8555
348,6.96,0.260558,0.0430391,0.159652,0.0578672,0.196669,0,81.4156,0.00666525,0.00240295,-0.0498448,0.00635572,-0.351294,0.374939,0.576888,-0.606463,-0.122204,0.0264194,0.752365,0,14.1869
349,6.98,0.25688,0.0382798,0.165063,0.0535365,0.194418,0,81.7975,0.00856654,0.00992654,0.0177533,0.0205606,-0.34719,0.373998,0.581225,-0.611023,-0.117104,0.0327155,0.74888,0,14.5271
350,7,0.256097,0.0347731,0.179039,0.0422848,0.193773,0,81.9523,-0.00645759,-0.00370512,-0.0343889,0.0120084,-0.345001,0.373058,0.585563,-0.615583,-0.115925,0.045694,0.738462,0,14.4026
351,7.02,0.24521,0.0327376,0.180615,0.0318576,0.195771,0,82.5808,-0.0140562,-0.020139,-0.0188677,0.00340225,-0.349034,0.372118,0.5899,-0.620142,-0.117837,0.0465134,0.728858,0,14.3692
352,7.04,0.237607,0.0318392,0.174458,0.0313101,0.197861,0,83.5191,-0.0101439,-0.0140662,-0.0181197,-0.00593235,-0.352787,0.371177,0.594238,-0.624702,-0.121074,0.0395774,0.729124,0,13.8559
353,7.06,0.229569,0.0308725,0.165928,0.0327682,0.19819,0,84.5225,0.00135808,0.00227424,0.0166336,0.00208161,-0.354793,0.370237,0.598575,-0.629262,-0.122033,0.0307991,0.731384,0,13.9114
354,7.08,0.230478,0.0273508,0.160457,0.0426708,0.196595,0,85.2969,0.00732501,0.00658315,-0.0383508,0.00413649,-0.351307,0.369297,0.602912,-0.633822,-0.119481,0.0249335,0.742078,0,14.2599
355,7.1,0.230686,0.0253009,0.16309,0.0422944,0.194866,0,85.857,0.00321634,0.00972773,0.0198357,0.0207562,-0.347919,0.369272,0.603025,-0.63394,-0.115332,0.029269,0.741722,0,14.4705
356,7.12,0.235208,0.0243145,0.177214,0.03368,0.194272,0,86.101,-0.00434979,-0.000231267,-0.00957366,0.013661,-0.34596,0.369272,0.603025,-0.63394,-0.1145,0.042815,0.733108,0,14.3857
357,7.14,0.226419,0.0245245,0.17941,0.0224842,0.195747,0,86.6402,-0.00906827,-0.019264,-0.0222053,0.00324844,-0.349194,0.369272,0.603025,-0.63394,-0.115985,0.0443641,0.721912,0,14.4173
358,7.16,0.220397,0.0254306,0.173667,0.0212998,0.19741,0,87.5393,-0.00998748,-0.0131573,-0.00808379,-0.00129157,-0.352692,0.369272,0.603025,-0.63394,-0.118599,0.0380953,0.720728,0,14.0576
359,7.18,0.213884,0.0263653,0.164727,0.0227913,0.197888,0,88.5739,-0.0033127,-0.0153479,-0.0699709,0.003252,-0.354206,0.369272,0.603025,-0.63394,-0.119519,0.0294346,0.722219,0,14.0857
360,7.2,0.220056,0.0248865,0.162084,0.0330856,0.19705,0,89.3557,0.000982757,0.0107299,-0.0688972,-0.00324863,-0.352174,0.369272,0.603025,-0.63394,-0.117583,0.0262641,0.732513,0,14.4872
361,7.22,0.216315,0.023317,0.158168,0.0348292,0.195599,0,89.9959,0.010713,0.00173716,-0.0132887,0.026489,-0.348801,0.369272,0.603025,-0.63394,-0.114016,0.0242637,0.734257,0,14.7001
362,7.24,0.227048,0.0224689,0.177342,0.0272375,0.194517,0,90.2523,-0.00138362,0.00196495,-0.0256679,0.0117981,-0.346879,0.369272,0.603025,-0.63394,-0.112737,0.0427346,0.726665,0,14.3084
363,7.26,0.212215,0.0218132,0.17747,0.0129319,0.195073,0,90.8494,-0.00582357,-0.00670286,0.0408364,0.0114835,-0.346977,0.369272,0.603025,-0.63394,-0.11255,0.0430594,0.71236,0,14.6794
364,7.28,0.210237,0.0234099,0.176445,0.0103822,0.197037,0,91.5743,-0.0128502,-0.00784454,0.00385363,-0.00650307,-0.352061,0.369272,0.603025,-0.63394,-0.115991,0.0407243,0.70981,0,13.9687
365,7.3,0.203129,0.0246039,0.166019,0.0125054,0.19817,0,92.6533,-0.00830185,-0.00712,-0.0149744,0.00447011,-0.35459,0.369272,0.603025,-0.63394,-0.117992,0.0307626,0.711933,0,14.1773
366,7.32,0.206527,0.0228238,0.16306,0.0206431,0.197578,0,93.4707,-0.00183817,0.00540021,-0.081155,-0.00580916,-0.352643,0.369272,0.603025,-0.63394,-0.116313,0.027199,0.720071,0,14.4455
367,7.34,0.202642,0.020666,0.157378,0.0245976,0.195915,0,94.1709,0.0149603,0.00202609,0.00461776,0.0251018,-0.348308,0.369272,0.603025,-0.63394,-0.11217,0.0232196,0.724025,0,14.5647
368,7.36,0.211998,0.0191225,0.176518,0.0163575,0.194647,0,94.4096,0.00341949,-0.000450928,-0.044753,0.0120966,-0.346276,0.369272,0.603025,-0.63394,-0.109267,0.0424627,0.715785,0,14.2699
369,7.38,0.198677,0.0185408,0.178203,0.00193352,0.19492,0,94.9449,-0.00157457,0.00281405,0.107289,0.00737619,-0.347439,0.369272,0.603025,-0.63394,-0.108559,0.0438265,0.701361,0,14.544
370,7.4,0.196391,0.0195778,0.175211,0.00160205,0.196578,0,95.6722,-0.0180848,-0.00814134,0.0299161,-0.0049308,-0.351688,0.369272,0.603025,-0.63394,-0.111234,0.0397485,0.697826,0,14.0892
371,7.42,0.185502,0.0205603,0.164749,0.000193119,0.197608,0,96.682,-0.0115292,0.00380594,0.0140496,0.00334383,-0.352952,0.369272,0.603025,-0.63394,-0.113651,0.0294805,0.699235,0,14.1596
372,7.44,0.188323,0.019732,0.161048,0.00754344,0.197616,0,97.473,-0.00235566,-0.00182757,-0.100028,-0.000541379,-0.352764,0.369272,0.603025,-0.63394,-0.113279,0.02544,0.706971,0,14.2172
373,7.46,0.189388,0.0184471,0.158479,0.0124616,0.196359,0,97.7974,0.0134629,0.00291148,0.0124667,0.0221688,-0.349126,0.369272,0.603025,-0.63394,-0.110503,0.0240077,0.711889,0,14.4556
374,7.48,0.197164,0.0171524,0.177232,0.00277942,0.195147,0,97.3894,0.00629276,0.00173454,-0.0654144,0.00840588,-0.347244,0.369272,0.603025,-0.63394,-0.107728,0.0428697,0.702207,0,14.1757
375,7.5,0.204123,0.0158093,0.177046,0.0112678,0.195132,0,96.9749,0.00208435,0.00178867,0.114838,0.00638212,-0.347802,0.369272,0.603025,-0.63394,-0.105878,0.0423729,0.68816,0,14.5313
376,7.52,0.205773,0.0156784,0.175511,0.0145835,0.196723,0,96.5706,-0.00217198,0.00293993,0.0467619,-0.0131712,-0.350702,0.369272,0.603025,-0.63394,-0.106501,0.0408173,0.684844,0,14.1123
377,7.54,0.187483,0.0151552,0.158364,0.0139643,0.197818,0,96.7243,-0.0071853,-0.0152396,-0.00107143,0.014985,-0.353293,0.369272,0.603025,-0.63394,-0.106991,0.0225452,0.685464,0,14.4989
378,7.56,0.182365,0.0168672,0.159806,0.00569189,0.197882,0,96.8295,0.00362758,0.00211866,-0.0337598,-0.00116173,-0.355735,0.369272,0.603025,-0.63394,-0.108189,0.0247964,0.693736,0,14.3501
379,7.58,0.172919,0.0144555,0.158044,0.000419497,0.196477,0,96.8661,0.0102005,0.00407271,-0.0638448,0.0200304,-0.350902,0.369272,0.603025,-0.63394,-0.105372,0.0228669,0.699847,0,14.3386
380,7.6,0.197331,0.014232,0.171904,0.0111951,0.196223,0,96.6832,0.0197678,-0.00218675,0.0130862,0.0165693,-0.350571,0.369272,0.603025,-0.63394,-0.103528,0.0355542,0.688233,0,14.2504
381,7.62,0.21986,0.0167476,0.179472,0.0236401,0.196261,0,96.6883,-0.0093561,-0.000242354,0.0151673,0.00192287,-0.352782,0.369272,0.603025,-0.63394,-0.105318,0.0457862,0.675788,0,14.4078
382,7.64,0.221597,0.0135529,0.177602,0.0304421,0.197083,0,97.0988,-0.00636478,0.0127883,0.0668674,-0.0177999,-0.35,0.369272,0.603025,-0.63394,-0.103576,0.0442329,0.668986,0,14.2446
383,7.66,0.203973,0.0140177,0.158885,0.03107,0.197315,0,97.9967,-0.00196484,-0.0155847,-0.042547,0.0132437,-0.355055,0.369272,0.603025,-0.63394,-0.105162,0.0238241,0.668358,0,14.6138
384,7.68,0.198429,0.0128796,0.159466,0.0260836,0.197315,0,98.9818,-0.000849137,-0.00379258,-0.00965228,-0.00256969,-0.354335,0.369272,0.603025,-0.63394,-0.104138,0.0242287,0.673344,0,14.3845
385,7.7,0.186349,0.0108245,0.157532,0.0179926,0.196412,0,99.7333,0.00228584,0.0112768,-0.0369228,0.0191977,-0.350625,0.369272,0.603025,-0.63394,-0.102219,0.0223416,0.681435,0,14.2678
386,7.72,0.208484,0.010363,0.167708,0.0304126,0.196995,0,100.143,0.0362852,-0.0378608,-0.0191487,0.0248994,-0.34765,0.369272,0.603025,-0.63394,-0.100423,0.029715,0.669015,0,14.5138
387,7.74,0.245787,0.0177434,0.188054,0.0399901,0.197886,0,100.407,0.00274596,0.0565857,0.0923492,-0.00443382,-0.356407,0.369272,0.603025,-0.63394,-0.10503,0.0553163,0.659438,0,14.3603
388,7.76,0.247284,0.0152768,0.177689,0.0543182,0.197378,0,100.889,-0.0172319,-0.0310626,-0.0823065,0.00483025,-0.355959,0.369272,0.603025,-0.63394,-0.103933,0.0443393,0.64511,0,14.5282
389,7.78,0.244709,0.0123684,0.173657,0.0586827,0.196492,0,101.397,-0.011846,0.00310948,0.035931,-0.0158734,-0.351862,0.369272,0.603025,-0.63394,-0.102489,0.0387249,0.640745,0,14.4335
390,7.8,0.22357,0.00979395,0.155385,0.0583904,0.196428,0,102.056,-0.00168451,0.00113076,-0.0614897,0.017989,-0.350117,0.369272,0.603025,-0.63394,-0.100596,0.0203134,0.641037,0,14.5385
391,7.82,0.217949,0.00950215,0.159586,0.0488611,0.197291,0,102.456,0.00338735,0.043266,-0.0016919,-0.0158973,-0.350225,0.369272,0.603025,-0.63394,-0.100417,0.0261797,0.650567,0,14.6216
392,7.84,0.211978,0.0106846,0.156836,0.044457,0.197881,0,102.659,0.0316189,-0.0518973,-0.168569,0.039597,-0.353691,0.369272,0.603025,-0.63394,-0.101474,0.021518,0.654971,0,15.2089
393,7.86,0.22483,0.00430896,0.179523,0.040998,0.198188,0,102.798,0.0182038,-0.00345598,0.0792106,0.0131933,-0.349468,0.369272,0.603025,-0.63394,-0.0939309,0.037198,0.65843,0,13.9297
394,7.88,0.266013,0.0121486,0.195273,0.0585917,0.195918,0,102.737,-0.0134017,0.0509397,0.10879,0.0211028,-0.352903,0.369272,0.603025,-0.63394,-0.0987863,0.0594023,0.640836,0,14.4356
395,7.9,0.260794,0.0109476,0.18226,0.0675858,0.194785,0,103.054,-0.0310452,-0.00613388,0.062707,0.00778551,-0.350496,0.369272,0.603025,-0.63394,-0.0986255,0.0491218,0.631842,0,14.6741
396,7.92,0.262697,0.00889806,0.188731,0.0650678,0.197274,0,102.98,0.0051685,0.0231929,0.0696023,-0.0252044,-0.345367,0.369272,0.603025,-0.63394,-0.0980614,0.058625,0.63436,0,14.4199
397,7.94,0.238108,0.0107816,0.178353,0.0489736,0.199041,0,103.193,0.0242434,-0.0857429,-0.369157,0.0611685,-0.354488,0.369272,0.603025,-0.63394,-0.101923,0.0422149,0.650454,0,15.47
398,7.96,0.228706,0.00119472,0.190679,0.0368323,0.199719,0,103.332,0.0388124,-0.0403033,-0.0045533,0.00560665,-0.344098,0.369272,0.603025,-0.63394,-0.0902788,0.040196,0.662596,0,14.2235
399,7.98,0.258029,0.00830454,0.221566,0.0281578,0.193135,0,102.827,0.0381197,0.144756,0.455328,-0.0578944,-0.349729,0.369272,0.603025,-0.63394,-0.0911369,0.0881466,0.67127,0,17.0648
400,8,0.220059,0.0111017,0.189785,0.0191725,0.185978,0,103.158,-0.0355217,-0.176589,-0.499213,0.0562682,-0.318845,0.369272,0.603025,-0.63394,-0.0697083,0.0533616,0.680255,0,16.2226
401,8.02,0.263369,0.0255516,0.214824,0.0229933,0.184053,0,103.222,-0.000929483,-0.0162255,-0.103624,0.021947,-0.297861,0.369272,0.603025,-0.63394,-0.0609889,0.0619678,0.676435,0,14.9561
402,8.04,0.23881,0.0105291,0.207022,0.0212581,0.192342,0,103.251,0.0311318,-0.0568575,0.0799136,0.0663748,-0.31381,0.369272,0.603025,-0.63394,-0.0768265,0.0539837,0.67817,0,15.6214
403,8.06,0.222589,0.00772739,0.211317,0.00354439,0.204369,0,103.09,0.049827,0.0133785,0.0411957,0.0116451,-0.352204,0.369272,0.603025,-0.63394,-0.0953608,0.0536317,0.695883,0,14.5844
404,8.08,0.254334,0.0260865,0.215489,0.0127585,0.208356,0,102.727,-0.0445699,0.116053,0.241086,-0.0118184,-0.385725,0.369272,0.603025,-0.63394,-0.114706,0.0654446,0.712186,0,14.8288
405,8.1,0.237905,0.0237868,0.199417,0.0147007,0.201198,0,102.695,-0.0878172,0.0335972,-0.260038,0.0447663,-0.36587,0.369272,0.603025,-0.63394,-0.113979,0.059112,0.714128,0,14.8144
406,8.12,0.230027,0.00402249,0.215595,0.0104093,0.192218,0,102.888,-0.0372028,0.0274973,-0.00647211,0.00116161,-0.333086,0.369272,0.603025,-0.63394,-0.0989333,0.0705715,0.709837,0,14.4474
407,8.14,0.286546,0.00772958,0.257788,0.0210283,0.18936,0,103.369,0.0290891,0.10242,0.302181,-0.0422321,-0.325298,0.369272,0.603025,-0.63394,-0.0971811,0.128156,0.720456,0,15.5395
408,8.16,0.29866,0.0234167,0.246678,0.0285649,0.191087,0,103.682,0.0662208,-0.142591,-0.510309,0.0695306,-0.341981,0.369272,0.603025,-0.63394,-0.112843,0.109795,0.727993,0,16.7326
409,8.18,0.301927,0.0110264,0.266515,0.0243861,0.198951,0,103.749,0.0657612,-0.0667416,-0.0872074,-0.0164152,-0.336539,0.369272,0.603025,-0.63394,-0.100921,0.110425,0.723814,0,15.8083
410,8.2,0.319286,0.0264036,0.248708,0.0441736,0.200306,0,103.958,-0.00360034,0.0597199,0.13504,0.00647177,-0.362773,0.369272,0.603025,-0.63394,-0.111698,0.0987273,0.743601,0,15.2109
411,8.22,0.268394,0.0112916,0.208357,0.0487456,0.194733,0,103.744,-0.0194446,-0.164925,-0.426303,0.0994646,-0.322115,0.369272,0.603025,-0.63394,-0.0977966,0.05178,0.748173,0,17.2974
412,8.24,0.304485,0.00276676,0.265244,0.0364739,0.18726,0,104.153,-0.0186913,0.110002,0.38226,-0.00068465,-0.309212,0.369272,0.603025,-0.63394,-0.0895017,0.106302,0.735902,0,15.3686
413,8.26,0.350827,0.0299352,0.274819,0.0460724,0.185414,0,104.366,-0.0400483,0.0639125,0.32473,0.0166621,-0.328674,0.369272,0.603025,-0.63394,-0.112724,0.135416,0.7455,0,15.63
414,8.28,0.410589,0.0475519,0.302815,0.0602218,0.189921,0,105.127,-0.0521967,0.0230871,0.106564,-0.0203334,-0.343855,0.369272,0.603025,-0.63394,-0.13489,0.168768,0.75965,0,14.6445
415,8.3,0.444393,0.0504292,0.3419,0.052063,0.198042,0,105.557,0.0366466,0.157207,0.40132,-0.104144,-0.330107,0.369272,0.603025,-0.63394,-0.138647,0.221463,0.751491,0,16.3674
416,8.32,0.470312,0.0726976,0.318061,0.0795527,0.207583,0,105.961,0.104854,0.0386334,0.0721716,-0.0471242,-0.351477,0.369272,0.603025,-0.63394,-0.155368,0.212049,0.778981,0,14.0226
417,8.34,0.501668,0.0773878,0.332673,0.0916069,0.20804,0,106.402,0.0573188,0.0654079,0.233751,-0.10106,-0.351414,0.369272,0.603025,-0.63394,-0.153864,0.22929,0.791035,0,15.1255
418,8.36,0.500668,0.061578,0.35672,0.0823704,0.199132,0,105.867,0.066387,0.18233,0.676661,-0.154813,-0.291047,0.369272,0.603025,-0.63394,-0.125992,0.274892,0.781798,0,16.4073
419,8.38,0.474186,0.0598832,0.316396,0.0979068,0.195268,0,106.218,0.0556597,-0.0517938,-0.377542,-0.0825242,-0.288453,0.369272,0.603025,-0.63394,-0.11685,0.242509,0.797335,0,14.2919
420,8.4,0.46178,0.0686664,0.274817,0.118296,0.201081,0,106.049,-0.0681689,-0.151028,-0.438828,-0.0867531,-0.337158,0.369272,0.603025,-0.63394,-0.132285,0.180376,0.817724,0,14.7847
421,8.42,0.464049,0.0766677,0.259742,0.12764,0.20668,0,105.858,-0.17734,-0.137979,-0.0266245,-0.0482619,-0.360674,0.369272,0.603025,-0.63394,-0.155722,0.149566,0.827067,0,13.9435
422,8.44,0.421063,0.0767755,0.216178,0.128109,0.202189,0,106.097,-0.173588,-0.252161,-0.353254,0.0190591,-0.375543,0.369272,0.603025,-0.63394,-0.171304,0.085732,0.827537,0,15.0465
423,8.46,0.392686,0.0510373,0.225841,0.115808,0.199947,0,106.337,-0.0215076,0.0198021,0.0713854,-0.0111097,-0.351408,0.369272,0.603025,-0.63394,-0.156141,0.0798919,0.815236,0,14.4838
424,8.48,0.385878,0.0565305,0.21895,0.110397,0.195833,0,106.996,0.0574367,0.0338031,0.127543,-0.00635567,-0.354528,0.369272,0.603025,-0.63394,-0.15451,0.0852968,0.809825,0,14.6001
425,8.5,0.372583,0.0566717,0.212948,0.102964,0.194092,0,106.787,0.0360064,-0.0266662,0.0673888,-0.00470485,-0.359401,0.369272,0.603025,-0.63394,-0.150555,0.0767916,0.802392,0,15.2183
426,8.52,0.38674,0.0566217,0.232699,0.0974199,0.197096,0,106.679,0.0178923,0.0701137,0.20402,-0.0483755,-0.35834,0.369272,0.603025,-0.63394,-0.149594,0.100231,0.796848,0,15.6151
427,8.54,0.389029,0.0585324,0.234207,0.0962892,0.203537,0,106.441,0.0320579,0.074343,0.126052,-0.0565645,-0.358426,0.369272,0.603025,-0.63394,-0.150411,0.112,0.795717,0,14.9966
428,8.56,0.403125,0.067282,0.22899,0.106853,0.206923,0,106.594,0.0280498,-0.0085638,-0.126171,-0.0348041,-0.3708,0.369272,0.603025,-0.63394,-0.157773,0.110191,0.806281,0,14.3606
429,8.58,0.425904,0.0673466,0.240943,0.117615,0.202532,0,106.386,-0.00356772,0.0102691,0.153845,-0.0680457,-0.360248,0.369272,0.603025,-0.63394,-0.156177,0.118796,0.817042,0,15.5887
430,8.6,0.412966,0.0607547,0.230474,0.121737,0.1975,0,105.982,0.00145489,0.0335754,0.0168423,-0.0424554,-0.337914,0.369272,0.603025,-0.63394,-0.145638,0.11598,0.821165,0,15.1524
431,8.62,0.36144,0.071353,0.156425,0.133662,0.194961,0,106.105,-0.0425606,-0.208372,-0.673842,0.0427321,-0.367685,0.369097,0.598909,-0.629729,-0.158799,0.02692,0.831738,0,16.5166
432,8.64,0.360846,0.0675764,0.166434,0.126835,0.199555,0,106.072,-0.0450245,-0.013899,0.0558194,-0.0143342,-0.371494,0.368921,0.594793,-0.625519,-0.163175,0.0219279,0.823555,0,15.0251
433,8.66,0.382952,0.0793587,0.165664,0.13793,0.201398,0,105.894,-0.0308077,0.0494841,0.226415,0.00137849,-0.378517,0.368746,0.590677,-0.621308,-0.175033,0.0318392,0.833293,0,14.8237
434,8.68,0.33548,0.0682003,0.144789,0.122491,0.197128,0,105.985,0.0236363,-0.0215291,-0.0351069,0.0325496,-0.366404,0.368571,0.586562,-0.617097,-0.161973,0.0107833,0.816495,0,15.6448
435,8.7,0.345805,0.0591344,0.189349,0.097322,0.194027,0,105.939,0.057019,0.0719678,0.149786,-0.0326396,-0.353905,0.368395,0.582446,-0.612886,-0.146149,0.0599538,0.789964,0,15.8371
436,8.72,0.381969,0.0631614,0.219245,0.0995625,0.197321,0,105.847,0.0293576,0.0490141,-0.0347149,-0.0177218,-0.358496,0.36822,0.57833,-0.608675,-0.145589,0.0973167,0.790841,0,14.7456
437,8.74,0.418106,0.0757961,0.219059,0.123251,0.20083,0,106.144,-0.0229809,-0.00433389,-0.0420188,-0.021794,-0.368314,0.368044,0.574214,-0.604464,-0.159152,0.0963919,0.813163,0,14.6798
438,8.76,0.411765,0.0806087,0.193291,0.137865,0.200992,0,106.159,-0.0312402,-0.0123229,0.00861906,-0.0260693,-0.364631,0.367869,0.570098,-0.600254,-0.164816,0.0718755,0.826409,0,14.8235
439,8.78,0.359221,0.0804213,0.139977,0.138822,0.197857,0,106.196,0.0163182,-0.0918522,-0.561639,0.0610448,-0.367683,0.367693,0.565983,-0.596043,-0.167798,0.00579994,0.825996,0,16.9544
440,8.8,0.322177,0.0641833,0.132981,0.125012,0.197582,0,105.985,0.0360867,-0.0195351,0.231417,0.0242737,-0.358641,0.367518,0.561867,-0.591832,-0.150211,-0.00988459,0.810813,0,15.2957
441,8.82,0.372781,0.0814833,0.16506,0.126238,0.197575,0,105.71,0.00769241,0.112635,0.322776,-0.00479079,-0.376782,0.367342,0.557751,-0.587621,-0.159438,0.038466,0.810665,0,15.2002
442,8.84,0.350105,0.069942,0.1628,0.117363,0.197226,0,105.926,-0.0329711,-0.0152555,0.0660731,-0.0121393,-0.363985,0.367167,0.553635,-0.58341,-0.147066,0.0427612,0.800413,0,14.8115
443,8.86,0.380624,0.0694994,0.197646,0.113478,0.197468,0,105.665,0.00717584,0.0322629,0.144596,-0.042966,-0.353078,0.366991,0.549519,-0.579199,-0.145987,0.0817586,0.795149,0,15.1958
444,8.88,0.385756,0.0750912,0.187053,0.123613,0.198232,0,105.584,0.0334373,-0.0163038,-0.0585815,-0.0280534,-0.358883,0.366816,0.545403,-0.574989,-0.148984,0.0725349,0.803903,0,14.6876
445,8.9,0.405076,0.0918529,0.16586,0.147364,0.198151,0,105.108,0.00772394,-0.0537387,-0.303935,0.00981339,-0.373216,0.36664,0.541288,-0.570778,-0.164804,0.0465153,0.826272,0,15.3766
446,8.92,0.358082,0.0793604,0.133973,0.144748,0.198463,0,105.315,-0.0116318,-0.116015,-0.370369,0.0553263,-0.366361,0.366465,0.537172,-0.566567,-0.15638,-0.000541406,0.822271,0,16.0982
447,8.94,0.335787,0.0733342,0.126306,0.136147,0.200165,0,104.935,0.000178426,0.0304382,0.153711,0.0234872,-0.365995,0.366289,0.533056,-0.562356,-0.150944,-0.0126536,0.812283,0,14.6024
448,8.96,0.328835,0.0739879,0.127524,0.127323,0.199497,0,105.262,-0.00910082,0.0229252,0.131011,0.0537779,-0.369302,0.366114,0.52894,-0.558145,-0.147903,-0.00330527,0.802071,0,15.7789
449,8.98,0.360535,0.0773473,0.172809,0.110378,0.195046,0,105.4,-0.0235248,0.0655551,0.256799,-0.0162671,-0.372798,0.365939,0.524824,-0.553934,-0.148036,0.0498572,0.783736,0,15.4158
450,9,0.388916,0.0715409,0.20735,0.110026,0.195067,0,105.239,0.0187533,0.12407,0.318641,-0.0569863,-0.344127,0.365763,0.520709,-0.549724,-0.137339,0.100935,0.781991,0,16.1583
451,9.02,0.410074,0.0866728,0.192219,0.131182,0.197279,0,105.693,0.0349634,-0.0894201,-0.358561,0.00940935,-0.360832,0.365588,0.516593,-0.545513,-0.150535,0.0862138,0.801753,0,16.2043
452,9.04,0.453359,0.0953081,0.216926,0.141125,0.197965,0,105.656,0.000269957,0.00211415,0.0358378,-0.0513545,-0.371621,0.365412,0.512477,-0.541302,-0.160404,0.100359,0.8103,0,16.3249
453,9.06,0.433083,0.0963596,0.185308,0.151416,0.196161,0,105.629,-0.0331825,0.00669726,-0.00392877,-0.00351514,-0.361633,0.365237,0.508361,-0.537091,-0.159878,0.0755375,0.819193,0,14.897
454,9.08,0.390171,0.0898076,0.150325,0.150038,0.193198,0,105.485,-0.0211836,-0.0492848,-0.353077,0.0135129,-0.362289,0.365061,0.504245,-0.53288,-0.157077,0.0298763,0.816416,0,15.2199
455,9.1,0.386727,0.0864701,0.156425,0.143832,0.192977,0,106.237,-0.00828705,0.038316,0.0452241,0.0022685,-0.361874,0.364886,0.50013,-0.528669,-0.153571,0.0387064,0.808809,0,15.4575
456,9.12,0.358895,0.0809282,0.152075,0.125892,0.193303,0,105.175,0.00383774,-0.0259886,-0.0174383,0.00250045,-0.363538,0.36471,0.496014,-0.524459,-0.146482,0.0364464,0.789466,0,15.3432
457,9.14,0.394968,0.079176,0.194522,0.12127,0.194418,0,105.659,0.0417155,0.124879,0.202358,-0.0495438,-0.350241,0.364535,0.491898,-0.520248,-0.141423,0.0869491,0.78344,0,16.3569
458,9.16,0.42479,0.0933246,0.193117,0.138348,0.195628,0,105.522,0.0345003,-0.0526973,-0.236961,0.0132489,-0.365353,0.364359,0.487782,-0.516037,-0.150811,0.0880448,0.799112,0,15.6685
459,9.18,0.481396,0.102447,0.215827,0.163123,0.194697,0,104.731,0.000570563,0.0790928,0.36165,-0.080384,-0.356916,0.364184,0.483666,-0.511826,-0.157898,0.109762,0.822479,0,17.3205
460,9.2,0.425195,0.0959997,0.172568,0.156626,0.194044,0,105.584,-0.00410657,-0.0272864,0.00856107,-0.00135558,-0.349224,0.364008,0.47955,-0.507615,-0.147272,0.0793128,0.814573,0,16.1063
461,9.22,0.373541,0.0974049,0.12236,0.153776,0.192228,0,105.649,-0.0437603,-0.149327,-0.426952,0.0144868,-0.369787,0.363833,0.475435,-0.503404,-0.152666,0.0117477,0.810311,0,15.9851
462,9.24,0.355347,0.0831544,0.140518,0.131675,0.193672,0,105.936,-0.0185956,0.000528763,0.124184,0.00435536,-0.362389,0.363657,0.471319,-0.499194,-0.141806,0.0232762,0.786798,0,15.3368
463,9.26,0.394138,0.087962,0.173256,0.13292,0.19379,0,106.366,-0.0035317,0.0737125,0.309944,-0.0259759,-0.360533,0.363482,0.467203,-0.494983,-0.143848,0.068731,0.786629,0,15.3862
464,9.28,0.447561,0.0960844,0.196774,0.154703,0.193578,0,106.476,0.0367009,0.065663,0.0746917,-0.0373979,-0.34458,0.363307,0.463087,-0.490772,-0.147934,0.102984,0.806997,0,15.4201
465,9.3,0.447652,0.105156,0.165996,0.1765,0.194257,0,106.078,0.0515994,-0.00964515,-0.187562,-0.0261172,-0.350099,0.363131,0.458971,-0.486561,-0.152156,0.0759788,0.827377,0,15.0505
466,9.32,0.414931,0.111891,0.123959,0.17908,0.193989,0,106.496,-0.0295594,-0.132386,-0.328371,0.0215967,-0.376106,0.362956,0.454856,-0.48235,-0.159504,0.0210977,0.828539,0,16.4719
467,9.34,0.368453,0.0968671,0.112996,0.158589,0.193512,0,103.998,-0.069738,-0.0246164,-0.0544947,0.0111937,-0.367809,0.36278,0.45074,-0.478139,-0.149948,0.000238162,0.806628,0,15.1893
468,9.36,0.335591,0.087945,0.105035,0.142611,0.193749,0,103.832,-0.0203751,0.00263955,0.118559,0.0272758,-0.360538,0.362605,0.446624,-0.473929,-0.143068,-0.00678243,0.789229,0,15.7287
469,9.38,0.371632,0.093795,0.146643,0.131194,0.193048,0,102.201,0.0133902,0.0354815,0.129607,-0.010429,-0.365029,0.362429,0.442508,-0.469718,-0.145506,0.0437611,0.776388,0,15.3716
470,9.4,0.385321,0.0927519,0.153194,0.139375,0.192167,0,100.427,0.0276301,0.0271852,0.0891192,-0.0155146,-0.354251,0.362254,0.438392,-0.465507,-0.140318,0.0583906,0.783146,0,15.3154
471,9.42,0.425311,0.106411,0.15597,0.16293,0.191496,0,98.7388,0.0167406,-0.0429723,-0.173091,0.000119878,-0.361487,0.362078,0.434277,-0.461296,-0.151639,0.0589367,0.805276,0,15.7739
472,9.44,0.427445,0.112071,0.141633,0.173742,0.192804,0,96.6113,-0.00631297,-0.0282664,-0.101471,0.0250137,-0.366843,0.361903,0.430161,-0.457085,-0.158734,0.0383197,0.814661,0,16.0218
473,9.46,0.430055,0.116876,0.130852,0.182327,0.195191,0,94.9278,-0.0184236,0.0407734,0.127219,0.00648573,-0.374122,0.361727,0.426045,-0.452874,-0.16404,0.0286967,0.821819,0,15.3929
474,9.48,0.394835,0.106005,0.131922,0.156907,0.195129,0,93.3065,-0.017749,0.0310724,0.128116,-0.0142118,-0.368503,0.361552,0.421929,-0.448664,-0.152484,0.0373323,0.79497,0,15.5548
475,9.5,0.394778,0.0984828,0.150634,0.145661,0.192013,0,92.1735,0.00152078,0.0141758,-0.0036133,-0.0205368,-0.357396,0.361376,0.417813,-0.444453,-0.143147,0.0580497,0.782294,0,15.831
476,9.52,0.438584,0.101375,0.183103,0.154106,0.189679,0,90.8796,0.0246953,0.0519026,-0.00992906,-0.0356768,-0.348782,0.361201,0.413697,-0.440242,-0.142609,0.093619,0.789308,0,16.296
477,9.54,0.45082,0.113135,0.160403,0.177282,0.190843,0,91.0217,0.0144513,-0.027131,-0.196222,0.000131122,-0.361639,0.361025,0.409582,-0.436031,-0.152298,0.0703434,0.811052,0,15.5635
478,9.56,0.459668,0.127317,0.135886,0.196465,0.194185,0,89.4133,-0.0260563,-0.0090812,-0.0675359,-0.00334101,-0.373711,0.36085,0.405466,-0.43182,-0.168472,0.0428623,0.828802,0,15.3766
479,9.58,0.390162,0.119331,0.0757876,0.195043,0.196828,0,88.62,-0.0138705,-0.0888406,-0.222859,0.0633328,-0.367357,0.360675,0.40135,-0.427609,-0.163762,-0.0233791,0.825945,0,16.8452
480,9.6,0.368701,0.105433,0.093467,0.169801,0.19769,0,88.0075,0.0294041,-0.0145964,0.0213089,0.0305131,-0.362983,0.360499,0.397234,-0.423399,-0.148912,-0.0120148,0.799267,0,15.1551
481,9.62,0.425426,0.114952,0.14897,0.161504,0.194065,0,86.8744,0.0314418,0.116793,0.591669,-0.0489522,-0.373577,0.360324,0.393118,-0.419188,-0.150884,0.0613666,0.789533,0,17.0766
482,9.64,0.469489,0.119329,0.169991,0.180169,0.192888,0,86.4643,0.0150837,0.0288624,0.0914386,-0.0172404,-0.353147,0.360148,0.389003,-0.414977,-0.150225,0.0993272,0.80676,0,15.6452
483,9.66,0.487996,0.131023,0.152564,0.204408,0.194667,0,85.3203,0.00803449,-0.0177893,-0.27499,-0.034117,-0.361453,0.359973,0.384887,-0.410766,-0.162186,0.0784934,0.829562,0,15.9386
484,9.68,0.441296,0.136196,0.102698,0.202402,0.196984,0,84.747,-0.0221486,-0.0732977,-0.531227,0.0246614,-0.388598,0.359797,0.380771,-0.406555,-0.171911,0.015239,0.826115,0,15.808
485,9.7,0.384311,0.107583,0.0976252,0.179103,0.198497,0,83.6232,-0.0160945,-0.049482,-0.243163,0.0296112,-0.36634,0.359622,0.376655,-0.402344,-0.148185,-0.00405567,0.801377,0,15
486,9.72,0.406895,0.101904,0.148176,0.156815,0.194881,0,81.941,0.00517327,0.107293,0.476829,-0.0273198,-0.366676,0.359446,0.372539,-0.398134,-0.13915,0.0516292,0.777647,0,16.203
487,9.74,0.465666,0.116118,0.175109,0.174439,0.190326,0,80.6102,0.0201717,0.0993757,0.318126,-0.0361958,-0.355997,0.359271,0.368423,-0.393923,-0.144886,0.104341,0.793829,0,16.2122
488,9.76,0.460073,0.12104,0.153063,0.18597,0.190628,0,79.6398,-0.00189964,-0.0580495,-0.293752,-0.00742554,-0.361486,0.359095,0.364308,-0.389712,-0.149001,0.0829748,0.803916,0,15.6119
489,9.78,0.489062,0.140797,0.128554,0.219711,0.194181,0,77.9491,-0.0500663,-0.0515521,-0.145368,-0.0186284,-0.382446,0.35892,0.360192,-0.385501,-0.173664,0.0466698,0.836214,0,15.8647
490,9.8,0.453415,0.134861,0.100569,0.217985,0.197202,0,76.2609,-0.0329946,-0.0451414,-0.027228,0.019115,-0.374065,0.358744,0.356076,-0.38129,-0.172091,0.01548,0.833043,0,15.7216
491,9.82,0.381206,0.116205,0.0736122,0.191389,0.195862,0,74.8503,0.027398,-0.0234068,-0.0343678,0.0280646,-0.363486,0.358569,0.35196,-0.377079,-0.152637,-0.0144259,0.805002,0,15.5114
492,9.84,0.394431,0.114217,0.109382,0.170831,0.190506,0,73.543,0.0188095,0.0984012,0.31343,-0.0118529,-0.368112,0.358393,0.347844,-0.372869,-0.143568,0.0310631,0.782998,0,16.3589
493,9.86,0.441487,0.117256,0.144145,0.180085,0.18803,0,71.9914,-0.000198675,0.0166465,0.0445827,-0.0211707,-0.357776,0.358218,0.343729,-0.368658,-0.143201,0.0742381,0.790805,0,16.2531
494,9.88,0.495963,0.131924,0.158191,0.205848,0.191206,0,71.5134,-0.016108,0.00863847,-0.100149,-0.0282716,-0.363339,0.358043,0.339613,-0.364447,-0.159735,0.089826,0.81512,0,16.2052
495,9.9,0.503001,0.148094,0.123133,0.231774,0.196138,0,70.0148,-0.0346076,-0.0453755,-0.152426,-0.00615277,-0.381805,0.357867,0.335497,-0.360236,-0.179758,0.0516784,0.839598,0,15.1838
496,9.92,0.47902,0.145215,0.101821,0.231984,0.197454,0,69.3351,0.00132945,-0.0304653,-0.0320385,0.00802558,-0.377178,0.357692,0.331381,-0.356025,-0.178742,0.0252105,0.838359,0,15.2814
497,9.94,0.404321,0.129576,0.0641357,0.21061,0.194573,0,67.5511,0.0433705,-0.0547928,-0.0263119,0.0377986,-0.364653,0.357516,0.327265,-0.351814,-0.159229,-0.0136194,0.815535,0,16.4306
498,9.96,0.41411,0.123118,0.0993568,0.191635,0.19155,0,66.7529,0.015799,0.0506193,0.314212,-0.0111865,-0.368555,0.357341,0.32315,-0.347603,-0.146476,0.0254899,0.795111,0,16.2323
499,9.98,0.434114,0.124953,0.129852,0.179309,0.19091,0,65.5237,-0.0217983,0.0350206,0.164578,-0.0297959,-0.366427,0.357165,0.319034,-0.343393,-0.146697,0.0677821,0.781334,0,16.2551
500,10,0.474139,0.12985,0.145753,0.198535,0.193897,0,65.2625,-0.0187187,0.0454944,0.0379397,-0.0432631,-0.36238,0.35699,0.314918,-0.339182,-0.154121,0.0904901,0.799108,0,16.4103
501,10.02,0.512184,0.150829,0.133291,0.228064,0.196283,0,63.8616,-0.0091143,-0.0998412,-0.303255,0.00654935,-0.38194,0.356814,0.310802,-0.334971,-0.177565,0.0712907,0.827185,0,15.9516
502,10.04,0.527671,0.154075,0.13086,0.242737,0.195292,0,62.9311,0.00925024,0.0221296,0.0831027,-0.0203956,-0.377561,0.356639,0.306686,-0.33076,-0.180772,0.0640728,0.840407,0,16.1015
503,10.06,0.49226,0.152851,0.0949222,0.244487,0.190968,0,61.8847,0.00309935,-0.000775529,-0.0571528,0.00131551,-0.369855,0.356463,0.30257,-0.326549,-0.176776,0.0325055,0.840704,0,15.6818
504,10.08,0.413158,0.135033,0.0554702,0.222655,0.190388,0,60.6823,0.0109703,-0.0356155,-0.124887,0.0346232,-0.3612,0.356288,0.298455,-0.322338,-0.157452,-0.00831191,0.817419,0,16.2196
505,10.1,0.410349,0.132221,0.065243,0.212886,0.194861,0,60.2624,0.0136497,-0.0314717,0.0364295,0.0128123,-0.36768,0.356112,0.294339,-0.318128,-0.154502,-0.00285412,0.806196,0,15.2795
506,10.12,0.446099,0.140519,0.100195,0.205385,0.196182,0,58.8703,-0.0294011,0.0864652,0.327892,-0.0309757,-0.386829,0.355937,0.290223,-0.313917,-0.161887,0.0438106,0.797242,0,16.0106
507,10.14,0.443566,0.132474,0.106997,0.204095,0.195309,0,58.0475,-0.010329,-0.00713776,-0.243104,0.0125079,-0.370398,0.355761,0.286107,-0.309706,-0.153382,0.0564376,0.794498,0,15.4464
508,10.16,0.506682,0.145674,0.135461,0.225547,0.191457,0,56.7692,-0.00222107,0.0308719,-0.0171794,-0.0403809,-0.369832,0.355586,0.281991,-0.305495,-0.165748,0.0802871,0.814496,0,17.1735
509,10.18,0.472502,0.14446,0.0988417,0.2292,0.190249,0,56.3999,-0.00281499,-0.019716,-0.109489,0.00683167,-0.366987,0.35541,0.277876,-0.301284,-0.162748,0.0495299,0.816694,0,16.1036
510,10.2,0.438119,0.139851,0.0578712,0.240397,0.192848,0,55.2016,0.0162481,-0.0847134,-0.271133,0.0336906,-0.36088,0.355235,0.27376,-0.297074,-0.159466,-0.0044647,0.826436,0,15.8448
511,10.22,0.433856,0.142031,0.0598278,0.231998,0.194039,0,54.3205,-0.00402429,0.0821665,0.247475,-0.00958485,-0.373473,0.35506,0.269644,-0.292863,-0.160456,0.00223335,0.816582,0,16.3308
512,10.24,0.390309,0.129332,0.0414477,0.219529,0.192478,0,53.5368,0.0055817,-0.0647833,-0.263606,0.0680252,-0.360127,0.354884,0.265528,-0.288652,-0.146709,-0.0143803,0.802657,0,17.0118
513,10.26,0.46843,0.132696,0.132414,0.20332,0.187744,0,52.0254,-0.00861824,0.130227,0.318947,-0.0659909,-0.366579,0.354709,0.261412,-0.284441,-0.147601,0.0795536,0.784993,0,18.1079
514,10.28,0.493468,0.138559,0.128196,0.226713,0.187092,0,51.597,0.00973745,0.0459897,0.0757838,-0.0245341,-0.351982,0.354533,0.257297,-0.28023,-0.149564,0.0941246,0.80693,0,16.1641
515,10.3,0.482554,0.151202,0.0889872,0.242364,0.189442,0,51.0581,-0.0308357,-0.115709,-0.380877,0.0100901,-0.374069,0.354358,0.253181,-0.276019,-0.164363,0.0454473,0.821126,0,16.3512
516,10.32,0.46895,0.149992,0.0660508,0.252907,0.193588,0,50.3348,-0.02099,-0.041252,-0.0300579,0.0053403,-0.368178,0.354182,0.249065,-0.271809,-0.167345,0.0129257,0.830212,0,15.4903
517,10.34,0.440697,0.145351,0.0535263,0.241819,0.194082,0,49.3876,0.00891587,0.00361417,0.109644,0.021764,-0.36792,0.354007,0.244949,-0.267598,-0.162284,0.00288339,0.817668,0,15.7628
518,10.36,0.389465,0.127666,0.0454294,0.21637,0.190403,0,48.8177,0.0180157,-0.0290051,-0.0605198,0.0436156,-0.357861,0.353831,0.240833,-0.263387,-0.141183,-0.00372333,0.790763,0,16.6355
519,10.38,0.418862,0.129852,0.0794954,0.209514,0.18587,0,48.1128,-0.0112558,0.0838883,0.319608,-0.0273659,-0.360613,0.353656,0.236717,-0.259176,-0.139745,0.0366669,0.782451,0,17.1693
520,10.4,0.428699,0.129416,0.0944839,0.204799,0.186755,0,46.8942,-0.0177299,-0.00538707,0.00969426,-0.00579551,-0.359559,0.35348,0.232602,-0.254965,-0.139649,0.061366,0.77628,0,16.1197
521,10.42,0.459503,0.138855,0.104962,0.215685,0.190448,0,46.5962,-0.0380513,-0.00658706,-0.0225275,-0.0348471,-0.369158,0.353305,0.228486,-0.250754,-0.153354,0.0676152,0.78571,0,16.4925
522,10.44,0.495289,0.152807,0.0980475,0.244435,0.192479,0,44.9131,-0.00314373,0.0153255,0.00499961,-0.0113582,-0.370469,0.353129,0.22437,-0.246543,-0.169445,0.0644195,0.813003,0,15.6231
523,10.46,0.452071,0.147608,0.0456263,0.258836,0.19286,0,44.6674,0.0348751,-0.0896279,-0.276988,0.0489472,-0.362613,0.352954,0.220254,-0.242333,-0.163268,0.00552296,0.825949,0,16.4426
524,10.48,0.456541,0.142522,0.0605824,0.253436,0.191436,0,44.7685,0.0489024,0.014255,0.201161,-0.00330557,-0.360593,0.352778,0.216138,-0.238122,-0.152936,0.0158157,0.819093,0,16.6747
525,10.5,0.441647,0.142639,0.0633771,0.235631,0.188683,0,44.0888,-0.000181929,0.0835046,0.233719,-0.021227,-0.370386,0.352603,0.212023,-0.233911,-0.148583,0.0379056,0.799832,0,16.812
526,10.52,0.418628,0.133049,0.0666726,0.218907,0.188255,0,43.723,-0.0359834,-0.0358022,-0.124892,-0.00681871,-0.368212,0.352428,0.207907,-0.2297,-0.140787,0.0407464,0.781652,0,15.9416
527,10.54,0.472904,0.13693,0.105129,0.230845,0.189822,0,43.4183,-0.0228007,0.0714602,0.161463,-0.0551493,-0.361504,0.352252,0.203791,-0.225489,-0.148018,0.0816475,0.792135,0,17.4086
528,10.56,0.493238,0.153215,0.0859409,0.254081,0.190904,0,42.9364,-0.00574225,-0.0809835,-0.226841,0.0248445,-0.372446,0.352077,0.199675,-0.221279,-0.165667,0.0620964,0.813916,0,16.9873
529,10.58,0.514764,0.153113,0.105239,0.256412,0.190968,0,42.6787,0.0366831,0.0551595,0.186468,-0.0482861,-0.364971,0.351901,0.195559,-0.217068,-0.164416,0.0818271,0.814791,0,17.0229
530,10.6,0.49134,0.156692,0.0639693,0.270679,0.190583,0,41.1011,0.0310571,-0.0040835,-0.1936,0.00643493,-0.365863,0.351726,0.191443,-0.212857,-0.164452,0.0489326,0.827604,0,15.8959
531,10.62,0.460375,0.155686,0.038753,0.265936,0.190217,0,41.6174,-0.00717544,-0.0831694,-0.33874,0.031857,-0.368358,0.35155,0.187328,-0.208646,-0.163362,0.00985375,0.821407,0,16.3448
532,10.64,0.4294,0.142536,0.0416195,0.245245,0.191647,0,40.5829,-0.00238316,0.0214208,0.0353803,0.0168722,-0.366779,0.351375,0.183212,-0.204435,-0.151331,0.00940301,0.799261,0,15.7846
533,10.66,0.441196,0.149068,0.0450078,0.24712,0.19156,0,40.3148,-0.0241382,0.0575214,0.249517,0.000992758,-0.376641,0.351199,0.179096,-0.200224,-0.157901,0.0233914,0.799683,0,15.7537
534,10.68,0.455833,0.142147,0.0651432,0.248543,0.190454,0,39.2197,-0.00630564,0.039482,0.177688,-0.0278178,-0.364269,0.351024,0.17498,-0.196013,-0.150674,0.0541734,0.799653,0,16.2909
535,10.7,0.456038,0.141382,0.0674018,0.247254,0.187652,0,38.5458,0.00484402,-0.0432064,-0.116182,-0.00747922,-0.360528,0.350848,0.170864,-0.191803,-0.148565,0.0568327,0.796911,0,16.0275
536,10.72,0.492853,0.154126,0.0720945,0.266632,0.187077,0,37.5909,-0.00799133,-0.0272117,-0.0749943,0.000775053,-0.361509,0.350673,0.166749,-0.187592,-0.161867,0.0543513,0.814836,0,15.9805
537,10.74,0.471442,0.1541,0.0459344,0.271408,0.190619,0,37.7845,0.0078226,-0.0360488,-0.0278401,0.028629,-0.364508,0.350497,0.162633,-0.183381,-0.163189,0.0267872,0.818159,0,16.2147
538,10.76,0.427357,0.150257,0.0124334,0.264666,0.194732,0,37.1927,0.0216289,-0.0214518,0.00115454,0.0321006,-0.371255,0.350322,0.158517,-0.17917,-0.158998,-0.00873497,0.809965,0,15.8436
539,10.78,0.416062,0.140602,0.0358709,0.239589,0.193111,0,37.5172,-0.0106287,0.0649698,0.206064,-0.00661196,-0.375657,0.350146,0.154401,-0.174959,-0.147583,0.0189976,0.783438,0,16.1112
540,10.8,0.455434,0.139554,0.0813077,0.234573,0.188179,0,37.2478,0.0108752,0.0699239,0.266445,-0.0385205,-0.359355,0.349971,0.150285,-0.170749,-0.144454,0.0812386,0.776971,0,16.9538
541,10.82,0.481231,0.143561,0.0889407,0.248729,0.188253,0,37.3426,0.0208646,0.00974094,-0.109129,-0.0328031,-0.355339,0.349796,0.14617,-0.166538,-0.147219,0.0937098,0.789677,0,16.2401
542,10.84,0.508673,0.161531,0.0646341,0.282508,0.191771,0,36.6835,-0.00536079,-0.0724446,-0.329257,-0.000927946,-0.375009,0.34962,0.142054,-0.162327,-0.166272,0.0620705,0.822006,0,15.9982
543,10.86,0.500452,0.165715,0.0405392,0.294197,0.192764,0,36.8596,-0.0330803,0.0101601,0.0144235,-0.0128895,-0.381184,0.349445,0.137938,-0.158116,-0.173836,0.0316332,0.832246,0,16.3823
544,10.88,0.451495,0.153262,0.0129882,0.285244,0.19139,0,35.9952,-0.00660134,-0.0600425,-0.259253,0.0624231,-0.36438,0.349269,0.133822,-0.153905,-0.162333,0.00440787,0.821845,0,17.0979
545,10.9,0.431921,0.135472,0.0443645,0.252085,0.189266,0,35.4625,0.0251198,0.0262788,0.151275,-0.0208096,-0.359893,0.349094,0.129706,-0.149694,-0.1418,0.0289786,0.787238,0,16.805
546,10.92,0.465514,0.136884,0.0786168,0.250013,0.186595,0,34.4891,0.0323763,0.136907,0.413988,-0.0615553,-0.35741,0.348918,0.12559,-0.145483,-0.139263,0.0846798,0.783719,0,17.6653
547,10.94,0.470145,0.147475,0.061558,0.261112,0.187564,0,33.5587,0.00111382,-0.0407684,-0.264621,-0.00208135,-0.363168,0.348743,0.121475,-0.141273,-0.148382,0.0729599,0.793372,0,16.5729
548,10.96,0.520099,0.169512,0.0550379,0.295549,0.189834,0,33.9756,-0.0388247,-0.0452063,-0.203758,-0.0101595,-0.37797,0.348567,0.117359,-0.137062,-0.17386,0.0537944,0.826363,0,16.6152
549,10.98,0.479081,0.162791,0.0178427,0.298447,0.191594,0,33.8489,-0.0342023,0.00819826,-0.0281333,0.00517278,-0.372571,0.348392,0.113243,-0.132851,-0.171188,0.0159426,0.827815,0,15.9708
550,11,0.42954,0.142206,0.0165397,0.270795,0.190494,0,33.7388,0.0287214,-0.0716057,-0.2241,0.0532094,-0.357194,0.348216,0.109127,-0.12864,-0.150542,-0.021817,0.798719,0,17.0405
551,11.02,0.422284,0.135803,0.038683,0.247797,0.187383,0,33.6807,0.0356114,0.0626192,0.400012,-0.0256647,-0.362925,0.348041,0.105011,-0.124429,-0.139466,0.0366737,0.774278,0,16.6732
552,11.04,0.476368,0.144912,0.0733147,0.258141,0.18673,0,32.9715,0.0289514,0.092729,0.156215,-0.026041,-0.359225,0.347865,0.100896,-0.120218,-0.145723,0.0931855,0.78318,0,16.845
553,11.06,0.4875,0.163534,0.0321959,0.29177,0.187861,0,31.8651,-0.0386527,-0.118178,-0.379779,0.0304993,-0.379399,0.34769,0.0967797,-0.116008,-0.165138,0.0450063,0.815367,0,17.1656
554,11.08,0.505034,0.160911,0.0498674,0.294256,0.19078,0,31.594,-0.0437949,-0.00229859,-0.049009,0.00190498,-0.373121,0.347514,0.0926639,-0.111797,-0.16653,0.0533413,0.816412,0,16.1206
555,11.1,0.503078,0.166496,0.0285408,0.30804,0.190031,0,30.6768,-0.0205979,0.0479891,0.208017,0.00694113,-0.373683,0.347339,0.0885481,-0.107586,-0.174753,0.0397585,0.828756,0,15.9624
556,11.12,0.466923,0.154983,0.0166249,0.295315,0.187608,0,29.937,0.0182777,-0.0428446,-0.0744429,0.0384409,-0.366261,0.347164,0.0844323,-0.103375,-0.161629,-0.00307035,0.814592,0,17.2464
557,11.14,0.458478,0.152084,0.0188828,0.287511,0.184974,0,28.7517,0.00418001,0.0150778,0.064041,-0.00658734,-0.364575,0.346988,0.0803165,-0.0991643,-0.1569,0.0347425,0.80535,0,16.8557
558,11.16,0.429031,0.142507,0.0168945,0.26963,0.185117,0,27.1149,-0.019871,-0.0108837,0.0400793,0.000788901,-0.363565,0.346813,0.0762007,-0.0949535,-0.148253,0.0337143,0.786031,0,16.4584
559,11.18,0.461894,0.143845,0.0411529,0.276897,0.187752,0,26.8818,-0.0112547,0.04086,0.0834921,-0.0399892,-0.362346,0.346637,0.0720849,-0.0907427,-0.152182,0.061597,0.791862,0,17.0192
560,11.2,0.486846,0.151087,0.0460057,0.289754,0.189588,0,25.4621,0.0403969,0.00530753,0.0244042,-0.0175683,-0.364168,0.346462,0.067969,-0.0865318,-0.158733,0.0725727,0.803284,0,15.8222
561,11.22,0.507989,0.159126,0.0482455,0.300618,0.188558,0,25.4001,0.0249256,-0.0256745,-0.0746514,-0.0194376,-0.371684,0.346286,0.0638532,-0.082321,-0.163476,0.0701004,0.812714,0,16.1317
562,11.24,0.518143,0.166805,0.0359767,0.31536,0.187374,0,24.8016,-0.00833631,0.0183196,-0.00465739,-0.00833358,-0.370951,0.346111,0.0597374,-0.0781102,-0.169989,0.0599617,0.826024,0,16.4318
563,11.26,0.487345,0.157013,0.0214345,0.308898,0.187929,0,24.2168,-0.0135661,-0.0548766,-0.172586,0.0371665,-0.368737,0.345935,0.0556216,-0.0738993,-0.161784,-0.00106412,0.818129,0,16.9527
564,11.28,0.46844,0.150418,0.0149304,0.303092,0.190482,0,23.812,0.0122264,-0.0316342,-0.0887725,0.0422485,-0.364242,0.34576,0.0515058,-0.0696885,-0.155925,-0.000194657,0.810892,0,16.3466
565,11.3,0.445635,0.148052,0.00330962,0.294273,0.19107,0,22.4091,0.0126456,0.0628916,0.318732,-0.0208945,-0.374948,0.345584,0.04739,-0.0654776,-0.152067,0.0155707,0.800644,0,16.7466
566,11.32,0.434219,0.144163,0.0101886,0.279867,0.189301,0,20.7418,0.00315677,0.0638797,0.309355,-0.0269087,-0.36696,0.345409,0.0432741,-0.0612668,-0.147431,0.0485633,0.784809,0,16.1282
567,11.34,0.445321,0.144145,0.010789,0.290387,0.187598,0,18.788,-0.0210994,-0.0624992,-0.23008,0.000917386,-0.369346,0.345233,0.0391583,-0.057056,-0.147916,0.0498128,0.793902,0,16.3943
568,11.36,0.477006,0.150284,0.0234455,0.303277,0.187059,0,16.8939,-0.0248389,0.00243521,0.036833,-0.038801,-0.371267,0.345058,0.0350425,-0.0528452,-0.155848,0.0547728,0.805366,0,17.1831
569,11.38,0.471246,0.151176,0.00284149,0.317228,0.188314,0,15.6816,-0.013174,-0.0217378,-0.0558587,-0.0015825,-0.373761,0.344882,0.0309267,-0.0486343,-0.15869,0.0366876,0.817893,0,16.0901
570,11.4,0.492695,0.146082,0.0157613,0.330852,0.189032,0,14.7745,0.00370818,-0.0249034,-0.07453,0.0204236,-0.367806,0.344878,0.0308201,-0.0485252,-0.153907,0.0143896,0.831479,0,16.323
571,11.42,0.512529,0.147309,0.0184552,0.346764,0.186579,0,13.0231,0.00201385,0.0479271,0.141875,0.00583004,-0.369492,0.344878,0.0308201,-0.0485252,-0.15435,0.0162728,0.847392,0,16.1314
572,11.44,0.507888,0.147299,0.0036968,0.356892,0.184715,0,12.3376,0.00343037,-0.0178355,-0.0985044,0.0190264,-0.362646,0.344878,0.0308201,-0.0485252,-0.154252,0.0307452,0.85752,0,16.5289
573,11.46,0.519242,0.152466,0.00813755,0.358638,0.186404,0,11.395,0.0127603,0.0252621,0.0306849,-0.0265797,-0.365108,0.344878,0.0308201,-0.0485252,-0.159941,0.0420024,0.859266,0,17.0732
574,11.48,0.549389,0.159961,0.0217543,0.367674,0.190244,0,11.0735,0.0190629,-0.0486652,0.0288399,0.0272673,-0.376561,0.344878,0.0308201,-0.0485252,-0.168411,0.0127176,0.868302,0,17.4574
575,11.5,0.560021,0.15536,0.0359268,0.368734,0.192975,0,11.1388,0.0518241,-0.138264,-0.280763,0.060899,-0.364096,0.344878,0.0308201,-0.0485252,-0.161606,-0.0156084,0.869362,0,17.4969
576,11.52,0.537239,0.163429,5.35809e-05,0.373756,0.193515,0,10.7336,0.0323204,0.020519,0.202105,0.00904408,-0.367356,0.344878,0.0308201,-0.0485252,-0.165423,0.0133766,0.874383,0,16.1032
577,11.54,0.551421,0.171023,0.0060442,0.374353,0.190299,0,10.8889,-0.0311178,0.0634221,0.2105,0.0217038,-0.375551,0.344878,0.0308201,-0.0485252,-0.171904,0.021105,0.874981,0,16.6826
578,11.56,0.540572,0.165845,0.00526853,0.369459,0.187453,0,11.1045,-0.0868514,0.0372379,0.0402597,0.00052118,-0.371156,0.344878,0.0308201,-0.0485252,-0.170721,0.0368635,0.870087,0,16.2073
579,11.58,0.558924,0.160759,0.0302269,0.367938,0.189051,0,11.2838,-0.0234077,0.0499333,0.189354,-0.0337926,-0.364389,0.344878,0.0308201,-0.0485252,-0.170799,0.0711304,0.868565,0,16.557
580,11.6,0.557557,0.171033,0.010244,0.37628,0.193076,0,11.5271,0.00647393,-0.0838656,-0.27767,0.0195609,-0.38803,0.344878,0.0308201,-0.0485252,-0.181755,0.046155,0.876908,0,16.4726
581,11.62,0.555664,0.164318,0.0134096,0.377936,0.194672,0,10.7844,0.0353951,-0.0597802,-0.238796,0.0487342,-0.378867,0.344878,0.0308201,-0.0485252,-0.173196,0.0377281,0.878564,0,16.5597
582,11.64,0.537625,0.149427,0.0202156,0.367983,0.192689,0,10.9944,0.0551012,-0.128104,-0.439515,0.105873,-0.354356,0.344878,0.0308201,-0.0485252,-0.152855,0.0314204,0.868611,0,17.664
583,11.66,0.49874,0.130851,0.0258169,0.342072,0.192058,0,9.80163,0.121042,-0.210602,-0.604843,0.152364,-0.319211,0.344878,0.0308201,-0.0485252,-0.12618,0.00933305,0.8427,0,18.3234
584,11.68,0.521485,0.128225,0.0703814,0.322878,0.199283,0,8.40341,0.147322,-0.00282093,-0.231821,0.0825417,-0.319137,0.344878,0.0308201,-0.0485252,-0.115124,0.0345124,0.823505,0,15.5573
585,11.7,0.536922,0.132473,0.0858079,0.318642,0.210323,0,7.81048,0.0951921,0.236063,0.472151,0.0176171,-0.335052,0.344878,0.0308201,-0.0485252,-0.111978,0.0652291,0.819269,0,16.4333
586,11.72,0.523435,0.141963,0.0512055,0.330266,0.210904,0,10.5729,-0.0461534,0.156777,0.697318,0.0313075,-0.356019,0.344878,0.0308201,-0.0485252,-0.11939,0.0648096,0.830894,0,15.8952
587,11.74,0.522386,0.153858,0.0395693,0.328958,0.197177,0,14.696,-0.222176,-0.0353185,0.00587209,0.0513669,-0.373337,0.344878,0.0308201,-0.0485252,-0.138828,0.0666613,0.829585,0,17.8932
588,11.76,0.52428,0.145175,0.0732788,0.305826,0.182037,0,18.1731,-0.224136,0.0197217,-0.242256,0.0117379,-0.347646,0.344878,0.0308201,-0.0485252,-0.145986,0.090769,0.806454,0,16.5578
589,11.78,0.544773,0.142943,0.0996355,0.302194,0.178091,0,20.7172,-0.0396924,0.0846752,0.690274,-0.0273269,-0.34121,0.344878,0.0308201,-0.0485252,-0.156075,0.12997,0.802822,0,16.7942
590,11.8,0.573858,0.163282,0.0982644,0.312311,0.186766,0,23.1123,0.0726028,-0.0444515,-0.187822,0.0212235,-0.372022,0.344878,0.0308201,-0.0485252,-0.17693,0.133069,0.812939,0,16.6798
591,11.82,0.574133,0.173572,0.0958813,0.30468,0.194814,0,24.3978,0.150249,-0.206492,-0.417499,0.076947,-0.373397,0.344878,0.0308201,-0.0485252,-0.179728,0.11481,0.805307,0,17.5285
592,11.84,0.578933,0.162984,0.129851,0.286099,0.196408,0,26.1054,0.115959,-0.0397393,-0.377392,0.00470331,-0.372839,0.344878,0.0308201,-0.0485252,-0.157185,0.127912,0.786726,0,17.6883
593,11.86,0.547491,0.156767,0.109409,0.281315,0.189962,0,28.0654,-0.0237521,0.059249,0.125946,0.0232552,-0.368008,0.344878,0.0308201,-0.0485252,-0.144716,0.112615,0.781942,0,17.1587
594,11.88,0.508046,0.140363,0.0694715,0.298212,0.185115,0,29.6921,-0.0654081,-0.0887908,-0.476139,0.0945029,-0.333125,0.344878,0.0308201,-0.0485252,-0.131412,0.0654911,0.798839,0,17.862
595,11.9,0.567366,0.141081,0.124026,0.30226,0.186831,0,30.425,-0.0404905,0.13773,0.257189,-0.00226424,-0.336082,0.344878,0.0308201,-0.0485252,-0.13714,0.119665,0.802887,0,18.0518
596,11.92,0.623641,0.181359,0.12413,0.318152,0.189807,0,32.0074,-0.0358802,0.162709,0.653507,0.0063351,-0.383481,0.344878,0.0308201,-0.0485252,-0.181975,0.150796,0.818779,0,16.7941
597,11.94,0.63222,0.199604,0.106922,0.325695,0.192731,0,33.018,-0.0481193,0.0100939,0.0222078,0.0591778,-0.397163,0.344878,0.0308201,-0.0485252,-0.206008,0.152949,0.826322,0,18.4977
598,11.96,0.614712,0.177097,0.148779,0.288836,0.189384,0,34.0644,-0.0211365,0.0208005,-0.214499,0.00338144,-0.363742,0.344878,0.0308201,-0.0485252,-0.185539,0.187187,0.789463,0,16.521
599,11.98,0.579711,0.160309,0.149958,0.269444,0.183707,0,35.4762,0.0427986,0.0942116,0.349088,-0.03401,-0.353691,0.344878,0.0308201,-0.0485252,-0.165589,0.201615,0.770071,0,16.8593
600,12,0.558914,0.163342,0.103224,0.292347,0.182558,0,37.4271,0.00585152,-0.108601,-0.355976,0.0446561,-0.364105,0.344878,0.0308201,-0.0485252,-0.165396,0.150791,0.792975,0,18.4261
601,12.02,0.60086,0.170422,0.129359,0.301079,0.18559,0,38.0263,-0.0206837,-0.0179698,-0.119856,0.00898092,-0.364375,0.344878,0.0308201,-0.0485252,-0.174019,0.161222,0.801707,0,16.7169
602,12.04,0.629921,0.177031,0.14573,0.30716,0.190192,0,40.2838,0.00617475,0.0755978,0.288676,-0.00642499,-0.362577,0.344878,0.0308201,-0.0485252,-0.183573,0.189362,0.807788,0,16.3374
603,12.06,0.652517,0.1967,0.137187,0.318629,0.189882,0,42.309,-0.0117786,-0.0625222,-0.239792,0.0221822,-0.389617,0.344878,0.0308201,-0.0485252,-0.203071,0.181155,0.819257,0,17.3424
604,12.08,0.65031,0.189055,0.149748,0.311508,0.187218,0,43.7929,0.000305996,-0.0126691,-0.0958915,0.0152884,-0.378082,0.344878,0.0308201,-0.0485252,-0.195155,0.185478,0.812135,0,17.1065
605,12.1,0.632619,0.188274,0.15781,0.286536,0.183227,0,45.311,-0.000974099,0.0174605,0.0670214,0.0199463,-0.372932,0.344878,0.0308201,-0.0485252,-0.193651,0.197477,0.787163,0,17.6005
606,12.12,0.603806,0.181631,0.150076,0.272099,0.181874,0,46.779,-0.0132009,-0.0132887,0.0598782,0.0135364,-0.368787,0.344878,0.0308201,-0.0485252,-0.186979,0.188497,0.772727,0,17.4996
607,12.14,0.602014,0.179387,0.147443,0.275184,0.185144,0,47.6509,-0.0153785,0.0262955,0.0851982,-0.00168731,-0.371492,0.344878,0.0308201,-0.0485252,-0.187535,0.190815,0.775811,0,16.8851
608,12.16,0.614421,0.188638,0.128402,0.297381,0.187523,0,48.7162,-0.00932255,-0.0352327,-0.180726,0.0372614,-0.38147,0.344878,0.0308201,-0.0485252,-0.199066,0.168207,0.798008,0,17.3852
609,12.18,0.64811,0.193793,0.154123,0.300193,0.185937,0,49.5406,0.0228852,0.0152752,0.0453483,-0.00441359,-0.377287,0.344878,0.0308201,-0.0485252,-0.202748,0.193494,0.800821,0,17.0284
610,12.2,0.656891,0.198532,0.158979,0.29938,0.182727,0,51.2302,0.00786563,-0.00554586,-0.0890436,0.0204956,-0.368282,0.344878,0.0308201,-0.0485252,-0.204942,0.201144,0.800007,0,17.1555
611,12.22,0.657732,0.198969,0.165114,0.293649,0.181712,0,51.6439,0.0113252,-0.0180105,-0.0579359,0.0237013,-0.364002,0.344878,0.0308201,-0.0485252,-0.204714,0.202315,0.794277,0,17.4326
612,12.24,0.666205,0.208066,0.176238,0.281901,0.184609,0,52.7268,0.00283878,-0.0321993,0.0214037,0.0329686,-0.370457,0.344878,0.0308201,-0.0485252,-0.215034,0.213046,0.782529,0,17.8459
613,12.26,0.659571,0.207637,0.176049,0.275884,0.188352,0,53.7535,0.0107892,-0.0212779,0.11422,0.0240784,-0.377958,0.344878,0.0308201,-0.0485252,-0.215249,0.210484,0.776511,0,17.1788
614,12.28,0.651461,0.206164,0.171873,0.273425,0.188693,0,54.5065,-0.00886501,0.0392155,0.109909,0.000713347,-0.385466,0.344878,0.0308201,-0.0485252,-0.214629,0.215348,0.774053,0,16.8005
615,12.3,0.643869,0.196205,0.163573,0.284091,0.187092,0,55.7507,0.0122908,0.000770974,0.0165054,-0.00946717,-0.377826,0.344878,0.0308201,-0.0485252,-0.204125,0.209065,0.784719,0,16.9058
616,12.32,0.662951,0.199197,0.169739,0.294015,0.184964,0,56.577,0.0084671,0.0190151,-0.097537,-0.00406086,-0.371444,0.344878,0.0308201,-0.0485252,-0.205395,0.216068,0.794643,0,16.8821
617,12.34,0.676983,0.208069,0.168564,0.30035,0.183193,0,56.6602,-0.0055062,-0.0480887,-0.162714,0.022142,-0.371817,0.344878,0.0308201,-0.0485252,-0.213626,0.206948,0.800977,0,17.3975
618,12.36,0.701149,0.211461,0.185823,0.303864,0.184294,0,57.1941,-0.030758,0.0291161,0.0886482,0.00728314,-0.375294,0.344878,0.0308201,-0.0485252,-0.21918,0.226147,0.804492,0,16.6958
619,12.38,0.691839,0.219132,0.18545,0.287257,0.186207,0,57.8162,-0.0134908,-0.0263534,-0.0702007,0.0337606,-0.375771,0.344878,0.0308201,-0.0485252,-0.229383,0.225055,0.787884,0,17.1693
620,12.4,0.673227,0.211269,0.194849,0.267109,0.185581,0,58.4793,0.0134621,0.0198125,0.126999,-0.00466868,-0.376571,0.344878,0.0308201,-0.0485252,-0.22139,0.23482,0.767737,0,16.912
621,12.42,0.64367,0.200426,0.177706,0.265538,0.184864,0,59.4465,0.0125805,-0.00109648,-0.0451612,0.00896194,-0.37242,0.344878,0.0308201,-0.0485252,-0.209252,0.220096,0.766165,0,16.9277
622,12.44,0.633556,0.198464,0.146015,0.289077,0.184246,0,59.668,0.0255748,-0.0946873,-0.201656,0.0547193,-0.364698,0.344878,0.0308201,-0.0485252,-0.205672,0.180955,0.789704,0,18.6122
623,12.46,0.664832,0.202532,0.162681,0.299618,0.186019,0,59.565,0.032804,-0.0161924,0.182512,0.0279207,-0.365861,0.344878,0.0308201,-0.0485252,-0.207321,0.190679,0.800246,0,17.0446
624,12.48,0.709497,0.225578,0.176713,0.307206,0.187276,0,60.2444,-0.0324808,0.103493,0.415562,0.00950671,-0.389574,0.344878,0.0308201,-0.0485252,-0.230992,0.219731,0.807833,0,17.0153
625,12.5,0.721778,0.230588,0.189703,0.301488,0.187653,0,60.8265,-0.0335197,-0.0065558,-0.312832,0.0403054,-0.379347,0.344878,0.0308201,-0.0485252,-0.238589,0.236168,0.802115,0,17.3735
626,12.52,0.704983,0.220557,0.212407,0.272019,0.183825,0,61.117,-0.0103232,-0.041965,-0.23092,0.0262702,-0.363565,0.344878,0.0308201,-0.0485252,-0.228386,0.244437,0.772646,0,16.8181
627,12.54,0.683909,0.214809,0.220459,0.248641,0.181433,0,62.0697,0.00532479,0.0637323,0.180789,-0.00805058,-0.365488,0.344878,0.0308201,-0.0485252,-0.222337,0.261788,0.749269,0,17.2567
628,12.56,0.669038,0.214366,0.184632,0.27004,0.183296,0,62.4331,0.00515305,-0.0404007,-0.118137,0.0412909,-0.370394,0.344878,0.0308201,-0.0485252,-0.222952,0.225723,0.770668,0,18.4276
629,12.58,0.686521,0.215142,0.179373,0.292006,0.187047,0,62.0846,0.0362745,-0.115907,-0.1996,0.0564227,-0.361814,0.344878,0.0308201,-0.0485252,-0.223138,0.206825,0.792634,0,17.9665
630,12.6,0.734149,0.22953,0.204203,0.300416,0.190361,0,63.0405,0.0369103,0.0394185,0.334745,0.0169224,-0.377512,0.344878,0.0308201,-0.0485252,-0.234708,0.231208,0.801044,0,16.4106
631,12.62,0.759414,0.249922,0.205753,0.303739,0.188945,0,63.9268,-0.020762,0.0808785,0.239373,0.0263291,-0.392069,0.344878,0.0308201,-0.0485252,-0.254585,0.247413,0.804367,0,17.2872
632,12.64,0.760868,0.2533,0.226316,0.281252,0.18383,0,64.3619,-0.0596192,-0.0431757,-0.448322,0.0458445,-0.371503,0.344878,0.0308201,-0.0485252,-0.259903,0.266023,0.78188,0,17.7791
633,12.66,0.733652,0.232944,0.258504,0.242204,0.179789,0,64.9979,-0.0244673,0.0715742,0.262575,-0.0130461,-0.36031,0.344878,0.0308201,-0.0485252,-0.241807,0.294548,0.742831,0,17.6837
634,12.68,0.717345,0.232346,0.238146,0.246853,0.183269,0,65.6166,0.00727433,-0.0106337,-0.118642,0.0108817,-0.368634,0.344878,0.0308201,-0.0485252,-0.242743,0.279757,0.74748,0,17.0423
635,12.7,0.724679,0.235197,0.212877,0.276604,0.187769,0,65.8327,0.0510642,-0.128867,-0.219739,0.0521768,-0.369103,0.344878,0.0308201,-0.0485252,-0.244984,0.244685,0.777231,0,18.3339
636,12.72,0.758196,0.239688,0.236823,0.281685,0.189942,0,66.4418,0.0607901,-0.0187615,0.173394,0.0128534,-0.372975,0.344878,0.0308201,-0.0485252,-0.244604,0.260231,0.782312,0,16.4772
637,12.74,0.786527,0.257195,0.237268,0.292064,0.187241,0,67.3729,-0.0117395,0.0898088,0.347704,0.00564867,-0.388632,0.344878,0.0308201,-0.0485252,-0.259452,0.275724,0.792691,0,16.8182
638,12.76,0.800403,0.258159,0.24404,0.298204,0.184437,0,67.8223,-0.0380276,-0.00203127,0.0324823,-0.00918625,-0.379577,0.344878,0.0308201,-0.0485252,-0.263024,0.288507,0.798832,0,17.0771
639,12.78,0.822442,0.233602,0.309921,0.278918,0.183344,0,67.3451,0.0139233,0.192421,0.676,-0.137817,-0.338212,0.344878,0.0308201,-0.0485252,-0.241795,0.369333,0.779546,0,20.2806
640,12.8,0.825667,0.247156,0.255646,0.322865,0.187935,0,67.8959,0.0658442,-0.00757261,-0.0216781,-0.0259672,-0.343491,0.344878,0.0308201,-0.0485252,-0.254649,0.334985,0.823493,0,16.672
641,12.82,0.856349,0.283908,0.217841,0.354599,0.189529,0,66.7457,0.00567592,-0.277886,-0.980551,0.0780492,-0.403311,0.344878,0.0308201,-0.0485252,-0.286648,0.267904,0.855227,0,19.8076
642,12.84,0.879883,0.245157,0.31418,0.320546,0.192925,0,65.3781,-0.0436898,-0.0948907,-0.90115,-0.0222376,-0.360534,0.344878,0.0308201,-0.0485252,-0.249015,0.321982,0.821173,0,17.4174
643,12.86,0.737466,0.130026,0.348023,0.259417,0.194205,0,66.0617,-0.0213748,0.182264,-0.147655,-0.0590719,-0.197243,0.344878,0.0308201,-0.0485252,-0.138904,0.349438,0.760045,0,16.1288
644,12.88,0.597483,0.067312,0.260756,0.269415,0.203548,0,66.6611,0.228339,-0.120038,-0.845465,0.0865374,-0.118152,0.344878,0.0308201,-0.0485252,-0.0714398,0.24444,0.770043,0,15.2465
645,12.9,0.661949,0.0985361,0.288597,0.274815,0.217751,0,65.3914,0.303195,0.0181446,0.468688,-0.0270196,-0.225267,0.344878,0.0308201,-0.0485252,-0.0823104,0.260602,0.775443,0,15.3734
646,12.92,0.725524,0.135538,0.291716,0.29827,0.227912,0,66.3468,0.0983364,0.242343,0.918653,-0.0381692,-0.262762,0.34627,0.0278359,-0.05221,-0.100502,0.295812,0.797907,0,16.2319
647,12.94,0.614162,0.0937457,0.195583,0.324833,0.228204,0,68.6012,-0.110001,-0.0770599,-0.0135649,0.144528,-0.124151,0.347661,0.0248517,-0.0558948,-0.0570936,0.227672,0.823472,0,15.2367
648,12.96,0.514993,0.0227949,0.29769,0.194508,0.220588,0,69.2644,0.0232308,-0.000436038,2.29859,-0.0545073,0.149259,0.349053,0.0218674,-0.0595796,0.0570842,0.346894,0.69214,0,12.7171
649,12.98,0.518387,0.0383964,0.379734,0.100257,0.21268,0,68.998,0.375479,0.104711,1.05683,-0.192592,0.213634,0.350445,0.0188832,-0.0632644,0.00213142,0.501398,0.596875,0,18.7202
650,13,0.660025,0.148186,0.314938,0.196901,0.211387,0,67.8715,0.371579,-0.0218188,0.187746,-0.0937831,0.00355825,0.351837,0.015899,-0.0669491,-0.0840085,0.473558,0.692495,0,13.4239
651,13.02,0.656819,0.150126,0.299483,0.207209,0.231199,0,69.1013,0.145528,-0.262332,-0.0760895,-0.0439623,0.0515885,0.353229,0.0129148,-0.0706339,-0.0602246,0.45243,0.70177,0,10.9045
652,13.04,0.525373,0.0657621,0.357906,0.101705,0.266152,0,72.0682,0.0927005,-0.125941,1.09987,-0.132361,0.30996,0.35462,0.0099306,-0.0743187,0.0416457,0.514032,0.595227,0,13.249
653,13.06,0.430069,0.00816417,0.346791,0.0751143,0.294363,0,72.3394,0.366401,-0.0861101,-0.127668,-0.0907027,0.423052,0.356012,0.00694639,-0.0780035,0.129065,0.517455,0.567587,0,12.9163
654,13.08,0.461681,0.0099345,0.338072,0.113675,0.301717,0,71.6586,0.664527,-0.0182944,-0.518634,-0.097052,0.371916,0.357404,0.00396218,-0.0816883,0.199023,0.513415,0.605091,0,11.6328
655,13.1,0.497471,0.00293171,0.332849,0.16169,0.282632,0,72.0771,0.735874,0.00962994,-0.587534,-0.090854,0.271773,0.358796,0.000977972,-0.0853731,0.24046,0.516011,0.652041,0,11.4374
656,13.12,0.498588,0.00903207,0.328678,0.160879,0.241465,0,73.1818,0.671929,-0.0752109,-0.89909,-0.0456761,0.246323,0.360188,-0.00200624,-0.0890578,0.303141,0.502899,0.650156,0,11.2122
657,13.14,0.449913,0.0586568,0.320008,0.0712477,0.207791,0,74.5094,0.263765,-0.0696234,-0.802211,0.022802,0.362874,0.361579,-0.00499045,-0.0927426,0.404218,0.463014,0.559443,0,15.6796
658,13.16,0.434174,0.108311,0.256608,0.0692559,0.21926,0,76.5284,0.397029,-0.0840568,-0.808645,0.118298,0.413363,0.362971,-0.00797466,-0.0964274,0.494214,0.353271,0.556361,0,13.8592
659,13.18,0.438238,0.131286,0.270576,0.0363764,0.231445,0,76.6952,0.164352,0.0655092,0.538583,0.0379395,0.462861,0.364363,-0.0109589,-0.100112,0.554075,0.360767,0.522384,0,11.6863
660,13.2,0.479984,0.133181,0.331185,0.0156181,0.243476,0,75.586,0.0398311,0.133521,0.500082,-0.130061,0.516759,0.365755,-0.0139431,-0.103797,0.570109,0.439968,0.469282,0,11.4649
661,13.22,0.545196,0.140529,0.36671,0.0379575,0.243087,0,74.6885,-0.014133,0.205991,-0.470006,-0.220099,0.518651,0.367147,-0.0169273,-0.107482,0.577245,0.47617,0.445828,0,12.1216
662,13.24,0.513432,0.180541,0.32735,0.00554112,0.23244,0,75.1737,-0.0685643,0.19076,-1.09106,-0.158231,0.469693,0.368538,-0.0199115,-0.111167,0.603169,0.413349,0.477121,0,14.7105
663,13.26,0.520017,0.201667,0.288795,0.0295553,0.212424,0,75.8654,0.049996,0.000479297,-1.74091,-0.116436,0.385669,0.36993,-0.0228957,-0.114851,0.599331,0.326494,0.511086,0,17.2316
664,13.28,0.555176,0.212458,0.342469,0.000249803,0.198228,0,76.0141,0.0614365,0.155828,0.109319,-0.252994,0.335194,0.371322,-0.0258799,-0.118536,0.601005,0.357599,0.480141,0,19.6913
665,13.3,0.712701,0.212018,0.421609,0.0790736,0.197245,0,76.1933,0.0606987,0.220659,0.171662,-0.44111,0.345411,0.372714,-0.0288641,-0.122221,0.609923,0.453563,0.40017,0,21.9099
666,13.32,0.820262,0.236378,0.441931,0.141952,0.207458,0,77.1231,0.168468,0.261348,-0.478794,-0.529917,0.394723,0.374106,-0.0318483,-0.125906,0.645869,0.473415,0.336135,0,20.8711
667,13.34,0.883578,0.294409,0.412046,0.177124,0.222816,0,78.3891,0.139739,0.318959,-1.06766,-0.570186,0.46202,0.375497,-0.0348325,-0.12959,0.712141,0.426623,0.299799,0,17.0571
668,13.36,0.98569,0.356918,0.384168,0.244605,0.2313,0,79.1254,0.0746676,0.434235,-1.28036,-0.69342,0.514352,0.376889,-0.0378168,-0.133275,0.773203,0.382717,0.231146,0,15.0379
669,13.38,1.1267,0.430373,0.35663,0.339699,0.232644,0,79.2236,-0.224001,0.321227,-1.61687,-0.924596,0.525465,0.378281,-0.040801,-0.13696,0.830477,0.35086,0.134871,0,13.2907
670,13.4,1.23173,0.507804,0.29541,0.428517,0.235779,0,79.0763,-0.261424,0.462749,-2.01904,-1.16821,0.480344,0.379673,-0.0437852,-0.140645,0.862379,0.299854,0.0448641,0,10.4497
671,13.42,1.27307,0.591009,0.218901,0.463164,0.214773,0,79.0505,-0.434419,0.733674,-3.16284,-1.2993,0.329382,0.381064,-0.0467694,-0.14433,0.910534,0.265473,0.00902016,0,15
672,13.44,1.15482,0.640482,0.0527302,0.461608,0.165217,0,79.1552,-0.778843,0.904356,-5.01191,-1.22241,0.0686312,0.382456,-0.0497536,-0.148014,0.908595,0.171641,0.00937145,0,11.6454
673,13.46,1.16737,0.606442,0.12193,0.438996,0.153518,0,80.6257,-0.720407,0.00746131,0.00297105,-1.33969,0.000282645,0.383848,-0.0527378,-0.151699,0.875751,0.0707602,0.03077,0,15
674,13.48,1.1627,0.603818,0.155807,0.403077,0.154793,0,80.5325,-0.458314,-0.0283111,0.152408,-1.54705,0.000479251,0.38524,-0.055722,-0.155384,0.909363,0.0734749,0.0654682,0,15
675,13.5,1.19662,0.683949,0.130727,0.381945,0.153554,0,80.1625,-0.177555,0.0940204,-0.0537518,-1.80884,0.00106207,0.386632,-0.0587062,-0.159069,1.0044,0.116699,0.0853707,0,15
676,13.52,1.30376,0.72819,0.136773,0.438801,0.154401,0,79.9859,0.00300962,0.057232,-0.0685294,-1.74558,0.000748545,0.388023,-0.0616904,-0.162754,1.02981,0.116377,0.0272764,0,15
677,13.54,1.2326,0.714545,0.132895,0.385159,0.154647,0,82.745,0.00399821,0.00619082,0.0182123,-1.52447,0.000692874,0.389415,-0.0646746,-0.166438,0.991981,0.125801,0.0796729,0,15
678,13.56,1.15073,0.670669,0.119522,0.360542,0.154659,0,86.6193,0.0144745,-0.0246712,0.120557,-1.48514,0.00139558,0.390807,-0.0676589,-0.170123,0.946005,0.138967,0.103037,0,15
679,13.58,1.11819,0.624515,0.0924319,0.401242,0.154585,0,88.0859,-0.00467563,-0.00194484,-0.0355522,-1.64325,-1.84774e-06,0.392199,-0.0706431,-0.173808,0.907133,0.162492,0.0610749,0,15
680,13.6,1.02061,0.575094,0.0761001,0.369412,0.154563,0,90.3698,0.00503291,0.00579644,-0.0494314,-1.64092,0.000604153,0.393591,-0.0736273,-0.177493,0.851546,0.179711,0.0916356,0,15
681,13.62,0.907966,0.519252,0.0378978,0.350817,0.15455,0,90.3629,0.00341211,0.00414495,-0.0323747,-1.61884,0.000167698,0.394982,-0.0766115,-0.181177,0.793893,0.216675,0.108953,0,15
682,13.64,0.849662,0.46581,0.0212121,0.36264,0.154572,0,90.2041,0.0212874,0.00344022,-0.00200668,-1.60984,0.000169992,0.396374,-0.0795957,-0.184862,0.738574,0.274378,0.0958439,0,15
683,13.66,0.930947,0.433516,0.0773673,0.420064,0.154564,0,91.0716,0.02035,0.00161089,-0.00838688,-1.61589,0.000172436,0.397766,-0.0825799,-0.188547,0.704314,0.329151,0.0371262,0,13.1115
684,13.68,0.979176,0.42723,0.120126,0.43182,0.154601,0,90.9291,-0.000249803,0.00466879,-0.00987096,-1.59369,0.000196993,0.399158,-0.0855641,-0.192232,0.695845,0.370928,0.0240679,0,10.8159
685,13.7,1.00356,0.42956,0.131323,0.442675,0.154676,0,90.787,0.0182556,0.000630919,-0.0016602,-1.56248,0.000522494,0.40055,-0.0885483,-0.195917,0.695686,0.3811,0.0119035,0,13.1758
686,13.72,1.00152,0.426902,0.133329,0.441286,0.154582,0,90.1586,0.0140956,0.00384423,-0.0342392,-1.6253,0.000345558,0.401941,-0.0915325,-0.199601,0.694513,0.380829,0.011975,0,13.9274
687,13.74,1.00165,0.426187,0.135471,0.439991,0.154376,0,89.8307,0.00666833,0.00627687,-0.0401736,-1.67359,0.000165403,0.403333,-0.0945168,-0.203286,0.694602,0.381186,0.0119437,0,11.6416
688,13.76,1.00545,0.428382,0.13798,0.439092,0.154387,0,89.3532,-0.00514907,0.00954727,-0.0646687,-1.67758,0.000342935,0.404725,-0.097501,-0.206971,0.695737,0.382366,0.0115098,0,10.4899
689,13.78,1.01803,0.438203,0.140675,0.439151,0.154518,0,89.7383,-0.000441805,0.00737522,-0.0265605,-1.63898,0.000179648,0.406117,-0.100485,-0.210656,0.702619,0.384424,0.0101085,0,10.1145
690,13.8,1.03714,0.461823,0.134876,0.440443,0.154617,0,91.7777,-0.00364611,0.00581962,-0.0260523,-1.58957,0.000177056,0.407508,-0.103469,-0.214341,0.722298,0.378737,0.00746712,0,9.67199
691,13.82,1.05377,0.498334,0.111871,0.443564,0.154688,0,93.167,-0.00354765,0.00259351,0.00343823,-1.5573,0.000543207,0.4089,-0.106454,-0.218025,0.756788,0.355049,0.00298939,0,9.64297
692,13.84,1.06765,0.544154,0.0831993,0.440298,0.154801,0,93.4238,0.00828117,-0.00831905,0.074289,-1.56971,0.00111806,0.410292,-0.109438,-0.22171,0.803069,0.324677,0.00489051,0,9.70653
693,13.86,1.05037,0.564222,0.0659979,0.420152,0.154692,0,93.2762,0.00867669,6.0387e-06,0.0163889,-1.61287,0.000698268,0.411684,-0.112422,-0.225395,0.8266,0.304513,0.0236628,0,15
694,13.88,1.0386,0.583686,0.0491219,0.405795,0.154475,0,93.057,0.00885439,-0.00638346,-0.000979185,-1.68955,0.00102189,0.413076,-0.115406,-0.22908,0.851533,0.284253,0.0366396,0,15
695,13.9,1.04139,0.585424,0.0510363,0.404933,0.153558,0,93.0873,-0.00883681,-0.00374939,-0.121766,-1.83095,0.000402331,0.414467,-0.11839,-0.232764,0.866785,0.281524,0.0361128,0,9.81666
696,13.92,1.0239,0.616148,0.0430575,0.364692,0.153611,0,93.4662,-0.00153629,0.011534,-0.0349158,-1.8393,0.000928164,0.415859,-0.121375,-0.236449,0.899108,0.272071,0.0749568,0,10.0826
697,13.94,1.01243,0.646196,0.0390747,0.327158,0.153487,0,93.9475,-0.00301564,0.0164273,-0.0824867,-1.84139,0.00099352,0.417251,-0.124359,-0.240134,0.923241,0.268269,0.111087,0,10.1449
698,13.96,1.00492,0.674946,0.0363668,0.293612,0.153289,0,93.0285,0.000573389,0.0112321,-0.045597,-1.84775,0.00154483,0.418643,-0.127343,-0.243819,0.944343,0.26646,0.14322,0,10.2618
699,13.98,0.993768,0.701668,0.0316991,0.260401,0.153152,0,93.8233,0.00160438,0.000102251,-0.0318073,-1.85135,0.00200054,0.420035,-0.130327,-0.247504,0.962701,0.263727,0.175012,0,10.334
700,14,0.990049,0.727964,0.0271824,0.234902,0.153067,0,94.7128,-0.00125419,-0.00690512,0.0368106,-1.85639,0.00195041,0.421426,-0.133311,-0.251188,0.982145,0.261619,0.199083,0,10.3272
701,14.02,0.994591,0.756203,0.0172129,0.221175,0.1529,0,93.7901,-0.00365417,-0.00868631,0.0560785,-1.86406,0.00170392,0.422818,-0.136296,-0.254873,1.00187,0.255445,0.211375,0,13.9454
702,14.04,1.01239,0.78513,0.00820923,0.219054,0.152672,0,94.941,-0.00925699,-0.00613881,0.0558344,-1.875,0.00128478,0.42421,-0.13928,-0.258558,1.02248,0.250715,0.212053,0,15
703,14.06,1.04516,0.814717,0.00574884,0.224691,0.152398,0,97.5338,-0.00300372,-0.00269496,0.0807061,-1.88919,0.000693977,0.425602,-0.142264,-0.262243,1.04498,0.252135,0.204966,0,15
704,14.08,1.09181,0.843081,0.0154991,0.233228,0.152316,0,99.739,0.0105052,-0.00649304,0.0869491,-1.90517,0.000829846,0.426994,-0.145248,-0.265928,1.06816,0.264828,0.19497,0,15
705,14.1,1.16482,0.869505,0.0553176,0.239998,0.152293,0,100.429,0.0402984,0.0246776,-0.12181,-1.9233,0.00094682,0.428385,-0.148233,-0.269612,1.09393,0.302865,0.186734,0,15
706,14.12,1.22391,0.887488,0.108998,0.227419,0.151987,0,100.514,0.0406093,0.0338075,-0.150183,-1.93612,0.000144392,0.429777,-0.151217,-0.273297,1.11091,0.353482,0.197839,0,15
707,14.14,1.27134,0.889721,0.170212,0.211408,0.151704,0,101.06,0.0424825,0.0278115,-0.110516,-1.95987,0.0010986,0.431169,-0.154201,-0.276982,1.1141,0.40963,0.212369,0,15
708,14.16,1.30412,0.876379,0.232153,0.195588,0.151196,0,101.127,0.0502515,0.0329654,-0.198616,-1.98921,0.00337667,0.432561,-0.157185,-0.280667,1.1057,0.464561,0.226699,0,15
709,14.18,1.31147,0.85105,0.282419,0.178003,0.150954,0,101.084,0.026228,0.0588836,-0.0434819,-2.01956,0.00582829,0.433953,-0.160169,-0.284351,1.08386,0.508982,0.242788,0,15
710,14.2,1.31095,0.821411,0.325856,0.163682,0.15039,0,100.931,0.0187365,0.0514393,-0.327537,-2.04612,0.00536012,0.435344,-0.163154,-0.288036,1.05507,0.548063,0.255605,0,15
711,14.22,1.3085,0.789483,0.365105,0.153915,0.149845,0,100.905,0.0310129,0.0600424,-0.31202,-2.08143,0.00412337,0.436736,-0.166138,-0.291721,1.02528,0.582385,0.26386,0,15
712,14.24,1.29222,0.75214,0.39619,0.143892,0.149372,0,100.412,0.0171794,0.0562021,-0.247437,-2.11421,0.00277767,0.438128,-0.169122,-0.295406,0.991384,0.60896,0.272363,0,15
713,14.26,1.25037,0.702336,0.417688,0.130341,0.149229,0,99.8909,0.0282077,0.0202666,-0.39892,-2.1406,0.00157532,0.43952,-0.172106,-0.299091,0.950041,0.625169,0.284388,0,15
714,14.28,1.187,0.641032,0.428754,0.11721,0.148459,0,98.9594,0.0157625,0.0113507,-0.370648,-2.1675,-0.000456274,0.440911,-0.17509,-0.302775,0.901169,0.630611,0.295985,0,15
715,14.3,1.1154,0.57658,0.428907,0.109913,0.147123,0,97.5603,0.0361772,0.0134817,-0.256992,-2.19953,-0.00141597,0.442303,-0.178075,-0.30646,0.846886,0.62634,0.30174,0,15
716,14.32,1.04183,0.516165,0.415795,0.109871,0.145232,0,96.153,0.0416288,0.00700082,-0.126724,-2.23501,-0.0014776,0.443695,-0.181059,-0.310145,0.793615,0.610077,0.300232,0,14.6455
717,14.34,0.970466,0.464676,0.389078,0.116712,0.145296,0,94.3959,0.0223174,0.0796482,0.0442457,-2.24658,0.00306368,0.445087,-0.184043,-0.31383,0.742031,0.581692,0.291835,0,13.955
718,14.36,0.903193,0.424105,0.347125,0.131963,0.145535,0,93.0008,0.0314929,0.0789791,-0.0313437,-2.25037,0.00476967,0.446479,-0.187027,-0.317515,0.696729,0.53872,0.275019,0,12.2938
719,14.38,0.842587,0.409428,0.282205,0.150954,0.145522,0,91.6783,0.0340253,0.101453,0.0286424,-2.25356,0.00513142,0.44787,-0.190011,-0.321199,0.675116,0.47266,0.254457,0,10.6124
720,14.4,0.815764,0.426219,0.222317,0.167228,0.14513,0,90.4538,0.0477055,0.12057,-0.240185,-2.25345,0.00496977,0.449262,-0.192996,-0.324884,0.688498,0.40964,0.236604,0,10.3745
721,14.42,0.821822,0.459126,0.184722,0.177974,0.145315,0,89.162,0.00741021,0.133691,-0.169822,-2.25443,0.00666841,0.450654,-0.19598,-0.328569,0.717586,0.368302,0.224272,0,10.4624
722,14.44,0.846043,0.494465,0.168989,0.182589,0.145288,0,87.2725,0.0459184,0.129724,-0.160807,-2.25288,0.00784417,0.452046,-0.198964,-0.332254,0.751568,0.347387,0.218062,0,10.4519
723,14.46,0.883648,0.536706,0.159975,0.186966,0.145532,0,85.4168,0.0211091,0.138493,-0.266218,-2.25319,0.00726477,0.453438,-0.201948,-0.335938,0.789424,0.335031,0.212084,0,10.7021
724,14.48,0.939181,0.580895,0.16906,0.189226,0.14544,0,83.7773,0.0221196,0.14541,-0.358038,-2.25041,0.00747172,0.454829,-0.204933,-0.339623,0.832876,0.338786,0.208216,0,10.4906
725,14.5,1.00563,0.622077,0.197307,0.18625,0.145548,0,82.1378,0.0444734,0.163271,-0.150987,-2.24941,0.00795933,0.456221,-0.207917,-0.343308,0.873353,0.360916,0.209576,0,10.7052
726,14.52,1.06051,0.663075,0.220552,0.176886,0.145718,0,80.4248,0.0158866,0.179227,0.370256,-2.24952,0.0090479,0.457613,-0.210901,-0.346993,0.896702,0.380633,0.217317,0,10.7889
727,14.54,1.10835,0.699347,0.246555,0.162446,0.145871,0,78.5855,0.0390852,0.18844,0.253623,-2.25051,0.00775867,0.459005,-0.213885,-0.350678,0.908357,0.403744,0.230126,0,10.4209
728,14.56,1.15752,0.729778,0.284104,0.143639,0.146006,0,77.3431,0.0421735,0.126107,0.146273,-2.25009,0.00728873,0.460397,-0.216869,-0.354362,0.915293,0.438957,0.247296,0,10.5686
729,14.58,1.19339,0.744183,0.328064,0.121139,0.146012,0,76.1732,0.0270997,0.122323,0.00221509,-2.24735,0.00636513,0.461788,-0.219854,-0.358047,0.9108,0.48133,0.268151,0,10.4225
730,14.6,1.20562,0.736827,0.374252,0.0945375,0.145989,0,75.0553,0.0426085,0.128226,0.283377,-2.24121,0.00589857,0.46318,-0.222838,-0.361732,0.889489,0.525461,0.293101,0,10.877
731,14.62,1.19807,0.718896,0.404154,0.0750166,0.146159,0,74.001,0.0659976,0.0921589,-0.100031,-2.24389,0.00654476,0.464572,-0.225822,-0.365417,0.856305,0.55264,0.310962,0,10.5848
732,14.64,1.18426,0.695811,0.428241,0.0602054,0.1459,0,73.487,0.059285,0.0890115,-0.0694554,-2.23797,0.00390143,0.465964,-0.228806,-0.369101,0.822596,0.574757,0.324107,0,10.1485
733,14.66,1.16651,0.668632,0.445926,0.0519542,0.145858,0,73.2018,0.0458246,0.0774693,-0.129752,-2.23652,0.00528776,0.467355,-0.23179,-0.372786,0.789352,0.589203,0.330685,0,10.4261
734,14.68,1.14028,0.634857,0.456717,0.0487111,0.145878,0,72.7729,0.00849237,0.111651,-0.0282882,-2.2371,0.00706687,0.468747,-0.234775,-0.376471,0.750345,0.597604,0.332247,0,10.3126
735,14.7,1.10172,0.588576,0.468359,0.044789,0.145948,0,72.8024,0.0390638,0.119026,-0.297027,-2.23577,0.00663181,0.470139,-0.237759,-0.380156,0.702058,0.605791,0.334482,0,10.6077
736,14.72,1.05341,0.535143,0.476543,0.0417215,0.146487,0,73.0165,-0.0233466,0.0833406,0.0941738,-2.22345,0.00838388,0.471531,-0.240743,-0.383841,0.64583,0.610585,0.335854,0,10.4657
737,14.74,1.00611,0.491803,0.464458,0.049854,0.146223,0,73.3136,0.00325291,0.106468,-0.0212473,-2.22733,0.00664656,0.472923,-0.243727,-0.387525,0.592435,0.596656,0.32602,0,10.2972
738,14.76,0.957537,0.447031,0.447886,0.0626199,0.146452,0,73.3642,0.0216,0.112983,-0.00508648,-2.2306,0.00708985,0.474314,-0.246711,-0.39121,0.541865,0.575887,0.311545,0,10.6397
739,14.78,0.9039,0.409595,0.422593,0.0717121,0.146114,0,73.2619,0.0456408,0.103209,0.0789986,-2.22924,0.00567588,0.475706,-0.249696,-0.394895,0.49457,0.547721,0.300737,0,10.4534
740,14.8,0.85551,0.372346,0.395608,0.0875554,0.145897,0,73.1771,0.0198093,0.0946636,-0.159823,-2.23283,0.00428168,0.477098,-0.25268,-0.39858,0.452292,0.517698,0.28317,0,10.4971
741,14.82,0.809406,0.342767,0.356044,0.110595,0.146296,0,73.431,0.0205382,0.0658085,-0.0774567,-2.23602,0.00609569,0.47849,-0.255664,-0.402265,0.424238,0.474577,0.258401,0,10.6791
742,14.84,0.77455,0.337879,0.305759,0.130913,0.146116,0,73.5788,0.0367142,0.109055,-0.118037,-2.2359,0.00819126,0.479882,-0.258648,-0.405949,0.418454,0.419444,0.236346,0,10.2701
743,14.86,0.756217,0.357191,0.258333,0.140693,0.146008,0,73.9412,0.0264405,0.140477,-0.28424,-2.23597,0.00848658,0.481273,-0.261633,-0.409634,0.437078,0.367761,0.224822,0,10.5131
744,14.88,0.755623,0.384813,0.231475,0.139336,0.145927,0,74.36,0.0141675,0.158481,-0.331536,-2.23488,0.00898245,0.482665,-0.264617,-0.413319,0.467857,0.334456,0.224428,0,10.6492
745,14.9,0.76627,0.416452,0.218703,0.131116,0.145868,0,74.8681,0.00343484,0.175243,-0.345623,-2.2336,0.00942623,0.484057,-0.267601,-0.417004,0.502035,0.316921,0.230891,0,10.2603
746,14.92,0.784379,0.44517,0.216527,0.122683,0.145623,0,75.2725,0.0193885,0.180372,-0.386773,-2.23061,0.00939413,0.485449,-0.270585,-0.420689,0.535631,0.3102,0.237559,0,10.1996
747,14.94,0.803029,0.466076,0.220467,0.116486,0.145652,0,75.1545,0.0308898,0.149971,-0.334212,-2.22939,0.00974149,0.486841,-0.273569,-0.424373,0.564007,0.310168,0.241985,0,10.2351
748,14.96,0.815115,0.480399,0.222166,0.11255,0.146306,0,74.7187,0.0422,0.118704,-0.00678366,-2.23251,0.00974441,0.488232,-0.276554,-0.428058,0.579154,0.307122,0.244142,0,15
749,14.98,0.816979,0.492259,0.215289,0.109431,0.145983,0,73.6606,0.0374843,0.14262,0.0452975,-2.22978,0.00727848,0.489624,-0.279538,-0.431743,0.581767,0.293677,0.245477,0,15
750,15,0.819491,0.500466,0.207418,0.111607,0.145861,0,72.8802,0.0352419,0.116708,0.17306,-2.22872,0.00709668,0.491016,-0.282522,-0.435428,0.578328,0.279743,0.241509,0,15
751,15.02,0.828034,0.496394,0.212054,0.119586,0.146095,0,71.654,0.0419868,0.117614,-0.123172,-2.23029,0.00777193,0.492408,-0.285506,-0.439112,0.573909,0.27987,0.231731,0,15
752,15.04,0.823532,0.485097,0.210877,0.127558,0.145461,0,70.6779,-0.0128693,0.144324,-0.275901,-2.22627,0.00413786,0.4938,-0.28849,-0.442797,0.556212,0.273573,0.221953,0,15
753,15.06,0.82327,0.467611,0.212806,0.142853,0.146194,0,70.0243,0.00250612,0.0825542,-0.22955,-2.23168,0.00560686,0.495191,-0.291475,-0.446482,0.539565,0.270493,0.204846,0,15
754,15.08,0.821905,0.444421,0.216675,0.160809,0.146109,0,69.5261,0.0651169,0.0874725,-0.302251,-2.23119,0.00696489,0.496583,-0.294459,-0.450167,0.522355,0.270065,0.185072,0,15
755,15.1,0.828826,0.418462,0.223337,0.187027,0.145916,0,68.9562,0.0380414,0.0880534,-0.297968,-2.22894,0.0048673,0.497975,-0.297443,-0.453852,0.505566,0.273892,0.157029,0,15
756,15.12,0.841404,0.391807,0.2271,0.222496,0.145873,0,68.3172,0.0343851,0.0928506,-0.334578,-2.22805,0.00407324,0.499367,-0.300427,-0.457536,0.48515,0.273736,0.119727,0,15
757,15.14,0.868573,0.364036,0.236182,0.268356,0.146268,0,67.6882,0.0562228,0.0817675,-0.282791,-2.23061,0.00561425,0.500758,-0.303411,-0.461221,0.462504,0.278473,0.072029,0,15
758,15.16,0.922248,0.349274,0.258372,0.314602,0.145815,0,67.0859,0.0200768,0.114753,-0.283117,-2.22747,0.00444396,0.50215,-0.306396,-0.464906,0.455617,0.297369,0.0239372,0,15
759,15.18,0.947233,0.347271,0.268583,0.331379,0.146254,0,66.7889,0.0442944,0.0700409,-0.153656,-2.23116,0.00588109,0.503542,-0.30938,-0.468591,0.458093,0.303384,0.0053083,0,15
760,15.2,0.96589,0.347622,0.277704,0.340565,0.146715,0,66.1598,0.0251275,0.00822031,-0.136431,-2.23464,0.00668407,0.504934,-0.312364,-0.472275,0.461166,0.308853,-0.00573536,0,15
761,15.22,0.971075,0.342618,0.288125,0.340331,0.146143,0,65.8086,0.0699116,0.00234713,0.0198892,-2.23111,0.00576657,0.506326,-0.315348,-0.47596,0.461456,0.315221,-0.00736688,0,15
762,15.24,0.981424,0.340075,0.3003,0.341049,0.145841,0,65.2858,0.00883019,0.0850257,-0.344158,-2.22946,0.0012596,0.507717,-0.318332,-0.479645,0.463084,0.323978,-0.00995615,0,14.377
763,15.26,0.980944,0.349653,0.311589,0.319702,0.145667,0,65.2596,0.0467329,0.117591,-0.404171,-2.22979,0.000935793,0.509109,-0.321317,-0.48333,0.479829,0.331819,0.00951291,0,10.3156
764,15.28,1.02511,0.373671,0.333095,0.318347,0.145605,0,65.4914,0.0168134,0.0690265,-0.17106,-2.2286,0.000452504,0.510501,-0.324301,-0.487015,0.502774,0.346781,0.00898402,0,10.2157
765,15.3,1.05963,0.392423,0.352899,0.314312,0.146491,0,65.5217,-0.00867228,0.102202,-0.0896169,-2.23497,0.00195696,0.511893,-0.327285,-0.490699,0.515826,0.357311,0.0111277,0,14.2988
766,15.32,1.12388,0.431215,0.387184,0.305485,0.146253,0,65.5461,0.0299605,0.150625,0.108466,-2.23266,0.00526352,0.513285,-0.330269,-0.494384,0.546161,0.378192,0.0180584,0,13.0482
767,15.34,1.17361,0.452652,0.418887,0.302073,0.146363,0,65.5616,0.0719545,0.0971142,0.247834,-2.23237,0.00653368,0.514676,-0.333254,-0.498069,0.559976,0.398212,0.0195667,0,10.5388
768,15.36,1.19066,0.463584,0.424852,0.302221,0.145915,0,65.1745,0.0662152,0.0540652,0.408603,-2.22989,0.00749392,0.516068,-0.336238,-0.501754,0.559233,0.393298,0.0175089,0,15
769,15.38,1.19398,0.466605,0.428067,0.299312,0.146,0,64.8161,0.0404586,0.000561878,0.22523,-2.23107,0.00669689,0.51746,-0.339222,-0.505439,0.555151,0.390509,0.0185011,0,15
770,15.4,1.19454,0.468003,0.429578,0.296964,0.146007,0,64.5185,0.0482653,0.0241274,0.257743,-2.23138,0.00601336,0.518852,-0.342206,-0.509123,0.548387,0.38485,0.0189268,0,15
771,15.42,1.20187,0.472568,0.43651,0.292788,0.146273,0,64.5043,0.0303788,0.0273864,0.284514,-2.23375,0.00721748,0.520244,-0.34519,-0.512808,0.543825,0.384432,0.0211746,0,15
772,15.44,1.21515,0.476899,0.452602,0.285646,0.145898,0,64.7329,0.040098,0.100362,0.289274,-2.2306,0.00686787,0.521635,-0.348175,-0.516493,0.537424,0.391587,0.0263816,0,15
773,15.46,1.23222,0.48072,0.477711,0.273791,0.146499,0,64.475,0.0227288,0.126165,0.310556,-2.23548,0.00726483,0.523027,-0.351159,-0.520178,0.526667,0.404453,0.0362949,0,15
774,15.48,1.25187,0.486821,0.502157,0.262893,0.145956,0,63.6525,-0.00747994,0.126647,0.224885,-2.2306,0.00661727,0.524419,-0.354143,-0.523862,0.515657,0.415488,0.0452459,0,15
775,15.5,1.25899,0.489983,0.527106,0.241898,0.146072,0,63.3495,0.0496505,0.127124,0.198658,-2.22949,0.0029675,0.525811,-0.357127,-0.527547,0.505171,0.42661,0.0642866,0,15
776,15.52,1.25112,0.495726,0.539297,0.216099,0.146007,0,62.5502,0.0168253,0.0957607,0.168913,-2.22607,0.00481367,0.527202,-0.360111,-0.531232,0.494995,0.425761,0.0881259,0,15
777,15.54,1.22178,0.495256,0.548632,0.177893,0.146398,0,62.619,-0.01438,0.102475,-0.047821,-2.22792,0.00555995,0.528594,-0.363096,-0.534917,0.48366,0.425155,0.124367,0,15
778,15.56,1.18251,0.475479,0.566433,0.140597,0.146508,0,62.7705,0.0258814,0.134427,0.0387006,-2.22787,0.00694565,0.529986,-0.36608,-0.538602,0.461117,0.434759,0.15969,0,15
779,15.58,1.13725,0.4506,0.576661,0.109991,0.146442,0,62.8066,0.0272271,0.150324,-0.0586974,-2.22641,0.00726778,0.531378,-0.369064,-0.542286,0.433099,0.435562,0.188318,0,15
780,15.6,1.09254,0.433959,0.572367,0.086212,0.146125,0,63.0697,0.0610796,0.14379,-0.121985,-2.2232,0.00189518,0.53277,-0.372048,-0.545971,0.406324,0.419755,0.210113,0,14.7975
781,15.62,1.04059,0.41483,0.571462,0.0543004,0.146611,0,63.3819,0.0713422,0.121964,-0.170661,-2.21147,0.00362987,0.534161,-0.375032,-0.549656,0.377043,0.403783,0.240035,0,13.8621
782,15.64,0.993058,0.393943,0.571059,0.0280558,0.147141,0,63.8792,0.0690203,0.120359,-0.131954,-2.20281,0.00358553,0.535553,-0.378017,-0.553341,0.345361,0.388648,0.264283,0,13.4207
783,15.66,0.947728,0.369961,0.570431,0.00733587,0.147387,0,64.6976,0.0695004,0.130562,-0.184773,-2.19474,0.00161518,0.536945,-0.381001,-0.557026,0.311689,0.373684,0.283001,0,13.3571
784,15.68,0.924316,0.342864,0.572259,0.00919235,0.147657,0,65.2118,0.074523,0.141745,-0.249094,-2.18661,0.000542626,0.538337,-0.383985,-0.56071,0.277453,0.360986,0.297522,0,13.7424
785,15.7,0.903063,0.311058,0.571507,0.0204975,0.148043,0,66.0531,0.0732561,0.14124,-0.282262,-2.17726,0.000326127,0.538373,-0.384062,-0.560806,0.24149,0.346814,0.308775,0,14.2428
786,15.72,0.870652,0.274498,0.568033,0.0281206,0.148271,0,66.7588,0.0710183,0.141232,-0.34059,-2.17015,-7.83205e-05,0.538373,-0.384062,-0.560806,0.203384,0.330839,0.316398,0,14.7603
787,15.74,0.828738,0.235044,0.562328,0.0313655,0.148351,0,67.4483,0.0700683,0.136894,-0.39008,-2.16757,-0.000282034,0.538373,-0.384062,-0.560806,0.165395,0.314138,0.319643,0,14.9512
788,15.76,0.780603,0.195456,0.554831,0.0303154,0.148166,0,67.7745,0.0723864,0.127257,-0.405941,-2.17322,-0.000334591,0.538373,-0.384062,-0.560806,0.129909,0.297657,0.318592,0,14.6402
789,15.78,0.719271,0.155598,0.539803,0.0238698,0.14755,0,68.1214,0.0733128,0.111358,-0.338051,-2.19237,4.38094e-05,0.538373,-0.384062,-0.560806,0.0952778,0.275688,0.312147,0,13.6641
790,15.8,0.642675,0.122149,0.511802,0.00872448,0.146273,0,67.9469,0.0838394,0.0752444,-0.149652,-2.22705,0.00065738,0.538373,-0.384062,-0.560806,0.0651829,0.242443,0.297002,0,12.0409
791,15.82,0.588556,0.0994571,0.4658,0.0232995,0.146169,0,67.3783,0.0618422,0.0978355,-0.0633652,-2.22978,0.00206742,0.538373,-0.384062,-0.560806,0.0474178,0.193065,0.264977,0,10.3931
792,15.84,0.585674,0.0971478,0.421986,0.06654,0.146282,0,66.6975,0.0523272,0.0749302,-0.0628596,-2.23114,0.00326098,0.538373,-0.384062,-0.560806,0.0460132,0.144595,0.221737,0,10.3264
793,15.86,0.601428,0.103875,0.38727,0.110282,0.146204,0,65.8389,0.036258,0.0829178,-0.151735,-2.23083,0.00435583,0.538373,-0.384062,-0.560806,0.0594298,0.108418,0.177995,0,10.4647
794,15.88,0.64035,0.128802,0.361044,0.150504,0.1461,0,65.0428,0.0374154,0.0807324,-0.120934,-2.23027,0.00519701,0.538373,-0.384062,-0.560806,0.0885819,0.0794881,0.137773,0,10.3616
795,15.9,0.687641,0.162502,0.346273,0.178866,0.146137,0,64.5867,0.0213016,0.0746957,-0.093341,-2.23033,0.00618506,0.538373,-0.384062,-0.560806,0.125966,0.0627444,0.109412,0,10.6547
796,15.92,0.733202,0.192671,0.341793,0.198738,0.146015,0,64.0291,0.0206277,0.103998,-0.227062,-2.22885,0.00813057,0.538373,-0.384062,-0.560806,0.164655,0.0583709,0.0895394,0,10.1747
797,15.94,0.770678,0.22072,0.340163,0.209795,0.146417,0,64.1161,0.0172377,0.0819708,-0.0419819,-2.23084,0.00950178,0.538373,-0.384062,-0.560806,0.199047,0.055801,0.0784824,0,10.5126
798,15.96,0.804145,0.247785,0.336865,0.219495,0.146039,0,63.768,0.0229589,0.0922821,0.0488353,-2.22725,0.00835254,0.538373,-0.384062,-0.560806,0.225625,0.0482034,0.0687821,0,10.458
799,15.98,0.834934,0.266871,0.337991,0.230071,0.146186,0,63.8708,0.0166501,0.0809485,0.0114281,-2.22767,0.00829593,0.538373,-0.384062,-0.560806,0.247202,0.0454924,0.058206,0,14.0184
800,16,0.866672,0.281479,0.341489,0.243704,0.146266,0,63.9962,0.0335498,0.0722859,0.0583535,-2.22708,0.00723087,0.538373,-0.384062,-0.560806,0.262337,0.044218,0.044573,0,15
801,16.02,0.90258,0.29103,0.344019,0.267531,0.146458,0,64.1004,0.0034286,0.0266035,-0.0727468,-2.22843,0.00301266,0.538373,-0.384062,-0.560806,0.265301,0.0366943,0.0207464,0,15
802,16.04,0.910865,0.282166,0.347754,0.280944,0.146845,0,63.806,0.014353,0.0319604,-0.00899506,-2.23113,0.00581487,0.538373,-0.384062,-0.560806,0.257465,0.0357567,0.00733277,0,15
803,16.06,0.890818,0.265099,0.348989,0.27673,0.146425,0,63.4716,0.0292335,0.0351,0.0351844,-2.2295,0.00614458,0.538373,-0.384062,-0.560806,0.241139,0.0323105,0.0115466,0,13.9402
804,16.08,0.887525,0.258404,0.352252,0.27687,0.146463,0,63.5153,0.0103584,0.0407464,-0.107946,-2.23047,0.00404739,0.538373,-0.384062,-0.560806,0.237992,0.0327317,0.0114068,0,15
805,16.1,0.875381,0.244308,0.353848,0.277224,0.146962,0,63.8585,0.0600669,-0.00113814,-0.187346,-2.23486,0.000234336,0.538373,-0.384062,-0.560806,0.233559,0.0355013,0.0110527,0,15
806,16.12,0.856345,0.225153,0.353616,0.277576,0.148486,0,64.1917,0.0392549,-0.000435516,-0.439064,-2.24598,-0.0128068,0.538373,-0.384062,-0.560806,0.227479,0.0400406,0.0107011,0,15
807,16.14,0.853306,0.217392,0.357685,0.27823,0.151346,0,64.1032,0.0068757,-0.0803175,0.0824437,-2.26769,-0.0363299,0.538373,-0.384062,-0.560806,0.224489,0.0469066,0.010047,0,15
808,16.16,0.869807,0.227831,0.363443,0.278533,0.155942,0,63.8459,-0.091305,-0.0354632,-0.0914448,-2.30463,-0.0565529,0.538373,-0.384062,-0.560806,0.22344,0.0482329,0.00974438,0,15
809,16.18,0.898191,0.248718,0.373916,0.275557,0.158959,0,63.467,-0.069095,-0.0621591,-0.0489202,-2.33247,-0.0994558,0.538373,-0.384062,-0.560806,0.225029,0.0507246,0.0127203,0,12.9634
810,16.2,0.940073,0.274495,0.394852,0.270726,0.163498,0,63.0961,-0.0558801,-0.0819031,-0.0416611,-2.3711,-0.132438,0.538373,-0.384062,-0.560806,0.237696,0.0683506,0.0175511,0,11.7421
811,16.22,0.994903,0.299901,0.433405,0.261597,0.166415,0,63.3687,-0.0167619,-0.0105684,0.127994,-2.39932,-0.153469,0.538373,-0.384062,-0.560806,0.251794,0.103723,0.0266799,0,11.3706
812,16.24,1.04106,0.310822,0.480582,0.249661,0.164378,0,63.9693,0.077643,0.208865,0.550745,-2.37777,-0.131389,0.538373,-0.384062,-0.560806,0.2572,0.138988,0.038616,0,10.9585
813,16.26,1.07853,0.31074,0.525347,0.242441,0.154262,0,64.7174,0.192955,0.427817,0.870873,-2.28348,-0.0541783,0.538373,-0.384062,-0.560806,0.259583,0.158643,0.0458363,0,10.7587
814,16.28,1.05684,0.307608,0.540889,0.208347,0.146596,0,65.8285,0.0655225,0.152538,-0.199713,-2.2244,-0.00109348,0.538373,-0.384062,-0.560806,0.259153,0.149492,0.0799303,0,10.6102
815,16.3,1.00999,0.287945,0.551325,0.170723,0.146963,0,66.0958,0.0692275,0.130548,-0.343507,-2.22386,0.00115381,0.538373,-0.384062,-0.560806,0.242583,0.15054,0.117554,0,10.4987
816,16.32,0.938833,0.260529,0.561435,0.116868,0.147099,0,65.2874,0.0801986,0.123762,-0.263519,-2.21259,0.000138283,0.538373,-0.384062,-0.560806,0.217693,0.150518,0.171409,0,10.3549
817,16.34,0.868272,0.234688,0.560472,0.0731114,0.147178,0,64.5792,0.0784285,0.139246,-0.322002,-2.20524,-0.000604466,0.538373,-0.384062,-0.560806,0.194313,0.13879,0.215166,0,10.402
818,16.36,0.800497,0.206899,0.554426,0.0391718,0.147369,0,64.377,0.0786732,0.153391,-0.3669,-2.20013,-0.000566952,0.538373,-0.384062,-0.560806,0.170494,0.121159,0.249105,0,10.4011
819,16.38,0.750246,0.183853,0.551243,0.0151497,0.14763,0,64.4767,0.0815926,0.158596,-0.35399,-2.1918,-0.000779197,0.538373,-0.384062,-0.560806,0.150723,0.104219,0.273127,0,10.4492
820,16.4,0.710646,0.16221,0.54571,0.00272626,0.148104,0,64.6043,0.0771459,0.155988,-0.384191,-2.17875,-0.000603281,0.538373,-0.384062,-0.560806,0.133103,0.0848429,0.291003,0,10.4987
821,16.42,0.692825,0.13952,0.537727,0.0155775,0.148648,0,64.3902,0.0705252,0.157741,-0.400338,-2.16239,-7.47368e-05,0.538373,-0.384062,-0.560806,0.1163,0.0644075,0.303855,0,13.391
822,16.44,0.66802,0.112063,0.531404,0.0245533,0.149002,0,64.3579,0.0656303,0.163167,-0.45632,-2.14942,0.000689626,0.538373,-0.384062,-0.560806,0.0976786,0.048453,0.31283,0,15
823,16.46,0.63604,0.0774659,0.526657,0.0319175,0.149168,0,64.659,0.0520887,0.173336,-0.396335,-2.13913,0.00199681,0.538373,-0.384062,-0.560806,0.0745721,0.0376631,0.320195,0,15
824,16.48,0.599872,0.0380492,0.524414,0.0374086,0.148963,0,64.3241,0.0206071,0.187633,-0.392683,-2.12717,0.00324925,0.538373,-0.384062,-0.560806,0.048069,0.0321851,0.325686,0,15
825,16.5,0.589561,0.00996039,0.545672,0.0339288,0.148835,0,64.0962,0.0131436,0.125736,-0.643739,-2.11286,0.0062215,0.538373,-0.384062,-0.560806,0.0135531,0.0523163,0.322206,0,15
826,16.52,0.678789,0.0809072,0.556319,0.0415633,0.149474,0,63.1286,0.00941626,0.095881,-0.636758,-2.07876,0.0052585,0.538373,-0.384062,-0.560806,-0.0390629,0.0764693,0.32984,0,15
827,16.54,0.745659,0.147483,0.545262,0.0529137,0.14976,0,62.3359,0.010475,0.079624,-0.563258,-2.04924,0.00327433,0.538373,-0.384062,-0.560806,-0.0885599,0.08189,0.341191,0,15
828,16.56,0.789421,0.202385,0.522925,0.0641111,0.150335,0,61.7365,0.00483437,0.0621059,-0.394984,-1.99871,0.000828065,0.538373,-0.384062,-0.560806,-0.130625,0.0730742,0.352388,0,15
829,16.58,0.800429,0.231738,0.498457,0.0702336,0.151659,0,61.1716,0.0118562,0.0594447,-0.237046,-1.93359,0.000316978,0.538373,-0.384062,-0.560806,-0.153546,0.0489356,0.358511,0,15
830,16.6,0.788405,0.246459,0.475736,0.0662099,0.152944,0,60.3149,0.0172792,0.056509,-0.151957,-1.86962,0.00011307,0.538373,-0.384062,-0.560806,-0.164621,0.0166537,0.354487,0,15
831,16.62,0.764367,0.249346,0.450999,0.064022,0.154065,0,60.5042,0.0125768,0.0488511,0.00305257,-1.76667,0.00187165,0.538373,-0.384062,-0.560806,-0.167853,-0.0304779,0.352299,0,15
832,16.64,0.742328,0.264619,0.412749,0.0649597,0.154543,0,60.9912,0.00248135,0.00728394,-0.0189565,-1.63093,0.000221431,0.538373,-0.384062,-0.560806,-0.181303,-0.0757573,0.353237,0,15
833,16.66,0.727044,0.287259,0.403731,0.0360545,0.154538,0,63.5006,0.0224124,0.00190041,-0.0295568,-1.64069,0.000349715,0.538373,-0.384062,-0.560806,-0.204261,-0.087053,0.324332,0,15
834,16.68,0.733002,0.308578,0.405887,0.0185366,0.154106,0,64.0291,0.0337241,-0.00433437,0.00804213,-1.74673,0.00116508,0.538373,-0.384062,-0.560806,-0.227684,-0.0858639,0.26974,0,15
835,16.7,0.796269,0.320459,0.396815,0.078995,0.153346,0,63.3791,0.0261838,-0.0107169,-0.080348,-1.83936,0.000904501,0.538373,-0.384062,-0.560806,-0.243103,-0.0945425,0.209282,0,15
836,16.72,0.82419,0.316563,0.377863,0.129764,0.153194,0,62.3197,-0.00599534,0.01017,-0.0455629,-1.84827,0.000188969,0.538373,-0.384062,-0.560806,-0.24233,-0.113089,0.158513,0,15
837,16.74,0.858208,0.298924,0.364417,0.194867,0.153145,0,62.5783,-0.00761383,0.00974595,-0.0582571,-1.85175,0.000168044,0.538373,-0.384062,-0.560806,-0.226842,-0.128485,0.0934101,0,15
838,16.76,0.906711,0.284543,0.364933,0.257235,0.153065,0,62.9707,-0.00724064,0.000714224,-0.0643435,-1.85789,0.00019649,0.538373,-0.384062,-0.560806,-0.214588,-0.129149,0.0310423,0,15
839,16.78,0.932301,0.288244,0.368354,0.275703,0.152859,0,63.2928,-0.0183898,0.000810461,-0.0199228,-1.87541,0.000911199,0.538373,-0.384062,-0.560806,-0.219497,-0.122017,0.0125737,0,10.0191
840,16.8,0.916923,0.283186,0.357689,0.276048,0.152603,0,64.3831,-0.0087231,0.00184175,-0.173629,-1.89442,0.00162677,0.538373,-0.384062,-0.560806,-0.213083,-0.124674,0.0122291,0,10.3439
841,16.82,0.872175,0.271517,0.324345,0.276313,0.152144,0,66.5563,0.00762358,0.0116161,-0.378563,-1.91936,0.00295657,0.538373,-0.384062,-0.560806,-0.188598,-0.130563,0.0119638,0,15
842,16.84,0.827112,0.25761,0.293027,0.276475,0.151724,0,68.2171,-0.000968141,0.0144721,-0.493013,-1.9333,0.002788,0.538373,-0.384062,-0.560806,-0.160848,-0.125073,0.0118023,0,15
843,16.86,0.788272,0.236122,0.275685,0.276464,0.151615,0,69.1958,0.0106778,0.0197782,-0.451492,-1.93262,0.0019218,0.538373,-0.384062,-0.560806,-0.128655,-0.107765,0.0118129,0,15
844,16.88,0.761801,0.213291,0.272449,0.276062,0.151827,0,70.7046,-0.00174006,0.0409238,-0.524237,-1.92496,0.00235938,0.538373,-0.384062,-0.560806,-0.0983398,-0.0780949,0.0122152,0,15
845,16.9,0.750238,0.197736,0.276682,0.275819,0.151887,0,71.6453,-0.000785179,0.0584028,-0.598497,-1.918,0.00174575,0.538373,-0.384062,-0.560806,-0.0767971,-0.0378638,0.0124576,0,15
846,16.92,0.738594,0.177309,0.292723,0.268563,0.151751,0,71.4425,0.0149915,0.0602915,-0.430192,-1.91613,0.00100455,0.538373,-0.384062,-0.560806,-0.0534421,0.00552396,0.0197143,0,12.2289
847,16.94,0.729025,0.171022,0.292757,0.265246,0.151839,0,70.7028,0.0166263,0.0317197,-0.315074,-1.91086,0.00108188,0.538373,-0.384062,-0.560806,-0.0462654,0.0279554,0.0230309,0,15
848,16.96,0.708632,0.172841,0.277424,0.258367,0.151909,0,68.8826,0.0218074,0.0104867,-0.236724,-1.90908,0.00179061,0.538373,-0.384062,-0.560806,-0.0494333,0.0323783,0.0299096,0,15
849,16.98,0.685178,0.176201,0.253188,0.255789,0.151751,0,67.7544,0.0372311,0.0111147,-0.300586,-1.92407,0.00237572,0.538373,-0.384062,-0.560806,-0.0558518,0.0325566,0.0324882,0,15
850,17,0.665769,0.181311,0.223877,0.260581,0.151244,0,66.6653,0.0486447,0.0158278,-0.409906,-1.9569,0.00228146,0.538373,-0.384062,-0.560806,-0.0657567,0.0313217,0.0276957,0,15
851,17.02,0.654287,0.188778,0.193465,0.272043,0.150592,0,66.3716,0.0378423,0.0137843,-0.464215,-2.01547,0.00156456,0.538373,-0.384062,-0.560806,-0.080478,0.030536,0.0162336,0,15
852,17.04,0.626521,0.189125,0.16164,0.275756,0.149714,0,66.53,0.0285892,-0.00290795,-0.462744,-2.10043,0.0010376,0.538373,-0.384062,-0.560806,-0.0898374,0.023098,0.0125209,0,15
853,17.06,0.605901,0.184043,0.145605,0.276253,0.148161,0,66.9295,-0.000966758,-0.0159096,-0.553457,-2.18058,-7.30157e-06,0.538373,-0.384062,-0.560806,-0.0977185,0.0308696,0.0120244,0,15
854,17.08,0.594221,0.180832,0.136775,0.276614,0.147049,0,67.7892,0.0455464,-0.00391995,-0.364608,-2.22733,0.00144619,0.538373,-0.384062,-0.560806,-0.104506,0.0389092,0.0116634,0,12.3544
855,17.1,0.584341,0.175506,0.131902,0.276933,0.147001,0,68.0314,0.0415163,-0.00604613,-0.41598,-2.22703,0.00199205,0.538373,-0.384062,-0.560806,-0.104189,0.0493292,0.0113438,0,14.3086
856,17.12,0.587773,0.162847,0.1478,0.277126,0.146995,0,67.9455,0.0163881,0.04574,-0.142442,-2.227,0.00258321,0.538373,-0.384062,-0.560806,-0.0923882,0.0747466,0.0111509,0,15
857,17.14,0.606477,0.155205,0.17425,0.277022,0.147168,0,67.8699,0.0276567,0.0355791,-0.119986,-2.22812,0.00385849,0.538373,-0.384062,-0.560806,-0.0804253,0.102902,0.0112555,0,15
858,17.16,0.626873,0.150867,0.199321,0.276685,0.147068,0,67.8733,0.0279219,0.0489388,-0.057961,-2.2273,0.00405822,0.538373,-0.384062,-0.560806,-0.0698789,0.128781,0.0115921,0,14.8328
859,17.18,0.648468,0.149394,0.222601,0.276474,0.147169,0,68.4138,0.0262008,0.0720316,-0.0462309,-2.22791,0.00443949,0.538373,-0.384062,-0.560806,-0.0600054,0.151551,0.0118031,0,12.8801
860,17.2,0.682501,0.154935,0.25153,0.276037,0.147089,0,67.9484,0.0205587,0.0775948,-0.0558002,-2.2272,0.00389884,0.538373,-0.384062,-0.560806,-0.0576104,0.180999,0.0122405,0,12.9268
861,17.22,0.695403,0.161614,0.25715,0.27664,0.14717,0,66.9137,0.0255225,0.0822639,-0.140662,-2.22778,0.00399272,0.537905,-0.381466,-0.558622,-0.0552461,0.186614,0.0131084,0,14.8028
862,17.24,0.693703,0.172161,0.248201,0.27334,0.147056,0,65.6884,0.0408726,0.0926311,-0.104981,-2.2271,0.00328753,0.537437,-0.378869,-0.556438,-0.0558029,0.178872,0.017878,0,15
863,17.26,0.693663,0.181898,0.237471,0.274294,0.147165,0,63.8225,0.0412553,0.0924861,-0.104813,-2.22834,0.00385425,0.536969,-0.376272,-0.554255,-0.0526519,0.166303,0.0183937,0,15
864,17.28,0.709155,0.192812,0.237587,0.278756,0.14711,0,62.7512,0.0557772,0.044163,0.072234,-2.22828,0.00410817,0.536501,-0.373676,-0.552071,-0.0521219,0.165343,0.0153994,0,15
865,17.3,0.723971,0.201952,0.238587,0.283432,0.146918,0,61.5585,0.0305051,0.0324148,0.0870242,-2.22712,0.00339327,0.536033,-0.371079,-0.549887,-0.0497874,0.160841,0.0121906,0,15
866,17.32,0.721591,0.208259,0.228482,0.284849,0.146858,0,60.9567,0.0289035,0.037492,-0.119842,-2.22702,0.00260687,0.535565,-0.368482,-0.547704,-0.0495229,0.150054,0.0122403,0,15
867,17.34,0.721129,0.214041,0.220585,0.286503,0.146873,0,61.0308,-0.0112236,0.0137881,-0.0362118,-2.2275,0.00233901,0.535097,-0.365885,-0.54552,-0.0500323,0.141397,0.0120517,0,15
868,17.36,0.719209,0.21895,0.212052,0.288208,0.146821,0,60.9934,-0.0277355,0.0361577,-0.158953,-2.22741,0.00184116,0.534629,-0.363289,-0.543336,-0.0513532,0.13416,0.0118118,0,15
869,17.38,0.719523,0.225415,0.204201,0.289907,0.146864,0,60.9666,0.0162566,0.0334893,-0.0725534,-2.228,0.00277579,0.534161,-0.360692,-0.541152,-0.0527702,0.128698,0.0115757,0,15
870,17.4,0.721516,0.231281,0.198513,0.291722,0.146882,0,60.6814,0.0324176,0.0185435,-0.133909,-2.22854,0.00311184,0.533693,-0.358095,-0.538969,-0.0540916,0.123935,0.0112238,0,15
871,17.42,0.730926,0.238557,0.198919,0.293449,0.146511,0,60.4493,0.0136918,0.043025,-0.0173709,-2.2265,0.00135419,0.533225,-0.355499,-0.536785,-0.0549377,0.120491,0.0109577,0,15
872,17.44,0.741987,0.247306,0.199352,0.295329,0.146638,0,59.5418,-0.0119007,0.0137958,0.000176378,-2.22824,0.00166214,0.532757,-0.352902,-0.534601,-0.0554898,0.118315,0.0105385,0,15
873,17.46,0.754425,0.256761,0.200391,0.297274,0.14652,0,58.4144,0.00806583,0.0224664,-0.133629,-2.22787,0.00134662,0.532289,-0.350305,-0.532418,-0.0574706,0.117525,0.010053,0,15
874,17.48,0.760498,0.263584,0.197967,0.298948,0.146263,0,57.7451,0.00248675,0.0509135,-0.189583,-2.2263,0.00091359,0.531821,-0.347709,-0.530234,-0.0597476,0.116586,0.00983724,0,15
875,17.5,0.772243,0.272987,0.198479,0.300777,0.1463,0,57.5279,0.00479351,0.0491766,-0.128998,-2.22711,0.00154558,0.531353,-0.345112,-0.52805,-0.0617402,0.115554,0.00946473,0,13.4165
876,17.52,0.786338,0.283628,0.200215,0.302495,0.146385,0,57.6556,0.00134336,0.0172069,-0.144426,-2.22834,0.00145969,0.530886,-0.342515,-0.525867,-0.0651439,0.115416,0.00920288,0,13.4283
877,17.54,0.807336,0.296098,0.208197,0.303041,0.146274,0,58.1396,-0.0512047,0.038576,-0.36714,-2.22779,0.00138775,0.530418,-0.339918,-0.523683,-0.0744755,0.124267,0.010112,0,15
878,17.56,0.83829,0.310152,0.224592,0.303546,0.146154,0,59.7932,-0.012637,0.0707256,-0.32344,-2.22662,0.0014486,0.52995,-0.337322,-0.521499,-0.0858637,0.14422,0.011061,0,15
879,17.58,0.886526,0.329491,0.255169,0.301867,0.146957,0,60.8628,0.00862828,0.0462221,-0.204174,-2.23126,0.00613285,0.529482,-0.334725,-0.519315,-0.100728,0.178334,0.0141937,0,15
880,17.6,0.943961,0.35917,0.290727,0.294064,0.146886,0,62.2892,0.0265204,0.0643068,0.0841959,-2.22923,0.00489764,0.529014,-0.332128,-0.517132,-0.121677,0.213903,0.0234486,0,15
881,17.62,0.985305,0.38167,0.31867,0.284965,0.1469,0,63.7873,0.0239123,0.0790122,0.0842412,-2.22951,0.00258309,0.528546,-0.329532,-0.514948,-0.127104,0.234155,0.033998,0,14.5624
882,17.64,1.01665,0.39973,0.324677,0.292241,0.14675,0,64.7386,0.0162032,0.0586228,0.0975154,-2.22896,0.000870079,0.528078,-0.326935,-0.512764,-0.132054,0.235432,0.0281716,0,15
883,17.66,1.04827,0.410502,0.326426,0.311343,0.147092,0,64.8183,0.0377494,0.0516765,0.1021,-2.23228,0.00254381,0.52761,-0.324338,-0.510581,-0.128978,0.230176,0.0105178,0,15
884,17.68,1.05881,0.415217,0.330513,0.313076,0.147156,0,64.3152,0.0428719,0.0518844,0.0769121,-2.23405,0.00264713,0.527142,-0.321741,-0.508397,-0.11678,0.225745,0.0102316,0,15
885,17.7,1.0642,0.420546,0.329304,0.314353,0.147089,0,63.2076,0.041824,0.0552876,0.0221067,-2.23409,0.00277225,0.526674,-0.319145,-0.506213,-0.11222,0.222862,0.0104006,0,15
886,17.72,1.06287,0.421418,0.325816,0.315634,0.146749,0,62.0603,0.0156041,0.0636295,-0.0687054,-2.23217,0.000864297,0.526206,-0.316548,-0.50403,-0.106882,0.217549,0.010565,0,15
887,17.74,1.05213,0.420292,0.315144,0.316696,0.146922,0,61.0779,0.0200866,0.0791186,-0.311283,-2.23336,0.00279999,0.525738,-0.313951,-0.501846,-0.102115,0.211838,0.0109462,0,15
888,17.76,1.0331,0.415827,0.29935,0.31792,0.146633,0,60.6568,0.0254683,0.0363294,-0.10284,-2.23112,0.00286952,0.52527,-0.311355,-0.499662,-0.097276,0.203139,0.0111646,0,15
889,17.78,1.00131,0.407785,0.274476,0.319053,0.146646,0,59.9358,0.0552044,-0.011962,-0.245511,-2.23081,0.00462659,0.524802,-0.308758,-0.497478,-0.0958433,0.189033,0.0114725,0,15
890,17.8,0.972993,0.398257,0.254291,0.320445,0.146222,0,59.6912,0.0261371,0.0206743,-0.181846,-2.2277,0.00449358,0.524334,-0.306161,-0.495295,-0.0894814,0.176476,0.0115208,0,15
891,17.82,0.945754,0.388929,0.234994,0.321831,0.145806,0,59.3214,0.00947509,0.0194427,-0.240739,-2.22516,0.00199634,0.523866,-0.303564,-0.493111,-0.0820321,0.162708,0.0115732,0,15
892,17.84,0.928474,0.383897,0.221094,0.323482,0.145413,0,59.6622,-0.0224401,0.0421511,-0.522092,-2.2225,-7.25985e-05,0.523398,-0.300968,-0.490927,-0.0777939,0.152398,0.0113591,0,15
893,17.86,0.912818,0.380568,0.207173,0.325077,0.145898,0,60.3423,-0.00106242,8.96975e-05,-0.303569,-2.22607,0.00305918,0.52293,-0.298371,-0.488744,-0.075637,0.143254,0.0112003,0,15
894,17.88,0.897826,0.377141,0.19401,0.326676,0.146017,0,61.0202,0.00825855,-0.0130673,-0.370801,-2.22699,0.00276143,0.522462,-0.295774,-0.48656,-0.0739345,0.13491,0.0110369,0,15
895,17.9,0.877922,0.371704,0.178156,0.328062,0.146448,0,61.7085,0.00701586,-0.0113295,-0.177385,-2.22993,0.00505771,0.521994,-0.293178,-0.484376,-0.0729653,0.126149,0.0110843,0,15
896,17.92,0.867899,0.370119,0.168046,0.329734,0.146677,0,61.8943,0.0035761,-0.0018142,-0.18664,-2.23173,0.00591821,0.521526,-0.290581,-0.482193,-0.0713848,0.119571,0.0108442,0,15
897,17.94,0.859623,0.37015,0.157939,0.331533,0.146305,0,62.2379,-0.00453043,0.00693203,-0.324352,-2.22917,0.00371269,0.521058,-0.287984,-0.480009,-0.0713739,0.112954,0.0104763,0,15
898,17.96,0.850296,0.371163,0.145844,0.333289,0.145899,0,62.5121,0.0133098,0.0236749,-0.477909,-2.22667,0.000995875,0.52059,-0.285388,-0.477825,-0.0735687,0.10597,0.0101493,0,15
899,17.98,0.841055,0.371794,0.134202,0.335059,0.145703,0,62.4358,-0.0334181,0.0160931,-0.349255,-2.22542,0.000265002,0.520122,-0.282791,-0.475641,-0.0755916,0.0990562,0.00980752,0,15
900,18,0.843185,0.376968,0.129141,0.337076,0.146216,0,62.302,0.0025014,-0.0098005,-0.0628543,-2.22956,0.00168684,0.519654,-0.280194,-0.473458,-0.0766724,0.0940447,0.00921752,0,15
901,18.02,0.848743,0.384255,0.125933,0.338555,0.146393,0,61.898,-0.0223694,0.00526252,-0.0521687,-2.23123,0.00161102,0.519186,-0.277597,-0.471274,-0.0786765,0.0904368,0.00916364,0,15
902,18.04,0.85509,0.393055,0.12365,0.338385,0.146336,0,61.6475,-0.0414625,0.0222788,-0.0717366,-2.23108,0.00141788,0.518718,-0.275001,-0.46909,-0.080838,0.0877679,0.0107583,0,15
903,18.06,0.864321,0.403421,0.124327,0.336573,0.14611,0,61.5715,0.00308561,0.0452124,-0.143227,-2.22954,0.00105092,0.518251,-0.272404,-0.466907,-0.0832604,0.0872876,0.013993,0,15
904,18.08,0.884212,0.424226,0.126512,0.333474,0.146494,0,61.3415,0.00806189,0.0466935,-0.133084,-2.23211,0.00272552,0.517783,-0.269807,-0.464723,-0.0980525,0.0913993,0.0185138,0,14.6569
905,18.1,0.916087,0.45774,0.132618,0.325729,0.146543,0,61.1477,0.0159282,0.0802964,0.0226941,-2.23042,0.00304351,0.517315,-0.267211,-0.462539,-0.125113,0.100611,0.0276784,0,15
906,18.12,0.944755,0.495625,0.125923,0.323208,0.146465,0,60.7098,0.0185268,0.0581801,-0.0169959,-2.22955,0.00183487,0.516847,-0.264614,-0.460356,-0.152132,0.0944699,0.0316179,0,13.5959
907,18.14,0.957129,0.522621,0.127401,0.307107,0.146473,0,59.9576,0.0155013,0.0429509,-0.0185701,-2.22889,0.00164071,0.516379,-0.262017,-0.458172,-0.169959,0.0957307,0.0491356,0,12.4521
908,18.16,0.949916,0.544109,0.121557,0.28425,0.146533,0,59.2909,0.00936849,0.051427,-0.107732,-2.22849,0.001681,0.515911,-0.25942,-0.455988,-0.186257,0.0914398,0.0734082,0,11.9078
909,18.18,0.930345,0.55935,0.110107,0.260888,0.147111,0,58.9175,0.022732,0.0434991,-0.101794,-2.23125,0.00459559,0.515443,-0.256824,-0.453804,-0.199024,0.0829278,0.0981849,0,12.4001
910,18.2,0.904606,0.570259,0.0973949,0.236952,0.147163,0,58.3662,0.0205358,0.0537192,-0.0977088,-2.23065,0.0042945,0.514975,-0.254227,-0.451621,-0.205569,0.0724096,0.123533,0,12.4756
911,18.22,0.868213,0.577009,0.080842,0.210362,0.14708,0,58.2692,0.0157347,0.0575716,-0.132309,-2.22964,0.00330121,0.514507,-0.25163,-0.449437,-0.20795,0.0580111,0.151535,0,12.4567
912,18.24,0.822136,0.578994,0.0587509,0.184391,0.147024,0,58.2847,0.0115321,0.0550036,-0.0936327,-2.22852,0.00275088,0.514039,-0.249034,-0.447253,-0.207162,0.0396885,0.178915,0,12.2851
913,18.26,0.775188,0.572311,0.0397406,0.163136,0.146974,0,58.4266,0.0157292,0.0565536,-0.0244974,-2.22794,0.00224158,0.513571,-0.246437,-0.44507,-0.195512,0.0236868,0.201578,0,12.4789
914,18.28,0.724084,0.561674,0.0230915,0.139319,0.146822,0,59.0291,0.0248268,0.0676883,-0.117031,-2.22681,0.00124404,0.513103,-0.24384,-0.442886,-0.179319,0.0101361,0.226802,0,12.3498
915,18.3,0.670533,0.549121,0.00887115,0.11254,0.147032,0,59.8851,0.0139376,0.0777029,-0.0312963,-2.22587,0.00208122,0.512635,-0.241243,-0.440702,-0.159013,-0.00116222,0.254986,0,12.4043
916,18.32,0.628563,0.535725,0.00134708,0.0914912,0.147188,0,60.4959,0.016185,0.0750518,-0.0278797,-2.22469,0.00242451,0.512167,-0.238647,-0.438519,-0.135097,-0.00913676,0.277439,0,12.3194
917,18.34,0.609146,0.521466,0.0110874,0.0765922,0.147019,0,61.1912,0.00700212,0.0836772,-0.0977797,-2.22574,0.00163549,0.511699,-0.23605,-0.436335,-0.111751,-0.0162732,0.29374,0,13.3112
918,18.36,0.592158,0.504748,0.0210978,0.0663114,0.147082,0,61.7868,0.0192092,0.0827126,-0.0756359,-2.22467,0.00178254,0.511231,-0.233453,-0.434151,-0.0867553,-0.0228532,0.305421,0,15
919,18.38,0.57904,0.489885,0.030967,0.0581872,0.146926,0,62.2105,-0.00264288,0.0738661,-0.122753,-2.22407,0.000816107,0.510763,-0.230857,-0.431967,-0.0624603,-0.0307003,0.314944,0,15
920,18.4,0.580596,0.482697,0.0443909,0.0535077,0.146824,0,62.4626,0.00434363,0.0673402,-0.145549,-2.22399,0.000451684,0.510295,-0.22826,-0.429784,-0.0485539,-0.042345,0.321021,0,15
921,18.42,0.599597,0.485137,0.0605253,0.0539346,0.146887,0,62.8544,0.00877996,0.0616218,-0.0931412,-2.22832,0.00174075,0.509827,-0.225663,-0.4276,-0.0443044,-0.0560491,0.32199,0,15
922,18.44,0.626048,0.49247,0.07871,0.0548685,0.146941,0,62.8444,0.0139061,0.0586018,-0.134505,-2.22801,0.00168786,0.509359,-0.223067,-0.425416,-0.0425963,-0.0722711,0.32245,0,15
923,18.46,0.658244,0.500688,0.102312,0.055244,0.146922,0,62.7904,0.0087624,0.0627086,-0.131974,-2.22886,0.00171453,0.508891,-0.22047,-0.423233,-0.0430612,-0.0933603,0.323468,0,15
924,18.48,0.695023,0.50825,0.131417,0.0553552,0.14691,0,62.5546,0.00847127,0.0657682,-0.124595,-2.22932,0.00167027,0.508423,-0.217873,-0.421049,-0.04385,-0.11963,0.324747,0,15
925,18.5,0.735367,0.51496,0.164269,0.0561379,0.146922,0,62.0544,0.00936586,0.0620757,-0.139367,-2.22929,0.00168318,0.507955,-0.215276,-0.418865,-0.0433595,-0.149604,0.325354,0,15
926,18.52,0.759319,0.512697,0.196316,0.050306,0.146929,0,61.7446,0.0175481,0.0529801,-0.0998248,-2.22951,0.00192902,0.507487,-0.21268,-0.416681,-0.0338615,-0.178847,0.332574,0,15
927,18.54,0.782066,0.509326,0.226068,0.0466723,0.146987,0,61.4334,0.0189774,0.0562324,-0.045791,-2.22966,0.00229541,0.507019,-0.210083,-0.414498,-0.0222578,-0.206455,0.337593,0,15
928,18.56,0.803982,0.504771,0.254146,0.0450652,0.147065,0,61.0704,0.0206163,0.0474715,-0.0680519,-2.22852,0.00242377,0.506552,-0.207486,-0.412314,-0.00803957,-0.232542,0.340585,0,15
929,18.58,0.827531,0.496759,0.285402,0.0453708,0.147099,0,60.377,0.0169443,0.0521805,-0.102885,-2.22655,0.00241649,0.506084,-0.20489,-0.41013,0.0067083,-0.260965,0.341662,0,15
930,18.6,0.848676,0.488491,0.312724,0.047461,0.147079,0,59.885,0.0225467,0.0519068,-0.0192015,-2.22418,0.00199098,0.505616,-0.202293,-0.407947,0.0239986,-0.28643,0.340953,0,15
931,18.62,0.867914,0.479626,0.336868,0.05142,0.147143,0,59.2563,0.0212048,0.0545526,-0.0358248,-2.22114,0.00169903,0.505148,-0.199696,-0.405763,0.0436594,-0.308679,0.338373,0,15
932,18.64,0.88376,0.466009,0.360562,0.0571881,0.147284,0,58.5716,0.0187833,0.0519848,-0.0741297,-2.21368,0.00144714,0.50468,-0.197099,-0.403579,0.0652548,-0.329895,0.333983,0,15
933,18.66,0.896405,0.44965,0.382061,0.0646931,0.147611,0,58.0999,0.016243,0.0574123,-0.0773187,-2.20357,0.00172132,0.504212,-0.194503,-0.401396,0.0884484,-0.348637,0.327854,0,15
934,18.68,0.907132,0.433818,0.399359,0.0739543,0.148123,0,57.5284,0.0165914,0.0624483,-0.029517,-2.18921,0.00211367,0.503744,-0.191906,-0.399212,0.113666,-0.363385,0.319966,0,15
935,18.7,0.917124,0.414919,0.417081,0.0851243,0.148649,0,57.061,0.00735027,0.0801901,-0.181738,-2.17119,0.00193626,0.503276,-0.189309,-0.397028,0.141039,-0.378166,0.310169,0,15
936,18.72,0.928784,0.39351,0.436693,0.0985817,0.149072,0,56.7495,0.00441474,0.0908618,-0.214837,-2.15419,0.00144267,0.502808,-0.186713,-0.394844,0.16954,-0.394234,0.298082,0,15
937,18.74,0.94331,0.369524,0.458888,0.114899,0.149525,0,56.4657,0.0042177,0.095427,-0.214411,-2.14065,0.0017446,0.50234,-0.184116,-0.392661,0.199219,-0.411961,0.283134,0,15
938,18.76,0.959369,0.342828,0.48221,0.134331,0.149696,0,56.3384,-0.006502,0.112466,-0.319018,-2.12791,0.000804693,0.501872,-0.181519,-0.390477,0.229997,-0.430283,0.265069,0,15
939,18.78,0.977266,0.313376,0.506591,0.157298,0.149884,0,56.1224,-0.0101432,0.118696,-0.348823,-2.11813,0.000521332,0.501404,-0.178923,-0.388293,0.261683,-0.448938,0.243467,0,15
940,18.8,0.995757,0.280609,0.529207,0.185941,0.15006,0,55.9936,-0.0121556,0.124033,-0.389545,-2.10844,0.000361383,0.500936,-0.176326,-0.38611,0.295543,-0.465778,0.216188,0,15
941,18.82,1.01175,0.241073,0.546072,0.224609,0.150263,0,55.9685,-0.0125254,0.130633,-0.42309,-2.09521,0.000239938,0.500468,-0.173729,-0.383926,0.33562,-0.476411,0.178882,0,15
942,18.84,1.00442,0.191619,0.542285,0.270512,0.150618,0,56.0007,-0.00444326,0.12938,-0.443203,-2.07469,0.000533164,0.5,-0.171132,-0.381742,0.384463,-0.465785,0.134339,0,14.0403
943,18.86,0.971361,0.146658,0.514193,0.31051,0.150694,0,56.0604,0.00153509,0.124075,-0.427779,-2.0489,-1.10865e-05,0.499532,-0.168536,-0.379559,0.426785,-0.430788,0.0956995,0,12.457
944,18.88,0.946439,0.117278,0.477782,0.351379,0.151542,0,56.1363,-0.00241151,0.0800836,-0.344454,-1.9383,0.00156921,0.499064,-0.165939,-0.377375,0.449681,-0.387592,0.0561865,0,12.4924
945,18.9,0.95311,0.127971,0.443597,0.381542,0.153998,0,56.7354,-0.0238818,0.0743723,-0.093356,-1.76774,0.00110129,0.498596,-0.163342,-0.375191,0.444805,-0.346287,0.0273783,0,12.3282
946,18.92,0.986842,0.174322,0.420389,0.392131,0.15464,0,57.0466,-0.00134025,0.00898385,-0.0206455,-1.57459,0.000379741,0.498128,-0.160746,-0.373007,0.408631,-0.318116,0.0181412,0,10.5458
947,18.94,0.99939,0.193092,0.397308,0.40899,0.15467,0,57.1831,0.0134096,-0.00748117,0.0200258,-1.58726,0.000586897,0.49766,-0.158149,-0.370824,0.387954,-0.294605,0.00263294,0,10.6551
948,18.96,0.991656,0.212766,0.369917,0.408972,0.154393,0,56.8073,0.0267831,0.0174347,0.0398289,-1.6915,0.000852525,0.497192,-0.155552,-0.36864,0.384096,-0.26423,0.0039998,0,10.5069
949,18.98,0.971823,0.213894,0.348839,0.40909,0.154276,0,55.6995,0.00434116,0.0113068,-0.0417544,-1.69123,0.000219822,0.496724,-0.152955,-0.366456,0.380904,-0.242244,0.00522887,0,10.3906
950,19,0.954552,0.226861,0.318376,0.409315,0.154464,0,55.8828,0.000301056,0.0077807,-0.0151212,-1.65121,0.000222445,0.496256,-0.150359,-0.364273,0.367638,-0.211147,0.00634968,0,14.5938
951,19.02,0.950649,0.251094,0.290953,0.408602,0.154573,0,56.7084,0.00723866,0.00320101,0.0027568,-1.61438,0.000220895,0.495788,-0.147762,-0.362089,0.344017,-0.18318,0.00840596,0,15
952,19.04,0.950667,0.251192,0.288304,0.41117,0.154362,0,56.9069,0.0160528,-0.000514446,-0.00876436,-1.7,0.000520885,0.49532,-0.145165,-0.359905,0.340418,-0.181279,0.00717899,0,15
953,19.06,0.939989,0.25446,0.274801,0.410727,0.153797,0,56.6001,0.00437701,-0.0119026,0.00671911,-1.80543,0.000800908,0.494852,-0.142569,-0.357722,0.334456,-0.170245,0.00896114,0,15
954,19.08,0.914025,0.267143,0.236748,0.410134,0.151853,0,57.142,-0.0145754,-0.0208076,-0.111087,-1.92846,9.86159e-05,0.494385,-0.139972,-0.355538,0.310298,-0.138146,0.0108921,0,15
955,19.1,0.906259,0.288023,0.207825,0.410411,0.151923,0,57.7398,0.0189453,0.0393464,-0.314025,-1.93549,0.00102922,0.493917,-0.137375,-0.353354,0.26758,-0.112575,0.0119505,0,15
956,19.12,0.913053,0.309281,0.19317,0.410601,0.151625,0,58.6771,-0.0041431,0.0624356,-0.465606,-1.9291,0.000962794,0.493449,-0.134778,-0.35117,0.225549,-0.0971624,0.0130936,0,15
957,19.14,0.903762,0.319262,0.180438,0.404062,0.151683,0,59.1529,-0.0198176,0.0627382,-0.318771,-1.9319,0.00112748,0.492981,-0.132182,-0.348987,0.195306,-0.0892688,0.0209645,0,14.7815
958,19.16,0.894931,0.320866,0.174638,0.399427,0.151686,0,60.2786,0.000236608,0.0216795,0.011307,-1.92883,0.00077337,0.492513,-0.129585,-0.346803,0.179395,-0.0885301,0.0269289,0,15
959,19.18,0.879065,0.316229,0.171387,0.391449,0.151918,0,61.2624,0.0176333,0.0186078,-0.161224,-1.92685,0.00148046,0.492045,-0.126988,-0.344619,0.17286,-0.0882566,0.0362352,0,15
960,19.2,0.86059,0.303796,0.170767,0.386027,0.151746,0,60.8752,0.0240173,0.0509799,-0.35818,-1.92874,0.00143808,0.491577,-0.124392,-0.342436,0.165868,-0.0917062,0.0429822,0,15
961,19.22,0.844685,0.291896,0.169308,0.383482,0.151752,0,60.4475,0.0241826,0.0406558,-0.236006,-1.93193,0.0014647,0.491109,-0.121795,-0.340252,0.159787,-0.096049,0.0468514,0,15
962,19.24,0.832141,0.280651,0.167325,0.384165,0.15157,0,59.7824,0.0139261,0.0354767,-0.255995,-1.94106,0.000877202,0.490641,-0.119198,-0.338068,0.158312,-0.0977302,0.0474898,0,15
963,19.26,0.820116,0.267494,0.166086,0.386536,0.151336,0,59.6288,0.0367565,0.0766083,-0.311897,-1.95843,0.00145328,0.490173,-0.116602,-0.335885,0.159605,-0.099477,0.0464382,0,15
964,19.28,0.80058,0.245642,0.166841,0.388097,0.150808,0,59.7067,0.0298986,0.0811722,-0.27395,-1.98482,0.00144213,0.489705,-0.114005,-0.333701,0.16831,-0.104076,0.0461955,0,15
965,19.3,0.779625,0.210684,0.168874,0.400066,0.150389,0,58.4448,0.0411224,0.0774428,-0.251904,-2.02439,0.00202188,0.489237,-0.111408,-0.331517,0.189524,-0.112199,0.0355414,0,15
966,19.32,0.742019,0.170178,0.166954,0.404887,0.149279,0,57.9046,0.0184696,0.0352182,-0.508164,-2.10195,0.00181754,0.488769,-0.108811,-0.329333,0.213821,-0.119362,0.0320346,0,15
967,19.34,0.707324,0.141457,0.150533,0.415333,0.147609,0,57.6254,0.0224581,0.0115834,-0.566278,-2.20254,-1.57207e-05,0.488301,-0.106215,-0.32715,0.221699,-0.121343,0.0228996,0,15
968,19.36,0.701394,0.129548,0.144615,0.427232,0.146952,0,57.0689,0.037784,0.0705214,-0.3399,-2.2276,0.00182425,0.487833,-0.103618,-0.324966,0.222174,-0.125457,0.0123098,0,14.3545
969,19.38,0.695039,0.121655,0.144574,0.42881,0.146623,0,56.4883,0.0332913,0.0961849,-0.280927,-2.22586,0.0031225,0.487365,-0.101021,-0.322782,0.22399,-0.12814,0.0120393,0,10.4835
970,19.4,0.700871,0.121541,0.148793,0.430536,0.147338,0,55.2441,-0.0292322,0.0864787,0.112442,-2.23145,0.00302673,0.486897,-0.0984246,-0.320599,0.223895,-0.13069,0.0116186,0,10.2792
971,19.42,0.727833,0.134385,0.160984,0.432463,0.147022,0,53.5705,-0.00543317,0.0822569,0.183094,-2.23104,0.000968546,0.486429,-0.0958279,-0.318415,0.223773,-0.12743,0.0109943,0,10.1708
972,19.44,0.768429,0.168532,0.165636,0.434261,0.14691,0,51.5313,-0.0121228,0.0848116,0.142853,-2.23095,-0.000751689,0.485961,-0.0932311,-0.316231,0.203,-0.116269,0.0104976,0,13.7809
973,19.46,0.809681,0.204284,0.1699,0.435497,0.14658,0,50.098,-0.0284283,0.0623511,0.151609,-2.22831,0.000181094,0.485493,-0.0906344,-0.314048,0.176853,-0.108845,0.0105605,0,12.3209
974,19.48,0.848949,0.23659,0.175753,0.436606,0.146513,0,49.0515,-0.0407175,0.0908664,0.0578247,-2.22821,0.00048174,0.485025,-0.0880377,-0.311864,0.152303,-0.10514,0.010749,0,12.345
975,19.5,0.882752,0.264091,0.181455,0.437206,0.145557,0,48.1463,-0.00922189,0.0879746,0.0947469,-2.22097,0.000477493,0.484557,-0.085441,-0.30968,0.132121,-0.0996834,0.0114434,0,11.678
976,19.52,0.909353,0.285377,0.185986,0.437989,0.146365,0,46.7456,0.0133905,0.111504,0.0676687,-2.22545,0.000188798,0.484089,-0.0828443,-0.307496,0.117735,-0.0937409,0.0119526,0,11.9857
977,19.54,0.937555,0.302163,0.19647,0.438922,0.146344,0,46.0683,0.0132149,0.133592,-0.0114744,-2.22539,-0.000428975,0.483621,-0.0802476,-0.305313,0.110137,-0.0885926,0.0123101,0,11.5148
978,19.56,0.941509,0.300273,0.202593,0.438643,0.1465,0,45.8178,0.0384337,0.0732298,-0.160066,-2.22613,0.00143939,0.483153,-0.0776509,-0.303129,0.115602,-0.0854887,0.0138774,0,11.4089
979,19.58,0.914244,0.281138,0.19734,0.435766,0.146446,0,45.3745,0.026519,0.0565216,-0.07072,-2.22615,0.00266645,0.482686,-0.0750542,-0.300945,0.133156,-0.076996,0.0180405,0,14.3307
980,19.6,0.89912,0.266758,0.19708,0.435282,0.146169,0,44.4804,0.0371768,0.0951641,-0.279415,-2.22415,0.000538379,0.482218,-0.0724575,-0.298762,0.142549,-0.0767443,0.0198084,0,15
981,19.62,0.90632,0.264734,0.202029,0.439556,0.145476,0,43.7199,-0.0155459,0.102905,-0.0303012,-2.22019,0.00102253,0.48175,-0.0698608,-0.296578,0.145734,-0.0758943,0.0168155,0,15
982,19.64,0.893954,0.247579,0.200906,0.44547,0.146325,0,43.2359,0.0473541,0.0595321,0.0679276,-2.22722,0.00231371,0.481282,-0.0672641,-0.294394,0.164077,-0.0696258,0.0121817,0,15
983,19.66,0.87877,0.232202,0.199561,0.447007,0.145648,0,42.2889,0.0129149,0.0798516,-0.0415673,-2.22293,0.0001214,0.480814,-0.0646674,-0.292211,0.183614,-0.0621274,0.0119214,0,15
984,19.68,0.866257,0.218567,0.199253,0.448437,0.14548,0,41.8765,0.0190519,0.0933086,-0.113806,-2.2219,8.72016e-05,0.480346,-0.0620706,-0.290027,0.197444,-0.0584778,0.011767,0,15
985,19.7,0.861852,0.208738,0.202908,0.450206,0.145254,0,41.4465,-0.00226542,0.0947177,-0.0151159,-2.22156,-0.00137328,0.479878,-0.0594739,-0.287843,0.210511,-0.0565501,0.0112709,0,15
986,19.72,0.862288,0.204618,0.20611,0.45156,0.147761,0,40.738,0.0133413,0.00683842,0.0612695,-2.24011,0.000978261,0.47941,-0.0568772,-0.285659,0.21681,-0.0553811,0.0111873,0,15
987,19.74,0.869264,0.205031,0.210963,0.45327,0.148269,0,39.7816,-0.0143366,0.0471219,-0.0585657,-2.24452,-0.00547501,0.478942,-0.0542805,-0.283476,0.220771,-0.0561523,0.0107454,0,15
988,19.76,0.876659,0.205091,0.216466,0.455103,0.148514,0,39.5421,0.0554457,-0.0156893,0.171819,-2.24723,-0.0138732,0.478474,-0.0516838,-0.281292,0.225142,-0.0570842,0.0101791,0,15
989,19.78,0.883075,0.206274,0.220336,0.456465,0.150265,0,39.4653,-0.000878379,0.0236053,0.0270064,-2.26012,-0.00995675,0.478006,-0.0490871,-0.279108,0.225781,-0.0581275,0.01008,0,15
990,19.8,0.899604,0.214008,0.227918,0.457679,0.149155,0,39.8768,-0.0601032,0.0762912,-0.12334,-2.25338,-0.0281088,0.477538,-0.0464904,-0.276925,0.227169,-0.0596234,0.0101281,0,15
991,19.82,0.907028,0.215593,0.232764,0.45867,0.150472,0,41.205,-0.0153292,0.0370775,0.0491397,-2.26306,-0.0275911,0.47707,-0.0438937,-0.274741,0.228601,-0.061687,0.010396,0,15
992,19.84,0.915445,0.217108,0.23901,0.459327,0.15039,0,42.5507,0.0537206,0.0312252,0.167019,-2.26257,-0.0280505,0.476602,-0.041297,-0.272557,0.230038,-0.0640494,0.0109964,0,14.02
993,19.86,0.924407,0.217179,0.247421,0.459807,0.147803,0,43.6856,0.0660474,0.0966291,0.430703,-2.24369,-0.0117914,0.476134,-0.0387003,-0.270374,0.231032,-0.0660461,0.0117713,0,11.6589
994,19.88,0.941908,0.221167,0.261184,0.459558,0.146737,0,44.4835,0.0300045,0.0595258,0.0435458,-2.23603,0.000128299,0.475666,-0.0361036,-0.26819,0.22924,-0.0721254,0.0132724,0,11.7246
995,19.9,0.965842,0.231362,0.277434,0.457046,0.146721,0,44.9391,0.0272606,0.0539664,0.112069,-2.23566,0.00146827,0.475198,-0.0335069,-0.266006,0.222403,-0.0808776,0.0170345,0,11.6605
996,19.92,1.00643,0.253684,0.300556,0.452194,0.145707,0,44.9444,0.038403,0.107671,0.15585,-2.22714,0.00166556,0.47473,-0.0309101,-0.263822,0.202569,-0.0980993,0.0231343,0,11.3201
997,19.94,1.03441,0.264862,0.322356,0.447188,0.145758,0,45.541,0.0244968,0.0776903,0.0740871,-2.22543,0.00166762,0.474262,-0.0283134,-0.261639,0.194535,-0.115066,0.0293854,0,11.3101
998,19.96,1.05862,0.271725,0.349866,0.437028,0.146143,0,45.4585,-0.025985,0.0781511,-0.0162139,-2.22674,0.00589624,0.473794,-0.0257167,-0.259455,0.19247,-0.135858,0.040789,0,10.8558
999,19.98,1.06395,0.276734,0.372148,0.415064,0.146557,0,45.4305,0.0302344,0.0700626,0.0548435,-2.22824,0.00786883,0.473326,-0.02312,-0.257271,0.191873,-0.150475,0.0639933,0,10.6473
1000,20,1.0542,0.282231,0.384922,0.387042,0.146516,0,45.3026,0.0626338,0.0840426,-0.0629318,-2.22701,0.00606328,0.473314,-0.0230528,-0.257215,0.19243,-0.152482,0.0920474,0,10.19
1001,20.02,1.03831,0.280735,0.398211,0.359368,0.146226,0,44.5386,0.052106,0.0987172,-0.184082,-2.22491,0.0038653,0.473314,-0.0230528,-0.257215,0.197651,-0.157466,0.119722,0,10.2077
1002,20.04,1.01161,0.27727,0.406485,0.327854,0.146183,0,43.4473,0.0477638,0.105032,-0.226857,-2.22383,0.00291264,0.473314,-0.0230528,-0.257215,0.204776,-0.157257,0.151235,0,10.0459
1003,20.06,0.981935,0.272662,0.40784,0.301433,0.146664,0,42.7828,0.0395041,0.102236,-0.0686259,-2.22641,0.00649913,0.473314,-0.0230528,-0.257215,0.213832,-0.148837,0.177657,0,10.3972
1004,20.08,0.949042,0.259869,0.406782,0.282392,0.146634,0,42.3284,0.0752214,0.101022,-0.147684,-2.22592,0.00674068,0.473314,-0.0230528,-0.257215,0.230306,-0.138113,0.196698,0,10.4198
1005,20.1,0.911127,0.244509,0.406483,0.260135,0.146462,0,41.7201,0.0702267,0.117704,-0.216126,-2.21854,0.00410022,0.473314,-0.0230528,-0.257215,0.247623,-0.129607,0.218955,0,10.7113
1006,20.12,0.861379,0.229441,0.403356,0.228583,0.146569,0,41.1334,0.0784823,0.125342,-0.206695,-2.22001,0.00270376,0.473314,-0.0230528,-0.257215,0.264618,-0.114355,0.250507,0,10.4586
1007,20.14,0.804643,0.211557,0.39413,0.198956,0.146625,0,41.3502,0.0883915,0.107854,-0.208381,-2.22016,0.00147139,0.473314,-0.0230528,-0.257215,0.284793,-0.0927245,0.280134,0,10.4667
1008,20.16,0.752374,0.191191,0.381541,0.179642,0.146586,0,42.0585,0.0914941,0.11009,-0.35275,-2.2227,0.000844851,0.473314,-0.0230528,-0.257215,0.303907,-0.0712386,0.299448,0,12.2079
1009,20.18,0.711272,0.173537,0.365076,0.172659,0.146711,0,42.7225,0.0805496,0.0918347,-0.293446,-2.22448,0.00131294,0.473314,-0.0230528,-0.257215,0.31884,-0.0480671,0.306431,0,15
1010,20.2,0.683972,0.156265,0.357902,0.169805,0.146717,0,43.3765,0.0830798,0.0783912,-0.325028,-2.22864,0.00198265,0.473314,-0.0230528,-0.257215,0.3317,-0.0380482,0.309285,0,15
1011,20.22,0.675917,0.14446,0.357783,0.173674,0.146632,0,43.703,0.076529,0.0918138,-0.290532,-2.22788,0.00177397,0.473314,-0.0230528,-0.257215,0.340911,-0.0332465,0.305416,0,15
1012,20.24,0.672481,0.13256,0.365004,0.174917,0.146696,0,43.852,0.0848595,0.0851433,-0.23426,-2.22664,0.00144278,0.473314,-0.0230528,-0.257215,0.350805,-0.0340016,0.304173,0,15
1013,20.26,0.672549,0.119017,0.378091,0.175441,0.146743,0,43.7218,0.0849515,0.0852033,-0.254113,-2.22772,0.00157197,0.473314,-0.0230528,-0.257215,0.362102,-0.0407986,0.303649,0,15
1014,20.28,0.671067,0.102146,0.394013,0.174908,0.146729,0,43.5596,0.0818242,0.0856857,-0.257921,-2.22804,0.00146969,0.473314,-0.0230528,-0.257215,0.376051,-0.0515069,0.304182,0,15
1015,20.3,0.673372,0.0838392,0.414384,0.175148,0.146666,0,43.0734,0.0744827,0.0862324,-0.274562,-2.22915,0.00134165,0.473314,-0.0230528,-0.257215,0.391625,-0.0670249,0.303942,0,15
1016,20.32,0.682147,0.0642401,0.439442,0.178465,0.146677,0,42.4102,0.0789394,0.0685798,-0.210332,-2.23034,0.00189684,0.473314,-0.0230528,-0.257215,0.408564,-0.0874853,0.300625,0,15
1017,20.34,0.66695,0.0409319,0.455811,0.170207,0.146735,0,41.3399,0.069361,0.0806664,-0.223915,-2.22835,0.00191458,0.473314,-0.0230528,-0.257215,0.430555,-0.0982879,0.308883,0,15
1018,20.36,0.639466,0.0114686,0.467822,0.160175,0.146667,0,40.8775,0.0775753,0.0801702,-0.228442,-2.22859,0.00171404,0.473314,-0.0230528,-0.257215,0.45754,-0.106023,0.318915,0,15
1019,20.38,0.652749,0.0210784,0.479788,0.151883,0.14654,0,40.1675,0.0827001,0.0882225,-0.196458,-2.22857,0.00118075,0.473314,-0.0230528,-0.257215,0.487695,-0.112557,0.327206,0,15
1020,20.4,0.69236,0.0543621,0.491658,0.146339,0.14653,0,39.6395,0.0709368,0.0940423,-0.168484,-2.22653,0.000636339,0.473314,-0.0230528,-0.257215,0.519819,-0.116772,0.33275,0,15
1021,20.42,0.738951,0.0925053,0.502388,0.144057,0.146781,0,38.9122,0.0794128,0.0976785,-0.201624,-2.22449,0.00152478,0.473314,-0.0230528,-0.257215,0.556179,-0.119992,0.335032,0,14.2274
1022,20.44,0.789708,0.135132,0.510361,0.144215,0.146846,0,38.3402,0.0803678,0.101548,-0.182319,-2.22258,0.00141723,0.473314,-0.0230528,-0.257215,0.596792,-0.120063,0.334875,0,12.6444
1023,20.46,0.838527,0.178713,0.512582,0.147232,0.146953,0,37.6724,0.0776176,0.0994985,-0.197349,-2.21839,0.00114229,0.473314,-0.0230528,-0.257215,0.63852,-0.113671,0.331857,0,11.245
1024,20.48,0.874146,0.216071,0.505366,0.152709,0.147302,0,37.2108,0.0613441,0.0896138,-0.141759,-2.20117,0.000179969,0.473314,-0.0230528,-0.257215,0.675012,-0.0969091,0.326381,0,10.2736
1025,20.5,0.893364,0.247148,0.486122,0.160094,0.148351,0,36.469,0.0746415,0.0838165,-0.245107,-2.17148,0.000747733,0.473314,-0.0230528,-0.257215,0.704234,-0.0700969,0.318996,0,10.2625
1026,20.52,0.908628,0.279286,0.459744,0.169598,0.149353,0,36.4386,0.0729379,0.0927504,-0.301083,-2.14186,0.00132469,0.473314,-0.0230528,-0.257215,0.732594,-0.0391635,0.309492,0,10.2204
1027,20.54,0.927781,0.311316,0.433203,0.183262,0.150111,0,36.0728,0.0677627,0.104517,-0.333621,-2.11482,0.00134852,0.473314,-0.0230528,-0.257215,0.760096,-0.00875815,0.295828,0,10.3411
1028,20.56,0.952956,0.343606,0.407872,0.201479,0.15031,0,35.8127,0.0503158,0.13838,-0.429064,-2.09369,-0.000159111,0.473314,-0.0230528,-0.257215,0.787266,0.0209431,0.277611,0,10.3241
1029,20.58,0.975594,0.373396,0.380269,0.221929,0.150714,0,35.4082,0.0407739,0.159887,-0.428766,-2.07282,0.000574019,0.473314,-0.0230528,-0.257215,0.811979,0.0535376,0.257161,0,10.5075
1030,20.6,0.991913,0.399354,0.345474,0.247085,0.15086,0,35.6236,0.0265222,0.184229,-0.363498,-2.04106,0.00209334,0.473314,-0.0230528,-0.257215,0.832203,0.0924531,0.232004,0,10.7412
1031,20.62,0.995339,0.417887,0.301646,0.275806,0.150712,0,35.7463,-0.00166547,0.12813,-0.596622,-1.9806,0.000577932,0.473314,-0.0230528,-0.257215,0.844921,0.138752,0.203284,0,11.007
1032,20.64,0.968975,0.416104,0.255369,0.297503,0.153504,0,36.0931,-0.00750737,0.0739122,-0.162592,-1.83676,0.000804063,0.473314,-0.0230528,-0.257215,0.840315,0.187495,0.181587,0,10.4629
1033,20.66,0.955843,0.389852,0.239819,0.326171,0.154537,0,36.353,-0.00693196,0.0167442,-0.0154752,-1.6269,0.000231195,0.473314,-0.0230528,-0.257215,0.813698,0.217666,0.152918,0,10.4524
1034,20.68,0.969717,0.351458,0.248268,0.369991,0.154653,0,38.6517,0.0146535,-0.0029485,0.00848904,-1.55423,0.000433806,0.473314,-0.0230528,-0.257215,0.776256,0.215117,0.109099,0,10.6562
1035,20.7,0.984506,0.312139,0.242496,0.429871,0.154411,0,37.4793,0.0147488,-0.00274534,-0.036034,-1.6734,0.000443496,0.473314,-0.0230528,-0.257215,0.735889,0.214523,0.0492188,0,10.6528
1036,20.72,0.971408,0.278275,0.229687,0.463446,0.153843,0,35.4215,-0.00359302,-0.016228,-0.0362637,-1.78776,0.000575416,0.473314,-0.0230528,-0.257215,0.701894,0.217622,0.0156438,0,10.563
1037,20.74,0.941173,0.263898,0.219824,0.457452,0.153144,0,33.8203,-0.00548524,-0.0271882,0.00130364,-1.85853,0.000695404,0.473314,-0.0230528,-0.257215,0.688767,0.217931,0.0216381,0,10.4605
1038,20.76,0.910351,0.245642,0.212194,0.452515,0.152111,0,34.4539,-0.014466,-0.0467734,0.0736144,-1.9056,0.00167131,0.473314,-0.0230528,-0.257215,0.672731,0.214008,0.026575,0,10.3913
1039,20.78,0.8791,0.213467,0.214369,0.451264,0.152404,0,38.2575,-0.00290598,-0.0260724,0.0886904,-1.89512,0.00287736,0.473314,-0.0230528,-0.257215,0.64314,0.206171,0.0278255,0,11.7021
1040,20.8,0.852012,0.187459,0.21536,0.449193,0.152265,0,39.0442,0.0070948,-0.00456068,-0.0390535,-1.88756,0.0019054,0.473314,-0.0230528,-0.257215,0.616947,0.198739,0.0298964,0,15
1041,20.82,0.828615,0.165519,0.214225,0.448871,0.152399,0,39.6856,0.0120108,-0.00126877,-0.0968002,-1.87835,0.00166703,0.473314,-0.0230528,-0.257215,0.593666,0.189913,0.0302192,0,15
1042,20.84,0.806087,0.150391,0.21173,0.443966,0.152693,0,40.1044,0.00766029,-0.0086235,-0.0674396,-1.86431,0.00184899,0.473314,-0.0230528,-0.257215,0.577703,0.179796,0.0351237,0,15
1043,20.86,0.795183,0.138625,0.211422,0.445136,0.152871,0,40.6174,-0.00509079,-0.00671054,-0.055334,-1.8457,0.00134503,0.473314,-0.0230528,-0.257215,0.565766,0.170104,0.0339537,0,15
1044,20.88,0.767837,0.121841,0.205706,0.44029,0.152798,0,41.1789,0.000378031,-0.016649,-0.0926839,-1.86158,0.00234884,0.473314,-0.0230528,-0.257215,0.548929,0.159676,0.0387996,0,15
1045,20.9,0.736757,0.0987611,0.201222,0.436774,0.152591,0,42.4313,0.00697612,-0.0146604,-0.130563,-1.85953,0.00148783,0.473314,-0.0230528,-0.257215,0.525211,0.14302,0.0423161,0,14.4622
1046,20.92,0.7153,0.0911731,0.190354,0.433774,0.152866,0,43.5293,0.0104595,-0.00964239,-0.117317,-1.83891,0.00138813,0.473314,-0.0230528,-0.257215,0.517941,0.134201,0.0453163,0,15
1047,20.94,0.690267,0.0840931,0.181324,0.42485,0.153289,0,44.4059,0.0148786,-0.0230587,-0.137576,-1.81725,0.000107698,0.473314,-0.0230528,-0.257215,0.512285,0.126558,0.0542402,0,15
1048,20.96,0.659322,0.0811749,0.164261,0.413886,0.153554,0,44.864,0.0176435,-0.0227999,-0.0972241,-1.79062,-0.000582382,0.473314,-0.0230528,-0.257215,0.511134,0.121361,0.0652037,0,15
1049,20.98,0.637306,0.0875146,0.145242,0.404549,0.153782,0,45.0199,0.0163571,-0.0190693,-0.0793741,-1.77206,-0.000831366,0.473314,-0.0230528,-0.257215,0.52,0.121607,0.0745404,0,15
1050,21,0.625337,0.105335,0.117792,0.402211,0.153753,0,45.3825,0.0283997,-0.0176281,-0.0856959,-1.77049,-0.000614792,0.473314,-0.0230528,-0.257215,0.540953,0.128283,0.076879,0,15
1051,21.02,0.621418,0.128158,0.0818028,0.411458,0.153515,0,46.2,0.0297936,-0.0222833,-0.182903,-1.79433,-0.000411361,0.473314,-0.0230528,-0.257215,0.568843,0.136156,0.0676322,0,15
1052,21.04,0.637059,0.148602,0.0521381,0.436319,0.152972,0,46.2756,0.0670712,-0.035694,-0.230618,-1.83315,0.00122608,0.473314,-0.0230528,-0.257215,0.59568,0.127408,0.0427712,0,15
1053,21.06,0.642733,0.160394,0.0258109,0.456528,0.152333,0,45.99,0.0179198,-0.0313345,-0.17899,-1.8928,0.00161572,0.473314,-0.0230528,-0.257215,0.618573,0.115093,0.0225616,0,15
1054,21.08,0.621711,0.155418,0.0021505,0.464143,0.151303,0,45.7406,-0.0346247,-0.0897505,-0.15354,-1.97754,-0.000291437,0.473314,-0.0230528,-0.257215,0.628171,0.108522,0.014947,0,15
1055,21.1,0.619532,0.139108,0.0133895,0.467035,0.14991,0,45.4626,-0.0301771,-0.131011,-0.0279481,-2.06667,-0.00414855,0.473314,-0.0230528,-0.257215,0.627449,0.0930332,0.0120551,0,15
1056,21.12,0.609014,0.120534,0.0209871,0.467493,0.14864,0,45.3257,-0.0157321,-0.156408,0.0354632,-2.14595,-0.0021115,0.473314,-0.0230528,-0.257215,0.62288,0.076113,0.0115967,0,12.9952
1057,21.14,0.570655,0.079715,0.0230693,0.467871,0.146401,0,44.8887,-0.00281416,-0.178449,0.0407839,-2.21966,0.00300703,0.473314,-0.0230528,-0.257215,0.595894,0.0549924,0.0112191,0,12.9991
1058,21.16,0.538283,0.0482937,0.0219083,0.468081,0.146176,0,44.3853,-0.0238471,-0.114902,0.382017,-2.22075,0.00537678,0.473314,-0.0230528,-0.257215,0.570682,0.0469725,0.0110084,0,15
1059,21.18,0.501448,0.024767,0.00886285,0.467818,0.146006,0,43.7611,-0.0166636,-0.0447821,0.221673,-2.2195,0.00521026,0.473314,-0.0230528,-0.257215,0.546206,0.0399231,0.0112713,0,12.8149
1060,21.2,0.478917,0.00516206,0.00630171,0.467453,0.145986,0,44.2049,-0.0130618,-0.0312412,0.298067,-2.21802,0.00485176,0.473314,-0.0230528,-0.257215,0.524361,0.0329455,0.0116365,0,12.7626
1061,21.22,0.512403,0.0162813,0.0289167,0.467206,0.146205,0,44.4719,0.0098919,-0.0220216,0.526333,-2.22036,0.0035389,0.473314,-0.0230528,-0.257215,0.49685,0.0301956,0.0118843,0,13.4407
1062,21.24,0.570698,0.0428756,0.0613602,0.466462,0.146553,0,44.7943,-0.00578535,-0.0430326,0.559921,-2.22335,0.00206095,0.473314,-0.0230528,-0.257215,0.464954,0.0223798,0.0126279,0,12.6225
1063,21.26,0.60462,0.0586064,0.0818152,0.464198,0.146663,0,45.3818,-0.00473498,-0.059078,0.559081,-2.22414,0.00171113,0.473314,-0.0230528,-0.257215,0.447309,0.0199581,0.0148916,0,14.0136
1064,21.28,0.61888,0.0613808,0.0910742,0.466425,0.146673,0,45.792,-0.00811248,-0.0687225,0.547487,-2.22434,0.00165212,0.473314,-0.0230528,-0.257215,0.443781,0.0284084,0.0126648,0,15
1065,21.3,0.610111,0.0473062,0.0959791,0.466825,0.14668,0,45.736,0.00277044,-0.0462764,0.639875,-2.22455,0.00161164,0.473314,-0.0230528,-0.257215,0.456665,0.0472535,0.0122646,0,15
1066,21.32,0.621602,0.0406289,0.113934,0.46704,0.146711,0,45.0208,-0.00433428,-0.044614,0.708874,-2.22546,0.00133763,0.473314,-0.0230528,-0.257215,0.463478,0.0600246,0.0120499,0,15
1067,21.34,0.645588,0.0426984,0.135395,0.467494,0.146734,0,44.5498,0.000797168,-0.0267981,0.61468,-2.22659,0.00103429,0.473314,-0.0230528,-0.257215,0.463442,0.069734,0.0115955,0,15
1068,21.36,0.67858,0.0531282,0.157437,0.468015,0.146715,0,45.0265,0.00596953,-0.0207751,0.616104,-2.22751,0.000992797,0.473314,-0.0230528,-0.257215,0.456515,0.0765273,0.0110751,0,15
1069,21.38,0.717136,0.0677993,0.180702,0.468634,0.146708,0,45.4172,0.0115843,-0.0159727,0.649282,-2.22877,0.00085724,0.473314,-0.0230528,-0.257215,0.447512,0.0841007,0.0104555,0,14.947
1070,21.4,0.766949,0.101569,0.196383,0.468997,0.146705,0,45.5958,0.0118433,-0.0183745,0.585154,-2.22929,0.000794839,0.473314,-0.0230528,-0.257215,0.420893,0.0966892,0.0100928,0,15
1071,21.42,0.82893,0.14847,0.21157,0.468889,0.146703,0,46.0736,0.0114866,-0.0191689,0.537513,-2.22915,0.000816848,0.473314,-0.0230528,-0.257215,0.38184,0.105935,0.0102004,0,14.6288
1072,21.44,0.885669,0.192859,0.224515,0.468295,0.146708,0,46.5238,0.00430299,-0.00354742,0.429494,-2.22861,0.000790045,0.473314,-0.0230528,-0.257215,0.345575,0.114257,0.0107947,0,12.373
1073,21.46,0.925533,0.225331,0.232737,0.467465,0.146799,0,47.3913,-0.000802767,0.00543342,0.336465,-2.22624,0.000614829,0.473314,-0.0230528,-0.257215,0.32006,0.122515,0.0116244,0,11.1382
1074,21.48,0.975579,0.252495,0.248204,0.47488,0.146934,0,48.0741,0.00509384,-0.0012422,0.599686,-2.22307,0.000473551,0.473314,-0.0230528,-0.257215,0.302611,0.127225,0.00420982,0,12.0764
1075,21.5,0.972475,0.264908,0.240807,0.46676,0.146868,0,48.1884,0.0111243,0.0110509,0.532851,-2.22641,0.000243321,0.473314,-0.0230528,-0.257215,0.304229,0.160668,0.0123299,0,12.4758
1076,21.52,0.944076,0.257624,0.219958,0.466494,0.146765,0,48.5818,0.0153527,-0.0373628,0.436137,-2.22911,0.000410825,0.473602,-0.0228913,-0.25346,0.323849,0.201989,0.0126651,0,13.114
1077,21.54,0.924808,0.246884,0.210997,0.466927,0.146661,0,48.5422,-0.0132165,-0.0442882,0.290187,-2.22891,0.00106019,0.47389,-0.0227299,-0.249705,0.33889,0.215886,0.0123023,0,15
1078,21.56,0.902355,0.233138,0.202069,0.467148,0.146527,0,48.6365,-0.0123765,-0.0142862,0.164718,-2.22879,0.0017097,0.474178,-0.0225685,-0.24595,0.355179,0.227729,0.0121512,0,15
1079,21.58,0.88855,0.221802,0.199171,0.467577,0.146428,0,49.3964,-0.0191415,-0.0160452,0.260263,-2.2292,0.00201354,0.474466,-0.0224071,-0.242196,0.370165,0.235104,0.0117928,0,15
1080,21.6,0.883422,0.214667,0.200572,0.468183,0.146375,0,49.642,-0.0212396,-0.019163,0.252808,-2.2301,0.00182426,0.474754,-0.0222456,-0.238441,0.381755,0.239174,0.0112565,0,15
1081,21.62,0.894873,0.216984,0.208799,0.469091,0.146266,0,50.6863,0.00637353,-0.0294433,0.439922,-2.23123,0.00206751,0.475042,-0.0220842,-0.234686,0.388463,0.242649,0.0104191,0,15
1082,21.64,0.92117,0.229345,0.221793,0.470032,0.146204,0,51.3059,-0.00115217,-0.0358747,0.472311,-2.23298,0.0022905,0.47533,-0.0219228,-0.230931,0.388811,0.244639,0.00954871,0,15
1083,21.66,0.952077,0.244749,0.23627,0.471058,0.146231,0,51.6603,0.00690512,-0.0213016,0.544483,-2.23286,0.00235868,0.475618,-0.0217614,-0.227176,0.388083,0.246425,0.00859231,0,12.9647
1084,21.68,0.99579,0.273253,0.253065,0.469472,0.146428,0,51.9063,0.00913816,-0.0032948,0.672681,-2.23123,0.0017422,0.475906,-0.0215999,-0.223422,0.381304,0.251346,0.0102489,0,15
1085,21.7,1.03887,0.320989,0.260441,0.457443,0.14688,0,51.7683,0.0124312,0.0196875,0.761359,-2.22264,0.000748068,0.476194,-0.0214385,-0.219667,0.365184,0.271342,0.0223488,0,15
1086,21.72,1.09152,0.395937,0.250126,0.445461,0.146644,0,51.7808,0.0258732,-0.0166532,0.642316,-2.23538,0.000171423,0.476482,-0.0212771,-0.215912,0.323936,0.306275,0.0344018,0,15
1087,21.74,1.10961,0.447425,0.245436,0.41675,0.146614,0,51.9877,0.0157727,-0.047776,0.46083,-2.23568,0.000275195,0.47677,-0.0211156,-0.212157,0.287465,0.319636,0.0631831,0,15
1088,21.76,1.10359,0.478882,0.237793,0.386913,0.146568,0,52.1399,0.0116753,-0.0451551,0.428364,-2.23545,0.000445068,0.477058,-0.0209542,-0.208402,0.266611,0.332313,0.0930917,0,12.4682
1089,21.78,1.09742,0.493406,0.227772,0.376246,0.14654,0,51.9227,0.0163763,-0.0469527,0.41754,-2.23492,0.000685364,0.477346,-0.0207928,-0.204648,0.263713,0.347583,0.103829,0,12.6225
1090,21.8,1.09749,0.500366,0.220418,0.376705,0.146497,0,51.0902,0.0182261,-0.0462618,0.410193,-2.23432,0.0009709,0.477634,-0.0206314,-0.200893,0.26884,0.359933,0.103441,0,15
1091,21.82,1.0999,0.505445,0.217957,0.376499,0.146461,0,50.4684,0.0134093,-0.0457646,0.440772,-2.2339,0.00122049,0.477922,-0.0204699,-0.197138,0.276055,0.366953,0.103719,0,15
1092,21.84,1.10318,0.508777,0.219449,0.374955,0.14644,0,49.6,0.0143306,-0.0466186,0.461737,-2.23369,0.00132707,0.47821,-0.0203085,-0.193383,0.285123,0.36954,0.105334,0,15
1093,21.86,1.0913,0.519208,0.209966,0.362128,0.146411,0,48.5927,0.0103688,-0.0418759,0.425993,-2.23349,0.00139046,0.478498,-0.0201471,-0.189628,0.286955,0.382513,0.118232,0,15
1094,21.88,1.07457,0.530423,0.198934,0.345209,0.146389,0,48.3301,0.0140486,-0.0432539,0.429987,-2.23333,0.00143132,0.478786,-0.0199857,-0.185874,0.288257,0.396815,0.135223,0,13.8698
1095,21.9,1.05474,0.541652,0.186581,0.326508,0.146397,0,47.9495,0.00899744,-0.0435533,0.493766,-2.23303,0.00137159,0.479074,-0.0198242,-0.182119,0.292649,0.4125,0.153996,0,12.5002
1096,21.92,1.02991,0.551891,0.171226,0.306796,0.146444,0,47.6055,0.0138857,-0.050004,0.539552,-2.23281,0.00126618,0.479362,-0.0196628,-0.178364,0.301568,0.431089,0.173779,0,12.6141
1097,21.94,1.00346,0.559686,0.155597,0.288177,0.146476,0,47.3998,0.0134881,-0.0524548,0.560338,-2.23257,0.00126585,0.47965,-0.0195014,-0.174609,0.313623,0.448907,0.19247,0,12.6829
1098,21.96,0.977739,0.565307,0.140331,0.272101,0.146499,0,46.8847,0.0129591,-0.0535359,0.566664,-2.23232,0.00128096,0.479938,-0.01934,-0.170854,0.327978,0.465277,0.208618,0,12.7299
1099,21.98,0.953735,0.569149,0.125533,0.259052,0.146511,0,46.1737,0.012889,-0.0528053,0.557441,-2.23205,0.00131962,0.480226,-0.0191785,-0.1671,0.343785,0.480109,0.221739,0,12.7523
1100,22,0.93103,0.570332,0.113246,0.247451,0.146502,0,45.3434,0.00825136,-0.0478855,0.523388,-2.23182,0.00143132,0.480514,-0.0190171,-0.163345,0.360242,0.491481,0.233411,0,12.7672
1101,22.02,0.910124,0.569221,0.102239,0.238664,0.14648,0,44.4585,0.00528101,-0.0432989,0.491123,-2.23156,0.0015775,0.480802,-0.0188557,-0.15959,0.377586,0.500876,0.242271,0,12.7402
1102,22.04,0.885111,0.566977,0.0919642,0.22617,0.146464,0,43.6644,0.0116852,-0.033231,0.417205,-2.23135,0.00170994,0.48109,-0.0186943,-0.155835,0.394256,0.509232,0.254837,0,12.6743
1103,22.06,0.853624,0.562534,0.0850467,0.206044,0.14638,0,42.9031,0.0122114,-0.0152604,0.225047,-2.23214,0.00198102,0.481378,-0.0185328,-0.15208,0.408426,0.514832,0.275035,0,12.383
1104,22.08,0.825092,0.553979,0.08363,0.187483,0.146364,0,42.481,0.00106962,-0.00340904,0.142454,-2.23245,0.00200597,0.481666,-0.0183714,-0.148326,0.422885,0.515336,0.293669,0,12.2357
1105,22.1,0.796543,0.543974,0.0801888,0.172381,0.14633,0,42.4396,0.00601859,-0.00988615,0.179223,-2.23204,0.00224808,0.481954,-0.01821,-0.144571,0.43905,0.517737,0.308843,0,12.157
1106,22.12,0.769238,0.531672,0.0776163,0.15995,0.146354,0,42.4643,0.00997201,-0.00825474,0.152499,-2.23125,0.00213921,0.482242,-0.0180486,-0.140816,0.456225,0.51939,0.321346,0,13.8374
1107,22.14,0.75801,0.524847,0.0795188,0.153644,0.146428,0,42.7151,0.0152137,-0.0139337,0.127201,-2.22954,0.00185526,0.48253,-0.0178871,-0.137061,0.46775,0.516453,0.327726,0,15
1108,22.16,0.758305,0.523864,0.0844157,0.150025,0.146628,0,43.0746,0.0110616,0.000974262,0.208925,-2.22518,0.00158304,0.482818,-0.0177257,-0.133306,0.473984,0.510402,0.331417,0,15
1109,22.18,0.77061,0.53743,0.0821355,0.151045,0.147115,0,43.2548,0.0244198,-0.0036638,0.451071,-2.21315,0.000567108,0.483106,-0.0175643,-0.129552,0.477177,0.508969,0.33047,0,15
1110,22.2,0.781756,0.558678,0.0663566,0.156721,0.147476,0,43.024,0.0299341,-0.0249844,0.618948,-2.20432,8.9705e-06,0.483394,-0.0174029,-0.125797,0.482048,0.517107,0.324867,0,15
1111,22.22,0.785776,0.579877,0.0434672,0.162432,0.147792,0,42.6777,0.0288209,-0.039008,0.700512,-2.19487,-0.000115365,0.483682,-0.0172414,-0.122042,0.489265,0.529312,0.319229,0,15
1112,22.24,0.772199,0.5949,0.0164478,0.160852,0.148093,0,42.2414,0.0234129,-0.0499806,0.709679,-2.18301,2.0653e-05,0.48397,-0.01708,-0.118287,0.501091,0.543627,0.320882,0,15
1113,22.26,0.775879,0.607303,0.0111705,0.157406,0.14835,0,41.7306,0.0208366,-0.0580163,0.692459,-2.17064,0.000231028,0.484258,-0.0169186,-0.114532,0.512524,0.557335,0.324402,0,15
1114,22.28,0.812603,0.618393,0.0401205,0.15409,0.148633,0,41.2196,0.0116583,-0.0598643,0.690225,-2.15781,0.000598937,0.484546,-0.0167572,-0.110778,0.523548,0.570746,0.327791,0,15
1115,22.3,0.851182,0.627675,0.0722405,0.151266,0.148897,0,40.5844,0.00971174,-0.0697623,0.687564,-2.14516,0.0010384,0.484834,-0.0165957,-0.107023,0.535695,0.584984,0.330688,0,14.9915
1116,22.32,0.888349,0.635565,0.103815,0.148969,0.149271,0,40.0863,0.0111201,-0.0703901,0.703976,-2.13228,0.00228676,0.485122,-0.0164343,-0.103268,0.547295,0.597485,0.333058,0,14.2937
1117,22.34,0.920991,0.642616,0.131997,0.146378,0.149651,0,39.3557,0.0127644,-0.0597818,0.681701,-2.11528,0.00334892,0.48541,-0.0162729,-0.0995133,0.557338,0.606005,0.335723,0,13.799
1118,22.36,0.956569,0.647813,0.162843,0.145913,0.149731,0,38.6327,0.0113276,-0.0592476,0.670774,-2.10026,0.00383056,0.485698,-0.0161115,-0.0957585,0.56905,0.614195,0.336262,0,13.4417
1119,22.38,0.991361,0.650349,0.195231,0.145781,0.149963,0,38.0215,0.0142699,-0.0558788,0.76758,-2.08403,0.00566109,0.485986,-0.01595,-0.0920037,0.582514,0.621321,0.336468,0,12.7708
1120,22.4,1.02531,0.650501,0.228612,0.146199,0.150006,0,37.604,0.00898009,-0.0518238,0.699705,-2.06583,0.00632778,0.486274,-0.0157886,-0.0882489,0.596514,0.627034,0.336123,0,12.8529
1121,22.42,1.05337,0.651203,0.253685,0.148484,0.150083,0,37.4549,0.0160643,-0.0660626,0.486812,-2.04862,0.00588277,0.486562,-0.0156272,-0.0844941,0.605131,0.62974,0.333913,0,12.4237
1122,22.44,1.07291,0.655667,0.264766,0.152472,0.150295,0,37.1755,0.0100262,-0.0720321,0.422432,-2.03319,0.00532151,0.48685,-0.0154658,-0.0807393,0.60494,0.628921,0.329998,0,12.4382
1123,22.46,1.08999,0.661529,0.270225,0.158238,0.150491,0,36.8316,0.00409039,-0.0695097,0.421875,-2.01936,0.00490854,0.487138,-0.0153043,-0.0769845,0.601324,0.626404,0.324307,0,12.3582
1124,22.48,1.1059,0.667765,0.272132,0.166,0.150591,0,36.4041,0.0176524,-0.0647653,0.318513,-2.00679,0.00392217,0.487426,-0.0151429,-0.0732298,0.596499,0.621827,0.316619,0,12.4592
1125,22.5,1.11972,0.67458,0.269215,0.175923,0.150646,0,35.9339,0.0165216,-0.0646886,0.296154,-1.99699,0.00326267,0.487714,-0.0149815,-0.069475,0.590325,0.61564,0.30677,0,12.4724
1126,22.52,1.13556,0.679738,0.268334,0.187486,0.150876,0,35.3707,0.0189833,-0.0723514,0.332412,-1.98849,0.00358022,0.488002,-0.0148201,-0.0657202,0.585558,0.611363,0.295282,0,12.271
1127,22.54,1.15171,0.684827,0.264796,0.202091,0.150946,0,34.7383,0.00066801,-0.0854718,0.283691,-1.98719,0.0036671,0.48829,-0.0146586,-0.0619654,0.579924,0.607083,0.280752,0,12.2333
1128,22.56,1.17125,0.688462,0.263224,0.219564,0.150804,0,34.0529,0.00352187,-0.0781897,0.270866,-1.99264,0.00350969,0.488578,-0.0144972,-0.0582106,0.575932,0.601882,0.263354,0,12.3338
1129,22.58,1.1943,0.690641,0.263763,0.239898,0.150563,0,33.5702,-0.000878572,-0.0625464,0.322975,-2.00584,0.00299804,0.488867,-0.0143358,-0.0544558,0.573549,0.59754,0.243094,0,12.3612
1130,22.6,1.21593,0.693285,0.259036,0.263609,0.150144,0,33.0378,-0.00628477,-0.0598704,0.279088,-2.02814,0.00157503,0.489155,-0.0141744,-0.050701,0.570314,0.591538,0.219457,0,12.5257
1131,22.62,1.23935,0.695608,0.253996,0.289744,0.14984,0,32.4224,-0.00753704,-0.0662907,0.285794,-2.0529,0.000475127,0.489442,-0.0140129,-0.0469462,0.567404,0.586666,0.193398,0,12.5358
1132,22.64,1.26841,0.695507,0.25394,0.318963,0.149734,0,31.722,0.00175885,-0.0957549,0.308666,-2.08482,0.000308298,0.489731,-0.0138515,-0.0431914,0.566908,0.587421,0.164254,0,12.7649
1133,22.66,1.30167,0.693117,0.257527,0.351029,0.149412,0,30.8126,0.00210986,-0.115629,0.384032,-2.12149,0.000233884,0.490019,-0.0136901,-0.0394366,0.568956,0.592565,0.132263,0,13.0782
1134,22.68,1.34118,0.689146,0.265912,0.386126,0.148476,0,29.769,0.00951969,-0.12305,0.446027,-2.16564,-0.000523279,0.490307,-0.0135287,-0.0356818,0.572799,0.602766,0.0972409,0,13.1989
1135,22.7,1.37867,0.683134,0.275849,0.419686,0.146548,0,28.5099,0.0248984,-0.124029,0.446698,-2.23638,0.000525637,0.490595,-0.0133672,-0.031927,0.5796,0.612257,0.0637558,0,13.6163
1136,22.72,1.398,0.678596,0.279375,0.440026,0.145067,0,26.9075,0.00343967,-0.0565616,0.333623,-2.28322,0.00342501,0.490883,-0.0132058,-0.0281722,0.585272,0.616352,0.0434919,0,14.0358
1137,22.74,1.40344,0.674801,0.288071,0.440571,0.144749,0,25.8111,-0.0126441,-0.0434955,0.286956,-2.28151,0.00442747,0.491171,-0.0130444,-0.0244174,0.588462,0.621417,0.0430221,0,14.3329
1138,22.76,1.41715,0.670505,0.301197,0.445448,0.144576,0,24.3218,-0.0257921,-0.0302489,0.241854,-2.27903,0.00500419,0.491459,-0.012883,-0.0206626,0.59218,0.630133,0.0382207,0,14.2891
1139,22.78,1.44292,0.66084,0.32143,0.460655,0.144463,0,22.8517,-0.0154394,-0.0372148,0.248331,-2.27661,0.00629351,0.491747,-0.0127215,-0.0169078,0.600846,0.64556,0.0230897,0,13.6419
1140,22.8,1.45073,0.638799,0.340369,0.471564,0.144351,0,21.2449,-0.0113504,-0.038803,0.220591,-2.27334,0.00752415,0.492035,-0.0125601,-0.013153,0.621661,0.65832,0.012256,0,12.2558
1141,22.82,1.43232,0.627281,0.333031,0.472006,0.144075,0,19.836,-0.0552212,-0.0260863,-0.199214,-2.26668,0.00873759,0.492323,-0.0123987,-0.00939823,0.63257,0.660378,0.0118897,0,12.6734
1142,22.84,1.39157,0.618926,0.299693,0.472949,0.143814,0,18.4454,-0.0785676,-0.0100053,-0.388154,-2.25216,0.0114848,0.492611,-0.0122373,-0.00564343,0.63989,0.652705,0.0110232,0,13.1245
1143,22.86,1.27789,0.585597,0.218981,0.47331,0.145227,0,17.6079,-0.0561295,0.0300221,-0.27259,-2.18765,0.00820899,0.492899,-0.0120758,-0.00188863,0.669897,0.592486,0.0107381,0,15
1144,22.88,1.15852,0.505553,0.187327,0.465636,0.148004,0,16.9879,-0.0238953,0.0288006,0.099075,-2.10932,0.00133548,0.493187,-0.0119144,0.00186615,0.747071,0.560021,0.0184882,0,15
1145,22.9,1.11289,0.428495,0.226378,0.458018,0.15241,0,16.7909,-0.00799408,0.0505893,0.0380287,-1.95872,-0.00376209,0.493475,-0.011753,0.00562095,0.822981,0.572779,0.0261823,0,13.1998
1146,22.92,0.974166,0.347294,0.218046,0.408826,0.153802,0,17.2879,0.00636806,0.0228122,0.0313108,-1.76302,-0.000355246,0.493763,-0.0115916,0.00937575,0.903229,0.544807,0.0754509,0,12.8902
1147,22.94,0.856413,0.29908,0.198631,0.358702,0.154508,0,17.6237,0.0329801,0.00934386,-0.0575009,-1.62854,0.00012245,0.494051,-0.0114301,0.0131305,0.951317,0.505718,0.125651,0,10.2878
1148,22.96,0.76785,0.271809,0.168614,0.327427,0.154648,0,17.4302,0.00305955,-0.00768317,0.00212854,-1.60808,0.000586446,0.494339,-0.0112687,0.0168853,0.979183,0.482543,0.157002,0,10.354
1149,22.98,0.721578,0.250757,0.152182,0.318639,0.154141,0,17.308,0.00947405,0.000648393,-0.0774427,-1.71819,0.000277354,0.494627,-0.0111073,0.0206401,1.00079,0.478881,0.165867,0,10.3293
1150,23,0.714076,0.235723,0.149876,0.328478,0.153372,0,18.0214,0.00458207,-0.0206657,-0.110487,-1.83643,0.000327709,0.494915,-0.0109459,0.0243949,1.016,0.495588,0.156105,0,10.2581
1151,23.02,0.732901,0.22513,0.150652,0.357119,0.151504,0,18.4191,0.0218873,-0.00539298,-0.215833,-1.94706,0.00132832,0.495203,-0.0107844,0.0281497,1.0271,0.518521,0.12754,0,13.7046
1152,23.04,0.758329,0.21614,0.147463,0.394726,0.150316,0,17.606,-0.0131695,-0.0529302,-0.446429,-2.07673,0.00128585,0.495491,-0.010623,0.0319045,1.0352,0.539119,0.0900108,0,15
1153,23.06,0.750823,0.209103,0.136168,0.405552,0.150452,0,18.0776,-0.0153481,0.0275928,-0.591685,-2.08328,0.00120498,0.495779,-0.0104616,0.0356593,1.03847,0.560974,0.0792618,0,15
1154,23.08,0.748569,0.20443,0.125883,0.418257,0.150471,0,18.6559,-0.00807993,0.0721241,-0.69167,-2.08261,0.000779115,0.496067,-0.0103002,0.0394141,1.03647,0.582523,0.0666334,0,15
1155,23.1,0.758171,0.201989,0.120328,0.435855,0.150451,0,19.6042,0.0068948,0.110552,-0.632807,-2.07995,0.000501171,0.496355,-0.0101387,0.0431689,1.03051,0.605072,0.0491131,0,15
1156,23.12,0.775676,0.199095,0.12082,0.45576,0.150384,0,19.7881,-0.00139944,0.120577,-0.428569,-2.07509,-8.02875e-05,0.496643,-0.00997731,0.0469237,1.02506,0.626444,0.0292846,0,15
1157,23.14,0.775846,0.191407,0.11851,0.465929,0.150421,0,19.8369,0.0166405,0.143314,-0.442802,-2.05801,-0.000480264,0.496931,-0.00981589,0.0506785,1.02496,0.639875,0.0191929,0,15
1158,23.16,0.77219,0.190607,0.113404,0.468179,0.150079,0,20.7336,0.0304731,0.144461,-0.225032,-2.05317,-0.000507936,0.497219,-0.00965446,0.0544333,1.01956,0.644053,0.0170205,0,15
1159,23.18,0.764225,0.186892,0.106778,0.470555,0.149708,0,21.5897,0.0237791,0.117353,-0.161276,-2.06341,0.000400782,0.497507,-0.00949304,0.0581881,1.01712,0.645994,0.0147226,0,15
1160,23.2,0.755749,0.181938,0.0996897,0.474121,0.149589,0,22.2704,0.0283536,0.117621,-0.229648,-2.06934,0.000914365,0.497795,-0.00933161,0.0619429,1.01544,0.64777,0.011234,0,15
1161,23.22,0.752921,0.179054,0.0976472,0.47622,0.149862,0,22.9781,0.0178626,0.0855164,-0.479293,-2.03849,0.000702888,0.498083,-0.00917019,0.0656977,1.01001,0.655079,0.00921304,0,12.9906
1162,23.24,0.772464,0.187782,0.11585,0.468833,0.152131,0,23.7718,-0.0143877,0.0589537,-0.365943,-1.9156,0.00146902,0.498371,-0.00900876,0.0694525,0.987964,0.684942,0.0166778,0,12.594
1163,23.26,0.779262,0.190219,0.135405,0.453638,0.153871,0,24.0688,0.00634621,0.0458256,-0.123643,-1.79595,0.000383735,0.498659,-0.00884734,0.0732073,0.978739,0.706627,0.03195,0,13.1034
1164,23.28,0.778684,0.186983,0.161169,0.430531,0.154454,0,24.5406,0.00497624,0.0121683,-0.0106533,-1.65292,0.000260144,0.498947,-0.00868591,0.0769621,0.988945,0.723105,0.0551349,0,14.02
1165,23.3,0.781243,0.178042,0.175293,0.427908,0.154592,0,26.5211,0.010062,0.00126853,-0.00805379,-1.60604,0.000268519,0.499235,-0.00852449,0.0807169,0.997549,0.737637,0.0578366,0,15
1166,23.32,0.807624,0.165804,0.177976,0.463845,0.154407,0,25.8334,0.00654221,0.00223813,-0.0386119,-1.6663,0.000267893,0.499523,-0.00836306,0.0844717,1.00536,0.745349,0.0219779,0,15
1167,23.34,0.809392,0.156823,0.172972,0.479597,0.154129,0,25.1019,0.00731026,-0.000959991,-0.0689596,-1.73099,0.000307322,0.499811,-0.00820164,0.0882265,1.00916,0.746111,0.00630356,0,11.0789
1168,23.36,0.773562,0.136393,0.159035,0.478135,0.153239,0,25.4003,-0.0105887,-0.0274502,-0.127572,-1.85233,0.000541717,0.500099,-0.00804021,0.0919812,1.00992,0.75062,0.00784401,0,10.9718
1169,23.38,0.73415,0.106477,0.151808,0.475865,0.15003,0,26.007,-0.0189785,-0.134325,-0.277065,-2.04846,-0.0026927,0.500387,-0.00787879,0.095736,1.01366,0.767055,0.0101928,0,10.8571
1170,23.4,0.705565,0.0808991,0.150813,0.473853,0.147693,0,27.5326,0.00242992,-0.115798,-0.095498,-2.19114,0.00109336,0.500675,-0.00771736,0.0994908,1.00658,0.795913,0.012283,0,10.5343
1171,23.42,0.708129,0.0766252,0.15758,0.473923,0.146238,0,28.1346,0.000710696,-0.000319581,0.196502,-2.22641,0.00587011,0.500963,-0.00755594,0.103246,1.00111,0.812203,0.0122919,0,10.2352
1172,23.44,0.718561,0.0762545,0.168265,0.474041,0.146024,0,27.6837,0.0102323,0.0758631,0.201993,-2.22558,0.00653623,0.501251,-0.00739451,0.107,1.0044,0.82025,0.0122524,0,10.301
1173,23.46,0.730019,0.0772191,0.179236,0.473564,0.14629,0,27.6841,0.00705974,0.0645627,0.0589679,-2.22765,0.00799539,0.501539,-0.00723309,0.110755,1.00886,0.825478,0.0128086,0,10.2431
1174,23.48,0.736731,0.0790532,0.183897,0.473781,0.146079,0,27.2827,0.0473673,0.0764146,-0.174468,-2.22653,0.00447316,0.501827,-0.00707166,0.11451,1.01026,0.82561,0.0126703,0,10.8854
1175,23.5,0.735497,0.0785183,0.182762,0.474216,0.146693,0,27.2813,0.0141943,0.0552449,-0.0715547,-2.23097,0.0063649,0.502115,-0.00691024,0.118265,1.01097,0.823334,0.0123141,0,9.94397
1176,23.52,0.723722,0.0786504,0.170728,0.474343,0.145703,0,27.448,0.00417334,0.0979121,0.0928682,-2.22538,0.00247744,0.502403,-0.00674881,0.12202,1.01825,0.801606,0.012266,0,14.4126
1177,23.54,0.712117,0.0793147,0.158192,0.47461,0.145694,0,26.9354,0.0132659,0.0739826,-0.266731,-2.22532,0.00268066,0.502691,-0.00658738,0.125774,1.02332,0.784463,0.0120786,0,15
1178,23.56,0.693871,0.0784324,0.14067,0.474768,0.146582,0,26.6042,0.0401426,0.0463209,-0.171255,-2.23188,0.00893643,0.502979,-0.00642596,0.129529,1.0211,0.770568,0.0119999,0,15
1179,23.58,0.682492,0.0791941,0.1282,0.475099,0.146476,0,26.514,0.0726852,-0.0181608,0.0490905,-2.23219,0.00594467,0.503267,-0.00626453,0.133284,1.01898,0.75868,0.0117487,0,15
1180,23.6,0.672707,0.0761368,0.121368,0.475202,0.146137,0,25.922,0.0207684,0.0597682,-0.277375,-2.22977,0.00507518,0.503555,-0.00610311,0.137039,1.01731,0.756248,0.0117247,0,15
1181,23.62,0.672834,0.0773817,0.119997,0.475456,0.146499,0,25.8365,0.0245976,0.0456447,-0.0640953,-2.23294,0.00444673,0.503843,-0.00594168,0.140794,1.01495,0.755065,0.0115504,0,15
1182,23.64,0.675306,0.0801024,0.119249,0.475954,0.146576,0,26.4399,0.03504,-0.0196129,0.117086,-2.23414,0.00342134,0.504131,-0.00578026,0.144548,1.01226,0.753528,0.0111319,0,15
1183,23.66,0.676796,0.0809675,0.119391,0.476437,0.145258,0,27.2192,-0.00216161,0.095573,-0.275611,-2.22528,-0.000804007,0.504419,-0.00561883,0.148303,1.01075,0.752426,0.0107284,0,15
1184,23.68,0.674472,0.0807803,0.116759,0.476932,0.145963,0,28.563,0.0354027,0.0850074,-0.133116,-2.23079,0.0048184,0.504707,-0.00545741,0.152058,1.00891,0.751405,0.0103132,0,15
1185,23.7,0.670718,0.0797262,0.11387,0.477121,0.145893,0,29.8074,0.0432888,0.0737031,0.0367821,-2.23076,0.00391717,0.504995,-0.00529598,0.155813,1.00459,0.749844,0.0102042,0,15
1186,23.72,0.668322,0.0786573,0.111689,0.477976,0.146382,0,31.0745,0.0266304,0.0701881,-0.175326,-2.23444,0.00227106,0.505283,-0.00513456,0.159568,1.00146,0.748211,0.00942972,0,15
1187,23.74,0.684283,0.0886422,0.117141,0.4785,0.146001,0,31.1423,-0.0112609,0.0843361,0.0711391,-2.23208,0.0012587,0.505571,-0.00497313,0.163322,1.00024,0.746861,0.00898577,0,15
1188,23.76,0.69329,0.0948269,0.120733,0.47773,0.145534,0,30.5366,-0.0235738,0.0927804,-0.0225888,-2.22886,-3.52561e-05,0.505859,-0.00481171,0.167077,0.998919,0.745978,0.00983621,0,15
1189,23.78,0.703244,0.101831,0.124481,0.476931,0.146225,0,30.5275,0.0111985,0.0305737,0.0565471,-2.23365,0.00154579,0.506147,-0.00465028,0.170832,0.99819,0.745308,0.010715,0,15
1190,23.8,0.713351,0.108714,0.129281,0.475357,0.146523,0,29.9483,0.0146484,0.0485491,0.177145,-2.23588,0.00154853,0.506435,-0.00448886,0.174587,0.998187,0.744392,0.01237,0,15
1191,23.82,0.725013,0.11578,0.136053,0.473179,0.146425,0,29.8248,0.0215057,0.0766408,-0.0300909,-2.23498,0.00244466,0.506723,-0.00432743,0.178342,0.996871,0.744263,0.014628,0,15
1192,23.84,0.745448,0.129294,0.146438,0.469716,0.146468,0,29.9907,0.0269585,0.0970266,0.176597,-2.23455,0.00381146,0.507011,-0.00416601,0.182096,0.990759,0.748879,0.0181715,0,15
1193,23.86,0.765952,0.14199,0.156506,0.467456,0.146297,0,30.0014,0.0207299,0.150621,0.0171619,-2.23398,0.00486373,0.507299,-0.00400458,0.185851,0.986053,0.750087,0.0205127,0,13.5028
1194,23.88,0.79437,0.161825,0.16793,0.464615,0.146231,0,30.6175,0.0245395,0.132003,0.0988277,-2.23255,0.00455768,0.507587,-0.00384316,0.189606,0.974662,0.753331,0.023434,0,11.8589
1195,23.9,0.814081,0.181068,0.179693,0.45332,0.146348,0,30.7432,0.0567697,0.101991,0.21528,-2.23132,0.00618885,0.507875,-0.00368173,0.193361,0.966388,0.758181,0.0348103,0,10.6959
1196,23.92,0.829367,0.202915,0.187781,0.438672,0.146495,0,30.7254,0.061014,0.120143,0.114258,-2.23113,0.00712851,0.508163,-0.00352031,0.197116,0.950101,0.759466,0.0495395,0,10.0166
1197,23.94,0.833138,0.218275,0.194475,0.420389,0.146189,0,30.6035,0.0176911,0.123684,-0.0297326,-2.22749,0.00343097,0.508451,-0.00335888,0.20087,0.941837,0.758621,0.0679035,0,9.91516
1198,23.96,0.829732,0.233513,0.194139,0.40208,0.146443,0,30.2489,0.0593115,0.0825161,-0.282647,-2.22759,0.00571573,0.508739,-0.00319746,0.204625,0.927968,0.755463,0.0862928,0,9.99902
1199,23.98,0.812102,0.248155,0.186815,0.377132,0.146452,0,30.0523,0.0641007,0.0930384,-0.294576,-2.22646,0.00560364,0.509027,-0.00303603,0.20838,0.910587,0.747694,0.111322,0,10.3109
1200,24,0.786216,0.260655,0.173141,0.35242,0.146552,0,29.564,0.0365629,0.103102,-0.356608,-2.22651,0.00626556,0.509315,-0.00287461,0.212135,0.894571,0.732001,0.136116,0,10.0849
1201,24.02,0.753753,0.269547,0.154926,0.329281,0.146505,0,29.3148,0.0471155,0.0891946,-0.305133,-2.22563,0.00600896,0.509603,-0.00271318,0.215889,0.881991,0.711121,0.159336,0,10.0331
1202,24.04,0.719716,0.269338,0.138902,0.311476,0.146849,0,29.2799,0.0484814,0.0822195,-0.0541022,-2.22304,0.00689402,0.509891,-0.00255175,0.219644,0.886694,0.690711,0.177222,0,10.1978
1203,24.06,0.673597,0.265746,0.122142,0.28571,0.146483,0,28.5352,0.077549,0.0828113,-0.127262,-2.21731,0.00405122,0.510179,-0.00239033,0.223399,0.896736,0.670052,0.203071,0,10.0515
1204,24.08,0.626982,0.264397,0.105736,0.256849,0.146223,0,28.7342,0.0940209,0.111525,-0.229257,-2.21981,0.00202,0.510467,-0.00222891,0.227154,0.904819,0.651542,0.232013,0,10.1609
1205,24.1,0.586541,0.262698,0.0915411,0.232302,0.146355,0,28.843,0.0926799,0.115594,-0.172125,-2.22116,0.00197956,0.510755,-0.00206748,0.230909,0.916123,0.633899,0.256642,0,10.1546
1206,24.12,0.550287,0.259794,0.0776602,0.212833,0.146452,0,29.2854,0.0835678,0.105206,-0.180813,-2.22144,0.00117034,0.511043,-0.00190605,0.234663,0.928282,0.616704,0.276193,0,10.3678
1207,24.14,0.51451,0.253081,0.0642316,0.197197,0.146378,0,29.5164,0.0946832,0.105052,-0.266938,-2.22348,0.000638366,0.511331,-0.00174463,0.238418,0.940977,0.601325,0.291911,0,10.4913
1208,24.16,0.479128,0.243247,0.0498314,0.18605,0.146692,0,29.8909,0.0788509,0.0940406,-0.208085,-2.22189,0.00184077,0.511619,-0.0015832,0.242173,0.955022,0.58565,0.30314,0,11.9657
1209,24.18,0.442081,0.231021,0.0346918,0.176368,0.146597,0,29.8136,0.0821826,0.0771235,-0.271239,-2.22442,0.000980675,0.511907,-0.00142178,0.245928,0.970393,0.569828,0.312905,0,14.5513
1210,24.2,0.426078,0.228317,0.0222926,0.175468,0.146566,0,29.8451,0.0670062,0.0674644,-0.322439,-2.22693,0.00128084,0.512195,-0.00126035,0.249683,0.969984,0.558056,0.313886,0,15
1211,24.22,0.419764,0.232084,0.009826,0.177854,0.146341,0,29.6511,0.0775796,0.0704113,-0.251563,-2.22572,0.00059697,0.512483,-0.00109893,0.253437,0.964307,0.545712,0.311583,0,15
1212,24.24,0.429287,0.246022,0.000936091,0.182329,0.146516,0,29.0151,0.0766109,0.0771872,-0.20443,-2.22592,0.000799507,0.512771,-0.000937503,0.257192,0.956705,0.5353,0.307191,0,15
1213,24.26,0.459825,0.262084,0.0105226,0.187218,0.146657,0,28.0761,0.0841352,0.0704091,-0.177757,-2.22831,0.00151226,0.513059,-0.000776079,0.260947,0.946074,0.523179,0.302384,0,15
1214,24.28,0.476694,0.269742,0.0247453,0.182207,0.146619,0,27.3423,0.0722498,0.080295,-0.260814,-2.22879,0.00104862,0.513347,-0.000614654,0.264702,0.941125,0.508045,0.307477,0,15
1215,24.3,0.495753,0.278504,0.0403552,0.176895,0.146631,0,26.7725,0.0798382,0.0872535,-0.28852,-2.22917,0.00101078,0.513354,-0.000610471,0.264799,0.936655,0.490998,0.312792,0,15
1216,24.32,0.517149,0.286243,0.0592462,0.171659,0.146764,0,26.3406,0.0789276,0.0766995,-0.279237,-2.22978,0.00181404,0.513354,-0.000610471,0.264799,0.930034,0.471213,0.318027,0,14.4231
1217,24.34,0.541807,0.2942,0.0815683,0.166038,0.146683,0,25.8785,0.0785331,0.0863114,-0.289362,-2.22896,0.00157404,0.513354,-0.000610471,0.264799,0.923117,0.447732,0.323648,0,13.439
1218,24.36,0.569097,0.301407,0.106966,0.160724,0.146674,0,25.2401,0.0769436,0.0824393,-0.289815,-2.22917,0.00163174,0.513354,-0.000610471,0.264799,0.916671,0.421394,0.328963,0,12.3992
1219,24.38,0.597243,0.307565,0.133826,0.155852,0.146517,0,24.491,0.0733632,0.0808951,-0.22813,-2.2292,0.00109607,0.513354,-0.000610471,0.264799,0.913209,0.393497,0.333834,0,11.376
1220,24.4,0.625908,0.313623,0.160263,0.152022,0.14662,0,23.954,0.0851822,0.0920032,-0.219351,-2.22701,0.0015524,0.513354,-0.000610471,0.264799,0.913806,0.3662,0.337665,0,10.5017
1221,24.42,0.657411,0.316919,0.191236,0.149256,0.14655,0,23.2741,0.0815834,0.0824409,-0.250638,-2.22866,0.00131196,0.513354,-0.000610471,0.264799,0.914707,0.334409,0.340431,0,10.0653
1222,24.44,0.689825,0.317757,0.22395,0.148118,0.146559,0,22.7991,0.0736841,0.0717204,-0.224243,-2.22884,0.00148562,0.513354,-0.000610471,0.264799,0.916433,0.300821,0.341569,0,10.0604
1223,24.46,0.720811,0.315836,0.257196,0.147779,0.146667,0,22.2194,0.0863018,0.0670796,-0.154106,-2.22737,0.0020102,0.513354,-0.000610471,0.264799,0.921951,0.267176,0.341907,0,10.2483
1224,24.48,0.750092,0.310854,0.290888,0.14835,0.146634,0,21.6511,0.0792408,0.0638411,-0.209015,-2.22708,0.0017927,0.513354,-0.000610471,0.264799,0.931653,0.233171,0.341336,0,10.0682
1225,24.5,0.777009,0.29966,0.32692,0.150429,0.1465,0,21.135,0.0835409,0.0534052,-0.200158,-2.22871,0.00174484,0.513354,-0.000610471,0.264799,0.943702,0.196898,0.339257,0,9.96742
1226,24.52,0.800541,0.283653,0.362567,0.15432,0.146518,0,20.5692,0.0688649,0.0375906,-0.180791,-2.23025,0.00268826,0.513354,-0.000610471,0.264799,0.958115,0.160904,0.335366,0,10.1426
1227,24.54,0.820855,0.264631,0.396079,0.160145,0.146243,0,20.1351,0.0753652,0.0439322,-0.168596,-2.22825,0.00226942,0.513354,-0.000610471,0.264799,0.977174,0.126707,0.329542,0,10.0996
1228,24.56,0.844365,0.241428,0.433985,0.168953,0.146349,0,19.6011,0.0739056,0.0456068,-0.0836645,-2.22711,0.00349838,0.513354,-0.000610471,0.264799,1.0038,0.0887603,0.320734,0,10.0619
1229,24.58,0.866708,0.212801,0.47063,0.183277,0.14627,0,19.2402,0.0659201,0.0247173,-0.174624,-2.23331,0.00447096,0.513354,-0.000610471,0.264799,1.03304,0.0509002,0.30641,0,10.0589
1230,24.6,0.886773,0.186126,0.500564,0.200083,0.146201,0,18.9928,0.0654079,0.0218515,-0.167213,-2.23614,0.00546375,0.513354,-0.000610471,0.264799,1.0601,0.0204422,0.289604,0,11.4335
1231,24.62,0.907698,0.153744,0.531484,0.22247,0.145753,0,18.6927,0.0638023,0.0393495,-0.115211,-2.23322,0.00680437,0.513354,-0.000610471,0.264799,1.09087,-0.0131926,0.267217,0,12.0774
1232,24.64,0.932807,0.129627,0.555869,0.247311,0.145945,0,18.6673,0.0688567,0.05275,0.158548,-2.23545,0.00664117,0.513354,-0.000610471,0.264799,1.11906,-0.03876,0.242375,0,15
1233,24.66,0.928109,0.1097,0.564978,0.25343,0.145741,0,18.7009,0.0525475,0.00515065,-0.138261,-2.2342,0.00666903,0.513354,-0.000610471,0.264799,1.142,-0.0491427,0.236256,0,15
1234,24.68,0.91348,0.0907669,0.570397,0.252316,0.145713,0,18.4125,0.0486761,0.0232274,-0.233437,-2.23595,0.00818032,0.513354,-0.000610471,0.264799,1.16186,-0.0561586,0.237371,0,15
1235,24.7,0.901462,0.0718004,0.576563,0.253098,0.145258,0,17.679,0.0491415,0.0854433,-0.204246,-2.23384,0.0080767,0.513354,-0.000610471,0.264799,1.18103,-0.065468,0.236588,0,15
1236,24.72,0.891882,0.0570513,0.58012,0.254711,0.145308,0,16.9102,0.0455332,0.0984243,0.0592084,-2.23493,0.00844757,0.513354,-0.000610471,0.264799,1.19936,-0.0709607,0.234976,0,15
1237,24.74,0.886566,0.0446252,0.584021,0.25792,0.145553,0,16.1531,0.0399133,0.0560201,-0.10824,-2.23635,0.00815326,0.513354,-0.000610471,0.264799,1.21639,-0.0767874,0.231767,0,15
1238,24.76,0.872683,0.022804,0.588773,0.261106,0.14557,0,15.6979,0.0433057,0.106237,-0.150432,-2.23655,0.00905899,0.513354,-0.000610471,0.264799,1.23507,-0.0849716,0.22858,0,15
1239,24.78,0.865797,0.00794911,0.593601,0.264247,0.145972,0,14.905,0.0560655,0.069796,0.116368,-2.23718,0.00773977,0.513354,-0.000610471,0.264799,1.25206,-0.0930145,0.225439,0,15
1240,24.8,0.865609,0.000970364,0.597333,0.267305,0.145716,0,13.9467,0.0657395,0.00452344,-0.183562,-2.23638,0.00881284,0.513354,-0.000610471,0.264799,1.26371,-0.097231,0.222381,0,15
1241,24.82,0.878514,0.00780654,0.60137,0.269337,0.145719,0,13.3717,0.0334446,0.0195763,-0.166732,-2.23526,0.00905237,0.513354,-0.000610471,0.264799,1.27023,-0.102253,0.22035,0,15
1242,24.84,0.8846,0.00936043,0.605341,0.269899,0.145595,0,12.9002,-0.0303153,0.132618,-0.0237885,-2.23343,0.00956875,0.513354,-0.000610471,0.264799,1.2749,-0.110163,0.219788,0,15
1243,24.86,0.889924,0.0136752,0.608055,0.268194,0.145599,0,12.5316,0.0161429,0.119992,-0.362829,-2.23285,0.00839717,0.513354,-0.000610471,0.264799,1.28301,-0.11754,0.221493,0,15
1244,24.88,0.901601,0.0250667,0.610021,0.266514,0.145857,0,12.3676,0.0604353,0.160558,-0.196501,-2.23334,0.0086947,0.513354,-0.000610471,0.264799,1.2933,-0.124743,0.223173,0,15
1245,24.9,0.903705,0.0279766,0.611239,0.264489,0.145722,0,12.1694,0.0531026,0.146268,-0.159717,-2.23252,0.0045328,0.513354,-0.000610471,0.264799,1.30058,-0.130358,0.225197,0,15
1246,24.92,0.899313,0.0275648,0.610915,0.260834,0.146231,0,12.4025,0.0273462,0.0781438,-0.278079,-2.23503,0.00938453,0.513354,-0.000610471,0.264799,1.3052,-0.13216,0.228853,0,15
1247,24.94,0.891212,0.0219519,0.610853,0.258407,0.14609,0,12.7946,0.0388445,0.137049,0.111363,-2.23315,0.00880765,0.513354,-0.000610471,0.264799,1.30713,-0.134698,0.231279,0,15
1248,24.96,0.875136,0.00914514,0.60964,0.256351,0.146212,0,13.5992,0.0472847,0.131017,0.155621,-2.23365,0.0079444,0.513354,-0.000610471,0.264799,1.30609,-0.133697,0.233335,0,15
1249,24.98,0.867529,0.00379467,0.607826,0.255909,0.146052,0,14.5857,0.067325,0.100119,-0.16395,-2.23172,0.00684752,0.513354,-0.000610471,0.264799,1.30708,-0.131002,0.233778,0,15
1250,25,0.867363,0.00599694,0.605492,0.255874,0.146026,0,15.6059,0.00448495,0.0842573,-0.234129,-2.23113,0.00640865,0.513354,-0.000610471,0.264799,1.31414,-0.130221,0.233812,0,15
1251,25.02,0.859702,0.000547886,0.603296,0.255859,0.146139,0,16.5619,0.0343009,0.0792037,-0.347697,-2.23146,0.00687941,0.513354,-0.000610471,0.264799,1.32261,-0.131393,0.233828,0,15
1252,25.04,0.875086,0.0179161,0.601351,0.255819,0.146185,0,17.2167,0.0187064,0.0812694,-0.441537,-2.23137,0.00774031,0.513354,-0.000610471,0.264799,1.33563,-0.136892,0.233868,0,15
1253,25.06,0.890564,0.0368185,0.598417,0.255329,0.146137,0,17.8486,0.0412154,0.106493,-0.403751,-2.2308,0.00820843,0.513354,-0.000610471,0.264799,1.35051,-0.140705,0.234357,0,15
1254,25.08,0.901185,0.050709,0.595724,0.254752,0.146162,0,18.4523,0.0529243,0.096397,-0.354688,-2.22957,0.00832055,0.513354,-0.000610471,0.264799,1.36489,-0.14326,0.234935,0,15
1255,25.1,0.911442,0.0632758,0.593158,0.255008,0.146132,0,18.938,0.021324,0.128283,-0.323879,-2.23077,0.00850139,0.513354,-0.000610471,0.264799,1.37949,-0.145896,0.234679,0,15
1256,25.12,0.923646,0.0792664,0.589836,0.254544,0.146244,0,19.2728,0.0546733,0.147083,-0.12738,-2.23028,0.00816825,0.513354,-0.000610471,0.264799,1.39623,-0.148775,0.235143,0,15
1257,25.14,0.927896,0.0868149,0.586826,0.254255,0.146077,0,19.5398,0.0184113,0.121367,-0.368675,-2.22991,0.00595767,0.513354,-0.000610471,0.264799,1.41038,-0.149175,0.235431,0,15
1258,25.16,0.937893,0.101004,0.582967,0.253923,0.14646,0,19.9281,0.0433553,0.0842398,-0.350904,-2.23196,0.00707909,0.513354,-0.000610471,0.264799,1.4249,-0.149719,0.235764,0,15
1259,25.18,0.951008,0.117645,0.579026,0.254337,0.146479,0,19.9498,0.0539252,0.0789915,-0.370654,-2.23264,0.0075324,0.513354,-0.000610471,0.264799,1.4397,-0.151571,0.23535,0,15
1260,25.2,0.964488,0.134897,0.574803,0.254788,0.1464,0,19.8508,0.0550093,0.0912885,-0.422755,-2.23228,0.00730253,0.513354,-0.000610471,0.264799,1.45474,-0.154153,0.234899,0,15
1261,25.22,0.97435,0.150025,0.569561,0.254764,0.146391,0,19.678,0.0210288,0.0806927,-0.286794,-2.23161,0.00767781,0.513354,-0.000610471,0.264799,1.46812,-0.154531,0.234923,0,15
1262,25.24,0.982739,0.161606,0.565479,0.255654,0.146327,0,19.4715,0.0395904,0.0768568,-0.433996,-2.23172,0.0072752,0.513354,-0.000610471,0.264799,1.47991,-0.156626,0.234033,0,15
1263,25.26,0.985628,0.168761,0.561049,0.255817,0.146404,0,18.777,0.0339573,0.120962,0.107962,-2.23242,0.00843228,0.513354,-0.000610471,0.264799,1.48964,-0.156056,0.23387,0,15
1264,25.28,0.987853,0.174859,0.55684,0.256154,0.146175,0,18.583,0.0563164,0.0867243,-0.400943,-2.23048,0.00669171,0.513354,-0.000610471,0.264799,1.50002,-0.154043,0.233532,0,15
1265,25.3,0.998342,0.190183,0.550313,0.257846,0.146249,0,18.3722,0.00735331,0.0867799,-0.408597,-2.23127,0.00701874,0.513354,-0.000610471,0.264799,1.51387,-0.154433,0.231841,0,15
1266,25.32,1.01239,0.205835,0.544922,0.261629,0.146142,0,17.9548,0.0217679,0.0977234,-0.48377,-2.23035,0.00698441,0.513354,-0.000610471,0.264799,1.5297,-0.156903,0.228057,0,15
1267,25.34,1.02439,0.217144,0.540435,0.266815,0.146248,0,17.4051,0.0442633,0.101125,-0.386355,-2.23108,0.0076894,0.513354,-0.000610471,0.264799,1.54217,-0.159036,0.222872,0,15
1268,25.36,1.03242,0.223116,0.536139,0.273169,0.146294,0,17.0626,0.0456749,0.17523,-0.0949997,-2.23184,0.00790157,0.513354,-0.000610471,0.264799,1.5509,-0.158453,0.216518,0,15
1269,25.38,1.02598,0.22116,0.530146,0.274674,0.146347,0,16.8503,0.00399143,0.109314,-0.0937719,-2.23215,0.0093043,0.513354,-0.000610471,0.264799,1.55859,-0.150746,0.215012,0,15
1270,25.4,1.0081,0.214139,0.521449,0.272515,0.146038,0,17.0304,0.0489653,0.108078,0.069648,-2.23065,0.00772439,0.513354,-0.000610471,0.264799,1.56004,-0.13822,0.217171,0,15
1271,25.42,0.99212,0.210446,0.510392,0.271281,0.145988,0,17.4213,0.0261839,0.13037,0.112716,-2.23157,0.00864385,0.513354,-0.000610471,0.264799,1.56259,-0.127012,0.218406,0,15
1272,25.44,0.974874,0.202335,0.502242,0.270297,0.14604,0,17.6073,0.0566895,0.115011,0.0729424,-2.22904,0.00646375,0.513354,-0.000610471,0.264799,1.56323,-0.11355,0.219389,0,15
1273,25.46,0.954898,0.19264,0.492655,0.269603,0.145958,0,18.054,0.0503575,0.125052,0.0268536,-2.2256,0.0045981,0.513354,-0.000610471,0.264799,1.56191,-0.098446,0.220083,0,15
1274,25.48,0.937653,0.183778,0.48369,0.270185,0.145925,0,18.2921,0.0299305,0.073127,-0.230868,-2.22291,0.00446726,0.513354,-0.000610471,0.264799,1.56101,-0.0834189,0.219501,0,15
1275,25.5,0.925405,0.179584,0.473191,0.27263,0.1463,0,18.7819,0.0666598,0.0614979,-0.244599,-2.22361,0.00649987,0.513354,-0.000610471,0.264799,1.56,-0.0722641,0.217056,0,15
1276,25.52,0.912755,0.177911,0.461211,0.273633,0.146189,0,18.6774,0.0432904,0.128989,0.0219619,-2.22123,0.00554341,0.513354,-0.000610471,0.264799,1.56287,-0.0598723,0.216054,0,15
1277,25.54,0.898453,0.173364,0.449627,0.275462,0.146734,0,18.7485,0.0395485,0.0633979,-0.130559,-2.22466,0.00958526,0.513354,-0.000610471,0.264799,1.5646,-0.0453015,0.214225,0,15
1278,25.56,0.89375,0.179652,0.436187,0.277911,0.146387,0,18.9252,0.0739979,0.117286,-0.181022,-2.22212,0.00785171,0.513354,-0.000610471,0.264799,1.57097,-0.0387284,0.211775,0,15
1279,25.58,0.893726,0.18323,0.430701,0.279794,0.14641,0,18.8019,0.0587091,0.078712,-0.312207,-2.22236,0.00798848,0.513354,-0.000610471,0.264799,1.57841,-0.033718,0.209892,0,15
1280,25.6,0.900514,0.192009,0.427208,0.281298,0.146377,0,18.6688,0.0732513,0.102276,-0.321192,-2.2221,0.0079984,0.513354,-0.000610471,0.264799,1.5896,-0.0322047,0.208389,0,15
1281,25.62,0.908533,0.20523,0.421761,0.281542,0.146117,0,18.2903,0.0364156,0.122073,-0.347049,-2.22028,0.00638257,0.513354,-0.000610471,0.264799,1.60549,-0.0306445,0.208144,0,15
1282,25.64,0.917521,0.21368,0.420499,0.283342,0.146858,0,17.9896,0.0438405,0.108575,-0.100075,-2.22552,0.0102963,0.513354,-0.000610471,0.264799,1.61997,-0.0283521,0.206344,0,15
1283,25.66,0.9224,0.227024,0.411599,0.283777,0.146508,0,17.7561,0.0701446,0.0932613,-0.468309,-2.22302,0.00832111,0.513354,-0.000610471,0.264799,1.63632,-0.0248775,0.20591,0,15
1284,25.68,0.926933,0.239563,0.402916,0.284454,0.146424,0,17.6207,0.0634201,0.111828,-0.361797,-2.22239,0.00820262,0.513354,-0.000610471,0.264799,1.65029,-0.0207176,0.205233,0,15
1285,25.7,0.931522,0.252048,0.395616,0.283858,0.145955,0,17.2371,0.0209196,0.121172,-0.426614,-2.21909,0.00479652,0.513354,-0.000610471,0.264799,1.66637,-0.0177512,0.205828,0,15
1286,25.72,0.934397,0.262642,0.387328,0.284427,0.146248,0,17.0392,0.055295,0.160466,-0.132269,-2.22116,0.00680376,0.513354,-0.000610471,0.264799,1.68054,-0.0110319,0.205259,0,15
1287,25.74,0.935748,0.269206,0.381399,0.285144,0.14699,0,16.9379,0.0308955,0.0887868,-0.135904,-2.22609,0.0105949,0.513354,-0.000610471,0.264799,1.69267,-0.00319946,0.204543,0,15
1288,25.76,0.93776,0.275084,0.378083,0.284593,0.146519,0,16.9566,0.0606102,0.0806484,-0.23492,-2.22307,0.0065866,0.513354,-0.000610471,0.264799,1.70528,0.00340208,0.205093,0,15
1289,25.78,0.9383,0.28065,0.372534,0.285115,0.146722,0,17.0368,0.06904,0.0799197,-0.227487,-2.22449,0.0085907,0.513354,-0.000610471,0.264799,1.71514,0.0100892,0.204571,0,15
1290,25.8,0.939225,0.285014,0.369187,0.285025,0.146784,0,16.9678,0.0397298,0.0722149,-0.153533,-2.22487,0.00810571,0.513354,-0.000610471,0.264799,1.72511,0.0153029,0.204662,0,15
1291,25.82,0.942629,0.292212,0.364981,0.285436,0.146412,0,17.0043,0.0788595,0.0842032,-0.2827,-2.22219,0.00732603,0.512443,0.00172544,0.256838,1.73725,0.0200096,0.205449,0,15
1292,25.84,0.94455,0.293813,0.364925,0.285812,0.146271,0,16.8895,0.0602916,0.116344,0.0395725,-2.22124,0.0068821,0.511532,0.00406134,0.248877,1.74522,0.0272888,0.206266,0,15
1293,25.86,0.947536,0.296207,0.363975,0.287354,0.146438,0,16.8648,0.0810711,0.136211,-0.0788906,-2.22237,0.00833254,0.51062,0.00639725,0.240916,1.75392,0.0347054,0.205913,0,15
1294,25.88,0.951522,0.302997,0.360527,0.287998,0.146381,0,17.0149,0.0737904,0.154078,-0.108345,-2.222,0.00832654,0.509709,0.00873315,0.232955,1.76735,0.0426242,0.206453,0,15
1295,25.9,0.954432,0.309647,0.356224,0.288561,0.146415,0,17.1242,0.0715903,0.157241,-0.111401,-2.2222,0.00767753,0.508798,0.0110691,0.224994,1.78052,0.0520829,0.207071,0,15
1296,25.92,0.957279,0.311822,0.356402,0.289055,0.146158,0,17.1253,0.0303925,0.107776,-0.241807,-2.22039,0.00558004,0.507886,0.013405,0.217033,1.79183,0.0613938,0.207753,0,15
1297,25.94,0.958345,0.314188,0.353653,0.290505,0.146378,0,17.3568,0.0352504,0.0981429,-0.306754,-2.22195,0.00651378,0.506975,0.0157409,0.209072,1.80046,0.0705352,0.207475,0,15
1298,25.96,0.961156,0.320965,0.348593,0.291598,0.146501,0,17.3074,0.0769668,0.139287,-0.0943062,-2.22282,0.0076184,0.506063,0.0180768,0.201111,1.8109,0.0780696,0.207549,0,15
1299,25.98,0.963591,0.320738,0.350371,0.292482,0.146433,0,17.3012,0.0475037,0.102339,-0.165434,-2.22232,0.00775528,0.505152,0.0204127,0.193149,1.81864,0.08808,0.207829,0,15
1300,26,0.966139,0.323975,0.348733,0.29343,0.146351,0,17.3268,0.0340408,0.100397,-0.263508,-2.22176,0.0076772,0.504241,0.0227486,0.185188,1.82861,0.0971435,0.208039,0,15
1301,26.02,0.969713,0.328392,0.346218,0.295103,0.146805,0,17.3437,0.0376433,0.123605,0.054428,-2.22495,0.0108697,0.503329,0.0250845,0.177227,1.83963,0.106306,0.207521,0,15
1302,26.04,0.972707,0.330408,0.346965,0.295333,0.146393,0,17.23,0.0820338,0.0998269,-0.199583,-2.222,0.007184,0.502418,0.0274204,0.169266,1.848,0.116706,0.208442,0,15
1303,26.06,0.974679,0.332652,0.345504,0.296522,0.146403,0,17.5111,0.0515167,0.0917056,-0.237037,-2.22209,0.00791284,0.501507,0.0297563,0.161305,1.85641,0.125816,0.208398,0,15
1304,26.08,0.977013,0.338744,0.341008,0.297262,0.146233,0,17.3641,0.0287748,0.0975401,-0.345815,-2.22092,0.00700472,0.500595,0.0320922,0.153344,1.86715,0.134907,0.208801,0,15
1305,26.1,0.979787,0.344379,0.337117,0.29829,0.14636,0,17.4129,0.0482712,0.116335,-0.21461,-2.22176,0.00809172,0.499684,0.0344281,0.145383,1.87775,0.144921,0.208909,0,15
1306,26.12,0.981199,0.347451,0.33375,0.299997,0.14691,0,17.2557,0.0269151,0.137226,0.156074,-2.22565,0.0112053,0.498772,0.036764,0.137422,1.88612,0.156671,0.208336,0,15
1307,26.14,0.984306,0.350747,0.333482,0.300076,0.14647,0,17.3092,0.0722777,0.13345,-0.0888002,-2.22258,0.00763374,0.497861,0.0390999,0.129461,1.89452,0.166904,0.209385,0,15
1308,26.16,0.983951,0.350582,0.332197,0.301172,0.146725,0,17.4774,0.0193093,0.137791,0.151154,-2.22254,0.00909822,0.49695,0.0414358,0.1215,1.90039,0.179063,0.209414,0,15
1309,26.18,0.989414,0.349726,0.336415,0.303273,0.14644,0,17.3407,0.0434178,0.0867845,-0.203866,-2.22238,0.00711913,0.496038,0.0437717,0.113539,1.90599,0.188347,0.208432,0,15
1310,26.2,0.997552,0.354317,0.33575,0.307485,0.14651,0,17.5198,0.0284751,0.0835937,-0.291868,-2.22288,0.00750318,0.495127,0.0461076,0.105578,1.91503,0.194778,0.205336,0,15
1311,26.22,1.00745,0.360016,0.335768,0.311662,0.1462,0,17.4417,0.0401704,0.1225,-0.352462,-2.2207,0.00600646,0.494215,0.0484436,0.0976167,1.92491,0.201841,0.20227,0,15
1312,26.24,1.02643,0.377178,0.334499,0.314758,0.146473,0,17.3092,0.0650625,0.122721,-0.21079,-2.22264,0.00720822,0.493304,0.0507795,0.0896556,1.94531,0.209654,0.200281,0,15
1313,26.26,1.03252,0.387687,0.329946,0.314891,0.146619,0,17.4743,0.034584,0.102452,-0.312708,-2.22366,0.00693989,0.492393,0.0531154,0.0816945,1.95958,0.22327,0.201251,0,15
1314,26.28,1.03275,0.397832,0.320494,0.314424,0.146063,0,17.6958,0.0109585,0.107695,-0.492019,-2.21975,0.003622,0.491481,0.0554513,0.0737335,1.97379,0.234595,0.202815,0,15
1315,26.3,1.02496,0.405658,0.306573,0.312726,0.146366,0,17.6322,0.0351927,0.08654,-0.392648,-2.22185,0.00630047,0.49057,0.0577872,0.0657724,1.98357,0.248274,0.205607,0,15
1316,26.32,1.02148,0.409388,0.298709,0.31338,0.146877,0,17.605,0.0572747,0.0636265,-0.10897,-2.22543,0.0101917,0.489659,0.0601231,0.0578113,1.98908,0.258828,0.206042,0,15
1317,26.34,1.0555,0.411118,0.315636,0.328745,0.146993,0,17.6488,0.0441157,0.125288,0.0149371,-2.22659,0.00705942,0.488747,0.062459,0.0498503,1.99351,0.250803,0.191762,0,15
1318,26.36,1.1002,0.404267,0.361441,0.334491,0.148993,0,17.8656,0.053087,0.296773,0.0958013,-2.15809,0.00441267,0.487836,0.0647949,0.0418892,1.99266,0.244689,0.187096,0,15
1319,26.38,1.09861,0.411968,0.360693,0.325945,0.149739,0,19.1061,0.0688863,0.271715,-0.538869,-2.11571,0.000442564,0.486924,0.0671308,0.0339281,2.0051,0.277619,0.196718,0,15
1320,26.4,1.08624,0.423106,0.345569,0.317567,0.148994,0,20.8091,0.0186165,0.222376,-0.405597,-2.0739,0.00215335,0.486013,0.0694667,0.0259671,2.01803,0.305994,0.206167,0,15
1321,26.42,1.05749,0.432926,0.335068,0.289493,0.151013,0,22.2058,-0.0212806,0.0864869,-0.337656,-1.97888,0.000260878,0.485102,0.0718026,0.018006,2.03263,0.324394,0.235308,0,15
1322,26.44,1.05098,0.437917,0.340948,0.272112,0.152275,0,22.2962,-0.00239555,0.0804292,-0.111062,-1.91574,0.000312132,0.48419,0.0741385,0.0100449,2.04044,0.334343,0.253752,0,15
1323,26.46,1.0872,0.433312,0.371362,0.282528,0.151975,0,21.7755,0.00125916,0.0811318,0.0223402,-1.92814,-0.000445085,0.483279,0.0764744,0.00208385,2.03838,0.334061,0.244394,0,15
1324,26.48,1.15451,0.436241,0.405604,0.31267,0.151039,0,21.0682,0.0261637,0.0683031,-0.137221,-1.99254,0.00159301,0.482368,0.0788103,-0.00587723,2.04366,0.32496,0.215306,0,15
1325,26.5,1.18344,0.447543,0.415409,0.320489,0.151034,0,20.6585,0.0580497,0.0671072,-0.263943,-1.99631,0.00374388,0.481456,0.0811462,-0.0138383,2.05479,0.32147,0.208536,0,15
1326,26.52,1.19646,0.460981,0.413742,0.321735,0.151105,0,19.903,0.06159,0.0840104,-0.411668,-1.9828,0.00361484,0.480545,0.0834821,-0.0217994,2.06797,0.324059,0.208335,0,15
1327,26.54,1.20816,0.481734,0.403541,0.322883,0.151011,0,19.1607,0.063719,0.0941484,-0.440459,-1.9698,0.0018379,0.479633,0.0858181,-0.0297604,2.08821,0.331185,0.208228,0,15
1328,26.56,1.22183,0.498474,0.399425,0.323926,0.151097,0,18.4652,0.0309051,0.0856969,-0.319502,-1.95781,0.000878334,0.478722,0.088154,-0.0377215,2.10561,0.338205,0.208221,0,15
1329,26.58,1.2389,0.507915,0.405893,0.325087,0.151421,0,18.1914,0.0477351,0.0687037,-0.180394,-1.94717,0.00101904,0.477811,0.0904899,-0.0456826,2.11434,0.342115,0.208091,0,15
1330,26.6,1.24836,0.517372,0.404792,0.326194,0.151523,0,18.1103,0.0340621,0.0654974,-0.279661,-1.94171,0.000684813,0.476899,0.0928258,-0.0536436,2.12378,0.350921,0.208011,0,15
1331,26.62,1.25034,0.527554,0.395533,0.327256,0.151543,0,18.2216,0.0400256,0.0480864,-0.290525,-1.93854,0.00113189,0.475988,0.0951617,-0.0616047,2.13424,0.359794,0.207971,0,15
1332,26.64,1.25227,0.537012,0.386978,0.328276,0.151607,0,18.0047,0.0348577,0.0382161,-0.222026,-1.93569,0.00169192,0.475076,0.0974976,-0.0695658,2.1444,0.367679,0.20797,0,14.7915
1333,26.66,1.25244,0.54946,0.373512,0.329472,0.15163,0,17.5914,0.0455546,0.0540448,-0.329568,-1.9325,0.00154063,0.474165,0.0998335,-0.0775269,2.15684,0.378098,0.207787,0,14.2263
1334,26.68,1.25392,0.562629,0.360389,0.330906,0.151634,0,17.4069,0.0349086,0.0514895,-0.289851,-1.92975,0.00137159,0.473254,0.102169,-0.0854879,2.17079,0.389299,0.207362,0,13.8467
1335,26.7,1.25768,0.574282,0.350936,0.332458,0.151697,0,17.2823,0.0376214,0.0488104,-0.26102,-1.92668,0.00123741,0.472342,0.104505,-0.093449,2.18246,0.399451,0.206814,0,13.7962
1336,26.72,1.26289,0.585012,0.343714,0.334169,0.151788,0,17.216,0.0399165,0.0517207,-0.255757,-1.92347,0.00116172,0.471431,0.106841,-0.10141,2.19265,0.409106,0.206104,0,13.5065
1337,26.74,1.26783,0.595945,0.335907,0.335979,0.151849,0,17.2635,0.0396845,0.0583196,-0.289994,-1.92017,0.000848696,0.47052,0.109177,-0.109371,2.2027,0.419611,0.205289,0,13.2287
1338,26.76,1.27294,0.607603,0.327311,0.338027,0.151884,0,17.1617,0.0365104,0.0684844,-0.338934,-1.91683,0.00027217,0.469608,0.111513,-0.117332,2.21302,0.430653,0.204232,0,12.9535
1339,26.78,1.27693,0.618463,0.318275,0.340196,0.151991,0,17.2234,0.0389175,0.049377,-0.196355,-1.91306,1.23978e-05,0.468697,0.113849,-0.125293,2.22198,0.441855,0.203049,0,12.7167
1340,26.8,1.28295,0.63126,0.308894,0.342801,0.152065,0,17.122,0.0434876,0.0679837,-0.350426,-1.91012,-0.000152737,0.467785,0.116185,-0.133254,2.23259,0.452837,0.201426,0,12.7281
1341,26.82,1.28543,0.64429,0.295645,0.345498,0.152135,0,17.0134,0.0362291,0.0753766,-0.370795,-1.90697,-0.00029552,0.466874,0.118521,-0.141215,2.24363,0.466282,0.199707,0,12.6326
1342,26.84,1.28401,0.658479,0.277495,0.348033,0.15226,0,16.9877,0.0331919,0.0804149,-0.393042,-1.90467,-0.000104234,0.465963,0.120857,-0.149176,2.25609,0.483162,0.198145,0,12.6865
1343,26.86,1.2811,0.672242,0.257969,0.350885,0.152384,0,16.8427,0.0308914,0.0771929,-0.394948,-1.90231,0.000130504,0.465051,0.123193,-0.157138,2.26854,0.500955,0.196261,0,12.7595
1344,26.88,1.27877,0.687129,0.237477,0.354162,0.152471,0,16.6468,0.0294755,0.0718596,-0.376775,-1.9005,0.000281781,0.46414,0.125528,-0.165099,2.28247,0.519327,0.193948,0,12.8976
1345,26.9,1.28254,0.701861,0.223136,0.35754,0.152523,0,16.5909,0.0191091,0.0685101,-0.248418,-1.89886,0.000303417,0.463229,0.127864,-0.17306,2.29449,0.536165,0.191529,0,13.081
1346,26.92,1.3018,0.713118,0.228805,0.359877,0.152568,0,16.2197,0.0155543,0.0776996,-0.0615821,-1.89583,0.000242829,0.462317,0.1302,-0.181021,2.29669,0.547737,0.190147,0,13.5802
1347,26.94,1.33231,0.721837,0.247473,0.362997,0.152582,0,16.1496,0.00979298,0.0726625,-0.0385896,-1.8915,-0.000391632,0.461406,0.132536,-0.188982,2.29315,0.554677,0.187977,0,13.6081
1348,26.96,1.36827,0.731735,0.269362,0.367173,0.152587,0,15.7762,0.0415136,0.0523806,-0.025075,-1.88705,1.89543e-05,0.460494,0.134872,-0.196943,2.28992,0.558532,0.184747,0,14.1924
1349,26.98,1.40648,0.743031,0.291291,0.372154,0.152605,0,16.0619,0.0531148,0.00838841,-0.0230021,-1.88189,0.000265628,0.459583,0.137208,-0.204904,2.29011,0.558252,0.180707,0,14.5259
1350,27,1.44896,0.753859,0.31473,0.380367,0.152857,0,16.3626,0.0195038,-0.0212697,0.0856204,-1.87636,0.000974819,0.458672,0.139544,-0.212865,2.29703,0.548744,0.173431,0,15
1351,27.02,1.46085,0.762114,0.310454,0.388287,0.153396,0,15.9164,0.0623491,0.0143184,-0.268642,-1.87512,0.00280513,0.45776,0.14188,-0.220826,2.3069,0.547205,0.166442,0,14.984
1352,27.04,1.44245,0.777142,0.27112,0.394187,0.152976,0,16.2742,0.0524642,0.0638354,-0.459703,-1.87552,0.00092122,0.456849,0.144216,-0.228787,2.32384,0.571395,0.16147,0,14.787
1353,27.06,1.42411,0.803756,0.216149,0.404206,0.152834,0,16.0857,0.0469265,0.0759487,-0.364003,-1.87183,5.28395e-05,0.455938,0.146552,-0.236748,2.3513,0.615305,0.152374,0,14.6084
1354,27.08,1.42099,0.826353,0.179983,0.414654,0.153159,0,16.6924,0.0217479,0.0595537,-0.15549,-1.86176,0.00048992,0.455026,0.148888,-0.244709,2.36969,0.652802,0.142844,0,14.2933
1355,27.1,1.42104,0.840832,0.1784,0.401804,0.153692,0,16.2112,0.0200316,0.0374976,0.0213109,-1.8055,0.00193051,0.454115,0.151223,-0.25267,2.3727,0.672234,0.156608,0,14.0158
1356,27.12,1.38216,0.85137,0.170449,0.360337,0.154293,0,16.1861,-0.00211423,0.0101579,-0.0197718,-1.69376,0.000335276,0.453203,0.153559,-0.260631,2.37866,0.690133,0.198984,0,13.5322
1357,27.14,1.37209,0.852674,0.18816,0.33126,0.154604,0,18.1355,-0.00422573,0.00240686,-0.0078409,-1.59599,0.000265628,0.452292,0.155895,-0.268593,2.37473,0.691036,0.228965,0,12.9521
1358,27.16,1.41884,0.860403,0.18337,0.375073,0.154552,0,18.1746,-0.00147193,-0.00367069,-0.0173101,-1.63181,0.000403464,0.451381,0.158231,-0.276554,2.38271,0.700274,0.186052,0,12.8919
1359,27.18,1.48559,0.86581,0.173401,0.446379,0.154269,0,16.7966,0.00468533,-0.00835836,0.0193625,-1.71594,0.00110361,0.450469,0.160567,-0.284515,2.38972,0.712828,0.115641,0,12.9235
1360,27.2,1.52495,0.865699,0.160759,0.498494,0.153873,0,15.8443,0.000360493,-0.00975365,0.0161146,-1.78112,0.00186667,0.449558,0.162903,-0.292476,2.39067,0.730053,0.0644165,0,13.0403
1361,27.22,1.5358,0.864427,0.164154,0.507224,0.153914,0,15.3957,-0.000340659,-0.00834521,0.041453,-1.78743,0.00194898,0.448646,0.165239,-0.300437,2.38962,0.7351,0.0565729,0,13.6017
1362,27.24,1.54394,0.863354,0.174676,0.505905,0.15395,0,15.6754,-0.00153995,-0.00572015,0.0213578,-1.78258,0.00208506,0.447735,0.167575,-0.308398,2.38763,0.737551,0.0587737,0,14.6024
1363,27.26,1.55241,0.861446,0.187548,0.503417,0.153935,0,15.986,0.00849423,-0.00603312,0.0311952,-1.78125,0.00221722,0.446824,0.169911,-0.316359,2.38546,0.738527,0.0621388,0,15
1364,27.28,1.56055,0.858893,0.201164,0.50049,0.153923,0,15.8399,0.0149211,-0.00839232,0.00874953,-1.7812,0.00224118,0.445912,0.172247,-0.32432,2.38253,0.739338,0.0659375,0,15
1365,27.3,1.56828,0.85551,0.214207,0.498563,0.153881,0,15.2286,0.014136,-0.0118568,0.0210204,-1.78549,0.00225191,0.445001,0.174582,-0.332281,2.37999,0.739316,0.068732,0,15
1366,27.32,1.57649,0.849745,0.229234,0.497513,0.153656,0,14.7509,0.0101138,-0.0112429,-0.0102517,-1.80785,0.00224465,0.44409,0.176918,-0.340242,2.37635,0.736276,0.0706458,0,15
1367,27.34,1.58873,0.844185,0.242021,0.502527,0.153288,0,14.5198,-0.000712968,-0.0132153,-0.0497654,-1.84408,0.00125134,0.443178,0.179254,-0.348203,2.37468,0.72879,0.0664903,0,15
1368,27.36,1.59872,0.841029,0.252207,0.505483,0.153363,0,14.6506,-0.00248353,0.00324008,-0.0417811,-1.84014,0.00134775,0.442267,0.18159,-0.356164,2.37482,0.725975,0.0643874,0,15
1369,27.38,1.60465,0.838346,0.260256,0.506049,0.153398,0,14.8673,0.00517334,0.00404962,-0.0449021,-1.83796,0.00145745,0.441355,0.183926,-0.364125,2.37402,0.724289,0.0646713,0,15
1370,27.4,1.61013,0.83487,0.269123,0.506135,0.153404,0,14.9405,0.00297285,0.00431512,-0.0423894,-1.83635,0.00164421,0.440444,0.186262,-0.372086,2.37262,0.721841,0.0654297,0,15
1371,27.42,1.62495,0.831364,0.280492,0.513091,0.153415,0,14.9175,0.00189985,0.00199778,-0.0169347,-1.83383,0.00177266,0.439533,0.188598,-0.380048,2.37177,0.717364,0.0593137,0,15
1372,27.44,1.64462,0.826798,0.292292,0.525527,0.153421,0,14.972,7.41393e-05,-0.000371544,-0.0395017,-1.8329,0.00185716,0.438621,0.190934,-0.388009,2.37017,0.710896,0.0477125,0,15
1373,27.46,1.66191,0.819914,0.302999,0.538993,0.153447,0,14.8499,-0.00708437,-0.00377525,-0.0340947,-1.83304,0.0017354,0.43771,0.19327,-0.39597,2.36685,0.703585,0.0350775,0,15
1374,27.48,1.66546,0.810106,0.317168,0.538188,0.153494,0,15.2941,-0.0107297,-0.0105459,0.00263691,-1.83179,0.00155683,0.436799,0.195606,-0.403931,2.36206,0.694074,0.036708,0,15
1375,27.5,1.67129,0.797265,0.337779,0.536244,0.153515,0,15.5352,-0.018154,-0.0132952,0.0117965,-1.83168,0.00138752,0.435887,0.197942,-0.411892,2.35538,0.678821,0.0394742,0,15
1376,27.52,1.67126,0.785978,0.345244,0.540034,0.153532,0,15.6764,-0.0313524,-0.0121313,-0.032414,-1.83112,0.00132853,0.434976,0.200277,-0.419853,2.35032,0.673673,0.0365005,0,15
1377,27.54,1.66729,0.774401,0.348599,0.544294,0.153569,0,15.9424,-0.0330075,-0.0111326,-0.0324938,-1.82939,0.00140033,0.434064,0.202613,-0.427814,2.34444,0.670505,0.0330526,0,13.269
1378,27.56,1.65889,0.763501,0.348553,0.546836,0.153565,0,16.32,-0.0356883,-0.00832222,-0.0987178,-1.82972,0.00148875,0.433153,0.204949,-0.435775,2.339,0.669053,0.0313186,0,11.6839
1379,27.58,1.64615,0.757621,0.34027,0.548259,0.153472,0,16.2942,-0.00220432,0.00631633,-0.137618,-1.8338,0.00166765,0.432242,0.207285,-0.443736,2.33576,0.670363,0.0306981,0,12.2479
1380,27.6,1.63042,0.755463,0.326283,0.548672,0.15337,0,16.51,-0.0178713,0.0154323,-0.176028,-1.84102,0.00165662,0.43133,0.209621,-0.451697,2.33479,0.675737,0.031083,0,13.3428
1381,27.62,1.61613,0.755192,0.311236,0.549702,0.153318,0,16.1516,-0.00978771,0.0182193,-0.168339,-1.84517,0.00160512,0.430419,0.211957,-0.459658,2.33581,0.684755,0.0308462,0,13.8257
1382,27.64,1.6124,0.751189,0.312541,0.548675,0.15334,0,16.3232,-0.00287464,0.00857773,-0.0236723,-1.84523,0.00135498,0.429507,0.214293,-0.467619,2.33415,0.686232,0.032663,0,12.8966
1383,27.66,1.61336,0.744204,0.32151,0.547644,0.153727,0,16.1517,-0.0069737,-0.00464041,0.0765166,-1.84154,0.00282123,0.428596,0.216629,-0.47558,2.33171,0.687655,0.034478,0,12.2086
1384,27.68,1.61365,0.736428,0.331411,0.545808,0.153456,0,15.5475,-0.000686786,0.00712786,-0.0263514,-1.8421,0.00138721,0.427685,0.218965,-0.483541,2.32939,0.688983,0.0370928,0,11.7102
1385,27.7,1.61187,0.730396,0.336665,0.544807,0.153429,0,15.5962,0.00308375,0.00562642,-0.0481541,-1.84051,0.00140362,0.426773,0.221301,-0.491502,2.32809,0.691345,0.0388696,0,11.743
1386,27.72,1.60909,0.723797,0.341756,0.543532,0.153414,0,15.7971,0.00134206,0.00146021,-0.0392285,-1.83992,0.00150348,0.425862,0.223636,-0.499464,2.32651,0.692795,0.0409142,0,11.5923
1387,27.74,1.60974,0.717025,0.350195,0.542516,0.153516,0,15.7136,-0.000758726,-0.00102439,-0.0422927,-1.83564,0.0020257,0.424951,0.225972,-0.507425,2.32449,0.689612,0.0426958,0,11.3727
1388,27.76,1.61248,0.71038,0.360438,0.541658,0.153465,0,15.655,0.00321106,0.0024718,-0.0489528,-1.8372,0.00186803,0.424039,0.228308,-0.515386,2.3221,0.684188,0.0443151,0,11.2628
1389,27.78,1.61672,0.705038,0.369647,0.542038,0.153589,0,15.6962,0.00745632,-0.00380127,-0.0324049,-1.83814,0.00265072,0.423128,0.230644,-0.523347,2.32044,0.678611,0.0446911,0,11.5776
1390,27.8,1.62009,0.70035,0.376874,0.542861,0.153427,0,15.4497,0.00274804,0.00220788,-0.079957,-1.83881,0.00158013,0.422216,0.23298,-0.531308,2.31945,0.674472,0.0446191,0,11.4895
1391,27.82,1.62292,0.696979,0.381303,0.54464,0.153423,0,15.2874,0.00630903,0.00214172,-0.0746979,-1.8394,0.00152875,0.421305,0.235316,-0.539269,2.31926,0.671507,0.0435876,0,11.4668
1392,27.84,1.62396,0.693108,0.384655,0.546194,0.15346,0,15.1711,0.00170209,0.00386451,-0.0466478,-1.83653,0.00152971,0.420394,0.237652,-0.54723,2.31881,0.670361,0.0427759,0,10.6713
1393,27.86,1.62414,0.68913,0.387605,0.547407,0.153454,0,15.1542,0.00515534,0.0027477,-0.0695087,-1.83538,0.00160422,0.419482,0.239988,-0.555191,2.31811,0.66944,0.0423001,0,10.9174
1394,27.88,1.62423,0.685267,0.390559,0.548406,0.153536,0,15.0224,0.00826066,0.000738703,-0.0615361,-1.83694,0.00218521,0.418571,0.242324,-0.563152,2.31718,0.668414,0.0420341,0,10.8863
1395,27.9,1.62244,0.683076,0.389788,0.549572,0.15347,0,14.8389,0.00230406,-0.000984606,-0.0909069,-1.83936,0.00172247,0.41766,0.24466,-0.571113,2.31705,0.668651,0.0415962,0,11.393
1396,27.92,1.62158,0.679697,0.391196,0.550689,0.153508,0,14.6067,0.00127616,0.00171633,-0.0750704,-1.83729,0.00182764,0.416748,0.246996,-0.579074,2.31678,0.668765,0.041203,0,11.3175
1397,27.94,1.61968,0.677015,0.391069,0.551592,0.15347,0,14.3903,0.00512006,0.00158461,-0.09811,-1.83956,0.00172398,0.415837,0.249331,-0.587035,2.31654,0.668903,0.041018,0,11.4304
1398,27.96,1.6179,0.674904,0.390519,0.552478,0.153504,0,14.2714,0.00595081,-0.000935123,-0.078569,-1.84139,0.00195783,0.414925,0.251667,-0.594996,2.31644,0.669236,0.0408461,0,11.4859
1399,27.98,1.61645,0.672392,0.390786,0.553276,0.153531,0,14.2681,0.00604439,-0.00179057,-0.0625078,-1.84167,0.00206461,0.414014,0.254003,-0.602957,2.31629,0.669487,0.0407577,0,11.5347
1400,28,1.61485,0.669992,0.390834,0.554025,0.153512,0,14.1621,0.00763778,-0.00149908,-0.0743539,-1.84269,0.00200943,0.413103,0.256339,-0.610919,2.31614,0.669711,0.0407138,0,11.8003
1401,28.02,1.61369,0.667356,0.391614,0.554723,0.153455,0,14.1658,0.00293493,0.00340883,-0.074771,-1.84354,0.00164979,0.412191,0.258675,-0.61888,2.31602,0.670028,0.0407159,0,11.6203
1402,28.04,1.61373,0.66347,0.394804,0.555459,0.153511,0,14.0533,0.00845066,0.00656667,-0.060956,-1.83988,0.00184885,0.41128,0.261011,-0.626841,2.31551,0.669906,0.0406747,0,11.3014
1403,28.06,1.61226,0.661108,0.395122,0.556027,0.153495,0,14.1586,0.0102053,-0.000641899,-0.0732566,-1.84263,0.00206105,0.410369,0.263347,-0.634802,2.31526,0.670076,0.0407972,0,11.5164
1404,28.08,1.6111,0.658963,0.395361,0.556778,0.153437,0,14.2006,0.00447257,0.00234235,-0.0743672,-1.84454,0.00174913,0.409457,0.265683,-0.642763,2.31522,0.670366,0.0407327,0,11.4894
1405,28.1,1.61051,0.655783,0.39722,0.557506,0.153508,0,14.1335,0.00834201,0.000457646,-0.0546062,-1.84227,0.00205962,0.408546,0.268019,-0.650724,2.31493,0.670428,0.040686,0,11.5
1406,28.12,1.60975,0.65267,0.398941,0.558134,0.153526,0,13.9973,0.0123294,0.00206533,-0.0482443,-1.84179,0.00214175,0.407634,0.270355,-0.658685,2.3146,0.670295,0.040734,0,11.3455
1407,28.14,1.60911,0.649706,0.400659,0.558746,0.153505,0,13.8306,0.0125419,0.00264926,-0.0560492,-1.84153,0.00203405,0.406723,0.272691,-0.666646,2.31417,0.67004,0.0407938,0,11.371
1408,28.16,1.60855,0.646692,0.402474,0.559384,0.153521,0,13.7216,0.0136704,0.00170887,-0.0502801,-1.84106,0.00212453,0.405812,0.275026,-0.674607,2.31372,0.669683,0.0408231,0,11.2622
1409,28.18,1.608,0.64365,0.404326,0.560027,0.153527,0,13.5355,0.0159562,0.00283424,-0.047245,-1.84081,0.00218968,0.4049,0.277362,-0.682568,2.31325,0.669231,0.0408427,0,11.131
1410,28.2,1.60679,0.641131,0.405048,0.560612,0.153516,0,13.3339,0.0124205,0.000320931,-0.0602732,-1.84208,0.00221151,0.403989,0.279698,-0.690529,2.31294,0.669153,0.0409158,0,11.3308
1411,28.22,1.60561,0.638031,0.406569,0.561009,0.153432,0,13.1582,0.00630592,0.00321097,-0.0848354,-1.84197,0.00173982,0.403077,0.282034,-0.69849,2.31248,0.66854,0.0411716,0,11.2538
1412,28.24,1.60313,0.63228,0.409036,0.561817,0.153678,0,13.0219,-0.0140431,-0.000309346,0.00275659,-1.81937,0.00155567,0.402166,0.28437,-0.706451,2.31185,0.669064,0.0410123,0,10.3793
1413,28.26,1.61973,0.6173,0.435277,0.567149,0.154092,0,13.0726,-0.006536,-0.000302601,-0.0345484,-1.75691,0.00191511,0.401255,0.286706,-0.714412,2.3073,0.654011,0.0363236,0,9.29315
1414,28.28,1.63145,0.608011,0.45187,0.571566,0.15433,0,13.681,0.00742356,0.000935171,-0.0588532,-1.69518,0.000742041,0.400343,0.289042,-0.722373,2.30432,0.642077,0.0325459,0,11.1309
1415,28.3,1.63803,0.598827,0.465591,0.573612,0.154416,0,13.9616,0.0122909,-0.00227092,-0.0372234,-1.66548,0.000454389,0.399432,0.291378,-0.730335,2.30136,0.632851,0.0311335,0,10.9404
1416,28.32,1.63947,0.590354,0.47568,0.573431,0.154475,0,14.0039,0.0153974,-0.00571894,-0.0257478,-1.6644,0.000735283,0.398521,0.293714,-0.738296,2.29887,0.626167,0.0319438,0,11.3675
1417,28.34,1.63911,0.582015,0.484598,0.572497,0.154486,0,13.8242,0.0184518,-0.00879352,-0.00693393,-1.67264,0.00100674,0.397609,0.29605,-0.746257,2.29648,0.620298,0.0335026,0,11.4403
1418,28.36,1.63853,0.574391,0.492501,0.57164,0.154423,0,13.5867,0.0190313,-0.00609792,-0.0201868,-1.68275,0.000933539,0.396698,0.298385,-0.754218,2.29447,0.614967,0.0349801,0,11.7483
1419,28.38,1.6378,0.566299,0.499803,0.571697,0.154333,0,13.4599,0.0105854,-0.00402002,-0.0451223,-1.68906,0.000615869,0.395786,0.300721,-0.762179,2.29275,0.610234,0.0355388,0,11.6672
1420,28.4,1.6378,0.559937,0.505636,0.57223,0.15435,0,13.3905,0.0151418,-0.00407924,-0.0370806,-1.69294,0.000828993,0.394875,0.303057,-0.77014,2.29165,0.606316,0.0356163,0,11.6985
1421,28.42,1.63875,0.554072,0.511729,0.572949,0.154298,0,13.2264,0.0123714,-0.00221413,-0.043254,-1.69371,0.000567064,0.393964,0.305393,-0.778101,2.29051,0.601973,0.0355029,0,11.4372
1422,28.44,1.63902,0.545605,0.519777,0.573641,0.154305,0,13.0714,0.00831351,-0.00586652,-0.0373052,-1.69229,0.000541378,0.393052,0.307729,-0.786062,2.28831,0.595978,0.0354123,0,10.8039
1423,28.46,1.63869,0.535891,0.528554,0.574242,0.154317,0,12.8933,0.00857367,-0.00537941,-0.0323542,-1.68957,0.000531863,0.392141,0.310065,-0.794023,2.28567,0.589519,0.0354079,0,10.3553
1424,28.48,1.63733,0.525777,0.536827,0.57473,0.154316,0,12.7066,0.00772776,-0.00601684,-0.0333662,-1.68967,0.000574356,0.39123,0.312401,-0.801984,2.28294,0.583375,0.0355121,0,10.9094
1425,28.5,1.63524,0.517222,0.542934,0.575081,0.154363,0,12.5283,0.0114045,-0.00601229,-0.0314216,-1.69101,0.000838179,0.390318,0.314737,-0.809945,2.28111,0.57895,0.0357484,0,11.7989
1426,28.52,1.63338,0.509534,0.548225,0.575623,0.154354,0,12.3996,0.0122031,-0.004519,-0.0373509,-1.69126,0.000807402,0.389407,0.317073,-0.817906,2.27965,0.575149,0.0357885,0,11.4639
1427,28.54,1.63228,0.503316,0.552748,0.576218,0.15431,0,12.2477,0.0122363,-0.00339375,-0.0363222,-1.69145,0.000575954,0.388495,0.319409,-0.825867,2.27853,0.571812,0.0357719,0,11.5351
1428,28.56,1.63159,0.495795,0.558842,0.57695,0.154314,0,12.1722,0.0114058,-0.00225764,-0.0314357,-1.68783,0.00049837,0.387584,0.321745,-0.833828,2.27666,0.567111,0.0356123,0,11.0557
1429,28.58,1.62946,0.486398,0.565593,0.577468,0.154325,0,12.0794,0.00922782,-0.00445118,-0.0370505,-1.68564,0.000517864,0.386673,0.32408,-0.841789,2.27406,0.561772,0.0356625,0,11.1296
1430,28.6,1.62769,0.479649,0.570781,0.577262,0.154364,0,11.9312,0.0113152,-0.0033122,-0.0393854,-1.68574,0.000706454,0.386649,0.324141,-0.841996,2.27147,0.556763,0.0358834,0,11.3875
1431,28.62,1.62616,0.475758,0.573274,0.577125,0.154461,0,11.8401,0.0192198,-0.00825214,-0.00875646,-1.68777,0.00128243,0.386649,0.324141,-0.841996,2.27027,0.554192,0.0360209,0,12.1193
1432,28.64,1.62671,0.473948,0.57556,0.577197,0.154323,0,11.7484,0.0120227,0.000135446,-0.0530369,-1.68629,0.000525243,0.386649,0.324141,-0.841996,2.26955,0.55179,0.0359491,0,10.9432
1433,28.66,1.62797,0.469943,0.580685,0.577343,0.15433,0,11.6888,0.0127172,-0.00137254,-0.0358216,-1.68407,0.000488985,0.386649,0.324141,-0.841996,2.26732,0.546755,0.0358023,0,10.4094
1434,28.68,1.62729,0.465695,0.584409,0.577189,0.15436,0,11.5915,0.0157371,-0.00256985,-0.0431333,-1.68689,0.000711042,0.386649,0.324141,-0.841996,2.26537,0.542826,0.0359563,0,11.5602
1435,28.7,1.6277,0.463473,0.586921,0.577305,0.154346,0,11.5111,0.0136447,0.00220924,-0.0679511,-1.68508,0.000597125,0.386649,0.324141,-0.841996,2.26441,0.540166,0.0358405,0,10.5338
1436,28.72,1.6278,0.45884,0.591627,0.577338,0.15434,0,11.4088,0.0132483,-0.000803328,-0.0628309,-1.68397,0.000538368,0.386649,0.324141,-0.841996,2.26205,0.535437,0.035808,0,11.2984
1437,28.74,1.62783,0.455475,0.59509,0.577261,0.154458,0,11.2507,0.0219392,-0.00760825,-0.0148194,-1.68544,0.00118859,0.386649,0.324141,-0.841996,2.26027,0.531767,0.0358849,0,12.0954
1438,28.76,1.62705,0.451188,0.598521,0.577338,0.154436,0,11.124,0.0179328,-0.00628138,-0.0221889,-1.68319,0.00101926,0.386649,0.324141,-0.841996,2.25848,0.528237,0.0358078,0,11.6814
1439,28.78,1.62573,0.446663,0.601849,0.577215,0.154392,0,10.9794,0.0164873,-0.00347043,-0.0371293,-1.68458,0.00081747,0.386649,0.324141,-0.841996,2.25654,0.524668,0.0359309,0,11.6236
1440,28.8,1.62612,0.444525,0.604345,0.577256,0.15441,0,10.9792,0.0179099,-0.00144274,-0.0479614,-1.68377,0.000906967,0.386649,0.324141,-0.841996,2.25543,0.521949,0.03589,0,11.2294
1441,28.82,1.62644,0.440161,0.608932,0.577343,0.154334,0,10.9791,0.0131942,-0.00149795,-0.0463511,-1.68244,0.000466537,0.386649,0.324141,-0.841996,2.25307,0.517456,0.0358031,0,10.8499
1442,28.84,1.62505,0.435457,0.612435,0.577158,0.154393,0,10.9778,0.0162594,-0.00343983,-0.0363877,-1.68516,0.00083065,0.386649,0.324141,-0.841996,2.25082,0.513652,0.0359881,0,11.6014
1443,28.86,1.62447,0.43187,0.615596,0.576999,0.154333,0,10.9707,0.0116282,-0.000867875,-0.0464164,-1.68438,0.000508618,0.386649,0.324141,-0.841996,2.24911,0.51029,0.0361466,0,10.5009
1444,28.88,1.62346,0.426935,0.619207,0.577318,0.154332,0,10.9231,0.0112506,-0.00174643,-0.04328,-1.68313,0.000485212,0.386649,0.324141,-0.841996,2.24674,0.506432,0.0358273,0,10.5526
1445,28.9,1.6219,0.423045,0.621772,0.577081,0.154368,0,10.9359,0.01494,-0.0014669,-0.048225,-1.68664,0.000749596,0.386649,0.324141,-0.841996,2.24489,0.503283,0.0360651,0,11.4101
1446,28.92,1.62265,0.421209,0.624155,0.577285,0.154359,0,10.9914,0.0167933,0.0011206,-0.0653624,-1.68584,0.000687048,0.386649,0.324141,-0.841996,2.24361,0.50056,0.0358606,0,10.8974
1447,28.94,1.62371,0.417833,0.628427,0.577448,0.154337,0,11.0156,0.0146256,-0.000772608,-0.0423035,-1.68339,0.00049201,0.386649,0.324141,-0.841996,2.24122,0.496257,0.0356972,0,10.8269
1448,28.96,1.62087,0.415074,0.631607,0.574185,0.154102,0,10.9745,0.0394347,-0.000320796,-0.0436649,-1.74372,0.00151029,0.386649,0.324141,-0.841996,2.23781,0.491236,0.0389602,0,12.1818
1449,28.98,1.61555,0.412091,0.635366,0.568097,0.153366,0,10.951,0.0337581,0.00734494,-0.0809567,-1.84106,0.00144316,0.386649,0.324141,-0.841996,2.23362,0.48804,0.0450484,0,11.4648
1450,29,1.61606,0.413554,0.633415,0.569092,0.153425,0,10.5537,0.00135752,0.00758808,-0.0966887,-1.85078,0.00194074,0.386649,0.324141,-0.841996,2.23386,0.488123,0.0440533,0,11.0265
1451,29.02,1.61475,0.410955,0.633657,0.570137,0.153489,0,9.96784,0.0105943,0.0063046,-0.0576028,-1.8457,0.00201525,0.386649,0.324141,-0.841996,2.23376,0.488598,0.0430091,0,11.299
1452,29.04,1.61401,0.409671,0.633164,0.571178,0.153466,0,9.85796,0.00732348,0.00409202,-0.098899,-1.84233,0.00176365,0.386649,0.324141,-0.841996,2.23314,0.488739,0.0419673,0,11.5124
1453,29.06,1.61261,0.409113,0.632094,0.571403,0.153437,0,9.83197,-8.7725e-05,0.00523722,-0.0893125,-1.8415,0.00161986,0.386649,0.324141,-0.841996,2.23271,0.488602,0.0417425,0,11.4653
1454,29.08,1.61083,0.408544,0.630628,0.571656,0.153495,0,9.78638,0.00323527,-0.000290405,-0.0730493,-1.84109,0.0019929,0.386649,0.324141,-0.841996,2.23245,0.488791,0.0414893,0,11.5349
1455,29.1,1.60925,0.408533,0.628842,0.571876,0.153516,0,9.75108,0.00389752,-0.00210984,-0.0693609,-1.84046,0.00201672,0.386649,0.324141,-0.841996,2.23227,0.488957,0.0412697,0,11.5669
1456,29.12,1.60774,0.408939,0.626781,0.57202,0.15351,0,9.71965,0.00542768,-0.00105763,-0.0738121,-1.84109,0.00196841,0.386649,0.324141,-0.841996,2.23216,0.489098,0.0411258,0,11.5607
1457,29.14,1.60645,0.409839,0.624636,0.571979,0.153495,0,9.74581,0.00476041,-0.00165179,-0.0715879,-1.84381,0.00193757,0.386649,0.324141,-0.841996,2.23207,0.489246,0.0411662,0,11.7584
1458,29.16,1.60495,0.408771,0.624092,0.57209,0.153491,0,9.94801,0.00760328,0.00525685,-0.0659819,-1.84099,0.00182879,0.386649,0.324141,-0.841996,2.23166,0.489351,0.0410553,0,11.331
1459,29.18,1.60363,0.408877,0.622704,0.57205,0.153508,0,10.1317,0.00750672,-0.00116555,-0.0611914,-1.84231,0.00201412,0.386649,0.324141,-0.841996,2.23137,0.489475,0.0410956,0,11.4738
1460,29.2,1.60248,0.408569,0.62177,0.572136,0.153501,0,10.3052,0.00859372,0.00124587,-0.0612376,-1.84163,0.00197728,0.386649,0.324141,-0.841996,2.23104,0.489524,0.0410097,0,11.5151
1461,29.22,1.60138,0.408146,0.621022,0.572208,0.153502,0,10.4762,0.0108451,0.00375996,-0.0580746,-1.8408,0.00196456,0.386649,0.324141,-0.841996,2.23059,0.489427,0.0409379,0,11.3635
1462,29.24,1.60009,0.407398,0.620479,0.572211,0.153541,0,10.7269,0.0139181,0.00263114,-0.045641,-1.84025,0.00218053,0.386649,0.324141,-0.841996,2.23002,0.489165,0.0409351,0,11.164
1463,29.26,1.59889,0.40709,0.61957,0.572228,0.153543,0,10.8984,0.0131714,9.88096e-05,-0.0469241,-1.84046,0.00221682,0.386649,0.324141,-0.841996,2.22951,0.488936,0.0409173,0,11.2558
1464,29.28,1.59791,0.406911,0.618837,0.572167,0.153514,0,11.0826,0.0137206,0.00236063,-0.0623825,-1.84126,0.00212778,0.386649,0.324141,-0.841996,2.22897,0.488686,0.0409789,0,11.2481
1465,29.3,1.59691,0.407842,0.616932,0.572139,0.153556,0,11.2671,0.0137628,-0.00300593,-0.0559201,-1.84171,0.00245547,0.386649,0.324141,-0.841996,2.22895,0.489049,0.0410069,0,11.2016
1466,29.32,1.59819,0.413677,0.612296,0.572218,0.153234,0,11.2565,0.0118368,0.013878,-0.161221,-1.85133,0.00112471,0.386649,0.324141,-0.841996,2.23062,0.49111,0.0409278,0,11.9822
1467,29.34,1.60055,0.412367,0.61392,0.57426,0.153841,0,11.3635,-0.00248112,0.00388727,-0.0258255,-1.81993,0.00254794,0.386649,0.324141,-0.841996,2.23052,0.489799,0.0388854,0,11.1261
1468,29.36,1.60448,0.398672,0.627416,0.578388,0.154097,0,11.5605,-0.00339985,0.00370786,-0.0435777,-1.75288,0.00177457,0.386649,0.324141,-0.841996,2.2245,0.481245,0.0347572,0,10.0408
1469,29.38,1.61147,0.390786,0.637678,0.583011,0.15443,0,12.2905,0.0132726,-0.000852831,-0.0479074,-1.69114,0.00119776,0.386649,0.324141,-0.841996,2.2186,0.47195,0.0301348,0,11.5072
1470,29.4,1.61606,0.390324,0.640607,0.585132,0.154662,0,12.6063,0.041744,-0.0104331,-0.0115077,-1.67278,0.00197221,0.386649,0.324141,-0.841996,2.21721,0.46874,0.0280135,0,12.6122
1471,29.42,1.61707,0.39388,0.641008,0.582179,0.154192,0,12.8593,0.0604196,0.00210963,-0.00183931,-1.74342,0.00169428,0.386649,0.324141,-0.841996,2.21631,0.466971,0.0309669,0,11.3218
1472,29.44,1.61229,0.390943,0.645949,0.575403,0.15349,0,12.8609,0.0446476,0.0183903,-0.115922,-1.82855,0.00139926,0.386649,0.324141,-0.841996,2.21196,0.46411,0.0377423,0,11.6514
1473,29.46,1.60582,0.391129,0.642181,0.572509,0.153238,0,12.5468,0.0126984,0.00482107,-0.0749579,-1.86199,0.00193166,0.386649,0.324141,-0.841996,2.21221,0.467579,0.0406371,0,11.064
1474,29.48,1.60064,0.392541,0.63553,0.572568,0.153371,0,12.2153,0.0122985,0.00514602,-0.0354096,-1.85526,0.00201707,0.386649,0.324141,-0.841996,2.21549,0.475322,0.0405781,0,11.697
1475,29.5,1.59264,0.390005,0.630871,0.571761,0.153509,0,12.0805,0.0120509,-0.00231406,-0.0115891,-1.85009,0.00251917,0.386649,0.324141,-0.841996,2.21681,0.48065,0.0413849,0,11.5014
1476,29.52,1.59164,0.386404,0.633636,0.5716,0.153744,0,12.0064,-0.00525315,0.0135999,-0.084817,-1.81496,0.00166952,0.386649,0.324141,-0.841996,2.21557,0.478321,0.0415453,0,11.041
1477,29.54,1.59806,0.378731,0.645187,0.574145,0.153942,0,12.0389,0.00110023,0.0115003,-0.0574062,-1.77589,0.00206836,0.386649,0.324141,-0.841996,2.21265,0.470785,0.0390009,0,10.4934
1478,29.56,1.60666,0.373686,0.653234,0.579742,0.154164,0,12.4666,0.00617371,0.0108529,-0.124028,-1.7155,0.000581361,0.386649,0.324141,-0.841996,2.20958,0.463771,0.0334035,0,10.8512
1479,29.58,1.60492,0.371516,0.654578,0.578831,0.154031,0,12.7903,0.0308329,-0.00359334,-0.018001,-1.75354,0.00153679,0.386649,0.324141,-0.841996,2.20774,0.461429,0.0343149,0,11.4202
1480,29.6,1.59555,0.365423,0.656281,0.573843,0.153683,0,13.0446,0.0295938,0.00327443,-0.0349453,-1.80984,0.00191999,0.386649,0.324141,-0.841996,2.20462,0.460678,0.0393025,0,11.2735
1481,29.62,1.58484,0.359455,0.656021,0.569365,0.153293,0,12.879,0.0121734,0.000179329,-0.0952529,-1.84593,0.00145005,0.386649,0.324141,-0.841996,2.20157,0.460574,0.0437806,0,10.9383
1482,29.64,1.58453,0.359418,0.654911,0.570204,0.153593,0,12.4849,0.0179245,-0.00480413,-0.0483564,-1.84449,0.00280087,0.386649,0.324141,-0.841996,2.20108,0.460083,0.0429411,0,10.4669
1483,29.66,1.58644,0.364172,0.651374,0.570896,0.153324,0,12.3292,0.0115395,0.0100836,-0.150384,-1.84902,0.00141142,0.386649,0.324141,-0.841996,2.20236,0.461318,0.0422499,0,11.8565
1484,29.68,1.58639,0.366957,0.648211,0.571223,0.153479,0,12.2711,0.0139959,0.00074484,-0.0405525,-1.8496,0.00234229,0.386649,0.324141,-0.841996,2.20377,0.463661,0.0419227,0,11.5989
1485,29.7,1.58483,0.366337,0.647209,0.571282,0.153524,0,12.2318,0.0108539,-0.00187988,-0.035128,-1.84446,0.00234117,0.386649,0.324141,-0.841996,2.20392,0.464247,0.0418635,0,11.5381
1486,29.72,1.5839,0.36598,0.646637,0.571285,0.153488,0,12.1377,0.0100193,0.00146814,-0.0674561,-1.84409,0.00207408,0.386649,0.324141,-0.841996,2.20359,0.46369,0.0418603,0,11.6369
1487,29.74,1.58375,0.36568,0.64668,0.571386,0.153441,0,12.0252,0.0100015,0.00529555,-0.0743323,-1.84471,0.00185274,0.386649,0.324141,-0.841996,2.20304,0.462587,0.0417595,0,11.5186
1488,29.76,1.58354,0.365744,0.646012,0.571785,0.153485,0,11.9438,0.00887098,0.000901753,-0.0578236,-1.84388,0.00202588,0.386649,0.324141,-0.841996,2.20272,0.4621,0.0413608,0,11.7499
1489,29.78,1.58255,0.365895,0.644744,0.571912,0.153487,0,11.8859,0.00877989,0.00116704,-0.0614108,-1.84393,0.00204494,0.386649,0.324141,-0.841996,2.20249,0.462205,0.0412341,0,11.6274
1490,29.8,1.58156,0.36586,0.643677,0.572026,0.153495,0,11.7814,0.00960351,0.000106965,-0.0616239,-1.84338,0.00204942,0.386649,0.324141,-0.841996,2.20214,0.462238,0.0411193,0,11.4294
1491,29.82,1.58069,0.36601,0.642537,0.572144,0.153494,0,11.8408,0.00729429,0.000237566,-0.0623933,-1.84261,0.00204601,0.386649,0.324141,-0.841996,2.20188,0.462265,0.0410018,0,11.304
1492,29.84,1.57888,0.36519,0.641801,0.571889,0.153577,0,11.853,-0.00155765,-0.0105429,0.00237623,-1.84141,0.00235143,0.386649,0.324141,-0.841996,2.20123,0.462134,0.041257,0,11.1788
1493,29.86,1.57392,0.352202,0.648142,0.573573,0.153832,0,11.8836,-0.0254513,0.0117659,0.0436388,-1.79516,0.00210767,0.386649,0.324141,-0.841996,2.19734,0.458259,0.0395724,0,9.82998
1494,29.88,1.57592,0.333936,0.662991,0.578997,0.154138,0,12.4905,-0.00790545,0.00197482,-0.0391686,-1.72478,0.000752874,0.386649,0.324141,-0.841996,2.18686,0.44513,0.0341482,0,10.8497
1495,29.9,1.57721,0.32639,0.669781,0.581037,0.154494,0,13.2157,0.0150225,-0.00842902,-0.0156802,-1.68867,0.00143998,0.386649,0.324141,-0.841996,2.18178,0.438175,0.0321084,0,10.7749
1496,29.92,1.57347,0.315663,0.676519,0.581292,0.154385,0,13.566,0.0103498,-0.00417281,-0.042409,-1.67204,0.000455216,0.386649,0.324141,-0.841996,2.17558,0.431366,0.0318539,0,10.8956
1497,29.94,1.56691,0.306143,0.680392,0.580375,0.154433,0,13.6713,0.0127032,-0.00457303,-0.0296541,-1.67259,0.000717983,0.386649,0.324141,-0.841996,2.17066,0.426561,0.0327706,0,11.3111
1498,29.96,1.56039,0.29786,0.683491,0.579034,0.154449,0,13.6051,0.0154299,-0.00901953,-0.0076957,-1.67989,0.0010007,0.386649,0.324141,-0.841996,2.16631,0.422453,0.0341114,0,11.1113
1499,29.98,1.55435,0.289889,0.686646,0.577818,0.154379,0,13.4083,0.0122029,-0.00739245,-0.0237487,-1.68745,0.000825212,0.386649,0.324141,-0.841996,2.16215,0.418341,0.0353281,0,11.5559
