attempt,step,time_s,phase,jaw_centre_error_m,lateral_error_m,along_error_m,tip_goal_error_m,jaw_command_m,approach_elevation_deg,jaw_tilt_deg,base_height_m,base_shift_m,base_yaw_deg,finger_contact_n,forearm_contact_n,fell,cup_lift_m,cup_tilt_deg
0,0,0.0,spawn,0.01234,0.01231,0.00088,0.01205,0.0006,-2.88,5.23,0.3504,0.0009,-0.084,0.0,0.0,0,0.0,0.0
1,0,0.0,spawn,0.01234,0.01231,0.00088,0.01205,0.0006,-2.88,5.23,0.3504,0.0009,-0.084,0.0,0.0,0,0.0,0.0
2,0,0.0,spawn,0.01234,0.01231,0.00088,0.01205,0.0006,-2.88,5.23,0.3504,0.0009,-0.084,0.0,0.0,0,0.0,0.0
3,0,0.0,spawn,0.01234,0.01231,0.00088,0.01205,0.0006,-2.88,5.23,0.3504,0.0009,-0.084,0.0,0.0,0,0.0,0.0
4,0,0.0,spawn,0.01234,0.01231,0.00088,0.01205,0.0006,-2.88,5.23,0.3504,0.0009,-0.084,0.0,0.0,0,0.0,0.0
5,0,0.0,spawn,0.01234,0.01231,0.00088,0.01205,0.0006,-2.88,5.23,0.3504,0.0009,-0.084,0.0,0.0,0,0.0,0.0
6,0,0.0,spawn,0.01234,0.01231,0.00088,0.01205,0.0006,-2.88,5.23,0.3504,0.0009,-0.084,0.0,0.0,0,0.0,0.0
7,0,0.0,spawn,0.01234,0.01231,0.00088,0.01205,0.0006,-2.88,5.23,0.3504,0.0009,-0.084,0.0,0.0,0,0.0,0.0
0,1,0.02,spawn,0.02268,0.0225,0.00288,0.02208,0.0012,-3.46,9.97,0.35,0.0017,-0.088,0.0,0.0,0,0.0,0.0
1,1,0.02,spawn,0.02268,0.0225,0.00288,0.02208,0.0012,-3.46,9.97,0.35,0.0017,-0.088,0.0,0.0,0,0.0,0.0
2,1,0.02,spawn,0.02268,0.0225,0.00288,0.02209,0.0012,-3.46,9.97,0.35,0.0017,-0.088,0.0,0.0,0,0.0,0.0
3,1,0.02,spawn,0.02268,0.0225,0.00288,0.02208,0.0012,-3.46,9.97,0.35,0.0017,-0.088,0.0,0.0,0,0.0,0.0
4,1,0.02,spawn,0.02268,0.0225,0.00288,0.02208,0.0012,-3.46,9.97,0.35,0.0017,-0.088,0.0,0.0,0,0.0,0.0
5,1,0.02,spawn,0.02268,0.0225,0.00288,0.02208,0.0012,-3.46,9.97,0.35,0.0017,-0.088,0.0,0.0,0,0.0,0.0
6,1,0.02,spawn,0.02268,0.0225,0.00288,0.02208,0.0012,-3.46,9.97,0.35,0.0017,-0.088,0.0,0.0,0,0.0,0.0
7,1,0.02,spawn,0.02268,0.0225,0.00288,0.02208,0.0012,-3.46,9.97,0.35,0.0017,-0.088,0.0,0.0,0,0.0,0.0
0,2,0.04,spawn,0.02093,0.02091,0.00103,0.01995,0.0018,-1.9,15.13,0.3484,0.0024,-0.107,0.0,0.0,0,0.0,0.0
1,2,0.04,spawn,0.02093,0.02091,0.00103,0.01995,0.0018,-1.9,15.13,0.3484,0.0024,-0.107,0.0,0.0,0,0.0,0.0
2,2,0.04,spawn,0.02093,0.02091,0.00103,0.01995,0.0018,-1.9,15.13,0.3484,0.0024,-0.107,0.0,0.0,0,0.0,0.0
3,2,0.04,spawn,0.02093,0.02091,0.00103,0.01996,0.0018,-1.9,15.13,0.3484,0.0024,-0.107,0.0,0.0,0,0.0,0.0
4,2,0.04,spawn,0.02093,0.02091,0.00103,0.01995,0.0018,-1.9,15.13,0.3484,0.0024,-0.107,0.0,0.0,0,0.0,0.0
5,2,0.04,spawn,0.02093,0.02091,0.00103,0.01995,0.0018,-1.9,15.13,0.3484,0.0024,-0.107,0.0,0.0,0,0.0,0.0
6,2,0.04,spawn,0.02093,0.02091,0.00103,0.01995,0.0018,-1.9,15.12,0.3484,0.0024,-0.107,0.0,0.0,0,0.0,0.0
7,2,0.04,spawn,0.02094,0.02091,0.00103,0.01996,0.0018,-1.9,15.12,0.3484,0.0024,-0.107,0.0,0.0,0,0.0,0.0
0,3,0.06,spawn,0.01933,0.01852,-0.00554,0.01801,0.0024,-0.28,20.52,0.3457,0.003,-0.122,0.0,0.0,0,0.0,0.0
1,3,0.06,spawn,0.01934,0.01853,-0.00553,0.01802,0.0024,-0.28,20.52,0.3457,0.003,-0.122,0.0,0.0,0,0.0,0.0
2,3,0.06,spawn,0.01933,0.01852,-0.00553,0.01801,0.0024,-0.28,20.52,0.3457,0.003,-0.122,0.0,0.0,0,0.0,0.0
3,3,0.06,spawn,0.01933,0.01852,-0.00553,0.01801,0.0024,-0.28,20.52,0.3457,0.003,-0.122,0.0,0.0,0,0.0,0.0
4,3,0.06,spawn,0.01933,0.01852,-0.00553,0.01801,0.0024,-0.28,20.52,0.3457,0.003,-0.122,0.0,0.0,0,0.0,0.0
5,3,0.06,spawn,0.01933,0.01852,-0.00553,0.01801,0.0024,-0.28,20.52,0.3457,0.003,-0.122,0.0,0.0,0,0.0,0.0
6,3,0.06,spawn,0.01933,0.01852,-0.00553,0.01802,0.0024,-0.28,20.52,0.3457,0.003,-0.122,0.0,0.0,0,0.0,0.0
7,3,0.06,spawn,0.01933,0.01852,-0.00553,0.01801,0.0024,-0.28,20.52,0.3457,0.003,-0.122,0.0,0.0,0,0.0,0.0
0,4,0.08,spawn,0.01721,0.01359,-0.01056,0.01616,0.003,1.48,25.89,0.3425,0.0036,-0.106,0.0,0.0,0,0.0,0.0
1,4,0.08,spawn,0.01721,0.01359,-0.01056,0.01616,0.003,1.47,25.89,0.3425,0.0036,-0.106,0.0,0.0,0,0.0,0.0
2,4,0.08,spawn,0.01723,0.01361,-0.01056,0.01618,0.003,1.47,25.89,0.3425,0.0036,-0.106,0.0,0.0,0,0.0,0.0
3,4,0.08,spawn,0.01721,0.01359,-0.01056,0.01616,0.003,1.48,25.89,0.3425,0.0036,-0.106,0.0,0.0,0,0.0,0.0
4,4,0.08,spawn,0.01723,0.01361,-0.01056,0.01618,0.003,1.47,25.89,0.3425,0.0036,-0.106,0.0,0.0,0,0.0,0.0
5,4,0.08,spawn,0.01723,0.01361,-0.01056,0.01618,0.003,1.47,25.89,0.3425,0.0036,-0.106,0.0,0.0,0,0.0,0.0
6,4,0.08,spawn,0.01721,0.01359,-0.01056,0.01616,0.003,1.48,25.89,0.3425,0.0036,-0.106,0.0,0.0,0,0.0,0.0
7,4,0.08,spawn,0.01721,0.01359,-0.01056,0.01616,0.003,1.48,25.89,0.3425,0.0036,-0.106,0.0,0.0,0,0.0,0.0
0,5,0.1,spawn,0.01556,0.00686,-0.01397,0.01523,0.0036,3.1,31.18,0.3391,0.0044,-0.073,0.0,0.0,0,0.0,0.0
1,5,0.1,spawn,0.01557,0.00686,-0.01398,0.01524,0.0036,3.1,31.18,0.3391,0.0044,-0.073,0.0,0.0,0,0.0,0.0
2,5,0.1,spawn,0.01555,0.00684,-0.01396,0.01522,0.0036,3.1,31.18,0.3391,0.0044,-0.072,0.0,0.0,0,0.0,0.0
3,5,0.1,spawn,0.01557,0.00686,-0.01397,0.01524,0.0036,3.1,31.18,0.3391,0.0044,-0.073,0.0,0.0,0,0.0,0.0
4,5,0.1,spawn,0.01555,0.00684,-0.01396,0.01522,0.0036,3.1,31.18,0.3391,0.0044,-0.072,0.0,0.0,0,0.0,0.0
5,5,0.1,spawn,0.01555,0.00684,-0.01396,0.01522,0.0036,3.1,31.18,0.3391,0.0044,-0.072,0.0,0.0,0,0.0,0.0
6,5,0.1,spawn,0.01557,0.00685,-0.01398,0.01523,0.0036,3.1,31.18,0.3391,0.0044,-0.073,0.0,0.0,0,0.0,0.0
7,5,0.1,spawn,0.01556,0.00685,-0.01397,0.01523,0.0036,3.1,31.18,0.3391,0.0044,-0.073,0.0,0.0,0,0.0,0.0
0,6,0.12,spawn,0.01267,0.00342,-0.0122,0.01374,0.0042,4.49,36.32,0.3357,0.0053,-0.024,0.0,0.0,0,0.0,0.0
1,6,0.12,spawn,0.01268,0.00342,-0.01221,0.01375,0.0042,4.49,36.32,0.3357,0.0053,-0.025,0.0,0.0,0,0.0,0.0
2,6,0.12,spawn,0.01267,0.00343,-0.0122,0.01374,0.0042,4.49,36.32,0.3357,0.0053,-0.024,0.0,0.0,0,0.0,0.0
3,6,0.12,spawn,0.01267,0.00341,-0.01221,0.01374,0.0042,4.49,36.32,0.3357,0.0053,-0.025,0.0,0.0,0,0.0,0.0
4,6,0.12,spawn,0.01267,0.00342,-0.0122,0.01374,0.0042,4.49,36.32,0.3357,0.0053,-0.024,0.0,0.0,0,0.0,0.0
5,6,0.12,spawn,0.01267,0.00342,-0.0122,0.01374,0.0042,4.49,36.32,0.3357,0.0053,-0.024,0.0,0.0,0,0.0,0.0
6,6,0.12,spawn,0.01268,0.00341,-0.01221,0.01374,0.0042,4.49,36.32,0.3357,0.0053,-0.024,0.0,0.0,0,0.0,0.0
7,6,0.12,spawn,0.01268,0.00341,-0.01221,0.01374,0.0042,4.49,36.32,0.3357,0.0053,-0.024,0.0,0.0,0,0.0,0.0
0,7,0.14,spawn,0.01575,0.01281,-0.00918,0.01803,0.0048,5.4,41.31,0.3325,0.0063,0.03,0.0,0.0,0,0.0,0.0
1,7,0.14,spawn,0.01576,0.01281,-0.00918,0.01804,0.0048,5.4,41.31,0.3325,0.0063,0.03,0.0,0.0,0,0.0,0.0
2,7,0.14,spawn,0.01576,0.01282,-0.00918,0.01805,0.0048,5.39,41.31,0.3325,0.0063,0.03,0.0,0.0,0,0.0,0.0
3,7,0.14,spawn,0.01575,0.01281,-0.00918,0.01803,0.0048,5.4,41.31,0.3325,0.0063,0.03,0.0,0.0,0,0.0,0.0
4,7,0.14,spawn,0.01576,0.01281,-0.00917,0.01804,0.0048,5.4,41.31,0.3325,0.0063,0.03,0.0,0.0,0,0.0,0.0
5,7,0.14,spawn,0.01576,0.01281,-0.00917,0.01804,0.0048,5.4,41.31,0.3325,0.0063,0.03,0.0,0.0,0,0.0,0.0
6,7,0.14,spawn,0.01576,0.01281,-0.00918,0.01803,0.0048,5.4,41.31,0.3325,0.0063,0.03,0.0,0.0,0,0.0,0.0
7,7,0.14,spawn,0.01576,0.01281,-0.00918,0.01804,0.0048,5.4,41.31,0.3325,0.0063,0.03,0.0,0.0,0,0.0,0.0
0,8,0.16,spawn,0.01464,0.01293,-0.00685,0.01599,0.0054,7.11,46.05,0.3295,0.0072,0.014,0.0,0.0,0,0.0,0.0
1,8,0.16,spawn,0.01464,0.01293,-0.00685,0.01599,0.0054,7.1,46.05,0.3295,0.0072,0.013,0.0,0.0,0,0.0,0.0
2,8,0.16,spawn,0.01464,0.01294,-0.00686,0.016,0.0054,7.1,46.05,0.3295,0.0072,0.014,0.0,0.0,0,0.0,0.0
3,8,0.16,spawn,0.01464,0.01294,-0.00685,0.01599,0.0054,7.1,46.05,0.3295,0.0072,0.013,0.0,0.0,0,0.0,0.0
4,8,0.16,spawn,0.01464,0.01294,-0.00686,0.016,0.0054,7.11,46.05,0.3295,0.0072,0.014,0.0,0.0,0,0.0,0.0
5,8,0.16,spawn,0.01465,0.01294,-0.00686,0.016,0.0054,7.11,46.05,0.3295,0.0072,0.014,0.0,0.0,0,0.0,0.0
6,8,0.16,spawn,0.01464,0.01293,-0.00685,0.01599,0.0054,7.1,46.05,0.3295,0.0072,0.014,0.0,0.0,0,0.0,0.0
7,8,0.16,spawn,0.01464,0.01294,-0.00685,0.01599,0.0054,7.1,46.05,0.3295,0.0072,0.014,0.0,0.0,0,0.0,0.0
0,9,0.18,spawn,0.01349,0.01177,-0.0066,0.01358,0.006,8.62,50.79,0.3268,0.0081,-0.018,0.0,0.0,0,0.0,0.0
1,9,0.18,spawn,0.01348,0.01176,-0.00659,0.01357,0.006,8.62,50.79,0.3268,0.0081,-0.018,0.0,0.0,0,0.0,0.0
2,9,0.18,spawn,0.01351,0.01177,-0.00663,0.0136,0.006,8.62,50.79,0.3267,0.0081,-0.018,0.0,0.0,0,0.0,0.0
3,9,0.18,spawn,0.01349,0.01178,-0.00659,0.01359,0.006,8.62,50.79,0.3268,0.0081,-0.018,0.0,0.0,0,0.0,0.0
4,9,0.18,spawn,0.0135,0.01177,-0.00661,0.01359,0.006,8.62,50.79,0.3268,0.0081,-0.018,0.0,0.0,0,0.0,0.0
5,9,0.18,spawn,0.0135,0.01177,-0.00661,0.01359,0.006,8.62,50.79,0.3268,0.0081,-0.018,0.0,0.0,0,0.0,0.0
6,9,0.18,spawn,0.01349,0.01177,-0.00659,0.01358,0.006,8.62,50.79,0.3268,0.0081,-0.018,0.0,0.0,0,0.0,0.0
7,9,0.18,spawn,0.0135,0.01177,-0.0066,0.01359,0.006,8.62,50.79,0.3268,0.0081,-0.018,0.0,0.0,0,0.0,0.0
0,10,0.2,spawn,0.0119,0.01045,-0.00569,0.01179,0.0066,8.99,55.45,0.3244,0.009,-0.036,0.0,0.0,0,0.0,0.0
1,10,0.2,spawn,0.01189,0.01044,-0.00569,0.01178,0.0066,8.99,55.45,0.3244,0.009,-0.036,0.0,0.0,0,0.0,0.0
2,10,0.2,spawn,0.0119,0.01044,-0.00572,0.01179,0.0066,8.98,55.45,0.3244,0.009,-0.036,0.0,0.0,0,0.0,0.0
3,10,0.2,spawn,0.0119,0.01045,-0.00569,0.01178,0.0066,8.99,55.45,0.3244,0.009,-0.036,0.0,0.0,0,0.0,0.0
4,10,0.2,spawn,0.01191,0.01046,-0.0057,0.0118,0.0066,8.99,55.45,0.3244,0.009,-0.036,0.0,0.0,0,0.0,0.0
5,10,0.2,spawn,0.01191,0.01045,-0.00571,0.0118,0.0066,8.99,55.45,0.3244,0.009,-0.036,0.0,0.0,0,0.0,0.0
6,10,0.2,spawn,0.01189,0.01044,-0.00569,0.01178,0.0066,8.99,55.45,0.3245,0.009,-0.036,0.0,0.0,0,0.0,0.0
7,10,0.2,spawn,0.0119,0.01045,-0.00569,0.01178,0.0066,8.99,55.45,0.3245,0.009,-0.036,0.0,0.0,0,0.0,0.0
0,11,0.22,spawn,0.0119,0.01171,-0.00211,0.01188,0.0072,9.54,59.96,0.3225,0.0101,-0.052,0.0,0.0,0,0.0,0.0
1,11,0.22,spawn,0.01191,0.01172,-0.00212,0.01189,0.0072,9.54,59.96,0.3224,0.0101,-0.052,0.0,0.0,0,0.0,0.0
2,11,0.22,spawn,0.01188,0.01168,-0.00214,0.01186,0.0072,9.54,59.96,0.3224,0.0101,-0.052,0.0,0.0,0,0.0,0.0
3,11,0.22,spawn,0.0119,0.01171,-0.00211,0.01188,0.0072,9.54,59.96,0.3225,0.0101,-0.052,0.0,0.0,0,0.0,0.0
4,11,0.22,spawn,0.0119,0.01171,-0.00212,0.01187,0.0072,9.54,59.96,0.3225,0.0101,-0.052,0.0,0.0,0,0.0,0.0
5,11,0.22,spawn,0.01189,0.0117,-0.00212,0.01187,0.0072,9.54,59.96,0.3225,0.0101,-0.052,0.0,0.0,0,0.0,0.0
6,11,0.22,spawn,0.0119,0.01171,-0.00211,0.01188,0.0072,9.54,59.96,0.3225,0.0101,-0.052,0.0,0.0,0,0.0,0.0
7,11,0.22,spawn,0.0119,0.01171,-0.00212,0.01188,0.0072,9.54,59.96,0.3225,0.0101,-0.052,0.0,0.0,0,0.0,0.0
0,12,0.24,spawn,0.01232,0.01224,0.00143,0.01232,0.0078,10.13,64.42,0.3207,0.0112,-0.103,0.0,0.0,0,0.0,0.0
1,12,0.24,spawn,0.01228,0.01219,0.00143,0.01228,0.0078,10.12,64.42,0.3207,0.0112,-0.103,0.0,0.0,0,0.0,0.0
2,12,0.24,spawn,0.01234,0.01226,0.0014,0.01234,0.0078,10.13,64.42,0.3207,0.0112,-0.103,0.0,0.0,0,0.0,0.0
3,12,0.24,spawn,0.01231,0.01222,0.00144,0.01231,0.0078,10.13,64.42,0.3207,0.0112,-0.103,0.0,0.0,0,0.0,0.0
4,12,0.24,spawn,0.01235,0.01227,0.00142,0.01235,0.0078,10.13,64.42,0.3207,0.0112,-0.103,0.0,0.0,0,0.0,0.0
5,12,0.24,spawn,0.01235,0.01227,0.00142,0.01235,0.0078,10.13,64.42,0.3207,0.0112,-0.103,0.0,0.0,0,0.0,0.0
6,12,0.24,spawn,0.01229,0.0122,0.00144,0.01229,0.0078,10.12,64.42,0.3208,0.0112,-0.103,0.0,0.0,0,0.0,0.0
7,12,0.24,spawn,0.0123,0.01221,0.00143,0.0123,0.0078,10.12,64.42,0.3208,0.0112,-0.103,0.0,0.0,0,0.0,0.0
0,13,0.26,spawn,0.0121,0.01139,0.00406,0.0121,0.0084,10.3,68.79,0.3194,0.0122,-0.156,0.0,0.0,0,0.0,0.0
1,13,0.26,spawn,0.01209,0.0114,0.00404,0.01209,0.0084,10.3,68.79,0.3194,0.0122,-0.156,0.0,0.0,0,0.0,0.0
2,13,0.26,spawn,0.01207,0.01137,0.00405,0.01207,0.0084,10.29,68.8,0.3194,0.0122,-0.156,0.0,0.0,0,0.0,0.0
3,13,0.26,spawn,0.01209,0.01139,0.00406,0.01209,0.0084,10.3,68.79,0.3194,0.0122,-0.156,0.0,0.0,0,0.0,0.0
4,13,0.26,spawn,0.01209,0.01139,0.00406,0.01209,0.0084,10.29,68.79,0.3194,0.0122,-0.156,0.0,0.0,0,0.0,0.0
5,13,0.26,spawn,0.01209,0.01139,0.00406,0.01209,0.0084,10.29,68.79,0.3194,0.0122,-0.155,0.0,0.0,0,0.0,0.0
6,13,0.26,spawn,0.01209,0.01139,0.00406,0.01209,0.0084,10.3,68.79,0.3194,0.0122,-0.156,0.0,0.0,0,0.0,0.0
7,13,0.26,spawn,0.01209,0.01139,0.00405,0.01209,0.0084,10.3,68.79,0.3194,0.0122,-0.156,0.0,0.0,0,0.0,0.0
0,14,0.28,spawn,0.01096,0.00951,0.00545,0.01096,0.009,10.03,73.06,0.3183,0.0132,-0.201,0.0,0.0,0,0.0,0.0
1,14,0.28,spawn,0.01095,0.00952,0.00541,0.01095,0.009,10.03,73.06,0.3183,0.0132,-0.201,0.0,0.0,0,0.0,0.0
2,14,0.28,spawn,0.01094,0.00949,0.00545,0.01094,0.009,10.03,73.07,0.3183,0.0132,-0.202,0.0,0.0,0,0.0,0.0
3,14,0.28,spawn,0.01097,0.00952,0.00545,0.01097,0.009,10.03,73.06,0.3183,0.0132,-0.201,0.0,0.0,0,0.0,0.0
4,14,0.28,spawn,0.01096,0.0095,0.00546,0.01095,0.009,10.03,73.06,0.3183,0.0132,-0.201,0.0,0.0,0,0.0,0.0
5,14,0.28,spawn,0.01096,0.00951,0.00546,0.01096,0.009,10.03,73.06,0.3183,0.0132,-0.201,0.0,0.0,0,0.0,0.0
6,14,0.28,spawn,0.01097,0.00953,0.00544,0.01097,0.009,10.03,73.06,0.3183,0.0132,-0.201,0.0,0.0,0,0.0,0.0
7,14,0.28,spawn,0.01096,0.00952,0.00543,0.01096,0.009,10.03,73.06,0.3183,0.0132,-0.201,0.0,0.0,0,0.0,0.0
0,15,0.3,spawn,0.00898,0.00656,0.00613,0.00898,0.0096,9.44,77.13,0.3174,0.014,-0.248,0.0,0.0,0,0.0,0.0
1,15,0.3,spawn,0.00895,0.00655,0.00611,0.00895,0.0096,9.43,77.14,0.3174,0.014,-0.248,0.0,0.0,0,0.0,0.0
2,15,0.3,spawn,0.00899,0.00657,0.00613,0.00899,0.0096,9.44,77.13,0.3174,0.014,-0.248,0.0,0.0,0,0.0,0.0
3,15,0.3,spawn,0.00898,0.00656,0.00613,0.00898,0.0096,9.44,77.13,0.3174,0.014,-0.248,0.0,0.0,0,0.0,0.0
4,15,0.3,spawn,0.00899,0.00657,0.00614,0.00899,0.0096,9.44,77.13,0.3174,0.014,-0.248,0.0,0.0,0,0.0,0.0
5,15,0.3,spawn,0.009,0.00658,0.00614,0.009,0.0096,9.44,77.13,0.3174,0.014,-0.248,0.0,0.0,0,0.0,0.0
6,15,0.3,spawn,0.00898,0.00656,0.00613,0.00898,0.0096,9.43,77.13,0.3174,0.014,-0.248,0.0,0.0,0,0.0,0.0
7,15,0.3,spawn,0.00897,0.00656,0.00612,0.00897,0.0096,9.43,77.13,0.3174,0.014,-0.248,0.0,0.0,0,0.0,0.0
0,16,0.32,spawn,0.00932,0.00483,0.00798,0.00932,0.0102,8.94,80.31,0.3168,0.0149,-0.294,0.0,0.0,0,0.0,0.0
1,16,0.32,spawn,0.0093,0.00481,0.00796,0.0093,0.0102,8.94,80.31,0.3167,0.0149,-0.294,0.0,0.0,0,0.0,0.0
2,16,0.32,spawn,0.00932,0.00483,0.00797,0.00932,0.0102,8.95,80.31,0.3167,0.0149,-0.294,0.0,0.0,0,0.0,0.0
3,16,0.32,spawn,0.00933,0.00483,0.00798,0.00933,0.0102,8.94,80.31,0.3168,0.0149,-0.294,0.0,0.0,0,0.0,0.0
4,16,0.32,spawn,0.00933,0.00483,0.00798,0.00933,0.0102,8.94,80.31,0.3168,0.0149,-0.294,0.0,0.0,0,0.0,0.0
5,16,0.32,spawn,0.00933,0.00484,0.00798,0.00933,0.0102,8.95,80.31,0.3168,0.0149,-0.294,0.0,0.0,0,0.0,0.0
6,16,0.32,spawn,0.00932,0.00483,0.00798,0.00932,0.0102,8.94,80.31,0.3168,0.0149,-0.294,0.0,0.0,0,0.0,0.0
7,16,0.32,spawn,0.00932,0.00483,0.00797,0.00932,0.0102,8.94,80.31,0.3168,0.0149,-0.294,0.0,0.0,0,0.0,0.0
0,17,0.34,spawn,0.01057,0.003,0.01014,0.01057,0.0108,8.23,81.7,0.3164,0.0157,-0.315,0.0,0.0,0,0.0,0.0
1,17,0.34,spawn,0.01055,0.00301,0.01011,0.01055,0.0108,8.23,81.7,0.3164,0.0157,-0.315,0.0,0.0,0,0.0,0.0
2,17,0.34,spawn,0.01056,0.00299,0.01013,0.01056,0.0108,8.23,81.7,0.3164,0.0157,-0.314,0.0,0.0,0,0.0,0.0
3,17,0.34,spawn,0.01057,0.00301,0.01013,0.01057,0.0108,8.23,81.7,0.3164,0.0157,-0.315,0.0,0.0,0,0.0,0.0
4,17,0.34,spawn,0.01057,0.00301,0.01013,0.01057,0.0108,8.23,81.7,0.3164,0.0157,-0.314,0.0,0.0,0,0.0,0.0
5,17,0.34,spawn,0.01057,0.003,0.01014,0.01057,0.0108,8.23,81.7,0.3164,0.0157,-0.314,0.0,0.0,0,0.0,0.0
6,17,0.34,spawn,0.01057,0.00301,0.01013,0.01057,0.0108,8.23,81.7,0.3164,0.0157,-0.315,0.0,0.0,0,0.0,0.0
7,17,0.34,spawn,0.01056,0.00301,0.01013,0.01056,0.0108,8.23,81.7,0.3164,0.0157,-0.315,0.0,0.0,0,0.0,0.0
0,18,0.36,spawn,0.01255,0.00264,0.01227,0.01255,0.0114,7.59,80.37,0.3162,0.0166,-0.328,0.0,0.0,0,0.0,0.0
1,18,0.36,spawn,0.01252,0.0026,0.01225,0.01252,0.0114,7.59,80.37,0.3161,0.0165,-0.328,0.0,0.0,0,0.0,0.0
2,18,0.36,spawn,0.01256,0.00269,0.01227,0.01256,0.0114,7.59,80.36,0.3162,0.0166,-0.329,0.0,0.0,0,0.0,0.0
3,18,0.36,spawn,0.01254,0.00262,0.01227,0.01254,0.0114,7.59,80.37,0.3162,0.0166,-0.328,0.0,0.0,0,0.0,0.0
4,18,0.36,spawn,0.01255,0.00264,0.01227,0.01255,0.0114,7.59,80.37,0.3162,0.0166,-0.328,0.0,0.0,0,0.0,0.0
5,18,0.36,spawn,0.01256,0.00266,0.01227,0.01256,0.0114,7.59,80.37,0.3162,0.0166,-0.328,0.0,0.0,0,0.0,0.0
6,18,0.36,spawn,0.01254,0.00262,0.01227,0.01254,0.0114,7.59,80.37,0.3162,0.0166,-0.328,0.0,0.0,0,0.0,0.0
7,18,0.36,spawn,0.01254,0.00261,0.01226,0.01254,0.0114,7.59,80.37,0.3162,0.0166,-0.328,0.0,0.0,0,0.0,0.0
0,19,0.38,spawn,0.01478,0.0043,0.01414,0.01478,0.012,7.07,77.06,0.316,0.0174,-0.347,0.0,0.0,0,0.0,0.0
1,19,0.38,spawn,0.01478,0.00434,0.01412,0.01478,0.012,7.07,77.06,0.316,0.0174,-0.347,0.0,0.0,0,0.0,0.0
2,19,0.38,spawn,0.01476,0.00423,0.01414,0.01476,0.012,7.07,77.07,0.316,0.0174,-0.346,0.0,0.0,0,0.0,0.0
3,19,0.38,spawn,0.01479,0.00435,0.01414,0.01479,0.012,7.07,77.06,0.316,0.0174,-0.347,0.0,0.0,0,0.0,0.0
4,19,0.38,spawn,0.01478,0.00431,0.01414,0.01478,0.012,7.07,77.06,0.316,0.0174,-0.346,0.0,0.0,0,0.0,0.0
5,19,0.38,spawn,0.01478,0.00429,0.01415,0.01478,0.012,7.07,77.06,0.316,0.0174,-0.346,0.0,0.0,0,0.0,0.0
6,19,0.38,spawn,0.01479,0.00433,0.01414,0.01479,0.012,7.07,77.06,0.316,0.0174,-0.347,0.0,0.0,0,0.0,0.0
7,19,0.38,spawn,0.01478,0.00432,0.01414,0.01478,0.012,7.07,77.06,0.316,0.0174,-0.347,0.0,0.0,0,0.0,0.0
0,20,0.4,spawn,0.01647,0.00372,0.01604,0.01647,0.0126,6.39,73.18,0.3159,0.0182,-0.332,0.0,0.0,0,0.0,0.0
1,20,0.4,spawn,0.01645,0.00375,0.01602,0.01645,0.0126,6.39,73.18,0.3159,0.0182,-0.332,0.0,0.0,0,0.0,0.0
2,20,0.4,spawn,0.01646,0.00368,0.01604,0.01646,0.0126,6.38,73.19,0.3159,0.0182,-0.331,0.0,0.0,0,0.0,0.0
3,20,0.4,spawn,0.01647,0.00376,0.01603,0.01647,0.0126,6.39,73.18,0.3159,0.0182,-0.332,0.0,0.0,0,0.0,0.0
4,20,0.4,spawn,0.01646,0.00373,0.01603,0.01646,0.0126,6.39,73.18,0.3159,0.0182,-0.331,0.0,0.0,0,0.0,0.0
5,20,0.4,spawn,0.01647,0.00372,0.01604,0.01647,0.0126,6.39,73.18,0.3159,0.0182,-0.331,0.0,0.0,0,0.0,0.0
6,20,0.4,spawn,0.01647,0.00375,0.01604,0.01647,0.0126,6.38,73.18,0.3159,0.0182,-0.332,0.0,0.0,0,0.0,0.0
7,20,0.4,spawn,0.01647,0.00374,0.01604,0.01647,0.0126,6.38,73.18,0.3159,0.0182,-0.332,0.0,0.0,0,0.0,0.0
0,21,0.42,spawn,0.01965,0.00754,0.01814,0.01965,0.0132,5.43,68.89,0.3158,0.019,-0.341,0.0,0.0,0,0.0,0.0
1,21,0.42,spawn,0.01957,0.00741,0.01812,0.01957,0.0132,5.43,68.89,0.3158,0.0189,-0.34,0.0,0.0,0,0.0,0.0
2,21,0.42,spawn,0.01975,0.00775,0.01817,0.01975,0.0132,5.42,68.89,0.3158,0.019,-0.343,0.0,0.0,0,0.0,0.0
3,21,0.42,spawn,0.0196,0.00744,0.01813,0.0196,0.0132,5.43,68.89,0.3158,0.019,-0.341,0.0,0.0,0,0.0,0.0
4,21,0.42,spawn,0.01965,0.00756,0.01814,0.01965,0.0132,5.43,68.89,0.3158,0.019,-0.341,0.0,0.0,0,0.0,0.0
5,21,0.42,spawn,0.01968,0.00762,0.01815,0.01968,0.0132,5.43,68.89,0.3158,0.019,-0.341,0.0,0.0,0,0.0,0.0
6,21,0.42,spawn,0.01961,0.00745,0.01814,0.01961,0.0132,5.43,68.89,0.3158,0.019,-0.341,0.0,0.0,0,0.0,0.0
7,21,0.42,spawn,0.0196,0.00743,0.01814,0.0196,0.0132,5.43,68.89,0.3158,0.019,-0.34,0.0,0.0,0,0.0,0.0
0,22,0.44,spawn,0.02212,0.00818,0.02056,0.02213,0.0138,4.81,66.2,0.3157,0.0197,-0.304,0.0,0.0,0,0.0,0.0
1,22,0.44,spawn,0.02202,0.008,0.02052,0.02203,0.0138,4.82,66.21,0.3157,0.0197,-0.302,0.0,0.0,0,0.0,0.0
2,22,0.44,spawn,0.02232,0.00855,0.02062,0.02233,0.0138,4.78,66.2,0.3157,0.0197,-0.306,0.0,0.0,0,0.0,0.0
3,22,0.44,spawn,0.02205,0.00803,0.02054,0.02206,0.0138,4.82,66.21,0.3157,0.0197,-0.303,0.0,0.0,0,0.0,0.0
4,22,0.44,spawn,0.02213,0.00822,0.02055,0.02213,0.0138,4.81,66.2,0.3157,0.0197,-0.304,0.0,0.0,0,0.0,0.0
5,22,0.44,spawn,0.02219,0.00831,0.02057,0.02219,0.0138,4.81,66.2,0.3157,0.0197,-0.304,0.0,0.0,0,0.0,0.0
6,22,0.44,spawn,0.02207,0.00806,0.02055,0.02207,0.0138,4.81,66.22,0.3157,0.0197,-0.303,0.0,0.0,0,0.0,0.0
7,22,0.44,spawn,0.02206,0.00804,0.02055,0.02207,0.0138,4.81,66.22,0.3157,0.0197,-0.302,0.0,0.0,0,0.0,0.0
0,23,0.46,spawn,0.02274,0.00735,0.02152,0.02292,0.0144,5.18,71.1,0.3156,0.0205,-0.237,0.0,0.0,0,0.0,0.0
1,23,0.46,spawn,0.0228,0.0075,0.02153,0.02297,0.0144,5.18,71.1,0.3156,0.0204,-0.238,0.0,0.0,0,0.0,0.0
2,23,0.46,spawn,0.02275,0.0073,0.02155,0.02294,0.0144,5.16,71.13,0.3156,0.0205,-0.238,0.0,0.0,0,0.0,0.0
3,23,0.46,spawn,0.02279,0.00748,0.02153,0.02296,0.0144,5.18,71.11,0.3156,0.0204,-0.238,0.0,0.0,0,0.0,0.0
4,23,0.46,spawn,0.02272,0.00734,0.0215,0.02289,0.0144,5.18,71.1,0.3156,0.0204,-0.237,0.0,0.0,0,0.0,0.0
5,23,0.46,spawn,0.02272,0.00732,0.02151,0.0229,0.0144,5.17,71.11,0.3156,0.0204,-0.237,0.0,0.0,0,0.0,0.0
6,23,0.46,spawn,0.02279,0.00745,0.02154,0.02297,0.0144,5.18,71.11,0.3156,0.0205,-0.238,0.0,0.0,0,0.0,0.0
7,23,0.46,spawn,0.0228,0.00744,0.02155,0.02298,0.0144,5.18,71.12,0.3156,0.0205,-0.237,0.0,0.0,0,0.0,0.0
0,24,0.48,spawn,0.02371,0.01136,0.02081,0.02418,0.015,4.97,76.14,0.3156,0.0212,-0.228,0.0,0.0,0,0.0,0.0
1,24,0.48,spawn,0.02374,0.01152,0.02076,0.02422,0.015,4.92,76.17,0.3156,0.0211,-0.228,0.0,0.0,0,0.0,0.0
2,24,0.48,spawn,0.02371,0.0111,0.02095,0.02416,0.015,5.04,76.14,0.3156,0.0212,-0.227,0.0,0.0,0,0.0,0.0
3,24,0.48,spawn,0.02374,0.01149,0.02077,0.02422,0.015,4.94,76.17,0.3156,0.0211,-0.228,0.0,0.0,0,0.0,0.0
4,24,0.48,spawn,0.02369,0.01136,0.02079,0.02416,0.015,4.98,76.13,0.3156,0.0211,-0.227,0.0,0.0,0,0.0,0.0
5,24,0.48,spawn,0.02369,0.01127,0.02084,0.02415,0.015,5.0,76.12,0.3156,0.0212,-0.227,0.0,0.0,0,0.0,0.0
6,24,0.48,spawn,0.02375,0.01148,0.02079,0.02423,0.015,4.94,76.18,0.3156,0.0211,-0.228,0.0,0.0,0,0.0,0.0
7,24,0.48,spawn,0.02375,0.01146,0.0208,0.02423,0.015,4.93,76.18,0.3156,0.0212,-0.227,0.0,0.0,0,0.0,0.0
0,25,0.5,spawn,0.02484,0.01069,0.02243,0.02521,0.0156,5.03,78.58,0.3155,0.022,-0.184,0.0,0.0,0,0.0,0.0
1,25,0.5,spawn,0.0247,0.01066,0.02228,0.0251,0.0156,4.99,79.02,0.3155,0.0219,-0.181,0.0,0.0,0,0.0,0.0
2,25,0.5,spawn,0.02507,0.01068,0.02268,0.02537,0.0156,5.06,77.33,0.3155,0.022,-0.186,0.0,0.0,0,0.0,0.0
3,25,0.5,spawn,0.02471,0.01065,0.0223,0.02511,0.0156,4.99,78.9,0.3155,0.0219,-0.182,0.0,0.0,0,0.0,0.0
4,25,0.5,spawn,0.02496,0.01083,0.02249,0.02529,0.0156,5.08,78.43,0.3155,0.0219,-0.185,0.0,0.0,0,0.0,0.0
5,25,0.5,spawn,0.02501,0.01083,0.02255,0.02533,0.0156,5.11,78.31,0.3155,0.022,-0.186,0.0,0.0,0,0.0,0.0
6,25,0.5,spawn,0.02473,0.01065,0.02232,0.02512,0.0156,4.99,78.88,0.3155,0.0219,-0.182,0.0,0.0,0,0.0,0.0
7,25,0.5,spawn,0.02473,0.01063,0.02233,0.02512,0.0156,4.99,78.94,0.3155,0.0219,-0.181,0.0,0.0,0,0.0,0.0
0,26,0.52,spawn,0.02529,0.01037,0.02307,0.02567,0.0162,4.75,80.33,0.3155,0.0227,-0.152,0.0,0.0,0,0.0,0.0
1,26,0.52,spawn,0.02493,0.01006,0.02281,0.02538,0.0162,4.64,80.81,0.3155,0.0227,-0.146,0.0,0.0,0,0.0,0.0
2,26,0.52,spawn,0.02486,0.00987,0.02282,0.02527,0.0162,4.67,80.03,0.3155,0.0227,-0.148,0.0,0.0,0,0.0,0.0
3,26,0.52,spawn,0.02496,0.0101,0.02283,0.02542,0.0162,4.65,80.71,0.3155,0.0227,-0.148,0.0,0.0,0,0.0,0.0
4,26,0.52,spawn,0.02545,0.01058,0.02315,0.02579,0.0162,4.8,80.18,0.3155,0.0227,-0.154,0.0,0.0,0,0.0,0.0
5,26,0.52,spawn,0.02566,0.01085,0.02325,0.02596,0.0162,4.85,80.04,0.3155,0.0227,-0.157,0.0,0.0,0,0.0,0.0
6,26,0.52,spawn,0.02508,0.01024,0.0229,0.02551,0.0162,4.67,80.65,0.3155,0.0227,-0.148,0.0,0.0,0,0.0,0.0
7,26,0.52,spawn,0.02503,0.01016,0.02287,0.02547,0.0162,4.66,80.73,0.3155,0.0227,-0.147,0.0,0.0,0,0.0,0.0
0,27,0.54,spawn,0.02431,0.01115,0.02161,0.02498,0.0168,4.05,81.54,0.3156,0.0233,-0.138,0.0,0.0,0,0.0,0.0
1,27,0.54,spawn,0.02392,0.01093,0.02128,0.02469,0.0168,3.95,81.95,0.3156,0.0233,-0.131,0.0,0.0,0,0.0,0.0
2,27,0.54,spawn,0.02396,0.01087,0.02135,0.02469,0.0168,3.86,80.45,0.3155,0.0233,-0.137,0.0,0.0,0,0.0,0.0
3,27,0.54,spawn,0.02394,0.01078,0.02138,0.02468,0.0168,3.99,81.85,0.3156,0.0233,-0.131,0.0,0.0,0,0.0,0.0
4,27,0.54,spawn,0.02442,0.01121,0.02169,0.02506,0.0168,4.08,81.42,0.3156,0.0233,-0.139,0.0,0.0,0,0.0,0.0
5,27,0.54,spawn,0.02451,0.01119,0.0218,0.02513,0.0168,4.11,81.29,0.3156,0.0234,-0.14,0.0,0.0,0,0.0,0.0
6,27,0.54,spawn,0.02407,0.011,0.02141,0.02478,0.0168,3.99,81.8,0.3156,0.0233,-0.133,0.0,0.0,0,0.0,0.0
7,27,0.54,spawn,0.024,0.0109,0.02139,0.02474,0.0168,3.98,81.86,0.3156,0.0233,-0.131,0.0,0.0,0,0.0,0.0
0,28,0.56,spawn,0.02262,0.00919,0.02067,0.02335,0.0174,3.56,81.93,0.3156,0.0239,-0.088,0.0,0.0,0,0.0,0.0
1,28,0.56,spawn,0.02235,0.00912,0.0204,0.02312,0.0174,3.5,82.25,0.3156,0.0239,-0.082,0.0,0.0,0,0.0,0.0
2,28,0.56,spawn,0.02156,0.00786,0.02008,0.02218,0.0174,3.55,80.68,0.3155,0.0239,-0.077,0.0,0.0,0,0.0,0.0
3,28,0.56,spawn,0.02255,0.00946,0.02047,0.0233,0.0174,3.53,82.16,0.3156,0.0239,-0.087,0.0,0.0,0,0.0,0.0
4,28,0.56,spawn,0.02271,0.0092,0.02076,0.02343,0.0174,3.57,81.83,0.3156,0.0239,-0.089,0.0,0.0,0,0.0,0.0
5,28,0.56,spawn,0.02285,0.00927,0.02088,0.02356,0.0174,3.59,81.72,0.3156,0.0239,-0.091,0.0,0.0,0,0.0,0.0
6,28,0.56,spawn,0.02254,0.00935,0.02051,0.02328,0.0174,3.53,82.13,0.3156,0.0239,-0.086,0.0,0.0,0,0.0,0.0
7,28,0.56,spawn,0.02253,0.00935,0.0205,0.02329,0.0174,3.52,82.18,0.3156,0.0239,-0.084,0.0,0.0,0,0.0,0.0
0,29,0.58,spawn,0.02359,0.01307,0.01964,0.02513,0.018,2.47,82.23,0.3157,0.0245,-0.092,0.0,0.0,0,0.0,0.0
1,29,0.58,spawn,0.02346,0.01324,0.01937,0.02501,0.018,2.44,82.53,0.3157,0.0244,-0.088,0.0,0.0,0,0.0,0.0
2,29,0.58,spawn,0.02004,0.00821,0.01828,0.02115,0.018,2.82,81.37,0.3155,0.0243,-0.045,0.0,0.0,0,0.0,0.0
3,29,0.58,spawn,0.02361,0.01343,0.01942,0.02514,0.018,2.47,82.49,0.3157,0.0244,-0.092,0.0,0.0,0,0.0,0.0
4,29,0.58,spawn,0.02361,0.01297,0.01973,0.02512,0.018,2.49,82.15,0.3157,0.0244,-0.093,0.0,0.0,0,0.0,0.0
5,29,0.58,spawn,0.02372,0.01303,0.01982,0.02523,0.018,2.5,82.05,0.3157,0.0245,-0.095,0.0,0.0,0,0.0,0.0
6,29,0.58,spawn,0.02359,0.01332,0.01947,0.02512,0.018,2.45,82.44,0.3157,0.0244,-0.09,0.0,0.0,0,0.0,0.0
7,29,0.58,spawn,0.02358,0.01333,0.01945,0.02511,0.018,2.45,82.49,0.3157,0.0244,-0.089,0.0,0.0,0,0.0,0.0
0,30,0.6,spawn,0.02263,0.01076,0.01991,0.02493,0.0186,1.49,80.14,0.3158,0.025,-0.042,0.0,0.0,0,0.0,0.0
1,30,0.6,spawn,0.02252,0.01096,0.01968,0.02487,0.0186,1.43,80.19,0.3158,0.0249,-0.039,0.0,0.0,0,0.0,0.0
2,30,0.6,spawn,0.01759,0.004,0.01713,0.01913,0.0186,2.24,81.89,0.3156,0.0247,0.028,0.0,0.0,0,0.0,0.0
3,30,0.6,spawn,0.02261,0.011,0.01976,0.02493,0.0186,1.48,80.5,0.3158,0.0249,-0.042,0.0,0.0,0,0.0,0.0
4,30,0.6,spawn,0.02263,0.01063,0.01998,0.0249,0.0186,1.52,80.26,0.3158,0.0249,-0.043,0.0,0.0,0,0.0,0.0
5,30,0.6,spawn,0.02271,0.01066,0.02005,0.02495,0.0186,1.54,80.38,0.3158,0.025,-0.045,0.0,0.0,0,0.0,0.0
6,30,0.6,spawn,0.0226,0.01096,0.01977,0.02492,0.0186,1.47,80.29,0.3158,0.0249,-0.041,0.0,0.0,0,0.0,0.0
7,30,0.6,spawn,0.02259,0.01095,0.01975,0.02491,0.0186,1.47,80.34,0.3158,0.025,-0.04,0.0,0.0,0,0.0,0.0
0,31,0.62,spawn,0.0199,0.00678,0.01871,0.02257,0.0192,1.04,80.33,0.3159,0.0254,0.025,0.0,0.0,0,0.0,0.0
1,31,0.62,spawn,0.01991,0.00617,0.01893,0.02232,0.0192,1.15,80.06,0.3158,0.0253,0.027,0.0,0.0,0,0.0,0.0
2,31,0.62,spawn,0.01668,0.00474,0.01599,0.01858,0.0192,1.63,82.02,0.3155,0.025,0.057,0.0,0.0,0,0.0,0.0
3,31,0.62,spawn,0.01984,0.00689,0.01861,0.02256,0.0192,1.03,80.66,0.3158,0.0253,0.025,0.0,0.0,0,0.0,0.0
4,31,0.62,spawn,0.01997,0.00673,0.0188,0.02259,0.0192,1.06,80.46,0.3159,0.0254,0.023,0.0,0.0,0,0.0,0.0
5,31,0.62,spawn,0.02012,0.00684,0.01892,0.0227,0.0192,1.08,80.57,0.3159,0.0254,0.021,0.0,0.0,0,0.0,0.0
6,31,0.62,spawn,0.01986,0.00669,0.0187,0.02248,0.0192,1.05,80.28,0.3158,0.0253,0.026,0.0,0.0,0,0.0,0.0
7,31,0.62,spawn,0.01986,0.00664,0.01871,0.02248,0.0192,1.05,80.27,0.3158,0.0254,0.027,0.0,0.0,0,0.0,0.0
0,32,0.64,spawn,0.01966,0.011,0.01629,0.0235,0.0198,-0.08,80.15,0.3159,0.0257,0.024,0.0,0.0,0,0.0,0.0
1,32,0.64,spawn,0.0197,0.01107,0.0163,0.02345,0.0198,-0.05,79.97,0.3158,0.0256,0.019,0.0,0.0,0,0.0,0.0
2,32,0.64,spawn,0.01472,0.00476,0.01393,0.01796,0.0198,0.72,82.71,0.3155,0.0252,0.096,0.0,0.0,0,0.0,0.0
3,32,0.64,spawn,0.01957,0.01092,0.01624,0.02346,0.0198,-0.1,80.4,0.3159,0.0256,0.026,0.0,0.0,0,0.0,0.0
4,32,0.64,spawn,0.01978,0.01107,0.01639,0.02359,0.0198,-0.07,80.31,0.3159,0.0257,0.022,0.0,0.0,0,0.0,0.0
5,32,0.64,spawn,0.01995,0.01117,0.01653,0.02371,0.0198,-0.05,80.45,0.3159,0.0257,0.02,0.0,0.0,0,0.0,0.0
6,32,0.64,spawn,0.01954,0.0109,0.01622,0.02335,0.0198,-0.07,80.12,0.3159,0.0256,0.024,0.0,0.0,0,0.0,0.0
7,32,0.64,spawn,0.01949,0.01081,0.01622,0.0233,0.0198,-0.06,80.12,0.3158,0.0257,0.025,0.0,0.0,0,0.0,0.0
0,33,0.66,spawn,0.01828,0.00943,0.01566,0.02288,0.0204,-0.71,78.55,0.3159,0.026,0.075,0.0,0.0,0,0.0,0.0
1,33,0.66,spawn,0.0185,0.00998,0.01557,0.02318,0.0204,-0.79,79.12,0.3158,0.0259,0.065,0.0,0.0,0,0.0,0.0
2,33,0.66,spawn,0.01392,0.00358,0.01345,0.01763,0.0204,0.23,83.06,0.3153,0.0254,0.158,0.0,0.0,0,0.0,0.0
3,33,0.66,spawn,0.01813,0.00929,0.01557,0.02275,0.0204,-0.71,78.96,0.3158,0.0259,0.078,0.0,0.0,0,0.0,0.0
4,33,0.66,spawn,0.01844,0.00954,0.01577,0.02302,0.0204,-0.71,78.7,0.3159,0.026,0.073,0.0,0.0,0,0.0,0.0
5,33,0.66,spawn,0.01858,0.00959,0.01592,0.02312,0.0204,-0.69,78.86,0.3159,0.026,0.071,0.0,0.0,0,0.0,0.0
6,33,0.66,spawn,0.01815,0.00938,0.01554,0.02276,0.0204,-0.72,78.53,0.3158,0.0259,0.074,0.0,0.0,0,0.0,0.0
7,33,0.66,spawn,0.0181,0.00929,0.01553,0.02271,0.0204,-0.71,78.54,0.3158,0.026,0.075,0.0,0.0,0,0.0,0.0
0,34,0.68,spawn,0.01794,0.01013,0.0148,0.02347,0.021,-1.53,76.34,0.3158,0.0262,0.131,0.0,0.0,0,0.0,0.0
1,34,0.68,spawn,0.01793,0.01008,0.01483,0.02343,0.021,-1.47,77.42,0.3158,0.0262,0.126,0.0,0.0,0,0.0,0.0
2,34,0.68,spawn,0.01384,0.00579,0.01257,0.01844,0.021,-0.49,83.51,0.3152,0.0255,0.207,0.0,0.0,0,0.0,0.0
3,34,0.68,spawn,0.01808,0.01045,0.01476,0.0237,0.021,-1.58,76.86,0.3158,0.0262,0.131,0.0,0.0,0,0.0,0.0
4,34,0.68,spawn,0.01801,0.0101,0.01491,0.02352,0.021,-1.53,76.28,0.3159,0.0262,0.13,0.0,0.0,0,0.0,0.0
5,34,0.68,spawn,0.01807,0.01002,0.01505,0.02353,0.021,-1.5,76.45,0.3159,0.0263,0.128,0.0,0.0,0,0.0,0.0
6,34,0.68,spawn,0.01775,0.01003,0.01465,0.02328,0.021,-1.51,76.91,0.3158,0.0262,0.131,0.0,0.0,0,0.0,0.0
7,34,0.68,spawn,0.0177,0.00995,0.01463,0.02321,0.021,-1.5,76.79,0.3158,0.0262,0.132,0.0,0.0,0,0.0,0.0
0,35,0.7,spawn,0.0179,0.01249,0.01283,0.02452,0.0216,-2.46,74.42,0.3158,0.0264,0.183,0.0,0.0,0,0.0,0.0
1,35,0.7,spawn,0.01796,0.0125,0.0129,0.02454,0.0216,-2.41,75.27,0.3157,0.0263,0.174,0.0,0.0,0,0.0,0.0
2,35,0.7,spawn,0.01386,0.0088,0.01071,0.01956,0.0216,-1.27,84.2,0.3149,0.0256,0.256,0.0,0.0,0,0.0,0.0
3,35,0.7,spawn,0.01819,0.01285,0.01288,0.02489,0.0216,-2.51,74.95,0.3158,0.0264,0.185,0.0,0.0,0,0.0,0.0
4,35,0.7,spawn,0.01788,0.01238,0.0129,0.02447,0.0216,-2.45,74.39,0.3158,0.0264,0.183,0.0,0.0,0,0.0,0.0
5,35,0.7,spawn,0.01789,0.01227,0.01302,0.02445,0.0216,-2.43,74.53,0.3158,0.0265,0.179,0.0,0.0,0,0.0,0.0
6,35,0.7,spawn,0.01787,0.01252,0.01275,0.0245,0.0216,-2.47,74.9,0.3157,0.0264,0.179,0.0,0.0,0,0.0,0.0
7,35,0.7,spawn,0.01773,0.01241,0.01266,0.02434,0.0216,-2.45,74.81,0.3157,0.0264,0.181,0.0,0.0,0,0.0,0.0
0,36,0.72,spawn,0.01841,0.01537,0.01015,0.02594,0.0222,-3.29,74.94,0.3156,0.0266,0.244,0.0,0.0,0,0.0,0.0
1,36,0.72,spawn,0.01879,0.01566,0.01038,0.02637,0.0222,-3.37,73.68,0.3156,0.0265,0.231,0.0,0.0,0,0.0,0.0
2,36,0.72,spawn,0.0153,0.01263,0.00864,0.022,0.0222,-2.14,84.62,0.3146,0.0256,0.306,0.0,0.0,0,0.0,0.0
3,36,0.72,spawn,0.01888,0.01589,0.01019,0.02646,0.0222,-3.37,74.9,0.3156,0.0265,0.246,0.0,0.0,0,0.0,0.0
4,36,0.72,spawn,0.01838,0.01529,0.0102,0.02593,0.0222,-3.26,76.3,0.3156,0.0266,0.244,0.0,0.0,0,0.0,0.0
5,36,0.72,spawn,0.01832,0.01513,0.01033,0.02584,0.0222,-3.24,75.71,0.3157,0.0266,0.24,0.0,0.0,0,0.0,0.0
6,36,0.72,spawn,0.01853,0.01555,0.01008,0.02607,0.0222,-3.28,76.52,0.3156,0.0265,0.241,0.0,0.0,0,0.0,0.0
7,36,0.72,spawn,0.01854,0.0156,0.01002,0.02606,0.0222,-3.32,75.21,0.3156,0.0265,0.24,0.0,0.0,0,0.0,0.0
0,37,0.74,spawn,0.0212,0.01978,0.00762,0.02916,0.0228,-4.13,75.03,0.3154,0.0267,0.312,0.0,0.0,0,0.0,0.0
1,37,0.74,spawn,0.02183,0.02032,0.00798,0.02986,0.0228,-4.24,73.76,0.3155,0.0266,0.301,0.0,0.0,0,0.0,0.0
2,37,0.74,spawn,0.01953,0.01825,0.00695,0.02679,0.0228,-3.05,84.78,0.3143,0.0256,0.358,0.0,0.0,0,0.0,0.0
3,37,0.74,spawn,0.02205,0.0206,0.00787,0.03012,0.0228,-4.27,75.69,0.3155,0.0266,0.306,0.0,0.0,0,0.0,0.0
4,37,0.74,spawn,0.02162,0.02007,0.00804,0.02976,0.0228,-4.24,76.54,0.3155,0.0267,0.305,0.0,0.0,0,0.0,0.0
5,37,0.74,spawn,0.02145,0.01987,0.00808,0.02955,0.0228,-4.17,77.09,0.3155,0.0268,0.3,0.0,0.0,0,0.0,0.0
6,37,0.74,spawn,0.0218,0.02032,0.00789,0.02992,0.0228,-4.25,76.72,0.3154,0.0267,0.304,0.0,0.0,0,0.0,0.0
7,37,0.74,spawn,0.02201,0.02058,0.00779,0.03003,0.0228,-4.28,75.66,0.3154,0.0267,0.3,0.0,0.0,0,0.0,0.0
0,38,0.76,spawn,0.02593,0.02539,0.00527,0.0337,0.0234,-4.77,75.57,0.3151,0.0268,0.396,0.0,0.0,0,0.0,0.0
1,38,0.76,spawn,0.02623,0.02564,0.00553,0.03406,0.0234,-4.85,74.33,0.3152,0.0267,0.387,0.0,0.0,0,0.0,0.0
2,38,0.76,spawn,0.02528,0.02476,0.00509,0.03276,0.0234,-3.86,84.73,0.314,0.0255,0.413,0.0,0.0,0,0.0,0.0
3,38,0.76,spawn,0.02768,0.02703,0.00599,0.0358,0.0234,-5.11,77.01,0.3153,0.0268,0.371,0.0,0.0,0,0.0,0.0
4,38,0.76,spawn,0.02731,0.02657,0.00635,0.03559,0.0234,-5.18,77.03,0.3153,0.0269,0.376,0.0,0.0,0,0.0,0.0
5,38,0.76,spawn,0.02712,0.02638,0.0063,0.03535,0.0234,-5.1,77.24,0.3153,0.027,0.367,0.0,0.0,0,0.0,0.0
6,38,0.76,spawn,0.02754,0.02683,0.0062,0.03583,0.0234,-5.19,77.12,0.3152,0.0268,0.375,0.0,0.0,0,0.0,0.0
7,38,0.76,spawn,0.02786,0.02721,0.00596,0.03592,0.0234,-5.13,77.0,0.3152,0.0268,0.367,0.0,0.0,0,0.0,0.0
0,39,0.78,spawn,0.03096,0.03085,0.0026,0.03857,0.024,-5.29,77.22,0.3148,0.0269,0.483,0.0,0.0,0,0.0,0.0
1,39,0.78,spawn,0.03081,0.03069,0.00273,0.03851,0.024,-5.35,76.19,0.3149,0.0268,0.476,0.0,0.0,0,0.0,0.0
2,39,0.78,spawn,0.03103,0.03091,0.00275,0.03873,0.024,-4.6,84.52,0.3136,0.0254,0.47,0.0,0.0,0,0.0,0.0
3,39,0.78,spawn,0.03352,0.0333,0.00376,0.04153,0.024,-5.79,77.35,0.315,0.0269,0.444,0.0,0.0,0,0.0,0.0
4,39,0.78,spawn,0.03304,0.03278,0.00412,0.04132,0.024,-5.86,78.1,0.315,0.027,0.454,0.0,0.0,0,0.0,0.0
5,39,0.78,spawn,0.03304,0.03278,0.00419,0.04125,0.024,-5.82,77.72,0.3151,0.0271,0.444,0.0,0.0,0,0.0,0.0
6,39,0.78,spawn,0.03334,0.0331,0.004,0.04164,0.024,-5.89,78.03,0.315,0.0269,0.454,0.0,0.0,0,0.0,0.0
7,39,0.78,spawn,0.03367,0.03347,0.0037,0.04166,0.024,-5.81,77.34,0.3149,0.0269,0.441,0.0,0.0,0,0.0,0.0
0,40,0.8,spawn,0.03599,0.03598,-0.00025,0.04385,0.0246,-5.74,80.57,0.3144,0.0269,0.57,0.0,0.0,0,0.0,0.0
1,40,0.8,spawn,0.03558,0.03558,-0.00015,0.04356,0.0246,-5.81,79.76,0.3145,0.0268,0.565,0.0,0.0,0,0.0,0.0
2,40,0.8,spawn,0.03678,0.03678,0.0003,0.04469,0.0246,-5.26,84.38,0.3133,0.0253,0.531,0.0,0.0,0,0.0,0.0
3,40,0.8,spawn,0.03863,0.03861,0.00114,0.04657,0.0246,-6.24,78.45,0.3147,0.027,0.528,0.0,0.0,0,0.0,0.0
4,40,0.8,spawn,0.03801,0.03798,0.0014,0.04634,0.0246,-6.25,80.51,0.3147,0.027,0.536,0.0,0.0,0,0.0,0.0
5,40,0.8,spawn,0.03815,0.03812,0.00157,0.04635,0.0246,-6.28,79.24,0.3148,0.0272,0.527,0.0,0.0,0,0.0,0.0
6,40,0.8,spawn,0.03832,0.0383,0.0013,0.0467,0.0246,-6.28,80.51,0.3147,0.027,0.537,0.0,0.0,0,0.0,0.0
7,40,0.8,spawn,0.03875,0.03873,0.00108,0.0467,0.0246,-6.26,78.59,0.3146,0.027,0.525,0.0,0.0,0,0.0,0.0
0,41,0.82,spawn,0.04106,0.04097,-0.00264,0.04932,0.0252,-6.28,82.48,0.314,0.0269,0.647,0.0,0.0,0,0.0,0.0
1,41,0.82,spawn,0.04071,0.04063,-0.0026,0.04914,0.0252,-6.36,81.92,0.3141,0.0268,0.645,0.0,0.0,0,0.0,0.0
2,41,0.82,spawn,0.04236,0.04229,-0.00236,0.05069,0.0252,-5.8,84.14,0.313,0.0252,0.597,0.0,0.0,0,0.0,0.0
3,41,0.82,spawn,0.0434,0.04338,-0.00145,0.05169,0.0252,-6.64,80.97,0.3144,0.027,0.615,0.0,0.0,0,0.0,0.0
4,41,0.82,spawn,0.04274,0.04272,-0.00112,0.05134,0.0252,-6.61,82.47,0.3144,0.0271,0.616,0.0,0.0,0,0.0,0.0
5,41,0.82,spawn,0.04284,0.04283,-0.00104,0.05129,0.0252,-6.62,81.66,0.3145,0.0272,0.611,0.0,0.0,0,0.0,0.0
6,41,0.82,spawn,0.04296,0.04294,-0.00129,0.05161,0.0252,-6.63,82.51,0.3144,0.027,0.617,0.0,0.0,0,0.0,0.0
7,41,0.82,spawn,0.04356,0.04353,-0.00145,0.05184,0.0252,-6.64,81.14,0.3143,0.027,0.612,0.0,0.0,0,0.0,0.0
0,42,0.84,spawn,0.0466,0.04633,-0.00496,0.055,0.0258,-6.59,83.19,0.3136,0.0268,0.729,0.0,0.0,0,0.0,0.0
1,42,0.84,spawn,0.04625,0.04597,-0.00506,0.05489,0.0258,-6.59,83.27,0.3137,0.0267,0.731,0.0,0.0,0,0.0,0.0
2,42,0.84,spawn,0.04778,0.04754,-0.00481,0.05641,0.0258,-6.28,83.26,0.3127,0.025,0.662,0.0,0.0,0,0.0,0.0
3,42,0.84,spawn,0.04824,0.04809,-0.00377,0.05695,0.0258,-6.84,82.92,0.3141,0.0271,0.709,0.0,0.0,0,0.0,0.0
4,42,0.84,spawn,0.04785,0.04774,-0.00324,0.05675,0.0258,-6.86,83.14,0.3141,0.0271,0.7,0.0,0.0,0,0.0,0.0
5,42,0.84,spawn,0.04771,0.0476,-0.00329,0.05646,0.0258,-6.87,82.88,0.3141,0.0272,0.699,0.0,0.0,0,0.0,0.0
6,42,0.84,spawn,0.04804,0.04792,-0.00345,0.057,0.0258,-6.86,83.13,0.314,0.027,0.701,0.0,0.0,0,0.0,0.0
7,42,0.84,spawn,0.04844,0.04829,-0.00379,0.05709,0.0258,-6.87,82.69,0.314,0.0271,0.706,0.0,0.0,0,0.0,0.0
0,43,0.86,spawn,0.05163,0.05106,-0.00769,0.06023,0.0264,-6.59,83.15,0.3132,0.0266,0.818,0.0,0.0,0,0.0,0.0
1,43,0.86,spawn,0.051,0.05042,-0.00769,0.0597,0.0264,-6.69,83.27,0.3133,0.0266,0.815,0.0,0.0,0,0.0,0.0
2,43,0.86,spawn,0.05331,0.05281,-0.00728,0.0624,0.0264,-6.52,81.18,0.3124,0.0249,0.738,0.0,0.0,0,0.0,0.0
3,43,0.86,spawn,0.05267,0.05233,-0.006,0.06189,0.0264,-6.92,82.62,0.3137,0.0271,0.804,0.0,0.0,0,0.0,0.0
4,43,0.86,spawn,0.05265,0.05235,-0.00553,0.06189,0.0264,-6.93,82.18,0.3138,0.0271,0.789,0.0,0.0,0,0.0,0.0
5,43,0.86,spawn,0.05209,0.05176,-0.00579,0.06103,0.0264,-6.87,83.01,0.3138,0.0272,0.795,0.0,0.0,0,0.0,0.0
6,43,0.86,spawn,0.05287,0.05256,-0.00574,0.06217,0.0264,-6.94,82.1,0.3137,0.027,0.79,0.0,0.0,0,0.0,0.0
7,43,0.86,spawn,0.05264,0.05224,-0.0065,0.06156,0.0264,-6.82,83.09,0.3136,0.0271,0.809,0.0,0.0,0,0.0,0.0
0,44,0.88,spawn,0.05587,0.05499,-0.00986,0.06473,0.027,-6.78,82.22,0.3128,0.0264,0.901,0.0,0.0,0,0.0,0.0
1,44,0.88,spawn,0.05561,0.05468,-0.01015,0.06481,0.027,-6.69,81.42,0.3129,0.0264,0.905,0.0,0.0,0,0.0,0.0
2,44,0.88,spawn,0.05795,0.05715,-0.0096,0.06737,0.027,-6.79,79.84,0.3121,0.0248,0.812,0.0,0.0,0,0.0,0.0
3,44,0.88,spawn,0.0567,0.05613,-0.00806,0.06651,0.027,-6.94,80.22,0.3133,0.0271,0.896,0.0,0.0,0,0.0,0.0
4,44,0.88,spawn,0.05675,0.0562,-0.00787,0.06642,0.027,-6.97,80.02,0.3134,0.027,0.875,0.0,0.0,0,0.0,0.0
5,44,0.88,spawn,0.05576,0.05513,-0.00835,0.06501,0.027,-6.84,81.73,0.3134,0.0272,0.889,0.0,0.0,0,0.0,0.0
6,44,0.88,spawn,0.05703,0.05646,-0.00804,0.06674,0.027,-6.96,79.89,0.3134,0.0269,0.875,0.0,0.0,0,0.0,0.0
7,44,0.88,spawn,0.05614,0.05541,-0.00902,0.0655,0.027,-6.85,81.71,0.3132,0.027,0.904,0.0,0.0,0,0.0,0.0
0,45,0.9,spawn,0.06067,0.05947,-0.01199,0.07022,0.0276,-6.82,79.08,0.3123,0.0263,0.994,0.0,0.0,0,0.0,0.0
1,45,0.9,spawn,0.0601,0.05893,-0.01178,0.07007,0.0276,-6.86,78.18,0.3125,0.0262,0.989,0.0,0.0,0,0.0,0.0
2,45,0.9,spawn,0.06269,0.06154,-0.01197,0.07288,0.0276,-6.84,75.86,0.3119,0.0247,0.898,0.0,0.0,0,0.0,0.0
3,45,0.9,spawn,0.06053,0.05968,-0.01011,0.07094,0.0276,-6.87,76.78,0.313,0.027,0.986,0.0,0.0,0,0.0,0.0
4,45,0.9,spawn,0.06053,0.05968,-0.01011,0.07068,0.0276,-7.02,77.44,0.3131,0.027,0.959,0.0,0.0,0,0.0,0.0
5,45,0.9,spawn,0.05938,0.05843,-0.01061,0.06914,0.0276,-6.95,79.34,0.3131,0.0271,0.981,0.0,0.0,0,0.0,0.0
6,45,0.9,spawn,0.06083,0.05996,-0.01027,0.07102,0.0276,-6.98,77.25,0.3131,0.0268,0.958,0.0,0.0,0,0.0,0.0
7,45,0.9,spawn,0.05993,0.05888,-0.01115,0.06994,0.0276,-6.89,78.45,0.3128,0.0269,0.998,0.0,0.0,0,0.0,0.0
0,46,0.92,spawn,0.06477,0.06327,-0.01386,0.07515,0.0282,-7.0,75.27,0.312,0.0261,1.08,0.0,0.0,0,0.0,0.0
1,46,0.92,spawn,0.06463,0.06324,-0.01334,0.07545,0.0282,-7.1,74.51,0.3121,0.0261,1.069,0.0,0.0,0,0.0,0.0
2,46,0.92,spawn,0.06666,0.06522,-0.01374,0.07765,0.0282,-7.13,72.74,0.3117,0.0246,0.976,0.0,0.0,0,0.0,0.0
3,46,0.92,spawn,0.06397,0.0628,-0.01217,0.07508,0.0282,-6.93,73.07,0.3126,0.027,1.07,0.0,0.0,0,0.0,0.0
4,46,0.92,spawn,0.06403,0.06279,-0.01255,0.07471,0.0282,-7.06,74.52,0.3128,0.0269,1.047,0.0,0.0,0,0.0,0.0
5,46,0.92,spawn,0.06329,0.062,-0.01271,0.07375,0.0282,-7.05,75.59,0.3127,0.027,1.072,0.0,0.0,0,0.0,0.0
6,46,0.92,spawn,0.06436,0.06309,-0.01271,0.07515,0.0282,-6.95,73.51,0.3127,0.0267,1.048,0.0,0.0,0,0.0,0.0
7,46,0.92,spawn,0.06381,0.06249,-0.01289,0.07466,0.0282,-7.12,74.63,0.3125,0.0269,1.083,0.0,0.0,0,0.0,0.0
0,47,0.94,spawn,0.06911,0.06737,-0.01543,0.0803,0.0288,-7.11,71.38,0.3116,0.026,1.161,0.0,0.0,0,0.0,0.0
1,47,0.94,spawn,0.06892,0.06719,-0.01535,0.08053,0.0288,-7.09,70.35,0.3117,0.0259,1.152,0.0,0.0,0,0.0,0.0
2,47,0.94,spawn,0.07102,0.06931,-0.01549,0.0828,0.0288,-7.12,68.59,0.3115,0.0246,1.062,0.0,0.0,0,0.0,0.0
3,47,0.94,spawn,0.06757,0.06607,-0.01416,0.07936,0.0288,-6.89,69.16,0.3122,0.0269,1.154,0.0,0.0,0,0.0,0.0
4,47,0.94,spawn,0.06771,0.06602,-0.01501,0.07905,0.0288,-6.92,70.37,0.3124,0.0267,1.141,0.0,0.0,0,0.0,0.0
5,47,0.94,spawn,0.06748,0.06593,-0.01441,0.07864,0.0288,-7.08,71.83,0.3124,0.0269,1.16,0.0,0.0,0,0.0,0.0
6,47,0.94,spawn,0.06792,0.06633,-0.01461,0.07923,0.0288,-6.92,70.6,0.3124,0.0266,1.134,0.0,0.0,0,0.0,0.0
7,47,0.94,spawn,0.06813,0.06652,-0.01472,0.07976,0.0288,-7.09,70.45,0.3121,0.0268,1.17,0.0,0.0,0,0.0,0.0
0,48,0.96,spawn,0.07341,0.07141,-0.017,0.08535,0.0294,-7.04,67.48,0.3112,0.0259,1.244,0.0,0.0,0,0.0,0.0
1,48,0.96,spawn,0.07281,0.07072,-0.01731,0.0851,0.0294,-6.92,66.42,0.3113,0.0258,1.234,0.0,0.0,0,0.0,0.0
2,48,0.96,spawn,0.0748,0.07279,-0.01722,0.08721,0.0294,-7.04,65.51,0.3113,0.0247,1.147,0.0,0.0,0,0.0,0.0
3,48,0.96,spawn,0.0712,0.06938,-0.01602,0.08358,0.0294,-6.88,66.25,0.3119,0.0268,1.237,0.0,0.0,0,0.0,0.0
4,48,0.96,spawn,0.07149,0.06952,-0.01665,0.08349,0.0294,-6.83,66.51,0.3121,0.0266,1.232,0.0,0.0,0,0.0,0.0
5,48,0.96,spawn,0.07168,0.06988,-0.01597,0.08341,0.0294,-7.02,68.89,0.312,0.0268,1.245,0.0,0.0,0,0.0,0.0
6,48,0.96,spawn,0.07177,0.06987,-0.01641,0.08371,0.0294,-6.78,66.62,0.3121,0.0265,1.225,0.0,0.0,0,0.0,0.0
7,48,0.96,spawn,0.07203,0.07006,-0.01671,0.08416,0.0294,-6.91,67.61,0.3117,0.0267,1.258,0.0,0.0,0,0.0,0.0
0,49,0.98,stand,0.07734,0.07277,-0.02618,0.08981,0.03,-6.81,64.49,0.3108,0.0258,1.327,0.0,0.0,0,0.0,0.0
1,49,0.98,stand,0.0766,0.07538,-0.01361,0.0895,0.03,-6.79,63.5,0.3109,0.0257,1.314,0.0,0.0,0,0.0,0.0
2,49,0.98,stand,0.07819,0.07617,-0.01766,0.09122,0.03,-6.84,62.17,0.3111,0.0248,1.231,0.0,0.0,0,0.0,0.0
3,49,0.98,stand,0.07485,0.0709,-0.02399,0.08785,0.03,-6.68,62.5,0.3115,0.0267,1.322,0.0,0.0,0,0.0,0.0
4,49,0.98,stand,0.07548,0.07514,-0.00711,0.08806,0.03,-6.73,63.49,0.3118,0.0266,1.315,0.0,0.0,0,0.0,0.0
5,49,0.98,stand,0.07565,0.07382,-0.01654,0.08795,0.03,-6.68,64.83,0.3117,0.0268,1.333,0.0,0.0,0,0.0,0.0
6,49,0.98,stand,0.0757,0.07534,-0.0074,0.08812,0.03,-6.52,63.47,0.3118,0.0265,1.316,0.0,0.0,0,0.0,0.0
7,49,0.98,stand,0.07555,0.07182,-0.02345,0.08833,0.03,-6.73,63.84,0.3114,0.0266,1.345,0.0,0.0,0,0.0,0.0
0,50,1.0,stand,0.08105,0.07617,-0.02772,0.0942,0.03,-6.52,61.35,0.3105,0.0257,1.408,0.0,0.0,0,0.0,0.0
1,50,1.0,stand,0.08024,0.07892,-0.01451,0.09412,0.03,-6.6,59.18,0.3105,0.0256,1.392,0.0,0.0,0,0.0,0.0
2,50,1.0,stand,0.08153,0.07938,-0.01861,0.0953,0.03,-6.57,58.88,0.3109,0.0249,1.314,0.0,0.0,0,0.0,0.0
3,50,1.0,stand,0.07781,0.07355,-0.02541,0.09155,0.03,-6.52,59.52,0.3111,0.0266,1.392,0.0,0.0,0,0.0,0.0
4,50,1.0,stand,0.07954,0.07918,-0.00758,0.09281,0.03,-6.51,60.23,0.3114,0.0265,1.398,0.0,0.0,0,0.0,0.0
5,50,1.0,stand,0.0793,0.07741,-0.01719,0.09227,0.03,-6.48,61.7,0.3113,0.0267,1.409,0.0,0.0,0,0.0,0.0
6,50,1.0,stand,0.079,0.07866,-0.0074,0.09221,0.03,-6.48,60.56,0.3114,0.0264,1.386,0.0,0.0,0,0.0,0.0
7,50,1.0,stand,0.07883,0.07489,-0.02461,0.0924,0.03,-6.57,60.68,0.311,0.0265,1.418,0.0,0.0,0,0.0,0.0
0,51,1.02,stand,0.08414,0.07891,-0.02919,0.09771,0.03,-6.27,59.97,0.3101,0.0257,1.486,0.0,0.0,0,0.0,0.0
1,51,1.02,stand,0.08304,0.0816,-0.01536,0.09759,0.03,-6.31,56.78,0.3102,0.0256,1.461,0.0,0.0,0,0.0,0.0
2,51,1.02,stand,0.08386,0.08161,-0.01929,0.09814,0.03,-6.36,57.84,0.3107,0.0251,1.386,0.0,0.0,0,0.0,0.0
3,51,1.02,stand,0.08143,0.077,-0.02651,0.09553,0.03,-6.32,58.73,0.3108,0.0266,1.47,0.0,0.0,0,0.0,0.0
4,51,1.02,stand,0.08216,0.08172,-0.0085,0.09593,0.03,-6.31,58.62,0.3111,0.0265,1.468,0.0,0.0,0,0.0,0.0
5,51,1.02,stand,0.08318,0.08133,-0.01745,0.09676,0.03,-6.32,59.12,0.3109,0.0267,1.485,0.0,0.0,0,0.0,0.0
6,51,1.02,stand,0.08284,0.08249,-0.00755,0.09663,0.03,-6.24,58.02,0.3111,0.0264,1.466,0.0,0.0,0,0.0,0.0
7,51,1.02,stand,0.08242,0.07837,-0.02551,0.09657,0.03,-6.42,58.77,0.3106,0.0264,1.491,0.0,0.0,0,0.0,0.0
0,52,1.04,stand,0.08625,0.08068,-0.03049,0.10068,0.03,-6.07,56.93,0.3098,0.0257,1.555,0.0,0.0,0,0.0,0.0
1,52,1.04,stand,0.08544,0.08391,-0.0161,0.10044,0.03,-5.95,55.76,0.3098,0.0255,1.529,0.0,0.0,0,0.0,0.0
2,52,1.04,stand,0.08651,0.0841,-0.02026,0.10139,0.03,-5.99,55.67,0.3105,0.0253,1.467,0.0,0.0,0,0.0,0.0
3,52,1.04,stand,0.08455,0.0798,-0.02795,0.09934,0.03,-5.99,55.67,0.3104,0.0265,1.55,0.0,0.0,0,0.0,0.0
4,52,1.04,stand,0.08457,0.08409,-0.00899,0.09897,0.03,-6.09,56.64,0.3107,0.0264,1.539,0.0,0.0,0,0.0,0.0
5,52,1.04,stand,0.08687,0.08495,-0.01813,0.10086,0.03,-6.04,57.53,0.3105,0.0267,1.564,0.0,0.0,0,0.0,0.0
6,52,1.04,stand,0.08582,0.08544,-0.008,0.10004,0.03,-5.88,56.31,0.3107,0.0264,1.543,0.0,0.0,0,0.0,0.0
7,52,1.04,stand,0.08598,0.08166,-0.02691,0.10079,0.03,-6.05,55.69,0.3102,0.0263,1.572,0.0,0.0,0,0.0,0.0
0,53,1.06,stand,0.08894,0.08331,-0.03113,0.10375,0.03,-5.77,56.31,0.3095,0.0257,1.632,0.0,0.0,0,0.0,0.0
1,53,1.06,stand,0.08662,0.08499,-0.01668,0.10245,0.03,-5.62,53.11,0.3095,0.0254,1.588,0.0,0.0,0,0.0,0.0
2,53,1.06,stand,0.08686,0.0844,-0.02052,0.10257,0.03,-5.78,53.73,0.3102,0.0254,1.519,0.0,0.0,0,0.0,0.0
3,53,1.06,stand,0.08599,0.08118,-0.02838,0.10129,0.03,-5.79,55.12,0.3101,0.0264,1.609,0.0,0.0,0,0.0,0.0
4,53,1.06,stand,0.08764,0.08721,-0.0086,0.10246,0.03,-5.75,55.26,0.3104,0.0263,1.622,0.0,0.0,0,0.0,0.0
5,53,1.06,stand,0.08912,0.08712,-0.01877,0.10358,0.03,-5.79,56.42,0.3101,0.0266,1.628,0.0,0.0,0,0.0,0.0
6,53,1.06,stand,0.08782,0.08745,-0.00804,0.10245,0.03,-5.58,55.55,0.3103,0.0263,1.61,0.0,0.0,0,0.0,0.0
7,53,1.06,stand,0.0871,0.08267,-0.0274,0.10244,0.03,-5.84,55.02,0.3099,0.0262,1.624,0.0,0.0,0,0.0,0.0
0,54,1.08,stand,0.09045,0.08473,-0.03166,0.1059,0.03,-5.54,54.82,0.3092,0.0257,1.697,0.0,0.0,0,0.0,0.0
1,54,1.08,stand,0.08834,0.08684,-0.01625,0.10451,0.03,-5.21,53.13,0.3092,0.0253,1.659,0.0,0.0,0,0.0,0.0
2,54,1.08,stand,0.08907,0.08671,-0.02035,0.10511,0.03,-5.38,53.55,0.31,0.0257,1.596,0.0,0.0,0,0.0,0.0
3,54,1.08,stand,0.08899,0.08421,-0.02877,0.1046,0.03,-5.4,54.56,0.3098,0.0262,1.69,0.0,0.0,0,0.0,0.0
4,54,1.08,stand,0.08955,0.08915,-0.00845,0.10515,0.03,-5.4,52.43,0.31,0.0263,1.693,0.0,0.0,0,0.0,0.0
5,54,1.08,stand,0.09143,0.08944,-0.019,0.10633,0.03,-5.55,55.86,0.3097,0.0266,1.698,0.0,0.0,0,0.0,0.0
6,54,1.08,stand,0.09019,0.08987,-0.00755,0.10522,0.03,-5.29,55.07,0.3099,0.0263,1.686,0.0,0.0,0,0.0,0.0
7,54,1.08,stand,0.08977,0.0854,-0.02769,0.1055,0.03,-5.49,54.47,0.3095,0.0261,1.701,0.0,0.0,0,0.0,0.0
0,55,1.1,stand,0.09145,0.08572,-0.03186,0.10749,0.03,-5.3,54.03,0.309,0.0256,1.759,0.0,0.0,0,0.0,0.0
1,55,1.1,stand,0.08841,0.08695,-0.01602,0.1051,0.03,-4.92,52.99,0.309,0.0253,1.717,0.0,0.0,0,0.0,0.0
2,55,1.1,stand,0.08878,0.0864,-0.02044,0.10541,0.03,-5.07,53.1,0.3099,0.0258,1.651,0.0,0.0,0,0.0,0.0
3,55,1.1,stand,0.08927,0.08447,-0.02886,0.10568,0.03,-5.14,52.77,0.3095,0.0261,1.748,0.0,0.0,0,0.0,0.0
4,55,1.1,stand,0.09026,0.08989,-0.0081,0.10634,0.03,-5.21,52.41,0.3097,0.0262,1.75,0.0,0.0,0,0.0,0.0
5,55,1.1,stand,0.09309,0.0911,-0.01914,0.10847,0.03,-5.3,55.27,0.3093,0.0266,1.768,0.0,0.0,0,0.0,0.0
6,55,1.1,stand,0.09169,0.0914,-0.00732,0.10717,0.03,-4.98,54.56,0.3095,0.0263,1.76,0.0,0.0,0,0.0,0.0
7,55,1.1,stand,0.09057,0.08618,-0.02786,0.10694,0.03,-5.16,53.06,0.3092,0.026,1.766,0.0,0.0,0,0.0,0.0
0,56,1.12,stand,0.09251,0.08695,-0.03159,0.10906,0.03,-4.97,53.39,0.3088,0.0256,1.827,0.0,0.0,0,0.0,0.0
1,56,1.12,stand,0.08799,0.08665,-0.01527,0.10526,0.03,-4.72,53.01,0.3088,0.0252,1.769,0.0,0.0,0,0.0,0.0
2,56,1.12,stand,0.08821,0.08598,-0.01971,0.10542,0.03,-4.86,53.11,0.3097,0.026,1.699,0.0,0.0,0,0.0,0.0
3,56,1.12,stand,0.09027,0.08575,-0.02822,0.10711,0.03,-4.86,52.74,0.3092,0.026,1.813,0.0,0.0,0,0.0,0.0
4,56,1.12,stand,0.09129,0.09097,-0.00759,0.10779,0.03,-4.91,52.39,0.3095,0.0262,1.818,0.0,0.0,0,0.0,0.0
5,56,1.12,stand,0.0947,0.09274,-0.01917,0.11047,0.03,-4.94,54.94,0.309,0.0266,1.846,0.0,0.0,0,0.0,0.0
6,56,1.12,stand,0.09175,0.09148,-0.00703,0.10783,0.03,-4.79,54.27,0.3092,0.0263,1.82,0.0,0.0,0,0.0,0.0
7,56,1.12,stand,0.0911,0.0869,-0.02733,0.10798,0.03,-4.85,52.73,0.309,0.0259,1.826,0.0,0.0,0,0.0,0.0
0,57,1.14,stand,0.0939,0.0886,-0.0311,0.11075,0.03,-4.39,52.85,0.3086,0.0257,1.907,0.0,0.0,0,0.0,0.0
1,57,1.14,stand,0.08945,0.0884,-0.01372,0.10687,0.03,-4.1,53.13,0.3086,0.0252,1.855,0.0,0.0,0,0.0,0.0
2,57,1.14,stand,0.08923,0.08732,-0.01837,0.10662,0.03,-4.31,53.37,0.3096,0.0262,1.778,0.0,0.0,0,0.0,0.0
3,57,1.14,stand,0.09215,0.08795,-0.02752,0.10912,0.03,-4.19,52.6,0.3089,0.0259,1.902,0.0,0.0,0,0.0,0.0
4,57,1.14,stand,0.09256,0.09233,-0.00659,0.10927,0.03,-4.34,52.39,0.3092,0.0261,1.9,0.0,0.0,0,0.0,0.0
5,57,1.14,stand,0.09648,0.09462,-0.01881,0.11244,0.03,-4.33,54.65,0.3087,0.0267,1.936,0.0,0.0,0,0.0,0.0
6,57,1.14,stand,0.09388,0.09369,-0.00592,0.11014,0.03,-4.22,54.1,0.3089,0.0264,1.915,0.0,0.0,0,0.0,0.0
7,57,1.14,stand,0.09317,0.08931,-0.02652,0.11016,0.03,-4.15,52.57,0.3087,0.0258,1.914,0.0,0.0,0,0.0,0.0
0,58,1.16,stand,0.09292,0.088,-0.02983,0.11033,0.03,-4.01,52.45,0.3085,0.0256,1.958,0.0,0.0,0,0.0,0.0
1,58,1.16,stand,0.08691,0.08602,-0.01244,0.10512,0.03,-4.12,52.94,0.3085,0.0251,1.889,0.0,0.0,0,0.0,0.0
2,58,1.16,stand,0.0866,0.0849,-0.01707,0.10462,0.03,-4.27,53.62,0.3095,0.0263,1.814,0.0,0.0,0,0.0,0.0
3,58,1.16,stand,0.08987,0.086,-0.02609,0.10758,0.03,-4.1,52.3,0.3087,0.0258,1.939,0.0,0.0,0,0.0,0.0
4,58,1.16,stand,0.09101,0.09084,-0.0055,0.10832,0.03,-4.11,52.37,0.309,0.026,1.946,0.0,0.0,0,0.0,0.0
5,58,1.16,stand,0.09545,0.09374,-0.01798,0.112,0.03,-3.98,54.18,0.3084,0.0267,1.992,0.0,0.0,0,0.0,0.0
6,58,1.16,stand,0.09296,0.09282,-0.00515,0.10974,0.03,-3.75,53.6,0.3086,0.0264,1.979,0.0,0.0,0,0.0,0.0
7,58,1.16,stand,0.09089,0.08734,-0.02515,0.1086,0.03,-4.02,52.25,0.3086,0.0257,1.951,0.0,0.0,0,0.0,0.0
0,59,1.18,stand,0.09155,0.08726,-0.02771,0.10953,0.03,-3.83,52.63,0.3084,0.0256,2.002,0.0,0.0,0,0.0,0.0
1,59,1.18,stand,0.08599,0.08532,-0.0107,0.10483,0.03,-3.75,52.62,0.3085,0.025,1.943,0.0,0.0,0,0.0,0.0
2,59,1.18,stand,0.0856,0.08421,-0.01537,0.1041,0.03,-3.85,53.62,0.3094,0.0265,1.873,0.0,0.0,0,0.0,0.0
3,59,1.18,stand,0.09008,0.08677,-0.02421,0.10821,0.03,-3.68,52.18,0.3086,0.0257,2.006,0.0,0.0,0,0.0,0.0
4,59,1.18,stand,0.09036,0.09028,-0.00379,0.1082,0.03,-3.91,52.61,0.3089,0.026,2.0,0.0,0.0,0,0.0,0.0
5,59,1.18,stand,0.09501,0.09356,-0.01649,0.11208,0.03,-3.71,54.17,0.3082,0.0268,2.053,0.0,0.0,0,0.0,0.0
6,59,1.18,stand,0.0911,0.09103,-0.0037,0.10858,0.03,-3.61,53.59,0.3085,0.0264,2.024,0.0,0.0,0,0.0,0.0
7,59,1.18,stand,0.09078,0.08776,-0.02321,0.10893,0.03,-3.64,52.21,0.3084,0.0256,2.008,0.0,0.0,0,0.0,0.0
0,60,1.2,stand,0.09085,0.08721,-0.02546,0.10905,0.03,-3.34,53.29,0.3084,0.0256,2.07,0.0,0.0,0,0.0,0.0
1,60,1.2,stand,0.08449,0.08408,-0.00829,0.10367,0.03,-3.35,52.94,0.3084,0.0249,2.001,0.0,0.0,0,0.0,0.0
2,60,1.2,stand,0.08333,0.08233,-0.01291,0.10223,0.03,-3.66,54.02,0.3094,0.0266,1.922,0.0,0.0,0,0.0,0.0
3,60,1.2,stand,0.0888,0.086,-0.0221,0.10734,0.03,-3.24,52.29,0.3085,0.0256,2.066,0.0,0.0,0,0.0,0.0
4,60,1.2,stand,0.09031,0.09028,-0.00198,0.10832,0.03,-3.34,52.93,0.3088,0.0259,2.076,0.0,0.0,0,0.0,0.0
5,60,1.2,stand,0.09522,0.09402,-0.01504,0.11253,0.03,-3.13,54.16,0.308,0.0268,2.135,0.0,0.0,0,0.0,0.0
6,60,1.2,stand,0.09256,0.09255,-0.00157,0.11001,0.03,-2.85,53.71,0.3083,0.0265,2.121,0.0,0.0,0,0.0,0.0
7,60,1.2,stand,0.08942,0.08696,-0.02085,0.10799,0.03,-3.28,52.5,0.3084,0.0256,2.065,0.0,0.0,0,0.0,0.0
0,61,1.22,stand,0.08721,0.08422,-0.02262,0.10602,0.03,-3.33,53.99,0.3084,0.0255,2.104,0.0,0.0,0,0.0,0.0
1,61,1.22,stand,0.08196,0.08175,-0.0059,0.10117,0.03,-3.13,53.86,0.3085,0.0248,2.048,0.0,0.0,0,0.0,0.0
2,61,1.22,stand,0.08155,0.08085,-0.01062,0.10058,0.03,-3.2,54.56,0.3095,0.0266,1.979,0.0,0.0,0,0.0,0.0
3,61,1.22,stand,0.08595,0.08369,-0.01958,0.10487,0.03,-3.2,52.86,0.3085,0.0255,2.105,0.0,0.0,0,0.0,0.0
4,61,1.22,stand,0.08693,0.08692,-0.00076,0.10546,0.03,-3.56,53.33,0.3087,0.0258,2.109,0.0,0.0,0,0.0,0.0
5,61,1.22,stand,0.09224,0.09127,-0.01335,0.11025,0.03,-2.91,54.01,0.3079,0.0269,2.178,0.0,0.0,0,0.0,0.0
6,61,1.22,stand,0.0892,0.0892,-0.00049,0.10737,0.03,-2.71,53.44,0.3082,0.0265,2.164,0.0,0.0,0,0.0,0.0
7,61,1.22,stand,0.0868,0.08484,-0.01833,0.10564,0.03,-3.18,53.4,0.3084,0.0254,2.107,0.0,0.0,0,0.0,0.0
0,62,1.24,stand,0.08676,0.0845,-0.01969,0.10508,0.03,-2.76,57.13,0.3084,0.0255,2.181,0.0,0.0,0,0.0,0.0
1,62,1.24,stand,0.07932,0.07924,-0.0036,0.09851,0.03,-2.99,54.88,0.3086,0.0247,2.093,0.0,0.0,0,0.0,0.0
2,62,1.24,stand,0.078,0.07756,-0.00832,0.09738,0.03,-3.06,56.43,0.3095,0.0267,2.014,0.0,0.0,0,0.0,0.0
3,62,1.24,stand,0.08463,0.08294,-0.01683,0.1036,0.03,-2.63,53.82,0.3085,0.0254,2.169,0.0,0.0,0,0.0,0.0
4,62,1.24,stand,0.08595,0.08594,0.00146,0.10491,0.03,-3.07,53.26,0.3087,0.0257,2.17,0.0,0.0,0,0.0,0.0
5,62,1.24,stand,0.09183,0.09119,-0.01077,0.11004,0.03,-2.27,54.02,0.3078,0.0269,2.249,0.0,0.0,0,0.0,0.0
6,62,1.24,stand,0.08671,0.08669,0.0019,0.10544,0.03,-2.37,53.51,0.3081,0.0265,2.205,0.0,0.0,0,0.0,0.0
7,62,1.24,stand,0.08529,0.08384,-0.01562,0.10414,0.03,-2.66,54.41,0.3084,0.0253,2.169,0.0,0.0,0,0.0,0.0
0,63,1.26,stand,0.0828,0.08111,-0.01666,0.1013,0.03,-2.67,59.43,0.3085,0.0254,2.219,0.0,0.0,0,0.0,0.0
1,63,1.26,stand,0.07663,0.07662,-0.00146,0.09599,0.03,-3.05,55.52,0.3087,0.0245,2.136,0.0,0.0,0,0.0,0.0
2,63,1.26,stand,0.07542,0.07527,-0.00473,0.09385,0.03,-2.72,61.25,0.3097,0.0267,2.068,0.0,0.0,0,0.0,0.0
3,63,1.26,stand,0.08048,0.07931,-0.01365,0.10017,0.03,-2.66,54.17,0.3085,0.0252,2.204,0.0,0.0,0,0.0,0.0
4,63,1.26,stand,0.08359,0.0835,0.00375,0.10282,0.03,-2.92,53.61,0.3088,0.0255,2.221,0.0,0.0,0,0.0,0.0
5,63,1.26,stand,0.08948,0.08912,-0.00801,0.10811,0.03,-1.73,53.94,0.3078,0.0269,2.306,0.0,0.0,0,0.0,0.0
6,63,1.26,stand,0.08466,0.08451,0.00499,0.10374,0.03,-1.9,53.76,0.3081,0.0265,2.263,0.0,0.0,0,0.0,0.0
7,63,1.26,stand,0.08133,0.08037,-0.01245,0.10068,0.03,-2.79,54.97,0.3085,0.0252,2.204,0.0,0.0,0,0.0,0.0
0,64,1.28,stand,0.07938,0.07829,-0.01308,0.09701,0.03,-2.59,64.29,0.3086,0.0253,2.266,0.0,0.0,0,0.0,0.0
1,64,1.28,stand,0.07418,0.07418,0.00037,0.09367,0.03,-2.99,56.03,0.3089,0.0244,2.182,0.0,0.0,0,0.0,0.0
2,64,1.28,stand,0.07183,0.07181,-0.00178,0.0897,0.03,-2.81,65.71,0.3098,0.0267,2.113,0.0,0.0,0,0.0,0.0
3,64,1.28,stand,0.07859,0.07797,-0.00988,0.09741,0.03,-2.12,58.64,0.3086,0.0251,2.268,0.0,0.0,0,0.0,0.0
4,64,1.28,stand,0.08133,0.08112,0.00586,0.10066,0.03,-2.52,54.05,0.3089,0.0254,2.275,0.0,0.0,0,0.0,0.0
5,64,1.28,stand,0.08655,0.0864,-0.00521,0.10539,0.03,-1.52,54.22,0.3078,0.0269,2.353,0.0,0.0,0,0.0,0.0
6,64,1.28,stand,0.08202,0.08167,0.00755,0.10115,0.03,-1.41,54.15,0.3082,0.0265,2.319,0.0,0.0,0,0.0,0.0
7,64,1.28,stand,0.079,0.07842,-0.00958,0.09837,0.03,-2.42,55.52,0.3086,0.0251,2.26,0.0,0.0,0,0.0,0.0
0,65,1.3,stand,0.0757,0.07511,-0.00938,0.09305,0.03,-2.63,68.37,0.3087,0.0253,2.313,0.0,0.0,0,0.0,0.0
1,65,1.3,stand,0.07164,0.0716,0.00214,0.09113,0.03,-2.78,56.61,0.3092,0.0243,2.228,0.0,0.0,0,0.0,0.0
2,65,1.3,stand,0.06787,0.06786,0.00048,0.08572,0.03,-2.97,68.88,0.31,0.0267,2.151,0.0,0.0,0,0.0,0.0
3,65,1.3,stand,0.07487,0.07456,-0.00683,0.09313,0.03,-2.07,62.75,0.3088,0.025,2.307,0.0,0.0,0,0.0,0.0
4,65,1.3,stand,0.07847,0.07807,0.00793,0.09773,0.03,-2.24,54.69,0.309,0.0253,2.322,0.0,0.0,0,0.0,0.0
5,65,1.3,stand,0.08387,0.08385,-0.00199,0.10272,0.03,-1.17,54.63,0.3079,0.0269,2.402,0.0,0.0,0,0.0,0.0
6,65,1.3,stand,0.07887,0.07823,0.01006,0.09794,0.03,-1.15,54.75,0.3082,0.0264,2.364,0.0,0.0,0,0.0,0.0
7,65,1.3,stand,0.07554,0.07524,-0.00677,0.09519,0.03,-2.06,56.57,0.3088,0.025,2.296,0.0,0.0,0,0.0,0.0
0,66,1.32,stand,0.07184,0.07161,-0.00577,0.08968,0.03,-2.73,69.7,0.309,0.0252,2.356,0.0,0.0,0,0.0,0.0
1,66,1.32,stand,0.06813,0.06802,0.00387,0.08817,0.03,-2.42,56.49,0.3095,0.0242,2.261,0.0,0.0,0,0.0,0.0
2,66,1.32,stand,0.06439,0.0643,0.00347,0.08161,0.03,-3.11,73.48,0.3102,0.0267,2.185,0.0,0.0,0,0.0,0.0
3,66,1.32,stand,0.07101,0.07091,-0.00368,0.08911,0.03,-2.15,65.82,0.309,0.0248,2.342,0.0,0.0,0,0.0,0.0
4,66,1.32,stand,0.0755,0.07483,0.00999,0.09478,0.03,-2.23,55.6,0.3092,0.0252,2.36,0.0,0.0,0,0.0,0.0
5,66,1.32,stand,0.08101,0.08101,0.00101,0.09988,0.03,-0.94,55.04,0.308,0.0269,2.448,0.0,0.0,0,0.0,0.0
6,66,1.32,stand,0.07593,0.07493,0.01227,0.0952,0.03,-1.27,55.25,0.3083,0.0263,2.402,0.0,0.0,0,0.0,0.0
7,66,1.32,stand,0.07276,0.07271,-0.00263,0.09095,0.03,-1.94,61.73,0.3091,0.0249,2.34,0.0,0.0,0,0.0,0.0
0,67,1.34,stand,0.06906,0.069,-0.00292,0.08697,0.03,-2.48,70.11,0.3092,0.0252,2.412,0.0,0.0,0,0.0,0.0
1,67,1.34,stand,0.06518,0.0648,0.00707,0.08383,0.03,-2.28,61.62,0.3099,0.0241,2.299,0.0,0.0,0,0.0,0.0
2,67,1.34,stand,0.06047,0.06018,0.00591,0.07821,0.03,-3.41,76.15,0.3105,0.0266,2.219,0.0,0.0,0,0.0,0.0
3,67,1.34,stand,0.06796,0.06796,0.00013,0.08559,0.03,-2.26,69.91,0.3093,0.0247,2.387,0.0,0.0,0,0.0,0.0
4,67,1.34,stand,0.07232,0.07131,0.01202,0.09164,0.03,-2.22,57.16,0.3095,0.0251,2.393,0.0,0.0,0,0.0,0.0
5,67,1.34,stand,0.07809,0.07801,0.00344,0.09709,0.03,-0.9,55.47,0.3081,0.0268,2.488,0.0,0.0,0,0.0,0.0
6,67,1.34,stand,0.07338,0.07198,0.01426,0.09281,0.03,-1.24,55.67,0.3084,0.0262,2.439,0.0,0.0,0,0.0,0.0
7,67,1.34,stand,0.06943,0.06942,0.0007,0.08638,0.03,-2.05,66.82,0.3094,0.0248,2.383,0.0,0.0,0,0.0,0.0
0,68,1.36,stand,0.06546,0.06546,-0.0007,0.0838,0.03,-2.72,70.56,0.3095,0.0252,2.444,0.0,0.0,0,0.0,0.0
1,68,1.36,stand,0.0616,0.06088,0.00939,0.07894,0.03,-2.45,66.84,0.3102,0.024,2.335,0.0,0.0,0,0.0,0.0
2,68,1.36,stand,0.05625,0.05568,0.00796,0.07465,0.03,-3.32,77.69,0.3108,0.0266,2.252,0.0,0.0,0,0.0,0.0
3,68,1.36,stand,0.06447,0.06439,0.00315,0.08213,0.03,-2.24,72.66,0.3096,0.0246,2.424,0.0,0.0,0,0.0,0.0
4,68,1.36,stand,0.06989,0.0685,0.01386,0.08914,0.03,-1.93,57.68,0.3099,0.025,2.436,0.0,0.0,0,0.0,0.0
5,68,1.36,stand,0.07536,0.07517,0.00539,0.09461,0.03,-1.06,55.83,0.3083,0.0267,2.523,0.0,0.0,0,0.0,0.0
6,68,1.36,stand,0.07085,0.0691,0.01566,0.09048,0.03,-1.3,56.03,0.3086,0.0261,2.474,0.0,0.0,0,0.0,0.0
7,68,1.36,stand,0.0645,0.06443,0.00294,0.08151,0.03,-2.66,70.54,0.3097,0.0246,2.405,0.0,0.0,0,0.0,0.0
0,69,1.38,stand,0.06279,0.06278,0.00126,0.08129,0.03,-2.61,70.92,0.3099,0.0251,2.479,0.0,0.0,0,0.0,0.0
1,69,1.38,stand,0.05667,0.05565,0.0107,0.07314,0.03,-2.74,71.77,0.3106,0.0239,2.363,0.0,0.0,0,0.0,0.0
2,69,1.38,stand,0.05203,0.05104,0.01011,0.06997,0.03,-3.18,81.79,0.311,0.0266,2.284,0.0,0.0,0,0.0,0.0
3,69,1.38,stand,0.06076,0.06046,0.00608,0.07772,0.03,-2.28,76.9,0.3099,0.0245,2.463,0.0,0.0,0,0.0,0.0
4,69,1.38,stand,0.06605,0.06429,0.01512,0.08519,0.03,-1.86,60.37,0.3103,0.0249,2.457,0.0,0.0,0,0.0,0.0
5,69,1.38,stand,0.07277,0.07242,0.0071,0.09228,0.03,-1.13,56.07,0.3084,0.0266,2.557,0.0,0.0,0,0.0,0.0
6,69,1.38,stand,0.06817,0.06609,0.01671,0.08799,0.03,-1.29,56.35,0.3087,0.026,2.505,0.0,0.0,0,0.0,0.0
7,69,1.38,stand,0.06012,0.05985,0.00574,0.07787,0.03,-3.1,72.17,0.3101,0.0245,2.426,0.0,0.0,0,0.0,0.0
0,70,1.4,stand,0.0602,0.06011,0.0034,0.07859,0.03,-2.29,71.44,0.3103,0.0251,2.512,0.0,0.0,0,0.0,0.0
1,70,1.4,stand,0.05197,0.05053,0.01215,0.06858,0.03,-3.21,75.87,0.311,0.0239,2.381,0.0,0.0,0,0.0,0.0
2,70,1.4,stand,0.04782,0.04625,0.01217,0.06554,0.03,-3.2,85.43,0.3113,0.0266,2.311,0.0,0.0,0,0.0,0.0
3,70,1.4,stand,0.05581,0.0551,0.00893,0.07339,0.03,-2.47,78.2,0.3103,0.0245,2.489,0.0,0.0,0,0.0,0.0
4,70,1.4,stand,0.06303,0.0605,0.01768,0.08068,0.03,-1.82,65.55,0.3107,0.0248,2.488,0.0,0.0,0,0.0,0.0
5,70,1.4,stand,0.07008,0.06956,0.00848,0.08991,0.03,-1.15,56.13,0.3086,0.0264,2.587,0.0,0.0,0,0.0,0.0
6,70,1.4,stand,0.06544,0.06303,0.01759,0.08545,0.03,-1.28,56.64,0.3089,0.0258,2.533,0.0,0.0,0,0.0,0.0
7,70,1.4,stand,0.05756,0.057,0.00795,0.07556,0.03,-2.9,72.49,0.3105,0.0245,2.471,0.0,0.0,0,0.0,0.0
0,71,1.42,stand,0.05651,0.05624,0.00555,0.07514,0.03,-1.93,72.38,0.3108,0.0252,2.526,0.0,0.0,0,0.0,0.0
1,71,1.42,stand,0.0486,0.04673,0.01336,0.06586,0.03,-3.28,78.05,0.3114,0.0239,2.391,0.0,0.0,0,0.0,0.0
2,71,1.42,stand,0.04359,0.04128,0.014,0.06219,0.03,-3.01,86.43,0.3116,0.0267,2.334,0.0,0.0,0,0.0,0.0
3,71,1.42,stand,0.05225,0.05108,0.01098,0.06999,0.03,-2.2,78.59,0.3107,0.0245,2.53,0.0,0.0,0,0.0,0.0
4,71,1.42,stand,0.05945,0.0561,0.01967,0.07589,0.03,-2.07,70.67,0.3111,0.0248,2.516,0.0,0.0,0,0.0,0.0
5,71,1.42,stand,0.06721,0.06651,0.00965,0.08736,0.03,-1.05,56.11,0.3088,0.0263,2.612,0.0,0.0,0,0.0,0.0
6,71,1.42,stand,0.06274,0.06004,0.01821,0.08302,0.03,-1.35,56.86,0.3091,0.0256,2.559,0.0,0.0,0,0.0,0.0
7,71,1.42,stand,0.054,0.05316,0.00952,0.07185,0.03,-2.56,73.24,0.3109,0.0245,2.503,0.0,0.0,0,0.0,0.0
0,72,1.44,stand,0.05313,0.05244,0.00856,0.07025,0.03,-1.86,77.54,0.3113,0.0252,2.541,0.0,0.0,0,0.0,0.0
1,72,1.44,stand,0.04592,0.04341,0.01499,0.06255,0.03,-3.04,82.12,0.3119,0.024,2.414,0.0,0.0,0,0.0,0.0
2,72,1.44,stand,0.03976,0.03642,0.01594,0.05833,0.03,-2.82,86.6,0.3119,0.0268,2.351,0.0,0.0,0,0.0,0.0
3,72,1.44,stand,0.04854,0.04685,0.0127,0.06636,0.03,-2.06,79.26,0.3111,0.0245,2.553,0.0,0.0,0,0.0,0.0
4,72,1.44,stand,0.05476,0.05077,0.02053,0.07059,0.03,-2.4,75.41,0.3116,0.0247,2.535,0.0,0.0,0,0.0,0.0
5,72,1.44,stand,0.06433,0.0634,0.01086,0.08465,0.03,-0.88,56.25,0.309,0.0261,2.637,0.0,0.0,0,0.0,0.0
6,72,1.44,stand,0.05994,0.05691,0.01882,0.08038,0.03,-1.19,57.07,0.3093,0.0255,2.583,0.0,0.0,0,0.0,0.0
7,72,1.44,stand,0.04927,0.04809,0.0107,0.06727,0.03,-2.53,76.07,0.3113,0.0245,2.508,0.0,0.0,0,0.0,0.0
0,73,1.46,stand,0.04918,0.04791,0.01109,0.06494,0.03,-1.96,82.72,0.3118,0.0253,2.555,0.0,0.0,0,0.0,0.0
1,73,1.46,stand,0.04156,0.03839,0.0159,0.05741,0.03,-2.95,86.24,0.3123,0.0241,2.422,0.0,0.0,0,0.0,0.0
2,73,1.46,stand,0.03582,0.03128,0.01744,0.05427,0.03,-2.56,83.61,0.3121,0.027,2.36,0.0,0.0,0,0.0,0.0
3,73,1.46,stand,0.04457,0.0422,0.01433,0.06263,0.03,-1.67,80.5,0.3115,0.0246,2.559,0.0,0.0,0,0.0,0.0
4,73,1.46,stand,0.05025,0.04561,0.02108,0.06604,0.03,-2.78,79.53,0.312,0.0247,2.539,0.0,0.0,0,0.0,0.0
5,73,1.46,stand,0.06141,0.06024,0.01195,0.08192,0.03,-0.82,56.44,0.3092,0.026,2.66,0.0,0.0,0,0.0,0.0
6,73,1.46,stand,0.05702,0.05374,0.01907,0.07771,0.03,-1.2,57.28,0.3094,0.0254,2.604,0.0,0.0,0,0.0,0.0
7,73,1.46,stand,0.04581,0.04393,0.01297,0.06279,0.03,-2.45,80.94,0.3117,0.0246,2.521,0.0,0.0,0,0.0,0.0
0,74,1.48,stand,0.04403,0.04206,0.01301,0.05877,0.03,-2.09,87.22,0.3123,0.0253,2.564,0.0,0.0,0,0.0,0.0
1,74,1.48,stand,0.03645,0.03251,0.01647,0.05218,0.03,-2.94,86.37,0.3126,0.0242,2.42,0.0,0.0,0,0.0,0.0
2,74,1.48,stand,0.03139,0.02542,0.01842,0.04988,0.03,-2.26,80.1,0.3124,0.0271,2.358,0.0,0.0,0,0.0,0.0
3,74,1.48,stand,0.04104,0.03764,0.01636,0.05778,0.03,-1.67,85.6,0.312,0.0247,2.56,0.0,0.0,0,0.0,0.0
4,74,1.48,stand,0.04631,0.04096,0.02162,0.06273,0.03,-2.92,82.0,0.3125,0.0247,2.544,0.0,0.0,0,0.0,0.0
5,74,1.48,stand,0.05851,0.05708,0.01284,0.07921,0.03,-0.76,56.64,0.3094,0.0259,2.68,0.0,0.0,0,0.0,0.0
6,74,1.48,stand,0.05408,0.05053,0.01927,0.07499,0.03,-1.13,57.49,0.3096,0.0253,2.622,0.0,0.0,0,0.0,0.0
7,74,1.48,stand,0.04228,0.03951,0.01505,0.05844,0.03,-2.48,85.59,0.3121,0.0247,2.529,0.0,0.0,0,0.0,0.0
0,75,1.5,stand,0.03836,0.03538,0.01483,0.05355,0.03,-2.51,86.44,0.3128,0.0254,2.554,0.0,0.0,0,0.0,0.0
1,75,1.5,stand,0.03221,0.02722,0.01721,0.04808,0.03,-2.9,83.01,0.313,0.0243,2.411,0.0,0.0,0,0.0,0.0
2,75,1.5,stand,0.02758,0.01957,0.01943,0.04617,0.03,-2.01,76.25,0.3126,0.0273,2.342,0.0,0.0,0,0.0,0.0
3,75,1.5,stand,0.03698,0.03237,0.01787,0.05262,0.03,-1.73,87.85,0.3124,0.0248,2.554,0.0,0.0,0,0.0,0.0
4,75,1.5,stand,0.0428,0.03651,0.02233,0.05885,0.03,-2.79,85.69,0.3129,0.0248,2.553,0.0,0.0,0,0.0,0.0
5,75,1.5,stand,0.05552,0.05381,0.01366,0.07637,0.03,-0.68,56.9,0.3095,0.0258,2.697,0.0,0.0,0,0.0,0.0
6,75,1.5,stand,0.05113,0.04732,0.01937,0.07227,0.03,-1.12,57.75,0.3098,0.0253,2.638,0.0,0.0,0,0.0,0.0
7,75,1.5,stand,0.0377,0.03398,0.01632,0.05339,0.03,-2.45,87.26,0.3125,0.0247,2.529,0.0,0.0,0,0.0,0.0
0,76,1.52,stand,0.03453,0.0303,0.01655,0.05095,0.03,-2.41,85.64,0.3132,0.0255,2.539,0.0,0.0,0,0.0,0.0
1,76,1.52,stand,0.02922,0.02308,0.01792,0.04494,0.03,-2.54,80.11,0.3134,0.0245,2.403,0.0,0.0,0,0.0,0.0
2,76,1.52,stand,0.02497,0.01419,0.02054,0.04346,0.03,-1.4,73.76,0.3129,0.0275,2.316,0.0,0.0,0,0.0,0.0
3,76,1.52,stand,0.03238,0.02628,0.01892,0.04721,0.03,-1.67,83.39,0.3128,0.0249,2.54,0.0,0.0,0,0.0,0.0
4,76,1.52,stand,0.03852,0.03121,0.02257,0.05409,0.03,-2.65,87.05,0.3132,0.0249,2.559,0.0,0.0,0,0.0,0.0
5,76,1.52,stand,0.05253,0.05058,0.0142,0.07363,0.03,-0.73,57.14,0.3097,0.0258,2.712,0.0,0.0,0,0.0,0.0
6,76,1.52,stand,0.04813,0.04411,0.01926,0.06955,0.03,-1.16,57.99,0.3099,0.0253,2.651,0.0,0.0,0,0.0,0.0
7,76,1.52,stand,0.03257,0.02773,0.01707,0.0486,0.03,-2.48,84.02,0.3129,0.0248,2.515,0.0,0.0,0,0.0,0.0
0,77,1.54,stand,0.03191,0.02603,0.01846,0.04822,0.03,-2.19,81.84,0.3136,0.0257,2.526,0.0,0.0,0,0.0,0.0
1,77,1.54,stand,0.02531,0.01762,0.01817,0.04089,0.03,-2.27,76.17,0.3137,0.0247,2.369,0.0,0.0,0,0.0,0.0
2,77,1.54,stand,0.02335,0.00918,0.02147,0.04098,0.03,-0.97,69.44,0.3131,0.0277,2.272,0.0,0.0,0,0.0,0.0
3,77,1.54,stand,0.02788,0.01961,0.01982,0.04312,0.03,-1.78,79.14,0.3132,0.0251,2.507,0.0,0.0,0,0.0,0.0
4,77,1.54,stand,0.03357,0.02521,0.02217,0.04946,0.03,-2.62,84.18,0.3135,0.025,2.551,0.0,0.0,0,0.0,0.0
5,77,1.54,stand,0.04947,0.04728,0.01457,0.0708,0.03,-0.76,57.42,0.3098,0.0257,2.725,0.0,0.0,0,0.0,0.0
6,77,1.54,stand,0.04497,0.04074,0.01905,0.06659,0.03,-1.06,58.3,0.31,0.0253,2.662,0.0,0.0,0,0.0,0.0
7,77,1.54,stand,0.02826,0.02194,0.01781,0.04541,0.03,-2.27,82.69,0.3132,0.0249,2.491,0.0,0.0,0,0.0,0.0
0,78,1.56,stand,0.02859,0.02094,0.01947,0.04416,0.03,-1.75,77.56,0.3139,0.0258,2.514,0.0,0.0,0,0.0,0.0
1,78,1.56,stand,0.0218,0.01215,0.0181,0.03663,0.03,-1.45,74.48,0.3139,0.0249,2.341,0.0,0.0,0,0.0,0.0
2,78,1.56,stand,0.02232,0.0035,0.02204,0.03818,0.03,0.04,67.62,0.3134,0.0279,2.223,0.0,0.0,0,0.0,0.0
3,78,1.56,stand,0.02487,0.0141,0.02049,0.04036,0.03,-1.42,76.34,0.3136,0.0252,2.47,0.0,0.0,0,0.0,0.0
4,78,1.56,stand,0.02936,0.01965,0.02182,0.04608,0.03,-2.18,83.43,0.3138,0.0251,2.541,0.0,0.0,0,0.0,0.0
5,78,1.56,stand,0.04634,0.04388,0.01488,0.06787,0.03,-0.78,57.8,0.31,0.0258,2.735,0.0,0.0,0,0.0,0.0
6,78,1.56,stand,0.0418,0.03739,0.01869,0.06367,0.03,-1.1,58.69,0.3102,0.0253,2.669,0.0,0.0,0,0.0,0.0
7,78,1.56,stand,0.02571,0.01718,0.01912,0.04244,0.03,-1.87,78.49,0.3135,0.0251,2.466,0.0,0.0,0,0.0,0.0
0,79,1.58,stand,0.02436,0.01401,0.01992,0.03963,0.03,-1.37,73.39,0.3141,0.026,2.477,0.0,0.0,0,0.0,0.0
1,79,1.58,stand,0.01913,0.00595,0.01818,0.03288,0.03,-1.08,69.79,0.3142,0.0251,2.293,0.0,0.0,0,0.0,0.0
2,79,1.58,stand,0.02253,0.00411,0.02215,0.03717,0.03,0.58,64.57,0.3136,0.0281,2.146,0.0,0.0,0,0.0,0.0
3,79,1.58,stand,0.02314,0.00912,0.02126,0.03776,0.03,-0.85,72.7,0.3139,0.0254,2.427,0.0,0.0,0,0.0,0.0
4,79,1.58,stand,0.02641,0.01443,0.02213,0.04278,0.03,-1.81,79.38,0.3141,0.0253,2.522,0.0,0.0,0,0.0,0.0
5,79,1.58,stand,0.04322,0.04048,0.01514,0.06495,0.03,-0.8,58.23,0.3101,0.0258,2.741,0.0,0.0,0,0.0,0.0
6,79,1.58,stand,0.03866,0.03395,0.01849,0.06068,0.03,-1.05,59.22,0.3103,0.0254,2.673,0.0,0.0,0,0.0,0.0
7,79,1.58,stand,0.0236,0.01226,0.02016,0.03961,0.03,-1.45,73.98,0.3137,0.0253,2.434,0.0,0.0,0,0.0,0.0
0,80,1.6,stand,0.02185,0.00734,0.02057,0.03682,0.03,-0.6,72.85,0.3144,0.0262,2.435,0.0,0.0,0,0.0,0.0
1,80,1.6,stand,0.01928,0.00305,0.01903,0.03072,0.03,-0.37,67.23,0.3145,0.0253,2.255,0.0,0.0,0,0.0,0.0
2,80,1.6,stand,0.02,0.00426,0.01954,0.03749,0.03,-0.09,61.31,0.314,0.0282,2.088,0.0,0.0,0,0.0,0.0
3,80,1.6,stand,0.0223,0.0048,0.02177,0.03516,0.03,-0.14,69.11,0.3141,0.0256,2.377,0.0,0.0,0,0.0,0.0
4,80,1.6,stand,0.02391,0.00914,0.02209,0.03953,0.03,-1.37,74.87,0.3143,0.0255,2.496,0.0,0.0,0,0.0,0.0
5,80,1.6,stand,0.04004,0.03701,0.01529,0.06195,0.03,-0.83,58.78,0.3102,0.0259,2.744,0.0,0.0,0,0.0,0.0
6,80,1.6,stand,0.0354,0.03046,0.01804,0.05756,0.03,-1.04,59.86,0.3104,0.0255,2.673,0.0,0.0,0,0.0,0.0
7,80,1.6,stand,0.0215,0.00668,0.02044,0.03636,0.03,-0.77,70.38,0.3139,0.0255,2.393,0.0,0.0,0,0.0,0.0
0,81,1.62,stand,0.02205,0.00206,0.02195,0.03571,0.03,0.17,71.07,0.3146,0.0264,2.38,0.0,0.0,0,0.0,0.0
1,81,1.62,stand,0.01784,0.00096,0.01781,0.03112,0.03,-0.4,66.24,0.3148,0.0255,2.194,0.0,0.0,0,0.0,0.0
2,81,1.62,stand,0.01962,0.00144,0.01957,0.03467,0.03,0.15,58.15,0.3142,0.0283,2.067,0.0,0.0,0,0.0,0.0
3,81,1.62,stand,0.02245,0.00416,0.02206,0.03354,0.03,0.75,68.4,0.3144,0.0258,2.304,0.0,0.0,0,0.0,0.0
4,81,1.62,stand,0.02168,0.00366,0.02137,0.03644,0.03,-0.79,71.24,0.3145,0.0257,2.454,0.0,0.0,0,0.0,0.0
5,81,1.62,stand,0.03677,0.03344,0.0153,0.05885,0.03,-0.88,59.44,0.3103,0.026,2.744,0.0,0.0,0,0.0,0.0
6,81,1.62,stand,0.0313,0.02614,0.01722,0.05397,0.03,-1.07,60.73,0.3105,0.0257,2.659,0.0,0.0,0,0.0,0.0
7,81,1.62,stand,0.02089,0.0015,0.02084,0.03407,0.03,0.13,69.08,0.3141,0.0257,2.332,0.0,0.0,0,0.0,0.0
0,82,1.64,stand,0.02313,0.00399,0.02279,0.03444,0.03,0.76,67.25,0.3149,0.0266,2.343,0.0,0.0,0,0.0,0.0
1,82,1.64,stand,0.01658,0.00461,0.01593,0.03135,0.03,-0.86,65.94,0.3151,0.0256,2.192,0.0,0.0,0,0.0,0.0
2,82,1.64,stand,0.01724,0.00338,0.01691,0.03601,0.03,-0.73,57.05,0.3145,0.0284,1.98,0.0,0.0,0,0.0,0.0
3,82,1.64,stand,0.02057,0.0026,0.02041,0.03379,0.03,0.47,65.95,0.3147,0.026,2.254,0.0,0.0,0,0.0,0.0
4,82,1.64,stand,0.02137,0.00485,0.02081,0.03421,0.03,0.15,70.41,0.3146,0.026,2.402,0.0,0.0,0,0.0,0.0
5,82,1.64,stand,0.0333,0.02968,0.01512,0.0556,0.03,-0.89,60.62,0.3104,0.0262,2.737,0.0,0.0,0,0.0,0.0
6,82,1.64,stand,0.02749,0.02121,0.01748,0.04975,0.03,-0.25,61.7,0.3105,0.0259,2.661,0.0,0.0,0,0.0,0.0
7,82,1.64,stand,0.01989,0.00148,0.01983,0.03429,0.03,0.29,67.97,0.3144,0.0258,2.278,0.0,0.0,0,0.0,0.0
0,83,1.66,stand,0.02089,0.00263,0.02072,0.03492,0.03,0.42,65.23,0.3152,0.0267,2.272,0.0,0.0,0,0.0,0.0
1,83,1.66,stand,0.01559,0.00105,0.01556,0.03016,0.03,-0.8,62.16,0.3152,0.0257,2.109,0.0,0.0,0,0.0,0.0
2,83,1.66,stand,0.01606,0.0028,0.01581,0.03161,0.03,-0.24,56.41,0.3148,0.0285,1.956,0.0,0.0,0,0.0,0.0
3,83,1.66,stand,0.01991,0.00541,0.01916,0.03264,0.03,0.36,63.01,0.3151,0.0262,2.252,0.0,0.0,0,0.0,0.0
4,83,1.66,stand,0.02121,0.00627,0.02026,0.03363,0.03,0.49,69.5,0.3148,0.0261,2.36,0.0,0.0,0,0.0,0.0
5,83,1.66,stand,0.02965,0.02546,0.01521,0.05196,0.03,-0.76,62.84,0.3105,0.0263,2.721,0.0,0.0,0,0.0,0.0
6,83,1.66,stand,0.0243,0.01625,0.01807,0.0449,0.03,0.28,66.5,0.3106,0.0261,2.665,0.0,0.0,0,0.0,0.0
7,83,1.66,stand,0.02165,0.00541,0.02097,0.03217,0.03,1.01,64.77,0.3146,0.0261,2.258,0.0,0.0,0,0.0,0.0
0,84,1.68,stand,0.01814,0.00333,0.01783,0.03289,0.03,0.17,62.51,0.3155,0.0268,2.259,0.0,0.0,0,0.0,0.0
1,84,1.68,stand,0.01366,0.00212,0.0135,0.02873,0.03,-0.81,60.6,0.3154,0.0258,2.075,0.0,0.0,0,0.0,0.0
2,84,1.68,stand,0.01574,0.00517,0.01487,0.02827,0.03,-0.16,56.17,0.315,0.0286,1.938,0.0,0.0,0,0.0,0.0
3,84,1.68,stand,0.01753,0.00288,0.01729,0.03355,0.03,-0.21,62.51,0.3153,0.0263,2.184,0.0,0.0,0,0.0,0.0
4,84,1.68,stand,0.02022,0.00488,0.01962,0.03428,0.03,0.24,66.0,0.3151,0.0263,2.307,0.0,0.0,0,0.0,0.0
5,84,1.68,stand,0.02611,0.02077,0.01582,0.04741,0.03,-0.18,66.72,0.3105,0.0266,2.722,0.0,0.0,0,0.0,0.0
6,84,1.68,stand,0.02098,0.01129,0.01768,0.04006,0.03,0.46,71.42,0.3106,0.0263,2.659,0.0,0.0,0,0.0,0.0
7,84,1.68,stand,0.02137,0.00644,0.02038,0.0325,0.03,0.88,61.84,0.3148,0.0263,2.173,0.0,0.0,0,0.0,0.0
0,85,1.7,stand,0.01662,0.00054,0.01661,0.03377,0.03,-0.13,60.53,0.3157,0.0269,2.175,0.0,0.0,0,0.0,0.0
1,85,1.7,stand,0.01152,0.00283,0.01117,0.03128,0.03,-1.43,59.91,0.3157,0.0259,2.02,0.0,0.0,0,0.0,0.0
2,85,1.7,stand,0.01463,0.00525,0.01366,0.02934,0.03,-0.27,57.26,0.3152,0.0287,1.867,0.0,0.0,0,0.0,0.0
3,85,1.7,stand,0.01531,0.00081,0.01529,0.0338,0.03,-0.38,62.17,0.3156,0.0264,2.106,0.0,0.0,0,0.0,0.0
4,85,1.7,stand,0.01858,0.00199,0.01847,0.03343,0.03,-0.1,62.08,0.3153,0.0265,2.267,0.0,0.0,0,0.0,0.0
5,85,1.7,stand,0.02221,0.01563,0.01579,0.04259,0.03,0.22,70.62,0.3105,0.0268,2.723,0.0,0.0,0,0.0,0.0
6,85,1.7,stand,0.01811,0.00635,0.01696,0.03557,0.03,0.54,76.41,0.3106,0.0265,2.644,0.0,0.0,0,0.0,0.0
7,85,1.7,stand,0.01827,0.006,0.01726,0.03271,0.03,0.46,60.09,0.3151,0.0264,2.101,0.0,0.0,0,0.0,0.0
0,86,1.72,stand,0.01379,0.00219,0.01361,0.03437,0.03,-0.54,59.16,0.3159,0.0269,2.126,0.0,0.0,0,0.0,0.0
1,86,1.72,stand,0.01341,0.00377,0.01287,0.02807,0.03,-0.86,57.3,0.3158,0.026,2.003,0.0,0.0,0,0.0,0.0
2,86,1.72,stand,0.01244,0.00413,0.01174,0.02797,0.03,-0.36,60.86,0.3154,0.0288,1.875,0.0,0.0,0,0.0,0.0
3,86,1.72,stand,0.01362,0.00257,0.01338,0.03051,0.03,0.08,62.04,0.3158,0.0265,2.082,0.0,0.0,0,0.0,0.0
4,86,1.72,stand,0.01637,0.00485,0.01564,0.03454,0.03,-0.7,59.44,0.3155,0.0265,2.187,0.0,0.0,0,0.0,0.0
5,86,1.72,stand,0.01913,0.01053,0.01597,0.0379,0.03,0.45,75.54,0.3106,0.027,2.716,0.0,0.0,0,0.0,0.0
6,86,1.72,stand,0.01674,0.00219,0.01659,0.03224,0.03,0.73,81.2,0.3107,0.0267,2.617,0.0,0.0,0,0.0,0.0
7,86,1.72,stand,0.01628,0.00338,0.01592,0.03129,0.03,0.34,57.99,0.3154,0.0265,2.086,0.0,0.0,0,0.0,0.0
0,87,1.74,stand,0.01448,0.00453,0.01375,0.02979,0.03,0.52,57.64,0.3161,0.0271,2.111,0.0,0.0,0,0.0,0.0
1,87,1.74,stand,0.01219,0.00367,0.01162,0.02768,0.03,-1.12,56.77,0.316,0.0261,1.954,0.0,0.0,0,0.0,0.0
2,87,1.74,stand,0.01358,0.00732,0.01144,0.02529,0.03,-0.14,62.65,0.3156,0.0289,1.888,0.0,0.0,0,0.0,0.0
3,87,1.74,stand,0.0131,0.00301,0.01275,0.03228,0.03,-0.29,59.57,0.316,0.0267,1.996,0.0,0.0,0,0.0,0.0
4,87,1.74,stand,0.01328,0.00513,0.01225,0.03475,0.03,-1.2,58.72,0.3156,0.0265,2.15,0.0,0.0,0,0.0,0.0
5,87,1.74,stand,0.01728,0.00587,0.01625,0.03437,0.03,0.63,80.25,0.3106,0.0272,2.696,0.0,0.0,0,0.0,0.0
6,87,1.74,stand,0.01677,0.00223,0.01662,0.02955,0.03,1.22,85.8,0.3107,0.027,2.579,0.0,0.0,0,0.0,0.0
7,87,1.74,stand,0.01481,0.00086,0.01479,0.03306,0.03,-0.27,56.04,0.3157,0.0267,2.027,0.0,0.0,0,0.0,0.0
0,88,1.76,stand,0.01393,0.00527,0.0129,0.0286,0.03,0.45,56.93,0.3163,0.0271,2.071,0.0,0.0,0,0.0,0.0
1,88,1.76,stand,0.01243,0.00615,0.0108,0.02576,0.03,-0.86,57.75,0.3161,0.0261,1.945,0.0,0.0,0,0.0,0.0
2,88,1.76,stand,0.0124,0.00644,0.01059,0.0267,0.03,-0.56,62.75,0.3157,0.029,1.819,0.0,0.0,0,0.0,0.0
3,88,1.76,stand,0.01196,0.00237,0.01172,0.02984,0.03,-0.12,59.25,0.3162,0.0268,1.994,0.0,0.0,0,0.0,0.0
4,88,1.76,stand,0.01301,0.00094,0.01298,0.0299,0.03,-0.31,56.97,0.3157,0.0267,2.126,0.0,0.0,0,0.0,0.0
5,88,1.76,stand,0.01664,0.00161,0.01656,0.03157,0.03,1.08,84.55,0.3106,0.0274,2.667,0.0,0.0,0,0.0,0.0
6,88,1.76,stand,0.01789,0.00648,0.01667,0.02664,0.03,1.92,87.93,0.3107,0.0272,2.529,0.0,0.0,0,0.0,0.0
7,88,1.76,stand,0.01756,0.00957,0.01472,0.02763,0.03,0.76,54.86,0.3158,0.027,2.041,0.0,0.0,0,0.0,0.0
0,89,1.78,stand,0.01275,0.00335,0.0123,0.02984,0.03,-0.38,56.97,0.3165,0.0272,2.045,0.0,0.0,0,0.0,0.0
1,89,1.78,stand,0.01153,0.00492,0.01042,0.02481,0.03,-0.93,57.51,0.3162,0.0262,1.902,0.0,0.0,0,0.0,0.0
2,89,1.78,stand,0.01322,0.00771,0.01074,0.02484,0.03,-0.6,62.98,0.3158,0.0292,1.827,0.0,0.0,0,0.0,0.0
3,89,1.78,stand,0.01453,0.00905,0.01137,0.02534,0.03,0.37,58.69,0.3164,0.027,2.005,0.0,0.0,0,0.0,0.0
4,89,1.78,stand,0.01282,0.00267,0.01254,0.02807,0.03,-0.41,56.49,0.3159,0.0267,2.112,0.0,0.0,0,0.0,0.0
5,89,1.78,stand,0.01714,0.00323,0.01683,0.02841,0.03,1.71,88.27,0.3106,0.0277,2.624,0.0,0.0,0,0.0,0.0
6,89,1.78,stand,0.01552,0.00392,0.01502,0.02647,0.03,1.58,84.45,0.3109,0.0273,2.506,0.0,0.0,0,0.0,0.0
7,89,1.78,stand,0.01679,0.00797,0.01478,0.02801,0.03,0.56,54.26,0.316,0.0272,1.972,0.0,0.0,0,0.0,0.0
0,90,1.8,stand,0.0129,0.00259,0.01264,0.03159,0.03,-0.72,57.47,0.3167,0.0273,1.996,0.0,0.0,0,0.0,0.0
1,90,1.8,stand,0.012,0.00638,0.01016,0.02455,0.03,-0.9,58.24,0.3163,0.0263,1.878,0.0,0.0,0,0.0,0.0
2,90,1.8,stand,0.0117,0.00566,0.01024,0.02805,0.03,-1.32,62.78,0.3159,0.0294,1.787,0.0,0.0,0,0.0,0.0
3,90,1.8,stand,0.01311,0.00715,0.01099,0.0262,0.03,0.09,58.59,0.3165,0.0271,1.917,0.0,0.0,0,0.0,0.0
4,90,1.8,stand,0.01335,0.00479,0.01246,0.02617,0.03,-0.48,56.37,0.316,0.0268,2.103,0.0,0.0,0,0.0,0.0
5,90,1.8,stand,0.01833,0.00743,0.01676,0.02562,0.03,2.3,84.96,0.3107,0.0279,2.581,0.0,0.0,0,0.0,0.0
6,90,1.8,stand,0.0145,0.00422,0.01388,0.02655,0.03,1.15,80.01,0.311,0.0274,2.464,0.0,0.0,0,0.0,0.0
7,90,1.8,stand,0.0143,0.00663,0.01266,0.02748,0.03,-0.08,54.87,0.3162,0.0273,1.981,0.0,0.0,0,0.0,0.0
0,91,1.82,stand,0.01285,0.00516,0.01177,0.02854,0.03,-0.38,60.47,0.3167,0.0273,2.009,0.0,0.0,0,0.0,0.0
1,91,1.82,stand,0.01264,0.00805,0.00974,0.02435,0.03,-0.89,60.3,0.3164,0.0263,1.873,0.0,0.0,0,0.0,0.0
2,91,1.82,stand,0.01228,0.00627,0.01055,0.02813,0.03,-1.2,62.81,0.3159,0.0296,1.773,0.0,0.0,0,0.0,0.0
3,91,1.82,stand,0.01437,0.00908,0.01113,0.02472,0.03,0.16,59.1,0.3167,0.0272,1.905,0.0,0.0,0,0.0,0.0
4,91,1.82,stand,0.01212,0.00554,0.01078,0.02765,0.03,-0.6,57.27,0.3161,0.0268,2.041,0.0,0.0,0,0.0,0.0
5,91,1.82,stand,0.01489,0.0047,0.01413,0.02644,0.03,1.48,80.89,0.3108,0.0279,2.565,0.0,0.0,0,0.0,0.0
6,91,1.82,stand,0.01383,0.00538,0.01274,0.02487,0.03,1.15,75.89,0.3111,0.0275,2.396,0.0,0.0,0,0.0,0.0
7,91,1.82,stand,0.01396,0.00593,0.01264,0.02823,0.03,-0.5,55.25,0.3164,0.0274,1.972,0.0,0.0,0,0.0,0.0
0,92,1.84,stand,0.0125,0.00578,0.01108,0.03031,0.03,-0.77,61.83,0.3168,0.0274,1.963,0.0,0.0,0,0.0,0.0
1,92,1.84,stand,0.01335,0.00943,0.00944,0.02407,0.03,-0.72,62.87,0.3164,0.0264,1.856,0.0,0.0,0,0.0,0.0
2,92,1.84,stand,0.0131,0.007,0.01107,0.03106,0.03,-1.5,62.45,0.3159,0.0298,1.734,0.0,0.0,0,0.0,0.0
3,92,1.84,stand,0.01374,0.00692,0.01187,0.02815,0.03,-0.42,59.14,0.3169,0.0274,1.846,0.0,0.0,0,0.0,0.0
4,92,1.84,stand,0.01001,0.00455,0.00891,0.02587,0.03,-0.68,61.14,0.3163,0.0268,2.06,0.0,0.0,0,0.0,0.0
5,92,1.84,stand,0.0143,0.0059,0.01303,0.02574,0.03,1.52,78.02,0.311,0.0281,2.503,0.0,0.0,0,0.0,0.0
6,92,1.84,stand,0.01176,0.00466,0.0108,0.02539,0.03,0.68,71.9,0.3113,0.0276,2.332,0.0,0.0,0,0.0,0.0
7,92,1.84,stand,0.01368,0.00684,0.01184,0.0274,0.03,-0.59,59.47,0.3166,0.0275,1.972,0.0,0.0,0,0.0,0.0
0,93,1.86,stand,0.01207,0.00521,0.01089,0.02852,0.03,-0.68,63.39,0.3169,0.0275,1.978,0.0,0.0,0,0.0,0.0
1,93,1.86,stand,0.01408,0.00968,0.01022,0.02667,0.03,-0.95,62.69,0.3164,0.0266,1.813,0.0,0.0,0,0.0,0.0
2,93,1.86,stand,0.01377,0.00613,0.01233,0.03195,0.03,-1.63,62.25,0.3159,0.0301,1.723,0.0,0.0,0,0.0,0.0
3,93,1.86,stand,0.01501,0.00889,0.0121,0.02595,0.03,-0.13,59.76,0.3171,0.0275,1.846,0.0,0.0,0,0.0,0.0
4,93,1.86,stand,0.01007,0.00509,0.00869,0.02593,0.03,-0.88,62.32,0.3163,0.0268,2.059,0.0,0.0,0,0.0,0.0
5,93,1.86,stand,0.01562,0.00966,0.01228,0.02424,0.03,1.43,73.4,0.3111,0.0282,2.472,0.0,0.0,0,0.0,0.0
6,93,1.86,stand,0.01426,0.00782,0.01192,0.02392,0.03,0.87,68.33,0.3114,0.0278,2.301,0.0,0.0,0,0.0,0.0
7,93,1.86,stand,0.01264,0.00705,0.01049,0.02814,0.03,-0.92,63.49,0.3166,0.0276,1.944,0.0,0.0,0,0.0,0.0
0,94,1.88,stand,0.01137,0.00269,0.01105,0.03085,0.03,-1.5,63.83,0.3169,0.0277,1.967,0.0,0.0,0,0.0,0.0
1,94,1.88,stand,0.01517,0.01017,0.01126,0.03014,0.03,-1.2,61.83,0.3165,0.0268,1.757,0.0,0.0,0,0.0,0.0
2,94,1.88,stand,0.01444,0.00733,0.01244,0.03368,0.03,-1.82,62.02,0.3159,0.0303,1.681,0.0,0.0,0,0.0,0.0
3,94,1.88,stand,0.01477,0.00794,0.01245,0.02813,0.03,-0.66,59.83,0.3172,0.0276,1.815,0.0,0.0,0,0.0,0.0
4,94,1.88,stand,0.00992,0.00593,0.00795,0.02621,0.03,-1.04,64.14,0.3163,0.0268,2.041,0.0,0.0,0,0.0,0.0
5,94,1.88,stand,0.01174,0.00556,0.01033,0.02577,0.03,0.56,70.62,0.3113,0.0283,2.395,0.0,0.0,0,0.0,0.0
6,94,1.88,stand,0.0098,0.00349,0.00916,0.02597,0.03,0.01,67.15,0.3116,0.0278,2.219,0.0,0.0,0,0.0,0.0
7,94,1.88,stand,0.01182,0.00766,0.00901,0.02515,0.03,-1.1,64.23,0.3167,0.0277,1.956,0.0,0.0,0,0.0,0.0
0,95,1.9,stand,0.01188,0.00457,0.01096,0.03311,0.03,-1.75,65.78,0.317,0.0279,1.922,0.0,0.0,0,0.0,0.0
1,95,1.9,stand,0.01437,0.00823,0.01178,0.03112,0.03,-1.59,60.52,0.3165,0.027,1.735,0.0,0.0,0,0.0,0.0
2,95,1.9,stand,0.01478,0.00816,0.01233,0.03402,0.03,-1.83,61.81,0.3158,0.0305,1.649,0.0,0.0,0,0.0,0.0
3,95,1.9,stand,0.01386,0.00675,0.01211,0.02824,0.03,-1.12,60.88,0.3173,0.0277,1.819,0.0,0.0,0,0.0,0.0
4,95,1.9,stand,0.01012,0.00721,0.00711,0.0275,0.03,-1.16,64.96,0.3163,0.0269,2.004,0.0,0.0,0,0.0,0.0
5,95,1.9,stand,0.01476,0.0095,0.0113,0.0232,0.03,1.11,67.51,0.3114,0.0285,2.362,0.0,0.0,0,0.0,0.0
6,95,1.9,stand,0.01193,0.00714,0.00955,0.02327,0.03,0.75,67.4,0.3118,0.028,2.191,0.0,0.0,0,0.0,0.0
7,95,1.9,stand,0.01093,0.00747,0.00798,0.02518,0.03,-1.33,64.19,0.3167,0.0279,1.915,0.0,0.0,0,0.0,0.0
0,96,1.92,stand,0.01215,0.00489,0.01112,0.03182,0.03,-1.24,66.52,0.317,0.0281,1.908,0.0,0.0,0,0.0,0.0
1,96,1.92,stand,0.01334,0.00818,0.01054,0.03221,0.03,-1.95,60.11,0.3165,0.0271,1.704,0.0,0.0,0,0.0,0.0
2,96,1.92,stand,0.01554,0.00962,0.0122,0.03537,0.03,-1.95,61.46,0.3158,0.0307,1.606,0.0,0.0,0,0.0,0.0
3,96,1.92,stand,0.01204,0.00448,0.01117,0.02971,0.03,-1.85,62.51,0.3174,0.0278,1.806,0.0,0.0,0,0.0,0.0
4,96,1.92,stand,0.01125,0.00809,0.00782,0.02957,0.03,-1.27,64.75,0.3163,0.027,1.958,0.0,0.0,0,0.0,0.0
5,96,1.92,stand,0.01158,0.00551,0.01019,0.0244,0.03,0.69,66.58,0.3117,0.0286,2.278,0.0,0.0,0,0.0,0.0
6,96,1.92,stand,0.01335,0.00893,0.00992,0.02139,0.03,0.8,65.06,0.312,0.0281,2.155,0.0,0.0,0,0.0,0.0
7,96,1.92,stand,0.01192,0.00823,0.00863,0.02427,0.03,-1.16,63.79,0.3166,0.0281,1.896,0.0,0.0,0,0.0,0.0
0,97,1.94,stand,0.01264,0.0042,0.01192,0.03233,0.03,-1.3,66.6,0.317,0.0283,1.893,0.0,0.0,0,0.0,0.0
1,97,1.94,stand,0.01196,0.0077,0.00915,0.0311,0.03,-1.95,60.25,0.3164,0.0271,1.696,0.0,0.0,0,0.0,0.0
2,97,1.94,stand,0.01531,0.0092,0.01223,0.03691,0.03,-2.37,61.09,0.3158,0.0309,1.578,0.0,0.0,0,0.0,0.0
3,97,1.94,stand,0.01163,0.00473,0.01063,0.03101,0.03,-2.06,65.18,0.3174,0.028,1.77,0.0,0.0,0,0.0,0.0
4,97,1.94,stand,0.0122,0.00744,0.00967,0.0308,0.03,-1.45,63.3,0.3163,0.0272,1.93,0.0,0.0,0,0.0,0.0
5,97,1.94,stand,0.00987,0.00338,0.00927,0.02668,0.03,0.29,66.15,0.312,0.0287,2.213,0.0,0.0,0,0.0,0.0
6,97,1.94,stand,0.01097,0.00627,0.009,0.02298,0.03,0.01,64.78,0.3123,0.0282,2.114,0.0,0.0,0,0.0,0.0
7,97,1.94,stand,0.01363,0.01007,0.0092,0.02263,0.03,-0.98,63.52,0.3165,0.0282,1.886,0.0,0.0,0,0.0,0.0
0,98,1.96,stand,0.0137,0.00479,0.01284,0.03461,0.03,-1.58,66.44,0.3171,0.0286,1.852,0.0,0.0,0,0.0,0.0
1,98,1.96,stand,0.01195,0.00963,0.00708,0.03461,0.03,-2.63,59.96,0.3164,0.0272,1.65,0.0,0.0,0,0.0,0.0
2,98,1.96,stand,0.01455,0.00793,0.01219,0.03736,0.03,-2.7,60.84,0.3158,0.0311,1.559,0.0,0.0,0,0.0,0.0
3,98,1.96,stand,0.01203,0.00461,0.01111,0.03142,0.03,-1.86,65.73,0.3174,0.0282,1.749,0.0,0.0,0,0.0,0.0
4,98,1.96,stand,0.01268,0.00834,0.00955,0.03231,0.03,-1.69,62.66,0.3162,0.0273,1.893,0.0,0.0,0,0.0,0.0
5,98,1.96,stand,0.01325,0.00766,0.01081,0.02635,0.03,0.42,63.64,0.3122,0.029,2.195,0.0,0.0,0,0.0,0.0
6,98,1.96,stand,0.01045,0.00568,0.00877,0.02347,0.03,-0.43,65.1,0.3125,0.0284,2.1,0.0,0.0,0,0.0,0.0
7,98,1.96,stand,0.01546,0.01235,0.00929,0.02091,0.03,-0.85,63.01,0.3164,0.0284,1.861,0.0,0.0,0,0.0,0.0
0,99,1.98,stand,0.01404,0.00392,0.01348,0.03489,0.03,-1.7,66.28,0.3171,0.0288,1.835,0.0,0.0,0,0.0,0.0
1,99,1.98,stand,0.01005,0.00691,0.0073,0.0335,0.03,-2.5,60.01,0.3163,0.0272,1.621,0.0,0.0,0,0.0,0.0
2,99,1.98,stand,0.01458,0.00938,0.01116,0.03864,0.03,-3.01,60.4,0.3158,0.0312,1.512,0.0,0.0,0,0.0,0.0
3,99,1.98,stand,0.01253,0.00235,0.0123,0.03276,0.03,-2.14,65.73,0.3174,0.0285,1.741,0.0,0.0,0,0.0,0.0
4,99,1.98,stand,0.01087,0.00759,0.00778,0.03197,0.03,-1.93,62.0,0.3161,0.0273,1.881,0.0,0.0,0,0.0,0.0
5,99,1.98,stand,0.0139,0.01022,0.00942,0.02832,0.03,-0.31,63.22,0.3125,0.0291,2.175,0.0,0.0,0,0.0,0.0
6,99,1.98,stand,0.00916,0.00475,0.00783,0.02401,0.03,-0.81,65.71,0.3127,0.0285,2.078,0.0,0.0,0,0.0,0.0
7,99,1.98,stand,0.01427,0.01124,0.00879,0.02165,0.03,-1.18,62.4,0.3163,0.0285,1.811,0.0,0.0,0,0.0,0.0
0,100,2.0,stand,0.01456,0.00604,0.01325,0.0361,0.03,-1.93,66.06,0.3171,0.0289,1.789,0.0,0.0,0,0.0,0.0
1,100,2.0,stand,0.00938,0.00506,0.0079,0.03398,0.03,-2.83,59.49,0.3163,0.0274,1.596,0.0,0.0,0,0.0,0.0
2,100,2.0,stand,0.01472,0.01009,0.01072,0.03937,0.03,-3.17,59.98,0.3157,0.0314,1.476,0.0,0.0,0,0.0,0.0
3,100,2.0,stand,0.01339,0.00307,0.01303,0.03524,0.03,-2.54,65.52,0.3175,0.0288,1.706,0.0,0.0,0,0.0,0.0
4,100,2.0,stand,0.00882,0.00656,0.0059,0.03185,0.03,-2.14,62.16,0.316,0.0273,1.859,0.0,0.0,0,0.0,0.0
5,100,2.0,stand,0.01199,0.00869,0.00825,0.02854,0.03,-1.01,61.47,0.3128,0.0291,2.134,0.0,0.0,0,0.0,0.0
6,100,2.0,stand,0.00874,0.00521,0.00701,0.02433,0.03,-0.78,66.29,0.3128,0.0286,2.045,0.0,0.0,0,0.0,0.0
7,100,2.0,stand,0.01599,0.01338,0.00877,0.02165,0.03,-1.15,62.88,0.3163,0.0286,1.79,0.0,0.0,0,0.0,0.0
0,101,2.02,stand,0.01386,0.00446,0.01313,0.03477,0.03,-1.87,66.01,0.3172,0.0291,1.778,0.0,0.0,0,0.0,0.0
1,101,2.02,stand,0.00925,0.00286,0.0088,0.03117,0.03,-2.21,59.42,0.3162,0.0275,1.568,0.0,0.0,0,0.0,0.0
2,101,2.02,stand,0.01468,0.00991,0.01083,0.03997,0.03,-3.4,59.66,0.3157,0.0315,1.452,0.0,0.0,0,0.0,0.0
3,101,2.02,stand,0.01411,0.00478,0.01327,0.03634,0.03,-2.65,65.28,0.3175,0.029,1.668,0.0,0.0,0,0.0,0.0
4,101,2.02,stand,0.00891,0.00764,0.00458,0.03475,0.03,-2.75,61.65,0.3159,0.0274,1.814,0.0,0.0,0,0.0,0.0
5,101,2.02,stand,0.00956,0.00607,0.00738,0.02694,0.03,-1.1,61.32,0.313,0.0292,2.108,0.0,0.0,0,0.0,0.0
6,101,2.02,stand,0.00994,0.00542,0.00834,0.02497,0.03,-0.82,66.07,0.313,0.0288,2.027,0.0,0.0,0,0.0,0.0
7,101,2.02,stand,0.01835,0.01563,0.00961,0.02264,0.03,-1.27,60.61,0.3162,0.0287,1.749,0.0,0.0,0,0.0,0.0
0,102,2.04,stand,0.01378,0.00438,0.01306,0.03594,0.03,-2.34,65.83,0.3172,0.0293,1.752,0.0,0.0,0,0.0,0.0
1,102,2.04,stand,0.00997,0.00333,0.0094,0.0303,0.03,-2.05,58.66,0.3161,0.0276,1.537,0.0,0.0,0,0.0,0.0
2,102,2.04,stand,0.01554,0.01068,0.01128,0.04108,0.03,-3.54,59.23,0.3156,0.0317,1.412,0.0,0.0,0,0.0,0.0
3,102,2.04,stand,0.01431,0.00535,0.01327,0.03652,0.03,-2.68,65.07,0.3175,0.0291,1.64,0.0,0.0,0,0.0,0.0
4,102,2.04,stand,0.00951,0.00832,0.00459,0.03682,0.03,-3.0,61.74,0.3158,0.0274,1.773,0.0,0.0,0,0.0,0.0
5,102,2.04,stand,0.00749,0.00392,0.00639,0.02545,0.03,-0.74,61.21,0.3131,0.0293,2.071,0.0,0.0,0,0.0,0.0
6,102,2.04,stand,0.0106,0.0056,0.00899,0.02729,0.03,-0.98,65.57,0.3132,0.0291,1.98,0.0,0.0,0,0.0,0.0
7,102,2.04,stand,0.01632,0.01202,0.01104,0.02613,0.03,-2.13,57.49,0.3164,0.0288,1.671,0.0,0.0,0,0.0,0.0
0,103,2.06,stand,0.01469,0.00703,0.0129,0.03883,0.03,-3.04,65.69,0.3172,0.0295,1.712,0.0,0.0,0,0.0,0.0
1,103,2.06,stand,0.011,0.00458,0.01,0.03431,0.03,-2.73,57.9,0.3161,0.0277,1.489,0.0,0.0,0,0.0,0.0
2,103,2.06,stand,0.01631,0.01173,0.01133,0.0421,0.03,-3.58,58.89,0.3155,0.0318,1.365,0.0,0.0,0,0.0,0.0
3,103,2.06,stand,0.01465,0.00554,0.01356,0.03742,0.03,-2.92,64.83,0.3175,0.0293,1.617,0.0,0.0,0,0.0,0.0
4,103,2.06,stand,0.0099,0.008,0.00582,0.03694,0.03,-3.03,60.47,0.3158,0.0276,1.738,0.0,0.0,0,0.0,0.0
5,103,2.06,stand,0.00901,0.00689,0.0058,0.02375,0.03,-0.62,61.6,0.3133,0.0293,2.092,0.0,0.0,0,0.0,0.0
6,103,2.06,stand,0.01063,0.00487,0.00945,0.02813,0.03,-1.21,63.64,0.3133,0.0293,1.956,0.0,0.0,0,0.0,0.0
7,103,2.06,stand,0.01626,0.01033,0.01255,0.02882,0.03,-2.38,57.69,0.3165,0.0289,1.618,0.0,0.0,0,0.0,0.0
0,104,2.08,stand,0.0144,0.00681,0.01269,0.03907,0.03,-3.24,65.83,0.3172,0.0296,1.7,0.0,0.0,0,0.0,0.0
1,104,2.08,stand,0.0128,0.00491,0.01182,0.03633,0.03,-3.12,57.53,0.3161,0.0279,1.473,0.0,0.0,0,0.0,0.0
2,104,2.08,stand,0.01604,0.01121,0.01147,0.04182,0.03,-3.5,58.6,0.3155,0.0319,1.333,0.0,0.0,0,0.0,0.0
3,104,2.08,stand,0.01555,0.00715,0.0138,0.03937,0.03,-3.28,64.62,0.3175,0.0295,1.582,0.0,0.0,0,0.0,0.0
4,104,2.08,stand,0.00845,0.00477,0.00697,0.03322,0.03,-2.16,60.37,0.3156,0.0277,1.711,0.0,0.0,0,0.0,0.0
5,104,2.08,stand,0.0124,0.01064,0.00637,0.02212,0.03,-0.59,61.43,0.3135,0.0294,2.101,0.0,0.0,0,0.0,0.0
6,104,2.08,stand,0.00877,0.00436,0.00761,0.03001,0.03,-1.69,62.86,0.3135,0.0294,1.923,0.0,0.0,0,0.0,0.0
7,104,2.08,stand,0.01694,0.01063,0.01319,0.03032,0.03,-2.61,57.89,0.3167,0.029,1.592,0.0,0.0,0,0.0,0.0
0,105,2.1,stand,0.01456,0.00842,0.01187,0.04032,0.03,-3.57,65.93,0.3171,0.0298,1.668,0.0,0.0,0,0.0,0.0
1,105,2.1,stand,0.01352,0.00596,0.01213,0.0374,0.03,-3.28,57.3,0.3161,0.028,1.438,0.0,0.0,0,0.0,0.0
2,105,2.1,stand,0.01486,0.0089,0.0119,0.04035,0.03,-3.49,58.37,0.3154,0.0321,1.324,0.0,0.0,0,0.0,0.0
3,105,2.1,stand,0.01603,0.00792,0.01394,0.04019,0.03,-3.43,64.45,0.3175,0.0297,1.55,0.0,0.0,0,0.0,0.0
4,105,2.1,stand,0.00911,0.00398,0.0082,0.03233,0.03,-2.0,59.74,0.3156,0.0278,1.691,0.0,0.0,0,0.0,0.0
5,105,2.1,stand,0.01012,0.00841,0.00563,0.02371,0.03,-1.22,60.58,0.3137,0.0295,2.064,0.0,0.0,0,0.0,0.0
6,105,2.1,stand,0.00956,0.00664,0.00688,0.02935,0.03,-1.34,61.13,0.3136,0.0295,1.887,0.0,0.0,0,0.0,0.0
7,105,2.1,stand,0.01613,0.00864,0.01361,0.03318,0.03,-3.11,57.97,0.3169,0.0291,1.538,0.0,0.0,0,0.0,0.0
0,106,2.12,stand,0.01591,0.01017,0.01224,0.04184,0.03,-3.5,65.85,0.3171,0.03,1.614,0.0,0.0,0,0.0,0.0
1,106,2.12,stand,0.01266,0.00539,0.01145,0.03653,0.03,-3.21,57.03,0.316,0.0281,1.412,0.0,0.0,0,0.0,0.0
2,106,2.12,stand,0.0151,0.00911,0.01204,0.04065,0.03,-3.65,57.96,0.3154,0.0322,1.291,0.0,0.0,0,0.0,0.0
3,106,2.12,stand,0.01599,0.00804,0.01382,0.04029,0.03,-3.45,64.36,0.3175,0.0299,1.518,0.0,0.0,0,0.0,0.0
4,106,2.12,stand,0.01158,0.00689,0.00931,0.03593,0.03,-2.51,59.15,0.3156,0.028,1.639,0.0,0.0,0,0.0,0.0
5,106,2.12,stand,0.00888,0.00715,0.00525,0.02403,0.03,-1.38,60.12,0.3138,0.0295,2.034,0.0,0.0,0,0.0,0.0
6,106,2.12,stand,0.00826,0.00525,0.00637,0.02893,0.03,-1.52,60.23,0.3137,0.0296,1.877,0.0,0.0,0,0.0,0.0
7,106,2.12,stand,0.01698,0.00844,0.01473,0.03648,0.03,-3.44,58.27,0.3171,0.0292,1.49,0.0,0.0,0,0.0,0.0
0,107,2.14,stand,0.0165,0.01018,0.01299,0.04217,0.03,-3.29,65.89,0.317,0.0302,1.584,0.0,0.0,0,0.0,0.0
1,107,2.14,stand,0.01363,0.00785,0.01115,0.03829,0.03,-3.36,56.56,0.316,0.0282,1.365,0.0,0.0,0,0.0,0.0
2,107,2.14,stand,0.0149,0.00882,0.01201,0.04035,0.03,-3.76,57.61,0.3153,0.0324,1.268,0.0,0.0,0,0.0,0.0
3,107,2.14,stand,0.01626,0.00854,0.01384,0.04085,0.03,-3.59,64.31,0.3174,0.0301,1.488,0.0,0.0,0,0.0,0.0
4,107,2.14,stand,0.01265,0.00586,0.01122,0.03625,0.03,-2.64,58.92,0.3156,0.0282,1.625,0.0,0.0,0,0.0,0.0
5,107,2.14,stand,0.00778,0.00637,0.00448,0.02476,0.03,-1.68,59.44,0.314,0.0294,2.02,0.0,0.0,0,0.0,0.0
6,107,2.14,stand,0.0081,0.00572,0.00574,0.03304,0.03,-2.27,59.66,0.3139,0.0297,1.833,0.0,0.0,0,0.0,0.0
7,107,2.14,stand,0.01851,0.00983,0.01569,0.03915,0.03,-3.77,58.7,0.3174,0.0294,1.46,0.0,0.0,0,0.0,0.0
0,108,2.16,stand,0.01577,0.0085,0.01329,0.04096,0.03,-3.15,66.04,0.3169,0.0305,1.577,0.0,0.0,0,0.0,0.0
1,108,2.16,stand,0.01506,0.00762,0.01299,0.03917,0.03,-3.57,56.5,0.316,0.0285,1.361,0.0,0.0,0,0.0,0.0
2,108,2.16,stand,0.01502,0.00948,0.01166,0.04087,0.03,-3.85,57.31,0.3152,0.0325,1.229,0.0,0.0,0,0.0,0.0
3,108,2.16,stand,0.01697,0.00952,0.01405,0.04191,0.03,-3.77,64.32,0.3174,0.0304,1.458,0.0,0.0,0,0.0,0.0
4,108,2.16,stand,0.01311,0.00718,0.01097,0.03713,0.03,-2.76,58.67,0.3155,0.0284,1.579,0.0,0.0,0,0.0,0.0
5,108,2.16,stand,0.00717,0.00592,0.00405,0.02546,0.03,-1.8,60.37,0.3141,0.0293,2.003,0.0,0.0,0,0.0,0.0
6,108,2.16,stand,0.00772,0.00437,0.00636,0.03409,0.03,-2.55,59.46,0.3141,0.0298,1.812,0.0,0.0,0,0.0,0.0
7,108,2.16,stand,0.01873,0.00982,0.01595,0.04066,0.03,-3.89,59.13,0.3175,0.0296,1.42,0.0,0.0,0,0.0,0.0
0,109,2.18,stand,0.01559,0.00875,0.0129,0.04103,0.03,-3.24,66.03,0.3169,0.0307,1.546,0.0,0.0,0,0.0,0.0
1,109,2.18,stand,0.01579,0.00738,0.01396,0.03916,0.03,-3.73,56.56,0.3161,0.0287,1.353,0.0,0.0,0,0.0,0.0
2,109,2.18,stand,0.01519,0.00945,0.01189,0.04082,0.03,-3.94,57.1,0.3152,0.0326,1.213,0.0,0.0,0,0.0,0.0
3,109,2.18,stand,0.01756,0.01053,0.01405,0.04284,0.03,-3.85,64.34,0.3173,0.0306,1.421,0.0,0.0,0,0.0,0.0
4,109,2.18,stand,0.01277,0.00658,0.01095,0.0368,0.03,-2.84,58.55,0.3155,0.0285,1.557,0.0,0.0,0,0.0,0.0
5,109,2.18,stand,0.00422,0.00184,0.0038,0.02881,0.03,-2.3,59.97,0.3142,0.0293,1.953,0.0,0.0,0,0.0,0.0
6,109,2.18,stand,0.00753,0.00432,0.00616,0.03441,0.03,-2.66,59.53,0.3142,0.0299,1.787,0.0,0.0,0,0.0,0.0
7,109,2.18,stand,0.01866,0.00975,0.01591,0.04182,0.03,-3.97,59.44,0.3177,0.0298,1.381,0.0,0.0,0,0.0,0.0
0,110,2.2,stand,0.01646,0.01058,0.01261,0.04262,0.03,-3.52,65.93,0.3168,0.0309,1.506,0.0,0.0,0,0.0,0.0
1,110,2.2,stand,0.01513,0.00784,0.01294,0.03935,0.03,-3.71,56.35,0.316,0.0288,1.302,0.0,0.0,0,0.0,0.0
2,110,2.2,stand,0.01532,0.00983,0.01175,0.041,0.03,-4.05,56.99,0.3151,0.0328,1.192,0.0,0.0,0,0.0,0.0
3,110,2.2,stand,0.01746,0.01045,0.01399,0.04277,0.03,-3.77,64.35,0.3172,0.0308,1.391,0.0,0.0,0,0.0,0.0
4,110,2.2,stand,0.01369,0.00842,0.01079,0.03877,0.03,-3.28,58.42,0.3156,0.0287,1.524,0.0,0.0,0,0.0,0.0
5,110,2.2,stand,0.00492,0.00175,0.0046,0.03165,0.03,-2.44,59.55,0.3144,0.0292,1.894,0.0,0.0,0,0.0,0.0
6,110,2.2,stand,0.00731,0.00359,0.00637,0.0335,0.03,-2.71,56.41,0.3143,0.03,1.764,0.0,0.0,0,0.0,0.0
7,110,2.2,stand,0.01944,0.01041,0.01641,0.04337,0.03,-3.94,59.57,0.3178,0.03,1.339,0.0,0.0,0,0.0,0.0
0,111,2.22,stand,0.01687,0.01065,0.01308,0.0427,0.03,-3.54,65.97,0.3167,0.0311,1.495,0.0,0.0,0,0.0,0.0
1,111,2.22,stand,0.01497,0.00891,0.01203,0.03971,0.03,-3.57,56.28,0.316,0.0289,1.261,0.0,0.0,0,0.0,0.0
2,111,2.22,stand,0.01516,0.01025,0.01117,0.04137,0.03,-4.08,56.87,0.315,0.0329,1.157,0.0,0.0,0,0.0,0.0
3,111,2.22,stand,0.01737,0.01023,0.01404,0.04263,0.03,-3.79,64.42,0.3171,0.031,1.37,0.0,0.0,0,0.0,0.0
4,111,2.22,stand,0.01465,0.00883,0.0117,0.03963,0.03,-3.52,58.35,0.3156,0.0289,1.505,0.0,0.0,0,0.0,0.0
5,111,2.22,stand,0.00628,0.00121,0.00616,0.03001,0.03,-1.96,59.46,0.3145,0.0292,1.882,0.0,0.0,0,0.0,0.0
6,111,2.22,stand,0.00712,0.0035,0.0062,0.03321,0.03,-2.54,54.62,0.3144,0.0301,1.729,0.0,0.0,0,0.0,0.0
7,111,2.22,stand,0.02059,0.01111,0.01734,0.04461,0.03,-3.81,59.72,0.318,0.0303,1.305,0.0,0.0,0,0.0,0.0
0,112,2.24,stand,0.01685,0.01106,0.01271,0.04268,0.03,-3.64,66.1,0.3167,0.0313,1.481,0.0,0.0,0,0.0,0.0
1,112,2.24,stand,0.01537,0.00879,0.01261,0.04001,0.03,-3.67,56.37,0.316,0.0292,1.254,0.0,0.0,0,0.0,0.0
2,112,2.24,stand,0.0152,0.01052,0.01097,0.04163,0.03,-4.07,56.82,0.315,0.0331,1.13,0.0,0.0,0,0.0,0.0
3,112,2.24,stand,0.01734,0.01051,0.01379,0.04278,0.03,-3.9,64.49,0.3171,0.0312,1.348,0.0,0.0,0,0.0,0.0
4,112,2.24,stand,0.01531,0.00951,0.012,0.04037,0.03,-3.71,58.25,0.3156,0.029,1.477,0.0,0.0,0,0.0,0.0
5,112,2.24,stand,0.00755,0.00315,0.00686,0.02992,0.03,-2.07,58.63,0.3146,0.0292,1.871,0.0,0.0,0,0.0,0.0
6,112,2.24,stand,0.0065,0.00217,0.00613,0.03086,0.03,-2.21,54.61,0.3145,0.0302,1.73,0.0,0.0,0,0.0,0.0
7,112,2.24,stand,0.02038,0.01079,0.01729,0.04422,0.03,-3.78,60.19,0.3181,0.0306,1.294,0.0,0.0,0,0.0,0.0
0,113,2.26,stand,0.01677,0.01177,0.01195,0.04317,0.03,-3.76,66.17,0.3166,0.0315,1.449,0.0,0.0,0,0.0,0.0
1,113,2.26,stand,0.01626,0.00961,0.01312,0.04108,0.03,-3.89,56.5,0.316,0.0294,1.234,0.0,0.0,0,0.0,0.0
2,113,2.26,stand,0.01577,0.01125,0.01105,0.04238,0.03,-4.02,56.83,0.3149,0.0333,1.097,0.0,0.0,0,0.0,0.0
3,113,2.26,stand,0.01756,0.01185,0.01295,0.04376,0.03,-4.08,64.76,0.317,0.0314,1.311,0.0,0.0,0,0.0,0.0
4,113,2.26,stand,0.01532,0.01034,0.01131,0.04099,0.03,-3.83,58.12,0.3156,0.0292,1.442,0.0,0.0,0,0.0,0.0
5,113,2.26,stand,0.00743,0.002,0.00715,0.0323,0.03,-2.43,57.51,0.3147,0.0292,1.82,0.0,0.0,0,0.0,0.0
6,113,2.26,stand,0.00559,0.00142,0.0054,0.02859,0.03,-2.16,54.85,0.3145,0.0302,1.74,0.0,0.0,0,0.0,0.0
7,113,2.26,stand,0.01912,0.01066,0.01588,0.0437,0.03,-3.77,60.6,0.3181,0.0307,1.265,0.0,0.0,0,0.0,0.0
0,114,2.28,stand,0.01675,0.01167,0.01202,0.04318,0.03,-3.7,66.18,0.3165,0.0317,1.423,0.0,0.0,0,0.0,0.0
1,114,2.28,stand,0.01621,0.00998,0.01277,0.0413,0.03,-3.89,56.65,0.3159,0.0296,1.203,0.0,0.0,0,0.0,0.0
2,114,2.28,stand,0.01623,0.01176,0.01119,0.04291,0.03,-3.86,56.95,0.3148,0.0335,1.062,0.0,0.0,0,0.0,0.0
3,114,2.28,stand,0.01803,0.0126,0.01289,0.04446,0.03,-3.96,64.98,0.3169,0.0316,1.269,0.0,0.0,0,0.0,0.0
4,114,2.28,stand,0.01518,0.01063,0.01084,0.04117,0.03,-3.91,58.0,0.3156,0.0294,1.42,0.0,0.0,0,0.0,0.0
5,114,2.28,stand,0.00806,0.00233,0.00771,0.03261,0.03,-2.52,57.23,0.3148,0.0292,1.802,0.0,0.0,0,0.0,0.0
6,114,2.28,stand,0.00825,0.00549,0.00616,0.02533,0.03,-1.96,54.78,0.3146,0.0303,1.743,0.0,0.0,0,0.0,0.0
7,114,2.28,stand,0.01843,0.0109,0.01486,0.04358,0.03,-3.8,60.89,0.3181,0.0309,1.24,0.0,0.0,0,0.0,0.0
0,115,2.3,stand,0.01716,0.01222,0.01205,0.04378,0.03,-3.73,66.55,0.3164,0.032,1.4,0.0,0.0,0,0.0,0.0
1,115,2.3,stand,0.01571,0.01005,0.01207,0.04104,0.03,-3.79,56.8,0.3159,0.0298,1.174,0.0,0.0,0,0.0,0.0
2,115,2.3,stand,0.01558,0.01036,0.01163,0.04175,0.03,-3.57,57.09,0.3147,0.0337,1.046,0.0,0.0,0,0.0,0.0
3,115,2.3,stand,0.01797,0.01171,0.01363,0.04391,0.03,-3.65,65.13,0.3168,0.0319,1.249,0.0,0.0,0,0.0,0.0
4,115,2.3,stand,0.01608,0.01233,0.01031,0.04269,0.03,-4.1,57.96,0.3157,0.0296,1.388,0.0,0.0,0,0.0,0.0
5,115,2.3,stand,0.00828,0.00071,0.00825,0.03105,0.03,-2.24,57.0,0.3149,0.0292,1.787,0.0,0.0,0,0.0,0.0
6,115,2.3,stand,0.01168,0.00918,0.00722,0.0227,0.03,-1.72,54.71,0.3146,0.0304,1.73,0.0,0.0,0,0.0,0.0
7,115,2.3,stand,0.01899,0.01215,0.0146,0.04459,0.03,-3.98,61.13,0.3181,0.0312,1.221,0.0,0.0,0,0.0,0.0
0,116,2.32,stand,0.01793,0.01287,0.01248,0.0447,0.03,-3.58,66.82,0.3163,0.0322,1.36,0.0,0.0,0,0.0,0.0
1,116,2.32,stand,0.01606,0.01045,0.0122,0.04143,0.03,-3.81,56.82,0.3158,0.03,1.154,0.0,0.0,0,0.0,0.0
2,116,2.32,stand,0.01478,0.00849,0.0121,0.04006,0.03,-3.45,57.2,0.3146,0.0339,1.048,0.0,0.0,0,0.0,0.0
3,116,2.32,stand,0.01779,0.01116,0.01385,0.04309,0.03,-3.64,65.35,0.3168,0.0322,1.247,0.0,0.0,0,0.0,0.0
4,116,2.32,stand,0.0172,0.01374,0.01035,0.04398,0.03,-4.09,58.0,0.3156,0.0298,1.352,0.0,0.0,0,0.0,0.0
5,116,2.32,stand,0.00846,0.00257,0.00806,0.0327,0.03,-2.4,56.36,0.3151,0.0293,1.74,0.0,0.0,0,0.0,0.0
6,116,2.32,stand,0.01387,0.01133,0.00801,0.0218,0.03,-1.67,54.73,0.3147,0.0305,1.703,0.0,0.0,0,0.0,0.0
7,116,2.32,stand,0.01905,0.01271,0.01419,0.04469,0.03,-4.1,61.62,0.3181,0.0314,1.217,0.0,0.0,0,0.0,0.0
0,117,2.34,stand,0.01813,0.01228,0.01334,0.04445,0.03,-3.1,67.06,0.3162,0.0325,1.324,0.0,0.0,0,0.0,0.0
1,117,2.34,stand,0.0174,0.01183,0.01276,0.04289,0.03,-3.88,56.88,0.3158,0.0303,1.125,0.0,0.0,0,0.0,0.0
2,117,2.34,stand,0.01457,0.00833,0.01195,0.0399,0.03,-3.4,57.12,0.3145,0.0341,1.019,0.0,0.0,0,0.0,0.0
3,117,2.34,stand,0.01723,0.01138,0.01294,0.043,0.03,-3.71,65.5,0.3167,0.0324,1.217,0.0,0.0,0,0.0,0.0
4,117,2.34,stand,0.01807,0.01487,0.01026,0.04482,0.03,-3.81,58.2,0.3156,0.03,1.306,0.0,0.0,0,0.0,0.0
5,117,2.34,stand,0.00915,0.00144,0.00904,0.03232,0.03,-2.35,56.38,0.3152,0.0293,1.729,0.0,0.0,0,0.0,0.0
6,117,2.34,stand,0.01773,0.015,0.00945,0.02148,0.03,-1.67,54.79,0.3148,0.0305,1.691,0.0,0.0,0,0.0,0.0
7,117,2.34,stand,0.01861,0.01346,0.01285,0.04503,0.03,-4.25,62.04,0.318,0.0316,1.19,0.0,0.0,0,0.0,0.0
0,118,2.36,stand,0.01682,0.0097,0.01374,0.04219,0.03,-2.61,67.44,0.3161,0.0328,1.328,0.0,0.0,0,0.0,0.0
1,118,2.36,stand,0.01865,0.01322,0.01315,0.0441,0.03,-3.7,56.91,0.3157,0.0306,1.081,0.0,0.0,0,0.0,0.0
2,118,2.36,stand,0.01476,0.00899,0.0117,0.04046,0.03,-3.44,56.98,0.3145,0.0343,0.994,0.0,0.0,0,0.0,0.0
3,118,2.36,stand,0.01651,0.01113,0.0122,0.04241,0.03,-3.69,65.65,0.3166,0.0327,1.201,0.0,0.0,0,0.0,0.0
4,118,2.36,stand,0.01684,0.01256,0.01121,0.04287,0.03,-3.35,58.5,0.3156,0.0303,1.297,0.0,0.0,0,0.0,0.0
5,118,2.36,stand,0.01046,0.00169,0.01032,0.03318,0.03,-2.5,56.09,0.3154,0.0294,1.703,0.0,0.0,0,0.0,0.0
6,118,2.36,stand,0.02156,0.01858,0.01093,0.02113,0.03,-1.53,54.75,0.3148,0.0306,1.666,0.0,0.0,0,0.0,0.0
7,118,2.36,stand,0.01743,0.01253,0.01211,0.04398,0.03,-4.0,62.62,0.3179,0.0318,1.17,0.0,0.0,0,0.0,0.0
0,119,2.38,stand,0.01648,0.00953,0.01344,0.04199,0.03,-2.55,67.65,0.316,0.0331,1.3,0.0,0.0,0,0.0,0.0
1,119,2.38,stand,0.0175,0.01077,0.0138,0.04208,0.03,-3.27,57.12,0.3157,0.0308,1.071,0.0,0.0,0,0.0,0.0
2,119,2.38,stand,0.01473,0.00855,0.012,0.04006,0.03,-3.46,56.97,0.3144,0.0345,0.994,0.0,0.0,0,0.0,0.0
3,119,2.38,stand,0.01691,0.012,0.01192,0.04302,0.03,-3.8,65.83,0.3165,0.0329,1.183,0.0,0.0,0,0.0,0.0
4,119,2.38,stand,0.01607,0.01086,0.01184,0.04151,0.03,-3.21,58.65,0.3155,0.0305,1.289,0.0,0.0,0,0.0,0.0
5,119,2.38,stand,0.0114,0.00315,0.01095,0.03451,0.03,-2.64,55.75,0.3156,0.0295,1.66,0.0,0.0,0,0.0,0.0
6,119,2.38,stand,0.02251,0.01922,0.01172,0.02093,0.03,-1.45,54.57,0.3149,0.0306,1.614,0.0,0.0,0,0.0,0.0
7,119,2.38,stand,0.0176,0.01317,0.01168,0.04441,0.03,-4.01,63.36,0.3178,0.0321,1.153,0.0,0.0,0,0.0,0.0
0,120,2.4,stand,0.01661,0.00955,0.01359,0.04205,0.03,-2.57,67.64,0.316,0.0333,1.282,0.0,0.0,0,0.0,0.0
1,120,2.4,stand,0.01658,0.00942,0.01364,0.0408,0.03,-3.13,57.27,0.3156,0.0311,1.058,0.0,0.0,0,0.0,0.0
2,120,2.4,stand,0.01475,0.00879,0.01184,0.04028,0.03,-3.46,56.94,0.3143,0.0346,0.971,0.0,0.0,0,0.0,0.0
3,120,2.4,stand,0.01758,0.01274,0.01212,0.04383,0.03,-3.88,65.96,0.3164,0.0332,1.159,0.0,0.0,0,0.0,0.0
4,120,2.4,stand,0.01619,0.01098,0.01189,0.04154,0.03,-3.18,58.59,0.3155,0.0308,1.258,0.0,0.0,0,0.0,0.0
5,120,2.4,stand,0.01166,0.00312,0.01123,0.03458,0.03,-2.71,55.57,0.3157,0.0296,1.638,0.0,0.0,0,0.0,0.0
6,120,2.4,stand,0.02464,0.02083,0.01316,0.0223,0.03,-1.52,54.56,0.315,0.0306,1.584,0.0,0.0,0,0.0,0.0
7,120,2.4,stand,0.0185,0.01399,0.01211,0.0454,0.03,-3.92,64.07,0.3177,0.0323,1.126,0.0,0.0,0,0.0,0.0
0,121,2.42,stand,0.01686,0.00981,0.01371,0.04226,0.03,-2.61,67.76,0.3159,0.0336,1.269,0.0,0.0,0,0.0,0.0
1,121,2.42,stand,0.01658,0.01048,0.01285,0.04159,0.03,-3.32,57.31,0.3156,0.0313,1.031,0.0,0.0,0,0.0,0.0
2,121,2.42,stand,0.01431,0.00805,0.01184,0.0395,0.03,-3.4,56.88,0.3142,0.0348,0.965,0.0,0.0,0,0.0,0.0
3,121,2.42,stand,0.01777,0.01291,0.01221,0.04438,0.03,-3.75,66.22,0.3163,0.0335,1.124,0.0,0.0,0,0.0,0.0
4,121,2.42,stand,0.0163,0.01068,0.01232,0.04137,0.03,-3.17,58.54,0.3155,0.031,1.242,0.0,0.0,0,0.0,0.0
5,121,2.42,stand,0.01213,0.00443,0.01129,0.0356,0.03,-2.83,55.35,0.3158,0.0297,1.603,0.0,0.0,0,0.0,0.0
6,121,2.42,stand,0.02702,0.0226,0.01481,0.0241,0.03,-1.59,54.69,0.3151,0.0306,1.552,0.0,0.0,0,0.0,0.0
7,121,2.42,stand,0.01848,0.01388,0.01219,0.04552,0.03,-3.56,65.23,0.3175,0.0326,1.09,0.0,0.0,0,0.0,0.0
0,122,2.44,stand,0.01668,0.01017,0.01323,0.04228,0.03,-2.75,67.89,0.3159,0.0338,1.257,0.0,0.0,0,0.0,0.0
1,122,2.44,stand,0.01639,0.00973,0.01319,0.0413,0.03,-3.47,57.41,0.3155,0.0315,1.032,0.0,0.0,0,0.0,0.0
2,122,2.44,stand,0.01412,0.0082,0.01149,0.03962,0.03,-3.38,56.83,0.3141,0.035,0.943,0.0,0.0,0,0.0,0.0
3,122,2.44,stand,0.01739,0.01231,0.01227,0.04403,0.03,-3.45,66.57,0.3161,0.0337,1.096,0.0,0.0,0,0.0,0.0
4,122,2.44,stand,0.01663,0.0113,0.01221,0.04186,0.03,-3.19,58.6,0.3155,0.0312,1.216,0.0,0.0,0,0.0,0.0
5,122,2.44,stand,0.01294,0.00422,0.01224,0.03599,0.03,-2.95,55.18,0.3159,0.0298,1.588,0.0,0.0,0,0.0,0.0
6,122,2.44,stand,0.02877,0.02397,0.0159,0.02525,0.03,-1.59,54.86,0.3152,0.0306,1.516,0.0,0.0,0,0.0,0.0
7,122,2.44,stand,0.01686,0.01173,0.01211,0.04345,0.03,-3.08,65.91,0.3173,0.0328,1.084,0.0,0.0,0,0.0,0.0
0,123,2.46,stand,0.0161,0.01039,0.0123,0.04197,0.03,-2.94,68.0,0.3158,0.0341,1.249,0.0,0.0,0,0.0,0.0
1,123,2.46,stand,0.01618,0.00908,0.01339,0.04076,0.03,-3.44,57.34,0.3155,0.0318,1.014,0.0,0.0,0,0.0,0.0
2,123,2.46,stand,0.01419,0.00805,0.01168,0.03947,0.03,-3.39,56.75,0.314,0.0352,0.938,0.0,0.0,0,0.0,0.0
3,123,2.46,stand,0.01642,0.01044,0.01268,0.04236,0.03,-3.01,66.84,0.316,0.034,1.09,0.0,0.0,0,0.0,0.0
4,123,2.46,stand,0.01657,0.01173,0.0117,0.04225,0.03,-3.32,58.76,0.3155,0.0314,1.198,0.0,0.0,0,0.0,0.0
5,123,2.46,stand,0.01363,0.00559,0.01244,0.03723,0.03,-3.07,55.12,0.316,0.0299,1.553,0.0,0.0,0,0.0,0.0
6,123,2.46,stand,0.0301,0.02505,0.01669,0.02625,0.03,-1.63,55.01,0.3153,0.0306,1.484,0.0,0.0,0,0.0,0.0
7,123,2.46,stand,0.01638,0.01132,0.01183,0.04295,0.03,-2.96,66.4,0.3172,0.0331,1.069,0.0,0.0,0,0.0,0.0
0,124,2.48,approach,0.01617,0.01151,0.01135,0.04279,0.03,-3.29,68.13,0.3157,0.0343,1.231,0.0,0.0,0,0.0,0.0
1,124,2.48,approach,0.01555,0.00879,0.01283,0.04029,0.03,-3.36,57.2,0.3154,0.0321,0.985,0.0,0.0,0,0.0,0.0
2,124,2.48,approach,0.01455,0.00853,0.01178,0.03992,0.03,-3.45,56.75,0.3139,0.0354,0.925,0.0,0.0,0,0.0,0.0
3,124,2.48,approach,0.01636,0.01057,0.01248,0.04243,0.03,-2.99,67.14,0.3159,0.0343,1.072,0.0,0.0,0,0.0,0.0
4,124,2.48,approach,0.01605,0.0113,0.01139,0.04189,0.03,-3.36,58.96,0.3155,0.0316,1.188,0.0,0.0,0,0.0,0.0
5,124,2.48,approach,0.01376,0.00591,0.01243,0.03753,0.03,-3.14,55.11,0.316,0.03,1.532,0.0,0.0,0,0.0,0.0
6,124,2.48,approach,0.03219,0.02674,0.01793,0.02837,0.03,-1.83,55.2,0.3154,0.0305,1.466,0.0,0.0,0,0.0,0.0
7,124,2.48,approach,0.01673,0.01194,0.01172,0.04347,0.03,-2.99,66.8,0.3171,0.0333,1.051,0.0,0.0,0,0.0,0.0
0,125,2.5,approach,0.01567,0.01107,0.01108,0.04182,0.03,-3.35,68.54,0.3155,0.0345,1.234,0.0,0.0,0,0.0,0.0
1,125,2.5,approach,0.0145,0.00775,0.01225,0.03902,0.03,-3.32,57.1,0.3153,0.0323,0.972,0.0,0.0,0,0.0,0.0
2,125,2.5,approach,0.0141,0.00781,0.01173,0.03931,0.03,-3.41,56.7,0.3138,0.0357,0.906,0.0,0.0,0,0.0,0.0
3,125,2.5,approach,0.01521,0.00921,0.0121,0.04091,0.03,-2.96,67.29,0.3157,0.0346,1.062,0.0,0.0,0,0.0,0.0
4,125,2.5,approach,0.01551,0.01063,0.0113,0.04114,0.03,-3.42,58.97,0.3154,0.0319,1.174,0.0,0.0,0,0.0,0.0
5,125,2.5,approach,0.01372,0.00605,0.01232,0.03738,0.03,-3.23,55.11,0.316,0.0302,1.508,0.0,0.0,0,0.0,0.0
6,125,2.5,approach,0.03145,0.0255,0.01841,0.02833,0.03,-2.05,55.2,0.3156,0.0305,1.426,0.0,0.0,0,0.0,0.0
7,125,2.5,approach,0.01585,0.01098,0.01143,0.04235,0.03,-2.99,67.27,0.3169,0.0336,1.043,0.0,0.0,0,0.0,0.0
0,126,2.52,approach,0.01577,0.0115,0.01079,0.04191,0.03,-3.5,69.0,0.3154,0.0348,1.227,0.0,0.0,0,0.0,0.0
1,126,2.52,approach,0.01435,0.0077,0.01211,0.0389,0.03,-3.51,57.12,0.3153,0.0326,0.963,0.0,0.0,0,0.0,0.0
2,126,2.52,approach,0.01382,0.00741,0.01167,0.03882,0.03,-3.37,56.74,0.3137,0.0359,0.888,0.0,0.0,0,0.0,0.0
3,126,2.52,approach,0.01457,0.00891,0.01153,0.04055,0.03,-3.05,67.48,0.3156,0.0348,1.036,0.0,0.0,0,0.0,0.0
4,126,2.52,approach,0.01546,0.01042,0.01142,0.04087,0.03,-3.53,58.89,0.3154,0.0321,1.158,0.0,0.0,0,0.0,0.0
5,126,2.52,approach,0.01434,0.00739,0.01229,0.03843,0.03,-3.45,55.26,0.316,0.0303,1.477,0.0,0.0,0,0.0,0.0
6,126,2.52,approach,0.03094,0.02455,0.01883,0.02771,0.03,-2.14,55.17,0.3158,0.0305,1.395,0.0,0.0,0,0.0,0.0
7,126,2.52,approach,0.01491,0.01012,0.01095,0.04137,0.03,-2.97,67.71,0.3168,0.0338,1.027,0.0,0.0,0,0.0,0.0
0,127,2.54,approach,0.01535,0.01068,0.01103,0.04155,0.03,-3.47,69.39,0.3152,0.0351,1.206,0.0,0.0,0,0.0,0.0
1,127,2.54,approach,0.01518,0.0087,0.01243,0.03988,0.03,-3.74,57.09,0.3152,0.0329,0.94,0.0,0.0,0,0.0,0.0
2,127,2.54,approach,0.01422,0.00766,0.01198,0.03893,0.03,-3.41,56.79,0.3136,0.0361,0.871,0.0,0.0,0,0.0,0.0
3,127,2.54,approach,0.01418,0.00814,0.01161,0.03965,0.03,-3.1,67.58,0.3155,0.0351,1.033,0.0,0.0,0,0.0,0.0
4,127,2.54,approach,0.01562,0.0104,0.01165,0.04077,0.03,-3.63,58.88,0.3153,0.0324,1.142,0.0,0.0,0,0.0,0.0
5,127,2.54,approach,0.01439,0.0061,0.01303,0.03784,0.03,-3.62,55.38,0.316,0.0305,1.476,0.0,0.0,0,0.0,0.0
6,127,2.54,approach,0.02951,0.02267,0.0189,0.02668,0.03,-2.22,55.13,0.3159,0.0305,1.358,0.0,0.0,0,0.0,0.0
7,127,2.54,approach,0.01444,0.00968,0.01072,0.04087,0.03,-3.0,68.18,0.3166,0.0341,1.014,0.0,0.0,0,0.0,0.0
0,128,2.56,approach,0.01492,0.00956,0.01145,0.04113,0.03,-3.23,69.76,0.3151,0.0353,1.17,0.0,0.0,0,0.0,0.0
1,128,2.56,approach,0.01512,0.00779,0.01295,0.03928,0.03,-3.85,57.27,0.3151,0.0332,0.94,0.0,0.0,0,0.0,0.0
2,128,2.56,approach,0.01496,0.00791,0.01269,0.03921,0.03,-3.44,56.88,0.3135,0.0363,0.853,0.0,0.0,0,0.0,0.0
3,128,2.56,approach,0.0141,0.00818,0.01149,0.03963,0.03,-3.22,67.77,0.3153,0.0353,1.016,0.0,0.0,0,0.0,0.0
4,128,2.56,approach,0.0155,0.00966,0.01212,0.04011,0.03,-3.66,59.0,0.3152,0.0327,1.137,0.0,0.0,0,0.0,0.0
5,128,2.56,approach,0.01422,0.00634,0.01273,0.03784,0.03,-3.74,55.51,0.3159,0.0306,1.45,0.0,0.0,0,0.0,0.0
6,128,2.56,approach,0.02993,0.02244,0.0198,0.027,0.03,-2.34,55.19,0.3161,0.0305,1.339,0.0,0.0,0,0.0,0.0
7,128,2.56,approach,0.01439,0.0096,0.01072,0.04071,0.03,-3.06,68.71,0.3164,0.0343,1.006,0.0,0.0,0,0.0,0.0
0,129,2.58,approach,0.01564,0.00923,0.01263,0.04115,0.03,-2.81,70.04,0.3149,0.0356,1.129,0.0,0.0,0,0.0,0.0
1,129,2.58,approach,0.01455,0.00762,0.01239,0.03886,0.03,-3.89,57.57,0.315,0.0335,0.922,0.0,0.0,0,0.0,0.0
2,129,2.58,approach,0.01544,0.00775,0.01336,0.03905,0.03,-3.41,57.02,0.3134,0.0365,0.836,0.0,0.0,0,0.0,0.0
3,129,2.58,approach,0.01388,0.00784,0.01145,0.0391,0.03,-3.32,67.87,0.3152,0.0356,1.01,0.0,0.0,0,0.0,0.0
4,129,2.58,approach,0.01569,0.00937,0.01258,0.03987,0.03,-3.73,59.17,0.3152,0.0329,1.127,0.0,0.0,0,0.0,0.0
5,129,2.58,approach,0.01422,0.0072,0.01226,0.03815,0.03,-3.86,55.54,0.3159,0.0307,1.422,0.0,0.0,0,0.0,0.0
6,129,2.58,approach,0.02892,0.02077,0.02012,0.02703,0.03,-2.52,55.29,0.3163,0.0305,1.304,0.0,0.0,0,0.0,0.0
7,129,2.58,approach,0.0145,0.00953,0.01093,0.04058,0.03,-3.11,69.28,0.3162,0.0346,1.003,0.0,0.0,0,0.0,0.0
0,130,2.6,approach,0.01585,0.0065,0.01446,0.03918,0.03,-1.98,70.3,0.3147,0.036,1.113,0.0,0.0,0,0.0,0.0
1,130,2.6,approach,0.01446,0.00801,0.01204,0.03895,0.03,-3.97,57.68,0.3149,0.0337,0.905,0.0,0.0,0,0.0,0.0
2,130,2.6,approach,0.01545,0.00683,0.01386,0.03816,0.03,-3.37,57.13,0.3133,0.0367,0.826,0.0,0.0,0,0.0,0.0
3,130,2.6,approach,0.01385,0.00805,0.01127,0.03937,0.03,-3.47,68.04,0.315,0.0358,0.992,0.0,0.0,0,0.0,0.0
4,130,2.6,approach,0.01618,0.00939,0.01318,0.04005,0.03,-3.86,59.43,0.3151,0.0332,1.116,0.0,0.0,0,0.0,0.0
5,130,2.6,approach,0.01434,0.00694,0.01255,0.03817,0.03,-4.04,55.69,0.3158,0.0309,1.413,0.0,0.0,0,0.0,0.0
6,130,2.6,approach,0.02942,0.02087,0.02074,0.02714,0.03,-2.62,55.37,0.3164,0.0305,1.288,0.0,0.0,0,0.0,0.0
7,130,2.6,approach,0.01475,0.00982,0.01101,0.04117,0.03,-3.18,70.02,0.316,0.0349,0.981,0.0,0.0,0,0.0,0.0
0,131,2.62,approach,0.01599,0.00302,0.0157,0.03696,0.03,-1.64,70.5,0.3146,0.0363,1.125,0.0,0.0,0,0.0,0.0
1,131,2.62,approach,0.01498,0.00782,0.01278,0.03913,0.03,-4.15,57.82,0.3148,0.034,0.906,0.0,0.0,0,0.0,0.0
2,131,2.62,approach,0.01517,0.00603,0.01392,0.03758,0.03,-3.49,57.23,0.3133,0.0369,0.819,0.0,0.0,0,0.0,0.0
3,131,2.62,approach,0.01424,0.0079,0.01184,0.03959,0.03,-3.54,68.06,0.3148,0.0361,0.972,0.0,0.0,0,0.0,0.0
4,131,2.62,approach,0.01643,0.00936,0.01351,0.0401,0.03,-3.97,59.79,0.3149,0.0335,1.107,0.0,0.0,0,0.0,0.0
5,131,2.62,approach,0.01484,0.00793,0.01254,0.03916,0.03,-4.3,56.09,0.3157,0.0311,1.39,0.0,0.0,0,0.0,0.0
6,131,2.62,approach,0.02878,0.01967,0.02101,0.0269,0.03,-2.74,55.35,0.3166,0.0305,1.257,0.0,0.0,0,0.0,0.0
7,131,2.62,approach,0.01488,0.00945,0.01149,0.04098,0.03,-2.88,70.52,0.3157,0.0352,0.945,0.0,0.0,0,0.0,0.0
0,132,2.64,approach,0.01583,0.00269,0.0156,0.03651,0.03,-1.95,70.59,0.3145,0.0365,1.11,0.0,0.0,0,0.0,0.0
1,132,2.64,approach,0.01549,0.00792,0.01331,0.03941,0.03,-4.31,58.01,0.3147,0.0343,0.897,0.0,0.0,0,0.0,0.0
2,132,2.64,approach,0.01552,0.00667,0.01402,0.03824,0.03,-3.73,57.19,0.3132,0.0371,0.8,0.0,0.0,0,0.0,0.0
3,132,2.64,approach,0.01472,0.00783,0.01247,0.03976,0.03,-3.44,68.28,0.3146,0.0363,0.949,0.0,0.0,0,0.0,0.0
4,132,2.64,approach,0.01657,0.00956,0.01353,0.04014,0.03,-4.06,60.1,0.3148,0.0337,1.094,0.0,0.0,0,0.0,0.0
5,132,2.64,approach,0.01485,0.00789,0.01259,0.0391,0.03,-4.4,56.47,0.3156,0.0313,1.373,0.0,0.0,0,0.0,0.0
6,132,2.64,approach,0.02965,0.02005,0.02184,0.02736,0.03,-2.87,55.34,0.3167,0.0305,1.245,0.0,0.0,0,0.0,0.0
7,132,2.64,approach,0.01463,0.00766,0.01247,0.03936,0.03,-2.32,71.05,0.3155,0.0354,0.933,0.0,0.0,0,0.0,0.0
0,133,2.66,approach,0.01542,0.00272,0.01518,0.03622,0.03,-2.41,70.7,0.3144,0.0367,1.107,0.0,0.0,0,0.0,0.0
1,133,2.66,approach,0.0156,0.00854,0.01306,0.03958,0.03,-4.31,58.11,0.3145,0.0346,0.87,0.0,0.0,0,0.0,0.0
2,133,2.66,approach,0.01601,0.00663,0.01457,0.03857,0.03,-3.95,57.13,0.3131,0.0373,0.791,0.0,0.0,0,0.0,0.0
3,133,2.66,approach,0.01489,0.00689,0.0132,0.03904,0.03,-3.23,68.59,0.3144,0.0366,0.936,0.0,0.0,0,0.0,0.0
4,133,2.66,approach,0.01671,0.00909,0.01402,0.03979,0.03,-4.12,60.28,0.3147,0.034,1.09,0.0,0.0,0,0.0,0.0
5,133,2.66,approach,0.01464,0.00749,0.01258,0.03862,0.03,-4.43,56.82,0.3154,0.0314,1.356,0.0,0.0,0,0.0,0.0
6,133,2.66,approach,0.02936,0.0192,0.02222,0.02747,0.03,-3.03,55.3,0.3168,0.0305,1.22,0.0,0.0,0,0.0,0.0
7,133,2.66,approach,0.01477,0.00619,0.01341,0.03836,0.03,-2.2,71.53,0.3153,0.0357,0.938,0.0,0.0,0,0.0,0.0
0,134,2.68,approach,0.01556,0.00463,0.01486,0.03748,0.03,-3.28,70.7,0.3143,0.0369,1.101,0.0,0.0,0,0.0,0.0
1,134,2.68,approach,0.01606,0.00927,0.01312,0.03965,0.03,-4.22,58.12,0.3143,0.0349,0.845,0.0,0.0,0,0.0,0.0
2,134,2.68,approach,0.01611,0.00602,0.01494,0.03819,0.03,-4.06,57.12,0.313,0.0375,0.783,0.0,0.0,0,0.0,0.0
3,134,2.68,approach,0.01492,0.00596,0.01367,0.03835,0.03,-3.2,68.93,0.3143,0.0368,0.933,0.0,0.0,0,0.0,0.0
4,134,2.68,approach,0.01718,0.00951,0.01431,0.0401,0.03,-4.24,60.42,0.3145,0.0342,1.076,0.0,0.0,0,0.0,0.0
5,134,2.68,approach,0.01499,0.00771,0.01286,0.03874,0.03,-4.49,57.0,0.3152,0.0316,1.332,0.0,0.0,0,0.0,0.0
6,134,2.68,approach,0.02984,0.01934,0.02273,0.0277,0.03,-3.17,55.3,0.3169,0.0306,1.208,0.0,0.0,0,0.0,0.0
7,134,2.68,approach,0.01538,0.00662,0.01389,0.03867,0.03,-2.27,71.88,0.3151,0.036,0.922,0.0,0.0,0,0.0,0.0
0,135,2.7,approach,0.01565,0.00589,0.0145,0.03837,0.03,-3.66,71.21,0.3142,0.0371,1.085,0.0,0.0,0,0.0,0.0
1,135,2.7,approach,0.01702,0.00978,0.01393,0.04011,0.03,-4.21,58.18,0.3141,0.0351,0.829,0.0,0.0,0,0.0,0.0
2,135,2.7,approach,0.01605,0.00633,0.01474,0.03809,0.03,-4.14,57.05,0.3129,0.0376,0.763,0.0,0.0,0,0.0,0.0
3,135,2.7,approach,0.01498,0.0059,0.01376,0.03829,0.03,-3.3,69.18,0.3141,0.037,0.921,0.0,0.0,0,0.0,0.0
4,135,2.7,approach,0.01792,0.00998,0.01489,0.04024,0.03,-4.25,60.45,0.3144,0.0345,1.06,0.0,0.0,0,0.0,0.0
5,135,2.7,approach,0.01615,0.00905,0.01338,0.03989,0.03,-4.57,57.13,0.315,0.0319,1.299,0.0,0.0,0,0.0,0.0
6,135,2.7,approach,0.02965,0.01861,0.02308,0.02794,0.03,-3.34,55.28,0.317,0.0306,1.187,0.0,0.0,0,0.0,0.0
7,135,2.7,approach,0.01577,0.00655,0.01435,0.03854,0.03,-2.3,72.12,0.3149,0.0363,0.91,0.0,0.0,0,0.0,0.0
0,136,2.72,approach,0.01562,0.0052,0.01473,0.03793,0.03,-3.47,71.82,0.3141,0.0373,1.068,0.0,0.0,0,0.0,0.0
1,136,2.72,approach,0.01765,0.00927,0.01502,0.0401,0.03,-4.19,58.3,0.314,0.0354,0.818,0.0,0.0,0,0.0,0.0
2,136,2.72,approach,0.01628,0.00668,0.01484,0.03835,0.03,-4.31,56.95,0.3129,0.0378,0.75,0.0,0.0,0,0.0,0.0
3,136,2.72,approach,0.01516,0.00604,0.01391,0.0384,0.03,-3.44,69.21,0.314,0.0372,0.907,0.0,0.0,0,0.0,0.0
4,136,2.72,approach,0.01844,0.01,0.0155,0.03997,0.03,-4.18,60.56,0.3142,0.0347,1.048,0.0,0.0,0,0.0,0.0
5,136,2.72,approach,0.018,0.01105,0.01421,0.04147,0.03,-4.48,57.18,0.3149,0.0321,1.254,0.0,0.0,0,0.0,0.0
6,136,2.72,approach,0.02957,0.01789,0.02354,0.02813,0.03,-3.47,55.28,0.3171,0.0307,1.167,0.0,0.0,0,0.0,0.0
7,136,2.72,approach,0.01591,0.00663,0.01447,0.03847,0.03,-2.4,72.28,0.3147,0.0365,0.9,0.0,0.0,0,0.0,0.0
0,137,2.74,approach,0.01573,0.0047,0.01501,0.03728,0.03,-3.49,72.33,0.314,0.0375,1.071,0.0,0.0,0,0.0,0.0
1,137,2.74,approach,0.01721,0.00806,0.01521,0.03943,0.03,-4.32,58.46,0.3138,0.0357,0.817,0.0,0.0,0,0.0,0.0
2,137,2.74,approach,0.01682,0.00694,0.01532,0.0389,0.03,-4.54,56.89,0.3128,0.038,0.74,0.0,0.0,0,0.0,0.0
3,137,2.74,approach,0.01538,0.00606,0.01413,0.03845,0.03,-3.59,69.24,0.3138,0.0374,0.898,0.0,0.0,0,0.0,0.0
4,137,2.74,approach,0.0187,0.0099,0.01586,0.03997,0.03,-4.28,60.67,0.3141,0.035,1.039,0.0,0.0,0,0.0,0.0
5,137,2.74,approach,0.01788,0.00869,0.01562,0.03989,0.03,-4.09,57.41,0.3147,0.0324,1.246,0.0,0.0,0,0.0,0.0
6,137,2.74,approach,0.02948,0.01705,0.02405,0.02835,0.03,-3.57,55.33,0.3172,0.0307,1.148,0.0,0.0,0,0.0,0.0
7,137,2.74,approach,0.01573,0.00611,0.01449,0.03844,0.03,-2.74,72.36,0.3145,0.0367,0.906,0.0,0.0,0,0.0,0.0
0,138,2.76,approach,0.01591,0.00502,0.01509,0.0375,0.03,-3.66,72.63,0.3139,0.0377,1.061,0.0,0.0,0,0.0,0.0
1,138,2.76,approach,0.01655,0.0082,0.01438,0.03941,0.03,-4.58,58.45,0.3137,0.0359,0.801,0.0,0.0,0,0.0,0.0
2,138,2.76,approach,0.01732,0.00748,0.01562,0.03937,0.03,-4.65,56.82,0.3127,0.0381,0.718,0.0,0.0,0,0.0,0.0
3,138,2.76,approach,0.01557,0.00618,0.01429,0.03857,0.03,-3.74,69.26,0.3137,0.0376,0.887,0.0,0.0,0,0.0,0.0
4,138,2.76,approach,0.01874,0.00987,0.01594,0.04037,0.03,-4.56,60.79,0.3139,0.0352,1.031,0.0,0.0,0,0.0,0.0
5,138,2.76,approach,0.01739,0.00685,0.01598,0.03905,0.03,-4.27,57.55,0.3145,0.0326,1.243,0.0,0.0,0,0.0,0.0
6,138,2.76,approach,0.02954,0.01638,0.02459,0.02871,0.03,-3.67,55.43,0.3172,0.0308,1.129,0.0,0.0,0,0.0,0.0
7,138,2.76,approach,0.01553,0.0061,0.01428,0.03861,0.03,-3.32,72.52,0.3144,0.0369,0.917,0.0,0.0,0,0.0,0.0
0,139,2.78,approach,0.01638,0.0055,0.01543,0.03826,0.03,-3.89,72.65,0.3138,0.0379,1.043,0.0,0.0,0,0.0,0.0
1,139,2.78,approach,0.01625,0.00825,0.014,0.03965,0.03,-4.93,58.34,0.3136,0.036,0.797,0.0,0.0,0,0.0,0.0
2,139,2.78,approach,0.0173,0.00759,0.01555,0.03929,0.03,-4.7,56.76,0.3126,0.0383,0.699,0.0,0.0,0,0.0,0.0
3,139,2.78,approach,0.01556,0.00595,0.01438,0.03838,0.03,-3.87,69.29,0.3136,0.0377,0.88,0.0,0.0,0,0.0,0.0
4,139,2.78,approach,0.0187,0.00983,0.01591,0.04057,0.03,-4.79,60.82,0.3138,0.0354,1.02,0.0,0.0,0,0.0,0.0
5,139,2.78,approach,0.01736,0.00742,0.0157,0.03958,0.03,-4.56,57.42,0.3144,0.0328,1.214,0.0,0.0,0,0.0,0.0
6,139,2.78,approach,0.02985,0.01617,0.02509,0.02905,0.03,-3.77,55.56,0.3173,0.031,1.112,0.0,0.0,0,0.0,0.0
7,139,2.78,approach,0.01569,0.00799,0.0135,0.03995,0.03,-4.12,72.69,0.3142,0.0371,0.909,0.0,0.0,0,0.0,0.0
0,140,2.8,approach,0.01695,0.00525,0.01611,0.03844,0.03,-3.97,72.7,0.3137,0.0381,1.027,0.0,0.0,0,0.0,0.0
1,140,2.8,approach,0.01652,0.00844,0.0142,0.04005,0.03,-5.23,58.19,0.3135,0.0363,0.793,0.0,0.0,0,0.0,0.0
2,140,2.8,approach,0.01679,0.00646,0.01549,0.03853,0.03,-4.81,56.73,0.3125,0.0384,0.695,0.0,0.0,0,0.0,0.0
3,140,2.8,approach,0.01557,0.0063,0.01424,0.03853,0.03,-4.03,69.31,0.3135,0.0379,0.865,0.0,0.0,0,0.0,0.0
4,140,2.8,approach,0.01855,0.00988,0.01569,0.04065,0.03,-4.97,60.79,0.3136,0.0356,1.007,0.0,0.0,0,0.0,0.0
5,140,2.8,approach,0.01736,0.00746,0.01568,0.03997,0.03,-4.98,57.29,0.3143,0.0331,1.208,0.0,0.0,0,0.0,0.0
6,140,2.8,approach,0.03025,0.01653,0.02533,0.02892,0.03,-3.82,55.71,0.3173,0.0311,1.095,0.0,0.0,0,0.0,0.0
7,140,2.8,approach,0.01566,0.00875,0.01299,0.04047,0.03,-4.33,73.37,0.314,0.0373,0.905,0.0,0.0,0,0.0,0.0
0,141,2.82,approach,0.0171,0.00471,0.01644,0.03802,0.03,-3.97,72.88,0.3136,0.0383,1.015,0.0,0.0,0,0.0,0.0
1,141,2.82,approach,0.0166,0.00837,0.01434,0.03999,0.03,-5.38,58.04,0.3133,0.0365,0.781,0.0,0.0,0,0.0,0.0
2,141,2.82,approach,0.0166,0.00586,0.01553,0.03833,0.03,-5.11,56.59,0.3124,0.0385,0.694,0.0,0.0,0,0.0,0.0
3,141,2.82,approach,0.01547,0.00603,0.01424,0.03837,0.03,-4.22,69.33,0.3133,0.0381,0.865,0.0,0.0,0,0.0,0.0
4,141,2.82,approach,0.01844,0.00964,0.01571,0.04058,0.03,-5.06,60.68,0.3135,0.0358,0.996,0.0,0.0,0,0.0,0.0
5,141,2.82,approach,0.0176,0.00799,0.01568,0.04046,0.03,-5.28,57.15,0.3142,0.0333,1.192,0.0,0.0,0,0.0,0.0
6,141,2.82,approach,0.03034,0.01709,0.02507,0.02831,0.03,-3.88,55.85,0.3173,0.0311,1.077,0.0,0.0,0,0.0,0.0
7,141,2.82,approach,0.01568,0.00828,0.01332,0.04011,0.03,-4.23,74.11,0.3138,0.0375,0.909,0.0,0.0,0,0.0,0.0
0,142,2.84,approach,0.01703,0.0043,0.01648,0.03756,0.03,-4.03,73.1,0.3135,0.0384,1.007,0.0,0.0,0,0.0,0.0
1,142,2.84,approach,0.01629,0.0084,0.01395,0.03977,0.03,-5.46,57.9,0.3132,0.0366,0.765,0.0,0.0,0,0.0,0.0
2,142,2.84,approach,0.01662,0.00623,0.01541,0.03861,0.03,-5.36,56.38,0.3123,0.0387,0.677,0.0,0.0,0,0.0,0.0
3,142,2.84,approach,0.01559,0.00668,0.01409,0.03883,0.03,-4.43,69.38,0.3132,0.0382,0.85,0.0,0.0,0,0.0,0.0
4,142,2.84,approach,0.01841,0.00909,0.01601,0.04046,0.03,-5.14,60.52,0.3134,0.036,0.989,0.0,0.0,0,0.0,0.0
5,142,2.84,approach,0.01738,0.00712,0.01586,0.03971,0.03,-5.36,56.98,0.3141,0.0336,1.18,0.0,0.0,0,0.0,0.0
6,142,2.84,approach,0.02979,0.0166,0.02473,0.02794,0.03,-4.02,55.87,0.3174,0.0312,1.048,0.0,0.0,0,0.0,0.0
7,142,2.84,approach,0.01586,0.00825,0.01354,0.04008,0.03,-4.15,74.9,0.3136,0.0377,0.901,0.0,0.0,0,0.0,0.0
0,143,2.86,approach,0.0171,0.00449,0.0165,0.0377,0.03,-4.22,73.24,0.3134,0.0386,1.0,0.0,0.0,0,0.0,0.0
1,143,2.86,approach,0.01622,0.00861,0.01375,0.0398,0.03,-5.61,57.74,0.313,0.0368,0.756,0.0,0.0,0,0.0,0.0
2,143,2.86,approach,0.01655,0.0063,0.0153,0.03853,0.03,-5.49,56.12,0.3122,0.0388,0.661,0.0,0.0,0,0.0,0.0
3,143,2.86,approach,0.01544,0.00614,0.01416,0.03843,0.03,-4.59,69.39,0.3131,0.0384,0.853,0.0,0.0,0,0.0,0.0
4,143,2.86,approach,0.01825,0.00793,0.01643,0.03988,0.03,-5.2,60.31,0.3133,0.0362,0.991,0.0,0.0,0,0.0,0.0
5,143,2.86,approach,0.01716,0.00725,0.01556,0.03962,0.03,-5.45,56.84,0.314,0.0338,1.156,0.0,0.0,0,0.0,0.0
6,143,2.86,approach,0.03016,0.01659,0.02519,0.02835,0.03,-4.19,55.84,0.3174,0.0314,1.028,0.0,0.0,0,0.0,0.0
7,143,2.86,approach,0.01617,0.00811,0.01399,0.03986,0.03,-4.01,75.4,0.3135,0.0379,0.891,0.0,0.0,0,0.0,0.0
0,144,2.88,approach,0.01724,0.00478,0.01656,0.038,0.03,-4.45,73.35,0.3134,0.0388,0.994,0.0,0.0,0,0.0,0.0
1,144,2.88,approach,0.01661,0.009,0.01396,0.04025,0.03,-5.79,57.6,0.3129,0.037,0.746,0.0,0.0,0,0.0,0.0
2,144,2.88,approach,0.01635,0.00619,0.01514,0.03826,0.03,-5.61,55.93,0.3121,0.0389,0.649,0.0,0.0,0,0.0,0.0
3,144,2.88,approach,0.01525,0.00653,0.01377,0.03858,0.03,-4.77,69.42,0.313,0.0385,0.838,0.0,0.0,0,0.0,0.0
4,144,2.88,approach,0.01805,0.00698,0.01665,0.03915,0.03,-5.41,59.95,0.3132,0.0363,0.997,0.0,0.0,0,0.0,0.0
5,144,2.88,approach,0.0172,0.0068,0.0158,0.0393,0.03,-5.56,56.81,0.3139,0.0341,1.151,0.0,0.0,0,0.0,0.0
6,144,2.88,approach,0.03057,0.01674,0.02558,0.02863,0.03,-4.33,55.81,0.3174,0.0315,1.008,0.0,0.0,0,0.0,0.0
7,144,2.88,approach,0.01637,0.00736,0.01462,0.03925,0.03,-3.86,75.88,0.3133,0.0381,0.893,0.0,0.0,0,0.0,0.0
0,145,2.9,approach,0.01703,0.00514,0.01623,0.03815,0.03,-4.68,73.49,0.3133,0.0389,0.983,0.0,0.0,0,0.0,0.0
1,145,2.9,approach,0.01704,0.00968,0.01402,0.04085,0.03,-5.89,57.49,0.3128,0.0372,0.725,0.0,0.0,0,0.0,0.0
2,145,2.9,approach,0.01637,0.00646,0.01504,0.03834,0.03,-5.75,55.74,0.3121,0.039,0.634,0.0,0.0,0,0.0,0.0
3,145,2.9,approach,0.01493,0.00602,0.01366,0.03808,0.03,-4.91,69.42,0.3129,0.0386,0.84,0.0,0.0,0,0.0,0.0
4,145,2.9,approach,0.01757,0.00795,0.01566,0.03953,0.03,-5.69,59.55,0.3131,0.0365,0.971,0.0,0.0,0,0.0,0.0
5,145,2.9,approach,0.0176,0.00767,0.01584,0.04005,0.03,-5.76,56.81,0.3138,0.0343,1.13,0.0,0.0,0,0.0,0.0
6,145,2.9,approach,0.0305,0.0168,0.02546,0.0282,0.03,-4.4,55.79,0.3173,0.0316,0.983,0.0,0.0,0,0.0,0.0
7,145,2.9,approach,0.0164,0.00711,0.01478,0.03906,0.03,-3.94,76.25,0.3132,0.0383,0.895,0.0,0.0,0,0.0,0.0
0,146,2.92,approach,0.01669,0.00488,0.01596,0.03774,0.03,-4.82,73.51,0.3132,0.039,0.976,0.0,0.0,0,0.0,0.0
1,146,2.92,approach,0.01692,0.00968,0.01388,0.04081,0.03,-5.91,57.4,0.3127,0.0374,0.708,0.0,0.0,0,0.0,0.0
2,146,2.92,approach,0.01668,0.00725,0.01502,0.03892,0.03,-5.89,55.56,0.312,0.0392,0.612,0.0,0.0,0,0.0,0.0
3,146,2.92,approach,0.01494,0.00666,0.01338,0.03851,0.03,-5.13,69.41,0.3128,0.0388,0.827,0.0,0.0,0,0.0,0.0
4,146,2.92,approach,0.01723,0.00712,0.01569,0.03879,0.03,-5.78,59.38,0.313,0.0367,0.974,0.0,0.0,0,0.0,0.0
5,146,2.92,approach,0.01752,0.00723,0.01596,0.03971,0.03,-5.93,56.87,0.3137,0.0346,1.128,0.0,0.0,0,0.0,0.0
6,146,2.92,approach,0.03039,0.01684,0.0253,0.02779,0.03,-4.48,55.78,0.3173,0.0317,0.96,0.0,0.0,0,0.0,0.0
7,146,2.92,approach,0.01645,0.00721,0.01479,0.03904,0.03,-4.08,76.39,0.3131,0.0385,0.891,0.0,0.0,0,0.0,0.0
0,147,2.94,approach,0.01635,0.00517,0.01551,0.03773,0.03,-5.03,73.54,0.3131,0.0392,0.966,0.0,0.0,0,0.0,0.0
1,147,2.94,approach,0.01607,0.00799,0.01394,0.03951,0.03,-5.98,57.37,0.3126,0.0376,0.716,0.0,0.0,0,0.0,0.0
2,147,2.94,approach,0.01704,0.00802,0.01503,0.03956,0.03,-5.98,55.4,0.3119,0.0393,0.585,0.0,0.0,0,0.0,0.0
3,147,2.94,approach,0.01495,0.00633,0.01354,0.03826,0.03,-5.3,69.38,0.3127,0.0389,0.832,0.0,0.0,0,0.0,0.0
4,147,2.94,approach,0.0172,0.00725,0.01559,0.03888,0.03,-6.03,59.24,0.3129,0.0368,0.97,0.0,0.0,0,0.0,0.0
5,147,2.94,approach,0.01711,0.00709,0.01557,0.0394,0.03,-6.0,56.9,0.3135,0.0348,1.108,0.0,0.0,0,0.0,0.0
6,147,2.94,approach,0.03048,0.01676,0.02546,0.02793,0.03,-4.62,55.81,0.3172,0.0319,0.938,0.0,0.0,0,0.0,0.0
7,147,2.94,approach,0.01652,0.00734,0.01479,0.03917,0.03,-4.29,76.39,0.313,0.0387,0.891,0.0,0.0,0,0.0,0.0
0,148,2.96,approach,0.01638,0.00525,0.01551,0.03772,0.03,-5.19,73.56,0.313,0.0393,0.96,0.0,0.0,0,0.0,0.0
1,148,2.96,approach,0.01579,0.00797,0.01364,0.03937,0.03,-6.26,57.1,0.3125,0.0377,0.709,0.0,0.0,0,0.0,0.0
2,148,2.96,approach,0.01669,0.00698,0.01516,0.03898,0.03,-6.06,55.3,0.3118,0.0394,0.579,0.0,0.0,0,0.0,0.0
3,148,2.96,approach,0.01476,0.00653,0.01324,0.03831,0.03,-5.5,69.41,0.3126,0.039,0.827,0.0,0.0,0,0.0,0.0
4,148,2.96,approach,0.01713,0.00695,0.01566,0.03861,0.03,-6.23,59.05,0.3128,0.037,0.966,0.0,0.0,0,0.0,0.0
5,148,2.96,approach,0.01676,0.0074,0.01504,0.03943,0.03,-6.16,56.85,0.3134,0.0351,1.093,0.0,0.0,0,0.0,0.0
6,148,2.96,approach,0.03058,0.01662,0.02567,0.02817,0.03,-4.77,55.87,0.3172,0.032,0.914,0.0,0.0,0,0.0,0.0
7,148,2.96,approach,0.0165,0.00731,0.01479,0.03927,0.03,-4.52,76.4,0.3129,0.0389,0.895,0.0,0.0,0,0.0,0.0
0,149,2.98,approach,0.01634,0.00521,0.01549,0.03762,0.03,-5.34,73.72,0.3129,0.0394,0.954,0.0,0.0,0,0.0,0.0
1,149,2.98,approach,0.01564,0.008,0.01344,0.03922,0.03,-6.53,56.75,0.3124,0.0379,0.706,0.0,0.0,0,0.0,0.0
2,149,2.98,approach,0.016,0.00498,0.0152,0.03728,0.03,-6.23,55.18,0.3118,0.0395,0.593,0.0,0.0,0,0.0,0.0
3,149,2.98,approach,0.01452,0.00673,0.01286,0.03834,0.03,-5.67,69.37,0.3125,0.0391,0.817,0.0,0.0,0,0.0,0.0
4,149,2.98,approach,0.01683,0.00747,0.01508,0.03879,0.03,-6.4,58.86,0.3127,0.0372,0.948,0.0,0.0,0,0.0,0.0
5,149,2.98,approach,0.01685,0.00748,0.01509,0.03954,0.03,-6.36,56.83,0.3133,0.0353,1.088,0.0,0.0,0,0.0,0.0
6,149,2.98,approach,0.03063,0.01674,0.02565,0.02799,0.03,-4.86,55.94,0.3171,0.0322,0.889,0.0,0.0,0,0.0,0.0
7,149,2.98,approach,0.01627,0.00745,0.01446,0.03935,0.03,-4.75,76.46,0.3128,0.039,0.896,0.0,0.0,0,0.0,0.0
0,150,3.0,approach,0.01601,0.00514,0.01517,0.03734,0.03,-5.47,73.9,0.3128,0.0396,0.947,0.0,0.0,0,0.0,0.0
1,150,3.0,approach,0.01551,0.00815,0.01319,0.03926,0.03,-6.74,56.43,0.3123,0.038,0.696,0.0,0.0,0,0.0,0.0
2,150,3.0,approach,0.01544,0.00494,0.01463,0.03706,0.03,-6.37,54.77,0.3117,0.0396,0.564,0.0,0.0,0,0.0,0.0
3,150,3.0,approach,0.01454,0.00668,0.01292,0.03823,0.03,-5.79,69.31,0.3123,0.0393,0.81,0.0,0.0,0,0.0,0.0
4,150,3.0,approach,0.01689,0.00768,0.01504,0.03883,0.03,-6.52,58.66,0.3126,0.0373,0.939,0.0,0.0,0,0.0,0.0
5,150,3.0,approach,0.01693,0.00768,0.01508,0.0397,0.03,-6.54,56.84,0.3132,0.0356,1.078,0.0,0.0,0,0.0,0.0
6,150,3.0,approach,0.03065,0.0171,0.02543,0.02758,0.03,-4.94,56.03,0.317,0.0323,0.867,0.0,0.0,0,0.0,0.0
7,150,3.0,approach,0.01596,0.00734,0.01417,0.03912,0.03,-4.93,76.47,0.3128,0.0392,0.896,0.0,0.0,0,0.0,0.0
0,151,3.02,approach,0.01564,0.00561,0.0146,0.03741,0.03,-5.68,74.02,0.3127,0.0396,0.936,0.0,0.0,0,0.0,0.0
1,151,3.02,approach,0.01522,0.0077,0.01313,0.03875,0.03,-6.89,56.15,0.3122,0.0381,0.695,0.0,0.0,0,0.0,0.0
2,151,3.02,approach,0.01519,0.00486,0.0144,0.03676,0.03,-6.67,54.16,0.3117,0.0397,0.566,0.0,0.0,0,0.0,0.0
3,151,3.02,approach,0.01476,0.00678,0.01311,0.03825,0.03,-5.9,69.31,0.3122,0.0394,0.802,0.0,0.0,0,0.0,0.0
4,151,3.02,approach,0.01704,0.00765,0.01522,0.03886,0.03,-6.68,58.56,0.3125,0.0375,0.937,0.0,0.0,0,0.0,0.0
5,151,3.02,approach,0.01653,0.00746,0.01476,0.03936,0.03,-6.65,56.85,0.313,0.0358,1.069,0.0,0.0,0,0.0,0.0
6,151,3.02,approach,0.03065,0.01744,0.02521,0.02732,0.03,-5.08,56.12,0.317,0.0325,0.846,0.0,0.0,0,0.0,0.0
7,151,3.02,approach,0.01576,0.00728,0.01398,0.03894,0.03,-5.09,76.5,0.3127,0.0393,0.895,0.0,0.0,0,0.0,0.0
0,152,3.04,approach,0.01567,0.00575,0.01458,0.03745,0.03,-5.86,74.0,0.3126,0.0398,0.93,0.0,0.0,0,0.0,0.0
1,152,3.04,approach,0.01489,0.00755,0.01283,0.03858,0.03,-7.01,55.9,0.3122,0.0382,0.685,0.0,0.0,0,0.0,0.0
2,152,3.04,approach,0.0154,0.00543,0.01441,0.03729,0.03,-6.91,53.86,0.3116,0.0397,0.551,0.0,0.0,0,0.0,0.0
3,152,3.04,approach,0.01486,0.00692,0.01315,0.03827,0.03,-6.0,69.33,0.3121,0.0395,0.793,0.0,0.0,0,0.0,0.0
4,152,3.04,approach,0.01698,0.00794,0.01501,0.03901,0.03,-6.89,58.44,0.3124,0.0376,0.929,0.0,0.0,0,0.0,0.0
5,152,3.04,approach,0.01626,0.00797,0.01417,0.03956,0.03,-6.79,56.8,0.3129,0.0361,1.052,0.0,0.0,0,0.0,0.0
6,152,3.04,approach,0.03064,0.01749,0.02516,0.02736,0.03,-5.27,56.14,0.3169,0.0326,0.822,0.0,0.0,0,0.0,0.0
7,152,3.04,approach,0.01568,0.00727,0.0139,0.03887,0.03,-5.26,76.58,0.3126,0.0395,0.896,0.0,0.0,0,0.0,0.0
0,153,3.06,approach,0.0157,0.0057,0.01463,0.03743,0.03,-6.03,74.07,0.3125,0.0399,0.926,0.0,0.0,0,0.0,0.0
1,153,3.06,approach,0.01483,0.00769,0.01268,0.03869,0.03,-7.16,55.64,0.3121,0.0384,0.676,0.0,0.0,0,0.0,0.0
2,153,3.06,approach,0.01526,0.00476,0.0145,0.03658,0.03,-7.04,53.59,0.3116,0.0398,0.55,0.0,0.0,0,0.0,0.0
3,153,3.06,approach,0.01479,0.00727,0.01288,0.03842,0.03,-6.13,69.35,0.312,0.0396,0.783,0.0,0.0,0,0.0,0.0
4,153,3.06,approach,0.01673,0.00825,0.01455,0.03901,0.03,-7.03,58.3,0.3124,0.0377,0.917,0.0,0.0,0,0.0,0.0
5,153,3.06,approach,0.01609,0.00791,0.01401,0.0395,0.03,-7.02,56.78,0.3128,0.0363,1.056,0.0,0.0,0,0.0,0.0
6,153,3.06,approach,0.03051,0.0173,0.02513,0.0274,0.03,-5.45,56.1,0.3169,0.0328,0.797,0.0,0.0,0,0.0,0.0
7,153,3.06,approach,0.0155,0.00734,0.01365,0.03885,0.03,-5.44,76.74,0.3126,0.0396,0.9,0.0,0.0,0,0.0,0.0
0,154,3.08,approach,0.01538,0.00567,0.01429,0.03728,0.03,-6.21,74.19,0.3124,0.04,0.919,0.0,0.0,0,0.0,0.0
1,154,3.08,approach,0.01493,0.00765,0.01282,0.03867,0.03,-7.27,55.47,0.312,0.0385,0.671,0.0,0.0,0,0.0,0.0
2,154,3.08,approach,0.01472,0.00417,0.01411,0.03603,0.03,-7.06,53.36,0.3115,0.0399,0.533,0.0,0.0,0,0.0,0.0
3,154,3.08,approach,0.01466,0.00746,0.01262,0.03854,0.03,-6.26,69.31,0.312,0.0397,0.775,0.0,0.0,0,0.0,0.0
4,154,3.08,approach,0.01665,0.00897,0.01402,0.03942,0.03,-7.23,58.14,0.3123,0.0378,0.903,0.0,0.0,0,0.0,0.0
5,154,3.08,approach,0.01604,0.00801,0.0139,0.03954,0.03,-7.19,56.77,0.3126,0.0365,1.05,0.0,0.0,0,0.0,0.0
6,154,3.08,approach,0.03028,0.01711,0.02499,0.02721,0.03,-5.58,56.07,0.3168,0.033,0.772,0.0,0.0,0,0.0,0.0
7,154,3.08,approach,0.0152,0.00724,0.01336,0.03866,0.03,-5.61,76.88,0.3125,0.0398,0.904,0.0,0.0,0,0.0,0.0
0,155,3.1,approach,0.01492,0.00558,0.01383,0.037,0.03,-6.38,74.25,0.3123,0.0401,0.913,0.0,0.0,0,0.0,0.0
1,155,3.1,approach,0.01496,0.0078,0.01276,0.03875,0.03,-7.35,55.31,0.3119,0.0386,0.658,0.0,0.0,0,0.0,0.0
2,155,3.1,approach,0.01443,0.0041,0.01383,0.03581,0.03,-7.2,53.11,0.3115,0.0399,0.526,0.0,0.0,0,0.0,0.0
3,155,3.1,approach,0.01453,0.00738,0.01252,0.03855,0.03,-6.39,69.22,0.3119,0.0398,0.77,0.0,0.0,0,0.0,0.0
4,155,3.1,approach,0.0169,0.00986,0.01373,0.04017,0.03,-7.41,57.97,0.3122,0.0379,0.887,0.0,0.0,0,0.0,0.0
5,155,3.1,approach,0.01587,0.00819,0.01359,0.03956,0.03,-7.29,56.7,0.3125,0.0368,1.034,0.0,0.0,0,0.0,0.0
6,155,3.1,approach,0.03007,0.01704,0.02477,0.02697,0.03,-5.72,56.08,0.3168,0.0332,0.749,0.0,0.0,0,0.0,0.0
7,155,3.1,approach,0.01494,0.00729,0.01304,0.03857,0.03,-5.79,76.98,0.3124,0.0399,0.905,0.0,0.0,0,0.0,0.0
0,156,3.12,approach,0.01464,0.00565,0.01351,0.03692,0.03,-6.58,74.25,0.3122,0.0402,0.906,0.0,0.0,0,0.0,0.0
1,156,3.12,approach,0.01483,0.00797,0.01251,0.03877,0.03,-7.44,55.16,0.3118,0.0387,0.646,0.0,0.0,0,0.0,0.0
2,156,3.12,approach,0.01459,0.00441,0.01391,0.03608,0.03,-7.39,52.93,0.3114,0.04,0.52,0.0,0.0,0,0.0,0.0
3,156,3.12,approach,0.01418,0.00681,0.01244,0.03813,0.03,-6.51,69.13,0.3118,0.0399,0.771,0.0,0.0,0,0.0,0.0
4,156,3.12,approach,0.01693,0.00976,0.01383,0.04018,0.03,-7.38,57.86,0.3122,0.0379,0.87,0.0,0.0,0,0.0,0.0
5,156,3.12,approach,0.01573,0.00844,0.01327,0.03957,0.03,-7.38,56.64,0.3124,0.037,1.023,0.0,0.0,0,0.0,0.0
6,156,3.12,approach,0.02997,0.01711,0.0246,0.02681,0.03,-5.87,56.11,0.3168,0.0334,0.728,0.0,0.0,0,0.0,0.0
7,156,3.12,approach,0.01478,0.00733,0.01284,0.03853,0.03,-5.98,77.05,0.3124,0.0401,0.909,0.0,0.0,0,0.0,0.0
0,157,3.14,approach,0.01457,0.00556,0.01347,0.03678,0.03,-6.71,74.25,0.3122,0.0403,0.9,0.0,0.0,0,0.0,0.0
1,157,3.14,approach,0.01463,0.00787,0.01233,0.03866,0.03,-7.58,55.01,0.3118,0.0388,0.641,0.0,0.0,0,0.0,0.0
2,157,3.14,approach,0.01478,0.00478,0.01399,0.0363,0.03,-7.51,52.78,0.3114,0.0401,0.508,0.0,0.0,0,0.0,0.0
3,157,3.14,approach,0.01367,0.00649,0.01203,0.03766,0.03,-6.76,68.96,0.3118,0.0399,0.775,0.0,0.0,0,0.0,0.0
4,157,3.14,approach,0.01624,0.00781,0.01424,0.03895,0.03,-7.48,57.51,0.3121,0.038,0.889,0.0,0.0,0,0.0,0.0
5,157,3.14,approach,0.01576,0.00873,0.01312,0.03976,0.03,-7.52,56.61,0.3123,0.0372,1.015,0.0,0.0,0,0.0,0.0
6,157,3.14,approach,0.0298,0.01718,0.02435,0.02664,0.03,-6.04,56.16,0.3167,0.0336,0.707,0.0,0.0,0,0.0,0.0
7,157,3.14,approach,0.01462,0.00729,0.01267,0.03844,0.03,-6.16,77.14,0.3123,0.0402,0.914,0.0,0.0,0,0.0,0.0
0,158,3.16,approach,0.0144,0.00541,0.01334,0.03655,0.03,-6.83,74.33,0.3121,0.0404,0.893,0.0,0.0,0,0.0,0.0
1,158,3.16,approach,0.01437,0.00719,0.01245,0.03811,0.03,-7.71,54.85,0.3117,0.0388,0.643,0.0,0.0,0,0.0,0.0
2,158,3.16,approach,0.01476,0.00519,0.01382,0.03621,0.03,-7.56,52.66,0.3113,0.0401,0.494,0.0,0.0,0,0.0,0.0
3,158,3.16,approach,0.0133,0.00708,0.01126,0.03798,0.03,-7.08,68.7,0.3117,0.04,0.765,0.0,0.0,0,0.0,0.0
4,158,3.16,approach,0.01567,0.00449,0.01501,0.03592,0.03,-7.33,57.33,0.3121,0.0381,0.904,0.0,0.0,0,0.0,0.0
5,158,3.16,approach,0.01592,0.00924,0.01296,0.04018,0.03,-7.68,56.58,0.3122,0.0374,1.003,0.0,0.0,0,0.0,0.0
6,158,3.16,approach,0.02956,0.01718,0.02405,0.02638,0.03,-6.2,56.19,0.3167,0.0338,0.685,0.0,0.0,0,0.0,0.0
7,158,3.16,approach,0.01432,0.0072,0.01238,0.03826,0.03,-6.32,77.26,0.3123,0.0403,0.92,0.0,0.0,0,0.0,0.0
0,159,3.18,approach,0.01412,0.00524,0.01312,0.03626,0.03,-6.94,74.41,0.312,0.0405,0.886,0.0,0.0,0,0.0,0.0
1,159,3.18,approach,0.01408,0.00664,0.01242,0.03754,0.03,-7.89,54.61,0.3117,0.0389,0.643,0.0,0.0,0,0.0,0.0
2,159,3.18,approach,0.01471,0.00577,0.01354,0.03627,0.03,-7.66,52.57,0.3112,0.0402,0.483,0.0,0.0,0,0.0,0.0
3,159,3.18,approach,0.01331,0.00677,0.01146,0.03773,0.03,-7.2,68.41,0.3117,0.0401,0.758,0.0,0.0,0,0.0,0.0
4,159,3.18,approach,0.01474,0.00432,0.01409,0.03539,0.03,-7.53,56.71,0.312,0.0381,0.878,0.0,0.0,0,0.0,0.0
5,159,3.18,approach,0.01601,0.00956,0.01285,0.04043,0.03,-7.76,56.53,0.3121,0.0377,0.986,0.0,0.0,0,0.0,0.0
6,159,3.18,approach,0.02924,0.01704,0.02377,0.02618,0.03,-6.37,56.2,0.3167,0.034,0.662,0.0,0.0,0,0.0,0.0
7,159,3.18,approach,0.01403,0.00713,0.01209,0.0381,0.03,-6.49,77.37,0.3122,0.0404,0.927,0.0,0.0,0,0.0,0.0
0,160,3.2,approach,0.01382,0.00517,0.01282,0.03606,0.03,-7.08,74.46,0.3119,0.0405,0.879,0.0,0.0,0,0.0,0.0
1,160,3.2,approach,0.01371,0.00658,0.01203,0.03738,0.03,-8.03,54.29,0.3116,0.039,0.63,0.0,0.0,0,0.0,0.0
2,160,3.2,approach,0.01496,0.00649,0.01349,0.03685,0.03,-7.82,52.45,0.3111,0.0402,0.469,0.0,0.0,0,0.0,0.0
3,160,3.2,approach,0.0134,0.00651,0.01171,0.03751,0.03,-7.31,68.22,0.3117,0.0402,0.755,0.0,0.0,0,0.0,0.0
4,160,3.2,approach,0.01532,0.00683,0.01372,0.03751,0.03,-8.03,56.16,0.3121,0.0382,0.862,0.0,0.0,0,0.0,0.0
5,160,3.2,approach,0.01566,0.00916,0.0127,0.04011,0.03,-7.84,56.49,0.312,0.0379,0.979,0.0,0.0,0,0.0,0.0
6,160,3.2,approach,0.02908,0.01696,0.02362,0.02612,0.03,-6.52,56.21,0.3166,0.0342,0.641,0.0,0.0,0,0.0,0.0
7,160,3.2,approach,0.01382,0.00714,0.01184,0.03803,0.03,-6.67,77.49,0.3122,0.0405,0.935,0.0,0.0,0,0.0,0.0
0,161,3.22,approach,0.01368,0.00514,0.01268,0.03593,0.03,-7.19,74.47,0.3118,0.0406,0.872,0.0,0.0,0,0.0,0.0
1,161,3.22,approach,0.01361,0.00678,0.0118,0.03746,0.03,-8.21,53.98,0.3115,0.039,0.624,0.0,0.0,0,0.0,0.0
2,161,3.22,approach,0.01537,0.00728,0.01354,0.0376,0.03,-7.96,52.35,0.3111,0.0403,0.448,0.0,0.0,0,0.0,0.0
3,161,3.22,approach,0.0132,0.00615,0.01167,0.03714,0.03,-7.44,68.1,0.3116,0.0402,0.751,0.0,0.0,0,0.0,0.0
4,161,3.22,approach,0.01634,0.00668,0.01491,0.03776,0.03,-8.4,56.02,0.3121,0.0383,0.888,0.0,0.0,0,0.0,0.0
5,161,3.22,approach,0.01479,0.00775,0.0126,0.03887,0.03,-7.92,56.43,0.3119,0.0381,0.985,0.0,0.0,0,0.0,0.0
6,161,3.22,approach,0.02885,0.01678,0.02346,0.02609,0.03,-6.69,56.22,0.3166,0.0345,0.62,0.0,0.0,0,0.0,0.0
7,161,3.22,approach,0.01353,0.00705,0.01155,0.03786,0.03,-6.84,77.64,0.3121,0.0407,0.945,0.0,0.0,0,0.0,0.0
0,162,3.24,approach,0.01369,0.00542,0.01257,0.03611,0.03,-7.35,74.45,0.3117,0.0407,0.865,0.0,0.0,0,0.0,0.0
1,162,3.24,approach,0.01375,0.00696,0.01185,0.03761,0.03,-8.37,53.74,0.3115,0.0391,0.62,0.0,0.0,0,0.0,0.0
2,162,3.24,approach,0.01516,0.00682,0.01354,0.0374,0.03,-8.06,52.27,0.311,0.0403,0.438,0.0,0.0,0,0.0,0.0
3,162,3.24,approach,0.01285,0.00603,0.01135,0.03692,0.03,-7.62,67.97,0.3116,0.0403,0.744,0.0,0.0,0,0.0,0.0
4,162,3.24,approach,0.01604,0.00617,0.0148,0.03731,0.03,-8.48,55.84,0.3121,0.0383,0.871,0.0,0.0,0,0.0,0.0
5,162,3.24,approach,0.01434,0.00761,0.01216,0.03856,0.03,-8.18,56.15,0.3118,0.0382,0.982,0.0,0.0,0,0.0,0.0
6,162,3.24,approach,0.02878,0.01685,0.02333,0.02598,0.03,-6.8,56.23,0.3166,0.0347,0.6,0.0,0.0,0,0.0,0.0
7,162,3.24,approach,0.01307,0.00694,0.01107,0.03761,0.03,-6.99,77.8,0.312,0.0408,0.956,0.0,0.0,0,0.0,0.0
0,163,3.26,approach,0.01367,0.00566,0.01245,0.03624,0.03,-7.48,74.45,0.3116,0.0408,0.857,0.0,0.0,0,0.0,0.0
1,163,3.26,approach,0.01398,0.00736,0.01189,0.0379,0.03,-8.44,53.52,0.3114,0.0392,0.604,0.0,0.0,0,0.0,0.0
2,163,3.26,approach,0.01419,0.00429,0.01353,0.03564,0.03,-8.17,52.21,0.311,0.0404,0.451,0.0,0.0,0,0.0,0.0
3,163,3.26,approach,0.01273,0.00619,0.01113,0.03699,0.03,-7.81,67.83,0.3116,0.0403,0.736,0.0,0.0,0,0.0,0.0
4,163,3.26,approach,0.01468,0.0054,0.01365,0.03608,0.03,-8.46,55.55,0.312,0.0383,0.856,0.0,0.0,0,0.0,0.0
5,163,3.26,approach,0.01408,0.00781,0.01172,0.03858,0.03,-8.42,55.86,0.3118,0.0384,0.973,0.0,0.0,0,0.0,0.0
6,163,3.26,approach,0.02858,0.01683,0.0231,0.02577,0.03,-6.96,56.21,0.3166,0.0349,0.581,0.0,0.0,0,0.0,0.0
7,163,3.26,approach,0.0127,0.00695,0.01063,0.0375,0.03,-7.17,77.93,0.3119,0.0409,0.967,0.0,0.0,0,0.0,0.0
0,164,3.28,approach,0.01337,0.00545,0.01221,0.03601,0.03,-7.57,74.5,0.3116,0.0409,0.853,0.0,0.0,0,0.0,0.0
1,164,3.28,approach,0.01403,0.0075,0.01186,0.03793,0.03,-8.48,53.34,0.3113,0.0392,0.591,0.0,0.0,0,0.0,0.0
2,164,3.28,approach,0.01385,0.00431,0.01316,0.03549,0.03,-8.38,51.84,0.311,0.0404,0.438,0.0,0.0,0,0.0,0.0
3,164,3.28,approach,0.01299,0.00678,0.01108,0.0375,0.03,-7.97,67.67,0.3115,0.0404,0.722,0.0,0.0,0,0.0,0.0
4,164,3.28,approach,0.0147,0.00737,0.01271,0.03731,0.03,-8.74,55.23,0.312,0.0383,0.839,0.0,0.0,0,0.0,0.0
5,164,3.28,approach,0.01395,0.0077,0.01164,0.03839,0.03,-8.6,55.61,0.3117,0.0386,0.97,0.0,0.0,0,0.0,0.0
6,164,3.28,approach,0.02836,0.0168,0.02285,0.02556,0.03,-7.11,56.19,0.3166,0.0352,0.563,0.0,0.0,0,0.0,0.0
7,164,3.28,approach,0.01264,0.00706,0.01048,0.03755,0.03,-7.33,78.03,0.3119,0.041,0.974,0.0,0.0,0,0.0,0.0
0,165,3.3,approach,0.01287,0.00484,0.01192,0.03553,0.03,-7.66,74.51,0.3115,0.0409,0.853,0.0,0.0,0,0.0,0.0
1,165,3.3,approach,0.01364,0.0066,0.01193,0.03725,0.03,-8.59,53.22,0.3113,0.0393,0.595,0.0,0.0,0,0.0,0.0
2,165,3.3,approach,0.01352,0.00392,0.01294,0.03517,0.03,-8.62,51.48,0.3109,0.0404,0.437,0.0,0.0,0,0.0,0.0
3,165,3.3,approach,0.01333,0.00728,0.01117,0.03791,0.03,-7.99,67.55,0.3115,0.0404,0.702,0.0,0.0,0,0.0,0.0
4,165,3.3,approach,0.01556,0.00731,0.01373,0.03799,0.03,-9.05,55.11,0.312,0.0384,0.852,0.0,0.0,0,0.0,0.0
5,165,3.3,approach,0.0138,0.00757,0.01154,0.03826,0.03,-8.73,55.41,0.3116,0.0387,0.962,0.0,0.0,0,0.0,0.0
6,165,3.3,approach,0.02809,0.01667,0.02261,0.02544,0.03,-7.29,56.17,0.3165,0.0354,0.544,0.0,0.0,0,0.0,0.0
7,165,3.3,approach,0.01268,0.00706,0.01054,0.03745,0.03,-7.34,78.2,0.3118,0.0411,0.974,0.0,0.0,0,0.0,0.0
0,166,3.32,approach,0.01251,0.00472,0.01159,0.03545,0.03,-7.9,74.38,0.3114,0.041,0.854,0.0,0.0,0,0.0,0.0
1,166,3.32,approach,0.01325,0.00554,0.01203,0.03632,0.03,-8.78,53.02,0.3113,0.0394,0.606,0.0,0.0,0,0.0,0.0
2,166,3.32,approach,0.01354,0.00428,0.01284,0.03537,0.03,-8.8,51.16,0.3109,0.0404,0.426,0.0,0.0,0,0.0,0.0
3,166,3.32,approach,0.01323,0.00682,0.01134,0.03754,0.03,-7.92,67.46,0.3115,0.0405,0.693,0.0,0.0,0,0.0,0.0
4,166,3.32,approach,0.01597,0.00631,0.01467,0.03734,0.03,-9.16,55.01,0.312,0.0385,0.862,0.0,0.0,0,0.0,0.0
5,166,3.32,approach,0.01363,0.00742,0.01144,0.03813,0.03,-8.82,55.22,0.3115,0.0389,0.952,0.0,0.0,0,0.0,0.0
6,166,3.32,approach,0.02795,0.01664,0.02245,0.02538,0.03,-7.44,56.16,0.3165,0.0357,0.526,0.0,0.0,0,0.0,0.0
7,166,3.32,approach,0.0128,0.00683,0.01082,0.03693,0.03,-7.18,78.41,0.3117,0.0412,0.972,0.0,0.0,0,0.0,0.0
0,167,3.34,approach,0.01228,0.0048,0.0113,0.03547,0.03,-8.14,74.26,0.3114,0.0411,0.852,0.0,0.0,0,0.0,0.0
1,167,3.34,approach,0.01296,0.00541,0.01178,0.03611,0.03,-8.93,52.7,0.3112,0.0394,0.594,0.0,0.0,0,0.0,0.0
2,167,3.34,approach,0.01333,0.00359,0.01284,0.0348,0.03,-8.98,50.93,0.3109,0.0405,0.431,0.0,0.0,0,0.0,0.0
3,167,3.34,approach,0.01264,0.00532,0.01146,0.03621,0.03,-7.9,67.38,0.3115,0.0406,0.706,0.0,0.0,0,0.0,0.0
4,167,3.34,approach,0.01482,0.00559,0.01373,0.03617,0.03,-9.11,54.8,0.3119,0.0385,0.844,0.0,0.0,0,0.0,0.0
5,167,3.34,approach,0.0136,0.00748,0.01136,0.03814,0.03,-8.93,55.09,0.3114,0.0391,0.943,0.0,0.0,0,0.0,0.0
6,167,3.34,approach,0.02787,0.01671,0.0223,0.02527,0.03,-7.56,56.14,0.3165,0.0359,0.509,0.0,0.0,0,0.0,0.0
7,167,3.34,approach,0.01284,0.00593,0.01139,0.03594,0.03,-6.98,78.62,0.3116,0.0413,0.983,0.0,0.0,0,0.0,0.0
0,168,3.36,approach,0.01212,0.00469,0.01118,0.03527,0.03,-8.31,74.16,0.3113,0.0411,0.844,0.0,0.0,0,0.0,0.0
1,168,3.36,approach,0.0129,0.00549,0.01168,0.03613,0.03,-9.11,52.37,0.3112,0.0395,0.59,0.0,0.0,0,0.0,0.0
2,168,3.36,approach,0.01332,0.00369,0.0128,0.03461,0.03,-9.04,50.7,0.3108,0.0405,0.419,0.0,0.0,0,0.0,0.0
3,168,3.36,approach,0.01227,0.00572,0.01085,0.03626,0.03,-8.24,67.06,0.3115,0.0406,0.702,0.0,0.0,0,0.0,0.0
4,168,3.36,approach,0.01431,0.00709,0.01243,0.03667,0.03,-9.29,54.47,0.3119,0.0384,0.829,0.0,0.0,0,0.0,0.0
5,168,3.36,approach,0.01389,0.00805,0.01131,0.03863,0.03,-9.03,54.98,0.3114,0.0392,0.927,0.0,0.0,0,0.0,0.0
6,168,3.36,approach,0.0277,0.01666,0.02212,0.02512,0.03,-7.71,56.09,0.3165,0.0361,0.492,0.0,0.0,0,0.0,0.0
7,168,3.36,approach,0.01275,0.0058,0.01136,0.03604,0.03,-7.17,78.6,0.3115,0.0414,1.0,0.0,0.0,0,0.0,0.0
0,169,3.38,approach,0.01211,0.00455,0.01122,0.03499,0.03,-8.39,74.11,0.3112,0.0412,0.836,0.0,0.0,0,0.0,0.0
1,169,3.38,approach,0.01308,0.0057,0.01177,0.03632,0.03,-9.28,52.11,0.3111,0.0395,0.587,0.0,0.0,0,0.0,0.0
2,169,3.38,approach,0.01332,0.00393,0.01273,0.03452,0.03,-9.15,50.47,0.3107,0.0405,0.414,0.0,0.0,0,0.0,0.0
3,169,3.38,approach,0.01218,0.00618,0.01049,0.03628,0.03,-8.58,66.66,0.3116,0.0406,0.702,0.0,0.0,0,0.0,0.0
4,169,3.38,approach,0.01485,0.00755,0.01278,0.03765,0.03,-9.7,54.27,0.3119,0.0385,0.84,0.0,0.0,0,0.0,0.0
5,169,3.38,approach,0.01429,0.00869,0.01135,0.0392,0.03,-9.1,54.88,0.3113,0.0393,0.909,0.0,0.0,0,0.0,0.0
6,169,3.38,approach,0.0275,0.01657,0.02195,0.02499,0.03,-7.85,56.03,0.3165,0.0364,0.475,0.0,0.0,0,0.0,0.0
7,169,3.38,approach,0.01262,0.00615,0.01102,0.03659,0.03,-7.51,78.47,0.3115,0.0415,1.017,0.0,0.0,0,0.0,0.0
0,170,3.4,approach,0.01229,0.00499,0.01123,0.03514,0.03,-8.5,74.08,0.3112,0.0412,0.825,0.0,0.0,0,0.0,0.0
1,170,3.4,approach,0.01329,0.00599,0.01186,0.03653,0.03,-9.41,51.89,0.3111,0.0396,0.579,0.0,0.0,0,0.0,0.0
2,170,3.4,approach,0.01354,0.00423,0.01286,0.03465,0.03,-9.29,50.31,0.3107,0.0405,0.409,0.0,0.0,0,0.0,0.0
3,170,3.4,approach,0.01207,0.0065,0.01017,0.03649,0.03,-8.87,66.32,0.3116,0.0406,0.695,0.0,0.0,0,0.0,0.0
4,170,3.4,approach,0.01554,0.00782,0.01343,0.03811,0.03,-9.87,54.19,0.3118,0.0385,0.835,0.0,0.0,0,0.0,0.0
5,170,3.4,approach,0.01418,0.00839,0.01144,0.03903,0.03,-9.15,54.82,0.3112,0.0395,0.902,0.0,0.0,0,0.0,0.0
6,170,3.4,approach,0.02731,0.01645,0.02181,0.02493,0.03,-8.01,55.98,0.3165,0.0366,0.459,0.0,0.0,0,0.0,0.0
7,170,3.4,approach,0.01229,0.00613,0.01065,0.03659,0.03,-7.75,78.36,0.3114,0.0415,1.032,0.0,0.0,0,0.0,0.0
0,171,3.42,approach,0.01262,0.00547,0.01137,0.03533,0.03,-8.54,74.08,0.3111,0.0413,0.813,0.0,0.0,0,0.0,0.0
1,171,3.42,approach,0.01346,0.0063,0.0119,0.03665,0.03,-9.48,51.7,0.311,0.0396,0.57,0.0,0.0,0,0.0,0.0
2,171,3.42,approach,0.01392,0.00489,0.01303,0.035,0.03,-9.41,50.17,0.3106,0.0406,0.399,0.0,0.0,0,0.0,0.0
3,171,3.42,approach,0.01194,0.00613,0.01025,0.03579,0.03,-9.03,66.04,0.3116,0.0406,0.701,0.0,0.0,0,0.0,0.0
4,171,3.42,approach,0.01524,0.0076,0.01321,0.03725,0.03,-9.79,54.1,0.3117,0.0385,0.823,0.0,0.0,0,0.0,0.0
5,171,3.42,approach,0.01338,0.00675,0.01155,0.03742,0.03,-9.21,54.78,0.3112,0.0396,0.918,0.0,0.0,0,0.0,0.0
6,171,3.42,approach,0.02714,0.01635,0.02167,0.02486,0.03,-8.15,55.92,0.3165,0.0369,0.444,0.0,0.0,0,0.0,0.0
7,171,3.42,approach,0.01181,0.00591,0.01022,0.03626,0.03,-7.95,78.24,0.3114,0.0416,1.043,0.0,0.0,0,0.0,0.0
0,172,3.44,approach,0.01275,0.00547,0.01151,0.0352,0.03,-8.5,74.13,0.3111,0.0414,0.804,0.0,0.0,0,0.0,0.0
1,172,3.44,approach,0.01366,0.0067,0.0119,0.03688,0.03,-9.57,51.55,0.311,0.0396,0.56,0.0,0.0,0,0.0,0.0
2,172,3.44,approach,0.01426,0.00559,0.01311,0.03523,0.03,-9.49,50.07,0.3106,0.0406,0.388,0.0,0.0,0,0.0,0.0
3,172,3.44,approach,0.0115,0.00612,0.00973,0.03601,0.03,-9.27,65.81,0.3116,0.0406,0.69,0.0,0.0,0,0.0,0.0
4,172,3.44,approach,0.01485,0.0081,0.01244,0.03699,0.03,-9.88,53.94,0.3117,0.0385,0.816,0.0,0.0,0,0.0,0.0
5,172,3.44,approach,0.01306,0.00682,0.01114,0.03733,0.03,-9.46,54.41,0.3112,0.0397,0.907,0.0,0.0,0,0.0,0.0
6,172,3.44,approach,0.02692,0.01625,0.02146,0.02468,0.03,-8.29,55.87,0.3165,0.0371,0.429,0.0,0.0,0,0.0,0.0
7,172,3.44,approach,0.01159,0.00569,0.01009,0.03599,0.03,-8.12,78.12,0.3113,0.0416,1.052,0.0,0.0,0,0.0,0.0
0,173,3.46,approach,0.01237,0.00432,0.01159,0.03449,0.03,-8.45,74.16,0.3111,0.0414,0.806,0.0,0.0,0,0.0,0.0
1,173,3.46,approach,0.01379,0.00675,0.01202,0.037,0.03,-9.69,51.44,0.3109,0.0397,0.555,0.0,0.0,0,0.0,0.0
2,173,3.46,approach,0.01452,0.00631,0.01307,0.03552,0.03,-9.58,50.0,0.3105,0.0406,0.376,0.0,0.0,0,0.0,0.0
3,173,3.46,approach,0.01146,0.00559,0.01,0.03577,0.03,-9.37,65.55,0.3116,0.0407,0.684,0.0,0.0,0,0.0,0.0
4,173,3.46,approach,0.01515,0.00876,0.01236,0.03798,0.03,-10.26,53.74,0.3116,0.0385,0.816,0.0,0.0,0,0.0,0.0
5,173,3.46,approach,0.01283,0.00688,0.01083,0.03714,0.03,-9.71,54.04,0.3112,0.0398,0.906,0.0,0.0,0,0.0,0.0
6,173,3.46,approach,0.02666,0.01618,0.02118,0.02441,0.03,-8.43,55.83,0.3165,0.0374,0.414,0.0,0.0,0,0.0,0.0
7,173,3.46,approach,0.01173,0.00554,0.01034,0.03586,0.03,-8.23,78.08,0.3113,0.0417,1.059,0.0,0.0,0,0.0,0.0
0,174,3.48,approach,0.01188,0.00334,0.0114,0.03399,0.03,-8.66,74.05,0.3111,0.0414,0.819,0.0,0.0,0,0.0,0.0
1,174,3.48,approach,0.01353,0.00584,0.01221,0.03638,0.03,-9.81,51.35,0.3109,0.0398,0.56,0.0,0.0,0,0.0,0.0
2,174,3.48,approach,0.01459,0.00645,0.01309,0.03573,0.03,-9.73,49.94,0.3105,0.0406,0.369,0.0,0.0,0,0.0,0.0
3,174,3.48,approach,0.01154,0.0052,0.01031,0.03555,0.03,-9.44,65.46,0.3116,0.0407,0.679,0.0,0.0,0,0.0,0.0
4,174,3.48,approach,0.01635,0.01041,0.0126,0.03963,0.03,-10.48,53.61,0.3116,0.0385,0.794,0.0,0.0,0,0.0,0.0
5,174,3.48,approach,0.01274,0.00708,0.01059,0.03731,0.03,-9.93,53.71,0.3111,0.0399,0.898,0.0,0.0,0,0.0,0.0
6,174,3.48,approach,0.02642,0.01612,0.02093,0.0242,0.03,-8.58,55.8,0.3165,0.0376,0.4,0.0,0.0,0,0.0,0.0
7,174,3.48,approach,0.01193,0.00551,0.01058,0.03579,0.03,-8.3,78.11,0.3112,0.0418,1.064,0.0,0.0,0,0.0,0.0
0,175,3.5,approach,0.01155,0.00429,0.01072,0.0347,0.03,-9.07,73.72,0.3111,0.0414,0.812,0.0,0.0,0,0.0,0.0
1,175,3.5,approach,0.01312,0.00498,0.01214,0.03561,0.03,-9.95,51.18,0.3109,0.0398,0.564,0.0,0.0,0,0.0,0.0
2,175,3.5,approach,0.01449,0.00593,0.01322,0.03559,0.03,-9.9,49.88,0.3104,0.0406,0.365,0.0,0.0,0,0.0,0.0
3,175,3.5,approach,0.0116,0.00479,0.01057,0.03526,0.03,-9.5,65.37,0.3116,0.0407,0.672,0.0,0.0,0,0.0,0.0
4,175,3.5,approach,0.01703,0.01128,0.01276,0.04011,0.03,-10.42,53.56,0.3116,0.0385,0.77,0.0,0.0,0,0.0,0.0
5,175,3.5,approach,0.01252,0.00676,0.01054,0.03677,0.03,-10.11,53.46,0.3111,0.04,0.905,0.0,0.0,0,0.0,0.0
6,175,3.5,approach,0.02638,0.01621,0.02082,0.02415,0.03,-8.7,55.78,0.3165,0.0379,0.387,0.0,0.0,0,0.0,0.0
7,175,3.5,approach,0.01198,0.00521,0.01079,0.03541,0.03,-8.27,78.21,0.3112,0.0419,1.069,0.0,0.0,0,0.0,0.0
0,176,3.52,approach,0.01158,0.00401,0.01086,0.03434,0.03,-9.26,73.47,0.3111,0.0415,0.815,0.0,0.0,0,0.0,0.0
1,176,3.52,approach,0.01291,0.00525,0.0118,0.03567,0.03,-10.1,50.9,0.3108,0.0398,0.553,0.0,0.0,0,0.0,0.0
2,176,3.52,approach,0.01418,0.00508,0.01324,0.03498,0.03,-10.05,49.78,0.3104,0.0406,0.365,0.0,0.0,0,0.0,0.0
3,176,3.52,approach,0.01158,0.00457,0.01064,0.03501,0.03,-9.59,65.31,0.3116,0.0407,0.665,0.0,0.0,0,0.0,0.0
4,176,3.52,approach,0.01561,0.00864,0.013,0.03815,0.03,-10.39,53.59,0.3115,0.0385,0.782,0.0,0.0,0,0.0,0.0
5,176,3.52,approach,0.01222,0.00644,0.01039,0.03669,0.03,-10.2,53.2,0.3111,0.0401,0.892,0.0,0.0,0,0.0,0.0
6,176,3.52,approach,0.02635,0.01626,0.02074,0.02412,0.03,-8.83,55.75,0.3165,0.0381,0.373,0.0,0.0,0,0.0,0.0
7,176,3.52,approach,0.012,0.00511,0.01085,0.03524,0.03,-8.29,78.26,0.3112,0.0419,1.077,0.0,0.0,0,0.0,0.0
0,177,3.54,approach,0.01136,0.00387,0.01068,0.03411,0.03,-9.46,73.34,0.3111,0.0415,0.814,0.0,0.0,0,0.0,0.0
1,177,3.54,approach,0.01311,0.00578,0.01176,0.03614,0.03,-10.32,50.62,0.3108,0.0399,0.551,0.0,0.0,0,0.0,0.0
2,177,3.54,approach,0.01386,0.00483,0.01299,0.03444,0.03,-10.16,49.63,0.3103,0.0407,0.359,0.0,0.0,0,0.0,0.0
3,177,3.54,approach,0.0116,0.00476,0.01058,0.03511,0.03,-9.73,65.22,0.3116,0.0407,0.658,0.0,0.0,0,0.0,0.0
4,177,3.54,approach,0.01451,0.00481,0.01369,0.03489,0.03,-10.2,53.62,0.3115,0.0384,0.799,0.0,0.0,0,0.0,0.0
5,177,3.54,approach,0.0121,0.00618,0.0104,0.0365,0.03,-10.31,52.96,0.311,0.0401,0.891,0.0,0.0,0,0.0,0.0
6,177,3.54,approach,0.02621,0.01623,0.02058,0.02395,0.03,-8.96,55.7,0.3164,0.0384,0.359,0.0,0.0,0,0.0,0.0
7,177,3.54,approach,0.01205,0.00522,0.01086,0.0354,0.03,-8.4,78.23,0.3111,0.042,1.087,0.0,0.0,0,0.0,0.0
0,178,3.56,approach,0.01122,0.00385,0.01054,0.03412,0.03,-9.66,73.17,0.3111,0.0415,0.808,0.0,0.0,0,0.0,0.0
1,178,3.56,approach,0.0134,0.00598,0.01199,0.03638,0.03,-10.5,50.43,0.3108,0.0399,0.55,0.0,0.0,0,0.0,0.0
2,178,3.56,approach,0.01381,0.00546,0.01268,0.03472,0.03,-10.34,49.39,0.3103,0.0407,0.349,0.0,0.0,0,0.0,0.0
3,178,3.56,approach,0.01179,0.00532,0.01053,0.03558,0.03,-9.91,65.09,0.3115,0.0407,0.648,0.0,0.0,0,0.0,0.0
4,178,3.56,approach,0.01475,0.00436,0.01409,0.03339,0.03,-10.09,53.24,0.3115,0.0384,0.787,0.0,0.0,0,0.0,0.0
5,178,3.56,approach,0.01209,0.00596,0.01052,0.03632,0.03,-10.43,52.81,0.311,0.0402,0.892,0.0,0.0,0,0.0,0.0
6,178,3.56,approach,0.02605,0.0162,0.0204,0.02375,0.03,-9.09,55.65,0.3164,0.0386,0.346,0.0,0.0,0,0.0,0.0
7,178,3.56,approach,0.01206,0.00519,0.01089,0.0355,0.03,-8.5,78.19,0.3111,0.042,1.101,0.0,0.0,0,0.0,0.0
0,179,3.58,approach,0.01144,0.00386,0.01076,0.03406,0.03,-9.79,73.08,0.3111,0.0415,0.8,0.0,0.0,0,0.0,0.0
1,179,3.58,approach,0.01356,0.00613,0.01209,0.03633,0.03,-10.54,50.27,0.3107,0.04,0.542,0.0,0.0,0,0.0,0.0
2,179,3.58,approach,0.01403,0.00581,0.01277,0.03528,0.03,-10.57,49.18,0.3102,0.0407,0.344,0.0,0.0,0,0.0,0.0
3,179,3.58,approach,0.01198,0.00565,0.01056,0.03585,0.03,-10.0,64.98,0.3115,0.0407,0.636,0.0,0.0,0,0.0,0.0
4,179,3.58,approach,0.01515,0.00498,0.01431,0.0349,0.03,-10.59,52.56,0.3115,0.0385,0.775,0.0,0.0,0,0.0,0.0
5,179,3.58,approach,0.01213,0.00615,0.01046,0.03652,0.03,-10.54,52.67,0.3109,0.0403,0.882,0.0,0.0,0,0.0,0.0
6,179,3.58,approach,0.02595,0.0162,0.02028,0.02366,0.03,-9.22,55.59,0.3164,0.0388,0.334,0.0,0.0,0,0.0,0.0
7,179,3.58,approach,0.01194,0.00488,0.0109,0.03526,0.03,-8.6,78.13,0.3111,0.0421,1.116,0.0,0.0,0,0.0,0.0
0,180,3.6,approach,0.01186,0.00422,0.01109,0.03397,0.03,-9.8,73.1,0.3111,0.0415,0.789,0.0,0.0,0,0.0,0.0
1,180,3.6,approach,0.01351,0.00609,0.01206,0.0361,0.03,-10.6,50.14,0.3107,0.04,0.538,0.0,0.0,0,0.0,0.0
2,180,3.6,approach,0.01448,0.00631,0.01303,0.03569,0.03,-10.68,49.05,0.3102,0.0407,0.332,0.0,0.0,0,0.0,0.0
3,180,3.6,approach,0.01181,0.00523,0.01059,0.03549,0.03,-10.05,64.86,0.3115,0.0407,0.632,0.0,0.0,0,0.0,0.0
4,180,3.6,approach,0.01613,0.00487,0.01538,0.03584,0.03,-11.04,52.19,0.3116,0.0385,0.777,0.0,0.0,0,0.0,0.0
5,180,3.6,approach,0.01233,0.00653,0.01047,0.03682,0.03,-10.65,52.52,0.3109,0.0404,0.874,0.0,0.0,0,0.0,0.0
6,180,3.6,approach,0.02589,0.01621,0.02019,0.02362,0.03,-9.37,55.53,0.3164,0.0391,0.322,0.0,0.0,0,0.0,0.0
7,180,3.6,approach,0.01183,0.0049,0.01077,0.03518,0.03,-8.83,77.93,0.3111,0.0421,1.131,0.0,0.0,0,0.0,0.0
0,181,3.62,approach,0.01231,0.00491,0.01129,0.03407,0.03,-9.8,73.13,0.3111,0.0416,0.777,0.0,0.0,0,0.0,0.0
1,181,3.62,approach,0.01355,0.00614,0.01208,0.03616,0.03,-10.77,49.97,0.3107,0.0401,0.538,0.0,0.0,0,0.0,0.0
2,181,3.62,approach,0.01461,0.00632,0.01317,0.03543,0.03,-10.72,48.94,0.3101,0.0407,0.323,0.0,0.0,0,0.0,0.0
3,181,3.62,approach,0.01129,0.00396,0.01057,0.03438,0.03,-10.1,64.76,0.3115,0.0407,0.642,0.0,0.0,0,0.0,0.0
4,181,3.62,approach,0.01609,0.00487,0.01534,0.03557,0.03,-11.16,51.92,0.3116,0.0385,0.763,0.0,0.0,0,0.0,0.0
5,181,3.62,approach,0.0126,0.00692,0.01053,0.03713,0.03,-10.73,52.43,0.3108,0.0404,0.865,0.0,0.0,0,0.0,0.0
6,181,3.62,approach,0.02575,0.01618,0.02004,0.02347,0.03,-9.5,55.46,0.3164,0.0393,0.309,0.0,0.0,0,0.0,0.0
7,181,3.62,approach,0.01177,0.00514,0.01059,0.03533,0.03,-9.1,77.71,0.3111,0.0421,1.142,0.0,0.0,0,0.0,0.0
0,182,3.64,approach,0.01252,0.00523,0.01137,0.03417,0.03,-9.79,73.17,0.3111,0.0416,0.769,0.0,0.0,0,0.0,0.0
1,182,3.64,approach,0.01365,0.00619,0.01216,0.03627,0.03,-10.94,49.83,0.3106,0.0402,0.536,0.0,0.0,0,0.0,0.0
2,182,3.64,approach,0.0142,0.00536,0.01315,0.03461,0.03,-10.85,48.84,0.3101,0.0408,0.327,0.0,0.0,0,0.0,0.0
3,182,3.64,approach,0.01096,0.00438,0.01005,0.03453,0.03,-10.44,64.43,0.3115,0.0407,0.642,0.0,0.0,0,0.0,0.0
4,182,3.64,approach,0.01562,0.00627,0.01431,0.03573,0.03,-11.27,51.59,0.3116,0.0385,0.742,0.0,0.0,0,0.0,0.0
5,182,3.64,approach,0.01282,0.00717,0.01063,0.03735,0.03,-10.82,52.34,0.3108,0.0405,0.857,0.0,0.0,0,0.0,0.0
6,182,3.64,approach,0.02558,0.01613,0.01986,0.02326,0.03,-9.62,55.39,0.3163,0.0395,0.297,0.0,0.0,0,0.0,0.0
7,182,3.64,approach,0.01182,0.0053,0.01056,0.03544,0.03,-9.34,77.54,0.3112,0.0421,1.154,0.0,0.0,0,0.0,0.0
0,183,3.66,approach,0.01212,0.00417,0.01138,0.03376,0.03,-9.79,73.18,0.3111,0.0416,0.773,0.0,0.0,0,0.0,0.0
1,183,3.66,approach,0.01368,0.00625,0.01217,0.03623,0.03,-11.05,49.7,0.3106,0.0402,0.531,0.0,0.0,0,0.0,0.0
2,183,3.66,approach,0.01387,0.00444,0.01314,0.03389,0.03,-11.01,48.67,0.31,0.0408,0.328,0.0,0.0,0,0.0,0.0
3,183,3.66,approach,0.01088,0.00468,0.00983,0.03464,0.03,-10.72,64.1,0.3115,0.0407,0.641,0.0,0.0,0,0.0,0.0
4,183,3.66,approach,0.01546,0.00621,0.01416,0.03624,0.03,-11.68,51.37,0.3116,0.0385,0.75,0.0,0.0,0,0.0,0.0
5,183,3.66,approach,0.01267,0.00674,0.01072,0.03703,0.03,-10.92,52.26,0.3107,0.0406,0.857,0.0,0.0,0,0.0,0.0
6,183,3.66,approach,0.02543,0.01608,0.01971,0.02313,0.03,-9.75,55.34,0.3163,0.0397,0.286,0.0,0.0,0,0.0,0.0
7,183,3.66,approach,0.01181,0.00515,0.01063,0.03529,0.03,-9.51,77.45,0.3112,0.0422,1.164,0.0,0.0,0,0.0,0.0
0,184,3.68,approach,0.01171,0.00242,0.01146,0.03285,0.03,-9.84,73.12,0.3111,0.0416,0.786,0.0,0.0,0,0.0,0.0
1,184,3.68,approach,0.01361,0.00628,0.01207,0.03612,0.03,-11.16,49.57,0.3105,0.0403,0.527,0.0,0.0,0,0.0,0.0
2,184,3.68,approach,0.014,0.00499,0.01308,0.03416,0.03,-11.16,48.43,0.31,0.0408,0.315,0.0,0.0,0,0.0,0.0
3,184,3.68,approach,0.01079,0.00448,0.00982,0.0345,0.03,-10.89,63.83,0.3115,0.0407,0.635,0.0,0.0,0,0.0,0.0
4,184,3.68,approach,0.01607,0.00625,0.0148,0.03675,0.03,-11.99,51.21,0.3117,0.0385,0.749,0.0,0.0,0,0.0,0.0
5,184,3.68,approach,0.01218,0.00587,0.01068,0.03625,0.03,-11.06,52.15,0.3107,0.0406,0.863,0.0,0.0,0,0.0,0.0
6,184,3.68,approach,0.02539,0.01611,0.01963,0.02308,0.03,-9.88,55.29,0.3163,0.04,0.275,0.0,0.0,0,0.0,0.0
7,184,3.68,approach,0.01172,0.00484,0.01067,0.03499,0.03,-9.63,77.41,0.3112,0.0422,1.171,0.0,0.0,0,0.0,0.0
0,185,3.7,approach,0.01132,0.00274,0.01098,0.03302,0.03,-10.2,72.75,0.3112,0.0415,0.784,0.0,0.0,0,0.0,0.0
1,185,3.7,approach,0.01356,0.00627,0.01203,0.03612,0.03,-11.31,49.42,0.3105,0.0403,0.526,0.0,0.0,0,0.0,0.0
2,185,3.7,approach,0.01417,0.00536,0.01312,0.03453,0.03,-11.35,48.2,0.31,0.0408,0.31,0.0,0.0,0,0.0,0.0
3,185,3.7,approach,0.01073,0.00421,0.00987,0.03434,0.03,-11.02,63.62,0.3115,0.0407,0.628,0.0,0.0,0,0.0,0.0
4,185,3.7,approach,0.01597,0.00565,0.01493,0.03597,0.03,-12.02,51.09,0.3117,0.0385,0.742,0.0,0.0,0,0.0,0.0
5,185,3.7,approach,0.01171,0.00547,0.01036,0.03579,0.03,-11.23,51.94,0.3106,0.0406,0.863,0.0,0.0,0,0.0,0.0
6,185,3.7,approach,0.02536,0.01615,0.01955,0.02299,0.03,-10.0,55.24,0.3163,0.0402,0.264,0.0,0.0,0,0.0,0.0
7,185,3.7,approach,0.01168,0.00459,0.01074,0.0347,0.03,-9.7,77.44,0.3112,0.0422,1.18,0.0,0.0,0,0.0,0.0
0,186,3.72,approach,0.01117,0.00302,0.01075,0.03312,0.03,-10.53,72.38,0.3112,0.0415,0.786,0.0,0.0,0,0.0,0.0
1,186,3.72,approach,0.01359,0.00628,0.01206,0.03618,0.03,-11.47,49.26,0.3104,0.0404,0.524,0.0,0.0,0,0.0,0.0
2,186,3.72,approach,0.01428,0.00545,0.01319,0.03456,0.03,-11.5,48.06,0.3099,0.0409,0.307,0.0,0.0,0,0.0,0.0
3,186,3.72,approach,0.01094,0.00419,0.0101,0.0343,0.03,-11.11,63.46,0.3114,0.0407,0.62,0.0,0.0,0,0.0,0.0
4,186,3.72,approach,0.01585,0.00722,0.01411,0.03603,0.03,-11.99,50.92,0.3117,0.0385,0.719,0.0,0.0,0,0.0,0.0
5,186,3.72,approach,0.01167,0.00592,0.01006,0.03614,0.03,-11.44,51.66,0.3106,0.0407,0.855,0.0,0.0,0,0.0,0.0
6,186,3.72,approach,0.02527,0.01614,0.01944,0.02282,0.03,-10.11,55.17,0.3163,0.0404,0.253,0.0,0.0,0,0.0,0.0
7,186,3.72,approach,0.01176,0.00472,0.01077,0.03474,0.03,-9.8,77.44,0.3112,0.0423,1.188,0.0,0.0,0,0.0,0.0
0,187,3.74,approach,0.01109,0.00315,0.01063,0.0332,0.03,-10.79,72.12,0.3112,0.0415,0.786,0.0,0.0,0,0.0,0.0
1,187,3.74,approach,0.01361,0.00631,0.01206,0.03617,0.03,-11.6,49.11,0.3104,0.0405,0.521,0.0,0.0,0,0.0,0.0
2,187,3.74,approach,0.01438,0.00583,0.01315,0.03444,0.03,-11.59,47.93,0.3099,0.0409,0.299,0.0,0.0,0,0.0,0.0
3,187,3.74,approach,0.01136,0.00495,0.01023,0.03481,0.03,-11.21,63.35,0.3114,0.0407,0.606,0.0,0.0,0,0.0,0.0
4,187,3.74,approach,0.01594,0.00781,0.0139,0.03693,0.03,-12.35,50.73,0.3117,0.0385,0.723,0.0,0.0,0,0.0,0.0
5,187,3.74,approach,0.01198,0.00638,0.01014,0.03657,0.03,-11.64,51.41,0.3105,0.0407,0.852,0.0,0.0,0,0.0,0.0
6,187,3.74,approach,0.02514,0.0161,0.01932,0.02267,0.03,-10.23,55.11,0.3162,0.0406,0.242,0.0,0.0,0,0.0,0.0
7,187,3.74,approach,0.01189,0.00495,0.01081,0.03484,0.03,-9.86,77.45,0.3112,0.0423,1.194,0.0,0.0,0,0.0,0.0
0,188,3.76,approach,0.01118,0.00271,0.01084,0.03283,0.03,-10.95,71.94,0.3112,0.0415,0.785,0.0,0.0,0,0.0,0.0
1,188,3.76,approach,0.01359,0.00636,0.01201,0.03611,0.03,-11.72,48.96,0.3104,0.0405,0.517,0.0,0.0,0,0.0,0.0
2,188,3.76,approach,0.01449,0.00631,0.01304,0.03448,0.03,-11.7,47.8,0.3098,0.0409,0.292,0.0,0.0,0,0.0,0.0
3,188,3.76,approach,0.01193,0.00567,0.0105,0.03532,0.03,-11.23,63.28,0.3114,0.0407,0.59,0.0,0.0,0,0.0,0.0
4,188,3.76,approach,0.01633,0.00711,0.0147,0.03713,0.03,-12.66,50.71,0.3117,0.0385,0.735,0.0,0.0,0,0.0,0.0
5,188,3.76,approach,0.01217,0.00648,0.01031,0.03664,0.03,-11.73,51.26,0.3105,0.0408,0.847,0.0,0.0,0,0.0,0.0
6,188,3.76,approach,0.02509,0.0161,0.01924,0.02259,0.03,-10.36,55.06,0.3162,0.0408,0.232,0.0,0.0,0,0.0,0.0
7,188,3.76,approach,0.01196,0.00497,0.01088,0.03477,0.03,-9.86,77.47,0.3112,0.0423,1.2,0.0,0.0,0,0.0,0.0
0,189,3.78,approach,0.0112,0.00265,0.01088,0.03267,0.03,-11.09,71.84,0.3113,0.0415,0.779,0.0,0.0,0,0.0,0.0
1,189,3.78,approach,0.01357,0.00636,0.01199,0.03607,0.03,-11.84,48.82,0.3103,0.0406,0.515,0.0,0.0,0,0.0,0.0
2,189,3.78,approach,0.01465,0.00667,0.01304,0.03479,0.03,-11.86,47.69,0.3098,0.041,0.285,0.0,0.0,0,0.0,0.0
3,189,3.78,approach,0.01207,0.00549,0.01075,0.03526,0.03,-11.23,63.24,0.3114,0.0407,0.583,0.0,0.0,0,0.0,0.0
4,189,3.78,approach,0.01623,0.00701,0.01464,0.03658,0.03,-12.68,50.68,0.3117,0.0385,0.725,0.0,0.0,0,0.0,0.0
5,189,3.78,approach,0.01215,0.00629,0.0104,0.0364,0.03,-11.78,51.13,0.3104,0.0409,0.843,0.0,0.0,0,0.0,0.0
6,189,3.78,approach,0.02504,0.01611,0.01917,0.02251,0.03,-10.48,55.0,0.3162,0.0411,0.222,0.0,0.0,0,0.0,0.0
7,189,3.78,approach,0.01184,0.00471,0.01087,0.03465,0.03,-9.89,77.46,0.3112,0.0423,1.214,0.0,0.0,0,0.0,0.0
0,190,3.8,approach,0.0115,0.00319,0.01105,0.03268,0.03,-11.22,71.75,0.3113,0.0414,0.772,0.0,0.0,0,0.0,0.0
1,190,3.8,approach,0.0136,0.00634,0.01203,0.03608,0.03,-11.98,48.67,0.3103,0.0407,0.513,0.0,0.0,0,0.0,0.0
2,190,3.8,approach,0.01493,0.00716,0.0131,0.03521,0.03,-11.99,47.62,0.3097,0.041,0.272,0.0,0.0,0,0.0,0.0
3,190,3.8,approach,0.01151,0.00362,0.01093,0.03394,0.03,-11.23,63.2,0.3114,0.0407,0.596,0.0,0.0,0,0.0,0.0
4,190,3.8,approach,0.01626,0.00859,0.01381,0.03659,0.03,-12.63,50.57,0.3116,0.0385,0.707,0.0,0.0,0,0.0,0.0
5,190,3.8,approach,0.01197,0.00584,0.01045,0.03595,0.03,-11.85,51.02,0.3104,0.0409,0.844,0.0,0.0,0,0.0,0.0
6,190,3.8,approach,0.02499,0.01614,0.01908,0.02237,0.03,-10.59,54.94,0.3161,0.0413,0.212,0.0,0.0,0,0.0,0.0
7,190,3.8,approach,0.0117,0.00443,0.01083,0.03455,0.03,-10.0,77.37,0.3112,0.0423,1.234,0.0,0.0,0,0.0,0.0
0,191,3.82,approach,0.01199,0.0045,0.01111,0.03313,0.03,-11.29,71.74,0.3113,0.0414,0.759,0.0,0.0,0,0.0,0.0
1,191,3.82,approach,0.01362,0.00633,0.01206,0.03607,0.03,-12.12,48.53,0.3102,0.0408,0.511,0.0,0.0,0,0.0,0.0
2,191,3.82,approach,0.01504,0.00735,0.01312,0.0353,0.03,-12.09,47.57,0.3097,0.0411,0.263,0.0,0.0,0,0.0,0.0
3,191,3.82,approach,0.01092,0.00347,0.01036,0.0336,0.03,-11.52,62.91,0.3114,0.0407,0.597,0.0,0.0,0,0.0,0.0
4,191,3.82,approach,0.01646,0.00955,0.01341,0.03772,0.03,-12.97,50.42,0.3116,0.0385,0.708,0.0,0.0,0,0.0,0.0
5,191,3.82,approach,0.01191,0.00577,0.01042,0.0359,0.03,-12.03,50.86,0.3103,0.041,0.844,0.0,0.0,0,0.0,0.0
6,191,3.82,approach,0.0249,0.01614,0.01897,0.02221,0.03,-10.71,54.88,0.3161,0.0415,0.203,0.0,0.0,0,0.0,0.0
7,191,3.82,approach,0.01165,0.00429,0.01083,0.03434,0.03,-10.17,77.18,0.3113,0.0423,1.249,0.0,0.0,0,0.0,0.0
0,192,3.84,approach,0.01264,0.00573,0.01127,0.03359,0.03,-11.26,71.77,0.3113,0.0414,0.743,0.0,0.0,0,0.0,0.0
1,192,3.84,approach,0.01359,0.00626,0.01206,0.03598,0.03,-12.24,48.4,0.3102,0.0409,0.509,0.0,0.0,0,0.0,0.0
2,192,3.84,approach,0.01448,0.00607,0.01315,0.03437,0.03,-12.21,47.55,0.3096,0.0411,0.267,0.0,0.0,0,0.0,0.0
3,192,3.84,approach,0.01056,0.00397,0.00978,0.03392,0.03,-11.86,62.47,0.3114,0.0407,0.589,0.0,0.0,0,0.0,0.0
4,192,3.84,approach,0.01711,0.00994,0.01393,0.03877,0.03,-13.31,50.34,0.3116,0.0385,0.71,0.0,0.0,0,0.0,0.0
5,192,3.84,approach,0.01207,0.00598,0.01048,0.03609,0.03,-12.21,50.66,0.3103,0.041,0.84,0.0,0.0,0,0.0,0.0
6,192,3.84,approach,0.02485,0.01614,0.0189,0.02212,0.03,-10.83,54.82,0.3161,0.0417,0.193,0.0,0.0,0,0.0,0.0
7,192,3.84,approach,0.01153,0.0043,0.01069,0.03426,0.03,-10.42,76.91,0.3113,0.0423,1.26,0.0,0.0,0,0.0,0.0
0,193,3.86,approach,0.01255,0.00514,0.01145,0.03325,0.03,-11.14,71.86,0.3113,0.0413,0.741,0.0,0.0,0,0.0,0.0
1,193,3.86,approach,0.01355,0.00625,0.01202,0.03594,0.03,-12.38,48.24,0.3101,0.0409,0.508,0.0,0.0,0,0.0,0.0
2,193,3.86,approach,0.01405,0.00497,0.01314,0.03351,0.03,-12.37,47.43,0.3096,0.0411,0.271,0.0,0.0,0,0.0,0.0
3,193,3.86,approach,0.01069,0.00409,0.00987,0.03359,0.03,-12.11,62.13,0.3114,0.0407,0.601,0.0,0.0,0,0.0,0.0
4,193,3.86,approach,0.01805,0.0113,0.01408,0.03944,0.03,-13.26,50.35,0.3115,0.0386,0.685,0.0,0.0,0,0.0,0.0
5,193,3.86,approach,0.01227,0.00626,0.01056,0.0363,0.03,-12.33,50.5,0.3103,0.0411,0.833,0.0,0.0,0,0.0,0.0
6,193,3.86,approach,0.02483,0.01615,0.01886,0.02206,0.03,-10.94,54.76,0.316,0.0419,0.184,0.0,0.0,0,0.0,0.0
7,193,3.86,approach,0.01148,0.00437,0.01062,0.03428,0.03,-10.67,76.67,0.3113,0.0424,1.272,0.0,0.0,0,0.0,0.0
0,194,3.88,approach,0.01306,0.00246,0.01283,0.02924,0.03,-10.2,72.67,0.3113,0.0413,0.758,0.0,0.0,0,0.0,0.0
1,194,3.88,approach,0.01351,0.00624,0.01198,0.03589,0.03,-12.52,48.08,0.3101,0.041,0.506,0.0,0.0,0,0.0,0.0
2,194,3.88,approach,0.01422,0.00565,0.01305,0.03376,0.03,-12.5,47.18,0.3095,0.0412,0.257,0.0,0.0,0,0.0,0.0
3,194,3.88,approach,0.01043,0.00416,0.00957,0.03383,0.03,-12.33,61.86,0.3114,0.0407,0.59,0.0,0.0,0,0.0,0.0
4,194,3.88,approach,0.0178,0.01143,0.01365,0.03896,0.03,-13.24,50.39,0.3114,0.0385,0.678,0.0,0.0,0,0.0,0.0
5,194,3.88,approach,0.01248,0.00662,0.01058,0.03653,0.03,-12.42,50.36,0.3102,0.0411,0.824,0.0,0.0,0,0.0,0.0
6,194,3.88,approach,0.02481,0.01618,0.01882,0.02196,0.03,-11.05,54.71,0.316,0.0421,0.175,0.0,0.0,0,0.0,0.0
7,194,3.88,approach,0.01151,0.00444,0.01062,0.03429,0.03,-10.9,76.5,0.3113,0.0424,1.285,0.0,0.0,0,0.0,0.0
0,195,3.9,approach,0.01321,0.00259,0.01296,0.0284,0.03,-10.44,71.98,0.3114,0.0413,0.763,0.0,0.0,0,0.0,0.0
1,195,3.9,approach,0.01349,0.0063,0.01193,0.03589,0.03,-12.66,47.93,0.31,0.0411,0.504,0.0,0.0,0,0.0,0.0
2,195,3.9,approach,0.0143,0.00587,0.01304,0.03415,0.03,-12.71,46.95,0.3095,0.0412,0.254,0.0,0.0,0,0.0,0.0
3,195,3.9,approach,0.01037,0.00361,0.00972,0.0335,0.03,-12.44,61.57,0.3114,0.0407,0.586,0.0,0.0,0,0.0,0.0
4,195,3.9,approach,0.01661,0.00971,0.01348,0.03798,0.03,-13.49,50.36,0.3114,0.0385,0.692,0.0,0.0,0,0.0,0.0
5,195,3.9,approach,0.01252,0.00664,0.01062,0.03657,0.03,-12.53,50.24,0.3102,0.0412,0.821,0.0,0.0,0,0.0,0.0
6,195,3.9,approach,0.02477,0.01618,0.01876,0.02183,0.03,-11.16,54.66,0.316,0.0423,0.166,0.0,0.0,0,0.0,0.0
7,195,3.9,approach,0.01147,0.00427,0.01064,0.03413,0.03,-11.07,76.39,0.3113,0.0424,1.296,0.0,0.0,0,0.0,0.0
0,196,3.92,approach,0.01293,0.00136,0.01286,0.02973,0.03,-11.2,71.26,0.3115,0.0413,0.77,0.0,0.0,0,0.0,0.0
1,196,3.92,approach,0.01351,0.00634,0.01193,0.0359,0.03,-12.79,47.79,0.31,0.0412,0.502,0.0,0.0,0,0.0,0.0
2,196,3.92,approach,0.01433,0.00567,0.01316,0.03417,0.03,-12.89,46.82,0.3095,0.0413,0.254,0.0,0.0,0,0.0,0.0
3,196,3.92,approach,0.01038,0.00321,0.00988,0.03316,0.03,-12.53,61.43,0.3114,0.0407,0.586,0.0,0.0,0,0.0,0.0
4,196,3.92,approach,0.01637,0.00928,0.01349,0.03809,0.03,-13.81,50.14,0.3114,0.0386,0.69,0.0,0.0,0,0.0,0.0
5,196,3.92,approach,0.01224,0.00585,0.01076,0.036,0.03,-12.65,50.14,0.3101,0.0412,0.827,0.0,0.0,0,0.0,0.0
6,196,3.92,approach,0.02474,0.01619,0.01871,0.02173,0.03,-11.27,54.6,0.3159,0.0425,0.158,0.0,0.0,0,0.0,0.0
7,196,3.92,approach,0.01138,0.00387,0.0107,0.03377,0.03,-11.17,76.35,0.3114,0.0424,1.303,0.0,0.0,0,0.0,0.0
0,197,3.94,approach,0.01284,0.001,0.0128,0.0314,0.03,-11.87,70.59,0.3116,0.0413,0.752,0.0,0.0,0,0.0,0.0
1,197,3.94,approach,0.01354,0.00629,0.01199,0.03585,0.03,-12.91,47.67,0.3099,0.0413,0.501,0.0,0.0,0,0.0,0.0
2,197,3.94,approach,0.01449,0.00596,0.01321,0.034,0.03,-12.98,46.68,0.3094,0.0413,0.248,0.0,0.0,0,0.0,0.0
3,197,3.94,approach,0.01054,0.00342,0.00997,0.03325,0.03,-12.65,61.31,0.3113,0.0407,0.579,0.0,0.0,0,0.0,0.0
4,197,3.94,approach,0.01638,0.0092,0.01355,0.03796,0.03,-13.97,49.92,0.3113,0.0386,0.684,0.0,0.0,0,0.0,0.0
5,197,3.94,approach,0.0119,0.00515,0.01072,0.03538,0.03,-12.81,49.97,0.3101,0.0413,0.832,0.0,0.0,0,0.0,0.0
6,197,3.94,approach,0.02472,0.01621,0.01867,0.02165,0.03,-11.38,54.54,0.3159,0.0427,0.15,0.0,0.0,0,0.0,0.0
7,197,3.94,approach,0.01139,0.00362,0.0108,0.03348,0.03,-11.23,76.35,0.3114,0.0424,1.31,0.0,0.0,0,0.0,0.0
0,198,3.96,approach,0.0132,0.00034,0.0132,0.03078,0.03,-12.01,70.44,0.3117,0.0412,0.755,0.0,0.0,0,0.0,0.0
1,198,3.96,approach,0.01356,0.00623,0.01204,0.03577,0.03,-13.02,47.53,0.3099,0.0414,0.499,0.0,0.0,0,0.0,0.0
2,198,3.96,approach,0.01463,0.00654,0.01309,0.03397,0.03,-13.06,46.55,0.3094,0.0413,0.241,0.0,0.0,0,0.0,0.0
3,198,3.96,approach,0.01095,0.00402,0.01018,0.03353,0.03,-12.76,61.2,0.3113,0.0407,0.57,0.0,0.0,0,0.0,0.0
4,198,3.96,approach,0.01657,0.00987,0.01331,0.03813,0.03,-14.08,49.72,0.3113,0.0386,0.674,0.0,0.0,0,0.0,0.0
5,198,3.96,approach,0.0116,0.00509,0.01042,0.03522,0.03,-12.96,49.73,0.31,0.0413,0.827,0.0,0.0,0,0.0,0.0
6,198,3.96,approach,0.02473,0.01625,0.01864,0.02156,0.03,-11.49,54.49,0.3158,0.0429,0.142,0.0,0.0,0,0.0,0.0
7,198,3.96,approach,0.01157,0.00403,0.01084,0.03366,0.03,-11.33,76.3,0.3114,0.0424,1.314,0.0,0.0,0,0.0,0.0
0,199,3.98,approach,0.01295,0.00191,0.01281,0.031,0.03,-12.23,70.28,0.3118,0.0412,0.74,0.0,0.0,0,0.0,0.0
1,199,3.98,approach,0.01356,0.00635,0.01199,0.03579,0.03,-13.16,47.39,0.3099,0.0415,0.498,0.0,0.0,0,0.0,0.0
2,199,3.98,approach,0.01477,0.00694,0.01304,0.03426,0.03,-13.21,46.42,0.3093,0.0414,0.236,0.0,0.0,0,0.0,0.0
3,199,3.98,approach,0.01153,0.00526,0.01026,0.03423,0.03,-12.81,61.15,0.3113,0.0406,0.553,0.0,0.0,0,0.0,0.0
4,199,3.98,approach,0.0168,0.01044,0.01316,0.03857,0.03,-14.28,49.54,0.3112,0.0386,0.669,0.0,0.0,0,0.0,0.0
5,199,3.98,approach,0.0116,0.00543,0.01025,0.03547,0.03,-13.15,49.48,0.31,0.0414,0.824,0.0,0.0,0,0.0,0.0
6,199,3.98,approach,0.02472,0.01628,0.0186,0.02144,0.03,-11.6,54.43,0.3158,0.0431,0.134,0.0,0.0,0,0.0,0.0
7,199,3.98,approach,0.01192,0.00465,0.01098,0.03392,0.03,-11.34,76.31,0.3114,0.0424,1.315,0.0,0.0,0,0.0,0.0
0,200,4.0,approach,0.01321,0.00119,0.01315,0.03073,0.03,-12.42,70.21,0.3119,0.0412,0.754,0.0,0.0,0,0.0,0.0
1,200,4.0,approach,0.01352,0.00634,0.01194,0.03578,0.03,-13.29,47.26,0.3098,0.0416,0.497,0.0,0.0,0,0.0,0.0
2,200,4.0,approach,0.01496,0.00722,0.0131,0.03471,0.03,-13.4,46.32,0.3093,0.0414,0.23,0.0,0.0,0,0.0,0.0
3,200,4.0,approach,0.01204,0.00613,0.01037,0.03479,0.03,-12.83,61.11,0.3113,0.0406,0.537,0.0,0.0,0,0.0,0.0
4,200,4.0,approach,0.01704,0.01072,0.01324,0.03892,0.03,-14.46,49.43,0.3111,0.0386,0.664,0.0,0.0,0,0.0,0.0
5,200,4.0,approach,0.01184,0.00582,0.01031,0.03583,0.03,-13.33,49.27,0.31,0.0414,0.822,0.0,0.0,0,0.0,0.0
6,200,4.0,approach,0.02469,0.01628,0.01856,0.02132,0.03,-11.71,54.36,0.3158,0.0433,0.126,0.0,0.0,0,0.0,0.0
7,200,4.0,approach,0.01189,0.0041,0.01116,0.03363,0.03,-11.14,76.5,0.3114,0.0424,1.326,0.0,0.0,0,0.0,0.0
0,201,4.02,approach,0.01317,0.00104,0.01313,0.03102,0.03,-12.66,70.23,0.3119,0.0411,0.758,0.0,0.0,0,0.0,0.0
1,201,4.02,approach,0.01348,0.00627,0.01193,0.03574,0.03,-13.44,47.13,0.3098,0.0417,0.497,0.0,0.0,0,0.0,0.0
2,201,4.02,approach,0.01525,0.00773,0.01315,0.03504,0.03,-13.5,46.27,0.3093,0.0415,0.218,0.0,0.0,0,0.0,0.0
3,201,4.02,approach,0.01165,0.00499,0.01053,0.0343,0.03,-12.86,61.09,0.3112,0.0406,0.543,0.0,0.0,0,0.0,0.0
4,201,4.02,approach,0.0174,0.01124,0.01328,0.03926,0.03,-14.55,49.36,0.3111,0.0386,0.65,0.0,0.0,0,0.0,0.0
5,201,4.02,approach,0.01211,0.00612,0.01045,0.03603,0.03,-13.42,49.13,0.3099,0.0415,0.816,0.0,0.0,0,0.0,0.0
6,201,4.02,approach,0.02466,0.01628,0.01852,0.02123,0.03,-11.82,54.3,0.3157,0.0435,0.118,0.0,0.0,0,0.0,0.0
7,201,4.02,approach,0.01173,0.00314,0.0113,0.03315,0.03,-11.08,76.52,0.3114,0.0424,1.356,0.0,0.0,0,0.0,0.0
0,202,4.04,approach,0.01284,0.00122,0.01278,0.03112,0.03,-12.91,70.14,0.312,0.0411,0.755,0.0,0.0,0,0.0,0.0
1,202,4.04,approach,0.01346,0.00629,0.0119,0.03572,0.03,-13.57,46.99,0.3097,0.0418,0.496,0.0,0.0,0,0.0,0.0
2,202,4.04,approach,0.01503,0.00735,0.01311,0.03462,0.03,-13.61,46.24,0.3092,0.0415,0.216,0.0,0.0,0,0.0,0.0
3,202,4.04,approach,0.011,0.0026,0.01069,0.03268,0.03,-12.93,61.02,0.3112,0.0406,0.564,0.0,0.0,0,0.0,0.0
4,202,4.04,approach,0.01736,0.01109,0.01336,0.03911,0.03,-14.64,49.32,0.311,0.0387,0.643,0.0,0.0,0,0.0,0.0
5,202,4.04,approach,0.0123,0.00631,0.01055,0.03609,0.03,-13.47,49.02,0.3099,0.0416,0.809,0.0,0.0,0,0.0,0.0
6,202,4.04,approach,0.02466,0.0163,0.0185,0.02115,0.03,-11.92,54.24,0.3157,0.0437,0.111,0.0,0.0,0,0.0,0.0
7,202,4.04,approach,0.01196,0.00251,0.0117,0.03259,0.03,-11.28,76.13,0.3114,0.0424,1.361,0.0,0.0,0,0.0,0.0
0,203,4.06,approach,0.0125,0.00168,0.01239,0.03111,0.03,-13.11,70.06,0.312,0.041,0.752,0.0,0.0,0,0.0,0.0
1,203,4.06,approach,0.01341,0.00639,0.0118,0.0357,0.03,-13.69,46.86,0.3097,0.0419,0.494,0.0,0.0,0,0.0,0.0
2,203,4.06,approach,0.0146,0.00653,0.01306,0.03398,0.03,-13.77,46.14,0.3092,0.0416,0.22,0.0,0.0,0,0.0,0.0
3,203,4.06,approach,0.0103,0.00313,0.00981,0.03299,0.03,-13.25,60.59,0.3112,0.0406,0.548,0.0,0.0,0,0.0,0.0
4,203,4.06,approach,0.01663,0.00953,0.01362,0.03807,0.03,-14.76,49.3,0.311,0.0387,0.648,0.0,0.0,0,0.0,0.0
5,203,4.06,approach,0.01216,0.00582,0.01068,0.0357,0.03,-13.55,48.94,0.3098,0.0416,0.812,0.0,0.0,0,0.0,0.0
6,203,4.06,approach,0.02467,0.01633,0.01849,0.02106,0.03,-12.02,54.18,0.3157,0.0439,0.104,0.0,0.0,0,0.0,0.0
7,203,4.06,approach,0.01188,0.00247,0.01162,0.03248,0.03,-11.55,75.76,0.3114,0.0424,1.366,0.0,0.0,0,0.0,0.0
0,204,4.08,approach,0.01264,0.00243,0.01241,0.03119,0.03,-13.29,69.95,0.312,0.041,0.748,0.0,0.0,0,0.0,0.0
1,204,4.08,approach,0.01337,0.00643,0.01173,0.0357,0.03,-13.83,46.74,0.3096,0.042,0.493,0.0,0.0,0,0.0,0.0
2,204,4.08,approach,0.01433,0.00594,0.01305,0.03336,0.03,-13.91,46.0,0.3091,0.0416,0.221,0.0,0.0,0,0.0,0.0
3,204,4.08,approach,0.00997,0.00294,0.00953,0.03261,0.03,-13.55,60.06,0.3112,0.0406,0.56,0.0,0.0,0,0.0,0.0
4,204,4.08,approach,0.01605,0.0086,0.01356,0.03742,0.03,-14.97,49.08,0.3109,0.0387,0.65,0.0,0.0,0,0.0,0.0
5,204,4.08,approach,0.012,0.00543,0.01071,0.03542,0.03,-13.73,48.79,0.3098,0.0417,0.817,0.0,0.0,0,0.0,0.0
6,204,4.08,approach,0.02465,0.01634,0.01846,0.02094,0.03,-12.12,54.12,0.3156,0.0441,0.097,0.0,0.0,0,0.0,0.0
7,204,4.08,approach,0.01194,0.00324,0.01149,0.03315,0.03,-11.93,75.39,0.3115,0.0423,1.381,0.0,0.0,0,0.0,0.0
0,205,4.1,approach,0.01327,0.00347,0.01281,0.03135,0.03,-13.41,69.9,0.3121,0.041,0.743,0.0,0.0,0,0.0,0.0
1,205,4.1,approach,0.01337,0.00638,0.01175,0.03569,0.03,-13.96,46.63,0.3096,0.0421,0.493,0.0,0.0,0,0.0,0.0
2,205,4.1,approach,0.01452,0.00656,0.01295,0.03352,0.03,-14.02,45.81,0.3091,0.0417,0.21,0.0,0.0,0,0.0,0.0
3,205,4.1,approach,0.00984,0.00344,0.00922,0.03312,0.03,-13.81,59.71,0.3112,0.0406,0.552,0.0,0.0,0,0.0,0.0
4,205,4.1,approach,0.01617,0.00954,0.01306,0.03789,0.03,-15.13,48.83,0.3109,0.0387,0.633,0.0,0.0,0,0.0,0.0
5,205,4.1,approach,0.01182,0.00512,0.01065,0.03513,0.03,-13.87,48.6,0.3098,0.0417,0.818,0.0,0.0,0,0.0,0.0
6,205,4.1,approach,0.02463,0.01635,0.01842,0.02083,0.03,-12.23,54.06,0.3156,0.0443,0.091,0.0,0.0,0,0.0,0.0
7,205,4.1,approach,0.01208,0.00362,0.01153,0.03345,0.03,-12.22,75.15,0.3115,0.0423,1.395,0.0,0.0,0,0.0,0.0
0,206,4.12,approach,0.01373,0.0049,0.01283,0.0318,0.03,-13.5,69.92,0.3121,0.0409,0.731,0.0,0.0,0,0.0,0.0
1,206,4.12,approach,0.01339,0.00633,0.01179,0.03565,0.03,-14.08,46.51,0.3095,0.0422,0.493,0.0,0.0,0,0.0,0.0
2,206,4.12,approach,0.01464,0.00701,0.01285,0.03398,0.03,-14.2,45.63,0.309,0.0417,0.205,0.0,0.0,0,0.0,0.0
3,206,4.12,approach,0.00994,0.00298,0.00948,0.03267,0.03,-13.96,59.39,0.3112,0.0406,0.558,0.0,0.0,0,0.0,0.0
4,206,4.12,approach,0.0163,0.00987,0.01297,0.03835,0.03,-15.39,48.6,0.3108,0.0388,0.63,0.0,0.0,0,0.0,0.0
5,206,4.12,approach,0.01172,0.00529,0.01046,0.03517,0.03,-14.02,48.41,0.3097,0.0418,0.813,0.0,0.0,0,0.0,0.0
6,206,4.12,approach,0.02462,0.01637,0.01839,0.02072,0.03,-12.33,54.0,0.3155,0.0445,0.084,0.0,0.0,0,0.0,0.0
7,206,4.12,approach,0.01184,0.0033,0.01137,0.03304,0.03,-12.39,75.02,0.3115,0.0423,1.407,0.0,0.0,0,0.0,0.0
0,207,4.14,approach,0.01406,0.00612,0.01266,0.03222,0.03,-13.55,69.97,0.3121,0.0409,0.72,0.0,0.0,0,0.0,0.0
1,207,4.14,approach,0.01339,0.00635,0.01179,0.0356,0.03,-14.19,46.39,0.3095,0.0423,0.492,0.0,0.0,0,0.0,0.0
2,207,4.14,approach,0.01474,0.00709,0.01293,0.03429,0.03,-14.39,45.52,0.309,0.0418,0.203,0.0,0.0,0,0.0,0.0
3,207,4.14,approach,0.00972,0.0024,0.00942,0.03208,0.03,-14.06,59.24,0.3112,0.0406,0.562,0.0,0.0,0,0.0,0.0
4,207,4.14,approach,0.0164,0.00959,0.0133,0.03828,0.03,-15.54,48.5,0.3108,0.0388,0.629,0.0,0.0,0,0.0,0.0
5,207,4.14,approach,0.01182,0.0057,0.01035,0.03546,0.03,-14.18,48.2,0.3097,0.0419,0.81,0.0,0.0,0,0.0,0.0
6,207,4.14,approach,0.02464,0.01641,0.01838,0.02063,0.03,-12.43,53.94,0.3155,0.0447,0.078,0.0,0.0,0,0.0,0.0
7,207,4.14,approach,0.0114,0.00303,0.01099,0.03273,0.03,-12.58,74.88,0.3115,0.0423,1.413,0.0,0.0,0,0.0,0.0
0,208,4.16,approach,0.01409,0.00667,0.01241,0.03256,0.03,-13.58,70.0,0.3121,0.0408,0.711,0.0,0.0,0,0.0,0.0
1,208,4.16,approach,0.01337,0.00644,0.01172,0.03562,0.03,-14.33,46.26,0.3094,0.0424,0.492,0.0,0.0,0,0.0,0.0
2,208,4.16,approach,0.01489,0.00724,0.01301,0.03426,0.03,-14.49,45.46,0.309,0.0418,0.198,0.0,0.0,0,0.0,0.0
3,208,4.16,approach,0.00952,0.00285,0.00909,0.03237,0.03,-14.22,59.04,0.3111,0.0405,0.552,0.0,0.0,0,0.0,0.0
4,208,4.16,approach,0.01641,0.00956,0.01334,0.03787,0.03,-15.59,48.36,0.3107,0.0388,0.622,0.0,0.0,0,0.0,0.0
5,208,4.16,approach,0.01203,0.00613,0.01035,0.03582,0.03,-14.34,48.04,0.3097,0.0419,0.807,0.0,0.0,0,0.0,0.0
6,208,4.16,approach,0.02466,0.01646,0.01837,0.02054,0.03,-12.53,53.88,0.3154,0.0449,0.073,0.0,0.0,0,0.0,0.0
7,208,4.16,approach,0.01138,0.00322,0.01091,0.03287,0.03,-12.82,74.7,0.3116,0.0423,1.423,0.0,0.0,0,0.0,0.0
0,209,4.18,approach,0.0132,0.00544,0.01203,0.03249,0.03,-13.71,69.94,0.3121,0.0408,0.718,0.0,0.0,0,0.0,0.0
1,209,4.18,approach,0.01332,0.00639,0.01168,0.0356,0.03,-14.47,46.14,0.3094,0.0425,0.493,0.0,0.0,0,0.0,0.0
2,209,4.18,approach,0.01491,0.00739,0.01295,0.03409,0.03,-14.59,45.38,0.3089,0.0419,0.194,0.0,0.0,0,0.0,0.0
3,209,4.18,approach,0.01004,0.00357,0.00938,0.03275,0.03,-14.35,58.82,0.3111,0.0405,0.548,0.0,0.0,0,0.0,0.0
4,209,4.18,approach,0.01641,0.0099,0.01309,0.03771,0.03,-15.67,48.21,0.3106,0.0388,0.614,0.0,0.0,0,0.0,0.0
5,209,4.18,approach,0.01221,0.00638,0.01041,0.03597,0.03,-14.42,47.94,0.3096,0.042,0.801,0.0,0.0,0,0.0,0.0
6,209,4.18,approach,0.02467,0.01649,0.01835,0.02042,0.03,-12.63,53.82,0.3154,0.0451,0.067,0.0,0.0,0,0.0,0.0
7,209,4.18,approach,0.01164,0.00331,0.01116,0.03295,0.03,-12.98,74.61,0.3116,0.0423,1.434,0.0,0.0,0,0.0,0.0
0,210,4.2,approach,0.01363,0.00353,0.01316,0.02912,0.03,-13.05,70.67,0.3121,0.0408,0.727,0.0,0.0,0,0.0,0.0
1,210,4.2,approach,0.01328,0.00636,0.01167,0.03558,0.03,-14.61,46.03,0.3093,0.0426,0.494,0.0,0.0,0,0.0,0.0
2,210,4.2,approach,0.01485,0.00735,0.0129,0.03394,0.03,-14.72,45.28,0.3089,0.0419,0.192,0.0,0.0,0,0.0,0.0
3,210,4.2,approach,0.01057,0.00421,0.00969,0.03303,0.03,-14.41,58.76,0.3111,0.0405,0.541,0.0,0.0,0,0.0,0.0
4,210,4.2,approach,0.01669,0.01039,0.01305,0.03827,0.03,-15.9,48.02,0.3105,0.0388,0.608,0.0,0.0,0,0.0,0.0
5,210,4.2,approach,0.01207,0.00605,0.01044,0.03566,0.03,-14.5,47.87,0.3096,0.0421,0.802,0.0,0.0,0,0.0,0.0
6,210,4.2,approach,0.02466,0.01651,0.01832,0.02032,0.03,-12.72,53.76,0.3154,0.0453,0.061,0.0,0.0,0,0.0,0.0
7,210,4.2,approach,0.0117,0.00305,0.0113,0.03265,0.03,-13.04,74.62,0.3115,0.0423,1.441,0.0,0.0,0,0.0,0.0
0,211,4.22,approach,0.01286,0.0035,0.01238,0.02888,0.03,-13.33,70.36,0.3121,0.0407,0.718,0.0,0.0,0,0.0,0.0
1,211,4.22,approach,0.01326,0.00641,0.01161,0.03557,0.03,-14.73,45.91,0.3093,0.0427,0.494,0.0,0.0,0,0.0,0.0
2,211,4.22,approach,0.01483,0.00729,0.01292,0.03393,0.03,-14.88,45.16,0.3088,0.042,0.19,0.0,0.0,0,0.0,0.0
3,211,4.22,approach,0.01091,0.00469,0.00985,0.03311,0.03,-14.44,58.71,0.311,0.0405,0.535,0.0,0.0,0,0.0,0.0
4,211,4.22,approach,0.01745,0.01122,0.01336,0.03915,0.03,-16.07,47.89,0.3105,0.0389,0.594,0.0,0.0,0,0.0,0.0
5,211,4.22,approach,0.01184,0.00567,0.01039,0.03533,0.03,-14.64,47.73,0.3095,0.0421,0.807,0.0,0.0,0,0.0,0.0
6,211,4.22,approach,0.02469,0.01655,0.01832,0.02024,0.03,-12.82,53.7,0.3153,0.0456,0.056,0.0,0.0,0,0.0,0.0
7,211,4.22,approach,0.01162,0.00284,0.01127,0.03225,0.03,-13.09,74.62,0.3115,0.0423,1.447,0.0,0.0,0,0.0,0.0
0,212,4.24,approach,0.0124,0.00144,0.01231,0.02986,0.03,-13.89,69.75,0.3122,0.0407,0.729,0.0,0.0,0,0.0,0.0
1,212,4.24,approach,0.01322,0.00646,0.01154,0.03556,0.03,-14.86,45.8,0.3092,0.0428,0.494,0.0,0.0,0,0.0,0.0
2,212,4.24,approach,0.01495,0.00748,0.01295,0.03405,0.03,-15.02,45.04,0.3088,0.042,0.185,0.0,0.0,0,0.0,0.0
3,212,4.24,approach,0.01089,0.00464,0.00985,0.03299,0.03,-14.52,58.65,0.311,0.0405,0.533,0.0,0.0,0,0.0,0.0
4,212,4.24,approach,0.01824,0.01229,0.01347,0.03989,0.03,-16.1,47.84,0.3104,0.0389,0.572,0.0,0.0,0,0.0,0.0
5,212,4.24,approach,0.01158,0.00531,0.0103,0.03499,0.03,-14.78,47.56,0.3095,0.0422,0.809,0.0,0.0,0,0.0,0.0
6,212,4.24,approach,0.02472,0.01659,0.01833,0.02015,0.03,-12.91,53.64,0.3153,0.0458,0.051,0.0,0.0,0,0.0,0.0
7,212,4.24,approach,0.01162,0.00352,0.01107,0.03257,0.03,-13.27,74.49,0.3115,0.0422,1.451,0.0,0.0,0,0.0,0.0
0,213,4.26,approach,0.01251,0.00137,0.01243,0.03072,0.03,-14.29,69.34,0.3123,0.0407,0.725,0.0,0.0,0,0.0,0.0
1,213,4.26,approach,0.01319,0.00646,0.0115,0.03556,0.03,-15.0,45.69,0.3092,0.0429,0.495,0.0,0.0,0,0.0,0.0
2,213,4.26,approach,0.01502,0.00771,0.0129,0.03405,0.03,-15.14,44.96,0.3087,0.0421,0.18,0.0,0.0,0,0.0,0.0
3,213,4.26,approach,0.01054,0.00367,0.00988,0.03246,0.03,-14.64,58.56,0.311,0.0405,0.54,0.0,0.0,0,0.0,0.0
4,213,4.26,approach,0.01752,0.01136,0.01334,0.03926,0.03,-16.22,47.84,0.3104,0.0389,0.572,0.0,0.0,0,0.0,0.0
5,213,4.26,approach,0.01143,0.00524,0.01015,0.03485,0.03,-14.92,47.39,0.3095,0.0423,0.808,0.0,0.0,0,0.0,0.0
6,213,4.26,approach,0.02474,0.01664,0.01832,0.02005,0.03,-13.01,53.58,0.3152,0.046,0.047,0.0,0.0,0,0.0,0.0
7,213,4.26,approach,0.01191,0.00461,0.01098,0.03324,0.03,-13.38,74.4,0.3115,0.0422,1.449,0.0,0.0,0,0.0,0.0
0,214,4.28,approach,0.01244,0.00083,0.01241,0.03008,0.03,-14.47,69.13,0.3123,0.0407,0.726,0.0,0.0,0,0.0,0.0
1,214,4.28,approach,0.01317,0.00643,0.0115,0.03555,0.03,-15.13,45.59,0.3092,0.043,0.496,0.0,0.0,0,0.0,0.0
2,214,4.28,approach,0.01511,0.00795,0.01285,0.03419,0.03,-15.28,44.85,0.3087,0.0421,0.175,0.0,0.0,0,0.0,0.0
3,214,4.28,approach,0.01004,0.00306,0.00956,0.03229,0.03,-14.91,58.33,0.3109,0.0405,0.546,0.0,0.0,0,0.0,0.0
4,214,4.28,approach,0.01592,0.00858,0.01341,0.03744,0.03,-16.46,47.75,0.3103,0.0389,0.591,0.0,0.0,0,0.0,0.0
5,214,4.28,approach,0.01151,0.00557,0.01007,0.03507,0.03,-15.06,47.21,0.3094,0.0424,0.805,0.0,0.0,0,0.0,0.0
6,214,4.28,approach,0.02476,0.01667,0.0183,0.01994,0.03,-13.1,53.51,0.3152,0.0462,0.042,0.0,0.0,0,0.0,0.0
7,214,4.28,approach,0.01182,0.00421,0.01104,0.03313,0.03,-13.22,74.56,0.3115,0.0422,1.459,0.0,0.0,0,0.0,0.0
0,215,4.3,approach,0.01202,0.00286,0.01167,0.03053,0.03,-14.75,68.85,0.3124,0.0406,0.708,0.0,0.0,0,0.0,0.0
1,215,4.3,approach,0.01316,0.00643,0.01148,0.03551,0.03,-15.25,45.49,0.3091,0.0431,0.497,0.0,0.0,0,0.0,0.0
2,215,4.3,approach,0.01513,0.00789,0.01291,0.03419,0.03,-15.42,44.77,0.3086,0.0422,0.172,0.0,0.0,0,0.0,0.0
3,215,4.3,approach,0.00967,0.00342,0.00904,0.03257,0.03,-15.17,58.06,0.3109,0.0405,0.541,0.0,0.0,0,0.0,0.0
4,215,4.3,approach,0.01615,0.00914,0.01332,0.03759,0.03,-16.58,47.39,0.3103,0.0389,0.57,0.0,0.0,0,0.0,0.0
5,215,4.3,approach,0.01181,0.00613,0.01009,0.03553,0.03,-15.22,47.05,0.3094,0.0424,0.801,0.0,0.0,0,0.0,0.0
6,215,4.3,approach,0.02477,0.0167,0.0183,0.01985,0.03,-13.19,53.45,0.3151,0.0464,0.038,0.0,0.0,0,0.0,0.0
7,215,4.3,approach,0.01172,0.00196,0.01156,0.03166,0.03,-12.89,74.84,0.3115,0.0422,1.483,0.0,0.0,0,0.0,0.0
0,216,4.32,approach,0.01236,0.0021,0.01218,0.0301,0.03,-14.9,68.75,0.3124,0.0406,0.721,0.0,0.0,0,0.0,0.0
1,216,4.32,approach,0.01313,0.00645,0.01144,0.03549,0.03,-15.37,45.38,0.3091,0.0432,0.498,0.0,0.0,0,0.0,0.0
2,216,4.32,approach,0.01511,0.00777,0.01296,0.03402,0.03,-15.54,44.7,0.3086,0.0422,0.169,0.0,0.0,0,0.0,0.0
3,216,4.32,approach,0.00971,0.0038,0.00893,0.03271,0.03,-15.35,57.76,0.3109,0.0405,0.538,0.0,0.0,0,0.0,0.0
4,216,4.32,approach,0.01571,0.00863,0.01313,0.03733,0.03,-16.85,47.04,0.3103,0.0389,0.573,0.0,0.0,0,0.0,0.0
5,216,4.32,approach,0.01215,0.00663,0.01018,0.0359,0.03,-15.29,46.97,0.3093,0.0425,0.793,0.0,0.0,0,0.0,0.0
6,216,4.32,approach,0.0248,0.01674,0.01829,0.01979,0.03,-13.29,53.39,0.3151,0.0467,0.034,0.0,0.0,0,0.0,0.0
7,216,4.32,approach,0.01158,0.00167,0.01146,0.03133,0.03,-13.13,74.49,0.3115,0.0422,1.49,0.0,0.0,0,0.0,0.0
0,217,4.34,approach,0.01236,0.00152,0.01227,0.03022,0.03,-15.12,68.74,0.3125,0.0406,0.726,0.0,0.0,0,0.0,0.0
1,217,4.34,approach,0.0131,0.00645,0.0114,0.03548,0.03,-15.5,45.27,0.309,0.0433,0.5,0.0,0.0,0,0.0,0.0
2,217,4.34,approach,0.0151,0.00783,0.01291,0.03391,0.03,-15.67,44.59,0.3085,0.0423,0.166,0.0,0.0,0,0.0,0.0
3,217,4.34,approach,0.00989,0.00422,0.00894,0.03285,0.03,-15.48,57.57,0.3108,0.0405,0.534,0.0,0.0,0,0.0,0.0
4,217,4.34,approach,0.01598,0.00919,0.01307,0.03771,0.03,-17.03,46.79,0.3102,0.0389,0.565,0.0,0.0,0,0.0,0.0
5,217,4.34,approach,0.01212,0.00647,0.01025,0.03577,0.03,-15.38,46.91,0.3093,0.0426,0.793,0.0,0.0,0,0.0,0.0
6,217,4.34,approach,0.02478,0.01678,0.01823,0.01971,0.03,-13.39,53.33,0.315,0.0469,0.03,0.0,0.0,0,0.0,0.0
7,217,4.34,approach,0.01149,0.00226,0.01127,0.03184,0.03,-13.53,74.0,0.3115,0.0422,1.499,0.0,0.0,0,0.0,0.0
0,218,4.36,approach,0.01197,0.00215,0.01178,0.03048,0.03,-15.36,68.63,0.3125,0.0405,0.716,0.0,0.0,0,0.0,0.0
1,218,4.36,approach,0.01308,0.00642,0.01139,0.03547,0.03,-15.63,45.17,0.309,0.0434,0.501,0.0,0.0,0,0.0,0.0
2,218,4.36,approach,0.01506,0.00784,0.01285,0.03385,0.03,-15.81,44.47,0.3085,0.0423,0.164,0.0,0.0,0,0.0,0.0
3,218,4.36,approach,0.01016,0.00475,0.00898,0.03306,0.03,-15.58,57.41,0.3108,0.0405,0.528,0.0,0.0,0,0.0,0.0
4,218,4.36,approach,0.01574,0.0088,0.01304,0.03739,0.03,-17.21,46.56,0.3102,0.0389,0.567,0.0,0.0,0,0.0,0.0
5,218,4.36,approach,0.01165,0.00544,0.0103,0.03502,0.03,-15.49,46.84,0.3092,0.0427,0.804,0.0,0.0,0,0.0,0.0
6,218,4.36,approach,0.02484,0.01691,0.01819,0.01961,0.03,-13.47,53.25,0.315,0.0471,0.027,0.0,0.0,0,0.0,0.0
7,218,4.36,approach,0.01183,0.00262,0.01153,0.03218,0.03,-13.84,73.63,0.3116,0.0422,1.509,0.0,0.0,0,0.0,0.0
0,219,4.38,approach,0.01194,0.00245,0.01169,0.03017,0.03,-15.51,68.54,0.3125,0.0405,0.715,0.0,0.0,0,0.0,0.0
1,219,4.38,approach,0.01306,0.00641,0.01138,0.03545,0.03,-15.76,45.07,0.3089,0.0435,0.503,0.0,0.0,0,0.0,0.0
2,219,4.38,approach,0.01502,0.0078,0.01284,0.03387,0.03,-15.97,44.34,0.3084,0.0424,0.162,0.0,0.0,0,0.0,0.0
3,219,4.38,approach,0.0104,0.00522,0.009,0.03325,0.03,-15.64,57.3,0.3107,0.0404,0.52,0.0,0.0,0,0.0,0.0
4,219,4.38,approach,0.01578,0.0087,0.01317,0.03704,0.03,-17.29,46.38,0.3102,0.0389,0.564,0.0,0.0,0,0.0,0.0
5,219,4.38,approach,0.01117,0.00449,0.01023,0.03422,0.03,-15.63,46.69,0.3092,0.0428,0.812,0.0,0.0,0,0.0,0.0
6,219,4.38,approach,0.02489,0.01699,0.01818,0.01955,0.03,-13.57,53.14,0.3149,0.0473,0.024,0.0,0.0,0,0.0,0.0
7,219,4.38,approach,0.01191,0.0025,0.01165,0.03203,0.03,-14.05,73.41,0.3116,0.0422,1.514,0.0,0.0,0,0.0,0.0
0,220,4.4,approach,0.01201,0.00318,0.01158,0.03039,0.03,-15.7,68.45,0.3125,0.0404,0.712,0.0,0.0,0,0.0,0.0
1,220,4.4,approach,0.01304,0.00644,0.01134,0.03543,0.03,-15.88,44.97,0.3089,0.0437,0.505,0.0,0.0,0,0.0,0.0
2,220,4.4,approach,0.01506,0.00787,0.01284,0.03391,0.03,-16.12,44.23,0.3084,0.0424,0.158,0.0,0.0,0,0.0,0.0
3,220,4.4,approach,0.01034,0.00496,0.00907,0.0331,0.03,-15.73,57.19,0.3107,0.0404,0.52,0.0,0.0,0,0.0,0.0
4,220,4.4,approach,0.01615,0.00943,0.01311,0.03733,0.03,-17.39,46.18,0.3101,0.039,0.555,0.0,0.0,0,0.0,0.0
5,220,4.4,approach,0.01099,0.00457,0.00999,0.03415,0.03,-15.76,46.47,0.3091,0.0428,0.807,0.0,0.0,0,0.0,0.0
6,220,4.4,approach,0.0249,0.017,0.01819,0.01953,0.03,-13.66,53.01,0.3149,0.0476,0.022,0.0,0.0,0,0.0,0.0
7,220,4.4,approach,0.01171,0.0024,0.01146,0.03183,0.03,-14.27,73.21,0.3116,0.0422,1.521,0.0,0.0,0,0.0,0.0
0,221,4.42,approach,0.01244,0.00426,0.01169,0.03075,0.03,-15.87,68.35,0.3125,0.0404,0.706,0.0,0.0,0,0.0,0.0
1,221,4.42,approach,0.01301,0.00645,0.0113,0.03543,0.03,-16.02,44.87,0.3088,0.0438,0.507,0.0,0.0,0,0.0,0.0
2,221,4.42,approach,0.01513,0.00799,0.01284,0.03383,0.03,-16.23,44.14,0.3083,0.0425,0.154,0.0,0.0,0,0.0,0.0
3,221,4.42,approach,0.00991,0.00365,0.00922,0.03228,0.03,-15.82,57.08,0.3107,0.0404,0.529,0.0,0.0,0,0.0,0.0
4,221,4.42,approach,0.0165,0.00994,0.01317,0.03778,0.03,-17.58,46.02,0.3101,0.039,0.551,0.0,0.0,0,0.0,0.0
5,221,4.42,approach,0.01102,0.00499,0.00983,0.03452,0.03,-15.95,46.24,0.3091,0.0429,0.807,0.0,0.0,0,0.0,0.0
6,221,4.42,approach,0.02488,0.01697,0.0182,0.01953,0.03,-13.76,52.86,0.3148,0.0478,0.019,0.0,0.0,0,0.0,0.0
7,221,4.42,approach,0.01154,0.00269,0.01122,0.03202,0.03,-14.53,72.99,0.3117,0.0422,1.53,0.0,0.0,0,0.0,0.0
0,222,4.44,approach,0.01283,0.00561,0.01154,0.03104,0.03,-15.94,68.44,0.3125,0.0403,0.695,0.0,0.0,0,0.0,0.0
1,222,4.44,approach,0.01299,0.00645,0.01128,0.03544,0.03,-16.15,44.77,0.3088,0.0439,0.509,0.0,0.0,0,0.0,0.0
2,222,4.44,approach,0.01518,0.00813,0.01282,0.03384,0.03,-16.36,44.04,0.3083,0.0425,0.151,0.0,0.0,0,0.0,0.0
3,222,4.44,approach,0.00936,0.00247,0.00903,0.03159,0.03,-16.04,56.84,0.3107,0.0404,0.539,0.0,0.0,0,0.0,0.0
4,222,4.44,approach,0.01688,0.01044,0.01327,0.0382,0.03,-17.74,45.91,0.31,0.039,0.546,0.0,0.0,0,0.0,0.0
5,222,4.44,approach,0.01121,0.0053,0.00988,0.03486,0.03,-16.13,46.07,0.3091,0.043,0.81,0.0,0.0,0,0.0,0.0
6,222,4.44,approach,0.02479,0.01685,0.01819,0.01956,0.03,-13.86,52.71,0.3148,0.0481,0.016,0.0,0.0,0,0.0,0.0
7,222,4.44,approach,0.01157,0.00292,0.01119,0.03224,0.03,-14.79,72.8,0.3117,0.0421,1.541,0.0,0.0,0,0.0,0.0
0,223,4.46,approach,0.01316,0.00678,0.01128,0.03131,0.03,-15.95,68.51,0.3124,0.0403,0.684,0.0,0.0,0,0.0,0.0
1,223,4.46,approach,0.01297,0.00644,0.01127,0.03543,0.03,-16.27,44.68,0.3087,0.044,0.511,0.0,0.0,0,0.0,0.0
2,223,4.46,approach,0.01518,0.00805,0.01286,0.0338,0.03,-16.5,43.94,0.3083,0.0426,0.15,0.0,0.0,0,0.0,0.0
3,223,4.46,approach,0.00893,0.00281,0.00848,0.03184,0.03,-16.29,56.51,0.3106,0.0404,0.531,0.0,0.0,0,0.0,0.0
4,223,4.46,approach,0.01723,0.01089,0.01335,0.03834,0.03,-17.83,45.82,0.31,0.039,0.539,0.0,0.0,0,0.0,0.0
5,223,4.46,approach,0.01144,0.00558,0.00998,0.03505,0.03,-16.25,45.93,0.309,0.0431,0.809,0.0,0.0,0,0.0,0.0
6,223,4.46,approach,0.0247,0.01673,0.01817,0.01959,0.03,-13.94,52.58,0.3147,0.0483,0.013,0.0,0.0,0,0.0,0.0
7,223,4.46,approach,0.01154,0.0029,0.01117,0.03219,0.03,-14.99,72.66,0.3117,0.0421,1.55,0.0,0.0,0,0.0,0.0
0,224,4.48,settle,0.01338,0.00759,0.01103,0.03177,0.03,-15.94,68.58,0.3124,0.0402,0.673,0.0,0.0,0,0.0,0.0
1,224,4.48,settle,0.01295,0.00642,0.01125,0.03539,0.03,-16.39,44.59,0.3087,0.0441,0.514,0.0,0.0,0,0.0,0.0
2,224,4.48,settle,0.01521,0.008,0.01294,0.03373,0.03,-16.63,43.84,0.3082,0.0426,0.147,0.0,0.0,0,0.0,0.0
3,224,4.48,settle,0.0091,0.00321,0.00852,0.03208,0.03,-16.49,56.15,0.3106,0.0404,0.529,0.0,0.0,0,0.0,0.0
4,224,4.48,settle,0.01742,0.01124,0.01331,0.03848,0.03,-17.95,45.73,0.3099,0.039,0.533,0.0,0.0,0,0.0,0.0
5,224,4.48,settle,0.01145,0.00566,0.00995,0.03491,0.03,-16.31,45.83,0.309,0.0432,0.807,0.0,0.0,0,0.0,0.0
6,224,4.48,settle,0.02472,0.01677,0.01816,0.01957,0.03,-14.02,52.49,0.3147,0.0486,0.013,0.0,0.0,0,0.0,0.0
7,224,4.48,settle,0.01133,0.00268,0.01101,0.0319,0.03,-15.15,72.56,0.3117,0.0421,1.557,0.0,0.0,0,0.0,0.0
0,225,4.5,settle,0.01406,0.0069,0.01224,0.03175,0.03,-15.87,65.18,0.3123,0.0402,0.676,0.0,0.0,0,0.0,0.0
1,225,4.5,settle,0.01374,0.00671,0.01198,0.03631,0.03,-16.52,39.88,0.3086,0.0442,0.506,0.0,0.0,0,0.0,0.0
2,225,4.5,settle,0.01609,0.00855,0.01363,0.03526,0.03,-16.75,39.12,0.3082,0.0427,0.133,0.0,0.0,0,0.0,0.0
3,225,4.5,settle,0.01055,0.00451,0.00954,0.03323,0.03,-16.61,51.62,0.3106,0.0404,0.518,0.0,0.0,0,0.0,0.0
4,225,4.5,settle,0.01817,0.01134,0.0142,0.03931,0.03,-18.03,41.16,0.3099,0.039,0.518,0.0,0.0,0,0.0,0.0
5,225,4.5,settle,0.0125,0.00653,0.01066,0.03604,0.03,-16.42,41.1,0.3089,0.0433,0.797,0.0,0.0,0,0.0,0.0
6,225,4.5,settle,0.02617,0.01771,0.01927,0.02025,0.03,-13.86,47.89,0.3146,0.0489,0.0,0.0,0.0,0,0.0,0.0
7,225,4.5,settle,0.01213,0.00329,0.01168,0.03217,0.03,-15.38,69.44,0.3116,0.0421,1.551,0.0,0.0,0,0.0,0.0
0,226,4.52,settle,0.01491,0.00608,0.01361,0.03077,0.03,-15.97,61.04,0.3123,0.0402,0.698,0.0,0.0,0,0.0,0.0
1,226,4.52,settle,0.01406,0.00613,0.01265,0.03603,0.03,-16.4,35.25,0.3085,0.0443,0.511,0.0,0.0,0,0.0,0.0
2,226,4.52,settle,0.0166,0.00855,0.01423,0.03512,0.03,-16.64,34.51,0.3081,0.0428,0.139,0.0,0.0,0,0.0,0.0
3,226,4.52,settle,0.01181,0.00442,0.01095,0.03226,0.03,-16.18,47.27,0.3105,0.0404,0.527,0.0,0.0,0,0.0,0.0
4,226,4.52,settle,0.01957,0.0121,0.01539,0.0402,0.03,-17.83,36.55,0.3098,0.039,0.507,0.0,0.0,0,0.0,0.0
5,226,4.52,settle,0.01263,0.0052,0.0115,0.03506,0.03,-16.22,36.53,0.3088,0.0434,0.812,0.0,0.0,0,0.0,0.0
6,226,4.52,settle,0.0249,0.01436,0.02034,0.02318,0.03,-14.31,42.78,0.3146,0.0492,-0.025,0.0,0.0,0,0.0,0.0
7,226,4.52,settle,0.01364,0.0038,0.0131,0.03193,0.03,-15.14,65.96,0.3116,0.0421,1.555,0.0,0.0,0,0.0,0.0
0,227,4.54,settle,0.01524,0.00774,0.01313,0.03199,0.03,-16.52,56.14,0.3122,0.0401,0.702,0.0,0.0,0,0.0,0.0
1,227,4.54,settle,0.01386,0.00404,0.01326,0.03308,0.03,-16.11,30.67,0.3084,0.0444,0.551,0.0,0.0,0,0.0,0.0
2,227,4.54,settle,0.01714,0.00867,0.01478,0.03263,0.03,-16.36,29.92,0.3079,0.0428,0.174,0.0,0.0,0,0.0,0.0
3,227,4.54,settle,0.01276,0.0049,0.01179,0.02998,0.03,-15.79,42.75,0.3104,0.0404,0.564,0.0,0.0,0,0.0,0.0
4,227,4.54,settle,0.0191,0.00961,0.01651,0.03682,0.03,-17.42,32.06,0.3096,0.039,0.545,0.0,0.0,0,0.0,0.0
5,227,4.54,settle,0.01278,0.00386,0.01219,0.03251,0.03,-15.87,31.91,0.3087,0.0434,0.844,0.0,0.0,0,0.0,0.0
6,227,4.54,settle,0.02369,0.01026,0.02135,0.02704,0.03,-14.77,37.68,0.3147,0.0496,-0.045,0.0,0.0,0,0.0,0.0
7,227,4.54,settle,0.01454,0.00329,0.01416,0.03141,0.03,-15.13,61.88,0.3116,0.0421,1.585,0.0,0.0,0,0.0,0.0
0,228,4.56,settle,0.0154,0.00883,0.01262,0.03118,0.03,-16.57,51.41,0.3121,0.04,0.715,0.0,0.0,0,0.0,0.0
1,228,4.56,settle,0.01509,0.00605,0.01383,0.03083,0.03,-15.81,25.65,0.3082,0.0444,0.589,0.0,0.0,0,0.0,0.0
2,228,4.56,settle,0.01919,0.01151,0.01535,0.03169,0.03,-16.03,24.86,0.3078,0.0428,0.2,0.0,0.0,0,0.0,0.0
3,228,4.56,settle,0.01394,0.00683,0.01215,0.02894,0.03,-15.73,37.73,0.3103,0.0404,0.593,0.0,0.0,0,0.0,0.0
4,228,4.56,settle,0.02078,0.01183,0.01708,0.03607,0.03,-17.03,26.88,0.3095,0.0389,0.56,0.0,0.0,0,0.0,0.0
5,228,4.56,settle,0.01402,0.00576,0.01279,0.02982,0.03,-15.6,26.94,0.3085,0.0435,0.888,0.0,0.0,0,0.0,0.0
6,228,4.56,settle,0.02302,0.00763,0.02172,0.03107,0.03,-14.9,32.68,0.3147,0.0499,-0.081,0.0,0.0,0,0.0,0.0
7,228,4.56,settle,0.01443,0.00378,0.01393,0.03132,0.03,-15.51,57.18,0.3116,0.042,1.601,0.0,0.0,0,0.0,0.0
0,229,4.58,settle,0.01541,0.01045,0.01133,0.03169,0.03,-16.76,46.4,0.312,0.0398,0.717,0.0,0.0,0,0.0,0.0
1,229,4.58,settle,0.01719,0.0096,0.01426,0.03097,0.03,-15.45,20.42,0.3081,0.0444,0.592,0.0,0.0,0,0.0,0.0
2,229,4.58,settle,0.02175,0.01493,0.01582,0.03287,0.03,-15.67,19.62,0.3077,0.0427,0.201,0.0,0.0,0,0.0,0.0
3,229,4.58,settle,0.01477,0.00877,0.01188,0.02842,0.03,-15.75,32.51,0.3102,0.0403,0.613,0.0,0.0,0,0.0,0.0
4,229,4.58,settle,0.02312,0.01528,0.01735,0.03775,0.03,-16.69,21.39,0.3094,0.0388,0.557,0.0,0.0,0,0.0,0.0
5,229,4.58,settle,0.01601,0.00916,0.01313,0.02974,0.03,-15.3,21.7,0.3084,0.0435,0.89,0.0,0.0,0,0.0,0.0
6,229,4.58,settle,0.02356,0.00993,0.02136,0.03255,0.03,-14.62,28.04,0.3147,0.0501,-0.082,0.0,0.0,0,0.0,0.0
7,229,4.58,settle,0.01388,0.00516,0.01289,0.03124,0.03,-15.89,52.23,0.3115,0.0419,1.604,0.0,0.0,0,0.0,0.0
0,230,4.6,settle,0.01499,0.01054,0.01065,0.03107,0.03,-16.89,41.43,0.312,0.0396,0.731,0.0,0.0,0,0.0,0.0
1,230,4.6,settle,0.0186,0.01194,0.01427,0.03118,0.03,-15.26,15.24,0.308,0.0445,0.602,0.0,0.0,0,0.0,0.0
2,230,4.6,settle,0.02329,0.01707,0.01584,0.03366,0.03,-15.49,14.44,0.3076,0.0427,0.209,0.0,0.0,0,0.0,0.0
3,230,4.6,settle,0.01574,0.01126,0.011,0.02824,0.03,-15.64,27.32,0.3101,0.0402,0.617,0.0,0.0,0,0.0,0.0
4,230,4.6,settle,0.02464,0.01815,0.01667,0.03936,0.03,-16.39,16.12,0.3092,0.0387,0.542,0.0,0.0,0,0.0,0.0
5,230,4.6,settle,0.01752,0.01167,0.01307,0.0299,0.03,-15.11,16.5,0.3083,0.0435,0.898,0.0,0.0,0,0.0,0.0
6,230,4.6,settle,0.02464,0.01266,0.02114,0.03419,0.03,-14.38,23.27,0.3146,0.0504,-0.07,0.0,0.0,0,0.0,0.0
7,230,4.6,settle,0.01307,0.00626,0.01147,0.03154,0.03,-16.28,47.18,0.3115,0.0417,1.608,0.0,0.0,0,0.0,0.0
0,231,4.62,settle,0.01434,0.01048,0.00978,0.03031,0.03,-17.03,36.4,0.3119,0.0395,0.739,0.0,0.0,0,0.0,0.0
1,231,4.62,settle,0.01957,0.01357,0.0141,0.0313,0.03,-15.21,10.18,0.3079,0.0445,0.604,0.0,0.0,0,0.0,0.0
2,231,4.62,settle,0.0243,0.01865,0.01557,0.03412,0.03,-15.44,9.38,0.3075,0.0426,0.208,0.0,0.0,0,0.0,0.0
3,231,4.62,settle,0.01637,0.01288,0.0101,0.02749,0.03,-15.61,22.23,0.3099,0.04,0.631,0.0,0.0,0,0.0,0.0
4,231,4.62,settle,0.02408,0.01881,0.01504,0.03749,0.03,-16.36,11.3,0.3091,0.0386,0.541,0.0,0.0,0,0.0,0.0
5,231,4.62,settle,0.01838,0.01325,0.01274,0.02975,0.03,-15.09,11.42,0.3082,0.0434,0.902,0.0,0.0,0,0.0,0.0
6,231,4.62,settle,0.02546,0.01404,0.02124,0.03647,0.03,-14.33,18.29,0.3146,0.0508,-0.061,0.0,0.0,0,0.0,0.0
7,231,4.62,settle,0.01222,0.00629,0.01048,0.03124,0.03,-16.56,42.17,0.3115,0.0416,1.617,0.0,0.0,0,0.0,0.0
0,232,4.64,settle,0.01418,0.01132,0.00854,0.02991,0.03,-17.0,31.44,0.3118,0.0393,0.732,0.0,0.0,0,0.0,0.0
1,232,4.64,settle,0.02023,0.01484,0.01374,0.03205,0.03,-15.33,5.48,0.3077,0.0445,0.58,0.0,0.0,0,0.0,0.0
2,232,4.64,settle,0.02499,0.01995,0.01506,0.03526,0.03,-15.54,4.84,0.3074,0.0426,0.182,0.0,0.0,0,0.0,0.0
3,232,4.64,settle,0.01651,0.0135,0.00951,0.0268,0.03,-15.71,17.23,0.3098,0.0399,0.635,0.0,0.0,0,0.0,0.0
4,232,4.64,settle,0.02331,0.01794,0.01489,0.03574,0.03,-16.68,6.56,0.309,0.0385,0.518,0.0,0.0,0,0.0,0.0
5,232,4.64,settle,0.01942,0.01482,0.01256,0.02993,0.03,-15.15,6.56,0.3081,0.0434,0.887,0.0,0.0,0,0.0,0.0
6,232,4.64,settle,0.02671,0.01611,0.02131,0.04072,0.03,-14.26,13.21,0.3146,0.0511,-0.094,0.0,0.0,0,0.0,0.0
7,232,4.64,settle,0.01169,0.00691,0.00944,0.03116,0.03,-16.67,37.18,0.3114,0.0414,1.612,0.0,0.0,0,0.0,0.0
0,233,4.66,settle,0.01417,0.012,0.00753,0.02978,0.03,-16.98,26.49,0.3116,0.0391,0.724,0.0,0.0,0,0.0,0.0
1,233,4.66,settle,0.02082,0.01562,0.01377,0.03114,0.03,-15.43,3.64,0.3077,0.0445,0.575,0.0,0.0,0,0.0,0.0
2,233,4.66,settle,0.02523,0.02022,0.01508,0.03393,0.03,-15.67,4.17,0.3074,0.0425,0.174,0.0,0.0,0,0.0,0.0
3,233,4.66,settle,0.01661,0.01381,0.00923,0.02696,0.03,-15.86,12.37,0.3097,0.0398,0.613,0.0,0.0,0,0.0,0.0
4,233,4.66,settle,0.0219,0.01547,0.01549,0.03188,0.03,-17.3,4.72,0.309,0.0384,0.49,0.0,0.0,0,0.0,0.0
5,233,4.66,settle,0.02015,0.01588,0.01241,0.02938,0.03,-15.16,4.47,0.308,0.0434,0.879,0.0,0.0,0,0.0,0.0
6,233,4.66,settle,0.02782,0.01847,0.02081,0.04383,0.03,-14.2,8.36,0.3146,0.0514,-0.11,0.0,0.0,0,0.0,0.0
7,233,4.66,settle,0.01148,0.00791,0.00832,0.03127,0.03,-16.65,32.26,0.3113,0.0412,1.599,0.0,0.0,0,0.0,0.0
0,234,4.68,settle,0.01472,0.0128,0.00726,0.02859,0.03,-16.85,21.75,0.3115,0.0389,0.719,0.0,0.0,0,0.0,0.0
1,234,4.68,settle,0.02223,0.01776,0.01336,0.02806,0.03,-15.5,4.82,0.3076,0.0444,0.578,0.0,0.0,0,0.0,0.0
2,234,4.68,settle,0.02575,0.0208,0.01518,0.03195,0.03,-15.77,4.63,0.3073,0.0425,0.167,0.0,0.0,0,0.0,0.0
3,234,4.68,settle,0.01746,0.01508,0.0088,0.02461,0.03,-16.12,7.73,0.3096,0.0397,0.623,0.0,0.0,0,0.0,0.0
4,234,4.68,settle,0.02317,0.01571,0.01703,0.03021,0.03,-17.48,3.59,0.309,0.0384,0.463,0.0,0.0,0,0.0,0.0
5,234,4.68,settle,0.02112,0.01762,0.01165,0.02707,0.03,-15.24,4.63,0.3079,0.0433,0.862,0.0,0.0,0,0.0,0.0
6,234,4.68,settle,0.0284,0.02008,0.02009,0.04495,0.03,-14.16,4.45,0.3145,0.0517,-0.098,0.0,0.0,0,0.0,0.0
7,234,4.68,settle,0.01261,0.00933,0.00848,0.02852,0.03,-16.23,27.63,0.3112,0.0411,1.609,0.0,0.0,0,0.0,0.0
0,235,4.7,settle,0.01557,0.0137,0.0074,0.02692,0.03,-16.82,17.01,0.3113,0.0387,0.717,0.0,0.0,0,0.0,0.0
1,235,4.7,settle,0.02489,0.01987,0.01499,0.02938,0.03,-15.16,3.34,0.3075,0.0445,0.561,0.0,0.0,0,0.0,0.0
2,235,4.7,settle,0.02814,0.0231,0.01608,0.03214,0.03,-15.58,3.39,0.3073,0.0424,0.151,0.0,0.0,0,0.0,0.0
3,235,4.7,settle,0.01881,0.01676,0.00853,0.02343,0.03,-16.31,4.28,0.3095,0.0396,0.61,0.0,0.0,0,0.0,0.0
4,235,4.7,settle,0.02474,0.01714,0.01783,0.03178,0.03,-17.13,3.5,0.309,0.0383,0.415,0.0,0.0,0,0.0,0.0
5,235,4.7,settle,0.02333,0.01927,0.01315,0.02687,0.03,-15.08,3.35,0.3079,0.0434,0.851,0.0,0.0,0,0.0,0.0
6,235,4.7,settle,0.02701,0.01976,0.01841,0.04312,0.03,-14.24,4.65,0.3144,0.0519,-0.079,0.0,0.0,0,0.0,0.0
7,235,4.7,settle,0.01307,0.01022,0.00816,0.02639,0.03,-16.29,22.69,0.3111,0.0409,1.622,0.0,0.0,0,0.0,0.0
0,236,4.72,settle,0.01679,0.01485,0.00783,0.02601,0.03,-16.87,12.13,0.3112,0.0386,0.713,0.0,0.0,0,0.0,0.0
1,236,4.72,settle,0.02698,0.02143,0.01639,0.03034,0.03,-14.92,2.52,0.3075,0.0445,0.546,0.0,0.0,0,0.0,0.0
2,236,4.72,settle,0.03029,0.02526,0.01672,0.0332,0.03,-15.26,2.91,0.3073,0.0423,0.123,0.0,0.0,0,0.0,0.0
3,236,4.72,settle,0.02059,0.01847,0.0091,0.02148,0.03,-16.31,4.64,0.3094,0.0395,0.609,0.0,0.0,0,0.0,0.0
4,236,4.72,settle,0.02666,0.01979,0.01787,0.03348,0.03,-16.64,3.21,0.309,0.0381,0.392,0.0,0.0,0,0.0,0.0
5,236,4.72,settle,0.02459,0.02009,0.01417,0.02629,0.03,-15.1,2.61,0.3079,0.0434,0.836,0.0,0.0,0,0.0,0.0
6,236,4.72,settle,0.02508,0.01831,0.01714,0.04286,0.03,-14.6,2.59,0.3143,0.0521,-0.094,0.0,0.0,0,0.0,0.0
7,236,4.72,settle,0.01382,0.01139,0.00782,0.02664,0.03,-16.28,17.66,0.311,0.0408,1.6,0.0,0.0,0,0.0,0.0
0,237,4.74,settle,0.01812,0.0162,0.00812,0.02672,0.03,-16.88,7.18,0.3111,0.0384,0.698,0.0,0.0,0,0.0,0.0
1,237,4.74,settle,0.02884,0.02324,0.01708,0.03227,0.03,-14.55,2.06,0.3074,0.0444,0.529,0.0,0.0,0,0.0,0.0
2,237,4.74,settle,0.03254,0.02804,0.0165,0.03412,0.03,-15.11,2.47,0.3072,0.0422,0.092,0.0,0.0,0,0.0,0.0
3,237,4.74,settle,0.02082,0.01764,0.01106,0.02361,0.03,-16.24,3.22,0.3094,0.0394,0.57,0.0,0.0,0,0.0,0.0
4,237,4.74,settle,0.02853,0.0218,0.0184,0.03532,0.03,-16.31,2.39,0.309,0.0379,0.372,0.0,0.0,0,0.0,0.0
5,237,4.74,settle,0.02521,0.02065,0.01446,0.02794,0.03,-14.88,2.14,0.3078,0.0433,0.803,0.0,0.0,0,0.0,0.0
6,237,4.74,settle,0.02308,0.01715,0.01545,0.04227,0.03,-14.96,2.3,0.3142,0.0522,-0.114,0.0,0.0,0,0.0,0.0
7,237,4.74,settle,0.01528,0.01315,0.00778,0.02707,0.03,-16.11,12.83,0.3109,0.0407,1.576,0.0,0.0,0,0.0,0.0
0,238,4.76,settle,0.01828,0.01651,0.00784,0.02737,0.03,-16.94,4.01,0.311,0.0382,0.682,0.0,0.0,0,0.0,0.0
1,238,4.76,settle,0.0303,0.02503,0.01708,0.03424,0.03,-14.22,1.73,0.3074,0.0444,0.511,0.0,0.0,0,0.0,0.0
2,238,4.76,settle,0.036,0.03172,0.01703,0.03441,0.03,-14.86,2.27,0.3072,0.042,0.096,0.0,0.0,0,0.0,0.0
3,238,4.76,settle,0.02129,0.01774,0.01176,0.0243,0.03,-16.2,2.59,0.3094,0.0393,0.554,0.0,0.0,0,0.0,0.0
4,238,4.76,settle,0.02891,0.02177,0.01902,0.03632,0.03,-16.27,2.06,0.3092,0.0378,0.341,0.0,0.0,0,0.0,0.0
5,238,4.76,settle,0.02642,0.02206,0.01453,0.03016,0.03,-14.57,1.85,0.3078,0.0433,0.775,0.0,0.0,0,0.0,0.0
6,238,4.76,settle,0.02294,0.0174,0.01494,0.03977,0.03,-14.91,2.41,0.3141,0.0524,-0.093,0.0,0.0,0,0.0,0.0
7,238,4.76,settle,0.01694,0.01471,0.0084,0.02617,0.03,-16.1,8.09,0.3109,0.0406,1.573,0.0,0.0,0,0.0,0.0
0,239,4.78,settle,0.01782,0.01593,0.00798,0.02637,0.03,-17.06,4.28,0.3111,0.038,0.665,0.0,0.0,0,0.0,0.0
1,239,4.78,settle,0.03114,0.02592,0.01726,0.03567,0.03,-14.04,1.55,0.3074,0.0443,0.492,0.0,0.0,0,0.0,0.0
2,239,4.78,settle,0.03943,0.03465,0.01881,0.03684,0.03,-14.42,1.84,0.3072,0.0419,0.077,0.0,0.0,0,0.0,0.0
3,239,4.78,settle,0.02325,0.01996,0.01193,0.02545,0.03,-15.86,2.33,0.3094,0.0392,0.548,0.0,0.0,0,0.0,0.0
4,239,4.78,settle,0.02976,0.02218,0.01985,0.03788,0.03,-16.21,1.91,0.3093,0.0376,0.301,0.0,0.0,0,0.0,0.0
5,239,4.78,settle,0.02757,0.0233,0.01474,0.03088,0.03,-14.41,1.73,0.3078,0.0432,0.768,0.0,0.0,0,0.0,0.0
6,239,4.78,settle,0.0248,0.01971,0.01504,0.0403,0.03,-14.55,2.04,0.3139,0.0525,-0.081,0.0,0.0,0,0.0,0.0
7,239,4.78,settle,0.0184,0.01617,0.00879,0.02434,0.03,-16.28,4.23,0.3109,0.0404,1.578,0.0,0.0,0,0.0,0.0
0,240,4.8,settle,0.01636,0.01404,0.00839,0.02588,0.03,-17.37,3.74,0.3111,0.0378,0.634,0.0,0.0,0,0.0,0.0
1,240,4.8,settle,0.03235,0.02694,0.01791,0.03664,0.03,-13.9,1.49,0.3074,0.0442,0.477,0.0,0.0,0,0.0,0.0
2,240,4.8,settle,0.04204,0.03659,0.0207,0.04023,0.03,-13.94,1.39,0.3073,0.0418,0.037,0.0,0.0,0,0.0,0.0
3,240,4.8,settle,0.02489,0.02186,0.0119,0.02721,0.03,-15.49,1.98,0.3094,0.039,0.541,0.0,0.0,0,0.0,0.0
4,240,4.8,settle,0.03147,0.02406,0.02028,0.04039,0.03,-15.95,1.74,0.3093,0.0375,0.26,0.0,0.0,0,0.0,0.0
5,240,4.8,settle,0.02857,0.02415,0.01526,0.03114,0.03,-14.32,1.64,0.3078,0.0431,0.76,0.0,0.0,0,0.0,0.0
6,240,4.8,settle,0.02645,0.02173,0.01507,0.04136,0.03,-14.25,1.64,0.3137,0.0525,-0.077,0.0,0.0,0,0.0,0.0
7,240,4.8,settle,0.0176,0.01522,0.00884,0.02481,0.03,-16.35,4.34,0.311,0.0403,1.535,0.0,0.0,0,0.0,0.0
0,241,4.82,settle,0.01452,0.01143,0.00896,0.02653,0.03,-17.72,3.46,0.3113,0.0377,0.593,0.0,0.0,0,0.0,0.0
1,241,4.82,settle,0.03337,0.02816,0.01792,0.03758,0.03,-13.84,1.46,0.3073,0.0441,0.453,0.0,0.0,0,0.0,0.0
2,241,4.82,settle,0.0446,0.0387,0.02218,0.04356,0.03,-13.45,1.12,0.3073,0.0417,0.006,0.0,0.0,0,0.0,0.0
3,241,4.82,settle,0.02538,0.02226,0.01219,0.02798,0.03,-15.38,1.7,0.3094,0.0389,0.533,0.0,0.0,0,0.0,0.0
4,241,4.82,settle,0.03346,0.02697,0.01981,0.04107,0.03,-15.74,1.86,0.3094,0.0372,0.236,0.0,0.0,0,0.0,0.0
5,241,4.82,settle,0.02952,0.025,0.0157,0.03266,0.03,-14.13,1.47,0.3078,0.0431,0.732,0.0,0.0,0,0.0,0.0
6,241,4.82,settle,0.02763,0.02291,0.01544,0.04214,0.03,-14.02,1.37,0.3134,0.0526,-0.07,0.0,0.0,0,0.0,0.0
7,241,4.82,settle,0.01608,0.01316,0.00924,0.02555,0.03,-16.58,4.01,0.3112,0.0402,1.494,0.0,0.0,0,0.0,0.0
0,242,4.84,settle,0.01276,0.00852,0.0095,0.02967,0.03,-17.94,3.32,0.3114,0.0375,0.533,0.0,0.0,0,0.0,0.0
1,242,4.84,settle,0.03521,0.0301,0.01825,0.03916,0.03,-13.62,1.37,0.3072,0.044,0.43,0.0,0.0,0,0.0,0.0
2,242,4.84,settle,0.04736,0.04121,0.02334,0.04697,0.03,-12.93,0.94,0.3074,0.0415,-0.019,0.0,0.0,0,0.0,0.0
3,242,4.84,settle,0.02543,0.02198,0.01278,0.02887,0.03,-15.4,1.6,0.3094,0.0387,0.503,0.0,0.0,0,0.0,0.0
4,242,4.84,settle,0.03615,0.02964,0.0207,0.04101,0.03,-15.48,1.82,0.3095,0.037,0.235,0.0,0.0,0,0.0,0.0
5,242,4.84,settle,0.03096,0.02654,0.01594,0.03444,0.03,-13.88,1.37,0.3078,0.043,0.707,0.0,0.0,0,0.0,0.0
6,242,4.84,settle,0.02909,0.0243,0.016,0.04356,0.03,-13.76,1.12,0.3132,0.0526,-0.069,0.0,0.0,0,0.0,0.0
7,242,4.84,settle,0.01484,0.01087,0.0101,0.02575,0.03,-16.97,3.42,0.3114,0.0401,1.465,0.0,0.0,0,0.0,0.0
0,243,4.86,settle,0.01257,0.00737,0.01018,0.03068,0.03,-18.07,3.42,0.3116,0.0374,0.504,0.0,0.0,0,0.0,0.0
1,243,4.86,settle,0.03722,0.0324,0.01832,0.03948,0.03,-13.51,1.44,0.3071,0.0439,0.421,0.0,0.0,0,0.0,0.0
2,243,4.86,settle,0.05011,0.04376,0.02441,0.05044,0.03,-12.41,0.8,0.3074,0.0413,-0.045,0.0,0.0,0,0.0,0.0
3,243,4.86,settle,0.02643,0.02273,0.01347,0.03003,0.03,-15.27,1.56,0.3094,0.0386,0.484,0.0,0.0,0,0.0,0.0
4,243,4.86,settle,0.03897,0.03205,0.02217,0.04375,0.03,-15.07,1.45,0.3096,0.0368,0.193,0.0,0.0,0,0.0,0.0
5,243,4.86,settle,0.03255,0.0282,0.01626,0.03593,0.03,-13.62,1.3,0.3077,0.0429,0.693,0.0,0.0,0,0.0,0.0
6,243,4.86,settle,0.03044,0.02594,0.01593,0.04524,0.03,-13.54,0.91,0.3129,0.0526,-0.075,0.0,0.0,0,0.0,0.0
7,243,4.86,settle,0.01386,0.00916,0.0104,0.02628,0.03,-17.25,3.19,0.3116,0.0399,1.432,0.0,0.0,0,0.0,0.0
0,244,4.88,settle,0.01335,0.00739,0.01112,0.03027,0.03,-18.11,3.45,0.3117,0.0372,0.492,0.0,0.0,0,0.0,0.0
1,244,4.88,settle,0.04058,0.03588,0.01896,0.04195,0.03,-12.97,1.24,0.307,0.0438,0.414,0.0,0.0,0,0.0,0.0
2,244,4.88,settle,0.05242,0.04584,0.02541,0.05356,0.03,-11.96,0.7,0.3074,0.041,-0.073,0.0,0.0,0,0.0,0.0
3,244,4.88,settle,0.02864,0.02528,0.01347,0.03048,0.03,-15.06,1.63,0.3094,0.0383,0.477,0.0,0.0,0,0.0,0.0
4,244,4.88,settle,0.0415,0.03414,0.0236,0.04701,0.03,-14.66,1.11,0.3096,0.0366,0.147,0.0,0.0,0,0.0,0.0
5,244,4.88,settle,0.03359,0.02913,0.01673,0.03725,0.03,-13.4,1.18,0.3077,0.0428,0.676,0.0,0.0,0,0.0,0.0
6,244,4.88,settle,0.03166,0.02748,0.01573,0.04575,0.03,-13.33,0.89,0.3126,0.0525,-0.065,0.0,0.0,0,0.0,0.0
7,244,4.88,settle,0.01262,0.00765,0.01004,0.02773,0.03,-17.37,2.97,0.3119,0.0398,1.395,0.0,0.0,0,0.0,0.0
0,245,4.9,settle,0.0142,0.00781,0.01187,0.03077,0.03,-18.06,3.22,0.3119,0.0371,0.474,0.0,0.0,0,0.0,0.0
1,245,4.9,settle,0.04427,0.03933,0.02031,0.04553,0.03,-12.32,0.95,0.3069,0.0437,0.395,0.0,0.0,0,0.0,0.0
2,245,4.9,settle,0.05354,0.04681,0.02599,0.05534,0.03,-11.71,0.68,0.3075,0.0408,-0.096,0.0,0.0,0,0.0,0.0
3,245,4.9,settle,0.03188,0.02877,0.01372,0.03188,0.03,-14.65,1.5,0.3093,0.0381,0.477,0.0,0.0,0,0.0,0.0
4,245,4.9,settle,0.04364,0.03576,0.02501,0.04939,0.03,-14.35,0.94,0.3097,0.0364,0.116,0.0,0.0,0,0.0,0.0
5,245,4.9,settle,0.03464,0.02997,0.01736,0.03905,0.03,-13.2,1.07,0.3076,0.0427,0.646,0.0,0.0,0,0.0,0.0
6,245,4.9,settle,0.03291,0.0287,0.0161,0.04591,0.03,-13.07,0.85,0.3123,0.0524,-0.045,0.0,0.0,0,0.0,0.0
7,245,4.9,settle,0.01114,0.00561,0.00962,0.02976,0.03,-17.57,2.77,0.3121,0.0397,1.359,0.0,0.0,0,0.0,0.0
0,246,4.92,settle,0.01495,0.00853,0.01228,0.03377,0.03,-17.93,2.88,0.3121,0.037,0.43,0.0,0.0,0,0.0,0.0
1,246,4.92,settle,0.04704,0.0416,0.02197,0.04918,0.03,-11.75,0.68,0.3068,0.0436,0.366,0.0,0.0,0,0.0,0.0
2,246,4.92,settle,0.05391,0.04715,0.02613,0.05641,0.03,-11.59,0.69,0.3075,0.0405,-0.122,0.0,0.0,0,0.0,0.0
3,246,4.92,settle,0.03405,0.03053,0.01508,0.03481,0.03,-14.2,1.09,0.3093,0.0379,0.452,0.0,0.0,0,0.0,0.0
4,246,4.92,settle,0.0458,0.0375,0.02628,0.0521,0.03,-14.02,0.79,0.3098,0.0361,0.078,0.0,0.0,0,0.0,0.0
5,246,4.92,settle,0.03594,0.03122,0.0178,0.04091,0.03,-12.97,1.01,0.3075,0.0425,0.621,0.0,0.0,0,0.0,0.0
6,246,4.92,settle,0.03497,0.03054,0.01704,0.04761,0.03,-12.7,0.66,0.312,0.0524,-0.046,0.0,0.0,0,0.0,0.0
7,246,4.92,settle,0.01011,0.00333,0.00955,0.03273,0.03,-17.88,2.68,0.3124,0.0396,1.312,0.0,0.0,0,0.0,0.0
0,247,4.94,settle,0.01586,0.00937,0.0128,0.03584,0.03,-17.87,2.65,0.3123,0.0369,0.41,0.0,0.0,0,0.0,0.0
1,247,4.94,settle,0.04881,0.04292,0.02324,0.05233,0.03,-11.36,0.49,0.3067,0.0435,0.331,0.0,0.0,0,0.0,0.0
2,247,4.94,settle,0.05451,0.04775,0.02629,0.05827,0.03,-11.45,0.65,0.3075,0.0403,-0.162,0.0,0.0,0,0.0,0.0
3,247,4.94,settle,0.03563,0.03154,0.01658,0.03773,0.03,-13.85,0.79,0.3093,0.0377,0.417,0.0,0.0,0,0.0,0.0
4,247,4.94,settle,0.04808,0.03964,0.02721,0.05528,0.03,-13.64,0.64,0.3099,0.0358,0.034,0.0,0.0,0,0.0,0.0
5,247,4.94,settle,0.03737,0.03265,0.01818,0.04251,0.03,-12.7,0.95,0.3074,0.0424,0.608,0.0,0.0,0,0.0,0.0
6,247,4.94,settle,0.03538,0.03115,0.01677,0.04894,0.03,-12.63,0.48,0.3116,0.0522,-0.057,0.0,0.0,0,0.0,0.0
7,247,4.94,settle,0.01056,0.00415,0.00971,0.03537,0.03,-18.08,2.84,0.3126,0.0395,1.263,0.0,0.0,0,0.0,0.0
0,248,4.96,settle,0.01625,0.00942,0.01324,0.03683,0.03,-17.93,2.52,0.3125,0.0369,0.396,0.0,0.0,0,0.0,0.0
1,248,4.96,settle,0.04776,0.04185,0.02303,0.05185,0.03,-11.51,0.56,0.3067,0.0434,0.311,0.0,0.0,0,0.0,0.0
2,248,4.96,settle,0.05506,0.04827,0.02648,0.05963,0.03,-11.41,0.73,0.3074,0.0401,-0.197,0.0,0.0,0,0.0,0.0
3,248,4.96,settle,0.0369,0.03255,0.01739,0.03989,0.03,-13.57,0.65,0.3092,0.0375,0.393,0.0,0.0,0,0.0,0.0
4,248,4.96,settle,0.04901,0.04061,0.02744,0.05687,0.03,-13.48,0.6,0.31,0.0355,0.0,0.0,0.0,0,0.0,0.0
5,248,4.96,settle,0.03873,0.03392,0.0187,0.04418,0.03,-12.44,0.85,0.3073,0.0423,0.59,0.0,0.0,0,0.0,0.0
6,248,4.96,settle,0.03584,0.03156,0.01699,0.04909,0.03,-12.52,0.53,0.3113,0.0521,-0.048,0.0,0.0,0,0.0,0.0
7,248,4.96,settle,0.01113,0.00467,0.0101,0.03614,0.03,-18.03,3.14,0.3128,0.0395,1.233,0.0,0.0,0,0.0,0.0
0,249,4.98,settle,0.01661,0.00989,0.01334,0.0377,0.03,-17.94,2.39,0.3127,0.0368,0.376,0.0,0.0,0,0.0,0.0
1,249,4.98,settle,0.04819,0.04199,0.02363,0.0521,0.03,-11.48,0.7,0.3066,0.0432,0.299,0.0,0.0,0,0.0,0.0
2,249,4.98,settle,0.05541,0.04844,0.02691,0.05994,0.03,-11.41,0.87,0.3074,0.0399,-0.209,0.0,0.0,0,0.0,0.0
3,249,4.98,settle,0.03808,0.03369,0.01776,0.04132,0.03,-13.34,0.61,0.3092,0.0372,0.377,0.0,0.0,0,0.0,0.0
4,249,4.98,settle,0.04984,0.04124,0.028,0.05806,0.03,-13.37,0.63,0.3101,0.0352,-0.031,0.0,0.0,0,0.0,0.0
5,249,4.98,settle,0.03976,0.03484,0.01916,0.04596,0.03,-12.21,0.73,0.3072,0.0421,0.566,0.0,0.0,0,0.0,0.0
6,249,4.98,settle,0.03664,0.03211,0.01765,0.04947,0.03,-12.35,0.5,0.3109,0.052,-0.04,0.0,0.0,0,0.0,0.0
7,249,4.98,settle,0.01137,0.00342,0.01084,0.03476,0.03,-17.89,3.25,0.313,0.0395,1.237,0.0,0.0,0,0.0,0.0
0,250,5.0,settle,0.01741,0.01146,0.01311,0.03939,0.03,-17.87,2.22,0.3128,0.0367,0.348,0.0,0.0,0,0.0,0.0
1,250,5.0,settle,0.04996,0.0435,0.02458,0.05459,0.03,-11.12,0.63,0.3065,0.0431,0.272,0.0,0.0,0,0.0,0.0
2,250,5.0,settle,0.0564,0.04919,0.0276,0.06097,0.03,-11.24,0.86,0.3074,0.0397,-0.223,0.0,0.0,0,0.0,0.0
3,250,5.0,settle,0.03941,0.03498,0.01813,0.0432,0.03,-13.07,0.53,0.3091,0.037,0.35,0.0,0.0,0,0.0,0.0
4,250,5.0,settle,0.05116,0.04247,0.02853,0.06034,0.03,-13.17,0.56,0.3101,0.0349,-0.078,0.0,0.0,0,0.0,0.0
5,250,5.0,settle,0.0408,0.03575,0.01967,0.04779,0.03,-12.05,0.67,0.3071,0.042,0.533,0.0,0.0,0,0.0,0.0
6,250,5.0,settle,0.03718,0.03265,0.01779,0.05033,0.03,-12.32,0.41,0.3105,0.0518,-0.06,0.0,0.0,0,0.0,0.0
7,250,5.0,settle,0.01271,0.00513,0.01163,0.03595,0.03,-17.7,2.92,0.3132,0.0395,1.211,0.0,0.0,0,0.0,0.0
0,251,5.02,settle,0.01809,0.01278,0.01281,0.04057,0.03,-17.79,2.1,0.313,0.0366,0.33,0.0,0.0,0,0.0,0.0
1,251,5.02,settle,0.05083,0.04444,0.02467,0.05682,0.03,-10.9,0.52,0.3065,0.043,0.242,0.0,0.0,0,0.0,0.0
2,251,5.02,settle,0.05785,0.05063,0.02799,0.06309,0.03,-10.97,0.71,0.3073,0.0394,-0.254,0.0,0.0,0,0.0,0.0
3,251,5.02,settle,0.04031,0.03591,0.01833,0.04486,0.03,-12.86,0.46,0.309,0.0367,0.322,0.0,0.0,0,0.0,0.0
4,251,5.02,settle,0.05199,0.0435,0.02848,0.06226,0.03,-13.1,0.56,0.3102,0.0346,-0.127,0.0,0.0,0,0.0,0.0
5,251,5.02,settle,0.04208,0.037,0.02005,0.04902,0.03,-11.86,0.71,0.307,0.0418,0.515,0.0,0.0,0,0.0,0.0
6,251,5.02,settle,0.0336,0.02987,0.01537,0.04612,0.03,-12.95,0.46,0.3101,0.0516,-0.044,0.0,0.0,0,0.0,0.0
7,251,5.02,settle,0.01405,0.00741,0.01194,0.03746,0.03,-17.51,2.48,0.3134,0.0395,1.192,0.0,0.0,0,0.0,0.0
0,252,5.04,settle,0.01871,0.01379,0.01264,0.04178,0.03,-17.78,1.98,0.3131,0.0366,0.309,0.0,0.0,0,0.0,0.0
1,252,5.04,settle,0.05072,0.04436,0.02458,0.057,0.03,-10.94,0.65,0.3064,0.0428,0.233,0.0,0.0,0,0.0,0.0
2,252,5.04,settle,0.05795,0.05097,0.02756,0.06366,0.03,-10.95,0.69,0.3072,0.0392,-0.278,0.0,0.0,0,0.0,0.0
3,252,5.04,settle,0.04052,0.03608,0.01844,0.04549,0.03,-12.79,0.46,0.3089,0.0364,0.299,0.0,0.0,0,0.0,0.0
4,252,5.04,settle,0.05274,0.04412,0.0289,0.06261,0.03,-13.02,0.72,0.3102,0.0343,-0.147,0.0,0.0,0,0.0,0.0
5,252,5.04,settle,0.04338,0.03842,0.02016,0.04975,0.03,-11.65,0.72,0.3069,0.0417,0.506,0.0,0.0,0,0.0,0.0
6,252,5.04,settle,0.03423,0.03025,0.01602,0.04225,0.03,-12.93,0.87,0.3097,0.0514,-0.0,0.0,0.0,0,0.0,0.0
7,252,5.04,settle,0.01516,0.00966,0.01168,0.03912,0.03,-17.42,2.0,0.3136,0.0395,1.178,0.0,0.0,0,0.0,0.0
0,253,5.06,settle,0.01842,0.01339,0.01264,0.0417,0.03,-17.87,1.94,0.3132,0.0366,0.299,0.0,0.0,0,0.0,0.0
1,253,5.06,settle,0.05177,0.04506,0.02548,0.05782,0.03,-10.75,0.75,0.3063,0.0427,0.23,0.0,0.0,0,0.0,0.0
2,253,5.06,settle,0.05746,0.05039,0.0276,0.06294,0.03,-11.08,0.79,0.3072,0.039,-0.289,0.0,0.0,0,0.0,0.0
3,253,5.06,settle,0.04057,0.03606,0.01859,0.04623,0.03,-12.75,0.46,0.3089,0.0361,0.265,0.0,0.0,0,0.0,0.0
4,253,5.06,settle,0.05479,0.04613,0.02957,0.06489,0.03,-12.72,0.62,0.3102,0.0341,-0.189,0.0,0.0,0,0.0,0.0
5,253,5.06,settle,0.04505,0.0401,0.02052,0.05098,0.03,-11.38,0.65,0.3068,0.0415,0.491,0.0,0.0,0,0.0,0.0
6,253,5.06,settle,0.03776,0.03294,0.01846,0.04584,0.03,-12.24,0.37,0.3093,0.0513,-0.024,0.0,0.0,0,0.0,0.0
7,253,5.06,settle,0.01648,0.0124,0.01085,0.04184,0.03,-17.41,1.69,0.3138,0.0394,1.139,0.0,0.0,0,0.0,0.0
0,254,5.08,settle,0.01803,0.01309,0.01239,0.04164,0.03,-17.97,1.89,0.3133,0.0366,0.283,0.0,0.0,0,0.0,0.0
1,254,5.08,settle,0.05369,0.04679,0.02633,0.0604,0.03,-10.41,0.6,0.3063,0.0426,0.205,0.0,0.0,0,0.0,0.0
2,254,5.08,settle,0.05807,0.0507,0.02833,0.06351,0.03,-10.97,0.75,0.3071,0.0388,-0.307,0.0,0.0,0,0.0,0.0
3,254,5.08,settle,0.04126,0.03678,0.0187,0.04717,0.03,-12.65,0.53,0.3087,0.0358,0.23,0.0,0.0,0,0.0,0.0
4,254,5.08,settle,0.05623,0.04798,0.02932,0.06604,0.03,-12.5,0.59,0.3101,0.0337,-0.219,0.0,0.0,0,0.0,0.0
5,254,5.08,settle,0.0465,0.04148,0.021,0.05242,0.03,-11.13,0.54,0.3067,0.0414,0.47,0.0,0.0,0,0.0,0.0
6,254,5.08,settle,0.04098,0.03585,0.01986,0.05031,0.03,-11.64,0.06,0.3089,0.0511,-0.06,0.0,0.0,0,0.0,0.0
7,254,5.08,settle,0.01565,0.01185,0.01023,0.04137,0.03,-17.55,1.71,0.3139,0.0394,1.134,0.0,0.0,0,0.0,0.0
0,255,5.1,settle,0.01809,0.01358,0.01195,0.04222,0.03,-18.01,1.81,0.3133,0.0366,0.261,0.0,0.0,0,0.0,0.0
1,255,5.1,settle,0.05233,0.04569,0.0255,0.06014,0.03,-10.61,0.56,0.3062,0.0425,0.184,0.0,0.0,0,0.0,0.0
2,255,5.1,settle,0.05947,0.05203,0.0288,0.06542,0.03,-10.72,0.61,0.307,0.0387,-0.339,0.0,0.0,0,0.0,0.0
3,255,5.1,settle,0.04182,0.03739,0.01874,0.0476,0.03,-12.55,0.57,0.3086,0.0356,0.208,0.0,0.0,0,0.0,0.0
4,255,5.1,settle,0.05635,0.04869,0.02836,0.06525,0.03,-12.43,0.59,0.31,0.0334,-0.236,0.0,0.0,0,0.0,0.0
5,255,5.1,settle,0.04716,0.04206,0.02134,0.05348,0.03,-11.0,0.45,0.3066,0.0412,0.444,0.0,0.0,0,0.0,0.0
6,255,5.1,settle,0.03934,0.03432,0.01922,0.0493,0.03,-11.87,0.01,0.3086,0.0509,-0.066,0.0,0.0,0,0.0,0.0
7,255,5.1,settle,0.01452,0.0107,0.00981,0.04069,0.03,-17.79,1.73,0.314,0.0395,1.12,0.0,0.0,0,0.0,0.0
0,256,5.12,settle,0.01781,0.01354,0.01157,0.04223,0.03,-18.07,1.77,0.3133,0.0366,0.249,0.0,0.0,0,0.0,0.0
1,256,5.12,settle,0.05238,0.04544,0.02605,0.05942,0.03,-10.65,0.77,0.3062,0.0424,0.191,0.0,0.0,0,0.0,0.0
2,256,5.12,settle,0.05941,0.05221,0.02835,0.06598,0.03,-10.7,0.55,0.307,0.0385,-0.365,0.0,0.0,0,0.0,0.0
3,256,5.12,settle,0.04239,0.03789,0.01901,0.04829,0.03,-12.45,0.53,0.3085,0.0353,0.179,0.0,0.0,0,0.0,0.0
4,256,5.12,settle,0.05817,0.0505,0.02887,0.06651,0.03,-12.14,0.45,0.31,0.0331,-0.279,0.0,0.0,0,0.0,0.0
5,256,5.12,settle,0.047,0.04182,0.02145,0.05388,0.03,-10.99,0.41,0.3066,0.041,0.42,0.0,0.0,0,0.0,0.0
6,256,5.12,settle,0.03872,0.03278,0.02062,0.04683,0.03,-12.0,0.36,0.3084,0.0508,-0.043,0.0,0.0,0,0.0,0.0
7,256,5.12,settle,0.0132,0.00936,0.00931,0.03964,0.03,-18.0,1.75,0.3141,0.0395,1.106,0.0,0.0,0,0.0,0.0
0,257,5.14,settle,0.017,0.01268,0.01132,0.04164,0.03,-18.2,1.75,0.3133,0.0366,0.242,0.0,0.0,0,0.0,0.0
1,257,5.14,settle,0.05412,0.04667,0.0274,0.06184,0.03,-10.33,0.58,0.3061,0.0423,0.163,0.0,0.0,0,0.0,0.0
2,257,5.14,settle,0.05982,0.0524,0.02885,0.0663,0.03,-10.67,0.61,0.3069,0.0383,-0.381,0.0,0.0,0,0.0,0.0
3,257,5.14,settle,0.04259,0.038,0.01923,0.04899,0.03,-12.38,0.47,0.3084,0.035,0.144,0.0,0.0,0,0.0,0.0
4,257,5.14,settle,0.05923,0.05152,0.02922,0.06644,0.03,-11.99,0.44,0.3099,0.0328,-0.31,0.0,0.0,0,0.0,0.0
5,257,5.14,settle,0.04731,0.04196,0.02186,0.05426,0.03,-10.94,0.47,0.3065,0.0409,0.4,0.0,0.0,0,0.0,0.0
6,257,5.14,settle,0.03989,0.03249,0.02314,0.04896,0.03,-11.78,0.19,0.3082,0.0507,-0.076,0.0,0.0,0,0.0,0.0
7,257,5.14,settle,0.0127,0.00935,0.0086,0.03973,0.03,-18.14,1.71,0.3141,0.0395,1.081,0.0,0.0,0,0.0,0.0
0,258,5.16,settle,0.01598,0.01159,0.011,0.0409,0.03,-18.37,1.75,0.3133,0.0366,0.233,0.0,0.0,0,0.0,0.0
1,258,5.16,settle,0.05433,0.04693,0.02738,0.0631,0.03,-10.33,0.41,0.306,0.0422,0.127,0.0,0.0,0,0.0,0.0
2,258,5.16,settle,0.06078,0.05305,0.02967,0.06738,0.03,-10.51,0.57,0.3068,0.0382,-0.405,0.0,0.0,0,0.0,0.0
3,258,5.16,settle,0.04269,0.03796,0.01953,0.04986,0.03,-12.35,0.44,0.3083,0.0348,0.103,0.0,0.0,0,0.0,0.0
4,258,5.16,settle,0.06054,0.05262,0.02995,0.06751,0.03,-11.81,0.28,0.3098,0.0325,-0.362,0.0,0.0,0,0.0,0.0
5,258,5.16,settle,0.0482,0.04273,0.02229,0.05526,0.03,-10.78,0.45,0.3063,0.0408,0.38,0.0,0.0,0,0.0,0.0
6,258,5.16,settle,0.04081,0.03289,0.02416,0.05232,0.03,-11.64,0.01,0.3079,0.0505,-0.13,0.0,0.0,0,0.0,0.0
7,258,5.16,settle,0.01317,0.01055,0.00789,0.04102,0.03,-18.28,1.67,0.3141,0.0395,1.048,0.0,0.0,0,0.0,0.0
0,259,5.18,settle,0.0154,0.01132,0.01044,0.04078,0.03,-18.46,1.71,0.3133,0.0366,0.219,0.0,0.0,0,0.0,0.0
1,259,5.18,settle,0.05079,0.04436,0.02472,0.05946,0.03,-11.06,0.65,0.3058,0.042,0.113,0.0,0.0,0,0.0,0.0
2,259,5.18,settle,0.06072,0.05302,0.02959,0.06795,0.03,-10.49,0.48,0.3067,0.038,-0.436,0.0,0.0,0,0.0,0.0
3,259,5.18,settle,0.04312,0.03824,0.01992,0.05053,0.03,-12.3,0.49,0.3081,0.0345,0.069,0.0,0.0,0,0.0,0.0
4,259,5.18,settle,0.05992,0.05162,0.03042,0.06615,0.03,-11.96,0.34,0.3098,0.0322,-0.397,0.0,0.0,0,0.0,0.0
5,259,5.18,settle,0.04869,0.04321,0.02245,0.0562,0.03,-10.67,0.4,0.3062,0.0406,0.355,0.0,0.0,0,0.0,0.0
6,259,5.18,settle,0.03782,0.03047,0.0224,0.04915,0.03,-12.2,0.39,0.3078,0.0502,-0.118,0.0,0.0,0,0.0,0.0
7,259,5.18,settle,0.01554,0.01362,0.00748,0.04409,0.03,-18.44,1.67,0.314,0.0396,0.995,0.0,0.0,0,0.0,0.0
0,260,5.2,settle,0.01516,0.01165,0.0097,0.0412,0.03,-18.55,1.67,0.3132,0.0366,0.203,0.0,0.0,0,0.0,0.0
1,260,5.2,settle,0.04997,0.04408,0.02353,0.05437,0.03,-11.45,1.23,0.3056,0.0418,0.157,0.0,0.0,0,0.0,0.0
2,260,5.2,settle,0.06064,0.05282,0.0298,0.06777,0.03,-10.56,0.56,0.3065,0.0379,-0.456,0.0,0.0,0,0.0,0.0
3,260,5.2,settle,0.04365,0.03867,0.02026,0.05065,0.03,-12.24,0.56,0.308,0.0343,0.046,0.0,0.0,0,0.0,0.0
4,260,5.2,settle,0.06081,0.0519,0.0317,0.06618,0.03,-11.89,0.38,0.3097,0.032,-0.434,0.0,0.0,0,0.0,0.0
5,260,5.2,settle,0.04819,0.0426,0.02253,0.05599,0.03,-10.74,0.43,0.3061,0.0405,0.335,0.0,0.0,0,0.0,0.0
6,260,5.2,settle,0.03842,0.03067,0.02313,0.04712,0.03,-12.15,0.76,0.3076,0.0501,-0.083,0.0,0.0,0,0.0,0.0
7,260,5.2,settle,0.01215,0.00957,0.00748,0.0404,0.03,-18.49,2.25,0.314,0.0396,1.015,0.0,0.0,0,0.0,0.0
0,261,5.22,settle,0.01545,0.01244,0.00915,0.04226,0.03,-18.65,1.66,0.3131,0.0367,0.178,0.0,0.0,0,0.0,0.0
1,261,5.22,settle,0.05413,0.04732,0.02627,0.05882,0.03,-10.59,0.68,0.3054,0.0419,0.116,0.0,0.0,0,0.0,0.0
2,261,5.22,settle,0.06046,0.05243,0.0301,0.06734,0.03,-10.57,0.59,0.3064,0.0378,-0.47,0.0,0.0,0,0.0,0.0
3,261,5.22,settle,0.04455,0.03943,0.02073,0.05112,0.03,-12.09,0.53,0.3078,0.034,0.021,0.0,0.0,0,0.0,0.0
4,261,5.22,settle,0.06224,0.05298,0.03266,0.06724,0.03,-11.71,0.3,0.3097,0.0317,-0.481,0.0,0.0,0,0.0,0.0
5,261,5.22,settle,0.04774,0.04195,0.02279,0.05572,0.03,-10.82,0.47,0.306,0.0404,0.314,0.0,0.0,0,0.0,0.0
6,261,5.22,settle,0.04164,0.03327,0.02504,0.04933,0.03,-11.6,0.55,0.3074,0.0499,-0.083,0.0,0.0,0,0.0,0.0
7,261,5.22,settle,0.0096,0.0055,0.00787,0.03645,0.03,-18.34,2.43,0.3139,0.0397,1.025,0.0,0.0,0,0.0,0.0
0,262,5.24,settle,0.01645,0.01384,0.00889,0.04396,0.03,-18.81,1.69,0.313,0.0367,0.144,0.0,0.0,0,0.0,0.0
1,262,5.24,settle,0.0574,0.05023,0.02779,0.06163,0.03,-9.9,0.41,0.3053,0.0418,0.116,0.0,0.0,0,0.0,0.0
2,262,5.24,settle,0.06142,0.05317,0.03075,0.06828,0.03,-10.39,0.52,0.3063,0.0377,-0.495,0.0,0.0,0,0.0,0.0
3,262,5.24,settle,0.0454,0.04012,0.02126,0.05187,0.03,-11.95,0.45,0.3077,0.0338,-0.01,0.0,0.0,0,0.0,0.0
4,262,5.24,settle,0.06255,0.05317,0.03296,0.06679,0.03,-11.69,0.32,0.3096,0.0313,-0.511,0.0,0.0,0,0.0,0.0
5,262,5.24,settle,0.04809,0.04218,0.0231,0.05614,0.03,-10.76,0.48,0.3058,0.0403,0.291,0.0,0.0,0,0.0,0.0
6,262,5.24,settle,0.04396,0.03533,0.02615,0.05346,0.03,-11.11,0.04,0.3073,0.0498,-0.12,0.0,0.0,0,0.0,0.0
7,262,5.24,settle,0.01058,0.00648,0.00836,0.03726,0.03,-18.2,2.12,0.3138,0.0398,0.983,0.0,0.0,0,0.0,0.0
0,263,5.26,settle,0.01241,0.00917,0.00835,0.03938,0.03,-18.92,2.27,0.3129,0.0368,0.167,0.0,0.0,0,0.0,0.0
1,263,5.26,settle,0.06162,0.05414,0.02942,0.06737,0.03,-8.95,0.14,0.3052,0.0418,0.076,0.0,0.0,0,0.0,0.0
2,263,5.26,settle,0.06185,0.05364,0.0308,0.06915,0.03,-10.3,0.41,0.3062,0.0376,-0.527,0.0,0.0,0,0.0,0.0
3,263,5.26,settle,0.04617,0.04071,0.02178,0.05284,0.03,-11.81,0.36,0.3075,0.0336,-0.043,0.0,0.0,0,0.0,0.0
4,263,5.26,settle,0.06445,0.05474,0.03403,0.06735,0.03,-11.46,0.39,0.3096,0.0311,-0.532,0.0,0.0,0,0.0,0.0
5,263,5.26,settle,0.04802,0.04214,0.02302,0.05608,0.03,-10.75,0.49,0.3057,0.0401,0.274,0.0,0.0,0,0.0,0.0
6,263,5.26,settle,0.04295,0.03446,0.02564,0.05269,0.03,-11.27,0.06,0.3071,0.0496,-0.126,0.0,0.0,0,0.0,0.0
7,263,5.26,settle,0.01244,0.00839,0.00918,0.03941,0.03,-18.17,1.84,0.3138,0.0399,0.949,0.0,0.0,0,0.0,0.0
0,264,5.28,settle,0.01118,0.00694,0.00876,0.03617,0.03,-18.73,2.29,0.3128,0.0369,0.172,0.0,0.0,0,0.0,0.0
1,264,5.28,settle,0.06104,0.05398,0.0285,0.06815,0.03,-8.99,0.27,0.3051,0.0417,0.031,0.0,0.0,0,0.0,0.0
2,264,5.28,settle,0.06079,0.05257,0.03053,0.06809,0.03,-10.49,0.48,0.306,0.0375,-0.546,0.0,0.0,0,0.0,0.0
3,264,5.28,settle,0.04651,0.04094,0.02207,0.05331,0.03,-11.74,0.33,0.3074,0.0333,-0.072,0.0,0.0,0,0.0,0.0
4,264,5.28,settle,0.06724,0.0569,0.03583,0.07133,0.03,-10.84,0.04,0.3096,0.0308,-0.599,0.0,0.0,0,0.0,0.0
5,264,5.28,settle,0.04808,0.04209,0.02323,0.05587,0.03,-10.72,0.52,0.3055,0.04,0.262,0.0,0.0,0,0.0,0.0
6,264,5.28,settle,0.04327,0.03439,0.02626,0.05222,0.03,-11.27,0.21,0.307,0.0495,-0.126,0.0,0.0,0,0.0,0.0
7,264,5.28,settle,0.01255,0.00763,0.00997,0.03906,0.03,-18.25,1.81,0.3138,0.0401,0.951,0.0,0.0,0,0.0,0.0
0,265,5.3,settle,0.01277,0.00819,0.0098,0.03711,0.03,-18.53,1.94,0.3127,0.037,0.141,0.0,0.0,0,0.0,0.0
1,265,5.3,settle,0.05824,0.05142,0.02734,0.06356,0.03,-9.63,0.29,0.305,0.0415,0.048,0.0,0.0,0,0.0,0.0
2,265,5.3,settle,0.06054,0.05196,0.03107,0.06713,0.03,-10.54,0.6,0.3059,0.0375,-0.553,0.0,0.0,0,0.0,0.0
3,265,5.3,settle,0.04667,0.041,0.0223,0.05347,0.03,-11.7,0.33,0.3073,0.0331,-0.101,0.0,0.0,0,0.0,0.0
4,265,5.3,settle,0.06726,0.05688,0.0359,0.07237,0.03,-10.75,0.14,0.3096,0.0305,-0.656,0.0,0.0,0,0.0,0.0
5,265,5.3,settle,0.04861,0.04249,0.02363,0.05652,0.03,-10.61,0.45,0.3054,0.04,0.238,0.0,0.0,0,0.0,0.0
6,265,5.3,settle,0.04322,0.03418,0.02646,0.05164,0.03,-11.3,0.28,0.3069,0.0493,-0.131,0.0,0.0,0,0.0,0.0
7,265,5.3,settle,0.01269,0.00733,0.01035,0.03881,0.03,-18.19,1.73,0.3138,0.0402,0.941,0.0,0.0,0,0.0,0.0
0,266,5.32,settle,0.0141,0.00872,0.01108,0.03814,0.03,-18.46,1.72,0.3126,0.0371,0.123,0.0,0.0,0,0.0,0.0
1,266,5.32,settle,0.05844,0.05103,0.02849,0.06244,0.03,-9.54,0.41,0.3049,0.0415,0.048,0.0,0.0,0,0.0,0.0
2,266,5.32,settle,0.06296,0.05416,0.03211,0.06973,0.03,-10.13,0.42,0.3058,0.0374,-0.589,0.0,0.0,0,0.0,0.0
3,266,5.32,settle,0.04676,0.04106,0.02238,0.05375,0.03,-11.67,0.32,0.3071,0.0329,-0.135,0.0,0.0,0,0.0,0.0
4,266,5.32,settle,0.06621,0.05579,0.03566,0.07103,0.03,-10.95,0.13,0.3097,0.0302,-0.681,0.0,0.0,0,0.0,0.0
5,266,5.32,settle,0.04804,0.04197,0.02339,0.05644,0.03,-10.68,0.41,0.3053,0.0399,0.214,0.0,0.0,0,0.0,0.0
6,266,5.32,settle,0.04298,0.03402,0.02627,0.05088,0.03,-11.37,0.33,0.3067,0.0491,-0.14,0.0,0.0,0,0.0,0.0
7,266,5.32,settle,0.01235,0.00673,0.01036,0.0379,0.03,-18.1,1.56,0.3138,0.0403,0.943,0.0,0.0,0,0.0,0.0
0,267,5.34,settle,0.01477,0.00836,0.01218,0.0382,0.03,-18.45,1.62,0.3126,0.0373,0.118,0.0,0.0,0,0.0,0.0
1,267,5.34,settle,0.06069,0.05262,0.03025,0.06478,0.03,-9.01,0.19,0.3048,0.0415,0.011,0.0,0.0,0,0.0,0.0
2,267,5.34,settle,0.06226,0.05385,0.03125,0.0698,0.03,-10.2,0.31,0.3057,0.0374,-0.622,0.0,0.0,0,0.0,0.0
3,267,5.34,settle,0.04671,0.04104,0.0223,0.05394,0.03,-11.66,0.33,0.307,0.0327,-0.169,0.0,0.0,0,0.0,0.0
4,267,5.34,settle,0.06681,0.0561,0.03629,0.07172,0.03,-10.88,0.24,0.3097,0.0299,-0.725,0.0,0.0,0,0.0,0.0
5,267,5.34,settle,0.04836,0.04216,0.02369,0.05627,0.03,-10.66,0.51,0.3051,0.0398,0.201,0.0,0.0,0,0.0,0.0
6,267,5.34,settle,0.0425,0.03389,0.02565,0.04945,0.03,-11.49,0.43,0.3066,0.0489,-0.14,0.0,0.0,0,0.0,0.0
7,267,5.34,settle,0.01254,0.00759,0.00998,0.03847,0.03,-18.13,1.15,0.3137,0.0403,0.936,0.0,0.0,0,0.0,0.0
0,268,5.36,settle,0.01495,0.00794,0.01266,0.03738,0.03,-18.38,1.52,0.3126,0.0373,0.12,0.0,0.0,0,0.0,0.0
1,268,5.36,settle,0.06137,0.05308,0.0308,0.06705,0.03,-8.8,0.1,0.3047,0.0414,-0.053,0.0,0.0,0,0.0,0.0
2,268,5.36,settle,0.06196,0.05332,0.03157,0.06853,0.03,-10.32,0.53,0.3056,0.0373,-0.623,0.0,0.0,0,0.0,0.0
3,268,5.36,settle,0.04653,0.04088,0.02223,0.05399,0.03,-11.66,0.34,0.3069,0.0325,-0.202,0.0,0.0,0,0.0,0.0
4,268,5.36,settle,0.06718,0.05659,0.03622,0.07183,0.03,-10.83,0.36,0.3098,0.0296,-0.757,0.0,0.0,0,0.0,0.0
5,268,5.36,settle,0.04901,0.04277,0.02392,0.05682,0.03,-10.53,0.49,0.305,0.0397,0.182,0.0,0.0,0,0.0,0.0
6,268,5.36,settle,0.04364,0.03491,0.02618,0.04933,0.03,-11.35,0.48,0.3065,0.0488,-0.144,0.0,0.0,0,0.0,0.0
7,268,5.36,settle,0.01338,0.01005,0.00884,0.04053,0.03,-18.17,0.97,0.3137,0.0404,0.899,0.0,0.0,0,0.0,0.0
0,269,5.38,settle,0.01527,0.00854,0.01266,0.03728,0.03,-18.25,1.21,0.3126,0.0374,0.12,0.0,0.0,0,0.0,0.0
1,269,5.38,settle,0.05815,0.05041,0.02897,0.06423,0.03,-9.43,0.07,0.3046,0.0413,-0.079,0.0,0.0,0,0.0,0.0
2,269,5.38,settle,0.06375,0.0549,0.03239,0.0703,0.03,-9.98,0.4,0.3054,0.0373,-0.651,0.0,0.0,0,0.0,0.0
3,269,5.38,settle,0.0465,0.0408,0.0223,0.05403,0.03,-11.68,0.39,0.3068,0.0323,-0.237,0.0,0.0,0,0.0,0.0
4,269,5.38,settle,0.06767,0.05715,0.03625,0.07238,0.03,-10.76,0.4,0.3098,0.0294,-0.795,0.0,0.0,0,0.0,0.0
5,269,5.38,settle,0.04882,0.04267,0.02372,0.05687,0.03,-10.53,0.45,0.3049,0.0396,0.161,0.0,0.0,0,0.0,0.0
6,269,5.38,settle,0.04438,0.03538,0.02679,0.05029,0.03,-11.24,0.36,0.3064,0.0486,-0.174,0.0,0.0,0,0.0,0.0
7,269,5.38,settle,0.01093,0.00774,0.00771,0.03784,0.03,-18.13,1.52,0.3136,0.0405,0.901,0.0,0.0,0,0.0,0.0
0,270,5.4,settle,0.01559,0.01026,0.01173,0.03921,0.03,-18.22,0.94,0.3125,0.0374,0.091,0.0,0.0,0,0.0,0.0
1,270,5.4,settle,0.0564,0.04923,0.02754,0.06,0.03,-9.99,0.66,0.3045,0.0411,-0.064,0.0,0.0,0,0.0,0.0
2,270,5.4,settle,0.0637,0.05514,0.0319,0.07014,0.03,-9.95,0.34,0.3052,0.0372,-0.676,0.0,0.0,0,0.0,0.0
3,270,5.4,settle,0.04645,0.04068,0.02242,0.05386,0.03,-11.7,0.45,0.3066,0.0321,-0.268,0.0,0.0,0,0.0,0.0
4,270,5.4,settle,0.06725,0.05697,0.03572,0.07164,0.03,-10.84,0.51,0.3099,0.0291,-0.821,0.0,0.0,0,0.0,0.0
5,270,5.4,settle,0.04812,0.04192,0.02363,0.05604,0.03,-10.64,0.52,0.3048,0.0396,0.148,0.0,0.0,0,0.0,0.0
6,270,5.4,settle,0.04302,0.03449,0.02571,0.04854,0.03,-11.48,0.47,0.3063,0.0484,-0.176,0.0,0.0,0,0.0,0.0
7,270,5.4,settle,0.0096,0.00475,0.00834,0.03563,0.03,-18.27,1.78,0.3135,0.0406,0.902,0.0,0.0,0,0.0,0.0
0,271,5.42,settle,0.01533,0.0107,0.01098,0.04018,0.03,-18.36,0.97,0.3125,0.0375,0.072,0.0,0.0,0,0.0,0.0
1,271,5.42,settle,0.05728,0.04984,0.02823,0.06041,0.03,-9.7,0.59,0.3045,0.0411,-0.086,0.0,0.0,0,0.0,0.0
2,271,5.42,settle,0.06318,0.05504,0.03101,0.06943,0.03,-10.07,0.31,0.3051,0.0371,-0.709,0.0,0.0,0,0.0,0.0
3,271,5.42,settle,0.04635,0.04055,0.02246,0.05352,0.03,-11.7,0.49,0.3065,0.032,-0.294,0.0,0.0,0,0.0,0.0
4,271,5.42,settle,0.06763,0.05728,0.03595,0.07192,0.03,-10.8,0.54,0.31,0.0288,-0.857,0.0,0.0,0,0.0,0.0
5,271,5.42,settle,0.04803,0.04168,0.02388,0.05569,0.03,-10.64,0.56,0.3047,0.0396,0.134,0.0,0.0,0,0.0,0.0
6,271,5.42,settle,0.04421,0.03553,0.02632,0.0482,0.03,-11.38,0.65,0.3063,0.0483,-0.171,0.0,0.0,0,0.0,0.0
7,271,5.42,settle,0.00961,0.00153,0.00948,0.033,0.03,-18.66,1.9,0.3135,0.0408,0.906,0.0,0.0,0,0.0,0.0
0,272,5.44,settle,0.01327,0.00803,0.01057,0.03841,0.03,-18.74,1.16,0.3125,0.0375,0.081,0.0,0.0,0,0.0,0.0
1,272,5.44,settle,0.05922,0.05131,0.02957,0.06207,0.03,-9.29,0.48,0.3045,0.0411,-0.111,0.0,0.0,0,0.0,0.0
2,272,5.44,settle,0.06205,0.05457,0.02954,0.06711,0.03,-10.38,0.48,0.3049,0.0371,-0.732,0.0,0.0,0,0.0,0.0
3,272,5.44,settle,0.04639,0.04062,0.0224,0.05348,0.03,-11.68,0.47,0.3064,0.0318,-0.324,0.0,0.0,0,0.0,0.0
4,272,5.44,settle,0.06762,0.05727,0.03594,0.07171,0.03,-10.82,0.59,0.3101,0.0286,-0.887,0.0,0.0,0,0.0,0.0
5,272,5.44,settle,0.04853,0.04218,0.024,0.05646,0.03,-10.53,0.49,0.3046,0.0395,0.108,0.0,0.0,0,0.0,0.0
6,272,5.44,settle,0.04577,0.03653,0.02758,0.04987,0.03,-11.14,0.54,0.3062,0.0482,-0.199,0.0,0.0,0,0.0,0.0
7,272,5.44,settle,0.0103,0.0022,0.01006,0.03286,0.03,-18.76,1.81,0.3135,0.041,0.882,0.0,0.0,0,0.0,0.0
0,273,5.46,settle,0.01146,0.0059,0.00983,0.03677,0.03,-19.02,1.41,0.3125,0.0376,0.077,0.0,0.0,0,0.0,0.0
1,273,5.46,settle,0.06017,0.05193,0.0304,0.06422,0.03,-9.05,0.24,0.3044,0.041,-0.161,0.0,0.0,0,0.0,0.0
2,273,5.46,settle,0.06278,0.05562,0.02911,0.06616,0.03,-10.34,0.54,0.3048,0.037,-0.751,0.0,0.0,0,0.0,0.0
3,273,5.46,settle,0.04634,0.04064,0.02226,0.0535,0.03,-11.67,0.46,0.3063,0.0317,-0.356,0.0,0.0,0,0.0,0.0
4,273,5.46,settle,0.06775,0.05739,0.03601,0.07177,0.03,-10.82,0.62,0.3102,0.0284,-0.918,0.0,0.0,0,0.0,0.0
5,273,5.46,settle,0.04797,0.04184,0.02347,0.05628,0.03,-10.62,0.49,0.3045,0.0395,0.086,0.0,0.0,0,0.0,0.0
6,273,5.46,settle,0.04489,0.0357,0.02722,0.04994,0.03,-11.25,0.46,0.3062,0.048,-0.223,0.0,0.0,0,0.0,0.0
7,273,5.46,settle,0.01051,0.00311,0.01004,0.03493,0.03,-18.63,1.63,0.3134,0.0411,0.844,0.0,0.0,0,0.0,0.0
0,274,5.48,settle,0.01072,0.00606,0.00884,0.03686,0.03,-19.11,1.5,0.3124,0.0377,0.057,0.0,0.0,0,0.0,0.0
1,274,5.48,settle,0.05738,0.04968,0.02871,0.0616,0.03,-9.53,0.31,0.3045,0.0409,-0.173,0.0,0.0,0,0.0,0.0
2,274,5.48,settle,0.06481,0.05789,0.02915,0.06563,0.03,-10.14,0.63,0.3047,0.037,-0.746,0.0,0.0,0,0.0,0.0
3,274,5.48,settle,0.0461,0.04039,0.02222,0.05355,0.03,-11.7,0.45,0.3062,0.0315,-0.391,0.0,0.0,0,0.0,0.0
4,274,5.48,settle,0.06751,0.05722,0.03583,0.07155,0.03,-10.88,0.65,0.3103,0.0281,-0.95,0.0,0.0,0,0.0,0.0
5,274,5.48,settle,0.0471,0.04095,0.02327,0.05498,0.03,-10.78,0.63,0.3045,0.0395,0.078,0.0,0.0,0,0.0,0.0
6,274,5.48,settle,0.044,0.03535,0.0262,0.04821,0.03,-11.46,0.72,0.3063,0.0479,-0.213,0.0,0.0,0,0.0,0.0
7,274,5.48,settle,0.01125,0.0052,0.00997,0.03699,0.03,-18.52,1.52,0.3134,0.0412,0.827,0.0,0.0,0,0.0,0.0
0,275,5.5,settle,0.01085,0.0074,0.00794,0.03805,0.03,-19.16,1.54,0.3123,0.0377,0.034,0.0,0.0,0,0.0,0.0
1,275,5.5,settle,0.05722,0.04983,0.02813,0.05986,0.03,-9.78,0.65,0.3045,0.0408,-0.175,0.0,0.0,0,0.0,0.0
2,275,5.5,settle,0.06787,0.06026,0.03121,0.06982,0.03,-9.37,0.06,0.3046,0.037,-0.815,0.0,0.0,0,0.0,0.0
3,275,5.5,settle,0.04609,0.0403,0.02236,0.05331,0.03,-11.73,0.52,0.3061,0.0314,-0.42,0.0,0.0,0,0.0,0.0
4,275,5.5,settle,0.06676,0.05636,0.03577,0.07107,0.03,-11.06,0.69,0.3104,0.028,-0.988,0.0,0.0,0,0.0,0.0
5,275,5.5,settle,0.04708,0.04072,0.02364,0.05447,0.03,-10.77,0.68,0.3044,0.0395,0.07,0.0,0.0,0,0.0,0.0
6,275,5.5,settle,0.04568,0.03667,0.02723,0.04917,0.03,-11.24,0.78,0.3063,0.0478,-0.217,0.0,0.0,0,0.0,0.0
7,275,5.5,settle,0.01202,0.00632,0.01022,0.03812,0.03,-18.52,1.51,0.3134,0.0413,0.823,0.0,0.0,0,0.0,0.0
0,276,5.52,settle,0.01146,0.00858,0.0076,0.03932,0.03,-19.27,1.66,0.3122,0.0378,0.013,0.0,0.0,0,0.0,0.0
1,276,5.52,settle,0.05739,0.05009,0.02802,0.0597,0.03,-9.68,0.63,0.3045,0.0407,-0.194,0.0,0.0,0,0.0,0.0
2,276,5.52,settle,0.06539,0.05764,0.03087,0.06641,0.03,-9.81,0.2,0.3046,0.037,-0.821,0.0,0.0,0,0.0,0.0
3,276,5.52,settle,0.04607,0.04029,0.02234,0.05307,0.03,-11.72,0.55,0.3061,0.0313,-0.445,0.0,0.0,0,0.0,0.0
4,276,5.52,settle,0.06492,0.05437,0.03546,0.06933,0.03,-11.52,0.9,0.3106,0.0278,-1.029,0.0,0.0,0,0.0,0.0
5,276,5.52,settle,0.04823,0.04181,0.02403,0.05584,0.03,-10.57,0.56,0.3043,0.0395,0.043,0.0,0.0,0,0.0,0.0
6,276,5.52,settle,0.04642,0.03699,0.02804,0.05077,0.03,-11.09,0.65,0.3064,0.0478,-0.245,0.0,0.0,0,0.0,0.0
7,276,5.52,settle,0.01224,0.00632,0.01048,0.03814,0.03,-18.62,1.56,0.3135,0.0414,0.824,0.0,0.0,0,0.0,0.0
0,277,5.54,settle,0.01075,0.00751,0.00769,0.03845,0.03,-19.46,2.0,0.3122,0.0379,0.009,0.0,0.0,0,0.0,0.0
1,277,5.54,settle,0.05812,0.05039,0.02897,0.06056,0.03,-9.56,0.59,0.3046,0.0407,-0.227,0.0,0.0,0,0.0,0.0
2,277,5.54,settle,0.06692,0.05826,0.03293,0.068,0.03,-9.4,0.11,0.3047,0.037,-0.852,0.0,0.0,0,0.0,0.0
3,277,5.54,settle,0.04618,0.04047,0.02225,0.05305,0.03,-11.69,0.53,0.306,0.0312,-0.472,0.0,0.0,0,0.0,0.0
4,277,5.54,settle,0.06076,0.04951,0.03522,0.0648,0.03,-12.34,1.18,0.3108,0.0276,-1.05,0.0,0.0,0,0.0,0.0
5,277,5.54,settle,0.04742,0.04134,0.02324,0.05555,0.03,-10.68,0.53,0.3043,0.0395,0.023,0.0,0.0,0,0.0,0.0
6,277,5.54,settle,0.04434,0.03534,0.02678,0.04924,0.03,-11.45,0.5,0.3066,0.0477,-0.246,0.0,0.0,0,0.0,0.0
7,277,5.54,settle,0.01248,0.00679,0.01047,0.03859,0.03,-18.61,1.56,0.3135,0.0416,0.81,0.0,0.0,0,0.0,0.0
0,278,5.56,settle,0.00905,0.00415,0.00804,0.03535,0.03,-19.5,2.23,0.3121,0.038,0.031,0.0,0.0,0,0.0,0.0
1,278,5.56,settle,0.05744,0.04958,0.029,0.06034,0.03,-9.66,0.56,0.3047,0.0407,-0.251,0.0,0.0,0,0.0,0.0
2,278,5.56,settle,0.06896,0.06025,0.03355,0.07126,0.03,-8.79,0.1,0.3047,0.037,-0.908,0.0,0.0,0,0.0,0.0
3,278,5.56,settle,0.04613,0.04048,0.02212,0.05305,0.03,-11.68,0.5,0.3059,0.031,-0.5,0.0,0.0,0,0.0,0.0
4,278,5.56,settle,0.06066,0.04854,0.03639,0.06396,0.03,-12.54,1.38,0.311,0.0276,-1.07,0.0,0.0,0,0.0,0.0
5,278,5.56,settle,0.04668,0.04056,0.0231,0.05415,0.03,-10.83,0.68,0.3043,0.0395,0.023,0.0,0.0,0,0.0,0.0
6,278,5.56,settle,0.04497,0.03583,0.02718,0.04884,0.03,-11.43,0.76,0.3067,0.0476,-0.232,0.0,0.0,0,0.0,0.0
7,278,5.56,settle,0.01274,0.00752,0.01028,0.03926,0.03,-18.53,1.53,0.3135,0.0417,0.797,0.0,0.0,0,0.0,0.0
0,279,5.58,settle,0.00958,0.00473,0.00833,0.03594,0.03,-19.29,2.03,0.312,0.0381,0.014,0.0,0.0,0,0.0,0.0
1,279,5.58,settle,0.05625,0.04865,0.02823,0.05886,0.03,-9.92,0.68,0.3047,0.0407,-0.261,0.0,0.0,0,0.0,0.0
2,279,5.58,settle,0.0681,0.0601,0.03202,0.07139,0.03,-8.86,0.05,0.3048,0.0369,-0.949,0.0,0.0,0,0.0,0.0
3,279,5.58,settle,0.04583,0.04021,0.02199,0.05296,0.03,-11.71,0.49,0.3059,0.0309,-0.531,0.0,0.0,0,0.0,0.0
4,279,5.58,settle,0.06247,0.05018,0.0372,0.06669,0.03,-12.24,1.16,0.3111,0.0275,-1.114,0.0,0.0,0,0.0,0.0
5,279,5.58,settle,0.04759,0.04119,0.02384,0.05456,0.03,-10.67,0.68,0.3042,0.0395,0.013,0.0,0.0,0,0.0,0.0
6,279,5.58,settle,0.04602,0.03639,0.02817,0.05079,0.03,-11.22,0.62,0.3069,0.0477,-0.258,0.0,0.0,0,0.0,0.0
7,279,5.58,settle,0.01302,0.00815,0.01015,0.03981,0.03,-18.5,1.51,0.3136,0.0418,0.79,0.0,0.0,0,0.0,0.0
0,280,5.6,settle,0.0114,0.00717,0.00886,0.03804,0.03,-19.01,1.79,0.3119,0.0382,-0.006,0.0,0.0,0,0.0,0.0
1,280,5.6,settle,0.05602,0.04866,0.02776,0.05778,0.03,-10.08,0.82,0.3048,0.0406,-0.269,0.0,0.0,0,0.0,0.0
2,280,5.6,settle,0.06558,0.05789,0.03082,0.06807,0.03,-9.33,0.35,0.3049,0.0368,-0.947,0.0,0.0,0,0.0,0.0
3,280,5.6,settle,0.04577,0.0402,0.0219,0.05296,0.03,-11.73,0.52,0.3059,0.0309,-0.562,0.0,0.0,0,0.0,0.0
4,280,5.6,settle,0.06423,0.05236,0.0372,0.06931,0.03,-11.91,0.98,0.3113,0.0273,-1.141,0.0,0.0,0,0.0,0.0
5,280,5.6,settle,0.04848,0.04215,0.02394,0.05602,0.03,-10.5,0.52,0.3042,0.0396,-0.016,0.0,0.0,0,0.0,0.0
6,280,5.6,settle,0.04359,0.03433,0.02685,0.04936,0.03,-11.62,0.44,0.307,0.0476,-0.266,0.0,0.0,0,0.0,0.0
7,280,5.6,settle,0.01325,0.00862,0.01006,0.04023,0.03,-18.51,1.5,0.3136,0.0419,0.783,0.0,0.0,0,0.0,0.0
0,281,5.62,settle,0.01222,0.00733,0.00977,0.03824,0.03,-18.88,1.7,0.3119,0.0383,0.004,0.0,0.0,0,0.0,0.0
1,281,5.62,settle,0.05575,0.0485,0.02749,0.0576,0.03,-10.12,0.77,0.3049,0.0406,-0.295,0.0,0.0,0,0.0,0.0
2,281,5.62,settle,0.06434,0.05599,0.0317,0.06626,0.03,-9.59,0.57,0.305,0.0368,-0.967,0.0,0.0,0,0.0,0.0
3,281,5.62,settle,0.04581,0.04032,0.02173,0.05277,0.03,-11.73,0.57,0.3058,0.0308,-0.586,0.0,0.0,0,0.0,0.0
4,281,5.62,settle,0.06333,0.05241,0.03554,0.06855,0.03,-11.99,0.99,0.3115,0.0272,-1.148,0.0,0.0,0,0.0,0.0
5,281,5.62,settle,0.04715,0.04118,0.02296,0.05497,0.03,-10.72,0.56,0.3042,0.0396,-0.027,0.0,0.0,0,0.0,0.0
6,281,5.62,settle,0.0437,0.03455,0.02677,0.0489,0.03,-11.72,0.73,0.3072,0.0477,-0.264,0.0,0.0,0,0.0,0.0
7,281,5.62,settle,0.01343,0.00911,0.00987,0.04063,0.03,-18.51,1.48,0.3136,0.0421,0.776,0.0,0.0,0,0.0,0.0
0,282,5.64,settle,0.01202,0.00637,0.0102,0.03734,0.03,-18.86,1.59,0.3119,0.0384,0.019,0.0,0.0,0,0.0,0.0
1,282,5.64,settle,0.05527,0.04834,0.0268,0.05636,0.03,-10.3,0.88,0.305,0.0405,-0.303,0.0,0.0,0,0.0,0.0
2,282,5.64,settle,0.0643,0.05535,0.03272,0.06725,0.03,-9.58,0.5,0.3051,0.0368,-1.019,0.0,0.0,0,0.0,0.0
3,282,5.64,settle,0.04581,0.04044,0.02153,0.05237,0.03,-11.71,0.58,0.3058,0.0307,-0.605,0.0,0.0,0,0.0,0.0
4,282,5.64,settle,0.06411,0.05327,0.03566,0.06892,0.03,-11.89,1.03,0.3116,0.0272,-1.162,0.0,0.0,0,0.0,0.0
5,282,5.64,settle,0.04617,0.04013,0.02284,0.05342,0.03,-10.88,0.69,0.3042,0.0396,-0.026,0.0,0.0,0,0.0,0.0
6,282,5.64,settle,0.04099,0.03143,0.0263,0.04726,0.03,-12.21,0.63,0.3074,0.0478,-0.279,0.0,0.0,0,0.0,0.0
7,282,5.64,settle,0.01355,0.00957,0.0096,0.04099,0.03,-18.49,1.45,0.3136,0.0422,0.77,0.0,0.0,0,0.0,0.0
0,283,5.66,settle,0.01232,0.00721,0.00998,0.03755,0.03,-18.72,1.23,0.3119,0.0385,0.02,0.0,0.0,0,0.0,0.0
1,283,5.66,settle,0.0558,0.04881,0.02704,0.05726,0.03,-10.2,0.78,0.3051,0.0405,-0.334,0.0,0.0,0,0.0,0.0
2,283,5.66,settle,0.06297,0.05418,0.03209,0.06677,0.03,-9.8,0.59,0.3053,0.0367,-1.046,0.0,0.0,0,0.0,0.0
3,283,5.66,settle,0.04594,0.04067,0.02137,0.05252,0.03,-11.68,0.53,0.3057,0.0306,-0.634,0.0,0.0,0,0.0,0.0
4,283,5.66,settle,0.06465,0.05359,0.03617,0.07001,0.03,-11.84,0.91,0.3118,0.0272,-1.199,0.0,0.0,0,0.0,0.0
5,283,5.66,settle,0.04703,0.04075,0.02349,0.05415,0.03,-10.73,0.64,0.3042,0.0397,-0.043,0.0,0.0,0,0.0,0.0
6,283,5.66,settle,0.03787,0.02724,0.0263,0.04495,0.03,-12.81,0.95,0.3077,0.0479,-0.288,0.0,0.0,0,0.0,0.0
7,283,5.66,settle,0.01348,0.00977,0.00929,0.04109,0.03,-18.51,1.41,0.3136,0.0423,0.767,0.0,0.0,0,0.0,0.0
0,284,5.68,settle,0.01293,0.0096,0.00866,0.0389,0.03,-18.5,1.14,0.3118,0.0385,-0.002,0.0,0.0,0,0.0,0.0
1,284,5.68,settle,0.05464,0.04803,0.02606,0.05577,0.03,-10.43,0.87,0.3052,0.0405,-0.341,0.0,0.0,0,0.0,0.0
2,284,5.68,settle,0.06102,0.05245,0.03118,0.06482,0.03,-10.14,0.79,0.3054,0.0367,-1.046,0.0,0.0,0,0.0,0.0
3,284,5.68,settle,0.0456,0.04043,0.02109,0.05228,0.03,-11.72,0.53,0.3057,0.0306,-0.661,0.0,0.0,0,0.0,0.0
4,284,5.68,settle,0.06293,0.05194,0.03554,0.06823,0.03,-12.13,0.95,0.312,0.0272,-1.209,0.0,0.0,0,0.0,0.0
5,284,5.68,settle,0.04707,0.04102,0.02308,0.05505,0.03,-10.69,0.52,0.3041,0.0397,-0.071,0.0,0.0,0,0.0,0.0
6,284,5.68,settle,0.03799,0.02631,0.0274,0.04549,0.03,-12.89,1.15,0.3079,0.0481,-0.295,0.0,0.0,0,0.0,0.0
7,284,5.68,settle,0.01333,0.00994,0.00888,0.04115,0.03,-18.53,1.39,0.3135,0.0424,0.762,0.0,0.0,0,0.0,0.0
0,285,5.7,settle,0.0114,0.00883,0.00721,0.03666,0.03,-18.38,1.49,0.3118,0.0385,0.007,0.0,0.0,0,0.0,0.0
1,285,5.7,settle,0.05518,0.0484,0.0265,0.05613,0.03,-10.37,0.89,0.3053,0.0405,-0.354,0.0,0.0,0,0.0,0.0
2,285,5.7,settle,0.06118,0.05268,0.0311,0.0651,0.03,-10.14,0.85,0.3055,0.0367,-1.062,0.0,0.0,0,0.0,0.0
3,285,5.7,settle,0.04501,0.03983,0.02095,0.05175,0.03,-11.82,0.56,0.3057,0.0305,-0.686,0.0,0.0,0,0.0,0.0
4,285,5.7,settle,0.06383,0.05262,0.03612,0.06882,0.03,-12.04,0.95,0.3121,0.0272,-1.224,0.0,0.0,0,0.0,0.0
5,285,5.7,settle,0.04617,0.04039,0.02237,0.05396,0.03,-10.86,0.64,0.3041,0.0398,-0.075,0.0,0.0,0,0.0,0.0
6,285,5.7,settle,0.03863,0.027,0.02763,0.0471,0.03,-12.78,1.16,0.3081,0.0482,-0.303,0.0,0.0,0,0.0,0.0
7,285,5.7,settle,0.01331,0.01032,0.00839,0.0414,0.03,-18.55,1.37,0.3135,0.0425,0.752,0.0,0.0,0,0.0,0.0
0,286,5.72,settle,0.0104,0.00668,0.00797,0.03465,0.03,-18.51,1.48,0.3118,0.0386,0.013,0.0,0.0,0,0.0,0.0
1,286,5.72,settle,0.05488,0.04808,0.02647,0.05603,0.03,-10.41,0.86,0.3055,0.0405,-0.374,0.0,0.0,0,0.0,0.0
2,286,5.72,settle,0.06088,0.05267,0.03055,0.0654,0.03,-10.14,0.8,0.3057,0.0366,-1.082,0.0,0.0,0,0.0,0.0
3,286,5.72,settle,0.04489,0.03973,0.0209,0.05136,0.03,-11.86,0.62,0.3057,0.0305,-0.709,0.0,0.0,0,0.0,0.0
4,286,5.72,settle,0.0648,0.05382,0.03609,0.07033,0.03,-11.87,0.78,0.3122,0.0272,-1.258,0.0,0.0,0,0.0,0.0
5,286,5.72,settle,0.04608,0.0402,0.02253,0.05302,0.03,-10.87,0.75,0.3041,0.0399,-0.07,0.0,0.0,0,0.0,0.0
6,286,5.72,settle,0.03483,0.02449,0.02476,0.04482,0.03,-13.37,1.01,0.3083,0.0483,-0.297,0.0,0.0,0,0.0,0.0
7,286,5.72,settle,0.01309,0.01035,0.00801,0.04133,0.03,-18.63,1.39,0.3134,0.0426,0.747,0.0,0.0,0,0.0,0.0
0,287,5.74,settle,0.00934,0.00274,0.00893,0.03252,0.03,-18.95,1.51,0.3119,0.0387,0.007,0.0,0.0,0,0.0,0.0
1,287,5.74,settle,0.05429,0.04771,0.02592,0.05516,0.03,-10.55,0.91,0.3056,0.0404,-0.379,0.0,0.0,0,0.0,0.0
2,287,5.74,settle,0.05952,0.05142,0.02998,0.06423,0.03,-10.35,0.86,0.3058,0.0366,-1.088,0.0,0.0,0,0.0,0.0
3,287,5.74,settle,0.045,0.04,0.02062,0.05133,0.03,-11.83,0.62,0.3057,0.0305,-0.731,0.0,0.0,0,0.0,0.0
4,287,5.74,settle,0.06334,0.05287,0.03488,0.06872,0.03,-12.07,0.83,0.3124,0.0272,-1.265,0.0,0.0,0,0.0,0.0
5,287,5.74,settle,0.04797,0.04192,0.02332,0.05484,0.03,-10.55,0.62,0.3041,0.04,-0.09,0.0,0.0,0,0.0,0.0
6,287,5.74,settle,0.03547,0.02563,0.02452,0.04369,0.03,-13.31,1.28,0.3085,0.0486,-0.268,0.0,0.0,0,0.0,0.0
7,287,5.74,settle,0.01248,0.00981,0.00771,0.04071,0.03,-18.75,1.45,0.3134,0.0427,0.746,0.0,0.0,0,0.0,0.0
0,288,5.76,settle,0.00906,0.00142,0.00894,0.03108,0.03,-19.14,1.56,0.3119,0.0388,-0.004,0.0,0.0,0,0.0,0.0
1,288,5.76,settle,0.05466,0.048,0.02614,0.05572,0.03,-10.49,0.88,0.3057,0.0404,-0.393,0.0,0.0,0,0.0,0.0
2,288,5.76,settle,0.0585,0.0504,0.0297,0.06343,0.03,-10.5,0.89,0.306,0.0366,-1.097,0.0,0.0,0,0.0,0.0
3,288,5.76,settle,0.04508,0.04022,0.02036,0.05146,0.03,-11.79,0.59,0.3057,0.0304,-0.755,0.0,0.0,0,0.0,0.0
4,288,5.76,settle,0.0643,0.05368,0.03539,0.0695,0.03,-11.94,0.81,0.3124,0.0272,-1.284,0.0,0.0,0,0.0,0.0
5,288,5.76,settle,0.04775,0.042,0.02271,0.05559,0.03,-10.55,0.47,0.3041,0.04,-0.116,0.0,0.0,0,0.0,0.0
6,288,5.76,settle,0.03797,0.02787,0.02579,0.04642,0.03,-12.82,0.98,0.3087,0.0489,-0.268,0.0,0.0,0,0.0,0.0
7,288,5.76,settle,0.01159,0.00898,0.00733,0.03975,0.03,-18.83,1.51,0.3133,0.0428,0.747,0.0,0.0,0,0.0,0.0
0,289,5.78,settle,0.00878,0.00206,0.00853,0.03241,0.03,-19.08,1.48,0.3119,0.0388,-0.034,0.0,0.0,0,0.0,0.0
1,289,5.78,settle,0.05445,0.04787,0.02596,0.05564,0.03,-10.55,0.88,0.3058,0.0404,-0.408,0.0,0.0,0,0.0,0.0
2,289,5.78,settle,0.05803,0.05013,0.02922,0.06371,0.03,-10.55,0.82,0.3061,0.0366,-1.119,0.0,0.0,0,0.0,0.0
3,289,5.78,settle,0.04473,0.03994,0.02012,0.05133,0.03,-11.83,0.56,0.3056,0.0304,-0.779,0.0,0.0,0,0.0,0.0
4,289,5.78,settle,0.06483,0.05417,0.03562,0.07027,0.03,-11.86,0.72,0.3125,0.0272,-1.311,0.0,0.0,0,0.0,0.0
5,289,5.78,settle,0.04633,0.04072,0.02209,0.05381,0.03,-10.81,0.64,0.3041,0.0401,-0.114,0.0,0.0,0,0.0,0.0
6,289,5.78,settle,0.03744,0.02776,0.02512,0.04799,0.03,-12.85,0.61,0.3088,0.0492,-0.293,0.0,0.0,0,0.0,0.0
7,289,5.78,settle,0.01136,0.00911,0.00678,0.03976,0.03,-18.84,1.5,0.3132,0.0429,0.736,0.0,0.0,0,0.0,0.0
0,290,5.8,settle,0.00909,0.00348,0.0084,0.03384,0.03,-18.99,1.45,0.3118,0.0388,-0.046,0.0,0.0,0,0.0,0.0
1,290,5.8,settle,0.05396,0.04756,0.02548,0.05542,0.03,-10.66,0.87,0.3059,0.0403,-0.425,0.0,0.0,0,0.0,0.0
2,290,5.8,settle,0.05791,0.05031,0.02869,0.06441,0.03,-10.59,0.79,0.3062,0.0366,-1.142,0.0,0.0,0,0.0,0.0
3,290,5.8,settle,0.04455,0.03976,0.02008,0.05141,0.03,-11.87,0.57,0.3056,0.0304,-0.809,0.0,0.0,0,0.0,0.0
4,290,5.8,settle,0.06378,0.0533,0.03503,0.06903,0.03,-12.01,0.76,0.3125,0.0273,-1.321,0.0,0.0,0,0.0,0.0
5,290,5.8,settle,0.04674,0.04089,0.02265,0.05327,0.03,-10.74,0.74,0.3041,0.0402,-0.109,0.0,0.0,0,0.0,0.0
6,290,5.8,settle,0.03483,0.02586,0.02332,0.04566,0.03,-13.26,0.71,0.309,0.0494,-0.271,0.0,0.0,0,0.0,0.0
7,290,5.8,settle,0.01074,0.00873,0.00626,0.03924,0.03,-18.88,1.52,0.3131,0.0429,0.737,0.0,0.0,0,0.0,0.0
0,291,5.82,settle,0.00946,0.00378,0.00867,0.03464,0.03,-19.06,1.48,0.3119,0.0389,-0.048,0.0,0.0,0,0.0,0.0
1,291,5.82,settle,0.05384,0.0478,0.02479,0.0551,0.03,-10.78,0.95,0.306,0.0403,-0.436,0.0,0.0,0,0.0,0.0
2,291,5.82,settle,0.05764,0.0502,0.02832,0.06404,0.03,-10.69,0.89,0.3063,0.0366,-1.145,0.0,0.0,0,0.0,0.0
3,291,5.82,settle,0.04463,0.03985,0.02009,0.0513,0.03,-11.88,0.64,0.3056,0.0303,-0.832,0.0,0.0,0,0.0,0.0
4,291,5.82,settle,0.06468,0.05409,0.03546,0.06989,0.03,-11.88,0.72,0.3126,0.0273,-1.342,0.0,0.0,0,0.0,0.0
5,291,5.82,settle,0.04895,0.043,0.02337,0.05585,0.03,-10.36,0.53,0.304,0.0403,-0.138,0.0,0.0,0,0.0,0.0
6,291,5.82,settle,0.03575,0.02656,0.02393,0.04438,0.03,-13.16,0.95,0.3091,0.0498,-0.235,0.0,0.0,0,0.0,0.0
7,291,5.82,settle,0.01041,0.00866,0.00579,0.03899,0.03,-18.94,1.53,0.3129,0.043,0.734,0.0,0.0,0,0.0,0.0
0,292,5.84,settle,0.00936,0.00319,0.00881,0.03451,0.03,-19.23,1.56,0.3119,0.0389,-0.045,0.0,0.0,0,0.0,0.0
1,292,5.84,settle,0.05393,0.04813,0.02433,0.05448,0.03,-10.84,1.05,0.3061,0.0403,-0.433,0.0,0.0,0,0.0,0.0
2,292,5.84,settle,0.05722,0.04988,0.02804,0.06345,0.03,-10.74,0.9,0.3064,0.0367,-1.147,0.0,0.0,0,0.0,0.0
3,292,5.84,settle,0.04463,0.0399,0.02001,0.05092,0.03,-11.88,0.67,0.3056,0.0303,-0.847,0.0,0.0,0,0.0,0.0
4,292,5.84,settle,0.0646,0.05423,0.0351,0.06981,0.03,-11.87,0.7,0.3126,0.0274,-1.359,0.0,0.0,0,0.0,0.0
5,292,5.84,settle,0.04783,0.0423,0.02233,0.05574,0.03,-10.5,0.44,0.304,0.0403,-0.157,0.0,0.0,0,0.0,0.0
6,292,5.84,settle,0.03835,0.02848,0.02567,0.04727,0.03,-12.67,0.59,0.3092,0.0502,-0.242,0.0,0.0,0,0.0,0.0
7,292,5.84,settle,0.00983,0.00825,0.00536,0.03833,0.03,-19.03,1.56,0.3128,0.0431,0.736,0.0,0.0,0,0.0,0.0
0,293,5.86,settle,0.00898,0.00311,0.00842,0.0344,0.03,-19.31,1.63,0.3119,0.0389,-0.049,0.0,0.0,0,0.0,0.0
1,293,5.86,settle,0.05447,0.04839,0.02502,0.05568,0.03,-10.73,0.91,0.3062,0.0403,-0.458,0.0,0.0,0,0.0,0.0
2,293,5.86,settle,0.05709,0.04985,0.02781,0.06356,0.03,-10.74,0.81,0.3065,0.0367,-1.162,0.0,0.0,0,0.0,0.0
3,293,5.86,settle,0.04478,0.04009,0.01995,0.05089,0.03,-11.85,0.64,0.3056,0.0303,-0.867,0.0,0.0,0,0.0,0.0
4,293,5.86,settle,0.06406,0.05386,0.03468,0.0694,0.03,-11.93,0.69,0.3126,0.0274,-1.377,0.0,0.0,0,0.0,0.0
5,293,5.86,settle,0.04729,0.04163,0.02243,0.05393,0.03,-10.66,0.69,0.304,0.0404,-0.142,0.0,0.0,0,0.0,0.0
6,293,5.86,settle,0.03697,0.02756,0.02465,0.04777,0.03,-12.87,0.15,0.3092,0.0504,-0.266,0.0,0.0,0,0.0,0.0
7,293,5.86,settle,0.00988,0.0086,0.00487,0.03847,0.03,-19.09,1.55,0.3126,0.0432,0.73,0.0,0.0,0,0.0,0.0
0,294,5.88,settle,0.00916,0.00455,0.00795,0.03561,0.03,-19.28,1.61,0.3119,0.0389,-0.064,0.0,0.0,0,0.0,0.0
1,294,5.88,settle,0.05284,0.04681,0.02451,0.05406,0.03,-11.01,0.97,0.3063,0.0403,-0.462,0.0,0.0,0,0.0,0.0
2,294,5.88,settle,0.05659,0.04952,0.02739,0.06341,0.03,-10.83,0.77,0.3066,0.0367,-1.179,0.0,0.0,0,0.0,0.0
3,294,5.88,settle,0.04471,0.04006,0.01984,0.05093,0.03,-11.84,0.59,0.3056,0.0303,-0.89,0.0,0.0,0,0.0,0.0
4,294,5.88,settle,0.06357,0.05328,0.03467,0.06943,0.03,-12.06,0.69,0.3126,0.0275,-1.411,0.0,0.0,0,0.0,0.0
5,294,5.88,settle,0.04931,0.04359,0.02305,0.05579,0.03,-10.32,0.56,0.304,0.0405,-0.161,0.0,0.0,0,0.0,0.0
6,294,5.88,settle,0.03432,0.02611,0.02226,0.04443,0.03,-13.31,0.47,0.3092,0.0507,-0.247,0.0,0.0,0,0.0,0.0
7,294,5.88,settle,0.01084,0.00991,0.0044,0.03967,0.03,-19.15,1.55,0.3125,0.0433,0.713,0.0,0.0,0,0.0,0.0
0,295,5.9,settle,0.00982,0.00609,0.0077,0.03705,0.03,-19.31,1.63,0.3119,0.039,-0.075,0.0,0.0,0,0.0,0.0
1,295,5.9,settle,0.05311,0.04668,0.02532,0.05378,0.03,-11.06,1.06,0.3064,0.0403,-0.46,0.0,0.0,0,0.0,0.0
2,295,5.9,settle,0.05622,0.04925,0.02712,0.06289,0.03,-10.92,0.8,0.3066,0.0368,-1.188,0.0,0.0,0,0.0,0.0
3,295,5.9,settle,0.04441,0.03981,0.01969,0.05097,0.03,-11.87,0.56,0.3055,0.0303,-0.916,0.0,0.0,0,0.0,0.0
4,295,5.9,settle,0.06096,0.05062,0.03397,0.06699,0.03,-12.57,0.9,0.3126,0.0276,-1.435,0.0,0.0,0,0.0,0.0
5,295,5.9,settle,0.04858,0.04332,0.022,0.05585,0.03,-10.38,0.42,0.304,0.0406,-0.181,0.0,0.0,0,0.0,0.0
6,295,5.9,settle,0.03599,0.02791,0.02271,0.0434,0.03,-13.08,0.68,0.3091,0.051,-0.217,0.0,0.0,0,0.0,0.0
7,295,5.9,settle,0.01302,0.01235,0.00413,0.04214,0.03,-19.16,1.66,0.3123,0.0434,0.676,0.0,0.0,0,0.0,0.0
0,296,5.92,settle,0.011,0.00774,0.00781,0.03871,0.03,-19.39,1.75,0.3119,0.039,-0.093,0.0,0.0,0,0.0,0.0
1,296,5.92,settle,0.05361,0.04666,0.02639,0.05502,0.03,-10.94,0.92,0.3065,0.0403,-0.482,0.0,0.0,0,0.0,0.0
2,296,5.92,settle,0.0557,0.04883,0.02681,0.06225,0.03,-10.98,0.78,0.3066,0.0368,-1.197,0.0,0.0,0,0.0,0.0
3,296,5.92,settle,0.04445,0.03987,0.01965,0.05096,0.03,-11.89,0.6,0.3055,0.0302,-0.939,0.0,0.0,0,0.0,0.0
4,296,5.92,settle,0.05847,0.04779,0.03369,0.06338,0.03,-13.11,1.24,0.3127,0.0277,-1.436,0.0,0.0,0,0.0,0.0
5,296,5.92,settle,0.04705,0.04166,0.02187,0.05321,0.03,-10.65,0.64,0.304,0.0407,-0.166,0.0,0.0,0,0.0,0.0
6,296,5.92,settle,0.03882,0.0305,0.02403,0.04596,0.03,-12.5,0.34,0.309,0.0514,-0.217,0.0,0.0,0,0.0,0.0
7,296,5.92,settle,0.01242,0.01157,0.0045,0.04127,0.03,-19.12,2.08,0.3122,0.0435,0.675,0.0,0.0,0,0.0,0.0
0,297,5.94,settle,0.01125,0.00787,0.00804,0.03882,0.03,-19.41,1.98,0.3119,0.0391,-0.099,0.0,0.0,0,0.0,0.0
1,297,5.94,settle,0.05236,0.04563,0.02568,0.05422,0.03,-11.14,0.92,0.3066,0.0403,-0.49,0.0,0.0,0,0.0,0.0
2,297,5.94,settle,0.05517,0.04838,0.02651,0.06191,0.03,-11.05,0.72,0.3066,0.0368,-1.215,0.0,0.0,0,0.0,0.0
3,297,5.94,settle,0.04443,0.0399,0.01955,0.05071,0.03,-11.9,0.64,0.3055,0.0302,-0.956,0.0,0.0,0,0.0,0.0
4,297,5.94,settle,0.05962,0.04839,0.03482,0.06483,0.03,-12.96,1.09,0.3127,0.0278,-1.472,0.0,0.0,0,0.0,0.0
5,297,5.94,settle,0.04825,0.04235,0.02312,0.05411,0.03,-10.45,0.59,0.304,0.0408,-0.183,0.0,0.0,0,0.0,0.0
6,297,5.94,settle,0.03887,0.03098,0.02347,0.04762,0.03,-12.36,0.03,0.309,0.0516,-0.246,0.0,0.0,0,0.0,0.0
7,297,5.94,settle,0.00954,0.00787,0.00539,0.03723,0.03,-19.04,2.33,0.3121,0.0436,0.714,0.0,0.0,0,0.0,0.0
0,298,5.96,settle,0.00931,0.00465,0.00807,0.03588,0.03,-19.25,2.36,0.3119,0.0391,-0.079,0.0,0.0,0,0.0,0.0
1,298,5.96,settle,0.05256,0.04615,0.02515,0.05414,0.03,-11.27,1.03,0.3067,0.0403,-0.496,0.0,0.0,0,0.0,0.0
2,298,5.96,settle,0.05495,0.04825,0.02629,0.06195,0.03,-11.12,0.68,0.3066,0.0369,-1.237,0.0,0.0,0,0.0,0.0
3,298,5.96,settle,0.04438,0.03991,0.01941,0.05031,0.03,-11.9,0.64,0.3055,0.0302,-0.97,0.0,0.0,0,0.0,0.0
4,298,5.96,settle,0.05998,0.04906,0.03451,0.06574,0.03,-12.86,0.95,0.3127,0.0279,-1.496,0.0,0.0,0,0.0,0.0
5,298,5.96,settle,0.04949,0.0436,0.02341,0.05622,0.03,-10.22,0.39,0.3039,0.0409,-0.214,0.0,0.0,0,0.0,0.0
6,298,5.96,settle,0.03674,0.02957,0.0218,0.04561,0.03,-12.65,0.2,0.3089,0.0519,-0.24,0.0,0.0,0,0.0,0.0
7,298,5.96,settle,0.00889,0.00646,0.00611,0.03659,0.03,-18.78,2.09,0.3119,0.0437,0.705,0.0,0.0,0,0.0,0.0
0,299,5.98,settle,0.01039,0.00517,0.00901,0.03592,0.03,-18.91,2.1,0.3118,0.0392,-0.08,0.0,0.0,0,0.0,0.0
1,299,5.98,settle,0.0519,0.04539,0.02516,0.05365,0.03,-11.39,0.82,0.3068,0.0403,-0.496,0.0,0.0,0,0.0,0.0
2,299,5.98,settle,0.05478,0.04816,0.02611,0.06175,0.03,-11.17,0.7,0.3066,0.0369,-1.251,0.0,0.0,0,0.0,0.0
3,299,5.98,settle,0.04433,0.03993,0.01926,0.05031,0.03,-11.89,0.6,0.3055,0.0302,-0.992,0.0,0.0,0,0.0,0.0
4,299,5.98,settle,0.05957,0.04907,0.03378,0.06556,0.03,-12.87,0.91,0.3127,0.028,-1.507,0.0,0.0,0,0.0,0.0
5,299,5.98,settle,0.04736,0.04185,0.02216,0.05469,0.03,-10.53,0.44,0.3039,0.0409,-0.218,0.0,0.0,0,0.0,0.0
6,299,5.98,settle,0.03713,0.02956,0.02248,0.04458,0.03,-12.6,0.44,0.3088,0.0522,-0.222,0.0,0.0,0,0.0,0.0
7,299,5.98,settle,0.00922,0.0065,0.00653,0.03728,0.03,-18.53,1.7,0.3118,0.0437,0.7,0.0,0.0,0,0.0,0.0
0,300,6.0,settle,0.01158,0.00541,0.01024,0.03592,0.03,-18.76,1.66,0.3119,0.0392,-0.069,0.0,0.0,0,0.0,0.0
1,300,6.0,settle,0.0497,0.04236,0.026,0.05188,0.03,-11.77,0.93,0.307,0.0405,-0.504,0.0,0.0,0,0.0,0.0
2,300,6.0,settle,0.05443,0.04785,0.02593,0.06108,0.03,-11.23,0.72,0.3066,0.037,-1.259,0.0,0.0,0,0.0,0.0
3,300,6.0,settle,0.04408,0.03972,0.0191,0.05046,0.03,-11.91,0.56,0.3055,0.0302,-1.018,0.0,0.0,0,0.0,0.0
4,300,6.0,settle,0.06,0.04933,0.03416,0.06588,0.03,-12.81,0.9,0.3127,0.0282,-1.517,0.0,0.0,0,0.0,0.0
5,300,6.0,settle,0.04727,0.04152,0.02261,0.05302,0.03,-10.61,0.72,0.304,0.041,-0.2,0.0,0.0,0,0.0,0.0
6,300,6.0,settle,0.03803,0.0296,0.02388,0.04619,0.03,-12.42,0.3,0.3087,0.0526,-0.246,0.0,0.0,0,0.0,0.0
7,300,6.0,settle,0.00999,0.0074,0.00671,0.03823,0.03,-18.42,1.29,0.3118,0.0438,0.707,0.0,0.0,0,0.0,0.0
0,301,6.02,settle,0.01187,0.00585,0.01033,0.03462,0.03,-18.51,1.56,0.3119,0.0393,-0.06,0.0,0.0,0,0.0,0.0
1,301,6.02,settle,0.04845,0.03977,0.02767,0.05264,0.03,-11.93,0.89,0.3072,0.0406,-0.537,0.0,0.0,0,0.0,0.0
2,301,6.02,settle,0.0543,0.04782,0.02573,0.06084,0.03,-11.22,0.67,0.3065,0.037,-1.273,0.0,0.0,0,0.0,0.0
3,301,6.02,settle,0.0441,0.03973,0.01913,0.05038,0.03,-11.94,0.62,0.3055,0.0302,-1.039,0.0,0.0,0,0.0,0.0
4,301,6.02,settle,0.06038,0.04946,0.03463,0.06669,0.03,-12.75,0.8,0.3128,0.0283,-1.541,0.0,0.0,0,0.0,0.0
5,301,6.02,settle,0.04937,0.04333,0.02365,0.05545,0.03,-10.22,0.53,0.3039,0.0412,-0.226,0.0,0.0,0,0.0,0.0
6,301,6.02,settle,0.03544,0.02738,0.02251,0.04448,0.03,-12.81,0.22,0.3086,0.0528,-0.252,0.0,0.0,0,0.0,0.0
7,301,6.02,settle,0.01028,0.00814,0.00628,0.03886,0.03,-18.37,1.24,0.3117,0.0438,0.698,0.0,0.0,0,0.0,0.0
0,302,6.04,settle,0.01302,0.00857,0.00981,0.03451,0.03,-18.11,1.38,0.3119,0.0392,-0.065,0.0,0.0,0,0.0,0.0
1,302,6.04,settle,0.04659,0.03757,0.02756,0.05248,0.03,-12.23,1.0,0.3075,0.0408,-0.55,0.0,0.0,0,0.0,0.0
2,302,6.04,settle,0.05421,0.04788,0.02542,0.06103,0.03,-11.22,0.6,0.3065,0.037,-1.296,0.0,0.0,0,0.0,0.0
3,302,6.04,settle,0.04406,0.03968,0.01915,0.05009,0.03,-11.96,0.66,0.3055,0.0302,-1.054,0.0,0.0,0,0.0,0.0
4,302,6.04,settle,0.05902,0.04837,0.03382,0.0652,0.03,-12.94,0.84,0.3128,0.0285,-1.543,0.0,0.0,0,0.0,0.0
5,302,6.04,settle,0.04961,0.04385,0.02321,0.05675,0.03,-10.13,0.36,0.3039,0.0412,-0.25,0.0,0.0,0,0.0,0.0
6,302,6.04,settle,0.03566,0.02803,0.02204,0.04309,0.03,-12.87,0.55,0.3085,0.0531,-0.242,0.0,0.0,0,0.0,0.0
7,302,6.04,settle,0.01007,0.00793,0.00622,0.03864,0.03,-18.42,1.28,0.3116,0.0439,0.701,0.0,0.0,0,0.0,0.0
0,303,6.06,settle,0.0136,0.00973,0.0095,0.03325,0.03,-17.93,1.27,0.312,0.0392,-0.06,0.0,0.0,0,0.0,0.0
1,303,6.06,settle,0.04685,0.03773,0.02778,0.0534,0.03,-12.18,1.11,0.3076,0.0409,-0.537,0.0,0.0,0,0.0,0.0
2,303,6.06,settle,0.05413,0.04787,0.02528,0.06114,0.03,-11.25,0.58,0.3064,0.037,-1.318,0.0,0.0,0,0.0,0.0
3,303,6.06,settle,0.04402,0.03966,0.01909,0.04973,0.03,-11.96,0.66,0.3054,0.0301,-1.068,0.0,0.0,0,0.0,0.0
4,303,6.06,settle,0.06011,0.0494,0.03425,0.06626,0.03,-12.76,0.77,0.3128,0.0286,-1.558,0.0,0.0,0,0.0,0.0
5,303,6.06,settle,0.04745,0.04191,0.02225,0.05448,0.03,-10.49,0.54,0.3039,0.0413,-0.245,0.0,0.0,0,0.0,0.0
6,303,6.06,settle,0.03505,0.02755,0.02167,0.04225,0.03,-12.95,0.33,0.3083,0.0533,-0.24,0.0,0.0,0,0.0,0.0
7,303,6.06,settle,0.00942,0.00703,0.00626,0.03766,0.03,-18.56,1.37,0.3116,0.0439,0.707,0.0,0.0,0,0.0,0.0
0,304,6.08,settle,0.01301,0.00872,0.00966,0.0308,0.03,-18.12,1.27,0.3121,0.0393,-0.062,0.0,0.0,0,0.0,0.0
1,304,6.08,settle,0.0485,0.03941,0.02826,0.05592,0.03,-11.85,0.98,0.3078,0.041,-0.532,0.0,0.0,0,0.0,0.0
2,304,6.08,settle,0.05415,0.04787,0.02532,0.0609,0.03,-11.29,0.63,0.3063,0.0371,-1.334,0.0,0.0,0,0.0,0.0
3,304,6.08,settle,0.04395,0.03963,0.01901,0.04964,0.03,-11.96,0.62,0.3054,0.0301,-1.086,0.0,0.0,0,0.0,0.0
4,304,6.08,settle,0.06063,0.05014,0.0341,0.06701,0.03,-12.64,0.68,0.3128,0.0288,-1.575,0.0,0.0,0,0.0,0.0
5,304,6.08,settle,0.04674,0.04093,0.02257,0.0529,0.03,-10.61,0.69,0.304,0.0414,-0.235,0.0,0.0,0,0.0,0.0
6,304,6.08,settle,0.03525,0.02704,0.0226,0.04228,0.03,-12.94,0.44,0.3083,0.0537,-0.248,0.0,0.0,0,0.0,0.0
7,304,6.08,settle,0.00906,0.0067,0.00609,0.03722,0.03,-18.61,1.41,0.3115,0.044,0.702,0.0,0.0,0,0.0,0.0
0,305,6.1,settle,0.01339,0.00895,0.00996,0.02705,0.03,-18.42,1.64,0.3122,0.0393,-0.074,0.0,0.0,0,0.0,0.0
1,305,6.1,settle,0.04842,0.03993,0.02738,0.0564,0.03,-11.8,0.9,0.3079,0.0411,-0.519,0.0,0.0,0,0.0,0.0
2,305,6.1,settle,0.05414,0.04792,0.0252,0.06075,0.03,-11.26,0.62,0.3062,0.0371,-1.348,0.0,0.0,0,0.0,0.0
3,305,6.1,settle,0.0438,0.03951,0.01891,0.04989,0.03,-11.96,0.57,0.3054,0.0301,-1.11,0.0,0.0,0,0.0,0.0
4,305,6.1,settle,0.05979,0.04953,0.03348,0.06595,0.03,-12.75,0.71,0.3128,0.0289,-1.577,0.0,0.0,0,0.0,0.0
5,305,6.1,settle,0.0482,0.04213,0.02342,0.05457,0.03,-10.36,0.56,0.3039,0.0415,-0.258,0.0,0.0,0,0.0,0.0
6,305,6.1,settle,0.03278,0.02378,0.02255,0.04261,0.03,-13.28,0.15,0.3083,0.054,-0.282,0.0,0.0,0,0.0,0.0
7,305,6.1,settle,0.00956,0.00762,0.00577,0.03811,0.03,-18.6,1.38,0.3114,0.044,0.688,0.0,0.0,0,0.0,0.0
0,306,6.12,settle,0.01528,0.01017,0.0114,0.02548,0.03,-18.55,1.65,0.3123,0.0394,-0.086,0.0,0.0,0,0.0,0.0
1,306,6.12,settle,0.04883,0.04083,0.02678,0.05651,0.03,-11.7,0.87,0.3079,0.0412,-0.499,0.0,0.0,0,0.0,0.0
2,306,6.12,settle,0.05413,0.04795,0.02513,0.06078,0.03,-11.25,0.59,0.3061,0.0371,-1.367,0.0,0.0,0,0.0,0.0
3,306,6.12,settle,0.04388,0.03958,0.01894,0.05004,0.03,-11.97,0.61,0.3054,0.0301,-1.132,0.0,0.0,0,0.0,0.0
4,306,6.12,settle,0.06059,0.05015,0.034,0.06667,0.03,-12.62,0.67,0.3128,0.0291,-1.591,0.0,0.0,0,0.0,0.0
5,306,6.12,settle,0.04757,0.04184,0.02263,0.0553,0.03,-10.42,0.42,0.3039,0.0415,-0.285,0.0,0.0,0,0.0,0.0
6,306,6.12,settle,0.03131,0.02188,0.02239,0.04143,0.03,-13.6,0.6,0.3084,0.0543,-0.282,0.0,0.0,0,0.0,0.0
7,306,6.12,settle,0.0098,0.00809,0.00554,0.03848,0.03,-18.64,1.41,0.3114,0.044,0.688,0.0,0.0,0,0.0,0.0
0,307,6.14,settle,0.01558,0.00913,0.01263,0.02691,0.03,-18.58,1.52,0.3125,0.0395,-0.125,0.0,0.0,0,0.0,0.0
1,307,6.14,settle,0.05,0.04227,0.02671,0.05744,0.03,-11.48,0.73,0.3079,0.0413,-0.493,0.0,0.0,0,0.0,0.0
2,307,6.14,settle,0.0541,0.04792,0.02511,0.06086,0.03,-11.25,0.57,0.306,0.0372,-1.388,0.0,0.0,0,0.0,0.0
3,307,6.14,settle,0.04392,0.03959,0.01902,0.0498,0.03,-11.98,0.66,0.3054,0.0301,-1.145,0.0,0.0,0,0.0,0.0
4,307,6.14,settle,0.0605,0.05012,0.03389,0.06651,0.03,-12.61,0.64,0.3128,0.0293,-1.601,0.0,0.0,0,0.0,0.0
5,307,6.14,settle,0.04643,0.04083,0.0221,0.05356,0.03,-10.64,0.64,0.3039,0.0416,-0.274,0.0,0.0,0,0.0,0.0
6,307,6.14,settle,0.0301,0.02035,0.02217,0.04082,0.03,-13.79,0.84,0.3085,0.0546,-0.27,0.0,0.0,0,0.0,0.0
7,307,6.14,settle,0.00986,0.00824,0.00541,0.03844,0.03,-18.74,1.46,0.3113,0.044,0.691,0.0,0.0,0,0.0,0.0
0,308,6.16,settle,0.01569,0.00726,0.01391,0.02998,0.03,-18.47,1.4,0.3127,0.0395,-0.164,0.0,0.0,0,0.0,0.0
1,308,6.16,settle,0.04932,0.04218,0.02555,0.05657,0.03,-11.57,0.64,0.3079,0.0414,-0.487,0.0,0.0,0,0.0,0.0
2,308,6.16,settle,0.05428,0.04812,0.02511,0.06093,0.03,-11.24,0.59,0.3059,0.0372,-1.405,0.0,0.0,0,0.0,0.0
3,308,6.16,settle,0.04392,0.03959,0.01902,0.04943,0.03,-11.99,0.67,0.3054,0.0301,-1.156,0.0,0.0,0,0.0,0.0
4,308,6.16,settle,0.06044,0.0502,0.03365,0.06633,0.03,-12.6,0.63,0.3127,0.0295,-1.61,0.0,0.0,0,0.0,0.0
5,308,6.16,settle,0.0471,0.04125,0.02274,0.05409,0.03,-10.52,0.61,0.3039,0.0417,-0.285,0.0,0.0,0,0.0,0.0
6,308,6.16,settle,0.0297,0.01987,0.02208,0.04142,0.03,-13.77,0.87,0.3085,0.0549,-0.263,0.0,0.0,0,0.0,0.0
7,308,6.16,settle,0.01008,0.00865,0.00518,0.03872,0.03,-18.79,1.51,0.3112,0.0441,0.687,0.0,0.0,0,0.0,0.0
0,309,6.18,settle,0.01654,0.00647,0.01522,0.03226,0.03,-18.39,1.38,0.3129,0.0396,-0.178,0.0,0.0,0,0.0,0.0
1,309,6.18,settle,0.0504,0.0437,0.02512,0.05556,0.03,-11.49,0.75,0.3078,0.0415,-0.458,0.0,0.0,0,0.0,0.0
2,309,6.18,settle,0.05429,0.04817,0.02505,0.0607,0.03,-11.22,0.61,0.3058,0.0372,-1.417,0.0,0.0,0,0.0,0.0
3,309,6.18,settle,0.04394,0.03962,0.019,0.04938,0.03,-11.97,0.63,0.3054,0.0301,-1.172,0.0,0.0,0,0.0,0.0
4,309,6.18,settle,0.06043,0.05033,0.03345,0.06642,0.03,-12.57,0.59,0.3127,0.0296,-1.624,0.0,0.0,0,0.0,0.0
5,309,6.18,settle,0.04734,0.04149,0.02278,0.05446,0.03,-10.5,0.54,0.3039,0.0417,-0.307,0.0,0.0,0,0.0,0.0
6,309,6.18,settle,0.03054,0.02088,0.02229,0.04301,0.03,-13.53,0.82,0.3086,0.0552,-0.251,0.0,0.0,0,0.0,0.0
7,309,6.18,settle,0.0108,0.00963,0.0049,0.03973,0.03,-18.77,1.55,0.3111,0.0441,0.673,0.0,0.0,0,0.0,0.0
0,310,6.2,settle,0.0172,0.00623,0.01603,0.03289,0.03,-18.38,1.26,0.3131,0.0396,-0.17,0.0,0.0,0,0.0,0.0
1,310,6.2,settle,0.05227,0.04591,0.02499,0.05698,0.03,-11.06,0.47,0.3077,0.0416,-0.453,0.0,0.0,0,0.0,0.0
2,310,6.2,settle,0.05426,0.04815,0.02503,0.0605,0.03,-11.19,0.59,0.3057,0.0372,-1.43,0.0,0.0,0,0.0,0.0
3,310,6.2,settle,0.04388,0.0396,0.0189,0.04965,0.03,-11.96,0.58,0.3054,0.03,-1.193,0.0,0.0,0,0.0,0.0
4,310,6.2,settle,0.05986,0.04971,0.03335,0.06582,0.03,-12.66,0.63,0.3127,0.0298,-1.634,0.0,0.0,0,0.0,0.0
5,310,6.2,settle,0.04607,0.04084,0.02131,0.0528,0.03,-10.79,0.6,0.3038,0.0417,-0.323,0.0,0.0,0,0.0,0.0
6,310,6.2,settle,0.03191,0.02263,0.0225,0.04482,0.03,-13.21,0.73,0.3087,0.0556,-0.232,0.0,0.0,0,0.0,0.0
7,310,6.2,settle,0.01138,0.01031,0.00483,0.04042,0.03,-18.75,1.62,0.3111,0.0441,0.665,0.0,0.0,0,0.0,0.0
0,311,6.22,settle,0.0174,0.00782,0.01554,0.03236,0.03,-18.21,1.27,0.3133,0.0396,-0.164,0.0,0.0,0,0.0,0.0
1,311,6.22,settle,0.05387,0.04761,0.02521,0.05859,0.03,-10.74,0.26,0.3076,0.0417,-0.46,0.0,0.0,0,0.0,0.0
2,311,6.22,settle,0.05443,0.04838,0.02494,0.06089,0.03,-11.14,0.54,0.3056,0.0372,-1.453,0.0,0.0,0,0.0,0.0
3,311,6.22,settle,0.04399,0.03972,0.0189,0.05004,0.03,-11.95,0.58,0.3053,0.03,-1.216,0.0,0.0,0,0.0,0.0
4,311,6.22,settle,0.05929,0.04895,0.03346,0.06543,0.03,-12.78,0.66,0.3126,0.03,-1.652,0.0,0.0,0,0.0,0.0
5,311,6.22,settle,0.0462,0.04172,0.01985,0.05005,0.03,-11.0,0.89,0.3037,0.0417,-0.312,0.0,0.0,0,0.0,0.0
6,311,6.22,settle,0.03288,0.02379,0.0227,0.04687,0.03,-12.94,0.53,0.3088,0.0559,-0.213,0.0,0.0,0,0.0,0.0
7,311,6.22,settle,0.01093,0.00969,0.00505,0.03974,0.03,-18.77,1.75,0.311,0.0441,0.673,0.0,0.0,0,0.0,0.0
0,312,6.24,settle,0.01754,0.00982,0.01454,0.03447,0.03,-17.9,1.12,0.3135,0.0395,-0.194,0.0,0.0,0,0.0,0.0
1,312,6.24,settle,0.05397,0.04779,0.02507,0.05879,0.03,-10.7,0.19,0.3075,0.0418,-0.469,0.0,0.0,0,0.0,0.0
2,312,6.24,settle,0.05481,0.04885,0.02485,0.06146,0.03,-11.09,0.53,0.3056,0.0373,-1.476,0.0,0.0,0,0.0,0.0
3,312,6.24,settle,0.04412,0.03981,0.01903,0.04989,0.03,-11.95,0.65,0.3053,0.03,-1.228,0.0,0.0,0,0.0,0.0
4,312,6.24,settle,0.058,0.04767,0.03304,0.06428,0.03,-13.03,0.75,0.3126,0.0301,-1.668,0.0,0.0,0,0.0,0.0
5,312,6.24,settle,0.04885,0.04475,0.01959,0.04995,0.03,-10.67,0.85,0.3036,0.0417,-0.299,0.0,0.0,0,0.0,0.0
6,312,6.24,settle,0.03467,0.02573,0.02325,0.04916,0.03,-12.6,0.43,0.3089,0.0562,-0.198,0.0,0.0,0,0.0,0.0
7,312,6.24,settle,0.00996,0.00844,0.00528,0.03842,0.03,-18.77,1.79,0.311,0.0442,0.687,0.0,0.0,0,0.0,0.0
0,313,6.26,settle,0.01731,0.01086,0.01347,0.03469,0.03,-17.82,1.21,0.3136,0.0395,-0.203,0.0,0.0,0,0.0,0.0
1,313,6.26,settle,0.05305,0.04701,0.02459,0.05719,0.03,-10.87,0.3,0.3074,0.0418,-0.463,0.0,0.0,0,0.0,0.0
2,313,6.26,settle,0.05496,0.04898,0.02493,0.0613,0.03,-11.09,0.6,0.3055,0.0373,-1.487,0.0,0.0,0,0.0,0.0
3,313,6.26,settle,0.04415,0.0398,0.0191,0.04949,0.03,-11.96,0.67,0.3053,0.03,-1.237,0.0,0.0,0,0.0,0.0
4,313,6.26,settle,0.05706,0.04679,0.03266,0.06282,0.03,-13.22,0.89,0.3125,0.0303,-1.672,0.0,0.0,0,0.0,0.0
5,313,6.26,settle,0.0523,0.04775,0.02132,0.05475,0.03,-9.87,0.25,0.3036,0.0417,-0.353,0.0,0.0,0,0.0,0.0
6,313,6.26,settle,0.03539,0.02703,0.02284,0.05076,0.03,-12.46,0.3,0.3089,0.0565,-0.188,0.0,0.0,0,0.0,0.0
7,313,6.26,settle,0.0097,0.00815,0.00526,0.03832,0.03,-18.67,1.72,0.3109,0.0442,0.684,0.0,0.0,0,0.0,0.0
0,314,6.28,settle,0.01664,0.01,0.0133,0.03142,0.03,-18.06,1.6,0.3138,0.0395,-0.193,0.0,0.0,0,0.0,0.0
1,314,6.28,settle,0.05379,0.04747,0.0253,0.05719,0.03,-10.77,0.33,0.3072,0.0419,-0.465,0.0,0.0,0,0.0,0.0
2,314,6.28,settle,0.05485,0.04878,0.02509,0.06085,0.03,-11.09,0.62,0.3054,0.0373,-1.495,0.0,0.0,0,0.0,0.0
3,314,6.28,settle,0.04431,0.03996,0.01914,0.04955,0.03,-11.92,0.63,0.3053,0.03,-1.252,0.0,0.0,0,0.0,0.0
4,314,6.28,settle,0.05777,0.04737,0.03307,0.06305,0.03,-13.12,0.88,0.3125,0.0305,-1.679,0.0,0.0,0,0.0,0.0
5,314,6.28,settle,0.05132,0.04689,0.02087,0.05283,0.03,-10.04,0.3,0.3036,0.0417,-0.352,0.0,0.0,0,0.0,0.0
6,314,6.28,settle,0.03284,0.02569,0.02046,0.04777,0.03,-12.79,0.24,0.3088,0.0567,-0.141,0.0,0.0,0,0.0,0.0
7,314,6.28,settle,0.01039,0.009,0.0052,0.03934,0.03,-18.58,1.6,0.3109,0.0442,0.675,0.0,0.0,0,0.0,0.0
0,315,6.3,settle,0.01676,0.0085,0.01445,0.03015,0.03,-18.4,1.6,0.314,0.0396,-0.209,0.0,0.0,0,0.0,0.0
1,315,6.3,settle,0.05384,0.04723,0.02584,0.05755,0.03,-10.73,0.24,0.3071,0.042,-0.488,0.0,0.0,0,0.0,0.0
2,315,6.3,settle,0.05502,0.04891,0.02521,0.0611,0.03,-11.03,0.57,0.3054,0.0373,-1.513,0.0,0.0,0,0.0,0.0
3,315,6.3,settle,0.0443,0.03999,0.01905,0.04976,0.03,-11.91,0.58,0.3053,0.03,-1.27,0.0,0.0,0,0.0,0.0
4,315,6.3,settle,0.05852,0.04804,0.03341,0.06441,0.03,-12.98,0.7,0.3124,0.0306,-1.707,0.0,0.0,0,0.0,0.0
5,315,6.3,settle,0.05168,0.04653,0.02249,0.05337,0.03,-9.86,0.18,0.3037,0.0418,-0.369,0.0,0.0,0,0.0,0.0
6,315,6.3,settle,0.03415,0.02695,0.02097,0.0451,0.03,-12.51,0.48,0.3087,0.0569,-0.075,0.0,0.0,0,0.0,0.0
7,315,6.3,settle,0.01041,0.00888,0.00543,0.03923,0.03,-18.58,1.59,0.3109,0.0442,0.685,0.0,0.0,0,0.0,0.0
0,316,6.32,settle,0.01653,0.00696,0.01499,0.03067,0.03,-18.62,1.56,0.3142,0.0396,-0.246,0.0,0.0,0,0.0,0.0
1,316,6.32,settle,0.05236,0.04601,0.025,0.05554,0.03,-11.0,0.37,0.307,0.042,-0.487,0.0,0.0,0,0.0,0.0
2,316,6.32,settle,0.05535,0.0493,0.02516,0.06186,0.03,-10.98,0.52,0.3053,0.0373,-1.538,0.0,0.0,0,0.0,0.0
3,316,6.32,settle,0.04422,0.0399,0.01906,0.05007,0.03,-11.91,0.56,0.3053,0.0299,-1.291,0.0,0.0,0,0.0,0.0
4,316,6.32,settle,0.05641,0.04608,0.03254,0.06232,0.03,-13.28,0.76,0.3124,0.0308,-1.709,0.0,0.0,0,0.0,0.0
5,316,6.32,settle,0.0523,0.0467,0.02355,0.05469,0.03,-9.69,0.1,0.3038,0.0418,-0.404,0.0,0.0,0,0.0,0.0
6,316,6.32,settle,0.03862,0.03088,0.0232,0.04979,0.03,-11.66,0.19,0.3085,0.0572,-0.095,0.0,0.0,0,0.0,0.0
7,316,6.32,settle,0.01033,0.00869,0.00559,0.03899,0.03,-18.62,1.59,0.3109,0.0442,0.691,0.0,0.0,0,0.0,0.0
0,317,6.34,settle,0.0162,0.00619,0.01497,0.03248,0.03,-18.59,1.5,0.3144,0.0396,-0.282,0.0,0.0,0,0.0,0.0
1,317,6.34,settle,0.05289,0.0463,0.02556,0.05557,0.03,-10.94,0.43,0.3069,0.042,-0.494,0.0,0.0,0,0.0,0.0
2,317,6.34,settle,0.0552,0.04921,0.02501,0.06157,0.03,-11.04,0.59,0.3052,0.0373,-1.551,0.0,0.0,0,0.0,0.0
3,317,6.34,settle,0.04446,0.04008,0.01924,0.05003,0.03,-11.91,0.64,0.3053,0.0299,-1.304,0.0,0.0,0,0.0,0.0
4,317,6.34,settle,0.05691,0.04617,0.03327,0.06212,0.03,-13.27,0.86,0.3124,0.031,-1.71,0.0,0.0,0,0.0,0.0
5,317,6.34,settle,0.0506,0.04523,0.02269,0.05437,0.03,-9.89,0.1,0.3038,0.0417,-0.438,0.0,0.0,0,0.0,0.0
6,317,6.34,settle,0.03782,0.03077,0.02199,0.05016,0.03,-11.73,0.66,0.3083,0.0573,-0.109,0.0,0.0,0,0.0,0.0
7,317,6.34,settle,0.01008,0.00843,0.00552,0.03879,0.03,-18.58,1.57,0.3109,0.0442,0.693,0.0,0.0,0,0.0,0.0
0,318,6.36,settle,0.01648,0.00668,0.01506,0.03501,0.03,-18.47,1.45,0.3146,0.0396,-0.31,0.0,0.0,0,0.0,0.0
1,318,6.36,settle,0.05282,0.046,0.02597,0.05553,0.03,-10.93,0.43,0.3067,0.042,-0.508,0.0,0.0,0,0.0,0.0
2,318,6.36,settle,0.05537,0.04929,0.02522,0.06125,0.03,-11.03,0.65,0.3052,0.0373,-1.557,0.0,0.0,0,0.0,0.0
3,318,6.36,settle,0.04442,0.04004,0.01923,0.04968,0.03,-11.92,0.66,0.3053,0.0299,-1.313,0.0,0.0,0,0.0,0.0
4,318,6.36,settle,0.05842,0.04745,0.03408,0.06425,0.03,-13.01,0.69,0.3124,0.0312,-1.737,0.0,0.0,0,0.0,0.0
5,318,6.36,settle,0.04923,0.04383,0.02242,0.05203,0.03,-10.24,0.47,0.3039,0.0416,-0.43,0.0,0.0,0,0.0,0.0
6,318,6.36,settle,0.03664,0.02989,0.02119,0.04755,0.03,-11.89,0.24,0.3081,0.0574,-0.08,0.0,0.0,0,0.0,0.0
7,318,6.36,settle,0.01074,0.00931,0.00537,0.03974,0.03,-18.51,1.49,0.3109,0.0442,0.684,0.0,0.0,0,0.0,0.0
0,319,6.38,settle,0.01707,0.00705,0.01554,0.03655,0.03,-18.46,1.46,0.3147,0.0396,-0.319,0.0,0.0,0,0.0,0.0
1,319,6.38,settle,0.05218,0.04534,0.02582,0.05462,0.03,-11.03,0.49,0.3066,0.042,-0.51,0.0,0.0,0,0.0,0.0
2,319,6.38,settle,0.05615,0.04999,0.02558,0.06186,0.03,-10.88,0.61,0.3051,0.0373,-1.57,0.0,0.0,0,0.0,0.0
3,319,6.38,settle,0.04451,0.04013,0.01926,0.04952,0.03,-11.91,0.65,0.3053,0.0299,-1.323,0.0,0.0,0,0.0,0.0
4,319,6.38,settle,0.05738,0.04679,0.0332,0.06344,0.03,-13.13,0.68,0.3124,0.0313,-1.741,0.0,0.0,0,0.0,0.0
5,319,6.38,settle,0.04932,0.04352,0.02321,0.0519,0.03,-10.25,0.59,0.304,0.0416,-0.442,0.0,0.0,0,0.0,0.0
6,319,6.38,settle,0.0384,0.03194,0.02132,0.04622,0.03,-11.6,0.03,0.3079,0.0575,-0.039,0.0,0.0,0,0.0,0.0
7,319,6.38,settle,0.01069,0.00917,0.00549,0.0396,0.03,-18.52,1.5,0.3109,0.0442,0.693,0.0,0.0,0,0.0,0.0
0,320,6.4,settle,0.01681,0.00618,0.01564,0.03611,0.03,-18.58,1.48,0.3149,0.0396,-0.308,0.0,0.0,0,0.0,0.0
1,320,6.4,settle,0.05243,0.04541,0.0262,0.05451,0.03,-11.01,0.54,0.3065,0.042,-0.514,0.0,0.0,0,0.0,0.0
2,320,6.4,settle,0.05632,0.0502,0.02552,0.06218,0.03,-10.83,0.55,0.3051,0.0373,-1.585,0.0,0.0,0,0.0,0.0
3,320,6.4,settle,0.04461,0.04023,0.01928,0.04974,0.03,-11.87,0.6,0.3053,0.0299,-1.338,0.0,0.0,0,0.0,0.0
4,320,6.4,settle,0.05792,0.04728,0.03345,0.06343,0.03,-13.05,0.76,0.3124,0.0315,-1.737,0.0,0.0,0,0.0,0.0
5,320,6.4,settle,0.04984,0.04387,0.02366,0.05257,0.03,-10.18,0.58,0.3041,0.0415,-0.463,0.0,0.0,0,0.0,0.0
6,320,6.4,settle,0.04052,0.03383,0.0223,0.04937,0.03,-11.07,0.46,0.3076,0.0576,-0.066,0.0,0.0,0,0.0,0.0
7,320,6.4,settle,0.01041,0.00878,0.0056,0.03913,0.03,-18.59,1.53,0.3109,0.0442,0.7,0.0,0.0,0,0.0,0.0
0,321,6.42,settle,0.01657,0.00666,0.01517,0.03668,0.03,-18.6,1.18,0.3151,0.0396,-0.311,0.0,0.0,0,0.0,0.0
1,321,6.42,settle,0.0521,0.04499,0.02628,0.05414,0.03,-11.06,0.55,0.3064,0.042,-0.521,0.0,0.0,0,0.0,0.0
2,321,6.42,settle,0.0562,0.05006,0.02556,0.06222,0.03,-10.84,0.54,0.305,0.0373,-1.599,0.0,0.0,0,0.0,0.0
3,321,6.42,settle,0.04463,0.04026,0.01926,0.05028,0.03,-11.85,0.55,0.3053,0.0298,-1.36,0.0,0.0,0,0.0,0.0
4,321,6.42,settle,0.05855,0.04777,0.03385,0.06465,0.03,-12.94,0.64,0.3124,0.0317,-1.761,0.0,0.0,0,0.0,0.0
5,321,6.42,settle,0.04947,0.04389,0.02282,0.05254,0.03,-10.32,0.6,0.3041,0.0414,-0.488,0.0,0.0,0,0.0,0.0
6,321,6.42,settle,0.04056,0.03389,0.02229,0.05049,0.03,-11.02,0.45,0.3074,0.0577,-0.097,0.0,0.0,0,0.0,0.0
7,321,6.42,settle,0.01023,0.00863,0.0055,0.03899,0.03,-18.57,1.53,0.3108,0.0442,0.7,0.0,0.0,0,0.0,0.0
0,322,6.44,settle,0.01616,0.00882,0.01354,0.03846,0.03,-18.55,1.16,0.3152,0.0396,-0.346,0.0,0.0,0,0.0,0.0
1,322,6.44,settle,0.05195,0.04472,0.02642,0.05406,0.03,-11.09,0.55,0.3064,0.0419,-0.532,0.0,0.0,0,0.0,0.0
2,322,6.44,settle,0.05644,0.05019,0.02583,0.06243,0.03,-10.82,0.57,0.305,0.0374,-1.613,0.0,0.0,0,0.0,0.0
3,322,6.44,settle,0.04479,0.04039,0.01936,0.05039,0.03,-11.85,0.61,0.3053,0.0298,-1.375,0.0,0.0,0,0.0,0.0
4,322,6.44,settle,0.0566,0.04596,0.03303,0.0627,0.03,-13.22,0.71,0.3124,0.0318,-1.759,0.0,0.0,0,0.0,0.0
5,322,6.44,settle,0.04821,0.04357,0.02064,0.04987,0.03,-10.67,0.84,0.3041,0.0412,-0.477,0.0,0.0,0,0.0,0.0
6,322,6.44,settle,0.03832,0.03186,0.02129,0.04812,0.03,-11.35,0.13,0.3072,0.0577,-0.082,0.0,0.0,0,0.0,0.0
7,322,6.44,settle,0.01059,0.00917,0.0053,0.03957,0.03,-18.52,1.48,0.3108,0.0442,0.695,0.0,0.0,0,0.0,0.0
0,323,6.46,settle,0.01431,0.00824,0.0117,0.03639,0.03,-18.58,1.67,0.3152,0.0395,-0.344,0.0,0.0,0,0.0,0.0
1,323,6.46,settle,0.05133,0.04419,0.02612,0.05381,0.03,-11.21,0.57,0.3063,0.0419,-0.549,0.0,0.0,0,0.0,0.0
2,323,6.46,settle,0.0564,0.05017,0.02577,0.06245,0.03,-10.82,0.58,0.305,0.0373,-1.625,0.0,0.0,0,0.0,0.0
3,323,6.46,settle,0.04469,0.04027,0.01939,0.05,0.03,-11.88,0.65,0.3052,0.0298,-1.382,0.0,0.0,0,0.0,0.0
4,323,6.46,settle,0.05715,0.04622,0.03361,0.06262,0.03,-13.18,0.8,0.3124,0.032,-1.757,0.0,0.0,0,0.0,0.0
5,323,6.46,settle,0.05076,0.04616,0.02112,0.04958,0.03,-10.49,1.06,0.3042,0.0412,-0.45,0.0,0.0,0,0.0,0.0
6,323,6.46,settle,0.03832,0.0314,0.02196,0.04602,0.03,-11.39,0.19,0.3069,0.0578,-0.057,0.0,0.0,0,0.0,0.0
7,323,6.46,settle,0.0104,0.00901,0.0052,0.0394,0.03,-18.52,1.5,0.3108,0.0442,0.702,0.0,0.0,0,0.0,0.0
0,324,6.48,enter,0.0133,0.00562,0.01206,0.03397,0.03,-18.82,1.83,0.3153,0.0396,-0.328,0.0,0.0,0,0.0,0.0
1,324,6.48,enter,0.05107,0.04431,0.02539,0.05305,0.03,-11.35,0.72,0.3062,0.0418,-0.551,0.0,0.0,0,0.0,0.0
2,324,6.48,enter,0.05666,0.05044,0.0258,0.06267,0.03,-10.78,0.59,0.3049,0.0373,-1.637,0.0,0.0,0,0.0,0.0
3,324,6.48,enter,0.04483,0.04038,0.01948,0.04977,0.03,-11.86,0.66,0.3052,0.0298,-1.39,0.0,0.0,0,0.0,0.0
4,324,6.48,enter,0.05861,0.04761,0.03419,0.06461,0.03,-12.92,0.64,0.3123,0.0322,-1.779,0.0,0.0,0,0.0,0.0
5,324,6.48,enter,0.05336,0.04812,0.02306,0.05404,0.03,-9.77,0.53,0.3043,0.0412,-0.494,0.0,0.0,0,0.0,0.0
6,324,6.48,enter,0.03914,0.03141,0.02336,0.04664,0.03,-11.26,0.11,0.3067,0.0578,-0.074,0.0,0.0,0,0.0,0.0
7,324,6.48,enter,0.01031,0.00891,0.00519,0.03923,0.03,-18.57,1.51,0.3108,0.0442,0.707,0.0,0.0,0,0.0,0.0
0,325,6.5,enter,0.01208,0.00239,0.01184,0.03171,0.03,-19.29,1.84,0.3154,0.0397,-0.329,0.0,0.0,0,0.0,0.0
1,325,6.5,enter,0.0512,0.04496,0.02449,0.05275,0.03,-11.28,0.77,0.3062,0.0418,-0.553,0.0,0.0,0,0.0,0.0
2,325,6.5,enter,0.05624,0.0504,0.02497,0.06216,0.03,-10.78,0.6,0.3049,0.0373,-1.646,0.0,0.0,0,0.0,0.0
3,325,6.5,enter,0.04478,0.04068,0.01874,0.04984,0.03,-11.8,0.6,0.3052,0.0298,-1.405,0.0,0.0,0,0.0,0.0
4,325,6.5,enter,0.05689,0.0468,0.03234,0.06303,0.03,-13.06,0.65,0.3123,0.0324,-1.778,0.0,0.0,0,0.0,0.0
5,325,6.5,enter,0.05264,0.04773,0.02221,0.0554,0.03,-9.65,0.25,0.3044,0.0411,-0.537,0.0,0.0,0,0.0,0.0
6,325,6.5,enter,0.03701,0.0297,0.02209,0.04465,0.03,-11.53,0.14,0.3064,0.0577,-0.081,0.0,0.0,0,0.0,0.0
7,325,6.5,enter,0.00956,0.00855,0.00428,0.0387,0.03,-18.59,1.52,0.3107,0.0442,0.711,0.0,0.0,0,0.0,0.0
0,326,6.52,enter,0.01098,0.0013,0.0109,0.03176,0.03,-19.45,1.76,0.3154,0.0398,-0.357,0.0,0.0,0,0.0,0.0
1,326,6.52,enter,0.05132,0.04529,0.02412,0.05322,0.03,-11.16,0.69,0.3061,0.0417,-0.57,0.0,0.0,0,0.0,0.0
2,326,6.52,enter,0.05596,0.05034,0.02444,0.06183,0.03,-10.76,0.6,0.3048,0.0373,-1.656,0.0,0.0,0,0.0,0.0
3,326,6.52,enter,0.04424,0.04044,0.01793,0.04964,0.03,-11.82,0.56,0.3052,0.0297,-1.42,0.0,0.0,0,0.0,0.0
4,326,6.52,enter,0.05704,0.04724,0.03196,0.06267,0.03,-12.99,0.72,0.3123,0.0326,-1.775,0.0,0.0,0,0.0,0.0
5,326,6.52,enter,0.05069,0.04643,0.02034,0.053,0.03,-10.01,0.47,0.3045,0.041,-0.528,0.0,0.0,0,0.0,0.0
6,326,6.52,enter,0.03662,0.02978,0.02131,0.04331,0.03,-11.59,0.29,0.3062,0.0576,-0.082,0.0,0.0,0,0.0,0.0
7,326,6.52,enter,0.00945,0.00886,0.0033,0.0389,0.03,-18.58,1.5,0.3107,0.0442,0.709,0.0,0.0,0,0.0,0.0
0,327,6.54,enter,0.0099,0.00257,0.00956,0.0337,0.03,-19.41,1.63,0.3154,0.0398,-0.389,0.0,0.0,0,0.0,0.0
1,327,6.54,enter,0.05012,0.04458,0.02291,0.05173,0.03,-11.31,0.77,0.3061,0.0417,-0.568,0.0,0.0,0,0.0,0.0
2,327,6.54,enter,0.05556,0.05012,0.02397,0.06166,0.03,-10.76,0.57,0.3048,0.0373,-1.671,0.0,0.0,0,0.0,0.0
3,327,6.54,enter,0.04367,0.04003,0.01746,0.04913,0.03,-11.88,0.6,0.3052,0.0297,-1.434,0.0,0.0,0,0.0,0.0
4,327,6.54,enter,0.05725,0.04757,0.03186,0.06331,0.03,-12.88,0.62,0.3122,0.0328,-1.793,0.0,0.0,0,0.0,0.0
5,327,6.54,enter,0.05068,0.04663,0.01985,0.05213,0.03,-10.05,0.61,0.3047,0.0409,-0.53,0.0,0.0,0,0.0,0.0
6,327,6.54,enter,0.03594,0.02969,0.02025,0.04172,0.03,-11.66,0.38,0.3059,0.0575,-0.08,0.0,0.0,0,0.0,0.0
7,327,6.54,enter,0.00906,0.00872,0.00247,0.03858,0.03,-18.64,1.52,0.3107,0.0442,0.716,0.0,0.0,0,0.0,0.0
0,328,6.56,enter,0.00925,0.0039,0.00838,0.03475,0.03,-19.4,1.6,0.3155,0.0398,-0.395,0.0,0.0,0,0.0,0.0
1,328,6.56,enter,0.0502,0.04461,0.02303,0.05147,0.03,-11.27,0.82,0.3062,0.0417,-0.568,0.0,0.0,0,0.0,0.0
2,328,6.56,enter,0.05506,0.04979,0.02351,0.06128,0.03,-10.83,0.59,0.3048,0.0373,-1.686,0.0,0.0,0,0.0,0.0
3,328,6.56,enter,0.0433,0.03976,0.01714,0.04847,0.03,-11.93,0.67,0.3052,0.0298,-1.444,0.0,0.0,0,0.0,0.0
4,328,6.56,enter,0.05495,0.04562,0.03064,0.06101,0.03,-13.17,0.69,0.3122,0.033,-1.789,0.0,0.0,0,0.0,0.0
5,328,6.56,enter,0.05102,0.0472,0.01939,0.05167,0.03,-10.02,0.66,0.3047,0.0408,-0.538,0.0,0.0,0,0.0,0.0
6,328,6.56,enter,0.03608,0.03014,0.01984,0.04076,0.03,-11.61,0.44,0.3057,0.0574,-0.081,0.0,0.0,0,0.0,0.0
7,328,6.56,enter,0.00909,0.00891,0.00176,0.03847,0.03,-18.75,1.53,0.3106,0.0442,0.721,0.0,0.0,0,0.0,0.0
0,329,6.58,enter,0.00863,0.00393,0.00768,0.03494,0.03,-19.56,1.62,0.3155,0.0399,-0.393,0.0,0.0,0,0.0,0.0
1,329,6.58,enter,0.05019,0.04439,0.02343,0.05201,0.03,-11.18,0.74,0.3062,0.0418,-0.583,0.0,0.0,0,0.0,0.0
2,329,6.58,enter,0.05447,0.04934,0.02307,0.0604,0.03,-10.92,0.67,0.3047,0.0373,-1.692,0.0,0.0,0,0.0,0.0
3,329,6.58,enter,0.04281,0.03944,0.01665,0.04782,0.03,-11.96,0.67,0.3052,0.0297,-1.453,0.0,0.0,0,0.0,0.0
4,329,6.58,enter,0.05484,0.04547,0.03066,0.06057,0.03,-13.17,0.75,0.3122,0.0332,-1.79,0.0,0.0,0,0.0,0.0
5,329,6.58,enter,0.05078,0.04718,0.01877,0.05139,0.03,-10.03,0.59,0.3048,0.0406,-0.556,0.0,0.0,0,0.0,0.0
6,329,6.58,enter,0.03535,0.02971,0.01916,0.03988,0.03,-11.67,0.42,0.3055,0.0573,-0.095,0.0,0.0,0,0.0,0.0
7,329,6.58,enter,0.00973,0.00967,0.00104,0.03897,0.03,-18.85,1.55,0.3105,0.0442,0.718,0.0,0.0,0,0.0,0.0
0,330,6.6,enter,0.00811,0.00433,0.00685,0.035,0.03,-19.86,1.68,0.3155,0.04,-0.396,0.0,0.0,0,0.0,0.0
1,330,6.6,enter,0.04868,0.04323,0.02239,0.05039,0.03,-11.39,0.83,0.3062,0.0418,-0.578,0.0,0.0,0,0.0,0.0
2,330,6.6,enter,0.05414,0.04909,0.02283,0.05976,0.03,-10.92,0.69,0.3047,0.0373,-1.695,0.0,0.0,0,0.0,0.0
3,330,6.6,enter,0.0425,0.03929,0.01621,0.04739,0.03,-11.96,0.66,0.3052,0.0297,-1.462,0.0,0.0,0,0.0,0.0
4,330,6.6,enter,0.055,0.04582,0.03044,0.06064,0.03,-13.08,0.72,0.3122,0.0334,-1.793,0.0,0.0,0,0.0,0.0
5,330,6.6,enter,0.0504,0.04716,0.01778,0.0507,0.03,-10.14,0.61,0.3049,0.0405,-0.573,0.0,0.0,0,0.0,0.0
6,330,6.6,enter,0.03486,0.02965,0.01833,0.03861,0.03,-11.73,0.5,0.3053,0.0572,-0.094,0.0,0.0,0,0.0,0.0
7,330,6.6,enter,0.01133,0.01132,0.00039,0.04061,0.03,-18.88,1.6,0.3105,0.0441,0.698,0.0,0.0,0,0.0,0.0
0,331,6.62,enter,0.00873,0.00643,0.0059,0.03668,0.03,-20.02,1.76,0.3155,0.04,-0.423,0.0,0.0,0,0.0,0.0
1,331,6.62,enter,0.04853,0.04307,0.02236,0.05013,0.03,-11.37,0.88,0.3063,0.0418,-0.576,0.0,0.0,0,0.0,0.0
2,331,6.62,enter,0.05406,0.04908,0.02266,0.05962,0.03,-10.86,0.65,0.3046,0.0373,-1.703,0.0,0.0,0,0.0,0.0
3,331,6.62,enter,0.04205,0.03897,0.01577,0.04703,0.03,-11.98,0.63,0.3052,0.0297,-1.473,0.0,0.0,0,0.0,0.0
4,331,6.62,enter,0.05428,0.04539,0.02976,0.06051,0.03,-13.11,0.63,0.3121,0.0335,-1.804,0.0,0.0,0,0.0,0.0
5,331,6.62,enter,0.05018,0.04739,0.01651,0.0494,0.03,-10.3,0.74,0.3049,0.0403,-0.578,0.0,0.0,0,0.0,0.0
6,331,6.62,enter,0.03545,0.03032,0.01836,0.03837,0.03,-11.62,0.55,0.3052,0.0571,-0.095,0.0,0.0,0,0.0,0.0
7,331,6.62,enter,0.01162,0.01162,7e-05,0.0408,0.03,-18.85,1.89,0.3104,0.0441,0.687,0.0,0.0,0,0.0,0.0
0,332,6.64,enter,0.01031,0.00896,0.0051,0.03896,0.03,-20.08,1.8,0.3155,0.0401,-0.45,0.0,0.0,0,0.0,0.0
1,332,6.64,enter,0.0479,0.04246,0.02218,0.04999,0.03,-11.4,0.86,0.3063,0.0419,-0.583,0.0,0.0,0,0.0,0.0
2,332,6.64,enter,0.05344,0.04859,0.02223,0.05924,0.03,-10.9,0.61,0.3046,0.0373,-1.714,0.0,0.0,0,0.0,0.0
3,332,6.64,enter,0.04159,0.03861,0.01546,0.0468,0.03,-12.01,0.62,0.3052,0.0297,-1.487,0.0,0.0,0,0.0,0.0
4,332,6.64,enter,0.05237,0.04361,0.02898,0.05868,0.03,-13.38,0.74,0.3121,0.0337,-1.805,0.0,0.0,0,0.0,0.0
5,332,6.64,enter,0.05045,0.04779,0.01615,0.0487,0.03,-10.32,0.8,0.3049,0.0401,-0.584,0.0,0.0,0,0.0,0.0
6,332,6.64,enter,0.03515,0.03003,0.01827,0.03846,0.03,-11.58,0.51,0.3051,0.0569,-0.109,0.0,0.0,0,0.0,0.0
7,332,6.64,enter,0.00876,0.00873,0.00064,0.0372,0.03,-18.81,2.23,0.3104,0.0442,0.725,0.0,0.0,0,0.0,0.0
0,333,6.66,enter,0.00688,0.0057,0.00385,0.03521,0.03,-20.14,2.39,0.3154,0.0402,-0.421,0.0,0.0,0,0.0,0.0
1,333,6.66,enter,0.04675,0.04156,0.02142,0.04951,0.03,-11.56,0.87,0.3064,0.0419,-0.594,0.0,0.0,0,0.0,0.0
2,333,6.66,enter,0.05268,0.04789,0.02195,0.05858,0.03,-11.01,0.64,0.3046,0.0373,-1.723,0.0,0.0,0,0.0,0.0
3,333,6.66,enter,0.04127,0.03834,0.01526,0.04627,0.03,-12.05,0.67,0.3052,0.0297,-1.495,0.0,0.0,0,0.0,0.0
4,333,6.66,enter,0.05173,0.04279,0.02907,0.0576,0.03,-13.53,0.9,0.3121,0.0339,-1.806,0.0,0.0,0,0.0,0.0
5,333,6.66,enter,0.05023,0.04758,0.01608,0.04808,0.03,-10.37,0.78,0.305,0.04,-0.599,0.0,0.0,0,0.0,0.0
6,333,6.66,enter,0.03352,0.02895,0.01691,0.03689,0.03,-11.81,0.61,0.305,0.0568,-0.11,0.0,0.0,0,0.0,0.0
7,333,6.66,enter,0.00821,0.00813,0.00112,0.0366,0.03,-18.73,2.07,0.3104,0.0442,0.725,0.0,0.0,0,0.0,0.0
0,334,6.68,enter,0.00494,0.00283,0.00406,0.03126,0.03,-19.99,2.47,0.3153,0.0403,-0.398,0.0,0.0,0,0.0,0.0
1,334,6.68,enter,0.04497,0.04018,0.0202,0.04737,0.03,-11.91,1.06,0.3064,0.042,-0.585,0.0,0.0,0,0.0,0.0
2,334,6.68,enter,0.0526,0.0478,0.02196,0.05817,0.03,-11.03,0.7,0.3045,0.0373,-1.727,0.0,0.0,0,0.0,0.0
3,334,6.68,enter,0.04084,0.03798,0.015,0.04552,0.03,-12.09,0.7,0.3051,0.0297,-1.499,0.0,0.0,0,0.0,0.0
4,334,6.68,enter,0.04987,0.04091,0.02853,0.05642,0.03,-13.76,0.86,0.3121,0.0341,-1.819,0.0,0.0,0,0.0,0.0
5,334,6.68,enter,0.04995,0.04731,0.01603,0.0472,0.03,-10.45,0.8,0.3051,0.0398,-0.607,0.0,0.0,0,0.0,0.0
6,334,6.68,enter,0.03405,0.02974,0.01658,0.03642,0.03,-11.8,0.79,0.3049,0.0566,-0.113,0.0,0.0,0,0.0,0.0
7,334,6.68,enter,0.00819,0.00807,0.00142,0.03712,0.03,-18.56,1.85,0.3104,0.0442,0.716,0.0,0.0,0,0.0,0.0
0,335,6.7,enter,0.0053,0.00241,0.00472,0.03182,0.03,-19.85,2.1,0.3152,0.0404,-0.422,0.0,0.0,0,0.0,0.0
1,335,6.7,enter,0.04492,0.04002,0.0204,0.0462,0.03,-11.99,1.22,0.3065,0.0421,-0.566,0.0,0.0,0,0.0,0.0
2,335,6.7,enter,0.05226,0.04759,0.0216,0.05769,0.03,-11.02,0.7,0.3045,0.0373,-1.729,0.0,0.0,0,0.0,0.0
3,335,6.7,enter,0.04056,0.03778,0.01475,0.04498,0.03,-12.1,0.69,0.3051,0.0297,-1.503,0.0,0.0,0,0.0,0.0
4,335,6.7,enter,0.04962,0.04058,0.02855,0.05562,0.03,-13.8,0.97,0.312,0.0343,-1.812,0.0,0.0,0,0.0,0.0
5,335,6.7,enter,0.04999,0.04724,0.01634,0.04708,0.03,-10.43,0.78,0.3052,0.0396,-0.62,0.0,0.0,0,0.0,0.0
6,335,6.7,enter,0.0318,0.02758,0.01582,0.03495,0.03,-12.07,0.85,0.305,0.0565,-0.119,0.0,0.0,0,0.0,0.0
7,335,6.7,enter,0.00756,0.00732,0.00188,0.03656,0.03,-18.45,1.68,0.3104,0.0442,0.734,0.0,0.0,0,0.0,0.0
0,336,6.72,enter,0.00611,0.00297,0.00534,0.03339,0.03,-19.68,1.84,0.3151,0.0405,-0.44,0.0,0.0,0,0.0,0.0
1,336,6.72,enter,0.04504,0.0397,0.02128,0.04715,0.03,-11.87,1.03,0.3065,0.0422,-0.58,0.0,0.0,0,0.0,0.0
2,336,6.72,enter,0.05171,0.04713,0.02128,0.05704,0.03,-11.07,0.7,0.3044,0.0373,-1.731,0.0,0.0,0,0.0,0.0
3,336,6.72,enter,0.04025,0.03758,0.01442,0.0447,0.03,-12.09,0.65,0.3051,0.0297,-1.51,0.0,0.0,0,0.0,0.0
4,336,6.72,enter,0.05033,0.04134,0.02872,0.05679,0.03,-13.61,0.83,0.312,0.0345,-1.822,0.0,0.0,0,0.0,0.0
5,336,6.72,enter,0.04982,0.04707,0.01633,0.04676,0.03,-10.44,0.78,0.3053,0.0395,-0.629,0.0,0.0,0,0.0,0.0
6,336,6.72,enter,0.03169,0.02712,0.0164,0.0343,0.03,-12.14,1.05,0.305,0.0564,-0.116,0.0,0.0,0,0.0,0.0
7,336,6.72,enter,0.00764,0.00736,0.00207,0.03648,0.03,-18.49,1.28,0.3105,0.0442,0.755,0.0,0.0,0,0.0,0.0
0,337,6.74,enter,0.00706,0.0037,0.00601,0.03446,0.03,-19.53,1.69,0.3151,0.0406,-0.442,0.0,0.0,0,0.0,0.0
1,337,6.74,enter,0.04284,0.03771,0.02033,0.04517,0.03,-12.17,1.05,0.3066,0.0423,-0.572,0.0,0.0,0,0.0,0.0
2,337,6.74,enter,0.05086,0.04628,0.02109,0.05614,0.03,-11.18,0.72,0.3044,0.0373,-1.733,0.0,0.0,0,0.0,0.0
3,337,6.74,enter,0.0399,0.03731,0.01414,0.04479,0.03,-12.09,0.62,0.3051,0.0297,-1.524,0.0,0.0,0,0.0,0.0
4,337,6.74,enter,0.04875,0.04022,0.02756,0.05525,0.03,-13.77,0.84,0.312,0.0346,-1.814,0.0,0.0,0,0.0,0.0
5,337,6.74,enter,0.04977,0.04708,0.01613,0.04624,0.03,-10.47,0.83,0.3054,0.0392,-0.629,0.0,0.0,0,0.0,0.0
6,337,6.74,enter,0.03152,0.02648,0.0171,0.03503,0.03,-12.06,1.02,0.3051,0.0564,-0.117,0.0,0.0,0,0.0,0.0
7,337,6.74,enter,0.00743,0.00736,0.00107,0.03685,0.03,-18.34,1.21,0.3105,0.0442,0.74,0.0,0.0,0,0.0,0.0
0,338,6.76,enter,0.00746,0.00362,0.00653,0.03452,0.03,-19.42,1.58,0.3151,0.0407,-0.436,0.0,0.0,0,0.0,0.0
1,338,6.76,enter,0.04286,0.03755,0.02067,0.04461,0.03,-12.2,1.13,0.3066,0.0424,-0.559,0.0,0.0,0,0.0,0.0
2,338,6.76,enter,0.05007,0.04547,0.02096,0.05547,0.03,-11.27,0.73,0.3044,0.0373,-1.738,0.0,0.0,0,0.0,0.0
3,338,6.76,enter,0.03966,0.0371,0.01401,0.04435,0.03,-12.12,0.68,0.3051,0.0297,-1.529,0.0,0.0,0,0.0,0.0
4,338,6.76,enter,0.04898,0.04036,0.02775,0.05497,0.03,-13.7,0.87,0.3119,0.0348,-1.803,0.0,0.0,0,0.0,0.0
5,338,6.76,enter,0.04967,0.0469,0.01633,0.04672,0.03,-10.4,0.76,0.3054,0.039,-0.648,0.0,0.0,0,0.0,0.0
6,338,6.76,enter,0.03046,0.02542,0.01678,0.03514,0.03,-12.13,1.0,0.3052,0.0563,-0.119,0.0,0.0,0,0.0,0.0
7,338,6.76,enter,0.00483,0.00483,-3e-05,0.03467,0.03,-18.1,1.52,0.3105,0.0441,0.747,0.0,0.0,0,0.0,0.0
0,339,6.78,enter,0.00754,0.00378,0.00652,0.03454,0.03,-19.33,1.29,0.315,0.0408,-0.428,0.0,0.0,0,0.0,0.0
1,339,6.78,enter,0.04295,0.0373,0.02129,0.04545,0.03,-12.07,0.99,0.3066,0.0426,-0.564,0.0,0.0,0,0.0,0.0
2,339,6.78,enter,0.05037,0.04579,0.02098,0.05567,0.03,-11.2,0.74,0.3043,0.0373,-1.741,0.0,0.0,0,0.0,0.0
3,339,6.78,enter,0.03933,0.0368,0.01388,0.04358,0.03,-12.16,0.73,0.3051,0.0297,-1.528,0.0,0.0,0,0.0,0.0
4,339,6.78,enter,0.04968,0.04092,0.02816,0.05626,0.03,-13.53,0.72,0.3119,0.035,-1.815,0.0,0.0,0,0.0,0.0
5,339,6.78,enter,0.04893,0.04636,0.01567,0.04601,0.03,-10.51,0.81,0.3055,0.0388,-0.653,0.0,0.0,0,0.0,0.0
6,339,6.78,enter,0.02908,0.02447,0.01571,0.03421,0.03,-12.37,1.13,0.3053,0.0562,-0.119,0.0,0.0,0,0.0,0.0
7,339,6.78,enter,0.00361,0.00348,0.00093,0.0326,0.03,-18.19,1.55,0.3106,0.0442,0.762,0.0,0.0,0,0.0,0.0
0,340,6.8,enter,0.00668,0.00385,0.00546,0.03409,0.03,-19.12,1.25,0.315,0.0408,-0.428,0.0,0.0,0,0.0,0.0
1,340,6.8,enter,0.04118,0.03591,0.02015,0.04412,0.03,-12.28,0.98,0.3066,0.0427,-0.558,0.0,0.0,0,0.0,0.0
2,340,6.8,enter,0.0503,0.04594,0.02049,0.05564,0.03,-11.15,0.72,0.3043,0.0373,-1.74,0.0,0.0,0,0.0,0.0
3,340,6.8,enter,0.03917,0.03668,0.01373,0.04311,0.03,-12.15,0.72,0.305,0.0297,-1.529,0.0,0.0,0,0.0,0.0
4,340,6.8,enter,0.04827,0.03981,0.0273,0.05485,0.03,-13.68,0.74,0.3118,0.0352,-1.804,0.0,0.0,0,0.0,0.0
5,340,6.8,enter,0.049,0.04651,0.01542,0.04578,0.03,-10.52,0.88,0.3056,0.0385,-0.65,0.0,0.0,0,0.0,0.0
6,340,6.8,enter,0.02693,0.02273,0.01445,0.03112,0.03,-12.83,1.43,0.3054,0.0562,-0.096,0.0,0.0,0,0.0,0.0
7,340,6.8,enter,0.00675,0.00643,0.00206,0.03117,0.03,-18.64,1.6,0.3108,0.0443,0.764,0.0,0.0,0,0.0,0.0
0,341,6.82,enter,0.00609,0.00464,0.00394,0.03398,0.03,-18.95,1.19,0.3149,0.0408,-0.432,0.0,0.0,0,0.0,0.0
1,341,6.82,enter,0.0408,0.03586,0.01945,0.04324,0.03,-12.43,1.11,0.3066,0.0429,-0.553,0.0,0.0,0,0.0,0.0
2,341,6.82,enter,0.0497,0.04545,0.02012,0.05489,0.03,-11.22,0.74,0.3042,0.0373,-1.736,0.0,0.0,0,0.0,0.0
3,341,6.82,enter,0.03903,0.03663,0.01347,0.04303,0.03,-12.11,0.67,0.305,0.0297,-1.534,0.0,0.0,0,0.0,0.0
4,341,6.82,enter,0.04837,0.03993,0.0273,0.05444,0.03,-13.62,0.78,0.3118,0.0354,-1.791,0.0,0.0,0,0.0,0.0
5,341,6.82,enter,0.04896,0.04648,0.01539,0.04566,0.03,-10.5,0.9,0.3057,0.0383,-0.649,0.0,0.0,0,0.0,0.0
6,341,6.82,enter,0.02715,0.02234,0.01543,0.03087,0.03,-12.84,1.51,0.3056,0.0562,-0.086,0.0,0.0,0,0.0,0.0
7,341,6.82,enter,0.00868,0.00833,0.00243,0.03068,0.03,-18.85,1.63,0.3109,0.0443,0.755,0.0,0.0,0,0.0,0.0
0,342,6.84,enter,0.00368,0.00205,0.00306,0.03052,0.03,-19.06,1.54,0.3148,0.0408,-0.422,0.0,0.0,0,0.0,0.0
1,342,6.84,enter,0.03817,0.03313,0.01896,0.04149,0.03,-12.81,0.91,0.3067,0.0431,-0.554,0.0,0.0,0,0.0,0.0
2,342,6.84,enter,0.04898,0.04467,0.02009,0.05389,0.03,-11.31,0.78,0.3042,0.0373,-1.729,0.0,0.0,0,0.0,0.0
3,342,6.84,enter,0.03873,0.0364,0.01324,0.04322,0.03,-12.09,0.63,0.305,0.0297,-1.544,0.0,0.0,0,0.0,0.0
4,342,6.84,enter,0.04898,0.04055,0.02748,0.05547,0.03,-13.45,0.65,0.3117,0.0356,-1.799,0.0,0.0,0,0.0,0.0
5,342,6.84,enter,0.04879,0.04628,0.01545,0.0458,0.03,-10.47,0.87,0.3057,0.0381,-0.656,0.0,0.0,0,0.0,0.0
6,342,6.84,enter,0.02723,0.02165,0.01652,0.03267,0.03,-12.66,1.3,0.3057,0.0563,-0.093,0.0,0.0,0,0.0,0.0
7,342,6.84,enter,0.00772,0.00743,0.0021,0.03149,0.03,-18.74,1.55,0.311,0.0442,0.733,0.0,0.0,0,0.0,0.0
0,343,6.86,enter,0.00514,0.00306,0.00413,0.02771,0.03,-19.37,1.58,0.3148,0.041,-0.417,0.0,0.0,0,0.0,0.0
1,343,6.86,enter,0.03525,0.02944,0.01938,0.03882,0.03,-13.28,1.14,0.3068,0.0434,-0.543,0.0,0.0,0,0.0,0.0
2,343,6.86,enter,0.04841,0.04409,0.02001,0.05354,0.03,-11.35,0.75,0.3042,0.0373,-1.731,0.0,0.0,0,0.0,0.0
3,343,6.86,enter,0.03851,0.0362,0.01314,0.04279,0.03,-12.12,0.69,0.305,0.0297,-1.545,0.0,0.0,0,0.0,0.0
4,343,6.86,enter,0.04733,0.03924,0.02646,0.05384,0.03,-13.63,0.68,0.3117,0.0357,-1.788,0.0,0.0,0,0.0,0.0
5,343,6.86,enter,0.04813,0.04567,0.0152,0.046,0.03,-10.52,0.82,0.3058,0.0378,-0.673,0.0,0.0,0,0.0,0.0
6,343,6.86,enter,0.02528,0.01994,0.01553,0.03274,0.03,-12.84,1.21,0.3059,0.0563,-0.092,0.0,0.0,0,0.0,0.0
7,343,6.86,enter,0.00682,0.00661,0.00168,0.033,0.03,-18.58,1.48,0.3111,0.0442,0.72,0.0,0.0,0,0.0,0.0
0,344,6.88,enter,0.00784,0.00636,0.00459,0.02633,0.03,-19.75,1.64,0.3148,0.041,-0.431,0.0,0.0,0,0.0,0.0
1,344,6.88,enter,0.03418,0.0275,0.02029,0.03898,0.03,-13.41,1.19,0.3069,0.0437,-0.549,0.0,0.0,0,0.0,0.0
2,344,6.88,enter,0.04792,0.04369,0.01968,0.05337,0.03,-11.41,0.74,0.3041,0.0374,-1.734,0.0,0.0,0,0.0,0.0
3,344,6.88,enter,0.03833,0.03603,0.01307,0.04215,0.03,-12.14,0.74,0.3049,0.0297,-1.542,0.0,0.0,0,0.0,0.0
4,344,6.88,enter,0.04727,0.03916,0.02648,0.05345,0.03,-13.62,0.75,0.3116,0.0359,-1.782,0.0,0.0,0,0.0,0.0
5,344,6.88,enter,0.04704,0.0449,0.01402,0.04434,0.03,-10.86,1.03,0.3058,0.0376,-0.672,0.0,0.0,0,0.0,0.0
6,344,6.88,enter,0.02478,0.0203,0.0142,0.0316,0.03,-12.97,1.39,0.306,0.0564,-0.075,0.0,0.0,0,0.0,0.0
7,344,6.88,enter,0.00742,0.00717,0.00193,0.03398,0.03,-18.58,1.49,0.3112,0.0442,0.724,0.0,0.0,0,0.0,0.0
0,345,6.9,enter,0.00729,0.00586,0.00434,0.02722,0.03,-19.77,1.59,0.3147,0.0411,-0.463,0.0,0.0,0,0.0,0.0
1,345,6.9,enter,0.03421,0.02728,0.02064,0.04025,0.03,-13.31,1.15,0.307,0.0439,-0.544,0.0,0.0,0,0.0,0.0
2,345,6.9,enter,0.04833,0.04417,0.0196,0.05339,0.03,-11.33,0.8,0.3041,0.0374,-1.725,0.0,0.0,0,0.0,0.0
3,345,6.9,enter,0.03829,0.03603,0.01295,0.0418,0.03,-12.1,0.73,0.3049,0.0297,-1.539,0.0,0.0,0,0.0,0.0
4,345,6.9,enter,0.04753,0.0394,0.02658,0.05328,0.03,-13.54,0.77,0.3115,0.0361,-1.773,0.0,0.0,0,0.0,0.0
5,345,6.9,enter,0.04522,0.04314,0.01357,0.04073,0.03,-11.32,1.3,0.306,0.0374,-0.643,0.0,0.0,0,0.0,0.0
6,345,6.9,enter,0.0237,0.01959,0.01333,0.03001,0.03,-13.15,1.48,0.3061,0.0565,-0.052,0.0,0.0,0,0.0,0.0
7,345,6.9,enter,0.00913,0.00882,0.00236,0.03423,0.03,-18.79,1.6,0.3114,0.0442,0.737,0.0,0.0,0,0.0,0.0
0,346,6.92,enter,0.00549,0.00369,0.00406,0.02942,0.03,-19.62,1.49,0.3147,0.0411,-0.491,0.0,0.0,0,0.0,0.0
1,346,6.92,enter,0.03408,0.02757,0.02004,0.04047,0.03,-13.21,1.15,0.307,0.0442,-0.515,0.0,0.0,0,0.0,0.0
2,346,6.92,enter,0.04914,0.04505,0.01961,0.05413,0.03,-11.13,0.74,0.304,0.0374,-1.72,0.0,0.0,0,0.0,0.0
3,346,6.92,enter,0.03824,0.03605,0.01276,0.04177,0.03,-12.06,0.69,0.3049,0.0297,-1.539,0.0,0.0,0,0.0,0.0
4,346,6.92,enter,0.04683,0.03864,0.02646,0.05345,0.03,-13.57,0.65,0.3114,0.0363,-1.784,0.0,0.0,0,0.0,0.0
5,346,6.92,enter,0.04368,0.04069,0.01589,0.04037,0.03,-11.36,1.18,0.3062,0.0373,-0.659,0.0,0.0,0,0.0,0.0
6,346,6.92,enter,0.02445,0.01996,0.01412,0.02967,0.03,-13.06,1.49,0.3062,0.0566,-0.033,0.0,0.0,0,0.0,0.0
7,346,6.92,enter,0.01018,0.0099,0.00239,0.0346,0.03,-18.91,1.66,0.3115,0.0443,0.738,0.0,0.0,0,0.0,0.0
0,347,6.94,enter,0.00548,0.00332,0.00436,0.03086,0.03,-19.55,1.5,0.3146,0.0411,-0.493,0.0,0.0,0,0.0,0.0
1,347,6.94,enter,0.03431,0.02829,0.01941,0.04054,0.03,-13.05,1.09,0.3069,0.0445,-0.489,0.0,0.0,0,0.0,0.0
2,347,6.94,enter,0.04895,0.04497,0.01935,0.05416,0.03,-11.08,0.68,0.304,0.0374,-1.715,0.0,0.0,0,0.0,0.0
3,347,6.94,enter,0.03782,0.03568,0.01253,0.04174,0.03,-12.06,0.65,0.3049,0.0297,-1.543,0.0,0.0,0,0.0,0.0
4,347,6.94,enter,0.04466,0.03662,0.02556,0.05145,0.03,-13.89,0.79,0.3114,0.0365,-1.779,0.0,0.0,0,0.0,0.0
5,347,6.94,enter,0.04178,0.03778,0.01786,0.04199,0.03,-11.33,0.95,0.3064,0.0372,-0.699,0.0,0.0,0,0.0,0.0
6,347,6.94,enter,0.02475,0.01932,0.01546,0.03204,0.03,-12.81,1.18,0.3063,0.0568,-0.045,0.0,0.0,0,0.0,0.0
7,347,6.94,enter,0.00988,0.00967,0.00199,0.03511,0.03,-18.85,1.67,0.3117,0.0443,0.733,0.0,0.0,0,0.0,0.0
0,348,6.96,enter,0.0068,0.0047,0.00491,0.03175,0.03,-19.67,1.56,0.3146,0.0412,-0.488,0.0,0.0,0,0.0,0.0
1,348,6.96,enter,0.0349,0.02921,0.0191,0.04113,0.03,-12.83,0.94,0.3069,0.0448,-0.476,0.0,0.0,0,0.0,0.0
2,348,6.96,enter,0.04859,0.04456,0.01936,0.05376,0.03,-11.09,0.69,0.3039,0.0374,-1.707,0.0,0.0,0,0.0,0.0
3,348,6.96,enter,0.03782,0.03569,0.01254,0.04162,0.03,-12.04,0.7,0.3048,0.0297,-1.543,0.0,0.0,0,0.0,0.0
4,348,6.96,enter,0.04465,0.03653,0.02566,0.05046,0.03,-13.93,0.96,0.3113,0.0367,-1.764,0.0,0.0,0,0.0,0.0
5,348,6.96,enter,0.03773,0.0337,0.01696,0.04089,0.03,-11.85,1.06,0.3067,0.0371,-0.71,0.0,0.0,0,0.0,0.0
6,348,6.96,enter,0.02235,0.01716,0.01431,0.03179,0.03,-13.07,1.12,0.3064,0.057,-0.045,0.0,0.0,0,0.0,0.0
7,348,6.96,enter,0.00978,0.00965,0.0016,0.03603,0.03,-18.77,1.64,0.3118,0.0443,0.73,0.0,0.0,0,0.0,0.0
0,349,6.98,enter,0.0078,0.00605,0.00493,0.03261,0.03,-19.81,1.62,0.3147,0.0412,-0.488,0.0,0.0,0,0.0,0.0
1,349,6.98,enter,0.03411,0.02905,0.01787,0.04042,0.03,-12.85,0.86,0.3068,0.045,-0.464,0.0,0.0,0,0.0,0.0
2,349,6.98,enter,0.0488,0.04474,0.0195,0.05408,0.03,-10.99,0.67,0.3039,0.0375,-1.704,0.0,0.0,0,0.0,0.0
3,349,6.98,enter,0.03754,0.03545,0.01237,0.0412,0.03,-12.05,0.72,0.3048,0.0297,-1.54,0.0,0.0,0,0.0,0.0
4,349,6.98,enter,0.04544,0.03719,0.02611,0.05167,0.03,-13.73,0.82,0.3112,0.0369,-1.771,0.0,0.0,0,0.0,0.0
5,349,6.98,enter,0.03696,0.03295,0.01675,0.03909,0.03,-12.09,1.5,0.3069,0.0369,-0.662,0.0,0.0,0,0.0,0.0
6,349,6.98,enter,0.0222,0.01796,0.01304,0.03024,0.03,-13.16,1.34,0.3064,0.0571,-0.022,0.0,0.0,0,0.0,0.0
7,349,6.98,enter,0.0108,0.01069,0.00153,0.03716,0.03,-18.83,1.64,0.3119,0.0443,0.732,0.0,0.0,0,0.0,0.0
0,350,7.0,enter,0.00773,0.00638,0.00435,0.03334,0.03,-19.82,1.69,0.3147,0.0412,-0.492,0.0,0.0,0,0.0,0.0
1,350,7.0,enter,0.0349,0.03034,0.01726,0.03939,0.03,-12.74,0.93,0.3067,0.0454,-0.43,0.0,0.0,0,0.0,0.0
2,350,7.0,enter,0.04852,0.04463,0.01903,0.05413,0.03,-10.98,0.64,0.3038,0.0375,-1.703,0.0,0.0,0,0.0,0.0
3,350,7.0,enter,0.03764,0.03556,0.01232,0.0409,0.03,-12.01,0.75,0.3048,0.0297,-1.533,0.0,0.0,0,0.0,0.0
4,350,7.0,enter,0.04429,0.03629,0.02539,0.05053,0.03,-13.84,0.82,0.3111,0.037,-1.759,0.0,0.0,0,0.0,0.0
5,350,7.0,enter,0.03873,0.03444,0.01772,0.04153,0.03,-11.66,1.37,0.3071,0.0369,-0.638,0.0,0.0,0,0.0,0.0
6,350,7.0,enter,0.02077,0.01706,0.01185,0.02811,0.03,-13.44,1.28,0.3065,0.0573,0.004,0.0,0.0,0,0.0,0.0
7,350,7.0,enter,0.01236,0.01226,0.00151,0.03875,0.03,-18.91,1.73,0.312,0.0444,0.721,0.0,0.0,0,0.0,0.0
0,351,7.02,enter,0.0077,0.00654,0.00405,0.0343,0.03,-19.75,1.68,0.3147,0.0412,-0.492,0.0,0.0,0,0.0,0.0
1,351,7.02,enter,0.03707,0.03282,0.01725,0.04058,0.03,-12.25,0.73,0.3066,0.0457,-0.403,0.0,0.0,0,0.0,0.0
2,351,7.02,enter,0.04835,0.04456,0.01878,0.05358,0.03,-11.0,0.72,0.3038,0.0375,-1.69,0.0,0.0,0,0.0,0.0
3,351,7.02,enter,0.03766,0.03564,0.01219,0.04072,0.03,-11.96,0.73,0.3047,0.0297,-1.527,0.0,0.0,0,0.0,0.0
4,351,7.02,enter,0.04444,0.03639,0.02551,0.05015,0.03,-13.77,0.85,0.3111,0.0372,-1.742,0.0,0.0,0,0.0,0.0
5,351,7.02,enter,0.04064,0.03614,0.01859,0.04661,0.03,-11.0,0.86,0.3073,0.0368,-0.642,0.0,0.0,0,0.0,0.0
6,351,7.02,enter,0.02165,0.01767,0.0125,0.02763,0.03,-13.34,1.32,0.3065,0.0577,0.02,0.0,0.0,0,0.0,0.0
7,351,7.02,enter,0.01261,0.01251,0.00159,0.03904,0.03,-18.84,1.98,0.3122,0.0444,0.712,0.0,0.0,0,0.0,0.0
0,352,7.04,enter,0.00845,0.00747,0.00396,0.03531,0.03,-19.78,1.68,0.3147,0.0413,-0.487,0.0,0.0,0,0.0,0.0
1,352,7.04,enter,0.03792,0.034,0.01678,0.04274,0.03,-11.83,0.36,0.3064,0.0461,-0.407,0.0,0.0,0,0.0,0.0
2,352,7.04,enter,0.04846,0.04464,0.01887,0.05331,0.03,-10.92,0.74,0.3037,0.0375,-1.676,0.0,0.0,0,0.0,0.0
3,352,7.04,enter,0.03745,0.03547,0.01203,0.04063,0.03,-11.94,0.69,0.3047,0.0298,-1.524,0.0,0.0,0,0.0,0.0
4,352,7.04,enter,0.04504,0.03683,0.02593,0.05122,0.03,-13.6,0.72,0.311,0.0375,-1.746,0.0,0.0,0,0.0,0.0
5,352,7.04,enter,0.0411,0.03687,0.01817,0.04827,0.03,-10.83,0.77,0.3074,0.0367,-0.619,0.0,0.0,0,0.0,0.0
6,352,7.04,enter,0.02191,0.01699,0.01384,0.03027,0.03,-13.03,1.0,0.3065,0.058,0.007,0.0,0.0,0,0.0,0.0
7,352,7.04,enter,0.01034,0.0102,0.00171,0.03632,0.03,-18.61,2.29,0.3123,0.0445,0.739,0.0,0.0,0,0.0,0.0
0,353,7.06,enter,0.00958,0.00884,0.00368,0.03673,0.03,-19.85,1.74,0.3147,0.0413,-0.494,0.0,0.0,0,0.0,0.0
1,353,7.06,enter,0.03734,0.03362,0.01625,0.04289,0.03,-11.78,0.33,0.3063,0.0464,-0.406,0.0,0.0,0,0.0,0.0
2,353,7.06,enter,0.04875,0.04491,0.01897,0.05369,0.03,-10.79,0.67,0.3036,0.0376,-1.671,0.0,0.0,0,0.0,0.0
3,353,7.06,enter,0.03687,0.0349,0.01189,0.04033,0.03,-11.97,0.69,0.3047,0.0298,-1.522,0.0,0.0,0,0.0,0.0
4,353,7.06,enter,0.04374,0.03576,0.02518,0.04995,0.03,-13.73,0.75,0.3109,0.0376,-1.731,0.0,0.0,0,0.0,0.0
5,353,7.06,enter,0.04067,0.03689,0.01711,0.04802,0.03,-10.86,0.77,0.3075,0.0366,-0.587,0.0,0.0,0,0.0,0.0
6,353,7.06,enter,0.01983,0.01513,0.01282,0.03012,0.03,-13.21,0.96,0.3065,0.0583,0.015,0.0,0.0,0,0.0,0.0
7,353,7.06,enter,0.0091,0.00885,0.00211,0.0351,0.03,-18.43,2.13,0.3124,0.0445,0.75,0.0,0.0,0,0.0,0.0
0,354,7.08,enter,0.01003,0.00944,0.00341,0.0377,0.03,-19.81,1.86,0.3147,0.0414,-0.501,0.0,0.0,0,0.0,0.0
1,354,7.08,enter,0.03649,0.0327,0.0162,0.04168,0.03,-11.85,0.48,0.3063,0.0468,-0.386,0.0,0.0,0,0.0,0.0
2,354,7.08,enter,0.04809,0.04437,0.01854,0.05341,0.03,-10.84,0.64,0.3036,0.0376,-1.668,0.0,0.0,0,0.0,0.0
3,354,7.08,enter,0.03706,0.03509,0.01194,0.04014,0.03,-11.94,0.75,0.3046,0.0298,-1.516,0.0,0.0,0,0.0,0.0
4,354,7.08,enter,0.04384,0.03584,0.02525,0.0495,0.03,-13.67,0.8,0.3108,0.0379,-1.712,0.0,0.0,0,0.0,0.0
5,354,7.08,enter,0.04079,0.03742,0.01623,0.04759,0.03,-10.85,0.76,0.3075,0.0365,-0.564,0.0,0.0,0,0.0,0.0
6,354,7.08,enter,0.01998,0.01614,0.01177,0.02831,0.03,-13.27,1.2,0.3065,0.0586,0.042,0.0,0.0,0,0.0,0.0
7,354,7.08,enter,0.00875,0.00831,0.00273,0.03402,0.03,-18.38,1.88,0.3125,0.0446,0.765,0.0,0.0,0,0.0,0.0
0,355,7.1,enter,0.00878,0.00811,0.00337,0.03626,0.03,-19.69,1.99,0.3147,0.0414,-0.476,0.0,0.0,0,0.0,0.0
1,355,7.1,enter,0.03577,0.03183,0.01633,0.0407,0.03,-11.88,0.54,0.3062,0.0471,-0.367,0.0,0.0,0,0.0,0.0
2,355,7.1,enter,0.04751,0.0438,0.0184,0.05236,0.03,-10.95,0.74,0.3035,0.0377,-1.652,0.0,0.0,0,0.0,0.0
3,355,7.1,enter,0.03705,0.03514,0.01173,0.04011,0.03,-11.89,0.75,0.3046,0.0298,-1.509,0.0,0.0,0,0.0,0.0
4,355,7.1,enter,0.04445,0.03633,0.02561,0.05046,0.03,-13.49,0.69,0.3108,0.0381,-1.71,0.0,0.0,0,0.0,0.0
5,355,7.1,enter,0.04067,0.03776,0.01509,0.04649,0.03,-10.89,0.74,0.3074,0.0365,-0.542,0.0,0.0,0,0.0,0.0
6,355,7.1,enter,0.01926,0.01557,0.01135,0.02708,0.03,-13.43,1.02,0.3065,0.059,0.062,0.0,0.0,0,0.0,0.0
7,355,7.1,enter,0.00905,0.00847,0.00318,0.03449,0.03,-18.39,1.44,0.3126,0.0447,0.771,0.0,0.0,0,0.0,0.0
0,356,7.12,enter,0.00869,0.00783,0.00376,0.03647,0.03,-19.54,1.86,0.3147,0.0415,-0.473,0.0,0.0,0,0.0,0.0
1,356,7.12,enter,0.03484,0.03085,0.0162,0.04,0.03,-11.93,0.53,0.306,0.0474,-0.36,0.0,0.0,0,0.0,0.0
2,356,7.12,enter,0.04809,0.04427,0.01877,0.05241,0.03,-10.81,0.77,0.3034,0.0377,-1.636,0.0,0.0,0,0.0,0.0
3,356,7.12,enter,0.03689,0.03504,0.01153,0.03984,0.03,-11.87,0.74,0.3045,0.0298,-1.5,0.0,0.0,0,0.0,0.0
4,356,7.12,enter,0.04328,0.03545,0.02483,0.04955,0.03,-13.6,0.7,0.3107,0.0383,-1.699,0.0,0.0,0,0.0,0.0
5,356,7.12,enter,0.04074,0.03822,0.01411,0.04486,0.03,-10.95,0.75,0.3073,0.0364,-0.518,0.0,0.0,0,0.0,0.0
6,356,7.12,enter,0.01837,0.01401,0.01189,0.02728,0.03,-13.52,1.05,0.3066,0.0595,0.058,0.0,0.0,0,0.0,0.0
7,356,7.12,enter,0.00826,0.00782,0.00266,0.0353,0.03,-18.2,1.3,0.3127,0.0447,0.752,0.0,0.0,0,0.0,0.0
0,357,7.14,enter,0.0086,0.00753,0.00415,0.03654,0.03,-19.4,1.76,0.3146,0.0415,-0.467,0.0,0.0,0,0.0,0.0
1,357,7.14,enter,0.03382,0.03017,0.01528,0.03877,0.03,-12.1,0.6,0.3058,0.0477,-0.354,0.0,0.0,0,0.0,0.0
2,357,7.14,enter,0.04875,0.04499,0.01879,0.05341,0.03,-10.61,0.65,0.3033,0.0378,-1.634,0.0,0.0,0,0.0,0.0
3,357,7.14,enter,0.03679,0.03494,0.01154,0.03961,0.03,-11.83,0.74,0.3045,0.0299,-1.491,0.0,0.0,0,0.0,0.0
4,357,7.14,enter,0.04269,0.0349,0.02459,0.04909,0.03,-13.65,0.76,0.3106,0.0385,-1.692,0.0,0.0,0,0.0,0.0
5,357,7.14,enter,0.04109,0.03873,0.01372,0.0445,0.03,-10.89,0.6,0.3072,0.0363,-0.516,0.0,0.0,0,0.0,0.0
6,357,7.14,enter,0.01522,0.00997,0.0115,0.02861,0.03,-13.81,1.0,0.3066,0.0599,0.039,0.0,0.0,0,0.0,0.0
7,357,7.14,enter,0.00584,0.00554,0.00184,0.03375,0.03,-17.92,1.56,0.3127,0.0447,0.759,0.0,0.0,0,0.0,0.0
0,358,7.16,enter,0.00879,0.0076,0.00442,0.03707,0.03,-19.25,1.65,0.3146,0.0416,-0.465,0.0,0.0,0,0.0,0.0
1,358,7.16,enter,0.0328,0.02977,0.01378,0.03641,0.03,-12.3,0.78,0.3056,0.048,-0.331,0.0,0.0,0,0.0,0.0
2,358,7.16,enter,0.04768,0.0441,0.01811,0.05227,0.03,-10.76,0.69,0.3033,0.0378,-1.619,0.0,0.0,0,0.0,0.0
3,358,7.16,enter,0.03691,0.03505,0.01157,0.03991,0.03,-11.75,0.71,0.3045,0.0299,-1.487,0.0,0.0,0,0.0,0.0
4,358,7.16,enter,0.04178,0.03394,0.02437,0.04813,0.03,-13.8,0.88,0.3105,0.0387,-1.684,0.0,0.0,0,0.0,0.0
5,358,7.16,enter,0.04102,0.03893,0.01295,0.04285,0.03,-10.98,0.62,0.3071,0.0363,-0.501,0.0,0.0,0,0.0,0.0
6,358,7.16,enter,0.01476,0.01002,0.01084,0.02802,0.03,-13.84,1.24,0.3067,0.0603,0.061,0.0,0.0,0,0.0,0.0
7,358,7.16,enter,0.00572,0.00505,0.00269,0.03235,0.03,-17.85,1.57,0.3128,0.0448,0.773,0.0,0.0,0,0.0,0.0
0,359,7.18,enter,0.00888,0.00751,0.00475,0.03731,0.03,-19.1,1.58,0.3145,0.0416,-0.458,0.0,0.0,0,0.0,0.0
1,359,7.18,enter,0.0335,0.03038,0.01412,0.03627,0.03,-12.12,0.77,0.3054,0.0483,-0.316,0.0,0.0,0,0.0,0.0
2,359,7.18,enter,0.04647,0.04286,0.01796,0.05071,0.03,-10.91,0.77,0.3032,0.0379,-1.598,0.0,0.0,0,0.0,0.0
3,359,7.18,enter,0.03674,0.03496,0.01129,0.04006,0.03,-11.71,0.69,0.3044,0.0299,-1.482,0.0,0.0,0,0.0,0.0
4,359,7.18,enter,0.04097,0.03317,0.02405,0.04677,0.03,-13.91,0.98,0.3105,0.0389,-1.663,0.0,0.0,0,0.0,0.0
5,359,7.18,enter,0.04193,0.03986,0.01303,0.04279,0.03,-10.84,0.54,0.3069,0.0362,-0.495,0.0,0.0,0,0.0,0.0
6,359,7.18,enter,0.01458,0.01055,0.01007,0.02733,0.03,-13.74,1.27,0.3067,0.0608,0.1,0.0,0.0,0,0.0,0.0
7,359,7.18,enter,0.00849,0.00757,0.00386,0.03173,0.03,-18.12,1.59,0.313,0.045,0.772,0.0,0.0,0,0.0,0.0
0,360,7.2,enter,0.00906,0.0075,0.00509,0.03749,0.03,-19.0,1.53,0.3145,0.0417,-0.451,0.0,0.0,0,0.0,0.0
1,360,7.2,enter,0.03334,0.02997,0.01461,0.03661,0.03,-12.0,0.65,0.3052,0.0486,-0.316,0.0,0.0,0,0.0,0.0
2,360,7.2,enter,0.04645,0.04269,0.01832,0.0506,0.03,-10.84,0.76,0.3032,0.038,-1.586,0.0,0.0,0,0.0,0.0
3,360,7.2,enter,0.03687,0.03514,0.01116,0.03979,0.03,-11.67,0.74,0.3044,0.03,-1.469,0.0,0.0,0,0.0,0.0
4,360,7.2,enter,0.04153,0.03363,0.02437,0.04712,0.03,-13.76,0.91,0.3104,0.0391,-1.651,0.0,0.0,0,0.0,0.0
5,360,7.2,enter,0.04208,0.04004,0.01296,0.04222,0.03,-10.8,0.5,0.3068,0.0362,-0.491,0.0,0.0,0,0.0,0.0
6,360,7.2,enter,0.01539,0.01157,0.01015,0.02718,0.03,-13.46,1.18,0.3067,0.0612,0.135,0.0,0.0,0,0.0,0.0
7,360,7.2,enter,0.01024,0.00925,0.00438,0.03094,0.03,-18.26,1.64,0.3131,0.0451,0.771,0.0,0.0,0,0.0,0.0
0,361,7.22,enter,0.00916,0.00743,0.00536,0.03755,0.03,-18.9,1.49,0.3145,0.0418,-0.446,0.0,0.0,0,0.0,0.0
1,361,7.22,enter,0.0318,0.02861,0.01387,0.035,0.03,-12.16,0.71,0.3051,0.0489,-0.299,0.0,0.0,0,0.0,0.0
2,361,7.22,enter,0.04681,0.04314,0.01816,0.05147,0.03,-10.68,0.67,0.3031,0.0381,-1.582,0.0,0.0,0,0.0,0.0
3,361,7.22,enter,0.03679,0.03508,0.01111,0.03945,0.03,-11.64,0.75,0.3043,0.03,-1.455,0.0,0.0,0,0.0,0.0
4,361,7.22,enter,0.04211,0.0342,0.02457,0.0481,0.03,-13.57,0.78,0.3103,0.0393,-1.648,0.0,0.0,0,0.0,0.0
5,361,7.22,enter,0.0422,0.04011,0.0131,0.0416,0.03,-10.77,0.49,0.3066,0.0361,-0.484,0.0,0.0,0,0.0,0.0
6,361,7.22,enter,0.01517,0.01081,0.01064,0.02943,0.03,-13.1,0.8,0.3067,0.0617,0.144,0.0,0.0,0,0.0,0.0
7,361,7.22,enter,0.00966,0.00859,0.00443,0.03162,0.03,-18.15,1.55,0.3132,0.0451,0.749,0.0,0.0,0,0.0,0.0
0,362,7.24,enter,0.00907,0.0072,0.0055,0.03747,0.03,-18.79,1.46,0.3144,0.0418,-0.441,0.0,0.0,0,0.0,0.0
1,362,7.24,enter,0.03175,0.02855,0.0139,0.03382,0.03,-12.16,0.81,0.3049,0.0491,-0.275,0.0,0.0,0,0.0,0.0
2,362,7.24,enter,0.04662,0.04322,0.01749,0.05177,0.03,-10.65,0.64,0.303,0.0381,-1.575,0.0,0.0,0,0.0,0.0
3,362,7.24,enter,0.0368,0.03508,0.01112,0.03948,0.03,-11.57,0.72,0.3043,0.0301,-1.447,0.0,0.0,0,0.0,0.0
4,362,7.24,enter,0.04085,0.03331,0.02365,0.04697,0.03,-13.68,0.79,0.3102,0.0395,-1.63,0.0,0.0,0,0.0,0.0
5,362,7.24,enter,0.0421,0.03993,0.01335,0.04098,0.03,-10.75,0.49,0.3065,0.0361,-0.48,0.0,0.0,0,0.0,0.0
6,362,7.24,enter,0.01509,0.01062,0.01073,0.03147,0.03,-12.82,0.61,0.3066,0.0623,0.154,0.0,0.0,0,0.0,0.0
7,362,7.24,enter,0.0088,0.00766,0.00433,0.03321,0.03,-17.99,1.46,0.3132,0.0451,0.731,0.0,0.0,0,0.0,0.0
0,363,7.26,enter,0.00911,0.00717,0.00562,0.0376,0.03,-18.66,1.41,0.3143,0.0418,-0.439,0.0,0.0,0,0.0,0.0
1,363,7.26,enter,0.03151,0.02785,0.01474,0.03417,0.03,-12.05,0.71,0.3047,0.0494,-0.275,0.0,0.0,0,0.0,0.0
2,363,7.26,enter,0.04643,0.04308,0.01732,0.05085,0.03,-10.69,0.78,0.3029,0.0382,-1.549,0.0,0.0,0,0.0,0.0
3,363,7.26,enter,0.03663,0.03496,0.01095,0.03964,0.03,-11.52,0.69,0.3042,0.0301,-1.441,0.0,0.0,0,0.0,0.0
4,363,7.26,enter,0.04096,0.03334,0.02378,0.04676,0.03,-13.62,0.83,0.3101,0.0398,-1.613,0.0,0.0,0,0.0,0.0
5,363,7.26,enter,0.04185,0.0396,0.01356,0.0403,0.03,-10.76,0.5,0.3063,0.036,-0.478,0.0,0.0,0,0.0,0.0
6,363,7.26,enter,0.01412,0.01008,0.00988,0.03189,0.03,-12.77,0.61,0.3066,0.0627,0.186,0.0,0.0,0,0.0,0.0
7,363,7.26,enter,0.00869,0.00741,0.00453,0.03432,0.03,-17.85,1.46,0.3133,0.0452,0.732,0.0,0.0,0,0.0,0.0
0,364,7.28,enter,0.00923,0.00725,0.00572,0.0378,0.03,-18.53,1.37,0.3142,0.0419,-0.437,0.0,0.0,0,0.0,0.0
1,364,7.28,enter,0.02957,0.02599,0.01412,0.03268,0.03,-12.27,0.74,0.3046,0.0497,-0.266,0.0,0.0,0,0.0,0.0
2,364,7.28,enter,0.04692,0.04341,0.01781,0.05088,0.03,-10.54,0.78,0.3028,0.0383,-1.528,0.0,0.0,0,0.0,0.0
3,364,7.28,enter,0.03663,0.03501,0.01077,0.03944,0.03,-11.5,0.73,0.3041,0.0302,-1.429,0.0,0.0,0,0.0,0.0
4,364,7.28,enter,0.04116,0.03342,0.02404,0.04706,0.03,-13.51,0.79,0.3101,0.04,-1.601,0.0,0.0,0,0.0,0.0
5,364,7.28,enter,0.04139,0.03906,0.0137,0.04001,0.03,-10.79,0.49,0.3062,0.0359,-0.486,0.0,0.0,0,0.0,0.0
6,364,7.28,enter,0.01351,0.01011,0.00896,0.03121,0.03,-12.71,0.66,0.3065,0.0631,0.225,0.0,0.0,0,0.0,0.0
7,364,7.28,enter,0.00966,0.00825,0.00503,0.03522,0.03,-17.86,1.5,0.3134,0.0453,0.736,0.0,0.0,0,0.0,0.0
0,365,7.3,enter,0.00944,0.00738,0.00589,0.038,0.03,-18.43,1.33,0.3141,0.0419,-0.435,0.0,0.0,0,0.0,0.0
1,365,7.3,enter,0.02921,0.02596,0.01339,0.03123,0.03,-12.45,0.92,0.3044,0.0499,-0.251,0.0,0.0,0,0.0,0.0
2,365,7.3,enter,0.04707,0.04357,0.01783,0.05148,0.03,-10.42,0.66,0.3028,0.0384,-1.522,0.0,0.0,0,0.0,0.0
3,365,7.3,enter,0.03661,0.03501,0.01068,0.03906,0.03,-11.47,0.75,0.3041,0.0302,-1.412,0.0,0.0,0,0.0,0.0
4,365,7.3,enter,0.04055,0.03295,0.02362,0.04669,0.03,-13.52,0.77,0.31,0.0402,-1.587,0.0,0.0,0,0.0,0.0
5,365,7.3,enter,0.041,0.03894,0.01282,0.03885,0.03,-11.0,0.66,0.306,0.0358,-0.486,0.0,0.0,0,0.0,0.0
6,365,7.3,enter,0.01387,0.01097,0.00848,0.02982,0.03,-12.55,0.68,0.3064,0.0635,0.265,0.0,0.0,0,0.0,0.0
7,365,7.3,enter,0.01051,0.00909,0.00528,0.03551,0.03,-17.92,1.57,0.3136,0.0454,0.742,0.0,0.0,0,0.0,0.0
0,366,7.32,enter,0.00945,0.00721,0.00611,0.03784,0.03,-18.38,1.34,0.314,0.042,-0.43,0.0,0.0,0,0.0,0.0
1,366,7.32,enter,0.02743,0.02461,0.0121,0.02961,0.03,-12.67,0.94,0.3043,0.0501,-0.237,0.0,0.0,0,0.0,0.0
2,366,7.32,enter,0.04609,0.04276,0.01719,0.05062,0.03,-10.55,0.7,0.3027,0.0385,-1.508,0.0,0.0,0,0.0,0.0
3,366,7.32,enter,0.03657,0.03499,0.01066,0.03891,0.03,-11.41,0.74,0.304,0.0303,-1.399,0.0,0.0,0,0.0,0.0
4,366,7.32,enter,0.03998,0.03249,0.02329,0.04648,0.03,-13.55,0.78,0.3099,0.0405,-1.578,0.0,0.0,0,0.0,0.0
5,366,7.32,enter,0.04038,0.03879,0.01122,0.03625,0.03,-11.26,0.9,0.3059,0.0357,-0.454,0.0,0.0,0,0.0,0.0
6,366,7.32,enter,0.01419,0.01158,0.00821,0.02931,0.03,-12.39,0.55,0.3062,0.064,0.282,0.0,0.0,0,0.0,0.0
7,366,7.32,enter,0.01061,0.00923,0.00524,0.03619,0.03,-17.86,1.56,0.3136,0.0455,0.736,0.0,0.0,0,0.0,0.0
0,367,7.34,enter,0.00945,0.00712,0.00622,0.03773,0.03,-18.36,1.35,0.3139,0.042,-0.428,0.0,0.0,0,0.0,0.0
1,367,7.34,enter,0.02801,0.02499,0.01264,0.02922,0.03,-12.54,1.07,0.3042,0.0504,-0.21,0.0,0.0,0,0.0,0.0
2,367,7.34,enter,0.04566,0.04232,0.01714,0.04945,0.03,-10.6,0.81,0.3027,0.0386,-1.478,0.0,0.0,0,0.0,0.0
3,367,7.34,enter,0.03645,0.03489,0.01054,0.03899,0.03,-11.36,0.71,0.304,0.0303,-1.39,0.0,0.0,0,0.0,0.0
4,367,7.34,enter,0.03872,0.03127,0.02284,0.04523,0.03,-13.73,0.9,0.3098,0.0407,-1.564,0.0,0.0,0,0.0,0.0
5,367,7.34,enter,0.04105,0.03899,0.01284,0.03738,0.03,-10.91,0.81,0.3059,0.0357,-0.449,0.0,0.0,0,0.0,0.0
6,367,7.34,enter,0.01257,0.01072,0.00657,0.02742,0.03,-12.66,0.48,0.3059,0.0643,0.304,0.0,0.0,0,0.0,0.0
7,367,7.34,enter,0.01058,0.00928,0.00508,0.03701,0.03,-17.75,1.53,0.3137,0.0456,0.731,0.0,0.0,0,0.0,0.0
0,368,7.36,enter,0.00946,0.00715,0.00619,0.03776,0.03,-18.31,1.35,0.3138,0.042,-0.427,0.0,0.0,0,0.0,0.0
1,368,7.36,enter,0.02813,0.02449,0.01384,0.03158,0.03,-12.2,0.85,0.3041,0.0508,-0.213,0.0,0.0,0,0.0,0.0
2,368,7.36,enter,0.04651,0.04305,0.01762,0.05003,0.03,-10.38,0.77,0.3026,0.0387,-1.46,0.0,0.0,0,0.0,0.0
3,368,7.36,enter,0.03633,0.03483,0.01034,0.03886,0.03,-11.33,0.72,0.3039,0.0304,-1.378,0.0,0.0,0,0.0,0.0
4,368,7.36,enter,0.03852,0.03099,0.02287,0.04431,0.03,-13.77,1.01,0.3098,0.0409,-1.542,0.0,0.0,0,0.0,0.0
5,368,7.36,enter,0.04108,0.03833,0.01478,0.04077,0.03,-10.36,0.46,0.3059,0.0358,-0.472,0.0,0.0,0,0.0,0.0
6,368,7.36,enter,0.01559,0.01428,0.00624,0.02303,0.03,-12.54,0.79,0.3057,0.0646,0.367,0.0,0.0,0,0.0,0.0
7,368,7.36,enter,0.01049,0.00925,0.00495,0.03741,0.03,-17.65,1.54,0.3138,0.0457,0.736,0.0,0.0,0,0.0,0.0
0,369,7.38,enter,0.00954,0.00733,0.0061,0.03794,0.03,-18.23,1.35,0.3137,0.0421,-0.426,0.0,0.0,0,0.0,0.0
1,369,7.38,enter,0.02736,0.02354,0.01396,0.03267,0.03,-12.07,0.77,0.304,0.0511,-0.197,0.0,0.0,0,0.0,0.0
2,369,7.38,enter,0.04664,0.04329,0.01734,0.05082,0.03,-10.25,0.64,0.3025,0.0388,-1.454,0.0,0.0,0,0.0,0.0
3,369,7.38,enter,0.0363,0.03483,0.01022,0.03854,0.03,-11.3,0.75,0.3039,0.0305,-1.361,0.0,0.0,0,0.0,0.0
4,369,7.38,enter,0.03884,0.03127,0.02304,0.04483,0.03,-13.63,0.91,0.3097,0.0412,-1.533,0.0,0.0,0,0.0,0.0
5,369,7.38,enter,0.03994,0.0368,0.01553,0.0436,0.03,-10.14,0.26,0.306,0.0359,-0.494,0.0,0.0,0,0.0,0.0
6,369,7.38,enter,0.01714,0.0151,0.0081,0.02508,0.03,-11.89,0.32,0.3054,0.065,0.378,0.0,0.0,0,0.0,0.0
7,369,7.38,enter,0.01055,0.00939,0.00482,0.03778,0.03,-17.58,1.53,0.3138,0.0458,0.738,0.0,0.0,0,0.0,0.0
0,370,7.4,enter,0.00952,0.00732,0.00609,0.03793,0.03,-18.17,1.36,0.3136,0.0421,-0.422,0.0,0.0,0,0.0,0.0
1,370,7.4,enter,0.02576,0.02229,0.01291,0.03173,0.03,-12.22,0.86,0.304,0.0513,-0.167,0.0,0.0,0,0.0,0.0
2,370,7.4,enter,0.04563,0.04246,0.0167,0.04978,0.03,-10.39,0.7,0.3024,0.0389,-1.432,0.0,0.0,0,0.0,0.0
3,370,7.4,enter,0.03626,0.03481,0.01014,0.03835,0.03,-11.25,0.75,0.3038,0.0306,-1.346,0.0,0.0,0,0.0,0.0
4,370,7.4,enter,0.03817,0.03083,0.0225,0.04405,0.03,-13.66,0.9,0.3096,0.0414,-1.512,0.0,0.0,0,0.0,0.0
5,370,7.4,enter,0.03817,0.03539,0.01428,0.04269,0.03,-10.47,0.53,0.306,0.0358,-0.478,0.0,0.0,0,0.0,0.0
6,370,7.4,enter,0.0159,0.01361,0.00822,0.02693,0.03,-11.79,0.02,0.3051,0.0653,0.344,0.0,0.0,0,0.0,0.0
7,370,7.4,enter,0.0106,0.0095,0.0047,0.03792,0.03,-17.53,1.53,0.3138,0.0459,0.742,0.0,0.0,0,0.0,0.0
0,371,7.42,enter,0.00926,0.00703,0.00603,0.03759,0.03,-18.15,1.39,0.3135,0.0421,-0.414,0.0,0.0,0,0.0,0.0
1,371,7.42,enter,0.02601,0.0229,0.01234,0.03051,0.03,-12.24,1.02,0.3039,0.0516,-0.134,0.0,0.0,0,0.0,0.0
2,371,7.42,enter,0.04523,0.04197,0.01685,0.04871,0.03,-10.41,0.81,0.3024,0.0391,-1.401,0.0,0.0,0,0.0,0.0
3,371,7.42,enter,0.03614,0.03473,0.00999,0.03832,0.03,-11.2,0.73,0.3037,0.0306,-1.333,0.0,0.0,0,0.0,0.0
4,371,7.42,enter,0.03846,0.03105,0.0227,0.044,0.03,-13.55,0.89,0.3095,0.0417,-1.491,0.0,0.0,0,0.0,0.0
5,371,7.42,enter,0.03626,0.03399,0.01264,0.03914,0.03,-10.88,0.95,0.3061,0.0358,-0.425,0.0,0.0,0,0.0,0.0
6,371,7.42,enter,0.01256,0.01116,0.00576,0.02509,0.03,-12.38,0.04,0.3048,0.0655,0.354,0.0,0.0,0,0.0,0.0
7,371,7.42,enter,0.01063,0.0096,0.00457,0.03794,0.03,-17.5,1.53,0.3138,0.0461,0.745,0.0,0.0,0,0.0,0.0
0,372,7.44,enter,0.00872,0.00651,0.00581,0.03698,0.03,-18.12,1.43,0.3133,0.0422,-0.406,0.0,0.0,0,0.0,0.0
1,372,7.44,enter,0.02672,0.02376,0.01223,0.03097,0.03,-11.97,0.91,0.3038,0.052,-0.109,0.0,0.0,0,0.0,0.0
2,372,7.44,enter,0.04598,0.04261,0.0173,0.0496,0.03,-10.18,0.72,0.3023,0.0392,-1.388,0.0,0.0,0,0.0,0.0
3,372,7.44,enter,0.036,0.03464,0.0098,0.03818,0.03,-11.17,0.73,0.3037,0.0307,-1.319,0.0,0.0,0,0.0,0.0
4,372,7.44,enter,0.03871,0.03114,0.02299,0.04508,0.03,-13.39,0.73,0.3094,0.042,-1.489,0.0,0.0,0,0.0,0.0
5,372,7.44,enter,0.03733,0.0349,0.01324,0.03877,0.03,-10.7,1.04,0.3061,0.0359,-0.389,0.0,0.0,0,0.0,0.0
6,372,7.44,enter,0.01562,0.0148,0.00499,0.02037,0.03,-12.44,0.62,0.3045,0.0657,0.413,0.0,0.0,0,0.0,0.0
7,372,7.44,enter,0.01074,0.00979,0.00442,0.03812,0.03,-17.47,1.51,0.3138,0.0462,0.746,0.0,0.0,0,0.0,0.0
0,373,7.46,enter,0.00866,0.00665,0.00555,0.03709,0.03,-18.06,1.41,0.3132,0.0422,-0.408,0.0,0.0,0,0.0,0.0
1,373,7.46,enter,0.02631,0.02346,0.01192,0.03116,0.03,-11.89,0.81,0.3037,0.0523,-0.095,0.0,0.0,0,0.0,0.0
2,373,7.46,enter,0.04522,0.0421,0.01652,0.0497,0.03,-10.2,0.64,0.3022,0.0393,-1.381,0.0,0.0,0,0.0,0.0
3,373,7.46,enter,0.03592,0.0346,0.00966,0.03791,0.03,-11.13,0.75,0.3036,0.0308,-1.302,0.0,0.0,0,0.0,0.0
4,373,7.46,enter,0.0366,0.02934,0.02188,0.0434,0.03,-13.64,0.81,0.3094,0.0422,-1.471,0.0,0.0,0,0.0,0.0
5,373,7.46,enter,0.0378,0.035,0.01427,0.04193,0.03,-10.3,0.66,0.3062,0.036,-0.408,0.0,0.0,0,0.0,0.0
6,373,7.46,enter,0.01658,0.01509,0.00687,0.02228,0.03,-11.82,0.33,0.3043,0.066,0.426,0.0,0.0,0,0.0,0.0
7,373,7.46,enter,0.0108,0.00994,0.00423,0.03818,0.03,-17.44,1.51,0.3138,0.0463,0.747,0.0,0.0,0,0.0,0.0
0,374,7.48,enter,0.00824,0.00623,0.0054,0.03661,0.03,-18.02,1.45,0.313,0.0423,-0.398,0.0,0.0,0,0.0,0.0
1,374,7.48,enter,0.02549,0.02284,0.01133,0.03021,0.03,-11.93,0.84,0.3036,0.0526,-0.068,0.0,0.0,0,0.0,0.0
2,374,7.48,enter,0.04489,0.04187,0.01618,0.04848,0.03,-10.32,0.8,0.3022,0.0395,-1.349,0.0,0.0,0,0.0,0.0
3,374,7.48,enter,0.03583,0.03454,0.00952,0.0377,0.03,-11.09,0.75,0.3035,0.0309,-1.285,0.0,0.0,0,0.0,0.0
4,374,7.48,enter,0.03608,0.02892,0.02157,0.04203,0.03,-13.79,1.04,0.3093,0.0425,-1.45,0.0,0.0,0,0.0,0.0
5,374,7.48,enter,0.03492,0.03227,0.01333,0.04155,0.03,-10.63,0.61,0.3062,0.0361,-0.409,0.0,0.0,0,0.0,0.0
6,374,7.48,enter,0.01465,0.0125,0.00764,0.02506,0.03,-11.65,0.07,0.304,0.0663,0.393,0.0,0.0,0,0.0,0.0
7,374,7.48,enter,0.01085,0.01006,0.00404,0.0381,0.03,-17.43,1.52,0.3138,0.0464,0.751,0.0,0.0,0,0.0,0.0
0,375,7.5,enter,0.00807,0.00607,0.00531,0.03626,0.03,-18.04,1.48,0.3129,0.0423,-0.39,0.0,0.0,0,0.0,0.0
1,375,7.5,enter,0.02519,0.02251,0.0113,0.02945,0.03,-11.9,0.86,0.3035,0.053,-0.04,0.0,0.0,0,0.0,0.0
2,375,7.5,enter,0.04517,0.04205,0.01649,0.04819,0.03,-10.2,0.82,0.3021,0.0396,-1.318,0.0,0.0,0,0.0,0.0
3,375,7.5,enter,0.03571,0.03447,0.00935,0.03759,0.03,-11.05,0.74,0.3035,0.031,-1.27,0.0,0.0,0,0.0,0.0
4,375,7.5,enter,0.03345,0.02583,0.02125,0.04075,0.03,-14.13,1.04,0.3093,0.0428,-1.448,0.0,0.0,0,0.0,0.0
5,375,7.5,enter,0.03253,0.0299,0.01283,0.03881,0.03,-11.03,0.94,0.3063,0.0363,-0.367,0.0,0.0,0,0.0,0.0
6,375,7.5,enter,0.01094,0.00948,0.00546,0.02423,0.03,-12.3,0.13,0.3038,0.0665,0.403,0.0,0.0,0,0.0,0.0
7,375,7.5,enter,0.01094,0.01025,0.00385,0.038,0.03,-17.44,1.53,0.3137,0.0466,0.754,0.0,0.0,0,0.0,0.0
0,376,7.52,enter,0.00783,0.00592,0.00512,0.03579,0.03,-18.07,1.51,0.3127,0.0424,-0.38,0.0,0.0,0,0.0,0.0
1,376,7.52,enter,0.02462,0.0219,0.01125,0.0295,0.03,-11.86,0.73,0.3034,0.0533,-0.026,0.0,0.0,0,0.0,0.09
2,376,7.52,enter,0.04622,0.04303,0.01686,0.04952,0.03,-9.92,0.67,0.302,0.0398,-1.305,0.0,0.0,0,0.0,0.0
3,376,7.52,enter,0.0356,0.0344,0.00916,0.03744,0.03,-11.01,0.74,0.3034,0.0311,-1.253,0.0,0.0,0,0.0,0.0
4,376,7.52,enter,0.03183,0.02342,0.02156,0.03925,0.03,-14.44,1.27,0.3093,0.0432,-1.429,0.377,0.0,0,0.0001,0.29
5,376,7.52,enter,0.03162,0.02878,0.01309,0.03762,0.03,-11.11,1.05,0.3064,0.0364,-0.335,0.0,0.0,0,0.0,0.0
6,376,7.52,enter,0.0138,0.01298,0.00467,0.0202,0.03,-12.41,0.75,0.3035,0.0666,0.465,0.0,0.0,0,0.0,0.0
7,376,7.52,enter,0.01094,0.01032,0.00363,0.03768,0.03,-17.44,1.55,0.3137,0.0467,0.76,0.0,0.0,0,0.0,0.0
0,377,7.54,enter,0.00767,0.00599,0.00479,0.03562,0.03,-18.07,1.53,0.3125,0.0424,-0.373,0.0,0.0,0,0.0,0.0
1,377,7.54,enter,0.02311,0.02094,0.00978,0.02782,0.03,-12.11,0.81,0.3033,0.0536,-0.005,0.0,0.0,0,0.0,0.0
2,377,7.54,enter,0.04519,0.04221,0.01613,0.04927,0.03,-9.97,0.6,0.302,0.0399,-1.291,0.0,0.0,0,0.0,0.0
3,377,7.54,enter,0.03548,0.03432,0.00899,0.0372,0.03,-10.97,0.75,0.3034,0.0312,-1.236,0.0,0.0,0,0.0,0.0
4,377,7.54,enter,0.0318,0.0227,0.02227,0.04077,0.03,-14.31,1.15,0.3094,0.0436,-1.421,0.0,0.0,0,0.0002,0.37
5,377,7.54,enter,0.03084,0.02779,0.01337,0.03781,0.03,-11.11,0.92,0.3063,0.0365,-0.325,0.0,0.0,0,0.0,0.0
6,377,7.54,enter,0.01508,0.01392,0.0058,0.0203,0.03,-11.95,0.64,0.3033,0.0669,0.497,0.0,0.0,0,0.0,0.0
7,377,7.54,enter,0.01099,0.01045,0.0034,0.03745,0.03,-17.45,1.56,0.3136,0.0468,0.764,0.0,0.0,0,0.0,0.0
0,378,7.56,enter,0.00783,0.00647,0.00442,0.03597,0.03,-18.06,1.52,0.3124,0.0425,-0.368,0.0,0.0,0,0.0,0.0
1,378,7.56,enter,0.02399,0.02217,0.00917,0.02607,0.03,-12.1,1.0,0.3032,0.0539,0.038,0.257,0.0,0,0.0006,1.22
2,378,7.56,enter,0.04467,0.0417,0.01602,0.04804,0.03,-10.05,0.75,0.3019,0.0401,-1.256,0.0,0.0,0,0.0,0.0
3,378,7.56,enter,0.03531,0.0342,0.00882,0.03696,0.03,-10.94,0.75,0.3033,0.0313,-1.218,0.0,0.0,0,0.0,0.0
4,378,7.56,enter,0.03212,0.0235,0.0219,0.04142,0.03,-14.12,1.09,0.3094,0.0439,-1.391,0.0,0.0,0,0.0,0.0
5,378,7.56,enter,0.03018,0.02732,0.01284,0.03753,0.03,-11.22,0.89,0.3063,0.0366,-0.319,0.0,0.0,0,0.0,0.0
6,378,7.56,enter,0.01299,0.01119,0.00659,0.02316,0.03,-11.68,0.31,0.3032,0.0671,0.486,0.0,0.0,0,0.0,0.0
7,378,7.56,enter,0.01099,0.01053,0.00313,0.03716,0.03,-17.44,1.57,0.3136,0.047,0.769,0.0,0.0,0,0.0,0.0
0,379,7.58,enter,0.00846,0.00743,0.00404,0.03668,0.03,-18.12,1.55,0.3122,0.0425,-0.368,0.0,0.0,0,0.0,0.0
1,379,7.58,enter,0.02505,0.0231,0.00969,0.02666,0.03,-11.78,0.86,0.303,0.0542,0.064,0.0,0.0,0,0.001,2.06
2,379,7.58,enter,0.04556,0.04246,0.01651,0.0485,0.03,-9.82,0.75,0.3019,0.0403,-1.227,0.0,0.0,0,0.0,0.0
3,379,7.58,enter,0.03521,0.03413,0.00864,0.03677,0.03,-10.9,0.76,0.3032,0.0314,-1.2,0.0,0.0,0,0.0,0.0
4,379,7.58,enter,0.03312,0.02516,0.02154,0.04341,0.03,-13.78,0.87,0.3094,0.0443,-1.376,0.0,0.0,0,0.0,0.0
5,379,7.58,enter,0.02814,0.02617,0.01034,0.03449,0.03,-11.64,1.06,0.3062,0.0367,-0.282,0.0,0.0,0,0.0,0.0
6,379,7.58,enter,0.0115,0.00956,0.00641,0.02433,0.03,-11.67,0.31,0.303,0.0673,0.485,0.0,0.0,0,0.0,0.0
7,379,7.58,enter,0.01108,0.01071,0.00283,0.03709,0.03,-17.43,1.57,0.3135,0.0471,0.771,0.0,0.0,0,0.0,0.0
0,380,7.6,enter,0.00971,0.00891,0.00386,0.03801,0.03,-18.17,1.64,0.3121,0.0426,-0.381,0.0,0.0,0,0.0,0.0
1,380,7.6,enter,0.02409,0.02196,0.00991,0.02742,0.03,-11.69,0.69,0.3029,0.0545,0.065,0.0,0.0,0,0.0008,1.62
2,380,7.6,enter,0.04634,0.04331,0.01648,0.04996,0.03,-9.56,0.58,0.3018,0.0405,-1.217,0.0,0.0,0,0.0,0.0
3,380,7.6,enter,0.03509,0.03406,0.00844,0.03656,0.03,-10.87,0.76,0.3032,0.0315,-1.181,0.0,0.0,0,0.0,0.0
4,380,7.6,enter,0.03204,0.02516,0.01984,0.0427,0.03,-13.8,0.86,0.3094,0.0445,-1.343,0.0,0.0,0,0.0,0.0
5,380,7.6,enter,0.03,0.02821,0.01022,0.03228,0.03,-11.51,1.24,0.3061,0.0369,-0.227,0.0,0.0,0,0.0,0.0
6,380,7.6,enter,0.01037,0.00892,0.00528,0.02387,0.03,-11.86,0.52,0.3029,0.0675,0.506,0.0,0.0,0,0.0,0.0
7,380,7.6,enter,0.01112,0.01084,0.00251,0.03682,0.03,-17.43,1.58,0.3134,0.0473,0.778,0.0,0.0,0,0.0,0.0
0,381,7.62,enter,0.00942,0.00862,0.0038,0.03719,0.03,-18.2,1.99,0.312,0.0427,-0.377,0.0,0.0,0,0.0,0.0
1,381,7.62,enter,0.02205,0.02029,0.00863,0.02633,0.03,-11.94,0.73,0.3028,0.0548,0.084,0.0,0.0,0,0.0005,1.12
2,381,7.62,enter,0.04433,0.0416,0.0153,0.04847,0.03,-9.82,0.61,0.3017,0.0406,-1.195,0.0,0.0,0,0.0,0.0
3,381,7.62,enter,0.03497,0.03399,0.00824,0.03637,0.03,-10.82,0.76,0.3031,0.0317,-1.162,0.0,0.0,0,0.0,0.0
4,381,7.62,enter,0.03281,0.02623,0.01971,0.04169,0.03,-13.6,0.95,0.3094,0.0449,-1.29,0.0,0.0,0,0.0,0.0
5,381,7.62,enter,0.03251,0.03064,0.01086,0.03369,0.03,-11.03,0.96,0.306,0.0371,-0.201,0.0,0.0,0,0.0003,0.6
6,381,7.62,enter,0.01136,0.01055,0.00423,0.0218,0.03,-11.91,0.81,0.3028,0.0677,0.555,0.0,0.0,0,0.0,0.0
7,381,7.62,enter,0.01131,0.01109,0.00219,0.03671,0.03,-17.43,1.58,0.3133,0.0474,0.782,0.0,0.0,0,0.0,0.0
0,382,7.64,enter,0.00835,0.00721,0.00422,0.03438,0.03,-18.17,2.22,0.3119,0.0428,-0.338,0.0,0.0,0,0.0,0.0
1,382,7.64,enter,0.02279,0.0214,0.00781,0.02468,0.03,-11.97,1.0,0.3026,0.0551,0.131,0.747,0.0,0,0.0011,2.28
2,382,7.64,enter,0.04359,0.04081,0.01532,0.04659,0.03,-9.94,0.81,0.3017,0.0408,-1.153,0.0,0.0,0,0.0,0.0
3,382,7.64,enter,0.03482,0.03388,0.00804,0.03618,0.03,-10.79,0.76,0.303,0.0318,-1.143,0.0,0.0,0,0.0,0.0
4,382,7.64,enter,0.03499,0.02839,0.02046,0.04299,0.03,-13.11,0.7,0.3093,0.0453,-1.252,0.0,0.0,0,0.0,0.0
5,382,7.64,enter,0.03473,0.0327,0.01169,0.03843,0.03,-10.26,0.41,0.3059,0.0373,-0.205,0.0,0.0,0,0.0002,0.5
6,382,7.64,enter,0.01227,0.01146,0.0044,0.02122,0.03,-11.67,0.79,0.3027,0.0678,0.588,0.0,0.0,0,0.0,0.0
7,382,7.64,enter,0.01189,0.01174,0.00189,0.03709,0.03,-17.47,1.56,0.3133,0.0476,0.782,0.0,0.0,0,0.0,0.0
0,383,7.66,enter,0.00819,0.00674,0.00466,0.03386,0.03,-18.05,2.06,0.3119,0.0429,-0.333,0.0,0.0,0,0.0,0.0
1,383,7.66,enter,0.02277,0.02148,0.00757,0.02389,0.03,-11.86,0.98,0.3025,0.0554,0.176,0.0,0.0,0,0.0017,3.63
2,383,7.66,enter,0.04457,0.04163,0.01593,0.04741,0.03,-9.65,0.75,0.3016,0.0411,-1.131,0.0,0.0,0,0.0,0.0
3,383,7.66,enter,0.03466,0.03376,0.00785,0.03592,0.03,-10.76,0.77,0.303,0.0319,-1.123,0.0,0.0,0,0.0,0.0
4,383,7.66,enter,0.03603,0.02959,0.02055,0.04537,0.03,-12.75,0.3,0.3092,0.0456,-1.25,0.0,0.0,0,0.0,0.0
5,383,7.66,enter,0.03454,0.03276,0.01094,0.03994,0.03,-10.13,0.22,0.3058,0.0375,-0.206,0.0,0.0,0,0.0,0.0
6,383,7.66,enter,0.01186,0.01092,0.00462,0.02175,0.03,-11.54,0.68,0.3025,0.068,0.603,0.0,0.0,0,0.0,0.0
7,383,7.66,enter,0.01261,0.01251,0.0016,0.03778,0.03,-17.49,1.58,0.3132,0.0478,0.777,0.0,0.0,0,0.0,0.0
0,384,7.68,enter,0.00797,0.00621,0.00499,0.03423,0.03,-17.88,1.86,0.3118,0.043,-0.334,0.0,0.0,0,0.0,0.0
1,384,7.68,enter,0.02318,0.02156,0.00853,0.02465,0.03,-11.6,0.87,0.3024,0.0558,0.19,0.0,0.0,0,0.0018,3.71
2,384,7.68,enter,0.04486,0.04208,0.01555,0.04887,0.03,-9.46,0.55,0.3015,0.0413,-1.13,0.0,0.0,0,0.0,0.0
3,384,7.68,enter,0.0345,0.03364,0.00766,0.03566,0.03,-10.72,0.77,0.3029,0.0321,-1.103,0.0,0.0,0,0.0,0.0
4,384,7.68,enter,0.03271,0.0266,0.01904,0.04383,0.03,-13.18,0.08,0.3092,0.0459,-1.24,0.0,0.0,0,0.0,0.0
5,384,7.68,enter,0.03333,0.03208,0.00906,0.03765,0.03,-10.42,0.44,0.3057,0.0376,-0.172,0.0,0.0,0,0.0,0.0
6,384,7.68,enter,0.01085,0.01018,0.00377,0.02173,0.03,-11.75,0.74,0.3024,0.0682,0.625,0.0,0.0,0,0.0,0.0
7,384,7.68,enter,0.01338,0.01331,0.00139,0.03898,0.03,-17.44,1.63,0.3131,0.0479,0.759,0.0,0.0,0,0.0,0.0
0,385,7.7,enter,0.00767,0.00549,0.00535,0.03409,0.03,-17.7,1.69,0.3118,0.0431,-0.315,0.0,0.0,0,0.0,0.0
1,385,7.7,enter,0.02189,0.01971,0.00954,0.02641,0.03,-11.43,0.66,0.3024,0.0562,0.187,0.0,0.0,0,0.0012,2.56
2,385,7.7,enter,0.04305,0.04064,0.01419,0.04681,0.03,-9.79,0.69,0.3014,0.0414,-1.101,0.0,0.0,0,0.0,0.0
3,385,7.7,enter,0.03438,0.03357,0.00744,0.03546,0.03,-10.68,0.77,0.3029,0.0322,-1.083,0.0,0.0,0,0.0,0.0
4,385,7.7,enter,0.03142,0.02517,0.0188,0.04088,0.03,-13.43,0.56,0.3091,0.0463,-1.197,0.0,0.0,0,0.0,0.0
5,385,7.7,enter,0.03457,0.03348,0.0086,0.03602,0.03,-10.34,0.63,0.3055,0.0378,-0.131,0.0,0.0,0,0.0,0.0
6,385,7.7,enter,0.01229,0.01187,0.00318,0.0202,0.03,-11.78,0.93,0.3023,0.0684,0.658,0.969,0.0,0,0.0003,0.58
7,385,7.7,enter,0.01328,0.01321,0.00136,0.03868,0.03,-17.34,1.83,0.313,0.0481,0.759,0.0,0.0,0,0.0,0.0
0,386,7.72,enter,0.0078,0.00528,0.00574,0.03438,0.03,-17.54,1.39,0.3118,0.0432,-0.293,0.0,0.0,0,0.0,0.0
1,386,7.72,enter,0.01892,0.01692,0.00847,0.02619,0.03,-11.75,0.66,0.3023,0.0565,0.201,0.0,0.0,0,0.0008,1.56
2,386,7.72,enter,0.04222,0.03979,0.01414,0.04443,0.03,-9.92,0.9,0.3013,0.0417,-1.049,0.43,0.0,0,0.0,0.0
3,386,7.72,enter,0.03425,0.03348,0.00721,0.03526,0.03,-10.65,0.77,0.3028,0.0324,-1.062,0.0,0.0,0,0.0,0.0
4,386,7.72,enter,0.0328,0.02629,0.01961,0.042,0.03,-13.06,0.45,0.309,0.0466,-1.172,0.0,0.0,0,0.0,0.0
5,386,7.72,enter,0.03649,0.03543,0.00873,0.03699,0.03,-9.95,0.39,0.3053,0.038,-0.102,0.0,0.0,0,0.0004,0.99
6,386,7.72,enter,0.01241,0.01222,0.00215,0.01987,0.03,-12.11,0.82,0.3021,0.0685,0.696,0.0,0.0,0,0.0007,1.43
7,386,7.72,enter,0.01286,0.01277,0.00157,0.03716,0.03,-17.29,1.94,0.3129,0.0483,0.783,0.0,0.0,0,0.0,0.0
0,387,7.74,enter,0.00678,0.00458,0.005,0.03446,0.03,-17.32,1.32,0.3117,0.0433,-0.291,0.0,0.0,0,0.0,0.0
1,387,7.74,enter,0.01818,0.01702,0.00639,0.02373,0.03,-12.05,0.97,0.3022,0.0568,0.258,1.913,0.0,0,0.001,2.04
2,387,7.74,enter,0.04331,0.04071,0.01478,0.04619,0.03,-9.54,0.74,0.3013,0.0419,-1.031,0.0,0.0,0,0.0,0.06
3,387,7.74,enter,0.03407,0.03335,0.00699,0.035,0.03,-10.61,0.78,0.3027,0.0325,-1.04,0.0,0.0,0,0.0,0.0
4,387,7.74,enter,0.03266,0.02647,0.01914,0.04285,0.03,-12.94,0.32,0.3089,0.0469,-1.162,0.0,0.0,0,0.0,0.0
5,387,7.74,enter,0.03705,0.03597,0.00888,0.03836,0.03,-9.68,0.17,0.3052,0.0382,-0.103,0.0,0.0,0,0.0006,1.21
6,387,7.74,enter,0.01344,0.01322,0.00243,0.01938,0.03,-11.96,0.94,0.3021,0.0688,0.733,0.09,0.0,0,0.0009,1.84
7,387,7.74,enter,0.01247,0.01235,0.00175,0.03597,0.03,-17.2,1.89,0.3128,0.0485,0.793,0.0,0.0,0,0.0,0.0
0,388,7.76,enter,0.00431,0.002,0.00382,0.03224,0.03,-17.13,1.6,0.3117,0.0434,-0.279,0.0,0.0,0,0.0,0.0
1,388,7.76,enter,0.01997,0.01922,0.00542,0.02125,0.03,-11.93,1.18,0.3022,0.0572,0.343,0.0,0.0,0,0.0019,4.03
2,388,7.76,enter,0.04225,0.03992,0.01385,0.04669,0.03,-9.56,0.61,0.3012,0.0421,-1.025,0.0,0.0,0,0.0,0.0
3,388,7.76,enter,0.0339,0.03322,0.00678,0.03474,0.03,-10.58,0.78,0.3027,0.0327,-1.019,0.0,0.0,0,0.0,0.0
4,388,7.76,enter,0.0299,0.02401,0.01783,0.04049,0.03,-13.31,0.52,0.3088,0.0471,-1.134,0.0,0.0,0,0.0,0.0
5,388,7.76,enter,0.03564,0.03485,0.00747,0.03646,0.03,-9.94,0.3,0.305,0.0383,-0.09,0.029,0.0,0,0.0002,0.49
6,388,7.76,enter,0.01144,0.0109,0.00346,0.02149,0.03,-11.58,0.73,0.302,0.0691,0.751,0.0,0.0,0,0.0008,1.65
7,388,7.76,enter,0.01222,0.01208,0.00186,0.03633,0.03,-17.07,1.74,0.3128,0.0486,0.78,0.0,0.0,0,0.0,0.0
0,389,7.78,enter,0.00504,0.00161,0.00477,0.02999,0.03,-17.04,1.62,0.3117,0.0435,-0.253,0.0,0.0,0,0.0,0.0
1,389,7.78,enter,0.02183,0.02081,0.0066,0.02274,0.03,-11.32,0.93,0.3021,0.0577,0.38,0.0,0.0,0,0.0026,5.5
2,389,7.78,enter,0.04108,0.03893,0.01311,0.04437,0.03,-9.8,0.84,0.3011,0.0423,-0.981,0.0,0.0,0,0.0,0.0
3,389,7.78,enter,0.03375,0.0331,0.00657,0.03451,0.03,-10.55,0.78,0.3026,0.0328,-0.997,0.0,0.0,0,0.0,0.0
4,389,7.78,enter,0.02952,0.02299,0.01851,0.03976,0.03,-13.3,0.68,0.3088,0.0474,-1.101,0.0,0.0,0,0.0,0.0
5,389,7.78,enter,0.03701,0.03647,0.0063,0.03555,0.03,-9.9,0.45,0.3049,0.0384,-0.041,0.78,0.0,0,0.0009,1.89
6,389,7.78,enter,0.00979,0.00941,0.00269,0.02337,0.03,-11.83,0.76,0.302,0.0693,0.772,0.0,0.0,0,0.0002,0.41
7,389,7.78,enter,0.01187,0.01172,0.00189,0.03635,0.03,-16.94,1.67,0.3127,0.0488,0.783,0.0,0.0,0,0.0,0.0
0,390,7.8,enter,0.00746,0.00451,0.00594,0.02933,0.03,-17.26,1.58,0.3117,0.0437,-0.253,0.0,0.0,0,0.0,0.0
1,390,7.8,enter,0.02069,0.01931,0.00741,0.02688,0.03,-10.87,0.4,0.3021,0.0582,0.354,0.0,0.0,0,0.0027,5.68
2,390,7.8,enter,0.04209,0.03989,0.01342,0.04505,0.03,-9.54,0.78,0.301,0.0426,-0.946,0.0,0.0,0,0.0002,0.61
3,390,7.8,enter,0.03357,0.03297,0.00632,0.03426,0.03,-10.51,0.78,0.3025,0.033,-0.975,0.0,0.0,0,0.0,0.0
4,390,7.8,enter,0.03003,0.02298,0.01933,0.04179,0.03,-13.07,0.53,0.3088,0.0477,-1.092,0.0,0.0,0,0.0,0.0
5,390,7.8,enter,0.03805,0.03747,0.00661,0.03718,0.03,-9.47,0.35,0.3047,0.0386,-0.023,0.0,0.0,0,0.0016,3.38
6,390,7.8,enter,0.01083,0.01066,0.00191,0.02281,0.03,-11.93,0.98,0.3019,0.0695,0.812,0.709,0.0,0,0.0002,0.59
7,390,7.8,enter,0.01168,0.01151,0.00195,0.03639,0.03,-16.83,1.62,0.3127,0.049,0.789,0.0,0.0,0,0.0,0.0
0,391,7.82,enter,0.00908,0.0064,0.00644,0.02861,0.03,-17.37,1.61,0.3118,0.0438,-0.251,0.0,0.0,0,0.0,0.0
1,391,7.82,enter,0.01633,0.01565,0.00464,0.02558,0.03,-11.58,0.29,0.3021,0.0585,0.356,0.0,0.0,0,0.0022,4.64
2,391,7.82,enter,0.04199,0.03991,0.01305,0.04515,0.03,-9.46,0.65,0.3009,0.0428,-0.928,0.0,0.0,0,0.0002,0.4
3,391,7.82,enter,0.03343,0.03287,0.00608,0.03402,0.03,-10.48,0.79,0.3025,0.0332,-0.952,0.0,0.0,0,0.0,0.0
4,391,7.82,enter,0.02982,0.02343,0.01845,0.04312,0.03,-12.99,0.5,0.3087,0.048,-1.079,0.0,0.0,0,0.0,0.0
5,391,7.82,enter,0.0386,0.03789,0.00735,0.03832,0.03,-9.14,0.28,0.3046,0.0388,-0.019,0.0,0.0,0,0.0017,3.57
6,391,7.82,enter,0.01262,0.01261,0.00046,0.02243,0.03,-12.32,0.97,0.3019,0.0698,0.87,0.0,0.0,0,0.0006,1.32
7,391,7.82,enter,0.01164,0.01145,0.00206,0.03646,0.03,-16.74,1.58,0.3126,0.0491,0.794,0.0,0.0,0,0.0,0.0
0,392,7.84,enter,0.0088,0.00585,0.00658,0.02949,0.03,-17.3,1.54,0.3118,0.0439,-0.266,0.0,0.0,0,0.0,0.0
1,392,7.84,enter,0.01733,0.01691,0.0038,0.0213,0.03,-11.83,1.03,0.3021,0.0589,0.417,2.588,0.0,0,0.0014,2.96
2,392,7.84,enter,0.04026,0.03878,0.01082,0.04304,0.03,-9.89,0.69,0.3007,0.0429,-0.911,0.176,0.0,0,0.0002,0.42
3,392,7.84,enter,0.03328,0.03277,0.00584,0.03376,0.03,-10.44,0.79,0.3024,0.0334,-0.928,0.0,0.0,0,0.0,0.0
4,392,7.84,enter,0.02865,0.023,0.01708,0.04093,0.03,-13.08,0.78,0.3086,0.0482,-1.019,0.0,0.0,0,0.0,0.0
5,392,7.84,enter,0.03735,0.03653,0.00776,0.03832,0.03,-9.14,0.21,0.3045,0.0389,-0.024,0.0,0.0,0,0.0012,2.54
6,392,7.84,enter,0.01378,0.01377,0.00038,0.02099,0.03,-12.07,1.11,0.3018,0.0701,0.934,0.0,0.0,0,0.0013,2.72
7,392,7.84,enter,0.01167,0.01147,0.00215,0.03659,0.03,-16.66,1.55,0.3126,0.0493,0.797,0.0,0.0,0,0.0,0.0
0,393,7.86,enter,0.00816,0.00487,0.00655,0.03052,0.03,-17.18,1.51,0.3119,0.044,-0.268,0.0,0.0,0,0.0,0.0
1,393,7.86,enter,0.01912,0.0185,0.00484,0.0222,0.03,-11.13,1.88,0.302,0.0594,0.46,0.0,0.0,0,0.0023,4.73
2,393,7.86,enter,0.03957,0.03865,0.00849,0.0397,0.03,-10.21,0.72,0.3006,0.043,-0.829,0.995,0.0,0,0.001,2.18
3,393,7.86,enter,0.03324,0.03275,0.0057,0.03358,0.03,-10.4,0.8,0.3024,0.0335,-0.905,0.031,0.0,0,0.0002,0.38
4,393,7.86,enter,0.03038,0.02433,0.01819,0.0428,0.03,-12.61,0.57,0.3086,0.0484,-0.983,0.0,0.0,0,0.0,0.0
5,393,7.86,enter,0.03526,0.03463,0.00664,0.03663,0.03,-9.51,0.28,0.3044,0.039,-0.021,0.247,0.0,0,0.0005,1.04
6,393,7.86,enter,0.01186,0.01178,0.00136,0.0212,0.03,-11.49,0.81,0.3018,0.0704,0.974,0.0,0.0,0,0.0015,3.14
7,393,7.86,enter,0.01167,0.01146,0.00222,0.03676,0.03,-16.57,1.52,0.3126,0.0495,0.8,0.0,0.0,0,0.0,0.0
0,394,7.88,enter,0.00777,0.00402,0.00665,0.03158,0.03,-17.03,1.49,0.312,0.0441,-0.263,0.0,0.0,0,0.0,0.0
1,394,7.88,enter,0.01921,0.01822,0.0061,0.0247,0.03,-10.64,1.58,0.302,0.0599,0.467,0.0,0.0,0,0.0026,5.35
2,394,7.88,enter,0.04192,0.04084,0.00947,0.03916,0.03,-9.85,0.93,0.3005,0.0433,-0.747,1.319,0.0,0,0.0023,4.85
3,394,7.88,enter,0.03229,0.03188,0.00515,0.03268,0.03,-10.5,0.8,0.3023,0.0337,-0.879,0.668,0.0,0,0.0002,0.49
4,394,7.88,enter,0.03196,0.02576,0.01892,0.04555,0.03,-12.23,0.28,0.3085,0.0487,-0.97,0.0,0.0,0,0.0,0.0
5,394,7.88,enter,0.03339,0.03312,0.00419,0.03339,0.03,-10.01,0.33,0.3043,0.0391,0.037,1.282,0.0,0,0.0008,1.72
6,394,7.88,enter,0.01022,0.01017,0.00094,0.0237,0.03,-11.66,0.39,0.3017,0.0707,0.99,0.0,0.0,0,0.0011,2.29
7,394,7.88,enter,0.01163,0.01141,0.00226,0.0369,0.03,-16.48,1.5,0.3126,0.0497,0.803,0.0,0.0,0,0.0,0.0
0,395,7.9,enter,0.00776,0.00353,0.00691,0.03225,0.03,-16.89,1.5,0.3121,0.0442,-0.252,0.0,0.0,0,0.0,0.0
1,395,7.9,enter,0.01476,0.01375,0.00537,0.02611,0.03,-11.02,1.2,0.3021,0.0604,0.445,0.0,0.0,0,0.0024,4.91
2,395,7.9,enter,0.04417,0.04262,0.01159,0.0435,0.03,-8.94,0.44,0.3005,0.0436,-0.75,0.0,0.0,0,0.0036,7.52
3,395,7.9,enter,0.03221,0.03183,0.00498,0.03191,0.03,-10.51,0.87,0.3022,0.0339,-0.846,0.0,0.0,0,0.0007,1.39
4,395,7.9,enter,0.03122,0.02555,0.01794,0.04536,0.03,-12.24,0.26,0.3084,0.0488,-0.933,0.0,0.0,0,0.0,0.0
5,395,7.9,enter,0.03476,0.03444,0.00473,0.03153,0.03,-9.86,0.68,0.3043,0.0394,0.114,1.962,0.0,0,0.002,4.17
6,395,7.9,enter,0.01147,0.01146,0.00036,0.02336,0.03,-11.69,0.65,0.3017,0.071,1.023,1.371,0.0,0,0.0007,1.38
7,395,7.9,enter,0.01156,0.01134,0.00228,0.03694,0.03,-16.39,1.49,0.3125,0.0498,0.807,0.0,0.0,0,0.0,0.0
0,396,7.92,enter,0.00799,0.00346,0.0072,0.03231,0.03,-16.81,1.49,0.3122,0.0443,-0.232,0.0,0.0,0,0.0,0.0
1,396,7.92,enter,0.00936,0.00889,0.00292,0.02478,0.03,-11.97,1.21,0.3022,0.0609,0.457,0.0,0.0,0,0.0017,3.55
2,396,7.92,enter,0.04406,0.04236,0.01211,0.04609,0.03,-8.62,0.07,0.3004,0.0438,-0.779,0.0,0.0,0,0.0044,9.18
3,396,7.92,enter,0.03209,0.03174,0.00472,0.03161,0.03,-10.46,0.91,0.3022,0.0341,-0.816,0.768,0.0,0,0.0007,1.53
4,396,7.92,enter,0.03019,0.02522,0.0166,0.04369,0.03,-12.29,0.37,0.3081,0.0489,-0.886,0.0,0.0,0,0.0,0.0
5,396,7.92,enter,0.03371,0.03308,0.0065,0.034,0.03,-9.44,0.35,0.3043,0.0396,0.099,0.0,0.0,0,0.0031,6.56
6,396,7.92,enter,0.0126,0.01256,-0.00097,0.02397,0.03,-12.01,0.53,0.3017,0.0713,1.076,0.0,0.0,0,0.0006,1.26
7,396,7.92,enter,0.01151,0.01128,0.00229,0.03696,0.03,-16.3,1.48,0.3125,0.05,0.811,0.0,0.0,0,0.0,0.0
0,397,7.94,enter,0.00807,0.00367,0.00719,0.03268,0.03,-16.77,1.36,0.3123,0.0445,-0.214,0.0,0.0,0,0.0,0.0
1,397,7.94,enter,0.00744,0.00721,0.00183,0.02353,0.03,-12.61,1.52,0.3023,0.0615,0.494,0.0,0.0,0,0.0008,1.85
2,397,7.94,enter,0.0407,0.03945,0.01,0.04278,0.03,-9.28,0.27,0.3003,0.0439,-0.763,0.0,0.0,0,0.0047,9.96
3,397,7.94,enter,0.03283,0.03249,0.00475,0.03221,0.03,-10.28,0.83,0.3021,0.0343,-0.789,0.0,0.0,0,0.001,2.14
4,397,7.94,enter,0.0299,0.02538,0.0158,0.04199,0.03,-12.24,0.42,0.3079,0.049,-0.849,0.0,0.0,0,0.0,0.0
5,397,7.94,enter,0.03155,0.03078,0.00692,0.03524,0.03,-9.46,0.23,0.3044,0.0399,0.079,0.0,0.0,0,0.0038,7.85
6,397,7.94,enter,0.01357,0.0135,-0.00133,0.02252,0.03,-11.79,0.72,0.3017,0.0716,1.145,0.326,0.0,0,0.0012,2.43
7,397,7.94,enter,0.01148,0.01124,0.0023,0.037,0.03,-16.22,1.47,0.3125,0.0502,0.815,0.0,0.0,0,0.0,0.0
0,398,7.96,enter,0.00792,0.00433,0.00664,0.03381,0.03,-16.77,1.34,0.3123,0.0446,-0.219,0.0,0.0,0,0.0,0.0
1,398,7.96,enter,0.00782,0.00723,0.00298,0.02386,0.03,-12.33,1.56,0.3024,0.0621,0.543,0.902,0.0,0,0.0003,0.69
2,398,7.96,enter,0.04129,0.04039,0.00855,0.03837,0.03,-9.73,0.85,0.3002,0.044,-0.697,0.0,0.0,0,0.0047,9.89
3,398,7.96,enter,0.03255,0.03227,0.00427,0.03231,0.03,-10.23,0.77,0.302,0.0345,-0.763,0.161,0.0,0,0.0008,1.75
4,398,7.96,enter,0.02979,0.02554,0.01534,0.04075,0.03,-12.17,0.37,0.3076,0.0491,-0.826,0.0,0.0,0,0.0,0.0
5,398,7.96,enter,0.0286,0.0281,0.00534,0.03339,0.03,-10.02,0.48,0.3044,0.04,0.088,0.0,0.0,0,0.0039,8.13
6,398,7.96,enter,0.0126,0.01257,-0.00084,0.0216,0.03,-11.31,0.55,0.3016,0.0719,1.199,0.194,0.0,0,0.0014,2.95
7,398,7.96,enter,0.01148,0.01124,0.00231,0.03708,0.03,-16.14,1.46,0.3125,0.0504,0.818,0.0,0.0,0,0.0,0.0
0,399,7.98,enter,0.00772,0.00475,0.00609,0.03405,0.03,-16.79,1.42,0.3124,0.0447,-0.204,0.0,0.0,0,0.0,0.0
1,399,7.98,enter,0.0064,0.00439,0.00466,0.02724,0.03,-11.69,1.25,0.3025,0.0628,0.572,0.0,0.0,0,0.0003,0.56
2,399,7.98,enter,0.04313,0.04219,0.00897,0.03973,0.03,-9.23,0.68,0.3001,0.0441,-0.682,0.0,0.0,0,0.0043,9.03
3,399,7.98,enter,0.03223,0.03198,0.00405,0.03179,0.03,-10.22,0.83,0.3019,0.0348,-0.731,0.678,0.0,0,0.001,2.08
4,399,7.98,enter,0.02921,0.0253,0.0146,0.03887,0.03,-12.21,0.36,0.3073,0.0491,-0.803,0.0,0.0,0,0.0,0.0
5,399,7.98,enter,0.02635,0.02622,0.00268,0.0271,0.03,-10.83,1.04,0.3044,0.0402,0.149,0.0,0.0,0,0.0035,7.41
6,399,7.98,enter,0.01184,0.01181,-0.00087,0.02347,0.03,-11.35,0.25,0.3016,0.0722,1.217,0.0,0.0,0,0.0012,2.4
7,399,7.98,enter,0.01146,0.01122,0.0023,0.03712,0.03,-16.06,1.46,0.3125,0.0505,0.821,0.0,0.0,0,0.0,0.0
0,400,8.0,enter,0.00755,0.00511,0.00556,0.03378,0.03,-16.85,1.51,0.3124,0.0449,-0.183,0.0,0.0,0,0.0,0.0
1,400,8.0,enter,0.00616,0.00292,0.00543,0.03226,0.03,-11.24,0.87,0.3025,0.0634,0.569,0.0,0.0,0,0.0,0.09
2,400,8.0,enter,0.04597,0.04498,0.00947,0.04178,0.03,-8.68,0.58,0.3,0.0443,-0.665,1.531,0.0,0,0.0036,7.47
3,400,8.0,enter,0.03171,0.03147,0.00388,0.03121,0.03,-10.23,0.79,0.3019,0.035,-0.701,0.0,0.0,0,0.0013,2.65
4,400,8.0,enter,0.0293,0.02568,0.0141,0.03687,0.03,-12.22,0.46,0.3069,0.0491,-0.778,0.258,0.0,0,0.0001,0.36
5,400,8.0,enter,0.02886,0.02868,0.00322,0.02459,0.03,-10.66,1.3,0.3044,0.0404,0.214,0.0,0.0,0,0.0027,5.7
6,400,8.0,enter,0.01227,0.01222,-0.00114,0.02459,0.03,-11.39,0.3,0.3015,0.0725,1.236,0.553,0.0,0,0.0006,1.26
7,400,8.0,enter,0.01143,0.0112,0.00228,0.0371,0.03,-15.99,1.45,0.3125,0.0507,0.826,0.0,0.0,0,0.0,0.0
0,401,8.02,enter,0.00755,0.00562,0.00505,0.03348,0.03,-16.92,1.57,0.3125,0.045,-0.168,0.0,0.0,0,0.0,0.0
1,401,8.02,enter,0.00458,0.00305,0.00342,0.03363,0.03,-11.71,1.06,0.3026,0.0639,0.595,0.0,0.0,0,0.0,0.02
2,401,8.02,enter,0.04696,0.0458,0.01039,0.04486,0.03,-8.04,0.19,0.3,0.0445,-0.663,0.0,0.0,0,0.0034,7.24
3,401,8.02,enter,0.03196,0.03173,0.00379,0.03109,0.03,-10.16,0.79,0.3018,0.0352,-0.674,0.392,0.0,0,0.0014,2.94
4,401,8.02,enter,0.02924,0.02615,0.01307,0.03548,0.03,-12.2,0.42,0.3066,0.0491,-0.747,0.0,0.0,0,0.0006,1.32
5,401,8.02,enter,0.02859,0.02817,0.00492,0.02891,0.03,-10.01,0.7,0.3044,0.0408,0.195,0.0,0.0,0,0.0023,4.76
6,401,8.02,enter,0.01402,0.01372,-0.00291,0.02689,0.03,-11.9,0.28,0.3015,0.0727,1.276,0.0,0.0,0,0.0002,0.52
7,401,8.02,enter,0.01143,0.01121,0.00224,0.03711,0.03,-15.91,1.45,0.3124,0.0509,0.829,0.0,0.0,0,0.0,0.0
0,402,8.04,enter,0.00779,0.0064,0.00445,0.03349,0.03,-17.02,1.59,0.3125,0.0452,-0.156,0.0,0.0,0,0.0,0.0
1,402,8.04,enter,0.00403,0.004,0.00047,0.03167,0.03,-12.49,1.28,0.3026,0.0643,0.664,0.0,0.0,0,0.0,0.0
2,402,8.04,enter,0.04559,0.04451,0.00986,0.04428,0.03,-8.12,0.24,0.3,0.0447,-0.656,0.0,0.0,0,0.003,6.22
3,402,8.04,enter,0.0314,0.03124,0.00316,0.03088,0.03,-10.16,0.74,0.3017,0.0355,-0.646,0.0,0.0,0,0.0016,3.33
4,402,8.04,enter,0.03106,0.02802,0.01342,0.03604,0.03,-11.83,0.37,0.3063,0.0491,-0.713,0.0,0.0,0,0.0012,2.57
5,402,8.04,enter,0.02763,0.02719,0.00494,0.03089,0.03,-9.91,0.42,0.3044,0.041,0.182,0.508,0.0,0,0.0016,3.39
6,402,8.04,enter,0.01591,0.0155,-0.00359,0.02565,0.03,-11.83,0.69,0.3014,0.073,1.355,1.2,0.0,0,0.0008,1.65
7,402,8.04,enter,0.01144,0.01123,0.00219,0.03709,0.03,-15.85,1.45,0.3124,0.0511,0.833,0.0,0.0,0,0.0,0.0
0,403,8.06,enter,0.00822,0.00732,0.00374,0.03402,0.03,-17.11,1.6,0.3125,0.0453,-0.15,0.0,0.0,0,0.0,0.0
1,403,8.06,enter,0.00649,0.00645,-0.00069,0.03022,0.03,-12.81,1.52,0.3026,0.0648,0.713,0.0,0.0,0,0.0,0.0
2,403,8.06,enter,0.04423,0.04345,0.00823,0.04231,0.03,-8.54,0.42,0.3,0.0447,-0.641,0.151,0.0,0,0.0028,5.87
3,403,8.06,enter,0.03191,0.03177,0.00299,0.03058,0.03,-10.08,0.78,0.3016,0.0357,-0.61,0.658,0.0,0,0.0017,3.58
4,403,8.06,enter,0.03192,0.02864,0.0141,0.03729,0.03,-11.57,0.25,0.306,0.0491,-0.704,0.0,0.0,0,0.0015,3.22
5,403,8.06,enter,0.02562,0.02536,0.00366,0.03097,0.03,-10.13,0.45,0.3044,0.0413,0.199,0.0,0.0,0,0.001,2.14
6,403,8.06,enter,0.01656,0.01615,-0.00366,0.02363,0.03,-11.53,0.84,0.3013,0.0733,1.429,0.713,0.0,0,0.0018,3.73
7,403,8.06,enter,0.01149,0.01129,0.00212,0.03707,0.03,-15.79,1.46,0.3124,0.0512,0.838,0.0,0.0,0,0.0,0.0
0,404,8.08,enter,0.00882,0.00827,0.00305,0.03515,0.03,-17.17,1.65,0.3124,0.0455,-0.156,0.0,0.0,0,0.0,0.0
1,404,8.08,enter,0.00784,0.00784,-7e-05,0.02843,0.03,-12.64,1.58,0.3026,0.0653,0.76,0.0,0.0,0,0.0,0.0
2,404,8.08,enter,0.04295,0.04245,0.00653,0.03899,0.03,-8.96,0.54,0.3,0.0448,-0.583,0.874,0.0,0,0.0032,6.71
3,404,8.08,enter,0.0318,0.03168,0.00276,0.03052,0.03,-10.0,0.73,0.3015,0.036,-0.577,0.0,0.0,0,0.0021,4.3
4,404,8.08,enter,0.03132,0.02803,0.01396,0.0368,0.03,-11.58,0.27,0.3058,0.0491,-0.689,0.0,0.0,0,0.0012,2.59
5,404,8.08,enter,0.02606,0.02593,0.00257,0.02975,0.03,-10.19,0.7,0.3044,0.0415,0.245,0.449,0.0,0,0.0009,1.98
6,404,8.08,enter,0.01582,0.01556,-0.00287,0.02435,0.03,-11.27,0.55,0.3011,0.0736,1.458,0.0,0.0,0,0.0026,5.4
7,404,8.08,enter,0.01156,0.01138,0.00204,0.03702,0.03,-15.74,1.47,0.3124,0.0514,0.843,0.0,0.0,0,0.0,0.0
0,405,8.1,enter,0.00956,0.00916,0.00274,0.03581,0.03,-17.21,1.76,0.3124,0.0456,-0.156,0.0,0.0,0,0.0,0.0
1,405,8.1,enter,0.00737,0.00721,0.00154,0.02909,0.03,-12.14,1.31,0.3026,0.0658,0.791,0.0,0.0,0,0.0,0.0
2,405,8.1,enter,0.04405,0.04343,0.00732,0.03775,0.03,-8.84,0.8,0.3001,0.0451,-0.527,0.906,0.0,0,0.0044,9.14
3,405,8.1,enter,0.03128,0.03118,0.00238,0.03032,0.03,-9.98,0.69,0.3015,0.0362,-0.552,0.0,0.0,0,0.0018,3.86
4,405,8.1,enter,0.03154,0.0286,0.01328,0.0359,0.03,-11.59,0.4,0.3055,0.049,-0.655,0.332,0.0,0,0.0013,2.62
5,405,8.1,enter,0.02638,0.02634,0.00141,0.02816,0.03,-10.2,0.89,0.3044,0.0418,0.306,1.778,0.0,0,0.0014,2.85
6,405,8.1,enter,0.01641,0.0161,-0.00313,0.02676,0.03,-11.45,0.45,0.301,0.0738,1.465,0.0,0.0,0,0.0028,5.84
7,405,8.1,enter,0.01169,0.01152,0.00195,0.03701,0.03,-15.69,1.47,0.3123,0.0516,0.847,0.0,0.0,0,0.0,0.0
0,406,8.12,enter,0.00849,0.0083,0.0018,0.03257,0.03,-17.22,2.26,0.3124,0.0458,-0.123,0.0,0.0,0,0.0,0.0
1,406,8.12,enter,0.00655,0.00618,0.00218,0.03321,0.03,-11.75,0.86,0.3026,0.0663,0.764,0.0,0.0,0,0.0,0.0
2,406,8.12,enter,0.04346,0.04251,0.00904,0.03984,0.03,-8.33,0.43,0.3002,0.0453,-0.546,0.0,0.0,0,0.0053,11.27
3,406,8.12,enter,0.03111,0.03103,0.0022,0.02986,0.03,-9.96,0.8,0.3014,0.0365,-0.524,0.6,0.0,0,0.0019,3.92
4,406,8.12,enter,0.03122,0.02873,0.01222,0.03447,0.03,-11.6,0.39,0.3054,0.0489,-0.602,0.28,0.0,0,0.0016,3.42
5,406,8.12,enter,0.02797,0.02792,0.00166,0.02874,0.03,-9.84,0.84,0.3044,0.0421,0.352,0.0,0.0,0,0.0018,3.83
6,406,8.12,enter,0.01844,0.01805,-0.00377,0.02693,0.03,-11.58,0.62,0.3009,0.0741,1.485,0.0,0.0,0,0.0024,5.09
7,406,8.12,enter,0.0118,0.01166,0.00184,0.03695,0.03,-15.65,1.49,0.3123,0.0518,0.853,0.0,0.0,0,0.0,0.0
0,407,8.14,enter,0.0087,0.00851,0.00183,0.02875,0.03,-17.08,2.35,0.3123,0.046,-0.079,0.0,0.0,0,0.0,0.0
1,407,8.14,enter,0.0084,0.00838,-0.00049,0.03364,0.03,-12.4,1.21,0.3025,0.0665,0.793,0.0,0.0,0,0.0,0.0
2,407,8.14,enter,0.04173,0.04082,0.00864,0.03971,0.03,-8.54,0.28,0.3003,0.0455,-0.573,0.0,0.0,0,0.006,12.55
3,407,8.14,enter,0.03035,0.0303,0.00172,0.0293,0.03,-10.01,0.78,0.3013,0.0368,-0.494,0.0,0.0,0,0.0021,4.3
4,407,8.14,enter,0.03259,0.02968,0.01347,0.03465,0.03,-11.28,0.54,0.3053,0.0489,-0.555,0.514,0.0,0,0.0021,4.34
5,407,8.14,enter,0.02896,0.02888,0.00224,0.0313,0.03,-9.39,0.58,0.3044,0.0425,0.365,0.0,0.0,0,0.0018,3.75
6,407,8.14,enter,0.0207,0.02019,-0.00459,0.02825,0.03,-11.85,0.66,0.3008,0.0743,1.521,0.0,0.0,0,0.0015,3.2
7,407,8.14,enter,0.01196,0.01183,0.00172,0.03692,0.03,-15.61,1.5,0.3123,0.052,0.858,0.0,0.0,0,0.0,0.0
0,408,8.16,enter,0.00958,0.00926,0.00245,0.02795,0.03,-17.03,2.07,0.3124,0.0462,-0.072,0.0,0.0,0,0.0,0.0
1,408,8.16,enter,0.01259,0.01206,-0.00359,0.03065,0.03,-13.2,1.58,0.3024,0.0668,0.889,0.0,0.0,0,0.0,0.0
2,408,8.16,enter,0.03818,0.03768,0.00613,0.03504,0.03,-9.45,0.38,0.3004,0.0455,-0.554,0.0,0.0,0,0.0062,13.07
3,408,8.16,enter,0.03065,0.03062,0.00149,0.02884,0.03,-9.96,0.81,0.3012,0.037,-0.458,0.69,0.0,0,0.0021,4.46
4,408,8.16,enter,0.03279,0.02888,0.01554,0.03843,0.03,-10.8,0.18,0.3053,0.049,-0.571,0.0,0.0,0,0.0022,4.56
5,408,8.16,enter,0.02689,0.02683,0.0018,0.03181,0.03,-9.52,0.43,0.3044,0.0428,0.369,0.0,0.0,0,0.0011,2.4
6,408,8.16,enter,0.02007,0.01949,-0.00477,0.02835,0.03,-11.6,0.56,0.3006,0.0745,1.569,0.405,0.0,0,0.0014,2.86
7,408,8.16,enter,0.01215,0.01204,0.00158,0.0369,0.03,-15.58,1.51,0.3122,0.0522,0.864,0.0,0.0,0,0.0,0.0
0,409,8.18,enter,0.00957,0.00909,0.00299,0.02889,0.03,-16.97,1.77,0.3124,0.0464,-0.08,0.0,0.0,0,0.0,0.0
1,409,8.18,enter,0.01359,0.01329,-0.00285,0.02856,0.03,-12.95,1.63,0.3023,0.0671,0.95,0.0,0.0,0,0.0,0.0
2,409,8.18,enter,0.03919,0.03874,0.00586,0.03163,0.03,-9.79,0.93,0.3005,0.0457,-0.498,0.0,0.0,0,0.0061,12.84
3,409,8.18,enter,0.03043,0.03041,0.00102,0.02853,0.03,-9.93,0.8,0.3011,0.0373,-0.424,0.0,0.0,0,0.0024,5.02
4,409,8.18,enter,0.03191,0.02759,0.01604,0.04022,0.03,-10.76,0.14,0.3053,0.049,-0.57,0.0,0.0,0,0.0017,3.6
5,409,8.18,enter,0.02494,0.02491,0.00129,0.03023,0.03,-9.78,0.58,0.3045,0.0431,0.406,1.316,0.0,0,0.0006,1.24
6,409,8.18,enter,0.01934,0.01847,-0.00574,0.02701,0.03,-11.33,0.54,0.3005,0.0747,1.638,0.401,0.0,0,0.0016,3.35
7,409,8.18,enter,0.01231,0.01222,0.00142,0.03674,0.03,-15.55,1.53,0.3122,0.0523,0.872,0.0,0.0,0,0.0,0.0
0,410,8.2,enter,0.00918,0.00859,0.00322,0.03046,0.03,-16.89,1.61,0.3124,0.0466,-0.086,0.0,0.0,0,0.0,0.0
1,410,8.2,enter,0.01214,0.01203,-0.00167,0.02851,0.03,-12.49,1.32,0.3022,0.0675,0.951,0.0,0.0,0,0.0,0.0
2,410,8.2,enter,0.03997,0.03931,0.0072,0.03355,0.03,-9.29,0.74,0.3005,0.0459,-0.493,0.0,0.0,0,0.0056,11.88
3,410,8.2,enter,0.03042,0.03041,0.00078,0.0285,0.03,-9.84,0.81,0.3011,0.0376,-0.394,1.002,0.0,0,0.0022,4.56
4,410,8.2,enter,0.02938,0.02554,0.01454,0.0388,0.03,-11.2,0.39,0.3053,0.0489,-0.55,0.0,0.0,0,0.0008,1.72
5,410,8.2,enter,0.02496,0.02494,0.00091,0.02846,0.03,-9.82,0.85,0.3045,0.0434,0.469,0.572,0.0,0,0.0012,2.39
6,410,8.2,enter,0.02128,0.02009,-0.00701,0.0277,0.03,-11.57,0.47,0.3004,0.0749,1.711,0.791,0.0,0,0.0017,3.45
7,410,8.2,enter,0.0125,0.01243,0.00126,0.03664,0.03,-15.52,1.54,0.3122,0.0525,0.88,0.0,0.0,0,0.0,0.0
0,411,8.22,enter,0.00909,0.00845,0.00335,0.03137,0.03,-16.82,1.59,0.3124,0.0468,-0.072,0.0,0.0,0,0.0,0.0
1,411,8.22,enter,0.01198,0.0118,-0.00211,0.02893,0.03,-12.5,1.28,0.302,0.0678,0.952,0.0,0.0,0,0.0,0.0
2,411,8.22,enter,0.03947,0.03879,0.00729,0.03589,0.03,-8.99,0.47,0.3006,0.046,-0.51,0.0,0.0,0,0.0048,10.13
3,411,8.22,enter,0.03085,0.03084,0.00081,0.02897,0.03,-9.68,0.72,0.301,0.0379,-0.366,0.0,0.0,0,0.0024,5.06
4,411,8.22,enter,0.02608,0.02319,0.01194,0.03439,0.03,-11.83,0.9,0.3053,0.0488,-0.496,0.432,0.0,0,0.0001,0.29
5,411,8.22,enter,0.0262,0.02617,0.00136,0.0296,0.03,-9.44,0.71,0.3044,0.0438,0.507,0.0,0.0,0,0.0016,3.41
6,411,8.22,enter,0.02056,0.01931,-0.00708,0.02656,0.03,-11.15,0.53,0.3002,0.0751,1.779,0.0,0.0,0,0.002,4.19
7,411,8.22,enter,0.01266,0.01262,0.00107,0.0365,0.03,-15.49,1.56,0.3121,0.0527,0.888,0.0,0.0,0,0.0,0.0
0,412,8.24,enter,0.00912,0.00846,0.00342,0.03144,0.03,-16.74,1.61,0.3124,0.047,-0.05,0.0,0.0,0,0.0,0.0
1,412,8.24,enter,0.0144,0.01396,-0.00354,0.02907,0.03,-12.85,1.54,0.3019,0.068,1.0,0.0,0.0,0,0.0,0.0
2,412,8.24,enter,0.03709,0.03665,0.00568,0.03387,0.03,-9.39,0.57,0.3007,0.0462,-0.479,1.372,0.0,0,0.0039,8.14
3,412,8.24,enter,0.03006,0.03006,0.00018,0.02869,0.03,-9.71,0.73,0.3009,0.0381,-0.339,0.715,0.0,0,0.0022,4.53
4,412,8.24,enter,0.02741,0.02443,0.01243,0.03266,0.03,-11.66,0.95,0.3053,0.0488,-0.403,0.0,0.0,0,0.0011,2.38
5,412,8.24,enter,0.02648,0.02645,0.00123,0.03177,0.03,-9.17,0.48,0.3044,0.0441,0.522,0.0,0.0,0,0.0015,3.18
6,412,8.24,enter,0.01918,0.01786,-0.00699,0.02643,0.03,-10.81,0.4,0.3001,0.0754,1.818,0.0,0.0,0,0.0018,3.83
7,412,8.24,enter,0.01289,0.01286,0.00087,0.03652,0.03,-15.46,1.56,0.3121,0.0529,0.894,0.0,0.0,0,0.0,0.0
0,413,8.26,enter,0.00912,0.00842,0.00352,0.03181,0.03,-16.67,1.58,0.3124,0.0472,-0.04,0.0,0.0,0,0.0,0.0
1,413,8.26,enter,0.01674,0.01638,-0.00348,0.02767,0.03,-12.87,1.82,0.3018,0.0683,1.078,0.0,0.0,0,0.0,0.0
2,413,8.26,enter,0.03741,0.03696,0.00581,0.03307,0.03,-9.33,0.7,0.3009,0.0464,-0.401,1.175,0.0,0,0.0044,9.36
3,413,8.26,enter,0.03041,0.03041,-5e-05,0.02845,0.03,-9.63,0.77,0.3008,0.0384,-0.298,0.67,0.0,0,0.0025,5.15
4,413,8.26,enter,0.0285,0.0247,0.01421,0.03648,0.03,-11.1,0.64,0.3054,0.0489,-0.379,0.0,0.0,0,0.002,4.25
5,413,8.26,enter,0.02501,0.025,0.00046,0.03156,0.03,-9.29,0.48,0.3043,0.0445,0.549,0.0,0.0,0,0.0008,1.72
6,413,8.26,enter,0.02183,0.02029,-0.00806,0.02978,0.03,-11.33,0.29,0.3,0.0755,1.843,0.0,0.0,0,0.0011,2.21
7,413,8.26,enter,0.01312,0.0131,0.00066,0.03647,0.03,-15.43,1.57,0.312,0.0531,0.903,0.0,0.0,0,0.0,0.0
0,414,8.28,enter,0.00913,0.00839,0.0036,0.03237,0.03,-16.59,1.55,0.3125,0.0474,-0.033,0.0,0.0,0,0.0,0.0
1,414,8.28,enter,0.01667,0.01654,-0.00208,0.02764,0.03,-12.48,1.74,0.3017,0.0686,1.135,1.793,0.0,0,0.0,0.06
2,414,8.28,enter,0.03738,0.03675,0.00682,0.03464,0.03,-8.96,0.64,0.3011,0.0466,-0.372,0.0,0.0,0,0.005,10.51
3,414,8.28,enter,0.03048,0.03048,-0.00034,0.02808,0.03,-9.56,0.79,0.3007,0.0387,-0.258,0.539,0.0,0,0.0027,5.53
4,414,8.28,enter,0.02868,0.02445,0.01499,0.03968,0.03,-10.89,0.39,0.3055,0.049,-0.382,0.0,0.0,0,0.0023,4.8
5,414,8.28,enter,0.0244,0.0244,0.00051,0.03026,0.03,-9.31,0.64,0.3043,0.0448,0.597,0.386,0.0,0,0.0006,1.41
6,414,8.28,enter,0.02274,0.0212,-0.00822,0.03119,0.03,-11.23,0.73,0.2999,0.0758,1.889,0.202,0.0,0,0.0007,1.51
7,414,8.28,enter,0.01344,0.01343,0.00044,0.03665,0.03,-15.41,1.57,0.312,0.0533,0.91,0.0,0.0,0,0.0,0.0
0,415,8.3,enter,0.00914,0.00838,0.00365,0.033,0.03,-16.51,1.52,0.3125,0.0476,-0.025,0.0,0.0,0,0.0,0.0
1,415,8.3,enter,0.01575,0.01572,-0.00106,0.0292,0.03,-12.2,1.55,0.3017,0.0689,1.155,0.0,0.0,0,0.0,0.0
2,415,8.3,enter,0.0352,0.03459,0.00651,0.03533,0.03,-9.02,0.5,0.3012,0.0468,-0.378,0.0,0.0,0,0.0052,10.8
3,415,8.3,enter,0.03078,0.03078,-0.00041,0.02818,0.03,-9.43,0.73,0.3006,0.039,-0.224,0.0,0.0,0,0.0029,6.06
4,415,8.3,enter,0.02689,0.02313,0.01372,0.0395,0.03,-11.19,0.47,0.3055,0.049,-0.365,0.0,0.0,0,0.002,4.09
5,415,8.3,enter,0.02446,0.02445,0.00053,0.03116,0.03,-9.13,0.55,0.3042,0.0452,0.625,0.0,0.0,0,0.0006,1.27
6,415,8.3,enter,0.02287,0.02099,-0.00909,0.03124,0.03,-11.13,0.8,0.2998,0.0759,1.959,0.684,0.0,0,0.0008,1.63
7,415,8.3,enter,0.01385,0.01385,0.00019,0.03714,0.03,-15.38,1.56,0.3119,0.0535,0.912,0.0,0.0,0,0.0,0.0
0,416,8.32,enter,0.00913,0.00837,0.00363,0.03337,0.03,-16.43,1.52,0.3125,0.0477,-0.011,0.0,0.0,0,0.0,0.0
1,416,8.32,enter,0.01665,0.01662,-0.00098,0.03199,0.03,-12.27,1.52,0.3016,0.0692,1.179,0.0,0.0,0,0.0,0.0
2,416,8.32,enter,0.03311,0.03264,0.00554,0.03325,0.03,-9.4,0.71,0.3014,0.047,-0.351,0.0,0.0,0,0.0048,10.27
3,416,8.32,enter,0.03023,0.03021,-0.00089,0.02791,0.03,-9.43,0.7,0.3005,0.0393,-0.197,0.42,0.0,0,0.0027,5.72
4,416,8.32,enter,0.02355,0.02108,0.0105,0.03414,0.03,-11.88,0.73,0.3055,0.0489,-0.299,0.0,0.0,0,0.001,2.15
5,416,8.32,enter,0.02301,0.023,-0.00089,0.03063,0.03,-9.35,0.56,0.3041,0.0455,0.653,1.133,0.0,0,0.0001,0.18
6,416,8.32,enter,0.02407,0.02182,-0.01018,0.03149,0.03,-11.2,0.79,0.2997,0.0761,2.048,0.873,0.0,0,0.0009,1.8
7,416,8.32,enter,0.01428,0.01428,-9e-05,0.03769,0.03,-15.36,1.56,0.3118,0.0537,0.914,0.0,0.0,0,0.0,0.0
0,417,8.34,enter,0.0091,0.00837,0.00358,0.0335,0.03,-16.35,1.52,0.3125,0.0479,0.005,0.0,0.0,0,0.0,0.0
1,417,8.34,enter,0.01848,0.01843,-0.00125,0.03275,0.03,-12.45,1.74,0.3015,0.0695,1.225,0.0,0.0,0,0.0,0.0
2,417,8.34,enter,0.03228,0.03178,0.0057,0.03156,0.03,-9.54,0.9,0.3015,0.0472,-0.312,0.0,0.0,0,0.0042,8.85
3,417,8.34,enter,0.03025,0.03023,-0.00113,0.02804,0.03,-9.34,0.7,0.3005,0.0396,-0.167,0.569,0.0,0,0.0028,5.78
4,417,8.34,enter,0.02562,0.02329,0.01067,0.03251,0.03,-11.59,0.8,0.3055,0.049,-0.227,0.511,0.0,0,0.0005,1.17
5,417,8.34,enter,0.02331,0.02328,-0.00127,0.02951,0.03,-9.29,0.67,0.304,0.0459,0.711,0.156,0.0,0,0.0005,1.02
6,417,8.34,enter,0.02353,0.02115,-0.01032,0.03007,0.03,-10.82,0.84,0.2995,0.0763,2.138,1.104,0.0,0,0.0014,2.84
7,417,8.34,enter,0.01461,0.0146,-0.00034,0.0381,0.03,-15.31,1.61,0.3118,0.054,0.914,0.0,0.0,0,0.0,0.0
0,418,8.36,enter,0.00907,0.00835,0.00353,0.03364,0.03,-16.28,1.51,0.3125,0.0481,0.017,0.0,0.0,0,0.0,0.0
1,418,8.36,enter,0.01997,0.01992,-0.00137,0.03322,0.03,-12.5,1.9,0.3015,0.0697,1.281,0.0,0.0,0,0.0,0.0
2,418,8.36,enter,0.03082,0.03022,0.00604,0.03139,0.03,-9.61,0.69,0.3016,0.0474,-0.298,0.0,0.0,0,0.0036,7.63
3,418,8.36,enter,0.03003,0.03,-0.00147,0.02738,0.03,-9.34,0.76,0.3004,0.0399,-0.129,0.61,0.0,0,0.003,6.22
4,418,8.36,enter,0.02827,0.02554,0.01214,0.03622,0.03,-10.87,0.43,0.3055,0.0491,-0.203,0.0,0.0,0,0.0006,1.35
5,418,8.36,enter,0.02464,0.02461,-0.00125,0.02998,0.03,-8.95,0.61,0.3038,0.0462,0.759,0.098,0.0,0,0.0007,1.42
6,418,8.36,enter,0.02365,0.02142,-0.01001,0.03041,0.03,-10.65,0.72,0.2994,0.0765,2.186,0.0,0.0,0,0.0017,3.61
7,418,8.36,enter,0.01471,0.0147,-0.00048,0.03809,0.03,-15.23,1.69,0.3117,0.0542,0.917,0.0,0.0,0,0.0,0.0
0,419,8.38,enter,0.00904,0.00836,0.00345,0.03392,0.03,-16.2,1.48,0.3125,0.0483,0.026,0.0,0.0,0,0.0,0.0
1,419,8.38,enter,0.02217,0.02215,-0.00102,0.03429,0.03,-12.57,2.01,0.3014,0.07,1.33,0.0,0.0,0,0.0,0.0
2,419,8.38,enter,0.02893,0.02867,0.00392,0.02939,0.03,-10.12,0.67,0.3016,0.0475,-0.271,0.0,0.0,0,0.0033,6.99
3,419,8.38,enter,0.03006,0.03002,-0.00163,0.02692,0.03,-9.29,0.79,0.3003,0.0402,-0.092,0.0,0.0,0,0.0033,6.86
4,419,8.38,enter,0.02911,0.02609,0.01292,0.03935,0.03,-10.54,0.13,0.3055,0.0493,-0.209,0.0,0.0,0,0.0002,0.52
5,419,8.38,enter,0.0245,0.02445,-0.00152,0.0314,0.03,-8.75,0.4,0.3036,0.0466,0.783,0.0,0.0,0,0.0005,0.97
6,419,8.38,enter,0.02572,0.02366,-0.01008,0.03277,0.03,-10.88,0.69,0.2993,0.0767,2.202,0.0,0.0,0,0.0015,3.12
7,419,8.38,enter,0.01458,0.01457,-0.00054,0.0373,0.03,-15.15,1.78,0.3117,0.0544,0.934,0.0,0.0,0,0.0,0.0
0,420,8.4,enter,0.00902,0.0084,0.00329,0.03399,0.03,-16.13,1.48,0.3124,0.0485,0.039,0.0,0.0,0,0.0,0.0
1,420,8.4,enter,0.02403,0.02403,-0.00033,0.0364,0.03,-12.6,1.98,0.3013,0.0704,1.356,0.0,0.0,0,0.0,0.0
2,420,8.4,enter,0.02989,0.02986,0.00145,0.02774,0.03,-10.31,0.6,0.3016,0.0475,-0.184,1.125,0.0,0,0.0039,8.25
3,420,8.4,enter,0.02989,0.02983,-0.00194,0.02662,0.03,-9.25,0.77,0.3002,0.0404,-0.061,0.406,0.0,0,0.0033,6.99
4,420,8.4,enter,0.02672,0.02416,0.0114,0.03838,0.03,-10.87,0.18,0.3056,0.0494,-0.187,0.0,0.0,0,0.0002,0.46
5,420,8.4,enter,0.02404,0.02395,-0.00209,0.03116,0.03,-8.78,0.3,0.3034,0.0469,0.798,0.0,0.0,0,0.0001,0.25
6,420,8.4,enter,0.02816,0.02609,-0.01058,0.03509,0.03,-11.14,0.74,0.2992,0.0769,2.225,1.739,0.0,0,0.001,2.18
7,420,8.4,enter,0.01456,0.01455,-0.00053,0.03647,0.03,-15.09,1.8,0.3116,0.0546,0.952,0.0,0.0,0,0.0,0.0
0,421,8.42,enter,0.00909,0.00854,0.00311,0.03392,0.03,-16.09,1.49,0.3124,0.0487,0.054,0.0,0.0,0,0.0,0.0
1,421,8.42,enter,0.02582,0.02582,-2e-05,0.03852,0.03,-12.71,2.01,0.3012,0.0707,1.378,0.0,0.0,0,0.0,0.0
2,421,8.42,enter,0.03334,0.0333,0.00155,0.0282,0.03,-9.8,0.84,0.3015,0.0477,-0.085,0.7,0.0,0,0.005,10.49
3,421,8.42,enter,0.02918,0.02907,-0.00244,0.02619,0.03,-9.28,0.76,0.3001,0.0407,-0.033,0.571,0.0,0,0.0033,6.86
4,421,8.42,enter,0.02647,0.02436,0.01034,0.0352,0.03,-11.05,0.55,0.3055,0.0494,-0.144,0.0,0.0,0,0.0001,0.26
5,421,8.42,enter,0.02316,0.02289,-0.00352,0.02968,0.03,-9.05,0.4,0.3031,0.0472,0.828,0.697,0.0,0,0.0003,0.68
6,421,8.42,enter,0.03068,0.02811,-0.0123,0.03728,0.03,-11.55,0.7,0.299,0.077,2.29,1.736,0.0,0,0.0006,1.34
7,421,8.42,enter,0.01464,0.01463,-0.00054,0.03612,0.03,-15.02,1.75,0.3116,0.0548,0.96,0.0,0.0,0,0.0,0.0
0,422,8.44,enter,0.00926,0.0088,0.0029,0.03386,0.03,-16.07,1.5,0.3123,0.049,0.067,0.0,0.0,0,0.0,0.0
1,422,8.44,enter,0.0278,0.0278,-0.00019,0.04077,0.03,-12.87,2.1,0.3011,0.071,1.419,0.0,0.0,0,0.0,0.0
2,422,8.44,enter,0.03535,0.03517,0.00357,0.03308,0.03,-8.81,0.39,0.3015,0.048,-0.071,0.0,0.0,0,0.0061,12.91
3,422,8.44,enter,0.02936,0.02924,-0.00263,0.02617,0.03,-9.19,0.77,0.3,0.041,0.002,0.52,0.0,0,0.0034,7.15
4,422,8.44,enter,0.02623,0.02441,0.00961,0.033,0.03,-11.12,0.62,0.3055,0.0496,-0.106,2.124,0.0,0,0.0001,0.26
5,422,8.44,enter,0.02356,0.02306,-0.00482,0.02796,0.03,-9.11,0.51,0.3029,0.0475,0.901,0.0,0.0,0,0.0009,1.96
6,422,8.44,enter,0.03103,0.02823,-0.01287,0.03667,0.03,-11.29,1.09,0.2989,0.0772,2.412,0.847,0.0,0,0.0004,0.87
7,422,8.44,enter,0.01475,0.01474,-0.00056,0.03643,0.03,-14.94,1.68,0.3115,0.0551,0.961,0.0,0.0,0,0.0,0.0
0,423,8.46,enter,0.00956,0.00918,0.00266,0.0339,0.03,-16.06,1.51,0.3123,0.0492,0.08,0.0,0.0,0,0.0,0.0
1,423,8.46,enter,0.03022,0.03021,-0.00077,0.0421,0.03,-13.09,2.31,0.301,0.0713,1.483,0.0,0.0,0,0.0,0.0
2,423,8.46,enter,0.03508,0.03483,0.0042,0.03675,0.03,-8.32,0.04,0.3015,0.0482,-0.09,0.0,0.0,0,0.0069,14.52
3,423,8.46,enter,0.02904,0.02887,-0.00307,0.0256,0.03,-9.21,0.79,0.3,0.0413,0.038,0.376,0.0,0,0.0035,7.35
4,423,8.46,enter,0.02721,0.02529,0.01003,0.03272,0.03,-10.92,0.64,0.3055,0.0497,-0.074,0.559,0.0,0,0.0005,1.05
5,423,8.46,enter,0.02524,0.02477,-0.00484,0.02674,0.03,-8.79,0.72,0.3026,0.0479,0.976,0.789,0.0,0,0.0018,3.77
6,423,8.46,enter,0.03062,0.02793,-0.01254,0.03578,0.03,-10.92,1.13,0.2987,0.0773,2.508,0.461,0.0,0,0.0008,1.72
7,423,8.46,enter,0.01482,0.01481,-0.00063,0.03685,0.03,-14.85,1.64,0.3115,0.0553,0.967,0.0,0.0,0,0.0,0.0
0,424,8.48,enter,0.00999,0.0097,0.00236,0.03377,0.03,-16.07,1.54,0.3122,0.0494,0.097,0.0,0.0,0,0.0,0.0
1,424,8.48,enter,0.03257,0.03257,-0.00048,0.04302,0.03,-13.12,2.44,0.3009,0.0717,1.554,0.0,0.0,0,0.0,0.0
2,424,8.48,enter,0.03218,0.03209,0.00247,0.03459,0.03,-8.86,0.03,0.3015,0.0483,-0.082,0.0,0.0,0,0.0073,15.42
3,424,8.48,enter,0.02866,0.02845,-0.00346,0.02482,0.03,-9.24,0.82,0.2999,0.0416,0.074,0.361,0.0,0,0.0037,7.74
4,424,8.48,enter,0.0276,0.02545,0.01069,0.03413,0.03,-10.68,0.45,0.3055,0.0499,-0.067,0.0,0.0,0,0.0005,1.08
5,424,8.48,enter,0.02587,0.02554,-0.00414,0.02864,0.03,-8.33,0.43,0.3024,0.0483,0.988,0.0,0.0,0,0.0026,5.45
6,424,8.48,enter,0.03027,0.02784,-0.01189,0.03596,0.03,-10.69,0.83,0.2985,0.0775,2.537,0.0,0.0,0,0.0008,1.7
7,424,8.48,enter,0.01485,0.01483,-0.00074,0.03712,0.03,-14.77,1.62,0.3115,0.0555,0.978,0.0,0.0,0,0.0,0.0
0,425,8.5,enter,0.01051,0.01031,0.00203,0.03365,0.03,-16.1,1.57,0.3122,0.0496,0.113,0.0,0.0,0,0.0,0.0
1,425,8.5,enter,0.03414,0.03414,0.00058,0.04486,0.03,-12.99,2.26,0.3007,0.0721,1.589,0.0,0.0,0,0.0,0.0
2,425,8.5,enter,0.03163,0.03161,0.00096,0.03059,0.03,-9.38,0.46,0.3013,0.0485,-0.043,0.0,0.0,0,0.0074,15.63
3,425,8.5,enter,0.02802,0.02775,-0.00391,0.02401,0.03,-9.3,0.85,0.2998,0.0419,0.108,0.558,0.0,0,0.0038,7.92
4,425,8.5,enter,0.02441,0.0222,0.01015,0.03365,0.03,-11.04,0.42,0.3055,0.0501,-0.067,0.0,0.0,0,0.0001,0.23
5,425,8.5,enter,0.0238,0.02333,-0.00473,0.02935,0.03,-8.49,0.24,0.3021,0.0486,0.977,0.0,0.0,0,0.0029,5.98
6,425,8.5,enter,0.03255,0.02993,-0.0128,0.03821,0.03,-11.06,0.66,0.2983,0.0776,2.521,0.0,0.0,0,0.0003,0.61
7,425,8.5,enter,0.01491,0.01489,-0.00085,0.03734,0.03,-14.68,1.61,0.3114,0.0557,0.987,0.0,0.0,0,0.0,0.0
0,426,8.52,enter,0.01102,0.0109,0.00166,0.03336,0.03,-16.13,1.61,0.3121,0.0499,0.133,0.0,0.0,0,0.0,0.0
1,426,8.52,enter,0.03643,0.03642,0.001,0.04857,0.03,-13.09,2.07,0.3006,0.0725,1.594,0.0,0.0,0,0.0,0.0
2,426,8.52,enter,0.03343,0.03343,-2e-05,0.02703,0.03,-9.54,0.84,0.3012,0.0486,0.023,0.0,0.0,0,0.0072,15.19
3,426,8.52,enter,0.02826,0.02797,-0.00405,0.02412,0.03,-9.18,0.83,0.2997,0.0422,0.141,0.259,0.0,0,0.0039,8.13
4,426,8.52,enter,0.02285,0.02049,0.0101,0.03128,0.03,-11.35,0.78,0.3056,0.0503,-0.036,0.0,0.0,0,0.0,0.06
5,426,8.52,enter,0.02269,0.02196,-0.0057,0.02608,0.03,-8.87,0.54,0.3019,0.0489,1.011,0.0,0.0,0,0.0026,5.42
6,426,8.52,enter,0.03536,0.03214,-0.01476,0.04041,0.03,-11.51,0.75,0.2981,0.0777,2.532,1.43,0.0,0,0.0,0.02
7,426,8.52,enter,0.01499,0.01496,-0.00096,0.03754,0.03,-14.6,1.6,0.3114,0.056,0.996,0.0,0.0,0,0.0,0.0
0,427,8.54,enter,0.01159,0.01152,0.00127,0.03313,0.03,-16.16,1.64,0.312,0.0501,0.152,0.0,0.0,0,0.0,0.0
1,427,8.54,enter,0.04019,0.04019,-0.00041,0.05225,0.03,-13.66,2.28,0.3004,0.0729,1.614,0.0,0.0,0,0.0,0.0
2,427,8.54,enter,0.0342,0.03415,0.00171,0.02866,0.03,-8.96,0.56,0.3011,0.0488,0.034,0.0,0.0,0,0.0067,14.06
3,427,8.54,enter,0.02798,0.02761,-0.00455,0.02408,0.03,-9.15,0.81,0.2996,0.0425,0.173,0.48,0.0,0,0.0038,7.97
4,427,8.54,enter,0.02265,0.02011,0.01043,0.0317,0.03,-11.24,0.78,0.3056,0.0505,-0.01,0.0,0.0,0,0.0,0.0
5,427,8.54,enter,0.02227,0.02144,-0.00602,0.02429,0.03,-8.89,0.75,0.3017,0.0493,1.067,1.946,0.0,0,0.0021,4.44
6,427,8.54,enter,0.03745,0.03341,-0.01692,0.04112,0.03,-11.74,1.09,0.298,0.0778,2.624,2.101,0.0,0,0.0,0.02
7,427,8.54,enter,0.0151,0.01506,-0.00108,0.03773,0.03,-14.53,1.59,0.3113,0.0562,1.005,0.0,0.0,0,0.0,0.0
0,428,8.56,enter,0.01219,0.01217,0.00084,0.03331,0.03,-16.19,1.63,0.3119,0.0504,0.166,0.0,0.0,0,0.0,0.0
1,428,8.56,enter,0.04582,0.04571,-0.00321,0.05583,0.03,-14.62,2.64,0.3002,0.0733,1.689,0.0,0.0,0,0.0,0.0
2,428,8.56,enter,0.03232,0.0322,0.00275,0.0298,0.03,-8.81,0.26,0.3009,0.049,0.005,0.0,0.0,0,0.0058,12.21
3,428,8.56,enter,0.02778,0.02733,-0.00495,0.02366,0.03,-9.14,0.85,0.2996,0.0428,0.21,0.587,0.0,0,0.0039,8.16
4,428,8.56,enter,0.0225,0.02011,0.0101,0.03271,0.03,-11.12,0.69,0.3056,0.0506,0.011,0.0,0.0,0,0.0,0.0
5,428,8.56,enter,0.02263,0.02186,-0.00587,0.02444,0.03,-8.64,0.72,0.3014,0.0497,1.117,0.408,0.0,0,0.0022,4.56
6,428,8.56,enter,0.03721,0.03287,-0.01744,0.0389,0.03,-11.28,1.46,0.2978,0.0778,2.772,0.855,0.0,0,0.0005,1.13
7,428,8.56,enter,0.01524,0.01519,-0.00121,0.03792,0.03,-14.45,1.59,0.3113,0.0564,1.014,0.0,0.0,0,0.0,0.0
0,429,8.58,enter,0.01272,0.01272,0.00031,0.03387,0.03,-16.21,1.64,0.3118,0.0506,0.177,0.0,0.0,0,0.0,0.0
1,429,8.58,enter,0.0488,0.04867,-0.00352,0.05604,0.03,-14.69,3.01,0.3,0.0737,1.793,0.0,0.0,0,0.0,0.0
2,429,8.58,enter,0.02923,0.02917,0.00188,0.02805,0.03,-9.3,0.31,0.3008,0.0491,0.0,0.0,0.0,0,0.0046,9.56
3,429,8.58,enter,0.02794,0.02747,-0.00511,0.02337,0.03,-9.06,0.87,0.2995,0.0431,0.249,0.149,0.0,0,0.0041,8.58
4,429,8.58,enter,0.02264,0.02045,0.0097,0.03334,0.03,-10.97,0.7,0.3057,0.0508,0.045,0.0,0.0,0,0.0,0.0
5,429,8.58,enter,0.02304,0.02231,-0.00573,0.0258,0.03,-8.32,0.59,0.3012,0.0501,1.144,0.0,0.0,0,0.0019,3.94
6,429,8.58,enter,0.03619,0.03226,-0.01641,0.0366,0.03,-10.69,1.33,0.2976,0.078,2.876,0.713,0.0,0,0.0017,3.62
7,429,8.58,enter,0.0154,0.01534,-0.00136,0.03812,0.03,-14.39,1.59,0.3113,0.0567,1.023,0.0,0.0,0,0.0,0.0
0,430,8.6,enter,0.01312,0.01312,-0.00019,0.03482,0.03,-16.2,1.65,0.3117,0.0509,0.178,0.0,0.0,0,0.0,0.0
1,430,8.6,enter,0.04906,0.04901,-0.00211,0.05586,0.03,-14.27,2.67,0.2998,0.0742,1.838,0.0,0.0,0,0.0,0.0
2,430,8.6,enter,0.02652,0.0265,-0.00101,0.02469,0.03,-10.06,0.49,0.3007,0.0491,0.049,1.798,0.0,0,0.0039,8.1
3,430,8.6,enter,0.02787,0.02734,-0.00543,0.02351,0.03,-8.97,0.83,0.2994,0.0434,0.281,0.497,0.0,0,0.004,8.43
4,430,8.6,enter,0.02356,0.02136,0.00994,0.03454,0.03,-10.68,0.65,0.3057,0.0511,0.078,0.0,0.0,0,0.0,0.0
5,430,8.6,enter,0.02164,0.02063,-0.00652,0.02637,0.03,-8.43,0.5,0.301,0.0504,1.159,0.417,0.0,0,0.001,2.16
6,430,8.6,enter,0.03524,0.03201,-0.01473,0.03811,0.03,-10.46,0.83,0.2973,0.0781,2.871,0.0,0.0,0,0.0026,5.45
7,430,8.6,enter,0.01557,0.0155,-0.00154,0.03828,0.03,-14.32,1.59,0.3112,0.0569,1.032,0.0,0.0,0,0.0,0.0
0,431,8.62,enter,0.01322,0.01321,-0.00057,0.03493,0.03,-16.15,1.77,0.3116,0.0511,0.188,0.0,0.0,0,0.0,0.0
1,431,8.62,enter,0.0497,0.04968,-0.00135,0.05842,0.03,-14.15,2.14,0.2995,0.0746,1.814,0.0,0.0,0,0.0,0.0
2,431,8.62,enter,0.02933,0.02924,-0.0023,0.02411,0.03,-9.85,0.71,0.3005,0.0492,0.176,0.58,0.0,0,0.005,10.5
3,431,8.62,enter,0.02774,0.02712,-0.00585,0.0235,0.03,-8.93,0.8,0.2993,0.0437,0.313,0.0,0.0,0,0.004,8.38
4,431,8.62,enter,0.02312,0.02098,0.00971,0.03575,0.03,-10.62,0.55,0.3057,0.0513,0.097,0.0,0.0,0,0.0,0.0
5,431,8.62,enter,0.02137,0.02017,-0.00708,0.0262,0.03,-8.42,0.48,0.3009,0.0508,1.2,0.442,0.0,0,0.0008,1.78
6,431,8.62,enter,0.03852,0.03521,-0.01561,0.0423,0.03,-11.05,0.67,0.2971,0.0782,2.831,0.0,0.0,0,0.0029,6.12
7,431,8.62,enter,0.0157,0.0156,-0.00172,0.03829,0.03,-14.26,1.61,0.3112,0.0571,1.042,0.0,0.0,0,0.0,0.0
0,432,8.64,enter,0.01346,0.01344,-0.00081,0.03391,0.03,-16.11,1.91,0.3116,0.0514,0.218,0.0,0.0,0,0.0,0.0
1,432,8.64,enter,0.0517,0.05157,-0.00373,0.06085,0.03,-14.63,1.55,0.2993,0.075,1.814,0.0,5.304,0,0.0,0.0
2,432,8.64,enter,0.03196,0.03194,-0.00118,0.02649,0.03,-9.05,0.82,0.3004,0.0494,0.267,0.0,0.0,0,0.0063,13.31
3,432,8.64,enter,0.02746,0.02673,-0.00628,0.02309,0.03,-8.93,0.85,0.2992,0.0441,0.35,0.279,0.0,0,0.004,8.39
4,432,8.64,enter,0.02148,0.01963,0.00871,0.0359,0.03,-10.8,0.58,0.3058,0.0515,0.12,0.0,0.0,0,0.0,0.0
5,432,8.64,enter,0.02125,0.01976,-0.00782,0.02546,0.03,-8.44,0.62,0.3007,0.0512,1.259,0.426,0.0,0,0.001,2.08
6,432,8.64,enter,0.0436,0.03981,-0.01778,0.04562,0.03,-11.73,1.11,0.297,0.0782,2.839,0.0,0.0,0,0.0027,5.68
7,432,8.64,enter,0.01583,0.01572,-0.00189,0.03832,0.03,-14.19,1.62,0.3111,0.0574,1.052,0.0,0.0,0,0.0,0.0
0,433,8.66,enter,0.01412,0.0141,-0.00084,0.03292,0.03,-16.09,1.93,0.3115,0.0518,0.25,0.0,0.0,0,0.0,0.0
1,433,8.66,enter,0.0526,0.05204,-0.00766,0.05992,0.03,-15.1,1.43,0.2992,0.0752,1.889,0.0,4.279,0,0.0,0.0
2,433,8.66,enter,0.03294,0.03293,0.00101,0.03127,0.03,-8.1,0.37,0.3004,0.0497,0.271,0.0,0.0,0,0.0073,15.35
3,433,8.66,enter,0.02708,0.02624,-0.00667,0.02233,0.03,-8.97,0.87,0.2992,0.0444,0.389,0.221,0.0,0,0.0041,8.6
4,433,8.66,enter,0.02115,0.01945,0.00831,0.03454,0.03,-10.78,0.8,0.3058,0.0517,0.173,0.0,0.0,0,0.0,0.0
5,433,8.66,enter,0.021,0.01936,-0.00815,0.0245,0.03,-8.42,0.72,0.3005,0.0516,1.312,0.75,0.0,0,0.0012,2.59
6,433,8.66,enter,0.0484,0.04425,-0.0196,0.04778,0.03,-12.14,1.8,0.2968,0.0782,2.905,1.535,0.0,0,0.0015,3.23
7,433,8.66,enter,0.01598,0.01584,-0.00206,0.03838,0.03,-14.12,1.63,0.3111,0.0576,1.061,0.0,0.0,0,0.0,0.0
0,434,8.68,enter,0.01474,0.01471,-0.00084,0.03285,0.03,-16.08,1.85,0.3115,0.052,0.263,0.0,0.0,0,0.0,0.0
1,434,8.68,enter,0.05248,0.05168,-0.00912,0.05725,0.03,-14.88,1.75,0.299,0.0755,2.009,5.347,0.0,0,0.0,0.07
2,434,8.68,enter,0.03157,0.03154,0.0015,0.03426,0.03,-7.83,0.01,0.3003,0.0499,0.251,0.0,0.0,0,0.0079,16.72
3,434,8.68,enter,0.02631,0.0253,-0.00721,0.02149,0.03,-9.07,0.89,0.2991,0.0447,0.424,0.395,0.0,0,0.0041,8.57
4,434,8.68,enter,0.02181,0.01991,0.00889,0.03535,0.03,-10.52,0.69,0.3058,0.052,0.205,0.0,0.0,0,0.0,0.0
5,434,8.68,enter,0.02054,0.0188,-0.00828,0.02481,0.03,-8.33,0.65,0.3004,0.052,1.338,0.0,0.0,0,0.0012,2.55
6,434,8.68,enter,0.04965,0.04587,-0.01901,0.04741,0.03,-11.84,1.79,0.2966,0.0783,2.978,0.668,0.0,0,0.0006,1.25
7,434,8.68,enter,0.01613,0.01597,-0.00222,0.03844,0.03,-14.05,1.63,0.311,0.0579,1.071,0.0,0.0,0,0.0,0.0
0,435,8.7,enter,0.01525,0.01522,-0.00091,0.03287,0.03,-16.06,1.8,0.3114,0.0523,0.28,0.0,0.0,0,0.0,0.0
1,435,8.7,enter,0.04975,0.04911,-0.00798,0.05432,0.03,-13.92,2.33,0.2989,0.0758,2.092,0.825,0.0,0,0.0,0.1
2,435,8.7,enter,0.02819,0.02819,-0.00041,0.03131,0.03,-8.55,0.18,0.3003,0.0501,0.271,1.494,0.0,0,0.0077,16.3
3,435,8.7,enter,0.02665,0.02559,-0.00742,0.02168,0.03,-8.95,0.86,0.299,0.045,0.459,0.405,0.0,0,0.0041,8.61
4,435,8.7,enter,0.02099,0.0191,0.00871,0.03592,0.03,-10.53,0.54,0.3057,0.0522,0.224,0.0,0.0,0,0.0,0.0
5,435,8.7,enter,0.01934,0.01708,-0.00908,0.02501,0.03,-8.49,0.64,0.3002,0.0524,1.36,0.765,0.0,0,0.0007,1.48
6,435,8.7,enter,0.0494,0.04627,-0.01732,0.04752,0.03,-11.51,1.39,0.2965,0.0785,2.994,0.0,0.0,0,0.0006,1.3
7,435,8.7,enter,0.01627,0.01609,-0.00238,0.03849,0.03,-13.98,1.64,0.311,0.0581,1.081,0.0,0.0,0,0.0,0.0
0,436,8.72,enter,0.01573,0.01569,-0.001,0.03308,0.03,-16.03,1.77,0.3113,0.0526,0.3,0.0,0.0,0,0.0,0.0
1,436,8.72,enter,0.04748,0.04698,-0.00687,0.05273,0.03,-13.32,1.88,0.2988,0.0762,2.102,0.0,0.0,0,0.0004,0.76
2,436,8.72,enter,0.02915,0.02911,-0.00161,0.02697,0.03,-8.9,0.62,0.3002,0.0502,0.329,0.0,0.0,0,0.0069,14.56
3,436,8.72,enter,0.02672,0.02552,-0.00789,0.02177,0.03,-8.89,0.84,0.2989,0.0453,0.495,0.55,0.0,0,0.0041,8.51
4,436,8.72,enter,0.01855,0.01719,0.00697,0.03409,0.03,-10.94,0.6,0.3055,0.0523,0.244,0.0,0.0,0,0.0,0.0
5,436,8.72,enter,0.01955,0.01696,-0.00973,0.0249,0.03,-8.46,0.54,0.3001,0.0528,1.407,0.293,0.0,0,0.0006,1.31
6,436,8.72,enter,0.05101,0.04829,-0.01644,0.0517,0.03,-11.79,1.01,0.2963,0.0786,2.949,0.0,0.0,0,0.0008,1.63
7,436,8.72,enter,0.01641,0.01622,-0.00253,0.03855,0.03,-13.91,1.65,0.3109,0.0584,1.091,0.0,0.0,0,0.0,0.0
0,437,8.74,enter,0.01608,0.01604,-0.00112,0.03371,0.03,-16.0,1.72,0.3113,0.0529,0.314,0.0,0.0,0,0.0,0.0
1,437,8.74,enter,0.04703,0.04658,-0.00653,0.05386,0.03,-13.14,1.55,0.2987,0.0765,2.091,0.0,0.0,0,0.0,0.09
2,437,8.74,enter,0.02945,0.02942,-0.00133,0.02712,0.03,-8.62,0.6,0.3001,0.0504,0.363,0.0,0.0,0,0.0058,12.12
3,437,8.74,enter,0.02676,0.02544,-0.00829,0.02146,0.03,-8.85,0.86,0.2988,0.0456,0.534,0.589,0.0,0,0.0042,8.7
4,437,8.74,enter,0.01753,0.0169,0.00467,0.02864,0.03,-11.34,1.02,0.3053,0.0525,0.295,0.0,0.0,0,0.0,0.0
5,437,8.74,enter,0.02004,0.01701,-0.0106,0.02446,0.03,-8.43,0.71,0.2999,0.0532,1.466,0.452,0.0,0,0.0008,1.74
6,437,8.74,enter,0.05267,0.04968,-0.01749,0.05295,0.03,-11.87,1.04,0.2963,0.0787,2.933,0.0,0.0,0,0.0003,0.72
7,437,8.74,enter,0.01657,0.01636,-0.00267,0.0386,0.03,-13.83,1.65,0.3109,0.0586,1.102,0.0,0.0,0,0.0,0.0
0,438,8.76,enter,0.01624,0.01619,-0.0013,0.03465,0.03,-15.94,1.7,0.3112,0.0531,0.319,0.0,0.0,0,0.0,0.0
1,438,8.76,enter,0.05197,0.05114,-0.00927,0.05802,0.03,-14.09,1.12,0.2985,0.0767,2.108,0.0,13.452,0,0.0,0.07
2,438,8.76,enter,0.0287,0.02869,-0.00093,0.02677,0.03,-8.55,0.5,0.3,0.0507,0.373,0.0,0.0,0,0.0042,8.86
3,438,8.76,enter,0.02707,0.02573,-0.00841,0.02133,0.03,-8.73,0.84,0.2987,0.0459,0.573,0.0,0.0,0,0.0043,9.0
4,438,8.76,enter,0.01955,0.01902,0.0045,0.02579,0.03,-11.14,1.08,0.3051,0.0527,0.354,3.906,0.0,0,0.0002,0.5
5,438,8.76,enter,0.02044,0.01731,-0.01087,0.0238,0.03,-8.3,0.79,0.2998,0.0536,1.52,0.666,0.0,0,0.0011,2.29
6,438,8.76,enter,0.05436,0.0504,-0.02036,0.05363,0.03,-12.27,0.72,0.2962,0.0786,2.947,0.0,4.337,0,0.0002,0.45
7,438,8.76,enter,0.01675,0.01652,-0.0028,0.03866,0.03,-13.76,1.66,0.3108,0.0588,1.113,0.0,0.0,0,0.0,0.0
0,439,8.78,enter,0.01619,0.01611,-0.00151,0.03516,0.03,-15.84,1.77,0.3111,0.0534,0.328,0.0,0.0,0,0.0,0.0
1,439,8.78,enter,0.0544,0.05257,-0.01398,0.05728,0.03,-14.96,0.04,0.2984,0.0768,2.197,0.0,5.426,0,0.0,0.0
2,439,8.78,enter,0.02638,0.02633,-0.00157,0.02548,0.03,-8.88,0.24,0.2999,0.0509,0.384,0.735,0.0,0,0.0034,7.04
3,439,8.78,enter,0.02694,0.02549,-0.00873,0.02142,0.03,-8.67,0.78,0.2986,0.0462,0.603,0.138,0.0,0,0.0042,8.77
4,439,8.78,enter,0.02224,0.0214,0.00604,0.02743,0.03,-10.44,0.75,0.3049,0.053,0.388,0.0,0.0,0,0.0007,1.48
5,439,8.78,enter,0.02041,0.01726,-0.0109,0.0242,0.03,-8.12,0.67,0.2996,0.054,1.551,0.0,0.0,0,0.0012,2.5
6,439,8.78,enter,0.05542,0.05092,-0.02187,0.05227,0.03,-12.04,1.09,0.2963,0.0787,3.013,2.953,0.0,0,0.0002,0.43
7,439,8.78,enter,0.01697,0.01672,-0.00292,0.03874,0.03,-13.69,1.67,0.3108,0.0591,1.124,0.0,0.0,0,0.0,0.0
0,440,8.8,enter,0.01617,0.01607,-0.00174,0.03463,0.03,-15.74,1.88,0.311,0.0537,0.356,0.0,0.0,0,0.0,0.0
1,440,8.8,enter,0.0535,0.05162,-0.01402,0.05442,0.03,-14.17,1.32,0.2983,0.0769,2.36,2.541,0.0,0,0.0004,0.88
2,440,8.8,enter,0.02614,0.02584,-0.00394,0.02405,0.03,-9.22,0.15,0.2998,0.051,0.445,1.131,0.0,0,0.0037,7.81
3,440,8.8,enter,0.02644,0.02477,-0.00923,0.02118,0.03,-8.71,0.74,0.2985,0.0466,0.634,0.241,0.0,0,0.0041,8.57
4,440,8.8,enter,0.02231,0.021,0.00752,0.03176,0.03,-9.95,0.22,0.3046,0.0532,0.366,0.0,0.0,0,0.0005,1.08
5,440,8.8,enter,0.01955,0.01566,-0.01171,0.02455,0.03,-8.28,0.62,0.2994,0.0544,1.57,0.574,0.0,0,0.0007,1.47
6,440,8.8,enter,0.05442,0.05047,-0.02033,0.05115,0.03,-11.2,1.93,0.2964,0.0788,3.063,0.0,0.0,0,0.0009,1.9
7,440,8.8,enter,0.0172,0.01693,-0.00304,0.03881,0.03,-13.63,1.67,0.3107,0.0594,1.135,0.0,0.0,0,0.0,0.0
0,441,8.82,enter,0.0164,0.0163,-0.00178,0.03362,0.03,-15.66,1.92,0.3109,0.054,0.396,0.0,0.0,0,0.0,0.0
1,441,8.82,enter,0.05049,0.04907,-0.01192,0.05185,0.03,-13.2,1.28,0.2982,0.0771,2.475,0.0,0.0,0,0.0007,1.51
2,441,8.82,enter,0.02957,0.02926,-0.00425,0.02348,0.03,-8.81,0.35,0.2998,0.0513,0.568,0.0,0.0,0,0.0051,10.67
3,441,8.82,enter,0.02588,0.02396,-0.00977,0.02037,0.03,-8.81,0.8,0.2984,0.0469,0.672,0.237,0.0,0,0.0042,8.74
4,441,8.82,enter,0.01879,0.01781,0.006,0.03121,0.03,-10.43,0.19,0.3044,0.0534,0.366,0.0,0.0,0,0.0003,0.72
5,441,8.82,enter,0.01992,0.01563,-0.01235,0.02445,0.03,-8.24,0.53,0.2993,0.0548,1.613,0.339,0.0,0,0.0006,1.33
6,441,8.82,enter,0.05316,0.04976,-0.01871,0.05105,0.03,-10.87,1.2,0.2965,0.079,3.041,0.0,3.32,0,0.0013,2.67
7,441,8.82,enter,0.01746,0.01717,-0.00315,0.03889,0.03,-13.56,1.68,0.3107,0.0596,1.146,0.0,0.0,0,0.0,0.0
0,442,8.84,enter,0.01673,0.01664,-0.00168,0.03376,0.03,-15.61,1.82,0.3109,0.0543,0.41,0.0,0.0,0,0.0,0.0
1,442,8.84,enter,0.04744,0.0464,-0.00985,0.051,0.03,-12.48,0.88,0.298,0.0774,2.467,0.0,0.0,0,0.0016,3.31
2,442,8.84,enter,0.02984,0.02969,-0.00299,0.02712,0.03,-8.05,0.23,0.2997,0.0516,0.613,0.0,0.0,0,0.0063,13.27
3,442,8.84,enter,0.02577,0.02373,-0.01005,0.01967,0.03,-8.81,0.88,0.2983,0.0472,0.715,0.375,0.0,0,0.0044,9.15
4,442,8.84,enter,0.0172,0.01669,0.00414,0.02712,0.03,-10.9,0.69,0.3042,0.0536,0.407,0.0,1.007,0,0.0002,0.44
5,442,8.84,enter,0.02036,0.01546,-0.01325,0.02412,0.03,-8.24,0.64,0.2991,0.0552,1.673,0.444,0.0,0,0.0008,1.63
6,442,8.84,enter,0.054,0.0502,-0.0199,0.05222,0.03,-11.52,0.06,0.2966,0.0791,2.99,0.0,4.041,0,0.001,2.09
7,442,8.84,enter,0.01778,0.01748,-0.00325,0.03907,0.03,-13.5,1.68,0.3106,0.0599,1.157,0.0,0.0,0,0.0,0.0
0,443,8.86,enter,0.01723,0.01715,-0.00163,0.03411,0.03,-15.57,1.76,0.3108,0.0546,0.427,0.0,0.0,0,0.0,0.0
1,443,8.86,enter,0.04793,0.0468,-0.01034,0.05233,0.03,-12.51,0.88,0.2979,0.0776,2.458,0.0,0.0,0,0.0018,3.78
2,443,8.86,enter,0.02822,0.02811,-0.0025,0.02983,0.03,-7.79,0.01,0.2997,0.052,0.604,0.0,0.0,0,0.0072,15.1
3,443,8.86,enter,0.02574,0.02356,-0.01036,0.01955,0.03,-8.75,0.88,0.2982,0.0475,0.752,0.48,0.0,0,0.0044,9.17
4,443,8.86,enter,0.02054,0.02035,0.00278,0.02342,0.03,-10.71,0.93,0.304,0.0538,0.494,2.079,0.0,0,0.001,2.03
5,443,8.86,enter,0.0207,0.0156,-0.01362,0.02333,0.03,-8.16,0.76,0.299,0.0557,1.731,0.589,0.0,0,0.0011,2.27
6,443,8.86,enter,0.05392,0.04972,-0.02087,0.05224,0.03,-11.23,0.94,0.2968,0.0792,2.963,0.0,2.33,0,0.0001,0.33
7,443,8.86,enter,0.01809,0.01778,-0.00334,0.0392,0.03,-13.43,1.69,0.3106,0.0601,1.168,0.0,0.0,0,0.0,0.0
0,444,8.88,enter,0.0179,0.01783,-0.00161,0.03434,0.03,-15.55,1.76,0.3108,0.0549,0.454,0.0,0.0,0,0.0,0.0
1,444,8.88,enter,0.05229,0.05079,-0.01242,0.05554,0.03,-13.26,0.15,0.2977,0.0777,2.498,0.0,10.934,0,0.0014,2.94
2,444,8.88,enter,0.02524,0.02496,-0.00371,0.02832,0.03,-8.29,0.15,0.2997,0.0522,0.617,2.455,0.0,0,0.0077,16.21
3,444,8.88,enter,0.026,0.02373,-0.01064,0.02018,0.03,-8.59,0.8,0.2981,0.0479,0.782,0.0,0.0,0,0.0043,9.07
4,444,8.88,enter,0.02298,0.02259,0.00421,0.02586,0.03,-9.95,0.71,0.3038,0.054,0.543,0.0,0.0,0,0.002,4.24
5,444,8.88,enter,0.02059,0.01529,-0.01379,0.0233,0.03,-8.06,0.7,0.2988,0.0561,1.766,0.0,0.0,0,0.0012,2.45
6,444,8.88,enter,0.0548,0.05009,-0.02223,0.0521,0.03,-11.26,0.94,0.297,0.0793,2.965,0.0,1.392,0,0.0003,0.56
7,444,8.88,enter,0.01843,0.01811,-0.00342,0.03938,0.03,-13.37,1.7,0.3105,0.0604,1.18,0.0,0.0,0,0.0,0.0
0,445,8.9,enter,0.01859,0.01852,-0.0016,0.03481,0.03,-15.54,1.74,0.3108,0.0551,0.477,0.0,0.0,0,0.0,0.0
1,445,8.9,enter,0.05281,0.05077,-0.01452,0.05453,0.03,-13.3,0.47,0.2976,0.0778,2.593,0.0,0.0,0,0.0004,0.79
2,445,8.9,enter,0.0253,0.02473,-0.00532,0.02463,0.03,-8.73,0.45,0.2997,0.0525,0.654,0.0,0.0,0,0.007,14.81
3,445,8.9,enter,0.02603,0.02349,-0.01121,0.02049,0.03,-8.54,0.76,0.298,0.0482,0.817,0.192,0.0,0,0.0042,8.78
4,445,8.9,enter,0.024,0.02325,0.00594,0.03038,0.03,-9.21,0.26,0.3036,0.0543,0.541,0.0,0.0,0,0.0025,5.22
5,445,8.9,enter,0.02003,0.01416,-0.01417,0.02364,0.03,-8.1,0.62,0.2987,0.0566,1.788,0.418,0.0,0,0.0009,1.78
6,445,8.9,enter,0.05599,0.05078,-0.02357,0.05244,0.03,-11.85,0.43,0.2972,0.0793,2.959,0.0,3.452,0,0.0001,0.13
7,445,8.9,enter,0.01878,0.01845,-0.00349,0.03953,0.03,-13.3,1.71,0.3105,0.0606,1.192,0.0,0.0,0,0.0,0.0
0,446,8.92,enter,0.01908,0.019,-0.00169,0.03541,0.03,-15.5,1.75,0.3107,0.0554,0.496,0.0,0.0,0,0.0,0.0
1,446,8.92,enter,0.05332,0.05128,-0.01463,0.05307,0.03,-12.94,0.8,0.2975,0.0779,2.676,0.0,0.0,0,0.0005,1.01
2,446,8.92,enter,0.02619,0.02562,-0.00545,0.02262,0.03,-8.68,0.6,0.2996,0.0528,0.693,0.0,0.0,0,0.0061,12.78
3,446,8.92,enter,0.02569,0.0228,-0.01183,0.01989,0.03,-8.63,0.78,0.2979,0.0485,0.861,0.325,0.0,0,0.0043,8.96
4,446,8.92,enter,0.02269,0.02192,0.00586,0.03296,0.03,-9.16,0.04,0.3035,0.0546,0.525,0.0,0.0,0,0.0024,5.02
5,446,8.92,enter,0.01988,0.01322,-0.01485,0.02368,0.03,-8.19,0.66,0.2985,0.057,1.828,0.733,0.0,0,0.0007,1.42
6,446,8.92,enter,0.05642,0.05071,-0.02473,0.05347,0.03,-11.91,0.28,0.2975,0.0792,2.94,0.0,4.491,0,0.0,0.0
7,446,8.92,enter,0.01916,0.01882,-0.00355,0.03975,0.03,-13.23,1.72,0.3104,0.0609,1.204,0.0,0.0,0,0.0,0.0
0,447,8.94,enter,0.01946,0.01937,-0.00182,0.03647,0.03,-15.46,1.73,0.3107,0.0557,0.503,0.0,0.0,0,0.0003,0.6
1,447,8.94,enter,0.05218,0.05049,-0.01317,0.05231,0.03,-12.43,0.58,0.2973,0.0781,2.67,0.0,0.0,0,0.0005,1.12
2,447,8.94,enter,0.02563,0.0251,-0.00518,0.02068,0.03,-8.73,0.57,0.2995,0.0532,0.712,0.0,0.0,0,0.0048,10.04
3,447,8.94,enter,0.02555,0.02255,-0.01202,0.01898,0.03,-8.64,0.84,0.2978,0.0489,0.906,0.27,0.0,0,0.0046,9.55
4,447,8.94,enter,0.01866,0.01832,0.00358,0.03074,0.03,-9.88,0.08,0.3034,0.0548,0.544,0.0,0.0,0,0.0018,3.78
5,447,8.94,enter,0.0203,0.01333,-0.01531,0.02315,0.03,-8.11,0.78,0.2984,0.0574,1.888,0.593,0.0,0,0.0008,1.77
6,447,8.94,enter,0.0559,0.05,-0.02499,0.05345,0.03,-11.55,1.09,0.2978,0.0792,2.931,0.0,0.0,0,0.0,0.0
7,447,8.94,enter,0.01954,0.01921,-0.00359,0.03995,0.03,-13.16,1.73,0.3104,0.0611,1.217,0.0,0.0,0,0.0,0.0
0,448,8.96,enter,0.01946,0.01935,-0.00204,0.03644,0.03,-15.35,1.84,0.3106,0.0559,0.517,0.0,0.0,0,0.0006,1.15
1,448,8.96,enter,0.05128,0.04967,-0.01274,0.05349,0.03,-12.01,1.4,0.2972,0.0783,2.629,0.0,4.529,0,0.0,0.12
2,448,8.96,enter,0.02405,0.02332,-0.00589,0.02102,0.03,-8.69,1.9,0.2995,0.0534,0.719,0.0,0.0,0,0.0041,8.61
3,448,8.96,enter,0.02511,0.02186,-0.01235,0.01877,0.03,-8.65,0.82,0.2977,0.0492,0.936,0.0,0.0,0,0.0046,9.59
4,448,8.96,enter,0.0187,0.01853,0.00246,0.02536,0.03,-10.17,0.71,0.3033,0.055,0.608,0.0,2.122,0,0.001,2.16
5,448,8.96,enter,0.02059,0.01345,-0.01559,0.02275,0.03,-8.01,0.8,0.2982,0.0579,1.941,0.537,0.0,0,0.001,2.05
6,448,8.96,enter,0.05663,0.05026,-0.02609,0.05387,0.03,-11.74,0.78,0.2982,0.0791,2.919,0.0,1.504,0,0.0,0.0
7,448,8.96,enter,0.01995,0.01961,-0.00363,0.04017,0.03,-13.1,1.74,0.3103,0.0614,1.23,0.0,0.0,0,0.0,0.0
0,449,8.98,arrive,0.01957,0.01944,-0.00218,0.03616,0.03,-15.25,1.9,0.3105,0.0562,0.55,0.0,0.0,0,0.0008,1.6
1,449,8.98,arrive,0.05209,0.04987,-0.01504,0.05421,0.03,-12.29,1.1,0.2971,0.0784,2.631,0.0,4.222,0,0.0,0.03
2,449,8.98,arrive,0.0231,0.02163,-0.00809,0.01997,0.03,-9.18,1.44,0.2994,0.0536,0.761,3.055,0.0,0,0.0039,8.07
3,449,8.98,arrive,0.02523,0.02177,-0.01277,0.01949,0.03,-8.52,0.73,0.2975,0.0496,0.965,0.537,0.0,0,0.0043,9.07
4,449,8.98,arrive,0.02105,0.02084,0.00292,0.02407,0.03,-9.84,0.75,0.3031,0.0552,0.662,0.332,0.0,0,0.0016,3.43
5,449,8.98,arrive,0.02023,0.01272,-0.01573,0.023,0.03,-7.94,0.7,0.298,0.0584,1.975,0.0,0.0,0,0.0009,1.96
6,449,8.98,arrive,0.05814,0.05092,-0.02806,0.05469,0.03,-12.23,0.04,0.2985,0.079,2.915,0.0,7.286,0,0.0,0.0
7,449,8.98,arrive,0.02037,0.02004,-0.00364,0.0404,0.03,-13.03,1.75,0.3103,0.0616,1.243,0.0,0.0,0,0.0,0.0
0,450,9.0,arrive,0.01998,0.01994,-0.00135,0.03557,0.03,-15.18,1.92,0.3104,0.0565,0.591,0.0,0.0,0,0.001,2.06
1,450,9.0,arrive,0.05375,0.05093,-0.01718,0.05333,0.03,-12.89,0.76,0.2971,0.0784,2.715,0.0,2.445,0,0.0,0.0
2,450,9.0,arrive,0.02238,0.02017,-0.00969,0.01819,0.03,-9.68,1.4,0.2994,0.0539,0.831,3.754,0.0,0,0.0041,8.59
3,450,9.0,arrive,0.0253,0.02193,-0.01261,0.01975,0.03,-8.4,0.77,0.2974,0.0499,1.008,0.599,0.0,0,0.0043,8.96
4,450,9.0,arrive,0.02148,0.02092,0.00486,0.02726,0.03,-9.35,0.37,0.303,0.0555,0.662,0.0,0.0,0,0.0022,4.57
5,450,9.0,arrive,0.01924,0.01157,-0.01537,0.02277,0.03,-8.03,0.71,0.2978,0.0588,2.004,0.721,0.0,0,0.0006,1.34
6,450,9.0,arrive,0.05665,0.04985,-0.0269,0.0527,0.03,-11.45,1.27,0.2989,0.0789,2.96,0.0,0.0,0,0.0,0.0
7,450,9.0,arrive,0.0207,0.0205,-0.00285,0.04067,0.03,-12.96,1.76,0.3103,0.0618,1.257,0.0,0.0,0,0.0,0.0
0,451,9.02,arrive,0.02028,0.02028,-0.00051,0.03558,0.03,-15.1,1.84,0.3104,0.0569,0.61,0.0,0.0,0,0.0013,2.72
1,451,9.02,arrive,0.05444,0.05153,-0.01755,0.05301,0.03,-12.8,0.12,0.2971,0.0785,2.794,0.0,5.462,0,0.0,0.0
2,451,9.02,arrive,0.02387,0.02187,-0.00954,0.017,0.03,-9.44,1.63,0.2994,0.0543,0.923,3.175,0.0,0,0.0049,10.22
3,451,9.02,arrive,0.02548,0.02241,-0.01212,0.01925,0.03,-8.26,0.83,0.2973,0.0503,1.059,0.524,0.0,0,0.0045,9.34
4,451,9.02,arrive,0.01962,0.01896,0.00505,0.02852,0.03,-9.47,0.26,0.3029,0.0558,0.653,0.0,0.348,0,0.0023,4.72
5,451,9.02,arrive,0.01854,0.01066,-0.01518,0.02255,0.03,-8.13,0.71,0.2976,0.0593,2.044,0.415,0.0,0,0.0005,0.95
6,451,9.02,arrive,0.05464,0.0489,-0.02439,0.05089,0.03,-10.81,1.53,0.2992,0.0788,2.991,0.0,0.0,0,0.0,0.0
7,451,9.02,arrive,0.02091,0.0208,-0.00211,0.04078,0.03,-12.87,1.77,0.3102,0.0621,1.271,0.0,0.0,0,0.0001,0.31
0,452,9.04,arrive,0.02079,0.02078,0.00031,0.03626,0.03,-15.05,1.75,0.3103,0.0572,0.624,0.0,0.0,0,0.0017,3.54
1,452,9.04,arrive,0.0524,0.04974,-0.01647,0.05109,0.03,-12.21,0.2,0.2971,0.0785,2.802,0.0,0.0,0,0.0,0.0
2,452,9.04,arrive,0.02169,0.02044,-0.00724,0.02029,0.03,-8.79,1.4,0.2995,0.0547,0.95,0.0,0.0,0,0.0057,12.01
3,452,9.04,arrive,0.0252,0.02237,-0.0116,0.01898,0.03,-8.16,0.77,0.2971,0.0506,1.096,0.0,0.0,0,0.0045,9.41
4,452,9.04,arrive,0.01758,0.01709,0.00413,0.02709,0.03,-9.9,0.47,0.3028,0.056,0.666,0.0,0.105,0,0.0019,4.02
5,452,9.04,arrive,0.01821,0.01055,-0.01485,0.02219,0.03,-8.05,0.77,0.2974,0.0598,2.102,0.607,0.0,0,0.0005,1.03
6,452,9.04,arrive,0.0538,0.04915,-0.02189,0.0519,0.03,-10.67,1.32,0.2995,0.0787,2.977,0.0,4.099,0,0.0,0.0
7,452,9.04,arrive,0.02106,0.02101,-0.0014,0.04107,0.03,-12.77,1.73,0.3102,0.0623,1.282,0.0,0.0,0,0.0004,0.88
0,453,9.06,arrive,0.0213,0.02127,0.00101,0.03708,0.03,-15.0,1.73,0.3103,0.0574,0.642,0.0,0.0,0,0.002,4.15
1,453,9.06,arrive,0.05142,0.04894,-0.01577,0.05106,0.03,-12.02,0.07,0.2971,0.0785,2.791,0.0,0.0,0,0.0,0.0
2,453,9.06,arrive,0.01811,0.01736,-0.00517,0.02339,0.03,-8.56,1.1,0.2996,0.0551,0.922,0.0,0.0,0,0.0062,13.0
3,453,9.06,arrive,0.02428,0.02152,-0.01124,0.01904,0.03,-8.15,0.69,0.297,0.051,1.117,0.563,0.0,0,0.0041,8.63
4,453,9.06,arrive,0.01792,0.01763,0.00321,0.02409,0.03,-10.12,0.87,0.3027,0.0562,0.717,0.0,0.706,0,0.0018,3.8
5,453,9.06,arrive,0.01795,0.0102,-0.01477,0.02195,0.03,-8.06,0.84,0.2972,0.0602,2.156,0.414,0.0,0,0.0005,1.08
6,453,9.06,arrive,0.05492,0.04992,-0.0229,0.05299,0.03,-11.45,0.01,0.2998,0.0784,2.964,0.0,6.446,0,0.0,0.0
7,453,9.06,arrive,0.02125,0.02124,-0.00073,0.04149,0.03,-12.67,1.68,0.3101,0.0626,1.29,0.0,0.0,0,0.0008,1.76
0,454,9.08,arrive,0.02157,0.02151,0.00164,0.03794,0.03,-14.92,1.73,0.3102,0.0577,0.656,0.0,0.0,0,0.0023,4.85
1,454,9.08,arrive,0.0529,0.05019,-0.01672,0.05312,0.03,-12.11,1.26,0.2971,0.0785,2.81,0.0,5.018,0,0.0,0.0
2,454,9.08,arrive,0.01477,0.01383,-0.00521,0.0221,0.03,-9.2,1.29,0.2998,0.0555,0.923,0.0,0.0,0,0.0063,13.25
3,454,9.08,arrive,0.02423,0.02156,-0.01107,0.01973,0.03,-8.01,0.55,0.2969,0.0513,1.146,0.0,0.0,0,0.0039,8.13
4,454,9.08,arrive,0.01961,0.01918,0.00407,0.02392,0.03,-9.8,0.9,0.3026,0.0565,0.76,0.0,0.0,0,0.0021,4.31
5,454,9.08,arrive,0.01748,0.00963,-0.01458,0.02188,0.03,-8.11,0.89,0.297,0.0607,2.204,0.482,0.0,0,0.0004,0.92
6,454,9.08,arrive,0.05441,0.04953,-0.02253,0.05238,0.03,-11.05,1.05,0.3,0.0782,2.993,0.0,2.02,0,0.0,0.0
7,454,9.08,arrive,0.02151,0.02151,-0.00011,0.04225,0.03,-12.57,1.63,0.3101,0.0629,1.296,0.0,0.0,0,0.0011,2.39
0,455,9.1,arrive,0.02158,0.02147,0.00218,0.03842,0.03,-14.79,1.78,0.3101,0.058,0.669,0.0,0.0,0,0.0026,5.44
1,455,9.1,arrive,0.05386,0.05074,-0.01806,0.05236,0.03,-12.11,1.28,0.2971,0.0784,2.887,1.305,0.0,0,0.0001,0.19
2,455,9.1,arrive,0.01281,0.01169,-0.00524,0.0189,0.03,-10.02,1.7,0.2999,0.0559,0.962,0.0,0.0,0,0.0061,12.77
3,455,9.1,arrive,0.02401,0.02116,-0.01135,0.01954,0.03,-8.05,0.63,0.2967,0.0517,1.195,0.451,0.0,0,0.0038,7.95
4,455,9.1,arrive,0.0195,0.01883,0.00509,0.02519,0.03,-9.62,0.7,0.3026,0.0568,0.763,0.0,0.291,0,0.0022,4.49
5,455,9.1,arrive,0.01701,0.0093,-0.01425,0.02173,0.03,-8.1,0.96,0.2969,0.0612,2.249,0.628,0.0,0,0.0004,0.82
6,455,9.1,arrive,0.05363,0.04933,-0.02105,0.05177,0.03,-10.8,0.9,0.3003,0.078,3.022,0.0,2.692,0,0.0,0.0
7,455,9.1,arrive,0.02185,0.02184,0.00041,0.04299,0.03,-12.45,1.63,0.31,0.0631,1.295,0.0,0.0,0,0.0012,2.54
0,456,9.12,arrive,0.02166,0.02148,0.00277,0.03867,0.03,-14.67,1.82,0.31,0.0583,0.692,0.0,0.0,0,0.003,6.19
1,456,9.12,arrive,0.05376,0.051,-0.01702,0.05116,0.03,-11.73,1.3,0.2971,0.0783,2.991,0.258,0.0,0,0.0001,0.21
2,456,9.12,arrive,0.01242,0.01187,-0.00368,0.01787,0.03,-10.43,1.86,0.3001,0.0563,0.977,0.0,0.0,0,0.0055,11.54
3,456,9.12,arrive,0.02435,0.0217,-0.01105,0.01864,0.03,-7.96,0.76,0.2966,0.0521,1.255,0.46,0.0,0,0.0041,8.66
4,456,9.12,arrive,0.01695,0.01636,0.00443,0.02457,0.03,-10.02,0.58,0.3025,0.0571,0.772,0.0,0.0,0,0.002,4.24
5,456,9.12,arrive,0.01643,0.00882,-0.01386,0.02184,0.03,-8.11,0.94,0.2967,0.0617,2.287,0.417,0.0,0,0.0002,0.47
6,456,9.12,arrive,0.05409,0.04966,-0.02143,0.05208,0.03,-11.08,0.01,0.3005,0.0777,3.01,0.0,6.751,0,0.0,0.0
7,456,9.12,arrive,0.02189,0.02187,0.00094,0.04323,0.03,-12.3,1.7,0.31,0.0634,1.303,0.0,0.0,0,0.0013,2.63
0,457,9.14,arrive,0.02197,0.0217,0.0034,0.03843,0.03,-14.56,1.9,0.31,0.0586,0.727,0.0,0.0,0,0.0032,6.66
1,457,9.14,arrive,0.05257,0.05053,-0.01451,0.05045,0.03,-11.26,0.87,0.2971,0.0784,3.032,0.0,0.0,0,0.0003,0.64
2,457,9.14,arrive,0.01168,0.0115,-0.00201,0.01956,0.03,-10.67,1.84,0.3003,0.0568,0.969,0.0,0.0,0,0.0046,9.54
3,457,9.14,arrive,0.02452,0.02216,-0.01051,0.01858,0.03,-7.77,0.71,0.2965,0.0525,1.292,0.0,0.0,0,0.0043,9.07
4,457,9.14,arrive,0.01777,0.0173,0.00406,0.02319,0.03,-10.08,0.73,0.3025,0.0574,0.796,0.0,0.436,0,0.0021,4.31
5,457,9.14,arrive,0.01608,0.00829,-0.01377,0.02221,0.03,-8.17,0.89,0.2965,0.0622,2.323,0.746,0.0,0,0.0,0.03
6,457,9.14,arrive,0.05345,0.04918,-0.02094,0.05151,0.03,-10.62,0.98,0.3007,0.0775,3.03,0.0,4.33,0,0.0,0.0
7,457,9.14,arrive,0.02175,0.0217,0.0015,0.0428,0.03,-12.15,1.77,0.31,0.0637,1.325,0.0,0.0,0,0.0013,2.84
0,458,9.16,arrive,0.02253,0.02212,0.00429,0.03846,0.03,-14.46,1.87,0.3099,0.0589,0.76,0.0,0.0,0,0.0034,7.11
1,458,9.16,arrive,0.05113,0.04942,-0.01312,0.05108,0.03,-11.08,0.23,0.2971,0.0784,3.0,0.0,0.0,0,0.0,0.09
2,458,9.16,arrive,0.0108,0.01079,-0.00058,0.02243,0.03,-10.84,1.81,0.3005,0.0573,0.965,0.0,0.0,0,0.0032,6.68
3,458,9.16,arrive,0.02341,0.02103,-0.01028,0.01906,0.03,-7.77,0.59,0.2964,0.0529,1.304,0.0,0.0,0,0.004,8.34
4,458,9.16,arrive,0.01664,0.01646,0.00245,0.02048,0.03,-10.59,0.76,0.3025,0.0577,0.834,0.0,0.0,0,0.002,4.21
5,458,9.16,arrive,0.01617,0.00846,-0.01378,0.022,0.03,-8.17,0.82,0.2963,0.0627,2.373,0.941,0.0,0,0.0001,0.23
6,458,9.16,arrive,0.05318,0.04922,-0.02014,0.05089,0.03,-10.46,0.97,0.301,0.0774,3.064,0.0,0.0,0,0.0,0.0
7,458,9.16,arrive,0.02123,0.02113,0.00206,0.04208,0.03,-11.97,1.76,0.31,0.064,1.35,0.0,0.0,0,0.0015,3.2
0,459,9.18,arrive,0.0233,0.02272,0.00516,0.03908,0.03,-14.4,1.8,0.3098,0.0592,0.779,0.0,0.0,0,0.0038,7.97
1,459,9.18,arrive,0.05186,0.04975,-0.01465,0.05182,0.03,-11.37,0.05,0.297,0.0783,2.985,0.0,4.262,0,0.0,0.0
2,459,9.18,arrive,0.01095,0.01093,0.00056,0.02494,0.03,-10.96,1.86,0.3007,0.0577,0.986,0.0,0.0,0,0.0015,3.05
3,459,9.18,arrive,0.02274,0.0202,-0.01043,0.01893,0.03,-7.84,0.66,0.2963,0.0533,1.327,0.659,0.0,0,0.0036,7.58
4,459,9.18,arrive,0.0176,0.01733,0.00306,0.02006,0.03,-10.43,0.86,0.3026,0.0581,0.864,0.179,0.039,0,0.0023,4.78
5,459,9.18,arrive,0.01645,0.00916,-0.01367,0.02137,0.03,-8.13,0.86,0.2962,0.0632,2.432,1.293,0.0,0,0.0004,0.86
6,459,9.18,arrive,0.05416,0.05,-0.02082,0.05111,0.03,-11.03,0.23,0.3012,0.0771,3.05,0.0,6.062,0,0.0,0.0
7,459,9.18,arrive,0.02125,0.02108,0.0027,0.04188,0.03,-11.84,1.71,0.31,0.0643,1.365,0.0,0.0,0,0.0017,3.63
0,460,9.2,arrive,0.02382,0.02307,0.00593,0.04012,0.03,-14.3,1.75,0.3097,0.0594,0.787,0.0,0.0,0,0.0039,8.13
1,460,9.2,arrive,0.05335,0.05051,-0.01716,0.05174,0.03,-11.74,0.24,0.2971,0.0781,3.044,0.0,5.015,0,0.0,0.0
2,460,9.2,arrive,0.0118,0.01169,0.00163,0.02682,0.03,-10.99,1.91,0.301,0.0582,1.029,3.155,0.0,0,0.0009,2.07
3,460,9.2,arrive,0.02335,0.02095,-0.01032,0.01909,0.03,-7.65,0.63,0.2961,0.0537,1.378,0.402,0.0,0,0.0037,7.75
4,460,9.2,arrive,0.01658,0.01608,0.00404,0.02285,0.03,-10.16,0.65,0.3027,0.0586,0.858,0.0,0.0,0,0.0023,4.85
5,460,9.2,arrive,0.01653,0.00951,-0.01352,0.02123,0.03,-8.1,0.88,0.296,0.0637,2.482,0.98,0.0,0,0.0005,1.0
6,460,9.2,arrive,0.05445,0.05023,-0.02102,0.05144,0.03,-11.16,0.01,0.3014,0.0768,3.041,0.0,5.633,0,0.0,0.0
7,460,9.2,arrive,0.02179,0.02152,0.0034,0.04264,0.03,-11.74,1.6,0.3099,0.0646,1.367,0.0,0.0,0,0.002,4.27
0,461,9.22,arrive,0.02399,0.02307,0.00659,0.04088,0.03,-14.15,1.76,0.3097,0.0597,0.797,0.0,0.0,0,0.0041,8.53
1,461,9.22,arrive,0.05234,0.04972,-0.01636,0.0488,0.03,-10.77,1.61,0.2971,0.078,3.153,2.731,0.0,0,0.0003,0.94
2,461,9.22,arrive,0.01211,0.01185,0.00248,0.02782,0.03,-10.88,1.94,0.3012,0.0588,1.079,0.0,0.0,0,0.0009,2.02
3,461,9.22,arrive,0.02367,0.02128,-0.01035,0.01844,0.03,-7.61,0.74,0.296,0.0541,1.434,1.255,0.0,0,0.0039,8.25
4,461,9.22,arrive,0.01182,0.01132,0.0034,0.02489,0.03,-10.66,0.43,0.3029,0.059,0.852,0.0,0.0,0,0.0019,4.02
5,461,9.22,arrive,0.0165,0.00955,-0.01345,0.02176,0.03,-8.18,0.86,0.2958,0.0642,2.519,0.808,0.0,0,0.0003,0.66
6,461,9.22,arrive,0.05221,0.04838,-0.01963,0.04963,0.03,-10.21,1.39,0.3016,0.0766,3.053,0.0,0.0,0,0.0,0.0
7,461,9.22,arrive,0.0224,0.02203,0.00402,0.04367,0.03,-11.62,1.55,0.3099,0.0649,1.365,0.0,0.0,0,0.0023,4.89
0,462,9.24,arrive,0.024,0.02289,0.0072,0.04116,0.03,-13.98,1.83,0.3096,0.0599,0.818,0.0,0.0,0,0.0043,9.02
1,462,9.24,arrive,0.04995,0.04815,-0.0133,0.0474,0.03,-10.07,1.36,0.2972,0.0781,3.204,0.0,0.0,0,0.0002,0.38
2,462,9.24,arrive,0.01093,0.01039,0.0034,0.02924,0.03,-10.56,1.75,0.3013,0.0593,1.107,0.0,0.0,0,0.0009,2.0
3,462,9.24,arrive,0.02378,0.02165,-0.00984,0.01854,0.03,-7.4,0.67,0.2959,0.0545,1.467,0.0,0.0,0,0.0039,8.24
4,462,9.24,arrive,0.01134,0.01091,0.00312,0.02355,0.03,-10.82,0.9,0.3031,0.0595,0.902,0.0,0.661,0,0.0019,3.96
5,462,9.24,arrive,0.01666,0.00963,-0.01359,0.02249,0.03,-8.29,0.76,0.2957,0.0647,2.555,1.281,0.0,0,0.0001,0.2
6,462,9.24,arrive,0.05242,0.04905,-0.0185,0.05036,0.03,-10.2,1.01,0.3018,0.0764,3.074,0.0,5.418,0,0.0,0.0
7,462,9.24,arrive,0.02269,0.02225,0.00447,0.04445,0.03,-11.46,1.57,0.3099,0.0651,1.367,0.0,0.0,0,0.0026,5.35
0,463,9.26,arrive,0.02397,0.02261,0.00797,0.04095,0.03,-13.78,1.88,0.3095,0.0602,0.856,0.0,0.0,0,0.0045,9.59
1,463,9.26,arrive,0.04886,0.04762,-0.01094,0.04954,0.03,-9.95,0.97,0.2973,0.0781,3.148,0.0,0.0,0,0.0005,1.13
2,463,9.26,arrive,0.00927,0.0086,0.00346,0.03014,0.03,-10.31,1.58,0.3014,0.0599,1.12,0.0,0.0,0,0.0009,2.0
3,463,9.26,arrive,0.02285,0.02059,-0.0099,0.01886,0.03,-7.45,0.55,0.2958,0.055,1.48,0.001,0.0,0,0.0035,7.41
4,463,9.26,arrive,0.01219,0.01166,0.00357,0.02365,0.03,-10.59,0.99,0.3032,0.06,0.957,0.0,0.025,0,0.002,4.21
5,463,9.26,arrive,0.01724,0.01022,-0.01388,0.0225,0.03,-8.33,0.77,0.2955,0.0652,2.608,1.339,0.0,0,0.0001,0.31
6,463,9.26,arrive,0.05352,0.04982,-0.01957,0.05046,0.03,-10.8,0.35,0.302,0.0761,3.106,0.0,5.054,0,0.0,0.0
7,463,9.26,arrive,0.02235,0.02191,0.00443,0.04413,0.03,-11.33,1.69,0.3099,0.0654,1.385,0.0,0.0,0,0.0025,5.3
0,464,9.28,arrive,0.02423,0.02253,0.0089,0.04071,0.03,-13.6,1.84,0.3094,0.0605,0.896,0.0,0.0,0,0.005,10.42
1,464,9.28,arrive,0.05061,0.04897,-0.01277,0.05145,0.03,-10.86,0.14,0.2974,0.0781,3.092,0.0,5.446,0,0.0003,0.67
2,464,9.28,arrive,0.00912,0.00875,0.00256,0.02993,0.03,-10.4,1.61,0.3014,0.0604,1.156,0.0,0.0,0,0.001,2.15
3,464,9.28,arrive,0.02204,0.01966,-0.00995,0.01902,0.03,-7.5,0.53,0.2957,0.0554,1.503,0.511,0.0,0,0.0033,6.82
4,464,9.28,arrive,0.01089,0.01013,0.00399,0.02529,0.03,-10.51,0.83,0.3034,0.0605,0.987,0.0,0.0,0,0.0021,4.41
5,464,9.28,arrive,0.01777,0.01087,-0.01406,0.02219,0.03,-8.29,0.79,0.2954,0.0657,2.671,1.32,0.0,0,0.0004,0.9
6,464,9.28,arrive,0.05395,0.05023,-0.01967,0.05036,0.03,-10.77,0.05,0.3022,0.0757,3.141,0.0,4.704,0,0.0,0.0
7,464,9.28,arrive,0.02237,0.02204,0.00382,0.04367,0.03,-11.41,1.77,0.3098,0.0657,1.422,0.0,0.0,0,0.0023,4.9
0,465,9.3,arrive,0.02483,0.02273,0.00998,0.04126,0.03,-13.45,1.72,0.3094,0.0608,0.918,0.0,0.0,0,0.0055,11.62
1,465,9.3,arrive,0.05153,0.04933,-0.01491,0.05124,0.03,-10.95,0.91,0.2975,0.078,3.111,0.0,2.367,0,0.0002,0.34
2,465,9.3,arrive,0.01161,0.01153,0.00137,0.02874,0.03,-10.8,1.78,0.3015,0.061,1.209,0.0,0.0,0,0.0011,2.41
3,465,9.3,arrive,0.02209,0.01957,-0.01024,0.01863,0.03,-7.52,0.64,0.2956,0.0558,1.551,0.487,0.0,0,0.0034,7.11
4,465,9.3,arrive,0.01094,0.00992,0.0046,0.02603,0.03,-10.35,0.8,0.3035,0.061,1.015,0.0,0.435,0,0.0021,4.53
5,465,9.3,arrive,0.01832,0.01163,-0.01416,0.02208,0.03,-8.28,0.73,0.2953,0.0662,2.731,1.135,0.0,0,0.0005,1.13
6,465,9.3,arrive,0.05224,0.04923,-0.01748,0.0494,0.03,-10.36,0.19,0.3024,0.0755,3.157,0.0,0.0,0,0.0,0.0
7,465,9.3,arrive,0.02221,0.02196,0.00333,0.04275,0.03,-11.47,1.82,0.3098,0.066,1.455,0.0,0.0,0,0.0019,3.97
0,466,9.32,arrive,0.02584,0.02336,0.01105,0.04283,0.03,-13.35,1.61,0.3093,0.061,0.928,0.0,0.0,0,0.0058,12.31
1,466,9.32,arrive,0.05238,0.04998,-0.01568,0.05032,0.03,-10.97,1.1,0.2977,0.0779,3.17,0.0,0.0,0,0.0,0.05
2,466,9.32,arrive,0.0157,0.01569,0.00051,0.02897,0.03,-11.36,1.85,0.3015,0.0615,1.24,0.0,0.0,0,0.0012,2.49
3,466,9.32,arrive,0.02253,0.02007,-0.01023,0.01763,0.03,-7.49,0.76,0.2955,0.0563,1.605,0.393,0.0,0,0.0038,8.0
4,466,9.32,arrive,0.01051,0.00909,0.00528,0.02736,0.03,-10.21,0.7,0.3035,0.0614,1.041,0.0,0.757,0,0.0024,4.96
5,466,9.32,arrive,0.0187,0.01222,-0.01416,0.02219,0.03,-8.28,0.73,0.2951,0.0667,2.781,1.551,0.0,0,0.0006,1.36
6,466,9.32,arrive,0.0508,0.04823,-0.01593,0.05031,0.03,-9.87,0.96,0.3026,0.0753,3.149,0.0,8.85,0,0.0,0.0
7,466,9.32,arrive,0.0219,0.02167,0.00314,0.04219,0.03,-11.43,1.75,0.3097,0.0662,1.466,0.0,0.0,0,0.0017,3.61
0,467,9.34,arrive,0.02665,0.02386,0.01187,0.0442,0.03,-13.23,1.6,0.3093,0.0612,0.935,0.0,0.0,0,0.0059,12.39
1,467,9.34,arrive,0.05268,0.05032,-0.01559,0.0507,0.03,-11.17,0.61,0.2979,0.0779,3.174,0.0,1.365,0,0.0,0.0
2,467,9.34,arrive,0.01967,0.01964,-0.00095,0.03046,0.03,-12.09,1.87,0.3015,0.062,1.237,0.569,0.0,0,0.0007,1.52
3,467,9.34,arrive,0.02249,0.02019,-0.00992,0.01702,0.03,-7.42,0.73,0.2954,0.0567,1.638,0.0,0.0,0,0.0041,8.58
4,467,9.34,arrive,0.00768,0.00642,0.00422,0.02707,0.03,-10.73,0.54,0.3036,0.0618,1.067,0.0,0.0,0,0.0025,5.42
5,467,9.34,arrive,0.01911,0.01278,-0.01421,0.02266,0.03,-8.32,0.73,0.295,0.0672,2.822,0.933,0.0,0,0.0006,1.33
6,467,9.34,arrive,0.05041,0.04786,-0.0158,0.05055,0.03,-9.78,0.86,0.3027,0.0751,3.145,0.0,2.862,0,0.0,0.0
7,467,9.34,arrive,0.02191,0.02173,0.00278,0.04233,0.03,-11.44,1.69,0.3097,0.0665,1.474,0.0,0.0,0,0.0015,3.14
0,468,9.36,arrive,0.0265,0.02354,0.01216,0.04393,0.03,-13.06,1.77,0.3092,0.0615,0.957,0.0,0.0,0,0.0058,12.22
1,468,9.36,arrive,0.05286,0.05031,-0.01622,0.05141,0.03,-11.5,0.05,0.2982,0.0778,3.12,0.0,5.768,0,0.0,0.0
2,468,9.36,arrive,0.02361,0.02333,-0.00363,0.03199,0.03,-12.95,1.57,0.3014,0.0625,1.281,2.578,0.0,0,0.0,0.09
3,468,9.36,arrive,0.02127,0.01897,-0.00962,0.01711,0.03,-7.46,0.62,0.2953,0.0572,1.646,0.0,0.0,0,0.0038,7.95
4,468,9.36,arrive,0.00894,0.00809,0.0038,0.02422,0.03,-10.91,0.87,0.3036,0.0622,1.105,0.0,2.03,0,0.0024,5.13
5,468,9.36,arrive,0.01952,0.01341,-0.01418,0.02315,0.03,-8.36,0.7,0.2949,0.0677,2.86,1.327,0.0,0,0.0005,1.12
6,468,9.36,arrive,0.05187,0.0488,-0.01759,0.05076,0.03,-10.46,0.26,0.3028,0.0747,3.172,0.0,3.413,0,0.0,0.0
7,468,9.36,arrive,0.02264,0.02255,0.00208,0.04322,0.03,-11.59,1.67,0.3097,0.0668,1.488,0.0,0.169,0,0.0012,2.54
0,469,9.38,arrive,0.02649,0.0238,0.01163,0.04341,0.03,-13.12,1.86,0.3091,0.0616,1.006,0.0,0.0,0,0.0054,11.28
1,469,9.38,arrive,0.05053,0.04824,-0.01503,0.05042,0.03,-10.93,0.06,0.2985,0.0778,3.078,0.0,0.0,0,0.0,0.0
2,469,9.38,arrive,0.02631,0.02561,-0.00602,0.03177,0.03,-13.4,1.46,0.3015,0.0629,1.397,3.458,0.0,0,0.0,0.0
3,469,9.38,arrive,0.02012,0.01754,-0.00987,0.01757,0.03,-7.57,0.6,0.2952,0.0577,1.659,0.38,0.0,0,0.0033,6.86
4,469,9.38,arrive,0.00971,0.00915,0.00324,0.0224,0.03,-11.25,0.8,0.3035,0.0626,1.148,0.0,0.0,0,0.0023,4.82
5,469,9.38,arrive,0.02019,0.01435,-0.01421,0.02369,0.03,-8.44,0.66,0.2948,0.0682,2.899,1.4,0.0,0,0.0003,0.65
6,469,9.38,arrive,0.05275,0.04933,-0.01868,0.05113,0.03,-10.8,0.0,0.303,0.0744,3.231,0.0,7.858,0,0.0,0.0
7,469,9.38,arrive,0.02333,0.0233,0.00119,0.04363,0.03,-11.76,1.75,0.3096,0.067,1.516,0.0,0.15,0,0.0009,1.92
0,470,9.4,arrive,0.02645,0.02387,0.01139,0.04299,0.03,-13.13,1.82,0.309,0.0618,1.038,0.0,0.0,0,0.0045,9.52
1,470,9.4,arrive,0.05159,0.04913,-0.01573,0.05233,0.03,-11.14,0.29,0.2988,0.0777,3.074,0.0,2.777,0,0.0,0.0
2,470,9.4,arrive,0.02596,0.02526,-0.00599,0.02894,0.03,-12.98,1.8,0.3015,0.0634,1.525,1.287,0.0,0,0.0,0.04
3,470,9.4,arrive,0.0204,0.01763,-0.01026,0.01795,0.03,-7.48,0.62,0.2951,0.0581,1.705,0.494,0.0,0,0.0032,6.79
4,470,9.4,arrive,0.01179,0.01111,0.00392,0.02118,0.03,-11.12,0.85,0.3034,0.063,1.174,0.0,0.451,0,0.0025,5.27
5,470,9.4,arrive,0.02105,0.01542,-0.01433,0.02428,0.03,-8.55,0.59,0.2947,0.0686,2.942,1.458,0.0,0,0.0,0.04
6,470,9.4,arrive,0.05064,0.04765,-0.01714,0.04864,0.03,-9.74,1.48,0.3032,0.0741,3.305,0.0,0.0,0,0.0,0.0
7,470,9.4,arrive,0.02264,0.02263,0.00052,0.04255,0.03,-11.73,1.86,0.3095,0.0672,1.555,0.0,0.0,0,0.0007,1.48
0,471,9.42,arrive,0.02637,0.02385,0.01124,0.04285,0.03,-13.13,1.74,0.309,0.062,1.059,2.421,0.0,0,0.0033,6.87
1,471,9.42,arrive,0.05207,0.04925,-0.01692,0.05164,0.03,-11.11,0.47,0.299,0.0775,3.134,0.0,0.0,0,0.0,0.0
2,471,9.42,arrive,0.02407,0.02365,-0.0045,0.02718,0.03,-12.39,1.61,0.3015,0.0639,1.57,0.0,0.0,0,0.0007,1.39
3,471,9.42,arrive,0.02126,0.01835,-0.01072,0.0174,0.03,-7.43,0.72,0.2951,0.0585,1.771,0.441,0.0,0,0.0036,7.54
4,471,9.42,arrive,0.0115,0.01023,0.00524,0.02261,0.03,-10.85,0.6,0.3033,0.0634,1.173,0.0,0.657,0,0.0028,5.85
5,471,9.42,arrive,0.02185,0.01622,-0.01463,0.02482,0.03,-8.62,0.54,0.2946,0.0691,2.994,1.504,0.0,0,0.0,0.12
6,471,9.42,arrive,0.04801,0.0459,-0.01407,0.04761,0.03,-9.11,1.45,0.3033,0.0739,3.311,0.0,0.0,0,0.0,0.0
7,471,9.42,arrive,0.02167,0.02166,0.00043,0.04167,0.03,-11.57,1.81,0.3095,0.0675,1.577,0.0,0.0,0,0.0007,1.55
0,472,9.44,arrive,0.02668,0.02431,0.01098,0.04278,0.03,-13.2,1.67,0.3089,0.0622,1.101,1.463,0.102,0,0.0023,4.78
1,472,9.44,arrive,0.05244,0.04972,-0.01666,0.05055,0.03,-10.88,0.66,0.2992,0.0774,3.232,0.0,0.0,0,0.0,0.0
2,472,9.44,arrive,0.022,0.02179,-0.00305,0.02859,0.03,-12.11,1.28,0.3015,0.0644,1.547,0.0,0.0,0,0.0007,1.44
3,472,9.44,arrive,0.02216,0.01948,-0.01058,0.01647,0.03,-7.28,0.78,0.295,0.059,1.826,0.906,0.0,0,0.0041,8.52
4,472,9.44,arrive,0.01028,0.00934,0.00429,0.02351,0.03,-11.42,0.43,0.3031,0.0637,1.18,0.0,0.0,0,0.0029,6.09
5,472,9.44,arrive,0.02255,0.01699,-0.01482,0.02512,0.03,-8.63,0.54,0.2944,0.0696,3.054,2.01,0.0,0,0.0001,0.28
6,472,9.44,arrive,0.04859,0.04693,-0.01259,0.05068,0.03,-9.27,1.27,0.3034,0.0737,3.269,0.0,8.216,0,0.0,0.0
7,472,9.44,arrive,0.02089,0.02089,0.00051,0.04123,0.03,-11.42,1.73,0.3094,0.0677,1.591,0.0,0.0,0,0.0009,1.8
0,473,9.46,arrive,0.02653,0.02429,0.01066,0.04248,0.03,-13.21,1.64,0.3088,0.0624,1.151,2.659,0.0,0,0.0015,3.12
1,473,9.46,arrive,0.05157,0.04934,-0.01502,0.04897,0.03,-10.34,0.59,0.2993,0.0773,3.285,0.0,0.0,0,0.0,0.0
2,473,9.46,arrive,0.02177,0.0216,-0.00274,0.0304,0.03,-12.16,1.29,0.3015,0.0649,1.54,0.0,0.0,0,0.0001,0.24
3,473,9.46,arrive,0.02189,0.01961,-0.00974,0.01677,0.03,-7.01,0.58,0.2949,0.0596,1.842,0.0,0.0,0,0.0046,9.64
4,473,9.46,arrive,0.01271,0.0121,0.00392,0.02219,0.03,-11.63,0.85,0.303,0.064,1.208,0.0,3.199,0,0.0027,5.69
5,473,9.46,arrive,0.02299,0.01772,-0.01465,0.02477,0.03,-8.51,0.59,0.2943,0.0701,3.11,1.414,0.0,0,0.0002,0.47
6,473,9.46,arrive,0.05019,0.04805,-0.01449,0.05157,0.03,-10.21,0.02,0.3035,0.0734,3.257,0.0,5.247,0,0.0,0.0
7,473,9.46,arrive,0.02063,0.02063,0.00042,0.04131,0.03,-11.35,1.69,0.3093,0.068,1.609,0.0,0.0,0,0.0008,1.69
0,474,9.48,arrive,0.02561,0.0233,0.01063,0.04128,0.03,-13.03,1.56,0.3087,0.0625,1.208,2.759,0.0,0,0.0011,2.24
1,474,9.48,arrive,0.0511,0.04922,-0.01371,0.04978,0.03,-10.27,0.28,0.2994,0.0772,3.256,0.0,0.432,0,0.0,0.0
2,474,9.48,arrive,0.02408,0.02386,-0.00327,0.0311,0.03,-12.44,1.65,0.3016,0.0654,1.598,0.0,0.0,0,0.0002,0.37
3,474,9.48,arrive,0.01942,0.01661,-0.01007,0.01766,0.03,-7.35,0.35,0.2949,0.06,1.831,0.0,0.0,0,0.0047,9.8
4,474,9.48,arrive,0.01427,0.01382,0.00358,0.02121,0.03,-11.68,1.02,0.3028,0.0644,1.247,0.0,0.0,0,0.0028,5.89
5,474,9.48,arrive,0.02393,0.01896,-0.01461,0.02588,0.03,-8.62,0.59,0.2942,0.0705,3.138,0.637,0.0,0,0.0001,0.18
6,474,9.48,arrive,0.05151,0.04881,-0.01646,0.05056,0.03,-10.32,0.69,0.3037,0.0731,3.318,0.0,2.241,0,0.0,0.0
7,474,9.48,arrive,0.02079,0.02079,0.00022,0.04164,0.03,-11.35,1.66,0.3093,0.0682,1.626,0.0,0.0,0,0.0007,1.43
0,475,9.5,arrive,0.02428,0.02212,0.01002,0.0398,0.03,-12.88,1.66,0.3086,0.0627,1.278,3.116,0.408,0,0.0007,1.44
1,475,9.5,arrive,0.05204,0.04956,-0.01588,0.05052,0.03,-10.78,0.0,0.2994,0.0769,3.215,0.0,5.702,0,0.0,0.0
2,475,9.5,arrive,0.02597,0.02589,-0.002,0.0316,0.03,-12.37,1.8,0.3016,0.066,1.65,0.0,0.0,0,0.0,0.02
3,475,9.5,arrive,0.0197,0.01696,-0.01003,0.01505,0.03,-7.62,0.58,0.2948,0.0605,1.857,0.0,0.0,0,0.0043,9.01
4,475,9.5,arrive,0.01491,0.01432,0.00415,0.02076,0.03,-11.4,1.02,0.3027,0.0648,1.276,0.0,0.407,0,0.0031,6.5
5,475,9.5,arrive,0.02437,0.01948,-0.01466,0.02686,0.03,-8.65,0.46,0.2941,0.071,3.152,0.0,0.0,0,0.0,0.0
6,475,9.5,arrive,0.05203,0.04931,-0.01663,0.04969,0.03,-10.29,1.06,0.3038,0.0728,3.378,0.0,0.0,0,0.0,0.0
7,475,9.5,arrive,0.02131,0.02131,-0.00019,0.04194,0.03,-11.44,1.68,0.3092,0.0684,1.649,0.0,0.058,0,0.0004,0.74
0,476,9.52,arrive,0.02268,0.02051,0.00967,0.03795,0.03,-12.64,1.72,0.3085,0.0628,1.349,2.998,0.496,0,0.0006,1.29
1,476,9.52,arrive,0.05323,0.05006,-0.01809,0.05006,0.03,-10.69,1.34,0.2996,0.0766,3.256,0.0,0.095,0,0.0,0.0
2,476,9.52,arrive,0.0267,0.0267,-0.00035,0.03269,0.03,-12.2,1.71,0.3017,0.0665,1.668,0.0,0.0,0,0.0,0.0
3,476,9.52,arrive,0.01881,0.01569,-0.01038,0.01595,0.03,-7.49,2.13,0.2947,0.061,1.882,0.0,0.0,0,0.004,8.27
4,476,9.52,arrive,0.01345,0.01258,0.00474,0.02224,0.03,-11.23,0.82,0.3025,0.0651,1.281,0.0,0.0,0,0.0032,6.71
5,476,9.52,arrive,0.02713,0.02211,-0.01572,0.02867,0.03,-9.1,0.46,0.294,0.0715,3.182,0.0,0.0,0,0.0,0.06
6,476,9.52,arrive,0.05158,0.04935,-0.01502,0.04922,0.03,-10.33,0.32,0.304,0.0726,3.389,0.0,0.0,0,0.0,0.0
7,476,9.52,arrive,0.02114,0.02114,-0.00063,0.04139,0.03,-11.45,1.73,0.3091,0.0685,1.675,0.0,0.0,0,0.0002,0.4
0,477,9.54,arrive,0.02127,0.01902,0.00954,0.03627,0.03,-12.42,1.66,0.3084,0.063,1.407,3.372,0.0,0,0.0007,1.58
1,477,9.54,arrive,0.055,0.05153,-0.01921,0.05008,0.03,-11.29,0.03,0.2997,0.0763,3.303,0.0,4.748,0,0.0,0.0
2,477,9.54,arrive,0.02694,0.02691,0.00115,0.03606,0.03,-12.15,1.48,0.3017,0.067,1.655,0.0,0.0,0,0.0,0.0
3,477,9.54,arrive,0.01847,0.01445,-0.0115,0.01661,0.03,-7.87,1.66,0.2947,0.0614,1.916,3.565,0.0,0,0.0035,7.27
4,477,9.54,arrive,0.01284,0.0122,0.004,0.02356,0.03,-11.52,0.86,0.3024,0.0655,1.294,0.0,1.076,0,0.0029,5.95
5,477,9.54,arrive,0.02726,0.02227,-0.01572,0.0276,0.03,-8.77,0.57,0.294,0.0719,3.246,0.08,0.0,0,0.0001,0.17
6,477,9.54,arrive,0.05142,0.04905,-0.01544,0.05123,0.03,-10.74,0.21,0.3041,0.0724,3.315,0.0,6.941,0,0.0,0.0
7,477,9.54,arrive,0.02034,0.02032,-0.00097,0.0408,0.03,-11.33,1.72,0.309,0.0687,1.695,0.0,0.0,0,0.0001,0.25
0,478,9.56,arrive,0.02025,0.01768,0.00988,0.03633,0.03,-12.24,1.51,0.3083,0.0632,1.445,0.0,0.247,0,0.0005,1.12
1,478,9.56,arrive,0.05398,0.05114,-0.01729,0.04873,0.03,-10.5,0.96,0.2999,0.0761,3.364,0.036,0.0,0,0.0,0.09
2,478,9.56,arrive,0.02796,0.02792,0.00154,0.03898,0.03,-12.28,1.5,0.3017,0.0675,1.655,0.0,0.0,0,0.0,0.0
3,478,9.56,arrive,0.01948,0.01403,-0.01351,0.01733,0.03,-8.39,0.36,0.2947,0.0618,1.991,1.552,0.0,0,0.0034,7.18
4,478,9.56,arrive,0.01436,0.01388,0.00365,0.02229,0.03,-11.48,1.1,0.3023,0.0659,1.333,0.0,1.116,0,0.0029,6.04
5,478,9.56,arrive,0.02828,0.02333,-0.01599,0.0283,0.03,-8.84,0.58,0.2939,0.0724,3.296,0.0,0.0,0,0.0,0.03
6,478,9.56,arrive,0.05109,0.04857,-0.01586,0.05139,0.03,-10.56,0.63,0.3043,0.0722,3.285,0.0,2.698,0,0.0,0.0
7,478,9.56,arrive,0.02026,0.02021,-0.00136,0.04076,0.03,-11.33,1.7,0.3089,0.0689,1.715,0.0,0.0,0,0.0,0.03
0,479,9.58,arrive,0.01901,0.01576,0.01064,0.03496,0.03,-11.85,1.37,0.3081,0.0633,1.467,0.0,0.0,0,0.0007,1.55
1,479,9.58,arrive,0.05394,0.05118,-0.01702,0.04944,0.03,-10.89,0.07,0.3001,0.076,3.346,0.0,5.172,0,0.0,0.09
2,479,9.58,arrive,0.02972,0.02971,0.00078,0.04012,0.03,-12.56,1.84,0.3017,0.0679,1.701,0.0,0.0,0,0.0,0.0
3,479,9.58,arrive,0.02084,0.01469,-0.01478,0.01727,0.03,-8.49,0.26,0.2946,0.0622,2.1,1.704,0.0,0,0.0037,7.75
4,479,9.58,arrive,0.01462,0.01417,0.00361,0.02246,0.03,-11.48,1.07,0.3022,0.0662,1.364,0.0,0.0,0,0.003,6.17
5,479,9.58,arrive,0.02784,0.02308,-0.01558,0.02804,0.03,-8.54,0.59,0.2938,0.0729,3.31,0.0,0.0,0,0.0001,0.2
6,479,9.58,arrive,0.05259,0.0494,-0.01803,0.05151,0.03,-11.2,0.39,0.3045,0.0719,3.31,0.0,6.067,0,0.0,0.0
7,479,9.58,arrive,0.02082,0.02075,-0.00162,0.04109,0.03,-11.41,1.73,0.3088,0.069,1.738,0.0,0.0,0,0.0,0.0
0,480,9.6,arrive,0.01748,0.01348,0.01113,0.03446,0.03,-11.47,1.15,0.3079,0.0635,1.464,0.0,0.0,0,0.0007,1.46
1,480,9.6,arrive,0.05125,0.04889,-0.01537,0.0486,0.03,-10.44,0.37,0.3004,0.0758,3.282,0.0,0.0,0,0.0,0.0
2,480,9.6,arrive,0.03216,0.03216,-0.00011,0.04172,0.03,-12.9,2.02,0.3016,0.0684,1.764,0.0,0.0,0,0.0,0.0
3,480,9.6,arrive,0.02191,0.01679,-0.01408,0.01549,0.03,-8.02,0.59,0.2946,0.0627,2.206,1.201,0.0,0,0.0045,9.35
4,480,9.6,arrive,0.01493,0.01426,0.00439,0.02336,0.03,-11.36,1.03,0.3021,0.0666,1.377,0.0,0.779,0,0.0031,6.37
5,480,9.6,arrive,0.02931,0.02453,-0.01605,0.02986,0.03,-8.83,0.44,0.2938,0.0734,3.31,0.0,0.0,0,0.0,0.0
6,480,9.6,arrive,0.05236,0.04934,-0.01753,0.05007,0.03,-10.86,0.03,0.3047,0.0716,3.376,0.0,0.0,0,0.0,0.0
7,480,9.6,arrive,0.02144,0.02138,-0.0017,0.04156,0.03,-11.47,1.77,0.3087,0.0691,1.762,0.0,0.0,0,0.0,0.0
0,481,9.62,arrive,0.01593,0.01123,0.0113,0.03305,0.03,-11.05,1.27,0.3076,0.0636,1.475,0.0,0.0,0,0.0008,1.68
1,481,9.62,arrive,0.05291,0.04994,-0.01749,0.05045,0.03,-10.89,0.05,0.3006,0.0756,3.26,0.0,4.036,0,0.0,0.0
2,481,9.62,arrive,0.03402,0.03401,0.00041,0.04256,0.03,-12.91,2.1,0.3015,0.0689,1.818,0.0,0.0,0,0.0,0.0
3,481,9.62,arrive,0.0196,0.01511,-0.01248,0.01758,0.03,-7.44,0.23,0.2945,0.0632,2.21,0.0,0.0,0,0.0053,11.08
4,481,9.62,arrive,0.0149,0.01417,0.00461,0.0253,0.03,-11.52,0.98,0.302,0.067,1.381,0.0,0.0,0,0.0033,6.82
5,481,9.62,arrive,0.03052,0.02564,-0.01656,0.02947,0.03,-8.83,0.33,0.2937,0.0739,3.301,0.0,0.0,0,0.0001,0.12
6,481,9.62,arrive,0.05149,0.04909,-0.01554,0.04973,0.03,-10.36,0.35,0.3048,0.0714,3.401,0.0,0.0,0,0.0,0.0
7,481,9.62,arrive,0.02181,0.02175,-0.00161,0.04192,0.03,-11.48,1.79,0.3086,0.0693,1.786,0.0,0.0,0,0.0,0.0
0,482,9.64,arrive,0.01484,0.00987,0.01108,0.03062,0.03,-10.68,1.3,0.3074,0.0637,1.527,1.174,0.0,0,0.0013,2.97
1,482,9.64,arrive,0.05443,0.05081,-0.01953,0.05042,0.03,-11.2,0.01,0.3009,0.0752,3.307,0.0,5.932,0,0.0,0.0
2,482,9.64,arrive,0.03561,0.03557,0.00158,0.04484,0.03,-12.88,1.94,0.3014,0.0694,1.829,0.0,0.0,0,0.0,0.0
3,482,9.64,arrive,0.01773,0.0127,-0.01237,0.01941,0.03,-7.55,0.06,0.2944,0.0636,2.172,0.0,0.0,0,0.0057,11.88
4,482,9.64,arrive,0.01603,0.01552,0.00401,0.02554,0.03,-11.73,1.14,0.3019,0.0673,1.393,0.0,1.378,0,0.0031,6.51
5,482,9.64,arrive,0.03279,0.02737,-0.01807,0.03122,0.03,-9.3,0.06,0.2937,0.0743,3.319,0.0,0.0,0,0.0001,0.17
6,482,9.64,arrive,0.05156,0.04897,-0.01615,0.05102,0.03,-10.59,0.24,0.3049,0.071,3.356,0.0,4.985,0,0.0,0.0
7,482,9.64,arrive,0.02187,0.02183,-0.00137,0.04206,0.03,-11.43,1.79,0.3085,0.0693,1.812,0.0,0.0,0,0.0,0.0
0,483,9.66,arrive,0.01506,0.01039,0.0109,0.02785,0.03,-10.39,1.4,0.3071,0.0639,1.608,0.71,0.0,0,0.0024,4.97
1,483,9.66,arrive,0.05314,0.04983,-0.01844,0.04692,0.03,-10.32,0.58,0.3012,0.0749,3.387,0.0,0.0,0,0.0002,0.53
2,483,9.66,arrive,0.03693,0.03687,0.0022,0.04785,0.03,-12.94,1.79,0.3013,0.0699,1.815,0.0,0.0,0,0.0,0.0
3,483,9.66,arrive,0.01972,0.01317,-0.01468,0.01847,0.03,-8.47,0.05,0.2943,0.0639,2.174,0.0,0.0,0,0.0056,11.83
4,483,9.66,arrive,0.01779,0.01768,0.00203,0.02641,0.03,-12.34,1.16,0.3019,0.0676,1.43,0.0,0.0,0,0.0026,5.35
5,483,9.66,arrive,0.03471,0.02886,-0.01928,0.03104,0.03,-9.19,1.11,0.2937,0.0747,3.38,0.678,0.0,0,0.0,0.1
6,483,9.66,arrive,0.05179,0.0489,-0.01703,0.05037,0.03,-10.43,0.45,0.305,0.0706,3.366,0.0,0.0,0,0.0,0.0
7,483,9.66,arrive,0.02166,0.02164,-0.00103,0.04202,0.03,-11.33,1.77,0.3083,0.0694,1.837,0.0,0.0,0,0.0,0.08
0,484,9.68,arrive,0.01594,0.01101,0.01153,0.02642,0.03,-10.14,1.27,0.3069,0.064,1.651,0.0,0.0,0,0.0033,6.89
1,484,9.68,arrive,0.05053,0.04833,-0.01475,0.04539,0.03,-9.74,0.17,0.3015,0.0747,3.41,0.0,0.0,0,0.0002,0.42
2,484,9.68,arrive,0.0399,0.0399,0.00045,0.05045,0.03,-13.52,2.16,0.3011,0.0704,1.846,0.0,0.0,0,0.0,0.0
3,484,9.68,arrive,0.02344,0.0174,-0.01571,0.01536,0.03,-8.48,2.29,0.2942,0.0642,2.246,7.667,0.0,0,0.0055,11.62
4,484,9.68,arrive,0.01848,0.01839,0.00182,0.02437,0.03,-12.05,1.29,0.3018,0.0679,1.503,0.0,0.467,0,0.0026,5.48
5,484,9.68,arrive,0.03572,0.03049,-0.0186,0.02974,0.03,-8.9,1.15,0.2937,0.0751,3.446,0.298,0.0,0,0.0001,0.29
6,484,9.68,arrive,0.05264,0.04966,-0.01746,0.04978,0.03,-10.43,0.55,0.3051,0.0703,3.443,0.0,4.652,0,0.0,0.0
7,484,9.68,arrive,0.02115,0.02113,-0.00089,0.04173,0.03,-11.22,1.71,0.3082,0.0695,1.86,0.0,0.0,0,0.0001,0.16
0,485,9.7,arrive,0.01651,0.01094,0.01236,0.0264,0.03,-9.92,1.02,0.3067,0.0643,1.641,0.0,0.0,0,0.0037,7.77
1,485,9.7,arrive,0.05066,0.04892,-0.01316,0.04837,0.03,-10.02,0.08,0.3017,0.0745,3.357,0.0,0.0,0,0.0003,0.7
2,485,9.7,arrive,0.04463,0.04458,-0.00203,0.05258,0.03,-14.34,2.54,0.3009,0.0708,1.928,0.0,0.0,0,0.0,0.0
3,485,9.7,arrive,0.02555,0.02024,-0.01559,0.01284,0.03,-8.08,2.03,0.2941,0.0646,2.359,5.409,0.0,0,0.0068,14.27
4,485,9.7,arrive,0.01702,0.01672,0.00316,0.02452,0.03,-11.57,1.05,0.3018,0.0683,1.552,0.0,0.0,0,0.0032,6.71
5,485,9.7,arrive,0.03526,0.03079,-0.01718,0.03002,0.03,-8.7,0.84,0.2937,0.0756,3.43,0.0,0.0,0,0.0005,0.97
6,485,9.7,arrive,0.05129,0.04874,-0.01596,0.04731,0.03,-9.69,0.89,0.3052,0.07,3.499,0.0,0.0,0,0.0001,0.31
7,485,9.7,arrive,0.02092,0.0209,-0.00091,0.04177,0.03,-11.17,1.65,0.3081,0.0696,1.88,0.0,0.0,0,0.0,0.04
0,486,9.72,arrive,0.01627,0.00984,0.01295,0.02779,0.03,-9.88,0.84,0.3065,0.0644,1.595,0.0,0.0,0,0.0037,7.77
1,486,9.72,arrive,0.05173,0.04959,-0.01472,0.04941,0.03,-10.26,0.02,0.3019,0.0742,3.329,0.0,6.599,0,0.0,0.07
2,486,9.72,arrive,0.04727,0.04724,-0.00149,0.0529,0.03,-14.31,2.75,0.3008,0.0713,2.012,0.0,0.0,0,0.0,0.0
3,486,9.72,arrive,0.02128,0.01645,-0.01349,0.01548,0.03,-7.44,1.82,0.294,0.065,2.399,0.0,0.0,0,0.0084,17.7
4,486,9.72,arrive,0.01535,0.01486,0.00387,0.02636,0.03,-11.42,0.77,0.3018,0.0686,1.545,0.0,0.829,0,0.0035,7.26
5,486,9.72,arrive,0.03681,0.03254,-0.0172,0.03452,0.03,-9.31,0.47,0.2937,0.076,3.373,0.0,0.0,0,0.0002,0.44
6,486,9.72,arrive,0.05005,0.04807,-0.01395,0.04778,0.03,-9.56,0.58,0.3053,0.0698,3.49,0.0,0.0,0,0.0002,0.41
7,486,9.72,arrive,0.02105,0.02102,-0.0011,0.04192,0.03,-11.18,1.63,0.308,0.0697,1.899,0.0,0.0,0,0.0,0.0
0,487,9.74,arrive,0.01613,0.01023,0.01246,0.02905,0.03,-10.26,0.97,0.3063,0.0646,1.58,0.0,0.0,0,0.0033,6.88
1,487,9.74,arrive,0.0519,0.04938,-0.01596,0.04875,0.03,-9.72,1.86,0.3021,0.0739,3.38,0.0,4.335,0,0.0,0.0
2,487,9.74,arrive,0.04725,0.04725,0.00013,0.05289,0.03,-13.96,2.4,0.3005,0.0719,2.022,0.0,0.0,0,0.0,0.0
3,487,9.74,arrive,0.01888,0.014,-0.01266,0.0175,0.03,-7.37,1.41,0.2939,0.0655,2.382,0.214,0.0,0,0.008,17.0
4,487,9.74,arrive,0.01636,0.01616,0.00255,0.02886,0.03,-12.02,0.67,0.3018,0.0689,1.552,0.0,0.0,0,0.0034,7.08
5,487,9.74,arrive,0.03997,0.03587,-0.01761,0.03703,0.03,-9.63,0.75,0.2937,0.0764,3.363,0.0,0.0,0,0.0001,0.31
6,487,9.74,arrive,0.05132,0.04908,-0.015,0.04935,0.03,-10.0,0.25,0.3053,0.0695,3.468,0.0,3.794,0,0.0,0.04
7,487,9.74,arrive,0.02166,0.02162,-0.00131,0.04236,0.03,-11.27,1.64,0.3079,0.0697,1.92,0.0,0.0,0,0.0,0.0
0,488,9.76,arrive,0.01728,0.0127,0.01172,0.02952,0.03,-10.74,1.22,0.3063,0.0648,1.598,3.106,0.0,0,0.0024,5.12
1,488,9.76,arrive,0.05215,0.04996,-0.01494,0.04763,0.03,-9.33,2.03,0.3023,0.0736,3.465,0.0,0.0,0,0.0,0.0
2,488,9.76,arrive,0.04738,0.04736,0.00133,0.05527,0.03,-13.82,1.97,0.3003,0.0724,1.997,0.0,0.0,0,0.0,0.0
3,488,9.76,arrive,0.01786,0.01208,-0.01316,0.01943,0.03,-8.03,1.07,0.2938,0.0659,2.338,0.0,0.0,0,0.0074,15.63
4,488,9.76,arrive,0.01863,0.01853,0.00201,0.0285,0.03,-12.16,1.07,0.3018,0.0693,1.592,0.0,2.257,0,0.0031,6.44
5,488,9.76,arrive,0.04351,0.03942,-0.01843,0.04027,0.03,-10.1,0.99,0.2936,0.0767,3.351,0.0,0.0,0,0.0,0.0
6,488,9.76,arrive,0.05185,0.0494,-0.01577,0.04887,0.03,-9.89,0.5,0.3053,0.0692,3.505,0.0,0.626,0,0.0,0.0
7,488,9.76,arrive,0.02199,0.02194,-0.00142,0.04225,0.03,-11.32,1.71,0.3078,0.0698,1.952,0.0,0.0,0,0.0,0.0
0,489,9.78,arrive,0.01712,0.01297,0.01118,0.03033,0.03,-10.94,1.21,0.3062,0.0649,1.626,1.632,0.0,0,0.0014,2.96
1,489,9.78,arrive,0.05102,0.04958,-0.01206,0.04753,0.03,-9.05,1.88,0.3025,0.0736,3.488,0.0,0.0,0,0.0,0.0
2,489,9.78,arrive,0.0512,0.0512,-0.00023,0.06014,0.03,-14.52,2.06,0.3001,0.0728,1.997,0.0,2.139,0,0.0,0.0
3,489,9.78,arrive,0.01963,0.01355,-0.0142,0.02156,0.03,-8.98,1.06,0.2938,0.0663,2.321,0.0,0.0,0,0.0065,13.68
4,489,9.78,arrive,0.02027,0.02019,0.00182,0.02853,0.03,-12.24,1.22,0.3018,0.0696,1.641,0.0,1.095,0,0.003,6.33
5,489,9.78,arrive,0.04735,0.04307,-0.01967,0.04318,0.03,-10.53,1.32,0.2936,0.0771,3.354,1.517,0.0,0,0.0,0.0
6,489,9.78,arrive,0.05154,0.04934,-0.01491,0.04815,0.03,-9.57,0.52,0.3054,0.069,3.559,0.0,0.0,0,0.0,0.0
7,489,9.78,arrive,0.02167,0.02165,-0.00103,0.04186,0.03,-11.21,1.71,0.3076,0.0698,1.979,0.0,0.0,0,0.0,0.11
0,490,9.8,arrive,0.01729,0.013,0.0114,0.03029,0.03,-10.86,1.38,0.3062,0.0651,1.652,0.0,0.0,0,0.0016,3.4
1,490,9.8,arrive,0.04999,0.04874,-0.01115,0.04861,0.03,-9.37,1.49,0.3027,0.0735,3.407,0.0,3.686,0,0.0,0.0
2,490,9.8,arrive,0.05169,0.05161,-0.00284,0.05958,0.03,-14.82,2.03,0.2999,0.0732,2.058,0.0,3.483,0,0.0,0.0
3,490,9.8,arrive,0.02371,0.01831,-0.01507,0.02356,0.03,-9.88,1.21,0.2939,0.0668,2.332,0.0,0.0,0,0.0053,11.15
4,490,9.8,arrive,0.02048,0.02028,0.00279,0.02876,0.03,-12.0,1.15,0.3018,0.07,1.661,0.0,0.0,0,0.0031,6.43
5,490,9.8,arrive,0.04816,0.04378,-0.02007,0.04281,0.03,-10.41,1.01,0.2936,0.0774,3.415,0.511,0.0,0,0.0,0.07
6,490,9.8,arrive,0.05148,0.04936,-0.0146,0.04819,0.03,-9.52,0.38,0.3054,0.0688,3.565,0.0,2.385,0,0.0,0.0
7,490,9.8,arrive,0.02074,0.02073,-0.00067,0.04132,0.03,-11.01,1.63,0.3075,0.0699,1.997,0.0,0.0,0,0.0002,0.43
0,491,9.82,arrive,0.01705,0.0124,0.01171,0.03018,0.03,-10.67,1.45,0.3061,0.0653,1.662,0.074,0.0,0,0.0016,3.36
1,491,9.82,arrive,0.0505,0.04883,-0.01286,0.05029,0.03,-10.28,0.3,0.3029,0.0733,3.279,0.0,6.051,0,0.0,0.0
2,491,9.82,arrive,0.052,0.05181,-0.00442,0.05719,0.03,-14.76,2.49,0.2998,0.0735,2.177,0.0,0.0,0,0.0,0.0
3,491,9.82,arrive,0.02617,0.02193,-0.01427,0.02515,0.03,-10.25,1.41,0.294,0.0673,2.329,0.0,0.0,0,0.0039,8.08
4,491,9.82,arrive,0.02039,0.0201,0.00343,0.03069,0.03,-11.99,0.96,0.3017,0.0704,1.657,0.0,0.0,0,0.003,6.2
5,491,9.82,arrive,0.04935,0.04524,-0.01972,0.04348,0.03,-10.31,1.03,0.2936,0.0778,3.482,0.116,0.0,0,0.0,0.13
6,491,9.82,arrive,0.05134,0.04915,-0.01483,0.04853,0.03,-9.62,0.19,0.3054,0.0687,3.552,0.0,3.395,0,0.0,0.0
7,491,9.82,arrive,0.02024,0.02023,-0.00056,0.04116,0.03,-10.9,1.57,0.3074,0.0699,2.013,0.0,0.0,0,0.0002,0.46
0,492,9.84,arrive,0.01654,0.01129,0.01209,0.03034,0.03,-10.46,1.43,0.3061,0.0655,1.664,0.0,0.0,0,0.0015,3.22
1,492,9.84,arrive,0.05109,0.04889,-0.0148,0.0504,0.03,-10.37,0.76,0.3032,0.0731,3.241,0.0,3.056,0,0.0,0.0
2,492,9.84,arrive,0.0506,0.05055,-0.00236,0.05515,0.03,-14.11,2.15,0.2996,0.0739,2.241,0.0,0.0,0,0.0,0.0
3,492,9.84,arrive,0.02533,0.02189,-0.01275,0.02756,0.03,-10.26,1.18,0.2942,0.0678,2.297,0.0,0.0,0,0.002,4.23
4,492,9.84,arrive,0.02298,0.0229,0.00199,0.03291,0.03,-12.63,0.98,0.3017,0.0707,1.665,0.0,0.0,0,0.0026,5.46
5,492,9.84,arrive,0.04881,0.04508,-0.01872,0.04312,0.03,-9.98,0.78,0.2936,0.0783,3.491,0.0,0.0,0,0.0,0.1
6,492,9.84,arrive,0.05128,0.049,-0.01512,0.04846,0.03,-9.51,0.25,0.3055,0.0686,3.568,0.0,0.501,0,0.0,0.0
7,492,9.84,arrive,0.02025,0.02024,-0.00071,0.04135,0.03,-10.89,1.54,0.3073,0.07,2.029,0.0,0.0,0,0.0001,0.12
0,493,9.86,arrive,0.01593,0.01017,0.01226,0.03041,0.03,-10.25,1.42,0.306,0.0658,1.663,0.0,0.0,0,0.0013,2.66
1,493,9.86,arrive,0.05287,0.05012,-0.01682,0.05008,0.03,-10.85,0.05,0.3035,0.0729,3.299,0.0,6.779,0,0.0,0.0
2,493,9.86,arrive,0.0486,0.04859,-0.00034,0.05489,0.03,-13.6,1.51,0.2995,0.0744,2.204,0.0,0.0,0,0.0,0.0
3,493,9.86,arrive,0.02492,0.02148,-0.01262,0.02952,0.03,-10.32,1.24,0.2943,0.0683,2.287,0.984,0.0,0,0.0014,2.99
4,493,9.86,arrive,0.02481,0.02479,0.00119,0.03212,0.03,-12.66,1.38,0.3017,0.071,1.716,0.0,2.046,0,0.0026,5.46
5,493,9.86,arrive,0.04859,0.04507,-0.01817,0.04507,0.03,-10.07,0.53,0.2936,0.0787,3.443,0.0,0.0,0,0.0,0.0
6,493,9.86,arrive,0.05153,0.04913,-0.01557,0.04833,0.03,-9.5,0.32,0.3055,0.0685,3.605,0.0,2.901,0,0.0,0.0
7,493,9.86,arrive,0.02092,0.02089,-0.00108,0.04182,0.03,-11.01,1.54,0.3072,0.0701,2.046,0.0,0.0,0,0.0,0.0
0,494,9.88,arrive,0.01554,0.00915,0.01256,0.03024,0.03,-10.0,1.42,0.306,0.066,1.674,0.0,0.0,0,0.0014,2.83
1,494,9.88,arrive,0.05188,0.04962,-0.01515,0.04809,0.03,-9.92,1.43,0.3038,0.0728,3.397,0.0,0.0,0,0.0,0.0
2,494,9.88,arrive,0.05117,0.05115,-0.00148,0.05919,0.03,-14.19,1.29,0.2994,0.0747,2.165,0.0,6.786,0,0.0,0.0
3,494,9.88,arrive,0.02524,0.02172,-0.01285,0.03001,0.03,-10.36,1.45,0.2945,0.0688,2.298,0.812,0.0,0,0.0007,1.54
4,494,9.88,arrive,0.02734,0.02732,0.00097,0.03295,0.03,-12.9,1.32,0.3016,0.0713,1.774,0.0,0.0,0,0.0029,6.01
5,494,9.88,arrive,0.05178,0.04792,-0.01961,0.04847,0.03,-10.6,0.7,0.2936,0.0791,3.404,0.0,0.0,0,0.0,0.0
6,494,9.88,arrive,0.05126,0.04898,-0.01513,0.04787,0.03,-9.24,0.32,0.3055,0.0685,3.629,0.0,0.0,0,0.0,0.0
7,494,9.88,arrive,0.02178,0.02174,-0.00141,0.042,0.03,-11.16,1.62,0.3071,0.0701,2.075,0.0,0.0,0,0.0,0.0
0,495,9.9,arrive,0.01556,0.00885,0.0128,0.02961,0.03,-9.77,1.45,0.306,0.0663,1.696,1.12,0.0,0,0.0015,3.1
1,495,9.9,arrive,0.0487,0.04731,-0.01154,0.04673,0.03,-9.18,1.48,0.304,0.0728,3.407,0.0,0.0,0,0.0,0.0
2,495,9.9,arrive,0.0521,0.05186,-0.00494,0.05938,0.03,-14.8,0.9,0.2993,0.0747,2.191,0.0,5.818,0,0.0,0.0
3,495,9.9,arrive,0.02577,0.02225,-0.013,0.02919,0.03,-10.27,1.65,0.2947,0.0693,2.356,3.962,0.0,0,0.0004,0.91
4,495,9.9,arrive,0.0271,0.02704,0.0019,0.03267,0.03,-12.44,1.73,0.3016,0.0717,1.794,0.0,0.0,0,0.0031,6.55
5,495,9.9,arrive,0.05485,0.05051,-0.02139,0.051,0.03,-10.86,1.28,0.2937,0.0794,3.423,0.0,8.692,0,0.0,0.0
6,495,9.9,arrive,0.05181,0.04926,-0.01607,0.04818,0.03,-9.45,0.2,0.3056,0.0684,3.619,0.0,5.318,0,0.0,0.0
7,495,9.9,arrive,0.02206,0.02203,-0.00115,0.04172,0.03,-11.17,1.66,0.3071,0.0702,2.104,0.0,0.0,0,0.0,0.0
0,496,9.92,arrive,0.01584,0.00907,0.01299,0.02885,0.03,-9.61,1.33,0.3059,0.0666,1.716,2.442,0.0,0,0.0017,3.7
1,496,9.92,arrive,0.04865,0.04756,-0.01026,0.05011,0.03,-9.45,1.29,0.3042,0.0728,3.33,0.0,7.286,0,0.0,0.0
2,496,9.92,arrive,0.05298,0.05239,-0.0079,0.05694,0.03,-14.99,1.52,0.2992,0.0748,2.301,0.0,2.916,0,0.0,0.0
3,496,9.92,arrive,0.02514,0.02143,-0.01315,0.02789,0.03,-10.02,1.6,0.2949,0.0698,2.413,2.51,0.0,0,0.0008,1.59
4,496,9.92,arrive,0.02557,0.02542,0.00278,0.03363,0.03,-12.25,1.31,0.3015,0.0721,1.785,0.0,0.0,0,0.0032,6.69
5,496,9.92,arrive,0.05617,0.05114,-0.02324,0.05071,0.03,-10.74,1.71,0.2938,0.0796,3.513,0.74,0.0,0,0.0001,0.22
6,496,9.92,arrive,0.05172,0.04919,-0.01598,0.04778,0.03,-9.23,0.22,0.3057,0.0685,3.619,0.0,0.0,0,0.0,0.0
7,496,9.92,arrive,0.02109,0.02108,-0.0006,0.04118,0.03,-10.94,1.63,0.307,0.0702,2.122,0.0,0.0,0,0.0003,0.58
0,497,9.94,arrive,0.01544,0.00928,0.01235,0.02842,0.03,-9.69,1.41,0.3059,0.067,1.721,2.305,0.0,0,0.0017,3.62
1,497,9.94,arrive,0.0502,0.04862,-0.01251,0.05144,0.03,-10.56,0.03,0.3044,0.0726,3.264,0.0,6.008,0,0.0,0.0
2,497,9.94,arrive,0.05115,0.05081,-0.00588,0.05358,0.03,-14.16,1.72,0.2992,0.075,2.398,3.221,0.0,0,0.0002,0.38
3,497,9.94,arrive,0.02484,0.02078,-0.0136,0.02865,0.03,-10.0,1.6,0.2951,0.0703,2.431,0.0,0.0,0,0.0003,0.71
4,497,9.94,arrive,0.0265,0.02641,0.00214,0.03493,0.03,-12.48,1.31,0.3015,0.0724,1.787,0.0,2.489,0,0.0029,5.97
5,497,9.94,arrive,0.05638,0.05186,-0.02211,0.04956,0.03,-10.25,1.67,0.2939,0.08,3.623,0.808,1.552,0,0.0001,0.1
6,497,9.94,arrive,0.05182,0.04921,-0.01623,0.04784,0.03,-9.25,0.06,0.3058,0.0685,3.613,0.0,4.762,0,0.0,0.0
7,497,9.94,arrive,0.02062,0.02062,-0.0001,0.04116,0.03,-10.77,1.56,0.3069,0.0703,2.137,0.0,0.0,0,0.0005,1.1
0,498,9.96,arrive,0.0152,0.0106,0.01089,0.02851,0.03,-10.21,1.22,0.3059,0.0673,1.718,2.548,0.727,0,0.0014,3.01
1,498,9.96,arrive,0.05161,0.04936,-0.01506,0.05104,0.03,-10.91,0.32,0.3046,0.0724,3.295,0.0,0.282,0,0.0,0.0
2,498,9.96,arrive,0.04826,0.04815,-0.00327,0.05141,0.03,-13.4,1.35,0.2992,0.0752,2.414,0.0,0.0,0,0.0001,0.3
3,498,9.96,arrive,0.02614,0.02195,-0.01419,0.03109,0.03,-10.36,1.26,0.2953,0.0708,2.425,0.0,0.0,0,0.0001,0.3
4,498,9.96,arrive,0.02729,0.02725,0.00149,0.03424,0.03,-12.48,1.43,0.3015,0.0727,1.816,0.0,1.796,0,0.0028,5.83
5,498,9.96,arrive,0.05432,0.05083,-0.01916,0.04855,0.03,-9.71,1.13,0.2939,0.0804,3.628,0.0,0.0,0,0.0003,0.66
6,498,9.96,arrive,0.05165,0.04898,-0.0164,0.0477,0.03,-9.04,0.43,0.3059,0.0686,3.595,0.0,5.223,0,0.0,0.0
7,498,9.96,arrive,0.02079,0.02079,3e-05,0.04166,0.03,-10.74,1.53,0.3069,0.0704,2.152,0.0,0.0,0,0.0005,1.04
0,499,9.98,arrive,0.01506,0.01212,0.00895,0.02855,0.03,-10.76,0.94,0.306,0.0675,1.734,4.28,0.0,0,0.0006,1.33
1,499,9.98,arrive,0.05209,0.04973,-0.01548,0.05038,0.03,-10.81,1.28,0.3049,0.0722,3.364,0.0,0.0,0,0.0,0.0
2,499,9.98,arrive,0.04585,0.04581,-0.00191,0.05117,0.03,-13.02,0.96,0.2991,0.0754,2.364,0.0,0.0,0,0.0001,0.11
3,499,9.98,arrive,0.02929,0.025,-0.01527,0.03417,0.03,-10.98,1.14,0.2956,0.0713,2.428,0.0,0.0,0,0.0,0.03
4,499,9.98,arrive,0.02803,0.028,0.00125,0.03439,0.03,-12.51,1.4,0.3014,0.0731,1.844,0.0,1.602,0,0.0027,5.74
5,499,9.98,arrive,0.05251,0.04925,-0.01822,0.049,0.03,-9.62,0.41,0.294,0.0807,3.541,0.0,0.0,0,0.0002,0.45
6,499,9.98,arrive,0.05169,0.04875,-0.0172,0.04792,0.03,-9.03,0.81,0.306,0.0685,3.585,0.0,1.991,0,0.0,0.0
7,499,9.98,arrive,0.02086,0.02086,-0.00017,0.04169,0.03,-10.76,1.56,0.3068,0.0704,2.176,0.0,0.0,0,0.0003,0.58
0,500,10.0,arrive,0.01564,0.01392,0.00713,0.02835,0.03,-11.22,1.07,0.3061,0.0678,1.774,0.917,0.0,0,0.0003,0.58
1,500,10.0,arrive,0.05197,0.04993,-0.01442,0.05014,0.03,-10.76,1.15,0.3052,0.072,3.38,0.0,0.552,0,0.0,0.0
2,500,10.0,arrive,0.04767,0.04759,-0.0027,0.05348,0.03,-13.41,1.11,0.2991,0.0755,2.345,0.0,0.0,0,0.0,0.0
3,500,10.0,arrive,0.03213,0.02806,-0.01564,0.03607,0.03,-11.38,1.39,0.2958,0.0718,2.447,0.0,0.0,0,0.0,0.0
4,500,10.0,arrive,0.02831,0.02826,0.00166,0.03433,0.03,-12.34,1.36,0.3014,0.0734,1.859,0.0,1.707,0,0.0029,6.1
5,500,10.0,arrive,0.05384,0.04953,-0.0211,0.05071,0.03,-10.25,0.12,0.2941,0.0808,3.458,0.0,4.712,0,0.0,0.0
6,500,10.0,arrive,0.05149,0.04858,-0.01706,0.04793,0.03,-8.95,0.99,0.3062,0.0686,3.581,0.0,0.397,0,0.0,0.0
7,500,10.0,arrive,0.02072,0.02071,-0.00052,0.04145,0.03,-10.76,1.58,0.3067,0.0705,2.198,0.0,0.0,0,0.0001,0.28
0,501,10.02,arrive,0.01644,0.01521,0.00624,0.02823,0.03,-11.45,1.34,0.3062,0.0681,1.804,0.0,0.0,0,0.0007,1.37
1,501,10.02,arrive,0.05221,0.05011,-0.01469,0.05082,0.03,-11.24,0.04,0.3053,0.0718,3.335,0.0,6.283,0,0.0,0.0
2,501,10.02,arrive,0.05173,0.05157,-0.00405,0.05528,0.03,-13.9,1.59,0.2991,0.0757,2.418,0.0,7.329,0,0.0,0.0
3,501,10.02,arrive,0.03423,0.03072,-0.0151,0.03658,0.03,-11.52,1.63,0.296,0.0723,2.471,0.434,0.0,0,0.0,0.0
4,501,10.02,arrive,0.02946,0.02943,0.00135,0.03652,0.03,-12.67,1.06,0.3013,0.0737,1.852,0.0,0.0,0,0.0031,6.6
5,501,10.02,arrive,0.05668,0.05083,-0.02506,0.05138,0.03,-10.86,0.05,0.2942,0.0809,3.476,0.0,5.596,0,0.0,0.0
6,501,10.02,arrive,0.05203,0.04898,-0.01755,0.04818,0.03,-9.31,0.02,0.3064,0.0686,3.556,0.0,6.64,0,0.0,0.0
7,501,10.02,arrive,0.02056,0.02054,-0.00091,0.0413,0.03,-10.77,1.57,0.3067,0.0706,2.213,0.0,0.0,0,0.0,0.07
0,502,10.04,arrive,0.0163,0.01488,0.00665,0.02816,0.03,-11.32,1.4,0.3063,0.0684,1.803,0.0,0.0,0,0.0008,1.72
1,502,10.04,arrive,0.04968,0.04773,-0.01377,0.04988,0.03,-10.53,1.09,0.3056,0.0716,3.298,0.0,0.0,0,0.0,0.0
2,502,10.04,arrive,0.05193,0.05181,-0.00347,0.05403,0.03,-13.52,1.52,0.299,0.0758,2.516,0.0,0.581,0,0.0,0.0
3,502,10.04,arrive,0.03446,0.03136,-0.01428,0.03707,0.03,-11.46,1.62,0.2962,0.0727,2.479,0.0,0.0,0,0.0,0.1
4,502,10.04,arrive,0.03165,0.03165,0.00071,0.03741,0.03,-12.85,1.32,0.3013,0.074,1.868,0.0,0.0,0,0.003,6.27
5,502,10.04,arrive,0.05784,0.05196,-0.0254,0.05024,0.03,-10.25,1.56,0.2945,0.081,3.582,5.649,0.0,0,0.0001,0.33
6,502,10.04,arrive,0.05037,0.0476,-0.01646,0.04715,0.03,-8.6,0.81,0.3066,0.0686,3.548,0.0,0.0,0,0.0,0.0
7,502,10.04,arrive,0.02108,0.02105,-0.00118,0.04162,0.03,-10.86,1.59,0.3067,0.0707,2.23,0.0,0.0,0,0.0,0.0
0,503,10.06,arrive,0.01521,0.01354,0.00692,0.02811,0.03,-11.07,1.45,0.3064,0.0687,1.796,0.0,0.0,0,0.0004,0.82
1,503,10.06,arrive,0.04965,0.04769,-0.01381,0.05054,0.03,-10.41,1.3,0.3058,0.0714,3.301,0.0,0.0,0,0.0,0.0
2,503,10.06,arrive,0.04989,0.04986,-0.00183,0.05223,0.03,-12.92,1.21,0.2989,0.076,2.55,0.0,0.0,0,0.0,0.03
3,503,10.06,arrive,0.03365,0.03088,-0.01335,0.03779,0.03,-11.31,1.53,0.2964,0.0732,2.475,0.0,0.0,0,0.0,0.0
4,503,10.06,arrive,0.03432,0.03432,-0.00036,0.03993,0.03,-13.37,1.25,0.3012,0.0743,1.905,0.0,0.0,0,0.0026,5.44
5,503,10.06,arrive,0.05643,0.05151,-0.02303,0.04716,0.03,-9.39,1.74,0.2948,0.0812,3.653,0.896,0.0,0,0.0,0.11
6,503,10.06,arrive,0.04948,0.0471,-0.01515,0.04775,0.03,-8.42,0.66,0.3068,0.0688,3.537,0.0,0.0,0,0.0,0.0
7,503,10.06,arrive,0.02153,0.0215,-0.00124,0.04176,0.03,-10.92,1.65,0.3066,0.0708,2.256,0.0,0.0,0,0.0,0.0
0,504,10.08,arrive,0.0137,0.0117,0.00713,0.02783,0.03,-10.75,1.47,0.3064,0.069,1.806,0.0,0.0,0,0.0001,0.31
1,504,10.08,arrive,0.0509,0.04868,-0.01485,0.05159,0.03,-10.75,1.23,0.3059,0.0711,3.365,0.0,3.425,0,0.0,0.0
2,504,10.08,arrive,0.04809,0.04809,-0.0006,0.05221,0.03,-12.59,0.75,0.2988,0.0762,2.526,0.0,0.0,0,0.0,0.0
3,504,10.08,arrive,0.03354,0.03084,-0.01318,0.0382,0.03,-11.25,1.6,0.2965,0.0736,2.481,0.0,0.0,0,0.0,0.0
4,504,10.08,arrive,0.03416,0.03415,-0.00083,0.03864,0.03,-12.95,1.82,0.3012,0.0746,1.957,0.0,0.862,0,0.0024,5.0
5,504,10.08,arrive,0.0526,0.04891,-0.01933,0.04496,0.03,-8.74,1.13,0.2949,0.0815,3.579,0.0,0.0,0,0.0006,1.2
6,504,10.08,arrive,0.0503,0.04771,-0.01596,0.04968,0.03,-9.36,0.06,0.3069,0.0688,3.488,0.0,3.591,0,0.0,0.0
7,504,10.08,arrive,0.02155,0.02153,-0.00094,0.04168,0.03,-10.87,1.67,0.3066,0.0709,2.28,0.0,0.0,0,0.0,0.1
0,505,10.1,arrive,0.01325,0.01094,0.00747,0.02701,0.03,-10.47,1.54,0.3065,0.0693,1.835,1.109,0.0,0,0.0002,0.49
1,505,10.1,arrive,0.05117,0.04899,-0.01475,0.05091,0.03,-10.67,1.39,0.306,0.0709,3.443,0.0,2.564,0,0.0,0.0
2,505,10.1,arrive,0.05067,0.05061,-0.00249,0.05508,0.03,-13.2,0.98,0.2987,0.0763,2.518,0.0,0.0,0,0.0,0.0
3,505,10.1,arrive,0.03512,0.03246,-0.0134,0.03844,0.03,-11.36,1.84,0.2966,0.074,2.535,0.0,0.0,0,0.0,0.0
4,505,10.1,arrive,0.03656,0.03654,-0.00126,0.04109,0.03,-13.46,1.3,0.3011,0.0748,1.991,0.0,0.0,0,0.0023,4.84
5,505,10.1,arrive,0.05299,0.04956,-0.01878,0.04895,0.03,-9.45,0.11,0.2951,0.0817,3.436,0.0,8.134,0,0.0006,1.3
6,505,10.1,arrive,0.05128,0.04803,-0.01795,0.05034,0.03,-9.77,0.27,0.3071,0.0688,3.45,0.0,2.102,0,0.0,0.0
7,505,10.1,arrive,0.02112,0.0211,-0.00068,0.04152,0.03,-10.76,1.63,0.3066,0.071,2.295,0.0,0.0,0,0.0001,0.29
0,506,10.12,arrive,0.01308,0.01027,0.0081,0.02658,0.03,-10.23,1.46,0.3065,0.0696,1.857,0.0,0.0,0,0.0004,0.85
1,506,10.12,arrive,0.0509,0.04909,-0.01344,0.05067,0.03,-10.62,1.28,0.306,0.0708,3.485,0.0,1.523,0,0.0,0.0
2,506,10.12,arrive,0.05164,0.05139,-0.00516,0.0545,0.03,-13.45,1.04,0.2986,0.0763,2.583,0.0,3.161,0,0.0,0.0
3,506,10.12,arrive,0.03577,0.03346,-0.01262,0.03844,0.03,-11.27,1.82,0.2967,0.0744,2.566,1.689,0.0,0,0.0,0.02
4,506,10.12,arrive,0.03695,0.03694,-0.00052,0.04162,0.03,-13.19,1.49,0.3011,0.0752,2.005,0.0,1.22,0,0.0024,5.05
5,506,10.12,arrive,0.05391,0.04953,-0.02128,0.05097,0.03,-10.34,0.04,0.2954,0.0817,3.326,0.0,4.664,0,0.0,0.05
6,506,10.12,arrive,0.0517,0.04801,-0.01918,0.05029,0.03,-9.72,0.9,0.3074,0.0687,3.457,0.0,1.468,0,0.0,0.0
7,506,10.12,arrive,0.02113,0.02112,-0.00069,0.0418,0.03,-10.74,1.6,0.3066,0.0711,2.308,0.0,0.0,0,0.0001,0.16
0,507,10.14,arrive,0.01257,0.00906,0.00872,0.02703,0.03,-9.99,1.3,0.3065,0.07,1.845,0.0,0.0,0,0.0004,0.87
1,507,10.14,arrive,0.051,0.04937,-0.01279,0.05088,0.03,-10.91,0.11,0.3061,0.0707,3.462,0.0,2.26,0,0.0,0.0
2,507,10.14,arrive,0.05107,0.05081,-0.00518,0.05164,0.03,-12.94,1.34,0.2985,0.0763,2.726,0.0,0.0,0,0.0006,1.2
3,507,10.14,arrive,0.03565,0.03354,-0.01208,0.03847,0.03,-11.16,1.66,0.2967,0.0748,2.581,0.0,0.0,0,0.0,0.0
4,507,10.14,arrive,0.03585,0.03584,0.00087,0.04255,0.03,-12.91,1.11,0.3011,0.0755,1.997,0.0,0.0,0,0.0026,5.44
5,507,10.14,arrive,0.05627,0.05071,-0.02439,0.05155,0.03,-10.87,0.64,0.2957,0.0816,3.33,0.0,2.064,0,0.0001,0.17
6,507,10.14,arrive,0.05104,0.04756,-0.01852,0.04973,0.03,-9.46,1.04,0.3076,0.0687,3.471,0.0,0.0,0,0.0,0.0
7,507,10.14,arrive,0.02182,0.0218,-0.00093,0.04245,0.03,-10.84,1.6,0.3065,0.0711,2.324,0.0,0.0,0,0.0,0.0
0,508,10.16,arrive,0.01149,0.00714,0.009,0.02836,0.03,-9.82,1.16,0.3065,0.0703,1.819,0.0,0.0,0,0.0001,0.36
1,508,10.16,arrive,0.05055,0.0487,-0.01355,0.05207,0.03,-10.92,0.88,0.3062,0.0704,3.4,0.0,5.617,0,0.0,0.0
2,508,10.16,arrive,0.04919,0.04908,-0.00337,0.04865,0.03,-12.07,1.47,0.2984,0.0764,2.837,0.126,0.0,0,0.0001,0.31
3,508,10.16,arrive,0.03726,0.03513,-0.01244,0.0407,0.03,-11.46,1.5,0.2968,0.0752,2.585,0.0,0.0,0,0.0,0.0
4,508,10.16,arrive,0.0395,0.0395,-0.00069,0.04721,0.03,-13.74,1.12,0.3011,0.0758,1.987,0.0,0.0,0,0.0024,4.93
5,508,10.16,arrive,0.0578,0.05198,-0.02527,0.05107,0.03,-10.88,1.14,0.2961,0.0816,3.393,0.0,0.0,0,0.0,0.0
6,508,10.16,arrive,0.05178,0.04816,-0.01901,0.0503,0.03,-9.9,0.29,0.3078,0.0687,3.457,0.0,0.23,0,0.0,0.0
7,508,10.16,arrive,0.02276,0.02273,-0.00122,0.04276,0.03,-11.01,1.68,0.3065,0.0712,2.353,0.0,0.0,0,0.0,0.0
0,509,10.18,close,0.01153,0.00813,0.00817,0.02742,0.03,-9.91,1.34,0.3065,0.0707,1.82,0.0,0.0,0,0.0001,0.18
1,509,10.18,close,0.05121,0.04886,-0.01532,0.05217,0.03,-11.07,1.11,0.3063,0.0701,3.385,0.0,0.405,0,0.0,0.0
2,509,10.18,close,0.04585,0.04585,-0.00055,0.04671,0.03,-11.31,0.86,0.2983,0.0766,2.827,0.0,0.0,0,0.0008,1.76
3,509,10.18,close,0.04082,0.03853,-0.01347,0.0444,0.03,-12.09,1.41,0.2969,0.0756,2.599,0.0,0.0,0,0.0,0.0
4,509,10.18,close,0.04284,0.04278,-0.00219,0.0485,0.03,-14.06,1.7,0.301,0.076,2.033,0.0,0.0,0,0.0017,3.67
5,509,10.18,close,0.05692,0.0519,-0.02337,0.0496,0.03,-10.59,0.02,0.2965,0.0817,3.406,0.0,0.0,0,0.0,0.0
6,509,10.18,close,0.05185,0.04784,-0.02,0.05147,0.03,-9.96,0.63,0.308,0.0685,3.426,0.0,5.678,0,0.0,0.0
7,509,10.18,close,0.02318,0.02316,-0.00105,0.04264,0.03,-11.05,1.73,0.3065,0.0713,2.381,0.0,0.0,0,0.0,0.0
0,510,10.2,close,0.01272,0.01065,0.00695,0.02753,0.02925,-10.49,1.23,0.3065,0.0711,1.823,0.0,0.0,0,0.0,0.0
1,510,10.2,close,0.05284,0.05001,-0.01707,0.05188,0.02925,-11.57,0.03,0.3065,0.0698,3.441,0.0,1.932,0,0.0,0.0
2,510,10.2,close,0.04548,0.04548,-5e-05,0.04835,0.02925,-11.44,0.48,0.2982,0.0767,2.776,0.0,0.0,0,0.0009,1.87
3,510,10.2,close,0.04266,0.04052,-0.01334,0.04508,0.02925,-12.19,1.68,0.2969,0.076,2.631,0.375,0.0,0,0.0,0.0
4,510,10.2,close,0.04456,0.0445,-0.00229,0.04858,0.02925,-14.02,1.86,0.301,0.0763,2.104,0.0,1.109,0,0.0015,3.2
5,510,10.2,close,0.05674,0.05159,-0.02361,0.0513,0.02925,-11.09,0.03,0.2968,0.0817,3.32,0.0,5.851,0,0.0,0.0
6,510,10.2,close,0.05119,0.04725,-0.01969,0.05147,0.02925,-9.69,0.94,0.3082,0.0684,3.425,0.0,0.0,0,0.0,0.0
7,510,10.2,close,0.02233,0.02232,-0.00076,0.04212,0.02925,-10.87,1.71,0.3065,0.0714,2.398,0.0,0.0,0,0.0001,0.32
0,511,10.22,close,0.01545,0.01433,0.00579,0.02896,0.0285,-11.22,1.15,0.3065,0.0714,1.814,0.0,0.0,0,0.0,0.0
1,511,10.22,close,0.05279,0.0501,-0.01666,0.05057,0.0285,-11.33,0.24,0.3066,0.0695,3.527,0.0,0.0,0,0.0,0.0
2,511,10.22,close,0.04837,0.04834,-0.0018,0.05059,0.0285,-11.99,0.76,0.2982,0.0767,2.756,0.0,0.0,0,0.0004,0.73
3,511,10.22,close,0.04249,0.04059,-0.01258,0.04525,0.0285,-12.03,1.69,0.2969,0.0764,2.638,0.0,0.0,0,0.0,0.07
4,511,10.22,close,0.04386,0.04385,-0.00077,0.04817,0.0285,-13.65,1.38,0.3009,0.0766,2.129,0.0,1.317,0,0.0017,3.54
5,511,10.22,close,0.05528,0.05018,-0.02319,0.05106,0.0285,-10.84,0.45,0.2972,0.0816,3.235,0.0,0.0,0,0.0,0.0
6,511,10.22,close,0.05049,0.04701,-0.01842,0.05123,0.0285,-9.42,0.92,0.3084,0.0684,3.456,0.0,1.069,0,0.0,0.0
7,511,10.22,close,0.02185,0.02184,-0.00065,0.04194,0.0285,-10.76,1.65,0.3065,0.0715,2.41,0.0,0.0,0,0.0003,0.6
0,512,10.24,close,0.01864,0.01803,0.00475,0.03096,0.02775,-11.9,1.11,0.3066,0.0718,1.807,0.0,0.0,0,0.0,0.0
1,512,10.24,close,0.05171,0.04968,-0.01436,0.04945,0.02775,-10.91,0.16,0.3067,0.0693,3.576,0.0,0.0,0,0.0,0.0
2,512,10.24,close,0.05128,0.05114,-0.00378,0.05207,0.02775,-12.27,1.51,0.2981,0.0767,2.806,0.0,6.786,0,0.0002,0.57
3,512,10.24,close,0.04244,0.04055,-0.01249,0.0453,0.02775,-11.96,1.73,0.2969,0.0767,2.634,0.0,0.0,0,-0.0,0.0
4,512,10.24,close,0.04457,0.04457,-0.00039,0.05042,0.02775,-13.81,1.1,0.3009,0.0768,2.097,0.0,0.0,0,0.0019,3.89
5,512,10.24,close,0.0563,0.05048,-0.02494,0.05237,0.02775,-11.19,0.81,0.2975,0.0814,3.182,0.0,2.676,0,0.0,0.0
6,512,10.24,close,0.05075,0.04728,-0.01844,0.05111,0.02775,-9.52,0.4,0.3085,0.0683,3.482,0.0,5.673,0,0.0,0.0
7,512,10.24,close,0.02201,0.022,-0.00084,0.04219,0.02775,-10.78,1.63,0.3064,0.0716,2.426,0.0,0.0,0,0.0001,0.25
0,513,10.26,close,0.02095,0.02052,0.00421,0.03299,0.027,-12.31,1.31,0.3067,0.0722,1.806,0.0,0.0,0,0.0,0.0
1,513,10.26,close,0.0508,0.04927,-0.01238,0.05067,0.027,-10.77,0.01,0.3067,0.0691,3.558,0.0,4.109,0,0.0,0.0
2,513,10.26,close,0.05148,0.05126,-0.00472,0.05113,0.027,-11.89,2.71,0.2981,0.0767,2.917,3.61,0.0,0,0.0003,0.82
3,513,10.26,close,0.04403,0.04209,-0.01292,0.04666,0.027,-12.15,1.85,0.2968,0.0771,2.673,3.274,0.0,0,0.0,0.03
4,513,10.26,close,0.04805,0.04798,-0.00251,0.05353,0.027,-14.43,1.5,0.3008,0.077,2.088,0.0,0.0,0,0.0015,3.11
5,513,10.26,close,0.05838,0.05184,-0.02685,0.05249,0.027,-11.66,0.0,0.2979,0.0811,3.221,0.0,4.953,0,0.0,0.0
6,513,10.26,close,0.04972,0.04654,-0.0175,0.05016,0.027,-8.87,1.7,0.3086,0.0682,3.525,0.0,1.936,0,0.0,0.0
7,513,10.26,close,0.02263,0.0226,-0.00109,0.04229,0.027,-10.89,1.67,0.3064,0.0716,2.45,0.0,0.0,0,0.0,0.0
0,514,10.28,close,0.02216,0.0217,0.00448,0.03452,0.02625,-12.41,1.46,0.3067,0.0726,1.81,0.0,0.0,0,0.0,0.0
1,514,10.28,close,0.05023,0.04853,-0.01295,0.0515,0.02625,-10.74,0.75,0.3067,0.0688,3.532,0.0,0.0,0,0.0,0.0
2,514,10.28,close,0.05137,0.05127,-0.00314,0.0498,0.02625,-11.31,2.6,0.2981,0.0768,3.016,2.041,0.0,0,0.0003,0.65
3,514,10.28,close,0.04478,0.04297,-0.01262,0.04657,0.02625,-12.06,2.05,0.2968,0.0774,2.737,0.0,0.0,0,0.0001,0.31
4,514,10.28,close,0.05277,0.05254,-0.00487,0.05608,0.02625,-15.01,2.15,0.3008,0.0772,2.15,1.341,7.459,0,0.0005,1.1
5,514,10.28,close,0.05782,0.05206,-0.02517,0.04924,0.02625,-10.84,0.43,0.2983,0.0809,3.323,0.0,0.0,0,0.0,0.0
6,514,10.28,close,0.04958,0.04663,-0.01685,0.05015,0.02625,-8.92,1.62,0.3087,0.0681,3.534,0.0,1.304,0,0.0,0.0
7,514,10.28,close,0.02303,0.023,-0.00116,0.04191,0.02625,-10.95,1.72,0.3064,0.0717,2.477,0.0,0.0,0,0.0,0.0
0,515,10.3,close,0.02308,0.02251,0.00509,0.0362,0.0255,-12.4,1.53,0.3068,0.0729,1.818,0.0,0.0,0,0.0,0.0
1,515,10.3,close,0.05125,0.04898,-0.0151,0.05091,0.0255,-10.82,1.1,0.3068,0.0685,3.554,0.0,0.453,0,0.0,0.0
2,515,10.3,close,0.05036,0.05036,-3e-05,0.0503,0.0255,-10.9,2.06,0.2981,0.0771,3.019,0.0,0.0,0,0.0003,0.67
3,515,10.3,close,0.04441,0.04288,-0.01156,0.04605,0.0255,-11.79,1.95,0.2967,0.0778,2.774,0.0,0.0,0,0.0005,1.02
4,515,10.3,close,0.05255,0.0524,-0.00403,0.05515,0.0255,-14.69,1.86,0.3007,0.0774,2.219,0.0,1.185,0,0.0003,0.72
5,515,10.3,close,0.05392,0.04968,-0.02096,0.04647,0.0255,-10.04,0.17,0.2986,0.0806,3.313,0.0,0.0,0,0.0,0.0
6,515,10.3,close,0.05007,0.04693,-0.01744,0.05084,0.0255,-9.32,1.29,0.3088,0.068,3.503,0.0,2.96,0,0.0,0.0
7,515,10.3,close,0.02288,0.02286,-0.00094,0.04121,0.0255,-10.89,1.75,0.3064,0.0718,2.5,0.0,0.0,0,0.0001,0.13
0,516,10.32,close,0.02409,0.02341,0.0057,0.03802,0.02475,-12.4,1.59,0.3069,0.0733,1.83,0.0,0.0,0,0.0,0.0
1,516,10.32,close,0.05269,0.05008,-0.01637,0.04998,0.02475,-10.96,1.2,0.3068,0.0681,3.621,0.0,0.0,0,0.0,0.0
2,516,10.32,close,0.05008,0.05008,-3e-05,0.0515,0.02475,-11.28,1.24,0.2981,0.0772,2.914,0.0,2.467,0,0.0004,0.82
3,516,10.32,close,0.04442,0.04301,-0.01109,0.0467,0.02475,-11.74,1.72,0.2965,0.0781,2.759,0.0,0.0,0,0.0005,0.96
4,516,10.32,close,0.05207,0.05198,-0.00298,0.05482,0.02475,-14.45,1.49,0.3007,0.0776,2.236,0.0,0.0,0,0.0005,0.99
5,516,10.32,close,0.05139,0.04787,-0.01869,0.04741,0.02475,-9.98,0.29,0.2988,0.0803,3.223,0.0,0.0,0,0.0,0.0
6,516,10.32,close,0.05102,0.04734,-0.01903,0.05087,0.02475,-9.59,1.28,0.3089,0.0678,3.485,0.0,2.134,0,0.0,0.0
7,516,10.32,close,0.02247,0.02245,-0.0009,0.0408,0.02475,-10.8,1.68,0.3064,0.0719,2.511,0.0,0.0,0,0.0,0.07
0,517,10.34,close,0.02516,0.02437,0.00626,0.03971,0.024,-12.38,1.64,0.307,0.0737,1.846,0.0,0.0,0,0.0,0.0
1,517,10.34,close,0.0528,0.05051,-0.01537,0.04932,0.024,-11.05,0.82,0.3069,0.0678,3.657,0.0,0.0,0,0.0,0.0
2,517,10.34,close,0.05114,0.05102,-0.00349,0.05229,0.024,-12.42,0.06,0.2982,0.0772,2.803,0.0,4.077,0,0.0001,0.15
3,517,10.34,close,0.04864,0.04694,-0.01276,0.05091,0.024,-12.55,1.66,0.2964,0.0784,2.743,0.0,0.0,0,0.0001,0.25
4,517,10.34,close,0.05253,0.0524,-0.0037,0.05534,0.024,-14.65,1.17,0.3007,0.0778,2.213,0.0,4.238,0,0.0005,1.17
5,517,10.34,close,0.05403,0.04976,-0.02105,0.05074,0.024,-10.73,0.11,0.2989,0.0799,3.192,0.0,1.445,0,0.0,0.0
6,517,10.34,close,0.05202,0.04789,-0.02032,0.05054,0.024,-9.78,1.32,0.309,0.0676,3.5,0.0,1.866,0,0.0,0.0
7,517,10.34,close,0.02323,0.02319,-0.00127,0.04117,0.024,-10.92,1.66,0.3063,0.072,2.522,0.0,0.0,0,0.0,0.0
0,518,10.36,close,0.02624,0.02534,0.00679,0.04118,0.02325,-12.35,1.69,0.3071,0.074,1.867,0.0,0.0,0,0.0,0.0
1,518,10.36,close,0.05126,0.04958,-0.01303,0.04977,0.02325,-10.95,0.55,0.3069,0.0675,3.621,0.0,0.0,0,0.0,0.0
2,518,10.36,close,0.05264,0.05211,-0.00746,0.05201,0.02325,-13.09,0.26,0.2984,0.0771,2.795,0.0,2.863,0,0.0,0.03
3,518,10.36,close,0.05218,0.05009,-0.01463,0.05319,0.02325,-13.11,1.9,0.2963,0.0786,2.811,3.649,0.0,0,0.0,0.0
4,518,10.36,close,0.05267,0.05247,-0.00454,0.05479,0.02325,-14.63,1.07,0.3007,0.0779,2.214,0.0,0.0,0,0.0002,0.38
5,518,10.36,close,0.05679,0.05117,-0.02463,0.05116,0.02325,-11.42,0.42,0.2991,0.0792,3.243,0.0,3.328,0,0.0,0.0
6,518,10.36,close,0.05197,0.04805,-0.0198,0.05009,0.02325,-9.75,1.31,0.3091,0.0675,3.521,0.0,0.615,0,0.0,0.0
7,518,10.36,close,0.02497,0.0249,-0.0019,0.0416,0.02325,-11.21,1.74,0.3063,0.072,2.548,0.0,0.0,0,0.0,0.0
0,519,10.38,close,0.02729,0.0263,0.00731,0.04238,0.0225,-12.32,1.72,0.3071,0.0743,1.893,0.0,0.0,0,0.0,0.0
1,519,10.38,close,0.05161,0.04966,-0.01405,0.05055,0.0225,-11.15,0.04,0.307,0.0672,3.556,0.0,0.0,0,0.0,0.0
2,519,10.38,close,0.05349,0.05293,-0.00768,0.05078,0.0225,-12.63,1.33,0.2986,0.0771,2.888,3.699,1.119,0,0.0,0.09
3,519,10.38,close,0.05269,0.05053,-0.01494,0.05225,0.0225,-12.93,2.23,0.2963,0.0789,2.946,2.9,0.0,0,0.0,0.0
4,519,10.38,close,0.05324,0.0529,-0.00604,0.05479,0.0225,-14.92,0.81,0.3007,0.078,2.24,0.023,3.888,0,0.0,0.12
5,519,10.38,close,0.05904,0.05296,-0.02609,0.05139,0.0225,-11.64,0.07,0.2993,0.0786,3.356,0.0,6.547,0,0.0,0.0
6,519,10.38,close,0.05117,0.04768,-0.01858,0.05027,0.0225,-9.71,1.15,0.3092,0.0674,3.512,0.0,0.917,0,0.0,0.0
7,519,10.38,close,0.02638,0.02629,-0.00223,0.04148,0.0225,-11.42,1.85,0.3063,0.0721,2.577,0.0,0.0,0,0.0,0.0
0,520,10.4,close,0.02807,0.027,0.00767,0.04282,0.02175,-12.27,1.78,0.3072,0.0747,1.926,0.0,0.0,0,0.0,0.0
1,520,10.4,close,0.05294,0.05023,-0.01671,0.05091,0.02175,-11.62,0.04,0.3071,0.0668,3.561,0.0,6.377,0,0.0,0.0
2,520,10.4,close,0.05171,0.05144,-0.00532,0.04875,0.02175,-11.71,1.78,0.2989,0.0772,2.932,0.0,0.0,0,0.0001,0.14
3,520,10.4,close,0.05125,0.04943,-0.01354,0.05036,0.02175,-12.43,2.1,0.2962,0.0792,3.021,0.0,0.0,0,0.0007,1.43
4,520,10.4,close,0.05252,0.05217,-0.006,0.05348,0.02175,-14.48,1.11,0.3008,0.0781,2.3,0.67,0.0,0,0.0001,0.08
5,520,10.4,close,0.0568,0.05164,-0.02365,0.04805,0.02175,-10.54,0.73,0.2995,0.0782,3.485,0.0,0.0,0,0.0,0.05
6,520,10.4,close,0.05151,0.04774,-0.01937,0.05084,0.02175,-9.93,0.9,0.3093,0.0672,3.488,0.0,2.737,0,0.0,0.0
7,520,10.4,close,0.02686,0.02678,-0.00206,0.04098,0.02175,-11.43,1.86,0.3063,0.0722,2.597,0.0,0.0,0,0.0,0.0
0,521,10.42,close,0.02836,0.02723,0.00795,0.0424,0.021,-12.17,1.81,0.3073,0.075,1.963,0.0,0.0,0,0.0,0.0
1,521,10.42,close,0.05194,0.04944,-0.01592,0.04786,0.021,-10.53,1.48,0.3072,0.0664,3.674,0.0,0.0,0,0.0,0.0
2,521,10.42,close,0.0502,0.05014,-0.00243,0.04918,0.021,-11.39,1.3,0.299,0.0773,2.891,0.0,0.0,0,0.0004,0.74
3,521,10.42,close,0.04941,0.04804,-0.01158,0.04911,0.021,-11.97,1.63,0.2961,0.0796,3.019,0.0,0.0,0,0.0011,2.26
4,521,10.42,close,0.0535,0.05312,-0.00634,0.05402,0.021,-14.77,0.5,0.3009,0.0781,2.34,0.777,3.969,0,0.0,0.0
5,521,10.42,close,0.05215,0.04849,-0.01919,0.04472,0.021,-9.54,0.69,0.2997,0.0778,3.505,0.0,0.0,0,0.0004,0.86
6,521,10.42,close,0.05111,0.04746,-0.01897,0.05057,0.021,-9.73,1.0,0.3094,0.067,3.496,0.0,2.272,0,0.0,0.0
7,521,10.42,close,0.02719,0.02713,-0.00178,0.04104,0.021,-11.41,1.78,0.3063,0.0722,2.609,0.0,0.0,0,0.0,0.0
0,522,10.44,close,0.02883,0.0278,0.00764,0.04285,0.02025,-12.24,1.68,0.3073,0.0752,1.986,0.0,0.0,0,0.0,0.0
1,522,10.44,close,0.04855,0.04704,-0.01202,0.04475,0.02025,-9.49,1.79,0.3073,0.0662,3.716,0.0,0.0,0,0.0,0.0
2,522,10.44,close,0.05077,0.05069,-0.0028,0.05107,0.02025,-11.9,0.34,0.2992,0.0773,2.814,0.0,4.569,0,0.0,0.1
3,522,10.44,close,0.0487,0.04746,-0.01093,0.0496,0.02025,-11.89,1.3,0.296,0.0799,2.972,0.0,0.0,0,0.0009,1.87
4,522,10.44,close,0.05286,0.0526,-0.00525,0.05381,0.02025,-14.45,0.47,0.301,0.0781,2.346,0.0,0.0,0,0.0,0.0
5,522,10.44,close,0.04895,0.04616,-0.01628,0.04513,0.02025,-9.43,0.05,0.2998,0.0775,3.424,0.0,0.0,0,0.0004,0.92
6,522,10.44,close,0.05151,0.04768,-0.01951,0.05029,0.02025,-9.74,0.68,0.3094,0.0668,3.529,0.0,3.77,0,0.0,0.0
7,522,10.44,close,0.02708,0.02703,-0.00175,0.04048,0.02025,-11.35,1.77,0.3063,0.0722,2.627,0.0,0.0,0,0.0001,0.14
0,523,10.46,close,0.02965,0.02887,0.00675,0.04337,0.0195,-12.44,1.61,0.3072,0.0754,2.006,0.0,0.0,0,0.0,0.0
1,523,10.46,close,0.04721,0.04627,-0.00937,0.04514,0.0195,-9.32,1.28,0.3073,0.066,3.682,0.0,0.0,0,0.0,0.0
2,523,10.46,close,0.0516,0.05134,-0.00512,0.05117,0.0195,-12.47,0.07,0.2995,0.0771,2.781,0.0,5.65,0,0.0,0.02
3,523,10.46,close,0.05194,0.0504,-0.01254,0.05319,0.0195,-12.62,0.65,0.296,0.08,2.964,0.0,9.489,0,0.0003,0.79
4,523,10.46,close,0.05286,0.05257,-0.00552,0.05434,0.0195,-14.61,0.18,0.3012,0.0781,2.33,0.0,5.067,0,0.0,0.0
5,523,10.46,close,0.05222,0.04897,-0.01813,0.04933,0.0195,-10.04,1.56,0.2999,0.077,3.409,0.441,9.066,0,0.0002,0.6
6,523,10.46,close,0.05051,0.04692,-0.0187,0.04877,0.0195,-8.98,1.91,0.3095,0.0666,3.587,0.0,0.0,0,0.0,0.0
7,523,10.46,close,0.02735,0.02728,-0.00196,0.0399,0.0195,-11.38,1.77,0.3063,0.0723,2.65,0.0,0.0,0,0.0001,0.13
0,524,10.48,close,0.03083,0.03036,0.00537,0.04359,0.01875,-12.74,1.68,0.3072,0.0756,2.031,0.0,0.0,0,0.0,0.0
1,524,10.48,close,0.04998,0.0489,-0.01033,0.04927,0.01875,-10.36,0.02,0.3074,0.0656,3.62,1.357,7.719,0,-0.0,0.0
2,524,10.48,close,0.05154,0.05125,-0.0055,0.04989,0.01875,-11.89,1.47,0.2997,0.0771,2.824,0.0,0.0,0,0.0,0.0
3,524,10.48,close,0.05383,0.05155,-0.01552,0.05266,0.01875,-13.24,0.58,0.296,0.0801,3.027,0.0,4.661,0,0.0006,1.23
4,524,10.48,close,0.05283,0.05246,-0.00629,0.0539,0.01875,-14.5,0.26,0.3014,0.0781,2.329,0.0,0.0,0,0.0,0.0
5,524,10.48,close,0.05421,0.05037,-0.02004,0.04908,0.01875,-10.21,1.8,0.3,0.0764,3.488,0.0,3.195,0,0.0004,0.84
6,524,10.48,close,0.04982,0.04696,-0.01663,0.04818,0.01875,-8.68,1.62,0.3095,0.0665,3.629,0.0,0.713,0,0.0,0.0
7,524,10.48,close,0.02822,0.02814,-0.00223,0.03989,0.01875,-11.5,1.73,0.3063,0.0723,2.667,0.149,0.0,0,0.0001,0.14
0,525,10.5,close,0.03227,0.03205,0.0038,0.04303,0.018,-13.1,1.72,0.3072,0.0758,2.074,0.0,0.0,0,0.0,0.0
1,525,10.5,close,0.0507,0.04929,-0.01188,0.04928,0.018,-10.76,0.28,0.3076,0.0652,3.627,0.0,5.62,0,0.0,0.0
2,525,10.5,close,0.05167,0.05153,-0.00374,0.04977,0.018,-11.57,1.31,0.2999,0.0771,2.851,0.0,1.517,0,0.0,0.0
3,525,10.5,close,0.05426,0.05186,-0.01596,0.05201,0.018,-13.11,0.12,0.296,0.0801,3.121,0.0,0.0,0,0.0006,1.05
4,525,10.5,close,0.05352,0.05292,-0.00794,0.0539,0.018,-14.78,0.08,0.3016,0.0779,2.354,1.37,5.033,0,0.0,0.02
5,525,10.5,close,0.05493,0.05138,-0.01943,0.04875,0.018,-10.18,1.72,0.3001,0.076,3.531,0.0,0.363,0,0.0001,0.12
6,525,10.5,close,0.05008,0.04723,-0.01666,0.04796,0.018,-8.75,1.23,0.3096,0.0663,3.625,0.0,2.177,0,0.0,0.0
7,525,10.5,close,0.02888,0.02876,-0.00261,0.03955,0.018,-11.58,1.7,0.3063,0.0723,2.675,0.15,0.0,0,0.0001,0.19
0,526,10.52,close,0.0327,0.03253,0.00334,0.04181,0.01725,-13.14,1.75,0.3071,0.076,2.113,0.0,0.0,0,0.0,0.0
1,526,10.52,close,0.05005,0.04884,-0.01093,0.04705,0.01725,-10.25,0.23,0.3077,0.0649,3.708,0.0,0.0,0,0.0,0.0
2,526,10.52,close,0.05216,0.05197,-0.00434,0.04996,0.01725,-11.98,0.1,0.3001,0.077,2.816,0.0,6.067,0,0.0,0.0
3,526,10.52,close,0.05318,0.05101,-0.01503,0.05028,0.01725,-12.65,0.04,0.296,0.0802,3.177,0.0,0.0,0,0.0008,1.78
4,526,10.52,close,0.05256,0.05209,-0.00701,0.05264,0.01725,-14.16,0.49,0.3018,0.0778,2.412,0.717,0.0,0,0.0,0.12
5,526,10.52,close,0.05519,0.0521,-0.01821,0.04823,0.01725,-10.1,1.26,0.3003,0.0757,3.494,0.0,0.0,0,0.0001,0.11
6,526,10.52,close,0.0513,0.04791,-0.01832,0.04839,0.01725,-9.37,0.19,0.3096,0.066,3.6,0.0,7.794,0,-0.0,0.0
7,526,10.52,close,0.02992,0.02974,-0.00327,0.03924,0.01725,-11.71,1.75,0.3063,0.0722,2.685,0.0,0.0,0,0.0,0.03
0,527,10.54,close,0.03184,0.0316,0.00393,0.04073,0.0165,-12.9,1.47,0.307,0.0762,2.131,0.898,0.0,0,0.0,0.06
1,527,10.54,close,0.05011,0.04926,-0.00917,0.04625,0.0165,-9.78,0.32,0.3078,0.0646,3.751,0.0,0.0,0,0.0,0.0
2,527,10.54,close,0.05242,0.05209,-0.00587,0.05023,0.0165,-12.33,0.04,0.3004,0.0767,2.776,0.0,5.977,0,0.0,0.0
3,527,10.54,close,0.05065,0.04876,-0.0137,0.04851,0.0165,-12.16,0.09,0.296,0.0802,3.164,0.0,0.0,0,0.0015,3.18
4,527,10.54,close,0.05286,0.05255,-0.00572,0.05264,0.0165,-14.03,0.1,0.302,0.0777,2.454,0.0,4.196,0,0.0,0.14
5,527,10.54,close,0.05641,0.05314,-0.01891,0.04897,0.0165,-10.91,0.08,0.3005,0.0753,3.421,0.0,6.703,0,0.0,0.02
6,527,10.54,close,0.05195,0.04806,-0.01971,0.04871,0.0165,-9.39,0.34,0.3097,0.0656,3.613,1.132,5.787,0,0.0,0.0
7,527,10.54,close,0.03188,0.03162,-0.00404,0.03937,0.0165,-11.98,1.73,0.3063,0.0722,2.713,0.0,0.0,0,0.0,0.0
0,528,10.56,close,0.03081,0.0305,0.00437,0.03987,0.01575,-12.64,1.27,0.3069,0.0764,2.142,0.575,0.0,0,0.0,0.05
1,528,10.56,close,0.05038,0.04969,-0.00832,0.04712,0.01575,-9.53,0.02,0.3079,0.0644,3.731,0.0,5.259,0,0.0,0.0
2,528,10.56,close,0.05203,0.05175,-0.00547,0.04954,0.01575,-11.79,0.89,0.3007,0.0766,2.79,0.0,0.0,0,0.0,0.09
3,528,10.56,close,0.05063,0.04862,-0.01411,0.04827,0.01575,-12.1,0.03,0.2959,0.0802,3.159,0.0,0.0,0,0.0017,3.63
4,528,10.56,close,0.05272,0.05251,-0.00471,0.05239,0.01575,-13.9,0.32,0.3022,0.0776,2.437,0.0,5.508,0,0.0002,0.38
5,528,10.56,close,0.0553,0.05216,-0.01837,0.04886,0.01575,-10.67,0.64,0.3009,0.0749,3.361,0.0,3.051,0,-0.0,0.0
6,528,10.56,close,0.05046,0.04708,-0.01817,0.04717,0.01575,-8.39,1.37,0.3098,0.0653,3.692,1.129,0.0,0,0.0,0.13
7,528,10.56,close,0.03326,0.03302,-0.00398,0.03946,0.01575,-12.08,1.77,0.3063,0.0722,2.741,0.0,0.0,0,0.0,0.0
0,529,10.58,close,0.03071,0.03044,0.00407,0.03943,0.015,-12.61,1.19,0.3068,0.0765,2.167,2.085,0.0,0,0.0,0.05
1,529,10.58,close,0.05099,0.0499,-0.0105,0.0475,0.015,-9.94,0.09,0.308,0.064,3.713,0.0,5.613,0,0.0,0.0
2,529,10.58,close,0.05276,0.05245,-0.00574,0.04953,0.015,-12.07,0.16,0.301,0.0764,2.782,0.788,6.305,0,0.0,0.05
3,529,10.58,close,0.05366,0.05127,-0.01583,0.05044,0.015,-12.54,0.26,0.2958,0.0801,3.216,1.305,0.0,0,0.001,2.18
4,529,10.58,close,0.05318,0.05288,-0.00557,0.05264,0.015,-14.38,1.08,0.3024,0.0775,2.375,0.0,4.402,0,0.0,0.07
5,529,10.58,close,0.05513,0.05205,-0.01817,0.04886,0.015,-10.72,0.61,0.3012,0.0745,3.339,0.0,0.0,0,0.0,0.0
6,529,10.58,close,0.04995,0.04692,-0.01714,0.04623,0.015,-7.75,1.4,0.31,0.0651,3.754,0.801,2.099,0,0.0002,0.39
7,529,10.58,close,0.03315,0.03298,-0.00333,0.03879,0.015,-11.92,1.65,0.3063,0.0722,2.756,0.0,0.0,0,0.0,0.1
0,530,10.6,close,0.03103,0.03083,0.00346,0.03904,0.01425,-12.67,1.19,0.3067,0.0766,2.217,4.557,0.0,0,0.0001,0.3
1,530,10.6,close,0.05151,0.05009,-0.01202,0.04738,0.01425,-9.92,0.1,0.3082,0.0636,3.736,1.533,1.734,0,0.0001,0.1
2,530,10.6,close,0.05342,0.05288,-0.00756,0.04992,0.01425,-12.66,0.27,0.3013,0.0761,2.754,0.227,7.15,0,0.0,0.12
3,530,10.6,close,0.05368,0.05142,-0.01541,0.04955,0.01425,-11.7,2.68,0.2958,0.08,3.347,1.658,0.0,0,0.0007,1.11
4,530,10.6,close,0.05422,0.05363,-0.00798,0.05327,0.01425,-15.1,1.62,0.3026,0.0771,2.319,1.521,5.867,0,-0.0,0.03
5,530,10.6,close,0.05573,0.05255,-0.01857,0.04889,0.01425,-10.97,0.3,0.3015,0.074,3.329,0.0,2.409,0,0.0,0.09
6,530,10.6,close,0.05101,0.04755,-0.01844,0.04625,0.01425,-7.93,0.74,0.31,0.0648,3.792,0.0,1.966,0,0.0002,0.36
7,530,10.6,close,0.03309,0.03295,-0.00304,0.03862,0.01425,-11.81,1.39,0.3064,0.0721,2.759,2.714,0.0,0,0.0002,0.52
0,531,10.62,close,0.03116,0.03103,0.00282,0.03825,0.0135,-12.69,1.0,0.3066,0.0767,2.289,5.78,0.0,0,0.0003,0.72
1,531,10.62,close,0.05198,0.05031,-0.01305,0.04717,0.0135,-9.77,0.14,0.3084,0.0631,3.771,5.797,5.138,0,0.0003,0.38
2,531,10.62,close,0.05405,0.05328,-0.00907,0.0505,0.0135,-13.06,0.06,0.3016,0.0757,2.741,4.751,0.407,0,0.0001,0.23
3,531,10.62,close,0.05347,0.05166,-0.01377,0.04841,0.0135,-11.18,2.24,0.2957,0.0801,3.39,1.149,0.0,0,0.0008,1.16
4,531,10.62,close,0.05436,0.05365,-0.00877,0.05313,0.0135,-15.07,1.05,0.3029,0.0767,2.341,4.611,2.196,0,0.0001,0.15
5,531,10.62,close,0.05643,0.0529,-0.01965,0.04962,0.0135,-11.27,0.08,0.3018,0.0735,3.316,5.504,1.107,0,-0.0,0.03
6,531,10.62,close,0.05229,0.04829,-0.02007,0.04684,0.0135,-8.44,0.08,0.3101,0.0643,3.821,5.841,2.288,0,0.0,0.05
7,531,10.62,close,0.03345,0.03329,-0.00326,0.0389,0.0135,-11.83,1.0,0.3064,0.072,2.788,6.134,0.0,0,0.0003,0.85
0,532,10.64,close,0.03091,0.03082,0.00237,0.03708,0.01275,-12.55,1.61,0.3065,0.0767,2.362,6.586,0.0,0,0.0007,1.36
1,532,10.64,close,0.05176,0.05012,-0.01292,0.04644,0.01275,-9.04,0.86,0.3086,0.0628,3.824,6.234,3.002,0,0.0013,1.35
2,532,10.64,close,0.05436,0.05347,-0.00975,0.0502,0.01275,-12.83,0.36,0.3021,0.0752,2.787,5.898,6.488,0,0.0005,0.49
3,532,10.64,close,0.05476,0.05316,-0.01313,0.04862,0.01275,-11.2,0.49,0.2956,0.0802,3.366,4.543,0.0,0,0.001,2.05
4,532,10.64,close,0.05358,0.0531,-0.00718,0.05153,0.01275,-13.79,0.64,0.3032,0.0763,2.442,5.195,0.0,0,0.0016,2.22
5,532,10.64,close,0.05622,0.05258,-0.0199,0.04943,0.01275,-10.98,0.58,0.3022,0.0729,3.323,5.214,6.657,0,0.0004,0.49
6,532,10.64,close,0.05153,0.04745,-0.0201,0.04605,0.01275,-7.59,1.06,0.3103,0.0639,3.885,5.931,4.378,0,0.0013,1.39
7,532,10.64,close,0.0334,0.03327,-0.00296,0.0378,0.01275,-11.69,0.34,0.3065,0.072,2.851,6.477,0.0,0,0.0007,0.6
0,533,10.66,close,0.03125,0.03116,0.00245,0.03659,0.012,-12.42,1.15,0.3065,0.0768,2.354,7.452,0.0,0,0.0005,0.97
1,533,10.66,close,0.0532,0.05114,-0.01464,0.0465,0.012,-9.2,0.05,0.3088,0.0625,3.873,7.305,6.632,0,0.001,0.81
2,533,10.66,close,0.05383,0.05314,-0.0086,0.04936,0.012,-11.83,1.72,0.3025,0.0748,2.846,6.093,2.786,0,0.002,2.34
3,533,10.66,close,0.05595,0.0538,-0.01537,0.04937,0.012,-11.72,0.04,0.2956,0.08,3.309,6.292,0.737,0,0.0005,1.46
4,533,10.66,close,0.05402,0.05361,-0.00665,0.05083,0.012,-13.28,0.46,0.3035,0.076,2.473,7.221,3.179,0,0.0019,2.59
5,533,10.66,close,0.05448,0.0517,-0.0172,0.04776,0.012,-9.88,1.45,0.3026,0.0724,3.372,6.012,0.0,0,0.0022,1.97
6,533,10.66,close,0.05149,0.04706,-0.0209,0.04566,0.012,-7.07,1.43,0.3104,0.0635,3.968,6.595,4.635,0,0.0021,3.45
7,533,10.66,close,0.03442,0.03415,-0.00427,0.03797,0.012,-11.89,0.02,0.3065,0.0719,2.845,7.235,0.0,0,0.0003,0.79
0,534,10.68,close,0.0319,0.03182,0.00227,0.03637,0.01125,-12.57,0.17,0.3064,0.0767,2.353,7.459,0.0,0,0.0002,0.53
1,534,10.68,close,0.05325,0.05102,-0.01522,0.04586,0.01125,-8.37,0.44,0.3091,0.0621,3.933,7.763,5.981,0,0.0021,1.85
2,534,10.68,close,0.05452,0.05379,-0.00891,0.04917,0.01125,-11.75,0.9,0.3029,0.0744,2.876,6.949,4.452,0,0.002,1.98
3,534,10.68,close,0.05594,0.05362,-0.01593,0.04889,0.01125,-11.79,0.83,0.2958,0.0799,3.29,6.195,2.288,0,0.0009,1.81
4,534,10.68,close,0.05596,0.05524,-0.00891,0.05125,0.01125,-14.16,1.1,0.3037,0.0756,2.432,6.695,2.96,0,0.0007,1.66
5,534,10.68,close,0.05406,0.05164,-0.01599,0.04737,0.01125,-9.54,1.08,0.3029,0.072,3.403,6.655,0.308,0,0.0024,2.03
6,534,10.68,close,0.05153,0.04669,-0.02179,0.04526,0.01125,-6.5,1.8,0.3105,0.0631,4.046,7.205,5.53,0,0.003,5.47
7,534,10.68,close,0.03465,0.03437,-0.00443,0.0376,0.01125,-11.86,0.41,0.3067,0.0717,2.835,6.336,0.0,0,0.0003,0.62
0,535,10.7,close,0.03243,0.03239,0.00168,0.03541,0.0105,-12.58,0.35,0.3063,0.0767,2.415,7.769,0.0,0,0.0003,0.76
1,535,10.7,close,0.05266,0.05057,-0.01468,0.0449,0.0105,-7.13,1.39,0.3094,0.0619,4.003,8.391,6.683,0,0.0037,3.33
2,535,10.7,close,0.05598,0.05503,-0.01026,0.04949,0.0105,-12.34,0.23,0.3033,0.0739,2.883,7.12,6.763,0,0.0012,1.1
3,535,10.7,close,0.05622,0.05373,-0.01656,0.04855,0.0105,-11.85,1.55,0.296,0.0797,3.295,6.435,3.497,0,0.0011,2.19
4,535,10.7,close,0.05626,0.05543,-0.00967,0.05149,0.0105,-14.43,0.86,0.304,0.0751,2.398,7.033,0.0,0,0.0005,1.1
5,535,10.7,close,0.05479,0.0522,-0.01665,0.04754,0.0105,-9.79,0.19,0.3031,0.0716,3.43,7.299,3.684,0,0.0019,1.46
6,535,10.7,close,0.05044,0.04595,-0.02081,0.04394,0.0105,-5.35,2.49,0.3107,0.0627,4.123,7.602,5.194,0,0.0046,4.83
7,535,10.7,close,0.03483,0.03451,-0.0047,0.03768,0.0105,-11.63,0.32,0.3068,0.0716,2.832,7.052,0.0,0,0.0003,0.85
0,536,10.72,close,0.03191,0.03182,0.00227,0.03435,0.00975,-12.1,0.38,0.3063,0.0766,2.454,7.927,0.0,0,0.0013,1.3
1,536,10.72,close,0.05314,0.05078,-0.01567,0.04461,0.00975,-6.65,1.29,0.3096,0.0617,4.08,8.913,6.575,0,0.0042,3.67
2,536,10.72,close,0.05693,0.05579,-0.01133,0.0496,0.00975,-12.5,0.51,0.3036,0.0734,2.905,8.271,10.415,0,0.0011,1.07
3,536,10.72,close,0.05716,0.05425,-0.01798,0.04963,0.00975,-11.92,0.26,0.2962,0.0795,3.289,7.744,0.0,0,0.0007,1.28
4,536,10.72,close,0.05571,0.05498,-0.00904,0.05109,0.00975,-13.77,0.07,0.3044,0.0746,2.406,7.952,6.615,0,0.0013,1.49
5,536,10.72,close,0.05561,0.05257,-0.01814,0.04789,0.00975,-9.94,0.09,0.3033,0.0711,3.455,7.387,6.833,0,0.0017,1.3
6,536,10.72,close,0.05096,0.0463,-0.0213,0.04335,0.00975,-4.84,1.77,0.3108,0.0625,4.201,8.099,7.953,0,0.0054,4.37
7,536,10.72,close,0.03479,0.03448,-0.00466,0.03726,0.00975,-11.28,1.08,0.307,0.0715,2.845,9.44,0.0,0,0.0005,1.45
0,537,10.74,close,0.03326,0.0332,0.00197,0.03451,0.009,-12.16,0.09,0.3062,0.0764,2.478,9.35,0.0,0,0.0005,1.23
1,537,10.74,close,0.05379,0.0511,-0.01681,0.04447,0.009,-6.26,1.14,0.3098,0.0616,4.162,9.233,5.573,0,0.0047,4.01
2,537,10.74,close,0.05747,0.05631,-0.01148,0.04966,0.009,-12.14,0.16,0.304,0.0729,2.945,8.93,6.795,0,0.0015,1.02
3,537,10.74,close,0.05744,0.05463,-0.01774,0.04929,0.009,-11.42,0.04,0.2965,0.0794,3.308,7.73,0.0,0,0.0013,1.15
4,537,10.74,close,0.05583,0.05504,-0.00934,0.05079,0.009,-13.46,0.04,0.3047,0.0741,2.443,8.581,8.366,0,0.0017,1.75
5,537,10.74,close,0.05559,0.05244,-0.01846,0.04761,0.009,-9.51,0.54,0.3036,0.0706,3.491,8.43,5.767,0,0.0023,1.85
6,537,10.74,close,0.05137,0.0462,-0.02247,0.04295,0.009,-4.18,1.89,0.311,0.0622,4.284,8.194,5.479,0,0.0062,4.75
7,537,10.74,close,0.03403,0.03387,-0.00328,0.03662,0.009,-10.73,1.33,0.3072,0.0714,2.858,10.055,0.0,0,0.0013,2.03
0,538,10.76,close,0.03348,0.03344,0.00166,0.03416,0.00825,-12.03,0.34,0.3062,0.0763,2.471,9.119,0.0,0,0.0006,1.2
1,538,10.76,close,0.05476,0.05168,-0.01809,0.04453,0.00825,-6.03,0.74,0.31,0.0614,4.244,10.034,6.458,0,0.0049,4.18
2,538,10.76,close,0.05788,0.05671,-0.01161,0.04957,0.00825,-11.6,0.29,0.3044,0.0725,3.005,9.025,2.678,0,0.0021,1.76
3,538,10.76,close,0.05878,0.05545,-0.01949,0.04969,0.00825,-11.74,0.48,0.2968,0.0792,3.289,9.135,4.661,0,0.0008,1.64
4,538,10.76,close,0.05616,0.05536,-0.00943,0.05046,0.00825,-13.07,0.1,0.305,0.0737,2.488,9.196,7.786,0,0.0022,2.08
5,538,10.76,close,0.05544,0.05225,-0.01851,0.04723,0.00825,-9.03,0.99,0.304,0.0703,3.531,8.835,1.463,0,0.003,2.42
6,538,10.76,close,0.05146,0.04579,-0.02348,0.04241,0.00825,-3.28,2.31,0.3112,0.0619,4.365,8.655,4.533,0,0.0074,4.27
7,538,10.76,close,0.03462,0.03444,-0.00352,0.0373,0.00825,-10.7,1.08,0.3075,0.0713,2.854,9.966,0.0,0,0.0008,1.73
0,539,10.78,close,0.03373,0.03357,0.00333,0.03364,0.0075,-11.46,0.89,0.3061,0.0762,2.529,9.818,0.0,0,0.0014,1.77
1,539,10.78,close,0.05564,0.05217,-0.01937,0.04455,0.0075,-5.55,0.68,0.3102,0.0613,4.33,10.398,5.445,0,0.0054,4.7
2,539,10.78,close,0.05913,0.05764,-0.01318,0.0501,0.0075,-12.11,0.17,0.3047,0.072,3.02,10.014,9.757,0,0.0015,1.25
3,539,10.78,close,0.05998,0.05585,-0.02187,0.0503,0.0075,-12.24,0.88,0.2972,0.0788,3.252,9.502,0.0,0,0.0007,1.67
4,539,10.78,close,0.05702,0.05609,-0.01027,0.05047,0.0075,-12.97,0.24,0.3053,0.0732,2.53,9.603,6.885,0,0.0022,2.15
5,539,10.78,close,0.05672,0.05332,-0.01933,0.04771,0.0075,-9.57,0.13,0.3043,0.0698,3.544,9.623,6.542,0,0.0022,1.65
6,539,10.78,close,0.0514,0.04524,-0.02441,0.04184,0.0075,-2.35,2.57,0.3114,0.0617,4.439,9.449,6.779,0,0.0087,3.88
7,539,10.78,close,0.03428,0.03416,-0.00289,0.03747,0.0075,-10.24,1.43,0.3077,0.0712,2.853,10.493,0.0,0,0.0011,2.25
0,540,10.8,close,0.03422,0.03392,0.0045,0.03342,0.00675,-11.1,0.58,0.3061,0.0761,2.54,10.432,0.0,0,0.0018,1.98
1,540,10.8,close,0.05683,0.05282,-0.02097,0.04483,0.00675,-5.31,0.36,0.3104,0.0612,4.396,11.844,5.828,0,0.0057,4.83
2,540,10.8,close,0.05974,0.05813,-0.01378,0.05024,0.00675,-11.78,0.02,0.3051,0.0716,3.05,9.836,5.639,0,0.0019,1.61
3,540,10.8,close,0.06034,0.05612,-0.02217,0.05035,0.00675,-12.01,0.62,0.2976,0.0785,3.263,10.333,0.0,0,0.0014,2.97
4,540,10.8,close,0.0577,0.05661,-0.01117,0.05046,0.00675,-12.97,0.77,0.3057,0.0728,2.566,10.325,7.072,0,0.0021,2.27
5,540,10.8,close,0.05711,0.05363,-0.01962,0.04759,0.00675,-9.5,0.4,0.3046,0.0694,3.569,10.513,4.395,0,0.0024,1.75
6,540,10.8,close,0.05097,0.0449,-0.02414,0.04063,0.00675,-1.03,2.6,0.3116,0.0616,4.518,9.666,6.537,0,0.0104,3.35
7,540,10.8,close,0.03438,0.03408,-0.00452,0.03747,0.00675,-10.44,0.95,0.3079,0.071,2.853,11.059,0.0,0,0.0011,2.14
0,541,10.82,close,0.03487,0.03454,0.00475,0.0343,0.006,-10.96,1.06,0.306,0.0759,2.527,10.865,0.0,0,0.0011,2.35
1,541,10.82,close,0.05838,0.05365,-0.02301,0.04551,0.006,-5.35,0.0,0.3106,0.061,4.419,12.477,8.768,0,0.0056,4.77
2,541,10.82,close,0.06027,0.05853,-0.01437,0.05049,0.006,-11.91,0.04,0.3054,0.0711,3.082,10.48,6.718,0,0.0017,1.49
3,541,10.82,close,0.06094,0.05681,-0.02207,0.05056,0.006,-11.55,0.03,0.2981,0.0782,3.298,9.735,4.834,0,0.0016,2.06
4,541,10.82,close,0.05806,0.05678,-0.01215,0.05037,0.006,-12.79,0.8,0.306,0.0722,2.592,11.297,7.368,0,0.0023,2.43
5,541,10.82,close,0.05828,0.05424,-0.0213,0.04827,0.006,-9.88,0.55,0.3049,0.0689,3.581,11.221,10.248,0,0.0019,1.55
6,541,10.82,close,0.05258,0.04587,-0.02571,0.04094,0.006,-0.96,1.55,0.3118,0.0614,4.584,10.267,7.046,0,0.0103,2.46
7,541,10.82,close,0.03388,0.03369,-0.0036,0.03726,0.006,-9.83,1.55,0.3082,0.0709,2.886,11.292,0.0,0,0.0016,2.98
0,542,10.84,close,0.03492,0.03446,0.00568,0.03489,0.00525,-10.62,1.05,0.306,0.0758,2.524,12.54,0.0,0,0.0011,2.41
1,542,10.84,close,0.05894,0.05364,-0.02444,0.04559,0.00525,-4.84,0.08,0.3109,0.0608,4.428,12.87,7.335,0,0.0062,5.2
2,542,10.84,close,0.06104,0.05912,-0.0152,0.05072,0.00525,-12.3,0.6,0.3057,0.0705,3.07,11.908,6.088,0,0.0014,1.12
3,542,10.84,close,0.06204,0.05755,-0.02316,0.05088,0.00525,-11.33,0.08,0.2985,0.0779,3.324,10.677,7.763,0,0.0015,0.81
4,542,10.84,close,0.05807,0.05669,-0.01259,0.05007,0.00525,-12.17,0.2,0.3063,0.0717,2.633,11.707,6.602,0,0.0031,3.1
5,542,10.84,close,0.05903,0.05478,-0.022,0.04884,0.00525,-9.77,0.08,0.3052,0.0683,3.588,10.84,4.417,0,0.0019,1.38
6,542,10.84,close,0.05386,0.04639,-0.02736,0.04129,0.00525,-0.63,1.26,0.312,0.0611,4.639,11.15,8.495,0,0.0106,2.1
7,542,10.84,close,0.03379,0.03353,-0.00417,0.03715,0.00525,-9.54,1.97,0.3085,0.0707,2.911,11.76,0.0,0,0.0019,3.78
0,543,10.86,close,0.03481,0.03462,0.00367,0.03445,0.0045,-10.92,0.45,0.3061,0.0756,2.517,12.458,0.0,0,0.0009,1.9
1,543,10.86,close,0.05856,0.05315,-0.02459,0.04493,0.0045,-3.62,0.66,0.3112,0.0607,4.461,13.377,8.178,0,0.0077,6.37
2,543,10.86,close,0.06221,0.05979,-0.01718,0.05148,0.0045,-12.86,0.67,0.306,0.0698,3.021,12.559,10.405,0,0.0007,0.67
3,543,10.86,close,0.06376,0.05851,-0.02534,0.05181,0.0045,-11.42,0.27,0.2989,0.0775,3.334,11.88,6.941,0,0.0013,2.67
4,543,10.86,close,0.05844,0.05687,-0.01349,0.04991,0.0045,-11.82,0.25,0.3066,0.0712,2.68,11.978,6.8,0,0.0035,3.44
5,543,10.86,close,0.05939,0.05501,-0.02238,0.04902,0.0045,-9.83,0.03,0.3056,0.0678,3.601,11.229,7.333,0,0.0018,1.35
6,543,10.86,close,0.05382,0.04574,-0.02836,0.04049,0.0045,0.68,1.73,0.3123,0.0609,4.702,11.847,5.821,0,0.0126,2.52
7,543,10.86,close,0.03333,0.03325,-0.00228,0.03708,0.0045,-8.72,2.47,0.3087,0.0707,2.952,12.628,0.0,0,0.0023,4.74
0,544,10.88,close,0.03457,0.03444,0.00303,0.03448,0.00375,-10.74,0.91,0.3062,0.0754,2.513,13.874,0.0,0,0.0009,2.03
1,544,10.88,close,0.05836,0.05252,-0.02545,0.04463,0.00375,-2.94,1.13,0.3115,0.0605,4.502,13.425,7.584,0,0.0086,7.17
2,544,10.88,close,0.06268,0.06017,-0.01757,0.05182,0.00375,-12.84,0.43,0.3064,0.0691,3.003,12.251,4.798,0,0.0006,0.59
3,544,10.88,close,0.06505,0.05958,-0.02612,0.05226,0.00375,-11.07,0.35,0.2993,0.0771,3.376,11.974,6.211,0,0.0018,2.16
4,544,10.88,close,0.05864,0.05688,-0.01426,0.04972,0.00375,-11.51,0.38,0.307,0.0707,2.724,12.377,6.574,0,0.0039,3.75
5,544,10.88,close,0.05896,0.05466,-0.02211,0.04854,0.00375,-9.29,0.44,0.306,0.0673,3.626,12.141,6.126,0,0.0025,1.91
6,544,10.88,close,0.05324,0.04463,-0.02903,0.03932,0.00375,2.21,2.26,0.3126,0.0608,4.777,11.543,3.786,0,0.0151,3.65
7,544,10.88,close,0.03357,0.03352,-0.00193,0.03717,0.00375,-8.41,2.28,0.3089,0.0707,2.961,14.531,0.0,0,0.0023,4.76
0,545,10.9,close,0.03434,0.03426,0.00235,0.03423,0.003,-10.7,0.55,0.3064,0.0753,2.507,13.304,0.0,0,0.001,2.08
1,545,10.9,close,0.05822,0.05228,-0.02563,0.04413,0.003,-1.97,1.29,0.3118,0.0604,4.555,13.068,5.071,0,0.0097,8.25
2,545,10.9,close,0.06328,0.06068,-0.01797,0.05205,0.003,-13.07,0.82,0.3068,0.0684,3.017,12.919,5.895,0,0.0004,0.77
3,545,10.9,close,0.06629,0.06046,-0.02718,0.05282,0.003,-10.74,0.57,0.2997,0.0767,3.434,12.067,7.29,0,0.0022,3.5
4,545,10.9,close,0.05852,0.0566,-0.01489,0.0494,0.003,-11.06,0.21,0.3073,0.0701,2.771,12.756,6.904,0,0.0044,4.2
5,545,10.9,close,0.05765,0.05389,-0.02049,0.0474,0.003,-8.33,1.0,0.3063,0.0669,3.671,12.126,0.0,0,0.0039,3.14
6,545,10.9,close,0.05254,0.04325,-0.02983,0.03839,0.003,3.44,2.77,0.3129,0.0607,4.848,11.976,6.486,0,0.017,4.8
7,545,10.9,close,0.03241,0.03241,-0.00011,0.03705,0.003,-7.53,2.6,0.3092,0.0707,2.955,12.963,0.0,0,0.0034,5.7
0,546,10.92,close,0.03438,0.03437,0.00097,0.03372,0.00225,-11.04,0.61,0.3067,0.075,2.494,13.149,0.0,0,0.0008,1.8
1,546,10.92,close,0.0587,0.05245,-0.02636,0.04426,0.00225,-1.85,1.01,0.3121,0.0603,4.592,13.403,6.551,0,0.0098,8.32
2,546,10.92,close,0.06318,0.0606,-0.01787,0.05203,0.00225,-12.81,0.53,0.3071,0.0678,3.033,12.521,5.521,0,0.0007,0.59
3,546,10.92,close,0.06746,0.06155,-0.02763,0.05334,0.00225,-10.33,0.7,0.3001,0.0763,3.502,12.787,0.0,0,0.0026,5.55
4,546,10.92,close,0.05806,0.05609,-0.01502,0.04889,0.00225,-10.28,0.45,0.3077,0.0696,2.827,12.731,6.234,0,0.0054,5.01
5,546,10.92,close,0.058,0.05415,-0.02077,0.04752,0.00225,-8.41,0.63,0.3066,0.0665,3.697,12.582,6.069,0,0.0037,2.97
6,546,10.92,close,0.05145,0.04214,-0.02951,0.0368,0.00225,4.89,2.69,0.3132,0.0608,4.914,11.522,7.087,0,0.0192,5.76
7,546,10.92,close,0.03359,0.03357,-0.00119,0.03771,0.00225,-7.94,1.23,0.3095,0.0705,2.961,12.751,0.0,0,0.0022,4.74
0,547,10.94,close,0.03458,0.03457,0.00085,0.03358,0.0015,-10.76,0.02,0.3069,0.0748,2.489,14.06,0.0,0,0.001,2.15
1,547,10.94,close,0.05852,0.05201,-0.02681,0.0439,0.0015,-1.2,1.19,0.3124,0.0602,4.618,13.527,6.812,0,0.0106,9.02
2,547,10.94,close,0.06362,0.06085,-0.01856,0.05242,0.0015,-13.2,0.54,0.3074,0.067,3.014,13.247,9.384,0,0.0002,0.49
3,547,10.94,close,0.06833,0.06226,-0.02814,0.05371,0.0015,-10.27,0.23,0.3004,0.076,3.564,12.044,9.24,0,0.0026,4.94
4,547,10.94,close,0.05734,0.05538,-0.01486,0.04822,0.0015,-9.44,1.02,0.308,0.0692,2.881,12.731,7.05,0,0.0065,5.93
5,547,10.94,close,0.05662,0.05329,-0.01912,0.04647,0.0015,-7.69,0.8,0.3069,0.0661,3.709,12.268,0.0,0,0.0047,3.67
6,547,10.94,close,0.05125,0.04149,-0.03009,0.03634,0.0015,5.48,2.51,0.3134,0.0608,4.963,12.414,7.615,0,0.02,6.46
7,547,10.94,close,0.03338,0.03335,-0.00153,0.03737,0.0015,-7.67,1.43,0.3097,0.0704,2.967,13.734,0.0,0,0.0025,5.2
0,548,10.96,close,0.03449,0.03439,0.00257,0.03417,0.00075,-10.15,1.02,0.3072,0.0747,2.479,13.737,0.0,0,0.0013,2.63
1,548,10.96,close,0.05721,0.05099,-0.02593,0.04255,0.00075,-0.15,1.24,0.3127,0.0603,4.654,13.726,2.461,0,0.012,10.17
2,548,10.96,close,0.06378,0.06082,-0.01921,0.05265,0.00075,-13.25,0.09,0.3077,0.0663,2.969,12.127,0.0,0,0.0,0.08
3,548,10.96,close,0.06875,0.06255,-0.02852,0.05396,0.00075,-10.18,0.33,0.3006,0.0756,3.624,12.165,5.195,0,0.0027,5.67
4,548,10.96,close,0.05638,0.05451,-0.0144,0.04744,0.00075,-8.57,1.53,0.3083,0.0689,2.925,12.872,7.16,0,0.0076,6.79
5,548,10.96,close,0.05661,0.05322,-0.0193,0.04654,0.00075,-8.0,0.08,0.3071,0.0657,3.7,12.776,7.966,0,0.0041,3.31
6,548,10.96,close,0.05015,0.04024,-0.02993,0.03495,0.00075,6.75,2.51,0.3137,0.061,4.999,12.485,5.62,0,0.0219,7.54
7,548,10.96,close,0.0331,0.03308,-0.00122,0.0376,0.00075,-7.21,2.06,0.31,0.0703,2.971,13.73,0.0,0,0.0027,5.66
0,549,10.98,lift,0.03402,0.03383,0.00368,0.03467,0.0,-9.65,2.06,0.3074,0.0745,2.465,12.959,0.0,0,0.0016,3.39
1,549,10.98,lift,0.05745,0.05097,-0.02652,0.0426,0.0,-0.29,0.72,0.3129,0.0603,4.658,13.933,5.399,0,0.0117,9.97
2,549,10.98,lift,0.06183,0.05965,-0.01625,0.05133,0.0,-12.16,0.18,0.308,0.0657,2.956,13.088,0.0,0,0.0015,1.43
3,549,10.98,lift,0.06973,0.06314,-0.02958,0.05469,0.0,-10.84,0.14,0.3009,0.0752,3.652,12.868,6.305,0,0.002,3.38
4,549,10.98,lift,0.05526,0.05355,-0.01366,0.04661,0.0,-7.72,1.96,0.3086,0.0686,2.962,12.819,7.122,0,0.0087,7.81
5,549,10.98,lift,0.05493,0.052,-0.01771,0.04549,0.0,-7.15,0.75,0.3075,0.0655,3.71,13.59,9.269,0,0.0053,3.81
6,549,10.98,lift,0.04883,0.03856,-0.02995,0.03373,0.0,7.86,2.86,0.3141,0.0612,5.036,12.92,6.792,0,0.0236,8.58
7,549,10.98,lift,0.03292,0.03291,-0.00071,0.03785,0.0,-6.84,2.19,0.3102,0.0704,2.975,13.837,0.0,0,0.0029,5.98
0,550,11.0,lift,0.03418,0.03322,0.00804,0.03637,0.0,-8.85,2.55,0.3076,0.0744,2.49,13.993,0.0,0,0.0034,4.4
1,550,11.0,lift,0.05761,0.05154,-0.02575,0.04334,0.0,-0.37,0.74,0.3132,0.0602,4.631,13.803,5.889,0,0.0116,9.92
2,550,11.0,lift,0.06105,0.05954,-0.01347,0.05172,0.0,-11.78,0.13,0.3083,0.0651,2.951,12.937,11.282,0,0.0018,1.29
3,550,11.0,lift,0.07084,0.06459,-0.02908,0.05588,0.0,-10.61,0.05,0.3012,0.0749,3.704,13.487,5.557,0,0.0024,2.01
4,550,11.0,lift,0.05474,0.05349,-0.01162,0.04694,0.0,-6.85,2.32,0.3089,0.0684,2.999,13.102,7.639,0,0.0098,8.6
5,550,11.0,lift,0.05445,0.05211,-0.0158,0.04595,0.0,-6.81,0.78,0.3078,0.0652,3.751,13.291,9.13,0,0.0058,4.44
6,550,11.0,lift,0.0469,0.0371,-0.0287,0.03226,0.0,9.04,2.87,0.3144,0.0615,5.066,12.548,3.894,0,0.0261,9.86
7,550,11.0,lift,0.03426,0.03425,-0.00077,0.03899,0.0,-6.85,2.17,0.3105,0.0704,2.979,14.143,0.0,0,0.0029,6.03
0,551,11.02,lift,0.03578,0.03387,0.01153,0.03932,0.0,-8.6,2.03,0.3078,0.0743,2.475,13.685,0.0,0,0.0033,4.32
1,551,11.02,lift,0.05627,0.05073,-0.02435,0.04282,0.0,0.42,1.06,0.3135,0.0602,4.605,13.854,2.667,0,0.0128,10.66
2,551,11.02,lift,0.06082,0.05973,-0.0115,0.05223,0.0,-11.3,0.13,0.3085,0.0647,2.952,12.872,0.0,0,0.0025,2.09
3,551,11.02,lift,0.07149,0.06571,-0.02816,0.05681,0.0,-10.63,0.02,0.3014,0.0747,3.756,12.843,8.398,0,0.0023,2.12
4,551,11.02,lift,0.05423,0.05337,-0.00958,0.04728,0.0,-6.04,2.3,0.3092,0.0683,3.029,12.896,7.907,0,0.0107,9.4
5,551,11.02,lift,0.05337,0.05173,-0.01313,0.04614,0.0,-5.93,1.58,0.3081,0.0651,3.79,13.552,11.446,0,0.0071,5.46
6,551,11.02,lift,0.04568,0.0363,-0.02774,0.03188,0.0,9.69,3.17,0.3147,0.0618,5.075,12.562,5.913,0,0.0275,10.61
7,551,11.02,lift,0.03541,0.03539,0.00116,0.04067,0.0,-6.74,1.15,0.3107,0.0704,2.972,13.634,0.0,0,0.0028,5.87
0,552,11.04,lift,0.03863,0.03641,0.01289,0.04242,0.0,-8.94,0.99,0.308,0.0742,2.46,13.496,0.0,0,0.0016,3.39
1,552,11.04,lift,0.05452,0.04968,-0.02247,0.04205,0.0,1.29,1.23,0.3139,0.0603,4.602,13.515,0.0,0,0.0141,11.74
2,552,11.04,lift,0.06185,0.06094,-0.01059,0.0536,0.0,-11.62,0.12,0.3087,0.0641,2.93,12.991,5.676,0,0.0021,1.75
3,552,11.04,lift,0.07192,0.06668,-0.02695,0.05748,0.0,-10.53,0.14,0.3017,0.0744,3.808,13.119,5.663,0,0.0024,3.76
4,552,11.04,lift,0.05356,0.05305,-0.00737,0.04762,0.0,-5.07,2.44,0.3095,0.0683,3.054,12.993,8.175,0,0.0118,10.34
5,552,11.04,lift,0.05223,0.05124,-0.01011,0.04645,0.0,-5.04,2.19,0.3084,0.0651,3.823,13.595,9.585,0,0.0083,6.43
6,552,11.04,lift,0.04375,0.03472,-0.02662,0.03068,0.0,10.85,3.26,0.3151,0.0622,5.075,13.126,5.939,0,0.0299,11.7
7,552,11.04,lift,0.0367,0.03663,0.00216,0.04169,0.0,-6.7,0.5,0.3109,0.0705,2.974,13.702,0.0,0,0.0028,5.85
0,553,11.06,lift,0.03949,0.03757,0.01217,0.043,0.0,-9.21,0.84,0.3081,0.0738,2.443,13.307,0.0,0,0.0017,3.44
1,553,11.06,lift,0.05428,0.04988,-0.02142,0.04264,0.0,1.3,1.02,0.3142,0.0602,4.589,13.507,5.07,0,0.014,11.4
2,553,11.06,lift,0.06239,0.06165,-0.00957,0.05473,0.0,-11.54,0.1,0.3089,0.0636,2.89,12.475,6.295,0,0.0022,1.78
3,553,11.06,lift,0.07311,0.06799,-0.02687,0.05865,0.0,-11.15,0.93,0.3019,0.074,3.817,12.869,10.343,0,0.0019,3.56
4,553,11.06,lift,0.05361,0.05325,-0.00622,0.04833,0.0,-4.6,2.4,0.3099,0.0683,3.073,12.839,6.417,0,0.0124,10.89
5,553,11.06,lift,0.05191,0.05135,-0.00761,0.04728,0.0,-4.73,1.48,0.3087,0.0651,3.856,13.444,6.697,0,0.0087,7.08
6,553,11.06,lift,0.04202,0.0333,-0.02562,0.02977,0.0,11.91,3.34,0.3155,0.0626,5.08,12.515,3.96,0,0.0321,12.64
7,553,11.06,lift,0.03785,0.03772,0.00313,0.04321,0.0,-6.42,1.48,0.3111,0.0704,3.007,14.95,0.0,0,0.0029,6.18
0,554,11.08,lift,0.04072,0.0378,0.01516,0.04448,0.0,-8.58,1.43,0.3084,0.0736,2.471,13.347,0.0,0,0.003,4.22
1,554,11.08,lift,0.05305,0.04927,-0.01965,0.04228,0.0,2.17,1.13,0.3145,0.0603,4.59,13.399,0.0,0,0.0153,12.32
2,554,11.08,lift,0.0626,0.06204,-0.00836,0.05561,0.0,-11.14,0.62,0.3092,0.0632,2.859,12.448,5.345,0,0.0028,2.26
3,554,11.08,lift,0.07475,0.06959,-0.0273,0.06057,0.0,-11.62,0.6,0.3021,0.0734,3.753,13.316,10.494,0,0.0013,1.99
4,554,11.08,lift,0.05338,0.0532,-0.00441,0.04889,0.0,-3.69,2.47,0.3102,0.0684,3.087,13.069,7.412,0,0.0135,11.79
5,554,11.08,lift,0.05327,0.05276,-0.00738,0.0491,0.0,-5.63,0.12,0.3089,0.0651,3.855,13.254,8.53,0,0.0073,5.9
6,554,11.08,lift,0.04051,0.03212,-0.0247,0.02915,0.0,12.97,3.34,0.3159,0.063,5.078,12.999,5.451,0,0.0341,13.67
7,554,11.08,lift,0.03875,0.0386,0.00346,0.04441,0.0,-6.22,2.12,0.3113,0.0703,3.045,14.498,0.0,0,0.0032,6.67
0,555,11.1,lift,0.04301,0.0392,0.0177,0.04718,0.0,-8.46,1.05,0.3085,0.0734,2.462,13.713,0.0,0,0.0026,4.2
1,555,11.1,lift,0.05307,0.04961,-0.01885,0.0431,0.0,2.25,1.07,0.3148,0.0602,4.577,13.34,4.106,0,0.0153,12.33
2,555,11.1,lift,0.06278,0.06236,-0.00725,0.05645,0.0,-10.76,0.95,0.3094,0.0628,2.836,12.488,5.398,0,0.0034,2.72
3,555,11.1,lift,0.07566,0.07053,-0.02738,0.0618,0.0,-12.04,0.59,0.3025,0.0728,3.64,13.162,9.206,0,0.0008,1.1
4,555,11.1,lift,0.05374,0.05362,-0.00367,0.04976,0.0,-3.37,2.43,0.3106,0.0684,3.092,12.838,7.348,0,0.0138,12.16
5,555,11.1,lift,0.05427,0.05386,-0.00672,0.05067,0.0,-5.97,0.07,0.3091,0.065,3.847,13.481,7.636,0,0.0068,5.62
6,555,11.1,lift,0.03944,0.03159,-0.02361,0.02958,0.0,13.38,3.56,0.3162,0.0633,5.048,12.512,6.793,0,0.035,14.09
7,555,11.1,lift,0.03842,0.0379,0.00628,0.04445,0.0,-5.17,2.97,0.3115,0.0704,3.097,13.893,0.0,0,0.0054,7.95
0,556,11.12,lift,0.04452,0.04113,0.01706,0.04844,0.0,-9.07,0.69,0.3087,0.0731,2.444,13.129,0.0,0,0.0017,3.58
1,556,11.12,lift,0.05248,0.04925,-0.01812,0.04343,0.0,2.88,1.51,0.3151,0.0601,4.552,13.581,2.697,0,0.0162,13.06
2,556,11.12,lift,0.06281,0.06253,-0.00588,0.05718,0.0,-10.16,1.33,0.3097,0.0624,2.824,12.488,4.221,0,0.0043,3.45
3,556,11.12,lift,0.07633,0.07126,-0.02736,0.06292,0.0,-12.52,0.67,0.303,0.0721,3.521,12.786,4.917,0,0.0003,0.5
4,556,11.12,lift,0.05366,0.05365,-0.00117,0.05051,0.0,-2.31,2.5,0.3111,0.0685,3.104,13.113,7.103,0,0.015,13.08
5,556,11.12,lift,0.05405,0.05385,-0.00468,0.05166,0.0,-5.33,1.13,0.3094,0.065,3.86,13.36,8.991,0,0.0078,6.29
6,556,11.12,lift,0.03789,0.03044,-0.02257,0.02943,0.0,14.28,3.71,0.3166,0.0637,5.008,12.833,4.794,0,0.0368,15.04
7,556,11.12,lift,0.04036,0.03952,0.00818,0.04645,0.0,-4.91,2.62,0.3117,0.0704,3.091,14.122,0.0,0,0.0051,8.05
0,557,11.14,lift,0.0463,0.04221,0.01903,0.05006,0.0,-8.84,1.07,0.3089,0.0728,2.505,13.226,0.0,0,0.0021,3.81
1,557,11.14,lift,0.05094,0.04837,-0.01598,0.0432,0.0,3.88,1.72,0.3155,0.0601,4.54,13.036,0.0,0,0.0177,14.13
2,557,11.14,lift,0.06329,0.06308,-0.00518,0.05808,0.0,-9.84,1.45,0.3099,0.062,2.817,12.437,6.515,0,0.0047,3.88
3,557,11.14,lift,0.07667,0.07161,-0.02741,0.06353,0.0,-12.64,0.47,0.3035,0.0713,3.443,12.019,0.0,0,0.0007,1.49
4,557,11.14,lift,0.05408,0.05408,-0.00023,0.0515,0.0,-2.07,2.24,0.3115,0.0685,3.114,12.943,5.542,0,0.0152,13.31
5,557,11.14,lift,0.05361,0.05356,-0.00232,0.05279,0.0,-4.64,2.23,0.3098,0.065,3.884,13.843,8.475,0,0.0089,7.34
6,557,11.14,lift,0.03646,0.02938,-0.0216,0.02946,0.0,15.19,3.81,0.317,0.064,4.977,12.512,4.827,0,0.0387,15.95
7,557,11.14,lift,0.04312,0.04234,0.00817,0.04846,0.0,-5.43,1.33,0.3118,0.0703,3.099,14.298,0.0,0,0.0035,7.25
0,558,11.16,lift,0.04834,0.04374,0.02058,0.05216,0.0,-8.76,1.0,0.3091,0.0725,2.516,13.11,0.0,0,0.0017,3.61
1,558,11.16,lift,0.04999,0.04792,-0.01424,0.0437,0.0,4.37,1.65,0.3158,0.0601,4.512,12.948,0.0,0,0.0184,14.53
2,558,11.16,lift,0.06289,0.06286,-0.00221,0.05873,0.0,-8.73,2.03,0.3101,0.0618,2.821,12.754,5.146,0,0.0063,4.97
3,558,11.16,lift,0.07574,0.07176,-0.02422,0.06308,0.0,-11.48,0.23,0.3041,0.0705,3.424,12.26,0.0,0,0.0031,4.25
4,558,11.16,lift,0.05409,0.05408,0.00069,0.05226,0.0,-1.34,2.75,0.312,0.0685,3.116,13.065,6.394,0,0.0162,14.22
5,558,11.16,lift,0.05418,0.05418,-0.00047,0.05442,0.0,-4.61,1.82,0.3101,0.0651,3.908,13.762,3.894,0,0.0089,7.22
6,558,11.16,lift,0.03525,0.02851,-0.02074,0.02975,0.0,16.04,3.89,0.3175,0.0643,4.943,12.5,4.951,0,0.0404,16.8
7,558,11.16,lift,0.04437,0.04322,0.01005,0.04991,0.0,-4.86,1.61,0.312,0.0702,3.114,14.662,0.0,0,0.004,7.78
0,559,11.18,lift,0.04954,0.04504,0.02062,0.05326,0.0,-8.96,1.31,0.3092,0.0721,2.543,13.812,0.0,0,0.0016,3.41
1,559,11.18,lift,0.05011,0.04828,-0.01341,0.04495,0.0,4.28,1.34,0.3161,0.06,4.462,13.221,4.691,0,0.0182,14.34
2,559,11.18,lift,0.06308,0.06308,-0.00071,0.05961,0.0,-8.43,1.35,0.3104,0.0616,2.82,13.607,7.169,0,0.0066,5.02
3,559,11.18,lift,0.07662,0.07325,-0.02249,0.06455,0.0,-11.0,0.35,0.3046,0.0698,3.409,12.659,3.432,0,0.0027,4.43
4,559,11.18,lift,0.05355,0.05346,0.00319,0.05274,0.0,-0.11,2.88,0.3125,0.0687,3.126,12.943,0.0,0,0.0179,15.34
5,559,11.18,lift,0.05645,0.05644,-0.00075,0.05642,0.0,-5.68,0.12,0.3104,0.0651,3.915,12.971,7.573,0,0.0072,5.87
6,559,11.18,lift,0.03402,0.0276,-0.0199,0.03015,0.0,16.96,3.87,0.3179,0.0646,4.895,12.361,4.425,0,0.0422,17.71
7,559,11.18,lift,0.04621,0.04482,0.01126,0.05158,0.0,-4.7,1.36,0.3122,0.0702,3.117,14.874,0.0,0,0.0036,7.65
0,560,11.2,lift,0.05001,0.04584,0.02,0.05412,0.0,-9.08,0.89,0.3094,0.0717,2.502,14.214,0.0,0,0.0017,3.46
1,560,11.2,lift,0.04987,0.04828,-0.0125,0.04584,0.0,4.73,1.7,0.3164,0.0598,4.434,13.468,3.762,0,0.0188,14.78
2,560,11.2,lift,0.0641,0.0641,-0.00054,0.06089,0.0,-8.81,0.5,0.3106,0.0613,2.795,12.471,5.447,0,0.006,4.67
3,560,11.2,lift,0.07774,0.07444,-0.02242,0.06589,0.0,-11.32,0.27,0.3051,0.069,3.373,12.46,5.755,0,0.0018,1.43
4,560,11.2,lift,0.05389,0.05366,0.00502,0.05397,0.0,0.48,2.29,0.313,0.0688,3.122,13.005,7.857,0,0.0184,15.8
5,560,11.2,lift,0.05753,0.05753,-0.00043,0.0575,0.0,-5.57,0.45,0.3107,0.0651,3.926,13.17,6.0,0,0.0074,5.97
6,560,11.2,lift,0.03332,0.02727,-0.01915,0.03095,0.0,17.61,3.86,0.3183,0.0649,4.841,12.397,5.123,0,0.0435,18.33
7,560,11.2,lift,0.04747,0.04599,0.01175,0.05273,0.0,-4.56,1.7,0.3124,0.0701,3.147,14.017,0.0,0,0.0037,7.8
0,561,11.22,lift,0.0496,0.04492,0.02104,0.05548,0.0,-8.68,0.84,0.3096,0.0714,2.413,14.527,0.0,0,0.0031,3.82
1,561,11.22,lift,0.04908,0.04793,-0.01058,0.04619,0.0,5.71,1.79,0.3168,0.0598,4.425,12.754,0.0,0,0.0202,15.86
2,561,11.22,lift,0.06481,0.06481,-0.00017,0.06198,0.0,-8.66,0.67,0.3108,0.061,2.772,12.476,7.849,0,0.0062,4.73
3,561,11.22,lift,0.07871,0.07557,-0.02202,0.06705,0.0,-11.29,0.25,0.3056,0.0682,3.333,12.331,3.149,0,0.0014,2.91
4,561,11.22,lift,0.05477,0.05452,0.00518,0.05517,0.0,0.31,1.71,0.3134,0.0688,3.093,13.336,5.142,0,0.0181,15.53
5,561,11.22,lift,0.05796,0.05795,0.0008,0.05823,0.0,-4.84,1.3,0.3111,0.0651,3.953,14.152,4.586,0,0.0085,6.73
6,561,11.22,lift,0.03296,0.02739,-0.01834,0.03201,0.0,18.06,3.69,0.3186,0.0652,4.77,12.315,5.454,0,0.0444,18.73
7,561,11.22,lift,0.04885,0.04771,0.01052,0.0525,0.0,-5.26,0.08,0.3126,0.0699,3.204,13.127,0.0,0,0.004,8.35
0,562,11.24,lift,0.0509,0.04718,0.01909,0.05732,0.0,-9.19,0.12,0.3098,0.0709,2.385,14.236,0.0,0,0.0016,3.28
1,562,11.24,lift,0.04912,0.04822,-0.00935,0.04728,0.0,6.11,1.62,0.3171,0.0597,4.403,12.875,3.096,0,0.0207,16.06
2,562,11.24,lift,0.06477,0.06473,0.00211,0.06272,0.0,-7.49,1.34,0.3111,0.0609,2.78,12.649,6.267,0,0.0079,5.85
3,562,11.24,lift,0.07932,0.07634,-0.02153,0.06804,0.0,-11.11,0.7,0.306,0.0675,3.297,12.09,5.82,0,0.0017,3.38
4,562,11.24,lift,0.05576,0.05552,0.00515,0.05658,0.0,0.06,1.75,0.3139,0.0687,3.06,13.139,7.591,0,0.0177,15.45
5,562,11.24,lift,0.05907,0.05906,0.00108,0.0595,0.0,-4.84,1.5,0.3114,0.0651,3.967,14.125,5.801,0,0.0086,6.72
6,562,11.24,lift,0.03291,0.0279,-0.01745,0.03347,0.0,18.29,3.51,0.319,0.0654,4.678,12.358,6.152,0,0.0449,18.91
7,562,11.24,lift,0.04994,0.04895,0.0099,0.05307,0.0,-5.21,0.86,0.3127,0.0696,3.243,14.299,0.0,0,0.0042,8.71
0,563,11.26,lift,0.05146,0.04845,0.01736,0.05778,0.0,-9.16,0.4,0.31,0.0705,2.44,13.728,0.0,0,0.0016,3.22
1,563,11.26,lift,0.04975,0.04889,-0.0092,0.04853,0.0,6.19,1.29,0.3173,0.0596,4.355,13.406,2.091,0,0.0208,16.11
2,563,11.26,lift,0.06559,0.06554,0.00261,0.06377,0.0,-7.32,1.08,0.3113,0.0607,2.786,12.535,4.379,0,0.008,6.19
3,563,11.26,lift,0.08017,0.07733,-0.02114,0.06918,0.0,-11.08,0.86,0.3065,0.0667,3.253,12.261,5.907,0,0.0017,3.19
4,563,11.26,lift,0.05528,0.05483,0.00706,0.05668,0.0,1.2,1.84,0.3144,0.0687,3.073,12.888,0.0,0,0.0199,16.47
5,563,11.26,lift,0.06011,0.0601,0.00135,0.06076,0.0,-4.83,1.71,0.3117,0.065,3.974,13.742,7.037,0,0.0086,6.72
6,563,11.26,lift,0.03304,0.02864,-0.01648,0.03532,0.0,18.39,3.35,0.3194,0.0655,4.573,12.701,7.332,0,0.045,18.93
7,563,11.26,lift,0.05064,0.04919,0.01207,0.05359,0.0,-4.39,1.26,0.313,0.0695,3.285,14.129,0.0,0,0.0057,9.36
0,564,11.28,lift,0.05283,0.05032,0.01609,0.05736,0.0,-8.94,0.87,0.3103,0.0702,2.561,13.724,0.0,0,0.0016,3.47
1,564,11.28,lift,0.0502,0.04935,-0.00918,0.04972,0.0,6.47,1.29,0.3176,0.0594,4.311,13.581,2.741,0,0.0211,16.38
2,564,11.28,lift,0.06636,0.06629,0.00311,0.06488,0.0,-7.1,1.27,0.3116,0.0605,2.77,12.497,6.595,0,0.0084,6.42
3,564,11.28,lift,0.08132,0.07852,-0.02116,0.07047,0.0,-11.32,0.67,0.3069,0.0659,3.198,12.572,6.959,0,0.0015,2.81
4,564,11.28,lift,0.05611,0.05546,0.0085,0.05818,0.0,1.91,2.02,0.3149,0.0687,3.087,13.175,2.953,0,0.0203,17.28
5,564,11.28,lift,0.06004,0.05996,0.00308,0.06096,0.0,-3.85,2.81,0.3121,0.065,3.999,13.806,0.0,0,0.0105,8.16
6,564,11.28,lift,0.03313,0.02927,-0.01552,0.03691,0.0,18.68,3.02,0.3197,0.0656,4.48,12.318,4.188,0,0.0456,19.14
7,564,11.28,lift,0.05217,0.0504,0.01349,0.05557,0.0,-4.15,0.78,0.3132,0.0693,3.238,15.085,0.0,0,0.0055,9.5
0,565,11.3,lift,0.05428,0.05129,0.01777,0.05745,0.0,-8.21,1.58,0.3105,0.07,2.673,12.648,0.0,0,0.0031,4.35
1,565,11.3,lift,0.05025,0.04948,-0.00877,0.05043,0.0,7.2,1.36,0.3179,0.0593,4.297,13.606,1.549,0,0.0222,17.17
2,565,11.3,lift,0.06636,0.06619,0.00484,0.06559,0.0,-6.0,1.78,0.3119,0.0604,2.76,12.924,4.734,0,0.0099,7.4
3,565,11.3,lift,0.08151,0.07886,-0.0206,0.07111,0.0,-10.77,1.25,0.3074,0.0651,3.159,12.541,5.653,0,0.0023,2.96
4,565,11.3,lift,0.05626,0.05555,0.00892,0.05913,0.0,2.43,2.73,0.3153,0.0686,3.071,12.929,4.561,0,0.0211,17.88
5,565,11.3,lift,0.06169,0.06151,0.0046,0.063,0.0,-3.91,2.37,0.3123,0.065,3.996,14.039,4.147,0,0.0099,7.73
6,565,11.3,lift,0.03322,0.02971,-0.01487,0.03812,0.0,19.17,2.95,0.3201,0.0657,4.401,12.584,4.732,0,0.0466,19.73
7,565,11.3,lift,0.05313,0.05166,0.01238,0.05746,0.0,-4.52,0.24,0.3134,0.069,3.11,15.967,0.0,0,0.0048,9.99
0,566,11.32,lift,0.05605,0.0523,0.02016,0.0586,0.0,-7.65,1.22,0.3107,0.0699,2.661,13.364,0.0,0,0.0042,4.79
1,566,11.32,lift,0.05031,0.04965,-0.00808,0.05088,0.0,7.99,1.1,0.3182,0.0592,4.3,13.327,0.0,0,0.0233,17.91
2,566,11.32,lift,0.06713,0.06694,0.00511,0.06656,0.0,-5.86,1.08,0.3122,0.0602,2.742,13.771,6.161,0,0.01,7.44
3,566,11.32,lift,0.08147,0.07902,-0.01983,0.07152,0.0,-9.95,1.83,0.308,0.0643,3.147,12.466,5.826,0,0.0033,4.57
4,566,11.32,lift,0.05626,0.05538,0.00993,0.0598,0.0,3.36,2.7,0.3158,0.0685,3.056,12.768,2.392,0,0.0224,18.83
5,566,11.32,lift,0.06384,0.06373,0.00382,0.06489,0.0,-4.94,0.42,0.3126,0.065,3.952,13.65,7.375,0,0.0082,6.52
6,566,11.32,lift,0.03347,0.03031,-0.01419,0.03932,0.0,19.59,2.85,0.3205,0.0657,4.323,12.507,4.673,0,0.0474,20.11
7,566,11.32,lift,0.05362,0.05249,0.01092,0.05874,0.0,-4.42,0.39,0.3136,0.0687,3.016,14.541,0.0,0,0.0047,9.98
0,567,11.34,lift,0.05894,0.05456,0.0223,0.06147,0.0,-7.64,0.48,0.311,0.0698,2.632,12.857,0.0,0,0.0031,4.67
1,567,11.34,lift,0.05106,0.05044,-0.00794,0.05194,0.0,8.21,0.88,0.3185,0.059,4.278,13.638,4.637,0,0.0236,18.13
2,567,11.34,lift,0.06833,0.06818,0.00445,0.06774,0.0,-6.23,0.39,0.3125,0.06,2.712,12.803,3.849,0,0.0094,7.2
3,567,11.34,lift,0.08081,0.07888,-0.01755,0.07144,0.0,-8.81,2.02,0.3085,0.0636,3.154,12.951,0.0,0,0.0048,7.18
4,567,11.34,lift,0.05661,0.05565,0.01039,0.06062,0.0,3.94,2.61,0.3162,0.0685,3.039,13.147,5.107,0,0.0232,19.24
5,567,11.34,lift,0.06536,0.06532,0.00233,0.06609,0.0,-5.31,0.05,0.3128,0.0649,3.922,13.246,6.788,0,0.0077,6.07
6,567,11.34,lift,0.03393,0.0311,-0.01355,0.04106,0.0,19.86,3.37,0.3208,0.0656,4.229,12.229,4.744,0,0.0479,20.42
7,567,11.34,lift,0.05388,0.05326,0.00811,0.05879,0.0,-4.28,0.15,0.3138,0.0682,3.015,14.47,0.0,0,0.0053,11.01
0,568,11.36,lift,0.06009,0.05594,0.02195,0.0633,0.0,-7.67,1.26,0.3112,0.0696,2.567,13.006,0.0,0,0.0024,5.08
1,568,11.36,lift,0.0512,0.05055,-0.00809,0.05246,0.0,8.77,1.17,0.3187,0.0589,4.249,13.639,3.84,0,0.0248,18.77
2,568,11.36,lift,0.06914,0.06904,0.00371,0.06879,0.0,-6.24,0.72,0.3128,0.0597,2.701,12.818,6.768,0,0.0094,7.22
3,568,11.36,lift,0.08222,0.08032,-0.01756,0.07265,0.0,-8.88,1.25,0.3089,0.0629,3.126,12.129,1.962,0,0.0045,9.33
4,568,11.36,lift,0.05615,0.05498,0.01137,0.06046,0.0,5.12,2.21,0.3166,0.0685,3.037,12.902,0.0,0,0.0253,20.48
5,568,11.36,lift,0.06606,0.06604,0.00184,0.06665,0.0,-4.77,0.85,0.3131,0.0648,3.947,13.148,5.476,0,0.0085,6.83
6,568,11.36,lift,0.03447,0.03193,-0.01297,0.04295,0.0,20.19,4.01,0.321,0.0655,4.131,12.051,4.796,0,0.0486,20.85
7,568,11.36,lift,0.05512,0.05483,0.00569,0.0586,0.0,-3.89,0.35,0.314,0.0678,3.08,14.09,0.0,0,0.0054,11.32
0,569,11.38,lift,0.05963,0.05531,0.02227,0.06372,0.0,-7.01,1.75,0.3114,0.0693,2.517,13.503,0.0,0,0.004,5.82
1,569,11.38,lift,0.05066,0.05006,-0.00779,0.05194,0.0,9.79,0.7,0.319,0.0588,4.246,13.786,0.0,0,0.0268,19.61
2,569,11.38,lift,0.06877,0.0686,0.00491,0.06841,0.0,-4.81,1.31,0.3132,0.0595,2.75,12.573,0.0,0,0.0122,8.67
3,569,11.38,lift,0.08297,0.08099,-0.01801,0.07349,0.0,-8.47,1.36,0.3094,0.0622,3.072,11.916,5.358,0,0.005,9.33
4,569,11.38,lift,0.05748,0.05638,0.01122,0.06199,0.0,5.22,2.07,0.3169,0.0684,3.023,13.12,4.924,0,0.0249,20.63
5,569,11.38,lift,0.06581,0.06572,0.00335,0.06591,0.0,-3.5,1.41,0.3133,0.0648,4.014,12.923,0.0,0,0.0111,8.21
6,569,11.38,lift,0.03526,0.03293,-0.01261,0.04479,0.0,20.47,4.53,0.3212,0.0654,4.039,12.147,4.757,0,0.0491,21.27
7,569,11.38,lift,0.05542,0.0551,0.00592,0.05711,0.0,-2.41,1.84,0.3143,0.0676,3.186,13.186,0.0,0,0.008,12.95
0,570,11.4,lift,0.06136,0.05789,0.02035,0.06502,0.0,-7.42,1.34,0.3117,0.0691,2.524,14.831,0.0,0,0.0025,5.29
1,570,11.4,lift,0.05205,0.05142,-0.00805,0.05324,0.0,9.75,0.37,0.3192,0.0587,4.222,13.373,4.641,0,0.0266,19.61
2,570,11.4,lift,0.07061,0.07041,0.00533,0.07006,0.0,-4.36,1.41,0.3135,0.0594,2.772,13.704,6.079,0,0.012,8.89
3,570,11.4,lift,0.08344,0.08139,-0.01839,0.07424,0.0,-7.91,1.95,0.3098,0.0614,3.036,12.708,6.822,0,0.0056,10.76
4,570,11.4,lift,0.05704,0.05588,0.01147,0.06167,0.0,6.31,1.88,0.3173,0.0684,3.018,12.872,0.0,0,0.0269,21.68
5,570,11.4,lift,0.06857,0.06849,0.00315,0.06807,0.0,-3.87,0.88,0.3136,0.0647,4.024,13.32,4.247,0,0.0097,7.99
6,570,11.4,lift,0.03628,0.03407,-0.01247,0.04653,0.0,20.66,4.96,0.3214,0.0652,3.954,12.23,4.752,0,0.0495,21.58
7,570,11.4,lift,0.05571,0.0552,0.00753,0.05662,0.0,-1.17,2.05,0.3145,0.0676,3.153,13.805,0.0,0,0.0105,14.23
0,571,11.42,lift,0.06112,0.05726,0.02139,0.06421,0.0,-6.22,2.21,0.312,0.069,2.595,10.032,0.0,0,0.0057,6.74
1,571,11.42,lift,0.05271,0.052,-0.00859,0.05401,0.0,10.1,0.54,0.3195,0.0585,4.183,13.701,4.247,0,0.0272,20.01
2,571,11.42,lift,0.07076,0.07055,0.00543,0.07074,0.0,-3.64,2.19,0.3138,0.0592,2.747,12.659,6.106,0,0.0131,9.92
3,571,11.42,lift,0.08292,0.08098,-0.01785,0.07434,0.0,-6.73,2.89,0.3103,0.0607,3.024,12.404,5.398,0,0.0071,13.44
4,571,11.42,lift,0.05805,0.05688,0.01158,0.06293,0.0,6.82,2.12,0.3176,0.0683,3.018,13.515,6.283,0,0.0271,22.16
5,571,11.42,lift,0.06909,0.06902,0.00315,0.06896,0.0,-3.42,1.57,0.3138,0.0647,3.996,13.297,5.13,0,0.0104,8.61
6,571,11.42,lift,0.03739,0.03524,-0.01249,0.04808,0.0,20.78,5.31,0.3216,0.065,3.87,11.993,4.547,0,0.0497,21.78
7,571,11.42,lift,0.05861,0.05805,0.00806,0.05955,0.0,-0.94,2.57,0.3148,0.0674,3.099,14.044,0.0,0,0.0091,14.52
0,572,11.44,lift,0.06308,0.05916,0.02187,0.06553,0.0,-6.23,1.64,0.3123,0.069,2.611,13.189,0.0,0,0.0055,6.57
1,572,11.44,lift,0.05288,0.05212,-0.00894,0.05442,0.0,10.73,1.01,0.3198,0.0584,4.161,13.817,3.597,0,0.0284,20.71
2,572,11.44,lift,0.0699,0.06954,0.00709,0.07051,0.0,-2.32,2.28,0.3142,0.0591,2.738,12.732,0.0,0,0.0157,11.28
3,572,11.44,lift,0.08263,0.08074,-0.01757,0.07448,0.0,-5.57,3.55,0.3108,0.0602,3.026,12.005,4.399,0,0.0084,17.52
4,572,11.44,lift,0.05733,0.05603,0.01214,0.06215,0.0,8.09,1.69,0.318,0.0684,3.024,12.7,0.0,0,0.0296,23.31
5,572,11.44,lift,0.06795,0.06777,0.0049,0.06846,0.0,-2.12,2.08,0.3141,0.0647,3.981,13.702,0.0,0,0.0132,9.88
6,572,11.44,lift,0.03845,0.03631,-0.01264,0.04947,0.0,20.98,5.65,0.3217,0.0647,3.784,12.239,4.61,0,0.0501,22.1
7,572,11.44,lift,0.06015,0.05936,0.0097,0.06221,0.0,-0.31,2.49,0.315,0.0673,3.021,14.296,0.0,0,0.0084,15.14
0,573,11.46,lift,0.06508,0.06037,0.02431,0.06806,0.0,-5.42,2.43,0.3126,0.0691,2.585,13.911,0.0,0,0.0056,7.6
1,573,11.46,lift,0.05271,0.05193,-0.00905,0.05409,0.0,11.65,0.81,0.3201,0.0584,4.167,14.511,4.229,0,0.0302,21.58
2,573,11.46,lift,0.07147,0.07107,0.00753,0.07251,0.0,-2.35,1.73,0.3146,0.059,2.72,12.816,8.048,0,0.0148,11.44
3,573,11.46,lift,0.08261,0.08078,-0.01732,0.07483,0.0,-4.64,4.04,0.3112,0.0596,3.023,12.496,4.661,0,0.0095,20.18
4,573,11.46,lift,0.05919,0.05796,0.01201,0.06397,0.0,8.12,1.65,0.3183,0.0683,3.003,13.841,8.26,0,0.0288,23.32
5,573,11.46,lift,0.07005,0.06984,0.00533,0.07101,0.0,-2.36,1.34,0.3143,0.0647,3.954,13.314,10.933,0,0.0117,9.4
6,573,11.46,lift,0.04063,0.0385,-0.01297,0.0519,0.0,20.97,5.94,0.3218,0.0645,3.684,12.693,9.233,0,0.0494,22.21
7,573,11.46,lift,0.06112,0.06024,0.01031,0.06501,0.0,0.01,2.04,0.3152,0.0672,2.904,14.994,0.0,0,0.0073,15.4
0,574,11.48,lift,0.06762,0.06309,0.02432,0.07072,0.0,-5.93,0.95,0.3128,0.0691,2.496,13.971,0.0,0,0.0033,6.75
1,574,11.48,lift,0.05324,0.05248,-0.00896,0.05479,0.0,12.05,0.92,0.3204,0.0583,4.175,13.549,3.656,0,0.0309,21.9
2,574,11.48,lift,0.07156,0.07111,0.00797,0.07301,0.0,-1.35,2.05,0.3149,0.0589,2.723,12.952,5.394,0,0.0161,12.21
3,574,11.48,lift,0.08224,0.0806,-0.01637,0.07469,0.0,-3.36,3.83,0.3117,0.0592,3.015,11.585,2.616,0,0.011,21.87
4,574,11.48,lift,0.05894,0.05774,0.01182,0.06367,0.0,9.19,1.47,0.3186,0.0683,2.978,13.91,0.0,0,0.0305,24.42
5,574,11.48,lift,0.07112,0.07099,0.00436,0.07204,0.0,-2.4,1.1,0.3145,0.0646,3.925,14.322,4.839,0,0.0116,9.27
6,574,11.48,lift,0.04246,0.0402,-0.01366,0.05398,0.0,21.1,6.13,0.3219,0.0643,3.555,11.967,4.33,0,0.0493,22.39
7,574,11.48,lift,0.06151,0.06102,0.00769,0.06538,0.0,0.01,1.06,0.3154,0.0669,2.824,13.018,2.082,0,0.0082,17.3
0,575,11.5,lift,0.06729,0.06357,0.02206,0.07086,0.0,-5.96,1.04,0.313,0.0691,2.39,13.734,0.0,0,0.0035,7.22
1,575,11.5,lift,0.05401,0.05325,-0.00903,0.05569,0.0,12.33,1.1,0.3206,0.0583,4.163,13.911,3.579,0,0.0314,22.23
2,575,11.5,lift,0.07208,0.07166,0.00774,0.07374,0.0,-0.85,2.43,0.3153,0.0588,2.747,12.543,4.023,0,0.0168,12.68
3,575,11.5,lift,0.08307,0.08129,-0.01713,0.07544,0.0,-3.04,3.62,0.3122,0.0588,2.988,12.534,7.725,0,0.0113,22.48
4,575,11.5,lift,0.05922,0.058,0.01194,0.0642,0.0,10.12,1.58,0.3189,0.0684,2.967,13.703,5.59,0,0.0316,25.48
5,575,11.5,lift,0.07212,0.07206,0.00285,0.07283,0.0,-2.25,1.29,0.3148,0.0645,3.918,13.182,5.023,0,0.0118,9.51
6,575,11.5,lift,0.04493,0.04252,-0.01454,0.05688,0.0,21.05,6.28,0.3219,0.0641,3.41,12.439,4.054,0,0.0487,22.35
7,575,11.5,lift,0.06243,0.06223,0.00502,0.06587,0.0,0.72,1.68,0.3155,0.0667,2.833,14.037,0.0,0,0.0079,16.73
0,576,11.52,lift,0.06719,0.06369,0.02141,0.0712,0.0,-5.2,1.18,0.3132,0.0691,2.374,13.453,0.0,0,0.0046,8.04
1,576,11.52,lift,0.0544,0.0536,-0.00925,0.05598,0.0,12.93,1.12,0.3209,0.0583,4.154,14.046,3.241,0,0.0324,22.82
2,576,11.52,lift,0.07173,0.07121,0.00859,0.07321,0.0,0.5,2.35,0.3157,0.0588,2.79,12.594,0.0,0,0.0195,14.06
3,576,11.52,lift,0.08332,0.08144,-0.01761,0.07579,0.0,-2.12,3.83,0.3127,0.0584,2.965,12.084,5.425,0,0.0125,23.84
4,576,11.52,lift,0.05951,0.05833,0.0118,0.06489,0.0,10.71,2.03,0.3192,0.0684,2.949,13.377,3.616,0,0.0324,26.05
5,576,11.52,lift,0.07087,0.07077,0.00377,0.07123,0.0,-0.84,1.47,0.3151,0.0645,3.953,12.318,0.0,0,0.0153,11.03
6,576,11.52,lift,0.048,0.04543,-0.01549,0.06046,0.0,20.77,6.62,0.322,0.0639,3.277,12.69,4.353,0,0.0477,22.17
7,576,11.52,lift,0.06203,0.06192,0.00372,0.06361,0.0,2.25,1.81,0.3157,0.0666,2.927,13.139,0.0,0,0.0111,18.26
0,577,11.54,lift,0.06805,0.06557,0.01819,0.07129,0.0,-5.29,1.34,0.3134,0.0691,2.413,13.739,0.0,0,0.0044,8.77
1,577,11.54,lift,0.05494,0.05415,-0.00929,0.0565,0.0,13.39,1.13,0.3212,0.0583,4.146,13.865,2.989,0,0.0332,23.25
2,577,11.54,lift,0.07361,0.07314,0.00828,0.0748,0.0,0.52,2.06,0.316,0.0588,2.79,12.396,4.634,0,0.0189,14.24
3,577,11.54,lift,0.08338,0.08143,-0.01793,0.07606,0.0,-1.04,4.28,0.3132,0.058,2.958,12.325,5.701,0,0.0138,25.5
4,577,11.54,lift,0.05958,0.05842,0.01172,0.06495,0.0,11.69,1.96,0.3195,0.0685,2.951,13.284,0.0,0,0.0338,26.96
5,577,11.54,lift,0.07341,0.07333,0.00355,0.07363,0.0,-0.8,1.68,0.3153,0.0645,3.958,12.937,0.0,0,0.0141,11.11
6,577,11.54,lift,0.05108,0.04834,-0.0165,0.06388,0.0,20.43,7.03,0.3221,0.0638,3.167,12.658,4.304,0,0.0465,22.0
7,577,11.54,lift,0.06231,0.06221,0.00361,0.06224,0.0,3.65,1.87,0.3158,0.0667,2.948,13.249,0.0,0,0.0141,19.68
0,578,11.56,lift,0.06945,0.06737,0.01688,0.07164,0.0,-4.69,2.39,0.3136,0.0692,2.493,13.438,0.0,0,0.0051,9.53
1,578,11.56,lift,0.05581,0.05499,-0.00954,0.05745,0.0,13.66,1.16,0.3215,0.0583,4.122,14.386,3.952,0,0.0336,23.49
2,578,11.56,lift,0.07379,0.07335,0.00799,0.07513,0.0,1.28,2.27,0.3164,0.0588,2.76,12.58,4.977,0,0.0201,14.89
3,578,11.56,lift,0.08328,0.08131,-0.01801,0.07602,0.0,0.23,4.27,0.3137,0.0577,2.957,11.881,5.38,0,0.0154,27.31
4,578,11.56,lift,0.05968,0.05852,0.01172,0.06525,0.0,12.65,2.26,0.3198,0.0686,2.963,13.917,3.618,0,0.0351,27.91
5,578,11.56,lift,0.07392,0.07383,0.00378,0.07443,0.0,-0.02,1.72,0.3155,0.0646,3.908,13.201,5.918,0,0.0149,11.99
6,578,11.56,lift,0.05342,0.05073,-0.01674,0.06652,0.0,19.98,6.94,0.3221,0.0638,3.09,12.563,0.0,0,0.0458,21.49
7,578,11.56,lift,0.06492,0.06485,0.00307,0.06379,0.0,4.29,2.09,0.316,0.0668,2.911,13.897,0.0,0,0.014,20.33
0,579,11.58,lift,0.0704,0.06784,0.01884,0.07198,0.0,-3.54,2.85,0.3138,0.0695,2.507,13.232,0.0,0,0.0075,10.76
1,579,11.58,lift,0.05655,0.05568,-0.00984,0.05824,0.0,14.08,1.03,0.3217,0.0584,4.086,14.504,3.173,0,0.0342,23.86
2,579,11.58,lift,0.07332,0.07284,0.00844,0.07477,0.0,2.57,2.17,0.3168,0.0589,2.76,12.428,0.0,0,0.0224,16.1
3,579,11.58,lift,0.08349,0.08144,-0.01842,0.07618,0.0,1.1,4.2,0.3141,0.0574,2.95,12.33,4.542,0,0.0166,28.81
4,579,11.58,lift,0.06001,0.05886,0.0117,0.06573,0.0,13.38,2.48,0.32,0.0688,2.964,13.414,3.299,0,0.0361,28.65
5,579,11.58,lift,0.07388,0.07381,0.00319,0.07491,0.0,0.69,1.88,0.3157,0.0646,3.846,13.15,3.838,0,0.0159,12.56
6,579,11.58,lift,0.05454,0.05197,-0.01655,0.06777,0.0,19.86,6.35,0.3221,0.064,3.042,12.667,0.0,0,0.0462,21.28
7,579,11.58,lift,0.06698,0.06692,0.00289,0.06592,0.0,4.98,2.01,0.3161,0.0669,2.82,15.133,0.0,0,0.0133,21.02
0,580,11.6,lift,0.07029,0.06706,0.02106,0.07221,0.0,-2.53,2.94,0.3139,0.0698,2.42,13.37,0.0,0,0.01,11.74
1,580,11.6,lift,0.05723,0.05632,-0.01015,0.05935,0.0,14.47,1.15,0.322,0.0584,4.033,14.363,2.99,0,0.0348,24.22
2,580,11.6,lift,0.07423,0.0738,0.00806,0.07578,0.0,2.89,2.22,0.3171,0.0589,2.748,12.343,4.013,0,0.0225,16.39
3,580,11.6,lift,0.08349,0.0813,-0.01903,0.07624,0.0,2.15,4.49,0.3146,0.0571,2.937,12.497,5.504,0,0.0182,30.7
4,580,11.6,lift,0.06073,0.05958,0.01177,0.06633,0.0,14.12,2.3,0.3203,0.0691,2.967,12.809,5.02,0,0.0369,29.46
5,580,11.6,lift,0.07372,0.07369,0.00227,0.0752,0.0,1.47,2.03,0.316,0.0647,3.812,13.017,0.0,0,0.0173,13.6
6,580,11.6,lift,0.05525,0.05278,-0.01635,0.06818,0.0,19.68,5.0,0.322,0.0642,2.99,12.149,0.0,0,0.0469,20.67
7,580,11.6,lift,0.06954,0.06951,0.00205,0.06989,0.0,5.05,2.17,0.3163,0.067,2.692,15.683,0.0,0,0.01,21.1
0,581,11.62,lift,0.07279,0.06971,0.02094,0.0757,0.0,-3.23,2.29,0.314,0.07,2.284,14.027,0.0,0,0.0067,10.93
1,581,11.62,lift,0.05842,0.05741,-0.01083,0.06122,0.0,14.63,1.05,0.3222,0.0585,3.951,14.637,3.832,0,0.0348,24.35
2,581,11.62,lift,0.07429,0.07392,0.00746,0.07604,0.0,3.62,2.49,0.3175,0.059,2.729,12.644,4.444,0,0.0237,17.17
3,581,11.62,lift,0.08312,0.08085,-0.01928,0.07585,0.0,3.5,4.47,0.3151,0.0568,2.938,11.902,4.366,0,0.0201,33.09
4,581,11.62,lift,0.06153,0.06046,0.0114,0.0672,0.0,14.45,2.48,0.3205,0.0693,2.949,13.065,3.659,0,0.0372,29.87
5,581,11.62,lift,0.07345,0.07344,0.0013,0.07478,0.0,2.46,1.75,0.3162,0.0648,3.832,12.805,0.0,0,0.0191,14.77
6,581,11.62,lift,0.058,0.05555,-0.01667,0.07029,0.0,18.56,3.37,0.3218,0.0644,2.916,12.197,0.0,0,0.0452,19.17
7,581,11.62,lift,0.06963,0.06963,0.00044,0.07063,0.0,5.29,1.13,0.3165,0.0671,2.565,13.077,0.0,0,0.0106,22.57
0,582,11.64,lift,0.07368,0.07137,0.01829,0.07702,0.0,-3.43,1.54,0.3141,0.07,2.175,15.199,0.0,0,0.0052,10.69
1,582,11.64,lift,0.0598,0.05863,-0.01176,0.06348,0.0,14.82,0.89,0.3224,0.0586,3.867,14.504,4.21,0,0.0349,24.5
2,582,11.64,lift,0.07394,0.07357,0.00735,0.07563,0.0,4.84,2.29,0.3179,0.0591,2.737,12.583,0.0,0,0.0259,18.31
3,582,11.64,lift,0.08307,0.08073,-0.01958,0.07577,0.0,4.58,4.39,0.3155,0.0565,2.943,12.286,5.198,0,0.0217,35.02
4,582,11.64,lift,0.06224,0.06131,0.01072,0.06783,0.0,14.89,2.44,0.3207,0.0695,2.926,13.098,3.24,0,0.0376,30.32
5,582,11.64,lift,0.07486,0.07486,-0.00064,0.07542,0.0,2.87,1.6,0.3164,0.0648,3.881,12.98,1.331,0,0.0193,14.96
6,582,11.64,lift,0.06127,0.05864,-0.01778,0.07256,0.0,17.34,1.91,0.3216,0.0647,2.863,12.558,0.0,0,0.0429,17.72
7,582,11.64,lift,0.0702,0.07014,-0.00308,0.07132,0.0,5.51,0.75,0.3166,0.0672,2.493,13.109,0.995,0,0.0108,23.14
0,583,11.66,lift,0.07333,0.07191,0.01432,0.07675,0.0,-3.3,1.43,0.3141,0.07,2.111,14.947,0.0,0,0.0053,10.84
1,583,11.66,lift,0.06157,0.06022,-0.01281,0.06609,0.0,14.89,0.9,0.3226,0.0588,3.809,14.117,3.814,0,0.0347,24.58
2,583,11.66,lift,0.07451,0.07416,0.00715,0.07632,0.0,5.53,2.44,0.3182,0.0593,2.743,12.657,5.747,0,0.0267,19.23
3,583,11.66,lift,0.08297,0.08052,-0.02001,0.07566,0.0,5.78,4.45,0.3159,0.0563,2.95,12.199,5.247,0,0.0234,37.22
4,583,11.66,lift,0.06349,0.0627,0.00997,0.0689,0.0,15.31,2.46,0.3209,0.0698,2.914,13.417,5.397,0,0.0375,30.73
5,583,11.66,lift,0.07486,0.07485,-0.00101,0.07489,0.0,3.92,2.09,0.3166,0.065,3.926,12.329,0.0,0,0.0215,16.29
6,583,11.66,lift,0.06257,0.05966,-0.01887,0.0722,0.0,16.63,0.48,0.3214,0.065,2.876,12.31,0.0,0,0.0419,16.88
7,583,11.66,lift,0.07153,0.07122,-0.00663,0.07195,0.0,6.01,0.68,0.3166,0.0673,2.509,12.003,5.097,0,0.0112,24.04
0,584,11.68,lift,0.07356,0.0728,0.01055,0.07711,0.0,-2.91,1.83,0.3141,0.07,2.072,14.147,0.0,0,0.0054,11.28
1,584,11.68,lift,0.06345,0.06192,-0.01384,0.06843,0.0,14.91,0.91,0.3227,0.0591,3.779,14.279,3.775,0,0.0344,24.6
2,584,11.68,lift,0.07442,0.07408,0.0071,0.07613,0.0,6.77,2.32,0.3185,0.0596,2.752,13.03,0.0,0,0.0287,20.31
3,584,11.68,lift,0.08292,0.08037,-0.0204,0.07556,0.0,6.98,4.43,0.3163,0.0561,2.966,12.062,5.279,0,0.0251,39.39
4,584,11.68,lift,0.06425,0.06358,0.00926,0.06947,0.0,15.95,2.33,0.3211,0.0701,2.896,13.709,4.015,0,0.0381,31.35
5,584,11.68,lift,0.0755,0.07549,-0.00086,0.07519,0.0,4.69,1.74,0.3167,0.0652,3.9,12.672,0.0,0,0.0226,17.33
6,584,11.68,lift,0.06156,0.05856,-0.01898,0.06907,0.0,16.51,0.67,0.3212,0.0655,2.923,12.176,0.0,0,0.0424,16.67
7,584,11.68,lift,0.07304,0.0726,-0.00799,0.07267,0.0,6.64,0.85,0.3166,0.0676,2.586,12.8,0.0,0,0.0111,23.34
0,585,11.7,lift,0.07259,0.07199,0.00928,0.07569,0.0,-1.48,2.05,0.3141,0.0702,2.118,13.533,0.0,0,0.0081,12.69
1,585,11.7,lift,0.06504,0.06337,-0.01463,0.07019,0.0,14.67,0.66,0.3228,0.0595,3.767,14.759,0.0,0,0.0343,24.31
2,585,11.7,lift,0.07458,0.07427,0.0068,0.07653,0.0,7.61,2.77,0.3188,0.0598,2.753,12.577,5.532,0,0.0299,21.25
3,585,11.7,lift,0.08319,0.08051,-0.02094,0.07568,0.0,7.98,4.27,0.3167,0.056,2.979,11.893,4.241,0,0.0265,41.21
4,585,11.7,lift,0.06506,0.06449,0.00857,0.07048,0.0,16.46,2.55,0.3212,0.0704,2.854,13.169,4.836,0,0.0384,31.9
5,585,11.7,lift,0.0767,0.07667,-0.00195,0.0764,0.0,4.85,1.06,0.3169,0.0653,3.798,13.068,0.0,0,0.0223,17.38
6,585,11.7,lift,0.06068,0.05776,-0.0186,0.06602,0.0,16.38,1.66,0.3209,0.066,2.921,12.613,0.0,0,0.043,16.4
7,585,11.7,lift,0.07495,0.0744,-0.00903,0.07334,0.0,7.29,0.39,0.3166,0.068,2.605,12.4,0.0,0,0.0114,24.01
0,586,11.72,lift,0.07308,0.07269,0.00752,0.07412,0.0,-0.04,1.94,0.3141,0.0705,2.222,12.93,0.0,0,0.0107,14.05
1,586,11.72,lift,0.06563,0.06391,-0.0149,0.07083,0.0,14.63,0.05,0.3227,0.0601,3.764,14.786,0.0,0,0.0352,24.24
2,586,11.72,lift,0.07451,0.07421,0.0067,0.07667,0.0,8.54,2.94,0.319,0.0601,2.744,12.617,5.263,0,0.0314,22.2
3,586,11.72,lift,0.08379,0.08095,-0.02162,0.07615,0.0,8.79,4.23,0.317,0.0558,2.981,12.296,5.253,0,0.0276,42.56
4,586,11.72,lift,0.06587,0.06543,0.00758,0.0717,0.0,16.86,2.59,0.3213,0.0707,2.774,13.431,2.94,0,0.0386,32.23
5,586,11.72,lift,0.07767,0.07753,-0.00465,0.07727,0.0,4.89,0.3,0.317,0.0653,3.689,12.868,3.522,0,0.0223,17.4
6,586,11.72,lift,0.06163,0.05881,-0.01844,0.0655,0.0,15.8,2.76,0.3208,0.0665,2.832,13.617,0.0,0,0.0425,16.04
7,586,11.72,lift,0.07636,0.07564,-0.01044,0.07463,0.0,7.4,0.4,0.3165,0.0683,2.503,11.704,0.0,0,0.0115,24.64
0,587,11.74,lift,0.07435,0.07394,0.00771,0.07413,0.0,1.39,2.14,0.3141,0.0709,2.216,13.999,0.0,0,0.013,15.51
1,587,11.74,lift,0.06732,0.06548,-0.01566,0.07208,0.0,13.94,1.56,0.3226,0.0609,3.721,14.791,0.0,0,0.035,23.5
2,587,11.74,lift,0.07429,0.074,0.00662,0.07672,0.0,9.5,3.21,0.3193,0.0605,2.742,12.597,5.091,0,0.0331,23.19
3,587,11.74,lift,0.08425,0.08128,-0.02218,0.07638,0.0,9.7,3.91,0.3174,0.0557,2.985,11.857,4.931,0,0.0289,44.27
4,587,11.74,lift,0.0677,0.06741,0.00624,0.07431,0.0,16.85,2.8,0.3214,0.0711,2.662,13.643,1.952,0,0.0376,32.26
5,587,11.74,lift,0.07724,0.07694,-0.00682,0.07711,0.0,6.06,0.59,0.3173,0.0653,3.659,12.655,0.0,0,0.0242,18.59
6,587,11.74,lift,0.06573,0.06275,-0.01958,0.06909,0.0,14.35,3.66,0.3206,0.0669,2.697,14.536,0.0,0,0.0394,14.78
7,587,11.74,lift,0.0776,0.07651,-0.01294,0.07608,0.0,7.33,0.21,0.3164,0.0685,2.351,13.42,3.588,0,0.0118,25.55
0,588,11.76,lift,0.0767,0.07621,0.00867,0.07593,0.0,2.3,2.1,0.3142,0.0713,2.163,13.288,0.0,0,0.0134,16.39
1,588,11.76,lift,0.07168,0.06935,-0.01816,0.07605,0.0,12.59,2.62,0.3224,0.0616,3.646,15.269,0.0,0,0.0326,22.17
2,588,11.76,lift,0.07416,0.07387,0.00656,0.07677,0.0,10.45,3.31,0.3196,0.0608,2.749,12.531,4.956,0,0.0348,24.17
3,588,11.76,lift,0.08496,0.08184,-0.0228,0.07694,0.0,10.46,3.84,0.3177,0.0556,2.99,11.957,4.648,0,0.0298,45.48
4,588,11.76,lift,0.06977,0.06963,0.00446,0.07734,0.0,16.72,3.3,0.3215,0.0714,2.556,12.919,2.057,0,0.0366,32.21
5,588,11.76,lift,0.07719,0.07677,-0.00802,0.07672,0.0,7.42,1.19,0.3175,0.0654,3.738,12.418,0.0,0,0.0263,20.03
6,588,11.76,lift,0.06961,0.06654,-0.02046,0.07322,0.0,13.12,4.01,0.3205,0.0674,2.631,13.871,0.0,0,0.0368,13.65
7,588,11.76,lift,0.07857,0.077,-0.01565,0.07778,0.0,7.11,0.02,0.3165,0.0685,2.195,13.021,1.59,0,0.0118,25.43
0,589,11.78,lift,0.07817,0.07756,0.00972,0.07742,0.0,3.36,1.79,0.3142,0.0717,2.08,13.874,0.0,0,0.0138,17.41
1,589,11.78,lift,0.07454,0.07187,-0.01977,0.07875,0.0,11.61,2.78,0.322,0.0625,3.654,14.187,0.0,0,0.0312,21.5
2,589,11.78,lift,0.07415,0.07388,0.00639,0.07687,0.0,11.33,3.43,0.3199,0.0612,2.763,12.607,4.711,0,0.0363,25.02
3,589,11.78,lift,0.08587,0.08261,-0.02342,0.07759,0.0,11.1,3.53,0.3179,0.0554,2.991,11.988,6.122,0,0.0305,46.45
4,589,11.78,lift,0.07229,0.07225,0.00221,0.0804,0.0,16.45,3.58,0.3215,0.0718,2.479,13.199,0.0,0,0.0353,31.92
5,589,11.78,lift,0.07786,0.07742,-0.00831,0.07679,0.0,8.38,1.45,0.3177,0.0656,3.811,14.215,6.277,0,0.0277,20.89
6,589,11.78,lift,0.0728,0.06967,-0.02111,0.07641,0.0,12.05,3.7,0.3205,0.0679,2.658,13.939,0.0,0,0.0344,12.62
7,589,11.78,lift,0.07975,0.07782,-0.01743,0.08037,0.0,7.41,0.28,0.3165,0.0686,2.086,12.848,4.641,0,0.012,25.9
0,590,11.8,lift,0.0826,0.08213,0.00875,0.08248,0.0,2.58,1.35,0.3143,0.0719,1.948,13.375,0.0,0,0.0084,16.58
1,590,11.8,lift,0.07443,0.0717,-0.01996,0.07804,0.0,11.41,2.45,0.3216,0.0635,3.731,14.346,0.0,0,0.032,21.38
2,590,11.8,lift,0.0745,0.07424,0.00616,0.07728,0.0,12.12,3.51,0.3202,0.0616,2.776,12.667,5.106,0,0.0373,25.72
3,590,11.8,lift,0.08707,0.08364,-0.02419,0.07863,0.0,11.71,3.47,0.3182,0.0553,2.99,11.774,3.874,0,0.031,47.08
4,590,11.8,lift,0.07582,0.07582,5e-05,0.0839,0.0,15.74,3.51,0.3215,0.0723,2.429,13.217,4.195,0,0.0329,31.2
5,590,11.8,lift,0.07691,0.0765,-0.00794,0.07533,0.0,9.93,1.34,0.3179,0.0659,3.834,13.144,0.0,0,0.0309,22.35
6,590,11.8,lift,0.07402,0.07096,-0.02106,0.07711,0.0,11.56,3.13,0.3206,0.0686,2.731,13.737,0.0,0,0.0336,11.73
7,590,11.8,lift,0.08121,0.07901,-0.01876,0.08229,0.0,7.5,0.14,0.3164,0.0687,2.05,12.34,0.0,0,0.0119,25.65
0,591,11.82,lift,0.08285,0.08262,0.0062,0.08289,0.0,2.92,0.84,0.3143,0.0721,1.828,13.485,0.0,0,0.0088,18.45
1,591,11.82,lift,0.07325,0.0705,-0.01989,0.07534,0.0,11.5,2.65,0.3212,0.0646,3.775,14.567,0.0,0,0.0337,21.58
2,591,11.82,lift,0.07499,0.07477,0.00571,0.07764,0.0,12.72,3.38,0.3204,0.0621,2.776,12.624,4.83,0,0.0383,26.22
3,591,11.82,lift,0.08751,0.08394,-0.02474,0.07878,0.0,12.73,3.09,0.3184,0.0552,3.008,11.058,3.806,0,0.0324,49.16
4,591,11.82,lift,0.07779,0.07778,-0.00127,0.08559,0.0,15.19,2.89,0.3214,0.0729,2.4,13.019,0.0,0,0.0321,30.59
5,591,11.82,lift,0.07746,0.07709,-0.00754,0.07612,0.0,10.75,1.67,0.318,0.0663,3.809,14.221,4.29,0,0.0318,23.06
6,591,11.82,lift,0.07448,0.07159,-0.02053,0.07678,0.0,11.31,2.66,0.3209,0.0694,2.777,12.952,0.0,0,0.0334,11.39
7,591,11.82,lift,0.08174,0.07933,-0.01969,0.08223,0.0,7.25,1.07,0.3163,0.0689,2.02,12.944,0.0,0,0.0129,25.61
0,592,11.84,lift,0.08206,0.08199,0.0034,0.0827,0.0,3.94,1.21,0.3144,0.0723,1.76,13.365,0.0,0,0.0099,19.49
1,592,11.84,lift,0.07247,0.06963,-0.0201,0.07296,0.0,11.58,3.02,0.3208,0.0658,3.746,14.46,0.0,0,0.0354,21.68
2,592,11.84,lift,0.07568,0.07551,0.00514,0.0781,0.0,13.2,3.07,0.3206,0.0625,2.764,12.613,4.822,0,0.039,26.73
3,592,11.84,lift,0.08881,0.08511,-0.02538,0.07979,0.0,13.15,2.74,0.3186,0.0551,3.019,11.803,7.229,0,0.0326,49.41
4,592,11.84,lift,0.07987,0.07984,-0.00212,0.08728,0.0,14.34,1.74,0.3212,0.0736,2.369,13.038,0.0,0,0.0313,29.85
5,592,11.84,lift,0.07741,0.07704,-0.00751,0.07669,0.0,11.4,2.07,0.3182,0.0665,3.744,13.224,4.12,0,0.0329,23.74
6,592,11.84,lift,0.07602,0.07323,-0.02039,0.07773,0.0,10.72,2.81,0.3213,0.0703,2.739,13.925,0.0,0,0.0325,10.79
7,592,11.84,lift,0.08269,0.07985,-0.0215,0.08241,0.0,6.76,2.04,0.316,0.0691,1.964,13.388,1.107,0,0.0136,25.16
0,593,11.86,lift,0.08271,0.0827,0.00124,0.08361,0.0,5.15,2.11,0.3145,0.0725,1.816,13.367,0.0,0,0.0105,20.78
1,593,11.86,lift,0.07216,0.06923,-0.02033,0.07158,0.0,11.47,3.98,0.3203,0.0669,3.66,14.631,0.0,0,0.037,21.71
2,593,11.86,lift,0.07661,0.07649,0.00439,0.07885,0.0,13.59,2.83,0.3208,0.0629,2.75,12.735,4.526,0,0.0393,27.12
3,593,11.86,lift,0.09039,0.08646,-0.02634,0.08094,0.0,13.54,2.29,0.3188,0.055,3.015,11.295,2.919,0,0.033,49.91
4,593,11.86,lift,0.08235,0.08227,-0.00365,0.08923,0.0,13.33,0.15,0.321,0.0743,2.305,12.647,0.0,0,0.0303,28.88
5,593,11.86,lift,0.07688,0.07653,-0.00739,0.07659,0.0,12.5,2.0,0.3185,0.0668,3.708,13.64,3.121,0,0.0348,24.76
6,593,11.86,lift,0.0794,0.07655,-0.02109,0.08128,0.0,9.57,3.2,0.3218,0.0712,2.644,13.84,0.0,0,0.0301,9.8
7,593,11.86,lift,0.08334,0.08013,-0.02291,0.08247,0.0,6.18,3.39,0.3157,0.0695,1.902,13.563,0.134,0,0.0146,24.7
0,594,11.88,lift,0.08368,0.08367,0.00125,0.08394,0.0,6.63,1.86,0.3145,0.073,1.905,12.892,0.0,0,0.012,22.24
1,594,11.88,lift,0.07546,0.07189,-0.02292,0.07454,0.0,10.38,4.31,0.3199,0.0678,3.527,15.776,0.0,0,0.0353,20.74
2,594,11.88,lift,0.0773,0.07723,0.00337,0.07943,0.0,14.05,2.7,0.321,0.0632,2.731,12.741,4.463,0,0.0399,27.5
3,594,11.88,lift,0.09221,0.08805,-0.02739,0.08203,0.0,13.81,1.22,0.319,0.0548,3.011,11.228,0.0,0,0.033,49.64
4,594,11.88,lift,0.08614,0.08594,-0.00579,0.0925,0.0,11.86,1.24,0.3207,0.075,2.251,12.187,0.0,0,0.028,27.39
5,594,11.88,lift,0.07747,0.07709,-0.00767,0.07746,0.0,12.87,1.72,0.3187,0.0671,3.686,13.401,3.768,0,0.0353,25.23
6,594,11.88,lift,0.0834,0.08047,-0.02191,0.08604,0.0,8.36,3.84,0.3222,0.0721,2.567,13.948,0.0,0,0.0278,8.84
7,594,11.88,lift,0.08581,0.08194,-0.02547,0.08474,0.0,5.1,3.56,0.3154,0.0698,1.837,13.282,0.186,0,0.0138,23.65
0,595,11.9,lift,0.08693,0.08692,0.0013,0.08714,0.0,7.1,2.78,0.3146,0.0735,1.928,14.186,0.0,0,0.0105,22.52
1,595,11.9,lift,0.07735,0.07333,-0.02462,0.07677,0.0,9.77,4.05,0.3195,0.0686,3.48,14.554,0.0,0,0.035,20.08
2,595,11.9,lift,0.07809,0.07805,0.00233,0.08019,0.0,14.5,2.54,0.3212,0.0636,2.706,12.795,3.416,0,0.0403,28.0
3,595,11.9,lift,0.09415,0.08965,-0.02876,0.08367,0.0,14.02,1.01,0.3191,0.0547,2.993,13.367,0.0,0,0.0327,49.2
4,595,11.9,lift,0.08804,0.08767,-0.00803,0.09349,0.0,11.11,2.42,0.3204,0.0758,2.254,12.793,0.0,0,0.0275,26.75
5,595,11.9,lift,0.07764,0.07717,-0.00852,0.07759,0.0,13.78,1.79,0.3189,0.0673,3.703,13.548,3.362,0,0.0368,26.17
6,595,11.9,lift,0.08876,0.08548,-0.02391,0.09205,0.0,6.99,3.92,0.3227,0.0731,2.546,13.185,0.0,0,0.0244,7.61
7,595,11.9,lift,0.08579,0.08159,-0.02651,0.08479,0.0,4.79,3.53,0.3151,0.0702,1.822,12.968,0.135,0,0.0153,23.35
0,596,11.92,lift,0.08733,0.0873,0.00218,0.08797,0.0,8.05,2.97,0.3146,0.074,1.889,12.877,0.0,0,0.0116,23.51
1,596,11.92,lift,0.07813,0.07381,-0.02564,0.0774,0.0,9.38,3.69,0.3191,0.0694,3.516,14.02,0.0,0,0.0355,19.61
2,596,11.92,lift,0.07881,0.0788,0.00114,0.08104,0.0,14.92,2.42,0.3214,0.0639,2.664,12.846,4.162,0,0.0407,28.39
3,596,11.92,lift,0.09579,0.091,-0.02991,0.08528,0.0,14.37,1.05,0.3192,0.0545,2.972,11.609,2.766,0,0.0324,48.76
4,596,11.92,lift,0.08816,0.08766,-0.00933,0.09244,0.0,10.84,2.99,0.32,0.0767,2.306,13.223,0.0,0,0.0282,26.45
5,596,11.92,lift,0.07746,0.07695,-0.00891,0.07686,0.0,15.12,1.57,0.3192,0.0677,3.759,12.579,3.462,0,0.0391,27.45
6,596,11.92,lift,0.09122,0.0875,-0.02577,0.09454,0.0,6.73,3.38,0.3231,0.0741,2.617,13.811,0.0,0,0.0238,7.64
7,596,11.92,lift,0.08525,0.08087,-0.02699,0.08367,0.0,4.35,3.9,0.3147,0.0707,1.837,13.143,0.791,0,0.0171,22.95
0,597,11.94,lift,0.08832,0.08831,0.00154,0.0892,0.0,8.2,2.54,0.3146,0.0745,1.774,11.766,0.0,0,0.0114,24.36
1,597,11.94,lift,0.07878,0.07419,-0.02652,0.07698,0.0,8.85,4.1,0.3188,0.0703,3.548,14.03,0.0,0,0.0361,19.17
2,597,11.94,lift,0.07964,0.07964,-0.00019,0.08224,0.0,15.28,2.29,0.3215,0.0642,2.6,12.872,4.661,0,0.0408,28.77
3,597,11.94,lift,0.09768,0.09245,-0.03154,0.08691,0.0,14.64,0.8,0.3193,0.0544,2.941,11.496,2.808,0,0.0319,47.96
4,597,11.94,lift,0.08676,0.08624,-0.00948,0.08985,0.0,11.01,2.89,0.3196,0.0776,2.346,13.491,0.0,0,0.0301,26.64
5,597,11.94,lift,0.07778,0.07724,-0.00922,0.07731,0.0,15.98,2.1,0.3194,0.0681,3.793,13.308,3.059,0,0.0404,28.4
6,597,11.94,lift,0.09055,0.08633,-0.02731,0.0932,0.0,7.55,2.04,0.3235,0.0753,2.724,13.437,0.0,0,0.0254,7.84
7,597,11.94,lift,0.08493,0.08021,-0.02792,0.08215,0.0,3.8,4.3,0.3143,0.0713,1.832,13.463,0.118,0,0.0186,22.48
0,598,11.96,lift,0.08922,0.08922,-0.00097,0.08999,0.0,7.73,1.56,0.3147,0.0748,1.619,13.445,0.0,0,0.0115,24.7
1,598,11.96,lift,0.08001,0.07489,-0.02816,0.07699,0.0,8.32,4.13,0.3186,0.0711,3.535,14.902,0.0,0,0.0363,18.52
2,598,11.96,lift,0.08096,0.08094,-0.00174,0.08395,0.0,15.36,1.95,0.3216,0.0645,2.514,12.879,6.207,0,0.0404,28.79
3,598,11.96,lift,0.10065,0.0948,-0.03383,0.08947,0.0,14.47,0.09,0.3194,0.0542,2.887,11.129,5.158,0,0.0301,45.35
4,598,11.96,lift,0.08434,0.08383,-0.00925,0.08655,0.0,11.72,2.59,0.3191,0.0785,2.317,13.501,0.0,0,0.0336,27.59
5,598,11.96,lift,0.07812,0.07756,-0.00938,0.07791,0.0,16.76,2.38,0.3195,0.0685,3.789,13.351,3.844,0,0.0415,29.17
6,598,11.96,lift,0.08754,0.0834,-0.0266,0.08964,0.0,8.92,0.97,0.3238,0.0766,2.759,14.215,0.0,0,0.0292,8.95
7,598,11.96,lift,0.08429,0.07919,-0.02887,0.08011,0.0,3.39,4.7,0.314,0.0719,1.809,13.433,0.628,0,0.0207,22.15
0,599,11.98,lift,0.09006,0.08995,-0.0045,0.09062,0.0,6.93,0.78,0.3147,0.075,1.453,13.671,0.0,0,0.013,28.07
1,599,11.98,lift,0.08003,0.07453,-0.02915,0.0763,0.0,8.19,3.96,0.3184,0.072,3.497,14.969,0.0,0,0.0377,18.4
2,599,11.98,lift,0.08308,0.083,-0.00353,0.08646,0.0,15.21,1.36,0.3216,0.0648,2.418,13.012,6.935,0,0.0392,28.54
3,599,11.98,lift,0.10393,0.09726,-0.03661,0.09239,0.0,14.21,0.57,0.3193,0.054,2.817,11.067,0.0,0,0.028,42.35
4,599,11.98,lift,0.0829,0.08244,-0.00867,0.08497,0.0,11.96,2.8,0.3188,0.0794,2.209,14.454,0.0,0,0.0362,27.71
5,599,11.98,lift,0.07844,0.07783,-0.00976,0.07867,0.0,17.48,2.58,0.3197,0.0689,3.746,13.445,3.819,0,0.0425,29.91
6,599,11.98,lift,0.08445,0.08081,-0.02451,0.08631,0.0,9.97,0.37,0.3241,0.0779,2.736,13.672,0.0,0,0.0329,9.84
7,599,11.98,lift,0.08371,0.0781,-0.03014,0.07812,0.0,3.07,5.07,0.3136,0.0725,1.762,14.336,0.161,0,0.023,21.9
0,600,12.0,lift,0.09136,0.09091,-0.00899,0.09131,0.0,6.18,0.42,0.3147,0.075,1.283,13.729,0.0,0,0.0145,31.86
1,600,12.0,lift,0.07939,0.07367,-0.02958,0.0754,0.0,8.08,4.22,0.3183,0.0728,3.433,15.101,0.0,0,0.0398,18.31
2,600,12.0,lift,0.08574,0.08556,-0.00555,0.08968,0.0,14.82,1.07,0.3216,0.0651,2.338,12.708,3.675,0,0.0376,28.25
3,600,12.0,lift,0.10775,0.10006,-0.03996,0.09586,0.0,13.7,1.13,0.3192,0.0537,2.742,11.607,0.0,0,0.0253,38.79
4,600,12.0,lift,0.0836,0.08308,-0.00924,0.08613,0.0,11.43,3.2,0.3185,0.0801,2.074,14.958,0.0,0,0.0369,27.08
5,600,12.0,lift,0.07903,0.07835,-0.01038,0.0799,0.0,18.08,2.57,0.3198,0.0693,3.673,13.29,3.932,0,0.043,30.48
6,600,12.0,lift,0.08325,0.08006,-0.02283,0.08497,0.0,10.22,0.96,0.3243,0.0791,2.662,13.643,0.0,0,0.0349,10.16
7,600,12.0,lift,0.084,0.07768,-0.03198,0.07716,0.0,2.45,5.49,0.3132,0.0729,1.693,14.445,0.178,0,0.0246,21.4
0,601,12.02,lift,0.09257,0.09178,-0.01214,0.09309,0.0,6.03,0.32,0.3147,0.075,1.142,12.899,0.0,0,0.0147,32.29
1,601,12.02,lift,0.07931,0.07322,-0.03047,0.07563,0.0,7.83,4.19,0.318,0.0735,3.35,15.043,0.0,0,0.0414,18.14
2,601,12.02,lift,0.08858,0.08826,-0.00749,0.09286,0.0,14.28,0.9,0.3215,0.0654,2.301,12.409,3.888,0,0.0359,27.73
3,601,12.02,lift,0.11246,0.10369,-0.04353,0.10057,0.0,12.89,1.11,0.3191,0.0535,2.682,11.571,2.558,0,0.0217,34.08
4,601,12.02,lift,0.08579,0.08514,-0.01052,0.08905,0.0,10.32,3.1,0.3182,0.0807,1.999,13.534,0.0,0,0.0361,26.05
5,601,12.02,lift,0.08015,0.07933,-0.0114,0.08178,0.0,18.35,2.46,0.3199,0.0697,3.577,13.346,4.106,0,0.043,30.75
6,601,12.02,lift,0.08586,0.08269,-0.02313,0.0877,0.0,9.18,2.19,0.3245,0.0802,2.539,14.372,0.0,0,0.0335,9.33
7,601,12.02,lift,0.0836,0.0765,-0.03371,0.07585,0.0,2.24,5.67,0.3128,0.0732,1.638,14.481,0.408,0,0.0271,21.24
0,602,12.04,lift,0.09393,0.09288,-0.01401,0.09488,0.0,5.99,0.16,0.3146,0.075,1.057,12.464,0.0,0,0.0147,32.41
1,602,12.04,lift,0.07875,0.07243,-0.03092,0.07568,0.0,7.62,4.18,0.3178,0.0742,3.294,14.957,0.0,0,0.0434,17.87
2,602,12.04,lift,0.09062,0.09026,-0.00801,0.09445,0.0,13.45,0.56,0.3214,0.0658,2.297,12.358,0.0,0,0.0351,27.12
3,602,12.04,lift,0.1183,0.10813,-0.04799,0.1059,0.0,11.88,1.65,0.3188,0.0532,2.651,12.054,1.475,0,0.0177,29.2
4,602,12.04,lift,0.08628,0.08554,-0.01131,0.08988,0.0,9.76,2.88,0.318,0.0814,2.02,13.953,0.0,0,0.037,25.53
5,602,12.04,lift,0.08202,0.081,-0.01286,0.08427,0.0,18.36,2.01,0.3199,0.07,3.474,13.127,4.782,0,0.0424,30.73
6,602,12.04,lift,0.08912,0.0856,-0.0248,0.09134,0.0,8.49,3.44,0.3246,0.0811,2.436,14.574,0.0,0,0.0326,8.92
7,602,12.04,lift,0.08268,0.07482,-0.0352,0.07405,0.0,2.32,5.64,0.3125,0.0735,1.618,14.43,0.478,0,0.0302,21.32
0,603,12.06,lift,0.09421,0.09312,-0.01431,0.09504,0.0,5.75,0.86,0.3145,0.0751,1.007,13.219,0.0,0,0.0157,32.12
1,603,12.06,lift,0.0778,0.07126,-0.03122,0.0752,0.0,7.52,4.02,0.3174,0.0748,3.268,14.359,0.0,0,0.0458,17.76
2,603,12.06,lift,0.09286,0.09244,-0.0088,0.09609,0.0,12.41,1.83,0.3211,0.0663,2.276,12.884,0.0,0,0.0338,26.05
3,603,12.06,lift,0.12385,0.11225,-0.05231,0.11113,0.0,11.19,1.44,0.3185,0.0531,2.663,12.511,2.674,0,0.0145,25.4
4,603,12.06,lift,0.08551,0.08468,-0.01185,0.08882,0.0,9.46,2.26,0.318,0.0821,2.086,14.087,0.0,0,0.0386,25.12
5,603,12.06,lift,0.08428,0.08299,-0.01469,0.08707,0.0,18.24,1.59,0.3199,0.0704,3.384,13.061,3.858,0,0.0416,30.53
6,603,12.06,lift,0.09235,0.08822,-0.02731,0.09472,0.0,8.03,3.74,0.3246,0.082,2.433,13.672,0.0,0,0.0318,8.57
7,603,12.06,lift,0.08133,0.07273,-0.03639,0.07163,0.0,2.56,5.57,0.3121,0.0738,1.613,14.24,0.398,0,0.0339,21.54
0,604,12.08,lift,0.09442,0.09331,-0.01439,0.09559,0.0,5.37,1.37,0.3143,0.0753,0.948,13.437,0.0,0,0.0166,31.74
1,604,12.08,lift,0.07622,0.06955,-0.03118,0.07361,0.0,7.48,4.27,0.3171,0.0755,3.256,14.561,0.0,0,0.0488,17.76
2,604,12.08,lift,0.0954,0.09488,-0.01,0.0982,0.0,11.27,2.84,0.3208,0.0669,2.236,13.141,0.0,0,0.0323,24.96
3,604,12.08,lift,0.12829,0.11577,-0.05528,0.11499,0.0,10.15,1.74,0.3181,0.0531,2.705,11.697,0.0,0,0.0124,22.88
4,604,12.08,lift,0.08191,0.08113,-0.01131,0.0849,0.0,10.21,1.71,0.318,0.0829,2.107,13.375,0.0,0,0.0432,25.74
5,604,12.08,lift,0.08708,0.0855,-0.0165,0.09012,0.0,17.84,1.24,0.3199,0.0707,3.331,13.422,4.57,0,0.0402,30.13
6,604,12.08,lift,0.09343,0.0884,-0.03026,0.09531,0.0,8.52,2.99,0.3244,0.083,2.488,13.756,0.0,0,0.0327,8.81
7,604,12.08,lift,0.08019,0.07081,-0.03764,0.06931,0.0,2.69,5.6,0.3118,0.074,1.595,14.16,0.324,0,0.0376,21.66
0,605,12.1,lift,0.09406,0.09302,-0.01395,0.09577,0.0,5.01,2.2,0.3142,0.0754,0.887,13.877,0.0,0,0.0183,31.43
1,605,12.1,lift,0.07514,0.06806,-0.03183,0.07216,0.0,7.46,4.05,0.3167,0.0761,3.236,14.758,0.0,0,0.0514,17.76
2,605,12.1,lift,0.09798,0.09731,-0.0114,0.10048,0.0,10.13,3.57,0.3205,0.0675,2.203,13.163,0.0,0,0.0308,23.92
3,605,12.1,lift,0.13245,0.11876,-0.05866,0.11849,0.0,8.8,2.25,0.3175,0.0532,2.7,12.786,0.0,0,0.0107,20.93
4,605,12.1,lift,0.07797,0.07734,-0.00991,0.08089,0.0,10.81,1.18,0.3182,0.0837,2.078,13.613,0.0,0,0.0481,26.4
5,605,12.1,lift,0.08883,0.08716,-0.01714,0.09173,0.0,17.31,0.25,0.3197,0.0712,3.323,13.379,0.0,0,0.0398,29.58
6,605,12.1,lift,0.09123,0.08595,-0.03058,0.09272,0.0,9.66,1.34,0.3241,0.084,2.55,14.061,0.0,0,0.0359,9.65
7,605,12.1,lift,0.07912,0.06885,-0.03898,0.06718,0.0,2.72,5.72,0.3115,0.0741,1.553,14.33,0.279,0,0.0413,21.72
0,606,12.12,lift,0.09589,0.09483,-0.01419,0.09825,0.0,3.84,2.64,0.3139,0.0756,0.824,12.765,0.0,0,0.0175,30.31
1,606,12.12,lift,0.07193,0.06461,-0.03162,0.06851,0.0,8.15,3.51,0.3162,0.0767,3.221,14.543,0.0,0,0.056,18.4
2,606,12.12,lift,0.09929,0.09854,-0.01224,0.10156,0.0,9.4,3.93,0.3201,0.0682,2.203,12.842,0.0,0,0.0306,23.42
3,606,12.12,lift,0.13545,0.12003,-0.06276,0.12046,0.0,7.62,2.98,0.317,0.0533,2.679,11.56,0.0,0,0.0106,20.86
4,606,12.12,lift,0.07443,0.07386,-0.00919,0.07767,0.0,11.42,1.37,0.3184,0.0845,1.983,15.592,0.0,0,0.053,27.0
5,606,12.12,lift,0.08936,0.08766,-0.0173,0.09188,0.0,17.13,1.12,0.3195,0.0718,3.311,13.633,0.0,0,0.0406,29.33
6,606,12.12,lift,0.08683,0.08154,-0.02984,0.0875,0.0,11.45,0.93,0.3237,0.0851,2.521,13.425,0.0,0,0.0415,11.46
7,606,12.12,lift,0.07745,0.06616,-0.04027,0.0646,0.0,2.91,5.8,0.3112,0.0742,1.509,14.505,0.237,0,0.0457,21.92
0,607,12.14,lift,0.09659,0.09554,-0.01421,0.09945,0.0,3.07,3.19,0.3137,0.0758,0.787,13.135,0.0,0,0.0182,29.58
1,607,12.14,lift,0.06914,0.06165,-0.03132,0.06487,0.0,8.45,3.97,0.3158,0.0772,3.175,14.783,0.0,0,0.0603,18.77
2,607,12.14,lift,0.09903,0.09824,-0.01247,0.10085,0.0,9.19,4.18,0.3197,0.069,2.222,12.956,0.0,0,0.0319,23.1
3,607,12.14,lift,0.13875,0.12126,-0.06744,0.12276,0.0,6.23,3.7,0.3164,0.0536,2.652,11.384,0.0,0,0.0104,20.66
4,607,12.14,lift,0.07312,0.07247,-0.00969,0.07711,0.0,11.18,2.38,0.3185,0.0851,1.847,14.376,0.0,0,0.0561,26.63
5,607,12.14,lift,0.09229,0.09047,-0.01824,0.09444,0.0,15.86,2.56,0.3192,0.0724,3.246,13.527,0.0,0,0.0389,28.26
6,607,12.14,lift,0.0825,0.07786,-0.02729,0.08323,0.0,12.86,0.1,0.3234,0.0861,2.455,13.278,0.0,0,0.0466,12.89
7,607,12.14,lift,0.07571,0.06328,-0.04156,0.0621,0.0,2.97,5.94,0.3109,0.0743,1.473,14.348,0.285,0,0.0501,22.02
0,608,12.16,lift,0.09626,0.09526,-0.01382,0.09938,0.0,2.56,3.42,0.3135,0.0761,0.79,13.1,0.0,0,0.0197,29.11
1,608,12.16,lift,0.06728,0.0593,-0.03179,0.06251,0.0,8.53,3.97,0.3153,0.0776,3.087,15.088,0.0,0,0.0639,18.91
2,608,12.16,lift,0.09928,0.09844,-0.01288,0.10039,0.0,8.68,4.27,0.3193,0.0698,2.222,13.325,0.0,0,0.0325,22.77
3,608,12.16,lift,0.1422,0.12232,-0.07253,0.12531,0.0,4.85,4.01,0.3159,0.0539,2.631,11.471,0.0,0,0.0104,20.68
4,608,12.16,lift,0.07253,0.07165,-0.01125,0.07738,0.0,10.91,3.17,0.3186,0.0856,1.76,13.733,0.0,0,0.0591,26.74
5,608,12.16,lift,0.09596,0.09391,-0.01977,0.098,0.0,14.47,3.54,0.3189,0.073,3.178,13.365,0.0,0,0.0365,27.06
6,608,12.16,lift,0.0795,0.07559,-0.02463,0.08008,0.0,13.46,0.36,0.3231,0.087,2.434,13.385,0.0,0,0.05,13.4
7,608,12.16,lift,0.07334,0.05966,-0.04266,0.05896,0.0,3.25,6.0,0.3104,0.0743,1.456,14.112,0.336,0,0.0552,22.3
0,609,12.18,lift,0.09467,0.09377,-0.01301,0.09755,0.0,2.27,3.69,0.3132,0.0765,0.81,13.037,0.0,0,0.0221,28.84
1,609,12.18,lift,0.06513,0.05673,-0.03199,0.06029,0.0,8.55,4.22,0.3148,0.0779,2.995,15.117,0.0,0,0.0676,18.69
2,609,12.18,lift,0.09843,0.09756,-0.01306,0.09889,0.0,8.63,4.33,0.3189,0.0706,2.198,13.145,0.0,0,0.0344,22.66
3,609,12.18,lift,0.14622,0.12377,-0.07786,0.12838,0.0,3.4,4.29,0.3153,0.0543,2.625,11.502,0.0,0,0.0104,20.7
4,609,12.18,lift,0.06975,0.06829,-0.01422,0.07468,0.0,11.84,3.3,0.3185,0.0861,1.758,13.896,0.0,0,0.0645,27.81
5,609,12.18,lift,0.0984,0.09611,-0.02111,0.10013,0.0,13.57,3.99,0.3185,0.0736,3.185,13.299,0.0,0,0.0353,26.27
6,609,12.18,lift,0.07731,0.07379,-0.02306,0.07717,0.0,14.02,0.19,0.3228,0.0877,2.394,13.31,0.0,0,0.0531,13.94
7,609,12.18,lift,0.07119,0.05608,-0.04385,0.05591,0.0,3.38,6.12,0.31,0.0743,1.454,14.148,0.317,0,0.0605,22.46
0,610,12.2,lift,0.09282,0.09199,-0.01237,0.09503,0.0,1.98,3.81,0.3129,0.0769,0.812,13.301,0.0,0,0.0244,28.56
1,610,12.2,lift,0.06319,0.05422,-0.03244,0.05843,0.0,8.52,4.13,0.3142,0.0781,2.927,14.636,0.0,0,0.0714,18.75
2,610,12.2,lift,0.09742,0.09654,-0.01305,0.09748,0.0,8.59,4.48,0.3185,0.0714,2.148,13.599,0.0,0,0.0366,22.56
3,610,12.2,lift,0.15102,0.1258,-0.08356,0.13219,0.0,1.91,4.57,0.3147,0.0548,2.623,11.53,0.0,0,0.0103,20.69
4,610,12.2,lift,0.06533,0.06349,-0.01537,0.07013,0.0,12.7,2.55,0.3184,0.0867,1.804,13.638,0.0,0,0.0704,28.63
5,610,12.2,lift,0.09841,0.09609,-0.02126,0.09954,0.0,13.46,3.82,0.3181,0.0744,3.251,13.108,0.0,0,0.0361,26.17
6,610,12.2,lift,0.0762,0.07289,-0.02223,0.07566,0.0,14.25,0.88,0.3225,0.0884,2.263,14.448,0.0,0,0.0554,14.05
7,610,12.2,lift,0.06919,0.05249,-0.04508,0.053,0.0,3.4,6.28,0.3095,0.0742,1.454,14.267,0.34,0,0.0657,22.52
0,611,12.22,lift,0.09001,0.08926,-0.01162,0.09153,0.0,2.05,3.87,0.3127,0.0774,0.783,13.525,0.0,0,0.028,28.64
1,611,12.22,lift,0.06008,0.05068,-0.03227,0.05507,0.0,8.68,4.47,0.3136,0.0783,2.889,14.862,0.0,0,0.0762,18.95
2,611,12.22,lift,0.09732,0.09639,-0.01344,0.09717,0.0,8.11,4.89,0.3182,0.0721,2.071,13.618,0.0,0,0.0378,22.19
3,611,12.22,lift,0.15642,0.12804,-0.08985,0.13665,0.0,0.46,4.86,0.3142,0.0553,2.61,11.73,0.0,0,0.0105,21.62
4,611,12.22,lift,0.05838,0.05627,-0.01555,0.06273,0.0,14.21,1.87,0.3181,0.0872,1.8,13.095,0.0,0,0.0785,30.21
5,611,12.22,lift,0.09777,0.09551,-0.02088,0.09803,0.0,13.53,3.35,0.3177,0.0752,3.285,13.38,0.0,0,0.0374,26.23
6,611,12.22,lift,0.07659,0.07333,-0.02211,0.07644,0.0,13.98,2.71,0.3221,0.089,2.092,15.051,0.0,0,0.0563,14.2
7,611,12.22,lift,0.06708,0.04842,-0.04642,0.04985,0.0,3.53,6.46,0.3089,0.0742,1.459,14.317,0.0,0,0.0715,22.67
0,612,12.24,lift,0.08785,0.08709,-0.01158,0.08872,0.0,1.88,4.16,0.3126,0.0777,0.705,13.985,0.0,0,0.0311,28.52
1,612,12.24,lift,0.05774,0.04753,-0.03278,0.05196,0.0,8.84,4.14,0.313,0.0785,2.863,15.014,0.0,0,0.0805,19.06
2,612,12.24,lift,0.0982,0.09712,-0.01451,0.09807,0.0,7.27,5.22,0.3179,0.0727,1.993,13.857,0.0,0,0.0379,21.44
3,612,12.24,lift,0.16146,0.12954,-0.09638,0.14083,0.0,-0.83,5.09,0.3136,0.0558,2.581,12.093,0.0,0,0.0115,25.03
4,612,12.24,lift,0.05026,0.04801,-0.01487,0.05441,0.0,15.9,1.83,0.3178,0.0877,1.727,13.197,0.0,0,0.0881,31.95
5,612,12.24,lift,0.09684,0.09477,-0.0199,0.09646,0.0,13.73,3.1,0.3173,0.076,3.248,13.725,0.0,0,0.0391,26.34
6,612,12.24,lift,0.0802,0.07669,-0.02347,0.08084,0.0,12.78,3.37,0.3217,0.0894,2.001,14.273,0.0,0,0.0541,13.1
7,612,12.24,lift,0.06538,0.04442,-0.04797,0.04726,0.0,3.37,6.74,0.3084,0.0741,1.462,14.351,0.4,0,0.0771,22.62
0,613,12.26,lift,0.08653,0.08563,-0.01244,0.08701,0.0,1.42,4.65,0.3125,0.0779,0.595,14.207,0.0,0,0.0336,28.13
1,613,12.26,lift,0.05395,0.04292,-0.03269,0.04671,0.0,9.57,3.9,0.3124,0.0786,2.848,14.702,0.0,0,0.0867,19.59
2,613,12.26,lift,0.09866,0.09746,-0.01538,0.09875,0.0,6.57,5.24,0.3177,0.0733,1.954,13.767,0.0,0,0.0386,20.77
3,613,12.26,lift,0.1656,0.12983,-0.10279,0.14416,0.0,-2.1,5.43,0.3131,0.0563,2.526,12.306,0.0,0,0.0134,31.72
4,613,12.26,lift,0.04207,0.04004,-0.01292,0.0468,0.0,17.15,1.51,0.3175,0.0881,1.676,13.714,0.0,0,0.0974,33.21
5,613,12.26,lift,0.09743,0.09543,-0.0196,0.09688,0.0,13.4,3.07,0.317,0.0767,3.145,14.567,0.0,0,0.0395,25.94
6,613,12.26,lift,0.08218,0.07787,-0.02627,0.08312,0.0,13.05,3.34,0.3212,0.0898,1.983,13.873,0.0,0,0.0548,13.36
7,613,12.26,lift,0.06328,0.03959,-0.04937,0.04434,0.0,3.36,7.1,0.3078,0.074,1.474,14.315,0.393,0,0.0834,22.7
0,614,12.28,lift,0.08534,0.08423,-0.01369,0.08572,0.0,0.97,5.09,0.3124,0.078,0.507,13.339,0.0,0,0.0362,27.75
1,614,12.28,lift,0.05135,0.03924,-0.03312,0.04201,0.0,9.96,3.72,0.3118,0.0786,2.811,14.692,0.0,0,0.0923,20.06
2,614,12.28,lift,0.09789,0.09665,-0.01552,0.09817,0.0,6.19,5.01,0.3176,0.0739,1.95,13.311,0.0,0,0.0404,20.4
3,614,12.28,lift,0.16809,0.12911,-0.10763,0.14602,0.0,-3.55,5.93,0.3126,0.0567,2.463,13.328,0.0,0,0.016,41.47
4,614,12.28,lift,0.03495,0.03297,-0.0116,0.03961,0.0,17.87,1.54,0.317,0.0883,1.637,14.22,0.0,0,0.1056,33.85
5,614,12.28,lift,0.09869,0.09672,-0.01963,0.09867,0.0,12.85,3.05,0.3167,0.0773,3.026,14.777,0.0,0,0.0392,25.3
6,614,12.28,lift,0.08137,0.07661,-0.0274,0.08252,0.0,14.06,2.16,0.3207,0.0903,2.018,14.196,0.0,0,0.0577,14.34
7,614,12.28,lift,0.06207,0.03535,-0.05102,0.04254,0.0,3.05,7.56,0.3071,0.0739,1.497,14.381,0.0,0,0.089,22.52
0,615,12.3,lift,0.08346,0.08213,-0.01485,0.08372,0.0,0.82,5.21,0.3124,0.0781,0.478,13.551,0.0,0,0.0395,27.62
1,615,12.3,lift,0.0488,0.03558,-0.0334,0.03738,0.0,10.13,4.28,0.3112,0.0787,2.74,15.285,0.0,0,0.098,20.28
2,615,12.3,lift,0.0963,0.09506,-0.01543,0.09657,0.0,5.98,4.83,0.3175,0.0746,1.937,12.955,0.0,0,0.043,20.18
3,615,12.3,lift,0.16539,0.12473,-0.10861,0.14272,0.0,-3.87,6.33,0.312,0.0571,2.388,11.828,0.0,0,0.0229,56.18
4,615,12.3,lift,0.02951,0.02725,-0.01132,0.03451,0.0,18.15,1.54,0.3165,0.0883,1.525,14.104,0.0,0,0.1125,34.06
5,615,12.3,lift,0.10015,0.09823,-0.01953,0.10107,0.0,12.22,2.81,0.3165,0.0778,2.962,13.821,0.0,0,0.0388,24.6
6,615,12.3,lift,0.07762,0.07279,-0.02694,0.07842,0.0,15.76,1.0,0.3201,0.0908,2.068,13.541,0.0,0,0.063,15.87
7,615,12.3,lift,0.06211,0.03245,-0.05296,0.04252,0.0,2.44,7.82,0.3065,0.0737,1.523,14.515,0.716,0,0.0926,22.04
0,616,12.32,lift,0.08054,0.079,-0.01565,0.08021,0.0,1.05,5.02,0.3123,0.0782,0.503,13.644,0.0,0,0.0437,27.81
1,616,12.32,lift,0.04748,0.03285,-0.03429,0.03472,0.0,9.77,4.86,0.3105,0.0786,2.648,15.176,0.0,0,0.1024,20.11
2,616,12.32,lift,0.09407,0.09279,-0.01543,0.09426,0.0,5.97,4.75,0.3175,0.0752,1.895,13.12,0.0,0,0.0464,20.13
3,616,12.32,lift,0.16174,0.11894,-0.10961,0.13838,0.0,-4.14,6.73,0.3114,0.0575,2.315,11.222,0.0,0,0.0323,75.04
4,616,12.32,lift,0.02511,0.02283,-0.01044,0.03287,0.0,17.97,2.0,0.3159,0.0883,1.367,14.998,0.0,0,0.1186,33.75
5,616,12.32,lift,0.10248,0.10055,-0.01982,0.10403,0.0,11.18,2.54,0.3165,0.0783,2.947,13.97,0.0,0,0.0375,23.7
6,616,12.32,lift,0.07284,0.06836,-0.02517,0.07315,0.0,17.44,0.3,0.3195,0.0914,2.044,13.018,0.0,0,0.0689,17.54
7,616,12.32,lift,0.06279,0.03086,-0.05469,0.04369,0.0,1.66,7.71,0.3058,0.0735,1.558,14.564,0.749,0,0.0943,21.28
0,617,12.34,lift,0.07677,0.07505,-0.01616,0.07516,0.0,1.59,4.64,0.3121,0.0784,0.543,13.54,0.0,0,0.0489,28.28
1,617,12.34,lift,0.04627,0.03,-0.03523,0.03259,0.0,9.28,5.49,0.3099,0.0784,2.578,15.37,0.0,0,0.1065,19.81
2,617,12.34,lift,0.09138,0.09004,-0.01557,0.09168,0.0,6.16,4.66,0.3175,0.0759,1.83,13.043,0.0,0,0.0505,20.24
3,617,12.34,lift,0.15847,0.11282,-0.11129,0.13438,0.0,-4.73,7.17,0.3108,0.0577,2.252,11.633,0.0,0,0.0432,97.09
4,617,12.34,lift,0.02444,0.02234,-0.0099,0.03509,0.0,16.96,2.95,0.3152,0.0881,1.223,14.586,0.0,0,0.1216,32.78
5,617,12.34,lift,0.10346,0.10155,-0.0198,0.10508,0.0,10.58,2.66,0.3166,0.0789,2.981,13.563,0.0,0,0.0375,22.96
6,617,12.34,lift,0.06933,0.06552,-0.02265,0.06899,0.0,18.23,0.26,0.319,0.0918,2.02,13.435,0.0,0,0.0731,18.38
7,617,12.34,lift,0.06339,0.02986,-0.05591,0.04509,0.0,0.88,7.41,0.3051,0.0733,1.609,14.499,0.674,0,0.0951,20.44
0,618,12.36,lift,0.07299,0.07107,-0.01664,0.06963,0.0,2.25,4.17,0.312,0.0786,0.553,13.407,0.0,0,0.0548,28.86
1,618,12.36,lift,0.04596,0.02817,-0.03631,0.0314,0.0,8.79,5.73,0.3092,0.0782,2.548,14.921,0.0,0,0.1098,19.42
2,618,12.36,lift,0.08851,0.08707,-0.01587,0.08918,0.0,6.46,4.39,0.3175,0.0765,1.763,13.543,0.0,0,0.0548,20.49
3,618,12.36,lift,0.15447,0.1057,-0.11263,0.12966,0.0,-5.03,7.35,0.3102,0.058,2.197,11.766,0.0,0,0.0516,116.44
4,618,12.36,lift,0.02582,0.02405,-0.00941,0.03823,0.0,15.62,3.32,0.3146,0.0879,1.137,13.251,0.0,0,0.1226,31.52
5,618,12.36,lift,0.10563,0.1036,-0.02059,0.10701,0.0,9.5,2.32,0.3169,0.0795,3.003,14.06,0.0,0,0.036,22.0
6,618,12.36,lift,0.06703,0.06372,-0.02082,0.0659,0.0,18.7,0.06,0.3185,0.0922,1.942,13.572,0.0,0,0.0765,18.87
7,618,12.36,lift,0.06353,0.02892,-0.05657,0.04615,0.0,0.19,7.07,0.3044,0.0731,1.682,14.377,0.619,0,0.096,19.68
0,619,12.38,lift,0.06996,0.06774,-0.01749,0.06495,0.0,2.7,3.75,0.3117,0.0787,0.507,13.435,0.0,0,0.0603,29.23
1,619,12.38,lift,0.04609,0.02698,-0.03736,0.03015,0.0,8.63,5.55,0.3085,0.078,2.551,14.893,0.0,0,0.1132,19.22
2,619,12.38,lift,0.08581,0.08415,-0.01677,0.08694,0.0,6.94,3.49,0.3174,0.0771,1.722,13.878,0.0,0,0.0591,20.78
3,619,12.38,lift,0.15102,0.09899,-0.11405,0.12553,0.0,-5.41,7.37,0.3096,0.0582,2.158,11.12,0.0,0,0.0599,127.33
4,619,12.38,lift,0.02462,0.02267,-0.0096,0.03703,0.0,14.96,3.69,0.3139,0.0876,1.128,14.589,0.0,0,0.1251,31.04
5,619,12.38,lift,0.106,0.10394,-0.02078,0.10719,0.0,9.18,1.63,0.3173,0.0803,3.031,13.914,0.0,0,0.0365,21.75
6,619,12.38,lift,0.06725,0.06427,-0.01978,0.06598,0.0,18.06,1.29,0.3179,0.0923,1.788,14.462,0.0,0,0.0768,17.97
7,619,12.38,lift,0.06365,0.02822,-0.05705,0.0471,0.0,-0.45,6.67,0.3038,0.0729,1.772,14.276,0.594,0,0.0969,18.94
0,620,12.4,lift,0.06641,0.06376,-0.01858,0.06025,0.0,3.16,3.49,0.3114,0.0787,0.429,13.777,0.0,0,0.0664,29.67
1,620,12.4,lift,0.04596,0.02603,-0.03787,0.02782,0.0,9.09,5.04,0.3078,0.0778,2.58,14.973,0.0,0,0.1182,19.52
2,620,12.4,lift,0.08049,0.07868,-0.01694,0.08202,0.0,8.49,1.88,0.3173,0.0777,1.736,13.188,0.0,0,0.0661,22.0
3,620,12.4,lift,0.14797,0.09219,-0.11574,0.12191,0.0,-6.2,7.43,0.309,0.0584,2.121,10.842,0.0,0,0.0673,138.54
4,620,12.4,lift,0.02011,0.01777,-0.00942,0.03154,0.0,15.07,2.77,0.3133,0.0874,1.161,13.851,0.0,0,0.1291,31.15
5,620,12.4,lift,0.10396,0.10205,-0.01985,0.10506,0.0,9.77,1.3,0.3177,0.0811,3.036,13.341,0.0,0,0.0397,22.17
6,620,12.4,lift,0.06869,0.0659,-0.01939,0.06838,0.0,17.04,2.54,0.3174,0.0924,1.618,14.076,0.0,0,0.0759,17.07
7,620,12.4,lift,0.06344,0.02753,-0.05715,0.04744,0.0,-1.0,6.27,0.3032,0.0727,1.887,13.938,0.404,0,0.0983,18.29
0,621,12.42,lift,0.06176,0.05856,-0.01962,0.05511,0.0,3.57,3.49,0.3111,0.0787,0.347,13.476,0.0,0,0.073,30.08
1,621,12.42,lift,0.0459,0.02566,-0.03806,0.02547,0.0,9.83,4.57,0.3071,0.0776,2.588,15.484,0.0,0,0.1245,20.01
2,621,12.42,lift,0.07302,0.07125,-0.01598,0.07453,0.0,10.44,1.36,0.3171,0.0783,1.717,13.841,0.0,0,0.0755,23.85
3,621,12.42,lift,0.14533,0.0855,-0.11752,0.11885,0.0,-7.11,7.47,0.3084,0.0585,2.11,9.602,0.0,0,0.0744,150.28
4,621,12.42,lift,0.0147,0.01259,-0.00759,0.02729,0.0,15.71,1.41,0.3127,0.0872,1.094,14.015,0.0,0,0.1347,31.76
5,621,12.42,lift,0.10272,0.10099,-0.0188,0.1039,0.0,9.78,1.37,0.3182,0.0819,2.991,13.385,0.0,0,0.0419,22.23
6,621,12.42,lift,0.06954,0.06663,-0.01992,0.06998,0.0,16.8,3.57,0.3169,0.0925,1.543,13.662,0.0,0,0.0766,17.02
7,621,12.42,lift,0.06305,0.0269,-0.05702,0.04712,0.0,-1.57,5.94,0.3026,0.0725,2.021,13.856,0.265,0,0.1,17.64
0,622,12.44,lift,0.0568,0.05288,-0.02073,0.05016,0.0,3.73,3.64,0.3106,0.0786,0.294,13.385,0.0,0,0.0795,30.25
1,622,12.44,lift,0.04593,0.02535,-0.0383,0.02421,0.0,10.0,4.86,0.3064,0.0774,2.546,15.724,0.0,0,0.13,20.17
2,622,12.44,lift,0.06686,0.0652,-0.01481,0.06826,0.0,11.57,1.39,0.3169,0.0789,1.659,13.386,0.0,0,0.0832,24.92
3,622,12.44,lift,0.14421,0.08023,-0.11982,0.11763,0.0,-8.63,7.39,0.3078,0.0587,2.124,10.336,0.0,0,0.0794,161.35
4,622,12.44,lift,0.00956,0.00826,-0.00481,0.02562,0.0,16.18,0.71,0.3121,0.0869,0.981,13.987,0.0,0,0.1405,32.07
5,622,12.44,lift,0.10159,0.09985,-0.01871,0.10301,0.0,9.97,2.19,0.3187,0.0826,2.895,15.329,0.0,0,0.0446,22.5
6,622,12.44,lift,0.07024,0.06702,-0.02103,0.0707,0.0,16.81,3.7,0.3164,0.0925,1.56,14.148,0.0,0,0.0776,17.59
7,622,12.44,lift,0.06275,0.0268,-0.05674,0.0467,0.0,-2.38,5.75,0.3021,0.0723,2.154,13.938,0.304,0,0.1014,16.82
0,623,12.46,lift,0.05152,0.04678,-0.02157,0.04462,0.0,3.73,4.37,0.31,0.0785,0.294,12.869,0.0,0,0.0865,30.36
1,623,12.46,lift,0.04594,0.02415,-0.03908,0.02448,0.0,8.96,5.65,0.3058,0.077,2.468,15.7,0.0,0,0.1318,19.37
2,623,12.46,lift,0.06184,0.06015,-0.01435,0.06333,0.0,12.11,1.91,0.3167,0.0794,1.551,12.812,0.0,0,0.0898,25.9
3,623,12.46,lift,0.14334,0.07526,-0.122,0.11698,0.0,-10.1,7.31,0.3071,0.0589,2.161,5.801,0.0,0,0.0835,171.03
4,623,12.46,lift,0.00681,0.0061,-0.00303,0.02439,0.0,15.8,0.49,0.3116,0.0865,0.918,14.064,0.0,0,0.1434,32.0
5,623,12.46,lift,0.10377,0.1018,-0.0201,0.10559,0.0,8.93,3.18,0.3191,0.0832,2.806,14.329,0.0,0,0.0441,21.57
6,623,12.46,lift,0.06962,0.06593,-0.02236,0.0696,0.0,17.64,2.02,0.316,0.0927,1.612,14.422,0.0,0,0.08,17.95
7,623,12.46,lift,0.06269,0.0271,-0.05654,0.04653,0.0,-3.32,5.63,0.3016,0.072,2.278,14.173,0.0,0,0.1023,15.89
0,624,12.48,lift,0.04886,0.04296,-0.02329,0.04098,0.0,3.26,4.91,0.3094,0.0783,0.326,12.922,0.0,0,0.0914,29.97
1,624,12.48,lift,0.0459,0.02268,-0.03991,0.02547,0.0,7.97,5.47,0.3052,0.0766,2.429,15.314,0.0,0,0.1314,18.4
2,624,12.48,lift,0.05749,0.05564,-0.01448,0.05964,0.0,12.3,3.07,0.3164,0.0798,1.416,12.737,0.0,0,0.0959,26.23
3,624,12.48,lift,0.14306,0.0709,-0.12426,0.11731,0.0,-11.6,7.36,0.3064,0.0591,2.215,0.0,0.0,0,0.0843,170.56
4,624,12.48,lift,0.00642,0.00626,-0.00142,0.02489,0.0,14.99,0.97,0.3112,0.086,0.847,13.88,0.0,0,0.1443,31.32
5,624,12.48,lift,0.10438,0.10198,-0.02224,0.10637,0.0,8.86,3.64,0.3195,0.0838,2.801,13.835,0.0,0,0.0457,21.67
6,624,12.48,lift,0.06636,0.06262,-0.02195,0.06574,0.0,19.16,1.03,0.3155,0.093,1.598,13.301,0.0,0,0.085,19.23
7,624,12.48,lift,0.06298,0.02769,-0.05656,0.04682,0.0,-4.3,5.46,0.3012,0.0718,2.4,14.161,0.0,0,0.1029,14.89
0,625,12.5,lift,0.04776,0.04039,-0.02549,0.03762,0.0,2.91,5.25,0.3088,0.0782,0.389,13.127,0.0,0,0.0956,29.68
1,625,12.5,lift,0.04603,0.02271,-0.04004,0.02612,0.0,7.38,4.72,0.3046,0.0763,2.476,14.703,0.0,0,0.1311,17.65
2,625,12.5,lift,0.0555,0.05312,-0.01607,0.05836,0.0,11.76,4.05,0.316,0.08,1.295,12.829,0.0,0,0.1,25.82
3,625,12.5,lift,0.14312,0.06722,-0.12636,0.11779,0.0,-13.36,8.09,0.3056,0.0593,2.288,0.0,0.0,0,0.0787,163.8
4,625,12.5,lift,0.00961,0.00961,7e-05,0.02806,0.0,13.82,1.55,0.3108,0.0855,0.739,14.014,0.0,0,0.143,30.52
5,625,12.5,lift,0.10351,0.10081,-0.02349,0.10543,0.0,9.07,3.24,0.3197,0.0844,2.869,14.15,0.0,0,0.0481,21.82
6,625,12.5,lift,0.06183,0.05853,-0.01992,0.06134,0.0,20.77,0.09,0.3151,0.0932,1.526,13.102,0.0,0,0.0911,20.82
7,625,12.5,lift,0.06292,0.02812,-0.05629,0.04676,0.0,-5.25,5.41,0.3008,0.0715,2.535,14.152,0.0,0,0.1036,13.99
0,626,12.52,lift,0.04796,0.039,-0.02793,0.03452,0.0,2.62,5.56,0.3082,0.078,0.462,13.227,0.0,0,0.0997,29.45
1,626,12.52,lift,0.04598,0.0241,-0.03915,0.02526,0.0,7.44,4.06,0.304,0.076,2.576,14.664,0.0,0,0.1332,17.66
2,626,12.52,lift,0.05221,0.04914,-0.01763,0.05547,0.0,11.74,4.43,0.3155,0.0802,1.255,13.083,0.0,0,0.1057,25.88
3,626,12.52,lift,0.14375,0.06431,-0.12857,0.11905,0.0,-15.19,8.74,0.3048,0.0595,2.377,0.0,0.0,0,0.0683,156.75
4,626,12.52,lift,0.01561,0.01554,0.00147,0.03347,0.0,12.38,1.87,0.3105,0.0849,0.638,14.281,0.0,0,0.1398,29.06
5,626,12.52,lift,0.09971,0.09665,-0.0245,0.10097,0.0,10.45,2.03,0.3199,0.0851,2.954,13.437,0.0,0,0.0533,23.24
6,626,12.52,lift,0.05874,0.0562,-0.01711,0.05835,0.0,21.4,0.82,0.3147,0.0934,1.508,13.582,0.0,0,0.095,21.36
7,626,12.52,lift,0.06351,0.02919,-0.05641,0.04735,0.0,-6.17,5.07,0.3004,0.0713,2.676,13.874,0.334,0,0.1038,13.03
0,627,12.54,lift,0.04996,0.03904,-0.03118,0.0334,0.0,2.12,5.95,0.3075,0.0778,0.496,13.332,0.0,0,0.1027,29.04
1,627,12.54,lift,0.0462,0.02612,-0.03811,0.02421,0.0,7.61,4.05,0.3034,0.0758,2.662,14.997,0.0,0,0.1365,17.75
2,627,12.54,lift,0.04799,0.04417,-0.01875,0.05069,0.0,12.3,3.49,0.3149,0.0804,1.287,13.327,0.0,0,0.1116,26.11
3,627,12.54,lift,0.14497,0.06268,-0.13072,0.12112,0.0,-17.06,9.2,0.304,0.0597,2.478,0.0,0.0,0,0.0534,149.64
4,627,12.54,lift,0.02102,0.02082,0.00288,0.0384,0.0,11.08,1.8,0.3103,0.0843,0.587,15.162,0.0,0,0.1369,27.83
5,627,12.54,lift,0.09474,0.09164,-0.02405,0.09546,0.0,11.98,1.39,0.3199,0.0859,2.914,13.527,0.0,0,0.0597,24.86
6,627,12.54,lift,0.05682,0.05483,-0.01494,0.05619,0.0,21.59,0.62,0.3144,0.0935,1.442,13.27,0.0,0,0.0979,21.41
7,627,12.54,lift,0.06294,0.02982,-0.05542,0.04643,0.0,-6.96,5.17,0.3001,0.071,2.839,13.718,0.0,0,0.105,12.32
0,628,12.56,lift,0.05195,0.03854,-0.03483,0.03345,0.0,1.42,6.4,0.3068,0.0775,0.491,13.733,0.0,0,0.1051,28.44
1,628,12.56,lift,0.04685,0.02783,-0.03769,0.02416,0.0,7.35,4.32,0.3029,0.0755,2.7,14.618,0.0,0,0.1392,17.59
2,628,12.56,lift,0.04188,0.0375,-0.01864,0.04361,0.0,13.65,2.73,0.3144,0.0806,1.269,12.689,0.0,0,0.1195,27.42
3,628,12.56,lift,0.14632,0.06151,-0.13276,0.12344,0.0,-18.81,9.75,0.3031,0.0598,2.593,0.0,0.0,0,0.0339,142.52
4,628,12.56,lift,0.02095,0.0205,0.0043,0.03825,0.0,11.13,1.0,0.3101,0.0838,0.612,14.848,0.0,0,0.1379,28.09
5,628,12.56,lift,0.08878,0.08607,-0.02174,0.08938,0.0,13.44,0.96,0.3199,0.0865,2.871,12.983,0.0,0,0.0668,26.29
6,628,12.56,lift,0.05649,0.05482,-0.01366,0.05603,0.0,21.06,0.77,0.314,0.0935,1.294,13.955,0.0,0,0.0989,20.99
7,628,12.56,lift,0.06323,0.03122,-0.05498,0.0464,0.0,-7.74,4.95,0.2998,0.0707,2.995,13.749,0.0,0,0.1054,11.52
0,629,12.58,lift,0.05315,0.0364,-0.03874,0.03386,0.0,0.58,6.98,0.306,0.0771,0.474,13.78,0.0,0,0.1074,27.75
1,629,12.58,lift,0.04741,0.02788,-0.03835,0.0248,0.0,6.39,4.78,0.3024,0.0751,2.701,15.182,0.0,0,0.1399,16.84
2,629,12.58,lift,0.03518,0.03038,-0.01775,0.03601,0.0,14.99,1.99,0.3139,0.0808,1.204,12.789,0.0,0,0.1283,29.39
3,629,12.58,lift,0.14768,0.06047,-0.13473,0.12584,0.0,-20.33,10.43,0.3021,0.0598,2.723,0.0,0.0,0,0.0098,135.4
4,629,12.58,lift,0.01864,0.01759,0.00616,0.03568,0.0,11.55,0.04,0.31,0.0834,0.655,14.757,0.0,0,0.1403,28.64
5,629,12.58,lift,0.08432,0.08186,-0.02024,0.08458,0.0,14.29,1.02,0.3198,0.087,2.833,13.466,0.0,0,0.0725,27.14
6,629,12.58,lift,0.05769,0.05616,-0.01319,0.05818,0.0,20.0,2.09,0.3136,0.0935,1.149,14.224,0.0,0,0.0981,19.96
7,629,12.58,lift,0.0646,0.03678,-0.05311,0.04823,0.0,-8.5,3.77,0.2997,0.0705,3.144,13.961,0.0,0,0.1011,10.39
0,630,12.6,lift,0.0548,0.03447,-0.0426,0.03595,0.0,-0.46,7.36,0.3053,0.0767,0.493,13.349,0.0,0,0.1083,26.84
1,630,12.6,lift,0.04797,0.0276,-0.03923,0.02557,0.0,5.65,4.63,0.302,0.0748,2.739,14.661,0.0,0,0.1405,16.13
2,630,12.6,lift,0.02938,0.02403,-0.0169,0.02861,0.0,16.0,1.66,0.3134,0.0809,1.147,13.2,0.0,0,0.1364,29.99
3,630,12.6,lift,0.14916,0.05971,-0.13669,0.12843,0.0,-21.68,11.13,0.3011,0.0598,2.865,0.0,0.0,0,-0.0187,128.31
4,630,12.6,lift,0.01828,0.01645,0.00798,0.03615,0.0,12.05,0.64,0.3099,0.0829,0.574,13.675,0.0,0,0.1435,28.9
5,630,12.6,lift,0.08077,0.07834,-0.01969,0.08125,0.0,14.89,1.28,0.3197,0.0873,2.713,15.628,0.0,0,0.0775,27.57
6,630,12.6,lift,0.05809,0.05636,-0.01405,0.05899,0.0,19.86,3.05,0.3132,0.0934,1.099,13.625,0.0,0,0.0991,19.94
7,630,12.6,lift,0.06388,0.04264,-0.04756,0.04896,0.0,-7.6,1.07,0.2998,0.0704,3.294,14.095,0.0,0,0.0968,10.77
0,631,12.62,lift,0.05763,0.0342,-0.04638,0.04021,0.0,-1.58,7.28,0.3046,0.0762,0.548,13.148,0.0,0,0.1072,25.73
1,631,12.62,lift,0.04882,0.02862,-0.03955,0.02607,0.0,5.4,4.51,0.3016,0.0744,2.839,14.363,0.0,0,0.143,15.92
2,631,12.62,lift,0.02477,0.01883,-0.01609,0.02137,0.0,16.8,1.94,0.3129,0.0809,1.091,12.419,0.0,0,0.1443,31.03
3,631,12.62,lift,0.15063,0.05897,-0.13861,0.13102,0.0,-22.73,11.72,0.3001,0.0597,3.02,0.0,0.0,0,-0.0516,121.23
4,631,12.62,lift,0.01834,0.01522,0.01023,0.03659,0.0,12.01,1.31,0.3099,0.0824,0.544,15.166,0.0,0,0.1465,28.84
5,631,12.62,lift,0.07909,0.07654,-0.01989,0.0803,0.0,14.8,2.22,0.3196,0.0875,2.573,15.773,0.0,0,0.0809,27.59
6,631,12.62,lift,0.05799,0.05599,-0.01509,0.05847,0.0,20.0,3.11,0.3128,0.0934,1.124,14.029,0.0,0,0.1007,20.27
7,631,12.62,lift,0.06192,0.047,-0.04032,0.04897,0.0,-6.17,0.64,0.3,0.0703,3.43,13.727,0.745,0,0.0939,12.24
0,632,12.64,lift,0.06101,0.03499,-0.04999,0.04539,0.0,-2.74,7.08,0.3039,0.0756,0.626,13.173,0.0,0,0.1058,24.56
1,632,12.64,lift,0.05077,0.03096,-0.04024,0.02756,0.0,5.03,4.6,0.3012,0.0741,2.951,14.443,0.0,0,0.1454,15.61
2,632,12.64,lift,0.0233,0.01683,-0.01612,0.01649,0.0,16.55,2.77,0.3124,0.0808,1.015,13.021,0.0,0,0.1492,30.92
3,632,12.64,lift,0.15187,0.05795,-0.14038,0.13329,0.0,-23.46,12.13,0.2991,0.0596,3.191,0.0,0.0,0,-0.0887,114.19
4,632,12.64,lift,0.01877,0.015,0.01129,0.03736,0.0,11.77,1.38,0.31,0.0818,0.502,15.375,0.0,0,0.1491,28.66
5,632,12.64,lift,0.07853,0.07564,-0.02109,0.08041,0.0,14.53,2.67,0.3194,0.0875,2.512,14.96,0.0,0,0.0835,27.47
6,632,12.64,lift,0.05668,0.0545,-0.01555,0.05617,0.0,20.69,2.29,0.3125,0.0934,1.16,14.525,0.0,0,0.1041,22.51
7,632,12.64,lift,0.05935,0.04947,-0.03279,0.04883,0.0,-4.75,1.94,0.3004,0.0701,3.544,12.901,0.836,0,0.0926,13.79
0,633,12.66,lift,0.0645,0.0357,-0.05372,0.05042,0.0,-3.79,7.05,0.3033,0.0751,0.729,12.993,0.0,0,0.1054,23.54
1,633,12.66,lift,0.0536,0.03343,-0.0419,0.03014,0.0,4.45,4.57,0.3009,0.0738,3.036,14.785,0.0,0,0.1469,15.07
2,633,12.66,lift,0.02319,0.01608,-0.01671,0.01561,0.0,15.5,4.05,0.3119,0.0806,0.904,13.882,0.0,0,0.1509,29.95
3,633,12.66,lift,0.15384,0.06138,-0.14106,0.13607,0.0,-24.52,11.39,0.2982,0.0594,3.388,0.0,0.0,0,-0.13,107.18
4,633,12.66,lift,0.02053,0.01686,0.0117,0.03955,0.0,11.23,0.96,0.3101,0.0812,0.43,13.818,0.0,0,0.1504,28.02
5,633,12.66,lift,0.0755,0.07203,-0.02265,0.07751,0.0,15.4,1.79,0.3191,0.0876,2.546,14.258,0.0,0,0.0887,28.56
6,633,12.66,lift,0.05423,0.05212,-0.01498,0.05277,0.0,21.86,1.04,0.3121,0.0936,1.162,13.638,0.0,0,0.1095,27.04
7,633,12.66,lift,0.05635,0.05028,-0.02544,0.04822,0.0,-3.37,2.22,0.3009,0.0699,3.647,13.098,2.367,0,0.0927,15.19
0,634,12.68,lift,0.06915,0.03745,-0.05813,0.05616,0.0,-4.85,6.86,0.3026,0.0746,0.861,12.881,0.0,0,0.1047,22.46
1,634,12.68,lift,0.05607,0.03543,-0.04347,0.03245,0.0,4.01,4.72,0.3006,0.0736,3.114,14.699,0.0,0,0.1491,14.72
2,634,12.68,lift,0.02315,0.01568,-0.01702,0.01805,0.0,14.42,4.61,0.3115,0.0803,0.801,13.748,0.0,0,0.1506,28.89
3,634,12.68,lift,0.15252,0.06431,-0.1383,0.13498,0.0,-24.06,9.66,0.2975,0.0594,3.611,0.0,0.0,0,-0.1754,100.2
4,634,12.68,lift,0.02034,0.01679,0.01148,0.03925,0.0,10.47,1.05,0.3102,0.0806,0.433,15.347,0.0,0,0.1513,27.26
5,634,12.68,lift,0.06929,0.06531,-0.02317,0.07036,0.0,17.22,1.19,0.3188,0.0878,2.609,13.96,0.0,0,0.0969,30.46
6,634,12.68,lift,0.05077,0.04898,-0.01336,0.04914,0.0,23.08,0.06,0.3119,0.0937,1.083,13.764,0.0,0,0.1161,31.95
7,634,12.68,lift,0.05314,0.04977,-0.01864,0.04749,0.0,-1.84,2.38,0.3016,0.0698,3.742,13.096,0.0,0,0.0942,16.76
0,635,12.7,lift,0.07432,0.03978,-0.06277,0.06166,0.0,-5.96,6.53,0.302,0.074,1.035,12.727,0.0,0,0.1035,21.31
1,635,12.7,lift,0.05839,0.03666,-0.04545,0.03473,0.0,3.46,4.75,0.3003,0.0733,3.186,14.816,0.0,0,0.1509,13.98
2,635,12.7,lift,0.02272,0.01588,-0.01625,0.0206,0.0,13.59,4.36,0.311,0.08,0.761,12.706,0.0,0,0.1502,28.01
3,635,12.7,lift,0.14879,0.06532,-0.13369,0.13108,0.0,-22.33,7.65,0.297,0.0594,3.829,0.0,0.0,0,-0.2248,93.26
4,635,12.7,lift,0.02077,0.01711,0.01177,0.04018,0.0,10.6,1.63,0.3103,0.0801,0.378,14.51,0.0,0,0.1544,27.33
5,635,12.7,lift,0.06242,0.05821,-0.02252,0.06254,0.0,18.99,0.73,0.3185,0.088,2.572,13.244,0.0,0,0.1056,32.22
6,635,12.7,lift,0.04884,0.04752,-0.01129,0.04818,0.0,22.96,0.37,0.3117,0.0938,0.929,16.107,0.0,0,0.12,36.02
7,635,12.7,lift,0.04987,0.04832,-0.01235,0.04706,0.0,-0.29,3.17,0.3024,0.0696,3.826,12.803,1.034,0,0.0965,18.4
0,636,12.72,lift,0.07954,0.04196,-0.06757,0.06655,0.0,-7.13,6.23,0.3015,0.0734,1.234,12.695,0.0,0,0.1022,20.11
1,636,12.72,lift,0.06004,0.03801,-0.04647,0.03624,0.0,3.0,4.6,0.3001,0.073,3.267,14.949,0.0,0,0.1508,13.52
2,636,12.72,lift,0.02107,0.0153,-0.01449,0.02067,0.0,13.38,3.73,0.3105,0.0798,0.779,12.978,0.0,0,0.1517,27.75
3,636,12.72,lift,0.14467,0.06555,-0.12897,0.12695,0.0,-20.48,5.99,0.2967,0.0593,4.006,0.0,0.0,0,-0.2781,86.36
4,636,12.72,lift,0.0205,0.01668,0.01191,0.04025,0.0,10.4,1.15,0.3104,0.0797,0.337,14.299,0.0,0,0.1573,27.19
5,636,12.72,lift,0.05589,0.05178,-0.02104,0.05528,0.0,20.29,0.39,0.3181,0.0881,2.499,13.495,0.0,0,0.1138,33.59
6,636,12.72,lift,0.04961,0.04859,-0.01001,0.05094,0.0,21.68,1.31,0.3114,0.0937,0.765,15.672,0.0,0,0.1204,38.7
7,636,12.72,lift,0.04685,0.04643,-0.00632,0.04672,0.0,1.13,3.04,0.3032,0.0695,3.898,13.607,0.0,0,0.0993,19.79
0,637,12.74,lift,0.08507,0.044,-0.07281,0.0716,0.0,-8.45,6.06,0.301,0.0728,1.428,12.797,0.0,0,0.1009,18.8
1,637,12.74,lift,0.0603,0.0389,-0.04608,0.03648,0.0,2.24,4.31,0.2999,0.0727,3.339,15.246,0.0,0,0.1472,12.77
2,637,12.74,lift,0.01961,0.01494,-0.01269,0.01985,0.0,13.52,2.62,0.3101,0.0796,0.8,12.553,0.0,0,0.1535,27.58
3,637,12.74,lift,0.14059,0.06547,-0.12442,0.12301,0.0,-18.56,4.34,0.2966,0.0592,4.172,0.0,0.0,0,-0.3351,79.5
4,637,12.74,lift,0.01799,0.01439,0.01079,0.0373,0.0,9.49,0.77,0.3106,0.0792,0.364,14.914,0.0,0,0.1578,26.25
5,637,12.74,lift,0.05056,0.04636,-0.02018,0.04989,0.0,21.2,0.62,0.3177,0.0881,2.368,13.777,0.0,0,0.1209,34.5
6,637,12.74,lift,0.05058,0.04946,-0.01059,0.05295,0.0,21.15,1.87,0.3111,0.0935,0.713,14.503,0.0,0,0.1219,41.75
7,637,12.74,lift,0.04454,0.04452,-0.00126,0.04713,0.0,2.73,3.56,0.3042,0.0694,3.958,13.289,0.0,0,0.1023,21.44
0,638,12.76,lift,0.0912,0.04602,-0.07874,0.0775,0.0,-9.91,6.04,0.3004,0.0721,1.611,12.915,0.0,0,0.0998,17.42
1,638,12.76,lift,0.05939,0.03887,-0.04491,0.0361,0.0,1.25,3.94,0.2999,0.0725,3.399,14.95,0.0,0,0.1423,11.75
2,638,12.76,lift,0.01824,0.01463,-0.0109,0.0186,0.0,13.83,1.71,0.3098,0.0794,0.804,13.403,0.0,0,0.1558,28.26
3,638,12.76,lift,0.1368,0.06615,-0.11975,0.11931,0.0,-16.62,2.41,0.2968,0.0591,4.355,0.0,0.0,0,-0.3959,72.69
4,638,12.76,lift,0.01748,0.01437,0.00996,0.03712,0.0,9.47,1.38,0.3108,0.0787,0.3,15.298,0.0,0,0.16,26.21
5,638,12.76,lift,0.04651,0.04206,-0.01984,0.04715,0.0,21.52,1.17,0.3172,0.0879,2.203,14.054,0.0,0,0.1266,34.68
6,638,12.76,lift,0.05024,0.04892,-0.01143,0.05245,0.0,21.24,1.74,0.3107,0.0934,0.745,15.29,0.0,0,0.1262,47.05
7,638,12.76,lift,0.04746,0.0474,0.00254,0.05173,0.0,2.64,2.73,0.3052,0.0693,3.993,13.982,0.0,0,0.1,21.23
0,639,12.78,lift,0.09751,0.04766,-0.08507,0.08373,0.0,-11.39,6.19,0.2999,0.0714,1.808,12.676,0.0,0,0.0994,16.08
1,639,12.78,lift,0.05795,0.03864,-0.04319,0.0354,0.0,0.69,3.5,0.2998,0.0722,3.491,14.579,0.0,0,0.1394,11.05
2,639,12.78,lift,0.01608,0.01345,-0.00883,0.01684,0.0,14.82,0.61,0.3096,0.0793,0.799,13.494,0.0,0,0.1596,28.94
3,639,12.78,lift,0.13367,0.0682,-0.11496,0.11625,0.0,-14.79,0.44,0.2973,0.0591,4.536,0.0,0.0,0,-0.4603,65.93
4,639,12.78,lift,0.0174,0.01446,0.00969,0.03738,0.0,9.14,0.9,0.3111,0.0783,0.249,15.31,0.0,0,0.1628,25.83
5,639,12.78,lift,0.04402,0.0392,-0.02003,0.04666,0.0,21.41,1.81,0.3166,0.0876,2.076,13.857,0.0,0,0.1311,34.44
6,639,12.78,lift,0.04809,0.04672,-0.01137,0.0493,0.0,21.89,0.83,0.3103,0.0935,0.798,14.431,0.0,0,0.134,55.42
7,639,12.78,lift,0.05445,0.05422,0.00504,0.06046,0.0,1.63,2.29,0.3062,0.0691,3.955,14.494,0.191,0,0.0934,20.13
0,640,12.8,lift,0.10429,0.04908,-0.09202,0.09038,0.0,-12.79,6.26,0.2994,0.0705,2.029,12.645,0.0,0,0.0993,14.82
1,640,12.8,lift,0.05672,0.03884,-0.04134,0.03455,0.0,1.28,2.26,0.2998,0.0719,3.629,14.298,0.0,0,0.1397,11.13
2,640,12.8,lift,0.01423,0.01252,-0.00676,0.01514,0.0,15.59,0.28,0.3094,0.079,0.796,14.703,0.0,0,0.1638,29.79
3,640,12.8,lift,0.12995,0.06805,-0.1107,0.11181,0.0,-13.11,0.53,0.298,0.0591,4.708,0.0,0.0,0,-0.5282,59.23
4,640,12.8,lift,0.01556,0.01307,0.00844,0.03574,0.0,8.87,0.93,0.3113,0.0779,0.244,14.134,0.0,0,0.1656,25.65
5,640,12.8,lift,0.04214,0.03674,-0.02065,0.04585,0.0,21.12,2.41,0.3159,0.0872,2.027,13.999,0.0,0,0.1353,34.24
6,640,12.8,lift,0.04543,0.04432,-0.00995,0.04573,0.0,22.33,0.02,0.31,0.0936,0.781,13.769,0.0,0,0.1442,66.0
7,640,12.8,lift,0.06235,0.06185,0.00788,0.0708,0.0,1.1,2.6,0.3073,0.069,3.885,14.411,0.561,0,0.087,19.65
0,641,12.82,lift,0.11109,0.05002,-0.09919,0.09682,0.0,-14.2,6.46,0.2989,0.0696,2.273,12.799,0.0,0,0.0995,13.63
1,641,12.82,lift,0.05549,0.03873,-0.03975,0.0334,0.0,2.11,1.28,0.2998,0.0717,3.753,14.46,0.0,0,0.1415,11.89
2,641,12.82,lift,0.01334,0.01209,-0.00564,0.01492,0.0,15.61,0.83,0.3093,0.0787,0.771,14.922,0.0,0,0.166,29.62
3,641,12.82,lift,0.12793,0.06865,-0.10795,0.10908,0.0,-12.65,1.16,0.2988,0.059,4.879,0.0,0.0,0,-0.5749,64.35
4,641,12.82,lift,0.01407,0.01224,0.00694,0.03443,0.0,8.43,0.71,0.3115,0.0774,0.219,15.419,0.0,0,0.1679,25.26
5,641,12.82,lift,0.0389,0.03217,-0.02188,0.04176,0.0,21.45,2.49,0.3152,0.0868,2.046,14.347,0.0,0,0.141,34.63
6,641,12.82,lift,0.04309,0.04226,-0.00845,0.04252,0.0,22.52,0.09,0.3098,0.0937,0.72,13.117,5.368,0,0.1537,75.1
7,641,12.82,lift,0.06833,0.06796,0.00703,0.07732,0.0,1.02,2.53,0.3084,0.0689,3.878,13.651,0.0,0,0.0827,19.59
0,642,12.84,lift,0.11808,0.05057,-0.1067,0.10325,0.0,-15.56,6.54,0.2984,0.0688,2.534,12.624,0.0,0,0.0998,12.48
1,642,12.84,lift,0.05605,0.04046,-0.03879,0.03507,0.0,2.22,0.35,0.3001,0.0715,3.858,14.269,0.0,0,0.1388,11.89
2,642,12.84,lift,0.01223,0.01117,-0.00498,0.01627,0.0,15.16,1.45,0.3092,0.0783,0.728,14.081,0.0,0,0.1667,29.21
3,642,12.84,lift,0.12658,0.06894,-0.10617,0.10702,0.0,-12.68,1.98,0.2997,0.059,5.04,0.0,0.0,0,-0.5687,88.03
4,642,12.84,lift,0.01298,0.01183,0.00536,0.03345,0.0,8.15,0.5,0.3117,0.0771,0.181,15.291,0.0,0,0.1706,25.04
5,642,12.84,lift,0.03443,0.02644,-0.02205,0.03568,0.0,22.17,1.44,0.3145,0.0865,2.063,14.547,0.0,0,0.1475,35.31
6,642,12.84,lift,0.04198,0.04141,-0.00693,0.04179,0.0,21.81,1.19,0.3097,0.0938,0.591,13.542,0.0,0,0.1549,74.28
7,642,12.84,lift,0.07249,0.07225,0.00588,0.08122,0.0,1.03,2.2,0.3094,0.0688,3.942,13.129,0.0,0,0.0799,19.54
0,643,12.86,lift,0.12501,0.0507,-0.11426,0.10945,0.0,-17.09,6.82,0.2979,0.0679,2.802,12.662,0.0,0,0.1003,11.36
1,643,12.86,lift,0.05447,0.0417,-0.03505,0.03511,0.0,3.43,1.09,0.3005,0.0714,3.976,13.726,0.0,0,0.1373,13.07
2,643,12.86,lift,0.01148,0.01063,-0.00433,0.01907,0.0,14.38,1.57,0.309,0.0779,0.696,13.138,0.0,0,0.1662,28.6
3,643,12.86,lift,0.12531,0.06791,-0.10532,0.10525,0.0,-12.93,2.75,0.3005,0.0588,5.181,0.0,0.0,0,-0.5659,93.8
4,643,12.86,lift,0.01191,0.01133,0.00368,0.03233,0.0,7.88,0.02,0.3119,0.0767,0.157,14.53,0.0,0,0.1733,24.81
5,643,12.86,lift,0.02923,0.0202,-0.02113,0.02991,0.0,23.35,0.55,0.3138,0.0863,1.974,14.492,0.0,0,0.1553,36.38
6,643,12.86,lift,0.04275,0.04226,-0.00645,0.04405,0.0,20.43,2.59,0.3095,0.0937,0.463,13.365,0.454,0,0.1535,73.0
7,643,12.86,lift,0.0758,0.07544,0.00736,0.08424,0.0,1.07,2.03,0.3104,0.0689,4.044,13.484,0.733,0,0.0778,19.56
0,644,12.88,lift,0.13258,0.05077,-0.12248,0.11642,0.0,-18.64,7.07,0.2975,0.067,3.06,12.698,0.0,0,0.101,10.31
1,644,12.88,lift,0.05114,0.04132,-0.03014,0.03381,0.0,4.57,1.89,0.301,0.0715,4.084,13.983,0.0,0,0.1369,14.42
2,644,12.88,lift,0.01061,0.01017,-0.00304,0.02121,0.0,13.95,1.84,0.3089,0.0776,0.713,12.445,0.0,0,0.1668,28.32
3,644,12.88,lift,0.12395,0.06503,-0.10552,0.10358,0.0,-13.26,3.02,0.3013,0.0586,5.318,0.0,0.0,0,-0.5673,93.0
4,644,12.88,lift,0.01097,0.01055,0.00302,0.0309,0.0,7.75,0.44,0.3121,0.0764,0.147,14.302,0.0,0,0.1761,24.81
5,644,12.88,lift,0.02395,0.01414,-0.01933,0.02497,0.0,24.22,0.23,0.3131,0.086,1.876,14.283,0.0,0,0.1629,37.06
6,644,12.88,lift,0.04383,0.04296,-0.00868,0.04509,0.0,19.98,3.46,0.3093,0.0936,0.446,13.71,0.402,0,0.1535,72.56
7,644,12.88,lift,0.07867,0.07808,0.00959,0.08644,0.0,0.88,1.18,0.3114,0.0691,4.109,13.943,0.913,0,0.076,19.28
0,645,12.9,lift,0.14027,0.05059,-0.13083,0.12367,0.0,-20.37,7.56,0.2971,0.066,3.313,12.636,0.0,0,0.1021,9.5
1,645,12.9,lift,0.04714,0.03985,-0.02518,0.03228,0.0,5.73,2.44,0.3016,0.0715,4.185,13.924,0.0,0,0.1373,15.48
2,645,12.9,lift,0.01097,0.01076,-0.00216,0.02265,0.0,13.41,1.5,0.3089,0.0773,0.748,12.943,0.0,0,0.1668,27.81
3,645,12.9,lift,0.12304,0.06104,-0.10682,0.10238,0.0,-13.69,3.46,0.302,0.0583,5.46,0.0,0.0,0,-0.5724,90.12
4,645,12.9,lift,0.00966,0.00888,0.00382,0.02903,0.0,7.53,0.53,0.3123,0.0761,0.147,14.087,0.0,0,0.1776,24.34
5,645,12.9,lift,0.02017,0.00946,-0.01781,0.02097,0.0,24.53,0.2,0.3124,0.0856,1.808,13.804,0.0,0,0.1692,37.58
6,645,12.9,lift,0.04422,0.04276,-0.01126,0.0459,0.0,20.04,3.62,0.3091,0.0936,0.388,15.943,0.525,0,0.155,72.61
7,645,12.9,lift,0.08221,0.08154,0.01054,0.08937,0.0,-0.02,0.09,0.3124,0.0693,4.075,14.454,0.0,0,0.0735,18.3
0,646,12.92,lift,0.14688,0.05021,-0.13803,0.13041,0.0,-21.95,8.5,0.2967,0.065,3.554,13.482,0.0,0,0.104,9.42
1,646,12.92,lift,0.04294,0.03783,-0.02033,0.03095,0.0,6.88,2.38,0.3023,0.0715,4.285,13.899,0.0,0,0.1384,16.66
2,646,12.92,lift,0.01107,0.01098,-0.00137,0.02364,0.0,13.35,0.82,0.3089,0.0771,0.775,13.287,0.0,0,0.1675,27.45
3,646,12.92,lift,0.12271,0.05733,-0.1085,0.10193,0.0,-14.02,3.95,0.3026,0.0579,5.602,0.0,0.0,0,-0.5725,89.99
4,646,12.92,lift,0.00785,0.00653,0.00435,0.02702,0.0,7.03,0.57,0.3126,0.0758,0.146,13.786,0.0,0,0.1774,23.87
5,646,12.92,lift,0.01802,0.0065,-0.01681,0.01865,0.0,24.34,0.6,0.3118,0.0851,1.729,13.84,0.0,0,0.1738,37.47
6,646,12.92,lift,0.04278,0.04057,-0.01358,0.04433,0.0,20.98,2.96,0.3088,0.0935,0.375,14.652,1.028,0,0.1592,73.54
7,646,12.92,lift,0.08616,0.08551,0.01054,0.09321,0.0,-1.09,1.61,0.3134,0.0696,4.0,14.685,0.0,0,0.0711,17.28
0,647,12.94,lift,0.15048,0.0482,-0.14255,0.13466,0.0,-23.09,10.22,0.2962,0.064,3.779,12.792,0.0,0,0.1086,10.59
1,647,12.94,lift,0.04004,0.03657,-0.0163,0.03175,0.0,8.0,3.24,0.3031,0.0715,4.383,13.746,0.0,0,0.1387,17.87
2,647,12.94,lift,0.01009,0.01009,-0.0001,0.02441,0.0,13.54,0.69,0.309,0.0769,0.788,12.394,0.0,0,0.1696,27.86
3,647,12.94,lift,0.1225,0.05387,-0.11001,0.1018,0.0,-14.33,3.57,0.3031,0.0576,5.762,0.0,0.0,0,-0.5725,90.0
4,647,12.94,lift,0.00571,0.00423,0.00384,0.02518,0.0,6.32,0.56,0.3128,0.0755,0.145,13.763,0.0,0,0.1765,23.25
5,647,12.94,lift,0.01656,0.00501,-0.01578,0.01958,0.0,23.35,2.29,0.3112,0.0846,1.612,13.749,0.0,0,0.1757,36.71
6,647,12.94,lift,0.03972,0.0367,-0.01519,0.03955,0.0,22.36,2.05,0.3085,0.0935,0.428,14.6,0.965,0,0.1655,74.92
7,647,12.94,lift,0.09075,0.09028,0.00929,0.09812,0.0,-2.23,2.17,0.3143,0.0699,3.961,14.585,0.14,0,0.0682,16.22
0,648,12.96,lift,0.15378,0.04543,-0.14692,0.13849,0.0,-23.99,12.02,0.2957,0.063,4.0,12.441,0.0,0,0.114,12.13
1,648,12.96,lift,0.04108,0.03906,-0.01274,0.0365,0.0,7.99,2.86,0.3039,0.0715,4.475,13.819,0.0,0,0.1352,17.99
2,648,12.96,lift,0.00873,0.00866,0.00108,0.02472,0.0,13.65,0.99,0.3091,0.0767,0.806,13.338,0.0,0,0.1724,28.34
3,648,12.96,lift,0.12259,0.05074,-0.1116,0.10183,0.0,-14.67,3.73,0.3034,0.0572,5.93,0.0,0.0,0,-0.5725,90.0
4,648,12.96,lift,0.00363,0.00259,0.00254,0.02368,0.0,5.63,0.13,0.313,0.075,0.148,13.502,0.0,0,0.176,22.62
5,648,12.96,lift,0.01687,0.00812,-0.01478,0.02247,0.0,21.86,2.98,0.3107,0.084,1.517,14.17,0.0,0,0.1728,35.16
6,648,12.96,lift,0.03544,0.03233,-0.01451,0.03388,0.0,23.62,0.67,0.3083,0.0936,0.433,14.157,0.426,0,0.1726,76.19
7,648,12.96,lift,0.09356,0.09324,0.00769,0.10109,0.0,-2.73,1.91,0.3153,0.0702,4.015,13.827,0.0,0,0.0668,15.69
0,649,12.98,hold,0.1571,0.04704,-0.14989,0.14239,0.0,-24.52,11.94,0.2952,0.0621,4.206,12.622,0.0,0,0.1137,11.98
1,649,12.98,hold,0.04488,0.04388,-0.00941,0.04372,0.0,8.15,3.71,0.3047,0.0716,4.571,13.663,0.0,0,0.1301,18.3
2,649,12.98,hold,0.00816,0.00805,0.00132,0.02395,0.0,13.49,1.22,0.3092,0.0764,0.843,12.974,0.0,0,0.1744,28.15
3,649,12.98,hold,0.12284,0.04807,-0.11304,0.10204,0.0,-14.8,4.01,0.3036,0.0567,6.095,0.0,0.0,0,-0.5717,90.0
4,649,12.98,hold,0.00314,0.00299,0.00096,0.02392,0.0,5.24,0.2,0.3132,0.0746,0.125,13.188,0.0,0,0.177,22.3
5,649,12.98,hold,0.01867,0.01343,-0.01297,0.02657,0.0,20.25,3.05,0.3102,0.0834,1.45,13.718,0.0,0,0.1684,33.63
6,649,12.98,hold,0.03171,0.02905,-0.01273,0.02953,0.0,24.01,0.06,0.3081,0.0936,0.359,13.67,0.556,0,0.1781,76.61
7,649,12.98,hold,0.09434,0.09404,0.00759,0.10182,0.0,-2.59,1.04,0.3161,0.0707,4.136,13.945,0.259,0,0.0668,15.78
0,650,13.0,hold,0.15555,0.04571,-0.14868,0.14052,0.0,-23.26,10.31,0.2949,0.0614,4.445,12.799,0.0,0,0.1132,10.63
1,650,13.0,hold,0.04665,0.04631,-0.00567,0.04852,0.0,8.72,4.33,0.3056,0.0717,4.65,13.833,0.0,0,0.1267,18.95
2,650,13.0,hold,0.00658,0.00657,0.00026,0.02208,0.0,13.39,1.34,0.3093,0.0762,0.874,13.382,0.0,0,0.1765,28.11
3,650,13.0,hold,0.12352,0.04517,-0.11497,0.10291,0.0,-14.93,3.17,0.3037,0.0563,6.268,0.0,0.0,0,-0.5725,90.0
4,650,13.0,hold,0.00523,0.00523,-0.00024,0.02541,0.0,5.37,0.44,0.3133,0.0742,0.096,13.351,0.0,0,0.1796,22.48
5,650,13.0,hold,0.01903,0.01555,-0.01097,0.0284,0.0,19.41,1.52,0.3097,0.0829,1.442,13.972,0.0,0,0.166,32.68
6,650,13.0,hold,0.02936,0.02667,-0.01226,0.02816,0.0,22.99,1.06,0.3079,0.0935,0.215,13.982,0.314,0,0.1792,75.56
7,650,13.0,hold,0.09118,0.09079,0.00838,0.09839,0.0,-1.67,0.11,0.3169,0.0714,4.241,13.4,0.0,0,0.0693,16.68
0,651,13.02,hold,0.15127,0.04334,-0.14493,0.13536,0.0,-21.53,8.43,0.2947,0.0609,4.653,12.908,0.0,0,0.1135,9.57
1,651,13.02,hold,0.04756,0.04752,-0.00191,0.05217,0.0,9.36,4.47,0.3065,0.0718,4.717,13.643,0.0,0,0.1248,19.5
2,651,13.02,hold,0.00607,0.006,-0.00097,0.02011,0.0,13.37,0.87,0.3095,0.0759,0.9,13.448,0.0,0,0.1785,28.01
3,651,13.02,hold,0.12403,0.04476,-0.11567,0.10378,0.0,-15.16,2.18,0.3038,0.0558,6.448,0.0,0.0,0,-0.5725,90.0
4,651,13.02,hold,0.00873,0.00861,-0.00145,0.02846,0.0,5.52,0.91,0.3134,0.0739,0.051,14.311,0.0,0,0.1815,22.53
5,651,13.02,hold,0.01758,0.0155,-0.0083,0.02946,0.0,19.54,0.84,0.3093,0.0825,1.416,13.88,0.0,0,0.1663,32.8
6,651,13.02,hold,0.02893,0.02625,-0.01217,0.03089,0.0,21.48,2.2,0.3077,0.0933,0.082,13.807,0.0,0,0.1775,73.95
7,651,13.02,hold,0.08916,0.08873,0.00868,0.09553,0.0,-1.47,0.52,0.3177,0.0721,4.244,14.279,0.335,0,0.0708,16.87
0,652,13.04,hold,0.14678,0.03968,-0.14131,0.12983,0.0,-19.59,6.74,0.2946,0.0605,4.839,12.471,0.0,0,0.1159,9.43
1,652,13.04,hold,0.0484,0.0484,0.0008,0.05493,0.0,10.02,4.59,0.3074,0.072,4.804,13.863,0.0,0,0.1237,20.08
2,652,13.04,hold,0.0063,0.00602,-0.00189,0.01874,0.0,13.39,0.32,0.3098,0.0757,0.917,13.255,0.0,0,0.1806,27.96
3,652,13.04,hold,0.12352,0.04605,-0.11461,0.10352,0.0,-15.04,1.13,0.3039,0.0554,6.638,0.0,0.0,0,-0.5725,90.0
4,652,13.04,hold,0.00981,0.00949,-0.00249,0.029,0.0,5.88,1.14,0.3136,0.0735,0.027,13.963,0.0,0,0.1827,23.23
5,652,13.04,hold,0.01513,0.01414,-0.0054,0.0304,0.0,20.12,1.45,0.309,0.0821,1.333,13.654,0.0,0,0.1689,33.38
6,652,13.04,hold,0.02994,0.02686,-0.01322,0.03342,0.0,20.42,2.83,0.3075,0.093,0.055,14.101,0.451,0,0.1761,73.01
7,652,13.04,hold,0.08823,0.08789,0.00775,0.09413,0.0,-1.74,0.99,0.3186,0.0728,4.167,15.307,0.017,0,0.0715,16.61
0,653,13.06,hold,0.14226,0.03402,-0.13813,0.124,0.0,-17.57,5.65,0.2946,0.0602,5.045,12.552,0.0,0,0.1211,10.36
1,653,13.06,hold,0.04862,0.04853,0.0031,0.05621,0.0,10.6,3.93,0.3083,0.0722,4.901,13.772,0.0,0,0.1237,20.68
2,653,13.06,hold,0.0067,0.00628,-0.00235,0.01829,0.0,13.44,0.51,0.31,0.0756,0.926,12.981,0.0,0,0.1829,27.8
3,653,13.06,hold,0.12225,0.04621,-0.11317,0.10182,0.0,-14.09,0.83,0.304,0.0551,6.837,0.0,0.0,0,-0.5725,90.0
4,653,13.06,hold,0.00823,0.00754,-0.0033,0.02608,0.0,6.46,0.51,0.3137,0.0732,0.035,15.121,0.0,0,0.1829,23.93
5,653,13.06,hold,0.01344,0.01315,-0.00276,0.03047,0.0,19.85,1.75,0.3088,0.0817,1.313,12.877,0.0,0,0.1698,33.01
6,653,13.06,hold,0.03019,0.02617,-0.01505,0.03392,0.0,20.07,3.09,0.3073,0.0928,0.047,13.714,0.717,0,0.1767,72.67
7,653,13.06,hold,0.0871,0.08685,0.00663,0.09347,0.0,-1.88,1.18,0.3192,0.0735,4.073,15.085,0.009,0,0.0729,16.47
0,654,13.08,hold,0.13866,0.02833,-0.13574,0.11898,0.0,-16.18,5.75,0.2948,0.0597,5.248,12.374,0.0,0,0.1278,11.59
1,654,13.08,hold,0.05148,0.05134,0.00382,0.05862,0.0,9.58,1.24,0.3092,0.0723,4.952,13.741,0.0,0,0.1207,19.35
2,654,13.08,hold,0.00805,0.0074,-0.00318,0.01772,0.0,13.39,0.83,0.3102,0.0754,0.943,14.522,0.0,0,0.185,27.68
3,654,13.08,hold,0.12063,0.04418,-0.11225,0.09933,0.0,-13.06,1.19,0.3041,0.0547,7.043,0.0,0.0,0,-0.5725,90.0
4,654,13.08,hold,0.00596,0.00467,-0.00371,0.02389,0.0,6.3,1.86,0.3139,0.0729,-0.0,15.159,0.0,0,0.1806,23.8
5,654,13.08,hold,0.01268,0.01264,-0.00103,0.03015,0.0,19.12,1.23,0.3087,0.0813,1.306,13.951,0.0,0,0.1696,32.17
6,654,13.08,hold,0.02879,0.02333,-0.01687,0.03119,0.0,20.42,2.21,0.307,0.0926,0.076,14.801,0.528,0,0.1796,73.01
7,654,13.08,hold,0.08637,0.08622,0.00509,0.09343,0.0,-2.17,1.75,0.3198,0.0741,4.014,14.271,0.0,0,0.0745,16.21
0,655,13.1,hold,0.138,0.02717,-0.1353,0.11718,0.0,-16.78,6.58,0.2951,0.0592,5.444,12.481,0.0,0,0.1308,11.49
1,655,13.1,hold,0.05739,0.05736,0.00195,0.06454,0.0,7.62,0.11,0.31,0.0724,4.921,14.733,0.0,0,0.1144,17.39
2,655,13.1,hold,0.00948,0.00873,-0.0037,0.01794,0.0,13.26,1.36,0.3104,0.0752,0.955,12.466,0.0,0,0.1871,27.78
3,655,13.1,hold,0.11986,0.04193,-0.11229,0.09776,0.0,-12.73,2.04,0.3042,0.0542,7.237,0.0,0.0,0,-0.5725,90.0
4,655,13.1,hold,0.00356,0.00168,-0.00314,0.02157,0.0,6.4,2.25,0.3141,0.0726,-0.043,15.929,0.0,0,0.1779,23.92
5,655,13.1,hold,0.0126,0.01259,0.0001,0.03074,0.0,18.44,1.69,0.3087,0.0808,1.267,14.2,0.0,0,0.1695,31.56
6,655,13.1,hold,0.02584,0.01919,-0.01731,0.02645,0.0,21.12,0.35,0.3067,0.0925,0.107,14.595,0.512,0,0.1843,73.73
7,655,13.1,hold,0.08576,0.08573,0.00255,0.09313,0.0,-2.61,2.18,0.3202,0.0746,4.014,13.926,0.0,0,0.0758,15.84
0,656,13.12,hold,0.13804,0.03084,-0.13455,0.11655,0.0,-17.85,6.43,0.2955,0.0587,5.621,12.478,0.0,0,0.1285,10.54
1,656,13.12,hold,0.06199,0.06199,0.00046,0.06963,0.0,6.15,0.98,0.3107,0.0726,4.935,14.022,0.0,0,0.11,15.87
2,656,13.12,hold,0.01081,0.00985,-0.00445,0.0181,0.0,13.01,1.07,0.3106,0.0751,0.974,13.239,0.0,0,0.1885,27.62
3,656,13.12,hold,0.12044,0.04049,-0.11343,0.09788,0.0,-12.65,2.17,0.3044,0.0538,7.423,0.0,0.0,0,-0.5725,90.0
4,656,13.12,hold,0.00313,0.00174,-0.0026,0.01985,0.0,6.72,1.25,0.3142,0.0723,-0.072,15.541,0.0,0,0.1754,24.17
5,656,13.12,hold,0.01231,0.0123,0.00066,0.03116,0.0,17.9,2.17,0.3086,0.0803,1.232,15.256,0.0,0,0.1698,30.92
6,656,13.12,hold,0.02131,0.01398,-0.01609,0.02249,0.0,21.71,0.47,0.3065,0.0924,0.016,13.04,0.632,0,0.1901,74.34
7,656,13.12,hold,0.0833,0.0833,-0.00024,0.09033,0.0,-2.58,1.84,0.3204,0.0753,4.093,14.305,0.0,0,0.078,15.83
0,657,13.14,hold,0.13575,0.03516,-0.13112,0.11354,0.0,-16.91,4.5,0.2961,0.0582,5.806,12.648,0.0,0,0.1268,10.4
1,657,13.14,hold,0.06198,0.06198,0.00018,0.07032,0.0,6.55,0.42,0.3114,0.0729,5.047,14.63,0.0,0,0.1103,16.29
2,657,13.14,hold,0.01183,0.01063,-0.0052,0.01875,0.0,13.05,0.56,0.3107,0.0749,0.988,14.321,0.0,0,0.1898,27.2
3,657,13.14,hold,0.12136,0.03987,-0.11462,0.09821,0.0,-12.62,2.34,0.3044,0.0533,7.624,0.0,0.0,0,-0.5725,90.0
4,657,13.14,hold,0.00334,0.00284,-0.00175,0.02109,0.0,7.31,0.42,0.3143,0.072,-0.137,14.738,0.0,0,0.1749,24.67
5,657,13.14,hold,0.01256,0.01252,0.00101,0.03238,0.0,17.31,1.62,0.3086,0.0799,1.171,14.551,0.0,0,0.1704,30.61
6,657,13.14,hold,0.01832,0.01031,-0.01515,0.02046,0.0,21.44,0.75,0.3063,0.0922,-0.047,13.863,0.59,0,0.1936,74.06
7,657,13.14,hold,0.07861,0.07859,-0.00185,0.08464,0.0,-1.99,1.14,0.3204,0.076,4.202,13.498,0.0,0,0.0815,16.37
0,658,13.16,hold,0.13248,0.03791,-0.12694,0.10952,0.0,-15.32,2.38,0.2967,0.0577,5.984,12.691,0.0,0,0.1278,11.3
1,658,13.16,hold,0.06035,0.06035,2e-05,0.0687,0.0,7.36,0.05,0.312,0.0733,5.149,14.706,0.0,0,0.112,17.13
2,658,13.16,hold,0.01243,0.01091,-0.00596,0.01909,0.0,12.73,0.65,0.3109,0.0748,1.004,14.794,0.0,0,0.1902,26.77
3,658,13.16,hold,0.12188,0.04077,-0.11486,0.09849,0.0,-12.79,1.8,0.3045,0.0528,7.807,0.0,0.0,0,-0.5725,90.0
4,658,13.16,hold,0.00292,0.00286,-0.0006,0.02204,0.0,8.21,0.16,0.3143,0.0717,-0.177,15.854,0.0,0,0.1765,25.56
5,658,13.16,hold,0.01316,0.01313,0.00074,0.03302,0.0,16.34,1.95,0.3086,0.0794,1.153,14.287,0.0,0,0.1696,29.52
6,658,13.16,hold,0.01727,0.00801,-0.01529,0.01938,0.0,20.72,0.31,0.306,0.0919,-0.071,14.383,0.268,0,0.1955,73.34
7,658,13.16,hold,0.0713,0.07129,-0.00131,0.07631,0.0,-0.62,0.91,0.3202,0.0768,4.238,13.354,1.019,0,0.0882,17.73
0,659,13.18,hold,0.1286,0.03936,-0.12243,0.1047,0.0,-13.56,1.23,0.2973,0.0573,6.143,12.222,0.0,0,0.1311,12.86
1,659,13.18,hold,0.05851,0.05851,-0.00018,0.06627,0.0,7.96,0.03,0.3126,0.0737,5.215,14.561,0.0,0,0.1137,17.76
2,659,13.18,hold,0.01206,0.01058,-0.0058,0.01877,0.0,12.27,1.01,0.311,0.0747,1.027,13.692,0.0,0,0.1895,26.54
3,659,13.18,hold,0.12169,0.04351,-0.11365,0.09833,0.0,-13.02,1.39,0.3047,0.0524,7.967,0.0,0.0,0,-0.5725,90.0
4,659,13.18,hold,0.00106,0.00101,0.00033,0.02041,0.0,8.81,0.92,0.3143,0.0715,-0.152,16.015,0.0,0,0.1778,26.1
5,659,13.18,hold,0.01489,0.01487,0.00077,0.03562,0.0,15.68,2.2,0.3086,0.079,1.092,14.439,0.0,0,0.1697,29.03
6,659,13.18,hold,0.01646,0.00591,-0.01536,0.01969,0.0,19.96,0.21,0.3058,0.0916,-0.114,14.02,0.144,0,0.1968,72.56
7,659,13.18,hold,0.06475,0.06475,-0.00071,0.06817,0.0,0.34,1.64,0.3198,0.0776,4.223,13.786,0.174,0,0.0947,18.72
0,660,13.2,hold,0.12638,0.04136,-0.11943,0.10186,0.0,-12.34,0.12,0.2981,0.0568,6.282,12.369,0.0,0,0.1325,14.01
1,660,13.2,hold,0.05638,0.05638,-0.00049,0.06303,0.0,8.44,0.49,0.3132,0.0741,5.272,14.46,0.0,0,0.1157,18.11
2,660,13.2,hold,0.00987,0.009,-0.00405,0.01827,0.0,11.73,1.15,0.3111,0.0746,1.051,13.418,0.0,0,0.187,26.29
3,660,13.2,hold,0.12018,0.04436,-0.1117,0.0966,0.0,-12.04,1.19,0.3048,0.0519,8.123,0.0,0.0,0,-0.5725,90.0
4,660,13.2,hold,0.00405,0.00388,0.00113,0.02321,0.0,8.89,1.54,0.3143,0.0712,-0.204,14.356,0.0,0,0.1789,26.23
5,660,13.2,hold,0.01571,0.0157,0.00055,0.03721,0.0,15.19,1.55,0.3086,0.0787,1.046,13.412,0.0,0,0.1707,28.43
6,660,13.2,hold,0.01609,0.0049,-0.01533,0.0219,0.0,19.0,0.76,0.3055,0.0912,-0.177,14.096,0.048,0,0.1967,71.58
7,660,13.2,hold,0.06026,0.06024,-0.00128,0.06199,0.0,0.76,2.01,0.3193,0.0782,4.186,13.721,0.0,0,0.0997,19.17
0,661,13.22,hold,0.12472,0.04302,-0.11706,0.09938,0.0,-11.4,0.34,0.299,0.0564,6.44,12.927,0.0,0,0.1355,14.95
1,661,13.22,hold,0.05639,0.05636,-0.00171,0.06086,0.0,7.94,1.5,0.3137,0.0745,5.331,14.507,0.0,0,0.1155,17.51
2,661,13.22,hold,0.00673,0.00632,-0.00233,0.01864,0.0,11.34,0.33,0.3113,0.0745,1.054,13.458,0.0,0,0.183,25.62
3,661,13.22,hold,0.1189,0.04362,-0.11061,0.09504,0.0,-10.95,1.21,0.305,0.0515,8.275,0.0,0.0,0,-0.5725,90.0
4,661,13.22,hold,0.005,0.00454,0.00208,0.02352,0.0,8.77,2.49,0.3144,0.071,-0.201,14.329,0.0,0,0.1798,26.09
5,661,13.22,hold,0.01365,0.01365,0.00013,0.03542,0.0,14.81,1.46,0.3087,0.0783,1.075,13.517,0.0,0,0.1722,28.15
6,661,13.22,hold,0.01672,0.00707,-0.01516,0.02538,0.0,17.71,1.38,0.3053,0.0908,-0.235,14.078,0.265,0,0.1944,70.29
7,661,13.22,hold,0.05509,0.05505,-0.00191,0.05589,0.0,1.42,1.96,0.3185,0.0786,4.123,13.781,0.0,0,0.1055,19.82
0,662,13.24,hold,0.12404,0.04489,-0.11563,0.09794,0.0,-11.19,1.14,0.2998,0.0559,6.602,12.886,0.0,0,0.1392,15.18
1,662,13.24,hold,0.05703,0.05693,-0.00344,0.05896,0.0,7.29,2.4,0.3142,0.0748,5.393,14.554,0.0,0,0.1151,17.01
2,662,13.24,hold,0.00425,0.00416,-0.00087,0.02087,0.0,10.88,0.46,0.3114,0.0744,1.044,14.549,0.0,0,0.179,24.94
3,662,13.24,hold,0.11823,0.04166,-0.11065,0.09401,0.0,-10.12,1.83,0.305,0.051,8.428,0.0,0.0,0,-0.5725,90.0
4,662,13.24,hold,0.00699,0.00674,0.00185,0.02597,0.0,8.1,2.88,0.3145,0.0708,-0.235,14.424,0.0,0,0.1788,25.45
5,662,13.24,hold,0.01323,0.0132,-0.00084,0.03549,0.0,14.68,1.44,0.3088,0.0781,1.027,14.59,0.0,0,0.1744,28.03
6,662,13.24,hold,0.0183,0.01073,-0.01483,0.0291,0.0,16.41,1.47,0.305,0.0905,-0.273,14.579,0.44,0,0.1912,69.0
7,662,13.24,hold,0.04945,0.04939,-0.00239,0.0501,0.0,1.92,2.4,0.3175,0.0789,4.04,13.736,0.0,0,0.1114,20.35
0,663,13.26,hold,0.12464,0.04773,-0.11514,0.0982,0.0,-12.14,1.5,0.3007,0.0554,6.74,12.537,0.0,0,0.1385,14.29
1,663,13.26,hold,0.05713,0.05687,-0.00542,0.0567,0.0,6.98,2.73,0.3145,0.075,5.444,14.658,0.0,0,0.1158,16.76
2,663,13.26,hold,0.00401,0.004,0.00019,0.02475,0.0,10.46,0.79,0.3115,0.0742,1.016,14.494,0.0,0,0.1762,24.54
3,663,13.26,hold,0.11883,0.03977,-0.11198,0.0944,0.0,-9.94,2.63,0.305,0.0504,8.572,0.0,0.0,0,-0.5725,90.0
4,663,13.26,hold,0.00868,0.00831,0.0025,0.02758,0.0,7.53,2.97,0.3147,0.0706,-0.252,14.531,0.0,0,0.1782,24.96
5,663,13.26,hold,0.01238,0.0122,-0.00212,0.03473,0.0,14.23,1.79,0.3088,0.0777,1.002,15.156,0.0,0,0.176,27.87
6,663,13.26,hold,0.01902,0.01246,-0.01438,0.03108,0.0,15.74,1.18,0.3047,0.0901,-0.288,14.098,0.573,0,0.19,68.33
7,663,13.26,hold,0.04357,0.04348,-0.00286,0.04478,0.0,2.52,2.45,0.3164,0.079,3.986,13.507,0.068,0,0.1174,20.96
0,664,13.28,hold,0.12438,0.0513,-0.11331,0.09779,0.0,-12.61,0.86,0.3016,0.0549,6.877,12.559,0.0,0,0.1355,13.76
1,664,13.28,hold,0.05661,0.05607,-0.00778,0.05452,0.0,6.49,3.76,0.3146,0.0752,5.412,15.558,0.0,0,0.1169,16.5
2,664,13.28,hold,0.00648,0.00639,0.00105,0.02928,0.0,10.22,1.05,0.3117,0.0741,0.98,14.15,0.0,0,0.1747,24.41
3,664,13.28,hold,0.12024,0.03847,-0.11392,0.09567,0.0,-9.87,3.21,0.305,0.0497,8.718,0.0,0.0,0,-0.5725,90.0
4,664,13.28,hold,0.00929,0.00866,0.00337,0.02802,0.0,7.2,2.64,0.3148,0.0704,-0.253,14.978,0.0,0,0.1783,24.6
5,664,13.28,hold,0.01434,0.01394,-0.00338,0.03672,0.0,13.87,0.69,0.3089,0.0775,0.923,15.304,0.0,0,0.1782,27.44
6,664,13.28,hold,0.0183,0.01119,-0.01448,0.03024,0.0,15.73,0.99,0.3044,0.0898,-0.279,13.119,0.547,0,0.1913,68.33
7,664,13.28,hold,0.03781,0.03768,-0.00305,0.03929,0.0,3.04,2.72,0.3151,0.079,3.981,13.401,0.067,0,0.1235,21.51
0,665,13.3,hold,0.12276,0.05442,-0.11003,0.09606,0.0,-11.64,0.55,0.3025,0.0544,7.019,12.384,0.0,0,0.1341,14.74
1,665,13.3,hold,0.05794,0.05688,-0.01101,0.05581,0.0,5.13,4.26,0.3147,0.0752,5.327,15.341,0.0,0,0.1151,15.29
2,665,13.3,hold,0.01005,0.0098,0.00223,0.03377,0.0,10.03,0.78,0.3118,0.074,0.952,14.378,0.0,0,0.174,24.22
3,665,13.3,hold,0.12219,0.03869,-0.1159,0.09749,0.0,-9.87,3.49,0.3048,0.049,8.864,0.0,0.0,0,-0.5725,90.0
4,665,13.3,hold,0.01016,0.00984,0.00252,0.02906,0.0,6.24,1.47,0.315,0.0701,-0.279,14.751,0.0,0,0.1761,23.63
5,665,13.3,hold,0.01383,0.01341,-0.00337,0.03609,0.0,13.55,0.91,0.3089,0.0772,0.917,14.558,0.0,0,0.1789,27.07
6,665,13.3,hold,0.01703,0.00889,-0.01453,0.02849,0.0,15.62,0.9,0.3041,0.0895,-0.271,13.226,0.537,0,0.193,68.21
7,665,13.3,hold,0.03266,0.0325,-0.00323,0.03337,0.0,3.32,3.47,0.3138,0.0789,3.993,13.381,0.03,0,0.1293,21.88
0,666,13.32,hold,0.12072,0.05645,-0.10671,0.0936,0.0,-9.8,1.37,0.3032,0.054,7.176,12.31,0.0,0,0.1374,16.66
1,666,13.32,hold,0.05616,0.05455,-0.01336,0.05484,0.0,5.23,3.44,0.3145,0.0752,5.327,14.617,0.0,0,0.117,15.36
2,666,13.32,hold,0.01298,0.01275,0.00242,0.03625,0.0,9.55,0.87,0.312,0.0738,0.958,14.183,0.0,0,0.1716,23.78
3,666,13.32,hold,0.124,0.03944,-0.11756,0.09924,0.0,-9.96,2.95,0.3047,0.0484,9.002,0.0,0.0,0,-0.5725,90.0
4,666,13.32,hold,0.01008,0.00969,0.00278,0.02884,0.0,6.04,0.54,0.3152,0.0699,-0.295,14.371,0.0,0,0.176,23.59
5,666,13.32,hold,0.01272,0.01259,-0.00186,0.03532,0.0,13.12,0.4,0.3091,0.0771,0.893,15.334,0.0,0,0.1772,26.6
6,666,13.32,hold,0.01645,0.00733,-0.01473,0.02758,0.0,15.11,0.89,0.3039,0.0891,-0.283,14.085,0.49,0,0.1939,67.71
7,666,13.32,hold,0.03021,0.02992,-0.00418,0.02889,0.0,3.09,4.07,0.3125,0.0788,3.989,13.508,0.0,0,0.1329,21.74
0,667,13.34,hold,0.11982,0.05817,-0.10475,0.09224,0.0,-8.32,1.26,0.304,0.0535,7.329,12.05,0.0,0,0.1419,18.09
1,667,13.34,hold,0.05232,0.05026,-0.01452,0.05081,0.0,6.01,2.75,0.3143,0.0752,5.422,14.308,0.0,0,0.1215,15.98
2,667,13.34,hold,0.01526,0.0149,0.0033,0.03844,0.0,9.31,0.77,0.3122,0.0738,0.944,13.648,0.0,0,0.1701,23.54
3,667,13.34,hold,0.12471,0.04044,-0.11797,0.10006,0.0,-10.28,2.27,0.3045,0.0477,9.12,0.0,0.0,0,-0.5725,90.0
4,667,13.34,hold,0.00962,0.00907,0.00322,0.02839,0.0,5.78,0.99,0.3154,0.0697,-0.31,13.81,0.0,0,0.1761,23.36
5,667,13.34,hold,0.01147,0.01142,-0.00113,0.03305,0.0,11.88,0.48,0.3093,0.0769,0.9,15.162,0.0,0,0.1713,25.31
6,667,13.34,hold,0.01689,0.00719,-0.01528,0.02812,0.0,14.41,1.03,0.3037,0.0887,-0.314,14.218,0.313,0,0.194,67.0
7,667,13.34,hold,0.02989,0.02937,-0.00555,0.02617,0.0,2.62,4.3,0.3112,0.0786,3.96,14.171,0.052,0,0.1345,21.33
0,668,13.36,hold,0.12034,0.06051,-0.10403,0.09246,0.0,-8.02,0.04,0.3047,0.053,7.487,12.481,0.0,0,0.1458,18.35
1,668,13.36,hold,0.04911,0.04646,-0.01592,0.04598,0.0,6.58,2.45,0.3139,0.0753,5.499,14.395,0.0,0,0.1259,16.6
2,668,13.36,hold,0.01686,0.01629,0.00434,0.04012,0.0,9.15,0.63,0.3124,0.0737,0.922,13.157,0.0,0,0.1693,23.35
3,668,13.36,hold,0.12513,0.04248,-0.1177,0.10033,0.0,-9.96,1.95,0.3043,0.0471,9.256,0.0,0.0,0,-0.5725,90.0
4,668,13.36,hold,0.00823,0.00799,0.002,0.02692,0.0,5.52,1.37,0.3156,0.0694,-0.322,16.031,0.0,0,0.1754,23.02
5,668,13.36,hold,0.01175,0.01174,0.00039,0.03245,0.0,11.67,0.56,0.3095,0.0767,0.849,15.546,0.0,0,0.1689,25.13
6,668,13.36,hold,0.01626,0.00813,-0.01408,0.02879,0.0,13.95,1.33,0.3036,0.0884,-0.347,13.835,0.314,0,0.1934,66.54
7,668,13.36,hold,0.02959,0.0289,-0.00637,0.02414,0.0,2.23,4.24,0.31,0.0784,3.925,14.093,0.0,0,0.1359,20.92
0,669,13.38,hold,0.12209,0.06317,-0.10448,0.09413,0.0,-8.68,1.07,0.3054,0.0524,7.641,12.131,0.0,0,0.1473,17.71
1,669,13.38,hold,0.04698,0.04356,-0.01758,0.04098,0.0,6.88,2.69,0.3135,0.0753,5.545,14.359,0.0,0,0.1301,17.02
2,669,13.38,hold,0.01775,0.01713,0.00464,0.041,0.0,8.94,0.45,0.3126,0.0737,0.897,13.625,0.0,0,0.1687,23.11
3,669,13.38,hold,0.12564,0.0442,-0.1176,0.10054,0.0,-8.98,2.09,0.3041,0.0465,9.397,0.0,0.0,0,-0.5725,90.0
4,669,13.38,hold,0.00656,0.00643,0.00131,0.02481,0.0,5.4,1.28,0.3158,0.0692,-0.33,15.77,0.0,0,0.1744,23.0
5,669,13.38,hold,0.01211,0.01192,0.00215,0.03254,0.0,11.62,0.49,0.3096,0.0765,0.792,14.441,0.0,0,0.1681,24.82
6,669,13.38,hold,0.01599,0.01046,-0.01209,0.0291,0.0,13.55,1.63,0.3036,0.088,-0.369,13.266,0.415,0,0.1897,66.14
7,669,13.38,hold,0.02881,0.02797,-0.00691,0.02226,0.0,1.78,4.38,0.3088,0.0781,3.886,14.128,0.0,0,0.1374,20.5
0,670,13.4,hold,0.12415,0.06637,-0.10492,0.09622,0.0,-9.22,1.18,0.3059,0.0518,7.788,12.414,0.0,0,0.1474,17.16
1,670,13.4,hold,0.04569,0.04129,-0.01956,0.03562,0.0,7.12,3.36,0.313,0.0752,5.582,14.138,0.0,0,0.1349,17.49
2,670,13.4,hold,0.01808,0.01755,0.00435,0.04146,0.0,8.76,0.22,0.3128,0.0736,0.866,13.92,0.0,0,0.1688,22.91
3,670,13.4,hold,0.1264,0.04467,-0.11824,0.1012,0.0,-8.34,2.38,0.3039,0.0459,9.519,0.0,0.0,0,-0.5725,90.0
4,670,13.4,hold,0.0053,0.00488,0.00205,0.02223,0.0,5.51,0.65,0.3161,0.069,-0.34,14.9,0.0,0,0.1732,23.01
5,670,13.4,hold,0.01278,0.01231,0.00342,0.03281,0.0,11.39,0.62,0.3098,0.0762,0.761,14.434,0.0,0,0.1674,25.0
6,670,13.4,hold,0.01748,0.01387,-0.01065,0.02902,0.0,13.29,1.76,0.3036,0.0876,-0.368,14.029,0.394,0,0.1843,65.89
7,670,13.4,hold,0.02737,0.02637,-0.00733,0.02021,0.0,1.43,4.44,0.3076,0.0778,3.85,13.966,0.0,0,0.1393,20.17
0,671,13.42,hold,0.12579,0.07,-0.10452,0.09795,0.0,-9.03,0.68,0.3063,0.0513,7.926,12.46,0.0,0,0.1469,17.35
1,671,13.42,hold,0.04758,0.04163,-0.02305,0.0338,0.0,6.32,4.18,0.3125,0.075,5.56,14.411,0.0,0,0.1367,16.7
2,671,13.42,hold,0.01798,0.01749,0.00418,0.0416,0.0,8.69,0.03,0.313,0.0736,0.833,14.095,0.0,0,0.1694,22.84
3,671,13.42,hold,0.12714,0.04494,-0.11893,0.10197,0.0,-8.34,2.63,0.3037,0.0452,9.628,0.0,0.0,0,-0.5725,90.0
4,671,13.42,hold,0.00589,0.00487,0.00331,0.02122,0.0,5.65,0.03,0.3163,0.0689,-0.381,15.466,0.0,0,0.1724,23.09
5,671,13.42,hold,0.01448,0.014,0.00369,0.03428,0.0,10.86,0.51,0.31,0.076,0.714,15.046,0.0,0,0.1659,24.25
6,671,13.42,hold,0.01968,0.01715,-0.00965,0.02784,0.0,13.25,1.86,0.3035,0.0871,-0.341,14.211,0.449,0,0.1796,65.83
7,671,13.42,hold,0.02584,0.02467,-0.0077,0.01804,0.0,1.19,4.38,0.3066,0.0775,3.83,13.756,0.0,0,0.1414,19.92
0,672,13.44,hold,0.12767,0.07427,-0.10384,0.09998,0.0,-7.36,0.03,0.3066,0.0508,8.079,12.391,0.0,0,0.1511,18.97
1,672,13.44,hold,0.04903,0.0408,-0.02719,0.03261,0.0,5.52,4.92,0.3118,0.0747,5.494,14.685,0.0,0,0.1386,16.14
2,672,13.44,hold,0.01784,0.01736,0.00411,0.04136,0.0,8.56,0.18,0.3132,0.0736,0.805,14.292,0.0,0,0.1692,22.7
3,672,13.44,hold,0.12854,0.04654,-0.11982,0.10331,0.0,-8.16,2.54,0.3035,0.0445,9.741,0.0,0.0,0,-0.5725,90.0
4,672,13.44,hold,0.00678,0.00575,0.0036,0.02174,0.0,5.55,0.0,0.3165,0.0687,-0.437,14.976,0.0,0,0.1716,22.88
5,672,13.44,hold,0.01544,0.01512,0.00313,0.03457,0.0,10.16,0.63,0.3102,0.0757,0.709,14.846,0.0,0,0.164,23.59
6,672,13.44,hold,0.0222,0.0204,-0.00876,0.02738,0.0,13.36,2.34,0.3035,0.0866,-0.345,14.33,0.432,0,0.1762,65.95
7,672,13.44,hold,0.02446,0.02309,-0.00805,0.01559,0.0,1.01,4.32,0.3056,0.0771,3.822,13.748,0.0,0,0.1437,19.73
0,673,13.46,hold,0.13055,0.07896,-0.10397,0.10309,0.0,-5.36,0.15,0.3067,0.0504,8.229,12.293,0.0,0,0.1586,20.99
1,673,13.46,hold,0.04968,0.03862,-0.03125,0.0313,0.0,5.04,5.31,0.311,0.0743,5.452,14.297,0.0,0,0.1413,15.81
2,673,13.46,hold,0.01789,0.01749,0.00376,0.04097,0.0,8.27,0.22,0.3134,0.0736,0.775,14.401,0.0,0,0.1681,22.45
3,673,13.46,hold,0.1299,0.04868,-0.12044,0.10458,0.0,-8.02,2.2,0.3033,0.0439,9.846,0.0,0.0,0,-0.5725,90.0
4,673,13.46,hold,0.0063,0.00467,0.00422,0.02204,0.0,5.86,0.26,0.3166,0.0686,-0.473,14.953,0.0,0,0.1733,23.03
5,673,13.46,hold,0.01657,0.01644,0.00205,0.03563,0.0,9.55,0.57,0.3103,0.0755,0.675,14.529,0.0,0,0.1627,23.16
6,673,13.46,hold,0.02317,0.02189,-0.00761,0.02686,0.0,13.98,2.31,0.3033,0.0861,-0.364,14.952,0.395,0,0.1754,66.57
7,673,13.46,hold,0.02316,0.02158,-0.00841,0.01278,0.0,0.9,4.33,0.3046,0.0768,3.816,13.75,0.0,0,0.1465,19.63
0,674,13.48,hold,0.13463,0.08393,-0.10526,0.10752,0.0,-4.2,1.37,0.3067,0.0498,8.369,12.833,0.0,0,0.1657,22.18
1,674,13.48,hold,0.05124,0.03694,-0.0355,0.03126,0.0,4.61,5.37,0.3101,0.0738,5.448,14.117,0.0,0,0.1436,15.48
2,674,13.48,hold,0.01774,0.01732,0.00383,0.04065,0.0,8.16,0.25,0.3136,0.0736,0.734,14.1,0.0,0,0.1679,22.32
3,674,13.48,hold,0.1313,0.05127,-0.12088,0.10586,0.0,-7.48,1.97,0.3031,0.0433,9.952,0.0,0.0,0,-0.5725,90.0
4,674,13.48,hold,0.00613,0.00456,0.0041,0.02262,0.0,5.86,0.13,0.3166,0.0684,-0.499,14.749,0.0,0,0.1746,23.07
5,674,13.48,hold,0.01685,0.01684,0.00064,0.03581,0.0,8.98,0.79,0.3105,0.0753,0.658,14.139,0.0,0,0.162,22.47
6,674,13.48,hold,0.02443,0.02346,-0.00683,0.02678,0.0,14.43,1.93,0.3033,0.0855,-0.359,14.405,0.464,0,0.1744,67.03
7,674,13.48,hold,0.02279,0.0208,-0.0093,0.0104,0.0,0.69,4.2,0.3038,0.0765,3.814,13.807,0.0,0,0.1486,19.4
0,675,13.5,hold,0.13953,0.08887,-0.10756,0.11285,0.0,-4.0,2.23,0.3066,0.0493,8.501,12.123,0.0,0,0.1704,22.46
1,675,13.5,hold,0.05342,0.03575,-0.0397,0.03172,0.0,4.41,5.35,0.3091,0.0734,5.479,13.919,0.0,0,0.1465,15.3
2,675,13.5,hold,0.0173,0.01681,0.00409,0.04046,0.0,8.2,0.28,0.3138,0.0737,0.685,13.99,0.0,0,0.1685,22.36
3,675,13.5,hold,0.13239,0.0536,-0.12105,0.10688,0.0,-7.03,2.04,0.303,0.0427,10.056,0.0,0.0,0,-0.5725,90.0
4,675,13.5,hold,0.00647,0.00552,0.00336,0.02318,0.0,5.54,0.06,0.3168,0.0682,-0.52,14.795,0.0,0,0.174,22.76
5,675,13.5,hold,0.01517,0.01516,-0.00051,0.03454,0.0,8.88,0.99,0.3106,0.0753,0.649,14.687,0.0,0,0.1635,22.65
6,675,13.5,hold,0.02562,0.02497,-0.00575,0.02727,0.0,14.49,1.59,0.3032,0.085,-0.344,13.647,0.697,0,0.1732,67.09
7,675,13.5,hold,0.02244,0.02024,-0.00968,0.00751,0.0,0.68,4.09,0.303,0.0761,3.823,13.568,0.0,0,0.1514,19.37
0,676,13.52,hold,0.14429,0.0936,-0.10981,0.11799,0.0,-3.89,2.31,0.3064,0.0487,8.621,12.237,0.0,0,0.1734,22.58
1,676,13.52,hold,0.05663,0.03542,-0.04419,0.03349,0.0,4.05,5.52,0.3082,0.0729,5.507,14.067,0.0,0,0.1492,15.04
2,676,13.52,hold,0.01677,0.0163,0.00394,0.04001,0.0,8.14,0.37,0.314,0.0737,0.641,14.224,0.0,0,0.169,22.29
3,676,13.52,hold,0.13384,0.05618,-0.12148,0.1083,0.0,-6.31,2.62,0.303,0.0421,10.164,0.0,0.0,0,-0.5725,90.0
4,676,13.52,hold,0.00683,0.00577,0.00364,0.02296,0.0,5.5,0.01,0.317,0.068,-0.533,14.687,0.0,0,0.1731,22.67
5,676,13.52,hold,0.01377,0.01365,-0.00175,0.03446,0.0,8.96,0.75,0.3107,0.0753,0.599,14.76,0.0,0,0.1663,22.8
6,676,13.52,hold,0.02613,0.02567,-0.0049,0.02839,0.0,14.47,1.45,0.3033,0.0846,-0.356,13.475,0.851,0,0.1723,67.06
7,676,13.52,hold,0.02264,0.02005,-0.0105,0.00494,0.0,0.5,4.06,0.3023,0.0758,3.833,13.601,0.0,0,0.1537,19.18
0,677,13.54,hold,0.14785,0.09731,-0.11131,0.12183,0.0,-3.34,2.04,0.306,0.0481,8.712,12.505,0.0,0,0.1757,23.11
1,677,13.54,hold,0.06022,0.03527,-0.04881,0.03646,0.0,3.37,5.67,0.3072,0.0725,5.506,14.198,0.0,0,0.1505,14.47
2,677,13.54,hold,0.01615,0.01568,0.00386,0.0395,0.0,8.13,0.48,0.3142,0.0738,0.597,14.339,0.0,0,0.1696,22.29
3,677,13.54,hold,0.13481,0.05739,-0.12198,0.10932,0.0,-6.12,2.62,0.3029,0.0416,10.25,0.0,0.0,0,-0.5725,90.0
4,677,13.54,hold,0.00727,0.00566,0.00456,0.02213,0.0,5.6,0.07,0.3172,0.068,-0.55,14.622,0.0,0,0.1722,22.75
5,677,13.54,hold,0.01237,0.0119,-0.00336,0.03405,0.0,8.96,0.82,0.3108,0.0753,0.576,14.201,0.0,0,0.1694,22.82
6,677,13.54,hold,0.0274,0.02699,-0.00475,0.03139,0.0,14.04,1.28,0.3034,0.0841,-0.392,13.511,0.613,0,0.1702,66.64
7,677,13.54,hold,0.02301,0.02008,-0.01125,0.0024,0.0,0.38,3.95,0.3017,0.0755,3.848,13.787,0.0,0,0.156,19.05
0,678,13.56,hold,0.15088,0.10033,-0.11269,0.12508,0.0,-2.05,1.68,0.3055,0.0475,8.794,12.354,0.0,0,0.1804,24.36
1,678,13.56,hold,0.06346,0.0346,-0.0532,0.03977,0.0,2.46,5.62,0.3063,0.072,5.493,14.08,0.0,0,0.1504,13.61
2,678,13.56,hold,0.01568,0.01522,0.00381,0.03903,0.0,8.09,0.56,0.3143,0.0738,0.552,14.565,0.0,0,0.1699,22.24
3,678,13.56,hold,0.13581,0.05865,-0.12249,0.11036,0.0,-5.93,2.41,0.3028,0.041,10.331,0.0,0.0,0,-0.5725,90.0
4,678,13.56,hold,0.00745,0.00529,0.00524,0.02118,0.0,5.69,0.08,0.3173,0.0679,-0.574,14.573,0.0,0,0.1721,23.09
5,678,13.56,hold,0.01224,0.01108,-0.0052,0.03441,0.0,8.93,0.7,0.3109,0.0752,0.547,14.453,0.0,0,0.1728,22.98
6,678,13.56,hold,0.02824,0.02768,-0.00558,0.03298,0.0,14.04,1.15,0.3035,0.0837,-0.395,13.865,0.585,0,0.1695,66.64
7,678,13.56,hold,0.02373,0.02009,-0.01264,0.00101,0.0,0.05,3.74,0.3011,0.0751,3.858,13.647,0.0,0,0.1572,18.69
0,679,13.58,hold,0.15423,0.10307,-0.11473,0.12863,0.0,-0.84,1.64,0.305,0.047,8.876,12.349,0.0,0,0.187,25.56
1,679,13.58,hold,0.06666,0.0339,-0.0574,0.04341,0.0,1.41,5.39,0.3053,0.0715,5.501,13.997,0.0,0,0.1492,12.54
2,679,13.58,hold,0.01541,0.01494,0.00378,0.03856,0.0,7.98,0.58,0.3145,0.0739,0.505,14.664,0.0,0,0.1697,22.14
3,679,13.58,hold,0.13773,0.0614,-0.12328,0.11227,0.0,-5.44,2.11,0.3028,0.0404,10.426,0.0,0.0,0,-0.5725,90.0
4,679,13.58,hold,0.00673,0.00388,0.0055,0.01974,0.0,5.9,0.14,0.3175,0.0678,-0.596,14.693,0.0,0,0.1732,23.51
5,679,13.58,hold,0.01286,0.01164,-0.00545,0.03534,0.0,8.85,0.41,0.311,0.0753,0.509,14.566,0.0,0,0.1744,22.85
6,679,13.58,hold,0.02771,0.0269,-0.00666,0.03151,0.0,14.56,0.64,0.3037,0.0834,-0.34,14.665,0.497,0,0.1708,67.16
7,679,13.58,hold,0.02392,0.01995,-0.01321,0.00145,0.0,-0.16,3.66,0.3006,0.0748,3.878,13.523,0.0,0,0.1588,18.48
0,680,13.6,hold,0.15484,0.10241,-0.11614,0.12915,0.0,-1.25,1.93,0.3044,0.0464,8.916,13.102,0.0,0,0.1878,25.18
1,680,13.6,hold,0.06994,0.03325,-0.06153,0.04725,0.0,0.3,5.15,0.3044,0.071,5.536,13.889,0.0,0,0.1476,11.41
2,680,13.6,hold,0.01515,0.01465,0.00383,0.0381,0.0,7.88,0.57,0.3146,0.074,0.458,14.409,0.0,0,0.1695,22.05
3,680,13.6,hold,0.1389,0.06372,-0.12343,0.11342,0.0,-5.23,1.81,0.3027,0.0399,10.511,0.0,0.0,0,-0.5725,90.0
4,680,13.6,hold,0.00598,0.00284,0.00526,0.01849,0.0,5.83,0.07,0.3176,0.0677,-0.62,14.536,0.0,0,0.1742,23.5
5,680,13.6,hold,0.01167,0.01063,-0.00481,0.03356,0.0,8.03,0.23,0.3112,0.0754,0.533,13.986,0.0,0,0.171,22.07
6,680,13.6,hold,0.02679,0.02584,-0.0071,0.02829,0.0,14.89,0.16,0.3039,0.0831,-0.26,12.917,0.941,0,0.1726,67.49
7,680,13.6,hold,0.0237,0.01967,-0.01323,0.00313,0.0,-0.25,3.72,0.3001,0.0745,3.903,13.477,0.0,0,0.1607,18.39
0,681,13.62,hold,0.15485,0.1015,-0.11695,0.12895,0.0,-1.11,1.31,0.3039,0.0458,8.968,12.284,0.0,0,0.1877,25.26
1,681,13.62,hold,0.07367,0.03308,-0.06582,0.05155,0.0,-0.94,4.92,0.3034,0.0704,5.595,13.824,0.0,0,0.1456,10.2
2,681,13.62,hold,0.01471,0.01422,0.00374,0.03761,0.0,7.82,0.57,0.3148,0.074,0.408,14.418,0.0,0,0.1697,21.99
3,681,13.62,hold,0.14118,0.06746,-0.12402,0.11579,0.0,-4.26,2.31,0.3027,0.0394,10.606,0.0,0.0,0,-0.5725,90.0
4,681,13.62,hold,0.00602,0.00213,0.00563,0.01834,0.0,5.71,0.0,0.3178,0.0677,-0.657,14.26,0.0,0,0.1749,23.41
5,681,13.62,hold,0.01198,0.0111,-0.0045,0.03083,0.0,7.05,0.36,0.3115,0.0754,0.557,14.831,0.0,0,0.1658,21.08
6,681,13.62,hold,0.02481,0.02398,-0.00637,0.02572,0.0,14.91,0.29,0.3042,0.0829,-0.251,12.773,0.643,0,0.175,67.54
7,681,13.62,hold,0.02252,0.01906,-0.01199,0.00198,0.0,-0.59,3.51,0.2998,0.0742,3.929,13.746,0.0,0,0.1591,18.02
0,682,13.64,hold,0.15686,0.10297,-0.11833,0.13102,0.0,-0.05,1.08,0.3032,0.0453,9.06,12.262,0.0,0,0.1916,26.31
1,682,13.64,hold,0.07784,0.03348,-0.07027,0.05621,0.0,-2.26,4.71,0.3025,0.0699,5.673,13.803,0.0,0,0.1434,8.95
2,682,13.64,hold,0.01409,0.01359,0.00373,0.03726,0.0,7.87,0.56,0.3149,0.0741,0.353,14.438,0.0,0,0.1706,22.04
3,682,13.64,hold,0.1426,0.06919,-0.1247,0.11734,0.0,-3.89,2.41,0.3027,0.0389,10.678,0.0,0.0,0,-0.5725,90.0
4,682,13.64,hold,0.00687,0.00258,0.00637,0.02014,0.0,5.61,0.31,0.3179,0.0677,-0.722,14.132,0.0,0,0.1749,23.33
5,682,13.64,hold,0.01352,0.01289,-0.0041,0.0294,0.0,6.63,0.42,0.3117,0.0754,0.521,15.42,0.0,0,0.1626,20.62
6,682,13.64,hold,0.02183,0.02113,-0.00547,0.02441,0.0,14.69,0.32,0.3045,0.0827,-0.287,13.825,0.516,0,0.1773,67.31
7,682,13.64,hold,0.02066,0.01883,-0.00852,0.00538,0.0,-1.09,2.91,0.2996,0.074,3.953,13.609,0.0,0,0.1544,17.43
0,683,13.66,hold,0.15887,0.10392,-0.12016,0.13317,0.0,0.32,1.82,0.3024,0.0448,9.132,12.46,0.0,0,0.1954,26.73
1,683,13.66,hold,0.08243,0.03447,-0.07488,0.06107,0.0,-3.59,4.51,0.3016,0.0693,5.776,13.755,0.0,0,0.1412,7.74
2,683,13.66,hold,0.01356,0.01304,0.00373,0.03693,0.0,7.9,0.57,0.315,0.0742,0.301,14.528,0.0,0,0.1713,22.07
3,683,13.66,hold,0.14353,0.07052,-0.12502,0.1183,0.0,-3.74,1.75,0.3026,0.0384,10.748,0.0,0.0,0,-0.5725,90.0
4,683,13.66,hold,0.00788,0.00378,0.00691,0.02188,0.0,5.91,1.04,0.318,0.0677,-0.784,14.41,0.0,0,0.1755,23.56
5,683,13.66,hold,0.01263,0.01232,-0.00276,0.02836,0.0,6.91,0.86,0.3117,0.0754,0.465,13.767,0.0,0,0.1631,20.96
6,683,13.66,hold,0.0201,0.01928,-0.00567,0.02594,0.0,13.84,0.71,0.3048,0.0825,-0.344,14.007,0.11,0,0.1777,66.44
7,683,13.66,hold,0.01982,0.01916,-0.00507,0.01215,0.0,-1.88,2.73,0.2995,0.0737,3.963,13.684,0.0,0,0.1486,16.62
0,684,13.68,hold,0.15846,0.10194,-0.12132,0.13262,0.0,-0.33,2.21,0.3017,0.0443,9.159,12.417,0.0,0,0.1957,26.11
1,684,13.68,hold,0.08749,0.03599,-0.07975,0.0662,0.0,-4.97,4.37,0.3008,0.0687,5.898,13.728,0.0,0,0.139,6.57
2,684,13.68,hold,0.01324,0.01273,0.00362,0.0365,0.0,7.81,0.54,0.3151,0.0743,0.255,14.496,0.0,0,0.1712,21.98
3,684,13.68,hold,0.14669,0.07489,-0.12613,0.12161,0.0,-2.6,1.81,0.3025,0.0378,10.844,0.0,0.0,0,-0.5725,90.0
4,684,13.68,hold,0.00734,0.00418,0.00603,0.02121,0.0,5.97,1.05,0.318,0.0676,-0.809,14.571,0.0,0,0.1744,23.63
5,684,13.68,hold,0.01127,0.01113,-0.00174,0.02908,0.0,7.39,0.83,0.3118,0.0753,0.392,14.325,0.0,0,0.1648,21.39
6,684,13.68,hold,0.02004,0.01854,-0.0076,0.02769,0.0,13.14,1.26,0.3051,0.0821,-0.356,13.578,0.449,0,0.1779,65.74
7,684,13.68,hold,0.01956,0.01946,-0.00201,0.01823,0.0,-2.42,2.33,0.2995,0.0734,3.971,13.63,0.0,0,0.1443,16.04
0,685,13.7,hold,0.1565,0.09829,-0.12179,0.1303,0.0,-0.98,1.89,0.301,0.0437,9.181,12.556,0.0,0,0.1934,25.44
1,685,13.7,hold,0.09297,0.03779,-0.08494,0.07172,0.0,-6.46,4.24,0.2999,0.0681,6.028,13.708,0.0,0,0.1366,5.44
2,685,13.7,hold,0.01298,0.01247,0.00358,0.03606,0.0,7.7,0.5,0.3151,0.0744,0.208,14.415,0.0,0,0.1711,21.88
3,685,13.7,hold,0.14892,0.07757,-0.12712,0.12401,0.0,-2.18,1.93,0.3025,0.0373,10.921,0.0,0.0,0,-0.5725,90.0
4,685,13.7,hold,0.008,0.00536,0.00593,0.02112,0.0,5.88,1.31,0.3181,0.0675,-0.848,14.675,0.0,0,0.1727,23.69
5,685,13.7,hold,0.01129,0.0112,-0.00149,0.03166,0.0,7.71,0.43,0.3118,0.0752,0.311,15.055,0.0,0,0.1665,21.74
6,685,13.7,hold,0.01902,0.01611,-0.01011,0.02676,0.0,13.14,1.3,0.3054,0.0819,-0.322,14.157,0.522,0,0.1805,65.73
7,685,13.7,hold,0.01892,0.01889,0.00103,0.02311,0.0,-2.46,1.98,0.2994,0.073,3.983,13.395,0.0,0,0.1422,15.95
0,686,13.72,hold,0.15586,0.09629,-0.12256,0.12944,0.0,-0.86,1.34,0.3004,0.0433,9.24,12.421,0.0,0,0.1932,25.53
1,686,13.72,hold,0.09865,0.03967,-0.09033,0.07737,0.0,-7.96,4.13,0.2992,0.0674,6.172,13.674,0.0,0,0.1344,4.51
2,686,13.72,hold,0.01268,0.01212,0.00371,0.03586,0.0,7.71,0.45,0.3152,0.0745,0.155,14.339,0.0,0,0.1714,21.89
3,686,13.72,hold,0.14986,0.07868,-0.12754,0.12506,0.0,-2.06,2.09,0.3024,0.0369,10.98,0.0,0.0,0,-0.5725,90.0
4,686,13.72,hold,0.00898,0.00521,0.00732,0.02068,0.0,6.58,0.1,0.3182,0.0676,-0.884,14.236,0.0,0,0.1725,24.33
5,686,13.72,hold,0.01219,0.01195,-0.00242,0.03327,0.0,7.77,0.38,0.3118,0.0751,0.269,14.129,0.0,0,0.1674,21.8
6,686,13.72,hold,0.01794,0.01266,-0.01271,0.02357,0.0,13.2,1.15,0.3057,0.0817,-0.266,13.977,0.498,0,0.1838,65.79
7,686,13.72,hold,0.01877,0.01841,0.00366,0.0272,0.0,-2.4,2.06,0.2995,0.0726,4.009,13.208,0.0,0,0.1412,16.04
0,687,13.74,hold,0.15701,0.09629,-0.12401,0.1306,0.0,-0.51,1.47,0.2997,0.0428,9.325,12.258,0.0,0,0.1958,25.88
1,687,13.74,hold,0.10466,0.04171,-0.09599,0.08322,0.0,-9.42,3.98,0.2985,0.0667,6.33,13.674,0.0,0,0.1324,3.89
2,687,13.74,hold,0.01227,0.01162,0.00391,0.03572,0.0,7.77,0.4,0.3153,0.0746,0.103,14.167,0.0,0,0.1723,21.95
3,687,13.74,hold,0.15166,0.0805,-0.12853,0.12703,0.0,-1.62,2.33,0.3024,0.0364,11.043,0.0,0.0,0,-0.5725,90.0
4,687,13.74,hold,0.01017,0.00566,0.00845,0.02023,0.0,6.98,0.92,0.3182,0.0676,-0.911,14.049,0.0,0,0.1718,24.65
5,687,13.74,hold,0.01163,0.01096,-0.00388,0.03224,0.0,7.74,0.24,0.3119,0.075,0.279,13.692,0.0,0,0.1681,21.92
6,687,13.74,hold,0.0169,0.00935,-0.01407,0.01897,0.0,13.36,0.85,0.3059,0.0816,-0.216,13.569,0.602,0,0.1881,65.95
7,687,13.74,hold,0.01989,0.0193,0.00477,0.03103,0.0,-2.53,1.63,0.2996,0.0722,4.03,13.307,0.0,0,0.1395,15.86
0,688,13.76,hold,0.15673,0.09465,-0.12492,0.13028,0.0,-1.07,1.85,0.2992,0.0424,9.386,12.637,0.0,0,0.1954,25.35
1,688,13.76,hold,0.11034,0.04338,-0.10146,0.08854,0.0,-10.84,4.15,0.2979,0.066,6.503,13.598,0.0,0,0.1312,4.14
2,688,13.76,hold,0.01199,0.01139,0.00374,0.03549,0.0,7.7,0.41,0.3153,0.0747,0.054,14.527,0.0,0,0.1725,21.88
3,688,13.76,hold,0.15345,0.08219,-0.12958,0.12899,0.0,-1.3,2.59,0.3023,0.0359,11.103,0.0,0.0,0,-0.5725,90.0
4,688,13.76,hold,0.01102,0.0056,0.00949,0.02103,0.0,7.23,2.76,0.3182,0.0676,-0.951,13.171,0.0,0,0.1721,25.08
5,688,13.76,hold,0.01138,0.01041,-0.00459,0.03002,0.0,7.37,0.91,0.3119,0.075,0.292,15.088,0.0,0,0.1668,21.68
6,688,13.76,hold,0.0145,0.00706,-0.01266,0.01665,0.0,13.6,0.24,0.3063,0.0816,-0.24,13.259,0.289,0,0.1916,66.2
7,688,13.76,hold,0.02072,0.01984,0.00598,0.03368,0.0,-2.51,1.71,0.2998,0.0718,4.07,13.109,0.0,0,0.1389,15.89
0,689,13.78,hold,0.15691,0.09371,-0.12586,0.13035,0.0,-1.28,1.74,0.2988,0.042,9.457,12.486,0.0,0,0.1952,25.14
1,689,13.78,hold,0.11635,0.0446,-0.10746,0.0943,0.0,-12.33,4.33,0.2973,0.0653,6.665,13.702,0.0,0,0.1303,4.86
2,689,13.78,hold,0.01184,0.0113,0.00352,0.03518,0.0,7.56,0.36,0.3154,0.0748,0.008,14.447,0.0,0,0.1721,21.75
3,689,13.78,hold,0.15552,0.08423,-0.13073,0.1312,0.0,-0.95,2.61,0.3021,0.0355,11.162,0.0,0.0,0,-0.5725,90.0
4,689,13.78,hold,0.01166,0.00521,0.01043,0.02322,0.0,7.56,4.52,0.3182,0.0676,-1.013,13.227,0.0,0,0.1743,25.65
5,689,13.78,hold,0.01192,0.01141,-0.00343,0.028,0.0,7.24,0.59,0.3121,0.075,0.281,15.041,0.0,0,0.1645,21.47
6,689,13.78,hold,0.01219,0.00645,-0.01034,0.01992,0.0,12.85,1.23,0.3067,0.0815,-0.341,13.554,0.195,0,0.1897,65.45
7,689,13.78,hold,0.02098,0.01983,0.00685,0.03547,0.0,-2.41,1.74,0.3,0.0715,4.107,13.211,0.832,0,0.1391,16.0
0,690,13.8,hold,0.15792,0.09371,-0.12711,0.1314,0.0,-1.26,1.93,0.2984,0.0417,9.534,12.378,0.0,0,0.1968,25.18
1,690,13.8,hold,0.12243,0.04917,-0.11212,0.10074,0.0,-13.97,3.64,0.2969,0.0645,6.804,14.121,0.0,0,0.1245,5.39
2,690,13.8,hold,0.01155,0.01091,0.00379,0.03478,0.0,7.52,0.27,0.3154,0.0749,-0.035,14.11,0.0,0,0.1721,21.71
3,690,13.8,hold,0.15811,0.08701,-0.13202,0.13396,0.0,-0.62,2.67,0.3019,0.0351,11.226,0.0,0.0,0,-0.5725,90.0
4,690,13.8,hold,0.01281,0.00719,0.01061,0.02557,0.0,7.63,5.59,0.3181,0.0675,-1.058,13.852,0.0,0,0.1769,25.88
5,690,13.8,hold,0.01337,0.01321,-0.00208,0.02787,0.0,7.25,0.47,0.3122,0.0751,0.232,16.063,0.0,0,0.1625,21.56
6,690,13.8,hold,0.01412,0.01026,-0.0097,0.02187,0.0,12.39,1.39,0.307,0.0813,-0.344,13.627,0.0,0,0.1852,64.62
7,690,13.8,hold,0.02019,0.01877,0.00744,0.03615,0.0,-2.02,1.48,0.3002,0.0712,4.147,13.369,0.16,0,0.1405,16.37
0,691,13.82,hold,0.1585,0.09313,-0.12825,0.13202,0.0,-1.52,2.23,0.298,0.0413,9.598,12.509,0.0,0,0.1976,24.93
1,691,13.82,hold,0.12484,0.05257,-0.11323,0.10348,0.0,-13.21,1.53,0.2967,0.064,6.959,13.523,0.0,0,0.1208,3.58
2,691,13.82,hold,0.01112,0.01029,0.00421,0.03448,0.0,7.58,0.18,0.3154,0.075,-0.085,13.977,0.0,0,0.1727,21.77
3,691,13.82,hold,0.16068,0.08979,-0.13325,0.13668,0.0,-0.16,2.54,0.3017,0.0347,11.285,0.0,0.0,0,-0.5725,90.0
4,691,13.82,hold,0.01317,0.00906,0.00956,0.02652,0.0,7.06,5.99,0.318,0.0674,-1.069,12.949,0.0,0,0.1777,25.48
5,691,13.82,hold,0.01421,0.01414,-0.00131,0.02891,0.0,7.48,0.07,0.3123,0.0751,0.164,15.554,0.0,0,0.1618,22.05
6,691,13.82,hold,0.01786,0.01491,-0.00983,0.02237,0.0,11.82,1.75,0.3073,0.081,-0.288,13.969,0.435,0,0.1804,64.41
7,691,13.82,hold,0.01881,0.01716,0.00772,0.03625,0.0,-1.65,1.41,0.3005,0.0709,4.18,13.215,0.315,0,0.1427,16.73
0,692,13.84,hold,0.15829,0.0917,-0.12902,0.13166,0.0,-1.93,1.82,0.2977,0.0409,9.654,12.311,0.0,0,0.1965,24.5
1,692,13.84,hold,0.12415,0.05413,-0.11172,0.10265,0.0,-11.5,0.01,0.2966,0.0635,7.147,12.995,0.0,0,0.1203,1.59
2,692,13.84,hold,0.01075,0.00979,0.00444,0.03442,0.0,7.65,0.17,0.3154,0.0751,-0.14,13.969,0.0,0,0.1736,21.84
3,692,13.84,hold,0.16329,0.09251,-0.13455,0.13945,0.0,0.47,2.43,0.3015,0.0343,11.338,0.0,0.0,0,-0.5725,90.0
4,692,13.84,hold,0.01359,0.01019,0.00899,0.02708,0.0,6.44,6.33,0.318,0.0674,-1.079,12.895,0.0,0,0.1775,25.01
5,692,13.84,hold,0.01373,0.01371,-0.00085,0.02924,0.0,7.92,0.24,0.3122,0.075,0.11,15.524,0.0,0,0.1627,22.74
6,692,13.84,hold,0.01969,0.01711,-0.00973,0.02263,0.0,11.97,2.12,0.3076,0.0807,-0.301,14.079,0.428,0,0.1785,64.56
7,692,13.84,hold,0.01707,0.0153,0.00758,0.03602,0.0,-1.42,1.84,0.3008,0.0707,4.207,13.141,0.655,0,0.1452,17.0
0,693,13.86,hold,0.15858,0.09127,-0.12968,0.13175,0.0,-1.97,1.29,0.2975,0.0406,9.729,12.45,0.0,0,0.1956,24.4
1,693,13.86,hold,0.12217,0.05445,-0.10937,0.10019,0.0,-9.6,0.84,0.2968,0.063,7.33,13.121,0.0,0,0.1219,0.99
2,693,13.86,hold,0.01053,0.00964,0.00425,0.0343,0.0,7.59,0.22,0.3155,0.0751,-0.19,14.423,0.0,0,0.1738,21.77
3,693,13.86,hold,0.16477,0.0939,-0.1354,0.14108,0.0,1.03,2.38,0.3012,0.0339,11.378,0.0,0.0,0,-0.5725,90.0
4,693,13.86,hold,0.01444,0.01177,0.00836,0.02814,0.0,5.8,6.62,0.318,0.0673,-1.112,12.662,0.0,0,0.1761,24.48
5,693,13.86,hold,0.01381,0.01375,-0.00131,0.02963,0.0,8.0,0.49,0.3122,0.0749,0.08,15.062,0.0,0,0.1628,22.81
6,693,13.86,hold,0.0192,0.01686,-0.00918,0.02222,0.0,12.63,2.11,0.3077,0.0804,-0.338,14.383,0.387,0,0.1794,65.22
7,693,13.86,hold,0.01505,0.01348,0.00669,0.03561,0.0,-1.19,1.66,0.301,0.0705,4.226,13.369,0.284,0,0.148,17.21
0,694,13.88,hold,0.15884,0.09108,-0.13013,0.13192,0.0,-1.69,0.82,0.2973,0.0403,9.8,12.468,0.0,0,0.1955,24.68
1,694,13.88,hold,0.12039,0.0535,-0.10784,0.09735,0.0,-7.68,0.73,0.2972,0.0627,7.507,12.986,0.0,0,0.1261,2.29
2,694,13.88,hold,0.01056,0.00975,0.00406,0.03414,0.0,7.42,0.19,0.3155,0.0752,-0.234,14.314,0.0,0,0.1733,21.61
3,694,13.88,hold,0.16716,0.09603,-0.13682,0.14367,0.0,1.75,2.39,0.301,0.0335,11.424,0.0,0.0,0,-0.5725,90.0
4,694,13.88,hold,0.0159,0.01354,0.00834,0.02958,0.0,5.56,6.86,0.318,0.0673,-1.158,12.523,0.0,0,0.1754,24.19
5,694,13.88,hold,0.01359,0.01337,-0.00244,0.02882,0.0,7.98,0.36,0.3122,0.0749,0.082,14.772,0.0,0,0.163,22.77
6,694,13.88,hold,0.01887,0.01641,-0.00932,0.02219,0.0,13.2,2.1,0.3078,0.0801,-0.362,14.616,0.341,0,0.1802,65.79
7,694,13.88,hold,0.0124,0.01065,0.00634,0.03473,0.0,-0.69,2.25,0.3013,0.0703,4.252,13.12,0.404,0,0.1522,17.76
0,695,13.9,hold,0.16031,0.09223,-0.13113,0.1334,0.0,-1.16,0.59,0.2971,0.0401,9.88,12.281,0.0,0,0.1978,25.2
1,695,13.9,hold,0.11913,0.05224,-0.10706,0.09472,0.0,-5.57,0.31,0.2978,0.0625,7.683,13.167,0.0,0,0.1325,4.22
2,695,13.9,hold,0.01061,0.00962,0.00447,0.03386,0.0,7.32,0.11,0.3155,0.0753,-0.273,14.013,0.0,0,0.1728,21.51
3,695,13.9,hold,0.16883,0.0974,-0.1379,0.1454,0.0,2.03,1.83,0.3007,0.0332,11.466,0.0,0.0,0,-0.5725,90.0
4,695,13.9,hold,0.01618,0.0139,0.00829,0.02969,0.0,5.55,6.67,0.3179,0.0673,-1.183,12.648,0.0,0,0.1753,24.11
5,695,13.9,hold,0.01212,0.01176,-0.00293,0.02678,0.0,8.14,0.34,0.3122,0.0748,0.094,14.947,0.0,0,0.1644,22.99
6,695,13.9,hold,0.01847,0.01567,-0.00977,0.02121,0.0,13.77,1.62,0.3079,0.0798,-0.346,14.47,0.533,0,0.1816,66.37
7,695,13.9,hold,0.01094,0.00967,0.00512,0.03469,0.0,-0.44,2.15,0.3016,0.0702,4.256,12.976,0.0,0,0.1557,17.99
0,696,13.92,hold,0.16048,0.09158,-0.13178,0.13352,0.0,-1.46,0.65,0.2971,0.0398,9.943,12.566,0.0,0,0.1969,24.89
1,696,13.92,hold,0.11915,0.05192,-0.10724,0.09339,0.0,-3.44,0.2,0.2985,0.0622,7.85,13.316,0.0,0,0.1404,6.3
2,696,13.92,hold,0.01048,0.00918,0.00506,0.03359,0.0,7.33,0.01,0.3156,0.0754,-0.317,13.806,0.0,0,0.1729,21.52
3,696,13.92,hold,0.17179,0.10042,-0.13939,0.14854,0.0,2.65,1.8,0.3005,0.0328,11.522,0.0,0.0,0,-0.5725,90.0
4,696,13.92,hold,0.01511,0.01301,0.00769,0.02843,0.0,5.39,6.85,0.3178,0.0672,-1.182,12.772,0.0,0,0.1753,24.11
5,696,13.92,hold,0.00996,0.00971,-0.00223,0.02626,0.0,8.44,0.26,0.3122,0.0749,0.054,15.514,0.0,0,0.1667,23.58
6,696,13.92,hold,0.0178,0.01494,-0.00967,0.01907,0.0,14.1,0.52,0.3079,0.0795,-0.288,13.98,0.968,0,0.1832,66.71
7,696,13.92,hold,0.01118,0.00944,0.00599,0.03539,0.0,0.05,2.85,0.3019,0.0702,4.269,12.984,0.0,0,0.1597,18.56
0,697,13.94,hold,0.16037,0.09118,-0.13193,0.13321,0.0,-1.39,0.11,0.297,0.0395,10.007,12.223,0.0,0,0.1958,24.95
1,697,13.94,hold,0.12249,0.05496,-0.10947,0.09582,0.0,-3.66,1.49,0.2993,0.0619,8.005,13.349,0.0,0,0.1441,6.2
2,697,13.94,hold,0.01028,0.0089,0.00513,0.0336,0.0,7.33,0.04,0.3156,0.0755,-0.371,13.823,0.0,0,0.1733,21.52
3,697,13.94,hold,0.17436,0.10291,-0.14075,0.15132,0.0,3.01,1.99,0.3003,0.0326,11.574,0.0,0.0,0,-0.5725,90.0
4,697,13.94,hold,0.01337,0.01151,0.0068,0.02654,0.0,5.13,7.5,0.3178,0.067,-1.174,12.441,0.0,0,0.1756,23.95
5,697,13.94,hold,0.00919,0.00907,-0.00147,0.02724,0.0,8.42,0.42,0.3122,0.0749,0.017,14.542,0.0,0,0.1677,23.47
6,697,13.94,hold,0.01548,0.01288,-0.0086,0.01755,0.0,14.12,0.18,0.308,0.0793,-0.276,13.028,0.695,0,0.1855,66.74
7,697,13.94,hold,0.01279,0.01122,0.00613,0.03697,0.0,-0.46,2.66,0.3023,0.0701,4.244,13.422,0.05,0,0.1575,18.03
0,698,13.96,hold,0.16156,0.09265,-0.13235,0.13441,0.0,-0.48,0.12,0.297,0.0393,10.087,12.647,0.0,0,0.1978,25.86
1,698,13.96,hold,0.12913,0.06014,-0.11426,0.1019,0.0,-5.0,2.35,0.3,0.0615,8.16,13.475,0.0,0,0.145,5.23
2,698,13.96,hold,0.01005,0.0087,0.00503,0.03381,0.0,7.37,0.01,0.3156,0.0755,-0.424,13.896,0.0,0,0.1742,21.56
3,698,13.96,hold,0.17583,0.10428,-0.14157,0.15292,0.0,3.28,2.04,0.3002,0.0323,11.618,0.0,0.0,0,-0.5725,90.0
4,698,13.96,hold,0.01285,0.01111,0.00645,0.02585,0.0,4.97,8.23,0.3177,0.0669,-1.192,13.054,0.0,0,0.1769,23.91
5,698,13.96,hold,0.01023,0.01011,-0.00156,0.02852,0.0,7.95,0.73,0.3122,0.0749,0.007,15.196,0.0,0,0.1668,23.08
6,698,13.96,hold,0.01212,0.00944,-0.0076,0.01821,0.0,13.93,0.2,0.3081,0.0791,-0.307,13.56,0.55,0,0.188,66.55
7,698,13.96,hold,0.01264,0.00986,0.00791,0.03583,0.0,-0.68,1.95,0.3027,0.0701,4.29,13.042,0.0,0,0.1545,17.72
0,699,13.98,hold,0.16365,0.09457,-0.13356,0.13666,0.0,0.12,0.22,0.297,0.0391,10.163,12.346,0.0,0,0.2012,26.45
1,699,13.98,hold,0.1356,0.06479,-0.11912,0.10835,0.0,-6.9,2.19,0.3007,0.061,8.253,13.824,0.0,0,0.1403,3.51
2,699,13.98,hold,0.01004,0.00877,0.00489,0.03391,0.0,7.3,0.09,0.3155,0.0755,-0.466,14.147,0.0,0,0.1744,21.5
3,699,13.98,hold,0.17907,0.10723,-0.14341,0.15642,0.0,3.84,2.49,0.3,0.032,11.67,0.0,0.0,0,-0.5725,90.0
4,699,13.98,hold,0.01354,0.012,0.00627,0.0264,0.0,4.57,8.61,0.3176,0.0668,-1.226,12.783,0.0,0,0.1775,23.71
5,699,13.98,hold,0.01129,0.01113,-0.00188,0.02966,0.0,7.61,0.46,0.3123,0.0749,-0.006,14.703,0.0,0,0.1661,22.91
6,699,13.98,hold,0.01068,0.00776,-0.00734,0.02215,0.0,13.31,0.92,0.3082,0.0788,-0.358,13.836,0.278,0,0.1891,65.91
7,699,13.98,hold,0.01351,0.00862,0.0104,0.03542,0.0,-0.4,1.5,0.3031,0.0702,4.308,13.449,1.179,0,0.1536,17.99
0,700,14.0,hold,0.16308,0.09305,-0.13393,0.13603,0.0,-0.4,0.13,0.2971,0.0388,10.201,12.909,0.0,0,0.1998,25.96
1,700,14.0,hold,0.13865,0.06673,-0.12154,0.11152,0.0,-7.22,1.27,0.3013,0.0606,8.332,13.538,0.0,0,0.1372,2.83
2,700,14.0,hold,0.01024,0.00897,0.00493,0.03371,0.0,7.09,0.03,0.3156,0.0756,-0.499,14.038,0.0,0,0.1734,21.29
3,700,14.0,hold,0.18222,0.10955,-0.14561,0.15972,0.0,4.3,2.6,0.2997,0.0317,11.713,0.0,0.0,0,-0.5725,90.0
4,700,14.0,hold,0.01497,0.0138,0.0058,0.02773,0.0,4.26,8.06,0.3176,0.0667,-1.268,12.357,0.0,0,0.1784,23.29
5,700,14.0,hold,0.01148,0.01136,-0.00163,0.03035,0.0,7.7,0.48,0.3124,0.0749,-0.026,15.085,0.0,0,0.1663,23.06
6,700,14.0,hold,0.01253,0.00949,-0.00818,0.02404,0.0,12.88,1.11,0.3084,0.0786,-0.331,13.473,0.0,0,0.1873,65.18
7,700,14.0,hold,0.01519,0.00899,0.01224,0.03639,0.0,-0.32,1.56,0.3034,0.0702,4.293,13.235,0.53,0,0.1528,18.06
0,701,14.02,hold,0.16249,0.09223,-0.13378,0.13529,0.0,-0.42,0.02,0.2972,0.0385,10.256,12.592,0.0,0,0.198,25.93
1,701,14.02,hold,0.1395,0.06598,-0.12291,0.11224,0.0,-5.91,0.55,0.3017,0.0602,8.443,14.577,0.0,0,0.1397,3.97
2,701,14.02,hold,0.01036,0.00879,0.00547,0.03321,0.0,6.96,0.06,0.3156,0.0757,-0.53,13.739,0.0,0,0.1725,21.16
3,701,14.02,hold,0.18748,0.11425,-0.14865,0.16535,0.0,4.75,3.29,0.2995,0.0315,11.765,0.0,0.0,0,-0.5725,90.0
4,701,14.02,hold,0.0159,0.01505,0.00512,0.02872,0.0,4.02,8.32,0.3175,0.0666,-1.307,12.119,0.0,0,0.179,23.04
5,701,14.02,hold,0.01179,0.01169,-0.0015,0.03094,0.0,7.76,0.36,0.3124,0.075,-0.051,14.95,0.0,0,0.1664,23.14
6,701,14.02,hold,0.01497,0.0124,-0.0084,0.02416,0.0,12.49,1.34,0.3087,0.0784,-0.281,13.397,0.0,0,0.1836,65.0
7,701,14.02,hold,0.01609,0.00931,0.01313,0.0368,0.0,-0.3,1.19,0.3037,0.0701,4.3,13.147,0.0,0,0.1521,18.05
0,702,14.04,hold,0.16414,0.09415,-0.13445,0.13692,0.0,0.43,0.44,0.2973,0.0383,10.335,12.261,0.0,0,0.1998,26.77
1,702,14.04,hold,0.13786,0.06299,-0.12263,0.11033,0.0,-4.09,0.7,0.302,0.0597,8.556,12.673,0.0,0,0.1468,5.77
2,702,14.04,hold,0.01045,0.00884,0.00558,0.03315,0.0,6.88,0.21,0.3156,0.0757,-0.579,13.637,0.0,0,0.1721,21.09
3,702,14.04,hold,0.18935,0.11501,-0.15042,0.16717,0.0,4.88,2.57,0.2992,0.0312,11.782,0.0,0.0,0,-0.5725,90.0
4,702,14.04,hold,0.01654,0.01567,0.00529,0.0292,0.0,3.96,8.18,0.3174,0.0664,-1.345,12.764,0.0,0,0.1799,23.01
5,702,14.04,hold,0.01209,0.01194,-0.00191,0.03103,0.0,7.75,0.07,0.3124,0.0749,-0.076,14.788,0.0,0,0.1664,23.42
6,702,14.04,hold,0.01748,0.01542,-0.00823,0.02436,0.0,12.42,1.37,0.3089,0.0782,-0.274,14.423,0.39,0,0.1803,65.02
7,702,14.04,hold,0.01623,0.00728,0.01451,0.03633,0.0,0.2,1.22,0.304,0.0701,4.331,12.885,0.888,0,0.1537,18.57
0,703,14.06,hold,0.1671,0.09722,-0.1359,0.14012,0.0,0.99,0.38,0.2973,0.038,10.413,12.352,0.0,0,0.2039,27.36
1,703,14.06,hold,0.13809,0.06041,-0.12417,0.11034,0.0,-4.58,2.01,0.3022,0.0592,8.646,12.337,0.0,0,0.1508,5.55
2,703,14.06,hold,0.01025,0.00865,0.0055,0.03312,0.0,6.87,0.35,0.3156,0.0758,-0.626,13.523,0.0,0,0.1723,21.08
3,703,14.06,hold,0.19346,0.11852,-0.15291,0.17146,0.0,5.25,2.71,0.2988,0.031,11.818,0.0,0.0,0,-0.5725,90.0
4,703,14.06,hold,0.0174,0.01652,0.00547,0.02986,0.0,3.86,6.98,0.3174,0.0663,-1.387,12.604,0.0,0,0.1803,22.33
5,703,14.06,hold,0.0125,0.01226,-0.00246,0.03036,0.0,7.62,0.48,0.3125,0.0749,-0.088,14.87,0.0,0,0.1654,23.06
6,703,14.06,hold,0.01853,0.01685,-0.00772,0.02352,0.0,12.8,1.15,0.3091,0.078,-0.274,14.23,0.655,0,0.1793,65.4
7,703,14.06,hold,0.01624,0.00556,0.01526,0.03613,0.0,0.6,1.43,0.3042,0.07,4.335,13.439,0.598,0,0.1556,18.98
0,704,14.08,hold,0.16905,0.09889,-0.13711,0.14221,0.0,0.79,0.75,0.2973,0.0377,10.473,12.886,0.0,0,0.2054,27.16
1,704,14.08,hold,0.14029,0.05894,-0.12731,0.11253,0.0,-5.91,2.84,0.3023,0.0587,8.746,12.536,0.0,0,0.1527,4.76
2,704,14.08,hold,0.01006,0.00821,0.00582,0.03342,0.0,7.04,0.32,0.3155,0.0758,-0.674,13.655,0.0,0,0.1734,21.25
3,704,14.08,hold,0.19563,0.11969,-0.15475,0.17369,0.0,5.62,2.58,0.2985,0.0307,11.834,0.0,0.0,0,-0.5725,90.0
4,704,14.08,hold,0.01749,0.01665,0.00535,0.02979,0.0,3.86,5.58,0.3174,0.0662,-1.407,12.476,0.0,0,0.181,22.38
5,704,14.08,hold,0.01204,0.01187,-0.00203,0.02844,0.0,7.71,0.26,0.3125,0.0749,-0.079,15.107,0.0,0,0.165,23.58
6,704,14.08,hold,0.0187,0.01732,-0.00706,0.02108,0.0,13.37,0.76,0.3092,0.0778,-0.243,13.391,0.793,0,0.1799,65.98
7,704,14.08,hold,0.01573,0.00588,0.0146,0.03632,0.0,0.53,1.41,0.3043,0.0699,4.314,13.436,0.0,0,0.1562,18.91
0,705,14.1,hold,0.16904,0.09841,-0.13745,0.14201,0.0,0.44,0.27,0.2974,0.0374,10.512,12.813,0.0,0,0.203,26.79
1,705,14.1,hold,0.14403,0.06001,-0.13094,0.11629,0.0,-7.12,3.2,0.3023,0.0582,8.881,12.627,0.0,0,0.1541,4.12
2,705,14.1,hold,0.00993,0.00806,0.0058,0.03349,0.0,7.01,0.23,0.3155,0.0758,-0.711,13.587,0.0,0,0.1738,21.2
3,705,14.1,hold,0.19989,0.12295,-0.15761,0.17816,0.0,6.19,2.79,0.2981,0.0304,11.866,0.0,0.0,0,-0.5725,90.0
4,705,14.1,hold,0.0165,0.01577,0.00486,0.0286,0.0,3.69,4.9,0.3173,0.066,-1.407,12.124,0.0,0,0.1817,22.07
5,705,14.1,hold,0.01193,0.01183,-0.0015,0.02722,0.0,7.76,0.0,0.3125,0.0749,-0.091,14.857,0.0,0,0.1646,23.51
6,705,14.1,hold,0.01839,0.0174,-0.00594,0.01974,0.0,13.63,0.09,0.3093,0.0775,-0.233,13.39,0.672,0,0.1807,66.24
7,705,14.1,hold,0.01553,0.0051,0.01466,0.03629,0.0,0.85,1.44,0.3045,0.0698,4.321,13.444,0.572,0,0.1583,19.24
0,706,14.12,hold,0.1706,0.10057,-0.1378,0.14357,0.0,1.36,0.1,0.2975,0.0371,10.579,12.456,0.0,0,0.2044,27.7
1,706,14.12,hold,0.14832,0.06357,-0.13401,0.12054,0.0,-8.3,3.85,0.302,0.0578,9.031,12.548,0.0,0,0.1558,4.05
2,706,14.12,hold,0.00995,0.0083,0.00549,0.03351,0.0,6.86,0.09,0.3155,0.0758,-0.748,13.835,0.0,0,0.1734,21.05
3,706,14.12,hold,0.20448,0.12599,-0.16105,0.1829,0.0,6.67,2.86,0.2977,0.0301,11.901,0.0,0.0,0,-0.5725,90.0
4,706,14.12,hold,0.016,0.01537,0.00445,0.02808,0.0,3.36,4.43,0.3173,0.0659,-1.41,12.288,0.0,0,0.1818,21.71
5,706,14.12,hold,0.01201,0.01193,-0.00132,0.02766,0.0,7.71,0.04,0.3125,0.0749,-0.134,15.201,0.0,0,0.1646,23.67
6,706,14.12,hold,0.01697,0.01636,-0.00451,0.01994,0.0,13.5,0.22,0.3094,0.0773,-0.256,12.981,0.662,0,0.1813,66.12
7,706,14.12,hold,0.01501,0.00562,0.01392,0.03636,0.0,1.06,1.46,0.3046,0.0698,4.308,13.475,0.0,0,0.1603,19.44
0,707,14.14,hold,0.17406,0.10452,-0.13918,0.14721,0.0,2.82,0.2,0.2975,0.0368,10.653,12.398,0.0,0,0.2097,29.16
1,707,14.14,hold,0.15133,0.0675,-0.13544,0.12361,0.0,-9.23,3.83,0.3017,0.0575,9.14,13.469,0.0,0,0.1547,3.77
2,707,14.14,hold,0.00983,0.00793,0.0058,0.033,0.0,6.79,0.11,0.3155,0.0759,-0.773,13.524,0.0,0,0.1731,20.99
3,707,14.14,hold,0.20874,0.1287,-0.16435,0.18733,0.0,7.21,3.14,0.2973,0.0298,11.928,0.0,0.0,0,-0.5725,90.0
4,707,14.14,hold,0.01617,0.01557,0.00437,0.02835,0.0,3.05,4.52,0.3173,0.0657,-1.431,12.201,0.0,0,0.1814,21.64
5,707,14.14,hold,0.01161,0.01157,-0.00105,0.02843,0.0,7.83,0.05,0.3125,0.0749,-0.169,15.47,0.0,0,0.1654,23.8
6,707,14.14,hold,0.01534,0.01489,-0.00371,0.0217,0.0,13.14,0.14,0.3095,0.077,-0.298,13.074,0.51,0,0.1817,65.75
7,707,14.14,hold,0.01456,0.00667,0.01294,0.03634,0.0,1.18,1.65,0.3046,0.0697,4.3,13.08,0.146,0,0.1622,19.57
0,708,14.16,hold,0.17759,0.10792,-0.14103,0.15117,0.0,2.86,1.44,0.2974,0.0365,10.716,12.514,0.0,0,0.2139,29.25
1,708,14.16,hold,0.15255,0.07156,-0.13472,0.12484,0.0,-7.77,2.52,0.3013,0.0572,9.25,12.734,0.0,0,0.1564,3.24
2,708,14.16,hold,0.00987,0.00768,0.0062,0.03295,0.0,6.83,0.07,0.3155,0.0759,-0.816,13.713,0.0,0,0.1733,21.03
3,708,14.16,hold,0.21352,0.1323,-0.1676,0.19222,0.0,7.65,2.89,0.2968,0.0296,11.958,0.0,0.0,0,-0.5725,90.0
4,708,14.16,hold,0.01721,0.01647,0.00501,0.0293,0.0,2.83,3.66,0.3173,0.0656,-1.469,12.727,0.0,0,0.1811,21.56
5,708,14.16,hold,0.0105,0.0105,-0.00038,0.02855,0.0,8.16,0.73,0.3125,0.0749,-0.176,15.022,0.0,0,0.1669,24.07
6,708,14.16,hold,0.01557,0.01488,-0.00458,0.02451,0.0,12.62,0.73,0.3096,0.0767,-0.33,13.565,0.483,0,0.1811,65.23
7,708,14.16,hold,0.01418,0.00831,0.01149,0.03625,0.0,1.44,1.45,0.3046,0.0697,4.284,13.169,0.0,0,0.1647,19.8
0,709,14.18,hold,0.17871,0.10826,-0.14219,0.1523,0.0,2.06,1.6,0.2975,0.0361,10.746,12.906,0.0,0,0.213,28.47
1,709,14.18,hold,0.1543,0.07622,-0.13415,0.1265,0.0,-6.03,1.92,0.3008,0.0569,9.393,12.34,0.0,0,0.1608,4.28
2,709,14.18,hold,0.00974,0.00762,0.00607,0.03269,0.0,6.71,0.05,0.3154,0.0759,-0.853,13.722,0.0,0,0.173,20.9
3,709,14.18,hold,0.21688,0.13408,-0.17047,0.19557,0.0,7.95,2.27,0.2964,0.0293,11.98,0.0,0.0,0,-0.5725,90.0
4,709,14.18,hold,0.01858,0.01782,0.00528,0.03049,0.0,2.96,2.36,0.3173,0.0654,-1.513,11.792,0.0,0,0.1816,21.44
5,709,14.18,hold,0.01042,0.01042,-0.00039,0.02923,0.0,8.06,0.45,0.3125,0.0749,-0.185,14.581,0.0,0,0.1674,23.88
6,709,14.18,hold,0.0157,0.01437,-0.00633,0.02492,0.0,12.46,0.89,0.3097,0.0764,-0.309,13.507,0.698,0,0.1816,65.06
7,709,14.18,hold,0.01391,0.00879,0.01077,0.0353,0.0,1.78,1.07,0.3047,0.0697,4.298,12.91,0.0,0,0.1667,20.12
0,710,14.2,hold,0.17905,0.1083,-0.14259,0.15237,0.0,1.78,0.79,0.2975,0.0357,10.78,12.509,0.0,0,0.2104,28.13
1,710,14.2,hold,0.15586,0.0795,-0.13406,0.12812,0.0,-4.38,1.98,0.3005,0.0566,9.51,12.617,0.0,0,0.167,5.84
2,710,14.2,hold,0.00955,0.00736,0.00608,0.03278,0.0,6.78,0.06,0.3154,0.076,-0.896,13.723,0.0,0,0.1735,20.97
3,710,14.2,hold,0.22055,0.13638,-0.17333,0.1992,0.0,8.42,1.61,0.296,0.0289,12.015,0.0,0.0,0,-0.5725,90.0
4,710,14.2,hold,0.0186,0.01792,0.00498,0.0303,0.0,3.1,1.3,0.3172,0.0652,-1.524,11.925,0.0,0,0.1824,21.47
5,710,14.2,hold,0.01114,0.0111,-0.00086,0.02995,0.0,7.78,0.49,0.3125,0.0749,-0.194,15.418,0.0,0,0.167,23.8
6,710,14.2,hold,0.0149,0.01261,-0.00794,0.02204,0.0,12.49,0.68,0.3099,0.0762,-0.243,13.659,0.528,0,0.1832,65.09
7,710,14.2,hold,0.01533,0.00977,0.0118,0.03538,0.0,2.29,1.36,0.3048,0.0697,4.295,13.783,0.0,0,0.1688,20.66
0,711,14.22,hold,0.18153,0.1114,-0.14333,0.1549,0.0,2.86,0.51,0.2975,0.0354,10.843,12.568,0.0,0,0.2128,29.22
1,711,14.22,hold,0.15746,0.0817,-0.13461,0.12978,0.0,-2.78,1.69,0.3002,0.0562,9.603,12.452,0.0,0,0.1728,7.25
2,711,14.22,hold,0.00941,0.00725,0.00599,0.03256,0.0,6.69,0.03,0.3154,0.076,-0.925,13.65,0.0,0,0.1734,20.88
3,711,14.22,hold,0.22386,0.13904,-0.17544,0.20261,0.0,9.02,1.59,0.2956,0.0286,12.057,0.0,0.0,0,-0.5725,90.0
4,711,14.22,hold,0.01743,0.01673,0.00489,0.02876,0.0,3.23,0.58,0.3172,0.065,-1.507,11.497,0.0,0,0.1836,21.62
5,711,14.22,hold,0.01131,0.01129,-0.0007,0.03026,0.0,7.76,0.39,0.3125,0.0749,-0.205,14.387,0.0,0,0.1669,23.7
6,711,14.22,hold,0.01373,0.01155,-0.00742,0.01776,0.0,12.67,0.37,0.3101,0.0761,-0.191,13.355,0.568,0,0.1852,65.27
7,711,14.22,hold,0.01541,0.00995,0.01176,0.03592,0.0,2.19,1.54,0.3048,0.0698,4.249,13.515,0.0,0,0.1685,20.57
0,712,14.24,hold,0.18624,0.11658,-0.14523,0.15988,0.0,4.29,0.43,0.2973,0.0351,10.917,12.28,0.0,0,0.2185,30.65
1,712,14.24,hold,0.16128,0.08588,-0.13651,0.13367,0.0,-1.23,1.53,0.3,0.0558,9.733,12.603,0.0,0,0.1797,8.68
2,712,14.24,hold,0.0095,0.00724,0.00615,0.03256,0.0,6.67,0.01,0.3153,0.076,-0.96,13.739,0.0,0,0.1733,20.88
3,712,14.24,hold,0.22441,0.14018,-0.17524,0.20337,0.0,9.4,2.05,0.2952,0.0283,12.087,0.0,0.0,0,-0.5725,90.0
4,712,14.24,hold,0.0163,0.01559,0.00476,0.02736,0.0,2.89,0.5,0.3172,0.0648,-1.497,11.718,0.0,0,0.1837,21.21
5,712,14.24,hold,0.01185,0.01184,-0.0006,0.03047,0.0,7.66,0.26,0.3125,0.0749,-0.216,14.66,0.0,0,0.1662,23.54
6,712,14.24,hold,0.01251,0.01133,-0.00532,0.01625,0.0,12.56,0.12,0.3104,0.0761,-0.199,13.079,0.452,0,0.186,65.17
7,712,14.24,hold,0.01364,0.00784,0.01117,0.03366,0.0,1.91,1.35,0.3049,0.0697,4.264,13.246,0.0,0,0.1671,20.25
0,713,14.26,hold,0.19085,0.12104,-0.14756,0.165,0.0,4.31,2.14,0.2972,0.0348,10.976,12.324,0.0,0,0.2226,30.74
1,713,14.26,hold,0.1655,0.09031,-0.13869,0.1381,0.0,-0.96,1.92,0.2999,0.0554,9.853,12.877,0.0,0,0.1834,8.95
2,713,14.26,hold,0.00955,0.00715,0.00633,0.03226,0.0,6.59,0.03,0.3153,0.076,-0.987,13.611,0.0,0,0.173,20.79
3,713,14.26,hold,0.22151,0.13791,-0.17334,0.20043,0.0,10.1,1.59,0.2949,0.0279,12.094,0.0,0.0,0,-0.5725,90.0
4,713,14.26,hold,0.01633,0.01564,0.00469,0.02711,0.0,2.66,1.07,0.3171,0.0646,-1.509,11.531,0.0,0,0.1844,20.99
5,713,14.26,hold,0.0118,0.01179,-0.00032,0.03022,0.0,7.69,0.39,0.3126,0.0749,-0.225,15.323,0.0,0,0.1661,23.89
6,713,14.26,hold,0.01133,0.01061,-0.00399,0.01919,0.0,11.93,0.58,0.3106,0.076,-0.282,13.288,0.37,0,0.185,64.53
7,713,14.26,hold,0.01469,0.0087,0.01184,0.03291,0.0,2.34,1.48,0.3049,0.0697,4.259,13.118,0.709,0,0.1687,20.71
0,714,14.28,hold,0.19221,0.12191,-0.1486,0.16637,0.0,3.73,2.32,0.2971,0.0344,10.991,12.927,0.0,0,0.2222,30.16
1,714,14.28,hold,0.1677,0.09313,-0.13946,0.14041,0.0,-0.78,1.22,0.2997,0.055,9.934,13.212,0.0,0,0.1834,9.15
2,714,14.28,hold,0.00952,0.00698,0.00647,0.03232,0.0,6.65,0.06,0.3153,0.076,-1.027,13.724,0.0,0,0.1733,20.86
3,714,14.28,hold,0.2199,0.13715,-0.1719,0.19892,0.0,10.99,1.41,0.2947,0.0275,12.118,0.0,0.0,0,-0.5725,90.0
4,714,14.28,hold,0.01779,0.01737,0.00388,0.02831,0.0,2.63,1.41,0.3171,0.0644,-1.545,12.27,0.0,0,0.1858,21.19
5,714,14.28,hold,0.01184,0.01183,-0.00039,0.03013,0.0,7.64,0.31,0.3126,0.0749,-0.24,14.457,0.0,0,0.1659,23.76
6,714,14.28,hold,0.0116,0.01078,-0.00428,0.02151,0.0,11.72,1.06,0.3108,0.0757,-0.318,13.203,0.407,0,0.1843,64.32
7,714,14.28,hold,0.01511,0.00974,0.01156,0.03306,0.0,2.51,1.37,0.3049,0.0697,4.215,13.861,0.0,0,0.1698,20.88
0,715,14.3,hold,0.19274,0.12236,-0.14891,0.16671,0.0,3.75,1.63,0.297,0.034,11.006,12.392,0.0,0,0.2208,30.15
1,715,14.3,hold,0.16974,0.09707,-0.13925,0.14255,0.0,0.8,0.3,0.2996,0.0547,10.039,12.569,0.0,0,0.1865,10.71
2,715,14.3,hold,0.00937,0.00691,0.00633,0.03218,0.0,6.57,0.06,0.3152,0.076,-1.058,13.602,0.0,0,0.1732,20.77
3,715,14.3,hold,0.21845,0.13637,-0.17066,0.19759,0.0,11.84,1.4,0.2947,0.027,12.153,0.0,0.0,0,-0.5725,90.0
4,715,14.3,hold,0.01965,0.01938,0.00329,0.02978,0.0,2.93,0.51,0.317,0.0643,-1.592,11.369,0.0,0,0.188,21.48
5,715,14.3,hold,0.01167,0.01167,-0.00021,0.03016,0.0,7.65,0.27,0.3125,0.0749,-0.259,14.385,0.0,0,0.1661,23.68
6,715,14.3,hold,0.01329,0.01219,-0.0053,0.02154,0.0,11.57,1.28,0.3109,0.0755,-0.279,13.613,0.294,0,0.1828,64.17
7,715,14.3,hold,0.01419,0.00991,0.01016,0.03291,0.0,2.31,1.37,0.3049,0.0696,4.173,13.49,0.0,0,0.1698,20.68
0,716,14.32,hold,0.19597,0.12584,-0.15022,0.17002,0.0,5.18,1.02,0.2968,0.0337,11.053,12.289,0.0,0,0.2245,31.56
1,716,14.32,hold,0.1731,0.1022,-0.1397,0.14616,0.0,2.63,0.29,0.2994,0.0544,10.169,12.779,0.0,0,0.1924,12.5
2,716,14.32,hold,0.00922,0.00667,0.00637,0.0323,0.0,6.64,0.03,0.3152,0.076,-1.095,13.735,0.0,0,0.1737,20.85
3,716,14.32,hold,0.21639,0.13507,-0.16906,0.1956,0.0,12.66,1.22,0.2948,0.0266,12.187,0.0,0.0,0,-0.5725,90.0
4,716,14.32,hold,0.02133,0.02098,0.00385,0.03084,0.0,3.42,0.52,0.317,0.0641,-1.645,11.707,0.0,0,0.1903,21.91
5,716,14.32,hold,0.01171,0.01171,-0.0001,0.03033,0.0,7.65,0.75,0.3125,0.0749,-0.274,15.165,0.0,0,0.1662,23.87
6,716,14.32,hold,0.01545,0.01412,-0.00628,0.02169,0.0,11.47,1.68,0.3111,0.0753,-0.271,13.744,0.327,0,0.1809,64.06
7,716,14.32,hold,0.01437,0.01026,0.01006,0.03141,0.0,2.53,0.92,0.3049,0.0695,4.194,13.006,0.569,0,0.1704,20.88
0,717,14.34,hold,0.20098,0.13076,-0.15263,0.17543,0.0,6.46,1.4,0.2966,0.0333,11.106,12.37,0.0,0,0.2311,32.85
1,717,14.34,hold,0.17705,0.10691,-0.14113,0.15038,0.0,4.2,0.56,0.2991,0.0539,10.281,12.451,0.0,0,0.1992,14.07
2,717,14.34,hold,0.00918,0.00676,0.00622,0.03209,0.0,6.52,0.01,0.3152,0.076,-1.121,13.693,0.0,0,0.1734,20.72
3,717,14.34,hold,0.21487,0.13466,-0.16744,0.19422,0.0,13.42,1.23,0.295,0.0261,12.225,0.0,0.0,0,-0.5725,90.0
4,717,14.34,hold,0.02368,0.0231,0.00523,0.03242,0.0,4.08,0.53,0.3169,0.064,-1.697,11.761,0.0,0,0.1933,22.54
5,717,14.34,hold,0.01167,0.01167,1e-05,0.03075,0.0,7.63,0.51,0.3125,0.0749,-0.291,14.494,0.0,0,0.1665,23.82
6,717,14.34,hold,0.017,0.01565,-0.00663,0.02204,0.0,11.66,1.74,0.3112,0.0751,-0.291,14.587,0.402,0,0.1796,64.25
7,717,14.34,hold,0.01589,0.01159,0.01087,0.03137,0.0,2.88,1.19,0.305,0.0695,4.181,13.601,0.0,0,0.1718,21.26
0,718,14.36,hold,0.20376,0.13278,-0.15456,0.1785,0.0,6.01,2.52,0.2964,0.0329,11.124,12.748,0.0,0,0.233,32.47
1,718,14.36,hold,0.18046,0.11031,-0.14282,0.15403,0.0,4.79,1.15,0.2989,0.0534,10.37,12.541,0.0,0,0.204,14.67
2,718,14.36,hold,0.00932,0.00672,0.00646,0.03206,0.0,6.52,0.02,0.3152,0.0761,-1.151,13.757,0.0,0,0.1733,20.74
3,718,14.36,hold,0.21327,0.13414,-0.1658,0.19273,0.0,14.14,1.12,0.2953,0.0258,12.261,0.0,0.0,0,-0.5725,90.0
4,718,14.36,hold,0.02613,0.02541,0.00612,0.03437,0.0,4.5,0.55,0.3168,0.0639,-1.748,11.554,0.0,0,0.1958,22.96
5,718,14.36,hold,0.01168,0.01167,-0.00018,0.03128,0.0,7.62,0.7,0.3124,0.0748,-0.308,15.006,0.0,0,0.1671,24.1
6,718,14.36,hold,0.01697,0.01579,-0.00622,0.0202,0.0,12.42,1.23,0.3113,0.075,-0.278,14.346,0.665,0,0.1806,65.02
7,718,14.36,hold,0.01447,0.01041,0.01005,0.03143,0.0,2.48,1.61,0.305,0.0694,4.12,13.756,0.03,0,0.1706,20.86
0,719,14.38,hold,0.20417,0.13256,-0.15529,0.17881,0.0,5.42,2.36,0.2962,0.0325,11.122,12.741,0.0,0,0.2313,31.86
1,719,14.38,hold,0.18253,0.11218,-0.14399,0.15623,0.0,4.89,1.03,0.2987,0.0529,10.442,12.696,0.0,0,0.2055,14.79
2,719,14.38,hold,0.00939,0.00666,0.00662,0.03177,0.0,6.46,0.06,0.3152,0.0761,-1.177,13.589,0.0,0,0.173,20.67
3,719,14.38,hold,0.21217,0.13426,-0.16429,0.1918,0.0,14.76,1.21,0.2957,0.0254,12.294,0.0,0.0,0,-0.5725,90.0
4,719,14.38,hold,0.02771,0.02701,0.00617,0.03568,0.0,4.62,0.02,0.3167,0.0638,-1.789,11.554,0.0,0,0.1975,22.99
5,719,14.38,hold,0.01222,0.0122,-0.00069,0.03204,0.0,7.41,0.5,0.3124,0.0748,-0.323,14.459,0.0,0,0.167,23.91
6,719,14.38,hold,0.01659,0.0157,-0.00535,0.01836,0.0,12.87,0.38,0.3114,0.0749,-0.251,14.143,0.977,0,0.1818,65.47
7,719,14.38,hold,0.0133,0.00971,0.00909,0.03017,0.0,2.28,1.35,0.305,0.0693,4.11,13.083,0.0,0,0.1698,20.65
0,720,14.4,hold,0.20536,0.1337,-0.15588,0.17995,0.0,5.73,1.98,0.296,0.0321,11.139,12.49,0.0,0,0.2319,32.14
1,720,14.4,hold,0.18473,0.11456,-0.14491,0.15848,0.0,5.66,0.43,0.2985,0.0524,10.528,12.508,0.0,0,0.2075,15.59
2,720,14.4,hold,0.00928,0.00653,0.00659,0.03187,0.0,6.51,0.07,0.3151,0.0761,-1.215,13.768,0.0,0,0.1732,20.73
3,720,14.4,hold,0.21108,0.13432,-0.16283,0.19085,0.0,15.32,1.22,0.2962,0.0251,12.323,0.0,0.0,0,-0.5725,90.0
4,720,14.4,hold,0.02894,0.02826,0.00624,0.0367,0.0,4.64,0.38,0.3166,0.0636,-1.822,11.812,0.0,0,0.1988,23.24
5,720,14.4,hold,0.01195,0.01193,-0.00073,0.03205,0.0,7.47,0.66,0.3123,0.0748,-0.329,14.859,0.0,0,0.1674,23.97
6,720,14.4,hold,0.01495,0.01436,-0.00416,0.01837,0.0,12.87,0.04,0.3115,0.0747,-0.273,12.806,0.549,0,0.1829,65.48
7,720,14.4,hold,0.0153,0.01166,0.00992,0.03078,0.0,2.8,1.49,0.305,0.0693,4.099,13.504,0.0,0,0.1718,21.18
0,721,14.42,hold,0.20677,0.1353,-0.15637,0.18149,0.0,6.11,2.08,0.2957,0.0317,11.158,12.542,0.0,0,0.2339,32.53
1,721,14.42,hold,0.18789,0.1181,-0.14614,0.16185,0.0,7.03,0.39,0.2982,0.0519,10.629,12.544,0.0,0,0.2122,16.9
2,721,14.42,hold,0.0091,0.00642,0.00646,0.03184,0.0,6.48,0.08,0.3151,0.0761,-1.245,13.591,0.0,0,0.1734,20.69
3,721,14.42,hold,0.21091,0.13543,-0.16169,0.19093,0.0,15.76,1.51,0.2967,0.0248,12.351,0.0,0.0,0,-0.5725,90.0
4,721,14.42,hold,0.02995,0.02922,0.0066,0.03754,0.0,4.61,0.53,0.3166,0.0635,-1.849,11.749,0.0,0,0.1997,23.31
5,721,14.42,hold,0.01121,0.0112,-0.00038,0.03156,0.0,7.67,0.76,0.3123,0.0748,-0.334,15.012,0.0,0,0.1682,24.5
6,721,14.42,hold,0.01248,0.01203,-0.00333,0.02041,0.0,12.68,0.05,0.3115,0.0746,-0.324,12.943,0.58,0,0.1841,65.29
7,721,14.42,hold,0.01558,0.0122,0.00969,0.03159,0.0,2.94,1.31,0.305,0.0693,4.053,13.325,0.0,0,0.1725,21.31
0,722,14.44,hold,0.20558,0.13386,-0.15603,0.18018,0.0,5.69,1.96,0.2955,0.0313,11.15,12.705,0.0,0,0.2323,32.11
1,722,14.44,hold,0.19205,0.1222,-0.14815,0.16634,0.0,7.94,1.05,0.2979,0.0513,10.729,12.791,0.0,0,0.218,17.83
2,722,14.44,hold,0.00911,0.00632,0.00656,0.03205,0.0,6.54,0.05,0.3151,0.0761,-1.277,13.74,0.0,0,0.1737,20.76
3,722,14.44,hold,0.21054,0.13618,-0.16057,0.19076,0.0,16.15,1.67,0.2972,0.0245,12.369,0.0,0.0,0,-0.5725,90.0
4,722,14.44,hold,0.03084,0.0301,0.00674,0.03844,0.0,4.46,0.66,0.3165,0.0634,-1.88,11.436,0.0,0,0.2001,23.4
5,722,14.44,hold,0.0117,0.01168,-0.0006,0.03188,0.0,7.46,0.38,0.3123,0.0748,-0.351,14.595,0.0,0,0.1676,24.14
6,722,14.44,hold,0.01241,0.01165,-0.00427,0.02336,0.0,12.23,0.83,0.3116,0.0744,-0.357,13.373,0.001,0,0.1841,64.81
7,722,14.44,hold,0.01493,0.01179,0.00916,0.03058,0.0,2.78,1.41,0.305,0.0692,4.051,13.244,0.0,0,0.172,21.16
0,723,14.46,hold,0.20601,0.13477,-0.15581,0.18058,0.0,6.17,1.46,0.2952,0.0309,11.16,12.373,0.0,0,0.2339,32.56
1,723,14.46,hold,0.1938,0.12354,-0.14932,0.16823,0.0,7.59,1.26,0.2976,0.0508,10.787,13.207,0.0,0,0.2188,17.48
2,723,14.46,hold,0.00929,0.00663,0.0065,0.03193,0.0,6.4,0.03,0.315,0.0761,-1.299,13.563,0.0,0,0.173,20.61
3,723,14.46,hold,0.21124,0.13805,-0.15989,0.19181,0.0,16.47,2.26,0.2977,0.0243,12.386,0.0,0.0,0,-0.5725,90.0
4,723,14.46,hold,0.03194,0.03123,0.00671,0.03956,0.0,4.4,0.7,0.3165,0.0633,-1.915,11.975,0.0,0,0.2007,23.45
5,723,14.46,hold,0.01158,0.01156,-0.00069,0.03181,0.0,7.48,0.33,0.3123,0.0748,-0.365,14.268,0.0,0,0.1678,24.65
6,723,14.46,hold,0.01273,0.01156,-0.00533,0.02407,0.0,12.15,0.9,0.3118,0.0743,-0.334,13.258,0.555,0,0.1843,64.74
7,723,14.46,hold,0.01471,0.01175,0.00885,0.03022,0.0,2.78,1.4,0.3051,0.0691,4.023,13.568,0.397,0,0.1719,21.16
0,724,14.48,done,0.20599,0.13513,-0.15547,0.18069,0.0,6.51,1.38,0.295,0.0305,11.168,13.412,0.0,0,0.2351,32.88
1,724,14.48,done,0.19474,0.12439,-0.14983,0.16907,0.0,7.82,0.55,0.2973,0.0501,10.844,12.528,0.0,0,0.2187,17.72
2,724,14.48,done,0.00941,0.00658,0.00673,0.03177,0.0,6.4,0.07,0.315,0.0761,-1.325,13.666,0.0,0,0.1729,20.63
3,724,14.48,done,0.21123,0.1387,-0.15931,0.19187,0.0,16.79,1.59,0.2982,0.0241,12.39,0.0,0.0,0,-0.5725,90.0
4,724,14.48,done,0.03337,0.03273,0.00649,0.04097,0.0,4.4,0.67,0.3165,0.0633,-1.949,11.538,0.0,0,0.2017,23.58
5,724,14.48,done,0.01162,0.01159,-0.00087,0.03171,0.0,7.42,0.33,0.3123,0.0748,-0.375,14.374,0.0,0,0.1676,24.54
6,724,14.48,done,0.01285,0.01172,-0.00526,0.02259,0.0,12.15,0.78,0.312,0.0742,-0.286,13.089,0.506,0,0.1838,64.75
7,724,14.48,done,0.01416,0.01117,0.0087,0.02989,0.0,2.74,1.09,0.3051,0.0691,3.996,13.112,0.0,0,0.1713,21.1
0,725,14.5,done,0.2041,0.13354,-0.15435,0.17866,0.0,6.4,0.88,0.2948,0.0301,11.164,12.985,0.0,0,0.2334,32.76
1,725,14.5,done,0.1977,0.12761,-0.151,0.1722,0.0,9.3,0.23,0.2968,0.0496,10.932,12.752,0.0,0,0.223,19.23
2,725,14.5,done,0.00935,0.00644,0.00678,0.03175,0.0,6.43,0.1,0.315,0.0761,-1.357,13.592,0.0,0,0.173,20.64
3,725,14.5,done,0.21223,0.14079,-0.15881,0.19324,0.0,17.15,2.07,0.2986,0.024,12.39,0.0,0.0,0,-0.5725,90.0
4,725,14.5,done,0.03513,0.03459,0.00614,0.04264,0.0,4.49,0.62,0.3164,0.0632,-1.977,10.871,0.0,0,0.2032,23.73
5,725,14.5,done,0.01166,0.01161,-0.00104,0.0315,0.0,7.35,0.52,0.3123,0.0747,-0.384,15.007,0.0,0,0.1673,24.49
6,725,14.5,done,0.01444,0.01354,-0.00501,0.02121,0.0,11.91,0.44,0.3122,0.0741,-0.257,13.514,0.506,0,0.1819,64.52
7,725,14.5,done,0.01386,0.01062,0.0089,0.02877,0.0,2.71,0.9,0.3052,0.0691,3.995,13.181,0.0,0,0.1704,21.06
0,726,14.52,done,0.20267,0.13299,-0.15293,0.17723,0.0,6.93,0.54,0.2947,0.0297,11.172,12.89,0.0,0,0.2337,33.3
1,726,14.52,done,0.20199,0.13164,-0.1532,0.17685,0.0,10.36,1.22,0.2963,0.049,11.013,12.705,0.0,0,0.2293,20.35
2,726,14.52,done,0.00917,0.00631,0.00666,0.03192,0.0,6.47,0.08,0.315,0.0761,-1.392,13.668,0.0,0,0.1733,20.69
3,726,14.52,done,0.21284,0.14222,-0.15834,0.19418,0.0,17.37,2.5,0.299,0.0239,12.382,0.0,0.0,0,-0.5725,90.0
4,726,14.52,done,0.03702,0.03654,0.00596,0.04434,0.0,4.6,0.82,0.3164,0.0632,-2.001,10.817,0.0,0,0.205,23.97
5,726,14.52,done,0.01154,0.01149,-0.00114,0.03117,0.0,7.28,0.55,0.3122,0.0747,-0.392,14.398,0.0,0,0.1671,24.65
6,726,14.52,done,0.01484,0.0142,-0.0043,0.01987,0.0,11.95,0.16,0.3124,0.0741,-0.262,13.322,0.727,0,0.1817,64.56
7,726,14.52,done,0.01415,0.01087,0.00906,0.02899,0.0,2.79,1.11,0.3053,0.069,3.963,13.495,0.047,0,0.1707,21.15
