t,state,q_cmd_0,q_cmd_1,q_cmd_2,q_cmd_3,q_cmd_4,q_cmd_5,q_fb_0,q_fb_1,q_fb_2,q_fb_3,q_fb_4,q_fb_5,q_true_0,q_true_1,q_true_2,q_true_3,q_true_4,q_true_5,gripper_cmd_m,finger_1_m,finger_2_m,finger_1_target_m,finger_2_target_m,cup_x_b,cup_y_b,cup_top_z_b,cup_tilt_deg,jaw_x_b,jaw_y_b,jaw_z_b,base_height_m
0.020,settle,nan,nan,nan,nan,nan,nan,0.00000,0.00507,0.00369,-0.00035,0.00035,0.00000,0.00000,0.00507,0.00369,-0.00035,0.00035,0.00000,0.0000,0.0000,-0.0000,0.0000,-0.0000,0.4356,0.0300,-0.0406,0.00,0.3872,-0.0013,0.4965,0.0851
0.040,settle,nan,nan,nan,nan,nan,nan,0.00000,0.00507,0.00369,-0.00035,0.00035,0.00000,0.00000,0.00507,0.00369,-0.00035,0.00035,0.00000,0.0000,0.0000,-0.0000,0.0000,-0.0000,0.4356,0.0300,-0.0406,0.00,0.3872,-0.0013,0.4965,0.0851
0.060,settle,nan,nan,nan,nan,nan,nan,0.00000,0.00507,0.00369,-0.00035,0.00035,0.00000,0.00000,0.00507,0.00369,-0.00035,0.00034,0.00000,0.0000,0.0000,-0.0000,0.0000,-0.0000,0.4356,0.0300,-0.0406,0.00,0.3872,-0.0013,0.4965,0.0851
0.080,settle,nan,nan,nan,nan,nan,nan,0.00000,0.00507,0.00369,-0.00035,0.00035,0.00000,0.00000,0.00507,0.00369,-0.00035,0.00035,0.00000,0.0000,0.0000,-0.0000,0.0000,-0.0000,0.4356,0.0300,-0.0406,0.00,0.3872,-0.0013,0.4965,0.0851
0.100,settle,nan,nan,nan,nan,nan,nan,0.00000,0.00507,0.00369,-0.00035,0.00035,0.00000,0.00000,0.00507,0.00369,-0.00035,0.00035,0.00000,0.0000,0.0000,-0.0000,0.0000,-0.0000,0.4356,0.0300,-0.0406,0.00,0.3872,-0.0013,0.4965,0.0851
0.120,settle,nan,nan,nan,nan,nan,nan,0.00000,0.00507,0.00369,-0.00035,0.00035,0.00000,0.00000,0.00507,0.00369,-0.00035,0.00035,0.00000,0.0000,0.0000,-0.0000,0.0000,-0.0000,0.4356,0.0300,-0.0406,0.00,0.3872,-0.0013,0.4965,0.0851
0.140,settle,nan,nan,nan,nan,nan,nan,0.00000,0.00507,0.00369,-0.00035,0.00035,0.00000,0.00000,0.00507,0.00369,-0.00035,0.00035,0.00000,0.0000,0.0000,-0.0000,0.0000,-0.0000,0.4356,0.0300,-0.0406,0.00,0.3872,-0.0013,0.4965,0.0851
0.160,settle,nan,nan,nan,nan,nan,nan,0.00000,0.00507,0.00369,-0.00035,0.00035,0.00000,0.00000,0.00507,0.00369,-0.00035,0.00034,0.00000,0.0000,0.0000,-0.0000,0.0000,-0.0000,0.4356,0.0300,-0.0406,0.00,0.3872,-0.0013,0.4965,0.0851
0.180,settle,nan,nan,nan,nan,nan,nan,0.00000,0.00507,0.00369,-0.00035,0.00035,0.00000,0.00000,0.00507,0.00369,-0.00035,0.00035,0.00000,0.0000,0.0000,-0.0000,0.0000,-0.0000,0.4356,0.0300,-0.0406,0.00,0.3872,-0.0013,0.4965,0.0851
0.200,settle,nan,nan,nan,nan,nan,nan,0.00000,0.00507,0.00369,-0.00035,0.00035,0.00000,0.00000,0.00507,0.00369,-0.00035,0.00035,0.00000,0.0000,0.0000,-0.0000,0.0000,-0.0000,0.4356,0.0300,-0.0406,0.00,0.3872,-0.0013,0.4965,0.0851
0.220,settle,nan,nan,nan,nan,nan,nan,0.00000,0.00507,0.00369,-0.00035,0.00035,0.00000,0.00000,0.00507,0.00369,-0.00035,0.00035,0.00000,0.0000,0.0000,-0.0000,0.0000,-0.0000,0.4356,0.0300,-0.0406,0.00,0.3872,-0.0013,0.4965,0.0851
0.240,settle,nan,nan,nan,nan,nan,nan,0.00000,0.00507,0.00369,-0.00035,0.00035,0.00000,0.00000,0.00507,0.00369,-0.00035,0.00035,0.00000,0.0000,0.0000,-0.0000,0.0000,-0.0000,0.4356,0.0300,-0.0406,0.00,0.3872,-0.0013,0.4965,0.0851
0.260,settle,nan,nan,nan,nan,nan,nan,0.00000,0.00507,0.00369,-0.00035,0.00035,0.00000,0.00000,0.00507,0.00369,-0.00035,0.00035,0.00000,0.0000,0.0000,-0.0000,0.0000,-0.0000,0.4356,0.0300,-0.0406,0.00,0.3872,-0.0013,0.4965,0.0851
0.280,settle,nan,nan,nan,nan,nan,nan,0.00000,0.00507,0.00369,-0.00035,0.00035,0.00000,0.00000,0.00507,0.00369,-0.00035,0.00035,0.00000,0.0000,0.0000,-0.0000,0.0000,-0.0000,0.4356,0.0300,-0.0406,0.00,0.3872,-0.0013,0.4965,0.0851
0.300,settle,nan,nan,nan,nan,nan,nan,0.00000,0.00507,0.00369,-0.00035,0.00035,0.00000,0.00000,0.00507,0.00369,-0.00035,0.00035,0.00000,0.0000,0.0000,-0.0000,0.0000,-0.0000,0.4356,0.0300,-0.0406,0.00,0.3872,-0.0013,0.4965,0.0851
0.320,settle,nan,nan,nan,nan,nan,nan,0.00000,0.00507,0.00369,-0.00035,0.00035,0.00000,0.00000,0.00507,0.00369,-0.00035,0.00035,0.00000,0.0000,0.0000,-0.0000,0.0000,-0.0000,0.4356,0.0300,-0.0406,0.00,0.3872,-0.0013,0.4965,0.0851
0.340,settle,nan,nan,nan,nan,nan,nan,0.00000,0.00507,0.00369,-0.00035,0.00035,0.00000,0.00000,0.00507,0.00369,-0.00035,0.00034,0.00000,0.0000,0.0000,-0.0000,0.0000,-0.0000,0.4356,0.0300,-0.0406,0.00,0.3872,-0.0013,0.4965,0.0851
0.360,settle,nan,nan,nan,nan,nan,nan,0.00000,0.00507,0.00369,-0.00035,0.00035,0.00000,0.00000,0.00507,0.00369,-0.00035,0.00035,0.00000,0.0000,0.0000,-0.0000,0.0000,-0.0000,0.4356,0.0300,-0.0406,0.00,0.3872,-0.0013,0.4965,0.0851
0.380,settle,nan,nan,nan,nan,nan,nan,0.00000,0.00507,0.00369,-0.00035,0.00035,0.00000,0.00000,0.00507,0.00369,-0.00035,0.00035,0.00000,0.0000,0.0000,-0.0000,0.0000,-0.0000,0.4356,0.0300,-0.0406,0.00,0.3872,-0.0013,0.4965,0.0851
0.400,settle,nan,nan,nan,nan,nan,nan,0.00000,0.00507,0.00369,-0.00035,0.00035,0.00000,0.00000,0.00507,0.00369,-0.00035,0.00034,0.00000,0.0000,0.0000,-0.0000,0.0000,-0.0000,0.4356,0.0300,-0.0406,0.00,0.3872,-0.0013,0.4965,0.0851
0.420,settle,nan,nan,nan,nan,nan,nan,0.00000,0.00507,0.00369,-0.00035,0.00035,0.00000,0.00000,0.00507,0.00369,-0.00035,0.00035,0.00000,0.0000,0.0000,-0.0000,0.0000,-0.0000,0.4356,0.0300,-0.0406,0.00,0.3872,-0.0013,0.4965,0.0851
0.440,settle,nan,nan,nan,nan,nan,nan,0.00000,0.00507,0.00369,-0.00035,0.00035,0.00000,0.00000,0.00507,0.00369,-0.00035,0.00035,0.00000,0.0000,0.0000,-0.0000,0.0000,-0.0000,0.4356,0.0300,-0.0406,0.00,0.3872,-0.0013,0.4965,0.0851
0.460,settle,nan,nan,nan,nan,nan,nan,0.00000,0.00507,0.00369,-0.00035,0.00035,0.00000,0.00000,0.00507,0.00369,-0.00035,0.00034,0.00000,0.0000,0.0000,-0.0000,0.0000,-0.0000,0.4356,0.0300,-0.0406,0.00,0.3872,-0.0013,0.4965,0.0851
0.480,settle,nan,nan,nan,nan,nan,nan,0.00000,0.00507,0.00369,-0.00035,0.00035,0.00000,0.00000,0.00507,0.00369,-0.00035,0.00035,0.00000,0.0000,0.0000,-0.0000,0.0000,-0.0000,0.4356,0.0300,-0.0406,0.00,0.3872,-0.0013,0.4965,0.0851
0.500,settle,nan,nan,nan,nan,nan,nan,0.00000,0.00507,0.00369,-0.00035,0.00035,0.00000,0.00000,0.00507,0.00369,-0.00035,0.00034,0.00000,0.0000,0.0000,-0.0000,0.0000,-0.0000,0.4356,0.0300,-0.0406,0.00,0.3872,-0.0013,0.4965,0.0851
0.520,moving,nan,nan,nan,nan,nan,nan,0.00000,0.00507,0.00369,-0.00035,0.00034,0.00000,0.00000,0.00507,0.00369,-0.00035,0.00035,0.00000,0.0000,0.0000,-0.0000,0.0000,-0.0000,0.4356,0.0300,-0.0406,0.00,0.3872,-0.0013,0.4965,0.0851
0.540,moving,-0.18327,0.22606,0.58404,-0.01816,0.59623,0.42473,0.00000,0.00507,0.00369,-0.00035,0.00034,0.00000,0.00000,0.00507,0.00369,-0.00035,0.00035,0.00000,0.0000,0.0000,-0.0000,0.0000,-0.0000,0.4356,0.0300,-0.0406,0.00,0.3872,-0.0013,0.4965,0.0851
0.560,moving,-0.18327,0.22606,0.58404,-0.01816,0.59623,0.42473,0.00000,0.00507,0.00369,-0.00035,0.00034,0.00000,0.00000,0.00507,0.00369,-0.00035,0.00034,0.00000,0.0000,0.0000,-0.0000,0.0000,-0.0000,0.4356,0.0300,-0.0406,0.00,0.3872,-0.0013,0.4965,0.0851
0.580,moving,-0.18327,0.22606,0.58404,-0.01816,0.59623,0.42473,0.00000,0.00507,0.00369,-0.00035,0.00034,0.00000,0.00000,0.00507,0.00369,-0.00035,0.00035,0.00000,0.0000,0.0000,-0.0000,0.0000,-0.0000,0.4356,0.0300,-0.0406,0.00,0.3872,-0.0013,0.4965,0.0851
0.600,moving,-0.18327,0.22606,0.58404,-0.01816,0.59623,0.42473,0.00000,0.00507,0.00369,-0.00035,0.00034,0.00000,-0.00229,0.00701,0.00516,-0.00259,0.00266,0.00232,0.0000,0.0000,-0.0000,0.0000,-0.0000,0.4356,0.0300,-0.0406,0.00,0.3878,-0.0022,0.4947,0.0851
0.620,moving,-0.18327,0.22606,0.58404,-0.01816,0.59623,0.42473,0.00000,0.00507,0.00369,-0.00035,0.00034,0.00000,-0.01077,0.01513,0.01265,-0.01101,0.01118,0.01084,0.0000,0.0000,-0.0000,0.0000,-0.0000,0.4357,0.0301,-0.0406,0.00,0.3904,-0.0055,0.4871,0.0851
0.640,moving,-0.18327,0.22606,0.58404,-0.01816,0.59623,0.42473,-0.01077,0.01513,0.01265,-0.01101,0.01118,0.01084,-0.02545,0.02953,0.02654,-0.01790,0.02589,0.02558,0.0000,0.0000,-0.0000,0.0000,-0.0000,0.4359,0.0303,-0.0405,0.00,0.3946,-0.0114,0.4733,0.0851
0.660,moving,-0.18327,0.22606,0.58404,-0.01816,0.59623,0.42473,-0.01077,0.01513,0.01265,-0.01101,0.01118,0.01084,-0.04632,0.05025,0.04677,-0.01957,0.04683,0.04652,0.0000,0.0000,-0.0000,0.0000,-0.0000,0.4360,0.0305,-0.0405,0.00,0.3996,-0.0200,0.4533,0.0851
0.680,moving,-0.18327,0.22606,0.58404,-0.01816,0.59623,0.42473,-0.01077,0.01513,0.01265,-0.01101,0.01118,0.01084,-0.07120,0.07588,0.07142,-0.01988,0.07181,0.07146,0.0000,0.0000,-0.0000,0.0000,-0.0000,0.4361,0.0306,-0.0404,0.00,0.4041,-0.0304,0.4289,0.0851
0.700,moving,-0.18327,0.22606,0.58404,-0.01816,0.59623,0.42473,-0.01077,0.01513,0.01265,-0.01101,0.01118,0.01084,-0.08129,0.09778,0.09620,-0.01949,0.08043,0.07990,0.0000,0.0000,-0.0000,0.0000,-0.0000,0.4361,0.0300,-0.0406,0.00,0.4074,-0.0348,0.4089,0.0851
0.720,moving,-0.18327,0.22606,0.58404,-0.01816,0.59623,0.42473,-0.01077,0.01513,0.01265,-0.01101,0.01118,0.01084,-0.08948,0.11011,0.11853,-0.01968,0.08903,0.08837,0.0000,0.0000,-0.0000,0.0000,-0.0000,0.4360,0.0296,-0.0406,0.00,0.4080,-0.0382,0.3938,0.0851
0.740,moving,-0.18327,0.22606,0.58404,-0.01816,0.59623,0.42473,-0.01077,0.01513,0.01265,-0.01101,0.01118,0.01084,-0.10393,0.12205,0.13307,-0.01985,0.10381,0.10300,0.0000,0.0000,-0.0000,0.0000,-0.0000,0.4357,0.0296,-0.0408,0.00,0.4078,-0.0442,0.3808,0.0851
0.760,moving,-0.18327,0.22606,0.58404,-0.01816,0.59623,0.42473,-0.10393,0.12205,0.13307,-0.01985,0.10381,0.10300,-0.12463,0.14029,0.14794,-0.01979,0.12477,0.12382,0.0000,0.0000,-0.0000,0.0000,-0.0000,0.4356,0.0298,-0.0406,0.00,0.4073,-0.0528,0.3641,0.0852
0.780,moving,-0.18327,0.22606,0.58404,-0.01816,0.59623,0.42473,-0.10393,0.12205,0.13307,-0.01985,0.10381,0.10300,-0.14842,0.16389,0.16824,-0.01984,0.14976,0.14859,0.0000,0.0000,-0.0000,0.0000,-0.0000,0.4355,0.0302,-0.0406,0.00,0.4057,-0.0625,0.3427,0.0851
0.800,moving,-0.18327,0.22606,0.58404,-0.01816,0.59623,0.42473,-0.10393,0.12205,0.13307,-0.01985,0.10381,0.10300,-0.15691,0.18304,0.19133,-0.01991,0.15838,0.15693,0.0000,0.0000,-0.0000,0.0000,-0.0000,0.4354,0.0298,-0.0406,0.00,0.4043,-0.0659,0.3250,0.0852
0.820,moving,-0.18327,0.22606,0.58404,-0.01816,0.59623,0.42473,-0.10393,0.12205,0.13307,-0.01985,0.10381,0.10300,-0.16496,0.19313,0.21161,-0.02043,0.16701,0.16528,0.0000,0.0000,-0.0000,0.0000,-0.0000,0.4353,0.0295,-0.0405,0.00,0.4015,-0.0688,0.3123,0.0853
0.840,moving,-0.18327,0.22606,0.58404,-0.01816,0.59623,0.42473,-0.10393,0.12205,0.13307,-0.01985,0.10381,0.10300,-0.17664,0.20425,0.22289,-0.02046,0.18180,0.17984,0.0000,0.0000,-0.0000,0.0000,-0.0000,0.4352,0.0295,-0.0406,0.00,0.3988,-0.0732,0.3015,0.0853
0.860,moving,-0.18327,0.22606,0.58404,-0.01816,0.59623,0.42473,-0.10393,0.12205,0.13307,-0.01985,0.10381,0.10300,-0.18278,0.22032,0.23568,-0.01994,0.20272,0.20051,0.0000,0.0000,-0.0000,0.0000,-0.0000,0.4352,0.0295,-0.0405,0.00,0.3957,-0.0752,0.2874,0.0853
0.880,moving,-0.18327,0.22606,0.58404,-0.01816,0.59623,0.42473,-0.18278,0.22032,0.23568,-0.01994,0.20272,0.20051,-0.18376,0.23233,0.25438,-0.02008,0.22774,0.22502,0.0000,0.0000,-0.0000,0.0000,-0.0000,0.4352,0.0295,-0.0405,0.00,0.3905,-0.0748,0.2726,0.0853
0.900,moving,-0.18327,0.22606,0.58404,-0.01816,0.59623,0.42473,-0.18278,0.22032,0.23568,-0.01994,0.20272,0.20051,-0.18355,0.23664,0.27620,-0.02083,0.23640,0.23353,0.0000,0.0000,-0.0000,0.0000,-0.0000,0.4352,0.0294,-0.0406,0.00,0.3858,-0.0739,0.2624,0.0853
0.920,moving,-0.18327,0.22606,0.58404,-0.01816,0.59623,0.42473,-0.18278,0.22032,0.23568,-0.01994,0.20272,0.20051,-0.18340,0.23950,0.28961,-0.02102,0.24497,0.24203,0.0000,0.0000,-0.0000,0.0000,-0.0000,0.4353,0.0295,-0.0406,0.00,0.3824,-0.0732,0.2558,0.0853
0.940,moving,-0.18327,0.22606,0.58404,-0.01816,0.59623,0.42473,-0.18278,0.22032,0.23568,-0.01994,0.20272,0.20051,-0.18326,0.23853,0.29799,-0.02108,0.25976,0.25672,0.0000,0.0000,-0.0000,0.0000,-0.0000,0.4354,0.0296,-0.0406,0.00,0.3788,-0.0726,0.2515,0.0853
0.960,moving,-0.18327,0.22606,0.58404,-0.01816,0.59623,0.42473,-0.18278,0.22032,0.23568,-0.01994,0.20272,0.20051,-0.18319,0.23703,0.31121,-0.02081,0.28066,0.27760,0.0000,0.0000,-0.0000,0.0000,-0.0000,0.4354,0.0297,-0.0405,0.00,0.3732,-0.0716,0.2452,0.0852
0.980,moving,-0.18327,0.22606,0.58404,-0.01816,0.59623,0.42473,-0.18278,0.22032,0.23568,-0.01994,0.20272,0.20051,-0.18309,0.23594,0.32986,-0.02081,0.30565,0.30222,0.0000,0.0000,-0.0000,0.0000,-0.0000,0.4355,0.0298,-0.0405,0.00,0.3658,-0.0703,0.2366,0.0852
1.000,moving,-0.18327,0.22606,0.58404,-0.01816,0.59623,0.42473,-0.18309,0.23594,0.32986,-0.02081,0.30565,0.30222,-0.18301,0.23513,0.34992,-0.02127,0.31426,0.31082,0.0000,0.0000,-0.0000,0.0000,-0.0000,0.4356,0.0299,-0.0405,0.00,0.3602,-0.0693,0.2298,0.0852
1.020,moving,-0.18327,0.22606,0.58404,-0.01816,0.59623,0.42473,-0.18309,0.23594,0.32986,-0.02081,0.30565,0.30222,-0.18294,0.23455,0.36054,-0.02136,0.32282,0.31946,0.0000,0.0000,-0.0000,0.0000,-0.0000,0.4357,0.0298,-0.0405,0.00,0.3566,-0.0686,0.2258,0.0852
1.040,moving,-0.18327,0.22606,0.58404,-0.01816,0.59623,0.42473,-0.18309,0.23594,0.32986,-0.02081,0.30565,0.30222,-0.18291,0.23385,0.36777,-0.02113,0.33754,0.33422,0.0000,0.0000,-0.0000,0.0000,-0.0000,0.4358,0.0298,-0.0405,0.00,0.3528,-0.0679,0.2222,0.0852
1.060,moving,-0.18327,0.22606,0.58404,-0.01816,0.59623,0.42473,-0.18309,0.23594,0.32986,-0.02081,0.30565,0.30222,-0.18289,0.23322,0.38230,-0.02086,0.35845,0.35516,0.0000,0.0000,-0.0000,0.0000,-0.0000,0.4358,0.0298,-0.0405,0.00,0.3463,-0.0668,0.2160,0.0852
1.080,moving,-0.18327,0.22606,0.58404,-0.01816,0.59623,0.42473,-0.18309,0.23594,0.32986,-0.02081,0.30565,0.30222,-0.18286,0.23281,0.40202,-0.02080,0.38341,0.37973,0.0000,0.0000,-0.0000,0.0000,-0.0000,0.4358,0.0298,-0.0405,0.00,0.3377,-0.0653,0.2079,0.0852
1.100,moving,-0.18327,0.22606,0.58404,-0.01816,0.59623,0.42473,-0.18309,0.23594,0.32986,-0.02081,0.30565,0.30222,-0.18282,0.23256,0.42247,-0.02110,0.39202,0.38790,0.0000,0.0000,-0.0000,0.0000,-0.0000,0.4358,0.0298,-0.0405,0.00,0.3314,-0.0641,0.2015,0.0852
1.120,moving,-0.18327,0.22606,0.58404,-0.01816,0.59623,0.42473,-0.18282,0.23256,0.42247,-0.02110,0.39202,0.38790,-0.18279,0.23244,0.43275,-0.02115,0.40059,0.39654,0.0000,0.0000,-0.0000,0.0000,-0.0000,0.4358,0.0298,-0.0405,0.00,0.3275,-0.0634,0.1980,0.0852
1.140,moving,-0.18327,0.22606,0.58404,-0.01816,0.59623,0.42473,-0.18282,0.23256,0.42247,-0.02110,0.39202,0.38790,-0.18278,0.23210,0.44074,-0.02092,0.41529,0.41017,0.0000,0.0000,-0.0000,0.0000,-0.0000,0.4357,0.0298,-0.0405,0.00,0.3231,-0.0626,0.1946,0.0852
1.160,moving,-0.18327,0.22606,0.58404,-0.01816,0.59623,0.42473,-0.18282,0.23256,0.42247,-0.02110,0.39202,0.38790,-0.18277,0.23181,0.45598,-0.02074,0.43619,0.41936,0.0000,0.0000,-0.0000,0.0000,-0.0000,0.4357,0.0298,-0.0405,0.00,0.3157,-0.0613,0.1890,0.0852
1.180,moving,-0.18327,0.22606,0.58404,-0.01816,0.59623,0.42473,-0.18282,0.23256,0.42247,-0.02110,0.39202,0.38790,-0.18274,0.23165,0.47625,-0.02068,0.46114,0.42263,0.0000,0.0000,-0.0000,0.0000,-0.0000,0.4356,0.0298,-0.0405,0.00,0.3062,-0.0597,0.1820,0.0852
1.200,moving,-0.18327,0.22606,0.58404,-0.01816,0.59623,0.42473,-0.18282,0.23256,0.42247,-0.02110,0.39202,0.38790,-0.18273,0.23160,0.49671,-0.02074,0.46976,0.42286,0.0000,0.0000,-0.0000,0.0000,-0.0000,0.4355,0.0298,-0.0405,0.00,0.2992,-0.0584,0.1763,0.0852
1.220,moving,-0.18327,0.22606,0.58404,-0.01816,0.59623,0.42473,-0.18282,0.23256,0.42247,-0.02110,0.39202,0.38790,-0.18271,0.23164,0.50617,-0.02078,0.47832,0.42293,0.0000,0.0000,-0.0000,0.0000,-0.0000,0.4355,0.0298,-0.0405,0.00,0.2951,-0.0577,0.1735,0.0852
1.240,moving,-0.18327,0.22606,0.58404,-0.01816,0.59623,0.42473,-0.18271,0.23164,0.50617,-0.02078,0.47832,0.42293,-0.18270,0.23143,0.51469,-0.02056,0.49301,0.42292,0.0000,0.0000,-0.0000,0.0000,-0.0000,0.4356,0.0298,-0.0405,0.00,0.2902,-0.0568,0.1706,0.0852
1.260,moving,-0.18327,0.22606,0.58404,-0.01816,0.59623,0.42473,-0.18271,0.23164,0.50617,-0.02078,0.47832,0.42293,-0.18270,0.23126,0.53047,-0.02035,0.51390,0.42292,0.0000,0.0000,-0.0000,0.0000,-0.0000,0.4355,0.0298,-0.0405,0.00,0.2822,-0.0554,0.1658,0.0852
1.280,moving,-0.18327,0.22606,0.58404,-0.01816,0.59623,0.42473,-0.18271,0.23164,0.50617,-0.02078,0.47832,0.42293,-0.18269,0.23119,0.55115,-0.02025,0.53885,0.42295,0.0000,0.0000,-0.0000,0.0000,-0.0000,0.4355,0.0298,-0.0405,0.00,0.2718,-0.0535,0.1601,0.0852
1.300,moving,-0.18327,0.22606,0.58404,-0.01816,0.59623,0.42473,-0.18271,0.23164,0.50617,-0.02078,0.47832,0.42293,-0.18268,0.23121,0.57156,-0.02028,0.54746,0.42302,0.0000,0.0000,-0.0000,0.0000,-0.0000,0.4355,0.0298,-0.0405,0.00,0.2644,-0.0522,0.1554,0.0852
1.320,moving,-0.18327,0.22606,0.58404,-0.01816,0.59623,0.42473,-0.18271,0.23164,0.50617,-0.02078,0.47832,0.42293,-0.18267,0.23127,0.58029,-0.02028,0.55601,0.42308,0.0000,0.0000,-0.0000,0.0000,-0.0000,0.4356,0.0298,-0.0405,0.00,0.2603,-0.0514,0.1532,0.0852
1.340,moving,-0.18327,0.22606,0.58404,-0.01816,0.59623,0.42473,-0.18271,0.23164,0.50617,-0.02078,0.47832,0.42293,-0.18267,0.23113,0.58903,-0.02010,0.57070,0.42307,0.0000,0.0000,-0.0000,0.0000,-0.0000,0.4356,0.0298,-0.0405,0.00,0.2550,-0.0505,0.1510,0.0852
1.360,moving,-0.18327,0.22606,0.58404,-0.01816,0.59623,0.42473,-0.18267,0.23113,0.58903,-0.02010,0.57070,0.42307,-0.18266,0.23113,0.59677,-0.02008,0.58587,0.42313,0.0000,0.0000,-0.0000,0.0000,-0.0000,0.4357,0.0298,-0.0405,0.00,0.2500,-0.0496,0.1490,0.0852
1.380,moving,-0.18327,0.22606,0.58404,-0.01816,0.59623,0.42473,-0.18267,0.23113,0.58903,-0.02010,0.57070,0.42307,-0.18266,0.23114,0.59897,-0.02005,0.59459,0.42316,0.0000,0.0000,-0.0000,0.0000,-0.0000,0.4357,0.0298,-0.0405,0.00,0.2477,-0.0492,0.1484,0.0852
1.400,moving,-0.18327,0.22606,0.58404,-0.01816,0.59623,0.42473,-0.18267,0.23113,0.58903,-0.02010,0.57070,0.42307,-0.18266,0.23110,0.59692,-0.02000,0.59729,0.42320,0.0000,0.0000,-0.0000,0.0000,-0.0000,0.4358,0.0298,-0.0405,0.00,0.2478,-0.0492,0.1487,0.0852
1.420,moving,-0.18327,0.22606,0.58404,-0.01816,0.59623,0.42473,-0.18267,0.23113,0.58903,-0.02010,0.57070,0.42307,-0.18266,0.23105,0.59443,-0.01992,0.59746,0.42321,0.0000,0.0000,-0.0000,0.0000,-0.0000,0.4358,0.0298,-0.0405,0.00,0.2486,-0.0494,0.1492,0.0852
1.440,moving,-0.18327,0.22606,0.58404,-0.01816,0.59623,0.42473,-0.18267,0.23113,0.58903,-0.02010,0.57070,0.42307,-0.18265,0.23100,0.59238,-0.01986,0.59745,0.42322,0.0000,0.0000,-0.0000,0.0000,-0.0000,0.4358,0.0298,-0.0405,0.00,0.2492,-0.0495,0.1496,0.0852
1.460,moving,-0.18327,0.22606,0.58404,-0.01816,0.59623,0.42473,-0.18267,0.23113,0.58903,-0.02010,0.57070,0.42307,-0.18265,0.23097,0.59070,-0.01980,0.59744,0.42322,0.0000,0.0000,-0.0000,0.0000,-0.0000,0.4358,0.0298,-0.0405,0.00,0.2497,-0.0496,0.1499,0.0852
1.480,moving,-0.18327,0.22606,0.58404,-0.01816,0.59623,0.42473,-0.18265,0.23097,0.59070,-0.01980,0.59744,0.42322,-0.18265,0.23094,0.58931,-0.01976,0.59743,0.42323,0.0000,0.0000,-0.0000,0.0000,-0.0000,0.4357,0.0298,-0.0405,0.00,0.2501,-0.0496,0.1502,0.0852
1.500,moving,-0.18327,0.22606,0.58404,-0.01816,0.59623,0.42473,-0.18265,0.23097,0.59070,-0.01980,0.59744,0.42322,-0.18265,0.23092,0.58819,-0.01972,0.59743,0.42324,0.0000,0.0000,-0.0000,0.0000,-0.0000,0.4357,0.0298,-0.0405,0.00,0.2504,-0.0497,0.1504,0.0852
1.520,moving,-0.18327,0.22606,0.58404,-0.01816,0.59623,0.42473,-0.18265,0.23097,0.59070,-0.01980,0.59744,0.42322,-0.18265,0.23091,0.58727,-0.01970,0.59743,0.42324,0.0000,0.0000,-0.0000,0.0000,-0.0000,0.4356,0.0298,-0.0405,0.00,0.2507,-0.0497,0.1506,0.0852
1.540,moving,-0.18327,0.22606,0.58404,-0.01816,0.59623,0.42473,-0.18265,0.23097,0.59070,-0.01980,0.59744,0.42322,-0.18265,0.23090,0.58651,-0.01967,0.59742,0.42324,0.0000,0.0000,-0.0000,0.0000,-0.0000,0.4356,0.0298,-0.0405,0.00,0.2509,-0.0498,0.1507,0.0852
1.560,moving,-0.18327,0.22606,0.58404,-0.01816,0.59623,0.42473,-0.18265,0.23097,0.59070,-0.01980,0.59744,0.42322,-0.18264,0.23090,0.58589,-0.01966,0.59742,0.42324,0.0000,0.0000,-0.0000,0.0000,-0.0000,0.4355,0.0298,-0.0405,0.00,0.2511,-0.0498,0.1509,0.0852
1.580,moving,-0.18327,0.22606,0.58404,-0.01816,0.59623,0.42473,-0.18265,0.23097,0.59070,-0.01980,0.59744,0.42322,-0.18264,0.23089,0.58538,-0.01965,0.59742,0.42324,0.0000,0.0000,-0.0000,0.0000,-0.0000,0.4355,0.0298,-0.0405,0.00,0.2513,-0.0498,0.1510,0.0852
1.600,moving,-0.18327,0.22606,0.58404,-0.01816,0.59623,0.42473,-0.18264,0.23089,0.58538,-0.01965,0.59742,0.42324,-0.18264,0.23089,0.58497,-0.01964,0.59742,0.42324,0.0000,0.0000,-0.0000,0.0000,-0.0000,0.4355,0.0298,-0.0405,0.00,0.2514,-0.0499,0.1510,0.0852
1.620,moving,-0.18327,0.22606,0.58404,-0.01816,0.59623,0.42473,-0.18264,0.23089,0.58538,-0.01965,0.59742,0.42324,-0.18264,0.23089,0.58463,-0.01963,0.59742,0.42324,0.0000,0.0000,-0.0000,0.0000,-0.0000,0.4355,0.0298,-0.0405,0.00,0.2515,-0.0499,0.1511,0.0852
1.640,moving,-0.18327,0.22606,0.58404,-0.01816,0.59623,0.42473,-0.18264,0.23089,0.58538,-0.01965,0.59742,0.42324,-0.18264,0.23088,0.58436,-0.01962,0.59742,0.42324,0.0000,0.0000,-0.0000,0.0000,-0.0000,0.4355,0.0298,-0.0405,0.00,0.2516,-0.0499,0.1512,0.0852
1.660,moving,-0.18327,0.22606,0.58404,-0.01816,0.59623,0.42473,-0.18264,0.23089,0.58538,-0.01965,0.59742,0.42324,-0.18264,0.23088,0.58413,-0.01962,0.59742,0.42324,0.0000,0.0000,-0.0000,0.0000,-0.0000,0.4356,0.0298,-0.0405,0.00,0.2516,-0.0499,0.1512,0.0852
1.680,moving,-0.18327,0.22606,0.58404,-0.01816,0.59623,0.42473,-0.18264,0.23089,0.58538,-0.01965,0.59742,0.42324,-0.18264,0.23088,0.58395,-0.01961,0.59742,0.42324,0.0000,0.0000,-0.0000,0.0000,-0.0000,0.4356,0.0298,-0.0405,0.00,0.2517,-0.0499,0.1513,0.0852
1.700,moving,-0.18327,0.22606,0.58404,-0.01816,0.59623,0.42473,-0.18264,0.23089,0.58538,-0.01965,0.59742,0.42324,-0.18264,0.23087,0.58381,-0.01961,0.59742,0.42324,0.0000,0.0000,-0.0000,0.0000,-0.0000,0.4356,0.0298,-0.0405,0.00,0.2517,-0.0499,0.1513,0.0852
1.720,moving,-0.18327,0.22606,0.58404,-0.01816,0.59623,0.42473,-0.18264,0.23087,0.58381,-0.01961,0.59742,0.42324,-0.18264,0.23087,0.58369,-0.01960,0.59742,0.42325,0.0000,0.0000,-0.0000,0.0000,-0.0000,0.4357,0.0298,-0.0405,0.00,0.2518,-0.0499,0.1513,0.0852
1.740,moving,-0.18327,0.22606,0.58404,-0.01816,0.59623,0.42473,-0.18264,0.23087,0.58381,-0.01961,0.59742,0.42324,-0.18264,0.23087,0.58359,-0.01960,0.59741,0.42325,0.0000,0.0000,-0.0000,0.0000,-0.0000,0.4357,0.0298,-0.0405,0.00,0.2518,-0.0499,0.1513,0.0852
1.760,moving,-0.18327,0.22606,0.58404,-0.01816,0.59623,0.42473,-0.18264,0.23087,0.58381,-0.01961,0.59742,0.42324,-0.18264,0.23086,0.58351,-0.01960,0.59741,0.42325,0.0000,0.0000,-0.0000,0.0000,-0.0000,0.4357,0.0298,-0.0405,0.00,0.2518,-0.0499,0.1513,0.0852
1.780,moving,-0.18327,0.22606,0.58404,-0.01816,0.59623,0.42473,-0.18264,0.23087,0.58381,-0.01961,0.59742,0.42324,-0.18264,0.23086,0.58345,-0.01960,0.59741,0.42325,0.0000,0.0000,-0.0000,0.0000,-0.0000,0.4357,0.0298,-0.0405,0.00,0.2518,-0.0499,0.1514,0.0852
1.800,moving,-0.18327,0.22606,0.58404,-0.01816,0.59623,0.42473,-0.18264,0.23087,0.58381,-0.01961,0.59742,0.42324,-0.18264,0.23086,0.58339,-0.01960,0.59741,0.42325,0.0000,0.0000,-0.0000,0.0000,-0.0000,0.4357,0.0298,-0.0405,0.00,0.2519,-0.0499,0.1514,0.0852
1.820,moving,-0.18327,0.22606,0.58404,-0.01816,0.59623,0.42473,-0.18264,0.23087,0.58381,-0.01961,0.59742,0.42324,-0.18264,0.23086,0.58335,-0.01960,0.59741,0.42325,0.0000,0.0000,-0.0000,0.0000,-0.0000,0.4357,0.0298,-0.0405,0.00,0.2519,-0.0499,0.1514,0.0852
1.840,moving,-0.18327,0.22606,0.58404,-0.01816,0.59623,0.42473,-0.18264,0.23086,0.58335,-0.01960,0.59741,0.42325,-0.18264,0.23086,0.58331,-0.01960,0.59741,0.42325,0.0000,0.0000,-0.0000,0.0000,-0.0000,0.4356,0.0298,-0.0405,0.00,0.2519,-0.0499,0.1514,0.0852
1.860,moving,-0.18327,0.22606,0.58404,-0.01816,0.59623,0.42473,-0.18264,0.23086,0.58335,-0.01960,0.59741,0.42325,-0.18264,0.23086,0.58328,-0.01959,0.59741,0.42325,0.0000,0.0000,-0.0000,0.0000,-0.0000,0.4356,0.0298,-0.0405,0.00,0.2519,-0.0499,0.1514,0.0852
1.880,moving,-0.18327,0.22606,0.58404,-0.01816,0.59623,0.42473,-0.18264,0.23086,0.58335,-0.01960,0.59741,0.42325,-0.18264,0.23086,0.58326,-0.01959,0.59741,0.42325,0.0000,0.0000,-0.0000,0.0000,-0.0000,0.4356,0.0298,-0.0405,0.00,0.2519,-0.0499,0.1514,0.0852
1.900,moving,-0.18327,0.22606,0.58404,-0.01816,0.59623,0.42473,-0.18264,0.23086,0.58335,-0.01960,0.59741,0.42325,-0.18264,0.23086,0.58324,-0.01959,0.59741,0.42325,0.0000,0.0000,-0.0000,0.0000,-0.0000,0.4356,0.0298,-0.0405,0.00,0.2519,-0.0499,0.1514,0.0852
1.920,moving,-0.18327,0.22606,0.58404,-0.01816,0.59623,0.42473,-0.18264,0.23086,0.58335,-0.01960,0.59741,0.42325,-0.18264,0.23087,0.58322,-0.01960,0.59741,0.42325,0.0000,0.0000,-0.0000,0.0000,-0.0000,0.4356,0.0298,-0.0405,0.00,0.2519,-0.0499,0.1514,0.0852
1.940,detect,-0.18327,0.22606,0.58404,-0.01816,0.59623,0.42473,-0.18264,0.23086,0.58335,-0.01960,0.59741,0.42325,-0.18264,0.23087,0.58320,-0.01960,0.59741,0.42325,0.0000,0.0000,-0.0000,0.0000,-0.0000,0.4356,0.0298,-0.0405,0.00,0.2519,-0.0499,0.1514,0.0852
1.960,detect,-0.18327,0.22606,0.58404,-0.01816,0.59623,0.42473,-0.18264,0.23087,0.58320,-0.01960,0.59741,0.42325,-0.18264,0.23087,0.58319,-0.01960,0.59741,0.42325,0.0000,0.0000,-0.0000,0.0000,-0.0000,0.4356,0.0298,-0.0405,0.00,0.2519,-0.0499,0.1514,0.0852
1.980,detect,-0.18327,0.22606,0.58404,-0.01816,0.59623,0.42473,-0.18264,0.23087,0.58320,-0.01960,0.59741,0.42325,-0.18264,0.23087,0.58318,-0.01960,0.59741,0.42324,0.0000,0.0000,-0.0000,0.0000,-0.0000,0.4356,0.0298,-0.0405,0.00,0.2519,-0.0499,0.1514,0.0852
2.000,detect,-0.18327,0.22606,0.58404,-0.01816,0.59623,0.42473,-0.18264,0.23087,0.58320,-0.01960,0.59741,0.42325,-0.18264,0.23087,0.58318,-0.01960,0.59741,0.42324,0.0000,0.0000,-0.0000,0.0000,-0.0000,0.4356,0.0298,-0.0405,0.00,0.2519,-0.0499,0.1514,0.0852
2.020,detect,-0.18327,0.22606,0.58404,-0.01816,0.59623,0.42473,-0.18264,0.23087,0.58320,-0.01960,0.59741,0.42325,-0.18264,0.23087,0.58317,-0.01960,0.59741,0.42324,0.0000,0.0000,-0.0000,0.0000,-0.0000,0.4356,0.0298,-0.0405,0.00,0.2519,-0.0499,0.1514,0.0852
2.040,detect,-0.18327,0.22606,0.58404,-0.01816,0.59623,0.42473,-0.18264,0.23087,0.58320,-0.01960,0.59741,0.42325,-0.18264,0.23087,0.58317,-0.01960,0.59741,0.42325,0.0000,0.0000,-0.0000,0.0000,-0.0000,0.4356,0.0298,-0.0405,0.00,0.2519,-0.0499,0.1514,0.0852
2.060,detect,-0.18327,0.22606,0.58404,-0.01816,0.59623,0.42473,-0.18264,0.23087,0.58320,-0.01960,0.59741,0.42325,-0.18264,0.23086,0.58316,-0.01960,0.59741,0.42325,0.0000,0.0000,-0.0000,0.0000,-0.0000,0.4356,0.0298,-0.0405,0.00,0.2519,-0.0499,0.1514,0.0852
2.080,detect,-0.18327,0.22606,0.58404,-0.01816,0.59623,0.42473,-0.18264,0.23086,0.58316,-0.01960,0.59741,0.42325,-0.18264,0.23086,0.58316,-0.01960,0.59741,0.42324,0.0000,0.0000,-0.0000,0.0000,-0.0000,0.4356,0.0298,-0.0405,0.00,0.2519,-0.0499,0.1514,0.0852
2.100,detect,-0.18327,0.22606,0.58404,-0.01816,0.59623,0.42473,-0.18264,0.23086,0.58316,-0.01960,0.59741,0.42325,-0.18264,0.23086,0.58316,-0.01960,0.59741,0.42324,0.0000,0.0000,-0.0000,0.0000,-0.0000,0.4356,0.0298,-0.0405,0.00,0.2519,-0.0499,0.1514,0.0852
2.120,detect,-0.18327,0.22606,0.58404,-0.01816,0.59623,0.42473,-0.18264,0.23086,0.58316,-0.01960,0.59741,0.42325,-0.18264,0.23086,0.58316,-0.01960,0.59741,0.42325,0.0000,0.0000,-0.0000,0.0000,-0.0000,0.4356,0.0298,-0.0405,0.00,0.2519,-0.0499,0.1514,0.0852
2.140,detect,-0.18327,0.22606,0.58404,-0.01816,0.59623,0.42473,-0.18264,0.23086,0.58316,-0.01960,0.59741,0.42325,-0.18264,0.23086,0.58316,-0.01960,0.59741,0.42325,0.0000,0.0000,-0.0000,0.0000,-0.0000,0.4356,0.0298,-0.0405,0.00,0.2519,-0.0499,0.1514,0.0852
2.160,detect,-0.18327,0.22606,0.58404,-0.01816,0.59623,0.42473,-0.18264,0.23086,0.58316,-0.01960,0.59741,0.42325,-0.18264,0.23086,0.58315,-0.01960,0.59741,0.42325,0.0000,0.0000,-0.0000,0.0000,-0.0000,0.4356,0.0298,-0.0405,0.00,0.2519,-0.0499,0.1514,0.0852
2.180,detect,-0.18327,0.22606,0.58404,-0.01816,0.59623,0.42473,-0.18264,0.23086,0.58316,-0.01960,0.59741,0.42325,-0.18264,0.23086,0.58315,-0.01960,0.59741,0.42324,0.0000,0.0000,-0.0000,0.0000,-0.0000,0.4356,0.0298,-0.0405,0.00,0.2519,-0.0500,0.1514,0.0852
2.200,detect,-0.18327,0.22606,0.58404,-0.01816,0.59623,0.42473,-0.18264,0.23086,0.58315,-0.01960,0.59741,0.42324,-0.18264,0.23086,0.58315,-0.01960,0.59741,0.42324,0.0000,0.0000,-0.0000,0.0000,-0.0000,0.4356,0.0298,-0.0405,0.00,0.2519,-0.0500,0.1514,0.0852
2.220,detect,-0.18327,0.22606,0.58404,-0.01816,0.59623,0.42473,-0.18264,0.23086,0.58315,-0.01960,0.59741,0.42324,-0.18264,0.23086,0.58315,-0.01960,0.59741,0.42324,0.0000,0.0000,-0.0000,0.0000,-0.0000,0.4356,0.0298,-0.0405,0.00,0.2519,-0.0500,0.1514,0.0852
2.240,detect,-0.18327,0.22606,0.58404,-0.01816,0.59623,0.42473,-0.18264,0.23086,0.58315,-0.01960,0.59741,0.42324,-0.18264,0.23086,0.58315,-0.01960,0.59741,0.42324,0.0000,0.0000,-0.0000,0.0000,-0.0000,0.4356,0.0298,-0.0405,0.00,0.2519,-0.0500,0.1514,0.0852
2.260,detect,-0.18327,0.22606,0.58404,-0.01816,0.59623,0.42473,-0.18264,0.23086,0.58315,-0.01960,0.59741,0.42324,-0.18264,0.23086,0.58315,-0.01960,0.59741,0.42324,0.0000,0.0000,-0.0000,0.0000,-0.0000,0.4356,0.0298,-0.0405,0.00,0.2519,-0.0500,0.1514,0.0852
2.280,detect,-0.18327,0.22606,0.58404,-0.01816,0.59623,0.42473,-0.18264,0.23086,0.58315,-0.01960,0.59741,0.42324,-0.18264,0.23086,0.58315,-0.01960,0.59741,0.42324,0.0000,0.0000,-0.0000,0.0000,-0.0000,0.4356,0.0298,-0.0405,0.00,0.2519,-0.0500,0.1514,0.0852
2.300,detect,-0.18327,0.22606,0.58404,-0.01816,0.59623,0.42473,-0.18264,0.23086,0.58315,-0.01960,0.59741,0.42324,-0.18264,0.23086,0.58315,-0.01960,0.59741,0.42324,0.0000,0.0000,-0.0000,0.0000,-0.0000,0.4356,0.0298,-0.0405,0.00,0.2519,-0.0500,0.1514,0.0852
2.320,detect,-0.18327,0.22606,0.58404,-0.01816,0.59623,0.42473,-0.18264,0.23086,0.58315,-0.01960,0.59741,0.42324,-0.18264,0.23086,0.58315,-0.01960,0.59741,0.42324,0.0000,0.0000,-0.0000,0.0000,-0.0000,0.4356,0.0298,-0.0405,0.00,0.2519,-0.0500,0.1514,0.0852
2.340,detect,-0.18327,0.22606,0.58404,-0.01816,0.59623,0.42473,-0.18264,0.23086,0.58315,-0.01960,0.59741,0.42324,-0.18264,0.23086,0.58315,-0.01960,0.59741,0.42324,0.0000,0.0000,-0.0000,0.0000,-0.0000,0.4356,0.0298,-0.0405,0.00,0.2519,-0.0500,0.1514,0.0852
2.360,detect,-0.18327,0.22606,0.58404,-0.01816,0.59623,0.42473,-0.18264,0.23086,0.58315,-0.01960,0.59741,0.42324,-0.18264,0.23086,0.58315,-0.01960,0.59741,0.42324,0.0000,0.0000,-0.0000,0.0000,-0.0000,0.4356,0.0298,-0.0405,0.00,0.2519,-0.0500,0.1514,0.0852
2.380,detect,-0.18327,0.22606,0.58404,-0.01816,0.59623,0.42473,-0.18264,0.23086,0.58315,-0.01960,0.59741,0.42324,-0.18264,0.23086,0.58315,-0.01960,0.59741,0.42324,0.0000,0.0000,-0.0000,0.0000,-0.0000,0.4356,0.0298,-0.0405,0.00,0.2519,-0.0500,0.1514,0.0852
2.400,detect,-0.18327,0.22606,0.58404,-0.01816,0.59623,0.42473,-0.18264,0.23086,0.58315,-0.01960,0.59741,0.42324,-0.18264,0.23086,0.58315,-0.01960,0.59741,0.42324,0.0000,0.0000,-0.0000,0.0000,-0.0000,0.4356,0.0298,-0.0405,0.00,0.2519,-0.0500,0.1514,0.0852
2.420,detect,-0.18327,0.22606,0.58404,-0.01816,0.59623,0.42473,-0.18264,0.23086,0.58315,-0.01960,0.59741,0.42324,-0.18264,0.23086,0.58315,-0.01960,0.59741,0.42324,0.0000,0.0000,-0.0000,0.0000,-0.0000,0.4356,0.0298,-0.0405,0.00,0.2519,-0.0500,0.1514,0.0852
2.440,detect,-0.18327,0.22606,0.58404,-0.01816,0.59623,0.42473,-0.18264,0.23086,0.58315,-0.01960,0.59741,0.42324,-0.18264,0.23086,0.58315,-0.01960,0.59741,0.42324,0.0000,0.0000,-0.0000,0.0000,-0.0000,0.4356,0.0298,-0.0405,0.00,0.2519,-0.0500,0.1514,0.0852
2.460,detect,-0.18327,0.22606,0.58404,-0.01816,0.59623,0.42473,-0.18264,0.23086,0.58315,-0.01960,0.59741,0.42324,-0.18264,0.23086,0.58315,-0.01960,0.59741,0.42324,0.0000,0.0000,-0.0000,0.0000,-0.0000,0.4356,0.0298,-0.0405,0.00,0.2519,-0.0500,0.1514,0.0852
2.480,detect,-0.18327,0.22606,0.58404,-0.01816,0.59623,0.42473,-0.18264,0.23086,0.58315,-0.01960,0.59741,0.42324,-0.18264,0.23086,0.58315,-0.01960,0.59741,0.42324,0.0000,0.0000,-0.0000,0.0000,-0.0000,0.4356,0.0298,-0.0405,0.00,0.2519,-0.0500,0.1514,0.0852
2.500,detect,-0.18327,0.22606,0.58404,-0.01816,0.59623,0.42473,-0.18264,0.23086,0.58315,-0.01960,0.59741,0.42324,-0.18264,0.23086,0.58315,-0.01960,0.59741,0.42324,0.0000,0.0000,-0.0000,0.0000,-0.0000,0.4356,0.0298,-0.0405,0.00,0.2519,-0.0500,0.1514,0.0852
2.520,detect,-0.18327,0.22606,0.58404,-0.01816,0.59623,0.42473,-0.18264,0.23086,0.58315,-0.01960,0.59741,0.42324,-0.18264,0.23086,0.58315,-0.01960,0.59741,0.42324,0.0000,0.0000,-0.0000,0.0000,-0.0000,0.4356,0.0298,-0.0405,0.00,0.2519,-0.0500,0.1514,0.0852
2.540,detect,-0.18327,0.22606,0.58404,-0.01816,0.59623,0.42473,-0.18264,0.23086,0.58315,-0.01960,0.59741,0.42324,-0.18264,0.23086,0.58315,-0.01960,0.59741,0.42324,0.0000,0.0000,-0.0000,0.0000,-0.0000,0.4356,0.0298,-0.0405,0.00,0.2519,-0.0500,0.1514,0.0852
2.560,detect,-0.18327,0.22606,0.58404,-0.01816,0.59623,0.42473,-0.18264,0.23086,0.58315,-0.01960,0.59741,0.42324,-0.18264,0.23086,0.58315,-0.01960,0.59741,0.42324,0.0000,0.0000,-0.0000,0.0000,-0.0000,0.4356,0.0298,-0.0405,0.00,0.2519,-0.0500,0.1514,0.0852
2.580,detect,-0.18327,0.22606,0.58404,-0.01816,0.59623,0.42473,-0.18264,0.23086,0.58315,-0.01960,0.59741,0.42324,-0.18264,0.23086,0.58315,-0.01960,0.59741,0.42324,0.0000,0.0000,-0.0000,0.0000,-0.0000,0.4356,0.0298,-0.0405,0.00,0.2519,-0.0500,0.1514,0.0852
2.600,detect,-0.18327,0.22606,0.58404,-0.01816,0.59623,0.42473,-0.18264,0.23086,0.58315,-0.01960,0.59741,0.42324,-0.18264,0.23086,0.58315,-0.01960,0.59741,0.42324,0.0000,0.0000,-0.0000,0.0000,-0.0000,0.4356,0.0298,-0.0405,0.00,0.2519,-0.0500,0.1514,0.0852
2.620,detect,-0.18327,0.22606,0.58404,-0.01816,0.59623,0.42473,-0.18264,0.23086,0.58315,-0.01960,0.59741,0.42324,-0.18264,0.23086,0.58315,-0.01960,0.59741,0.42324,0.0000,0.0000,-0.0000,0.0000,-0.0000,0.4356,0.0298,-0.0405,0.00,0.2519,-0.0500,0.1514,0.0852
2.640,detect,-0.18327,0.22606,0.58404,-0.01816,0.59623,0.42473,-0.18264,0.23086,0.58315,-0.01960,0.59741,0.42324,-0.18264,0.23086,0.58315,-0.01960,0.59741,0.42324,0.0000,0.0000,-0.0000,0.0000,-0.0000,0.4356,0.0298,-0.0405,0.00,0.2519,-0.0500,0.1514,0.0852
2.660,detect,-0.18327,0.22606,0.58404,-0.01816,0.59623,0.42473,-0.18264,0.23086,0.58315,-0.01960,0.59741,0.42324,-0.18264,0.23086,0.58315,-0.01960,0.59741,0.42324,0.0000,0.0000,-0.0000,0.0000,-0.0000,0.4356,0.0298,-0.0405,0.00,0.2519,-0.0500,0.1514,0.0852
2.680,detect,-0.18327,0.22606,0.58404,-0.01816,0.59623,0.42473,-0.18264,0.23086,0.58315,-0.01960,0.59741,0.42324,-0.18263,0.23086,0.58315,-0.01960,0.59741,0.42324,0.0000,0.0000,-0.0000,0.0000,-0.0000,0.4356,0.0298,-0.0405,0.00,0.2519,-0.0500,0.1514,0.0852
2.700,detect,-0.18327,0.22606,0.58404,-0.01816,0.59623,0.42473,-0.18264,0.23086,0.58315,-0.01960,0.59741,0.42324,-0.18263,0.23086,0.58315,-0.01960,0.59741,0.42324,0.0000,0.0000,-0.0000,0.0000,-0.0000,0.4356,0.0298,-0.0405,0.00,0.2519,-0.0500,0.1514,0.0852
2.720,detect,-0.18327,0.22606,0.58404,-0.01816,0.59623,0.42473,-0.18264,0.23086,0.58315,-0.01960,0.59741,0.42324,-0.18263,0.23086,0.58315,-0.01960,0.59741,0.42324,0.0000,0.0000,-0.0000,0.0000,-0.0000,0.4356,0.0298,-0.0405,0.00,0.2519,-0.0500,0.1514,0.0852
2.740,detect,-0.18327,0.22606,0.58404,-0.01816,0.59623,0.42473,-0.18264,0.23086,0.58315,-0.01960,0.59741,0.42324,-0.18263,0.23086,0.58315,-0.01960,0.59741,0.42324,0.0000,0.0000,-0.0000,0.0000,-0.0000,0.4356,0.0298,-0.0405,0.00,0.2519,-0.0500,0.1514,0.0852
2.760,detect,-0.18327,0.22606,0.58404,-0.01816,0.59623,0.42473,-0.18264,0.23086,0.58315,-0.01960,0.59741,0.42324,-0.18263,0.23086,0.58315,-0.01960,0.59741,0.42324,0.0000,0.0000,-0.0000,0.0000,-0.0000,0.4356,0.0298,-0.0405,0.00,0.2519,-0.0500,0.1514,0.0852
2.780,detect,-0.18327,0.22606,0.58404,-0.01816,0.59623,0.42473,-0.18264,0.23086,0.58315,-0.01960,0.59741,0.42324,-0.18264,0.23086,0.58315,-0.01960,0.59741,0.42324,0.0000,0.0000,-0.0000,0.0000,-0.0000,0.4356,0.0298,-0.0405,0.00,0.2519,-0.0500,0.1514,0.0852
2.800,detect,-0.18327,0.22606,0.58404,-0.01816,0.59623,0.42473,-0.18264,0.23086,0.58315,-0.01960,0.59741,0.42324,-0.18264,0.23086,0.58315,-0.01960,0.59741,0.42324,0.0000,0.0000,-0.0000,0.0000,-0.0000,0.4356,0.0298,-0.0405,0.00,0.2519,-0.0500,0.1514,0.0852
2.820,detect,-0.18327,0.22606,0.58404,-0.01816,0.59623,0.42473,-0.18264,0.23086,0.58315,-0.01960,0.59741,0.42324,-0.18264,0.23086,0.58315,-0.01960,0.59741,0.42324,0.0000,0.0000,-0.0000,0.0000,-0.0000,0.4356,0.0298,-0.0405,0.00,0.2519,-0.0500,0.1514,0.0852
2.840,detect,-0.18327,0.22606,0.58404,-0.01816,0.59623,0.42473,-0.18264,0.23086,0.58315,-0.01960,0.59741,0.42324,-0.18264,0.23086,0.58315,-0.01960,0.59741,0.42324,0.0000,0.0000,-0.0000,0.0000,-0.0000,0.4356,0.0298,-0.0405,0.00,0.2519,-0.0500,0.1514,0.0852
2.860,detect,-0.18327,0.22606,0.58404,-0.01816,0.59623,0.42473,-0.18264,0.23086,0.58315,-0.01960,0.59741,0.42324,-0.18264,0.23086,0.58315,-0.01960,0.59741,0.42324,0.0000,0.0000,-0.0000,0.0000,-0.0000,0.4356,0.0298,-0.0405,0.00,0.2519,-0.0500,0.1514,0.0852
2.880,detect,-0.18327,0.22606,0.58404,-0.01816,0.59623,0.42473,-0.18264,0.23086,0.58315,-0.01960,0.59741,0.42324,-0.18264,0.23086,0.58315,-0.01960,0.59741,0.42324,0.0000,0.0000,-0.0000,0.0000,-0.0000,0.4356,0.0298,-0.0405,0.00,0.2519,-0.0500,0.1514,0.0852
2.900,detect,-0.18327,0.22606,0.58404,-0.01816,0.59623,0.42473,-0.18264,0.23086,0.58315,-0.01960,0.59741,0.42324,-0.18264,0.23086,0.58315,-0.01960,0.59741,0.42324,0.0000,0.0000,-0.0000,0.0000,-0.0000,0.4356,0.0298,-0.0405,0.00,0.2519,-0.0500,0.1514,0.0852
2.920,detect,-0.18327,0.22606,0.58404,-0.01816,0.59623,0.42473,-0.18264,0.23086,0.58315,-0.01960,0.59741,0.42324,-0.18264,0.23086,0.58315,-0.01960,0.59741,0.42324,0.0000,0.0000,-0.0000,0.0000,-0.0000,0.4356,0.0298,-0.0405,0.00,0.2519,-0.0500,0.1514,0.0852
2.940,detect,-0.18327,0.22606,0.58404,-0.01816,0.59623,0.42473,-0.18264,0.23086,0.58315,-0.01960,0.59741,0.42324,-0.18264,0.23086,0.58315,-0.01960,0.59741,0.42324,0.0000,0.0000,-0.0000,0.0000,-0.0000,0.4356,0.0298,-0.0405,0.00,0.2519,-0.0500,0.1514,0.0852
2.960,detect,-0.18327,0.22606,0.58404,-0.01816,0.59623,0.42473,-0.18264,0.23086,0.58315,-0.01960,0.59741,0.42324,-0.18264,0.23086,0.58315,-0.01960,0.59741,0.42324,0.0000,0.0000,-0.0000,0.0000,-0.0000,0.4356,0.0298,-0.0405,0.00,0.2519,-0.0500,0.1514,0.0852
2.980,detect,-0.18327,0.22606,0.58404,-0.01816,0.59623,0.42473,-0.18264,0.23086,0.58315,-0.01960,0.59741,0.42324,-0.18264,0.23086,0.58315,-0.01960,0.59741,0.42324,0.0000,0.0000,-0.0000,0.0000,-0.0000,0.4356,0.0298,-0.0405,0.00,0.2519,-0.0500,0.1514,0.0852
3.000,detect,-0.18327,0.22606,0.58404,-0.01816,0.59623,0.42473,-0.18264,0.23086,0.58315,-0.01960,0.59741,0.42324,-0.18264,0.23086,0.58315,-0.01960,0.59741,0.42324,0.0000,0.0000,-0.0000,0.0000,-0.0000,0.4356,0.0298,-0.0405,0.00,0.2519,-0.0500,0.1514,0.0852
3.020,detect,-0.18327,0.22606,0.58404,-0.01816,0.59623,0.42473,-0.18264,0.23086,0.58315,-0.01960,0.59741,0.42324,-0.18264,0.23086,0.58315,-0.01960,0.59741,0.42324,0.0000,0.0000,-0.0000,0.0000,-0.0000,0.4356,0.0298,-0.0405,0.00,0.2519,-0.0500,0.1514,0.0852
3.040,detect,-0.18327,0.22606,0.58404,-0.01816,0.59623,0.42473,-0.18264,0.23086,0.58315,-0.01960,0.59741,0.42324,-0.18264,0.23086,0.58315,-0.01960,0.59741,0.42324,0.0000,0.0000,-0.0000,0.0000,-0.0000,0.4356,0.0298,-0.0405,0.00,0.2519,-0.0500,0.1514,0.0852
3.060,detect,-0.18327,0.22606,0.58404,-0.01816,0.59623,0.42473,-0.18264,0.23086,0.58315,-0.01960,0.59741,0.42324,-0.18264,0.23086,0.58315,-0.01960,0.59741,0.42324,0.0000,0.0000,-0.0000,0.0000,-0.0000,0.4356,0.0298,-0.0405,0.00,0.2519,-0.0500,0.1514,0.0852
3.080,detect,-0.18327,0.22606,0.58404,-0.01816,0.59623,0.42473,-0.18264,0.23086,0.58315,-0.01960,0.59741,0.42324,-0.18264,0.23086,0.58315,-0.01960,0.59741,0.42324,0.0000,0.0000,-0.0000,0.0000,-0.0000,0.4356,0.0298,-0.0405,0.00,0.2519,-0.0500,0.1514,0.0852
3.100,detect,-0.18327,0.22606,0.58404,-0.01816,0.59623,0.42473,-0.18264,0.23086,0.58315,-0.01960,0.59741,0.42324,-0.18264,0.23086,0.58315,-0.01960,0.59741,0.42324,0.0000,0.0000,-0.0000,0.0000,-0.0000,0.4356,0.0298,-0.0405,0.00,0.2519,-0.0500,0.1514,0.0852
3.120,detect,-0.18327,0.22606,0.58404,-0.01816,0.59623,0.42473,-0.18264,0.23086,0.58315,-0.01960,0.59741,0.42324,-0.18264,0.23086,0.58315,-0.01960,0.59741,0.42324,0.0000,0.0000,-0.0000,0.0000,-0.0000,0.4356,0.0298,-0.0405,0.00,0.2519,-0.0500,0.1514,0.0852
3.140,detect,-0.18327,0.22606,0.58404,-0.01816,0.59623,0.42473,-0.18264,0.23086,0.58315,-0.01960,0.59741,0.42324,-0.18264,0.23086,0.58315,-0.01960,0.59741,0.42324,0.0000,0.0000,-0.0000,0.0000,-0.0000,0.4356,0.0298,-0.0405,0.00,0.2519,-0.0500,0.1514,0.0852
3.160,detect,-0.18327,0.22606,0.58404,-0.01816,0.59623,0.42473,-0.18264,0.23086,0.58315,-0.01960,0.59741,0.42324,-0.18263,0.23086,0.58315,-0.01960,0.59741,0.42324,0.0000,0.0000,-0.0000,0.0000,-0.0000,0.4356,0.0298,-0.0405,0.00,0.2519,-0.0500,0.1514,0.0852
3.180,detect,-0.18327,0.22606,0.58404,-0.01816,0.59623,0.42473,-0.18264,0.23086,0.58315,-0.01960,0.59741,0.42324,-0.18263,0.23086,0.58315,-0.01960,0.59741,0.42324,0.0000,0.0000,-0.0000,0.0000,-0.0000,0.4356,0.0298,-0.0405,0.00,0.2519,-0.0500,0.1514,0.0852
3.200,detect,-0.18327,0.22606,0.58404,-0.01816,0.59623,0.42473,-0.18264,0.23086,0.58315,-0.01960,0.59741,0.42324,-0.18263,0.23086,0.58315,-0.01960,0.59741,0.42324,0.0000,0.0000,-0.0000,0.0000,-0.0000,0.4356,0.0298,-0.0405,0.00,0.2519,-0.0500,0.1514,0.0852
3.220,detect,-0.18327,0.22606,0.58404,-0.01816,0.59623,0.42473,-0.18264,0.23086,0.58315,-0.01960,0.59741,0.42324,-0.18264,0.23086,0.58315,-0.01960,0.59741,0.42324,0.0000,0.0000,-0.0000,0.0000,-0.0000,0.4356,0.0298,-0.0405,0.00,0.2519,-0.0500,0.1514,0.0852
3.240,detect,-0.18327,0.22606,0.58404,-0.01816,0.59623,0.42473,-0.18264,0.23086,0.58315,-0.01960,0.59741,0.42324,-0.18264,0.23086,0.58315,-0.01960,0.59741,0.42324,0.0000,0.0000,-0.0000,0.0000,-0.0000,0.4356,0.0298,-0.0405,0.00,0.2519,-0.0500,0.1514,0.0852
3.260,detect,-0.18327,0.22606,0.58404,-0.01816,0.59623,0.42473,-0.18264,0.23086,0.58315,-0.01960,0.59741,0.42324,-0.18264,0.23086,0.58315,-0.01960,0.59741,0.42324,0.0000,0.0000,-0.0000,0.0000,-0.0000,0.4356,0.0298,-0.0405,0.00,0.2519,-0.0500,0.1514,0.0852
3.280,detect,-0.18327,0.22606,0.58404,-0.01816,0.59623,0.42473,-0.18264,0.23086,0.58315,-0.01960,0.59741,0.42324,-0.18264,0.23086,0.58315,-0.01960,0.59741,0.42324,0.0000,0.0000,-0.0000,0.0000,-0.0000,0.4356,0.0298,-0.0405,0.00,0.2519,-0.0500,0.1514,0.0852
3.300,detect,-0.18327,0.22606,0.58404,-0.01816,0.59623,0.42473,-0.18264,0.23086,0.58315,-0.01960,0.59741,0.42324,-0.18264,0.23086,0.58315,-0.01960,0.59741,0.42324,0.0000,0.0000,-0.0000,0.0000,-0.0000,0.4356,0.0298,-0.0405,0.00,0.2519,-0.0500,0.1514,0.0852
3.320,detect,-0.18327,0.22606,0.58404,-0.01816,0.59623,0.42473,-0.18264,0.23086,0.58315,-0.01960,0.59741,0.42324,-0.18264,0.23086,0.58315,-0.01960,0.59741,0.42324,0.0000,0.0000,-0.0000,0.0000,-0.0000,0.4356,0.0298,-0.0405,0.00,0.2519,-0.0500,0.1514,0.0852
3.340,detect,-0.18327,0.22606,0.58404,-0.01816,0.59623,0.42473,-0.18264,0.23086,0.58315,-0.01960,0.59741,0.42324,-0.18264,0.23086,0.58315,-0.01960,0.59741,0.42324,0.0000,0.0000,-0.0000,0.0000,-0.0000,0.4356,0.0298,-0.0405,0.00,0.2519,-0.0500,0.1514,0.0852
3.360,moving,-0.18327,0.22606,0.58404,-0.01816,0.59623,0.42473,-0.18264,0.23086,0.58315,-0.01960,0.59741,0.42324,-0.18264,0.23086,0.58315,-0.01960,0.59741,0.42324,0.0000,0.0000,-0.0000,0.0000,-0.0000,0.4356,0.0298,-0.0405,0.00,0.2519,-0.0500,0.1514,0.0852
3.380,moving,0.19896,0.51938,0.02080,0.04480,1.04901,0.15967,-0.18264,0.23086,0.58315,-0.01960,0.59741,0.42324,-0.18264,0.23086,0.58315,-0.01960,0.59741,0.42324,0.0000,0.0000,-0.0000,0.0000,-0.0000,0.4356,0.0298,-0.0405,0.00,0.2519,-0.0500,0.1514,0.0852
3.400,moving,0.19896,0.51938,0.02080,0.04480,1.04901,0.15967,-0.18264,0.23086,0.58315,-0.01960,0.59741,0.42324,-0.18050,0.23314,0.58091,-0.01733,0.59971,0.42094,0.0000,0.0000,-0.0000,0.0000,-0.0000,0.4356,0.0298,-0.0406,0.00,0.2522,-0.0492,0.1512,0.0852
3.420,moving,0.19896,0.51938,0.02080,0.04480,1.04901,0.15967,-0.18264,0.23086,0.58315,-0.01960,0.59741,0.42324,-0.17219,0.24162,0.57248,-0.00887,0.60821,0.41242,0.0000,0.0000,-0.0000,0.0000,-0.0000,0.4357,0.0297,-0.0406,0.00,0.2534,-0.0463,0.1504,0.0852
3.440,moving,0.19896,0.51938,0.02080,0.04480,1.04901,0.15967,-0.18264,0.23086,0.58315,-0.01960,0.59741,0.42324,-0.15766,0.25630,0.55782,0.00583,0.62290,0.39773,0.0000,0.0000,-0.0000,0.0000,-0.0000,0.4358,0.0296,-0.0406,0.00,0.2554,-0.0412,0.1491,0.0852
3.460,moving,0.19896,0.51938,0.02080,0.04480,1.04901,0.15967,-0.18264,0.23086,0.58315,-0.01960,0.59741,0.42324,-0.13686,0.27720,0.53690,0.02403,0.64382,0.37686,0.0000,0.0000,-0.0000,0.0000,-0.0000,0.4359,0.0295,-0.0406,0.00,0.2580,-0.0341,0.1471,0.0852
3.480,moving,0.19896,0.51938,0.02080,0.04480,1.04901,0.15967,-0.18264,0.23086,0.58315,-0.01960,0.59741,0.42324,-0.11189,0.30275,0.51221,0.03642,0.66879,0.35198,0.0000,0.0000,-0.0000,0.0000,-0.0000,0.4360,0.0295,-0.0406,0.00,0.2606,-0.0263,0.1446,0.0852
3.500,moving,0.19896,0.51938,0.02080,0.04480,1.04901,0.15967,-0.18264,0.23086,0.58315,-0.01960,0.59741,0.42324,-0.10114,0.31670,0.50325,0.04102,0.67748,0.34334,0.0000,0.0000,-0.0000,0.0000,-0.0000,0.4359,0.0299,-0.0404,0.00,0.2614,-0.0229,0.1425,0.0853
3.520,moving,0.19896,0.51938,0.02080,0.04480,1.04901,0.15967,-0.10114,0.31670,0.50325,0.04102,0.67748,0.34334,-0.09307,0.32435,0.49482,0.04362,0.68603,0.33497,0.0000,0.0000,-0.0000,0.0000,-0.0000,0.4358,0.0301,-0.0404,0.00,0.2622,-0.0205,0.1419,0.0852
3.540,moving,0.19896,0.51938,0.02080,0.04480,1.04901,0.15967,-0.10114,0.31670,0.50325,0.04102,0.67748,0.34334,-0.07879,0.33828,0.48015,0.04374,0.70075,0.32040,0.0000,0.0000,-0.0000,0.0000,-0.0000,0.4357,0.0300,-0.0404,0.00,0.2635,-0.0168,0.1406,0.0853
3.560,moving,0.19896,0.51938,0.02080,0.04480,1.04901,0.15967,-0.10114,0.31670,0.50325,0.04102,0.67748,0.34334,-0.05824,0.35856,0.45925,0.04379,0.72167,0.29959,0.0000,0.0000,-0.0000,0.0000,-0.0000,0.4356,0.0298,-0.0405,0.00,0.2652,-0.0113,0.1387,0.0852
3.580,moving,0.19896,0.51938,0.02080,0.04480,1.04901,0.15967,-0.10114,0.31670,0.50325,0.04102,0.67748,0.34334,-0.03349,0.38363,0.43453,0.04387,0.74666,0.27472,0.0000,0.0000,-0.0000,0.0000,-0.0000,0.4356,0.0296,-0.0405,0.00,0.2669,-0.0046,0.1362,0.0853
3.600,moving,0.19896,0.51938,0.02080,0.04480,1.04901,0.15967,-0.10114,0.31670,0.50325,0.04102,0.67748,0.34334,-0.02296,0.39741,0.42570,0.04405,0.75534,0.26607,0.0000,0.0000,-0.0000,0.0000,-0.0000,0.4355,0.0300,-0.0404,0.00,0.2673,-0.0017,0.1339,0.0853
3.620,moving,0.19896,0.51938,0.02080,0.04480,1.04901,0.15967,-0.10114,0.31670,0.50325,0.04102,0.67748,0.34334,-0.01505,0.40472,0.41720,0.04414,0.76391,0.25775,0.0000,0.0000,-0.0000,0.0000,-0.0000,0.4354,0.0301,-0.0404,0.00,0.2678,0.0004,0.1334,0.0853
3.640,moving,0.19896,0.51938,0.02080,0.04480,1.04901,0.15967,-0.01505,0.40472,0.41720,0.04414,0.76391,0.25775,-0.00086,0.41833,0.40255,0.04422,0.77862,0.24320,0.0000,0.0000,-0.0000,0.0000,-0.0000,0.4353,0.0300,-0.0404,0.00,0.2687,0.0043,0.1322,0.0853
3.660,moving,0.19896,0.51938,0.02080,0.04480,1.04901,0.15967,-0.01505,0.40472,0.41720,0.04414,0.76391,0.25775,0.01962,0.43836,0.38160,0.04427,0.79957,0.22240,0.0000,0.0000,-0.0000,0.0000,-0.0000,0.4354,0.0297,-0.0405,0.00,0.2698,0.0100,0.1303,0.0853
3.680,moving,0.19896,0.51938,0.02080,0.04480,1.04901,0.15967,-0.01505,0.40472,0.41720,0.04414,0.76391,0.25775,0.04429,0.46319,0.35692,0.04434,0.82453,0.19801,0.0000,0.0000,-0.0000,0.0000,-0.0000,0.4355,0.0296,-0.0405,0.00,0.2708,0.0169,0.1276,0.0853
3.700,moving,0.19896,0.51938,0.02080,0.04480,1.04901,0.15967,-0.01505,0.40472,0.41720,0.04414,0.76391,0.25775,0.05503,0.47693,0.34816,0.04453,0.83321,0.19022,0.0000,0.0000,-0.0000,0.0000,-0.0000,0.4355,0.0301,-0.0404,0.00,0.2708,0.0199,0.1254,0.0853
3.720,moving,0.19896,0.51938,0.02080,0.04480,1.04901,0.15967,-0.01505,0.40472,0.41720,0.04414,0.76391,0.25775,0.06284,0.48413,0.33967,0.04463,0.84176,0.18192,0.0000,0.0000,-0.0000,0.0000,-0.0000,0.4355,0.0302,-0.0404,0.00,0.2711,0.0221,0.1248,0.0852
3.740,moving,0.19896,0.51938,0.02080,0.04480,1.04901,0.15967,-0.01505,0.40472,0.41720,0.04414,0.76391,0.25775,0.07696,0.49758,0.32500,0.04470,0.85647,0.16930,0.0000,0.0000,-0.0000,0.0000,-0.0000,0.4355,0.0301,-0.0404,0.00,0.2716,0.0260,0.1236,0.0853
3.760,moving,0.19896,0.51938,0.02080,0.04480,1.04901,0.15967,0.07696,0.49758,0.32500,0.04470,0.85647,0.16930,0.09735,0.51366,0.30403,0.04476,0.87743,0.16180,0.0000,0.0000,-0.0000,0.0000,-0.0000,0.4356,0.0298,-0.0405,0.00,0.2723,0.0318,0.1227,0.0853
3.780,moving,0.19896,0.51938,0.02080,0.04480,1.04901,0.15967,0.07696,0.49758,0.32500,0.04470,0.85647,0.16930,0.12197,0.52360,0.27933,0.04482,0.90240,0.15986,0.0000,0.0000,-0.0000,0.0000,-0.0000,0.4356,0.0297,-0.0405,0.00,0.2736,0.0389,0.1241,0.0853
3.800,moving,0.19896,0.51938,0.02080,0.04480,1.04901,0.15967,0.07696,0.49758,0.32500,0.04470,0.85647,0.16930,0.13327,0.52651,0.26977,0.04498,0.91104,0.15972,0.0000,0.0000,-0.0000,0.0000,-0.0000,0.4356,0.0301,-0.0404,0.00,0.2741,0.0422,0.1248,0.0853
3.820,moving,0.19896,0.51938,0.02080,0.04480,1.04901,0.15967,0.07696,0.49758,0.32500,0.04470,0.85647,0.16930,0.14091,0.52721,0.26144,0.04508,0.91956,0.15996,0.0000,0.0000,-0.0000,0.0000,-0.0000,0.4355,0.0304,-0.0403,0.00,0.2746,0.0445,0.1261,0.0853
3.840,moving,0.19896,0.51938,0.02080,0.04480,1.04901,0.15967,0.07696,0.49758,0.32500,0.04470,0.85647,0.16930,0.15490,0.52685,0.24686,0.04515,0.93428,0.16014,0.0000,0.0000,-0.0000,0.0000,-0.0000,0.4355,0.0302,-0.0404,0.00,0.2756,0.0486,0.1286,0.0853
3.860,moving,0.19896,0.51938,0.02080,0.04480,1.04901,0.15967,0.07696,0.49758,0.32500,0.04470,0.85647,0.16930,0.17405,0.52654,0.22606,0.04520,0.95520,0.16023,0.0000,0.0000,-0.0000,0.0000,-0.0000,0.4355,0.0300,-0.0404,0.00,0.2767,0.0544,0.1323,0.0853
3.880,moving,0.19896,0.51938,0.02080,0.04480,1.04901,0.15967,0.17405,0.52654,0.22606,0.04520,0.95520,0.16023,0.18883,0.52622,0.20149,0.04530,0.98016,0.16024,0.0000,0.0000,-0.0000,0.0000,-0.0000,0.4355,0.0300,-0.0404,0.00,0.2783,0.0591,0.1367,0.0853
3.900,moving,0.19896,0.51938,0.02080,0.04480,1.04901,0.15967,0.17405,0.52654,0.22606,0.04520,0.95520,0.16023,0.19382,0.52567,0.19131,0.04541,0.98873,0.16024,0.0000,0.0000,0.0000,0.0000,-0.0000,0.4355,0.0303,-0.0403,0.00,0.2793,0.0608,0.1386,0.0853
3.920,moving,0.19896,0.51938,0.02080,0.04480,1.04901,0.15967,0.17405,0.52654,0.22606,0.04520,0.95520,0.16023,0.19885,0.52561,0.18319,0.04547,0.99725,0.16031,0.0000,0.0000,-0.0000,0.0000,-0.0000,0.4356,0.0303,-0.0403,0.00,0.2797,0.0624,0.1401,0.0853
3.940,moving,0.19896,0.51938,0.02080,0.04480,1.04901,0.15967,0.17405,0.52654,0.22606,0.04520,0.95520,0.16023,0.19955,0.52555,0.16880,0.04556,1.01197,0.16039,0.0000,0.0000,-0.0000,0.0000,-0.0000,0.4356,0.0304,-0.0403,0.00,0.2809,0.0629,0.1427,0.0853
3.960,moving,0.19896,0.51938,0.02080,0.04480,1.04901,0.15967,0.17405,0.52654,0.22606,0.04520,0.95520,0.16023,0.19932,0.52551,0.14824,0.04561,1.03044,0.16046,0.0000,0.0000,-0.0000,0.0000,-0.0000,0.4356,0.0303,-0.0403,0.00,0.2831,0.0634,0.1463,0.0852
3.980,moving,0.19896,0.51938,0.02080,0.04480,1.04901,0.15967,0.17405,0.52654,0.22606,0.04520,0.95520,0.16023,0.19914,0.52541,0.12390,0.04563,1.04311,0.16050,0.0000,0.0000,-0.0000,0.0000,-0.0000,0.4357,0.0302,-0.0404,0.00,0.2874,0.0643,0.1505,0.0852
4.000,moving,0.19896,0.51938,0.02080,0.04480,1.04901,0.15967,0.19914,0.52541,0.12390,0.04563,1.04311,0.16050,0.19901,0.52499,0.11285,0.04564,1.04756,0.16051,0.0000,0.0000,-0.0000,0.0000,-0.0000,0.4357,0.0301,-0.0404,0.00,0.2895,0.0647,0.1525,0.0852
4.020,moving,0.19896,0.51938,0.02080,0.04480,1.04901,0.15967,0.19914,0.52541,0.12390,0.04563,1.04311,0.16050,0.19887,0.52507,0.10511,0.04565,1.05052,0.16054,0.0000,0.0000,-0.0000,0.0000,-0.0000,0.4357,0.0300,-0.0404,0.00,0.2910,0.0649,0.1538,0.0852
4.040,moving,0.19896,0.51938,0.02080,0.04480,1.04901,0.15967,0.19914,0.52541,0.12390,0.04563,1.04311,0.16050,0.19875,0.52514,0.09098,0.04566,1.05060,0.16056,0.0000,0.0000,-0.0000,0.0000,-0.0000,0.4357,0.0300,-0.0404,0.00,0.2947,0.0657,0.1561,0.0852
4.060,moving,0.19896,0.51938,0.02080,0.04480,1.04901,0.15967,0.19914,0.52541,0.12390,0.04563,1.04311,0.16050,0.19866,0.52520,0.07053,0.04567,1.05059,0.16058,0.0000,0.0000,-0.0000,0.0000,-0.0000,0.4357,0.0301,-0.0404,0.00,0.3000,0.0667,0.1596,0.0852
4.080,moving,0.19896,0.51938,0.02080,0.04480,1.04901,0.15967,0.19914,0.52541,0.12390,0.04563,1.04311,0.16050,0.19859,0.52513,0.04788,0.04568,1.05057,0.16059,0.0000,0.0000,-0.0000,0.0000,-0.0000,0.4357,0.0301,-0.0404,0.00,0.3059,0.0678,0.1636,0.0852
4.100,moving,0.19896,0.51938,0.02080,0.04480,1.04901,0.15967,0.19914,0.52541,0.12390,0.04563,1.04311,0.16050,0.19856,0.52484,0.03931,0.04569,1.05055,0.16060,0.0000,0.0000,-0.0000,0.0000,-0.0000,0.4356,0.0301,-0.0404,0.00,0.3080,0.0683,0.1652,0.0852
4.120,moving,0.19896,0.51938,0.02080,0.04480,1.04901,0.15967,0.19856,0.52484,0.03931,0.04569,1.05055,0.16060,0.19850,0.52499,0.03145,0.04571,1.05055,0.16061,0.0000,0.0000,-0.0000,0.0000,-0.0000,0.4356,0.0301,-0.0404,0.00,0.3100,0.0687,0.1666,0.0853
4.140,moving,0.19896,0.51938,0.02080,0.04480,1.04901,0.15967,0.19856,0.52484,0.03931,0.04569,1.05055,0.16060,0.19846,0.52496,0.02149,0.04572,1.05054,0.16062,0.0000,0.0000,-0.0000,0.0000,-0.0000,0.4355,0.0301,-0.0404,0.00,0.3125,0.0691,0.1684,0.0853
4.160,moving,0.19896,0.51938,0.02080,0.04480,1.04901,0.15967,0.19856,0.52484,0.03931,0.04569,1.05055,0.16060,0.19843,0.52489,0.01745,0.04573,1.05053,0.16063,0.0000,0.0000,-0.0000,0.0000,-0.0000,0.4355,0.0301,-0.0404,0.00,0.3135,0.0693,0.1692,0.0853
4.180,moving,0.19896,0.51938,0.02080,0.04480,1.04901,0.15967,0.19856,0.52484,0.03931,0.04569,1.05055,0.16060,0.19840,0.52490,0.01737,0.04573,1.05052,0.16063,0.0000,0.0000,-0.0000,0.0000,-0.0000,0.4355,0.0301,-0.0404,0.00,0.3135,0.0693,0.1692,0.0853
4.200,moving,0.19896,0.51938,0.02080,0.04480,1.04901,0.15967,0.19856,0.52484,0.03931,0.04569,1.05055,0.16060,0.19838,0.52494,0.01763,0.04574,1.05052,0.16064,0.0000,0.0000,-0.0000,0.0000,-0.0000,0.4355,0.0301,-0.0404,0.00,0.3135,0.0693,0.1691,0.0853
4.220,moving,0.19896,0.51938,0.02080,0.04480,1.04901,0.15967,0.19856,0.52484,0.03931,0.04569,1.05055,0.16060,0.19836,0.52497,0.01784,0.04574,1.05051,0.16064,0.0000,0.0000,-0.0000,0.0000,-0.0000,0.4355,0.0301,-0.0404,0.00,0.3134,0.0693,0.1691,0.0853
4.240,moving,0.19896,0.51938,0.02080,0.04480,1.04901,0.15967,0.19836,0.52497,0.01784,0.04574,1.05051,0.16064,0.19834,0.52500,0.01801,0.04575,1.05051,0.16064,0.0000,0.0000,-0.0000,0.0000,-0.0000,0.4355,0.0301,-0.0404,0.00,0.3134,0.0693,0.1691,0.0853
4.260,moving,0.19896,0.51938,0.02080,0.04480,1.04901,0.15967,0.19836,0.52497,0.01784,0.04574,1.05051,0.16064,0.19833,0.52502,0.01816,0.04575,1.05051,0.16065,0.0000,0.0000,-0.0000,0.0000,-0.0000,0.4355,0.0301,-0.0404,0.00,0.3134,0.0693,0.1690,0.0853
4.280,moving,0.19896,0.51938,0.02080,0.04480,1.04901,0.15967,0.19836,0.52497,0.01784,0.04574,1.05051,0.16064,0.19832,0.52503,0.01827,0.04575,1.05051,0.16065,0.0000,0.0000,-0.0000,0.0000,-0.0000,0.4356,0.0301,-0.0404,0.00,0.3133,0.0693,0.1690,0.0853
4.300,moving,0.19896,0.51938,0.02080,0.04480,1.04901,0.15967,0.19836,0.52497,0.01784,0.04574,1.05051,0.16064,0.19831,0.52504,0.01837,0.04576,1.05050,0.16065,0.0000,0.0000,-0.0000,0.0000,-0.0000,0.4356,0.0301,-0.0404,0.00,0.3133,0.0693,0.1690,0.0853
4.320,moving,0.19896,0.51938,0.02080,0.04480,1.04901,0.15967,0.19836,0.52497,0.01784,0.04574,1.05051,0.16064,0.19831,0.52505,0.01846,0.04576,1.05050,0.16065,0.0000,0.0000,-0.0000,0.0000,-0.0000,0.4356,0.0301,-0.0404,0.00,0.3133,0.0693,0.1690,0.0853
4.340,moving,0.19896,0.51938,0.02080,0.04480,1.04901,0.15967,0.19836,0.52497,0.01784,0.04574,1.05051,0.16064,0.19830,0.52506,0.01852,0.04576,1.05050,0.16065,0.0000,0.0000,-0.0000,0.0000,-0.0000,0.4356,0.0301,-0.0404,0.00,0.3133,0.0693,0.1689,0.0852
4.360,moving,0.19896,0.51938,0.02080,0.04480,1.04901,0.15967,0.19830,0.52506,0.01852,0.04576,1.05050,0.16065,0.19830,0.52506,0.01858,0.04576,1.05050,0.16065,0.0000,0.0000,-0.0000,0.0000,-0.0000,0.4357,0.0301,-0.0404,0.00,0.3132,0.0693,0.1689,0.0852
4.380,moving,0.19896,0.51938,0.02080,0.04480,1.04901,0.15967,0.19830,0.52506,0.01852,0.04576,1.05050,0.16065,0.19829,0.52506,0.01863,0.04576,1.05050,0.16066,0.0000,0.0000,-0.0000,0.0000,-0.0000,0.4357,0.0301,-0.0404,0.00,0.3132,0.0692,0.1689,0.0852
4.400,moving,0.19896,0.51938,0.02080,0.04480,1.04901,0.15967,0.19830,0.52506,0.01852,0.04576,1.05050,0.16065,0.19829,0.52507,0.01866,0.04577,1.05049,0.16066,0.0000,0.0000,-0.0000,0.0000,-0.0000,0.4356,0.0301,-0.0404,0.00,0.3132,0.0692,0.1689,0.0852
4.420,moving,0.19896,0.51938,0.02080,0.04480,1.04901,0.15967,0.19830,0.52506,0.01852,0.04576,1.05050,0.16065,0.19829,0.52507,0.01869,0.04577,1.05049,0.16066,0.0000,0.0000,-0.0000,0.0000,-0.0000,0.4356,0.0301,-0.0404,0.00,0.3132,0.0692,0.1689,0.0853
4.440,moving,0.19896,0.51938,0.02080,0.04480,1.04901,0.15967,0.19830,0.52506,0.01852,0.04576,1.05050,0.16065,0.19829,0.52507,0.01871,0.04577,1.05049,0.16066,0.0000,0.0000,-0.0000,0.0000,-0.0000,0.4356,0.0301,-0.0404,0.00,0.3132,0.0692,0.1689,0.0853
4.460,moving,0.19896,0.51938,0.02080,0.04480,1.04901,0.15967,0.19830,0.52506,0.01852,0.04576,1.05050,0.16065,0.19829,0.52508,0.01873,0.04577,1.05049,0.16066,0.0000,0.0000,-0.0000,0.0000,-0.0000,0.4356,0.0301,-0.0404,0.00,0.3132,0.0692,0.1689,0.0853
4.480,moving,0.19896,0.51938,0.02080,0.04480,1.04901,0.15967,0.19829,0.52508,0.01873,0.04577,1.05049,0.16066,0.19828,0.52508,0.01875,0.04577,1.05049,0.16066,0.0000,0.0000,-0.0000,0.0000,-0.0000,0.4356,0.0301,-0.0404,0.00,0.3132,0.0692,0.1689,0.0853
4.500,moving,0.19896,0.51938,0.02080,0.04480,1.04901,0.15967,0.19829,0.52508,0.01873,0.04577,1.05049,0.16066,0.19828,0.52508,0.01876,0.04577,1.05049,0.16066,0.0000,0.0000,-0.0000,0.0000,-0.0000,0.4356,0.0301,-0.0404,0.00,0.3132,0.0692,0.1689,0.0853
4.520,moving,0.19896,0.51938,0.02080,0.04480,1.04901,0.15967,0.19829,0.52508,0.01873,0.04577,1.05049,0.16066,0.19828,0.52509,0.01876,0.04577,1.05049,0.16066,0.0000,0.0000,-0.0000,0.0000,-0.0000,0.4356,0.0301,-0.0404,0.00,0.3132,0.0692,0.1689,0.0853
4.540,moving,0.19896,0.51938,0.02080,0.04480,1.04901,0.15967,0.19829,0.52508,0.01873,0.04577,1.05049,0.16066,0.19828,0.52509,0.01877,0.04577,1.05049,0.16066,0.0000,0.0000,-0.0000,0.0000,-0.0000,0.4356,0.0301,-0.0404,0.00,0.3132,0.0692,0.1689,0.0853
4.560,moving,0.19896,0.51938,0.02080,0.04480,1.04901,0.15967,0.19829,0.52508,0.01873,0.04577,1.05049,0.16066,0.19828,0.52509,0.01878,0.04577,1.05049,0.16066,0.0000,0.0000,-0.0000,0.0000,-0.0000,0.4356,0.0301,-0.0404,0.00,0.3132,0.0692,0.1689,0.0853
4.580,detect,0.19896,0.51938,0.02080,0.04480,1.04901,0.15967,0.19829,0.52508,0.01873,0.04577,1.05049,0.16066,0.19828,0.52509,0.01878,0.04577,1.05049,0.16066,0.0000,0.0000,-0.0000,0.0000,-0.0000,0.4356,0.0301,-0.0404,0.00,0.3132,0.0692,0.1689,0.0853
4.600,detect,0.19896,0.51938,0.02080,0.04480,1.04901,0.15967,0.19828,0.52509,0.01878,0.04577,1.05049,0.16066,0.19828,0.52509,0.01879,0.04577,1.05049,0.16066,0.0000,0.0000,-0.0000,0.0000,-0.0000,0.4356,0.0301,-0.0404,0.00,0.3132,0.0692,0.1689,0.0853
4.620,detect,0.19896,0.51938,0.02080,0.04480,1.04901,0.15967,0.19828,0.52509,0.01878,0.04577,1.05049,0.16066,0.19828,0.52509,0.01879,0.04577,1.05049,0.16066,0.0000,0.0000,-0.0000,0.0000,-0.0000,0.4356,0.0301,-0.0404,0.00,0.3132,0.0692,0.1689,0.0853
4.640,detect,0.19896,0.51938,0.02080,0.04480,1.04901,0.15967,0.19828,0.52509,0.01878,0.04577,1.05049,0.16066,0.19828,0.52509,0.01880,0.04577,1.05049,0.16066,0.0000,0.0000,-0.0000,0.0000,-0.0000,0.4356,0.0301,-0.0404,0.00,0.3132,0.0692,0.1689,0.0853
4.660,detect,0.19896,0.51938,0.02080,0.04480,1.04901,0.15967,0.19828,0.52509,0.01878,0.04577,1.05049,0.16066,0.19828,0.52509,0.01880,0.04577,1.05049,0.16066,0.0000,0.0000,-0.0000,0.0000,-0.0000,0.4356,0.0301,-0.0404,0.00,0.3132,0.0692,0.1689,0.0853
4.680,detect,0.19896,0.51938,0.02080,0.04480,1.04901,0.15967,0.19828,0.52509,0.01878,0.04577,1.05049,0.16066,0.19828,0.52509,0.01880,0.04577,1.05049,0.16066,0.0000,0.0000,-0.0000,0.0000,-0.0000,0.4356,0.0301,-0.0404,0.00,0.3132,0.0692,0.1689,0.0853
4.700,detect,0.19896,0.51938,0.02080,0.04480,1.04901,0.15967,0.19828,0.52509,0.01878,0.04577,1.05049,0.16066,0.19828,0.52509,0.01881,0.04577,1.05049,0.16066,0.0000,0.0000,-0.0000,0.0000,-0.0000,0.4356,0.0301,-0.0404,0.00,0.3132,0.0692,0.1689,0.0853
4.720,detect,0.19896,0.51938,0.02080,0.04480,1.04901,0.15967,0.19828,0.52509,0.01881,0.04577,1.05049,0.16066,0.19828,0.52509,0.01881,0.04577,1.05049,0.16066,0.0000,0.0000,-0.0000,0.0000,-0.0000,0.4356,0.0301,-0.0404,0.00,0.3132,0.0692,0.1689,0.0853
4.740,detect,0.19896,0.51938,0.02080,0.04480,1.04901,0.15967,0.19828,0.52509,0.01881,0.04577,1.05049,0.16066,0.19828,0.52509,0.01881,0.04577,1.05049,0.16066,0.0000,0.0000,-0.0000,0.0000,-0.0000,0.4356,0.0301,-0.0404,0.00,0.3132,0.0692,0.1689,0.0853
4.760,detect,0.19896,0.51938,0.02080,0.04480,1.04901,0.15967,0.19828,0.52509,0.01881,0.04577,1.05049,0.16066,0.19828,0.52509,0.01881,0.04577,1.05049,0.16066,0.0000,0.0000,-0.0000,0.0000,-0.0000,0.4356,0.0301,-0.0404,0.00,0.3132,0.0692,0.1689,0.0853
4.780,detect,0.19896,0.51938,0.02080,0.04480,1.04901,0.15967,0.19828,0.52509,0.01881,0.04577,1.05049,0.16066,0.19828,0.52509,0.01881,0.04577,1.05049,0.16066,0.0000,0.0000,-0.0000,0.0000,-0.0000,0.4356,0.0301,-0.0404,0.00,0.3132,0.0692,0.1689,0.0853
4.800,detect,0.19896,0.51938,0.02080,0.04480,1.04901,0.15967,0.19828,0.52509,0.01881,0.04577,1.05049,0.16066,0.19828,0.52509,0.01881,0.04577,1.05049,0.16066,0.0000,0.0000,-0.0000,0.0000,-0.0000,0.4356,0.0301,-0.0404,0.00,0.3132,0.0692,0.1689,0.0853
4.820,detect,0.19896,0.51938,0.02080,0.04480,1.04901,0.15967,0.19828,0.52509,0.01881,0.04577,1.05049,0.16066,0.19828,0.52509,0.01881,0.04577,1.05049,0.16066,0.0000,0.0000,-0.0000,0.0000,-0.0000,0.4356,0.0301,-0.0404,0.00,0.3132,0.0692,0.1689,0.0853
4.840,detect,0.19896,0.51938,0.02080,0.04480,1.04901,0.15967,0.19828,0.52509,0.01881,0.04577,1.05049,0.16066,0.19828,0.52509,0.01881,0.04577,1.05049,0.16066,0.0000,0.0000,-0.0000,0.0000,-0.0000,0.4356,0.0301,-0.0404,0.00,0.3132,0.0692,0.1689,0.0853
4.860,detect,0.19896,0.51938,0.02080,0.04480,1.04901,0.15967,0.19828,0.52509,0.01881,0.04577,1.05049,0.16066,0.19828,0.52509,0.01881,0.04577,1.05049,0.16066,0.0000,0.0000,-0.0000,0.0000,-0.0000,0.4356,0.0301,-0.0404,0.00,0.3132,0.0692,0.1689,0.0853
4.880,detect,0.19896,0.51938,0.02080,0.04480,1.04901,0.15967,0.19828,0.52509,0.01881,0.04577,1.05049,0.16066,0.19828,0.52509,0.01881,0.04577,1.05049,0.16066,0.0000,0.0000,-0.0000,0.0000,-0.0000,0.4356,0.0301,-0.0404,0.00,0.3132,0.0692,0.1689,0.0853
4.900,detect,0.19896,0.51938,0.02080,0.04480,1.04901,0.15967,0.19828,0.52509,0.01881,0.04577,1.05049,0.16066,0.19828,0.52509,0.01881,0.04577,1.05049,0.16066,0.0000,0.0000,-0.0000,0.0000,-0.0000,0.4356,0.0301,-0.0404,0.00,0.3132,0.0692,0.1689,0.0853
4.920,detect,0.19896,0.51938,0.02080,0.04480,1.04901,0.15967,0.19828,0.52509,0.01881,0.04577,1.05049,0.16066,0.19828,0.52509,0.01881,0.04577,1.05049,0.16066,0.0000,0.0000,-0.0000,0.0000,-0.0000,0.4356,0.0301,-0.0404,0.00,0.3132,0.0692,0.1689,0.0853
4.940,detect,0.19896,0.51938,0.02080,0.04480,1.04901,0.15967,0.19828,0.52509,0.01881,0.04577,1.05049,0.16066,0.19828,0.52509,0.01881,0.04577,1.05049,0.16066,0.0000,0.0000,-0.0000,0.0000,-0.0000,0.4356,0.0301,-0.0404,0.00,0.3132,0.0692,0.1689,0.0853
4.960,detect,0.19896,0.51938,0.02080,0.04480,1.04901,0.15967,0.19828,0.52509,0.01881,0.04577,1.05049,0.16066,0.19828,0.52509,0.01881,0.04577,1.05049,0.16066,0.0000,0.0000,-0.0000,0.0000,-0.0000,0.4356,0.0301,-0.0404,0.00,0.3132,0.0692,0.1689,0.0853
4.980,detect,0.19896,0.51938,0.02080,0.04480,1.04901,0.15967,0.19828,0.52509,0.01881,0.04577,1.05049,0.16066,0.19828,0.52509,0.01881,0.04577,1.05049,0.16066,0.0000,0.0000,-0.0000,0.0000,-0.0000,0.4356,0.0301,-0.0404,0.00,0.3132,0.0692,0.1689,0.0853
5.000,detect,0.19896,0.51938,0.02080,0.04480,1.04901,0.15967,0.19828,0.52509,0.01881,0.04577,1.05049,0.16066,0.19828,0.52509,0.01881,0.04577,1.05049,0.16066,0.0000,0.0000,-0.0000,0.0000,-0.0000,0.4356,0.0301,-0.0404,0.00,0.3132,0.0692,0.1689,0.0853
5.020,detect,0.19896,0.51938,0.02080,0.04480,1.04901,0.15967,0.19828,0.52509,0.01881,0.04577,1.05049,0.16066,0.19828,0.52509,0.01881,0.04577,1.05049,0.16066,0.0000,0.0000,-0.0000,0.0000,-0.0000,0.4356,0.0301,-0.0404,0.00,0.3132,0.0692,0.1689,0.0853
5.040,detect,0.19896,0.51938,0.02080,0.04480,1.04901,0.15967,0.19828,0.52509,0.01881,0.04577,1.05049,0.16066,0.19828,0.52509,0.01881,0.04577,1.05049,0.16066,0.0000,0.0000,-0.0000,0.0000,-0.0000,0.4356,0.0301,-0.0404,0.00,0.3132,0.0692,0.1689,0.0853
5.060,detect,0.19896,0.51938,0.02080,0.04480,1.04901,0.15967,0.19828,0.52509,0.01881,0.04577,1.05049,0.16066,0.19828,0.52509,0.01881,0.04577,1.05049,0.16066,0.0000,0.0000,-0.0000,0.0000,-0.0000,0.4356,0.0301,-0.0404,0.00,0.3132,0.0692,0.1689,0.0853
5.080,detect,0.19896,0.51938,0.02080,0.04480,1.04901,0.15967,0.19828,0.52509,0.01881,0.04577,1.05049,0.16066,0.19828,0.52509,0.01881,0.04577,1.05049,0.16066,0.0000,0.0000,-0.0000,0.0000,-0.0000,0.4356,0.0301,-0.0404,0.00,0.3132,0.0692,0.1689,0.0853
5.100,detect,0.19896,0.51938,0.02080,0.04480,1.04901,0.15967,0.19828,0.52509,0.01881,0.04577,1.05049,0.16066,0.19828,0.52509,0.01881,0.04577,1.05049,0.16066,0.0000,0.0000,-0.0000,0.0000,-0.0000,0.4356,0.0301,-0.0404,0.00,0.3132,0.0692,0.1689,0.0853
5.120,detect,0.19896,0.51938,0.02080,0.04480,1.04901,0.15967,0.19828,0.52509,0.01881,0.04577,1.05049,0.16066,0.19828,0.52509,0.01881,0.04577,1.05049,0.16066,0.0000,0.0000,-0.0000,0.0000,-0.0000,0.4356,0.0301,-0.0404,0.00,0.3132,0.0692,0.1689,0.0853
5.140,detect,0.19896,0.51938,0.02080,0.04480,1.04901,0.15967,0.19828,0.52509,0.01881,0.04577,1.05049,0.16066,0.19828,0.52509,0.01881,0.04577,1.05049,0.16066,0.0000,0.0000,-0.0000,0.0000,-0.0000,0.4356,0.0301,-0.0404,0.00,0.3132,0.0692,0.1689,0.0853
5.160,detect,0.19896,0.51938,0.02080,0.04480,1.04901,0.15967,0.19828,0.52509,0.01881,0.04577,1.05049,0.16066,0.19828,0.52509,0.01881,0.04577,1.05049,0.16066,0.0000,0.0000,-0.0000,0.0000,-0.0000,0.4356,0.0301,-0.0404,0.00,0.3132,0.0692,0.1689,0.0853
5.180,detect,0.19896,0.51938,0.02080,0.04480,1.04901,0.15967,0.19828,0.52509,0.01881,0.04577,1.05049,0.16066,0.19828,0.52509,0.01881,0.04577,1.05049,0.16066,0.0000,0.0000,-0.0000,0.0000,-0.0000,0.4356,0.0301,-0.0404,0.00,0.3132,0.0692,0.1689,0.0853
5.200,detect,0.19896,0.51938,0.02080,0.04480,1.04901,0.15967,0.19828,0.52509,0.01881,0.04577,1.05049,0.16066,0.19828,0.52509,0.01881,0.04577,1.05049,0.16066,0.0000,0.0000,-0.0000,0.0000,-0.0000,0.4356,0.0301,-0.0404,0.00,0.3132,0.0692,0.1689,0.0853
5.220,detect,0.19896,0.51938,0.02080,0.04480,1.04901,0.15967,0.19828,0.52509,0.01881,0.04577,1.05049,0.16066,0.19828,0.52509,0.01881,0.04577,1.05049,0.16066,0.0000,0.0000,-0.0000,0.0000,-0.0000,0.4356,0.0301,-0.0404,0.00,0.3132,0.0692,0.1689,0.0853
5.240,detect,0.19896,0.51938,0.02080,0.04480,1.04901,0.15967,0.19828,0.52509,0.01881,0.04577,1.05049,0.16066,0.19828,0.52509,0.01881,0.04577,1.05049,0.16066,0.0000,0.0000,-0.0000,0.0000,-0.0000,0.4356,0.0301,-0.0404,0.00,0.3132,0.0692,0.1689,0.0853
5.260,detect,0.19896,0.51938,0.02080,0.04480,1.04901,0.15967,0.19828,0.52509,0.01881,0.04577,1.05049,0.16066,0.19828,0.52509,0.01881,0.04577,1.05049,0.16066,0.0000,0.0000,-0.0000,0.0000,-0.0000,0.4356,0.0301,-0.0404,0.00,0.3132,0.0692,0.1689,0.0853
5.280,detect,0.19896,0.51938,0.02080,0.04480,1.04901,0.15967,0.19828,0.52509,0.01881,0.04577,1.05049,0.16066,0.19828,0.52509,0.01881,0.04577,1.05049,0.16066,0.0000,0.0000,-0.0000,0.0000,-0.0000,0.4356,0.0301,-0.0404,0.00,0.3132,0.0692,0.1689,0.0853
5.300,detect,0.19896,0.51938,0.02080,0.04480,1.04901,0.15967,0.19828,0.52509,0.01881,0.04577,1.05049,0.16066,0.19828,0.52509,0.01881,0.04577,1.05049,0.16066,0.0000,0.0000,-0.0000,0.0000,-0.0000,0.4356,0.0301,-0.0404,0.00,0.3132,0.0692,0.1689,0.0853
5.320,detect,0.19896,0.51938,0.02080,0.04480,1.04901,0.15967,0.19828,0.52509,0.01881,0.04577,1.05049,0.16066,0.19828,0.52509,0.01881,0.04577,1.05049,0.16066,0.0000,0.0000,-0.0000,0.0000,-0.0000,0.4356,0.0301,-0.0404,0.00,0.3132,0.0692,0.1689,0.0853
5.340,detect,0.19896,0.51938,0.02080,0.04480,1.04901,0.15967,0.19828,0.52509,0.01881,0.04577,1.05049,0.16066,0.19828,0.52509,0.01881,0.04577,1.05049,0.16066,0.0000,0.0000,-0.0000,0.0000,-0.0000,0.4356,0.0301,-0.0404,0.00,0.3132,0.0692,0.1689,0.0853
5.360,detect,0.19896,0.51938,0.02080,0.04480,1.04901,0.15967,0.19828,0.52509,0.01881,0.04577,1.05049,0.16066,0.19828,0.52509,0.01881,0.04577,1.05049,0.16066,0.0000,0.0000,-0.0000,0.0000,-0.0000,0.4356,0.0301,-0.0404,0.00,0.3132,0.0692,0.1689,0.0853
5.380,detect,0.19896,0.51938,0.02080,0.04480,1.04901,0.15967,0.19828,0.52509,0.01881,0.04577,1.05049,0.16066,0.19828,0.52509,0.01881,0.04577,1.05049,0.16066,0.0000,0.0000,-0.0000,0.0000,-0.0000,0.4356,0.0301,-0.0404,0.00,0.3132,0.0692,0.1689,0.0853
5.400,detect,0.19896,0.51938,0.02080,0.04480,1.04901,0.15967,0.19828,0.52509,0.01881,0.04577,1.05049,0.16066,0.19828,0.52509,0.01881,0.04577,1.05049,0.16066,0.0000,0.0000,-0.0000,0.0000,-0.0000,0.4356,0.0301,-0.0404,0.00,0.3132,0.0692,0.1689,0.0853
5.420,detect,0.19896,0.51938,0.02080,0.04480,1.04901,0.15967,0.19828,0.52509,0.01881,0.04577,1.05049,0.16066,0.19828,0.52509,0.01881,0.04577,1.05049,0.16066,0.0000,0.0000,-0.0000,0.0000,-0.0000,0.4356,0.0301,-0.0404,0.00,0.3132,0.0692,0.1689,0.0853
5.440,detect,0.19896,0.51938,0.02080,0.04480,1.04901,0.15967,0.19828,0.52509,0.01881,0.04577,1.05049,0.16066,0.19828,0.52509,0.01881,0.04577,1.05049,0.16066,0.0000,0.0000,-0.0000,0.0000,-0.0000,0.4356,0.0301,-0.0404,0.00,0.3132,0.0692,0.1689,0.0853
5.460,detect,0.19896,0.51938,0.02080,0.04480,1.04901,0.15967,0.19828,0.52509,0.01881,0.04577,1.05049,0.16066,0.19828,0.52509,0.01881,0.04577,1.05049,0.16066,0.0000,0.0000,-0.0000,0.0000,-0.0000,0.4356,0.0301,-0.0404,0.00,0.3132,0.0692,0.1689,0.0853
5.480,detect,0.19896,0.51938,0.02080,0.04480,1.04901,0.15967,0.19828,0.52509,0.01881,0.04577,1.05049,0.16066,0.19828,0.52509,0.01881,0.04577,1.05049,0.16066,0.0000,0.0000,-0.0000,0.0000,-0.0000,0.4356,0.0301,-0.0404,0.00,0.3132,0.0692,0.1689,0.0853
5.500,detect,0.19896,0.51938,0.02080,0.04480,1.04901,0.15967,0.19828,0.52509,0.01881,0.04577,1.05049,0.16066,0.19828,0.52509,0.01881,0.04577,1.05049,0.16066,0.0000,0.0000,-0.0000,0.0000,-0.0000,0.4356,0.0301,-0.0404,0.00,0.3132,0.0692,0.1689,0.0853
5.520,detect,0.19896,0.51938,0.02080,0.04480,1.04901,0.15967,0.19828,0.52509,0.01881,0.04577,1.05049,0.16066,0.19828,0.52509,0.01881,0.04577,1.05049,0.16066,0.0000,0.0000,-0.0000,0.0000,-0.0000,0.4356,0.0301,-0.0404,0.00,0.3132,0.0692,0.1689,0.0853
5.540,detect,0.19896,0.51938,0.02080,0.04480,1.04901,0.15967,0.19828,0.52509,0.01881,0.04577,1.05049,0.16066,0.19828,0.52509,0.01881,0.04577,1.05049,0.16066,0.0000,0.0000,-0.0000,0.0000,-0.0000,0.4356,0.0301,-0.0404,0.00,0.3132,0.0692,0.1689,0.0853
5.560,detect,0.19896,0.51938,0.02080,0.04480,1.04901,0.15967,0.19828,0.52509,0.01881,0.04577,1.05049,0.16066,0.19828,0.52509,0.01881,0.04577,1.05049,0.16066,0.0000,0.0000,-0.0000,0.0000,-0.0000,0.4356,0.0301,-0.0404,0.00,0.3132,0.0692,0.1689,0.0853
5.580,detect,0.19896,0.51938,0.02080,0.04480,1.04901,0.15967,0.19828,0.52509,0.01881,0.04577,1.05049,0.16066,0.19828,0.52509,0.01881,0.04577,1.05049,0.16066,0.0000,0.0000,-0.0000,0.0000,-0.0000,0.4356,0.0301,-0.0404,0.00,0.3132,0.0692,0.1689,0.0853
5.600,detect,0.19896,0.51938,0.02080,0.04480,1.04901,0.15967,0.19828,0.52509,0.01881,0.04577,1.05049,0.16066,0.19828,0.52509,0.01881,0.04577,1.05049,0.16066,0.0000,0.0000,-0.0000,0.0000,-0.0000,0.4356,0.0301,-0.0404,0.00,0.3132,0.0692,0.1689,0.0853
5.620,detect,0.19896,0.51938,0.02080,0.04480,1.04901,0.15967,0.19828,0.52509,0.01881,0.04577,1.05049,0.16066,0.19828,0.52509,0.01881,0.04577,1.05049,0.16066,0.0000,0.0000,-0.0000,0.0000,-0.0000,0.4356,0.0301,-0.0404,0.00,0.3132,0.0692,0.1689,0.0853
5.640,detect,0.19896,0.51938,0.02080,0.04480,1.04901,0.15967,0.19828,0.52509,0.01881,0.04577,1.05049,0.16066,0.19828,0.52509,0.01881,0.04577,1.05049,0.16066,0.0000,0.0000,-0.0000,0.0000,-0.0000,0.4356,0.0301,-0.0404,0.00,0.3132,0.0692,0.1689,0.0853
5.660,detect,0.19896,0.51938,0.02080,0.04480,1.04901,0.15967,0.19828,0.52509,0.01881,0.04577,1.05049,0.16066,0.19828,0.52509,0.01881,0.04577,1.05049,0.16066,0.0000,0.0000,-0.0000,0.0000,-0.0000,0.4356,0.0301,-0.0404,0.00,0.3132,0.0692,0.1689,0.0853
5.680,detect,0.19896,0.51938,0.02080,0.04480,1.04901,0.15967,0.19828,0.52509,0.01881,0.04577,1.05049,0.16066,0.19828,0.52509,0.01881,0.04577,1.05049,0.16066,0.0000,0.0000,-0.0000,0.0000,-0.0000,0.4356,0.0301,-0.0404,0.00,0.3132,0.0692,0.1689,0.0853
5.700,detect,0.19896,0.51938,0.02080,0.04480,1.04901,0.15967,0.19828,0.52509,0.01881,0.04577,1.05049,0.16066,0.19828,0.52509,0.01881,0.04577,1.05049,0.16066,0.0000,0.0000,-0.0000,0.0000,-0.0000,0.4356,0.0301,-0.0404,0.00,0.3132,0.0692,0.1689,0.0853
5.720,detect,0.19896,0.51938,0.02080,0.04480,1.04901,0.15967,0.19828,0.52509,0.01881,0.04577,1.05049,0.16066,0.19828,0.52509,0.01881,0.04577,1.05049,0.16066,0.0000,0.0000,-0.0000,0.0000,-0.0000,0.4356,0.0301,-0.0404,0.00,0.3132,0.0692,0.1689,0.0853
5.740,detect,0.19896,0.51938,0.02080,0.04480,1.04901,0.15967,0.19828,0.52509,0.01881,0.04577,1.05049,0.16066,0.19828,0.52509,0.01881,0.04577,1.05049,0.16066,0.0000,0.0000,-0.0000,0.0000,-0.0000,0.4356,0.0301,-0.0404,0.00,0.3132,0.0692,0.1689,0.0853
5.760,detect,0.19896,0.51938,0.02080,0.04480,1.04901,0.15967,0.19828,0.52509,0.01881,0.04577,1.05049,0.16066,0.19828,0.52509,0.01881,0.04577,1.05049,0.16066,0.0000,0.0000,-0.0000,0.0000,-0.0000,0.4356,0.0301,-0.0404,0.00,0.3132,0.0692,0.1689,0.0853
5.780,detect,0.19896,0.51938,0.02080,0.04480,1.04901,0.15967,0.19828,0.52509,0.01881,0.04577,1.05049,0.16066,0.19828,0.52509,0.01881,0.04577,1.05049,0.16066,0.0000,0.0000,-0.0000,0.0000,-0.0000,0.4356,0.0301,-0.0404,0.00,0.3132,0.0692,0.1689,0.0853
5.800,detect,0.19896,0.51938,0.02080,0.04480,1.04901,0.15967,0.19828,0.52509,0.01881,0.04577,1.05049,0.16066,0.19828,0.52509,0.01881,0.04577,1.05049,0.16066,0.0000,0.0000,-0.0000,0.0000,-0.0000,0.4356,0.0301,-0.0404,0.00,0.3132,0.0692,0.1689,0.0853
5.820,detect,0.19896,0.51938,0.02080,0.04480,1.04901,0.15967,0.19828,0.52509,0.01881,0.04577,1.05049,0.16066,0.19828,0.52509,0.01881,0.04577,1.05049,0.16066,0.0000,0.0000,-0.0000,0.0000,-0.0000,0.4356,0.0301,-0.0404,0.00,0.3132,0.0692,0.1689,0.0853
5.840,detect,0.19896,0.51938,0.02080,0.04480,1.04901,0.15967,0.19828,0.52509,0.01881,0.04577,1.05049,0.16066,0.19828,0.52509,0.01881,0.04577,1.05049,0.16066,0.0000,0.0000,-0.0000,0.0000,-0.0000,0.4356,0.0301,-0.0404,0.00,0.3132,0.0692,0.1689,0.0853
5.860,detect,0.19896,0.51938,0.02080,0.04480,1.04901,0.15967,0.19828,0.52509,0.01881,0.04577,1.05049,0.16066,0.19828,0.52509,0.01881,0.04577,1.05049,0.16066,0.0000,0.0000,-0.0000,0.0000,-0.0000,0.4356,0.0301,-0.0404,0.00,0.3132,0.0692,0.1689,0.0853
5.880,detect,0.19896,0.51938,0.02080,0.04480,1.04901,0.15967,0.19828,0.52509,0.01881,0.04577,1.05049,0.16066,0.19828,0.52509,0.01881,0.04577,1.05049,0.16066,0.0000,0.0000,-0.0000,0.0000,-0.0000,0.4356,0.0301,-0.0404,0.00,0.3132,0.0692,0.1689,0.0853
5.900,detect,0.19896,0.51938,0.02080,0.04480,1.04901,0.15967,0.19828,0.52509,0.01881,0.04577,1.05049,0.16066,0.19828,0.52509,0.01881,0.04577,1.05049,0.16066,0.0000,0.0000,-0.0000,0.0000,-0.0000,0.4356,0.0301,-0.0404,0.00,0.3132,0.0692,0.1689,0.0853
5.920,detect,0.19896,0.51938,0.02080,0.04480,1.04901,0.15967,0.19828,0.52509,0.01881,0.04577,1.05049,0.16066,0.19828,0.52509,0.01881,0.04577,1.05049,0.16066,0.0000,0.0000,-0.0000,0.0000,-0.0000,0.4356,0.0301,-0.0404,0.00,0.3132,0.0692,0.1689,0.0853
5.940,detect,0.19896,0.51938,0.02080,0.04480,1.04901,0.15967,0.19828,0.52509,0.01881,0.04577,1.05049,0.16066,0.19828,0.52509,0.01881,0.04577,1.05049,0.16066,0.0000,0.0000,-0.0000,0.0000,-0.0000,0.4356,0.0301,-0.0404,0.00,0.3132,0.0692,0.1689,0.0853
5.960,detect,0.19896,0.51938,0.02080,0.04480,1.04901,0.15967,0.19828,0.52509,0.01881,0.04577,1.05049,0.16066,0.19828,0.52509,0.01881,0.04577,1.05049,0.16066,0.0000,0.0000,-0.0000,0.0000,-0.0000,0.4356,0.0301,-0.0404,0.00,0.3132,0.0692,0.1689,0.0853
5.980,detect,0.19896,0.51938,0.02080,0.04480,1.04901,0.15967,0.19828,0.52509,0.01881,0.04577,1.05049,0.16066,0.19828,0.52509,0.01881,0.04577,1.05049,0.16066,0.0000,0.0000,-0.0000,0.0000,-0.0000,0.4356,0.0301,-0.0404,0.00,0.3132,0.0692,0.1689,0.0853
6.000,detect,0.19896,0.51938,0.02080,0.04480,1.04901,0.15967,0.19828,0.52509,0.01881,0.04577,1.05049,0.16066,0.19828,0.52509,0.01881,0.04577,1.05049,0.16066,0.0000,0.0000,-0.0000,0.0000,-0.0000,0.4356,0.0301,-0.0404,0.00,0.3132,0.0692,0.1689,0.0853
6.020,moving,0.19896,0.51938,0.02080,0.04480,1.04901,0.15967,0.19828,0.52509,0.01881,0.04577,1.05049,0.16066,0.19828,0.52509,0.01881,0.04577,1.05049,0.16066,0.0000,0.0000,-0.0000,0.0000,-0.0000,0.4356,0.0301,-0.0404,0.00,0.3132,0.0692,0.1689,0.0853
6.040,moving,-0.46028,0.29645,0.48431,-0.10087,0.61630,0.30608,0.19828,0.52509,0.01881,0.04577,1.05049,0.16066,0.19828,0.52509,0.01881,0.04577,1.05049,0.16066,0.0000,0.0000,-0.0000,0.0000,-0.0000,0.4356,0.0301,-0.0404,0.00,0.3132,0.0692,0.1689,0.0853
6.060,moving,-0.46028,0.29645,0.48431,-0.10087,0.61630,0.30608,0.19828,0.52509,0.01881,0.04577,1.05049,0.16066,0.19828,0.52509,0.01881,0.04577,1.05049,0.16066,0.0000,0.0000,-0.0000,0.0000,-0.0000,0.4356,0.0301,-0.0404,0.00,0.3132,0.0692,0.1689,0.0853
6.080,moving,-0.46028,0.29645,0.48431,-0.10087,0.61630,0.30608,0.19828,0.52509,0.01881,0.04577,1.05049,0.16066,0.19828,0.52509,0.01881,0.04577,1.05049,0.16066,0.0000,0.0000,-0.0000,0.0000,-0.0000,0.4356,0.0301,-0.0404,0.00,0.3132,0.0692,0.1689,0.0853
6.100,moving,-0.46028,0.29645,0.48431,-0.10087,0.61630,0.30608,0.19828,0.52509,0.01881,0.04577,1.05049,0.16066,0.19612,0.52286,0.02106,0.04350,1.04819,0.16293,0.0000,0.0000,-0.0000,0.0000,-0.0000,0.4356,0.0302,-0.0403,0.00,0.3133,0.0682,0.1691,0.0853
6.120,moving,-0.46028,0.29645,0.48431,-0.10087,0.61630,0.30608,0.19828,0.52509,0.01881,0.04577,1.05049,0.16066,0.18778,0.51444,0.02949,0.03506,1.03969,0.17142,0.0000,0.0000,-0.0000,0.0000,-0.0000,0.4355,0.0304,-0.0403,0.00,0.3137,0.0641,0.1702,0.0853
6.140,moving,-0.46028,0.29645,0.48431,-0.10087,0.61630,0.30608,0.19828,0.52509,0.01881,0.04577,1.05049,0.16066,0.17323,0.49981,0.04412,0.02041,1.02498,0.18611,0.0000,0.0000,-0.0000,0.0000,-0.0000,0.4355,0.0306,-0.0402,0.00,0.3143,0.0570,0.1720,0.0853
6.160,moving,-0.46028,0.29645,0.48431,-0.10087,0.61630,0.30608,0.17323,0.49981,0.04412,0.02041,1.02498,0.18611,0.15247,0.47896,0.06497,-0.00046,1.00408,0.20701,0.0000,0.0000,-0.0000,0.0000,-0.0000,0.4354,0.0307,-0.0402,0.00,0.3149,0.0470,0.1746,0.0853
6.180,moving,-0.46028,0.29645,0.48431,-0.10087,0.61630,0.30608,0.17323,0.49981,0.04412,0.02041,1.02498,0.18611,0.12750,0.45444,0.08909,-0.02445,0.97938,0.23197,0.0000,0.0000,-0.0000,0.0000,-0.0000,0.4353,0.0306,-0.0402,0.00,0.3153,0.0353,0.1779,0.0853
6.200,moving,-0.46028,0.29645,0.48431,-0.10087,0.61630,0.30608,0.17323,0.49981,0.04412,0.02041,1.02498,0.18611,0.11461,0.44383,0.09794,-0.03310,0.97069,0.24078,0.0000,0.0001,-0.0000,0.0000,-0.0000,0.4354,0.0299,-0.0404,0.00,0.3155,0.0298,0.1796,0.0853
6.220,moving,-0.46028,0.29645,0.48431,-0.10087,0.61630,0.30608,0.17323,0.49981,0.04412,0.02041,1.02498,0.18611,0.10701,0.43551,0.10646,-0.04175,0.96216,0.24908,0.0000,0.0000,-0.0000,0.0000,-0.0000,0.4355,0.0294,-0.0405,0.00,0.3154,0.0261,0.1806,0.0853
6.240,moving,-0.46028,0.29645,0.48431,-0.10087,0.61630,0.30608,0.17323,0.49981,0.04412,0.02041,1.02498,0.18611,0.09303,0.42093,0.12122,-0.05651,0.94742,0.26369,0.0000,0.0000,-0.0000,0.0000,-0.0000,0.4355,0.0296,-0.0405,0.00,0.3151,0.0194,0.1825,0.0853
6.260,moving,-0.46028,0.29645,0.48431,-0.10087,0.61630,0.30608,0.17323,0.49981,0.04412,0.02041,1.02498,0.18611,0.07270,0.40010,0.14220,-0.07580,0.92647,0.28286,0.0000,0.0000,-0.0000,0.0000,-0.0000,0.4355,0.0300,-0.0404,0.00,0.3145,0.0102,0.1852,0.0853
6.280,moving,-0.46028,0.29645,0.48431,-0.10087,0.61630,0.30608,0.07270,0.40010,0.14220,-0.07580,0.92647,0.28286,0.04809,0.37555,0.16637,-0.09008,0.90176,0.29698,0.0000,0.0000,-0.0000,0.0000,-0.0000,0.4354,0.0303,-0.0403,0.00,0.3134,0.0005,0.1884,0.0853
6.300,moving,-0.46028,0.29645,0.48431,-0.10087,0.61630,0.30608,0.07270,0.40010,0.14220,-0.07580,0.92647,0.28286,0.03700,0.36458,0.17534,-0.09517,0.89303,0.30198,0.0000,0.0000,-0.0000,0.0000,-0.0000,0.4355,0.0299,-0.0404,0.00,0.3128,-0.0037,0.1902,0.0852
6.320,moving,-0.46028,0.29645,0.48431,-0.10087,0.61630,0.30608,0.07270,0.40010,0.14220,-0.07580,0.92647,0.28286,0.02941,0.35638,0.18389,-0.09983,0.88448,0.30627,0.0000,0.0000,-0.0000,0.0000,-0.0000,0.4357,0.0297,-0.0404,0.00,0.3122,-0.0066,0.1912,0.0853
6.340,moving,-0.46028,0.29645,0.48431,-0.10087,0.61630,0.30608,0.07270,0.40010,0.14220,-0.07580,0.92647,0.28286,0.01545,0.34189,0.19867,-0.10039,0.86973,0.30658,0.0000,0.0000,-0.0000,0.0000,-0.0000,0.4356,0.0298,-0.0405,0.00,0.3111,-0.0109,0.1928,0.0852
6.360,moving,-0.46028,0.29645,0.48431,-0.10087,0.61630,0.30608,0.07270,0.40010,0.14220,-0.07580,0.92647,0.28286,-0.00484,0.32308,0.21970,-0.10042,0.84875,0.30650,0.0000,0.0000,-0.0000,0.0000,-0.0000,0.4356,0.0300,-0.0404,0.00,0.3094,-0.0170,0.1946,0.0853
6.380,moving,-0.46028,0.29645,0.48431,-0.10087,0.61630,0.30608,0.07270,0.40010,0.14220,-0.07580,0.92647,0.28286,-0.02938,0.30970,0.24403,-0.10048,0.82399,0.30645,0.0000,0.0000,-0.0000,0.0000,-0.0000,0.4356,0.0302,-0.0404,0.00,0.3072,-0.0242,0.1941,0.0852
6.400,moving,-0.46028,0.29645,0.48431,-0.10087,0.61630,0.30608,-0.02938,0.30970,0.24403,-0.10048,0.82399,0.30645,-0.03992,0.30522,0.25528,-0.10066,0.81532,0.30654,0.0000,0.0000,-0.0000,0.0000,-0.0000,0.4357,0.0298,-0.0404,0.00,0.3057,-0.0273,0.1932,0.0852
6.420,moving,-0.46028,0.29645,0.48431,-0.10087,0.61630,0.30608,-0.02938,0.30970,0.24403,-0.10048,0.82399,0.30645,-0.04761,0.30156,0.26350,-0.10077,0.80674,0.30634,0.0000,0.0000,-0.0000,0.0000,-0.0000,0.4357,0.0296,-0.0405,0.00,0.3050,-0.0295,0.1928,0.0852
6.440,moving,-0.46028,0.29645,0.48431,-0.10087,0.61630,0.30608,-0.02938,0.30970,0.24403,-0.10048,0.82399,0.30645,-0.06162,0.30133,0.27794,-0.10086,0.79196,0.30617,0.0000,0.0000,-0.0000,0.0000,-0.0000,0.4358,0.0297,-0.0405,0.00,0.3036,-0.0335,0.1901,0.0852
6.460,moving,-0.46028,0.29645,0.48431,-0.10087,0.61630,0.30608,-0.02938,0.30970,0.24403,-0.10048,0.82399,0.30645,-0.08195,0.30132,0.29860,-0.10090,0.77099,0.30606,0.0000,0.0000,-0.0000,0.0000,-0.0000,0.4358,0.0300,-0.0404,0.00,0.3014,-0.0393,0.1863,0.0852
6.480,moving,-0.46028,0.29645,0.48431,-0.10087,0.61630,0.30608,-0.02938,0.30970,0.24403,-0.10048,0.82399,0.30645,-0.10653,0.30137,0.32292,-0.10097,0.74627,0.30600,0.0000,0.0000,-0.0000,0.0000,-0.0000,0.4357,0.0302,-0.0404,0.00,0.2985,-0.0462,0.1817,0.0852
6.500,moving,-0.46028,0.29645,0.48431,-0.10087,0.61630,0.30608,-0.02938,0.30970,0.24403,-0.10048,0.82399,0.30645,-0.11699,0.30159,0.33743,-0.10113,0.73761,0.30605,0.0000,0.0000,-0.0000,0.0000,-0.0000,0.4357,0.0298,-0.0405,0.00,0.2958,-0.0489,0.1787,0.0852
6.520,moving,-0.46028,0.29645,0.48431,-0.10087,0.61630,0.30608,-0.11699,0.30159,0.33743,-0.10113,0.73761,0.30605,-0.12475,0.30161,0.34516,-0.10127,0.72906,0.30585,0.0000,0.0000,-0.0000,0.0000,-0.0000,0.4357,0.0296,-0.0405,0.00,0.2949,-0.0511,0.1773,0.0852
6.540,moving,-0.46028,0.29645,0.48431,-0.10087,0.61630,0.30608,-0.11699,0.30159,0.33743,-0.10113,0.73761,0.30605,-0.13883,0.30153,0.35878,-0.10136,0.71428,0.30567,0.0000,0.0000,-0.0000,0.0000,-0.0000,0.4357,0.0297,-0.0405,0.00,0.2932,-0.0549,0.1749,0.0852
6.560,moving,-0.46028,0.29645,0.48431,-0.10087,0.61630,0.30608,-0.11699,0.30159,0.33743,-0.10113,0.73761,0.30605,-0.15920,0.30147,0.37877,-0.10141,0.69333,0.30554,0.0000,0.0000,-0.0000,0.0000,-0.0000,0.4356,0.0299,-0.0404,0.00,0.2905,-0.0603,0.1713,0.0853
6.580,moving,-0.46028,0.29645,0.48431,-0.10087,0.61630,0.30608,-0.11699,0.30159,0.33743,-0.10113,0.73761,0.30605,-0.18383,0.30147,0.40270,-0.10150,0.66862,0.30545,0.0000,0.0000,-0.0000,0.0000,-0.0000,0.4355,0.0301,-0.0404,0.00,0.2869,-0.0667,0.1670,0.0853
6.600,moving,-0.46028,0.29645,0.48431,-0.10087,0.61630,0.30608,-0.11699,0.30159,0.33743,-0.10113,0.73761,0.30605,-0.19429,0.30164,0.41678,-0.10167,0.65998,0.30548,0.0000,0.0000,-0.0000,0.0000,-0.0000,0.4355,0.0297,-0.0405,0.00,0.2839,-0.0691,0.1643,0.0853
6.620,moving,-0.46028,0.29645,0.48431,-0.10087,0.61630,0.30608,-0.11699,0.30159,0.33743,-0.10113,0.73761,0.30605,-0.20207,0.30163,0.42411,-0.10183,0.65144,0.30526,0.0000,0.0000,-0.0000,0.0000,-0.0000,0.4355,0.0295,-0.0405,0.00,0.2829,-0.0711,0.1630,0.0853
6.640,moving,-0.46028,0.29645,0.48431,-0.10087,0.61630,0.30608,-0.20207,0.30163,0.42411,-0.10183,0.65144,0.30526,-0.21617,0.30153,0.43739,-0.10193,0.63687,0.30506,0.0000,0.0000,-0.0000,0.0000,-0.0000,0.4355,0.0296,-0.0405,0.00,0.2808,-0.0747,0.1608,0.0853
6.660,moving,-0.46028,0.29645,0.48431,-0.10087,0.61630,0.30608,-0.20207,0.30163,0.42411,-0.10183,0.65144,0.30526,-0.23655,0.30147,0.45641,-0.10197,0.62472,0.30490,0.0000,0.0000,-0.0000,0.0000,-0.0000,0.4355,0.0299,-0.0404,0.00,0.2761,-0.0794,0.1572,0.0853
6.680,moving,-0.46028,0.29645,0.48431,-0.10087,0.61630,0.30608,-0.20207,0.30163,0.42411,-0.10183,0.65144,0.30526,-0.26119,0.30152,0.47249,-0.10212,0.61886,0.30480,0.0000,0.0000,-0.0000,0.0000,-0.0000,0.4355,0.0300,-0.0404,0.00,0.2706,-0.0852,0.1541,0.0853
6.700,moving,-0.46028,0.29645,0.48431,-0.10087,0.61630,0.30608,-0.20207,0.30163,0.42411,-0.10183,0.65144,0.30526,-0.27180,0.30160,0.47944,-0.10230,0.61784,0.30481,0.0000,0.0000,-0.0000,0.0000,-0.0000,0.4355,0.0297,-0.0405,0.00,0.2679,-0.0876,0.1527,0.0852
6.720,moving,-0.46028,0.29645,0.48431,-0.10087,0.61630,0.30608,-0.20207,0.30163,0.42411,-0.10183,0.65144,0.30526,-0.27956,0.30156,0.48518,-0.10243,0.61786,0.30458,0.0000,0.0000,-0.0000,0.0000,-0.0000,0.4356,0.0295,-0.0405,0.00,0.2656,-0.0892,0.1516,0.0853
6.740,moving,-0.46028,0.29645,0.48431,-0.10087,0.61630,0.30608,-0.20207,0.30163,0.42411,-0.10183,0.65144,0.30526,-0.29364,0.30157,0.48698,-0.10260,0.61786,0.30440,0.0000,0.0000,-0.0000,0.0000,-0.0000,0.4356,0.0296,-0.0405,0.00,0.2638,-0.0928,0.1512,0.0852
6.760,moving,-0.46028,0.29645,0.48431,-0.10087,0.61630,0.30608,-0.29364,0.30157,0.48698,-0.10260,0.61786,0.30440,-0.31403,0.30154,0.48635,-0.10269,0.61788,0.30425,0.0000,0.0000,-0.0000,0.0000,-0.0000,0.4357,0.0298,-0.0405,0.00,0.2620,-0.0982,0.1513,0.0852
6.780,moving,-0.46028,0.29645,0.48431,-0.10087,0.61630,0.30608,-0.29364,0.30157,0.48698,-0.10260,0.61786,0.30440,-0.33866,0.30148,0.48581,-0.10276,0.61785,0.30415,0.0000,0.0000,-0.0000,0.0000,-0.0000,0.4357,0.0300,-0.0404,0.00,0.2597,-0.1047,0.1515,0.0852
6.800,moving,-0.46028,0.29645,0.48431,-0.10087,0.61630,0.30608,-0.29364,0.30157,0.48698,-0.10260,0.61786,0.30440,-0.34930,0.30145,0.48535,-0.10285,0.61777,0.30414,0.0000,0.0000,-0.0000,0.0000,-0.0000,0.4357,0.0296,-0.0405,0.00,0.2587,-0.1075,0.1516,0.0852
6.820,moving,-0.46028,0.29645,0.48431,-0.10087,0.61630,0.30608,-0.29364,0.30157,0.48698,-0.10260,0.61786,0.30440,-0.35703,0.30144,0.48498,-0.10299,0.61780,0.30391,0.0000,0.0000,-0.0000,0.0000,-0.0000,0.4357,0.0295,-0.0405,0.00,0.2579,-0.1096,0.1517,0.0852
6.840,moving,-0.46028,0.29645,0.48431,-0.10087,0.61630,0.30608,-0.29364,0.30157,0.48698,-0.10260,0.61786,0.30440,-0.37111,0.30140,0.48471,-0.10311,0.61780,0.30372,0.0000,0.0000,-0.0000,0.0000,-0.0000,0.4357,0.0296,-0.0405,0.00,0.2564,-0.1133,0.1517,0.0852
6.860,moving,-0.46028,0.29645,0.48431,-0.10087,0.61630,0.30608,-0.29364,0.30157,0.48698,-0.10260,0.61786,0.30440,-0.39149,0.30138,0.48445,-0.10320,0.61783,0.30357,0.0000,0.0000,-0.0000,0.0000,-0.0000,0.4357,0.0298,-0.0405,0.00,0.2541,-0.1185,0.1518,0.0852
6.880,moving,-0.46028,0.29645,0.48431,-0.10087,0.61630,0.30608,-0.39149,0.30138,0.48445,-0.10320,0.61783,0.30357,-0.41605,0.30135,0.48425,-0.10328,0.61782,0.30347,0.0000,0.0000,-0.0000,0.0000,-0.0000,0.4356,0.0299,-0.0404,0.00,0.2512,-0.1247,0.1518,0.0853
6.900,moving,-0.46028,0.29645,0.48431,-0.10087,0.61630,0.30608,-0.39149,0.30138,0.48445,-0.10320,0.61783,0.30357,-0.42594,0.30133,0.48408,-0.10338,0.61774,0.30346,0.0000,0.0000,-0.0000,0.0000,-0.0000,0.4356,0.0296,-0.0405,0.00,0.2500,-0.1272,0.1519,0.0852
6.920,moving,-0.46028,0.29645,0.48431,-0.10087,0.61630,0.30608,-0.39149,0.30138,0.48445,-0.10320,0.61783,0.30357,-0.43371,0.30135,0.48394,-0.10352,0.61778,0.30324,0.0000,0.0000,-0.0000,0.0000,-0.0000,0.4356,0.0294,-0.0405,0.00,0.2491,-0.1292,0.1519,0.0853
6.940,moving,-0.46028,0.29645,0.48431,-0.10087,0.61630,0.30608,-0.39149,0.30138,0.48445,-0.10320,0.61783,0.30357,-0.44705,0.30132,0.48386,-0.10365,0.61778,0.30306,0.0000,0.0000,-0.0000,0.0000,-0.0000,0.4356,0.0295,-0.0405,0.00,0.2473,-0.1325,0.1519,0.0853
6.960,moving,-0.46028,0.29645,0.48431,-0.10087,0.61630,0.30608,-0.39149,0.30138,0.48445,-0.10320,0.61783,0.30357,-0.45657,0.30131,0.48377,-0.10377,0.61777,0.30295,0.0000,0.0000,-0.0000,0.0000,-0.0000,0.4356,0.0295,-0.0405,0.00,0.2461,-0.1349,0.1519,0.0853
6.980,moving,-0.46028,0.29645,0.48431,-0.10087,0.61630,0.30608,-0.39149,0.30138,0.48445,-0.10320,0.61783,0.30357,-0.46008,0.30130,0.48371,-0.10386,0.61775,0.30287,0.0000,0.0000,-0.0000,0.0000,-0.0000,0.4356,0.0295,-0.0406,0.00,0.2456,-0.1358,0.1520,0.0853
7.000,moving,-0.46028,0.29645,0.48431,-0.10087,0.61630,0.30608,-0.46008,0.30130,0.48371,-0.10386,0.61775,0.30287,-0.46003,0.30129,0.48366,-0.10394,0.61775,0.30277,0.0000,0.0000,-0.0000,0.0000,-0.0000,0.4356,0.0294,-0.0406,0.00,0.2456,-0.1358,0.1520,0.0852
7.020,moving,-0.46028,0.29645,0.48431,-0.10087,0.61630,0.30608,-0.46008,0.30130,0.48371,-0.10386,0.61775,0.30287,-0.45979,0.30129,0.48361,-0.10401,0.61776,0.30268,0.0000,0.0000,-0.0000,0.0000,-0.0000,0.4357,0.0295,-0.0405,0.00,0.2457,-0.1358,0.1520,0.0852
7.040,moving,-0.46028,0.29645,0.48431,-0.10087,0.61630,0.30608,-0.46008,0.30130,0.48371,-0.10386,0.61775,0.30287,-0.45959,0.30128,0.48359,-0.10405,0.61776,0.30262,0.0000,0.0000,-0.0000,0.0000,-0.0000,0.4357,0.0296,-0.0405,0.00,0.2457,-0.1357,0.1520,0.0852
7.060,moving,-0.46028,0.29645,0.48431,-0.10087,0.61630,0.30608,-0.46008,0.30130,0.48371,-0.10386,0.61775,0.30287,-0.45943,0.30127,0.48357,-0.10409,0.61777,0.30257,0.0000,0.0000,-0.0000,0.0000,-0.0000,0.4357,0.0296,-0.0405,0.00,0.2457,-0.1357,0.1520,0.0852
7.080,moving,-0.46028,0.29645,0.48431,-0.10087,0.61630,0.30608,-0.46008,0.30130,0.48371,-0.10386,0.61775,0.30287,-0.45929,0.30126,0.48355,-0.10412,0.61777,0.30254,0.0000,0.0000,-0.0000,0.0000,-0.0000,0.4357,0.0297,-0.0405,0.00,0.2457,-0.1357,0.1520,0.0852
7.100,moving,-0.46028,0.29645,0.48431,-0.10087,0.61630,0.30608,-0.46008,0.30130,0.48371,-0.10386,0.61775,0.30287,-0.45918,0.30125,0.48354,-0.10414,0.61777,0.30251,0.0000,0.0000,-0.0000,0.0000,-0.0000,0.4356,0.0297,-0.0405,0.00,0.2458,-0.1356,0.1520,0.0852
7.120,moving,-0.46028,0.29645,0.48431,-0.10087,0.61630,0.30608,-0.45918,0.30125,0.48354,-0.10414,0.61777,0.30251,-0.45909,0.30125,0.48352,-0.10416,0.61778,0.30248,0.0000,0.0000,-0.0000,0.0000,-0.0000,0.4356,0.0296,-0.0405,0.00,0.2458,-0.1356,0.1520,0.0852
7.140,moving,-0.46028,0.29645,0.48431,-0.10087,0.61630,0.30608,-0.45918,0.30125,0.48354,-0.10414,0.61777,0.30251,-0.45902,0.30125,0.48351,-0.10418,0.61778,0.30245,0.0000,0.0000,-0.0000,0.0000,-0.0000,0.4356,0.0296,-0.0405,0.00,0.2458,-0.1356,0.1520,0.0853
7.160,moving,-0.46028,0.29645,0.48431,-0.10087,0.61630,0.30608,-0.45918,0.30125,0.48354,-0.10414,0.61777,0.30251,-0.45896,0.30125,0.48350,-0.10419,0.61778,0.30243,0.0000,0.0000,-0.0000,0.0000,-0.0000,0.4356,0.0296,-0.0405,0.00,0.2458,-0.1356,0.1520,0.0853
7.180,moving,-0.46028,0.29645,0.48431,-0.10087,0.61630,0.30608,-0.45918,0.30125,0.48354,-0.10414,0.61777,0.30251,-0.45891,0.30125,0.48349,-0.10421,0.61778,0.30242,0.0000,0.0000,-0.0000,0.0000,-0.0000,0.4356,0.0296,-0.0405,0.00,0.2458,-0.1356,0.1520,0.0853
7.200,moving,-0.46028,0.29645,0.48431,-0.10087,0.61630,0.30608,-0.45918,0.30125,0.48354,-0.10414,0.61777,0.30251,-0.45887,0.30125,0.48348,-0.10422,0.61779,0.30240,0.0000,0.0000,-0.0000,0.0000,-0.0000,0.4356,0.0296,-0.0405,0.00,0.2458,-0.1356,0.1520,0.0853
7.220,moving,-0.46028,0.29645,0.48431,-0.10087,0.61630,0.30608,-0.45918,0.30125,0.48354,-0.10414,0.61777,0.30251,-0.45884,0.30125,0.48347,-0.10423,0.61779,0.30239,0.0000,0.0000,-0.0000,0.0000,-0.0000,0.4356,0.0296,-0.0405,0.00,0.2458,-0.1356,0.1520,0.0853
7.240,moving,-0.46028,0.29645,0.48431,-0.10087,0.61630,0.30608,-0.45884,0.30125,0.48347,-0.10423,0.61779,0.30239,-0.45881,0.30125,0.48347,-0.10423,0.61779,0.30238,0.0000,0.0000,-0.0000,0.0000,-0.0000,0.4356,0.0296,-0.0405,0.00,0.2458,-0.1356,0.1520,0.0853
7.260,moving,-0.46028,0.29645,0.48431,-0.10087,0.61630,0.30608,-0.45884,0.30125,0.48347,-0.10423,0.61779,0.30239,-0.45879,0.30124,0.48346,-0.10424,0.61779,0.30238,0.0000,0.0000,-0.0000,0.0000,-0.0000,0.4356,0.0296,-0.0405,0.00,0.2458,-0.1356,0.1520,0.0853
7.280,moving,-0.46028,0.29645,0.48431,-0.10087,0.61630,0.30608,-0.45884,0.30125,0.48347,-0.10423,0.61779,0.30239,-0.45877,0.30124,0.48346,-0.10424,0.61779,0.30237,0.0000,0.0000,-0.0000,0.0000,-0.0000,0.4356,0.0296,-0.0405,0.00,0.2458,-0.1356,0.1520,0.0853
7.300,moving,-0.46028,0.29645,0.48431,-0.10087,0.61630,0.30608,-0.45884,0.30125,0.48347,-0.10423,0.61779,0.30239,-0.45876,0.30124,0.48346,-0.10424,0.61779,0.30237,0.0000,0.0000,-0.0000,0.0000,-0.0000,0.4356,0.0296,-0.0405,0.00,0.2458,-0.1355,0.1520,0.0853
7.320,moving,-0.46028,0.29645,0.48431,-0.10087,0.61630,0.30608,-0.45884,0.30125,0.48347,-0.10423,0.61779,0.30239,-0.45875,0.30124,0.48346,-0.10424,0.61779,0.30237,0.0000,0.0000,-0.0000,0.0000,-0.0000,0.4356,0.0296,-0.0405,0.00,0.2458,-0.1355,0.1520,0.0853
7.340,detect,-0.46028,0.29645,0.48431,-0.10087,0.61630,0.30608,-0.45884,0.30125,0.48347,-0.10423,0.61779,0.30239,-0.45874,0.30124,0.48346,-0.10424,0.61779,0.30237,0.0000,0.0000,-0.0000,0.0000,-0.0000,0.4356,0.0296,-0.0405,0.00,0.2458,-0.1355,0.1520,0.0853
7.360,detect,-0.46028,0.29645,0.48431,-0.10087,0.61630,0.30608,-0.45874,0.30124,0.48346,-0.10424,0.61779,0.30237,-0.45873,0.30124,0.48346,-0.10425,0.61779,0.30236,0.0000,0.0000,-0.0000,0.0000,-0.0000,0.4356,0.0296,-0.0405,0.00,0.2458,-0.1355,0.1520,0.0853
7.380,detect,-0.46028,0.29645,0.48431,-0.10087,0.61630,0.30608,-0.45874,0.30124,0.48346,-0.10424,0.61779,0.30237,-0.45873,0.30124,0.48346,-0.10425,0.61779,0.30236,0.0000,0.0000,-0.0000,0.0000,-0.0000,0.4356,0.0296,-0.0405,0.00,0.2458,-0.1355,0.1520,0.0853
7.400,detect,-0.46028,0.29645,0.48431,-0.10087,0.61630,0.30608,-0.45874,0.30124,0.48346,-0.10424,0.61779,0.30237,-0.45872,0.30124,0.48345,-0.10425,0.61779,0.30236,0.0000,0.0000,-0.0000,0.0000,-0.0000,0.4356,0.0296,-0.0405,0.00,0.2458,-0.1355,0.1520,0.0853
7.420,detect,-0.46028,0.29645,0.48431,-0.10087,0.61630,0.30608,-0.45874,0.30124,0.48346,-0.10424,0.61779,0.30237,-0.45872,0.30124,0.48345,-0.10425,0.61779,0.30236,0.0000,0.0000,-0.0000,0.0000,-0.0000,0.4356,0.0296,-0.0405,0.00,0.2458,-0.1355,0.1520,0.0853
7.440,detect,-0.46028,0.29645,0.48431,-0.10087,0.61630,0.30608,-0.45874,0.30124,0.48346,-0.10424,0.61779,0.30237,-0.45871,0.30124,0.48345,-0.10425,0.61779,0.30236,0.0000,0.0000,-0.0000,0.0000,-0.0000,0.4356,0.0296,-0.0405,0.00,0.2458,-0.1355,0.1520,0.0853
7.460,detect,-0.46028,0.29645,0.48431,-0.10087,0.61630,0.30608,-0.45874,0.30124,0.48346,-0.10424,0.61779,0.30237,-0.45871,0.30124,0.48345,-0.10425,0.61779,0.30235,0.0000,0.0000,-0.0000,0.0000,-0.0000,0.4356,0.0296,-0.0405,0.00,0.2458,-0.1355,0.1520,0.0853
7.480,detect,-0.46028,0.29645,0.48431,-0.10087,0.61630,0.30608,-0.45871,0.30124,0.48345,-0.10425,0.61779,0.30235,-0.45871,0.30124,0.48345,-0.10426,0.61779,0.30235,0.0000,0.0000,-0.0000,0.0000,-0.0000,0.4356,0.0296,-0.0405,0.00,0.2458,-0.1355,0.1520,0.0853
7.500,detect,-0.46028,0.29645,0.48431,-0.10087,0.61630,0.30608,-0.45871,0.30124,0.48345,-0.10425,0.61779,0.30235,-0.45870,0.30124,0.48345,-0.10426,0.61779,0.30235,0.0000,0.0000,-0.0000,0.0000,-0.0000,0.4356,0.0296,-0.0405,0.00,0.2458,-0.1355,0.1520,0.0853
7.520,detect,-0.46028,0.29645,0.48431,-0.10087,0.61630,0.30608,-0.45871,0.30124,0.48345,-0.10425,0.61779,0.30235,-0.45870,0.30124,0.48345,-0.10426,0.61779,0.30235,0.0000,0.0000,-0.0000,0.0000,-0.0000,0.4356,0.0296,-0.0405,0.00,0.2458,-0.1355,0.1520,0.0853
7.540,detect,-0.46028,0.29645,0.48431,-0.10087,0.61630,0.30608,-0.45871,0.30124,0.48345,-0.10425,0.61779,0.30235,-0.45870,0.30124,0.48345,-0.10426,0.61779,0.30235,0.0000,0.0000,-0.0000,0.0000,-0.0000,0.4356,0.0296,-0.0405,0.00,0.2458,-0.1355,0.1520,0.0853
7.560,detect,-0.46028,0.29645,0.48431,-0.10087,0.61630,0.30608,-0.45871,0.30124,0.48345,-0.10425,0.61779,0.30235,-0.45870,0.30124,0.48345,-0.10426,0.61779,0.30235,0.0000,0.0000,-0.0000,0.0000,-0.0000,0.4356,0.0296,-0.0405,0.00,0.2458,-0.1355,0.1520,0.0853
7.580,detect,-0.46028,0.29645,0.48431,-0.10087,0.61630,0.30608,-0.45871,0.30124,0.48345,-0.10425,0.61779,0.30235,-0.45870,0.30124,0.48345,-0.10426,0.61779,0.30235,0.0000,0.0000,-0.0000,0.0000,-0.0000,0.4356,0.0296,-0.0405,0.00,0.2458,-0.1355,0.1520,0.0853
7.600,detect,-0.46028,0.29645,0.48431,-0.10087,0.61630,0.30608,-0.45870,0.30124,0.48345,-0.10426,0.61779,0.30235,-0.45870,0.30124,0.48345,-0.10426,0.61779,0.30235,0.0000,0.0000,-0.0000,0.0000,-0.0000,0.4356,0.0296,-0.0405,0.00,0.2458,-0.1355,0.1520,0.0853
7.620,detect,-0.46028,0.29645,0.48431,-0.10087,0.61630,0.30608,-0.45870,0.30124,0.48345,-0.10426,0.61779,0.30235,-0.45870,0.30124,0.48345,-0.10426,0.61779,0.30235,0.0000,0.0000,-0.0000,0.0000,-0.0000,0.4356,0.0296,-0.0405,0.00,0.2458,-0.1355,0.1520,0.0853
7.640,detect,-0.46028,0.29645,0.48431,-0.10087,0.61630,0.30608,-0.45870,0.30124,0.48345,-0.10426,0.61779,0.30235,-0.45870,0.30124,0.48345,-0.10426,0.61779,0.30235,0.0000,0.0000,-0.0000,0.0000,-0.0000,0.4356,0.0296,-0.0405,0.00,0.2458,-0.1355,0.1520,0.0853
7.660,detect,-0.46028,0.29645,0.48431,-0.10087,0.61630,0.30608,-0.45870,0.30124,0.48345,-0.10426,0.61779,0.30235,-0.45870,0.30124,0.48345,-0.10426,0.61779,0.30235,0.0000,0.0000,-0.0000,0.0000,-0.0000,0.4356,0.0296,-0.0405,0.00,0.2458,-0.1355,0.1520,0.0853
7.680,detect,-0.46028,0.29645,0.48431,-0.10087,0.61630,0.30608,-0.45870,0.30124,0.48345,-0.10426,0.61779,0.30235,-0.45870,0.30124,0.48345,-0.10426,0.61779,0.30235,0.0000,0.0000,-0.0000,0.0000,-0.0000,0.4356,0.0296,-0.0405,0.00,0.2458,-0.1355,0.1520,0.0853
7.700,detect,-0.46028,0.29645,0.48431,-0.10087,0.61630,0.30608,-0.45870,0.30124,0.48345,-0.10426,0.61779,0.30235,-0.45869,0.30124,0.48345,-0.10426,0.61779,0.30235,0.0000,0.0000,-0.0000,0.0000,-0.0000,0.4356,0.0296,-0.0405,0.00,0.2458,-0.1355,0.1520,0.0853
7.720,detect,-0.46028,0.29645,0.48431,-0.10087,0.61630,0.30608,-0.45869,0.30124,0.48345,-0.10426,0.61779,0.30235,-0.45869,0.30124,0.48345,-0.10426,0.61779,0.30235,0.0000,0.0000,-0.0000,0.0000,-0.0000,0.4356,0.0296,-0.0405,0.00,0.2458,-0.1355,0.1520,0.0853
7.740,detect,-0.46028,0.29645,0.48431,-0.10087,0.61630,0.30608,-0.45869,0.30124,0.48345,-0.10426,0.61779,0.30235,-0.45869,0.30124,0.48345,-0.10426,0.61779,0.30235,0.0000,0.0000,-0.0000,0.0000,-0.0000,0.4356,0.0296,-0.0405,0.00,0.2458,-0.1355,0.1520,0.0853
7.760,detect,-0.46028,0.29645,0.48431,-0.10087,0.61630,0.30608,-0.45869,0.30124,0.48345,-0.10426,0.61779,0.30235,-0.45869,0.30124,0.48345,-0.10426,0.61779,0.30235,0.0000,0.0000,-0.0000,0.0000,-0.0000,0.4356,0.0296,-0.0405,0.00,0.2458,-0.1355,0.1520,0.0853
7.780,detect,-0.46028,0.29645,0.48431,-0.10087,0.61630,0.30608,-0.45869,0.30124,0.48345,-0.10426,0.61779,0.30235,-0.45869,0.30124,0.48345,-0.10426,0.61779,0.30235,0.0000,0.0000,-0.0000,0.0000,-0.0000,0.4356,0.0296,-0.0405,0.00,0.2458,-0.1355,0.1520,0.0853
7.800,detect,-0.46028,0.29645,0.48431,-0.10087,0.61630,0.30608,-0.45869,0.30124,0.48345,-0.10426,0.61779,0.30235,-0.45869,0.30124,0.48345,-0.10426,0.61779,0.30235,0.0000,0.0000,-0.0000,0.0000,-0.0000,0.4356,0.0296,-0.0405,0.00,0.2458,-0.1355,0.1520,0.0853
7.820,detect,-0.46028,0.29645,0.48431,-0.10087,0.61630,0.30608,-0.45869,0.30124,0.48345,-0.10426,0.61779,0.30235,-0.45869,0.30124,0.48345,-0.10426,0.61779,0.30235,0.0000,0.0000,-0.0000,0.0000,-0.0000,0.4356,0.0296,-0.0405,0.00,0.2458,-0.1355,0.1520,0.0853
7.840,detect,-0.46028,0.29645,0.48431,-0.10087,0.61630,0.30608,-0.45869,0.30124,0.48345,-0.10426,0.61779,0.30235,-0.45869,0.30124,0.48345,-0.10426,0.61779,0.30235,0.0000,0.0000,-0.0000,0.0000,-0.0000,0.4356,0.0296,-0.0405,0.00,0.2458,-0.1355,0.1520,0.0853
7.860,detect,-0.46028,0.29645,0.48431,-0.10087,0.61630,0.30608,-0.45869,0.30124,0.48345,-0.10426,0.61779,0.30235,-0.45869,0.30124,0.48345,-0.10426,0.61779,0.30235,0.0000,0.0000,-0.0000,0.0000,-0.0000,0.4356,0.0296,-0.0405,0.00,0.2458,-0.1355,0.1520,0.0853
7.880,detect,-0.46028,0.29645,0.48431,-0.10087,0.61630,0.30608,-0.45869,0.30124,0.48345,-0.10426,0.61779,0.30235,-0.45869,0.30124,0.48345,-0.10426,0.61779,0.30235,0.0000,0.0000,-0.0000,0.0000,-0.0000,0.4356,0.0296,-0.0405,0.00,0.2458,-0.1355,0.1520,0.0853
7.900,detect,-0.46028,0.29645,0.48431,-0.10087,0.61630,0.30608,-0.45869,0.30124,0.48345,-0.10426,0.61779,0.30235,-0.45869,0.30124,0.48345,-0.10426,0.61779,0.30235,0.0000,0.0000,-0.0000,0.0000,-0.0000,0.4356,0.0296,-0.0405,0.00,0.2458,-0.1355,0.1520,0.0853
7.920,detect,-0.46028,0.29645,0.48431,-0.10087,0.61630,0.30608,-0.45869,0.30124,0.48345,-0.10426,0.61779,0.30235,-0.45869,0.30124,0.48345,-0.10426,0.61779,0.30235,0.0000,0.0000,-0.0000,0.0000,-0.0000,0.4356,0.0296,-0.0405,0.00,0.2458,-0.1355,0.1520,0.0853
7.940,detect,-0.46028,0.29645,0.48431,-0.10087,0.61630,0.30608,-0.45869,0.30124,0.48345,-0.10426,0.61779,0.30235,-0.45869,0.30124,0.48345,-0.10426,0.61779,0.30235,0.0000,0.0000,-0.0000,0.0000,-0.0000,0.4356,0.0296,-0.0405,0.00,0.2458,-0.1355,0.1520,0.0853
7.960,detect,-0.46028,0.29645,0.48431,-0.10087,0.61630,0.30608,-0.45869,0.30124,0.48345,-0.10426,0.61779,0.30235,-0.45869,0.30124,0.48345,-0.10426,0.61779,0.30235,0.0000,0.0000,-0.0000,0.0000,-0.0000,0.4356,0.0296,-0.0405,0.00,0.2458,-0.1355,0.1520,0.0853
7.980,detect,-0.46028,0.29645,0.48431,-0.10087,0.61630,0.30608,-0.45869,0.30124,0.48345,-0.10426,0.61779,0.30235,-0.45869,0.30124,0.48345,-0.10426,0.61779,0.30235,0.0000,0.0000,-0.0000,0.0000,-0.0000,0.4356,0.0296,-0.0405,0.00,0.2458,-0.1355,0.1520,0.0853
8.000,detect,-0.46028,0.29645,0.48431,-0.10087,0.61630,0.30608,-0.45869,0.30124,0.48345,-0.10426,0.61779,0.30235,-0.45869,0.30124,0.48345,-0.10426,0.61779,0.30235,0.0000,0.0000,-0.0000,0.0000,-0.0000,0.4356,0.0296,-0.0405,0.00,0.2458,-0.1355,0.1520,0.0853
8.020,detect,-0.46028,0.29645,0.48431,-0.10087,0.61630,0.30608,-0.45869,0.30124,0.48345,-0.10426,0.61779,0.30235,-0.45869,0.30124,0.48345,-0.10426,0.61779,0.30235,0.0000,0.0000,-0.0000,0.0000,-0.0000,0.4356,0.0296,-0.0405,0.00,0.2458,-0.1355,0.1520,0.0853
8.040,detect,-0.46028,0.29645,0.48431,-0.10087,0.61630,0.30608,-0.45869,0.30124,0.48345,-0.10426,0.61779,0.30235,-0.45869,0.30124,0.48345,-0.10426,0.61779,0.30235,0.0000,0.0000,-0.0000,0.0000,-0.0000,0.4356,0.0296,-0.0405,0.00,0.2458,-0.1355,0.1520,0.0853
8.060,detect,-0.46028,0.29645,0.48431,-0.10087,0.61630,0.30608,-0.45869,0.30124,0.48345,-0.10426,0.61779,0.30235,-0.45869,0.30124,0.48345,-0.10426,0.61779,0.30235,0.0000,0.0000,-0.0000,0.0000,-0.0000,0.4356,0.0296,-0.0405,0.00,0.2458,-0.1355,0.1520,0.0853
8.080,detect,-0.46028,0.29645,0.48431,-0.10087,0.61630,0.30608,-0.45869,0.30124,0.48345,-0.10426,0.61779,0.30235,-0.45869,0.30124,0.48345,-0.10426,0.61779,0.30235,0.0000,0.0000,-0.0000,0.0000,-0.0000,0.4356,0.0296,-0.0405,0.00,0.2458,-0.1355,0.1520,0.0853
8.100,detect,-0.46028,0.29645,0.48431,-0.10087,0.61630,0.30608,-0.45869,0.30124,0.48345,-0.10426,0.61779,0.30235,-0.45869,0.30124,0.48345,-0.10426,0.61779,0.30235,0.0000,0.0000,-0.0000,0.0000,-0.0000,0.4356,0.0296,-0.0405,0.00,0.2458,-0.1355,0.1520,0.0853
8.120,detect,-0.46028,0.29645,0.48431,-0.10087,0.61630,0.30608,-0.45869,0.30124,0.48345,-0.10426,0.61779,0.30235,-0.45869,0.30124,0.48345,-0.10426,0.61779,0.30235,0.0000,0.0000,-0.0000,0.0000,-0.0000,0.4356,0.0296,-0.0405,0.00,0.2458,-0.1355,0.1520,0.0853
8.140,detect,-0.46028,0.29645,0.48431,-0.10087,0.61630,0.30608,-0.45869,0.30124,0.48345,-0.10426,0.61779,0.30235,-0.45869,0.30124,0.48345,-0.10426,0.61779,0.30235,0.0000,0.0000,-0.0000,0.0000,-0.0000,0.4356,0.0296,-0.0405,0.00,0.2458,-0.1355,0.1520,0.0853
8.160,detect,-0.46028,0.29645,0.48431,-0.10087,0.61630,0.30608,-0.45869,0.30124,0.48345,-0.10426,0.61779,0.30235,-0.45869,0.30124,0.48345,-0.10426,0.61779,0.30235,0.0000,0.0000,-0.0000,0.0000,-0.0000,0.4356,0.0296,-0.0405,0.00,0.2458,-0.1355,0.1520,0.0853
8.180,detect,-0.46028,0.29645,0.48431,-0.10087,0.61630,0.30608,-0.45869,0.30124,0.48345,-0.10426,0.61779,0.30235,-0.45869,0.30124,0.48345,-0.10426,0.61779,0.30235,0.0000,0.0000,-0.0000,0.0000,-0.0000,0.4356,0.0296,-0.0405,0.00,0.2458,-0.1355,0.1520,0.0853
8.200,detect,-0.46028,0.29645,0.48431,-0.10087,0.61630,0.30608,-0.45869,0.30124,0.48345,-0.10426,0.61779,0.30235,-0.45869,0.30124,0.48345,-0.10426,0.61779,0.30235,0.0000,0.0000,-0.0000,0.0000,-0.0000,0.4356,0.0296,-0.0405,0.00,0.2458,-0.1355,0.1520,0.0853
8.220,detect,-0.46028,0.29645,0.48431,-0.10087,0.61630,0.30608,-0.45869,0.30124,0.48345,-0.10426,0.61779,0.30235,-0.45869,0.30124,0.48345,-0.10426,0.61779,0.30235,0.0000,0.0000,-0.0000,0.0000,-0.0000,0.4356,0.0296,-0.0405,0.00,0.2458,-0.1355,0.1520,0.0853
8.240,detect,-0.46028,0.29645,0.48431,-0.10087,0.61630,0.30608,-0.45869,0.30124,0.48345,-0.10426,0.61779,0.30235,-0.45869,0.30124,0.48345,-0.10426,0.61779,0.30235,0.0000,0.0000,-0.0000,0.0000,-0.0000,0.4356,0.0296,-0.0405,0.00,0.2458,-0.1355,0.1520,0.0853
8.260,detect,-0.46028,0.29645,0.48431,-0.10087,0.61630,0.30608,-0.45869,0.30124,0.48345,-0.10426,0.61779,0.30235,-0.45869,0.30124,0.48345,-0.10426,0.61779,0.30235,0.0000,0.0000,-0.0000,0.0000,-0.0000,0.4356,0.0296,-0.0405,0.00,0.2458,-0.1355,0.1520,0.0853
8.280,detect,-0.46028,0.29645,0.48431,-0.10087,0.61630,0.30608,-0.45869,0.30124,0.48345,-0.10426,0.61779,0.30235,-0.45869,0.30124,0.48345,-0.10426,0.61779,0.30235,0.0000,0.0000,-0.0000,0.0000,-0.0000,0.4356,0.0296,-0.0405,0.00,0.2458,-0.1355,0.1520,0.0853
8.300,detect,-0.46028,0.29645,0.48431,-0.10087,0.61630,0.30608,-0.45869,0.30124,0.48345,-0.10426,0.61779,0.30235,-0.45869,0.30124,0.48345,-0.10426,0.61779,0.30235,0.0000,0.0000,-0.0000,0.0000,-0.0000,0.4356,0.0296,-0.0405,0.00,0.2458,-0.1355,0.1520,0.0853
8.320,detect,-0.46028,0.29645,0.48431,-0.10087,0.61630,0.30608,-0.45869,0.30124,0.48345,-0.10426,0.61779,0.30235,-0.45869,0.30124,0.48345,-0.10426,0.61779,0.30235,0.0000,0.0000,-0.0000,0.0000,-0.0000,0.4356,0.0296,-0.0405,0.00,0.2458,-0.1355,0.1520,0.0853
8.340,detect,-0.46028,0.29645,0.48431,-0.10087,0.61630,0.30608,-0.45869,0.30124,0.48345,-0.10426,0.61779,0.30235,-0.45869,0.30124,0.48345,-0.10426,0.61779,0.30235,0.0000,0.0000,-0.0000,0.0000,-0.0000,0.4356,0.0296,-0.0405,0.00,0.2458,-0.1355,0.1520,0.0853
8.360,detect,-0.46028,0.29645,0.48431,-0.10087,0.61630,0.30608,-0.45869,0.30124,0.48345,-0.10426,0.61779,0.30235,-0.45869,0.30124,0.48345,-0.10426,0.61779,0.30235,0.0000,0.0000,-0.0000,0.0000,-0.0000,0.4356,0.0296,-0.0405,0.00,0.2458,-0.1355,0.1520,0.0853
8.380,detect,-0.46028,0.29645,0.48431,-0.10087,0.61630,0.30608,-0.45869,0.30124,0.48345,-0.10426,0.61779,0.30235,-0.45869,0.30124,0.48345,-0.10426,0.61779,0.30235,0.0000,0.0000,-0.0000,0.0000,-0.0000,0.4356,0.0296,-0.0405,0.00,0.2458,-0.1355,0.1520,0.0853
8.400,detect,-0.46028,0.29645,0.48431,-0.10087,0.61630,0.30608,-0.45869,0.30124,0.48345,-0.10426,0.61779,0.30235,-0.45869,0.30124,0.48345,-0.10426,0.61779,0.30235,0.0000,0.0000,-0.0000,0.0000,-0.0000,0.4356,0.0296,-0.0405,0.00,0.2458,-0.1355,0.1520,0.0853
8.420,detect,-0.46028,0.29645,0.48431,-0.10087,0.61630,0.30608,-0.45869,0.30124,0.48345,-0.10426,0.61779,0.30235,-0.45869,0.30124,0.48345,-0.10426,0.61779,0.30235,0.0000,0.0000,-0.0000,0.0000,-0.0000,0.4356,0.0296,-0.0405,0.00,0.2458,-0.1355,0.1520,0.0853
8.440,detect,-0.46028,0.29645,0.48431,-0.10087,0.61630,0.30608,-0.45869,0.30124,0.48345,-0.10426,0.61779,0.30235,-0.45869,0.30124,0.48345,-0.10426,0.61779,0.30235,0.0000,0.0000,-0.0000,0.0000,-0.0000,0.4356,0.0296,-0.0405,0.00,0.2458,-0.1355,0.1520,0.0853
8.460,detect,-0.46028,0.29645,0.48431,-0.10087,0.61630,0.30608,-0.45869,0.30124,0.48345,-0.10426,0.61779,0.30235,-0.45869,0.30124,0.48345,-0.10426,0.61779,0.30235,0.0000,0.0000,-0.0000,0.0000,-0.0000,0.4356,0.0296,-0.0405,0.00,0.2458,-0.1355,0.1520,0.0853
8.480,detect,-0.46028,0.29645,0.48431,-0.10087,0.61630,0.30608,-0.45869,0.30124,0.48345,-0.10426,0.61779,0.30235,-0.45869,0.30124,0.48345,-0.10426,0.61779,0.30235,0.0000,0.0000,-0.0000,0.0000,-0.0000,0.4356,0.0296,-0.0405,0.00,0.2458,-0.1355,0.1520,0.0853
8.500,detect,-0.46028,0.29645,0.48431,-0.10087,0.61630,0.30608,-0.45869,0.30124,0.48345,-0.10426,0.61779,0.30235,-0.45869,0.30124,0.48345,-0.10426,0.61779,0.30235,0.0000,0.0000,-0.0000,0.0000,-0.0000,0.4356,0.0296,-0.0405,0.00,0.2458,-0.1355,0.1520,0.0853
8.520,detect,-0.46028,0.29645,0.48431,-0.10087,0.61630,0.30608,-0.45869,0.30124,0.48345,-0.10426,0.61779,0.30235,-0.45869,0.30124,0.48345,-0.10426,0.61779,0.30235,0.0000,0.0000,-0.0000,0.0000,-0.0000,0.4356,0.0296,-0.0405,0.00,0.2458,-0.1355,0.1520,0.0853
8.540,detect,-0.46028,0.29645,0.48431,-0.10087,0.61630,0.30608,-0.45869,0.30124,0.48345,-0.10426,0.61779,0.30235,-0.45869,0.30124,0.48345,-0.10426,0.61779,0.30235,0.0000,0.0000,-0.0000,0.0000,-0.0000,0.4356,0.0296,-0.0405,0.00,0.2458,-0.1355,0.1520,0.0853
8.560,detect,-0.46028,0.29645,0.48431,-0.10087,0.61630,0.30608,-0.45869,0.30124,0.48345,-0.10426,0.61779,0.30235,-0.45869,0.30124,0.48345,-0.10426,0.61779,0.30235,0.0000,0.0000,-0.0000,0.0000,-0.0000,0.4356,0.0296,-0.0405,0.00,0.2458,-0.1355,0.1520,0.0853
8.580,detect,-0.46028,0.29645,0.48431,-0.10087,0.61630,0.30608,-0.45869,0.30124,0.48345,-0.10426,0.61779,0.30235,-0.45869,0.30124,0.48345,-0.10426,0.61779,0.30235,0.0000,0.0000,-0.0000,0.0000,-0.0000,0.4356,0.0296,-0.0405,0.00,0.2458,-0.1355,0.1520,0.0853
8.600,detect,-0.46028,0.29645,0.48431,-0.10087,0.61630,0.30608,-0.45869,0.30124,0.48345,-0.10426,0.61779,0.30235,-0.45869,0.30124,0.48345,-0.10426,0.61779,0.30235,0.0000,0.0000,-0.0000,0.0000,-0.0000,0.4356,0.0296,-0.0405,0.00,0.2458,-0.1355,0.1520,0.0853
8.620,detect,-0.46028,0.29645,0.48431,-0.10087,0.61630,0.30608,-0.45869,0.30124,0.48345,-0.10426,0.61779,0.30235,-0.45869,0.30124,0.48345,-0.10426,0.61779,0.30235,0.0000,0.0000,-0.0000,0.0000,-0.0000,0.4356,0.0296,-0.0405,0.00,0.2458,-0.1355,0.1520,0.0853
8.640,detect,-0.46028,0.29645,0.48431,-0.10087,0.61630,0.30608,-0.45869,0.30124,0.48345,-0.10426,0.61779,0.30235,-0.45869,0.30124,0.48345,-0.10426,0.61779,0.30235,0.0000,0.0000,-0.0000,0.0000,-0.0000,0.4356,0.0296,-0.0405,0.00,0.2458,-0.1355,0.1520,0.0853
8.660,detect,-0.46028,0.29645,0.48431,-0.10087,0.61630,0.30608,-0.45869,0.30124,0.48345,-0.10426,0.61779,0.30235,-0.45869,0.30124,0.48345,-0.10426,0.61779,0.30235,0.0000,0.0000,-0.0000,0.0000,-0.0000,0.4356,0.0296,-0.0405,0.00,0.2458,-0.1355,0.1520,0.0853
8.680,detect,-0.46028,0.29645,0.48431,-0.10087,0.61630,0.30608,-0.45869,0.30124,0.48345,-0.10426,0.61779,0.30235,-0.45869,0.30124,0.48345,-0.10426,0.61779,0.30235,0.0000,0.0000,-0.0000,0.0000,-0.0000,0.4356,0.0296,-0.0405,0.00,0.2458,-0.1355,0.1520,0.0853
8.700,detect,-0.46028,0.29645,0.48431,-0.10087,0.61630,0.30608,-0.45869,0.30124,0.48345,-0.10426,0.61779,0.30235,-0.45869,0.30124,0.48345,-0.10426,0.61779,0.30235,0.0000,0.0000,-0.0000,0.0000,-0.0000,0.4356,0.0296,-0.0405,0.00,0.2458,-0.1355,0.1520,0.0853
8.720,detect,-0.46028,0.29645,0.48431,-0.10087,0.61630,0.30608,-0.45869,0.30124,0.48345,-0.10426,0.61779,0.30235,-0.45869,0.30124,0.48345,-0.10426,0.61779,0.30235,0.0000,0.0000,-0.0000,0.0000,-0.0000,0.4356,0.0296,-0.0405,0.00,0.2458,-0.1355,0.1520,0.0853
8.740,detect,-0.46028,0.29645,0.48431,-0.10087,0.61630,0.30608,-0.45869,0.30124,0.48345,-0.10426,0.61779,0.30235,-0.45869,0.30124,0.48345,-0.10426,0.61779,0.30235,0.0000,0.0000,-0.0000,0.0000,-0.0000,0.4356,0.0296,-0.0405,0.00,0.2458,-0.1355,0.1520,0.0853
8.760,detect,-0.46028,0.29645,0.48431,-0.10087,0.61630,0.30608,-0.45869,0.30124,0.48345,-0.10426,0.61779,0.30235,-0.45869,0.30124,0.48345,-0.10426,0.61779,0.30235,0.0000,0.0000,-0.0000,0.0000,-0.0000,0.4356,0.0296,-0.0405,0.00,0.2458,-0.1355,0.1520,0.0853
8.780,moving,-0.46028,0.29645,0.48431,-0.10087,0.61630,0.30608,-0.45869,0.30124,0.48345,-0.10426,0.61779,0.30235,-0.45869,0.30124,0.48345,-0.10426,0.61779,0.30235,0.0000,0.0000,-0.0000,0.0000,-0.0000,0.4356,0.0296,-0.0405,0.00,0.2458,-0.1355,0.1520,0.0853
8.800,moving,-0.10233,0.53450,0.18615,0.02053,0.69526,0.11773,-0.45869,0.30124,0.48345,-0.10426,0.61779,0.30235,-0.45658,0.30351,0.48120,-0.10199,0.62009,0.30006,0.0000,0.0000,-0.0000,0.0000,-0.0000,0.4356,0.0296,-0.0405,0.00,0.2463,-0.1349,0.1517,0.0852
8.820,moving,-0.10233,0.53450,0.18615,0.02053,0.69526,0.11773,-0.45869,0.30124,0.48345,-0.10426,0.61779,0.30235,-0.44829,0.31199,0.47275,-0.09353,0.62858,0.29156,0.0000,0.0000,-0.0000,0.0000,-0.0000,0.4357,0.0296,-0.0405,0.00,0.2483,-0.1323,0.1507,0.0852
8.840,moving,-0.10233,0.53450,0.18615,0.02053,0.69526,0.11773,-0.45869,0.30124,0.48345,-0.10426,0.61779,0.30235,-0.43378,0.32667,0.45808,-0.07882,0.64327,0.27689,0.0000,0.0000,-0.0000,0.0000,-0.0000,0.4358,0.0296,-0.0405,0.00,0.2516,-0.1278,0.1490,0.0852
8.860,moving,-0.10233,0.53450,0.18615,0.02053,0.69526,0.11773,-0.45869,0.30124,0.48345,-0.10426,0.61779,0.30235,-0.41305,0.34757,0.43720,-0.05789,0.66372,0.25604,0.0000,0.0000,-0.0000,0.0000,-0.0000,0.4359,0.0296,-0.0405,0.00,0.2564,-0.1211,0.1466,0.0852
8.880,moving,-0.10233,0.53450,0.18615,0.02053,0.69526,0.11773,-0.45869,0.30124,0.48345,-0.10426,0.61779,0.30235,-0.38810,0.37312,0.41263,-0.03429,0.68096,0.23119,0.0000,0.0000,-0.0000,0.0000,-0.0000,0.4361,0.0295,-0.0405,0.00,0.2630,-0.1133,0.1435,0.0852
8.900,moving,-0.10233,0.53450,0.18615,0.02053,0.69526,0.11773,-0.45869,0.30124,0.48345,-0.10426,0.61779,0.30235,-0.37553,0.38816,0.40306,-0.02562,0.68666,0.22253,0.0000,0.0000,-0.0000,0.0000,-0.0000,0.4360,0.0296,-0.0404,0.00,0.2657,-0.1094,0.1409,0.0853
8.920,moving,-0.10233,0.53450,0.18615,0.02053,0.69526,0.11773,-0.37553,0.38816,0.40306,-0.02562,0.68666,0.22253,-0.36787,0.39570,0.39487,-0.01692,0.69378,0.21421,0.0000,0.0000,-0.0000,0.0000,-0.0000,0.4358,0.0296,-0.0405,0.00,0.2676,-0.1067,0.1401,0.0853
8.940,moving,-0.10233,0.53450,0.18615,0.02053,0.69526,0.11773,-0.37553,0.38816,0.40306,-0.02562,0.68666,0.22253,-0.35393,0.40945,0.38048,-0.00223,0.69662,0.19964,0.0000,0.0000,-0.0000,0.0000,-0.0000,0.4357,0.0296,-0.0404,0.00,0.2725,-0.1023,0.1387,0.0853
8.960,moving,-0.10233,0.53450,0.18615,0.02053,0.69526,0.11773,-0.37553,0.38816,0.40306,-0.02562,0.68666,0.22253,-0.33353,0.42960,0.35966,0.01021,0.69670,0.17880,0.0000,0.0000,-0.0000,0.0000,-0.0000,0.4356,0.0295,-0.0405,0.00,0.2799,-0.0970,0.1366,0.0853
8.980,moving,-0.10233,0.53450,0.18615,0.02053,0.69526,0.11773,-0.37553,0.38816,0.40306,-0.02562,0.68666,0.22253,-0.30891,0.45454,0.33499,0.01637,0.69670,0.15433,0.0000,0.0000,-0.0000,0.0000,-0.0000,0.4356,0.0295,-0.0404,0.00,0.2882,-0.0912,0.1337,0.0853
9.000,moving,-0.10233,0.53450,0.18615,0.02053,0.69526,0.11773,-0.37553,0.38816,0.40306,-0.02562,0.68666,0.22253,-0.29712,0.46981,0.32458,0.01764,0.69678,0.14647,0.0000,0.0000,-0.0000,0.0000,-0.0000,0.4355,0.0297,-0.0403,0.00,0.2914,-0.0883,0.1310,0.0854
9.020,moving,-0.10233,0.53450,0.18615,0.02053,0.69526,0.11773,-0.37553,0.38816,0.40306,-0.02562,0.68666,0.22253,-0.28959,0.47699,0.31682,0.01777,0.69682,0.13816,0.0000,0.0000,-0.0000,0.0000,-0.0000,0.4353,0.0297,-0.0403,0.00,0.2939,-0.0866,0.1302,0.0854
9.040,moving,-0.10233,0.53450,0.18615,0.02053,0.69526,0.11773,-0.28959,0.47699,0.31682,0.01777,0.69682,0.13816,-0.27575,0.49025,0.30244,0.01789,0.69680,0.12535,0.0000,0.0000,-0.0000,0.0000,-0.0000,0.4353,0.0296,-0.0403,0.00,0.2984,-0.0835,0.1287,0.0854
9.060,moving,-0.10233,0.53450,0.18615,0.02053,0.69526,0.11773,-0.28959,0.47699,0.31682,0.01777,0.69682,0.13816,-0.25552,0.50974,0.28172,0.01797,0.69682,0.11746,0.0000,0.0000,-0.0000,0.0000,-0.0000,0.4353,0.0295,-0.0404,0.00,0.3048,-0.0787,0.1264,0.0854
9.080,moving,-0.10233,0.53450,0.18615,0.02053,0.69526,0.11773,-0.28959,0.47699,0.31682,0.01777,0.69682,0.13816,-0.23099,0.52693,0.25719,0.01806,0.69684,0.11526,0.0000,0.0000,-0.0000,0.0000,-0.0000,0.4354,0.0293,-0.0404,0.00,0.3127,-0.0726,0.1255,0.0854
9.100,moving,-0.10233,0.53450,0.18615,0.02053,0.69526,0.11773,-0.28959,0.47699,0.31682,0.01777,0.69682,0.13816,-0.21898,0.53266,0.24674,0.01823,0.69691,0.11516,0.0000,0.0000,-0.0000,0.0000,-0.0000,0.4354,0.0296,-0.0403,0.00,0.3162,-0.0694,0.1256,0.0855
9.120,moving,-0.10233,0.53450,0.18615,0.02053,0.69526,0.11773,-0.28959,0.47699,0.31682,0.01777,0.69682,0.13816,-0.21161,0.53941,0.23881,0.01837,0.69691,0.11541,0.0000,0.0000,-0.0000,0.0000,-0.0000,0.4353,0.0298,-0.0403,0.00,0.3186,-0.0675,0.1249,0.0854
9.140,moving,-0.10233,0.53450,0.18615,0.02053,0.69526,0.11773,-0.28959,0.47699,0.31682,0.01777,0.69682,0.13816,-0.19778,0.54264,0.22460,0.01845,0.69695,0.11557,0.0000,0.0000,-0.0000,0.0000,-0.0000,0.4354,0.0297,-0.0402,0.00,0.3234,-0.0638,0.1265,0.0855
9.160,moving,-0.10233,0.53450,0.18615,0.02053,0.69526,0.11773,-0.19778,0.54264,0.22460,0.01845,0.69695,0.11557,-0.17763,0.54235,0.20588,0.01852,0.69696,0.11570,0.0000,0.0000,-0.0000,0.0000,-0.0000,0.4354,0.0294,-0.0404,0.00,0.3300,-0.0583,0.1302,0.0854
9.180,moving,-0.10233,0.53450,0.18615,0.02053,0.69526,0.11773,-0.19778,0.54264,0.22460,0.01845,0.69695,0.11557,-0.15322,0.54181,0.19236,0.01860,0.69695,0.11578,0.0000,0.0000,-0.0000,0.0000,-0.0000,0.4354,0.0293,-0.0404,0.00,0.3352,-0.0508,0.1331,0.0854
9.200,moving,-0.10233,0.53450,0.18615,0.02053,0.69526,0.11773,-0.19778,0.54264,0.22460,0.01845,0.69695,0.11557,-0.14112,0.54138,0.18761,0.01874,0.69699,0.11571,0.0000,0.0000,-0.0000,0.0000,-0.0000,0.4354,0.0298,-0.0403,0.00,0.3372,-0.0469,0.1342,0.0854
9.220,moving,-0.10233,0.53450,0.18615,0.02053,0.69526,0.11773,-0.19778,0.54264,0.22460,0.01845,0.69695,0.11557,-0.13381,0.54104,0.18397,0.01892,0.69698,0.11599,0.0000,0.0000,-0.0000,0.0000,-0.0000,0.4354,0.0301,-0.0402,0.00,0.3386,-0.0446,0.1351,0.0854
9.240,moving,-0.10233,0.53450,0.18615,0.02053,0.69526,0.11773,-0.19778,0.54264,0.22460,0.01845,0.69695,0.11557,-0.12008,0.54081,0.18387,0.01904,0.69697,0.11619,0.0000,0.0000,-0.0000,0.0000,-0.0000,0.4355,0.0299,-0.0402,0.00,0.3392,-0.0399,0.1352,0.0854
9.260,moving,-0.10233,0.53450,0.18615,0.02053,0.69526,0.11773,-0.19778,0.54264,0.22460,0.01845,0.69695,0.11557,-0.10728,0.54066,0.18403,0.01914,0.69699,0.11624,0.0000,0.0000,-0.0000,0.0000,-0.0000,0.4355,0.0298,-0.0403,0.00,0.3396,-0.0355,0.1352,0.0854
9.280,moving,-0.10233,0.53450,0.18615,0.02053,0.69526,0.11773,-0.10728,0.54066,0.18403,0.01914,0.69699,0.11624,-0.10079,0.54052,0.18418,0.01925,0.69700,0.11631,0.0000,0.0000,-0.0000,0.0000,-0.0000,0.4355,0.0299,-0.0402,0.00,0.3398,-0.0333,0.1352,0.0854
9.300,moving,-0.10233,0.53450,0.18615,0.02053,0.69526,0.11773,-0.10728,0.54066,0.18403,0.01914,0.69699,0.11624,-0.09965,0.54042,0.18429,0.01936,0.69701,0.11641,0.0000,0.0000,-0.0000,0.0000,-0.0000,0.4355,0.0300,-0.0402,0.00,0.3398,-0.0329,0.1352,0.0854
9.320,moving,-0.10233,0.53450,0.18615,0.02053,0.69526,0.11773,-0.10728,0.54066,0.18403,0.01914,0.69699,0.11624,-0.10006,0.54032,0.18439,0.01944,0.69701,0.11651,0.0000,0.0000,-0.0000,0.0000,-0.0000,0.4356,0.0300,-0.0402,0.00,0.3398,-0.0330,0.1352,0.0854
9.340,moving,-0.10233,0.53450,0.18615,0.02053,0.69526,0.11773,-0.10728,0.54066,0.18403,0.01914,0.69699,0.11624,-0.10040,0.54025,0.18447,0.01949,0.69701,0.11659,0.0000,0.0000,-0.0000,0.0000,-0.0000,0.4356,0.0299,-0.0402,0.00,0.3398,-0.0331,0.1352,0.0854
9.360,moving,-0.10233,0.53450,0.18615,0.02053,0.69526,0.11773,-0.10728,0.54066,0.18403,0.01914,0.69699,0.11624,-0.10070,0.54019,0.18454,0.01952,0.69701,0.11664,0.0000,0.0000,-0.0000,0.0000,-0.0000,0.4356,0.0298,-0.0403,0.00,0.3397,-0.0332,0.1352,0.0854
9.380,moving,-0.10233,0.53450,0.18615,0.02053,0.69526,0.11773,-0.10728,0.54066,0.18403,0.01914,0.69699,0.11624,-0.10094,0.54014,0.18459,0.01955,0.69701,0.11668,0.0000,0.0000,-0.0000,0.0000,-0.0000,0.4356,0.0297,-0.0403,0.00,0.3397,-0.0333,0.1352,0.0854
9.400,moving,-0.10233,0.53450,0.18615,0.02053,0.69526,0.11773,-0.10094,0.54014,0.18459,0.01955,0.69701,0.11668,-0.10114,0.54010,0.18463,0.01956,0.69701,0.11671,0.0000,0.0000,-0.0000,0.0000,-0.0000,0.4356,0.0297,-0.0403,0.00,0.3397,-0.0334,0.1352,0.0854
9.420,moving,-0.10233,0.53450,0.18615,0.02053,0.69526,0.11773,-0.10094,0.54014,0.18459,0.01955,0.69701,0.11668,-0.10130,0.54007,0.18467,0.01958,0.69701,0.11673,0.0000,0.0000,-0.0000,0.0000,-0.0000,0.4356,0.0297,-0.0403,0.00,0.3397,-0.0334,0.1352,0.0854
9.440,moving,-0.10233,0.53450,0.18615,0.02053,0.69526,0.11773,-0.10094,0.54014,0.18459,0.01955,0.69701,0.11668,-0.10142,0.54005,0.18470,0.01960,0.69701,0.11676,0.0000,0.0000,-0.0000,0.0000,-0.0000,0.4356,0.0298,-0.0403,0.00,0.3397,-0.0335,0.1352,0.0854
9.460,moving,-0.10233,0.53450,0.18615,0.02053,0.69526,0.11773,-0.10094,0.54014,0.18459,0.01955,0.69701,0.11668,-0.10153,0.54003,0.18472,0.01962,0.69701,0.11678,0.0000,0.0000,-0.0000,0.0000,-0.0000,0.4356,0.0298,-0.0403,0.00,0.3397,-0.0335,0.1353,0.0854
9.480,moving,-0.10233,0.53450,0.18615,0.02053,0.69526,0.11773,-0.10094,0.54014,0.18459,0.01955,0.69701,0.11668,-0.10161,0.54001,0.18474,0.01963,0.69701,0.11680,0.0000,0.0000,-0.0000,0.0000,-0.0000,0.4356,0.0298,-0.0403,0.00,0.3397,-0.0335,0.1353,0.0854
9.500,moving,-0.10233,0.53450,0.18615,0.02053,0.69526,0.11773,-0.10094,0.54014,0.18459,0.01955,0.69701,0.11668,-0.10168,0.53999,0.18475,0.01964,0.69701,0.11681,0.0000,0.0000,-0.0000,0.0000,-0.0000,0.4355,0.0298,-0.0403,0.00,0.3397,-0.0336,0.1353,0.0854
9.520,moving,-0.10233,0.53450,0.18615,0.02053,0.69526,0.11773,-0.10168,0.53999,0.18475,0.01964,0.69701,0.11681,-0.10174,0.53998,0.18476,0.01965,0.69701,0.11683,0.0000,0.0000,-0.0000,0.0000,-0.0000,0.4355,0.0298,-0.0403,0.00,0.3397,-0.0336,0.1353,0.0854
9.540,moving,-0.10233,0.53450,0.18615,0.02053,0.69526,0.11773,-0.10168,0.53999,0.18475,0.01964,0.69701,0.11681,-0.10178,0.53998,0.18477,0.01965,0.69701,0.11683,0.0000,0.0000,-0.0000,0.0000,-0.0000,0.4355,0.0298,-0.0403,0.00,0.3397,-0.0336,0.1353,0.0854
9.560,moving,-0.10233,0.53450,0.18615,0.02053,0.69526,0.11773,-0.10168,0.53999,0.18475,0.01964,0.69701,0.11681,-0.10182,0.53997,0.18478,0.01966,0.69701,0.11684,0.0000,0.0000,-0.0000,0.0000,-0.0000,0.4355,0.0298,-0.0403,0.00,0.3397,-0.0336,0.1353,0.0854
9.580,moving,-0.10233,0.53450,0.18615,0.02053,0.69526,0.11773,-0.10168,0.53999,0.18475,0.01964,0.69701,0.11681,-0.10185,0.53996,0.18478,0.01966,0.69701,0.11685,0.0000,0.0000,-0.0000,0.0000,-0.0000,0.4355,0.0298,-0.0403,0.00,0.3397,-0.0336,0.1353,0.0854
9.600,moving,-0.10233,0.53450,0.18615,0.02053,0.69526,0.11773,-0.10168,0.53999,0.18475,0.01964,0.69701,0.11681,-0.10188,0.53996,0.18479,0.01966,0.69701,0.11685,0.0000,0.0000,-0.0000,0.0000,-0.0000,0.4355,0.0298,-0.0403,0.00,0.3397,-0.0336,0.1353,0.0854
9.620,moving,-0.10233,0.53450,0.18615,0.02053,0.69526,0.11773,-0.10168,0.53999,0.18475,0.01964,0.69701,0.11681,-0.10190,0.53995,0.18479,0.01966,0.69701,0.11685,0.0000,0.0000,-0.0000,0.0000,-0.0000,0.4355,0.0298,-0.0403,0.00,0.3397,-0.0336,0.1353,0.0854
9.640,moving,-0.10233,0.53450,0.18615,0.02053,0.69526,0.11773,-0.10190,0.53995,0.18479,0.01966,0.69701,0.11685,-0.10192,0.53995,0.18480,0.01967,0.69701,0.11685,0.0000,0.0000,-0.0000,0.0000,-0.0000,0.4356,0.0298,-0.0403,0.00,0.3396,-0.0336,0.1353,0.0854
9.660,moving,-0.10233,0.53450,0.18615,0.02053,0.69526,0.11773,-0.10190,0.53995,0.18479,0.01966,0.69701,0.11685,-0.10193,0.53994,0.18480,0.01967,0.69701,0.11685,0.0000,0.0000,-0.0000,0.0000,-0.0000,0.4356,0.0298,-0.0403,0.00,0.3396,-0.0336,0.1353,0.0854
9.680,moving,-0.10233,0.53450,0.18615,0.02053,0.69526,0.11773,-0.10190,0.53995,0.18479,0.01966,0.69701,0.11685,-0.10194,0.53994,0.18481,0.01967,0.69701,0.11686,0.0000,0.0000,-0.0000,0.0000,-0.0000,0.4356,0.0298,-0.0403,0.00,0.3396,-0.0336,0.1353,0.0854
9.700,moving,-0.10233,0.53450,0.18615,0.02053,0.69526,0.11773,-0.10190,0.53995,0.18479,0.01966,0.69701,0.11685,-0.10195,0.53994,0.18481,0.01967,0.69701,0.11686,0.0000,0.0000,-0.0000,0.0000,-0.0000,0.4356,0.0298,-0.0403,0.00,0.3396,-0.0336,0.1353,0.0854
9.720,moving,-0.10233,0.53450,0.18615,0.02053,0.69526,0.11773,-0.10190,0.53995,0.18479,0.01966,0.69701,0.11685,-0.10196,0.53994,0.18481,0.01967,0.69701,0.11686,0.0000,0.0000,-0.0000,0.0000,-0.0000,0.4356,0.0298,-0.0403,0.00,0.3396,-0.0336,0.1353,0.0854
9.740,detect,-0.10233,0.53450,0.18615,0.02053,0.69526,0.11773,-0.10190,0.53995,0.18479,0.01966,0.69701,0.11685,-0.10196,0.53994,0.18481,0.01967,0.69701,0.11686,0.0000,0.0000,-0.0000,0.0000,-0.0000,0.4356,0.0298,-0.0403,0.00,0.3396,-0.0336,0.1353,0.0854
9.760,detect,-0.10233,0.53450,0.18615,0.02053,0.69526,0.11773,-0.10196,0.53994,0.18481,0.01967,0.69701,0.11686,-0.10197,0.53993,0.18481,0.01967,0.69701,0.11686,0.0000,0.0000,-0.0000,0.0000,-0.0000,0.4356,0.0298,-0.0403,0.00,0.3396,-0.0336,0.1353,0.0854
9.780,detect,-0.10233,0.53450,0.18615,0.02053,0.69526,0.11773,-0.10196,0.53994,0.18481,0.01967,0.69701,0.11686,-0.10197,0.53993,0.18482,0.01967,0.69700,0.11686,0.0000,0.0000,-0.0000,0.0000,-0.0000,0.4356,0.0298,-0.0403,0.00,0.3396,-0.0336,0.1353,0.0854
9.800,detect,-0.10233,0.53450,0.18615,0.02053,0.69526,0.11773,-0.10196,0.53994,0.18481,0.01967,0.69701,0.11686,-0.10198,0.53993,0.18482,0.01967,0.69701,0.11686,0.0000,0.0000,-0.0000,0.0000,-0.0000,0.4356,0.0298,-0.0403,0.00,0.3396,-0.0336,0.1353,0.0854
9.820,detect,-0.10233,0.53450,0.18615,0.02053,0.69526,0.11773,-0.10196,0.53994,0.18481,0.01967,0.69701,0.11686,-0.10198,0.53993,0.18482,0.01967,0.69701,0.11686,0.0000,0.0000,-0.0000,0.0000,-0.0000,0.4356,0.0298,-0.0403,0.00,0.3396,-0.0336,0.1353,0.0854
9.840,detect,-0.10233,0.53450,0.18615,0.02053,0.69526,0.11773,-0.10196,0.53994,0.18481,0.01967,0.69701,0.11686,-0.10198,0.53993,0.18482,0.01967,0.69701,0.11686,0.0000,0.0000,-0.0000,0.0000,-0.0000,0.4356,0.0298,-0.0403,0.00,0.3396,-0.0337,0.1353,0.0854
9.860,detect,-0.10233,0.53450,0.18615,0.02053,0.69526,0.11773,-0.10196,0.53994,0.18481,0.01967,0.69701,0.11686,-0.10198,0.53993,0.18482,0.01967,0.69701,0.11686,0.0000,0.0000,-0.0000,0.0000,-0.0000,0.4356,0.0298,-0.0403,0.00,0.3396,-0.0337,0.1353,0.0854
9.880,detect,-0.10233,0.53450,0.18615,0.02053,0.69526,0.11773,-0.10198,0.53993,0.18482,0.01967,0.69701,0.11686,-0.10199,0.53993,0.18482,0.01967,0.69701,0.11686,0.0000,0.0000,-0.0000,0.0000,-0.0000,0.4356,0.0298,-0.0403,0.00,0.3396,-0.0337,0.1353,0.0854
9.900,detect,-0.10233,0.53450,0.18615,0.02053,0.69526,0.11773,-0.10198,0.53993,0.18482,0.01967,0.69701,0.11686,-0.10199,0.53993,0.18482,0.01967,0.69701,0.11686,0.0000,0.0000,-0.0000,0.0000,-0.0000,0.4356,0.0298,-0.0403,0.00,0.3396,-0.0337,0.1353,0.0854
9.920,detect,-0.10233,0.53450,0.18615,0.02053,0.69526,0.11773,-0.10198,0.53993,0.18482,0.01967,0.69701,0.11686,-0.10199,0.53993,0.18482,0.01967,0.69701,0.11686,0.0000,0.0000,-0.0000,0.0000,-0.0000,0.4356,0.0298,-0.0403,0.00,0.3396,-0.0337,0.1353,0.0854
9.940,detect,-0.10233,0.53450,0.18615,0.02053,0.69526,0.11773,-0.10198,0.53993,0.18482,0.01967,0.69701,0.11686,-0.10199,0.53993,0.18482,0.01967,0.69701,0.11686,0.0000,0.0000,-0.0000,0.0000,-0.0000,0.4356,0.0298,-0.0403,0.00,0.3396,-0.0337,0.1353,0.0854
9.960,detect,-0.10233,0.53450,0.18615,0.02053,0.69526,0.11773,-0.10198,0.53993,0.18482,0.01967,0.69701,0.11686,-0.10199,0.53993,0.18482,0.01967,0.69701,0.11687,0.0000,0.0000,-0.0000,0.0000,-0.0000,0.4356,0.0298,-0.0403,0.00,0.3396,-0.0337,0.1353,0.0854
9.980,detect,-0.10233,0.53450,0.18615,0.02053,0.69526,0.11773,-0.10198,0.53993,0.18482,0.01967,0.69701,0.11686,-0.10199,0.53993,0.18482,0.01967,0.69701,0.11687,0.0000,0.0000,-0.0000,0.0000,-0.0000,0.4356,0.0298,-0.0403,0.00,0.3396,-0.0337,0.1353,0.0854
10.000,detect,-0.10233,0.53450,0.18615,0.02053,0.69526,0.11773,-0.10199,0.53993,0.18482,0.01967,0.69701,0.11687,-0.10199,0.53993,0.18482,0.01967,0.69701,0.11687,0.0000,0.0000,-0.0000,0.0000,-0.0000,0.4356,0.0298,-0.0403,0.00,0.3396,-0.0337,0.1353,0.0854
10.020,detect,-0.10233,0.53450,0.18615,0.02053,0.69526,0.11773,-0.10199,0.53993,0.18482,0.01967,0.69701,0.11687,-0.10199,0.53993,0.18482,0.01967,0.69701,0.11687,0.0000,0.0000,-0.0000,0.0000,-0.0000,0.4356,0.0298,-0.0403,0.00,0.3396,-0.0337,0.1353,0.0854
10.040,detect,-0.10233,0.53450,0.18615,0.02053,0.69526,0.11773,-0.10199,0.53993,0.18482,0.01967,0.69701,0.11687,-0.10199,0.53993,0.18482,0.01967,0.69701,0.11687,0.0000,0.0000,-0.0000,0.0000,-0.0000,0.4356,0.0298,-0.0403,0.00,0.3396,-0.0337,0.1353,0.0854
10.060,detect,-0.10233,0.53450,0.18615,0.02053,0.69526,0.11773,-0.10199,0.53993,0.18482,0.01967,0.69701,0.11687,-0.10199,0.53993,0.18482,0.01967,0.69701,0.11687,0.0000,0.0000,-0.0000,0.0000,-0.0000,0.4356,0.0298,-0.0403,0.00,0.3396,-0.0337,0.1353,0.0854
10.080,detect,-0.10233,0.53450,0.18615,0.02053,0.69526,0.11773,-0.10199,0.53993,0.18482,0.01967,0.69701,0.11687,-0.10199,0.53993,0.18482,0.01967,0.69701,0.11687,0.0000,0.0000,-0.0000,0.0000,-0.0000,0.4356,0.0298,-0.0403,0.00,0.3396,-0.0337,0.1353,0.0854
10.100,detect,-0.10233,0.53450,0.18615,0.02053,0.69526,0.11773,-0.10199,0.53993,0.18482,0.01967,0.69701,0.11687,-0.10199,0.53993,0.18482,0.01967,0.69701,0.11687,0.0000,0.0000,-0.0000,0.0000,-0.0000,0.4356,0.0298,-0.0403,0.00,0.3396,-0.0337,0.1353,0.0854
10.120,detect,-0.10233,0.53450,0.18615,0.02053,0.69526,0.11773,-0.10199,0.53993,0.18482,0.01967,0.69701,0.11687,-0.10199,0.53993,0.18482,0.01967,0.69701,0.11687,0.0000,0.0000,-0.0000,0.0000,-0.0000,0.4356,0.0298,-0.0403,0.00,0.3396,-0.0337,0.1353,0.0854
10.140,detect,-0.10233,0.53450,0.18615,0.02053,0.69526,0.11773,-0.10199,0.53993,0.18482,0.01967,0.69701,0.11687,-0.10199,0.53993,0.18482,0.01967,0.69701,0.11687,0.0000,0.0000,-0.0000,0.0000,-0.0000,0.4356,0.0298,-0.0403,0.00,0.3396,-0.0337,0.1353,0.0854
10.160,detect,-0.10233,0.53450,0.18615,0.02053,0.69526,0.11773,-0.10199,0.53993,0.18482,0.01967,0.69701,0.11687,-0.10199,0.53993,0.18482,0.01967,0.69701,0.11687,0.0000,0.0000,-0.0000,0.0000,-0.0000,0.4356,0.0298,-0.0403,0.00,0.3396,-0.0337,0.1353,0.0854
10.180,detect,-0.10233,0.53450,0.18615,0.02053,0.69526,0.11773,-0.10199,0.53993,0.18482,0.01967,0.69701,0.11687,-0.10199,0.53993,0.18482,0.01967,0.69701,0.11687,0.0000,0.0000,-0.0000,0.0000,-0.0000,0.4356,0.0298,-0.0403,0.00,0.3396,-0.0337,0.1353,0.0854
10.200,detect,-0.10233,0.53450,0.18615,0.02053,0.69526,0.11773,-0.10199,0.53993,0.18482,0.01967,0.69701,0.11687,-0.10199,0.53993,0.18482,0.01967,0.69701,0.11687,0.0000,0.0000,-0.0000,0.0000,-0.0000,0.4356,0.0298,-0.0403,0.00,0.3396,-0.0337,0.1353,0.0854
10.220,detect,-0.10233,0.53450,0.18615,0.02053,0.69526,0.11773,-0.10199,0.53993,0.18482,0.01967,0.69701,0.11687,-0.10199,0.53993,0.18482,0.01967,0.69701,0.11687,0.0000,0.0000,-0.0000,0.0000,-0.0000,0.4356,0.0298,-0.0403,0.00,0.3396,-0.0337,0.1353,0.0854
10.240,detect,-0.10233,0.53450,0.18615,0.02053,0.69526,0.11773,-0.10199,0.53993,0.18482,0.01967,0.69701,0.11687,-0.10199,0.53993,0.18482,0.01967,0.69701,0.11687,0.0000,0.0000,-0.0000,0.0000,-0.0000,0.4356,0.0298,-0.0403,0.00,0.3396,-0.0337,0.1353,0.0854
10.260,detect,-0.10233,0.53450,0.18615,0.02053,0.69526,0.11773,-0.10199,0.53993,0.18482,0.01967,0.69701,0.11687,-0.10199,0.53993,0.18482,0.01967,0.69701,0.11687,0.0000,0.0000,-0.0000,0.0000,-0.0000,0.4356,0.0298,-0.0403,0.00,0.3396,-0.0337,0.1353,0.0854
10.280,detect,-0.10233,0.53450,0.18615,0.02053,0.69526,0.11773,-0.10199,0.53993,0.18482,0.01967,0.69701,0.11687,-0.10199,0.53993,0.18482,0.01967,0.69701,0.11687,0.0000,0.0000,-0.0000,0.0000,-0.0000,0.4356,0.0298,-0.0403,0.00,0.3396,-0.0337,0.1353,0.0854
10.300,detect,-0.10233,0.53450,0.18615,0.02053,0.69526,0.11773,-0.10199,0.53993,0.18482,0.01967,0.69701,0.11687,-0.10199,0.53993,0.18482,0.01967,0.69701,0.11687,0.0000,0.0000,-0.0000,0.0000,-0.0000,0.4356,0.0298,-0.0403,0.00,0.3396,-0.0337,0.1353,0.0854
10.320,detect,-0.10233,0.53450,0.18615,0.02053,0.69526,0.11773,-0.10199,0.53993,0.18482,0.01967,0.69701,0.11687,-0.10199,0.53993,0.18482,0.01967,0.69701,0.11687,0.0000,0.0000,-0.0000,0.0000,-0.0000,0.4356,0.0298,-0.0403,0.00,0.3396,-0.0337,0.1353,0.0854
10.340,detect,-0.10233,0.53450,0.18615,0.02053,0.69526,0.11773,-0.10199,0.53993,0.18482,0.01967,0.69701,0.11687,-0.10199,0.53993,0.18482,0.01967,0.69701,0.11687,0.0000,0.0000,-0.0000,0.0000,-0.0000,0.4356,0.0298,-0.0403,0.00,0.3396,-0.0337,0.1353,0.0854
10.360,detect,-0.10233,0.53450,0.18615,0.02053,0.69526,0.11773,-0.10199,0.53993,0.18482,0.01967,0.69701,0.11687,-0.10199,0.53993,0.18482,0.01967,0.69701,0.11687,0.0000,0.0000,-0.0000,0.0000,-0.0000,0.4356,0.0298,-0.0403,0.00,0.3396,-0.0337,0.1353,0.0854
10.380,detect,-0.10233,0.53450,0.18615,0.02053,0.69526,0.11773,-0.10199,0.53993,0.18482,0.01967,0.69701,0.11687,-0.10199,0.53993,0.18482,0.01967,0.69701,0.11687,0.0000,0.0000,-0.0000,0.0000,-0.0000,0.4356,0.0298,-0.0403,0.00,0.3396,-0.0337,0.1353,0.0854
10.400,detect,-0.10233,0.53450,0.18615,0.02053,0.69526,0.11773,-0.10199,0.53993,0.18482,0.01967,0.69701,0.11687,-0.10199,0.53993,0.18482,0.01967,0.69701,0.11687,0.0000,0.0000,-0.0000,0.0000,-0.0000,0.4356,0.0298,-0.0403,0.00,0.3396,-0.0337,0.1353,0.0854
10.420,detect,-0.10233,0.53450,0.18615,0.02053,0.69526,0.11773,-0.10199,0.53993,0.18482,0.01967,0.69701,0.11687,-0.10199,0.53993,0.18482,0.01967,0.69701,0.11687,0.0000,0.0000,-0.0000,0.0000,-0.0000,0.4356,0.0298,-0.0403,0.00,0.3396,-0.0337,0.1353,0.0854
10.440,detect,-0.10233,0.53450,0.18615,0.02053,0.69526,0.11773,-0.10199,0.53993,0.18482,0.01967,0.69701,0.11687,-0.10199,0.53993,0.18482,0.01967,0.69701,0.11687,0.0000,0.0000,-0.0000,0.0000,-0.0000,0.4356,0.0298,-0.0403,0.00,0.3396,-0.0337,0.1353,0.0854
10.460,detect,-0.10233,0.53450,0.18615,0.02053,0.69526,0.11773,-0.10199,0.53993,0.18482,0.01967,0.69701,0.11687,-0.10199,0.53993,0.18482,0.01967,0.69701,0.11687,0.0000,0.0000,-0.0000,0.0000,-0.0000,0.4356,0.0298,-0.0403,0.00,0.3396,-0.0337,0.1353,0.0854
10.480,detect,-0.10233,0.53450,0.18615,0.02053,0.69526,0.11773,-0.10199,0.53993,0.18482,0.01967,0.69701,0.11687,-0.10199,0.53993,0.18482,0.01967,0.69701,0.11687,0.0000,0.0000,-0.0000,0.0000,-0.0000,0.4356,0.0298,-0.0403,0.00,0.3396,-0.0337,0.1353,0.0854
10.500,detect,-0.10233,0.53450,0.18615,0.02053,0.69526,0.11773,-0.10199,0.53993,0.18482,0.01967,0.69701,0.11687,-0.10199,0.53993,0.18482,0.01967,0.69701,0.11687,0.0000,0.0000,-0.0000,0.0000,-0.0000,0.4356,0.0298,-0.0403,0.00,0.3396,-0.0337,0.1353,0.0854
10.520,detect,-0.10233,0.53450,0.18615,0.02053,0.69526,0.11773,-0.10199,0.53993,0.18482,0.01967,0.69701,0.11687,-0.10199,0.53993,0.18482,0.01967,0.69701,0.11687,0.0000,0.0000,-0.0000,0.0000,-0.0000,0.4356,0.0298,-0.0403,0.00,0.3396,-0.0337,0.1353,0.0854
10.540,detect,-0.10233,0.53450,0.18615,0.02053,0.69526,0.11773,-0.10199,0.53993,0.18482,0.01967,0.69701,0.11687,-0.10199,0.53993,0.18482,0.01967,0.69701,0.11687,0.0000,0.0000,-0.0000,0.0000,-0.0000,0.4356,0.0298,-0.0403,0.00,0.3396,-0.0337,0.1353,0.0854
10.560,detect,-0.10233,0.53450,0.18615,0.02053,0.69526,0.11773,-0.10199,0.53993,0.18482,0.01967,0.69701,0.11687,-0.10199,0.53993,0.18482,0.01967,0.69701,0.11687,0.0000,0.0000,-0.0000,0.0000,-0.0000,0.4356,0.0298,-0.0403,0.00,0.3396,-0.0337,0.1353,0.0854
10.580,detect,-0.10233,0.53450,0.18615,0.02053,0.69526,0.11773,-0.10199,0.53993,0.18482,0.01967,0.69701,0.11687,-0.10199,0.53993,0.18482,0.01967,0.69701,0.11687,0.0000,0.0000,-0.0000,0.0000,-0.0000,0.4356,0.0298,-0.0403,0.00,0.3396,-0.0337,0.1353,0.0854
10.600,detect,-0.10233,0.53450,0.18615,0.02053,0.69526,0.11773,-0.10199,0.53993,0.18482,0.01967,0.69701,0.11687,-0.10199,0.53993,0.18482,0.01967,0.69701,0.11687,0.0000,0.0000,-0.0000,0.0000,-0.0000,0.4356,0.0298,-0.0403,0.00,0.3396,-0.0337,0.1353,0.0854
10.620,detect,-0.10233,0.53450,0.18615,0.02053,0.69526,0.11773,-0.10199,0.53993,0.18482,0.01967,0.69701,0.11687,-0.10199,0.53993,0.18482,0.01967,0.69701,0.11687,0.0000,0.0000,-0.0000,0.0000,-0.0000,0.4356,0.0298,-0.0403,0.00,0.3396,-0.0337,0.1353,0.0854
10.640,detect,-0.10233,0.53450,0.18615,0.02053,0.69526,0.11773,-0.10199,0.53993,0.18482,0.01967,0.69701,0.11687,-0.10199,0.53993,0.18482,0.01967,0.69701,0.11687,0.0000,0.0000,-0.0000,0.0000,-0.0000,0.4356,0.0298,-0.0403,0.00,0.3396,-0.0337,0.1353,0.0854
10.660,detect,-0.10233,0.53450,0.18615,0.02053,0.69526,0.11773,-0.10199,0.53993,0.18482,0.01967,0.69701,0.11687,-0.10199,0.53993,0.18482,0.01967,0.69701,0.11687,0.0000,0.0000,-0.0000,0.0000,-0.0000,0.4356,0.0298,-0.0403,0.00,0.3396,-0.0337,0.1353,0.0854
10.680,detect,-0.10233,0.53450,0.18615,0.02053,0.69526,0.11773,-0.10199,0.53993,0.18482,0.01967,0.69701,0.11687,-0.10199,0.53993,0.18482,0.01967,0.69701,0.11687,0.0000,0.0000,-0.0000,0.0000,-0.0000,0.4356,0.0298,-0.0403,0.00,0.3396,-0.0337,0.1353,0.0854
10.700,detect,-0.10233,0.53450,0.18615,0.02053,0.69526,0.11773,-0.10199,0.53993,0.18482,0.01967,0.69701,0.11687,-0.10199,0.53993,0.18482,0.01967,0.69701,0.11687,0.0000,0.0000,-0.0000,0.0000,-0.0000,0.4356,0.0298,-0.0403,0.00,0.3396,-0.0337,0.1353,0.0854
10.720,detect,-0.10233,0.53450,0.18615,0.02053,0.69526,0.11773,-0.10199,0.53993,0.18482,0.01967,0.69701,0.11687,-0.10199,0.53993,0.18482,0.01967,0.69701,0.11687,0.0000,0.0000,-0.0000,0.0000,-0.0000,0.4356,0.0298,-0.0403,0.00,0.3396,-0.0337,0.1353,0.0854
10.740,detect,-0.10233,0.53450,0.18615,0.02053,0.69526,0.11773,-0.10199,0.53993,0.18482,0.01967,0.69701,0.11687,-0.10199,0.53993,0.18482,0.01967,0.69701,0.11687,0.0000,0.0000,-0.0000,0.0000,-0.0000,0.4356,0.0298,-0.0403,0.00,0.3396,-0.0337,0.1353,0.0854
10.760,detect,-0.10233,0.53450,0.18615,0.02053,0.69526,0.11773,-0.10199,0.53993,0.18482,0.01967,0.69701,0.11687,-0.10199,0.53993,0.18482,0.01967,0.69701,0.11687,0.0000,0.0000,-0.0000,0.0000,-0.0000,0.4356,0.0298,-0.0403,0.00,0.3396,-0.0337,0.1353,0.0854
10.780,detect,-0.10233,0.53450,0.18615,0.02053,0.69526,0.11773,-0.10199,0.53993,0.18482,0.01967,0.69701,0.11687,-0.10199,0.53993,0.18482,0.01967,0.69701,0.11687,0.0000,0.0000,-0.0000,0.0000,-0.0000,0.4356,0.0298,-0.0403,0.00,0.3396,-0.0337,0.1353,0.0854
10.800,detect,-0.10233,0.53450,0.18615,0.02053,0.69526,0.11773,-0.10199,0.53993,0.18482,0.01967,0.69701,0.11687,-0.10199,0.53993,0.18482,0.01967,0.69701,0.11687,0.0000,0.0000,-0.0000,0.0000,-0.0000,0.4356,0.0298,-0.0403,0.00,0.3396,-0.0337,0.1353,0.0854
10.820,detect,-0.10233,0.53450,0.18615,0.02053,0.69526,0.11773,-0.10199,0.53993,0.18482,0.01967,0.69701,0.11687,-0.10199,0.53993,0.18482,0.01967,0.69701,0.11687,0.0000,0.0000,-0.0000,0.0000,-0.0000,0.4356,0.0298,-0.0403,0.00,0.3396,-0.0337,0.1353,0.0854
10.840,detect,-0.10233,0.53450,0.18615,0.02053,0.69526,0.11773,-0.10199,0.53993,0.18482,0.01967,0.69701,0.11687,-0.10199,0.53993,0.18482,0.01967,0.69701,0.11687,0.0000,0.0000,-0.0000,0.0000,-0.0000,0.4356,0.0298,-0.0403,0.00,0.3396,-0.0337,0.1353,0.0854
10.860,detect,-0.10233,0.53450,0.18615,0.02053,0.69526,0.11773,-0.10199,0.53993,0.18482,0.01967,0.69701,0.11687,-0.10199,0.53993,0.18482,0.01967,0.69701,0.11687,0.0000,0.0000,-0.0000,0.0000,-0.0000,0.4356,0.0298,-0.0403,0.00,0.3396,-0.0337,0.1353,0.0854
10.880,detect,-0.10233,0.53450,0.18615,0.02053,0.69526,0.11773,-0.10199,0.53993,0.18482,0.01967,0.69701,0.11687,-0.10199,0.53993,0.18482,0.01967,0.69701,0.11687,0.0000,0.0000,-0.0000,0.0000,-0.0000,0.4356,0.0298,-0.0403,0.00,0.3396,-0.0337,0.1353,0.0854
10.900,detect,-0.10233,0.53450,0.18615,0.02053,0.69526,0.11773,-0.10199,0.53993,0.18482,0.01967,0.69701,0.11687,-0.10199,0.53993,0.18482,0.01967,0.69701,0.11687,0.0000,0.0000,-0.0000,0.0000,-0.0000,0.4356,0.0298,-0.0403,0.00,0.3396,-0.0337,0.1353,0.0854
10.920,detect,-0.10233,0.53450,0.18615,0.02053,0.69526,0.11773,-0.10199,0.53993,0.18482,0.01967,0.69701,0.11687,-0.10199,0.53993,0.18482,0.01967,0.69701,0.11687,0.0000,0.0000,-0.0000,0.0000,-0.0000,0.4356,0.0298,-0.0403,0.00,0.3396,-0.0337,0.1353,0.0854
10.940,detect,-0.10233,0.53450,0.18615,0.02053,0.69526,0.11773,-0.10199,0.53993,0.18482,0.01967,0.69701,0.11687,-0.10199,0.53993,0.18482,0.01967,0.69701,0.11687,0.0000,0.0000,-0.0000,0.0000,-0.0000,0.4356,0.0298,-0.0403,0.00,0.3396,-0.0337,0.1353,0.0854
10.960,detect,-0.10233,0.53450,0.18615,0.02053,0.69526,0.11773,-0.10199,0.53993,0.18482,0.01967,0.69701,0.11687,-0.10199,0.53993,0.18482,0.01967,0.69701,0.11687,0.0000,0.0000,-0.0000,0.0000,-0.0000,0.4356,0.0298,-0.0403,0.00,0.3396,-0.0337,0.1353,0.0854
10.980,detect,-0.10233,0.53450,0.18615,0.02053,0.69526,0.11773,-0.10199,0.53993,0.18482,0.01967,0.69701,0.11687,-0.10199,0.53993,0.18482,0.01967,0.69701,0.11687,0.0000,0.0000,-0.0000,0.0000,-0.0000,0.4356,0.0298,-0.0403,0.00,0.3396,-0.0337,0.1353,0.0854
11.000,detect,-0.10233,0.53450,0.18615,0.02053,0.69526,0.11773,-0.10199,0.53993,0.18482,0.01967,0.69701,0.11687,-0.10199,0.53993,0.18482,0.01967,0.69701,0.11687,0.0000,0.0000,-0.0000,0.0000,-0.0000,0.4356,0.0298,-0.0403,0.00,0.3396,-0.0337,0.1353,0.0854
11.020,detect,-0.10233,0.53450,0.18615,0.02053,0.69526,0.11773,-0.10199,0.53993,0.18482,0.01967,0.69701,0.11687,-0.10199,0.53993,0.18482,0.01967,0.69701,0.11687,0.0000,0.0000,-0.0000,0.0000,-0.0000,0.4356,0.0298,-0.0403,0.00,0.3396,-0.0337,0.1353,0.0854
11.040,detect,-0.10233,0.53450,0.18615,0.02053,0.69526,0.11773,-0.10199,0.53993,0.18482,0.01967,0.69701,0.11687,-0.10199,0.53993,0.18482,0.01967,0.69701,0.11687,0.0000,0.0000,-0.0000,0.0000,-0.0000,0.4356,0.0298,-0.0403,0.00,0.3396,-0.0337,0.1353,0.0854
11.060,detect,-0.10233,0.53450,0.18615,0.02053,0.69526,0.11773,-0.10199,0.53993,0.18482,0.01967,0.69701,0.11687,-0.10199,0.53993,0.18482,0.01967,0.69701,0.11687,0.0000,0.0000,-0.0000,0.0000,-0.0000,0.4356,0.0298,-0.0403,0.00,0.3396,-0.0337,0.1353,0.0854
11.080,detect,-0.10233,0.53450,0.18615,0.02053,0.69526,0.11773,-0.10199,0.53993,0.18482,0.01967,0.69701,0.11687,-0.10199,0.53993,0.18482,0.01967,0.69701,0.11687,0.0000,0.0000,-0.0000,0.0000,-0.0000,0.4356,0.0298,-0.0403,0.00,0.3396,-0.0337,0.1353,0.0854
11.100,detect,-0.10233,0.53450,0.18615,0.02053,0.69526,0.11773,-0.10199,0.53993,0.18482,0.01967,0.69701,0.11687,-0.10199,0.53993,0.18482,0.01967,0.69701,0.11687,0.0000,0.0000,-0.0000,0.0000,-0.0000,0.4356,0.0298,-0.0403,0.00,0.3396,-0.0337,0.1353,0.0854
11.120,detect,-0.10233,0.53450,0.18615,0.02053,0.69526,0.11773,-0.10199,0.53993,0.18482,0.01967,0.69701,0.11687,-0.10199,0.53993,0.18482,0.01967,0.69701,0.11687,0.0000,0.0000,-0.0000,0.0000,-0.0000,0.4356,0.0298,-0.0403,0.00,0.3396,-0.0337,0.1353,0.0854
11.140,detect,-0.10233,0.53450,0.18615,0.02053,0.69526,0.11773,-0.10199,0.53993,0.18482,0.01967,0.69701,0.11687,-0.10199,0.53993,0.18482,0.01967,0.69701,0.11687,0.0000,0.0000,-0.0000,0.0000,-0.0000,0.4356,0.0298,-0.0403,0.00,0.3396,-0.0337,0.1353,0.0854
11.160,detect,-0.10233,0.53450,0.18615,0.02053,0.69526,0.11773,-0.10199,0.53993,0.18482,0.01967,0.69701,0.11687,-0.10199,0.53993,0.18482,0.01967,0.69701,0.11687,0.0000,0.0000,-0.0000,0.0000,-0.0000,0.4356,0.0298,-0.0403,0.00,0.3396,-0.0337,0.1353,0.0854
11.180,moving,-0.10233,0.53450,0.18615,0.02053,0.69526,0.11773,-0.10199,0.53993,0.18482,0.01967,0.69701,0.11687,-0.10199,0.53993,0.18482,0.01967,0.69701,0.11687,0.0000,0.0000,-0.0000,0.0000,-0.0000,0.4356,0.0298,-0.0403,0.00,0.3396,-0.0337,0.1353,0.0854
11.200,moving,0.30591,0.13363,0.70361,0.19439,0.58871,0.40344,-0.10199,0.53993,0.18482,0.01967,0.69701,0.11687,-0.09984,0.53770,0.18707,0.02198,0.69468,0.11922,0.0000,0.0000,-0.0000,0.0000,-0.0000,0.4355,0.0297,-0.0403,0.00,0.3397,-0.0326,0.1356,0.0854
11.220,moving,0.30591,0.13363,0.70361,0.19439,0.58871,0.40344,-0.10199,0.53993,0.18482,0.01967,0.69701,0.11687,-0.09150,0.52927,0.19552,0.03045,0.68615,0.12775,0.0000,0.0000,-0.0000,0.0000,-0.0000,0.4355,0.0295,-0.0403,0.00,0.3396,-0.0288,0.1370,0.0854
11.240,moving,0.30591,0.13363,0.70361,0.19439,0.58871,0.40344,-0.10199,0.53993,0.18482,0.01967,0.69701,0.11687,-0.07695,0.51462,0.21017,0.04513,0.67142,0.14247,0.0000,0.0000,-0.0000,0.0000,-0.0000,0.4354,0.0293,-0.0404,0.00,0.3395,-0.0221,0.1395,0.0854
11.260,moving,0.30591,0.13363,0.70361,0.19439,0.58871,0.40344,-0.10199,0.53993,0.18482,0.01967,0.69701,0.11687,-0.05618,0.49375,0.23103,0.06605,0.65049,0.16340,0.0000,0.0000,-0.0000,0.0000,-0.0000,0.4354,0.0293,-0.0404,0.00,0.3391,-0.0128,0.1430,0.0854
11.280,moving,0.30591,0.13363,0.70361,0.19439,0.58871,0.40344,-0.10199,0.53993,0.18482,0.01967,0.69701,0.11687,-0.03124,0.46919,0.25523,0.09009,0.62653,0.18823,0.0000,0.0001,-0.0000,0.0000,-0.0000,0.4353,0.0294,-0.0404,0.00,0.3381,-0.0019,0.1472,0.0854
11.300,moving,0.30591,0.13363,0.70361,0.19439,0.58871,0.40344,-0.10199,0.53993,0.18482,0.01967,0.69701,0.11687,-0.01777,0.45826,0.26428,0.09856,0.61900,0.19672,0.0000,0.0000,-0.0000,0.0000,-0.0000,0.4353,0.0300,-0.0402,0.00,0.3375,0.0035,0.1493,0.0854
11.320,moving,0.30591,0.13363,0.70361,0.19439,0.58871,0.40344,-0.01777,0.45826,0.26428,0.09856,0.61900,0.19672,-0.01030,0.45002,0.27277,0.10731,0.61047,0.20554,0.0000,0.0000,-0.0000,0.0000,-0.0000,0.4355,0.0304,-0.0400,0.00,0.3370,0.0069,0.1507,0.0855
11.340,moving,0.30591,0.13363,0.70361,0.19439,0.58871,0.40344,-0.01777,0.45826,0.26428,0.09856,0.61900,0.19672,0.00358,0.43548,0.28735,0.12215,0.59830,0.22039,0.0000,0.0000,-0.0000,0.0000,-0.0000,0.4355,0.0302,-0.0401,0.00,0.3356,0.0129,0.1530,0.0854
11.360,moving,0.30591,0.13363,0.70361,0.19439,0.58871,0.40344,-0.01777,0.45826,0.26428,0.09856,0.61900,0.19672,0.02380,0.41466,0.30808,0.14312,0.59171,0.24138,0.0000,0.0000,-0.0000,0.0000,-0.0000,0.4355,0.0298,-0.0402,0.00,0.3316,0.0217,0.1558,0.0854
11.380,moving,0.30591,0.13363,0.70361,0.19439,0.58871,0.40344,-0.01777,0.45826,0.26428,0.09856,0.61900,0.19672,0.04835,0.39005,0.33226,0.16538,0.59040,0.26627,0.0000,0.0001,-0.0000,0.0000,-0.0000,0.4354,0.0296,-0.0403,0.00,0.3253,0.0318,0.1589,0.0854
11.400,moving,0.30591,0.13363,0.70361,0.19439,0.58871,0.40344,-0.01777,0.45826,0.26428,0.09856,0.61900,0.19672,0.06064,0.37834,0.34349,0.17237,0.59039,0.27483,0.0000,0.0000,-0.0000,0.0000,-0.0000,0.4355,0.0299,-0.0402,0.00,0.3222,0.0364,0.1603,0.0854
11.420,moving,0.30591,0.13363,0.70361,0.19439,0.58871,0.40344,-0.01777,0.45826,0.26428,0.09856,0.61900,0.19672,0.06787,0.37031,0.35154,0.18109,0.59038,0.28364,0.0000,0.0000,-0.0000,0.0000,-0.0000,0.4356,0.0301,-0.0400,0.00,0.3199,0.0395,0.1612,0.0855
11.440,moving,0.30591,0.13363,0.70361,0.19439,0.58871,0.40344,0.06787,0.37031,0.35154,0.18109,0.59038,0.28364,0.08164,0.35595,0.36587,0.19068,0.59035,0.29852,0.0000,0.0000,-0.0000,0.0000,-0.0000,0.4356,0.0301,-0.0402,0.00,0.3158,0.0446,0.1627,0.0854
11.460,moving,0.30591,0.13363,0.70361,0.19439,0.58871,0.40344,0.06787,0.37031,0.35154,0.18109,0.59038,0.28364,0.10181,0.33528,0.38651,0.19423,0.59029,0.31956,0.0000,0.0000,-0.0000,0.0000,-0.0000,0.4356,0.0299,-0.0402,0.00,0.3097,0.0508,0.1646,0.0854
11.480,moving,0.30591,0.13363,0.70361,0.19439,0.58871,0.40344,0.06787,0.37031,0.35154,0.18109,0.59038,0.28364,0.12625,0.31065,0.41079,0.19446,0.59028,0.34460,0.0000,0.0001,-0.0000,0.0000,-0.0000,0.4354,0.0298,-0.0403,0.00,0.3022,0.0576,0.1668,0.0854
11.500,moving,0.30591,0.13363,0.70361,0.19439,0.58871,0.40344,0.06787,0.37031,0.35154,0.18109,0.59038,0.28364,0.13737,0.29902,0.42256,0.19441,0.59029,0.35321,0.0000,0.0000,-0.0000,0.0000,-0.0000,0.4355,0.0300,-0.0402,0.00,0.2985,0.0605,0.1677,0.0854
11.520,moving,0.30591,0.13363,0.70361,0.19439,0.58871,0.40344,0.06787,0.37031,0.35154,0.18109,0.59038,0.28364,0.14476,0.29110,0.43028,0.19464,0.59027,0.36199,0.0000,0.0000,-0.0000,0.0000,-0.0000,0.4356,0.0302,-0.0400,0.00,0.2961,0.0624,0.1684,0.0854
11.540,moving,0.30591,0.13363,0.70361,0.19439,0.58871,0.40344,0.06787,0.37031,0.35154,0.18109,0.59038,0.28364,0.15859,0.27683,0.44438,0.19479,0.59022,0.37688,0.0000,0.0000,-0.0000,0.0000,-0.0000,0.4356,0.0301,-0.0402,0.00,0.2917,0.0660,0.1695,0.0854
11.560,moving,0.30591,0.13363,0.70361,0.19439,0.58871,0.40344,0.15859,0.27683,0.44438,0.19479,0.59022,0.37688,0.17880,0.25625,0.46482,0.19487,0.59016,0.39227,0.0000,0.0001,-0.0000,0.0000,-0.0000,0.4355,0.0299,-0.0402,0.00,0.2850,0.0709,0.1710,0.0854
11.580,moving,0.30591,0.13363,0.70361,0.19439,0.58871,0.40344,0.15859,0.27683,0.44438,0.19479,0.59022,0.37688,0.20331,0.23155,0.48911,0.19493,0.59015,0.40116,0.0000,0.0001,-0.0000,0.0000,-0.0000,0.4354,0.0299,-0.0403,0.00,0.2770,0.0766,0.1727,0.0854
11.600,moving,0.30591,0.13363,0.70361,0.19439,0.58871,0.40344,0.15859,0.27683,0.44438,0.19479,0.59022,0.37688,0.21414,0.21968,0.50137,0.19488,0.59018,0.40400,0.0000,0.0000,-0.0000,0.0000,-0.0000,0.4355,0.0301,-0.0402,0.00,0.2730,0.0789,0.1733,0.0854
11.620,moving,0.30591,0.13363,0.70361,0.19439,0.58871,0.40344,0.15859,0.27683,0.44438,0.19479,0.59022,0.37688,0.22165,0.21187,0.50883,0.19507,0.59013,0.40442,0.0000,0.0000,-0.0000,0.0000,-0.0000,0.4356,0.0301,-0.0401,0.00,0.2705,0.0805,0.1739,0.0854
11.640,moving,0.30591,0.13363,0.70361,0.19439,0.58871,0.40344,0.15859,0.27683,0.44438,0.19479,0.59022,0.37688,0.23557,0.19769,0.52272,0.19522,0.59007,0.40457,0.0000,0.0000,-0.0000,0.0000,-0.0000,0.4356,0.0301,-0.0402,0.00,0.2658,0.0835,0.1747,0.0854
11.660,moving,0.30591,0.13363,0.70361,0.19439,0.58871,0.40344,0.15859,0.27683,0.44438,0.19479,0.59022,0.37688,0.25585,0.17719,0.54298,0.19533,0.59001,0.40469,0.0000,0.0000,-0.0000,0.0000,-0.0000,0.4355,0.0300,-0.0402,0.00,0.2589,0.0875,0.1758,0.0854
11.680,moving,0.30591,0.13363,0.70361,0.19439,0.58871,0.40344,0.25585,0.17719,0.54298,0.19533,0.59001,0.40469,0.27811,0.15780,0.56715,0.19540,0.58998,0.40478,0.0000,0.0000,-0.0000,0.0000,-0.0000,0.4354,0.0299,-0.0403,0.00,0.2507,0.0915,0.1756,0.0854
11.700,moving,0.30591,0.13363,0.70361,0.19439,0.58871,0.40344,0.25585,0.17719,0.54298,0.19533,0.59001,0.40469,0.28533,0.15121,0.58188,0.19540,0.59001,0.40491,0.0000,0.0000,-0.0000,0.0000,-0.0000,0.4356,0.0301,-0.0401,0.00,0.2461,0.0921,0.1741,0.0854
11.720,moving,0.30591,0.13363,0.70361,0.19439,0.58871,0.40344,0.25585,0.17719,0.54298,0.19533,0.59001,0.40469,0.29325,0.14346,0.58953,0.19552,0.58996,0.40505,0.0000,0.0000,-0.0000,0.0000,-0.0000,0.4356,0.0301,-0.0402,0.00,0.2434,0.0935,0.1744,0.0854
11.740,moving,0.30591,0.13363,0.70361,0.19439,0.58871,0.40344,0.25585,0.17719,0.54298,0.19533,0.59001,0.40469,0.30265,0.13786,0.60280,0.19559,0.58991,0.40512,0.0000,0.0000,-0.0000,0.0000,-0.0000,0.4357,0.0301,-0.0402,0.00,0.2390,0.0947,0.1729,0.0854
11.760,moving,0.30591,0.13363,0.70361,0.19439,0.58871,0.40344,0.25585,0.17719,0.54298,0.19533,0.59001,0.40469,0.30605,0.13713,0.62252,0.19567,0.58990,0.40520,0.0000,0.0000,-0.0000,0.0000,-0.0000,0.4358,0.0301,-0.0402,0.00,0.2334,0.0938,0.1688,0.0853
11.780,moving,0.30591,0.13363,0.70361,0.19439,0.58871,0.40344,0.25585,0.17719,0.54298,0.19533,0.59001,0.40469,0.30601,0.13732,0.64633,0.19573,0.58987,0.40529,0.0000,0.0000,-0.0000,0.0000,-0.0000,0.4358,0.0301,-0.0402,0.00,0.2268,0.0918,0.1638,0.0854
11.800,moving,0.30591,0.13363,0.70361,0.19439,0.58871,0.40344,0.30601,0.13732,0.64633,0.19573,0.58987,0.40529,0.30582,0.13757,0.66512,0.19574,0.58985,0.40537,0.0000,0.0000,-0.0000,0.0000,-0.0000,0.4358,0.0301,-0.0402,0.00,0.2215,0.0900,0.1599,0.0853
11.820,moving,0.30591,0.13363,0.70361,0.19439,0.58871,0.40344,0.30601,0.13732,0.64633,0.19573,0.58987,0.40529,0.30565,0.13775,0.67362,0.19576,0.58984,0.40544,0.0000,0.0000,-0.0000,0.0000,-0.0000,0.4358,0.0301,-0.0402,0.00,0.2191,0.0892,0.1581,0.0854
11.840,moving,0.30591,0.13363,0.70361,0.19439,0.58871,0.40344,0.30601,0.13732,0.64633,0.19573,0.58987,0.40529,0.30550,0.13777,0.68562,0.19581,0.58981,0.40547,0.0000,0.0000,-0.0000,0.0000,-0.0000,0.4358,0.0301,-0.0402,0.00,0.2157,0.0881,0.1558,0.0854
11.860,moving,0.30591,0.13363,0.70361,0.19439,0.58871,0.40344,0.30601,0.13732,0.64633,0.19573,0.58987,0.40529,0.30538,0.13787,0.69948,0.19582,0.58979,0.40552,0.0000,0.0000,-0.0000,0.0000,-0.0000,0.4357,0.0300,-0.0402,0.00,0.2117,0.0869,0.1531,0.0854
11.880,moving,0.30591,0.13363,0.70361,0.19439,0.58871,0.40344,0.30601,0.13732,0.64633,0.19573,0.58987,0.40529,0.30530,0.13798,0.70728,0.19582,0.58978,0.40554,0.0000,0.0000,-0.0000,0.0000,-0.0000,0.4356,0.0300,-0.0402,0.00,0.2095,0.0861,0.1516,0.0854
11.900,moving,0.30591,0.13363,0.70361,0.19439,0.58871,0.40344,0.30601,0.13732,0.64633,0.19573,0.58987,0.40529,0.30522,0.13805,0.70912,0.19583,0.58977,0.40557,0.0000,0.0000,-0.0000,0.0000,-0.0000,0.4356,0.0300,-0.0402,0.00,0.2090,0.0859,0.1512,0.0854
11.920,moving,0.30591,0.13363,0.70361,0.19439,0.58871,0.40344,0.30522,0.13805,0.70912,0.19583,0.58977,0.40557,0.30515,0.13809,0.70833,0.19584,0.58977,0.40558,0.0000,0.0000,-0.0000,0.0000,-0.0000,0.4356,0.0300,-0.0402,0.00,0.2092,0.0860,0.1513,0.0854
11.940,moving,0.30591,0.13363,0.70361,0.19439,0.58871,0.40344,0.30522,0.13805,0.70912,0.19583,0.58977,0.40557,0.30510,0.13810,0.70734,0.19585,0.58976,0.40560,0.0000,0.0000,-0.0000,0.0000,-0.0000,0.4356,0.0300,-0.0402,0.00,0.2095,0.0861,0.1515,0.0854
11.960,moving,0.30591,0.13363,0.70361,0.19439,0.58871,0.40344,0.30522,0.13805,0.70912,0.19583,0.58977,0.40557,0.30505,0.13812,0.70652,0.19586,0.58975,0.40561,0.0000,0.0000,-0.0000,0.0000,-0.0000,0.4355,0.0300,-0.0402,0.00,0.2097,0.0861,0.1517,0.0854
11.980,moving,0.30591,0.13363,0.70361,0.19439,0.58871,0.40344,0.30522,0.13805,0.70912,0.19583,0.58977,0.40557,0.30501,0.13813,0.70586,0.19587,0.58975,0.40562,0.0000,0.0000,-0.0000,0.0000,-0.0000,0.4355,0.0300,-0.0402,0.00,0.2099,0.0862,0.1518,0.0854
12.000,moving,0.30591,0.13363,0.70361,0.19439,0.58871,0.40344,0.30522,0.13805,0.70912,0.19583,0.58977,0.40557,0.30498,0.13814,0.70532,0.19588,0.58974,0.40562,0.0000,0.0000,-0.0000,0.0000,-0.0000,0.4355,0.0300,-0.0402,0.00,0.2101,0.0862,0.1519,0.0854
12.020,moving,0.30591,0.13363,0.70361,0.19439,0.58871,0.40344,0.30522,0.13805,0.70912,0.19583,0.58977,0.40557,0.30496,0.13815,0.70487,0.19588,0.58974,0.40563,0.0000,0.0000,-0.0000,0.0000,-0.0000,0.4355,0.0300,-0.0402,0.00,0.2102,0.0863,0.1520,0.0854
12.040,moving,0.30591,0.13363,0.70361,0.19439,0.58871,0.40344,0.30496,0.13815,0.70487,0.19588,0.58974,0.40563,0.30494,0.13815,0.70451,0.19589,0.58973,0.40564,0.0000,0.0000,-0.0000,0.0000,-0.0000,0.4355,0.0300,-0.0402,0.00,0.2103,0.0863,0.1520,0.0854
12.060,moving,0.30591,0.13363,0.70361,0.19439,0.58871,0.40344,0.30496,0.13815,0.70487,0.19588,0.58974,0.40563,0.30492,0.13816,0.70421,0.19589,0.58973,0.40564,0.0000,0.0000,-0.0000,0.0000,-0.0000,0.4355,0.0300,-0.0402,0.00,0.2104,0.0863,0.1521,0.0854
12.080,moving,0.30591,0.13363,0.70361,0.19439,0.58871,0.40344,0.30496,0.13815,0.70487,0.19588,0.58974,0.40563,0.30491,0.13816,0.70398,0.19590,0.58973,0.40564,0.0000,0.0000,-0.0000,0.0000,-0.0000,0.4355,0.0300,-0.0402,0.00,0.2105,0.0863,0.1521,0.0854
12.100,moving,0.30591,0.13363,0.70361,0.19439,0.58871,0.40344,0.30496,0.13815,0.70487,0.19588,0.58974,0.40563,0.30489,0.13817,0.70377,0.19590,0.58973,0.40564,0.0000,0.0000,-0.0000,0.0000,-0.0000,0.4355,0.0300,-0.0402,0.00,0.2105,0.0864,0.1522,0.0854
12.120,moving,0.30591,0.13363,0.70361,0.19439,0.58871,0.40344,0.30496,0.13815,0.70487,0.19588,0.58974,0.40563,0.30489,0.13817,0.70362,0.19590,0.58973,0.40564,0.0000,0.0000,-0.0000,0.0000,-0.0000,0.4356,0.0300,-0.0402,0.00,0.2106,0.0864,0.1522,0.0854
12.140,moving,0.30591,0.13363,0.70361,0.19439,0.58871,0.40344,0.30496,0.13815,0.70487,0.19588,0.58974,0.40563,0.30488,0.13817,0.70349,0.19590,0.58973,0.40565,0.0000,0.0000,-0.0000,0.0000,-0.0000,0.4356,0.0300,-0.0402,0.00,0.2106,0.0864,0.1522,0.0854
12.160,moving,0.30591,0.13363,0.70361,0.19439,0.58871,0.40344,0.30488,0.13817,0.70349,0.19590,0.58973,0.40565,0.30487,0.13817,0.70338,0.19590,0.58972,0.40564,0.0000,0.0000,-0.0000,0.0000,-0.0000,0.4356,0.0300,-0.0402,0.00,0.2107,0.0864,0.1523,0.0854
12.180,moving,0.30591,0.13363,0.70361,0.19439,0.58871,0.40344,0.30488,0.13817,0.70349,0.19590,0.58973,0.40565,0.30487,0.13817,0.70330,0.19590,0.58972,0.40565,0.0000,0.0000,-0.0000,0.0000,-0.0000,0.4356,0.0300,-0.0402,0.00,0.2107,0.0864,0.1523,0.0854
12.200,moving,0.30591,0.13363,0.70361,0.19439,0.58871,0.40344,0.30488,0.13817,0.70349,0.19590,0.58973,0.40565,0.30486,0.13818,0.70322,0.19590,0.58972,0.40565,0.0000,0.0000,-0.0000,0.0000,-0.0000,0.4356,0.0300,-0.0402,0.00,0.2107,0.0864,0.1523,0.0854
12.220,moving,0.30591,0.13363,0.70361,0.19439,0.58871,0.40344,0.30488,0.13817,0.70349,0.19590,0.58973,0.40565,0.30486,0.13817,0.70317,0.19591,0.58972,0.40565,0.0000,0.0000,-0.0000,0.0000,-0.0000,0.4356,0.0300,-0.0402,0.00,0.2107,0.0864,0.1523,0.0854
12.240,moving,0.30591,0.13363,0.70361,0.19439,0.58871,0.40344,0.30488,0.13817,0.70349,0.19590,0.58973,0.40565,0.30486,0.13818,0.70311,0.19591,0.58972,0.40565,0.0000,0.0000,-0.0000,0.0000,-0.0000,0.4356,0.0300,-0.0402,0.00,0.2107,0.0864,0.1523,0.0854
12.260,moving,0.30591,0.13363,0.70361,0.19439,0.58871,0.40344,0.30488,0.13817,0.70349,0.19590,0.58973,0.40565,0.30486,0.13818,0.70308,0.19591,0.58972,0.40565,0.0000,0.0000,-0.0000,0.0000,-0.0000,0.4356,0.0300,-0.0402,0.00,0.2107,0.0864,0.1523,0.0854
12.280,moving,0.30591,0.13363,0.70361,0.19439,0.58871,0.40344,0.30486,0.13818,0.70308,0.19591,0.58972,0.40565,0.30485,0.13818,0.70304,0.19591,0.58972,0.40565,0.0000,0.0000,-0.0000,0.0000,-0.0000,0.4356,0.0300,-0.0402,0.00,0.2108,0.0864,0.1523,0.0854
12.300,moving,0.30591,0.13363,0.70361,0.19439,0.58871,0.40344,0.30486,0.13818,0.70308,0.19591,0.58972,0.40565,0.30485,0.13818,0.70302,0.19591,0.58972,0.40565,0.0000,0.0000,-0.0000,0.0000,-0.0000,0.4356,0.0300,-0.0402,0.00,0.2108,0.0864,0.1523,0.0854
12.320,moving,0.30591,0.13363,0.70361,0.19439,0.58871,0.40344,0.30486,0.13818,0.70308,0.19591,0.58972,0.40565,0.30485,0.13818,0.70300,0.19591,0.58972,0.40565,0.0000,0.0000,-0.0000,0.0000,-0.0000,0.4355,0.0300,-0.0402,0.00,0.2108,0.0864,0.1523,0.0854
12.340,moving,0.30591,0.13363,0.70361,0.19439,0.58871,0.40344,0.30486,0.13818,0.70308,0.19591,0.58972,0.40565,0.30485,0.13818,0.70297,0.19591,0.58972,0.40565,0.0000,0.0000,-0.0000,0.0000,-0.0000,0.4355,0.0300,-0.0402,0.00,0.2108,0.0864,0.1523,0.0854
12.360,moving,0.30591,0.13363,0.70361,0.19439,0.58871,0.40344,0.30486,0.13818,0.70308,0.19591,0.58972,0.40565,0.30485,0.13818,0.70297,0.19591,0.58972,0.40565,0.0000,0.0000,-0.0000,0.0000,-0.0000,0.4355,0.0300,-0.0402,0.00,0.2108,0.0864,0.1523,0.0854
12.380,detect,0.30591,0.13363,0.70361,0.19439,0.58871,0.40344,0.30486,0.13818,0.70308,0.19591,0.58972,0.40565,0.30485,0.13818,0.70295,0.19591,0.58972,0.40565,0.0000,0.0000,-0.0000,0.0000,-0.0000,0.4355,0.0300,-0.0402,0.00,0.2108,0.0864,0.1523,0.0854
12.400,detect,0.30591,0.13363,0.70361,0.19439,0.58871,0.40344,0.30485,0.13818,0.70295,0.19591,0.58972,0.40565,0.30485,0.13818,0.70294,0.19591,0.58972,0.40565,0.0000,0.0000,-0.0000,0.0000,-0.0000,0.4356,0.0300,-0.0402,0.00,0.2108,0.0864,0.1523,0.0854
12.420,detect,0.30591,0.13363,0.70361,0.19439,0.58871,0.40344,0.30485,0.13818,0.70295,0.19591,0.58972,0.40565,0.30485,0.13818,0.70293,0.19591,0.58972,0.40565,0.0000,0.0000,-0.0000,0.0000,-0.0000,0.4356,0.0300,-0.0402,0.00,0.2108,0.0864,0.1523,0.0854
12.440,detect,0.30591,0.13363,0.70361,0.19439,0.58871,0.40344,0.30485,0.13818,0.70295,0.19591,0.58972,0.40565,0.30485,0.13818,0.70293,0.19591,0.58972,0.40565,0.0000,0.0000,-0.0000,0.0000,-0.0000,0.4356,0.0300,-0.0402,0.00,0.2108,0.0864,0.1523,0.0854
12.460,detect,0.30591,0.13363,0.70361,0.19439,0.58871,0.40344,0.30485,0.13818,0.70295,0.19591,0.58972,0.40565,0.30485,0.13818,0.70293,0.19591,0.58972,0.40566,0.0000,0.0000,-0.0000,0.0000,-0.0000,0.4356,0.0300,-0.0402,0.00,0.2108,0.0864,0.1523,0.0854
12.480,detect,0.30591,0.13363,0.70361,0.19439,0.58871,0.40344,0.30485,0.13818,0.70295,0.19591,0.58972,0.40565,0.30485,0.13819,0.70291,0.19591,0.58972,0.40565,0.0000,0.0000,-0.0000,0.0000,-0.0000,0.4356,0.0300,-0.0402,0.00,0.2108,0.0864,0.1523,0.0854
12.500,detect,0.30591,0.13363,0.70361,0.19439,0.58871,0.40344,0.30485,0.13818,0.70295,0.19591,0.58972,0.40565,0.30485,0.13818,0.70292,0.19591,0.58972,0.40565,0.0000,0.0000,-0.0000,0.0000,-0.0000,0.4356,0.0300,-0.0402,0.00,0.2108,0.0864,0.1523,0.0854
12.520,detect,0.30591,0.13363,0.70361,0.19439,0.58871,0.40344,0.30485,0.13818,0.70292,0.19591,0.58972,0.40565,0.30485,0.13818,0.70291,0.19591,0.58972,0.40565,0.0000,0.0000,-0.0000,0.0000,-0.0000,0.4356,0.0300,-0.0402,0.00,0.2108,0.0864,0.1523,0.0854
12.540,detect,0.30591,0.13363,0.70361,0.19439,0.58871,0.40344,0.30485,0.13818,0.70292,0.19591,0.58972,0.40565,0.30485,0.13818,0.70291,0.19591,0.58972,0.40565,0.0000,0.0000,-0.0000,0.0000,-0.0000,0.4356,0.0300,-0.0402,0.00,0.2108,0.0864,0.1523,0.0854
12.560,detect,0.30591,0.13363,0.70361,0.19439,0.58871,0.40344,0.30485,0.13818,0.70292,0.19591,0.58972,0.40565,0.30485,0.13818,0.70291,0.19591,0.58972,0.40565,0.0000,0.0000,-0.0000,0.0000,-0.0000,0.4356,0.0300,-0.0402,0.00,0.2108,0.0864,0.1523,0.0854
12.580,detect,0.30591,0.13363,0.70361,0.19439,0.58871,0.40344,0.30485,0.13818,0.70292,0.19591,0.58972,0.40565,0.30485,0.13818,0.70291,0.19591,0.58972,0.40565,0.0000,0.0000,-0.0000,0.0000,-0.0000,0.4356,0.0300,-0.0402,0.00,0.2108,0.0864,0.1523,0.0854
12.600,detect,0.30591,0.13363,0.70361,0.19439,0.58871,0.40344,0.30485,0.13818,0.70292,0.19591,0.58972,0.40565,0.30485,0.13818,0.70291,0.19591,0.58972,0.40565,0.0000,0.0000,-0.0000,0.0000,-0.0000,0.4356,0.0300,-0.0402,0.00,0.2108,0.0864,0.1523,0.0854
12.620,detect,0.30591,0.13363,0.70361,0.19439,0.58871,0.40344,0.30485,0.13818,0.70292,0.19591,0.58972,0.40565,0.30485,0.13819,0.70290,0.19591,0.58972,0.40565,0.0000,0.0000,-0.0000,0.0000,-0.0000,0.4356,0.0300,-0.0402,0.00,0.2108,0.0864,0.1523,0.0854
12.640,detect,0.30591,0.13363,0.70361,0.19439,0.58871,0.40344,0.30485,0.13819,0.70290,0.19591,0.58972,0.40565,0.30485,0.13818,0.70291,0.19591,0.58972,0.40565,0.0000,0.0000,-0.0000,0.0000,-0.0000,0.4356,0.0300,-0.0402,0.00,0.2108,0.0864,0.1523,0.0854
12.660,detect,0.30591,0.13363,0.70361,0.19439,0.58871,0.40344,0.30485,0.13819,0.70290,0.19591,0.58972,0.40565,0.30485,0.13819,0.70290,0.19591,0.58972,0.40565,0.0000,0.0000,-0.0000,0.0000,-0.0000,0.4356,0.0300,-0.0402,0.00,0.2108,0.0864,0.1523,0.0854
12.680,detect,0.30591,0.13363,0.70361,0.19439,0.58871,0.40344,0.30485,0.13819,0.70290,0.19591,0.58972,0.40565,0.30485,0.13818,0.70291,0.19591,0.58972,0.40565,0.0000,0.0000,-0.0000,0.0000,-0.0000,0.4356,0.0300,-0.0402,0.00,0.2108,0.0864,0.1523,0.0854
12.700,detect,0.30591,0.13363,0.70361,0.19439,0.58871,0.40344,0.30485,0.13819,0.70290,0.19591,0.58972,0.40565,0.30485,0.13819,0.70290,0.19591,0.58972,0.40565,0.0000,0.0000,-0.0000,0.0000,-0.0000,0.4356,0.0300,-0.0402,0.00,0.2108,0.0864,0.1523,0.0854
12.720,detect,0.30591,0.13363,0.70361,0.19439,0.58871,0.40344,0.30485,0.13819,0.70290,0.19591,0.58972,0.40565,0.30485,0.13819,0.70290,0.19591,0.58972,0.40565,0.0000,0.0000,-0.0000,0.0000,-0.0000,0.4356,0.0300,-0.0402,0.00,0.2108,0.0864,0.1523,0.0854
12.740,detect,0.30591,0.13363,0.70361,0.19439,0.58871,0.40344,0.30485,0.13819,0.70290,0.19591,0.58972,0.40565,0.30485,0.13818,0.70290,0.19591,0.58972,0.40565,0.0000,0.0000,-0.0000,0.0000,-0.0000,0.4356,0.0300,-0.0402,0.00,0.2108,0.0864,0.1523,0.0854
12.760,detect,0.30591,0.13363,0.70361,0.19439,0.58871,0.40344,0.30485,0.13818,0.70290,0.19591,0.58972,0.40565,0.30485,0.13819,0.70290,0.19591,0.58972,0.40565,0.0000,0.0000,-0.0000,0.0000,-0.0000,0.4356,0.0300,-0.0402,0.00,0.2108,0.0864,0.1523,0.0854
12.780,detect,0.30591,0.13363,0.70361,0.19439,0.58871,0.40344,0.30485,0.13818,0.70290,0.19591,0.58972,0.40565,0.30485,0.13818,0.70290,0.19591,0.58972,0.40565,0.0000,0.0000,-0.0000,0.0000,-0.0000,0.4356,0.0300,-0.0402,0.00,0.2108,0.0864,0.1523,0.0854
12.800,detect,0.30591,0.13363,0.70361,0.19439,0.58871,0.40344,0.30485,0.13818,0.70290,0.19591,0.58972,0.40565,0.30485,0.13819,0.70290,0.19591,0.58972,0.40565,0.0000,0.0000,-0.0000,0.0000,-0.0000,0.4356,0.0300,-0.0402,0.00,0.2108,0.0864,0.1523,0.0854
12.820,detect,0.30591,0.13363,0.70361,0.19439,0.58871,0.40344,0.30485,0.13818,0.70290,0.19591,0.58972,0.40565,0.30485,0.13818,0.70290,0.19591,0.58972,0.40565,0.0000,0.0000,-0.0000,0.0000,-0.0000,0.4356,0.0300,-0.0402,0.00,0.2108,0.0864,0.1523,0.0854
12.840,detect,0.30591,0.13363,0.70361,0.19439,0.58871,0.40344,0.30485,0.13818,0.70290,0.19591,0.58972,0.40565,0.30485,0.13819,0.70290,0.19591,0.58972,0.40565,0.0000,0.0000,-0.0000,0.0000,-0.0000,0.4356,0.0300,-0.0402,0.00,0.2108,0.0864,0.1523,0.0854
12.860,detect,0.30591,0.13363,0.70361,0.19439,0.58871,0.40344,0.30485,0.13818,0.70290,0.19591,0.58972,0.40565,0.30485,0.13818,0.70290,0.19591,0.58972,0.40565,0.0000,0.0000,-0.0000,0.0000,-0.0000,0.4356,0.0300,-0.0402,0.00,0.2108,0.0864,0.1523,0.0854
12.880,detect,0.30591,0.13363,0.70361,0.19439,0.58871,0.40344,0.30485,0.13818,0.70290,0.19591,0.58972,0.40565,0.30485,0.13818,0.70290,0.19591,0.58972,0.40565,0.0000,0.0000,-0.0000,0.0000,-0.0000,0.4356,0.0300,-0.0402,0.00,0.2108,0.0864,0.1523,0.0854
12.900,detect,0.30591,0.13363,0.70361,0.19439,0.58871,0.40344,0.30485,0.13818,0.70290,0.19591,0.58972,0.40565,0.30485,0.13819,0.70290,0.19591,0.58972,0.40565,0.0000,0.0000,-0.0000,0.0000,-0.0000,0.4356,0.0300,-0.0402,0.00,0.2108,0.0864,0.1523,0.0854
12.920,detect,0.30591,0.13363,0.70361,0.19439,0.58871,0.40344,0.30485,0.13818,0.70290,0.19591,0.58972,0.40565,0.30485,0.13818,0.70290,0.19591,0.58972,0.40565,0.0000,0.0000,-0.0000,0.0000,-0.0000,0.4356,0.0300,-0.0402,0.00,0.2108,0.0864,0.1523,0.0854
12.940,detect,0.30591,0.13363,0.70361,0.19439,0.58871,0.40344,0.30485,0.13818,0.70290,0.19591,0.58972,0.40565,0.30485,0.13819,0.70290,0.19591,0.58972,0.40565,0.0000,0.0000,-0.0000,0.0000,-0.0000,0.4356,0.0300,-0.0402,0.00,0.2108,0.0864,0.1523,0.0854
12.960,detect,0.30591,0.13363,0.70361,0.19439,0.58871,0.40344,0.30485,0.13818,0.70290,0.19591,0.58972,0.40565,0.30485,0.13818,0.70290,0.19591,0.58972,0.40565,0.0000,0.0000,-0.0000,0.0000,-0.0000,0.4356,0.0300,-0.0402,0.00,0.2108,0.0864,0.1523,0.0854
12.980,detect,0.30591,0.13363,0.70361,0.19439,0.58871,0.40344,0.30485,0.13818,0.70290,0.19591,0.58972,0.40565,0.30485,0.13819,0.70290,0.19591,0.58972,0.40565,0.0000,0.0000,-0.0000,0.0000,-0.0000,0.4356,0.0300,-0.0402,0.00,0.2108,0.0864,0.1523,0.0854
13.000,detect,0.30591,0.13363,0.70361,0.19439,0.58871,0.40344,0.30485,0.13819,0.70290,0.19591,0.58972,0.40565,0.30485,0.13819,0.70290,0.19591,0.58972,0.40565,0.0000,0.0000,-0.0000,0.0000,-0.0000,0.4356,0.0300,-0.0402,0.00,0.2108,0.0864,0.1523,0.0854
13.020,detect,0.30591,0.13363,0.70361,0.19439,0.58871,0.40344,0.30485,0.13819,0.70290,0.19591,0.58972,0.40565,0.30485,0.13818,0.70290,0.19591,0.58972,0.40565,0.0000,0.0000,-0.0000,0.0000,-0.0000,0.4356,0.0300,-0.0402,0.00,0.2108,0.0864,0.1523,0.0854
13.040,detect,0.30591,0.13363,0.70361,0.19439,0.58871,0.40344,0.30485,0.13819,0.70290,0.19591,0.58972,0.40565,0.30485,0.13819,0.70290,0.19591,0.58972,0.40565,0.0000,0.0000,-0.0000,0.0000,-0.0000,0.4356,0.0300,-0.0402,0.00,0.2108,0.0864,0.1523,0.0854
13.060,detect,0.30591,0.13363,0.70361,0.19439,0.58871,0.40344,0.30485,0.13819,0.70290,0.19591,0.58972,0.40565,0.30485,0.13818,0.70290,0.19591,0.58972,0.40565,0.0000,0.0000,-0.0000,0.0000,-0.0000,0.4356,0.0300,-0.0402,0.00,0.2108,0.0864,0.1523,0.0854
13.080,detect,0.30591,0.13363,0.70361,0.19439,0.58871,0.40344,0.30485,0.13819,0.70290,0.19591,0.58972,0.40565,0.30485,0.13819,0.70290,0.19591,0.58972,0.40565,0.0000,0.0000,-0.0000,0.0000,-0.0000,0.4356,0.0300,-0.0402,0.00,0.2108,0.0864,0.1523,0.0854
13.100,detect,0.30591,0.13363,0.70361,0.19439,0.58871,0.40344,0.30485,0.13819,0.70290,0.19591,0.58972,0.40565,0.30485,0.13818,0.70290,0.19591,0.58972,0.40565,0.0000,0.0000,-0.0000,0.0000,-0.0000,0.4356,0.0300,-0.0402,0.00,0.2108,0.0864,0.1523,0.0854
13.120,detect,0.30591,0.13363,0.70361,0.19439,0.58871,0.40344,0.30485,0.13818,0.70290,0.19591,0.58972,0.40565,0.30485,0.13818,0.70290,0.19591,0.58972,0.40565,0.0000,0.0000,-0.0000,0.0000,-0.0000,0.4356,0.0300,-0.0402,0.00,0.2108,0.0864,0.1523,0.0854
13.140,detect,0.30591,0.13363,0.70361,0.19439,0.58871,0.40344,0.30485,0.13818,0.70290,0.19591,0.58972,0.40565,0.30485,0.13818,0.70290,0.19591,0.58972,0.40565,0.0000,0.0000,-0.0000,0.0000,-0.0000,0.4356,0.0300,-0.0402,0.00,0.2108,0.0864,0.1523,0.0854
13.160,detect,0.30591,0.13363,0.70361,0.19439,0.58871,0.40344,0.30485,0.13818,0.70290,0.19591,0.58972,0.40565,0.30485,0.13818,0.70290,0.19591,0.58972,0.40565,0.0000,0.0000,-0.0000,0.0000,-0.0000,0.4356,0.0300,-0.0402,0.00,0.2108,0.0864,0.1523,0.0854
13.180,detect,0.30591,0.13363,0.70361,0.19439,0.58871,0.40344,0.30485,0.13818,0.70290,0.19591,0.58972,0.40565,0.30485,0.13819,0.70290,0.19591,0.58972,0.40565,0.0000,0.0000,-0.0000,0.0000,-0.0000,0.4356,0.0300,-0.0402,0.00,0.2108,0.0864,0.1523,0.0854
13.200,detect,0.30591,0.13363,0.70361,0.19439,0.58871,0.40344,0.30485,0.13818,0.70290,0.19591,0.58972,0.40565,0.30485,0.13818,0.70290,0.19591,0.58972,0.40565,0.0000,0.0000,-0.0000,0.0000,-0.0000,0.4356,0.0300,-0.0402,0.00,0.2108,0.0864,0.1523,0.0854
13.220,detect,0.30591,0.13363,0.70361,0.19439,0.58871,0.40344,0.30485,0.13818,0.70290,0.19591,0.58972,0.40565,0.30485,0.13819,0.70290,0.19591,0.58972,0.40565,0.0000,0.0000,-0.0000,0.0000,-0.0000,0.4356,0.0300,-0.0402,0.00,0.2108,0.0864,0.1523,0.0854
13.240,detect,0.30591,0.13363,0.70361,0.19439,0.58871,0.40344,0.30485,0.13819,0.70290,0.19591,0.58972,0.40565,0.30485,0.13818,0.70290,0.19591,0.58972,0.40565,0.0000,0.0000,-0.0000,0.0000,-0.0000,0.4356,0.0300,-0.0402,0.00,0.2108,0.0864,0.1523,0.0854
13.260,detect,0.30591,0.13363,0.70361,0.19439,0.58871,0.40344,0.30485,0.13819,0.70290,0.19591,0.58972,0.40565,0.30485,0.13819,0.70290,0.19591,0.58972,0.40565,0.0000,0.0000,-0.0000,0.0000,-0.0000,0.4356,0.0300,-0.0402,0.00,0.2108,0.0864,0.1523,0.0854
13.280,detect,0.30591,0.13363,0.70361,0.19439,0.58871,0.40344,0.30485,0.13819,0.70290,0.19591,0.58972,0.40565,0.30485,0.13819,0.70290,0.19591,0.58972,0.40565,0.0000,0.0000,-0.0000,0.0000,-0.0000,0.4356,0.0300,-0.0402,0.00,0.2108,0.0864,0.1523,0.0854
13.300,detect,0.30591,0.13363,0.70361,0.19439,0.58871,0.40344,0.30485,0.13819,0.70290,0.19591,0.58972,0.40565,0.30485,0.13818,0.70290,0.19591,0.58972,0.40565,0.0000,0.0000,-0.0000,0.0000,-0.0000,0.4356,0.0300,-0.0402,0.00,0.2108,0.0864,0.1523,0.0854
13.320,detect,0.30591,0.13363,0.70361,0.19439,0.58871,0.40344,0.30485,0.13819,0.70290,0.19591,0.58972,0.40565,0.30485,0.13819,0.70290,0.19591,0.58972,0.40565,0.0000,0.0000,-0.0000,0.0000,-0.0000,0.4356,0.0300,-0.0402,0.00,0.2108,0.0864,0.1523,0.0854
13.340,detect,0.30591,0.13363,0.70361,0.19439,0.58871,0.40344,0.30485,0.13819,0.70290,0.19591,0.58972,0.40565,0.30485,0.13818,0.70290,0.19591,0.58972,0.40565,0.0000,0.0000,-0.0000,0.0000,-0.0000,0.4356,0.0300,-0.0402,0.00,0.2108,0.0864,0.1523,0.0854
13.360,detect,0.30591,0.13363,0.70361,0.19439,0.58871,0.40344,0.30485,0.13818,0.70290,0.19591,0.58972,0.40565,0.30485,0.13819,0.70290,0.19591,0.58972,0.40565,0.0000,0.0000,-0.0000,0.0000,-0.0000,0.4356,0.0300,-0.0402,0.00,0.2108,0.0864,0.1523,0.0854
13.380,detect,0.30591,0.13363,0.70361,0.19439,0.58871,0.40344,0.30485,0.13818,0.70290,0.19591,0.58972,0.40565,0.30485,0.13818,0.70290,0.19591,0.58972,0.40565,0.0000,0.0000,-0.0000,0.0000,-0.0000,0.4356,0.0300,-0.0402,0.00,0.2108,0.0864,0.1523,0.0854
13.400,detect,0.30591,0.13363,0.70361,0.19439,0.58871,0.40344,0.30485,0.13818,0.70290,0.19591,0.58972,0.40565,0.30485,0.13819,0.70290,0.19591,0.58972,0.40565,0.0000,0.0000,-0.0000,0.0000,-0.0000,0.4356,0.0300,-0.0402,0.00,0.2108,0.0864,0.1523,0.0854
13.420,detect,0.30591,0.13363,0.70361,0.19439,0.58871,0.40344,0.30485,0.13818,0.70290,0.19591,0.58972,0.40565,0.30485,0.13818,0.70290,0.19591,0.58972,0.40565,0.0000,0.0000,-0.0000,0.0000,-0.0000,0.4356,0.0300,-0.0402,0.00,0.2108,0.0864,0.1523,0.0854
13.440,detect,0.30591,0.13363,0.70361,0.19439,0.58871,0.40344,0.30485,0.13818,0.70290,0.19591,0.58972,0.40565,0.30485,0.13818,0.70290,0.19591,0.58972,0.40565,0.0000,0.0000,-0.0000,0.0000,-0.0000,0.4356,0.0300,-0.0402,0.00,0.2108,0.0864,0.1523,0.0854
13.460,detect,0.30591,0.13363,0.70361,0.19439,0.58871,0.40344,0.30485,0.13818,0.70290,0.19591,0.58972,0.40565,0.30485,0.13819,0.70290,0.19591,0.58972,0.40565,0.0000,0.0000,-0.0000,0.0000,-0.0000,0.4356,0.0300,-0.0402,0.00,0.2108,0.0864,0.1523,0.0854
13.480,detect,0.30591,0.13363,0.70361,0.19439,0.58871,0.40344,0.30485,0.13819,0.70290,0.19591,0.58972,0.40565,0.30485,0.13818,0.70290,0.19591,0.58972,0.40565,0.0000,0.0000,-0.0000,0.0000,-0.0000,0.4356,0.0300,-0.0402,0.00,0.2108,0.0864,0.1523,0.0854
13.500,detect,0.30591,0.13363,0.70361,0.19439,0.58871,0.40344,0.30485,0.13819,0.70290,0.19591,0.58972,0.40565,0.30485,0.13819,0.70290,0.19591,0.58972,0.40565,0.0000,0.0000,-0.0000,0.0000,-0.0000,0.4356,0.0300,-0.0402,0.00,0.2108,0.0864,0.1523,0.0854
13.520,detect,0.30591,0.13363,0.70361,0.19439,0.58871,0.40344,0.30485,0.13819,0.70290,0.19591,0.58972,0.40565,0.30485,0.13818,0.70290,0.19591,0.58972,0.40565,0.0000,0.0000,-0.0000,0.0000,-0.0000,0.4356,0.0300,-0.0402,0.00,0.2108,0.0864,0.1523,0.0854
13.540,detect,0.30591,0.13363,0.70361,0.19439,0.58871,0.40344,0.30485,0.13819,0.70290,0.19591,0.58972,0.40565,0.30485,0.13819,0.70290,0.19591,0.58972,0.40565,0.0000,0.0000,-0.0000,0.0000,-0.0000,0.4356,0.0300,-0.0402,0.00,0.2108,0.0864,0.1523,0.0854
13.560,detect,0.30591,0.13363,0.70361,0.19439,0.58871,0.40344,0.30485,0.13819,0.70290,0.19591,0.58972,0.40565,0.30485,0.13819,0.70290,0.19591,0.58972,0.40565,0.0000,0.0000,-0.0000,0.0000,-0.0000,0.4356,0.0300,-0.0402,0.00,0.2108,0.0864,0.1523,0.0854
13.580,detect,0.30591,0.13363,0.70361,0.19439,0.58871,0.40344,0.30485,0.13819,0.70290,0.19591,0.58972,0.40565,0.30485,0.13818,0.70290,0.19591,0.58972,0.40565,0.0000,0.0000,-0.0000,0.0000,-0.0000,0.4356,0.0300,-0.0402,0.00,0.2108,0.0864,0.1523,0.0854
13.600,detect,0.30591,0.13363,0.70361,0.19439,0.58871,0.40344,0.30485,0.13818,0.70290,0.19591,0.58972,0.40565,0.30485,0.13819,0.70290,0.19591,0.58972,0.40565,0.0000,0.0000,-0.0000,0.0000,-0.0000,0.4356,0.0300,-0.0402,0.00,0.2108,0.0864,0.1523,0.0854
13.620,detect,0.30591,0.13363,0.70361,0.19439,0.58871,0.40344,0.30485,0.13818,0.70290,0.19591,0.58972,0.40565,0.30485,0.13818,0.70290,0.19591,0.58972,0.40565,0.0000,0.0000,-0.0000,0.0000,-0.0000,0.4356,0.0300,-0.0402,0.00,0.2108,0.0864,0.1523,0.0854
13.640,detect,0.30591,0.13363,0.70361,0.19439,0.58871,0.40344,0.30485,0.13818,0.70290,0.19591,0.58972,0.40565,0.30485,0.13819,0.70290,0.19591,0.58972,0.40565,0.0000,0.0000,-0.0000,0.0000,-0.0000,0.4356,0.0300,-0.0402,0.00,0.2108,0.0864,0.1523,0.0854
13.660,detect,0.30591,0.13363,0.70361,0.19439,0.58871,0.40344,0.30485,0.13818,0.70290,0.19591,0.58972,0.40565,0.30485,0.13818,0.70290,0.19591,0.58972,0.40565,0.0000,0.0000,-0.0000,0.0000,-0.0000,0.4356,0.0300,-0.0402,0.00,0.2108,0.0864,0.1523,0.0854
13.680,detect,0.30591,0.13363,0.70361,0.19439,0.58871,0.40344,0.30485,0.13818,0.70290,0.19591,0.58972,0.40565,0.30485,0.13819,0.70290,0.19591,0.58972,0.40565,0.0000,0.0000,-0.0000,0.0000,-0.0000,0.4356,0.0300,-0.0402,0.00,0.2108,0.0864,0.1523,0.0854
13.700,detect,0.30591,0.13363,0.70361,0.19439,0.58871,0.40344,0.30485,0.13818,0.70290,0.19591,0.58972,0.40565,0.30485,0.13819,0.70290,0.19591,0.58972,0.40565,0.0000,0.0000,-0.0000,0.0000,-0.0000,0.4356,0.0300,-0.0402,0.00,0.2108,0.0864,0.1523,0.0854
13.720,detect,0.30591,0.13363,0.70361,0.19439,0.58871,0.40344,0.30485,0.13819,0.70290,0.19591,0.58972,0.40565,0.30485,0.13818,0.70290,0.19591,0.58972,0.40565,0.0000,0.0000,-0.0000,0.0000,-0.0000,0.4356,0.0300,-0.0402,0.00,0.2108,0.0864,0.1523,0.0854
13.740,detect,0.30591,0.13363,0.70361,0.19439,0.58871,0.40344,0.30485,0.13819,0.70290,0.19591,0.58972,0.40565,0.30485,0.13819,0.70290,0.19591,0.58972,0.40565,0.0000,0.0000,-0.0000,0.0000,-0.0000,0.4356,0.0300,-0.0402,0.00,0.2108,0.0864,0.1523,0.0854
13.760,detect,0.30591,0.13363,0.70361,0.19439,0.58871,0.40344,0.30485,0.13819,0.70290,0.19591,0.58972,0.40565,0.30485,0.13818,0.70290,0.19591,0.58972,0.40565,0.0000,0.0000,-0.0000,0.0000,-0.0000,0.4356,0.0300,-0.0402,0.00,0.2108,0.0864,0.1523,0.0854
13.780,detect,0.30591,0.13363,0.70361,0.19439,0.58871,0.40344,0.30485,0.13819,0.70290,0.19591,0.58972,0.40565,0.30485,0.13819,0.70290,0.19591,0.58972,0.40565,0.0000,0.0000,-0.0000,0.0000,-0.0000,0.4356,0.0300,-0.0402,0.00,0.2108,0.0864,0.1523,0.0854
13.800,detect,0.30591,0.13363,0.70361,0.19439,0.58871,0.40344,0.30485,0.13819,0.70290,0.19591,0.58972,0.40565,0.30485,0.13818,0.70290,0.19591,0.58972,0.40565,0.0000,0.0000,-0.0000,0.0000,-0.0000,0.4356,0.0300,-0.0402,0.00,0.2108,0.0864,0.1523,0.0854
13.820,moving,0.30591,0.13363,0.70361,0.19439,0.58871,0.40344,0.30485,0.13819,0.70290,0.19591,0.58972,0.40565,0.30485,0.13819,0.70290,0.19591,0.58972,0.40565,0.0000,0.0000,-0.0000,0.0000,-0.0000,0.4356,0.0300,-0.0402,0.00,0.2108,0.0864,0.1523,0.0854
13.840,moving,-0.64194,0.10257,0.71351,-0.09263,0.57703,0.01327,0.30485,0.13819,0.70290,0.19591,0.58972,0.40565,0.30485,0.13818,0.70290,0.19591,0.58972,0.40565,0.0000,0.0000,-0.0000,0.0000,-0.0000,0.4356,0.0300,-0.0402,0.00,0.2108,0.0864,0.1523,0.0854
13.860,moving,-0.64194,0.10257,0.71351,-0.09263,0.57703,0.01327,0.30485,0.13819,0.70290,0.19591,0.58972,0.40565,0.30485,0.13818,0.70290,0.19591,0.58972,0.40565,0.0000,0.0000,-0.0000,0.0000,-0.0000,0.4356,0.0300,-0.0402,0.00,0.2108,0.0864,0.1523,0.0854
13.880,moving,-0.64194,0.10257,0.71351,-0.09263,0.57703,0.01327,0.30485,0.13819,0.70290,0.19591,0.58972,0.40565,0.30485,0.13819,0.70290,0.19591,0.58972,0.40565,0.0000,0.0000,-0.0000,0.0000,-0.0000,0.4356,0.0300,-0.0402,0.00,0.2108,0.0864,0.1523,0.0854
13.900,moving,-0.64194,0.10257,0.71351,-0.09263,0.57703,0.01327,0.30485,0.13819,0.70290,0.19591,0.58972,0.40565,0.30268,0.13589,0.70513,0.19360,0.58742,0.40332,0.0000,0.0000,-0.0000,0.0000,-0.0000,0.4355,0.0301,-0.0402,0.00,0.2109,0.0856,0.1525,0.0854
13.920,moving,-0.64194,0.10257,0.71351,-0.09263,0.57703,0.01327,0.30485,0.13819,0.70290,0.19591,0.58972,0.40565,0.29432,0.12746,0.71127,0.18509,0.58061,0.39483,0.0000,0.0000,-0.0000,0.0000,-0.0000,0.4355,0.0302,-0.0401,0.00,0.2115,0.0827,0.1533,0.0854
13.940,moving,-0.64194,0.10257,0.71351,-0.09263,0.57703,0.01327,0.30485,0.13819,0.70290,0.19591,0.58972,0.40565,0.27978,0.11523,0.71282,0.17036,0.57814,0.38011,0.0000,0.0000,-0.0000,0.0000,-0.0000,0.4355,0.0304,-0.0401,0.00,0.2133,0.0782,0.1556,0.0854
13.960,moving,-0.64194,0.10257,0.71351,-0.09263,0.57703,0.01327,0.27978,0.11523,0.71282,0.17036,0.57814,0.38011,0.25907,0.10849,0.71280,0.14941,0.57809,0.35916,0.0000,0.0000,-0.0000,0.0000,-0.0000,0.4355,0.0303,-0.0401,0.00,0.2154,0.0717,0.1569,0.0854
13.980,moving,-0.64194,0.10257,0.71351,-0.09263,0.57703,0.01327,0.27978,0.11523,0.71282,0.17036,0.57814,0.38011,0.23411,0.10708,0.71278,0.12545,0.57805,0.33454,0.0000,0.0000,-0.0000,0.0000,-0.0000,0.4356,0.0302,-0.0402,0.00,0.2175,0.0638,0.1570,0.0854
14.000,moving,-0.64194,0.10257,0.71351,-0.09263,0.57703,0.01327,0.27978,0.11523,0.71282,0.17036,0.57814,0.38011,0.22401,0.10709,0.71281,0.11703,0.57793,0.32592,0.0000,0.0000,-0.0000,0.0000,-0.0000,0.4356,0.0297,-0.0403,0.00,0.2183,0.0608,0.1569,0.0854
14.020,moving,-0.64194,0.10257,0.71351,-0.09263,0.57703,0.01327,0.27978,0.11523,0.71282,0.17036,0.57814,0.38011,0.21590,0.10708,0.71285,0.10837,0.57792,0.31720,0.0000,0.0000,-0.0000,0.0000,-0.0000,0.4356,0.0296,-0.0403,0.00,0.2189,0.0581,0.1568,0.0854
14.040,moving,-0.64194,0.10257,0.71351,-0.09263,0.57703,0.01327,0.27978,0.11523,0.71282,0.17036,0.57814,0.38011,0.20155,0.10710,0.71285,0.09352,0.57792,0.30231,0.0000,0.0000,-0.0000,0.0000,-0.0000,0.4356,0.0298,-0.0403,0.00,0.2199,0.0535,0.1567,0.0854
14.060,moving,-0.64194,0.10257,0.71351,-0.09263,0.57703,0.01327,0.27978,0.11523,0.71282,0.17036,0.57814,0.38011,0.18095,0.10710,0.71285,0.07250,0.57791,0.28126,0.0000,0.0000,-0.0000,0.0000,-0.0000,0.4357,0.0300,-0.0402,0.00,0.2212,0.0468,0.1566,0.0854
14.080,moving,-0.64194,0.10257,0.71351,-0.09263,0.57703,0.01327,0.18095,0.10710,0.71285,0.07250,0.57791,0.28126,0.15611,0.10711,0.71284,0.04849,0.57789,0.25655,0.0000,0.0000,-0.0000,0.0000,-0.0000,0.4356,0.0302,-0.0402,0.00,0.2226,0.0388,0.1565,0.0854
14.100,moving,-0.64194,0.10257,0.71351,-0.09263,0.57703,0.01327,0.18095,0.10710,0.71285,0.07250,0.57791,0.28126,0.14630,0.10712,0.71284,0.04002,0.57780,0.24788,0.0000,0.0000,-0.0000,0.0000,-0.0000,0.4356,0.0299,-0.0402,0.00,0.2230,0.0357,0.1565,0.0854
14.120,moving,-0.64194,0.10257,0.71351,-0.09263,0.57703,0.01327,0.18095,0.10710,0.71285,0.07250,0.57791,0.28126,0.13825,0.10712,0.71287,0.03135,0.57780,0.23916,0.0000,0.0000,-0.0000,0.0000,-0.0000,0.4356,0.0298,-0.0403,0.00,0.2234,0.0331,0.1565,0.0854
14.140,moving,-0.64194,0.10257,0.71351,-0.09263,0.57703,0.01327,0.18095,0.10710,0.71285,0.07250,0.57791,0.28126,0.12394,0.10713,0.71285,0.01650,0.57781,0.22424,0.0000,0.0000,-0.0000,0.0000,-0.0000,0.4356,0.0299,-0.0403,0.00,0.2240,0.0283,0.1564,0.0854
14.160,moving,-0.64194,0.10257,0.71351,-0.09263,0.57703,0.01327,0.18095,0.10710,0.71285,0.07250,0.57791,0.28126,0.10338,0.10713,0.71285,-0.00453,0.57780,0.20317,0.0000,0.0000,-0.0000,0.0000,-0.0000,0.4355,0.0300,-0.0402,0.00,0.2248,0.0216,0.1564,0.0854
14.180,moving,-0.64194,0.10257,0.71351,-0.09263,0.57703,0.01327,0.18095,0.10710,0.71285,0.07250,0.57791,0.28126,0.07856,0.10714,0.71283,-0.02862,0.57779,0.17835,0.0000,0.0000,-0.0000,0.0000,-0.0000,0.4355,0.0301,-0.0402,0.00,0.2255,0.0135,0.1564,0.0854
14.200,moving,-0.64194,0.10257,0.71351,-0.09263,0.57703,0.01327,0.07856,0.10714,0.71283,-0.02862,0.57779,0.17835,0.06872,0.10715,0.71283,-0.03712,0.57773,0.16965,0.0000,0.0000,-0.0000,0.0000,-0.0000,0.4355,0.0298,-0.0403,0.00,0.2257,0.0104,0.1565,0.0854
14.220,moving,-0.64194,0.10257,0.71351,-0.09263,0.57703,0.01327,0.07856,0.10714,0.71283,-0.02862,0.57779,0.17835,0.06069,0.10715,0.71285,-0.04578,0.57773,0.16092,0.0000,0.0000,-0.0000,0.0000,-0.0000,0.4355,0.0297,-0.0403,0.00,0.2258,0.0077,0.1565,0.0854
14.240,moving,-0.64194,0.10257,0.71351,-0.09263,0.57703,0.01327,0.07856,0.10714,0.71283,-0.02862,0.57779,0.17835,0.04640,0.10716,0.71284,-0.06063,0.57774,0.14601,0.0000,0.0000,-0.0000,0.0000,-0.0000,0.4355,0.0298,-0.0403,0.00,0.2261,0.0030,0.1565,0.0854
14.260,moving,-0.64194,0.10257,0.71351,-0.09263,0.57703,0.01327,0.07856,0.10714,0.71283,-0.02862,0.57779,0.17835,0.02579,0.10716,0.71284,-0.07737,0.57774,0.12491,0.0000,0.0000,-0.0000,0.0000,-0.0000,0.4355,0.0300,-0.0402,0.00,0.2262,-0.0034,0.1566,0.0854
14.280,moving,-0.64194,0.10257,0.71351,-0.09263,0.57703,0.01327,0.07856,0.10714,0.71283,-0.02862,0.57779,0.17835,0.00094,0.10716,0.71282,-0.08772,0.57773,0.09998,0.0000,0.0000,-0.0000,0.0000,-0.0000,0.4355,0.0301,-0.0402,0.00,0.2261,-0.0101,0.1567,0.0854
14.300,moving,-0.64194,0.10257,0.71351,-0.09263,0.57703,0.01327,0.07856,0.10714,0.71283,-0.02862,0.57779,0.17835,-0.00825,0.10716,0.71283,-0.09134,0.57770,0.09129,0.0000,0.0000,-0.0000,0.0000,-0.0000,0.4355,0.0297,-0.0403,0.00,0.2260,-0.0126,0.1567,0.0854
14.320,moving,-0.64194,0.10257,0.71351,-0.09263,0.57703,0.01327,-0.00825,0.10716,0.71283,-0.09134,0.57770,0.09129,-0.01645,0.10716,0.71284,-0.09231,0.57770,0.08257,0.0000,0.0000,-0.0000,0.0000,-0.0000,0.4356,0.0297,-0.0403,0.00,0.2259,-0.0145,0.1567,0.0854
14.340,moving,-0.64194,0.10257,0.71351,-0.09263,0.57703,0.01327,-0.00825,0.10716,0.71283,-0.09134,0.57770,0.09129,-0.03084,0.10716,0.71284,-0.09243,0.57771,0.06767,0.0000,0.0000,-0.0000,0.0000,-0.0000,0.4356,0.0298,-0.0403,0.00,0.2257,-0.0178,0.1567,0.0854
14.360,moving,-0.64194,0.10257,0.71351,-0.09263,0.57703,0.01327,-0.00825,0.10716,0.71283,-0.09134,0.57770,0.09129,-0.05147,0.10716,0.71285,-0.09253,0.57771,0.04702,0.0000,0.0000,-0.0000,0.0000,-0.0000,0.4356,0.0299,-0.0402,0.00,0.2253,-0.0224,0.1567,0.0854
14.380,moving,-0.64194,0.10257,0.71351,-0.09263,0.57703,0.01327,-0.00825,0.10716,0.71283,-0.09134,0.57770,0.09129,-0.07630,0.10716,0.71284,-0.09257,0.57772,0.02952,0.0000,0.0000,-0.0000,0.0000,-0.0000,0.4356,0.0300,-0.0402,0.00,0.2247,-0.0280,0.1567,0.0854
14.400,moving,-0.64194,0.10257,0.71351,-0.09263,0.57703,0.01327,-0.00825,0.10716,0.71283,-0.09134,0.57770,0.09129,-0.08543,0.10715,0.71286,-0.09261,0.57770,0.02375,0.0000,0.0000,-0.0000,0.0000,-0.0000,0.4356,0.0297,-0.0403,0.00,0.2244,-0.0301,0.1567,0.0854
14.420,moving,-0.64194,0.10257,0.71351,-0.09263,0.57703,0.01327,-0.00825,0.10716,0.71283,-0.09134,0.57770,0.09129,-0.09365,0.10716,0.71286,-0.09272,0.57771,0.01643,0.0000,0.0000,-0.0000,0.0000,-0.0000,0.4356,0.0296,-0.0403,0.00,0.2241,-0.0319,0.1567,0.0854
14.440,moving,-0.64194,0.10257,0.71351,-0.09263,0.57703,0.01327,-0.09365,0.10716,0.71286,-0.09272,0.57771,0.01643,-0.10809,0.10716,0.71286,-0.09280,0.57772,0.01325,0.0000,0.0000,-0.0000,0.0000,-0.0000,0.4356,0.0297,-0.0403,0.00,0.2236,-0.0352,0.1567,0.0854
14.460,moving,-0.64194,0.10257,0.71351,-0.09263,0.57703,0.01327,-0.09365,0.10716,0.71286,-0.09272,0.57771,0.01643,-0.12877,0.10715,0.71286,-0.09288,0.57772,0.01303,0.0000,0.0000,-0.0000,0.0000,-0.0000,0.4356,0.0299,-0.0402,0.00,0.2229,-0.0398,0.1567,0.0854
14.480,moving,-0.64194,0.10257,0.71351,-0.09263,0.57703,0.01327,-0.09365,0.10716,0.71286,-0.09272,0.57771,0.01643,-0.15358,0.10715,0.71286,-0.09296,0.57773,0.01292,0.0000,0.0000,-0.0000,0.0000,-0.0000,0.4355,0.0300,-0.0402,0.00,0.2218,-0.0453,0.1567,0.0854
14.500,moving,-0.64194,0.10257,0.71351,-0.09263,0.57703,0.01327,-0.09365,0.10716,0.71286,-0.09272,0.57771,0.01643,-0.16271,0.10715,0.71287,-0.09305,0.57772,0.01280,0.0000,0.0000,-0.0000,0.0000,-0.0000,0.4355,0.0297,-0.0403,0.00,0.2214,-0.0474,0.1567,0.0854
14.520,moving,-0.64194,0.10257,0.71351,-0.09263,0.57703,0.01327,-0.09365,0.10716,0.71286,-0.09272,0.57771,0.01643,-0.17097,0.10716,0.71286,-0.09315,0.57773,0.01266,0.0000,0.0000,-0.0000,0.0000,-0.0000,0.4356,0.0296,-0.0403,0.00,0.2210,-0.0492,0.1567,0.0854
14.540,moving,-0.64194,0.10257,0.71351,-0.09263,0.57703,0.01327,-0.09365,0.10716,0.71286,-0.09272,0.57771,0.01643,-0.18543,0.10715,0.71287,-0.09324,0.57773,0.01253,0.0000,0.0000,-0.0000,0.0000,-0.0000,0.4355,0.0297,-0.0403,0.00,0.2202,-0.0524,0.1567,0.0854
14.560,moving,-0.64194,0.10257,0.71351,-0.09263,0.57703,0.01327,-0.18543,0.10715,0.71287,-0.09324,0.57773,0.01253,-0.20612,0.10715,0.71286,-0.09333,0.57775,0.01241,0.0000,0.0000,-0.0000,0.0000,-0.0000,0.4355,0.0298,-0.0403,0.00,0.2191,-0.0570,0.1567,0.0854
14.580,moving,-0.64194,0.10257,0.71351,-0.09263,0.57703,0.01327,-0.18543,0.10715,0.71287,-0.09324,0.57773,0.01253,-0.23091,0.10715,0.71286,-0.09341,0.57775,0.01230,0.0000,0.0000,-0.0000,0.0000,-0.0000,0.4355,0.0299,-0.0402,0.00,0.2176,-0.0624,0.1567,0.0854
14.600,moving,-0.64194,0.10257,0.71351,-0.09263,0.57703,0.01327,-0.18543,0.10715,0.71287,-0.09324,0.57773,0.01253,-0.24005,0.10714,0.71287,-0.09350,0.57774,0.01219,0.0000,0.0000,-0.0000,0.0000,-0.0000,0.4355,0.0296,-0.0403,0.00,0.2171,-0.0644,0.1567,0.0854
14.620,moving,-0.64194,0.10257,0.71351,-0.09263,0.57703,0.01327,-0.18543,0.10715,0.71287,-0.09324,0.57773,0.01253,-0.24832,0.10715,0.71286,-0.09360,0.57776,0.01205,0.0000,0.0000,-0.0000,0.0000,-0.0000,0.4356,0.0296,-0.0403,0.00,0.2165,-0.0662,0.1567,0.0854
14.640,moving,-0.64194,0.10257,0.71351,-0.09263,0.57703,0.01327,-0.18543,0.10715,0.71287,-0.09324,0.57773,0.01253,-0.26280,0.10714,0.71288,-0.09369,0.57776,0.01192,0.0000,0.0000,-0.0000,0.0000,-0.0000,0.4356,0.0297,-0.0403,0.00,0.2155,-0.0693,0.1567,0.0854
14.660,moving,-0.64194,0.10257,0.71351,-0.09263,0.57703,0.01327,-0.18543,0.10715,0.71287,-0.09324,0.57773,0.01253,-0.28351,0.10714,0.71287,-0.09378,0.57777,0.01180,0.0000,0.0000,-0.0000,0.0000,-0.0000,0.4356,0.0298,-0.0403,0.00,0.2140,-0.0738,0.1567,0.0854
14.680,moving,-0.64194,0.10257,0.71351,-0.09263,0.57703,0.01327,-0.28351,0.10714,0.71287,-0.09378,0.57777,0.01180,-0.30826,0.10713,0.71287,-0.09386,0.57777,0.01170,0.0000,0.0000,-0.0000,0.0000,-0.0000,0.4355,0.0299,-0.0402,0.00,0.2121,-0.0791,0.1567,0.0854
14.700,moving,-0.64194,0.10257,0.71351,-0.09263,0.57703,0.01327,-0.28351,0.10714,0.71287,-0.09378,0.57777,0.01180,-0.31742,0.10713,0.71288,-0.09395,0.57776,0.01159,0.0000,0.0000,-0.0000,0.0000,-0.0000,0.4356,0.0296,-0.0403,0.00,0.2114,-0.0810,0.1567,0.0854
14.720,moving,-0.64194,0.10257,0.71351,-0.09263,0.57703,0.01327,-0.28351,0.10714,0.71287,-0.09378,0.57777,0.01180,-0.32570,0.10713,0.71287,-0.09405,0.57778,0.01145,0.0000,0.0000,-0.0000,0.0000,-0.0000,0.4356,0.0295,-0.0403,0.00,0.2107,-0.0828,0.1567,0.0854
14.740,moving,-0.64194,0.10257,0.71351,-0.09263,0.57703,0.01327,-0.28351,0.10714,0.71287,-0.09378,0.57777,0.01180,-0.34020,0.10712,0.71289,-0.09414,0.57778,0.01133,0.0000,0.0000,-0.0000,0.0000,-0.0000,0.4356,0.0296,-0.0403,0.00,0.2095,-0.0858,0.1567,0.0854
14.760,moving,-0.64194,0.10257,0.71351,-0.09263,0.57703,0.01327,-0.28351,0.10714,0.71287,-0.09378,0.57777,0.01180,-0.36092,0.10711,0.71288,-0.09423,0.57779,0.01121,0.0000,0.0000,-0.0000,0.0000,-0.0000,0.4356,0.0298,-0.0403,0.00,0.2077,-0.0901,0.1567,0.0854
14.780,moving,-0.64194,0.10257,0.71351,-0.09263,0.57703,0.01327,-0.28351,0.10714,0.71287,-0.09378,0.57777,0.01180,-0.38563,0.10710,0.71289,-0.09431,0.57779,0.01110,0.0000,0.0000,-0.0000,0.0000,-0.0000,0.4356,0.0298,-0.0402,0.00,0.2054,-0.0953,0.1567,0.0854
14.800,moving,-0.64194,0.10257,0.71351,-0.09263,0.57703,0.01327,-0.38563,0.10710,0.71289,-0.09431,0.57779,0.01110,-0.39480,0.10710,0.71290,-0.09440,0.57778,0.01100,0.0000,0.0000,-0.0000,0.0000,-0.0000,0.4356,0.0296,-0.0403,0.00,0.2045,-0.0971,0.1567,0.0854
14.820,moving,-0.64194,0.10257,0.71351,-0.09263,0.57703,0.01327,-0.38563,0.10710,0.71289,-0.09431,0.57779,0.01110,-0.40308,0.10711,0.71288,-0.09450,0.57781,0.01085,0.0000,0.0000,-0.0000,0.0000,-0.0000,0.4356,0.0295,-0.0403,0.00,0.2037,-0.0988,0.1567,0.0854
14.840,moving,-0.64194,0.10257,0.71351,-0.09263,0.57703,0.01327,-0.38563,0.10710,0.71289,-0.09431,0.57779,0.01110,-0.41759,0.10709,0.71290,-0.09460,0.57780,0.01072,0.0000,0.0000,-0.0000,0.0000,-0.0000,0.4356,0.0296,-0.0403,0.00,0.2022,-0.1018,0.1567,0.0854
14.860,moving,-0.64194,0.10257,0.71351,-0.09263,0.57703,0.01327,-0.38563,0.10710,0.71289,-0.09431,0.57779,0.01110,-0.43833,0.10708,0.71290,-0.09469,0.57781,0.01060,0.0000,0.0000,-0.0000,0.0000,-0.0000,0.4356,0.0297,-0.0403,0.00,0.2001,-0.1060,0.1567,0.0854
14.880,moving,-0.64194,0.10257,0.71351,-0.09263,0.57703,0.01327,-0.38563,0.10710,0.71289,-0.09431,0.57779,0.01110,-0.46299,0.10707,0.71290,-0.09477,0.57782,0.01049,0.0000,0.0000,-0.0000,0.0000,-0.0000,0.4355,0.0298,-0.0403,0.00,0.1974,-0.1109,0.1567,0.0854
14.900,moving,-0.64194,0.10257,0.71351,-0.09263,0.57703,0.01327,-0.38563,0.10710,0.71289,-0.09431,0.57779,0.01110,-0.47220,0.10707,0.71291,-0.09486,0.57780,0.01039,0.0000,0.0000,-0.0000,0.0000,-0.0000,0.4356,0.0295,-0.0403,0.00,0.1963,-0.1127,0.1567,0.0854
14.920,moving,-0.64194,0.10257,0.71351,-0.09263,0.57703,0.01327,-0.47220,0.10707,0.71291,-0.09486,0.57780,0.01039,-0.48048,0.10708,0.71289,-0.09496,0.57783,0.01024,0.0000,0.0000,-0.0000,0.0000,-0.0000,0.4356,0.0295,-0.0403,0.00,0.1954,-0.1143,0.1567,0.0854
14.940,moving,-0.64194,0.10257,0.71351,-0.09263,0.57703,0.01327,-0.47220,0.10707,0.71291,-0.09486,0.57780,0.01039,-0.49500,0.10706,0.71292,-0.09506,0.57783,0.01011,0.0000,0.0000,-0.0000,0.0000,-0.0000,0.4356,0.0295,-0.0403,0.00,0.1937,-0.1172,0.1567,0.0854
14.960,moving,-0.64194,0.10257,0.71351,-0.09263,0.57703,0.01327,-0.47220,0.10707,0.71291,-0.09486,0.57780,0.01039,-0.51574,0.10704,0.71292,-0.09515,0.57783,0.00999,0.0000,0.0000,-0.0000,0.0000,-0.0000,0.4356,0.0297,-0.0403,0.00,0.1912,-0.1212,0.1567,0.0854
14.980,moving,-0.64194,0.10257,0.71351,-0.09263,0.57703,0.01327,-0.47220,0.10707,0.71291,-0.09486,0.57780,0.01039,-0.54036,0.10703,0.71291,-0.09524,0.57784,0.00987,0.0000,0.0000,-0.0000,0.0000,-0.0000,0.4355,0.0297,-0.0403,0.00,0.1882,-0.1258,0.1567,0.0854
15.000,moving,-0.64194,0.10257,0.71351,-0.09263,0.57703,0.01327,-0.47220,0.10707,0.71291,-0.09486,0.57780,0.01039,-0.54961,0.10703,0.71293,-0.09532,0.57782,0.00977,0.0000,0.0000,-0.0000,0.0000,-0.0000,0.4356,0.0295,-0.0403,0.00,0.1870,-0.1276,0.1567,0.0854
15.020,moving,-0.64194,0.10257,0.71351,-0.09263,0.57703,0.01327,-0.47220,0.10707,0.71291,-0.09486,0.57780,0.01039,-0.55789,0.10703,0.71291,-0.09543,0.57785,0.00962,0.0000,0.0000,-0.0000,0.0000,-0.0000,0.4356,0.0295,-0.0403,0.00,0.1859,-0.1291,0.1567,0.0854
15.040,moving,-0.64194,0.10257,0.71351,-0.09263,0.57703,0.01327,-0.55789,0.10703,0.71291,-0.09543,0.57785,0.00962,-0.57243,0.10701,0.71294,-0.09552,0.57784,0.00950,0.0000,0.0000,-0.0000,0.0000,-0.0000,0.4356,0.0295,-0.0403,0.00,0.1840,-0.1318,0.1567,0.0854
15.060,moving,-0.64194,0.10257,0.71351,-0.09263,0.57703,0.01327,-0.55789,0.10703,0.71291,-0.09543,0.57785,0.00962,-0.59317,0.10699,0.71294,-0.09561,0.57785,0.00937,0.0000,0.0000,-0.0000,0.0000,-0.0000,0.4356,0.0296,-0.0403,0.00,0.1813,-0.1356,0.1567,0.0854
15.080,moving,-0.64194,0.10257,0.71351,-0.09263,0.57703,0.01327,-0.55789,0.10703,0.71291,-0.09543,0.57785,0.00962,-0.61463,0.10698,0.71294,-0.09571,0.57786,0.00926,0.0000,0.0000,-0.0000,0.0000,-0.0000,0.4356,0.0297,-0.0403,0.00,0.1783,-0.1395,0.1567,0.0854
15.100,moving,-0.64194,0.10257,0.71351,-0.09263,0.57703,0.01327,-0.55789,0.10703,0.71291,-0.09543,0.57785,0.00962,-0.62164,0.10697,0.71296,-0.09579,0.57784,0.00915,0.0000,0.0000,-0.0000,0.0000,-0.0000,0.4356,0.0295,-0.0403,0.00,0.1773,-0.1408,0.1567,0.0854
15.120,moving,-0.64194,0.10257,0.71351,-0.09263,0.57703,0.01327,-0.55789,0.10703,0.71291,-0.09543,0.57785,0.00962,-0.62989,0.10697,0.71295,-0.09590,0.57786,0.00900,0.0000,0.0000,-0.0000,0.0000,-0.0000,0.4356,0.0294,-0.0404,0.00,0.1761,-0.1422,0.1567,0.0854
15.140,moving,-0.64194,0.10257,0.71351,-0.09263,0.57703,0.01327,-0.55789,0.10703,0.71291,-0.09543,0.57785,0.00962,-0.63796,0.10695,0.71297,-0.09598,0.57786,0.00890,0.0000,0.0000,-0.0000,0.0000,-0.0000,0.4356,0.0294,-0.0404,0.00,0.1750,-0.1436,0.1567,0.0854
15.160,moving,-0.64194,0.10257,0.71351,-0.09263,0.57703,0.01327,-0.63796,0.10695,0.71297,-0.09598,0.57786,0.00890,-0.64028,0.10694,0.71298,-0.09607,0.57786,0.00878,0.0000,0.0000,-0.0000,0.0000,-0.0000,0.4356,0.0294,-0.0404,0.00,0.1746,-0.1441,0.1567,0.0854
15.180,moving,-0.64194,0.10257,0.71351,-0.09263,0.57703,0.01327,-0.63796,0.10695,0.71297,-0.09598,0.57786,0.00890,-0.64025,0.10693,0.71299,-0.09612,0.57786,0.00871,0.0000,0.0000,-0.0000,0.0000,-0.0000,0.4357,0.0294,-0.0404,0.00,0.1746,-0.1440,0.1567,0.0854
15.200,moving,-0.64194,0.10257,0.71351,-0.09263,0.57703,0.01327,-0.63796,0.10695,0.71297,-0.09598,0.57786,0.00890,-0.64019,0.10692,0.71300,-0.09617,0.57786,0.00865,0.0000,0.0000,-0.0000,0.0000,-0.0000,0.4357,0.0295,-0.0404,0.00,0.1746,-0.1440,0.1567,0.0854
15.220,moving,-0.64194,0.10257,0.71351,-0.09263,0.57703,0.01327,-0.63796,0.10695,0.71297,-0.09598,0.57786,0.00890,-0.64013,0.10692,0.71301,-0.09621,0.57787,0.00860,0.0000,0.0000,-0.0000,0.0000,-0.0000,0.4357,0.0295,-0.0403,0.00,0.1746,-0.1440,0.1567,0.0854
15.240,moving,-0.64194,0.10257,0.71351,-0.09263,0.57703,0.01327,-0.63796,0.10695,0.71297,-0.09598,0.57786,0.00890,-0.64009,0.10691,0.71302,-0.09623,0.57786,0.00856,0.0000,0.0000,-0.0000,0.0000,-0.0000,0.4356,0.0296,-0.0403,0.00,0.1746,-0.1440,0.1567,0.0854
15.260,moving,-0.64194,0.10257,0.71351,-0.09263,0.57703,0.01327,-0.63796,0.10695,0.71297,-0.09598,0.57786,0.00890,-0.64004,0.10691,0.71302,-0.09626,0.57787,0.00853,0.0000,0.0000,-0.0000,0.0000,-0.0000,0.4356,0.0296,-0.0403,0.00,0.1747,-0.1440,0.1568,0.0854
15.280,moving,-0.64194,0.10257,0.71351,-0.09263,0.57703,0.01327,-0.64004,0.10691,0.71302,-0.09626,0.57787,0.00853,-0.64001,0.10690,0.71303,-0.09628,0.57787,0.00850,0.0000,0.0000,-0.0000,0.0000,-0.0000,0.4356,0.0296,-0.0403,0.00,0.1747,-0.1440,0.1568,0.0854
15.300,moving,-0.64194,0.10257,0.71351,-0.09263,0.57703,0.01327,-0.64004,0.10691,0.71302,-0.09626,0.57787,0.00853,-0.63999,0.10690,0.71303,-0.09630,0.57787,0.00847,0.0000,0.0000,-0.0000,0.0000,-0.0000,0.4356,0.0296,-0.0403,0.00,0.1747,-0.1440,0.1568,0.0854
15.320,moving,-0.64194,0.10257,0.71351,-0.09263,0.57703,0.01327,-0.64004,0.10691,0.71302,-0.09626,0.57787,0.00853,-0.63996,0.10690,0.71302,-0.09632,0.57788,0.00845,0.0000,0.0000,-0.0000,0.0000,-0.0000,0.4355,0.0295,-0.0403,0.00,0.1747,-0.1440,0.1568,0.0854
15.340,moving,-0.64194,0.10257,0.71351,-0.09263,0.57703,0.01327,-0.64004,0.10691,0.71302,-0.09626,0.57787,0.00853,-0.63995,0.10690,0.71303,-0.09633,0.57788,0.00843,0.0000,0.0000,-0.0000,0.0000,-0.0000,0.4355,0.0295,-0.0403,0.00,0.1747,-0.1440,0.1568,0.0854
15.360,moving,-0.64194,0.10257,0.71351,-0.09263,0.57703,0.01327,-0.64004,0.10691,0.71302,-0.09626,0.57787,0.00853,-0.63993,0.10690,0.71302,-0.09634,0.57788,0.00841,0.0000,0.0000,-0.0000,0.0000,-0.0000,0.4355,0.0295,-0.0403,0.00,0.1747,-0.1440,0.1568,0.0854
15.380,moving,-0.64194,0.10257,0.71351,-0.09263,0.57703,0.01327,-0.64004,0.10691,0.71302,-0.09626,0.57787,0.00853,-0.63992,0.10690,0.71303,-0.09635,0.57787,0.00841,0.0000,0.0000,-0.0000,0.0000,-0.0000,0.4355,0.0295,-0.0403,0.00,0.1747,-0.1440,0.1568,0.0854
15.400,moving,-0.64194,0.10257,0.71351,-0.09263,0.57703,0.01327,-0.63992,0.10690,0.71303,-0.09635,0.57787,0.00841,-0.63991,0.10690,0.71302,-0.09636,0.57788,0.00840,0.0000,0.0000,-0.0000,0.0000,-0.0000,0.4355,0.0295,-0.0403,0.00,0.1747,-0.1440,0.1568,0.0854
15.420,moving,-0.64194,0.10257,0.71351,-0.09263,0.57703,0.01327,-0.63992,0.10690,0.71303,-0.09635,0.57787,0.00841,-0.63991,0.10690,0.71303,-0.09636,0.57788,0.00839,0.0000,0.0000,-0.0000,0.0000,-0.0000,0.4355,0.0295,-0.0403,0.00,0.1747,-0.1440,0.1568,0.0854
15.440,moving,-0.64194,0.10257,0.71351,-0.09263,0.57703,0.01327,-0.63992,0.10690,0.71303,-0.09635,0.57787,0.00841,-0.63989,0.10690,0.71302,-0.09637,0.57788,0.00838,0.0000,0.0000,-0.0000,0.0000,-0.0000,0.4356,0.0295,-0.0403,0.00,0.1747,-0.1440,0.1568,0.0854
15.460,moving,-0.64194,0.10257,0.71351,-0.09263,0.57703,0.01327,-0.63992,0.10690,0.71303,-0.09635,0.57787,0.00841,-0.63989,0.10690,0.71303,-0.09637,0.57788,0.00838,0.0000,0.0000,-0.0000,0.0000,-0.0000,0.4356,0.0296,-0.0403,0.00,0.1747,-0.1440,0.1568,0.0854
15.480,moving,-0.64194,0.10257,0.71351,-0.09263,0.57703,0.01327,-0.63992,0.10690,0.71303,-0.09635,0.57787,0.00841,-0.63989,0.10690,0.71303,-0.09637,0.57788,0.00838,0.0000,0.0000,-0.0000,0.0000,-0.0000,0.4356,0.0295,-0.0403,0.00,0.1747,-0.1440,0.1568,0.0854
15.500,detect,-0.64194,0.10257,0.71351,-0.09263,0.57703,0.01327,-0.63992,0.10690,0.71303,-0.09635,0.57787,0.00841,-0.63988,0.10690,0.71303,-0.09637,0.57788,0.00838,0.0000,0.0000,-0.0000,0.0000,-0.0000,0.4356,0.0295,-0.0403,0.00,0.1747,-0.1440,0.1568,0.0854
15.520,detect,-0.64194,0.10257,0.71351,-0.09263,0.57703,0.01327,-0.63988,0.10690,0.71303,-0.09637,0.57788,0.00838,-0.63989,0.10689,0.71303,-0.09637,0.57788,0.00838,0.0000,0.0000,-0.0000,0.0000,-0.0000,0.4356,0.0295,-0.0403,0.00,0.1747,-0.1440,0.1568,0.0854
15.540,detect,-0.64194,0.10257,0.71351,-0.09263,0.57703,0.01327,-0.63988,0.10690,0.71303,-0.09637,0.57788,0.00838,-0.63988,0.10689,0.71303,-0.09637,0.57788,0.00838,0.0000,0.0000,-0.0000,0.0000,-0.0000,0.4356,0.0295,-0.0403,0.00,0.1747,-0.1440,0.1568,0.0854
15.560,detect,-0.64194,0.10257,0.71351,-0.09263,0.57703,0.01327,-0.63988,0.10690,0.71303,-0.09637,0.57788,0.00838,-0.63988,0.10689,0.71303,-0.09637,0.57788,0.00838,0.0000,0.0000,-0.0000,0.0000,-0.0000,0.4356,0.0295,-0.0403,0.00,0.1747,-0.1440,0.1568,0.0854
15.580,detect,-0.64194,0.10257,0.71351,-0.09263,0.57703,0.01327,-0.63988,0.10690,0.71303,-0.09637,0.57788,0.00838,-0.63988,0.10689,0.71303,-0.09638,0.57788,0.00837,0.0000,0.0000,-0.0000,0.0000,-0.0000,0.4356,0.0295,-0.0403,0.00,0.1747,-0.1440,0.1568,0.0854
15.600,detect,-0.64194,0.10257,0.71351,-0.09263,0.57703,0.01327,-0.63988,0.10690,0.71303,-0.09637,0.57788,0.00838,-0.63989,0.10689,0.71304,-0.09638,0.57787,0.00837,0.0000,0.0000,-0.0000,0.0000,-0.0000,0.4356,0.0295,-0.0403,0.00,0.1747,-0.1440,0.1568,0.0854
15.620,detect,-0.64194,0.10257,0.71351,-0.09263,0.57703,0.01327,-0.63988,0.10690,0.71303,-0.09637,0.57788,0.00838,-0.63988,0.10689,0.71303,-0.09638,0.57788,0.00837,0.0000,0.0000,-0.0000,0.0000,-0.0000,0.4356,0.0295,-0.0403,0.00,0.1747,-0.1440,0.1568,0.0854
15.640,detect,-0.64194,0.10257,0.71351,-0.09263,0.57703,0.01327,-0.63988,0.10689,0.71303,-0.09638,0.57788,0.00837,-0.63988,0.10689,0.71304,-0.09638,0.57788,0.00837,0.0000,0.0000,-0.0000,0.0000,-0.0000,0.4356,0.0295,-0.0403,0.00,0.1747,-0.1440,0.1568,0.0854
15.660,detect,-0.64194,0.10257,0.71351,-0.09263,0.57703,0.01327,-0.63988,0.10689,0.71303,-0.09638,0.57788,0.00837,-0.63988,0.10689,0.71303,-0.09638,0.57788,0.00837,0.0000,0.0000,-0.0000,0.0000,-0.0000,0.4356,0.0295,-0.0403,0.00,0.1747,-0.1440,0.1568,0.0854
15.680,detect,-0.64194,0.10257,0.71351,-0.09263,0.57703,0.01327,-0.63988,0.10689,0.71303,-0.09638,0.57788,0.00837,-0.63988,0.10689,0.71303,-0.09638,0.57788,0.00837,0.0000,0.0000,-0.0000,0.0000,-0.0000,0.4356,0.0295,-0.0403,0.00,0.1747,-0.1440,0.1568,0.0854
15.700,detect,-0.64194,0.10257,0.71351,-0.09263,0.57703,0.01327,-0.63988,0.10689,0.71303,-0.09638,0.57788,0.00837,-0.63987,0.10689,0.71303,-0.09638,0.57788,0.00837,0.0000,0.0000,-0.0000,0.0000,-0.0000,0.4356,0.0295,-0.0403,0.00,0.1747,-0.1440,0.1568,0.0854
15.720,detect,-0.64194,0.10257,0.71351,-0.09263,0.57703,0.01327,-0.63988,0.10689,0.71303,-0.09638,0.57788,0.00837,-0.63987,0.10690,0.71303,-0.09638,0.57788,0.00837,0.0000,0.0000,-0.0000,0.0000,-0.0000,0.4356,0.0295,-0.0403,0.00,0.1747,-0.1440,0.1568,0.0854
15.740,detect,-0.64194,0.10257,0.71351,-0.09263,0.57703,0.01327,-0.63988,0.10689,0.71303,-0.09638,0.57788,0.00837,-0.63987,0.10689,0.71303,-0.09638,0.57788,0.00836,0.0000,0.0000,-0.0000,0.0000,-0.0000,0.4356,0.0295,-0.0403,0.00,0.1747,-0.1440,0.1568,0.0854
15.760,detect,-0.64194,0.10257,0.71351,-0.09263,0.57703,0.01327,-0.63987,0.10689,0.71303,-0.09638,0.57788,0.00836,-0.63987,0.10690,0.71303,-0.09638,0.57788,0.00836,0.0000,0.0000,-0.0000,0.0000,-0.0000,0.4356,0.0295,-0.0403,0.00,0.1747,-0.1440,0.1568,0.0854
15.780,detect,-0.64194,0.10257,0.71351,-0.09263,0.57703,0.01327,-0.63987,0.10689,0.71303,-0.09638,0.57788,0.00836,-0.63987,0.10689,0.71303,-0.09638,0.57788,0.00836,0.0000,0.0000,-0.0000,0.0000,-0.0000,0.4356,0.0295,-0.0403,0.00,0.1747,-0.1440,0.1568,0.0854
15.800,detect,-0.64194,0.10257,0.71351,-0.09263,0.57703,0.01327,-0.63987,0.10689,0.71303,-0.09638,0.57788,0.00836,-0.63987,0.10690,0.71303,-0.09638,0.57788,0.00836,0.0000,0.0000,-0.0000,0.0000,-0.0000,0.4356,0.0295,-0.0403,0.00,0.1747,-0.1440,0.1568,0.0854
15.820,detect,-0.64194,0.10257,0.71351,-0.09263,0.57703,0.01327,-0.63987,0.10689,0.71303,-0.09638,0.57788,0.00836,-0.63988,0.10689,0.71304,-0.09638,0.57788,0.00837,0.0000,0.0000,-0.0000,0.0000,-0.0000,0.4356,0.0295,-0.0403,0.00,0.1747,-0.1440,0.1568,0.0854
15.840,detect,-0.64194,0.10257,0.71351,-0.09263,0.57703,0.01327,-0.63987,0.10689,0.71303,-0.09638,0.57788,0.00836,-0.63987,0.10690,0.71303,-0.09638,0.57788,0.00836,0.0000,0.0000,-0.0000,0.0000,-0.0000,0.4356,0.0295,-0.0403,0.00,0.1747,-0.1440,0.1568,0.0854
15.860,detect,-0.64194,0.10257,0.71351,-0.09263,0.57703,0.01327,-0.63987,0.10689,0.71303,-0.09638,0.57788,0.00836,-0.63988,0.10689,0.71304,-0.09638,0.57788,0.00837,0.0000,0.0000,-0.0000,0.0000,-0.0000,0.4356,0.0295,-0.0403,0.00,0.1747,-0.1440,0.1568,0.0854
15.880,detect,-0.64194,0.10257,0.71351,-0.09263,0.57703,0.01327,-0.63988,0.10689,0.71304,-0.09638,0.57788,0.00837,-0.63987,0.10689,0.71303,-0.09638,0.57788,0.00837,0.0000,0.0000,-0.0000,0.0000,-0.0000,0.4356,0.0295,-0.0403,0.00,0.1747,-0.1440,0.1568,0.0854
15.900,detect,-0.64194,0.10257,0.71351,-0.09263,0.57703,0.01327,-0.63988,0.10689,0.71304,-0.09638,0.57788,0.00837,-0.63987,0.10689,0.71303,-0.09638,0.57788,0.00837,0.0000,0.0000,-0.0000,0.0000,-0.0000,0.4356,0.0295,-0.0403,0.00,0.1747,-0.1440,0.1568,0.0854
15.920,detect,-0.64194,0.10257,0.71351,-0.09263,0.57703,0.01327,-0.63988,0.10689,0.71304,-0.09638,0.57788,0.00837,-0.63987,0.10689,0.71303,-0.09638,0.57788,0.00837,0.0000,0.0000,-0.0000,0.0000,-0.0000,0.4356,0.0295,-0.0403,0.00,0.1747,-0.1440,0.1568,0.0854
15.940,detect,-0.64194,0.10257,0.71351,-0.09263,0.57703,0.01327,-0.63988,0.10689,0.71304,-0.09638,0.57788,0.00837,-0.63987,0.10689,0.71303,-0.09638,0.57788,0.00837,0.0000,0.0000,-0.0000,0.0000,-0.0000,0.4356,0.0295,-0.0403,0.00,0.1747,-0.1440,0.1568,0.0854
15.960,detect,-0.64194,0.10257,0.71351,-0.09263,0.57703,0.01327,-0.63988,0.10689,0.71304,-0.09638,0.57788,0.00837,-0.63987,0.10689,0.71303,-0.09638,0.57788,0.00837,0.0000,0.0000,-0.0000,0.0000,-0.0000,0.4356,0.0295,-0.0403,0.00,0.1747,-0.1440,0.1568,0.0854
15.980,detect,-0.64194,0.10257,0.71351,-0.09263,0.57703,0.01327,-0.63988,0.10689,0.71304,-0.09638,0.57788,0.00837,-0.63987,0.10689,0.71303,-0.09638,0.57788,0.00836,0.0000,0.0000,-0.0000,0.0000,-0.0000,0.4356,0.0295,-0.0403,0.00,0.1747,-0.1440,0.1568,0.0854
16.000,detect,-0.64194,0.10257,0.71351,-0.09263,0.57703,0.01327,-0.63987,0.10689,0.71303,-0.09638,0.57788,0.00836,-0.63987,0.10689,0.71303,-0.09638,0.57788,0.00836,0.0000,0.0000,-0.0000,0.0000,-0.0000,0.4356,0.0295,-0.0403,0.00,0.1747,-0.1440,0.1568,0.0854
16.020,detect,-0.64194,0.10257,0.71351,-0.09263,0.57703,0.01327,-0.63987,0.10689,0.71303,-0.09638,0.57788,0.00836,-0.63987,0.10689,0.71303,-0.09638,0.57788,0.00837,0.0000,0.0000,-0.0000,0.0000,-0.0000,0.4356,0.0295,-0.0403,0.00,0.1747,-0.1440,0.1568,0.0854
16.040,detect,-0.64194,0.10257,0.71351,-0.09263,0.57703,0.01327,-0.63987,0.10689,0.71303,-0.09638,0.57788,0.00836,-0.63988,0.10689,0.71304,-0.09638,0.57788,0.00837,0.0000,0.0000,-0.0000,0.0000,-0.0000,0.4356,0.0295,-0.0403,0.00,0.1747,-0.1440,0.1568,0.0854
16.060,detect,-0.64194,0.10257,0.71351,-0.09263,0.57703,0.01327,-0.63987,0.10689,0.71303,-0.09638,0.57788,0.00836,-0.63987,0.10689,0.71303,-0.09638,0.57788,0.00837,0.0000,0.0000,-0.0000,0.0000,-0.0000,0.4356,0.0295,-0.0403,0.00,0.1747,-0.1440,0.1568,0.0854
16.080,detect,-0.64194,0.10257,0.71351,-0.09263,0.57703,0.01327,-0.63987,0.10689,0.71303,-0.09638,0.57788,0.00836,-0.63987,0.10689,0.71303,-0.09638,0.57788,0.00836,0.0000,0.0000,-0.0000,0.0000,-0.0000,0.4356,0.0295,-0.0403,0.00,0.1747,-0.1440,0.1568,0.0854
16.100,detect,-0.64194,0.10257,0.71351,-0.09263,0.57703,0.01327,-0.63987,0.10689,0.71303,-0.09638,0.57788,0.00836,-0.63987,0.10689,0.71303,-0.09638,0.57788,0.00836,0.0000,0.0000,-0.0000,0.0000,-0.0000,0.4356,0.0295,-0.0403,0.00,0.1747,-0.1440,0.1568,0.0854
16.120,detect,-0.64194,0.10257,0.71351,-0.09263,0.57703,0.01327,-0.63987,0.10689,0.71303,-0.09638,0.57788,0.00836,-0.63988,0.10689,0.71304,-0.09638,0.57788,0.00837,0.0000,0.0000,-0.0000,0.0000,-0.0000,0.4356,0.0295,-0.0403,0.00,0.1747,-0.1440,0.1568,0.0854
16.140,detect,-0.64194,0.10257,0.71351,-0.09263,0.57703,0.01327,-0.63987,0.10689,0.71303,-0.09638,0.57788,0.00836,-0.63987,0.10689,0.71303,-0.09638,0.57788,0.00836,0.0000,0.0000,-0.0000,0.0000,-0.0000,0.4356,0.0295,-0.0403,0.00,0.1747,-0.1440,0.1568,0.0854
16.160,detect,-0.64194,0.10257,0.71351,-0.09263,0.57703,0.01327,-0.63987,0.10689,0.71303,-0.09638,0.57788,0.00836,-0.63988,0.10689,0.71303,-0.09638,0.57788,0.00837,0.0000,0.0000,-0.0000,0.0000,-0.0000,0.4356,0.0295,-0.0403,0.00,0.1747,-0.1440,0.1568,0.0854
16.180,detect,-0.64194,0.10257,0.71351,-0.09263,0.57703,0.01327,-0.63987,0.10689,0.71303,-0.09638,0.57788,0.00836,-0.63987,0.10689,0.71303,-0.09638,0.57788,0.00837,0.0000,0.0000,-0.0000,0.0000,-0.0000,0.4356,0.0295,-0.0403,0.00,0.1747,-0.1440,0.1568,0.0854
16.200,detect,-0.64194,0.10257,0.71351,-0.09263,0.57703,0.01327,-0.63987,0.10689,0.71303,-0.09638,0.57788,0.00836,-0.63987,0.10690,0.71303,-0.09638,0.57788,0.00837,0.0000,0.0000,-0.0000,0.0000,-0.0000,0.4356,0.0295,-0.0403,0.00,0.1747,-0.1440,0.1568,0.0854
16.220,detect,-0.64194,0.10257,0.71351,-0.09263,0.57703,0.01327,-0.63987,0.10689,0.71303,-0.09638,0.57788,0.00836,-0.63987,0.10689,0.71303,-0.09638,0.57788,0.00837,0.0000,0.0000,-0.0000,0.0000,-0.0000,0.4356,0.0295,-0.0403,0.00,0.1747,-0.1440,0.1568,0.0854
16.240,detect,-0.64194,0.10257,0.71351,-0.09263,0.57703,0.01327,-0.63987,0.10689,0.71303,-0.09638,0.57788,0.00837,-0.63987,0.10690,0.71303,-0.09638,0.57788,0.00837,0.0000,0.0000,-0.0000,0.0000,-0.0000,0.4356,0.0295,-0.0403,0.00,0.1747,-0.1440,0.1568,0.0854
16.260,detect,-0.64194,0.10257,0.71351,-0.09263,0.57703,0.01327,-0.63987,0.10689,0.71303,-0.09638,0.57788,0.00837,-0.63987,0.10689,0.71303,-0.09638,0.57788,0.00837,0.0000,0.0000,-0.0000,0.0000,-0.0000,0.4356,0.0295,-0.0403,0.00,0.1747,-0.1440,0.1568,0.0854
16.280,detect,-0.64194,0.10257,0.71351,-0.09263,0.57703,0.01327,-0.63987,0.10689,0.71303,-0.09638,0.57788,0.00837,-0.63987,0.10689,0.71303,-0.09638,0.57788,0.00837,0.0000,0.0000,-0.0000,0.0000,-0.0000,0.4356,0.0295,-0.0403,0.00,0.1747,-0.1440,0.1568,0.0854
16.300,detect,-0.64194,0.10257,0.71351,-0.09263,0.57703,0.01327,-0.63987,0.10689,0.71303,-0.09638,0.57788,0.00837,-0.63988,0.10689,0.71304,-0.09638,0.57788,0.00837,0.0000,0.0000,-0.0000,0.0000,-0.0000,0.4356,0.0295,-0.0403,0.00,0.1747,-0.1440,0.1568,0.0854
16.320,detect,-0.64194,0.10257,0.71351,-0.09263,0.57703,0.01327,-0.63987,0.10689,0.71303,-0.09638,0.57788,0.00837,-0.63987,0.10689,0.71303,-0.09638,0.57788,0.00836,0.0000,0.0000,-0.0000,0.0000,-0.0000,0.4356,0.0295,-0.0403,0.00,0.1747,-0.1440,0.1568,0.0854
16.340,detect,-0.64194,0.10257,0.71351,-0.09263,0.57703,0.01327,-0.63987,0.10689,0.71303,-0.09638,0.57788,0.00837,-0.63988,0.10689,0.71304,-0.09638,0.57788,0.00837,0.0000,0.0000,-0.0000,0.0000,-0.0000,0.4356,0.0295,-0.0403,0.00,0.1747,-0.1440,0.1568,0.0854
16.360,detect,-0.64194,0.10257,0.71351,-0.09263,0.57703,0.01327,-0.63988,0.10689,0.71304,-0.09638,0.57788,0.00837,-0.63987,0.10689,0.71303,-0.09638,0.57788,0.00836,0.0000,0.0000,-0.0000,0.0000,-0.0000,0.4356,0.0295,-0.0403,0.00,0.1747,-0.1440,0.1568,0.0854
16.380,detect,-0.64194,0.10257,0.71351,-0.09263,0.57703,0.01327,-0.63988,0.10689,0.71304,-0.09638,0.57788,0.00837,-0.63987,0.10689,0.71303,-0.09638,0.57788,0.00837,0.0000,0.0000,-0.0000,0.0000,-0.0000,0.4356,0.0295,-0.0403,0.00,0.1747,-0.1440,0.1568,0.0854
16.400,detect,-0.64194,0.10257,0.71351,-0.09263,0.57703,0.01327,-0.63988,0.10689,0.71304,-0.09638,0.57788,0.00837,-0.63987,0.10689,0.71303,-0.09638,0.57788,0.00836,0.0000,0.0000,-0.0000,0.0000,-0.0000,0.4356,0.0295,-0.0403,0.00,0.1747,-0.1440,0.1568,0.0854
16.420,detect,-0.64194,0.10257,0.71351,-0.09263,0.57703,0.01327,-0.63988,0.10689,0.71304,-0.09638,0.57788,0.00837,-0.63987,0.10690,0.71303,-0.09638,0.57788,0.00837,0.0000,0.0000,-0.0000,0.0000,-0.0000,0.4356,0.0295,-0.0403,0.00,0.1747,-0.1440,0.1568,0.0854
16.440,detect,-0.64194,0.10257,0.71351,-0.09263,0.57703,0.01327,-0.63988,0.10689,0.71304,-0.09638,0.57788,0.00837,-0.63987,0.10689,0.71303,-0.09638,0.57788,0.00837,0.0000,0.0000,-0.0000,0.0000,-0.0000,0.4356,0.0295,-0.0403,0.00,0.1747,-0.1440,0.1568,0.0854
16.460,detect,-0.64194,0.10257,0.71351,-0.09263,0.57703,0.01327,-0.63988,0.10689,0.71304,-0.09638,0.57788,0.00837,-0.63987,0.10690,0.71303,-0.09638,0.57788,0.00837,0.0000,0.0000,-0.0000,0.0000,-0.0000,0.4356,0.0295,-0.0403,0.00,0.1747,-0.1440,0.1568,0.0854
16.480,detect,-0.64194,0.10257,0.71351,-0.09263,0.57703,0.01327,-0.63987,0.10690,0.71303,-0.09638,0.57788,0.00837,-0.63987,0.10689,0.71303,-0.09638,0.57788,0.00837,0.0000,0.0000,-0.0000,0.0000,-0.0000,0.4356,0.0295,-0.0403,0.00,0.1747,-0.1440,0.1568,0.0854
16.500,detect,-0.64194,0.10257,0.71351,-0.09263,0.57703,0.01327,-0.63987,0.10690,0.71303,-0.09638,0.57788,0.00837,-0.63987,0.10689,0.71303,-0.09638,0.57788,0.00836,0.0000,0.0000,-0.0000,0.0000,-0.0000,0.4356,0.0295,-0.0403,0.00,0.1747,-0.1440,0.1568,0.0854
16.520,detect,-0.64194,0.10257,0.71351,-0.09263,0.57703,0.01327,-0.63987,0.10690,0.71303,-0.09638,0.57788,0.00837,-0.63988,0.10689,0.71304,-0.09638,0.57788,0.00837,0.0000,0.0000,-0.0000,0.0000,-0.0000,0.4356,0.0295,-0.0403,0.00,0.1747,-0.1440,0.1568,0.0854
16.540,detect,-0.64194,0.10257,0.71351,-0.09263,0.57703,0.01327,-0.63987,0.10690,0.71303,-0.09638,0.57788,0.00837,-0.63987,0.10689,0.71303,-0.09638,0.57788,0.00836,0.0000,0.0000,-0.0000,0.0000,-0.0000,0.4356,0.0295,-0.0403,0.00,0.1747,-0.1440,0.1568,0.0854
16.560,detect,-0.64194,0.10257,0.71351,-0.09263,0.57703,0.01327,-0.63987,0.10690,0.71303,-0.09638,0.57788,0.00837,-0.63988,0.10689,0.71304,-0.09638,0.57788,0.00837,0.0000,0.0000,-0.0000,0.0000,-0.0000,0.4356,0.0295,-0.0403,0.00,0.1747,-0.1440,0.1568,0.0854
16.580,detect,-0.64194,0.10257,0.71351,-0.09263,0.57703,0.01327,-0.63987,0.10690,0.71303,-0.09638,0.57788,0.00837,-0.63987,0.10689,0.71303,-0.09638,0.57788,0.00837,0.0000,0.0000,-0.0000,0.0000,-0.0000,0.4356,0.0295,-0.0403,0.00,0.1747,-0.1440,0.1568,0.0854
16.600,detect,-0.64194,0.10257,0.71351,-0.09263,0.57703,0.01327,-0.63987,0.10689,0.71303,-0.09638,0.57788,0.00837,-0.63987,0.10689,0.71303,-0.09638,0.57788,0.00837,0.0000,0.0000,-0.0000,0.0000,-0.0000,0.4356,0.0295,-0.0403,0.00,0.1747,-0.1440,0.1568,0.0854
16.620,detect,-0.64194,0.10257,0.71351,-0.09263,0.57703,0.01327,-0.63987,0.10689,0.71303,-0.09638,0.57788,0.00837,-0.63987,0.10689,0.71303,-0.09638,0.57788,0.00837,0.0000,0.0000,-0.0000,0.0000,-0.0000,0.4356,0.0295,-0.0403,0.00,0.1747,-0.1440,0.1568,0.0854
16.640,detect,-0.64194,0.10257,0.71351,-0.09263,0.57703,0.01327,-0.63987,0.10689,0.71303,-0.09638,0.57788,0.00837,-0.63987,0.10690,0.71303,-0.09638,0.57788,0.00837,0.0000,0.0000,-0.0000,0.0000,-0.0000,0.4356,0.0295,-0.0403,0.00,0.1747,-0.1440,0.1568,0.0854
16.660,detect,-0.64194,0.10257,0.71351,-0.09263,0.57703,0.01327,-0.63987,0.10689,0.71303,-0.09638,0.57788,0.00837,-0.63987,0.10689,0.71303,-0.09638,0.57788,0.00837,0.0000,0.0000,-0.0000,0.0000,-0.0000,0.4356,0.0295,-0.0403,0.00,0.1747,-0.1440,0.1568,0.0854
16.680,detect,-0.64194,0.10257,0.71351,-0.09263,0.57703,0.01327,-0.63987,0.10689,0.71303,-0.09638,0.57788,0.00837,-0.63987,0.10690,0.71303,-0.09638,0.57788,0.00837,0.0000,0.0000,-0.0000,0.0000,-0.0000,0.4356,0.0295,-0.0403,0.00,0.1747,-0.1440,0.1568,0.0854
16.700,detect,-0.64194,0.10257,0.71351,-0.09263,0.57703,0.01327,-0.63987,0.10689,0.71303,-0.09638,0.57788,0.00837,-0.63987,0.10689,0.71303,-0.09638,0.57788,0.00837,0.0000,0.0000,-0.0000,0.0000,-0.0000,0.4356,0.0295,-0.0403,0.00,0.1747,-0.1440,0.1568,0.0854
16.720,detect,-0.64194,0.10257,0.71351,-0.09263,0.57703,0.01327,-0.63987,0.10689,0.71303,-0.09638,0.57788,0.00837,-0.63987,0.10689,0.71303,-0.09638,0.57788,0.00836,0.0000,0.0000,-0.0000,0.0000,-0.0000,0.4356,0.0295,-0.0403,0.00,0.1747,-0.1440,0.1568,0.0854
16.740,detect,-0.64194,0.10257,0.71351,-0.09263,0.57703,0.01327,-0.63987,0.10689,0.71303,-0.09638,0.57788,0.00837,-0.63988,0.10689,0.71304,-0.09638,0.57788,0.00837,0.0000,0.0000,-0.0000,0.0000,-0.0000,0.4356,0.0295,-0.0403,0.00,0.1747,-0.1440,0.1568,0.0854
16.760,detect,-0.64194,0.10257,0.71351,-0.09263,0.57703,0.01327,-0.63987,0.10689,0.71303,-0.09638,0.57788,0.00837,-0.63987,0.10689,0.71303,-0.09638,0.57788,0.00836,0.0000,0.0000,-0.0000,0.0000,-0.0000,0.4356,0.0295,-0.0403,0.00,0.1747,-0.1440,0.1568,0.0854
16.780,detect,-0.64194,0.10257,0.71351,-0.09263,0.57703,0.01327,-0.63987,0.10689,0.71303,-0.09638,0.57788,0.00837,-0.63988,0.10689,0.71304,-0.09638,0.57788,0.00837,0.0000,0.0000,-0.0000,0.0000,-0.0000,0.4356,0.0295,-0.0403,0.00,0.1747,-0.1440,0.1568,0.0854
16.800,detect,-0.64194,0.10257,0.71351,-0.09263,0.57703,0.01327,-0.63987,0.10689,0.71303,-0.09638,0.57788,0.00837,-0.63987,0.10689,0.71303,-0.09638,0.57788,0.00836,0.0000,0.0000,-0.0000,0.0000,-0.0000,0.4356,0.0295,-0.0403,0.00,0.1747,-0.1440,0.1568,0.0854
16.820,detect,-0.64194,0.10257,0.71351,-0.09263,0.57703,0.01327,-0.63987,0.10689,0.71303,-0.09638,0.57788,0.00837,-0.63987,0.10689,0.71303,-0.09638,0.57788,0.00837,0.0000,0.0000,-0.0000,0.0000,-0.0000,0.4356,0.0295,-0.0403,0.00,0.1747,-0.1440,0.1568,0.0854
16.840,detect,-0.64194,0.10257,0.71351,-0.09263,0.57703,0.01327,-0.63987,0.10689,0.71303,-0.09638,0.57788,0.00837,-0.63987,0.10689,0.71303,-0.09638,0.57788,0.00836,0.0000,0.0000,-0.0000,0.0000,-0.0000,0.4356,0.0295,-0.0403,0.00,0.1747,-0.1440,0.1568,0.0854
16.860,detect,-0.64194,0.10257,0.71351,-0.09263,0.57703,0.01327,-0.63987,0.10689,0.71303,-0.09638,0.57788,0.00837,-0.63987,0.10689,0.71303,-0.09638,0.57788,0.00837,0.0000,0.0000,-0.0000,0.0000,-0.0000,0.4356,0.0295,-0.0403,0.00,0.1747,-0.1440,0.1568,0.0854
16.880,detect,-0.64194,0.10257,0.71351,-0.09263,0.57703,0.01327,-0.63987,0.10689,0.71303,-0.09638,0.57788,0.00837,-0.63987,0.10689,0.71303,-0.09638,0.57788,0.00836,0.0000,0.0000,-0.0000,0.0000,-0.0000,0.4356,0.0295,-0.0403,0.00,0.1747,-0.1440,0.1568,0.0854
16.900,detect,-0.64194,0.10257,0.71351,-0.09263,0.57703,0.01327,-0.63987,0.10689,0.71303,-0.09638,0.57788,0.00837,-0.63987,0.10689,0.71303,-0.09638,0.57788,0.00837,0.0000,0.0000,-0.0000,0.0000,-0.0000,0.4356,0.0295,-0.0403,0.00,0.1747,-0.1440,0.1568,0.0854
16.920,detect,-0.64194,0.10257,0.71351,-0.09263,0.57703,0.01327,-0.63987,0.10689,0.71303,-0.09638,0.57788,0.00837,-0.63988,0.10689,0.71304,-0.09638,0.57788,0.00837,0.0000,0.0000,-0.0000,0.0000,-0.0000,0.4356,0.0295,-0.0403,0.00,0.1747,-0.1440,0.1568,0.0854
16.940,failed,-0.64194,0.10257,0.71351,-0.09263,0.57703,0.01327,-0.63987,0.10689,0.71303,-0.09638,0.57788,0.00837,-0.63987,0.10689,0.71303,-0.09638,0.57788,0.00836,0.0000,0.0000,-0.0000,0.0000,-0.0000,0.4356,0.0295,-0.0403,0.00,0.1747,-0.1440,0.1568,0.0854
