step,wall_time,Episode_Reward/action_rate,Episode_Reward/action_rate_arm,Episode_Reward/alive,Episode_Reward/ang_vel_xy,Episode_Reward/base_height,Episode_Reward/collision,Episode_Reward/dof_acc,Episode_Reward/dof_acc_arm,Episode_Reward/dof_pos_limits,Episode_Reward/dof_vel,Episode_Reward/dof_vel_arm,Episode_Reward/feet_air_time,Episode_Reward/feet_contact_forces,Episode_Reward/feet_contact_number,Episode_Reward/feet_drag,Episode_Reward/feet_height,Episode_Reward/feet_height_high,Episode_Reward/feet_pos_xy,Episode_Reward/hip_pos,Episode_Reward/lin_vel_z,Episode_Reward/ref_dof_leg,Episode_Reward/stand_still,Episode_Reward/torque_limits,Episode_Reward/torques,Episode_Reward/tracking_ang_vel,Episode_Reward/tracking_ee_force_world,Episode_Reward/tracking_lin_vel_force_world,Loss/base_velocity,Loss/effective_lr,Loss/entropy,Loss/estimator,Loss/force_base,Loss/force_ee,Loss/gripper_pos,Loss/kl,Loss/kl_above_upper,Loss/kl_below_lower,Loss/learning_rate,Loss/surrogate,Loss/value,Perf/collection_time,Perf/learning_time,Perf/total_fps,Policy/mean_std,Train/mean_episode_length,Train/mean_reward
0,1789944754.295,-0.01019691,-0.01383025,0.0345,-0.002054809,-6.961143e-05,0,-0.005291524,-0.0007567256,0,-0.003542736,-4.972272e-05,0,-0.000180422,0.02455,-0.0006233064,0,0,-0.001075963,-0.001303619,-0.004322519,0.0182386,0.01023498,-0.0001257867,-8.805006e-05,0.008982233,0.03409589,0.04051699,0.01203958,0.00025,25.54817,0.02303117,0.001890326,0.002397665,0.006703594,0.01213067,0.1,0.1,0.001,-0.02115458,0.4310659,1.84412,0.6773829,9746,1.001175,14.5,1.298225
1,1789944757.477,-0.01960414,-0.02608452,0.07199996,-0.003172565,-0.0004098097,-0.015,-0.01357031,-0.00128466,-0.01112763,-0.009153588,-0.0001009265,0,-0.0001827299,0.0427,-0.001288667,0,0,-0.003555634,-0.003272767,-0.007838867,0.03727434,0.02114297,-0.0002721615,-0.0002469458,0.01510688,0.05161506,0.07673942,0.00689209,6.503074e-06,25.57332,0.01627758,0.002150512,0.00177361,0.00546137,0.01550397,0.55,0.1,2.601229e-05,-0.03441873,0.5123807,2.656409,0.4713883,7857,1.00204,24.66667,2.212074
2,1789944760.541,-0.03465243,-0.03781097,0.1064999,-0.007401263,-0.0004240528,-0.02,-0.01810495,-0.001691128,0,-0.01233822,-0.0001532613,-0.0051,-0.0006407787,0.06010005,-0.002072207,-0.004422469,0,-0.004358568,-0.006054032,-0.008857197,0.05467667,0,-0.0004349006,-0.0003262074,0.01864719,0.09193894,0.1015268,0.005856314,3.292181e-05,25.57335,0.0135542,0.001602872,0.001344325,0.004750692,0.009527283,0.3,0.5,0.0001316872,-0.01890143,0.4652202,1.814263,1.2026,8146,1.001467,38.96429,3.460973
3,1789944762.833,-0.04909515,-0.05174861,0.1439999,-0.007727019,-0.0006509722,-0.03750001,-0.01831574,-0.002156931,0,-0.01324869,-0.0002007176,0,-0.0004702763,0.1289499,-0.004018092,0,0,-0.004984309,-0.004923481,-0.007247226,0.07475807,0.04234782,-0.00053973,-0.0003958459,0.03204603,0.1326266,0.1319923,0.005346892,1.463192e-05,25.56243,0.01225586,0.001196622,0.001170299,0.004542045,0.01226852,0.4,0.3,5.852766e-05,-0.02667421,0.4423451,1.732098,0.5325463,10852,1.001025,52.13,4.627244
4,1789944766.194,-0.0562717,-0.06491561,0.1799999,-0.01147225,-0.0007258772,-0.005,-0.02505927,-0.002775903,0,-0.01713696,-0.0002529529,-0.009253334,-0.0004194249,0.09765007,-0.004183707,-0.008435718,-0.0001539523,-0.007349367,-0.007470384,-0.01009454,0.09537236,0,-0.0007252702,-0.0004706927,0.03987813,0.1655962,0.1554612,0.005391342,2.194787e-05,25.55785,0.011568,0.0009272772,0.0009424325,0.004306946,0.01161528,0.35,0.4,8.779149e-05,-0.02309564,0.3262264,2.870633,0.4740846,7347,1.000894,77.01,6.700127
5,1789944769.554,-0.07294326,-0.0810821,0.2159999,-0.01541165,-0.0006004794,0,-0.0241989,-0.003163242,0,-0.01866203,-0.0003022245,0,-0.0007721841,0.2041498,-0.006150163,0,0,-0.006224311,-0.006933022,-0.01025275,0.1154421,0.06444652,-0.000820588,-0.0005856587,0.04541034,0.2164505,0.214236,0.005301834,0.00025,25.55245,0.01098872,0.0007361042,0.0007756402,0.004175143,0.01055397,0,0.3,0.001,-0.02276458,0.3410888,2.106971,1.207953,7413,1.000218,106.51,9.236381
6,1789944771.552,-0.08072286,-0.09379697,0.2505002,-0.01441944,-0.001135749,-0.0275,-0.03315782,-0.003686733,-6.084085e-05,-0.02299752,-0.000350636,-0.00102,-0.0007582618,0.2130998,-0.006258173,-0.0006083543,0,-0.01071288,-0.01067643,-0.01200963,0.1307643,0.07004417,-0.001005095,-0.0006708883,0.06780818,0.2177753,0.258354,0.005268368,1.463192e-05,25.53868,0.01078847,0.0007087494,0.000774479,0.004036874,0.01720959,0.5,0.15,5.852766e-05,-0.03033367,0.281194,1.460136,0.5040474,12512,0.9998764,127.8,11.1925
7,1789944774.921,-0.09447119,-0.1075731,0.2880004,-0.01660736,-0.001425893,-0.13,-0.03436744,-0.00422248,0,-0.02415594,-0.0004002659,-0.006260001,-0.0003629012,0.2052497,-0.007201319,-0.006348079,0,-0.01107878,-0.01526423,-0.01418304,0.1485228,0.03832836,-0.001105731,-0.0008583948,0.0769875,0.2185629,0.2672735,0.00512385,0.00025,25.54146,0.009964215,0.0005236604,0.0005829618,0.003733742,0.01035473,0,0.35,0.001,-0.02066466,0.3352358,2.87429,0.4806962,7325,1.000237,150.26,13.04193
8,1789944777.665,-0.1023948,-0.1219515,0.3210007,-0.01846912,-0.001764517,-0.08499998,-0.03190439,-0.004658892,0,-0.02354549,-0.0004495475,0,-0.0003788116,0.3249747,-0.008889899,0,0,-0.01116115,-0.01770195,-0.01807192,0.165953,0.09419601,-0.001264869,-0.0009077896,0.08758652,0.2643561,0.3580617,0.005033591,4.335383e-06,25.54114,0.009631079,0.0004873565,0.0005186636,0.003591467,0.0170954,0.6,0.1,1.734153e-05,-0.02890422,0.2195532,1.514633,1.177309,9129,0.9999266,170.01,14.71339
9,1789944780.170,-0.1126954,-0.1314327,0.3600009,-0.02291052,-0.001454747,-0.005,-0.04154395,-0.005179189,-0.0003203759,-0.03044681,-0.0005005382,-0.01695,-0.0008033441,0.2255247,-0.00983903,-0.01760228,0,-0.01178616,-0.01480832,-0.01684317,0.190538,0,-0.001338867,-0.0009609081,0.08781965,0.3405572,0.2300605,0.004874366,0.0001666667,25.53787,0.008944323,0.0003782747,0.000380097,0.003311585,0.00733393,0,0.45,0.0006666667,-0.01593687,0.2572327,1.967793,0.5121899,9909,0.9996833,190.95,16.56167
10,1789944783.569,-0.132162,-0.14999,0.3960012,-0.02472357,-0.00223123,-0.1999999,-0.04156255,-0.006190427,0,-0.03008154,-0.0005462695,-0.01542,-0.0001309539,0.2276996,-0.01017158,-0.01713119,0,-0.01434226,-0.01805539,-0.01674861,0.2034176,0,-0.001491159,-0.001211793,0.07966544,0.3220764,0.1397906,0.005028658,6.503074e-06,25.53232,0.00889068,0.0003703522,0.0003478508,0.00314382,0.0156809,0.5,0.1,2.601229e-05,-0.02677994,0.2724681,2.916963,0.4623427,7272,0.9994986,216.13,17.95524
11,1789944787.015,-0.1377749,-0.1518429,0.430501,-0.02827355,-0.001798493,-0.01,-0.04797728,-0.006093123,-3.461599e-05,-0.03526615,-0.000595736,-0.02236,-0.000979813,0.2691496,-0.009906414,-0.02082156,0,-0.01538406,-0.0165003,-0.02451152,0.2279958,0,-0.001610986,-0.001241248,0.09006196,0.3160391,0.3277279,0.004894726,0.0001111111,25.53068,0.00837038,0.0002904587,0.0002724927,0.002912703,0.01011846,0.1,0.45,0.0004444444,-0.01880385,0.304901,2.193912,1.209977,7219,0.9993934,240.72,19.55376
12,1789944789.140,-0.150261,-0.1697596,0.4680006,-0.02813471,-0.002232819,-0.12,-0.05959141,-0.006556015,-0.04176396,-0.042737,-0.0006491069,-0.01838,-0.0008770785,0.2775495,-0.0103331,-0.02232333,0,-0.01812891,-0.01990677,-0.01701494,0.2469857,0,-0.001773142,-0.001394641,0.1097668,0.3869185,0.3048629,0.004796187,1.463192e-05,25.52901,0.008018633,0.0002599313,0.0002444664,0.002718049,0.01543354,0.4,0.15,5.852766e-05,-0.03007716,0.1985266,1.566901,0.5335166,11700,0.9993241,266.82,21.45561
13,1789944792.419,-0.1584182,-0.1761384,0.5025003,-0.02890254,-0.002457599,-0.07500001,-0.05215528,-0.007945473,0,-0.038862,-0.0007048467,-0.02344,-0.0008823097,0.3241994,-0.01368414,-0.02337182,0,-0.0169281,-0.02301346,-0.0221023,0.2635273,0,-0.001825063,-0.00140404,0.1559872,0.3514652,0.3061398,0.00491902,0.00025,25.52974,0.007861149,0.0002131738,0.0002085025,0.002520453,0.01187126,0,0.35,0.001,-0.02189973,0.2437845,2.803322,0.4641812,7521,0.9995078,288.02,23.46551
14,1789944795.689,-0.1730223,-0.1870605,0.54,-0.02988742,-0.002691497,-0.125,-0.05445926,-0.007865376,-8.299947e-06,-0.03833955,-0.0007550311,-0.02065,-0.0003851775,0.3488494,-0.01391782,-0.0243985,0,-0.01830005,-0.02460567,-0.01815028,0.2816585,0,-0.002043905,-0.001556889,0.1234706,0.3660936,0.1771816,0.004908216,4.938272e-05,25.53598,0.007679118,0.000215174,0.0002116444,0.002344084,0.01723162,0.3,0.1,0.0001975309,-0.031267,0.2125503,2.053786,1.168793,7626,0.9999442,316.07,25.30197
15,1789944797.746,-0.1852216,-0.2045101,0.5759997,-0.03657686,-0.002384189,-0.01,-0.07239777,-0.008268809,0,-0.05183185,-0.0008069071,-0.01578,-0.001490372,0.4059493,-0.01409349,-0.01783454,-0.01747803,-0.02398558,-0.02418743,-0.01966701,0.3041412,0.06475382,-0.002272235,-0.001532988,0.1036243,0.4146772,0.5670528,0.004794192,0.0001111111,25.54058,0.007329006,0.0001936427,0.0001857813,0.00215539,0.01249462,0.15,0.25,0.0004444444,-0.02276395,0.2098412,1.498716,0.5315037,12105,1.000014,330.29,26.22071
16,1789944800.995,-0.1994706,-0.2195062,0.6104993,-0.04204574,-0.002470155,-0.04,-0.07458188,-0.008732004,0,-0.05288876,-0.0008520558,0,-0.001590261,0.5241004,-0.01403498,0,0,-0.02314295,-0.02864431,-0.02192448,0.3199205,0.1803794,-0.002348222,-0.001636494,0.1526952,0.5071267,0.6609687,0.004759612,9.754611e-06,25.54314,0.00706296,0.0001706674,0.0001667947,0.001965886,0.01544873,0.45,0.15,3.901844e-05,-0.03055734,0.1704134,2.764074,0.4687791,7601,1.000283,348.36,28.03641
17,1789944803.178,-0.2087753,-0.2259218,0.647999,-0.04104441,-0.003028674,-0.05833332,-0.07382112,-0.009259435,0,-0.05380005,-0.0009053159,-0.02854667,-0.001327303,0.4050993,-0.01735592,-0.03068629,-0.0009176295,-0.02354639,-0.03187454,-0.0247213,0.3405068,0,-0.002547335,-0.001781108,0.1597551,0.4372341,0.4408303,0.004668716,0.0001666667,25.54645,0.006838826,0.0001572247,0.0001525499,0.001860335,0.00885759,0,0.35,0.0006666667,-0.01903433,0.2182781,1.314913,0.8183994,11520,1.000392,365.78,29.93412
18,1789944806.052,-0.2209131,-0.2423603,0.6809987,-0.04005877,-0.004083565,-0.135,-0.07427831,-0.0100976,0,-0.05360139,-0.0009453035,-0.02051,-0.0008152912,0.4867998,-0.01776711,-0.02184812,0,-0.02501272,-0.03569414,-0.02776251,0.3514432,0.05539755,-0.002605599,-0.002021796,0.1610433,0.4592352,0.4379041,0.004593747,2.5e-06,25.54922,0.006631698,0.0001492586,0.0001533596,0.001735334,0.01754917,0.7,0.15,1e-05,-0.02431989,0.1697821,2.359427,0.4807005,8653,1.000526,381.81,31.27002
19,1789944809.402,-0.2345801,-0.2498727,0.7199984,-0.04490409,-0.003371494,-0.06666666,-0.07949093,-0.01019788,-0.001212354,-0.05761227,-0.001007606,-0.0149,-0.001245272,0.5793172,-0.01973176,-0.0172736,0,-0.02405591,-0.02949037,-0.03240849,0.3757538,0.1045261,-0.002737006,-0.001991518,0.1798806,0.4960818,0.5507501,0.00467209,0.0001441626,25.54807,0.006589699,0.0001374335,0.0001411005,0.001639075,0.007539362,0,0.5,0.0005766504,-0.01409386,0.2311208,2.855384,0.4711173,7387,1.000168,420.83,34.06865
20,1789944811.298,-0.2450779,-0.2578823,0.7559981,-0.0403723,-0.004242721,-0.3649998,-0.07781596,-0.01124666,0,-0.05388069,-0.001054343,-0.03158001,-0.0002162034,0.4652497,-0.01841177,-0.03214129,0,-0.02763502,-0.02758773,-0.02717805,0.3894561,0,-0.002807863,-0.002303942,0.1961908,0.5012843,0.5650555,0.004596678,6.407226e-05,25.53493,0.006424291,0.000140111,0.0001368948,0.001550607,0.01570252,0.2,0.1,0.0002562891,-0.02191481,0.2132724,1.375211,0.4802597,13245,0.9994754,430.54,34.34375
21,1789944814.509,-0.249042,-0.2802595,0.7889978,-0.04538941,-0.003473851,-0.02,-0.08220501,-0.01145923,0,-0.06148102,-0.001098546,-0.00262,-0.001445617,0.7296013,-0.02032441,-0.001891942,0,-0.02838034,-0.03292727,-0.02919589,0.4108743,0.2209986,-0.002929483,-0.002116342,0.1827764,0.5921007,0.8187339,0.004402529,0.0001441626,25.52729,0.006136674,0.0001324702,0.0001289828,0.001472693,0.01406884,0.1,0.2,0.0005766504,-0.02932689,0.1688273,2.708719,0.4734514,7723,0.9991873,454.19,36.64848
22,1789944817.892,-0.1947829,-0.2118931,0.5999989,-0.03965805,-0.003461582,-0.09333333,-0.07240334,-0.008679489,-0.005905339,-0.05104465,-0.0008347819,-0.02714,-0.0009906006,0.384,-0.01529814,-0.02814188,-0.0009524046,-0.02314035,-0.03191242,-0.02580527,0.3119494,0,-0.002343797,-0.001715092,0.1504775,0.4935605,0.3852506,0.004413227,9.61084e-05,25.52562,0.006149153,0.0001343068,0.0001283265,0.001473293,0.01643979,0.2,0.15,0.0003844336,-0.02662019,0.1920689,2.898754,0.4647875,7306,0.9992327,466.54,38.03106
23,1789944819.881,-0.1893919,-0.2102693,0.5902499,-0.03877082,-0.002913642,-0.06250001,-0.07097518,-0.008576399,-0.009134392,-0.05043446,-0.0008232269,-0.02498,-0.00111091,0.3687252,-0.01542715,-0.0273146,-0.001286619,-0.02085016,-0.02309785,-0.02142116,0.3080937,0,-0.002224731,-0.001755984,0.120413,0.3996581,0.415748,0.004495832,0.0001441626,25.52501,0.006174203,0.0001355497,0.0001329864,0.001409836,0.01517323,0.1,0.15,0.0005766504,-0.02690224,0.1697874,1.443366,0.5296128,12456,0.999037,496.12,40.48394
24,1789944823.197,-0.1257755,-0.1426842,0.3840011,-0.02386895,-0.003973938,-0.04,-0.05962772,-0.005665618,-0.05096019,-0.03959356,-0.0005338528,-0.02212,-0.001217581,0.2474496,-0.01087391,-0.01893143,-0.002234477,-0.02231808,-0.03707697,-0.02168423,0.194917,0,-0.00170374,-0.001166401,0.07954469,0.3174284,0.367173,0.004452534,6.407226e-05,25.51793,0.006056827,0.0001326336,0.0001294473,0.001342212,0.01567378,0.2,0.1,0.0002562891,-0.0264307,0.1590699,2.769168,0.5285952,7452,0.998679,512.9,41.25224
25,1789944826.509,-0.2963223,-0.3311246,0.9360008,-0.05509578,-0.005278393,-0.2674999,-0.09723465,-0.01354,-0.0004012299,-0.07249469,-0.001305224,-0.01862,-0.0006611214,0.7533512,-0.02390409,-0.01987978,0,-0.03392503,-0.04421198,-0.03120842,0.4797729,0.1362081,-0.003577946,-0.002819999,0.2445169,0.5629036,0.8783554,0.004421436,9.61084e-05,25.51133,0.006013483,0.0001330175,0.0001268284,0.001332201,0.0145264,0.15,0.2,0.0003844336,-0.03036682,0.1307765,2.831948,0.4692407,7444,0.9982199,530.65,42.1309
26,1789944828.362,-0.3116876,-0.3300427,0.9675015,-0.05961915,-0.005890029,-0.2849998,-0.1152764,-0.01366535,-0.002676558,-0.08034836,-0.001354171,-0.03400001,-0.001230706,0.6790013,-0.02443577,-0.03280396,0,-0.03586827,-0.04803976,-0.05299589,0.4971021,0.06472196,-0.003651952,-0.002775765,0.255091,0.5734505,0.8199412,0.004334547,0.0001441626,25.50468,0.005938483,0.0001331095,0.0001240334,0.001346793,0.01545323,0.1,0.15,0.0005766504,-0.02581937,0.14709,1.320976,0.5137005,13395,0.9979609,560.93,44.68771
27,1789944831.639,-0.3203375,-0.3481248,1.006502,-0.06389163,-0.004516085,-0.09000002,-0.1117266,-0.01412855,-0.0006279099,-0.08277962,-0.001403075,-0.01504,-0.001466557,0.8298025,-0.02631789,-0.0173159,0,-0.03421243,-0.03852995,-0.03724149,0.5239966,0.186004,-0.003784013,-0.002797807,0.243648,0.6850559,0.7365291,0.004096224,1.898438e-05,25.49608,0.005620685,0.0001274561,0.0001179908,0.001279014,0.01564263,0.35,0.1,7.59375e-05,-0.03220935,0.1178667,2.802416,0.4627364,7526,0.997333,587,47.41124
28,1789944834.326,-0.3329945,-0.3681114,1.044003,-0.05861194,-0.007185671,-0.3499998,-0.1097774,-0.01514279,-0.0001203215,-0.07671909,-0.001461685,-0.02562,-0.0008181714,0.7894514,-0.02822033,-0.02783975,0,-0.03928331,-0.07395458,-0.03768622,0.5298669,0.1090898,-0.003970662,-0.003171579,0.2835929,0.5345658,0.5298499,0.004126023,0.0002162439,25.48645,0.00557342,0.0001244935,0.0001132181,0.001209686,0.01231496,0,0.3,0.0008649756,-0.02653724,0.1335736,1.353797,1.285061,9313,0.9967637,617.36,50.0676
29,1789944836.930,-0.3513821,-0.3770561,1.077004,-0.06631207,-0.006642023,-0.2249999,-0.1221715,-0.01513129,-0.002111466,-0.08580522,-0.001495738,-0.038716,-0.00120522,0.7493418,-0.02874545,-0.04292886,0,-0.03905914,-0.05707354,-0.03984074,0.5528949,0.04122296,-0.00408978,-0.003124144,0.2672918,0.7095582,0.7792115,0.004138407,2.847656e-05,25.47214,0.005596861,0.0001290098,0.0001152552,0.001214189,0.01772329,0.35,0.1,0.0001139063,-0.02604048,0.1653028,2.056981,0.5262814,9513,0.9960685,655.41,53.06351
30,1789944840.056,-0.360274,-0.3844534,1.114505,-0.06410601,-0.007928422,-0.4299998,-0.1102858,-0.01612002,0,-0.07701089,-0.001554501,-0.04179999,-0.0005389231,0.7521519,-0.02954981,-0.04894572,0,-0.04108707,-0.06760815,-0.03549408,0.56521,0,-0.004399918,-0.00342453,0.3071519,0.6357461,0.8344969,0.003994072,0.0001441626,25.4607,0.005352704,0.0001206794,0.0001126896,0.001125263,0.009823238,0,0.25,0.0005766504,-0.02512113,0.1245485,2.656763,0.4566467,7893,0.9950169,667.71,54.22232
31,1789944841.952,-0.03984843,-0.04782158,0.1274999,-0.006677249,-0.0007556331,-0.08500002,-0.02205292,-0.001830222,0,-0.01432659,-0.0001837695,-0.0024,-0.0003996025,0.06795007,-0.002498134,-0.004366556,-0.0006399787,-0.006435511,-0.01210759,-0.01226007,0.06541323,0,-0.0005649874,-0.0003869411,0.03058805,0.08785821,0.05658749,0.00398238,2.5e-06,25.43399,0.00534628,0.0001188447,0.0001130131,0.001132042,0.0180121,0.7,0.15,1e-05,-0.02248669,0.1699565,1.359911,0.5172186,13092,0.9938971,688.39,55.86708
32,1789944845.222,-0.37576,-0.4045638,1.186507,-0.07419314,-0.006316671,-0.09249999,-0.1299393,-0.01684437,-0.0003300089,-0.09537806,-0.0016536,-0.03874,-0.001862226,0.8325528,-0.03148832,-0.04551369,0,-0.04218625,-0.05678348,-0.0401202,0.6147767,0.0639873,-0.004517943,-0.003300636,0.285817,0.634743,0.9102954,0.003951514,9.61084e-05,25.42828,0.005315554,0.0001122497,0.0001086711,0.001143119,0.007197613,0,0.45,0.0003844336,-0.01232243,0.1570524,2.734853,0.5224113,7544,0.9937928,721.34,57.80159
33,1789944848.358,-0.4002737,-0.4297035,1.219507,-0.0712935,-0.008262955,-0.3449998,-0.1273249,-0.01707508,0,-0.0917845,-0.001707182,-0.04255998,-0.0006919125,0.8609524,-0.03285388,-0.04941176,0,-0.04318022,-0.07122417,-0.04074918,0.6208796,0.02801435,-0.004589458,-0.003628265,0.2736978,0.635431,0.7447016,0.00386199,0.0002162439,25.42242,0.005203192,0.0001096912,0.0001074455,0.001124065,0.01409894,0,0.1,0.0008649756,-0.02181979,0.1375941,1.907607,1.182798,7952,0.9932406,738.49,59.3795
34,1789944850.353,-0.4162799,-0.4486152,1.260008,-0.07880533,-0.006815878,-0.105,-0.1468604,-0.01753363,-0.01113431,-0.1037086,-0.001749932,-0.04024,-0.002223423,0.9238369,-0.03321037,-0.04473191,-7.359752e-05,-0.0465133,-0.06438743,-0.04106113,0.6524977,0.09948763,-0.004798002,-0.003531447,0.3026569,0.7870707,1.141816,0.003844712,4.271484e-05,25.40843,0.005192358,0.0001141897,0.0001130313,0.001120425,0.01716552,0.3,0.1,0.0001708594,-0.01909938,0.1488908,1.508815,0.4716189,12409,0.9925786,752.42,60.87441
35,1789944853.602,-0.4195913,-0.4379079,1.296009,-0.0728734,-0.007299488,-0.09500002,-0.1548835,-0.01801103,-0.02161519,-0.1080984,-0.001808435,-0.05067998,-0.002077446,0.8498527,-0.03304486,-0.06344964,0,-0.04961413,-0.06613894,-0.04543846,0.6733047,0,-0.004881296,-0.003640258,0.2763266,0.8925702,0.9501545,0.003977519,0.0002162439,25.40099,0.005311662,0.0001078183,0.0001078613,0.001118463,0.01243142,0,0.2,0.0008649756,-0.02289179,0.140863,2.768568,0.4720562,7583,0.9921703,767.86,62.10181
36,1789944856.521,-0.451337,-0.4707126,1.33201,-0.07796358,-0.006959067,-0.06000001,-0.1528049,-0.0191219,0,-0.1057423,-0.001855451,-0.01272,-0.001931563,1.192307,-0.03710172,-0.0180867,0,-0.04650391,-0.06242036,-0.04551603,0.6876604,0.2810201,-0.005082441,-0.003652989,0.3367589,0.8536074,1.285359,0.003879887,2.847656e-05,25.38775,0.005255819,0.0001085664,0.0001140569,0.001153309,0.01775602,0.35,0.1,0.0001139063,-0.02867468,0.114657,1.670516,1.200516,8559,0.9914672,803.13,65.80572
37,1789944858.922,-0.2559424,-0.2756867,0.7777553,-0.04707437,-0.004242568,-0.0175,-0.09928732,-0.01076264,-0.0001634789,-0.06818284,-0.001080714,-0.01865,-0.001676219,0.6109289,-0.02071966,-0.01949849,-0.007769744,-0.0313532,-0.04046253,-0.03225571,0.4032077,0.1098107,-0.003062083,-0.002043282,0.1917561,0.5359941,0.6935605,0.003790789,0.0001441626,25.38028,0.005142101,0.0001045622,0.0001071297,0.001139619,0.01043223,0,0.2,0.0005766504,-0.02221446,0.1072617,1.856064,0.5241404,10325,0.9910486,812.19,66.73558
38,1789944862.148,-0.4558563,-0.5003785,1.404011,-0.07887068,-0.007006904,-0.2199999,-0.166418,-0.0201471,-0.04323803,-0.1171158,-0.001952307,-0.01588,-0.002252072,1.215509,-0.03574308,-0.01856447,0,-0.05421476,-0.06504388,-0.04681645,0.7250409,0.3019781,-0.005286801,-0.003853387,0.3615483,0.9311323,1.41656,0.003726184,6.407226e-05,25.36429,0.00509073,0.0001014252,0.0001081644,0.001154956,0.01614461,0.2,0.1,0.0002562891,-0.03259005,0.096201,2.742469,0.4699099,7650,0.9899845,843.67,69.45885
39,1789944864.071,-0.4739995,-0.5060486,1.440012,-0.08807894,-0.006781676,-0.05500001,-0.1658194,-0.01982524,-0.004671949,-0.1198198,-0.002003179,-0.04581999,-0.002642329,1.03763,-0.03845779,-0.05390384,-0.000436775,-0.0498167,-0.06053064,-0.04797395,0.7525961,0.1020487,-0.00545809,-0.003892087,0.3673069,0.9257498,1.27447,0.003715306,0.0002162439,25.35249,0.005082479,0.0001035911,0.0001105307,0.001153051,0.01370614,0,0.15,0.0008649756,-0.0215189,0.1613718,1.38515,0.5214121,12890,0.9895402,874.75,72.08659
40,1789944867.335,-0.4527265,-0.4740382,1.380761,-0.0839676,-0.007309863,-0.1999999,-0.1613593,-0.01902707,-0.03192663,-0.1122651,-0.001914272,-0.02191,-0.002142209,1.152008,-0.03490629,-0.02606545,0,-0.0512412,-0.06217285,-0.04432049,0.7136904,0.2431259,-0.005231734,-0.003882094,0.3471943,0.8319051,1.354298,0.003703956,6.407226e-05,25.34189,0.005059873,0.0001038767,0.0001106405,0.0011414,0.01714906,0.25,0.1,0.0002562891,-0.0262152,0.1242544,2.719858,0.5278897,7567,0.9890715,882.42,72.41919
41,1789944870.667,-0.4774067,-0.5189261,1.498514,-0.0869674,-0.007377125,-0.08000001,-0.1654566,-0.02095801,-0.0001700211,-0.1169305,-0.002076369,-0.03092001,-0.002492294,1.234258,-0.03846053,-0.0367843,0,-0.05444964,-0.05996337,-0.05195995,0.7791476,0.2201841,-0.005677038,-0.004043665,0.3934197,0.8840884,1.397255,0.003677321,0.0002162439,25.33289,0.00502111,0.0001028014,0.0001077567,0.001133232,0.0129738,0,0.15,0.0008649756,-0.02682097,0.1086618,2.840053,0.4756484,7412,0.9882861,921.02,75.75708
42,1789944872.513,-0.4866405,-0.5120045,1.498514,-0.09348517,-0.01000591,-0.4850001,-0.1637974,-0.02052564,-0.006675537,-0.1157546,-0.002083319,-0.0302,-0.001149893,1.246607,-0.03914738,-0.03441265,0,-0.05725339,-0.0883353,-0.04914077,0.7600502,0.2169097,-0.005763437,-0.004406528,0.354472,0.8466687,1.157233,0.00362829,8.4375e-06,25.31514,0.004971948,0.0001025714,0.0001117593,0.001129327,0.01782338,0.5,0.1,3.375e-05,-0.03040611,0.08391526,1.303046,0.5275156,13425,0.9875714,941.74,77.48836
43,1789944875.743,-0.4848245,-0.522035,1.498514,-0.09205695,-0.009006905,-0.1783333,-0.1649385,-0.02132046,-0.0001553607,-0.1179886,-0.002080234,-0.03438,-0.001656888,1.205007,-0.03990919,-0.04115369,0,-0.05468762,-0.07626113,-0.05305187,0.768889,0.1823774,-0.005739199,-0.004227052,0.3859659,0.9223797,1.331246,0.003445751,0.0001441626,25.31045,0.00469312,9.583372e-05,0.0001041675,0.001047367,0.01012948,0,0.35,0.0005766504,-0.01647304,0.1082987,2.744403,0.4681833,7649,0.9873474,961.75,78.51408
44,1789944879.068,-0.210897,-0.218022,0.6629989,-0.0376025,-0.004168348,-0.08500002,-0.08319876,-0.008542763,-0.006755499,-0.05811004,-0.0009277397,-0.0272,-0.001339252,0.44785,-0.01547529,-0.03235875,-0.004878293,-0.02897236,-0.04025492,-0.02607887,0.3398554,0,-0.002590104,-0.001831781,0.1846003,0.56354,0.4694643,0.003554104,9.61084e-05,25.30273,0.004788736,9.554067e-05,0.0001030862,0.001036004,0.01608024,0.15,0.1,0.0003844336,-0.02654637,0.1290322,2.264054,1.030581,7459,0.9869023,976.5,80.42735
45,1789944880.937,-0.4905033,-0.5166293,1.498514,-0.08809102,-0.008947661,-0.1824999,-0.1693355,-0.02079303,-0.02051332,-0.1208067,-0.00208463,-0.02429,-0.00243289,1.268709,-0.04047441,-0.02689231,-0.0002906192,-0.05484512,-0.07420596,-0.04893904,0.7674248,0.2733789,-0.005775675,-0.00428826,0.4137464,0.7537682,1.320667,0.00347381,9.61084e-05,25.29139,0.004659441,9.36198e-05,0.0001007081,0.0009913032,0.01570588,0.15,0.15,0.0003844336,-0.02975247,0.1155171,1.330067,0.5269876,13233,0.9861767,972.09,80.52546
46,1789944884.207,-0.492992,-0.515254,1.498514,-0.08896907,-0.009286701,-0.2849998,-0.1812677,-0.02000856,-0.04848275,-0.1259272,-0.002077896,-0.0464,-0.002518471,1.065255,-0.03767895,-0.05129492,0,-0.06116536,-0.08537655,-0.04745473,0.7691705,0.1098314,-0.005857038,-0.004379837,0.4168029,0.9446027,1.133921,0.003430165,6.407226e-05,25.27972,0.00463898,9.215463e-05,9.686824e-05,0.001019792,0.01490795,0.2,0.15,0.0002562891,-0.02391165,0.1043185,2.788782,0.4650042,7553,0.9856122,965.09,80.49551
47,1789944887.205,-0.5067425,-0.5472411,1.498514,-0.09373149,-0.009295418,-0.05000001,-0.1790092,-0.02052463,-0.001489123,-0.12655,-0.002080433,-0.02966,-0.002374672,1.225158,-0.04126701,-0.03755149,0,-0.05753564,-0.07924923,-0.05228028,0.7691369,0.2193527,-0.00583786,-0.00407454,0.3572118,0.9556359,1.414441,0.00343281,8.4375e-06,25.26694,0.004575748,9.019212e-05,9.116689e-05,0.000961579,0.01635132,0.45,0.2,3.375e-05,-0.0208092,0.08956889,1.757292,1.18489,8352,0.9849421,972.17,81.82315
48,1789944889.519,-0.4898626,-0.5199168,1.498514,-0.09239964,-0.008751522,-0.14,-0.1875622,-0.02052631,-0.05919027,-0.1318287,-0.002089542,-0.04716667,-0.002887808,1.099272,-0.03889219,-0.05476795,-0.0005597282,-0.05904129,-0.0818439,-0.05089619,0.7730166,0.1095626,-0.00576334,-0.004213412,0.3520789,0.8646044,1.178643,0.003403325,9.61084e-05,25.2569,0.00449896,8.589359e-05,8.785038e-05,0.0009218918,0.01139605,0.05,0.35,0.0003844336,-0.0183263,0.1001249,1.76275,0.5269909,10733,0.9840762,974.24,83.74488
49,1789944892.786,-0.4963509,-0.5305204,1.498514,-0.0947259,-0.007827496,-0.09000002,-0.1752831,-0.02087573,0,-0.1227545,-0.00209011,-0.0291,-0.002443816,1.229059,-0.0409055,-0.03679624,0,-0.0546406,-0.0761834,-0.05494545,0.7759305,0.2200459,-0.005716662,-0.004063799,0.3929061,0.829941,1.464257,0.003331994,4.271484e-05,25.23993,0.004473817,8.220819e-05,8.614656e-05,0.0009734678,0.01438497,0.25,0.15,0.0001708594,-0.01431929,0.1564424,2.79734,0.4515259,7564,0.9835339,961.69,82.50359
50,1789944894.591,-0.5023646,-0.5155522,1.498514,-0.09098151,-0.00958082,-0.105,-0.1682079,-0.01975905,0,-0.119084,-0.002093355,-0.04682,-0.002614407,1.132205,-0.03899743,-0.05464514,0,-0.05793026,-0.09015626,-0.05580389,0.7706125,0.1103561,-0.005745183,-0.004167429,0.3666968,0.7400874,1.119038,0.003357735,2.847656e-05,25.23461,0.004399864,8.068435e-05,8.306679e-05,0.0008783781,0.01448334,0.25,0.2,0.0001139063,-0.01842066,0.1144288,1.29858,0.474896,13857,0.9833046,953.61,82.39365
51,1789944897.911,-0.4900675,-0.5023041,1.498514,-0.08636041,-0.008311925,-0.09250002,-0.1681107,-0.01959036,-0.001651661,-0.1189085,-0.002080651,-0.02866,-0.001958716,1.244983,-0.04092818,-0.03516612,0,-0.05372351,-0.07398644,-0.04678316,0.7721388,0.2197338,-0.00575051,-0.004151861,0.3546612,1.019523,1.498213,0.003228809,9.61084e-05,25.22606,0.004249367,7.986497e-05,8.245953e-05,0.000858234,0.01432076,0.1,0.25,0.0003844336,-0.02353049,0.09438619,2.774815,0.5191238,7460,0.9825073,955.62,81.52534
52,1789944901.348,-0.4888065,-0.5296054,1.498514,-0.08823143,-0.008997071,-0.2049999,-0.1737756,-0.02008503,0,-0.1220358,-0.002092947,-0.03278,-0.002194162,1.219309,-0.0388495,-0.03379013,0,-0.05386988,-0.06051261,-0.03480267,0.7657601,0.2190577,-0.005899002,-0.004335504,0.4213743,0.8146674,1.501034,0.003223969,0.0001441626,25.20245,0.004268138,8.142128e-05,8.33446e-05,0.000879403,0.01583146,0.1,0.15,0.0005766504,-0.02641659,0.1111534,2.952757,0.4649057,7190,0.9809116,961.16,82.08435
53,1789944903.307,-0.3906769,-0.4072288,1.212007,-0.0630025,-0.008947773,-0.135,-0.1434265,-0.01564124,-0.05273839,-0.09791936,-0.001688272,-0.03392,-0.002082508,0.9393527,-0.0301859,-0.03709235,-0.000345317,-0.05251102,-0.08517652,-0.04161955,0.6190294,0.1348528,-0.004672309,-0.003549946,0.3326349,0.7236909,1.004858,0.003160319,5.625e-06,25.1777,0.004186921,7.8161e-05,8.103802e-05,0.0008674036,0.01812927,0.55,0.15,2.25e-05,-0.01708757,0.1152237,1.428089,0.515101,12647,0.9801094,975,82.75137
54,1789944906.651,-0.4900127,-0.5042028,1.498514,-0.08929102,-0.009189431,-0.089,-0.1736262,-0.02001785,-0.00870589,-0.1209893,-0.002083873,-0.04697199,-0.002613073,1.096976,-0.03901917,-0.05474365,0,-0.05788031,-0.08145453,-0.04377075,0.7728965,0.1099556,-0.005733529,-0.004128658,0.3944009,0.9349069,1.188205,0.003079014,0.0001441626,25.16786,0.004000955,7.606119e-05,7.781333e-05,0.0007680664,0.01061643,0,0.4,0.0005766504,-0.01797675,0.09151161,2.815926,0.5187449,7369,0.9791149,984.79,84.2741
55,1789944909.908,-0.4793252,-0.4976629,1.498514,-0.0852501,-0.009994338,-0.215,-0.1647196,-0.02025125,-0.0003571878,-0.1154203,-0.002085045,-0.02861333,-0.002050478,1.238809,-0.03931383,-0.03528263,0,-0.05677859,-0.08837148,-0.04365061,0.764775,0.2188955,-0.005716616,-0.004197338,0.4042178,0.9778792,1.33236,0.003198088,2.847656e-05,25.14217,0.004152222,7.658498e-05,7.957809e-05,0.000797971,0.01633274,0.3,0.1,0.0001139063,-0.02328013,0.09238277,2.780477,0.4618475,7579,0.9780678,989.82,84.87586
56,1789944911.837,-0.4904556,-0.5086639,1.498514,-0.08947267,-0.008869827,-0.05000001,-0.1775554,-0.0195814,-0.001185818,-0.1249468,-0.002080488,-0.05368,-0.002905622,1.121807,-0.03889012,-0.05560123,-2.584678e-05,-0.05783551,-0.08350494,-0.04974599,0.7735838,0.109717,-0.005818279,-0.004046744,0.3800429,0.9482397,1.145235,0.003073729,1.265625e-05,25.1294,0.003998193,7.2531e-05,7.512642e-05,0.0007768067,0.01469937,0.35,0.25,5.0625e-05,-0.01740664,0.1009553,1.374819,0.5402851,12832,0.9773928,988.46,84.52496
57,1789944915.070,-0.4911581,-0.5029303,1.498514,-0.09059845,-0.008122129,-0.06000001,-0.170854,-0.01912042,0,-0.1196727,-0.002093425,-0.04090998,-0.002549218,1.210209,-0.03814685,-0.04512333,0,-0.05494019,-0.0728073,-0.04764074,0.7750008,0.1652072,-0.005756259,-0.004038556,0.4087623,1.040764,1.155879,0.003022587,0.0001441626,25.11609,0.003934884,7.034046e-05,7.164633e-05,0.0007703104,0.0108389,0,0.3,0.0005766504,-0.01648379,0.102976,2.69751,0.5239372,7628,0.9763138,988.23,84.51043
58,1789944918.419,-0.4921104,-0.4999874,1.498514,-0.08479776,-0.009752046,-0.12,-0.1683072,-0.01908054,-0.03099894,-0.1153302,-0.002087259,-0.0328,-0.002121645,1.270659,-0.03894554,-0.03512184,0,-0.0583702,-0.07331311,-0.03734733,0.765126,0.2189726,-0.005794982,-0.004313316,0.421407,0.9560447,1.357702,0.002969048,6.407226e-05,25.08904,0.003882643,7.133927e-05,7.190514e-05,0.0007703504,0.01560094,0.25,0.15,0.0002562891,-0.0223334,0.08496198,2.863696,0.4749637,7361,0.9751254,981.12,84.52165
59,1789944920.263,-0.502264,-0.5023962,1.498514,-0.07726093,-0.007459616,-0.06500001,-0.1691412,-0.01975193,-0.004771087,-0.1181704,-0.002070829,-0.06675999,-0.002707378,1.029505,-0.03895393,-0.0727362,0,-0.05445052,-0.06464343,-0.03984647,0.7778127,0,-0.005721295,-0.004049625,0.3808867,1.004071,1.133683,0.002971744,1.898438e-05,25.07183,0.003840308,6.93419e-05,7.004217e-05,0.0007291804,0.0158297,0.35,0.2,7.59375e-05,-0.02110116,0.08894844,1.294374,0.5291891,13476,0.9743285,974.02,84.06046
60,1789944923.501,-0.4888495,-0.489035,1.498514,-0.08766399,-0.008953206,-0.04000001,-0.1691653,-0.01907447,-0.001033093,-0.1203849,-0.00208167,-0.04093,-0.002418701,1.226458,-0.04067726,-0.046165,0,-0.05793167,-0.08114513,-0.04650347,0.7686931,0.1642997,-0.005765447,-0.004007011,0.3723759,0.9744346,1.288957,0.002903724,0.0001441626,25.06172,0.003806026,6.912909e-05,6.987604e-05,0.0007632971,0.01241094,0,0.25,0.0005766504,-0.02030131,0.09820016,2.752898,0.4710839,7622,0.9736301,982.65,84.2517
61,1789944926.613,-0.4923665,-0.5026438,1.498514,-0.08172718,-0.009209322,-0.09249999,-0.1633729,-0.01906918,-0.0002180344,-0.1142239,-0.002090831,-0.04283001,-0.002260532,1.172182,-0.03938671,-0.05424173,0,-0.05874031,-0.08315006,-0.03522098,0.7708351,0.1103473,-0.005818151,-0.004163321,0.3949323,0.806042,1.237984,0.002984835,4.271484e-05,25.04847,0.003928374,6.926118e-05,7.121394e-05,0.0008030642,0.01587183,0.25,0.1,0.0001708594,-0.01764134,0.113298,1.898662,1.167361,8015,0.9731891,977.66,84.21085
62,1789944928.726,-0.484276,-0.4921391,1.498514,-0.08837764,-0.008270016,-0.04000001,-0.1634055,-0.01897364,-0.005656899,-0.1163454,-0.002086247,-0.02093334,-0.002646163,1.332192,-0.03962649,-0.02439297,0,-0.05682288,-0.08663072,-0.04490105,0.7742793,0.2926121,-0.005740246,-0.00401685,0.4064108,0.9822196,1.370424,0.002824572,6.407226e-05,25.04197,0.003721895,6.760755e-05,6.78834e-05,0.0007618323,0.01478446,0.15,0.2,0.0002562891,-0.02310569,0.08703072,1.57404,0.50651,11812,0.9727604,977.53,83.90621
63,1789944931.940,-0.4780811,-0.4968013,1.498514,-0.08049842,-0.009807299,-0.1416667,-0.1585653,-0.01926443,-0.0007480225,-0.111361,-0.002088517,-0.04642667,-0.002013078,1.12289,-0.03997445,-0.05944037,0,-0.05587904,-0.08693543,-0.04038385,0.7688324,0.07381114,-0.005803215,-0.004154681,0.3808149,0.8587973,1.227073,0.002729792,2.847656e-05,25.03374,0.00360892,6.777146e-05,6.931239e-05,0.0007420446,0.01558402,0.3,0.2,0.0001139063,-0.02157658,0.1073357,2.724863,0.4708915,7690,0.9724045,977.53,85.04697
64,1789944933.816,-0.4877753,-0.4870295,1.498514,-0.08459681,-0.009752093,-0.07500001,-0.1741121,-0.01967667,-0.01196214,-0.1210525,-0.002086075,-0.04682667,-0.002582511,1.138706,-0.03972225,-0.05548118,-3.418848e-05,-0.05901911,-0.08832314,-0.05111333,0.7672776,0.1089954,-0.005732212,-0.004106614,0.3834437,1.049544,1.040819,0.002754614,0.0001441626,25.02563,0.00360595,6.653414e-05,6.739212e-05,0.0007174103,0.01373361,0,0.2,0.0005766504,-0.01803487,0.1110721,1.306046,0.5565286,13194,0.9716701,978.92,85.29518
65,1789944937.061,-0.2111736,-0.2012803,0.653999,-0.03466028,-0.003240054,-0.005,-0.07186123,-0.007630143,-0.000333674,-0.05025385,-0.0009068232,0,-0.001320551,0.5983509,-0.01627247,0,0,-0.02696884,-0.03789172,-0.02288024,0.3409584,0.1927352,-0.002577771,-0.001747442,0.1884852,0.4396761,0.7006096,0.002732232,2.847656e-05,25.01117,0.003575962,6.695068e-05,6.663626e-05,0.0007101437,0.01683695,0.3,0.1,0.0001139063,-0.01761943,0.1691465,2.775885,0.4566865,7602,0.971199,966.18,84.6954
66,1789944940.263,-0.4838395,-0.478823,1.498514,-0.08076533,-0.009291662,-0.06000001,-0.1606351,-0.01995226,-0.009586606,-0.113384,-0.00207523,-0.04585999,-0.002553262,1.157556,-0.03949043,-0.0548228,-0.0005266514,-0.05703583,-0.09035395,-0.0472258,0.7687754,0.110313,-0.00571858,-0.004131592,0.3821855,0.9906402,1.424062,0.002614536,0.0001441626,25.00656,0.003431262,6.438126e-05,6.464e-05,0.0006877049,0.01403535,0,0.2,0.0005766504,-0.01922253,0.1209444,2.719058,0.470144,7706,0.9709265,972.1,85.8522
67,1789944942.016,-0.4846948,-0.4824516,1.498514,-0.07598314,-0.009054897,-0.1216667,-0.1600718,-0.01939894,-0.0004212366,-0.1108772,-0.002088513,-0.06056,-0.002326916,1.084973,-0.03914498,-0.06688085,0,-0.05640812,-0.0898543,-0.04840059,0.7754301,0.03731702,-0.0057552,-0.004070445,0.3791882,0.9802291,1.021802,0.002573442,6.407226e-05,24.99958,0.003395378,6.561492e-05,6.495419e-05,0.0006913663,0.01518926,0.2,0.1,0.0002562891,-0.02097259,0.1201949,1.281503,0.462229,14093,0.9705051,970.39,85.22488
68,1789944945.216,-0.4713728,-0.478513,1.498514,-0.0839388,-0.008060902,-0.1025,-0.1685216,-0.01938249,-0.04328021,-0.1169369,-0.002082924,-0.03855,-0.003069845,1.193307,-0.0381195,-0.04580142,-0.004467241,-0.05845843,-0.07777999,-0.04236729,0.7770132,0.1653234,-0.005749217,-0.004051528,0.369718,0.8690507,1.18372,0.002628158,9.61084e-05,24.98867,0.003437261,6.662127e-05,6.633155e-05,0.0006761506,0.01527078,0.1,0.15,0.0003844336,-0.0202024,0.1125904,2.71428,0.4751225,7705,0.9698182,959.26,84.03816
69,1789944948.491,-0.484565,-0.4724681,1.498514,-0.08196731,-0.008912643,-0.04,-0.1603995,-0.01914524,0,-0.1139474,-0.002097686,-0.04245999,-0.003064545,1.203057,-0.04191674,-0.05562332,0,-0.05753381,-0.08415629,-0.0517774,0.7711844,0.1090446,-0.005692236,-0.003979146,0.3889671,1.094277,1.405118,0.002595853,1.265625e-05,24.97828,0.003402837,6.548018e-05,6.279728e-05,0.0006787066,0.01733852,0.4,0.15,5.0625e-05,-0.0186688,0.09558478,2.174951,1.088084,7531,0.96947,959.26,83.89735
70,1789944950.245,-0.470873,-0.489697,1.498514,-0.08131,-0.008443686,-0.035,-0.1569392,-0.01882122,0,-0.1103696,-0.002086432,-0.04113999,-0.001764788,1.160806,-0.04143324,-0.05542619,0,-0.0548744,-0.08742725,-0.03917234,0.778604,0.110037,-0.005729531,-0.003951774,0.3927921,0.9620964,1.462974,0.002460792,9.61084e-05,24.97357,0.003245145,6.491184e-05,6.206496e-05,0.0006573763,0.01081621,0,0.25,0.0003844336,-0.01642579,0.1154104,1.26956,0.4631922,14183,0.9690742,964.85,84.74841
71,1789944953.389,-0.4703729,-0.4809109,1.498514,-0.07879187,-0.008246216,-0.015,-0.1589618,-0.01868721,-0.0007276678,-0.1107787,-0.002073362,-0.0286,-0.002679997,1.28951,-0.03964462,-0.03698051,0,-0.05647324,-0.08755009,-0.03673279,0.7731587,0.2193518,-0.005759426,-0.003925788,0.4365489,1.221032,1.425719,0.002527924,1.265625e-05,24.96443,0.00332904,6.63996e-05,6.356452e-05,0.0006711523,0.01768764,0.4,0.15,5.0625e-05,-0.01870096,0.09026912,2.665457,0.4699047,7838,0.9687416,967.87,85.70413
72,1789944955.170,-0.4726349,-0.470109,1.498514,-0.07780056,-0.007287789,-0.02166667,-0.1572587,-0.01893145,-0.0008702832,-0.1102844,-0.002083426,-0.03256667,-0.002211228,1.248125,-0.03908731,-0.04246385,0,-0.05325839,-0.07320695,-0.04595051,0.7809747,0.18346,-0.005690703,-0.003958223,0.4016136,1.106168,1.441847,0.002421414,1.898438e-05,24.96107,0.003227948,6.692582e-05,6.280083e-05,0.0006768066,0.01395167,0.25,0.3,7.59375e-05,-0.01286301,0.15088,1.313212,0.4574845,13879,0.9685795,952.51,85.89286
73,1789944958.398,-0.4731066,-0.4836502,1.498514,-0.07927319,-0.007352938,-0.04500001,-0.1576667,-0.0192348,-0.000108007,-0.1101116,-0.002082742,-0.03364,-0.002691298,1.223859,-0.03709324,-0.04273197,0,-0.0561002,-0.07418035,-0.04158607,0.7821819,0.1843624,-0.005794644,-0.003988124,0.4098299,0.9694693,1.187744,0.002445589,9.61084e-05,24.9573,0.003320295,6.566345e-05,6.478527e-05,0.0007442576,0.01147668,0,0.2,0.0003844336,-0.015993,0.1334615,2.736732,0.4771006,7646,0.9682795,952.66,85.03249
74,1789944961.576,-0.4812108,-0.4712528,1.498514,-0.08016785,-0.0078204,-0.035,-0.161531,-0.02051546,0,-0.1118004,-0.002097855,-0.02746001,-0.002720475,1.248557,-0.0386944,-0.03640493,0,-0.05821689,-0.07747848,-0.03899605,0.7807958,0.220002,-0.005827384,-0.004020625,0.4347425,1.035366,1.59186,0.00236823,6.407226e-05,24.94862,0.003257705,6.670018e-05,6.356458e-05,0.0007592103,0.01543116,0.2,0.15,0.0002562891,-0.0221308,0.09139035,2.662867,0.4978702,7775,0.9678203,959.27,86.45367
75,1789944963.358,-0.4784324,-0.4612274,1.498514,-0.07723267,-0.009211121,-0.06500001,-0.155637,-0.01877537,-0.000102585,-0.1085212,-0.002088524,-0.0392,-0.001655096,1.243684,-0.03797411,-0.0442366,0,-0.05624067,-0.08285704,-0.03898245,0.7709851,0.1653518,-0.005770588,-0.004220802,0.4178787,1.085117,1.360401,0.002310724,9.61084e-05,24.93988,0.003165766,6.688517e-05,6.463227e-05,0.0007235246,0.01553021,0.1,0.15,0.0003844336,-0.0226991,0.0998282,1.288577,0.4760873,13926,0.9673353,961.92,87.75164
76,1789944966.611,-0.4627854,-0.4689884,1.498514,-0.07835507,-0.008816922,-0.02,-0.1608425,-0.01918094,-0.002915359,-0.1116432,-0.002092001,-0.06217998,-0.002357492,1.065256,-0.0383797,-0.07382958,0,-0.05772443,-0.09406298,-0.03547242,0.7761445,0,-0.00573667,-0.004039205,0.4082706,0.7161767,1.106772,0.002401316,4.271484e-05,24.93158,0.003309288,6.849148e-05,6.532258e-05,0.0007741584,0.01605424,0.2,0.1,0.0001708594,-0.01885531,0.132241,2.756091,0.478615,7597,0.96694,980.56,88.45667
77,1789944969.173,-0.4756874,-0.4714303,1.498514,-0.08044013,-0.008134017,-0.02375,-0.1601693,-0.0184001,-0.0001289435,-0.1112432,-0.002086302,-0.04724,-0.0025399,1.18827,-0.03952368,-0.05546784,0,-0.05652498,-0.08052762,-0.0421543,0.7787372,0.1107467,-0.005726071,-0.004002235,0.4021868,1.025503,1.218495,0.002299269,9.61084e-05,24.92437,0.003148279,6.738825e-05,6.337292e-05,0.000718249,0.01461019,0.05,0.15,0.0003844336,-0.01935044,0.1224984,1.326518,1.196511,9740,0.966468,982.3,89.26713
78,1789944971.815,-0.4735481,-0.4771736,1.498514,-0.0787633,-0.008922093,-0.005,-0.1592879,-0.01921765,-0.0009593338,-0.1095591,-0.002083221,-0.05685999,-0.002660173,1.097756,-0.0383813,-0.07460331,0,-0.05875328,-0.09572247,-0.03601033,0.7749118,0,-0.00581851,-0.003946248,0.4116664,0.9723327,1.152312,0.002307826,9.61084e-05,24.91504,0.00318104,6.727417e-05,6.387252e-05,0.0007420676,0.01532593,0.1,0.1,0.0003844336,-0.02103426,0.1169918,2.13326,0.4731405,9429,0.9659846,978.87,88.93716
79,1789944975.059,-0.4730594,-0.4711858,1.498514,-0.07677019,-0.008638173,-0.04500001,-0.1545575,-0.01887467,-0.0001796094,-0.10694,-0.002080562,-0.0429,-0.001881747,1.238483,-0.03814655,-0.05487278,0,-0.05569869,-0.08209617,-0.03660785,0.774426,0.1097972,-0.00570446,-0.004040958,0.4096994,0.9835315,1.14884,0.002232949,0.0001441626,24.90376,0.003062119,6.795613e-05,6.249715e-05,0.0006987166,0.01522107,0.05,0.1,0.0005766504,-0.02349811,0.1075355,2.736988,0.4895687,7616,0.9652828,978.87,88.32008
80,1789944976.882,-0.4801206,-0.4828974,1.498514,-0.07625881,-0.007526594,-0.02,-0.162138,-0.01842444,-0.0008302726,-0.1129894,-0.002084952,-0.05003998,-0.002281452,1.184208,-0.03904949,-0.05521321,0,-0.05652149,-0.06957504,-0.04449688,0.7842659,0.1110696,-0.005723613,-0.004016255,0.3896639,1.036034,1.043861,0.002210885,9.61084e-05,24.88964,0.003022227,6.783936e-05,6.327379e-05,0.0006802293,0.0160122,0.15,0.1,0.0003844336,-0.02271176,0.09331387,1.329171,0.4809167,13577,0.9646021,979.93,88.93452
81,1789944980.146,-0.4780376,-0.4762624,1.498514,-0.08027588,-0.007261429,-0.005,-0.1676077,-0.0172203,-0.0001520348,-0.114945,-0.002071146,-0.06131999,-0.002622174,1.104906,-0.0390702,-0.07401992,0,-0.05518598,-0.07673453,-0.03594602,0.7848892,0,-0.00583565,-0.003932843,0.4305298,0.8726335,1.008318,0.002216613,4.271484e-05,24.87968,0.003027217,6.546971e-05,6.113029e-05,0.0006840042,0.01642081,0.2,0.1,0.0001708594,-0.02333821,0.07939163,2.772645,0.4798477,7556,0.9641507,989.47,89.316
82,1789944983.472,-0.4773608,-0.475501,1.498514,-0.07959451,-0.008386824,-0.025,-0.1676209,-0.01852036,-0.01687713,-0.1141983,-0.002086062,-0.03923,-0.003255567,1.237833,-0.03857958,-0.04623896,-0.0009460128,-0.05898636,-0.08574381,-0.04618803,0.7792089,0.1661798,-0.005753206,-0.004028436,0.4026674,1.145689,1.256005,0.002162695,9.61084e-05,24.87065,0.002936612,6.431673e-05,6.009043e-05,0.0006495095,0.0141317,0.05,0.15,0.0003844336,-0.02084782,0.1092723,2.831274,0.4839458,7413,0.9636171,995.07,89.25735
83,1789944985.398,-0.4700848,-0.4611541,1.498514,-0.07849523,-0.008021006,-0.05000001,-0.1603048,-0.01859437,-0.01164086,-0.1108883,-0.002080875,-0.04697333,-0.002263785,1.199375,-0.03717185,-0.05513959,-0.0003152771,-0.05673353,-0.08062583,-0.03671677,0.7803242,0.1111345,-0.005726398,-0.003992734,0.4323296,0.983323,1.068512,0.002215892,2.847656e-05,24.85728,0.003012962,6.211391e-05,5.756331e-05,0.0006773929,0.01623434,0.25,0.1,0.0001139063,-0.02153295,0.1320024,1.367884,0.5410342,12874,0.9629647,990.06,89.39436
84,1789944988.702,-0.4728372,-0.4650193,1.498514,-0.07555242,-0.008350687,-0.035,-0.1575463,-0.01872022,-0.0001839662,-0.1078546,-0.002089638,-0.07193997,-0.002173872,1.145857,-0.0362333,-0.07438096,0,-0.05711057,-0.08148142,-0.03632095,0.7767284,0,-0.005746157,-0.003972335,0.4181082,0.9656882,0.8675308,0.002112365,0.0001441626,24.85001,0.002881449,6.376192e-05,5.936262e-05,0.0006459595,0.01445249,0,0.2,0.0005766504,-0.02096266,0.1143167,2.809143,0.4715705,7491,0.9625357,977.94,88.62236
85,1789944992.023,-0.4760401,-0.4657186,1.498514,-0.07025823,-0.007545552,-0.02333333,-0.1591299,-0.01865546,-0.01257223,-0.108081,-0.002094483,-0.04479333,-0.002114928,1.208041,-0.03818544,-0.05480435,0,-0.0543821,-0.07899836,-0.03483575,0.781691,0.1111256,-0.00575917,-0.004038445,0.4170469,0.97142,1.123908,0.002073403,9.61084e-05,24.83941,0.002806543,6.260568e-05,5.788155e-05,0.0006126534,0.0171134,0.15,0.1,0.0003844336,-0.02277235,0.1300014,2.829619,0.4717917,7444,0.9620379,963.08,88.10023
86,1789944993.943,-0.4694256,-0.4658115,1.498514,-0.08233403,-0.007025837,-0.01,-0.1531627,-0.01849218,-0.0002340078,-0.1072871,-0.002064917,-0.03224,-0.002550463,1.26286,-0.03681938,-0.03710289,0,-0.05547467,-0.08052304,-0.04666947,0.788983,0.2241122,-0.005706758,-0.003900085,0.4197212,0.8667788,1.223889,0.002012571,1.265625e-05,24.83139,0.002743216,6.31009e-05,5.777641e-05,0.0006097677,0.01686059,0.35,0.1,5.0625e-05,-0.02266933,0.113042,1.355426,0.5475247,12914,0.9616871,966.38,89.10527
87,1789944997.204,-0.4789134,-0.4749403,1.498514,-0.07553871,-0.007885187,-0.06500001,-0.1639799,-0.01852438,-0.07815659,-0.1148465,-0.002080541,-0.04862,-0.003487124,1.210208,-0.03643707,-0.05361563,-0.002922455,-0.05876955,-0.07705165,-0.0391224,0.7803428,0.1111497,-0.00584674,-0.004194026,0.4166169,0.8410277,1.13182,0.001965818,9.61084e-05,24.82488,0.002659257,6.081662e-05,5.748666e-05,0.0005751349,0.0114597,0,0.25,0.0003844336,-0.01878827,0.0797767,2.764376,0.4847119,7563,0.9610751,971.39,89.48013
88,1789945000.650,-0.4501823,-0.4275125,1.406512,-0.07177424,-0.006736331,-0.1016667,-0.1514044,-0.01658443,-0.03448605,-0.1040181,-0.00195977,-0.03701333,-0.002865747,1.12459,-0.03460632,-0.0412748,-0.002768451,-0.05250438,-0.06709753,-0.03614143,0.7360095,0.1483924,-0.005430256,-0.004019419,0.4031682,0.9094208,1.067811,0.002016383,4.271484e-05,24.80687,0.002723422,5.97199e-05,5.629634e-05,0.0005910224,0.01702873,0.2,0.1,0.0001708594,-0.0198458,0.1233235,2.410919,1.019921,7163,0.9602544,976.4,89.42661
89,1789945002.539,-0.4732334,-0.473239,1.498514,-0.07501432,-0.006527729,-0.04,-0.1692886,-0.01879234,-0.0002442288,-0.1145423,-0.00208609,-0.03312,-0.002468263,1.24791,-0.03690515,-0.0359993,0,-0.05461098,-0.06657751,-0.03764739,0.791329,0.2242201,-0.005780147,-0.003942586,0.4432706,1.024448,1.310997,0.002005209,0.0001441626,24.79475,0.002701479,5.915578e-05,5.614994e-05,0.0005809643,0.01421028,0,0.15,0.0005766504,-0.02205427,0.08196995,1.398491,0.4689229,13160,0.9593691,990.42,90.78726
90,1789945005.767,-0.4789532,-0.457833,1.498514,-0.0746834,-0.006202727,-0.0075,-0.1542176,-0.01767425,-0.0002457693,-0.1065154,-0.00209459,-0.03358,-0.002322587,1.300885,-0.03771234,-0.0363442,0,-0.0527107,-0.06807713,-0.03180905,0.7914998,0.222404,-0.005748539,-0.003952095,0.4076915,1.031621,1.249793,0.00199185,2.847656e-05,24.776,0.002674469,5.916239e-05,5.671433e-05,0.0005667424,0.01724992,0.3,0.1,0.0001139063,-0.0165457,0.1154957,2.728374,0.4839423,7650,0.9587182,978.61,90.64886
91,1789945008.440,-0.4742635,-0.4520358,1.498514,-0.07407581,-0.007691448,-0.0075,-0.1558925,-0.01790611,-0.001383246,-0.1082214,-0.002078225,-0.06333998,-0.001828565,1.141306,-0.03784307,-0.07343968,0,-0.05539194,-0.08538588,-0.04198721,0.785026,0,-0.005729021,-0.00409743,0.4054588,1.030188,1.088748,0.001956348,6.407226e-05,24.77143,0.002662286,5.903034e-05,5.53917e-05,0.0005915164,0.01183956,0,0.1,0.0002562891,-0.01514125,0.12134,1.423708,1.200228,9366,0.9585398,982.31,92.53034
92,1789945010.947,-0.472001,-0.450028,1.498514,-0.07100868,-0.007892525,-0.03250001,-0.1516523,-0.01745531,-0.0006380081,-0.1040675,-0.002086594,-0.05592998,-0.001920015,1.198509,-0.03828977,-0.06314605,0,-0.05409677,-0.07828338,-0.03698932,0.7806137,0.05619786,-0.005721879,-0.004070207,0.4252325,0.9485807,1.302756,0.001841029,9.61084e-05,24.76532,0.002515712,5.754621e-05,5.401167e-05,0.0005631251,0.0144665,0.05,0.1,0.0003844336,-0.01912235,0.1107143,1.964798,0.5222917,9881,0.9581124,975.38,92.95744
93,1789945014.373,-0.4754982,-0.4526913,1.498514,-0.07079595,-0.007414082,-0.05500001,-0.158662,-0.01833699,0,-0.1075203,-0.002075698,-0.06275999,-0.002060142,1.163407,-0.03452573,-0.07393347,0,-0.0560637,-0.06718316,-0.03920125,0.7843959,0,-0.005778785,-0.004001457,0.4393577,1.070694,0.791311,0.002001869,9.61084e-05,24.75751,0.002705955,5.770954e-05,5.50975e-05,0.0005912785,0.01590173,0.1,0.1,0.0003844336,-0.02185929,0.1217999,2.937806,0.4784002,7193,0.9577676,975.69,92.95998
94,1789945016.761,-0.454996,-0.4378317,1.498514,-0.07137492,-0.006424794,-0.05,-0.14052,-0.01770516,0,-0.09928775,-0.00209182,-0.0306,-0.002015105,1.327209,-0.03480265,-0.03460202,0,-0.05296911,-0.06469022,-0.03827516,0.7845371,0.2219465,-0.005687706,-0.00403339,0.4503807,1.11049,1.384111,0.001931881,2.847656e-05,24.75049,0.002644998,5.777522e-05,5.515623e-05,0.0006001856,0.01729946,0.25,0.1,0.0001139063,-0.01941861,0.105805,1.456321,0.8758101,10538,0.9574363,977.07,92.867
95,1789945019.888,-0.4706063,-0.4482741,1.498514,-0.06251949,-0.007968242,-0.05000001,-0.1459709,-0.01819636,0,-0.09963444,-0.002094542,-0.04099999,-0.001798228,1.243358,-0.03555329,-0.05209871,0,-0.05314001,-0.07885502,-0.03509891,0.7797215,0.111382,-0.005780977,-0.004238074,0.4623964,0.8892104,1.270597,0.001888455,9.61084e-05,24.74541,0.002599778,5.773234e-05,5.503135e-05,0.0005985594,0.01247669,0,0.15,0.0003844336,-0.01627093,0.143484,2.600664,0.4974089,7932,0.9572152,968.8,90.35528
96,1789945023.124,-0.4677399,-0.4477651,1.498514,-0.06806271,-0.008124652,-0.03,-0.1524384,-0.01766235,-0.001402255,-0.1030452,-0.002095138,-0.05420999,-0.0019854,1.194933,-0.03707872,-0.06313699,0,-0.05490287,-0.07842578,-0.03682334,0.7784337,0.05537097,-0.005788988,-0.004165499,0.4124447,1.069254,1.134049,0.001862332,4.271484e-05,24.74239,0.002570687,5.637972e-05,5.441762e-05,0.0005975573,0.01532254,0.2,0.1,0.0001708594,-0.01927223,0.1236727,2.744937,0.4710681,7641,0.957101,966.89,89.71168
97,1789945025.063,-0.4665188,-0.4387297,1.498514,-0.07408834,-0.006978893,-0.0175,-0.1512637,-0.01774445,-0.000578858,-0.1041832,-0.002089499,-0.05700998,-0.002010264,1.206958,-0.03598072,-0.06357807,0,-0.05396456,-0.07201976,-0.03578843,0.785135,0.05611145,-0.005778952,-0.004080883,0.4281873,0.9680685,1.234185,0.001851554,6.407226e-05,24.73952,0.002553673,5.632021e-05,5.22464e-05,0.000593552,0.01296992,0,0.05,0.0002562891,-0.01745355,0.08518309,1.415946,0.5063365,12784,0.9568795,958.9,89.50919
98,1789945028.348,-0.4727865,-0.4405064,1.498514,-0.06956317,-0.006965188,-0.03250001,-0.1522938,-0.01721074,-0.0004693425,-0.1034606,-0.002089333,-0.03975,-0.002044665,1.274561,-0.03633635,-0.04523282,0,-0.05502092,-0.07393768,-0.03825808,0.7873399,0.1683593,-0.005944908,-0.003969368,0.4216814,0.9838139,1.232018,0.00176963,2.847656e-05,24.73288,0.002441328,5.574119e-05,5.225143e-05,0.0005637046,0.01702094,0.2,0.1,0.0001139063,-0.02043914,0.1026537,2.744673,0.5287814,7507,0.9565302,961.32,90.63192
99,1789945031.566,-0.4643664,-0.4552757,1.498514,-0.07303675,-0.006013635,-0.04,-0.1487254,-0.01724378,-0.003564784,-0.1011481,-0.002089412,-0.04932,-0.001799611,1.247259,-0.03599861,-0.05493113,0,-0.05368875,-0.06617694,-0.0397543,0.7950427,0.1122328,-0.005715683,-0.003865202,0.4121619,1.061999,1.471375,0.001693675,6.407226e-05,24.72833,0.002344114,5.434409e-05,5.019351e-05,0.000545901,0.0104468,0,0.1,0.0002562891,-0.01647744,0.1211769,2.724828,0.4764802,7676,0.9562993,970.96,91.7617
100,1789945033.486,-0.4737244,-0.4390076,1.498514,-0.07310821,-0.007194804,-0.0025,-0.1583089,-0.01798546,-0.002869497,-0.1078008,-0.002077858,-0.04015999,-0.002255879,1.28106,-0.03747588,-0.04605427,0,-0.05610958,-0.08005679,-0.03713828,0.7873909,0.1674324,-0.005806675,-0.003991163,0.4419597,0.9956591,1.348791,0.0016842,9.61084e-05,24.72088,0.002327673,5.329522e-05,4.820304e-05,0.0005419753,0.01439506,0,0.05,0.0003844336,-0.01750317,0.1331203,1.410318,0.4992709,12869,0.9557461,976.27,92.58025
101,1789945036.692,-0.4726165,-0.4452649,1.498514,-0.06395604,-0.006060052,-0.025,-0.1339465,-0.01799307,-0.001233415,-0.09115778,-0.002069958,-0.0135,-0.001586907,1.405862,-0.03561534,-0.01855156,0,-0.05301189,-0.05899479,-0.02980138,0.7901651,0.3339399,-0.00568958,-0.003978554,0.4633304,0.9239506,1.544154,0.001647736,9.61084e-05,24.70728,0.002306817,5.289947e-05,4.781922e-05,0.0005583625,0.01556924,0.1,0.1,0.0003844336,-0.01991236,0.1048153,2.729934,0.4666493,7688,0.9550791,971.76,93.37578
102,1789945040.095,-0.1271023,-0.1141648,0.4290009,-0.01900037,-0.00168849,0,-0.0460702,-0.004728972,0,-0.03024817,-0.0005885935,0,-0.0009411447,0.3607494,-0.008622751,0,0,-0.01816694,-0.01684381,-0.01232171,0.2304837,0.1283391,-0.001791775,-0.001024562,0.1457339,0.3898983,0.4754264,0.00165755,4.271484e-05,24.6993,0.002300412,5.262856e-05,4.764755e-05,0.0005425868,0.01527625,0.15,0.05,0.0001708594,-0.01941315,0.1296841,2.380095,1.005301,7259,0.9548281,968.12,93.07607
103,1789945041.995,-0.4671655,-0.438755,1.498514,-0.06662536,-0.005472126,-0.0075,-0.1491021,-0.01711046,-0.0006116856,-0.1015345,-0.002077778,-0.03968,-0.002422563,1.263508,-0.03610716,-0.04601353,0,-0.05130265,-0.05468038,-0.03169617,0.7992425,0.1681874,-0.005721322,-0.003916088,0.4608943,1.057059,1.186875,0.001620812,6.407226e-05,24.69108,0.002279667,5.250624e-05,4.795644e-05,0.0005583926,0.01556475,0.1,0.15,0.0002562891,-0.02273163,0.08937532,1.353777,0.5326526,13027,0.9541811,974.37,93.81789
104,1789945045.165,-0.4751164,-0.4436955,1.498514,-0.07065006,-0.006874676,-0.0175,-0.150646,-0.0175324,0,-0.1042286,-0.00209178,-0.03683999,-0.002144958,1.283335,-0.0358457,-0.04582366,0,-0.05413388,-0.07106333,-0.03232297,0.7855329,0.1667176,-0.005733273,-0.00396465,0.4318069,1.131397,1.210084,0.001637032,9.61084e-05,24.67832,0.002272729,5.270014e-05,4.794296e-05,0.0005350541,0.01479968,0.05,0.1,0.0003844336,-0.02212292,0.08913365,2.686459,0.47071,7784,0.9535333,980.63,94.88087
105,1789945047.249,-0.4656702,-0.4375183,1.498514,-0.07002631,-0.006948759,-0.01,-0.1568263,-0.01750132,-0.0009522021,-0.1051278,-0.002073844,-0.04731999,-0.001980242,1.230358,-0.0363838,-0.05510691,0,-0.05421027,-0.06763828,-0.03870421,0.7890545,0.1118916,-0.005700375,-0.003925804,0.4501815,1.10489,1.141017,0.001607206,1.898438e-05,24.66278,0.002255213,5.276293e-05,4.860208e-05,0.0005466418,0.0173214,0.3,0.1,7.59375e-05,-0.02174114,0.09191143,1.355978,0.6760993,12094,0.9526528,980.24,95.64815
106,1789945050.361,-0.4770798,-0.4324319,1.498514,-0.07302782,-0.006010221,-0.0275,-0.143579,-0.0166219,-0.0009759682,-0.09721121,-0.002065643,-0.03147,-0.001770382,1.331109,-0.03639614,-0.03566477,0,-0.04985006,-0.06643298,-0.03014125,0.7909157,0.2237719,-0.005758205,-0.004005794,0.4444779,0.9117881,1.445056,0.001580355,9.61084e-05,24.65191,0.002212907,5.141922e-05,4.711196e-05,0.0005340208,0.01336573,0,0.2,0.0003844336,-0.01843483,0.09542208,2.562873,0.5245371,7960,0.9522628,990.79,96.73373
107,1789945053.644,-0.467265,-0.4324827,1.498514,-0.07032831,-0.007674964,-0.015,-0.1477889,-0.01715541,-6.525099e-05,-0.09918499,-0.002072915,-0.04945999,-0.001852473,1.236371,-0.03654401,-0.05894091,0,-0.05410817,-0.08416383,-0.03169599,0.786218,0.0842914,-0.005781628,-0.004031962,0.4456198,1.061228,1.25302,0.001594646,4.271484e-05,24.64216,0.002212899,5.079514e-05,4.76424e-05,0.0005198153,0.01542436,0.15,0.05,0.0001708594,-0.02123283,0.1077736,2.784945,0.4816096,7523,0.9517341,990,96.48296
108,1789945055.495,-0.4645241,-0.458644,1.498514,-0.07282023,-0.005817459,-0.005,-0.1466182,-0.0173726,0,-0.1014404,-0.002067941,-0.04705999,-0.001944886,1.271308,-0.03380891,-0.05537771,0,-0.05377048,-0.07576413,-0.035572,0.7931409,0.112099,-0.00573905,-0.003979522,0.4246769,0.9785724,1.115669,0.00153409,6.407226e-05,24.6315,0.002161638,5.182451e-05,4.710986e-05,0.0005286129,0.01433482,0.1,0.15,0.0002562891,-0.02267467,0.0834302,1.334254,0.5031154,13375,0.9511381,990,96.90512
109,1789945058.758,-0.4752155,-0.4427113,1.498514,-0.07857638,-0.007285727,-0.005,-0.1495973,-0.01707088,-0.0008709049,-0.1041006,-0.002050089,-0.0279,-0.002088937,1.31226,-0.03526188,-0.03703887,0,-0.05552589,-0.08036582,-0.0306899,0.7802972,0.2212452,-0.005870156,-0.004041241,0.4413179,1.058223,1.069565,0.001551148,9.61084e-05,24.62126,0.002170388,5.178028e-05,4.750074e-05,0.0005199594,0.01383977,0,0.05,0.0003844336,-0.02052012,0.09204768,2.775163,0.4673526,7579,0.9505336,994.9,96.08631
110,1789945062.058,-0.4728008,-0.4225307,1.498514,-0.07025141,-0.007066445,-0.125,-0.155215,-0.01721141,-0.09411844,-0.1050073,-0.002088309,-0.04932,-0.00315828,1.217359,-0.03434968,-0.05427827,0,-0.05597126,-0.0685115,-0.03321817,0.7853264,0.1094357,-0.006053468,-0.004353796,0.4554323,1.036315,1.501645,0.001504344,6.407226e-05,24.60627,0.002131665,5.287284e-05,4.701561e-05,0.0005274322,0.0163618,0.15,0.1,0.0002562891,-0.02184085,0.08999182,2.806489,0.4758658,7487,0.9497662,998.21,95.97401
111,1789945063.969,-0.4671832,-0.428998,1.498514,-0.07085298,-0.006047265,0,-0.1476769,-0.01714674,-0.0002797896,-0.1013673,-0.002067728,-0.05364999,-0.002017516,1.230684,-0.03444923,-0.05526121,0,-0.05529815,-0.06760831,-0.02744394,0.7930067,0.1119547,-0.005848931,-0.003956516,0.4311241,0.9847021,1.262439,0.001499363,4.271484e-05,24.5974,0.002128039,5.093646e-05,4.654107e-05,0.0005311982,0.01572455,0.15,0.1,0.0001708594,-0.01755745,0.1570768,1.347134,0.5433064,13000,0.9495739,983.6,95.72789
112,1789945067.141,-0.4720648,-0.4355814,1.498514,-0.07225087,-0.006450867,-0.015,-0.1472006,-0.01705896,-0.0776163,-0.09979072,-0.002057947,-0.04815333,-0.002138051,1.249859,-0.03402787,-0.05464129,0,-0.05427041,-0.07184853,-0.0330962,0.7919981,0.1116443,-0.0060381,-0.004040947,0.4434336,1.03797,1.169049,0.001485442,4.271484e-05,24.59329,0.002099617,5.142963e-05,4.616789e-05,0.0005165778,0.01566655,0.15,0.15,0.0001708594,-0.02333155,0.09418178,2.699158,0.4607673,7777,0.9492947,983.6,95.39127
113,1789945069.765,-0.4642951,-0.4453979,1.498514,-0.06910156,-0.006299576,-0.0125,-0.1436264,-0.01753129,-0.0008909879,-0.09663928,-0.002071012,-0.05215999,-0.001883961,1.256683,-0.03450621,-0.05447909,0,-0.05411672,-0.07425103,-0.03172842,0.7919313,0.1122128,-0.005817027,-0.00397728,0.4691454,1.028137,1.204742,0.0014537,9.61084e-05,24.58609,0.002081234,5.148226e-05,4.589655e-05,0.0005301557,0.01313207,0,0.1,0.0003844336,-0.02062341,0.09092791,1.289519,1.285823,9542,0.9487141,974.17,95.11932
114,1789945072.270,-0.4675303,-0.4297298,1.498514,-0.07216804,-0.004929918,-0.005,-0.1465144,-0.01677205,0,-0.09747733,-0.002057351,-0.03326,-0.001604257,1.320061,-0.03445896,-0.03614729,0,-0.04833146,-0.05742419,-0.03109716,0.8048906,0.2265029,-0.005995979,-0.003871045,0.4579912,1.002738,1.593486,0.001441178,4.271484e-05,24.57309,0.002099433,5.185547e-05,4.694407e-05,0.000559455,0.01682199,0.2,0.1,0.0001708594,-0.02262532,0.09013165,2.021198,0.4582322,9911,0.9482337,974.17,94.84922
115,1789945075.491,-0.4631617,-0.4249976,1.498514,-0.06894626,-0.005793785,-0.035,-0.1480392,-0.01697018,-1.889467e-05,-0.09890087,-0.002058877,-0.04441999,-0.001631303,1.276509,-0.03727484,-0.0525327,0,-0.05198297,-0.06708577,-0.02436738,0.7927648,0.1123931,-0.005789829,-0.003926128,0.42725,1.126756,1.316618,0.001458565,6.407226e-05,24.56777,0.002128313,5.148525e-05,4.610573e-05,0.000572157,0.01354404,0,0.05,0.0002562891,-0.01798055,0.09379999,2.739833,0.4700792,7656,0.9479133,974.93,95.5378
116,1789945077.267,-0.4684153,-0.4302776,1.498514,-0.06720116,-0.007821182,-0.025,-0.1560883,-0.01668655,0,-0.1030356,-0.002071338,-0.0458,-0.001600629,1.280409,-0.03589425,-0.05193674,0,-0.05345128,-0.07939958,-0.03100931,0.7875111,0.1120088,-0.005977836,-0.004217379,0.4462478,1.04853,1.116023,0.001427082,4.271484e-05,24.55824,0.002087105,5.050508e-05,4.566198e-05,0.0005638556,0.0163148,0.15,0.1,0.0001708594,-0.02199247,0.111357,1.288647,0.4740455,13942,0.9474253,984.26,96.03413
117,1789945080.563,-0.4646917,-0.4271583,1.498514,-0.06853551,-0.005750575,-0.005,-0.1430541,-0.01673314,-0.0002790439,-0.09636583,-0.002070984,-0.04314999,-0.002002757,1.29081,-0.03364963,-0.04556663,0,-0.05241715,-0.06251016,-0.03399348,0.7966,0.1680356,-0.005826992,-0.003904927,0.4573676,1.083855,1.422936,0.001402715,9.61084e-05,24.55016,0.002073929,5.009504e-05,4.444505e-05,0.0005766733,0.01436559,0,0.1,0.0003844336,-0.02155477,0.09111514,2.757409,0.519799,7499,0.9468898,986.66,96.20686
118,1789945083.818,-0.4740368,-0.4276323,1.498514,-0.0576417,-0.007144455,-0.04500001,-0.1514774,-0.01730233,0,-0.09714099,-0.00208967,-0.06431998,-0.001443581,1.244009,-0.03650357,-0.06765463,0,-0.0503208,-0.06840703,-0.02742547,0.7890021,0,-0.005812491,-0.004311998,0.4761293,1.066672,1.093587,0.001449322,2.847656e-05,24.53478,0.002072142,4.984071e-05,4.419563e-05,0.0005287839,0.01717745,0.2,0.05,0.0001139063,-0.02327347,0.0906451,2.687877,0.546232,7599,0.9460987,993.69,96.50628
119,1789945085.789,-0.4607677,-0.4264358,1.498514,-0.06347047,-0.007365154,-0.135,-0.133695,-0.01744056,-0.0007182253,-0.08904307,-0.002075118,-0.03932,-0.00133542,1.254409,-0.03431764,-0.04928794,0,-0.05360657,-0.08974826,-0.02609986,0.7851636,0.1119663,-0.006101923,-0.004248362,0.4425249,1.075379,1.275716,0.001385527,6.407226e-05,24.52414,0.001970873,4.933401e-05,4.380066e-05,0.0004922105,0.0125422,0,0.1,0.0002562891,-0.01775715,0.09535801,1.43119,0.5186381,12604,0.945591,999,97.77918
120,1789945089.040,-0.4774208,-0.4232622,1.498514,-0.0617211,-0.007931827,-0.025,-0.159373,-0.0172871,-0.06476708,-0.1038155,-0.00207815,-0.06272,-0.002414405,1.179007,-0.03504353,-0.07307307,0,-0.05469574,-0.06758886,-0.02794518,0.7830212,0,-0.005811056,-0.004341228,0.4233397,0.9837,1.015437,0.001401182,6.407226e-05,24.51184,0.002001347,4.83137e-05,4.316622e-05,0.0005086857,0.01471885,0.05,0.05,0.0002562891,-0.01993862,0.105682,2.765698,0.4654639,7605,0.9448885,991.08,97.2367
121,1789945092.362,-0.2166725,-0.1883148,0.6974986,-0.03536148,-0.002064749,-0.03,-0.06804692,-0.007081836,-0.0008719253,-0.04470142,-0.0009669565,-0.01378,-0.001379693,0.6199512,-0.0154162,-0.014997,-0.0002258384,-0.02345153,-0.02287971,-0.01915072,0.3729129,0.112216,-0.002676816,-0.00193086,0.2225202,0.6523201,0.7816226,0.001411251,4.271484e-05,24.5011,0.001995648,4.898396e-05,4.305136e-05,0.0004923611,0.01414996,0.1,0.05,0.0001708594,-0.01850962,0.1335844,2.51279,0.7949154,7429,0.9445038,981.68,96.98447
122,1789945094.129,-0.463919,-0.4299783,1.498514,-0.07009606,-0.005363788,-0.008333335,-0.1456552,-0.0162155,-0.001706013,-0.09743723,-0.002042776,-0.04885332,-0.002010429,1.272393,-0.03269973,-0.05469191,0,-0.05155987,-0.06048344,-0.02985741,0.7980155,0.1120745,-0.005983788,-0.003921339,0.4490848,1.001245,1.224027,0.001372468,6.407226e-05,24.49298,0.002021576,4.821555e-05,4.161496e-05,0.0005592772,0.01601375,0.05,0.1,0.0002562891,-0.02148139,0.1037307,1.280628,0.4718094,14023,0.9440048,976.25,97.75533
123,1789945097.254,-0.4636907,-0.4383118,1.498514,-0.07340275,-0.006069216,-0.005,-0.1457551,-0.01592242,-0.003622747,-0.0976501,-0.002060628,-0.04968001,-0.002639917,1.306412,-0.03496645,-0.05540796,0,-0.05264139,-0.078234,-0.02815015,0.796118,0.1120297,-0.006016639,-0.003975258,0.4548942,1.035943,1.09921,0.00138092,9.61084e-05,24.48281,0.002012257,4.83507e-05,4.124249e-05,0.0005417436,0.01482164,0,0.05,0.0003844336,-0.01765613,0.1288846,2.658029,0.4558825,7892,0.9434871,968.59,96.81818
124,1789945099.040,-0.4648142,-0.4359172,1.498514,-0.06990694,-0.005851557,0,-0.1459491,-0.01728361,-0.001605027,-0.09424491,-0.001998692,-0.04951999,-0.001862999,1.243358,-0.03162504,-0.05491849,0,-0.05277039,-0.06209041,-0.0287535,0.7934542,0.1112292,-0.005965109,-0.003968922,0.4604352,0.9927858,1.093722,0.001382504,2.847656e-05,24.47209,0.001973,4.687161e-05,3.970475e-05,0.0005039195,0.01548265,0.2,0.05,0.0001139063,-0.0207979,0.1013471,1.318655,0.4564462,13844,0.9430305,973.41,97.27042
125,1789945102.236,-0.3054073,-0.2738619,0.9847571,-0.04479859,-0.003074803,-0.0075,-0.09488717,-0.01049323,-0.0005250982,-0.06361209,-0.001339993,-0.02666,-0.001292892,0.8329787,-0.02091642,-0.02881364,-0.0006756199,-0.03270951,-0.03781087,-0.02311171,0.5268549,0.1127934,-0.003823305,-0.002638728,0.299584,0.7463038,0.9197308,0.001409623,6.407226e-05,24.46548,0.001968965,4.536182e-05,3.936195e-05,0.0004746184,0.01274137,0,0.1,0.0002562891,-0.01547454,0.1738451,2.725777,0.4582028,7718,0.9426681,965.23,96.4508
126,1789945105.462,-0.4577882,-0.4285983,1.498514,-0.06610449,-0.005198,0,-0.1371991,-0.01718379,-0.002330923,-0.09410258,-0.00205324,-0.05176,-0.001863334,1.27391,-0.03223167,-0.05436565,0,-0.05109071,-0.0571562,-0.02790864,0.7988113,0.1136739,-0.005742162,-0.003971481,0.4937831,1.237191,1.068078,0.001405904,2.847656e-05,24.45642,0.00194903,4.622874e-05,3.871338e-05,0.0004581841,0.01589286,0.2,0.1,0.0001139063,-0.01879499,0.1489417,2.766452,0.449187,7642,0.9422192,955.73,95.14839
127,1789945107.362,-0.4628428,-0.4175975,1.498514,-0.07172288,-0.006540227,-0.04500001,-0.1427345,-0.0162097,-0.005686352,-0.09305823,-0.002010531,-0.04746,-0.001899542,1.272284,-0.03340335,-0.05420201,0,-0.05225766,-0.07120716,-0.02962572,0.790655,0.1111795,-0.006037089,-0.004102373,0.4672646,1.165292,1.217956,0.001294883,6.407226e-05,24.45028,0.001810732,4.545062e-05,3.85612e-05,0.0004318374,0.01380928,0,0.1,0.0002562891,-0.01697424,0.1382909,1.397392,0.4814677,13080,0.9419068,955.68,95.08015
128,1789945110.532,-0.4604338,-0.4223879,1.498514,-0.06841336,-0.007109963,-0.0425,-0.1366804,-0.01587882,-0.06169517,-0.09103918,-0.002012047,-0.06136999,-0.001976575,1.207608,-0.03386316,-0.07116537,0,-0.05405752,-0.08542483,-0.0283462,0.7855744,0,-0.006435819,-0.00423518,0.4461694,1.038611,1.114759,0.001290212,2.847656e-05,24.44149,0.00178302,4.447071e-05,3.802083e-05,0.0004103159,0.01657153,0.2,0.1,0.0001139063,-0.02254524,0.1382437,2.694748,0.4580455,7794,0.9414817,958.78,96.03963
129,1789945113.780,-0.4652322,-0.4356148,1.498514,-0.06901409,-0.005673281,-0.01,-0.143354,-0.01545502,0,-0.09692977,-0.002043666,-0.04539999,-0.002077873,1.290159,-0.03481242,-0.05498451,0,-0.05080525,-0.06083071,-0.02539275,0.7965311,0.112157,-0.00609954,-0.004043804,0.4547314,1.033355,1.222975,0.001268378,4.271484e-05,24.43324,0.00176324,4.57369e-05,3.857813e-05,0.0004105471,0.01462213,0.1,0.15,0.0001708594,-0.02136229,0.09011844,2.768661,0.4585741,7615,0.9408839,962.92,96.41686
130,1789945115.611,-0.4651657,-0.4179068,1.498514,-0.07032943,-0.006886724,-0.05500001,-0.1382943,-0.01611453,0,-0.09163242,-0.002033161,-0.06705998,-0.001642234,1.189408,-0.03413586,-0.07195829,0,-0.05313867,-0.07094462,-0.03286177,0.7901969,0,-0.005941692,-0.004254556,0.3985368,1.100675,1.142405,0.001304464,2.847656e-05,24.41896,0.001801861,4.614059e-05,3.890001e-05,0.0004123566,0.01576648,0.15,0.1,0.0001139063,-0.02125425,0.08833561,1.353461,0.4681222,13491,0.9401464,987.18,99.09926
131,1789945118.853,-0.4730069,-0.4098198,1.498514,-0.06844204,-0.007977283,-0.06000001,-0.1604249,-0.01596466,0,-0.1028447,-0.002076932,-0.07367998,-0.001922044,1.244009,-0.03492366,-0.06859116,-0.000698901,-0.05624621,-0.09727027,-0.02635488,0.7769431,0,-0.00591479,-0.004338938,0.4201031,1.147205,1.190882,0.001290512,6.407226e-05,24.4078,0.001769017,4.544319e-05,3.827453e-05,0.0003947881,0.01332949,0,0.1,0.0002562891,-0.01915489,0.09406813,2.742177,0.4806144,7625,0.9396419,993.41,100.1339
132,1789945122.158,-0.467224,-0.4146232,1.498514,-0.07069319,-0.005672948,-0.05000001,-0.1371602,-0.01589452,-0.003701206,-0.09077974,-0.002017303,-0.03781333,-0.001631718,1.308794,-0.03310329,-0.04081602,0,-0.04953588,-0.05785593,-0.02885186,0.7961518,0.1876853,-0.005966337,-0.004042966,0.4724131,1.140652,1.325809,0.001336079,6.407226e-05,24.39923,0.001872577,4.529928e-05,3.785725e-05,0.0004533417,0.01511597,0,0,0.0002562891,-0.01782268,0.131643,2.066652,1.189838,7546,0.939299,997,100.1569
133,1789945123.964,-0.4622918,-0.4247458,1.498514,-0.07245319,-0.006299175,-0.005,-0.148143,-0.01551179,0,-0.09919831,-0.002023711,-0.06486,-0.002048331,1.201758,-0.03181982,-0.07372289,0,-0.05191081,-0.07519784,-0.0275811,0.7915515,0,-0.006130022,-0.003963281,0.4729974,1.184597,1.019734,0.001260699,2.847656e-05,24.39295,0.00182402,4.497895e-05,3.757227e-05,0.0004807697,0.01533452,0.15,0.05,0.0001139063,-0.02047187,0.122194,1.307759,0.4764268,13774,0.9390382,992.71,100.5609
134,1789945127.228,-0.4513883,-0.4162605,1.498514,-0.07209688,-0.005351899,-0.015,-0.142132,-0.016059,-0.01829341,-0.09763413,-0.002045654,-0.05366,-0.001989804,1.25831,-0.03139269,-0.05465032,0,-0.05153331,-0.06423717,-0.03260554,0.801064,0.1125865,-0.005881625,-0.004026422,0.4633502,0.9592082,1.478159,0.001198513,4.271484e-05,24.3892,0.00188221,4.366063e-05,3.577782e-05,0.0006042583,0.01193184,0,0.05,0.0001708594,-0.01438341,0.1199644,2.765916,0.4807041,7569,0.9387965,985.21,99.66527
135,1789945129.588,-0.4627212,-0.4013246,1.498514,-0.06591191,-0.005099322,-0.005,-0.1498912,-0.01604685,0,-0.09655189,-0.002016878,-0.04964,-0.002053642,1.307061,-0.03290278,-0.05438767,0,-0.04900777,-0.0538682,-0.02675765,0.8019261,0.1120637,-0.006105312,-0.003857701,0.4627093,1.266382,1.122527,0.001303079,4.271484e-05,24.38385,0.001900387,4.409334e-05,3.576477e-05,0.0005174503,0.01316396,0,0,0.0001708594,-0.01479101,0.1297746,1.471322,0.8397908,10633,0.9385433,978.23,99.6219
136,1789945132.626,-0.4491343,-0.4230402,1.498514,-0.06830936,-0.008697259,-0.05500001,-0.142137,-0.01589767,0,-0.0895298,-0.001970672,-0.05837999,-0.0009427044,1.210858,-0.03296816,-0.06689855,0,-0.05166694,-0.07735144,-0.02601781,0.7759566,0,-0.006414603,-0.004423512,0.4346015,1.012724,0.9123527,0.001281274,4.271484e-05,24.37966,0.001875198,4.293627e-05,3.480278e-05,0.0005161851,0.01377539,0,0,0.0001708594,-0.01520355,0.1342466,2.525615,0.4873922,8156,0.93835,975.84,98.74817
137,1789945135.968,-0.4523242,-0.4153519,1.498514,-0.06388857,-0.006124263,-0.005,-0.1483964,-0.0159461,-0.01449198,-0.09621062,-0.002050681,-0.06883998,-0.002078058,1.238159,-0.03470068,-0.0729734,0,-0.05111588,-0.05838717,-0.02732903,0.7980675,0,-0.005992472,-0.003939543,0.4835382,1.076009,1.011576,0.001247342,6.407226e-05,24.3741,0.001919445,4.383276e-05,3.466135e-05,0.0005936091,0.01375826,0,0.05,0.0002562891,-0.01652553,0.126286,2.847676,0.4834783,7377,0.9379279,986.35,99.52093
138,1789945138.283,-0.4526268,-0.4095858,1.498514,-0.06664692,-0.005196113,-0.02166667,-0.1284626,-0.01631762,0,-0.08511978,-0.002062953,-0.03572667,-0.001383817,1.321577,-0.03290613,-0.04174684,-4.655392e-05,-0.04805045,-0.05663982,-0.02434616,0.8012525,0.1880724,-0.005757438,-0.003861471,0.5038728,1.169096,1.337221,0.001215336,2.847656e-05,24.36708,0.002027481,4.335726e-05,3.334582e-05,0.0007354422,0.01681662,0.1,0,0.0001139063,-0.01455692,0.09627599,1.426191,0.8440325,10825,0.937717,994.41,99.7969
139,1789945141.132,-0.4688382,-0.4134801,1.498514,-0.06755811,-0.005007121,-0.005,-0.1383753,-0.01613291,-0.002326634,-0.09136458,-0.002040581,-0.04666,-0.00212492,1.320061,-0.03182574,-0.05489404,0,-0.0499825,-0.05515797,-0.02854789,0.8006315,0.1112843,-0.006153006,-0.003961787,0.4410138,0.9912933,1.237168,0.001168972,2.847656e-05,24.36298,0.001944482,4.125173e-05,3.252887e-05,0.0007017301,0.0144556,0.1,0.1,0.0001139063,-0.01413898,0.1223792,2.359213,0.4672363,8695,0.9374892,995.21,99.28742
140,1789945144.389,-0.3982521,-0.3628637,1.31801,-0.05940244,-0.004307474,-0.005,-0.1278506,-0.01370179,-0.0009174016,-0.08385752,-0.001795284,-0.05204665,-0.001763597,1.107557,-0.02786509,-0.05489873,0,-0.04447037,-0.04836899,-0.02570586,0.7062203,0.0585778,-0.005175803,-0.003451216,0.3967022,1.006748,1.054545,0.001215643,4.271484e-05,24.35882,0.001671875,3.885101e-05,3.14391e-05,0.0003859423,0.01271041,0,0.05,0.0001708594,-0.01476152,0.1245273,2.761428,0.4824667,7576,0.9372259,992.39,99.24809
141,1789945146.338,-0.4562088,-0.4162009,1.498514,-0.06412777,-0.00494961,-0.0075,-0.1451502,-0.01584765,-0.005941945,-0.09463893,-0.002058052,-0.04849,-0.001865126,1.303648,-0.03312056,-0.05485711,-0.0002864663,-0.04936911,-0.05658474,-0.02756735,0.8036275,0.1122352,-0.005868198,-0.003846918,0.4797889,1.150775,1.323682,0.001220603,6.407226e-05,24.35124,0.001636478,3.902882e-05,3.136396e-05,0.0003454823,0.01258814,0,0.05,0.0002562891,-0.01820721,0.09029219,1.375595,0.552722,12744,0.93672,993.67,99.97574
142,1789945149.614,-0.4549297,-0.4085177,1.492513,-0.06361061,-0.00492899,-0.0375,-0.1456579,-0.01534042,-0.03235791,-0.09518392,-0.002046389,-0.04141,-0.001866754,1.300359,-0.03158522,-0.04347493,-0.001870329,-0.04937251,-0.05233173,-0.02672849,0.7988912,0.1701068,-0.005899569,-0.004001037,0.4705067,1.069999,1.285329,0.001248295,6.407226e-05,24.34124,0.001652529,3.807679e-05,3.069155e-05,0.0003354651,0.01479289,0.05,0.05,0.0002562891,-0.01831074,0.1425776,2.784595,0.4681809,7555,0.9362683,979.65,99.30753
143,1789945152.889,-0.4679258,-0.4127108,1.498514,-0.06490971,-0.004669151,0,-0.1371407,-0.01566184,-0.001102371,-0.08924021,-0.002036078,-0.01734,-0.001943983,1.434462,-0.03476013,-0.01849352,0,-0.04836376,-0.05479964,-0.02440132,0.8004622,0.3347659,-0.005940322,-0.003832986,0.4636247,1.137082,1.598018,0.00123669,4.271484e-05,24.33241,0.001622121,3.741088e-05,3.001761e-05,0.0003180026,0.01592828,0.1,0.05,0.0001708594,-0.01589877,0.1448646,2.742439,0.5152524,7543,0.9357872,952.3,97.19822
144,1789945154.818,-0.4615873,-0.4162997,1.498514,-0.06931956,-0.005199225,-0.005,-0.1423012,-0.01612214,0,-0.09304079,-0.002036812,-0.04749999,-0.001479407,1.286259,-0.03127619,-0.05501732,0,-0.04892468,-0.05820696,-0.02696099,0.8021383,0.1134804,-0.0060514,-0.003991294,0.475617,1.023359,1.170697,0.001238882,1.265625e-05,24.3258,0.00164632,3.727204e-05,3.009036e-05,0.0003400747,0.01599095,0.2,0.05,5.0625e-05,-0.01522938,0.128104,1.446787,0.467829,12835,0.9356235,941.27,96.43342
145,1789945158.037,-0.4484362,-0.412264,1.498514,-0.06143303,-0.005292966,0,-0.1446358,-0.01603289,0,-0.09471335,-0.002070199,-0.06881997,-0.001729658,1.27456,-0.03128987,-0.07137858,0,-0.04992596,-0.05896343,-0.0255552,0.7989711,0,-0.005738625,-0.004023138,0.433554,1.188394,1.477027,0.00119702,1.898438e-05,24.32367,0.001564879,3.619448e-05,2.887369e-05,0.0003027901,0.009803966,0,0.05,7.59375e-05,-0.00967471,0.08914334,2.737272,0.4670248,7669,0.9355267,949.91,97.07191
146,1789945161.007,-0.4491409,-0.4156596,1.498514,-0.06504379,-0.003711334,-0.015,-0.1379114,-0.01641713,-0.001002534,-0.09039086,-0.0020227,-0.02448,-0.002019151,1.376612,-0.03244702,-0.02669976,0,-0.04724137,-0.04736908,-0.02742156,0.8106019,0.2819826,-0.005839116,-0.003779975,0.4727947,1.089588,1.518588,0.00122174,4.271484e-05,24.32006,0.001578106,3.618925e-05,2.843966e-05,0.0002917364,0.01213751,0,0.1,0.0001708594,-0.01512346,0.1313249,1.72716,1.19904,8398,0.9352694,955.12,97.34412
147,1789945163.261,-0.4537391,-0.4083526,1.498514,-0.0639055,-0.003821026,0,-0.132003,-0.01624323,-0.002800159,-0.08812147,-0.002068411,-0.03384,-0.002016199,1.361011,-0.03129306,-0.03577666,0,-0.04574934,-0.04517373,-0.02427997,0.8125366,0.2260383,-0.005834156,-0.00386193,0.5158254,1.126252,1.399836,0.001208769,2.847656e-05,24.31473,0.001557405,3.499071e-05,2.760675e-05,0.0002860386,0.01498829,0.1,0.05,0.0001139063,-0.01411333,0.127952,1.698701,0.5215197,11069,0.9350182,964.32,97.8712
148,1789945166.530,-0.4566165,-0.4214674,1.498514,-0.06231024,-0.005641923,-0.035,-0.1526784,-0.01595018,0,-0.103686,-0.00208138,-0.05960001,-0.001785969,1.247259,-0.03367257,-0.06903356,0,-0.0485218,-0.06492475,-0.02874457,0.7961086,0,-0.005854016,-0.004164401,0.457379,1.295885,1.108135,0.001241383,2.847656e-05,24.31005,0.00158746,3.495216e-05,2.731891e-05,0.000283806,0.01310591,0.1,0.1,0.0001139063,-0.01689403,0.09284313,2.768956,0.4817851,7560,0.9347717,980.68,99.97992
149,1789945169.659,-0.4512163,-0.4169421,1.498514,-0.06828355,-0.005549375,-0.025,-0.152444,-0.01486186,-0.002567213,-0.09824234,-0.00205259,-0.06637999,-0.002200008,1.237509,-0.03133396,-0.07345089,0,-0.05222668,-0.05582976,-0.02965158,0.8028809,0,-0.005905516,-0.004041665,0.4708103,1.152668,1.232299,0.001198402,4.271484e-05,24.30517,0.001544274,3.349509e-05,2.677235e-05,0.0002856041,0.01228571,0,0.05,0.0001708594,-0.01496767,0.1143616,1.894542,1.182532,7986,0.9344807,969.14,98.84752
150,1789945171.805,-0.4506693,-0.4127232,1.498514,-0.07370171,-0.005818333,-0.05500001,-0.1478031,-0.01656613,-0.01065779,-0.09490789,-0.002014455,-0.0556,-0.001824614,1.217359,-0.03169897,-0.07057603,0,-0.05517516,-0.0695851,-0.02274735,0.7934574,0,-0.006112545,-0.004238804,0.4528209,1.133781,1.088858,0.001158748,1.898438e-05,24.29798,0.001503827,3.396549e-05,2.682821e-05,0.0002842853,0.01557449,0.2,0.1,7.59375e-05,-0.01956333,0.1410838,1.643352,0.4776998,11586,0.9341549,947.63,96.92284
151,1789945174.990,-0.4695325,-0.4149904,1.498514,-0.06785544,-0.004034007,0,-0.1539097,-0.01733699,-0.0004679627,-0.1001616,-0.002073435,-0.05244001,-0.002156673,1.315511,-0.03330997,-0.05449798,0,-0.04843815,-0.05242698,-0.03127231,0.8072171,0.1130776,-0.005716033,-0.00397861,0.4991499,1.082738,1.332183,0.001156498,2.847656e-05,24.29462,0.001489958,3.357192e-05,2.666868e-05,0.0002732198,0.01026535,0,0.05,0.0001139063,-0.01254919,0.08842429,2.692428,0.4813297,7743,0.9340227,951.96,98.25507
152,1789945176.951,-0.4389352,-0.4079797,1.498514,-0.06081491,-0.004375226,-0.04,-0.1430164,-0.0153919,0,-0.09398362,-0.002046411,-0.05554,-0.001752947,1.323961,-0.03167392,-0.05280695,-0.0001163603,-0.05087612,-0.06443155,-0.02952316,0.8072705,0.1125101,-0.005803771,-0.003966448,0.5014712,0.9688832,1.217582,0.001166807,4.271484e-05,24.28999,0.001486554,3.341369e-05,2.668071e-05,0.0002596531,0.01326424,0,0.05,0.0001708594,-0.01526046,0.09689762,1.40633,0.537746,12641,0.9337053,948.27,98.19944
153,1789945180.246,-0.4606853,-0.4008069,1.498514,-0.0679039,-0.004243108,0,-0.1376062,-0.01641252,-0.00219997,-0.09031027,-0.002024049,-0.03564,-0.001755157,1.365559,-0.03261954,-0.03622701,0,-0.04754226,-0.04862485,-0.02633551,0.8095998,0.2249878,-0.006421843,-0.003841536,0.4796226,1.071311,1.38234,0.001148293,6.407226e-05,24.2833,0.001468461,3.307206e-05,2.63502e-05,0.0002607463,0.01220728,0,0.05,0.0002562891,-0.01818302,0.1125093,2.750158,0.5199201,7515,0.9333799,952.76,98.74689
154,1789945183.532,-0.4589193,-0.4031217,1.498514,-0.0624585,-0.005964037,-0.025,-0.1518987,-0.0159129,0,-0.09629099,-0.002065174,-0.06539997,-0.001596182,1.29406,-0.03171153,-0.06717326,0,-0.05220921,-0.0727884,-0.02969275,0.7944345,0,-0.00582391,-0.004276124,0.479122,1.198455,1.193742,0.001169916,6.407226e-05,24.27785,0.001490155,3.361459e-05,2.627619e-05,0.0002603484,0.01352866,0,0,0.0002562891,-0.01863172,0.09742218,2.79892,0.4669774,7525,0.9331197,965.77,100.2478
155,1789945185.339,-0.432366,-0.398437,1.498514,-0.06094391,-0.004170078,0,-0.1303988,-0.01633171,0,-0.08515382,-0.002037878,-0.03528,-0.001751446,1.390913,-0.03076284,-0.03705908,0,-0.05026255,-0.04818762,-0.02279618,0.8139822,0.2259392,-0.005754286,-0.003625514,0.5148851,1.175894,1.235263,0.001184089,8.4375e-06,24.2708,0.001507738,3.399758e-05,2.622418e-05,0.0002634276,0.01685421,0.35,0.1,3.375e-05,-0.02277296,0.09237649,1.270326,0.5083406,13817,0.9327739,975.01,101.4185
156,1789945188.571,-0.451244,-0.4061933,1.498514,-0.0671546,-0.004903771,0,-0.1474506,-0.01562871,-0.001329224,-0.09555333,-0.002035158,-0.06180998,-0.002032031,1.28496,-0.0326689,-0.06339639,0,-0.05032576,-0.060543,-0.02296565,0.8028339,0.05655675,-0.005881285,-0.003983445,0.5000005,1.179537,1.215004,0.001220201,8.4375e-06,24.26798,0.001558815,3.271204e-05,2.545862e-05,0.0002804435,0.01111268,0,0,3.375e-05,-0.006823216,0.111554,2.755316,0.4615066,7639,0.932734,970.09,100.8716
157,1789945190.887,-0.4545426,-0.3902422,1.498514,-0.05930068,-0.005231376,-0.005,-0.1490192,-0.01557834,0,-0.09380224,-0.002060069,-0.07225995,-0.002081407,1.266759,-0.03307502,-0.071617,0,-0.0495308,-0.06173481,-0.02698829,0.8037998,0,-0.005846289,-0.004082336,0.4820039,1.181783,1.163422,0.001171814,1.898438e-05,24.26657,0.00150091,3.184537e-05,2.492015e-05,0.0002723302,0.0100902,0,0.1,7.59375e-05,-0.009612293,0.09998336,1.351096,0.9135807,10851,0.9326195,963.71,100.5106
158,1789945193.690,-0.4472873,-0.3986854,1.498514,-0.06662081,-0.004663726,-0.015,-0.1370789,-0.01611591,0,-0.09072362,-0.002047023,-0.04867001,-0.001754676,1.311935,-0.03377231,-0.05226194,0,-0.04837627,-0.05555822,-0.02550398,0.8046414,0.1134157,-0.00588487,-0.003965957,0.4553734,1.115423,1.201958,0.001143045,4.271484e-05,24.26167,0.001465461,3.079417e-05,2.493948e-05,0.000266682,0.01304056,0.05,0.15,0.0001708594,-0.01722346,0.1002976,2.260659,0.5223682,8830,0.9322289,970.76,100.3393
159,1789945197.040,-0.447396,-0.3885108,1.498514,-0.06347351,-0.004088223,0,-0.1403641,-0.01558593,0,-0.09114461,-0.002066926,-0.05007999,-0.002206383,1.328511,-0.03252951,-0.05434301,0,-0.04735123,-0.05078812,-0.02453299,0.813292,0.1135871,-0.005809733,-0.003918571,0.441508,1.303868,1.462641,0.00122598,4.271484e-05,24.25583,0.001567995,3.112822e-05,2.525188e-05,0.0002856345,0.01452844,0,0,0.0001708594,-0.01410829,0.1521843,2.86031,0.4664087,7387,0.932071,956.32,99.03349
160,1789945198.971,-0.4480548,-0.3917099,1.498514,-0.06291651,-0.00435746,-0.025,-0.129277,-0.01578211,0,-0.08396225,-0.002043962,-0.03523999,-0.001321832,1.367513,-0.03143907,-0.03475229,0,-0.04496887,-0.0590592,-0.0277712,0.8101436,0.2286158,-0.005867472,-0.003695425,0.5229133,1.280425,1.23851,0.001174538,4.271484e-05,24.25352,0.001519369,3.115643e-05,2.518595e-05,0.0002884883,0.01469243,0,0,0.0001708594,-0.01263635,0.1947868,1.378909,0.5243919,12912,0.9319897,946.5,98.27731
161,1789945202.299,-0.2090828,-0.1898726,0.7199984,-0.02776447,-0.0009795477,0,-0.07102154,-0.007335858,-0.0003118688,-0.04492049,-0.0009851989,0,-0.002757644,0.6278514,-0.01394179,0,0,-0.02520325,-0.02231925,-0.01551407,0.3940323,0.2174006,-0.002840809,-0.0016218,0.2575455,0.4916001,0.8429221,0.001151523,5.625e-06,24.25177,0.001485774,3.088313e-05,2.539107e-05,0.0002779773,0.01571649,0.3,0.05,2.25e-05,-0.0164134,0.1361293,2.78535,0.5269098,7419,0.9319015,951.38,100.2899
162,1789945205.702,-0.442766,-0.3993937,1.498514,-0.06527954,-0.004243148,-0.0025,-0.1336224,-0.01611587,-0.0002261141,-0.08724841,-0.0020075,-0.04305,-0.001808177,1.31096,-0.03259428,-0.04551316,0,-0.04882805,-0.04898952,-0.02785847,0.8077361,0.1704456,-0.005877142,-0.003810733,0.4564542,1.016439,1.407384,0.001091793,1.265625e-05,24.25049,0.001427057,3.145881e-05,2.525539e-05,0.0002785501,0.009490438,0,0.1,5.0625e-05,-0.007206724,0.1013555,2.904499,0.4854903,7249,0.9318413,952.48,100.431
163,1789945207.505,-0.4488588,-0.4098735,1.498514,-0.0652388,-0.003749819,-0.01166667,-0.1277746,-0.01565308,-0.0002101274,-0.08286579,-0.002001679,-0.03233333,-0.001708436,1.356678,-0.03126071,-0.03538678,0,-0.04767449,-0.04846936,-0.0225626,0.8086542,0.2263643,-0.006012794,-0.003759462,0.4783209,1.103841,1.374394,0.001072387,4.271484e-05,24.24804,0.001401788,3.060296e-05,2.398082e-05,0.0002748165,0.01015177,0,0.2,0.0001708594,-0.01448024,0.1205673,1.286874,0.5040669,13722,0.9316388,958.6,102.3489
164,1789945210.747,-0.4609937,-0.4055026,1.498514,-0.06901558,-0.003226277,0,-0.1327379,-0.01685013,-0.0015923,-0.08514651,-0.002045449,-0.01730001,-0.00159075,1.409762,-0.03144014,-0.01794218,0,-0.04571217,-0.04682774,-0.02597643,0.8170416,0.3403504,-0.005964214,-0.003720541,0.514376,1.035798,1.590739,0.00111819,4.271484e-05,24.2451,0.001466297,3.044747e-05,2.435674e-05,0.0002933025,0.0143273,0,0,0.0001708594,-0.01403343,0.1572399,2.7629,0.4676559,7607,0.9315985,969.97,104.7158
165,1789945213.028,-0.4449291,-0.4066762,1.498514,-0.0659845,-0.00474438,-0.0075,-0.1409507,-0.01534605,-0.009707121,-0.09099709,-0.00203071,-0.05367998,-0.001854636,1.334361,-0.03258896,-0.05389966,0,-0.05088271,-0.05713185,-0.02522517,0.8034502,0.113035,-0.0058824,-0.003884804,0.4953654,1.194487,1.317244,0.001103178,2.847656e-05,24.24274,0.001445375,3.081522e-05,2.441587e-05,0.0002869656,0.01454542,0.15,0.1,0.0001139063,-0.01827226,0.1038548,1.336905,0.8934414,11018,0.9313778,965.24,104.5535
166,1789945215.961,-0.3621322,-0.3195235,1.200007,-0.04857013,-0.003018682,-0.045,-0.1304293,-0.01254659,0,-0.08390983,-0.001665128,-0.0528,-0.001561389,1.016955,-0.0238105,-0.05421573,-0.001054234,-0.04094821,-0.04001316,-0.02247987,0.6479849,0,-0.004631033,-0.003374593,0.363719,1.037084,0.9371006,0.001116111,2.847656e-05,24.23954,0.001474593,2.967911e-05,2.367642e-05,0.000305126,0.01214487,0,0,0.0001139063,-0.01217972,0.1167413,2.382875,0.51985,8466,0.9312745,971.63,105.417
167,1789945219.274,-0.4371747,-0.4123933,1.498514,-0.06113414,-0.004911024,-0.09000002,-0.1507791,-0.01514405,-0.0005055344,-0.09781474,-0.002071252,-0.06709998,-0.002075848,1.28236,-0.03257729,-0.0669999,-0.0001087015,-0.05277812,-0.05725993,-0.02496481,0.7980702,0,-0.005940768,-0.004121879,0.4296297,1.193416,1.030771,0.001107118,2.847656e-05,24.23819,0.001486394,2.986344e-05,2.41758e-05,0.000325237,0.01099408,0,0,0.0001139063,-0.01185424,0.1436101,2.821847,0.479774,7443,0.9312443,964.84,103.4882
168,1789945221.232,-0.4412321,-0.408736,1.498514,-0.06863317,-0.004697022,-0.025,-0.1408744,-0.01570412,0,-0.09183406,-0.002045121,-0.04449999,-0.001444857,1.337612,-0.03198959,-0.05200917,0,-0.04921318,-0.0548391,-0.02341054,0.8020193,0.1145162,-0.005954409,-0.00398098,0.4893964,1.164126,1.445187,0.001135639,2.847656e-05,24.23761,0.001546345,3.005355e-05,2.471712e-05,0.000355936,0.01418719,0,0,0.0001139063,-0.01216987,0.149812,1.441348,0.5068259,12614,0.9312236,972.8,102.4752
169,1789945224.485,-0.3061957,-0.2760067,1.043257,-0.0468249,-0.002425048,-0.02,-0.09318792,-0.01071817,-0.01406182,-0.06167179,-0.001437321,-0.01916,-0.001700036,0.961682,-0.02192461,-0.02142888,-0.007214095,-0.03304882,-0.03405218,-0.01638775,0.5698779,0.1721061,-0.004131476,-0.002723404,0.36519,0.8470127,1.022366,0.001154213,2.847656e-05,24.23736,0.001577264,2.96247e-05,2.463563e-05,0.0003687908,0.01343157,0.05,0.05,0.0001139063,-0.01331783,0.1639989,2.726505,0.5090268,7595,0.9312245,960.79,100.7065
170,1789945227.839,-0.4441866,-0.3890558,1.498514,-0.06746303,-0.003398331,-0.05500001,-0.1518705,-0.01527171,0,-0.0973758,-0.00203906,-0.0514,-0.001993055,1.27846,-0.03150427,-0.05106622,0,-0.04996841,-0.04819646,-0.02141417,0.8072895,0.1123635,-0.005901008,-0.003953626,0.4757788,1.195022,1.578069,0.001126447,6.407226e-05,24.23579,0.001523091,2.907119e-05,2.387496e-05,0.0003436973,0.0118419,0,0.1,0.0002562891,-0.01657661,0.1535931,2.32384,1.014492,7361,0.9309984,956.84,100.2456
171,1789945229.733,-0.4350165,-0.4242342,1.498514,-0.06654226,-0.005777464,-0.04,-0.1393558,-0.01616496,-0.01509811,-0.09335405,-0.002050303,-0.04889999,-0.00209416,1.28821,-0.03046342,-0.05501899,0,-0.05431404,-0.06029716,-0.02597482,0.7961625,0.1129171,-0.005978636,-0.003994367,0.4733855,0.9250771,1.016786,0.001085032,1.898438e-05,24.2297,0.001491809,2.837195e-05,2.340652e-05,0.0003549988,0.01502335,0.2,0.05,7.59375e-05,-0.01636377,0.15529,1.319982,0.551054,13134,0.9307318,944.19,99.15192
172,1789945232.998,-0.452718,-0.4027638,1.498514,-0.06443338,-0.005335677,-0.0575,-0.1419339,-0.0150712,-0.003762972,-0.09252074,-0.002003205,-0.06387998,-0.001813191,1.293085,-0.03241654,-0.06925651,0,-0.0514461,-0.06146226,-0.02352764,0.7953579,0,-0.006221266,-0.004299264,0.4845542,1.272501,1.190619,0.001023437,4.271484e-05,24.22471,0.001399785,2.675455e-05,2.186835e-05,0.0003277246,0.01126228,0,0.1,0.0001708594,-0.01479602,0.08800235,2.797159,0.4564114,7553,0.9303868,950.67,100.5077
173,1789945234.834,-0.4288372,-0.3709721,1.451012,-0.0623801,-0.004921105,-0.04333334,-0.141812,-0.01527273,-0.01204025,-0.09210519,-0.001968727,-0.04637998,-0.001965891,1.245459,-0.03069617,-0.0496488,-0.003820644,-0.05159574,-0.0551627,-0.02475619,0.7738559,0.113221,-0.005795603,-0.003944318,0.4603978,1.124581,1.22004,0.001040411,4.271484e-05,24.21843,0.001422102,2.554937e-05,2.149694e-05,0.0003346443,0.01396484,0.05,0.05,0.0001708594,-0.01571189,0.1277206,1.326648,0.4612665,13745,0.93016,967.98,103.037
174,1789945237.998,-0.2863615,-0.2478483,0.945001,-0.03354139,-0.002016298,0,-0.09235515,-0.00959695,-0.0005913425,-0.06093585,-0.001303948,-0.02516001,-0.001354174,0.866752,-0.02071968,-0.02628577,-0.007912999,-0.03093194,-0.02893405,-0.01952616,0.5176919,0.114603,-0.003670508,-0.002349643,0.3113128,0.8282822,0.9352393,0.0010523,1.898438e-05,24.21461,0.001395435,2.515517e-05,2.134818e-05,0.0002966325,0.01432809,0.1,0,7.59375e-05,-0.01497512,0.08471949,2.670805,0.4657025,7835,0.9299861,987.37,104.4064
175,1789945241.134,-0.4422796,-0.3870331,1.498514,-0.05708405,-0.00363598,-0.0075,-0.139654,-0.01584896,0,-0.09127649,-0.002089177,-0.04271001,-0.001720724,1.341511,-0.0312444,-0.04250382,0,-0.04965984,-0.0508243,-0.02270082,0.8086397,0.1699571,-0.005808397,-0.004026773,0.5037979,1.241718,1.347227,0.001038206,4.271484e-05,24.20973,0.001332506,2.474731e-05,2.089783e-05,0.0002486549,0.01270456,0,0.1,0.0001708594,-0.01602134,0.09720965,2.625943,0.4996386,7862,0.9296375,992.76,105.1103
176,1789945242.910,-0.443142,-0.4122922,1.498514,-0.06190635,-0.004807814,0,-0.1520283,-0.01590807,-0.004093504,-0.09882786,-0.002079814,-0.05518001,-0.002421399,1.364262,-0.03122781,-0.05429529,0,-0.05361385,-0.06385571,-0.02533599,0.8036401,0.1136414,-0.005912985,-0.003911269,0.508284,1.233287,1.156552,0.001016299,2.847656e-05,24.20193,0.001320748,2.440211e-05,2.05086e-05,0.0002595392,0.01462419,0.1,0.05,0.0001139063,-0.01643004,0.08306614,1.295228,0.4641945,13968,0.9292694,993.78,105.1756
177,1789945246.166,-0.4376886,-0.3851055,1.498514,-0.06607129,-0.003158257,0,-0.1262672,-0.01563678,-0.001545176,-0.08309536,-0.002040545,-0.01984,-0.001458253,1.416914,-0.03037835,-0.01793743,0,-0.04795344,-0.04299022,-0.02231841,0.8166685,0.3399403,-0.005760226,-0.003622249,0.5362067,1.2405,1.418046,0.001035617,2.847656e-05,24.19692,0.001341261,2.468277e-05,2.007105e-05,0.0002608899,0.01173393,0,0,0.0001139063,-0.01320866,0.08699774,2.755737,0.4759226,7604,0.929086,994.73,104.3556
178,1789945248.701,-0.387785,-0.3464423,1.33051,-0.05081875,-0.004542753,-0.04500001,-0.1214064,-0.01396286,-0.09739241,-0.07854728,-0.00180434,-0.03795332,-0.001932488,1.174924,-0.02638864,-0.04213416,-0.0007807498,-0.04815666,-0.05127808,-0.02439643,0.710159,0.137049,-0.005549949,-0.003516601,0.428504,0.8624598,1.113488,0.001029824,1.898438e-05,24.1929,0.001383628,2.431838e-05,2.029899e-05,0.0003091868,0.01439541,0.15,0.1,7.59375e-05,-0.01564137,0.1474537,1.301875,1.181757,9895,0.9289061,991.37,104.4747
179,1789945251.265,-0.4527261,-0.3875986,1.498514,-0.06893218,-0.004424979,0,-0.1430712,-0.01489961,-0.04363127,-0.0919572,-0.002006995,-0.04802,-0.001820823,1.356462,-0.03089226,-0.05435499,0,-0.0500624,-0.05034523,-0.02524929,0.8070735,0.1149324,-0.006296323,-0.003897035,0.4502512,1.147844,1.42802,0.001022907,2.847656e-05,24.19009,0.001347932,2.453276e-05,2.032945e-05,0.0002801637,0.01313002,0,0.05,0.0001139063,-0.01234798,0.1152001,2.067907,0.4792788,9648,0.9287415,987.06,104.6315
180,1789945254.486,-0.444514,-0.3865938,1.498514,-0.05959229,-0.003781398,0,-0.1383722,-0.014694,-0.01081234,-0.08750501,-0.002049567,-0.03514,-0.001665801,1.353861,-0.03103424,-0.03650451,0,-0.04913123,-0.04602887,-0.02453878,0.817531,0.2277949,-0.005841525,-0.003773843,0.5007951,1.03618,1.186047,0.001020403,1.265625e-05,24.1857,0.001421489,2.43442e-05,2.054436e-05,0.000356198,0.01363537,0.15,0.05,5.0625e-05,-0.01476379,0.09123484,2.761165,0.4498177,7653,0.9285361,987.06,105.209
181,1789945256.359,-0.4404776,-0.396356,1.498514,-0.06409992,-0.003709601,-0.05,-0.1363816,-0.01500666,-2.347529e-05,-0.08924731,-0.002053658,-0.04062999,-0.001571174,1.354836,-0.03218208,-0.04213503,0,-0.04716637,-0.0520084,-0.02334987,0.8100876,0.1708293,-0.005906893,-0.003984104,0.5017215,1.132648,1.417987,0.001048972,2.847656e-05,24.18282,0.001421866,2.406787e-05,2.023088e-05,0.0003285958,0.01265327,0,0.1,0.0001139063,-0.01180791,0.1299824,1.377933,0.4780123,13241,0.9284121,977.77,104.3106
182,1789945259.586,-0.4439084,-0.3971601,1.498514,-0.06186119,-0.004213586,-0.0025,-0.1389262,-0.01484878,-0.00358015,-0.08947616,-0.002032153,-0.04274,-0.002263893,1.360362,-0.03071403,-0.04520307,0,-0.05227884,-0.05327686,-0.02493893,0.8123986,0.1706115,-0.005930306,-0.003917386,0.5135751,1.141284,1.286375,0.00106122,2.847656e-05,24.17969,0.001394339,2.361331e-05,2.018474e-05,0.0002893202,0.01505553,0.1,0.1,0.0001139063,-0.01701488,0.1294885,2.72854,0.487042,7642,0.928265,978.82,104.9594
183,1789945262.901,-0.4400379,-0.391596,1.498514,-0.06326049,-0.00463964,-0.02,-0.1454323,-0.01533041,0,-0.09234228,-0.002044531,-0.06000998,-0.00193844,1.340536,-0.03078272,-0.06156812,0,-0.05094182,-0.05655523,-0.02201978,0.8049662,0.05709594,-0.00597655,-0.00403526,0.4853335,1.078215,1.38447,0.001068427,2.847656e-05,24.17699,0.001388943,2.354764e-05,1.944985e-05,0.0002775184,0.01374712,0,0,0.0001139063,-0.01100837,0.1377724,2.818126,0.4858272,7438,0.9280987,974.79,103.6756
184,1789945264.741,-0.3655595,-0.3295776,1.257758,-0.05201568,-0.002576994,-0.0125,-0.1149252,-0.01324791,-0.01274173,-0.07432611,-0.001724596,-0.02793,-0.001619518,1.139783,-0.02559408,-0.03128147,-0.003232992,-0.0386984,-0.03795824,-0.02184979,0.6872146,0.1715038,-0.005050123,-0.003302664,0.4194705,1.015231,1.088734,0.001051071,4.271484e-05,24.17349,0.001384386,2.283981e-05,1.914381e-05,0.0002913312,0.01200309,0,0.05,0.0001708594,-0.01448315,0.1196603,1.346395,0.4822276,13439,0.9279742,965.44,101.681
185,1789945268.031,-0.4409305,-0.3880078,1.498514,-0.06038,-0.003966685,0,-0.1434057,-0.01545471,-0.001195178,-0.09324872,-0.002072972,-0.05187999,-0.001914067,1.351912,-0.03081965,-0.05282336,0,-0.04921133,-0.05308938,-0.02484129,0.8087063,0.1135388,-0.005816582,-0.003934493,0.4830598,1.306852,1.154888,0.001048025,1.265625e-05,24.17068,0.001417598,2.316774e-05,1.902197e-05,0.0003273826,0.01600399,0.25,0.1,5.0625e-05,-0.01566705,0.1232521,2.79898,0.4776731,7500,0.9278176,959.35,101.8176
186,1789945271.200,-0.4389019,-0.3944649,1.498514,-0.06136054,-0.003365777,-0.015,-0.1394219,-0.01575957,-0.0003253967,-0.09055346,-0.002053337,-0.04493999,-0.001626518,1.336311,-0.02961816,-0.05123427,0,-0.05010807,-0.05334995,-0.0245319,0.8096384,0.1131894,-0.005945884,-0.003933191,0.4971925,1.104675,1.409899,0.001036317,5.625e-06,24.16873,0.001369362,2.227525e-05,1.859676e-05,0.0002921727,0.01459314,0.1,0,2.25e-05,-0.005940089,0.1242357,1.93292,1.193041,7861,0.9277487,966.33,102.5375
187,1789945273.329,-0.4479675,-0.3865207,1.498514,-0.06440323,-0.003773269,-0.025,-0.1429861,-0.01495631,-0.003446469,-0.09168246,-0.002036488,-0.04027333,-0.001971327,1.373362,-0.0301902,-0.04137149,0,-0.04884337,-0.04651276,-0.02101107,0.8151898,0.190305,-0.005915292,-0.00389885,0.5088763,1.238018,1.458219,0.0009896127,1.265625e-05,24.16727,0.001266972,2.136103e-05,1.822851e-05,0.0002377694,0.009435636,0,0.1,5.0625e-05,-0.007688667,0.07792957,1.626489,0.4663241,11743,0.927659,966.19,103.1249
188,1789945276.594,-0.4426094,-0.4009136,1.498514,-0.05942307,-0.004571726,-0.09999998,-0.1349448,-0.01549063,0,-0.08768062,-0.002050539,-0.04019,-0.001160945,1.340211,-0.03111982,-0.04518081,-0.002700475,-0.05079557,-0.06463658,-0.02472505,0.7975609,0.1131385,-0.005929559,-0.004254458,0.5041062,1.132645,1.347997,0.0009803229,1.265625e-05,24.16525,0.001235453,2.122117e-05,1.76076e-05,0.0002163008,0.01191046,0,0,5.0625e-05,-0.00725691,0.1321476,2.789914,0.4639184,7552,0.9275534,974.65,104.0157
189,1789945278.447,-0.4499525,-0.3967155,1.498514,-0.06564676,-0.004498292,-0.03250001,-0.1447011,-0.01574741,0,-0.09344515,-0.002067626,-0.06844997,-0.001859299,1.31161,-0.03041869,-0.0683967,-0.001374821,-0.05197626,-0.06448188,-0.02274764,0.8017499,0,-0.005958402,-0.00422746,0.464851,1.246649,1.205846,0.0009692518,1.265625e-05,24.1631,0.001231933,2.127394e-05,1.765373e-05,0.0002237535,0.009346491,0,0,5.0625e-05,-0.007606058,0.0803872,1.368899,0.4657354,13395,0.9274372,983.08,103.6811
190,1789945281.746,-0.4282394,-0.3956619,1.498514,-0.06385498,-0.002699256,-0.15,-0.1475728,-0.01564041,-0.0001092458,-0.09499416,-0.002050906,-0.02936001,-0.001343648,1.333712,-0.03046918,-0.02986789,0,-0.04845018,-0.03953364,-0.02220599,0.8129438,0.2265064,-0.005771042,-0.004046468,0.5063452,1.255205,1.486287,0.0009739566,1.265625e-05,24.16082,0.00124214,2.054877e-05,1.760149e-05,0.0002300331,0.01016278,0,0,5.0625e-05,-0.007146466,0.1336976,2.753565,0.526763,7491,0.9273285,979,103.7673
191,1789945285.128,-0.4352754,-0.3906106,1.498514,-0.0605606,-0.003290063,-0.01,-0.1308404,-0.01493365,-0.005759819,-0.08507075,-0.002046783,-0.0521,-0.001746826,1.346711,-0.02870218,-0.05351868,0,-0.05231227,-0.05013469,-0.02719713,0.8153951,0.1145815,-0.006045559,-0.00380682,0.4801285,0.9218526,1.273736,0.0009545061,1.265625e-05,24.15758,0.001204825,2.135635e-05,1.782382e-05,0.0002111385,0.01118696,0.15,0.15,5.0625e-05,-0.0119223,0.09026324,2.8854,0.4849982,7291,0.927139,975.76,103.3619
192,1789945287.085,-0.4390509,-0.3959249,1.498514,-0.06170444,-0.004982678,-0.015,-0.1468402,-0.0151177,-0.0002683449,-0.09674033,-0.002043081,-0.07207997,-0.001892308,1.32136,-0.02986273,-0.07159268,0,-0.05351394,-0.06509662,-0.02344799,0.8023849,0,-0.005974641,-0.004117173,0.5183577,1.042479,0.9218914,0.0009430172,1.898438e-05,24.15439,0.001198828,2.048392e-05,1.732211e-05,0.0002180051,0.01094897,0,0.05,7.59375e-05,-0.008708757,0.08636487,1.394806,0.5443351,12673,0.9269686,981.84,104.1644
193,1789945290.227,-0.4392646,-0.3928553,1.498514,-0.0615845,-0.003431561,-0.01,-0.1370084,-0.01524381,0,-0.08870761,-0.002037342,-0.04499,-0.001460472,1.387662,-0.03067234,-0.04321086,0,-0.0495954,-0.04704381,-0.02165824,0.8121896,0.1700044,-0.006011916,-0.00393212,0.5235902,1.167414,1.415151,0.0009579557,4.271484e-05,24.14895,0.001201706,2.032994e-05,1.722044e-05,0.0002061995,0.01089977,0,0.1,0.0001708594,-0.01559209,0.06340875,2.650582,0.4819365,7845,0.9266064,982.79,105.3195
194,1789945293.406,-0.4310637,-0.3831283,1.498514,-0.06589292,-0.003141548,-0.01,-0.1273069,-0.01496981,-0.06487846,-0.0824654,-0.002027916,-0.0316,-0.001851914,1.379212,-0.03055924,-0.03427788,0,-0.04926509,-0.04715571,-0.02262825,0.8156976,0.2281485,-0.006384361,-0.003701658,0.519811,1.110002,1.444769,0.0009985014,1.265625e-05,24.14177,0.001252803,2.028871e-05,1.758117e-05,0.0002164313,0.01424999,0.2,0.05,5.0625e-05,-0.01528267,0.09492126,1.959687,1.17067,7850,0.9263432,981,105.2569
195,1789945295.561,-0.4389127,-0.3894874,1.498514,-0.06382249,-0.003653286,-0.01666667,-0.136812,-0.01565835,-0.0002411652,-0.08863799,-0.002046564,-0.0452,-0.001756986,1.366427,-0.03102894,-0.04702099,-9.888069e-05,-0.05008603,-0.05487002,-0.02389387,0.8117666,0.1521317,-0.005973198,-0.003916402,0.5055691,1.182652,1.424917,0.0009559251,2.847656e-05,24.13848,0.001195775,2.001997e-05,1.698893e-05,0.0002028409,0.01062781,0,0.1,0.0001139063,-0.01188779,0.1154512,1.604341,0.5250845,11541,0.9261798,985.5,106.6349
196,1789945298.675,-0.434102,-0.4018795,1.498514,-0.06856099,-0.005247704,-0.005,-0.1447881,-0.01437103,0,-0.09278025,-0.001999316,-0.05961999,-0.002133048,1.338261,-0.03043476,-0.07156944,0,-0.05552114,-0.07881801,-0.02143072,0.7912738,0,-0.006232107,-0.004123877,0.4681552,1.034532,1.02772,0.000962021,2.847656e-05,24.13274,0.00118365,1.986651e-05,1.695721e-05,0.0001848052,0.01293867,0.1,0.1,0.0001139063,-0.01711852,0.1112585,2.633877,0.4631271,7935,0.9258152,978.36,105.9588
197,1789945300.536,-0.4286519,-0.3878779,1.498514,-0.05982367,-0.002875262,0,-0.1211965,-0.01529982,-0.003731771,-0.07931342,-0.002032682,-0.03530001,-0.002338249,1.450713,-0.03184385,-0.0352231,0,-0.04837199,-0.03984191,-0.02055322,0.8205339,0.2279786,-0.005740984,-0.003803637,0.4895415,1.202053,1.628183,0.0009661234,2.847656e-05,24.12601,0.001187964,1.974409e-05,1.671249e-05,0.0001853844,0.01285036,0.1,0.1,0.0001139063,-0.01894593,0.08427738,1.30644,0.5415156,13299,0.9255056,978.36,106.6492
198,1789945303.786,-0.4419872,-0.3828734,1.498514,-0.06431724,-0.003458702,-0.005,-0.1383947,-0.01502414,-0.0006189098,-0.08961203,-0.002056905,-0.04753999,-0.001879823,1.364695,-0.03002094,-0.04716682,0,-0.05001792,-0.05122555,-0.02266674,0.8124105,0.1518609,-0.005925059,-0.003980859,0.5044913,1.223666,1.411055,0.0009790864,2.847656e-05,24.12087,0.001204368,1.949613e-05,1.697252e-05,0.0001888127,0.01219221,0,0,0.0001139063,-0.01237211,0.07915384,2.767405,0.4719293,7586,0.9252449,979.17,107.1354
199,1789945306.531,-0.4511054,-0.3902549,1.498514,-0.07065058,-0.003065392,0,-0.1379063,-0.014526,0,-0.08857234,-0.002017767,-0.03054,-0.00137226,1.394812,-0.0309618,-0.03409527,0,-0.0448267,-0.04286387,-0.02472606,0.8152849,0.2278642,-0.005889553,-0.00386762,0.5502319,1.345263,1.464253,0.0009581165,6.407226e-05,24.11313,0.001174902,1.927054e-05,1.687194e-05,0.0001806429,0.01273654,0,0.1,0.0002562891,-0.01694371,0.09818743,1.496536,1.194067,9134,0.924755,990.95,107.9184
200,1789945308.889,-0.3821588,-0.3343887,1.302009,-0.05158525,-0.003289166,-0.006666667,-0.1153717,-0.01332435,-0.005620486,-0.07424887,-0.001759663,-0.03302,-0.001729335,1.180909,-0.02652027,-0.03614191,0,-0.04465548,-0.04713588,-0.02155145,0.7062267,0.1679136,-0.005122726,-0.003327067,0.4430075,0.9530392,1.129546,0.0009857373,2.847656e-05,24.10344,0.001202549,1.911441e-05,1.686332e-05,0.000180834,0.01538525,0.15,0.05,0.0001139063,-0.01625858,0.1188852,1.793943,0.5392828,10533,0.924346,987.42,106.4904
201,1789945312.156,-0.4270733,-0.3916669,1.498514,-0.05519205,-0.0041195,-0.0225,-0.1386514,-0.01585261,-0.04654308,-0.08887725,-0.002033385,-0.05078999,-0.001824614,1.350286,-0.03026751,-0.05165986,0,-0.05130189,-0.057396,-0.0234705,0.8075675,0.1141553,-0.005882586,-0.003909326,0.4977075,1.105212,1.209342,0.0009885118,1.898438e-05,24.09785,0.00121874,1.874376e-05,1.663586e-05,0.0001948488,0.01481709,0.05,0,7.59375e-05,-0.01174678,0.06532781,2.752331,0.4606948,7648,0.9241177,994.56,105.6675
202,1789945314.116,-0.4448869,-0.3722193,1.498514,-0.06532531,-0.002383918,-0.035,-0.1364956,-0.01547098,0,-0.08852625,-0.002036633,-0.02782,-0.00160361,1.378562,-0.03086074,-0.02958485,-0.001205601,-0.04435396,-0.04120037,-0.02409562,0.8196971,0.228756,-0.005758704,-0.003886468,0.5188455,1.109807,1.35186,0.0009581852,1.898438e-05,24.09437,0.00117677,1.874417e-05,1.634147e-05,0.0001834989,0.01232772,0,0,7.59375e-05,-0.008989206,0.1437472,1.38563,0.5534708,12673,0.9240234,989.45,104.663
203,1789945317.468,-0.448489,-0.3812931,1.498514,-0.05997616,-0.00394706,-0.03,-0.1299606,-0.01443486,-0.006755136,-0.08352926,-0.002035093,-0.03506001,-0.001415033,1.353211,-0.03129742,-0.03472105,0,-0.04868064,-0.04737934,-0.02202284,0.8092985,0.2269381,-0.005964137,-0.004137547,0.5049453,1.165064,1.28548,0.0009575184,1.898438e-05,24.09292,0.001173617,1.83012e-05,1.613976e-05,0.0001816574,0.01179504,0,0,7.59375e-05,-0.009614808,0.1187144,2.878703,0.45753,7366,0.9239646,986.45,103.9101
204,1789945320.747,-0.4268448,-0.3905248,1.498514,-0.06731769,-0.00443951,-0.02,-0.1305244,-0.01477088,-0.05263619,-0.08597718,-0.002015985,-0.04655,-0.001761051,1.346385,-0.02964799,-0.05266162,0,-0.05054639,-0.04927914,-0.02275988,0.8070034,0.1142398,-0.0060471,-0.004093647,0.5194505,1.129677,1.265282,0.0009568526,1.898438e-05,24.09153,0.001166889,1.807621e-05,1.579808e-05,0.0001761618,0.01003667,0,0,7.59375e-05,-0.009113903,0.1256867,2.775084,0.4835353,7541,0.9238878,982.94,104.6482
205,1789945322.579,-0.4293412,-0.3878847,1.498514,-0.06174028,-0.006606219,-0.025,-0.1432775,-0.01529724,-0.1102516,-0.09207092,-0.00200311,-0.06141999,-0.001708335,1.341511,-0.03085795,-0.07012805,0,-0.05577178,-0.07302745,-0.02255008,0.7851447,0,-0.006148266,-0.004147131,0.4843489,0.8329391,1.076304,0.0009505424,4.271484e-05,24.08849,0.001161656,1.794644e-05,1.556226e-05,0.000177605,0.01192127,0,0.1,0.0001708594,-0.01442382,0.1225544,1.291101,0.5186479,13579,0.9236426,981.31,105.2204
206,1789945325.795,-0.4323531,-0.393736,1.498514,-0.05618666,-0.004212001,-0.005,-0.1358292,-0.0154019,-0.04502583,-0.08896845,-0.00205533,-0.04073,-0.002120473,1.396437,-0.03068626,-0.0442274,0,-0.05190146,-0.05615289,-0.02415204,0.8086631,0.1712827,-0.006061504,-0.003855336,0.5122954,1.0873,1.418171,0.0009892712,1.898438e-05,24.08195,0.00121294,1.785419e-05,1.538008e-05,0.0001904344,0.015458,0.15,0.05,7.59375e-05,-0.01646949,0.1010213,2.732419,0.4714489,7670,0.923302,986.42,106.09
207,1789945328.059,-0.4208932,-0.3941029,1.498514,-0.05346039,-0.004401726,0,-0.1385488,-0.0159544,-0.001222905,-0.09186127,-0.002074253,-0.05149999,-0.002218492,1.362311,-0.03056218,-0.05404667,-0.000179866,-0.05355003,-0.06458122,-0.02526403,0.8053405,0.1139643,-0.005787838,-0.003868464,0.4948731,1.201262,1.396376,0.0009888888,1.898438e-05,24.07798,0.001214511,1.720798e-05,1.512979e-05,0.000193284,0.0121354,0,0,7.59375e-05,-0.009498078,0.09134562,1.347717,0.8693261,11085,0.9232029,982.35,106.5152
208,1789945330.989,-0.4212265,-0.3993974,1.498514,-0.06399547,-0.004429434,-0.005,-0.138375,-0.01549696,-0.0008957655,-0.09023446,-0.002047104,-0.05876666,-0.001811102,1.366645,-0.02942787,-0.06379081,0,-0.05357128,-0.06509151,-0.02216863,0.8000849,0.03752645,-0.00603223,-0.004089977,0.4923155,1.229604,1.236593,0.0009840638,1.265625e-05,24.07526,0.001205777,1.738867e-05,1.490187e-05,0.0001894224,0.01363516,0.15,0.1,5.0625e-05,-0.01309062,0.1053883,2.418443,0.4850483,8464,0.9230552,985.96,105.8358
209,1789945334.336,-0.4333465,-0.3858939,1.498514,-0.06271896,-0.00488002,-0.025,-0.1471352,-0.01542138,-0.000292013,-0.09468226,-0.002050218,-0.05832998,-0.001731254,1.32136,-0.03160298,-0.06111692,-0.0001823828,-0.05387554,-0.06017467,-0.02553614,0.8024909,0.05706568,-0.0059593,-0.0040838,0.472135,1.103946,1.180701,0.0009594517,5.625e-06,24.07329,0.001186562,1.729127e-05,1.465209e-05,0.0001951671,0.01380638,0.15,0.05,2.25e-05,-0.008875202,0.1118328,2.85784,0.4754722,7372,0.9229953,968.18,103.9934
210,1789945336.277,-0.4237462,-0.3962261,1.498514,-0.06064616,-0.003601884,-0.015,-0.1259676,-0.01469827,-0.1293189,-0.08265876,-0.002004462,-0.03241999,-0.001585074,1.404563,-0.02950292,-0.03565851,0,-0.05109765,-0.04570786,-0.02551222,0.8138766,0.2273653,-0.006473232,-0.003789264,0.5049648,0.9125373,1.60755,0.0009625868,5.625e-06,24.07252,0.001190952,1.677141e-05,1.434045e-05,0.0001972535,0.01172955,0,0,2.25e-05,-0.004413044,0.1080642,1.399014,0.5267112,12761,0.9229779,975.76,103.8287
211,1789945339.554,-0.4372476,-0.3753191,1.498514,-0.06422563,-0.002358804,-0.015,-0.127289,-0.0143545,-0.0002985627,-0.08330092,-0.002059307,-0.01388,-0.001758971,1.403912,-0.0293089,-0.01728373,0,-0.0448218,-0.04146492,-0.02626113,0.8261632,0.3424829,-0.005866084,-0.00372633,0.5571774,1.250375,1.608444,0.0009980587,8.4375e-06,24.07197,0.001236075,1.652457e-05,1.387926e-05,0.0002076129,0.01111801,0.1,0.15,3.375e-05,-0.00756519,0.1528931,2.746783,0.5105774,7544,0.922938,963.45,102.4794
212,1789945342.806,-0.4274247,-0.3966232,1.498514,-0.06602502,-0.003893082,-0.01,-0.1369466,-0.01448744,-0.01820941,-0.08849399,-0.002015294,-0.04017001,-0.002019117,1.368811,-0.02805123,-0.04457188,0,-0.05059804,-0.05446204,-0.02504847,0.8071966,0.1701706,-0.005964126,-0.003902888,0.4908922,1.115214,1.186561,0.0009481508,1.265625e-05,24.07111,0.001159464,1.655082e-05,1.387451e-05,0.0001808875,0.01014477,0,0.05,5.0625e-05,-0.007517094,0.1238337,2.018476,1.186929,7667,0.922892,966.03,103.0988
213,1789945344.796,-0.4365842,-0.4051685,1.498514,-0.06380444,-0.003516616,-0.08000001,-0.134876,-0.01444275,-0.2211772,-0.08716627,-0.002013817,-0.04426,-0.001759318,1.353861,-0.0300726,-0.04879678,-0.0001076453,-0.05129683,-0.04554205,-0.02528593,0.8094472,0.1146958,-0.006329544,-0.004070004,0.5392724,0.9629498,1.172025,0.0009373215,1.898438e-05,24.06975,0.001149309,1.610899e-05,1.369121e-05,0.0001821872,0.01295563,0,0.05,7.59375e-05,-0.004111543,0.1761805,1.454626,0.5105491,12505,0.922807,959.92,102.7951
214,1789945348.038,-0.4229959,-0.3973926,1.498514,-0.05892859,-0.003342491,0,-0.1276235,-0.01585185,-0.003704891,-0.08422339,-0.002052306,-0.04008,-0.001754441,1.388961,-0.03033542,-0.03528093,0,-0.04978728,-0.04286891,-0.02266995,0.8144398,0.2266846,-0.005857334,-0.003742056,0.5148214,1.001444,1.342113,0.00086746,4.271484e-05,24.06655,0.001073401,1.568348e-05,1.340402e-05,0.0001768539,0.01250279,0,0.1,0.0001708594,-0.01549649,0.06880371,2.752876,0.4676039,7631,0.9225315,959.92,102.3381
215,1789945349.930,-0.4302396,-0.3840547,1.498514,-0.06332187,-0.00237479,0,-0.1311107,-0.01536317,0,-0.08512513,-0.002033676,-0.018,-0.001912118,1.443563,-0.03089968,-0.01747872,0,-0.04125222,-0.03960041,-0.0194511,0.8267078,0.3426897,-0.005832204,-0.003580576,0.5375232,1.080047,1.63518,0.0009033404,2.847656e-05,24.05986,0.001106116,1.579489e-05,1.336788e-05,0.0001736129,0.01490238,0.05,0,0.0001139063,-0.01556855,0.0708429,1.334763,0.5364325,13133,0.9221725,979.42,105.3117
216,1789945353.224,-0.4362683,-0.3896822,1.498514,-0.05955424,-0.005091519,-0.08000001,-0.1415558,-0.01438035,-0.03222881,-0.08949646,-0.002020155,-0.04901,-0.001437257,1.355486,-0.03093664,-0.04979302,0,-0.05205929,-0.06579738,-0.02119532,0.7976998,0.1134335,-0.006131188,-0.004161923,0.512388,1.105592,1.342015,0.0009231772,1.898438e-05,24.05384,0.001125723,1.589294e-05,1.362411e-05,0.0001730288,0.01340471,0.05,0,7.59375e-05,-0.01195578,0.09055097,2.752144,0.5233994,7502,0.9219455,988.92,107.1114
217,1789945356.462,-0.443387,-0.3864025,1.498514,-0.06038209,-0.003620392,-0.04,-0.1223923,-0.0141471,-0.01593415,-0.07891979,-0.002007607,-0.03616,-0.001451507,1.396112,-0.02952832,-0.03493493,0,-0.0496732,-0.05080789,-0.0220254,0.8097245,0.2274335,-0.006115732,-0.003892299,0.5372103,1.095531,1.680285,0.000953046,2.847656e-05,24.04956,0.001176396,1.554798e-05,1.385071e-05,0.000193951,0.01038219,0,0.05,0.0001139063,-0.01224236,0.09948735,2.756046,0.4671183,7624,0.9217326,999,108.1259
218,1789945358.395,-0.4317338,-0.3896481,1.498514,-0.05944177,-0.004453265,-0.005,-0.1346307,-0.0152653,-0.1514252,-0.08871882,-0.002060143,-0.06665998,-0.001744363,1.333711,-0.03051227,-0.07009993,0,-0.05403229,-0.0605529,-0.02078183,0.799174,0,-0.006403666,-0.004192501,0.5276851,0.9909415,1.361353,0.0009248179,1.898438e-05,24.04577,0.001273596,1.542024e-05,1.346856e-05,0.0003198892,0.01450443,0.05,0,7.59375e-05,-0.008546771,0.1173329,1.403979,0.5181177,12786,0.9215643,978.3,107.4804
219,1789945361.685,-0.428686,-0.3997478,1.498514,-0.0609535,-0.004843469,0,-0.1384073,-0.01507815,-0.001261625,-0.09099738,-0.002045993,-0.06611998,-0.00172509,1.30706,-0.03173292,-0.06951883,0,-0.05452744,-0.07382213,-0.02234184,0.7964677,0,-0.005928379,-0.004252988,0.4738705,1.120079,1.033269,0.0008963929,8.4375e-06,24.04326,0.001194099,1.520345e-05,1.361877e-05,0.0002688837,0.0137033,0.1,0,3.375e-05,-0.009092498,0.1059828,2.800735,0.4802022,7490,0.9214831,972.86,106.8472
220,1789945364.819,-0.4189474,-0.3980486,1.498514,-0.05476414,-0.002268062,0,-0.1140905,-0.0163179,-0.0007440639,-0.0762562,-0.002053951,-0.01802,-0.001634761,1.434462,-0.0291923,-0.0179492,0,-0.04828654,-0.0382969,-0.02175389,0.831597,0.3438706,-0.005744876,-0.003522002,0.4950839,1.068128,1.522914,0.0009259397,1.898438e-05,24.04148,0.001160114,1.527078e-05,1.339578e-05,0.0002055074,0.01075794,0,0.1,7.59375e-05,-0.00824377,0.08221732,1.909899,1.170128,7979,0.9213561,966.6,105.8056
221,1789945366.949,-0.4285282,-0.3740385,1.498514,-0.06694753,-0.003762044,-0.03,-0.14669,-0.01502934,-0.001346068,-0.09565848,-0.002033984,-0.05273999,-0.002088737,1.340211,-0.02929921,-0.05349977,0,-0.0500553,-0.04718583,-0.0260541,0.8117785,0.1149612,-0.005895029,-0.003962529,0.5144138,0.9988543,1.217848,0.0009294249,1.898438e-05,24.03885,0.001180685,1.519354e-05,1.321087e-05,0.0002228557,0.01128551,0,0,7.59375e-05,-0.009129217,0.1192899,1.585335,0.5128145,11713,0.9212365,967.65,104.9824
222,1789945370.149,-0.4385317,-0.3872096,1.498514,-0.05528077,-0.005575623,-0.005,-0.1580532,-0.01579102,-0.00767442,-0.100111,-0.002085702,-0.05583999,-0.001947894,1.387663,-0.02996546,-0.05325825,0,-0.05104628,-0.06742337,-0.02312766,0.8059716,0.1153757,-0.005859123,-0.004145407,0.5118544,1.155232,1.072482,0.0009152248,1.898438e-05,24.03661,0.001156937,1.524874e-05,1.31544e-05,0.0002133087,0.01214394,0,0,7.59375e-05,-0.009021059,0.1185116,2.711309,0.4710934,7722,0.9211352,977.91,106.3086
223,1789945372.021,-0.4271615,-0.391706,1.498514,-0.05438235,-0.003129183,-0.01,-0.1384145,-0.0156064,-0.0001591542,-0.09013185,-0.002065111,-0.04792,-0.001940215,1.370436,-0.02859412,-0.05281316,0,-0.05258177,-0.05690742,-0.02447646,0.8124608,0.115026,-0.005960871,-0.00390073,0.5079014,1.180414,1.26716,0.0009394553,1.898438e-05,24.03433,0.00116059,1.584637e-05,1.351053e-05,0.0001917773,0.01204048,0,0,7.59375e-05,-0.009461864,0.09776307,1.337202,0.5163429,13258,0.9209858,988.58,107.2864
224,1789945375.260,-0.4261955,-0.391265,1.498514,-0.06356367,-0.004466488,-0.015,-0.1357742,-0.01469274,-8.385479e-05,-0.08825789,-0.002021028,-0.05077999,-0.001798172,1.373361,-0.03030012,-0.05247333,0,-0.05187364,-0.0754207,-0.02622799,0.8034477,0.1144601,-0.006065962,-0.004004688,0.5159994,1.107124,1.351666,0.0009309615,2.847656e-05,24.02996,0.001146183,1.529724e-05,1.332186e-05,0.0001866027,0.01242877,0,0.05,0.0001139063,-0.01222481,0.08772338,2.700247,0.5274217,7614,0.9206945,977.17,105.7117
225,1789945378.639,-0.4184562,-0.3815919,1.498514,-0.06100865,-0.003031216,-0.025,-0.1295927,-0.01383453,-0.2336478,-0.08398851,-0.00201184,-0.03810001,-0.00210387,1.385712,-0.02712793,-0.03510177,0,-0.04878591,-0.04266794,-0.02251566,0.8135337,0.2253992,-0.006125822,-0.003848331,0.5029687,1.140203,1.564637,0.000975633,2.847656e-05,24.02431,0.001199508,1.509644e-05,1.296157e-05,0.0001958174,0.01524268,0,0,0.0001139063,-0.01168812,0.1635554,2.882452,0.4859662,7296,0.9204677,975.22,106.2413
226,1789945380.557,-0.4311735,-0.3966364,1.498514,-0.06048295,-0.001505948,0,-0.1189287,-0.0150048,-0.0006281954,-0.07934888,-0.002031808,-0.02200001,-0.001452436,1.464364,-0.03016481,-0.01723596,0,-0.04136363,-0.03310025,-0.02322146,0.8346536,0.3434725,-0.005833918,-0.003547786,0.5489959,1.244898,1.696448,0.0009552332,1.898438e-05,24.02072,0.001181363,1.462201e-05,1.251871e-05,0.0001989893,0.01474172,0.05,0,7.59375e-05,-0.0118098,0.1558998,1.387811,0.5152726,12913,0.9203174,959.74,103.6431
227,1789945383.886,-0.4245494,-0.3872485,1.498514,-0.06383853,-0.005171941,-0.01,-0.1461605,-0.0150807,-0.1267864,-0.09241843,-0.001995704,-0.06833999,-0.00173612,1.376612,-0.02962964,-0.06966294,0,-0.05626265,-0.06909649,-0.02119019,0.7924635,0,-0.006164945,-0.004228082,0.4800512,1.061555,1.164582,0.0009458656,1.898438e-05,24.01819,0.001206682,1.436279e-05,1.255266e-05,0.0002339007,0.01609084,0,0,7.59375e-05,-0.009114474,0.1488369,2.798584,0.5148036,7417,0.9202121,965.66,104.2197
228,1789945387.077,-0.4360052,-0.388682,1.498514,-0.06595817,-0.003184133,-0.05500001,-0.1342868,-0.01507199,-0.0004083103,-0.08450383,-0.002005196,-0.03752,-0.001488408,1.418864,-0.0289948,-0.03454196,0,-0.04789194,-0.04876386,-0.02166527,0.8118461,0.2268817,-0.005837905,-0.004089258,0.5360407,1.27465,1.714953,0.0009770881,2.847656e-05,24.01582,0.0012231,1.45183e-05,1.262464e-05,0.0002188691,0.01303359,0,0.05,0.0001139063,-0.01194781,0.1098923,1.943239,1.192269,7837,0.9200708,957.44,103.6452
229,1789945389.158,-0.1596265,-0.1478328,0.5954995,-0.02095664,-0.0003246703,0,-0.044405,-0.005369517,-0.009864433,-0.03070066,-0.0008239181,0,-0.0008171088,0.5489503,-0.01094442,0,0,-0.01792387,-0.009787015,-0.01102305,0.3397052,0.1835941,-0.002340884,-0.001229658,0.2319088,0.5201783,0.6938705,0.0009549601,2.847656e-05,24.01297,0.001164539,1.413515e-05,1.262832e-05,0.0001828157,0.01241218,0,0,0.0001139063,-0.01143349,0.1260051,1.523592,0.5264697,11987,0.9199393,970.77,104.7006
230,1789945392.388,-0.4300714,-0.3871211,1.498514,-0.05846223,-0.006408285,-0.015,-0.1417062,-0.01576445,-0.05389073,-0.09608557,-0.002045263,-0.0523,-0.002414661,1.29406,-0.03198522,-0.05238889,-0.000371298,-0.05774972,-0.07782214,-0.02622278,0.7902879,0.1136426,-0.006196795,-0.004503581,0.4513284,1.108495,1.056162,0.0009411672,8.4375e-06,24.01055,0.001146093,1.426787e-05,1.273071e-05,0.0001779269,0.01518274,0.15,0,3.375e-05,-0.01092702,0.1038479,2.748778,0.4634914,7650,0.9198498,966.25,103.4994
231,1789945394.281,-0.4262582,-0.3908077,1.498514,-0.06014594,-0.003679056,0,-0.1363996,-0.01552055,-0.05909295,-0.0895824,-0.002060826,-0.05446001,-0.002067254,1.410413,-0.029882,-0.052388,0,-0.05046402,-0.05777107,-0.02195134,0.80991,0.1136503,-0.006153072,-0.004036843,0.5296964,1.099894,1.373813,0.0009268019,1.265625e-05,24.00934,0.001138117,1.396702e-05,1.249165e-05,0.000184856,0.0126187,0,0.05,5.0625e-05,-0.008091873,0.1074936,1.334804,0.5442355,13079,0.9198008,971.74,104.6075
232,1789945397.608,-0.4147539,-0.3953847,1.498514,-0.06744999,-0.004545028,0,-0.1537016,-0.01457864,-0.0004110968,-0.09890552,-0.002048588,-0.06597999,-0.002250437,1.378563,-0.02991088,-0.06884342,0,-0.0545278,-0.06663128,-0.02177222,0.7979192,0,-0.006027156,-0.004246748,0.5125299,1.172111,1.18894,0.0009345822,5.625e-06,24.00809,0.001141214,1.396616e-05,1.209042e-05,0.0001805751,0.01308779,0.2,0.1,2.25e-05,-0.007383406,0.08981758,2.788847,0.5271943,7411,0.9197358,977.38,104.8736
233,1789945400.750,-0.4330746,-0.3780694,1.498514,-0.06258175,-0.003662611,-0.06000001,-0.1423948,-0.01459155,-0.001368606,-0.09119348,-0.002054599,-0.04844,-0.00157172,1.366212,-0.02971536,-0.04845762,-0.0002196812,-0.04897013,-0.05558962,-0.0215408,0.8088891,0.1145128,-0.005950868,-0.004143038,0.512736,1.112564,1.489306,0.0009496761,1.898438e-05,24.00647,0.001160336,1.360554e-05,1.203472e-05,0.0001850195,0.008321531,0,0.15,7.59375e-05,-0.00902654,0.1063051,2.535541,0.590297,7862,0.9196375,976.38,105.0964
234,1789945402.544,-0.241745,-0.2256127,0.8834996,-0.03464416,-0.0005325909,-0.01,-0.07351404,-0.00824911,0,-0.04902903,-0.001236524,-0.00352,-0.0009029376,0.7984022,-0.0166915,-0.003111523,-0.01856878,-0.02514149,-0.02056669,-0.01490711,0.4944757,0.2297618,-0.003397844,-0.002123193,0.3299027,0.6782035,0.9578907,0.0009221796,2.847656e-05,24.0045,0.001112598,1.323872e-05,1.158502e-05,0.0001655949,0.01371294,0,0.05,0.0001139063,-0.01206059,0.1402633,1.307219,0.4669111,13852,0.9195461,970.34,104.8959
235,1789945405.726,-0.4287547,-0.3744243,1.498514,-0.06960638,-0.003963699,-0.02333334,-0.1387797,-0.01392276,-0.4236315,-0.08862086,-0.001959155,-0.05101333,-0.001695109,1.382679,-0.02863862,-0.05079072,-0.0002544091,-0.05071149,-0.0537187,-0.02384414,0.8046998,0.114162,-0.006217896,-0.004081356,0.492463,1.114712,1.337822,0.0008853331,2.847656e-05,24.00215,0.001055154,1.297555e-05,1.144087e-05,0.0001454042,0.01207411,0,0,0.0001139063,-0.01266505,0.09160545,2.701811,0.4690888,7750,0.9193665,973.18,105.6072
236,1789945407.867,-0.4313546,-0.3819235,1.498514,-0.06154357,-0.002734195,0,-0.1428221,-0.01461987,-1.915038e-05,-0.09141674,-0.002063333,-0.04558999,-0.001979578,1.408137,-0.02963038,-0.04269087,0,-0.0479958,-0.0449444,-0.02351618,0.8197934,0.1717587,-0.005934329,-0.003950621,0.4854808,1.325995,1.356146,0.0009076956,4.271484e-05,23.99565,0.001077487,1.297237e-05,1.141519e-05,0.0001454037,0.01335192,0.05,0.1,0.0001708594,-0.0165061,0.09499277,1.293423,0.8008411,11734,0.9189742,975.14,106.5554
237,1789945410.714,-0.4377936,-0.3942341,1.498514,-0.06135172,-0.003275699,0,-0.1324801,-0.01382088,0,-0.08767512,-0.002045546,-0.03696,-0.001897671,1.406513,-0.02991214,-0.03549626,0,-0.04748,-0.04818153,-0.0213924,0.8242669,0.2299979,-0.005880771,-0.003797767,0.4736204,1.231257,1.381662,0.0008888948,1.898438e-05,23.98773,0.001070055,1.266026e-05,1.132771e-05,0.0001571725,0.01419469,0.2,0.1,7.59375e-05,-0.0177729,0.08443528,2.352541,0.4686356,8711,0.9185985,975.14,107.2589
238,1789945413.806,-0.4151985,-0.3770515,1.498514,-0.05669699,-0.001987383,0,-0.1081433,-0.01483595,-0.0003377348,-0.07356089,-0.002040675,-0.01616,-0.001454921,1.437714,-0.02833438,-0.01808755,0,-0.0475285,-0.03745909,-0.02285083,0.8290522,0.3436137,-0.005907755,-0.003524909,0.549724,1.12873,1.573056,0.0008778407,6.407226e-05,23.98001,0.001049244,1.274274e-05,1.134971e-05,0.0001473114,0.01289976,0,0.15,0.0002562891,-0.01877539,0.07461838,2.579783,0.4981878,7984,0.9181506,983.66,107.8785
239,1789945415.564,-0.4306179,-0.3874695,1.498514,-0.06239457,-0.004000363,-0.01,-0.1426723,-0.0145642,-0.001354277,-0.09187441,-0.002055475,-0.04988999,-0.001897763,1.393837,-0.03001975,-0.0525077,0,-0.05167417,-0.06162034,-0.02319364,0.8073399,0.1145442,-0.005960032,-0.004136323,0.4986309,1.043726,1.317204,0.0008884231,1.898438e-05,23.96948,0.001069105,1.279988e-05,1.16779e-05,0.0001562037,0.0148149,0.25,0.1,7.59375e-05,-0.01972778,0.07204457,1.290713,0.4565959,14065,0.9176909,988.57,108.9508
240,1789945418.771,-0.4082713,-0.3882515,1.498514,-0.05859765,-0.002642512,0,-0.1246322,-0.01505329,-0.0006229079,-0.08206552,-0.002051527,-0.03388,-0.001429957,1.412363,-0.02851632,-0.0329083,0,-0.04809847,-0.04639423,-0.0230366,0.8251473,0.230829,-0.005748292,-0.003725555,0.5229504,1.173662,1.362591,0.0008884591,5.625e-06,23.96476,0.001062602,1.254639e-05,1.134084e-05,0.0001502557,0.01503967,0.2,0.05,2.25e-05,-0.01019595,0.09465519,2.718456,0.4758894,7693,0.9175974,997.17,109.0814
241,1789945420.568,-0.4414499,-0.3807851,1.498514,-0.06120287,-0.003163746,-0.02,-0.1437372,-0.01376237,-0.0699292,-0.09415578,-0.002016601,-0.04894,-0.001528962,1.398062,-0.02908438,-0.05188469,0,-0.05254893,-0.05306246,-0.02411779,0.8117728,0.1149843,-0.006299672,-0.004109696,0.5027601,1.080163,1.517842,0.0008574208,1.898438e-05,23.96349,0.001010572,1.24843e-05,1.123159e-05,0.000129435,0.00878112,0,0.15,7.59375e-05,-0.007644771,0.1185999,1.27616,0.4739704,14042,0.9175219,989.7,108.2865
242,1789945423.709,-0.4232033,-0.3877223,1.498514,-0.0613934,-0.002955308,-0.003333334,-0.1264238,-0.0149462,-0.07499777,-0.08261967,-0.002046242,-0.02751334,-0.001556461,1.448763,-0.030631,-0.02793469,0,-0.05030596,-0.05200742,-0.02346365,0.8153905,0.265445,-0.006011784,-0.003837765,0.532621,1.053746,1.540807,0.0008835662,1.898438e-05,23.96132,0.001042662,1.218102e-05,1.110215e-05,0.0001358129,0.012886,0,0,7.59375e-05,-0.01053978,0.08268052,2.639276,0.4813271,7875,0.9173935,989.7,108.4683
243,1789945426.920,-0.3955663,-0.3625836,1.390511,-0.06050822,-0.003761914,-0.01166667,-0.128366,-0.01366297,-0.004833007,-0.08335352,-0.001888919,-0.04062001,-0.001711824,1.286777,-0.02700978,-0.04046015,-0.001609761,-0.04811947,-0.04946756,-0.02335601,0.7496104,0.1525068,-0.005599811,-0.003823578,0.4862334,1.064847,1.334149,0.0009058224,1.265625e-05,23.95816,0.001064002,1.216591e-05,1.116348e-05,0.0001348501,0.01515993,0.1,0.05,5.0625e-05,-0.01097806,0.1068329,2.720426,0.4804683,7677,0.9172436,987.54,108.4225
244,1789945428.755,-0.4223835,-0.3872434,1.498514,-0.05065935,-0.003738862,0,-0.1494381,-0.01507797,-0.0002304435,-0.09786465,-0.002069542,-0.05299998,-0.001945566,1.448764,-0.02900535,-0.05160382,0,-0.05124344,-0.05710832,-0.02365699,0.8138306,0.1139545,-0.005831384,-0.004205597,0.5355322,1.273407,1.472976,0.0008906557,5.625e-06,23.95597,0.001045255,1.22738e-05,1.135726e-05,0.0001309681,0.01241228,0.15,0.05,2.25e-05,-0.008949694,0.1028906,1.35754,0.4623222,13504,0.9171661,983.33,108.0546
245,1789945432.027,-0.4240263,-0.3866572,1.498514,-0.06036896,-0.002811257,-0.005,-0.1287662,-0.01426398,-0.09044407,-0.08258151,-0.002035537,-0.02754,-0.001742501,1.424062,-0.0290282,-0.0284429,0,-0.04812949,-0.04100195,-0.0220427,0.8196597,0.2670775,-0.005940798,-0.003725205,0.5350938,1.059137,1.485969,0.0008672582,8.4375e-06,23.95464,0.001027113,1.250248e-05,1.124517e-05,0.0001361068,0.01151832,0,0.05,3.375e-05,-0.004637453,0.08441906,2.78839,0.4641733,7555,0.9170927,983.73,108.1131
246,1789945434.430,-0.4135804,-0.3844652,1.498514,-0.06541194,-0.004606181,-0.01,-0.1417315,-0.01510747,-0.05286385,-0.09261513,-0.002042417,-0.03158001,-0.00188613,1.412363,-0.03077188,-0.03483481,-0.001313707,-0.04660479,-0.04257201,-0.02288797,0.8123738,0.2291815,-0.005971068,-0.004101764,0.4828219,1.268095,1.209814,0.0008844647,1.898438e-05,23.95254,0.001040464,1.228013e-05,1.097314e-05,0.0001327456,0.01071729,0,0.1,7.59375e-05,-0.01007804,0.08665937,1.302049,1.055075,10426,0.91697,983.73,108.0522
247,1789945437.120,-0.4217157,-0.3874293,1.498514,-0.06243463,-0.004322582,-0.03875001,-0.1453954,-0.01430996,-0.001024813,-0.09337357,-0.002051414,-0.04848499,-0.00190992,1.398062,-0.02909978,-0.04909033,-3.08539e-05,-0.05160698,-0.05958205,-0.02248449,0.8041994,0.1146598,-0.005998699,-0.004186865,0.5098557,1.18786,1.211813,0.0009066861,5.625e-06,23.95058,0.001064886,1.221482e-05,1.090449e-05,0.0001350808,0.01311995,0.15,0,2.25e-05,-0.009060907,0.1145574,2.189133,0.4759521,9221,0.916903,975.98,106.9702
248,1789945440.345,-0.4257012,-0.3805288,1.498514,-0.05696444,-0.003250385,-0.005,-0.137323,-0.01391056,0,-0.08949782,-0.002075395,-0.04932,-0.001867958,1.430563,-0.03028898,-0.05198517,0,-0.05167326,-0.0622062,-0.01936825,0.8152517,0.1156283,-0.005839757,-0.004126091,0.5115827,1.261585,1.222041,0.0009465998,8.4375e-06,23.9496,0.001099488,1.218569e-05,1.081891e-05,0.0001298841,0.01016891,0,0.05,3.375e-05,-0.005240258,0.128734,2.731727,0.4815419,7648,0.9168639,979.16,107.2676
249,1789945442.268,-0.427702,-0.3774848,1.498514,-0.06589498,-0.003528791,-0.02,-0.1445607,-0.01545054,0,-0.09221572,-0.002028025,-0.0494,-0.001923236,1.407163,-0.02914627,-0.05208939,0,-0.05299062,-0.05267601,-0.02205507,0.8095312,0.1142027,-0.005947344,-0.004095485,0.4851114,1.262736,1.292623,0.0009372711,2.5e-06,23.94899,0.001095603,1.186172e-05,1.051172e-05,0.0001359581,0.01397638,0.2,0,1e-05,-0.002439928,0.1496514,1.436909,0.4708526,12882,0.9168524,971.77,106.0015
250,1789945445.549,-0.2151086,-0.1994006,0.7589981,-0.03427595,-0.003712893,-0.09000002,-0.09453224,-0.007661888,-0.01715743,-0.06177957,-0.00103703,-0.03488,-0.002391328,0.6538517,-0.01562493,-0.03313022,-0.009161262,-0.03388147,-0.05021995,-0.02288714,0.3912883,0,-0.003518438,-0.002450051,0.2288842,0.4911288,0.4676132,0.0009037167,2.5e-06,23.94885,0.001055156,1.161006e-05,1.040821e-05,0.0001294213,0.01294625,0,0,1e-05,-0.002112243,0.1274828,2.802247,0.4686708,7513,0.9168438,957.37,104.0837
251,1789945448.937,-0.4243915,-0.3830494,1.498514,-0.0631949,-0.003719702,-0.04000001,-0.1295888,-0.01436413,-0.06452949,-0.08427466,-0.002032071,-0.03134,-0.001652129,1.431214,-0.02925564,-0.03397914,0,-0.05184105,-0.05874984,-0.02515653,0.8118591,0.2267263,-0.006192021,-0.003964934,0.5011646,1.045702,1.547024,0.0009146617,2.5e-06,23.94852,0.001062297,1.137352e-05,1.022595e-05,0.0001260359,0.01252494,0.25,0.2,1e-05,-0.003359447,0.09125193,2.863821,0.5125122,7278,0.9168221,963.2,104.8725
252,1789945450.931,-0.4305809,-0.3924903,1.498514,-0.06245967,-0.00453651,-0.01166667,-0.1513489,-0.01429855,-0.007722589,-0.09504038,-0.002019878,-0.05421999,-0.00196014,1.392212,-0.02922726,-0.05774765,-0.001376439,-0.05417877,-0.06720567,-0.0220829,0.8015527,0.07591936,-0.006053729,-0.00424842,0.5040616,1.000649,1.416927,0.0009185635,2.5e-06,23.94816,0.001069784,1.134705e-05,1.030778e-05,0.0001295657,0.01150227,0,0,1e-05,-0.002253099,0.1284166,1.435899,0.5433931,12416,0.9168064,973.31,106.1911
253,1789945454.331,-0.2872554,-0.2628231,1.053004,-0.04247624,-0.005501009,-0.06500001,-0.1157994,-0.009231499,-0.169586,-0.07454088,-0.00137913,-0.04508,-0.002069626,0.964605,-0.02049231,-0.0453795,-0.0128339,-0.0423728,-0.06010763,-0.02162348,0.5451149,0,-0.004471895,-0.003223458,0.3403911,0.6926798,0.850921,0.0008914969,8.4375e-06,23.94762,0.001034679,1.117991e-05,1.026952e-05,0.0001217323,0.00935174,0,0.15,3.375e-05,-0.004619991,0.113432,2.908128,0.481108,7251,0.9167572,971.34,106.1662
254,1789945457.779,-0.3298625,-0.3045806,1.182006,-0.04984557,-0.003370278,-0.05500001,-0.1230214,-0.01166274,-0.000283345,-0.07811119,-0.001582342,-0.05687999,-0.001589263,1.100857,-0.02143259,-0.05012386,-0.003324809,-0.04331874,-0.04221096,-0.02606396,0.6283454,0,-0.004646281,-0.003525323,0.4199705,0.904689,1.217465,0.0009042869,8.4375e-06,23.94649,0.001052409,1.125676e-05,1.003516e-05,0.0001268304,0.0131573,0,0,3.375e-05,-0.005678284,0.1201866,2.374762,1.056123,7163,0.9167078,983.63,108.4272
255,1789945459.702,-0.4300956,-0.3719565,1.498514,-0.05878017,-0.00457571,0,-0.157119,-0.01394895,-0.003270896,-0.1027291,-0.00206599,-0.05451999,-0.002315569,1.445513,-0.02960315,-0.05121466,0,-0.05227447,-0.05756244,-0.02254105,0.8051659,0.1146083,-0.006028249,-0.00440778,0.5190418,1.30677,1.250626,0.0008776427,8.4375e-06,23.94567,0.001030586,1.131839e-05,9.995661e-06,0.0001316297,0.01199466,0,0,3.375e-05,-0.006009615,0.1053101,1.359863,0.5380256,12949,0.9166743,977.24,108.3841
256,1789945463.158,-0.4140046,-0.3860296,1.498514,-0.06723859,-0.005709559,-0.04,-0.1434431,-0.01403204,-0.09327881,-0.09315924,-0.002004494,-0.03969999,-0.001772241,1.375963,-0.02965522,-0.05334666,-3.804088e-05,-0.05650482,-0.06332786,-0.02442429,0.7966191,0.1133778,-0.006268233,-0.00435435,0.5400501,1.084459,1.36969,0.0008701269,1.265625e-05,23.94484,0.001151089,1.122381e-05,9.786844e-06,0.000259952,0.01107384,0,0.05,5.0625e-05,-0.006710989,0.08899831,2.967185,0.4696734,7150,0.9166175,975.27,107.3314
257,1789945465.139,-0.4225022,-0.3576703,1.498514,-0.06227325,-0.003710419,-0.025,-0.1379234,-0.01435153,0,-0.08902203,-0.002042835,-0.04896,-0.0016012,1.428613,-0.02993636,-0.04947002,0,-0.05386911,-0.05922405,-0.02259015,0.8015103,0.1139966,-0.006036185,-0.004152141,0.5160691,1.273158,1.377984,0.0008621687,3.75e-06,23.94351,0.001106089,1.091188e-05,9.714805e-06,0.0002232932,0.0168387,0.15,0,1.5e-05,-0.006376918,0.08955438,1.404008,0.5608466,12507,0.9165527,980.2,107.9213
258,1789945468.417,-0.4233376,-0.3882334,1.498514,-0.06419667,-0.005327679,-0.0275,-0.1444939,-0.01407286,0,-0.09427188,-0.002045692,-0.05582,-0.002075537,1.429913,-0.02907844,-0.04952461,-0.0006340204,-0.05489569,-0.07115903,-0.0242911,0.7981393,0.1143807,-0.006083317,-0.004376584,0.5014471,1.227892,1.341625,0.0008818925,5.625e-06,23.94247,0.001073225,1.099622e-05,9.594046e-06,0.000170742,0.009317699,0,0.05,2.25e-05,-0.004476809,0.0822218,2.730964,0.5290744,7538,0.9165035,988.18,108.3123
259,1789945471.706,-0.4183085,-0.3771991,1.498514,-0.059475,-0.002498443,0,-0.1227832,-0.01420421,-0.06003637,-0.08002685,-0.002032953,-0.03462,-0.001464555,1.439663,-0.02918467,-0.03415289,0,-0.05153761,-0.04616594,-0.01965717,0.8160869,0.2277229,-0.006379662,-0.003800935,0.527363,1.071373,1.388172,0.000880282,1.898438e-05,23.9408,0.001061442,1.094546e-05,9.355384e-06,0.0001608592,0.01130756,0,0.15,7.59375e-05,-0.007975199,0.08548734,2.773677,0.5064023,7492,0.9163662,999,109.2205
260,1789945473.622,-0.4166161,-0.380758,1.498514,-0.05979407,-0.003678168,-0.04000001,-0.1484146,-0.01484959,-3.079414e-05,-0.09576806,-0.002066045,-0.04682998,-0.002298383,1.401637,-0.0297554,-0.04869638,-0.0006130947,-0.05144902,-0.05919199,-0.02510176,0.8132555,0.1150642,-0.005970812,-0.004203381,0.501443,1.204686,1.479148,0.0008497317,1.898438e-05,23.93785,0.001035847,1.097351e-05,9.420276e-06,0.0001657213,0.01385618,0,0,7.59375e-05,-0.009562652,0.09773303,1.382003,0.5147049,12957,0.9162343,998.23,110.8429
261,1789945476.843,-0.4126736,-0.3856438,1.498514,-0.0535161,-0.002876431,-0.035,-0.1243003,-0.01498398,-0.0005861176,-0.08271903,-0.002070015,-0.02678,-0.001157437,1.420163,-0.02925852,-0.02909082,-1.818784e-05,-0.05053267,-0.05533439,-0.0216757,0.815217,0.227956,-0.005961241,-0.003936212,0.5404974,1.264595,1.462169,0.0008812145,1.265625e-05,23.93381,0.001149864,1.086136e-05,9.445706e-06,0.0002483424,0.01386836,0.15,0.1,5.0625e-05,-0.01359667,0.09240977,2.730587,0.4781919,7658,0.9159829,998.23,110.755
262,1789945479.903,-0.4248622,-0.3742504,1.498514,-0.06217186,-0.004741497,-0.0125,-0.1484619,-0.01471623,-0.01381013,-0.09632681,-0.002057372,-0.04909998,-0.002275625,1.408463,-0.02915752,-0.05120867,0,-0.0541685,-0.06604053,-0.02375968,0.8013602,0.1145972,-0.006023109,-0.004292742,0.516037,1.253494,1.491683,0.0008591291,1.265625e-05,23.93032,0.001202072,1.087911e-05,9.54649e-06,0.0003225173,0.0121159,0,0,5.0625e-05,-0.006854706,0.09493238,1.802561,1.209984,8157,0.9158528,991.9,110.1234
263,1789945482.135,-0.4142675,-0.3832409,1.498514,-0.05518604,-0.008049238,-0.015,-0.1769977,-0.01465024,-0.01645754,-0.1171849,-0.00207571,-0.06549998,-0.003443729,1.368162,-0.03022013,-0.06916852,-0.002563168,-0.06001113,-0.084154,-0.0297625,0.7808321,0,-0.006206017,-0.00472238,0.4848538,1.197665,0.9435643,0.0008491765,8.4375e-06,23.92752,0.001049585,1.064443e-05,9.522508e-06,0.0001802413,0.01411358,0.1,0.05,3.375e-05,-0.008630195,0.09870263,1.698956,0.5075824,11137,0.915722,983.09,109.4267
264,1789945485.377,-0.4061639,-0.3811041,1.498514,-0.05904468,-0.004003944,-0.025,-0.1414686,-0.01465173,-0.02503022,-0.09270571,-0.002055151,-0.04664999,-0.002129561,1.411387,-0.0278766,-0.05046204,-0.001515823,-0.05426853,-0.05719171,-0.0241242,0.806373,0.1148949,-0.006076384,-0.004318767,0.517342,1.317211,1.35352,0.000834991,8.4375e-06,23.92557,0.001015001,1.015366e-05,9.102606e-06,0.0001607539,0.01168989,0,0,3.375e-05,-0.004986913,0.07986752,2.743624,0.4747095,7636,0.9156422,983.09,109.1426
265,1789945487.241,-0.425346,-0.389799,1.498514,-0.08175566,-0.006253488,-0.01,-0.1607091,-0.01433418,-0.01514908,-0.1019893,-0.001981414,-0.07043999,-0.002080378,1.387662,-0.02957315,-0.06589266,-0.0005650774,-0.05757047,-0.09144493,-0.02045338,0.7793457,0,-0.006247622,-0.004527002,0.4592986,1.078075,1.03688,0.0008252501,5.625e-06,23.92348,0.0009750217,1.001542e-05,9.011032e-06,0.0001307452,0.01224709,0.15,0.1,2.25e-05,-0.008064578,0.1077453,1.316905,0.5369639,13256,0.9155228,978.44,108.2187
266,1789945490.563,-0.4267837,-0.3843676,1.498514,-0.06036749,-0.003038376,0,-0.1273365,-0.01452141,-9.732544e-05,-0.08275065,-0.002050897,-0.03311002,-0.001672854,1.460138,-0.02863562,-0.03316557,0,-0.04846065,-0.0550709,-0.02456941,0.8152378,0.2286537,-0.005926733,-0.003988867,0.5298795,1.058877,1.479497,0.0008248181,5.625e-06,23.92192,0.0009606764,9.674965e-06,8.682709e-06,0.0001175006,0.009958584,0,0,2.25e-05,-0.004093803,0.08279703,2.781889,0.5267789,7427,0.9154801,984.77,108.9504
267,1789945493.888,-0.4233769,-0.3723094,1.498514,-0.05559434,-0.003767771,0,-0.1373852,-0.01440515,0,-0.08780195,-0.002038234,-0.05074,-0.00187888,1.433813,-0.028483,-0.05040951,0,-0.05222991,-0.05244687,-0.02295434,0.8123538,0.1158371,-0.005882132,-0.004174966,0.5455898,0.9878494,1.260492,0.0008099477,2.5e-06,23.92113,0.0009422561,9.510461e-06,8.563347e-06,0.0001142346,0.01256219,0.1,0,1e-05,-0.003656951,0.07715529,2.834096,0.4813061,7412,0.9154468,994.35,109.799
268,1789945495.769,-0.4206154,-0.3824274,1.498514,-0.06180235,-0.002612689,-0.03,-0.1318918,-0.01486985,-7.849395e-05,-0.08575591,-0.002046502,-0.03160999,-0.001590792,1.436088,-0.02978965,-0.03159608,-0.001746239,-0.04698282,-0.04433917,-0.02185294,0.8172677,0.2283937,-0.006000664,-0.003956302,0.5309883,1.100945,1.612887,0.0008254485,3.75e-06,23.92053,0.0009506269,9.439257e-06,8.426643e-06,0.0001073124,0.01067335,0,0.05,1.5e-05,-0.002683407,0.07024987,1.353404,0.5076489,13205,0.9154162,994.35,109.6052
269,1789945499.070,-0.4157329,-0.3832501,1.498514,-0.05694033,-0.005510806,0,-0.1457706,-0.01502344,-0.002073747,-0.09479113,-0.002060732,-0.05711999,-0.002708516,1.436414,-0.02933135,-0.05173781,0,-0.05429172,-0.0718032,-0.01911563,0.7961141,0.1134067,-0.005939724,-0.004277126,0.5383763,1.086941,1.369707,0.0008415269,3.75e-06,23.9199,0.0009710864,9.511575e-06,8.495004e-06,0.0001115529,0.01449517,0,0,1.5e-05,-0.003051218,0.07611738,2.822027,0.4673536,7471,0.9153849,998.79,109.776
270,1789945502.143,-0.4206381,-0.3821777,1.498514,-0.05923647,-0.002761747,-0.01666667,-0.1303753,-0.01456367,-0.0001561781,-0.08566561,-0.002047476,-0.03074667,-0.00177341,1.447464,-0.02936967,-0.03129546,-0.0007973611,-0.04966955,-0.0526702,-0.02194413,0.8162,0.2289054,-0.006049832,-0.003972013,0.5055516,1.215311,1.554162,0.0008172727,3.75e-06,23.91931,0.0009408642,9.49077e-06,8.399483e-06,0.0001057013,0.01077062,0,0,1.5e-05,-0.003309978,0.1213848,1.851217,1.176502,8117,0.9153591,996.67,108.9985
271,1789945504.302,-0.420186,-0.387399,1.498514,-0.06501456,-0.003674576,-0.07250001,-0.1401347,-0.01499315,-0.0005609495,-0.09000424,-0.002037853,-0.04774,-0.001616587,1.411062,-0.02952973,-0.04595333,-0.0002808757,-0.05169931,-0.0522969,-0.02411341,0.8043477,0.1141948,-0.005971014,-0.004271567,0.505187,1.278407,1.369538,0.0008160023,3.75e-06,23.91881,0.0009394097,9.371846e-06,8.330206e-06,0.0001057054,0.009657145,0,0,1.5e-05,-0.002847595,0.1181733,1.594326,0.5276349,11581,0.9153334,994.53,107.7991
272,1789945507.627,-0.3805616,-0.346736,1.360011,-0.05335274,-0.004047358,-0.01333333,-0.1359178,-0.01306063,-0.008849248,-0.08706632,-0.001877519,-0.04327333,-0.002381003,1.29226,-0.02577505,-0.04400488,-0.005070418,-0.04919856,-0.05376906,-0.02053659,0.7292511,0.1143906,-0.005550907,-0.003921921,0.4717589,1.034238,1.18362,0.00076915,3.75e-06,23.91827,0.0008966039,9.178266e-06,8.156862e-06,0.0001101187,0.0139065,0,0,1.5e-05,-0.002731793,0.1228927,2.8329,0.4785738,7421,0.915309,982.36,106.2197
273,1789945509.505,-0.4198434,-0.3741321,1.498514,-0.05846947,-0.005211212,-0.01333333,-0.152416,-0.01471511,-0.002029141,-0.09836744,-0.002052631,-0.05588666,-0.002278439,1.430346,-0.02830711,-0.05690789,0,-0.05423152,-0.06381579,-0.02325486,0.7992605,0.07627697,-0.005997503,-0.004467729,0.522897,1.177084,1.371558,0.0007904029,3.75e-06,23.91784,0.0009116621,8.958077e-06,7.985435e-06,0.0001043158,0.01342474,0,0,1.5e-05,-0.002542954,0.1130035,1.342362,0.5260744,13153,0.9152904,973.74,105.9355
274,1789945512.833,-0.4261557,-0.3727846,1.498514,-0.06626289,-0.002701138,0,-0.1231584,-0.01511374,0,-0.0818934,-0.00203812,-0.0319,-0.001642362,1.442263,-0.02997552,-0.03504581,0,-0.05132264,-0.0438986,-0.02050395,0.8159162,0.228352,-0.005878286,-0.003815346,0.5351757,1.02575,1.434887,0.0007494939,1.898438e-05,23.91675,0.0008608064,8.793162e-06,7.836775e-06,9.468256e-05,0.01034336,0,0.2,7.59375e-05,-0.008530163,0.08270292,2.791644,0.5238066,7412,0.9151694,975.86,106.6368
275,1789945516.157,-0.4198616,-0.3836947,1.498514,-0.06328954,-0.003465919,0,-0.1411242,-0.01361262,-0.001175833,-0.08921236,-0.002020344,-0.04863999,-0.001578043,1.455914,-0.02819,-0.04779644,0,-0.05056598,-0.05666962,-0.02249511,0.8102397,0.1146178,-0.006129112,-0.004143714,0.478446,1.095772,1.565777,0.0007638909,2.847656e-05,23.91247,0.0008779042,8.812477e-06,7.963871e-06,9.723705e-05,0.01246909,0.05,0.1,0.0001139063,-0.01472659,0.09173653,2.830969,0.4731896,7437,0.9149073,978,107.2357
276,1789945517.993,-0.418681,-0.3845713,1.498514,-0.06192426,-0.004745839,-0.05500001,-0.1451458,-0.01505182,-0.006275491,-0.09150624,-0.0020691,-0.04967999,-0.001517063,1.420164,-0.02933366,-0.04615187,-0.001379022,-0.05489213,-0.06512686,-0.02334253,0.7954325,0.1110559,-0.006061316,-0.004437718,0.4940435,1.21872,1.241204,0.0007883123,1.898438e-05,23.90663,0.0009009324,8.913775e-06,7.924259e-06,9.578199e-05,0.0143215,0.1,0.05,7.59375e-05,-0.01427741,0.0599516,1.340574,0.4819105,13484,0.9145701,987.4,109.1558
277,1789945521.211,-0.4329477,-0.3880765,1.498514,-0.05916613,-0.003150959,0,-0.1462803,-0.01432238,0,-0.09388628,-0.002066496,-0.03552001,-0.001857395,1.446813,-0.02975248,-0.03406259,0,-0.04735187,-0.04992457,-0.02208048,0.8203826,0.2291409,-0.005938016,-0.00404015,0.5022682,1.144331,1.346474,0.0007785221,2.847656e-05,23.90064,0.0008891165,8.515933e-06,7.700481e-06,9.437798e-05,0.01013553,0,0.05,0.0001139063,-0.01236468,0.0758645,2.739105,0.4648287,7670,0.914323,990.17,109.6527
278,1789945524.283,-0.4329206,-0.3940331,1.498514,-0.06176126,-0.006190248,-0.04500001,-0.1677404,-0.01513712,-0.001126879,-0.1062509,-0.002055253,-0.06865999,-0.002028845,1.411063,-0.02851829,-0.06653118,0,-0.05772099,-0.08359082,-0.0225716,0.7871106,0,-0.005998863,-0.004626208,0.5194752,1.206777,1.440792,0.0007585377,2.847656e-05,23.89557,0.00087185,8.772739e-06,7.824032e-06,9.671546e-05,0.01112855,0,0,0.0001139063,-0.01214971,0.07918633,1.803017,1.217154,8137,0.9140621,999,111.716
279,1789945526.427,-0.4353312,-0.381287,1.498514,-0.06088956,-0.006857215,-0.02,-0.1705161,-0.01456792,-0.04574288,-0.1101664,-0.002074761,-0.06561998,-0.003160203,1.433163,-0.03122267,-0.06898134,-0.0001205481,-0.05641041,-0.06891152,-0.02563319,0.7884935,0,-0.006147648,-0.004939402,0.5006027,1.366727,1.263389,0.0007603501,4.271484e-05,23.88874,0.0008691381,8.81638e-06,7.88827e-06,9.208342e-05,0.01074635,0,0.05,0.0001708594,-0.0152248,0.08110682,1.617666,0.5042353,11582,0.9136603,999,111.5761
280,1789945529.656,-0.4167696,-0.3691627,1.498514,-0.06081622,-0.005311023,-0.035,-0.1364612,-0.01495093,0,-0.08789976,-0.002054375,-0.04998,-0.001591113,1.411063,-0.02815734,-0.05061586,-0.0002352975,-0.05362089,-0.07039185,-0.02035346,0.7998215,0.1145819,-0.006226753,-0.004126094,0.5062581,0.9632177,1.326565,0.0007845032,4.271484e-05,23.88054,0.0008985201,8.952459e-06,7.93347e-06,9.713097e-05,0.01276765,0.05,0.05,0.0001708594,-0.01796911,0.08009551,2.749262,0.458565,7661,0.9132869,999,111.336
281,1789945531.529,-0.4235824,-0.3878163,1.498514,-0.06129048,-0.003527178,-0.005,-0.150742,-0.01507422,-0.003481923,-0.09714898,-0.002064675,-0.053,-0.001777729,1.465664,-0.02812653,-0.05060498,-0.0001938594,-0.05038473,-0.04993625,-0.02140781,0.8114364,0.1147385,-0.005862727,-0.00425391,0.5128576,1.261678,1.448977,0.0007945674,2.5e-06,23.87545,0.0009198046,9.041669e-06,8.0394e-06,0.0001081562,0.01669396,0.4,0.05,1e-05,-0.01301737,0.09610093,1.386178,0.4675148,13257,0.9131569,991.74,109.706
282,1789945534.721,-0.4190397,-0.40045,1.498514,-0.05660365,-0.007040027,-0.02,-0.1434767,-0.01453918,-0.02748035,-0.09282538,-0.002062448,-0.05085999,-0.001933438,1.446163,-0.03053769,-0.04983642,0,-0.05671982,-0.06679019,-0.02338925,0.7817667,0.1119203,-0.006523899,-0.004334956,0.5139851,0.9917144,1.074823,0.0007737059,8.4375e-06,23.87423,0.0009006563,9.063512e-06,8.034525e-06,0.0001098524,0.009835671,0,0.15,3.375e-05,-0.004345106,0.08308367,2.700836,0.4700301,7750,0.9131114,991.74,109.4933
283,1789945537.449,-0.414584,-0.3888389,1.498514,-0.06556361,-0.003940021,-0.035,-0.1407752,-0.01389109,-0.0003580416,-0.09052753,-0.002026865,-0.05251998,-0.001904519,1.444864,-0.0269883,-0.05115917,0,-0.05425018,-0.05923973,-0.02548404,0.804624,0.1143988,-0.006160402,-0.004333581,0.5048788,1.254925,1.565015,0.0007627136,1.898438e-05,23.87242,0.000880819,8.91312e-06,8.152008e-06,0.0001010403,0.01008734,0,0.1,7.59375e-05,-0.009043162,0.09013836,1.464976,1.218642,9157,0.9129609,984.96,108.1998
284,1789945539.899,-0.4153596,-0.3686196,1.498514,-0.05800375,-0.005908588,-0.015,-0.1645072,-0.01396321,-0.006659485,-0.1047036,-0.002053419,-0.07202001,-0.002342504,1.471514,-0.02715984,-0.06682809,0,-0.05713221,-0.06883856,-0.01975568,0.7908999,0,-0.006272867,-0.004721271,0.5001957,1.218172,1.426836,0.0007936668,1.265625e-05,23.86896,0.0009200017,8.92737e-06,8.052554e-06,0.000109355,0.01454763,0.05,0,5.0625e-05,-0.009997017,0.06823075,1.897779,0.5292945,10125,0.9127851,984.96,107.4642
285,1789945543.159,-0.4184342,-0.3795754,1.498514,-0.05702233,-0.001969831,-0.0075,-0.1272096,-0.01466571,0,-0.08260924,-0.002059326,-0.02602,-0.001764439,1.432838,-0.02901272,-0.02243521,-1.608979e-05,-0.04672861,-0.04422695,-0.022006,0.8315763,0.2881231,-0.006078715,-0.003760983,0.5275738,1.17648,1.605222,0.0007851398,1.265625e-05,23.86615,0.0009071626,9.11893e-06,8.263736e-06,0.0001046402,0.0126216,0,0,5.0625e-05,-0.006947821,0.1089504,2.769509,0.4793291,7564,0.9126917,977.99,107.4497
286,1789945545.120,-0.4229192,-0.3814365,1.498514,-0.0564842,-0.005138689,0,-0.1430986,-0.01511583,-0.01380065,-0.09332524,-0.002080258,-0.03566001,-0.002161318,1.457864,-0.03056739,-0.03368902,0,-0.05221464,-0.05662778,-0.02274331,0.8053815,0.228103,-0.006080809,-0.004267301,0.5200214,1.10468,1.421473,0.0008075528,1.265625e-05,23.86471,0.0009329902,9.211717e-06,8.265944e-06,0.0001079597,0.01439708,0,0,5.0625e-05,-0.007855912,0.07714677,1.411005,0.5340009,12635,0.912642,984.77,109.4063
287,1789945548.368,-0.4182236,-0.3725635,1.498514,-0.05811291,-0.003902191,-0.03250001,-0.1431372,-0.01467573,0,-0.09273841,-0.002079827,-0.05126001,-0.002159124,1.448114,-0.02847838,-0.05022115,0,-0.05368935,-0.06713593,-0.02382878,0.8056733,0.114979,-0.005903645,-0.004278382,0.5467653,1.164307,1.361132,0.000845579,1.265625e-05,23.86347,0.0009735411,9.374617e-06,8.40838e-06,0.000110179,0.011585,0,0,5.0625e-05,-0.006798084,0.08907945,2.704118,0.5243876,7612,0.9125583,979.52,109.457
288,1789945551.627,-0.4135067,-0.3680062,1.498514,-0.06366264,-0.006135127,-0.09500002,-0.1531113,-0.01399561,-4.57871e-05,-0.1001796,-0.002010521,-0.06667998,-0.001757595,1.433164,-0.02852671,-0.06161511,-0.001143875,-0.05976806,-0.08392362,-0.02572002,0.7801034,0,-0.00626589,-0.004566262,0.471389,1.053975,1.144738,0.0008363307,1.898438e-05,23.86146,0.0009625233,9.317388e-06,8.448404e-06,0.0001084268,0.01127238,0,0.05,7.59375e-05,-0.009936579,0.09244252,2.550868,0.6911979,7580,0.9124542,979.39,109.9369
289,1789945553.514,-0.4236827,-0.3647498,1.498514,-0.05942212,-0.005893882,-0.0175,-0.156483,-0.01396308,-0.01613945,-0.1021733,-0.002044383,-0.04652999,-0.002648625,1.437388,-0.03009367,-0.05138829,0,-0.053137,-0.06810395,-0.02457866,0.7993491,0.1149527,-0.00611156,-0.0044678,0.5255219,1.156166,1.382235,0.0008479946,3.75e-06,23.8598,0.0009839934,9.464467e-06,8.417409e-06,0.000118117,0.01588576,0.25,0.05,1.5e-05,-0.00969664,0.09384895,1.364499,0.5030057,13159,0.9124092,987.99,110.4146
290,1789945556.777,-0.4008412,-0.3751118,1.498514,-0.05585992,-0.004064295,0,-0.1413442,-0.0153093,-0.0308897,-0.09339669,-0.002069618,-0.03362,-0.002237047,1.459163,-0.03063092,-0.03336967,-6.023124e-06,-0.04972387,-0.05769695,-0.02354054,0.8157796,0.2295729,-0.00612715,-0.004038274,0.5243695,1.187163,1.558031,0.0008291205,3.75e-06,23.85931,0.000971143,9.14122e-06,8.300024e-06,0.0001245813,0.01017146,0,0,1.5e-05,-0.002653031,0.07658207,2.764314,0.4812393,7572,0.9123866,971.44,107.4746
291,1789945559.544,-0.424111,-0.3756963,1.498514,-0.06309845,-0.003406191,-0.005,-0.1465845,-0.01482205,0,-0.09202681,-0.002052648,-0.05425999,-0.002150785,1.459164,-0.0274877,-0.05107945,0,-0.05059579,-0.04363634,-0.02702356,0.8112103,0.1148931,-0.005844511,-0.004177185,0.5246648,1.224334,1.571925,0.000815956,3.75e-06,23.85875,0.0009557555,9.223971e-06,8.498472e-06,0.0001220771,0.01388577,0,0,1.5e-05,-0.002377724,0.08726541,1.535976,1.186879,9025,0.91236,973.31,106.6179
292,1789945562.078,-0.4102394,-0.3804286,1.498514,-0.06363262,-0.003075015,0,-0.1338593,-0.01464523,-0.0005391938,-0.08627675,-0.002006487,-0.04975998,-0.002067249,1.426013,-0.02764382,-0.05214218,0,-0.05027504,-0.05137711,-0.02318921,0.8134314,0.1150331,-0.00594892,-0.004120256,0.5244154,1.104072,1.352923,0.0008396929,5.625e-06,23.85811,0.0009852361,9.217514e-06,8.227686e-06,0.0001280981,0.0124284,0.05,0.1,2.25e-05,-0.00509866,0.1101524,1.986747,0.5147543,9824,0.9123174,976.31,107.3631
293,1789945565.385,-0.4206074,-0.3774021,1.498514,-0.06728694,-0.004592764,-0.0075,-0.1589784,-0.0147597,-0.002383306,-0.1007275,-0.002059722,-0.05646999,-0.002096829,1.446489,-0.02908137,-0.0597745,0,-0.05511332,-0.06240522,-0.02177401,0.800271,0.05722272,-0.005983249,-0.004375036,0.5315382,1.256354,1.24355,0.0008384555,3.75e-06,23.85738,0.0009845074,8.842821e-06,7.841273e-06,0.0001293678,0.01463968,0.05,0,1.5e-05,-0.004374437,0.1262608,2.816046,0.4787383,7459,0.912296,974.33,107.4795
294,1789945567.486,-0.3942367,-0.3609076,1.416762,-0.06088899,-0.003502433,-0.08750002,-0.1399151,-0.01403502,-0.07141669,-0.09080404,-0.001951942,-0.04254999,-0.002135706,1.335211,-0.0271043,-0.04145116,-0.0001010259,-0.05204334,-0.05993205,-0.02156135,0.7590954,0.1462519,-0.00582778,-0.004006149,0.4823215,0.9688005,1.354405,0.0008166214,3.75e-06,23.85712,0.0009515576,8.703304e-06,7.745482e-06,0.0001184875,0.01275061,0,0,1.5e-05,-0.00235421,0.1742288,1.400756,0.6522107,11970,0.9122883,967.94,107.5144
295,1789945570.605,-0.4176098,-0.3738874,1.498514,-0.0601225,-0.003028065,-0.00375,-0.1341552,-0.01428551,-0.007102559,-0.08769259,-0.002038356,-0.03141,-0.002062099,1.459001,-0.02887545,-0.02957101,0,-0.04974966,-0.04730757,-0.02147756,0.8183621,0.2570021,-0.005920877,-0.003910276,0.5396986,1.12305,1.557472,0.0008157032,3.75e-06,23.85688,0.0009388909,8.547762e-06,7.683286e-06,0.0001069567,0.01038656,0,0,1.5e-05,-0.002386485,0.09360163,2.56163,0.5275671,7955,0.9122682,963.03,107.874
296,1789945574.028,-0.3933811,-0.346549,1.409012,-0.05769597,-0.00414215,-0.01,-0.1435587,-0.01355993,-0.00148789,-0.09359759,-0.001945244,-0.04780666,-0.00249579,1.343511,-0.02746728,-0.05120028,-0.02146403,-0.05255688,-0.06216395,-0.02535154,0.7540426,0.07688053,-0.005623336,-0.004118327,0.4683283,1.118035,1.296188,0.0008377223,2.5e-06,23.85644,0.0009651286,8.403038e-06,7.585091e-06,0.0001114181,0.01527033,0.3,0,1e-05,-0.002618694,0.1709015,2.932925,0.4764485,7208,0.9122534,968.83,107.9322
297,1789945575.865,-0.4167878,-0.3803827,1.498514,-0.05003875,-0.004234788,-0.005,-0.1414687,-0.01476442,-0.01721173,-0.0926535,-0.002079282,-0.04498,-0.001868091,1.387662,-0.02853248,-0.05293676,-1.3e-05,-0.05385063,-0.05336827,-0.02497157,0.8180653,0.1161163,-0.006038514,-0.004227103,0.5133426,1.052147,1.304332,0.0007729846,5.625e-06,23.856,0.0008815717,8.252308e-06,7.606983e-06,9.272777e-05,0.01030357,0,0.1,2.25e-05,-0.004124374,0.05858753,1.341045,0.4825716,13476,0.912213,968.83,108.1061
298,1789945579.070,-0.411058,-0.3554508,1.498514,-0.06224475,-0.003800397,-0.005,-0.1467351,-0.01395564,0,-0.09643547,-0.002043786,-0.05052,-0.001884244,1.427963,-0.02747447,-0.05085542,0,-0.05333493,-0.05732694,-0.02374839,0.8119344,0.1152497,-0.005842693,-0.004272074,0.544309,1.130257,1.409263,0.0007741726,8.4375e-06,23.85491,0.0008903536,8.164003e-06,7.562764e-06,0.0001004543,0.01204082,0,0.05,3.375e-05,-0.005618291,0.08659977,2.712023,0.4794507,7700,0.9121537,978.6,109.1517
299,1789945582.411,-0.4149033,-0.3735448,1.498514,-0.05825051,-0.005161205,-0.02,-0.1542029,-0.01455618,-0.002706032,-0.09978106,-0.002056256,-0.05588665,-0.002209238,1.440097,-0.02877479,-0.05620118,0,-0.05575539,-0.06883921,-0.02393507,0.7972335,0.07611473,-0.006006653,-0.004427581,0.5011801,1.235447,1.345529,0.000789397,8.4375e-06,23.85378,0.0009035153,8.054466e-06,7.579849e-06,9.848399e-05,0.01519374,0,0,3.375e-05,-0.005814695,0.103054,2.372553,0.955574,7384,0.9121019,981.75,109.0951
300,1789945584.239,-0.2797467,-0.2509618,1.012507,-0.0447619,-0.002353663,-0.03000001,-0.0919105,-0.009681355,-0.001018873,-0.05945117,-0.00137137,-0.01789,-0.001396743,0.948307,-0.01998935,-0.01872956,-0.009863323,-0.03436188,-0.03650588,-0.02152454,0.5503449,0.1716598,-0.00409837,-0.002650447,0.3573364,0.7505001,0.9432168,0.0007783249,8.4375e-06,23.85275,0.0008850729,8.054887e-06,7.383577e-06,9.130946e-05,0.0108396,0,0,3.375e-05,-0.005973239,0.1121923,1.283871,0.530448,13545,0.9120501,976.15,108.2154
301,1789945587.493,-0.4097946,-0.3809771,1.498514,-0.05940905,-0.003011222,-0.001,-0.1347253,-0.01461469,-0.0010833,-0.0873854,-0.002054077,-0.040712,-0.001969578,1.440183,-0.02867972,-0.04067029,0,-0.04977684,-0.04967101,-0.02226623,0.8177006,0.1838324,-0.00592709,-0.003958582,0.5399613,1.131187,1.591301,0.0007644942,8.4375e-06,23.85153,0.0008760142,7.808085e-06,7.079759e-06,9.663219e-05,0.0144079,0,0,3.375e-05,-0.005810081,0.07196014,2.76669,0.4770002,7576,0.9119746,976.15,108.0158
302,1789945589.391,-0.4156044,-0.3733605,1.498514,-0.06274252,-0.003612915,-0.02,-0.1494459,-0.01473163,0,-0.09565884,-0.002055924,-0.05437998,-0.002002453,1.449739,-0.02811122,-0.05811074,0,-0.05494215,-0.05802011,-0.02292144,0.8037076,0.05759216,-0.005903807,-0.004326866,0.5063996,1.082085,1.405441,0.0007407303,8.4375e-06,23.85002,0.0008506008,7.772519e-06,7.129948e-06,9.496805e-05,0.01147306,0,0,3.375e-05,-0.005488431,0.07326984,1.343568,0.5432503,13025,0.9119042,976.15,107.9608
303,1789945592.731,-0.4030933,-0.3757944,1.498514,-0.05578487,-0.001699399,0,-0.1109469,-0.01461658,0,-0.07449713,-0.002060044,-0.01688,-0.001349225,1.453963,-0.02692488,-0.01708276,0,-0.04648572,-0.04068207,-0.02245251,0.829838,0.3438064,-0.006041731,-0.003544443,0.5448431,1.179066,1.710245,0.0007254673,1.265625e-05,23.84833,0.0008371234,7.755816e-06,7.164024e-06,9.673629e-05,0.01111432,0,0.05,5.0625e-05,-0.006821123,0.07560737,2.795176,0.5282018,7394,0.911798,977.91,108.6996
304,1789945595.998,-0.4142691,-0.365423,1.498514,-0.06563109,-0.004221973,-0.0025,-0.1539907,-0.01391114,-0.000223608,-0.09841959,-0.002051546,-0.05174999,-0.002066182,1.422438,-0.02846565,-0.05214961,0,-0.05420654,-0.05921726,-0.02399719,0.8038572,0.1145075,-0.006013816,-0.004260206,0.533956,1.19322,1.340295,0.0007321326,1.265625e-05,23.84597,0.0008558597,7.853598e-06,7.147968e-06,0.0001087255,0.0124753,0,0,5.0625e-05,-0.007588851,0.08444984,2.696623,0.5563383,7554,0.9116768,999,110.4467
305,1789945597.835,-0.413567,-0.3800736,1.498514,-0.05700762,-0.004235792,0,-0.1288692,-0.01427304,-0.00154268,-0.08444851,-0.002060832,-0.03154,-0.002263636,1.444863,-0.02766507,-0.03383375,0,-0.04994835,-0.060405,-0.02548873,0.8175394,0.2309335,-0.00601503,-0.003962785,0.5190365,0.9926125,1.582548,0.000752312,1.898438e-05,23.84337,0.0008715244,7.773326e-06,7.213195e-06,0.000104226,0.0124998,0,0.05,7.59375e-05,-0.009536535,0.0863941,1.294292,0.5276377,13488,0.9115477,999,110.7043
306,1789945601.098,-0.4142194,-0.3703587,1.498514,-0.05491542,-0.002540214,-0.01666667,-0.132579,-0.01472536,-0.0004189261,-0.08646762,-0.002063297,-0.02851333,-0.001854662,1.43598,-0.02855808,-0.02686595,-0.002283763,-0.04803884,-0.0481313,-0.02314649,0.8251712,0.2679184,-0.005894025,-0.003840434,0.5510312,1.07763,1.56134,0.0007593545,5.625e-06,23.84091,0.0008848595,7.942182e-06,7.318357e-06,0.0001102445,0.01426667,0.15,0,2.25e-05,-0.008206798,0.1105635,2.784538,0.461237,7571,0.9114526,995.17,110.7766
307,1789945603.364,-0.4121006,-0.373173,1.498514,-0.06692251,-0.004279045,-0.05500001,-0.1305559,-0.01405685,-0.01234456,-0.08719437,-0.002036153,-0.03302,-0.002311771,1.416263,-0.03115378,-0.03447587,0,-0.05056648,-0.05777746,-0.0271931,0.8102795,0.2303731,-0.0059344,-0.00398349,0.5075211,1.180999,1.425502,0.0007695615,1.898438e-05,23.83902,0.0008906451,7.774397e-06,7.214398e-06,0.0001060948,0.01066017,0,0.15,7.59375e-05,-0.008611724,0.08196586,1.332013,0.8888659,11065,0.9113358,995.17,110.8564
308,1789945606.258,-0.4248947,-0.3777851,1.498514,-0.0715441,-0.004458596,-0.04,-0.1431863,-0.01451428,-0.001694057,-0.09019931,-0.002044311,-0.04404001,-0.001616311,1.413664,-0.02814075,-0.04624432,-0.001362958,-0.05200824,-0.06583825,-0.02887752,0.8045421,0.1159398,-0.005943274,-0.004365715,0.5409834,1.064025,1.348914,0.0007636755,1.898438e-05,23.83661,0.0008846284,7.772406e-06,7.194108e-06,0.0001059863,0.0152168,0,0,7.59375e-05,-0.009399019,0.101193,2.336625,0.5313299,8569,0.9112495,988.3,111.2158
309,1789945609.592,-0.4275268,-0.373723,1.498514,-0.06577387,-0.005047452,-0.0175,-0.1523239,-0.01387959,-0.005143693,-0.09790852,-0.002058066,-0.04386,-0.002163937,1.452663,-0.02925538,-0.04150989,-0.0006491258,-0.05278218,-0.06207173,-0.02287839,0.8024551,0.1718582,-0.0061899,-0.004346395,0.5242261,1.196468,1.367044,0.0007503055,3.75e-06,23.8351,0.0008807852,7.60966e-06,7.114022e-06,0.000115756,0.01448466,0.2,0,1.5e-05,-0.007784122,0.08318009,2.861362,0.4574618,7405,0.9111885,988.3,111.1782
310,1789945611.467,-0.4188645,-0.3681697,1.498514,-0.06888881,-0.003893594,-0.015,-0.1419489,-0.01374001,0,-0.09208679,-0.002022611,-0.04104,-0.001629745,1.422439,-0.02891336,-0.03995475,-0.001080208,-0.05160669,-0.05147966,-0.02435207,0.8072374,0.1714232,-0.00613032,-0.004193344,0.5155545,1.087297,1.31769,0.0007299476,3.75e-06,23.83428,0.0008575431,7.474402e-06,6.835439e-06,0.0001132856,0.01288403,0,0,1.5e-05,-0.002673177,0.07985124,1.348695,0.5023856,13276,0.9111615,992.13,111.4852
311,1789945614.705,-0.4083722,-0.375922,1.498514,-0.0620966,-0.002824856,-0.01,-0.1361808,-0.01424111,0,-0.08864616,-0.002059072,-0.04115,-0.001928787,1.444863,-0.02746588,-0.04206964,0,-0.05264814,-0.05231556,-0.02289025,0.8115664,0.1718085,-0.005898857,-0.004047904,0.5306429,1.222761,1.545179,0.0007293363,3.75e-06,23.83371,0.0008567121,7.556884e-06,6.718631e-06,0.0001131003,0.01343127,0,0,1.5e-05,-0.003008455,0.07781488,2.752488,0.471741,7622,0.9111308,995.94,112.1219
312,1789945617.968,-0.4104888,-0.3739643,1.498514,-0.06018107,-0.001839927,-0.0175,-0.1328145,-0.01387208,-0.001325556,-0.08526996,-0.002071489,-0.02147,-0.001791644,1.446164,-0.02747777,-0.0238653,0,-0.048209,-0.03933904,-0.02505636,0.8294952,0.287918,-0.005876595,-0.003711251,0.5433639,1.23345,1.654758,0.0007009026,3.75e-06,23.83312,0.00082147,7.386248e-06,6.693723e-06,0.0001064874,0.009455532,0,0,1.5e-05,-0.002921951,0.07904503,2.032104,1.183679,7642,0.9111061,999,111.8741
313,1789945619.908,-0.4088007,-0.3687378,1.498514,-0.06024939,-0.003430876,0,-0.1414012,-0.01494354,-0.002597748,-0.09103617,-0.002045469,-0.04274666,-0.001855097,1.455914,-0.02770739,-0.04399457,0,-0.05102077,-0.05443649,-0.02231026,0.8130417,0.1532661,-0.005933867,-0.004156842,0.5476288,1.231309,1.394582,0.0006889798,3.75e-06,23.83257,0.0008182628,7.188532e-06,6.584596e-06,0.0001155098,0.01136268,0,0,1.5e-05,-0.002943697,0.07942373,1.396676,0.5081944,12901,0.9110714,999,112.2892
314,1789945623.127,-0.4185033,-0.3778726,1.498514,-0.06207599,-0.005157788,-0.005,-0.1539485,-0.01453775,-0.01302762,-0.09950127,-0.002058504,-0.05631334,-0.002169081,1.446814,-0.02870596,-0.05491913,-0.0001067901,-0.05483478,-0.07071511,-0.02558411,0.7975213,0.07649424,-0.006152,-0.004506071,0.4909064,1.163424,1.316961,0.0007176196,3.75e-06,23.83181,0.0008461329,7.421983e-06,6.60079e-06,0.0001144906,0.01176885,0,0,1.5e-05,-0.00263277,0.07835386,2.73627,0.4696803,7665,0.9110352,999,112.6275
315,1789945625.043,-0.4027515,-0.3707976,1.498514,-0.06125595,-0.005454406,-0.005,-0.138347,-0.01432243,-0.01823137,-0.08946791,-0.002075569,-0.04862,-0.001989065,1.441614,-0.02765638,-0.05239707,0,-0.05410017,-0.05914661,-0.02437345,0.8064522,0.11636,-0.006183876,-0.004328627,0.4843099,1.118502,1.218152,0.0007186444,3.75e-06,23.83109,0.0008571956,7.451772e-06,6.677511e-06,0.0001244219,0.01001172,0,0,1.5e-05,-0.002482318,0.1043975,1.374759,0.4970694,13129,0.9109998,999,112.2625
316,1789945628.221,-0.4196455,-0.377273,1.498514,-0.05864592,-0.003565473,-0.005,-0.1512472,-0.01462356,-0.0009900995,-0.09652823,-0.002059862,-0.04389,-0.002212098,1.435763,-0.02785407,-0.05063511,0,-0.0540337,-0.0553418,-0.02554994,0.8074235,0.1145259,-0.005878298,-0.004293173,0.5,1.118686,1.459462,0.000718668,3.75e-06,23.8304,0.000845318,7.231813e-06,6.650907e-06,0.0001127673,0.00976478,0,0,1.5e-05,-0.002202833,0.07609688,2.631726,0.5182509,7801,0.9109683,995.7,110.8929
317,1789945631.549,-0.4116211,-0.3677547,1.498514,-0.0604954,-0.003985792,-0.01,-0.144282,-0.01331931,-0.01900757,-0.09261189,-0.002039296,-0.05013,-0.002040063,1.459164,-0.02772249,-0.04932851,-0.0008104904,-0.05290653,-0.06021802,-0.02166329,0.8073421,0.1142397,-0.006283199,-0.004250877,0.5103637,1.196793,1.393987,0.0007273965,2.5e-06,23.82984,0.0008893611,7.220985e-06,6.575156e-06,0.0001481685,0.01090473,0.25,0,1e-05,-0.002170511,0.1187917,2.845554,0.4668632,7419,0.9109443,992.11,110.1594
318,1789945633.406,-0.4017869,-0.3662583,1.498514,-0.07766377,-0.003909633,-0.115,-0.1410816,-0.01405577,0,-0.09193598,-0.002038275,-0.03744001,-0.001445174,1.407162,-0.02706742,-0.04193741,-0.003754051,-0.05531477,-0.06911892,-0.02326494,0.7994095,0.1152491,-0.006115838,-0.004370192,0.5202317,1.129918,1.231035,0.0007015396,2.5e-06,23.82942,0.0008201265,7.051209e-06,6.474227e-06,0.0001050615,0.008309945,0,0,1e-05,-0.002164003,0.09052992,1.318374,0.5208523,13362,0.9109275,982.62,108.6413
319,1789945636.572,-0.4014838,-0.3787515,1.498514,-0.06610417,-0.003917608,-0.025,-0.1465056,-0.01498418,0,-0.09387429,-0.002065485,-0.04538,-0.001992472,1.429263,-0.02899539,-0.04941883,-0.002001813,-0.05384068,-0.0551022,-0.02954076,0.7969579,0.1127058,-0.005992528,-0.004292316,0.4940391,1.259257,1.315619,0.0006812935,8.4375e-06,23.82891,0.0007871242,7.080812e-06,6.313654e-06,9.243624e-05,0.008220872,0,0.15,3.375e-05,-0.004529129,0.0789183,2.674983,0.474283,7803,0.9108857,982.62,108.7988
320,1789945639.195,-0.4092455,-0.3761023,1.498514,-0.05805985,-0.005639426,-0.02,-0.1549627,-0.01436373,-0.003732485,-0.09834872,-0.002031779,-0.06235,-0.002219734,1.406838,-0.02788895,-0.06764293,0,-0.05824087,-0.07182796,-0.02331407,0.7922404,0,-0.006211994,-0.004555101,0.4893031,1.012207,1.198852,0.0007246219,5.625e-06,23.82773,0.0008419318,6.994061e-06,6.411443e-06,0.0001039045,0.01281068,0.25,0.2,2.25e-05,-0.008017998,0.09681098,1.338127,1.242635,9522,0.91083,981.71,108.8629
321,1789945641.627,-0.4027732,-0.3851899,1.498514,-0.05691559,-0.00317445,-0.025,-0.1509638,-0.01506098,0,-0.09896886,-0.00207522,-0.05658,-0.001874404,1.452665,-0.02954371,-0.06079283,-0.0007402982,-0.05387007,-0.06589344,-0.02351031,0.8041708,0,-0.005778014,-0.004393987,0.4940508,1.176296,1.312526,0.0007407111,4.271484e-05,23.82583,0.000864912,7.290277e-06,6.587462e-06,0.0001103231,0.008644839,0,0.25,0.0001708594,-0.0122538,0.08207016,1.943597,0.4587927,10229,0.9106469,981.71,109.0719
322,1789945644.883,-0.4163659,-0.3750669,1.498514,-0.06396461,-0.003448638,-0.01333333,-0.1378358,-0.01394155,-0.02091527,-0.08910205,-0.002028114,-0.04359333,-0.001687849,1.466747,-0.02757638,-0.04308256,-1.844488e-05,-0.05151375,-0.05192816,-0.02223457,0.8097798,0.1522067,-0.006036757,-0.004198558,0.5237641,1.115699,1.565507,0.0007535527,4.271484e-05,23.82038,0.0008842021,7.467824e-06,6.604367e-06,0.0001165772,0.01258741,0,0,0.0001708594,-0.01525121,0.06707162,2.762408,0.4721687,7597,0.9103152,981.71,109.3372
323,1789945646.804,-0.4174201,-0.3768192,1.498514,-0.07260545,-0.005218692,-0.03,-0.1495601,-0.01398165,-0.08600523,-0.09764433,-0.002017743,-0.04916,-0.00232959,1.435113,-0.02793504,-0.05218081,0,-0.05630391,-0.06269868,-0.02950755,0.7952091,0.1146225,-0.00639428,-0.00437243,0.546493,1.049796,1.319283,0.0007492127,2.5e-06,23.81448,0.0008795384,7.384857e-06,6.666531e-06,0.0001162743,0.0181507,0.4,0.05,1e-05,-0.01308029,0.1123312,1.344263,0.5578263,12920,0.9101614,993.21,111.3123
324,1789945650.031,-0.4220295,-0.3570333,1.498514,-0.06566952,-0.005596239,-0.005,-0.1599101,-0.01429115,0,-0.1033513,-0.002036099,-0.05268001,-0.002835884,1.433814,-0.02982436,-0.0498255,0,-0.05708685,-0.08120539,-0.02412412,0.7929675,0.1143723,-0.006017713,-0.004420389,0.4848122,1.252776,1.174912,0.0007625491,8.4375e-06,23.81331,0.0008784186,7.176164e-06,6.747428e-06,0.000101946,0.01014749,0.05,0.2,3.375e-05,-0.006151571,0.09567632,2.743597,0.473202,7639,0.9101258,978.93,109.6484
325,1789945652.601,-0.4123059,-0.3702205,1.498514,-0.06316103,-0.004350801,-0.09000002,-0.1346168,-0.01455093,-0.0562849,-0.08801958,-0.002036962,-0.03114001,-0.001921434,1.407161,-0.02838941,-0.03359203,-0.000511295,-0.05614769,-0.05122966,-0.02358921,0.8030014,0.2264244,-0.006195455,-0.004428864,0.4863403,0.9192314,1.534965,0.0007521829,8.4375e-06,23.81242,0.0008662354,7.328656e-06,6.713502e-06,0.0001000104,0.01232188,0,0,3.375e-05,-0.005616923,0.0826718,1.322788,1.203138,9729,0.9100752,983.14,109.741
326,1789945655.236,-0.4022933,-0.3896497,1.498514,-0.06432127,-0.004301195,0,-0.155303,-0.01413317,-0.0008079649,-0.1010711,-0.002080447,-0.0458,-0.002383282,1.455263,-0.03034622,-0.04896876,-0.000191227,-0.05243557,-0.06742154,-0.02856758,0.8036694,0.1147628,-0.005916814,-0.004334294,0.5220115,1.103747,1.426114,0.0007664212,3.75e-06,23.81137,0.0008803293,7.233996e-06,6.496034e-06,0.0001001781,0.01470071,0.1,0,1.5e-05,-0.005318982,0.08821581,2.088598,0.5185981,9426,0.910035,983.14,109.5786
327,1789945658.532,-0.3809869,-0.341855,1.386011,-0.05825932,-0.004455778,-0.025,-0.1351229,-0.01291092,-0.01978222,-0.08748028,-0.00187316,-0.04331,-0.002165115,1.330611,-0.02586274,-0.04210744,-0.006380158,-0.04986462,-0.05571036,-0.02264167,0.7401707,0.1151423,-0.005902789,-0.003986047,0.4658162,1.004621,1.20313,0.0007865688,2.5e-06,23.81088,0.0009090466,7.136013e-06,6.579895e-06,0.000108762,0.01479202,0.25,0,1e-05,-0.001129092,0.09887303,2.796106,0.4804387,7500,0.9100208,979.52,109.0238
328,1789945660.482,-0.4100859,-0.3583205,1.498514,-0.04799425,-0.0007549122,0,-0.09743191,-0.01436188,-0.0008258605,-0.06555112,-0.00208532,0,-0.001277746,1.463713,-0.02805506,0,0,-0.03988079,-0.02627343,-0.02134403,0.8531094,0.4615136,-0.005779404,-0.003198398,0.5645467,1.170314,1.817219,0.0007165133,2.5e-06,23.81059,0.0008317177,7.048929e-06,6.509882e-06,0.0001016456,0.01300605,0,0,1e-05,-0.001442601,0.09498542,1.420841,0.5085392,12737,0.9100068,990.48,110.2912
329,1789945663.654,-0.4038888,-0.3799959,1.498514,-0.0570403,-0.005394972,-0.0525,-0.1473686,-0.01453516,-0.06576107,-0.09715711,-0.002050939,-0.04561,-0.002631383,1.453964,-0.02899127,-0.04829361,-0.0001030933,-0.053862,-0.0682525,-0.02443237,0.8007821,0.1147665,-0.006283719,-0.004453396,0.5479404,1.128619,1.296972,0.000739491,2.5e-06,23.81031,0.0008494759,7.113333e-06,6.622991e-06,9.624862e-05,0.01028784,0,0,1e-05,-0.001932146,0.08549499,2.678071,0.4767578,7789,0.9099931,990.48,110.1378
330,1789945666.883,-0.4073265,-0.3758092,1.498514,-0.06077572,-0.004239801,-0.005,-0.1398026,-0.01398147,-0.01440911,-0.09118816,-0.002046617,-0.04713,-0.002216616,1.476389,-0.0280062,-0.04827266,-0.0001939177,-0.05202137,-0.06084788,-0.02677184,0.8063469,0.1152529,-0.006240193,-0.004396865,0.5272281,1.082641,1.393346,0.0007447497,2.5e-06,23.80996,0.000863451,7.32506e-06,6.53923e-06,0.000104837,0.01301946,0.25,0.05,1e-05,-0.002142369,0.09056526,2.741862,0.473192,7644,0.9099711,987.01,109.8926
331,1789945668.691,-0.4108177,-0.3670873,1.498514,-0.06895377,-0.004455018,-0.0275,-0.1441236,-0.01407541,-0.02548951,-0.09308072,-0.001994443,-0.05952997,-0.002140382,1.457864,-0.02752513,-0.05882725,-0.0001025521,-0.05548333,-0.06117512,-0.0254289,0.7982647,0.05762867,-0.00614643,-0.004299496,0.4978665,1.179494,1.295236,0.0007468141,2.5e-06,23.80948,0.00088316,7.304722e-06,6.44354e-06,0.0001225977,0.01328536,0.25,0,1e-05,-0.001739778,0.07904445,1.283581,0.509908,13702,0.9099467,990.71,110.35
332,1789945671.956,-0.4096272,-0.3735971,1.498514,-0.05876763,-0.004139251,-0.03666667,-0.1367703,-0.01415912,-0.0004971231,-0.08917843,-0.00204161,-0.04498667,-0.001990149,1.433597,-0.028025,-0.04255592,-0.0005890126,-0.05240993,-0.06348195,-0.02186974,0.8070886,0.1531606,-0.006218713,-0.004220104,0.5090946,1.151908,1.363988,0.0007352955,2.5e-06,23.80904,0.0008803575,7.285785e-06,6.648196e-06,0.000131128,0.01364421,0,0,1e-05,-0.001851258,0.09030853,2.788626,0.4612789,7562,0.9099292,989.8,110.2675
333,1789945675.208,-0.2167644,-0.1958073,0.7529981,-0.02848587,-0.002448577,0,-0.08150408,-0.008245586,-0.005745839,-0.05391913,-0.001059776,-0.01542,-0.001958541,0.6419515,-0.01444497,-0.01757788,-0.01724653,-0.03003682,-0.03702048,-0.01794542,0.4120867,0.1167935,-0.003248139,-0.002023191,0.2364393,0.5910473,0.613748,0.0007575352,2.5e-06,23.80871,0.0008935719,7.431266e-06,6.641428e-06,0.000121964,0.01371471,0,0,1e-05,-0.001915077,0.08572873,2.019276,1.190774,7655,0.9099108,982.57,109.9085
334,1789945677.213,-0.4057558,-0.3701496,1.498514,-0.0578041,-0.003323009,-0.0225,-0.1413144,-0.01460277,-0.0006899521,-0.09108821,-0.002050939,-0.04627001,-0.002308019,1.459814,-0.02677137,-0.04933075,0,-0.05340023,-0.05520636,-0.02463358,0.8098816,0.1147634,-0.005952946,-0.004246242,0.5348448,1.111658,1.490072,0.0007423944,2.5e-06,23.80831,0.0009326038,7.14025e-06,6.482706e-06,0.0001765864,0.01401013,0.1,0,1e-05,-0.00137524,0.07798315,1.452192,0.5168965,12480,0.9098904,982.57,110.2428
335,1789945680.497,-0.4048061,-0.3748972,1.498514,-0.06036036,-0.003024451,-0.015,-0.123345,-0.01414692,-0.03459362,-0.0808271,-0.00202809,-0.04039,-0.001847967,1.467289,-0.02743341,-0.03881581,-0.0004514258,-0.05191626,-0.05029412,-0.02174153,0.8074312,0.1710889,-0.006125291,-0.004033129,0.5343864,1.161578,1.610516,0.0007192378,2.5e-06,23.80791,0.001115619,6.886137e-06,6.546675e-06,0.0003829486,0.01145507,0,0,1e-05,-0.00186442,0.08383297,2.792607,0.4745603,7522,0.909873,988.3,110.2412
336,1789945683.081,-0.4170966,-0.3739724,1.498514,-0.05528201,-0.004645478,-0.0025,-0.1472462,-0.01433526,-0.009584576,-0.09630325,-0.002064568,-0.05306001,-0.002499299,1.445188,-0.02863641,-0.04886115,-0.0005283469,-0.05514041,-0.06082242,-0.02837965,0.7993516,0.1144146,-0.006209604,-0.004507392,0.5399697,1.119233,1.388216,0.0007190799,2.5e-06,23.80765,0.001106023,6.725501e-06,6.401326e-06,0.0003738164,0.01638186,0.15,0,1e-05,-0.001063545,0.1121971,1.359268,1.172918,9705,0.909866,990.89,110.6201
337,1789945685.745,-0.4023792,-0.3802599,1.498514,-0.05962282,-0.00546712,-0.0225,-0.1414095,-0.01377543,-0.01122,-0.09359704,-0.00205375,-0.04371,-0.002656446,1.425038,-0.02873235,-0.04098062,-0.0003365016,-0.05299686,-0.06648886,-0.02764791,0.8012241,0.1724361,-0.006294643,-0.004381738,0.5136452,1.081606,1.4047,0.0007205494,2.5e-06,23.80746,0.0009889153,6.729937e-06,6.232292e-06,0.0002554037,0.01368262,0.05,0,1e-05,-0.002224247,0.07951356,2.176797,0.4627364,9310,0.9098483,995.59,111.0067
338,1789945689.043,-0.4128273,-0.3628537,1.498514,-0.05988793,-0.006117682,-0.02,-0.1427509,-0.01448315,-0.01637295,-0.09252613,-0.002032176,-0.04446001,-0.002292576,1.441613,-0.02851259,-0.05175045,-0.001662369,-0.05552189,-0.06064088,-0.02772075,0.7975554,0.114318,-0.006304796,-0.004653047,0.5058266,0.9950265,1.39607,0.0007442957,2.5e-06,23.80706,0.0009324823,6.9128e-06,6.317616e-06,0.0001749562,0.01376086,0.05,0,1e-05,-0.002176676,0.0983689,2.805581,0.4781263,7484,0.9098338,995.59,111.1156
339,1789945690.910,-0.4102399,-0.373325,1.498514,-0.06074199,-0.004887507,-0.01,-0.1476765,-0.01402299,-0.001460253,-0.09454362,-0.002032432,-0.05042,-0.002232386,1.464363,-0.02832191,-0.04916208,0,-0.054131,-0.06395058,-0.0239241,0.7974939,0.1143563,-0.006219035,-0.004430694,0.5216135,1.188699,1.38676,0.0007304861,2.5e-06,23.80678,0.0008715459,6.665785e-06,6.388508e-06,0.0001280055,0.01115771,0,0,1e-05,-0.001779861,0.09307812,1.330015,0.5253203,13246,0.9098178,988,110.7111
340,1789945694.115,-0.3962327,-0.3827493,1.498514,-0.05916352,-0.005077755,-0.03,-0.1372558,-0.01464549,-0.02136187,-0.09186631,-0.002061491,-0.04668,-0.002086997,1.440962,-0.02791989,-0.04837012,-5.692185e-05,-0.05577207,-0.07088299,-0.02846779,0.794198,0.1141434,-0.006220302,-0.004489308,0.5471975,1.202463,1.302766,0.0007350863,2.5e-06,23.80643,0.0008608599,6.515078e-06,6.021074e-06,0.0001132374,0.01293678,0,0,1e-05,-0.001690807,0.07608806,2.709621,0.4750619,7716,0.9097981,991.41,110.102
341,1789945697.365,-0.4072058,-0.3624392,1.498514,-0.06175709,-0.00485003,-0.02,-0.1447053,-0.01427039,-0.009209568,-0.09572309,-0.002035507,-0.05692667,-0.002557914,1.453097,-0.02827155,-0.05474177,-0.0001441062,-0.05528952,-0.06013763,-0.02798071,0.7982577,0.07618096,-0.006136788,-0.004639565,0.517974,1.157104,1.359019,0.0007391079,2.5e-06,23.80603,0.0008468911,6.289678e-06,5.764397e-06,9.572911e-05,0.01316034,0,0,1e-05,-0.002197791,0.09987832,2.432688,0.8081636,7583,0.9097787,989.4,109.7075
342,1789945699.296,-0.4131416,-0.3751392,1.498514,-0.06195435,-0.003765723,-0.01,-0.1375007,-0.01419989,-0.005318404,-0.08745789,-0.002004848,-0.04199999,-0.001892031,1.485815,-0.02721127,-0.040533,0,-0.05122687,-0.05238299,-0.02155589,0.8056409,0.1717173,-0.006428787,-0.004189023,0.5138034,1.2896,1.378093,0.0007046977,2.5e-06,23.8057,0.0008119688,6.243699e-06,5.832302e-06,9.519496e-05,0.01263103,0,0,1e-05,-0.002067843,0.107262,1.402271,0.5111399,12844,0.9097673,985.02,109.1012
343,1789945702.561,-0.4097437,-0.3745457,1.498514,-0.06351506,-0.002399997,-0.0075,-0.1280643,-0.01429923,-0.0005562824,-0.08363088,-0.002028421,-0.03228001,-0.001839513,1.453964,-0.02850542,-0.03373707,0,-0.0486671,-0.04732982,-0.02408343,0.817921,0.2296799,-0.005998132,-0.003852861,0.551582,1.196074,1.561849,0.0007084801,2.5e-06,23.80545,0.0008205471,6.310284e-06,5.823591e-06,9.993316e-05,0.01633024,0.5,0,1e-05,-0.001705467,0.06844809,2.770192,0.4774625,7567,0.9097516,989.57,109.3476
344,1789945705.401,-0.4049575,-0.3691382,1.498514,-0.05682376,-0.004149107,-0.01,-0.134821,-0.01395503,-0.0134738,-0.08837312,-0.002037114,-0.03024,-0.002395319,1.460463,-0.02839372,-0.03372469,0,-0.05175273,-0.05002002,-0.02687681,0.8167803,0.2303534,-0.006114316,-0.004161715,0.5463789,1.084313,1.491723,0.0006833825,2.5e-06,23.80514,0.0007907668,6.186298e-06,5.631482e-06,9.556649e-05,0.01225819,0,0,1e-05,-0.000976707,0.09640316,1.55005,1.240262,8807,0.9097396,984.01,108.9606
345,1789945707.742,-0.4147533,-0.3674284,1.498514,-0.06215423,-0.004734275,-0.02,-0.157335,-0.01416907,-0.105043,-0.0996034,-0.00202817,-0.05724999,-0.002475553,1.492964,-0.02682126,-0.05636825,0,-0.05576758,-0.06257276,-0.02365353,0.7949626,0.05628502,-0.006228153,-0.004494085,0.5102922,1.220221,1.463428,0.0007057252,8.4375e-06,23.80468,0.0008161296,6.135085e-06,5.652129e-06,9.861719e-05,0.01031741,0,0.15,3.375e-05,-0.004425414,0.09485572,1.850489,0.4611948,10631,0.9096975,986.02,108.3589
346,1789945710.953,-0.4040951,-0.3708646,1.498514,-0.05717307,-0.004078757,-0.02,-0.131575,-0.01480792,-0.1067354,-0.0859534,-0.002040217,-0.04137,-0.001799097,1.463064,-0.0282957,-0.04125866,-0.0003045599,-0.05253318,-0.05051862,-0.02270002,0.8072883,0.1712064,-0.006197314,-0.004225087,0.5243015,1.068598,1.428743,0.0006985108,2.5e-06,23.80383,0.0008110793,6.214208e-06,5.716572e-06,0.0001006376,0.01515988,0.2,0,1e-05,-0.003493163,0.1130477,2.715884,0.4731913,7706,0.9096743,990.71,108.6562
347,1789945712.736,-0.414352,-0.373996,1.498514,-0.05560064,-0.004118437,-0.01333333,-0.145852,-0.01446224,-0.03264756,-0.09418037,-0.002058458,-0.03955334,-0.002289331,1.44443,-0.02869928,-0.0375708,-0.002055894,-0.0506263,-0.05033886,-0.02465107,0.8117077,0.1910672,-0.006167943,-0.004286661,0.5366497,1.03045,1.464643,0.0006908404,2.5e-06,23.80351,0.000801884,6.107271e-06,5.547739e-06,9.938856e-05,0.01163664,0,0,1e-05,-0.001582614,0.07390334,1.299213,0.4655468,13925,0.9096562,990.71,109.1433
348,1789945715.975,-0.4105375,-0.3656462,1.498514,-0.06201211,-0.003520546,-0.05000001,-0.1500999,-0.01420299,-0.01229119,-0.09804278,-0.002032524,-0.04890001,-0.002790667,1.426663,-0.02843325,-0.04826435,0,-0.05401758,-0.05253407,-0.0229358,0.8009693,0.1141122,-0.006095986,-0.004409203,0.518383,1.127823,1.351903,0.0007080039,2.5e-06,23.80312,0.000818293,6.07526e-06,5.573037e-06,9.864077e-05,0.01168585,0,0,1e-05,-0.001938951,0.08201649,2.755759,0.4593034,7644,0.9096397,996.27,109.8465
349,1789945719.289,-0.4137611,-0.3775617,1.498514,-0.06129108,-0.002503568,0,-0.1279711,-0.01322433,0,-0.0845826,-0.00205752,-0.02854001,-0.001701285,1.472163,-0.03030698,-0.03142436,0,-0.04779194,-0.03985313,-0.01868487,0.8224413,0.2294962,-0.006290905,-0.004075663,0.5417685,1.172059,1.465955,0.0007014741,2.5e-06,23.80276,0.0008126131,6.006545e-06,5.447021e-06,9.968547e-05,0.008402379,0,0,1e-05,-0.001626197,0.1034844,2.270759,1.022593,7462,0.9096195,994.84,110.6241
350,1789945721.195,-0.4049137,-0.3697174,1.498514,-0.0564778,-0.004407159,-0.01,-0.139557,-0.01378314,-0.003855728,-0.09053018,-0.002025117,-0.04704999,-0.002048894,1.464689,-0.02782889,-0.04864381,0,-0.05283266,-0.05887435,-0.0234058,0.8050556,0.115326,-0.006175137,-0.004361992,0.5282352,1.119546,1.319713,0.0006894031,2.5e-06,23.80237,0.0008022776,5.993496e-06,5.37602e-06,0.000101505,0.01340789,0.25,0,1e-05,-0.001472948,0.08259138,1.413398,0.481209,12971,0.9096034,997.57,111.577
351,1789945724.437,-0.4013544,-0.3677246,1.498514,-0.05058299,-0.003696592,0,-0.1314429,-0.01451025,-0.07661428,-0.08844432,-0.002064894,-0.03388,-0.00206557,1.430563,-0.02790426,-0.03351242,0,-0.05092564,-0.05003638,-0.02606644,0.8153545,0.2277633,-0.006318651,-0.004157962,0.5269094,1.164833,1.458007,0.000694253,2.5e-06,23.80214,0.0008146576,6.051783e-06,5.500925e-06,0.0001088519,0.01312936,0,0,1e-05,-0.001588845,0.1102595,2.762659,0.4675856,7608,0.9095981,989.8,111.0972
352,1789945727.617,-0.4074527,-0.3758455,1.498514,-0.05961876,-0.004339558,-0.0175,-0.1336944,-0.0143174,-0.007987995,-0.08743774,-0.002038022,-0.03142,-0.001759789,1.434463,-0.02844932,-0.03254542,0,-0.05361763,-0.0572096,-0.02353812,0.8044428,0.2277767,-0.006218045,-0.004184589,0.5248895,1.029564,1.552506,0.000704185,2.5e-06,23.80201,0.000854864,6.032843e-06,5.544751e-06,0.0001391014,0.01798859,0.5,0,1e-05,-0.002935433,0.09263401,1.972502,1.160817,7843,0.9095881,991.23,111.1772
353,1789945729.772,-0.4099359,-0.3604475,1.498514,-0.05950065,-0.001594002,-0.01,-0.1131328,-0.01420772,0,-0.07369268,-0.002046866,-0.01392,-0.001342677,1.468264,-0.02843334,-0.01618468,0,-0.04384527,-0.02998354,-0.01983771,0.8345113,0.3457451,-0.00612219,-0.003492108,0.5761532,1.171047,1.55252,0.000690052,2.5e-06,23.80177,0.0008145901,5.974739e-06,5.537293e-06,0.0001130261,0.01342943,0.2,0.05,1e-05,-0.00199173,0.0997626,1.581165,0.5475712,11544,0.9095768,981.12,109.0161
354,1789945733.190,-0.4040103,-0.3621505,1.498514,-0.05526594,-0.004218922,-0.06000001,-0.1355818,-0.01402443,-0.0002314556,-0.08785673,-0.002059481,-0.05053998,-0.001586937,1.433813,-0.02689972,-0.04517834,-0.001092267,-0.05357768,-0.05804334,-0.02204746,0.8051698,0.115798,-0.006114769,-0.00422203,0.5184249,1.095758,1.245682,0.0006840089,8.4375e-06,23.80131,0.0007970303,6.004166e-06,5.264958e-06,0.0001017523,0.009015754,0,0.15,3.375e-05,-0.004522727,0.09070683,2.929785,0.4698849,7228,0.9095324,981.28,109.644
355,1789945735.151,-0.4043511,-0.3763057,1.498514,-0.05672663,-0.003370896,-0.003333334,-0.1279456,-0.01440624,-0.002417861,-0.08413611,-0.002044168,-0.03247333,-0.001834322,1.460464,-0.02722416,-0.0330011,-0.001577572,-0.05052414,-0.0474527,-0.02470064,0.8178684,0.2291003,-0.006174969,-0.004054137,0.5270479,1.110456,1.539011,0.0006687004,2.5e-06,23.80037,0.0007734121,5.737306e-06,5.313914e-06,9.366048e-05,0.01443019,0.25,0,1e-05,-0.002732987,0.06901819,1.408467,0.5367095,12634,0.9095027,988.89,111.2878
356,1789945738.355,-0.4092375,-0.3600511,1.498514,-0.06277194,-0.004346799,-0.03,-0.1484282,-0.01360202,-0.0008509457,-0.09648986,-0.002016715,-0.04816,-0.002044876,1.451363,-0.02849373,-0.04347569,-0.005503415,-0.05451698,-0.06672925,-0.02762669,0.7959923,0.1139381,-0.006480004,-0.004451258,0.4786266,1.215037,1.404154,0.0006753511,2.5e-06,23.79999,0.0007962369,5.582508e-06,5.121391e-06,0.0001101819,0.01349046,0.2,0,1e-05,-0.002357816,0.09547988,2.695818,0.4959328,7699,0.9094875,999,112.2905
357,1789945741.591,-0.4125248,-0.3634357,1.498514,-0.05799617,-0.002437016,0,-0.1292079,-0.01343444,-0.0009387064,-0.08572101,-0.002064078,-0.01938,-0.001976503,1.468264,-0.02967372,-0.01570155,0,-0.04501704,-0.04148331,-0.02092865,0.8294093,0.3446766,-0.006091741,-0.003850359,0.5862533,1.109648,1.514579,0.0006781309,2.5e-06,23.79968,0.0008018896,5.689294e-06,5.177591e-06,0.0001128918,0.01032747,0,0,1e-05,-0.001132731,0.08627533,2.762242,0.4567218,7634,0.9094719,986.17,110.4605
358,1789945743.317,-0.4150901,-0.3601862,1.498514,-0.0732052,-0.004780649,0,-0.1582233,-0.01357193,0,-0.09830725,-0.001980563,-0.06369999,-0.002124757,1.474114,-0.02879169,-0.06198062,0,-0.05533114,-0.06480914,-0.02039824,0.7854499,0,-0.006391968,-0.00463053,0.4953727,1.065317,1.577109,0.0006663214,3.75e-06,23.79895,0.0007714764,5.615333e-06,5.15698e-06,9.43827e-05,0.01084131,0.15,0.2,1.5e-05,-0.005643516,0.08826818,1.253112,0.4587858,14355,0.9094205,986.17,109.6036
359,1789945746.512,-0.3993098,-0.3715343,1.498514,-0.05453011,-0.004300206,-0.005,-0.1281637,-0.013459,-0.1169261,-0.08422991,-0.0020235,-0.03022,-0.002301803,1.488414,-0.02638143,-0.03195762,0,-0.04921096,-0.04870867,-0.02503898,0.8123097,0.2300055,-0.00623522,-0.004047004,0.5118624,1.118612,1.558321,0.0006772288,5.625e-06,23.79819,0.0007719334,5.55321e-06,5.117302e-06,8.403413e-05,0.0105482,0,0.05,2.25e-05,-0.00427852,0.08188052,2.703671,0.476994,7726,0.9093972,986.17,109.4595
360,1789945749.307,-0.4132896,-0.374614,1.498514,-0.05722087,-0.004699039,-0.05666667,-0.1496072,-0.01414541,-0.09141394,-0.09676519,-0.00204057,-0.03970667,-0.002028226,1.436196,-0.02854862,-0.03960671,-0.004822646,-0.05344216,-0.06278714,-0.02738067,0.8001428,0.1516599,-0.006244117,-0.004511299,0.5220983,1.207754,1.471459,0.0006855352,5.625e-06,23.79766,0.0007744489,5.478885e-06,5.050662e-06,7.838415e-05,0.01054149,0,0,2.25e-05,-0.00314113,0.0917373,1.535551,1.212278,8943,0.9093625,986.17,108.633
361,1789945751.492,-0.4137753,-0.3757038,1.498514,-0.06424575,-0.002892587,-0.01,-0.1248227,-0.0137153,0,-0.0819902,-0.00199235,-0.03441999,-0.001721545,1.449414,-0.02708618,-0.03134795,0,-0.04771977,-0.04381888,-0.02599034,0.8187572,0.230719,-0.005983026,-0.003844311,0.5405068,1.072991,1.508063,0.000680959,5.625e-06,23.79683,0.0007647754,5.395323e-06,5.019777e-06,7.34013e-05,0.01109783,0,0,2.25e-05,-0.003074032,0.1091684,1.703967,0.4569225,11373,0.9093171,994.37,109.8788
362,1789945754.669,-0.4016723,-0.3630375,1.498514,-0.05811514,-0.005265487,-0.0225,-0.1441621,-0.01351879,-0.05881515,-0.09522318,-0.002063403,-0.04842,-0.002637283,1.468589,-0.02810183,-0.04737344,-0.0003375961,-0.05342639,-0.05654038,-0.02760531,0.800375,0.1143879,-0.006273582,-0.004537454,0.5462427,1.138772,1.416841,0.0006623348,5.625e-06,23.79597,0.0007452696,5.404227e-06,5.126268e-06,7.240425e-05,0.00982202,0,0,2.25e-05,-0.003611251,0.09771638,2.695729,0.463084,7780,0.9092806,991.9,109.8728
363,1789945756.328,-0.4061376,-0.3730776,1.498514,-0.0605697,-0.004149801,0,-0.1395206,-0.01395197,0,-0.08976664,-0.002028621,-0.0526,-0.00245208,1.455264,-0.02692495,-0.05030531,0,-0.05391775,-0.0519268,-0.02178488,0.800671,0.114707,-0.006019728,-0.004259069,0.5198761,1.129284,1.448869,0.0006430484,4.271484e-05,23.79351,0.0007245505,5.381352e-06,4.943595e-06,7.117719e-05,0.009576447,0,0.25,0.0001708594,-0.01212884,0.1084247,1.157541,0.483623,14974,0.909023,983.3,109.0932
364,1789945759.487,-0.4095982,-0.3641976,1.498514,-0.06337382,-0.005307043,-0.07000002,-0.1504055,-0.01464597,-0.04612553,-0.09917615,-0.002028302,-0.04692,-0.001966858,1.431213,-0.02898215,-0.0479156,-0.0005095712,-0.05501818,-0.06611582,-0.02172289,0.797212,0.1141242,-0.006282025,-0.004696108,0.5033576,0.9663396,1.317393,0.0006692863,1.265625e-05,23.78712,0.0007644406,5.490356e-06,5.013531e-06,8.465043e-05,0.01642206,0.2,0.05,5.0625e-05,-0.01479649,0.07945487,2.677491,0.4718564,7803,0.9087366,983.3,109.4636
365,1789945762.458,-0.4108871,-0.3744563,1.498514,-0.06069511,-0.002410627,-0.05000001,-0.1275563,-0.01429874,-0.1878142,-0.08399765,-0.002063644,-0.02746001,-0.001636807,1.469564,-0.02894437,-0.02933248,-0.003798584,-0.04937516,-0.04877363,-0.02388891,0.8183351,0.2287281,-0.006479946,-0.004007453,0.5084712,1.064,1.429222,0.0006566077,3.75e-06,23.78379,0.0007551571,5.626712e-06,5.234096e-06,8.768862e-05,0.0129306,0.15,0,1.5e-05,-0.005416764,0.07560156,1.733626,1.191231,8402,0.9086525,983.3,110.1657
366,1789945764.517,-0.1974052,-0.1891527,0.7139985,-0.02759291,-0.0005995826,-0.04,-0.05097995,-0.006509799,-0.002989217,-0.03429179,-0.0009755345,0,-0.0007149903,0.6608011,-0.01335938,0,0,-0.02292004,-0.01511383,-0.01467348,0.3974303,0.2174177,-0.002832957,-0.001720847,0.2649313,0.4986037,0.8291034,0.00065316,5.625e-06,23.7825,0.0007547812,5.550425e-06,5.288353e-06,9.078236e-05,0.007838503,0,0.05,2.25e-05,-0.003072215,0.09953163,1.569723,0.4585397,12116,0.9086002,978.07,110.6992
367,1789945767.753,-0.4071214,-0.3628534,1.498514,-0.05695948,-0.005165881,-0.03750001,-0.1463659,-0.01439956,-0.006697692,-0.09621792,-0.002038216,-0.04605,-0.002294911,1.439338,-0.0271315,-0.04805937,-0.0003533246,-0.05464993,-0.06113489,-0.02715915,0.7991705,0.1149663,-0.006342519,-0.004588669,0.5103562,1.190046,1.434053,0.0006394096,3.75e-06,23.78156,0.0007303483,5.610403e-06,5.17796e-06,8.015035e-05,0.01284174,0.05,0,1.5e-05,-0.003655534,0.07048614,2.740668,0.4752998,7641,0.9085591,985.17,112.0235
368,1789945769.577,-0.4122504,-0.3684918,1.498514,-0.05723555,-0.003849921,-0.0025,-0.1456473,-0.01449154,-0.02223704,-0.09344938,-0.002045369,-0.05072,-0.002073589,1.464039,-0.02632678,-0.04906141,-0.0003468939,-0.05162658,-0.05014785,-0.02147388,0.8106992,0.1153378,-0.006067529,-0.004333791,0.5309025,1.103347,1.610523,0.000662406,3.75e-06,23.78071,0.0007646846,5.549245e-06,5.077984e-06,9.16514e-05,0.01279542,0.05,0.05,1.5e-05,-0.003811884,0.06397468,1.333552,0.4755304,13584,0.9085113,993.77,113.8734
369,1789945772.903,-0.4041715,-0.3818617,1.498514,-0.05411992,-0.003400303,-0.01,-0.1261522,-0.01466847,-0.08409949,-0.08273232,-0.002044493,-0.03249,-0.001594549,1.487764,-0.0273358,-0.03248441,0,-0.04796176,-0.04958442,-0.02226568,0.8156612,0.2305291,-0.006107669,-0.003946307,0.5502233,1.20016,1.589767,0.0006485147,2.5e-06,23.77986,0.0007409586,5.472984e-06,5.07101e-06,8.189997e-05,0.01366879,0.2,0,1e-05,-0.00158718,0.08161291,2.818917,0.4868152,7434,0.9084797,993.77,114.1648
370,1789945776.186,-0.4097355,-0.3695714,1.498514,-0.06383272,-0.006230637,-0.07000002,-0.1552677,-0.01369892,-0.0004870761,-0.09833568,-0.002007304,-0.07695998,-0.002505426,1.440313,-0.02755936,-0.06587997,0,-0.05723403,-0.06379386,-0.02591914,0.7839676,0,-0.006078954,-0.004896981,0.4870255,1.01408,1.125262,0.0006435098,2.5e-06,23.7793,0.0007373297,5.401918e-06,5.004483e-06,8.341346e-05,0.01139701,0,0,1e-05,-0.002320405,0.07196955,2.779135,0.49175,7513,0.9084517,999,113.6153
371,1789945777.961,-0.4127304,-0.3600906,1.498514,-0.05438601,-0.002708964,0,-0.1354382,-0.01394694,-0.00181814,-0.08869751,-0.00205278,-0.05157999,-0.002081619,1.509865,-0.02747327,-0.0477181,0,-0.05307563,-0.05477135,-0.02137472,0.8107192,0.1156568,-0.005887773,-0.004124013,0.5370934,1.218965,1.591444,0.0006565152,2.5e-06,23.77876,0.0007468552,5.382985e-06,5.072389e-06,7.988458e-05,0.009356388,0,0,1e-05,-0.002221937,0.07337336,1.290112,0.4710908,13954,0.9084289,999,113.539
372,1789945781.275,-0.4048834,-0.3646614,1.498514,-0.05506749,-0.003215813,-0.005,-0.125374,-0.01376865,-0.01117034,-0.08338903,-0.002053159,-0.02629001,-0.002075024,1.447139,-0.02953229,-0.02504169,0,-0.04757848,-0.04249269,-0.02604294,0.8186948,0.2865016,-0.006302899,-0.003973835,0.5587286,1.149753,1.591955,0.0006590848,2.5e-06,23.77836,0.0007506925,5.217561e-06,5.013463e-06,8.137667e-05,0.01388121,0,0,1e-05,-0.001865325,0.07738709,2.822393,0.4684062,7468,0.9084111,999,113.3014
373,1789945784.378,-0.4068066,-0.3772438,1.498514,-0.06082494,-0.006166104,-0.001666667,-0.1508769,-0.01394363,-0.02689327,-0.09903197,-0.002039084,-0.05706666,-0.002857672,1.484514,-0.02770858,-0.053845,-0.0008059674,-0.05558513,-0.07142186,-0.02442045,0.793432,0.07640514,-0.006268747,-0.004832443,0.541074,1.148497,1.310891,0.0006529122,2.5e-06,23.77805,0.0007525667,5.18421e-06,4.945517e-06,8.952474e-05,0.01265121,0,0,1e-05,-0.002169801,0.09976288,1.855194,1.198048,8049,0.9083994,991,111.6915
374,1789945786.506,-0.4017404,-0.3749124,1.498514,-0.06039163,-0.003503029,-0.02,-0.1422729,-0.014871,0,-0.0900208,-0.002051973,-0.04305999,-0.001764698,1.446164,-0.02724597,-0.04756292,0,-0.05185866,-0.04677128,-0.02414739,0.8066162,0.1155537,-0.005869243,-0.004363767,0.5424057,1.225669,1.601297,0.000650579,2.5e-06,23.77777,0.0007547693,5.097542e-06,4.7878e-06,9.430496e-05,0.0151125,0.15,0,1e-05,-0.001989261,0.07689057,1.622873,0.4802454,11685,0.9083819,987.28,111.1357
375,1789945789.782,-0.406119,-0.3649177,1.498514,-0.05636756,-0.003212606,-0.006666667,-0.1364099,-0.01445996,-0.001850406,-0.0874927,-0.002047286,-0.04032666,-0.002052316,1.459813,-0.0278514,-0.03759665,-0.001486161,-0.0496854,-0.04966522,-0.02378518,0.8137172,0.1914651,-0.00597734,-0.004109484,0.544342,1.159129,1.55802,0.0006488961,2.5e-06,23.77736,0.0007445936,5.175917e-06,4.830702e-06,8.569083e-05,0.01277752,0.25,0,1e-05,-0.001650472,0.08367348,2.782218,0.4784265,7537,0.9083614,986.06,111.6406
376,1789945792.066,-0.4104254,-0.3605444,1.498514,-0.06216893,-0.002182061,0,-0.1173539,-0.01339053,-0.0006389159,-0.07694723,-0.002022037,-0.01599,-0.001538123,1.472164,-0.02675602,-0.01588105,-1.274094e-05,-0.04485322,-0.03539518,-0.02163554,0.8252995,0.342739,-0.006316788,-0.003680321,0.5856482,1.210334,1.645711,0.0006535634,2.5e-06,23.77693,0.0007312564,4.904597e-06,4.644886e-06,6.814357e-05,0.01243783,0.25,0.25,1e-05,-0.002210596,0.07293399,1.364413,0.8688133,11004,0.9083386,985.15,111.4009
377,1789945794.990,-0.3984239,-0.3718894,1.498514,-0.06157437,-0.006621024,-0.0075,-0.1532731,-0.01371314,-0.00896719,-0.09919922,-0.002012332,-0.05553998,-0.002521404,1.450389,-0.02843013,-0.05496325,-0.001144278,-0.05620985,-0.06988043,-0.02696287,0.7838849,0.0573423,-0.006470321,-0.004839318,0.5101789,1.060839,1.158491,0.0006416845,2.5e-06,23.7765,0.0007211574,4.884017e-06,4.607042e-06,6.998183e-05,0.01536317,0,0,1e-05,-0.001811294,0.08761364,2.392236,0.5116265,8463,0.9083202,994.36,112.2314
378,1789945798.295,-0.4012202,-0.3649946,1.498514,-0.05076035,-0.005038041,0,-0.1605115,-0.01388593,-0.001356401,-0.1031162,-0.002057656,-0.06186001,-0.002497859,1.497514,-0.02547537,-0.06550694,0,-0.05639677,-0.06200888,-0.0277214,0.8012611,0,-0.006239211,-0.004982704,0.5055918,1.115612,1.490479,0.0006562947,2.5e-06,23.77618,0.0007363382,5.012725e-06,4.726927e-06,7.030385e-05,0.01173027,0,0,1e-05,-0.00176649,0.08578888,2.80757,0.4835858,7467,0.9083081,995.58,111.8529
379,1789945800.215,-0.4067017,-0.3694702,1.498514,-0.06097648,-0.003504348,-0.01333333,-0.1439496,-0.01409451,-0.00998595,-0.09174057,-0.002055133,-0.04935333,-0.001976824,1.466747,-0.02681988,-0.04883481,-8.443125e-05,-0.05421042,-0.05883651,-0.02501836,0.8045499,0.1146277,-0.006156645,-0.004309637,0.5223482,1.093544,1.53087,0.0006850822,2.5e-06,23.77596,0.0007685511,4.96771e-06,4.711839e-06,7.378931e-05,0.0169925,0.15,0,1e-05,-0.001120639,0.1018707,1.355983,0.5523651,12878,0.908298,976.4,108.755
380,1789945803.516,-0.4137045,-0.3684154,1.498514,-0.06754129,-0.004668734,0,-0.1555,-0.01420955,-0.0368421,-0.09990557,-0.002047709,-0.04981999,-0.00250894,1.470864,-0.02799559,-0.04888986,0,-0.05316889,-0.06476803,-0.02307023,0.8034799,0.1149928,-0.006132618,-0.004557809,0.5380541,1.040262,1.488106,0.00066642,2.5e-06,23.7757,0.0007456689,5.039364e-06,4.814241e-06,6.939529e-05,0.01221912,0,0,1e-05,-0.00224292,0.09272329,2.807929,0.4832981,7467,0.9082823,975.59,108.7299
381,1789945806.819,-0.4012451,-0.3639801,1.498514,-0.06133601,-0.003775451,-0.0275,-0.1330681,-0.01361602,-0.0001953235,-0.08745446,-0.002036374,-0.03979,-0.001992233,1.459164,-0.02734521,-0.03874243,-0.0005788954,-0.0526189,-0.05767541,-0.02461273,0.8062127,0.1719148,-0.006150277,-0.004172689,0.5373191,1.167771,1.407672,0.0006744936,2.5e-06,23.77521,0.0007569769,4.767097e-06,4.461469e-06,7.325471e-05,0.01297823,0.15,0.1,1e-05,-0.002445564,0.0787688,2.81466,0.4782305,7463,0.9082522,967.55,108.5836
382,1789945808.721,-0.4098228,-0.3763739,1.498514,-0.06473297,-0.004340907,-0.05500001,-0.1351142,-0.01367993,-0.09159847,-0.08827773,-0.002009419,-0.03552,-0.001792183,1.445188,-0.02744618,-0.03921334,0,-0.05292125,-0.05342377,-0.02495499,0.8027443,0.1724262,-0.006361486,-0.004280975,0.5147504,0.9578409,1.42797,0.0006316887,2.5e-06,23.77466,0.0007114091,4.64245e-06,4.353687e-06,7.072424e-05,0.01426023,0,0,1e-05,-0.001853653,0.08095358,1.386317,0.4981382,13041,0.9082261,975.14,109.632
383,1789945811.886,-0.4035202,-0.3791074,1.498514,-0.05366334,-0.005823101,-0.04,-0.1426358,-0.01449484,-0.05442564,-0.09365802,-0.002015448,-0.05215999,-0.00222587,1.467614,-0.02808831,-0.05044531,-0.0006649061,-0.05671981,-0.06243732,-0.03154258,0.7932371,0.1131276,-0.006843222,-0.004752386,0.4828225,0.9418785,1.313775,0.000658887,2.5e-06,23.77417,0.000740036,4.708713e-06,4.488698e-06,7.195165e-05,0.01031504,0,0,1e-05,-0.001870083,0.09543276,2.690854,0.4599431,7799,0.9082062,987.64,111.0037
384,1789945814.615,-0.404286,-0.3639035,1.498514,-0.05931564,-0.003487899,-0.008333335,-0.1264914,-0.01395135,-4.45652e-05,-0.08423446,-0.0020262,-0.02662667,-0.001838859,1.489498,-0.02786919,-0.02742053,-5.526238e-05,-0.04856641,-0.04409292,-0.02393833,0.8129508,0.2660266,-0.006041266,-0.004038011,0.5424871,1.090189,1.515032,0.0006529737,2.5e-06,23.77379,0.0007306632,4.669615e-06,4.383134e-06,6.863676e-05,0.0130469,0.05,0,1e-05,-0.0009066943,0.08492819,1.44309,1.23257,9185,0.9081872,993.74,111.7688
385,1789945817.104,-0.3976871,-0.3863941,1.498514,-0.05613523,-0.008322048,-0.015,-0.1674923,-0.01414398,-0.02015368,-0.1112198,-0.002044608,-0.07267998,-0.002760443,1.439663,-0.02738949,-0.06677364,-0.0001947293,-0.05808617,-0.07722725,-0.02688117,0.7798325,0,-0.006464622,-0.00526669,0.5357922,0.9590496,1.226362,0.0006556569,2.5e-06,23.77338,0.0007348658,4.643648e-06,4.318741e-06,7.024658e-05,0.01330597,0,0,1e-05,-0.001851047,0.07804979,1.999265,0.4637396,9978,0.9081658,993.74,111.5058
386,1789945820.386,-0.4025699,-0.3714529,1.498514,-0.06077955,-0.004534274,-0.055,-0.1576401,-0.01342031,-0.02648135,-0.09904858,-0.002038013,-0.04569999,-0.002105491,1.456563,-0.02899168,-0.04867611,-0.003238712,-0.05144819,-0.05637524,-0.02513682,0.8075137,0.1158456,-0.006295176,-0.004519597,0.5651368,1.243998,1.422558,0.0006500374,3.75e-06,23.7727,0.0007213561,4.622805e-06,4.414758e-06,6.228114e-05,0.0111751,0.25,0.3,1.5e-05,-0.004038707,0.075985,2.798541,0.470196,7518,0.9081181,988.56,110.7737
387,1789945822.248,-0.4091777,-0.3720641,1.498514,-0.0610637,-0.005117114,-0.0225,-0.1444328,-0.01413333,-0.02747294,-0.09405175,-0.002028475,-0.047635,-0.002306693,1.464689,-0.02798763,-0.04846953,0,-0.05495549,-0.06309636,-0.02559137,0.7951891,0.1144291,-0.006236065,-0.004537411,0.5235471,1.109287,1.412789,0.0006384244,2.5e-06,23.77176,0.0007136838,4.445101e-06,4.35394e-06,6.646037e-05,0.01499792,0.35,0.1,1e-05,-0.003151122,0.07628876,1.344289,0.5050855,13288,0.9080837,980.67,109.8494
388,1789945825.443,-0.4074784,-0.3709552,1.498514,-0.06297347,-0.003978023,-0.005,-0.1390688,-0.01373367,-0.0970059,-0.09056786,-0.002030621,-0.05322,-0.002187918,1.481915,-0.02725133,-0.04933525,0,-0.05387647,-0.05848819,-0.02532093,0.801901,0.1136343,-0.006403204,-0.004348896,0.5228597,0.990441,1.454708,0.0006198155,3.75e-06,23.77118,0.0006940283,4.575038e-06,4.318917e-06,6.531878e-05,0.01218067,0.1,0.15,1.5e-05,-0.002653741,0.08276799,2.707815,0.4710782,7730,0.9080517,985.93,110.6957
389,1789945828.780,-0.4092335,-0.3642571,1.498514,-0.05434249,-0.003439614,-0.02166667,-0.1425172,-0.01441746,-0.02657119,-0.09176585,-0.002074162,-0.04091334,-0.001985843,1.485381,-0.02789405,-0.04124682,0,-0.05107937,-0.05280815,-0.02465794,0.8113502,0.1536444,-0.006041481,-0.004195586,0.5281332,1.224972,1.450888,0.0006382879,3.75e-06,23.77056,0.00070965,4.365317e-06,4.223843e-06,6.277292e-05,0.01037039,0,0,1.5e-05,-0.002496601,0.07592881,2.282083,1.03811,7401,0.9080265,985.93,111.7246
390,1789945830.636,-0.4011159,-0.357195,1.498514,-0.0679016,-0.003856514,-0.01,-0.1251296,-0.01417396,-0.0192889,-0.08327258,-0.00197311,-0.03056001,-0.001956283,1.466964,-0.02748327,-0.0330505,0,-0.04876552,-0.04385472,-0.02468902,0.8074362,0.2284818,-0.006479002,-0.003974728,0.5321957,1.370819,1.447435,0.0006623603,8.4375e-06,23.76984,0.0007345007,4.511431e-06,4.266746e-06,6.33622e-05,0.01127354,0.05,0.15,3.375e-05,-0.005397764,0.1082773,1.368382,0.4696701,13370,0.9079797,990.61,112.9754
391,1789945833.819,-0.410029,-0.3689439,1.498514,-0.05980139,-0.003926999,-0.005,-0.1414669,-0.01353919,-0.001513353,-0.09414443,-0.002049538,-0.03745998,-0.00239866,1.479314,-0.02876635,-0.03262099,0,-0.04842716,-0.05072017,-0.02517833,0.8187312,0.2305679,-0.006107573,-0.00429807,0.5440974,1.117985,1.532678,0.0006414521,8.4375e-06,23.7689,0.0007192753,4.506526e-06,4.268781e-06,6.904789e-05,0.01190448,0,0,3.375e-05,-0.005548731,0.07859899,2.69629,0.4749546,7749,0.907937,998.5,114.3383
392,1789945836.195,-0.4055376,-0.3677554,1.498514,-0.05984234,-0.005216285,-0.02,-0.1685683,-0.0152493,-0.0003617764,-0.1075961,-0.00207495,-0.06021998,-0.002799708,1.456563,-0.02727425,-0.06304213,0,-0.05853113,-0.07900172,-0.02927279,0.7863554,0,-0.006024913,-0.00486895,0.4647797,1.159745,1.461818,0.0006452206,8.4375e-06,23.76785,0.0007272533,4.555839e-06,4.271832e-06,7.320497e-05,0.01370482,0,0,3.375e-05,-0.004537003,0.08496527,1.396069,0.9314978,10558,0.9078754,997.53,114.3515
393,1789945839.176,-0.3981985,-0.3688208,1.498514,-0.06198755,-0.003667285,0,-0.1211798,-0.01373802,-0.002625566,-0.08006798,-0.002065669,-0.03580001,-0.001677906,1.485814,-0.02789073,-0.03355747,0,-0.05095948,-0.04290051,-0.02144866,0.811947,0.2282527,-0.006091177,-0.004085434,0.5026864,1.167999,1.574052,0.0006355811,8.4375e-06,23.7665,0.0007048592,4.451535e-06,4.268305e-06,6.055819e-05,0.013941,0,0,3.375e-05,-0.004341253,0.07892217,2.416615,0.5314128,8336,0.9078023,997.53,113.5013
394,1789945842.604,-0.4032099,-0.3556416,1.498514,-0.05591759,-0.003704573,-0.015,-0.1436615,-0.01398579,-0.0005405032,-0.09155917,-0.002029155,-0.04748,-0.00230818,1.500764,-0.02558737,-0.04767203,0,-0.05569067,-0.05785984,-0.02604377,0.801439,0.1132727,-0.006015815,-0.004507172,0.5192205,1.260351,1.650384,0.0006257612,2.5e-06,23.76533,0.0007029687,4.468167e-06,4.281607e-06,6.845773e-05,0.01918252,0.25,0,1e-05,-0.003146396,0.0898349,2.944895,0.4607575,7216,0.9077743,998.03,112.7125
395,1789945844.451,-0.3241332,-0.2928887,1.178509,-0.04277334,-0.002461765,0,-0.1114885,-0.01135804,-0.007729391,-0.07164326,-0.001614473,-0.03503333,-0.001804725,1.143426,-0.02129365,-0.03433105,-0.006835021,-0.04034976,-0.03910363,-0.01962872,0.6446143,0.1150989,-0.004665556,-0.00342614,0.4170384,0.884206,1.221601,0.0006386522,2.5e-06,23.76509,0.0007144838,4.493492e-06,4.33774e-06,6.700036e-05,0.01246899,0,0,1e-05,-7.09029e-06,0.106427,1.312767,0.5203853,13406,0.9077687,980.64,110.3228
396,1789945847.670,-0.4005076,-0.3694343,1.498514,-0.05755799,-0.004041391,-0.005,-0.138994,-0.01359597,-0.008730073,-0.09098711,-0.002052186,-0.04009,-0.002128855,1.464689,-0.02633346,-0.03953198,-0.0001393368,-0.05062751,-0.04724946,-0.02781233,0.8082859,0.1714487,-0.006188039,-0.004273299,0.5378205,1.052511,1.550704,0.0006164912,3.75e-06,23.76493,0.0006928549,4.557885e-06,4.282261e-06,6.752357e-05,0.01182671,0,0.05,1.5e-05,-0.002430721,0.07551667,2.695983,0.5071564,7672,0.9077559,981.61,110.8169
397,1789945851.018,-0.4051303,-0.3646402,1.498514,-0.0556354,-0.003998983,-0.01666667,-0.1532934,-0.01473715,-0.001329,-0.09918042,-0.002069034,-0.05339999,-0.002154001,1.470864,-0.02683974,-0.05352826,-0.0002429251,-0.05497685,-0.06323883,-0.02500375,0.8022222,0.07609418,-0.006099842,-0.004607772,0.5331386,1.248099,1.488103,0.0006218948,2.5e-06,23.76457,0.0006979964,4.349133e-06,4.135548e-06,6.761691e-05,0.01514389,0.3,0.05,1e-05,-0.002059564,0.06753024,2.381577,0.9438288,7390,0.9077325,980.29,111.0838
398,1789945852.930,-0.4067805,-0.3567134,1.498514,-0.06338744,-0.004609152,-0.08000001,-0.1497209,-0.01417913,-0.004687729,-0.09688614,-0.002055733,-0.04194001,-0.001758081,1.432512,-0.02833476,-0.04498701,-0.0005163373,-0.05277854,-0.06278201,-0.02921889,0.804933,0.1156096,-0.006203559,-0.004366053,0.4742467,1.050818,1.194758,0.0006073924,2.5e-06,23.76404,0.0006839998,4.340182e-06,4.134705e-06,6.813252e-05,0.01407476,0,0,1e-05,-0.001697664,0.07463534,1.350994,0.5494661,12931,0.9077054,980.29,111.5978
399,1789945856.227,-0.4113445,-0.3623498,1.498514,-0.05959017,-0.003683021,0,-0.153687,-0.01368935,0,-0.09859782,-0.002067809,-0.04926001,-0.00229678,1.491014,-0.02633441,-0.04741377,-4.554391e-05,-0.05104968,-0.05704552,-0.02542907,0.8135116,0.1153085,-0.006370661,-0.004590488,0.5748488,1.15825,1.570499,0.0006249286,1.265625e-05,23.76332,0.0007039908,4.245138e-06,4.042074e-06,7.077504e-05,0.0104087,0,0.2,5.0625e-05,-0.003606071,0.06334748,2.811554,0.4717226,7485,0.9076436,997.68,113.6245
400,1789945858.570,-0.4097319,-0.3631051,1.498514,-0.05638218,-0.002985904,-0.003333334,-0.1262414,-0.01419366,-0.03722612,-0.08472735,-0.002054705,-0.02194667,-0.002268504,1.456347,-0.0283605,-0.02237881,0,-0.04645188,-0.04594196,-0.02330653,0.8276641,0.3062761,-0.005939995,-0.003877533,0.5545387,1.170239,1.599672,0.0006187542,3.75e-06,23.76167,0.0006983193,4.18742e-06,4.003211e-06,7.13745e-05,0.01341415,0.15,0,1.5e-05,-0.005933868,0.09158519,1.348425,0.9500921,10692,0.9075693,994.94,113.3699
401,1789945861.459,-0.4057316,-0.381312,1.498514,-0.04453863,-0.003633259,-0.005,-0.1330925,-0.01476174,-0.001665382,-0.08594655,-0.002061928,-0.03466,-0.002394313,1.444864,-0.02720742,-0.03239862,0,-0.04881126,-0.04502443,-0.0247307,0.8161537,0.2300304,-0.005997634,-0.004112415,0.51782,1.080479,1.561118,0.0005991203,3.75e-06,23.76073,0.0006842419,4.289934e-06,3.920452e-06,7.691125e-05,0.01025343,0,0,1.5e-05,-0.002345382,0.06652875,2.306015,0.523073,8686,0.9075391,996.26,112.6824
402,1789945864.773,-0.4039072,-0.3775544,1.498514,-0.05363361,-0.009207821,-0.01,-0.1630419,-0.01412651,-0.07800182,-0.1059608,-0.00205044,-0.06757998,-0.002684655,1.488414,-0.02706191,-0.06416146,0,-0.0587071,-0.0912224,-0.02859577,0.7696235,0,-0.006357647,-0.005188046,0.5132416,1.23084,1.217455,0.0006209547,3.75e-06,23.76019,0.0007033106,4.175177e-06,4.051628e-06,7.412904e-05,0.009598432,0,0,1.5e-05,-0.002343272,0.1114059,2.831127,0.4649343,7456,0.9075209,990.68,111.4831
403,1789945866.635,-0.4072983,-0.3730837,1.498514,-0.05807058,-0.004843132,-0.015,-0.1443008,-0.0141169,-0.07194226,-0.09420685,-0.002040245,-0.05335999,-0.002328502,1.479964,-0.02809055,-0.04947593,0,-0.05256143,-0.0551134,-0.02844724,0.7957044,0.1118097,-0.006486576,-0.00447529,0.5061459,1.064073,1.537419,0.0006094546,3.75e-06,23.75993,0.0006879009,4.124386e-06,3.868391e-06,7.04535e-05,0.01030032,0,0,1.5e-05,-0.002186691,0.1009584,1.321636,0.5228915,13323,0.9075098,979.86,110.2814
404,1789945869.762,-0.4131111,-0.371217,1.498514,-0.05277641,-0.004074988,0,-0.1494668,-0.01379079,0,-0.0967605,-0.002075064,-0.03324,-0.002983141,1.468914,-0.02882124,-0.03283779,-0.0007803407,-0.0521709,-0.05652877,-0.02862027,0.8076779,0.2269927,-0.005948106,-0.004324819,0.5332593,1.222809,1.523007,0.0006039272,8.4375e-06,23.75946,0.0006805249,4.257397e-06,3.951942e-06,6.838835e-05,0.009987529,0,0.1,3.375e-05,-0.005293319,0.08160706,2.644685,0.4661503,7900,0.9074724,972.53,110.0178
405,1789945872.509,-0.3215172,-0.2867755,1.187635,-0.04910938,-0.002616469,-0.025,-0.107025,-0.01144501,-0.003341215,-0.06984973,-0.00161979,-0.028985,-0.001741576,1.142648,-0.02233485,-0.02823294,-2.166823e-05,-0.04078593,-0.03800039,-0.01937706,0.6407572,0.1620578,-0.004863761,-0.00322909,0.4308895,0.9254588,1.186289,0.0006125196,1.898438e-05,23.75803,0.0006959175,4.283312e-06,3.87339e-06,7.524125e-05,0.01024782,0,0.1,7.59375e-05,-0.008806827,0.09532852,1.510329,1.189271,9103,0.9073767,966.98,109.3676
406,1789945874.724,-0.4137236,-0.3641424,1.498514,-0.06189781,-0.004475851,-0.01833333,-0.1575489,-0.01384296,-0.00549363,-0.1025589,-0.002030703,-0.05402,-0.002725342,1.43663,-0.02848501,-0.05560132,-0.002181001,-0.05563515,-0.05790037,-0.02628222,0.7983596,0.07609456,-0.006156465,-0.00454384,0.4945673,1.113928,1.358213,0.0006002248,3.75e-06,23.75627,0.0006872899,4.304209e-06,3.975603e-06,7.878526e-05,0.01546128,0.2,0,1.5e-05,-0.00665364,0.09488469,1.726112,0.4670489,11205,0.9073235,966.98,109.3644
407,1789945877.861,-0.4054078,-0.363605,1.498514,-0.05393439,-0.002399571,0,-0.130823,-0.01443629,0,-0.08438949,-0.002058767,-0.03868001,-0.001826399,1.430563,-0.02661197,-0.03341518,-0.000267699,-0.04806272,-0.04163389,-0.02259763,0.8250971,0.2294886,-0.006008163,-0.003910027,0.5700362,1.018293,1.57864,0.0006184719,3.75e-06,23.75564,0.0007102466,4.315898e-06,4.018288e-06,8.344047e-05,0.009846289,0,0,1.5e-05,-0.001451729,0.07977417,2.658629,0.4702432,7854,0.9073014,961.14,108.8266
408,1789945879.635,-0.4006083,-0.360745,1.498514,-0.0536867,-0.004251086,-0.01,-0.1389534,-0.01396558,-0.02055313,-0.09073337,-0.002064679,-0.03343,-0.002040344,1.424388,-0.02760413,-0.03308666,-0.0007938151,-0.0481103,-0.04508821,-0.02570666,0.8146951,0.2301537,-0.006094769,-0.00414426,0.5446398,1.161044,1.46296,0.000593799,3.75e-06,23.75498,0.0006805221,4.16883e-06,3.818013e-06,7.873626e-05,0.01201169,0.1,0.1,1.5e-05,-0.004100242,0.07894623,1.303854,0.4610162,13925,0.9072592,977.54,110.9904
409,1789945882.819,-0.4157225,-0.3687882,1.498514,-0.05432206,-0.009865078,-0.015,-0.1852102,-0.01405434,-0.04914172,-0.1217477,-0.002057848,-0.06399998,-0.003414473,1.448764,-0.02956968,-0.0657853,-3.914439e-05,-0.06075172,-0.09029021,-0.04037671,0.7657704,0,-0.006539804,-0.005468595,0.46125,1.140339,1.01872,0.0006183619,2.5e-06,23.75426,0.0007164186,4.211808e-06,3.989135e-06,8.985583e-05,0.0136052,0.05,0,1e-05,-0.003425971,0.07133202,2.70239,0.4593706,7772,0.9072346,984.87,110.9192
410,1789945886.094,-0.4053326,-0.3589207,1.498514,-0.06196367,-0.00457497,-0.0175,-0.1399474,-0.0140002,-0.005473739,-0.09213035,-0.00202517,-0.04946999,-0.002315651,1.432188,-0.02796183,-0.04817925,-0.004160614,-0.05206453,-0.05771942,-0.02681372,0.8029036,0.1150079,-0.006180265,-0.004424199,0.51711,1.091471,1.478845,0.0005984919,2.5e-06,23.75385,0.0006897337,4.281282e-06,4.03011e-06,8.293044e-05,0.016582,0.2,0,1e-05,-0.001403959,0.09214674,2.281101,0.9752901,7547,0.9072185,986.96,110.5671
411,1789945887.894,-0.4047366,-0.3654029,1.498514,-0.05426937,-0.002567994,0,-0.1261566,-0.01433742,-0.01151513,-0.08217081,-0.00205147,-0.03322,-0.001914364,1.444864,-0.02647147,-0.03269231,0,-0.04550355,-0.04981844,-0.02172351,0.8281044,0.2320936,-0.005968264,-0.003840861,0.5631594,1.215929,1.730808,0.0006234002,2.5e-06,23.75343,0.0007184303,4.250328e-06,3.921811e-06,8.68579e-05,0.0120522,0.05,0.05,1e-05,-0.002540054,0.06808554,1.306261,0.4780033,13773,0.9071925,992.8,110.9473
412,1789945891.036,-0.4091884,-0.3585328,1.498514,-0.05609966,-0.005124295,-0.0175,-0.143479,-0.013955,-0.03660912,-0.09106835,-0.002063244,-0.04971999,-0.002031673,1.470539,-0.02777556,-0.05076648,0,-0.05122996,-0.05005587,-0.0239857,0.8058528,0.1155783,-0.006300644,-0.004471079,0.532253,1.172601,1.437425,0.0006250683,2.5e-06,23.75297,0.0007126156,4.096931e-06,3.837926e-06,7.961253e-05,0.01049487,0,0,1e-05,-0.001326035,0.07286463,2.666622,0.4564617,7869,0.9071754,992.8,110.529
413,1789945892.742,-0.4018672,-0.3663693,1.498514,-0.06523131,-0.003696942,-0.01,-0.1371346,-0.01416925,-0.002774119,-0.08717849,-0.002026215,-0.05032999,-0.001925987,1.444864,-0.02745252,-0.04989155,0,-0.0520276,-0.04601895,-0.0228821,0.8072712,0.1143862,-0.006027927,-0.00418698,0.5596265,1.086298,1.536729,0.000614853,2.5e-06,23.75263,0.000693399,4.093248e-06,3.810706e-06,7.064203e-05,0.008977497,0,0,1e-05,-0.002009189,0.07845423,1.23238,0.4619718,14504,0.9071593,992.8,110.685
414,1789945896.014,-0.4130798,-0.3626101,1.498514,-0.06002336,-0.004745788,-0.04750001,-0.1562246,-0.01399588,-0.01380781,-0.1015507,-0.002065624,-0.04693,-0.001956865,1.423088,-0.02874489,-0.0475704,-0.002205893,-0.05351561,-0.0583277,-0.02527302,0.79957,0.115073,-0.006213121,-0.004627929,0.505523,1.209313,1.510951,0.0006086533,2.5e-06,23.75228,0.0006955046,4.07233e-06,3.782237e-06,7.899669e-05,0.01461593,0.25,0,1e-05,-0.001398478,0.06998859,2.793156,0.4632549,7546,0.9071408,991.17,111.2449
415,1789945899.273,-0.4095444,-0.3702506,1.498514,-0.05383288,-0.006061056,-0.04500001,-0.143769,-0.014288,-0.02270979,-0.09709348,-0.002067633,-0.0484,-0.002715777,1.402612,-0.0295449,-0.04772825,-0.004250028,-0.05632212,-0.0693683,-0.027367,0.792051,0.1148681,-0.006206534,-0.004798847,0.514039,1.144377,1.255783,0.0006036765,2.5e-06,23.75192,0.0007352548,3.945914e-06,3.695346e-06,0.0001239371,0.01599729,0.4,0,1e-05,-0.002296863,0.08483697,2.760515,0.4779344,7588,0.9071247,985.69,111.0112
416,1789945901.080,-0.4050955,-0.3731417,1.498514,-0.06218691,-0.002997937,-0.005,-0.1569321,-0.01385951,-0.0002534485,-0.1001899,-0.002062466,-0.06436001,-0.00163228,1.475415,-0.02482267,-0.0633724,0,-0.05482594,-0.04775592,-0.02407597,0.805674,0,-0.005953942,-0.004575932,0.5155114,1.239225,1.551232,0.0006052138,2.5e-06,23.75156,0.0007750323,3.840089e-06,3.622692e-06,0.0001623557,0.01173435,0,0,1e-05,-0.001994429,0.07027142,1.32094,0.4756031,13679,0.9071042,985.69,111.6493
417,1789945904.348,-0.4068013,-0.3729417,1.498514,-0.05175846,-0.003859029,0,-0.1345152,-0.01445716,-0.0184701,-0.08716364,-0.002039941,-0.03609,-0.001971586,1.448764,-0.02763387,-0.03307746,0,-0.04951124,-0.05043301,-0.02179376,0.8146927,0.2280328,-0.006148589,-0.00421626,0.5400569,1.079113,1.480759,0.0005820817,2.5e-06,23.75113,0.000695269,3.809166e-06,3.630857e-06,0.0001057472,0.01279589,0,0,1e-05,-0.002208977,0.0690785,2.769133,0.48335,7556,0.9070842,988.78,112.1895
418,1789945907.666,-0.4018527,-0.3663222,1.498514,-0.05809797,-0.003254695,-0.015,-0.1404578,-0.01459133,-0.00020749,-0.09132439,-0.00204681,-0.03868,-0.002075837,1.464689,-0.02808421,-0.0402486,-0.001535436,-0.05089536,-0.04997095,-0.02875208,0.809432,0.1717858,-0.006056054,-0.004137421,0.5311987,1.219234,1.388857,0.0005878015,2.5e-06,23.75076,0.0006599746,3.803445e-06,3.566283e-06,6.480336e-05,0.01397542,0.25,0,1e-05,-0.002201834,0.07612333,2.567537,0.7350371,7441,0.9070689,988.78,111.6001
419,1789945909.493,-0.4095837,-0.3567204,1.498514,-0.05566589,-0.003286763,-0.04,-0.1289223,-0.01368576,-0.01549285,-0.08530541,-0.002041678,-0.0317,-0.001969902,1.448763,-0.0273572,-0.03266795,0,-0.04818595,-0.04211689,-0.0290219,0.8184217,0.2293869,-0.006005659,-0.004251407,0.5655243,1.286881,1.60387,0.0005900218,2.5e-06,23.75044,0.0006631844,3.768665e-06,3.565152e-06,6.582888e-05,0.01415732,0,0,1e-05,-0.001522347,0.08512553,1.331721,0.4638612,13686,0.9070523,994.26,112.4606
420,1789945912.818,-0.4017267,-0.3608787,1.498514,-0.05409893,-0.0062578,-0.05500001,-0.1551036,-0.01435756,-0.1263968,-0.0992895,-0.002053402,-0.06164001,-0.002790867,1.468913,-0.02738794,-0.06557446,0,-0.05862786,-0.06742167,-0.02613399,0.7827026,0,-0.006538806,-0.005036789,0.4660568,1.10788,1.308561,0.0005776486,2.5e-06,23.7501,0.0006473582,3.746369e-06,3.579583e-06,6.238372e-05,0.01250117,0,0,1e-05,-0.001659956,0.06514936,2.826699,0.4762039,7440,0.9070348,999,111.5443
421,1789945915.569,-0.4034155,-0.3667687,1.498514,-0.05276658,-0.004138084,-0.0175,-0.1265637,-0.01449294,-0.0004455042,-0.08317982,-0.002059716,-0.02807,-0.001816206,1.450714,-0.02763396,-0.03084508,-0.001107764,-0.04801632,-0.04820859,-0.02181957,0.81135,0.2293218,-0.006085271,-0.003984025,0.5254394,0.999474,1.421832,0.0005915166,2.5e-06,23.74975,0.0006638144,3.747863e-06,3.5598e-06,6.499007e-05,0.01657186,0.05,0,1e-05,-0.001750603,0.08930385,1.503958,1.201356,9084,0.907019,999,111.8125
422,1789945917.980,-0.4201406,-0.3709613,1.498514,-0.04610407,-0.006194032,0,-0.1470607,-0.01482198,-0.0145169,-0.09499684,-0.002074153,-0.05799999,-0.002851224,1.443564,-0.03037827,-0.04970304,0,-0.0552198,-0.06657495,-0.02816561,0.7973698,0.1159011,-0.006320293,-0.004769091,0.488876,1.15938,1.372155,0.0006174465,2.5e-06,23.74938,0.000687094,3.720619e-06,3.527974e-06,6.239891e-05,0.009435065,0,0,1e-05,-0.002066523,0.0557247,1.907934,0.4738951,10318,0.9069971,999,112.1762
423,1789945921.246,-0.4018327,-0.3670737,1.498514,-0.06209364,-0.004004122,-0.0075,-0.1375662,-0.01399188,-0.001035541,-0.09032364,-0.002039873,-0.03992,-0.001978197,1.444538,-0.02720463,-0.04148294,-0.0001683896,-0.0516832,-0.04579058,-0.02508396,0.8060756,0.1719629,-0.006049424,-0.004317911,0.5360113,1.259276,1.375221,0.0006041227,2.5e-06,23.74895,0.0006842419,3.614736e-06,3.489336e-06,7.301514e-05,0.0137857,0.1,0,1e-05,-0.002118928,0.1145835,2.765271,0.4869778,7556,0.9069805,988.74,110.9231
424,1789945923.137,-0.4037777,-0.3656102,1.498514,-0.05590709,-0.002545413,-0.0075,-0.1217109,-0.01483566,-0.003682018,-0.08061571,-0.00205257,-0.02192,-0.002141146,1.445188,-0.02804828,-0.02397829,-0.0003625676,-0.04684257,-0.03826418,-0.02575969,0.8302883,0.2881478,-0.005920677,-0.003897195,0.5507255,1.137634,1.668498,0.0005663254,2.5e-06,23.74868,0.0006394349,3.619668e-06,3.510542e-06,6.597926e-05,0.01573889,0.25,0,1e-05,-0.001973606,0.07690238,1.405571,0.4719021,13089,0.90697,988.74,112.4631
425,1789945926.390,-0.4040129,-0.365426,1.498514,-0.04954926,-0.002367335,-0.015,-0.1310658,-0.01420923,0,-0.08380809,-0.002080425,-0.02814,-0.001535347,1.448114,-0.02787884,-0.02984384,-6.877408e-05,-0.04546469,-0.04592193,-0.0231454,0.8264699,0.2308052,-0.005903309,-0.003920532,0.5402992,1.195948,1.429969,0.0005893657,3.75e-06,23.74835,0.0006553908,3.632689e-06,3.355344e-06,5.903711e-05,0.01101149,0,0.05,1.5e-05,-0.002821164,0.06337539,2.765354,0.4721177,7591,0.9069443,988.74,112.2147
426,1789945929.685,-0.4095822,-0.3626752,1.498514,-0.05506647,-0.002364527,0,-0.1324424,-0.01438315,-0.06350438,-0.08570777,-0.002074504,-0.01336,-0.003512358,1.411713,-0.02734916,-0.01425924,-0.002264752,-0.04575523,-0.03872139,-0.028755,0.8240063,0.3429891,-0.006348459,-0.003817632,0.5201897,1.177378,1.751809,0.0005813565,2.5e-06,23.74781,0.0006522771,3.549243e-06,3.403941e-06,6.396743e-05,0.01421098,0.05,0,1e-05,-0.002863501,0.08838743,2.807848,0.4708428,7495,0.9069239,991.23,112.2935
427,1789945931.568,-0.409059,-0.3652106,1.498514,-0.06339152,-0.003173762,-0.035,-0.1229501,-0.01480484,-0.0002775288,-0.08049092,-0.002063736,-0.0305,-0.001233113,1.435113,-0.02957937,-0.03194942,0,-0.04979615,-0.03912307,-0.0239546,0.8053402,0.2278341,-0.006510298,-0.004031777,0.5466006,1.041729,1.396903,0.0005757582,2.5e-06,23.74751,0.0006664912,3.594655e-06,3.364989e-06,8.377338e-05,0.01443277,0.4,0,1e-05,-0.001523168,0.08291948,1.409233,0.4613361,13138,0.9069128,988.61,112.7579
428,1789945934.759,-0.2085418,-0.1926536,0.7875068,-0.03283819,-0.001643102,-0.03750001,-0.07248505,-0.007679599,-0.0233794,-0.04705258,-0.001059992,-0.01329,-0.0009549147,0.7464563,-0.01451023,-0.0162989,-0.01921714,-0.02646395,-0.0230205,-0.01432653,0.4245286,0.1146673,-0.003185343,-0.002024907,0.2630072,0.5537935,0.7547747,0.000593289,2.5e-06,23.74733,0.0006658371,3.509489e-06,3.34996e-06,6.568863e-05,0.01250643,0.05,0,1e-05,-0.001888791,0.09186859,2.713175,0.4669251,7728,0.9069085,974.21,111.1166
429,1789945937.743,-0.4065732,-0.3692674,1.498514,-0.04880254,-0.00667524,-0.01,-0.1412456,-0.01438806,-0.02421561,-0.0928699,-0.002016777,-0.04742001,-0.002172128,1.461114,-0.0280246,-0.04752105,0,-0.05411158,-0.05893127,-0.02205516,0.7878503,0.1135912,-0.006398471,-0.004643501,0.5059041,0.9859623,1.397605,0.0005547225,2.5e-06,23.7472,0.0006211814,3.460516e-06,3.305486e-06,5.969286e-05,0.01120036,0,0,1e-05,-0.001781725,0.07520524,1.74348,1.197197,8357,0.9068965,974.21,110.9438
430,1789945939.886,-0.3870614,-0.3649692,1.498514,-0.05519363,-0.006833524,-0.08000001,-0.1592737,-0.0148513,-0.01688396,-0.1047728,-0.002041761,-0.06333999,-0.002848013,1.410413,-0.02669901,-0.06371939,-0.00367774,-0.05963374,-0.06539121,-0.03311613,0.7828583,0,-0.006479877,-0.005295454,0.4958945,1.232385,1.307762,0.0005646441,2.5e-06,23.74687,0.0006289483,3.4599e-06,3.410002e-06,5.743437e-05,0.01368335,0.25,0,1e-05,-0.002040931,0.06968815,1.643149,0.4637547,11664,0.9068786,975.97,110.7996
431,1789945943.088,-0.4102441,-0.367679,1.498514,-0.06379991,-0.005396022,-0.01,-0.147617,-0.01364967,-0.001620613,-0.09408825,-0.002020954,-0.06821995,-0.002616972,1.450714,-0.02651204,-0.06500657,-0.0008488371,-0.05599476,-0.0611981,-0.02509688,0.7881087,0,-0.006637765,-0.004689899,0.5103377,1.126843,1.182748,0.0005658529,2.5e-06,23.74645,0.0006300538,3.46208e-06,3.368762e-06,5.737015e-05,0.01200626,0,0,1e-05,-0.00159743,0.06554609,2.717324,0.4697955,7711,0.9068554,984.6,111.4045
432,1789945944.951,-0.4010797,-0.3599328,1.498514,-0.05573834,-0.00288647,-0.015,-0.131501,-0.01445241,-0.0001898044,-0.08595279,-0.002058645,-0.04167,-0.001901992,1.489714,-0.02712367,-0.03983096,-1.617965e-05,-0.0494281,-0.04611374,-0.02357593,0.8118627,0.1713909,-0.006224627,-0.004134995,0.5279726,1.207557,1.628757,0.0005586676,1.265625e-05,23.74575,0.0006199143,3.38839e-06,3.308535e-06,5.454977e-05,0.0111322,0,0.2,5.0625e-05,-0.003927488,0.06139253,1.314191,0.5256662,13357,0.9067901,989.52,111.518
433,1789945948.239,-0.4033652,-0.3640562,1.498514,-0.05509599,-0.004662267,-0.02333333,-0.1406966,-0.01396586,-0.01516149,-0.0908206,-0.002046005,-0.03658667,-0.002259877,1.460031,-0.02892539,-0.037103,0,-0.04970909,-0.05330792,-0.02609313,0.8057691,0.1912243,-0.006274961,-0.004291415,0.536379,1.149379,1.520931,0.0005877041,1.265625e-05,23.74383,0.0006539091,3.379443e-06,3.270867e-06,5.955465e-05,0.01374868,0,0,5.0625e-05,-0.006853173,0.07084174,2.790437,0.4859953,7500,0.9066774,999,113.8513
434,1789945951.590,-0.4106973,-0.3638231,1.498514,-0.06308955,-0.002800723,-0.07000001,-0.1336698,-0.01417766,-0.0001684469,-0.08747824,-0.0020532,-0.03677,-0.001800639,1.440313,-0.02765933,-0.03706773,-0.01909406,-0.05013169,-0.04970515,-0.02555287,0.81273,0.1720409,-0.005993055,-0.00414619,0.5478226,0.9892472,1.60039,0.0005887659,2.5e-06,23.74195,0.0006504875,3.39106e-06,3.254204e-06,5.507631e-05,0.01454147,0.25,0,1e-05,-0.004434723,0.08661367,2.866472,0.4695556,7366,0.9066283,995,113.6409
435,1789945953.563,-0.4112173,-0.3631428,1.498514,-0.06307371,-0.003582367,-0.0125,-0.1329732,-0.0143469,-0.01886453,-0.08542953,-0.002014659,-0.03065,-0.0019075,1.460788,-0.02790572,-0.03439754,-2.053846e-05,-0.04970131,-0.04210287,-0.02500843,0.8087755,0.2278694,-0.00614722,-0.004032671,0.5554482,1.246191,1.467737,0.0005607235,2.5e-06,23.74143,0.0006260852,3.487291e-06,3.295437e-06,5.857892e-05,0.01555633,0.1,0,1e-05,-0.001751702,0.07017881,1.425033,0.5287721,12578,0.9066116,986.11,112.0951
436,1789945956.779,-0.392894,-0.3499406,1.498514,-0.05388391,-0.004036688,0,-0.1280379,-0.01368882,-0.0004276967,-0.08564715,-0.002047848,-0.03802,-0.002087587,1.459813,-0.02629699,-0.03205479,0,-0.04917052,-0.05090514,-0.02575183,0.8105878,0.2291545,-0.005924999,-0.004124423,0.5783716,1.076745,1.699833,0.0005883217,2.5e-06,23.74087,0.0006536302,3.394566e-06,3.238932e-06,5.867499e-05,0.01433931,0.15,0.15,1e-05,-0.003566711,0.06484721,2.739102,0.4574265,7688,0.9065685,986.11,111.4051
437,1789945959.661,-0.3967437,-0.3697786,1.498514,-0.05640483,-0.003572391,0,-0.1341906,-0.0148113,-0.01330008,-0.0893022,-0.002085978,-0.05027999,-0.002257554,1.469565,-0.0279457,-0.04854568,-0.00135499,-0.0518289,-0.05256052,-0.02358301,0.8117289,0.1148375,-0.005964448,-0.004284333,0.5187331,1.189684,1.293843,0.0005596762,3.75e-06,23.73995,0.000622861,3.36834e-06,3.161533e-06,5.665494e-05,0.01155469,0.1,0.15,1.5e-05,-0.003513805,0.08508518,1.64295,1.190136,8674,0.9065254,990.11,111.2626
438,1789945961.994,-0.4120419,-0.3651962,1.498514,-0.05917914,-0.00297275,-0.05000001,-0.1277553,-0.01421195,0,-0.08354785,-0.002036987,-0.03298,-0.002464982,1.422762,-0.02984974,-0.03320732,-0.002023026,-0.04800188,-0.04073377,-0.02189378,0.8152921,0.2307849,-0.005924569,-0.00400803,0.5503868,0.9914684,1.394662,0.0005747408,2.5e-06,23.73931,0.000633943,3.358471e-06,3.182135e-06,5.266157e-05,0.0134896,0.05,0,1e-05,-0.002464506,0.1063955,1.792011,0.5103528,10674,0.9065046,987.93,111.7062
439,1789945965.228,-0.4022857,-0.3601262,1.498514,-0.0622194,-0.004743238,-0.03500001,-0.1418216,-0.01392361,-0.01140998,-0.09231222,-0.002039934,-0.03879334,-0.002065022,1.440097,-0.02772862,-0.04053133,-0.001108824,-0.05120583,-0.0544111,-0.02428613,0.8002455,0.1527429,-0.006226203,-0.004400156,0.5350344,1.104483,1.378287,0.0005745781,2.5e-06,23.73895,0.0006397406,3.361194e-06,3.178684e-06,5.862267e-05,0.01528689,0,0,1e-05,-0.001528538,0.06577706,2.742604,0.4672284,7656,0.9064871,987.93,111.6285
440,1789945967.155,-0.3939865,-0.3694968,1.498514,-0.0571599,-0.004185205,0,-0.136542,-0.01505584,-0.02135299,-0.08921596,-0.002042643,-0.0451,-0.001911427,1.48408,-0.02717825,-0.04370103,-0.0003216108,-0.05016779,-0.04825219,-0.0261776,0.8085583,0.1524833,-0.006026862,-0.004181055,0.5366897,1.071131,1.438935,0.000562497,2.5e-06,23.73856,0.0006245203,3.279821e-06,3.146344e-06,5.559709e-05,0.01234279,0,0,1e-05,-0.001599342,0.08185594,1.355224,0.55616,12857,0.9064678,987.93,111.9376
441,1789945970.392,-0.4034243,-0.3665313,1.498514,-0.055016,-0.003808985,0,-0.1386354,-0.01467573,-0.00137997,-0.09050143,-0.002070924,-0.04344,-0.002412282,1.449739,-0.02723736,-0.04188369,0,-0.04977159,-0.05020137,-0.02459946,0.8126701,0.1717109,-0.006039715,-0.004200679,0.5430365,1.177802,1.485215,0.000558334,2.5e-06,23.7382,0.0006176482,3.234116e-06,3.123774e-06,5.295631e-05,0.008187516,0,0,1e-05,-0.001864375,0.08664422,2.716186,0.5047531,7630,0.906452,986.33,112.3241
442,1789945973.722,-0.4111416,-0.379673,1.498514,-0.05845816,-0.006628203,-0.035,-0.1570143,-0.01446427,-0.1019448,-0.1024312,-0.002064627,-0.06578,-0.002778371,1.439663,-0.02759287,-0.06795311,0,-0.0566277,-0.06769322,-0.02271538,0.7898976,0,-0.006687376,-0.004771419,0.5337905,1.051384,1.232565,0.0005801411,2.5e-06,23.73785,0.0006441296,3.389189e-06,3.078694e-06,5.752067e-05,0.01274516,0,0,1e-05,-0.001782647,0.07912579,2.840053,0.4733162,7417,0.9064331,997.4,113.8181
443,1789945975.576,-0.4224975,-0.3603023,1.498514,-0.05558523,-0.005201292,-0.01,-0.1608383,-0.01318033,-0.01165598,-0.1024334,-0.002070755,-0.04843999,-0.002340059,1.463064,-0.02666934,-0.04794829,0,-0.05058545,-0.05678525,-0.02814806,0.8002395,0.114741,-0.006180151,-0.004541352,0.5250355,1.185646,1.534506,0.0005604045,8.4375e-06,23.73715,0.000618598,3.25032e-06,3.066293e-06,5.187691e-05,0.009974057,0,0.15,3.375e-05,-0.003875731,0.06321139,1.314196,0.5293202,13331,0.9063692,997.4,114.4375
444,1789945978.776,-0.3957797,-0.368401,1.498514,-0.0528956,-0.004382205,-0.01,-0.1377004,-0.01442561,-0.0110214,-0.09108411,-0.002067429,-0.05211,-0.002532569,1.47249,-0.02765395,-0.04957816,0,-0.05208042,-0.05420719,-0.02661429,0.8062851,0.1151102,-0.006221735,-0.004505578,0.5278689,1.154372,1.341308,0.0005664992,8.4375e-06,23.73561,0.0006242073,3.255929e-06,2.987014e-06,5.146506e-05,0.01237152,0,0,3.375e-05,-0.004705974,0.07258169,2.726611,0.457006,7719,0.9062948,997.4,113.7861
445,1789945980.824,-0.4057194,-0.3604482,1.498514,-0.05653618,-0.002283888,-0.005,-0.1226309,-0.01421096,-0.0003838057,-0.08033578,-0.002059254,-0.02542,-0.001689354,1.472814,-0.02765588,-0.02382219,0,-0.04436029,-0.03893884,-0.0220805,0.8242148,0.2873374,-0.005877461,-0.003744564,0.5503994,1.188765,1.519351,0.0005813834,8.4375e-06,23.73426,0.0006386053,3.337132e-06,3.101555e-06,5.078324e-05,0.01002676,0,0,3.375e-05,-0.005462039,0.08601294,1.307244,0.6964161,12265,0.9062411,997.4,114.6692
446,1789945983.820,-0.4010578,-0.3751925,1.498514,-0.06137669,-0.003257964,-0.06750001,-0.131998,-0.0144113,-0.0001587284,-0.08593216,-0.002050853,-0.03958,-0.00146797,1.440964,-0.0279099,-0.03598312,-0.0009524875,-0.04979003,-0.04201083,-0.02572444,0.8097464,0.1727178,-0.005889389,-0.004223734,0.5403757,1.050032,1.432206,0.0005979715,1.898438e-05,23.73276,0.0006687405,3.370723e-06,3.211337e-06,6.418696e-05,0.008805104,0,0.1,7.59375e-05,-0.008190187,0.08471326,2.431776,0.5306418,8295,0.9061334,995.11,114.0371
447,1789945987.088,-0.4121067,-0.3736092,1.498514,-0.06688168,-0.005335491,-0.05500001,-0.1520638,-0.0146286,0,-0.09782156,-0.002001291,-0.06205997,-0.001594406,1.461765,-0.02875815,-0.05907492,-0.0002749155,-0.05763481,-0.06719469,-0.01889347,0.7797672,0,-0.006274148,-0.004735281,0.543337,1.114302,1.324622,0.0006165287,1.898438e-05,23.73009,0.0006793945,3.329821e-06,3.08155e-06,5.645442e-05,0.01313635,0.05,0.05,7.59375e-05,-0.01054566,0.08098786,2.766928,0.4871378,7552,0.9060009,995.11,113.7923
448,1789945988.970,-0.4050155,-0.3707698,1.498514,-0.06262277,-0.004003237,-0.015,-0.144455,-0.01402969,-0.008524678,-0.09366091,-0.002010208,-0.04985998,-0.002072896,1.476714,-0.02694134,-0.04956092,0,-0.05448366,-0.05114394,-0.02999618,0.7946148,0.1129269,-0.006208907,-0.004454444,0.5521508,1.090458,1.441429,0.0005834377,8.4375e-06,23.72764,0.0006496002,3.305751e-06,3.166296e-06,5.969049e-05,0.01480793,0.1,0,3.375e-05,-0.009337179,0.09766228,1.34422,0.5273612,13131,0.9058976,993.82,113.3352
449,1789945992.134,-0.397389,-0.3817428,1.498514,-0.05881109,-0.005965821,-0.005,-0.1565181,-0.01416347,0,-0.1016683,-0.002007152,-0.06995998,-0.002225611,1.476065,-0.02500273,-0.0677525,0,-0.05533759,-0.05464314,-0.02725918,0.792443,0,-0.006124906,-0.004966055,0.499277,0.9594464,1.369323,0.0005931691,8.4375e-06,23.72555,0.000658074,3.434939e-06,3.176845e-06,5.829311e-05,0.01170137,0.15,0.15,3.375e-05,-0.009073976,0.07903987,2.683038,0.4640861,7809,0.9057944,993.82,113.2118
450,1789945994.336,-0.3972398,-0.3712618,1.498514,-0.0546709,-0.003305282,-0.0625,-0.1421522,-0.01472102,0,-0.09115897,-0.002051663,-0.04843999,-0.00210466,1.448439,-0.02667206,-0.048623,-0.002110519,-0.05245527,-0.04872377,-0.02333429,0.810511,0.1153469,-0.005888411,-0.004318486,0.5110931,1.130279,1.28535,0.0005966998,5.625e-06,23.72408,0.0006619035,3.421347e-06,3.166219e-06,5.861613e-05,0.01238727,0.25,0.2,2.25e-05,-0.004500448,0.1085719,1.356862,0.7958436,11416,0.9057522,991.75,112.8454
451,1789945997.321,-0.404808,-0.3744505,1.498514,-0.06006062,-0.003099088,0,-0.1344225,-0.01429207,-0.01702202,-0.09076144,-0.002062261,-0.03384,-0.002583394,1.492314,-0.0283204,-0.03284672,-0.0007631969,-0.04853412,-0.0503682,-0.02600386,0.8106216,0.2292233,-0.005999906,-0.004170681,0.5104694,1.379601,1.409627,0.0006164166,5.625e-06,23.72299,0.0006845365,3.394008e-06,3.273624e-06,6.145222e-05,0.01291898,0.15,0.15,2.25e-05,-0.006387878,0.07716071,2.459836,0.5013154,8299,0.905688,995.64,112.8364
452,1789946000.665,-0.3967443,-0.3555692,1.498514,-0.0666865,-0.00544694,-0.04,-0.1528684,-0.01390947,-0.01319827,-0.09835168,-0.001994827,-0.0623,-0.002109019,1.441613,-0.02623398,-0.06554415,0,-0.05757964,-0.05481599,-0.02629541,0.7853236,0,-0.006373691,-0.004837782,0.5320398,1.149497,1.297594,0.0005906298,5.625e-06,23.72203,0.0006590727,3.361575e-06,3.139711e-06,6.194169e-05,0.01492861,0,0,2.25e-05,-0.003054851,0.08617078,2.869568,0.4629948,7374,0.905659,987.69,111.9358
453,1789946002.545,-0.4066618,-0.3527051,1.498514,-0.05153773,-0.004746546,-0.01,-0.1511044,-0.01411872,0,-0.09583153,-0.002047911,-0.04934001,-0.001708877,1.511164,-0.02559668,-0.04769336,-0.0002045652,-0.0515198,-0.0540349,-0.02498412,0.8055651,0.1145176,-0.006003855,-0.004539877,0.5442864,1.21323,1.553033,0.0006042254,5.625e-06,23.72134,0.0006640292,3.451757e-06,3.242524e-06,5.310948e-05,0.01112019,0,0,2.25e-05,-0.003829232,0.07887004,1.346476,0.5139441,13209,0.9056185,982.02,111.3636
454,1789946005.712,-0.3977279,-0.365739,1.498514,-0.06456588,-0.004799147,-0.02,-0.1550261,-0.01430215,-0.001260501,-0.09901026,-0.002010309,-0.06572001,-0.002572995,1.470864,-0.02545667,-0.06488787,-0.0001281164,-0.05507106,-0.06045201,-0.03119633,0.7980769,0,-0.006150599,-0.004606711,0.5090071,1.095584,1.152112,0.0006115763,5.625e-06,23.72057,0.0006689616,3.352014e-06,3.162653e-06,5.087068e-05,0.01088489,0,0,2.25e-05,-0.003540959,0.07140196,2.676378,0.47405,7800,0.9055867,984.09,112.0022
455,1789946009.023,-0.3986419,-0.3736354,1.498514,-0.06759508,-0.005720279,-0.05500001,-0.1492802,-0.0135977,-0.01062309,-0.09765504,-0.00200091,-0.05835999,-0.0018197,1.442913,-0.02924332,-0.06242744,0,-0.05731741,-0.07023468,-0.02154131,0.7788384,0,-0.006190139,-0.004709063,0.5098065,1.290303,1.16938,0.0006224517,3.75e-06,23.71996,0.0006795693,3.350232e-06,3.131247e-06,5.06361e-05,0.01364063,0.1,0.05,1.5e-05,-0.004107221,0.1060309,2.238751,1.055118,7461,0.9055634,977.93,111.3231
456,1789946010.945,-0.4078524,-0.363747,1.498514,-0.06701311,-0.007690215,-0.05000001,-0.1625025,-0.01447587,-0.0003502089,-0.1071418,-0.002040707,-0.05679999,-0.002560721,1.435763,-0.0294327,-0.06014661,-0.0001238783,-0.06010249,-0.08936329,-0.02915351,0.7599003,0,-0.006060725,-0.004985246,0.5075404,1.009846,0.8870729,0.000583908,2.5e-06,23.7196,0.0006401662,3.357176e-06,3.086806e-06,4.981428e-05,0.01400448,0.05,0,1e-05,-0.002607927,0.08537022,1.344768,0.5596845,12904,0.9055477,974.85,111.2489
457,1789946014.475,-0.4110918,-0.3646734,1.498514,-0.05305527,-0.004186317,0,-0.151241,-0.01471562,-0.00043643,-0.09755339,-0.002075911,-0.05337999,-0.002507887,1.476714,-0.02721986,-0.05011644,-3.641948e-05,-0.05258877,-0.05642074,-0.02614605,0.8099038,0.114,-0.006070562,-0.004617569,0.5330881,1.128216,1.472255,0.0005858936,2.5e-06,23.71926,0.0006478642,3.566137e-06,3.251199e-06,5.515325e-05,0.01383058,0.25,0,1e-05,-0.002027268,0.08747335,3.043038,0.4688599,6997,0.9055312,983.49,111.4984
458,1789946017.327,-0.4021283,-0.3624092,1.498514,-0.05608013,-0.006677161,-0.06500001,-0.1619708,-0.01438301,-0.04564519,-0.1050853,-0.002060785,-0.06649998,-0.002475561,1.435763,-0.02669762,-0.06388208,-0.003827565,-0.0582201,-0.07128527,-0.02674428,0.7864909,0,-0.006270707,-0.004966968,0.5000464,1.182162,1.213423,0.0005841653,2.5e-06,23.71892,0.0006430041,3.431998e-06,3.229349e-06,5.217746e-05,0.01486363,0,0,1e-05,-0.002619306,0.08378789,1.582283,1.222155,8763,0.9055141,981.42,110.6427
459,1789946019.762,-0.3949816,-0.3722566,1.498514,-0.05128273,-0.005991961,0,-0.1489283,-0.0150919,-0.01807569,-0.09642913,-0.002097685,-0.06774002,-0.002717373,1.463713,-0.02609884,-0.06595926,0,-0.05531454,-0.06884609,-0.02650943,0.7914488,0,-0.006100438,-0.004744879,0.513527,1.122897,1.277408,0.0005618496,5.625e-06,23.71852,0.0006139778,3.073818e-06,2.901819e-06,4.615262e-05,0.01126608,0,0.1,2.25e-05,-0.003297636,0.08522718,1.892059,0.519325,10191,0.9054852,981.42,110.7776
460,1789946023.138,-0.4006405,-0.3586402,1.498514,-0.05529417,-0.004295889,-0.01,-0.1411511,-0.01394126,-0.001742274,-0.09204253,-0.002042689,-0.0505,-0.002299184,1.483214,-0.02578986,-0.04847334,0,-0.05175054,-0.05356085,-0.02384831,0.8063382,0.1157698,-0.006094431,-0.004409065,0.5563064,1.110441,1.327598,0.0005643376,2.5e-06,23.7179,0.0006234884,3.106152e-06,2.859317e-06,5.31853e-05,0.01521401,0.25,0,1e-05,-0.00247203,0.08519801,2.884479,0.481478,7301,0.9054605,988.72,111.5754
461,1789946025.065,-0.4034815,-0.3697845,1.498514,-0.06439875,-0.003916978,-0.09499998,-0.1503877,-0.01467788,-0.001420541,-0.09863272,-0.002053238,-0.05091999,-0.001641205,1.433488,-0.0278658,-0.05221636,-0.01006679,-0.05514563,-0.05873661,-0.02643909,0.79779,0.05757546,-0.006076233,-0.004548961,0.4985094,1.220796,1.312582,0.0005582015,2.5e-06,23.71751,0.0006129249,3.016287e-06,2.885393e-06,4.882173e-05,0.01269505,0,0,1e-05,-0.001903306,0.06742662,1.385104,0.528919,12839,0.9054424,991.67,111.8522
462,1789946028.347,-0.4034349,-0.3677195,1.498514,-0.05914919,-0.003459508,-0.02,-0.137457,-0.01407442,-0.01130479,-0.08942576,-0.002054234,-0.03733999,-0.001964744,1.464147,-0.02858602,-0.03747364,-0.0004333203,-0.04833239,-0.04577737,-0.0250768,0.8179448,0.1917869,-0.006213176,-0.0041786,0.5464741,1.114017,1.478117,0.0005590824,2.5e-06,23.71718,0.0006131557,3.001536e-06,2.828824e-06,4.824293e-05,0.01421233,0,0,1e-05,-0.001759125,0.1140088,2.790304,0.4803157,7514,0.9054301,993.75,112.247
463,1789946031.645,-0.4069309,-0.366774,1.498514,-0.06865387,-0.004138957,-0.015,-0.1530262,-0.01375049,0,-0.09629576,-0.002041531,-0.06781995,-0.002006435,1.453314,-0.0269418,-0.06343379,-0.0001156823,-0.05700183,-0.067266,-0.02226382,0.7929375,0,-0.006279764,-0.004718121,0.4811226,1.263704,1.230043,0.0005405073,3.75e-06,23.71674,0.0005961179,2.922197e-06,2.763834e-06,4.992456e-05,0.01226206,0.05,0.1,1.5e-05,-0.003927495,0.06382979,2.825837,0.461266,7476,0.9053897,995.8,112.6469
464,1789946033.497,-0.396232,-0.3634912,1.498514,-0.05381263,-0.003161991,0,-0.1281542,-0.01389592,-0.000153133,-0.08429089,-0.002070964,-0.03153,-0.002022134,1.473464,-0.02770576,-0.03263883,0,-0.04798915,-0.05239719,-0.02399163,0.8239325,0.2306657,-0.005920636,-0.004075389,0.5476539,1.286764,1.510836,0.0005785923,2.5e-06,23.71577,0.0006327403,2.970515e-06,2.794632e-06,4.838278e-05,0.01247746,0.1,0.05,1e-05,-0.003736283,0.06049941,1.314619,0.5190046,13402,0.9053471,995.8,113.4885
465,1789946036.757,-0.4062573,-0.361357,1.498514,-0.06068138,-0.004122254,-0.0075,-0.1410021,-0.01422718,-0.007716232,-0.09101568,-0.002056895,-0.04587,-0.002061856,1.443888,-0.02752497,-0.04873941,0,-0.05225469,-0.05215248,-0.02426606,0.8031375,0.1149835,-0.006085113,-0.004466539,0.5327197,1.2484,1.5422,0.0005590275,2.5e-06,23.71512,0.0006160362,2.923056e-06,2.798796e-06,5.128685e-05,0.01547283,0,0,1e-05,-0.001980343,0.07710817,2.774708,0.4687717,7577,0.9053221,998.54,113.9305
466,1789946040.065,-0.4076415,-0.364338,1.498514,-0.05679524,-0.001961684,0,-0.1442206,-0.01488001,0,-0.09195738,-0.002063729,-0.0484,-0.001746799,1.537165,-0.02652088,-0.04666998,-0.000132034,-0.05163059,-0.04744936,-0.02424961,0.8204405,0.1141621,-0.005992559,-0.004351156,0.5182189,1.234267,1.655935,0.0005681922,2.5e-06,23.71463,0.000622887,2.979187e-06,2.798139e-06,4.891757e-05,0.01206605,0,0,1e-05,-0.001964527,0.07908683,2.074182,1.185356,7539,0.9052993,998.89,114.1177
467,1789946042.039,-0.2135066,-0.1886849,0.7964977,-0.03254265,-0.003352555,0,-0.09569395,-0.007250295,-0.002427057,-0.06159739,-0.001089538,-0.03588001,-0.002285508,0.7669021,-0.01655336,-0.03214688,0,-0.03309784,-0.03588581,-0.01803009,0.4186993,0.01404127,-0.00337348,-0.002627288,0.2627674,0.6776767,0.6835966,0.0005788462,2.5e-06,23.71424,0.0006361629,2.975301e-06,2.878335e-06,5.146307e-05,0.01428845,0,0,1e-05,-0.001665151,0.1245019,1.41384,0.5400684,12577,0.9052849,993.41,112.6521
468,1789946045.369,-0.3981388,-0.3596653,1.498514,-0.0607237,-0.003235856,0,-0.1550323,-0.01429121,0,-0.09860314,-0.002054772,-0.04889999,-0.001874358,1.504015,-0.02650904,-0.0479017,0,-0.05077291,-0.04558183,-0.02501102,0.8152651,0.1138127,-0.006101213,-0.004430871,0.5546556,1.145852,1.468345,0.0005717603,3.75e-06,23.71382,0.0006272061,3.063231e-06,2.808775e-06,4.957372e-05,0.01284053,0.1,0.15,1.5e-05,-0.003265746,0.06600842,2.851184,0.4614015,7418,0.9052501,993.41,113.1351
469,1789946048.020,-0.3989367,-0.3637336,1.498514,-0.05821289,-0.004442955,-0.03833334,-0.1477041,-0.01501025,-0.001685765,-0.09569922,-0.002051626,-0.04789333,-0.002042693,1.471298,-0.02709859,-0.046361,-0.001267199,-0.05269894,-0.05479553,-0.02287411,0.8001797,0.1138536,-0.00603301,-0.004607863,0.5185922,1.133181,1.441622,0.0005363383,3.75e-06,23.71309,0.0005938013,2.951534e-06,2.830357e-06,5.168112e-05,0.01299873,0,0,1.5e-05,-0.00275228,0.0837573,1.325717,1.27811,9438,0.9052202,993.52,113.0992
470,1789946050.461,-0.3991888,-0.3841775,1.498514,-0.06223314,-0.004006914,-0.025,-0.1555689,-0.01511461,-0.0008988775,-0.09745729,-0.002012745,-0.06463999,-0.002015562,1.486465,-0.02672975,-0.06463885,-1.334846e-06,-0.05534706,-0.05734516,-0.02279509,0.7980046,0,-0.006008017,-0.004560115,0.5026896,1.154456,1.221752,0.0005405257,5.625e-06,23.71233,0.000592872,2.89222e-06,2.740297e-06,4.671384e-05,0.009440409,0,0.05,2.25e-05,-0.003576019,0.0721813,1.94704,0.4638734,10193,0.9051722,993.52,112.6137
471,1789946053.661,-0.3952003,-0.3634745,1.498514,-0.06252705,-0.003587083,-0.02500001,-0.1402603,-0.01438383,-0.01481466,-0.09129214,-0.002047786,-0.03578667,-0.001969995,1.43728,-0.02756269,-0.03672433,-0.003441589,-0.04993514,-0.04898783,-0.02735001,0.8146788,0.1917166,-0.006078917,-0.004209501,0.5493785,1.243677,1.415302,0.0005223902,5.625e-06,23.71123,0.0005787915,2.91251e-06,2.743462e-06,5.074527e-05,0.01428339,0,0,2.25e-05,-0.003431402,0.06462351,2.716569,0.4686511,7715,0.9051105,999,114.2403
472,1789946055.520,-0.4014848,-0.3725803,1.498514,-0.05414636,-0.004866108,-0.025,-0.161077,-0.01532723,-0.02036872,-0.104823,-0.002051889,-0.06839997,-0.002954548,1.485164,-0.03152908,-0.06324391,-0.0005228994,-0.05579719,-0.06266757,-0.0257098,0.7965872,0,-0.006182616,-0.004905905,0.5299293,1.159936,1.208685,0.0005363035,5.625e-06,23.70996,0.0005899069,2.920247e-06,2.799368e-06,4.788377e-05,0.01213901,0,0,2.25e-05,-0.00326517,0.05842411,1.299984,0.5391855,13362,0.9050494,999,112.7632
473,1789946058.732,-0.3990962,-0.3649058,1.498514,-0.06103436,-0.003970901,0,-0.1513267,-0.01361104,-0.008099975,-0.09751073,-0.002058027,-0.05628001,-0.002369625,1.48159,-0.02634024,-0.0575543,0,-0.05425942,-0.05741088,-0.02491316,0.8077824,0.0576494,-0.00600055,-0.004526395,0.5263387,1.275937,1.42589,0.0005320715,2.5e-06,23.70865,0.0005898094,2.976099e-06,2.799934e-06,5.19618e-05,0.01422325,0.25,0.15,1e-05,-0.005545986,0.0952703,2.741252,0.4535899,7692,0.9049987,999,113.131
474,1789946061.970,-0.4042611,-0.3739055,1.498514,-0.06474084,-0.003539903,-0.05750002,-0.1470207,-0.0141447,-0.003014405,-0.09495094,-0.002053163,-0.04378998,-0.001868572,1.449088,-0.02726192,-0.04449088,-0.003046615,-0.05375557,-0.05790697,-0.02673787,0.8043185,0.1152538,-0.005987704,-0.004433815,0.5575504,1.15199,1.434278,0.0005157629,2.5e-06,23.70807,0.0005759835,2.898087e-06,2.750274e-06,5.457224e-05,0.01246466,0.25,0,1e-05,-0.001776557,0.08094393,2.004514,1.18367,7708,0.9049786,988.67,112.1903
475,1789946063.956,-0.4175,-0.3484799,1.498514,-0.05424571,-0.003547635,-0.005,-0.1379574,-0.01447966,-0.0135118,-0.08965187,-0.002066098,-0.03616,-0.002082814,1.443563,-0.02770615,-0.03263643,0,-0.04862084,-0.04721596,-0.02611838,0.8240835,0.2309004,-0.006198202,-0.004397422,0.5059341,1.214397,1.537198,0.0005603516,2.5e-06,23.70761,0.0006185031,2.966848e-06,2.856313e-06,5.232827e-05,0.01180017,0,0,1e-05,-0.001668629,0.06317975,1.440804,0.5240023,12508,0.9049543,988.67,112.3327
476,1789946067.228,-0.4086071,-0.378916,1.498514,-0.06672575,-0.003896594,0,-0.1669217,-0.01444646,-0.0002399898,-0.1073585,-0.002047673,-0.06269999,-0.002514989,1.492315,-0.02554193,-0.06468006,0,-0.05264281,-0.05657877,-0.0268844,0.8075611,0,-0.00601538,-0.00476844,0.5442185,1.227047,1.591595,0.0005365637,2.5e-06,23.70709,0.0005954329,2.890739e-06,2.740891e-06,5.323764e-05,0.01458626,0.25,0,1e-05,-0.00168321,0.07011222,2.792404,0.4681482,7537,0.904927,988.67,112.7464
477,1789946069.849,-0.407261,-0.3748218,1.498514,-0.05061873,-0.004377223,0,-0.1700232,-0.01505773,-0.008082243,-0.1090397,-0.002081223,-0.06533998,-0.00278773,1.472165,-0.02676808,-0.06465095,-0.0005915434,-0.05579657,-0.05961164,-0.02794865,0.807806,0,-0.005925228,-0.004992533,0.5195445,1.161852,1.258334,0.0005215594,2.5e-06,23.70657,0.0005788466,2.821579e-06,2.669998e-06,5.179561e-05,0.01487631,0.25,0,1e-05,-0.002098276,0.05834302,1.433378,1.135713,9566,0.9049054,999,113.8578
478,1789946072.713,-0.4055801,-0.3800497,1.498514,-0.05367057,-0.003051935,0,-0.1390153,-0.01415808,-0.000139736,-0.08914929,-0.002055415,-0.03232,-0.001965454,1.462414,-0.02677402,-0.0316014,0,-0.04661069,-0.043716,-0.02282021,0.8229999,0.2302608,-0.005843725,-0.00412006,0.5382852,1.24767,1.606325,0.0005332242,2.5e-06,23.7062,0.0005878166,2.861597e-06,2.670403e-06,4.906041e-05,0.01129515,0.05,0,1e-05,-0.002031499,0.06894258,2.311151,0.5248146,8665,0.9048892,999,113.761
479,1789946075.888,-0.3999014,-0.3616973,1.498514,-0.06231559,-0.004782252,-0.025,-0.1468573,-0.01463032,-0.03846177,-0.0932782,-0.002062522,-0.05096001,-0.00194548,1.485489,-0.02767168,-0.04910184,-8.757882e-05,-0.05339622,-0.05026594,-0.02610505,0.802395,0.1147909,-0.006161655,-0.004354636,0.5307475,1.136351,1.439316,0.0005167823,5.625e-06,23.7054,0.0005742583,2.858273e-06,2.607514e-06,5.201021e-05,0.01093828,0.1,0.2,2.25e-05,-0.005749501,0.06066814,2.69303,0.4717977,7765,0.9048184,999,114.2639
480,1789946077.801,-0.3962302,-0.3642462,1.498514,-0.06029364,-0.005782804,-0.01,-0.1629951,-0.01360871,-0.007142299,-0.1071199,-0.002056238,-0.06534,-0.0025948,1.466964,-0.02888428,-0.06377204,-0.000645061,-0.05697414,-0.06907602,-0.03133561,0.7870645,0,-0.006119921,-0.004588918,0.4987638,1.028982,1.012235,0.000519265,5.625e-06,23.70409,0.0005779105,2.771138e-06,2.587823e-06,5.328647e-05,0.01479297,0,0,2.25e-05,-0.003427744,0.06802631,1.370541,0.5243368,12969,0.9047642,999,114.3415
481,1789946081.071,-0.3994676,-0.3403471,1.498514,-0.0586756,-0.003074572,-0.005,-0.1251582,-0.01349002,0,-0.08161391,-0.002034212,-0.03012,-0.001804847,1.465663,-0.02714091,-0.0330161,0,-0.04606294,-0.04497267,-0.02550366,0.8188991,0.2289876,-0.006149761,-0.004128826,0.5401829,1.177621,1.623452,0.0005221328,2.5e-06,23.70326,0.0005796005,2.691968e-06,2.550837e-06,5.222485e-05,0.01504485,0.25,0,1e-05,-0.002659195,0.0872387,2.738734,0.5131829,7557,0.9047439,999,114.3546
482,1789946084.417,-0.311222,-0.3070971,1.219507,-0.04358439,-0.003696945,-0.015,-0.1141727,-0.01198072,-0.0733394,-0.07477394,-0.001658443,-0.04158,-0.002228054,1.150208,-0.02244589,-0.03715792,-0.0003503973,-0.04322423,-0.04299095,-0.02193072,0.6552104,0.1124332,-0.00514291,-0.003540305,0.4227233,0.8633029,1.16769,0.0005276835,5.625e-06,23.7029,0.0005870257,2.724155e-06,2.617651e-06,5.400035e-05,0.01260818,0.05,0.15,2.25e-05,-0.003350921,0.09669732,2.383478,0.9470074,7379,0.9047229,997.14,113.7636
483,1789946086.295,-0.4045643,-0.3635144,1.498514,-0.07238393,-0.004502376,-0.015,-0.1429897,-0.01389384,-0.07351744,-0.0915307,-0.002028178,-0.05117999,-0.001934344,1.447464,-0.02813873,-0.04885326,0,-0.05615669,-0.06225042,-0.0248371,0.7964392,0.1119556,-0.006302353,-0.004475941,0.54462,1.089747,1.545071,0.0005468279,8.4375e-06,23.70236,0.0006013555,2.776222e-06,2.61248e-06,4.913886e-05,0.01133499,0,0.05,3.375e-05,-0.005719829,0.07773036,1.351283,0.5088387,13212,0.9046929,997.14,112.9979
484,1789946089.525,-0.4065804,-0.3626374,1.498514,-0.05074979,-0.004700006,-0.01,-0.1337903,-0.01422094,-0.01885047,-0.08871268,-0.00204957,-0.03658,-0.002573705,1.425363,-0.02896738,-0.03225084,0,-0.0491351,-0.04761621,-0.02373224,0.8145582,0.2296457,-0.006252649,-0.004334363,0.53496,1.201729,1.520761,0.0005186799,3.75e-06,23.70165,0.0005744627,2.732673e-06,2.615174e-06,5.043497e-05,0.01557417,0.1,0,1.5e-05,-0.004621086,0.06961323,2.752398,0.4593875,7651,0.9046561,997.14,113.2371
485,1789946092.304,-0.4081821,-0.3589936,1.498514,-0.06220191,-0.00298607,-0.04,-0.163821,-0.01424072,0,-0.1035105,-0.002061783,-0.06015998,-0.002385312,1.467614,-0.02752445,-0.06364357,-0.00269689,-0.05832067,-0.06520181,-0.02485854,0.8024044,0,-0.006016425,-0.004508088,0.4868827,1.075301,1.442736,0.0005470128,3.75e-06,23.70109,0.0006005009,2.694779e-06,2.652652e-06,4.814068e-05,0.009362762,0,0,1.5e-05,-0.002618188,0.09185743,1.440771,1.290537,8997,0.9046353,997.14,114.2988
486,1789946094.796,-0.4062804,-0.361871,1.498514,-0.06562226,-0.005978919,-0.01,-0.1499715,-0.01311572,-0.007139846,-0.09645953,-0.001993149,-0.05076,-0.002254442,1.450713,-0.02939086,-0.04946061,0,-0.05194461,-0.05658327,-0.02584777,0.7961594,0.1158073,-0.006572022,-0.004514288,0.5178384,0.9747505,1.430898,0.000571173,3.75e-06,23.70066,0.0006296184,2.743117e-06,2.645519e-06,5.305665e-05,0.0116302,0,0,1.5e-05,-0.002584639,0.1131801,1.939813,0.5238051,9975,0.9046157,984.57,112.5618
487,1789946098.078,-0.4006273,-0.3618463,1.498514,-0.0553866,-0.001131463,0,-0.1209401,-0.01381117,0,-0.07755285,-0.002072061,-0.01386,-0.001850636,1.464364,-0.02643608,-0.01599986,0,-0.04091872,-0.02907782,-0.02345655,0.8472444,0.3469557,-0.005734838,-0.003581988,0.5679964,1.384796,1.680807,0.0005452474,8.4375e-06,23.70024,0.0005983334,2.673579e-06,2.60598e-06,4.780641e-05,0.01003524,0,0.1,3.375e-05,-0.004436409,0.09127695,2.794312,0.4724545,7523,0.9045907,985.78,112.4587
488,1789946099.804,-0.3952146,-0.363031,1.498514,-0.05604092,-0.00193536,-0.07000002,-0.1294987,-0.01399228,0,-0.08501498,-0.002074764,-0.02612,-0.001407386,1.445514,-0.02713682,-0.02751074,0,-0.04822838,-0.04233458,-0.02116159,0.8221134,0.2304686,-0.005890994,-0.004027457,0.5409638,1.282985,1.465774,0.000554958,4.271484e-05,23.69853,0.0006089917,2.794453e-06,2.634577e-06,4.860462e-05,0.009240434,0,0.2,0.0001708594,-0.0123204,0.08464369,1.246969,0.4650478,14354,0.9044102,985.78,112.7602
489,1789946102.998,-0.4049821,-0.3726638,1.498514,-0.0648555,-0.00390604,-0.015,-0.1540701,-0.01486924,-0.0003410614,-0.09960385,-0.002032927,-0.06165999,-0.002377968,1.461439,-0.02808594,-0.06412678,-0.003230188,-0.05865853,-0.05806981,-0.02838048,0.7901806,0,-0.006054485,-0.004760247,0.5194577,1.200864,1.301902,0.0005855432,8.4375e-06,23.69474,0.0006500246,2.865405e-06,2.706088e-06,5.890989e-05,0.0170943,0.2,0,3.375e-05,-0.01184217,0.07463525,2.706028,0.4664991,7746,0.904283,985.78,112.336
490,1789946105.691,-0.4045138,-0.3631868,1.498514,-0.06512063,-0.002411195,0,-0.135443,-0.01479521,-6.71351e-05,-0.08737638,-0.002036193,-0.03512,-0.001867625,1.463063,-0.02826643,-0.03201235,-3.492147e-05,-0.05081364,-0.04482674,-0.0256809,0.8167822,0.2285788,-0.005902085,-0.003966173,0.5377211,1.093655,1.757774,0.0005797576,8.4375e-06,23.69302,0.0006470545,3.041581e-06,2.796204e-06,6.145914e-05,0.01388568,0.05,0.05,3.375e-05,-0.006575097,0.1159199,1.359749,1.283741,9296,0.904218,975.65,111.0602
491,1789946108.141,-0.3963889,-0.3604115,1.498514,-0.05403137,-0.003128562,-0.0175,-0.1389828,-0.01425173,-0.003691769,-0.09039237,-0.00207263,-0.03965,-0.002219963,1.47509,-0.02735242,-0.03918204,-1.226552e-05,-0.05000769,-0.04788318,-0.02564826,0.8186481,0.1737747,-0.005985997,-0.004225658,0.5536898,1.223602,1.45321,0.000570138,8.4375e-06,23.69207,0.000644808,2.962364e-06,2.883461e-06,6.882412e-05,0.01258954,0,0,3.375e-05,-0.004979624,0.1332797,1.925011,0.492692,10165,0.9041876,964.44,110.0615
492,1789946111.427,-0.4066604,-0.3687055,1.498514,-0.07118298,-0.004653241,-0.035,-0.1610936,-0.01438702,-0.001432508,-0.101935,-0.002015133,-0.06747998,-0.002402709,1.456564,-0.02753288,-0.06497695,0,-0.05906511,-0.05454224,-0.02345061,0.7865417,0,-0.006165827,-0.004708174,0.5112468,1.246153,1.246344,0.0005616556,2.5e-06,23.69136,0.0006326556,2.898762e-06,2.707281e-06,6.539401e-05,0.01375714,0.25,0.1,1e-05,-0.004358968,0.06236722,2.803371,0.4588916,7533,0.9041454,967.95,109.6775
493,1789946113.313,-0.3906737,-0.3597692,1.498514,-0.05173413,-0.003930481,-0.01,-0.1337172,-0.01401034,-0.006528653,-0.08780887,-0.002073352,-0.03506,-0.001950171,1.436414,-0.02707085,-0.03413471,-0.001906557,-0.05043164,-0.04947349,-0.02089772,0.8188316,0.2299273,-0.00611185,-0.004120754,0.5561654,1.121624,1.536644,0.0005545283,2.5e-06,23.69068,0.0006158945,2.762859e-06,2.619376e-06,5.598395e-05,0.01134617,0,0,1e-05,-0.001725684,0.05803366,1.349854,0.5208771,13137,0.9041205,967.95,110.097
494,1789946116.650,-0.4008712,-0.3612363,1.498514,-0.06459926,-0.002777948,-0.04500001,-0.1362157,-0.01439276,-0.03828299,-0.08756891,-0.002055699,-0.04818,-0.001923403,1.441613,-0.02712315,-0.0469656,-0.001913894,-0.05269248,-0.04975189,-0.02122073,0.8136603,0.1155612,-0.006169933,-0.004068151,0.5531713,1.111835,1.656573,0.0005419504,2.5e-06,23.69023,0.0006014641,2.641767e-06,2.558206e-06,5.431367e-05,0.0161289,0.3,0,1e-05,-0.001826531,0.07620006,2.799446,0.5235763,7395,0.9041028,981.73,111.4763
495,1789946119.961,-0.3992558,-0.3688497,1.498514,-0.05713124,-0.00499183,-0.02,-0.1481673,-0.01410522,-0.005454776,-0.09631081,-0.002049717,-0.05531,-0.002179307,1.472164,-0.02727624,-0.05531012,0,-0.05624899,-0.07149051,-0.02632217,0.7955946,0.05782003,-0.006277545,-0.004712516,0.5134851,1.178676,1.348255,0.0005322641,2.5e-06,23.68988,0.0005890303,2.622916e-06,2.610813e-06,5.153249e-05,0.008696871,0,0,1e-05,-0.001557467,0.05933376,2.711229,0.5825768,7461,0.904085,993.56,113.7121
496,1789946121.773,-0.3951358,-0.3659629,1.498514,-0.0613092,-0.003602912,-0.0075,-0.1407834,-0.014629,-0.004310923,-0.09321225,-0.002050854,-0.04769999,-0.002049601,1.458514,-0.02790631,-0.0496672,0,-0.05315841,-0.05220075,-0.02339005,0.8062271,0.1157192,-0.00603556,-0.004352213,0.5147544,1.158286,1.433981,0.0005503613,5.625e-06,23.68928,0.0006057871,2.816375e-06,2.703565e-06,4.990587e-05,0.009592148,0,0.1,2.25e-05,-0.003665074,0.07266364,1.263513,0.5241442,13747,0.9040388,994.95,114.1343
497,1789946125.016,-0.3953992,-0.3566362,1.498514,-0.05409412,-0.001500775,0,-0.116127,-0.01439071,0,-0.07726937,-0.002092473,-0.01738,-0.001666142,1.440313,-0.02633502,-0.01482841,-9.206057e-05,-0.04152814,-0.03724933,-0.0259628,0.8430526,0.3467636,-0.005852401,-0.003479728,0.577459,1.10138,1.773527,0.0005488289,2.5e-06,23.68847,0.0006095141,3.050088e-06,2.643251e-06,5.499183e-05,0.01398795,0.2,0,1e-05,-0.00322384,0.08496303,2.747315,0.4805346,7613,0.9040188,993.81,114.3897
498,1789946127.401,-0.3943588,-0.3558629,1.498514,-0.04976199,-0.002869521,-0.05000001,-0.1278704,-0.01457385,-0.004171873,-0.08522938,-0.002078384,-0.03286001,-0.002103618,1.481914,-0.02733647,-0.02982743,-0.003243859,-0.04779462,-0.05604476,-0.02822574,0.8253026,0.2308146,-0.005933464,-0.004160391,0.5378613,1.34058,1.578121,0.000547906,2.5e-06,23.68818,0.0006052036,2.707825e-06,2.525894e-06,5.206386e-05,0.0137967,0,0,1e-05,-0.001728209,0.07010321,1.350981,0.985198,10519,0.9039996,993.81,114.0326
499,1789946130.353,-0.3966796,-0.3472456,1.498514,-0.0483067,-0.005252666,0,-0.1602595,-0.01423826,-0.000742668,-0.1067542,-0.002080723,-0.06872001,-0.003005283,1.528065,-0.02745226,-0.06149864,0,-0.05619445,-0.06416832,-0.02367627,0.7907,0,-0.006085954,-0.005037305,0.5148565,1.314523,1.167599,0.0005373002,2.5e-06,23.68773,0.0005931653,2.656213e-06,2.558085e-06,5.065072e-05,0.01471171,0,0,1e-05,-0.001903828,0.07030723,2.414572,0.501195,8428,0.9039773,997.86,114.3023
