t,state,q_cmd_0,q_cmd_1,q_cmd_2,q_cmd_3,q_cmd_4,q_cmd_5,q_fb_0,q_fb_1,q_fb_2,q_fb_3,q_fb_4,q_fb_5,q_true_0,q_true_1,q_true_2,q_true_3,q_true_4,q_true_5,gripper_cmd_m,finger_1_m,finger_2_m,finger_1_target_m,finger_2_target_m,cup_x_b,cup_y_b,cup_top_z_b,cup_tilt_deg,jaw_x_b,jaw_y_b,jaw_z_b,base_height_m
0.020,settle,nan,nan,nan,nan,nan,nan,0.00000,0.00507,0.00369,-0.00035,0.00035,-0.00000,0.00000,0.00507,0.00369,-0.00035,0.00035,-0.00000,0.0000,0.0000,0.0000,0.0000,-0.0000,0.3533,0.2830,-0.0301,0.00,0.3872,-0.0013,0.4965,0.0851
0.040,settle,nan,nan,nan,nan,nan,nan,0.00000,0.00507,0.00369,-0.00035,0.00035,-0.00000,0.00000,0.00507,0.00369,-0.00035,0.00035,-0.00000,0.0000,0.0000,0.0000,0.0000,-0.0000,0.3533,0.2830,-0.0301,0.00,0.3872,-0.0013,0.4965,0.0851
0.060,settle,nan,nan,nan,nan,nan,nan,0.00000,0.00507,0.00369,-0.00035,0.00035,-0.00000,0.00000,0.00507,0.00369,-0.00035,0.00035,-0.00000,0.0000,0.0000,0.0000,0.0000,-0.0000,0.3533,0.2830,-0.0301,0.00,0.3872,-0.0013,0.4965,0.0851
0.080,settle,nan,nan,nan,nan,nan,nan,0.00000,0.00507,0.00369,-0.00035,0.00035,-0.00000,0.00000,0.00507,0.00369,-0.00035,0.00035,-0.00000,0.0000,0.0000,0.0000,0.0000,-0.0000,0.3533,0.2830,-0.0301,0.00,0.3872,-0.0013,0.4965,0.0851
0.100,settle,nan,nan,nan,nan,nan,nan,0.00000,0.00507,0.00369,-0.00035,0.00035,-0.00000,0.00000,0.00507,0.00369,-0.00035,0.00035,-0.00000,0.0000,0.0000,0.0000,0.0000,-0.0000,0.3533,0.2830,-0.0301,0.00,0.3872,-0.0013,0.4965,0.0851
0.120,settle,nan,nan,nan,nan,nan,nan,0.00000,0.00507,0.00369,-0.00035,0.00035,-0.00000,0.00000,0.00507,0.00369,-0.00035,0.00035,-0.00000,0.0000,0.0000,0.0000,0.0000,-0.0000,0.3533,0.2830,-0.0301,0.00,0.3872,-0.0013,0.4965,0.0851
0.140,settle,nan,nan,nan,nan,nan,nan,0.00000,0.00507,0.00369,-0.00035,0.00035,-0.00000,0.00000,0.00507,0.00369,-0.00035,0.00035,-0.00000,0.0000,0.0000,0.0000,0.0000,-0.0000,0.3533,0.2830,-0.0301,0.00,0.3872,-0.0013,0.4965,0.0851
0.160,settle,nan,nan,nan,nan,nan,nan,0.00000,0.00507,0.00369,-0.00035,0.00035,-0.00000,0.00000,0.00507,0.00369,-0.00035,0.00035,-0.00000,0.0000,0.0000,0.0000,0.0000,-0.0000,0.3533,0.2830,-0.0301,0.00,0.3872,-0.0013,0.4965,0.0851
0.180,settle,nan,nan,nan,nan,nan,nan,0.00000,0.00507,0.00369,-0.00035,0.00035,-0.00000,0.00000,0.00507,0.00369,-0.00035,0.00035,-0.00000,0.0000,0.0000,0.0000,0.0000,-0.0000,0.3533,0.2830,-0.0301,0.00,0.3872,-0.0013,0.4965,0.0851
0.200,settle,nan,nan,nan,nan,nan,nan,0.00000,0.00507,0.00369,-0.00035,0.00035,-0.00000,0.00000,0.00507,0.00369,-0.00035,0.00035,-0.00000,0.0000,0.0000,0.0000,0.0000,-0.0000,0.3533,0.2830,-0.0301,0.00,0.3872,-0.0013,0.4965,0.0851
0.220,settle,nan,nan,nan,nan,nan,nan,0.00000,0.00507,0.00369,-0.00035,0.00035,-0.00000,0.00000,0.00507,0.00369,-0.00035,0.00035,-0.00000,0.0000,0.0000,0.0000,0.0000,-0.0000,0.3533,0.2830,-0.0301,0.00,0.3872,-0.0013,0.4965,0.0851
0.240,settle,nan,nan,nan,nan,nan,nan,0.00000,0.00507,0.00369,-0.00035,0.00035,-0.00000,0.00000,0.00507,0.00369,-0.00035,0.00035,-0.00000,0.0000,0.0000,0.0000,0.0000,-0.0000,0.3533,0.2830,-0.0301,0.00,0.3872,-0.0013,0.4965,0.0851
0.260,settle,nan,nan,nan,nan,nan,nan,0.00000,0.00507,0.00369,-0.00035,0.00035,-0.00000,0.00000,0.00507,0.00369,-0.00035,0.00035,-0.00000,0.0000,0.0000,0.0000,0.0000,-0.0000,0.3533,0.2830,-0.0301,0.00,0.3872,-0.0013,0.4965,0.0851
0.280,settle,nan,nan,nan,nan,nan,nan,0.00000,0.00507,0.00369,-0.00035,0.00035,-0.00000,0.00000,0.00507,0.00369,-0.00035,0.00035,-0.00000,0.0000,0.0000,0.0000,0.0000,-0.0000,0.3533,0.2830,-0.0301,0.00,0.3872,-0.0013,0.4965,0.0851
0.300,settle,nan,nan,nan,nan,nan,nan,0.00000,0.00507,0.00369,-0.00035,0.00035,-0.00000,0.00000,0.00507,0.00369,-0.00035,0.00035,-0.00000,0.0000,0.0000,0.0000,0.0000,-0.0000,0.3533,0.2830,-0.0301,0.00,0.3872,-0.0013,0.4965,0.0851
0.320,settle,nan,nan,nan,nan,nan,nan,0.00000,0.00507,0.00369,-0.00035,0.00035,-0.00000,0.00000,0.00507,0.00369,-0.00035,0.00035,-0.00000,0.0000,0.0000,0.0000,0.0000,-0.0000,0.3533,0.2830,-0.0301,0.00,0.3872,-0.0013,0.4965,0.0851
0.340,settle,nan,nan,nan,nan,nan,nan,0.00000,0.00507,0.00369,-0.00035,0.00035,-0.00000,0.00000,0.00507,0.00369,-0.00035,0.00035,-0.00000,0.0000,0.0000,0.0000,0.0000,-0.0000,0.3533,0.2830,-0.0301,0.00,0.3872,-0.0013,0.4965,0.0851
0.360,settle,nan,nan,nan,nan,nan,nan,0.00000,0.00507,0.00369,-0.00035,0.00035,-0.00000,0.00000,0.00507,0.00369,-0.00035,0.00035,-0.00000,0.0000,0.0000,0.0000,0.0000,-0.0000,0.3533,0.2830,-0.0301,0.00,0.3872,-0.0013,0.4965,0.0851
0.380,settle,nan,nan,nan,nan,nan,nan,0.00000,0.00507,0.00369,-0.00035,0.00035,-0.00000,0.00000,0.00507,0.00369,-0.00035,0.00035,-0.00000,0.0000,0.0000,0.0000,0.0000,-0.0000,0.3533,0.2830,-0.0301,0.00,0.3872,-0.0013,0.4965,0.0851
0.400,settle,nan,nan,nan,nan,nan,nan,0.00000,0.00507,0.00369,-0.00035,0.00035,-0.00000,0.00000,0.00507,0.00369,-0.00035,0.00035,-0.00000,0.0000,0.0000,0.0000,0.0000,-0.0000,0.3533,0.2830,-0.0301,0.00,0.3872,-0.0013,0.4965,0.0851
0.420,settle,nan,nan,nan,nan,nan,nan,0.00000,0.00507,0.00369,-0.00035,0.00035,-0.00000,0.00000,0.00507,0.00369,-0.00035,0.00035,-0.00000,0.0000,0.0000,0.0000,0.0000,-0.0000,0.3533,0.2830,-0.0301,0.00,0.3872,-0.0013,0.4965,0.0851
0.440,settle,nan,nan,nan,nan,nan,nan,0.00000,0.00507,0.00369,-0.00035,0.00035,-0.00000,0.00000,0.00507,0.00369,-0.00035,0.00035,-0.00000,0.0000,0.0000,0.0000,0.0000,-0.0000,0.3533,0.2830,-0.0301,0.00,0.3872,-0.0013,0.4965,0.0851
0.460,settle,nan,nan,nan,nan,nan,nan,0.00000,0.00507,0.00369,-0.00035,0.00035,-0.00000,0.00000,0.00507,0.00369,-0.00035,0.00035,-0.00000,0.0000,0.0000,0.0000,0.0000,-0.0000,0.3533,0.2830,-0.0301,0.00,0.3872,-0.0013,0.4965,0.0851
0.480,settle,nan,nan,nan,nan,nan,nan,0.00000,0.00507,0.00369,-0.00035,0.00035,-0.00000,0.00000,0.00507,0.00369,-0.00035,0.00035,-0.00000,0.0000,0.0000,0.0000,0.0000,-0.0000,0.3533,0.2830,-0.0301,0.00,0.3872,-0.0013,0.4965,0.0851
0.500,settle,nan,nan,nan,nan,nan,nan,0.00000,0.00507,0.00369,-0.00035,0.00035,-0.00000,0.00000,0.00507,0.00369,-0.00035,0.00035,-0.00000,0.0000,0.0000,0.0000,0.0000,-0.0000,0.3533,0.2830,-0.0301,0.00,0.3872,-0.0013,0.4965,0.0851
0.520,moving,nan,nan,nan,nan,nan,nan,0.00000,0.00507,0.00369,-0.00035,0.00035,-0.00000,0.00000,0.00507,0.00369,-0.00035,0.00035,-0.00000,0.0000,0.0000,0.0000,0.0000,-0.0000,0.3533,0.2830,-0.0301,0.00,0.3872,-0.0013,0.4965,0.0851
0.540,moving,-0.25166,-0.23793,0.19325,0.10215,1.23177,0.26695,0.00000,0.00507,0.00369,-0.00035,0.00035,-0.00000,0.00000,0.00507,0.00369,-0.00035,0.00035,-0.00000,0.0000,0.0000,0.0000,0.0000,-0.0000,0.3533,0.2830,-0.0301,0.00,0.3872,-0.0013,0.4965,0.0851
0.560,moving,-0.25166,-0.23793,0.19325,0.10215,1.23177,0.26695,0.00000,0.00507,0.00369,-0.00035,0.00035,-0.00000,0.00000,0.00507,0.00369,-0.00035,0.00035,-0.00000,0.0000,0.0000,0.0000,0.0000,-0.0000,0.3533,0.2830,-0.0301,0.00,0.3872,-0.0013,0.4965,0.0851
0.580,moving,-0.25166,-0.23793,0.19325,0.10215,1.23177,0.26695,0.00000,0.00507,0.00369,-0.00035,0.00035,-0.00000,0.00000,0.00507,0.00369,-0.00035,0.00035,-0.00000,0.0000,0.0000,0.0000,0.0000,-0.0000,0.3533,0.2830,-0.0301,0.00,0.3872,-0.0013,0.4965,0.0851
0.600,moving,-0.25166,-0.23793,0.19325,0.10215,1.23177,0.26695,0.00000,0.00507,0.00369,-0.00035,0.00035,-0.00000,-0.00229,0.00280,0.00588,0.00165,0.00267,0.00232,0.0000,-0.0000,0.0000,0.0000,-0.0000,0.3533,0.2830,-0.0300,0.00,0.3866,-0.0022,0.4961,0.0851
0.620,moving,-0.25166,-0.23793,0.19325,0.10215,1.23177,0.26695,0.00000,0.00507,0.00369,-0.00035,0.00035,-0.00000,-0.01077,-0.00566,0.01425,0.00972,0.01120,0.01085,0.0000,-0.0000,0.0000,0.0000,-0.0000,0.3532,0.2831,-0.0296,0.00,0.3842,-0.0054,0.4945,0.0851
0.640,moving,-0.25166,-0.23793,0.19325,0.10215,1.23177,0.26695,-0.01077,-0.00566,0.01425,0.00972,0.01120,0.01085,-0.02545,-0.02034,0.02883,0.02398,0.02592,0.02558,0.0000,-0.0000,0.0000,0.0000,-0.0000,0.3531,0.2833,-0.0292,0.00,0.3801,-0.0108,0.4917,0.0852
0.660,moving,-0.25166,-0.23793,0.19325,0.10215,1.23177,0.26695,-0.01077,-0.00566,0.01425,0.00972,0.01120,0.01085,-0.04634,-0.04122,0.04962,0.04453,0.04684,0.04652,0.0000,-0.0000,-0.0000,0.0000,-0.0000,0.3529,0.2833,-0.0290,0.00,0.3739,-0.0182,0.4877,0.0852
0.680,moving,-0.25166,-0.23793,0.19325,0.10215,1.23177,0.26695,-0.01077,-0.00566,0.01425,0.00972,0.01120,0.01085,-0.07126,-0.06584,0.07422,0.06759,0.07177,0.07145,0.0000,-0.0000,0.0000,0.0000,-0.0000,0.3528,0.2833,-0.0291,0.00,0.3665,-0.0265,0.4827,0.0852
0.700,moving,-0.25166,-0.23793,0.19325,0.10215,1.23177,0.26695,-0.01077,-0.00566,0.01425,0.00972,0.01120,0.01085,-0.08072,-0.07794,0.08687,0.07592,0.08027,0.07985,0.0000,0.0000,-0.0000,0.0000,-0.0000,0.3530,0.2829,-0.0303,0.00,0.3628,-0.0294,0.4807,0.0851
0.720,moving,-0.25166,-0.23793,0.19325,0.10215,1.23177,0.26695,-0.01077,-0.00566,0.01425,0.00972,0.01120,0.01085,-0.08906,-0.08601,0.09455,0.08439,0.08878,0.08836,0.0000,0.0000,0.0000,0.0000,-0.0000,0.3533,0.2827,-0.0309,0.00,0.3603,-0.0320,0.4791,0.0853
0.740,moving,-0.25166,-0.23793,0.19325,0.10215,1.23177,0.26695,-0.01077,-0.00566,0.01425,0.00972,0.01120,0.01085,-0.10362,-0.10034,0.10858,0.09552,0.10351,0.10307,0.0000,0.0000,0.0000,0.0000,-0.0000,0.3533,0.2826,-0.0310,0.00,0.3557,-0.0363,0.4761,0.0853
0.760,moving,-0.25166,-0.23793,0.19325,0.10215,1.23177,0.26695,-0.10362,-0.10034,0.10858,0.09552,0.10351,0.10307,-0.12439,-0.12102,0.12891,0.10076,0.12440,0.12402,0.0000,0.0000,0.0000,0.0000,-0.0000,0.3533,0.2827,-0.0306,0.00,0.3489,-0.0425,0.4718,0.0852
0.780,moving,-0.25166,-0.23793,0.19325,0.10215,1.23177,0.26695,-0.10362,-0.10034,0.10858,0.09552,0.10351,0.10307,-0.14926,-0.14574,0.15318,0.10131,0.14932,0.14895,0.0000,0.0000,-0.0000,0.0000,-0.0000,0.3532,0.2829,-0.0302,0.00,0.3406,-0.0496,0.4665,0.0852
0.800,moving,-0.25166,-0.23793,0.19325,0.10215,1.23177,0.26695,-0.10362,-0.10034,0.10858,0.09552,0.10351,0.10307,-0.15863,-0.15848,0.16575,0.10124,0.15780,0.15728,0.0000,0.0000,-0.0000,0.0000,-0.0000,0.3533,0.2828,-0.0305,0.00,0.3366,-0.0520,0.4645,0.0852
0.820,moving,-0.25166,-0.23793,0.19325,0.10215,1.23177,0.26695,-0.10362,-0.10034,0.10858,0.09552,0.10351,0.10307,-0.16685,-0.16621,0.17303,0.10116,0.16632,0.16592,0.0000,0.0000,-0.0000,0.0000,-0.0000,0.3535,0.2828,-0.0304,0.00,0.3338,-0.0542,0.4627,0.0853
0.840,moving,-0.25166,-0.23793,0.19325,0.10215,1.23177,0.26695,-0.10362,-0.10034,0.10858,0.09552,0.10351,0.10307,-0.18130,-0.18023,0.18618,0.10100,0.18104,0.18077,0.0000,0.0000,-0.0000,0.0000,-0.0000,0.3534,0.2829,-0.0303,0.00,0.3289,-0.0580,0.4597,0.0853
0.860,moving,-0.25166,-0.23793,0.19325,0.10215,1.23177,0.26695,-0.10362,-0.10034,0.10858,0.09552,0.10351,0.10307,-0.20200,-0.20024,0.19651,0.10070,0.20193,0.20185,0.0000,0.0000,-0.0000,0.0000,-0.0000,0.3533,0.2829,-0.0301,0.00,0.3217,-0.0632,0.4586,0.0853
0.880,moving,-0.25166,-0.23793,0.19325,0.10215,1.23177,0.26695,-0.20200,-0.20024,0.19651,0.10070,0.20193,0.20185,-0.22419,-0.21791,0.19983,0.10078,0.22683,0.22647,0.0000,0.0000,-0.0000,0.0000,-0.0000,0.3532,0.2830,-0.0301,0.00,0.3148,-0.0686,0.4585,0.0853
0.900,moving,-0.25166,-0.23793,0.19325,0.10215,1.23177,0.26695,-0.20200,-0.20024,0.19651,0.10070,0.20193,0.20185,-0.23134,-0.22503,0.19961,0.10071,0.23533,0.23419,0.0000,0.0000,-0.0000,0.0000,-0.0000,0.3533,0.2829,-0.0303,0.00,0.3121,-0.0702,0.4593,0.0853
0.920,moving,-0.25166,-0.23793,0.19325,0.10215,1.23177,0.26695,-0.20200,-0.20024,0.19651,0.10070,0.20193,0.20185,-0.23959,-0.23187,0.19912,0.10075,0.24388,0.24295,0.0000,0.0000,-0.0000,0.0000,-0.0000,0.3534,0.2828,-0.0304,0.00,0.3094,-0.0721,0.4601,0.0853
0.940,moving,-0.25166,-0.23793,0.19325,0.10215,1.23177,0.26695,-0.20200,-0.20024,0.19651,0.10070,0.20193,0.20185,-0.24878,-0.23530,0.19835,0.10105,0.25854,0.25612,0.0000,0.0000,-0.0000,0.0000,-0.0000,0.3534,0.2829,-0.0303,0.00,0.3073,-0.0743,0.4588,0.0852
0.960,moving,-0.25166,-0.23793,0.19325,0.10215,1.23177,0.26695,-0.20200,-0.20024,0.19651,0.10070,0.20193,0.20185,-0.25195,-0.23512,0.19783,0.10108,0.27946,0.26449,0.0000,0.0000,-0.0000,0.0000,-0.0000,0.3535,0.2829,-0.0302,0.00,0.3063,-0.0747,0.4552,0.0853
0.980,moving,-0.25166,-0.23793,0.19325,0.10215,1.23177,0.26695,-0.20200,-0.20024,0.19651,0.10070,0.20193,0.20185,-0.25201,-0.23485,0.19767,0.10101,0.30436,0.26713,0.0000,0.0000,0.0000,0.0000,-0.0000,0.3535,0.2829,-0.0303,0.00,0.3054,-0.0740,0.4507,0.0853
1.000,moving,-0.25166,-0.23793,0.19325,0.10215,1.23177,0.26695,-0.25201,-0.23485,0.19767,0.10101,0.30436,0.26713,-0.25187,-0.23447,0.19908,0.10082,0.31295,0.26733,0.0000,0.0000,0.0000,0.0000,-0.0000,0.3535,0.2829,-0.0303,0.00,0.3051,-0.0737,0.4485,0.0852
1.020,moving,-0.25166,-0.23793,0.19325,0.10215,1.23177,0.26695,-0.25201,-0.23485,0.19767,0.10101,0.30436,0.26713,-0.25183,-0.23430,0.19853,0.10092,0.32148,0.26739,0.0000,0.0000,0.0000,0.0000,-0.0000,0.3535,0.2829,-0.0302,0.00,0.3047,-0.0735,0.4471,0.0853
1.040,moving,-0.25166,-0.23793,0.19325,0.10215,1.23177,0.26695,-0.25201,-0.23485,0.19767,0.10101,0.30436,0.26713,-0.25179,-0.23415,0.19808,0.10101,0.33621,0.26745,0.0000,0.0000,0.0000,0.0000,-0.0000,0.3534,0.2829,-0.0302,0.00,0.3040,-0.0730,0.4446,0.0853
1.060,moving,-0.25166,-0.23793,0.19325,0.10215,1.23177,0.26695,-0.25201,-0.23485,0.19767,0.10101,0.30436,0.26713,-0.25175,-0.23403,0.19769,0.10108,0.35714,0.26749,0.0000,0.0000,0.0000,0.0000,-0.0000,0.3533,0.2829,-0.0302,0.00,0.3030,-0.0723,0.4410,0.0853
1.080,moving,-0.25166,-0.23793,0.19325,0.10215,1.23177,0.26695,-0.25201,-0.23485,0.19767,0.10101,0.30436,0.26713,-0.25172,-0.23390,0.19748,0.10112,0.38207,0.26754,0.0000,0.0000,0.0000,0.0000,-0.0000,0.3533,0.2829,-0.0302,0.00,0.3016,-0.0715,0.4366,0.0853
1.100,moving,-0.25166,-0.23793,0.19325,0.10215,1.23177,0.26695,-0.25201,-0.23485,0.19767,0.10101,0.30436,0.26713,-0.25163,-0.23373,0.19878,0.10100,0.39066,0.26763,0.0000,0.0000,0.0000,0.0000,-0.0000,0.3532,0.2829,-0.0301,0.00,0.3011,-0.0712,0.4346,0.0853
1.120,moving,-0.25166,-0.23793,0.19325,0.10215,1.23177,0.26695,-0.25163,-0.23373,0.19878,0.10100,0.39066,0.26763,-0.25162,-0.23366,0.19823,0.10110,0.39920,0.26764,0.0000,0.0000,0.0000,0.0000,-0.0000,0.3532,0.2829,-0.0301,0.00,0.3006,-0.0709,0.4333,0.0853
1.140,moving,-0.25166,-0.23793,0.19325,0.10215,1.23177,0.26695,-0.25163,-0.23373,0.19878,0.10100,0.39066,0.26763,-0.25163,-0.23362,0.19778,0.10119,0.41392,0.26764,0.0000,0.0000,0.0000,0.0000,-0.0000,0.3531,0.2829,-0.0301,0.00,0.2997,-0.0704,0.4309,0.0853
1.160,moving,-0.25166,-0.23793,0.19325,0.10215,1.23177,0.26695,-0.25163,-0.23373,0.19878,0.10100,0.39066,0.26763,-0.25163,-0.23356,0.19739,0.10127,0.43486,0.26765,0.0000,0.0000,0.0000,0.0000,-0.0000,0.3531,0.2829,-0.0302,0.00,0.2984,-0.0697,0.4274,0.0853
1.180,moving,-0.25166,-0.23793,0.19325,0.10215,1.23177,0.26695,-0.25163,-0.23373,0.19878,0.10100,0.39066,0.26763,-0.25162,-0.23352,0.19719,0.10132,0.45979,0.26765,0.0000,0.0000,0.0000,0.0000,-0.0000,0.3531,0.2829,-0.0302,0.00,0.2967,-0.0688,0.4232,0.0853
1.200,moving,-0.25166,-0.23793,0.19325,0.10215,1.23177,0.26695,-0.25163,-0.23373,0.19878,0.10100,0.39066,0.26763,-0.25156,-0.23341,0.19840,0.10123,0.46838,0.26770,0.0000,0.0000,0.0000,0.0000,-0.0000,0.3531,0.2829,-0.0302,0.00,0.2961,-0.0685,0.4213,0.0853
1.220,moving,-0.25166,-0.23793,0.19325,0.10215,1.23177,0.26695,-0.25163,-0.23373,0.19878,0.10100,0.39066,0.26763,-0.25158,-0.23340,0.19787,0.10132,0.47692,0.26769,0.0000,0.0000,0.0000,0.0000,-0.0000,0.3532,0.2829,-0.0302,0.00,0.2954,-0.0682,0.4200,0.0853
1.240,moving,-0.25166,-0.23793,0.19325,0.10215,1.23177,0.26695,-0.25158,-0.23340,0.19787,0.10132,0.47692,0.26769,-0.25159,-0.23341,0.19745,0.10140,0.49165,0.26767,0.0000,0.0000,0.0000,0.0000,-0.0000,0.3532,0.2829,-0.0302,0.00,0.2943,-0.0676,0.4177,0.0853
1.260,moving,-0.25166,-0.23793,0.19325,0.10215,1.23177,0.26695,-0.25158,-0.23340,0.19787,0.10132,0.47692,0.26769,-0.25161,-0.23339,0.19707,0.10147,0.51258,0.26766,0.0000,0.0000,0.0000,0.0000,-0.0000,0.3532,0.2829,-0.0302,0.00,0.2927,-0.0669,0.4144,0.0853
1.280,moving,-0.25166,-0.23793,0.19325,0.10215,1.23177,0.26695,-0.25158,-0.23340,0.19787,0.10132,0.47692,0.26769,-0.25161,-0.23338,0.19687,0.10150,0.53752,0.26765,0.0000,0.0000,0.0000,0.0000,-0.0000,0.3533,0.2829,-0.0302,0.00,0.2907,-0.0659,0.4104,0.0853
1.300,moving,-0.25166,-0.23793,0.19325,0.10215,1.23177,0.26695,-0.25158,-0.23340,0.19787,0.10132,0.47692,0.26769,-0.25155,-0.23331,0.19799,0.10143,0.54611,0.26767,0.0000,0.0000,0.0000,0.0000,-0.0000,0.3533,0.2829,-0.0301,0.00,0.2899,-0.0656,0.4085,0.0853
1.320,moving,-0.25166,-0.23793,0.19325,0.10215,1.23177,0.26695,-0.25158,-0.23340,0.19787,0.10132,0.47692,0.26769,-0.25157,-0.23332,0.19749,0.10151,0.55465,0.26765,0.0000,0.0000,0.0000,0.0000,-0.0000,0.3533,0.2829,-0.0301,0.00,0.2892,-0.0652,0.4073,0.0853
1.340,moving,-0.25166,-0.23793,0.19325,0.10215,1.23177,0.26695,-0.25158,-0.23340,0.19787,0.10132,0.47692,0.26769,-0.25159,-0.23334,0.19708,0.10157,0.56937,0.26763,0.0000,0.0000,0.0000,0.0000,-0.0000,0.3533,0.2829,-0.0301,0.00,0.2879,-0.0647,0.4051,0.0853
1.360,moving,-0.25166,-0.23793,0.19325,0.10215,1.23177,0.26695,-0.25159,-0.23334,0.19708,0.10157,0.56937,0.26763,-0.25161,-0.23334,0.19672,0.10163,0.59031,0.26761,0.0000,0.0000,0.0000,0.0000,-0.0000,0.3533,0.2829,-0.0302,0.00,0.2860,-0.0638,0.4019,0.0853
1.380,moving,-0.25166,-0.23793,0.19325,0.10215,1.23177,0.26695,-0.25159,-0.23334,0.19708,0.10157,0.56937,0.26763,-0.25161,-0.23334,0.19653,0.10166,0.61524,0.26760,0.0000,0.0000,0.0000,0.0000,-0.0000,0.3533,0.2829,-0.0302,0.00,0.2837,-0.0628,0.3981,0.0853
1.400,moving,-0.25166,-0.23793,0.19325,0.10215,1.23177,0.26695,-0.25159,-0.23334,0.19708,0.10157,0.56937,0.26763,-0.25156,-0.23328,0.19754,0.10160,0.62383,0.26761,0.0000,0.0000,0.0000,0.0000,-0.0000,0.3533,0.2829,-0.0301,0.00,0.2828,-0.0625,0.3964,0.0853
1.420,moving,-0.25166,-0.23793,0.19325,0.10215,1.23177,0.26695,-0.25159,-0.23334,0.19708,0.10157,0.56937,0.26763,-0.25158,-0.23328,0.19706,0.10167,0.63237,0.26758,0.0000,0.0000,0.0000,0.0000,-0.0000,0.3533,0.2829,-0.0301,0.00,0.2820,-0.0621,0.3952,0.0853
1.440,moving,-0.25166,-0.23793,0.19325,0.10215,1.23177,0.26695,-0.25159,-0.23334,0.19708,0.10157,0.56937,0.26763,-0.25160,-0.23330,0.19668,0.10172,0.64709,0.26756,0.0000,0.0000,0.0000,0.0000,-0.0000,0.3532,0.2829,-0.0301,0.00,0.2805,-0.0615,0.3931,0.0853
1.460,moving,-0.25166,-0.23793,0.19325,0.10215,1.23177,0.26695,-0.25159,-0.23334,0.19708,0.10157,0.56937,0.26763,-0.25161,-0.23330,0.19634,0.10177,0.66802,0.26754,0.0000,0.0000,0.0000,0.0000,-0.0000,0.3532,0.2829,-0.0302,0.00,0.2784,-0.0606,0.3901,0.0853
1.480,moving,-0.25166,-0.23793,0.19325,0.10215,1.23177,0.26695,-0.25161,-0.23330,0.19634,0.10177,0.66802,0.26754,-0.25162,-0.23330,0.19615,0.10179,0.69296,0.26753,0.0000,0.0000,0.0000,0.0000,-0.0000,0.3532,0.2829,-0.0302,0.00,0.2758,-0.0596,0.3864,0.0853
1.500,moving,-0.25166,-0.23793,0.19325,0.10215,1.23177,0.26695,-0.25161,-0.23330,0.19634,0.10177,0.66802,0.26754,-0.25157,-0.23326,0.19706,0.10175,0.70155,0.26753,0.0000,0.0000,0.0000,0.0000,-0.0000,0.3532,0.2829,-0.0301,0.00,0.2748,-0.0592,0.3848,0.0853
1.520,moving,-0.25166,-0.23793,0.19325,0.10215,1.23177,0.26695,-0.25161,-0.23330,0.19634,0.10177,0.66802,0.26754,-0.25158,-0.23326,0.19661,0.10180,0.71008,0.26751,0.0000,0.0000,0.0000,0.0000,-0.0000,0.3532,0.2829,-0.0301,0.00,0.2739,-0.0588,0.3837,0.0853
1.540,moving,-0.25166,-0.23793,0.19325,0.10215,1.23177,0.26695,-0.25161,-0.23330,0.19634,0.10177,0.66802,0.26754,-0.25161,-0.23329,0.19626,0.10185,0.72480,0.26749,0.0000,0.0000,0.0000,0.0000,-0.0000,0.3532,0.2829,-0.0301,0.00,0.2723,-0.0582,0.3817,0.0853
1.560,moving,-0.25166,-0.23793,0.19325,0.10215,1.23177,0.26695,-0.25161,-0.23330,0.19634,0.10177,0.66802,0.26754,-0.25162,-0.23329,0.19594,0.10189,0.74573,0.26747,0.0000,0.0000,0.0000,0.0000,-0.0000,0.3532,0.2829,-0.0302,0.00,0.2699,-0.0573,0.3789,0.0853
1.580,moving,-0.25166,-0.23793,0.19325,0.10215,1.23177,0.26695,-0.25161,-0.23330,0.19634,0.10177,0.66802,0.26754,-0.25163,-0.23329,0.19576,0.10191,0.77067,0.26746,0.0000,0.0000,0.0000,0.0000,-0.0000,0.3532,0.2829,-0.0302,0.00,0.2670,-0.0562,0.3754,0.0853
1.600,moving,-0.25166,-0.23793,0.19325,0.10215,1.23177,0.26695,-0.25163,-0.23329,0.19576,0.10191,0.77067,0.26746,-0.25158,-0.23327,0.19657,0.10186,0.77925,0.26745,0.0000,0.0000,0.0000,0.0000,-0.0000,0.3532,0.2829,-0.0301,0.00,0.2659,-0.0558,0.3740,0.0853
1.620,moving,-0.25166,-0.23793,0.19325,0.10215,1.23177,0.26695,-0.25163,-0.23329,0.19576,0.10191,0.77067,0.26746,-0.25159,-0.23327,0.19616,0.10191,0.78779,0.26743,0.0000,0.0000,0.0000,0.0000,-0.0000,0.3533,0.2829,-0.0301,0.00,0.2649,-0.0554,0.3730,0.0853
1.640,moving,-0.25166,-0.23793,0.19325,0.10215,1.23177,0.26695,-0.25163,-0.23329,0.19576,0.10191,0.77067,0.26746,-0.25161,-0.23329,0.19584,0.10195,0.80251,0.26741,0.0000,0.0000,0.0000,0.0000,-0.0000,0.3533,0.2829,-0.0301,0.00,0.2631,-0.0547,0.3711,0.0853
1.660,moving,-0.25166,-0.23793,0.19325,0.10215,1.23177,0.26695,-0.25163,-0.23329,0.19576,0.10191,0.77067,0.26746,-0.25163,-0.23329,0.19555,0.10198,0.82343,0.26740,0.0000,0.0000,0.0000,0.0000,-0.0000,0.3532,0.2829,-0.0301,0.00,0.2605,-0.0538,0.3684,0.0853
1.680,moving,-0.25166,-0.23793,0.19325,0.10215,1.23177,0.26695,-0.25163,-0.23329,0.19576,0.10191,0.77067,0.26746,-0.25163,-0.23330,0.19539,0.10200,0.84837,0.26738,0.0000,0.0000,0.0000,0.0000,-0.0000,0.3532,0.2829,-0.0302,0.00,0.2574,-0.0526,0.3652,0.0853
1.700,moving,-0.25166,-0.23793,0.19325,0.10215,1.23177,0.26695,-0.25163,-0.23329,0.19576,0.10191,0.77067,0.26746,-0.25158,-0.23328,0.19608,0.10196,0.85696,0.26738,0.0000,0.0000,0.0000,0.0000,-0.0000,0.3532,0.2829,-0.0301,0.00,0.2562,-0.0522,0.3639,0.0853
1.720,moving,-0.25166,-0.23793,0.19325,0.10215,1.23177,0.26695,-0.25158,-0.23328,0.19608,0.10196,0.85696,0.26738,-0.25159,-0.23328,0.19571,0.10200,0.86549,0.26736,0.0000,0.0000,0.0000,0.0000,-0.0000,0.3533,0.2829,-0.0301,0.00,0.2551,-0.0518,0.3630,0.0853
1.740,moving,-0.25166,-0.23793,0.19325,0.10215,1.23177,0.26695,-0.25158,-0.23328,0.19608,0.10196,0.85696,0.26738,-0.25161,-0.23330,0.19542,0.10203,0.88021,0.26734,0.0000,0.0000,0.0000,0.0000,-0.0000,0.3533,0.2829,-0.0301,0.00,0.2532,-0.0511,0.3612,0.0853
1.760,moving,-0.25166,-0.23793,0.19325,0.10215,1.23177,0.26695,-0.25158,-0.23328,0.19608,0.10196,0.85696,0.26738,-0.25163,-0.23330,0.19516,0.10206,0.90113,0.26733,0.0000,0.0000,0.0000,0.0000,-0.0000,0.3532,0.2829,-0.0301,0.00,0.2504,-0.0502,0.3588,0.0853
1.780,moving,-0.25166,-0.23793,0.19325,0.10215,1.23177,0.26695,-0.25158,-0.23328,0.19608,0.10196,0.85696,0.26738,-0.25164,-0.23330,0.19501,0.10207,0.92607,0.26731,0.0000,0.0000,0.0000,0.0000,-0.0000,0.3532,0.2829,-0.0302,0.00,0.2470,-0.0490,0.3558,0.0853
1.800,moving,-0.25166,-0.23793,0.19325,0.10215,1.23177,0.26695,-0.25158,-0.23328,0.19608,0.10196,0.85696,0.26738,-0.25159,-0.23331,0.19563,0.10203,0.93465,0.26730,0.0000,0.0000,0.0000,0.0000,-0.0000,0.3532,0.2829,-0.0301,0.00,0.2457,-0.0486,0.3547,0.0853
1.820,moving,-0.25166,-0.23793,0.19325,0.10215,1.23177,0.26695,-0.25158,-0.23328,0.19608,0.10196,0.85696,0.26738,-0.25159,-0.23330,0.19529,0.10207,0.94318,0.26729,0.0000,0.0000,0.0000,0.0000,-0.0000,0.3532,0.2829,-0.0301,0.00,0.2446,-0.0482,0.3538,0.0853
1.840,moving,-0.25166,-0.23793,0.19325,0.10215,1.23177,0.26695,-0.25159,-0.23330,0.19529,0.10207,0.94318,0.26729,-0.25161,-0.23332,0.19504,0.10210,0.95790,0.26727,0.0000,0.0000,0.0000,0.0000,-0.0000,0.3532,0.2829,-0.0301,0.00,0.2425,-0.0475,0.3522,0.0853
1.860,moving,-0.25166,-0.23793,0.19325,0.10215,1.23177,0.26695,-0.25159,-0.23330,0.19529,0.10207,0.94318,0.26729,-0.25162,-0.23331,0.19480,0.10212,0.97883,0.26726,0.0000,0.0000,0.0000,0.0000,-0.0000,0.3532,0.2829,-0.0301,0.00,0.2395,-0.0465,0.3499,0.0853
1.880,moving,-0.25166,-0.23793,0.19325,0.10215,1.23177,0.26695,-0.25159,-0.23330,0.19529,0.10207,0.94318,0.26729,-0.25163,-0.23331,0.19466,0.10213,1.00376,0.26725,0.0000,0.0000,0.0000,0.0000,-0.0000,0.3532,0.2829,-0.0301,0.00,0.2359,-0.0453,0.3473,0.0853
1.900,moving,-0.25166,-0.23793,0.19325,0.10215,1.23177,0.26695,-0.25159,-0.23330,0.19529,0.10207,0.94318,0.26729,-0.25159,-0.23333,0.19521,0.10211,1.01234,0.26724,0.0000,0.0000,0.0000,0.0000,-0.0000,0.3532,0.2829,-0.0301,0.00,0.2346,-0.0448,0.3463,0.0853
1.920,moving,-0.25166,-0.23793,0.19325,0.10215,1.23177,0.26695,-0.25159,-0.23330,0.19529,0.10207,0.94318,0.26729,-0.25160,-0.23332,0.19491,0.10214,1.02087,0.26722,0.0000,0.0000,0.0000,0.0000,-0.0000,0.3532,0.2829,-0.0301,0.00,0.2333,-0.0444,0.3455,0.0853
1.940,moving,-0.25166,-0.23793,0.19325,0.10215,1.23177,0.26695,-0.25159,-0.23330,0.19529,0.10207,0.94318,0.26729,-0.25161,-0.23333,0.19468,0.10216,1.03559,0.26721,0.0000,0.0000,0.0000,0.0000,-0.0000,0.3533,0.2829,-0.0301,0.00,0.2311,-0.0437,0.3440,0.0853
1.960,moving,-0.25166,-0.23793,0.19325,0.10215,1.23177,0.26695,-0.25161,-0.23333,0.19468,0.10216,1.03559,0.26721,-0.25162,-0.23333,0.19447,0.10218,1.05651,0.26720,0.0000,0.0000,0.0000,0.0000,-0.0000,0.3533,0.2829,-0.0301,0.00,0.2280,-0.0427,0.3420,0.0853
1.980,moving,-0.25166,-0.23793,0.19325,0.10215,1.23177,0.26695,-0.25161,-0.23333,0.19468,0.10216,1.03559,0.26721,-0.25163,-0.23334,0.19435,0.10219,1.08144,0.26719,0.0000,0.0000,0.0000,0.0000,-0.0000,0.3532,0.2829,-0.0301,0.00,0.2242,-0.0415,0.3397,0.0853
2.000,moving,-0.25166,-0.23793,0.19325,0.10215,1.23177,0.26695,-0.25161,-0.23333,0.19468,0.10216,1.03559,0.26721,-0.25159,-0.23336,0.19480,0.10216,1.09003,0.26717,0.0000,0.0000,0.0000,0.0000,-0.0000,0.3532,0.2829,-0.0301,0.00,0.2228,-0.0410,0.3388,0.0853
2.020,moving,-0.25166,-0.23793,0.19325,0.10215,1.23177,0.26695,-0.25161,-0.23333,0.19468,0.10216,1.03559,0.26721,-0.25160,-0.23335,0.19453,0.10219,1.09856,0.26716,0.0000,0.0000,0.0000,0.0000,-0.0000,0.3533,0.2829,-0.0301,0.00,0.2215,-0.0406,0.3381,0.0853
2.040,moving,-0.25166,-0.23793,0.19325,0.10215,1.23177,0.26695,-0.25161,-0.23333,0.19468,0.10216,1.03559,0.26721,-0.25161,-0.23336,0.19433,0.10221,1.11328,0.26715,0.0000,0.0000,0.0000,0.0000,-0.0000,0.3533,0.2829,-0.0301,0.00,0.2192,-0.0399,0.3368,0.0853
2.060,moving,-0.25166,-0.23793,0.19325,0.10215,1.23177,0.26695,-0.25161,-0.23333,0.19468,0.10216,1.03559,0.26721,-0.25162,-0.23335,0.19414,0.10222,1.13420,0.26714,0.0000,0.0000,0.0000,0.0000,-0.0000,0.3532,0.2829,-0.0301,0.00,0.2159,-0.0389,0.3351,0.0853
2.080,moving,-0.25166,-0.23793,0.19325,0.10215,1.23177,0.26695,-0.25162,-0.23335,0.19414,0.10222,1.13420,0.26714,-0.25163,-0.23336,0.19404,0.10223,1.15913,0.26713,0.0000,0.0000,0.0000,0.0000,-0.0000,0.3532,0.2829,-0.0301,0.00,0.2119,-0.0376,0.3330,0.0853
2.100,moving,-0.25166,-0.23793,0.19325,0.10215,1.23177,0.26695,-0.25162,-0.23335,0.19414,0.10222,1.13420,0.26714,-0.25159,-0.23340,0.19441,0.10221,1.16771,0.26712,0.0000,0.0000,0.0000,0.0000,-0.0000,0.3532,0.2829,-0.0301,0.00,0.2104,-0.0372,0.3323,0.0853
2.120,moving,-0.25166,-0.23793,0.19325,0.10215,1.23177,0.26695,-0.25162,-0.23335,0.19414,0.10222,1.13420,0.26714,-0.25159,-0.23338,0.19417,0.10224,1.17624,0.26711,0.0000,0.0000,0.0000,0.0000,-0.0000,0.3533,0.2829,-0.0301,0.00,0.2091,-0.0368,0.3317,0.0853
2.140,moving,-0.25166,-0.23793,0.19325,0.10215,1.23177,0.26695,-0.25162,-0.23335,0.19414,0.10222,1.13420,0.26714,-0.25161,-0.23339,0.19401,0.10226,1.19096,0.26710,0.0000,0.0000,0.0000,0.0000,-0.0000,0.3532,0.2829,-0.0301,0.00,0.2067,-0.0361,0.3306,0.0853
2.160,moving,-0.25166,-0.23793,0.19325,0.10215,1.23177,0.26695,-0.25162,-0.23335,0.19414,0.10222,1.13420,0.26714,-0.25161,-0.23339,0.19391,0.10226,1.20979,0.26709,0.0000,0.0000,0.0000,0.0000,-0.0000,0.3532,0.2829,-0.0301,0.00,0.2036,-0.0351,0.3292,0.0853
2.180,moving,-0.25166,-0.23793,0.19325,0.10215,1.23177,0.26695,-0.25162,-0.23335,0.19414,0.10222,1.13420,0.26714,-0.25160,-0.23341,0.19391,0.10226,1.22314,0.26708,0.0000,0.0000,0.0000,0.0000,-0.0000,0.3533,0.2829,-0.0301,0.00,0.2013,-0.0345,0.3283,0.0853
2.200,moving,-0.25166,-0.23793,0.19325,0.10215,1.23177,0.26695,-0.25160,-0.23341,0.19391,0.10226,1.22314,0.26708,-0.25159,-0.23343,0.19389,0.10226,1.22779,0.26707,0.0000,0.0000,0.0000,0.0000,-0.0000,0.3533,0.2829,-0.0301,0.00,0.2006,-0.0342,0.3280,0.0853
2.220,moving,-0.25166,-0.23793,0.19325,0.10215,1.23177,0.26695,-0.25160,-0.23341,0.19391,0.10226,1.22314,0.26708,-0.25158,-0.23343,0.19383,0.10226,1.23147,0.26706,0.0000,0.0000,0.0000,0.0000,-0.0000,0.3533,0.2830,-0.0301,0.00,0.1999,-0.0340,0.3277,0.0853
2.240,moving,-0.25166,-0.23793,0.19325,0.10215,1.23177,0.26695,-0.25160,-0.23341,0.19391,0.10226,1.22314,0.26708,-0.25158,-0.23345,0.19379,0.10227,1.23167,0.26705,0.0000,0.0000,0.0000,0.0000,-0.0000,0.3533,0.2830,-0.0301,0.00,0.1999,-0.0340,0.3277,0.0853
2.260,moving,-0.25166,-0.23793,0.19325,0.10215,1.23177,0.26695,-0.25160,-0.23341,0.19391,0.10226,1.22314,0.26708,-0.25157,-0.23345,0.19372,0.10228,1.23167,0.26705,0.0000,0.0000,0.0000,0.0000,-0.0000,0.3533,0.2830,-0.0301,0.00,0.1999,-0.0340,0.3278,0.0853
2.280,moving,-0.25166,-0.23793,0.19325,0.10215,1.23177,0.26695,-0.25160,-0.23341,0.19391,0.10226,1.22314,0.26708,-0.25158,-0.23345,0.19367,0.10228,1.23167,0.26704,0.0000,0.0000,0.0000,0.0000,-0.0000,0.3533,0.2830,-0.0301,0.00,0.1999,-0.0340,0.3278,0.0853
2.300,moving,-0.25166,-0.23793,0.19325,0.10215,1.23177,0.26695,-0.25160,-0.23341,0.19391,0.10226,1.22314,0.26708,-0.25159,-0.23345,0.19363,0.10229,1.23167,0.26704,0.0000,0.0000,0.0000,0.0000,-0.0000,0.3533,0.2829,-0.0301,0.00,0.1999,-0.0340,0.3278,0.0853
2.320,moving,-0.25166,-0.23793,0.19325,0.10215,1.23177,0.26695,-0.25159,-0.23345,0.19363,0.10229,1.23167,0.26704,-0.25159,-0.23344,0.19359,0.10229,1.23167,0.26704,0.0000,0.0000,0.0000,0.0000,-0.0000,0.3533,0.2829,-0.0301,0.00,0.1999,-0.0340,0.3278,0.0853
2.340,moving,-0.25166,-0.23793,0.19325,0.10215,1.23177,0.26695,-0.25159,-0.23345,0.19363,0.10229,1.23167,0.26704,-0.25159,-0.23345,0.19356,0.10229,1.23167,0.26703,0.0000,0.0000,0.0000,0.0000,-0.0000,0.3533,0.2829,-0.0301,0.00,0.1999,-0.0340,0.3278,0.0853
2.360,moving,-0.25166,-0.23793,0.19325,0.10215,1.23177,0.26695,-0.25159,-0.23345,0.19363,0.10229,1.23167,0.26704,-0.25159,-0.23344,0.19354,0.10230,1.23167,0.26703,0.0000,0.0000,0.0000,0.0000,-0.0000,0.3532,0.2829,-0.0301,0.00,0.1999,-0.0340,0.3278,0.0853
2.380,moving,-0.25166,-0.23793,0.19325,0.10215,1.23177,0.26695,-0.25159,-0.23345,0.19363,0.10229,1.23167,0.26704,-0.25160,-0.23345,0.19352,0.10230,1.23167,0.26703,0.0000,0.0000,0.0000,0.0000,-0.0000,0.3532,0.2829,-0.0301,0.00,0.1999,-0.0340,0.3278,0.0853
2.400,moving,-0.25166,-0.23793,0.19325,0.10215,1.23177,0.26695,-0.25159,-0.23345,0.19363,0.10229,1.23167,0.26704,-0.25160,-0.23344,0.19350,0.10230,1.23167,0.26703,0.0000,0.0000,0.0000,0.0000,-0.0000,0.3532,0.2829,-0.0301,0.00,0.2000,-0.0340,0.3278,0.0853
2.420,moving,-0.25166,-0.23793,0.19325,0.10215,1.23177,0.26695,-0.25159,-0.23345,0.19363,0.10229,1.23167,0.26704,-0.25160,-0.23344,0.19349,0.10230,1.23166,0.26703,0.0000,0.0000,0.0000,0.0000,-0.0000,0.3532,0.2829,-0.0301,0.00,0.2000,-0.0340,0.3278,0.0853
2.440,moving,-0.25166,-0.23793,0.19325,0.10215,1.23177,0.26695,-0.25160,-0.23344,0.19349,0.10230,1.23166,0.26703,-0.25160,-0.23344,0.19348,0.10231,1.23167,0.26703,0.0000,0.0000,0.0000,0.0000,-0.0000,0.3532,0.2829,-0.0301,0.00,0.2000,-0.0340,0.3278,0.0853
2.460,moving,-0.25166,-0.23793,0.19325,0.10215,1.23177,0.26695,-0.25160,-0.23344,0.19349,0.10230,1.23166,0.26703,-0.25160,-0.23344,0.19347,0.10231,1.23167,0.26703,0.0000,0.0000,0.0000,0.0000,-0.0000,0.3532,0.2829,-0.0301,0.00,0.2000,-0.0340,0.3278,0.0853
2.480,moving,-0.25166,-0.23793,0.19325,0.10215,1.23177,0.26695,-0.25160,-0.23344,0.19349,0.10230,1.23166,0.26703,-0.25160,-0.23344,0.19346,0.10231,1.23166,0.26703,0.0000,0.0000,0.0000,0.0000,-0.0000,0.3532,0.2829,-0.0301,0.00,0.2000,-0.0340,0.3278,0.0853
2.500,moving,-0.25166,-0.23793,0.19325,0.10215,1.23177,0.26695,-0.25160,-0.23344,0.19349,0.10230,1.23166,0.26703,-0.25160,-0.23344,0.19346,0.10231,1.23166,0.26703,0.0000,0.0000,0.0000,0.0000,-0.0000,0.3532,0.2829,-0.0301,0.00,0.2000,-0.0340,0.3278,0.0853
2.520,moving,-0.25166,-0.23793,0.19325,0.10215,1.23177,0.26695,-0.25160,-0.23344,0.19349,0.10230,1.23166,0.26703,-0.25160,-0.23344,0.19346,0.10231,1.23166,0.26703,0.0000,0.0000,0.0000,0.0000,-0.0000,0.3532,0.2829,-0.0301,0.00,0.2000,-0.0340,0.3278,0.0853
2.540,moving,-0.25166,-0.23793,0.19325,0.10215,1.23177,0.26695,-0.25160,-0.23344,0.19349,0.10230,1.23166,0.26703,-0.25160,-0.23344,0.19345,0.10231,1.23166,0.26703,0.0000,0.0000,0.0000,0.0000,-0.0000,0.3532,0.2829,-0.0301,0.00,0.2000,-0.0340,0.3278,0.0853
2.560,moving,-0.25166,-0.23793,0.19325,0.10215,1.23177,0.26695,-0.25160,-0.23344,0.19345,0.10231,1.23166,0.26703,-0.25160,-0.23344,0.19345,0.10231,1.23166,0.26703,0.0000,0.0000,0.0000,0.0000,-0.0000,0.3532,0.2829,-0.0301,0.00,0.2000,-0.0340,0.3278,0.0853
2.580,moving,-0.25166,-0.23793,0.19325,0.10215,1.23177,0.26695,-0.25160,-0.23344,0.19345,0.10231,1.23166,0.26703,-0.25160,-0.23344,0.19344,0.10231,1.23166,0.26703,0.0000,0.0000,0.0000,0.0000,-0.0000,0.3533,0.2829,-0.0301,0.00,0.2000,-0.0340,0.3278,0.0853
2.600,moving,-0.25166,-0.23793,0.19325,0.10215,1.23177,0.26695,-0.25160,-0.23344,0.19345,0.10231,1.23166,0.26703,-0.25160,-0.23345,0.19345,0.10231,1.23166,0.26703,0.0000,0.0000,0.0000,0.0000,-0.0000,0.3533,0.2829,-0.0301,0.00,0.2000,-0.0340,0.3278,0.0853
2.620,moving,-0.25166,-0.23793,0.19325,0.10215,1.23177,0.26695,-0.25160,-0.23344,0.19345,0.10231,1.23166,0.26703,-0.25160,-0.23344,0.19344,0.10231,1.23166,0.26703,0.0000,0.0000,0.0000,0.0000,-0.0000,0.3533,0.2829,-0.0301,0.00,0.2000,-0.0340,0.3278,0.0853
2.640,moving,-0.25166,-0.23793,0.19325,0.10215,1.23177,0.26695,-0.25160,-0.23344,0.19345,0.10231,1.23166,0.26703,-0.25160,-0.23345,0.19344,0.10231,1.23166,0.26703,0.0000,0.0000,0.0000,0.0000,-0.0000,0.3532,0.2829,-0.0301,0.00,0.2000,-0.0340,0.3278,0.0853
2.660,detect,-0.25166,-0.23793,0.19325,0.10215,1.23177,0.26695,-0.25160,-0.23344,0.19345,0.10231,1.23166,0.26703,-0.25160,-0.23344,0.19344,0.10231,1.23166,0.26702,0.0000,0.0000,0.0000,0.0000,-0.0000,0.3532,0.2829,-0.0301,0.00,0.2000,-0.0340,0.3278,0.0853
2.680,detect,-0.25166,-0.23793,0.19325,0.10215,1.23177,0.26695,-0.25160,-0.23344,0.19344,0.10231,1.23166,0.26702,-0.25160,-0.23344,0.19344,0.10231,1.23166,0.26702,0.0000,0.0000,0.0000,0.0000,-0.0000,0.3532,0.2829,-0.0301,0.00,0.2000,-0.0340,0.3278,0.0853
2.700,detect,-0.25166,-0.23793,0.19325,0.10215,1.23177,0.26695,-0.25160,-0.23344,0.19344,0.10231,1.23166,0.26702,-0.25160,-0.23344,0.19344,0.10231,1.23166,0.26702,0.0000,0.0000,0.0000,0.0000,-0.0000,0.3532,0.2829,-0.0301,0.00,0.2000,-0.0340,0.3278,0.0853
2.720,detect,-0.25166,-0.23793,0.19325,0.10215,1.23177,0.26695,-0.25160,-0.23344,0.19344,0.10231,1.23166,0.26702,-0.25160,-0.23344,0.19344,0.10231,1.23166,0.26702,0.0000,0.0000,0.0000,0.0000,-0.0000,0.3532,0.2829,-0.0301,0.00,0.2000,-0.0340,0.3278,0.0853
2.740,detect,-0.25166,-0.23793,0.19325,0.10215,1.23177,0.26695,-0.25160,-0.23344,0.19344,0.10231,1.23166,0.26702,-0.25160,-0.23345,0.19344,0.10231,1.23166,0.26702,0.0000,0.0000,0.0000,0.0000,-0.0000,0.3532,0.2829,-0.0301,0.00,0.2000,-0.0340,0.3278,0.0853
2.760,detect,-0.25166,-0.23793,0.19325,0.10215,1.23177,0.26695,-0.25160,-0.23344,0.19344,0.10231,1.23166,0.26702,-0.25160,-0.23344,0.19344,0.10231,1.23166,0.26703,0.0000,0.0000,0.0000,0.0000,-0.0000,0.3532,0.2829,-0.0301,0.00,0.2000,-0.0340,0.3278,0.0853
2.780,detect,-0.25166,-0.23793,0.19325,0.10215,1.23177,0.26695,-0.25160,-0.23344,0.19344,0.10231,1.23166,0.26702,-0.25160,-0.23345,0.19344,0.10231,1.23166,0.26702,0.0000,0.0000,0.0000,0.0000,-0.0000,0.3532,0.2829,-0.0301,0.00,0.2000,-0.0340,0.3278,0.0853
2.800,detect,-0.25166,-0.23793,0.19325,0.10215,1.23177,0.26695,-0.25160,-0.23345,0.19344,0.10231,1.23166,0.26702,-0.25160,-0.23344,0.19343,0.10231,1.23166,0.26702,0.0000,0.0000,0.0000,0.0000,-0.0000,0.3532,0.2829,-0.0301,0.00,0.2000,-0.0340,0.3278,0.0853
2.820,detect,-0.25166,-0.23793,0.19325,0.10215,1.23177,0.26695,-0.25160,-0.23345,0.19344,0.10231,1.23166,0.26702,-0.25160,-0.23344,0.19344,0.10231,1.23166,0.26702,0.0000,0.0000,0.0000,0.0000,-0.0000,0.3532,0.2829,-0.0301,0.00,0.2000,-0.0340,0.3278,0.0853
2.840,detect,-0.25166,-0.23793,0.19325,0.10215,1.23177,0.26695,-0.25160,-0.23345,0.19344,0.10231,1.23166,0.26702,-0.25160,-0.23344,0.19343,0.10231,1.23166,0.26702,0.0000,0.0000,0.0000,0.0000,-0.0000,0.3532,0.2829,-0.0301,0.00,0.2000,-0.0340,0.3278,0.0853
2.860,detect,-0.25166,-0.23793,0.19325,0.10215,1.23177,0.26695,-0.25160,-0.23345,0.19344,0.10231,1.23166,0.26702,-0.25160,-0.23344,0.19344,0.10231,1.23166,0.26702,0.0000,0.0000,0.0000,0.0000,-0.0000,0.3532,0.2829,-0.0301,0.00,0.2000,-0.0340,0.3278,0.0853
2.880,detect,-0.25166,-0.23793,0.19325,0.10215,1.23177,0.26695,-0.25160,-0.23345,0.19344,0.10231,1.23166,0.26702,-0.25160,-0.23344,0.19343,0.10231,1.23166,0.26702,0.0000,0.0000,0.0000,0.0000,-0.0000,0.3532,0.2829,-0.0301,0.00,0.2000,-0.0340,0.3278,0.0853
2.900,detect,-0.25166,-0.23793,0.19325,0.10215,1.23177,0.26695,-0.25160,-0.23345,0.19344,0.10231,1.23166,0.26702,-0.25160,-0.23344,0.19344,0.10231,1.23166,0.26702,0.0000,0.0000,0.0000,0.0000,-0.0000,0.3532,0.2829,-0.0301,0.00,0.2000,-0.0340,0.3278,0.0853
2.920,detect,-0.25166,-0.23793,0.19325,0.10215,1.23177,0.26695,-0.25160,-0.23344,0.19344,0.10231,1.23166,0.26702,-0.25160,-0.23345,0.19344,0.10231,1.23166,0.26702,0.0000,0.0000,0.0000,0.0000,-0.0000,0.3532,0.2829,-0.0301,0.00,0.2000,-0.0340,0.3278,0.0853
2.940,detect,-0.25166,-0.23793,0.19325,0.10215,1.23177,0.26695,-0.25160,-0.23344,0.19344,0.10231,1.23166,0.26702,-0.25160,-0.23344,0.19343,0.10231,1.23166,0.26702,0.0000,0.0000,0.0000,0.0000,-0.0000,0.3532,0.2829,-0.0301,0.00,0.2000,-0.0340,0.3278,0.0853
2.960,detect,-0.25166,-0.23793,0.19325,0.10215,1.23177,0.26695,-0.25160,-0.23344,0.19344,0.10231,1.23166,0.26702,-0.25160,-0.23345,0.19344,0.10231,1.23166,0.26702,0.0000,0.0000,0.0000,0.0000,-0.0000,0.3532,0.2829,-0.0301,0.00,0.2000,-0.0340,0.3278,0.0853
2.980,detect,-0.25166,-0.23793,0.19325,0.10215,1.23177,0.26695,-0.25160,-0.23344,0.19344,0.10231,1.23166,0.26702,-0.25160,-0.23344,0.19343,0.10231,1.23166,0.26702,0.0000,0.0000,0.0000,0.0000,-0.0000,0.3532,0.2829,-0.0301,0.00,0.2000,-0.0340,0.3278,0.0853
3.000,detect,-0.25166,-0.23793,0.19325,0.10215,1.23177,0.26695,-0.25160,-0.23344,0.19344,0.10231,1.23166,0.26702,-0.25160,-0.23344,0.19344,0.10231,1.23166,0.26702,0.0000,0.0000,0.0000,0.0000,-0.0000,0.3532,0.2829,-0.0301,0.00,0.2000,-0.0340,0.3278,0.0853
3.020,detect,-0.25166,-0.23793,0.19325,0.10215,1.23177,0.26695,-0.25160,-0.23344,0.19344,0.10231,1.23166,0.26702,-0.25160,-0.23344,0.19343,0.10231,1.23166,0.26702,0.0000,0.0000,0.0000,0.0000,-0.0000,0.3532,0.2829,-0.0301,0.00,0.2000,-0.0340,0.3278,0.0853
3.040,detect,-0.25166,-0.23793,0.19325,0.10215,1.23177,0.26695,-0.25160,-0.23344,0.19343,0.10231,1.23166,0.26702,-0.25160,-0.23344,0.19343,0.10231,1.23166,0.26702,0.0000,0.0000,0.0000,0.0000,-0.0000,0.3532,0.2829,-0.0301,0.00,0.2000,-0.0340,0.3278,0.0853
3.060,detect,-0.25166,-0.23793,0.19325,0.10215,1.23177,0.26695,-0.25160,-0.23344,0.19343,0.10231,1.23166,0.26702,-0.25160,-0.23344,0.19343,0.10231,1.23166,0.26702,0.0000,0.0000,0.0000,0.0000,-0.0000,0.3532,0.2829,-0.0301,0.00,0.2000,-0.0340,0.3278,0.0853
3.080,detect,-0.25166,-0.23793,0.19325,0.10215,1.23177,0.26695,-0.25160,-0.23344,0.19343,0.10231,1.23166,0.26702,-0.25160,-0.23344,0.19344,0.10231,1.23166,0.26702,0.0000,0.0000,0.0000,0.0000,-0.0000,0.3532,0.2829,-0.0301,0.00,0.2000,-0.0340,0.3278,0.0853
3.100,detect,-0.25166,-0.23793,0.19325,0.10215,1.23177,0.26695,-0.25160,-0.23344,0.19343,0.10231,1.23166,0.26702,-0.25160,-0.23345,0.19344,0.10231,1.23166,0.26702,0.0000,0.0000,0.0000,0.0000,-0.0000,0.3532,0.2829,-0.0301,0.00,0.2000,-0.0340,0.3278,0.0853
3.120,detect,-0.25166,-0.23793,0.19325,0.10215,1.23177,0.26695,-0.25160,-0.23344,0.19343,0.10231,1.23166,0.26702,-0.25160,-0.23344,0.19343,0.10231,1.23166,0.26702,0.0000,0.0000,0.0000,0.0000,-0.0000,0.3532,0.2829,-0.0301,0.00,0.2000,-0.0340,0.3278,0.0853
3.140,detect,-0.25166,-0.23793,0.19325,0.10215,1.23177,0.26695,-0.25160,-0.23344,0.19343,0.10231,1.23166,0.26702,-0.25160,-0.23345,0.19344,0.10231,1.23166,0.26702,0.0000,0.0000,0.0000,0.0000,-0.0000,0.3532,0.2829,-0.0301,0.00,0.2000,-0.0340,0.3278,0.0853
3.160,detect,-0.25166,-0.23793,0.19325,0.10215,1.23177,0.26695,-0.25160,-0.23345,0.19344,0.10231,1.23166,0.26702,-0.25160,-0.23344,0.19343,0.10231,1.23166,0.26702,0.0000,0.0000,0.0000,0.0000,-0.0000,0.3532,0.2829,-0.0301,0.00,0.2000,-0.0340,0.3278,0.0853
3.180,detect,-0.25166,-0.23793,0.19325,0.10215,1.23177,0.26695,-0.25160,-0.23345,0.19344,0.10231,1.23166,0.26702,-0.25160,-0.23344,0.19344,0.10231,1.23166,0.26702,0.0000,0.0000,0.0000,0.0000,-0.0000,0.3532,0.2829,-0.0301,0.00,0.2000,-0.0340,0.3278,0.0853
3.200,detect,-0.25166,-0.23793,0.19325,0.10215,1.23177,0.26695,-0.25160,-0.23345,0.19344,0.10231,1.23166,0.26702,-0.25160,-0.23344,0.19343,0.10231,1.23166,0.26702,0.0000,0.0000,0.0000,0.0000,-0.0000,0.3532,0.2829,-0.0301,0.00,0.2000,-0.0340,0.3278,0.0853
3.220,detect,-0.25166,-0.23793,0.19325,0.10215,1.23177,0.26695,-0.25160,-0.23345,0.19344,0.10231,1.23166,0.26702,-0.25160,-0.23345,0.19344,0.10231,1.23166,0.26702,0.0000,0.0000,0.0000,0.0000,-0.0000,0.3532,0.2829,-0.0301,0.00,0.2000,-0.0340,0.3278,0.0853
3.240,detect,-0.25166,-0.23793,0.19325,0.10215,1.23177,0.26695,-0.25160,-0.23345,0.19344,0.10231,1.23166,0.26702,-0.25160,-0.23344,0.19344,0.10231,1.23166,0.26702,0.0000,0.0000,0.0000,0.0000,-0.0000,0.3532,0.2829,-0.0301,0.00,0.2000,-0.0340,0.3278,0.0853
3.260,detect,-0.25166,-0.23793,0.19325,0.10215,1.23177,0.26695,-0.25160,-0.23345,0.19344,0.10231,1.23166,0.26702,-0.25160,-0.23344,0.19343,0.10231,1.23166,0.26702,0.0000,0.0000,0.0000,0.0000,-0.0000,0.3532,0.2829,-0.0301,0.00,0.2000,-0.0340,0.3278,0.0853
3.280,detect,-0.25166,-0.23793,0.19325,0.10215,1.23177,0.26695,-0.25160,-0.23344,0.19343,0.10231,1.23166,0.26702,-0.25160,-0.23345,0.19344,0.10231,1.23166,0.26702,0.0000,0.0000,0.0000,0.0000,-0.0000,0.3532,0.2829,-0.0301,0.00,0.2000,-0.0340,0.3278,0.0853
3.300,detect,-0.25166,-0.23793,0.19325,0.10215,1.23177,0.26695,-0.25160,-0.23344,0.19343,0.10231,1.23166,0.26702,-0.25160,-0.23344,0.19343,0.10231,1.23166,0.26702,0.0000,0.0000,0.0000,0.0000,-0.0000,0.3532,0.2829,-0.0301,0.00,0.2000,-0.0340,0.3278,0.0853
3.320,detect,-0.25166,-0.23793,0.19325,0.10215,1.23177,0.26695,-0.25160,-0.23344,0.19343,0.10231,1.23166,0.26702,-0.25160,-0.23345,0.19344,0.10231,1.23166,0.26702,0.0000,0.0000,0.0000,0.0000,-0.0000,0.3532,0.2829,-0.0301,0.00,0.2000,-0.0340,0.3278,0.0853
3.340,detect,-0.25166,-0.23793,0.19325,0.10215,1.23177,0.26695,-0.25160,-0.23344,0.19343,0.10231,1.23166,0.26702,-0.25160,-0.23344,0.19343,0.10231,1.23166,0.26702,0.0000,0.0000,0.0000,0.0000,-0.0000,0.3532,0.2829,-0.0301,0.00,0.2000,-0.0340,0.3278,0.0853
3.360,detect,-0.25166,-0.23793,0.19325,0.10215,1.23177,0.26695,-0.25160,-0.23344,0.19343,0.10231,1.23166,0.26702,-0.25160,-0.23344,0.19344,0.10231,1.23166,0.26702,0.0000,0.0000,0.0000,0.0000,-0.0000,0.3532,0.2829,-0.0301,0.00,0.2000,-0.0340,0.3278,0.0853
3.380,detect,-0.25166,-0.23793,0.19325,0.10215,1.23177,0.26695,-0.25160,-0.23344,0.19343,0.10231,1.23166,0.26702,-0.25160,-0.23344,0.19343,0.10231,1.23166,0.26702,0.0000,0.0000,0.0000,0.0000,-0.0000,0.3532,0.2829,-0.0301,0.00,0.2000,-0.0340,0.3278,0.0853
3.400,detect,-0.25166,-0.23793,0.19325,0.10215,1.23177,0.26695,-0.25160,-0.23344,0.19343,0.10231,1.23166,0.26702,-0.25160,-0.23344,0.19343,0.10231,1.23166,0.26702,0.0000,0.0000,0.0000,0.0000,-0.0000,0.3532,0.2829,-0.0301,0.00,0.2000,-0.0340,0.3278,0.0853
3.420,detect,-0.25166,-0.23793,0.19325,0.10215,1.23177,0.26695,-0.25160,-0.23344,0.19343,0.10231,1.23166,0.26702,-0.25160,-0.23344,0.19343,0.10231,1.23166,0.26702,0.0000,0.0000,0.0000,0.0000,-0.0000,0.3532,0.2829,-0.0301,0.00,0.2000,-0.0340,0.3278,0.0853
3.440,detect,-0.25166,-0.23793,0.19325,0.10215,1.23177,0.26695,-0.25160,-0.23344,0.19343,0.10231,1.23166,0.26702,-0.25160,-0.23344,0.19343,0.10231,1.23166,0.26702,0.0000,0.0000,0.0000,0.0000,-0.0000,0.3532,0.2829,-0.0301,0.00,0.2000,-0.0340,0.3278,0.0853
3.460,detect,-0.25166,-0.23793,0.19325,0.10215,1.23177,0.26695,-0.25160,-0.23344,0.19343,0.10231,1.23166,0.26702,-0.25160,-0.23344,0.19343,0.10231,1.23166,0.26702,0.0000,0.0000,0.0000,0.0000,-0.0000,0.3532,0.2829,-0.0301,0.00,0.2000,-0.0340,0.3278,0.0853
3.480,detect,-0.25166,-0.23793,0.19325,0.10215,1.23177,0.26695,-0.25160,-0.23344,0.19343,0.10231,1.23166,0.26702,-0.25160,-0.23344,0.19344,0.10231,1.23166,0.26702,0.0000,0.0000,0.0000,0.0000,-0.0000,0.3532,0.2829,-0.0301,0.00,0.2000,-0.0340,0.3278,0.0853
3.500,detect,-0.25166,-0.23793,0.19325,0.10215,1.23177,0.26695,-0.25160,-0.23344,0.19343,0.10231,1.23166,0.26702,-0.25160,-0.23345,0.19344,0.10231,1.23166,0.26702,0.0000,0.0000,0.0000,0.0000,-0.0000,0.3532,0.2829,-0.0301,0.00,0.2000,-0.0340,0.3278,0.0853
3.520,detect,-0.25166,-0.23793,0.19325,0.10215,1.23177,0.26695,-0.25160,-0.23345,0.19344,0.10231,1.23166,0.26702,-0.25160,-0.23344,0.19343,0.10231,1.23166,0.26702,0.0000,0.0000,0.0000,0.0000,-0.0000,0.3532,0.2829,-0.0301,0.00,0.2000,-0.0340,0.3278,0.0853
3.540,detect,-0.25166,-0.23793,0.19325,0.10215,1.23177,0.26695,-0.25160,-0.23345,0.19344,0.10231,1.23166,0.26702,-0.25160,-0.23345,0.19344,0.10231,1.23166,0.26702,0.0000,0.0000,0.0000,0.0000,-0.0000,0.3532,0.2829,-0.0301,0.00,0.2000,-0.0340,0.3278,0.0853
3.560,detect,-0.25166,-0.23793,0.19325,0.10215,1.23177,0.26695,-0.25160,-0.23345,0.19344,0.10231,1.23166,0.26702,-0.25160,-0.23344,0.19343,0.10231,1.23166,0.26702,0.0000,0.0000,0.0000,0.0000,-0.0000,0.3532,0.2829,-0.0301,0.00,0.2000,-0.0340,0.3278,0.0853
3.580,detect,-0.25166,-0.23793,0.19325,0.10215,1.23177,0.26695,-0.25160,-0.23345,0.19344,0.10231,1.23166,0.26702,-0.25160,-0.23344,0.19344,0.10231,1.23166,0.26702,0.0000,0.0000,0.0000,0.0000,-0.0000,0.3532,0.2829,-0.0301,0.00,0.2000,-0.0340,0.3278,0.0853
3.600,detect,-0.25166,-0.23793,0.19325,0.10215,1.23177,0.26695,-0.25160,-0.23345,0.19344,0.10231,1.23166,0.26702,-0.25160,-0.23344,0.19343,0.10231,1.23166,0.26702,0.0000,0.0000,0.0000,0.0000,-0.0000,0.3532,0.2829,-0.0301,0.00,0.2000,-0.0340,0.3278,0.0853
3.620,detect,-0.25166,-0.23793,0.19325,0.10215,1.23177,0.26695,-0.25160,-0.23345,0.19344,0.10231,1.23166,0.26702,-0.25160,-0.23344,0.19344,0.10231,1.23166,0.26702,0.0000,0.0000,0.0000,0.0000,-0.0000,0.3532,0.2829,-0.0301,0.00,0.2000,-0.0340,0.3278,0.0853
3.640,detect,-0.25166,-0.23793,0.19325,0.10215,1.23177,0.26695,-0.25160,-0.23344,0.19344,0.10231,1.23166,0.26702,-0.25160,-0.23345,0.19344,0.10231,1.23166,0.26702,0.0000,0.0000,0.0000,0.0000,-0.0000,0.3532,0.2829,-0.0301,0.00,0.2000,-0.0340,0.3278,0.0853
3.660,detect,-0.25166,-0.23793,0.19325,0.10215,1.23177,0.26695,-0.25160,-0.23344,0.19344,0.10231,1.23166,0.26702,-0.25160,-0.23344,0.19343,0.10231,1.23166,0.26702,0.0000,0.0000,0.0000,0.0000,-0.0000,0.3532,0.2829,-0.0301,0.00,0.2000,-0.0340,0.3278,0.0853
3.680,detect,-0.25166,-0.23793,0.19325,0.10215,1.23177,0.26695,-0.25160,-0.23344,0.19344,0.10231,1.23166,0.26702,-0.25160,-0.23345,0.19344,0.10231,1.23166,0.26702,0.0000,0.0000,0.0000,0.0000,-0.0000,0.3532,0.2829,-0.0301,0.00,0.2000,-0.0340,0.3278,0.0853
3.700,detect,-0.25166,-0.23793,0.19325,0.10215,1.23177,0.26695,-0.25160,-0.23344,0.19344,0.10231,1.23166,0.26702,-0.25160,-0.23344,0.19343,0.10231,1.23166,0.26702,0.0000,0.0000,0.0000,0.0000,-0.0000,0.3532,0.2829,-0.0301,0.00,0.2000,-0.0340,0.3278,0.0853
3.720,detect,-0.25166,-0.23793,0.19325,0.10215,1.23177,0.26695,-0.25160,-0.23344,0.19344,0.10231,1.23166,0.26702,-0.25160,-0.23344,0.19344,0.10231,1.23166,0.26702,0.0000,0.0000,0.0000,0.0000,-0.0000,0.3532,0.2829,-0.0301,0.00,0.2000,-0.0340,0.3278,0.0853
3.740,detect,-0.25166,-0.23793,0.19325,0.10215,1.23177,0.26695,-0.25160,-0.23344,0.19344,0.10231,1.23166,0.26702,-0.25160,-0.23344,0.19343,0.10231,1.23166,0.26702,0.0000,0.0000,0.0000,0.0000,-0.0000,0.3532,0.2829,-0.0301,0.00,0.2000,-0.0340,0.3278,0.0853
3.760,detect,-0.25166,-0.23793,0.19325,0.10215,1.23177,0.26695,-0.25160,-0.23344,0.19343,0.10231,1.23166,0.26702,-0.25160,-0.23344,0.19344,0.10231,1.23166,0.26702,0.0000,0.0000,0.0000,0.0000,-0.0000,0.3532,0.2829,-0.0301,0.00,0.2000,-0.0340,0.3278,0.0853
3.780,detect,-0.25166,-0.23793,0.19325,0.10215,1.23177,0.26695,-0.25160,-0.23344,0.19343,0.10231,1.23166,0.26702,-0.25160,-0.23345,0.19344,0.10231,1.23166,0.26702,0.0000,0.0000,0.0000,0.0000,-0.0000,0.3532,0.2829,-0.0301,0.00,0.2000,-0.0340,0.3278,0.0853
3.800,detect,-0.25166,-0.23793,0.19325,0.10215,1.23177,0.26695,-0.25160,-0.23344,0.19343,0.10231,1.23166,0.26702,-0.25160,-0.23344,0.19343,0.10231,1.23166,0.26702,0.0000,0.0000,0.0000,0.0000,-0.0000,0.3532,0.2829,-0.0301,0.00,0.2000,-0.0340,0.3278,0.0853
3.820,detect,-0.25166,-0.23793,0.19325,0.10215,1.23177,0.26695,-0.25160,-0.23344,0.19343,0.10231,1.23166,0.26702,-0.25160,-0.23345,0.19344,0.10231,1.23166,0.26702,0.0000,0.0000,0.0000,0.0000,-0.0000,0.3532,0.2829,-0.0301,0.00,0.2000,-0.0340,0.3278,0.0853
3.840,detect,-0.25166,-0.23793,0.19325,0.10215,1.23177,0.26695,-0.25160,-0.23344,0.19343,0.10231,1.23166,0.26702,-0.25160,-0.23344,0.19343,0.10231,1.23166,0.26702,0.0000,0.0000,0.0000,0.0000,-0.0000,0.3532,0.2829,-0.0301,0.00,0.2000,-0.0340,0.3278,0.0853
3.860,detect,-0.25166,-0.23793,0.19325,0.10215,1.23177,0.26695,-0.25160,-0.23344,0.19343,0.10231,1.23166,0.26702,-0.25160,-0.23345,0.19344,0.10231,1.23166,0.26702,0.0000,0.0000,0.0000,0.0000,-0.0000,0.3532,0.2829,-0.0301,0.00,0.2000,-0.0340,0.3278,0.0853
3.880,detect,-0.25166,-0.23793,0.19325,0.10215,1.23177,0.26695,-0.25160,-0.23345,0.19344,0.10231,1.23166,0.26702,-0.25160,-0.23344,0.19343,0.10231,1.23166,0.26702,0.0000,0.0000,0.0000,0.0000,-0.0000,0.3532,0.2829,-0.0301,0.00,0.2000,-0.0340,0.3278,0.0853
3.900,detect,-0.25166,-0.23793,0.19325,0.10215,1.23177,0.26695,-0.25160,-0.23345,0.19344,0.10231,1.23166,0.26702,-0.25160,-0.23345,0.19344,0.10231,1.23166,0.26702,0.0000,0.0000,0.0000,0.0000,-0.0000,0.3532,0.2829,-0.0301,0.00,0.2000,-0.0340,0.3278,0.0853
3.920,detect,-0.25166,-0.23793,0.19325,0.10215,1.23177,0.26695,-0.25160,-0.23345,0.19344,0.10231,1.23166,0.26702,-0.25160,-0.23344,0.19343,0.10231,1.23166,0.26702,0.0000,0.0000,0.0000,0.0000,-0.0000,0.3532,0.2829,-0.0301,0.00,0.2000,-0.0340,0.3278,0.0853
3.940,detect,-0.25166,-0.23793,0.19325,0.10215,1.23177,0.26695,-0.25160,-0.23345,0.19344,0.10231,1.23166,0.26702,-0.25160,-0.23344,0.19344,0.10231,1.23166,0.26702,0.0000,0.0000,0.0000,0.0000,-0.0000,0.3532,0.2829,-0.0301,0.00,0.2000,-0.0340,0.3278,0.0853
3.960,detect,-0.25166,-0.23793,0.19325,0.10215,1.23177,0.26695,-0.25160,-0.23345,0.19344,0.10231,1.23166,0.26702,-0.25160,-0.23344,0.19343,0.10231,1.23166,0.26702,0.0000,0.0000,0.0000,0.0000,-0.0000,0.3532,0.2829,-0.0301,0.00,0.2000,-0.0340,0.3278,0.0853
3.980,detect,-0.25166,-0.23793,0.19325,0.10215,1.23177,0.26695,-0.25160,-0.23345,0.19344,0.10231,1.23166,0.26702,-0.25160,-0.23344,0.19344,0.10231,1.23166,0.26702,0.0000,0.0000,0.0000,0.0000,-0.0000,0.3532,0.2829,-0.0301,0.00,0.2000,-0.0340,0.3278,0.0853
4.000,detect,-0.25166,-0.23793,0.19325,0.10215,1.23177,0.26695,-0.25160,-0.23344,0.19344,0.10231,1.23166,0.26702,-0.25160,-0.23345,0.19344,0.10231,1.23166,0.26702,0.0000,0.0000,0.0000,0.0000,-0.0000,0.3532,0.2829,-0.0301,0.00,0.2000,-0.0340,0.3278,0.0853
4.020,detect,-0.25166,-0.23793,0.19325,0.10215,1.23177,0.26695,-0.25160,-0.23344,0.19344,0.10231,1.23166,0.26702,-0.25160,-0.23344,0.19343,0.10231,1.23166,0.26702,0.0000,0.0000,0.0000,0.0000,-0.0000,0.3532,0.2829,-0.0301,0.00,0.2000,-0.0340,0.3278,0.0853
4.040,detect,-0.25166,-0.23793,0.19325,0.10215,1.23177,0.26695,-0.25160,-0.23344,0.19344,0.10231,1.23166,0.26702,-0.25160,-0.23345,0.19344,0.10231,1.23166,0.26702,0.0000,0.0000,0.0000,0.0000,-0.0000,0.3532,0.2829,-0.0301,0.00,0.2000,-0.0340,0.3278,0.0853
4.060,detect,-0.25166,-0.23793,0.19325,0.10215,1.23177,0.26695,-0.25160,-0.23344,0.19344,0.10231,1.23166,0.26702,-0.25160,-0.23344,0.19343,0.10231,1.23166,0.26702,0.0000,0.0000,0.0000,0.0000,-0.0000,0.3532,0.2829,-0.0301,0.00,0.2000,-0.0340,0.3278,0.0853
4.080,moving,-0.25166,-0.23793,0.19325,0.10215,1.23177,0.26695,-0.25160,-0.23344,0.19344,0.10231,1.23166,0.26702,-0.25160,-0.23344,0.19344,0.10231,1.23166,0.26702,0.0000,0.0000,0.0000,0.0000,-0.0000,0.3532,0.2829,-0.0301,0.00,0.2000,-0.0340,0.3278,0.0853
4.100,moving,-0.18307,0.22459,0.58495,-0.01859,0.59593,0.42430,-0.25160,-0.23344,0.19344,0.10231,1.23166,0.26702,-0.24937,-0.23132,0.19577,0.09998,1.22934,0.26935,0.0000,0.0000,0.0000,0.0000,-0.0000,0.3533,0.2830,-0.0301,0.00,0.2003,-0.0341,0.3269,0.0853
4.120,moving,-0.18307,0.22459,0.58495,-0.01859,0.59593,0.42430,-0.24937,-0.23132,0.19577,0.09998,1.22934,0.26935,-0.24093,-0.22300,0.20430,0.09145,1.22082,0.27787,0.0000,0.0000,0.0000,0.0000,-0.0000,0.3533,0.2830,-0.0299,0.00,0.2017,-0.0343,0.3234,0.0853
4.140,moving,-0.18307,0.22459,0.58495,-0.01859,0.59593,0.42430,-0.24937,-0.23132,0.19577,0.09998,1.22934,0.26935,-0.22627,-0.20846,0.21902,0.07671,1.20610,0.29258,0.0000,0.0000,0.0000,0.0000,-0.0000,0.3534,0.2830,-0.0298,0.00,0.2041,-0.0345,0.3173,0.0852
4.160,moving,-0.18307,0.22459,0.58495,-0.01859,0.59593,0.42430,-0.24937,-0.23132,0.19577,0.09998,1.22934,0.26935,-0.20696,-0.18766,0.23991,0.05579,1.18520,0.31347,0.0000,0.0000,0.0000,0.0000,-0.0000,0.3536,0.2830,-0.0298,0.00,0.2072,-0.0349,0.3085,0.0852
4.180,moving,-0.18307,0.22459,0.58495,-0.01859,0.59593,0.42430,-0.24937,-0.23132,0.19577,0.09998,1.22934,0.26935,-0.19260,-0.16205,0.26444,0.03162,1.16028,0.33836,0.0000,0.0000,-0.0000,0.0000,-0.0000,0.3537,0.2831,-0.0297,0.00,0.2104,-0.0368,0.2980,0.0852
4.200,moving,-0.18307,0.22459,0.58495,-0.01859,0.59593,0.42430,-0.24937,-0.23132,0.19577,0.09998,1.22934,0.26935,-0.18776,-0.14342,0.28353,0.02313,1.15169,0.34691,0.0000,0.0000,-0.0000,0.0000,-0.0000,0.3537,0.2830,-0.0300,0.00,0.2107,-0.0373,0.2896,0.0853
4.220,moving,-0.18307,0.22459,0.58495,-0.01859,0.59593,0.42430,-0.24937,-0.23132,0.19577,0.09998,1.22934,0.26935,-0.18312,-0.13612,0.29586,0.01459,1.14324,0.35536,0.0000,0.0000,-0.0000,0.0000,-0.0000,0.3535,0.2828,-0.0305,0.00,0.2108,-0.0378,0.2853,0.0852
4.240,moving,-0.18307,0.22459,0.58495,-0.01859,0.59593,0.42430,-0.18312,-0.13612,0.29586,0.01459,1.14324,0.35536,-0.18265,-0.12308,0.30794,0.00009,1.12852,0.37004,0.0000,0.0000,-0.0000,0.0000,-0.0000,0.3533,0.2829,-0.0303,0.00,0.2121,-0.0405,0.2802,0.0853
4.260,moving,-0.18307,0.22459,0.58495,-0.01859,0.59593,0.42430,-0.18312,-0.13612,0.29586,0.01459,1.14324,0.35536,-0.18282,-0.10345,0.32660,-0.01203,1.10761,0.39052,0.0000,0.0000,-0.0000,0.0000,-0.0000,0.3532,0.2829,-0.0301,0.00,0.2138,-0.0429,0.2723,0.0853
4.280,moving,-0.18307,0.22459,0.58495,-0.01859,0.59593,0.42430,-0.18312,-0.13612,0.29586,0.01459,1.14324,0.35536,-0.18290,-0.07884,0.34937,-0.01785,1.08269,0.40794,0.0000,0.0000,-0.0000,0.0000,-0.0000,0.3532,0.2830,-0.0299,0.00,0.2157,-0.0442,0.2624,0.0853
4.300,moving,-0.18307,0.22459,0.58495,-0.01859,0.59593,0.42430,-0.18312,-0.13612,0.29586,0.01459,1.14324,0.35536,-0.18277,-0.06104,0.36650,-0.01878,1.07413,0.41354,0.0000,0.0000,-0.0000,0.0000,-0.0000,0.3531,0.2829,-0.0301,0.00,0.2151,-0.0442,0.2547,0.0854
4.320,moving,-0.18307,0.22459,0.58495,-0.01859,0.59593,0.42430,-0.18312,-0.13612,0.29586,0.01459,1.14324,0.35536,-0.18277,-0.05442,0.37689,-0.01884,1.06568,0.42070,0.0000,0.0000,-0.0000,0.0000,-0.0000,0.3530,0.2828,-0.0305,0.00,0.2149,-0.0442,0.2511,0.0853
4.340,moving,-0.18307,0.22459,0.58495,-0.01859,0.59593,0.42430,-0.18312,-0.13612,0.29586,0.01459,1.14324,0.35536,-0.18284,-0.04189,0.38820,-0.01890,1.05096,0.42379,0.0000,0.0000,-0.0000,0.0000,-0.0000,0.3530,0.2828,-0.0305,0.00,0.2160,-0.0444,0.2462,0.0854
4.360,moving,-0.18307,0.22459,0.58495,-0.01859,0.59593,0.42430,-0.18284,-0.04189,0.38820,-0.01890,1.05096,0.42379,-0.18284,-0.02273,0.40626,-0.01894,1.03006,0.42385,0.0000,0.0000,-0.0000,0.0000,-0.0000,0.3530,0.2829,-0.0302,0.00,0.2170,-0.0445,0.2384,0.0853
4.380,moving,-0.18307,0.22459,0.58495,-0.01859,0.59593,0.42430,-0.18284,-0.04189,0.38820,-0.01890,1.05096,0.42379,-0.18278,0.00152,0.42851,-0.01897,1.00518,0.42380,0.0000,-0.0000,-0.0000,0.0000,-0.0000,0.3531,0.2830,-0.0300,0.00,0.2176,-0.0446,0.2287,0.0853
4.400,moving,-0.18307,0.22459,0.58495,-0.01859,0.59593,0.42430,-0.18284,-0.04189,0.38820,-0.01890,1.05096,0.42379,-0.18262,0.01883,0.44501,-0.01898,0.99663,0.42374,0.0000,0.0000,-0.0000,0.0000,-0.0000,0.3531,0.2829,-0.0301,0.00,0.2160,-0.0442,0.2214,0.0853
4.420,moving,-0.18307,0.22459,0.58495,-0.01859,0.59593,0.42430,-0.18284,-0.04189,0.38820,-0.01890,1.05096,0.42379,-0.18261,0.02510,0.45455,-0.01904,0.98817,0.42370,0.0000,-0.0000,-0.0000,0.0000,-0.0000,0.3531,0.2828,-0.0304,0.00,0.2155,-0.0441,0.2182,0.0853
4.440,moving,-0.18307,0.22459,0.58495,-0.01859,0.59593,0.42430,-0.18284,-0.04189,0.38820,-0.01890,1.05096,0.42379,-0.18268,0.03747,0.46570,-0.01908,0.97346,0.42367,0.0000,-0.0000,-0.0000,0.0000,-0.0000,0.3532,0.2829,-0.0304,0.00,0.2159,-0.0442,0.2133,0.0853
4.460,moving,-0.18307,0.22459,0.58495,-0.01859,0.59593,0.42430,-0.18284,-0.04189,0.38820,-0.01890,1.05096,0.42379,-0.18269,0.05647,0.48367,-0.01911,0.95255,0.42363,0.0000,-0.0000,-0.0000,0.0000,-0.0000,0.3533,0.2829,-0.0302,0.00,0.2157,-0.0441,0.2057,0.0853
4.480,moving,-0.18307,0.22459,0.58495,-0.01859,0.59593,0.42430,-0.18269,0.05647,0.48367,-0.01911,0.95255,0.42363,-0.18266,0.08059,0.50584,-0.01913,0.92770,0.42360,0.0000,-0.0000,-0.0000,0.0000,-0.0000,0.3534,0.2830,-0.0300,0.00,0.2150,-0.0439,0.1962,0.0853
4.500,moving,-0.18307,0.22459,0.58495,-0.01859,0.59593,0.42430,-0.18269,0.05647,0.48367,-0.01911,0.95255,0.42363,-0.18250,0.09761,0.52196,-0.01916,0.91916,0.42353,0.0000,-0.0000,-0.0000,0.0000,-0.0000,0.3534,0.2829,-0.0301,0.00,0.2124,-0.0434,0.1895,0.0853
4.520,moving,-0.18307,0.22459,0.58495,-0.01859,0.59593,0.42430,-0.18269,0.05647,0.48367,-0.01911,0.95255,0.42363,-0.18252,0.10379,0.53070,-0.01921,0.91069,0.42349,0.0000,-0.0000,-0.0000,0.0000,-0.0000,0.3533,0.2828,-0.0305,0.00,0.2116,-0.0433,0.1865,0.0852
4.540,moving,-0.18307,0.22459,0.58495,-0.01859,0.59593,0.42430,-0.18269,0.05647,0.48367,-0.01911,0.95255,0.42363,-0.18258,0.11615,0.54197,-0.01924,0.89598,0.42347,0.0000,-0.0000,-0.0000,0.0000,-0.0000,0.3533,0.2828,-0.0304,0.00,0.2112,-0.0432,0.1818,0.0853
4.560,moving,-0.18307,0.22459,0.58495,-0.01859,0.59593,0.42430,-0.18269,0.05647,0.48367,-0.01911,0.95255,0.42363,-0.18260,0.13514,0.55989,-0.01926,0.87506,0.42344,0.0000,-0.0000,-0.0000,0.0000,-0.0000,0.3533,0.2829,-0.0302,0.00,0.2100,-0.0429,0.1745,0.0853
4.580,moving,-0.18307,0.22459,0.58495,-0.01859,0.59593,0.42430,-0.18269,0.05647,0.48367,-0.01911,0.95255,0.42363,-0.18256,0.15929,0.57609,-0.01930,0.85026,0.42340,0.0000,-0.0000,-0.0000,0.0000,-0.0000,0.3533,0.2830,-0.0300,0.00,0.2096,-0.0428,0.1664,0.0853
4.600,moving,-0.18307,0.22459,0.58495,-0.01859,0.59593,0.42430,-0.18256,0.15929,0.57609,-0.01930,0.85026,0.42340,-0.18245,0.17619,0.58172,-0.01931,0.84174,0.42336,0.0000,-0.0000,-0.0000,0.0000,-0.0000,0.3533,0.2829,-0.0301,0.00,0.2091,-0.0426,0.1618,0.0853
4.620,moving,-0.18307,0.22459,0.58495,-0.01859,0.59593,0.42430,-0.18256,0.15929,0.57609,-0.01930,0.85026,0.42340,-0.18246,0.18216,0.58760,-0.01934,0.83325,0.42332,0.0000,-0.0000,-0.0000,0.0000,-0.0000,0.3532,0.2828,-0.0305,0.00,0.2088,-0.0426,0.1595,0.0853
4.640,moving,-0.18307,0.22459,0.58495,-0.01859,0.59593,0.42430,-0.18256,0.15929,0.57609,-0.01930,0.85026,0.42340,-0.18250,0.19464,0.59042,-0.01940,0.81854,0.42330,0.0000,-0.0000,-0.0000,0.0000,-0.0000,0.3532,0.2828,-0.0304,0.00,0.2103,-0.0428,0.1563,0.0853
4.660,moving,-0.18307,0.22459,0.58495,-0.01859,0.59593,0.42430,-0.18256,0.15929,0.57609,-0.01930,0.85026,0.42340,-0.18250,0.21230,0.58954,-0.01943,0.79765,0.42327,0.0000,-0.0000,-0.0000,0.0000,-0.0000,0.3532,0.2829,-0.0302,0.00,0.2138,-0.0434,0.1524,0.0853
4.680,moving,-0.18307,0.22459,0.58495,-0.01859,0.59593,0.42430,-0.18256,0.15929,0.57609,-0.01930,0.85026,0.42340,-0.18245,0.22551,0.58843,-0.01944,0.77289,0.42324,0.0000,-0.0000,-0.0000,0.0000,-0.0000,0.3533,0.2829,-0.0302,0.00,0.2182,-0.0442,0.1496,0.0853
4.700,moving,-0.18307,0.22459,0.58495,-0.01859,0.59593,0.42430,-0.18256,0.15929,0.57609,-0.01930,0.85026,0.42340,-0.18241,0.22983,0.58726,-0.01943,0.76434,0.42319,0.0000,-0.0000,-0.0000,0.0000,-0.0000,0.3532,0.2829,-0.0304,0.00,0.2200,-0.0445,0.1488,0.0853
4.720,moving,-0.18307,0.22459,0.58495,-0.01859,0.59593,0.42430,-0.18241,0.22983,0.58726,-0.01943,0.76434,0.42319,-0.18242,0.23366,0.58668,-0.01947,0.75581,0.42317,0.0000,-0.0000,-0.0000,0.0000,-0.0000,0.3532,0.2828,-0.0304,0.00,0.2216,-0.0447,0.1480,0.0853
4.740,moving,-0.18307,0.22459,0.58495,-0.01859,0.59593,0.42430,-0.18241,0.22983,0.58726,-0.01943,0.76434,0.42319,-0.18241,0.23348,0.58616,-0.01950,0.74111,0.42314,0.0000,-0.0000,-0.0000,0.0000,-0.0000,0.3531,0.2828,-0.0304,0.00,0.2245,-0.0452,0.1481,0.0853
4.760,moving,-0.18307,0.22459,0.58495,-0.01859,0.59593,0.42430,-0.18241,0.22983,0.58726,-0.01943,0.76434,0.42319,-0.18241,0.23274,0.58579,-0.01955,0.72019,0.42311,0.0000,-0.0000,-0.0000,0.0000,-0.0000,0.3531,0.2829,-0.0304,0.00,0.2285,-0.0459,0.1484,0.0853
4.780,moving,-0.18307,0.22459,0.58495,-0.01859,0.59593,0.42430,-0.18241,0.22983,0.58726,-0.01943,0.76434,0.42319,-0.18242,0.23213,0.58543,-0.01958,0.69542,0.42309,0.0000,-0.0000,-0.0000,0.0000,-0.0000,0.3531,0.2829,-0.0303,0.00,0.2332,-0.0467,0.1488,0.0853
4.800,moving,-0.18307,0.22459,0.58495,-0.01859,0.59593,0.42430,-0.18241,0.22983,0.58726,-0.01943,0.76434,0.42319,-0.18240,0.23163,0.58482,-0.01957,0.68685,0.42304,0.0000,-0.0000,-0.0000,0.0000,-0.0000,0.3531,0.2829,-0.0302,0.00,0.2350,-0.0470,0.1491,0.0853
4.820,moving,-0.18307,0.22459,0.58495,-0.01859,0.59593,0.42430,-0.18241,0.22983,0.58726,-0.01943,0.76434,0.42319,-0.18242,0.23121,0.58474,-0.01962,0.67829,0.42304,0.0000,-0.0000,-0.0000,0.0000,-0.0000,0.3531,0.2829,-0.0302,0.00,0.2366,-0.0473,0.1493,0.0853
4.840,moving,-0.18307,0.22459,0.58495,-0.01859,0.59593,0.42430,-0.18242,0.23121,0.58474,-0.01962,0.67829,0.42304,-0.18241,0.23089,0.58464,-0.01967,0.66356,0.42301,0.0000,-0.0000,-0.0000,0.0000,-0.0000,0.3532,0.2829,-0.0302,0.00,0.2393,-0.0478,0.1496,0.0853
4.860,moving,-0.18307,0.22459,0.58495,-0.01859,0.59593,0.42430,-0.18242,0.23121,0.58474,-0.01962,0.67829,0.42304,-0.18243,0.23062,0.58461,-0.01971,0.64262,0.42301,0.0000,-0.0000,-0.0000,0.0000,-0.0000,0.3532,0.2829,-0.0302,0.00,0.2432,-0.0484,0.1501,0.0853
4.880,moving,-0.18307,0.22459,0.58495,-0.01859,0.59593,0.42430,-0.18242,0.23121,0.58474,-0.01962,0.67829,0.42304,-0.18243,0.23039,0.58441,-0.01974,0.62163,0.42298,0.0000,-0.0000,-0.0000,0.0000,-0.0000,0.3533,0.2829,-0.0302,0.00,0.2471,-0.0491,0.1507,0.0853
4.900,moving,-0.18307,0.22459,0.58495,-0.01859,0.59593,0.42430,-0.18242,0.23121,0.58474,-0.01962,0.67829,0.42304,-0.18243,0.23019,0.58412,-0.01973,0.61508,0.42295,0.0000,-0.0000,-0.0000,0.0000,-0.0000,0.3533,0.2829,-0.0303,0.00,0.2484,-0.0493,0.1509,0.0853
4.920,moving,-0.18307,0.22459,0.58495,-0.01859,0.59593,0.42430,-0.18242,0.23121,0.58474,-0.01962,0.67829,0.42304,-0.18244,0.23004,0.58422,-0.01979,0.60654,0.42294,0.0000,-0.0000,-0.0000,0.0000,-0.0000,0.3533,0.2829,-0.0303,0.00,0.2500,-0.0496,0.1512,0.0853
4.940,moving,-0.18307,0.22459,0.58495,-0.01859,0.59593,0.42430,-0.18242,0.23121,0.58474,-0.01962,0.67829,0.42304,-0.18244,0.22992,0.58408,-0.01981,0.59904,0.42292,0.0000,-0.0000,-0.0000,0.0000,-0.0000,0.3533,0.2829,-0.0303,0.00,0.2514,-0.0498,0.1514,0.0853
4.960,moving,-0.18307,0.22459,0.58495,-0.01859,0.59593,0.42430,-0.18244,0.22992,0.58408,-0.01981,0.59904,0.42292,-0.18244,0.22981,0.58401,-0.01983,0.59711,0.42290,0.0000,-0.0000,-0.0000,0.0000,-0.0000,0.3533,0.2829,-0.0303,0.00,0.2518,-0.0499,0.1515,0.0853
4.980,moving,-0.18307,0.22459,0.58495,-0.01859,0.59593,0.42430,-0.18244,0.22992,0.58408,-0.01981,0.59904,0.42292,-0.18244,0.22973,0.58401,-0.01986,0.59710,0.42289,0.0000,-0.0000,-0.0000,0.0000,-0.0000,0.3533,0.2829,-0.0303,0.00,0.2518,-0.0499,0.1515,0.0853
5.000,moving,-0.18307,0.22459,0.58495,-0.01859,0.59593,0.42430,-0.18244,0.22992,0.58408,-0.01981,0.59904,0.42292,-0.18244,0.22967,0.58402,-0.01989,0.59710,0.42288,0.0000,-0.0000,0.0000,0.0000,-0.0000,0.3532,0.2829,-0.0302,0.00,0.2518,-0.0499,0.1516,0.0853
5.020,moving,-0.18307,0.22459,0.58495,-0.01859,0.59593,0.42430,-0.18244,0.22992,0.58408,-0.01981,0.59904,0.42292,-0.18244,0.22962,0.58403,-0.01991,0.59710,0.42287,0.0000,-0.0000,0.0000,0.0000,-0.0000,0.3532,0.2829,-0.0302,0.00,0.2518,-0.0499,0.1516,0.0853
5.040,moving,-0.18307,0.22459,0.58495,-0.01859,0.59593,0.42430,-0.18244,0.22992,0.58408,-0.01981,0.59904,0.42292,-0.18244,0.22958,0.58403,-0.01993,0.59710,0.42286,0.0000,-0.0000,0.0000,0.0000,-0.0000,0.3532,0.2829,-0.0302,0.00,0.2518,-0.0499,0.1516,0.0853
5.060,moving,-0.18307,0.22459,0.58495,-0.01859,0.59593,0.42430,-0.18244,0.22992,0.58408,-0.01981,0.59904,0.42292,-0.18244,0.22954,0.58404,-0.01995,0.59710,0.42286,0.0000,-0.0000,0.0000,0.0000,-0.0000,0.3532,0.2829,-0.0302,0.00,0.2518,-0.0499,0.1516,0.0853
5.080,moving,-0.18307,0.22459,0.58495,-0.01859,0.59593,0.42430,-0.18244,0.22954,0.58404,-0.01995,0.59710,0.42286,-0.18244,0.22951,0.58404,-0.01996,0.59710,0.42285,0.0000,-0.0000,0.0000,0.0000,-0.0000,0.3532,0.2829,-0.0302,0.00,0.2518,-0.0499,0.1516,0.0853
5.100,moving,-0.18307,0.22459,0.58495,-0.01859,0.59593,0.42430,-0.18244,0.22954,0.58404,-0.01995,0.59710,0.42286,-0.18244,0.22949,0.58405,-0.01997,0.59710,0.42285,0.0000,-0.0000,0.0000,0.0000,-0.0000,0.3532,0.2829,-0.0302,0.00,0.2518,-0.0499,0.1516,0.0853
5.120,moving,-0.18307,0.22459,0.58495,-0.01859,0.59593,0.42430,-0.18244,0.22954,0.58404,-0.01995,0.59710,0.42286,-0.18244,0.22947,0.58405,-0.01998,0.59710,0.42284,0.0000,-0.0000,0.0000,0.0000,-0.0000,0.3532,0.2829,-0.0302,0.00,0.2518,-0.0499,0.1516,0.0853
5.140,moving,-0.18307,0.22459,0.58495,-0.01859,0.59593,0.42430,-0.18244,0.22954,0.58404,-0.01995,0.59710,0.42286,-0.18244,0.22945,0.58405,-0.01999,0.59710,0.42284,0.0000,-0.0000,0.0000,0.0000,-0.0000,0.3532,0.2829,-0.0302,0.00,0.2518,-0.0499,0.1516,0.0853
5.160,moving,-0.18307,0.22459,0.58495,-0.01859,0.59593,0.42430,-0.18244,0.22954,0.58404,-0.01995,0.59710,0.42286,-0.18244,0.22944,0.58406,-0.01999,0.59710,0.42284,0.0000,-0.0000,0.0000,0.0000,-0.0000,0.3532,0.2829,-0.0302,0.00,0.2518,-0.0499,0.1516,0.0853
5.180,moving,-0.18307,0.22459,0.58495,-0.01859,0.59593,0.42430,-0.18244,0.22954,0.58404,-0.01995,0.59710,0.42286,-0.18245,0.22942,0.58406,-0.01999,0.59710,0.42284,0.0000,-0.0000,0.0000,0.0000,-0.0000,0.3532,0.2829,-0.0302,0.00,0.2518,-0.0499,0.1516,0.0853
5.200,moving,-0.18307,0.22459,0.58495,-0.01859,0.59593,0.42430,-0.18245,0.22942,0.58406,-0.01999,0.59710,0.42284,-0.18245,0.22942,0.58406,-0.02000,0.59709,0.42284,0.0000,-0.0000,0.0000,0.0000,-0.0000,0.3533,0.2829,-0.0302,0.00,0.2518,-0.0499,0.1516,0.0853
5.220,moving,-0.18307,0.22459,0.58495,-0.01859,0.59593,0.42430,-0.18245,0.22942,0.58406,-0.01999,0.59710,0.42284,-0.18245,0.22941,0.58407,-0.02000,0.59709,0.42284,0.0000,-0.0000,0.0000,0.0000,-0.0000,0.3533,0.2829,-0.0302,0.00,0.2518,-0.0499,0.1516,0.0853
5.240,moving,-0.18307,0.22459,0.58495,-0.01859,0.59593,0.42430,-0.18245,0.22942,0.58406,-0.01999,0.59710,0.42284,-0.18245,0.22940,0.58407,-0.02000,0.59709,0.42284,0.0000,-0.0000,0.0000,0.0000,-0.0000,0.3533,0.2829,-0.0302,0.00,0.2518,-0.0499,0.1516,0.0853
5.260,moving,-0.18307,0.22459,0.58495,-0.01859,0.59593,0.42430,-0.18245,0.22942,0.58406,-0.01999,0.59710,0.42284,-0.18245,0.22940,0.58407,-0.02001,0.59709,0.42284,0.0000,-0.0000,0.0000,0.0000,-0.0000,0.3533,0.2829,-0.0302,0.00,0.2518,-0.0499,0.1516,0.0853
5.280,moving,-0.18307,0.22459,0.58495,-0.01859,0.59593,0.42430,-0.18245,0.22942,0.58406,-0.01999,0.59710,0.42284,-0.18245,0.22939,0.58407,-0.02001,0.59709,0.42284,0.0000,-0.0000,0.0000,0.0000,-0.0000,0.3533,0.2829,-0.0302,0.00,0.2518,-0.0499,0.1516,0.0853
5.300,detect,-0.18307,0.22459,0.58495,-0.01859,0.59593,0.42430,-0.18245,0.22942,0.58406,-0.01999,0.59710,0.42284,-0.18245,0.22939,0.58407,-0.02001,0.59709,0.42284,0.0000,-0.0000,0.0000,0.0000,-0.0000,0.3532,0.2829,-0.0302,0.00,0.2518,-0.0499,0.1516,0.0853
5.320,detect,-0.18307,0.22459,0.58495,-0.01859,0.59593,0.42430,-0.18245,0.22939,0.58407,-0.02001,0.59709,0.42284,-0.18245,0.22939,0.58407,-0.02001,0.59709,0.42283,0.0000,-0.0000,0.0000,0.0000,-0.0000,0.3532,0.2829,-0.0302,0.00,0.2518,-0.0499,0.1516,0.0853
5.340,detect,-0.18307,0.22459,0.58495,-0.01859,0.59593,0.42430,-0.18245,0.22939,0.58407,-0.02001,0.59709,0.42284,-0.18245,0.22938,0.58407,-0.02001,0.59709,0.42283,0.0000,-0.0000,0.0000,0.0000,-0.0000,0.3532,0.2829,-0.0302,0.00,0.2518,-0.0499,0.1516,0.0853
5.360,detect,-0.18307,0.22459,0.58495,-0.01859,0.59593,0.42430,-0.18245,0.22939,0.58407,-0.02001,0.59709,0.42284,-0.18245,0.22938,0.58407,-0.02001,0.59709,0.42283,0.0000,-0.0000,0.0000,0.0000,-0.0000,0.3532,0.2829,-0.0302,0.00,0.2518,-0.0499,0.1516,0.0853
5.380,detect,-0.18307,0.22459,0.58495,-0.01859,0.59593,0.42430,-0.18245,0.22939,0.58407,-0.02001,0.59709,0.42284,-0.18245,0.22938,0.58407,-0.02001,0.59709,0.42283,0.0000,-0.0000,0.0000,0.0000,-0.0000,0.3532,0.2829,-0.0302,0.00,0.2518,-0.0499,0.1516,0.0853
5.400,detect,-0.18307,0.22459,0.58495,-0.01859,0.59593,0.42430,-0.18245,0.22939,0.58407,-0.02001,0.59709,0.42284,-0.18245,0.22938,0.58407,-0.02001,0.59709,0.42284,0.0000,-0.0000,0.0000,0.0000,-0.0000,0.3532,0.2829,-0.0302,0.00,0.2518,-0.0499,0.1516,0.0853
5.420,detect,-0.18307,0.22459,0.58495,-0.01859,0.59593,0.42430,-0.18245,0.22939,0.58407,-0.02001,0.59709,0.42284,-0.18245,0.22938,0.58407,-0.02001,0.59709,0.42284,0.0000,-0.0000,0.0000,0.0000,-0.0000,0.3532,0.2829,-0.0302,0.00,0.2518,-0.0499,0.1516,0.0853
5.440,detect,-0.18307,0.22459,0.58495,-0.01859,0.59593,0.42430,-0.18245,0.22938,0.58407,-0.02001,0.59709,0.42284,-0.18245,0.22938,0.58407,-0.02001,0.59709,0.42284,0.0000,-0.0000,0.0000,0.0000,-0.0000,0.3532,0.2829,-0.0302,0.00,0.2518,-0.0499,0.1516,0.0853
5.460,detect,-0.18307,0.22459,0.58495,-0.01859,0.59593,0.42430,-0.18245,0.22938,0.58407,-0.02001,0.59709,0.42284,-0.18245,0.22938,0.58407,-0.02001,0.59709,0.42283,0.0000,-0.0000,0.0000,0.0000,-0.0000,0.3532,0.2829,-0.0302,0.00,0.2518,-0.0499,0.1516,0.0853
5.480,detect,-0.18307,0.22459,0.58495,-0.01859,0.59593,0.42430,-0.18245,0.22938,0.58407,-0.02001,0.59709,0.42284,-0.18245,0.22938,0.58407,-0.02002,0.59709,0.42283,0.0000,-0.0000,0.0000,0.0000,-0.0000,0.3532,0.2829,-0.0302,0.00,0.2518,-0.0499,0.1516,0.0853
5.500,detect,-0.18307,0.22459,0.58495,-0.01859,0.59593,0.42430,-0.18245,0.22938,0.58407,-0.02001,0.59709,0.42284,-0.18244,0.22938,0.58407,-0.02002,0.59709,0.42283,0.0000,-0.0000,0.0000,0.0000,-0.0000,0.3532,0.2829,-0.0302,0.00,0.2518,-0.0499,0.1516,0.0853
5.520,detect,-0.18307,0.22459,0.58495,-0.01859,0.59593,0.42430,-0.18245,0.22938,0.58407,-0.02001,0.59709,0.42284,-0.18245,0.22938,0.58407,-0.02002,0.59709,0.42283,0.0000,-0.0000,0.0000,0.0000,-0.0000,0.3532,0.2829,-0.0302,0.00,0.2518,-0.0499,0.1516,0.0853
5.540,detect,-0.18307,0.22459,0.58495,-0.01859,0.59593,0.42430,-0.18245,0.22938,0.58407,-0.02001,0.59709,0.42284,-0.18245,0.22938,0.58407,-0.02002,0.59709,0.42283,0.0000,-0.0000,0.0000,0.0000,-0.0000,0.3532,0.2829,-0.0302,0.00,0.2518,-0.0499,0.1516,0.0853
5.560,detect,-0.18307,0.22459,0.58495,-0.01859,0.59593,0.42430,-0.18245,0.22938,0.58407,-0.02002,0.59709,0.42283,-0.18245,0.22938,0.58407,-0.02001,0.59709,0.42283,0.0000,-0.0000,0.0000,0.0000,-0.0000,0.3532,0.2829,-0.0302,0.00,0.2518,-0.0499,0.1516,0.0853
5.580,detect,-0.18307,0.22459,0.58495,-0.01859,0.59593,0.42430,-0.18245,0.22938,0.58407,-0.02002,0.59709,0.42283,-0.18245,0.22938,0.58407,-0.02001,0.59709,0.42283,0.0000,-0.0000,0.0000,0.0000,-0.0000,0.3532,0.2829,-0.0302,0.00,0.2518,-0.0499,0.1516,0.0853
5.600,detect,-0.18307,0.22459,0.58495,-0.01859,0.59593,0.42430,-0.18245,0.22938,0.58407,-0.02002,0.59709,0.42283,-0.18245,0.22937,0.58407,-0.02001,0.59709,0.42283,0.0000,-0.0000,0.0000,0.0000,-0.0000,0.3532,0.2829,-0.0302,0.00,0.2518,-0.0499,0.1516,0.0853
5.620,detect,-0.18307,0.22459,0.58495,-0.01859,0.59593,0.42430,-0.18245,0.22938,0.58407,-0.02002,0.59709,0.42283,-0.18245,0.22937,0.58407,-0.02002,0.59709,0.42283,0.0000,-0.0000,0.0000,0.0000,-0.0000,0.3532,0.2829,-0.0302,0.00,0.2518,-0.0499,0.1516,0.0853
5.640,detect,-0.18307,0.22459,0.58495,-0.01859,0.59593,0.42430,-0.18245,0.22938,0.58407,-0.02002,0.59709,0.42283,-0.18245,0.22937,0.58407,-0.02002,0.59709,0.42283,0.0000,-0.0000,0.0000,0.0000,-0.0000,0.3532,0.2829,-0.0302,0.00,0.2518,-0.0499,0.1516,0.0853
5.660,detect,-0.18307,0.22459,0.58495,-0.01859,0.59593,0.42430,-0.18245,0.22938,0.58407,-0.02002,0.59709,0.42283,-0.18245,0.22937,0.58407,-0.02002,0.59709,0.42283,0.0000,-0.0000,0.0000,0.0000,-0.0000,0.3532,0.2829,-0.0302,0.00,0.2518,-0.0499,0.1516,0.0853
5.680,detect,-0.18307,0.22459,0.58495,-0.01859,0.59593,0.42430,-0.18245,0.22937,0.58407,-0.02002,0.59709,0.42283,-0.18245,0.22937,0.58407,-0.02002,0.59709,0.42283,0.0000,-0.0000,0.0000,0.0000,-0.0000,0.3532,0.2829,-0.0302,0.00,0.2518,-0.0499,0.1516,0.0853
5.700,detect,-0.18307,0.22459,0.58495,-0.01859,0.59593,0.42430,-0.18245,0.22937,0.58407,-0.02002,0.59709,0.42283,-0.18245,0.22937,0.58407,-0.02001,0.59709,0.42283,0.0000,-0.0000,0.0000,0.0000,-0.0000,0.3532,0.2829,-0.0302,0.00,0.2518,-0.0499,0.1516,0.0853
5.720,detect,-0.18307,0.22459,0.58495,-0.01859,0.59593,0.42430,-0.18245,0.22937,0.58407,-0.02002,0.59709,0.42283,-0.18245,0.22938,0.58407,-0.02001,0.59709,0.42284,0.0000,-0.0000,0.0000,0.0000,-0.0000,0.3532,0.2829,-0.0302,0.00,0.2518,-0.0499,0.1516,0.0853
5.740,detect,-0.18307,0.22459,0.58495,-0.01859,0.59593,0.42430,-0.18245,0.22937,0.58407,-0.02002,0.59709,0.42283,-0.18245,0.22938,0.58407,-0.02001,0.59709,0.42284,0.0000,-0.0000,0.0000,0.0000,-0.0000,0.3532,0.2829,-0.0302,0.00,0.2518,-0.0499,0.1516,0.0853
5.760,detect,-0.18307,0.22459,0.58495,-0.01859,0.59593,0.42430,-0.18245,0.22937,0.58407,-0.02002,0.59709,0.42283,-0.18245,0.22938,0.58407,-0.02001,0.59709,0.42284,0.0000,-0.0000,0.0000,0.0000,-0.0000,0.3532,0.2829,-0.0302,0.00,0.2518,-0.0499,0.1516,0.0853
5.780,detect,-0.18307,0.22459,0.58495,-0.01859,0.59593,0.42430,-0.18245,0.22937,0.58407,-0.02002,0.59709,0.42283,-0.18245,0.22938,0.58407,-0.02001,0.59709,0.42284,0.0000,-0.0000,0.0000,0.0000,-0.0000,0.3532,0.2829,-0.0302,0.00,0.2518,-0.0499,0.1516,0.0853
5.800,detect,-0.18307,0.22459,0.58495,-0.01859,0.59593,0.42430,-0.18245,0.22938,0.58407,-0.02001,0.59709,0.42284,-0.18245,0.22938,0.58407,-0.02001,0.59709,0.42283,0.0000,-0.0000,0.0000,0.0000,-0.0000,0.3532,0.2829,-0.0302,0.00,0.2518,-0.0499,0.1516,0.0853
5.820,detect,-0.18307,0.22459,0.58495,-0.01859,0.59593,0.42430,-0.18245,0.22938,0.58407,-0.02001,0.59709,0.42284,-0.18245,0.22937,0.58407,-0.02002,0.59709,0.42283,0.0000,-0.0000,0.0000,0.0000,-0.0000,0.3532,0.2829,-0.0302,0.00,0.2518,-0.0499,0.1516,0.0853
5.840,detect,-0.18307,0.22459,0.58495,-0.01859,0.59593,0.42430,-0.18245,0.22938,0.58407,-0.02001,0.59709,0.42284,-0.18245,0.22937,0.58407,-0.02002,0.59709,0.42283,0.0000,-0.0000,0.0000,0.0000,-0.0000,0.3532,0.2829,-0.0302,0.00,0.2518,-0.0499,0.1516,0.0853
5.860,detect,-0.18307,0.22459,0.58495,-0.01859,0.59593,0.42430,-0.18245,0.22938,0.58407,-0.02001,0.59709,0.42284,-0.18245,0.22937,0.58407,-0.02002,0.59709,0.42283,0.0000,-0.0000,0.0000,0.0000,-0.0000,0.3532,0.2829,-0.0303,0.00,0.2518,-0.0499,0.1516,0.0853
5.880,detect,-0.18307,0.22459,0.58495,-0.01859,0.59593,0.42430,-0.18245,0.22938,0.58407,-0.02001,0.59709,0.42284,-0.18245,0.22937,0.58407,-0.02002,0.59709,0.42283,0.0000,-0.0000,0.0000,0.0000,-0.0000,0.3532,0.2829,-0.0302,0.00,0.2518,-0.0499,0.1516,0.0853
5.900,detect,-0.18307,0.22459,0.58495,-0.01859,0.59593,0.42430,-0.18245,0.22938,0.58407,-0.02001,0.59709,0.42284,-0.18245,0.22937,0.58407,-0.02002,0.59709,0.42283,0.0000,-0.0000,0.0000,0.0000,-0.0000,0.3532,0.2829,-0.0302,0.00,0.2518,-0.0499,0.1516,0.0853
5.920,detect,-0.18307,0.22459,0.58495,-0.01859,0.59593,0.42430,-0.18245,0.22937,0.58407,-0.02002,0.59709,0.42283,-0.18245,0.22937,0.58407,-0.02001,0.59709,0.42283,0.0000,-0.0000,0.0000,0.0000,-0.0000,0.3532,0.2829,-0.0302,0.00,0.2518,-0.0499,0.1516,0.0853
5.940,detect,-0.18307,0.22459,0.58495,-0.01859,0.59593,0.42430,-0.18245,0.22937,0.58407,-0.02002,0.59709,0.42283,-0.18245,0.22937,0.58407,-0.02001,0.59709,0.42284,0.0000,-0.0000,0.0000,0.0000,-0.0000,0.3532,0.2829,-0.0302,0.00,0.2518,-0.0499,0.1516,0.0853
5.960,detect,-0.18307,0.22459,0.58495,-0.01859,0.59593,0.42430,-0.18245,0.22937,0.58407,-0.02002,0.59709,0.42283,-0.18245,0.22937,0.58407,-0.02001,0.59709,0.42283,0.0000,-0.0000,0.0000,0.0000,-0.0000,0.3532,0.2829,-0.0302,0.00,0.2518,-0.0499,0.1516,0.0853
5.980,detect,-0.18307,0.22459,0.58495,-0.01859,0.59593,0.42430,-0.18245,0.22937,0.58407,-0.02002,0.59709,0.42283,-0.18245,0.22937,0.58407,-0.02002,0.59709,0.42283,0.0000,-0.0000,0.0000,0.0000,-0.0000,0.3532,0.2829,-0.0302,0.00,0.2518,-0.0499,0.1516,0.0853
6.000,detect,-0.18307,0.22459,0.58495,-0.01859,0.59593,0.42430,-0.18245,0.22937,0.58407,-0.02002,0.59709,0.42283,-0.18245,0.22937,0.58407,-0.02002,0.59709,0.42283,0.0000,-0.0000,0.0000,0.0000,-0.0000,0.3532,0.2829,-0.0302,0.00,0.2518,-0.0499,0.1516,0.0853
6.020,detect,-0.18307,0.22459,0.58495,-0.01859,0.59593,0.42430,-0.18245,0.22937,0.58407,-0.02002,0.59709,0.42283,-0.18245,0.22937,0.58407,-0.02002,0.59709,0.42283,0.0000,-0.0000,0.0000,0.0000,-0.0000,0.3532,0.2829,-0.0302,0.00,0.2518,-0.0499,0.1516,0.0853
6.040,detect,-0.18307,0.22459,0.58495,-0.01859,0.59593,0.42430,-0.18245,0.22937,0.58407,-0.02002,0.59709,0.42283,-0.18245,0.22937,0.58407,-0.02002,0.59709,0.42283,0.0000,-0.0000,0.0000,0.0000,-0.0000,0.3532,0.2829,-0.0302,0.00,0.2518,-0.0499,0.1516,0.0853
6.060,detect,-0.18307,0.22459,0.58495,-0.01859,0.59593,0.42430,-0.18245,0.22937,0.58407,-0.02002,0.59709,0.42283,-0.18245,0.22937,0.58407,-0.02002,0.59709,0.42283,0.0000,-0.0000,0.0000,0.0000,-0.0000,0.3532,0.2829,-0.0302,0.00,0.2518,-0.0499,0.1516,0.0853
6.080,detect,-0.18307,0.22459,0.58495,-0.01859,0.59593,0.42430,-0.18245,0.22937,0.58407,-0.02002,0.59709,0.42283,-0.18245,0.22938,0.58407,-0.02001,0.59709,0.42283,0.0000,-0.0000,0.0000,0.0000,-0.0000,0.3532,0.2829,-0.0302,0.00,0.2518,-0.0499,0.1516,0.0853
6.100,detect,-0.18307,0.22459,0.58495,-0.01859,0.59593,0.42430,-0.18245,0.22937,0.58407,-0.02002,0.59709,0.42283,-0.18245,0.22938,0.58407,-0.02001,0.59709,0.42284,0.0000,-0.0000,0.0000,0.0000,-0.0000,0.3532,0.2829,-0.0302,0.00,0.2518,-0.0499,0.1516,0.0853
6.120,detect,-0.18307,0.22459,0.58495,-0.01859,0.59593,0.42430,-0.18245,0.22937,0.58407,-0.02002,0.59709,0.42283,-0.18245,0.22938,0.58407,-0.02001,0.59709,0.42283,0.0000,-0.0000,0.0000,0.0000,-0.0000,0.3532,0.2829,-0.0302,0.00,0.2518,-0.0499,0.1516,0.0853
6.140,detect,-0.18307,0.22459,0.58495,-0.01859,0.59593,0.42430,-0.18245,0.22937,0.58407,-0.02002,0.59709,0.42283,-0.18245,0.22938,0.58407,-0.02002,0.59709,0.42283,0.0000,-0.0000,0.0000,0.0000,-0.0000,0.3532,0.2829,-0.0302,0.00,0.2518,-0.0499,0.1516,0.0853
6.160,detect,-0.18307,0.22459,0.58495,-0.01859,0.59593,0.42430,-0.18245,0.22938,0.58407,-0.02002,0.59709,0.42283,-0.18245,0.22937,0.58407,-0.02002,0.59709,0.42283,0.0000,-0.0000,0.0000,0.0000,-0.0000,0.3532,0.2829,-0.0302,0.00,0.2518,-0.0499,0.1516,0.0853
6.180,detect,-0.18307,0.22459,0.58495,-0.01859,0.59593,0.42430,-0.18245,0.22938,0.58407,-0.02002,0.59709,0.42283,-0.18245,0.22937,0.58407,-0.02002,0.59709,0.42283,0.0000,-0.0000,0.0000,0.0000,-0.0000,0.3532,0.2829,-0.0302,0.00,0.2518,-0.0499,0.1516,0.0853
6.200,detect,-0.18307,0.22459,0.58495,-0.01859,0.59593,0.42430,-0.18245,0.22938,0.58407,-0.02002,0.59709,0.42283,-0.18245,0.22937,0.58407,-0.02002,0.59709,0.42283,0.0000,-0.0000,0.0000,0.0000,-0.0000,0.3532,0.2829,-0.0302,0.00,0.2518,-0.0499,0.1516,0.0853
6.220,detect,-0.18307,0.22459,0.58495,-0.01859,0.59593,0.42430,-0.18245,0.22938,0.58407,-0.02002,0.59709,0.42283,-0.18245,0.22937,0.58407,-0.02002,0.59709,0.42283,0.0000,-0.0000,0.0000,0.0000,-0.0000,0.3532,0.2829,-0.0302,0.00,0.2518,-0.0499,0.1516,0.0853
6.240,detect,-0.18307,0.22459,0.58495,-0.01859,0.59593,0.42430,-0.18245,0.22938,0.58407,-0.02002,0.59709,0.42283,-0.18245,0.22937,0.58407,-0.02002,0.59709,0.42283,0.0000,-0.0000,0.0000,0.0000,-0.0000,0.3532,0.2829,-0.0302,0.00,0.2518,-0.0499,0.1516,0.0853
6.260,detect,-0.18307,0.22459,0.58495,-0.01859,0.59593,0.42430,-0.18245,0.22938,0.58407,-0.02002,0.59709,0.42283,-0.18245,0.22938,0.58407,-0.02001,0.59709,0.42283,0.0000,-0.0000,0.0000,0.0000,-0.0000,0.3532,0.2829,-0.0302,0.00,0.2518,-0.0499,0.1516,0.0853
6.280,detect,-0.18307,0.22459,0.58495,-0.01859,0.59593,0.42430,-0.18245,0.22938,0.58407,-0.02001,0.59709,0.42283,-0.18245,0.22938,0.58407,-0.02001,0.59709,0.42283,0.0000,-0.0000,0.0000,0.0000,-0.0000,0.3532,0.2829,-0.0302,0.00,0.2518,-0.0499,0.1516,0.0853
6.300,detect,-0.18307,0.22459,0.58495,-0.01859,0.59593,0.42430,-0.18245,0.22938,0.58407,-0.02001,0.59709,0.42283,-0.18245,0.22938,0.58407,-0.02001,0.59709,0.42284,0.0000,-0.0000,0.0000,0.0000,-0.0000,0.3532,0.2829,-0.0302,0.00,0.2518,-0.0499,0.1516,0.0853
6.320,detect,-0.18307,0.22459,0.58495,-0.01859,0.59593,0.42430,-0.18245,0.22938,0.58407,-0.02001,0.59709,0.42283,-0.18245,0.22937,0.58407,-0.02001,0.59709,0.42283,0.0000,-0.0000,0.0000,0.0000,-0.0000,0.3532,0.2829,-0.0302,0.00,0.2518,-0.0499,0.1516,0.0853
6.340,detect,-0.18307,0.22459,0.58495,-0.01859,0.59593,0.42430,-0.18245,0.22938,0.58407,-0.02001,0.59709,0.42283,-0.18245,0.22938,0.58407,-0.02001,0.59709,0.42283,0.0000,-0.0000,0.0000,0.0000,-0.0000,0.3532,0.2829,-0.0302,0.00,0.2518,-0.0499,0.1516,0.0853
6.360,detect,-0.18307,0.22459,0.58495,-0.01859,0.59593,0.42430,-0.18245,0.22938,0.58407,-0.02001,0.59709,0.42283,-0.18245,0.22937,0.58407,-0.02002,0.59709,0.42283,0.0000,-0.0000,0.0000,0.0000,-0.0000,0.3532,0.2829,-0.0302,0.00,0.2518,-0.0499,0.1516,0.0853
6.380,detect,-0.18307,0.22459,0.58495,-0.01859,0.59593,0.42430,-0.18245,0.22938,0.58407,-0.02001,0.59709,0.42283,-0.18245,0.22937,0.58407,-0.02002,0.59709,0.42283,0.0000,-0.0000,0.0000,0.0000,-0.0000,0.3532,0.2829,-0.0302,0.00,0.2518,-0.0499,0.1516,0.0853
6.400,detect,-0.18307,0.22459,0.58495,-0.01859,0.59593,0.42430,-0.18245,0.22937,0.58407,-0.02002,0.59709,0.42283,-0.18245,0.22937,0.58407,-0.02002,0.59709,0.42283,0.0000,-0.0000,0.0000,0.0000,-0.0000,0.3532,0.2829,-0.0302,0.00,0.2518,-0.0499,0.1516,0.0853
6.420,detect,-0.18307,0.22459,0.58495,-0.01859,0.59593,0.42430,-0.18245,0.22937,0.58407,-0.02002,0.59709,0.42283,-0.18245,0.22937,0.58407,-0.02002,0.59709,0.42283,0.0000,-0.0000,0.0000,0.0000,-0.0000,0.3532,0.2829,-0.0302,0.00,0.2518,-0.0499,0.1516,0.0853
6.440,detect,-0.18307,0.22459,0.58495,-0.01859,0.59593,0.42430,-0.18245,0.22937,0.58407,-0.02002,0.59709,0.42283,-0.18245,0.22938,0.58407,-0.02001,0.59709,0.42283,0.0000,-0.0000,0.0000,0.0000,-0.0000,0.3532,0.2829,-0.0302,0.00,0.2518,-0.0499,0.1516,0.0853
6.460,detect,-0.18307,0.22459,0.58495,-0.01859,0.59593,0.42430,-0.18245,0.22937,0.58407,-0.02002,0.59709,0.42283,-0.18245,0.22938,0.58407,-0.02001,0.59709,0.42284,0.0000,-0.0000,0.0000,0.0000,-0.0000,0.3532,0.2829,-0.0302,0.00,0.2518,-0.0499,0.1516,0.0853
6.480,detect,-0.18307,0.22459,0.58495,-0.01859,0.59593,0.42430,-0.18245,0.22937,0.58407,-0.02002,0.59709,0.42283,-0.18245,0.22938,0.58407,-0.02001,0.59709,0.42284,0.0000,-0.0000,0.0000,0.0000,-0.0000,0.3532,0.2829,-0.0302,0.00,0.2518,-0.0499,0.1516,0.0853
6.500,detect,-0.18307,0.22459,0.58495,-0.01859,0.59593,0.42430,-0.18245,0.22937,0.58407,-0.02002,0.59709,0.42283,-0.18245,0.22938,0.58407,-0.02001,0.59709,0.42284,0.0000,-0.0000,0.0000,0.0000,-0.0000,0.3532,0.2829,-0.0302,0.00,0.2518,-0.0499,0.1516,0.0853
6.520,detect,-0.18307,0.22459,0.58495,-0.01859,0.59593,0.42430,-0.18245,0.22938,0.58407,-0.02001,0.59709,0.42284,-0.18245,0.22937,0.58407,-0.02001,0.59709,0.42283,0.0000,-0.0000,0.0000,0.0000,-0.0000,0.3532,0.2829,-0.0302,0.00,0.2518,-0.0499,0.1516,0.0853
6.540,detect,-0.18307,0.22459,0.58495,-0.01859,0.59593,0.42430,-0.18245,0.22938,0.58407,-0.02001,0.59709,0.42284,-0.18245,0.22938,0.58407,-0.02001,0.59709,0.42283,0.0000,-0.0000,0.0000,0.0000,-0.0000,0.3532,0.2829,-0.0302,0.00,0.2518,-0.0499,0.1516,0.0853
6.560,detect,-0.18307,0.22459,0.58495,-0.01859,0.59593,0.42430,-0.18245,0.22938,0.58407,-0.02001,0.59709,0.42284,-0.18245,0.22937,0.58407,-0.02002,0.59709,0.42283,0.0000,-0.0000,0.0000,0.0000,-0.0000,0.3532,0.2829,-0.0302,0.00,0.2518,-0.0499,0.1516,0.0853
6.580,detect,-0.18307,0.22459,0.58495,-0.01859,0.59593,0.42430,-0.18245,0.22938,0.58407,-0.02001,0.59709,0.42284,-0.18245,0.22938,0.58407,-0.02001,0.59709,0.42283,0.0000,-0.0000,0.0000,0.0000,-0.0000,0.3532,0.2829,-0.0302,0.00,0.2518,-0.0499,0.1516,0.0853
6.600,detect,-0.18307,0.22459,0.58495,-0.01859,0.59593,0.42430,-0.18245,0.22938,0.58407,-0.02001,0.59709,0.42284,-0.18245,0.22938,0.58407,-0.02001,0.59709,0.42283,0.0000,-0.0000,0.0000,0.0000,-0.0000,0.3532,0.2829,-0.0302,0.00,0.2518,-0.0499,0.1516,0.0853
6.620,detect,-0.18307,0.22459,0.58495,-0.01859,0.59593,0.42430,-0.18245,0.22938,0.58407,-0.02001,0.59709,0.42284,-0.18245,0.22938,0.58407,-0.02001,0.59709,0.42284,0.0000,-0.0000,0.0000,0.0000,-0.0000,0.3532,0.2829,-0.0302,0.00,0.2518,-0.0499,0.1516,0.0853
6.640,detect,-0.18307,0.22459,0.58495,-0.01859,0.59593,0.42430,-0.18245,0.22938,0.58407,-0.02001,0.59709,0.42284,-0.18245,0.22938,0.58407,-0.02001,0.59709,0.42284,0.0000,-0.0000,0.0000,0.0000,-0.0000,0.3532,0.2829,-0.0302,0.00,0.2518,-0.0499,0.1516,0.0853
6.660,detect,-0.18307,0.22459,0.58495,-0.01859,0.59593,0.42430,-0.18245,0.22938,0.58407,-0.02001,0.59709,0.42284,-0.18245,0.22938,0.58407,-0.02001,0.59709,0.42283,0.0000,-0.0000,0.0000,0.0000,-0.0000,0.3532,0.2829,-0.0302,0.00,0.2518,-0.0499,0.1516,0.0853
6.680,detect,-0.18307,0.22459,0.58495,-0.01859,0.59593,0.42430,-0.18245,0.22938,0.58407,-0.02001,0.59709,0.42284,-0.18245,0.22937,0.58407,-0.02002,0.59709,0.42283,0.0000,-0.0000,0.0000,0.0000,-0.0000,0.3532,0.2829,-0.0302,0.00,0.2518,-0.0499,0.1516,0.0853
6.700,detect,-0.18307,0.22459,0.58495,-0.01859,0.59593,0.42430,-0.18245,0.22938,0.58407,-0.02001,0.59709,0.42284,-0.18245,0.22937,0.58407,-0.02002,0.59709,0.42283,0.0000,-0.0000,0.0000,0.0000,-0.0000,0.3532,0.2829,-0.0302,0.00,0.2518,-0.0499,0.1516,0.0853
6.720,detect,-0.18307,0.22459,0.58495,-0.01859,0.59593,0.42430,-0.18245,0.22938,0.58407,-0.02001,0.59709,0.42284,-0.18245,0.22937,0.58407,-0.02002,0.59709,0.42283,0.0000,-0.0000,0.0000,0.0000,-0.0000,0.3532,0.2829,-0.0302,0.00,0.2518,-0.0499,0.1516,0.0853
6.740,moving,-0.18307,0.22459,0.58495,-0.01859,0.59593,0.42430,-0.18245,0.22938,0.58407,-0.02001,0.59709,0.42284,-0.18245,0.22937,0.58407,-0.02002,0.59709,0.42283,0.0000,-0.0000,0.0000,0.0000,-0.0000,0.3532,0.2829,-0.0302,0.00,0.2518,-0.0499,0.1516,0.0853
6.760,moving,0.19910,0.51883,0.02111,0.04464,1.04887,0.15948,-0.18245,0.22937,0.58407,-0.02002,0.59709,0.42283,-0.18245,0.22937,0.58407,-0.02002,0.59709,0.42283,0.0000,-0.0000,0.0000,0.0000,-0.0000,0.3532,0.2829,-0.0302,0.00,0.2518,-0.0499,0.1516,0.0853
6.780,moving,0.19910,0.51883,0.02111,0.04464,1.04887,0.15948,-0.18245,0.22937,0.58407,-0.02002,0.59709,0.42283,-0.18245,0.22937,0.58407,-0.02001,0.59709,0.42283,0.0000,-0.0000,0.0000,0.0000,-0.0000,0.3532,0.2829,-0.0302,0.00,0.2518,-0.0499,0.1516,0.0853
6.800,moving,0.19910,0.51883,0.02111,0.04464,1.04887,0.15948,-0.18245,0.22937,0.58407,-0.02002,0.59709,0.42283,-0.18031,0.23165,0.58184,-0.01774,0.59939,0.42053,0.0000,-0.0000,0.0000,0.0000,-0.0000,0.3533,0.2829,-0.0303,0.00,0.2521,-0.0492,0.1514,0.0853
6.820,moving,0.19910,0.51883,0.02111,0.04464,1.04887,0.15948,-0.18245,0.22937,0.58407,-0.02002,0.59709,0.42283,-0.17200,0.24013,0.57340,-0.00928,0.60788,0.41202,0.0000,0.0000,0.0000,0.0000,-0.0000,0.3533,0.2828,-0.0305,0.00,0.2532,-0.0463,0.1506,0.0853
6.840,moving,0.19910,0.51883,0.02111,0.04464,1.04887,0.15948,-0.18245,0.22937,0.58407,-0.02002,0.59709,0.42283,-0.15747,0.25482,0.55874,0.00540,0.62258,0.39731,0.0000,0.0000,-0.0000,0.0000,-0.0000,0.3535,0.2827,-0.0307,0.00,0.2552,-0.0412,0.1493,0.0853
6.860,moving,0.19910,0.51883,0.02111,0.04464,1.04887,0.15948,-0.18245,0.22937,0.58407,-0.02002,0.59709,0.42283,-0.13668,0.27571,0.53783,0.02366,0.64350,0.37643,0.0000,0.0000,-0.0000,0.0000,-0.0000,0.3536,0.2827,-0.0309,0.00,0.2578,-0.0340,0.1474,0.0852
6.880,moving,0.19910,0.51883,0.02111,0.04464,1.04887,0.15948,-0.13668,0.27571,0.53783,0.02366,0.64350,0.37643,-0.11170,0.30126,0.51313,0.03614,0.66847,0.35154,0.0000,0.0000,-0.0000,0.0000,-0.0000,0.3537,0.2827,-0.0309,0.00,0.2605,-0.0263,0.1448,0.0852
6.900,moving,0.19910,0.51883,0.02111,0.04464,1.04887,0.15948,-0.13668,0.27571,0.53783,0.02366,0.64350,0.37643,-0.10095,0.31518,0.50420,0.04076,0.67716,0.34291,0.0000,-0.0000,-0.0000,0.0000,-0.0000,0.3535,0.2830,-0.0299,0.00,0.2613,-0.0229,0.1427,0.0853
6.920,moving,0.19910,0.51883,0.02111,0.04464,1.04887,0.15948,-0.13668,0.27571,0.53783,0.02366,0.64350,0.37643,-0.09288,0.32284,0.49574,0.04346,0.68572,0.33453,0.0000,0.0000,0.0000,0.0000,-0.0000,0.3533,0.2831,-0.0296,0.00,0.2621,-0.0205,0.1421,0.0852
6.940,moving,0.19910,0.51883,0.02111,0.04464,1.04887,0.15948,-0.13668,0.27571,0.53783,0.02366,0.64350,0.37643,-0.07860,0.33676,0.48110,0.04359,0.70043,0.31998,0.0000,0.0000,0.0000,0.0000,-0.0000,0.3532,0.2830,-0.0298,0.00,0.2634,-0.0167,0.1409,0.0853
6.960,moving,0.19910,0.51883,0.02111,0.04464,1.04887,0.15948,-0.13668,0.27571,0.53783,0.02366,0.64350,0.37643,-0.05805,0.35706,0.46017,0.04364,0.72137,0.29917,0.0000,0.0000,0.0000,0.0000,-0.0000,0.3532,0.2828,-0.0304,0.00,0.2651,-0.0112,0.1390,0.0853
6.980,moving,0.19910,0.51883,0.02111,0.04464,1.04887,0.15948,-0.13668,0.27571,0.53783,0.02366,0.64350,0.37643,-0.03329,0.38213,0.43546,0.04371,0.74634,0.27428,0.0000,0.0000,-0.0000,0.0000,-0.0000,0.3533,0.2827,-0.0308,0.00,0.2668,-0.0046,0.1364,0.0853
7.000,moving,0.19910,0.51883,0.02111,0.04464,1.04887,0.15948,-0.03329,0.38213,0.43546,0.04371,0.74634,0.27428,-0.02277,0.39593,0.42660,0.04390,0.75503,0.26564,0.0000,-0.0000,0.0000,0.0000,-0.0000,0.3531,0.2830,-0.0299,0.00,0.2671,-0.0017,0.1342,0.0854
7.020,moving,0.19910,0.51883,0.02111,0.04464,1.04887,0.15948,-0.03329,0.38213,0.43546,0.04371,0.74634,0.27428,-0.01487,0.40322,0.41813,0.04398,0.76358,0.25732,0.0000,0.0000,0.0000,0.0000,-0.0000,0.3529,0.2831,-0.0295,0.00,0.2677,0.0005,0.1336,0.0853
7.040,moving,0.19910,0.51883,0.02111,0.04464,1.04887,0.15948,-0.03329,0.38213,0.43546,0.04371,0.74634,0.27428,-0.00068,0.41684,0.40346,0.04407,0.77831,0.24277,0.0000,0.0000,0.0000,0.0000,-0.0000,0.3530,0.2830,-0.0298,0.00,0.2686,0.0044,0.1324,0.0853
7.060,moving,0.19910,0.51883,0.02111,0.04464,1.04887,0.15948,-0.03329,0.38213,0.43546,0.04371,0.74634,0.27428,0.01980,0.43686,0.38254,0.04412,0.79924,0.22197,0.0000,0.0000,0.0000,0.0000,-0.0000,0.3530,0.2828,-0.0304,0.00,0.2697,0.0100,0.1305,0.0853
7.080,moving,0.19910,0.51883,0.02111,0.04464,1.04887,0.15948,-0.03329,0.38213,0.43546,0.04371,0.74634,0.27428,0.04448,0.46170,0.35783,0.04419,0.82422,0.19762,0.0000,0.0000,0.0000,0.0000,-0.0000,0.3532,0.2827,-0.0308,0.00,0.2707,0.0169,0.1279,0.0853
7.100,moving,0.19910,0.51883,0.02111,0.04464,1.04887,0.15948,-0.03329,0.38213,0.43546,0.04371,0.74634,0.27428,0.05521,0.47535,0.34906,0.04437,0.83290,0.18984,0.0000,-0.0000,0.0000,0.0000,-0.0000,0.3531,0.2831,-0.0297,0.00,0.2706,0.0199,0.1256,0.0853
7.120,moving,0.19910,0.51883,0.02111,0.04464,1.04887,0.15948,0.05521,0.47535,0.34906,0.04437,0.83290,0.18984,0.06302,0.48253,0.34058,0.04447,0.84144,0.18154,0.0000,0.0000,0.0000,0.0000,-0.0000,0.3531,0.2832,-0.0291,0.00,0.2710,0.0221,0.1251,0.0853
7.140,moving,0.19910,0.51883,0.02111,0.04464,1.04887,0.15948,0.05521,0.47535,0.34906,0.04437,0.83290,0.18984,0.07714,0.49601,0.32591,0.04455,0.85616,0.16896,0.0000,0.0000,0.0000,0.0000,-0.0000,0.3531,0.2831,-0.0295,0.00,0.2715,0.0261,0.1239,0.0853
7.160,moving,0.19910,0.51883,0.02111,0.04464,1.04887,0.15948,0.05521,0.47535,0.34906,0.04437,0.83290,0.18984,0.09754,0.51232,0.30497,0.04460,0.87710,0.16154,0.0000,0.0000,0.0000,0.0000,-0.0000,0.3532,0.2829,-0.0302,0.00,0.2722,0.0318,0.1229,0.0853
7.180,moving,0.19910,0.51883,0.02111,0.04464,1.04887,0.15948,0.05521,0.47535,0.34906,0.04437,0.83290,0.18984,0.12215,0.52261,0.28025,0.04466,0.90209,0.15967,0.0000,0.0000,0.0000,0.0000,-0.0000,0.3533,0.2828,-0.0306,0.00,0.2734,0.0389,0.1242,0.0853
7.200,moving,0.19910,0.51883,0.02111,0.04464,1.04887,0.15948,0.05521,0.47535,0.34906,0.04437,0.83290,0.18984,0.13346,0.52568,0.27074,0.04483,0.91072,0.15954,0.0000,0.0000,0.0000,0.0000,-0.0000,0.3532,0.2832,-0.0295,0.00,0.2740,0.0422,0.1249,0.0853
7.220,moving,0.19910,0.51883,0.02111,0.04464,1.04887,0.15948,0.05521,0.47535,0.34906,0.04437,0.83290,0.18984,0.14110,0.52661,0.26239,0.04492,0.91925,0.15976,0.0000,0.0000,0.0000,0.0000,-0.0000,0.3531,0.2833,-0.0288,0.00,0.2745,0.0445,0.1261,0.0853
7.240,moving,0.19910,0.51883,0.02111,0.04464,1.04887,0.15948,0.14110,0.52661,0.26239,0.04492,0.91925,0.15976,0.15509,0.52625,0.24781,0.04499,0.93397,0.15995,0.0000,0.0000,0.0000,0.0000,-0.0000,0.3531,0.2832,-0.0292,0.00,0.2754,0.0486,0.1287,0.0853
7.260,moving,0.19910,0.51883,0.02111,0.04464,1.04887,0.15948,0.14110,0.52661,0.26239,0.04492,0.91925,0.15976,0.17423,0.52595,0.22700,0.04505,0.95489,0.16004,0.0000,0.0000,0.0000,0.0000,-0.0000,0.3531,0.2830,-0.0298,0.00,0.2765,0.0544,0.1323,0.0853
7.280,moving,0.19910,0.51883,0.02111,0.04464,1.04887,0.15948,0.14110,0.52661,0.26239,0.04492,0.91925,0.15976,0.18900,0.52564,0.20243,0.04514,0.97985,0.16005,0.0000,0.0000,0.0000,0.0000,-0.0000,0.3531,0.2831,-0.0297,0.00,0.2781,0.0591,0.1367,0.0853
7.300,moving,0.19910,0.51883,0.02111,0.04464,1.04887,0.15948,0.14110,0.52661,0.26239,0.04492,0.91925,0.15976,0.19398,0.52510,0.19223,0.04526,0.98843,0.16005,0.0000,0.0000,0.0000,0.0000,-0.0000,0.3531,0.2833,-0.0290,0.00,0.2791,0.0608,0.1386,0.0853
7.320,moving,0.19910,0.51883,0.02111,0.04464,1.04887,0.15948,0.14110,0.52661,0.26239,0.04492,0.91925,0.15976,0.19900,0.52503,0.18411,0.04532,0.99695,0.16012,0.0000,0.0000,0.0000,0.0000,-0.0000,0.3531,0.2833,-0.0289,0.00,0.2795,0.0624,0.1401,0.0853
7.340,moving,0.19910,0.51883,0.02111,0.04464,1.04887,0.15948,0.14110,0.52661,0.26239,0.04492,0.91925,0.15976,0.19968,0.52498,0.16971,0.04541,1.01167,0.16020,0.0000,0.0000,0.0000,0.0000,-0.0000,0.3531,0.2833,-0.0288,0.00,0.2807,0.0629,0.1427,0.0853
7.360,moving,0.19910,0.51883,0.02111,0.04464,1.04887,0.15948,0.19968,0.52498,0.16971,0.04541,1.01167,0.16020,0.19945,0.52494,0.14915,0.04546,1.03017,0.16027,0.0000,0.0000,0.0000,0.0000,-0.0000,0.3532,0.2833,-0.0290,0.00,0.2830,0.0634,0.1464,0.0853
7.380,moving,0.19910,0.51883,0.02111,0.04464,1.04887,0.15948,0.19968,0.52498,0.16971,0.04541,1.01167,0.16020,0.19928,0.52484,0.12481,0.04548,1.04289,0.16031,0.0000,0.0000,0.0000,0.0000,-0.0000,0.3532,0.2832,-0.0293,0.00,0.2872,0.0642,0.1505,0.0853
7.400,moving,0.19910,0.51883,0.02111,0.04464,1.04887,0.15948,0.19968,0.52498,0.16971,0.04541,1.01167,0.16020,0.19915,0.52442,0.11375,0.04548,1.04736,0.16032,0.0000,0.0000,0.0000,0.0000,-0.0000,0.3533,0.2831,-0.0296,0.00,0.2893,0.0646,0.1525,0.0853
7.420,moving,0.19910,0.51883,0.02111,0.04464,1.04887,0.15948,0.19968,0.52498,0.16971,0.04541,1.01167,0.16020,0.19901,0.52450,0.10601,0.04549,1.05037,0.16035,0.0000,0.0000,0.0000,0.0000,-0.0000,0.3533,0.2831,-0.0297,0.00,0.2908,0.0649,0.1538,0.0853
7.440,moving,0.19910,0.51883,0.02111,0.04464,1.04887,0.15948,0.19968,0.52498,0.16971,0.04541,1.01167,0.16020,0.19889,0.52457,0.09188,0.04550,1.05046,0.16037,0.0000,0.0000,0.0000,0.0000,-0.0000,0.3533,0.2831,-0.0297,0.00,0.2945,0.0656,0.1561,0.0853
7.460,moving,0.19910,0.51883,0.02111,0.04464,1.04887,0.15948,0.19968,0.52498,0.16971,0.04541,1.01167,0.16020,0.19880,0.52464,0.07143,0.04551,1.05045,0.16039,0.0000,0.0000,0.0000,0.0000,-0.0000,0.3533,0.2831,-0.0296,0.00,0.2999,0.0667,0.1596,0.0853
7.480,moving,0.19910,0.51883,0.02111,0.04464,1.04887,0.15948,0.19880,0.52464,0.07143,0.04551,1.05045,0.16039,0.19873,0.52457,0.04866,0.04553,1.05043,0.16040,0.0000,0.0000,0.0000,0.0000,-0.0000,0.3533,0.2832,-0.0295,0.00,0.3057,0.0678,0.1636,0.0853
7.500,moving,0.19910,0.51883,0.02111,0.04464,1.04887,0.15948,0.19880,0.52464,0.07143,0.04551,1.05045,0.16039,0.19870,0.52428,0.04002,0.04554,1.05041,0.16041,0.0000,0.0000,0.0000,0.0000,-0.0000,0.3532,0.2832,-0.0294,0.00,0.3079,0.0683,0.1652,0.0853
7.520,moving,0.19910,0.51883,0.02111,0.04464,1.04887,0.15948,0.19880,0.52464,0.07143,0.04551,1.05045,0.16039,0.19864,0.52443,0.03217,0.04555,1.05040,0.16042,0.0000,0.0000,0.0000,0.0000,-0.0000,0.3532,0.2831,-0.0295,0.00,0.3099,0.0686,0.1666,0.0853
7.540,moving,0.19910,0.51883,0.02111,0.04464,1.04887,0.15948,0.19880,0.52464,0.07143,0.04551,1.05045,0.16039,0.19860,0.52440,0.02205,0.04556,1.05039,0.16043,0.0000,0.0000,0.0000,0.0000,-0.0000,0.3531,0.2831,-0.0295,0.00,0.3124,0.0691,0.1685,0.0853
7.560,moving,0.19910,0.51883,0.02111,0.04464,1.04887,0.15948,0.19880,0.52464,0.07143,0.04551,1.05045,0.16039,0.19857,0.52434,0.01780,0.04557,1.05038,0.16044,0.0000,0.0000,0.0000,0.0000,-0.0000,0.3531,0.2831,-0.0295,0.00,0.3135,0.0694,0.1693,0.0853
7.580,moving,0.19910,0.51883,0.02111,0.04464,1.04887,0.15948,0.19880,0.52464,0.07143,0.04551,1.05045,0.16039,0.19854,0.52434,0.01767,0.04558,1.05038,0.16044,0.0000,0.0000,0.0000,0.0000,-0.0000,0.3531,0.2831,-0.0295,0.00,0.3135,0.0694,0.1693,0.0853
7.600,moving,0.19910,0.51883,0.02111,0.04464,1.04887,0.15948,0.19854,0.52434,0.01767,0.04558,1.05038,0.16044,0.19852,0.52438,0.01793,0.04558,1.05037,0.16045,0.0000,0.0000,0.0000,0.0000,-0.0000,0.3531,0.2831,-0.0295,0.00,0.3134,0.0693,0.1693,0.0853
7.620,moving,0.19910,0.51883,0.02111,0.04464,1.04887,0.15948,0.19854,0.52434,0.01767,0.04558,1.05038,0.16044,0.19850,0.52442,0.01814,0.04559,1.05037,0.16045,0.0000,0.0000,0.0000,0.0000,-0.0000,0.3531,0.2831,-0.0295,0.00,0.3134,0.0693,0.1692,0.0853
7.640,moving,0.19910,0.51883,0.02111,0.04464,1.04887,0.15948,0.19854,0.52434,0.01767,0.04558,1.05038,0.16044,0.19848,0.52444,0.01832,0.04559,1.05037,0.16046,0.0000,0.0000,0.0000,0.0000,-0.0000,0.3531,0.2831,-0.0295,0.00,0.3133,0.0693,0.1692,0.0853
7.660,moving,0.19910,0.51883,0.02111,0.04464,1.04887,0.15948,0.19854,0.52434,0.01767,0.04558,1.05038,0.16044,0.19847,0.52446,0.01846,0.04560,1.05037,0.16046,0.0000,0.0000,0.0000,0.0000,-0.0000,0.3531,0.2831,-0.0295,0.00,0.3133,0.0693,0.1691,0.0853
7.680,moving,0.19910,0.51883,0.02111,0.04464,1.04887,0.15948,0.19854,0.52434,0.01767,0.04558,1.05038,0.16044,0.19846,0.52448,0.01858,0.04560,1.05036,0.16046,0.0000,0.0000,0.0000,0.0000,-0.0000,0.3531,0.2831,-0.0295,0.00,0.3133,0.0693,0.1691,0.0853
7.700,moving,0.19910,0.51883,0.02111,0.04464,1.04887,0.15948,0.19854,0.52434,0.01767,0.04558,1.05038,0.16044,0.19845,0.52449,0.01868,0.04560,1.05036,0.16046,0.0000,0.0000,0.0000,0.0000,-0.0000,0.3532,0.2831,-0.0295,0.00,0.3133,0.0693,0.1691,0.0853
7.720,moving,0.19910,0.51883,0.02111,0.04464,1.04887,0.15948,0.19845,0.52449,0.01868,0.04560,1.05036,0.16046,0.19845,0.52450,0.01877,0.04560,1.05036,0.16046,0.0000,0.0000,0.0000,0.0000,-0.0000,0.3532,0.2831,-0.0295,0.00,0.3132,0.0693,0.1691,0.0853
7.740,moving,0.19910,0.51883,0.02111,0.04464,1.04887,0.15948,0.19845,0.52449,0.01868,0.04560,1.05036,0.16046,0.19844,0.52450,0.01884,0.04560,1.05036,0.16046,0.0000,0.0000,0.0000,0.0000,-0.0000,0.3532,0.2831,-0.0295,0.00,0.3132,0.0693,0.1691,0.0853
7.760,moving,0.19910,0.51883,0.02111,0.04464,1.04887,0.15948,0.19845,0.52449,0.01868,0.04560,1.05036,0.16046,0.19844,0.52451,0.01889,0.04560,1.05035,0.16046,0.0000,0.0000,0.0000,0.0000,-0.0000,0.3532,0.2831,-0.0295,0.00,0.3132,0.0693,0.1690,0.0853
7.780,moving,0.19910,0.51883,0.02111,0.04464,1.04887,0.15948,0.19845,0.52449,0.01868,0.04560,1.05036,0.16046,0.19844,0.52451,0.01894,0.04561,1.05035,0.16046,0.0000,0.0000,0.0000,0.0000,-0.0000,0.3532,0.2831,-0.0295,0.00,0.3132,0.0693,0.1690,0.0853
7.800,moving,0.19910,0.51883,0.02111,0.04464,1.04887,0.15948,0.19845,0.52449,0.01868,0.04560,1.05036,0.16046,0.19843,0.52452,0.01897,0.04561,1.05035,0.16046,0.0000,0.0000,0.0000,0.0000,-0.0000,0.3532,0.2831,-0.0295,0.00,0.3132,0.0693,0.1690,0.0853
7.820,moving,0.19910,0.51883,0.02111,0.04464,1.04887,0.15948,0.19845,0.52449,0.01868,0.04560,1.05036,0.16046,0.19843,0.52452,0.01900,0.04561,1.05035,0.16046,0.0000,0.0000,0.0000,0.0000,-0.0000,0.3532,0.2831,-0.0295,0.00,0.3132,0.0693,0.1690,0.0853
7.840,moving,0.19910,0.51883,0.02111,0.04464,1.04887,0.15948,0.19843,0.52452,0.01900,0.04561,1.05035,0.16046,0.19843,0.52452,0.01903,0.04561,1.05035,0.16046,0.0000,0.0000,0.0000,0.0000,-0.0000,0.3532,0.2831,-0.0295,0.00,0.3132,0.0693,0.1690,0.0853
7.860,moving,0.19910,0.51883,0.02111,0.04464,1.04887,0.15948,0.19843,0.52452,0.01900,0.04561,1.05035,0.16046,0.19843,0.52453,0.01904,0.04561,1.05035,0.16046,0.0000,0.0000,0.0000,0.0000,-0.0000,0.3532,0.2831,-0.0295,0.00,0.3132,0.0693,0.1690,0.0853
7.880,moving,0.19910,0.51883,0.02111,0.04464,1.04887,0.15948,0.19843,0.52452,0.01900,0.04561,1.05035,0.16046,0.19843,0.52453,0.01906,0.04561,1.05035,0.16046,0.0000,0.0000,0.0000,0.0000,-0.0000,0.3532,0.2831,-0.0295,0.00,0.3132,0.0693,0.1690,0.0853
7.900,moving,0.19910,0.51883,0.02111,0.04464,1.04887,0.15948,0.19843,0.52452,0.01900,0.04561,1.05035,0.16046,0.19842,0.52453,0.01907,0.04561,1.05035,0.16046,0.0000,0.0000,0.0000,0.0000,-0.0000,0.3532,0.2831,-0.0295,0.00,0.3132,0.0693,0.1690,0.0853
7.920,moving,0.19910,0.51883,0.02111,0.04464,1.04887,0.15948,0.19843,0.52452,0.01900,0.04561,1.05035,0.16046,0.19842,0.52453,0.01908,0.04561,1.05035,0.16046,0.0000,0.0000,0.0000,0.0000,-0.0000,0.3531,0.2831,-0.0295,0.00,0.3132,0.0692,0.1690,0.0853
7.940,detect,0.19910,0.51883,0.02111,0.04464,1.04887,0.15948,0.19843,0.52452,0.01900,0.04561,1.05035,0.16046,0.19842,0.52454,0.01909,0.04561,1.05035,0.16046,0.0000,0.0000,0.0000,0.0000,-0.0000,0.3531,0.2831,-0.0295,0.00,0.3132,0.0692,0.1690,0.0853
7.960,detect,0.19910,0.51883,0.02111,0.04464,1.04887,0.15948,0.19842,0.52454,0.01909,0.04561,1.05035,0.16046,0.19842,0.52454,0.01909,0.04561,1.05035,0.16046,0.0000,0.0000,0.0000,0.0000,-0.0000,0.3531,0.2831,-0.0295,0.00,0.3132,0.0692,0.1690,0.0853
7.980,detect,0.19910,0.51883,0.02111,0.04464,1.04887,0.15948,0.19842,0.52454,0.01909,0.04561,1.05035,0.16046,0.19842,0.52454,0.01910,0.04561,1.05035,0.16046,0.0000,0.0000,0.0000,0.0000,-0.0000,0.3532,0.2831,-0.0295,0.00,0.3132,0.0692,0.1690,0.0853
8.000,detect,0.19910,0.51883,0.02111,0.04464,1.04887,0.15948,0.19842,0.52454,0.01909,0.04561,1.05035,0.16046,0.19842,0.52454,0.01910,0.04561,1.05035,0.16046,0.0000,0.0000,0.0000,0.0000,-0.0000,0.3532,0.2831,-0.0295,0.00,0.3132,0.0692,0.1690,0.0853
8.020,detect,0.19910,0.51883,0.02111,0.04464,1.04887,0.15948,0.19842,0.52454,0.01909,0.04561,1.05035,0.16046,0.19842,0.52454,0.01911,0.04561,1.05035,0.16046,0.0000,0.0000,0.0000,0.0000,-0.0000,0.3532,0.2831,-0.0295,0.00,0.3132,0.0692,0.1690,0.0853
8.040,detect,0.19910,0.51883,0.02111,0.04464,1.04887,0.15948,0.19842,0.52454,0.01909,0.04561,1.05035,0.16046,0.19842,0.52454,0.01911,0.04561,1.05035,0.16046,0.0000,0.0000,0.0000,0.0000,-0.0000,0.3532,0.2831,-0.0295,0.00,0.3132,0.0692,0.1690,0.0853
8.060,detect,0.19910,0.51883,0.02111,0.04464,1.04887,0.15948,0.19842,0.52454,0.01909,0.04561,1.05035,0.16046,0.19842,0.52454,0.01911,0.04561,1.05035,0.16046,0.0000,0.0000,0.0000,0.0000,-0.0000,0.3532,0.2831,-0.0295,0.00,0.3131,0.0692,0.1690,0.0853
8.080,detect,0.19910,0.51883,0.02111,0.04464,1.04887,0.15948,0.19842,0.52454,0.01911,0.04561,1.05035,0.16046,0.19842,0.52454,0.01912,0.04561,1.05035,0.16046,0.0000,0.0000,0.0000,0.0000,-0.0000,0.3532,0.2831,-0.0295,0.00,0.3131,0.0692,0.1690,0.0853
8.100,detect,0.19910,0.51883,0.02111,0.04464,1.04887,0.15948,0.19842,0.52454,0.01911,0.04561,1.05035,0.16046,0.19842,0.52454,0.01912,0.04561,1.05035,0.16046,0.0000,0.0000,0.0000,0.0000,-0.0000,0.3532,0.2831,-0.0295,0.00,0.3131,0.0692,0.1690,0.0853
8.120,detect,0.19910,0.51883,0.02111,0.04464,1.04887,0.15948,0.19842,0.52454,0.01911,0.04561,1.05035,0.16046,0.19842,0.52454,0.01912,0.04561,1.05035,0.16046,0.0000,0.0000,0.0000,0.0000,-0.0000,0.3532,0.2831,-0.0295,0.00,0.3131,0.0692,0.1690,0.0853
8.140,detect,0.19910,0.51883,0.02111,0.04464,1.04887,0.15948,0.19842,0.52454,0.01911,0.04561,1.05035,0.16046,0.19842,0.52454,0.01912,0.04561,1.05035,0.16046,0.0000,0.0000,0.0000,0.0000,-0.0000,0.3532,0.2831,-0.0295,0.00,0.3131,0.0692,0.1690,0.0853
8.160,detect,0.19910,0.51883,0.02111,0.04464,1.04887,0.15948,0.19842,0.52454,0.01911,0.04561,1.05035,0.16046,0.19842,0.52454,0.01912,0.04561,1.05035,0.16046,0.0000,0.0000,0.0000,0.0000,-0.0000,0.3532,0.2831,-0.0295,0.00,0.3131,0.0692,0.1690,0.0853
8.180,detect,0.19910,0.51883,0.02111,0.04464,1.04887,0.15948,0.19842,0.52454,0.01911,0.04561,1.05035,0.16046,0.19842,0.52454,0.01912,0.04561,1.05035,0.16046,0.0000,0.0000,0.0000,0.0000,-0.0000,0.3532,0.2831,-0.0295,0.00,0.3131,0.0692,0.1690,0.0853
8.200,detect,0.19910,0.51883,0.02111,0.04464,1.04887,0.15948,0.19842,0.52454,0.01912,0.04561,1.05035,0.16046,0.19842,0.52454,0.01913,0.04561,1.05035,0.16046,0.0000,0.0000,0.0000,0.0000,-0.0000,0.3532,0.2831,-0.0295,0.00,0.3131,0.0692,0.1690,0.0853
8.220,detect,0.19910,0.51883,0.02111,0.04464,1.04887,0.15948,0.19842,0.52454,0.01912,0.04561,1.05035,0.16046,0.19842,0.52454,0.01913,0.04561,1.05035,0.16046,0.0000,0.0000,0.0000,0.0000,-0.0000,0.3532,0.2831,-0.0295,0.00,0.3131,0.0692,0.1690,0.0853
8.240,detect,0.19910,0.51883,0.02111,0.04464,1.04887,0.15948,0.19842,0.52454,0.01912,0.04561,1.05035,0.16046,0.19842,0.52454,0.01913,0.04561,1.05035,0.16046,0.0000,0.0000,0.0000,0.0000,-0.0000,0.3532,0.2831,-0.0295,0.00,0.3131,0.0692,0.1690,0.0853
8.260,detect,0.19910,0.51883,0.02111,0.04464,1.04887,0.15948,0.19842,0.52454,0.01912,0.04561,1.05035,0.16046,0.19842,0.52454,0.01913,0.04561,1.05035,0.16046,0.0000,0.0000,0.0000,0.0000,-0.0000,0.3532,0.2831,-0.0295,0.00,0.3131,0.0692,0.1690,0.0853
8.280,detect,0.19910,0.51883,0.02111,0.04464,1.04887,0.15948,0.19842,0.52454,0.01912,0.04561,1.05035,0.16046,0.19842,0.52454,0.01912,0.04561,1.05035,0.16046,0.0000,0.0000,0.0000,0.0000,-0.0000,0.3532,0.2831,-0.0295,0.00,0.3131,0.0692,0.1690,0.0853
8.300,detect,0.19910,0.51883,0.02111,0.04464,1.04887,0.15948,0.19842,0.52454,0.01912,0.04561,1.05035,0.16046,0.19842,0.52454,0.01912,0.04561,1.05035,0.16046,0.0000,0.0000,0.0000,0.0000,-0.0000,0.3532,0.2831,-0.0295,0.00,0.3131,0.0692,0.1690,0.0853
8.320,detect,0.19910,0.51883,0.02111,0.04464,1.04887,0.15948,0.19842,0.52454,0.01912,0.04561,1.05035,0.16046,0.19842,0.52454,0.01913,0.04561,1.05035,0.16046,0.0000,0.0000,0.0000,0.0000,-0.0000,0.3532,0.2831,-0.0295,0.00,0.3131,0.0692,0.1690,0.0853
8.340,detect,0.19910,0.51883,0.02111,0.04464,1.04887,0.15948,0.19842,0.52454,0.01912,0.04561,1.05035,0.16046,0.19842,0.52454,0.01913,0.04561,1.05035,0.16046,0.0000,0.0000,0.0000,0.0000,-0.0000,0.3532,0.2831,-0.0295,0.00,0.3131,0.0692,0.1690,0.0853
8.360,detect,0.19910,0.51883,0.02111,0.04464,1.04887,0.15948,0.19842,0.52454,0.01912,0.04561,1.05035,0.16046,0.19842,0.52454,0.01913,0.04561,1.05035,0.16046,0.0000,0.0000,0.0000,0.0000,-0.0000,0.3532,0.2831,-0.0295,0.00,0.3131,0.0692,0.1690,0.0853
8.380,detect,0.19910,0.51883,0.02111,0.04464,1.04887,0.15948,0.19842,0.52454,0.01912,0.04561,1.05035,0.16046,0.19842,0.52454,0.01913,0.04561,1.05035,0.16046,0.0000,0.0000,0.0000,0.0000,-0.0000,0.3532,0.2831,-0.0295,0.00,0.3131,0.0692,0.1690,0.0853
8.400,detect,0.19910,0.51883,0.02111,0.04464,1.04887,0.15948,0.19842,0.52454,0.01912,0.04561,1.05035,0.16046,0.19842,0.52454,0.01913,0.04561,1.05035,0.16046,0.0000,0.0000,0.0000,0.0000,-0.0000,0.3532,0.2831,-0.0295,0.00,0.3131,0.0692,0.1690,0.0853
8.420,detect,0.19910,0.51883,0.02111,0.04464,1.04887,0.15948,0.19842,0.52454,0.01912,0.04561,1.05035,0.16046,0.19842,0.52454,0.01913,0.04561,1.05035,0.16046,0.0000,0.0000,0.0000,0.0000,-0.0000,0.3532,0.2831,-0.0295,0.00,0.3131,0.0692,0.1690,0.0853
8.440,detect,0.19910,0.51883,0.02111,0.04464,1.04887,0.15948,0.19842,0.52454,0.01913,0.04561,1.05035,0.16046,0.19842,0.52454,0.01913,0.04561,1.05035,0.16046,0.0000,0.0000,0.0000,0.0000,-0.0000,0.3532,0.2831,-0.0295,0.00,0.3131,0.0692,0.1690,0.0853
8.460,detect,0.19910,0.51883,0.02111,0.04464,1.04887,0.15948,0.19842,0.52454,0.01913,0.04561,1.05035,0.16046,0.19842,0.52454,0.01913,0.04561,1.05035,0.16046,0.0000,0.0000,0.0000,0.0000,-0.0000,0.3532,0.2831,-0.0295,0.00,0.3131,0.0692,0.1690,0.0853
8.480,detect,0.19910,0.51883,0.02111,0.04464,1.04887,0.15948,0.19842,0.52454,0.01913,0.04561,1.05035,0.16046,0.19842,0.52454,0.01913,0.04561,1.05035,0.16046,0.0000,0.0000,0.0000,0.0000,-0.0000,0.3532,0.2831,-0.0295,0.00,0.3131,0.0692,0.1690,0.0853
8.500,detect,0.19910,0.51883,0.02111,0.04464,1.04887,0.15948,0.19842,0.52454,0.01913,0.04561,1.05035,0.16046,0.19842,0.52454,0.01913,0.04561,1.05035,0.16046,0.0000,0.0000,0.0000,0.0000,-0.0000,0.3532,0.2831,-0.0295,0.00,0.3131,0.0692,0.1690,0.0853
8.520,detect,0.19910,0.51883,0.02111,0.04464,1.04887,0.15948,0.19842,0.52454,0.01913,0.04561,1.05035,0.16046,0.19842,0.52454,0.01913,0.04561,1.05035,0.16046,0.0000,0.0000,0.0000,0.0000,-0.0000,0.3532,0.2831,-0.0295,0.00,0.3131,0.0692,0.1690,0.0853
8.540,detect,0.19910,0.51883,0.02111,0.04464,1.04887,0.15948,0.19842,0.52454,0.01913,0.04561,1.05035,0.16046,0.19842,0.52454,0.01913,0.04561,1.05035,0.16046,0.0000,0.0000,0.0000,0.0000,-0.0000,0.3532,0.2831,-0.0295,0.00,0.3131,0.0692,0.1690,0.0853
8.560,detect,0.19910,0.51883,0.02111,0.04464,1.04887,0.15948,0.19842,0.52454,0.01913,0.04561,1.05035,0.16046,0.19842,0.52454,0.01913,0.04561,1.05035,0.16046,0.0000,0.0000,0.0000,0.0000,-0.0000,0.3532,0.2831,-0.0295,0.00,0.3131,0.0692,0.1690,0.0853
8.580,detect,0.19910,0.51883,0.02111,0.04464,1.04887,0.15948,0.19842,0.52454,0.01913,0.04561,1.05035,0.16046,0.19842,0.52454,0.01913,0.04561,1.05035,0.16046,0.0000,0.0000,0.0000,0.0000,-0.0000,0.3532,0.2831,-0.0295,0.00,0.3131,0.0692,0.1690,0.0853
8.600,detect,0.19910,0.51883,0.02111,0.04464,1.04887,0.15948,0.19842,0.52454,0.01913,0.04561,1.05035,0.16046,0.19842,0.52454,0.01913,0.04561,1.05035,0.16046,0.0000,0.0000,0.0000,0.0000,-0.0000,0.3532,0.2831,-0.0295,0.00,0.3131,0.0692,0.1690,0.0853
8.620,detect,0.19910,0.51883,0.02111,0.04464,1.04887,0.15948,0.19842,0.52454,0.01913,0.04561,1.05035,0.16046,0.19842,0.52454,0.01913,0.04561,1.05035,0.16046,0.0000,0.0000,0.0000,0.0000,-0.0000,0.3532,0.2831,-0.0295,0.00,0.3131,0.0692,0.1690,0.0853
8.640,detect,0.19910,0.51883,0.02111,0.04464,1.04887,0.15948,0.19842,0.52454,0.01913,0.04561,1.05035,0.16046,0.19842,0.52454,0.01913,0.04561,1.05035,0.16046,0.0000,0.0000,0.0000,0.0000,-0.0000,0.3532,0.2831,-0.0295,0.00,0.3131,0.0692,0.1690,0.0853
8.660,detect,0.19910,0.51883,0.02111,0.04464,1.04887,0.15948,0.19842,0.52454,0.01913,0.04561,1.05035,0.16046,0.19842,0.52454,0.01913,0.04561,1.05035,0.16046,0.0000,0.0000,0.0000,0.0000,-0.0000,0.3532,0.2831,-0.0295,0.00,0.3131,0.0692,0.1690,0.0853
8.680,detect,0.19910,0.51883,0.02111,0.04464,1.04887,0.15948,0.19842,0.52454,0.01913,0.04561,1.05035,0.16046,0.19842,0.52454,0.01913,0.04561,1.05035,0.16046,0.0000,0.0000,0.0000,0.0000,-0.0000,0.3532,0.2831,-0.0295,0.00,0.3131,0.0692,0.1690,0.0853
8.700,detect,0.19910,0.51883,0.02111,0.04464,1.04887,0.15948,0.19842,0.52454,0.01913,0.04561,1.05035,0.16046,0.19842,0.52454,0.01913,0.04561,1.05035,0.16046,0.0000,0.0000,0.0000,0.0000,-0.0000,0.3532,0.2831,-0.0295,0.00,0.3131,0.0692,0.1690,0.0853
8.720,detect,0.19910,0.51883,0.02111,0.04464,1.04887,0.15948,0.19842,0.52454,0.01913,0.04561,1.05035,0.16046,0.19842,0.52454,0.01913,0.04561,1.05035,0.16046,0.0000,0.0000,0.0000,0.0000,-0.0000,0.3532,0.2831,-0.0295,0.00,0.3131,0.0692,0.1690,0.0853
8.740,detect,0.19910,0.51883,0.02111,0.04464,1.04887,0.15948,0.19842,0.52454,0.01913,0.04561,1.05035,0.16046,0.19842,0.52454,0.01913,0.04561,1.05035,0.16046,0.0000,0.0000,0.0000,0.0000,-0.0000,0.3532,0.2831,-0.0295,0.00,0.3131,0.0692,0.1690,0.0853
8.760,detect,0.19910,0.51883,0.02111,0.04464,1.04887,0.15948,0.19842,0.52454,0.01913,0.04561,1.05035,0.16046,0.19842,0.52454,0.01913,0.04561,1.05035,0.16046,0.0000,0.0000,0.0000,0.0000,-0.0000,0.3532,0.2831,-0.0295,0.00,0.3131,0.0692,0.1690,0.0853
8.780,detect,0.19910,0.51883,0.02111,0.04464,1.04887,0.15948,0.19842,0.52454,0.01913,0.04561,1.05035,0.16046,0.19842,0.52454,0.01913,0.04561,1.05035,0.16046,0.0000,0.0000,0.0000,0.0000,-0.0000,0.3532,0.2831,-0.0295,0.00,0.3131,0.0692,0.1690,0.0853
8.800,detect,0.19910,0.51883,0.02111,0.04464,1.04887,0.15948,0.19842,0.52454,0.01913,0.04561,1.05035,0.16046,0.19842,0.52454,0.01913,0.04561,1.05035,0.16046,0.0000,0.0000,0.0000,0.0000,-0.0000,0.3532,0.2831,-0.0295,0.00,0.3131,0.0692,0.1690,0.0853
8.820,detect,0.19910,0.51883,0.02111,0.04464,1.04887,0.15948,0.19842,0.52454,0.01913,0.04561,1.05035,0.16046,0.19842,0.52454,0.01913,0.04561,1.05035,0.16046,0.0000,0.0000,0.0000,0.0000,-0.0000,0.3532,0.2831,-0.0295,0.00,0.3131,0.0692,0.1690,0.0853
8.840,detect,0.19910,0.51883,0.02111,0.04464,1.04887,0.15948,0.19842,0.52454,0.01913,0.04561,1.05035,0.16046,0.19842,0.52454,0.01913,0.04561,1.05035,0.16046,0.0000,0.0000,0.0000,0.0000,-0.0000,0.3532,0.2831,-0.0295,0.00,0.3131,0.0692,0.1690,0.0853
8.860,detect,0.19910,0.51883,0.02111,0.04464,1.04887,0.15948,0.19842,0.52454,0.01913,0.04561,1.05035,0.16046,0.19842,0.52454,0.01913,0.04561,1.05035,0.16046,0.0000,0.0000,0.0000,0.0000,-0.0000,0.3532,0.2831,-0.0295,0.00,0.3131,0.0692,0.1690,0.0853
8.880,detect,0.19910,0.51883,0.02111,0.04464,1.04887,0.15948,0.19842,0.52454,0.01913,0.04561,1.05035,0.16046,0.19842,0.52454,0.01913,0.04561,1.05035,0.16046,0.0000,0.0000,0.0000,0.0000,-0.0000,0.3532,0.2831,-0.0295,0.00,0.3131,0.0692,0.1690,0.0853
8.900,detect,0.19910,0.51883,0.02111,0.04464,1.04887,0.15948,0.19842,0.52454,0.01913,0.04561,1.05035,0.16046,0.19842,0.52454,0.01913,0.04561,1.05035,0.16046,0.0000,0.0000,0.0000,0.0000,-0.0000,0.3532,0.2831,-0.0295,0.00,0.3131,0.0692,0.1690,0.0853
8.920,detect,0.19910,0.51883,0.02111,0.04464,1.04887,0.15948,0.19842,0.52454,0.01913,0.04561,1.05035,0.16046,0.19842,0.52454,0.01913,0.04561,1.05035,0.16046,0.0000,0.0000,0.0000,0.0000,-0.0000,0.3532,0.2831,-0.0295,0.00,0.3131,0.0692,0.1690,0.0853
8.940,detect,0.19910,0.51883,0.02111,0.04464,1.04887,0.15948,0.19842,0.52454,0.01913,0.04561,1.05035,0.16046,0.19842,0.52454,0.01913,0.04561,1.05035,0.16046,0.0000,0.0000,0.0000,0.0000,-0.0000,0.3532,0.2831,-0.0295,0.00,0.3131,0.0692,0.1690,0.0853
8.960,detect,0.19910,0.51883,0.02111,0.04464,1.04887,0.15948,0.19842,0.52454,0.01913,0.04561,1.05035,0.16046,0.19842,0.52454,0.01913,0.04561,1.05035,0.16046,0.0000,0.0000,0.0000,0.0000,-0.0000,0.3532,0.2831,-0.0295,0.00,0.3131,0.0692,0.1690,0.0853
8.980,detect,0.19910,0.51883,0.02111,0.04464,1.04887,0.15948,0.19842,0.52454,0.01913,0.04561,1.05035,0.16046,0.19842,0.52454,0.01913,0.04561,1.05035,0.16046,0.0000,0.0000,0.0000,0.0000,-0.0000,0.3532,0.2831,-0.0295,0.00,0.3131,0.0692,0.1690,0.0853
9.000,detect,0.19910,0.51883,0.02111,0.04464,1.04887,0.15948,0.19842,0.52454,0.01913,0.04561,1.05035,0.16046,0.19842,0.52454,0.01913,0.04561,1.05035,0.16046,0.0000,0.0000,0.0000,0.0000,-0.0000,0.3532,0.2831,-0.0295,0.00,0.3131,0.0692,0.1690,0.0853
9.020,detect,0.19910,0.51883,0.02111,0.04464,1.04887,0.15948,0.19842,0.52454,0.01913,0.04561,1.05035,0.16046,0.19842,0.52454,0.01913,0.04561,1.05035,0.16046,0.0000,0.0000,0.0000,0.0000,-0.0000,0.3532,0.2831,-0.0295,0.00,0.3131,0.0692,0.1690,0.0853
9.040,detect,0.19910,0.51883,0.02111,0.04464,1.04887,0.15948,0.19842,0.52454,0.01913,0.04561,1.05035,0.16046,0.19842,0.52454,0.01913,0.04561,1.05035,0.16046,0.0000,0.0000,0.0000,0.0000,-0.0000,0.3532,0.2831,-0.0295,0.00,0.3131,0.0692,0.1690,0.0853
9.060,detect,0.19910,0.51883,0.02111,0.04464,1.04887,0.15948,0.19842,0.52454,0.01913,0.04561,1.05035,0.16046,0.19842,0.52454,0.01913,0.04561,1.05035,0.16046,0.0000,0.0000,0.0000,0.0000,-0.0000,0.3532,0.2831,-0.0295,0.00,0.3131,0.0692,0.1690,0.0853
9.080,detect,0.19910,0.51883,0.02111,0.04464,1.04887,0.15948,0.19842,0.52454,0.01913,0.04561,1.05035,0.16046,0.19842,0.52454,0.01913,0.04561,1.05035,0.16046,0.0000,0.0000,0.0000,0.0000,-0.0000,0.3532,0.2831,-0.0295,0.00,0.3131,0.0692,0.1690,0.0853
9.100,detect,0.19910,0.51883,0.02111,0.04464,1.04887,0.15948,0.19842,0.52454,0.01913,0.04561,1.05035,0.16046,0.19842,0.52454,0.01913,0.04561,1.05035,0.16046,0.0000,0.0000,0.0000,0.0000,-0.0000,0.3532,0.2831,-0.0295,0.00,0.3131,0.0692,0.1690,0.0853
9.120,detect,0.19910,0.51883,0.02111,0.04464,1.04887,0.15948,0.19842,0.52454,0.01913,0.04561,1.05035,0.16046,0.19842,0.52454,0.01913,0.04561,1.05035,0.16046,0.0000,0.0000,0.0000,0.0000,-0.0000,0.3532,0.2831,-0.0295,0.00,0.3131,0.0692,0.1690,0.0853
9.140,detect,0.19910,0.51883,0.02111,0.04464,1.04887,0.15948,0.19842,0.52454,0.01913,0.04561,1.05035,0.16046,0.19842,0.52454,0.01913,0.04561,1.05035,0.16046,0.0000,0.0000,0.0000,0.0000,-0.0000,0.3532,0.2831,-0.0295,0.00,0.3131,0.0692,0.1690,0.0853
9.160,detect,0.19910,0.51883,0.02111,0.04464,1.04887,0.15948,0.19842,0.52454,0.01913,0.04561,1.05035,0.16046,0.19842,0.52454,0.01913,0.04561,1.05035,0.16046,0.0000,0.0000,0.0000,0.0000,-0.0000,0.3532,0.2831,-0.0295,0.00,0.3131,0.0692,0.1690,0.0853
9.180,detect,0.19910,0.51883,0.02111,0.04464,1.04887,0.15948,0.19842,0.52454,0.01913,0.04561,1.05035,0.16046,0.19842,0.52454,0.01913,0.04561,1.05035,0.16046,0.0000,0.0000,0.0000,0.0000,-0.0000,0.3532,0.2831,-0.0295,0.00,0.3131,0.0692,0.1690,0.0853
9.200,detect,0.19910,0.51883,0.02111,0.04464,1.04887,0.15948,0.19842,0.52454,0.01913,0.04561,1.05035,0.16046,0.19842,0.52454,0.01913,0.04561,1.05035,0.16046,0.0000,0.0000,0.0000,0.0000,-0.0000,0.3532,0.2831,-0.0295,0.00,0.3131,0.0692,0.1690,0.0853
9.220,detect,0.19910,0.51883,0.02111,0.04464,1.04887,0.15948,0.19842,0.52454,0.01913,0.04561,1.05035,0.16046,0.19842,0.52454,0.01913,0.04561,1.05035,0.16046,0.0000,0.0000,0.0000,0.0000,-0.0000,0.3532,0.2831,-0.0295,0.00,0.3131,0.0692,0.1690,0.0853
9.240,detect,0.19910,0.51883,0.02111,0.04464,1.04887,0.15948,0.19842,0.52454,0.01913,0.04561,1.05035,0.16046,0.19842,0.52454,0.01913,0.04561,1.05035,0.16046,0.0000,0.0000,0.0000,0.0000,-0.0000,0.3532,0.2831,-0.0295,0.00,0.3131,0.0692,0.1690,0.0853
9.260,detect,0.19910,0.51883,0.02111,0.04464,1.04887,0.15948,0.19842,0.52454,0.01913,0.04561,1.05035,0.16046,0.19842,0.52454,0.01913,0.04561,1.05035,0.16046,0.0000,0.0000,0.0000,0.0000,-0.0000,0.3532,0.2831,-0.0295,0.00,0.3131,0.0692,0.1690,0.0853
9.280,detect,0.19910,0.51883,0.02111,0.04464,1.04887,0.15948,0.19842,0.52454,0.01913,0.04561,1.05035,0.16046,0.19842,0.52454,0.01913,0.04561,1.05035,0.16046,0.0000,0.0000,0.0000,0.0000,-0.0000,0.3532,0.2831,-0.0295,0.00,0.3131,0.0692,0.1690,0.0853
9.300,detect,0.19910,0.51883,0.02111,0.04464,1.04887,0.15948,0.19842,0.52454,0.01913,0.04561,1.05035,0.16046,0.19842,0.52454,0.01913,0.04561,1.05035,0.16046,0.0000,0.0000,0.0000,0.0000,-0.0000,0.3532,0.2831,-0.0295,0.00,0.3131,0.0692,0.1690,0.0853
9.320,detect,0.19910,0.51883,0.02111,0.04464,1.04887,0.15948,0.19842,0.52454,0.01913,0.04561,1.05035,0.16046,0.19842,0.52454,0.01913,0.04561,1.05035,0.16046,0.0000,0.0000,0.0000,0.0000,-0.0000,0.3532,0.2831,-0.0295,0.00,0.3131,0.0692,0.1690,0.0853
9.340,detect,0.19910,0.51883,0.02111,0.04464,1.04887,0.15948,0.19842,0.52454,0.01913,0.04561,1.05035,0.16046,0.19842,0.52454,0.01913,0.04561,1.05035,0.16046,0.0000,0.0000,0.0000,0.0000,-0.0000,0.3532,0.2831,-0.0295,0.00,0.3131,0.0692,0.1690,0.0853
9.360,detect,0.19910,0.51883,0.02111,0.04464,1.04887,0.15948,0.19842,0.52454,0.01913,0.04561,1.05035,0.16046,0.19842,0.52454,0.01913,0.04561,1.05035,0.16046,0.0000,0.0000,0.0000,0.0000,-0.0000,0.3532,0.2831,-0.0295,0.00,0.3131,0.0692,0.1690,0.0853
9.380,moving,0.19910,0.51883,0.02111,0.04464,1.04887,0.15948,0.19842,0.52454,0.01913,0.04561,1.05035,0.16046,0.19842,0.52454,0.01913,0.04561,1.05035,0.16046,0.0000,0.0000,0.0000,0.0000,-0.0000,0.3532,0.2831,-0.0295,0.00,0.3131,0.0692,0.1690,0.0853
9.400,moving,-0.46033,0.29619,0.48443,-0.10079,0.61626,0.30618,0.19842,0.52454,0.01913,0.04561,1.05035,0.16046,0.19626,0.52231,0.02137,0.04334,1.04805,0.16273,0.0000,0.0000,0.0000,0.0000,-0.0000,0.3532,0.2832,-0.0292,0.00,0.3133,0.0682,0.1693,0.0853
9.420,moving,-0.46033,0.29619,0.48443,-0.10079,0.61626,0.30618,0.19842,0.52454,0.01913,0.04561,1.05035,0.16046,0.18792,0.51389,0.02980,0.03490,1.03954,0.17122,0.0000,0.0000,0.0000,0.0000,-0.0000,0.3531,0.2834,-0.0286,0.00,0.3137,0.0641,0.1703,0.0853
9.440,moving,-0.46033,0.29619,0.48443,-0.10079,0.61626,0.30618,0.19842,0.52454,0.01913,0.04561,1.05035,0.16046,0.17338,0.49926,0.04444,0.02025,1.02484,0.18592,0.0000,0.0000,0.0000,0.0000,-0.0000,0.3530,0.2836,-0.0281,0.00,0.3143,0.0570,0.1721,0.0853
9.460,moving,-0.46033,0.29619,0.48443,-0.10079,0.61626,0.30618,0.19842,0.52454,0.01913,0.04561,1.05035,0.16046,0.15261,0.47841,0.06528,-0.00062,1.00393,0.20681,0.0000,0.0000,0.0000,0.0000,-0.0000,0.3529,0.2836,-0.0279,0.00,0.3149,0.0470,0.1748,0.0853
9.480,moving,-0.46033,0.29619,0.48443,-0.10079,0.61626,0.30618,0.19842,0.52454,0.01913,0.04561,1.05035,0.16046,0.12765,0.45389,0.08941,-0.02461,0.97924,0.23178,0.0000,0.0000,0.0000,0.0000,-0.0000,0.3528,0.2836,-0.0282,0.00,0.3153,0.0353,0.1780,0.0853
9.500,moving,-0.46033,0.29619,0.48443,-0.10079,0.61626,0.30618,0.19842,0.52454,0.01913,0.04561,1.05035,0.16046,0.11478,0.44321,0.09825,-0.03327,0.97054,0.24057,0.0000,0.0001,0.0000,0.0000,-0.0000,0.3530,0.2829,-0.0302,0.00,0.3154,0.0299,0.1797,0.0853
9.520,moving,-0.46033,0.29619,0.48443,-0.10079,0.61626,0.30618,0.11478,0.44321,0.09825,-0.03327,0.97054,0.24057,0.10717,0.43490,0.10678,-0.04191,0.96202,0.24888,0.0000,0.0000,0.0000,0.0000,-0.0000,0.3532,0.2825,-0.0313,0.00,0.3153,0.0261,0.1807,0.0853
9.540,moving,-0.46033,0.29619,0.48443,-0.10079,0.61626,0.30618,0.11478,0.44321,0.09825,-0.03327,0.97054,0.24057,0.09319,0.42033,0.12154,-0.05668,0.94728,0.26348,0.0000,0.0000,0.0000,0.0000,-0.0000,0.3532,0.2827,-0.0308,0.00,0.3150,0.0195,0.1826,0.0853
9.560,moving,-0.46033,0.29619,0.48443,-0.10079,0.61626,0.30618,0.11478,0.44321,0.09825,-0.03327,0.97054,0.24057,0.07285,0.39951,0.14251,-0.07593,0.92632,0.28271,0.0000,0.0000,0.0000,0.0000,-0.0000,0.3531,0.2831,-0.0296,0.00,0.3144,0.0102,0.1853,0.0853
9.580,moving,-0.46033,0.29619,0.48443,-0.10079,0.61626,0.30618,0.11478,0.44321,0.09825,-0.03327,0.97054,0.24057,0.04824,0.37497,0.16668,-0.09013,0.90162,0.29692,0.0000,0.0000,0.0000,0.0000,-0.0000,0.3530,0.2833,-0.0289,0.00,0.3133,0.0005,0.1885,0.0853
9.600,moving,-0.46033,0.29619,0.48443,-0.10079,0.61626,0.30618,0.11478,0.44321,0.09825,-0.03327,0.97054,0.24057,0.03718,0.36399,0.17567,-0.09520,0.89288,0.30194,0.0000,0.0000,0.0000,0.0000,-0.0000,0.3532,0.2830,-0.0300,0.00,0.3127,-0.0036,0.1903,0.0853
9.620,moving,-0.46033,0.29619,0.48443,-0.10079,0.61626,0.30618,0.11478,0.44321,0.09825,-0.03327,0.97054,0.24057,0.02958,0.35579,0.18423,-0.09979,0.88433,0.30633,0.0000,0.0000,0.0000,0.0000,-0.0000,0.3533,0.2828,-0.0306,0.00,0.3122,-0.0066,0.1913,0.0854
9.640,moving,-0.46033,0.29619,0.48443,-0.10079,0.61626,0.30618,0.02958,0.35579,0.18423,-0.09979,0.88433,0.30633,0.01561,0.34129,0.19903,-0.10032,0.86957,0.30667,0.0000,0.0000,0.0000,0.0000,-0.0000,0.3533,0.2828,-0.0304,0.00,0.3110,-0.0108,0.1929,0.0853
9.660,moving,-0.46033,0.29619,0.48443,-0.10079,0.61626,0.30618,0.02958,0.35579,0.18423,-0.09979,0.88433,0.30633,-0.00468,0.32254,0.22003,-0.10035,0.84859,0.30659,0.0000,0.0000,0.0000,0.0000,-0.0000,0.3532,0.2831,-0.0297,0.00,0.3093,-0.0169,0.1947,0.0853
9.680,moving,-0.46033,0.29619,0.48443,-0.10079,0.61626,0.30618,0.02958,0.35579,0.18423,-0.09979,0.88433,0.30633,-0.02923,0.30925,0.24438,-0.10041,0.82383,0.30654,0.0000,0.0000,0.0000,0.0000,-0.0000,0.3532,0.2832,-0.0293,0.00,0.3072,-0.0241,0.1942,0.0853
9.700,moving,-0.46033,0.29619,0.48443,-0.10079,0.61626,0.30618,0.02958,0.35579,0.18423,-0.09979,0.88433,0.30633,-0.03977,0.30482,0.25567,-0.10059,0.81517,0.30663,0.0000,0.0000,0.0000,0.0000,-0.0000,0.3533,0.2829,-0.0302,0.00,0.3056,-0.0272,0.1933,0.0853
9.720,moving,-0.46033,0.29619,0.48443,-0.10079,0.61626,0.30618,0.02958,0.35579,0.18423,-0.09979,0.88433,0.30633,-0.04747,0.30125,0.26389,-0.10069,0.80658,0.30645,0.0000,0.0000,0.0000,0.0000,-0.0000,0.3534,0.2828,-0.0307,0.00,0.3049,-0.0295,0.1928,0.0853
9.740,moving,-0.46033,0.29619,0.48443,-0.10079,0.61626,0.30618,0.02958,0.35579,0.18423,-0.09979,0.88433,0.30633,-0.06148,0.30104,0.27831,-0.10077,0.79180,0.30628,0.0000,0.0000,0.0000,0.0000,-0.0000,0.3534,0.2829,-0.0304,0.00,0.3035,-0.0335,0.1902,0.0853
9.760,moving,-0.46033,0.29619,0.48443,-0.10079,0.61626,0.30618,-0.06148,0.30104,0.27831,-0.10077,0.79180,0.30628,-0.08181,0.30103,0.29897,-0.10081,0.77083,0.30617,0.0000,-0.0000,0.0000,0.0000,-0.0000,0.3533,0.2831,-0.0297,0.00,0.3013,-0.0393,0.1863,0.0853
9.780,moving,-0.46033,0.29619,0.48443,-0.10079,0.61626,0.30618,-0.06148,0.30104,0.27831,-0.10077,0.79180,0.30628,-0.10639,0.30109,0.32328,-0.10088,0.74611,0.30611,0.0000,-0.0000,0.0000,0.0000,-0.0000,0.3533,0.2832,-0.0293,0.00,0.2985,-0.0461,0.1817,0.0853
9.800,moving,-0.46033,0.29619,0.48443,-0.10079,0.61626,0.30618,-0.06148,0.30104,0.27831,-0.10077,0.79180,0.30628,-0.11687,0.30131,0.33780,-0.10105,0.73746,0.30615,0.0000,0.0000,0.0000,0.0000,-0.0000,0.3533,0.2829,-0.0303,0.00,0.2957,-0.0489,0.1788,0.0853
9.820,moving,-0.46033,0.29619,0.48443,-0.10079,0.61626,0.30618,-0.06148,0.30104,0.27831,-0.10077,0.79180,0.30628,-0.12462,0.30133,0.34551,-0.10119,0.72890,0.30595,0.0000,0.0000,0.0000,0.0000,-0.0000,0.3533,0.2827,-0.0309,0.00,0.2948,-0.0510,0.1774,0.0853
9.840,moving,-0.46033,0.29619,0.48443,-0.10079,0.61626,0.30618,-0.06148,0.30104,0.27831,-0.10077,0.79180,0.30628,-0.13870,0.30125,0.35913,-0.10128,0.71413,0.30577,0.0000,-0.0000,-0.0000,0.0000,-0.0000,0.3532,0.2828,-0.0306,0.00,0.2932,-0.0548,0.1749,0.0853
9.860,moving,-0.46033,0.29619,0.48443,-0.10079,0.61626,0.30618,-0.06148,0.30104,0.27831,-0.10077,0.79180,0.30628,-0.15907,0.30119,0.37911,-0.10133,0.69317,0.30564,0.0000,-0.0000,-0.0000,0.0000,-0.0000,0.3531,0.2830,-0.0299,0.00,0.2904,-0.0602,0.1713,0.0853
9.880,moving,-0.46033,0.29619,0.48443,-0.10079,0.61626,0.30618,-0.15907,0.30119,0.37911,-0.10133,0.69317,0.30564,-0.18369,0.30120,0.40304,-0.10141,0.66846,0.30556,0.0000,-0.0000,-0.0000,0.0000,-0.0000,0.3530,0.2831,-0.0295,0.00,0.2869,-0.0666,0.1670,0.0854
9.900,moving,-0.46033,0.29619,0.48443,-0.10079,0.61626,0.30618,-0.15907,0.30119,0.37911,-0.10133,0.69317,0.30564,-0.19416,0.30136,0.41714,-0.10159,0.65983,0.30558,0.0000,0.0000,-0.0000,0.0000,-0.0000,0.3531,0.2828,-0.0304,0.00,0.2838,-0.0691,0.1643,0.0853
9.920,moving,-0.46033,0.29619,0.48443,-0.10079,0.61626,0.30618,-0.15907,0.30119,0.37911,-0.10133,0.69317,0.30564,-0.20194,0.30135,0.42447,-0.10174,0.65128,0.30537,0.0000,-0.0000,-0.0000,0.0000,-0.0000,0.3532,0.2827,-0.0310,0.00,0.2828,-0.0711,0.1630,0.0853
9.940,moving,-0.46033,0.29619,0.48443,-0.10079,0.61626,0.30618,-0.15907,0.30119,0.37911,-0.10133,0.69317,0.30564,-0.21603,0.30125,0.43775,-0.10184,0.63673,0.30517,0.0000,-0.0000,-0.0000,0.0000,-0.0000,0.3531,0.2828,-0.0307,0.00,0.2807,-0.0746,0.1608,0.0853
9.960,moving,-0.46033,0.29619,0.48443,-0.10079,0.61626,0.30618,-0.15907,0.30119,0.37911,-0.10133,0.69317,0.30564,-0.23642,0.30119,0.45675,-0.10189,0.62461,0.30501,0.0000,-0.0000,-0.0000,0.0000,-0.0000,0.3531,0.2830,-0.0300,0.00,0.2761,-0.0794,0.1572,0.0853
9.980,moving,-0.46033,0.29619,0.48443,-0.10079,0.61626,0.30618,-0.15907,0.30119,0.37911,-0.10133,0.69317,0.30564,-0.26105,0.30124,0.47276,-0.10203,0.61878,0.30492,0.0000,-0.0000,-0.0000,0.0000,-0.0000,0.3531,0.2831,-0.0297,0.00,0.2706,-0.0852,0.1541,0.0853
10.000,moving,-0.46033,0.29619,0.48443,-0.10079,0.61626,0.30618,-0.26105,0.30124,0.47276,-0.10203,0.61878,0.30492,-0.27166,0.30132,0.47967,-0.10222,0.61778,0.30492,0.0000,0.0000,-0.0000,0.0000,-0.0000,0.3532,0.2828,-0.0305,0.00,0.2679,-0.0875,0.1527,0.0853
10.020,moving,-0.46033,0.29619,0.48443,-0.10079,0.61626,0.30618,-0.26105,0.30124,0.47276,-0.10203,0.61878,0.30492,-0.27942,0.30129,0.48538,-0.10236,0.61779,0.30468,0.0000,-0.0000,-0.0000,0.0000,-0.0000,0.3533,0.2826,-0.0310,0.00,0.2656,-0.0892,0.1516,0.0853
10.040,moving,-0.46033,0.29619,0.48443,-0.10079,0.61626,0.30618,-0.26105,0.30124,0.47276,-0.10203,0.61878,0.30492,-0.29350,0.30129,0.48712,-0.10252,0.61779,0.30450,0.0000,-0.0000,-0.0000,0.0000,-0.0000,0.3533,0.2827,-0.0308,0.00,0.2638,-0.0928,0.1513,0.0853
10.060,moving,-0.46033,0.29619,0.48443,-0.10079,0.61626,0.30618,-0.26105,0.30124,0.47276,-0.10203,0.61878,0.30492,-0.31389,0.30125,0.48648,-0.10261,0.61781,0.30435,0.0000,-0.0000,-0.0000,0.0000,-0.0000,0.3533,0.2829,-0.0302,0.00,0.2620,-0.0982,0.1514,0.0853
10.080,moving,-0.46033,0.29619,0.48443,-0.10079,0.61626,0.30618,-0.26105,0.30124,0.47276,-0.10203,0.61878,0.30492,-0.33852,0.30120,0.48593,-0.10268,0.61779,0.30425,0.0000,-0.0000,-0.0000,0.0000,-0.0000,0.3533,0.2830,-0.0298,0.00,0.2597,-0.1047,0.1515,0.0853
10.100,moving,-0.46033,0.29619,0.48443,-0.10079,0.61626,0.30618,-0.26105,0.30124,0.47276,-0.10203,0.61878,0.30492,-0.34917,0.30116,0.48549,-0.10276,0.61770,0.30426,0.0000,0.0000,-0.0000,0.0000,-0.0000,0.3533,0.2828,-0.0306,0.00,0.2587,-0.1075,0.1516,0.0853
10.120,moving,-0.46033,0.29619,0.48443,-0.10079,0.61626,0.30618,-0.34917,0.30116,0.48549,-0.10276,0.61770,0.30426,-0.35690,0.30115,0.48511,-0.10290,0.61773,0.30402,0.0000,-0.0000,-0.0000,0.0000,-0.0000,0.3534,0.2826,-0.0311,0.00,0.2579,-0.1095,0.1517,0.0853
10.140,moving,-0.46033,0.29619,0.48443,-0.10079,0.61626,0.30618,-0.34917,0.30116,0.48549,-0.10276,0.61770,0.30426,-0.37097,0.30112,0.48484,-0.10302,0.61774,0.30383,0.0000,-0.0000,-0.0000,0.0000,-0.0000,0.3533,0.2827,-0.0308,0.00,0.2564,-0.1132,0.1518,0.0853
10.160,moving,-0.46033,0.29619,0.48443,-0.10079,0.61626,0.30618,-0.34917,0.30116,0.48549,-0.10276,0.61770,0.30426,-0.39135,0.30110,0.48458,-0.10312,0.61776,0.30368,0.0000,-0.0000,-0.0000,0.0000,-0.0000,0.3532,0.2829,-0.0303,0.00,0.2542,-0.1184,0.1518,0.0853
10.180,moving,-0.46033,0.29619,0.48443,-0.10079,0.61626,0.30618,-0.34917,0.30116,0.48549,-0.10276,0.61770,0.30426,-0.41593,0.30107,0.48438,-0.10320,0.61776,0.30358,0.0000,-0.0000,-0.0000,0.0000,-0.0000,0.3532,0.2830,-0.0300,0.00,0.2512,-0.1247,0.1519,0.0853
10.200,moving,-0.46033,0.29619,0.48443,-0.10079,0.61626,0.30618,-0.34917,0.30116,0.48549,-0.10276,0.61770,0.30426,-0.42584,0.30105,0.48422,-0.10329,0.61767,0.30358,0.0000,-0.0000,-0.0000,0.0000,-0.0000,0.3532,0.2827,-0.0308,0.00,0.2500,-0.1272,0.1519,0.0853
10.220,moving,-0.46033,0.29619,0.48443,-0.10079,0.61626,0.30618,-0.34917,0.30116,0.48549,-0.10276,0.61770,0.30426,-0.43360,0.30107,0.48407,-0.10345,0.61772,0.30334,0.0000,-0.0000,-0.0000,0.0000,-0.0000,0.3532,0.2826,-0.0312,0.00,0.2491,-0.1292,0.1519,0.0853
10.240,moving,-0.46033,0.29619,0.48443,-0.10079,0.61626,0.30618,-0.43360,0.30107,0.48407,-0.10345,0.61772,0.30334,-0.44697,0.30104,0.48399,-0.10356,0.61771,0.30318,0.0000,-0.0000,-0.0000,0.0000,-0.0000,0.3532,0.2827,-0.0310,0.00,0.2473,-0.1325,0.1520,0.0853
10.260,moving,-0.46033,0.29619,0.48443,-0.10079,0.61626,0.30618,-0.43360,0.30107,0.48407,-0.10345,0.61772,0.30334,-0.45655,0.30103,0.48390,-0.10368,0.61770,0.30307,0.0000,-0.0000,-0.0000,0.0000,-0.0000,0.3532,0.2827,-0.0310,0.00,0.2461,-0.1349,0.1520,0.0853
10.280,moving,-0.46033,0.29619,0.48443,-0.10079,0.61626,0.30618,-0.43360,0.30107,0.48407,-0.10345,0.61772,0.30334,-0.46011,0.30102,0.48384,-0.10377,0.61768,0.30298,0.0000,-0.0000,-0.0000,0.0000,-0.0000,0.3532,0.2826,-0.0311,0.00,0.2456,-0.1358,0.1520,0.0853
10.300,moving,-0.46033,0.29619,0.48443,-0.10079,0.61626,0.30618,-0.43360,0.30107,0.48407,-0.10345,0.61772,0.30334,-0.46008,0.30102,0.48379,-0.10385,0.61769,0.30288,0.0000,-0.0000,-0.0000,0.0000,-0.0000,0.3533,0.2826,-0.0312,0.00,0.2456,-0.1358,0.1520,0.0853
10.320,moving,-0.46033,0.29619,0.48443,-0.10079,0.61626,0.30618,-0.43360,0.30107,0.48407,-0.10345,0.61772,0.30334,-0.45984,0.30101,0.48375,-0.10392,0.61769,0.30280,0.0000,-0.0000,-0.0000,0.0000,-0.0000,0.3533,0.2826,-0.0310,0.00,0.2457,-0.1358,0.1520,0.0853
10.340,moving,-0.46033,0.29619,0.48443,-0.10079,0.61626,0.30618,-0.43360,0.30107,0.48407,-0.10345,0.61772,0.30334,-0.45964,0.30100,0.48372,-0.10396,0.61770,0.30274,0.0000,-0.0000,-0.0000,0.0000,-0.0000,0.3533,0.2827,-0.0308,0.00,0.2457,-0.1357,0.1520,0.0853
10.360,moving,-0.46033,0.29619,0.48443,-0.10079,0.61626,0.30618,-0.45964,0.30100,0.48372,-0.10396,0.61770,0.30274,-0.45947,0.30099,0.48370,-0.10400,0.61770,0.30269,0.0000,-0.0000,-0.0000,0.0000,-0.0000,0.3533,0.2827,-0.0307,0.00,0.2457,-0.1357,0.1520,0.0853
10.380,moving,-0.46033,0.29619,0.48443,-0.10079,0.61626,0.30618,-0.45964,0.30100,0.48372,-0.10396,0.61770,0.30274,-0.45934,0.30098,0.48369,-0.10403,0.61771,0.30265,0.0000,-0.0000,-0.0000,0.0000,-0.0000,0.3533,0.2828,-0.0306,0.00,0.2457,-0.1357,0.1520,0.0853
10.400,moving,-0.46033,0.29619,0.48443,-0.10079,0.61626,0.30618,-0.45964,0.30100,0.48372,-0.10396,0.61770,0.30274,-0.45923,0.30097,0.48367,-0.10405,0.61771,0.30262,0.0000,-0.0000,-0.0000,0.0000,-0.0000,0.3533,0.2828,-0.0306,0.00,0.2457,-0.1356,0.1521,0.0853
10.420,moving,-0.46033,0.29619,0.48443,-0.10079,0.61626,0.30618,-0.45964,0.30100,0.48372,-0.10396,0.61770,0.30274,-0.45914,0.30097,0.48366,-0.10407,0.61771,0.30259,0.0000,-0.0000,-0.0000,0.0000,-0.0000,0.3533,0.2828,-0.0307,0.00,0.2458,-0.1356,0.1521,0.0853
10.440,moving,-0.46033,0.29619,0.48443,-0.10079,0.61626,0.30618,-0.45964,0.30100,0.48372,-0.10396,0.61770,0.30274,-0.45907,0.30097,0.48364,-0.10409,0.61772,0.30257,0.0000,-0.0000,-0.0000,0.0000,-0.0000,0.3532,0.2827,-0.0307,0.00,0.2458,-0.1356,0.1521,0.0853
10.460,moving,-0.46033,0.29619,0.48443,-0.10079,0.61626,0.30618,-0.45964,0.30100,0.48372,-0.10396,0.61770,0.30274,-0.45901,0.30097,0.48363,-0.10410,0.61772,0.30255,0.0000,-0.0000,-0.0000,0.0000,-0.0000,0.3532,0.2827,-0.0307,0.00,0.2458,-0.1356,0.1521,0.0853
10.480,moving,-0.46033,0.29619,0.48443,-0.10079,0.61626,0.30618,-0.45901,0.30097,0.48363,-0.10410,0.61772,0.30255,-0.45896,0.30097,0.48362,-0.10412,0.61772,0.30253,0.0000,-0.0000,-0.0000,0.0000,-0.0000,0.3532,0.2827,-0.0308,0.00,0.2458,-0.1356,0.1521,0.0853
10.500,moving,-0.46033,0.29619,0.48443,-0.10079,0.61626,0.30618,-0.45901,0.30097,0.48363,-0.10410,0.61772,0.30255,-0.45892,0.30097,0.48361,-0.10413,0.61772,0.30252,0.0000,-0.0000,-0.0000,0.0000,-0.0000,0.3532,0.2827,-0.0307,0.00,0.2458,-0.1356,0.1521,0.0853
10.520,moving,-0.46033,0.29619,0.48443,-0.10079,0.61626,0.30618,-0.45901,0.30097,0.48363,-0.10410,0.61772,0.30255,-0.45888,0.30097,0.48361,-0.10414,0.61773,0.30250,0.0000,-0.0000,-0.0000,0.0000,-0.0000,0.3532,0.2827,-0.0307,0.00,0.2458,-0.1356,0.1521,0.0853
10.540,moving,-0.46033,0.29619,0.48443,-0.10079,0.61626,0.30618,-0.45901,0.30097,0.48363,-0.10410,0.61772,0.30255,-0.45886,0.30097,0.48360,-0.10414,0.61773,0.30250,0.0000,-0.0000,-0.0000,0.0000,-0.0000,0.3532,0.2827,-0.0307,0.00,0.2458,-0.1356,0.1521,0.0853
10.560,moving,-0.46033,0.29619,0.48443,-0.10079,0.61626,0.30618,-0.45901,0.30097,0.48363,-0.10410,0.61772,0.30255,-0.45883,0.30097,0.48360,-0.10415,0.61773,0.30249,0.0000,-0.0000,-0.0000,0.0000,-0.0000,0.3532,0.2827,-0.0307,0.00,0.2458,-0.1355,0.1521,0.0853
10.580,moving,-0.46033,0.29619,0.48443,-0.10079,0.61626,0.30618,-0.45901,0.30097,0.48363,-0.10410,0.61772,0.30255,-0.45882,0.30097,0.48359,-0.10415,0.61773,0.30249,0.0000,-0.0000,-0.0000,0.0000,-0.0000,0.3532,0.2827,-0.0307,0.00,0.2458,-0.1355,0.1521,0.0853
10.600,moving,-0.46033,0.29619,0.48443,-0.10079,0.61626,0.30618,-0.45882,0.30097,0.48359,-0.10415,0.61773,0.30249,-0.45880,0.30097,0.48359,-0.10415,0.61773,0.30248,0.0000,-0.0000,-0.0000,0.0000,-0.0000,0.3532,0.2827,-0.0307,0.00,0.2458,-0.1355,0.1521,0.0853
10.620,moving,-0.46033,0.29619,0.48443,-0.10079,0.61626,0.30618,-0.45882,0.30097,0.48359,-0.10415,0.61773,0.30249,-0.45879,0.30096,0.48359,-0.10416,0.61773,0.30248,0.0000,-0.0000,-0.0000,0.0000,-0.0000,0.3532,0.2827,-0.0307,0.00,0.2458,-0.1355,0.1521,0.0853
10.640,moving,-0.46033,0.29619,0.48443,-0.10079,0.61626,0.30618,-0.45882,0.30097,0.48359,-0.10415,0.61773,0.30249,-0.45878,0.30096,0.48359,-0.10416,0.61773,0.30248,0.0000,-0.0000,-0.0000,0.0000,-0.0000,0.3532,0.2827,-0.0307,0.00,0.2458,-0.1355,0.1521,0.0853
10.660,moving,-0.46033,0.29619,0.48443,-0.10079,0.61626,0.30618,-0.45882,0.30097,0.48359,-0.10415,0.61773,0.30249,-0.45877,0.30096,0.48359,-0.10416,0.61773,0.30247,0.0000,-0.0000,-0.0000,0.0000,-0.0000,0.3532,0.2827,-0.0307,0.00,0.2458,-0.1355,0.1521,0.0853
10.680,moving,-0.46033,0.29619,0.48443,-0.10079,0.61626,0.30618,-0.45882,0.30097,0.48359,-0.10415,0.61773,0.30249,-0.45877,0.30096,0.48359,-0.10416,0.61773,0.30247,0.0000,-0.0000,-0.0000,0.0000,-0.0000,0.3532,0.2827,-0.0307,0.00,0.2458,-0.1355,0.1521,0.0853
10.700,detect,-0.46033,0.29619,0.48443,-0.10079,0.61626,0.30618,-0.45882,0.30097,0.48359,-0.10415,0.61773,0.30249,-0.45876,0.30096,0.48359,-0.10416,0.61773,0.30247,0.0000,-0.0000,-0.0000,0.0000,-0.0000,0.3532,0.2827,-0.0307,0.00,0.2458,-0.1355,0.1521,0.0853
10.720,detect,-0.46033,0.29619,0.48443,-0.10079,0.61626,0.30618,-0.45876,0.30096,0.48359,-0.10416,0.61773,0.30247,-0.45876,0.30096,0.48359,-0.10416,0.61773,0.30247,0.0000,-0.0000,-0.0000,0.0000,-0.0000,0.3532,0.2827,-0.0307,0.00,0.2458,-0.1355,0.1521,0.0853
10.740,detect,-0.46033,0.29619,0.48443,-0.10079,0.61626,0.30618,-0.45876,0.30096,0.48359,-0.10416,0.61773,0.30247,-0.45876,0.30096,0.48359,-0.10416,0.61773,0.30247,0.0000,-0.0000,-0.0000,0.0000,-0.0000,0.3532,0.2827,-0.0307,0.00,0.2458,-0.1355,0.1521,0.0853
10.760,detect,-0.46033,0.29619,0.48443,-0.10079,0.61626,0.30618,-0.45876,0.30096,0.48359,-0.10416,0.61773,0.30247,-0.45875,0.30096,0.48359,-0.10417,0.61773,0.30247,0.0000,-0.0000,-0.0000,0.0000,-0.0000,0.3532,0.2827,-0.0307,0.00,0.2458,-0.1355,0.1521,0.0853
10.780,detect,-0.46033,0.29619,0.48443,-0.10079,0.61626,0.30618,-0.45876,0.30096,0.48359,-0.10416,0.61773,0.30247,-0.45875,0.30096,0.48359,-0.10417,0.61773,0.30247,0.0000,-0.0000,-0.0000,0.0000,-0.0000,0.3532,0.2827,-0.0307,0.00,0.2458,-0.1355,0.1521,0.0853
10.800,detect,-0.46033,0.29619,0.48443,-0.10079,0.61626,0.30618,-0.45876,0.30096,0.48359,-0.10416,0.61773,0.30247,-0.45875,0.30096,0.48359,-0.10417,0.61773,0.30246,0.0000,-0.0000,-0.0000,0.0000,-0.0000,0.3532,0.2827,-0.0307,0.00,0.2458,-0.1355,0.1521,0.0853
10.820,detect,-0.46033,0.29619,0.48443,-0.10079,0.61626,0.30618,-0.45876,0.30096,0.48359,-0.10416,0.61773,0.30247,-0.45875,0.30096,0.48359,-0.10417,0.61773,0.30246,0.0000,-0.0000,-0.0000,0.0000,-0.0000,0.3532,0.2827,-0.0307,0.00,0.2458,-0.1355,0.1521,0.0853
10.840,detect,-0.46033,0.29619,0.48443,-0.10079,0.61626,0.30618,-0.45875,0.30096,0.48359,-0.10417,0.61773,0.30246,-0.45874,0.30096,0.48359,-0.10417,0.61773,0.30246,0.0000,-0.0000,-0.0000,0.0000,-0.0000,0.3532,0.2827,-0.0307,0.00,0.2458,-0.1355,0.1521,0.0853
10.860,detect,-0.46033,0.29619,0.48443,-0.10079,0.61626,0.30618,-0.45875,0.30096,0.48359,-0.10417,0.61773,0.30246,-0.45874,0.30096,0.48358,-0.10417,0.61773,0.30246,0.0000,-0.0000,-0.0000,0.0000,-0.0000,0.3532,0.2827,-0.0307,0.00,0.2458,-0.1355,0.1521,0.0853
10.880,detect,-0.46033,0.29619,0.48443,-0.10079,0.61626,0.30618,-0.45875,0.30096,0.48359,-0.10417,0.61773,0.30246,-0.45874,0.30096,0.48358,-0.10417,0.61773,0.30246,0.0000,-0.0000,-0.0000,0.0000,-0.0000,0.3532,0.2827,-0.0307,0.00,0.2458,-0.1355,0.1521,0.0853
10.900,detect,-0.46033,0.29619,0.48443,-0.10079,0.61626,0.30618,-0.45875,0.30096,0.48359,-0.10417,0.61773,0.30246,-0.45874,0.30096,0.48358,-0.10417,0.61773,0.30246,0.0000,-0.0000,-0.0000,0.0000,-0.0000,0.3532,0.2827,-0.0307,0.00,0.2458,-0.1355,0.1521,0.0853
10.920,detect,-0.46033,0.29619,0.48443,-0.10079,0.61626,0.30618,-0.45875,0.30096,0.48359,-0.10417,0.61773,0.30246,-0.45874,0.30096,0.48358,-0.10417,0.61773,0.30246,0.0000,-0.0000,-0.0000,0.0000,-0.0000,0.3532,0.2827,-0.0307,0.00,0.2458,-0.1355,0.1521,0.0853
10.940,detect,-0.46033,0.29619,0.48443,-0.10079,0.61626,0.30618,-0.45875,0.30096,0.48359,-0.10417,0.61773,0.30246,-0.45874,0.30096,0.48358,-0.10417,0.61773,0.30246,0.0000,-0.0000,-0.0000,0.0000,-0.0000,0.3532,0.2827,-0.0307,0.00,0.2458,-0.1355,0.1521,0.0853
10.960,detect,-0.46033,0.29619,0.48443,-0.10079,0.61626,0.30618,-0.45874,0.30096,0.48358,-0.10417,0.61773,0.30246,-0.45874,0.30096,0.48358,-0.10417,0.61773,0.30246,0.0000,-0.0000,-0.0000,0.0000,-0.0000,0.3532,0.2827,-0.0307,0.00,0.2458,-0.1355,0.1521,0.0853
10.980,detect,-0.46033,0.29619,0.48443,-0.10079,0.61626,0.30618,-0.45874,0.30096,0.48358,-0.10417,0.61773,0.30246,-0.45874,0.30096,0.48358,-0.10417,0.61773,0.30246,0.0000,-0.0000,-0.0000,0.0000,-0.0000,0.3532,0.2827,-0.0307,0.00,0.2458,-0.1355,0.1521,0.0853
11.000,detect,-0.46033,0.29619,0.48443,-0.10079,0.61626,0.30618,-0.45874,0.30096,0.48358,-0.10417,0.61773,0.30246,-0.45874,0.30096,0.48358,-0.10417,0.61773,0.30246,0.0000,-0.0000,-0.0000,0.0000,-0.0000,0.3532,0.2827,-0.0307,0.00,0.2458,-0.1355,0.1521,0.0853
11.020,detect,-0.46033,0.29619,0.48443,-0.10079,0.61626,0.30618,-0.45874,0.30096,0.48358,-0.10417,0.61773,0.30246,-0.45874,0.30096,0.48358,-0.10417,0.61773,0.30246,0.0000,-0.0000,-0.0000,0.0000,-0.0000,0.3532,0.2827,-0.0307,0.00,0.2458,-0.1355,0.1521,0.0853
11.040,detect,-0.46033,0.29619,0.48443,-0.10079,0.61626,0.30618,-0.45874,0.30096,0.48358,-0.10417,0.61773,0.30246,-0.45874,0.30096,0.48358,-0.10417,0.61773,0.30246,0.0000,-0.0000,-0.0000,0.0000,-0.0000,0.3532,0.2827,-0.0307,0.00,0.2458,-0.1355,0.1521,0.0853
11.060,detect,-0.46033,0.29619,0.48443,-0.10079,0.61626,0.30618,-0.45874,0.30096,0.48358,-0.10417,0.61773,0.30246,-0.45874,0.30096,0.48358,-0.10417,0.61773,0.30246,0.0000,-0.0000,-0.0000,0.0000,-0.0000,0.3532,0.2827,-0.0307,0.00,0.2458,-0.1355,0.1521,0.0853
11.080,detect,-0.46033,0.29619,0.48443,-0.10079,0.61626,0.30618,-0.45874,0.30096,0.48358,-0.10417,0.61773,0.30246,-0.45874,0.30096,0.48358,-0.10417,0.61773,0.30246,0.0000,-0.0000,-0.0000,0.0000,-0.0000,0.3532,0.2827,-0.0307,0.00,0.2458,-0.1355,0.1521,0.0853
11.100,detect,-0.46033,0.29619,0.48443,-0.10079,0.61626,0.30618,-0.45874,0.30096,0.48358,-0.10417,0.61773,0.30246,-0.45874,0.30096,0.48358,-0.10417,0.61773,0.30246,0.0000,-0.0000,-0.0000,0.0000,-0.0000,0.3532,0.2827,-0.0307,0.00,0.2458,-0.1355,0.1521,0.0853
11.120,detect,-0.46033,0.29619,0.48443,-0.10079,0.61626,0.30618,-0.45874,0.30096,0.48358,-0.10417,0.61773,0.30246,-0.45874,0.30096,0.48358,-0.10417,0.61773,0.30246,0.0000,-0.0000,-0.0000,0.0000,-0.0000,0.3532,0.2827,-0.0307,0.00,0.2458,-0.1355,0.1521,0.0853
11.140,detect,-0.46033,0.29619,0.48443,-0.10079,0.61626,0.30618,-0.45874,0.30096,0.48358,-0.10417,0.61773,0.30246,-0.45874,0.30096,0.48358,-0.10417,0.61773,0.30246,0.0000,-0.0000,-0.0000,0.0000,-0.0000,0.3532,0.2827,-0.0307,0.00,0.2458,-0.1355,0.1521,0.0853
11.160,detect,-0.46033,0.29619,0.48443,-0.10079,0.61626,0.30618,-0.45874,0.30096,0.48358,-0.10417,0.61773,0.30246,-0.45874,0.30096,0.48358,-0.10417,0.61773,0.30246,0.0000,-0.0000,-0.0000,0.0000,-0.0000,0.3532,0.2827,-0.0307,0.00,0.2458,-0.1355,0.1521,0.0853
11.180,detect,-0.46033,0.29619,0.48443,-0.10079,0.61626,0.30618,-0.45874,0.30096,0.48358,-0.10417,0.61773,0.30246,-0.45874,0.30096,0.48358,-0.10417,0.61773,0.30246,0.0000,-0.0000,-0.0000,0.0000,-0.0000,0.3532,0.2827,-0.0307,0.00,0.2458,-0.1355,0.1521,0.0853
11.200,detect,-0.46033,0.29619,0.48443,-0.10079,0.61626,0.30618,-0.45874,0.30096,0.48358,-0.10417,0.61773,0.30246,-0.45874,0.30096,0.48358,-0.10417,0.61773,0.30246,0.0000,-0.0000,-0.0000,0.0000,-0.0000,0.3532,0.2827,-0.0307,0.00,0.2458,-0.1355,0.1521,0.0853
11.220,detect,-0.46033,0.29619,0.48443,-0.10079,0.61626,0.30618,-0.45874,0.30096,0.48358,-0.10417,0.61773,0.30246,-0.45874,0.30096,0.48358,-0.10417,0.61773,0.30246,0.0000,-0.0000,-0.0000,0.0000,-0.0000,0.3532,0.2827,-0.0307,0.00,0.2458,-0.1355,0.1521,0.0853
11.240,detect,-0.46033,0.29619,0.48443,-0.10079,0.61626,0.30618,-0.45874,0.30096,0.48358,-0.10417,0.61773,0.30246,-0.45874,0.30096,0.48358,-0.10417,0.61773,0.30246,0.0000,-0.0000,-0.0000,0.0000,-0.0000,0.3532,0.2827,-0.0307,0.00,0.2458,-0.1355,0.1521,0.0853
11.260,detect,-0.46033,0.29619,0.48443,-0.10079,0.61626,0.30618,-0.45874,0.30096,0.48358,-0.10417,0.61773,0.30246,-0.45874,0.30096,0.48358,-0.10417,0.61773,0.30246,0.0000,-0.0000,-0.0000,0.0000,-0.0000,0.3532,0.2827,-0.0307,0.00,0.2458,-0.1355,0.1521,0.0853
11.280,detect,-0.46033,0.29619,0.48443,-0.10079,0.61626,0.30618,-0.45874,0.30096,0.48358,-0.10417,0.61773,0.30246,-0.45874,0.30096,0.48358,-0.10417,0.61773,0.30246,0.0000,-0.0000,-0.0000,0.0000,-0.0000,0.3532,0.2827,-0.0307,0.00,0.2458,-0.1355,0.1521,0.0853
11.300,detect,-0.46033,0.29619,0.48443,-0.10079,0.61626,0.30618,-0.45874,0.30096,0.48358,-0.10417,0.61773,0.30246,-0.45874,0.30096,0.48358,-0.10417,0.61773,0.30246,0.0000,-0.0000,-0.0000,0.0000,-0.0000,0.3532,0.2827,-0.0307,0.00,0.2458,-0.1355,0.1521,0.0853
11.320,detect,-0.46033,0.29619,0.48443,-0.10079,0.61626,0.30618,-0.45874,0.30096,0.48358,-0.10417,0.61773,0.30246,-0.45874,0.30096,0.48358,-0.10417,0.61773,0.30246,0.0000,-0.0000,-0.0000,0.0000,-0.0000,0.3532,0.2827,-0.0307,0.00,0.2458,-0.1355,0.1521,0.0853
11.340,detect,-0.46033,0.29619,0.48443,-0.10079,0.61626,0.30618,-0.45874,0.30096,0.48358,-0.10417,0.61773,0.30246,-0.45874,0.30096,0.48358,-0.10417,0.61773,0.30246,0.0000,-0.0000,-0.0000,0.0000,-0.0000,0.3532,0.2827,-0.0307,0.00,0.2458,-0.1355,0.1521,0.0853
11.360,detect,-0.46033,0.29619,0.48443,-0.10079,0.61626,0.30618,-0.45874,0.30096,0.48358,-0.10417,0.61773,0.30246,-0.45874,0.30096,0.48358,-0.10417,0.61773,0.30246,0.0000,-0.0000,-0.0000,0.0000,-0.0000,0.3532,0.2827,-0.0307,0.00,0.2458,-0.1355,0.1521,0.0853
11.380,detect,-0.46033,0.29619,0.48443,-0.10079,0.61626,0.30618,-0.45874,0.30096,0.48358,-0.10417,0.61773,0.30246,-0.45874,0.30096,0.48358,-0.10417,0.61773,0.30246,0.0000,-0.0000,-0.0000,0.0000,-0.0000,0.3532,0.2827,-0.0307,0.00,0.2458,-0.1355,0.1521,0.0853
11.400,detect,-0.46033,0.29619,0.48443,-0.10079,0.61626,0.30618,-0.45874,0.30096,0.48358,-0.10417,0.61773,0.30246,-0.45874,0.30096,0.48358,-0.10417,0.61773,0.30246,0.0000,-0.0000,-0.0000,0.0000,-0.0000,0.3532,0.2827,-0.0307,0.00,0.2458,-0.1355,0.1521,0.0853
11.420,detect,-0.46033,0.29619,0.48443,-0.10079,0.61626,0.30618,-0.45874,0.30096,0.48358,-0.10417,0.61773,0.30246,-0.45874,0.30096,0.48358,-0.10417,0.61773,0.30246,0.0000,-0.0000,-0.0000,0.0000,-0.0000,0.3532,0.2827,-0.0307,0.00,0.2458,-0.1355,0.1521,0.0853
11.440,detect,-0.46033,0.29619,0.48443,-0.10079,0.61626,0.30618,-0.45874,0.30096,0.48358,-0.10417,0.61773,0.30246,-0.45874,0.30096,0.48358,-0.10417,0.61773,0.30246,0.0000,-0.0000,-0.0000,0.0000,-0.0000,0.3532,0.2827,-0.0307,0.00,0.2458,-0.1355,0.1521,0.0853
11.460,detect,-0.46033,0.29619,0.48443,-0.10079,0.61626,0.30618,-0.45874,0.30096,0.48358,-0.10417,0.61773,0.30246,-0.45874,0.30096,0.48358,-0.10417,0.61773,0.30246,0.0000,-0.0000,-0.0000,0.0000,-0.0000,0.3532,0.2827,-0.0307,0.00,0.2458,-0.1355,0.1521,0.0853
11.480,detect,-0.46033,0.29619,0.48443,-0.10079,0.61626,0.30618,-0.45874,0.30096,0.48358,-0.10417,0.61773,0.30246,-0.45874,0.30096,0.48358,-0.10417,0.61773,0.30246,0.0000,-0.0000,-0.0000,0.0000,-0.0000,0.3532,0.2827,-0.0307,0.00,0.2458,-0.1355,0.1521,0.0853
11.500,detect,-0.46033,0.29619,0.48443,-0.10079,0.61626,0.30618,-0.45874,0.30096,0.48358,-0.10417,0.61773,0.30246,-0.45874,0.30096,0.48358,-0.10417,0.61773,0.30246,0.0000,-0.0000,-0.0000,0.0000,-0.0000,0.3532,0.2827,-0.0307,0.00,0.2458,-0.1355,0.1521,0.0853
11.520,detect,-0.46033,0.29619,0.48443,-0.10079,0.61626,0.30618,-0.45874,0.30096,0.48358,-0.10417,0.61773,0.30246,-0.45874,0.30096,0.48358,-0.10417,0.61773,0.30246,0.0000,-0.0000,-0.0000,0.0000,-0.0000,0.3532,0.2827,-0.0307,0.00,0.2458,-0.1355,0.1521,0.0853
11.540,detect,-0.46033,0.29619,0.48443,-0.10079,0.61626,0.30618,-0.45874,0.30096,0.48358,-0.10417,0.61773,0.30246,-0.45874,0.30096,0.48358,-0.10417,0.61773,0.30246,0.0000,-0.0000,-0.0000,0.0000,-0.0000,0.3532,0.2827,-0.0307,0.00,0.2458,-0.1355,0.1521,0.0853
11.560,detect,-0.46033,0.29619,0.48443,-0.10079,0.61626,0.30618,-0.45874,0.30096,0.48358,-0.10417,0.61773,0.30246,-0.45874,0.30096,0.48358,-0.10417,0.61773,0.30246,0.0000,-0.0000,-0.0000,0.0000,-0.0000,0.3532,0.2827,-0.0307,0.00,0.2458,-0.1355,0.1521,0.0853
11.580,detect,-0.46033,0.29619,0.48443,-0.10079,0.61626,0.30618,-0.45874,0.30096,0.48358,-0.10417,0.61773,0.30246,-0.45874,0.30096,0.48358,-0.10417,0.61773,0.30246,0.0000,-0.0000,-0.0000,0.0000,-0.0000,0.3532,0.2827,-0.0307,0.00,0.2458,-0.1355,0.1521,0.0853
11.600,detect,-0.46033,0.29619,0.48443,-0.10079,0.61626,0.30618,-0.45874,0.30096,0.48358,-0.10417,0.61773,0.30246,-0.45874,0.30096,0.48358,-0.10417,0.61773,0.30246,0.0000,-0.0000,-0.0000,0.0000,-0.0000,0.3532,0.2827,-0.0307,0.00,0.2458,-0.1355,0.1521,0.0853
11.620,detect,-0.46033,0.29619,0.48443,-0.10079,0.61626,0.30618,-0.45874,0.30096,0.48358,-0.10417,0.61773,0.30246,-0.45874,0.30096,0.48358,-0.10417,0.61773,0.30246,0.0000,-0.0000,-0.0000,0.0000,-0.0000,0.3532,0.2827,-0.0307,0.00,0.2458,-0.1355,0.1521,0.0853
11.640,detect,-0.46033,0.29619,0.48443,-0.10079,0.61626,0.30618,-0.45874,0.30096,0.48358,-0.10417,0.61773,0.30246,-0.45874,0.30096,0.48358,-0.10417,0.61773,0.30246,0.0000,-0.0000,-0.0000,0.0000,-0.0000,0.3532,0.2827,-0.0307,0.00,0.2458,-0.1355,0.1521,0.0853
11.660,detect,-0.46033,0.29619,0.48443,-0.10079,0.61626,0.30618,-0.45874,0.30096,0.48358,-0.10417,0.61773,0.30246,-0.45874,0.30096,0.48358,-0.10417,0.61773,0.30246,0.0000,-0.0000,-0.0000,0.0000,-0.0000,0.3532,0.2827,-0.0307,0.00,0.2458,-0.1355,0.1521,0.0853
11.680,detect,-0.46033,0.29619,0.48443,-0.10079,0.61626,0.30618,-0.45874,0.30096,0.48358,-0.10417,0.61773,0.30246,-0.45874,0.30096,0.48358,-0.10417,0.61773,0.30246,0.0000,-0.0000,-0.0000,0.0000,-0.0000,0.3532,0.2827,-0.0307,0.00,0.2458,-0.1355,0.1521,0.0853
11.700,detect,-0.46033,0.29619,0.48443,-0.10079,0.61626,0.30618,-0.45874,0.30096,0.48358,-0.10417,0.61773,0.30246,-0.45874,0.30096,0.48358,-0.10417,0.61773,0.30246,0.0000,-0.0000,-0.0000,0.0000,-0.0000,0.3532,0.2827,-0.0307,0.00,0.2458,-0.1355,0.1521,0.0853
11.720,detect,-0.46033,0.29619,0.48443,-0.10079,0.61626,0.30618,-0.45874,0.30096,0.48358,-0.10417,0.61773,0.30246,-0.45874,0.30096,0.48358,-0.10417,0.61773,0.30246,0.0000,-0.0000,-0.0000,0.0000,-0.0000,0.3532,0.2827,-0.0307,0.00,0.2458,-0.1355,0.1521,0.0853
11.740,detect,-0.46033,0.29619,0.48443,-0.10079,0.61626,0.30618,-0.45874,0.30096,0.48358,-0.10417,0.61773,0.30246,-0.45874,0.30096,0.48358,-0.10417,0.61773,0.30246,0.0000,-0.0000,-0.0000,0.0000,-0.0000,0.3532,0.2827,-0.0307,0.00,0.2458,-0.1355,0.1521,0.0853
11.760,detect,-0.46033,0.29619,0.48443,-0.10079,0.61626,0.30618,-0.45874,0.30096,0.48358,-0.10417,0.61773,0.30246,-0.45874,0.30096,0.48358,-0.10417,0.61773,0.30246,0.0000,-0.0000,-0.0000,0.0000,-0.0000,0.3532,0.2827,-0.0307,0.00,0.2458,-0.1355,0.1521,0.0853
11.780,detect,-0.46033,0.29619,0.48443,-0.10079,0.61626,0.30618,-0.45874,0.30096,0.48358,-0.10417,0.61773,0.30246,-0.45874,0.30096,0.48358,-0.10417,0.61773,0.30246,0.0000,-0.0000,-0.0000,0.0000,-0.0000,0.3532,0.2827,-0.0307,0.00,0.2458,-0.1355,0.1521,0.0853
11.800,detect,-0.46033,0.29619,0.48443,-0.10079,0.61626,0.30618,-0.45874,0.30096,0.48358,-0.10417,0.61773,0.30246,-0.45874,0.30096,0.48358,-0.10417,0.61773,0.30246,0.0000,-0.0000,-0.0000,0.0000,-0.0000,0.3532,0.2827,-0.0307,0.00,0.2458,-0.1355,0.1521,0.0853
11.820,detect,-0.46033,0.29619,0.48443,-0.10079,0.61626,0.30618,-0.45874,0.30096,0.48358,-0.10417,0.61773,0.30246,-0.45874,0.30096,0.48358,-0.10417,0.61773,0.30246,0.0000,-0.0000,-0.0000,0.0000,-0.0000,0.3532,0.2827,-0.0307,0.00,0.2458,-0.1355,0.1521,0.0853
11.840,detect,-0.46033,0.29619,0.48443,-0.10079,0.61626,0.30618,-0.45874,0.30096,0.48358,-0.10417,0.61773,0.30246,-0.45874,0.30096,0.48358,-0.10417,0.61773,0.30246,0.0000,-0.0000,-0.0000,0.0000,-0.0000,0.3532,0.2827,-0.0307,0.00,0.2458,-0.1355,0.1521,0.0853
11.860,detect,-0.46033,0.29619,0.48443,-0.10079,0.61626,0.30618,-0.45874,0.30096,0.48358,-0.10417,0.61773,0.30246,-0.45874,0.30096,0.48358,-0.10417,0.61773,0.30246,0.0000,-0.0000,-0.0000,0.0000,-0.0000,0.3532,0.2827,-0.0307,0.00,0.2458,-0.1355,0.1521,0.0853
11.880,detect,-0.46033,0.29619,0.48443,-0.10079,0.61626,0.30618,-0.45874,0.30096,0.48358,-0.10417,0.61773,0.30246,-0.45874,0.30096,0.48358,-0.10417,0.61773,0.30246,0.0000,-0.0000,-0.0000,0.0000,-0.0000,0.3532,0.2827,-0.0307,0.00,0.2458,-0.1355,0.1521,0.0853
11.900,detect,-0.46033,0.29619,0.48443,-0.10079,0.61626,0.30618,-0.45874,0.30096,0.48358,-0.10417,0.61773,0.30246,-0.45874,0.30096,0.48358,-0.10417,0.61773,0.30246,0.0000,-0.0000,-0.0000,0.0000,-0.0000,0.3532,0.2827,-0.0307,0.00,0.2458,-0.1355,0.1521,0.0853
11.920,detect,-0.46033,0.29619,0.48443,-0.10079,0.61626,0.30618,-0.45874,0.30096,0.48358,-0.10417,0.61773,0.30246,-0.45874,0.30096,0.48358,-0.10417,0.61773,0.30246,0.0000,-0.0000,-0.0000,0.0000,-0.0000,0.3532,0.2827,-0.0307,0.00,0.2458,-0.1355,0.1521,0.0853
11.940,detect,-0.46033,0.29619,0.48443,-0.10079,0.61626,0.30618,-0.45874,0.30096,0.48358,-0.10417,0.61773,0.30246,-0.45874,0.30096,0.48358,-0.10417,0.61773,0.30246,0.0000,-0.0000,-0.0000,0.0000,-0.0000,0.3532,0.2827,-0.0307,0.00,0.2458,-0.1355,0.1521,0.0853
11.960,detect,-0.46033,0.29619,0.48443,-0.10079,0.61626,0.30618,-0.45874,0.30096,0.48358,-0.10417,0.61773,0.30246,-0.45874,0.30096,0.48358,-0.10417,0.61773,0.30246,0.0000,-0.0000,-0.0000,0.0000,-0.0000,0.3532,0.2827,-0.0307,0.00,0.2458,-0.1355,0.1521,0.0853
11.980,detect,-0.46033,0.29619,0.48443,-0.10079,0.61626,0.30618,-0.45874,0.30096,0.48358,-0.10417,0.61773,0.30246,-0.45874,0.30096,0.48358,-0.10417,0.61773,0.30246,0.0000,-0.0000,-0.0000,0.0000,-0.0000,0.3532,0.2827,-0.0307,0.00,0.2458,-0.1355,0.1521,0.0853
12.000,detect,-0.46033,0.29619,0.48443,-0.10079,0.61626,0.30618,-0.45874,0.30096,0.48358,-0.10417,0.61773,0.30246,-0.45874,0.30096,0.48358,-0.10417,0.61773,0.30246,0.0000,-0.0000,-0.0000,0.0000,-0.0000,0.3532,0.2827,-0.0307,0.00,0.2458,-0.1355,0.1521,0.0853
12.020,detect,-0.46033,0.29619,0.48443,-0.10079,0.61626,0.30618,-0.45874,0.30096,0.48358,-0.10417,0.61773,0.30246,-0.45874,0.30096,0.48358,-0.10417,0.61773,0.30246,0.0000,-0.0000,-0.0000,0.0000,-0.0000,0.3532,0.2827,-0.0307,0.00,0.2458,-0.1355,0.1521,0.0853
12.040,detect,-0.46033,0.29619,0.48443,-0.10079,0.61626,0.30618,-0.45874,0.30096,0.48358,-0.10417,0.61773,0.30246,-0.45874,0.30096,0.48358,-0.10417,0.61773,0.30246,0.0000,-0.0000,-0.0000,0.0000,-0.0000,0.3532,0.2827,-0.0307,0.00,0.2458,-0.1355,0.1521,0.0853
12.060,detect,-0.46033,0.29619,0.48443,-0.10079,0.61626,0.30618,-0.45874,0.30096,0.48358,-0.10417,0.61773,0.30246,-0.45874,0.30096,0.48358,-0.10417,0.61773,0.30246,0.0000,-0.0000,-0.0000,0.0000,-0.0000,0.3532,0.2827,-0.0307,0.00,0.2458,-0.1355,0.1521,0.0853
12.080,detect,-0.46033,0.29619,0.48443,-0.10079,0.61626,0.30618,-0.45874,0.30096,0.48358,-0.10417,0.61773,0.30246,-0.45874,0.30096,0.48358,-0.10417,0.61773,0.30246,0.0000,-0.0000,-0.0000,0.0000,-0.0000,0.3532,0.2827,-0.0307,0.00,0.2458,-0.1355,0.1521,0.0853
12.100,detect,-0.46033,0.29619,0.48443,-0.10079,0.61626,0.30618,-0.45874,0.30096,0.48358,-0.10417,0.61773,0.30246,-0.45874,0.30096,0.48358,-0.10417,0.61773,0.30246,0.0000,-0.0000,-0.0000,0.0000,-0.0000,0.3532,0.2827,-0.0307,0.00,0.2458,-0.1355,0.1521,0.0853
12.120,detect,-0.46033,0.29619,0.48443,-0.10079,0.61626,0.30618,-0.45874,0.30096,0.48358,-0.10417,0.61773,0.30246,-0.45874,0.30096,0.48358,-0.10417,0.61773,0.30246,0.0000,-0.0000,-0.0000,0.0000,-0.0000,0.3532,0.2827,-0.0307,0.00,0.2458,-0.1355,0.1521,0.0853
12.140,moving,-0.46033,0.29619,0.48443,-0.10079,0.61626,0.30618,-0.45874,0.30096,0.48358,-0.10417,0.61773,0.30246,-0.45874,0.30096,0.48358,-0.10417,0.61773,0.30246,0.0000,-0.0000,-0.0000,0.0000,-0.0000,0.3532,0.2827,-0.0307,0.00,0.2458,-0.1355,0.1521,0.0853
12.160,moving,-0.10231,0.53390,0.18646,0.02050,0.69512,0.11770,-0.45874,0.30096,0.48358,-0.10417,0.61773,0.30246,-0.45874,0.30096,0.48358,-0.10417,0.61773,0.30246,0.0000,-0.0000,-0.0000,0.0000,-0.0000,0.3532,0.2827,-0.0307,0.00,0.2458,-0.1355,0.1521,0.0853
12.180,moving,-0.10231,0.53390,0.18646,0.02050,0.69512,0.11770,-0.45874,0.30096,0.48358,-0.10417,0.61773,0.30246,-0.45874,0.30096,0.48358,-0.10417,0.61773,0.30246,0.0000,-0.0000,-0.0000,0.0000,-0.0000,0.3532,0.2827,-0.0307,0.00,0.2458,-0.1355,0.1521,0.0853
12.200,moving,-0.10231,0.53390,0.18646,0.02050,0.69512,0.11770,-0.45874,0.30096,0.48358,-0.10417,0.61773,0.30246,-0.45663,0.30323,0.48134,-0.10190,0.62002,0.30017,0.0000,-0.0000,-0.0000,0.0000,-0.0000,0.3532,0.2827,-0.0307,0.00,0.2463,-0.1349,0.1518,0.0853
12.220,moving,-0.10231,0.53390,0.18646,0.02050,0.69512,0.11770,-0.45874,0.30096,0.48358,-0.10417,0.61773,0.30246,-0.44834,0.31171,0.47289,-0.09344,0.62852,0.29167,0.0000,-0.0000,-0.0000,0.0000,-0.0000,0.3533,0.2827,-0.0308,0.00,0.2483,-0.1323,0.1508,0.0853
12.240,moving,-0.10231,0.53390,0.18646,0.02050,0.69512,0.11770,-0.45874,0.30096,0.48358,-0.10417,0.61773,0.30246,-0.43382,0.32639,0.45822,-0.07873,0.64321,0.27700,0.0000,-0.0000,-0.0000,0.0000,-0.0000,0.3534,0.2827,-0.0308,0.00,0.2516,-0.1278,0.1491,0.0853
12.260,moving,-0.10231,0.53390,0.18646,0.02050,0.69512,0.11770,-0.45874,0.30096,0.48358,-0.10417,0.61773,0.30246,-0.41311,0.34729,0.43734,-0.05779,0.66364,0.25617,0.0000,-0.0000,-0.0000,0.0000,-0.0000,0.3536,0.2827,-0.0309,0.00,0.2564,-0.1211,0.1466,0.0853
12.280,moving,-0.10231,0.53390,0.18646,0.02050,0.69512,0.11770,-0.41311,0.34729,0.43734,-0.05779,0.66364,0.25617,-0.38816,0.37284,0.41277,-0.03419,0.68086,0.23131,0.0000,-0.0000,-0.0000,0.0000,-0.0000,0.3537,0.2827,-0.0309,0.00,0.2630,-0.1133,0.1436,0.0853
12.300,moving,-0.10231,0.53390,0.18646,0.02050,0.69512,0.11770,-0.41311,0.34729,0.43734,-0.05779,0.66364,0.25617,-0.37553,0.38786,0.40317,-0.02552,0.68655,0.22265,0.0000,-0.0000,-0.0000,0.0000,-0.0000,0.3536,0.2828,-0.0305,0.00,0.2657,-0.1094,0.1409,0.0854
12.320,moving,-0.10231,0.53390,0.18646,0.02050,0.69512,0.11770,-0.41311,0.34729,0.43734,-0.05779,0.66364,0.25617,-0.36789,0.39539,0.39499,-0.01683,0.69364,0.21432,0.0000,-0.0000,-0.0000,0.0000,-0.0000,0.3534,0.2828,-0.0305,0.00,0.2676,-0.1067,0.1401,0.0853
12.340,moving,-0.10231,0.53390,0.18646,0.02050,0.69512,0.11770,-0.41311,0.34729,0.43734,-0.05779,0.66364,0.25617,-0.35395,0.40916,0.38058,-0.00215,0.69646,0.19976,0.0000,-0.0000,-0.0000,0.0000,-0.0000,0.3533,0.2827,-0.0306,0.00,0.2725,-0.1023,0.1388,0.0854
12.360,moving,-0.10231,0.53390,0.18646,0.02050,0.69512,0.11770,-0.41311,0.34729,0.43734,-0.05779,0.66364,0.25617,-0.33356,0.42931,0.35978,0.01027,0.69653,0.17894,0.0000,-0.0000,-0.0000,0.0000,-0.0000,0.3533,0.2827,-0.0308,0.00,0.2799,-0.0970,0.1367,0.0854
12.380,moving,-0.10231,0.53390,0.18646,0.02050,0.69512,0.11770,-0.41311,0.34729,0.43734,-0.05779,0.66364,0.25617,-0.30893,0.45425,0.33510,0.01638,0.69654,0.15444,0.0000,-0.0000,-0.0000,0.0000,-0.0000,0.3533,0.2826,-0.0309,0.00,0.2882,-0.0912,0.1338,0.0854
12.400,moving,-0.10231,0.53390,0.18646,0.02050,0.69512,0.11770,-0.30893,0.45425,0.33510,0.01638,0.69654,0.15444,-0.29718,0.46954,0.32464,0.01763,0.69661,0.14657,0.0000,-0.0000,-0.0000,0.0000,-0.0000,0.3532,0.2828,-0.0303,0.00,0.2914,-0.0883,0.1310,0.0855
12.420,moving,-0.10231,0.53390,0.18646,0.02050,0.69512,0.11770,-0.30893,0.45425,0.33510,0.01638,0.69654,0.15444,-0.28964,0.47676,0.31680,0.01775,0.69666,0.13825,0.0000,-0.0000,-0.0000,0.0000,-0.0000,0.3530,0.2828,-0.0302,0.00,0.2939,-0.0867,0.1303,0.0854
12.440,moving,-0.10231,0.53390,0.18646,0.02050,0.69512,0.11770,-0.30893,0.45425,0.33510,0.01638,0.69654,0.15444,-0.27581,0.49003,0.30243,0.01787,0.69665,0.12542,0.0000,-0.0000,-0.0000,0.0000,-0.0000,0.3530,0.2828,-0.0304,0.00,0.2984,-0.0835,0.1288,0.0855
12.460,moving,-0.10231,0.53390,0.18646,0.02050,0.69512,0.11770,-0.30893,0.45425,0.33510,0.01638,0.69654,0.15444,-0.25559,0.50947,0.28176,0.01797,0.69665,0.11750,0.0000,-0.0000,-0.0000,0.0000,-0.0000,0.3530,0.2827,-0.0308,0.00,0.3049,-0.0787,0.1265,0.0854
12.480,moving,-0.10231,0.53390,0.18646,0.02050,0.69512,0.11770,-0.30893,0.45425,0.33510,0.01638,0.69654,0.15444,-0.23105,0.52656,0.25724,0.01804,0.69669,0.11525,0.0000,-0.0000,-0.0000,0.0000,-0.0000,0.3532,0.2825,-0.0311,0.00,0.3127,-0.0726,0.1256,0.0855
12.500,moving,-0.10231,0.53390,0.18646,0.02050,0.69512,0.11770,-0.30893,0.45425,0.33510,0.01638,0.69654,0.15444,-0.21900,0.53224,0.24679,0.01821,0.69676,0.11514,0.0000,-0.0000,-0.0000,0.0000,-0.0000,0.3531,0.2827,-0.0305,0.00,0.3163,-0.0694,0.1257,0.0855
12.520,moving,-0.10231,0.53390,0.18646,0.02050,0.69512,0.11770,-0.21900,0.53224,0.24679,0.01821,0.69676,0.11514,-0.21164,0.53893,0.23889,0.01835,0.69676,0.11539,0.0000,-0.0000,-0.0000,0.0000,-0.0000,0.3530,0.2829,-0.0298,0.00,0.3186,-0.0675,0.1250,0.0854
12.540,moving,-0.10231,0.53390,0.18646,0.02050,0.69512,0.11770,-0.21900,0.53224,0.24679,0.01821,0.69676,0.11514,-0.19781,0.54206,0.22467,0.01843,0.69680,0.11555,0.0000,-0.0000,-0.0000,0.0000,-0.0000,0.3530,0.2828,-0.0302,0.00,0.3234,-0.0639,0.1267,0.0855
12.560,moving,-0.10231,0.53390,0.18646,0.02050,0.69512,0.11770,-0.21900,0.53224,0.24679,0.01821,0.69676,0.11514,-0.17767,0.54173,0.20601,0.01849,0.69681,0.11567,0.0000,0.0000,-0.0000,0.0000,-0.0000,0.3531,0.2826,-0.0310,0.00,0.3300,-0.0583,0.1304,0.0854
12.580,moving,-0.10231,0.53390,0.18646,0.02050,0.69512,0.11770,-0.21900,0.53224,0.24679,0.01821,0.69676,0.11514,-0.15325,0.54120,0.19254,0.01858,0.69680,0.11575,0.0000,0.0000,-0.0000,0.0000,-0.0000,0.3532,0.2825,-0.0312,0.00,0.3352,-0.0508,0.1333,0.0854
12.600,moving,-0.10231,0.53390,0.18646,0.02050,0.69512,0.11770,-0.21900,0.53224,0.24679,0.01821,0.69676,0.11514,-0.14115,0.54076,0.18784,0.01871,0.69683,0.11568,0.0000,-0.0000,-0.0000,0.0000,-0.0000,0.3531,0.2829,-0.0300,0.00,0.3372,-0.0469,0.1344,0.0854
12.620,moving,-0.10231,0.53390,0.18646,0.02050,0.69512,0.11770,-0.21900,0.53224,0.24679,0.01821,0.69676,0.11514,-0.13384,0.54043,0.18425,0.01888,0.69683,0.11595,0.0000,-0.0000,-0.0000,0.0000,-0.0000,0.3531,0.2831,-0.0292,0.00,0.3386,-0.0446,0.1352,0.0854
12.640,moving,-0.10231,0.53390,0.18646,0.02050,0.69512,0.11770,-0.13384,0.54043,0.18425,0.01888,0.69683,0.11595,-0.12011,0.54020,0.18418,0.01901,0.69682,0.11616,0.0000,-0.0000,-0.0000,0.0000,-0.0000,0.3531,0.2830,-0.0296,0.00,0.3392,-0.0399,0.1353,0.0854
12.660,moving,-0.10231,0.53390,0.18646,0.02050,0.69512,0.11770,-0.13384,0.54043,0.18425,0.01888,0.69683,0.11595,-0.10729,0.54005,0.18434,0.01911,0.69684,0.11620,0.0000,-0.0000,-0.0000,0.0000,-0.0000,0.3531,0.2829,-0.0299,0.00,0.3396,-0.0355,0.1353,0.0854
12.680,moving,-0.10231,0.53390,0.18646,0.02050,0.69512,0.11770,-0.13384,0.54043,0.18425,0.01888,0.69683,0.11595,-0.10078,0.53992,0.18449,0.01922,0.69685,0.11628,0.0000,-0.0000,-0.0000,0.0000,-0.0000,0.3532,0.2830,-0.0297,0.00,0.3398,-0.0333,0.1353,0.0854
12.700,moving,-0.10231,0.53390,0.18646,0.02050,0.69512,0.11770,-0.13384,0.54043,0.18425,0.01888,0.69683,0.11595,-0.09962,0.53981,0.18461,0.01932,0.69686,0.11637,0.0000,-0.0000,-0.0000,0.0000,-0.0000,0.3531,0.2831,-0.0295,0.00,0.3398,-0.0329,0.1354,0.0854
12.720,moving,-0.10231,0.53390,0.18646,0.02050,0.69512,0.11770,-0.13384,0.54043,0.18425,0.01888,0.69683,0.11595,-0.10002,0.53972,0.18470,0.01940,0.69686,0.11648,0.0000,-0.0000,-0.0000,0.0000,-0.0000,0.3532,0.2831,-0.0295,0.00,0.3398,-0.0330,0.1354,0.0854
12.740,moving,-0.10231,0.53390,0.18646,0.02050,0.69512,0.11770,-0.13384,0.54043,0.18425,0.01888,0.69683,0.11595,-0.10037,0.53964,0.18479,0.01945,0.69686,0.11655,0.0000,-0.0000,-0.0000,0.0000,-0.0000,0.3532,0.2830,-0.0297,0.00,0.3397,-0.0331,0.1354,0.0854
12.760,moving,-0.10231,0.53390,0.18646,0.02050,0.69512,0.11770,-0.10037,0.53964,0.18479,0.01945,0.69686,0.11655,-0.10067,0.53958,0.18485,0.01948,0.69686,0.11660,0.0000,-0.0000,-0.0000,0.0000,-0.0000,0.3532,0.2829,-0.0300,0.00,0.3397,-0.0332,0.1354,0.0854
12.780,moving,-0.10231,0.53390,0.18646,0.02050,0.69512,0.11770,-0.10037,0.53964,0.18479,0.01945,0.69686,0.11655,-0.10091,0.53954,0.18490,0.01951,0.69686,0.11664,0.0000,-0.0000,-0.0000,0.0000,-0.0000,0.3532,0.2828,-0.0302,0.00,0.3397,-0.0333,0.1354,0.0854
12.800,moving,-0.10231,0.53390,0.18646,0.02050,0.69512,0.11770,-0.10037,0.53964,0.18479,0.01945,0.69686,0.11655,-0.10110,0.53950,0.18495,0.01953,0.69686,0.11667,0.0000,-0.0000,-0.0000,0.0000,-0.0000,0.3532,0.2828,-0.0302,0.00,0.3397,-0.0334,0.1354,0.0854
12.820,moving,-0.10231,0.53390,0.18646,0.02050,0.69512,0.11770,-0.10037,0.53964,0.18479,0.01945,0.69686,0.11655,-0.10126,0.53947,0.18498,0.01954,0.69685,0.11669,0.0000,-0.0000,-0.0000,0.0000,-0.0000,0.3532,0.2828,-0.0302,0.00,0.3397,-0.0334,0.1354,0.0854
12.840,moving,-0.10231,0.53390,0.18646,0.02050,0.69512,0.11770,-0.10037,0.53964,0.18479,0.01945,0.69686,0.11655,-0.10139,0.53944,0.18501,0.01956,0.69685,0.11672,0.0000,-0.0000,-0.0000,0.0000,-0.0000,0.3532,0.2829,-0.0301,0.00,0.3397,-0.0335,0.1354,0.0854
12.860,moving,-0.10231,0.53390,0.18646,0.02050,0.69512,0.11770,-0.10037,0.53964,0.18479,0.01945,0.69686,0.11655,-0.10149,0.53942,0.18504,0.01957,0.69685,0.11674,0.0000,-0.0000,-0.0000,0.0000,-0.0000,0.3532,0.2829,-0.0301,0.00,0.3397,-0.0335,0.1354,0.0854
12.880,moving,-0.10231,0.53390,0.18646,0.02050,0.69512,0.11770,-0.10149,0.53942,0.18504,0.01957,0.69685,0.11674,-0.10158,0.53940,0.18506,0.01958,0.69686,0.11675,0.0000,-0.0000,-0.0000,0.0000,-0.0000,0.3532,0.2829,-0.0300,0.00,0.3396,-0.0335,0.1354,0.0854
12.900,moving,-0.10231,0.53390,0.18646,0.02050,0.69512,0.11770,-0.10149,0.53942,0.18504,0.01957,0.69685,0.11674,-0.10165,0.53939,0.18507,0.01960,0.69686,0.11677,0.0000,-0.0000,-0.0000,0.0000,-0.0000,0.3532,0.2829,-0.0300,0.00,0.3396,-0.0335,0.1354,0.0854
12.920,moving,-0.10231,0.53390,0.18646,0.02050,0.69512,0.11770,-0.10149,0.53942,0.18504,0.01957,0.69685,0.11674,-0.10170,0.53938,0.18508,0.01960,0.69686,0.11678,0.0000,-0.0000,-0.0000,0.0000,-0.0000,0.3532,0.2829,-0.0300,0.00,0.3396,-0.0336,0.1354,0.0854
12.940,moving,-0.10231,0.53390,0.18646,0.02050,0.69512,0.11770,-0.10149,0.53942,0.18504,0.01957,0.69685,0.11674,-0.10175,0.53937,0.18509,0.01961,0.69686,0.11679,0.0000,-0.0000,-0.0000,0.0000,-0.0000,0.3532,0.2829,-0.0301,0.00,0.3396,-0.0336,0.1354,0.0854
12.960,moving,-0.10231,0.53390,0.18646,0.02050,0.69512,0.11770,-0.10149,0.53942,0.18504,0.01957,0.69685,0.11674,-0.10179,0.53936,0.18510,0.01962,0.69686,0.11680,0.0000,-0.0000,-0.0000,0.0000,-0.0000,0.3532,0.2829,-0.0301,0.00,0.3396,-0.0336,0.1354,0.0854
12.980,moving,-0.10231,0.53390,0.18646,0.02050,0.69512,0.11770,-0.10149,0.53942,0.18504,0.01957,0.69685,0.11674,-0.10182,0.53936,0.18510,0.01962,0.69686,0.11680,0.0000,-0.0000,-0.0000,0.0000,-0.0000,0.3532,0.2829,-0.0301,0.00,0.3396,-0.0336,0.1354,0.0854
13.000,moving,-0.10231,0.53390,0.18646,0.02050,0.69512,0.11770,-0.10182,0.53936,0.18510,0.01962,0.69686,0.11680,-0.10185,0.53935,0.18511,0.01962,0.69686,0.11681,0.0000,-0.0000,-0.0000,0.0000,-0.0000,0.3532,0.2829,-0.0301,0.00,0.3396,-0.0336,0.1354,0.0854
13.020,moving,-0.10231,0.53390,0.18646,0.02050,0.69512,0.11770,-0.10182,0.53936,0.18510,0.01962,0.69686,0.11680,-0.10187,0.53935,0.18511,0.01962,0.69686,0.11681,0.0000,-0.0000,-0.0000,0.0000,-0.0000,0.3532,0.2829,-0.0301,0.00,0.3396,-0.0336,0.1354,0.0854
13.040,moving,-0.10231,0.53390,0.18646,0.02050,0.69512,0.11770,-0.10182,0.53936,0.18510,0.01962,0.69686,0.11680,-0.10189,0.53934,0.18512,0.01963,0.69686,0.11681,0.0000,-0.0000,-0.0000,0.0000,-0.0000,0.3532,0.2829,-0.0301,0.00,0.3396,-0.0336,0.1354,0.0854
13.060,moving,-0.10231,0.53390,0.18646,0.02050,0.69512,0.11770,-0.10182,0.53936,0.18510,0.01962,0.69686,0.11680,-0.10190,0.53934,0.18512,0.01963,0.69686,0.11682,0.0000,-0.0000,-0.0000,0.0000,-0.0000,0.3532,0.2829,-0.0301,0.00,0.3396,-0.0336,0.1354,0.0854
13.080,moving,-0.10231,0.53390,0.18646,0.02050,0.69512,0.11770,-0.10182,0.53936,0.18510,0.01962,0.69686,0.11680,-0.10191,0.53934,0.18513,0.01963,0.69686,0.11682,0.0000,-0.0000,-0.0000,0.0000,-0.0000,0.3532,0.2829,-0.0301,0.00,0.3396,-0.0336,0.1354,0.0854
13.100,detect,-0.10231,0.53390,0.18646,0.02050,0.69512,0.11770,-0.10182,0.53936,0.18510,0.01962,0.69686,0.11680,-0.10192,0.53933,0.18513,0.01963,0.69686,0.11682,0.0000,-0.0000,-0.0000,0.0000,-0.0000,0.3532,0.2829,-0.0301,0.00,0.3396,-0.0336,0.1354,0.0854
13.120,detect,-0.10231,0.53390,0.18646,0.02050,0.69512,0.11770,-0.10192,0.53933,0.18513,0.01963,0.69686,0.11682,-0.10193,0.53933,0.18513,0.01963,0.69686,0.11682,0.0000,-0.0000,-0.0000,0.0000,-0.0000,0.3532,0.2829,-0.0301,0.00,0.3396,-0.0336,0.1354,0.0854
13.140,detect,-0.10231,0.53390,0.18646,0.02050,0.69512,0.11770,-0.10192,0.53933,0.18513,0.01963,0.69686,0.11682,-0.10194,0.53933,0.18513,0.01963,0.69686,0.11682,0.0000,-0.0000,-0.0000,0.0000,-0.0000,0.3532,0.2829,-0.0301,0.00,0.3396,-0.0336,0.1354,0.0854
13.160,detect,-0.10231,0.53390,0.18646,0.02050,0.69512,0.11770,-0.10192,0.53933,0.18513,0.01963,0.69686,0.11682,-0.10194,0.53933,0.18513,0.01963,0.69686,0.11682,0.0000,-0.0000,-0.0000,0.0000,-0.0000,0.3532,0.2829,-0.0301,0.00,0.3396,-0.0336,0.1354,0.0854
13.180,detect,-0.10231,0.53390,0.18646,0.02050,0.69512,0.11770,-0.10192,0.53933,0.18513,0.01963,0.69686,0.11682,-0.10194,0.53933,0.18514,0.01963,0.69686,0.11682,0.0000,-0.0000,-0.0000,0.0000,-0.0000,0.3532,0.2829,-0.0301,0.00,0.3396,-0.0336,0.1354,0.0854
13.200,detect,-0.10231,0.53390,0.18646,0.02050,0.69512,0.11770,-0.10192,0.53933,0.18513,0.01963,0.69686,0.11682,-0.10195,0.53933,0.18514,0.01963,0.69686,0.11682,0.0000,-0.0000,-0.0000,0.0000,-0.0000,0.3532,0.2829,-0.0301,0.00,0.3396,-0.0336,0.1354,0.0854
13.220,detect,-0.10231,0.53390,0.18646,0.02050,0.69512,0.11770,-0.10192,0.53933,0.18513,0.01963,0.69686,0.11682,-0.10195,0.53933,0.18514,0.01963,0.69686,0.11682,0.0000,-0.0000,-0.0000,0.0000,-0.0000,0.3532,0.2829,-0.0301,0.00,0.3396,-0.0336,0.1354,0.0854
13.240,detect,-0.10231,0.53390,0.18646,0.02050,0.69512,0.11770,-0.10195,0.53933,0.18514,0.01963,0.69686,0.11682,-0.10195,0.53933,0.18514,0.01963,0.69686,0.11682,0.0000,-0.0000,-0.0000,0.0000,-0.0000,0.3532,0.2829,-0.0301,0.00,0.3396,-0.0336,0.1354,0.0854
13.260,detect,-0.10231,0.53390,0.18646,0.02050,0.69512,0.11770,-0.10195,0.53933,0.18514,0.01963,0.69686,0.11682,-0.10195,0.53933,0.18514,0.01963,0.69686,0.11682,0.0000,-0.0000,-0.0000,0.0000,-0.0000,0.3532,0.2829,-0.0301,0.00,0.3396,-0.0336,0.1354,0.0854
13.280,detect,-0.10231,0.53390,0.18646,0.02050,0.69512,0.11770,-0.10195,0.53933,0.18514,0.01963,0.69686,0.11682,-0.10196,0.53933,0.18514,0.01963,0.69686,0.11682,0.0000,-0.0000,-0.0000,0.0000,-0.0000,0.3532,0.2829,-0.0301,0.00,0.3396,-0.0336,0.1354,0.0854
13.300,detect,-0.10231,0.53390,0.18646,0.02050,0.69512,0.11770,-0.10195,0.53933,0.18514,0.01963,0.69686,0.11682,-0.10196,0.53933,0.18514,0.01963,0.69686,0.11682,0.0000,-0.0000,-0.0000,0.0000,-0.0000,0.3532,0.2829,-0.0301,0.00,0.3396,-0.0336,0.1354,0.0854
13.320,detect,-0.10231,0.53390,0.18646,0.02050,0.69512,0.11770,-0.10195,0.53933,0.18514,0.01963,0.69686,0.11682,-0.10196,0.53933,0.18514,0.01963,0.69686,0.11682,0.0000,-0.0000,-0.0000,0.0000,-0.0000,0.3532,0.2829,-0.0301,0.00,0.3396,-0.0336,0.1354,0.0854
13.340,detect,-0.10231,0.53390,0.18646,0.02050,0.69512,0.11770,-0.10195,0.53933,0.18514,0.01963,0.69686,0.11682,-0.10196,0.53933,0.18514,0.01963,0.69686,0.11682,0.0000,-0.0000,-0.0000,0.0000,-0.0000,0.3532,0.2829,-0.0301,0.00,0.3396,-0.0336,0.1354,0.0854
13.360,detect,-0.10231,0.53390,0.18646,0.02050,0.69512,0.11770,-0.10196,0.53933,0.18514,0.01963,0.69686,0.11682,-0.10196,0.53933,0.18514,0.01963,0.69686,0.11682,0.0000,-0.0000,-0.0000,0.0000,-0.0000,0.3532,0.2829,-0.0301,0.00,0.3396,-0.0336,0.1354,0.0854
13.380,detect,-0.10231,0.53390,0.18646,0.02050,0.69512,0.11770,-0.10196,0.53933,0.18514,0.01963,0.69686,0.11682,-0.10196,0.53933,0.18514,0.01963,0.69686,0.11682,0.0000,-0.0000,-0.0000,0.0000,-0.0000,0.3532,0.2829,-0.0301,0.00,0.3396,-0.0336,0.1354,0.0854
13.400,detect,-0.10231,0.53390,0.18646,0.02050,0.69512,0.11770,-0.10196,0.53933,0.18514,0.01963,0.69686,0.11682,-0.10196,0.53933,0.18514,0.01963,0.69686,0.11682,0.0000,-0.0000,-0.0000,0.0000,-0.0000,0.3532,0.2829,-0.0301,0.00,0.3396,-0.0336,0.1354,0.0854
13.420,detect,-0.10231,0.53390,0.18646,0.02050,0.69512,0.11770,-0.10196,0.53933,0.18514,0.01963,0.69686,0.11682,-0.10196,0.53933,0.18514,0.01963,0.69686,0.11682,0.0000,-0.0000,-0.0000,0.0000,-0.0000,0.3532,0.2829,-0.0301,0.00,0.3396,-0.0336,0.1354,0.0854
13.440,detect,-0.10231,0.53390,0.18646,0.02050,0.69512,0.11770,-0.10196,0.53933,0.18514,0.01963,0.69686,0.11682,-0.10196,0.53932,0.18514,0.01963,0.69686,0.11682,0.0000,-0.0000,-0.0000,0.0000,-0.0000,0.3532,0.2829,-0.0301,0.00,0.3396,-0.0336,0.1354,0.0854
13.460,detect,-0.10231,0.53390,0.18646,0.02050,0.69512,0.11770,-0.10196,0.53933,0.18514,0.01963,0.69686,0.11682,-0.10196,0.53932,0.18514,0.01963,0.69686,0.11682,0.0000,-0.0000,-0.0000,0.0000,-0.0000,0.3532,0.2829,-0.0301,0.00,0.3396,-0.0336,0.1354,0.0854
13.480,detect,-0.10231,0.53390,0.18646,0.02050,0.69512,0.11770,-0.10196,0.53932,0.18514,0.01963,0.69686,0.11682,-0.10196,0.53932,0.18514,0.01963,0.69686,0.11682,0.0000,-0.0000,-0.0000,0.0000,-0.0000,0.3532,0.2829,-0.0301,0.00,0.3396,-0.0336,0.1354,0.0854
13.500,detect,-0.10231,0.53390,0.18646,0.02050,0.69512,0.11770,-0.10196,0.53932,0.18514,0.01963,0.69686,0.11682,-0.10196,0.53932,0.18514,0.01964,0.69686,0.11683,0.0000,-0.0000,-0.0000,0.0000,-0.0000,0.3532,0.2829,-0.0301,0.00,0.3396,-0.0336,0.1354,0.0854
13.520,detect,-0.10231,0.53390,0.18646,0.02050,0.69512,0.11770,-0.10196,0.53932,0.18514,0.01963,0.69686,0.11682,-0.10196,0.53932,0.18514,0.01963,0.69686,0.11682,0.0000,-0.0000,-0.0000,0.0000,-0.0000,0.3532,0.2829,-0.0301,0.00,0.3396,-0.0336,0.1354,0.0854
13.540,detect,-0.10231,0.53390,0.18646,0.02050,0.69512,0.11770,-0.10196,0.53932,0.18514,0.01963,0.69686,0.11682,-0.10196,0.53932,0.18514,0.01963,0.69686,0.11682,0.0000,-0.0000,-0.0000,0.0000,-0.0000,0.3532,0.2829,-0.0301,0.00,0.3396,-0.0336,0.1354,0.0854
13.560,detect,-0.10231,0.53390,0.18646,0.02050,0.69512,0.11770,-0.10196,0.53932,0.18514,0.01963,0.69686,0.11682,-0.10196,0.53932,0.18514,0.01964,0.69686,0.11683,0.0000,-0.0000,-0.0000,0.0000,-0.0000,0.3532,0.2829,-0.0301,0.00,0.3396,-0.0336,0.1354,0.0854
13.580,detect,-0.10231,0.53390,0.18646,0.02050,0.69512,0.11770,-0.10196,0.53932,0.18514,0.01963,0.69686,0.11682,-0.10196,0.53932,0.18514,0.01964,0.69686,0.11683,0.0000,-0.0000,-0.0000,0.0000,-0.0000,0.3532,0.2829,-0.0301,0.00,0.3396,-0.0336,0.1354,0.0854
13.600,detect,-0.10231,0.53390,0.18646,0.02050,0.69512,0.11770,-0.10196,0.53932,0.18514,0.01964,0.69686,0.11683,-0.10196,0.53933,0.18514,0.01964,0.69686,0.11683,0.0000,-0.0000,-0.0000,0.0000,-0.0000,0.3532,0.2829,-0.0301,0.00,0.3396,-0.0336,0.1354,0.0854
13.620,detect,-0.10231,0.53390,0.18646,0.02050,0.69512,0.11770,-0.10196,0.53932,0.18514,0.01964,0.69686,0.11683,-0.10196,0.53933,0.18514,0.01964,0.69686,0.11683,0.0000,-0.0000,-0.0000,0.0000,-0.0000,0.3532,0.2829,-0.0301,0.00,0.3396,-0.0336,0.1354,0.0854
13.640,detect,-0.10231,0.53390,0.18646,0.02050,0.69512,0.11770,-0.10196,0.53932,0.18514,0.01964,0.69686,0.11683,-0.10196,0.53933,0.18514,0.01964,0.69686,0.11683,0.0000,-0.0000,-0.0000,0.0000,-0.0000,0.3532,0.2829,-0.0301,0.00,0.3396,-0.0336,0.1354,0.0854
13.660,detect,-0.10231,0.53390,0.18646,0.02050,0.69512,0.11770,-0.10196,0.53932,0.18514,0.01964,0.69686,0.11683,-0.10196,0.53933,0.18514,0.01964,0.69686,0.11683,0.0000,-0.0000,-0.0000,0.0000,-0.0000,0.3532,0.2829,-0.0301,0.00,0.3396,-0.0336,0.1354,0.0854
13.680,detect,-0.10231,0.53390,0.18646,0.02050,0.69512,0.11770,-0.10196,0.53932,0.18514,0.01964,0.69686,0.11683,-0.10196,0.53932,0.18514,0.01963,0.69686,0.11682,0.0000,-0.0000,-0.0000,0.0000,-0.0000,0.3532,0.2829,-0.0301,0.00,0.3396,-0.0336,0.1354,0.0854
13.700,detect,-0.10231,0.53390,0.18646,0.02050,0.69512,0.11770,-0.10196,0.53932,0.18514,0.01964,0.69686,0.11683,-0.10196,0.53933,0.18514,0.01963,0.69686,0.11682,0.0000,-0.0000,-0.0000,0.0000,-0.0000,0.3532,0.2829,-0.0301,0.00,0.3396,-0.0336,0.1354,0.0854
13.720,detect,-0.10231,0.53390,0.18646,0.02050,0.69512,0.11770,-0.10196,0.53933,0.18514,0.01963,0.69686,0.11682,-0.10196,0.53933,0.18514,0.01963,0.69686,0.11682,0.0000,-0.0000,-0.0000,0.0000,-0.0000,0.3532,0.2829,-0.0301,0.00,0.3396,-0.0336,0.1354,0.0854
13.740,detect,-0.10231,0.53390,0.18646,0.02050,0.69512,0.11770,-0.10196,0.53933,0.18514,0.01963,0.69686,0.11682,-0.10196,0.53932,0.18514,0.01963,0.69686,0.11682,0.0000,-0.0000,-0.0000,0.0000,-0.0000,0.3532,0.2829,-0.0301,0.00,0.3396,-0.0336,0.1354,0.0854
13.760,detect,-0.10231,0.53390,0.18646,0.02050,0.69512,0.11770,-0.10196,0.53933,0.18514,0.01963,0.69686,0.11682,-0.10196,0.53932,0.18514,0.01963,0.69686,0.11682,0.0000,-0.0000,-0.0000,0.0000,-0.0000,0.3532,0.2829,-0.0301,0.00,0.3396,-0.0336,0.1354,0.0854
13.780,detect,-0.10231,0.53390,0.18646,0.02050,0.69512,0.11770,-0.10196,0.53933,0.18514,0.01963,0.69686,0.11682,-0.10196,0.53932,0.18514,0.01963,0.69686,0.11682,0.0000,-0.0000,-0.0000,0.0000,-0.0000,0.3532,0.2829,-0.0301,0.00,0.3396,-0.0336,0.1354,0.0854
13.800,detect,-0.10231,0.53390,0.18646,0.02050,0.69512,0.11770,-0.10196,0.53933,0.18514,0.01963,0.69686,0.11682,-0.10196,0.53932,0.18514,0.01963,0.69686,0.11682,0.0000,-0.0000,-0.0000,0.0000,-0.0000,0.3532,0.2829,-0.0301,0.00,0.3396,-0.0336,0.1354,0.0854
13.820,detect,-0.10231,0.53390,0.18646,0.02050,0.69512,0.11770,-0.10196,0.53933,0.18514,0.01963,0.69686,0.11682,-0.10196,0.53932,0.18514,0.01963,0.69686,0.11682,0.0000,-0.0000,-0.0000,0.0000,-0.0000,0.3532,0.2829,-0.0301,0.00,0.3396,-0.0336,0.1354,0.0854
13.840,detect,-0.10231,0.53390,0.18646,0.02050,0.69512,0.11770,-0.10196,0.53932,0.18514,0.01963,0.69686,0.11682,-0.10196,0.53932,0.18514,0.01963,0.69686,0.11682,0.0000,-0.0000,-0.0000,0.0000,-0.0000,0.3532,0.2829,-0.0301,0.00,0.3396,-0.0336,0.1354,0.0854
13.860,detect,-0.10231,0.53390,0.18646,0.02050,0.69512,0.11770,-0.10196,0.53932,0.18514,0.01963,0.69686,0.11682,-0.10196,0.53932,0.18514,0.01963,0.69686,0.11682,0.0000,-0.0000,-0.0000,0.0000,-0.0000,0.3532,0.2829,-0.0301,0.00,0.3396,-0.0336,0.1354,0.0854
13.880,detect,-0.10231,0.53390,0.18646,0.02050,0.69512,0.11770,-0.10196,0.53932,0.18514,0.01963,0.69686,0.11682,-0.10196,0.53932,0.18514,0.01963,0.69686,0.11682,0.0000,-0.0000,-0.0000,0.0000,-0.0000,0.3532,0.2829,-0.0301,0.00,0.3396,-0.0336,0.1354,0.0854
13.900,detect,-0.10231,0.53390,0.18646,0.02050,0.69512,0.11770,-0.10196,0.53932,0.18514,0.01963,0.69686,0.11682,-0.10196,0.53932,0.18514,0.01963,0.69686,0.11682,0.0000,-0.0000,-0.0000,0.0000,-0.0000,0.3532,0.2829,-0.0301,0.00,0.3396,-0.0336,0.1354,0.0854
13.920,detect,-0.10231,0.53390,0.18646,0.02050,0.69512,0.11770,-0.10196,0.53932,0.18514,0.01963,0.69686,0.11682,-0.10196,0.53932,0.18514,0.01963,0.69686,0.11682,0.0000,-0.0000,-0.0000,0.0000,-0.0000,0.3532,0.2829,-0.0301,0.00,0.3396,-0.0336,0.1354,0.0854
13.940,detect,-0.10231,0.53390,0.18646,0.02050,0.69512,0.11770,-0.10196,0.53932,0.18514,0.01963,0.69686,0.11682,-0.10196,0.53932,0.18514,0.01963,0.69686,0.11682,0.0000,-0.0000,-0.0000,0.0000,-0.0000,0.3532,0.2829,-0.0301,0.00,0.3396,-0.0336,0.1354,0.0854
13.960,detect,-0.10231,0.53390,0.18646,0.02050,0.69512,0.11770,-0.10196,0.53932,0.18514,0.01963,0.69686,0.11682,-0.10196,0.53932,0.18514,0.01963,0.69686,0.11682,0.0000,-0.0000,-0.0000,0.0000,-0.0000,0.3532,0.2829,-0.0301,0.00,0.3396,-0.0336,0.1354,0.0854
13.980,detect,-0.10231,0.53390,0.18646,0.02050,0.69512,0.11770,-0.10196,0.53932,0.18514,0.01963,0.69686,0.11682,-0.10196,0.53932,0.18514,0.01963,0.69686,0.11682,0.0000,-0.0000,-0.0000,0.0000,-0.0000,0.3532,0.2829,-0.0301,0.00,0.3396,-0.0336,0.1354,0.0854
14.000,detect,-0.10231,0.53390,0.18646,0.02050,0.69512,0.11770,-0.10196,0.53932,0.18514,0.01963,0.69686,0.11682,-0.10196,0.53932,0.18514,0.01963,0.69686,0.11682,0.0000,-0.0000,-0.0000,0.0000,-0.0000,0.3532,0.2829,-0.0301,0.00,0.3396,-0.0336,0.1354,0.0854
14.020,detect,-0.10231,0.53390,0.18646,0.02050,0.69512,0.11770,-0.10196,0.53932,0.18514,0.01963,0.69686,0.11682,-0.10196,0.53932,0.18514,0.01963,0.69686,0.11682,0.0000,-0.0000,-0.0000,0.0000,-0.0000,0.3532,0.2829,-0.0301,0.00,0.3396,-0.0336,0.1354,0.0854
14.040,detect,-0.10231,0.53390,0.18646,0.02050,0.69512,0.11770,-0.10196,0.53932,0.18514,0.01963,0.69686,0.11682,-0.10196,0.53932,0.18514,0.01963,0.69686,0.11682,0.0000,-0.0000,-0.0000,0.0000,-0.0000,0.3532,0.2829,-0.0301,0.00,0.3396,-0.0336,0.1354,0.0854
14.060,detect,-0.10231,0.53390,0.18646,0.02050,0.69512,0.11770,-0.10196,0.53932,0.18514,0.01963,0.69686,0.11682,-0.10196,0.53932,0.18514,0.01963,0.69686,0.11682,0.0000,-0.0000,-0.0000,0.0000,-0.0000,0.3532,0.2829,-0.0301,0.00,0.3396,-0.0336,0.1354,0.0854
14.080,detect,-0.10231,0.53390,0.18646,0.02050,0.69512,0.11770,-0.10196,0.53932,0.18514,0.01963,0.69686,0.11682,-0.10196,0.53932,0.18514,0.01963,0.69686,0.11682,0.0000,-0.0000,-0.0000,0.0000,-0.0000,0.3532,0.2829,-0.0301,0.00,0.3396,-0.0336,0.1354,0.0854
14.100,detect,-0.10231,0.53390,0.18646,0.02050,0.69512,0.11770,-0.10196,0.53932,0.18514,0.01963,0.69686,0.11682,-0.10196,0.53932,0.18514,0.01963,0.69686,0.11682,0.0000,-0.0000,-0.0000,0.0000,-0.0000,0.3532,0.2829,-0.0301,0.00,0.3396,-0.0336,0.1354,0.0854
14.120,detect,-0.10231,0.53390,0.18646,0.02050,0.69512,0.11770,-0.10196,0.53932,0.18514,0.01963,0.69686,0.11682,-0.10196,0.53932,0.18514,0.01963,0.69686,0.11682,0.0000,-0.0000,-0.0000,0.0000,-0.0000,0.3532,0.2829,-0.0301,0.00,0.3396,-0.0336,0.1354,0.0854
14.140,detect,-0.10231,0.53390,0.18646,0.02050,0.69512,0.11770,-0.10196,0.53932,0.18514,0.01963,0.69686,0.11682,-0.10196,0.53932,0.18514,0.01963,0.69686,0.11682,0.0000,-0.0000,-0.0000,0.0000,-0.0000,0.3532,0.2829,-0.0301,0.00,0.3396,-0.0336,0.1354,0.0854
14.160,detect,-0.10231,0.53390,0.18646,0.02050,0.69512,0.11770,-0.10196,0.53932,0.18514,0.01963,0.69686,0.11682,-0.10196,0.53932,0.18514,0.01963,0.69686,0.11682,0.0000,-0.0000,-0.0000,0.0000,-0.0000,0.3532,0.2829,-0.0301,0.00,0.3396,-0.0336,0.1354,0.0854
14.180,detect,-0.10231,0.53390,0.18646,0.02050,0.69512,0.11770,-0.10196,0.53932,0.18514,0.01963,0.69686,0.11682,-0.10196,0.53932,0.18514,0.01963,0.69686,0.11682,0.0000,-0.0000,-0.0000,0.0000,-0.0000,0.3532,0.2829,-0.0301,0.00,0.3396,-0.0336,0.1354,0.0854
14.200,detect,-0.10231,0.53390,0.18646,0.02050,0.69512,0.11770,-0.10196,0.53932,0.18514,0.01963,0.69686,0.11682,-0.10196,0.53932,0.18514,0.01963,0.69686,0.11682,0.0000,-0.0000,-0.0000,0.0000,-0.0000,0.3532,0.2829,-0.0301,0.00,0.3396,-0.0336,0.1354,0.0854
14.220,detect,-0.10231,0.53390,0.18646,0.02050,0.69512,0.11770,-0.10196,0.53932,0.18514,0.01963,0.69686,0.11682,-0.10196,0.53932,0.18514,0.01963,0.69686,0.11682,0.0000,-0.0000,-0.0000,0.0000,-0.0000,0.3532,0.2829,-0.0301,0.00,0.3396,-0.0336,0.1354,0.0854
14.240,detect,-0.10231,0.53390,0.18646,0.02050,0.69512,0.11770,-0.10196,0.53932,0.18514,0.01963,0.69686,0.11682,-0.10196,0.53932,0.18514,0.01963,0.69686,0.11682,0.0000,-0.0000,-0.0000,0.0000,-0.0000,0.3532,0.2829,-0.0301,0.00,0.3396,-0.0336,0.1354,0.0854
14.260,detect,-0.10231,0.53390,0.18646,0.02050,0.69512,0.11770,-0.10196,0.53932,0.18514,0.01963,0.69686,0.11682,-0.10196,0.53932,0.18514,0.01963,0.69686,0.11682,0.0000,-0.0000,-0.0000,0.0000,-0.0000,0.3532,0.2829,-0.0301,0.00,0.3396,-0.0336,0.1354,0.0854
14.280,detect,-0.10231,0.53390,0.18646,0.02050,0.69512,0.11770,-0.10196,0.53932,0.18514,0.01963,0.69686,0.11682,-0.10196,0.53932,0.18514,0.01963,0.69686,0.11682,0.0000,-0.0000,-0.0000,0.0000,-0.0000,0.3532,0.2829,-0.0301,0.00,0.3396,-0.0336,0.1354,0.0854
14.300,detect,-0.10231,0.53390,0.18646,0.02050,0.69512,0.11770,-0.10196,0.53932,0.18514,0.01963,0.69686,0.11682,-0.10196,0.53932,0.18514,0.01963,0.69686,0.11682,0.0000,-0.0000,-0.0000,0.0000,-0.0000,0.3532,0.2829,-0.0301,0.00,0.3396,-0.0336,0.1354,0.0854
14.320,detect,-0.10231,0.53390,0.18646,0.02050,0.69512,0.11770,-0.10196,0.53932,0.18514,0.01963,0.69686,0.11682,-0.10196,0.53932,0.18514,0.01963,0.69686,0.11682,0.0000,-0.0000,-0.0000,0.0000,-0.0000,0.3532,0.2829,-0.0301,0.00,0.3396,-0.0336,0.1354,0.0854
14.340,detect,-0.10231,0.53390,0.18646,0.02050,0.69512,0.11770,-0.10196,0.53932,0.18514,0.01963,0.69686,0.11682,-0.10196,0.53932,0.18514,0.01963,0.69686,0.11682,0.0000,-0.0000,-0.0000,0.0000,-0.0000,0.3532,0.2829,-0.0301,0.00,0.3396,-0.0336,0.1354,0.0854
14.360,detect,-0.10231,0.53390,0.18646,0.02050,0.69512,0.11770,-0.10196,0.53932,0.18514,0.01963,0.69686,0.11682,-0.10196,0.53932,0.18514,0.01963,0.69686,0.11682,0.0000,-0.0000,-0.0000,0.0000,-0.0000,0.3532,0.2829,-0.0301,0.00,0.3396,-0.0336,0.1354,0.0854
14.380,detect,-0.10231,0.53390,0.18646,0.02050,0.69512,0.11770,-0.10196,0.53932,0.18514,0.01963,0.69686,0.11682,-0.10196,0.53932,0.18514,0.01963,0.69686,0.11682,0.0000,-0.0000,-0.0000,0.0000,-0.0000,0.3532,0.2829,-0.0301,0.00,0.3396,-0.0336,0.1354,0.0854
14.400,detect,-0.10231,0.53390,0.18646,0.02050,0.69512,0.11770,-0.10196,0.53932,0.18514,0.01963,0.69686,0.11682,-0.10196,0.53932,0.18514,0.01963,0.69686,0.11682,0.0000,-0.0000,-0.0000,0.0000,-0.0000,0.3532,0.2829,-0.0301,0.00,0.3396,-0.0336,0.1354,0.0854
14.420,detect,-0.10231,0.53390,0.18646,0.02050,0.69512,0.11770,-0.10196,0.53932,0.18514,0.01963,0.69686,0.11682,-0.10196,0.53932,0.18514,0.01963,0.69686,0.11682,0.0000,-0.0000,-0.0000,0.0000,-0.0000,0.3532,0.2829,-0.0301,0.00,0.3396,-0.0336,0.1354,0.0854
14.440,detect,-0.10231,0.53390,0.18646,0.02050,0.69512,0.11770,-0.10196,0.53932,0.18514,0.01963,0.69686,0.11682,-0.10196,0.53932,0.18514,0.01963,0.69686,0.11682,0.0000,-0.0000,-0.0000,0.0000,-0.0000,0.3532,0.2829,-0.0301,0.00,0.3396,-0.0336,0.1354,0.0854
14.460,detect,-0.10231,0.53390,0.18646,0.02050,0.69512,0.11770,-0.10196,0.53932,0.18514,0.01963,0.69686,0.11682,-0.10196,0.53932,0.18514,0.01963,0.69686,0.11682,0.0000,-0.0000,-0.0000,0.0000,-0.0000,0.3532,0.2829,-0.0301,0.00,0.3396,-0.0336,0.1354,0.0854
14.480,detect,-0.10231,0.53390,0.18646,0.02050,0.69512,0.11770,-0.10196,0.53932,0.18514,0.01963,0.69686,0.11682,-0.10196,0.53932,0.18514,0.01963,0.69686,0.11682,0.0000,-0.0000,-0.0000,0.0000,-0.0000,0.3532,0.2829,-0.0301,0.00,0.3396,-0.0336,0.1354,0.0854
14.500,detect,-0.10231,0.53390,0.18646,0.02050,0.69512,0.11770,-0.10196,0.53932,0.18514,0.01963,0.69686,0.11682,-0.10196,0.53932,0.18514,0.01963,0.69686,0.11682,0.0000,-0.0000,-0.0000,0.0000,-0.0000,0.3532,0.2829,-0.0301,0.00,0.3396,-0.0336,0.1354,0.0854
14.520,detect,-0.10231,0.53390,0.18646,0.02050,0.69512,0.11770,-0.10196,0.53932,0.18514,0.01963,0.69686,0.11682,-0.10196,0.53932,0.18514,0.01963,0.69686,0.11682,0.0000,-0.0000,-0.0000,0.0000,-0.0000,0.3532,0.2829,-0.0301,0.00,0.3396,-0.0336,0.1354,0.0854
14.540,moving,-0.10231,0.53390,0.18646,0.02050,0.69512,0.11770,-0.10196,0.53932,0.18514,0.01963,0.69686,0.11682,-0.10196,0.53932,0.18514,0.01963,0.69686,0.11682,0.0000,-0.0000,-0.0000,0.0000,-0.0000,0.3532,0.2829,-0.0301,0.00,0.3396,-0.0336,0.1354,0.0854
14.560,moving,0.30612,0.13349,0.70365,0.19410,0.58866,0.40304,-0.10196,0.53932,0.18514,0.01963,0.69686,0.11682,-0.10196,0.53932,0.18514,0.01963,0.69686,0.11682,0.0000,-0.0000,-0.0000,0.0000,-0.0000,0.3532,0.2829,-0.0301,0.00,0.3396,-0.0336,0.1354,0.0854
14.580,moving,0.30612,0.13349,0.70365,0.19410,0.58866,0.40304,-0.10196,0.53932,0.18514,0.01963,0.69686,0.11682,-0.10196,0.53932,0.18514,0.01963,0.69686,0.11682,0.0000,-0.0000,-0.0000,0.0000,-0.0000,0.3532,0.2829,-0.0301,0.00,0.3396,-0.0336,0.1354,0.0854
14.600,moving,0.30612,0.13349,0.70365,0.19410,0.58866,0.40304,-0.10196,0.53932,0.18514,0.01963,0.69686,0.11682,-0.09981,0.53709,0.18739,0.02193,0.69453,0.11918,0.0000,-0.0000,-0.0000,0.0000,-0.0000,0.3532,0.2828,-0.0303,0.00,0.3396,-0.0326,0.1358,0.0854
14.620,moving,0.30612,0.13349,0.70365,0.19410,0.58866,0.40304,-0.10196,0.53932,0.18514,0.01963,0.69686,0.11682,-0.09147,0.52866,0.19584,0.03041,0.68600,0.12770,0.0000,0.0000,-0.0000,0.0000,-0.0000,0.3532,0.2827,-0.0308,0.00,0.3396,-0.0288,0.1372,0.0854
14.640,moving,0.30612,0.13349,0.70365,0.19410,0.58866,0.40304,-0.10196,0.53932,0.18514,0.01963,0.69686,0.11682,-0.07692,0.51402,0.21049,0.04509,0.67127,0.14242,0.0000,0.0000,-0.0000,0.0000,-0.0000,0.3532,0.2825,-0.0312,0.00,0.3395,-0.0221,0.1397,0.0854
14.660,moving,0.30612,0.13349,0.70365,0.19410,0.58866,0.40304,-0.10196,0.53932,0.18514,0.01963,0.69686,0.11682,-0.05614,0.49315,0.23134,0.06600,0.65034,0.16336,0.0000,0.0000,-0.0000,0.0000,-0.0000,0.3531,0.2825,-0.0313,0.00,0.3390,-0.0128,0.1432,0.0854
14.680,moving,0.30612,0.13349,0.70365,0.19410,0.58866,0.40304,-0.05614,0.49315,0.23134,0.06600,0.65034,0.16336,-0.03120,0.46857,0.25555,0.09005,0.62639,0.18818,0.0000,0.0000,-0.0000,0.0000,-0.0000,0.3530,0.2826,-0.0310,0.00,0.3381,-0.0019,0.1474,0.0854
14.700,moving,0.30612,0.13349,0.70365,0.19410,0.58866,0.40304,-0.05614,0.49315,0.23134,0.06600,0.65034,0.16336,-0.01777,0.45762,0.26458,0.09853,0.61888,0.19669,0.0000,0.0000,0.0000,0.0000,-0.0000,0.3530,0.2831,-0.0293,0.00,0.3374,0.0035,0.1495,0.0854
14.720,moving,0.30612,0.13349,0.70365,0.19410,0.58866,0.40304,-0.05614,0.49315,0.23134,0.06600,0.65034,0.16336,-0.01029,0.44938,0.27307,0.10727,0.61034,0.20548,0.0000,0.0000,0.0000,0.0000,-0.0000,0.3530,0.2834,-0.0283,0.00,0.3370,0.0068,0.1508,0.0855
14.740,moving,0.30612,0.13349,0.70365,0.19410,0.58866,0.40304,-0.05614,0.49315,0.23134,0.06600,0.65034,0.16336,0.00360,0.43485,0.28765,0.12210,0.59820,0.22035,0.0000,0.0000,0.0000,0.0000,-0.0000,0.3530,0.2833,-0.0289,0.00,0.3356,0.0129,0.1531,0.0854
14.760,moving,0.30612,0.13349,0.70365,0.19410,0.58866,0.40304,-0.05614,0.49315,0.23134,0.06600,0.65034,0.16336,0.02382,0.41404,0.30839,0.14307,0.59164,0.24133,0.0000,0.0000,0.0000,0.0000,-0.0000,0.3531,0.2830,-0.0299,0.00,0.3315,0.0217,0.1560,0.0854
14.780,moving,0.30612,0.13349,0.70365,0.19410,0.58866,0.40304,-0.05614,0.49315,0.23134,0.06600,0.65034,0.16336,0.04837,0.38944,0.33256,0.16529,0.59035,0.26623,0.0000,0.0001,0.0000,0.0000,-0.0000,0.3531,0.2827,-0.0305,0.00,0.3253,0.0318,0.1590,0.0854
14.800,moving,0.30612,0.13349,0.70365,0.19410,0.58866,0.40304,0.04837,0.38944,0.33256,0.16529,0.59035,0.26623,0.06063,0.37781,0.34382,0.17226,0.59034,0.27480,0.0000,0.0000,0.0000,0.0000,-0.0000,0.3531,0.2830,-0.0296,0.00,0.3221,0.0363,0.1603,0.0854
14.820,moving,0.30612,0.13349,0.70365,0.19410,0.58866,0.40304,0.04837,0.38944,0.33256,0.16529,0.59035,0.26623,0.06787,0.36978,0.35186,0.18098,0.59033,0.28360,0.0000,0.0000,0.0000,0.0000,-0.0000,0.3532,0.2832,-0.0289,0.00,0.3199,0.0394,0.1613,0.0855
14.840,moving,0.30612,0.13349,0.70365,0.19410,0.58866,0.40304,0.04837,0.38944,0.33256,0.16529,0.59035,0.26623,0.08165,0.35540,0.36620,0.19048,0.59029,0.29849,0.0000,0.0000,0.0000,0.0000,-0.0000,0.3532,0.2832,-0.0292,0.00,0.3158,0.0445,0.1628,0.0854
14.860,moving,0.30612,0.13349,0.70365,0.19410,0.58866,0.40304,0.04837,0.38944,0.33256,0.16529,0.59035,0.26623,0.10182,0.33472,0.38683,0.19394,0.59024,0.31953,0.0000,0.0000,0.0000,0.0000,-0.0000,0.3532,0.2830,-0.0297,0.00,0.3096,0.0507,0.1647,0.0854
14.880,moving,0.30612,0.13349,0.70365,0.19410,0.58866,0.40304,0.04837,0.38944,0.33256,0.16529,0.59035,0.26623,0.12627,0.31009,0.41112,0.19415,0.59022,0.34455,0.0000,0.0001,-0.0000,0.0000,-0.0000,0.3531,0.2829,-0.0301,0.00,0.3021,0.0575,0.1669,0.0854
14.900,moving,0.30612,0.13349,0.70365,0.19410,0.58866,0.40304,0.04837,0.38944,0.33256,0.16529,0.59035,0.26623,0.13737,0.29848,0.42283,0.19411,0.59024,0.35316,0.0000,0.0000,-0.0000,0.0000,-0.0000,0.3531,0.2831,-0.0293,0.00,0.2985,0.0605,0.1678,0.0854
14.920,moving,0.30612,0.13349,0.70365,0.19410,0.58866,0.40304,0.13737,0.29848,0.42283,0.19411,0.59024,0.35316,0.14476,0.29055,0.43056,0.19434,0.59021,0.36195,0.0000,0.0000,0.0000,0.0000,-0.0000,0.3532,0.2832,-0.0289,0.00,0.2961,0.0624,0.1685,0.0855
14.940,moving,0.30612,0.13349,0.70365,0.19410,0.58866,0.40304,0.13737,0.29848,0.42283,0.19411,0.59024,0.35316,0.15859,0.27627,0.44467,0.19450,0.59016,0.37685,0.0000,0.0000,0.0000,0.0000,-0.0000,0.3532,0.2832,-0.0292,0.00,0.2916,0.0659,0.1696,0.0854
14.960,moving,0.30612,0.13349,0.70365,0.19410,0.58866,0.40304,0.13737,0.29848,0.42283,0.19411,0.59024,0.35316,0.17881,0.25568,0.46511,0.19457,0.59010,0.39209,0.0000,0.0001,0.0000,0.0000,-0.0000,0.3532,0.2830,-0.0296,0.00,0.2850,0.0709,0.1711,0.0854
14.980,moving,0.30612,0.13349,0.70365,0.19410,0.58866,0.40304,0.13737,0.29848,0.42283,0.19411,0.59024,0.35316,0.20333,0.23097,0.48941,0.19463,0.59009,0.40087,0.0000,0.0001,0.0000,0.0000,-0.0000,0.3530,0.2830,-0.0298,0.00,0.2770,0.0766,0.1728,0.0854
15.000,moving,0.30612,0.13349,0.70365,0.19410,0.58866,0.40304,0.13737,0.29848,0.42283,0.19411,0.59024,0.35316,0.21415,0.21912,0.50166,0.19458,0.59012,0.40362,0.0000,0.0000,0.0000,0.0000,-0.0000,0.3531,0.2831,-0.0293,0.00,0.2730,0.0789,0.1734,0.0854
15.020,moving,0.30612,0.13349,0.70365,0.19410,0.58866,0.40304,0.13737,0.29848,0.42283,0.19411,0.59024,0.35316,0.22167,0.21131,0.50913,0.19477,0.59008,0.40401,0.0000,0.0000,0.0000,0.0000,-0.0000,0.3532,0.2832,-0.0290,0.00,0.2704,0.0805,0.1740,0.0854
15.040,moving,0.30612,0.13349,0.70365,0.19410,0.58866,0.40304,0.22167,0.21131,0.50913,0.19477,0.59008,0.40401,0.23559,0.19712,0.52303,0.19492,0.59001,0.40416,0.0000,0.0000,0.0000,0.0000,-0.0000,0.3532,0.2832,-0.0292,0.00,0.2658,0.0834,0.1748,0.0854
15.060,moving,0.30612,0.13349,0.70365,0.19410,0.58866,0.40304,0.22167,0.21131,0.50913,0.19477,0.59008,0.40401,0.25587,0.17662,0.54328,0.19503,0.58995,0.40428,0.0000,0.0000,0.0000,0.0000,-0.0000,0.3531,0.2831,-0.0294,0.00,0.2588,0.0875,0.1759,0.0854
15.080,moving,0.30612,0.13349,0.70365,0.19410,0.58866,0.40304,0.22167,0.21131,0.50913,0.19477,0.59008,0.40401,0.27817,0.15736,0.56746,0.19509,0.58993,0.40437,0.0000,0.0000,0.0000,0.0000,-0.0000,0.3531,0.2830,-0.0296,0.00,0.2506,0.0914,0.1757,0.0854
15.100,moving,0.30612,0.13349,0.70365,0.19410,0.58866,0.40304,0.22167,0.21131,0.50913,0.19477,0.59008,0.40401,0.28540,0.15083,0.58220,0.19510,0.58995,0.40450,0.0000,0.0000,0.0000,0.0000,-0.0000,0.3531,0.2832,-0.0292,0.00,0.2460,0.0921,0.1741,0.0854
15.120,moving,0.30612,0.13349,0.70365,0.19410,0.58866,0.40304,0.22167,0.21131,0.50913,0.19477,0.59008,0.40401,0.29333,0.14311,0.58986,0.19522,0.58991,0.40464,0.0000,0.0000,0.0000,0.0000,-0.0000,0.3532,0.2832,-0.0291,0.00,0.2433,0.0935,0.1744,0.0854
15.140,moving,0.30612,0.13349,0.70365,0.19410,0.58866,0.40304,0.22167,0.21131,0.50913,0.19477,0.59008,0.40401,0.30280,0.13768,0.60313,0.19529,0.58986,0.40471,0.0000,0.0000,0.0000,0.0000,-0.0000,0.3533,0.2831,-0.0293,0.00,0.2390,0.0947,0.1729,0.0854
15.160,moving,0.30612,0.13349,0.70365,0.19410,0.58866,0.40304,0.30280,0.13768,0.60313,0.19529,0.58986,0.40471,0.30626,0.13701,0.62285,0.19536,0.58984,0.40479,0.0000,0.0000,0.0000,0.0000,-0.0000,0.3533,0.2831,-0.0293,0.00,0.2333,0.0938,0.1688,0.0854
15.180,moving,0.30612,0.13349,0.70365,0.19410,0.58866,0.40304,0.30280,0.13768,0.60313,0.19529,0.58986,0.40471,0.30623,0.13720,0.64665,0.19541,0.58981,0.40487,0.0000,0.0000,0.0000,0.0000,-0.0000,0.3534,0.2832,-0.0292,0.00,0.2267,0.0917,0.1637,0.0854
15.200,moving,0.30612,0.13349,0.70365,0.19410,0.58866,0.40304,0.30280,0.13768,0.60313,0.19529,0.58986,0.40471,0.30604,0.13745,0.66541,0.19543,0.58980,0.40496,0.0000,0.0000,0.0000,0.0000,-0.0000,0.3534,0.2832,-0.0292,0.00,0.2214,0.0900,0.1598,0.0854
15.220,moving,0.30612,0.13349,0.70365,0.19410,0.58866,0.40304,0.30280,0.13768,0.60313,0.19529,0.58986,0.40471,0.30588,0.13761,0.67388,0.19545,0.58978,0.40501,0.0000,0.0000,0.0000,0.0000,-0.0000,0.3534,0.2832,-0.0293,0.00,0.2191,0.0892,0.1581,0.0854
15.240,moving,0.30612,0.13349,0.70365,0.19410,0.58866,0.40304,0.30280,0.13768,0.60313,0.19529,0.58986,0.40471,0.30573,0.13763,0.68589,0.19549,0.58975,0.40504,0.0000,0.0000,0.0000,0.0000,-0.0000,0.3533,0.2831,-0.0293,0.00,0.2156,0.0881,0.1557,0.0854
15.260,moving,0.30612,0.13349,0.70365,0.19410,0.58866,0.40304,0.30280,0.13768,0.60313,0.19529,0.58986,0.40471,0.30561,0.13774,0.69967,0.19551,0.58974,0.40508,0.0000,0.0000,0.0000,0.0000,-0.0000,0.3533,0.2831,-0.0294,0.00,0.2117,0.0869,0.1531,0.0854
15.280,moving,0.30612,0.13349,0.70365,0.19410,0.58866,0.40304,0.30561,0.13774,0.69967,0.19551,0.58974,0.40508,0.30552,0.13785,0.70738,0.19551,0.58973,0.40512,0.0000,0.0000,0.0000,0.0000,-0.0000,0.3532,0.2831,-0.0294,0.00,0.2095,0.0861,0.1516,0.0854
15.300,moving,0.30612,0.13349,0.70365,0.19410,0.58866,0.40304,0.30561,0.13774,0.69967,0.19551,0.58974,0.40508,0.30544,0.13791,0.70918,0.19552,0.58972,0.40515,0.0000,0.0000,0.0000,0.0000,-0.0000,0.3532,0.2831,-0.0294,0.00,0.2089,0.0859,0.1512,0.0854
15.320,moving,0.30612,0.13349,0.70365,0.19410,0.58866,0.40304,0.30561,0.13774,0.69967,0.19551,0.58974,0.40508,0.30538,0.13795,0.70837,0.19553,0.58971,0.40517,0.0000,0.0000,0.0000,0.0000,-0.0000,0.3532,0.2831,-0.0294,0.00,0.2092,0.0860,0.1514,0.0854
15.340,moving,0.30612,0.13349,0.70365,0.19410,0.58866,0.40304,0.30561,0.13774,0.69967,0.19551,0.58974,0.40508,0.30532,0.13797,0.70738,0.19555,0.58970,0.40518,0.0000,0.0000,0.0000,0.0000,-0.0000,0.3532,0.2831,-0.0294,0.00,0.2095,0.0861,0.1515,0.0854
15.360,moving,0.30612,0.13349,0.70365,0.19410,0.58866,0.40304,0.30561,0.13774,0.69967,0.19551,0.58974,0.40508,0.30527,0.13798,0.70657,0.19556,0.58970,0.40519,0.0000,0.0000,0.0000,0.0000,-0.0000,0.3531,0.2831,-0.0294,0.00,0.2097,0.0862,0.1517,0.0854
15.380,moving,0.30612,0.13349,0.70365,0.19410,0.58866,0.40304,0.30561,0.13774,0.69967,0.19551,0.58974,0.40508,0.30523,0.13799,0.70590,0.19557,0.58969,0.40520,0.0000,0.0000,0.0000,0.0000,-0.0000,0.3531,0.2831,-0.0294,0.00,0.2099,0.0862,0.1518,0.0854
15.400,moving,0.30612,0.13349,0.70365,0.19410,0.58866,0.40304,0.30523,0.13799,0.70590,0.19557,0.58969,0.40520,0.30520,0.13800,0.70536,0.19558,0.58969,0.40521,0.0000,0.0000,0.0000,0.0000,-0.0000,0.3531,0.2831,-0.0294,0.00,0.2101,0.0863,0.1519,0.0854
15.420,moving,0.30612,0.13349,0.70365,0.19410,0.58866,0.40304,0.30523,0.13799,0.70590,0.19557,0.58969,0.40520,0.30518,0.13801,0.70492,0.19558,0.58968,0.40522,0.0000,0.0000,0.0000,0.0000,-0.0000,0.3531,0.2831,-0.0294,0.00,0.2102,0.0863,0.1520,0.0854
15.440,moving,0.30612,0.13349,0.70365,0.19410,0.58866,0.40304,0.30523,0.13799,0.70590,0.19557,0.58969,0.40520,0.30516,0.13801,0.70456,0.19559,0.58968,0.40522,0.0000,0.0000,0.0000,0.0000,-0.0000,0.3531,0.2831,-0.0294,0.00,0.2103,0.0863,0.1521,0.0854
15.460,moving,0.30612,0.13349,0.70365,0.19410,0.58866,0.40304,0.30523,0.13799,0.70590,0.19557,0.58969,0.40520,0.30514,0.13802,0.70426,0.19559,0.58968,0.40523,0.0000,0.0000,0.0000,0.0000,-0.0000,0.3531,0.2831,-0.0294,0.00,0.2104,0.0863,0.1521,0.0854
15.480,moving,0.30612,0.13349,0.70365,0.19410,0.58866,0.40304,0.30523,0.13799,0.70590,0.19557,0.58969,0.40520,0.30513,0.13802,0.70403,0.19560,0.58967,0.40523,0.0000,0.0000,0.0000,0.0000,-0.0000,0.3531,0.2831,-0.0294,0.00,0.2105,0.0864,0.1522,0.0854
15.500,moving,0.30612,0.13349,0.70365,0.19410,0.58866,0.40304,0.30523,0.13799,0.70590,0.19557,0.58969,0.40520,0.30511,0.13803,0.70383,0.19560,0.58967,0.40524,0.0000,0.0000,0.0000,0.0000,-0.0000,0.3532,0.2831,-0.0294,0.00,0.2105,0.0864,0.1522,0.0854
15.520,moving,0.30612,0.13349,0.70365,0.19410,0.58866,0.40304,0.30511,0.13803,0.70383,0.19560,0.58967,0.40524,0.30510,0.13803,0.70367,0.19560,0.58967,0.40524,0.0000,0.0000,0.0000,0.0000,-0.0000,0.3532,0.2831,-0.0294,0.00,0.2106,0.0864,0.1522,0.0854
15.540,moving,0.30612,0.13349,0.70365,0.19410,0.58866,0.40304,0.30511,0.13803,0.70383,0.19560,0.58967,0.40524,0.30510,0.13803,0.70354,0.19560,0.58967,0.40524,0.0000,0.0000,0.0000,0.0000,-0.0000,0.3532,0.2831,-0.0294,0.00,0.2106,0.0864,0.1523,0.0854
15.560,moving,0.30612,0.13349,0.70365,0.19410,0.58866,0.40304,0.30511,0.13803,0.70383,0.19560,0.58967,0.40524,0.30509,0.13803,0.70343,0.19561,0.58967,0.40524,0.0000,0.0000,0.0000,0.0000,-0.0000,0.3532,0.2831,-0.0294,0.00,0.2106,0.0864,0.1523,0.0854
15.580,moving,0.30612,0.13349,0.70365,0.19410,0.58866,0.40304,0.30511,0.13803,0.70383,0.19560,0.58967,0.40524,0.30509,0.13803,0.70335,0.19561,0.58967,0.40524,0.0000,0.0000,0.0000,0.0000,-0.0000,0.3532,0.2831,-0.0294,0.00,0.2107,0.0864,0.1523,0.0854
15.600,moving,0.30612,0.13349,0.70365,0.19410,0.58866,0.40304,0.30511,0.13803,0.70383,0.19560,0.58967,0.40524,0.30509,0.13803,0.70327,0.19561,0.58967,0.40524,0.0000,0.0000,0.0000,0.0000,-0.0000,0.3532,0.2831,-0.0294,0.00,0.2107,0.0864,0.1523,0.0854
15.620,moving,0.30612,0.13349,0.70365,0.19410,0.58866,0.40304,0.30511,0.13803,0.70383,0.19560,0.58967,0.40524,0.30508,0.13803,0.70322,0.19561,0.58966,0.40524,0.0000,0.0000,0.0000,0.0000,-0.0000,0.3532,0.2831,-0.0294,0.00,0.2107,0.0864,0.1523,0.0854
15.640,moving,0.30612,0.13349,0.70365,0.19410,0.58866,0.40304,0.30508,0.13803,0.70322,0.19561,0.58966,0.40524,0.30508,0.13803,0.70317,0.19561,0.58967,0.40524,0.0000,0.0000,0.0000,0.0000,-0.0000,0.3532,0.2831,-0.0294,0.00,0.2107,0.0864,0.1523,0.0854
15.660,moving,0.30612,0.13349,0.70365,0.19410,0.58866,0.40304,0.30508,0.13803,0.70322,0.19561,0.58966,0.40524,0.30508,0.13804,0.70313,0.19561,0.58967,0.40524,0.0000,0.0000,0.0000,0.0000,-0.0000,0.3532,0.2831,-0.0294,0.00,0.2107,0.0864,0.1523,0.0854
15.680,moving,0.30612,0.13349,0.70365,0.19410,0.58866,0.40304,0.30508,0.13803,0.70322,0.19561,0.58966,0.40524,0.30508,0.13804,0.70310,0.19561,0.58966,0.40524,0.0000,0.0000,0.0000,0.0000,-0.0000,0.3532,0.2831,-0.0294,0.00,0.2107,0.0864,0.1523,0.0854
15.700,moving,0.30612,0.13349,0.70365,0.19410,0.58866,0.40304,0.30508,0.13803,0.70322,0.19561,0.58966,0.40524,0.30507,0.13804,0.70307,0.19561,0.58967,0.40524,0.0000,0.0000,0.0000,0.0000,-0.0000,0.3532,0.2831,-0.0294,0.00,0.2107,0.0864,0.1523,0.0854
15.720,moving,0.30612,0.13349,0.70365,0.19410,0.58866,0.40304,0.30508,0.13803,0.70322,0.19561,0.58966,0.40524,0.30507,0.13804,0.70305,0.19561,0.58966,0.40524,0.0000,0.0000,0.0000,0.0000,-0.0000,0.3532,0.2831,-0.0294,0.00,0.2108,0.0864,0.1523,0.0854
15.740,detect,0.30612,0.13349,0.70365,0.19410,0.58866,0.40304,0.30508,0.13803,0.70322,0.19561,0.58966,0.40524,0.30507,0.13804,0.70303,0.19561,0.58967,0.40524,0.0000,0.0000,0.0000,0.0000,-0.0000,0.3531,0.2831,-0.0294,0.00,0.2108,0.0864,0.1524,0.0854
15.760,detect,0.30612,0.13349,0.70365,0.19410,0.58866,0.40304,0.30507,0.13804,0.70303,0.19561,0.58967,0.40524,0.30507,0.13804,0.70302,0.19561,0.58966,0.40524,0.0000,0.0000,0.0000,0.0000,-0.0000,0.3531,0.2831,-0.0294,0.00,0.2108,0.0864,0.1524,0.0854
15.780,detect,0.30612,0.13349,0.70365,0.19410,0.58866,0.40304,0.30507,0.13804,0.70303,0.19561,0.58967,0.40524,0.30507,0.13804,0.70300,0.19561,0.58967,0.40524,0.0000,0.0000,0.0000,0.0000,-0.0000,0.3531,0.2831,-0.0294,0.00,0.2108,0.0864,0.1524,0.0854
15.800,detect,0.30612,0.13349,0.70365,0.19410,0.58866,0.40304,0.30507,0.13804,0.70303,0.19561,0.58967,0.40524,0.30507,0.13804,0.70299,0.19561,0.58967,0.40524,0.0000,0.0000,0.0000,0.0000,-0.0000,0.3532,0.2831,-0.0294,0.00,0.2108,0.0864,0.1524,0.0854
15.820,detect,0.30612,0.13349,0.70365,0.19410,0.58866,0.40304,0.30507,0.13804,0.70303,0.19561,0.58967,0.40524,0.30507,0.13804,0.70299,0.19561,0.58966,0.40524,0.0000,0.0000,0.0000,0.0000,-0.0000,0.3532,0.2831,-0.0294,0.00,0.2108,0.0864,0.1524,0.0854
15.840,detect,0.30612,0.13349,0.70365,0.19410,0.58866,0.40304,0.30507,0.13804,0.70303,0.19561,0.58967,0.40524,0.30507,0.13805,0.70298,0.19561,0.58967,0.40524,0.0000,0.0000,0.0000,0.0000,-0.0000,0.3532,0.2831,-0.0294,0.00,0.2108,0.0864,0.1524,0.0854
15.860,detect,0.30612,0.13349,0.70365,0.19410,0.58866,0.40304,0.30507,0.13804,0.70303,0.19561,0.58967,0.40524,0.30507,0.13804,0.70298,0.19561,0.58966,0.40524,0.0000,0.0000,0.0000,0.0000,-0.0000,0.3532,0.2831,-0.0294,0.00,0.2108,0.0864,0.1524,0.0854
15.880,detect,0.30612,0.13349,0.70365,0.19410,0.58866,0.40304,0.30507,0.13804,0.70298,0.19561,0.58966,0.40524,0.30507,0.13804,0.70297,0.19561,0.58967,0.40524,0.0000,0.0000,0.0000,0.0000,-0.0000,0.3532,0.2831,-0.0294,0.00,0.2108,0.0864,0.1524,0.0854
15.900,detect,0.30612,0.13349,0.70365,0.19410,0.58866,0.40304,0.30507,0.13804,0.70298,0.19561,0.58966,0.40524,0.30507,0.13804,0.70297,0.19561,0.58966,0.40524,0.0000,0.0000,0.0000,0.0000,-0.0000,0.3532,0.2831,-0.0294,0.00,0.2108,0.0864,0.1524,0.0854
15.920,detect,0.30612,0.13349,0.70365,0.19410,0.58866,0.40304,0.30507,0.13804,0.70298,0.19561,0.58966,0.40524,0.30507,0.13804,0.70297,0.19561,0.58966,0.40524,0.0000,0.0000,0.0000,0.0000,-0.0000,0.3532,0.2831,-0.0294,0.00,0.2108,0.0864,0.1524,0.0854
15.940,detect,0.30612,0.13349,0.70365,0.19410,0.58866,0.40304,0.30507,0.13804,0.70298,0.19561,0.58966,0.40524,0.30507,0.13804,0.70296,0.19561,0.58967,0.40524,0.0000,0.0000,0.0000,0.0000,-0.0000,0.3532,0.2831,-0.0294,0.00,0.2108,0.0864,0.1524,0.0854
15.960,detect,0.30612,0.13349,0.70365,0.19410,0.58866,0.40304,0.30507,0.13804,0.70298,0.19561,0.58966,0.40524,0.30507,0.13804,0.70296,0.19561,0.58966,0.40524,0.0000,0.0000,0.0000,0.0000,-0.0000,0.3532,0.2831,-0.0294,0.00,0.2108,0.0864,0.1524,0.0854
15.980,detect,0.30612,0.13349,0.70365,0.19410,0.58866,0.40304,0.30507,0.13804,0.70298,0.19561,0.58966,0.40524,0.30507,0.13804,0.70296,0.19561,0.58967,0.40524,0.0000,0.0000,0.0000,0.0000,-0.0000,0.3532,0.2831,-0.0294,0.00,0.2108,0.0864,0.1524,0.0854
16.000,detect,0.30612,0.13349,0.70365,0.19410,0.58866,0.40304,0.30507,0.13804,0.70296,0.19561,0.58967,0.40524,0.30507,0.13804,0.70296,0.19561,0.58966,0.40524,0.0000,0.0000,0.0000,0.0000,-0.0000,0.3532,0.2831,-0.0294,0.00,0.2108,0.0864,0.1524,0.0854
16.020,detect,0.30612,0.13349,0.70365,0.19410,0.58866,0.40304,0.30507,0.13804,0.70296,0.19561,0.58967,0.40524,0.30507,0.13804,0.70296,0.19561,0.58967,0.40524,0.0000,0.0000,0.0000,0.0000,-0.0000,0.3532,0.2831,-0.0294,0.00,0.2108,0.0864,0.1524,0.0854
16.040,detect,0.30612,0.13349,0.70365,0.19410,0.58866,0.40304,0.30507,0.13804,0.70296,0.19561,0.58967,0.40524,0.30507,0.13804,0.70296,0.19561,0.58966,0.40524,0.0000,0.0000,0.0000,0.0000,-0.0000,0.3532,0.2831,-0.0294,0.00,0.2108,0.0864,0.1524,0.0854
16.060,detect,0.30612,0.13349,0.70365,0.19410,0.58866,0.40304,0.30507,0.13804,0.70296,0.19561,0.58967,0.40524,0.30507,0.13804,0.70296,0.19561,0.58966,0.40524,0.0000,0.0000,0.0000,0.0000,-0.0000,0.3532,0.2831,-0.0294,0.00,0.2108,0.0864,0.1524,0.0854
16.080,detect,0.30612,0.13349,0.70365,0.19410,0.58866,0.40304,0.30507,0.13804,0.70296,0.19561,0.58967,0.40524,0.30507,0.13804,0.70296,0.19561,0.58966,0.40524,0.0000,0.0000,0.0000,0.0000,-0.0000,0.3532,0.2831,-0.0294,0.00,0.2108,0.0864,0.1524,0.0854
16.100,detect,0.30612,0.13349,0.70365,0.19410,0.58866,0.40304,0.30507,0.13804,0.70296,0.19561,0.58967,0.40524,0.30507,0.13804,0.70296,0.19561,0.58966,0.40525,0.0000,0.0000,0.0000,0.0000,-0.0000,0.3532,0.2831,-0.0294,0.00,0.2108,0.0864,0.1524,0.0854
16.120,detect,0.30612,0.13349,0.70365,0.19410,0.58866,0.40304,0.30507,0.13804,0.70296,0.19561,0.58966,0.40525,0.30507,0.13804,0.70295,0.19561,0.58967,0.40524,0.0000,0.0000,0.0000,0.0000,-0.0000,0.3532,0.2831,-0.0294,0.00,0.2108,0.0864,0.1524,0.0854
16.140,detect,0.30612,0.13349,0.70365,0.19410,0.58866,0.40304,0.30507,0.13804,0.70296,0.19561,0.58966,0.40525,0.30507,0.13804,0.70296,0.19561,0.58966,0.40524,0.0000,0.0000,0.0000,0.0000,-0.0000,0.3532,0.2831,-0.0294,0.00,0.2108,0.0864,0.1524,0.0854
16.160,detect,0.30612,0.13349,0.70365,0.19410,0.58866,0.40304,0.30507,0.13804,0.70296,0.19561,0.58966,0.40525,0.30507,0.13804,0.70295,0.19561,0.58967,0.40524,0.0000,0.0000,0.0000,0.0000,-0.0000,0.3532,0.2831,-0.0294,0.00,0.2108,0.0864,0.1524,0.0854
16.180,detect,0.30612,0.13349,0.70365,0.19410,0.58866,0.40304,0.30507,0.13804,0.70296,0.19561,0.58966,0.40525,0.30507,0.13804,0.70296,0.19561,0.58966,0.40524,0.0000,0.0000,0.0000,0.0000,-0.0000,0.3532,0.2831,-0.0294,0.00,0.2108,0.0864,0.1524,0.0854
16.200,detect,0.30612,0.13349,0.70365,0.19410,0.58866,0.40304,0.30507,0.13804,0.70296,0.19561,0.58966,0.40525,0.30507,0.13804,0.70295,0.19561,0.58966,0.40524,0.0000,0.0000,0.0000,0.0000,-0.0000,0.3532,0.2831,-0.0294,0.00,0.2108,0.0864,0.1524,0.0854
16.220,detect,0.30612,0.13349,0.70365,0.19410,0.58866,0.40304,0.30507,0.13804,0.70296,0.19561,0.58966,0.40525,0.30507,0.13804,0.70295,0.19561,0.58966,0.40524,0.0000,0.0000,0.0000,0.0000,-0.0000,0.3532,0.2831,-0.0294,0.00,0.2108,0.0864,0.1524,0.0854
16.240,detect,0.30612,0.13349,0.70365,0.19410,0.58866,0.40304,0.30507,0.13804,0.70295,0.19561,0.58966,0.40524,0.30507,0.13805,0.70295,0.19561,0.58966,0.40524,0.0000,0.0000,0.0000,0.0000,-0.0000,0.3532,0.2831,-0.0294,0.00,0.2108,0.0864,0.1524,0.0854
16.260,detect,0.30612,0.13349,0.70365,0.19410,0.58866,0.40304,0.30507,0.13804,0.70295,0.19561,0.58966,0.40524,0.30507,0.13804,0.70295,0.19561,0.58966,0.40524,0.0000,0.0000,0.0000,0.0000,-0.0000,0.3532,0.2831,-0.0294,0.00,0.2108,0.0864,0.1524,0.0854
16.280,detect,0.30612,0.13349,0.70365,0.19410,0.58866,0.40304,0.30507,0.13804,0.70295,0.19561,0.58966,0.40524,0.30507,0.13804,0.70295,0.19561,0.58966,0.40524,0.0000,0.0000,0.0000,0.0000,-0.0000,0.3532,0.2831,-0.0294,0.00,0.2108,0.0864,0.1524,0.0854
16.300,detect,0.30612,0.13349,0.70365,0.19410,0.58866,0.40304,0.30507,0.13804,0.70295,0.19561,0.58966,0.40524,0.30507,0.13805,0.70295,0.19561,0.58967,0.40524,0.0000,0.0000,0.0000,0.0000,-0.0000,0.3532,0.2831,-0.0294,0.00,0.2108,0.0864,0.1524,0.0854
16.320,detect,0.30612,0.13349,0.70365,0.19410,0.58866,0.40304,0.30507,0.13804,0.70295,0.19561,0.58966,0.40524,0.30507,0.13804,0.70296,0.19561,0.58966,0.40524,0.0000,0.0000,0.0000,0.0000,-0.0000,0.3532,0.2831,-0.0294,0.00,0.2108,0.0864,0.1524,0.0854
16.340,detect,0.30612,0.13349,0.70365,0.19410,0.58866,0.40304,0.30507,0.13804,0.70295,0.19561,0.58966,0.40524,0.30507,0.13804,0.70295,0.19561,0.58967,0.40524,0.0000,0.0000,0.0000,0.0000,-0.0000,0.3532,0.2831,-0.0294,0.00,0.2108,0.0864,0.1524,0.0854
16.360,detect,0.30612,0.13349,0.70365,0.19410,0.58866,0.40304,0.30507,0.13804,0.70295,0.19561,0.58967,0.40524,0.30507,0.13804,0.70296,0.19561,0.58966,0.40524,0.0000,0.0000,0.0000,0.0000,-0.0000,0.3532,0.2831,-0.0294,0.00,0.2108,0.0864,0.1524,0.0854
16.380,detect,0.30612,0.13349,0.70365,0.19410,0.58866,0.40304,0.30507,0.13804,0.70295,0.19561,0.58967,0.40524,0.30507,0.13804,0.70295,0.19561,0.58967,0.40524,0.0000,0.0000,0.0000,0.0000,-0.0000,0.3532,0.2831,-0.0294,0.00,0.2108,0.0864,0.1524,0.0854
16.400,detect,0.30612,0.13349,0.70365,0.19410,0.58866,0.40304,0.30507,0.13804,0.70295,0.19561,0.58967,0.40524,0.30507,0.13804,0.70295,0.19561,0.58966,0.40524,0.0000,0.0000,0.0000,0.0000,-0.0000,0.3532,0.2831,-0.0294,0.00,0.2108,0.0864,0.1524,0.0854
16.420,detect,0.30612,0.13349,0.70365,0.19410,0.58866,0.40304,0.30507,0.13804,0.70295,0.19561,0.58967,0.40524,0.30507,0.13804,0.70295,0.19561,0.58966,0.40524,0.0000,0.0000,0.0000,0.0000,-0.0000,0.3532,0.2831,-0.0294,0.00,0.2108,0.0864,0.1524,0.0854
16.440,detect,0.30612,0.13349,0.70365,0.19410,0.58866,0.40304,0.30507,0.13804,0.70295,0.19561,0.58967,0.40524,0.30507,0.13804,0.70295,0.19561,0.58966,0.40524,0.0000,0.0000,0.0000,0.0000,-0.0000,0.3532,0.2831,-0.0294,0.00,0.2108,0.0864,0.1524,0.0854
16.460,detect,0.30612,0.13349,0.70365,0.19410,0.58866,0.40304,0.30507,0.13804,0.70295,0.19561,0.58967,0.40524,0.30507,0.13804,0.70295,0.19561,0.58966,0.40524,0.0000,0.0000,0.0000,0.0000,-0.0000,0.3532,0.2831,-0.0294,0.00,0.2108,0.0865,0.1524,0.0854
16.480,detect,0.30612,0.13349,0.70365,0.19410,0.58866,0.40304,0.30507,0.13804,0.70295,0.19561,0.58966,0.40524,0.30507,0.13804,0.70295,0.19561,0.58967,0.40524,0.0000,0.0000,0.0000,0.0000,-0.0000,0.3532,0.2831,-0.0294,0.00,0.2108,0.0864,0.1524,0.0854
16.500,detect,0.30612,0.13349,0.70365,0.19410,0.58866,0.40304,0.30507,0.13804,0.70295,0.19561,0.58966,0.40524,0.30507,0.13804,0.70296,0.19561,0.58966,0.40524,0.0000,0.0000,0.0000,0.0000,-0.0000,0.3532,0.2831,-0.0294,0.00,0.2108,0.0865,0.1524,0.0854
16.520,detect,0.30612,0.13349,0.70365,0.19410,0.58866,0.40304,0.30507,0.13804,0.70295,0.19561,0.58966,0.40524,0.30507,0.13804,0.70295,0.19561,0.58967,0.40524,0.0000,0.0000,0.0000,0.0000,-0.0000,0.3532,0.2831,-0.0294,0.00,0.2108,0.0865,0.1524,0.0854
16.540,detect,0.30612,0.13349,0.70365,0.19410,0.58866,0.40304,0.30507,0.13804,0.70295,0.19561,0.58966,0.40524,0.30507,0.13804,0.70296,0.19561,0.58966,0.40524,0.0000,0.0000,0.0000,0.0000,-0.0000,0.3532,0.2831,-0.0294,0.00,0.2108,0.0865,0.1524,0.0854
16.560,detect,0.30612,0.13349,0.70365,0.19410,0.58866,0.40304,0.30507,0.13804,0.70295,0.19561,0.58966,0.40524,0.30507,0.13804,0.70295,0.19561,0.58967,0.40524,0.0000,0.0000,0.0000,0.0000,-0.0000,0.3532,0.2831,-0.0294,0.00,0.2108,0.0865,0.1524,0.0854
16.580,detect,0.30612,0.13349,0.70365,0.19410,0.58866,0.40304,0.30507,0.13804,0.70295,0.19561,0.58966,0.40524,0.30507,0.13804,0.70295,0.19561,0.58966,0.40524,0.0000,0.0000,0.0000,0.0000,-0.0000,0.3532,0.2831,-0.0294,0.00,0.2108,0.0865,0.1524,0.0854
16.600,detect,0.30612,0.13349,0.70365,0.19410,0.58866,0.40304,0.30507,0.13804,0.70295,0.19561,0.58966,0.40524,0.30507,0.13804,0.70296,0.19561,0.58966,0.40525,0.0000,0.0000,0.0000,0.0000,-0.0000,0.3532,0.2831,-0.0294,0.00,0.2108,0.0865,0.1524,0.0854
16.620,detect,0.30612,0.13349,0.70365,0.19410,0.58866,0.40304,0.30507,0.13804,0.70295,0.19561,0.58966,0.40524,0.30507,0.13805,0.70295,0.19561,0.58967,0.40524,0.0000,0.0000,0.0000,0.0000,-0.0000,0.3532,0.2831,-0.0294,0.00,0.2108,0.0864,0.1524,0.0854
16.640,detect,0.30612,0.13349,0.70365,0.19410,0.58866,0.40304,0.30507,0.13804,0.70295,0.19561,0.58966,0.40524,0.30507,0.13804,0.70296,0.19561,0.58966,0.40524,0.0000,0.0000,0.0000,0.0000,-0.0000,0.3532,0.2831,-0.0294,0.00,0.2108,0.0864,0.1524,0.0854
16.660,detect,0.30612,0.13349,0.70365,0.19410,0.58866,0.40304,0.30507,0.13804,0.70295,0.19561,0.58966,0.40524,0.30507,0.13804,0.70295,0.19561,0.58967,0.40524,0.0000,0.0000,0.0000,0.0000,-0.0000,0.3532,0.2831,-0.0294,0.00,0.2108,0.0864,0.1524,0.0854
16.680,detect,0.30612,0.13349,0.70365,0.19410,0.58866,0.40304,0.30507,0.13804,0.70295,0.19561,0.58966,0.40524,0.30507,0.13804,0.70296,0.19561,0.58966,0.40524,0.0000,0.0000,0.0000,0.0000,-0.0000,0.3532,0.2831,-0.0294,0.00,0.2108,0.0864,0.1524,0.0854
16.700,detect,0.30612,0.13349,0.70365,0.19410,0.58866,0.40304,0.30507,0.13804,0.70295,0.19561,0.58966,0.40524,0.30507,0.13804,0.70295,0.19561,0.58966,0.40524,0.0000,0.0000,0.0000,0.0000,-0.0000,0.3532,0.2831,-0.0294,0.00,0.2108,0.0864,0.1524,0.0854
16.720,detect,0.30612,0.13349,0.70365,0.19410,0.58866,0.40304,0.30507,0.13804,0.70295,0.19561,0.58966,0.40524,0.30507,0.13804,0.70295,0.19561,0.58966,0.40524,0.0000,0.0000,0.0000,0.0000,-0.0000,0.3532,0.2831,-0.0294,0.00,0.2108,0.0864,0.1524,0.0854
16.740,detect,0.30612,0.13349,0.70365,0.19410,0.58866,0.40304,0.30507,0.13804,0.70295,0.19561,0.58966,0.40524,0.30507,0.13804,0.70295,0.19561,0.58966,0.40524,0.0000,0.0000,0.0000,0.0000,-0.0000,0.3532,0.2831,-0.0294,0.00,0.2108,0.0864,0.1524,0.0854
16.760,detect,0.30612,0.13349,0.70365,0.19410,0.58866,0.40304,0.30507,0.13804,0.70295,0.19561,0.58966,0.40524,0.30507,0.13804,0.70295,0.19561,0.58966,0.40524,0.0000,0.0000,0.0000,0.0000,-0.0000,0.3532,0.2831,-0.0294,0.00,0.2108,0.0864,0.1524,0.0854
16.780,detect,0.30612,0.13349,0.70365,0.19410,0.58866,0.40304,0.30507,0.13804,0.70295,0.19561,0.58966,0.40524,0.30507,0.13804,0.70295,0.19561,0.58966,0.40524,0.0000,0.0000,0.0000,0.0000,-0.0000,0.3532,0.2831,-0.0294,0.00,0.2108,0.0864,0.1524,0.0854
16.800,detect,0.30612,0.13349,0.70365,0.19410,0.58866,0.40304,0.30507,0.13804,0.70295,0.19561,0.58966,0.40524,0.30507,0.13805,0.70295,0.19561,0.58967,0.40524,0.0000,0.0000,0.0000,0.0000,-0.0000,0.3532,0.2831,-0.0294,0.00,0.2108,0.0864,0.1524,0.0854
16.820,detect,0.30612,0.13349,0.70365,0.19410,0.58866,0.40304,0.30507,0.13804,0.70295,0.19561,0.58966,0.40524,0.30507,0.13804,0.70295,0.19561,0.58966,0.40524,0.0000,0.0000,0.0000,0.0000,-0.0000,0.3532,0.2831,-0.0294,0.00,0.2108,0.0864,0.1524,0.0854
16.840,detect,0.30612,0.13349,0.70365,0.19410,0.58866,0.40304,0.30507,0.13804,0.70295,0.19561,0.58966,0.40524,0.30506,0.13804,0.70295,0.19561,0.58967,0.40524,0.0000,0.0000,0.0000,0.0000,-0.0000,0.3532,0.2831,-0.0294,0.00,0.2108,0.0864,0.1524,0.0854
16.860,detect,0.30612,0.13349,0.70365,0.19410,0.58866,0.40304,0.30507,0.13804,0.70295,0.19561,0.58966,0.40524,0.30507,0.13804,0.70296,0.19561,0.58966,0.40524,0.0000,0.0000,0.0000,0.0000,-0.0000,0.3532,0.2831,-0.0294,0.00,0.2108,0.0864,0.1524,0.0854
16.880,detect,0.30612,0.13349,0.70365,0.19410,0.58866,0.40304,0.30507,0.13804,0.70295,0.19561,0.58966,0.40524,0.30507,0.13804,0.70295,0.19561,0.58967,0.40524,0.0000,0.0000,0.0000,0.0000,-0.0000,0.3532,0.2831,-0.0294,0.00,0.2108,0.0864,0.1524,0.0854
16.900,detect,0.30612,0.13349,0.70365,0.19410,0.58866,0.40304,0.30507,0.13804,0.70295,0.19561,0.58966,0.40524,0.30507,0.13804,0.70295,0.19561,0.58966,0.40524,0.0000,0.0000,0.0000,0.0000,-0.0000,0.3532,0.2831,-0.0294,0.00,0.2108,0.0864,0.1524,0.0854
16.920,detect,0.30612,0.13349,0.70365,0.19410,0.58866,0.40304,0.30507,0.13804,0.70295,0.19561,0.58966,0.40524,0.30507,0.13804,0.70295,0.19561,0.58966,0.40524,0.0000,0.0000,0.0000,0.0000,-0.0000,0.3532,0.2831,-0.0294,0.00,0.2108,0.0865,0.1524,0.0854
16.940,detect,0.30612,0.13349,0.70365,0.19410,0.58866,0.40304,0.30507,0.13804,0.70295,0.19561,0.58966,0.40524,0.30507,0.13804,0.70295,0.19561,0.58966,0.40524,0.0000,0.0000,0.0000,0.0000,-0.0000,0.3532,0.2831,-0.0294,0.00,0.2108,0.0864,0.1524,0.0854
16.960,detect,0.30612,0.13349,0.70365,0.19410,0.58866,0.40304,0.30507,0.13804,0.70295,0.19561,0.58966,0.40524,0.30507,0.13804,0.70295,0.19561,0.58966,0.40524,0.0000,0.0000,0.0000,0.0000,-0.0000,0.3532,0.2831,-0.0294,0.00,0.2108,0.0864,0.1524,0.0854
16.980,detect,0.30612,0.13349,0.70365,0.19410,0.58866,0.40304,0.30507,0.13804,0.70295,0.19561,0.58966,0.40524,0.30507,0.13804,0.70295,0.19561,0.58967,0.40524,0.0000,0.0000,0.0000,0.0000,-0.0000,0.3532,0.2831,-0.0294,0.00,0.2108,0.0865,0.1524,0.0854
17.000,detect,0.30612,0.13349,0.70365,0.19410,0.58866,0.40304,0.30507,0.13804,0.70295,0.19561,0.58966,0.40524,0.30507,0.13804,0.70296,0.19561,0.58966,0.40524,0.0000,0.0000,0.0000,0.0000,-0.0000,0.3532,0.2831,-0.0294,0.00,0.2108,0.0865,0.1524,0.0854
17.020,detect,0.30612,0.13349,0.70365,0.19410,0.58866,0.40304,0.30507,0.13804,0.70295,0.19561,0.58966,0.40524,0.30507,0.13804,0.70295,0.19561,0.58967,0.40524,0.0000,0.0000,0.0000,0.0000,-0.0000,0.3532,0.2831,-0.0294,0.00,0.2108,0.0865,0.1524,0.0854
17.040,detect,0.30612,0.13349,0.70365,0.19410,0.58866,0.40304,0.30507,0.13804,0.70295,0.19561,0.58966,0.40524,0.30507,0.13804,0.70296,0.19561,0.58966,0.40524,0.0000,0.0000,0.0000,0.0000,-0.0000,0.3532,0.2831,-0.0294,0.00,0.2108,0.0865,0.1524,0.0854
17.060,detect,0.30612,0.13349,0.70365,0.19410,0.58866,0.40304,0.30507,0.13804,0.70295,0.19561,0.58966,0.40524,0.30507,0.13804,0.70295,0.19561,0.58966,0.40524,0.0000,0.0000,0.0000,0.0000,-0.0000,0.3532,0.2831,-0.0294,0.00,0.2108,0.0865,0.1524,0.0854
17.080,detect,0.30612,0.13349,0.70365,0.19410,0.58866,0.40304,0.30507,0.13804,0.70295,0.19561,0.58966,0.40524,0.30507,0.13804,0.70295,0.19561,0.58966,0.40524,0.0000,0.0000,0.0000,0.0000,-0.0000,0.3532,0.2831,-0.0294,0.00,0.2108,0.0865,0.1524,0.0854
17.100,detect,0.30612,0.13349,0.70365,0.19410,0.58866,0.40304,0.30507,0.13804,0.70295,0.19561,0.58966,0.40524,0.30507,0.13804,0.70296,0.19561,0.58966,0.40525,0.0000,0.0000,0.0000,0.0000,-0.0000,0.3532,0.2831,-0.0294,0.00,0.2108,0.0865,0.1524,0.0854
17.120,detect,0.30612,0.13349,0.70365,0.19410,0.58866,0.40304,0.30507,0.13804,0.70295,0.19561,0.58966,0.40524,0.30507,0.13805,0.70295,0.19561,0.58967,0.40524,0.0000,0.0000,0.0000,0.0000,-0.0000,0.3532,0.2831,-0.0294,0.00,0.2108,0.0864,0.1524,0.0854
17.140,detect,0.30612,0.13349,0.70365,0.19410,0.58866,0.40304,0.30507,0.13804,0.70295,0.19561,0.58966,0.40524,0.30507,0.13804,0.70296,0.19561,0.58966,0.40524,0.0000,0.0000,0.0000,0.0000,-0.0000,0.3532,0.2831,-0.0294,0.00,0.2108,0.0864,0.1524,0.0854
17.160,detect,0.30612,0.13349,0.70365,0.19410,0.58866,0.40304,0.30507,0.13804,0.70295,0.19561,0.58966,0.40524,0.30507,0.13804,0.70295,0.19561,0.58967,0.40524,0.0000,0.0000,0.0000,0.0000,-0.0000,0.3532,0.2831,-0.0294,0.00,0.2108,0.0864,0.1524,0.0854
17.180,moving,0.30612,0.13349,0.70365,0.19410,0.58866,0.40304,0.30507,0.13804,0.70295,0.19561,0.58966,0.40524,0.30507,0.13804,0.70296,0.19561,0.58966,0.40524,0.0000,0.0000,0.0000,0.0000,-0.0000,0.3532,0.2831,-0.0294,0.00,0.2108,0.0864,0.1524,0.0854
17.200,moving,-0.64193,0.10232,0.71360,-0.09263,0.57702,0.01327,0.30507,0.13804,0.70296,0.19561,0.58966,0.40524,0.30290,0.13575,0.70518,0.19330,0.58737,0.40291,0.0000,0.0000,0.0000,0.0000,-0.0000,0.3531,0.2832,-0.0292,0.00,0.2109,0.0856,0.1525,0.0854
17.220,moving,-0.64193,0.10232,0.71360,-0.09263,0.57702,0.01327,0.30507,0.13804,0.70296,0.19561,0.58966,0.40524,0.29454,0.12731,0.71135,0.18479,0.58057,0.39442,0.0000,0.0000,0.0000,0.0000,-0.0000,0.3531,0.2833,-0.0288,0.00,0.2115,0.0827,0.1533,0.0854
17.240,moving,-0.64193,0.10232,0.71360,-0.09263,0.57702,0.01327,0.30507,0.13804,0.70296,0.19561,0.58966,0.40524,0.28000,0.11505,0.71292,0.17006,0.57813,0.37970,0.0000,0.0000,0.0000,0.0000,-0.0000,0.3530,0.2834,-0.0285,0.00,0.2133,0.0782,0.1556,0.0854
17.260,moving,-0.64193,0.10232,0.71360,-0.09263,0.57702,0.01327,0.30507,0.13804,0.70296,0.19561,0.58966,0.40524,0.25929,0.10826,0.71290,0.14910,0.57808,0.35875,0.0000,0.0000,0.0000,0.0000,-0.0000,0.3530,0.2834,-0.0286,0.00,0.2154,0.0717,0.1569,0.0854
17.280,moving,-0.64193,0.10232,0.71360,-0.09263,0.57702,0.01327,0.30507,0.13804,0.70296,0.19561,0.58966,0.40524,0.23433,0.10682,0.71288,0.12515,0.57804,0.33413,0.0000,0.0000,0.0000,0.0000,-0.0000,0.3531,0.2832,-0.0290,0.00,0.2175,0.0639,0.1570,0.0854
17.300,moving,-0.64193,0.10232,0.71360,-0.09263,0.57702,0.01327,0.30507,0.13804,0.70296,0.19561,0.58966,0.40524,0.22427,0.10684,0.71291,0.11673,0.57792,0.32550,0.0000,0.0000,0.0000,0.0000,-0.0000,0.3533,0.2829,-0.0301,0.00,0.2182,0.0608,0.1570,0.0854
17.320,moving,-0.64193,0.10232,0.71360,-0.09263,0.57702,0.01327,0.22427,0.10684,0.71291,0.11673,0.57792,0.32550,0.21615,0.10683,0.71295,0.10807,0.57790,0.31679,0.0000,0.0000,0.0000,0.0000,-0.0000,0.3533,0.2828,-0.0305,0.00,0.2188,0.0581,0.1569,0.0854
17.340,moving,-0.64193,0.10232,0.71360,-0.09263,0.57702,0.01327,0.22427,0.10684,0.71291,0.11673,0.57792,0.32550,0.20179,0.10684,0.71295,0.09322,0.57791,0.30190,0.0000,0.0000,0.0000,0.0000,-0.0000,0.3533,0.2829,-0.0301,0.00,0.2198,0.0535,0.1568,0.0854
17.360,moving,-0.64193,0.10232,0.71360,-0.09263,0.57702,0.01327,0.22427,0.10684,0.71291,0.11673,0.57792,0.32550,0.18119,0.10684,0.71295,0.07220,0.57790,0.28085,0.0000,0.0000,0.0000,0.0000,-0.0000,0.3533,0.2831,-0.0294,0.00,0.2212,0.0468,0.1566,0.0854
17.380,moving,-0.64193,0.10232,0.71360,-0.09263,0.57702,0.01327,0.22427,0.10684,0.71291,0.11673,0.57792,0.32550,0.15635,0.10685,0.71294,0.04819,0.57787,0.25614,0.0000,0.0000,0.0000,0.0000,-0.0000,0.3532,0.2833,-0.0290,0.00,0.2225,0.0388,0.1565,0.0854
17.400,moving,-0.64193,0.10232,0.71360,-0.09263,0.57702,0.01327,0.22427,0.10684,0.71291,0.11673,0.57792,0.32550,0.14653,0.10687,0.71294,0.03972,0.57779,0.24748,0.0000,0.0000,0.0000,0.0000,-0.0000,0.3533,0.2830,-0.0296,0.00,0.2230,0.0358,0.1565,0.0854
17.420,moving,-0.64193,0.10232,0.71360,-0.09263,0.57702,0.01327,0.22427,0.10684,0.71291,0.11673,0.57792,0.32550,0.13847,0.10686,0.71296,0.03106,0.57778,0.23875,0.0000,0.0000,0.0000,0.0000,-0.0000,0.3532,0.2829,-0.0300,0.00,0.2234,0.0331,0.1565,0.0854
17.440,moving,-0.64193,0.10232,0.71360,-0.09263,0.57702,0.01327,0.13847,0.10686,0.71296,0.03106,0.57778,0.23875,0.12417,0.10687,0.71295,0.01620,0.57779,0.22384,0.0000,0.0000,0.0000,0.0000,-0.0000,0.3532,0.2830,-0.0298,0.00,0.2240,0.0284,0.1565,0.0854
17.460,moving,-0.64193,0.10232,0.71360,-0.09263,0.57702,0.01327,0.13847,0.10686,0.71296,0.03106,0.57778,0.23875,0.10360,0.10688,0.71295,-0.00483,0.57779,0.20276,0.0000,0.0000,0.0000,0.0000,-0.0000,0.3532,0.2831,-0.0294,0.00,0.2248,0.0216,0.1565,0.0854
17.480,moving,-0.64193,0.10232,0.71360,-0.09263,0.57702,0.01327,0.13847,0.10686,0.71296,0.03106,0.57778,0.23875,0.07878,0.10689,0.71293,-0.02892,0.57777,0.17794,0.0000,0.0000,0.0000,0.0000,-0.0000,0.3531,0.2832,-0.0292,0.00,0.2255,0.0135,0.1565,0.0854
17.500,moving,-0.64193,0.10232,0.71360,-0.09263,0.57702,0.01327,0.13847,0.10686,0.71296,0.03106,0.57778,0.23875,0.06894,0.10689,0.71293,-0.03742,0.57771,0.16924,0.0000,0.0000,0.0000,0.0000,-0.0000,0.3532,0.2829,-0.0299,0.00,0.2257,0.0104,0.1565,0.0854
17.520,moving,-0.64193,0.10232,0.71360,-0.09263,0.57702,0.01327,0.13847,0.10686,0.71296,0.03106,0.57778,0.23875,0.06091,0.10689,0.71295,-0.04608,0.57771,0.16051,0.0000,0.0000,0.0000,0.0000,-0.0000,0.3532,0.2828,-0.0302,0.00,0.2258,0.0077,0.1565,0.0854
17.540,moving,-0.64193,0.10232,0.71360,-0.09263,0.57702,0.01327,0.13847,0.10686,0.71296,0.03106,0.57778,0.23875,0.04663,0.10691,0.71294,-0.06093,0.57773,0.14560,0.0000,0.0000,0.0000,0.0000,-0.0000,0.3531,0.2829,-0.0300,0.00,0.2260,0.0030,0.1566,0.0854
17.560,moving,-0.64193,0.10232,0.71360,-0.09263,0.57702,0.01327,0.04663,0.10691,0.71294,-0.06093,0.57773,0.14560,0.02601,0.10690,0.71294,-0.07759,0.57772,0.12451,0.0000,0.0000,0.0000,0.0000,-0.0000,0.3531,0.2831,-0.0296,0.00,0.2262,-0.0034,0.1567,0.0854
17.580,moving,-0.64193,0.10232,0.71360,-0.09263,0.57702,0.01327,0.04663,0.10691,0.71294,-0.06093,0.57773,0.14560,0.00116,0.10691,0.71292,-0.08784,0.57772,0.09957,0.0000,0.0000,-0.0000,0.0000,-0.0000,0.3531,0.2831,-0.0293,0.00,0.2261,-0.0101,0.1567,0.0854
17.600,moving,-0.64193,0.10232,0.71360,-0.09263,0.57702,0.01327,0.04663,0.10691,0.71294,-0.06093,0.57773,0.14560,-0.00802,0.10690,0.71293,-0.09141,0.57768,0.09087,0.0000,0.0000,-0.0000,0.0000,-0.0000,0.3532,0.2829,-0.0300,0.00,0.2260,-0.0125,0.1567,0.0854
17.620,moving,-0.64193,0.10232,0.71360,-0.09263,0.57702,0.01327,0.04663,0.10691,0.71294,-0.06093,0.57773,0.14560,-0.01622,0.10690,0.71294,-0.09232,0.57769,0.08216,0.0000,0.0000,-0.0000,0.0000,-0.0000,0.3532,0.2828,-0.0303,0.00,0.2259,-0.0145,0.1567,0.0854
17.640,moving,-0.64193,0.10232,0.71360,-0.09263,0.57702,0.01327,0.04663,0.10691,0.71294,-0.06093,0.57773,0.14560,-0.03061,0.10691,0.71294,-0.09244,0.57770,0.06726,0.0000,0.0000,-0.0000,0.0000,-0.0000,0.3532,0.2829,-0.0301,0.00,0.2257,-0.0177,0.1567,0.0854
17.660,moving,-0.64193,0.10232,0.71360,-0.09263,0.57702,0.01327,0.04663,0.10691,0.71294,-0.06093,0.57773,0.14560,-0.05124,0.10691,0.71295,-0.09253,0.57770,0.04664,0.0000,0.0000,-0.0000,0.0000,-0.0000,0.3532,0.2830,-0.0297,0.00,0.2253,-0.0224,0.1567,0.0854
17.680,moving,-0.64193,0.10232,0.71360,-0.09263,0.57702,0.01327,-0.05124,0.10691,0.71295,-0.09253,0.57770,0.04664,-0.07608,0.10691,0.71294,-0.09257,0.57770,0.02926,0.0000,0.0000,-0.0000,0.0000,-0.0000,0.3532,0.2831,-0.0294,0.00,0.2246,-0.0280,0.1567,0.0854
17.700,moving,-0.64193,0.10232,0.71360,-0.09263,0.57702,0.01327,-0.05124,0.10691,0.71295,-0.09253,0.57770,0.04664,-0.08521,0.10690,0.71295,-0.09262,0.57769,0.02352,0.0000,0.0000,-0.0000,0.0000,-0.0000,0.3532,0.2829,-0.0301,0.00,0.2244,-0.0300,0.1567,0.0854
17.720,moving,-0.64193,0.10232,0.71360,-0.09263,0.57702,0.01327,-0.05124,0.10691,0.71295,-0.09253,0.57770,0.04664,-0.09343,0.10690,0.71296,-0.09272,0.57770,0.01628,0.0000,0.0000,-0.0000,0.0000,-0.0000,0.3533,0.2828,-0.0304,0.00,0.2241,-0.0319,0.1567,0.0854
17.740,moving,-0.64193,0.10232,0.71360,-0.09263,0.57702,0.01327,-0.05124,0.10691,0.71295,-0.09253,0.57770,0.04664,-0.10788,0.10690,0.71296,-0.09280,0.57770,0.01323,0.0000,0.0000,-0.0000,0.0000,-0.0000,0.3532,0.2829,-0.0302,0.00,0.2236,-0.0351,0.1567,0.0854
17.760,moving,-0.64193,0.10232,0.71360,-0.09263,0.57702,0.01327,-0.05124,0.10691,0.71295,-0.09253,0.57770,0.04664,-0.12855,0.10690,0.71296,-0.09288,0.57771,0.01302,0.0000,0.0000,-0.0000,0.0000,-0.0000,0.3532,0.2830,-0.0298,0.00,0.2229,-0.0398,0.1567,0.0854
17.780,moving,-0.64193,0.10232,0.71360,-0.09263,0.57702,0.01327,-0.05124,0.10691,0.71295,-0.09253,0.57770,0.04664,-0.15336,0.10690,0.71295,-0.09296,0.57771,0.01291,0.0000,0.0000,-0.0000,0.0000,-0.0000,0.3532,0.2831,-0.0295,0.00,0.2218,-0.0453,0.1567,0.0854
17.800,moving,-0.64193,0.10232,0.71360,-0.09263,0.57702,0.01327,-0.15336,0.10690,0.71295,-0.09296,0.57771,0.01291,-0.16249,0.10690,0.71297,-0.09305,0.57770,0.01280,0.0000,0.0000,-0.0000,0.0000,-0.0000,0.3532,0.2828,-0.0302,0.00,0.2214,-0.0473,0.1567,0.0854
17.820,moving,-0.64193,0.10232,0.71360,-0.09263,0.57702,0.01327,-0.15336,0.10690,0.71295,-0.09296,0.57771,0.01291,-0.17075,0.10690,0.71296,-0.09315,0.57772,0.01266,0.0000,0.0000,-0.0000,0.0000,-0.0000,0.3532,0.2828,-0.0305,0.00,0.2210,-0.0491,0.1567,0.0854
17.840,moving,-0.64193,0.10232,0.71360,-0.09263,0.57702,0.01327,-0.15336,0.10690,0.71295,-0.09296,0.57771,0.01291,-0.18521,0.10690,0.71297,-0.09325,0.57772,0.01252,0.0000,-0.0000,-0.0000,0.0000,-0.0000,0.3532,0.2828,-0.0303,0.00,0.2202,-0.0523,0.1567,0.0854
17.860,moving,-0.64193,0.10232,0.71360,-0.09263,0.57702,0.01327,-0.15336,0.10690,0.71295,-0.09296,0.57771,0.01291,-0.20591,0.10690,0.71296,-0.09334,0.57773,0.01240,0.0000,-0.0000,-0.0000,0.0000,-0.0000,0.3532,0.2830,-0.0299,0.00,0.2191,-0.0569,0.1567,0.0854
17.880,moving,-0.64193,0.10232,0.71360,-0.09263,0.57702,0.01327,-0.15336,0.10690,0.71295,-0.09296,0.57771,0.01291,-0.23069,0.10689,0.71296,-0.09342,0.57773,0.01230,0.0000,-0.0000,-0.0000,0.0000,-0.0000,0.3531,0.2830,-0.0296,0.00,0.2176,-0.0623,0.1568,0.0854
17.900,moving,-0.64193,0.10232,0.71360,-0.09263,0.57702,0.01327,-0.15336,0.10690,0.71295,-0.09296,0.57771,0.01291,-0.23983,0.10689,0.71297,-0.09350,0.57773,0.01219,0.0000,0.0000,-0.0000,0.0000,-0.0000,0.3532,0.2828,-0.0303,0.00,0.2171,-0.0643,0.1567,0.0854
17.920,moving,-0.64193,0.10232,0.71360,-0.09263,0.57702,0.01327,-0.23983,0.10689,0.71297,-0.09350,0.57773,0.01219,-0.24810,0.10690,0.71296,-0.09361,0.57774,0.01205,0.0000,0.0000,-0.0000,0.0000,-0.0000,0.3532,0.2827,-0.0306,0.00,0.2165,-0.0661,0.1568,0.0854
17.940,moving,-0.64193,0.10232,0.71360,-0.09263,0.57702,0.01327,-0.23983,0.10689,0.71297,-0.09350,0.57773,0.01219,-0.26259,0.10689,0.71298,-0.09370,0.57774,0.01192,0.0000,-0.0000,-0.0000,0.0000,-0.0000,0.3532,0.2828,-0.0304,0.00,0.2155,-0.0693,0.1568,0.0854
17.960,moving,-0.64193,0.10232,0.71360,-0.09263,0.57702,0.01327,-0.23983,0.10689,0.71297,-0.09350,0.57773,0.01219,-0.28329,0.10688,0.71297,-0.09379,0.57775,0.01180,0.0000,-0.0000,-0.0000,0.0000,-0.0000,0.3532,0.2829,-0.0300,0.00,0.2140,-0.0737,0.1568,0.0854
17.980,moving,-0.64193,0.10232,0.71360,-0.09263,0.57702,0.01327,-0.23983,0.10689,0.71297,-0.09350,0.57773,0.01219,-0.30804,0.10688,0.71297,-0.09387,0.57776,0.01169,0.0000,-0.0000,-0.0000,0.0000,-0.0000,0.3532,0.2830,-0.0297,0.00,0.2121,-0.0790,0.1568,0.0854
18.000,moving,-0.64193,0.10232,0.71360,-0.09263,0.57702,0.01327,-0.23983,0.10689,0.71297,-0.09350,0.57773,0.01219,-0.31720,0.10687,0.71298,-0.09395,0.57775,0.01159,0.0000,0.0000,-0.0000,0.0000,-0.0000,0.3532,0.2828,-0.0303,0.00,0.2114,-0.0809,0.1568,0.0854
18.020,moving,-0.64193,0.10232,0.71360,-0.09263,0.57702,0.01327,-0.23983,0.10689,0.71297,-0.09350,0.57773,0.01219,-0.32548,0.10688,0.71297,-0.09405,0.57777,0.01145,0.0000,-0.0000,-0.0000,0.0000,-0.0000,0.3533,0.2827,-0.0306,0.00,0.2107,-0.0827,0.1568,0.0854
18.040,moving,-0.64193,0.10232,0.71360,-0.09263,0.57702,0.01327,-0.32548,0.10688,0.71297,-0.09405,0.57777,0.01145,-0.33998,0.10687,0.71299,-0.09415,0.57776,0.01132,0.0000,-0.0000,-0.0000,0.0000,-0.0000,0.3533,0.2828,-0.0304,0.00,0.2095,-0.0858,0.1568,0.0854
18.060,moving,-0.64193,0.10232,0.71360,-0.09263,0.57702,0.01327,-0.32548,0.10688,0.71297,-0.09405,0.57777,0.01145,-0.36070,0.10686,0.71298,-0.09423,0.57778,0.01120,0.0000,-0.0000,-0.0000,0.0000,-0.0000,0.3532,0.2829,-0.0301,0.00,0.2077,-0.0901,0.1568,0.0854
18.080,moving,-0.64193,0.10232,0.71360,-0.09263,0.57702,0.01327,-0.32548,0.10688,0.71297,-0.09405,0.57777,0.01145,-0.38541,0.10685,0.71298,-0.09432,0.57778,0.01110,0.0000,-0.0000,-0.0000,0.0000,-0.0000,0.3532,0.2830,-0.0299,0.00,0.2054,-0.0952,0.1568,0.0854
18.100,moving,-0.64193,0.10232,0.71360,-0.09263,0.57702,0.01327,-0.32548,0.10688,0.71297,-0.09405,0.57777,0.01145,-0.39458,0.10685,0.71299,-0.09440,0.57777,0.01100,0.0000,0.0000,-0.0000,0.0000,-0.0000,0.3533,0.2827,-0.0304,0.00,0.2045,-0.0971,0.1568,0.0854
18.120,moving,-0.64193,0.10232,0.71360,-0.09263,0.57702,0.01327,-0.32548,0.10688,0.71297,-0.09405,0.57777,0.01145,-0.40287,0.10686,0.71298,-0.09451,0.57779,0.01085,0.0000,-0.0000,-0.0000,0.0000,-0.0000,0.3533,0.2827,-0.0307,0.00,0.2037,-0.0988,0.1568,0.0854
18.140,moving,-0.64193,0.10232,0.71360,-0.09263,0.57702,0.01327,-0.32548,0.10688,0.71297,-0.09405,0.57777,0.01145,-0.41738,0.10684,0.71300,-0.09460,0.57779,0.01072,0.0000,-0.0000,-0.0000,0.0000,-0.0000,0.3533,0.2827,-0.0305,0.00,0.2022,-0.1017,0.1568,0.0854
18.160,moving,-0.64193,0.10232,0.71360,-0.09263,0.57702,0.01327,-0.41738,0.10684,0.71300,-0.09460,0.57779,0.01072,-0.43811,0.10683,0.71300,-0.09469,0.57780,0.01060,0.0000,-0.0000,-0.0000,0.0000,-0.0000,0.3532,0.2829,-0.0302,0.00,0.2001,-0.1059,0.1568,0.0854
18.180,moving,-0.64193,0.10232,0.71360,-0.09263,0.57702,0.01327,-0.41738,0.10684,0.71300,-0.09460,0.57779,0.01072,-0.46277,0.10682,0.71299,-0.09478,0.57781,0.01049,0.0000,-0.0000,-0.0000,0.0000,-0.0000,0.3532,0.2829,-0.0300,0.00,0.1974,-0.1108,0.1568,0.0854
18.200,moving,-0.64193,0.10232,0.71360,-0.09263,0.57702,0.01327,-0.41738,0.10684,0.71300,-0.09460,0.57779,0.01072,-0.47198,0.10682,0.71301,-0.09486,0.57779,0.01039,0.0000,-0.0000,-0.0000,0.0000,-0.0000,0.3533,0.2827,-0.0305,0.00,0.1964,-0.1127,0.1568,0.0854
18.220,moving,-0.64193,0.10232,0.71360,-0.09263,0.57702,0.01327,-0.41738,0.10684,0.71300,-0.09460,0.57779,0.01072,-0.48027,0.10682,0.71299,-0.09497,0.57781,0.01024,0.0000,-0.0000,-0.0000,0.0000,-0.0000,0.3533,0.2827,-0.0308,0.00,0.1954,-0.1143,0.1568,0.0854
18.240,moving,-0.64193,0.10232,0.71360,-0.09263,0.57702,0.01327,-0.41738,0.10684,0.71300,-0.09460,0.57779,0.01072,-0.49479,0.10680,0.71301,-0.09506,0.57781,0.01012,0.0000,-0.0000,-0.0000,0.0000,-0.0000,0.3533,0.2827,-0.0306,0.00,0.1937,-0.1171,0.1568,0.0854
18.260,moving,-0.64193,0.10232,0.71360,-0.09263,0.57702,0.01327,-0.41738,0.10684,0.71300,-0.09460,0.57779,0.01072,-0.51553,0.10679,0.71301,-0.09514,0.57782,0.01000,0.0000,-0.0000,-0.0000,0.0000,-0.0000,0.3532,0.2828,-0.0303,0.00,0.1912,-0.1211,0.1568,0.0854
18.280,moving,-0.64193,0.10232,0.71360,-0.09263,0.57702,0.01327,-0.51553,0.10679,0.71301,-0.09514,0.57782,0.01000,-0.54014,0.10678,0.71301,-0.09523,0.57783,0.00989,0.0000,-0.0000,-0.0000,0.0000,-0.0000,0.3532,0.2829,-0.0301,0.00,0.1882,-0.1258,0.1568,0.0854
18.300,moving,-0.64193,0.10232,0.71360,-0.09263,0.57702,0.01327,-0.51553,0.10679,0.71301,-0.09514,0.57782,0.01000,-0.54940,0.10678,0.71303,-0.09533,0.57781,0.00977,0.0000,-0.0000,-0.0000,0.0000,-0.0000,0.3533,0.2827,-0.0306,0.00,0.1870,-0.1275,0.1568,0.0854
18.320,moving,-0.64193,0.10232,0.71360,-0.09263,0.57702,0.01327,-0.51553,0.10679,0.71301,-0.09514,0.57782,0.01000,-0.55768,0.10678,0.71301,-0.09544,0.57783,0.00962,0.0000,-0.0000,-0.0000,0.0000,-0.0000,0.3533,0.2826,-0.0309,0.00,0.1860,-0.1291,0.1568,0.0854
18.340,moving,-0.64193,0.10232,0.71360,-0.09263,0.57702,0.01327,-0.51553,0.10679,0.71301,-0.09514,0.57782,0.01000,-0.57221,0.10676,0.71303,-0.09553,0.57783,0.00949,0.0000,-0.0000,-0.0000,0.0000,-0.0000,0.3533,0.2827,-0.0307,0.00,0.1841,-0.1318,0.1568,0.0854
18.360,moving,-0.64193,0.10232,0.71360,-0.09263,0.57702,0.01327,-0.51553,0.10679,0.71301,-0.09514,0.57782,0.01000,-0.59296,0.10674,0.71304,-0.09562,0.57784,0.00937,0.0000,-0.0000,-0.0000,0.0000,-0.0000,0.3532,0.2828,-0.0304,0.00,0.1813,-0.1356,0.1568,0.0854
18.380,moving,-0.64193,0.10232,0.71360,-0.09263,0.57702,0.01327,-0.51553,0.10679,0.71301,-0.09514,0.57782,0.01000,-0.61447,0.10673,0.71304,-0.09571,0.57784,0.00926,0.0000,-0.0000,-0.0000,0.0000,-0.0000,0.3532,0.2828,-0.0303,0.00,0.1783,-0.1395,0.1568,0.0854
18.400,moving,-0.64193,0.10232,0.71360,-0.09263,0.57702,0.01327,-0.61447,0.10673,0.71304,-0.09571,0.57784,0.00926,-0.62150,0.10672,0.71306,-0.09580,0.57783,0.00914,0.0000,-0.0000,-0.0000,0.0000,-0.0000,0.3533,0.2826,-0.0307,0.00,0.1773,-0.1407,0.1568,0.0854
18.420,moving,-0.64193,0.10232,0.71360,-0.09263,0.57702,0.01327,-0.61447,0.10673,0.71304,-0.09571,0.57784,0.00926,-0.62975,0.10672,0.71305,-0.09589,0.57785,0.00901,0.0000,-0.0000,-0.0000,0.0000,-0.0000,0.3533,0.2826,-0.0309,0.00,0.1761,-0.1422,0.1568,0.0854
18.440,moving,-0.64193,0.10232,0.71360,-0.09263,0.57702,0.01327,-0.61447,0.10673,0.71304,-0.09571,0.57784,0.00926,-0.63789,0.10670,0.71307,-0.09598,0.57784,0.00890,0.0000,-0.0000,-0.0000,0.0000,-0.0000,0.3533,0.2826,-0.0309,0.00,0.1750,-0.1436,0.1568,0.0854
18.460,moving,-0.64193,0.10232,0.71360,-0.09263,0.57702,0.01327,-0.61447,0.10673,0.71304,-0.09571,0.57784,0.00926,-0.64027,0.10669,0.71308,-0.09606,0.57784,0.00879,0.0000,-0.0000,-0.0000,0.0000,-0.0000,0.3533,0.2826,-0.0309,0.00,0.1746,-0.1440,0.1568,0.0854
18.480,moving,-0.64193,0.10232,0.71360,-0.09263,0.57702,0.01327,-0.61447,0.10673,0.71304,-0.09571,0.57784,0.00926,-0.64023,0.10668,0.71309,-0.09613,0.57785,0.00870,0.0000,-0.0000,-0.0000,0.0000,-0.0000,0.3534,0.2826,-0.0309,0.00,0.1746,-0.1440,0.1568,0.0854
18.500,moving,-0.64193,0.10232,0.71360,-0.09263,0.57702,0.01327,-0.61447,0.10673,0.71304,-0.09571,0.57784,0.00926,-0.64017,0.10667,0.71310,-0.09617,0.57785,0.00865,0.0000,-0.0000,-0.0000,0.0000,-0.0000,0.3534,0.2827,-0.0308,0.00,0.1746,-0.1440,0.1568,0.0854
18.520,moving,-0.64193,0.10232,0.71360,-0.09263,0.57702,0.01327,-0.64017,0.10667,0.71310,-0.09617,0.57785,0.00865,-0.64011,0.10666,0.71310,-0.09621,0.57785,0.00859,0.0000,-0.0000,-0.0000,0.0000,-0.0000,0.3533,0.2827,-0.0306,0.00,0.1746,-0.1440,0.1568,0.0854
18.540,moving,-0.64193,0.10232,0.71360,-0.09263,0.57702,0.01327,-0.64017,0.10667,0.71310,-0.09617,0.57785,0.00865,-0.64007,0.10665,0.71312,-0.09624,0.57785,0.00856,0.0000,-0.0000,-0.0000,0.0000,-0.0000,0.3533,0.2827,-0.0306,0.00,0.1746,-0.1440,0.1568,0.0854
18.560,moving,-0.64193,0.10232,0.71360,-0.09263,0.57702,0.01327,-0.64017,0.10667,0.71310,-0.09617,0.57785,0.00865,-0.64003,0.10665,0.71312,-0.09627,0.57786,0.00852,0.0000,-0.0000,-0.0000,0.0000,-0.0000,0.3533,0.2827,-0.0305,0.00,0.1746,-0.1440,0.1568,0.0854
18.580,moving,-0.64193,0.10232,0.71360,-0.09263,0.57702,0.01327,-0.64017,0.10667,0.71310,-0.09617,0.57785,0.00865,-0.64000,0.10664,0.71313,-0.09628,0.57785,0.00850,0.0000,-0.0000,-0.0000,0.0000,-0.0000,0.3533,0.2827,-0.0306,0.00,0.1746,-0.1440,0.1568,0.0854
18.600,moving,-0.64193,0.10232,0.71360,-0.09263,0.57702,0.01327,-0.64017,0.10667,0.71310,-0.09617,0.57785,0.00865,-0.63997,0.10664,0.71312,-0.09631,0.57786,0.00846,0.0000,-0.0000,-0.0000,0.0000,-0.0000,0.3532,0.2827,-0.0306,0.00,0.1746,-0.1440,0.1568,0.0854
18.620,moving,-0.64193,0.10232,0.71360,-0.09263,0.57702,0.01327,-0.64017,0.10667,0.71310,-0.09617,0.57785,0.00865,-0.63995,0.10664,0.71313,-0.09632,0.57786,0.00845,0.0000,-0.0000,-0.0000,0.0000,-0.0000,0.3532,0.2827,-0.0306,0.00,0.1746,-0.1440,0.1568,0.0854
18.640,moving,-0.64193,0.10232,0.71360,-0.09263,0.57702,0.01327,-0.63995,0.10664,0.71313,-0.09632,0.57786,0.00845,-0.63993,0.10664,0.71312,-0.09634,0.57786,0.00842,0.0000,-0.0000,-0.0000,0.0000,-0.0000,0.3532,0.2827,-0.0306,0.00,0.1746,-0.1440,0.1568,0.0854
18.660,moving,-0.64193,0.10232,0.71360,-0.09263,0.57702,0.01327,-0.63995,0.10664,0.71313,-0.09632,0.57786,0.00845,-0.63992,0.10664,0.71313,-0.09635,0.57786,0.00841,0.0000,-0.0000,-0.0000,0.0000,-0.0000,0.3532,0.2827,-0.0306,0.00,0.1746,-0.1440,0.1568,0.0854
18.680,moving,-0.64193,0.10232,0.71360,-0.09263,0.57702,0.01327,-0.63995,0.10664,0.71313,-0.09632,0.57786,0.00845,-0.63990,0.10664,0.71312,-0.09635,0.57786,0.00840,0.0000,-0.0000,-0.0000,0.0000,-0.0000,0.3532,0.2827,-0.0306,0.00,0.1746,-0.1440,0.1568,0.0854
18.700,moving,-0.64193,0.10232,0.71360,-0.09263,0.57702,0.01327,-0.63995,0.10664,0.71313,-0.09632,0.57786,0.00845,-0.63989,0.10664,0.71312,-0.09636,0.57787,0.00839,0.0000,-0.0000,-0.0000,0.0000,-0.0000,0.3532,0.2827,-0.0306,0.00,0.1746,-0.1440,0.1568,0.0854
18.720,moving,-0.64193,0.10232,0.71360,-0.09263,0.57702,0.01327,-0.63995,0.10664,0.71313,-0.09632,0.57786,0.00845,-0.63989,0.10664,0.71313,-0.09636,0.57786,0.00839,0.0000,-0.0000,-0.0000,0.0000,-0.0000,0.3532,0.2827,-0.0306,0.00,0.1746,-0.1440,0.1568,0.0854
18.740,moving,-0.64193,0.10232,0.71360,-0.09263,0.57702,0.01327,-0.63995,0.10664,0.71313,-0.09632,0.57786,0.00845,-0.63988,0.10664,0.71312,-0.09637,0.57787,0.00838,0.0000,-0.0000,-0.0000,0.0000,-0.0000,0.3532,0.2827,-0.0306,0.00,0.1747,-0.1440,0.1568,0.0854
18.760,moving,-0.64193,0.10232,0.71360,-0.09263,0.57702,0.01327,-0.63988,0.10664,0.71312,-0.09637,0.57787,0.00838,-0.63988,0.10664,0.71313,-0.09637,0.57786,0.00838,0.0000,-0.0000,-0.0000,0.0000,-0.0000,0.3533,0.2827,-0.0306,0.00,0.1747,-0.1440,0.1568,0.0854
18.780,moving,-0.64193,0.10232,0.71360,-0.09263,0.57702,0.01327,-0.63988,0.10664,0.71312,-0.09637,0.57787,0.00838,-0.63987,0.10664,0.71313,-0.09638,0.57787,0.00837,0.0000,-0.0000,-0.0000,0.0000,-0.0000,0.3533,0.2827,-0.0306,0.00,0.1747,-0.1440,0.1568,0.0854
18.800,moving,-0.64193,0.10232,0.71360,-0.09263,0.57702,0.01327,-0.63988,0.10664,0.71312,-0.09637,0.57787,0.00838,-0.63987,0.10663,0.71313,-0.09638,0.57786,0.00838,0.0000,-0.0000,-0.0000,0.0000,-0.0000,0.3533,0.2827,-0.0306,0.00,0.1746,-0.1440,0.1568,0.0854
18.820,moving,-0.64193,0.10232,0.71360,-0.09263,0.57702,0.01327,-0.63988,0.10664,0.71312,-0.09637,0.57787,0.00838,-0.63987,0.10664,0.71313,-0.09638,0.57787,0.00837,0.0000,-0.0000,-0.0000,0.0000,-0.0000,0.3533,0.2827,-0.0306,0.00,0.1747,-0.1440,0.1568,0.0854
18.840,moving,-0.64193,0.10232,0.71360,-0.09263,0.57702,0.01327,-0.63988,0.10664,0.71312,-0.09637,0.57787,0.00838,-0.63987,0.10663,0.71314,-0.09638,0.57786,0.00837,0.0000,-0.0000,-0.0000,0.0000,-0.0000,0.3533,0.2827,-0.0306,0.00,0.1746,-0.1440,0.1568,0.0854
18.860,detect,-0.64193,0.10232,0.71360,-0.09263,0.57702,0.01327,-0.63988,0.10664,0.71312,-0.09637,0.57787,0.00838,-0.63986,0.10663,0.71313,-0.09638,0.57786,0.00837,0.0000,-0.0000,-0.0000,0.0000,-0.0000,0.3533,0.2827,-0.0306,0.00,0.1747,-0.1440,0.1568,0.0854
18.880,detect,-0.64193,0.10232,0.71360,-0.09263,0.57702,0.01327,-0.63986,0.10663,0.71313,-0.09638,0.57786,0.00837,-0.63987,0.10663,0.71314,-0.09638,0.57786,0.00837,0.0000,-0.0000,-0.0000,0.0000,-0.0000,0.3533,0.2827,-0.0306,0.00,0.1746,-0.1440,0.1568,0.0854
18.900,detect,-0.64193,0.10232,0.71360,-0.09263,0.57702,0.01327,-0.63986,0.10663,0.71313,-0.09638,0.57786,0.00837,-0.63986,0.10663,0.71313,-0.09638,0.57786,0.00837,0.0000,-0.0000,-0.0000,0.0000,-0.0000,0.3533,0.2827,-0.0306,0.00,0.1747,-0.1440,0.1568,0.0854
18.920,detect,-0.64193,0.10232,0.71360,-0.09263,0.57702,0.01327,-0.63986,0.10663,0.71313,-0.09638,0.57786,0.00837,-0.63986,0.10664,0.71313,-0.09638,0.57787,0.00836,0.0000,-0.0000,-0.0000,0.0000,-0.0000,0.3533,0.2827,-0.0306,0.00,0.1747,-0.1440,0.1568,0.0854
18.940,detect,-0.64193,0.10232,0.71360,-0.09263,0.57702,0.01327,-0.63986,0.10663,0.71313,-0.09638,0.57786,0.00837,-0.63986,0.10663,0.71314,-0.09638,0.57786,0.00837,0.0000,-0.0000,-0.0000,0.0000,-0.0000,0.3533,0.2827,-0.0306,0.00,0.1747,-0.1440,0.1568,0.0854
18.960,detect,-0.64193,0.10232,0.71360,-0.09263,0.57702,0.01327,-0.63986,0.10663,0.71313,-0.09638,0.57786,0.00837,-0.63986,0.10664,0.71313,-0.09639,0.57787,0.00836,0.0000,-0.0000,-0.0000,0.0000,-0.0000,0.3533,0.2827,-0.0306,0.00,0.1747,-0.1440,0.1568,0.0854
18.980,detect,-0.64193,0.10232,0.71360,-0.09263,0.57702,0.01327,-0.63986,0.10663,0.71313,-0.09638,0.57786,0.00837,-0.63986,0.10663,0.71313,-0.09638,0.57786,0.00837,0.0000,-0.0000,-0.0000,0.0000,-0.0000,0.3532,0.2827,-0.0306,0.00,0.1747,-0.1440,0.1568,0.0854
19.000,detect,-0.64193,0.10232,0.71360,-0.09263,0.57702,0.01327,-0.63986,0.10663,0.71313,-0.09638,0.57786,0.00837,-0.63986,0.10664,0.71313,-0.09639,0.57787,0.00836,0.0000,-0.0000,-0.0000,0.0000,-0.0000,0.3532,0.2827,-0.0306,0.00,0.1747,-0.1440,0.1568,0.0854
19.020,detect,-0.64193,0.10232,0.71360,-0.09263,0.57702,0.01327,-0.63986,0.10663,0.71313,-0.09638,0.57786,0.00837,-0.63986,0.10664,0.71313,-0.09638,0.57786,0.00837,0.0000,-0.0000,-0.0000,0.0000,-0.0000,0.3532,0.2827,-0.0306,0.00,0.1747,-0.1440,0.1568,0.0854
19.040,detect,-0.64193,0.10232,0.71360,-0.09263,0.57702,0.01327,-0.63986,0.10663,0.71313,-0.09638,0.57786,0.00837,-0.63985,0.10664,0.71313,-0.09639,0.57787,0.00836,0.0000,-0.0000,-0.0000,0.0000,-0.0000,0.3532,0.2827,-0.0306,0.00,0.1747,-0.1440,0.1568,0.0854
19.060,detect,-0.64193,0.10232,0.71360,-0.09263,0.57702,0.01327,-0.63986,0.10663,0.71313,-0.09638,0.57786,0.00837,-0.63986,0.10663,0.71313,-0.09638,0.57786,0.00836,0.0000,-0.0000,-0.0000,0.0000,-0.0000,0.3533,0.2827,-0.0306,0.00,0.1747,-0.1440,0.1568,0.0854
19.080,detect,-0.64193,0.10232,0.71360,-0.09263,0.57702,0.01327,-0.63986,0.10663,0.71313,-0.09638,0.57786,0.00837,-0.63986,0.10664,0.71313,-0.09639,0.57787,0.00836,0.0000,-0.0000,-0.0000,0.0000,-0.0000,0.3533,0.2827,-0.0306,0.00,0.1747,-0.1440,0.1568,0.0854
19.100,detect,-0.64193,0.10232,0.71360,-0.09263,0.57702,0.01327,-0.63986,0.10663,0.71313,-0.09638,0.57786,0.00837,-0.63986,0.10664,0.71313,-0.09639,0.57786,0.00836,0.0000,-0.0000,-0.0000,0.0000,-0.0000,0.3533,0.2827,-0.0306,0.00,0.1747,-0.1440,0.1568,0.0854
19.120,detect,-0.64193,0.10232,0.71360,-0.09263,0.57702,0.01327,-0.63986,0.10664,0.71313,-0.09639,0.57786,0.00836,-0.63986,0.10664,0.71313,-0.09638,0.57786,0.00836,0.0000,-0.0000,-0.0000,0.0000,-0.0000,0.3533,0.2827,-0.0306,0.00,0.1747,-0.1440,0.1568,0.0854
19.140,detect,-0.64193,0.10232,0.71360,-0.09263,0.57702,0.01327,-0.63986,0.10664,0.71313,-0.09639,0.57786,0.00836,-0.63986,0.10664,0.71313,-0.09639,0.57787,0.00836,0.0000,-0.0000,-0.0000,0.0000,-0.0000,0.3533,0.2827,-0.0306,0.00,0.1747,-0.1440,0.1568,0.0854
19.160,detect,-0.64193,0.10232,0.71360,-0.09263,0.57702,0.01327,-0.63986,0.10664,0.71313,-0.09639,0.57786,0.00836,-0.63986,0.10663,0.71313,-0.09638,0.57786,0.00837,0.0000,-0.0000,-0.0000,0.0000,-0.0000,0.3533,0.2827,-0.0306,0.00,0.1747,-0.1440,0.1568,0.0854
19.180,detect,-0.64193,0.10232,0.71360,-0.09263,0.57702,0.01327,-0.63986,0.10664,0.71313,-0.09639,0.57786,0.00836,-0.63985,0.10664,0.71313,-0.09639,0.57787,0.00836,0.0000,-0.0000,-0.0000,0.0000,-0.0000,0.3533,0.2827,-0.0306,0.00,0.1747,-0.1440,0.1568,0.0854
19.200,detect,-0.64193,0.10232,0.71360,-0.09263,0.57702,0.01327,-0.63986,0.10664,0.71313,-0.09639,0.57786,0.00836,-0.63986,0.10663,0.71314,-0.09638,0.57786,0.00837,0.0000,-0.0000,-0.0000,0.0000,-0.0000,0.3533,0.2827,-0.0306,0.00,0.1747,-0.1440,0.1568,0.0854
19.220,detect,-0.64193,0.10232,0.71360,-0.09263,0.57702,0.01327,-0.63986,0.10664,0.71313,-0.09639,0.57786,0.00836,-0.63985,0.10664,0.71313,-0.09639,0.57787,0.00836,0.0000,-0.0000,-0.0000,0.0000,-0.0000,0.3533,0.2827,-0.0306,0.00,0.1747,-0.1440,0.1568,0.0854
19.240,detect,-0.64193,0.10232,0.71360,-0.09263,0.57702,0.01327,-0.63985,0.10664,0.71313,-0.09639,0.57787,0.00836,-0.63986,0.10663,0.71314,-0.09638,0.57786,0.00837,0.0000,-0.0000,-0.0000,0.0000,-0.0000,0.3533,0.2827,-0.0306,0.00,0.1747,-0.1440,0.1568,0.0854
19.260,detect,-0.64193,0.10232,0.71360,-0.09263,0.57702,0.01327,-0.63985,0.10664,0.71313,-0.09639,0.57787,0.00836,-0.63985,0.10664,0.71313,-0.09639,0.57787,0.00836,0.0000,-0.0000,-0.0000,0.0000,-0.0000,0.3533,0.2827,-0.0306,0.00,0.1747,-0.1440,0.1568,0.0854
19.280,detect,-0.64193,0.10232,0.71360,-0.09263,0.57702,0.01327,-0.63985,0.10664,0.71313,-0.09639,0.57787,0.00836,-0.63986,0.10663,0.71314,-0.09638,0.57786,0.00836,0.0000,-0.0000,-0.0000,0.0000,-0.0000,0.3533,0.2827,-0.0306,0.00,0.1747,-0.1440,0.1568,0.0854
19.300,detect,-0.64193,0.10232,0.71360,-0.09263,0.57702,0.01327,-0.63985,0.10664,0.71313,-0.09639,0.57787,0.00836,-0.63985,0.10664,0.71313,-0.09639,0.57787,0.00836,0.0000,-0.0000,-0.0000,0.0000,-0.0000,0.3533,0.2827,-0.0306,0.00,0.1747,-0.1440,0.1568,0.0854
19.320,detect,-0.64193,0.10232,0.71360,-0.09263,0.57702,0.01327,-0.63985,0.10664,0.71313,-0.09639,0.57787,0.00836,-0.63986,0.10663,0.71313,-0.09639,0.57786,0.00836,0.0000,-0.0000,-0.0000,0.0000,-0.0000,0.3533,0.2827,-0.0306,0.00,0.1747,-0.1440,0.1568,0.0854
19.340,detect,-0.64193,0.10232,0.71360,-0.09263,0.57702,0.01327,-0.63985,0.10664,0.71313,-0.09639,0.57787,0.00836,-0.63986,0.10663,0.71313,-0.09638,0.57786,0.00836,0.0000,-0.0000,-0.0000,0.0000,-0.0000,0.3533,0.2827,-0.0306,0.00,0.1747,-0.1440,0.1568,0.0854
19.360,detect,-0.64193,0.10232,0.71360,-0.09263,0.57702,0.01327,-0.63986,0.10663,0.71313,-0.09638,0.57786,0.00836,-0.63986,0.10664,0.71313,-0.09639,0.57787,0.00836,0.0000,-0.0000,-0.0000,0.0000,-0.0000,0.3533,0.2827,-0.0306,0.00,0.1747,-0.1440,0.1568,0.0854
19.380,detect,-0.64193,0.10232,0.71360,-0.09263,0.57702,0.01327,-0.63986,0.10663,0.71313,-0.09638,0.57786,0.00836,-0.63986,0.10663,0.71313,-0.09638,0.57786,0.00837,0.0000,-0.0000,-0.0000,0.0000,-0.0000,0.3533,0.2827,-0.0306,0.00,0.1747,-0.1440,0.1568,0.0854
19.400,detect,-0.64193,0.10232,0.71360,-0.09263,0.57702,0.01327,-0.63986,0.10663,0.71313,-0.09638,0.57786,0.00836,-0.63985,0.10664,0.71313,-0.09639,0.57787,0.00836,0.0000,-0.0000,-0.0000,0.0000,-0.0000,0.3533,0.2827,-0.0306,0.00,0.1747,-0.1440,0.1568,0.0854
19.420,detect,-0.64193,0.10232,0.71360,-0.09263,0.57702,0.01327,-0.63986,0.10663,0.71313,-0.09638,0.57786,0.00836,-0.63986,0.10663,0.71313,-0.09638,0.57786,0.00837,0.0000,-0.0000,-0.0000,0.0000,-0.0000,0.3533,0.2827,-0.0306,0.00,0.1747,-0.1440,0.1568,0.0854
19.440,detect,-0.64193,0.10232,0.71360,-0.09263,0.57702,0.01327,-0.63986,0.10663,0.71313,-0.09638,0.57786,0.00836,-0.63985,0.10664,0.71313,-0.09639,0.57787,0.00836,0.0000,-0.0000,-0.0000,0.0000,-0.0000,0.3533,0.2827,-0.0306,0.00,0.1747,-0.1440,0.1568,0.0854
19.460,detect,-0.64193,0.10232,0.71360,-0.09263,0.57702,0.01327,-0.63986,0.10663,0.71313,-0.09638,0.57786,0.00836,-0.63986,0.10663,0.71314,-0.09638,0.57786,0.00836,0.0000,-0.0000,-0.0000,0.0000,-0.0000,0.3533,0.2827,-0.0306,0.00,0.1747,-0.1440,0.1568,0.0854
19.480,detect,-0.64193,0.10232,0.71360,-0.09263,0.57702,0.01327,-0.63986,0.10663,0.71314,-0.09638,0.57786,0.00836,-0.63985,0.10664,0.71313,-0.09639,0.57787,0.00836,0.0000,-0.0000,-0.0000,0.0000,-0.0000,0.3533,0.2827,-0.0306,0.00,0.1747,-0.1440,0.1568,0.0854
19.500,detect,-0.64193,0.10232,0.71360,-0.09263,0.57702,0.01327,-0.63986,0.10663,0.71314,-0.09638,0.57786,0.00836,-0.63986,0.10663,0.71314,-0.09638,0.57786,0.00836,0.0000,-0.0000,-0.0000,0.0000,-0.0000,0.3533,0.2827,-0.0306,0.00,0.1747,-0.1440,0.1568,0.0854
19.520,detect,-0.64193,0.10232,0.71360,-0.09263,0.57702,0.01327,-0.63986,0.10663,0.71314,-0.09638,0.57786,0.00836,-0.63985,0.10664,0.71313,-0.09639,0.57787,0.00836,0.0000,-0.0000,-0.0000,0.0000,-0.0000,0.3533,0.2827,-0.0306,0.00,0.1747,-0.1440,0.1568,0.0854
19.540,detect,-0.64193,0.10232,0.71360,-0.09263,0.57702,0.01327,-0.63986,0.10663,0.71314,-0.09638,0.57786,0.00836,-0.63986,0.10663,0.71313,-0.09639,0.57786,0.00836,0.0000,-0.0000,-0.0000,0.0000,-0.0000,0.3533,0.2827,-0.0306,0.00,0.1747,-0.1440,0.1568,0.0854
19.560,detect,-0.64193,0.10232,0.71360,-0.09263,0.57702,0.01327,-0.63986,0.10663,0.71314,-0.09638,0.57786,0.00836,-0.63986,0.10663,0.71313,-0.09638,0.57786,0.00836,0.0000,-0.0000,-0.0000,0.0000,-0.0000,0.3533,0.2827,-0.0306,0.00,0.1747,-0.1440,0.1568,0.0854
19.580,detect,-0.64193,0.10232,0.71360,-0.09263,0.57702,0.01327,-0.63986,0.10663,0.71314,-0.09638,0.57786,0.00836,-0.63986,0.10664,0.71313,-0.09639,0.57787,0.00836,0.0000,-0.0000,-0.0000,0.0000,-0.0000,0.3533,0.2827,-0.0306,0.00,0.1747,-0.1440,0.1568,0.0854
19.600,detect,-0.64193,0.10232,0.71360,-0.09263,0.57702,0.01327,-0.63986,0.10664,0.71313,-0.09639,0.57787,0.00836,-0.63986,0.10663,0.71313,-0.09638,0.57786,0.00837,0.0000,-0.0000,-0.0000,0.0000,-0.0000,0.3533,0.2827,-0.0306,0.00,0.1747,-0.1440,0.1568,0.0854
19.620,detect,-0.64193,0.10232,0.71360,-0.09263,0.57702,0.01327,-0.63986,0.10664,0.71313,-0.09639,0.57787,0.00836,-0.63985,0.10664,0.71313,-0.09639,0.57787,0.00835,0.0000,-0.0000,-0.0000,0.0000,-0.0000,0.3533,0.2827,-0.0306,0.00,0.1747,-0.1440,0.1568,0.0854
19.640,detect,-0.64193,0.10232,0.71360,-0.09263,0.57702,0.01327,-0.63986,0.10664,0.71313,-0.09639,0.57787,0.00836,-0.63986,0.10663,0.71314,-0.09638,0.57786,0.00837,0.0000,-0.0000,-0.0000,0.0000,-0.0000,0.3533,0.2827,-0.0306,0.00,0.1747,-0.1440,0.1568,0.0854
19.660,detect,-0.64193,0.10232,0.71360,-0.09263,0.57702,0.01327,-0.63986,0.10664,0.71313,-0.09639,0.57787,0.00836,-0.63985,0.10664,0.71313,-0.09639,0.57787,0.00836,0.0000,-0.0000,-0.0000,0.0000,-0.0000,0.3533,0.2827,-0.0306,0.00,0.1747,-0.1440,0.1568,0.0854
19.680,detect,-0.64193,0.10232,0.71360,-0.09263,0.57702,0.01327,-0.63986,0.10664,0.71313,-0.09639,0.57787,0.00836,-0.63986,0.10663,0.71314,-0.09638,0.57786,0.00836,0.0000,-0.0000,-0.0000,0.0000,-0.0000,0.3533,0.2827,-0.0306,0.00,0.1747,-0.1440,0.1568,0.0854
19.700,detect,-0.64193,0.10232,0.71360,-0.09263,0.57702,0.01327,-0.63986,0.10664,0.71313,-0.09639,0.57787,0.00836,-0.63985,0.10664,0.71313,-0.09639,0.57787,0.00835,0.0000,-0.0000,-0.0000,0.0000,-0.0000,0.3533,0.2827,-0.0306,0.00,0.1747,-0.1440,0.1568,0.0854
19.720,detect,-0.64193,0.10232,0.71360,-0.09263,0.57702,0.01327,-0.63985,0.10664,0.71313,-0.09639,0.57787,0.00835,-0.63986,0.10663,0.71314,-0.09638,0.57786,0.00836,0.0000,-0.0000,-0.0000,0.0000,-0.0000,0.3533,0.2827,-0.0306,0.00,0.1747,-0.1440,0.1568,0.0854
19.740,detect,-0.64193,0.10232,0.71360,-0.09263,0.57702,0.01327,-0.63985,0.10664,0.71313,-0.09639,0.57787,0.00835,-0.63985,0.10664,0.71313,-0.09639,0.57787,0.00836,0.0000,-0.0000,-0.0000,0.0000,-0.0000,0.3533,0.2827,-0.0306,0.00,0.1747,-0.1440,0.1568,0.0854
19.760,detect,-0.64193,0.10232,0.71360,-0.09263,0.57702,0.01327,-0.63985,0.10664,0.71313,-0.09639,0.57787,0.00835,-0.63986,0.10663,0.71313,-0.09639,0.57786,0.00836,0.0000,-0.0000,-0.0000,0.0000,-0.0000,0.3533,0.2827,-0.0306,0.00,0.1747,-0.1440,0.1568,0.0854
19.780,detect,-0.64193,0.10232,0.71360,-0.09263,0.57702,0.01327,-0.63985,0.10664,0.71313,-0.09639,0.57787,0.00835,-0.63986,0.10663,0.71313,-0.09638,0.57786,0.00836,0.0000,-0.0000,-0.0000,0.0000,-0.0000,0.3533,0.2827,-0.0306,0.00,0.1747,-0.1440,0.1568,0.0854
19.800,detect,-0.64193,0.10232,0.71360,-0.09263,0.57702,0.01327,-0.63985,0.10664,0.71313,-0.09639,0.57787,0.00835,-0.63986,0.10664,0.71313,-0.09639,0.57787,0.00836,0.0000,-0.0000,-0.0000,0.0000,-0.0000,0.3533,0.2827,-0.0306,0.00,0.1747,-0.1440,0.1568,0.0854
19.820,detect,-0.64193,0.10232,0.71360,-0.09263,0.57702,0.01327,-0.63985,0.10664,0.71313,-0.09639,0.57787,0.00835,-0.63986,0.10663,0.71313,-0.09638,0.57786,0.00837,0.0000,-0.0000,-0.0000,0.0000,-0.0000,0.3533,0.2827,-0.0306,0.00,0.1747,-0.1440,0.1568,0.0854
19.840,detect,-0.64193,0.10232,0.71360,-0.09263,0.57702,0.01327,-0.63986,0.10663,0.71313,-0.09638,0.57786,0.00837,-0.63985,0.10664,0.71313,-0.09639,0.57787,0.00836,0.0000,-0.0000,-0.0000,0.0000,-0.0000,0.3533,0.2827,-0.0306,0.00,0.1747,-0.1440,0.1568,0.0854
19.860,detect,-0.64193,0.10232,0.71360,-0.09263,0.57702,0.01327,-0.63986,0.10663,0.71313,-0.09638,0.57786,0.00837,-0.63986,0.10663,0.71314,-0.09638,0.57786,0.00837,0.0000,-0.0000,-0.0000,0.0000,-0.0000,0.3533,0.2827,-0.0306,0.00,0.1747,-0.1440,0.1568,0.0854
19.880,detect,-0.64193,0.10232,0.71360,-0.09263,0.57702,0.01327,-0.63986,0.10663,0.71313,-0.09638,0.57786,0.00837,-0.63985,0.10664,0.71313,-0.09639,0.57787,0.00836,0.0000,-0.0000,-0.0000,0.0000,-0.0000,0.3533,0.2827,-0.0306,0.00,0.1747,-0.1440,0.1568,0.0854
19.900,detect,-0.64193,0.10232,0.71360,-0.09263,0.57702,0.01327,-0.63986,0.10663,0.71313,-0.09638,0.57786,0.00837,-0.63986,0.10663,0.71314,-0.09638,0.57786,0.00836,0.0000,-0.0000,-0.0000,0.0000,-0.0000,0.3533,0.2827,-0.0306,0.00,0.1747,-0.1440,0.1568,0.0854
19.920,detect,-0.64193,0.10232,0.71360,-0.09263,0.57702,0.01327,-0.63986,0.10663,0.71313,-0.09638,0.57786,0.00837,-0.63985,0.10664,0.71313,-0.09639,0.57787,0.00836,0.0000,-0.0000,-0.0000,0.0000,-0.0000,0.3533,0.2827,-0.0306,0.00,0.1747,-0.1440,0.1568,0.0854
19.940,detect,-0.64193,0.10232,0.71360,-0.09263,0.57702,0.01327,-0.63986,0.10663,0.71313,-0.09638,0.57786,0.00837,-0.63986,0.10663,0.71314,-0.09638,0.57786,0.00836,0.0000,-0.0000,-0.0000,0.0000,-0.0000,0.3533,0.2827,-0.0306,0.00,0.1747,-0.1440,0.1568,0.0854
19.960,detect,-0.64193,0.10232,0.71360,-0.09263,0.57702,0.01327,-0.63986,0.10663,0.71314,-0.09638,0.57786,0.00836,-0.63985,0.10664,0.71313,-0.09639,0.57787,0.00836,0.0000,-0.0000,-0.0000,0.0000,-0.0000,0.3533,0.2827,-0.0306,0.00,0.1747,-0.1440,0.1568,0.0854
19.980,detect,-0.64193,0.10232,0.71360,-0.09263,0.57702,0.01327,-0.63986,0.10663,0.71314,-0.09638,0.57786,0.00836,-0.63986,0.10663,0.71314,-0.09639,0.57786,0.00836,0.0000,-0.0000,-0.0000,0.0000,-0.0000,0.3533,0.2827,-0.0306,0.00,0.1747,-0.1440,0.1568,0.0854
20.000,detect,-0.64193,0.10232,0.71360,-0.09263,0.57702,0.01327,-0.63986,0.10663,0.71314,-0.09638,0.57786,0.00836,-0.63986,0.10663,0.71313,-0.09638,0.57786,0.00836,0.0000,-0.0000,-0.0000,0.0000,-0.0000,0.3533,0.2827,-0.0306,0.00,0.1747,-0.1440,0.1568,0.0854
20.020,detect,-0.64193,0.10232,0.71360,-0.09263,0.57702,0.01327,-0.63986,0.10663,0.71314,-0.09638,0.57786,0.00836,-0.63986,0.10664,0.71313,-0.09639,0.57787,0.00836,0.0000,-0.0000,-0.0000,0.0000,-0.0000,0.3533,0.2827,-0.0306,0.00,0.1747,-0.1440,0.1568,0.0854
20.040,detect,-0.64193,0.10232,0.71360,-0.09263,0.57702,0.01327,-0.63986,0.10663,0.71314,-0.09638,0.57786,0.00836,-0.63986,0.10663,0.71313,-0.09638,0.57786,0.00837,0.0000,-0.0000,-0.0000,0.0000,-0.0000,0.3533,0.2827,-0.0306,0.00,0.1747,-0.1440,0.1568,0.0854
20.060,detect,-0.64193,0.10232,0.71360,-0.09263,0.57702,0.01327,-0.63986,0.10663,0.71314,-0.09638,0.57786,0.00836,-0.63985,0.10664,0.71313,-0.09639,0.57787,0.00835,0.0000,-0.0000,-0.0000,0.0000,-0.0000,0.3533,0.2827,-0.0306,0.00,0.1747,-0.1440,0.1568,0.0854
20.080,detect,-0.64193,0.10232,0.71360,-0.09263,0.57702,0.01327,-0.63985,0.10664,0.71313,-0.09639,0.57787,0.00835,-0.63986,0.10663,0.71314,-0.09638,0.57786,0.00836,0.0000,-0.0000,-0.0000,0.0000,-0.0000,0.3533,0.2827,-0.0306,0.00,0.1747,-0.1440,0.1568,0.0854
20.100,detect,-0.64193,0.10232,0.71360,-0.09263,0.57702,0.01327,-0.63985,0.10664,0.71313,-0.09639,0.57787,0.00835,-0.63985,0.10664,0.71313,-0.09639,0.57787,0.00836,0.0000,-0.0000,-0.0000,0.0000,-0.0000,0.3533,0.2827,-0.0306,0.00,0.1747,-0.1440,0.1568,0.0854
20.120,detect,-0.64193,0.10232,0.71360,-0.09263,0.57702,0.01327,-0.63985,0.10664,0.71313,-0.09639,0.57787,0.00835,-0.63986,0.10663,0.71314,-0.09638,0.57786,0.00836,0.0000,-0.0000,-0.0000,0.0000,-0.0000,0.3533,0.2827,-0.0306,0.00,0.1747,-0.1440,0.1568,0.0854
20.140,detect,-0.64193,0.10232,0.71360,-0.09263,0.57702,0.01327,-0.63985,0.10664,0.71313,-0.09639,0.57787,0.00835,-0.63985,0.10664,0.71313,-0.09639,0.57787,0.00835,0.0000,-0.0000,-0.0000,0.0000,-0.0000,0.3533,0.2827,-0.0306,0.00,0.1747,-0.1440,0.1568,0.0854
20.160,detect,-0.64193,0.10232,0.71360,-0.09263,0.57702,0.01327,-0.63985,0.10664,0.71313,-0.09639,0.57787,0.00835,-0.63986,0.10663,0.71314,-0.09638,0.57786,0.00836,0.0000,-0.0000,-0.0000,0.0000,-0.0000,0.3533,0.2827,-0.0306,0.00,0.1747,-0.1440,0.1568,0.0854
20.180,detect,-0.64193,0.10232,0.71360,-0.09263,0.57702,0.01327,-0.63985,0.10664,0.71313,-0.09639,0.57787,0.00835,-0.63985,0.10664,0.71313,-0.09639,0.57787,0.00836,0.0000,-0.0000,-0.0000,0.0000,-0.0000,0.3533,0.2827,-0.0306,0.00,0.1747,-0.1440,0.1568,0.0854
20.200,detect,-0.64193,0.10232,0.71360,-0.09263,0.57702,0.01327,-0.63985,0.10664,0.71313,-0.09639,0.57787,0.00836,-0.63986,0.10663,0.71313,-0.09639,0.57786,0.00836,0.0000,-0.0000,-0.0000,0.0000,-0.0000,0.3533,0.2827,-0.0306,0.00,0.1747,-0.1440,0.1568,0.0854
20.220,detect,-0.64193,0.10232,0.71360,-0.09263,0.57702,0.01327,-0.63985,0.10664,0.71313,-0.09639,0.57787,0.00836,-0.63986,0.10663,0.71313,-0.09638,0.57786,0.00836,0.0000,-0.0000,-0.0000,0.0000,-0.0000,0.3533,0.2827,-0.0306,0.00,0.1747,-0.1440,0.1568,0.0854
20.240,detect,-0.64193,0.10232,0.71360,-0.09263,0.57702,0.01327,-0.63985,0.10664,0.71313,-0.09639,0.57787,0.00836,-0.63986,0.10664,0.71313,-0.09639,0.57787,0.00836,0.0000,-0.0000,-0.0000,0.0000,-0.0000,0.3533,0.2827,-0.0306,0.00,0.1747,-0.1440,0.1568,0.0854
20.260,detect,-0.64193,0.10232,0.71360,-0.09263,0.57702,0.01327,-0.63985,0.10664,0.71313,-0.09639,0.57787,0.00836,-0.63986,0.10663,0.71313,-0.09638,0.57786,0.00837,0.0000,-0.0000,-0.0000,0.0000,-0.0000,0.3533,0.2827,-0.0306,0.00,0.1747,-0.1440,0.1568,0.0854
20.280,detect,-0.64193,0.10232,0.71360,-0.09263,0.57702,0.01327,-0.63985,0.10664,0.71313,-0.09639,0.57787,0.00836,-0.63985,0.10664,0.71313,-0.09639,0.57787,0.00835,0.0000,-0.0000,-0.0000,0.0000,-0.0000,0.3533,0.2827,-0.0306,0.00,0.1747,-0.1440,0.1568,0.0854
20.300,failed,-0.64193,0.10232,0.71360,-0.09263,0.57702,0.01327,-0.63985,0.10664,0.71313,-0.09639,0.57787,0.00836,-0.63986,0.10663,0.71313,-0.09638,0.57786,0.00836,0.0000,-0.0000,-0.0000,0.0000,-0.0000,0.3533,0.2827,-0.0306,0.00,0.1747,-0.1440,0.1568,0.0854
