attempt,step,time_s,phase,jaw_centre_error_m,lateral_error_m,along_error_m,tip_goal_error_m,jaw_command_m,approach_elevation_deg,jaw_tilt_deg,base_height_m,base_shift_m,base_yaw_deg,arm_speed_rad_s,finger_contact_n,forearm_contact_n,fell,door_deg,handle_deg,claw_engaged,claw_force_n,force_cmd_n
0,0,0.0,spawn,0.00996,0.00984,0.00156,0.00996,0.00024,-2.08,0.26,0.3496,0.0009,0.027,1.729,0.0,0.0,0,0.0,-0.0,0,0.0,0.0
1,0,0.0,spawn,0.00996,0.00984,0.00156,0.00996,0.00024,-2.08,0.26,0.3496,0.0009,0.027,1.729,0.0,0.0,0,0.0,-0.0,0,0.0,0.0
2,0,0.0,spawn,0.00996,0.00984,0.00156,0.00996,0.00024,-2.08,0.26,0.3496,0.0009,0.027,1.729,0.0,0.0,0,0.0,-0.0,0,0.0,0.0
3,0,0.0,spawn,0.00996,0.00984,0.00156,0.00996,0.00024,-2.08,0.26,0.3496,0.0009,0.027,1.729,0.0,0.0,0,0.0,-0.0,0,0.0,0.0
0,1,0.02,spawn,0.02353,0.02309,0.00451,0.02353,0.00048,-3.83,0.72,0.3481,0.0019,0.111,1.729,0.0,0.0,0,0.0,-0.0,0,0.0,0.0
1,1,0.02,spawn,0.02353,0.0231,0.00451,0.02353,0.00048,-3.83,0.72,0.3481,0.0019,0.111,1.729,0.0,0.0,0,0.0,-0.0,0,0.0,0.0
2,1,0.02,spawn,0.02353,0.0231,0.00451,0.02353,0.00048,-3.83,0.72,0.3481,0.0019,0.11,1.729,0.0,0.0,0,0.0,-0.0,0,0.0,0.0
3,1,0.02,spawn,0.02353,0.0231,0.00451,0.02353,0.00048,-3.83,0.72,0.3481,0.0019,0.111,1.729,0.0,0.0,0,0.0,-0.0,0,0.0,0.0
0,2,0.04,spawn,0.03196,0.03085,0.00836,0.03196,0.00072,-3.83,1.35,0.3464,0.0028,0.176,1.73,0.0,0.0,0,0.0,-0.0,0,0.0,0.0
1,2,0.04,spawn,0.03196,0.03085,0.00836,0.03196,0.00072,-3.83,1.35,0.3464,0.0028,0.176,1.73,0.0,0.0,0,0.0,-0.0,0,0.0,0.0
2,2,0.04,spawn,0.03197,0.03085,0.00836,0.03197,0.00072,-3.83,1.35,0.3464,0.0028,0.176,1.73,0.0,0.0,0,0.0,-0.0,0,0.0,0.0
3,2,0.04,spawn,0.03196,0.03085,0.00836,0.03196,0.00072,-3.83,1.35,0.3464,0.0028,0.176,1.73,0.0,0.0,0,0.0,-0.0,0,0.0,0.0
0,3,0.06,spawn,0.03809,0.03627,0.01161,0.03809,0.00096,-3.44,1.76,0.3447,0.0037,0.235,1.73,0.0,0.0,0,0.0,-0.0,0,0.0,0.0
1,3,0.06,spawn,0.03809,0.03628,0.01161,0.03809,0.00096,-3.44,1.76,0.3447,0.0037,0.235,1.73,0.0,0.0,0,0.0,-0.0,0,0.0,0.0
2,3,0.06,spawn,0.03809,0.03628,0.01161,0.03809,0.00096,-3.44,1.76,0.3447,0.0037,0.235,1.73,0.0,0.0,0,0.0,-0.0,0,0.0,0.0
3,3,0.06,spawn,0.03809,0.03628,0.01161,0.03809,0.00096,-3.44,1.76,0.3447,0.0037,0.235,1.73,0.0,0.0,0,0.0,-0.0,0,0.0,0.0
0,4,0.08,spawn,0.03897,0.03677,0.01291,0.03897,0.0012,-2.73,1.63,0.343,0.0042,0.237,1.73,0.0,0.0,0,0.0,-0.0,0,0.0,0.0
1,4,0.08,spawn,0.03898,0.03678,0.01291,0.03898,0.0012,-2.74,1.63,0.343,0.0042,0.237,1.73,0.0,0.0,0,0.0,-0.0,0,0.0,0.0
2,4,0.08,spawn,0.03898,0.03678,0.01291,0.03898,0.0012,-2.74,1.63,0.343,0.0042,0.236,1.73,0.0,0.0,0,0.0,-0.0,0,0.0,0.0
3,4,0.08,spawn,0.03898,0.03678,0.01291,0.03898,0.0012,-2.74,1.63,0.343,0.0042,0.236,1.73,0.0,0.0,0,0.0,-0.0,0,0.0,0.0
0,5,0.1,spawn,0.03871,0.03709,0.01107,0.03871,0.00144,-2.14,1.65,0.3413,0.0047,0.302,1.73,0.0,0.0,0,0.0,-0.0,0,0.0,0.0
1,5,0.1,spawn,0.03871,0.0371,0.01107,0.03871,0.00144,-2.14,1.65,0.3413,0.0047,0.302,1.73,0.0,0.0,0,0.0,-0.0,0,0.0,0.0
2,5,0.1,spawn,0.03872,0.0371,0.01107,0.03872,0.00144,-2.14,1.65,0.3413,0.0047,0.302,1.73,0.0,0.0,0,0.0,-0.0,0,0.0,0.0
3,5,0.1,spawn,0.03871,0.0371,0.01107,0.03871,0.00144,-2.14,1.65,0.3413,0.0047,0.302,1.73,0.0,0.0,0,0.0,-0.0,0,0.0,0.0
0,6,0.12,spawn,0.03648,0.03587,0.00668,0.03648,0.00168,-1.87,1.55,0.3396,0.005,0.345,1.73,0.0,0.0,0,0.0,-0.0,0,0.0,0.0
1,6,0.12,spawn,0.03649,0.03588,0.00668,0.03649,0.00168,-1.87,1.55,0.3396,0.005,0.344,1.73,0.0,0.0,0,0.0,-0.0,0,0.0,0.0
2,6,0.12,spawn,0.0365,0.03588,0.00669,0.0365,0.00168,-1.87,1.55,0.3396,0.005,0.344,1.73,0.0,0.0,0,0.0,-0.0,0,0.0,0.0
3,6,0.12,spawn,0.0365,0.03588,0.00669,0.03649,0.00168,-1.87,1.55,0.3396,0.005,0.344,1.73,0.0,0.0,0,0.0,-0.0,0,0.0,0.0
0,7,0.14,spawn,0.0328,0.0328,0.0001,0.0328,0.00192,-1.52,1.6,0.3381,0.0053,0.396,1.73,0.0,0.0,0,0.0,-0.0,0,0.0,0.0
1,7,0.14,spawn,0.03281,0.03281,0.0001,0.03281,0.00192,-1.52,1.6,0.3381,0.0053,0.396,1.73,0.0,0.0,0,0.0,-0.0,0,0.0,0.0
2,7,0.14,spawn,0.03282,0.03281,0.0001,0.03282,0.00192,-1.52,1.6,0.3381,0.0053,0.396,1.73,0.0,0.0,0,0.0,-0.0,0,0.0,0.0
3,7,0.14,spawn,0.03281,0.03281,0.0001,0.03281,0.00192,-1.52,1.6,0.3381,0.0053,0.396,1.73,0.0,0.0,0,0.0,-0.0,0,0.0,0.0
0,8,0.16,spawn,0.02891,0.02869,-0.00351,0.02891,0.00216,-1.24,1.65,0.3367,0.0059,0.434,1.73,0.0,0.0,0,0.0,-0.0,0,0.0,0.0
1,8,0.16,spawn,0.02892,0.02871,-0.00351,0.02892,0.00216,-1.24,1.65,0.3367,0.0059,0.434,1.73,0.0,0.0,0,0.0,-0.0,0,0.0,0.0
2,8,0.16,spawn,0.02893,0.02871,-0.00351,0.02893,0.00216,-1.24,1.65,0.3367,0.0059,0.434,1.73,0.0,0.0,0,0.0,-0.0,0,0.0,0.0
3,8,0.16,spawn,0.02893,0.02871,-0.00351,0.02893,0.00216,-1.24,1.65,0.3367,0.0059,0.434,1.73,0.0,0.0,0,0.0,-0.0,0,0.0,0.0
0,9,0.18,spawn,0.02663,0.02613,-0.00511,0.02663,0.0024,-1.54,1.78,0.3354,0.0065,0.489,1.73,0.0,0.0,0,0.0,-0.0,0,0.0,0.0
1,9,0.18,spawn,0.02665,0.02615,-0.00511,0.02665,0.0024,-1.54,1.78,0.3354,0.0065,0.489,1.73,0.0,0.0,0,0.0,-0.0,0,0.0,0.0
2,9,0.18,spawn,0.02665,0.02616,-0.00511,0.02665,0.0024,-1.55,1.78,0.3354,0.0065,0.489,1.73,0.0,0.0,0,0.0,-0.0,0,0.0,0.0
3,9,0.18,spawn,0.02665,0.02615,-0.00511,0.02665,0.0024,-1.54,1.78,0.3354,0.0065,0.489,1.73,0.0,0.0,0,0.0,-0.0,0,0.0,0.0
0,10,0.2,spawn,0.02396,0.02254,-0.00812,0.02396,0.00264,-1.91,1.82,0.3343,0.0072,0.53,1.73,0.0,0.0,0,0.0,-0.0,0,0.0,0.0
1,10,0.2,spawn,0.02398,0.02257,-0.00812,0.02398,0.00264,-1.91,1.82,0.3343,0.0072,0.53,1.73,0.0,0.0,0,0.0,-0.0,0,0.0,0.0
2,10,0.2,spawn,0.02398,0.02257,-0.00812,0.02398,0.00264,-1.91,1.82,0.3343,0.0072,0.529,1.73,0.0,0.0,0,0.0,-0.0,0,0.0,0.0
3,10,0.2,spawn,0.02398,0.02257,-0.00812,0.02398,0.00264,-1.91,1.82,0.3343,0.0072,0.53,1.73,0.0,0.0,0,0.0,-0.0,0,0.0,0.0
0,11,0.22,spawn,0.02092,0.01719,-0.01192,0.02092,0.00288,-1.52,1.96,0.3333,0.0077,0.586,1.73,0.0,0.0,0,0.0,-0.0,0,0.0,0.0
1,11,0.22,spawn,0.02093,0.01721,-0.01191,0.02093,0.00288,-1.52,1.96,0.3333,0.0077,0.586,1.73,0.0,0.0,0,0.0,-0.0,0,0.0,0.0
2,11,0.22,spawn,0.02094,0.01722,-0.01191,0.02094,0.00288,-1.52,1.96,0.3333,0.0077,0.586,1.73,0.0,0.0,0,0.0,-0.0,0,0.0,0.0
3,11,0.22,spawn,0.02093,0.01721,-0.01191,0.02093,0.00288,-1.52,1.96,0.3333,0.0077,0.586,1.73,0.0,0.0,0,0.0,-0.0,0,0.0,0.0
0,12,0.24,spawn,0.01884,0.01264,-0.01397,0.01884,0.00312,-1.23,1.97,0.3325,0.0084,0.618,1.73,0.0,0.0,0,0.0,-0.0,0,0.0,0.0
1,12,0.24,spawn,0.01884,0.01265,-0.01397,0.01884,0.00312,-1.23,1.97,0.3325,0.0084,0.618,1.73,0.0,0.0,0,0.0,-0.0,0,0.0,0.0
2,12,0.24,spawn,0.01884,0.01265,-0.01396,0.01884,0.00312,-1.24,1.97,0.3325,0.0084,0.618,1.73,0.0,0.0,0,0.0,-0.0,0,0.0,0.0
3,12,0.24,spawn,0.01885,0.01265,-0.01397,0.01885,0.00312,-1.24,1.97,0.3325,0.0084,0.618,1.73,0.0,0.0,0,0.0,-0.0,0,0.0,0.0
0,13,0.26,spawn,0.01967,0.01367,-0.01414,0.01967,0.00336,-0.89,2.11,0.332,0.0091,0.689,1.73,0.0,0.0,0,0.0,-0.0,0,0.0,0.0
1,13,0.26,spawn,0.01967,0.01368,-0.01414,0.01967,0.00336,-0.89,2.11,0.332,0.0091,0.689,1.73,0.0,0.0,0,0.0,-0.0,0,0.0,0.0
2,13,0.26,spawn,0.01967,0.01367,-0.01414,0.01967,0.00336,-0.9,2.11,0.332,0.0091,0.689,1.73,0.0,0.0,0,0.0,-0.0,0,0.0,0.0
3,13,0.26,spawn,0.01967,0.01368,-0.01414,0.01967,0.00336,-0.9,2.11,0.332,0.0091,0.689,1.73,0.0,0.0,0,0.0,-0.0,0,0.0,0.0
0,14,0.28,spawn,0.02044,0.01446,-0.01444,0.02044,0.0036,-0.94,2.02,0.3317,0.0099,0.73,1.73,0.0,0.0,0,0.0,-0.0,0,0.0,0.0
1,14,0.28,spawn,0.02044,0.01446,-0.01444,0.02044,0.0036,-0.94,2.02,0.3317,0.0099,0.73,1.73,0.0,0.0,0,0.0,-0.0,0,0.0,0.0
2,14,0.28,spawn,0.02045,0.01448,-0.01444,0.02045,0.0036,-0.94,2.02,0.3317,0.0099,0.729,1.73,0.0,0.0,0,0.0,-0.0,0,0.0,0.0
3,14,0.28,spawn,0.02043,0.01445,-0.01444,0.02043,0.0036,-0.94,2.02,0.3317,0.0099,0.729,1.73,0.0,0.0,0,0.0,-0.0,0,0.0,0.0
0,15,0.3,spawn,0.02378,0.01846,-0.01499,0.02378,0.00384,-0.51,1.04,0.3315,0.0107,0.79,1.73,0.0,0.0,0,0.0,-0.0,0,0.0,0.0
1,15,0.3,spawn,0.02377,0.01845,-0.01498,0.02377,0.00384,-0.51,1.04,0.3315,0.0107,0.79,1.73,0.0,0.0,0,0.0,-0.0,0,0.0,0.0
2,15,0.3,spawn,0.02376,0.01844,-0.01498,0.02376,0.00384,-0.51,1.04,0.3315,0.0107,0.789,1.73,0.0,0.0,0,0.0,-0.0,0,0.0,0.0
3,15,0.3,spawn,0.02376,0.01844,-0.01498,0.02376,0.00384,-0.52,1.04,0.3315,0.0107,0.79,1.73,0.0,0.0,0,0.0,-0.0,0,0.0,0.0
0,16,0.32,spawn,0.02544,0.02045,-0.01514,0.02544,0.00408,-0.31,1.28,0.3314,0.0114,0.832,1.73,0.0,0.0,0,0.0,-0.0,0,0.0,0.0
1,16,0.32,spawn,0.02544,0.02045,-0.01514,0.02544,0.00408,-0.32,1.28,0.3314,0.0114,0.832,1.73,0.0,0.0,0,0.0,-0.0,0,0.0,0.0
2,16,0.32,spawn,0.02545,0.02046,-0.01513,0.02545,0.00408,-0.32,1.27,0.3314,0.0114,0.832,1.73,0.0,0.0,0,0.0,-0.0,0,0.0,0.0
3,16,0.32,spawn,0.02542,0.02043,-0.01513,0.02542,0.00408,-0.32,1.28,0.3314,0.0114,0.832,1.73,0.0,0.0,0,0.0,-0.0,0,0.0,0.0
0,17,0.34,spawn,0.02739,0.02245,-0.01569,0.02739,0.00432,-0.03,2.04,0.3313,0.0122,0.889,1.73,0.0,0.0,0,0.0,-0.0,0,0.0,0.0
1,17,0.34,spawn,0.02739,0.02245,-0.01569,0.02739,0.00432,-0.03,2.04,0.3313,0.0122,0.889,1.73,0.0,0.0,0,0.0,-0.0,0,0.0,0.0
2,17,0.34,spawn,0.02738,0.02244,-0.01568,0.02738,0.00432,-0.03,2.04,0.3313,0.0122,0.889,1.73,0.0,0.0,0,0.0,-0.0,0,0.0,0.0
3,17,0.34,spawn,0.02738,0.02245,-0.01568,0.02738,0.00432,-0.03,2.04,0.3313,0.0122,0.889,1.73,0.0,0.0,0,0.0,-0.0,0,0.0,0.0
0,18,0.36,spawn,0.02654,0.02187,-0.01503,0.02654,0.00456,0.61,2.58,0.3312,0.013,0.942,1.73,0.0,0.0,0,0.0,-0.0,0,0.0,0.0
1,18,0.36,spawn,0.02655,0.02188,-0.01504,0.02655,0.00456,0.61,2.58,0.3312,0.013,0.942,1.73,0.0,0.0,0,0.0,-0.0,0,0.0,0.0
2,18,0.36,spawn,0.02656,0.0219,-0.01504,0.02656,0.00456,0.61,2.57,0.3312,0.013,0.942,1.73,0.0,0.0,0,0.0,-0.0,0,0.0,0.0
3,18,0.36,spawn,0.02655,0.02188,-0.01504,0.02655,0.00456,0.61,2.58,0.3312,0.013,0.942,1.73,0.0,0.0,0,0.0,-0.0,0,0.0,0.0
0,19,0.38,spawn,0.02482,0.02031,-0.01426,0.02482,0.0048,0.56,3.32,0.3312,0.0139,1.012,1.35,0.0,0.0,0,0.0,-0.0,0,0.0,0.0
1,19,0.38,spawn,0.02482,0.02031,-0.01426,0.02482,0.0048,0.56,3.32,0.3312,0.0139,1.012,1.35,0.0,0.0,0,0.0,-0.0,0,0.0,0.0
2,19,0.38,spawn,0.0248,0.02029,-0.01427,0.0248,0.0048,0.56,3.32,0.3312,0.0139,1.011,1.351,0.0,0.0,0,0.0,-0.0,0,0.0,0.0
3,19,0.38,spawn,0.02482,0.02032,-0.01425,0.02482,0.0048,0.57,3.31,0.3312,0.0139,1.011,1.35,0.0,0.0,0,0.0,-0.0,0,0.0,0.0
0,20,0.4,spawn,0.02221,0.01823,-0.01268,0.02221,0.00504,0.64,3.14,0.331,0.0149,1.08,1.05,0.0,0.0,0,0.0,-0.0,0,0.0,0.0
1,20,0.4,spawn,0.02221,0.01824,-0.01268,0.02221,0.00504,0.65,3.14,0.331,0.0149,1.08,1.049,0.0,0.0,0,0.0,-0.0,0,0.0,0.0
2,20,0.4,spawn,0.0222,0.01822,-0.01268,0.0222,0.00504,0.64,3.13,0.331,0.0149,1.08,1.066,0.0,0.0,0,0.0,-0.0,0,0.0,0.0
3,20,0.4,spawn,0.02222,0.01825,-0.01267,0.02222,0.00504,0.65,3.15,0.331,0.0149,1.08,1.04,0.0,0.0,0,0.0,-0.0,0,0.0,0.0
0,21,0.42,spawn,0.02001,0.01651,-0.01132,0.02001,0.00528,0.76,5.42,0.3307,0.0159,1.149,1.436,0.0,0.0,0,0.0,-0.0,0,0.0,0.0
1,21,0.42,spawn,0.02001,0.01651,-0.01132,0.02001,0.00528,0.76,5.42,0.3307,0.0159,1.15,1.436,0.0,0.0,0,0.0,-0.0,0,0.0,0.0
2,21,0.42,spawn,0.01994,0.01642,-0.01131,0.01994,0.00528,0.75,5.44,0.3307,0.0159,1.149,1.471,0.0,0.0,0,0.0,-0.0,0,0.0,0.0
3,21,0.42,spawn,0.02004,0.01654,-0.01131,0.02004,0.00528,0.76,5.42,0.3307,0.0159,1.15,1.43,0.0,0.0,0,0.0,-0.0,0,0.0,0.0
0,22,0.44,spawn,0.02109,0.01787,-0.0112,0.02109,0.00552,0.87,4.76,0.3303,0.0169,1.228,0.877,0.0,0.0,0,0.0,-0.0,0,0.0,0.0
1,22,0.44,spawn,0.0211,0.01788,-0.0112,0.0211,0.00552,0.87,4.76,0.3303,0.0169,1.228,0.879,0.0,0.0,0,0.0,-0.0,0,0.0,0.0
2,22,0.44,spawn,0.02104,0.01781,-0.0112,0.02104,0.00552,0.86,4.75,0.3303,0.0169,1.229,0.904,0.0,0.0,0,0.0,-0.0,0,0.0,0.0
3,22,0.44,spawn,0.02113,0.01792,-0.0112,0.02113,0.00552,0.88,4.75,0.3303,0.0169,1.228,0.879,0.0,0.0,0,0.0,-0.0,0,0.0,0.0
0,23,0.46,spawn,0.0218,0.01908,-0.01054,0.0218,0.00576,0.88,4.41,0.3298,0.0178,1.278,1.048,0.0,0.0,0,0.0,-0.0,0,0.0,0.0
1,23,0.46,spawn,0.0218,0.01908,-0.01054,0.0218,0.00576,0.88,4.41,0.3298,0.0178,1.278,1.048,0.0,0.0,0,0.0,-0.0,0,0.0,0.0
2,23,0.46,spawn,0.02167,0.01893,-0.01055,0.02167,0.00576,0.86,4.42,0.3299,0.0178,1.278,1.048,0.0,0.0,0,0.0,-0.0,0,0.0,0.0
3,23,0.46,spawn,0.02186,0.01915,-0.01053,0.02186,0.00576,0.89,4.41,0.3298,0.0178,1.278,1.048,0.0,0.0,0,0.0,-0.0,0,0.0,0.0
0,24,0.48,spawn,0.02336,0.02127,-0.00965,0.02336,0.006,0.64,4.65,0.3292,0.0187,1.333,0.717,0.0,0.0,0,0.0,-0.0,0,0.0,0.0
1,24,0.48,spawn,0.02336,0.02127,-0.00965,0.02336,0.006,0.64,4.65,0.3292,0.0187,1.333,0.717,0.0,0.0,0,0.0,-0.0,0,0.0,0.0
2,24,0.48,spawn,0.02334,0.02127,-0.00962,0.02334,0.006,0.63,4.65,0.3292,0.0187,1.333,0.731,0.0,0.0,0,0.0,-0.0,0,0.0,0.0
3,24,0.48,spawn,0.02336,0.02127,-0.00966,0.02336,0.006,0.64,4.65,0.3292,0.0187,1.333,0.711,0.0,0.0,0,0.0,-0.0,0,0.0,0.0
0,25,0.5,spawn,0.02375,0.02207,-0.00878,0.02375,0.00624,0.81,3.01,0.3284,0.0194,1.365,0.858,0.0,0.0,0,0.0,-0.0,0,0.0,0.0
1,25,0.5,spawn,0.02374,0.02206,-0.00877,0.02374,0.00624,0.81,3.01,0.3284,0.0194,1.365,0.857,0.0,0.0,0,0.0,-0.0,0,0.0,0.0
2,25,0.5,spawn,0.02366,0.02195,-0.00883,0.02366,0.00624,0.77,3.03,0.3284,0.0194,1.365,0.867,0.0,0.0,0,0.0,-0.0,0,0.0,0.0
3,25,0.5,spawn,0.02377,0.0221,-0.00875,0.02377,0.00624,0.83,3.01,0.3284,0.0195,1.366,0.848,0.0,0.0,0,0.0,-0.0,0,0.0,0.0
0,26,0.52,spawn,0.02552,0.02424,-0.00798,0.02552,0.00648,1.33,4.09,0.3276,0.0202,1.407,1.045,0.0,0.0,0,0.0,-0.0,0,0.0,0.0
1,26,0.52,spawn,0.02551,0.02423,-0.00798,0.02551,0.00648,1.33,4.09,0.3276,0.0202,1.407,1.043,0.0,0.0,0,0.0,-0.0,0,0.0,0.0
2,26,0.52,spawn,0.02544,0.02414,-0.00802,0.02544,0.00648,1.31,4.05,0.3276,0.0202,1.407,1.044,0.0,0.0,0,0.0,-0.0,0,0.0,0.0
3,26,0.52,spawn,0.02554,0.02426,-0.00796,0.02554,0.00648,1.33,4.11,0.3276,0.0202,1.407,1.041,0.0,0.0,0,0.0,-0.0,0,0.0,0.0
0,27,0.54,spawn,0.02459,0.02338,-0.00761,0.02459,0.00672,1.12,4.31,0.3269,0.0207,1.431,0.511,0.0,0.0,0,0.0,-0.0,0,0.0,0.0
1,27,0.54,spawn,0.02457,0.02337,-0.0076,0.02457,0.00672,1.12,4.31,0.3269,0.0208,1.431,0.514,0.0,0.0,0,0.0,-0.0,0,0.0,0.0
2,27,0.54,spawn,0.02437,0.02317,-0.00758,0.02437,0.00672,1.1,4.36,0.3269,0.0207,1.43,0.595,0.0,0.0,0,0.0,-0.0,0,0.0,0.0
3,27,0.54,spawn,0.02467,0.02347,-0.0076,0.02467,0.00672,1.14,4.3,0.3269,0.0208,1.432,0.482,0.0,0.0,0,0.0,-0.0,0,0.0,0.0
0,28,0.56,spawn,0.02656,0.02597,-0.00557,0.02656,0.00696,1.51,2.51,0.3262,0.0214,1.492,1.067,0.0,0.0,0,0.0,-0.0,0,0.0,0.0
1,28,0.56,spawn,0.02655,0.02596,-0.00556,0.02655,0.00696,1.51,2.5,0.3262,0.0214,1.492,1.069,0.0,0.0,0,0.0,-0.0,0,0.0,0.0
2,28,0.56,spawn,0.02643,0.02584,-0.00553,0.02643,0.00696,1.49,2.48,0.3262,0.0213,1.492,1.121,0.0,0.0,0,0.0,-0.0,0,0.0,0.0
3,28,0.56,spawn,0.02658,0.02599,-0.00556,0.02658,0.00696,1.52,2.52,0.3262,0.0214,1.492,1.047,0.0,0.0,0,0.0,-0.0,0,0.0,0.0
0,29,0.58,spawn,0.02411,0.02381,-0.00378,0.02411,0.0072,1.2,2.92,0.3256,0.0219,1.513,1.047,0.0,0.0,0,0.0,-0.0,0,0.0,0.0
1,29,0.58,spawn,0.0241,0.0238,-0.00378,0.0241,0.0072,1.19,2.92,0.3256,0.0219,1.514,1.047,0.0,0.0,0,0.0,-0.0,0,0.0,0.0
2,29,0.58,spawn,0.02401,0.0237,-0.00382,0.02401,0.0072,1.16,2.93,0.3256,0.0219,1.514,1.046,0.0,0.0,0,0.0,-0.0,0,0.0,0.0
3,29,0.58,spawn,0.02406,0.02377,-0.00377,0.02406,0.0072,1.2,2.92,0.3256,0.0219,1.512,1.047,0.0,0.0,0,0.0,-0.0,0,0.0,0.0
0,30,0.6,spawn,0.02515,0.02506,-0.00211,0.02515,0.00744,1.51,1.25,0.3249,0.0225,1.566,1.472,0.0,0.0,0,0.0,-0.0,0,0.0,0.0
1,30,0.6,spawn,0.02513,0.02504,-0.00211,0.02513,0.00744,1.51,1.24,0.3249,0.0225,1.566,1.475,0.0,0.0,0,0.0,-0.0,0,0.0,0.0
2,30,0.6,spawn,0.02498,0.02488,-0.00215,0.02498,0.00744,1.49,1.22,0.3249,0.0225,1.566,1.512,0.0,0.0,0,0.0,-0.0,0,0.0,0.0
3,30,0.6,spawn,0.02504,0.02495,-0.00208,0.02504,0.00744,1.5,1.25,0.3249,0.0225,1.565,1.458,0.0,0.0,0,0.0,-0.0,0,0.0,0.0
0,31,0.62,spawn,0.02496,0.02494,-0.00092,0.02496,0.00768,1.39,2.85,0.3241,0.023,1.58,1.466,0.0,0.0,0,0.0,-0.0,0,0.0,0.0
1,31,0.62,spawn,0.02491,0.0249,-0.00092,0.02491,0.00768,1.39,2.85,0.3241,0.023,1.581,1.471,0.0,0.0,0,0.0,-0.0,0,0.0,0.0
2,31,0.62,spawn,0.02462,0.0246,-0.00093,0.02462,0.00768,1.36,2.85,0.3241,0.023,1.581,1.523,0.0,0.0,0,0.0,-0.0,0,0.0,0.0
3,31,0.62,spawn,0.02486,0.02485,-0.00089,0.02486,0.00768,1.38,2.86,0.3241,0.023,1.58,1.455,0.0,0.0,0,0.0,-0.0,0,0.0,0.0
0,32,0.64,spawn,0.02879,0.02879,0.00017,0.02879,0.00792,1.72,1.11,0.3233,0.0235,1.611,1.653,0.0,0.0,0,0.0,-0.0,0,0.0,0.0
1,32,0.64,spawn,0.02874,0.02874,0.00018,0.02874,0.00792,1.72,1.11,0.3233,0.0235,1.611,1.653,0.0,0.0,0,0.0,-0.0,0,0.0,0.0
2,32,0.64,spawn,0.02837,0.02837,0.0002,0.02837,0.00792,1.67,1.15,0.3234,0.0235,1.612,1.647,0.0,0.0,0,0.0,-0.0,0,0.0,0.0
3,32,0.64,spawn,0.02871,0.02871,0.0002,0.02871,0.00792,1.71,1.11,0.3233,0.0235,1.61,1.652,0.0,0.0,0,0.0,-0.0,0,0.0,0.0
0,33,0.66,spawn,0.02629,0.02628,-0.00036,0.02629,0.00816,1.17,1.1,0.3228,0.0239,1.596,1.034,0.0,0.0,0,0.0,-0.0,0,0.0,0.0
1,33,0.66,spawn,0.02628,0.02628,-0.00034,0.02628,0.00816,1.17,1.1,0.3228,0.0239,1.596,1.033,0.0,0.0,0,0.0,-0.0,0,0.0,0.0
2,33,0.66,spawn,0.02623,0.02623,-0.00022,0.02623,0.00816,1.17,1.12,0.3228,0.0239,1.598,1.038,0.0,0.0,0,0.0,-0.0,0,0.0,0.0
3,33,0.66,spawn,0.02633,0.02633,-0.00029,0.02633,0.00816,1.18,1.11,0.3228,0.0239,1.595,1.04,0.0,0.0,0,0.0,-0.0,0,0.0,0.0
0,34,0.68,spawn,0.02636,0.02636,0.00034,0.02636,0.0084,1.57,0.2,0.3223,0.0243,1.616,1.578,0.0,0.0,0,0.0,-0.0,0,0.0,0.0
1,34,0.68,spawn,0.02643,0.02643,0.00035,0.02643,0.0084,1.58,0.2,0.3223,0.0243,1.617,1.561,0.0,0.0,0,0.0,-0.0,0,0.0,0.0
2,34,0.68,spawn,0.02687,0.02686,0.00043,0.02687,0.0084,1.61,0.2,0.3224,0.0243,1.618,1.443,0.0,0.0,0,0.0,-0.0,0,0.0,0.0
3,34,0.68,spawn,0.02661,0.0266,0.0004,0.02661,0.0084,1.59,0.2,0.3223,0.0243,1.615,1.52,0.0,0.0,0,0.0,-0.0,0,0.0,0.0
0,35,0.7,spawn,0.02626,0.02622,0.00141,0.02626,0.00864,1.37,1.25,0.3221,0.0248,1.629,0.925,0.0,0.0,0,0.0,-0.0,0,0.0,0.0
1,35,0.7,spawn,0.02638,0.02635,0.00141,0.02638,0.00864,1.39,1.25,0.3221,0.0248,1.629,0.921,0.0,0.0,0,0.0,-0.0,0,0.0,0.0
2,35,0.7,spawn,0.02722,0.02718,0.00143,0.02722,0.00864,1.46,1.19,0.3221,0.0248,1.629,0.9,0.0,0.0,0,0.0,-0.0,0,0.0,0.0
3,35,0.7,spawn,0.0267,0.02666,0.00145,0.0267,0.00864,1.42,1.22,0.3221,0.0248,1.628,0.914,0.0,0.0,0,0.0,-0.0,0,0.0,0.0
0,36,0.72,spawn,0.02757,0.02755,0.00116,0.02757,0.00888,1.16,0.01,0.3218,0.0252,1.651,1.064,0.0,0.0,0,0.0,-0.0,0,0.0,0.0
1,36,0.72,spawn,0.02757,0.02755,0.0011,0.02757,0.00888,1.15,0.03,0.3218,0.0252,1.65,1.062,0.0,0.0,0,0.0,-0.0,0,0.0,0.0
2,36,0.72,spawn,0.02754,0.02753,0.00075,0.02754,0.00888,1.09,0.12,0.3218,0.0252,1.649,1.049,0.0,0.0,0,0.0,-0.0,0,0.0,0.0
3,36,0.72,spawn,0.02753,0.02751,0.00099,0.02753,0.00888,1.12,0.06,0.3218,0.0252,1.648,1.061,0.0,0.0,0,0.0,-0.0,0,0.0,0.0
0,37,0.74,spawn,0.0285,0.02849,0.00065,0.0285,0.00912,1.26,0.46,0.3216,0.0256,1.66,0.663,0.0,0.0,0,0.0,-0.0,0,0.0,0.0
1,37,0.74,spawn,0.02855,0.02854,0.00069,0.02855,0.00912,1.29,0.45,0.3216,0.0256,1.66,0.68,0.0,0.0,0,0.0,-0.0,0,0.0,0.0
2,37,0.74,spawn,0.02812,0.02811,0.00074,0.02812,0.00912,1.35,0.38,0.3216,0.0255,1.659,0.816,0.0,0.0,0,0.0,-0.0,0,0.0,0.0
3,37,0.74,spawn,0.02872,0.02871,0.00082,0.02872,0.00912,1.36,0.42,0.3216,0.0256,1.659,0.733,0.0,0.0,0,0.0,-0.0,0,0.0,0.0
0,38,0.76,spawn,0.02794,0.02793,0.00037,0.02794,0.00936,1.2,0.67,0.3214,0.0259,1.666,0.281,0.0,0.0,0,0.0,-0.0,0,0.0,0.0
1,38,0.76,spawn,0.02784,0.02784,0.00036,0.02784,0.00936,1.19,0.69,0.3214,0.0259,1.666,0.328,0.0,0.0,0,0.0,-0.0,0,0.0,0.0
2,38,0.76,spawn,0.02736,0.02735,0.00073,0.02736,0.00936,1.19,0.86,0.3214,0.0259,1.665,0.244,0.0,0.0,0,0.0,-0.0,0,0.0,0.0
3,38,0.76,spawn,0.02756,0.02755,0.00035,0.02756,0.00936,1.13,0.77,0.3214,0.0259,1.663,0.47,0.0,0.0,0,0.0,-0.0,0,0.0,0.0
0,39,0.78,spawn,0.02874,0.02873,0.00086,0.02874,0.0096,1.23,1.52,0.3212,0.0263,1.697,0.613,0.0,0.0,0,0.0,-0.0,0,0.0,0.0
1,39,0.78,spawn,0.02884,0.02882,0.00088,0.02884,0.0096,1.25,1.49,0.3212,0.0263,1.698,0.602,0.0,0.0,0,0.0,-0.0,0,0.0,0.0
2,39,0.78,spawn,0.02892,0.02891,0.00085,0.02892,0.0096,1.18,1.4,0.3212,0.0263,1.704,0.665,0.0,0.0,0,0.0,-0.0,0,0.0,0.0
3,39,0.78,spawn,0.02862,0.0286,0.00081,0.02862,0.0096,1.22,1.38,0.3212,0.0263,1.7,0.635,0.0,0.0,0,0.0,-0.0,0,0.0,0.0
0,40,0.8,spawn,0.02535,0.02535,0.00023,0.02535,0.00984,0.47,2.2,0.3209,0.0267,1.701,0.911,0.0,0.0,0,0.0,-0.0,0,0.0,0.0
1,40,0.8,spawn,0.02522,0.02522,0.00018,0.02522,0.00984,0.44,2.23,0.3209,0.0267,1.7,0.971,0.0,0.0,0,0.0,-0.0,0,0.0,0.0
2,40,0.8,spawn,0.02522,0.02522,8e-05,0.02522,0.00984,0.45,2.19,0.3209,0.0267,1.697,0.942,0.0,0.0,0,0.0,-0.0,0,0.0,0.0
3,40,0.8,spawn,0.02488,0.02488,0.00033,0.02488,0.00984,0.44,2.36,0.3209,0.0267,1.695,0.942,0.0,0.0,0,0.0,-0.0,0,0.0,0.0
0,41,0.82,spawn,0.02543,0.02543,-1e-05,0.02543,0.01008,0.52,1.79,0.3207,0.027,1.743,1.177,0.0,0.0,0,0.0,-0.0,0,0.0,0.0
1,41,0.82,spawn,0.02507,0.02507,-6e-05,0.02507,0.01008,0.48,1.75,0.3207,0.027,1.741,1.26,0.0,0.0,0,0.0,-0.0,0,0.0,0.0
2,41,0.82,spawn,0.0248,0.0248,0.00011,0.0248,0.01008,0.56,1.7,0.3207,0.027,1.73,1.223,0.0,0.0,0,0.0,-0.0,0,0.0,0.0
3,41,0.82,spawn,0.02473,0.02473,0.00017,0.02473,0.01008,0.5,1.73,0.3207,0.027,1.73,1.151,0.0,0.0,0,0.0,-0.0,0,0.0,0.0
0,42,0.84,spawn,0.02358,0.02358,0.00024,0.02358,0.01032,0.19,2.95,0.3204,0.0274,1.748,1.048,0.0,0.0,0,0.0,-0.0,0,0.0,0.0
1,42,0.84,spawn,0.02302,0.02302,0.00029,0.02302,0.01032,0.13,3.03,0.3205,0.0274,1.746,1.048,0.0,0.0,0,0.0,-0.0,0,0.0,0.0
2,42,0.84,spawn,0.02335,0.02334,0.00062,0.02335,0.01032,0.16,3.13,0.3204,0.0274,1.742,0.877,0.0,0.0,0,0.0,-0.0,0,0.0,0.0
3,42,0.84,spawn,0.02365,0.02364,0.00053,0.02365,0.01032,0.19,3.01,0.3204,0.0274,1.74,0.835,0.0,0.0,0,0.0,-0.0,0,0.0,0.0
0,43,0.86,spawn,0.02566,0.02566,0.00026,0.02566,0.01056,0.13,2.16,0.3201,0.0277,1.782,0.786,0.0,0.0,0,0.0,-0.0,0,0.0,0.0
1,43,0.86,spawn,0.02509,0.02509,0.0003,0.02509,0.01056,0.05,2.19,0.3201,0.0277,1.783,0.855,0.0,0.0,0,0.0,-0.0,0,0.0,0.0
2,43,0.86,spawn,0.02607,0.02607,0.0005,0.02607,0.01056,0.12,2.12,0.3201,0.0277,1.778,0.807,0.0,0.0,0,0.0,-0.0,0,0.0,0.0
3,43,0.86,spawn,0.0263,0.0263,0.00042,0.0263,0.01056,0.15,2.1,0.3201,0.0277,1.775,0.756,0.0,0.0,0,0.0,-0.0,0,0.0,0.0
0,44,0.88,spawn,0.02345,0.02342,-0.00121,0.02345,0.0108,-0.62,2.58,0.3198,0.0279,1.78,0.873,0.0,0.0,0,0.0,-0.0,0,0.0,0.0
1,44,0.88,spawn,0.02338,0.02335,-0.00102,0.02338,0.0108,-0.61,2.62,0.3198,0.0279,1.781,0.925,0.0,0.0,0,0.0,-0.0,0,0.0,0.0
2,44,0.88,spawn,0.02344,0.0234,-0.00139,0.02344,0.0108,-0.61,2.44,0.3197,0.0279,1.771,1.024,0.0,0.0,0,0.0,-0.0,0,0.0,0.0
3,44,0.88,spawn,0.0235,0.02346,-0.00135,0.0235,0.0108,-0.59,2.42,0.3197,0.0279,1.768,1.025,0.0,0.0,0,0.0,-0.0,0,0.0,0.0
0,45,0.9,spawn,0.02402,0.024,-0.00093,0.02402,0.01104,-0.38,1.37,0.3194,0.0282,1.811,1.333,0.0,0.0,0,0.0,-0.0,0,0.0,0.0
1,45,0.9,spawn,0.02461,0.0246,-0.00075,0.02461,0.01104,-0.29,1.39,0.3194,0.0282,1.81,1.118,0.0,0.0,0,0.0,-0.0,0,0.0,0.0
2,45,0.9,spawn,0.02337,0.02334,-0.00102,0.02337,0.01104,-0.36,1.38,0.3194,0.0282,1.799,1.457,0.0,0.0,0,0.0,-0.0,0,0.0,0.0
3,45,0.9,spawn,0.0234,0.02338,-0.00097,0.0234,0.01104,-0.36,1.45,0.3194,0.0282,1.799,1.451,0.0,0.0,0,0.0,-0.0,0,0.0,0.0
0,46,0.92,spawn,0.02166,0.02165,-0.00067,0.02166,0.01128,-0.85,3.13,0.3192,0.0285,1.814,1.122,0.0,0.0,0,0.0,-0.0,0,0.0,0.0
1,46,0.92,spawn,0.02156,0.02152,-0.00117,0.02156,0.01128,-0.99,3.02,0.3191,0.0285,1.812,1.105,0.0,0.0,0,0.0,-0.0,0,0.0,0.0
2,46,0.92,spawn,0.02156,0.02156,-0.0003,0.02156,0.01128,-0.81,3.22,0.3191,0.0285,1.81,1.22,0.0,0.0,0,0.0,-0.0,0,0.0,0.0
3,46,0.92,spawn,0.02156,0.02156,-0.00026,0.02156,0.01128,-0.78,3.21,0.3191,0.0285,1.808,1.128,0.0,0.0,0,0.0,-0.0,0,0.0,0.0
0,47,0.94,spawn,0.02355,0.02354,-0.00049,0.02355,0.01152,-0.68,1.69,0.3188,0.0288,1.848,1.123,0.0,0.0,0,0.0,-0.0,0,0.0,0.0
1,47,0.94,spawn,0.02214,0.02212,-0.0009,0.02214,0.01152,-0.84,1.58,0.3189,0.0288,1.843,1.235,0.0,0.0,0,0.0,-0.0,0,0.0,0.0
2,47,0.94,spawn,0.0242,0.02419,-0.0004,0.0242,0.01152,-0.7,1.66,0.3188,0.0288,1.848,1.144,0.0,0.0,0,0.0,-0.0,0,0.0,0.0
3,47,0.94,spawn,0.02421,0.02421,-0.00041,0.02421,0.01152,-0.69,1.67,0.3188,0.0288,1.845,1.065,0.0,0.0,0,0.0,-0.0,0,0.0,0.0
0,48,0.96,spawn,0.022,0.02194,-0.00158,0.022,0.01176,-1.21,3.03,0.3186,0.029,1.849,1.059,0.0,0.0,0,0.0,-0.0,0,0.0,0.0
1,48,0.96,spawn,0.02167,0.02165,-0.00078,0.02167,0.01176,-1.07,3.2,0.3186,0.029,1.851,1.179,0.0,0.0,0,0.0,-0.0,0,0.0,0.0
2,48,0.96,spawn,0.02256,0.02249,-0.00174,0.02256,0.01176,-1.12,2.84,0.3185,0.029,1.842,1.048,0.0,0.0,0,0.0,-0.0,0,0.0,0.0
3,48,0.96,spawn,0.02254,0.02247,-0.0018,0.02254,0.01176,-1.15,2.88,0.3185,0.029,1.839,1.038,0.0,0.0,0,0.0,-0.0,0,0.0,0.0
0,49,0.98,stand,0.02365,0.02309,-0.00511,0.02365,0.012,-0.88,1.39,0.3183,0.0292,1.878,1.419,0.0,0.0,0,0.0,-0.0,0,0.0,0.0
1,49,0.98,stand,0.02385,0.02382,-0.00109,0.02385,0.012,-1.03,1.67,0.3184,0.0293,1.877,1.201,0.0,0.0,0,0.0,-0.0,0,0.0,0.0
2,49,0.98,stand,0.02397,0.02392,-0.00164,0.02397,0.012,-0.75,1.36,0.3183,0.0292,1.868,1.404,0.0,0.0,0,0.0,-0.0,0,0.0,0.0
3,49,0.98,stand,0.02384,0.02358,-0.00349,0.02384,0.012,-0.77,1.35,0.3183,0.0292,1.865,1.431,0.0,0.0,0,0.0,-0.0,0,0.0,0.0
0,50,1.0,stand,0.01892,0.01792,-0.00606,0.01892,0.012,-1.88,1.36,0.318,0.0294,1.862,1.73,0.0,0.0,0,0.0,-0.0,0,0.0,0.0
1,50,1.0,stand,0.01942,0.0192,-0.0029,0.01942,0.012,-1.85,0.85,0.318,0.0294,1.854,1.635,0.0,0.0,0,0.0,-0.0,0,0.0,0.0
2,50,1.0,stand,0.01904,0.01881,-0.00296,0.01904,0.012,-1.87,1.56,0.318,0.0294,1.855,1.73,0.0,0.0,0,0.0,-0.0,0,0.0,0.0
3,50,1.0,stand,0.01886,0.01832,-0.00451,0.01886,0.012,-1.87,1.56,0.318,0.0294,1.852,1.73,0.0,0.0,0,0.0,-0.0,0,0.0,0.0
0,51,1.02,stand,0.01737,0.0164,-0.00573,0.01737,0.012,-1.98,2.22,0.3174,0.0295,1.868,1.73,0.0,0.0,0,0.0,-0.0,0,0.0,0.0
1,51,1.02,stand,0.01764,0.01749,-0.00231,0.01764,0.012,-1.92,1.63,0.3174,0.0295,1.861,1.73,0.0,0.0,0,0.0,-0.0,0,0.0,0.0
2,51,1.02,stand,0.01731,0.01709,-0.00271,0.01731,0.012,-2.11,2.19,0.3174,0.0295,1.862,1.73,0.0,0.0,0,0.0,-0.0,0,0.0,0.0
3,51,1.02,stand,0.01736,0.01682,-0.00428,0.01736,0.012,-2.06,2.3,0.3174,0.0295,1.859,1.73,0.0,0.0,0,0.0,-0.0,0,0.0,0.0
0,52,1.04,stand,0.01325,0.01241,-0.00465,0.01325,0.012,-2.78,5.78,0.3166,0.0297,1.841,1.73,0.0,0.0,0,0.0,-0.0,0,0.0,0.0
1,52,1.04,stand,0.01345,0.01339,-0.00133,0.01345,0.012,-2.75,5.27,0.3166,0.0297,1.835,1.73,0.0,0.0,0,0.0,-0.0,0,0.0,0.0
2,52,1.04,stand,0.01318,0.01306,-0.00177,0.01318,0.012,-2.73,5.55,0.3166,0.0297,1.833,1.73,0.0,0.0,0,0.0,-0.0,0,0.0,0.0
3,52,1.04,stand,0.01331,0.01289,-0.00332,0.01331,0.012,-2.74,5.73,0.3166,0.0297,1.829,1.73,0.0,0.0,0,0.0,-0.0,0,0.0,0.0
0,53,1.06,stand,0.01494,0.01446,-0.00373,0.01494,0.012,-2.9,9.82,0.3157,0.0298,1.852,1.73,0.0,0.0,0,0.0,-0.0,0,0.0,0.0
1,53,1.06,stand,0.01487,0.01487,-9e-05,0.01487,0.012,-2.86,9.37,0.3157,0.0298,1.842,1.73,0.0,0.0,0,0.0,-0.0,0,0.0,0.0
2,53,1.06,stand,0.01475,0.01473,-0.00056,0.01475,0.012,-2.81,9.6,0.3157,0.0298,1.841,1.73,0.0,0.0,0,0.0,-0.0,0,0.0,0.0
3,53,1.06,stand,0.01485,0.01468,-0.00229,0.01485,0.012,-2.81,9.78,0.3157,0.0298,1.838,1.73,0.0,0.0,0,0.0,-0.0,0,0.0,0.0
0,54,1.08,stand,0.01524,0.015,-0.00271,0.01524,0.012,-3.12,14.05,0.3148,0.03,1.823,1.73,0.0,0.0,0,0.0,-0.0,0,0.0,0.0
1,54,1.08,stand,0.01543,0.01542,0.00052,0.01543,0.012,-3.09,13.56,0.3148,0.03,1.819,1.73,0.0,0.0,0,0.0,-0.0,0,0.0,0.0
2,54,1.08,stand,0.0151,0.0151,0.00036,0.0151,0.012,-2.99,13.79,0.3147,0.03,1.815,1.73,0.0,0.0,0,0.0,-0.0,0,0.0,0.0
3,54,1.08,stand,0.01506,0.01501,-0.00126,0.01506,0.012,-3.02,13.98,0.3147,0.03,1.811,1.73,0.0,0.0,0,0.0,-0.0,0,0.0,0.0
0,55,1.1,stand,0.01752,0.01739,-0.00214,0.01752,0.012,-3.07,18.05,0.314,0.0302,1.813,1.73,0.0,0.0,0,0.0,-0.0,0,0.0,0.0
1,55,1.1,stand,0.01735,0.01729,0.0015,0.01735,0.012,-3.06,17.55,0.314,0.0301,1.806,1.73,0.0,0.0,0,0.0,-0.0,0,0.0,0.0
2,55,1.1,stand,0.01752,0.01751,0.00066,0.01752,0.012,-3.19,17.81,0.314,0.0301,1.799,1.73,0.0,0.0,0,0.0,-0.0,0,0.0,0.0
3,55,1.1,stand,0.01749,0.01747,-0.00092,0.01749,0.012,-3.14,17.98,0.314,0.0301,1.797,1.73,0.0,0.0,0,0.0,-0.0,0,0.0,0.0
0,56,1.12,stand,0.02053,0.02042,-0.00212,0.02053,0.012,-3.74,22.08,0.3135,0.0303,1.784,1.73,0.0,0.0,0,0.0,-0.0,0,0.0,0.0
1,56,1.12,stand,0.02042,0.02034,0.00179,0.02042,0.012,-3.7,21.54,0.3134,0.0302,1.781,1.73,0.0,0.0,0,0.0,-0.0,0,0.0,0.0
2,56,1.12,stand,0.02046,0.0204,0.00167,0.02046,0.012,-3.46,21.79,0.3134,0.0303,1.781,1.73,0.0,0.0,0,0.0,-0.0,0,0.0,0.0
3,56,1.12,stand,0.02052,0.02051,-0.00034,0.02052,0.012,-3.56,21.98,0.3134,0.0303,1.775,1.73,0.0,0.0,0,0.0,-0.0,0,0.0,0.0
0,57,1.14,stand,0.02368,0.02367,-0.00068,0.02368,0.012,-3.78,26.05,0.3132,0.0305,1.764,1.73,0.0,0.0,0,0.0,-0.0,0,0.0,0.0
1,57,1.14,stand,0.02331,0.02305,0.00348,0.02331,0.012,-3.73,25.49,0.3131,0.0304,1.762,1.73,0.0,0.0,0,0.0,-0.0,0,0.0,0.0
2,57,1.14,stand,0.02294,0.02276,0.00291,0.02294,0.012,-3.77,25.83,0.3131,0.0305,1.75,1.73,0.0,0.0,0,0.0,-0.0,0,0.0,0.0
3,57,1.14,stand,0.02309,0.02306,0.00111,0.02309,0.012,-3.74,26.0,0.3131,0.0305,1.75,1.73,0.0,0.0,0,0.0,-0.0,0,0.0,0.0
0,58,1.16,stand,0.02596,0.02596,0.00035,0.02596,0.012,-4.07,30.12,0.3131,0.0307,1.737,1.73,0.0,0.0,0,0.0,-0.0,0,0.0,0.0
1,58,1.16,stand,0.02543,0.025,0.00464,0.02543,0.012,-3.91,29.53,0.3131,0.0306,1.737,1.73,0.0,0.0,0,0.0,-0.0,0,0.0,0.0
2,58,1.16,stand,0.02619,0.02587,0.00411,0.02619,0.012,-3.81,29.77,0.313,0.0307,1.743,1.73,0.0,0.0,0,0.0,-0.0,0,0.0,0.0
3,58,1.16,stand,0.02573,0.02564,0.00219,0.02573,0.012,-3.83,29.98,0.3131,0.0307,1.736,1.73,0.0,0.0,0,0.0,-0.0,0,0.0,0.0
0,59,1.18,stand,0.0278,0.02777,0.00115,0.0278,0.012,-4.15,34.14,0.3133,0.0309,1.718,1.73,0.0,0.0,0,0.0,-0.0,0,0.0,0.0
1,59,1.18,stand,0.02722,0.02661,0.00573,0.02722,0.012,-3.98,33.55,0.3132,0.0308,1.717,1.73,0.0,0.0,0,0.0,-0.0,0,0.0,0.0
2,59,1.18,stand,0.02689,0.0264,0.00512,0.02689,0.012,-4.09,33.91,0.3132,0.0309,1.701,1.73,0.0,0.0,0,0.0,-0.0,0,0.0,0.0
3,59,1.18,stand,0.02729,0.02715,0.00278,0.02729,0.012,-4.2,34.08,0.3132,0.0308,1.7,1.73,0.0,0.0,0,0.0,-0.0,0,0.0,0.0
0,60,1.2,stand,0.03059,0.03058,0.00105,0.03059,0.012,-4.71,38.15,0.3136,0.031,1.699,1.73,0.0,0.0,0,0.0,-0.0,0,0.0,0.0
1,60,1.2,stand,0.0297,0.02906,0.00616,0.0297,0.012,-4.4,37.56,0.3136,0.0309,1.695,1.73,0.0,0.0,0,0.0,-0.0,0,0.0,0.0
2,60,1.2,stand,0.03031,0.02972,0.00595,0.03031,0.012,-4.26,37.81,0.3136,0.031,1.698,1.73,0.0,0.0,0,0.0,-0.0,0,0.0,0.0
3,60,1.2,stand,0.03031,0.03011,0.00349,0.03031,0.012,-4.37,38.01,0.3136,0.031,1.695,1.73,0.0,0.0,0,0.0,-0.0,0,0.0,0.0
0,61,1.22,stand,0.03287,0.03282,0.00196,0.03287,0.012,-5.06,42.19,0.3141,0.0311,1.678,1.73,0.0,0.0,0,0.0,-0.0,0,0.0,0.0
1,61,1.22,stand,0.03174,0.03084,0.0075,0.03174,0.012,-4.7,41.61,0.3141,0.031,1.672,1.73,0.0,0.0,0,0.0,-0.0,0,0.0,0.0
2,61,1.22,stand,0.03269,0.03213,0.00605,0.03269,0.012,-5.08,41.95,0.3141,0.0311,1.654,1.73,0.0,0.0,0,0.0,-0.0,0,0.0,0.0
3,61,1.22,stand,0.03251,0.03228,0.00386,0.03251,0.012,-5.18,42.12,0.3141,0.0311,1.659,1.73,0.0,0.0,0,0.0,-0.0,0,0.0,0.0
0,62,1.24,stand,0.03642,0.03635,0.00227,0.03642,0.012,-5.76,46.14,0.3147,0.0311,1.669,1.73,0.0,0.0,0,0.0,-0.0,0,0.0,0.0
1,62,1.24,stand,0.03515,0.03418,0.00822,0.03515,0.012,-5.39,45.58,0.3147,0.0311,1.659,1.73,0.0,0.0,0,0.0,-0.0,0,0.0,0.0
2,62,1.24,stand,0.03698,0.03621,0.00748,0.03698,0.012,-5.29,45.92,0.3147,0.0312,1.648,1.73,0.0,0.0,0,0.0,-0.0,0,0.0,0.0
3,62,1.24,stand,0.03709,0.0368,0.00463,0.03709,0.012,-5.51,46.03,0.3147,0.0312,1.663,1.73,0.0,0.0,0,0.0,-0.0,0,0.0,0.0
0,63,1.26,stand,0.03926,0.0392,0.00221,0.03926,0.012,-6.5,50.09,0.3153,0.0311,1.657,1.73,0.0,0.0,0,0.0,-0.0,0,0.0,0.0
1,63,1.26,stand,0.03794,0.03691,0.00877,0.03794,0.012,-6.04,49.56,0.3153,0.0311,1.644,1.73,0.0,0.0,0,0.0,-0.0,0,0.0,0.0
2,63,1.26,stand,0.03899,0.03806,0.00848,0.03899,0.012,-6.12,49.99,0.3153,0.0312,1.62,1.73,0.0,0.0,0,0.0,-0.0,0,0.0,0.0
3,63,1.26,stand,0.03862,0.0383,0.00502,0.03862,0.012,-6.37,50.09,0.3153,0.0312,1.633,1.73,0.0,0.0,0,0.0,-0.0,0,0.0,0.0
0,64,1.28,stand,0.04144,0.04138,0.00233,0.04144,0.012,-6.88,53.97,0.3158,0.031,1.656,1.73,0.0,0.0,0,0.0,-0.0,0,0.0,0.0
1,64,1.28,stand,0.03988,0.0387,0.00963,0.03988,0.012,-6.42,53.47,0.3159,0.031,1.637,1.73,0.0,0.0,0,0.0,-0.0,0,0.0,0.0
2,64,1.28,stand,0.04119,0.0402,0.00897,0.04119,0.012,-6.53,53.84,0.3159,0.031,1.617,1.73,0.0,0.0,0,0.0,-0.0,0,0.0,0.0
3,64,1.28,stand,0.04109,0.04076,0.00518,0.04109,0.012,-6.76,53.89,0.3158,0.031,1.642,1.73,0.0,0.0,0,0.0,-0.0,0,0.0,0.0
0,65,1.3,stand,0.04226,0.0422,0.00234,0.04226,0.012,-7.45,57.84,0.3164,0.0308,1.641,1.73,0.0,0.0,0,0.0,-0.0,0,0.0,0.0
1,65,1.3,stand,0.04132,0.04024,0.00939,0.04132,0.012,-7.11,57.33,0.3165,0.0308,1.622,1.73,0.0,0.0,0,0.0,-0.0,0,0.0,0.0
2,65,1.3,stand,0.04241,0.04164,0.00807,0.04241,0.012,-7.3,57.7,0.3164,0.0307,1.587,1.73,0.0,0.0,0,0.0,-0.0,0,0.0,0.0
3,65,1.3,stand,0.0417,0.04138,0.00508,0.0417,0.012,-7.42,57.76,0.3164,0.0308,1.624,1.73,0.0,0.0,0,0.0,-0.0,0,0.0,0.0
0,66,1.32,stand,0.04367,0.0436,0.00256,0.04367,0.012,-7.58,61.58,0.3169,0.0305,1.648,1.73,0.0,0.0,0,0.0,-0.0,0,0.0,0.0
1,66,1.32,stand,0.04311,0.0419,0.01013,0.04311,0.012,-7.23,61.1,0.317,0.0305,1.627,1.73,0.0,0.0,0,0.0,-0.0,0,0.0,0.0
2,66,1.32,stand,0.04434,0.0434,0.00907,0.04434,0.012,-7.23,61.51,0.317,0.0304,1.585,1.73,0.0,0.0,0,0.0,-0.0,0,0.0,0.0
3,66,1.32,stand,0.04314,0.04277,0.00567,0.04314,0.012,-7.49,61.5,0.3169,0.0305,1.631,1.73,0.0,0.0,0,0.0,-0.0,0,0.0,0.0
0,67,1.34,stand,0.0431,0.04303,0.00241,0.0431,0.012,-8.03,65.32,0.3174,0.0301,1.632,1.73,0.0,0.0,0,0.0,-0.0,0,0.0,0.0
1,67,1.34,stand,0.04193,0.04058,0.01056,0.04193,0.012,-7.46,64.94,0.3176,0.0302,1.608,1.73,0.0,0.0,0,0.0,-0.0,0,0.0,0.0
2,67,1.34,stand,0.04364,0.0425,0.0099,0.04364,0.012,-7.58,65.29,0.3176,0.0301,1.57,1.73,0.0,0.0,0,0.0,-0.0,0,0.0,0.0
3,67,1.34,stand,0.04274,0.0423,0.00607,0.04274,0.012,-7.79,65.26,0.3175,0.0302,1.624,1.73,0.0,0.0,0,0.0,-0.0,0,0.0,0.0
0,68,1.36,stand,0.04393,0.04387,0.00238,0.04393,0.012,-7.94,68.94,0.318,0.0297,1.649,1.73,0.0,0.0,0,0.0,-0.0,0,0.0,0.0
1,68,1.36,stand,0.04226,0.04083,0.0109,0.04226,0.012,-7.46,68.58,0.3181,0.0298,1.62,1.73,0.0,0.0,0,0.0,-0.0,0,0.0,0.0
2,68,1.36,stand,0.04363,0.04241,0.01027,0.04363,0.012,-7.67,68.89,0.3182,0.0297,1.582,1.73,0.0,0.0,0,0.0,-0.0,0,0.0,0.0
3,68,1.36,stand,0.04226,0.04179,0.00629,0.04226,0.012,-7.75,68.93,0.318,0.0298,1.631,1.73,0.0,0.0,0,0.0,-0.0,0,0.0,0.0
0,69,1.38,stand,0.04142,0.04129,0.00331,0.04142,0.012,-7.91,72.61,0.3185,0.0293,1.638,1.73,0.0,0.0,0,0.0,-0.0,0,0.0,0.0
1,69,1.38,stand,0.04089,0.03956,0.01034,0.04089,0.012,-7.66,72.19,0.3186,0.0293,1.608,1.73,0.0,0.0,0,0.0,-0.0,0,0.0,0.0
2,69,1.38,stand,0.04169,0.04055,0.0097,0.04169,0.012,-7.82,72.46,0.3187,0.0291,1.572,1.73,0.0,0.0,0,0.0,-0.0,0,0.0,0.0
3,69,1.38,stand,0.04106,0.04063,0.00587,0.04106,0.012,-7.83,72.52,0.3185,0.0293,1.629,1.73,0.0,0.0,0,0.0,-0.0,0,0.0,0.0
0,70,1.4,stand,0.04094,0.04085,0.0028,0.04094,0.012,-7.85,75.95,0.3189,0.0288,1.656,1.73,0.0,0.0,0,0.0,-0.0,0,0.0,0.0
1,70,1.4,stand,0.04071,0.03926,0.01076,0.04071,0.012,-7.4,75.69,0.3191,0.0288,1.62,1.73,0.0,0.0,0,0.0,-0.0,0,0.0,0.0
2,70,1.4,stand,0.04037,0.0391,0.01006,0.04037,0.012,-7.5,75.95,0.3192,0.0286,1.581,1.73,0.0,0.0,0,0.0,-0.0,0,0.0,0.0
3,70,1.4,stand,0.04002,0.03954,0.00623,0.04002,0.012,-7.57,76.02,0.319,0.0289,1.636,1.73,0.0,0.0,0,0.0,-0.0,0,0.0,0.0
0,71,1.42,stand,0.03873,0.03865,0.00252,0.03873,0.012,-7.63,79.16,0.3194,0.0283,1.655,1.73,0.0,0.0,0,0.0,-0.0,0,0.0,0.0
1,71,1.42,stand,0.03809,0.03643,0.01112,0.03809,0.012,-7.15,79.06,0.3196,0.0284,1.619,1.73,0.0,0.0,0,0.0,-0.0,0,0.0,0.0
2,71,1.42,stand,0.03868,0.03731,0.01018,0.03868,0.012,-7.3,79.17,0.3197,0.0281,1.588,1.73,0.0,0.0,0,0.0,-0.0,0,0.0,0.0
3,71,1.42,stand,0.03825,0.03772,0.00636,0.03825,0.012,-7.34,79.26,0.3194,0.0284,1.645,1.73,0.0,0.0,0,0.0,-0.0,0,0.0,0.0
0,72,1.44,stand,0.03669,0.03658,0.00275,0.03669,0.012,-7.07,81.94,0.3197,0.0278,1.667,1.73,0.0,0.0,0,0.0,-0.0,0,0.0,0.0
1,72,1.44,stand,0.0367,0.03522,0.01033,0.0367,0.012,-6.96,81.69,0.32,0.0278,1.634,1.73,0.0,0.0,0,0.0,-0.0,0,0.0,0.0
2,72,1.44,stand,0.0367,0.03543,0.00958,0.0367,0.012,-7.03,81.85,0.3201,0.0275,1.597,1.73,0.0,0.0,0,0.0,-0.0,0,0.0,0.0
3,72,1.44,stand,0.03635,0.03592,0.00557,0.03635,0.012,-7.11,81.85,0.3198,0.0278,1.656,1.73,0.0,0.0,0,0.0,-0.0,0,0.0,0.0
0,73,1.46,stand,0.0347,0.03464,0.00205,0.0347,0.012,-6.73,83.27,0.3201,0.0272,1.685,1.73,0.0,0.0,0,0.0,-0.0,0,0.0,0.0
1,73,1.46,stand,0.03447,0.03307,0.00971,0.03447,0.012,-6.43,83.26,0.3203,0.0272,1.645,1.73,0.0,0.0,0,0.0,-0.0,0,0.0,0.0
2,73,1.46,stand,0.03489,0.03359,0.00944,0.03489,0.012,-6.36,83.43,0.3204,0.0269,1.616,1.73,0.0,0.0,0,0.0,-0.0,0,0.0,0.0
3,73,1.46,stand,0.03464,0.03421,0.00546,0.03464,0.012,-6.46,83.47,0.3201,0.0273,1.675,1.73,0.0,0.0,0,0.0,-0.0,0,0.0,0.0
0,74,1.48,stand,0.03302,0.03297,0.00168,0.03302,0.012,-6.24,83.64,0.3203,0.0266,1.705,1.73,0.0,0.0,0,0.0,-0.0,0,0.0,0.0
1,74,1.48,stand,0.03269,0.03134,0.00928,0.03269,0.012,-6.06,83.87,0.3206,0.0266,1.661,1.73,0.0,0.0,0,0.0,-0.0,0,0.0,0.0
2,74,1.48,stand,0.03264,0.0316,0.00816,0.03264,0.012,-6.36,83.63,0.3207,0.0263,1.626,1.73,0.0,0.0,0,0.0,-0.0,0,0.0,0.0
3,74,1.48,stand,0.03244,0.03211,0.00455,0.03244,0.012,-6.32,83.65,0.3204,0.0267,1.687,1.73,0.0,0.0,0,0.0,-0.0,0,0.0,0.0
0,75,1.5,stand,0.03126,0.03124,0.0011,0.03126,0.012,-6.02,83.74,0.3205,0.026,1.726,1.73,0.0,0.0,0,0.0,-0.0,0,0.0,0.0
1,75,1.5,stand,0.03177,0.03059,0.00855,0.03177,0.012,-6.03,83.97,0.3208,0.0259,1.687,1.73,0.0,0.0,0,0.0,-0.0,0,0.0,0.0
2,75,1.5,stand,0.03241,0.03146,0.00777,0.03241,0.012,-6.08,83.91,0.321,0.0257,1.66,1.73,0.0,0.0,0,0.0,-0.0,0,0.0,0.0
3,75,1.5,stand,0.03194,0.03169,0.00398,0.03194,0.012,-6.0,83.92,0.3207,0.026,1.719,1.73,0.0,0.0,0,0.0,-0.0,0,0.0,0.0
0,76,1.52,stand,0.03023,0.03023,0.00011,0.03023,0.012,-6.1,83.46,0.3207,0.0253,1.755,1.73,0.0,0.0,0,0.0,-0.0,0,0.0,0.0
1,76,1.52,stand,0.03049,0.02953,0.0076,0.03049,0.012,-6.1,83.81,0.321,0.0253,1.71,1.73,0.0,0.0,0,0.0,-0.0,0,0.0,0.0
2,76,1.52,stand,0.02997,0.02903,0.00745,0.02997,0.012,-6.12,83.7,0.3211,0.0251,1.675,1.73,0.0,0.0,0,0.0,-0.0,0,0.0,0.0
3,76,1.52,stand,0.02974,0.02956,0.00326,0.02974,0.012,-6.15,83.49,0.3208,0.0254,1.734,1.73,0.0,0.0,0,0.0,-0.0,0,0.0,0.0
0,77,1.54,stand,0.02914,0.02914,-5e-05,0.02914,0.012,-5.79,83.31,0.3207,0.0247,1.789,1.519,0.0,0.0,0,0.0,-0.0,0,0.0,0.0
1,77,1.54,stand,0.02959,0.02872,0.00713,0.02959,0.012,-5.76,83.97,0.321,0.0246,1.747,1.133,0.0,0.0,0,0.0,-0.0,0,0.0,0.0
2,77,1.54,stand,0.02982,0.02904,0.00676,0.02982,0.012,-5.85,83.95,0.3211,0.0244,1.722,0.918,0.0,0.0,0,0.0,-0.0,0,0.0,0.0
3,77,1.54,stand,0.02967,0.02955,0.00266,0.02967,0.012,-5.83,83.64,0.3208,0.0248,1.779,1.068,0.0,0.0,0,0.0,-0.0,0,0.0,0.0
0,78,1.56,stand,0.02764,0.02762,-0.00104,0.02764,0.012,-5.68,83.46,0.3206,0.024,1.827,0.48,0.0,0.0,0,0.0,-0.0,0,0.0,0.0
1,78,1.56,stand,0.02801,0.02733,0.00613,0.02801,0.012,-5.58,84.19,0.3208,0.024,1.784,0.486,0.0,0.0,0,0.0,-0.0,0,0.0,0.0
2,78,1.56,stand,0.02759,0.02714,0.00497,0.02759,0.012,-5.8,83.92,0.321,0.0237,1.752,0.626,0.0,0.0,0,0.0,-0.0,0,0.0,0.0
3,78,1.56,stand,0.0275,0.02744,0.00182,0.0275,0.012,-5.68,83.61,0.3207,0.0241,1.809,0.495,0.0,0.0,0,0.0,-0.0,0,0.0,0.0
0,79,1.58,stand,0.02721,0.02712,-0.00216,0.02721,0.012,-5.15,84.57,0.3204,0.0234,1.878,1.018,0.0,0.0,0,0.0,-0.0,0,0.0,0.0
1,79,1.58,stand,0.02763,0.02716,0.00505,0.02763,0.012,-5.12,84.88,0.3206,0.0233,1.834,0.835,0.0,0.0,0,0.0,-0.0,0,0.0,0.0
2,79,1.58,stand,0.02753,0.02722,0.00412,0.02753,0.012,-5.16,84.84,0.3207,0.023,1.806,1.382,0.0,0.0,0,0.0,-0.0,0,0.0,0.0
3,79,1.58,stand,0.02752,0.02751,0.00067,0.02752,0.012,-5.18,84.76,0.3205,0.0234,1.864,1.284,0.0,0.0,0,0.0,-0.0,0,0.0,0.0
0,80,1.6,stand,0.0261,0.02593,-0.00294,0.0261,0.012,-4.72,85.28,0.32,0.0227,1.922,0.651,0.0,0.0,0,0.0,-0.0,0,0.0,0.0
1,80,1.6,stand,0.02639,0.0262,0.00311,0.02639,0.012,-4.87,84.8,0.3202,0.0226,1.88,0.723,0.0,0.0,0,0.0,-0.0,0,0.0,0.0
2,80,1.6,stand,0.02579,0.02557,0.00339,0.02579,0.012,-4.84,85.11,0.3203,0.0224,1.849,0.779,0.0,0.0,0,0.0,-0.0,0,0.0,0.0
3,80,1.6,stand,0.02589,0.02589,-0.00068,0.02589,0.012,-4.87,85.11,0.3201,0.0227,1.904,0.563,0.0,0.0,0,0.0,-0.0,0,0.0,0.0
0,81,1.62,stand,0.02791,0.02759,-0.00424,0.02791,0.012,-4.15,84.84,0.3195,0.0221,1.987,1.33,0.0,0.0,0,0.0,-0.0,0,0.0,0.0
1,81,1.62,stand,0.02745,0.02735,0.00229,0.02745,0.012,-4.08,83.73,0.3197,0.022,1.941,1.481,0.0,0.0,0,0.0,-0.0,0,0.0,0.0
2,81,1.62,stand,0.02755,0.02748,0.00194,0.02755,0.012,-4.39,83.97,0.3198,0.0217,1.92,1.73,0.0,0.0,0,0.0,-0.0,0,0.0,0.0
3,81,1.62,stand,0.02781,0.02776,-0.00166,0.02781,0.012,-4.12,84.34,0.3196,0.0221,1.972,1.644,0.0,0.0,0,0.0,-0.0,0,0.0,0.0
0,82,1.64,stand,0.02715,0.02643,-0.00623,0.02715,0.012,-4.11,84.75,0.3189,0.0214,2.038,0.666,0.0,0.0,0,0.0,-0.0,0,0.0,0.0
1,82,1.64,stand,0.02686,0.02685,0.00071,0.02686,0.012,-4.02,84.36,0.3192,0.0214,1.995,0.983,0.0,0.0,0,0.0,-0.0,0,0.0,0.0
2,82,1.64,stand,0.02709,0.02709,-0.00029,0.02709,0.012,-4.09,84.02,0.3192,0.0211,1.969,0.624,0.0,0.0,0,0.0,-0.0,0,0.0,0.0
3,82,1.64,stand,0.02656,0.02634,-0.0034,0.02656,0.012,-4.11,84.72,0.319,0.0215,2.02,1.005,0.0,0.0,0,0.0,-0.0,0,0.0,0.0
0,83,1.66,stand,0.02911,0.02833,-0.0067,0.02911,0.012,-3.34,85.89,0.3183,0.0209,2.111,0.759,0.0,0.0,0,0.0,-0.0,0,0.0,0.0
1,83,1.66,stand,0.02948,0.02948,-2e-05,0.02948,0.012,-3.48,85.25,0.3185,0.0208,2.071,0.542,0.0,0.0,0,0.0,-0.0,0,0.0,0.0
2,83,1.66,stand,0.02993,0.02993,-0.00051,0.02993,0.012,-3.25,85.07,0.3186,0.0205,2.043,0.662,0.0,0.0,0,0.0,-0.0,0,0.0,0.0
3,83,1.66,stand,0.02938,0.02909,-0.00409,0.02938,0.012,-3.4,85.5,0.3184,0.0209,2.1,0.807,0.0,0.0,0,0.0,-0.0,0,0.0,0.0
0,84,1.68,stand,0.02734,0.02642,-0.00702,0.02734,0.012,-3.32,86.66,0.3176,0.0204,2.157,1.52,0.0,0.0,0,0.0,-0.0,0,0.0,0.0
1,84,1.68,stand,0.02735,0.02728,-0.00197,0.02735,0.012,-3.49,86.22,0.3178,0.0202,2.115,1.157,0.0,0.0,0,0.0,-0.0,0,0.0,0.0
2,84,1.68,stand,0.02722,0.02712,-0.00225,0.02722,0.012,-3.56,86.31,0.318,0.02,2.091,1.73,0.0,0.0,0,0.0,-0.0,0,0.0,0.0
3,84,1.68,stand,0.02724,0.02676,-0.00506,0.02724,0.012,-3.42,86.56,0.3177,0.0204,2.142,1.669,0.0,0.0,0,0.0,-0.0,0,0.0,0.0
0,85,1.7,stand,0.03036,0.02918,-0.0084,0.03036,0.012,-2.96,87.03,0.317,0.0199,2.247,1.043,0.0,0.0,0,0.0,-0.0,0,0.0,0.0
1,85,1.7,stand,0.02958,0.02948,-0.00251,0.02958,0.012,-2.93,86.92,0.3172,0.0197,2.206,1.046,0.0,0.0,0,0.0,-0.0,0,0.0,0.0
2,85,1.7,stand,0.02903,0.0289,-0.00276,0.02903,0.012,-3.16,86.79,0.3173,0.0195,2.183,1.048,0.0,0.0,0,0.0,-0.0,0,0.0,0.0
3,85,1.7,stand,0.02944,0.02885,-0.00586,0.02944,0.012,-2.97,87.02,0.3171,0.0199,2.225,1.042,0.0,0.0,0,0.0,-0.0,0,0.0,0.0
0,86,1.72,stand,0.02918,0.02756,-0.00959,0.02918,0.012,-2.99,86.84,0.3163,0.0194,2.297,0.959,0.0,0.0,0,0.0,-0.0,0,0.0,0.0
1,86,1.72,stand,0.02879,0.02866,-0.00264,0.02879,0.012,-2.82,86.92,0.3166,0.0193,2.258,1.295,0.0,0.0,0,0.0,-0.0,0,0.0,0.0
2,86,1.72,stand,0.02804,0.02789,-0.00294,0.02804,0.012,-2.92,86.77,0.3167,0.019,2.235,1.109,0.0,0.0,0,0.0,-0.0,0,0.0,0.0
3,86,1.72,stand,0.02909,0.02835,-0.0065,0.02909,0.012,-2.9,86.9,0.3165,0.0194,2.281,1.019,0.0,0.0,0,0.0,-0.0,0,0.0,0.0
0,87,1.74,stand,0.03132,0.0296,-0.01024,0.03132,0.012,-2.53,87.43,0.3157,0.0189,2.381,1.045,0.0,0.0,0,0.0,-0.0,0,0.0,0.0
1,87,1.74,stand,0.03115,0.03096,-0.00345,0.03115,0.012,-2.79,87.2,0.316,0.0187,2.342,1.065,0.0,0.0,0,0.0,-0.0,0,0.0,0.0
2,87,1.74,stand,0.03068,0.03045,-0.00374,0.03068,0.012,-2.82,87.16,0.3161,0.0185,2.32,0.934,0.0,0.0,0,0.0,-0.0,0,0.0,0.0
3,87,1.74,stand,0.03149,0.03065,-0.00723,0.03149,0.012,-2.6,87.4,0.3158,0.0189,2.362,0.793,0.0,0.0,0,0.0,-0.0,0,0.0,0.0
0,88,1.76,stand,0.03041,0.02876,-0.00987,0.03041,0.012,-2.45,86.88,0.3151,0.0184,2.432,1.032,0.0,0.0,0,0.0,-0.0,0,0.0,0.0
1,88,1.76,stand,0.03058,0.03023,-0.0046,0.03058,0.012,-2.7,87.29,0.3154,0.0182,2.395,0.705,0.0,0.0,0,0.0,-0.0,0,0.0,0.0
2,88,1.76,stand,0.0308,0.03042,-0.00482,0.0308,0.012,-2.79,87.18,0.3155,0.0179,2.375,0.692,0.0,0.0,0,0.0,-0.0,0,0.0,0.0
3,88,1.76,stand,0.03087,0.02986,-0.00783,0.03087,0.012,-2.49,87.34,0.3153,0.0184,2.415,0.68,0.0,0.0,0,0.0,-0.0,0,0.0,0.0
0,89,1.78,stand,0.0327,0.03095,-0.01055,0.0327,0.012,-2.22,87.49,0.3145,0.018,2.516,0.981,0.0,0.0,0,0.0,-0.0,0,0.0,0.0
1,89,1.78,stand,0.03254,0.03225,-0.00429,0.03254,0.012,-2.11,87.87,0.3149,0.0177,2.474,0.735,0.0,0.0,0,0.0,-0.0,0,0.0,0.0
2,89,1.78,stand,0.03304,0.03271,-0.00472,0.03304,0.012,-2.27,87.73,0.315,0.0175,2.452,0.713,0.0,0.0,0,0.0,-0.0,0,0.0,0.0
3,89,1.78,stand,0.03298,0.03202,-0.00787,0.03298,0.012,-2.06,87.72,0.3147,0.018,2.497,0.757,0.0,0.0,0,0.0,-0.0,0,0.0,0.0
0,90,1.8,stand,0.03187,0.02992,-0.01099,0.03187,0.012,-2.03,87.33,0.3139,0.0175,2.566,0.865,0.0,0.0,0,0.0,-0.0,0,0.0,0.0
1,90,1.8,stand,0.03181,0.03152,-0.00426,0.03181,0.012,-1.96,87.16,0.3143,0.0173,2.529,0.946,0.0,0.0,0,0.0,-0.0,0,0.0,0.0
2,90,1.8,stand,0.03215,0.03179,-0.00477,0.03215,0.012,-2.01,87.68,0.3144,0.017,2.507,0.666,0.0,0.0,0,0.0,-0.0,0,0.0,0.0
3,90,1.8,stand,0.03188,0.03085,-0.00804,0.03188,0.012,-1.94,87.45,0.3141,0.0175,2.548,0.792,0.0,0.0,0,0.0,-0.0,0,0.0,0.0
0,91,1.82,stand,0.03418,0.03229,-0.0112,0.03418,0.012,-1.53,87.98,0.3134,0.0171,2.65,0.952,0.0,0.0,0,0.0,-0.0,0,0.0,0.0
1,91,1.82,stand,0.03425,0.03396,-0.00447,0.03425,0.012,-1.75,87.69,0.3137,0.0169,2.616,0.894,0.0,0.0,0,0.0,-0.0,0,0.0,0.0
2,91,1.82,stand,0.03409,0.03377,-0.00469,0.03409,0.012,-1.69,87.56,0.3139,0.0166,2.594,0.792,0.0,0.0,0,0.0,-0.0,0,0.0,0.0
3,91,1.82,stand,0.03442,0.03338,-0.00839,0.03442,0.012,-1.57,87.84,0.3135,0.0171,2.635,0.969,0.0,0.0,0,0.0,-0.0,0,0.0,0.0
0,92,1.84,stand,0.03258,0.03062,-0.01113,0.03258,0.012,-1.61,87.36,0.3128,0.0168,2.699,0.942,0.0,0.0,0,0.0,-0.0,0,0.0,0.0
1,92,1.84,stand,0.03294,0.03251,-0.00532,0.03294,0.012,-1.67,87.74,0.3132,0.0165,2.663,0.889,0.0,0.0,0,0.0,-0.0,0,0.0,0.0
2,92,1.84,stand,0.0331,0.03269,-0.00522,0.0331,0.012,-1.63,87.4,0.3133,0.0162,2.646,0.762,0.0,0.0,0,0.0,-0.0,0,0.0,0.0
3,92,1.84,stand,0.03306,0.03188,-0.00875,0.03306,0.012,-1.58,87.76,0.313,0.0167,2.682,0.953,0.0,0.0,0,0.0,-0.0,0,0.0,0.0
0,93,1.86,stand,0.03451,0.03261,-0.01131,0.03451,0.012,-1.3,88.08,0.3123,0.0164,2.782,1.045,0.0,0.0,0,0.0,-0.0,0,0.0,0.0
1,93,1.86,stand,0.03515,0.03479,-0.00501,0.03515,0.012,-1.22,88.36,0.3126,0.0161,2.748,1.048,0.0,0.0,0,0.0,-0.0,0,0.0,0.0
2,93,1.86,stand,0.03562,0.03523,-0.00529,0.03562,0.012,-1.26,88.13,0.3128,0.0159,2.731,0.914,0.0,0.0,0,0.0,-0.0,0,0.0,0.0
3,93,1.86,stand,0.03502,0.03392,-0.00871,0.03502,0.012,-1.2,88.19,0.3124,0.0164,2.764,1.015,0.0,0.0,0,0.0,-0.0,0,0.0,0.0
0,94,1.88,stand,0.03324,0.0313,-0.0112,0.03324,0.012,-1.26,87.86,0.3117,0.0162,2.83,0.921,0.0,0.0,0,0.0,-0.0,0,0.0,0.0
1,94,1.88,stand,0.03376,0.03337,-0.00516,0.03376,0.012,-1.25,87.69,0.3121,0.0159,2.797,0.958,0.0,0.0,0,0.0,-0.0,0,0.0,0.0
2,94,1.88,stand,0.03407,0.03356,-0.00587,0.03407,0.012,-1.3,88.23,0.3123,0.0156,2.78,0.849,0.0,0.0,0,0.0,-0.0,0,0.0,0.0
3,94,1.88,stand,0.03375,0.03261,-0.00869,0.03375,0.012,-1.2,87.97,0.3119,0.0161,2.815,0.845,0.0,0.0,0,0.0,-0.0,0,0.0,0.0
0,95,1.9,stand,0.03519,0.03331,-0.01136,0.03519,0.012,-0.88,88.44,0.3112,0.016,2.911,0.988,0.0,0.0,0,0.0,-0.0,0,0.0,0.0
1,95,1.9,stand,0.03562,0.03529,-0.00484,0.03562,0.012,-0.97,88.16,0.3116,0.0156,2.879,1.0,0.0,0.0,0,0.0,-0.0,0,0.0,0.0
2,95,1.9,stand,0.03576,0.03534,-0.00544,0.03576,0.012,-0.94,88.2,0.3117,0.0154,2.864,0.989,0.0,0.0,0,0.0,-0.0,0,0.0,0.0
3,95,1.9,stand,0.0355,0.03442,-0.00868,0.0355,0.012,-0.88,88.21,0.3114,0.0159,2.894,0.875,0.0,0.0,0,0.0,-0.0,0,0.0,0.0
0,96,1.92,stand,0.03419,0.03244,-0.01081,0.03419,0.012,-0.75,88.17,0.3107,0.0158,2.956,0.897,0.0,0.0,0,0.0,-0.0,0,0.0,0.0
1,96,1.92,stand,0.03425,0.03386,-0.00513,0.03425,0.012,-0.86,88.18,0.3111,0.0154,2.924,0.945,0.0,0.0,0,0.0,-0.0,0,0.0,0.0
2,96,1.92,stand,0.03461,0.03426,-0.00489,0.03461,0.012,-0.72,87.99,0.3112,0.0152,2.909,1.011,0.0,0.0,0,0.0,-0.0,0,0.0,0.0
3,96,1.92,stand,0.03441,0.03338,-0.00836,0.03441,0.012,-0.71,88.29,0.3109,0.0157,2.939,0.836,0.0,0.0,0,0.0,-0.0,0,0.0,0.0
0,97,1.94,stand,0.03616,0.03452,-0.01074,0.03616,0.012,-0.41,88.68,0.3102,0.0156,3.034,0.937,0.0,0.0,0,0.0,-0.0,0,0.0,0.0
1,97,1.94,stand,0.03607,0.03576,-0.00471,0.03607,0.012,-0.43,88.77,0.3106,0.0153,3.003,1.012,0.0,0.0,0,0.0,-0.0,0,0.0,0.0
2,97,1.94,stand,0.03633,0.03601,-0.00479,0.03633,0.012,-0.5,88.55,0.3107,0.015,2.987,0.979,0.0,0.0,0,0.0,-0.0,0,0.0,0.0
3,97,1.94,stand,0.03652,0.03559,-0.00822,0.03652,0.012,-0.37,88.72,0.3103,0.0156,3.019,0.948,0.0,0.0,0,0.0,-0.0,0,0.0,0.0
0,98,1.96,stand,0.03464,0.03305,-0.01036,0.03464,0.012,-0.32,89.07,0.3097,0.0155,3.075,0.872,0.0,0.0,0,0.0,-0.0,0,0.0,0.0
1,98,1.96,stand,0.03523,0.03495,-0.00441,0.03523,0.012,-0.28,88.46,0.3101,0.0152,3.048,0.9,0.0,0.0,0,0.0,-0.0,0,0.0,0.0
2,98,1.96,stand,0.03544,0.03507,-0.0051,0.03544,0.012,-0.38,88.81,0.3102,0.0149,3.034,0.743,0.0,0.0,0,0.0,-0.0,0,0.0,0.0
3,98,1.96,stand,0.03485,0.03389,-0.00811,0.03485,0.012,-0.32,88.97,0.3098,0.0154,3.059,0.916,0.0,0.0,0,0.0,-0.0,0,0.0,0.0
0,99,1.98,stand,0.03635,0.03492,-0.01011,0.03635,0.012,0.07,89.16,0.3093,0.0154,3.151,1.029,0.0,0.0,0,0.0,-0.0,0,0.0,0.0
1,99,1.98,stand,0.03721,0.03699,-0.00405,0.03721,0.012,-0.08,88.58,0.3096,0.0151,3.122,0.983,0.0,0.0,0,0.0,-0.0,0,0.0,0.0
2,99,1.98,stand,0.03742,0.03716,-0.00444,0.03742,0.012,0.07,88.71,0.3097,0.0148,3.109,0.871,0.0,0.0,0,0.0,-0.0,0,0.0,0.0
3,99,1.98,stand,0.03636,0.03556,-0.00757,0.03636,0.012,0.05,88.95,0.3094,0.0154,3.135,1.044,0.0,0.0,0,0.0,-0.0,0,0.0,0.0
0,100,2.0,stand,0.03527,0.03404,-0.00923,0.03527,0.012,0.12,88.71,0.3088,0.0154,3.189,0.964,0.0,0.0,0,0.0,-0.0,0,0.0,0.0
1,100,2.0,stand,0.03544,0.03517,-0.00431,0.03544,0.012,-0.12,88.8,0.3091,0.015,3.161,0.871,0.0,0.0,0,0.0,-0.0,0,0.0,0.0
2,100,2.0,stand,0.03529,0.03501,-0.00441,0.03529,0.012,-0.1,88.55,0.3092,0.0147,3.146,0.897,0.0,0.0,0,0.0,-0.0,0,0.0,0.0
3,100,2.0,stand,0.03508,0.03438,-0.00695,0.03508,0.012,0.02,88.64,0.3089,0.0153,3.174,0.939,0.0,0.0,0,0.0,-0.0,0,0.0,0.0
0,101,2.02,stand,0.03708,0.03593,-0.0092,0.03708,0.012,0.27,88.76,0.3084,0.0153,3.259,1.042,0.0,0.0,0,0.0,-0.0,0,0.0,0.0
1,101,2.02,stand,0.03691,0.03674,-0.00349,0.03691,0.012,0.23,88.45,0.3087,0.0149,3.234,1.045,0.0,0.0,0,0.0,-0.0,0,0.0,0.0
2,101,2.02,stand,0.03667,0.03647,-0.00382,0.03667,0.012,0.09,88.39,0.3088,0.0147,3.22,1.045,0.0,0.0,0,0.0,-0.0,0,0.0,0.0
3,101,2.02,stand,0.03719,0.03658,-0.00671,0.03719,0.012,0.25,88.57,0.3085,0.0152,3.244,1.042,0.0,0.0,0,0.0,-0.0,0,0.0,0.0
0,102,2.04,stand,0.03544,0.03424,-0.00913,0.03544,0.012,0.16,88.76,0.308,0.0153,3.296,0.799,0.0,0.0,0,0.0,-0.0,0,0.0,0.0
1,102,2.04,stand,0.03582,0.03571,-0.00286,0.03582,0.012,0.26,87.65,0.3083,0.0149,3.271,0.941,0.0,0.0,0,0.0,-0.0,0,0.0,0.0
2,102,2.04,stand,0.03571,0.03556,-0.00331,0.03571,0.012,0.16,87.95,0.3084,0.0147,3.258,0.838,0.0,0.0,0,0.0,-0.0,0,0.0,0.0
3,102,2.04,stand,0.0354,0.03472,-0.00689,0.0354,0.012,0.12,88.58,0.3081,0.0152,3.28,0.86,0.0,0.0,0,0.0,-0.0,0,0.0,0.0
0,103,2.06,stand,0.03689,0.03585,-0.0087,0.03689,0.012,0.61,88.45,0.3077,0.0152,3.364,0.941,0.0,0.0,0,0.0,-0.0,0,0.0,0.0
1,103,2.06,stand,0.03781,0.03774,-0.00237,0.03781,0.012,0.42,87.79,0.3079,0.0148,3.339,1.001,0.0,0.0,0,0.0,-0.0,0,0.0,0.0
2,103,2.06,stand,0.03795,0.03785,-0.00276,0.03795,0.012,0.48,88.09,0.308,0.0146,3.327,0.928,0.0,0.0,0,0.0,-0.0,0,0.0,0.0
3,103,2.06,stand,0.03675,0.0362,-0.00631,0.03675,0.012,0.53,88.35,0.3078,0.0151,3.349,1.042,0.0,0.0,0,0.0,-0.0,0,0.0,0.0
0,104,2.08,stand,0.03611,0.03534,-0.00743,0.03611,0.012,0.74,87.92,0.3073,0.0153,3.396,0.925,0.0,0.0,0,0.0,-0.0,0,0.0,0.0
1,104,2.08,stand,0.03621,0.0361,-0.00281,0.03621,0.012,0.38,88.16,0.3076,0.0148,3.373,0.846,0.0,0.0,0,0.0,-0.0,0,0.0,0.0
2,104,2.08,stand,0.03607,0.03593,-0.0032,0.03607,0.012,0.36,88.02,0.3077,0.0146,3.361,0.86,0.0,0.0,0,0.0,-0.0,0,0.0,0.0
3,104,2.08,stand,0.03623,0.03587,-0.00506,0.03623,0.012,0.71,87.59,0.3074,0.0152,3.384,0.982,0.0,0.0,0,0.0,-0.0,0,0.0,0.0
0,105,2.1,stand,0.03817,0.03738,-0.00772,0.03817,0.012,0.77,87.94,0.307,0.0152,3.462,1.033,0.0,0.0,0,0.0,-0.0,0,0.0,0.0
1,105,2.1,stand,0.03791,0.03786,-0.00195,0.03791,0.012,0.83,87.88,0.3073,0.0148,3.442,1.045,0.0,0.0,0,0.0,-0.0,0,0.0,0.0
2,105,2.1,stand,0.03761,0.03753,-0.00249,0.03761,0.012,0.74,87.72,0.3074,0.0146,3.43,1.045,0.0,0.0,0,0.0,-0.0,0,0.0,0.0
3,105,2.1,stand,0.03806,0.03769,-0.0053,0.03806,0.012,0.68,87.94,0.3071,0.0151,3.448,1.002,0.0,0.0,0,0.0,-0.0,0,0.0,0.0
0,106,2.12,stand,0.03682,0.03602,-0.00762,0.03682,0.012,0.8,88.37,0.3067,0.0152,3.492,0.869,0.0,0.0,0,0.0,-0.0,0,0.0,0.0
1,106,2.12,stand,0.03716,0.03715,-0.001,0.03716,0.012,0.92,87.08,0.307,0.0148,3.473,1.044,0.0,0.0,0,0.0,-0.0,0,0.0,0.0
2,106,2.12,stand,0.03726,0.03724,-0.00129,0.03726,0.012,0.97,87.04,0.3071,0.0147,3.462,1.008,0.0,0.0,0,0.0,-0.0,0,0.0,0.0
3,106,2.12,stand,0.03707,0.0367,-0.00521,0.03707,0.012,0.81,88.21,0.3068,0.0151,3.479,0.8,0.0,0.0,0,0.0,-0.0,0,0.0,0.0
0,107,2.14,stand,0.03839,0.03774,-0.00706,0.03839,0.012,1.17,88.02,0.3065,0.0153,3.555,0.986,0.0,0.0,0,0.0,-0.0,0,0.0,0.0
1,107,2.14,stand,0.03829,0.03828,-0.00091,0.03829,0.012,0.75,87.38,0.3067,0.0149,3.534,1.013,0.0,0.0,0,0.0,-0.0,0,0.0,0.0
2,107,2.14,stand,0.0382,0.03817,-0.00158,0.0382,0.012,0.69,87.62,0.3068,0.0147,3.525,1.0,0.0,0.0,0,0.0,-0.0,0,0.0,0.0
3,107,2.14,stand,0.03883,0.03857,-0.00447,0.03883,0.012,1.15,87.95,0.3066,0.0152,3.541,0.924,0.0,0.0,0,0.0,-0.0,0,0.0,0.0
0,108,2.16,stand,0.03622,0.03568,-0.00621,0.03622,0.012,0.95,87.59,0.3063,0.0153,3.582,1.007,0.0,0.0,0,0.0,-0.0,0,0.0,0.0
1,108,2.16,stand,0.03686,0.03685,-0.00098,0.03686,0.012,0.79,87.74,0.3065,0.0149,3.565,0.754,0.0,0.0,0,0.0,-0.0,0,0.0,0.0
2,108,2.16,stand,0.0372,0.03718,-0.00145,0.0372,0.012,0.84,87.8,0.3066,0.0147,3.555,0.709,0.0,0.0,0,0.0,-0.0,0,0.0,0.0
3,108,2.16,stand,0.03598,0.03574,-0.00415,0.03598,0.012,0.82,87.49,0.3064,0.0152,3.568,0.976,0.0,0.0,0,0.0,-0.0,0,0.0,0.0
0,109,2.18,stand,0.03753,0.03707,-0.00584,0.03753,0.012,1.12,87.54,0.3061,0.0154,3.641,1.041,0.0,0.0,0,0.0,-0.0,0,0.0,0.0
1,109,2.18,stand,0.03825,0.03825,5e-05,0.03825,0.012,1.22,87.37,0.3063,0.015,3.623,0.814,0.0,0.0,0,0.0,-0.0,0,0.0,0.0
2,109,2.18,stand,0.03872,0.03872,-0.00033,0.03872,0.012,1.24,87.39,0.3064,0.0148,3.611,0.707,0.0,0.0,0,0.0,-0.0,0,0.0,0.0
3,109,2.18,stand,0.03678,0.03662,-0.00347,0.03678,0.012,1.09,87.41,0.3062,0.0153,3.628,1.043,0.0,0.0,0,0.0,-0.0,0,0.0,0.0
0,110,2.2,stand,0.03619,0.03581,-0.00526,0.03619,0.012,1.09,87.54,0.3059,0.0154,3.667,0.919,0.0,0.0,0,0.0,-0.0,0,0.0,0.0
1,110,2.2,stand,0.0363,0.0363,0.00039,0.0363,0.012,1.05,86.8,0.3061,0.015,3.649,0.867,0.0,0.0,0,0.0,-0.0,0,0.0,0.0
2,110,2.2,stand,0.03598,0.03598,-0.00049,0.03598,0.012,0.86,87.13,0.3062,0.0149,3.641,0.71,0.0,0.0,0,0.0,-0.0,0,0.0,0.0
3,110,2.2,stand,0.03611,0.03604,-0.00237,0.03611,0.012,1.17,86.99,0.306,0.0154,3.656,0.9,0.0,0.0,0,0.0,-0.0,0,0.0,0.0
0,111,2.22,stand,0.03817,0.03783,-0.00508,0.03817,0.012,1.38,87.67,0.3057,0.0155,3.725,0.992,0.0,0.0,0,0.0,-0.0,0,0.0,0.0
1,111,2.22,stand,0.03815,0.03814,0.00098,0.03815,0.012,1.19,86.91,0.3059,0.0151,3.71,1.042,0.0,0.0,0,0.0,-0.0,0,0.0,0.0
2,111,2.22,stand,0.03715,0.03715,0.00014,0.03715,0.012,1.15,87.09,0.306,0.015,3.705,1.042,0.0,0.0,0,0.0,-0.0,0,0.0,0.0
3,111,2.22,stand,0.038,0.0379,-0.00265,0.038,0.012,1.15,87.38,0.3058,0.0154,3.712,0.881,0.0,0.0,0,0.0,-0.0,0,0.0,0.0
0,112,2.24,stand,0.03594,0.03561,-0.00481,0.03594,0.012,1.12,87.68,0.3055,0.0156,3.746,0.942,0.0,0.0,0,0.0,-0.0,0,0.0,0.0
1,112,2.24,stand,0.03628,0.03627,0.00077,0.03628,0.012,1.08,87.31,0.3057,0.0152,3.732,0.987,0.0,0.0,0,0.0,-0.0,0,0.0,0.0
2,112,2.24,stand,0.03614,0.03613,0.00095,0.03614,0.012,1.27,86.66,0.3058,0.0151,3.729,1.047,0.0,0.0,0,0.0,-0.0,0,0.0,0.0
3,112,2.24,stand,0.03663,0.03652,-0.00274,0.03663,0.012,1.13,87.86,0.3056,0.0155,3.736,0.693,0.0,0.0,0,0.0,-0.0,0,0.0,0.0
0,113,2.26,stand,0.03712,0.03687,-0.00428,0.03712,0.012,1.38,87.6,0.3054,0.0157,3.801,1.042,0.0,0.0,0,0.0,-0.0,0,0.0,0.0
1,113,2.26,stand,0.03757,0.03754,0.0015,0.03757,0.012,1.36,87.37,0.3056,0.0153,3.787,1.043,0.0,0.0,0,0.0,-0.0,0,0.0,0.0
2,113,2.26,stand,0.03827,0.03825,0.00126,0.03827,0.012,1.24,87.03,0.3056,0.0152,3.783,0.939,0.0,0.0,0,0.0,-0.0,0,0.0,0.0
3,113,2.26,stand,0.03816,0.03812,-0.00191,0.03816,0.012,1.45,87.56,0.3054,0.0156,3.791,0.888,0.0,0.0,0,0.0,-0.0,0,0.0,0.0
0,114,2.28,stand,0.03544,0.03528,-0.00335,0.03544,0.012,1.23,87.27,0.3052,0.0157,3.823,0.934,0.0,0.0,0,0.0,-0.0,0,0.0,0.0
1,114,2.28,stand,0.03582,0.03578,0.00181,0.03582,0.012,1.12,86.79,0.3054,0.0154,3.811,0.855,0.0,0.0,0,0.0,-0.0,0,0.0,0.0
2,114,2.28,stand,0.0354,0.0354,0.00014,0.0354,0.012,0.7,87.8,0.3055,0.0152,3.805,1.033,0.0,0.0,0,0.0,-0.0,0,0.0,0.0
3,114,2.28,stand,0.0351,0.03507,-0.00144,0.0351,0.012,1.12,87.12,0.3053,0.0157,3.81,0.992,0.0,0.0,0,0.0,-0.0,0,0.0,0.0
0,115,2.3,stand,0.03733,0.03718,-0.00331,0.03733,0.012,1.39,87.52,0.3051,0.0158,3.879,1.039,0.0,0.0,0,0.0,-0.0,0,0.0,0.0
1,115,2.3,stand,0.03752,0.03743,0.0025,0.03752,0.012,1.29,86.99,0.3053,0.0154,3.866,0.973,0.0,0.0,0,0.0,-0.0,0,0.0,0.0
2,115,2.3,stand,0.03612,0.0361,0.00125,0.03612,0.012,1.16,87.74,0.3054,0.0153,3.861,1.372,0.0,0.0,0,0.0,-0.0,0,0.0,0.0
3,115,2.3,stand,0.03578,0.03576,-0.00091,0.03578,0.012,1.32,87.17,0.3052,0.0158,3.865,1.04,0.0,0.0,0,0.0,-0.0,0,0.0,0.0
0,116,2.32,stand,0.03532,0.03516,-0.00342,0.03532,0.012,1.19,87.39,0.305,0.0158,3.898,0.932,0.0,0.0,0,0.0,-0.0,0,0.0,0.0
1,116,2.32,stand,0.0354,0.03533,0.00221,0.0354,0.012,1.15,86.94,0.3052,0.0155,3.885,0.976,0.0,0.0,0,0.0,-0.0,0,0.0,0.0
2,116,2.32,stand,0.03441,0.03429,0.00279,0.03441,0.012,1.22,86.12,0.3054,0.0154,3.884,1.047,0.0,0.0,0,0.0,-0.0,0,0.0,0.0
3,116,2.32,stand,0.0354,0.0354,-0.00014,0.0354,0.012,1.31,86.7,0.3051,0.0158,3.891,0.746,0.0,0.0,0,0.0,-0.0,0,0.0,0.0
0,117,2.34,stand,0.03677,0.03665,-0.00299,0.03677,0.012,1.58,87.33,0.3049,0.0159,3.951,1.041,0.0,0.0,0,0.0,-0.0,0,0.0,0.0
1,117,2.34,stand,0.03684,0.03673,0.0029,0.03684,0.012,1.48,86.92,0.3051,0.0156,3.939,1.041,0.0,0.0,0,0.0,-0.0,0,0.0,0.0
2,117,2.34,stand,0.03604,0.03592,0.00292,0.03604,0.012,1.1,86.17,0.3053,0.0155,3.941,0.967,0.0,0.0,0,0.0,-0.0,0,0.0,0.0
3,117,2.34,stand,0.03746,0.03746,-0.00022,0.03746,0.012,1.41,87.08,0.305,0.0159,3.939,0.715,0.0,0.0,0,0.0,-0.0,0,0.0,0.0
0,118,2.36,stand,0.03529,0.03523,-0.00202,0.03529,0.012,1.38,86.85,0.3049,0.016,3.972,0.984,0.0,0.0,0,0.0,-0.0,0,0.0,0.0
1,118,2.36,stand,0.0355,0.03536,0.00324,0.0355,0.012,1.29,86.38,0.305,0.0157,3.962,0.872,0.0,0.0,0,0.0,-0.0,0,0.0,0.0
2,118,2.36,stand,0.03517,0.03511,0.00203,0.03517,0.012,0.94,86.93,0.3051,0.0155,3.962,0.738,0.0,0.0,0,0.0,-0.0,0,0.0,0.0
3,118,2.36,stand,0.03551,0.0355,-0.00094,0.03551,0.012,1.13,87.67,0.3049,0.0159,3.964,0.779,0.0,0.0,0,0.0,-0.0,0,0.0,0.0
0,119,2.38,stand,0.03747,0.03742,-0.00194,0.03747,0.012,1.54,87.01,0.3048,0.016,4.025,1.034,0.0,0.0,0,0.0,-0.0,0,0.0,0.0
1,119,2.38,stand,0.03772,0.03753,0.00383,0.03772,0.012,1.5,86.61,0.3049,0.0157,4.015,0.957,0.0,0.0,0,0.0,-0.0,0,0.0,0.0
2,119,2.38,stand,0.03782,0.03772,0.00275,0.03782,0.012,1.52,87.25,0.305,0.0156,4.012,0.864,0.0,0.0,0,0.0,-0.0,0,0.0,0.0
3,119,2.38,stand,0.03649,0.03649,-0.00011,0.03649,0.012,1.6,87.03,0.3048,0.016,4.014,0.935,0.0,0.0,0,0.0,-0.0,0,0.0,0.0
0,120,2.4,stand,0.03491,0.03483,-0.0024,0.03491,0.012,1.23,87.36,0.3047,0.016,4.042,0.926,0.0,0.0,0,0.0,-0.0,0,0.0,0.0
1,120,2.4,stand,0.0347,0.03458,0.00283,0.0347,0.012,1.11,87.06,0.3048,0.0157,4.031,0.991,0.0,0.0,0,0.0,-0.0,0,0.0,0.0
2,120,2.4,stand,0.03406,0.03399,0.00224,0.03406,0.012,0.96,87.15,0.305,0.0156,4.029,1.011,0.0,0.0,0,0.0,-0.0,0,0.0,0.0
3,120,2.4,stand,0.0352,0.03518,0.00134,0.0352,0.012,1.58,86.13,0.3048,0.0161,4.032,0.904,0.0,0.0,0,0.0,-0.0,0,0.0,0.0
0,121,2.42,stand,0.03586,0.0358,-0.00204,0.03586,0.012,1.69,87.16,0.3047,0.0161,4.093,1.042,0.0,0.0,0,0.0,-0.0,0,0.0,0.0
1,121,2.42,stand,0.03546,0.03527,0.00366,0.03546,0.012,1.54,86.82,0.3048,0.0158,4.083,1.118,0.0,0.0,0,0.0,-0.0,0,0.0,0.0
2,121,2.42,stand,0.03416,0.034,0.0033,0.03416,0.012,1.2,86.58,0.305,0.0157,4.084,1.212,0.0,0.0,0,0.0,-0.0,0,0.0,0.0
3,121,2.42,stand,0.03719,0.03718,0.00102,0.03719,0.012,1.47,86.54,0.3047,0.0161,4.088,1.035,0.0,0.0,0,0.0,-0.0,0,0.0,0.0
0,122,2.44,stand,0.03466,0.03465,-0.00075,0.03466,0.012,1.55,86.13,0.3046,0.0162,4.115,0.951,0.0,0.0,0,0.0,-0.0,0,0.0,0.0
1,122,2.44,stand,0.03436,0.03403,0.00477,0.03436,0.012,1.46,85.69,0.3047,0.0159,4.106,0.877,0.0,0.0,0,0.0,-0.0,0,0.0,0.0
2,122,2.44,stand,0.03288,0.03255,0.0047,0.03288,0.012,1.2,85.55,0.305,0.0158,4.109,0.804,0.0,0.0,0,0.0,-0.0,0,0.0,0.0
3,122,2.44,stand,0.03522,0.03522,0.00012,0.03522,0.012,1.3,87.21,0.3046,0.0161,4.105,0.845,0.0,0.0,0,0.0,-0.0,0,0.0,0.0
0,123,2.46,stand,0.0372,0.0372,-0.00077,0.0372,0.012,1.6,86.54,0.3045,0.0162,4.166,0.94,0.0,0.0,0,0.0,-0.0,0,0.0,0.0
1,123,2.46,stand,0.03658,0.03624,0.00497,0.03658,0.012,1.41,86.08,0.3047,0.0159,4.157,0.854,0.0,0.0,0,0.0,-0.0,0,0.0,0.0
2,123,2.46,stand,0.03439,0.03411,0.0044,0.03439,0.012,1.13,86.08,0.3049,0.0158,4.16,0.736,0.0,0.0,0,0.0,-0.0,0,0.0,0.0
3,123,2.46,stand,0.03691,0.0369,0.00079,0.03691,0.012,1.9,86.9,0.3046,0.0161,4.156,1.016,0.0,0.0,0,0.0,-0.0,0,0.0,0.0
0,124,2.48,approach,0.03453,0.03448,-0.00171,0.03453,0.012,1.2,87.42,0.3045,0.0161,4.179,1.033,0.0,0.0,0,0.0,-0.0,0,0.0,0.0
1,124,2.48,approach,0.03488,0.03469,0.00367,0.03488,0.012,1.15,86.93,0.3046,0.0159,4.173,0.758,0.0,0.0,0,0.0,-0.0,0,0.0,0.0
2,124,2.48,approach,0.03583,0.03562,0.00387,0.03583,0.012,1.27,86.56,0.3048,0.0158,4.185,0.651,0.0,0.0,0,0.0,-0.0,0,0.0,0.0
3,124,2.48,approach,0.03555,0.0355,0.00187,0.03555,0.012,1.67,86.04,0.3045,0.0162,4.174,1.047,0.0,0.0,0,0.0,-0.0,0,0.0,0.0
0,125,2.5,approach,0.03648,0.03646,-0.00107,0.03648,0.012,1.73,87.2,0.3045,0.0162,4.229,1.235,0.0,0.0,0,0.0,-0.0,0,0.0,0.0
1,125,2.5,approach,0.03788,0.03758,0.00476,0.03788,0.012,1.8,86.83,0.3045,0.0159,4.225,1.041,0.0,0.0,0,0.0,-0.0,0,0.0,0.0
2,125,2.5,approach,0.03827,0.03808,0.00382,0.03827,0.012,1.39,86.89,0.3047,0.0158,4.22,0.429,0.0,0.0,0,0.0,-0.0,0,0.0,0.0
3,125,2.5,approach,0.03847,0.0384,0.00232,0.03847,0.012,1.66,86.39,0.3044,0.0162,4.223,1.034,0.0,0.0,0,0.0,-0.0,0,0.0,0.0
0,126,2.52,approach,0.03627,0.03626,0.00078,0.03627,0.012,1.62,85.73,0.3045,0.0163,4.25,0.943,0.0,0.0,0,0.0,-0.0,0,0.0,0.0
1,126,2.52,approach,0.03655,0.03613,0.00553,0.03655,0.012,1.53,85.8,0.3045,0.016,4.242,1.047,0.0,0.0,0,0.0,-0.0,0,0.0,0.0
2,126,2.52,approach,0.03784,0.03758,0.00438,0.03784,0.012,1.37,87.01,0.3047,0.0158,4.249,0.552,0.0,0.0,0,0.0,-0.0,0,0.0,0.0
3,126,2.52,approach,0.03695,0.0369,0.00191,0.03695,0.012,1.39,86.77,0.3044,0.0162,4.239,0.981,0.0,0.0,0,0.0,-0.0,0,0.0,0.0
0,127,2.54,approach,0.03944,0.03942,0.00113,0.03944,0.012,1.6,85.97,0.3044,0.0163,4.3,0.914,0.0,0.0,0,0.0,-0.0,0,0.0,0.0
1,127,2.54,approach,0.03869,0.03812,0.00662,0.03869,0.012,1.66,85.94,0.3045,0.016,4.292,1.036,0.0,0.0,0,0.0,-0.0,0,0.0,0.0
2,127,2.54,approach,0.03868,0.03823,0.00585,0.03868,0.012,1.67,85.97,0.3047,0.0159,4.29,0.74,0.0,0.0,0,0.0,-0.0,0,0.0,0.0
3,127,2.54,approach,0.03891,0.0388,0.00292,0.03891,0.012,1.92,86.67,0.3044,0.0163,4.29,1.099,0.0,0.0,0,0.0,-0.0,0,0.0,0.0
0,128,2.56,approach,0.03724,0.03723,0.00038,0.03724,0.012,1.13,87.16,0.3043,0.0162,4.314,1.04,0.0,0.0,0,0.0,-0.0,0,0.0,0.0
1,128,2.56,approach,0.03724,0.0367,0.00629,0.03724,0.012,1.27,86.17,0.3044,0.016,4.315,0.742,0.0,0.0,0,0.0,-0.0,0,0.0,0.0
2,128,2.56,approach,0.03937,0.03882,0.00658,0.03937,0.012,1.56,85.21,0.3047,0.0159,4.323,0.459,0.0,0.0,0,0.0,-0.0,0,0.0,0.0
3,128,2.56,approach,0.03832,0.03805,0.00449,0.03832,0.012,1.62,85.54,0.3044,0.0163,4.308,1.047,0.0,0.0,0,0.0,-0.0,0,0.0,0.0
0,129,2.58,approach,0.03919,0.03918,0.001,0.03919,0.012,1.66,87.07,0.3043,0.0162,4.366,1.274,0.0,0.0,0,0.0,-0.0,0,0.0,0.0
1,129,2.58,approach,0.03933,0.03868,0.00711,0.03933,0.012,1.7,86.48,0.3044,0.016,4.367,0.953,0.0,0.0,0,0.0,-0.0,0,0.0,0.0
2,129,2.58,approach,0.04107,0.0405,0.00682,0.04107,0.012,1.58,85.78,0.3045,0.016,4.357,0.457,0.0,0.0,0,0.0,-0.0,0,0.0,0.0
3,129,2.58,approach,0.04148,0.04115,0.00519,0.04148,0.012,1.6,85.97,0.3043,0.0164,4.356,0.97,0.0,0.0,0,0.0,-0.0,0,0.0,0.0
0,130,2.6,approach,0.03892,0.03881,0.003,0.03892,0.012,1.55,85.74,0.3043,0.0163,4.384,1.035,0.0,0.0,0,0.0,-0.0,0,0.0,0.0
1,130,2.6,approach,0.03944,0.03859,0.00814,0.03944,0.012,1.61,85.76,0.3043,0.0161,4.384,0.888,0.0,0.0,0,0.0,-0.0,0,0.0,0.0
2,130,2.6,approach,0.04039,0.03989,0.00633,0.04039,0.012,1.18,87.09,0.3045,0.0159,4.389,0.631,0.0,0.0,0,0.0,-0.0,0,0.0,0.0
3,130,2.6,approach,0.03915,0.03889,0.00451,0.03915,0.012,1.14,87.13,0.3042,0.0163,4.367,1.045,0.0,0.0,0,0.0,-0.0,0,0.0,0.0
0,131,2.62,approach,0.04128,0.04115,0.00335,0.04128,0.012,1.35,85.96,0.3042,0.0163,4.433,0.986,0.0,0.0,0,0.0,-0.0,0,0.0,0.0
1,131,2.62,approach,0.04151,0.04063,0.00852,0.04151,0.012,1.4,86.02,0.3043,0.0161,4.436,1.032,0.0,0.0,0,0.0,-0.0,0,0.0,0.0
2,131,2.62,approach,0.04096,0.04023,0.00771,0.04096,0.012,1.48,86.44,0.3045,0.016,4.419,0.748,0.0,0.0,0,0.0,-0.0,0,0.0,0.0
3,131,2.62,approach,0.04075,0.04037,0.00555,0.04076,0.012,1.59,87.14,0.3042,0.0163,4.415,1.193,0.0,0.0,0,0.0,-0.0,0,0.0,0.0
0,132,2.64,approach,0.03896,0.03886,0.00276,0.03896,0.012,0.89,87.0,0.3041,0.0162,4.448,1.034,0.0,0.0,0,0.0,-0.0,0,0.0,0.0
1,132,2.64,approach,0.03969,0.0388,0.00836,0.03969,0.012,1.19,86.66,0.3042,0.0161,4.451,0.864,0.0,0.0,0,0.0,-0.0,0,0.0,0.0
2,132,2.64,approach,0.04155,0.0405,0.00932,0.04155,0.012,1.37,85.88,0.3044,0.016,4.448,0.401,0.0,0.0,0,0.0,-0.0,0,0.0,0.0
3,132,2.64,approach,0.04057,0.0399,0.00733,0.04057,0.012,1.4,85.42,0.3042,0.0164,4.433,1.047,0.0,0.0,0,0.0,-0.0,0,0.0,0.0
0,133,2.66,approach,0.04067,0.04053,0.00341,0.04067,0.012,1.42,86.93,0.3041,0.0162,4.496,1.259,0.0,0.0,0,0.0,-0.0,0,0.0,0.0
1,133,2.66,approach,0.0413,0.04018,0.00952,0.0413,0.012,1.59,86.26,0.3042,0.0161,4.504,1.036,0.0,0.0,0,0.0,-0.0,0,0.0,0.0
2,133,2.66,approach,0.04139,0.04032,0.00939,0.04139,0.012,1.0,85.96,0.3043,0.016,4.481,0.293,0.0,0.0,0,0.0,-0.0,0,0.0,0.0
3,133,2.66,approach,0.04294,0.04222,0.00784,0.04294,0.012,1.28,85.78,0.304,0.0164,4.48,0.875,0.0,0.0,0,0.0,-0.0,0,0.0,0.0
0,134,2.68,approach,0.04016,0.03982,0.00523,0.04016,0.012,1.24,85.48,0.3041,0.0163,4.512,1.015,0.0,0.0,0,0.0,-0.0,0,0.0,0.0
1,134,2.68,approach,0.04095,0.0396,0.01046,0.04095,0.012,1.38,85.13,0.3041,0.0161,4.523,0.952,0.0,0.0,0,0.0,-0.0,0,0.0,0.0
2,134,2.68,approach,0.04265,0.04151,0.00977,0.04265,0.012,1.13,86.3,0.3042,0.0161,4.511,0.324,0.0,0.0,0,0.0,-0.0,0,0.0,0.0
3,134,2.68,approach,0.04066,0.04001,0.0072,0.04066,0.012,0.86,86.82,0.304,0.0163,4.492,1.031,0.0,0.0,0,0.0,-0.0,0,0.0,0.0
0,135,2.7,approach,0.04301,0.04262,0.00577,0.04301,0.012,1.1,85.58,0.304,0.0163,4.561,1.019,0.0,0.0,0,0.0,-0.0,0,0.0,0.0
1,135,2.7,approach,0.04392,0.04247,0.01119,0.04392,0.012,1.36,85.57,0.304,0.0161,4.571,1.012,0.0,0.0,0,0.0,-0.0,0,0.0,0.0
2,135,2.7,approach,0.04345,0.04216,0.01054,0.04345,0.012,1.28,85.81,0.3041,0.0161,4.531,0.347,0.0,0.0,0,0.0,-0.0,0,0.0,0.0
3,135,2.7,approach,0.04247,0.04172,0.00794,0.04247,0.012,1.32,86.64,0.3039,0.0163,4.542,1.085,0.0,0.0,0,0.0,-0.0,0,0.0,0.0
0,136,2.72,approach,0.04047,0.04015,0.00504,0.04047,0.012,0.51,86.9,0.3039,0.0162,4.572,1.044,0.0,0.0,0,0.0,-0.0,0,0.0,0.0
1,136,2.72,approach,0.04128,0.04001,0.01014,0.04128,0.012,0.8,86.64,0.3039,0.016,4.585,1.043,0.0,0.0,0,0.0,-0.0,0,0.0,0.0
2,136,2.72,approach,0.04343,0.0421,0.01069,0.04343,0.012,0.88,86.57,0.3041,0.0161,4.574,0.499,0.0,0.0,0,0.0,-0.0,0,0.0,0.0
3,136,2.72,approach,0.04229,0.04118,0.00964,0.04229,0.012,1.17,85.32,0.3039,0.0164,4.557,1.047,0.0,0.0,0,0.0,-0.0,0,0.0,0.0
0,137,2.74,approach,0.04214,0.04176,0.00565,0.04214,0.012,1.02,87.12,0.3038,0.0161,4.618,1.387,0.0,0.0,0,0.0,-0.0,0,0.0,0.0
1,137,2.74,approach,0.04274,0.0412,0.01137,0.04274,0.012,1.25,86.75,0.3038,0.016,4.634,1.322,0.0,0.0,0,0.0,-0.0,0,0.0,0.0
2,137,2.74,approach,0.0432,0.04151,0.01194,0.0432,0.012,1.02,86.02,0.304,0.0161,4.588,0.609,0.0,0.0,0,0.0,-0.0,0,0.0,0.0
3,137,2.74,approach,0.04482,0.04361,0.01035,0.04482,0.012,0.97,85.78,0.3038,0.0164,4.601,0.88,0.0,0.0,0,0.0,-0.0,0,0.0,0.0
0,138,2.76,approach,0.04214,0.04147,0.00753,0.04214,0.012,0.95,85.35,0.3038,0.0162,4.634,0.973,0.0,0.0,0,0.0,-0.0,0,0.0,0.0
1,138,2.76,approach,0.04255,0.04053,0.01296,0.04255,0.012,1.14,85.2,0.3038,0.0161,4.652,0.907,0.0,0.0,0,0.0,-0.0,0,0.0,0.0
2,138,2.76,approach,0.04443,0.04259,0.01266,0.04443,0.012,0.86,86.3,0.3039,0.0161,4.63,0.562,0.0,0.0,0,0.0,-0.0,0,0.0,0.0
3,138,2.76,approach,0.04211,0.04104,0.00945,0.04211,0.012,0.35,86.72,0.3037,0.0163,4.611,1.037,0.0,0.0,0,0.0,-0.0,0,0.0,0.0
0,139,2.78,approach,0.04452,0.04382,0.00784,0.04452,0.012,0.75,85.35,0.3037,0.0162,4.682,0.955,0.0,0.0,0,0.0,-0.0,0,0.0,0.0
1,139,2.78,approach,0.04475,0.04268,0.01348,0.04475,0.012,0.95,85.22,0.3036,0.016,4.702,0.961,0.0,0.0,0,0.0,-0.0,0,0.0,0.0
2,139,2.78,approach,0.04414,0.04216,0.01308,0.04414,0.012,0.79,85.86,0.3038,0.0161,4.641,0.747,0.0,0.0,0,0.0,-0.0,0,0.0,0.0
3,139,2.78,approach,0.04393,0.04269,0.01036,0.04393,0.012,0.86,87.04,0.3037,0.0163,4.658,1.412,0.0,0.0,0,0.0,-0.0,0,0.0,0.0
0,140,2.8,approach,0.04187,0.04124,0.00724,0.04187,0.012,0.24,86.49,0.3036,0.0161,4.694,1.035,0.0,0.0,0,0.0,-0.0,0,0.0,0.0
1,140,2.8,approach,0.04248,0.04062,0.01245,0.04248,0.012,0.53,86.24,0.3035,0.016,4.715,1.032,0.0,0.0,0,0.0,-0.0,0,0.0,0.0
2,140,2.8,approach,0.04544,0.04346,0.01326,0.04544,0.012,0.59,86.51,0.3037,0.0161,4.688,0.874,0.0,0.0,0,0.0,-0.0,0,0.0,0.0
3,140,2.8,approach,0.04393,0.04223,0.01212,0.04393,0.012,0.79,85.31,0.3037,0.0163,4.672,1.048,0.0,0.0,0,0.0,-0.0,0,0.0,0.0
0,141,2.82,approach,0.04348,0.04279,0.00772,0.04348,0.012,0.71,86.7,0.3036,0.0161,4.742,1.209,0.0,0.0,0,0.0,-0.0,0,0.0,0.0
1,141,2.82,approach,0.0442,0.04211,0.01342,0.0442,0.012,1.02,86.36,0.3035,0.0159,4.766,1.121,0.0,0.0,0,0.0,-0.0,0,0.0,0.0
2,141,2.82,approach,0.045,0.04278,0.01396,0.045,0.012,0.66,85.71,0.3036,0.0161,4.693,1.047,0.0,0.0,0,0.0,-0.0,0,0.0,0.0
3,141,2.82,approach,0.0459,0.0442,0.01239,0.0459,0.012,0.53,85.2,0.3036,0.0163,4.717,0.899,0.0,0.0,0,0.0,-0.0,0,0.0,0.0
0,142,2.84,approach,0.04326,0.04221,0.00946,0.04326,0.012,0.59,85.2,0.3035,0.0161,4.756,1.047,0.0,0.0,0,0.0,-0.0,0,0.0,0.0
1,142,2.84,approach,0.04391,0.04134,0.0148,0.04391,0.012,0.84,85.08,0.3034,0.016,4.781,1.032,0.0,0.0,0,0.0,-0.0,0,0.0,0.0
2,142,2.84,approach,0.04657,0.04414,0.01484,0.04657,0.012,0.64,86.24,0.3035,0.0161,4.736,0.904,0.0,0.0,0,0.0,-0.0,0,0.0,0.0
3,142,2.84,approach,0.04371,0.0421,0.01177,0.04371,0.012,0.1,86.4,0.3035,0.0162,4.729,1.03,0.0,0.0,0,0.0,-0.0,0,0.0,0.0
0,143,2.86,approach,0.04582,0.0447,0.01007,0.04582,0.012,0.4,85.23,0.3034,0.0161,4.8,0.961,0.0,0.0,0,0.0,-0.0,0,0.0,0.0
1,143,2.86,approach,0.04618,0.04345,0.01563,0.04618,0.012,0.64,85.32,0.3033,0.016,4.827,1.031,0.0,0.0,0,0.0,-0.0,0,0.0,0.0
2,143,2.86,approach,0.0449,0.04237,0.01484,0.0449,0.012,0.29,85.84,0.3034,0.0161,4.747,0.902,0.0,0.0,0,0.0,-0.0,0,0.0,0.0
3,143,2.86,approach,0.0452,0.04341,0.01259,0.0452,0.012,0.53,86.62,0.3035,0.0162,4.775,1.027,0.0,0.0,0,0.0,-0.0,0,0.0,0.0
0,144,2.88,approach,0.04306,0.04203,0.00934,0.04306,0.012,-0.26,86.41,0.3033,0.016,4.811,1.044,0.0,0.0,0,0.0,-0.0,0,0.0,0.0
1,144,2.88,approach,0.04366,0.04113,0.01462,0.04366,0.012,0.12,86.46,0.3032,0.0159,4.842,1.036,0.0,0.0,0,0.0,-0.0,0,0.0,0.0
2,144,2.88,approach,0.0465,0.04375,0.01573,0.0465,0.012,0.34,86.28,0.3034,0.0161,4.791,0.972,0.0,0.0,0,0.0,-0.0,0,0.0,0.0
3,144,2.88,approach,0.04476,0.04244,0.0142,0.04476,0.012,0.29,85.3,0.3035,0.0162,4.785,1.047,0.0,0.0,0,0.0,-0.0,0,0.0,0.0
0,145,2.9,approach,0.04462,0.04353,0.00983,0.04462,0.012,0.18,86.89,0.3033,0.0159,4.858,1.408,0.0,0.0,0,0.0,-0.0,0,0.0,0.0
1,145,2.9,approach,0.04527,0.04249,0.0156,0.04527,0.012,0.62,86.65,0.3032,0.0158,4.891,1.284,0.0,0.0,0,0.0,-0.0,0,0.0,0.0
2,145,2.9,approach,0.0457,0.04273,0.01621,0.0457,0.012,0.1,85.97,0.3033,0.0161,4.799,1.047,0.0,0.0,0,0.0,-0.0,0,0.0,0.0
3,145,2.9,approach,0.04717,0.04478,0.01484,0.04717,0.012,0.06,85.42,0.3034,0.0162,4.829,1.006,0.0,0.0,0,0.0,-0.0,0,0.0,0.0
0,146,2.92,approach,0.04468,0.04313,0.01168,0.04468,0.012,0.18,85.11,0.3033,0.016,4.871,1.043,0.0,0.0,0,0.0,-0.0,0,0.0,0.0
1,146,2.92,approach,0.04503,0.04175,0.01689,0.04503,0.012,0.5,85.05,0.3031,0.0159,4.905,1.014,0.0,0.0,0,0.0,-0.0,0,0.0,0.0
2,146,2.92,approach,0.04707,0.044,0.01674,0.04707,0.012,-0.06,86.49,0.3032,0.016,4.838,0.855,0.0,0.0,0,0.0,-0.0,0,0.0,0.0
3,146,2.92,approach,0.04458,0.04233,0.01397,0.04458,0.012,-0.47,86.4,0.3033,0.0161,4.839,1.036,0.0,0.0,0,0.0,-0.0,0,0.0,0.0
0,147,2.94,approach,0.04697,0.04539,0.01205,0.04697,0.012,-0.05,84.92,0.3032,0.0159,4.915,0.975,0.0,0.0,0,0.0,-0.0,0,0.0,0.0
1,147,2.94,approach,0.04746,0.04404,0.01769,0.04746,0.012,0.31,85.09,0.303,0.0158,4.951,1.03,0.0,0.0,0,0.0,-0.0,0,0.0,0.0
2,147,2.94,approach,0.04553,0.04233,0.01677,0.04553,0.012,-0.29,85.91,0.3032,0.016,4.844,0.95,0.0,0.0,0,0.0,-0.0,0,0.0,0.0
3,147,2.94,approach,0.04628,0.04388,0.01472,0.04628,0.012,0.01,86.6,0.3033,0.0161,4.884,1.237,0.0,0.0,0,0.0,-0.0,0,0.0,0.0
0,148,2.96,approach,0.04424,0.04276,0.01136,0.04424,0.012,-0.64,86.03,0.3031,0.0158,4.927,1.037,0.0,0.0,0,0.0,-0.0,0,0.0,0.0
1,148,2.96,approach,0.0449,0.04171,0.01664,0.0449,0.012,-0.24,86.16,0.303,0.0158,4.965,1.039,0.0,0.0,0,0.0,-0.0,0,0.0,0.0
2,148,2.96,approach,0.04725,0.04371,0.01795,0.04725,0.012,-0.14,86.26,0.3031,0.0159,4.888,1.008,0.0,0.0,0,0.0,-0.0,0,0.0,0.0
3,148,2.96,approach,0.04638,0.04348,0.01613,0.04638,0.012,-0.12,85.05,0.3033,0.0161,4.897,1.047,0.0,0.0,0,0.0,-0.0,0,0.0,0.0
0,149,2.98,approach,0.04575,0.04418,0.01188,0.04575,0.012,-0.19,86.64,0.3031,0.0157,4.974,1.289,0.0,0.0,0,0.0,-0.0,0,0.0,0.0
1,149,2.98,approach,0.04647,0.04299,0.01764,0.04647,0.012,0.23,86.77,0.3029,0.0157,5.013,1.303,0.0,0.0,0,0.0,-0.0,0,0.0,0.0
2,149,2.98,approach,0.04615,0.04237,0.01828,0.04615,0.012,-0.52,85.58,0.3031,0.0159,4.896,1.048,0.0,0.0,0,0.0,-0.0,0,0.0,0.0
3,149,2.98,approach,0.04831,0.04539,0.01655,0.04831,0.012,-0.41,85.07,0.3033,0.016,4.939,0.909,0.0,0.0,0,0.0,-0.0,0,0.0,0.0
0,150,3.0,approach,0.04553,0.04346,0.01358,0.04553,0.012,-0.33,85.03,0.3031,0.0158,4.986,1.047,0.0,0.0,0,0.0,-0.0,0,0.0,0.0
1,150,3.0,approach,0.0463,0.04223,0.01899,0.0463,0.012,0.09,85.02,0.3029,0.0158,5.027,1.001,0.0,0.0,0,0.0,-0.0,0,0.0,0.0
2,150,3.0,approach,0.04797,0.04416,0.01873,0.04797,0.012,-0.56,85.93,0.303,0.0159,4.935,0.915,0.0,0.0,0,0.0,-0.0,0,0.0,0.0
3,150,3.0,approach,0.04553,0.04267,0.0159,0.04553,0.012,-0.97,86.1,0.3032,0.0159,4.949,1.036,0.0,0.0,0,0.0,-0.0,0,0.0,0.0
0,151,3.02,approach,0.04801,0.04588,0.01413,0.04801,0.012,-0.53,84.86,0.3031,0.0157,5.029,0.962,0.0,0.0,0,0.0,-0.0,0,0.0,0.0
1,151,3.02,approach,0.04879,0.04456,0.01987,0.04879,0.012,-0.06,85.16,0.3028,0.0157,5.073,1.028,0.0,0.0,0,0.0,-0.0,0,0.0,0.0
2,151,3.02,approach,0.04651,0.04264,0.01857,0.04651,0.012,-0.86,85.98,0.3029,0.0158,4.939,1.028,0.0,0.0,0,0.0,-0.0,0,0.0,0.0
3,151,3.02,approach,0.04692,0.04386,0.01668,0.04692,0.012,-0.58,86.47,0.3033,0.0158,4.997,1.153,0.0,0.0,0,0.0,-0.0,0,0.0,0.0
0,152,3.04,approach,0.04525,0.0432,0.01345,0.04525,0.012,-1.16,85.77,0.303,0.0156,5.038,1.047,0.0,0.0,0,0.0,-0.0,0,0.0,0.0
1,152,3.04,approach,0.04607,0.04206,0.01878,0.04607,0.012,-0.65,85.99,0.3028,0.0156,5.085,1.038,0.0,0.0,0,0.0,-0.0,0,0.0,0.0
2,152,3.04,approach,0.0479,0.04371,0.0196,0.0479,0.012,-0.81,86.35,0.3029,0.0157,4.978,0.96,0.0,0.0,0,0.0,-0.0,0,0.0,0.0
3,152,3.04,approach,0.04666,0.04302,0.01806,0.04666,0.012,-0.74,84.94,0.3033,0.0158,5.008,1.047,0.0,0.0,0,0.0,-0.0,0,0.0,0.0
0,153,3.06,approach,0.0467,0.04458,0.01393,0.0467,0.012,-0.74,86.33,0.303,0.0155,5.085,1.341,0.0,0.0,0,0.0,-0.0,0,0.0,0.0
1,153,3.06,approach,0.04757,0.0433,0.0197,0.04757,0.012,-0.2,86.47,0.3028,0.0156,5.133,1.327,0.0,0.0,0,0.0,-0.0,0,0.0,0.0
2,153,3.06,approach,0.04637,0.04189,0.01988,0.04637,0.012,-1.19,85.44,0.3029,0.0157,4.986,1.017,0.0,0.0,0,0.0,-0.0,0,0.0,0.0
3,153,3.06,approach,0.04908,0.04537,0.01873,0.04908,0.012,-0.96,84.8,0.3032,0.0157,5.05,0.919,0.0,0.0,0,0.0,-0.0,0,0.0,0.0
0,154,3.08,approach,0.04676,0.04406,0.01565,0.04676,0.012,-0.81,84.78,0.303,0.0155,5.098,1.008,0.0,0.0,0,0.0,-0.0,0,0.0,0.0
1,154,3.08,approach,0.04767,0.04277,0.02105,0.04767,0.012,-0.26,84.97,0.3027,0.0156,5.148,0.925,0.0,0.0,0,0.0,-0.0,0,0.0,0.0
2,154,3.08,approach,0.04787,0.04316,0.02069,0.04787,0.012,-1.16,85.71,0.3028,0.0156,5.028,0.986,0.0,0.0,0,0.0,-0.0,0,0.0,0.0
3,154,3.08,approach,0.04623,0.04266,0.01782,0.04623,0.012,-1.63,85.68,0.3032,0.0156,5.058,1.043,0.0,0.0,0,0.0,-0.0,0,0.0,0.0
0,155,3.1,approach,0.04915,0.04645,0.01606,0.04915,0.012,-1.03,84.57,0.303,0.0155,5.142,0.95,0.0,0.0,0,0.0,-0.0,0,0.0,0.0
1,155,3.1,approach,0.05004,0.04504,0.0218,0.05004,0.012,-0.49,84.87,0.3027,0.0156,5.195,1.007,0.0,0.0,0,0.0,-0.0,0,0.0,0.0
2,155,3.1,approach,0.04728,0.04242,0.02089,0.04728,0.012,-1.39,85.38,0.3028,0.0155,5.035,1.042,0.0,0.0,0,0.0,-0.0,0,0.0,0.0
3,155,3.1,approach,0.04767,0.04391,0.01858,0.04767,0.012,-1.26,86.28,0.3032,0.0155,5.104,1.275,0.0,0.0,0,0.0,-0.0,0,0.0,0.0
0,156,3.12,approach,0.04635,0.04372,0.01538,0.04635,0.012,-1.66,85.43,0.3029,0.0154,5.152,1.045,0.0,0.0,0,0.0,-0.0,0,0.0,0.0
1,156,3.12,approach,0.04727,0.04245,0.02079,0.04727,0.012,-1.06,85.81,0.3026,0.0155,5.206,1.039,0.0,0.0,0,0.0,-0.0,0,0.0,0.0
2,156,3.12,approach,0.04881,0.04393,0.02126,0.04881,0.012,-1.54,85.85,0.3027,0.0154,5.073,0.908,0.0,0.0,0,0.0,-0.0,0,0.0,0.0
3,156,3.12,approach,0.04785,0.04342,0.02011,0.04785,0.012,-1.37,84.74,0.3033,0.0155,5.118,1.039,0.0,0.0,0,0.0,-0.0,0,0.0,0.0
0,157,3.14,approach,0.04776,0.04503,0.01592,0.04776,0.012,-1.26,86.06,0.303,0.0153,5.199,1.292,0.0,0.0,0,0.0,-0.0,0,0.0,0.0
1,157,3.14,approach,0.04864,0.04347,0.02181,0.04864,0.012,-0.63,86.45,0.3026,0.0154,5.254,1.24,0.0,0.0,0,0.0,-0.0,0,0.0,0.0
2,157,3.14,approach,0.04717,0.04212,0.02122,0.04717,0.012,-1.87,85.4,0.3027,0.0153,5.077,0.974,0.0,0.0,0,0.0,-0.0,0,0.0,0.0
3,157,3.14,approach,0.04997,0.04554,0.02057,0.04997,0.012,-1.63,84.54,0.3032,0.0154,5.161,0.903,0.0,0.0,0,0.0,-0.0,0,0.0,0.0
0,158,3.16,approach,0.04775,0.04436,0.01767,0.04775,0.012,-1.37,84.55,0.303,0.0153,5.213,1.035,0.0,0.0,0,0.0,-0.0,0,0.0,0.0
1,158,3.16,approach,0.04871,0.04284,0.02317,0.04871,0.012,-0.75,84.77,0.3026,0.0155,5.269,0.925,0.0,0.0,0,0.0,-0.0,0,0.0,0.0
2,158,3.16,approach,0.04865,0.04314,0.0225,0.04865,0.012,-1.77,85.63,0.3027,0.0152,5.119,0.948,0.0,0.0,0,0.0,-0.0,0,0.0,0.0
3,158,3.16,approach,0.04732,0.04298,0.01979,0.04732,0.012,-2.17,85.27,0.3032,0.0152,5.172,1.038,0.0,0.0,0,0.0,-0.0,0,0.0,0.0
0,159,3.18,approach,0.05016,0.04675,0.01816,0.05016,0.012,-1.56,84.34,0.303,0.0152,5.256,0.951,0.0,0.0,0,0.0,-0.0,0,0.0,0.0
1,159,3.18,approach,0.05131,0.04534,0.02402,0.05131,0.012,-0.88,84.78,0.3026,0.0154,5.316,1.009,0.0,0.0,0,0.0,-0.0,0,0.0,0.0
2,159,3.18,approach,0.04732,0.04147,0.02278,0.04732,0.012,-2.16,84.98,0.3027,0.0151,5.126,1.039,0.0,0.0,0,0.0,-0.0,0,0.0,0.0
3,159,3.18,approach,0.04877,0.04423,0.02057,0.04877,0.012,-1.8,85.77,0.3033,0.0151,5.221,1.115,0.0,0.0,0,0.0,-0.0,0,0.0,0.0
0,160,3.2,approach,0.04742,0.04412,0.01738,0.04742,0.012,-2.2,85.03,0.3029,0.0151,5.266,1.048,0.0,0.0,0,0.0,-0.0,0,0.0,0.0
1,160,3.2,approach,0.04864,0.04293,0.02286,0.04864,0.012,-1.46,85.52,0.3026,0.0153,5.328,1.039,0.0,0.0,0,0.0,-0.0,0,0.0,0.0
2,160,3.2,approach,0.04894,0.04304,0.02329,0.04894,0.012,-2.17,85.16,0.3027,0.015,5.167,0.946,0.0,0.0,0,0.0,-0.0,0,0.0,0.0
3,160,3.2,approach,0.04871,0.04349,0.02194,0.04871,0.012,-1.96,84.39,0.3034,0.0151,5.236,1.047,0.0,0.0,0,0.0,-0.0,0,0.0,0.0
0,161,3.22,approach,0.04889,0.04552,0.01783,0.04889,0.012,-1.8,85.67,0.303,0.015,5.315,1.306,0.0,0.0,0,0.0,-0.0,0,0.0,0.0
1,161,3.22,approach,0.05013,0.04411,0.02383,0.05013,0.012,-1.03,86.19,0.3026,0.0153,5.376,1.269,0.0,0.0,0,0.0,-0.0,0,0.0,0.0
2,161,3.22,approach,0.04843,0.04241,0.02338,0.04843,0.012,-2.4,85.16,0.3027,0.0149,5.173,0.998,0.0,0.0,0,0.0,-0.0,0,0.0,0.0
3,161,3.22,approach,0.0511,0.04585,0.02256,0.0511,0.012,-2.18,84.4,0.3034,0.015,5.279,0.893,0.0,0.0,0,0.0,-0.0,0,0.0,0.0
0,162,3.24,approach,0.04897,0.0449,0.01956,0.04897,0.012,-1.9,84.25,0.303,0.015,5.328,1.031,0.0,0.0,0,0.0,-0.0,0,0.0,0.0
1,162,3.24,approach,0.05034,0.04353,0.02528,0.05034,0.012,-1.17,84.76,0.3026,0.0153,5.392,0.918,0.0,0.0,0,0.0,-0.0,0,0.0,0.0
2,162,3.24,approach,0.05034,0.04416,0.02417,0.05034,0.012,-2.44,85.35,0.3027,0.0147,5.211,0.861,0.0,0.0,0,0.0,-0.0,0,0.0,0.0
3,162,3.24,approach,0.04827,0.04316,0.02162,0.04827,0.012,-2.84,84.87,0.3034,0.0148,5.288,1.046,0.0,0.0,0,0.0,-0.0,0,0.0,0.0
0,163,3.26,approach,0.05139,0.0473,0.02008,0.05139,0.012,-2.1,84.06,0.303,0.0149,5.372,0.942,0.0,0.0,0,0.0,-0.0,0,0.0,0.0
1,163,3.26,approach,0.05249,0.04562,0.02596,0.05249,0.012,-1.37,84.67,0.3026,0.0152,5.439,0.978,0.0,0.0,0,0.0,-0.0,0,0.0,0.0
2,163,3.26,approach,0.04773,0.04144,0.02369,0.04773,0.012,-2.96,84.98,0.3027,0.0146,5.218,1.022,0.0,0.0,0,0.0,-0.0,0,0.0,0.0
3,163,3.26,approach,0.04971,0.04434,0.02248,0.04971,0.012,-2.49,85.44,0.3034,0.0147,5.337,1.262,0.0,0.0,0,0.0,-0.0,0,0.0,0.0
0,164,3.28,approach,0.04867,0.04467,0.01935,0.04867,0.012,-2.72,84.73,0.303,0.0148,5.384,1.047,0.0,0.0,0,0.0,-0.0,0,0.0,0.0
1,164,3.28,approach,0.04999,0.04327,0.02504,0.04999,0.012,-1.85,85.38,0.3026,0.0152,5.452,1.039,0.0,0.0,0,0.0,-0.0,0,0.0,0.0
2,164,3.28,approach,0.04852,0.04175,0.02472,0.04852,0.012,-2.83,84.91,0.3028,0.0145,5.262,0.985,0.0,0.0,0,0.0,-0.0,0,0.0,0.0
3,164,3.28,approach,0.04995,0.04376,0.02408,0.04995,0.012,-2.59,84.12,0.3035,0.0146,5.353,1.048,0.0,0.0,0,0.0,-0.0,0,0.0,0.0
0,165,3.3,approach,0.0501,0.04603,0.0198,0.0501,0.012,-2.33,85.31,0.303,0.0147,5.433,1.282,0.0,0.0,0,0.0,-0.0,0,0.0,0.0
1,165,3.3,approach,0.05141,0.04437,0.02597,0.05141,0.012,-1.44,85.77,0.3026,0.0151,5.504,1.118,0.0,0.0,0,0.0,-0.0,0,0.0,0.0
2,165,3.3,approach,0.04808,0.04065,0.02568,0.04808,0.012,-3.08,84.05,0.3028,0.0144,5.271,1.048,0.0,0.0,0,0.0,-0.0,0,0.0,0.0
3,165,3.3,approach,0.05218,0.04603,0.02457,0.05218,0.012,-2.83,83.84,0.3035,0.0145,5.397,0.877,0.0,0.0,0,0.0,-0.0,0,0.0,0.0
0,166,3.32,approach,0.05019,0.04535,0.02152,0.05019,0.012,-2.44,83.9,0.3031,0.0147,5.448,1.047,0.0,0.0,0,0.0,-0.0,0,0.0,0.0
1,166,3.32,approach,0.05139,0.04358,0.02722,0.05139,0.012,-1.62,84.37,0.3027,0.0151,5.519,0.992,0.0,0.0,0,0.0,-0.0,0,0.0,0.0
2,166,3.32,approach,0.04974,0.04242,0.02597,0.04974,0.012,-3.36,84.21,0.3028,0.0143,5.309,0.733,0.0,0.0,0,0.0,-0.0,0,0.0,0.0
3,166,3.32,approach,0.04956,0.04354,0.02366,0.04956,0.012,-3.4,84.42,0.3035,0.0144,5.41,1.047,0.0,0.0,0,0.0,-0.0,0,0.0,0.0
0,167,3.34,approach,0.05254,0.04769,0.02204,0.05254,0.012,-2.64,83.77,0.3031,0.0146,5.492,0.947,0.0,0.0,0,0.0,-0.0,0,0.0,0.0
1,167,3.34,approach,0.0539,0.04594,0.02819,0.0539,0.012,-1.79,84.51,0.3027,0.015,5.564,1.026,0.0,0.0,0,0.0,-0.0,0,0.0,0.0
2,167,3.34,approach,0.04891,0.04179,0.02541,0.04891,0.012,-3.76,84.63,0.3028,0.0142,5.317,0.734,0.0,0.0,0,0.0,-0.0,0,0.0,0.0
3,167,3.34,approach,0.05098,0.04474,0.02445,0.05098,0.012,-3.07,84.94,0.3036,0.0142,5.462,1.132,0.0,0.0,0,0.0,-0.0,0,0.0,0.0
0,168,3.36,approach,0.04982,0.04507,0.02124,0.04982,0.012,-3.29,84.28,0.3031,0.0145,5.504,1.048,0.0,0.0,0,0.0,-0.0,0,0.0,0.0
1,168,3.36,approach,0.05124,0.04351,0.02706,0.05124,0.012,-2.43,85.14,0.3027,0.015,5.577,1.047,0.0,0.0,0,0.0,-0.0,0,0.0,0.0
2,168,3.36,approach,0.05139,0.04391,0.0267,0.05139,0.012,-3.46,84.91,0.3029,0.014,5.354,0.69,0.0,0.0,0,0.0,-0.0,0,0.0,0.0
3,168,3.36,approach,0.05103,0.04397,0.0259,0.05103,0.012,-3.24,83.7,0.3037,0.0142,5.478,1.047,0.0,0.0,0,0.0,-0.0,0,0.0,0.0
0,169,3.38,approach,0.05124,0.04643,0.02168,0.05124,0.012,-2.91,84.85,0.3031,0.0144,5.554,1.3,0.0,0.0,0,0.0,-0.0,0,0.0,0.0
1,169,3.38,approach,0.05262,0.04453,0.02802,0.05262,0.012,-2.04,85.71,0.3027,0.0149,5.627,1.318,0.0,0.0,0,0.0,-0.0,0,0.0,0.0
2,169,3.38,approach,0.04855,0.04081,0.02631,0.04855,0.012,-4.04,84.13,0.3029,0.0139,5.36,1.041,0.0,0.0,0,0.0,-0.0,0,0.0,0.0
3,169,3.38,approach,0.0533,0.04623,0.02654,0.0533,0.012,-3.46,83.58,0.3037,0.0141,5.523,0.853,0.0,0.0,0,0.0,-0.0,0,0.0,0.0
0,170,3.4,approach,0.05142,0.04577,0.02344,0.05142,0.012,-3.02,83.53,0.3032,0.0144,5.569,1.039,0.0,0.0,0,0.0,-0.0,0,0.0,0.0
1,170,3.4,approach,0.05303,0.04403,0.02955,0.05303,0.012,-2.12,84.2,0.3028,0.0149,5.644,0.905,0.0,0.0,0,0.0,-0.0,0,0.0,0.0
2,170,3.4,approach,0.04919,0.04096,0.02723,0.04919,0.012,-3.99,83.86,0.303,0.0138,5.409,1.039,0.0,0.0,0,0.0,-0.0,0,0.0,0.0
3,170,3.4,approach,0.05054,0.04358,0.0256,0.05054,0.012,-4.1,83.9,0.3038,0.014,5.535,1.048,0.0,0.0,0,0.0,-0.0,0,0.0,0.0
0,171,3.42,approach,0.05374,0.04811,0.02395,0.05374,0.012,-3.23,83.33,0.3032,0.0143,5.614,0.931,0.0,0.0,0,0.0,-0.0,0,0.0,0.0
1,171,3.42,approach,0.0555,0.04649,0.03032,0.0555,0.012,-2.28,84.1,0.3028,0.0148,5.693,0.958,0.0,0.0,0,0.0,-0.0,0,0.0,0.0
2,171,3.42,approach,0.04868,0.03974,0.02812,0.04868,0.012,-4.27,83.19,0.3031,0.0137,5.421,1.045,0.0,0.0,0,0.0,-0.0,0,0.0,0.0
3,171,3.42,approach,0.05197,0.04476,0.0264,0.05197,0.012,-3.78,84.35,0.3039,0.0138,5.588,1.225,0.0,0.0,0,0.0,-0.0,0,0.0,0.0
0,172,3.44,approach,0.0511,0.04554,0.02317,0.0511,0.012,-3.85,83.86,0.3032,0.0142,5.626,1.047,0.0,0.0,0,0.0,-0.0,0,0.0,0.0
1,172,3.44,approach,0.05293,0.04417,0.02917,0.05293,0.012,-2.82,84.67,0.3028,0.0148,5.707,1.042,0.0,0.0,0,0.0,-0.0,0,0.0,0.0
2,172,3.44,approach,0.05007,0.04129,0.02832,0.05007,0.012,-4.51,83.41,0.3031,0.0136,5.459,0.669,0.0,0.0,0,0.0,-0.0,0,0.0,0.0
3,172,3.44,approach,0.05219,0.04409,0.02792,0.05219,0.012,-3.89,83.18,0.304,0.0138,5.606,1.047,0.0,0.0,0,0.0,-0.0,0,0.0,0.0
0,173,3.46,approach,0.05251,0.04691,0.0236,0.05251,0.012,-3.47,84.42,0.3033,0.0141,5.678,1.273,0.0,0.0,0,0.0,-0.0,0,0.0,0.0
1,173,3.46,approach,0.05435,0.04523,0.03012,0.05435,0.012,-2.44,85.32,0.3028,0.0147,5.759,1.19,0.0,0.0,0,0.0,-0.0,0,0.0,0.0
2,173,3.46,approach,0.05055,0.04193,0.02823,0.05055,0.012,-4.79,83.71,0.3031,0.0134,5.472,0.637,0.0,0.0,0,0.0,-0.0,0,0.0,0.0
3,173,3.46,approach,0.05437,0.04632,0.02848,0.05437,0.012,-4.12,82.93,0.304,0.0137,5.652,0.844,0.0,0.0,0,0.0,-0.0,0,0.0,0.0
0,174,3.48,approach,0.05268,0.04619,0.02532,0.05268,0.012,-3.59,83.11,0.3034,0.0141,5.694,1.047,0.0,0.0,0,0.0,-0.0,0,0.0,0.0
1,174,3.48,approach,0.05456,0.04445,0.03163,0.05456,0.012,-2.62,83.98,0.3029,0.0147,5.775,0.972,0.0,0.0,0,0.0,-0.0,0,0.0,0.0
2,174,3.48,approach,0.05235,0.04357,0.02902,0.05235,0.012,-4.76,83.9,0.3032,0.0133,5.503,0.478,0.0,0.0,0,0.0,-0.0,0,0.0,0.0
3,174,3.48,approach,0.05175,0.04382,0.02754,0.05175,0.012,-4.74,83.36,0.304,0.0136,5.667,1.047,0.0,0.0,0,0.0,-0.0,0,0.0,0.0
0,175,3.5,approach,0.05493,0.04847,0.02585,0.05493,0.012,-3.81,82.96,0.3034,0.014,5.739,0.937,0.0,0.0,0,0.0,-0.0,0,0.0,0.0
1,175,3.5,approach,0.05697,0.04678,0.03252,0.05697,0.012,-2.78,83.98,0.3029,0.0146,5.823,1.0,0.0,0.0,0,0.0,-0.0,0,0.0,0.0
2,175,3.5,approach,0.05064,0.04148,0.02904,0.05064,0.012,-5.08,83.52,0.3033,0.0132,5.52,0.89,0.0,0.0,0,0.0,-0.0,0,0.0,0.0
3,175,3.5,approach,0.05313,0.04496,0.02831,0.05313,0.012,-4.43,83.86,0.3042,0.0134,5.721,1.153,0.0,0.0,0,0.0,-0.0,0,0.0,0.0
0,176,3.52,approach,0.05231,0.04591,0.02507,0.05231,0.012,-4.44,83.39,0.3034,0.014,5.752,1.046,0.0,0.0,0,0.0,-0.0,0,0.0,0.0
1,176,3.52,approach,0.05446,0.04451,0.03139,0.05446,0.012,-3.33,84.4,0.3029,0.0146,5.838,1.042,0.0,0.0,0,0.0,-0.0,0,0.0,0.0
2,176,3.52,approach,0.05136,0.04164,0.03007,0.05136,0.012,-4.93,83.15,0.3034,0.0131,5.565,0.797,0.0,0.0,0,0.0,-0.0,0,0.0,0.0
3,176,3.52,approach,0.05329,0.04418,0.02979,0.05329,0.012,-4.57,82.72,0.3043,0.0134,5.74,1.047,0.0,0.0,0,0.0,-0.0,0,0.0,0.0
0,177,3.54,approach,0.05368,0.04725,0.02548,0.05368,0.012,-4.08,83.92,0.3035,0.0139,5.805,1.266,0.0,0.0,0,0.0,-0.0,0,0.0,0.0
1,177,3.54,approach,0.05586,0.0456,0.03226,0.05586,0.012,-2.94,84.9,0.303,0.0145,5.891,1.209,0.0,0.0,0,0.0,-0.0,0,0.0,0.0
2,177,3.54,approach,0.05054,0.04034,0.03044,0.05054,0.012,-5.24,82.33,0.3034,0.013,5.576,0.856,0.0,0.0,0,0.0,-0.0,0,0.0,0.0
3,177,3.54,approach,0.05545,0.04637,0.0304,0.05545,0.012,-4.81,82.5,0.3043,0.0133,5.787,0.841,0.0,0.0,0,0.0,-0.0,0,0.0,0.0
0,178,3.56,approach,0.05388,0.04651,0.0272,0.05388,0.012,-4.19,82.68,0.3036,0.0139,5.821,1.047,0.0,0.0,0,0.0,-0.0,0,0.0,0.0
1,178,3.56,approach,0.05614,0.0449,0.0337,0.05614,0.012,-3.08,83.57,0.3031,0.0145,5.909,0.976,0.0,0.0,0,0.0,-0.0,0,0.0,0.0
2,178,3.56,approach,0.05264,0.04261,0.0309,0.05264,0.012,-5.42,82.59,0.3035,0.0129,5.623,0.812,0.0,0.0,0,0.0,-0.0,0,0.0,0.0
3,178,3.56,approach,0.05287,0.04389,0.02948,0.05287,0.012,-5.42,82.76,0.3044,0.0132,5.802,1.044,0.0,0.0,0,0.0,-0.0,0,0.0,0.0
0,179,3.58,approach,0.05611,0.04877,0.02774,0.05611,0.012,-4.42,82.47,0.3036,0.0138,5.867,0.929,0.0,0.0,0,0.0,-0.0,0,0.0,0.0
1,179,3.58,approach,0.05851,0.04719,0.03459,0.05851,0.012,-3.28,83.55,0.3031,0.0145,5.957,1.001,0.0,0.0,0,0.0,-0.0,0,0.0,0.0
2,179,3.58,approach,0.05133,0.04135,0.03042,0.05133,0.012,-5.9,82.86,0.3035,0.0127,5.627,1.006,0.0,0.0,0,0.0,-0.0,0,0.0,0.0
3,179,3.58,approach,0.05428,0.04508,0.03024,0.05428,0.012,-5.11,83.21,0.3045,0.0131,5.858,1.167,0.0,0.0,0,0.0,-0.0,0,0.0,0.0
0,180,3.6,approach,0.05361,0.04631,0.02699,0.05361,0.012,-5.02,82.88,0.3036,0.0137,5.882,1.044,0.0,0.0,0,0.0,-0.0,0,0.0,0.0
1,180,3.6,approach,0.05597,0.04485,0.03348,0.05597,0.012,-3.84,84.02,0.3031,0.0144,5.973,1.047,0.0,0.0,0,0.0,-0.0,0,0.0,0.0
2,180,3.6,approach,0.0537,0.04331,0.03175,0.0537,0.012,-5.71,83.19,0.3036,0.0126,5.67,0.991,0.0,0.0,0,0.0,-0.0,0,0.0,0.0
3,180,3.6,approach,0.0545,0.04435,0.03168,0.0545,0.012,-5.24,82.16,0.3046,0.0131,5.879,1.047,0.0,0.0,0,0.0,-0.0,0,0.0,0.0
0,181,3.62,approach,0.05495,0.04765,0.02736,0.05495,0.012,-4.67,83.43,0.3037,0.0137,5.935,1.23,0.0,0.0,0,0.0,-0.0,0,0.0,0.0
1,181,3.62,approach,0.05732,0.04585,0.0344,0.05732,0.012,-3.46,84.67,0.3032,0.0144,6.027,1.245,0.0,0.0,0,0.0,-0.0,0,0.0,0.0
2,181,3.62,approach,0.05192,0.04113,0.03169,0.05192,0.012,-6.14,82.35,0.3037,0.0125,5.681,1.019,0.0,0.0,0,0.0,-0.0,0,0.0,0.0
3,181,3.62,approach,0.05658,0.04649,0.03226,0.05658,0.012,-5.5,81.91,0.3047,0.013,5.926,0.822,0.0,0.0,0,0.0,-0.0,0,0.0,0.0
0,182,3.64,approach,0.05515,0.04688,0.02903,0.05515,0.012,-4.8,82.22,0.3038,0.0137,5.953,1.047,0.0,0.0,0,0.0,-0.0,0,0.0,0.0
1,182,3.64,approach,0.05761,0.04505,0.0359,0.05761,0.012,-3.63,83.22,0.3033,0.0144,6.045,0.974,0.0,0.0,0,0.0,-0.0,0,0.0,0.0
2,182,3.64,approach,0.0528,0.04157,0.03256,0.0528,0.012,-6.05,82.35,0.3037,0.0124,5.727,0.958,0.0,0.0,0,0.0,-0.0,0,0.0,0.0
3,182,3.64,approach,0.05421,0.04417,0.03143,0.05421,0.012,-6.08,82.23,0.3047,0.0129,5.944,1.041,0.0,0.0,0,0.0,-0.0,0,0.0,0.0
0,183,3.66,approach,0.05736,0.04913,0.0296,0.05736,0.012,-5.02,82.04,0.3039,0.0136,5.999,0.93,0.0,0.0,0,0.0,-0.0,0,0.0,0.0
1,183,3.66,approach,0.06002,0.04739,0.03683,0.06002,0.012,-3.79,83.2,0.3033,0.0144,6.095,0.989,0.0,0.0,0,0.0,-0.0,0,0.0,0.0
2,183,3.66,approach,0.05259,0.04095,0.03299,0.05259,0.012,-6.32,81.58,0.3038,0.0123,5.741,0.969,0.0,0.0,0,0.0,-0.0,0,0.0,0.0
3,183,3.66,approach,0.05555,0.04528,0.03218,0.05555,0.012,-5.79,82.64,0.3048,0.0129,6.001,1.113,0.0,0.0,0,0.0,-0.0,0,0.0,0.0
0,184,3.68,approach,0.05492,0.0467,0.0289,0.05492,0.012,-5.63,82.39,0.3039,0.0136,6.015,1.043,0.0,0.0,0,0.0,-0.0,0,0.0,0.0
1,184,3.68,approach,0.05754,0.04519,0.03562,0.05754,0.012,-4.34,83.61,0.3033,0.0144,6.112,1.048,0.0,0.0,0,0.0,-0.0,0,0.0,0.0
2,184,3.68,approach,0.05495,0.04352,0.03355,0.05495,0.012,-6.38,81.87,0.3038,0.0122,5.784,0.744,0.0,0.0,0,0.0,-0.0,0,0.0,0.0
3,184,3.68,approach,0.05571,0.04446,0.03357,0.05571,0.012,-5.92,81.58,0.305,0.0129,6.022,1.047,0.0,0.0,0,0.0,-0.0,0,0.0,0.0
0,185,3.7,approach,0.05624,0.04804,0.02925,0.05624,0.012,-5.29,82.89,0.304,0.0135,6.069,1.221,0.0,0.0,0,0.0,-0.0,0,0.0,0.0
1,185,3.7,approach,0.0589,0.04626,0.03646,0.0589,0.012,-3.97,84.16,0.3034,0.0143,6.167,1.204,0.0,0.0,0,0.0,-0.0,0,0.0,0.0
2,185,3.7,approach,0.05266,0.04147,0.03245,0.05266,0.012,-6.97,81.93,0.3038,0.0121,5.794,0.896,0.0,0.0,0,0.0,-0.0,0,0.0,0.0
3,185,3.7,approach,0.05779,0.0466,0.03418,0.05779,0.012,-6.17,81.39,0.305,0.0128,6.072,0.861,0.0,0.0,0,0.0,-0.0,0,0.0,0.0
0,186,3.72,approach,0.05649,0.04728,0.03091,0.05649,0.012,-5.4,81.76,0.3041,0.0136,6.087,1.047,0.0,0.0,0,0.0,-0.0,0,0.0,0.0
1,186,3.72,approach,0.05929,0.04553,0.03798,0.05929,0.012,-4.12,82.89,0.3034,0.0144,6.185,0.978,0.0,0.0,0,0.0,-0.0,0,0.0,0.0
2,186,3.72,approach,0.05422,0.04235,0.03386,0.05422,0.012,-6.77,82.17,0.304,0.0119,5.844,1.025,0.0,0.0,0,0.0,-0.0,0,0.0,0.0
3,186,3.72,approach,0.0555,0.04433,0.03338,0.0555,0.012,-6.75,81.62,0.3051,0.0128,6.089,1.005,0.0,0.0,0,0.0,-0.0,0,0.0,0.0
0,187,3.74,approach,0.05866,0.04951,0.03147,0.05866,0.012,-5.63,81.55,0.3041,0.0135,6.135,0.929,0.0,0.0,0,0.0,-0.0,0,0.0,0.0
1,187,3.74,approach,0.06169,0.04785,0.03893,0.06169,0.012,-4.3,82.87,0.3035,0.0144,6.236,0.988,0.0,0.0,0,0.0,-0.0,0,0.0,0.0
2,187,3.74,approach,0.05467,0.04171,0.03534,0.05467,0.012,-6.97,81.38,0.304,0.0119,5.859,1.048,0.0,0.0,0,0.0,-0.0,0,0.0,0.0
3,187,3.74,approach,0.05689,0.04551,0.03413,0.05689,0.012,-6.46,82.03,0.3052,0.0127,6.147,1.068,0.0,0.0,0,0.0,-0.0,0,0.0,0.0
0,188,3.76,approach,0.05634,0.04718,0.03079,0.05634,0.012,-6.22,81.89,0.3041,0.0135,6.151,1.041,0.0,0.0,0,0.0,-0.0,0,0.0,0.0
1,188,3.76,approach,0.0592,0.04558,0.03778,0.0592,0.012,-4.85,83.26,0.3035,0.0144,6.254,1.048,0.0,0.0,0,0.0,-0.0,0,0.0,0.0
2,188,3.76,approach,0.05616,0.04345,0.03559,0.05616,0.012,-7.13,81.32,0.304,0.0118,5.898,0.582,0.0,0.0,0,0.0,-0.0,0,0.0,0.0
3,188,3.76,approach,0.05722,0.0449,0.03548,0.05722,0.012,-6.58,81.1,0.3053,0.0127,6.17,1.047,0.0,0.0,0,0.0,-0.0,0,0.0,0.0
0,189,3.78,approach,0.05762,0.0485,0.03112,0.05762,0.012,-5.89,82.39,0.3042,0.0135,6.207,1.195,0.0,0.0,0,0.0,-0.0,0,0.0,0.0
1,189,3.78,approach,0.06049,0.04654,0.03863,0.06049,0.012,-4.49,83.79,0.3036,0.0143,6.31,1.211,0.0,0.0,0,0.0,-0.0,0,0.0,0.0
2,189,3.78,approach,0.05454,0.0425,0.03418,0.05454,0.012,-7.56,81.25,0.3041,0.0117,5.921,0.891,0.0,0.0,0,0.0,-0.0,0,0.0,0.0
3,189,3.78,approach,0.05939,0.04714,0.03612,0.05939,0.012,-6.81,80.85,0.3054,0.0127,6.22,0.838,0.0,0.0,0,0.0,-0.0,0,0.0,0.0
0,190,3.8,approach,0.05787,0.0477,0.03277,0.05787,0.012,-6.0,81.29,0.3043,0.0135,6.225,1.047,0.0,0.0,0,0.0,-0.0,0,0.0,0.0
1,190,3.8,approach,0.06087,0.04574,0.04016,0.06087,0.012,-4.64,82.48,0.3036,0.0144,6.329,0.991,0.0,0.0,0,0.0,-0.0,0,0.0,0.0
2,190,3.8,approach,0.05565,0.0429,0.03544,0.05565,0.012,-7.23,81.38,0.3041,0.0116,5.956,0.93,0.0,0.0,0,0.0,-0.0,0,0.0,0.0
3,190,3.8,approach,0.05687,0.04464,0.03523,0.05687,0.012,-7.4,81.07,0.3054,0.0127,6.239,1.045,0.0,0.0,0,0.0,-0.0,0,0.0,0.0
0,191,3.82,approach,0.06003,0.04991,0.03336,0.06003,0.012,-6.23,81.11,0.3044,0.0135,6.273,0.925,0.0,0.0,0,0.0,-0.0,0,0.0,0.0
1,191,3.82,approach,0.0632,0.04801,0.0411,0.0632,0.012,-4.82,82.46,0.3037,0.0144,6.38,0.993,0.0,0.0,0,0.0,-0.0,0,0.0,0.0
2,191,3.82,approach,0.05616,0.04256,0.03665,0.05616,0.012,-7.51,80.82,0.3042,0.0115,5.98,0.667,0.0,0.0,0,0.0,-0.0,0,0.0,0.0
3,191,3.82,approach,0.05812,0.04564,0.036,0.05812,0.012,-7.12,81.46,0.3055,0.0126,6.3,1.135,0.0,0.0,0,0.0,-0.0,0,0.0,0.0
0,192,3.84,approach,0.0578,0.04765,0.03271,0.0578,0.012,-6.81,81.39,0.3044,0.0135,6.29,1.02,0.0,0.0,0,0.0,-0.0,0,0.0,0.0
1,192,3.84,approach,0.06073,0.04582,0.03985,0.06073,0.012,-5.39,82.78,0.3037,0.0145,6.399,1.048,0.0,0.0,0,0.0,-0.0,0,0.0,0.0
2,192,3.84,approach,0.05701,0.0436,0.03673,0.05701,0.012,-7.91,80.75,0.3042,0.0115,6.021,0.539,0.0,0.0,0,0.0,-0.0,0,0.0,0.0
3,192,3.84,approach,0.05837,0.04484,0.03738,0.05837,0.012,-7.23,80.5,0.3057,0.0127,6.324,1.047,0.0,0.0,0,0.0,-0.0,0,0.0,0.0
0,193,3.86,approach,0.0591,0.04901,0.03304,0.0591,0.012,-6.48,81.88,0.3045,0.0135,6.347,1.171,0.0,0.0,0,0.0,-0.0,0,0.0,0.0
1,193,3.86,approach,0.06204,0.04683,0.0407,0.06204,0.012,-5.02,83.38,0.3038,0.0145,6.455,1.243,0.0,0.0,0,0.0,-0.0,0,0.0,0.0
2,193,3.86,approach,0.05614,0.04276,0.03639,0.05614,0.012,-8.11,80.96,0.3043,0.0114,6.038,0.557,0.0,0.0,0,0.0,-0.0,0,0.0,0.0
3,193,3.86,approach,0.06024,0.04682,0.0379,0.06024,0.012,-7.5,80.26,0.3057,0.0127,6.375,0.823,0.0,0.0,0,0.0,-0.0,0,0.0,0.0
0,194,3.88,approach,0.05942,0.04825,0.03468,0.05942,0.012,-6.58,80.87,0.3046,0.0136,6.366,1.047,0.0,0.0,0,0.0,-0.0,0,0.0,0.0
1,194,3.88,approach,0.06248,0.04599,0.0423,0.06248,0.012,-5.18,82.13,0.3038,0.0146,6.475,0.999,0.0,0.0,0,0.0,-0.0,0,0.0,0.0
2,194,3.88,approach,0.05769,0.04371,0.03765,0.05769,0.012,-7.9,81.03,0.3044,0.0113,6.079,0.537,0.0,0.0,0,0.0,-0.0,0,0.0,0.0
3,194,3.88,approach,0.0585,0.04505,0.03732,0.0585,0.012,-8.01,80.48,0.3057,0.0127,6.395,0.863,0.0,0.0,0,0.0,-0.0,0,0.0,0.0
0,195,3.9,approach,0.0616,0.05049,0.03528,0.0616,0.012,-6.81,80.68,0.3046,0.0136,6.415,0.921,0.0,0.0,0,0.0,-0.0,0,0.0,0.0
1,195,3.9,approach,0.0648,0.04825,0.04325,0.0648,0.012,-5.37,82.03,0.3039,0.0146,6.527,0.983,0.0,0.0,0,0.0,-0.0,0,0.0,0.0
2,195,3.9,approach,0.05687,0.04251,0.03779,0.05687,0.012,-8.38,80.18,0.3044,0.0113,6.101,0.558,0.0,0.0,0,0.0,-0.0,0,0.0,0.0
3,195,3.9,approach,0.06033,0.04672,0.03817,0.06033,0.012,-7.72,80.91,0.3059,0.0127,6.455,0.978,0.0,0.0,0,0.0,-0.0,0,0.0,0.0
0,196,3.92,approach,0.05929,0.04815,0.0346,0.05929,0.012,-7.39,80.91,0.3046,0.0136,6.433,1.041,0.0,0.0,0,0.0,-0.0,0,0.0,0.0
1,196,3.92,approach,0.06246,0.04622,0.04201,0.06246,0.012,-5.89,82.36,0.3039,0.0147,6.547,1.048,0.0,0.0,0,0.0,-0.0,0,0.0,0.0
2,196,3.92,approach,0.05865,0.04407,0.03871,0.05865,0.012,-8.33,80.14,0.3044,0.0112,6.145,0.537,0.0,0.0,0,0.0,-0.0,0,0.0,0.0
3,196,3.92,approach,0.0608,0.04633,0.03937,0.0608,0.012,-7.79,80.24,0.3059,0.0127,6.477,1.047,0.0,0.0,0,0.0,-0.0,0,0.0,0.0
0,197,3.94,approach,0.06051,0.04942,0.03493,0.06051,0.012,-7.06,81.39,0.3047,0.0136,6.491,1.196,0.0,0.0,0,0.0,-0.0,0,0.0,0.0
1,197,3.94,approach,0.06373,0.04723,0.04279,0.06373,0.012,-5.52,82.93,0.304,0.0147,6.605,1.2,0.0,0.0,0,0.0,-0.0,0,0.0,0.0
2,197,3.94,approach,0.05746,0.04282,0.03832,0.05746,0.012,-8.62,80.23,0.3045,0.0111,6.159,0.749,0.0,0.0,0,0.0,-0.0,0,0.0,0.0
3,197,3.94,approach,0.06306,0.04869,0.04008,0.06306,0.012,-7.94,80.04,0.306,0.0127,6.531,0.916,0.0,0.0,0,0.0,-0.0,0,0.0,0.0
0,198,3.96,approach,0.06078,0.04854,0.03659,0.06078,0.012,-7.18,80.38,0.3048,0.0137,6.511,1.047,0.0,0.0,0,0.0,-0.0,0,0.0,0.0
1,198,3.96,approach,0.06414,0.04638,0.0443,0.06414,0.012,-5.68,81.72,0.304,0.0148,6.625,1.025,0.0,0.0,0,0.0,-0.0,0,0.0,0.0
2,198,3.96,approach,0.05905,0.04437,0.03896,0.05905,0.012,-8.64,80.32,0.3045,0.0111,6.213,0.88,0.0,0.0,0,0.0,-0.0,0,0.0,0.0
3,198,3.96,approach,0.06038,0.04592,0.0392,0.06038,0.012,-8.5,80.06,0.306,0.0128,6.553,1.044,0.0,0.0,0,0.0,-0.0,0,0.0,0.0
0,199,3.98,approach,0.06283,0.05068,0.03713,0.06283,0.012,-7.42,80.19,0.3048,0.0137,6.56,0.918,0.0,0.0,0,0.0,-0.0,0,0.0,0.0
1,199,3.98,approach,0.06644,0.04856,0.04534,0.06644,0.012,-5.87,81.67,0.304,0.0149,6.676,1.005,0.0,0.0,0,0.0,-0.0,0,0.0,0.0
2,199,3.98,approach,0.0583,0.04313,0.03922,0.0583,0.012,-8.97,79.8,0.3046,0.011,6.223,1.047,0.0,0.0,0,0.0,-0.0,0,0.0,0.0
3,199,3.98,approach,0.06137,0.04654,0.04,0.06137,0.012,-8.27,80.35,0.3061,0.0128,6.614,1.096,0.0,0.0,0,0.0,-0.0,0,0.0,0.0
0,200,4.0,approach,0.06106,0.04882,0.03667,0.06106,0.012,-7.93,80.44,0.3048,0.0138,6.578,0.868,0.0,0.0,0,0.0,-0.0,0,0.0,0.0
1,200,4.0,approach,0.064,0.04636,0.04411,0.064,0.012,-6.45,81.91,0.3041,0.015,6.697,1.048,0.0,0.0,0,0.0,-0.0,0,0.0,0.0
2,200,4.0,approach,0.06016,0.04453,0.04044,0.06016,0.012,-9.02,79.84,0.3046,0.011,6.269,0.822,0.0,0.0,0,0.0,-0.0,0,0.0,0.0
3,200,4.0,approach,0.06142,0.04549,0.04126,0.06142,0.012,-8.43,79.48,0.3062,0.0128,6.641,1.047,0.0,0.0,0,0.0,-0.0,0,0.0,0.0
0,201,4.02,approach,0.06273,0.0506,0.03708,0.06273,0.012,-7.58,80.95,0.3049,0.0138,6.636,1.024,0.0,0.0,0,0.0,-0.0,0,0.0,0.0
1,201,4.02,approach,0.06519,0.04728,0.04488,0.06519,0.012,-6.1,82.45,0.3042,0.015,6.756,1.239,0.0,0.0,0,0.0,-0.0,0,0.0,0.0
2,201,4.02,approach,0.05728,0.04165,0.03933,0.05728,0.012,-9.61,79.38,0.3047,0.0109,6.281,1.04,0.0,0.0,0,0.0,-0.0,0,0.0,0.0
3,201,4.02,approach,0.06299,0.04723,0.04168,0.06299,0.012,-8.75,79.26,0.3062,0.0129,6.694,0.84,0.0,0.0,0,0.0,-0.0,0,0.0,0.0
0,202,4.04,approach,0.06348,0.0503,0.03872,0.06348,0.012,-7.65,80.17,0.305,0.0139,6.656,1.047,0.0,0.0,0,0.0,-0.0,0,0.0,0.0
1,202,4.04,approach,0.06567,0.04643,0.04645,0.06567,0.012,-6.23,81.27,0.3042,0.0152,6.777,1.005,0.0,0.0,0,0.0,-0.0,0,0.0,0.0
2,202,4.04,approach,0.05802,0.04184,0.0402,0.05802,0.012,-9.46,79.46,0.3048,0.0109,6.334,1.024,0.0,0.0,0,0.0,-0.0,0,0.0,0.0
3,202,4.04,approach,0.06187,0.04593,0.04145,0.06187,0.012,-9.19,79.46,0.3063,0.013,6.715,0.837,0.0,0.0,0,0.0,-0.0,0,0.0,0.0
0,203,4.06,approach,0.0656,0.05255,0.03926,0.0656,0.012,-7.84,80.04,0.305,0.014,6.705,0.939,0.0,0.0,0,0.0,-0.0,0,0.0,0.0
1,203,4.06,approach,0.06789,0.04859,0.04741,0.06789,0.012,-6.43,81.17,0.3042,0.0152,6.829,0.99,0.0,0.0,0,0.0,-0.0,0,0.0,0.0
2,203,4.06,approach,0.05782,0.04085,0.04092,0.05782,0.012,-9.67,78.75,0.3048,0.0109,6.351,1.041,0.0,0.0,0,0.0,-0.0,0,0.0,0.0
3,203,4.06,approach,0.06409,0.04805,0.04242,0.06409,0.012,-8.95,79.82,0.3064,0.013,6.774,0.965,0.0,0.0,0,0.0,-0.0,0,0.0,0.0
0,204,4.08,approach,0.063,0.04986,0.03852,0.063,0.012,-8.37,80.12,0.305,0.014,6.726,1.041,0.0,0.0,0,0.0,-0.0,0,0.0,0.0
1,204,4.08,approach,0.06569,0.04665,0.04625,0.06569,0.012,-6.96,81.42,0.3043,0.0154,6.851,1.045,0.0,0.0,0,0.0,-0.0,0,0.0,0.0
2,204,4.08,approach,0.05929,0.04234,0.04151,0.05929,0.012,-10.01,78.64,0.3049,0.0108,6.396,0.716,0.0,0.0,0,0.0,-0.0,0,0.0,0.0
3,204,4.08,approach,0.06299,0.04635,0.04266,0.06299,0.012,-9.21,79.2,0.3064,0.0131,6.796,1.047,0.0,0.0,0,0.0,-0.0,0,0.0,0.0
0,205,4.1,approach,0.064,0.05079,0.03894,0.064,0.012,-8.07,80.47,0.3051,0.0141,6.785,1.188,0.0,0.0,0,0.0,-0.0,0,0.0,0.0
1,205,4.1,approach,0.06687,0.04759,0.04698,0.06687,0.012,-6.62,81.98,0.3044,0.0154,6.911,1.17,0.0,0.0,0,0.0,-0.0,0,0.0,0.0
2,205,4.1,approach,0.0582,0.04153,0.04077,0.0582,0.012,-10.56,78.65,0.3049,0.0109,6.409,0.924,0.0,0.0,0,0.0,-0.0,0,0.0,0.0
3,205,4.1,approach,0.06433,0.04742,0.04347,0.06433,0.012,-9.25,78.97,0.3065,0.0131,6.853,1.028,0.0,0.0,0,0.0,-0.0,0,0.0,0.0
0,206,4.12,approach,0.06397,0.04946,0.04057,0.06397,0.012,-8.24,79.51,0.3051,0.0142,6.806,1.047,0.0,0.0,0,0.0,-0.0,0,0.0,0.0
1,206,4.12,approach,0.0673,0.04665,0.0485,0.0673,0.012,-6.79,80.87,0.3044,0.0156,6.932,1.028,0.0,0.0,0,0.0,-0.0,0,0.0,0.0
2,206,4.12,approach,0.06104,0.04405,0.04226,0.06104,0.012,-10.28,78.99,0.305,0.0108,6.457,0.793,0.0,0.0,0,0.0,-0.0,0,0.0,0.0
3,206,4.12,approach,0.06415,0.04661,0.04407,0.06415,0.012,-9.53,78.76,0.3065,0.0132,6.879,0.984,0.0,0.0,0,0.0,-0.0,0,0.0,0.0
0,207,4.14,approach,0.06563,0.05127,0.04097,0.06563,0.012,-8.55,79.33,0.3052,0.0142,6.857,0.947,0.0,0.0,0,0.0,-0.0,0,0.0,0.0
1,207,4.14,approach,0.06955,0.04879,0.04956,0.06955,0.012,-6.98,80.78,0.3045,0.0157,6.984,1.001,0.0,0.0,0,0.0,-0.0,0,0.0,0.0
2,207,4.14,approach,0.0588,0.0414,0.04176,0.0588,0.012,-10.65,78.37,0.3051,0.0108,6.467,1.046,0.0,0.0,0,0.0,-0.0,0,0.0,0.0
3,207,4.14,approach,0.06631,0.04901,0.04466,0.06631,0.012,-9.5,79.08,0.3065,0.0133,6.937,0.905,0.0,0.0,0,0.0,-0.0,0,0.0,0.0
0,208,4.16,approach,0.06475,0.05018,0.04092,0.06475,0.012,-8.96,79.6,0.3052,0.0143,6.876,0.833,0.0,0.0,0,0.0,-0.0,0,0.0,0.0
1,208,4.16,approach,0.06743,0.04692,0.04843,0.06743,0.012,-7.5,80.98,0.3045,0.0159,7.008,1.045,0.0,0.0,0,0.0,-0.0,0,0.0,0.0
2,208,4.16,approach,0.0592,0.04102,0.04268,0.0592,0.012,-10.62,78.16,0.3052,0.0108,6.519,1.031,0.0,0.0,0,0.0,-0.0,0,0.0,0.0
3,208,4.16,approach,0.06407,0.04663,0.04394,0.06407,0.012,-9.94,78.79,0.3066,0.0134,6.959,1.041,0.0,0.0,0,0.0,-0.0,0,0.0,0.0
0,209,4.18,approach,0.06709,0.05268,0.04155,0.06709,0.012,-8.63,80.1,0.3052,0.0144,6.932,0.954,0.0,0.0,0,0.0,-0.0,0,0.0,0.0
1,209,4.18,approach,0.06859,0.04789,0.0491,0.06859,0.012,-7.16,81.49,0.3046,0.016,7.068,1.185,0.0,0.0,0,0.0,-0.0,0,0.0,0.0
2,209,4.18,approach,0.05893,0.03999,0.04328,0.05893,0.012,-10.92,77.55,0.3053,0.0108,6.543,0.872,0.0,0.0,0,0.0,-0.0,0,0.0,0.0
3,209,4.18,approach,0.06484,0.0468,0.04488,0.06484,0.012,-9.91,78.71,0.3067,0.0134,7.019,1.042,0.0,0.0,0,0.0,-0.0,0,0.0,0.0
0,210,4.2,approach,0.06589,0.05076,0.04202,0.06589,0.012,-8.95,79.39,0.3052,0.0145,6.949,1.007,0.0,0.0,0,0.0,-0.0,0,0.0,0.0
1,210,4.2,approach,0.06905,0.04698,0.0506,0.06905,0.012,-7.3,80.43,0.3046,0.0162,7.089,1.028,0.0,0.0,0,0.0,-0.0,0,0.0,0.0
2,210,4.2,approach,0.06005,0.04144,0.04346,0.06005,0.012,-11.12,77.8,0.3053,0.0108,6.585,0.525,0.0,0.0,0,0.0,-0.0,0,0.0,0.0
3,210,4.2,approach,0.065,0.04548,0.04644,0.065,0.012,-10.17,78.05,0.3068,0.0135,7.046,1.048,0.0,0.0,0,0.0,-0.0,0,0.0,0.0
0,211,4.22,approach,0.06725,0.05186,0.04281,0.06725,0.012,-8.95,79.22,0.3053,0.0145,7.001,1.034,0.0,0.0,0,0.0,-0.0,0,0.0,0.0
1,211,4.22,approach,0.07126,0.04908,0.05166,0.07126,0.012,-7.51,80.34,0.3047,0.0163,7.142,1.004,0.0,0.0,0,0.0,-0.0,0,0.0,0.0
2,211,4.22,approach,0.06101,0.04263,0.04365,0.06101,0.012,-11.39,77.82,0.3054,0.0108,6.609,0.58,0.0,0.0,0,0.0,-0.0,0,0.0,0.0
3,211,4.22,approach,0.06652,0.04742,0.04664,0.06652,0.012,-10.37,77.99,0.3068,0.0136,7.103,0.814,0.0,0.0,0,0.0,-0.0,0,0.0,0.0
0,212,4.24,approach,0.06705,0.05072,0.04385,0.06705,0.012,-9.3,78.91,0.3053,0.0147,7.024,0.859,0.0,0.0,0,0.0,-0.0,0,0.0,0.0
1,212,4.24,approach,0.06923,0.04728,0.05058,0.06923,0.012,-8.02,80.53,0.3047,0.0165,7.166,1.042,0.0,0.0,0,0.0,-0.0,0,0.0,0.0
2,212,4.24,approach,0.06137,0.04288,0.0439,0.06137,0.012,-11.63,77.67,0.3054,0.0108,6.642,0.252,0.0,0.0,0,0.0,-0.0,0,0.0,0.0
3,212,4.24,approach,0.0661,0.04722,0.04624,0.0661,0.012,-10.59,78.13,0.3069,0.0138,7.127,0.733,0.0,0.0,0,0.0,-0.0,0,0.0,0.0
0,213,4.26,approach,0.06896,0.05318,0.0439,0.06896,0.012,-9.18,79.36,0.3053,0.0147,7.081,0.897,0.0,0.0,0,0.0,-0.0,0,0.0,0.0
1,213,4.26,approach,0.07036,0.04821,0.05125,0.07036,0.012,-7.69,81.04,0.3048,0.0166,7.226,1.174,0.0,0.0,0,0.0,-0.0,0,0.0,0.0
2,213,4.26,approach,0.062,0.04263,0.04502,0.062,0.012,-11.56,77.62,0.3055,0.0108,6.676,0.531,0.0,0.0,0,0.0,-0.0,0,0.0,0.0
3,213,4.26,approach,0.06856,0.0495,0.04744,0.06856,0.012,-10.45,78.36,0.3069,0.0138,7.182,0.788,0.0,0.0,0,0.0,-0.0,0,0.0,0.0
0,214,4.28,approach,0.06796,0.05199,0.04376,0.06796,0.012,-9.43,79.13,0.3053,0.0149,7.1,0.804,0.0,0.0,0,0.0,-0.0,0,0.0,0.0
1,214,4.28,approach,0.07083,0.04725,0.05277,0.07083,0.012,-7.84,79.99,0.3048,0.0168,7.248,1.034,0.0,0.0,0,0.0,-0.0,0,0.0,0.0
2,214,4.28,approach,0.06293,0.043,0.04595,0.06293,0.012,-11.46,77.34,0.3056,0.0108,6.709,0.389,0.0,0.0,0,0.0,-0.0,0,0.0,0.0
3,214,4.28,approach,0.06597,0.04613,0.04717,0.06597,0.012,-11.01,77.77,0.307,0.014,7.203,1.044,0.0,0.0,0,0.0,-0.0,0,0.0,0.0
0,215,4.3,approach,0.0698,0.05371,0.04458,0.0698,0.012,-9.39,79.15,0.3054,0.0149,7.155,0.98,0.0,0.0,0,0.0,-0.0,0,0.0,0.0
1,215,4.3,approach,0.07303,0.04932,0.05386,0.07303,0.012,-8.03,79.92,0.3049,0.0169,7.301,1.003,0.0,0.0,0,0.0,-0.0,0,0.0,0.0
2,215,4.3,approach,0.0627,0.04324,0.0454,0.0627,0.012,-11.82,77.07,0.3056,0.0109,6.752,0.366,0.0,0.0,0,0.0,-0.0,0,0.0,0.0
3,215,4.3,approach,0.06642,0.04587,0.04804,0.06642,0.012,-10.98,77.62,0.3071,0.014,7.264,1.041,0.0,0.0,0,0.0,-0.0,0,0.0,0.0
0,216,4.32,approach,0.0683,0.05105,0.04537,0.0683,0.012,-9.9,78.59,0.3054,0.015,7.173,1.046,0.0,0.0,0,0.0,-0.0,0,0.0,0.0
1,216,4.32,approach,0.07117,0.04771,0.05281,0.07117,0.012,-8.53,80.08,0.3049,0.0172,7.325,1.005,0.0,0.0,0,0.0,-0.0,0,0.0,0.0
2,216,4.32,approach,0.06363,0.04378,0.04618,0.06363,0.012,-11.75,77.18,0.3056,0.0109,6.776,0.333,0.0,0.0,0,0.0,-0.0,0,0.0,0.0
3,216,4.32,approach,0.06645,0.04458,0.04928,0.06645,0.012,-11.18,77.09,0.3072,0.0142,7.294,0.913,0.0,0.0,0,0.0,-0.0,0,0.0,0.0
0,217,4.34,approach,0.06923,0.05195,0.04575,0.06923,0.012,-9.81,78.7,0.3055,0.0151,7.227,1.034,0.0,0.0,0,0.0,-0.0,0,0.0,0.0
1,217,4.34,approach,0.07237,0.04877,0.05347,0.07237,0.012,-8.19,80.58,0.3049,0.0173,7.387,1.132,0.0,0.0,0,0.0,-0.0,0,0.0,0.0
2,217,4.34,approach,0.0631,0.04315,0.04605,0.06311,0.012,-12.28,77.01,0.3056,0.0109,6.819,0.507,0.0,0.0,0,0.0,-0.0,0,0.0,0.0
3,217,4.34,approach,0.06729,0.04612,0.049,0.06729,0.012,-11.48,77.05,0.3072,0.0143,7.349,0.722,0.0,0.0,0,0.0,-0.0,0,0.0,0.0
0,218,4.36,approach,0.06991,0.05212,0.04659,0.06991,0.012,-9.91,78.35,0.3055,0.0152,7.251,0.786,0.0,0.0,0,0.0,-0.0,0,0.0,0.0
1,218,4.36,approach,0.07295,0.04792,0.05501,0.07295,0.012,-8.33,79.63,0.305,0.0175,7.408,1.046,0.0,0.0,0,0.0,-0.0,0,0.0,0.0
2,218,4.36,approach,0.06376,0.04303,0.04704,0.06376,0.012,-12.25,76.93,0.3057,0.0109,6.848,0.463,0.0,0.0,0,0.0,-0.0,0,0.0,0.0
3,218,4.36,approach,0.06903,0.04783,0.04977,0.06903,0.012,-11.53,77.29,0.3072,0.0144,7.379,0.604,0.0,0.0,0,0.0,-0.0,0,0.0,0.0
0,219,4.38,approach,0.07248,0.05497,0.04724,0.07248,0.012,-9.94,78.59,0.3054,0.0153,7.299,0.725,0.0,0.0,0,0.0,-0.0,0,0.0,0.0
1,219,4.38,approach,0.07523,0.05006,0.05616,0.07523,0.012,-8.52,79.57,0.305,0.0176,7.461,0.997,0.0,0.0,0,0.0,-0.0,0,0.0,0.0
2,219,4.38,approach,0.0639,0.04282,0.04743,0.0639,0.012,-12.51,76.68,0.3057,0.0109,6.883,0.265,0.0,0.0,0,0.0,-0.0,0,0.0,0.0
3,219,4.38,approach,0.06943,0.04833,0.04984,0.06943,0.012,-11.86,77.12,0.3073,0.0146,7.426,0.475,0.0,0.0,0,0.0,-0.0,0,0.0,0.0
0,220,4.4,approach,0.06989,0.05225,0.04642,0.06989,0.012,-10.57,78.37,0.3055,0.0155,7.32,1.048,0.0,0.0,0,0.0,-0.0,0,0.0,0.0
1,220,4.4,approach,0.07306,0.04818,0.05493,0.07306,0.012,-9.05,79.67,0.305,0.0179,7.486,1.046,0.0,0.0,0,0.0,-0.0,0,0.0,0.0
2,220,4.4,approach,0.06483,0.04342,0.04814,0.06483,0.012,-12.52,76.47,0.3057,0.0109,6.914,0.268,0.0,0.0,0,0.0,-0.0,0,0.0,0.0
3,220,4.4,approach,0.06919,0.04722,0.05057,0.06919,0.012,-11.81,77.25,0.3074,0.0147,7.463,0.783,0.0,0.0,0,0.0,-0.0,0,0.0,0.0
0,221,4.42,approach,0.07078,0.05296,0.04695,0.07078,0.012,-10.38,78.52,0.3056,0.0155,7.381,1.269,0.0,0.0,0,0.0,-0.0,0,0.0,0.0
1,221,4.42,approach,0.07412,0.04902,0.0556,0.07412,0.012,-8.71,80.16,0.3051,0.018,7.548,1.248,0.0,0.0,0,0.0,-0.0,0,0.0,0.0
2,221,4.42,approach,0.06412,0.04282,0.04772,0.06412,0.012,-12.92,76.25,0.3058,0.0109,6.949,0.448,0.0,0.0,0,0.0,-0.0,0,0.0,0.0
3,221,4.42,approach,0.06994,0.04745,0.05138,0.06994,0.012,-11.74,76.75,0.3074,0.0148,7.513,0.869,0.0,0.0,0,0.0,-0.0,0,0.0,0.0
0,222,4.44,approach,0.07117,0.05147,0.04915,0.07117,0.012,-10.5,77.77,0.3056,0.0156,7.402,1.047,0.0,0.0,0,0.0,-0.0,0,0.0,0.0
1,222,4.44,approach,0.07461,0.04788,0.05721,0.07461,0.012,-8.86,79.16,0.3052,0.0182,7.569,1.046,0.0,0.0,0,0.0,-0.0,0,0.0,0.0
2,222,4.44,approach,0.06516,0.04332,0.04867,0.06516,0.012,-12.81,76.22,0.3058,0.011,6.986,0.468,0.0,0.0,0,0.0,-0.0,0,0.0,0.0
3,222,4.44,approach,0.07064,0.04789,0.05193,0.07064,0.012,-11.93,76.44,0.3074,0.0149,7.552,0.37,0.0,0.0,0,0.0,-0.0,0,0.0,0.0
0,223,4.46,approach,0.07202,0.05291,0.04887,0.07202,0.012,-10.79,77.57,0.3056,0.0157,7.453,0.781,0.0,0.0,0,0.0,-0.0,0,0.0,0.0
1,223,4.46,approach,0.07662,0.04983,0.0582,0.07662,0.012,-9.08,79.06,0.3051,0.0184,7.622,0.994,0.0,0.0,0,0.0,-0.0,0,0.0,0.0
2,223,4.46,approach,0.06466,0.0425,0.04873,0.06466,0.012,-13.17,76.0,0.3058,0.011,7.013,0.418,0.0,0.0,0,0.0,-0.0,0,0.0,0.0
3,223,4.46,approach,0.07235,0.0495,0.05278,0.07235,0.012,-12.02,76.6,0.3074,0.015,7.597,0.406,0.0,0.0,0,0.0,-0.0,0,0.0,0.0
0,224,4.48,settle,0.07281,0.054,0.04883,0.07499,0.012,-10.91,77.84,0.3056,0.0159,7.482,0.458,0.0,0.0,0,0.0,-0.0,0,0.0,0.0
1,224,4.48,settle,0.07528,0.04876,0.05736,0.07754,0.012,-9.5,79.23,0.3051,0.0186,7.647,0.81,0.0,0.0,0,0.0,-0.0,0,0.0,0.0
2,224,4.48,settle,0.06601,0.04359,0.04957,0.06799,0.012,-13.26,75.95,0.3058,0.011,7.057,0.304,0.0,0.0,0,0.0,-0.0,0,0.0,0.0
3,224,4.48,settle,0.06995,0.04738,0.05147,0.07205,0.012,-12.63,76.61,0.3075,0.0152,7.637,1.039,0.0,0.0,0,0.0,-0.0,0,0.0,0.0
0,225,4.5,settle,0.07314,0.05378,0.04957,0.07752,0.012,-10.87,78.05,0.3056,0.016,7.514,0.221,0.0,0.0,0,0.0,-0.0,0,0.0,0.0
1,225,4.5,settle,0.07595,0.04924,0.05782,0.08048,0.012,-9.15,79.74,0.3052,0.0187,7.702,0.889,0.0,0.0,0,0.0,-0.0,0,0.0,0.0
2,225,4.5,settle,0.06275,0.0399,0.04843,0.06661,0.012,-13.78,75.55,0.3059,0.0111,7.069,0.794,0.0,0.0,0,0.0,-0.0,0,0.0,0.0
3,225,4.5,settle,0.06895,0.04523,0.05204,0.07312,0.012,-12.52,76.48,0.3076,0.0153,7.681,1.102,0.0,0.0,0,0.0,-0.0,0,0.0,0.0
0,226,4.52,settle,0.0703,0.05056,0.04885,0.07679,0.012,-11.36,77.63,0.3057,0.0161,7.551,0.939,0.0,0.0,0,0.0,-0.0,0,0.0,0.0
1,226,4.52,settle,0.07553,0.04741,0.05879,0.08233,0.012,-9.34,78.94,0.3052,0.0189,7.719,1.046,0.0,0.0,0,0.0,-0.0,0,0.0,0.0
2,226,4.52,settle,0.06283,0.03905,0.04922,0.06858,0.012,-13.75,75.52,0.306,0.0111,7.129,0.881,0.0,0.0,0,0.0,-0.0,0,0.0,0.0
3,226,4.52,settle,0.06807,0.04288,0.05287,0.07427,0.012,-12.74,75.78,0.3077,0.0154,7.716,0.459,0.0,0.0,0,0.0,-0.0,0,0.0,0.0
0,227,4.54,settle,0.06898,0.04846,0.04909,0.07753,0.012,-11.31,77.29,0.3057,0.0162,7.589,0.874,0.0,0.0,0,0.0,-0.0,0,0.0,0.0
1,227,4.54,settle,0.07657,0.0485,0.05925,0.08567,0.012,-9.49,78.9,0.3052,0.0191,7.772,0.95,0.0,0.0,0,0.0,-0.0,0,0.0,0.0
2,227,4.54,settle,0.06182,0.03708,0.04946,0.06942,0.012,-13.96,75.1,0.306,0.0112,7.146,1.048,0.0,0.0,0,0.0,-0.0,0,0.0,0.0
3,227,4.54,settle,0.06784,0.04291,0.05255,0.07608,0.012,-13.05,75.42,0.3077,0.0155,7.765,0.464,0.0,0.0,0,0.0,-0.0,0,0.0,0.0
0,228,4.56,settle,0.06757,0.04639,0.04913,0.07813,0.012,-11.58,76.74,0.3058,0.0163,7.622,0.301,0.0,0.0,0,0.0,-0.0,0,0.0,0.0
1,228,4.56,settle,0.07301,0.04499,0.05749,0.08429,0.012,-9.97,78.81,0.3052,0.0193,7.791,1.042,0.0,0.0,0,0.0,-0.0,0,0.0,0.0
2,228,4.56,settle,0.0619,0.03792,0.04893,0.07135,0.012,-14.11,75.05,0.306,0.0113,7.187,0.48,0.0,0.0,0,0.0,-0.0,0,0.0,0.0
3,228,4.56,settle,0.06713,0.04254,0.05194,0.07738,0.012,-13.23,75.75,0.3077,0.0157,7.792,0.852,0.0,0.0,0,0.0,-0.0,0,0.0,0.0
0,229,4.58,settle,0.06725,0.04603,0.04903,0.07984,0.012,-11.77,76.67,0.3058,0.0165,7.662,0.253,0.0,0.0,0,0.0,-0.0,0,0.0,0.0
1,229,4.58,settle,0.07277,0.04461,0.05749,0.08624,0.012,-9.67,79.22,0.3052,0.0195,7.849,1.025,0.0,0.0,0,0.0,-0.0,0,0.0,0.0
2,229,4.58,settle,0.05972,0.03651,0.04726,0.07096,0.012,-14.45,74.88,0.3061,0.0114,7.211,0.591,0.0,0.0,0,0.0,-0.0,0,0.0,0.0
3,229,4.58,settle,0.06805,0.04414,0.05179,0.08034,0.012,-13.1,76.07,0.3077,0.0159,7.845,0.57,0.0,0.0,0,0.0,-0.0,0,0.0,0.0
0,230,4.6,settle,0.06735,0.04616,0.04904,0.08195,0.012,-12.03,77.01,0.3058,0.0166,7.693,0.841,0.0,0.0,0,0.0,-0.0,0,0.0,0.0
1,230,4.6,settle,0.07206,0.04259,0.05812,0.08767,0.012,-9.89,78.4,0.3053,0.0197,7.871,1.046,0.0,0.0,0,0.0,-0.0,0,0.0,0.0
2,230,4.6,settle,0.06025,0.03626,0.04812,0.0733,0.012,-14.22,75.24,0.3062,0.0114,7.255,0.628,0.0,0.0,0,0.0,-0.0,0,0.0,0.0
3,230,4.6,settle,0.06441,0.04001,0.05048,0.07862,0.012,-13.46,75.71,0.3078,0.0161,7.866,1.042,0.0,0.0,0,0.0,-0.0,0,0.0,0.0
0,231,4.62,settle,0.06642,0.04555,0.04834,0.08302,0.012,-12.18,77.04,0.3059,0.0168,7.725,0.34,0.0,0.0,0,0.0,-0.0,0,0.0,0.0
1,231,4.62,settle,0.07242,0.04343,0.05795,0.09021,0.012,-10.06,78.48,0.3053,0.0198,7.916,0.598,0.0,0.0,0,0.0,-0.0,0,0.0,0.0
2,231,4.62,settle,0.05747,0.03321,0.04691,0.07223,0.012,-14.72,74.5,0.3063,0.0115,7.275,0.738,0.0,0.0,0,0.0,-0.0,0,0.0,0.0
3,231,4.62,settle,0.06381,0.03896,0.05053,0.07993,0.012,-13.38,75.52,0.3079,0.0161,7.932,1.044,0.0,0.0,0,0.0,-0.0,0,0.0,0.0
0,232,4.64,settle,0.06567,0.04456,0.04824,0.08424,0.012,-12.1,77.1,0.306,0.0169,7.765,0.526,0.0,0.0,0,0.0,-0.0,0,0.0,0.0
1,232,4.64,settle,0.06957,0.04136,0.05594,0.08945,0.012,-10.48,78.52,0.3053,0.0201,7.943,0.904,0.0,0.0,0,0.0,-0.0,0,0.0,0.0
2,232,4.64,settle,0.05753,0.03338,0.04686,0.07402,0.012,-14.66,74.72,0.3064,0.0116,7.335,0.849,0.0,0.0,0,0.0,-0.0,0,0.0,0.0
3,232,4.64,settle,0.06258,0.0367,0.05069,0.08056,0.012,-13.52,75.09,0.308,0.0163,7.964,1.048,0.0,0.0,0,0.0,-0.0,0,0.0,0.0
0,233,4.66,settle,0.06503,0.04328,0.04853,0.08553,0.012,-12.01,76.67,0.3061,0.0171,7.795,0.704,0.0,0.0,0,0.0,-0.0,0,0.0,0.0
1,233,4.66,settle,0.06934,0.041,0.05591,0.09129,0.012,-10.18,78.89,0.3054,0.0202,7.992,0.872,0.0,0.0,0,0.0,-0.0,0,0.0,0.0
2,233,4.66,settle,0.05634,0.03256,0.04598,0.0745,0.012,-14.79,74.39,0.3065,0.0117,7.349,1.048,0.0,0.0,0,0.0,-0.0,0,0.0,0.0
3,233,4.66,settle,0.06145,0.0369,0.04913,0.08129,0.012,-13.72,75.17,0.3081,0.0165,8.015,0.519,0.0,0.0,0,0.0,-0.0,0,0.0,0.0
0,234,4.68,settle,0.06342,0.04276,0.04683,0.08583,0.012,-12.31,76.46,0.3061,0.0172,7.846,0.423,0.0,0.0,0,0.0,-0.0,0,0.0,0.0
1,234,4.68,settle,0.06845,0.03917,0.05614,0.09243,0.012,-10.39,78.25,0.3055,0.0205,8.01,0.913,0.0,0.0,0,0.0,-0.0,0,0.0,0.0
2,234,4.68,settle,0.05675,0.0339,0.0455,0.07662,0.012,-14.84,74.56,0.3066,0.0118,7.399,0.731,0.0,0.0,0,0.0,-0.0,0,0.0,0.0
3,234,4.68,settle,0.06149,0.03791,0.04841,0.08317,0.012,-13.83,75.27,0.3081,0.0167,8.051,0.572,0.0,0.0,0,0.0,-0.0,0,0.0,0.0
0,235,4.7,settle,0.063,0.04173,0.0472,0.08727,0.012,-12.09,76.77,0.3062,0.0173,7.866,0.66,0.0,0.0,0,0.0,-0.0,0,0.0,0.0
1,235,4.7,settle,0.06895,0.04062,0.05572,0.09502,0.012,-10.5,78.25,0.3055,0.0206,8.066,0.962,0.0,0.0,0,0.0,-0.0,0,0.0,0.0
2,235,4.7,settle,0.05326,0.03101,0.0433,0.07472,0.012,-15.3,74.14,0.3067,0.0119,7.423,1.04,0.0,0.0,0,0.0,-0.0,0,0.0,0.0
3,235,4.7,settle,0.06024,0.03691,0.0476,0.08372,0.012,-14.1,75.2,0.3083,0.0168,8.088,0.574,0.0,0.0,0,0.0,-0.0,0,0.0,0.0
0,236,4.72,settle,0.06082,0.04074,0.04515,0.08694,0.012,-12.66,76.6,0.3063,0.0175,7.923,0.712,0.0,0.0,0,0.0,-0.0,0,0.0,0.0
1,236,4.72,settle,0.06519,0.0376,0.05325,0.09318,0.012,-10.89,78.26,0.3056,0.0209,8.081,1.038,0.0,0.0,0,0.0,-0.0,0,0.0,0.0
2,236,4.72,settle,0.05234,0.02955,0.04319,0.07537,0.012,-15.15,74.32,0.3069,0.0119,7.476,0.958,0.0,0.0,0,0.0,-0.0,0,0.0,0.0
3,236,4.72,settle,0.05846,0.03497,0.04685,0.08369,0.012,-14.11,75.22,0.3084,0.0169,8.134,0.722,0.0,0.0,0,0.0,-0.0,0,0.0,0.0
0,237,4.74,settle,0.06017,0.0391,0.04572,0.08805,0.012,-12.46,76.65,0.3064,0.0176,7.94,0.849,0.0,0.0,0,0.0,-0.0,0,0.0,0.0
1,237,4.74,settle,0.06476,0.03735,0.0529,0.09471,0.012,-10.6,78.62,0.3057,0.021,8.137,1.035,0.0,0.0,0,0.0,-0.0,0,0.0,0.0
2,237,4.74,settle,0.05068,0.02765,0.04247,0.0752,0.012,-15.3,73.78,0.3071,0.012,7.497,0.862,0.0,0.0,0,0.0,-0.0,0,0.0,0.0
3,237,4.74,settle,0.05777,0.03417,0.04659,0.08473,0.012,-13.85,75.06,0.3085,0.0171,8.178,0.636,0.0,0.0,0,0.0,-0.0,0,0.0,0.0
0,238,4.76,settle,0.05901,0.03877,0.04448,0.08868,0.012,-12.8,76.38,0.3065,0.0177,7.995,0.836,0.0,0.0,0,0.0,-0.0,0,0.0,0.0
1,238,4.76,settle,0.06344,0.03532,0.05269,0.09525,0.012,-10.88,77.9,0.3058,0.0212,8.158,1.044,0.0,0.0,0,0.0,-0.0,0,0.0,0.0
2,238,4.76,settle,0.05018,0.02834,0.04142,0.07623,0.012,-15.68,73.61,0.3072,0.0121,7.554,0.771,0.0,0.0,0,0.0,-0.0,0,0.0,0.0
3,238,4.76,settle,0.05653,0.03376,0.04534,0.08518,0.012,-14.1,74.65,0.3086,0.0172,8.221,0.612,0.0,0.0,0,0.0,-0.0,0,0.0,0.0
0,239,4.78,settle,0.05798,0.03722,0.04446,0.08935,0.012,-12.69,76.38,0.3066,0.0178,8.011,0.985,0.0,0.0,0,0.0,-0.0,0,0.0,0.0
1,239,4.78,settle,0.06333,0.03618,0.05198,0.09707,0.012,-10.98,78.04,0.3059,0.0213,8.207,0.816,0.0,0.0,0,0.0,-0.0,0,0.0,0.0
2,239,4.78,settle,0.04869,0.0278,0.03998,0.07617,0.012,-15.84,73.62,0.3072,0.0123,7.569,0.933,0.0,0.0,0,0.0,-0.0,0,0.0,0.0
3,239,4.78,settle,0.05673,0.03459,0.04496,0.08707,0.012,-14.11,75.04,0.3086,0.0173,8.263,0.79,0.0,0.0,0,0.0,-0.0,0,0.0,0.0
0,240,4.8,settle,0.05601,0.03656,0.04244,0.0891,0.012,-13.13,76.07,0.3066,0.0179,8.065,0.968,0.0,0.0,0,0.0,-0.0,0,0.0,0.0
1,240,4.8,settle,0.05984,0.03357,0.04954,0.09534,0.012,-11.38,77.84,0.306,0.0215,8.226,1.045,0.0,0.0,0,0.0,-0.0,0,0.0,0.0
2,240,4.8,settle,0.04913,0.02869,0.03988,0.07811,0.012,-15.78,73.81,0.3074,0.0123,7.626,0.916,0.0,0.0,0,0.0,-0.0,0,0.0,0.0
3,240,4.8,settle,0.05252,0.03136,0.04213,0.08443,0.012,-14.82,74.65,0.3087,0.0175,8.304,1.047,0.0,0.0,0,0.0,-0.0,0,0.0,0.0
0,241,4.82,settle,0.05574,0.03575,0.04277,0.09046,0.012,-12.82,76.23,0.3067,0.018,8.086,0.933,0.0,0.0,0,0.0,-0.0,0,0.0,0.0
1,241,4.82,settle,0.05912,0.03321,0.04891,0.09642,0.012,-11.21,78.07,0.3061,0.0216,8.285,1.001,0.0,0.0,0,0.0,-0.0,0,0.0,0.0
2,241,4.82,settle,0.0459,0.02596,0.03786,0.07623,0.012,-16.02,73.48,0.3075,0.0125,7.65,1.034,0.0,0.0,0,0.0,-0.0,0,0.0,0.0
3,241,4.82,settle,0.05113,0.02944,0.04181,0.08458,0.012,-14.71,74.71,0.3089,0.0176,8.352,1.321,0.0,0.0,0,0.0,-0.0,0,0.0,0.0
0,242,4.84,settle,0.05332,0.03446,0.04069,0.08967,0.012,-13.33,75.9,0.3068,0.0181,8.139,0.778,0.0,0.0,0,0.0,-0.0,0,0.0,0.0
1,242,4.84,settle,0.05833,0.0317,0.04897,0.09733,0.012,-11.39,77.57,0.3062,0.0218,8.305,1.046,0.0,0.0,0,0.0,-0.0,0,0.0,0.0
2,242,4.84,settle,0.04493,0.02489,0.03741,0.07662,0.012,-15.96,73.4,0.3077,0.0125,7.711,0.914,0.0,0.0,0,0.0,-0.0,0,0.0,0.0
3,242,4.84,settle,0.05028,0.02807,0.04171,0.08519,0.012,-14.65,74.31,0.309,0.0177,8.391,0.602,0.0,0.0,0,0.0,-0.0,0,0.0,0.0
0,243,4.86,settle,0.05226,0.03298,0.04054,0.09013,0.012,-13.2,76.04,0.3069,0.0182,8.164,0.72,0.0,0.0,0,0.0,-0.0,0,0.0,0.0
1,243,4.86,settle,0.0582,0.03291,0.048,0.09897,0.012,-11.48,77.64,0.3063,0.0219,8.352,0.697,0.0,0.0,0,0.0,-0.0,0,0.0,0.0
2,243,4.86,settle,0.04346,0.0236,0.03649,0.07642,0.012,-16.05,73.18,0.3078,0.0126,7.736,1.007,0.0,0.0,0,0.0,-0.0,0,0.0,0.0
3,243,4.86,settle,0.0495,0.02872,0.04032,0.08594,0.012,-14.9,74.03,0.3091,0.0178,8.443,0.549,0.0,0.0,0,0.0,-0.0,0,0.0,0.0
0,244,4.88,settle,0.0512,0.03266,0.03943,0.09063,0.012,-13.53,75.75,0.307,0.0182,8.215,0.603,0.0,0.0,0,0.0,-0.0,0,0.0,0.0
1,244,4.88,settle,0.05447,0.03035,0.04523,0.09685,0.012,-11.9,77.49,0.3064,0.0221,8.377,1.047,0.0,0.0,0,0.0,-0.0,0,0.0,0.0
2,244,4.88,settle,0.04309,0.02437,0.03553,0.07737,0.012,-16.41,72.94,0.3079,0.0127,7.792,0.76,0.0,0.0,0,0.0,-0.0,0,0.0,0.0
3,244,4.88,settle,0.04852,0.02842,0.03932,0.08637,0.012,-15.02,74.22,0.3091,0.018,8.469,0.8,0.0,0.0,0,0.0,-0.0,0,0.0,0.0
0,245,4.9,settle,0.05008,0.03119,0.03918,0.09095,0.012,-13.5,75.86,0.3071,0.0183,8.236,0.761,0.0,0.0,0,0.0,-0.0,0,0.0,0.0
1,245,4.9,settle,0.05358,0.02929,0.04487,0.09758,0.012,-11.71,77.72,0.3065,0.0222,8.429,0.918,0.0,0.0,0,0.0,-0.0,0,0.0,0.0
2,245,4.9,settle,0.04075,0.02303,0.03362,0.07622,0.012,-16.7,72.96,0.308,0.0128,7.816,1.04,0.0,0.0,0,0.0,-0.0,0,0.0,0.0
3,245,4.9,settle,0.04781,0.02884,0.03813,0.08714,0.012,-15.14,74.38,0.3092,0.0181,8.53,0.758,0.0,0.0,0,0.0,-0.0,0,0.0,0.0
0,246,4.92,settle,0.04791,0.03047,0.03697,0.09029,0.012,-13.96,75.37,0.3072,0.0184,8.294,0.912,0.0,0.0,0,0.0,-0.0,0,0.0,0.0
1,246,4.92,settle,0.05256,0.02719,0.04498,0.09801,0.012,-11.97,77.13,0.3066,0.0223,8.445,1.041,0.0,0.0,0,0.0,-0.0,0,0.0,0.0
2,246,4.92,settle,0.04118,0.02341,0.03388,0.07793,0.012,-16.57,73.02,0.3081,0.0129,7.877,0.852,0.0,0.0,0,0.0,-0.0,0,0.0,0.0
3,246,4.92,settle,0.04505,0.02581,0.03693,0.08566,0.012,-15.19,74.24,0.3094,0.0182,8.552,1.029,0.0,0.0,0,0.0,-0.0,0,0.0,0.0
0,247,4.94,settle,0.04718,0.02903,0.03719,0.0909,0.012,-13.66,75.62,0.3073,0.0185,8.313,1.046,0.0,0.0,0,0.0,-0.0,0,0.0,0.0
1,247,4.94,settle,0.0524,0.02836,0.04406,0.09951,0.012,-12.2,77.04,0.3067,0.0224,8.498,1.027,0.0,0.0,0,0.0,-0.0,0,0.0,0.0
2,247,4.94,settle,0.03922,0.02165,0.03271,0.07709,0.012,-16.6,72.92,0.3083,0.013,7.898,1.045,0.0,0.0,0,0.0,-0.0,0,0.0,0.0
3,247,4.94,settle,0.04429,0.02484,0.03666,0.08626,0.012,-15.24,73.98,0.3095,0.0183,8.615,1.045,0.0,0.0,0,0.0,-0.0,0,0.0,0.0
0,248,4.96,settle,0.04603,0.0289,0.03583,0.09117,0.012,-14.0,75.24,0.3074,0.0186,8.369,0.904,0.0,0.0,0,0.0,-0.0,0,0.0,0.0
1,248,4.96,settle,0.04889,0.02609,0.04135,0.09742,0.012,-12.48,77.05,0.3068,0.0226,8.518,1.042,0.0,0.0,0,0.0,-0.0,0,0.0,0.0
2,248,4.96,settle,0.03833,0.02126,0.0319,0.07739,0.012,-16.79,72.64,0.3084,0.0131,7.959,0.975,0.0,0.0,0,0.0,-0.0,0,0.0,0.0
3,248,4.96,settle,0.0433,0.02385,0.03613,0.08652,0.012,-15.3,73.79,0.3095,0.0184,8.645,1.011,0.0,0.0,0,0.0,-0.0,0,0.0,0.0
0,249,4.98,settle,0.04488,0.02746,0.0355,0.0913,0.012,-13.96,75.39,0.3075,0.0187,8.392,0.834,0.0,0.0,0,0.0,-0.0,0,0.0,0.0
1,249,4.98,settle,0.0481,0.02578,0.04061,0.09814,0.012,-12.3,77.23,0.3069,0.0226,8.577,1.028,0.0,0.0,0,0.0,-0.0,0,0.0,0.0
2,249,4.98,settle,0.03744,0.02081,0.03112,0.07758,0.012,-16.81,72.69,0.3084,0.0132,7.988,0.883,0.0,0.0,0,0.0,-0.0,0,0.0,0.0
3,249,4.98,settle,0.04349,0.02569,0.03509,0.08808,0.012,-15.41,73.96,0.3096,0.0185,8.706,0.939,0.0,0.0,0,0.0,-0.0,0,0.0,0.0
0,250,5.0,settle,0.04299,0.02672,0.03368,0.09076,0.012,-14.38,75.11,0.3076,0.0188,8.448,0.869,0.0,0.0,0,0.0,-0.0,0,0.0,0.0
1,250,5.0,settle,0.04683,0.02422,0.04008,0.09819,0.012,-12.46,76.72,0.3071,0.0227,8.598,1.046,0.0,0.0,0,0.0,-0.0,0,0.0,0.0
2,250,5.0,settle,0.03733,0.02145,0.03056,0.07863,0.012,-16.95,72.61,0.3085,0.0133,8.046,0.725,0.0,0.0,0,0.0,-0.0,0,0.0,0.0
3,250,5.0,settle,0.03945,0.02258,0.03235,0.08516,0.012,-15.86,73.75,0.3097,0.0187,8.73,1.048,0.0,0.0,0,0.0,-0.0,0,0.0,0.0
0,251,5.02,settle,0.04256,0.02548,0.03408,0.09151,0.012,-14.13,75.38,0.3077,0.0188,8.468,1.026,0.0,0.0,0,0.0,-0.0,0,0.0,0.0
1,251,5.02,settle,0.04679,0.02508,0.03951,0.09961,0.012,-12.59,76.76,0.3071,0.0228,8.648,0.852,0.0,0.0,0,0.0,-0.0,0,0.0,0.0
2,251,5.02,settle,0.0344,0.01922,0.02852,0.07668,0.012,-17.19,72.52,0.3086,0.0135,8.075,0.912,0.0,0.0,0,0.0,-0.0,0,0.0,0.0
3,251,5.02,settle,0.03876,0.02117,0.03247,0.08566,0.012,-15.87,73.65,0.3098,0.0188,8.79,1.047,0.0,0.0,0,0.0,-0.0,0,0.0,0.0
0,252,5.04,settle,0.0405,0.02445,0.03228,0.09072,0.012,-14.72,74.73,0.3078,0.0189,8.523,0.956,0.0,0.0,0,0.0,-0.0,0,0.0,0.0
1,252,5.04,settle,0.04296,0.02177,0.03704,0.09697,0.012,-13.1,76.45,0.3072,0.023,8.665,1.048,0.0,0.0,0,0.0,-0.0,0,0.0,0.0
2,252,5.04,settle,0.03381,0.01827,0.02844,0.07714,0.012,-17.24,72.31,0.3088,0.0135,8.14,0.902,0.0,0.0,0,0.0,-0.0,0,0.0,0.0
3,252,5.04,settle,0.0386,0.01954,0.03328,0.08654,0.012,-15.83,73.4,0.3099,0.0189,8.82,1.048,0.0,0.0,0,0.0,-0.0,0,0.0,0.0
0,253,5.06,settle,0.03968,0.023,0.03233,0.091,0.012,-14.56,74.94,0.3079,0.019,8.546,0.894,0.0,0.0,0,0.0,-0.0,0,0.0,0.0
1,253,5.06,settle,0.04202,0.0207,0.03657,0.09732,0.012,-13.01,76.65,0.3074,0.023,8.724,1.038,0.0,0.0,0,0.0,-0.0,0,0.0,0.0
2,253,5.06,settle,0.03336,0.01757,0.02836,0.07765,0.012,-17.11,72.38,0.3089,0.0137,8.167,1.048,0.0,0.0,0,0.0,-0.0,0,0.0,0.0
3,253,5.06,settle,0.03784,0.02112,0.03139,0.08703,0.012,-15.99,73.28,0.3099,0.0191,8.881,0.916,0.0,0.0,0,0.0,-0.0,0,0.0,0.0
0,254,5.08,settle,0.03885,0.02348,0.03096,0.09143,0.012,-14.75,74.69,0.308,0.0191,8.603,0.931,0.0,0.0,0,0.0,-0.0,0,0.0,0.0
1,254,5.08,settle,0.04134,0.01905,0.03669,0.09774,0.012,-13.18,76.2,0.3075,0.0232,8.745,1.046,0.0,0.0,0,0.0,-0.0,0,0.0,0.0
2,254,5.08,settle,0.03333,0.01878,0.02754,0.07867,0.012,-17.43,72.12,0.3089,0.0138,8.226,0.88,0.0,0.0,0,0.0,-0.0,0,0.0,0.0
3,254,5.08,settle,0.03635,0.02082,0.02979,0.08658,0.012,-15.93,73.56,0.31,0.0193,8.908,0.902,0.0,0.0,0,0.0,-0.0,0,0.0,0.0
0,255,5.1,settle,0.03752,0.02207,0.03034,0.09114,0.012,-14.67,74.79,0.3081,0.0193,8.626,0.999,0.0,0.0,0,0.0,-0.0,0,0.0,0.0
1,255,5.1,settle,0.0412,0.02057,0.0357,0.09897,0.012,-13.3,76.12,0.3076,0.0233,8.797,0.873,0.0,0.0,0,0.0,-0.0,0,0.0,0.0
2,255,5.1,settle,0.03002,0.01655,0.02505,0.07621,0.012,-17.81,71.91,0.309,0.014,8.252,0.987,0.0,0.0,0,0.0,-0.0,0,0.0,0.0
3,255,5.1,settle,0.03669,0.02116,0.02997,0.08809,0.012,-16.09,73.55,0.31,0.0193,8.97,1.0,0.0,0.0,0,0.0,-0.0,0,0.0,0.0
0,256,5.12,settle,0.03686,0.02224,0.02939,0.09166,0.012,-14.97,74.57,0.3082,0.0193,8.683,1.041,0.0,0.0,0,0.0,-0.0,0,0.0,0.0
1,256,5.12,settle,0.03859,0.01899,0.03359,0.09744,0.012,-13.49,76.15,0.3077,0.0235,8.818,0.895,0.0,0.0,0,0.0,-0.0,0,0.0,0.0
2,256,5.12,settle,0.02982,0.01552,0.02546,0.07692,0.012,-17.65,72.06,0.3092,0.0141,8.318,0.965,0.0,0.0,0,0.0,-0.0,0,0.0,0.0
3,256,5.12,settle,0.0332,0.01739,0.02829,0.08549,0.012,-16.43,73.17,0.3102,0.0195,8.996,1.048,0.0,0.0,0,0.0,-0.0,0,0.0,0.0
0,257,5.14,settle,0.03435,0.01938,0.02836,0.09007,0.012,-15.13,74.45,0.3083,0.0195,8.707,1.046,0.0,0.0,0,0.0,-0.0,0,0.0,0.0
1,257,5.14,settle,0.03798,0.01862,0.0331,0.09803,0.012,-13.48,76.19,0.3078,0.0236,8.879,1.04,0.0,0.0,0,0.0,-0.0,0,0.0,0.0
2,257,5.14,settle,0.02908,0.01444,0.02525,0.07699,0.012,-17.58,71.91,0.3093,0.0143,8.348,1.049,0.0,0.0,0,0.0,-0.0,0,0.0,0.0
3,257,5.14,settle,0.03195,0.01636,0.02745,0.0852,0.012,-16.39,73.09,0.3103,0.0196,9.058,1.033,0.0,0.0,0,0.0,-0.0,0,0.0,0.0
0,258,5.16,settle,0.03335,0.01886,0.02751,0.09009,0.012,-15.25,74.3,0.3084,0.0196,8.764,1.026,0.0,0.0,0,0.0,-0.0,0,0.0,0.0
1,258,5.16,settle,0.03671,0.01697,0.03255,0.09775,0.012,-13.61,75.87,0.3079,0.0237,8.901,1.046,0.0,0.0,0,0.0,-0.0,0,0.0,0.0
2,258,5.16,settle,0.02893,0.01546,0.02445,0.07778,0.012,-17.88,71.59,0.3093,0.0145,8.409,0.849,0.0,0.0,0,0.0,-0.0,0,0.0,0.0
3,258,5.16,settle,0.03112,0.01507,0.02722,0.08523,0.012,-16.25,72.98,0.3103,0.0198,9.089,1.049,0.0,0.0,0,0.0,-0.0,0,0.0,0.0
0,259,5.18,settle,0.0329,0.01782,0.02765,0.09053,0.012,-15.18,74.25,0.3085,0.0197,8.79,1.047,0.0,0.0,0,0.0,-0.0,0,0.0,0.0
1,259,5.18,settle,0.03662,0.01779,0.032,0.09885,0.012,-13.67,75.83,0.308,0.0239,8.953,0.874,0.0,0.0,0,0.0,-0.0,0,0.0,0.0
2,259,5.18,settle,0.02742,0.01473,0.02312,0.07702,0.012,-18.04,71.68,0.3094,0.0147,8.435,0.942,0.0,0.0,0,0.0,-0.0,0,0.0,0.0
3,259,5.18,settle,0.03037,0.01575,0.02597,0.08549,0.012,-16.66,72.7,0.3104,0.0199,9.149,0.899,0.0,0.0,0,0.0,-0.0,0,0.0,0.0
0,260,5.2,settle,0.03289,0.01919,0.02671,0.09165,0.012,-15.42,74.09,0.3086,0.0199,8.845,1.034,0.0,0.0,0,0.0,-0.0,0,0.0,0.0
1,260,5.2,settle,0.03413,0.01558,0.03036,0.09723,0.012,-13.95,75.7,0.3081,0.0241,8.972,1.013,0.0,0.0,0,0.0,-0.0,0,0.0,0.0
2,260,5.2,settle,0.02811,0.01523,0.02363,0.07863,0.012,-18.04,71.76,0.3095,0.0149,8.5,0.979,0.0,0.0,0,0.0,-0.0,0,0.0,0.0
3,260,5.2,settle,0.03039,0.01588,0.02591,0.08633,0.012,-16.68,72.91,0.3104,0.0201,9.174,0.98,0.0,0.0,0,0.0,-0.0,0,0.0,0.0
0,261,5.22,settle,0.03016,0.01633,0.02536,0.08969,0.012,-15.58,74.11,0.3086,0.0201,8.867,1.046,0.0,0.0,0,0.0,-0.0,0,0.0,0.0
1,261,5.22,settle,0.03368,0.0151,0.0301,0.09783,0.012,-13.94,75.76,0.3082,0.0242,9.031,1.04,0.0,0.0,0,0.0,-0.0,0,0.0,0.0
2,261,5.22,settle,0.02515,0.01269,0.02171,0.07633,0.012,-18.24,71.49,0.3096,0.0151,8.527,1.048,0.0,0.0,0,0.0,-0.0,0,0.0,0.0
3,261,5.22,settle,0.02924,0.01559,0.02474,0.08616,0.012,-17.04,72.71,0.3105,0.0203,9.231,1.046,0.0,0.0,0,0.0,-0.0,0,0.0,0.0
0,262,5.24,settle,0.02887,0.01524,0.02452,0.08921,0.012,-15.76,73.94,0.3088,0.0202,8.925,1.044,0.0,0.0,0,0.0,-0.0,0,0.0,0.0
1,262,5.24,settle,0.03321,0.01425,0.03,0.09823,0.012,-14.02,75.52,0.3083,0.0244,9.053,1.046,0.0,0.0,0,0.0,-0.0,0,0.0,0.0
2,262,5.24,settle,0.02436,0.01129,0.02158,0.07623,0.012,-18.22,71.34,0.3097,0.0153,8.59,1.033,0.0,0.0,0,0.0,-0.0,0,0.0,0.0
3,262,5.24,settle,0.02832,0.01399,0.02462,0.08596,0.012,-16.72,72.91,0.3106,0.0205,9.258,1.048,0.0,0.0,0,0.0,-0.0,0,0.0,0.0
0,263,5.26,settle,0.02829,0.01366,0.02477,0.08932,0.012,-15.74,73.66,0.3089,0.0203,8.952,1.046,0.0,0.0,0,0.0,-0.0,0,0.0,0.0
1,263,5.26,settle,0.0336,0.01591,0.02959,0.09981,0.012,-14.08,75.54,0.3083,0.0245,9.106,1.034,0.0,0.0,0,0.0,-0.0,0,0.0,0.0
2,263,5.26,settle,0.02365,0.01024,0.02131,0.07614,0.012,-18.16,71.27,0.3098,0.0155,8.625,1.006,0.0,0.0,0,0.0,-0.0,0,0.0,0.0
3,263,5.26,settle,0.0281,0.01419,0.02426,0.08666,0.012,-16.77,72.6,0.3106,0.0206,9.32,1.048,0.0,0.0,0,0.0,-0.0,0,0.0,0.0
0,264,5.28,settle,0.02864,0.01525,0.02424,0.0907,0.012,-15.89,73.6,0.3089,0.0205,9.008,1.039,0.0,0.0,0,0.0,-0.0,0,0.0,0.0
1,264,5.28,settle,0.03045,0.01326,0.02741,0.09742,0.012,-14.36,75.37,0.3084,0.0248,9.128,1.047,0.0,0.0,0,0.0,-0.0,0,0.0,0.0
2,264,5.28,settle,0.02338,0.01116,0.02054,0.07669,0.012,-18.49,71.09,0.3098,0.0157,8.69,0.876,0.0,0.0,0,0.0,-0.0,0,0.0,0.0
3,264,5.28,settle,0.02761,0.01402,0.02378,0.08695,0.012,-16.65,72.68,0.3106,0.0208,9.351,1.048,0.0,0.0,0,0.0,-0.0,0,0.0,0.0
0,265,5.3,settle,0.02622,0.01304,0.02274,0.08896,0.012,-16.09,73.57,0.309,0.0207,9.032,1.046,0.0,0.0,0,0.0,-0.0,0,0.0,0.0
1,265,5.3,settle,0.02957,0.01196,0.02704,0.09737,0.012,-14.35,75.38,0.3086,0.0249,9.189,1.042,0.0,0.0,0,0.0,-0.0,0,0.0,0.0
2,265,5.3,settle,0.02309,0.01178,0.01986,0.07705,0.012,-18.59,71.17,0.3099,0.016,8.718,0.882,0.0,0.0,0,0.0,-0.0,0,0.0,0.0
3,265,5.3,settle,0.0277,0.01506,0.02325,0.08797,0.012,-16.86,72.66,0.3106,0.021,9.411,1.045,0.0,0.0,0,0.0,-0.0,0,0.0,0.0
0,266,5.32,settle,0.02601,0.01324,0.02239,0.08955,0.012,-16.06,73.65,0.3091,0.0209,9.09,1.043,0.0,0.0,0,0.0,-0.0,0,0.0,0.0
1,266,5.32,settle,0.02913,0.01043,0.0272,0.09758,0.012,-14.4,75.07,0.3086,0.0251,9.214,1.047,0.0,0.0,0,0.0,-0.0,0,0.0,0.0
2,266,5.32,settle,0.02374,0.01236,0.02027,0.07852,0.012,-18.7,71.12,0.3099,0.0162,8.779,0.956,0.0,0.0,0,0.0,-0.0,0,0.0,0.0
3,266,5.32,settle,0.02464,0.01207,0.02148,0.08551,0.012,-17.09,72.7,0.3107,0.0212,9.439,1.048,0.0,0.0,0,0.0,-0.0,0,0.0,0.0
0,267,5.34,settle,0.0261,0.01222,0.02306,0.09027,0.012,-16.01,73.54,0.3092,0.021,9.116,1.047,0.0,0.0,0,0.0,-0.0,0,0.0,0.0
1,267,5.34,settle,0.02907,0.01198,0.02649,0.09863,0.012,-14.51,75.05,0.3087,0.0253,9.269,1.014,0.0,0.0,0,0.0,-0.0,0,0.0,0.0
2,267,5.34,settle,0.02124,0.00979,0.01885,0.07649,0.012,-18.69,71.12,0.31,0.0165,8.806,1.047,0.0,0.0,0,0.0,-0.0,0,0.0,0.0
3,267,5.34,settle,0.02354,0.01052,0.02106,0.08503,0.012,-17.28,72.33,0.3108,0.0213,9.498,1.129,0.0,0.0,0,0.0,-0.0,0,0.0,0.0
0,268,5.36,settle,0.026,0.01353,0.0222,0.09115,0.012,-16.19,73.43,0.3092,0.0212,9.172,1.04,0.0,0.0,0,0.0,-0.0,0,0.0,0.0
1,268,5.36,settle,0.02819,0.0119,0.02556,0.09856,0.012,-14.52,75.22,0.3087,0.0255,9.293,1.003,0.0,0.0,0,0.0,-0.0,0,0.0,0.0
2,268,5.36,settle,0.02058,0.00845,0.01876,0.07637,0.012,-18.62,70.93,0.3101,0.0167,8.873,1.092,0.0,0.0,0,0.0,-0.0,0,0.0,0.0
3,268,5.36,settle,0.02354,0.00928,0.02164,0.08556,0.012,-17.01,72.34,0.3108,0.0214,9.528,1.048,0.0,0.0,0,0.0,-0.0,0,0.0,0.0
0,269,5.38,settle,0.0235,0.01096,0.02079,0.08917,0.012,-16.31,73.36,0.3093,0.0214,9.197,0.984,0.0,0.0,0,0.0,-0.0,0,0.0,0.0
1,269,5.38,settle,0.02885,0.01305,0.02573,0.10023,0.012,-14.51,75.3,0.3088,0.0256,9.35,1.041,0.0,0.0,0,0.0,-0.0,0,0.0,0.0
2,269,5.38,settle,0.01972,0.0074,0.01828,0.076,0.012,-18.58,70.78,0.3102,0.0169,8.911,0.937,0.0,0.0,0,0.0,-0.0,0,0.0,0.0
3,269,5.38,settle,0.02298,0.01039,0.0205,0.08587,0.012,-17.36,71.92,0.3109,0.0216,9.586,0.99,0.0,0.0,0,0.0,-0.0,0,0.0,0.0
0,270,5.4,settle,0.023,0.0111,0.02014,0.08927,0.012,-16.27,73.39,0.3094,0.0216,9.261,1.047,0.0,0.0,0,0.0,-0.0,0,0.0,0.0
1,270,5.4,settle,0.02596,0.0101,0.02392,0.09786,0.012,-14.74,75.01,0.3089,0.0259,9.37,1.047,0.0,0.0,0,0.0,-0.0,0,0.0,0.0
2,270,5.4,settle,0.01963,0.00827,0.0178,0.07663,0.012,-18.86,70.69,0.3102,0.0171,8.975,0.817,0.0,0.0,0,0.0,-0.0,0,0.0,0.0
3,270,5.4,settle,0.02345,0.01142,0.02048,0.08704,0.012,-17.16,72.45,0.3109,0.0218,9.613,1.047,0.0,0.0,0,0.0,-0.0,0,0.0,0.0
0,271,5.42,settle,0.02241,0.00934,0.02037,0.08919,0.012,-16.31,73.13,0.3095,0.0217,9.289,1.046,0.0,0.0,0,0.0,-0.0,0,0.0,0.0
1,271,5.42,settle,0.02507,0.00866,0.02353,0.09759,0.012,-14.78,74.85,0.309,0.026,9.426,1.042,0.0,0.0,0,0.0,-0.0,0,0.0,0.0
2,271,5.42,settle,0.01964,0.00939,0.01725,0.07723,0.012,-19.0,70.8,0.3103,0.0174,9.005,0.901,0.0,0.0,0,0.0,-0.0,0,0.0,0.0
3,271,5.42,settle,0.02298,0.01171,0.01977,0.08739,0.012,-17.48,72.26,0.3109,0.022,9.667,1.049,0.0,0.0,0,0.0,-0.0,0,0.0,0.0
0,272,5.44,settle,0.0228,0.01112,0.01991,0.09051,0.012,-16.47,73.06,0.3095,0.0219,9.347,1.04,0.0,0.0,0,0.0,-0.0,0,0.0,0.0
1,272,5.44,settle,0.02466,0.00708,0.02362,0.09763,0.012,-14.84,74.62,0.309,0.0262,9.452,1.023,0.0,0.0,0,0.0,-0.0,0,0.0,0.0
2,272,5.44,settle,0.0199,0.00999,0.01721,0.07823,0.012,-19.19,70.68,0.3103,0.0176,9.065,0.993,0.0,0.0,0,0.0,-0.0,0,0.0,0.0
3,272,5.44,settle,0.02156,0.00951,0.01935,0.08641,0.012,-17.34,72.4,0.311,0.0222,9.693,0.964,0.0,0.0,0,0.0,-0.0,0,0.0,0.0
0,273,5.46,settle,0.0214,0.00947,0.01918,0.08964,0.012,-16.58,73.15,0.3096,0.0222,9.369,1.045,0.0,0.0,0,0.0,-0.0,0,0.0,0.0
1,273,5.46,settle,0.02452,0.00879,0.02288,0.09855,0.012,-14.89,74.67,0.3091,0.0264,9.512,1.037,0.0,0.0,0,0.0,-0.0,0,0.0,0.0
2,273,5.46,settle,0.01879,0.00838,0.01682,0.07751,0.012,-18.89,70.92,0.3104,0.0179,9.092,0.979,0.0,0.0,0,0.0,-0.0,0,0.0,0.0
3,273,5.46,settle,0.02107,0.00906,0.01902,0.08654,0.012,-17.42,71.99,0.311,0.0223,9.754,1.046,0.0,0.0,0,0.0,-0.0,0,0.0,0.0
0,274,5.48,settle,0.02183,0.01057,0.0191,0.09085,0.012,-16.51,73.26,0.3096,0.0223,9.426,1.045,0.0,0.0,0,0.0,-0.0,0,0.0,0.0
1,274,5.48,settle,0.02475,0.01014,0.02258,0.09963,0.012,-14.74,74.95,0.3091,0.0266,9.536,1.01,0.0,0.0,0,0.0,-0.0,0,0.0,0.0
2,274,5.48,settle,0.01884,0.00784,0.01713,0.07814,0.012,-18.77,70.71,0.3104,0.018,9.16,1.066,0.0,0.0,0,0.0,-0.0,0,0.0,0.0
3,274,5.48,settle,0.02082,0.00868,0.01892,0.08689,0.012,-17.16,72.16,0.311,0.0225,9.785,1.048,0.0,0.0,0,0.0,-0.0,0,0.0,0.0
0,275,5.5,settle,0.02067,0.00881,0.0187,0.09012,0.012,-16.52,73.12,0.3097,0.0225,9.451,0.971,0.0,0.0,0,0.0,-0.0,0,0.0,0.0
1,275,5.5,settle,0.0247,0.01082,0.0222,0.10047,0.012,-14.97,74.86,0.3092,0.0268,9.589,1.042,0.0,0.0,0,0.0,-0.0,0,0.0,0.0
2,275,5.5,settle,0.01814,0.00776,0.0164,0.07797,0.012,-18.71,70.66,0.3104,0.0183,9.197,0.986,0.0,0.0,0,0.0,-0.0,0,0.0,0.0
3,275,5.5,settle,0.0212,0.01044,0.01845,0.08811,0.012,-17.36,72.08,0.311,0.0226,9.844,1.04,0.0,0.0,0,0.0,-0.0,0,0.0,0.0
0,276,5.52,settle,0.02076,0.00991,0.01824,0.09094,0.012,-16.53,73.02,0.3097,0.0226,9.509,1.043,0.0,0.0,0,0.0,-0.0,0,0.0,0.0
1,276,5.52,settle,0.02263,0.00794,0.02119,0.09875,0.012,-15.02,74.8,0.3093,0.0269,9.611,1.026,0.0,0.0,0,0.0,-0.0,0,0.0,0.0
2,276,5.52,settle,0.01897,0.00948,0.01643,0.07952,0.012,-18.85,70.74,0.3104,0.0185,9.262,0.915,0.0,0.0,0,0.0,-0.0,0,0.0,0.0
3,276,5.52,settle,0.01901,0.0086,0.01695,0.08633,0.012,-17.59,72.11,0.311,0.0228,9.868,1.047,0.0,0.0,0,0.0,-0.0,0,0.0,0.0
0,277,5.54,settle,0.02013,0.00867,0.01816,0.09081,0.012,-16.47,73.1,0.3097,0.0228,9.535,1.044,0.0,0.0,0,0.0,-0.0,0,0.0,0.0
1,277,5.54,settle,0.02172,0.00677,0.02064,0.09833,0.012,-15.01,74.59,0.3094,0.0271,9.669,1.043,0.0,0.0,0,0.0,-0.0,0,0.0,0.0
2,277,5.54,settle,0.0162,0.00762,0.01429,0.07706,0.012,-19.24,70.61,0.3104,0.0187,9.289,0.989,0.0,0.0,0,0.0,-0.0,0,0.0,0.0
3,277,5.54,settle,0.01899,0.00805,0.0172,0.08687,0.012,-17.63,72.03,0.3111,0.0229,9.924,1.049,0.0,0.0,0,0.0,-0.0,0,0.0,0.0
0,278,5.56,settle,0.02053,0.01043,0.01768,0.09207,0.012,-16.49,73.15,0.3098,0.023,9.594,1.043,0.0,0.0,0,0.0,-0.0,0,0.0,0.0
1,278,5.56,settle,0.02073,0.00545,0.02,0.0978,0.012,-14.96,74.34,0.3094,0.0273,9.695,1.046,0.0,0.0,0,0.0,-0.0,0,0.0,0.0
2,278,5.56,settle,0.01644,0.00636,0.01516,0.07777,0.012,-19.18,70.64,0.3105,0.0188,9.35,1.048,0.0,0.0,0,0.0,-0.0,0,0.0,0.0
3,278,5.56,settle,0.01964,0.00816,0.01786,0.08799,0.012,-17.31,72.13,0.3111,0.023,9.949,1.048,0.0,0.0,0,0.0,-0.0,0,0.0,0.0
0,279,5.58,settle,0.01827,0.0078,0.01652,0.09011,0.012,-16.69,73.03,0.3098,0.0231,9.618,0.98,0.0,0.0,0,0.0,-0.0,0,0.0,0.0
1,279,5.58,settle,0.02063,0.00673,0.0195,0.09853,0.012,-15.14,74.34,0.3094,0.0274,9.752,1.041,0.0,0.0,0,0.0,-0.0,0,0.0,0.0
2,279,5.58,settle,0.0169,0.00618,0.01573,0.07856,0.012,-19.01,70.57,0.3106,0.019,9.381,0.935,0.0,0.0,0,0.0,-0.0,0,0.0,0.0
3,279,5.58,settle,0.02034,0.01035,0.01751,0.08957,0.012,-17.35,72.04,0.3111,0.0231,10.003,1.048,0.0,0.0,0,0.0,-0.0,0,0.0,0.0
0,280,5.6,settle,0.01803,0.00782,0.01624,0.09023,0.012,-16.71,72.96,0.3099,0.0232,9.676,1.046,0.0,0.0,0,0.0,-0.0,0,0.0,0.0
1,280,5.6,settle,0.02145,0.00795,0.01992,0.10011,0.012,-15.05,74.7,0.3095,0.0276,9.776,1.035,0.0,0.0,0,0.0,-0.0,0,0.0,0.0
2,280,5.6,settle,0.01777,0.00828,0.01572,0.08027,0.012,-19.0,70.51,0.3105,0.0192,9.444,0.931,0.0,0.0,0,0.0,-0.0,0,0.0,0.0
3,280,5.6,settle,0.01764,0.00818,0.01562,0.08724,0.012,-17.49,72.05,0.3111,0.0233,10.027,1.01,0.0,0.0,0,0.0,-0.0,0,0.0,0.0
0,281,5.62,settle,0.01804,0.00603,0.01701,0.09049,0.012,-16.72,72.79,0.31,0.0234,9.702,1.048,0.0,0.0,0,0.0,-0.0,0,0.0,0.0
1,281,5.62,settle,0.02175,0.00947,0.01958,0.10129,0.012,-15.2,74.64,0.3095,0.0278,9.827,1.042,0.0,0.0,0,0.0,-0.0,0,0.0,0.0
2,281,5.62,settle,0.01519,0.00738,0.01328,0.07804,0.012,-19.17,70.54,0.3105,0.0194,9.472,0.978,0.0,0.0,0,0.0,-0.0,0,0.0,0.0
3,281,5.62,settle,0.01704,0.00682,0.01561,0.08704,0.012,-17.56,72.07,0.3111,0.0233,10.088,1.049,0.0,0.0,0,0.0,-0.0,0,0.0,0.0
0,282,5.64,settle,0.018,0.00818,0.01604,0.09145,0.012,-16.76,72.76,0.31,0.0235,9.759,1.04,0.0,0.0,0,0.0,-0.0,0,0.0,0.0
1,282,5.64,settle,0.01959,0.00696,0.01831,0.09947,0.012,-15.2,74.62,0.3096,0.028,9.848,1.042,0.0,0.0,0,0.0,-0.0,0,0.0,0.0
2,282,5.64,settle,0.01553,0.00659,0.01407,0.07889,0.012,-19.08,70.63,0.3106,0.0196,9.536,1.048,0.0,0.0,0,0.0,-0.0,0,0.0,0.0
3,282,5.64,settle,0.01645,0.00491,0.0157,0.08664,0.012,-17.6,71.79,0.3112,0.0234,10.116,1.049,0.0,0.0,0,0.0,-0.0,0,0.0,0.0
0,283,5.66,settle,0.01765,0.00809,0.01569,0.09168,0.012,-16.6,73.07,0.3099,0.0237,9.782,0.924,0.0,0.0,0,0.0,-0.0,0,0.0,0.0
1,283,5.66,settle,0.01877,0.00609,0.01775,0.09902,0.012,-15.15,74.45,0.3097,0.0281,9.907,1.043,0.0,0.0,0,0.0,-0.0,0,0.0,0.0
2,283,5.66,settle,0.01597,0.00657,0.01456,0.07963,0.012,-18.99,70.59,0.3106,0.0197,9.568,0.969,0.0,0.0,0,0.0,-0.0,0,0.0,0.0
3,283,5.66,settle,0.01634,0.00634,0.01506,0.08729,0.012,-17.8,71.55,0.3112,0.0235,10.171,1.047,0.0,0.0,0,0.0,-0.0,0,0.0,0.0
0,284,5.68,settle,0.01836,0.00965,0.01562,0.09313,0.012,-16.67,73.03,0.31,0.0238,9.838,1.045,0.0,0.0,0,0.0,-0.0,0,0.0,0.0
1,284,5.68,settle,0.01772,0.00444,0.01716,0.09835,0.012,-15.07,74.18,0.3097,0.0282,9.933,1.047,0.0,0.0,0,0.0,-0.0,0,0.0,0.0
2,284,5.68,settle,0.01683,0.00852,0.01451,0.08125,0.012,-19.06,70.52,0.3106,0.0198,9.63,1.036,0.0,0.0,0,0.0,-0.0,0,0.0,0.0
3,284,5.68,settle,0.01715,0.00777,0.01528,0.08867,0.012,-17.49,72.04,0.3111,0.0236,10.193,1.048,0.0,0.0,0,0.0,-0.0,0,0.0,0.0
0,285,5.7,settle,0.01602,0.00637,0.0147,0.09092,0.012,-16.81,72.93,0.31,0.024,9.86,1.047,0.0,0.0,0,0.0,-0.0,0,0.0,0.0
1,285,5.7,settle,0.01784,0.00579,0.01687,0.09914,0.012,-15.2,74.16,0.3098,0.0284,9.992,1.04,0.0,0.0,0,0.0,-0.0,0,0.0,0.0
2,285,5.7,settle,0.01392,0.00673,0.01219,0.07864,0.012,-19.23,70.53,0.3105,0.02,9.657,1.046,0.0,0.0,0,0.0,-0.0,0,0.0,0.0
3,285,5.7,settle,0.0169,0.00863,0.01452,0.08912,0.012,-17.74,71.9,0.3111,0.0237,10.243,1.049,0.0,0.0,0,0.0,-0.0,0,0.0,0.0
0,286,5.72,settle,0.01527,0.00616,0.01397,0.09033,0.012,-16.82,72.74,0.3101,0.024,9.916,1.044,0.0,0.0,0,0.0,-0.0,0,0.0,0.0
1,286,5.72,settle,0.01819,0.00651,0.01698,0.1002,0.012,-15.17,74.5,0.3098,0.0285,10.013,1.047,0.0,0.0,0,0.0,-0.0,0,0.0,0.0
2,286,5.72,settle,0.01373,0.00489,0.01283,0.07871,0.012,-19.19,70.55,0.3106,0.0201,9.721,1.049,0.0,0.0,0,0.0,-0.0,0,0.0,0.0
3,286,5.72,settle,0.01558,0.00668,0.01407,0.08807,0.012,-17.63,71.99,0.3112,0.0238,10.268,0.849,0.0,0.0,0,0.0,-0.0,0,0.0,0.0
0,287,5.74,settle,0.01466,0.00428,0.01402,0.08984,0.012,-16.79,72.58,0.3102,0.0242,9.943,0.962,0.0,0.0,0,0.0,-0.0,0,0.0,0.0
1,287,5.74,settle,0.0191,0.0087,0.01701,0.10194,0.012,-15.29,74.57,0.3098,0.0287,10.062,1.041,0.0,0.0,0,0.0,-0.0,0,0.0,0.0
2,287,5.74,settle,0.01332,0.0033,0.01291,0.07835,0.012,-19.22,70.23,0.3107,0.0202,9.752,1.046,0.0,0.0,0,0.0,-0.0,0,0.0,0.0
3,287,5.74,settle,0.0154,0.00652,0.01395,0.08833,0.012,-17.63,71.73,0.3112,0.0238,10.327,1.049,0.0,0.0,0,0.0,-0.0,0,0.0,0.0
0,288,5.76,settle,0.01438,0.00606,0.01304,0.09027,0.012,-17.03,72.47,0.3102,0.0243,10.001,1.042,0.0,0.0,0,0.0,-0.0,0,0.0,0.0
1,288,5.76,settle,0.01697,0.00612,0.01582,0.10003,0.012,-15.39,74.47,0.3099,0.0288,10.08,1.046,0.0,0.0,0,0.0,-0.0,0,0.0,0.0
2,288,5.76,settle,0.01324,0.00444,0.01247,0.07896,0.012,-19.39,70.01,0.3107,0.0204,9.813,1.01,0.0,0.0,0,0.0,-0.0,0,0.0,0.0
3,288,5.76,settle,0.01487,0.00604,0.01358,0.08828,0.012,-17.34,71.84,0.3112,0.0239,10.354,1.048,0.0,0.0,0,0.0,-0.0,0,0.0,0.0
0,289,5.78,settle,0.01509,0.00596,0.01386,0.0917,0.012,-16.87,72.79,0.3102,0.0245,10.023,1.045,0.0,0.0,0,0.0,-0.0,0,0.0,0.0
1,289,5.78,settle,0.0164,0.00491,0.01564,0.0997,0.012,-15.31,74.3,0.3099,0.0289,10.135,1.045,0.0,0.0,0,0.0,-0.0,0,0.0,0.0
2,289,5.78,settle,0.01405,0.00682,0.01228,0.08028,0.012,-19.13,70.5,0.3106,0.0205,9.841,0.946,0.0,0.0,0,0.0,-0.0,0,0.0,0.0
3,289,5.78,settle,0.01539,0.00778,0.01328,0.08945,0.012,-17.51,71.79,0.3111,0.024,10.408,1.049,0.0,0.0,0,0.0,-0.0,0,0.0,0.0
0,290,5.8,settle,0.01547,0.00769,0.01342,0.09282,0.012,-17.03,72.72,0.3102,0.0246,10.072,1.044,0.0,0.0,0,0.0,-0.0,0,0.0,0.0
1,290,5.8,settle,0.01576,0.00297,0.01548,0.0992,0.012,-15.25,73.88,0.31,0.029,10.158,1.047,0.0,0.0,0,0.0,-0.0,0,0.0,0.0
2,290,5.8,settle,0.01367,0.00722,0.01161,0.08051,0.012,-19.45,70.33,0.3106,0.0207,9.898,1.024,0.0,0.0,0,0.0,-0.0,0,0.0,0.0
3,290,5.8,settle,0.01387,0.0063,0.01236,0.08814,0.012,-17.68,71.92,0.3111,0.024,10.428,1.048,0.0,0.0,0,0.0,-0.0,0,0.0,0.0
0,291,5.82,settle,0.01355,0.0051,0.01255,0.091,0.012,-16.98,72.8,0.3103,0.0247,10.094,1.046,0.0,0.0,0,0.0,-0.0,0,0.0,0.0
1,291,5.82,settle,0.01516,0.00463,0.01444,0.0993,0.012,-15.38,73.9,0.31,0.0291,10.214,1.037,0.0,0.0,0,0.0,-0.0,0,0.0,0.0
2,291,5.82,settle,0.01267,0.00555,0.01138,0.07968,0.012,-19.3,70.5,0.3107,0.0207,9.925,0.894,0.0,0.0,0,0.0,-0.0,0,0.0,0.0
3,291,5.82,settle,0.01425,0.00604,0.01291,0.08902,0.012,-17.72,71.91,0.3112,0.024,10.478,1.049,0.0,0.0,0,0.0,-0.0,0,0.0,0.0
0,292,5.84,settle,0.013,0.00593,0.01156,0.09044,0.012,-16.95,72.57,0.3104,0.0248,10.154,1.085,0.0,0.0,0,0.0,-0.0,0,0.0,0.0
1,292,5.84,settle,0.01547,0.00516,0.01458,0.10036,0.012,-15.22,74.37,0.31,0.0292,10.238,1.026,0.0,0.0,0,0.0,-0.0,0,0.0,0.0
2,292,5.84,settle,0.01326,0.00487,0.01234,0.08065,0.012,-19.23,70.3,0.3107,0.0208,9.988,1.012,0.0,0.0,0,0.0,-0.0,0,0.0,0.0
3,292,5.84,settle,0.01387,0.00534,0.0128,0.08883,0.012,-17.63,71.86,0.3112,0.0241,10.496,1.038,0.0,0.0,0,0.0,-0.0,0,0.0,0.0
0,293,5.86,settle,0.01227,0.00382,0.01166,0.08987,0.012,-16.78,72.47,0.3104,0.0249,10.181,1.047,0.0,0.0,0,0.0,-0.0,0,0.0,0.0
1,293,5.86,settle,0.0174,0.00804,0.01543,0.10308,0.012,-15.32,74.47,0.31,0.0293,10.287,1.044,0.0,0.0,0,0.0,-0.0,0,0.0,0.0
2,293,5.86,settle,0.01282,0.00524,0.01171,0.0806,0.012,-19.05,70.34,0.3107,0.0209,10.017,1.048,0.0,0.0,0,0.0,-0.0,0,0.0,0.0
3,293,5.86,settle,0.01424,0.00673,0.01255,0.08992,0.012,-17.63,71.68,0.3111,0.0241,10.543,1.045,0.0,0.0,0,0.0,-0.0,0,0.0,0.0
0,294,5.88,settle,0.01212,0.00525,0.01093,0.09019,0.012,-17.03,72.31,0.3104,0.025,10.238,1.039,0.0,0.0,0,0.0,-0.0,0,0.0,0.0
1,294,5.88,settle,0.01557,0.00645,0.01417,0.10143,0.012,-15.47,74.41,0.31,0.0294,10.298,1.046,0.0,0.0,0,0.0,-0.0,0,0.0,0.0
2,294,5.88,settle,0.01368,0.00731,0.01156,0.08207,0.012,-19.11,70.39,0.3106,0.021,10.076,1.008,0.0,0.0,0,0.0,-0.0,0,0.0,0.0
3,294,5.88,settle,0.01286,0.00562,0.01156,0.08874,0.012,-17.56,71.81,0.3111,0.0241,10.563,0.984,0.0,0.0,0,0.0,-0.0,0,0.0,0.0
0,295,5.9,settle,0.0124,0.00425,0.01165,0.09117,0.012,-16.99,72.68,0.3105,0.0252,10.259,1.047,0.0,0.0,0,0.0,-0.0,0,0.0,0.0
1,295,5.9,settle,0.01503,0.00469,0.01428,0.10133,0.012,-15.34,74.37,0.3101,0.0294,10.344,1.044,0.0,0.0,0,0.0,-0.0,0,0.0,0.0
2,295,5.9,settle,0.01122,0.00562,0.00972,0.07976,0.012,-19.32,70.41,0.3106,0.0211,10.101,0.922,0.0,0.0,0,0.0,-0.0,0,0.0,0.0
3,295,5.9,settle,0.0127,0.00548,0.01146,0.08906,0.012,-17.61,71.77,0.3111,0.0241,10.618,1.047,0.0,0.0,0,0.0,-0.0,0,0.0,0.0
0,296,5.92,settle,0.01374,0.00706,0.01179,0.09333,0.012,-17.07,72.73,0.3105,0.0253,10.305,1.045,0.0,0.0,0,0.0,-0.0,0,0.0,0.0
1,296,5.92,settle,0.01509,0.00344,0.0147,0.10153,0.012,-15.28,73.88,0.31,0.0294,10.365,0.891,0.0,0.0,0,0.0,-0.0,0,0.0,0.0
2,296,5.92,settle,0.0112,0.00374,0.01055,0.07998,0.012,-19.35,70.33,0.3107,0.0211,10.16,1.048,0.0,0.0,0,0.0,-0.0,0,0.0,0.0
3,296,5.92,settle,0.0129,0.0054,0.01172,0.08952,0.012,-17.51,71.84,0.3111,0.0241,10.639,1.038,0.0,0.0,0,0.0,-0.0,0,0.0,0.0
0,297,5.94,settle,0.01215,0.005,0.01107,0.09184,0.012,-17.02,72.81,0.3105,0.0254,10.32,1.046,0.0,0.0,0,0.0,-0.0,0,0.0,0.0
1,297,5.94,settle,0.01484,0.0058,0.01366,0.10212,0.012,-15.2,74.02,0.31,0.0295,10.42,1.035,0.0,0.0,0,0.0,-0.0,0,0.0,0.0
2,297,5.94,settle,0.01107,0.00266,0.01075,0.07986,0.012,-19.3,70.2,0.3107,0.0212,10.188,1.037,0.0,0.0,0,0.0,-0.0,0,0.0,0.0
3,297,5.94,settle,0.01328,0.00672,0.01146,0.09053,0.012,-17.73,71.72,0.311,0.0241,10.685,1.046,0.0,0.0,0,0.0,-0.0,0,0.0,0.0
0,298,5.96,settle,0.0118,0.00533,0.01052,0.09161,0.012,-16.92,72.63,0.3106,0.0254,10.375,1.154,0.0,0.0,0,0.0,-0.0,0,0.0,0.0
1,298,5.96,settle,0.01545,0.00761,0.01344,0.10329,0.012,-14.86,74.64,0.3099,0.0296,10.442,1.028,0.0,0.0,0,0.0,-0.0,0,0.0,0.0
2,298,5.96,settle,0.01092,0.00391,0.01019,0.08042,0.012,-19.5,69.93,0.3107,0.0213,10.243,1.008,0.0,0.0,0,0.0,-0.0,0,0.0,0.0
3,298,5.96,settle,0.01079,0.00402,0.01001,0.08806,0.012,-17.83,71.8,0.311,0.0242,10.699,1.046,0.0,0.0,0,0.0,-0.0,0,0.0,0.0
0,299,5.98,settle,0.01123,0.0034,0.0107,0.09112,0.012,-16.79,72.37,0.3106,0.0255,10.399,1.047,0.0,0.0,0,0.0,-0.0,0,0.0,0.0
1,299,5.98,settle,0.01498,0.00762,0.0129,0.10337,0.012,-15.28,74.49,0.31,0.0296,10.49,1.045,0.0,0.0,0,0.0,-0.0,0,0.0,0.0
2,299,5.98,settle,0.01077,0.00507,0.0095,0.08051,0.012,-19.32,70.3,0.3106,0.0214,10.265,0.994,0.0,0.0,0,0.0,-0.0,0,0.0,0.0
3,299,5.98,settle,0.0103,0.00309,0.00982,0.08742,0.012,-17.91,71.5,0.3111,0.0241,10.75,1.049,0.0,0.0,0,0.0,-0.0,0,0.0,0.0
0,300,6.0,settle,0.01093,0.00505,0.00969,0.09138,0.012,-16.92,72.34,0.3106,0.0256,10.454,1.041,0.0,0.0,0,0.0,-0.0,0,0.0,0.0
1,300,6.0,settle,0.01328,0.00444,0.01252,0.10173,0.012,-15.37,74.47,0.31,0.0296,10.503,0.996,0.0,0.0,0,0.0,-0.0,0,0.0,0.0
2,300,6.0,settle,0.01221,0.00616,0.01055,0.08253,0.012,-19.29,70.34,0.3106,0.0214,10.32,1.049,0.0,0.0,0,0.0,-0.0,0,0.0,0.0
3,300,6.0,settle,0.00976,0.00116,0.00969,0.08681,0.012,-17.76,71.26,0.3112,0.0241,10.773,1.034,0.0,0.0,0,0.0,-0.0,0,0.0,0.0
0,301,6.02,settle,0.01141,0.00466,0.01041,0.09243,0.012,-16.82,72.79,0.3105,0.0257,10.475,1.043,0.0,0.0,0,0.0,-0.0,0,0.0,0.0
1,301,6.02,settle,0.01253,0.0033,0.01209,0.10111,0.012,-15.46,74.15,0.3101,0.0296,10.548,1.044,0.0,0.0,0,0.0,-0.0,0,0.0,0.0
2,301,6.02,settle,0.00952,0.00383,0.00872,0.07988,0.012,-19.49,70.18,0.3106,0.0215,10.343,1.046,0.0,0.0,0,0.0,-0.0,0,0.0,0.0
3,301,6.02,settle,0.00954,0.00302,0.00905,0.08706,0.012,-18.01,71.0,0.3112,0.0242,10.823,1.047,0.0,0.0,0,0.0,-0.0,0,0.0,0.0
0,302,6.04,settle,0.01233,0.00659,0.01042,0.09396,0.012,-17.04,72.75,0.3106,0.0258,10.52,1.046,0.0,0.0,0,0.0,-0.0,0,0.0,0.0
1,302,6.04,settle,0.0119,0.00218,0.0117,0.10074,0.012,-15.31,73.84,0.3101,0.0297,10.563,1.046,0.0,0.0,0,0.0,-0.0,0,0.0,0.0
2,302,6.04,settle,0.00949,0.00255,0.00914,0.0798,0.012,-19.37,70.17,0.3107,0.0215,10.403,1.047,0.0,0.0,0,0.0,-0.0,0,0.0,0.0
3,302,6.04,settle,0.00966,0.00284,0.00923,0.08788,0.012,-17.9,71.54,0.3112,0.0242,10.841,1.048,0.0,0.0,0,0.0,-0.0,0,0.0,0.0
0,303,6.06,settle,0.01036,0.0038,0.00964,0.09197,0.012,-17.09,72.76,0.3106,0.0259,10.535,1.046,0.0,0.0,0,0.0,-0.0,0,0.0,0.0
1,303,6.06,settle,0.01228,0.004,0.01161,0.10177,0.012,-15.36,73.9,0.31,0.0297,10.612,1.042,0.0,0.0,0,0.0,-0.0,0,0.0,0.0
2,303,6.06,settle,0.0087,0.00055,0.00869,0.07888,0.012,-19.37,70.02,0.3107,0.0216,10.431,1.049,0.0,0.0,0,0.0,-0.0,0,0.0,0.0
3,303,6.06,settle,0.01011,0.00453,0.00904,0.08899,0.012,-18.16,71.48,0.3112,0.0243,10.882,1.046,0.0,0.0,0,0.0,-0.0,0,0.0,0.0
0,304,6.08,settle,0.01014,0.00463,0.00902,0.0916,0.012,-16.98,72.61,0.3107,0.0259,10.587,1.193,0.0,0.0,0,0.0,-0.0,0,0.0,0.0
1,304,6.08,settle,0.01313,0.00567,0.01184,0.10313,0.012,-15.16,74.42,0.31,0.0298,10.629,1.047,0.0,0.0,0,0.0,-0.0,0,0.0,0.0
2,304,6.08,settle,0.00813,0.00175,0.00794,0.07874,0.012,-19.73,69.65,0.3107,0.0217,10.487,0.965,0.0,0.0,0,0.0,-0.0,0,0.0,0.0
3,304,6.08,settle,0.00898,0.0027,0.00857,0.0878,0.012,-18.05,71.61,0.3112,0.0243,10.896,0.857,0.0,0.0,0,0.0,-0.0,0,0.0,0.0
0,305,6.1,settle,0.0094,0.00266,0.00902,0.09085,0.012,-16.84,72.25,0.3106,0.026,10.608,1.047,0.0,0.0,0,0.0,-0.0,0,0.0,0.0
1,305,6.1,settle,0.01289,0.00631,0.01124,0.10346,0.012,-15.42,74.33,0.31,0.0299,10.671,1.043,0.0,0.0,0,0.0,-0.0,0,0.0,0.0
2,305,6.1,settle,0.00887,0.00297,0.00836,0.08003,0.012,-19.57,70.02,0.3107,0.0218,10.509,0.938,0.0,0.0,0,0.0,-0.0,0,0.0,0.0
3,305,6.1,settle,0.00938,0.00355,0.00868,0.08806,0.012,-17.93,71.39,0.3113,0.0243,10.948,1.049,0.0,0.0,0,0.0,-0.0,0,0.0,0.0
0,306,6.12,settle,0.00914,0.00428,0.00807,0.09099,0.012,-17.04,72.12,0.3106,0.026,10.661,1.04,0.0,0.0,0,0.0,-0.0,0,0.0,0.0
1,306,6.12,settle,0.01129,0.00359,0.01071,0.10195,0.012,-15.46,74.34,0.3101,0.0299,10.688,0.851,0.0,0.0,0,0.0,-0.0,0,0.0,0.0
2,306,6.12,settle,0.00975,0.00429,0.00876,0.08159,0.012,-19.7,69.98,0.3107,0.0219,10.56,1.044,0.0,0.0,0,0.0,-0.0,0,0.0,0.0
3,306,6.12,settle,0.00856,0.00188,0.00835,0.08766,0.012,-17.62,71.32,0.3113,0.0244,10.969,1.048,0.0,0.0,0,0.0,-0.0,0,0.0,0.0
0,307,6.14,settle,0.00929,0.00287,0.00884,0.09186,0.012,-16.95,72.62,0.3106,0.0261,10.681,1.047,0.0,0.0,0,0.0,-0.0,0,0.0,0.0
1,307,6.14,settle,0.0106,0.00333,0.01007,0.10117,0.012,-15.52,74.06,0.3101,0.0299,10.735,0.928,0.0,0.0,0,0.0,-0.0,0,0.0,0.0
2,307,6.14,settle,0.00765,0.00271,0.00716,0.07941,0.012,-19.56,70.17,0.3107,0.022,10.578,1.044,0.0,0.0,0,0.0,-0.0,0,0.0,0.0
3,307,6.14,settle,0.00841,0.00342,0.00768,0.088,0.012,-17.88,71.19,0.3113,0.0244,11.018,1.017,0.0,0.0,0,0.0,-0.0,0,0.0,0.0
0,308,6.16,settle,0.01101,0.00583,0.00933,0.09429,0.012,-17.04,72.74,0.3106,0.0262,10.725,1.045,0.0,0.0,0,0.0,-0.0,0,0.0,0.0
1,308,6.16,settle,0.00976,0.00127,0.00968,0.10055,0.012,-15.34,73.81,0.3101,0.03,10.749,1.047,0.0,0.0,0,0.0,-0.0,0,0.0,0.0
2,308,6.16,settle,0.00783,0.00163,0.00766,0.07936,0.012,-19.48,70.0,0.3107,0.022,10.633,1.231,0.0,0.0,0,0.0,-0.0,0,0.0,0.0
3,308,6.16,settle,0.00912,0.0037,0.00833,0.08903,0.012,-17.77,71.73,0.3113,0.0245,11.033,1.048,0.0,0.0,0,0.0,-0.0,0,0.0,0.0
0,309,6.18,settle,0.00953,0.00391,0.00869,0.09274,0.012,-17.11,72.76,0.3106,0.0263,10.734,1.046,0.0,0.0,0,0.0,-0.0,0,0.0,0.0
1,309,6.18,settle,0.01027,0.00305,0.0098,0.10156,0.012,-15.45,73.77,0.3101,0.03,10.797,1.042,0.0,0.0,0,0.0,-0.0,0,0.0,0.0
2,309,6.18,settle,0.00752,0.00037,0.00751,0.07881,0.012,-19.43,69.78,0.3108,0.022,10.661,0.976,0.0,0.0,0,0.0,-0.0,0,0.0,0.0
3,309,6.18,settle,0.0089,0.00393,0.00798,0.0893,0.012,-18.1,71.52,0.3113,0.0245,11.071,1.049,0.0,0.0,0,0.0,-0.0,0,0.0,0.0
0,310,6.2,settle,0.0092,0.00377,0.00839,0.09253,0.012,-17.0,72.69,0.3107,0.0263,10.781,1.065,0.0,0.0,0,0.0,-0.0,0,0.0,0.0
1,310,6.2,settle,0.01108,0.00428,0.01021,0.10292,0.012,-15.26,74.32,0.3101,0.0301,10.81,1.047,0.0,0.0,0,0.0,-0.0,0,0.0,0.0
2,310,6.2,settle,0.0075,0.00156,0.00734,0.07933,0.012,-19.69,69.7,0.3108,0.0221,10.72,1.029,0.0,0.0,0,0.0,-0.0,0,0.0,0.0
3,310,6.2,settle,0.00832,0.00247,0.00795,0.08866,0.012,-17.89,71.7,0.3113,0.0245,11.084,0.923,0.0,0.0,0,0.0,-0.0,0,0.0,0.0
0,311,6.22,settle,0.00918,0.002,0.00896,0.09231,0.012,-16.87,72.29,0.3106,0.0263,10.799,1.047,0.0,0.0,0,0.0,-0.0,0,0.0,0.0
1,311,6.22,settle,0.01118,0.00551,0.00973,0.1036,0.012,-15.45,74.3,0.3101,0.0301,10.849,1.043,0.0,0.0,0,0.0,-0.0,0,0.0,0.0
2,311,6.22,settle,0.00768,0.0028,0.00716,0.08021,0.012,-19.58,70.06,0.3107,0.0223,10.742,1.038,0.0,0.0,0,0.0,-0.0,0,0.0,0.0
3,311,6.22,settle,0.00838,0.00325,0.00773,0.08888,0.012,-17.85,71.37,0.3114,0.0245,11.13,0.976,0.0,0.0,0,0.0,-0.0,0,0.0,0.0
0,312,6.24,settle,0.00885,0.00403,0.00787,0.09265,0.012,-16.91,72.27,0.3106,0.0264,10.849,1.04,0.0,0.0,0,0.0,-0.0,0,0.0,0.0
1,312,6.24,settle,0.00935,0.00277,0.00893,0.10179,0.012,-15.54,74.27,0.3102,0.0302,10.862,0.942,0.0,0.0,0,0.0,-0.0,0,0.0,0.0
2,312,6.24,settle,0.00764,0.00321,0.00693,0.08071,0.012,-19.85,69.9,0.3107,0.0223,10.786,1.049,0.0,0.0,0,0.0,-0.0,0,0.0,0.0
3,312,6.24,settle,0.00826,0.00263,0.00783,0.08918,0.012,-17.5,71.53,0.3113,0.0245,11.145,1.048,0.0,0.0,0,0.0,-0.0,0,0.0,0.0
0,313,6.26,settle,0.00918,0.00403,0.00824,0.0936,0.012,-16.68,72.84,0.3106,0.0265,10.869,0.967,0.0,0.0,0,0.0,-0.0,0,0.0,0.0
1,313,6.26,settle,0.00892,0.00298,0.00841,0.10092,0.012,-15.59,73.97,0.3103,0.0302,10.907,1.039,0.0,0.0,0,0.0,-0.0,0,0.0,0.0
2,313,6.26,settle,0.00741,0.0021,0.00711,0.08031,0.012,-19.57,70.17,0.3108,0.0224,10.805,1.06,0.0,0.0,0,0.0,-0.0,0,0.0,0.0
3,313,6.26,settle,0.00921,0.0045,0.00803,0.09065,0.012,-17.7,71.49,0.3112,0.0245,11.19,1.048,0.0,0.0,0,0.0,-0.0,0,0.0,0.0
0,314,6.28,settle,0.01001,0.006,0.00801,0.09492,0.012,-16.94,72.81,0.3106,0.0265,10.913,1.046,0.0,0.0,0,0.0,-0.0,0,0.0,0.0
1,314,6.28,settle,0.00806,0.0009,0.008,0.10004,0.012,-15.45,73.64,0.3103,0.0302,10.92,1.047,0.0,0.0,0,0.0,-0.0,0,0.0,0.0
2,314,6.28,settle,0.00799,0.00215,0.0077,0.08102,0.012,-19.45,69.93,0.3108,0.0224,10.862,1.066,0.0,0.0,0,0.0,-0.0,0,0.0,0.0
3,314,6.28,settle,0.00698,0.00252,0.00651,0.08823,0.012,-17.95,71.64,0.3112,0.0246,11.2,1.048,0.0,0.0,0,0.0,-0.0,0,0.0,0.0
0,315,6.3,settle,0.00814,0.00276,0.00766,0.09289,0.012,-17.04,72.82,0.3106,0.0266,10.921,1.045,0.0,0.0,0,0.0,-0.0,0,0.0,0.0
1,315,6.3,settle,0.00831,0.00264,0.00788,0.10057,0.012,-15.64,73.55,0.3103,0.0303,10.967,1.04,0.0,0.0,0,0.0,-0.0,0,0.0,0.0
2,315,6.3,settle,0.00745,0.00219,0.00712,0.08095,0.012,-19.16,70.01,0.3107,0.0225,10.884,1.048,0.0,0.0,0,0.0,-0.0,0,0.0,0.0
3,315,6.3,settle,0.00684,0.00161,0.00665,0.08798,0.012,-18.0,71.52,0.3113,0.0246,11.242,1.049,0.0,0.0,0,0.0,-0.0,0,0.0,0.0
0,316,6.32,settle,0.00783,0.00293,0.00726,0.0921,0.012,-17.11,72.54,0.3107,0.0266,10.964,1.151,0.0,0.0,0,0.0,-0.0,0,0.0,0.0
1,316,6.32,settle,0.00855,0.00185,0.00835,0.10169,0.012,-15.46,74.1,0.3103,0.0304,10.979,1.047,0.0,0.0,0,0.0,-0.0,0,0.0,0.0
2,316,6.32,settle,0.00837,0.00395,0.00738,0.08241,0.012,-19.33,70.03,0.3107,0.0226,10.937,1.047,0.0,0.0,0,0.0,-0.0,0,0.0,0.0
3,316,6.32,settle,0.0071,0.00013,0.0071,0.08808,0.012,-17.83,71.45,0.3113,0.0246,11.255,0.99,0.0,0.0,0,0.0,-0.0,0,0.0,0.0
0,317,6.34,settle,0.00755,0.00202,0.00728,0.09138,0.012,-16.97,72.19,0.3107,0.0266,10.98,0.993,0.0,0.0,0,0.0,-0.0,0,0.0,0.0
1,317,6.34,settle,0.01019,0.00492,0.00892,0.10408,0.012,-15.48,74.27,0.3103,0.0304,11.018,1.044,0.0,0.0,0,0.0,-0.0,0,0.0,0.0
2,317,6.34,settle,0.00568,0.00214,0.00526,0.0795,0.012,-19.68,70.04,0.3107,0.0227,10.954,1.048,0.0,0.0,0,0.0,-0.0,0,0.0,0.0
3,317,6.34,settle,0.00708,0.00218,0.00674,0.08885,0.012,-18.04,71.1,0.3113,0.0246,11.295,1.045,0.0,0.0,0,0.0,-0.0,0,0.0,0.0
0,318,6.36,settle,0.00739,0.00371,0.0064,0.0917,0.012,-17.03,72.15,0.3107,0.0267,11.029,1.042,0.0,0.0,0,0.0,-0.0,0,0.0,0.0
1,318,6.36,settle,0.00848,0.00342,0.00776,0.10231,0.012,-15.64,74.2,0.3103,0.0305,11.023,1.046,0.0,0.0,0,0.0,-0.0,0,0.0,0.0
2,318,6.36,settle,0.00624,0.00098,0.00616,0.07945,0.012,-19.68,70.0,0.3108,0.0227,11.001,1.048,0.0,0.0,0,0.0,-0.0,0,0.0,0.0
3,318,6.36,settle,0.00734,0.0026,0.00687,0.08937,0.012,-17.81,71.54,0.3112,0.0247,11.306,1.048,0.0,0.0,0,0.0,-0.0,0,0.0,0.0
0,319,6.38,settle,0.00697,0.00141,0.00683,0.0923,0.012,-16.88,72.64,0.3106,0.0268,11.046,1.048,0.0,0.0,0,0.0,-0.0,0,0.0,0.0
1,319,6.38,settle,0.00805,0.00236,0.0077,0.1018,0.012,-15.62,74.06,0.3104,0.0305,11.066,1.046,0.0,0.0,0,0.0,-0.0,0,0.0,0.0
2,319,6.38,settle,0.00705,0.00166,0.00686,0.07965,0.012,-19.55,69.83,0.3108,0.0227,11.024,0.841,0.0,0.0,0,0.0,-0.0,0,0.0,0.0
3,319,6.38,settle,0.00813,0.00394,0.00711,0.09076,0.012,-17.8,71.63,0.3112,0.0247,11.346,1.048,0.0,0.0,0,0.0,-0.0,0,0.0,0.0
0,320,6.4,settle,0.00857,0.00446,0.00732,0.09469,0.012,-17.03,72.69,0.3106,0.0269,11.088,1.043,0.0,0.0,0,0.0,-0.0,0,0.0,0.0
1,320,6.4,settle,0.00802,0.00072,0.00799,0.10148,0.012,-15.51,73.53,0.3104,0.0305,11.076,1.047,0.0,0.0,0,0.0,-0.0,0,0.0,0.0
2,320,6.4,settle,0.00645,0.00136,0.00631,0.08005,0.012,-19.67,69.62,0.3108,0.0228,11.075,0.875,0.0,0.0,0,0.0,-0.0,0,0.0,0.0
3,320,6.4,settle,0.00617,0.00199,0.00584,0.08859,0.012,-17.8,71.64,0.3112,0.0248,11.356,1.003,0.0,0.0,0,0.0,-0.0,0,0.0,0.0
0,321,6.42,settle,0.00742,0.00279,0.00688,0.09332,0.012,-17.15,72.74,0.3107,0.027,11.093,0.975,0.0,0.0,0,0.0,-0.0,0,0.0,0.0
1,321,6.42,settle,0.00763,0.00261,0.00717,0.10167,0.012,-15.54,73.53,0.3104,0.0306,11.121,1.038,0.0,0.0,0,0.0,-0.0,0,0.0,0.0
2,321,6.42,settle,0.00653,0.00275,0.00592,0.08088,0.012,-19.44,70.07,0.3107,0.0229,11.09,0.962,0.0,0.0,0,0.0,-0.0,0,0.0,0.0
3,321,6.42,settle,0.00615,0.00246,0.00564,0.08799,0.012,-17.92,71.32,0.3112,0.0248,11.4,1.049,0.0,0.0,0,0.0,-0.0,0,0.0,0.0
0,322,6.44,settle,0.00712,0.00287,0.00652,0.09309,0.012,-17.08,72.66,0.3107,0.027,11.136,1.131,0.0,0.0,0,0.0,-0.0,0,0.0,0.0
1,322,6.44,settle,0.00803,0.00287,0.0075,0.10286,0.012,-15.2,74.25,0.3103,0.0307,11.135,1.045,0.0,0.0,0,0.0,-0.0,0,0.0,0.0
2,322,6.44,settle,0.00711,0.00326,0.00632,0.08209,0.012,-19.68,69.94,0.3106,0.023,11.136,1.049,0.0,0.0,0,0.0,-0.0,0,0.0,0.0
3,322,6.44,settle,0.00605,0.00151,0.00586,0.08755,0.012,-17.78,71.35,0.3113,0.0248,11.415,1.049,0.0,0.0,0,0.0,-0.0,0,0.0,0.0
0,323,6.46,settle,0.00719,0.00125,0.00708,0.09305,0.012,-16.83,72.37,0.3107,0.0271,11.149,1.047,0.0,0.0,0,0.0,-0.0,0,0.0,0.0
1,323,6.46,settle,0.00915,0.00472,0.00784,0.10443,0.012,-15.44,74.3,0.3103,0.0307,11.173,1.047,0.0,0.0,0,0.0,-0.0,0,0.0,0.0
2,323,6.46,settle,0.00551,0.00151,0.0053,0.08006,0.012,-19.62,70.1,0.3107,0.0231,11.152,1.046,0.0,0.0,0,0.0,-0.0,0,0.0,0.0
3,323,6.46,settle,0.00587,0.00235,0.00537,0.08779,0.012,-18.05,71.18,0.3113,0.0248,11.46,1.044,0.0,0.0,0,0.0,-0.0,0,0.0,0.0
0,324,6.48,enter,0.00726,0.00342,0.00641,0.09362,0.012,-16.81,72.33,0.3107,0.0272,11.195,1.04,0.0,0.0,0,0.0,-0.0,0,0.0,0.0
1,324,6.48,enter,0.00724,0.00229,0.00687,0.10207,0.012,-15.63,74.23,0.3104,0.0308,11.174,1.045,0.0,0.0,0,0.0,-0.0,0,0.0,0.0
2,324,6.48,enter,0.00616,0.00219,0.00576,0.07982,0.012,-19.47,69.93,0.3107,0.0231,11.206,1.364,0.0,0.0,0,0.0,-0.0,0,0.0,0.0
3,324,6.48,enter,0.00616,0.00143,0.00599,0.08883,0.012,-17.88,71.51,0.3113,0.0249,11.469,1.048,0.0,0.0,0,0.0,-0.0,0,0.0,0.0
0,325,6.5,enter,0.00735,0.00405,0.00614,0.0939,0.012,-16.54,72.99,0.3106,0.0272,11.21,0.968,0.0,0.0,0,0.0,-0.0,0,0.0,0.0
1,325,6.5,enter,0.00593,0.00196,0.0056,0.10001,0.012,-15.75,73.91,0.3104,0.0307,11.21,1.085,0.0,0.0,0,0.0,-0.0,0,0.0,0.0
2,325,6.5,enter,0.00471,0.00213,0.00419,0.07782,0.012,-19.36,69.75,0.3107,0.0232,11.23,1.049,0.0,0.0,0,0.0,-0.0,0,0.0,0.0
3,325,6.5,enter,0.00609,0.00315,0.00521,0.08931,0.012,-18.0,71.52,0.3112,0.025,11.501,1.049,0.0,0.0,0,0.0,-0.0,0,0.0,0.0
0,326,6.52,enter,0.00654,0.00488,0.00436,0.09312,0.012,-16.91,72.87,0.3106,0.0273,11.25,1.045,0.0,0.0,0,0.0,-0.0,0,0.0,0.0
1,326,6.52,enter,0.00504,0.00217,0.00456,0.09836,0.012,-15.62,73.43,0.3104,0.0308,11.218,1.047,0.0,0.0,0,0.0,-0.0,0,0.0,0.0
2,326,6.52,enter,0.0042,0.00279,0.00314,0.07702,0.012,-19.77,69.57,0.3107,0.0233,11.283,1.049,0.0,0.0,0,0.0,-0.0,0,0.0,0.0
3,326,6.52,enter,0.00421,0.00187,0.00377,0.08712,0.012,-17.79,71.78,0.3113,0.0251,11.507,0.923,0.0,0.0,0,0.0,-0.0,0,0.0,0.0
0,327,6.54,enter,0.00437,0.00188,0.00395,0.09097,0.012,-16.9,72.95,0.3106,0.0273,11.256,0.992,0.0,0.0,0,0.0,-0.0,0,0.0,0.0
1,327,6.54,enter,0.00495,0.00335,0.00365,0.09799,0.012,-15.79,73.29,0.3104,0.0308,11.26,1.04,0.0,0.0,0,0.0,-0.0,0,0.0,0.0
2,327,6.54,enter,0.00299,0.00122,0.00273,0.07705,0.012,-19.8,69.82,0.3107,0.0234,11.3,0.969,0.0,0.0,0,0.0,-0.0,0,0.0,0.0
3,327,6.54,enter,0.00384,0.00239,0.003,0.0861,0.012,-17.84,71.42,0.3113,0.025,11.549,1.048,0.0,0.0,0,0.0,-0.0,0,0.0,0.0
0,328,6.56,enter,0.00412,0.00294,0.00289,0.08977,0.012,-17.1,72.49,0.3107,0.0273,11.294,1.08,0.0,0.0,0,0.0,-0.0,0,0.0,0.0
1,328,6.56,enter,0.00336,0.00038,0.00334,0.09803,0.012,-15.65,73.79,0.3104,0.0309,11.271,1.047,0.0,0.0,0,0.0,-0.0,0,0.0,0.0
2,328,6.56,enter,0.00372,0.00182,0.00325,0.07892,0.012,-19.8,69.89,0.3107,0.0235,11.341,1.049,0.0,0.0,0,0.0,-0.0,0,0.0,0.0
3,328,6.56,enter,0.00271,0.00107,0.00249,0.08503,0.012,-17.69,71.28,0.3113,0.0251,11.562,1.048,0.0,0.0,0,0.0,-0.0,0,0.0,0.0
0,329,6.58,enter,0.00301,0.0015,0.00261,0.0889,0.012,-16.93,72.3,0.3106,0.0273,11.303,1.047,0.0,0.0,0,0.0,-0.0,0,0.0,0.0
1,329,6.58,enter,0.00432,0.00249,0.00353,0.09959,0.012,-15.76,73.95,0.3104,0.0309,11.309,1.044,0.0,0.0,0,0.0,-0.0,0,0.0,0.0
2,329,6.58,enter,0.00153,0.00085,0.00127,0.07649,0.012,-19.69,70.03,0.3107,0.0236,11.351,1.046,0.0,0.0,0,0.0,-0.0,0,0.0,0.0
3,329,6.58,enter,0.00285,0.00229,0.0017,0.08489,0.012,-18.03,71.16,0.3113,0.0251,11.603,1.045,0.0,0.0,0,0.0,-0.0,0,0.0,0.0
0,330,6.6,enter,0.0034,0.00279,0.00195,0.08933,0.012,-16.98,72.3,0.3105,0.0274,11.342,0.935,0.0,0.0,0,0.0,-0.0,0,0.0,0.0
1,330,6.6,enter,0.00241,0.00089,0.00225,0.09722,0.012,-15.96,73.9,0.3104,0.031,11.309,1.039,0.0,0.0,0,0.0,-0.0,0,0.0,0.0
2,330,6.6,enter,0.00355,0.00323,0.00147,0.07603,0.012,-19.55,69.83,0.3107,0.0237,11.401,1.351,0.0,0.0,0,0.0,-0.0,0,0.0,0.0
3,330,6.6,enter,0.0016,0.00072,0.00143,0.08461,0.012,-18.04,71.46,0.3112,0.0252,11.61,1.048,0.0,0.0,0,0.0,-0.0,0,0.0,0.0
0,331,6.62,enter,0.00242,0.00137,0.00199,0.08898,0.012,-16.89,72.72,0.3104,0.0274,11.35,1.047,0.0,0.0,0,0.0,-0.0,0,0.0,0.0
1,331,6.62,enter,0.0042,0.00388,0.0016,0.09562,0.012,-16.12,73.56,0.3104,0.031,11.345,1.173,0.0,0.0,0,0.0,-0.0,0,0.0,0.0
2,331,6.62,enter,0.00321,0.00307,0.00095,0.0748,0.012,-19.45,69.6,0.3107,0.0237,11.423,1.043,0.0,0.0,0,0.0,-0.0,0,0.0,0.0
3,331,6.62,enter,0.00175,0.00134,0.00113,0.08479,0.012,-18.24,71.33,0.3112,0.0252,11.642,1.049,0.0,0.0,0,0.0,-0.0,0,0.0,0.0
0,332,6.64,enter,0.00264,0.00218,0.00148,0.08921,0.012,-17.16,72.56,0.3104,0.0274,11.385,1.045,0.0,0.0,0,0.0,-0.0,0,0.0,0.0
1,332,6.64,enter,0.00498,0.00479,0.00135,0.09451,0.012,-16.01,73.1,0.3104,0.031,11.351,1.047,0.0,0.0,0,0.0,-0.0,0,0.0,0.0
2,332,6.64,enter,0.0041,0.00408,0.00044,0.07455,0.012,-19.8,69.49,0.3106,0.0238,11.477,1.047,0.0,0.0,0,0.0,-0.0,0,0.0,0.0
3,332,6.64,enter,0.00099,0.00048,0.00086,0.08374,0.012,-18.0,71.48,0.3112,0.0252,11.646,0.878,0.0,0.0,0,0.0,-0.0,0,0.0,0.0
0,333,6.66,enter,0.0014,0.00107,0.00091,0.08691,0.012,-17.3,72.49,0.3104,0.0275,11.387,0.977,0.0,0.0,0,0.0,-0.0,0,0.0,0.0
1,333,6.66,enter,0.00567,0.00564,0.00062,0.09432,0.012,-16.11,72.89,0.3103,0.0311,11.392,1.04,0.0,0.0,0,0.0,-0.0,0,0.0,0.0
2,333,6.66,enter,0.00157,0.00157,0.00016,0.07465,0.012,-19.87,69.67,0.3106,0.0239,11.494,0.912,0.0,0.0,0,0.0,-0.0,0,0.0,0.0
3,333,6.66,enter,0.00345,0.00343,0.00036,0.08346,0.012,-18.1,71.02,0.3111,0.0252,11.686,1.049,0.0,0.0,0,0.0,-0.0,0,0.0,0.0
0,334,6.68,enter,0.00459,0.00459,-3e-05,0.0858,0.012,-17.47,72.15,0.3103,0.0275,11.426,1.046,0.0,0.0,0,0.0,-0.0,0,0.0,0.0
1,334,6.68,enter,0.00323,0.00318,0.00059,0.09449,0.012,-16.0,73.38,0.3103,0.0311,11.402,1.047,0.0,0.0,0,0.0,-0.0,0,0.0,0.0
2,334,6.68,enter,0.00217,0.00212,0.00045,0.0757,0.012,-20.02,69.67,0.3105,0.024,11.535,1.047,0.0,0.0,0,0.0,-0.0,0,0.0,0.0
3,334,6.68,enter,0.0014,0.00137,0.00025,0.0832,0.012,-17.9,71.11,0.311,0.0253,11.695,1.048,0.0,0.0,0,0.0,-0.0,0,0.0,0.0
0,335,6.7,enter,0.00465,0.00465,-0.00015,0.08479,0.012,-17.39,71.85,0.3103,0.0275,11.436,1.047,0.0,0.0,0,0.0,-0.0,0,0.0,0.0
1,335,6.7,enter,0.00233,0.002,0.00119,0.09623,0.012,-16.19,73.47,0.3102,0.0312,11.439,1.043,0.0,0.0,0,0.0,-0.0,0,0.0,0.0
2,335,6.7,enter,0.00197,0.00194,-0.00036,0.07416,0.012,-19.8,69.87,0.3105,0.0241,11.545,0.849,0.0,0.0,0,0.0,-0.0,0,0.0,0.0
3,335,6.7,enter,0.00235,0.00234,0.00017,0.08408,0.012,-18.14,71.05,0.3109,0.0253,11.732,1.033,0.0,0.0,0,0.0,-0.0,0,0.0,0.0
0,336,6.72,enter,0.00482,0.00478,-0.00059,0.08517,0.012,-17.52,71.71,0.3102,0.0276,11.474,0.901,0.0,0.0,0,0.0,-0.0,0,0.0,0.0
1,336,6.72,enter,0.00292,0.00291,0.00024,0.09414,0.012,-16.4,73.44,0.3102,0.0313,11.437,1.009,0.0,0.0,0,0.0,-0.0,0,0.0,0.0
2,336,6.72,enter,0.0051,0.0051,0.00011,0.07422,0.012,-19.8,69.45,0.3104,0.0241,11.594,1.341,0.0,0.0,0,0.0,-0.0,0,0.0,0.0
3,336,6.72,enter,0.00266,0.00221,-0.00147,0.08092,0.012,-18.4,71.14,0.3108,0.0253,11.734,1.048,0.0,0.0,0,0.0,-0.0,0,0.0,0.0
0,337,6.74,enter,0.00214,0.00207,0.00055,0.08609,0.012,-17.38,72.16,0.3102,0.0277,11.479,1.048,0.0,0.0,0,0.0,-0.0,0,0.0,0.0
1,337,6.74,enter,0.00657,0.00657,3e-05,0.09306,0.012,-16.57,73.08,0.3103,0.0313,11.47,1.264,0.0,0.0,0,0.0,-0.0,0,0.0,0.0
2,337,6.74,enter,0.00399,0.00399,-0.00017,0.07358,0.012,-19.64,69.39,0.3103,0.0242,11.612,1.049,0.0,0.0,0,0.0,-0.0,0,0.0,0.0
3,337,6.74,enter,0.00647,0.0063,-0.00147,0.07986,0.012,-18.62,70.77,0.3109,0.0253,11.771,1.143,0.0,0.0,0,0.0,-0.0,0,0.0,0.0
0,338,6.76,enter,0.00163,0.00163,1e-05,0.08648,0.012,-17.7,72.02,0.3101,0.0277,11.51,1.044,0.0,0.0,0,0.0,-0.0,0,0.0,0.0
1,338,6.76,enter,0.00746,0.00746,0.00022,0.09247,0.012,-16.47,72.65,0.3102,0.0313,11.475,1.047,0.0,0.0,0,0.0,-0.0,0,0.0,0.0
2,338,6.76,enter,0.00401,0.004,-0.00021,0.07421,0.012,-19.87,69.32,0.3102,0.0242,11.661,1.047,0.0,0.0,0,0.0,-0.0,0,0.0,0.0
3,338,6.76,enter,0.00752,0.00743,-0.00115,0.07908,0.012,-18.54,70.5,0.3109,0.0253,11.78,1.039,0.0,0.0,0,0.0,-0.0,0,0.0,0.0
0,339,6.78,enter,0.00355,0.00354,-0.0003,0.08475,0.012,-17.69,72.13,0.3101,0.0278,11.512,0.877,0.0,0.0,0,0.0,-0.0,0,0.0,0.0
1,339,6.78,enter,0.00776,0.00776,-0.00016,0.09274,0.012,-16.54,72.48,0.3101,0.0314,11.515,1.039,0.0,0.0,0,0.0,-0.0,0,0.0,0.0
2,339,6.78,enter,0.00323,0.00296,-0.00129,0.07289,0.012,-20.02,69.52,0.3101,0.0244,11.675,0.878,0.0,0.0,0,0.0,-0.0,0,0.0,0.0
3,339,6.78,enter,0.00843,0.00821,-0.0019,0.07885,0.012,-18.88,70.1,0.3108,0.0254,11.818,1.041,0.0,0.0,0,0.0,-0.0,0,0.0,0.0
0,340,6.8,enter,0.0066,0.00653,-0.00096,0.08418,0.012,-17.78,71.81,0.3101,0.0278,11.551,1.224,0.0,0.0,0,0.0,-0.0,0,0.0,0.0
1,340,6.8,enter,0.00505,0.00505,0.00014,0.09338,0.012,-16.36,72.99,0.31,0.0315,11.526,0.977,0.0,0.0,0,0.0,-0.0,0,0.0,0.0
2,340,6.8,enter,0.00398,0.00398,4e-05,0.07445,0.012,-20.0,69.57,0.31,0.0244,11.718,1.048,0.0,0.0,0,0.0,-0.0,0,0.0,0.0
3,340,6.8,enter,0.00635,0.00612,-0.00167,0.0791,0.012,-18.85,70.42,0.3108,0.0256,11.826,1.048,0.0,0.0,0,0.0,-0.0,0,0.0,0.0
0,341,6.82,enter,0.00667,0.00661,-0.00088,0.08343,0.012,-17.7,71.5,0.31,0.0279,11.56,1.047,0.0,0.0,0,0.0,-0.0,0,0.0,0.0
1,341,6.82,enter,0.0036,0.00352,0.00077,0.09525,0.012,-16.52,73.11,0.31,0.0316,11.563,1.045,0.0,0.0,0,0.0,-0.0,0,0.0,0.0
2,341,6.82,enter,0.00369,0.00368,-0.00038,0.07342,0.012,-19.91,69.56,0.31,0.0245,11.727,0.956,0.0,0.0,0,0.0,-0.0,0,0.0,0.0
3,341,6.82,enter,0.00412,0.00403,-0.00084,0.08122,0.012,-19.0,70.43,0.3107,0.0257,11.858,1.045,0.0,0.0,0,0.0,-0.0,0,0.0,0.0
0,342,6.84,enter,0.00654,0.00647,-0.00098,0.08401,0.012,-17.86,71.38,0.31,0.028,11.597,0.82,0.0,0.0,0,0.0,-0.0,0,0.0,0.0
1,342,6.84,enter,0.00463,0.00462,-0.00025,0.09305,0.012,-16.71,73.1,0.31,0.0317,11.56,1.023,0.0,0.0,0,0.0,-0.0,0,0.0,0.0
2,342,6.84,enter,0.00545,0.00545,0.0001,0.07392,0.012,-19.9,69.41,0.3099,0.0245,11.771,1.048,0.0,0.0,0,0.0,-0.0,0,0.0,0.0
3,342,6.84,enter,0.00526,0.0049,-0.00191,0.07929,0.012,-18.99,70.56,0.3107,0.0258,11.856,0.966,0.0,0.0,0,0.0,-0.0,0,0.0,0.0
0,343,6.86,enter,0.00378,0.00377,0.0003,0.08507,0.012,-17.73,71.85,0.3099,0.0281,11.6,1.01,0.0,0.0,0,0.0,-0.0,0,0.0,0.0
1,343,6.86,enter,0.00871,0.0087,-0.0003,0.09203,0.012,-16.86,72.75,0.31,0.0316,11.593,1.378,0.0,0.0,0,0.0,-0.0,0,0.0,0.0
2,343,6.86,enter,0.00389,0.00388,-8e-05,0.07376,0.012,-19.8,69.37,0.3097,0.0246,11.784,0.917,0.0,0.0,0,0.0,-0.0,0,0.0,0.0
3,343,6.86,enter,0.00843,0.00823,-0.00181,0.07892,0.012,-18.99,70.21,0.3107,0.0258,11.893,1.411,0.0,0.0,0,0.0,-0.0,0,0.0,0.0
0,344,6.88,enter,0.00322,0.00322,-0.00019,0.08553,0.012,-18.03,71.73,0.3099,0.0282,11.63,1.043,0.0,0.0,0,0.0,-0.0,0,0.0,0.0
1,344,6.88,enter,0.01027,0.01027,5e-05,0.09136,0.012,-16.89,72.09,0.31,0.0317,11.596,1.028,0.0,0.0,0,0.0,-0.0,0,0.0,0.0
2,344,6.88,enter,0.00395,0.00392,0.00051,0.07542,0.012,-19.78,69.45,0.3096,0.0247,11.829,1.045,0.0,0.0,0,0.0,-0.0,0,0.0,0.0
3,344,6.88,enter,0.00908,0.00896,-0.00146,0.07839,0.012,-18.86,69.98,0.3107,0.0259,11.903,1.006,0.0,0.0,0,0.0,-0.0,0,0.0,0.0
0,345,6.9,enter,0.0052,0.00518,-0.00046,0.08397,0.012,-18.02,71.78,0.3099,0.0283,11.63,0.833,0.0,0.0,0,0.0,-0.0,0,0.0,0.0
1,345,6.9,enter,0.0106,0.01058,-0.00074,0.09123,0.012,-16.95,71.98,0.3099,0.0318,11.636,1.036,0.0,0.0,0,0.0,-0.0,0,0.0,0.0
2,345,6.9,enter,0.00421,0.00397,-0.00138,0.07261,0.012,-19.92,69.53,0.3095,0.0248,11.838,0.967,0.0,0.0,0,0.0,-0.0,0,0.0,0.0
3,345,6.9,enter,0.00973,0.0095,-0.00211,0.07835,0.012,-19.17,69.86,0.3107,0.026,11.945,1.045,0.0,0.0,0,0.0,-0.0,0,0.0,0.0
0,346,6.92,enter,0.00784,0.00779,-0.00088,0.08379,0.012,-18.04,71.5,0.3099,0.0283,11.668,1.21,0.0,0.0,0,0.0,-0.0,0,0.0,0.0
1,346,6.92,enter,0.00799,0.00797,-0.00051,0.09177,0.012,-16.69,72.61,0.3098,0.0319,11.649,0.92,0.0,0.0,0,0.0,-0.0,0,0.0,0.0
2,346,6.92,enter,0.00748,0.00744,-0.0008,0.07227,0.012,-19.97,69.3,0.3095,0.0248,11.882,1.109,0.0,0.0,0,0.0,-0.0,0,0.0,0.0
3,346,6.92,enter,0.00728,0.0071,-0.00159,0.07888,0.012,-19.13,70.18,0.3106,0.0261,11.953,1.042,0.0,0.0,0,0.0,-0.0,0,0.0,0.0
0,347,6.94,enter,0.00754,0.0075,-0.00072,0.08313,0.012,-17.93,71.22,0.3098,0.0284,11.674,1.047,0.0,0.0,0,0.0,-0.0,0,0.0,0.0
1,347,6.94,enter,0.00651,0.00651,0.00019,0.09355,0.012,-16.94,72.61,0.3098,0.032,11.688,1.042,0.0,0.0,0,0.0,-0.0,0,0.0,0.0
2,347,6.94,enter,0.00792,0.00791,-0.00041,0.0718,0.012,-19.93,69.13,0.3095,0.0248,11.898,0.868,0.0,0.0,0,0.0,-0.0,0,0.0,0.0
3,347,6.94,enter,0.00511,0.00509,-0.0005,0.08122,0.012,-19.23,70.22,0.3106,0.0262,11.984,1.048,0.0,0.0,0,0.0,-0.0,0,0.0,0.0
0,348,6.96,enter,0.00708,0.00703,-0.00086,0.08393,0.012,-18.06,71.17,0.3097,0.0285,11.711,0.936,0.0,0.0,0,0.0,-0.0,0,0.0,0.0
1,348,6.96,enter,0.00647,0.00647,-3e-05,0.09258,0.012,-17.01,72.74,0.3098,0.0321,11.683,1.047,0.0,0.0,0,0.0,-0.0,0,0.0,0.0
2,348,6.96,enter,0.00855,0.00853,-0.00061,0.07213,0.012,-20.23,68.98,0.3094,0.0249,11.945,1.006,0.0,0.0,0,0.0,-0.0,0,0.0,0.0
3,348,6.96,enter,0.00608,0.00587,-0.00157,0.07931,0.012,-19.17,70.36,0.3105,0.0264,11.98,1.017,0.0,0.0,0,0.0,-0.0,0,0.0,0.0
0,349,6.98,enter,0.0045,0.00449,0.00026,0.0848,0.012,-17.97,71.6,0.3097,0.0286,11.712,1.047,0.0,0.0,0,0.0,-0.0,0,0.0,0.0
1,349,6.98,enter,0.00813,0.00812,0.00044,0.0929,0.012,-17.07,72.53,0.3097,0.0321,11.711,1.043,0.0,0.0,0,0.0,-0.0,0,0.0,0.0
2,349,6.98,enter,0.00547,0.00545,-0.0005,0.07271,0.012,-20.13,69.24,0.3093,0.025,11.953,0.995,0.0,0.0,0,0.0,-0.0,0,0.0,0.0
3,349,6.98,enter,0.00958,0.00943,-0.00169,0.07876,0.012,-19.19,69.96,0.3106,0.0264,12.016,1.45,0.0,0.0,0,0.0,-0.0,0,0.0,0.0
0,350,7.0,enter,0.00404,0.00404,4e-05,0.08542,0.012,-18.19,71.55,0.3096,0.0286,11.741,1.044,0.0,0.0,0,0.0,-0.0,0,0.0,0.0
1,350,7.0,enter,0.00741,0.00737,0.00078,0.09309,0.012,-16.9,72.26,0.3096,0.0322,11.711,0.954,0.0,0.0,0,0.0,-0.0,0,0.0,0.0
2,350,7.0,enter,0.00467,0.00465,0.00046,0.07453,0.012,-20.19,69.25,0.3092,0.0251,11.989,1.048,0.0,0.0,0,0.0,-0.0,0,0.0,0.0
3,350,7.0,enter,0.01033,0.01024,-0.0014,0.07811,0.012,-19.08,69.65,0.3105,0.0265,12.026,1.021,0.0,0.0,0,0.0,-0.0,0,0.0,0.0
0,351,7.02,enter,0.00606,0.00605,-0.00029,0.08373,0.012,-18.2,71.57,0.3096,0.0287,11.739,0.887,0.0,0.0,0,0.0,-0.0,0,0.0,0.0
1,351,7.02,enter,0.00665,0.00652,0.00132,0.09484,0.012,-16.67,72.42,0.3095,0.0322,11.748,1.037,0.0,0.0,0,0.0,-0.0,0,0.0,0.0
2,351,7.02,enter,0.00563,0.00557,-0.00083,0.07243,0.012,-20.1,69.38,0.3091,0.0253,11.995,0.946,0.0,0.0,0,0.0,-0.0,0,0.0,0.0
3,351,7.02,enter,0.0111,0.01093,-0.00194,0.07809,0.012,-19.39,69.52,0.3105,0.0266,12.068,1.044,0.0,0.0,0,0.0,-0.0,0,0.0,0.0
0,352,7.04,enter,0.0088,0.00876,-0.00086,0.08338,0.012,-18.25,71.24,0.3096,0.0287,11.775,1.193,0.0,0.0,0,0.0,-0.0,0,0.0,0.0
1,352,7.04,enter,0.0063,0.0063,-0.00026,0.09266,0.012,-16.72,72.65,0.3094,0.0323,11.75,1.046,0.0,0.0,0,0.0,-0.0,0,0.0,0.0
2,352,7.04,enter,0.0091,0.00909,-0.00042,0.07243,0.012,-19.94,69.1,0.3091,0.0253,12.041,1.484,0.0,0.0,0,0.0,-0.0,0,0.0,0.0
3,352,7.04,enter,0.00877,0.00862,-0.00161,0.07836,0.012,-19.38,69.89,0.3105,0.0267,12.077,1.039,0.0,0.0,0,0.0,-0.0,0,0.0,0.0
0,353,7.06,enter,0.00868,0.00864,-0.00079,0.08274,0.012,-18.12,70.98,0.3095,0.0288,11.781,1.047,0.0,0.0,0,0.0,-0.0,0,0.0,0.0
1,353,7.06,enter,0.00873,0.00873,-0.00022,0.09236,0.012,-16.88,72.54,0.3094,0.0322,11.787,1.045,0.0,0.0,0,0.0,-0.0,0,0.0,0.0
2,353,7.06,enter,0.00933,0.00931,-0.00059,0.07146,0.012,-19.89,68.9,0.3091,0.0253,12.056,1.002,0.0,0.0,0,0.0,-0.0,0,0.0,0.0
3,353,7.06,enter,0.00659,0.00657,-0.00054,0.08064,0.012,-19.49,69.97,0.3104,0.0268,12.109,1.044,0.0,0.0,0,0.0,-0.0,0,0.0,0.0
0,354,7.08,enter,0.00826,0.00821,-0.00094,0.0834,0.012,-18.24,70.93,0.3094,0.0289,11.816,0.85,0.0,0.0,0,0.0,-0.0,0,0.0,0.0
1,354,7.08,enter,0.00864,0.0086,0.00081,0.0927,0.012,-16.92,72.47,0.3094,0.0322,11.788,0.979,0.0,0.0,0,0.0,-0.0,0,0.0,0.0
2,354,7.08,enter,0.0102,0.01017,-0.00079,0.07145,0.012,-20.29,68.77,0.309,0.0254,12.104,0.97,0.0,0.0,0,0.0,-0.0,0,0.0,0.0
3,354,7.08,enter,0.00702,0.00692,-0.00116,0.07932,0.012,-19.42,70.13,0.3104,0.027,12.105,0.925,0.0,0.0,0,0.0,-0.0,0,0.0,0.0
0,355,7.1,enter,0.00552,0.00552,0.00024,0.08433,0.012,-18.2,71.3,0.3094,0.029,11.816,1.028,0.0,0.0,0,0.0,-0.0,0,0.0,0.0
1,355,7.1,enter,0.00782,0.00774,0.00113,0.09403,0.012,-17.01,72.46,0.3093,0.0322,11.82,1.037,0.0,0.0,0,0.0,-0.0,0,0.0,0.0
2,355,7.1,enter,0.00768,0.00766,-0.00059,0.07179,0.012,-20.34,69.02,0.309,0.0256,12.113,0.897,0.0,0.0,0,0.0,-0.0,0,0.0,0.0
3,355,7.1,enter,0.0095,0.00944,-0.00099,0.07948,0.012,-19.38,69.82,0.3103,0.027,12.139,1.286,0.0,0.0,0,0.0,-0.0,0,0.0,0.0
0,356,7.12,enter,0.005,0.005,2e-05,0.08498,0.012,-18.43,71.32,0.3093,0.029,11.844,1.041,0.0,0.0,0,0.0,-0.0,0,0.0,0.0
1,356,7.12,enter,0.00744,0.00744,-4e-05,0.0924,0.012,-17.08,72.37,0.3092,0.0323,11.815,1.046,0.0,0.0,0,0.0,-0.0,0,0.0,0.0
2,356,7.12,enter,0.00581,0.00572,0.00099,0.07471,0.012,-20.23,69.24,0.3089,0.0256,12.15,1.042,0.0,0.0,0,0.0,-0.0,0,0.0,0.0
3,356,7.12,enter,0.00893,0.0089,-0.00066,0.07936,0.012,-19.16,69.61,0.3103,0.0271,12.145,1.023,0.0,0.0,0,0.0,-0.0,0,0.0,0.0
0,357,7.14,enter,0.00701,0.00699,-0.00041,0.08326,0.012,-18.43,71.37,0.3093,0.0291,11.841,0.859,0.0,0.0,0,0.0,-0.0,0,0.0,0.0
1,357,7.14,enter,0.00896,0.00894,0.0006,0.09308,0.012,-16.96,72.39,0.3091,0.0323,11.849,1.041,0.0,0.0,0,0.0,-0.0,0,0.0,0.0
2,357,7.14,enter,0.00555,0.00554,-0.00029,0.07293,0.012,-20.12,69.36,0.3088,0.0258,12.147,0.909,0.0,0.0,0,0.0,-0.0,0,0.0,0.0
3,357,7.14,enter,0.00846,0.00843,-0.00076,0.08024,0.012,-19.26,69.54,0.3101,0.0271,12.185,1.042,0.0,0.0,0,0.0,-0.0,0,0.0,0.0
0,358,7.16,enter,0.0095,0.00946,-0.00077,0.08323,0.012,-18.38,71.1,0.3093,0.0291,11.877,1.329,0.0,0.0,0,0.0,-0.0,0,0.0,0.0
1,358,7.16,enter,0.00811,0.00789,0.0019,0.094,0.012,-16.82,72.34,0.309,0.0323,11.849,1.042,0.0,0.0,0,0.0,-0.0,0,0.0,0.0
2,358,7.16,enter,0.00866,0.00865,0.00037,0.07308,0.012,-19.93,69.15,0.3088,0.0258,12.184,1.398,0.0,0.0,0,0.0,-0.0,0,0.0,0.0
3,358,7.16,enter,0.00637,0.0063,-0.00093,0.08002,0.012,-19.19,70.05,0.31,0.0272,12.19,1.023,0.0,0.0,0,0.0,-0.0,0,0.0,0.0
0,359,7.18,enter,0.0093,0.00928,-0.00059,0.08265,0.012,-18.25,70.81,0.3092,0.0291,11.881,1.047,0.0,0.0,0,0.0,-0.0,0,0.0,0.0
1,359,7.18,enter,0.00666,0.00648,0.00154,0.09491,0.012,-16.81,72.41,0.3089,0.0323,11.879,1.033,0.0,0.0,0,0.0,-0.0,0,0.0,0.0
2,359,7.18,enter,0.00896,0.00893,0.00064,0.07268,0.012,-19.85,68.89,0.3087,0.0258,12.199,0.807,0.0,0.0,0,0.0,-0.0,0,0.0,0.0
3,359,7.18,enter,0.00597,0.00596,-0.00022,0.08144,0.012,-19.28,70.08,0.31,0.0272,12.222,1.046,0.0,0.0,0,0.0,-0.0,0,0.0,0.0
0,360,7.2,enter,0.00868,0.00863,-0.00093,0.08328,0.012,-18.36,70.82,0.3092,0.0292,11.917,0.895,0.0,0.0,0,0.0,-0.0,0,0.0,0.0
1,360,7.2,enter,0.00633,0.00632,0.00041,0.0935,0.012,-16.75,72.78,0.3088,0.0323,11.881,0.723,0.0,0.0,0,0.0,-0.0,0,0.0,0.0
2,360,7.2,enter,0.00926,0.00925,0.00028,0.07297,0.012,-20.02,68.89,0.3086,0.0259,12.245,0.876,0.0,0.0,0,0.0,-0.0,0,0.0,0.0
3,360,7.2,enter,0.007,0.00697,-0.00056,0.08004,0.012,-19.25,70.16,0.3099,0.0273,12.221,0.91,0.0,0.0,0,0.0,-0.0,0,0.0,0.0
0,361,7.22,enter,0.00569,0.00569,0.00019,0.08431,0.012,-18.27,71.28,0.3091,0.0292,11.917,1.022,0.0,0.0,0,0.0,-0.0,0,0.0,0.0
1,361,7.22,enter,0.00857,0.00856,0.00051,0.09343,0.012,-16.86,72.71,0.3088,0.0322,11.916,0.881,0.0,0.0,0,0.0,-0.0,0,0.0,0.0
2,361,7.22,enter,0.00609,0.00609,0.0003,0.07339,0.012,-19.96,69.31,0.3085,0.026,12.253,0.84,0.0,0.0,0,0.0,-0.0,0,0.0,0.0
3,361,7.22,enter,0.00983,0.00981,-0.00062,0.07994,0.012,-19.27,69.91,0.3099,0.0272,12.256,1.047,0.0,0.0,0,0.0,-0.0,0,0.0,0.0
0,362,7.24,enter,0.00521,0.00521,-0.00018,0.08484,0.012,-18.52,71.25,0.309,0.0293,11.944,1.041,0.0,0.0,0,0.0,-0.0,0,0.0,0.0
1,362,7.24,enter,0.0075,0.00744,0.00092,0.09327,0.012,-16.88,72.4,0.3087,0.0322,11.909,1.046,0.0,0.0,0,0.0,-0.0,0,0.0,0.0
2,362,7.24,enter,0.00586,0.0057,0.00135,0.07541,0.012,-20.06,69.35,0.3084,0.026,12.289,1.031,0.0,0.0,0,0.0,-0.0,0,0.0,0.0
3,362,7.24,enter,0.00935,0.00931,-0.00082,0.07923,0.012,-19.18,69.67,0.3098,0.0273,12.261,1.048,0.0,0.0,0,0.0,-0.0,0,0.0,0.0
0,363,7.26,enter,0.00684,0.00683,-0.00032,0.08349,0.012,-18.43,71.36,0.309,0.0293,11.938,0.886,0.0,0.0,0,0.0,-0.0,0,0.0,0.0
1,363,7.26,enter,0.00681,0.00656,0.00182,0.09519,0.012,-16.79,72.38,0.3086,0.0321,11.937,1.034,0.0,0.0,0,0.0,-0.0,0,0.0,0.0
2,363,7.26,enter,0.00608,0.00607,0.00036,0.07349,0.012,-19.94,69.56,0.3084,0.0261,12.285,0.915,0.0,0.0,0,0.0,-0.0,0,0.0,0.0
3,363,7.26,enter,0.00901,0.00898,-0.00075,0.08016,0.012,-19.28,69.6,0.3097,0.0273,12.297,1.027,0.0,0.0,0,0.0,-0.0,0,0.0,0.0
0,364,7.28,enter,0.00898,0.00896,-0.0006,0.08358,0.012,-18.36,71.11,0.309,0.0293,11.971,1.229,0.0,0.0,0,0.0,-0.0,0,0.0,0.0
1,364,7.28,enter,0.00736,0.00736,-4e-05,0.09246,0.012,-16.9,72.49,0.3085,0.0322,11.929,1.046,0.0,0.0,0,0.0,-0.0,0,0.0,0.0
2,364,7.28,enter,0.00923,0.00919,0.00088,0.07348,0.012,-19.74,69.33,0.3083,0.0261,12.322,1.533,0.0,0.0,0,0.0,-0.0,0,0.0,0.0
3,364,7.28,enter,0.00596,0.00595,-0.00024,0.08086,0.012,-19.11,70.14,0.3096,0.0274,12.299,1.048,0.0,0.0,0,0.0,-0.0,0,0.0,0.0
0,365,7.3,enter,0.00843,0.00842,-0.00049,0.08309,0.012,-18.22,70.86,0.3089,0.0293,11.972,1.046,0.0,0.0,0,0.0,-0.0,0,0.0,0.0
1,365,7.3,enter,0.01061,0.01059,-0.0006,0.09139,0.012,-16.92,72.43,0.3085,0.0321,11.962,1.042,0.0,0.0,0,0.0,-0.0,0,0.0,0.0
2,365,7.3,enter,0.00951,0.0095,0.00051,0.07247,0.012,-19.75,68.87,0.3082,0.0261,12.332,0.853,0.0,0.0,0,0.0,-0.0,0,0.0,0.0
3,365,7.3,enter,0.00574,0.00573,-0.00031,0.08156,0.012,-19.29,70.05,0.3095,0.0274,12.327,1.046,0.0,0.0,0,0.0,-0.0,0,0.0,0.0
0,366,7.32,enter,0.00761,0.00758,-0.00064,0.08407,0.012,-18.27,70.96,0.3088,0.0293,12.006,0.952,0.0,0.0,0,0.0,-0.0,0,0.0,0.0
1,366,7.32,enter,0.01192,0.01191,-0.00045,0.09056,0.012,-17.12,71.95,0.3085,0.032,11.964,0.888,0.0,0.0,0,0.0,-0.0,0,0.0,0.0
2,366,7.32,enter,0.00979,0.00978,0.00027,0.0728,0.012,-19.87,68.94,0.3081,0.0262,12.375,0.862,0.0,0.0,0,0.0,-0.0,0,0.0,0.0
3,366,7.32,enter,0.00666,0.00665,-0.00043,0.08049,0.012,-19.16,70.27,0.3095,0.0274,12.326,0.805,0.0,0.0,0,0.0,-0.0,0,0.0,0.0
0,367,7.34,enter,0.00562,0.0056,-0.0004,0.08395,0.012,-18.31,71.28,0.3087,0.0293,12.004,1.047,0.0,0.0,0,0.0,-0.0,0,0.0,0.0
1,367,7.34,enter,0.01241,0.0124,-0.00053,0.09098,0.012,-17.32,71.96,0.3085,0.032,11.997,0.915,0.0,0.0,0,0.0,-0.0,0,0.0,0.0
2,367,7.34,enter,0.00685,0.00684,0.00028,0.07314,0.012,-19.86,69.35,0.308,0.0263,12.381,0.806,0.0,0.0,0,0.0,-0.0,0,0.0,0.0
3,367,7.34,enter,0.00934,0.00932,-0.00049,0.08055,0.012,-19.16,70.06,0.3094,0.0273,12.362,1.004,0.0,0.0,0,0.0,-0.0,0,0.0,0.0
0,368,7.36,enter,0.00487,0.00487,0.0001,0.08542,0.012,-18.34,71.4,0.3087,0.0293,12.031,1.04,0.0,0.0,0,0.0,-0.0,0,0.0,0.0
1,368,7.36,enter,0.00977,0.00976,-8e-05,0.09152,0.012,-17.27,72.14,0.3085,0.0321,11.993,1.047,0.0,0.0,0,0.0,-0.0,0,0.0,0.0
2,368,7.36,enter,0.00619,0.00598,0.00159,0.07566,0.012,-19.92,69.47,0.3079,0.0263,12.417,1.023,0.0,0.0,0,0.0,-0.0,0,0.0,0.0
3,368,7.36,enter,0.00824,0.00821,-0.00072,0.07994,0.012,-19.02,69.84,0.3093,0.0274,12.364,1.048,0.0,0.0,0,0.0,-0.0,0,0.0,0.0
0,369,7.38,enter,0.00733,0.00726,-0.001,0.0827,0.012,-18.55,71.2,0.3086,0.0293,12.021,1.001,0.0,0.0,0,0.0,-0.0,0,0.0,0.0
1,369,7.38,enter,0.0075,0.00743,0.00102,0.09392,0.012,-17.21,72.36,0.3084,0.0321,12.022,1.041,0.0,0.0,0,0.0,-0.0,0,0.0,0.0
2,369,7.38,enter,0.0061,0.00609,0.0004,0.07357,0.012,-19.9,69.65,0.3078,0.0264,12.408,0.974,0.0,0.0,0,0.0,-0.0,0,0.0,0.0
3,369,7.38,enter,0.00774,0.00773,-0.00039,0.08121,0.012,-19.07,69.84,0.3092,0.0274,12.398,0.989,0.0,0.0,0,0.0,-0.0,0,0.0,0.0
0,370,7.4,enter,0.01072,0.01061,-0.00151,0.08202,0.012,-18.5,71.0,0.3086,0.0293,12.051,1.231,0.0,0.0,0,0.0,-0.0,0,0.0,0.0
1,370,7.4,enter,0.00809,0.00808,-0.00043,0.0918,0.012,-17.22,72.39,0.3083,0.0322,12.013,1.046,0.0,0.0,0,0.0,-0.0,0,0.0,0.0
2,370,7.4,enter,0.00945,0.00939,0.00104,0.07349,0.012,-19.64,69.59,0.3078,0.0264,12.439,1.477,0.0,0.0,0,0.0,-0.0,0,0.0,0.0
3,370,7.4,enter,0.00605,0.00599,-0.00083,0.08043,0.012,-19.07,70.23,0.3091,0.0274,12.395,1.044,0.0,0.0,0,0.0,-0.0,0,0.0,0.0
0,371,7.42,enter,0.01218,0.01212,-0.00117,0.08112,0.012,-18.54,70.49,0.3086,0.0293,12.054,1.047,0.0,0.0,0,0.0,-0.0,0,0.0,0.0
1,371,7.42,enter,0.01144,0.01143,-0.0006,0.09135,0.012,-17.05,72.23,0.3083,0.0322,12.043,1.352,0.0,0.0,0,0.0,-0.0,0,0.0,0.0
2,371,7.42,enter,0.01048,0.01042,0.00109,0.07268,0.012,-19.69,68.93,0.3077,0.0264,12.448,0.782,0.0,0.0,0,0.0,-0.0,0,0.0,0.0
3,371,7.42,enter,0.00611,0.00611,-0.00025,0.08165,0.012,-19.09,70.23,0.3091,0.0274,12.422,1.044,0.0,0.0,0,0.0,-0.0,0,0.0,0.0
0,372,7.44,enter,0.01244,0.01221,-0.00238,0.08067,0.012,-18.69,70.47,0.3085,0.0294,12.09,0.889,0.0,0.0,0,0.0,-0.0,0,0.0,0.0
1,372,7.44,enter,0.01276,0.01276,-0.00014,0.09073,0.012,-17.17,71.78,0.3083,0.0321,12.042,1.006,0.0,0.0,0,0.0,-0.0,0,0.0,0.0
2,372,7.44,enter,0.01052,0.01052,0.00033,0.07252,0.012,-19.71,69.06,0.3076,0.0265,12.486,0.715,0.0,0.0,0,0.0,-0.0,0,0.0,0.0
3,372,7.44,enter,0.00704,0.00698,-0.00091,0.07995,0.012,-19.2,70.17,0.309,0.0274,12.416,0.89,0.0,0.0,0,0.0,-0.0,0,0.0,0.0
0,373,7.46,enter,0.01043,0.01021,-0.00216,0.08072,0.012,-18.66,70.8,0.3085,0.0294,12.093,0.844,0.0,0.0,0,0.0,-0.0,0,0.0,0.0
1,373,7.46,enter,0.01281,0.01275,-0.00123,0.09028,0.012,-17.31,71.88,0.3083,0.0322,12.078,0.934,0.0,0.0,0,0.0,-0.0,0,0.0,0.0
2,373,7.46,enter,0.00812,0.00812,3e-05,0.0728,0.012,-19.63,69.51,0.3075,0.0265,12.5,0.647,0.0,0.0,0,0.0,-0.0,0,0.0,0.0
3,373,7.46,enter,0.00981,0.00976,-0.001,0.0799,0.012,-19.18,70.06,0.309,0.0273,12.448,1.043,0.0,0.0,0,0.0,-0.0,0,0.0,0.0
0,374,7.48,enter,0.00856,0.00846,-0.00133,0.08292,0.012,-18.8,70.9,0.3085,0.0295,12.123,1.043,0.0,0.0,0,0.0,-0.0,0,0.0,0.0
1,374,7.48,enter,0.01005,0.00999,-0.00113,0.09079,0.012,-17.14,72.22,0.3082,0.0322,12.081,0.758,0.0,0.0,0,0.0,-0.0,0,0.0,0.0
2,374,7.48,enter,0.00698,0.00686,0.0013,0.07494,0.012,-19.74,69.61,0.3074,0.0266,12.526,1.043,0.0,0.0,0,0.0,-0.0,0,0.0,0.0
3,374,7.48,enter,0.00915,0.00909,-0.00106,0.07931,0.012,-19.09,69.81,0.3089,0.0274,12.45,1.048,0.0,0.0,0,0.0,-0.0,0,0.0,0.0
0,375,7.5,enter,0.00734,0.0073,-0.00075,0.08282,0.012,-18.79,71.04,0.3084,0.0296,12.108,1.046,0.0,0.0,0,0.0,-0.0,0,0.0,0.0
1,375,7.5,enter,0.00835,0.00835,0.00012,0.09302,0.012,-17.21,72.33,0.3082,0.0322,12.107,1.043,0.0,0.0,0,0.0,-0.0,0,0.0,0.0
2,375,7.5,enter,0.00625,0.00615,0.00107,0.07423,0.012,-19.8,69.75,0.3074,0.0267,12.521,0.586,0.0,0.0,0,0.0,-0.0,0,0.0,0.0
3,375,7.5,enter,0.00873,0.00868,-0.00092,0.08036,0.012,-19.14,69.8,0.3088,0.0274,12.482,0.997,0.0,0.0,0,0.0,-0.0,0,0.0,0.0
0,376,7.52,enter,0.0062,0.0062,0.0001,0.08481,0.012,-18.52,71.14,0.3084,0.0296,12.13,1.037,0.0,0.0,0,0.0,-0.0,0,0.0,0.0
1,376,7.52,enter,0.00929,0.00923,-0.00107,0.0908,0.012,-17.4,72.27,0.3082,0.0323,12.095,0.854,0.0,0.0,0,0.0,-0.0,0,0.0,0.0
2,376,7.52,enter,0.00839,0.00803,0.00242,0.07617,0.012,-19.45,69.9,0.3073,0.0267,12.557,1.042,0.0,0.0,0,0.0,-0.0,0,0.0,0.0
3,376,7.52,enter,0.00631,0.00626,-0.00081,0.08045,0.012,-19.04,70.24,0.3086,0.0274,12.479,1.001,0.0,0.0,0,0.0,-0.0,0,0.0,0.0
0,377,7.54,enter,0.00784,0.00773,-0.00133,0.08232,0.012,-18.57,70.84,0.3082,0.0297,12.122,0.993,0.0,0.0,0,0.0,-0.0,0,0.0,0.0
1,377,7.54,enter,0.01201,0.01197,-0.00094,0.09082,0.012,-17.16,72.26,0.3081,0.0323,12.122,1.294,0.0,0.0,0,0.0,-0.0,0,0.0,0.0
2,377,7.54,enter,0.00715,0.00693,0.00178,0.07532,0.012,-19.24,69.74,0.3071,0.0268,12.553,1.048,0.0,0.0,0,0.0,-0.0,0,0.0,0.0
3,377,7.54,enter,0.00624,0.00622,-0.00045,0.08164,0.012,-19.11,70.3,0.3086,0.0274,12.505,1.043,0.0,0.0,0,0.0,-0.0,0,0.0,0.0
0,378,7.56,enter,0.01041,0.0102,-0.00209,0.08186,0.012,-18.3,70.98,0.3082,0.0296,12.159,1.039,0.0,0.0,0,0.0,-0.0,0,0.0,0.0
1,378,7.56,enter,0.01272,0.01272,-0.00028,0.09067,0.012,-17.17,71.79,0.308,0.0323,12.115,0.996,0.0,0.0,0,0.0,-0.0,0,0.0,0.0
2,378,7.56,enter,0.00764,0.00734,0.0021,0.07624,0.012,-18.95,69.92,0.3069,0.0268,12.587,0.913,0.0,0.0,0,0.0,-0.0,0,0.0,0.0
3,378,7.56,enter,0.0077,0.00754,-0.00156,0.07929,0.012,-19.23,70.24,0.3085,0.0274,12.496,0.909,0.0,0.0,0,0.0,-0.0,0,0.0,0.0
0,379,7.58,enter,0.01151,0.01134,-0.00196,0.08078,0.012,-18.42,70.74,0.3082,0.0296,12.165,0.989,0.0,0.0,0,0.0,-0.0,0,0.0,0.0
1,379,7.58,enter,0.01231,0.01226,-0.0011,0.09068,0.012,-17.22,71.93,0.3079,0.0324,12.149,0.919,0.0,0.0,0,0.0,-0.0,0,0.0,0.0
2,379,7.58,enter,0.00553,0.00517,0.00195,0.07619,0.012,-18.94,70.07,0.3068,0.0268,12.589,0.784,0.0,0.0,0,0.0,-0.0,0,0.0,0.0
3,379,7.58,enter,0.01109,0.01097,-0.00166,0.07894,0.012,-19.18,70.02,0.3085,0.0274,12.527,1.114,0.0,0.0,0,0.0,-0.0,0,0.0,0.0
0,380,7.6,enter,0.01194,0.01161,-0.0028,0.08065,0.012,-18.73,70.73,0.3081,0.0297,12.2,0.926,0.0,0.0,0,0.0,-0.0,0,0.0,0.0
1,380,7.6,enter,0.00912,0.00907,-0.00089,0.09153,0.012,-17.02,72.4,0.3078,0.0324,12.153,0.727,0.0,0.0,0,0.0,-0.0,0,0.0,0.0
2,380,7.6,enter,0.00664,0.00614,0.00253,0.07759,0.012,-18.99,70.3,0.3066,0.0268,12.621,0.887,0.0,0.0,0,0.0,-0.0,0,0.0,0.0
3,380,7.6,enter,0.01145,0.01131,-0.00176,0.07797,0.012,-19.16,69.61,0.3084,0.0274,12.528,1.048,0.0,0.0,0,0.0,-0.0,0,0.0,0.0
0,381,7.62,enter,0.00959,0.00943,-0.00172,0.08142,0.012,-18.68,71.03,0.3081,0.0297,12.194,0.999,0.0,0.0,0,0.0,-0.0,0,0.0,0.0
1,381,7.62,enter,0.00786,0.00786,-0.00026,0.09287,0.012,-17.08,72.55,0.3077,0.0324,12.175,0.664,0.0,0.0,0,0.0,-0.0,0,0.0,0.0
2,381,7.62,enter,0.00542,0.0053,0.00117,0.07512,0.012,-19.11,70.39,0.3065,0.0268,12.609,0.936,0.0,0.0,0,0.0,-0.0,0,0.0,0.0
3,381,7.62,enter,0.01168,0.01147,-0.00223,0.07815,0.012,-19.31,69.53,0.3084,0.0275,12.561,0.938,0.0,0.0,0,0.0,-0.0,0,0.0,0.0
0,382,7.64,enter,0.00749,0.00745,-0.00084,0.08361,0.012,-18.81,70.98,0.308,0.0298,12.217,1.044,0.0,0.0,0,0.0,-0.0,0,0.0,0.0
1,382,7.64,enter,0.00987,0.00976,-0.00146,0.09046,0.012,-17.26,72.42,0.3076,0.0325,12.167,0.895,0.0,0.0,0,0.0,-0.0,0,0.0,0.0
2,382,7.64,enter,0.0084,0.00818,0.0019,0.07521,0.012,-19.03,70.28,0.3065,0.0268,12.635,1.051,0.0,0.0,0,0.0,-0.0,0,0.0,0.0
3,382,7.64,enter,0.00878,0.00862,-0.00163,0.07886,0.012,-19.18,70.07,0.3083,0.0275,12.56,0.899,0.0,0.0,0,0.0,-0.0,0,0.0,0.0
0,383,7.66,enter,0.00817,0.00802,-0.00159,0.08181,0.012,-18.85,70.88,0.3079,0.0299,12.199,1.005,0.0,0.0,0,0.0,-0.0,0,0.0,0.0
1,383,7.66,enter,0.01359,0.01346,-0.00186,0.08994,0.012,-17.13,72.27,0.3076,0.0325,12.199,1.192,0.0,0.0,0,0.0,-0.0,0,0.0,0.0
2,383,7.66,enter,0.0084,0.00809,0.00227,0.07483,0.012,-19.08,69.76,0.3064,0.0268,12.631,0.92,0.0,0.0,0,0.0,-0.0,0,0.0,0.0
3,383,7.66,enter,0.00715,0.00711,-0.00077,0.08113,0.012,-19.27,70.23,0.3082,0.0276,12.587,1.045,0.0,0.0,0,0.0,-0.0,0,0.0,0.0
0,384,7.68,enter,0.00926,0.00919,-0.00119,0.08265,0.012,-18.37,71.06,0.3078,0.0299,12.223,1.18,0.0,0.0,0,0.0,-0.0,0,0.0,0.0
1,384,7.68,enter,0.01427,0.01414,-0.00193,0.08905,0.012,-17.07,71.83,0.3075,0.0325,12.194,1.047,0.0,0.0,0,0.0,-0.0,0,0.0,0.0
2,384,7.68,enter,0.00797,0.00766,0.00221,0.07569,0.012,-18.91,69.99,0.3062,0.0269,12.66,0.778,0.0,0.0,0,0.0,-0.0,0,0.0,0.0
3,384,7.68,enter,0.00783,0.00754,-0.00211,0.07876,0.012,-19.4,70.24,0.3082,0.0277,12.57,1.025,0.0,0.0,0,0.0,-0.0,0,0.0,0.0
0,385,7.7,enter,0.00938,0.00937,-0.00032,0.08297,0.012,-18.3,70.87,0.3077,0.0299,12.226,0.807,0.0,0.0,0,0.0,-0.0,0,0.0,0.0
1,385,7.7,enter,0.01424,0.01406,-0.00229,0.08899,0.012,-17.08,71.91,0.3075,0.0326,12.223,0.668,0.0,0.0,0,0.0,-0.0,0,0.0,0.0
2,385,7.7,enter,0.00527,0.00483,0.0021,0.07668,0.012,-18.7,70.5,0.306,0.027,12.662,0.79,0.0,0.0,0,0.0,-0.0,0,0.0,0.0
3,385,7.7,enter,0.01109,0.01096,-0.00172,0.0786,0.012,-19.22,70.13,0.3081,0.0277,12.593,1.43,0.0,0.0,0,0.0,-0.0,0,0.0,0.0
0,386,7.72,enter,0.00807,0.00794,-0.00144,0.08321,0.012,-18.33,71.09,0.3075,0.03,12.258,0.715,0.0,0.0,0,0.0,-0.0,0,0.0,0.0
1,386,7.72,enter,0.01243,0.01223,-0.00224,0.08913,0.012,-17.24,72.15,0.3074,0.0327,12.229,0.699,0.0,0.0,0,0.0,-0.0,0,0.0,0.0
2,386,7.72,enter,0.00585,0.00551,0.00195,0.07699,0.012,-18.9,70.5,0.3058,0.027,12.679,0.568,0.0,0.0,0,0.0,-0.0,0,0.0,0.0
3,386,7.72,enter,0.01229,0.01224,-0.00105,0.07818,0.012,-19.24,69.51,0.3081,0.0277,12.593,0.915,0.0,0.0,0,0.0,-0.0,0,0.0,0.0
0,387,7.74,enter,0.00474,0.00465,-0.00094,0.08438,0.012,-18.11,71.64,0.3074,0.03,12.259,0.781,0.0,0.0,0,0.0,-0.0,0,0.0,0.0
1,387,7.74,enter,0.01013,0.01009,-0.00089,0.09141,0.012,-17.21,72.49,0.3073,0.0327,12.247,1.043,0.0,0.0,0,0.0,-0.0,0,0.0,0.0
2,387,7.74,enter,0.00619,0.00591,0.00184,0.07586,0.012,-18.83,70.71,0.3057,0.0271,12.675,0.704,0.0,0.0,0,0.0,-0.0,0,0.0,0.0
3,387,7.74,enter,0.0124,0.0122,-0.00224,0.07788,0.012,-19.28,69.54,0.308,0.0278,12.627,0.844,0.0,0.0,0,0.0,-0.0,0,0.0,0.0
0,388,7.76,enter,0.00616,0.00594,-0.00161,0.08351,0.012,-18.53,71.31,0.3073,0.03,12.272,0.458,0.0,0.0,0,0.0,-0.0,0,0.0,0.0
1,388,7.76,enter,0.00927,0.00923,-0.00085,0.09111,0.012,-17.24,72.52,0.3072,0.0328,12.235,0.687,0.0,0.0,0,0.0,-0.0,0,0.0,0.0
2,388,7.76,enter,0.0082,0.00783,0.00244,0.07611,0.012,-18.64,70.55,0.3056,0.027,12.695,1.062,0.0,0.0,0,0.0,-0.0,0,0.0,0.0
3,388,7.76,enter,0.00969,0.00941,-0.00231,0.07826,0.012,-19.07,70.16,0.3079,0.0279,12.633,0.77,0.0,0.0,0,0.0,-0.0,0,0.0,0.0
0,389,7.78,enter,0.00735,0.0073,-0.0009,0.08334,0.012,-18.33,71.41,0.3073,0.03,12.271,0.915,0.0,0.0,0,0.0,-0.0,0,0.0,0.0
1,389,7.78,enter,0.00981,0.0098,0.00014,0.09302,0.012,-16.89,72.72,0.3071,0.0328,12.264,1.033,0.0,0.0,0,0.0,-0.0,0,0.0,0.0
2,389,7.78,enter,0.00692,0.00663,0.00198,0.0754,0.012,-18.61,70.26,0.3054,0.0271,12.691,0.618,0.0,0.0,0,0.0,-0.0,0,0.0,0.0
3,389,7.78,enter,0.00832,0.00821,-0.00133,0.08019,0.012,-19.29,70.21,0.3078,0.0279,12.656,1.042,0.0,0.0,0,0.0,-0.0,0,0.0,0.0
0,390,7.8,enter,0.0072,0.00718,-0.00056,0.08412,0.012,-17.99,71.3,0.3071,0.03,12.284,1.016,0.0,0.0,0,0.0,-0.0,0,0.0,0.0
1,390,7.8,enter,0.01106,0.01101,-0.00105,0.09083,0.012,-17.06,72.23,0.3069,0.0329,12.249,1.045,0.0,0.0,0,0.0,-0.0,0,0.0,0.0
2,390,7.8,enter,0.00718,0.00667,0.00265,0.07709,0.012,-18.46,70.51,0.3053,0.0271,12.717,0.811,0.0,0.0,0,0.0,-0.0,0,0.0,0.0
3,390,7.8,enter,0.00862,0.00842,-0.00182,0.07858,0.012,-19.5,70.19,0.3078,0.0281,12.64,0.819,0.0,0.0,0,0.0,-0.0,0,0.0,0.0
0,391,7.82,enter,0.00535,0.00531,-0.00066,0.08464,0.012,-17.79,71.44,0.3069,0.03,12.288,0.483,0.0,0.0,0,0.0,-0.0,0,0.0,0.0
1,391,7.82,enter,0.01308,0.01296,-0.00177,0.09016,0.012,-16.74,72.48,0.3069,0.033,12.281,0.985,0.0,0.0,0,0.0,-0.0,0,0.0,0.0
2,391,7.82,enter,0.00501,0.0048,0.00143,0.07563,0.012,-18.59,70.74,0.3051,0.0272,12.705,0.791,0.0,0.0,0,0.0,-0.0,0,0.0,0.0
3,391,7.82,enter,0.01038,0.01032,-0.00112,0.07963,0.012,-19.22,70.21,0.3078,0.0281,12.665,1.144,0.0,0.0,0,0.0,-0.0,0,0.0,0.0
0,392,7.84,enter,0.0043,0.0042,-0.00092,0.08509,0.012,-17.8,71.69,0.3067,0.03,12.3,0.416,0.0,0.0,0,0.0,-0.0,0,0.0,0.0
1,392,7.84,enter,0.01301,0.01281,-0.00226,0.08897,0.012,-16.79,72.35,0.3068,0.033,12.28,0.966,0.0,0.0,0,0.0,-0.0,0,0.0,0.0
2,392,7.84,enter,0.0069,0.00641,0.00256,0.07734,0.012,-18.35,71.02,0.305,0.0272,12.732,1.04,0.0,0.0,0,0.0,-0.0,0,0.0,0.0
3,392,7.84,enter,0.00906,0.00906,-0.00032,0.08018,0.012,-18.91,70.06,0.3076,0.0281,12.657,1.035,0.0,0.0,0,0.0,-0.0,0,0.0,0.0
0,393,7.86,enter,0.00599,0.00564,-0.00204,0.08309,0.012,-18.13,71.69,0.3066,0.03,12.304,0.804,0.0,0.0,0,0.0,-0.0,0,0.0,0.0
1,393,7.86,enter,0.01334,0.01319,-0.00198,0.0897,0.012,-17.06,72.36,0.3068,0.033,12.312,0.969,0.0,0.0,0,0.0,-0.0,0,0.0,0.0
2,393,7.86,enter,0.00605,0.00578,0.00177,0.07575,0.012,-18.5,70.82,0.3049,0.0273,12.716,1.001,0.0,0.0,0,0.0,-0.0,0,0.0,0.0
3,393,7.86,enter,0.0078,0.00779,-0.00045,0.08148,0.012,-18.76,70.19,0.3074,0.0282,12.686,0.939,0.0,0.0,0,0.0,-0.0,0,0.0,0.0
0,394,7.88,enter,0.00736,0.00724,-0.00129,0.08344,0.012,-17.98,71.74,0.3066,0.0299,12.316,0.893,0.0,0.0,0,0.0,-0.0,0,0.0,0.0
1,394,7.88,enter,0.01046,0.01043,-0.0007,0.091,0.012,-17.04,72.63,0.3067,0.0331,12.298,1.046,0.0,0.0,0,0.0,-0.0,0,0.0,0.0
2,394,7.88,enter,0.00777,0.00741,0.00234,0.07633,0.012,-18.31,71.0,0.3047,0.0273,12.737,0.966,0.0,0.0,0,0.0,-0.0,0,0.0,0.0
3,394,7.88,enter,0.00721,0.00692,-0.00202,0.07958,0.012,-18.88,70.5,0.3073,0.0283,12.683,0.795,0.0,0.0,0,0.0,-0.0,0,0.0,0.0
0,395,7.9,enter,0.0071,0.00709,-0.00044,0.0836,0.012,-18.02,71.53,0.3064,0.0299,12.309,0.531,0.0,0.0,0,0.0,-0.0,0,0.0,0.0
1,395,7.9,enter,0.00798,0.00796,0.00059,0.09358,0.012,-16.86,72.98,0.3066,0.0332,12.315,0.975,0.0,0.0,0,0.0,-0.0,0,0.0,0.0
2,395,7.9,enter,0.00624,0.00574,0.00246,0.07628,0.012,-18.3,70.75,0.3046,0.0273,12.726,0.903,0.0,0.0,0,0.0,-0.0,0,0.0,0.0
3,395,7.9,enter,0.00909,0.009,-0.00128,0.08062,0.012,-18.82,70.69,0.3072,0.0283,12.713,1.044,0.0,0.0,0,0.0,-0.0,0,0.0,0.0
0,396,7.92,enter,0.00573,0.00572,-0.00038,0.08512,0.012,-17.92,71.62,0.3062,0.0299,12.329,0.76,0.0,0.0,0,0.0,-0.0,0,0.0,0.0
1,396,7.92,enter,0.0088,0.0087,-0.00133,0.09098,0.012,-17.03,72.63,0.3065,0.0333,12.297,1.046,0.0,0.0,0,0.0,-0.0,0,0.0,0.0
2,396,7.92,enter,0.0067,0.00576,0.00341,0.07846,0.012,-18.07,71.15,0.3044,0.0274,12.748,0.862,0.0,0.0,0,0.0,-0.0,0,0.0,0.0
3,396,7.92,enter,0.00847,0.00845,-0.00059,0.08038,0.012,-18.85,70.59,0.3072,0.0283,12.703,1.048,0.0,0.0,0,0.0,-0.0,0,0.0,0.0
0,397,7.94,enter,0.00605,0.00577,-0.00181,0.08273,0.012,-18.03,71.67,0.3061,0.03,12.312,0.808,0.0,0.0,0,0.0,-0.0,0,0.0,0.0
1,397,7.94,enter,0.01196,0.01193,-0.00092,0.09121,0.012,-16.59,72.78,0.3064,0.0333,12.322,1.495,0.0,0.0,0,0.0,-0.0,0,0.0,0.0
2,397,7.94,enter,0.00523,0.00513,0.00102,0.07532,0.012,-18.37,71.06,0.3042,0.0275,12.732,0.937,0.0,0.0,0,0.0,-0.0,0,0.0,0.0
3,397,7.94,enter,0.00833,0.00831,-0.00051,0.08118,0.012,-18.81,70.54,0.307,0.0283,12.722,0.803,0.0,0.0,0,0.0,-0.0,0,0.0,0.0
0,398,7.96,enter,0.00763,0.0074,-0.00188,0.0833,0.012,-17.77,71.86,0.3061,0.0299,12.342,1.04,0.0,0.0,0,0.0,-0.0,0,0.0,0.0
1,398,7.96,enter,0.01367,0.01366,0.00047,0.09125,0.012,-16.73,72.23,0.3063,0.0333,12.312,1.048,0.0,0.0,0,0.0,-0.0,0,0.0,0.0
2,398,7.96,enter,0.00868,0.00848,0.00185,0.07571,0.012,-18.07,71.28,0.3042,0.0275,12.755,1.21,0.0,0.0,0,0.0,-0.0,0,0.0,0.0
3,398,7.96,enter,0.00765,0.00751,-0.00148,0.07974,0.012,-18.84,70.45,0.3068,0.0284,12.709,0.809,0.0,0.0,0,0.0,-0.0,0,0.0,0.0
0,399,7.98,enter,0.00742,0.00737,-0.00086,0.08342,0.012,-17.86,71.61,0.306,0.0299,12.331,1.047,0.0,0.0,0,0.0,-0.0,0,0.0,0.0
1,399,7.98,enter,0.01386,0.01385,-0.00051,0.09068,0.012,-16.94,72.39,0.3062,0.0334,12.343,0.803,0.0,0.0,0,0.0,-0.0,0,0.0,0.0
2,399,7.98,enter,0.00917,0.00874,0.00279,0.07539,0.012,-18.21,70.85,0.3041,0.0275,12.742,1.017,0.0,0.0,0,0.0,-0.0,0,0.0,0.0
3,399,7.98,enter,0.00871,0.00868,-0.00077,0.08114,0.012,-18.55,70.72,0.3067,0.0284,12.737,0.986,0.0,0.0,0,0.0,-0.0,0,0.0,0.0
0,400,8.0,enter,0.00606,0.00598,-0.001,0.0844,0.012,-17.85,71.75,0.3059,0.0299,12.349,0.716,0.0,0.0,0,0.0,-0.0,0,0.0,0.0
1,400,8.0,enter,0.01093,0.01083,-0.0015,0.09074,0.012,-16.67,72.98,0.3061,0.0335,12.353,0.741,0.0,0.0,0,0.0,-0.0,0,0.0,0.0
2,400,8.0,enter,0.00901,0.00878,0.00203,0.07509,0.012,-18.43,70.73,0.304,0.0276,12.762,0.634,0.0,0.0,0,0.0,-0.0,0,0.0,0.0
3,400,8.0,enter,0.00755,0.00752,-0.00071,0.08055,0.012,-18.57,70.7,0.3066,0.0285,12.727,1.048,0.0,0.0,0,0.0,-0.0,0,0.0,0.0
0,401,8.02,enter,0.006,0.00561,-0.00212,0.08267,0.012,-18.03,71.7,0.3057,0.03,12.334,0.757,0.0,0.0,0,0.0,-0.0,0,0.0,0.0
1,401,8.02,enter,0.00818,0.00818,-8e-05,0.09293,0.012,-16.52,73.27,0.306,0.0336,12.357,1.043,0.0,0.0,0,0.0,-0.0,0,0.0,0.0
2,401,8.02,enter,0.00685,0.00661,0.00178,0.076,0.012,-18.23,71.08,0.3038,0.0277,12.761,0.727,0.0,0.0,0,0.0,-0.0,0,0.0,0.0
3,401,8.02,enter,0.00754,0.00752,-0.00052,0.08157,0.012,-18.55,70.76,0.3065,0.0285,12.749,0.98,0.0,0.0,0,0.0,-0.0,0,0.0,0.0
0,402,8.04,enter,0.00673,0.00659,-0.00135,0.08427,0.012,-17.72,72.06,0.3057,0.03,12.359,0.991,0.0,0.0,0,0.0,-0.0,0,0.0,0.0
1,402,8.04,enter,0.00915,0.00913,-0.00067,0.09148,0.012,-17.03,72.69,0.3059,0.0337,12.346,0.602,0.0,0.0,0,0.0,-0.0,0,0.0,0.0
2,402,8.04,enter,0.00556,0.0047,0.00296,0.078,0.012,-17.97,71.44,0.3037,0.0278,12.754,0.849,0.0,0.0,0,0.0,-0.0,0,0.0,0.0
3,402,8.04,enter,0.00741,0.00728,-0.0014,0.07991,0.012,-18.69,70.8,0.3063,0.0285,12.734,0.951,0.0,0.0,0,0.0,-0.0,0,0.0,0.0
0,403,8.06,enter,0.00747,0.00742,-0.00083,0.08337,0.012,-17.95,71.63,0.3056,0.03,12.343,1.047,0.0,0.0,0,0.0,-0.0,0,0.0,0.0
1,403,8.06,enter,0.01049,0.01049,0.00013,0.09267,0.012,-16.59,72.96,0.3058,0.0337,12.363,1.156,0.0,0.0,0,0.0,-0.0,0,0.0,0.0
2,403,8.06,enter,0.00655,0.00639,0.00146,0.07573,0.012,-18.32,71.2,0.3036,0.0279,12.757,0.883,0.0,0.0,0,0.0,-0.0,0,0.0,0.0
3,403,8.06,enter,0.00913,0.00908,-0.00097,0.08049,0.012,-18.62,70.93,0.3062,0.0285,12.758,1.014,0.0,0.0,0,0.0,-0.0,0,0.0,0.0
0,404,8.08,enter,0.00745,0.00733,-0.00135,0.08365,0.012,-17.69,71.84,0.3055,0.03,12.361,0.799,0.0,0.0,0,0.0,-0.0,0,0.0,0.0
1,404,8.08,enter,0.00886,0.00874,0.00144,0.09374,0.012,-16.17,73.01,0.3056,0.0337,12.341,0.929,0.0,0.0,0,0.0,-0.0,0,0.0,0.0
2,404,8.08,enter,0.00912,0.00891,0.00196,0.07549,0.012,-17.87,71.3,0.3035,0.0279,12.76,1.547,0.0,0.0,0,0.0,-0.0,0,0.0,0.0
3,404,8.08,enter,0.00775,0.00774,-0.00039,0.08063,0.012,-18.57,70.71,0.3061,0.0286,12.745,1.048,0.0,0.0,0,0.0,-0.0,0,0.0,0.0
0,405,8.1,enter,0.00524,0.00506,-0.00135,0.08395,0.012,-17.47,72.06,0.3053,0.0301,12.35,0.705,0.0,0.0,0,0.0,-0.0,0,0.0,0.0
1,405,8.1,enter,0.00749,0.00747,0.00054,0.09439,0.012,-16.05,73.2,0.3054,0.0338,12.372,0.935,0.0,0.0,0,0.0,-0.0,0,0.0,0.0
2,405,8.1,enter,0.00954,0.00933,0.00196,0.07446,0.012,-17.9,70.96,0.3034,0.0279,12.751,0.465,0.0,0.0,0,0.0,-0.0,0,0.0,0.0
3,405,8.1,enter,0.00668,0.00668,0.00033,0.08264,0.012,-18.34,70.93,0.306,0.0286,12.763,0.891,0.0,0.0,0,0.0,-0.0,0,0.0,0.0
0,406,8.12,enter,0.00416,0.00404,-0.00101,0.08548,0.012,-17.52,72.18,0.3052,0.03,12.363,0.845,0.0,0.0,0,0.0,-0.0,0,0.0,0.0
1,406,8.12,enter,0.00647,0.00642,-0.0008,0.09312,0.012,-16.01,73.61,0.3052,0.0338,12.364,0.687,0.0,0.0,0,0.0,-0.0,0,0.0,0.0
2,406,8.12,enter,0.01017,0.01011,0.00111,0.0738,0.012,-18.21,70.85,0.3033,0.028,12.773,0.477,0.0,0.0,0,0.0,-0.0,0,0.0,0.0
3,406,8.12,enter,0.00704,0.00679,-0.00184,0.07966,0.012,-18.53,70.93,0.3058,0.0287,12.747,0.977,0.0,0.0,0,0.0,-0.0,0,0.0,0.0
0,407,8.14,enter,0.00654,0.006,-0.00262,0.08189,0.012,-18.01,71.77,0.3051,0.0301,12.339,1.042,0.0,0.0,0,0.0,-0.0,0,0.0,0.0
1,407,8.14,enter,0.0073,0.0073,1e-05,0.09375,0.012,-16.0,73.77,0.3052,0.0338,12.375,0.737,0.0,0.0,0,0.0,-0.0,0,0.0,0.0
2,407,8.14,enter,0.00858,0.00851,0.00112,0.07413,0.012,-18.32,71.04,0.3032,0.0281,12.767,0.756,0.0,0.0,0,0.0,-0.0,0,0.0,0.0
3,407,8.14,enter,0.01025,0.01006,-0.00197,0.0794,0.012,-18.38,71.03,0.3058,0.0287,12.773,1.042,0.0,0.0,0,0.0,-0.0,0,0.0,0.0
0,408,8.16,enter,0.00996,0.00961,-0.00263,0.08153,0.012,-17.81,71.92,0.3051,0.03,12.362,1.351,0.0,0.0,0,0.0,-0.0,0,0.0,0.0
1,408,8.16,enter,0.00836,0.00834,-0.0006,0.09176,0.012,-16.34,73.32,0.3051,0.0338,12.355,0.84,0.0,0.0,0,0.0,-0.0,0,0.0,0.0
2,408,8.16,enter,0.00667,0.00616,0.00255,0.07646,0.012,-18.1,71.42,0.303,0.0282,12.764,1.04,0.0,0.0,0,0.0,-0.0,0,0.0,0.0
3,408,8.16,enter,0.01072,0.01064,-0.00133,0.07884,0.012,-18.48,70.67,0.3058,0.0287,12.763,1.049,0.0,0.0,0,0.0,-0.0,0,0.0,0.0
0,409,8.18,enter,0.01216,0.01206,-0.00156,0.08091,0.012,-17.99,71.25,0.3051,0.03,12.35,1.048,0.0,0.0,0,0.0,-0.0,0,0.0,0.0
1,409,8.18,enter,0.0104,0.0104,-0.0004,0.09215,0.012,-16.13,73.45,0.305,0.0338,12.377,1.027,0.0,0.0,0,0.0,-0.0,0,0.0,0.0
2,409,8.18,enter,0.00663,0.00628,0.00211,0.07611,0.012,-18.17,71.4,0.3029,0.0283,12.76,0.202,0.0,0.0,0,0.0,-0.0,0,0.0,0.0
3,409,8.18,enter,0.01097,0.01088,-0.00143,0.07919,0.012,-18.67,70.65,0.3057,0.0288,12.784,0.782,0.0,0.0,0,0.0,-0.0,0,0.0,0.0
0,410,8.2,enter,0.01257,0.01224,-0.00288,0.08007,0.012,-18.13,71.31,0.305,0.0301,12.37,0.724,0.0,0.0,0,0.0,-0.0,0,0.0,0.0
1,410,8.2,enter,0.00983,0.00983,0.0002,0.09234,0.012,-16.08,73.22,0.3048,0.0338,12.358,1.046,0.0,0.0,0,0.0,-0.0,0,0.0,0.0
2,410,8.2,enter,0.00758,0.00692,0.00311,0.07756,0.012,-17.55,71.78,0.3028,0.0284,12.761,0.881,0.0,0.0,0,0.0,-0.0,0,0.0,0.0
3,410,8.2,enter,0.00838,0.00828,-0.00127,0.07971,0.012,-18.7,70.77,0.3056,0.0289,12.774,0.746,0.0,0.0,0,0.0,-0.0,0,0.0,0.0
0,411,8.22,enter,0.01081,0.01017,-0.00366,0.08022,0.012,-17.98,71.61,0.3049,0.0303,12.375,0.443,0.0,0.0,0,0.0,-0.0,0,0.0,0.0
1,411,8.22,enter,0.00828,0.00828,8e-05,0.09339,0.012,-15.89,73.5,0.3047,0.0339,12.378,0.781,0.0,0.0,0,0.0,-0.0,0,0.0,0.0
2,411,8.22,enter,0.00612,0.00546,0.00277,0.07722,0.012,-17.38,71.65,0.3026,0.0284,12.745,0.478,0.0,0.0,0,0.0,-0.0,0,0.0,0.0
3,411,8.22,enter,0.00677,0.00676,-0.00044,0.08183,0.012,-18.51,71.1,0.3054,0.029,12.785,0.753,0.0,0.0,0,0.0,-0.0,0,0.0,0.0
0,412,8.24,enter,0.00818,0.00785,-0.00229,0.08182,0.012,-17.99,71.72,0.3049,0.0303,12.365,1.045,0.0,0.0,0,0.0,-0.0,0,0.0,0.0
1,412,8.24,enter,0.00652,0.00645,-0.00101,0.09274,0.012,-15.91,73.77,0.3045,0.034,12.37,0.603,0.0,0.0,0,0.0,-0.0,0,0.0,0.0
2,412,8.24,enter,0.00742,0.00659,0.00341,0.07879,0.012,-17.17,71.95,0.3024,0.0284,12.765,0.737,0.0,0.0,0,0.0,-0.0,0,0.0,0.0
3,412,8.24,enter,0.00736,0.0072,-0.00151,0.07998,0.012,-18.51,71.13,0.3053,0.0291,12.77,0.771,0.0,0.0,0,0.0,-0.0,0,0.0,0.0
0,413,8.26,enter,0.00682,0.00664,-0.00158,0.08319,0.012,-18.24,71.58,0.3048,0.0304,12.37,0.782,0.0,0.0,0,0.0,-0.0,0,0.0,0.0
1,413,8.26,enter,0.00634,0.00634,9e-05,0.09451,0.012,-15.68,74.08,0.3044,0.0339,12.379,0.823,0.0,0.0,0,0.0,-0.0,0,0.0,0.0
2,413,8.26,enter,0.00556,0.00551,0.00073,0.07491,0.012,-17.7,71.74,0.3022,0.0285,12.739,0.885,0.0,0.0,0,0.0,-0.0,0,0.0,0.0
3,413,8.26,enter,0.01051,0.01042,-0.00133,0.08045,0.012,-18.2,71.09,0.3053,0.0291,12.795,1.226,0.0,0.0,0,0.0,-0.0,0,0.0,0.0
0,414,8.28,enter,0.00745,0.00704,-0.00242,0.08199,0.012,-18.15,71.66,0.3047,0.0305,12.355,0.568,0.0,0.0,0,0.0,-0.0,0,0.0,0.0
1,414,8.28,enter,0.00794,0.00783,-0.00134,0.09117,0.012,-16.13,73.53,0.3043,0.034,12.345,1.046,0.0,0.0,0,0.0,-0.0,0,0.0,0.0
2,414,8.28,enter,0.00842,0.00827,0.00155,0.07516,0.012,-17.43,72.01,0.3022,0.0285,12.755,1.282,0.0,0.0,0,0.0,-0.0,0,0.0,0.0
3,414,8.28,enter,0.01018,0.01013,-0.00101,0.07986,0.012,-18.16,70.89,0.3052,0.0291,12.782,1.048,0.0,0.0,0,0.0,-0.0,0,0.0,0.0
0,415,8.3,enter,0.00828,0.00787,-0.00256,0.08276,0.012,-17.59,72.02,0.3046,0.0305,12.373,1.007,0.0,0.0,0,0.0,-0.0,0,0.0,0.0
1,415,8.3,enter,0.01151,0.01143,-0.00134,0.09029,0.012,-15.99,73.57,0.3042,0.0339,12.36,1.317,4.749,0.0,0,-0.0,0.59,0,0.0,0.0
2,415,8.3,enter,0.00737,0.0071,0.00197,0.07493,0.012,-17.32,71.82,0.3022,0.0285,12.738,0.9,0.333,0.0,0,-0.0,0.57,0,0.0,0.0
3,415,8.3,enter,0.00997,0.00983,-0.00169,0.07977,0.012,-18.34,70.93,0.3051,0.0292,12.803,0.692,0.0,0.0,0,0.0,-0.0,0,0.0,0.0
0,416,8.32,enter,0.00654,0.00633,-0.00165,0.08278,0.012,-17.26,71.89,0.3044,0.0306,12.35,1.047,0.0,0.0,0,0.0,-0.0,0,0.0,0.0
1,416,8.32,enter,0.01265,0.01244,-0.00227,0.08885,0.012,-16.23,73.04,0.3042,0.034,12.377,0.606,0.292,0.0,0,0.01,1.3,0,0.0,0.0
2,416,8.32,enter,0.00705,0.00672,0.00212,0.0762,0.012,-17.31,71.92,0.302,0.0285,12.754,0.835,0.0,0.0,0,0.0,-0.0,0,0.0,0.0
3,416,8.32,enter,0.00725,0.00716,-0.00118,0.08072,0.012,-18.34,71.19,0.3049,0.0293,12.795,0.933,0.0,0.0,0,0.0,-0.0,0,0.0,0.0
0,417,8.34,enter,0.00582,0.00549,-0.00193,0.08365,0.012,-17.51,71.99,0.3043,0.0306,12.375,1.027,0.0,0.0,0,0.0,-0.0,0,0.0,0.0
1,417,8.34,enter,0.01128,0.011,-0.00247,0.08934,0.012,-15.97,73.48,0.3041,0.034,12.391,0.563,0.441,0.0,0,-0.0,0.8,0,0.0,0.0
2,417,8.34,enter,0.00487,0.00474,0.0011,0.0757,0.012,-17.47,71.95,0.3019,0.0286,12.727,0.734,0.0,0.0,0,0.0,-0.0,0,0.0,0.0
3,417,8.34,enter,0.00705,0.00696,-0.00113,0.08104,0.012,-18.46,71.19,0.3048,0.0294,12.797,0.388,0.0,0.0,0,0.0,-0.0,0,0.0,0.0
0,418,8.36,enter,0.00617,0.00551,-0.00277,0.0822,0.012,-17.65,72.07,0.3041,0.0306,12.357,0.896,0.0,0.0,0,0.0,-0.0,0,0.0,0.0
1,418,8.36,enter,0.00873,0.00842,-0.0023,0.09046,0.012,-15.95,73.74,0.304,0.0339,12.389,0.929,0.0,0.0,0,-0.0,0.06,0,0.0,0.0
2,418,8.36,enter,0.00641,0.00583,0.00266,0.07854,0.012,-16.96,72.59,0.3017,0.0285,12.735,0.855,0.0,0.0,0,0.0,-0.0,0,0.0,0.0
3,418,8.36,enter,0.00773,0.00768,-0.00086,0.08112,0.012,-18.17,71.47,0.3048,0.0294,12.794,0.723,0.0,0.0,0,0.0,-0.0,0,0.0,0.0
0,419,8.38,enter,0.00678,0.00634,-0.0024,0.08315,0.012,-17.36,72.54,0.3041,0.0306,12.374,0.995,0.0,0.0,0,0.0,-0.0,0,0.0,0.0
1,419,8.38,enter,0.0075,0.00703,-0.00262,0.09077,0.012,-16.12,73.68,0.304,0.0339,12.378,0.497,0.0,0.0,0,0.0,-0.0,0,0.0,0.0
2,419,8.38,enter,0.00473,0.00472,0.00033,0.07492,0.012,-17.32,72.12,0.3016,0.0285,12.7,1.047,0.0,0.0,0,0.0,-0.0,0,0.0,0.0
3,419,8.38,enter,0.00704,0.00703,-0.0005,0.08166,0.012,-17.74,71.44,0.3046,0.0294,12.79,1.017,0.0,0.0,0,0.0,-0.0,0,0.0,0.0
0,420,8.4,enter,0.00638,0.00604,-0.00206,0.08269,0.012,-17.43,72.12,0.304,0.0306,12.351,1.3,0.0,0.0,0,0.0,-0.0,0,0.0,0.0
1,420,8.4,enter,0.00918,0.00852,-0.0034,0.08972,0.012,-16.15,73.62,0.3039,0.0338,12.37,0.491,1.536,0.0,0,-0.0,0.15,0,0.0,0.0
2,420,8.4,enter,0.00722,0.00719,0.00067,0.07465,0.012,-16.93,72.27,0.3015,0.0284,12.71,1.555,1.802,0.0,0,-0.0,0.4,0,0.0,0.0
3,420,8.4,enter,0.00683,0.0068,-0.00067,0.08211,0.012,-17.73,71.44,0.3044,0.0294,12.796,0.436,0.0,0.0,0,0.0,-0.0,0,0.0,0.0
0,421,8.42,enter,0.00583,0.00557,-0.00172,0.08414,0.012,-17.28,72.34,0.3038,0.0305,12.365,0.929,0.0,0.0,0,0.0,-0.0,0,0.0,0.0
1,421,8.42,enter,0.00898,0.00839,-0.00318,0.08988,0.012,-15.67,73.88,0.3039,0.0337,12.365,0.654,0.845,0.0,0,-0.0,0.21,0,0.0,0.0
2,421,8.42,enter,0.00674,0.0067,0.00079,0.07453,0.012,-16.91,71.99,0.3014,0.0284,12.706,0.567,0.456,0.0,0,0.0,0.62,0,0.0,0.0
3,421,8.42,enter,0.00577,0.00569,-0.00095,0.08159,0.012,-17.76,71.58,0.3042,0.0294,12.784,0.344,0.0,0.0,0,0.0,-0.0,0,0.0,0.0
0,422,8.44,enter,0.00568,0.00511,-0.00248,0.08263,0.012,-17.26,72.24,0.3037,0.0306,12.341,1.046,0.0,0.0,0,0.0,-0.0,0,0.0,0.0
1,422,8.44,enter,0.00826,0.00756,-0.00332,0.09033,0.012,-15.63,73.69,0.3038,0.0336,12.37,0.552,0.0,0.0,0,-0.0,-0.0,0,0.0,0.0
2,422,8.44,enter,0.00564,0.00552,0.00112,0.0755,0.012,-16.96,72.45,0.3013,0.0283,12.701,0.978,0.0,0.0,0,0.0,-0.0,0,0.0,0.0
3,422,8.44,enter,0.00767,0.00746,-0.00179,0.08101,0.012,-17.96,71.68,0.3041,0.0294,12.803,0.663,1.273,0.0,0,-0.0,0.08,0,0.0,0.0
0,423,8.46,enter,0.00627,0.0057,-0.00263,0.08308,0.012,-17.09,72.64,0.3036,0.0305,12.359,1.03,0.0,0.0,0,0.0,-0.0,0,0.0,0.0
1,423,8.46,enter,0.00724,0.0065,-0.00318,0.09057,0.012,-15.53,73.94,0.3037,0.0335,12.355,0.485,0.0,0.0,0,0.0,-0.0,0,0.0,0.0
2,423,8.46,enter,0.00575,0.00575,-4e-05,0.07475,0.012,-17.46,72.15,0.3011,0.0283,12.693,0.898,0.0,0.0,0,0.0,-0.0,0,0.0,0.0
3,423,8.46,enter,0.00526,0.0052,-0.00078,0.08184,0.012,-17.51,71.89,0.304,0.0293,12.783,0.712,0.0,0.0,0,0.0,-0.0,0,0.0,0.0
0,424,8.48,enter,0.00492,0.00445,-0.0021,0.08328,0.012,-17.07,72.51,0.3034,0.0305,12.339,0.996,0.0,0.0,0,0.0,-0.0,0,0.0,0.0
1,424,8.48,enter,0.00854,0.00769,-0.00372,0.09035,0.012,-15.59,74.2,0.3036,0.0334,12.365,0.785,0.751,0.0,0,-0.0,0.0,0,0.0,0.0
2,424,8.48,enter,0.00538,0.00519,0.00142,0.0769,0.012,-16.85,72.75,0.301,0.0283,12.674,0.902,0.0,0.0,0,0.0,-0.0,0,0.0,0.0
3,424,8.48,enter,0.00701,0.00683,-0.00156,0.08116,0.012,-17.77,71.71,0.3039,0.0293,12.795,0.54,1.758,0.0,0,-0.0,0.36,0,0.0,0.0
0,425,8.5,enter,0.00509,0.0046,-0.00218,0.08399,0.012,-17.15,72.64,0.3033,0.0305,12.35,0.829,0.0,0.0,0,0.0,-0.0,0,0.0,0.0
1,425,8.5,enter,0.00736,0.00633,-0.00377,0.09012,0.012,-15.43,74.27,0.3035,0.0333,12.343,0.649,0.0,0.0,0,0.0,-0.0,0,0.0,0.0
2,425,8.5,enter,0.00549,0.00549,-0.0,0.07479,0.012,-17.03,72.36,0.3009,0.0283,12.655,0.773,0.0,0.0,0,0.0,-0.0,0,0.0,0.0
3,425,8.5,enter,0.00572,0.00563,-0.00104,0.08167,0.012,-17.45,71.93,0.3038,0.0293,12.782,0.449,0.0,0.0,0,0.0,-0.0,0,0.0,0.0
0,426,8.52,enter,0.00546,0.00486,-0.00249,0.08267,0.012,-17.14,72.62,0.3031,0.0305,12.324,0.843,0.629,0.0,0,0.0,0.0,0,0.0,0.0
1,426,8.52,enter,0.00831,0.00745,-0.00369,0.09059,0.012,-15.51,74.12,0.3035,0.0332,12.354,0.625,1.457,0.0,0,-0.0,0.16,0,0.0,0.0
2,426,8.52,enter,0.00818,0.00818,0.00022,0.0749,0.012,-16.65,72.46,0.3008,0.0282,12.663,1.189,0.006,0.0,0,0.0,-0.0,0,0.0,0.0
3,426,8.52,enter,0.00666,0.0063,-0.00216,0.08047,0.012,-17.68,71.78,0.3036,0.0292,12.784,0.343,1.501,0.0,0,0.01,0.27,0,0.0,0.0
0,427,8.54,enter,0.00601,0.00521,-0.003,0.08331,0.012,-16.99,72.71,0.303,0.0304,12.339,0.862,0.0,0.0,0,0.0,-0.0,0,0.0,0.0
1,427,8.54,enter,0.00784,0.00665,-0.00416,0.08947,0.012,-15.46,74.1,0.3034,0.0332,12.32,0.771,1.076,0.0,0,0.0,0.38,0,0.0,0.0
2,427,8.54,enter,0.00665,0.00665,0.00016,0.07412,0.012,-16.63,72.26,0.3007,0.0281,12.63,0.813,0.048,0.0,0,0.0,-0.0,0,0.0,0.0
3,427,8.54,enter,0.00605,0.00586,-0.00151,0.0816,0.012,-17.33,72.0,0.3035,0.0292,12.784,0.592,0.0,0.0,0,0.02,-0.0,0,0.0,0.0
0,428,8.56,enter,0.00385,0.00321,-0.00213,0.08395,0.012,-16.68,72.8,0.3029,0.0304,12.309,1.026,0.0,0.0,0,0.0,-0.0,0,0.0,0.0
1,428,8.56,enter,0.00862,0.00754,-0.00418,0.09019,0.012,-15.38,74.22,0.3033,0.0331,12.332,0.877,0.672,0.0,0,-0.0,0.22,0,0.0,0.0
2,428,8.56,enter,0.00726,0.00724,0.00043,0.07512,0.012,-16.8,72.58,0.3006,0.0281,12.645,0.887,0.0,0.0,0,0.01,-0.0,0,0.0,0.0
3,428,8.56,enter,0.00706,0.00635,-0.00309,0.07925,0.012,-17.7,71.73,0.3034,0.0292,12.763,0.429,2.352,0.0,0,0.07,0.67,0,0.0,0.0
0,429,8.58,enter,0.0057,0.00468,-0.00326,0.08291,0.012,-17.02,72.56,0.3028,0.0304,12.318,0.725,0.638,0.0,0,0.0,-0.0,0,0.0,0.0
1,429,8.58,enter,0.00788,0.00636,-0.00464,0.08929,0.012,-15.28,74.13,0.3032,0.033,12.302,1.013,0.94,0.0,0,0.0,0.17,0,0.0,0.0
2,429,8.58,enter,0.00505,0.00502,0.00057,0.07554,0.012,-16.98,72.65,0.3005,0.0281,12.615,0.757,0.0,0.0,0,0.02,-0.0,0,0.0,0.0
3,429,8.58,enter,0.00792,0.00739,-0.00284,0.08017,0.012,-17.41,72.03,0.3034,0.0291,12.769,0.526,0.082,0.0,0,0.2,0.37,0,0.0,0.0
0,430,8.6,enter,0.00481,0.00401,-0.00265,0.08343,0.012,-16.63,73.03,0.3026,0.0303,12.308,0.621,0.0,0.0,0,0.0,-0.0,0,0.0,0.0
1,430,8.6,enter,0.00817,0.00712,-0.00399,0.09056,0.012,-15.17,74.48,0.3032,0.0329,12.308,1.019,0.0,0.0,0,0.0,-0.0,0,0.0,0.0
2,430,8.6,enter,0.00601,0.00597,0.00063,0.07607,0.012,-16.89,72.85,0.3004,0.0282,12.612,0.623,0.0,0.0,0,0.02,-0.0,0,0.0,0.0
3,430,8.6,enter,0.00624,0.00571,-0.00251,0.0795,0.012,-17.54,71.85,0.3033,0.0291,12.734,0.937,0.286,0.0,0,0.29,-0.0,0,0.0,0.0
0,431,8.62,enter,0.0056,0.00438,-0.00349,0.0822,0.012,-16.89,72.77,0.3025,0.0303,12.3,0.585,0.154,0.0,0,0.0,-0.0,0,0.0,0.0
1,431,8.62,enter,0.00896,0.0073,-0.00519,0.0887,0.012,-15.38,74.21,0.3031,0.0329,12.275,0.971,1.688,0.0,0,0.02,0.58,0,0.0,0.0
2,431,8.62,enter,0.00579,0.00554,0.00168,0.07709,0.012,-16.28,73.26,0.3002,0.0281,12.586,0.804,0.0,0.0,0,0.02,-0.0,0,0.0,0.0
3,431,8.62,enter,0.00661,0.00639,-0.00167,0.0812,0.012,-17.52,72.04,0.3032,0.029,12.749,1.016,0.0,0.0,0,0.34,-0.0,0,0.0,0.0
0,432,8.64,enter,0.0051,0.00432,-0.00272,0.08367,0.012,-16.6,73.19,0.3024,0.0302,12.305,0.651,0.0,0.0,0,0.0,-0.0,0,0.0,0.0
1,432,8.64,enter,0.00965,0.0084,-0.00475,0.08969,0.012,-15.14,74.61,0.303,0.0328,12.279,0.914,0.15,0.0,0,0.05,0.32,0,0.0,0.0
2,432,8.64,enter,0.00574,0.00553,0.00156,0.07709,0.012,-16.19,72.88,0.3,0.0281,12.573,0.64,0.0,0.0,0,0.02,-0.0,0,0.0,0.0
3,432,8.64,enter,0.00846,0.00743,-0.00405,0.07791,0.012,-17.88,71.64,0.3031,0.0291,12.718,0.912,3.316,0.0,0,0.41,0.82,0,0.0,0.0
0,433,8.66,enter,0.0066,0.0056,-0.00349,0.08115,0.012,-17.1,72.54,0.3023,0.0302,12.265,0.746,2.576,0.0,0,0.02,0.44,0,0.0,0.0
1,433,8.66,enter,0.009,0.00755,-0.0049,0.08889,0.012,-15.32,74.24,0.303,0.0328,12.247,1.029,1.137,0.0,0,0.06,0.38,0,0.0,0.0
2,433,8.66,enter,0.00637,0.00626,0.00117,0.0773,0.012,-16.11,73.06,0.2998,0.0281,12.568,0.406,0.0,0.0,0,0.02,-0.0,0,0.0,0.0
3,433,8.66,enter,0.00998,0.00926,-0.00371,0.07907,0.012,-17.24,72.2,0.3031,0.0291,12.724,1.147,0.115,0.0,0,0.5,0.63,0,0.0,0.0
0,434,8.68,enter,0.00674,0.00574,-0.00353,0.08269,0.012,-16.72,73.03,0.3022,0.0302,12.282,1.03,0.0,0.0,0,0.1,-0.0,0,0.0,0.0
1,434,8.68,enter,0.00932,0.00815,-0.00453,0.0898,0.012,-15.26,74.37,0.3029,0.0327,12.251,0.782,0.0,0.0,0,0.07,-0.0,0,0.0,0.0
2,434,8.68,enter,0.00526,0.00508,0.00138,0.07776,0.012,-15.91,73.38,0.2997,0.028,12.543,0.485,0.0,0.0,0,0.01,-0.0,0,0.0,0.0
3,434,8.68,enter,0.00846,0.00792,-0.00297,0.07919,0.012,-17.36,71.69,0.303,0.0291,12.701,1.045,0.224,0.0,0,0.44,0.26,0,0.0,0.0
0,435,8.7,enter,0.00654,0.00546,-0.00359,0.08207,0.012,-16.84,72.67,0.3021,0.0302,12.256,1.047,0.0,0.0,0,0.16,-0.0,0,0.0,0.0
1,435,8.7,enter,0.009,0.00742,-0.00509,0.08866,0.012,-15.28,74.17,0.3028,0.0327,12.217,0.896,1.07,0.0,0,0.08,0.16,0,0.0,0.0
2,435,8.7,enter,0.00594,0.00594,0.00029,0.0763,0.012,-16.26,73.35,0.2995,0.028,12.542,0.584,0.0,0.0,0,0.01,-0.0,0,0.0,0.0
3,435,8.7,enter,0.00743,0.00709,-0.0022,0.08099,0.012,-17.42,71.99,0.3029,0.0291,12.709,1.041,0.0,0.0,0,0.33,-0.0,0,0.0,0.0
0,436,8.72,enter,0.00584,0.00477,-0.00337,0.08321,0.012,-16.53,73.22,0.3021,0.0302,12.262,1.09,0.0,0.0,0,0.2,-0.0,0,0.0,0.0
1,436,8.72,enter,0.00941,0.00826,-0.00452,0.08997,0.012,-15.07,74.52,0.3027,0.0326,12.226,0.93,0.0,0.0,0,0.11,-0.0,0,0.0,0.0
2,436,8.72,enter,0.00563,0.00552,0.00106,0.07655,0.012,-15.88,73.55,0.2994,0.028,12.518,0.817,0.0,0.0,0,-0.0,-0.0,0,0.0,0.0
3,436,8.72,enter,0.00841,0.00709,-0.00451,0.07767,0.012,-17.9,71.76,0.3028,0.0292,12.682,0.993,0.0,0.0,0,0.2,-0.0,0,0.0,0.0
0,437,8.74,enter,0.00584,0.00415,-0.00411,0.08178,0.012,-16.8,72.76,0.302,0.0302,12.236,0.831,0.0,0.0,0,0.22,-0.0,0,0.0,0.0
1,437,8.74,enter,0.00897,0.00759,-0.00477,0.08902,0.012,-15.2,74.33,0.3026,0.0326,12.193,1.011,0.966,0.0,0,0.12,0.01,0,0.0,0.0
2,437,8.74,enter,0.00557,0.00532,0.00163,0.07707,0.012,-15.9,73.48,0.2993,0.0279,12.501,0.581,0.0,0.0,0,0.0,-0.0,0,0.0,0.0
3,437,8.74,enter,0.01032,0.00972,-0.00347,0.07918,0.012,-17.29,72.43,0.3028,0.0291,12.696,1.531,0.104,0.0,0,0.13,0.16,0,0.0,0.0
0,438,8.76,enter,0.00572,0.00461,-0.00339,0.08357,0.012,-16.53,73.32,0.3019,0.0301,12.248,1.257,0.0,0.0,0,0.22,-0.0,0,0.0,0.0
1,438,8.76,enter,0.00915,0.00815,-0.00415,0.09007,0.012,-15.11,74.6,0.3024,0.0326,12.199,0.812,0.0,0.0,0,0.14,-0.0,0,0.0,0.0
2,438,8.76,enter,0.00508,0.00482,0.0016,0.07742,0.012,-15.87,73.48,0.299,0.0279,12.481,0.412,0.0,0.0,0,0.0,-0.0,0,0.0,0.0
3,438,8.76,enter,0.00921,0.00904,-0.0018,0.07998,0.012,-17.36,71.79,0.3028,0.0292,12.67,1.242,0.524,0.0,0,0.04,0.07,0,0.0,0.0
0,439,8.78,enter,0.00761,0.00624,-0.00435,0.08072,0.012,-17.06,72.63,0.3018,0.0302,12.214,1.047,0.0,0.0,0,0.19,-0.0,0,0.0,0.0
1,439,8.78,enter,0.00884,0.00766,-0.0044,0.08893,0.012,-15.26,74.46,0.3023,0.0326,12.166,1.003,0.0,0.0,0,0.14,-0.0,0,0.0,0.0
2,439,8.78,enter,0.00573,0.00572,0.00035,0.07618,0.012,-16.06,73.54,0.2988,0.0279,12.471,0.519,0.0,0.0,0,0.0,-0.0,0,0.0,0.0
3,439,8.78,enter,0.007,0.00678,-0.00174,0.0809,0.012,-17.31,72.03,0.3026,0.0292,12.662,0.924,0.0,0.0,0,0.0,-0.0,0,0.0,0.0
0,440,8.8,enter,0.00854,0.00722,-0.00456,0.08109,0.012,-16.58,73.19,0.3018,0.0301,12.221,1.325,0.0,0.0,0,0.18,-0.0,0,0.0,0.0
1,440,8.8,enter,0.00934,0.00847,-0.00393,0.08978,0.012,-15.21,74.47,0.3022,0.0326,12.177,0.935,0.0,0.0,0,0.12,-0.0,0,0.0,0.0
2,440,8.8,enter,0.00548,0.00542,0.00077,0.07663,0.012,-15.61,73.73,0.2987,0.0279,12.446,0.901,0.0,0.0,0,0.0,-0.0,0,0.0,0.0
3,440,8.8,enter,0.008,0.00724,-0.00341,0.08034,0.012,-17.39,72.2,0.3024,0.0293,12.667,0.3,0.0,0.0,0,0.0,-0.0,0,0.0,0.0
0,441,8.82,enter,0.00807,0.00682,-0.00431,0.08065,0.012,-16.69,72.66,0.3017,0.0301,12.193,1.067,0.05,0.0,0,0.15,-0.0,0,0.0,0.0
1,441,8.82,enter,0.00861,0.00766,-0.00394,0.08941,0.012,-15.11,74.42,0.302,0.0327,12.145,0.967,0.0,0.0,0,0.1,-0.0,0,0.0,0.0
2,441,8.82,enter,0.00508,0.00482,0.0016,0.07758,0.012,-15.49,73.76,0.2985,0.0278,12.425,0.677,0.0,0.0,0,0.0,-0.0,0,0.0,0.0
3,441,8.82,enter,0.00588,0.00541,-0.00231,0.08121,0.012,-16.89,72.75,0.3023,0.0293,12.638,0.648,0.0,0.0,0,0.0,-0.0,0,0.0,0.0
0,442,8.84,enter,0.00692,0.00573,-0.00389,0.082,0.012,-16.73,72.89,0.3016,0.0301,12.197,0.928,0.0,0.0,0,0.11,-0.0,0,0.0,0.0
1,442,8.84,enter,0.00858,0.00788,-0.00338,0.09057,0.012,-14.92,74.69,0.3019,0.0327,12.154,0.865,0.0,0.0,0,0.06,-0.0,0,0.0,0.0
2,442,8.84,enter,0.00493,0.0049,0.00047,0.07644,0.012,-15.76,73.63,0.2983,0.0278,12.409,0.404,0.0,0.0,0,0.0,-0.0,0,0.0,0.0
3,442,8.84,enter,0.00748,0.00697,-0.00273,0.08043,0.012,-17.28,72.19,0.3022,0.0293,12.643,0.623,0.0,0.0,0,0.0,-0.0,0,0.0,0.0
0,443,8.86,enter,0.00629,0.00447,-0.00443,0.08128,0.012,-16.9,72.87,0.3014,0.0302,12.17,0.718,0.0,0.0,0,0.06,-0.0,0,0.0,0.0
1,443,8.86,enter,0.00807,0.00713,-0.00378,0.08977,0.012,-15.0,74.58,0.3017,0.0328,12.125,0.874,0.0,0.0,0,0.02,-0.0,0,0.0,0.0
2,443,8.86,enter,0.00587,0.00576,0.00116,0.07761,0.012,-15.35,74.19,0.2981,0.0278,12.396,0.558,0.0,0.0,0,0.0,-0.0,0,0.0,0.0
3,443,8.86,enter,0.00681,0.00649,-0.00205,0.08061,0.012,-17.02,72.38,0.3021,0.0292,12.618,0.664,0.0,0.0,0,0.0,-0.0,0,0.0,0.0
0,444,8.88,enter,0.00581,0.00407,-0.00415,0.08271,0.012,-16.57,73.3,0.3013,0.0301,12.175,0.753,0.0,0.0,0,0.0,-0.0,0,0.0,0.0
1,444,8.88,enter,0.00834,0.00772,-0.00316,0.09095,0.012,-14.84,74.81,0.3016,0.0328,12.134,0.85,0.0,0.0,0,0.0,-0.0,0,0.0,0.0
2,444,8.88,enter,0.00396,0.0039,0.00065,0.07666,0.012,-15.39,74.13,0.298,0.0278,12.358,0.554,0.0,0.0,0,0.0,-0.0,0,0.0,0.0
3,444,8.88,enter,0.00699,0.00667,-0.00209,0.08109,0.012,-17.0,72.42,0.3019,0.0292,12.62,0.44,0.0,0.0,0,0.0,-0.0,0,0.0,0.0
0,445,8.9,enter,0.00622,0.00446,-0.00434,0.08119,0.012,-16.6,73.08,0.3012,0.0301,12.137,0.93,0.0,0.0,0,0.0,-0.0,0,0.0,0.0
1,445,8.9,enter,0.00863,0.00772,-0.00385,0.08935,0.012,-15.03,74.66,0.3014,0.0329,12.101,0.965,0.0,0.0,0,0.0,-0.0,0,0.0,0.0
2,445,8.9,enter,0.00628,0.0062,0.001,0.07748,0.012,-15.36,74.13,0.2978,0.0277,12.364,0.749,0.0,0.0,0,0.0,-0.0,0,0.0,0.0
3,445,8.9,enter,0.00552,0.00494,-0.00248,0.08069,0.012,-16.81,72.64,0.3017,0.0293,12.598,0.514,0.0,0.0,0,0.0,-0.0,0,0.0,0.0
0,446,8.92,enter,0.00698,0.0055,-0.0043,0.08167,0.012,-16.4,73.12,0.301,0.03,12.147,0.916,0.0,0.0,0,0.0,-0.0,0,0.0,0.0
1,446,8.92,enter,0.00958,0.00888,-0.00358,0.08978,0.012,-14.89,74.73,0.3013,0.0329,12.111,0.916,0.0,0.0,0,0.0,-0.0,0,0.0,0.0
2,446,8.92,enter,0.00424,0.0042,0.0006,0.07669,0.012,-15.19,74.05,0.2977,0.0277,12.313,0.922,0.0,0.0,0,0.0,-0.0,0,0.0,0.0
3,446,8.92,enter,0.00684,0.00656,-0.00192,0.08222,0.012,-16.74,72.77,0.3015,0.0293,12.611,0.76,0.0,0.0,0,0.0,-0.0,0,0.0,0.0
0,447,8.94,enter,0.00566,0.00435,-0.00362,0.08208,0.012,-16.2,73.24,0.3008,0.03,12.122,0.889,0.0,0.0,0,0.0,-0.0,0,0.0,0.0
1,447,8.94,enter,0.008,0.00753,-0.00268,0.09052,0.012,-14.76,74.79,0.3012,0.033,12.082,0.876,0.0,0.0,0,0.0,-0.0,0,0.0,0.0
2,447,8.94,enter,0.00583,0.00575,0.00097,0.07774,0.012,-14.93,74.45,0.2975,0.0276,12.312,0.829,0.0,0.0,0,0.0,-0.0,0,0.0,0.0
3,447,8.94,enter,0.00641,0.00562,-0.00308,0.0796,0.012,-17.0,72.42,0.3014,0.0293,12.569,1.046,0.0,0.0,0,0.0,-0.0,0,0.0,0.0
0,448,8.96,enter,0.00617,0.00384,-0.00483,0.08153,0.012,-16.37,73.3,0.3007,0.03,12.125,0.549,0.0,0.0,0,0.0,-0.0,0,0.0,0.0
1,448,8.96,enter,0.00789,0.00726,-0.00308,0.09082,0.012,-14.77,74.84,0.301,0.0331,12.088,0.638,0.0,0.0,0,0.0,-0.0,0,0.0,0.0
2,448,8.96,enter,0.00444,0.00443,0.00021,0.07684,0.012,-15.05,74.31,0.2973,0.0276,12.272,0.81,0.0,0.0,0,0.0,-0.0,0,0.0,0.0
3,448,8.96,enter,0.00824,0.00777,-0.00276,0.07953,0.012,-16.81,72.76,0.3013,0.0293,12.575,0.975,0.0,0.0,0,0.0,-0.0,0,0.0,0.0
0,449,8.98,arrive,0.00502,0.00272,-0.00422,0.08289,0.012,-16.05,73.74,0.3005,0.0299,12.114,0.73,0.0,0.0,0,0.0,-0.0,0,0.0,0.0
1,449,8.98,arrive,0.00728,0.00657,-0.00315,0.09088,0.012,-14.52,75.17,0.3008,0.0332,12.07,0.35,0.0,0.0,0,0.0,-0.0,0,0.0,0.0
2,449,8.98,arrive,0.00597,0.00594,0.00052,0.07756,0.012,-15.0,74.53,0.2972,0.0275,12.266,0.721,0.0,0.0,0,0.0,-0.0,0,0.0,0.0
3,449,8.98,arrive,0.00812,0.00779,-0.00232,0.07899,0.012,-16.99,72.26,0.3012,0.0293,12.551,0.898,0.0,0.0,0,0.0,-0.0,0,0.0,0.0
0,450,9.0,arrive,0.00684,0.00489,-0.00478,0.08008,0.012,-16.58,73.14,0.3004,0.0299,12.076,0.814,0.0,0.0,0,0.0,-0.0,0,0.0,0.0
1,450,9.0,arrive,0.00692,0.00654,-0.00225,0.09145,0.012,-14.52,75.07,0.3007,0.0332,12.054,0.384,0.0,0.0,0,0.0,-0.0,0,0.0,0.0
2,450,9.0,arrive,0.00427,0.00408,0.00124,0.07758,0.012,-14.97,74.52,0.297,0.0274,12.219,0.792,0.0,0.0,0,0.0,-0.0,0,0.0,0.0
3,450,9.0,arrive,0.00729,0.00718,-0.00126,0.08081,0.012,-16.88,72.67,0.301,0.0293,12.556,0.845,0.0,0.0,0,0.0,-0.0,0,0.0,0.0
0,451,9.02,arrive,0.00881,0.00782,-0.00406,0.08091,0.012,-16.32,73.44,0.3004,0.0298,12.099,1.365,0.0,0.0,0,0.0,-0.0,0,0.0,0.0
1,451,9.02,arrive,0.00689,0.00677,-0.0013,0.09224,0.012,-14.47,75.14,0.3005,0.0333,12.045,0.232,0.0,0.0,0,0.0,-0.0,0,0.0,0.0
2,451,9.02,arrive,0.00593,0.00538,0.00249,0.07915,0.012,-14.81,74.67,0.2969,0.0274,12.214,0.647,0.0,0.0,0,0.0,-0.0,0,0.0,0.0
3,451,9.02,arrive,0.00423,0.00421,-0.00043,0.08222,0.012,-16.7,72.69,0.3008,0.0294,12.528,0.703,0.0,0.0,0,0.0,-0.0,0,0.0,0.0
0,452,9.04,arrive,0.00968,0.00943,-0.00217,0.08115,0.012,-16.49,72.77,0.3003,0.0298,12.072,1.184,0.0,0.0,0,0.0,-0.0,0,0.0,0.0
1,452,9.04,arrive,0.00604,0.00602,-0.0005,0.09285,0.012,-14.36,75.11,0.3003,0.0334,12.026,0.28,0.0,0.0,0,0.0,-0.0,0,0.0,0.0
2,452,9.04,arrive,0.00458,0.00387,0.00245,0.07901,0.012,-14.75,74.66,0.2967,0.0273,12.17,0.749,0.0,0.0,0,0.0,-0.0,0,0.0,0.0
3,452,9.04,arrive,0.0056,0.00558,-0.00054,0.08253,0.012,-16.83,72.87,0.3006,0.0294,12.532,0.776,0.0,0.0,0,0.0,-0.0,0,0.0,0.0
0,453,9.06,arrive,0.00893,0.00878,-0.0016,0.0813,0.012,-16.51,73.08,0.3002,0.0298,12.065,1.339,0.0,0.0,0,0.0,-0.0,0,0.0,0.0
1,453,9.06,arrive,0.00572,0.00572,0.00019,0.09411,0.012,-14.19,75.45,0.3002,0.0334,12.027,0.538,0.0,0.0,0,0.0,-0.0,0,0.0,0.0
2,453,9.06,arrive,0.00693,0.00582,0.00377,0.08128,0.012,-14.44,74.93,0.2966,0.0272,12.165,0.696,0.0,0.0,0,0.0,-0.0,0,0.0,0.0
3,453,9.06,arrive,0.00419,0.00404,0.00114,0.08371,0.012,-16.35,73.16,0.3005,0.0294,12.499,0.867,0.0,0.0,0,0.0,-0.0,0,0.0,0.0
0,454,9.08,arrive,0.00656,0.00601,-0.00263,0.08175,0.012,-16.5,73.04,0.3001,0.0299,12.072,0.76,0.0,0.0,0,0.0,-0.0,0,0.0,0.0
1,454,9.08,arrive,0.00431,0.00429,0.00041,0.09408,0.012,-14.13,75.39,0.3,0.0335,12.0,0.556,0.0,0.0,0,0.0,-0.0,0,0.0,0.0
2,454,9.08,arrive,0.00466,0.00359,0.00297,0.07987,0.012,-14.76,74.69,0.2964,0.0272,12.114,0.943,0.0,0.0,0,0.0,-0.0,0,0.0,0.0
3,454,9.08,arrive,0.00503,0.00469,0.00182,0.08475,0.012,-16.27,73.16,0.3004,0.0294,12.5,0.508,0.0,0.0,0,0.0,-0.0,0,0.0,0.0
0,455,9.1,arrive,0.00204,0.00197,-0.00055,0.08482,0.012,-15.98,73.88,0.3,0.0299,12.041,1.113,0.0,0.0,0,0.0,-0.0,0,0.0,0.0
1,455,9.1,arrive,0.00528,0.00508,0.00146,0.09592,0.012,-13.94,75.75,0.2999,0.0336,12.01,0.766,0.0,0.0,0,0.0,-0.0,0,0.0,0.0
2,455,9.1,arrive,0.00628,0.00476,0.0041,0.08129,0.012,-14.53,75.04,0.2963,0.0271,12.108,0.885,0.0,0.0,0,0.0,-0.0,0,0.0,0.0
3,455,9.1,arrive,0.00411,0.00359,0.00201,0.08513,0.012,-16.16,73.15,0.3002,0.0294,12.479,0.473,0.0,0.0,0,0.0,-0.0,0,0.0,0.0
0,456,9.12,arrive,0.00343,0.00315,-0.00137,0.08316,0.012,-16.64,73.15,0.2999,0.0299,12.021,1.089,0.0,0.0,0,0.0,-0.0,0,0.0,0.0
1,456,9.12,arrive,0.00414,0.00406,0.00079,0.09431,0.012,-14.12,75.42,0.2998,0.0337,11.968,1.045,0.0,0.0,0,0.0,-0.0,0,0.0,0.0
2,456,9.12,arrive,0.00534,0.00316,0.00431,0.08113,0.012,-14.66,74.74,0.2962,0.027,12.061,0.944,0.0,0.0,0,0.0,-0.0,0,0.0,0.0
3,456,9.12,arrive,0.00438,0.00397,0.00185,0.08548,0.012,-16.17,73.33,0.3001,0.0294,12.476,0.468,0.0,0.0,0,0.0,-0.0,0,0.0,0.0
0,457,9.14,arrive,0.00471,0.0047,-0.00022,0.08464,0.012,-16.36,73.49,0.2998,0.0298,12.022,1.431,0.0,0.0,0,0.0,-0.0,0,0.0,0.0
1,457,9.14,arrive,0.00543,0.0052,0.00157,0.09508,0.012,-13.89,75.77,0.2997,0.0337,11.974,1.02,0.0,0.0,0,0.0,-0.0,0,0.0,0.0
2,457,9.14,arrive,0.00709,0.00466,0.00534,0.08304,0.012,-14.35,75.11,0.296,0.0269,12.049,0.646,0.0,0.0,0,0.0,-0.0,0,0.0,0.0
3,457,9.14,arrive,0.00444,0.00322,0.00305,0.08704,0.012,-15.84,73.66,0.3,0.0293,12.457,0.484,0.0,0.0,0,0.0,-0.0,0,0.0,0.0
0,458,9.16,arrive,0.00473,0.00412,0.00231,0.08574,0.012,-16.04,73.4,0.2998,0.0298,11.977,1.235,0.0,0.0,0,0.0,-0.0,0,0.0,0.0
1,458,9.16,arrive,0.00534,0.00451,0.00284,0.09597,0.012,-14.01,75.4,0.2996,0.0338,11.945,0.937,0.0,0.0,0,0.0,-0.0,0,0.0,0.0
2,458,9.16,arrive,0.00561,0.00358,0.00431,0.08196,0.012,-14.51,74.95,0.2959,0.0269,12.007,0.681,0.0,0.0,0,0.0,-0.0,0,0.0,0.0
3,458,9.16,arrive,0.00361,0.00281,0.00227,0.08558,0.012,-16.19,73.38,0.2999,0.0294,12.44,0.53,0.0,0.0,0,0.0,-0.0,0,0.0,0.0
0,459,9.18,arrive,0.00371,0.00321,0.00186,0.08636,0.012,-15.91,73.59,0.2996,0.0298,11.997,0.872,0.0,0.0,0,0.0,-0.0,0,0.0,0.0
1,459,9.18,arrive,0.00467,0.00385,0.00264,0.0967,0.012,-13.96,75.76,0.2995,0.0338,11.951,0.795,0.0,0.0,0,0.0,-0.0,0,0.0,0.0
2,459,9.18,arrive,0.00718,0.00506,0.00509,0.08341,0.012,-14.19,75.24,0.2958,0.0267,11.999,0.698,0.0,0.0,0,0.0,-0.0,0,0.0,0.0
3,459,9.18,arrive,0.00529,0.00448,0.00282,0.08628,0.012,-15.86,73.69,0.2999,0.0293,12.439,0.901,0.0,0.0,0,0.0,-0.0,0,0.0,0.0
0,460,9.2,arrive,0.00119,0.00115,0.00031,0.08657,0.012,-15.54,73.98,0.2995,0.0298,11.985,0.66,0.0,0.0,0,0.0,-0.0,0,0.0,0.0
1,460,9.2,arrive,0.00355,0.00243,0.00258,0.09786,0.012,-13.53,76.1,0.2994,0.0339,11.934,0.483,0.0,0.0,0,0.0,-0.0,0,0.0,0.0
2,460,9.2,arrive,0.0069,0.00415,0.00551,0.08376,0.012,-14.17,75.23,0.2957,0.0266,11.946,0.921,0.0,0.0,0,0.0,-0.0,0,0.0,0.0
3,460,9.2,arrive,0.00396,0.00227,0.00324,0.08612,0.012,-15.9,73.35,0.2998,0.0293,12.402,0.758,0.0,0.0,0,0.0,-0.0,0,0.0,0.0
0,461,9.22,arrive,0.00457,0.00441,0.0012,0.08926,0.012,-15.0,74.78,0.2994,0.0297,11.969,0.847,0.0,0.0,0,0.0,-0.0,0,0.0,0.0
1,461,9.22,arrive,0.00336,0.00259,0.00213,0.09755,0.012,-13.58,76.1,0.2993,0.034,11.92,0.266,0.0,0.0,0,0.0,-0.0,0,0.0,0.0
2,461,9.22,arrive,0.00654,0.00431,0.00492,0.08343,0.012,-14.45,75.12,0.2956,0.0265,11.938,0.699,0.0,0.0,0,0.0,-0.0,0,0.0,0.0
3,461,9.22,arrive,0.0054,0.00402,0.0036,0.08803,0.012,-15.86,73.7,0.2997,0.0293,12.419,0.867,0.0,0.0,0,0.0,-0.0,0,0.0,0.0
0,462,9.24,arrive,0.00122,0.00122,-1e-05,0.08639,0.012,-15.72,74.02,0.2994,0.0297,11.942,0.928,0.0,0.0,0,0.0,-0.0,0,0.0,0.0
1,462,9.24,arrive,0.00382,0.00239,0.00298,0.09835,0.012,-13.34,76.25,0.2993,0.034,11.901,0.41,0.0,0.0,0,0.0,-0.0,0,0.0,0.0
2,462,9.24,arrive,0.00746,0.0049,0.00563,0.08466,0.012,-14.05,75.46,0.2955,0.0264,11.899,0.467,0.0,0.0,0,0.0,-0.0,0,0.0,0.0
3,462,9.24,arrive,0.00285,0.00189,0.00214,0.08617,0.012,-16.18,73.39,0.2996,0.0294,12.379,1.047,0.0,0.0,0,0.0,-0.0,0,0.0,0.0
0,463,9.26,arrive,0.0032,0.00319,0.0002,0.08611,0.012,-15.62,74.14,0.2994,0.0295,11.948,1.487,0.0,0.0,0,0.0,-0.0,0,0.0,0.0
1,463,9.26,arrive,0.00301,0.00193,0.00232,0.09738,0.012,-13.55,75.96,0.2992,0.034,11.885,0.336,0.0,0.0,0,0.0,-0.0,0,0.0,0.0
2,463,9.26,arrive,0.00637,0.00415,0.00483,0.08379,0.012,-14.23,75.15,0.2954,0.0263,11.866,0.359,0.0,0.0,0,0.0,-0.0,0,0.0,0.0
3,463,9.26,arrive,0.00458,0.00322,0.00326,0.08781,0.012,-15.67,74.05,0.2996,0.0293,12.377,1.001,0.0,0.0,0,0.0,-0.0,0,0.0,0.0
0,464,9.28,arrive,0.00421,0.00375,0.0019,0.08598,0.012,-15.52,73.91,0.2994,0.0295,11.911,1.001,0.0,0.0,0,0.0,-0.0,0,0.0,0.0
1,464,9.28,arrive,0.00415,0.00329,0.00253,0.0983,0.012,-13.24,76.38,0.2991,0.034,11.886,0.489,0.0,0.0,0,0.0,-0.0,0,0.0,0.0
2,464,9.28,arrive,0.00767,0.0052,0.00564,0.0852,0.012,-13.9,75.58,0.2953,0.0261,11.855,0.526,0.0,0.0,0,0.0,-0.0,0,0.0,0.0
3,464,9.28,arrive,0.00433,0.00162,0.00402,0.08802,0.012,-15.83,73.5,0.2996,0.0293,12.345,1.184,0.0,0.0,0,0.0,-0.0,0,0.0,0.0
0,465,9.3,arrive,0.0044,0.00423,0.00121,0.08559,0.012,-15.81,73.65,0.2994,0.0295,11.925,0.643,0.0,0.0,0,0.0,-0.0,0,0.0,0.0
1,465,9.3,arrive,0.00223,0.00096,0.00201,0.0975,0.012,-13.45,76.06,0.2991,0.034,11.85,0.776,0.0,0.0,0,0.0,-0.0,0,0.0,0.0
2,465,9.3,arrive,0.00586,0.00351,0.00469,0.08368,0.012,-14.26,75.03,0.2953,0.026,11.8,0.761,0.0,0.0,0,0.0,-0.0,0,0.0,0.0
3,465,9.3,arrive,0.00575,0.00384,0.00429,0.08962,0.012,-15.59,74.01,0.2995,0.0292,12.35,0.845,0.0,0.0,0,0.0,-0.0,0,0.0,0.0
0,466,9.32,arrive,0.00165,0.00163,-0.0002,0.08557,0.012,-15.62,74.03,0.2993,0.0296,11.915,0.622,0.0,0.0,0,0.0,-0.0,0,0.0,0.0
1,466,9.32,arrive,0.00499,0.00393,0.00308,0.09987,0.012,-13.11,76.59,0.299,0.034,11.864,1.022,0.0,0.0,0,0.0,-0.0,0,0.0,0.0
2,466,9.32,arrive,0.00748,0.00504,0.00553,0.08542,0.012,-13.95,75.68,0.2952,0.0258,11.801,0.948,0.0,0.0,0,0.0,-0.0,0,0.0,0.0
3,466,9.32,arrive,0.00298,0.00227,0.00193,0.08704,0.012,-15.84,73.57,0.2994,0.0293,12.317,0.872,0.0,0.0,0,0.0,-0.0,0,0.0,0.0
0,467,9.34,arrive,0.00301,0.00297,0.0005,0.08796,0.012,-15.25,74.48,0.2992,0.0295,11.896,1.046,0.0,0.0,0,0.0,-0.0,0,0.0,0.0
1,467,9.34,arrive,0.0023,0.00195,0.00122,0.09663,0.012,-13.79,75.83,0.2989,0.0341,11.826,1.046,0.0,0.0,0,0.0,-0.0,0,0.0,0.0
2,467,9.34,arrive,0.00597,0.00386,0.00455,0.08419,0.012,-14.25,75.17,0.2951,0.0258,11.753,1.009,0.0,0.0,0,0.0,-0.0,0,0.0,0.0
3,467,9.34,arrive,0.00483,0.00411,0.00254,0.08821,0.012,-15.41,74.24,0.2994,0.0291,12.325,1.166,0.0,0.0,0,0.0,-0.0,0,0.0,0.0
0,468,9.36,arrive,0.00329,0.00316,0.0009,0.08831,0.012,-15.59,74.2,0.2992,0.0295,11.872,0.706,0.0,0.0,0,0.0,-0.0,0,0.0,0.0
1,468,9.36,arrive,0.00447,0.00431,0.00118,0.09609,0.012,-13.56,76.2,0.299,0.034,11.828,1.632,0.0,0.0,0,0.0,-0.0,0,0.0,0.0
2,468,9.36,arrive,0.00719,0.00509,0.00508,0.08548,0.012,-13.94,75.7,0.2951,0.0256,11.74,0.812,0.0,0.0,0,0.0,-0.0,0,0.0,0.0
3,468,9.36,arrive,0.00439,0.0023,0.00374,0.08858,0.012,-15.71,73.59,0.2994,0.0291,12.293,1.228,0.0,0.0,0,0.0,-0.0,0,0.0,0.0
0,469,9.38,arrive,0.00158,0.00155,0.00033,0.08717,0.012,-15.62,74.15,0.2992,0.0295,11.862,0.68,0.0,0.0,0,0.0,-0.0,0,0.0,0.0
1,469,9.38,arrive,0.00531,0.00496,0.0019,0.09565,0.012,-13.82,75.43,0.299,0.034,11.8,1.18,0.0,0.0,0,0.0,-0.0,0,0.0,0.0
2,469,9.38,arrive,0.00595,0.00412,0.0043,0.08446,0.012,-14.21,75.1,0.2951,0.0255,11.69,1.003,0.0,0.0,0,0.0,-0.0,0,0.0,0.0
3,469,9.38,arrive,0.00431,0.00282,0.00325,0.08874,0.012,-15.74,73.82,0.2993,0.029,12.288,1.051,0.0,0.0,0,0.0,-0.0,0,0.0,0.0
0,470,9.4,arrive,0.00176,0.00176,2e-05,0.087,0.012,-15.05,74.64,0.2991,0.0294,11.855,1.008,0.0,0.0,0,0.0,-0.0,0,0.0,0.0
1,470,9.4,arrive,0.00468,0.00442,0.00154,0.09589,0.012,-13.79,75.78,0.299,0.034,11.807,0.992,0.0,0.0,0,0.0,-0.0,0,0.0,0.0
2,470,9.4,arrive,0.00761,0.00539,0.00538,0.08632,0.012,-13.92,75.71,0.295,0.0253,11.681,0.99,0.0,0.0,0,0.0,-0.0,0,0.0,0.0
3,470,9.4,arrive,0.00542,0.00475,0.00261,0.08946,0.012,-15.47,74.09,0.2993,0.029,12.282,0.338,0.0,0.0,0,0.0,-0.0,0,0.0,0.0
0,471,9.42,arrive,0.00143,0.00134,-0.00048,0.08643,0.012,-14.99,74.09,0.2991,0.0294,11.84,1.21,0.0,0.0,0,0.0,-0.0,0,0.0,0.0
1,471,9.42,arrive,0.00215,0.00201,0.00077,0.09636,0.012,-13.69,75.87,0.2989,0.0341,11.794,0.591,0.0,0.0,0,0.0,-0.0,0,0.0,0.0
2,471,9.42,arrive,0.00424,0.0025,0.00342,0.08321,0.012,-14.49,75.0,0.295,0.0252,11.629,0.979,0.0,0.0,0,0.0,-0.0,0,0.0,0.0
3,471,9.42,arrive,0.00453,0.00391,0.00228,0.08885,0.012,-15.45,74.13,0.2992,0.0289,12.246,0.361,0.0,0.0,0,0.0,-0.0,0,0.0,0.0
0,472,9.44,arrive,0.00275,0.00275,0.00017,0.08783,0.012,-14.94,74.55,0.299,0.0294,11.839,1.128,0.0,0.0,0,0.0,-0.0,0,0.0,0.0
1,472,9.44,arrive,0.00443,0.00377,0.00233,0.09958,0.012,-13.27,76.54,0.2989,0.0341,11.781,1.047,0.0,0.0,0,0.0,-0.0,0,0.0,0.0
2,472,9.44,arrive,0.00423,0.00208,0.00368,0.08315,0.012,-14.18,75.4,0.295,0.025,11.621,1.341,0.0,0.0,0,0.0,-0.0,0,0.0,0.0
3,472,9.44,arrive,0.00595,0.00499,0.00325,0.09039,0.012,-15.35,74.21,0.2992,0.0288,12.254,0.639,0.0,0.0,0,0.0,-0.0,0,0.0,0.0
0,473,9.46,arrive,0.00291,0.00291,-0.00018,0.08724,0.012,-15.42,74.26,0.299,0.0294,11.812,1.007,0.0,0.0,0,0.0,-0.0,0,0.0,0.0
1,473,9.46,arrive,0.00149,0.0014,0.00051,0.09685,0.012,-13.84,75.92,0.2989,0.0342,11.748,1.046,0.0,0.0,0,0.0,-0.0,0,0.0,0.0
2,473,9.46,arrive,0.004,0.00063,0.00395,0.08272,0.012,-14.41,74.79,0.295,0.0249,11.58,0.917,0.0,0.0,0,0.0,-0.0,0,0.0,0.0
3,473,9.46,arrive,0.00201,0.00112,0.00167,0.08705,0.012,-15.8,73.6,0.2991,0.0288,12.208,1.046,0.0,0.0,0,0.0,-0.0,0,0.0,0.0
0,474,9.48,arrive,0.0058,0.00574,0.00081,0.09023,0.012,-14.93,74.96,0.2989,0.0293,11.821,0.834,0.0,0.0,0,0.0,-0.0,0,0.0,0.0
1,474,9.48,arrive,0.00359,0.00346,0.00097,0.09724,0.012,-13.48,76.28,0.2989,0.0341,11.759,1.665,0.0,0.0,0,0.0,-0.0,0,0.0,0.0
2,474,9.48,arrive,0.00377,0.00107,0.00362,0.08293,0.012,-14.61,74.92,0.295,0.0248,11.564,0.814,0.0,0.0,0,0.0,-0.0,0,0.0,0.0
3,474,9.48,arrive,0.00228,0.00153,0.00168,0.0867,0.012,-15.48,74.08,0.2992,0.0287,12.21,1.163,0.0,0.0,0,0.0,-0.0,0,0.0,0.0
0,475,9.5,arrive,0.00276,0.00267,-0.00067,0.08684,0.012,-15.4,74.33,0.2989,0.0293,11.775,1.08,0.0,0.0,0,0.0,-0.0,0,0.0,0.0
1,475,9.5,arrive,0.0039,0.00275,0.00277,0.09785,0.012,-13.52,75.66,0.2989,0.034,11.724,1.253,0.0,0.0,0,0.0,-0.0,0,0.0,0.0
2,475,9.5,arrive,0.0054,0.00389,0.00374,0.08474,0.012,-14.45,75.17,0.2949,0.0248,11.54,0.753,0.0,0.0,0,0.0,-0.0,0,0.0,0.0
3,475,9.5,arrive,0.00261,0.00206,0.00161,0.08586,0.012,-15.84,73.4,0.2992,0.0287,12.193,0.742,0.0,0.0,0,0.0,-0.0,0,0.0,0.0
0,476,9.52,arrive,0.00163,0.00155,-0.00051,0.08672,0.012,-15.08,74.61,0.2989,0.0292,11.776,1.443,0.0,0.0,0,0.0,-0.0,0,0.0,0.0
1,476,9.52,arrive,0.00377,0.00228,0.00301,0.09842,0.012,-13.52,76.04,0.2989,0.034,11.729,1.125,0.0,0.0,0,0.0,-0.0,0,0.0,0.0
2,476,9.52,arrive,0.00373,0.003,0.00222,0.08299,0.012,-14.75,74.99,0.2949,0.0247,11.494,0.667,0.0,0.0,0,0.0,-0.0,0,0.0,0.0
3,476,9.52,arrive,0.00256,0.00211,0.00145,0.08638,0.012,-15.93,73.66,0.2992,0.0287,12.192,0.862,0.0,0.0,0,0.0,-0.0,0,0.0,0.0
0,477,9.54,arrive,0.00084,0.00059,0.0006,0.08666,0.012,-15.15,73.97,0.2989,0.0291,11.751,1.193,0.0,0.0,0,0.0,-0.0,0,0.0,0.0
1,477,9.54,arrive,0.00365,0.00333,0.00149,0.09867,0.012,-13.4,76.22,0.2988,0.0341,11.737,0.701,0.0,0.0,0,0.0,-0.0,0,0.0,0.0
2,477,9.54,arrive,0.0051,0.00359,0.00362,0.08453,0.012,-14.22,75.46,0.2949,0.0245,11.495,1.2,0.0,0.0,0,0.0,-0.0,0,0.0,0.0
3,477,9.54,arrive,0.00236,0.00154,0.00179,0.08754,0.012,-15.88,73.66,0.2992,0.0287,12.163,0.701,0.0,0.0,0,0.0,-0.0,0,0.0,0.0
0,478,9.56,arrive,0.00119,0.00118,0.00016,0.08709,0.012,-15.05,74.53,0.2988,0.0291,11.757,1.387,0.0,0.0,0,0.0,-0.0,0,0.0,0.0
1,478,9.56,arrive,0.00529,0.00514,0.00127,0.09978,0.012,-12.9,76.89,0.2987,0.0341,11.709,0.637,0.0,0.0,0,0.0,-0.0,0,0.0,0.0
2,478,9.56,arrive,0.00398,0.00101,0.00385,0.08367,0.012,-14.45,74.76,0.2949,0.0244,11.442,1.049,0.0,0.0,0,0.0,-0.0,0,0.0,0.0
3,478,9.56,arrive,0.00401,0.0036,0.00176,0.08876,0.012,-15.97,73.83,0.2992,0.0287,12.164,0.868,0.0,0.0,0,0.0,-0.0,0,0.0,0.0
0,479,9.58,arrive,0.00366,0.0035,-0.00107,0.08741,0.012,-15.15,74.52,0.2987,0.0291,11.748,0.861,0.0,0.0,0,0.0,-0.0,0,0.0,0.0
1,479,9.58,arrive,0.00427,0.00419,0.00081,0.09899,0.012,-13.23,76.45,0.2988,0.034,11.699,0.639,0.0,0.0,0,0.0,-0.0,0,0.0,0.0
2,479,9.58,arrive,0.00402,0.00223,0.00335,0.08392,0.012,-14.29,75.2,0.2949,0.0243,11.439,0.862,0.0,0.0,0,0.0,-0.0,0,0.0,0.0
3,479,9.58,arrive,0.0011,0.00104,0.00033,0.08616,0.012,-16.05,73.58,0.2992,0.0288,12.124,1.047,0.0,0.0,0,0.0,-0.0,0,0.0,0.0
0,480,9.6,arrive,0.00649,0.00645,0.00067,0.09043,0.012,-14.84,74.98,0.2987,0.029,11.723,1.025,0.0,0.0,0,0.0,-0.0,0,0.0,0.0
1,480,9.6,arrive,0.00195,0.0016,0.00111,0.098,0.012,-13.25,76.39,0.2988,0.0339,11.666,0.658,0.0,0.0,0,0.0,-0.0,0,0.0,0.0
2,480,9.6,arrive,0.00456,0.00395,0.00228,0.08411,0.012,-14.29,75.16,0.2948,0.0242,11.406,0.628,0.0,0.0,0,0.0,-0.0,0,0.0,0.0
3,480,9.6,arrive,0.00288,0.00265,0.00114,0.08692,0.012,-15.47,74.03,0.2992,0.0286,12.136,1.305,0.0,0.0,0,0.0,-0.0,0,0.0,0.0
0,481,9.62,arrive,0.00351,0.00344,-0.00074,0.08735,0.012,-15.55,74.36,0.2987,0.029,11.695,1.047,0.0,0.0,0,0.0,-0.0,0,0.0,0.0
1,481,9.62,arrive,0.00246,0.0023,0.00087,0.09791,0.012,-13.17,76.44,0.2987,0.0339,11.671,0.506,0.0,0.0,0,0.0,-0.0,0,0.0,0.0
2,481,9.62,arrive,0.00688,0.00609,0.00321,0.08626,0.012,-14.15,75.57,0.2948,0.0241,11.384,0.741,0.0,0.0,0,0.0,-0.0,0,0.0,0.0
3,481,9.62,arrive,0.00314,0.00263,0.00171,0.08627,0.012,-15.8,73.15,0.2992,0.0286,12.113,1.064,0.0,0.0,0,0.0,-0.0,0,0.0,0.0
0,482,9.64,arrive,0.00288,0.00272,-0.00096,0.08714,0.012,-15.31,74.45,0.2987,0.0289,11.707,1.674,0.0,0.0,0,0.0,-0.0,0,0.0,0.0
1,482,9.64,arrive,0.00229,0.00221,0.00061,0.09791,0.012,-13.0,76.34,0.2986,0.0339,11.643,0.708,0.0,0.0,0,0.0,-0.0,0,0.0,0.0
2,482,9.64,arrive,0.00272,0.00248,0.00114,0.08244,0.012,-14.88,74.77,0.2949,0.024,11.334,1.048,0.0,0.0,0,0.0,-0.0,0,0.0,0.0
3,482,9.64,arrive,0.00257,0.00246,0.00075,0.08581,0.012,-16.05,73.45,0.2992,0.0287,12.119,1.294,0.0,0.0,0,0.0,-0.0,0,0.0,0.0
0,483,9.66,arrive,0.00079,0.00052,0.0006,0.08727,0.012,-14.92,74.22,0.2987,0.0288,11.669,1.048,0.0,0.0,0,0.0,-0.0,0,0.0,0.0
1,483,9.66,arrive,0.00498,0.00488,0.00099,0.09975,0.012,-12.98,76.75,0.2986,0.0339,11.656,0.859,0.0,0.0,0,0.0,-0.0,0,0.0,0.0
2,483,9.66,arrive,0.00298,0.00205,0.00217,0.08255,0.012,-14.58,75.16,0.2949,0.0238,11.335,1.729,0.0,0.0,0,0.0,-0.0,0,0.0,0.0
3,483,9.66,arrive,0.00231,0.00227,0.00043,0.08693,0.012,-15.9,73.73,0.2992,0.0287,12.112,0.569,0.0,0.0,0,0.0,-0.0,0,0.0,0.0
0,484,9.68,arrive,0.0012,0.00116,-0.00031,0.08688,0.012,-15.1,74.19,0.2986,0.0288,11.682,0.662,0.0,0.0,0,0.0,-0.0,0,0.0,0.0
1,484,9.68,arrive,0.00227,0.00204,-0.00101,0.09648,0.012,-13.54,76.21,0.2985,0.034,11.617,1.046,0.0,0.0,0,0.0,-0.0,0,0.0,0.0
2,484,9.68,arrive,0.0041,0.00253,0.00323,0.08227,0.012,-14.7,74.51,0.295,0.0237,11.294,1.243,0.0,0.0,0,0.0,-0.0,0,0.0,0.0
3,484,9.68,arrive,0.00328,0.00299,0.00136,0.08823,0.012,-15.9,73.88,0.2992,0.0287,12.08,0.594,0.0,0.0,0,0.0,-0.0,0,0.0,0.0
0,485,9.7,arrive,0.00308,0.00294,-0.00094,0.08753,0.012,-15.11,74.41,0.2985,0.0288,11.674,0.488,0.0,0.0,0,0.0,-0.0,0,0.0,0.0
1,485,9.7,arrive,0.0011,0.0011,6e-05,0.0967,0.012,-13.18,76.7,0.2986,0.0339,11.615,1.424,0.0,0.0,0,0.0,-0.0,0,0.0,0.0
2,485,9.7,arrive,0.00409,0.00252,0.00322,0.08215,0.012,-14.81,74.68,0.295,0.0237,11.277,0.99,0.0,0.0,0,0.0,-0.0,0,0.0,0.0
3,485,9.7,arrive,0.00218,0.00204,0.00076,0.08716,0.012,-16.21,73.45,0.2992,0.0287,12.08,0.804,0.0,0.0,0,0.0,-0.0,0,0.0,0.0
0,486,9.72,arrive,0.00415,0.00413,-0.00037,0.08818,0.012,-15.24,74.58,0.2985,0.0288,11.641,0.781,0.0,0.0,0,0.0,-0.0,0,0.0,0.0
1,486,9.72,arrive,0.00331,0.00276,0.00182,0.09681,0.012,-13.66,75.78,0.2987,0.0338,11.586,1.545,0.0,0.0,0,0.0,-0.0,0,0.0,0.0
2,486,9.72,arrive,0.00256,0.00144,0.00212,0.08235,0.012,-14.99,74.52,0.295,0.0237,11.271,0.74,0.0,0.0,0,0.0,-0.0,0,0.0,0.0
3,486,9.72,arrive,0.00165,0.00125,0.00108,0.08692,0.012,-15.69,73.81,0.2992,0.0287,12.057,1.256,0.0,0.0,0,0.0,-0.0,0,0.0,0.0
0,487,9.74,arrive,0.00327,0.00327,-0.0002,0.08833,0.012,-15.36,74.57,0.2985,0.0287,11.64,0.435,0.0,0.0,0,0.0,-0.0,0,0.0,0.0
1,487,9.74,arrive,0.00321,0.00234,0.0022,0.09767,0.012,-13.71,76.01,0.2986,0.0339,11.594,1.317,0.0,0.0,0,0.0,-0.0,0,0.0,0.0
2,487,9.74,arrive,0.0044,0.0038,0.00223,0.08447,0.012,-14.54,75.24,0.2949,0.0236,11.228,0.821,0.0,0.0,0,0.0,-0.0,0,0.0,0.0
3,487,9.74,arrive,0.00226,0.00218,0.00061,0.08692,0.012,-15.57,73.64,0.2992,0.0287,12.063,0.686,0.0,0.0,0,0.0,-0.0,0,0.0,0.0
0,488,9.76,arrive,0.00093,0.00088,-0.00031,0.08655,0.012,-15.36,74.37,0.2985,0.0287,11.606,0.789,0.0,0.0,0,0.0,-0.0,0,0.0,0.0
1,488,9.76,arrive,0.00132,0.00081,0.00104,0.09781,0.012,-13.45,76.15,0.2985,0.034,11.582,0.697,0.0,0.0,0,0.0,-0.0,0,0.0,0.0
2,488,9.76,arrive,0.00282,0.00276,0.00058,0.08268,0.012,-15.07,74.65,0.2949,0.0236,11.208,0.764,0.0,0.0,0,0.0,-0.0,0,0.0,0.0
3,488,9.76,arrive,0.00177,0.00156,0.00085,0.08726,0.012,-15.58,73.71,0.2992,0.0287,12.041,0.539,0.0,0.0,0,0.0,-0.0,0,0.0,0.0
0,489,9.78,arrive,0.00202,0.00188,-0.00074,0.08669,0.012,-15.03,74.39,0.2984,0.0287,11.62,0.788,0.0,0.0,0,0.0,-0.0,0,0.0,0.0
1,489,9.78,arrive,0.00482,0.00469,0.00107,0.09992,0.012,-12.89,76.96,0.2985,0.0339,11.583,1.003,0.0,0.0,0,0.0,-0.0,0,0.0,0.0
2,489,9.78,arrive,0.00255,0.00163,0.00196,0.08321,0.012,-14.75,74.99,0.295,0.0234,11.183,1.523,0.0,0.0,0,0.0,-0.0,0,0.0,0.0
3,489,9.78,arrive,0.00341,0.00327,0.00097,0.08839,0.012,-15.95,73.78,0.2991,0.0287,12.05,0.939,0.0,0.0,0,0.0,-0.0,0,0.0,0.0
0,490,9.8,arrive,0.00092,0.00022,-0.00089,0.08587,0.012,-14.98,74.06,0.2984,0.0287,11.591,0.985,0.0,0.0,0,0.0,-0.0,0,0.0,0.0
1,490,9.8,arrive,0.00257,0.00245,-0.0008,0.09681,0.012,-13.43,76.24,0.2985,0.0339,11.541,0.943,0.0,0.0,0,0.0,-0.0,0,0.0,0.0
2,490,9.8,arrive,0.00358,0.00047,0.00355,0.08384,0.012,-14.66,74.66,0.295,0.0233,11.146,1.026,0.0,0.0,0,0.0,-0.0,0,0.0,0.0
3,490,9.8,arrive,0.00111,0.00109,-0.00023,0.08597,0.012,-16.18,73.6,0.2991,0.0288,12.012,0.902,0.0,0.0,0,0.0,-0.0,0,0.0,0.0
0,491,9.82,arrive,0.00183,0.00163,-0.00082,0.08694,0.012,-15.1,74.53,0.2984,0.0287,11.603,1.253,0.0,0.0,0,0.0,-0.0,0,0.0,0.0
1,491,9.82,arrive,0.0014,0.00131,0.0005,0.0972,0.012,-13.3,76.44,0.2986,0.0338,11.544,1.125,0.0,0.0,0,0.0,-0.0,0,0.0,0.0
2,491,9.82,arrive,0.00295,0.00158,0.0025,0.08237,0.012,-14.98,74.49,0.295,0.0233,11.143,0.63,0.0,0.0,0,0.0,-0.0,0,0.0,0.0
3,491,9.82,arrive,0.00193,0.00173,0.00085,0.0869,0.012,-15.66,74.12,0.2992,0.0287,12.023,1.201,0.0,0.0,0,0.0,-0.0,0,0.0,0.0
0,492,9.84,arrive,0.00271,0.0027,-0.00024,0.08749,0.012,-15.39,74.32,0.2983,0.0287,11.571,0.989,0.0,0.0,0,0.0,-0.0,0,0.0,0.0
1,492,9.84,arrive,0.00425,0.00299,0.00302,0.09802,0.012,-13.6,75.97,0.2986,0.0337,11.511,1.047,0.0,0.0,0,0.0,-0.0,0,0.0,0.0
2,492,9.84,arrive,0.00152,0.00144,0.00049,0.08143,0.012,-14.72,74.85,0.295,0.0233,11.135,0.754,0.0,0.0,0,0.0,-0.0,0,0.0,0.0
3,492,9.84,arrive,0.00244,0.00179,0.00166,0.08661,0.012,-15.96,73.19,0.2992,0.0287,11.996,1.502,0.0,0.0,0,0.0,-0.0,0,0.0,0.0
0,493,9.86,arrive,0.00364,0.00361,0.00047,0.08904,0.012,-15.23,74.73,0.2983,0.0287,11.568,0.887,0.0,0.0,0,0.0,-0.0,0,0.0,0.0
1,493,9.86,arrive,0.00551,0.00474,0.00281,0.09731,0.012,-14.03,75.79,0.2986,0.0338,11.523,0.814,0.0,0.0,0,0.0,-0.0,0,0.0,0.0
2,493,9.86,arrive,0.00175,0.00174,0.0001,0.08198,0.012,-14.44,75.03,0.295,0.0232,11.101,0.481,0.0,0.0,0,0.0,-0.0,0,0.0,0.0
3,493,9.86,arrive,0.00178,0.00134,0.00117,0.08712,0.012,-15.9,73.54,0.2992,0.0288,12.001,1.104,0.0,0.0,0,0.0,-0.0,0,0.0,0.0
0,494,9.88,arrive,0.00143,0.00101,-0.00101,0.08568,0.012,-15.65,74.15,0.2984,0.0287,11.535,1.186,0.0,0.0,0,0.0,-0.0,0,0.0,0.0
1,494,9.88,arrive,0.00362,0.00335,0.00137,0.09702,0.012,-13.64,76.08,0.2986,0.0339,11.531,0.812,0.0,0.0,0,0.0,-0.0,0,0.0,0.0
2,494,9.88,arrive,0.00277,0.00232,0.00152,0.08352,0.012,-14.83,74.69,0.2951,0.0231,11.078,1.05,0.0,0.0,0,0.0,-0.0,0,0.0,0.0
3,494,9.88,arrive,0.00343,0.00334,0.0008,0.0884,0.012,-15.67,73.78,0.2991,0.0288,11.988,0.58,0.0,0.0,0,0.0,-0.0,0,0.0,0.0
0,495,9.9,arrive,0.00225,0.00211,-0.00079,0.08597,0.012,-15.15,74.5,0.2984,0.0287,11.547,1.572,0.0,0.0,0,0.0,-0.0,0,0.0,0.0
1,495,9.9,arrive,0.00094,0.0009,0.00028,0.09737,0.012,-13.13,76.5,0.2986,0.0339,11.514,0.504,0.0,0.0,0,0.0,-0.0,0,0.0,0.0
2,495,9.9,arrive,0.00124,0.00124,-0.00014,0.08034,0.012,-15.59,74.15,0.2951,0.0232,11.044,1.067,0.0,0.0,0,0.0,-0.0,0,0.0,0.0
3,495,9.9,arrive,0.00337,0.00337,6e-05,0.08784,0.012,-15.88,73.89,0.2991,0.0289,11.976,0.933,0.0,0.0,0,0.0,-0.0,0,0.0,0.0
0,496,9.92,arrive,0.00311,0.00311,7e-05,0.08532,0.012,-15.3,73.75,0.2985,0.0287,11.522,1.032,0.0,0.0,0,0.0,-0.0,0,0.0,0.0
1,496,9.92,arrive,0.00386,0.00369,0.00114,0.09964,0.012,-13.14,76.43,0.2986,0.0338,11.511,1.046,0.0,0.0,0,0.0,-0.0,0,0.0,0.0
2,496,9.92,arrive,0.00326,0.00326,-9e-05,0.08047,0.012,-15.11,74.75,0.2952,0.0231,11.06,1.729,0.0,0.0,0,0.0,-0.0,0,0.0,0.0
3,496,9.92,arrive,0.00279,0.00257,0.00109,0.0884,0.012,-15.71,73.92,0.2991,0.0288,11.966,0.737,0.0,0.0,0,0.0,-0.0,0,0.0,0.0
0,497,9.94,arrive,0.00281,0.0027,-0.00078,0.08498,0.012,-15.45,74.05,0.2984,0.0287,11.532,1.222,0.0,0.0,0,0.0,-0.0,0,0.0,0.0
1,497,9.94,arrive,0.00171,0.00169,-0.00024,0.09635,0.012,-13.98,75.78,0.2986,0.0339,11.463,1.202,0.0,0.0,0,0.0,-0.0,0,0.0,0.0
2,497,9.94,arrive,0.00259,0.00255,-0.00048,0.07985,0.012,-14.87,74.3,0.2953,0.0232,11.025,1.585,0.0,0.0,0,0.0,-0.0,0,0.0,0.0
3,497,9.94,arrive,0.00189,0.00124,0.00143,0.08795,0.012,-15.7,73.86,0.2991,0.0287,11.945,0.28,0.0,0.0,0,0.0,-0.0,0,0.0,0.0
0,498,9.96,arrive,0.00169,0.00058,-0.00158,0.08524,0.012,-15.56,74.1,0.2984,0.0288,11.522,0.687,0.0,0.0,0,0.0,-0.0,0,0.0,0.0
1,498,9.96,arrive,0.00255,0.00255,-0.00013,0.09549,0.012,-13.81,76.14,0.2987,0.0338,11.468,1.554,0.0,0.0,0,0.0,-0.0,0,0.0,0.0
2,498,9.96,arrive,0.00187,0.0018,-0.00051,0.07987,0.012,-14.98,74.36,0.2954,0.0232,11.005,0.866,0.0,0.0,0,0.0,-0.0,0,0.0,0.0
3,498,9.96,arrive,0.00256,0.00222,0.00127,0.08846,0.012,-15.64,73.85,0.299,0.0287,11.954,0.414,0.0,0.0,0,0.0,-0.0,0,0.0,0.0
0,499,9.98,arrive,0.00224,0.00222,0.00033,0.0878,0.012,-15.45,74.42,0.2984,0.0287,11.496,1.047,0.0,0.0,0,0.0,-0.0,0,0.0,0.0
1,499,9.98,arrive,0.00437,0.00435,0.0004,0.09516,0.012,-13.91,75.61,0.2988,0.0339,11.457,1.503,0.0,0.0,0,0.0,-0.0,0,0.0,0.0
2,499,9.98,arrive,0.00093,0.00093,-7e-05,0.08076,0.012,-15.39,74.07,0.2954,0.0232,10.994,1.074,0.0,0.0,0,0.0,-0.0,0,0.0,0.0
3,499,9.98,arrive,0.00227,0.00218,0.00062,0.08777,0.012,-15.68,73.8,0.299,0.0288,11.929,0.589,0.0,0.0,0,0.0,-0.0,0,0.0,0.0
0,500,10.0,arrive,0.00094,0.00081,-0.00048,0.08584,0.012,-16.03,73.88,0.2985,0.0288,11.48,0.746,0.0,0.0,0,0.0,-0.0,0,0.0,0.0
1,500,10.0,arrive,0.00346,0.00343,-0.00041,0.09494,0.012,-13.79,75.81,0.2989,0.034,11.461,0.848,0.0,0.0,0,0.0,-0.0,0,0.0,0.0
2,500,10.0,arrive,0.00252,0.00232,0.00097,0.08288,0.012,-15.16,74.74,0.2954,0.0232,10.963,1.519,0.0,0.0,0,0.0,-0.0,0,0.0,0.0
3,500,10.0,arrive,0.00414,0.00396,0.00121,0.08955,0.012,-15.51,74.05,0.299,0.0287,11.941,0.731,0.0,0.0,0,0.0,-0.0,0,0.0,0.0
0,501,10.02,arrive,0.0019,0.00188,-0.00029,0.08616,0.012,-15.63,74.12,0.2985,0.0288,11.485,1.491,0.0,0.0,0,0.0,-0.0,0,0.0,0.0
1,501,10.02,arrive,0.00152,0.00097,-0.00116,0.09539,0.012,-13.64,75.86,0.2989,0.0341,11.458,0.517,0.0,0.0,0,0.0,-0.0,0,0.0,0.0
2,501,10.02,arrive,0.0015,0.00123,-0.00086,0.08092,0.012,-15.45,74.39,0.2955,0.0233,10.955,1.039,0.0,0.0,0,0.0,-0.0,0,0.0,0.0
3,501,10.02,arrive,0.00156,0.00156,-6e-05,0.08671,0.012,-15.9,73.68,0.299,0.0287,11.9,1.023,0.0,0.0,0,0.0,-0.0,0,0.0,0.0
0,502,10.04,arrive,0.00143,0.00113,0.00087,0.0866,0.012,-15.15,73.98,0.2985,0.0288,11.455,0.917,0.0,0.0,0,0.0,-0.0,0,0.0,0.0
1,502,10.04,arrive,0.00239,0.00235,0.00044,0.0982,0.012,-13.42,76.38,0.2989,0.0341,11.45,1.046,0.0,0.0,0,0.0,-0.0,0,0.0,0.0
2,502,10.04,arrive,0.00195,0.00194,-0.00011,0.08145,0.012,-14.88,74.76,0.2956,0.0233,10.943,1.571,0.0,0.0,0,0.0,-0.0,0,0.0,0.0
3,502,10.04,arrive,0.00084,0.00079,0.0003,0.08637,0.012,-15.74,73.86,0.299,0.0286,11.906,0.949,0.0,0.0,0,0.0,-0.0,0,0.0,0.0
0,503,10.06,arrive,0.00095,0.00095,-4e-05,0.08701,0.012,-15.19,74.09,0.2984,0.0288,11.474,0.676,0.0,0.0,0,0.0,-0.0,0,0.0,0.0
1,503,10.06,arrive,0.00184,0.00109,-0.00148,0.09504,0.012,-14.2,75.62,0.2989,0.0342,11.425,1.045,0.0,0.0,0,0.0,-0.0,0,0.0,0.0
2,503,10.06,arrive,0.00095,0.0008,0.00051,0.08116,0.012,-14.83,74.13,0.2956,0.0232,10.898,1.018,0.0,0.0,0,0.0,-0.0,0,0.0,0.0
3,503,10.06,arrive,0.00227,0.00215,0.00074,0.0859,0.012,-16.01,73.32,0.2991,0.0286,11.888,0.683,0.0,0.0,0,0.0,-0.0,0,0.0,0.0
0,504,10.08,arrive,0.00311,0.00311,4e-05,0.08819,0.012,-15.16,74.5,0.2984,0.0288,11.456,0.743,0.0,0.0,0,0.0,-0.0,0,0.0,0.0
1,504,10.08,arrive,0.0036,0.00327,-0.00152,0.09486,0.012,-14.02,75.86,0.299,0.0342,11.447,1.481,0.0,0.0,0,0.0,-0.0,0,0.0,0.0
2,504,10.08,arrive,0.00138,0.00127,0.00056,0.08208,0.012,-14.9,74.54,0.2956,0.0232,10.916,1.09,0.0,0.0,0,0.0,-0.0,0,0.0,0.0
3,504,10.08,arrive,0.00145,0.00126,0.00072,0.08655,0.012,-16.03,73.66,0.2991,0.0287,11.892,0.877,0.0,0.0,0,0.0,-0.0,0,0.0,0.0
0,505,10.1,arrive,0.00238,0.00215,-0.00101,0.08658,0.012,-15.66,74.21,0.2984,0.0288,11.44,0.582,0.0,0.0,0,0.0,-0.0,0,0.0,0.0
1,505,10.1,arrive,0.00333,0.00333,-9e-05,0.09525,0.012,-13.86,75.54,0.2991,0.0342,11.417,1.124,0.0,0.0,0,0.0,-0.0,0,0.0,0.0
2,505,10.1,arrive,0.00372,0.00372,-0.00012,0.08285,0.012,-14.86,74.78,0.2955,0.0232,10.882,0.681,0.0,0.0,0,0.0,-0.0,0,0.0,0.0
3,505,10.1,arrive,0.00162,0.00149,0.00063,0.08749,0.012,-16.06,73.48,0.2991,0.0287,11.874,0.733,0.0,0.0,0,0.0,-0.0,0,0.0,0.0
0,506,10.12,arrive,0.002,0.00195,0.00042,0.08815,0.012,-15.24,74.69,0.2985,0.0287,11.442,1.167,0.0,0.0,0,0.0,-0.0,0,0.0,0.0
1,506,10.12,arrive,0.00221,0.00219,-0.00029,0.09553,0.012,-13.73,75.92,0.2991,0.0342,11.428,0.988,0.0,0.0,0,0.0,-0.0,0,0.0,0.0
2,506,10.12,arrive,0.00483,0.00483,-0.00011,0.08368,0.012,-14.86,74.91,0.2955,0.0231,10.87,0.543,0.0,0.0,0,0.0,-0.0,0,0.0,0.0
3,506,10.12,arrive,0.00248,0.00243,0.00053,0.08817,0.012,-16.04,73.7,0.2991,0.0288,11.87,0.784,0.0,0.0,0,0.0,-0.0,0,0.0,0.0
0,507,10.14,arrive,0.00248,0.00224,0.00106,0.08622,0.012,-15.65,73.86,0.2985,0.0287,11.398,1.421,0.0,0.0,0,0.0,-0.0,0,0.0,0.0
1,507,10.14,arrive,0.00223,0.00194,-0.00109,0.09641,0.012,-13.57,76.05,0.299,0.0343,11.436,0.495,0.0,0.0,0,0.0,-0.0,0,0.0,0.0
2,507,10.14,arrive,0.00272,0.00272,2e-05,0.08262,0.012,-14.93,74.81,0.2956,0.023,10.838,0.418,0.0,0.0,0,0.0,-0.0,0,0.0,0.0
3,507,10.14,arrive,0.00178,0.00165,0.00067,0.08786,0.012,-15.81,73.83,0.2991,0.0287,11.851,0.599,0.0,0.0,0,0.0,-0.0,0,0.0,0.0
0,508,10.16,arrive,0.00199,0.00198,0.00017,0.0858,0.012,-15.39,74.11,0.2985,0.0286,11.415,1.004,0.0,0.0,0,0.0,-0.0,0,0.0,0.0
1,508,10.16,arrive,0.00365,0.00364,-0.00022,0.09805,0.012,-13.41,76.4,0.299,0.0343,11.411,0.663,0.0,0.0,0,0.0,-0.0,0,0.0,0.0
2,508,10.16,arrive,0.00158,0.00156,0.00025,0.08228,0.012,-14.88,74.69,0.2956,0.0229,10.831,0.524,0.0,0.0,0,0.0,-0.0,0,0.0,0.0
3,508,10.16,arrive,0.00225,0.00199,0.00105,0.08849,0.012,-15.61,73.87,0.2991,0.0286,11.853,0.358,0.0,0.0,0,0.0,-0.0,0,0.0,0.0
0,509,10.18,grip,0.00118,0.00095,-0.00071,0.08545,0.012,-15.17,74.03,0.2985,0.0287,11.403,0.724,0.0,0.0,0,0.0,-0.0,0,0.0,0.0
1,509,10.18,grip,0.00164,0.0012,-0.00112,0.09614,0.012,-13.84,76.0,0.2991,0.0343,11.408,0.783,0.0,0.0,0,0.0,-0.0,0,0.0,0.0
2,509,10.18,grip,0.00241,0.00239,0.00036,0.08282,0.012,-14.53,74.79,0.2956,0.0229,10.81,0.347,0.0,0.0,0,0.0,-0.0,0,0.0,0.0
3,509,10.18,grip,0.00201,0.00186,0.00076,0.08814,0.012,-15.73,73.6,0.299,0.0286,11.834,0.471,0.0,0.0,0,0.0,-0.0,0,0.0,0.0
0,510,10.2,grip,0.00086,0.00065,-0.00057,0.08646,0.01151,-15.25,74.4,0.2985,0.0286,11.4,1.054,0.0,0.0,0,0.0,-0.0,0,0.0,0.0
1,510,10.2,grip,0.00211,0.00152,-0.00146,0.09499,0.01151,-13.72,76.04,0.2991,0.0343,11.405,0.878,0.0,0.0,0,0.0,-0.0,0,0.0,0.0
2,510,10.2,grip,0.00432,0.00427,0.00066,0.08409,0.01151,-14.41,74.93,0.2955,0.0228,10.793,0.649,0.0,0.0,0,0.0,-0.0,0,0.0,0.0
3,510,10.2,grip,0.00278,0.00274,0.00045,0.08852,0.01151,-15.8,73.84,0.299,0.0286,11.84,0.65,0.0,0.0,0,0.0,-0.0,0,0.0,0.0
0,511,10.22,grip,0.00281,0.00273,0.00067,0.08797,0.01102,-15.54,74.15,0.2985,0.0286,11.375,0.993,0.0,0.0,0,0.0,-0.0,0,0.0,0.0
1,511,10.22,grip,0.00216,0.0015,-0.00156,0.09455,0.01102,-13.53,75.89,0.2991,0.0343,11.394,0.787,0.0,0.0,0,0.0,-0.0,0,0.0,0.0
2,511,10.22,grip,0.00355,0.00345,-0.00087,0.08252,0.01102,-15.03,74.58,0.2955,0.0227,10.78,0.725,0.0,0.0,0,0.0,-0.0,0,0.0,0.0
3,511,10.22,grip,0.00187,0.00187,5e-05,0.0876,0.01102,-15.89,73.69,0.299,0.0285,11.819,0.48,0.0,0.0,0,0.0,-0.0,0,0.0,0.0
0,512,10.24,grip,0.00118,0.00113,-0.00034,0.08682,0.01053,-15.88,74.09,0.2985,0.0286,11.372,1.27,0.0,0.0,0,0.0,-0.0,0,0.0,0.0
1,512,10.24,grip,0.00122,0.00078,-0.00093,0.09535,0.01053,-13.41,76.03,0.2991,0.0343,11.393,0.412,0.0,0.0,0,0.0,-0.0,0,0.0,0.0
2,512,10.24,grip,0.0039,0.00389,0.00023,0.08375,0.01053,-14.63,75.03,0.2955,0.0226,10.76,0.878,0.0,0.0,0,0.0,-0.0,0,0.0,0.0
3,512,10.24,grip,0.00244,0.00226,0.00091,0.08873,0.01053,-15.62,73.98,0.2991,0.0285,11.821,0.477,0.0,0.0,0,0.0,-0.0,0,0.0,0.0
0,513,10.26,grip,0.00055,0.00055,-5e-05,0.08691,0.01004,-15.39,74.44,0.2985,0.0286,11.36,1.307,0.0,0.0,0,0.0,-0.0,0,0.0,0.0
1,513,10.26,grip,0.00114,0.00091,-0.00069,0.09623,0.01004,-13.69,75.97,0.2991,0.0343,11.393,0.973,0.0,0.0,0,0.0,-0.0,0,0.0,0.0
2,513,10.26,grip,0.00233,0.0023,-0.00037,0.08217,0.01004,-14.96,74.8,0.2955,0.0225,10.729,0.5,0.0,0.0,0,0.0,-0.0,0,0.0,0.0
3,513,10.26,grip,0.00192,0.00176,0.00076,0.08819,0.01004,-15.75,73.66,0.2991,0.0284,11.799,0.536,0.0,0.0,0,0.0,-0.0,0,0.0,0.0
0,514,10.28,grip,0.00115,0.00109,0.00036,0.08735,0.00955,-15.05,74.36,0.2985,0.0286,11.349,0.793,0.0,0.0,0,0.0,-0.0,0,0.0,0.0
1,514,10.28,grip,0.0019,0.0013,-0.00139,0.09561,0.00955,-13.88,75.96,0.299,0.0344,11.38,0.555,0.0,0.0,0,0.0,-0.0,0,0.0,0.0
2,514,10.28,grip,0.00217,0.00217,0.0001,0.08277,0.00955,-14.77,74.85,0.2955,0.0224,10.73,0.72,0.0,0.0,0,0.0,-0.0,0,0.0,0.0
3,514,10.28,grip,0.00263,0.00253,0.00073,0.08883,0.00955,-15.72,73.82,0.299,0.0284,11.804,0.562,0.0,0.0,0,0.0,-0.0,0,0.0,0.0
0,515,10.3,grip,0.00269,0.00266,0.00037,0.08845,0.00906,-15.02,74.19,0.2985,0.0285,11.352,0.55,0.0,0.0,0,0.0,-0.0,0,0.0,0.0
1,515,10.3,grip,0.00278,0.00278,-0.00012,0.09768,0.00906,-13.36,76.57,0.2991,0.0343,11.388,0.622,0.0,0.0,0,0.0,-0.0,0,0.0,0.0
2,515,10.3,grip,0.00287,0.00287,5e-05,0.08285,0.00906,-14.72,74.66,0.2955,0.0223,10.689,0.701,0.0,0.0,0,0.0,-0.0,0,0.0,0.0
3,515,10.3,grip,0.00179,0.00178,0.00014,0.08774,0.00906,-15.83,73.81,0.299,0.0283,11.779,0.62,0.0,0.0,0,0.0,-0.0,0,0.0,0.0
0,516,10.32,grip,0.00332,0.00331,0.00018,0.08822,0.00857,-15.12,74.5,0.2984,0.0285,11.33,0.949,0.0,0.0,0,0.0,-0.0,0,0.0,0.0
1,516,10.32,grip,0.00269,0.00197,-0.00182,0.0939,0.00857,-14.03,75.65,0.2991,0.0344,11.347,1.14,0.0,0.0,0,0.0,-0.0,0,0.0,0.0
2,516,10.32,grip,0.00386,0.00386,-0.0,0.08368,0.00857,-14.71,74.66,0.2954,0.0222,10.691,0.595,0.0,0.0,0,0.0,-0.0,0,0.0,0.0
3,516,10.32,grip,0.00242,0.00236,0.00052,0.08864,0.00857,-15.79,73.77,0.299,0.0282,11.789,0.652,0.0,0.0,0,0.0,-0.0,0,0.0,0.0
0,517,10.34,grip,0.00396,0.00395,-0.00036,0.08878,0.00808,-15.11,74.73,0.2984,0.0284,11.344,0.625,0.0,0.0,0,0.0,-0.0,0,0.0,0.0
1,517,10.34,grip,0.00382,0.00341,-0.00171,0.09327,0.00808,-13.87,75.82,0.2991,0.0343,11.358,1.447,0.0,0.0,0,0.0,-0.0,0,0.0,0.0
2,517,10.34,grip,0.00344,0.0034,-0.00055,0.08284,0.00808,-14.77,74.83,0.2954,0.0221,10.658,0.539,0.0,0.0,0,0.0,-0.0,0,0.0,0.0
3,517,10.34,grip,0.00132,0.00132,-9e-05,0.08691,0.00808,-15.97,73.55,0.299,0.0282,11.754,0.879,0.0,0.0,0,0.0,-0.0,0,0.0,0.0
0,518,10.36,grip,0.00292,0.00291,-0.00027,0.08746,0.00759,-15.2,74.58,0.2984,0.0283,11.304,0.859,0.0,0.0,0,0.0,-0.0,0,0.0,0.0
1,518,10.36,grip,0.00509,0.00502,-0.00084,0.0932,0.00759,-13.98,75.2,0.2991,0.0343,11.347,0.989,0.0,0.0,0,0.0,-0.0,0,0.0,0.0
2,518,10.36,grip,0.00347,0.00347,6e-05,0.08365,0.00759,-14.64,74.99,0.2954,0.0219,10.654,0.536,0.0,0.0,0,0.0,-0.0,0,0.0,0.0
3,518,10.36,grip,0.0009,0.00084,0.00032,0.08753,0.00759,-15.82,73.67,0.299,0.0281,11.768,0.989,0.0,0.0,0,0.0,-0.0,0,0.0,0.0
0,519,10.38,grip,0.00208,0.002,0.00057,0.08847,0.0071,-15.1,74.63,0.2985,0.0282,11.314,0.924,0.0,0.0,0,0.0,-0.0,0,0.0,0.0
1,519,10.38,grip,0.00437,0.00412,-0.00146,0.09306,0.0071,-14.0,75.63,0.2991,0.0343,11.359,1.258,0.0,0.0,0,0.0,-0.0,0,0.0,0.0
2,519,10.38,grip,0.00274,0.00271,-0.00036,0.08259,0.0071,-14.84,74.76,0.2954,0.0218,10.612,0.699,0.0,0.0,0,0.0,-0.0,0,0.0,0.0
3,519,10.38,grip,0.00123,0.00099,0.00073,0.08787,0.0071,-15.8,73.67,0.299,0.0281,11.744,0.894,0.0,0.0,0,0.0,-0.0,0,0.0,0.0
0,520,10.4,grip,0.00098,0.00098,0.0001,0.08648,0.00661,-15.5,73.99,0.2985,0.0282,11.284,0.995,0.0,0.0,0,0.0,-0.0,0,0.0,0.0
1,520,10.4,grip,0.00251,0.00148,-0.00202,0.09377,0.00661,-13.93,75.66,0.2991,0.0344,11.361,0.583,0.0,0.0,0,0.0,-0.0,0,0.0,0.0
2,520,10.4,grip,0.00286,0.00283,0.0004,0.08366,0.00661,-14.73,74.89,0.2953,0.0216,10.615,0.706,0.0,0.0,0,0.0,-0.0,0,0.0,0.0
3,520,10.4,grip,0.002,0.00197,0.00037,0.08837,0.00661,-15.92,73.66,0.299,0.028,11.75,0.668,0.0,0.0,0,0.0,-0.0,0,0.0,0.0
0,521,10.42,grip,0.00058,0.0005,-0.00028,0.08671,0.00612,-15.1,74.52,0.2985,0.0282,11.296,0.952,0.0,0.0,0,0.0,-0.0,0,0.0,0.0
1,521,10.42,grip,0.00169,0.00168,-0.00019,0.0966,0.00612,-13.73,76.15,0.2992,0.0344,11.342,1.045,0.0,0.0,0,0.0,-0.0,0,0.0,0.0
2,521,10.42,grip,0.00186,0.00122,-0.00141,0.08092,0.00612,-15.19,74.38,0.2953,0.0216,10.576,0.826,0.0,0.0,0,0.0,-0.0,0,0.0,0.0
3,521,10.42,grip,0.00125,0.001,-0.00076,0.08674,0.00612,-16.1,73.58,0.299,0.028,11.727,0.556,0.0,0.0,0,0.0,-0.0,0,0.0,0.0
0,522,10.44,grip,0.00121,0.00102,-0.00063,0.08633,0.00563,-15.15,74.29,0.2985,0.0282,11.275,0.801,0.0,0.0,0,0.0,-0.0,0,0.0,0.0
1,522,10.44,grip,0.00187,0.00118,-0.00145,0.09427,0.00563,-14.3,75.6,0.2992,0.0344,11.324,0.934,0.0,0.0,0,0.0,-0.0,0,0.0,0.0
2,522,10.44,grip,0.00138,0.00117,-0.00073,0.08167,0.00563,-14.77,74.78,0.2954,0.0214,10.581,1.057,0.0,0.0,0,0.0,-0.0,0,0.0,0.0
3,522,10.44,grip,0.00132,0.00132,4e-05,0.08766,0.00563,-15.87,73.6,0.299,0.0279,11.731,0.787,0.0,0.0,0,0.0,-0.0,0,0.0,0.0
0,523,10.46,grip,0.00246,0.00246,0.00015,0.08845,0.00514,-15.22,74.47,0.2985,0.0281,11.281,1.045,0.0,0.0,0,0.0,-0.0,0,0.0,0.0
1,523,10.46,grip,0.0035,0.00316,-0.00151,0.09425,0.00514,-13.98,75.83,0.2992,0.0344,11.349,1.44,0.0,0.0,0,0.0,-0.0,0,0.0,0.0
2,523,10.46,grip,0.00094,0.0009,-0.00026,0.08178,0.00514,-14.85,74.55,0.2954,0.0213,10.544,0.902,0.0,0.0,0,0.0,-0.0,0,0.0,0.0
3,523,10.46,grip,0.00115,0.00115,0.00011,0.08681,0.00514,-15.95,73.48,0.299,0.0278,11.701,0.825,0.0,0.0,0,0.0,-0.0,0,0.0,0.0
0,524,10.48,grip,0.00223,0.0018,-0.00131,0.08507,0.00465,-16.0,73.81,0.2985,0.0281,11.24,1.046,0.0,0.0,0,0.0,-0.0,0,0.0,0.0
1,524,10.48,grip,0.00283,0.00275,-0.00067,0.09429,0.00465,-13.76,75.45,0.2993,0.0344,11.322,1.047,0.0,0.0,0,0.0,-0.0,0,0.0,0.0
2,524,10.48,grip,0.00224,0.00224,-4e-05,0.08295,0.00465,-15.04,74.52,0.2954,0.0212,10.54,0.679,0.0,0.0,0,0.0,-0.0,0,0.0,0.0
3,524,10.48,grip,0.00113,0.00113,0.00013,0.08767,0.00465,-15.95,73.44,0.299,0.0277,11.718,0.943,0.0,0.0,0,0.0,-0.0,0,0.0,0.0
0,525,10.5,grip,0.00196,0.00178,-0.00084,0.08511,0.00416,-15.72,74.2,0.2986,0.028,11.243,1.475,0.0,0.0,0,0.0,-0.0,0,0.0,0.0
1,525,10.5,grip,0.002,0.00185,-0.00077,0.09479,0.00416,-13.62,75.79,0.2993,0.0344,11.338,0.853,0.0,0.0,0,0.0,-0.0,0,0.0,0.0
2,525,10.5,grip,0.00223,0.00148,-0.00167,0.08104,0.00416,-15.33,74.41,0.2954,0.0212,10.508,0.735,0.0,0.0,0,0.0,-0.0,0,0.0,0.0
3,525,10.5,grip,0.00082,0.00067,-0.00048,0.08678,0.00416,-16.04,73.52,0.299,0.0277,11.691,0.885,0.0,0.0,0,0.0,-0.0,0,0.0,0.0
0,526,10.52,grip,0.00272,0.00268,0.00048,0.08569,0.00367,-15.79,73.69,0.2986,0.028,11.229,1.573,0.0,0.0,0,0.0,-0.0,0,0.0,0.0
1,526,10.52,grip,0.00208,0.00165,-0.00127,0.09545,0.00367,-13.7,75.84,0.2992,0.0344,11.342,0.793,0.0,0.0,0,0.0,-0.0,0,0.0,0.0
2,526,10.52,grip,0.00184,0.00166,-0.00079,0.08189,0.00367,-14.91,74.89,0.2954,0.021,10.508,0.896,0.0,0.0,0,0.0,-0.0,0,0.0,0.0
3,526,10.52,grip,0.00158,0.00158,0.00011,0.08798,0.00367,-15.9,73.78,0.299,0.0276,11.7,0.79,0.0,0.0,0,0.0,-0.0,0,0.0,0.0
0,527,10.54,grip,0.00116,0.00097,0.00063,0.08669,0.00318,-15.5,73.98,0.2986,0.028,11.223,0.796,0.0,0.0,0,0.0,-0.0,0,0.0,0.0
1,527,10.54,grip,0.00312,0.0031,-0.00037,0.09692,0.00318,-13.64,76.23,0.2992,0.0344,11.322,0.914,0.0,0.0,0,0.0,-0.0,0,0.0,0.0
2,527,10.54,grip,0.00144,0.00139,-0.00037,0.08174,0.00318,-15.02,74.37,0.2955,0.0209,10.463,0.95,0.0,0.0,0,0.0,-0.0,0,0.0,0.0
3,527,10.54,grip,0.00167,0.00124,-0.00112,0.0854,0.00318,-16.37,73.18,0.2991,0.0276,11.67,0.885,0.0,0.0,0,0.0,-0.0,0,0.0,0.0
0,528,10.56,grip,0.00314,0.00312,-0.00033,0.08829,0.00269,-15.3,74.2,0.2985,0.028,11.232,0.626,0.0,0.0,0,0.0,-0.0,0,0.0,0.0
1,528,10.56,grip,0.00187,0.0017,-0.00078,0.09599,0.00269,-13.86,76.1,0.2993,0.0344,11.322,0.527,0.0,0.0,0,0.0,-0.0,0,0.0,0.0
2,528,10.56,grip,0.00186,0.00186,-8e-05,0.08273,0.00269,-15.01,74.39,0.2954,0.0208,10.466,0.741,0.0,0.0,0,0.0,-0.0,0,0.0,0.0
3,528,10.56,grip,0.00224,0.00216,-0.00063,0.08589,0.00269,-16.07,73.47,0.2991,0.0275,11.682,0.991,0.0,0.0,0,-0.0,-0.0,0,0.0,0.0
0,529,10.58,grip,0.00299,0.00278,-0.0011,0.08685,0.0022,-15.49,74.25,0.2985,0.0279,11.196,0.734,0.0,0.0,0,0.03,-0.0,0,0.0,0.0
1,529,10.58,grip,0.00091,0.00078,-0.00047,0.09582,0.0022,-13.66,76.06,0.2993,0.0343,11.311,0.95,0.0,0.0,0,0.0,-0.0,0,0.0,0.0
2,529,10.58,grip,0.00201,0.00161,-0.00121,0.0815,0.0022,-15.05,74.55,0.2954,0.0207,10.435,0.577,0.0,0.0,0,0.0,-0.0,0,0.0,0.0
3,529,10.58,grip,0.00198,0.00198,0.00011,0.08603,0.0022,-16.06,73.26,0.2992,0.0274,11.659,0.951,0.0,0.0,0,0.0,-0.0,0,0.0,0.0
0,530,10.6,grip,0.00261,0.0026,-0.0002,0.08822,0.00171,-15.25,74.58,0.2985,0.0277,11.215,0.905,0.0,0.0,0,0.06,-0.0,0,0.0,0.0
1,530,10.6,grip,0.00164,0.00164,1e-05,0.09669,0.00171,-13.35,76.03,0.2993,0.0343,11.307,0.42,0.0,0.0,0,0.0,-0.0,0,0.0,0.0
2,530,10.6,grip,0.00224,0.00207,-0.00086,0.08223,0.00171,-14.79,74.84,0.2954,0.0205,10.432,0.578,0.0,0.0,0,0.0,-0.0,0,0.0,0.0
3,530,10.6,grip,0.00089,0.00082,-0.00034,0.08664,0.00171,-16.24,73.24,0.2992,0.0274,11.67,0.661,0.0,0.0,0,0.0,-0.0,0,0.0,0.0
0,531,10.62,grip,0.0009,0.00086,-0.00026,0.0862,0.00122,-15.67,73.95,0.2986,0.0277,11.183,1.044,0.0,0.0,0,0.08,-0.0,0,0.0,0.0
1,531,10.62,grip,0.00286,0.00285,0.0002,0.09745,0.00122,-13.27,76.1,0.2992,0.0343,11.299,0.424,3.588,0.0,0,0.01,-0.0,0,0.0,0.0
2,531,10.62,grip,0.00199,0.0018,-0.00085,0.08191,0.00122,-15.03,74.52,0.2954,0.0204,10.398,0.633,0.0,0.0,0,0.0,-0.0,0,0.0,0.0
3,531,10.62,grip,0.00119,0.00089,-0.0008,0.08658,0.00122,-16.22,73.41,0.2992,0.0274,11.649,0.539,0.0,0.0,0,0.01,-0.0,0,0.0,0.0
0,532,10.64,grip,0.00144,0.00133,-0.00057,0.08644,0.00073,-15.3,74.31,0.2986,0.0276,11.192,0.833,0.0,0.0,0,0.14,-0.0,0,0.0,0.0
1,532,10.64,grip,0.00279,0.00279,0.00015,0.09739,0.00073,-13.42,76.34,0.2991,0.0342,11.3,0.774,1.253,0.0,0,0.01,-0.0,0,0.0,0.0
2,532,10.64,grip,0.00145,0.00113,-0.0009,0.08166,0.00073,-15.24,74.34,0.2954,0.0202,10.387,0.416,0.0,0.0,0,0.0,-0.0,0,0.0,0.0
3,532,10.64,grip,0.00147,0.00146,-0.00024,0.08753,0.00073,-16.09,73.59,0.2992,0.0274,11.65,0.531,0.0,0.0,0,0.01,-0.0,0,0.0,0.0
0,533,10.66,grip,0.00097,0.00069,-0.00068,0.08635,0.00024,-15.28,74.06,0.2986,0.0276,11.174,0.771,0.0,0.0,0,0.18,-0.0,0,0.0,0.0
1,533,10.66,grip,0.00238,0.00238,-0.00014,0.09694,0.00024,-13.54,76.25,0.299,0.0342,11.3,0.247,0.675,0.0,0,0.05,-0.0,0,0.0,0.0
2,533,10.66,grip,0.00116,0.00079,-0.00085,0.08146,0.00024,-15.1,74.53,0.2954,0.0201,10.365,0.367,0.0,0.0,0,0.0,-0.0,0,0.0,0.0
3,533,10.66,grip,0.00149,0.00111,-0.00099,0.08548,0.00024,-16.27,73.3,0.2992,0.0273,11.624,0.65,2.3,0.0,0,0.02,0.22,0,0.0,0.0
0,534,10.68,grip,0.0015,0.0015,-1e-05,0.08754,-0.00025,-15.47,74.19,0.2985,0.0276,11.184,0.736,3.008,0.0,0,0.13,-0.0,0,0.0,0.0
1,534,10.68,grip,0.00209,0.00204,0.00047,0.09741,-0.00025,-13.5,76.36,0.299,0.0341,11.297,0.392,1.31,0.0,0,-0.0,-0.0,0,0.0,0.0
2,534,10.68,grip,0.00178,0.00166,-0.00062,0.08213,-0.00025,-14.86,74.61,0.2954,0.02,10.352,0.428,0.331,0.0,0,-0.0,-0.0,0,0.0,0.0
3,534,10.68,grip,0.00178,0.00169,-0.00054,0.08661,-0.00025,-15.89,73.5,0.2993,0.0273,11.64,0.792,0.248,0.0,0,0.11,0.3,0,0.0,0.0
0,535,10.7,grip,0.00149,0.00147,0.00022,0.08701,-0.00074,-15.64,74.15,0.2985,0.0275,11.175,0.351,0.0,0.0,0,0.0,-0.0,0,0.0,0.0
1,535,10.7,grip,0.00114,0.00113,0.0001,0.09624,-0.00074,-13.74,75.9,0.2989,0.034,11.278,0.749,0.0,0.0,0,0.0,-0.0,0,0.0,0.0
2,535,10.7,grip,0.00152,0.00109,-0.00105,0.08139,-0.00074,-15.12,74.37,0.2954,0.0199,10.336,0.309,0.0,0.0,0,0.01,-0.0,0,0.0,0.0
3,535,10.7,grip,0.00091,0.00086,-0.0003,0.08681,-0.00074,-15.9,73.36,0.2993,0.0272,11.612,0.934,1.043,0.0,0,0.19,-0.0,0,0.0,0.0
0,536,10.72,grip,0.00132,0.00127,0.00035,0.08778,-0.00123,-15.42,74.44,0.2985,0.0274,11.185,0.412,2.228,0.0,0,0.0,-0.0,0,0.0,0.0
1,536,10.72,grip,0.00156,0.00145,0.00056,0.09727,-0.00123,-13.36,76.32,0.2988,0.034,11.294,0.523,2.765,0.0,0,0.0,-0.0,0,0.0,0.0
2,536,10.72,grip,0.00136,0.0013,-0.0004,0.08208,-0.00123,-15.03,74.5,0.2953,0.0197,10.321,0.273,2.664,0.0,0,-0.0,-0.0,0,0.0,0.0
3,536,10.72,grip,0.00128,0.00108,-0.00069,0.08675,-0.00123,-16.3,73.25,0.2993,0.0272,11.621,0.757,0.683,0.0,0,0.24,-0.0,0,0.0,0.0
0,537,10.74,grip,0.00122,0.0012,0.00023,0.08723,-0.00172,-15.46,74.2,0.2984,0.0274,11.164,0.612,1.964,0.0,0,0.02,-0.0,0,0.0,0.0
1,537,10.74,grip,0.00124,0.00117,0.00042,0.09681,-0.00172,-13.49,75.94,0.2987,0.0339,11.272,0.587,2.663,0.0,0,0.03,-0.0,0,0.0,0.0
2,537,10.74,grip,0.00123,0.0005,-0.00113,0.08097,-0.00172,-15.22,74.52,0.2953,0.0196,10.302,0.47,1.538,0.0,0,0.07,0.22,0,0.0,0.0
3,537,10.74,grip,0.00136,7e-05,-0.00136,0.08568,-0.00172,-16.28,73.45,0.2993,0.0272,11.599,0.506,1.542,0.0,0,0.33,0.12,0,0.0,0.0
0,538,10.76,grip,0.00147,0.00144,0.00032,0.08751,-0.00221,-15.4,74.29,0.2983,0.0273,11.157,0.272,2.89,0.0,0,0.02,-0.0,0,0.0,0.0
1,538,10.76,grip,0.00147,0.00128,0.00071,0.09734,-0.00221,-13.42,76.25,0.2986,0.0338,11.275,0.691,1.893,0.0,0,0.01,-0.0,0,0.0,0.0
2,538,10.76,grip,0.00163,0.00113,-0.00117,0.08129,-0.00221,-15.05,74.56,0.2953,0.0194,10.287,0.491,3.794,0.0,0,0.11,-0.0,0,0.0,0.0
3,538,10.76,grip,0.00107,0.00035,-0.00101,0.08616,-0.00221,-16.11,73.39,0.2994,0.0271,11.597,0.773,3.305,0.0,0,0.27,-0.0,0,0.0,0.0
0,539,10.78,grip,0.00161,0.00157,0.00039,0.08764,-0.0027,-15.41,74.18,0.2983,0.0272,11.157,0.302,2.708,0.0,0,0.01,-0.0,0,0.0,0.0
1,539,10.78,grip,0.00137,0.00132,0.00037,0.09706,-0.0027,-13.56,76.14,0.2985,0.0337,11.274,0.318,2.695,0.0,0,0.1,-0.0,0,0.0,0.0
2,539,10.78,grip,0.00146,0.00129,-0.00069,0.08181,-0.0027,-15.02,74.62,0.2953,0.0192,10.268,0.252,2.249,0.0,0,-0.0,-0.0,0,0.0,0.0
3,539,10.78,grip,0.00052,0.00051,-0.0001,0.0869,-0.0027,-16.09,73.38,0.2994,0.027,11.599,0.249,2.378,0.0,0,0.03,-0.0,0,0.0,0.0
0,540,10.8,grip,0.00179,0.00174,0.00042,0.08772,-0.00319,-15.32,74.39,0.2982,0.0271,11.151,0.378,2.762,0.0,0,0.02,-0.0,0,0.0,0.0
1,540,10.8,grip,0.00153,0.00149,0.00033,0.09709,-0.00319,-13.54,76.3,0.2984,0.0336,11.26,0.5,2.533,0.0,0,0.13,-0.0,0,0.0,0.0
2,540,10.8,grip,0.00161,0.00132,-0.00092,0.08158,-0.00319,-15.03,74.43,0.2953,0.0191,10.24,0.533,2.614,0.0,0,0.05,-0.0,0,0.0,0.0
3,540,10.8,grip,0.00067,0.00042,-0.00052,0.08639,-0.00319,-16.13,73.33,0.2994,0.027,11.573,0.26,2.776,0.0,0,0.11,-0.0,0,0.0,0.0
0,541,10.82,grip,0.00197,0.00191,0.00051,0.08797,-0.00368,-15.29,74.34,0.2981,0.027,11.152,0.375,3.982,0.0,0,-0.0,-0.0,0,0.0,0.0
1,541,10.82,grip,0.00169,0.00154,0.0007,0.09749,-0.00368,-13.44,76.37,0.2984,0.0335,11.251,0.178,2.911,0.0,0,0.04,-0.0,0,0.0,0.0
2,541,10.82,grip,0.00189,0.00142,-0.00125,0.08134,-0.00368,-14.96,74.63,0.2952,0.0189,10.229,0.414,2.489,0.0,0,0.15,-0.0,0,0.0,0.0
3,541,10.82,grip,0.00096,0.00029,-0.00091,0.08616,-0.00368,-16.15,73.39,0.2993,0.0269,11.576,0.354,3.033,0.0,0,0.25,-0.0,0,0.0,0.0
0,542,10.84,grip,0.00171,0.0017,0.00014,0.08746,-0.00417,-15.3,74.45,0.2981,0.0269,11.139,0.436,3.107,0.0,0,0.08,-0.0,0,0.0,0.0
1,542,10.84,grip,0.00142,0.00135,0.00045,0.09717,-0.00417,-13.42,76.28,0.2983,0.0334,11.242,0.321,3.829,0.0,0,0.09,-0.0,0,0.0,0.0
2,542,10.84,grip,0.00204,0.00165,-0.0012,0.08151,-0.00417,-14.99,74.52,0.2952,0.0188,10.217,0.301,3.764,0.0,0,0.15,-0.0,0,0.0,0.0
3,542,10.84,grip,0.00072,0.00056,-0.00045,0.08671,-0.00417,-16.19,73.32,0.2993,0.0269,11.571,0.332,4.201,0.0,0,0.15,-0.0,0,0.0,0.0
0,543,10.86,grip,0.00193,0.00192,0.00021,0.08769,-0.00466,-15.29,74.41,0.298,0.0268,11.135,0.274,4.639,0.0,0,0.07,-0.0,0,0.0,0.0
1,543,10.86,grip,0.00155,0.0015,0.00042,0.09728,-0.00466,-13.35,76.14,0.2983,0.0333,11.244,0.353,4.367,0.0,0,0.1,-0.0,0,0.0,0.0
2,543,10.86,grip,0.00188,0.00146,-0.00118,0.08139,-0.00466,-15.01,74.64,0.2952,0.0186,10.188,0.37,3.066,0.0,0,0.13,-0.0,0,0.0,0.0
3,543,10.86,grip,0.00069,0.0004,-0.00056,0.08648,-0.00466,-16.21,73.47,0.2993,0.0268,11.551,0.493,3.648,0.0,0,0.15,-0.0,0,0.0,0.0
0,544,10.88,grip,0.00174,0.00173,-0.00019,0.08718,-0.00515,-15.31,74.39,0.298,0.0267,11.12,0.226,4.594,0.0,0,0.16,-0.0,0,0.0,0.0
1,544,10.88,grip,0.00178,0.00165,0.00066,0.09758,-0.00515,-13.23,76.45,0.2983,0.0332,11.235,0.482,3.509,0.0,0,0.05,-0.0,0,0.0,0.0
2,544,10.88,grip,0.002,0.00162,-0.00117,0.08148,-0.00515,-14.95,74.69,0.2952,0.0184,10.17,0.126,3.703,0.0,0,0.14,-0.0,0,0.0,0.0
3,544,10.88,grip,0.00084,0.00047,-0.00069,0.08642,-0.00515,-16.17,73.32,0.2993,0.0268,11.541,0.533,4.074,0.0,0,0.2,-0.0,0,0.0,0.0
0,545,10.9,grip,0.00196,0.00195,-0.00017,0.08736,-0.00564,-15.19,74.41,0.298,0.0266,11.116,0.208,5.358,0.0,0,0.16,-0.0,0,0.0,0.0
1,545,10.9,grip,0.00187,0.00184,0.00036,0.09742,-0.00564,-13.32,76.43,0.2983,0.0331,11.23,0.275,3.984,0.0,0,0.13,-0.0,0,0.0,0.0
2,545,10.9,grip,0.00223,0.00149,-0.00166,0.08093,-0.00564,-15.03,74.58,0.2952,0.0183,10.157,0.126,4.489,0.0,0,0.25,-0.0,0,0.0,0.0
3,545,10.9,grip,0.00063,0.00045,-0.00044,0.08658,-0.00564,-16.16,73.38,0.2993,0.0267,11.532,0.266,3.913,0.0,0,0.12,-0.0,0,0.0,0.0
0,546,10.92,grip,0.00193,0.00193,-0.0001,0.08742,-0.00613,-15.12,74.48,0.298,0.0265,11.107,0.104,4.692,0.0,0,0.15,-0.0,0,0.0,0.0
1,546,10.92,grip,0.00198,0.00198,0.00014,0.0973,-0.00613,-13.35,76.41,0.2983,0.033,11.225,0.049,4.257,0.0,0,0.2,-0.0,0,0.0,0.0
2,546,10.92,grip,0.00225,0.00173,-0.00143,0.08127,-0.00613,-14.98,74.56,0.2952,0.0181,10.14,0.256,5.027,0.0,0,0.2,-0.0,0,0.0,0.0
3,546,10.92,grip,0.00054,0.00043,-0.00032,0.08659,-0.00613,-16.19,73.29,0.2993,0.0266,11.52,0.21,4.387,0.0,0,0.08,-0.0,0,0.0,0.0
0,547,10.94,grip,0.00216,0.00216,-1e-05,0.08765,-0.00662,-15.09,74.56,0.298,0.0263,11.101,0.12,4.814,0.0,0,0.14,-0.0,0,0.0,0.0
1,547,10.94,grip,0.00216,0.00212,0.0004,0.09763,-0.00662,-13.32,76.53,0.2983,0.0329,11.219,0.241,4.429,0.0,0,0.14,-0.0,0,0.0,0.0
2,547,10.94,grip,0.00197,0.0014,-0.00139,0.08111,-0.00662,-14.96,74.68,0.2952,0.0179,10.114,0.298,4.767,0.0,0,0.18,0.06,0,0.0,0.0
3,547,10.94,grip,0.00082,0.00041,-0.00072,0.08611,-0.00662,-16.22,73.31,0.2993,0.0266,11.515,0.177,4.499,0.0,0,0.17,-0.0,0,0.0,0.0
0,548,10.96,grip,0.00217,0.0021,-0.00055,0.0871,-0.00711,-15.17,74.52,0.298,0.0263,11.096,0.196,5.533,0.0,0,0.27,-0.0,0,0.0,0.0
1,548,10.96,grip,0.00198,0.00197,-0.00024,0.09693,-0.00711,-13.35,76.38,0.2983,0.0329,11.201,0.467,7.057,0.0,0,0.29,-0.0,0,0.0,0.0
2,548,10.96,grip,0.00217,0.0017,-0.00135,0.08132,-0.00711,-14.92,74.66,0.2952,0.0178,10.096,0.157,5.766,0.0,0,0.18,-0.0,0,0.0,0.0
3,548,10.96,grip,0.00069,0.00035,-0.00059,0.08634,-0.00711,-16.17,73.31,0.2993,0.0265,11.509,0.168,5.813,0.0,0,0.16,-0.0,0,0.0,0.0
0,549,10.98,turn,0.00242,0.00238,-0.00042,0.00242,-0.0076,-15.14,74.68,0.2981,0.0262,11.099,0.399,5.038,0.0,0,0.26,-0.0,1,0.0,0.904
1,549,10.98,turn,0.00219,0.00219,-0.00019,0.00219,-0.0076,-13.26,76.42,0.2984,0.0328,11.205,0.289,5.584,0.0,0,0.29,-0.0,1,0.0,0.893
2,549,10.98,turn,0.00233,0.00171,-0.00158,0.00233,-0.0076,-14.95,74.65,0.2953,0.0177,10.078,0.068,5.181,0.0,0,0.24,-0.0,1,0.0,0.692
3,549,10.98,turn,0.00067,0.00036,-0.00056,0.00067,-0.0076,-16.23,73.34,0.2993,0.0264,11.492,0.153,4.892,0.0,0,0.14,-0.0,1,0.0,0.075
0,550,11.0,turn,0.00324,0.00262,0.0019,0.00324,-0.0076,-15.05,74.88,0.2984,0.0257,11.178,1.702,3.123,0.0,0,0.0,-0.0,1,2.389,1.28
1,550,11.0,turn,0.00346,0.00282,0.002,0.00346,-0.0076,-13.02,76.94,0.2987,0.0324,11.292,1.684,0.0,0.0,0,0.0,-0.0,1,1.709,1.268
2,550,11.0,turn,0.0025,0.0024,0.00067,0.0025,-0.0076,-14.67,75.33,0.2956,0.0172,10.137,1.635,7.214,0.0,0,-0.0,-0.0,1,1.981,1.057
3,550,11.0,turn,0.00274,0.00209,0.00178,0.00274,-0.0076,-15.98,74.02,0.2996,0.0261,11.564,1.675,0.0,0.0,0,0.0,-0.0,1,3.01,0.255
0,551,11.02,turn,0.00423,0.00272,0.00324,0.00423,-0.0076,-14.99,73.74,0.2991,0.0251,11.294,1.655,11.578,0.0,0,-0.0,0.39,1,6.427,1.399
1,551,11.02,turn,0.00387,0.0027,0.00278,0.00387,-0.0076,-13.1,75.66,0.2994,0.0318,11.417,1.617,12.856,0.0,0,-0.0,0.5,1,4.262,1.312
2,551,11.02,turn,0.00193,0.00097,0.00167,0.00193,-0.0076,-14.96,74.38,0.2964,0.0165,10.247,1.612,13.249,0.0,0,-0.0,1.2,1,4.878,0.6
3,551,11.02,turn,0.00479,0.00333,0.00344,0.00479,-0.0076,-16.17,73.18,0.3003,0.0255,11.7,1.662,10.853,0.0,0,-0.0,0.71,1,9.015,0.109
0,552,11.04,turn,0.00369,0.00109,0.00353,0.00369,-0.0076,-14.92,71.62,0.2999,0.0243,11.389,1.614,13.429,0.0,0,-0.0,1.75,1,6.826,0.842
1,552,11.04,turn,0.00318,0.00098,0.00303,0.00318,-0.0076,-13.18,73.23,0.3002,0.0312,11.519,1.599,14.696,0.0,0,-0.0,1.84,1,4.501,0.768
2,552,11.04,turn,0.00233,0.00126,0.00197,0.00233,-0.0076,-14.93,72.63,0.2974,0.0156,10.326,1.62,13.949,0.0,0,-0.0,2.78,1,5.389,0.228
3,552,11.04,turn,0.00517,0.00373,0.00357,0.00517,-0.0076,-16.25,71.33,0.3011,0.0248,11.818,1.627,12.375,0.0,0,-0.0,2.29,1,8.864,0.655
0,553,11.06,turn,0.00455,0.00277,0.00361,0.00455,-0.0076,-14.97,68.94,0.3009,0.0234,11.47,1.638,10.651,0.0,0,-0.0,4.21,1,7.032,0.655
1,553,11.06,turn,0.00413,0.00271,0.00312,0.00413,-0.0076,-13.45,70.16,0.3011,0.0305,11.603,1.636,11.321,0.0,0,-0.0,4.36,1,4.808,0.765
2,553,11.06,turn,0.00458,0.00407,0.00208,0.00458,-0.0076,-14.82,70.35,0.2985,0.0147,10.394,1.622,11.739,0.0,0,-0.0,4.88,1,5.767,1.369
3,553,11.06,turn,0.00672,0.00571,0.00355,0.00672,-0.0076,-16.2,69.02,0.3021,0.024,11.917,1.623,11.359,0.0,0,-0.0,4.36,1,8.485,1.789
0,554,11.08,turn,0.00745,0.00656,0.00353,0.00745,-0.0076,-15.28,65.89,0.3019,0.0225,11.555,1.653,9.022,0.0,0,-0.0,6.95,1,7.018,2.262
1,554,11.08,turn,0.00749,0.00677,0.00322,0.00749,-0.0076,-13.94,66.9,0.302,0.0298,11.634,1.661,8.598,0.0,0,-0.0,7.2,1,5.049,2.444
2,554,11.08,turn,0.00703,0.00675,0.00196,0.00703,-0.0076,-14.99,67.58,0.2997,0.014,10.464,1.611,11.425,0.0,0,-0.0,6.94,1,5.757,2.532
3,554,11.08,turn,0.00889,0.00819,0.00345,0.00889,-0.0076,-16.34,66.3,0.3031,0.0233,12.008,1.618,10.891,0.0,0,-0.0,6.42,1,8.087,2.972
0,555,11.1,turn,0.00925,0.00872,0.00308,0.00925,-0.0076,-15.76,62.88,0.3028,0.0217,11.558,1.645,10.928,0.0,0,0.1,8.64,1,6.77,3.199
1,555,11.1,turn,0.00928,0.00877,0.00302,0.00928,-0.0076,-14.14,64.12,0.3029,0.0292,11.588,1.667,10.16,0.0,0,-0.0,8.81,1,4.855,3.346
2,555,11.1,turn,0.00888,0.00879,0.00128,0.00888,-0.0076,-15.59,64.55,0.3006,0.0133,10.425,1.644,11.546,0.0,0,0.12,8.56,1,5.359,3.424
3,555,11.1,turn,0.01052,0.01009,0.00298,0.01052,-0.0076,-16.82,63.33,0.304,0.0226,12.027,1.636,11.004,0.0,0,0.1,8.08,1,7.663,3.922
0,556,11.12,turn,0.01034,0.01005,0.00242,0.01034,-0.0076,-16.29,59.9,0.3035,0.0209,11.486,1.628,12.563,0.0,0,0.24,9.82,1,6.42,3.815
1,556,11.12,turn,0.01058,0.01021,0.00278,0.01058,-0.0076,-14.45,61.33,0.3038,0.0285,11.515,1.666,11.169,0.0,0,-0.0,10.06,1,4.595,4.026
2,556,11.12,turn,0.00982,0.0098,0.00051,0.00982,-0.0076,-16.07,61.62,0.3013,0.0125,10.309,1.608,13.941,0.0,0,0.25,9.53,1,5.022,3.908
3,556,11.12,turn,0.01156,0.01129,0.00244,0.01156,-0.0076,-17.28,60.38,0.3047,0.022,11.96,1.64,11.939,0.0,0,0.2,9.24,1,7.223,4.557
0,557,11.14,turn,0.0123,0.01211,0.00214,0.0123,-0.0076,-16.9,56.84,0.304,0.0201,11.39,1.615,12.719,0.0,0,0.27,11.39,1,6.195,4.732
1,557,11.14,turn,0.01256,0.0123,0.00255,0.01256,-0.0076,-15.01,58.32,0.3044,0.0277,11.412,1.651,11.109,0.0,0,-0.0,11.67,1,4.604,4.991
2,557,11.14,turn,0.01127,0.01127,0.0001,0.01127,-0.0076,-16.57,58.59,0.3018,0.0118,10.172,1.604,14.066,0.0,0,0.28,10.72,1,5.045,4.566
3,557,11.14,turn,0.01298,0.01274,0.00249,0.01298,-0.0076,-17.73,57.41,0.3052,0.0214,11.852,1.648,11.797,0.0,0,0.13,10.48,1,6.915,5.285
0,558,11.16,turn,0.01372,0.01351,0.0024,0.01372,-0.0076,-17.24,53.97,0.3043,0.0193,11.232,1.638,12.814,0.0,0,0.14,12.5,1,6.243,5.385
1,558,11.16,turn,0.01457,0.01439,0.00228,0.01457,-0.0076,-15.46,55.35,0.3048,0.0268,11.251,1.656,12.089,0.0,0,-0.0,13.27,1,4.824,5.978
2,558,11.16,turn,0.01228,0.01228,-7e-05,0.01228,-0.0076,-16.84,55.89,0.302,0.011,9.997,1.626,13.817,0.0,0,0.22,11.55,1,5.314,5.005
3,558,11.16,turn,0.01418,0.0139,0.0028,0.01418,-0.0076,-18.01,54.64,0.3054,0.0208,11.688,1.675,11.265,0.0,0,-0.0,11.53,1,6.774,5.912
0,559,11.18,turn,0.01468,0.01444,0.00267,0.01468,-0.0076,-17.37,52.17,0.3043,0.0186,11.045,1.648,11.514,0.0,0,-0.0,13.42,1,6.308,5.927
1,559,11.18,turn,0.01609,0.01593,0.00228,0.01609,-0.0076,-15.49,53.33,0.3049,0.0257,11.045,1.668,11.613,0.0,0,-0.0,14.63,1,5.201,6.831
2,559,11.18,turn,0.01249,0.01249,1e-05,0.01249,-0.0076,-16.81,54.29,0.3019,0.0103,9.803,1.644,13.063,0.0,0,0.11,12.07,1,5.614,5.243
3,559,11.18,turn,0.01474,0.01452,0.00251,0.01474,-0.0076,-17.9,53.06,0.3053,0.02,11.509,1.691,10.186,0.0,0,-0.0,12.35,1,6.527,6.39
0,560,11.2,turn,0.01491,0.01472,0.00235,0.01491,-0.0076,-17.17,50.98,0.304,0.0177,10.856,1.653,12.795,0.0,0,-0.0,13.98,1,6.176,6.222
1,560,11.2,turn,0.0169,0.01672,0.00248,0.0169,-0.0076,-15.15,52.46,0.3047,0.0244,10.833,1.67,10.696,0.0,0,-0.0,15.55,1,5.675,7.414
2,560,11.2,turn,0.01206,0.01206,0.00015,0.01206,-0.0076,-16.61,53.18,0.3016,0.0094,9.613,1.65,13.234,0.0,0,-0.0,12.23,1,5.889,5.24
3,560,11.2,turn,0.01441,0.01424,0.00223,0.01441,-0.0076,-17.37,52.5,0.305,0.0191,11.321,1.706,9.681,0.0,0,-0.0,12.62,1,6.244,6.496
0,561,11.22,turn,0.01509,0.01495,0.00202,0.01509,-0.0076,-16.88,49.9,0.3035,0.0166,10.669,1.658,13.117,0.0,0,-0.0,14.5,1,6.19,6.493
1,561,11.22,turn,0.01712,0.01697,0.00228,0.01712,-0.0076,-14.84,51.72,0.3043,0.0229,10.632,1.667,11.305,0.0,0,-0.0,16.1,1,5.795,7.758
2,561,11.22,turn,0.01162,0.01162,-0.00014,0.01162,-0.0076,-16.47,51.8,0.3012,0.0084,9.443,1.654,13.757,0.0,0,-0.0,12.31,1,6.393,5.165
3,561,11.22,turn,0.0141,0.01396,0.00196,0.0141,-0.0076,-16.94,51.61,0.3045,0.0179,11.139,1.682,11.094,0.0,0,-0.0,12.92,1,5.982,6.615
0,562,11.24,turn,0.0153,0.0152,0.00173,0.0153,-0.0076,-16.56,48.75,0.303,0.0154,10.484,1.656,13.75,0.0,0,-0.0,15.05,1,6.254,6.791
1,562,11.24,turn,0.01709,0.01697,0.00199,0.01709,-0.0076,-14.58,50.66,0.3037,0.0212,10.426,1.66,12.722,0.0,0,-0.0,16.51,1,5.89,8.006
2,562,11.24,turn,0.01144,0.01144,-0.00041,0.01144,-0.0076,-16.34,50.18,0.3006,0.0074,9.29,1.656,13.867,0.0,0,-0.0,12.5,1,7.132,5.145
3,562,11.24,turn,0.01412,0.01402,0.00172,0.01412,-0.0076,-16.7,50.53,0.3039,0.0165,10.962,1.674,11.629,0.0,0,-0.0,13.4,1,5.874,6.856
0,563,11.26,turn,0.01543,0.01536,0.00148,0.01543,-0.0076,-16.31,47.7,0.3023,0.014,10.292,1.662,14.179,0.0,0,-0.0,15.57,1,6.41,7.061
1,563,11.26,turn,0.01732,0.01722,0.00178,0.01732,-0.0076,-14.48,49.3,0.303,0.0193,10.208,1.668,12.727,0.0,0,-0.0,17.06,1,6.221,8.352
2,563,11.26,turn,0.01187,0.01185,-0.00065,0.01187,-0.0076,-16.34,48.38,0.3,0.0062,9.141,1.653,14.364,0.0,0,-0.0,13.09,1,7.82,5.394
3,563,11.26,turn,0.01422,0.01414,0.00151,0.01422,-0.0076,-16.56,49.38,0.3031,0.015,10.785,1.673,11.683,0.0,0,-0.0,13.89,1,5.88,7.105
0,564,11.28,turn,0.01541,0.01536,0.00128,0.01541,-0.0076,-16.14,46.49,0.3015,0.0126,10.098,1.662,14.593,0.0,0,-0.0,15.96,1,6.695,7.251
1,564,11.28,turn,0.0174,0.01731,0.00176,0.0174,-0.0076,-14.42,47.93,0.3022,0.0173,9.979,1.675,12.537,0.0,0,-0.0,17.51,1,6.629,8.629
2,564,11.28,turn,0.01221,0.01218,-0.00085,0.01221,-0.0076,-16.3,46.9,0.2993,0.0052,8.982,1.343,14.316,0.0,0,-0.0,13.61,1,8.44,5.602
3,564,11.28,turn,0.01398,0.01392,0.00131,0.01398,-0.0076,-16.43,48.06,0.3023,0.0133,10.602,1.673,12.318,0.0,0,-0.0,14.14,1,6.096,7.186
0,565,11.3,turn,0.01519,0.01514,0.00113,0.01519,-0.0076,-16.03,45.08,0.3006,0.011,9.9,1.664,15.328,0.0,0,-0.0,16.19,1,7.196,7.321
1,565,11.3,turn,0.01713,0.01704,0.00175,0.01713,-0.0076,-14.3,46.65,0.3013,0.0152,9.741,1.668,13.762,0.0,0,-0.0,17.77,1,7.083,8.775
2,565,11.3,turn,0.01187,0.01182,-0.00101,0.01187,-0.0076,-16.13,46.14,0.2986,0.0043,8.81,0.563,14.316,0.0,0,-0.0,13.77,1,8.88,5.555
3,565,11.3,turn,0.01375,0.0137,0.00115,0.01375,-0.0076,-16.38,46.52,0.3014,0.0114,10.417,1.671,12.843,0.0,0,-0.0,14.37,1,6.516,7.241
0,566,11.32,turn,0.0151,0.01506,0.001,0.0151,-0.0076,-15.92,43.6,0.2997,0.0093,9.702,1.27,15.394,0.0,0,-0.0,16.52,1,7.82,7.453
1,566,11.32,turn,0.01674,0.01666,0.00165,0.01674,-0.0076,-14.08,45.15,0.3004,0.0129,9.493,1.662,14.376,0.0,0,-0.0,17.88,1,7.687,8.812
2,566,11.32,turn,0.01107,0.01101,-0.00111,0.01107,-0.0076,-15.94,45.81,0.2977,0.0038,8.628,0.582,14.396,0.0,0,-0.0,13.69,1,9.136,5.336
3,566,11.32,turn,0.01345,0.01341,0.001,0.01345,-0.0076,-16.23,44.95,0.3005,0.0095,10.228,1.563,13.251,0.0,0,-0.0,14.55,1,7.06,7.262
0,567,11.34,turn,0.01485,0.01482,0.00088,0.01485,-0.0076,-15.69,42.64,0.2987,0.0076,9.501,0.564,15.05,0.0,0,-0.0,16.79,1,8.237,7.544
1,567,11.34,turn,0.0165,0.01642,0.00153,0.0165,-0.0076,-13.84,43.75,0.2994,0.0105,9.239,1.082,14.019,0.0,0,-0.0,18.08,1,8.355,8.893
2,567,11.34,turn,0.01063,0.01057,-0.00118,0.01063,-0.0076,-15.9,45.11,0.2969,0.0039,8.452,0.646,15.54,0.0,0,-0.0,13.82,1,9.388,5.245
3,567,11.34,turn,0.01308,0.01305,0.00082,0.01308,-0.0076,-15.96,43.63,0.2995,0.0076,10.04,0.75,13.081,0.0,0,-0.0,14.69,1,7.618,7.238
0,568,11.36,turn,0.01432,0.0143,0.00079,0.01432,-0.0076,-15.45,41.97,0.2977,0.0059,9.292,0.651,14.974,0.0,0,-0.0,16.92,1,8.526,7.524
1,568,11.36,turn,0.01615,0.01608,0.00156,0.01615,-0.0076,-13.6,42.86,0.2984,0.008,8.985,0.757,13.647,0.0,0,-0.0,18.29,1,8.655,8.976
2,568,11.36,turn,0.01053,0.01045,-0.00127,0.01053,-0.0076,-15.87,44.31,0.296,0.0046,8.282,0.61,15.498,0.0,0,-0.0,14.1,1,9.711,5.246
3,568,11.36,turn,0.01258,0.01256,0.00072,0.01258,-0.0076,-15.71,42.94,0.2984,0.0057,9.844,0.728,12.906,0.0,0,-0.0,14.81,1,7.938,7.19
0,569,11.38,turn,0.01351,0.01349,0.00073,0.01351,-0.0076,-15.29,41.44,0.2967,0.0045,9.083,0.805,15.027,0.0,0,-0.0,16.85,1,8.842,7.359
1,569,11.38,turn,0.01557,0.01551,0.00145,0.01557,-0.0076,-13.41,42.18,0.2974,0.0055,8.733,0.808,14.246,0.0,0,-0.0,18.32,1,8.955,8.922
2,569,11.38,turn,0.01034,0.01025,-0.00135,0.01034,-0.0076,-15.79,43.56,0.2951,0.0057,8.112,0.604,15.642,0.0,0,-0.0,14.35,1,10.047,5.213
3,569,11.38,turn,0.01195,0.01193,0.00061,0.01195,-0.0076,-15.56,42.22,0.2974,0.0043,9.645,0.826,13.436,0.0,0,-0.0,14.79,1,8.256,7.038
0,570,11.4,turn,0.01263,0.01261,0.0007,0.01263,-0.0076,-15.21,41.21,0.2956,0.0038,8.876,0.912,14.025,0.0,0,-0.0,16.72,1,9.089,7.132
1,570,11.4,turn,0.0147,0.01464,0.00137,0.0147,-0.0076,-13.25,41.91,0.2964,0.0034,8.478,0.918,13.885,0.0,0,-0.0,18.21,1,9.231,8.765
2,570,11.4,turn,0.00972,0.00961,-0.00144,0.00972,-0.0076,-15.67,43.35,0.2942,0.007,7.93,0.7,14.595,0.0,0,0.01,14.3,1,10.343,4.968
3,570,11.4,turn,0.01095,0.01093,0.00056,0.01095,-0.0076,-15.36,42.1,0.2963,0.0038,9.444,0.887,13.167,0.0,0,-0.0,14.61,1,8.477,6.755
0,571,11.42,turn,0.0119,0.01188,0.00069,0.0119,-0.0076,-15.15,40.98,0.2946,0.0041,8.663,0.954,13.971,0.0,0,-0.0,16.68,1,9.262,6.946
1,571,11.42,turn,0.01392,0.01385,0.00136,0.01392,-0.0076,-13.14,41.66,0.2954,0.0025,8.217,0.988,13.89,0.0,0,-0.0,18.12,1,9.422,8.591
2,571,11.42,turn,0.00895,0.00884,-0.00139,0.00895,-0.0076,-15.59,43.22,0.2933,0.0084,7.741,0.766,15.385,0.0,0,-0.0,14.29,1,10.388,4.678
3,571,11.42,turn,0.01033,0.01031,0.00052,0.01033,-0.0076,-15.25,41.75,0.2953,0.0046,9.236,0.923,13.337,0.0,0,-0.0,14.64,1,8.648,6.596
0,572,11.44,turn,0.01149,0.01147,0.00068,0.01149,-0.0076,-15.11,40.41,0.2937,0.0054,8.436,0.95,14.754,0.0,0,-0.0,16.86,1,9.446,6.903
1,572,11.44,turn,0.01362,0.01355,0.00138,0.01362,-0.0076,-13.09,41.1,0.2944,0.0041,7.948,0.99,14.006,0.0,0,-0.0,18.35,1,9.574,8.625
2,572,11.44,turn,0.00869,0.00857,-0.00141,0.00869,-0.0076,-15.55,42.78,0.2926,0.0098,7.546,0.77,16.237,0.0,0,-0.0,14.55,1,10.406,4.555
3,572,11.44,turn,0.01007,0.01006,0.00048,0.01007,-0.0076,-15.18,41.25,0.2943,0.0063,9.01,0.934,12.878,0.0,0,-0.0,14.95,1,8.771,6.612
0,573,11.46,turn,0.01114,0.01112,0.00064,0.01114,-0.0076,-15.03,39.76,0.2928,0.0071,8.196,0.949,15.046,0.0,0,-0.0,17.07,1,9.712,6.858
1,573,11.46,turn,0.0136,0.01352,0.00139,0.0136,-0.0076,-13.07,40.35,0.2935,0.0065,7.672,0.986,14.175,0.0,0,-0.0,18.73,1,9.747,8.758
2,573,11.46,turn,0.00864,0.00852,-0.00145,0.00864,-0.0076,-15.49,41.97,0.2918,0.0114,7.341,0.768,16.162,0.0,0,-0.0,14.91,1,10.67,4.495
3,573,11.46,turn,0.00983,0.00982,0.00042,0.00983,-0.0076,-15.11,40.66,0.2935,0.0083,8.77,0.946,13.201,0.0,0,-0.0,15.25,1,8.901,6.62
0,574,11.48,turn,0.01056,0.01055,0.00059,0.01056,-0.0076,-14.89,39.39,0.292,0.0091,7.949,0.953,14.951,0.0,0,-0.0,17.09,1,9.963,6.682
1,574,11.48,turn,0.01341,0.01334,0.0014,0.01341,-0.0076,-12.98,39.78,0.2927,0.0091,7.395,1.022,13.59,0.0,0,-0.0,19.01,1,9.895,8.813
2,574,11.48,turn,0.00834,0.0082,-0.00151,0.00834,-0.0076,-15.35,41.41,0.2911,0.0129,7.127,0.786,16.027,0.0,0,-0.0,15.04,1,10.981,4.275
3,574,11.48,turn,0.00939,0.00939,0.00037,0.00939,-0.0076,-15.0,40.22,0.2927,0.0104,8.523,0.962,13.223,0.0,0,-0.0,15.43,1,9.043,6.534
0,575,11.5,turn,0.00997,0.00996,0.00054,0.00997,-0.0076,-14.8,39.03,0.2913,0.0111,7.696,0.996,14.922,0.0,0,-0.0,17.06,1,10.231,6.449
1,575,11.5,turn,0.013,0.01293,0.00133,0.013,-0.0076,-12.93,39.49,0.292,0.0117,7.116,1.008,13.883,0.0,0,-0.0,19.21,1,9.995,8.807
2,575,11.5,turn,0.00797,0.00783,-0.00152,0.00797,-0.0076,-15.3,40.93,0.2905,0.0145,6.902,0.826,17.583,0.0,0,-0.0,15.21,1,11.172,4.064
3,575,11.5,turn,0.00891,0.00891,0.00032,0.00891,-0.0076,-14.94,39.8,0.292,0.0126,8.272,0.97,13.313,0.0,0,-0.0,15.54,1,9.205,6.398
0,576,11.52,turn,0.00974,0.00973,0.0005,0.00974,-0.0076,-14.84,38.37,0.2907,0.0131,7.44,1.019,15.52,0.0,0,-0.0,17.3,1,10.465,6.391
1,576,11.52,turn,0.01255,0.01248,0.00125,0.01255,-0.0076,-12.95,38.91,0.2913,0.0142,6.831,1.013,15.019,0.0,0,-0.0,19.37,1,10.13,8.761
2,576,11.52,turn,0.00786,0.0077,-0.00156,0.00786,-0.0076,-15.28,40.23,0.2899,0.0161,6.666,0.777,17.957,0.0,0,-0.0,15.54,1,11.305,3.956
3,576,11.52,turn,0.00855,0.00855,0.00027,0.00855,-0.0076,-14.96,39.19,0.2914,0.0147,8.016,0.97,13.572,0.0,0,-0.0,15.72,1,9.433,6.2
0,577,11.54,turn,0.00957,0.00955,0.00047,0.00957,-0.0076,-14.88,37.85,0.2901,0.0151,7.18,0.976,15.783,0.0,0,-0.0,17.59,1,10.604,6.271
1,577,11.54,turn,0.01225,0.01219,0.00117,0.01225,-0.0076,-13.02,38.34,0.2908,0.0167,6.543,1.017,14.526,0.0,0,-0.0,19.58,1,10.377,8.739
2,577,11.54,turn,0.00774,0.00757,-0.00162,0.00774,-0.0076,-15.2,39.47,0.2894,0.0177,6.424,0.734,17.173,0.0,0,-0.0,15.79,1,11.676,3.79
3,577,11.54,turn,0.0084,0.0084,0.00022,0.0084,-0.0076,-15.01,38.55,0.2908,0.0169,7.754,0.96,13.34,0.0,0,-0.0,16.03,1,9.639,6.094
0,578,11.56,turn,0.00916,0.00915,0.00044,0.00916,-0.0076,-14.83,37.33,0.2897,0.0172,6.917,0.926,15.765,0.0,0,-0.0,17.73,1,10.849,6.04
1,578,11.56,turn,0.01182,0.01176,0.00109,0.01182,-0.0076,-13.02,37.87,0.2903,0.0192,6.255,1.004,14.985,0.0,0,-0.0,19.72,1,10.577,8.662
2,578,11.56,turn,0.00749,0.0073,-0.00169,0.00749,-0.0076,-15.02,38.77,0.2891,0.0194,6.175,0.724,17.484,0.0,0,-0.0,15.94,1,12.018,3.548
3,578,11.56,turn,0.00814,0.00814,0.00019,0.00814,-0.0076,-14.98,38.01,0.2904,0.0191,7.487,0.945,13.7,0.0,0,-0.0,16.29,1,9.776,5.942
0,579,11.58,turn,0.0087,0.00869,0.00041,0.0087,-0.0076,-14.71,36.8,0.2893,0.0193,6.651,0.944,16.11,0.0,0,-0.0,17.76,1,11.162,5.72
1,579,11.58,turn,0.01145,0.01141,0.00102,0.01145,-0.0076,-12.96,37.32,0.2899,0.0217,5.965,0.977,15.229,0.0,0,-0.0,19.9,1,10.79,8.605
2,579,11.58,turn,0.00734,0.00713,-0.00176,0.00734,-0.0076,-14.8,37.99,0.2887,0.0212,5.924,0.758,17.954,0.0,0,-0.0,16.13,1,12.394,3.322
3,579,11.58,turn,0.00788,0.00788,0.00015,0.00788,-0.0076,-14.89,37.47,0.2901,0.0213,7.216,0.93,13.942,0.0,0,-0.0,16.58,1,9.91,5.804
0,580,11.6,turn,0.00851,0.0085,0.00037,0.00851,-0.0076,-14.58,36.07,0.289,0.0216,6.378,0.946,16.217,0.0,0,-0.0,17.98,1,11.51,5.519
1,580,11.6,turn,0.01117,0.01114,0.00091,0.01117,-0.0076,-12.84,36.58,0.2896,0.0241,5.677,0.971,16.086,0.0,0,-0.0,20.14,1,11.023,8.576
2,580,11.6,turn,0.00739,0.00715,-0.00185,0.00739,-0.0076,-14.56,37.04,0.2884,0.0231,5.671,0.819,18.465,0.0,0,-0.0,16.46,1,12.817,3.182
3,580,11.6,turn,0.00783,0.00783,0.0001,0.00783,-0.0076,-14.78,36.73,0.2898,0.0236,6.941,0.916,14.224,0.0,0,-0.0,16.97,1,10.099,5.726
0,581,11.62,turn,0.00846,0.00846,0.00036,0.00846,-0.0076,-14.38,35.4,0.2889,0.0239,6.098,0.917,16.48,0.0,0,-0.0,18.39,1,11.625,5.441
1,581,11.62,turn,0.01082,0.01079,0.00081,0.01082,-0.0076,-12.65,35.99,0.2893,0.0267,5.388,0.975,16.32,0.0,0,-0.0,20.29,1,11.307,8.479
2,581,11.62,turn,0.00744,0.00718,-0.00195,0.00744,-0.0076,-14.28,36.08,0.2882,0.0251,5.409,0.806,18.637,0.0,0,-0.0,16.8,1,13.239,3.049
3,581,11.62,turn,0.00771,0.00771,5e-05,0.00771,-0.0076,-14.61,36.07,0.2896,0.026,6.662,0.909,14.469,0.0,0,-0.0,17.31,1,10.295,5.615
0,582,11.64,turn,0.00832,0.00832,0.00033,0.00832,-0.0076,-14.19,34.91,0.2888,0.0263,5.816,0.965,16.216,0.0,0,-0.0,18.7,1,11.817,5.293
1,582,11.64,turn,0.01051,0.01048,0.00075,0.01051,-0.0076,-12.57,35.53,0.2892,0.0292,5.1,1.036,14.965,0.0,0,-0.0,20.45,1,11.59,8.375
2,582,11.64,turn,0.00728,0.00701,-0.002,0.00728,-0.0076,-14.06,35.57,0.2881,0.0272,5.133,0.923,16.756,0.0,0,-0.0,16.97,1,13.617,2.792
3,582,11.64,turn,0.00749,0.00749,1e-05,0.00749,-0.0076,-14.48,35.63,0.2895,0.0284,6.383,0.979,13.646,0.0,0,-0.0,17.54,1,10.497,5.422
0,583,11.66,turn,0.00833,0.00833,0.0003,0.00833,-0.0076,-14.16,34.43,0.2887,0.0286,5.534,0.993,15.709,0.0,0,-0.0,19.15,1,11.937,5.235
1,583,11.66,turn,0.01029,0.01026,0.00074,0.01029,-0.0076,-12.66,35.04,0.2892,0.0315,4.814,1.029,15.033,0.0,0,-0.0,20.76,1,11.783,8.362
2,583,11.66,turn,0.00711,0.00683,-0.00198,0.00711,-0.0076,-13.98,35.13,0.288,0.0292,4.849,0.971,17.489,0.0,0,-0.0,17.26,1,13.718,0.036
3,583,11.66,turn,0.00745,0.00745,-0.0,0.00745,-0.0076,-14.53,35.09,0.2895,0.0307,6.106,1.016,11.914,0.0,0,-0.0,17.9,1,10.683,5.314
0,584,11.68,turn,0.00824,0.00823,0.00032,0.00824,-0.0076,-14.21,33.85,0.2887,0.0309,5.254,1.029,15.639,0.0,0,-0.0,19.51,1,12.019,5.118
1,584,11.68,turn,0.00983,0.0098,0.00076,0.00983,-0.0076,-12.78,34.6,0.2892,0.0338,4.528,1.026,16.281,0.0,0,-0.0,20.91,1,11.856,8.108
2,584,11.68,turn,0.00764,0.00739,-0.00194,0.00764,-0.0076,-14.16,34.47,0.288,0.0313,4.585,0.99,12.122,0.0,0,-0.0,18.22,1,13.821,0.296
3,584,11.68,turn,0.00727,0.00727,-1e-05,0.00727,-0.0076,-14.66,34.52,0.2895,0.0329,5.829,1.004,13.246,0.0,0,0.01,18.23,1,10.854,5.174
0,585,11.7,turn,0.00788,0.00788,0.00023,0.00788,-0.0076,-14.35,33.44,0.2888,0.033,4.976,1.022,15.806,0.0,0,0.04,19.64,1,12.171,4.83
1,585,11.7,turn,0.00922,0.00919,0.0008,0.00922,-0.0076,-12.94,34.27,0.2893,0.0359,4.241,1.027,16.21,0.0,0,-0.0,20.95,1,12.013,7.767
2,585,11.7,turn,0.00773,0.0075,-0.0019,0.00773,-0.0076,-14.09,33.91,0.2879,0.0334,4.33,1.011,12.981,0.0,0,-0.0,18.73,1,13.829,0.33
3,585,11.7,turn,0.00681,0.00681,5e-05,0.00681,-0.0076,-14.77,34.06,0.2896,0.0349,5.548,0.977,13.379,0.0,0,-0.0,18.32,1,11.001,4.87
0,586,11.72,turn,0.00736,0.00735,0.00015,0.00736,-0.0076,-14.46,33.16,0.2888,0.035,4.693,0.998,16.392,0.0,0,0.07,19.59,1,12.325,4.405
1,586,11.72,turn,0.00857,0.00852,0.00085,0.00857,-0.0076,-13.08,33.95,0.2893,0.0379,3.951,1.027,16.787,0.0,0,-0.0,20.92,1,12.172,7.366
2,586,11.72,turn,0.00743,0.00717,-0.00192,0.00743,-0.0076,-13.94,33.69,0.288,0.0354,4.067,1.016,13.501,0.0,0,0.01,18.94,1,13.839,0.153
3,586,11.72,turn,0.00613,0.00613,9e-05,0.00613,-0.0076,-14.86,33.8,0.2896,0.0369,5.263,0.985,13.094,0.0,0,-0.0,18.24,1,11.217,4.441
0,587,11.74,turn,0.00694,0.00694,9e-05,0.00694,-0.0076,-14.6,32.8,0.2889,0.0369,4.406,1.002,16.739,0.0,0,0.11,19.55,1,12.553,0.013
1,587,11.74,turn,0.00787,0.00782,0.00088,0.00787,-0.0076,-13.21,33.62,0.2894,0.0398,3.656,0.981,17.507,0.0,0,-0.0,20.79,1,12.413,6.884
2,587,11.74,turn,0.00719,0.00685,-0.00218,0.00719,-0.0076,-13.95,33.46,0.288,0.0374,3.8,1.017,15.8,0.0,0,0.09,19.14,1,13.867,0.077
3,587,11.74,turn,0.00543,0.00543,8e-05,0.00543,-0.0076,-14.96,33.58,0.2897,0.0387,4.976,1.002,13.224,0.0,0,0.01,18.15,1,11.379,3.977
0,588,11.76,turn,0.00749,0.00747,0.00057,0.00749,-0.0076,-14.85,32.42,0.2889,0.0388,4.118,0.977,12.298,0.0,0,-0.0,20.79,1,12.352,0.538
1,588,11.76,turn,0.00712,0.00706,0.0009,0.00712,-0.0076,-13.26,33.47,0.2894,0.0415,3.36,0.977,17.464,0.0,0,-0.0,20.57,1,12.662,6.317
2,588,11.76,turn,0.00698,0.00653,-0.00247,0.00698,-0.0076,-14.04,33.38,0.2879,0.0393,3.539,0.966,16.159,0.0,0,0.18,19.27,1,13.773,0.337
3,588,11.76,turn,0.0047,0.0047,9e-05,0.0047,-0.0076,-15.02,33.42,0.2897,0.0405,4.689,0.981,13.562,0.0,0,0.02,17.95,1,11.585,0.443
0,589,11.78,turn,0.0082,0.00818,0.00054,0.0082,-0.0076,-14.99,32.04,0.2889,0.0406,3.836,1.004,10.982,0.0,0,-0.0,21.88,1,11.878,0.984
1,589,11.78,turn,0.00647,0.0064,0.00094,0.00647,-0.0076,-13.32,33.33,0.2894,0.0432,3.063,0.99,17.713,0.0,0,-0.0,20.27,1,12.94,0.142
2,589,11.78,turn,0.00677,0.00628,-0.00252,0.00677,-0.0076,-14.08,33.11,0.2878,0.0412,3.295,0.888,16.984,0.0,0,0.21,19.48,1,13.703,0.547
3,589,11.78,turn,0.00516,0.00515,0.00023,0.00516,-0.0076,-15.29,33.24,0.2897,0.0422,4.39,0.948,10.351,0.0,0,-0.0,18.99,1,11.382,0.071
0,590,11.8,turn,0.00756,0.00754,0.00054,0.00756,-0.0076,-14.75,31.96,0.2889,0.0424,3.555,0.982,15.067,0.0,0,-0.0,21.92,1,11.802,0.722
1,590,11.8,turn,0.00715,0.00708,0.00103,0.00715,-0.0076,-13.76,33.0,0.2894,0.0449,2.739,1.051,10.118,0.0,0,-0.0,21.55,1,12.7,0.405
2,590,11.8,turn,0.00662,0.0061,-0.00256,0.00662,-0.0076,-14.12,32.74,0.2877,0.043,3.062,0.823,16.749,0.0,0,0.23,19.72,1,13.768,0.746
3,590,11.8,turn,0.00557,0.00556,0.00022,0.00557,-0.0076,-15.29,33.02,0.2897,0.044,4.113,0.941,10.962,0.0,0,-0.0,19.85,1,11.012,0.188
0,591,11.82,turn,0.00688,0.00686,0.00057,0.00688,-0.0076,-14.61,31.9,0.2889,0.0442,3.272,0.99,16.531,0.0,0,-0.0,21.83,1,11.822,0.355
1,591,11.82,turn,0.00765,0.00758,0.00105,0.00765,-0.0076,-13.86,32.67,0.2893,0.0467,2.416,1.05,11.786,0.0,0,-0.0,22.53,1,12.32,0.771
2,591,11.82,turn,0.00649,0.00588,-0.00274,0.00649,-0.0076,-14.12,32.5,0.2875,0.0447,2.842,0.659,15.718,0.0,0,0.29,19.81,1,13.88,1.057
3,591,11.82,turn,0.00525,0.00524,0.00022,0.00525,-0.0076,-15.07,32.89,0.2897,0.0458,3.847,0.975,12.944,0.0,0,-0.0,20.14,1,10.859,0.065
0,592,11.84,turn,0.00636,0.00635,0.00046,0.00636,-0.0076,-14.66,31.75,0.2887,0.0459,2.998,0.967,15.866,0.0,0,0.05,21.75,1,11.938,0.138
1,592,11.84,turn,0.00743,0.00736,0.00104,0.00743,-0.0076,-13.71,32.53,0.2893,0.0484,2.099,1.049,13.813,0.0,0,-0.0,22.9,1,12.106,0.73
2,592,11.84,turn,0.00623,0.00557,-0.00279,0.00623,-0.0076,-14.02,32.46,0.2873,0.0463,2.636,0.713,15.584,0.0,0,0.31,19.74,1,14.024,1.487
3,592,11.84,turn,0.00462,0.00462,9e-05,0.00462,-0.0076,-14.97,32.82,0.2896,0.0476,3.572,0.982,13.663,0.0,0,0.04,20.11,1,10.898,0.288
0,593,11.86,turn,0.00594,0.00592,0.00056,0.00594,-0.0076,-14.73,31.6,0.2886,0.0476,2.75,0.919,16.579,0.0,0,0.05,21.73,1,12.077,0.489
1,593,11.86,turn,0.00683,0.00678,0.00084,0.00683,-0.0076,-13.66,32.39,0.2892,0.05,1.785,1.048,14.422,0.0,0,0.05,22.84,1,12.191,0.377
2,593,11.86,turn,0.00599,0.00535,-0.00268,0.00599,-0.0076,-14.0,32.39,0.2871,0.0478,2.441,0.819,15.79,0.0,0,0.3,19.95,1,13.964,1.734
3,593,11.86,turn,0.00409,0.00409,-7e-05,0.00409,-0.0076,-15.06,32.72,0.2894,0.0493,3.304,0.984,13.306,0.0,0,0.1,20.09,1,10.935,0.666
0,594,11.88,turn,0.00564,0.00558,0.00083,0.00564,-0.0076,-14.78,31.35,0.2884,0.0492,2.522,0.886,16.18,0.0,0,-0.0,21.78,1,12.16,0.804
1,594,11.88,turn,0.00626,0.00623,0.00062,0.00626,-0.0076,-13.79,32.37,0.289,0.0517,1.483,0.972,15.567,0.0,0,0.13,22.88,1,12.168,0.029
2,594,11.88,turn,0.00581,0.00522,-0.00255,0.00581,-0.0076,-13.99,32.31,0.2869,0.0493,2.255,0.744,15.334,0.0,0,0.28,20.25,1,13.843,1.922
3,594,11.88,turn,0.00365,0.00365,2e-05,0.00365,-0.0076,-15.19,32.62,0.2892,0.0509,3.056,0.965,13.307,0.0,0,0.11,20.12,1,10.96,1.006
0,595,11.9,turn,0.00536,0.0053,0.00082,0.00536,-0.0076,-14.81,31.19,0.2882,0.0507,2.306,0.745,16.485,0.0,0,0.01,21.76,1,12.28,1.189
1,595,11.9,turn,0.0058,0.00577,0.00059,0.0058,-0.0076,-13.93,32.3,0.2888,0.0533,1.205,0.973,15.992,0.0,0,0.15,22.89,1,12.104,0.362
2,595,11.9,turn,0.00563,0.00508,-0.00244,0.00563,-0.0076,-13.94,32.17,0.2867,0.0506,2.08,0.632,14.769,0.0,0,0.27,20.46,1,13.794,2.178
3,595,11.9,turn,0.00327,0.00325,0.00039,0.00327,-0.0076,-15.24,32.48,0.2889,0.0525,2.825,0.943,13.931,0.0,0,0.04,20.04,1,11.062,1.428
0,596,11.92,turn,0.00517,0.00509,0.00088,0.00517,-0.0076,-14.8,31.05,0.288,0.0522,2.105,0.693,15.421,0.0,0,-0.0,21.78,1,12.462,1.555
1,596,11.92,turn,0.00546,0.00544,0.00049,0.00546,-0.0076,-14.12,32.09,0.2886,0.0548,0.947,0.811,15.91,0.0,0,0.21,22.95,1,12.229,0.678
2,596,11.92,turn,0.00548,0.00496,-0.00232,0.00548,-0.0076,-13.84,32.05,0.2865,0.0519,1.914,0.637,14.96,0.0,0,0.24,20.43,1,13.946,2.623
3,596,11.92,turn,0.00317,0.0031,0.00065,0.00317,-0.0076,-15.3,32.31,0.2887,0.0539,2.609,0.853,14.293,0.0,0,-0.0,19.9,1,11.227,1.912
0,597,11.94,turn,0.00503,0.00495,0.00093,0.00503,-0.0076,-14.84,30.89,0.2878,0.0535,1.912,0.647,16.282,0.0,0,0.01,21.98,1,12.472,1.813
1,597,11.94,turn,0.00516,0.00515,0.00032,0.00516,-0.0076,-14.21,31.94,0.2883,0.0562,0.712,0.614,16.344,0.0,0,0.26,22.92,1,12.304,1.073
2,597,11.94,turn,0.0053,0.00488,-0.00206,0.0053,-0.0076,-13.8,32.0,0.2864,0.0532,1.763,0.692,16.65,0.0,0,0.19,20.68,1,13.796,2.879
3,597,11.94,turn,0.00326,0.00318,0.00071,0.00326,-0.0076,-15.33,32.1,0.2884,0.0553,2.415,0.666,14.863,0.0,0,-0.0,19.77,1,11.46,2.425
0,598,11.96,turn,0.00495,0.00486,0.00095,0.00495,-0.0076,-14.82,30.75,0.2876,0.0548,1.726,0.513,15.05,0.0,0,-0.0,22.22,1,12.443,2.054
1,598,11.96,turn,0.00502,0.00502,7e-05,0.00502,-0.0076,-14.31,31.77,0.288,0.0575,0.492,0.509,15.73,0.0,0,0.33,23.05,1,12.409,1.381
2,598,11.96,turn,0.00499,0.00469,-0.00168,0.00499,-0.0076,-13.8,31.84,0.2862,0.0543,1.622,0.663,15.897,0.0,0,0.11,21.14,1,13.603,2.99
3,598,11.96,turn,0.00334,0.00326,0.00076,0.00334,-0.0076,-15.3,31.89,0.2882,0.0567,2.239,0.533,14.617,0.0,0,-0.0,19.92,1,11.617,2.756
0,599,11.98,turn,0.0049,0.00481,0.00095,0.0049,-0.0076,-14.68,30.6,0.2873,0.056,1.548,0.502,14.76,0.0,0,-0.0,22.22,1,12.696,2.475
1,599,11.98,turn,0.00486,0.00486,3e-05,0.00486,-0.0076,-14.3,31.65,0.2877,0.0588,0.28,0.599,15.439,0.0,0,0.35,23.11,1,12.548,1.735
2,599,11.98,turn,0.00466,0.00449,-0.00125,0.00466,-0.0076,-13.76,31.58,0.2861,0.0554,1.486,0.623,16.361,0.0,0,0.02,21.59,1,13.544,3.108
3,599,11.98,turn,0.00338,0.00329,0.00077,0.00338,-0.0076,-15.19,31.73,0.2879,0.0581,2.07,0.48,13.24,0.0,0,-0.0,20.19,1,11.666,3.02
0,600,12.0,turn,0.00483,0.00473,0.00098,0.00483,-0.0076,-14.61,30.64,0.2871,0.0573,1.381,0.565,15.328,0.0,0,-0.0,22.6,1,12.533,2.641
1,600,12.0,turn,0.0047,0.00469,0.00015,0.0047,-0.0076,-14.31,31.65,0.2874,0.0599,0.074,0.667,14.424,0.0,0,0.33,23.35,1,12.443,1.967
2,600,12.0,turn,0.00457,0.00441,-0.00117,0.00457,-0.0076,-13.73,31.46,0.2859,0.0564,1.357,0.495,13.513,0.0,0,0.0,21.87,1,13.523,3.354
3,600,12.0,turn,0.0035,0.00341,0.00078,0.0035,-0.0076,-15.01,31.73,0.2876,0.0596,1.907,0.533,13.326,0.0,0,-0.0,20.4,1,11.674,3.326
0,601,12.02,turn,0.00468,0.00458,0.00096,0.00468,-0.0076,-14.54,30.6,0.2869,0.0585,1.222,0.546,13.448,0.0,0,-0.0,23.06,1,12.343,2.763
1,601,12.02,turn,0.0046,0.00458,0.00036,0.0046,-0.0076,-14.2,31.64,0.2871,0.061,-0.124,0.713,15.356,0.0,0,0.28,23.25,1,12.685,2.443
2,601,12.02,turn,0.0047,0.00455,-0.00115,0.0047,-0.0076,-13.58,31.44,0.2858,0.0574,1.247,0.397,13.271,0.0,0,-0.0,21.76,1,13.737,3.881
3,601,12.02,turn,0.00353,0.00344,0.0008,0.00353,-0.0076,-14.88,31.8,0.2873,0.061,1.748,0.595,13.733,0.0,0,-0.0,20.75,1,11.529,3.549
0,602,12.04,turn,0.0047,0.00461,0.00094,0.0047,-0.0076,-14.4,30.52,0.2867,0.0597,1.067,0.526,12.378,0.0,0,-0.0,23.06,1,12.486,3.2
1,602,12.04,turn,0.00448,0.00444,0.00066,0.00448,-0.0076,-14.18,31.75,0.2868,0.0621,-0.307,0.684,15.431,0.0,0,0.22,23.47,1,12.547,2.715
2,602,12.04,turn,0.00484,0.0047,-0.00115,0.00484,-0.0076,-13.51,31.43,0.2856,0.0584,1.158,0.456,14.337,0.0,0,-0.0,21.87,1,13.826,4.28
3,602,12.04,turn,0.00343,0.00334,0.00082,0.00343,-0.0076,-14.8,31.78,0.287,0.0624,1.595,0.579,13.303,0.0,0,-0.0,21.21,1,11.39,3.695
0,603,12.06,turn,0.00478,0.00468,0.00097,0.00478,-0.0076,-14.33,30.49,0.2865,0.0609,0.925,0.556,15.276,0.0,0,-0.0,23.34,1,12.491,3.466
1,603,12.06,turn,0.00435,0.00422,0.00107,0.00435,-0.0076,-14.17,31.68,0.2866,0.0631,-0.474,0.587,15.11,0.0,0,0.13,23.88,1,12.421,2.851
2,603,12.06,turn,0.00468,0.00455,-0.00108,0.00468,-0.0076,-13.56,31.31,0.2854,0.0594,1.079,0.413,16.117,0.0,0,-0.0,22.46,1,13.527,4.356
3,603,12.06,turn,0.00344,0.00334,0.00083,0.00344,-0.0076,-14.72,31.68,0.2866,0.0639,1.448,0.516,12.82,0.0,0,-0.0,21.6,1,11.324,3.9
0,604,12.08,turn,0.00453,0.00442,0.00101,0.00453,-0.0076,-14.37,30.36,0.2863,0.0621,0.798,0.472,14.41,0.0,0,-0.0,24.15,1,12.077,3.36
1,604,12.08,turn,0.00426,0.00399,0.00149,0.00426,-0.0076,-14.14,31.51,0.2863,0.064,-0.634,0.532,14.068,0.0,0,0.03,24.32,1,12.385,2.972
2,604,12.08,turn,0.0047,0.00458,-0.00108,0.0047,-0.0076,-13.44,31.03,0.2853,0.0604,1.008,0.261,17.124,0.0,0,-0.0,22.74,1,13.624,4.637
3,604,12.08,turn,0.00339,0.00328,0.00084,0.00339,-0.0076,-14.67,31.56,0.2863,0.0652,1.31,0.463,12.877,0.0,0,-0.0,22.05,1,11.257,4.057
0,605,12.1,turn,0.00433,0.00422,0.00095,0.00433,-0.0076,-14.33,30.13,0.286,0.0632,0.675,0.376,10.38,0.0,0,-0.0,24.62,1,12.106,3.483
1,605,12.1,turn,0.00421,0.00389,0.00162,0.00421,-0.0076,-14.15,31.34,0.2861,0.0648,-0.788,0.37,13.022,0.0,0,0.0,24.79,1,12.306,3.084
2,605,12.1,turn,0.00469,0.00456,-0.00109,0.00469,-0.0076,-13.32,30.88,0.2852,0.0614,0.943,0.313,14.904,0.0,0,-0.0,23.04,1,13.713,4.921
3,605,12.1,turn,0.00315,0.00304,0.00085,0.00315,-0.0076,-14.67,31.35,0.286,0.0666,1.18,0.409,12.514,0.0,0,-0.0,22.66,1,11.16,4.107
0,606,12.12,turn,0.00433,0.00423,0.00089,0.00433,-0.0076,-14.26,30.05,0.2858,0.0642,0.555,0.428,10.586,0.0,0,0.01,24.81,1,12.248,3.809
1,606,12.12,turn,0.00429,0.00398,0.00161,0.00429,-0.0076,-14.05,31.14,0.2859,0.0656,-0.925,0.266,13.623,0.0,0,-0.0,24.85,1,12.361,3.486
2,606,12.12,turn,0.00482,0.00469,-0.0011,0.00482,-0.0076,-13.19,30.76,0.285,0.0624,0.883,0.443,14.232,0.0,0,-0.0,23.23,1,13.808,5.278
3,606,12.12,turn,0.00289,0.00276,0.00085,0.00289,-0.0076,-14.66,31.2,0.2856,0.0678,1.058,0.335,11.847,0.0,0,-0.0,23.28,1,11.05,4.147
0,607,12.14,turn,0.00431,0.00419,0.00098,0.00431,-0.0076,-14.29,30.03,0.2855,0.0652,0.444,0.466,14.185,0.0,0,-0.0,25.37,1,11.872,3.874
1,607,12.14,turn,0.00418,0.00386,0.00161,0.00418,-0.0076,-14.04,31.05,0.2856,0.0664,-1.04,0.276,13.517,0.0,0,-0.0,25.31,1,12.286,3.63
2,607,12.14,turn,0.00506,0.00494,-0.00108,0.00506,-0.0076,-13.07,30.65,0.2848,0.0634,0.836,0.525,14.802,0.0,0,-0.0,23.39,1,13.917,5.67
3,607,12.14,turn,0.00275,0.00261,0.00084,0.00275,-0.0076,-14.63,31.07,0.2853,0.069,0.942,0.327,11.433,0.0,0,-0.0,23.81,1,10.981,4.241
0,608,12.16,turn,0.00404,0.00393,0.00095,0.00404,-0.0076,-14.33,29.79,0.2853,0.0662,0.345,0.279,11.738,0.0,0,-0.0,26.09,1,11.633,3.833
1,608,12.16,turn,0.00395,0.0036,0.00161,0.00395,-0.0076,-14.08,30.99,0.2854,0.0672,-1.147,0.325,12.716,0.0,0,-0.0,25.92,1,12.124,3.661
2,608,12.16,turn,0.00536,0.00525,-0.00107,0.00536,-0.0076,-12.92,30.61,0.2846,0.0644,0.797,0.564,14.628,0.0,0,-0.0,23.5,1,14.063,6.107
3,608,12.16,turn,0.00254,0.00239,0.00086,0.00254,-0.0076,-14.63,30.95,0.285,0.0701,0.831,0.306,11.654,0.0,0,-0.0,24.43,1,10.864,4.271
0,609,12.18,turn,0.00392,0.00381,0.00092,0.00392,-0.0076,-14.25,29.61,0.2851,0.0671,0.253,0.227,11.489,0.0,0,0.0,26.59,1,11.556,3.935
1,609,12.18,turn,0.00388,0.00353,0.0016,0.00388,-0.0076,-14.07,30.81,0.2852,0.068,-1.255,0.323,11.68,0.0,0,-0.0,26.26,1,12.158,3.882
2,609,12.18,turn,0.00572,0.00562,-0.00104,0.00572,-0.0076,-12.78,30.62,0.2844,0.0655,0.757,0.591,15.335,0.0,0,-0.0,23.62,1,13.903,6.549
3,609,12.18,turn,0.00233,0.00217,0.00084,0.00233,-0.0076,-14.62,30.75,0.2847,0.0711,0.727,0.257,10.775,0.0,0,-0.0,25.07,1,10.709,4.289
0,610,12.2,turn,0.00377,0.00367,0.00089,0.00377,-0.0076,-14.2,29.57,0.2849,0.0679,0.165,0.254,11.245,0.0,0,-0.0,27.12,1,11.392,4.015
1,610,12.2,turn,0.00392,0.00358,0.00159,0.00392,-0.0076,-14.01,30.75,0.2849,0.0688,-1.351,0.308,12.097,0.0,0,-0.0,26.49,1,12.205,4.185
2,610,12.2,turn,0.00615,0.00606,-0.00102,0.00615,-0.0076,-12.63,30.54,0.2841,0.0666,0.713,0.585,15.312,0.0,0,-0.0,23.69,1,14.002,7.033
3,610,12.2,turn,0.00216,0.00199,0.00084,0.00216,-0.0076,-14.59,30.68,0.2844,0.0721,0.628,0.256,10.629,0.0,0,-0.0,25.69,1,10.505,4.305
0,611,12.22,turn,0.00359,0.00348,0.00086,0.00359,-0.0076,-14.17,29.53,0.2846,0.0687,0.083,0.239,11.21,0.0,0,-0.0,27.74,1,11.189,4.034
1,611,12.22,turn,0.00388,0.00354,0.00158,0.00388,-0.0076,-13.98,30.71,0.2847,0.0695,-1.436,0.344,12.803,0.0,0,-0.0,26.87,1,12.191,4.389
2,611,12.22,turn,0.00659,0.00651,-0.00101,0.00659,-0.0076,-12.48,30.46,0.2838,0.0677,0.666,0.619,14.541,0.0,0,-0.0,23.84,1,14.102,7.481
3,611,12.22,turn,0.00195,0.00177,0.00083,0.00195,-0.0076,-14.56,30.67,0.2841,0.0729,0.534,0.246,10.355,0.0,0,-0.0,26.35,1,10.289,4.297
0,612,12.24,turn,0.00342,0.00331,0.00084,0.00342,-0.0076,-14.13,29.51,0.2844,0.0694,0.009,0.207,10.867,0.0,0,-0.0,28.33,1,10.999,4.066
1,612,12.24,turn,0.00373,0.00338,0.00157,0.00373,-0.0076,-13.94,30.61,0.2845,0.0703,-1.506,0.334,12.101,0.0,0,-0.0,27.39,1,12.109,4.499
2,612,12.24,turn,0.00689,0.00682,-0.00098,0.00689,-0.0076,-12.36,30.39,0.2834,0.0688,0.614,0.63,13.414,0.0,0,-0.0,24.05,1,14.058,7.898
3,612,12.24,turn,0.00173,0.00153,0.00082,0.00173,-0.0076,-14.54,30.6,0.2838,0.0738,0.446,0.229,9.956,0.0,0,-0.0,27.03,1,10.086,4.265
0,613,12.26,turn,0.00328,0.00318,0.00081,0.00328,-0.0076,-14.09,29.47,0.2842,0.0701,-0.059,0.185,10.641,0.0,0,-0.0,28.89,1,10.823,4.12
1,613,12.26,turn,0.00358,0.00322,0.00156,0.00358,-0.0076,-13.89,30.48,0.2842,0.0711,-1.564,0.297,11.824,0.0,0,-0.0,27.94,1,11.981,4.583
2,613,12.26,turn,0.00739,0.00733,-0.00096,0.00739,-0.0076,-12.18,30.38,0.283,0.07,0.56,0.655,13.855,0.0,0,-0.0,24.14,1,14.031,8.404
3,613,12.26,turn,0.00155,0.00131,0.00083,0.00155,-0.0076,-14.54,30.51,0.2835,0.0745,0.366,0.192,10.351,0.0,0,-0.0,27.75,1,9.953,4.157
0,614,12.28,turn,0.00314,0.00304,0.00078,0.00314,-0.0076,-14.09,29.36,0.284,0.0708,-0.12,0.202,10.379,0.0,0,-0.0,29.48,1,10.663,4.141
1,614,12.28,turn,0.00335,0.00297,0.00155,0.00335,-0.0076,-13.87,30.38,0.2839,0.0718,-1.613,0.292,11.637,0.0,0,-0.0,28.57,1,11.857,4.613
2,614,12.28,turn,0.00787,0.00782,-0.00094,0.00787,-0.0076,-11.98,30.45,0.2825,0.0711,0.502,0.587,13.919,0.0,0,-0.0,24.25,1,14.156,8.905
3,614,12.28,turn,0.00142,0.00117,0.00081,0.00142,-0.0076,-14.57,30.42,0.2832,0.0752,0.291,0.157,9.341,0.0,0,-0.0,28.45,1,9.759,4.049
0,615,12.3,turn,0.00298,0.00288,0.00076,0.00298,-0.0076,-14.12,29.24,0.2837,0.0714,-0.175,0.247,10.063,0.0,0,-0.0,30.19,1,10.468,4.04
1,615,12.3,turn,0.00306,0.00265,0.00153,0.00306,-0.0076,-13.92,30.33,0.2836,0.0726,-1.659,0.274,10.872,0.0,0,-0.0,29.3,1,11.704,4.569
2,615,12.3,turn,0.0083,0.00825,-0.00092,0.0083,-0.0076,-11.8,30.49,0.282,0.0723,0.444,0.604,13.318,0.0,0,-0.0,24.42,1,14.014,9.382
3,615,12.3,turn,0.0014,0.00115,0.0008,0.0014,-0.0076,-14.62,30.33,0.283,0.0758,0.217,0.153,9.09,0.0,0,-0.0,29.2,1,9.518,3.9
0,616,12.32,turn,0.00284,0.00275,0.00073,0.00284,-0.0076,-14.14,29.16,0.2834,0.0719,-0.228,0.228,9.795,0.0,0,-0.0,30.79,1,10.37,4.003
1,616,12.32,turn,0.00283,0.00238,0.00153,0.00283,-0.0076,-13.99,30.2,0.2833,0.0732,-1.704,0.242,10.484,0.0,0,-0.0,30.07,1,11.503,4.489
2,616,12.32,turn,0.00877,0.00873,-0.00089,0.00877,-0.0076,-11.61,30.57,0.2814,0.0734,0.385,0.671,13.678,0.0,0,-0.0,24.62,1,13.872,9.849
3,616,12.32,turn,0.00152,0.0013,0.0008,0.00152,-0.0076,-14.69,30.2,0.2827,0.0763,0.147,0.15,8.722,0.0,0,-0.0,30.0,1,9.27,3.71
0,617,12.34,turn,0.00273,0.00263,0.00071,0.00273,-0.0076,-14.16,29.22,0.2831,0.0724,-0.277,0.18,9.364,0.0,0,-0.0,31.42,1,10.129,3.937
1,617,12.34,turn,0.00267,0.0022,0.00152,0.00267,-0.0076,-14.06,30.1,0.2829,0.0739,-1.744,0.22,10.004,0.0,0,-0.0,30.87,1,11.28,4.373
2,617,12.34,turn,0.0092,0.00916,-0.00087,0.0092,-0.0076,-11.42,30.59,0.2808,0.0746,0.324,0.662,13.716,0.0,0,-0.0,24.82,1,13.868,10.323
3,617,12.34,turn,0.0017,0.00149,0.00081,0.0017,-0.0076,-14.73,30.1,0.2823,0.0768,0.077,0.138,8.848,0.0,0,-0.0,30.77,1,9.01,3.525
0,618,12.36,turn,0.00263,0.00253,0.00069,0.00263,-0.0076,-14.16,29.25,0.2828,0.0728,-0.32,0.14,9.248,0.0,0,-0.0,32.04,1,9.892,3.88
1,618,12.36,turn,0.00258,0.00208,0.00152,0.00258,-0.0076,-14.09,30.0,0.2825,0.0746,-1.782,0.19,10.015,0.0,0,-0.0,31.63,1,11.038,4.235
2,618,12.36,turn,0.00962,0.00958,-0.00086,0.00962,-0.0076,-11.23,30.58,0.2801,0.0758,0.261,0.627,14.398,0.0,0,-0.0,25.04,1,13.785,10.791
3,618,12.36,turn,0.00182,0.00161,0.00083,0.00182,-0.0076,-14.73,30.13,0.282,0.0772,0.009,0.096,8.545,0.0,0,-0.0,31.45,1,8.711,3.394
0,619,12.38,turn,0.00253,0.00243,0.00069,0.00253,-0.0076,-14.14,29.21,0.2824,0.0733,-0.36,0.138,9.447,0.0,0,-0.0,32.66,1,9.641,3.809
1,619,12.38,turn,0.00254,0.00203,0.00152,0.00254,-0.0076,-14.1,30.05,0.2821,0.0752,-1.82,0.17,8.918,0.0,0,-0.0,32.39,1,10.685,4.078
2,619,12.38,turn,0.01001,0.00998,-0.00085,0.01001,-0.0076,-11.05,30.53,0.2795,0.0769,0.199,0.622,13.585,0.0,0,-0.0,25.25,1,13.668,11.274
3,619,12.38,turn,0.00195,0.00176,0.00084,0.00195,-0.0076,-14.75,30.17,0.2817,0.0776,-0.057,0.088,8.144,0.0,0,-0.0,32.13,1,8.42,3.261
0,620,12.4,turn,0.00249,0.00239,0.00068,0.00249,-0.0076,-14.15,29.19,0.2821,0.0737,-0.399,0.126,8.678,0.0,0,-0.0,33.31,1,9.387,3.721
1,620,12.4,turn,0.00251,0.00201,0.00151,0.00251,-0.0076,-14.08,30.15,0.2817,0.0758,-1.858,0.136,8.99,0.0,0,-0.0,33.07,1,10.384,3.972
2,620,12.4,turn,0.01049,0.01045,-0.00084,0.01049,-0.0076,-10.86,30.51,0.2788,0.078,0.137,0.63,14.686,0.0,0,-0.0,25.48,1,13.611,11.755
3,620,12.4,turn,0.00203,0.00187,0.00081,0.00203,-0.0076,-14.76,30.17,0.2813,0.0779,-0.121,0.122,7.383,0.0,0,-0.0,32.72,1,8.218,3.185
0,621,12.42,turn,0.00245,0.00236,0.00066,0.00245,-0.0076,-14.16,29.17,0.2818,0.074,-0.435,0.116,8.602,0.0,0,-0.0,33.91,1,9.185,3.652
1,621,12.42,turn,0.00251,0.00202,0.00149,0.00251,-0.0076,-14.06,30.16,0.2813,0.0763,-1.896,0.151,9.005,0.0,0,-0.0,33.71,1,10.165,3.888
2,621,12.42,turn,0.01089,0.01086,-0.00083,0.01089,-0.0076,-10.68,30.49,0.2781,0.0792,0.074,0.604,13.505,0.0,0,-0.0,25.66,1,13.692,12.276
3,621,12.42,turn,0.00212,0.00197,0.0008,0.00212,-0.0076,-14.79,30.15,0.281,0.0782,-0.179,0.111,7.206,0.0,0,-0.0,33.31,1,8.06,3.1
0,622,12.44,turn,0.00243,0.00234,0.00063,0.00243,-0.0076,-14.17,29.12,0.2815,0.0744,-0.465,0.114,8.455,0.0,0,-0.0,34.52,1,9.008,3.578
1,622,12.44,turn,0.00248,0.00199,0.00148,0.00248,-0.0076,-14.02,30.12,0.2808,0.0769,-1.932,0.161,9.072,0.0,0,-0.0,34.31,1,9.984,3.824
2,622,12.44,turn,0.0115,0.01147,-0.00081,0.0115,-0.0076,-10.48,30.52,0.2773,0.0803,0.011,0.654,13.737,0.0,0,-0.0,25.81,1,13.401,12.83
3,622,12.44,turn,0.00229,0.00215,0.00078,0.00229,-0.0076,-14.83,30.1,0.2807,0.0784,-0.232,0.102,6.873,0.0,0,-0.0,33.93,1,7.911,2.99
0,623,12.46,turn,0.00242,0.00234,0.00061,0.00242,-0.0076,-14.19,29.1,0.2812,0.0747,-0.492,0.108,8.211,0.0,0,-0.0,35.13,1,8.826,3.501
1,623,12.46,turn,0.00253,0.00206,0.00147,0.00253,-0.0076,-14.03,30.08,0.2804,0.0774,-1.968,0.15,8.362,0.0,0,-0.0,34.94,1,9.787,3.731
2,623,12.46,turn,0.01195,0.01192,-0.00081,0.01195,-0.0076,-10.29,30.52,0.2766,0.0814,-0.053,0.627,14.128,0.0,0,-0.0,26.03,1,13.41,13.343
3,623,12.46,turn,0.00248,0.00236,0.00078,0.00248,-0.0076,-14.88,30.07,0.2803,0.0786,-0.282,0.083,6.54,0.0,0,-0.0,34.58,1,7.748,2.856
0,624,12.48,turn,0.00242,0.00234,0.00061,0.00242,-0.0076,-14.2,29.14,0.2808,0.075,-0.518,0.103,8.207,0.0,0,-0.0,35.8,1,8.529,3.376
1,624,12.48,turn,0.00253,0.00207,0.00145,0.00253,-0.0076,-14.03,30.09,0.28,0.0779,-2.005,0.14,8.377,0.0,0,-0.0,35.51,1,9.638,3.678
2,624,12.48,turn,0.01136,0.01133,-0.00083,0.01136,-0.0076,-10.24,30.39,0.2759,0.0824,-0.117,0.203,11.09,0.0,0,-0.0,26.92,1,13.078,13.401
3,624,12.48,turn,0.00266,0.00255,0.00077,0.00266,-0.0076,-14.94,30.05,0.28,0.0788,-0.331,0.086,6.431,0.0,0,-0.0,35.22,1,7.603,2.725
0,625,12.5,turn,0.00246,0.00239,0.00058,0.00246,-0.0076,-14.23,29.18,0.2805,0.0753,-0.545,0.101,7.742,0.0,0,-0.0,36.43,1,8.363,3.275
1,625,12.5,turn,0.00252,0.00207,0.00143,0.00252,-0.0076,-14.04,30.1,0.2796,0.0784,-2.043,0.143,8.295,0.0,0,-0.0,36.06,1,9.508,3.64
2,625,12.5,turn,0.01122,0.01119,-0.00084,0.01122,-0.0076,-10.1,30.33,0.2751,0.0834,-0.178,0.242,14.017,0.0,0,-0.0,27.58,1,12.678,13.609
3,625,12.5,turn,0.00284,0.00273,0.00076,0.00284,-0.0076,-14.99,30.07,0.2797,0.079,-0.377,0.081,6.219,0.0,0,-0.0,35.86,1,7.431,2.595
0,626,12.52,turn,0.00248,0.00242,0.00055,0.00248,-0.0076,-14.25,29.16,0.2803,0.0756,-0.572,0.097,7.783,0.0,0,-0.0,37.0,1,8.22,3.205
1,626,12.52,turn,0.0025,0.00206,0.00141,0.0025,-0.0076,-14.06,30.11,0.2792,0.0789,-2.081,0.152,8.198,0.0,0,-0.0,36.58,1,9.407,3.613
2,626,12.52,turn,0.01064,0.01061,-0.00087,0.01064,-0.0076,-10.05,30.17,0.2745,0.0843,-0.239,0.225,11.429,0.0,0,-0.0,28.45,1,12.372,13.665
3,626,12.52,turn,0.00299,0.0029,0.00075,0.00299,-0.0076,-15.05,30.07,0.2795,0.0791,-0.42,0.086,5.982,0.0,0,-0.0,36.47,1,7.272,2.469
0,627,12.54,turn,0.00246,0.00241,0.00053,0.00246,-0.0076,-14.27,29.14,0.28,0.0758,-0.597,0.102,7.775,0.0,0,-0.0,37.54,1,8.123,3.159
1,627,12.54,turn,0.00244,0.002,0.0014,0.00244,-0.0076,-14.07,30.1,0.2788,0.0793,-2.118,0.16,8.309,0.0,0,-0.0,37.09,1,9.327,3.597
2,627,12.54,turn,0.01,0.00996,-0.0009,0.01,-0.0076,-10.03,30.08,0.2738,0.0851,-0.298,0.183,10.323,0.0,0,-0.0,29.35,1,12.097,13.686
3,627,12.54,turn,0.00318,0.00308,0.00077,0.00318,-0.0076,-15.09,30.03,0.2792,0.0793,-0.462,0.086,6.186,0.0,0,-0.0,37.09,1,7.171,2.345
0,628,12.56,turn,0.00242,0.00237,0.0005,0.00242,-0.0076,-14.29,29.14,0.2797,0.0761,-0.622,0.101,7.692,0.0,0,-0.0,38.05,1,8.027,3.129
1,628,12.56,turn,0.00249,0.00206,0.00139,0.00249,-0.0076,-14.12,30.11,0.2784,0.0797,-2.155,0.168,7.478,0.0,0,-0.0,37.66,1,9.202,3.539
2,628,12.56,turn,0.00931,0.00926,-0.00093,0.00931,-0.0076,-10.07,30.0,0.2732,0.0858,-0.353,0.145,9.739,0.0,0,-0.0,30.28,1,11.795,13.672
3,628,12.56,turn,0.00329,0.0032,0.00075,0.00329,-0.0076,-15.14,29.99,0.2789,0.0794,-0.503,0.095,5.652,0.0,0,-0.0,37.66,1,7.041,2.244
0,629,12.58,turn,0.00239,0.00234,0.00049,0.00239,-0.0076,-14.3,29.14,0.2794,0.0763,-0.648,0.105,7.625,0.0,0,-0.0,38.59,1,7.879,3.075
1,629,12.58,turn,0.00243,0.002,0.00138,0.00243,-0.0076,-14.15,30.15,0.278,0.0801,-2.192,0.17,7.754,0.0,0,-0.0,38.13,1,9.108,3.546
2,629,12.58,turn,0.00883,0.00878,-0.00094,0.00883,-0.0076,-10.11,29.95,0.2727,0.0864,-0.404,0.155,9.269,0.0,0,-0.0,31.09,1,11.459,13.727
3,629,12.58,turn,0.00342,0.00333,0.00076,0.00342,-0.0076,-15.18,29.97,0.2786,0.0795,-0.543,0.091,5.856,0.0,0,-0.0,38.23,1,6.955,2.14
0,630,12.6,turn,0.00241,0.00236,0.00046,0.00241,-0.0076,-14.33,29.13,0.2791,0.0766,-0.673,0.112,7.506,0.0,0,-0.0,39.12,1,7.828,3.027
1,630,12.6,turn,0.00229,0.00185,0.00136,0.00229,-0.0076,-14.16,30.17,0.2776,0.0805,-2.227,0.172,7.912,0.0,0,-0.0,38.53,1,9.077,3.601
2,630,12.6,turn,0.00834,0.00829,-0.00097,0.00834,-0.0076,-10.2,29.91,0.2722,0.0869,-0.452,0.151,9.045,0.0,0,-0.0,31.9,1,11.169,13.767
3,630,12.6,turn,0.00353,0.00345,0.00076,0.00353,-0.0076,-15.22,29.97,0.2784,0.0796,-0.581,0.095,5.343,0.0,0,-0.0,38.8,1,6.852,0.016
0,631,12.62,turn,0.00232,0.00228,0.00043,0.00232,-0.0076,-14.34,29.14,0.2788,0.0768,-0.698,0.116,7.564,0.0,0,-0.0,39.58,1,7.805,3.033
1,631,12.62,turn,0.00211,0.00163,0.00134,0.00211,-0.0076,-14.18,30.18,0.2772,0.0808,-2.261,0.179,8.059,0.0,0,-0.0,38.88,1,9.085,3.694
2,631,12.62,turn,0.00799,0.00793,-0.00099,0.00799,-0.0076,-10.27,29.87,0.2717,0.0873,-0.499,0.159,9.245,0.0,0,-0.0,32.64,1,10.897,13.851
3,631,12.62,turn,0.00251,0.00239,0.00077,0.00251,-0.0076,-15.15,30.09,0.2781,0.0797,-0.667,0.316,8.954,0.0,0,-0.0,38.67,1,6.752,0.406
0,632,12.64,turn,0.00218,0.00214,0.0004,0.00218,-0.0076,-14.36,29.16,0.2785,0.0771,-0.723,0.122,7.432,0.0,0,-0.0,39.99,1,7.789,3.069
1,632,12.64,turn,0.0019,0.00137,0.00132,0.0019,-0.0076,-14.21,30.18,0.2768,0.0812,-2.296,0.187,8.163,0.0,0,-0.0,39.19,1,9.124,3.817
2,632,12.64,turn,0.00775,0.00769,-0.00101,0.00775,-0.0076,-10.34,29.82,0.2713,0.0876,-0.544,0.163,9.312,0.0,0,-0.0,33.29,1,10.612,13.982
3,632,12.64,turn,0.00184,0.00168,0.00075,0.00184,-0.0076,-15.11,30.16,0.2779,0.0798,-0.76,0.182,7.584,0.0,0,-0.0,38.69,1,6.705,0.745
0,633,12.66,turn,0.00197,0.00193,0.00039,0.00197,-0.0076,-14.36,29.17,0.2782,0.0773,-0.748,0.12,7.308,0.0,0,-0.0,40.35,1,7.786,3.143
1,633,12.66,turn,0.00168,0.00106,0.0013,0.00168,-0.0076,-14.24,30.16,0.2765,0.0815,-2.33,0.189,8.192,0.0,0,-0.0,39.47,1,9.168,3.967
2,633,12.66,turn,0.00759,0.00752,-0.00102,0.00759,-0.0076,-10.4,29.77,0.2709,0.0879,-0.589,0.168,8.98,0.0,0,-0.0,33.9,1,10.388,14.138
3,633,12.66,turn,0.00152,0.00132,0.00074,0.00152,-0.0076,-15.12,30.16,0.2777,0.0799,-0.812,0.121,5.928,0.0,0,-0.0,38.92,1,6.692,0.949
0,634,12.68,turn,0.00169,0.00165,0.00037,0.00169,-0.0076,-14.37,29.17,0.278,0.0776,-0.772,0.125,7.644,0.0,0,-0.0,40.64,1,7.909,3.268
1,634,12.68,turn,0.00147,0.00067,0.00131,0.00147,-0.0076,-14.25,30.15,0.2761,0.0819,-2.364,0.194,8.023,0.0,0,-0.0,39.74,1,9.118,4.135
2,634,12.68,turn,0.00737,0.00729,-0.00105,0.00737,-0.0076,-10.5,29.71,0.2706,0.0881,-0.631,0.167,8.494,0.0,0,-0.0,34.53,1,10.169,14.272
3,634,12.68,turn,0.00146,0.00124,0.00077,0.00146,-0.0076,-15.19,30.1,0.2775,0.08,-0.84,0.132,5.893,0.0,0,-0.0,39.29,1,6.706,1.068
0,635,12.7,turn,0.00137,0.00132,0.00034,0.00137,-0.0076,-14.38,29.15,0.2777,0.0778,-0.798,0.128,7.745,0.0,0,-0.0,40.91,1,7.977,3.417
1,635,12.7,turn,0.00133,0.00031,0.00129,0.00133,-0.0076,-14.28,30.15,0.2758,0.0822,-2.399,0.193,7.95,0.0,0,-0.0,40.0,1,9.1,4.306
2,635,12.7,turn,0.0072,0.00711,-0.00108,0.0072,-0.0076,-10.61,29.67,0.2703,0.0882,-0.671,0.17,8.412,0.0,0,-0.0,35.14,1,10.03,14.424
3,635,12.7,turn,0.00152,0.00131,0.00077,0.00152,-0.0076,-15.28,30.04,0.2773,0.08,-0.859,0.076,5.261,0.0,0,-0.0,39.76,1,6.686,1.117
0,636,12.72,turn,0.00104,0.00099,0.00032,0.00104,-0.0076,-14.39,29.14,0.2774,0.0781,-0.824,0.132,7.675,0.0,0,-0.0,41.18,1,7.989,3.573
1,636,12.72,turn,0.00129,0.00014,0.00128,0.00129,-0.0076,-14.3,30.15,0.2754,0.0825,-2.433,0.192,7.901,0.0,0,-0.0,40.27,1,9.064,4.486
2,636,12.72,turn,0.0071,0.00701,-0.0011,0.0071,-0.0076,-10.72,29.62,0.27,0.0883,-0.709,0.169,8.247,0.0,0,-0.0,35.69,1,9.879,14.604
3,636,12.72,turn,0.00158,0.00138,0.00076,0.00158,-0.0076,-15.36,30.03,0.2771,0.0801,-0.873,0.062,5.124,0.0,0,-0.0,40.26,1,6.707,1.143
0,637,12.74,turn,0.00074,0.00067,0.00031,0.00074,-0.0076,-14.4,29.12,0.2771,0.0784,-0.853,0.134,7.632,0.0,0,-0.0,41.45,1,7.979,3.732
1,637,12.74,turn,0.00136,0.00048,0.00127,0.00136,-0.0076,-14.33,30.12,0.2751,0.0828,-2.467,0.193,7.86,0.0,0,-0.0,40.54,1,9.02,4.671
2,637,12.74,turn,0.00703,0.00693,-0.00113,0.00703,-0.0076,-10.84,29.57,0.2698,0.0883,-0.745,0.172,8.204,0.0,0,-0.0,36.23,1,9.786,14.796
3,637,12.74,turn,0.00172,0.00153,0.00079,0.00172,-0.0076,-15.42,29.97,0.2769,0.0802,-0.884,0.045,5.295,0.0,0,-0.0,40.78,1,6.731,1.157
0,638,12.76,turn,0.00052,0.00043,0.00029,0.00052,-0.0076,-14.41,29.1,0.2768,0.0786,-0.882,0.138,7.603,0.0,0,-0.0,41.72,1,7.957,3.895
1,638,12.76,turn,0.00152,0.00086,0.00126,0.00152,-0.0076,-14.36,30.08,0.2748,0.0831,-2.5,0.194,7.754,0.0,0,-0.0,40.8,1,8.967,4.918
2,638,12.76,turn,0.007,0.0069,-0.00116,0.007,-0.0076,-10.96,29.55,0.2695,0.0883,-0.779,0.168,7.785,0.0,0,-0.0,36.73,1,9.686,15.007
3,638,12.76,turn,0.00175,0.00158,0.00076,0.00175,-0.0076,-15.48,29.89,0.2768,0.0802,-0.893,0.049,5.161,0.0,0,-0.0,41.22,1,6.811,1.221
0,639,12.78,turn,0.00051,0.00043,0.00027,0.00051,-0.0076,-14.42,29.09,0.2765,0.0789,-0.912,0.14,7.51,0.0,0,-0.0,42.0,1,7.923,4.067
1,639,12.78,turn,0.00185,0.00134,0.00129,0.00185,-0.0076,-14.37,30.05,0.2744,0.0834,-2.533,0.191,7.356,0.0,0,-0.0,41.02,1,8.87,5.204
2,639,12.78,turn,0.00702,0.00692,-0.00118,0.00702,-0.0076,-11.07,29.54,0.2693,0.0883,-0.812,0.18,7.359,0.0,0,-0.0,37.2,1,9.625,15.244
3,639,12.78,turn,0.00179,0.00164,0.00073,0.00179,-0.0076,-15.55,29.79,0.2766,0.0803,-0.898,0.047,5.111,0.0,0,-0.0,41.69,1,6.898,1.272
0,640,12.8,turn,0.00072,0.00067,0.00026,0.00072,-0.0076,-14.43,29.07,0.2763,0.0792,-0.942,0.143,7.438,0.0,0,-0.0,42.27,1,7.904,4.244
1,640,12.8,turn,0.00223,0.00183,0.00128,0.00223,-0.0076,-14.41,30.06,0.2741,0.0837,-2.566,0.201,7.56,0.0,0,-0.0,41.23,1,8.805,5.509
2,640,12.8,turn,0.00698,0.00688,-0.00121,0.00698,-0.0076,-11.22,29.51,0.2692,0.0882,-0.842,0.163,7.406,0.0,0,-0.0,37.71,1,9.57,15.45
3,640,12.8,turn,0.00187,0.00173,0.00071,0.00187,-0.0076,-15.63,29.75,0.2765,0.0804,-0.899,0.044,4.799,0.0,0,-0.0,42.18,1,6.972,1.303
0,641,12.82,turn,0.00101,0.00098,0.00024,0.00101,-0.0076,-14.44,29.04,0.276,0.0794,-0.974,0.147,7.406,0.0,0,-0.0,42.54,1,7.889,4.427
1,641,12.82,turn,0.00266,0.00234,0.00127,0.00266,-0.0076,-14.45,30.05,0.2738,0.084,-2.598,0.205,7.595,0.0,0,-0.0,41.41,1,8.758,5.836
2,641,12.82,turn,0.00708,0.00697,-0.00123,0.00708,-0.0076,-11.34,29.5,0.269,0.0882,-0.871,0.162,7.408,0.0,0,-0.0,38.15,1,9.473,15.7
3,641,12.82,turn,0.00197,0.00185,0.00069,0.00197,-0.0076,-15.71,29.74,0.2764,0.0805,-0.898,0.039,4.405,0.0,0,-0.0,42.7,1,7.041,1.311
0,642,12.84,turn,0.00133,0.00132,0.00022,0.00133,-0.0076,-14.46,29.01,0.2757,0.0797,-1.006,0.149,7.38,0.0,0,-0.0,42.81,1,7.882,4.667
1,642,12.84,turn,0.0031,0.00283,0.00127,0.0031,-0.0076,-14.49,30.01,0.2734,0.0843,-2.63,0.204,7.648,0.0,0,-0.0,41.61,1,8.724,6.168
2,642,12.84,turn,0.00718,0.00708,-0.00123,0.00718,-0.0076,-11.45,29.46,0.2689,0.0881,-0.899,0.146,6.784,0.0,0,-0.0,38.57,1,9.358,15.968
3,642,12.84,turn,0.00207,0.00196,0.00067,0.00207,-0.0076,-15.78,29.7,0.2763,0.0806,-0.894,0.043,4.296,0.0,0,-0.0,43.21,1,7.121,1.325
0,643,12.86,turn,0.00169,0.00168,0.00024,0.00169,-0.0076,-14.46,28.97,0.2754,0.08,-1.039,0.152,7.535,0.0,0,-0.0,43.08,1,7.863,4.92
1,643,12.86,turn,0.00353,0.0033,0.00126,0.00353,-0.0076,-14.54,29.96,0.2731,0.0846,-2.663,0.203,7.65,0.0,0,-0.0,41.81,1,8.692,6.501
2,643,12.86,turn,0.00714,0.00703,-0.00122,0.00714,-0.0076,-11.59,29.43,0.2687,0.088,-0.925,0.129,5.871,0.0,0,-0.0,39.12,1,9.238,16.153
3,643,12.86,turn,0.00225,0.00215,0.00068,0.00225,-0.0076,-15.83,29.66,0.2762,0.0807,-0.889,0.046,4.504,0.0,0,-0.0,43.74,1,7.222,1.325
0,644,12.88,turn,0.00203,0.00202,0.00022,0.00203,-0.0076,-14.48,28.96,0.2751,0.0802,-1.072,0.153,7.269,0.0,0,-0.0,43.35,1,7.866,5.175
1,644,12.88,turn,0.00395,0.00375,0.00124,0.00395,-0.0076,-14.58,29.91,0.2728,0.0849,-2.696,0.203,7.591,0.0,0,-0.0,42.03,1,8.663,6.834
2,644,12.88,turn,0.00706,0.00695,-0.0012,0.00706,-0.0076,-11.75,29.44,0.2686,0.0878,-0.948,0.124,5.141,0.0,0,-0.0,39.66,1,9.107,16.338
3,644,12.88,turn,0.00235,0.00226,0.00065,0.00235,-0.0076,-15.9,29.61,0.2762,0.0808,-0.884,0.051,4.114,0.0,0,-0.0,44.26,1,7.359,1.327
0,645,12.9,turn,0.00237,0.00236,0.00019,0.00237,-0.0076,-14.49,28.93,0.2748,0.0805,-1.107,0.157,7.262,0.0,0,-0.0,43.62,1,7.876,5.436
1,645,12.9,turn,0.00436,0.00419,0.00123,0.00436,-0.0076,-14.62,29.87,0.2725,0.0852,-2.729,0.204,7.474,0.0,0,-0.0,42.26,1,8.638,7.17
2,645,12.9,turn,0.00699,0.00689,-0.00118,0.00699,-0.0076,-11.92,29.48,0.2686,0.0877,-0.97,0.127,4.836,0.0,0,-0.0,40.21,1,9.008,16.514
3,645,12.9,turn,0.00244,0.00236,0.00062,0.00244,-0.0076,-15.95,29.57,0.2761,0.081,-0.876,0.041,3.959,0.0,0,-0.0,44.76,1,7.434,1.343
0,646,12.92,turn,0.00272,0.00272,0.00017,0.00272,-0.0076,-14.52,28.9,0.2746,0.0808,-1.142,0.16,7.345,0.0,0,-0.0,43.89,1,7.887,5.704
1,646,12.92,turn,0.00477,0.00462,0.00121,0.00477,-0.0076,-14.66,29.84,0.2721,0.0855,-2.762,0.207,7.419,0.0,0,-0.0,42.48,1,8.617,7.513
2,646,12.92,turn,0.00699,0.0069,-0.00116,0.00699,-0.0076,-12.09,29.5,0.2685,0.0875,-0.99,0.136,5.01,0.0,0,-0.0,40.71,1,8.937,16.724
3,646,12.92,turn,0.00253,0.00246,0.0006,0.00253,-0.0076,-16.01,29.58,0.276,0.0811,-0.865,0.043,3.806,0.0,0,-0.0,45.28,1,7.512,1.348
0,647,12.94,turn,0.00307,0.00306,0.00015,0.00307,-0.0076,-14.54,28.86,0.2743,0.081,-1.177,0.161,7.268,0.0,0,-0.0,44.16,1,7.898,5.982
1,647,12.94,turn,0.00518,0.00504,0.0012,0.00518,-0.0076,-14.71,29.81,0.2718,0.0858,-2.794,0.21,7.384,0.0,0,-0.0,42.71,1,8.605,7.864
2,647,12.94,turn,0.00717,0.00708,-0.00114,0.00717,-0.0076,-12.23,29.52,0.2685,0.0873,-1.009,0.138,5.503,0.0,0,-0.0,41.09,1,8.915,17.012
3,647,12.94,turn,0.00264,0.00258,0.00058,0.00264,-0.0076,-16.07,29.59,0.2759,0.0813,-0.853,0.049,3.709,0.0,0,-0.0,45.8,1,7.582,1.343
0,648,12.96,turn,0.00341,0.00341,0.00012,0.00341,-0.0076,-14.57,28.82,0.274,0.0813,-1.214,0.162,7.285,0.0,0,-0.0,44.43,1,7.921,6.266
1,648,12.96,turn,0.00561,0.00548,0.00118,0.00561,-0.0076,-14.74,29.79,0.2715,0.0862,-2.827,0.216,7.454,0.0,0,-0.0,42.93,1,8.578,8.227
2,648,12.96,turn,0.00734,0.00726,-0.00113,0.00734,-0.0076,-12.39,29.5,0.2685,0.0871,-1.028,0.137,5.529,0.0,0,-0.0,41.46,1,8.92,17.315
3,648,12.96,turn,0.00275,0.00269,0.00055,0.00275,-0.0076,-16.14,29.56,0.2758,0.0814,-0.841,0.051,3.703,0.0,0,-0.0,46.33,1,7.666,1.336
0,649,12.98,turn,0.00377,0.00377,0.0001,0.00377,-0.0076,-14.59,28.79,0.2737,0.0815,-1.25,0.163,7.256,0.0,0,-0.0,44.69,1,7.946,6.562
1,649,12.98,turn,0.00606,0.00595,0.00117,0.00606,-0.0076,-14.77,29.78,0.2712,0.0865,-2.86,0.22,7.418,0.0,0,-0.0,43.14,1,8.558,8.611
2,649,12.98,turn,0.00754,0.00746,-0.00111,0.00754,-0.0076,-12.54,29.49,0.2685,0.0869,-1.047,0.139,5.219,0.0,0,-0.0,41.8,1,8.958,17.643
3,649,12.98,turn,0.00292,0.00287,0.00056,0.00292,-0.0076,-16.19,29.51,0.2757,0.0816,-0.829,0.046,3.761,0.0,0,-0.0,46.87,1,7.786,1.314
0,650,13.0,turn,0.00413,0.00413,7e-05,0.00413,-0.0076,-14.61,28.76,0.2734,0.0817,-1.288,0.165,7.258,0.0,0,-0.0,44.95,1,7.967,6.866
1,650,13.0,turn,0.00652,0.00642,0.00115,0.00652,-0.0076,-14.79,29.77,0.2709,0.0869,-2.894,0.22,7.463,0.0,0,-0.0,43.33,1,8.561,9.01
2,650,13.0,turn,0.00772,0.00764,-0.00111,0.00772,-0.0076,-12.69,29.5,0.2685,0.0867,-1.067,0.131,5.421,0.0,0,-0.0,42.16,1,9.05,17.96
3,650,13.0,turn,0.00298,0.00293,0.00053,0.00298,-0.0076,-16.23,29.51,0.2756,0.0818,-0.818,0.051,3.605,0.0,0,-0.0,47.34,1,7.897,1.339
0,651,13.02,turn,0.00449,0.00449,5e-05,0.00449,-0.0076,-14.63,28.74,0.2732,0.082,-1.328,0.171,7.399,0.0,0,-0.0,45.23,1,7.968,7.167
1,651,13.02,turn,0.007,0.0069,0.00113,0.007,-0.0076,-14.8,29.77,0.2706,0.0873,-2.925,0.217,7.5,0.0,0,-0.0,43.52,1,8.56,9.422
2,651,13.02,turn,0.00802,0.00795,-0.0011,0.00802,-0.0076,-12.81,29.51,0.2685,0.0865,-1.089,0.139,5.042,0.0,0,-0.0,42.45,1,9.18,18.328
3,651,13.02,turn,0.00302,0.00298,0.0005,0.00302,-0.0076,-16.27,29.49,0.2755,0.082,-0.807,0.061,3.545,0.0,0,-0.0,47.8,1,8.0,1.375
0,652,13.04,turn,0.00487,0.00487,3e-05,0.00487,-0.0076,-14.62,28.72,0.2729,0.0822,-1.371,0.176,7.464,0.0,0,-0.0,45.48,1,7.974,7.489
1,652,13.04,turn,0.00748,0.0074,0.00111,0.00748,-0.0076,-14.8,29.76,0.2703,0.0877,-2.955,0.219,7.536,0.0,0,-0.0,43.71,1,8.554,9.848
2,652,13.04,turn,0.00837,0.0083,-0.00108,0.00837,-0.0076,-12.94,29.52,0.2685,0.0863,-1.112,0.14,4.961,0.0,0,-0.0,42.72,1,9.101,18.716
3,652,13.04,turn,0.00304,0.00301,0.00048,0.00304,-0.0076,-16.3,29.46,0.2754,0.0822,-0.797,0.07,3.541,0.0,0,-0.0,48.24,1,8.11,1.424
0,653,13.06,turn,0.00527,0.00527,0.0,0.00527,-0.0076,-14.6,28.71,0.2726,0.0825,-1.415,0.176,7.458,0.0,0,-0.0,45.71,1,8.003,7.834
1,653,13.06,turn,0.00799,0.00791,0.00111,0.00799,-0.0076,-14.79,29.73,0.27,0.0881,-2.983,0.24,7.206,0.0,0,-0.0,43.88,1,8.556,10.291
2,653,13.06,turn,0.00863,0.00856,-0.00106,0.00863,-0.0076,-13.08,29.53,0.2685,0.0861,-1.137,0.139,4.654,0.0,0,-0.0,43.03,1,9.08,19.084
3,653,13.06,turn,0.00305,0.00302,0.00045,0.00305,-0.0076,-16.34,29.51,0.2753,0.0824,-0.789,0.076,3.425,0.0,0,-0.0,48.65,1,8.215,1.491
0,654,13.08,turn,0.0057,0.0057,-2e-05,0.0057,-0.0076,-14.58,28.7,0.2723,0.0828,-1.459,0.177,7.438,0.0,0,-0.0,45.93,1,8.043,8.196
1,654,13.08,turn,0.0085,0.00843,0.0011,0.0085,-0.0076,-14.79,29.71,0.2697,0.0885,-3.01,0.216,7.376,0.0,0,-0.0,44.02,1,8.631,10.765
2,654,13.08,turn,0.00882,0.00876,-0.00104,0.00882,-0.0076,-13.24,29.53,0.2685,0.0858,-1.163,0.144,4.464,0.0,0,-0.0,43.37,1,9.11,19.43
3,654,13.08,turn,0.00305,0.00302,0.00042,0.00305,-0.0076,-16.37,29.49,0.2751,0.0826,-0.782,0.078,3.533,0.0,0,-0.0,49.06,1,8.335,1.568
0,655,13.1,turn,0.0062,0.0062,1e-05,0.0062,-0.0076,-14.54,28.66,0.272,0.0831,-1.501,0.221,8.254,0.0,0,-0.0,46.12,1,8.028,8.589
1,655,13.1,turn,0.00903,0.00897,0.00108,0.00903,-0.0076,-14.79,29.72,0.2694,0.089,-3.035,0.222,7.574,0.0,0,-0.0,44.19,1,8.618,11.235
2,655,13.1,turn,0.00915,0.00909,-0.00102,0.00915,-0.0076,-13.38,29.54,0.2685,0.0856,-1.192,0.145,4.961,0.0,0,-0.0,43.64,1,9.147,19.836
3,655,13.1,turn,0.00307,0.00304,0.00043,0.00307,-0.0076,-16.39,29.44,0.275,0.0829,-0.776,0.086,4.005,0.0,0,-0.0,49.46,1,8.486,1.649
0,656,13.12,turn,0.00664,0.00664,0.0,0.00664,-0.0076,-14.53,28.63,0.2718,0.0834,-1.544,0.182,7.274,0.0,0,-0.0,46.31,1,8.127,8.991
1,656,13.12,turn,0.00959,0.00953,0.00106,0.00959,-0.0076,-14.79,29.73,0.2691,0.0894,-3.06,0.228,7.643,0.0,0,-0.0,44.33,1,8.612,11.73
2,656,13.12,turn,0.00949,0.00943,-0.001,0.00949,-0.0076,-13.51,29.55,0.2685,0.0854,-1.222,0.153,4.638,0.0,0,-0.0,43.87,1,9.246,20.278
3,656,13.12,turn,0.00303,0.003,0.0004,0.00303,-0.0076,-16.41,29.43,0.2749,0.0831,-0.771,0.087,3.666,0.0,0,-0.0,49.8,1,8.622,1.772
0,657,13.14,turn,0.00716,0.00716,4e-05,0.00716,-0.0076,-14.49,28.61,0.2715,0.0838,-1.586,0.204,8.266,0.0,0,-0.0,46.5,1,8.093,9.397
1,657,13.14,turn,0.01017,0.01011,0.00104,0.01017,-0.0076,-14.77,29.74,0.2688,0.0899,-3.084,0.223,7.659,0.0,0,-0.0,44.46,1,8.609,12.246
2,657,13.14,turn,0.00974,0.00969,-0.00097,0.00974,-0.0076,-13.67,29.55,0.2685,0.0851,-1.254,0.152,4.333,0.0,0,-0.0,44.16,1,9.371,20.685
3,657,13.14,turn,0.00297,0.00294,0.00037,0.00297,-0.0076,-16.43,29.45,0.2748,0.0833,-0.769,0.094,3.634,0.0,0,-0.0,50.1,1,8.744,1.928
0,658,13.16,turn,0.00779,0.00779,5e-05,0.00779,-0.0076,-14.45,28.59,0.2712,0.0841,-1.63,0.204,7.945,0.0,0,-0.0,46.57,1,8.111,9.897
1,658,13.16,turn,0.01081,0.01076,0.00104,0.01081,-0.0076,-14.73,29.74,0.2685,0.0904,-3.108,0.247,7.433,0.0,0,-0.0,44.54,1,8.609,12.803
2,658,13.16,turn,0.01007,0.01002,-0.00094,0.01007,-0.0076,-13.81,29.55,0.2685,0.0849,-1.289,0.153,4.701,0.0,0,-0.0,44.41,1,9.493,21.127
3,658,13.16,turn,0.00291,0.00289,0.00034,0.00291,-0.0076,-16.44,29.45,0.2746,0.0836,-0.768,0.099,3.722,0.0,0,-0.0,50.38,1,8.867,2.105
0,659,13.18,turn,0.0085,0.0085,9e-05,0.0085,-0.0076,-14.4,28.57,0.2709,0.0845,-1.676,0.249,8.575,0.0,0,-0.0,46.64,1,8.11,10.415
1,659,13.18,turn,0.01148,0.01144,0.00103,0.01148,-0.0076,-14.71,29.74,0.2681,0.0909,-3.128,0.221,7.73,0.0,0,-0.0,44.6,1,8.666,13.39
2,659,13.18,turn,0.01045,0.01041,-0.00093,0.01045,-0.0076,-13.93,29.57,0.2685,0.0847,-1.325,0.151,4.943,0.0,0,-0.0,44.6,1,9.642,21.613
3,659,13.18,turn,0.00287,0.00286,0.00032,0.00287,-0.0076,-16.46,29.44,0.2745,0.0838,-0.769,0.108,3.782,0.0,0,-0.0,50.64,1,8.996,2.294
0,660,13.2,turn,0.00917,0.00917,0.00013,0.00917,-0.0076,-14.35,28.52,0.2706,0.0849,-1.722,0.208,7.805,0.0,0,-0.0,46.69,1,8.189,10.959
1,660,13.2,turn,0.01224,0.01219,0.00105,0.01224,-0.0076,-14.66,29.75,0.2678,0.0914,-3.148,0.216,8.68,0.0,0,-0.0,44.62,1,8.652,14.021
2,660,13.2,turn,0.01082,0.01078,-0.00091,0.01082,-0.0076,-14.07,29.6,0.2685,0.0845,-1.364,0.154,4.54,0.0,0,-0.0,44.8,1,9.843,22.104
3,660,13.2,turn,0.00287,0.00285,0.00029,0.00287,-0.0076,-16.49,29.44,0.2744,0.084,-0.773,0.117,3.788,0.0,0,-0.0,50.89,1,9.127,2.501
0,661,13.22,turn,0.00989,0.00989,0.00017,0.00989,-0.0076,-14.28,28.54,0.2703,0.0853,-1.769,0.228,9.172,0.0,0,-0.0,46.74,1,8.146,11.517
1,661,13.22,turn,0.01309,0.01305,0.00106,0.01309,-0.0076,-14.62,29.79,0.2675,0.0919,-3.167,0.236,7.858,0.0,0,-0.0,44.56,1,8.774,14.719
2,661,13.22,turn,0.01112,0.01109,-0.00089,0.01112,-0.0076,-14.21,29.6,0.2685,0.0842,-1.405,0.156,4.261,0.0,0,-0.0,45.04,1,10.002,22.574
3,661,13.22,turn,0.0029,0.00288,0.00026,0.0029,-0.0076,-16.51,29.47,0.2742,0.0843,-0.777,0.125,3.8,0.0,0,-0.0,51.12,1,9.255,2.73
0,662,13.24,turn,0.01054,0.01053,0.00026,0.01054,-0.0076,-14.21,28.56,0.2699,0.0858,-1.817,0.269,8.592,0.0,0,-0.0,46.83,1,8.162,12.058
1,662,13.24,turn,0.01403,0.01398,0.00108,0.01403,-0.0076,-14.55,29.81,0.2671,0.0924,-3.186,0.246,8.415,0.0,0,-0.0,44.44,1,8.813,15.469
2,662,13.24,turn,0.01157,0.01154,-0.00087,0.01157,-0.0076,-14.33,29.61,0.2685,0.084,-1.448,0.17,4.801,0.0,0,-0.0,45.21,1,10.116,23.106
3,662,13.24,turn,0.00297,0.00296,0.00023,0.00297,-0.0076,-16.54,29.48,0.2741,0.0845,-0.784,0.131,3.874,0.0,0,-0.0,51.33,1,9.386,2.982
0,663,13.26,turn,0.01118,0.01118,0.0003,0.01118,-0.0076,-14.13,28.58,0.2696,0.0863,-1.866,0.228,8.336,0.0,0,-0.0,46.92,1,8.238,12.614
1,663,13.26,turn,0.01499,0.01494,0.0011,0.01499,-0.0076,-14.48,29.85,0.2668,0.093,-3.206,0.26,8.553,0.0,0,-0.0,44.32,1,8.941,16.245
2,663,13.26,turn,0.01191,0.01188,-0.00085,0.01191,-0.0076,-14.47,29.6,0.2684,0.0837,-1.493,0.153,4.716,0.0,0,-0.0,45.44,1,10.272,23.602
3,663,13.26,turn,0.00309,0.00308,0.0002,0.00309,-0.0076,-16.56,29.47,0.2739,0.0847,-0.792,0.141,4.088,0.0,0,-0.0,51.52,1,9.521,3.274
0,664,13.28,turn,0.01188,0.01188,0.00034,0.01188,-0.0076,-14.03,28.52,0.2693,0.0867,-1.912,0.192,8.374,0.0,0,-0.0,46.95,1,8.241,13.222
1,664,13.28,turn,0.01591,0.01587,0.00112,0.01591,-0.0076,-14.41,29.89,0.2664,0.0936,-3.225,0.263,8.54,0.0,0,-0.0,44.2,1,8.987,17.04
2,664,13.28,turn,0.01232,0.01229,-0.00084,0.01232,-0.0076,-14.59,29.61,0.2684,0.0835,-1.541,0.156,4.687,0.0,0,-0.0,45.61,1,10.446,24.148
3,664,13.28,turn,0.00328,0.00328,0.00017,0.00328,-0.0076,-16.58,29.47,0.2738,0.0849,-0.802,0.146,4.252,0.0,0,-0.0,51.67,1,9.653,3.604
0,665,13.3,turn,0.01251,0.01251,0.00038,0.01251,-0.0076,-13.96,28.52,0.2689,0.0873,-1.958,0.229,9.529,0.0,0,-0.0,47.05,1,8.211,13.798
1,665,13.3,turn,0.01633,0.01629,0.00109,0.01633,-0.0076,-14.36,29.81,0.2661,0.0941,-3.243,0.151,6.852,0.0,0,-0.0,44.42,1,9.11,17.62
2,665,13.3,turn,0.01268,0.01265,-0.00083,0.01268,-0.0076,-14.71,29.59,0.2684,0.0832,-1.592,0.164,4.672,0.0,0,-0.0,45.82,1,10.626,24.674
3,665,13.3,turn,0.00354,0.00354,0.00014,0.00354,-0.0076,-16.6,29.46,0.2736,0.0851,-0.814,0.153,4.389,0.0,0,-0.0,51.8,1,9.791,3.964
0,666,13.32,turn,0.01302,0.01301,0.00048,0.01302,-0.0076,-13.87,28.53,0.2686,0.0878,-2.006,0.271,8.417,0.0,0,-0.0,47.22,1,8.25,14.335
1,666,13.32,turn,0.01681,0.01677,0.00114,0.01681,-0.0076,-14.28,29.76,0.2657,0.0946,-3.259,0.186,7.211,0.0,0,-0.0,44.61,1,9.073,18.223
2,666,13.32,turn,0.01312,0.01309,-0.0008,0.01312,-0.0076,-14.83,29.6,0.2684,0.083,-1.643,0.152,4.665,0.0,0,-0.0,45.98,1,10.83,25.245
3,666,13.32,turn,0.00386,0.00386,0.00011,0.00386,-0.0076,-16.62,29.42,0.2734,0.0854,-0.829,0.163,4.588,0.0,0,-0.0,51.91,1,9.936,4.346
0,667,13.34,turn,0.01353,0.01352,0.00057,0.01353,-0.0076,-13.79,28.52,0.2682,0.0883,-2.053,0.226,8.548,0.0,0,-0.0,47.39,1,8.256,14.882
1,667,13.34,turn,0.01695,0.01691,0.00108,0.01695,-0.0076,-14.28,29.71,0.2654,0.0951,-3.279,0.163,5.6,0.0,0,-0.0,45.0,1,9.155,18.709
2,667,13.34,turn,0.01352,0.0135,-0.0008,0.01352,-0.0076,-14.95,29.59,0.2684,0.0827,-1.698,0.177,4.778,0.0,0,-0.0,46.16,1,10.987,25.815
3,667,13.34,turn,0.00427,0.00427,0.00011,0.00427,-0.0076,-16.63,29.39,0.2732,0.0856,-0.847,0.175,4.888,0.0,0,-0.0,51.98,1,10.095,4.767
0,668,13.36,turn,0.01412,0.01411,0.00065,0.01412,-0.0076,-13.69,28.52,0.2679,0.0888,-2.099,0.185,8.477,0.0,0,-0.0,47.51,1,8.295,15.476
1,668,13.36,turn,0.01686,0.01683,0.00108,0.01686,-0.0076,-14.3,29.64,0.2652,0.0955,-3.299,0.2,4.81,0.0,0,-0.0,45.5,1,9.253,19.115
2,668,13.36,turn,0.01403,0.01401,-0.00077,0.01403,-0.0076,-15.07,29.58,0.2684,0.0825,-1.754,0.173,4.946,0.0,0,-0.0,46.28,1,11.188,26.435
3,668,13.36,turn,0.00473,0.00473,7e-05,0.00473,-0.0076,-16.65,29.34,0.273,0.0858,-0.868,0.18,4.928,0.0,0,-0.0,52.03,1,10.276,5.216
0,669,13.38,turn,0.01467,0.01465,0.00073,0.01467,-0.0076,-13.61,28.5,0.2675,0.0894,-2.143,0.195,8.528,0.0,0,-0.0,47.64,1,8.369,16.071
1,669,13.38,turn,0.01679,0.01675,0.00112,0.01679,-0.0076,-14.38,29.63,0.265,0.0958,-3.315,0.173,4.922,0.0,0,-0.0,46.01,1,9.283,19.516
2,669,13.38,turn,0.01443,0.0144,-0.00081,0.01443,-0.0076,-15.19,29.58,0.2684,0.0822,-1.814,0.214,5.329,0.0,0,-0.0,46.47,1,11.344,27.014
3,669,13.38,turn,0.00525,0.00525,4e-05,0.00525,-0.0076,-16.67,29.29,0.2728,0.086,-0.892,0.192,5.071,0.0,0,-0.0,52.05,1,10.44,5.696
0,670,13.4,turn,0.01517,0.01515,0.00081,0.01517,-0.0076,-13.53,28.5,0.2672,0.0899,-2.189,0.211,8.613,0.0,0,-0.0,47.81,1,8.44,16.655
1,670,13.4,turn,0.01679,0.01675,0.00115,0.01679,-0.0076,-14.5,29.64,0.2649,0.096,-3.33,0.19,5.014,0.0,0,-0.0,46.47,1,9.323,19.951
2,670,13.4,turn,0.015,0.01498,-0.00079,0.015,-0.0076,-15.29,29.59,0.2684,0.0819,-1.877,0.209,5.232,0.0,0,-0.0,46.53,1,11.581,27.694
3,670,13.4,turn,0.00583,0.00583,1e-05,0.00583,-0.0076,-16.68,29.24,0.2725,0.0862,-0.918,0.202,5.354,0.0,0,-0.0,52.04,1,10.601,6.213
0,671,13.42,turn,0.01569,0.01566,0.0009,0.01569,-0.0076,-13.45,28.5,0.2669,0.0904,-2.235,0.194,8.489,0.0,0,-0.0,47.96,1,8.522,17.259
1,671,13.42,turn,0.0169,0.01686,0.00116,0.0169,-0.0076,-14.62,29.63,0.2648,0.0961,-3.347,0.206,5.133,0.0,0,-0.0,46.85,1,9.417,20.438
2,671,13.42,turn,0.01541,0.01539,-0.00082,0.01541,-0.0076,-15.41,29.58,0.2684,0.0816,-1.942,0.228,5.375,0.0,0,-0.0,46.72,1,11.736,28.3
3,671,13.42,turn,0.0065,0.0065,-2e-05,0.0065,-0.0076,-16.7,29.19,0.2723,0.0864,-0.948,0.215,5.726,0.0,0,-0.0,52.0,1,10.767,6.772
0,672,13.44,turn,0.01623,0.0162,0.00097,0.01623,-0.0076,-13.37,28.51,0.2665,0.0909,-2.282,0.175,8.714,0.0,0,-0.0,48.1,1,8.618,17.881
1,672,13.44,turn,0.01712,0.01708,0.00118,0.01712,-0.0076,-14.73,29.62,0.2647,0.0961,-3.367,0.209,5.31,0.0,0,-0.0,47.15,1,9.556,20.983
2,672,13.44,turn,0.01603,0.01601,-0.00079,0.01603,-0.0076,-15.49,29.59,0.2684,0.0813,-2.01,0.228,5.354,0.0,0,-0.0,46.76,1,11.913,29.013
3,672,13.44,turn,0.00725,0.00725,-5e-05,0.00725,-0.0076,-16.71,29.14,0.272,0.0866,-0.98,0.232,6.343,0.0,0,-0.0,51.91,1,10.927,7.379
0,673,13.46,turn,0.0168,0.01677,0.00105,0.0168,-0.0076,-13.29,28.5,0.2662,0.0914,-2.329,0.174,8.692,0.0,0,-0.0,48.21,1,8.718,18.531
1,673,13.46,turn,0.01738,0.01734,0.0012,0.01738,-0.0076,-14.85,29.62,0.2647,0.0961,-3.39,0.222,5.148,0.0,0,-0.0,47.42,1,9.726,21.554
2,673,13.46,turn,0.01655,0.01653,-0.0008,0.01655,-0.0076,-15.59,29.57,0.2684,0.081,-2.08,0.223,5.548,0.0,0,-0.0,46.86,1,12.135,29.7
3,673,13.46,turn,0.0082,0.0082,-8e-05,0.0082,-0.0076,-16.7,29.09,0.2717,0.0868,-1.017,0.265,7.376,0.0,0,-0.0,51.69,1,11.07,8.09
0,674,13.48,crack,0.0175,0.01745,-0.0013,0.00436,-0.0076,-13.2,28.48,0.2659,0.0919,-2.378,0.201,9.741,0.0,0,-0.0,48.23,1,8.826,19.258
1,674,13.48,crack,0.01767,0.01763,-0.0012,0.00504,-0.0076,-14.98,29.6,0.2647,0.096,-3.416,0.226,5.143,0.0,0,-0.0,47.68,1,9.89,22.144
2,674,13.48,crack,0.01718,0.01688,-0.00321,0.00653,-0.0076,-15.68,29.59,0.2684,0.0807,-2.153,0.24,5.352,0.0,0,-0.0,46.9,1,12.311,30.441
3,674,13.48,crack,0.00949,0.00942,-0.00113,0.00538,-0.0076,-16.65,29.02,0.2714,0.087,-1.064,0.314,8.234,0.0,0,-0.0,51.26,1,11.227,8.972
0,675,13.5,crack,0.01799,0.01798,-0.00057,0.00443,-0.0076,-12.95,28.78,0.2656,0.0923,-2.42,0.413,9.261,0.0,0,-0.0,47.85,1,9.071,19.881
1,675,13.5,crack,0.01797,0.01797,-0.00047,0.00512,-0.0076,-14.97,29.77,0.2648,0.0959,-3.435,0.187,8.025,0.0,0,-0.0,47.39,1,9.929,22.722
2,675,13.5,crack,0.01851,0.01833,-0.00256,0.00664,-0.0076,-15.5,29.73,0.2684,0.0804,-2.218,0.292,12.138,0.0,0,-0.0,45.97,1,12.308,31.458
3,675,13.5,crack,0.01079,0.01078,-0.00058,0.00536,-0.0076,-16.41,29.33,0.2711,0.0873,-1.113,0.263,8.905,0.0,0,-0.0,50.28,1,11.364,9.863
0,676,13.52,crack,0.01786,0.01785,0.00022,0.00454,-0.0076,-12.83,28.8,0.2654,0.0927,-2.447,0.303,8.353,0.0,0,-0.0,47.82,1,9.211,20.282
1,676,13.52,crack,0.01826,0.01826,0.00024,0.00519,-0.0076,-15.06,29.81,0.2648,0.0957,-3.439,0.182,9.21,0.0,0,-0.0,47.15,1,10.133,23.278
2,676,13.52,crack,0.02069,0.02058,-0.00212,0.00716,-0.0076,-15.3,29.55,0.2684,0.0803,-2.281,0.339,14.409,0.0,0,-0.0,44.45,1,12.668,32.9
3,676,13.52,crack,0.01199,0.01199,3e-05,0.0054,-0.0076,-16.21,29.45,0.2708,0.0875,-1.154,0.259,8.902,0.0,0,-0.0,49.39,1,11.51,10.731
0,677,13.54,crack,0.01754,0.01751,0.001,0.00458,-0.0076,-12.87,28.84,0.2652,0.0929,-2.47,0.223,7.903,0.0,0,-0.0,47.94,1,9.379,20.578
1,677,13.54,crack,0.01856,0.01853,0.00095,0.00528,-0.0076,-15.19,29.82,0.2649,0.0955,-3.438,0.191,9.372,0.0,0,-0.0,46.91,1,10.226,23.845
2,677,13.54,crack,0.02234,0.02228,-0.0016,0.00766,-0.0076,-15.15,29.41,0.2683,0.0801,-2.346,0.263,12.82,0.0,0,-0.0,43.23,1,13.124,34.175
3,677,13.54,crack,0.01298,0.01296,0.00067,0.00543,-0.0076,-16.17,29.53,0.2705,0.0877,-1.19,0.419,8.585,0.0,0,-0.0,48.67,1,11.695,11.51
0,678,13.56,crack,0.01772,0.01763,0.00174,0.00469,-0.0076,-12.94,28.99,0.265,0.093,-2.497,0.311,7.951,0.0,0,-0.0,47.77,1,9.552,21.075
1,678,13.56,crack,0.01864,0.01856,0.00168,0.00537,-0.0076,-15.31,29.77,0.2649,0.0953,-3.438,0.215,7.959,0.0,0,-0.0,46.8,1,10.377,24.332
2,678,13.56,crack,0.02341,0.02339,-0.00099,0.008,-0.0076,-15.02,29.43,0.2681,0.0799,-2.418,0.206,11.718,0.0,0,-0.0,42.43,1,13.451,35.211
3,678,13.56,crack,0.01437,0.01432,0.00126,0.00547,-0.0076,-16.16,29.65,0.2702,0.0879,-1.227,0.486,9.62,0.0,0,-0.0,47.71,1,11.832,12.484
0,679,13.58,crack,0.0181,0.01793,0.00245,0.00479,-0.0076,-13.04,29.17,0.2649,0.093,-2.523,0.284,7.344,0.0,0,-0.0,47.49,1,9.67,21.647
1,679,13.58,crack,0.01842,0.01826,0.00243,0.00546,-0.0076,-15.44,29.71,0.265,0.095,-3.439,0.223,5.644,0.0,0,-0.0,46.88,1,10.605,24.697
2,679,13.58,crack,0.02346,0.02346,-0.00026,0.00814,-0.0076,-14.98,29.45,0.268,0.0796,-2.5,0.195,7.058,0.0,0,-0.0,42.28,1,13.754,35.837
3,679,13.58,crack,0.01621,0.0161,0.00189,0.00558,-0.0076,-16.06,29.7,0.2699,0.0882,-1.266,0.433,10.652,0.0,0,-0.0,46.47,1,12.033,13.674
0,680,13.6,crack,0.01849,0.01821,0.00318,0.00481,-0.0076,-13.14,29.33,0.2649,0.093,-2.543,0.276,8.706,0.0,0,-0.0,47.28,1,9.766,22.192
1,680,13.6,crack,0.01788,0.01764,0.00293,0.00548,-0.0076,-15.69,29.72,0.2651,0.0946,-3.436,0.367,4.736,0.0,0,0.06,47.18,1,10.708,24.924
2,680,13.6,crack,0.02306,0.02306,0.00052,0.00808,-0.0076,-14.99,29.49,0.2679,0.0793,-2.591,0.277,5.418,0.0,0,-0.0,42.49,1,13.784,36.235
3,680,13.6,crack,0.01809,0.01792,0.00251,0.00577,-0.0076,-15.92,29.7,0.2696,0.0884,-1.307,0.45,11.4,0.0,0,-0.0,45.2,1,12.237,14.926
0,681,13.62,crack,0.01881,0.0184,0.00392,0.00487,-0.0076,-13.24,29.4,0.2649,0.0929,-2.56,0.235,9.12,0.0,0,-0.0,47.1,1,9.822,22.722
1,681,13.62,crack,0.01754,0.01716,0.00359,0.0055,-0.0076,-15.9,29.78,0.2652,0.0942,-3.433,0.208,4.832,0.0,0,0.08,47.4,1,10.793,25.19
2,681,13.62,crack,0.02284,0.0228,0.0013,0.00803,-0.0076,-14.98,29.57,0.2679,0.0789,-2.682,0.282,5.596,0.0,0,-0.0,42.6,1,13.772,36.683
3,681,13.62,crack,0.02009,0.01986,0.00304,0.00599,-0.0076,-15.76,29.71,0.2693,0.0887,-1.348,0.441,11.711,0.0,0,-0.0,43.87,1,12.46,16.252
0,682,13.64,crack,0.0187,0.0181,0.00469,0.00494,-0.0076,-13.34,29.28,0.2649,0.0928,-2.573,0.248,7.205,0.0,0,-0.0,47.18,1,10.011,23.085
1,682,13.64,crack,0.01665,0.01618,0.00392,0.00547,-0.0076,-16.24,29.7,0.2654,0.0937,-3.43,0.474,4.437,0.0,0,0.18,47.96,1,10.846,25.236
2,682,13.64,crack,0.02269,0.0226,0.00207,0.00799,-0.0076,-14.98,29.57,0.268,0.0784,-2.767,0.309,5.572,0.0,0,-0.0,42.68,1,13.732,37.153
3,682,13.64,crack,0.02231,0.02202,0.00358,0.00634,-0.0076,-15.53,29.71,0.269,0.0891,-1.39,0.483,12.303,0.0,0,-0.0,42.39,1,12.645,17.709
0,683,13.66,crack,0.01865,0.01783,0.00544,0.00498,-0.0076,-13.45,29.22,0.2649,0.0927,-2.583,0.138,7.194,0.0,0,-0.0,47.26,1,10.106,23.454
1,683,13.66,crack,0.01645,0.01582,0.00452,0.00552,-0.0076,-16.43,29.71,0.2657,0.0932,-3.431,0.162,5.009,0.0,0,0.21,48.1,1,10.955,25.538
2,683,13.66,crack,0.0226,0.02242,0.00284,0.00797,-0.0076,-15.0,29.52,0.268,0.078,-2.842,0.317,5.864,0.0,0,-0.0,42.75,1,13.706,37.629
3,683,13.66,crack,0.02453,0.02418,0.00409,0.00681,-0.0076,-15.29,29.75,0.2686,0.0895,-1.432,0.56,12.4,0.0,0,-0.0,40.91,1,12.893,19.211
0,684,13.68,crack,0.0185,0.01745,0.00613,0.00503,-0.0076,-13.59,29.14,0.265,0.0925,-2.592,0.138,5.6,0.0,0,0.01,47.39,1,10.291,23.788
1,684,13.68,crack,0.01561,0.01492,0.00457,0.00553,-0.0076,-16.77,29.59,0.2659,0.0927,-3.428,0.596,4.617,0.0,0,0.37,48.6,1,11.085,25.611
2,684,13.68,crack,0.02258,0.02229,0.0036,0.00797,-0.0076,-15.03,29.48,0.2681,0.0775,-2.909,0.309,5.787,0.0,0,-0.0,42.78,1,13.698,38.13
3,684,13.68,crack,0.0269,0.0265,0.00463,0.00742,-0.0076,-14.99,29.82,0.2682,0.09,-1.476,0.668,13.099,0.0,0,-0.0,39.33,1,13.126,20.817
0,685,13.7,crack,0.01791,0.01668,0.00653,0.00501,-0.0076,-13.89,29.02,0.2651,0.0922,-2.595,0.365,5.405,0.0,0,0.09,47.82,1,10.293,23.929
1,685,13.7,crack,0.01573,0.01486,0.00516,0.00562,-0.0076,-16.92,29.64,0.2662,0.0922,-3.421,0.156,5.814,0.0,0,0.4,48.53,1,11.238,26.034
2,685,13.7,crack,0.02264,0.02222,0.00435,0.00795,-0.0076,-15.05,29.49,0.2682,0.077,-2.97,0.31,5.832,0.0,0,-0.0,42.79,1,13.69,38.645
3,685,13.7,crack,0.02913,0.02867,0.00514,0.00815,-0.0076,-14.64,29.85,0.2678,0.0906,-1.521,0.467,12.661,0.0,0,-0.0,37.82,1,13.489,22.417
0,686,13.72,crack,0.01787,0.0163,0.00733,0.00507,-0.0076,-14.07,29.03,0.2653,0.0918,-2.595,0.095,5.878,0.0,0,0.09,47.95,1,10.362,24.254
1,686,13.72,crack,0.015,0.01409,0.00515,0.00564,-0.0076,-17.24,29.54,0.2665,0.0918,-3.409,0.695,4.865,0.0,0,0.57,48.96,1,11.386,26.14
2,686,13.72,crack,0.02271,0.02213,0.0051,0.00794,-0.0076,-15.06,29.49,0.2683,0.0766,-3.027,0.285,5.656,0.0,0,-0.0,42.8,1,13.678,39.16
3,686,13.72,crack,0.02922,0.02866,0.0057,0.00824,-0.0076,-14.47,29.69,0.2673,0.0912,-1.563,0.34,5.411,0.0,0,0.03,37.73,1,13.761,23.162
0,687,13.74,crack,0.01692,0.01515,0.00753,0.00504,-0.0076,-14.48,28.9,0.2655,0.0914,-2.592,0.546,4.818,0.0,0,0.21,48.61,1,10.374,24.228
1,687,13.74,crack,0.01523,0.0141,0.00576,0.00575,-0.0076,-17.4,29.6,0.2667,0.0914,-3.393,0.15,6.043,0.0,0,0.59,48.84,1,11.583,26.592
2,687,13.74,crack,0.02276,0.02199,0.00586,0.00792,-0.0076,-15.06,29.48,0.2684,0.0762,-3.078,0.301,5.483,0.0,0,-0.0,42.84,1,13.662,39.655
3,687,13.74,crack,0.02833,0.02751,0.00676,0.00774,-0.0076,-14.38,29.6,0.2669,0.0917,-1.597,0.189,5.654,0.0,0,-0.0,38.5,1,13.511,23.359
0,688,13.76,crack,0.01714,0.01494,0.00841,0.00502,-0.0076,-14.61,28.99,0.2657,0.091,-2.59,0.126,5.612,0.0,0,0.18,48.69,1,10.421,24.574
1,688,13.76,crack,0.01457,0.01343,0.00564,0.0058,-0.0076,-17.69,29.53,0.2669,0.0909,-3.374,0.84,5.025,0.0,0,0.78,49.2,1,11.744,26.738
2,688,13.76,crack,0.02286,0.02189,0.00662,0.00787,-0.0076,-15.03,29.55,0.2685,0.0758,-3.123,0.378,5.387,0.0,0,0.0,42.87,1,13.622,40.161
3,688,13.76,crack,0.02665,0.02567,0.00718,0.00717,-0.0076,-14.54,29.42,0.2666,0.0921,-1.634,0.256,3.84,0.0,0,0.04,39.72,1,13.096,23.252
0,689,13.78,crack,0.01604,0.01367,0.0084,0.00498,-0.0076,-15.07,28.89,0.2659,0.0906,-2.584,0.697,4.074,0.0,0,0.34,49.43,1,10.342,24.477
1,689,13.78,crack,0.01498,0.0136,0.00628,0.00591,-0.0076,-17.81,29.69,0.2671,0.0906,-3.356,0.156,5.767,0.0,0,0.8,48.99,1,11.955,27.245
2,689,13.78,crack,0.023,0.02179,0.00734,0.00784,-0.0076,-14.97,29.67,0.2685,0.0756,-3.161,0.347,4.941,0.0,0,0.01,42.89,1,13.602,40.677
3,689,13.78,crack,0.02517,0.02396,0.00771,0.00673,-0.0076,-14.69,29.28,0.2663,0.0924,-1.669,0.206,3.675,0.0,0,0.07,40.82,1,12.706,23.193
0,690,13.8,crack,0.01655,0.01364,0.00937,0.00495,-0.0076,-15.16,29.08,0.2661,0.0902,-2.575,0.138,5.528,0.0,0,0.29,49.4,1,10.312,24.881
1,690,13.8,crack,0.01446,0.01308,0.00616,0.00598,-0.0076,-18.04,29.69,0.2672,0.0902,-3.335,0.881,5.306,0.0,0,0.98,49.25,1,12.136,27.456
2,690,13.8,crack,0.02301,0.02157,0.00801,0.00775,-0.0076,-14.95,29.75,0.2686,0.0754,-3.19,0.335,4.793,0.0,0,0.03,43.0,1,13.515,41.129
3,690,13.8,crack,0.02322,0.02185,0.00787,0.00623,-0.0076,-15.04,29.08,0.266,0.0926,-1.694,0.375,2.711,0.0,0,0.16,42.24,1,12.256,22.892
0,691,13.82,crack,0.01529,0.01222,0.0092,0.00492,-0.0076,-15.64,28.84,0.2663,0.0899,-2.558,0.902,3.984,0.0,0,0.47,50.25,1,10.217,24.695
1,691,13.82,crack,0.01471,0.01314,0.00662,0.00609,-0.0076,-18.17,29.83,0.2673,0.0899,-3.312,0.144,5.631,0.0,0,1.04,49.11,1,12.328,27.92
2,691,13.82,crack,0.0229,0.02123,0.00859,0.00764,-0.0076,-14.94,29.8,0.2687,0.0753,-3.211,0.329,4.672,0.0,0,0.07,43.2,1,13.41,41.532
3,691,13.82,crack,0.02176,0.02015,0.00821,0.00597,-0.0076,-15.34,28.91,0.2658,0.0928,-1.707,0.181,3.069,0.0,0,0.26,43.31,1,11.975,22.768
0,692,13.84,crack,0.01588,0.01221,0.01015,0.00489,-0.0076,-15.74,28.91,0.2665,0.0896,-2.536,0.24,6.376,0.0,0,0.43,50.21,1,10.225,25.095
1,692,13.84,crack,0.0143,0.01271,0.00655,0.00614,-0.0076,-18.34,29.8,0.2674,0.0897,-3.29,0.778,5.394,0.0,0,1.21,49.33,1,12.505,28.155
2,692,13.84,crack,0.02269,0.0208,0.00907,0.0075,-0.0076,-14.94,29.81,0.2687,0.0754,-3.224,0.312,5.243,0.0,0,0.14,43.46,1,13.299,41.885
3,692,13.84,crack,0.01983,0.01809,0.00813,0.00571,-0.0076,-15.8,28.69,0.2656,0.0929,-1.71,0.474,2.521,0.0,0,0.45,44.67,1,11.69,22.419
0,693,13.86,crack,0.01468,0.01081,0.00993,0.00492,-0.0076,-16.18,28.67,0.2667,0.0893,-2.51,0.932,4.183,0.0,0,0.63,51.03,1,10.198,24.906
1,693,13.86,crack,0.0145,0.01277,0.00687,0.00622,-0.0076,-18.4,29.91,0.2675,0.0895,-3.269,0.177,6.345,0.0,0,1.29,49.21,1,12.678,28.602
2,693,13.86,crack,0.02245,0.02036,0.00945,0.00742,-0.0076,-14.93,29.8,0.2688,0.0755,-3.228,0.358,4.853,0.0,0,0.24,43.69,1,13.267,42.263
3,693,13.86,crack,0.01867,0.01666,0.00842,0.00556,-0.0076,-16.12,28.6,0.2655,0.093,-1.706,0.174,3.117,0.0,0,0.58,45.58,1,11.583,22.327
0,694,13.88,crack,0.01501,0.01074,0.01049,0.00489,-0.0076,-16.35,28.83,0.2669,0.0891,-2.476,0.162,5.338,0.0,0,0.67,51.04,1,10.203,25.249
1,694,13.88,crack,0.01427,0.01251,0.00687,0.00631,-0.0076,-18.48,29.99,0.2675,0.0893,-3.248,0.638,5.349,0.0,0,1.45,49.3,1,12.878,28.923
2,694,13.88,crack,0.02215,0.0199,0.00972,0.00728,-0.0076,-14.94,29.86,0.2688,0.0757,-3.225,0.344,4.387,0.0,0,0.35,43.98,1,13.17,42.59
3,694,13.88,crack,0.01689,0.01473,0.00826,0.00542,-0.0076,-16.59,28.46,0.2654,0.0931,-1.694,0.527,2.013,0.0,0,0.8,46.86,1,11.375,21.959
0,695,13.9,crack,0.01407,0.00968,0.01022,0.00493,-0.0076,-16.76,28.74,0.267,0.0889,-2.437,0.743,4.165,0.0,0,0.89,51.66,1,10.247,25.165
1,695,13.9,crack,0.01448,0.01268,0.007,0.00638,-0.0076,-18.47,30.19,0.2676,0.0891,-3.226,0.375,6.4,0.0,0,1.57,49.13,1,13.048,29.406
2,695,13.9,crack,0.02174,0.01938,0.00986,0.00716,-0.0076,-14.95,29.94,0.2689,0.076,-3.214,0.372,5.092,0.0,0,0.5,44.29,1,12.991,42.899
3,695,13.9,crack,0.01596,0.01349,0.00852,0.00536,-0.0076,-16.87,28.45,0.2653,0.0932,-1.677,0.155,2.67,0.0,0,0.94,47.66,1,11.365,21.872
0,696,13.92,crack,0.01437,0.00971,0.01059,0.00492,-0.0076,-16.94,28.92,0.2671,0.0889,-2.391,0.155,5.41,0.0,0,0.97,51.61,1,10.294,25.525
1,696,13.92,crack,0.0145,0.0127,0.007,0.00647,-0.0076,-18.44,30.28,0.2677,0.089,-3.204,0.577,6.279,0.0,0,1.72,49.05,1,13.256,29.839
2,696,13.92,crack,0.02131,0.0189,0.00985,0.00701,-0.0076,-14.96,30.0,0.2689,0.0764,-3.195,0.38,4.499,0.0,0,0.67,44.61,1,12.989,43.194
3,696,13.92,crack,0.01418,0.0116,0.00816,0.00538,-0.0076,-17.34,28.32,0.2652,0.0932,-1.653,0.649,1.873,0.0,0,1.19,48.87,1,11.263,21.469
0,697,13.94,crack,0.0136,0.00886,0.01032,0.005,-0.0076,-17.3,28.74,0.2672,0.0888,-2.342,0.621,4.742,0.0,0,1.19,52.09,1,10.418,25.52
1,697,13.94,crack,0.01477,0.0129,0.00719,0.00659,-0.0076,-18.35,30.33,0.2677,0.0889,-3.181,0.485,7.598,0.0,0,1.82,48.83,1,13.478,30.368
2,697,13.94,crack,0.02075,0.01833,0.00973,0.00689,-0.0076,-14.98,29.98,0.2689,0.0769,-3.168,0.39,5.047,0.0,0,0.87,44.96,1,12.871,43.457
3,697,13.94,crack,0.01365,0.01077,0.00839,0.00542,-0.0076,-17.55,28.33,0.2652,0.0934,-1.621,0.128,3.152,0.0,0,1.32,49.39,1,11.324,21.507
0,698,13.96,crack,0.01375,0.00891,0.01048,0.005,-0.0076,-17.45,28.76,0.2672,0.0889,-2.289,0.143,6.144,0.0,0,1.31,52.04,1,10.454,25.863
1,698,13.96,crack,0.015,0.01312,0.00728,0.00673,-0.0076,-18.2,30.41,0.2677,0.0889,-3.156,0.653,7.135,0.0,0,1.95,48.6,1,13.751,30.915
2,698,13.96,crack,0.0202,0.0178,0.00954,0.00678,-0.0076,-14.98,29.99,0.2689,0.0775,-3.134,0.401,4.511,0.0,0,1.09,45.29,1,12.917,43.723
3,698,13.96,crack,0.01219,0.00915,0.00807,0.00553,-0.0076,-17.93,28.07,0.2651,0.0935,-1.584,0.599,2.328,0.0,0,1.57,50.4,1,11.398,21.181
0,699,13.98,crack,0.01324,0.00835,0.01028,0.0051,-0.0076,-17.71,28.57,0.2672,0.089,-2.236,0.485,5.403,0.0,0,1.52,52.33,1,10.654,25.973
1,699,13.98,crack,0.01555,0.01361,0.00753,0.00687,-0.0076,-17.98,30.56,0.2677,0.0889,-3.13,0.649,7.722,0.0,0,2.03,48.19,1,14.017,31.587
2,699,13.98,crack,0.01958,0.01727,0.00924,0.0067,-0.0076,-14.99,29.99,0.2689,0.0781,-3.094,0.41,4.991,0.0,0,1.33,45.64,1,12.811,43.972
3,699,13.98,crack,0.01162,0.00849,0.00794,0.0056,-0.0076,-18.16,28.04,0.2651,0.0938,-1.539,0.259,3.876,0.0,0,1.77,50.83,1,11.522,21.211
0,700,14.0,crack,0.01319,0.00834,0.01022,0.00511,-0.0076,-17.87,28.62,0.2672,0.0892,-2.181,0.233,5.713,0.0,0,1.68,52.32,1,10.704,26.271
1,700,14.0,crack,0.01609,0.01412,0.00773,0.00703,-0.0076,-17.7,30.77,0.2677,0.0889,-3.105,0.761,7.168,0.0,0,2.13,47.76,1,14.31,32.285
2,700,14.0,crack,0.01895,0.01677,0.00882,0.00664,-0.0076,-14.98,30.06,0.2689,0.0787,-3.05,0.447,4.581,0.0,0,1.59,45.95,1,12.857,44.235
3,700,14.0,crack,0.01089,0.00767,0.00774,0.00568,-0.0076,-18.41,28.01,0.2652,0.094,-1.487,0.345,2.879,0.0,0,1.98,51.37,1,11.667,21.154
0,701,14.02,crack,0.01295,0.00814,0.01008,0.00518,-0.0076,-18.04,28.68,0.2672,0.0894,-2.127,0.331,5.303,0.0,0,1.87,52.4,1,10.856,26.512
1,701,14.02,crack,0.01682,0.01481,0.00797,0.00717,-0.0076,-17.35,31.06,0.2676,0.0889,-3.08,0.778,7.06,0.0,0,2.22,47.22,1,14.586,33.069
2,701,14.02,crack,0.0183,0.01631,0.00831,0.00661,-0.0076,-14.97,30.13,0.2688,0.0794,-3.001,0.46,4.801,0.0,0,1.87,46.24,1,12.925,44.501
3,701,14.02,crack,0.01025,0.00704,0.00746,0.00577,-0.0076,-18.64,28.08,0.2652,0.0943,-1.432,0.347,2.877,0.0,0,2.21,51.8,1,11.774,21.147
0,702,14.04,crack,0.01274,0.00807,0.00986,0.00523,-0.0076,-18.19,28.75,0.2672,0.0897,-2.071,0.325,5.604,0.0,0,2.06,52.42,1,10.959,26.785
1,702,14.04,crack,0.0176,0.01554,0.00825,0.00733,-0.0076,-16.96,31.28,0.2675,0.089,-3.055,0.872,7.389,0.0,0,2.29,46.65,1,14.804,33.888
2,702,14.04,crack,0.0177,0.0159,0.00779,0.00662,-0.0076,-14.93,30.18,0.2688,0.0802,-2.949,0.476,4.742,0.0,0,2.16,46.48,1,13.085,44.796
3,702,14.04,crack,0.00975,0.0065,0.00726,0.00586,-0.0076,-18.82,28.12,0.2652,0.0947,-1.372,0.299,3.106,0.0,0,2.42,52.16,1,11.902,21.174
0,703,14.06,crack,0.01251,0.00797,0.00964,0.00528,-0.0076,-18.34,28.79,0.2671,0.09,-2.015,0.278,6.017,0.0,0,2.26,52.46,1,11.091,27.046
1,703,14.06,crack,0.01844,0.01636,0.00851,0.00747,-0.0076,-16.54,31.56,0.2674,0.0892,-3.031,0.859,6.549,0.0,0,2.37,46.05,1,15.079,34.747
2,703,14.06,crack,0.01712,0.01555,0.00717,0.00666,-0.0076,-14.88,30.21,0.2688,0.0809,-2.893,0.502,4.883,0.0,0,2.46,46.68,1,13.217,45.106
3,703,14.06,crack,0.00914,0.00593,0.00695,0.00596,-0.0076,-19.02,28.12,0.2652,0.0951,-1.31,0.346,3.558,0.0,0,2.65,52.55,1,12.046,21.161
0,704,14.08,crack,0.01213,0.00788,0.00922,0.00537,-0.0076,-18.5,28.77,0.2671,0.0904,-1.958,0.397,6.006,0.0,0,2.51,52.49,1,11.269,27.299
1,704,14.08,crack,0.01939,0.01726,0.00883,0.00764,-0.0076,-16.07,31.78,0.2673,0.0893,-3.007,0.87,6.819,0.0,0,2.44,45.38,1,15.324,35.67
2,704,14.08,crack,0.01661,0.01527,0.00652,0.0067,-0.0076,-14.82,30.29,0.2688,0.0817,-2.834,0.494,4.921,0.0,0,2.77,46.85,1,13.385,45.44
3,704,14.08,crack,0.00861,0.00553,0.00659,0.00608,-0.0076,-19.19,28.14,0.2652,0.0955,-1.244,0.338,3.572,0.0,0,2.89,52.85,1,12.262,21.198
0,705,14.1,crack,0.01206,0.00795,0.00906,0.00542,-0.0076,-18.6,28.83,0.267,0.0907,-1.901,0.161,6.093,0.0,0,2.69,52.42,1,11.377,27.629
1,705,14.1,crack,0.02041,0.01822,0.00918,0.00778,-0.0076,-15.6,32.05,0.2671,0.0895,-2.981,0.784,7.175,0.0,0,2.5,44.7,1,15.498,36.618
2,705,14.1,crack,0.01617,0.01506,0.00588,0.00676,-0.0076,-14.74,30.35,0.2688,0.0825,-2.772,0.5,4.967,0.0,0,3.07,46.97,1,13.573,45.799
3,705,14.1,crack,0.00815,0.0052,0.00627,0.00618,-0.0076,-19.35,28.15,0.2652,0.0959,-1.174,0.291,3.821,0.0,0,3.12,53.08,1,12.436,21.265
0,706,14.12,crack,0.01151,0.00772,0.00853,0.00553,-0.0076,-18.77,28.78,0.2669,0.0911,-1.844,0.465,5.756,0.0,0,2.96,52.53,1,11.594,27.825
1,706,14.12,crack,0.02148,0.01921,0.00961,0.00798,-0.0076,-15.1,32.26,0.2669,0.0898,-2.955,0.793,6.704,0.0,0,2.55,43.97,1,15.744,37.626
2,706,14.12,crack,0.01576,0.01485,0.00529,0.00683,-0.0076,-14.65,30.4,0.2689,0.0833,-2.707,0.515,5.027,0.0,0,3.36,47.08,1,13.785,46.159
3,706,14.12,crack,0.00769,0.00492,0.00591,0.0063,-0.0076,-19.52,28.22,0.2652,0.0963,-1.101,0.281,3.296,0.0,0,3.35,53.28,1,12.629,21.342
0,707,14.14,crack,0.01158,0.00802,0.00836,0.00558,-0.0076,-18.83,28.89,0.2668,0.0915,-1.788,0.186,6.588,0.0,0,3.14,52.32,1,11.779,28.242
1,707,14.14,crack,0.02252,0.02019,0.00999,0.00815,-0.0076,-14.61,32.53,0.2667,0.0902,-2.926,0.784,7.086,0.0,0,2.61,43.27,1,15.873,38.633
2,707,14.14,crack,0.01539,0.01466,0.00469,0.00691,-0.0076,-14.56,30.44,0.2689,0.0841,-2.641,0.517,5.042,0.0,0,3.65,47.18,1,14.004,46.528
3,707,14.14,crack,0.00728,0.00472,0.00554,0.00643,-0.0076,-19.68,28.35,0.2652,0.0968,-1.025,0.277,3.003,0.0,0,3.59,53.44,1,12.861,21.44
0,708,14.16,crack,0.01106,0.00789,0.00775,0.00572,-0.0076,-18.98,28.92,0.2667,0.0919,-1.733,0.478,5.691,0.0,0,3.42,52.36,1,11.993,28.484
1,708,14.16,crack,0.02354,0.02111,0.01041,0.00833,-0.0076,-14.11,32.69,0.2665,0.0906,-2.892,0.721,6.875,0.0,0,2.65,42.6,1,16.077,39.639
2,708,14.16,crack,0.01506,0.0145,0.00409,0.00701,-0.0076,-14.46,30.49,0.2689,0.0848,-2.571,0.53,4.973,0.0,0,3.95,47.27,1,14.24,46.905
3,708,14.16,crack,0.00685,0.00452,0.00515,0.00656,-0.0076,-19.84,28.44,0.2652,0.0972,-0.947,0.31,3.067,0.0,0,3.83,53.59,1,13.086,21.533
0,709,14.18,crack,0.01113,0.00819,0.00753,0.00575,-0.0076,-19.04,29.0,0.2665,0.0923,-1.678,0.201,6.725,0.0,0,3.61,52.17,1,12.096,28.893
1,709,14.18,crack,0.02454,0.02202,0.01084,0.00851,-0.0076,-13.61,32.91,0.2662,0.0911,-2.856,0.725,6.963,0.0,0,2.71,41.94,1,16.27,40.662
2,709,14.18,crack,0.01477,0.01434,0.00353,0.00711,-0.0076,-14.36,30.52,0.2689,0.0856,-2.5,0.526,4.998,0.0,0,4.23,47.34,1,14.471,47.285
3,709,14.18,crack,0.00649,0.0044,0.00477,0.00668,-0.0076,-19.99,28.52,0.2652,0.0976,-0.867,0.287,3.36,0.0,0,4.07,53.67,1,13.352,21.668
0,710,14.2,crack,0.01068,0.00813,0.00693,0.0059,-0.0076,-19.17,29.0,0.2664,0.0926,-1.624,0.496,5.832,0.0,0,3.89,52.17,1,12.373,29.165
1,710,14.2,crack,0.02548,0.02286,0.01124,0.00869,-0.0076,-13.12,33.0,0.2659,0.0916,-2.816,0.663,7.56,0.0,0,2.76,41.35,1,16.399,41.663
2,710,14.2,crack,0.01451,0.01418,0.00306,0.0072,-0.0076,-14.25,30.55,0.2689,0.0862,-2.426,0.523,5.048,0.0,0,4.49,47.41,1,14.703,47.666
3,710,14.2,crack,0.00614,0.00431,0.00437,0.00682,-0.0076,-20.14,28.54,0.2652,0.098,-0.787,0.309,3.58,0.0,0,4.31,53.72,1,13.643,21.819
0,711,14.22,crack,0.01076,0.00843,0.00669,0.00596,-0.0076,-19.23,29.07,0.2662,0.0929,-1.57,0.225,6.879,0.0,0,4.09,51.96,1,12.531,29.59
1,711,14.22,crack,0.02641,0.02371,0.01163,0.0089,-0.0076,-12.6,33.14,0.2656,0.0923,-2.773,0.693,7.104,0.0,0,2.83,40.71,1,16.63,42.712
2,711,14.22,crack,0.01426,0.01402,0.00262,0.0073,-0.0076,-14.14,30.57,0.2689,0.0868,-2.351,0.516,5.08,0.0,0,4.74,47.49,1,14.936,48.042
3,711,14.22,crack,0.00592,0.00434,0.00402,0.00694,-0.0076,-20.27,28.64,0.2651,0.0983,-0.707,0.247,3.685,0.0,0,4.54,53.66,1,13.88,22.046
0,712,14.24,crack,0.01043,0.00843,0.00614,0.0061,-0.0076,-19.33,29.11,0.2661,0.0932,-1.521,0.477,6.341,0.0,0,4.35,51.92,1,12.799,29.894
1,712,14.24,crack,0.02725,0.0245,0.01194,0.0091,-0.0076,-12.1,33.21,0.2652,0.093,-2.724,0.643,7.118,0.0,0,2.91,40.14,1,16.755,43.731
2,712,14.24,crack,0.01402,0.01384,0.0022,0.0074,-0.0076,-14.04,30.58,0.2689,0.0874,-2.275,0.507,5.134,0.0,0,5.0,47.57,1,15.171,48.41
3,712,14.24,crack,0.00575,0.00438,0.00372,0.00709,-0.0076,-20.37,28.72,0.2651,0.0986,-0.632,0.276,3.709,0.0,0,4.75,53.57,1,14.151,22.289
0,713,14.26,crack,0.01044,0.00863,0.00588,0.00622,-0.0076,-19.39,29.11,0.2659,0.0935,-1.474,0.235,7.461,0.0,0,4.56,51.75,1,13.049,30.3
1,713,14.26,crack,0.02803,0.02523,0.01221,0.00929,-0.0076,-11.61,33.29,0.2649,0.0938,-2.672,0.62,6.969,0.0,0,3.0,39.6,1,16.954,44.749
2,713,14.26,crack,0.01378,0.01366,0.0018,0.0075,-0.0076,-13.93,30.56,0.2689,0.0879,-2.196,0.505,5.268,0.0,0,5.24,47.66,1,15.406,48.774
3,713,14.26,crack,0.00561,0.00446,0.00341,0.00723,-0.0076,-20.43,28.87,0.2652,0.0989,-0.564,0.321,3.93,0.0,0,4.97,53.44,1,14.487,22.564
0,714,14.28,crack,0.01028,0.00875,0.00539,0.00637,-0.0076,-19.45,29.19,0.2658,0.0937,-1.431,0.461,6.842,0.0,0,4.81,51.63,1,13.349,30.67
1,714,14.28,crack,0.02868,0.02588,0.01236,0.00946,-0.0076,-11.16,33.32,0.2645,0.0947,-2.615,0.553,7.792,0.0,0,3.12,39.15,1,17.064,45.72
2,714,14.28,crack,0.01356,0.01349,0.00141,0.0076,-0.0076,-13.83,30.53,0.2688,0.0884,-2.115,0.506,5.393,0.0,0,5.49,47.74,1,15.654,49.139
3,714,14.28,crack,0.00565,0.00466,0.00319,0.00735,-0.0076,-20.44,28.96,0.2652,0.0991,-0.503,0.37,4.291,0.0,0,5.16,53.2,1,14.758,22.925
0,715,14.3,crack,0.01047,0.00909,0.0052,0.0065,-0.0076,-19.43,29.22,0.2657,0.0939,-1.391,0.287,7.624,0.0,0,5.0,51.34,1,13.6,31.159
1,715,14.3,crack,0.02921,0.02644,0.01241,0.00963,-0.0076,-10.71,33.3,0.2641,0.0957,-2.555,0.591,7.838,0.0,0,3.27,38.72,1,17.195,46.692
2,715,14.3,crack,0.01335,0.0133,0.00108,0.0077,-0.0076,-13.74,30.5,0.2688,0.0889,-2.03,0.49,5.477,0.0,0,5.72,47.82,1,15.9,49.499
3,715,14.3,crack,0.00573,0.00492,0.00293,0.00749,-0.0076,-20.41,29.1,0.2653,0.0993,-0.446,0.456,4.771,0.0,0,5.36,52.89,1,15.052,23.325
0,716,14.32,crack,0.01062,0.00941,0.00493,0.00665,-0.0076,-19.37,29.33,0.2656,0.0941,-1.356,0.515,7.544,0.0,0,5.2,51.08,1,13.945,31.645
1,716,14.32,crack,0.02969,0.027,0.01234,0.00979,-0.0076,-10.28,33.32,0.2637,0.0968,-2.488,0.562,7.206,0.0,0,3.45,38.33,1,17.364,47.644
2,716,14.32,crack,0.01312,0.0131,0.00075,0.0078,-0.0076,-13.64,30.47,0.2688,0.0893,-1.943,0.492,5.558,0.0,0,5.95,47.92,1,16.145,49.844
3,716,14.32,crack,0.00611,0.0054,0.00287,0.00762,-0.0076,-20.31,29.22,0.2653,0.0994,-0.393,0.509,5.373,0.0,0,5.52,52.42,1,15.398,23.857
0,717,14.34,crack,0.01107,0.00994,0.00489,0.0068,-0.0076,-19.22,29.44,0.2655,0.0942,-1.323,0.543,7.947,0.0,0,5.35,50.66,1,14.217,32.246
1,717,14.34,crack,0.03004,0.02747,0.01216,0.00994,-0.0076,-9.89,33.29,0.2634,0.0979,-2.415,0.529,7.17,0.0,0,3.65,38.02,1,17.447,48.555
2,717,14.34,crack,0.01285,0.01284,0.00044,0.00789,-0.0076,-13.56,30.43,0.2687,0.0896,-1.853,0.472,5.38,0.0,0,6.18,48.06,1,16.376,50.163
3,717,14.34,crack,0.00656,0.00594,0.00278,0.00775,-0.0076,-20.16,29.39,0.2654,0.0995,-0.344,0.633,5.307,0.0,0,5.68,51.9,1,15.751,24.435
0,718,14.36,crack,0.01157,0.01049,0.0049,0.00695,-0.0076,-19.01,29.61,0.2654,0.0943,-1.293,0.726,8.359,0.0,0,5.49,50.22,1,14.559,32.874
1,718,14.36,crack,0.03027,0.02783,0.01189,0.01004,-0.0076,-9.53,33.29,0.263,0.0991,-2.339,0.516,6.876,0.0,0,3.87,37.79,1,17.507,49.421
2,718,14.36,crack,0.01249,0.01249,0.00015,0.00798,-0.0076,-13.5,30.36,0.2687,0.09,-1.76,0.487,5.565,0.0,0,6.41,48.26,1,16.558,50.435
3,718,14.36,crack,0.00742,0.0068,0.00297,0.00787,-0.0076,-19.91,29.61,0.2655,0.0995,-0.299,0.673,6.141,0.0,0,5.78,51.16,1,16.085,25.184
0,719,14.38,crack,0.01234,0.01123,0.00511,0.00709,-0.0076,-18.7,29.79,0.2654,0.0944,-1.266,0.776,8.561,0.0,0,5.58,49.65,1,14.878,33.609
1,719,14.38,crack,0.03033,0.02807,0.0115,0.01011,-0.0076,-9.22,33.22,0.2626,0.1003,-2.257,0.58,6.75,0.0,0,4.12,37.66,1,17.55,50.231
2,719,14.38,crack,0.01204,0.01204,-0.00014,0.00805,-0.0076,-13.46,30.3,0.2686,0.0903,-1.664,0.515,5.723,0.0,0,6.64,48.54,1,16.734,50.646
3,719,14.38,crack,0.00825,0.00766,0.00306,0.00801,-0.0076,-19.61,29.84,0.2655,0.0995,-0.259,0.882,5.976,0.0,0,5.9,50.43,1,16.443,25.945
0,720,14.4,crack,0.01316,0.01202,0.00536,0.00725,-0.0076,-18.32,30.01,0.2653,0.0944,-1.243,0.936,8.638,0.0,0,5.67,49.04,1,15.166,34.391
1,720,14.4,crack,0.03032,0.02824,0.01103,0.0101,-0.0076,-8.94,33.18,0.2623,0.1016,-2.169,0.595,6.459,0.0,0,4.4,37.59,1,17.633,51.006
2,720,14.4,crack,0.01146,0.01145,-0.00053,0.0081,-0.0076,-13.45,30.24,0.2686,0.0905,-1.563,0.581,5.935,0.0,0,6.88,48.93,1,16.868,50.778
3,720,14.4,crack,0.00952,0.00887,0.00344,0.00811,-0.0076,-19.18,30.14,0.2655,0.0995,-0.223,0.985,7.281,0.0,0,5.96,49.46,1,16.739,26.892
0,721,14.42,crack,0.01418,0.01296,0.00577,0.00742,-0.0076,-17.86,30.3,0.2652,0.0944,-1.221,0.986,8.452,0.0,0,5.72,48.31,1,15.477,35.272
1,721,14.42,crack,0.03014,0.02828,0.01042,0.01008,-0.0076,-8.72,33.12,0.262,0.1028,-2.075,0.665,6.578,0.0,0,4.71,37.61,1,17.586,51.716
2,721,14.42,crack,0.01073,0.01069,-0.00097,0.00815,-0.0076,-13.47,30.16,0.2685,0.0907,-1.459,0.642,6.12,0.0,0,7.15,49.45,1,16.968,50.816
3,721,14.42,crack,0.01074,0.01001,0.00387,0.00824,-0.0076,-18.67,30.43,0.2655,0.0994,-0.193,1.1,6.842,0.0,0,6.01,48.53,1,17.165,27.851
0,722,14.44,crack,0.0152,0.01389,0.00617,0.0076,-0.0076,-17.35,30.56,0.2651,0.0943,-1.202,1.08,8.427,0.0,0,5.77,47.59,1,15.796,36.171
1,722,14.44,crack,0.02983,0.02821,0.00971,0.01004,-0.0076,-8.56,33.04,0.2617,0.1041,-1.975,0.718,6.577,0.0,0,5.04,37.73,1,17.546,52.366
2,722,14.44,crack,0.00984,0.00974,-0.00145,0.0082,-0.0076,-13.54,30.03,0.2685,0.0909,-1.349,0.649,6.176,0.0,0,7.42,50.1,1,17.04,50.747
3,722,14.44,crack,0.0121,0.01126,0.00441,0.00837,-0.0076,-18.12,30.78,0.2655,0.0993,-0.166,1.076,6.917,0.0,0,6.03,47.53,1,17.502,28.889
0,723,14.46,crack,0.01637,0.01495,0.00666,0.00779,-0.0076,-16.78,30.92,0.265,0.0943,-1.188,1.133,8.126,0.0,0,5.8,46.77,1,16.073,37.155
1,723,14.46,crack,0.02938,0.028,0.0089,0.00997,-0.0076,-8.44,32.94,0.2615,0.1054,-1.869,0.785,6.118,0.0,0,5.4,37.9,1,17.523,52.979
2,723,14.46,crack,0.00878,0.00854,-0.002,0.00826,-0.0076,-13.7,29.88,0.2684,0.0911,-1.235,0.675,5.946,0.0,0,7.7,50.92,1,17.122,50.545
3,723,14.46,crack,0.01348,0.01251,0.00503,0.00854,-0.0076,-17.55,31.07,0.2654,0.0993,-0.144,1.084,6.779,0.0,0,6.03,46.52,1,17.862,29.967
0,724,14.48,crack,0.01768,0.01609,0.00732,0.00796,-0.0076,-16.17,31.23,0.2649,0.0943,-1.178,1.096,8.418,0.0,0,5.8,45.92,1,16.384,38.195
1,724,14.48,crack,0.02887,0.02773,0.00802,0.00981,-0.0076,-8.36,32.82,0.2613,0.1067,-1.757,0.763,6.041,0.0,0,5.76,38.2,1,17.607,53.5
2,724,14.48,crack,0.00762,0.00717,-0.00257,0.00829,-0.0076,-13.95,29.69,0.2684,0.0912,-1.113,0.601,6.206,0.0,0,8.0,51.9,1,17.12,50.21
3,724,14.48,crack,0.01503,0.01389,0.00574,0.00873,-0.0076,-16.94,31.41,0.2653,0.0992,-0.127,1.07,6.734,0.0,0,6.01,45.42,1,18.237,31.134
0,725,14.5,crack,0.01913,0.01733,0.0081,0.00817,-0.0076,-15.51,31.57,0.2648,0.0942,-1.17,1.07,8.013,0.0,0,5.77,44.98,1,16.642,39.323
1,725,14.5,crack,0.02817,0.02728,0.00701,0.00968,-0.0076,-8.34,32.64,0.2612,0.1079,-1.641,0.908,5.918,0.0,0,6.17,38.55,1,17.501,53.987
2,725,14.5,crack,0.00657,0.00596,-0.00276,0.00835,-0.0076,-14.29,29.43,0.2683,0.0913,-0.987,0.468,6.317,0.0,0,8.21,52.72,1,17.16,49.927
3,725,14.5,crack,0.01679,0.01546,0.00656,0.00892,-0.0076,-16.26,31.67,0.2651,0.0991,-0.114,1.076,6.327,0.0,0,5.96,44.22,1,18.605,32.404
0,726,14.52,crack,0.02062,0.01862,0.00887,0.00839,-0.0076,-14.86,31.85,0.2646,0.0943,-1.161,1.029,8.634,0.0,0,5.75,44.01,1,16.904,40.495
1,726,14.52,crack,0.02739,0.02676,0.00586,0.00946,-0.0076,-8.39,32.44,0.2611,0.1091,-1.519,0.837,5.87,0.0,0,6.6,39.06,1,17.589,54.356
2,726,14.52,crack,0.00538,0.0043,-0.00322,0.00844,-0.0076,-14.69,29.12,0.2682,0.0915,-0.859,0.489,5.829,0.0,0,8.45,53.91,1,17.265,49.37
3,726,14.52,crack,0.01875,0.01719,0.00749,0.00911,-0.0076,-15.54,31.97,0.265,0.0991,-0.102,1.031,6.869,0.0,0,5.9,42.94,1,18.861,33.763
0,727,14.54,crack,0.02218,0.01995,0.00969,0.00863,-0.0076,-14.22,32.16,0.2645,0.0943,-1.148,0.912,8.452,0.0,0,5.71,43.03,1,17.132,41.71
1,727,14.54,crack,0.02647,0.02607,0.00463,0.00923,-0.0076,-8.5,32.2,0.2611,0.1103,-1.393,0.962,6.527,0.0,0,7.06,39.62,1,17.534,54.682
2,727,14.54,crack,0.00458,0.00266,-0.00373,0.00849,-0.0076,-15.14,28.79,0.2682,0.0917,-0.724,0.427,5.503,0.0,0,8.73,55.38,1,17.174,48.586
3,727,14.54,crack,0.02077,0.01894,0.00852,0.00939,-0.0076,-14.77,32.22,0.2647,0.0991,-0.092,1.075,7.276,0.0,0,5.8,41.63,1,19.114,35.186
0,728,14.56,crack,0.02376,0.02125,0.01063,0.00891,-0.0076,-13.57,32.4,0.2643,0.0945,-1.132,0.868,8.295,0.0,0,5.65,42.04,1,17.381,42.967
1,728,14.56,crack,0.02547,0.02526,0.00329,0.00905,-0.0076,-8.68,31.93,0.2612,0.1115,-1.261,0.93,6.352,0.0,0,7.53,40.28,1,17.578,54.935
2,728,14.56,crack,0.00496,0.00253,-0.00427,0.00854,-0.0076,-15.67,28.5,0.2682,0.0919,-0.581,0.368,4.494,0.0,0,9.01,57.12,1,17.156,47.561
3,728,14.56,crack,0.02284,0.02067,0.00971,0.00971,-0.0076,-13.95,32.48,0.2645,0.0993,-0.082,1.092,7.683,0.0,0,5.68,40.34,1,19.37,36.65
0,729,14.58,crack,0.02528,0.0225,0.01152,0.00919,-0.0076,-12.95,32.64,0.2641,0.0947,-1.114,0.824,8.195,0.0,0,5.6,41.09,1,17.551,44.224
1,729,14.58,crack,0.02439,0.02431,0.00187,0.00885,-0.0076,-8.94,31.64,0.2613,0.1126,-1.124,0.973,5.744,0.0,0,8.02,41.05,1,17.607,55.093
2,729,14.58,crack,0.00712,0.00509,-0.00499,0.00877,-0.0076,-16.41,28.03,0.2684,0.0923,-0.424,0.677,3.845,0.0,0,9.24,59.28,1,17.491,45.268
3,729,14.58,crack,0.02486,0.02232,0.01095,0.01003,-0.0076,-13.1,32.73,0.2641,0.0995,-0.069,1.053,7.942,0.0,0,5.55,39.09,1,19.579,38.12
0,730,14.6,crack,0.0267,0.0237,0.0123,0.00951,-0.0076,-12.37,32.81,0.2639,0.095,-1.092,0.731,7.629,0.0,0,5.57,40.18,1,17.825,45.476
1,730,14.6,crack,0.02323,0.02323,0.00043,0.00866,-0.0076,-9.26,31.34,0.2616,0.1136,-0.983,0.954,5.364,0.0,0,8.52,41.92,1,17.696,55.169
2,730,14.6,crack,0.00832,0.00631,-0.00542,0.00912,-0.0076,-16.92,27.54,0.2686,0.0929,-0.242,0.626,9.978,0.0,0,9.39,60.0,1,18.398,43.923
3,730,14.6,crack,0.0269,0.02398,0.0122,0.01038,-0.0076,-12.21,32.97,0.2637,0.0998,-0.053,1.113,8.521,0.0,0,5.42,37.85,1,19.829,39.624
0,731,14.62,crack,0.02814,0.02492,0.01308,0.0098,-0.0076,-11.78,33.02,0.2637,0.0955,-1.067,0.72,8.466,0.0,0,5.55,39.28,1,17.959,46.752
1,731,14.62,crack,0.02194,0.02192,-0.00101,0.00846,-0.0076,-9.64,31.01,0.2619,0.1146,-0.842,1.034,6.322,0.0,0,9.01,42.97,1,17.647,55.109
2,731,14.62,crack,0.00886,0.00645,-0.00608,0.00942,-0.0076,-17.12,27.31,0.2689,0.0935,-0.036,0.39,7.349,0.0,0,9.69,60.0,1,18.723,43.131
3,731,14.62,crack,0.02879,0.02544,0.01348,0.01078,-0.0076,-11.29,33.1,0.2633,0.1003,-0.033,1.116,8.975,0.0,0,5.29,36.73,1,20.034,41.1
0,732,14.64,crack,0.02945,0.02602,0.01379,0.01006,-0.0076,-11.21,33.15,0.2634,0.096,-1.035,0.673,8.767,0.0,0,5.55,38.48,1,18.104,47.99
1,732,14.64,crack,0.02047,0.02032,-0.00254,0.00832,-0.0076,-10.1,30.6,0.2623,0.1155,-0.703,0.993,6.142,0.0,0,9.51,44.21,1,17.662,54.884
2,732,14.64,crack,0.00969,0.00641,-0.00728,0.0097,-0.0076,-17.08,27.36,0.2693,0.0943,0.2,0.56,6.432,0.0,0,10.1,60.0,1,19.293,42.406
3,732,14.64,crack,0.03036,0.02659,0.01465,0.01116,-0.0076,-10.41,33.16,0.2627,0.1008,-0.006,1.116,8.635,0.0,0,5.18,35.82,1,20.233,42.475
0,733,14.66,crack,0.03068,0.02708,0.01441,0.0104,-0.0076,-10.64,33.26,0.2631,0.0967,-0.997,0.673,8.369,0.0,0,5.56,37.7,1,18.341,49.239
1,733,14.66,crack,0.01886,0.01838,-0.00422,0.00826,-0.0076,-10.64,30.13,0.2628,0.1164,-0.566,1.108,6.304,0.0,0,10.05,45.68,1,17.731,54.477
2,733,14.66,crack,0.00986,0.00652,-0.00739,0.00984,-0.0076,-17.07,27.81,0.2697,0.0951,0.467,0.656,7.336,0.0,0,10.29,60.0,1,19.648,41.619
3,733,14.66,crack,0.03168,0.0275,0.01572,0.01136,-0.0076,-9.55,33.23,0.2621,0.1015,0.025,1.042,8.537,0.0,0,5.1,35.14,1,20.307,43.741
0,734,14.68,ease,0.03181,0.02809,0.01492,0.03015,-0.0076,-10.08,33.35,0.2628,0.0975,-0.952,0.64,8.482,0.0,0,5.61,36.95,1,18.527,8.043
1,734,14.68,ease,0.01709,0.01596,-0.0061,0.01447,-0.0076,-11.3,29.54,0.2633,0.1173,-0.425,1.125,5.961,0.0,0,10.61,47.5,1,17.805,4.967
2,734,14.68,ease,0.0099,0.00682,-0.00718,0.00876,-0.0076,-16.98,28.24,0.2701,0.0959,0.752,0.438,6.841,0.0,0,10.41,60.0,1,20.047,8.335
3,734,14.68,ease,0.0326,0.02803,0.01664,0.03021,-0.0076,-8.79,33.22,0.2615,0.1024,0.059,0.921,8.186,0.0,0,5.07,34.73,1,20.25,9.689
0,735,14.7,ease,0.02985,0.0266,0.01356,0.02848,-0.0076,-9.91,30.71,0.2628,0.0981,-0.739,1.681,15.097,0.0,0,5.91,36.47,1,18.941,7.808
1,735,14.7,ease,0.01479,0.01386,-0.00517,0.01269,-0.0076,-10.74,25.98,0.2641,0.1185,0.0,1.66,17.617,0.0,0,10.39,47.18,1,17.959,4.483
2,735,14.7,ease,0.01,0.00928,-0.00372,0.01014,-0.0076,-16.3,26.49,0.2704,0.0969,1.241,1.731,12.946,0.0,0,9.7,60.0,1,19.425,0.337
3,735,14.7,ease,0.03002,0.02572,0.01548,0.02774,-0.0076,-8.58,29.72,0.2611,0.103,0.249,1.722,9.269,0.0,0,5.35,34.57,1,21.009,9.567
0,736,14.72,ease,0.03019,0.02717,0.01317,0.02898,-0.0076,-9.86,29.57,0.2629,0.0984,-0.366,1.727,17.738,0.0,0,5.97,34.63,1,19.681,7.847
1,736,14.72,ease,0.01217,0.01214,-0.00094,0.01192,-0.0076,-10.43,24.23,0.2646,0.1187,0.559,1.73,16.967,0.0,0,9.45,46.22,1,17.917,2.652
2,736,14.72,ease,0.01299,0.01265,0.00296,0.01181,-0.0076,-16.18,25.44,0.2705,0.0969,1.777,1.731,10.803,0.0,0,8.31,60.0,1,18.244,3.246
3,736,14.72,ease,0.03075,0.0267,0.01526,0.02867,-0.0076,-8.41,28.15,0.2608,0.1034,0.589,1.597,17.014,0.0,0,5.38,32.45,1,21.898,9.681
0,737,14.74,ease,0.03152,0.02812,0.01423,0.03004,-0.0076,-9.91,29.61,0.263,0.0982,0.022,1.695,13.888,0.0,0,5.72,32.53,1,19.996,8.466
1,737,14.74,ease,0.00991,0.00908,0.00397,0.00976,-0.0076,-10.68,23.58,0.2649,0.1176,1.024,1.721,11.779,0.0,0,8.39,46.23,1,17.586,1.688
2,737,14.74,ease,0.01758,0.01558,0.00814,0.0137,-0.0076,-16.44,24.72,0.2705,0.0957,2.19,1.73,9.988,0.0,0,7.24,60.0,1,17.071,5.649
3,737,14.74,ease,0.03225,0.02837,0.01534,0.03031,-0.0076,-8.61,30.18,0.2604,0.1033,0.853,1.687,13.245,0.0,0,5.31,30.36,1,21.409,9.995
0,738,14.76,ease,0.03285,0.02913,0.01518,0.03111,-0.0076,-9.86,31.79,0.2629,0.0975,0.348,1.691,11.207,0.0,0,5.51,30.76,1,19.294,9.057
1,738,14.76,ease,0.01066,0.00783,0.00724,0.00891,-0.0076,-11.09,23.02,0.2654,0.1153,1.312,1.726,13.527,0.0,0,7.67,45.35,1,17.328,3.213
2,738,14.76,ease,0.0197,0.01728,0.00946,0.0152,-0.0076,-17.22,24.24,0.2703,0.0938,2.372,1.727,14.182,0.0,0,6.93,59.98,1,15.701,6.655
3,738,14.76,ease,0.0335,0.03001,0.01489,0.03185,-0.0076,-9.07,32.87,0.26,0.1028,1.058,1.649,13.197,0.0,0,5.38,28.46,1,20.13,10.071
0,739,14.78,ease,0.03415,0.03049,0.01539,0.03243,-0.0076,-9.82,34.63,0.2627,0.0965,0.598,1.68,11.242,0.0,0,5.48,28.92,1,18.205,9.324
1,739,14.78,ease,0.01213,0.00869,0.00846,0.00992,-0.0076,-11.62,23.51,0.2664,0.1126,1.408,1.715,14.238,0.0,0,7.36,43.32,1,17.241,3.84
2,739,14.78,ease,0.02103,0.01874,0.00953,0.01666,-0.0076,-18.03,23.89,0.2701,0.0921,2.403,1.695,10.943,0.0,0,6.9,59.61,1,15.296,7.126
3,739,14.78,ease,0.03464,0.03169,0.01399,0.03339,-0.0076,-9.61,35.02,0.2596,0.1021,1.222,1.666,12.916,0.0,0,5.57,26.49,1,19.132,9.918
0,740,14.8,ease,0.03424,0.03073,0.01509,0.03259,-0.0076,-10.04,36.87,0.2625,0.0957,0.81,1.68,10.53,0.0,0,5.59,27.82,1,17.112,9.417
1,740,14.8,ease,0.013,0.00878,0.00959,0.0101,-0.0076,-12.3,24.54,0.2677,0.11,1.487,1.718,11.956,0.0,0,7.1,41.9,1,16.991,4.497
2,740,14.8,ease,0.02131,0.01921,0.00924,0.01716,-0.0076,-18.73,24.06,0.2698,0.0906,2.435,1.687,6.641,0.0,0,6.95,58.53,1,15.35,7.325
3,740,14.8,ease,0.0348,0.0322,0.01319,0.03378,-0.0076,-10.25,36.41,0.2593,0.1015,1.395,1.621,10.872,0.0,0,5.77,25.13,1,18.384,9.814
0,741,14.82,ease,0.03354,0.03023,0.01451,0.032,-0.0076,-10.4,38.16,0.2624,0.0951,1.012,1.678,9.688,0.0,0,5.78,27.09,1,16.182,9.401
1,741,14.82,ease,0.01397,0.00928,0.01045,0.01067,-0.0076,-12.8,25.26,0.2688,0.1075,1.597,1.72,12.954,0.0,0,6.9,40.21,1,16.745,5.018
2,741,14.82,ease,0.02066,0.01866,0.00887,0.01666,-0.0076,-19.21,24.09,0.2694,0.0893,2.489,1.691,7.102,0.0,0,7.03,56.74,1,15.477,7.375
3,741,14.82,ease,0.03363,0.03122,0.01249,0.0327,-0.0076,-11.04,36.83,0.2592,0.1008,1.586,1.576,9.714,0.0,0,5.97,24.62,1,17.875,9.786
0,742,14.84,ease,0.03189,0.02892,0.01342,0.03055,-0.0076,-10.91,38.98,0.2623,0.0948,1.201,1.674,8.631,0.0,0,6.1,26.89,1,15.353,9.186
1,742,14.84,ease,0.01472,0.01006,0.01075,0.01149,-0.0076,-13.23,25.86,0.2698,0.1052,1.703,1.719,13.687,0.0,0,6.82,38.33,1,16.57,5.304
2,742,14.84,ease,0.01928,0.01699,0.00912,0.01499,-0.0076,-19.18,24.42,0.2688,0.088,2.556,1.729,13.675,0.0,0,6.96,54.31,1,15.595,7.587
3,742,14.84,ease,0.03127,0.02911,0.01143,0.03047,-0.0076,-11.91,36.84,0.2593,0.1001,1.763,1.005,8.161,0.0,0,6.26,24.86,1,17.279,9.651
0,743,14.86,ease,0.03031,0.02762,0.01249,0.02912,-0.0076,-11.45,40.07,0.2624,0.0946,1.371,1.678,8.326,0.0,0,6.4,26.7,1,14.449,9.004
1,743,14.86,ease,0.01519,0.0106,0.01089,0.01204,-0.0076,-13.65,26.13,0.2705,0.1032,1.806,1.717,14.31,0.0,0,6.79,36.59,1,16.506,5.529
2,743,14.86,ease,0.01782,0.0149,0.00977,0.01286,-0.0076,-18.81,25.35,0.2683,0.0867,2.585,1.718,13.9,0.0,0,6.79,51.74,1,15.056,7.953
3,743,14.86,ease,0.02967,0.0277,0.01061,0.02896,-0.0076,-12.56,37.94,0.2596,0.0994,1.909,1.233,8.597,0.0,0,6.49,24.75,1,16.432,9.57
0,744,14.88,ease,0.02757,0.02516,0.01126,0.02651,-0.0076,-12.14,41.31,0.2625,0.0946,1.517,1.528,6.27,0.0,0,6.77,27.3,1,13.333,8.743
1,744,14.88,ease,0.01569,0.01098,0.0112,0.01245,-0.0076,-13.96,26.23,0.2708,0.1014,1.911,1.724,15.413,0.0,0,6.73,34.95,1,16.553,5.829
2,744,14.88,ease,0.0169,0.01299,0.01081,0.01081,-0.0076,-18.25,26.66,0.2677,0.0855,2.575,1.719,13.818,0.0,0,6.55,49.16,1,14.663,8.474
3,744,14.88,ease,0.02691,0.02521,0.00942,0.02633,-0.0076,-13.36,38.65,0.26,0.0988,2.019,0.768,6.422,0.0,0,6.82,25.36,1,15.391,9.371
0,745,14.9,ease,0.02399,0.02187,0.00987,0.02303,-0.0076,-12.96,42.75,0.2626,0.0945,1.642,1.673,5.236,0.0,0,7.19,28.48,1,12.168,8.437
1,745,14.9,ease,0.01682,0.01183,0.01196,0.01335,-0.0076,-13.86,27.18,0.2708,0.0998,2.01,1.719,14.702,0.0,0,6.56,33.06,1,16.398,6.286
2,745,14.9,ease,0.01595,0.01107,0.01149,0.00878,-0.0076,-17.78,29.05,0.2671,0.0842,2.538,1.708,11.123,0.0,0,6.39,46.63,1,14.239,8.856
3,745,14.9,ease,0.02429,0.02281,0.00834,0.0238,-0.0076,-14.06,39.74,0.2605,0.0981,2.112,1.136,5.999,0.0,0,7.13,25.93,1,14.31,9.193
0,746,14.92,ease,0.01933,0.0174,0.00843,0.01838,-0.0076,-14.13,44.39,0.2627,0.0945,1.754,1.674,3.379,0.0,0,7.47,30.46,1,10.952,8.472
1,746,14.92,ease,0.01852,0.01306,0.01313,0.01463,-0.0076,-13.39,29.21,0.2704,0.0983,2.102,1.717,12.789,0.0,0,6.31,31.08,1,15.836,6.908
2,746,14.92,ease,0.01508,0.00896,0.01213,0.00654,-0.0076,-17.26,32.04,0.2666,0.083,2.479,1.707,10.621,0.0,0,6.23,44.07,1,13.42,9.239
3,746,14.92,ease,0.0212,0.01995,0.00716,0.0208,-0.0076,-14.85,41.2,0.261,0.0974,2.177,1.198,4.671,0.0,0,7.48,26.85,1,13.023,8.973
0,747,14.94,ease,0.01485,0.01299,0.0072,0.01394,-0.0076,-14.8,46.46,0.2628,0.0945,1.844,1.683,1.752,0.0,0,7.51,32.37,1,10.288,8.927
1,747,14.94,ease,0.01784,0.0121,0.01312,0.01358,-0.0076,-13.19,32.05,0.2698,0.0969,2.193,1.683,4.875,0.0,0,6.32,30.77,1,14.677,7.266
2,747,14.94,ease,0.01473,0.00703,0.01295,0.0044,-0.0076,-16.64,35.52,0.2662,0.082,2.406,1.702,9.736,0.0,0,6.04,41.54,1,12.442,9.699
3,747,14.94,ease,0.01906,0.01795,0.00642,0.01869,-0.0076,-15.19,43.24,0.2615,0.0967,2.207,1.424,5.014,0.0,0,7.7,27.21,1,11.719,8.903
0,748,14.96,ease,0.01268,0.01043,0.00721,0.01136,-0.0076,-14.67,49.23,0.2629,0.0945,1.893,1.688,2.032,0.0,0,7.47,32.92,1,10.118,9.378
1,748,14.96,ease,0.0183,0.0123,0.01356,0.01368,-0.0076,-12.63,35.5,0.2691,0.0955,2.272,1.684,5.389,0.0,0,6.26,29.7,1,13.262,7.671
2,748,14.96,ease,0.01402,0.00702,0.01214,0.00461,-0.0076,-16.43,38.92,0.266,0.081,2.329,1.685,4.585,0.0,0,6.18,40.58,1,11.635,9.77
3,748,14.96,ease,0.01725,0.01614,0.00609,0.01681,-0.0076,-15.3,45.55,0.262,0.096,2.205,1.372,4.157,0.0,0,7.82,27.44,1,10.392,8.991
0,749,14.98,ease,0.00979,0.00747,0.00633,0.00889,-0.0076,-14.89,52.18,0.263,0.0944,1.875,1.693,0.525,0.0,0,7.44,33.59,1,10.192,9.838
1,749,14.98,ease,0.01856,0.01244,0.01378,0.01374,-0.0076,-12.3,39.09,0.2685,0.0941,2.285,1.695,6.754,0.0,0,6.2,28.74,1,12.069,8.088
2,749,14.98,ease,0.01306,0.00685,0.01112,0.00458,-0.0076,-15.91,42.5,0.2662,0.08,2.284,1.695,5.578,0.0,0,6.42,39.49,1,10.802,9.66
3,749,14.98,ease,0.01563,0.01445,0.00597,0.01506,-0.0076,-15.3,48.19,0.2625,0.0952,2.169,1.535,3.716,0.0,0,7.88,27.58,1,9.327,9.177
0,750,15.0,ease,0.00757,0.00527,0.00544,0.00677,-0.0076,-14.9,54.17,0.2632,0.0942,1.831,1.373,1.026,0.0,0,7.63,33.7,1,10.642,9.838
1,750,15.0,ease,0.01742,0.01139,0.01318,0.01251,-0.0076,-12.42,42.54,0.2681,0.0928,2.273,1.684,5.069,0.0,0,6.32,28.62,1,10.783,8.284
2,750,15.0,ease,0.01281,0.00686,0.01082,0.00456,-0.0076,-15.8,45.93,0.2667,0.0792,2.245,1.694,5.149,0.0,0,6.5,38.4,1,9.926,9.788
3,750,15.0,ease,0.01361,0.01237,0.00566,0.01298,-0.0076,-15.33,50.23,0.2631,0.0944,2.104,0.991,3.112,0.0,0,7.88,27.79,1,8.65,9.48
0,751,15.02,ease,0.00574,0.00337,0.00465,0.00501,-0.0076,-15.02,54.78,0.2636,0.094,1.794,0.56,2.499,0.0,0,7.83,33.55,1,11.07,9.8
1,751,15.02,ease,0.01727,0.01095,0.01335,0.01186,-0.0076,-12.35,44.89,0.268,0.0915,2.275,1.702,6.237,0.0,0,6.33,27.85,1,10.059,8.603
2,751,15.02,ease,0.01263,0.00793,0.00983,0.00594,-0.0076,-16.34,48.56,0.2675,0.0784,2.184,1.699,2.559,0.0,0,6.7,38.24,1,9.338,9.844
3,751,15.02,ease,0.01245,0.01089,0.00603,0.01146,-0.0076,-15.19,51.28,0.2637,0.0936,2.032,0.519,3.412,0.0,0,7.79,27.4,1,8.666,9.883
0,752,15.04,ease,0.00444,0.00222,0.00385,0.00399,-0.0076,-15.17,55.37,0.264,0.0937,1.747,0.545,2.984,0.0,0,8.03,33.21,1,11.335,9.717
1,752,15.04,ease,0.01737,0.01005,0.01417,0.01084,-0.0076,-12.37,46.01,0.2682,0.0901,2.267,1.711,7.935,0.0,0,6.12,27.12,1,10.015,9.293
2,752,15.04,ease,0.01332,0.00885,0.00996,0.00682,-0.0076,-16.4,49.44,0.2685,0.0775,2.151,1.7,4.035,0.0,0,6.68,37.51,1,9.176,10.175
3,752,15.04,ease,0.01009,0.00843,0.00554,0.00921,-0.0076,-15.51,52.16,0.2643,0.0927,1.939,0.513,2.453,0.0,0,7.7,27.63,1,9.045,10.353
0,753,15.06,ease,0.00383,0.00211,0.0032,0.0037,-0.0076,-15.22,56.36,0.2645,0.0933,1.695,0.574,3.555,0.0,0,8.2,32.67,1,11.478,9.665
1,753,15.06,ease,0.01614,0.00796,0.01404,0.00864,-0.0076,-12.75,47.57,0.2685,0.0886,2.22,1.691,2.728,0.0,0,6.08,27.21,1,9.611,9.787
2,753,15.06,ease,0.0141,0.00989,0.01004,0.00788,-0.0076,-16.73,50.91,0.2696,0.0765,2.108,1.7,3.302,0.0,0,6.67,36.92,1,9.011,10.527
3,753,15.06,ease,0.00857,0.0068,0.00521,0.00755,-0.0076,-15.59,53.21,0.265,0.0917,1.839,0.469,2.52,0.0,0,7.75,27.42,1,9.417,10.538
0,754,15.08,ease,0.00371,0.00265,0.0026,0.00387,-0.0076,-15.28,58.53,0.265,0.0927,1.636,1.126,4.453,0.0,0,8.34,31.83,1,11.829,9.604
1,754,15.08,ease,0.01584,0.00694,0.01424,0.00743,-0.0076,-12.87,49.61,0.2689,0.087,2.159,1.694,3.87,0.0,0,6.0,26.79,1,9.177,10.321
2,754,15.08,ease,0.01378,0.00996,0.00952,0.00807,-0.0076,-17.01,52.89,0.2707,0.0755,2.023,1.705,4.159,0.0,0,6.79,35.77,1,8.755,10.585
3,754,15.08,ease,0.00701,0.00543,0.00443,0.00621,-0.0076,-15.82,55.34,0.2657,0.0907,1.729,1.128,2.297,0.0,0,7.92,27.23,1,9.247,10.514
0,755,15.1,ease,0.00361,0.00303,0.00197,0.00414,-0.0076,-15.26,60.62,0.2655,0.0921,1.56,0.867,5.053,0.0,0,8.5,30.79,1,12.157,9.504
1,755,15.1,ease,0.01482,0.00543,0.01379,0.00597,-0.0076,-13.32,52.36,0.2694,0.0855,2.077,1.701,0.0,0.0,0,5.99,26.59,1,8.935,10.755
2,755,15.1,ease,0.01298,0.00937,0.00898,0.00756,-0.0076,-17.09,54.9,0.2718,0.0746,1.938,1.704,4.501,0.0,0,6.93,34.19,1,8.471,10.55
3,755,15.1,ease,0.006,0.00483,0.00356,0.00561,-0.0076,-15.89,57.3,0.2664,0.0897,1.613,0.746,3.306,0.0,0,8.14,26.49,1,9.069,10.359
0,756,15.12,ease,0.00386,0.00352,0.00159,0.00449,-0.0076,-15.34,61.78,0.2661,0.0915,1.489,0.49,5.129,0.0,0,8.6,29.87,1,12.164,9.494
1,756,15.12,ease,0.01421,0.00518,0.01323,0.0055,-0.0076,-13.67,54.56,0.27,0.0842,1.978,1.703,5.831,0.0,0,6.1,25.76,1,8.665,10.922
2,756,15.12,ease,0.01203,0.00902,0.00795,0.00745,-0.0076,-17.45,56.35,0.273,0.0738,1.849,1.707,4.389,0.0,0,7.16,32.79,1,8.334,10.363
3,756,15.12,ease,0.005,0.00406,0.00291,0.00486,-0.0076,-16.08,58.79,0.2671,0.0886,1.51,0.696,2.506,0.0,0,8.31,25.86,1,8.895,10.272
0,757,15.14,ease,0.00489,0.00476,0.00112,0.0055,-0.0076,-15.68,61.73,0.2668,0.0908,1.423,0.275,4.073,0.0,0,8.72,29.48,1,12.046,9.481
1,757,15.14,ease,0.01315,0.00437,0.01241,0.00442,-0.0076,-14.23,56.13,0.2706,0.083,1.879,1.695,4.992,0.0,0,6.3,25.29,1,8.335,10.96
2,757,15.14,ease,0.01147,0.00901,0.00711,0.00763,-0.0076,-17.81,56.87,0.2742,0.0732,1.778,0.716,4.646,0.0,0,7.37,31.51,1,8.391,10.213
3,757,15.14,ease,0.00367,0.00299,0.00213,0.00404,-0.0076,-16.43,59.26,0.2679,0.0875,1.412,0.468,2.388,0.0,0,8.48,25.33,1,9.081,10.181
0,758,15.16,ease,0.00556,0.00549,0.00087,0.00616,-0.0076,-15.84,61.88,0.2675,0.09,1.36,0.186,4.857,0.0,0,8.8,28.74,1,11.808,9.513
1,758,15.16,ease,0.01198,0.00385,0.01135,0.00363,-0.0076,-14.65,57.51,0.2714,0.0818,1.782,1.697,5.095,0.0,0,6.56,24.61,1,8.166,10.863
2,758,15.16,ease,0.01119,0.00908,0.00653,0.00786,-0.0076,-18.06,57.21,0.2753,0.0725,1.715,0.452,4.829,0.0,0,7.51,30.23,1,8.521,10.169
3,758,15.16,ease,0.00316,0.00262,0.00176,0.00374,-0.0076,-16.59,59.79,0.2688,0.0863,1.323,0.36,3.9,0.0,0,8.57,24.59,1,9.114,10.191
0,759,15.18,ease,0.00603,0.00596,0.00085,0.00658,-0.0076,-15.87,61.98,0.2683,0.0891,1.297,0.153,4.877,0.0,0,8.82,27.84,1,11.409,9.624
1,759,15.18,ease,0.01169,0.00392,0.01102,0.0039,-0.0076,-14.78,58.29,0.2721,0.0808,1.701,1.73,10.466,0.0,0,6.65,23.05,1,7.953,10.957
2,759,15.18,ease,0.00993,0.00749,0.00652,0.00633,-0.0076,-17.94,57.84,0.2765,0.072,1.643,0.64,9.317,0.0,0,7.49,27.85,1,8.586,10.268
3,759,15.18,ease,0.003,0.00257,0.00156,0.00366,-0.0076,-16.72,60.25,0.2697,0.0851,1.234,0.321,3.483,0.0,0,8.63,23.8,1,9.027,10.259
0,760,15.2,ease,0.00653,0.00649,0.00063,0.00709,-0.0076,-15.92,62.51,0.2691,0.0883,1.23,0.346,4.195,0.0,0,8.87,26.87,1,11.224,9.658
1,760,15.2,ease,0.01089,0.00378,0.01021,0.00379,-0.0076,-15.12,59.18,0.2729,0.0799,1.619,1.714,7.442,0.0,0,6.87,21.71,1,7.922,10.868
2,760,15.2,ease,0.00867,0.00605,0.00621,0.00499,-0.0076,-17.9,58.98,0.2777,0.0714,1.55,0.661,7.028,0.0,0,7.56,25.48,1,8.784,10.238
3,760,15.2,ease,0.00303,0.00279,0.00117,0.00382,-0.0076,-16.88,60.88,0.2706,0.0839,1.139,0.401,3.547,0.0,0,8.73,23.09,1,8.889,10.077
0,761,15.22,ease,0.00631,0.00626,0.00081,0.00687,-0.0076,-15.73,63.66,0.27,0.0874,1.176,0.584,5.442,0.0,0,8.83,25.45,1,10.995,9.809
1,761,15.22,ease,0.01103,0.00444,0.01009,0.0046,-0.0076,-14.98,60.91,0.2737,0.0791,1.562,1.728,9.016,0.0,0,6.91,19.78,1,7.753,11.0
2,761,15.22,ease,0.0073,0.00415,0.006,0.00321,-0.0076,-17.52,60.34,0.279,0.071,1.472,0.689,10.958,0.0,0,7.61,22.96,1,8.504,10.228
3,761,15.22,ease,0.00303,0.00278,0.00122,0.00377,-0.0076,-16.78,62.0,0.2716,0.0828,1.063,0.601,4.601,0.0,0,8.74,21.82,1,8.611,10.013
0,762,15.24,ease,0.0063,0.00624,0.0009,0.00687,-0.0076,-15.52,64.61,0.271,0.0867,1.125,0.556,4.276,0.0,0,8.8,24.04,1,10.972,9.955
1,762,15.24,ease,0.01111,0.00517,0.00984,0.00537,-0.0076,-14.75,62.98,0.2746,0.0785,1.489,1.703,6.849,0.0,0,6.99,17.95,1,7.452,11.08
2,762,15.24,ease,0.00646,0.00278,0.00583,0.00221,-0.0076,-17.02,61.75,0.2802,0.0706,1.411,0.844,10.708,0.0,0,7.64,20.42,1,8.08,10.245
3,762,15.24,ease,0.0031,0.0028,0.00135,0.00374,-0.0076,-16.66,62.89,0.2727,0.0818,1.004,0.446,4.022,0.0,0,8.72,20.52,1,8.377,10.149
0,763,15.26,ease,0.00643,0.00642,0.00044,0.00713,-0.0076,-15.41,65.81,0.272,0.0859,1.089,0.887,3.628,0.0,0,8.89,22.69,1,11.456,9.732
1,763,15.26,ease,0.01038,0.00541,0.00886,0.00559,-0.0076,-14.56,65.14,0.2756,0.078,1.411,1.251,6.149,0.0,0,7.25,16.55,1,7.132,10.89
2,763,15.26,ease,0.00584,0.00257,0.00524,0.0025,-0.0076,-16.67,63.33,0.2814,0.0703,1.369,1.219,9.212,0.0,0,7.79,18.27,1,7.988,10.112
3,763,15.26,ease,0.00357,0.00344,0.00098,0.00426,-0.0076,-16.74,64.06,0.2738,0.0809,0.965,0.965,2.518,0.0,0,8.8,19.75,1,8.521,9.989
0,764,15.28,ease,0.0053,0.00529,-0.00014,0.00632,-0.0076,-15.12,66.42,0.2731,0.0852,1.075,0.285,3.355,0.0,0,9.03,20.82,1,11.227,9.393
1,764,15.28,ease,0.01021,0.00621,0.00811,0.00644,-0.0076,-14.24,67.04,0.2767,0.0776,1.355,1.028,8.022,0.0,0,7.45,14.7,1,6.937,10.767
2,764,15.28,ease,0.00517,0.00276,0.00437,0.00299,-0.0076,-16.28,64.89,0.2827,0.07,1.367,0.938,8.652,0.0,0,8.01,16.46,1,7.926,9.876
3,764,15.28,ease,0.00372,0.00354,0.00115,0.00431,-0.0076,-16.5,64.79,0.2749,0.0801,0.946,0.31,5.121,0.0,0,8.76,18.51,1,8.473,9.993
0,765,15.3,ease,0.00441,0.00439,-0.00036,0.0057,-0.0076,-14.93,66.65,0.2741,0.0846,1.092,0.321,7.595,0.0,0,9.09,19.08,1,10.897,9.196
1,765,15.3,ease,0.00966,0.00589,0.00765,0.0061,-0.0076,-14.2,67.44,0.2778,0.0774,1.304,0.503,9.431,0.0,0,7.57,13.61,1,6.732,10.789
2,765,15.3,ease,0.00576,0.00375,0.00438,0.0042,-0.0076,-15.67,65.45,0.284,0.0698,1.408,0.73,11.944,0.0,0,7.99,14.2,1,7.829,9.998
3,765,15.3,ease,0.00441,0.00422,0.00129,0.00483,-0.0076,-16.47,64.92,0.276,0.0795,0.937,0.29,3.446,0.0,0,8.73,17.61,1,8.453,10.174
0,766,15.32,ease,0.00492,0.0049,-0.00043,0.00615,-0.0076,-14.99,66.77,0.2752,0.084,1.126,0.297,8.078,0.0,0,9.09,18.06,1,10.896,9.13
1,766,15.32,ease,0.00838,0.00426,0.00721,0.00439,-0.0076,-14.25,67.2,0.2789,0.0772,1.256,0.512,8.76,0.0,0,7.69,13.37,1,6.78,10.865
2,766,15.32,ease,0.00497,0.00268,0.00418,0.00328,-0.0076,-15.68,65.05,0.2853,0.0695,1.46,0.529,10.064,0.0,0,8.03,13.61,1,7.774,10.114
3,766,15.32,ease,0.00538,0.00526,0.00113,0.00578,-0.0076,-16.5,64.95,0.2771,0.0789,0.94,0.277,3.78,0.0,0,8.76,16.94,1,8.64,10.257
0,767,15.34,ease,0.0057,0.00569,-0.00038,0.00681,-0.0076,-14.93,67.2,0.2761,0.0833,1.154,0.359,7.43,0.0,0,9.08,17.21,1,10.835,9.111
1,767,15.34,ease,0.00843,0.00383,0.00751,0.00379,-0.0076,-13.92,67.89,0.2799,0.077,1.204,0.716,9.248,0.0,0,7.61,12.43,1,6.771,11.209
2,767,15.34,ease,0.00519,0.00259,0.0045,0.00322,-0.0076,-15.3,65.51,0.2864,0.0692,1.515,0.599,11.234,0.0,0,7.95,12.35,1,7.674,10.386
3,767,15.34,ease,0.00598,0.00592,0.00084,0.00642,-0.0076,-16.43,65.63,0.2781,0.0783,0.943,0.386,4.667,0.0,0,8.84,16.15,1,8.528,10.082
0,768,15.36,ease,0.00591,0.0059,-0.00024,0.00699,-0.0076,-14.71,68.18,0.2769,0.0827,1.173,0.47,7.065,0.0,0,9.03,16.0,1,10.817,9.113
1,768,15.36,ease,0.00708,0.00261,0.00658,0.00254,-0.0076,-14.01,68.83,0.2808,0.0768,1.117,0.436,5.191,0.0,0,7.79,12.37,1,6.926,11.168
2,768,15.36,ease,0.00401,0.00154,0.0037,0.00253,-0.0076,-15.42,66.28,0.2875,0.0688,1.543,0.457,5.648,0.0,0,8.12,12.07,1,7.778,10.301
3,768,15.36,ease,0.00653,0.00651,0.00046,0.00699,-0.0076,-16.35,66.69,0.2789,0.0779,0.942,0.546,4.062,0.0,0,8.96,15.34,1,8.195,9.847
0,769,15.38,ease,0.00635,0.00633,-0.00045,0.0074,-0.0076,-14.59,69.03,0.2776,0.082,1.183,0.372,6.573,0.0,0,9.08,14.93,1,10.814,8.971
1,769,15.38,ease,0.00609,0.00248,0.00556,0.00266,-0.0076,-13.7,70.2,0.2815,0.0767,1.03,0.871,8.429,0.0,0,8.05,10.95,1,6.969,10.924
2,769,15.38,ease,0.00296,0.00144,0.00258,0.00268,-0.0076,-15.19,67.51,0.2884,0.0685,1.555,0.911,9.141,0.0,0,8.42,10.51,1,7.578,9.937
3,769,15.38,ease,0.00714,0.00714,3e-05,0.00762,-0.0076,-16.28,67.72,0.2796,0.0775,0.938,0.499,3.588,0.0,0,9.09,14.52,1,7.915,9.584
0,770,15.4,ease,0.00676,0.00672,-0.00071,0.00776,-0.0076,-14.5,69.78,0.2782,0.0814,1.189,0.411,7.269,0.0,0,9.15,13.87,1,10.738,8.79
1,770,15.4,ease,0.00468,0.00201,0.00422,0.00244,-0.0076,-13.76,70.99,0.2821,0.0767,0.951,0.47,6.514,0.0,0,8.39,10.09,1,7.059,10.556
2,770,15.4,ease,0.0021,0.00134,0.00161,0.00272,-0.0076,-15.06,68.51,0.2891,0.0683,1.579,0.672,7.935,0.0,0,8.7,9.14,1,7.323,9.439
3,770,15.4,ease,0.00773,0.00772,-0.00028,0.00821,-0.0076,-16.14,68.41,0.2802,0.0771,0.93,0.275,3.697,0.0,0,9.17,13.59,1,7.774,9.365
0,771,15.42,ease,0.00706,0.00704,-0.00063,0.00805,-0.0076,-14.33,70.44,0.2787,0.0807,1.198,0.391,8.33,0.0,0,9.12,12.75,1,10.617,8.767
1,771,15.42,ease,0.00343,0.00165,0.00301,0.00243,-0.0076,-13.66,71.79,0.2825,0.0767,0.882,0.645,8.172,0.0,0,8.71,9.02,1,6.997,10.179
2,771,15.42,ease,0.00156,0.00128,0.00089,0.00274,-0.0076,-14.87,69.33,0.2896,0.0681,1.613,0.55,9.2,0.0,0,8.9,7.86,1,6.999,9.044
3,771,15.42,ease,0.00844,0.00843,-0.00042,0.00889,-0.0076,-16.0,68.99,0.2807,0.0768,0.924,0.277,3.599,0.0,0,9.22,12.69,1,7.711,9.214
0,772,15.44,ease,0.00785,0.00784,-0.00044,0.00878,-0.0076,-14.17,70.87,0.2792,0.0801,1.203,0.221,8.126,0.0,0,9.06,11.88,1,10.656,8.813
1,772,15.44,ease,0.00272,0.00143,0.00231,0.00244,-0.0076,-13.43,72.65,0.2828,0.0768,0.823,0.508,8.697,0.0,0,8.9,7.83,1,6.84,9.83
2,772,15.44,ease,0.0012,0.00109,0.00048,0.00269,-0.0076,-14.56,70.25,0.2901,0.0679,1.651,0.492,9.255,0.0,0,9.01,6.67,1,6.903,8.79
3,772,15.44,ease,0.00929,0.00928,-0.00048,0.00971,-0.0076,-15.84,69.42,0.2811,0.0765,0.917,0.204,3.672,0.0,0,9.24,11.85,1,7.698,9.102
0,773,15.46,ease,0.00851,0.00851,-8e-05,0.00937,-0.0076,-13.91,71.3,0.2796,0.0795,1.202,0.236,8.394,0.0,0,8.96,10.91,1,10.612,8.905
1,773,15.46,ease,0.00254,0.00203,0.00153,0.00294,-0.0076,-13.36,73.01,0.2831,0.0769,0.758,0.144,7.594,0.0,0,9.11,7.31,1,6.799,9.462
2,773,15.46,ease,0.00057,0.00056,0.00011,0.00256,-0.0076,-14.29,71.01,0.2904,0.0678,1.677,0.371,9.077,0.0,0,9.11,5.68,1,6.799,8.554
3,773,15.46,ease,0.00967,0.00965,-0.00055,0.01009,-0.0076,-15.58,69.92,0.2815,0.0762,0.908,0.266,5.803,0.0,0,9.24,10.58,1,8.202,8.995
0,774,15.48,pull,0.00975,0.00965,0.00136,0.0105,-0.0076,-13.77,71.62,0.28,0.0789,1.19,0.171,7.022,0.0,0,8.97,10.33,1,10.556,8.856
1,774,15.48,pull,0.00304,0.00255,0.00166,0.00359,-0.0076,-13.12,73.5,0.2833,0.077,0.693,0.36,9.2,0.0,0,9.21,6.57,1,6.78,9.229
2,774,15.48,pull,0.00049,0.00048,-7e-05,0.00255,-0.0076,-14.08,71.54,0.2907,0.0677,1.693,0.308,9.257,0.0,0,9.2,4.95,1,6.641,8.33
3,774,15.48,pull,0.00956,0.00947,0.0013,0.01,-0.0076,-15.23,70.6,0.2818,0.0759,0.902,0.346,8.23,0.0,0,9.29,9.2,1,7.985,8.805
0,775,15.5,pull,0.00916,0.00896,0.00192,0.00998,-0.0076,-13.63,69.64,0.2803,0.0783,1.187,1.641,13.33,0.0,0,8.95,9.94,1,10.536,9.398
1,775,15.5,pull,0.00344,0.00274,0.00207,0.00388,-0.0076,-13.0,71.6,0.2835,0.077,0.636,1.651,12.943,0.0,0,9.25,6.63,1,6.923,9.537
2,775,15.5,pull,0.00082,0.0007,0.00043,0.00292,-0.0076,-13.99,69.49,0.2909,0.0676,1.72,1.652,14.217,0.0,0,9.2,5.02,1,7.009,8.651
3,775,15.5,pull,0.0084,0.00825,0.00158,0.00896,-0.0076,-15.03,68.79,0.282,0.0755,0.918,1.651,13.85,0.0,0,9.33,8.51,1,7.968,9.057
0,776,15.52,pull,0.00969,0.00929,0.00275,0.01032,-0.0076,-13.75,67.91,0.2805,0.0777,1.197,0.691,11.02,0.0,0,8.94,10.13,1,10.694,9.96
1,776,15.52,pull,0.00469,0.00377,0.00278,0.00475,-0.0076,-13.03,69.28,0.2837,0.077,0.587,1.241,12.574,0.0,0,9.22,7.08,1,7.569,10.121
2,776,15.52,pull,0.00223,0.0018,0.00133,0.00359,-0.0076,-13.97,66.5,0.2911,0.0675,1.767,1.641,15.794,0.0,0,9.08,5.25,1,8.096,9.218
3,776,15.52,pull,0.00832,0.008,0.00226,0.00886,-0.0076,-15.03,66.11,0.2823,0.0752,0.954,1.607,15.888,0.0,0,9.29,8.28,1,8.526,9.634
0,777,15.54,pull,0.01051,0.00992,0.00349,0.01092,-0.0076,-13.89,67.19,0.2808,0.0771,1.2,0.367,8.918,0.0,0,9.01,10.53,1,10.69,10.431
1,777,15.54,pull,0.00617,0.00515,0.0034,0.00597,-0.0076,-13.15,68.57,0.2838,0.077,0.519,0.38,6.523,0.0,0,9.32,7.89,1,7.901,10.519
2,777,15.54,pull,0.00463,0.00404,0.00226,0.00518,-0.0076,-14.23,64.13,0.2912,0.0673,1.808,1.496,11.317,0.0,0,9.05,6.5,1,9.097,9.819
3,777,15.54,pull,0.00893,0.00835,0.00316,0.00926,-0.0076,-15.09,64.59,0.2825,0.0748,0.979,0.879,11.919,0.0,0,9.26,8.49,1,8.916,10.213
0,778,15.56,pull,0.01025,0.00944,0.00399,0.01049,-0.0076,-13.84,67.41,0.2809,0.0765,1.181,0.329,7.93,0.0,0,9.12,10.25,1,10.715,10.826
1,778,15.56,pull,0.00608,0.00508,0.00334,0.00598,-0.0076,-13.06,68.77,0.2839,0.0769,0.425,0.378,8.406,0.0,0,9.59,7.9,1,8.026,10.648
2,778,15.56,pull,0.00567,0.00465,0.00325,0.00565,-0.0076,-14.06,63.9,0.2912,0.0672,1.826,0.534,9.755,0.0,0,9.03,6.8,1,9.391,10.403
3,778,15.56,pull,0.009,0.00816,0.00379,0.00913,-0.0076,-14.97,64.5,0.2826,0.0744,0.978,0.339,8.745,0.0,0,9.32,8.42,1,8.94,10.672
0,779,15.58,pull,0.00989,0.00908,0.00392,0.0102,-0.0076,-13.93,67.62,0.2811,0.076,1.147,0.409,7.09,0.0,0,9.39,10.11,1,10.67,10.981
1,779,15.58,pull,0.00544,0.00464,0.00284,0.0057,-0.0076,-13.03,69.2,0.2841,0.0769,0.328,0.365,7.979,0.0,0,9.98,7.67,1,8.142,10.581
2,779,15.58,pull,0.00619,0.00528,0.00324,0.00627,-0.0076,-14.13,63.98,0.2912,0.0672,1.825,0.476,7.355,0.0,0,9.33,7.31,1,9.364,10.517
3,779,15.58,pull,0.00842,0.00749,0.00386,0.00855,-0.0076,-14.85,64.84,0.2828,0.0741,0.956,0.318,8.163,0.0,0,9.54,8.11,1,8.892,10.89
0,780,15.6,pull,0.0092,0.00844,0.00366,0.00964,-0.0076,-14.03,67.55,0.2812,0.0756,1.118,0.297,9.146,0.0,0,9.68,9.76,1,10.678,11.087
1,780,15.6,pull,0.00463,0.00404,0.00225,0.00531,-0.0076,-13.08,69.03,0.2842,0.077,0.244,0.311,10.897,0.0,0,10.36,7.36,1,8.31,10.509
2,780,15.6,pull,0.00544,0.00467,0.00278,0.0059,-0.0076,-14.03,63.64,0.2911,0.0672,1.818,0.301,12.039,0.0,0,9.65,6.95,1,9.492,10.554
3,780,15.6,pull,0.00729,0.00638,0.00354,0.00762,-0.0076,-14.78,64.84,0.2829,0.0738,0.926,0.275,10.285,0.0,0,9.83,7.54,1,8.898,10.974
0,781,15.62,pull,0.00869,0.00795,0.0035,0.00923,-0.0076,-14.16,67.1,0.2813,0.0753,1.097,0.318,10.306,0.0,0,9.95,9.53,1,10.691,11.229
1,781,15.62,pull,0.00445,0.00403,0.00189,0.00539,-0.0076,-13.22,68.16,0.2843,0.077,0.181,0.456,11.886,0.0,0,10.67,7.36,1,8.507,10.549
2,781,15.62,pull,0.00511,0.00441,0.00259,0.00581,-0.0076,-14.04,62.8,0.291,0.0674,1.818,0.388,13.893,0.0,0,9.9,6.75,1,9.925,10.71
3,781,15.62,pull,0.00662,0.00575,0.00329,0.00712,-0.0076,-14.86,64.2,0.283,0.0736,0.905,0.285,11.726,0.0,0,10.11,7.23,1,9.008,11.091
0,782,15.64,pull,0.00858,0.00784,0.00348,0.00915,-0.0076,-14.34,66.58,0.2813,0.0749,1.085,0.248,9.906,0.0,0,10.2,9.5,1,10.647,11.423
1,782,15.64,pull,0.00506,0.00469,0.00191,0.00596,-0.0076,-13.46,67.27,0.2843,0.077,0.136,0.379,10.908,0.0,0,10.91,7.76,1,8.666,10.709
2,782,15.64,pull,0.00601,0.00551,0.00239,0.0068,-0.0076,-14.37,61.63,0.2908,0.0675,1.827,0.495,11.992,0.0,0,10.21,7.38,1,10.326,10.797
3,782,15.64,pull,0.00689,0.00608,0.00324,0.00743,-0.0076,-15.12,63.48,0.283,0.0734,0.899,0.297,10.708,0.0,0,10.36,7.44,1,9.143,11.257
0,783,15.66,pull,0.00891,0.00821,0.00348,0.00951,-0.0076,-14.6,66.06,0.2813,0.0747,1.072,0.308,7.957,0.0,0,10.47,9.71,1,10.768,11.583
1,783,15.66,pull,0.00601,0.00568,0.00194,0.00683,-0.0076,-13.7,66.57,0.2844,0.077,0.081,0.378,8.919,0.0,0,11.17,8.34,1,8.789,10.849
2,783,15.66,pull,0.00632,0.00585,0.0024,0.00717,-0.0076,-14.41,60.85,0.2906,0.0677,1.838,0.315,12.688,0.0,0,10.44,7.55,1,10.638,11.0
3,783,15.66,pull,0.00758,0.00688,0.00318,0.00814,-0.0076,-15.41,62.71,0.283,0.0732,0.886,0.382,10.14,0.0,0,10.65,7.95,1,9.162,11.387
0,784,15.68,pull,0.00886,0.00814,0.0035,0.00948,-0.0076,-14.71,65.78,0.2813,0.0744,1.051,0.297,9.009,0.0,0,10.71,9.71,1,10.832,11.779
1,784,15.68,pull,0.00625,0.00589,0.00207,0.00707,-0.0076,-13.73,66.06,0.2844,0.0769,0.018,0.235,10.897,0.0,0,11.38,8.48,1,9.047,11.059
2,784,15.68,pull,0.007,0.00654,0.0025,0.00783,-0.0076,-14.48,59.95,0.2903,0.0678,1.845,0.445,11.879,0.0,0,10.66,7.91,1,11.022,11.23
3,784,15.68,pull,0.00761,0.00683,0.00336,0.00816,-0.0076,-15.44,62.16,0.283,0.0731,0.865,0.227,11.567,0.0,0,10.82,7.93,1,9.259,11.676
0,785,15.7,pull,0.00881,0.00806,0.00355,0.00945,-0.0076,-14.8,65.65,0.2813,0.0742,1.023,0.259,8.231,0.0,0,10.95,9.67,1,10.982,11.984
1,785,15.7,pull,0.0066,0.00619,0.00228,0.00736,-0.0076,-13.81,65.82,0.2844,0.0768,-0.044,0.123,8.254,0.0,0,11.58,8.62,1,9.176,11.287
2,785,15.7,pull,0.00756,0.00712,0.00255,0.0084,-0.0076,-14.53,59.27,0.2901,0.0681,1.85,0.276,11.887,0.0,0,10.89,8.24,1,11.344,11.44
3,785,15.7,pull,0.0083,0.00754,0.00348,0.00882,-0.0076,-15.64,61.58,0.283,0.0729,0.831,0.288,9.328,0.0,0,11.05,8.36,1,9.508,11.895
0,786,15.72,pull,0.00885,0.00816,0.00344,0.00956,-0.0076,-14.96,65.57,0.2813,0.0739,0.989,0.338,7.637,0.0,0,11.24,9.71,1,11.099,12.108
1,786,15.72,pull,0.00716,0.00682,0.00217,0.00795,-0.0076,-13.98,65.46,0.2844,0.0768,-0.1,0.385,7.917,0.0,0,11.88,9.01,1,9.318,11.371
2,786,15.72,pull,0.00802,0.00757,0.00263,0.00885,-0.0076,-14.56,58.75,0.2899,0.0683,1.857,0.213,11.2,0.0,0,11.11,8.51,1,11.55,11.658
3,786,15.72,pull,0.0085,0.0078,0.00338,0.0091,-0.0076,-15.73,61.24,0.283,0.0728,0.788,0.349,9.718,0.0,0,11.33,8.56,1,9.659,12.033
0,787,15.74,pull,0.00878,0.00812,0.00334,0.00956,-0.0076,-15.08,65.42,0.2813,0.0737,0.954,0.339,8.349,0.0,0,11.52,9.71,1,11.181,12.246
1,787,15.74,pull,0.00713,0.00681,0.00211,0.00797,-0.0076,-14.05,65.31,0.2844,0.0767,-0.15,0.2,9.705,0.0,0,12.14,9.03,1,9.386,11.491
2,787,15.74,pull,0.00865,0.00822,0.0027,0.00947,-0.0076,-14.68,58.23,0.2897,0.0685,1.866,0.222,10.113,0.0,0,11.36,8.91,1,11.724,11.858
3,787,15.74,pull,0.00852,0.00788,0.00323,0.0092,-0.0076,-15.82,61.01,0.283,0.0727,0.747,0.303,9.618,0.0,0,11.62,8.64,1,9.774,12.153
0,788,15.76,pull,0.00897,0.00831,0.00338,0.00975,-0.0076,-15.25,65.09,0.2813,0.0735,0.92,0.314,8.946,0.0,0,11.77,9.85,1,11.218,12.44
1,788,15.76,pull,0.00773,0.00739,0.00224,0.00851,-0.0076,-14.27,64.73,0.2844,0.0766,-0.195,0.304,9.282,0.0,0,12.37,9.36,1,9.46,11.681
2,788,15.76,pull,0.00954,0.00915,0.00272,0.01035,-0.0076,-14.89,57.28,0.2894,0.0687,1.877,0.437,11.492,0.0,0,11.62,9.47,1,11.89,12.038
3,788,15.76,pull,0.00893,0.00839,0.00304,0.00969,-0.0076,-16.06,60.5,0.283,0.0726,0.712,0.344,10.158,0.0,0,11.93,8.96,1,9.914,12.239
0,789,15.78,pull,0.00931,0.00864,0.00347,0.01007,-0.0076,-15.44,64.52,0.2813,0.0734,0.885,0.301,10.193,0.0,0,12.0,10.09,1,11.32,12.662
1,789,15.78,pull,0.00866,0.0083,0.00245,0.00936,-0.0076,-14.51,63.82,0.2844,0.0764,-0.235,0.407,10.74,0.0,0,12.58,9.91,1,9.627,11.916
2,789,15.78,pull,0.01047,0.01004,0.00294,0.01121,-0.0076,-15.05,55.99,0.2892,0.069,1.887,0.518,14.078,0.0,0,11.81,9.98,1,12.199,12.334
3,789,15.78,pull,0.00954,0.00907,0.00298,0.01033,-0.0076,-16.33,59.6,0.2829,0.0725,0.678,0.405,12.041,0.0,0,12.2,9.4,1,10.087,12.389
0,790,15.8,pull,0.00991,0.00923,0.00362,0.01061,-0.0076,-15.65,64.05,0.2813,0.0732,0.851,0.287,7.446,0.0,0,12.24,10.42,1,11.38,12.893
1,790,15.8,pull,0.00958,0.00915,0.00285,0.01017,-0.0076,-14.62,62.99,0.2844,0.0763,-0.273,0.37,10.538,0.0,0,12.74,10.43,1,9.802,12.247
2,790,15.8,pull,0.01226,0.0118,0.00333,0.01289,-0.0076,-15.31,54.59,0.289,0.0692,1.898,0.636,11.724,0.0,0,11.98,10.93,1,12.619,12.675
3,790,15.8,pull,0.01046,0.00998,0.00314,0.01119,-0.0076,-16.57,58.66,0.2829,0.0724,0.644,0.414,11.39,0.0,0,12.42,9.94,1,10.326,12.637
0,791,15.82,pull,0.01021,0.00952,0.00371,0.0109,-0.0076,-15.78,63.73,0.2814,0.073,0.815,0.316,8.157,0.0,0,12.47,10.61,1,11.508,13.116
1,791,15.82,pull,0.01068,0.01014,0.00337,0.01111,-0.0076,-14.77,62.33,0.2844,0.0761,-0.306,0.292,8.261,0.0,0,12.89,10.96,1,10.062,12.599
2,791,15.82,pull,0.0134,0.01283,0.00386,0.01389,-0.0076,-15.38,53.64,0.2887,0.0694,1.911,0.368,11.8,0.0,0,12.11,11.5,1,12.902,13.09
3,791,15.82,pull,0.01165,0.01115,0.00338,0.01231,-0.0076,-16.82,57.85,0.283,0.0722,0.614,0.362,9.707,0.0,0,12.63,10.65,1,10.431,12.903
0,792,15.84,pull,0.0104,0.00972,0.0037,0.01112,-0.0076,-15.9,63.53,0.2814,0.0728,0.773,0.358,8.355,0.0,0,12.74,10.73,1,11.62,13.299
1,792,15.84,pull,0.01168,0.01117,0.00342,0.0121,-0.0076,-15.01,61.84,0.2844,0.0758,-0.333,0.409,7.172,0.0,0,13.16,11.57,1,10.173,12.76
2,792,15.84,pull,0.01494,0.01432,0.00425,0.01533,-0.0076,-15.58,52.89,0.2885,0.0695,1.929,0.335,8.98,0.0,0,12.32,12.37,1,13.107,13.402
3,792,15.84,pull,0.01259,0.01205,0.00367,0.01318,-0.0076,-16.96,57.17,0.283,0.0721,0.588,0.367,9.954,0.0,0,12.84,11.17,1,10.649,13.189
0,793,15.86,pull,0.01032,0.00966,0.00364,0.01109,-0.0076,-16.0,63.52,0.2815,0.0726,0.73,0.284,7.966,0.0,0,13.0,10.69,1,11.738,13.465
1,793,15.86,pull,0.01195,0.01146,0.00339,0.0124,-0.0076,-15.13,61.43,0.2845,0.0756,-0.357,0.349,9.978,0.0,0,13.43,11.74,1,10.359,12.908
2,793,15.86,pull,0.0157,0.01511,0.00427,0.01612,-0.0076,-15.72,52.3,0.2884,0.0697,1.95,0.29,10.639,0.0,0,12.59,12.85,1,13.227,13.601
3,793,15.86,pull,0.01334,0.01275,0.00394,0.01387,-0.0076,-17.11,56.76,0.283,0.072,0.566,0.252,7.562,0.0,0,13.03,11.54,1,10.82,13.479
0,794,15.88,pull,0.01028,0.00966,0.00351,0.01111,-0.0076,-16.15,63.46,0.2816,0.0724,0.684,0.319,7.714,0.0,0,13.3,10.72,1,11.819,13.596
1,794,15.88,pull,0.01222,0.01167,0.00363,0.01261,-0.0076,-15.29,61.16,0.2846,0.0754,-0.378,0.185,9.36,0.0,0,13.64,11.85,1,10.45,13.163
2,794,15.88,pull,0.01623,0.01563,0.00436,0.01664,-0.0076,-15.83,51.85,0.2882,0.0699,1.969,0.222,10.861,0.0,0,12.83,13.16,1,13.368,13.844
3,794,15.88,pull,0.01398,0.01338,0.00404,0.01449,-0.0076,-17.28,56.35,0.2831,0.0719,0.547,0.345,7.571,0.0,0,13.28,11.93,1,10.924,13.697
0,795,15.9,pull,0.01016,0.00956,0.00343,0.01105,-0.0076,-16.27,63.36,0.2816,0.0722,0.638,0.314,8.244,0.0,0,13.57,10.69,1,11.849,13.75
1,795,15.9,pull,0.01295,0.01237,0.00384,0.01329,-0.0076,-15.53,60.61,0.2847,0.0751,-0.395,0.373,8.432,0.0,0,13.86,12.21,1,10.589,13.397
2,795,15.9,pull,0.01726,0.01665,0.00454,0.01764,-0.0076,-16.04,51.08,0.288,0.0701,1.991,0.407,10.553,0.0,0,13.08,13.74,1,13.536,14.097
3,795,15.9,pull,0.01448,0.01389,0.0041,0.01499,-0.0076,-17.46,55.91,0.2832,0.0718,0.531,0.331,8.95,0.0,0,13.53,12.21,1,11.076,13.904
0,796,15.92,pull,0.01022,0.0096,0.0035,0.0111,-0.0076,-16.43,63.19,0.2817,0.072,0.596,0.197,7.568,0.0,0,13.81,10.77,1,11.865,13.967
1,796,15.92,pull,0.0133,0.01265,0.0041,0.01359,-0.0076,-15.66,60.18,0.2848,0.0749,-0.409,0.245,9.57,0.0,0,14.06,12.37,1,10.764,13.671
2,796,15.92,pull,0.01786,0.01721,0.00479,0.0182,-0.0076,-16.13,50.61,0.2878,0.0703,2.013,0.199,10.631,0.0,0,13.28,14.07,1,13.683,14.407
3,796,15.92,pull,0.0149,0.01425,0.00436,0.01534,-0.0076,-17.63,55.43,0.2832,0.0717,0.517,0.241,10.149,0.0,0,13.74,12.49,1,11.13,14.192
0,797,15.94,pull,0.01078,0.01019,0.00352,0.01164,-0.0076,-16.67,62.78,0.2819,0.0717,0.555,0.401,7.42,0.0,0,14.08,11.14,1,11.822,14.146
1,797,15.94,pull,0.01407,0.01333,0.00451,0.01426,-0.0076,-15.86,59.45,0.2849,0.0745,-0.42,0.349,10.202,0.0,0,14.23,12.76,1,10.886,14.011
2,797,15.94,pull,0.01896,0.01823,0.0052,0.01922,-0.0076,-16.29,49.64,0.2876,0.0704,2.037,0.484,11.596,0.0,0,13.46,14.65,1,13.857,14.786
3,797,15.94,pull,0.01604,0.01532,0.00477,0.01639,-0.0076,-17.91,54.63,0.2833,0.0716,0.504,0.35,10.54,0.0,0,13.92,13.16,1,11.168,14.539
0,798,15.96,pull,0.01084,0.01022,0.00361,0.01169,-0.0076,-16.78,62.6,0.282,0.0714,0.517,0.217,8.711,0.0,0,14.31,11.21,1,11.949,14.372
1,798,15.96,pull,0.01465,0.01373,0.0051,0.01467,-0.0076,-15.96,59.06,0.285,0.0742,-0.429,0.208,9.681,0.0,0,14.35,12.96,1,11.036,14.428
2,798,15.96,pull,0.01995,0.01911,0.00572,0.0201,-0.0076,-16.4,49.01,0.2875,0.0706,2.063,0.183,9.988,0.0,0,13.6,15.16,1,14.061,15.215
3,798,15.96,pull,0.01722,0.01637,0.00532,0.01744,-0.0076,-18.09,53.92,0.2834,0.0714,0.493,0.278,9.687,0.0,0,14.06,13.79,1,11.295,14.958
0,799,15.98,pull,0.01119,0.01054,0.00377,0.01199,-0.0076,-16.92,62.4,0.2822,0.0711,0.482,0.319,6.995,0.0,0,14.54,11.42,1,11.922,14.622
1,799,15.98,pull,0.01527,0.01421,0.00558,0.01515,-0.0076,-16.08,58.71,0.2852,0.0739,-0.435,0.254,8.699,0.0,0,14.5,13.23,1,11.129,14.819
2,799,15.98,pull,0.02103,0.02015,0.00604,0.02114,-0.0076,-16.54,48.36,0.2874,0.0707,2.09,0.32,9.672,0.0,0,13.82,15.76,1,14.206,15.554
3,799,15.98,pull,0.01828,0.01735,0.00577,0.0184,-0.0076,-18.21,53.49,0.2835,0.0713,0.485,0.334,7.337,0.0,0,14.23,14.3,1,11.477,15.339
0,800,16.0,pull,0.01138,0.01072,0.00381,0.01218,-0.0076,-17.04,62.35,0.2824,0.0708,0.451,0.348,6.859,0.0,0,14.79,11.51,1,12.044,14.827
1,800,16.0,pull,0.0157,0.01462,0.00574,0.01555,-0.0076,-16.19,58.56,0.2854,0.0735,-0.437,0.365,7.139,0.0,0,14.73,13.45,1,11.207,15.08
2,800,16.0,pull,0.02166,0.02076,0.00617,0.02176,-0.0076,-16.6,47.94,0.2873,0.0708,2.117,0.265,10.011,0.0,0,14.06,16.12,1,14.319,15.828
3,800,16.0,pull,0.01867,0.01775,0.00579,0.0188,-0.0076,-18.27,53.35,0.2836,0.0712,0.482,0.382,7.679,0.0,0,14.5,14.53,1,11.642,15.562
0,801,16.02,pull,0.01133,0.01067,0.00381,0.01214,-0.0076,-17.14,62.37,0.2826,0.0705,0.425,0.317,7.06,0.0,0,15.05,11.52,1,12.082,15.012
1,801,16.02,pull,0.01568,0.01456,0.00582,0.01551,-0.0076,-16.26,58.54,0.2856,0.0733,-0.436,0.31,8.07,0.0,0,14.97,13.38,1,11.307,15.322
2,801,16.02,pull,0.02231,0.02141,0.00626,0.02241,-0.0076,-16.71,47.58,0.2872,0.071,2.145,0.258,9.377,0.0,0,14.32,16.51,1,14.437,16.084
3,801,16.02,pull,0.01877,0.0179,0.00566,0.01896,-0.0076,-18.34,53.14,0.2838,0.071,0.482,0.388,8.671,0.0,0,14.79,14.59,1,11.767,15.733
0,802,16.04,pull,0.01134,0.01067,0.00385,0.01216,-0.0076,-17.27,62.29,0.2828,0.0702,0.403,0.31,7.376,0.0,0,15.3,11.51,1,12.2,15.222
1,802,16.04,pull,0.01592,0.01476,0.00597,0.01571,-0.0076,-16.42,58.39,0.2858,0.073,-0.431,0.267,7.453,0.0,0,15.2,13.49,1,11.368,15.581
2,802,16.04,pull,0.02303,0.02214,0.00634,0.02314,-0.0076,-16.88,47.15,0.2871,0.0712,2.173,0.233,9.257,0.0,0,14.59,16.94,1,14.534,16.336
3,802,16.04,pull,0.01902,0.01816,0.00565,0.01923,-0.0076,-18.53,52.91,0.2839,0.071,0.484,0.258,8.763,0.0,0,15.06,14.77,1,11.83,15.945
0,803,16.06,pull,0.01141,0.0107,0.00395,0.01221,-0.0076,-17.42,62.24,0.2831,0.0699,0.385,0.302,6.482,0.0,0,15.53,11.48,1,12.233,15.454
1,803,16.06,pull,0.01615,0.01495,0.0061,0.0159,-0.0076,-16.57,58.27,0.2861,0.0727,-0.423,0.299,7.476,0.0,0,15.44,13.6,1,11.436,15.839
2,803,16.06,pull,0.02374,0.02284,0.00645,0.02384,-0.0076,-17.04,46.72,0.2871,0.0714,2.202,0.26,9.092,0.0,0,14.86,17.35,1,14.608,16.592
3,803,16.06,pull,0.01948,0.01862,0.0057,0.01968,-0.0076,-18.74,52.57,0.2841,0.0709,0.487,0.281,8.236,0.0,0,15.32,15.03,1,11.909,16.168
0,804,16.08,pull,0.01156,0.01086,0.00397,0.01236,-0.0076,-17.6,62.25,0.2833,0.0696,0.37,0.349,6.668,0.0,0,15.79,11.6,1,12.287,15.656
1,804,16.08,pull,0.01625,0.01497,0.00634,0.01592,-0.0076,-16.65,58.15,0.2863,0.0724,-0.414,0.272,8.29,0.0,0,15.63,13.64,1,11.421,16.159
2,804,16.08,pull,0.02426,0.02333,0.00665,0.02433,-0.0076,-17.14,46.35,0.2871,0.0716,2.232,0.212,9.51,0.0,0,15.08,17.64,1,14.709,16.913
3,804,16.08,pull,0.01973,0.01887,0.00578,0.01993,-0.0076,-18.86,52.35,0.2843,0.0708,0.492,0.283,7.136,0.0,0,15.56,15.18,1,11.987,16.423
0,805,16.1,pull,0.01143,0.01069,0.00405,0.01222,-0.0076,-17.69,62.23,0.2836,0.0693,0.359,0.316,7.739,0.0,0,16.02,11.51,1,12.435,15.888
1,805,16.1,pull,0.01663,0.01524,0.00665,0.0162,-0.0076,-16.77,58.04,0.2865,0.0722,-0.402,0.303,7.234,0.0,0,15.83,13.75,1,11.479,16.494
2,805,16.1,pull,0.02497,0.024,0.00691,0.02501,-0.0076,-17.26,46.05,0.2871,0.0718,2.263,0.235,8.39,0.0,0,15.3,18.04,1,14.788,17.246
3,805,16.1,pull,0.02002,0.01916,0.00582,0.02023,-0.0076,-18.99,52.2,0.2844,0.0707,0.5,0.31,7.454,0.0,0,15.82,15.32,1,12.094,16.663
0,806,16.12,pull,0.0114,0.01056,0.00429,0.01212,-0.0076,-17.77,62.25,0.2839,0.069,0.352,0.248,6.711,0.0,0,16.22,11.44,1,12.413,16.187
1,806,16.12,pull,0.0167,0.01522,0.00687,0.01619,-0.0076,-16.84,58.05,0.2868,0.0719,-0.387,0.25,7.625,0.0,0,16.03,13.73,1,11.588,16.816
2,806,16.12,pull,0.0255,0.02448,0.00713,0.02549,-0.0076,-17.34,45.79,0.2871,0.072,2.296,0.229,8.79,0.0,0,15.53,18.34,1,14.816,17.566
3,806,16.12,pull,0.02005,0.01917,0.00588,0.02025,-0.0076,-19.07,52.15,0.2846,0.0706,0.51,0.243,7.476,0.0,0,16.06,15.36,1,12.176,16.916
0,807,16.14,pull,0.01182,0.01095,0.00446,0.01249,-0.0076,-17.96,62.09,0.2842,0.0686,0.348,0.356,6.413,0.0,0,16.44,11.63,1,12.45,16.456
1,807,16.14,pull,0.0169,0.01536,0.00705,0.01633,-0.0076,-16.94,57.93,0.287,0.0717,-0.37,0.294,7.931,0.0,0,16.25,13.78,1,11.629,17.111
2,807,16.14,pull,0.0262,0.02516,0.00734,0.02617,-0.0076,-17.47,45.39,0.2871,0.0722,2.33,0.245,8.794,0.0,0,15.76,18.75,1,14.894,17.887
3,807,16.14,pull,0.02062,0.01972,0.00601,0.0208,-0.0076,-19.26,51.75,0.2848,0.0705,0.522,0.276,7.472,0.0,0,16.3,15.69,1,12.247,17.191
0,808,16.16,pull,0.01196,0.01105,0.00458,0.01259,-0.0076,-18.08,61.98,0.2845,0.0683,0.347,0.295,6.8,0.0,0,16.68,11.7,1,12.57,16.705
1,808,16.16,pull,0.01725,0.01564,0.00727,0.01661,-0.0076,-17.07,57.68,0.2873,0.0715,-0.352,0.277,8.64,0.0,0,16.46,13.97,1,11.671,17.431
2,808,16.16,pull,0.02706,0.02597,0.00763,0.02699,-0.0076,-17.61,44.7,0.2871,0.0724,2.364,0.334,10.03,0.0,0,15.97,19.21,1,15.025,18.254
3,808,16.16,pull,0.02121,0.02025,0.00631,0.02133,-0.0076,-19.39,51.29,0.285,0.0704,0.536,0.245,8.589,0.0,0,16.5,16.0,1,12.337,17.537
0,809,16.18,pull,0.01215,0.01116,0.00479,0.0127,-0.0076,-18.19,61.85,0.2848,0.0679,0.347,0.257,7.006,0.0,0,16.89,11.82,1,12.589,17.003
1,809,16.18,pull,0.01762,0.01589,0.00761,0.01686,-0.0076,-17.16,57.44,0.2875,0.0713,-0.333,0.24,8.481,0.0,0,16.64,14.13,1,11.676,17.811
2,809,16.18,pull,0.02798,0.02679,0.00807,0.02784,-0.0076,-17.73,44.04,0.2872,0.0726,2.398,0.309,9.767,0.0,0,16.15,19.68,1,15.207,18.686
3,809,16.18,pull,0.02198,0.02091,0.00676,0.022,-0.0076,-19.52,50.82,0.2853,0.0703,0.55,0.277,8.296,0.0,0,16.66,16.4,1,12.414,17.951
0,810,16.2,pull,0.01257,0.01151,0.00506,0.01304,-0.0076,-18.32,61.63,0.2852,0.0676,0.351,0.311,6.186,0.0,0,17.09,12.04,1,12.513,17.32
1,810,16.2,pull,0.01806,0.0162,0.00799,0.01718,-0.0076,-17.22,57.15,0.2878,0.0711,-0.311,0.285,8.338,0.0,0,16.81,14.3,1,11.735,18.215
2,810,16.2,pull,0.02898,0.02769,0.00855,0.02875,-0.0076,-17.83,43.33,0.2872,0.0728,2.434,0.381,9.855,0.0,0,16.32,20.18,1,15.391,19.141
3,810,16.2,pull,0.02272,0.02152,0.00728,0.02262,-0.0076,-19.58,50.41,0.2855,0.0703,0.568,0.354,6.836,0.0,0,16.81,16.74,1,12.507,18.393
0,811,16.22,pull,0.01301,0.01189,0.00529,0.01339,-0.0076,-18.46,61.45,0.2855,0.0673,0.357,0.273,6.888,0.0,0,17.3,12.29,1,12.61,17.626
1,811,16.22,pull,0.01837,0.0164,0.00827,0.01739,-0.0076,-17.24,56.94,0.2881,0.071,-0.286,0.326,8.263,0.0,0,17.0,14.41,1,11.851,18.586
2,811,16.22,pull,0.02984,0.02845,0.009,0.02952,-0.0076,-17.87,42.72,0.2873,0.0731,2.472,0.339,10.015,0.0,0,16.49,20.6,1,15.562,19.589
3,811,16.22,pull,0.0233,0.02203,0.00761,0.02313,-0.0076,-19.65,50.07,0.2858,0.0702,0.589,0.293,7.508,0.0,0,17.0,17.0,1,12.614,18.776
0,812,16.24,pull,0.01336,0.01214,0.00559,0.01364,-0.0076,-18.52,61.29,0.2859,0.067,0.367,0.33,6.356,0.0,0,17.49,12.43,1,12.621,17.975
1,812,16.24,pull,0.01863,0.01663,0.0084,0.01763,-0.0076,-17.28,56.76,0.2883,0.0709,-0.259,0.285,7.644,0.0,0,17.23,14.53,1,11.937,18.902
2,812,16.24,pull,0.03076,0.0293,0.00935,0.0304,-0.0076,-17.92,42.12,0.2874,0.0733,2.512,0.337,9.623,0.0,0,16.69,21.08,1,15.753,20.011
3,812,16.24,pull,0.02376,0.02247,0.00775,0.02359,-0.0076,-19.7,49.69,0.286,0.0702,0.612,0.303,8.385,0.0,0,17.23,17.33,1,12.748,19.106
0,813,16.26,pull,0.01385,0.01255,0.00586,0.01402,-0.0076,-18.63,61.17,0.2862,0.0667,0.38,0.292,5.973,0.0,0,17.69,12.7,1,12.643,18.311
1,813,16.26,pull,0.01877,0.01673,0.0085,0.01774,-0.0076,-17.32,56.56,0.2886,0.0708,-0.231,0.277,7.111,0.0,0,17.47,14.57,1,12.023,19.206
2,813,16.26,pull,0.03167,0.03017,0.00963,0.03128,-0.0076,-18.0,41.48,0.2875,0.0736,2.554,0.321,9.926,0.0,0,16.91,21.58,1,15.939,20.409
3,813,16.26,pull,0.02433,0.02297,0.00802,0.0241,-0.0076,-19.76,49.22,0.2862,0.0702,0.636,0.223,9.597,0.0,0,17.43,17.65,1,12.855,19.486
0,814,16.28,pull,0.0143,0.01294,0.00607,0.01441,-0.0076,-18.72,61.01,0.2865,0.0664,0.397,0.352,6.346,0.0,0,17.91,12.92,1,12.781,18.628
1,814,16.28,pull,0.01895,0.01693,0.00852,0.01793,-0.0076,-17.4,56.4,0.2888,0.0708,-0.201,0.229,6.849,0.0,0,17.72,14.69,1,12.103,19.485
2,814,16.28,pull,0.03267,0.03113,0.0099,0.03226,-0.0076,-18.1,40.74,0.2877,0.074,2.595,0.352,10.085,0.0,0,17.14,22.12,1,16.147,20.801
3,814,16.28,pull,0.02531,0.02386,0.00842,0.025,-0.0076,-19.9,48.71,0.2865,0.0703,0.661,0.244,8.036,0.0,0,17.62,18.17,1,12.985,19.902
0,815,16.3,pull,0.01465,0.01324,0.00626,0.0147,-0.0076,-18.83,60.88,0.2868,0.0662,0.418,0.246,6.671,0.0,0,18.13,13.12,1,12.916,18.938
1,815,16.3,pull,0.01902,0.01699,0.00855,0.01801,-0.0076,-17.43,56.23,0.2891,0.0708,-0.171,0.257,7.168,0.0,0,17.98,14.73,1,12.185,19.763
2,815,16.3,pull,0.03363,0.03206,0.01016,0.03319,-0.0076,-18.2,39.97,0.2878,0.0743,2.636,0.388,10.442,0.0,0,17.37,22.63,1,16.349,21.196
3,815,16.3,pull,0.02595,0.02446,0.00869,0.0256,-0.0076,-19.93,48.32,0.2867,0.0704,0.69,0.252,7.673,0.0,0,17.82,18.5,1,13.119,20.287
0,816,16.32,pull,0.01502,0.01358,0.00642,0.01502,-0.0076,-18.91,60.72,0.2872,0.066,0.439,0.312,6.301,0.0,0,18.35,13.29,1,12.944,19.243
1,816,16.32,pull,0.01903,0.01701,0.00855,0.01804,-0.0076,-17.44,56.2,0.2893,0.0709,-0.139,0.24,7.378,0.0,0,18.24,14.75,1,12.26,20.038
2,816,16.32,pull,0.03461,0.03301,0.01043,0.03416,-0.0076,-18.29,39.26,0.2879,0.0747,2.677,0.356,10.089,0.0,0,17.6,23.16,1,16.575,21.6
3,816,16.32,pull,0.02643,0.02493,0.00877,0.02608,-0.0076,-19.96,47.98,0.2869,0.0705,0.72,0.268,7.461,0.0,0,18.07,18.76,1,13.263,20.607
0,817,16.34,pull,0.01538,0.01387,0.00664,0.01532,-0.0076,-18.97,60.58,0.2874,0.0659,0.463,0.309,6.126,0.0,0,18.56,13.43,1,12.992,19.58
1,817,16.34,pull,0.0191,0.01704,0.00862,0.01808,-0.0076,-17.43,56.16,0.2895,0.071,-0.104,0.318,7.36,0.0,0,18.48,14.74,1,12.363,20.337
2,817,16.34,pull,0.03563,0.034,0.01065,0.03516,-0.0076,-18.37,38.52,0.288,0.0751,2.719,0.401,10.193,0.0,0,17.84,23.71,1,16.796,21.994
3,817,16.34,pull,0.02681,0.02534,0.00878,0.02649,-0.0076,-20.01,47.68,0.287,0.0707,0.751,0.246,7.536,0.0,0,18.34,18.98,1,13.407,20.899
0,818,16.36,pull,0.01588,0.01435,0.00679,0.01578,-0.0076,-19.11,60.48,0.2877,0.0657,0.491,0.259,5.7,0.0,0,18.8,13.75,1,13.031,19.889
1,818,16.36,pull,0.01932,0.01726,0.00868,0.0183,-0.0076,-17.47,56.1,0.2897,0.0712,-0.069,0.237,7.236,0.0,0,18.72,14.88,1,12.458,20.642
2,818,16.36,pull,0.03655,0.03489,0.01087,0.03606,-0.0076,-18.43,37.86,0.288,0.0756,2.76,0.337,9.878,0.0,0,18.08,24.21,1,17.011,22.384
3,818,16.36,pull,0.02718,0.02571,0.00883,0.02686,-0.0076,-20.05,47.36,0.2872,0.0709,0.783,0.223,7.913,0.0,0,18.59,19.2,1,13.533,21.206
0,819,16.38,pull,0.01633,0.0148,0.0069,0.01621,-0.0076,-19.19,60.32,0.288,0.0656,0.52,0.312,6.233,0.0,0,19.04,13.97,1,13.202,20.188
1,819,16.38,pull,0.01953,0.01745,0.00877,0.01851,-0.0076,-17.46,56.02,0.2898,0.0713,-0.033,0.33,7.171,0.0,0,18.96,14.97,1,12.566,20.952
2,819,16.38,pull,0.03761,0.03596,0.01104,0.03714,-0.0076,-18.52,37.04,0.2881,0.076,2.802,0.442,10.314,0.0,0,18.33,24.81,1,17.238,22.765
3,819,16.38,pull,0.02772,0.02627,0.00884,0.02742,-0.0076,-20.14,46.97,0.2873,0.0712,0.815,0.202,7.569,0.0,0,18.86,19.52,1,13.628,21.493
0,820,16.4,pull,0.01664,0.01505,0.00711,0.01646,-0.0076,-19.22,60.22,0.2882,0.0655,0.551,0.327,6.032,0.0,0,19.25,14.07,1,13.309,20.532
1,820,16.4,pull,0.01976,0.01769,0.00882,0.01875,-0.0076,-17.47,55.98,0.29,0.0715,0.006,0.242,7.185,0.0,0,19.21,15.12,1,12.679,21.259
2,820,16.4,pull,0.03859,0.03691,0.01126,0.03811,-0.0076,-18.58,36.3,0.2882,0.0766,2.843,0.364,10.386,0.0,0,18.58,25.34,1,17.466,23.166
3,820,16.4,pull,0.0283,0.02689,0.00883,0.02803,-0.0076,-20.23,46.57,0.2874,0.0715,0.847,0.287,7.346,0.0,0,19.14,19.85,1,13.759,21.774
0,821,16.42,pull,0.01726,0.01569,0.0072,0.01708,-0.0076,-19.38,60.04,0.2884,0.0655,0.584,0.242,5.717,0.0,0,19.5,14.47,1,13.352,20.824
1,821,16.42,pull,0.02,0.01793,0.00888,0.019,-0.0076,-17.46,55.9,0.2901,0.0718,0.045,0.243,7.219,0.0,0,19.45,15.24,1,12.785,21.565
2,821,16.42,pull,0.03978,0.03808,0.01149,0.03929,-0.0076,-18.68,35.46,0.2883,0.0771,2.884,0.449,10.229,0.0,0,18.83,26.0,1,17.705,23.571
3,821,16.42,pull,0.02878,0.02741,0.00879,0.02855,-0.0076,-20.29,46.26,0.2875,0.0718,0.879,0.283,7.193,0.0,0,19.42,20.15,1,13.904,22.048
0,822,16.44,pull,0.0178,0.01626,0.00723,0.01762,-0.0076,-19.51,59.8,0.2886,0.0655,0.617,0.275,5.79,0.0,0,19.77,14.85,1,13.397,21.094
1,822,16.44,pull,0.02028,0.01822,0.0089,0.0193,-0.0076,-17.47,55.84,0.2902,0.072,0.084,0.255,6.973,0.0,0,19.71,15.42,1,12.923,21.865
2,822,16.44,pull,0.04087,0.03916,0.01171,0.04038,-0.0076,-18.75,34.66,0.2883,0.0776,2.923,0.422,10.404,0.0,0,19.08,26.61,1,17.938,23.973
3,822,16.44,pull,0.02932,0.02799,0.00871,0.02913,-0.0076,-20.36,45.93,0.2876,0.0721,0.913,0.274,7.001,0.0,0,19.72,20.45,1,14.089,22.306
0,823,16.46,pull,0.01816,0.01662,0.0073,0.01797,-0.0076,-19.56,59.68,0.2888,0.0655,0.651,0.209,6.165,0.0,0,20.02,15.06,1,13.552,21.388
1,823,16.46,pull,0.02057,0.01852,0.00896,0.0196,-0.0076,-17.46,55.83,0.2903,0.0723,0.124,0.26,6.959,0.0,0,19.95,15.58,1,13.07,22.189
2,823,16.46,pull,0.04203,0.04031,0.01191,0.04154,-0.0076,-18.81,33.83,0.2884,0.0782,2.962,0.456,10.402,0.0,0,19.33,27.26,1,18.184,24.375
3,823,16.46,pull,0.02983,0.02856,0.00862,0.02969,-0.0076,-20.42,45.56,0.2877,0.0725,0.947,0.282,7.692,0.0,0,20.01,20.77,1,14.225,22.565
0,824,16.48,pull,0.0185,0.01694,0.00745,0.01829,-0.0076,-19.56,59.55,0.289,0.0655,0.688,0.361,5.906,0.0,0,20.24,15.19,1,13.69,21.722
1,824,16.48,pull,0.02096,0.01889,0.00906,0.01999,-0.0076,-17.45,55.79,0.2904,0.0726,0.165,0.268,6.863,0.0,0,20.18,15.79,1,13.223,22.527
2,824,16.48,pull,0.04317,0.04143,0.01212,0.04268,-0.0076,-18.86,32.99,0.2884,0.0788,3.0,0.456,10.621,0.0,0,19.59,27.89,1,18.432,24.784
3,824,16.48,pull,0.03031,0.02904,0.00868,0.03017,-0.0076,-20.45,45.18,0.2877,0.0729,0.983,0.304,7.263,0.0,0,20.26,21.05,1,14.4,22.888
0,825,16.5,pull,0.01905,0.01749,0.00753,0.01884,-0.0076,-19.64,59.51,0.2892,0.0656,0.728,0.237,5.8,0.0,0,20.48,15.44,1,13.905,22.041
1,825,16.5,pull,0.02138,0.01933,0.00915,0.02043,-0.0076,-17.44,55.74,0.2905,0.073,0.208,0.282,6.722,0.0,0,20.42,16.04,1,13.383,22.865
2,825,16.5,pull,0.0444,0.04265,0.01233,0.04391,-0.0076,-18.91,32.14,0.2885,0.0795,3.037,0.462,10.437,0.0,0,19.85,28.59,1,18.684,25.196
3,825,16.5,pull,0.03096,0.0297,0.00874,0.03084,-0.0076,-20.51,44.78,0.2878,0.0733,1.019,0.256,7.002,0.0,0,20.51,21.44,1,14.561,23.209
0,826,16.52,pull,0.01936,0.01777,0.00768,0.01913,-0.0076,-19.62,59.39,0.2893,0.0657,0.77,0.374,5.93,0.0,0,20.7,15.55,1,14.132,22.383
1,826,16.52,pull,0.02181,0.01975,0.00924,0.02086,-0.0076,-17.43,55.71,0.2906,0.0733,0.25,0.275,6.636,0.0,0,20.65,16.29,1,13.545,23.206
2,826,16.52,pull,0.04561,0.04386,0.01254,0.04512,-0.0076,-18.96,31.29,0.2885,0.0802,3.072,0.473,10.603,0.0,0,20.11,29.28,1,18.917,25.605
3,826,16.52,pull,0.03155,0.0303,0.00878,0.03143,-0.0076,-20.5,44.35,0.2878,0.0737,1.057,0.335,6.707,0.0,0,20.78,21.76,1,14.733,23.521
0,827,16.54,pull,0.01987,0.01832,0.00769,0.01967,-0.0076,-19.72,59.28,0.2895,0.0659,0.812,0.211,5.931,0.0,0,20.96,15.87,1,14.238,22.681
1,827,16.54,pull,0.0223,0.02026,0.00932,0.02138,-0.0076,-17.43,55.66,0.2907,0.0737,0.292,0.289,6.317,0.0,0,20.89,16.58,1,13.706,23.546
2,827,16.54,pull,0.04698,0.04522,0.01276,0.04649,-0.0076,-19.03,30.37,0.2886,0.0809,3.104,0.498,10.361,0.0,0,20.38,30.05,1,19.173,26.014
3,827,16.54,pull,0.03207,0.03086,0.00875,0.03198,-0.0076,-20.51,43.94,0.2879,0.0742,1.094,0.275,6.505,0.0,0,21.05,22.05,1,14.929,23.804
0,828,16.56,pull,0.0202,0.01866,0.00774,0.02,-0.0076,-19.71,59.1,0.2896,0.066,0.855,0.343,6.18,0.0,0,21.21,16.02,1,14.459,22.983
1,828,16.56,pull,0.02277,0.02074,0.0094,0.02187,-0.0076,-17.42,55.61,0.2908,0.0741,0.335,0.293,6.134,0.0,0,21.13,16.86,1,13.874,23.891
2,828,16.56,pull,0.04829,0.04652,0.01295,0.04781,-0.0076,-19.08,29.43,0.2886,0.0816,3.135,0.502,10.728,0.0,0,20.65,30.81,1,19.423,26.43
3,828,16.56,pull,0.03262,0.03145,0.00868,0.03257,-0.0076,-20.54,43.51,0.2879,0.0747,1.13,0.286,6.453,0.0,0,21.34,22.35,1,15.103,24.071
0,829,16.58,pull,0.02054,0.01902,0.00776,0.02036,-0.0076,-19.76,58.95,0.2897,0.0662,0.898,0.265,5.889,0.0,0,21.46,16.23,1,14.511,23.281
1,829,16.58,pull,0.02329,0.02128,0.00945,0.02241,-0.0076,-17.42,55.53,0.2908,0.0746,0.378,0.302,5.922,0.0,0,21.38,17.18,1,14.048,24.228
2,829,16.58,pull,0.04975,0.04797,0.01321,0.04926,-0.0076,-19.15,28.44,0.2887,0.0823,3.164,0.527,10.523,0.0,0,20.92,31.63,1,19.688,26.86
3,829,16.58,pull,0.03319,0.03205,0.00863,0.03316,-0.0076,-20.56,43.02,0.2879,0.0752,1.164,0.268,7.055,0.0,0,21.62,22.68,1,15.281,24.354
0,830,16.6,pull,0.02088,0.0194,0.00774,0.02073,-0.0076,-19.82,58.82,0.2898,0.0664,0.94,0.301,5.795,0.0,0,21.73,16.45,1,14.623,23.562
1,830,16.6,pull,0.0238,0.02183,0.00948,0.02296,-0.0076,-17.42,55.47,0.2909,0.075,0.42,0.315,5.834,0.0,0,21.64,17.49,1,14.247,24.555
2,830,16.6,pull,0.05128,0.04949,0.01343,0.05079,-0.0076,-19.22,27.39,0.2887,0.0831,3.19,0.558,10.712,0.0,0,21.2,32.52,1,19.954,27.285
3,830,16.6,pull,0.0337,0.03257,0.00867,0.03368,-0.0076,-20.56,42.53,0.2879,0.0757,1.196,0.281,6.995,0.0,0,21.88,22.96,1,15.436,24.668
0,831,16.62,pull,0.02123,0.01978,0.00772,0.02111,-0.0076,-19.85,58.68,0.2899,0.0667,0.982,0.365,5.81,0.0,0,22.0,16.68,1,14.72,23.847
1,831,16.62,pull,0.02426,0.02232,0.0095,0.02346,-0.0076,-17.41,55.38,0.2909,0.0755,0.461,0.318,6.122,0.0,0,21.89,17.76,1,14.447,24.884
2,831,16.62,pull,0.05283,0.05103,0.01368,0.05234,-0.0076,-19.27,26.32,0.2887,0.0839,3.214,0.559,10.776,0.0,0,21.47,33.4,1,20.238,27.72
3,831,16.62,pull,0.03433,0.03322,0.00866,0.03433,-0.0076,-20.58,42.06,0.2879,0.0763,1.228,0.283,6.513,0.0,0,22.15,23.34,1,15.622,24.976
0,832,16.64,pull,0.02165,0.02022,0.00773,0.02155,-0.0076,-19.89,58.55,0.2899,0.0669,1.026,0.334,5.681,0.0,0,22.26,16.95,1,14.834,24.142
1,832,16.64,pull,0.02467,0.02278,0.00948,0.02392,-0.0076,-17.4,55.25,0.291,0.0759,0.503,0.273,6.268,0.0,0,22.15,18.02,1,14.68,25.205
2,832,16.64,pull,0.05446,0.05264,0.01395,0.05397,-0.0076,-19.33,25.19,0.2888,0.0847,3.237,0.582,10.87,0.0,0,21.74,34.34,1,20.522,28.169
3,832,16.64,pull,0.03497,0.0339,0.00859,0.035,-0.0076,-20.58,41.58,0.2879,0.0768,1.261,0.325,6.448,0.0,0,22.44,23.72,1,15.807,25.258
0,833,16.66,pull,0.02207,0.02066,0.00778,0.02199,-0.0076,-19.93,58.41,0.29,0.0672,1.071,0.328,5.727,0.0,0,22.51,17.22,1,14.967,24.461
1,833,16.66,pull,0.025,0.02316,0.00943,0.02432,-0.0076,-17.37,55.12,0.291,0.0764,0.544,0.316,6.301,0.0,0,22.41,18.24,1,14.894,25.518
2,833,16.66,pull,0.05618,0.05434,0.01426,0.05568,-0.0076,-19.39,24.03,0.2888,0.0855,3.257,0.597,10.882,0.0,0,22.02,35.33,1,20.808,28.631
3,833,16.66,pull,0.03558,0.03456,0.00847,0.03565,-0.0076,-20.58,41.09,0.2878,0.0774,1.294,0.284,6.596,0.0,0,22.74,24.09,1,15.995,25.525
0,834,16.68,pull,0.02247,0.02104,0.00789,0.02237,-0.0076,-19.94,58.23,0.29,0.0675,1.116,0.331,5.879,0.0,0,22.74,17.45,1,15.116,24.805
1,834,16.68,pull,0.02534,0.02353,0.0094,0.0247,-0.0076,-17.32,54.97,0.291,0.0769,0.585,0.304,6.359,0.0,0,22.67,18.44,1,15.115,25.84
2,834,16.68,pull,0.05795,0.05608,0.0146,0.05744,-0.0076,-19.45,22.75,0.2888,0.0864,3.274,0.675,11.182,0.0,0,22.29,36.34,1,21.116,29.107
3,834,16.68,pull,0.03619,0.03521,0.00834,0.0363,-0.0076,-20.57,40.53,0.2878,0.078,1.325,0.316,6.845,0.0,0,23.04,24.47,1,16.188,25.785
0,835,16.7,pull,0.02281,0.02135,0.00802,0.02269,-0.0076,-19.94,58.04,0.29,0.0679,1.163,0.228,6.311,0.0,0,22.96,17.65,1,15.31,25.163
1,835,16.7,pull,0.02566,0.02387,0.00941,0.02505,-0.0076,-17.27,54.84,0.291,0.0775,0.625,0.299,6.325,0.0,0,22.92,18.63,1,15.338,26.18
2,835,16.7,pull,0.05991,0.05799,0.01504,0.05937,-0.0076,-19.51,21.33,0.2888,0.0873,3.289,0.72,11.268,0.0,0,22.54,37.45,1,21.457,29.623
3,835,16.7,pull,0.03695,0.036,0.00831,0.03708,-0.0076,-20.57,39.97,0.2878,0.0787,1.354,0.346,6.458,0.0,0,23.32,24.9,1,16.403,26.077
0,836,16.72,pull,0.0232,0.0217,0.00821,0.02303,-0.0076,-19.89,57.79,0.29,0.0683,1.211,0.312,6.771,0.0,0,23.18,17.85,1,15.408,25.543
1,836,16.72,pull,0.02593,0.02414,0.00946,0.02533,-0.0076,-17.21,54.69,0.291,0.078,0.664,0.302,6.301,0.0,0,23.16,18.78,1,15.537,26.535
2,836,16.72,pull,0.06203,0.06003,0.01562,0.06144,-0.0076,-19.58,19.76,0.2889,0.0882,3.301,0.83,11.695,0.0,0,22.78,38.62,1,21.815,30.189
3,836,16.72,pull,0.03768,0.03675,0.00833,0.03783,-0.0076,-20.57,39.43,0.2878,0.0793,1.383,0.281,6.539,0.0,0,23.59,25.32,1,16.597,26.395
0,837,16.74,pull,0.02359,0.02204,0.00839,0.02338,-0.0076,-19.81,57.61,0.29,0.0687,1.259,0.327,6.469,0.0,0,23.39,18.06,1,15.502,25.926
1,837,16.74,pull,0.02616,0.02437,0.00952,0.02557,-0.0076,-17.12,54.52,0.291,0.0786,0.703,0.331,5.964,0.0,0,23.39,18.91,1,15.727,26.901
2,837,16.74,pull,0.06432,0.0622,0.01637,0.06365,-0.0076,-19.63,17.97,0.2889,0.0892,3.31,0.942,12.223,0.0,0,22.98,39.87,1,22.24,30.821
3,837,16.74,pull,0.03836,0.03744,0.00836,0.03851,-0.0076,-20.55,38.79,0.2877,0.08,1.411,0.321,6.967,0.0,0,23.85,25.71,1,16.777,26.72
0,838,16.76,pull,0.02387,0.02227,0.00859,0.02361,-0.0076,-19.69,57.46,0.29,0.0692,1.307,0.335,5.948,0.0,0,23.6,18.16,1,15.571,26.324
1,838,16.76,pull,0.02639,0.0246,0.00957,0.02582,-0.0076,-17.04,54.36,0.2909,0.0792,0.74,0.326,5.99,0.0,0,23.62,19.03,1,15.933,27.266
2,838,16.76,pull,0.06684,0.06456,0.01732,0.06607,-0.0076,-19.66,16.02,0.2889,0.0902,3.318,1.034,12.464,0.0,0,23.15,41.24,1,22.673,31.535
3,838,16.76,pull,0.03919,0.03826,0.00848,0.03933,-0.0076,-20.53,38.11,0.2876,0.0807,1.436,0.363,6.639,0.0,0,24.09,26.17,1,16.989,27.084
0,839,16.78,pull,0.02406,0.02237,0.00885,0.02373,-0.0076,-19.55,57.36,0.2899,0.0697,1.355,0.321,6.232,0.0,0,23.79,18.21,1,15.741,26.751
1,839,16.78,pull,0.02658,0.02478,0.00961,0.02602,-0.0076,-16.94,54.22,0.2909,0.0798,0.776,0.336,5.989,0.0,0,23.86,19.13,1,16.144,27.632
2,839,16.78,pull,0.06971,0.06719,0.01858,0.0688,-0.0076,-19.68,13.84,0.2888,0.0912,3.324,1.166,12.681,0.0,0,23.29,42.77,1,23.116,32.352
3,839,16.78,pull,0.03998,0.03904,0.00861,0.04011,-0.0076,-20.5,37.49,0.2876,0.0814,1.461,0.342,6.573,0.0,0,24.33,26.62,1,17.182,27.456
0,840,16.8,pull,0.02438,0.02264,0.00905,0.02399,-0.0076,-19.47,57.19,0.2898,0.0703,1.401,0.262,6.447,0.0,0,24.0,18.36,1,15.836,27.152
1,840,16.8,pull,0.02679,0.02498,0.0097,0.02622,-0.0076,-16.82,54.05,0.2908,0.0805,0.81,0.375,6.131,0.0,0,24.09,19.2,1,16.344,28.004
2,840,16.8,pull,0.07274,0.06994,0.02,0.07165,-0.0076,-19.66,11.5,0.2888,0.0924,3.328,1.283,13.32,0.0,0,23.4,44.39,1,23.6,33.231
3,840,16.8,pull,0.04064,0.0397,0.00869,0.04077,-0.0076,-20.44,36.86,0.2875,0.0822,1.484,0.342,7.014,0.0,0,24.58,26.99,1,17.356,27.812
0,841,16.82,pull,0.02476,0.02297,0.00923,0.02432,-0.0076,-19.36,56.96,0.2897,0.071,1.444,0.356,5.92,0.0,0,24.21,18.53,1,15.884,27.562
1,841,16.82,pull,0.02705,0.02518,0.00987,0.02643,-0.0076,-16.68,53.92,0.2907,0.0812,0.845,0.355,6.063,0.0,0,24.3,19.28,1,16.521,28.412
2,841,16.82,pull,0.07628,0.0731,0.0218,0.07496,-0.0076,-19.61,8.8,0.2888,0.0937,3.331,1.487,13.604,0.0,0,23.47,46.25,1,24.134,34.236
3,841,16.82,pull,0.04144,0.04049,0.00881,0.04156,-0.0076,-20.38,36.19,0.2874,0.083,1.505,0.359,6.981,0.0,0,24.82,27.44,1,17.563,28.192
0,842,16.84,pull,0.02498,0.0232,0.00927,0.02455,-0.0076,-19.24,56.79,0.2895,0.0717,1.486,0.298,6.737,0.0,0,24.46,18.66,1,16.069,27.913
1,842,16.84,pull,0.02731,0.02538,0.0101,0.02663,-0.0076,-16.53,53.74,0.2906,0.082,0.88,0.351,6.25,0.0,0,24.5,19.36,1,16.688,28.847
2,842,16.84,pull,0.08007,0.07645,0.02381,0.0785,-0.0076,-19.5,5.93,0.2888,0.0951,3.332,1.63,14.98,0.0,0,23.53,48.29,1,24.643,35.317
3,842,16.84,pull,0.04227,0.04131,0.00894,0.04238,-0.0076,-20.31,35.5,0.2873,0.0838,1.524,0.354,6.873,0.0,0,25.06,27.9,1,17.769,28.581
0,843,16.86,pull,0.02519,0.02343,0.00927,0.02478,-0.0076,-19.07,56.65,0.2893,0.0725,1.525,0.35,6.787,0.0,0,24.71,18.78,1,16.168,28.259
1,843,16.86,pull,0.02754,0.02553,0.01034,0.02679,-0.0076,-16.35,53.52,0.2905,0.0828,0.914,0.366,6.292,0.0,0,24.69,19.42,1,16.849,29.286
2,843,16.86,pull,0.08461,0.08042,0.0263,0.08271,-0.0076,-19.36,2.85,0.2888,0.0967,3.333,1.721,15.159,0.0,0,23.55,50.78,1,25.093,36.537
3,843,16.86,pull,0.04311,0.04214,0.00907,0.04321,-0.0076,-20.24,34.82,0.2871,0.0847,1.542,0.353,6.896,0.0,0,25.3,28.38,1,17.973,28.973
0,844,16.88,pull,0.02539,0.02361,0.00932,0.02497,-0.0076,-18.88,56.49,0.2891,0.0734,1.563,0.351,6.104,0.0,0,24.95,18.82,1,16.35,28.619
1,844,16.88,pull,0.02773,0.02565,0.01053,0.02692,-0.0076,-16.15,53.32,0.2904,0.0837,0.947,0.375,6.325,0.0,0,24.9,19.46,1,17.002,29.717
2,844,16.88,pull,0.08958,0.08498,0.02833,0.08749,-0.0076,-19.24,0.34,0.2889,0.0985,3.332,1.722,15.326,0.0,0,23.75,53.72,1,25.532,37.576
3,844,16.88,pull,0.04389,0.04294,0.00912,0.044,-0.0076,-20.15,34.1,0.287,0.0856,1.556,0.365,7.202,0.0,0,25.56,28.82,1,18.175,29.334
0,845,16.9,pull,0.02553,0.0238,0.00924,0.02516,-0.0076,-18.73,56.35,0.2889,0.0744,1.598,0.323,6.696,0.0,0,25.22,18.92,1,16.474,28.935
1,845,16.9,pull,0.0279,0.02577,0.01068,0.02705,-0.0076,-15.94,53.13,0.2902,0.0846,0.977,0.374,6.391,0.0,0,25.11,19.51,1,17.157,30.138
2,845,16.9,pull,0.09472,0.08999,0.02955,0.09263,-0.0076,-19.14,3.76,0.289,0.1005,3.331,1.72,15.288,0.0,0,24.17,56.94,1,26.056,38.319
3,845,16.9,pull,0.04484,0.04388,0.00923,0.04494,-0.0076,-20.07,33.36,0.2868,0.0866,1.568,0.362,6.981,0.0,0,25.81,29.35,1,18.399,29.723
0,846,16.92,pull,0.02576,0.0241,0.00911,0.02544,-0.0076,-18.57,56.16,0.2886,0.0755,1.63,0.331,5.816,0.0,0,25.51,19.05,1,16.564,29.23
1,846,16.92,pull,0.02811,0.02595,0.01081,0.02723,-0.0076,-15.73,52.93,0.29,0.0856,1.005,0.36,6.384,0.0,0,25.33,19.58,1,17.323,30.559
2,846,16.92,pull,0.09977,0.09518,0.02991,0.09782,-0.0076,-19.1,7.32,0.2892,0.1028,3.324,1.729,10.892,0.0,0,24.78,60.0,1,26.685,38.728
3,846,16.92,pull,0.04581,0.04484,0.00936,0.0459,-0.0076,-19.98,32.64,0.2865,0.0877,1.578,0.336,6.893,0.0,0,26.06,29.9,1,18.605,30.122
0,847,16.94,pull,0.02582,0.02422,0.00897,0.02557,-0.0076,-18.37,56.0,0.2883,0.0767,1.659,0.366,6.573,0.0,0,25.79,19.09,1,16.808,29.519
1,847,16.94,pull,0.02837,0.02617,0.01094,0.02746,-0.0076,-15.53,52.71,0.2898,0.0867,1.031,0.385,6.426,0.0,0,25.55,19.69,1,17.498,30.985
2,847,16.94,pull,0.09982,0.09628,0.02634,0.09842,-0.0076,-18.96,11.07,0.2894,0.1054,3.32,1.69,22.623,0.0,0,25.83,60.0,1,28.236,38.04
3,847,16.94,pull,0.04685,0.04587,0.0095,0.04693,-0.0076,-19.89,31.81,0.2863,0.0888,1.586,0.376,7.206,0.0,0,26.3,30.49,1,18.819,30.533
0,848,16.96,pull,0.02595,0.02449,0.00858,0.02583,-0.0076,-18.23,55.83,0.2879,0.0779,1.687,0.36,6.383,0.0,0,26.14,19.23,1,16.94,29.708
1,848,16.96,pull,0.02868,0.02645,0.01108,0.02775,-0.0076,-15.32,52.47,0.2896,0.0878,1.054,0.414,6.427,0.0,0,25.77,19.84,1,17.683,31.422
2,848,16.96,pull,0.10057,0.09781,0.02337,0.09955,-0.0076,-18.89,14.83,0.2895,0.1084,3.264,1.687,26.811,0.0,0,26.75,60.0,1,30.502,37.479
3,848,16.96,pull,0.04791,0.04693,0.00966,0.04797,-0.0076,-19.79,31.01,0.286,0.0899,1.59,0.397,6.755,0.0,0,26.55,31.07,1,19.04,30.942
0,849,16.98,pull,0.02606,0.02474,0.0082,0.02607,-0.0076,-18.05,55.62,0.2875,0.0792,1.71,0.344,5.724,0.0,0,26.48,19.35,1,17.123,29.908
1,849,16.98,pull,0.02906,0.0268,0.01124,0.0281,-0.0076,-15.11,52.2,0.2893,0.089,1.074,0.451,6.439,0.0,0,25.98,20.02,1,17.877,31.874
2,849,16.98,pull,0.10173,0.0993,0.02211,0.10082,-0.0076,-18.91,18.7,0.2891,0.1115,3.157,1.718,26.874,0.0,0,27.35,60.0,1,32.632,37.393
3,849,16.98,pull,0.049,0.04803,0.00973,0.04907,-0.0076,-19.68,30.13,0.2857,0.0912,1.592,0.438,7.241,0.0,0,26.82,31.72,1,19.252,31.339
0,850,17.0,pull,0.02602,0.02486,0.0077,0.0262,-0.0076,-17.87,55.45,0.2871,0.0806,1.729,0.304,5.816,0.0,0,26.84,19.36,1,17.444,30.059
1,850,17.0,pull,0.02949,0.02719,0.01143,0.0285,-0.0076,-14.89,51.92,0.289,0.0903,1.093,0.496,6.486,0.0,0,26.18,20.23,1,18.084,32.343
2,850,17.0,pull,0.10293,0.1005,0.02221,0.10195,-0.0076,-18.98,22.68,0.2882,0.1146,3.005,1.722,25.216,0.0,0,27.69,60.0,1,34.872,37.706
3,850,17.0,pull,0.05027,0.04929,0.00988,0.05032,-0.0076,-19.59,29.2,0.2853,0.0925,1.591,0.483,7.178,0.0,0,27.07,32.45,1,19.481,31.764
0,851,17.02,pull,0.02598,0.02498,0.00715,0.02633,-0.0076,-17.7,55.29,0.2867,0.0821,1.743,0.278,5.979,0.0,0,27.21,19.38,1,17.76,30.185
1,851,17.02,pull,0.02999,0.02764,0.01162,0.02896,-0.0076,-14.66,51.62,0.2887,0.0917,1.109,0.538,6.502,0.0,0,26.39,20.48,1,18.301,32.826
2,851,17.02,pull,0.10407,0.1015,0.02302,0.10294,-0.0076,-18.97,26.38,0.2868,0.1175,2.816,1.703,24.839,0.0,0,27.9,60.0,1,36.742,38.224
3,851,17.02,pull,0.05166,0.05067,0.01008,0.0517,-0.0076,-19.49,28.17,0.285,0.0939,1.588,0.535,7.376,0.0,0,27.32,33.26,1,19.714,32.211
0,852,17.04,pull,0.02606,0.02517,0.00675,0.02653,-0.0076,-17.54,55.16,0.2861,0.0836,1.754,0.303,5.938,0.0,0,27.55,19.43,1,18.071,30.361
1,852,17.04,pull,0.03055,0.02817,0.01183,0.02949,-0.0076,-14.44,51.29,0.2883,0.0931,1.124,0.586,6.513,0.0,0,26.59,20.78,1,18.531,33.319
2,852,17.04,pull,0.10512,0.10229,0.02423,0.10376,-0.0076,-18.87,29.49,0.2851,0.1201,2.625,1.718,24.191,0.0,0,28.01,60.0,1,38.288,38.91
3,852,17.04,pull,0.05316,0.05215,0.01031,0.05317,-0.0076,-19.39,27.08,0.2846,0.0953,1.583,0.588,7.448,0.0,0,27.57,34.11,1,19.958,32.674
0,853,17.06,pull,0.02625,0.02543,0.00653,0.0268,-0.0076,-17.37,55.01,0.2856,0.0851,1.765,0.34,6.049,0.0,0,27.84,19.52,1,18.381,30.61
1,853,17.06,pull,0.03117,0.02875,0.01203,0.03008,-0.0076,-14.21,50.91,0.288,0.0946,1.137,0.635,6.579,0.0,0,26.79,21.1,1,18.768,33.813
2,853,17.06,pull,0.10607,0.10294,0.02554,0.10447,-0.0076,-18.64,32.32,0.2832,0.1225,2.444,1.715,26.669,0.0,0,28.09,60.0,1,39.585,39.669
3,853,17.06,pull,0.0547,0.05368,0.01053,0.05469,-0.0076,-19.27,25.9,0.2842,0.0969,1.576,0.647,7.881,0.0,0,27.83,34.99,1,20.211,33.136
0,854,17.08,pull,0.02646,0.02565,0.00652,0.02704,-0.0076,-17.16,54.78,0.285,0.0867,1.778,0.406,5.775,0.0,0,28.09,19.6,1,18.667,30.936
1,854,17.08,pull,0.0318,0.02938,0.01217,0.0307,-0.0076,-13.97,50.45,0.2875,0.0962,1.149,0.68,6.716,0.0,0,27.01,21.44,1,19.019,34.291
2,854,17.08,pull,0.10706,0.10368,0.0267,0.10525,-0.0076,-18.28,35.28,0.2815,0.1246,2.267,1.716,29.422,0.0,0,28.2,60.0,1,40.947,40.379
3,854,17.08,pull,0.05644,0.05539,0.01083,0.05639,-0.0076,-19.15,24.63,0.2837,0.0985,1.565,0.706,7.836,0.0,0,28.07,35.97,1,20.486,33.631
0,855,17.1,pull,0.02667,0.02587,0.00649,0.02727,-0.0076,-16.94,54.52,0.2845,0.0882,1.792,0.456,5.966,0.0,0,28.33,19.67,1,18.963,31.263
1,855,17.1,pull,0.03242,0.03002,0.01223,0.03134,-0.0076,-13.73,49.96,0.2871,0.0978,1.158,0.71,6.833,0.0,0,27.26,21.78,1,19.287,34.737
2,855,17.1,pull,0.10803,0.10442,0.02772,0.10602,-0.0076,-17.77,38.58,0.2799,0.1267,2.084,1.7,33.457,0.0,0,28.34,60.0,1,42.718,41.055
3,855,17.1,pull,0.05822,0.05715,0.01112,0.05815,-0.0076,-19.02,23.25,0.2833,0.1002,1.55,0.774,8.344,0.0,0,28.32,36.98,1,20.768,34.128
0,856,17.12,pull,0.02684,0.02606,0.00642,0.02749,-0.0076,-16.7,54.23,0.2839,0.0898,1.807,0.499,5.756,0.0,0,28.58,19.74,1,19.283,31.579
1,856,17.12,pull,0.03302,0.03069,0.01219,0.03199,-0.0076,-13.48,49.46,0.2867,0.0995,1.162,0.729,6.891,0.0,0,27.52,22.13,1,19.572,35.149
2,856,17.12,pull,0.10889,0.10521,0.02809,0.10677,-0.0076,-17.19,42.06,0.2787,0.1289,1.901,1.69,33.698,0.0,0,28.64,60.0,1,44.823,41.468
3,856,17.12,pull,0.06029,0.05917,0.01157,0.06017,-0.0076,-18.9,21.69,0.2828,0.102,1.532,0.861,8.298,0.0,0,28.55,38.14,1,21.077,34.691
0,857,17.14,pull,0.02699,0.02625,0.0063,0.0277,-0.0076,-16.44,53.96,0.2833,0.0913,1.821,0.529,5.781,0.0,0,28.84,19.82,1,19.62,31.887
1,857,17.14,pull,0.03366,0.03141,0.01208,0.0327,-0.0076,-13.23,48.94,0.2862,0.1014,1.161,0.746,6.918,0.0,0,27.8,22.52,1,19.876,35.538
2,857,17.14,pull,0.10944,0.1061,0.02683,0.10745,-0.0076,-16.69,45.63,0.2778,0.1312,1.72,1.649,38.861,0.0,0,29.28,60.0,1,47.13,41.339
3,857,17.14,pull,0.06258,0.06138,0.01222,0.06237,-0.0076,-18.77,19.96,0.2823,0.1038,1.51,0.968,8.447,0.0,0,28.75,39.42,1,21.385,35.329
0,858,17.16,pull,0.02721,0.02648,0.00623,0.02796,-0.0076,-16.19,53.66,0.2827,0.0929,1.833,0.562,5.682,0.0,0,29.08,19.93,1,19.96,32.216
1,858,17.16,pull,0.03439,0.03224,0.01197,0.03352,-0.0076,-13.0,48.39,0.2857,0.1032,1.153,0.761,6.908,0.0,0,28.09,22.98,1,20.189,35.929
2,858,17.16,pull,0.10969,0.1071,0.02367,0.10808,-0.0076,-16.27,49.05,0.2774,0.1337,1.541,1.666,36.502,0.0,0,30.34,60.0,1,50.011,40.509
3,858,17.16,pull,0.06516,0.06385,0.01302,0.06485,-0.0076,-18.64,18.04,0.2818,0.1058,1.486,1.05,8.472,0.0,0,28.92,40.86,1,21.702,36.035
0,859,17.18,pull,0.02751,0.0268,0.0062,0.02831,-0.0076,-15.94,53.39,0.2822,0.0945,1.845,0.595,5.594,0.0,0,29.32,20.09,1,20.31,32.572
1,859,17.18,pull,0.03525,0.03317,0.01192,0.03443,-0.0076,-12.78,47.81,0.2852,0.1052,1.138,0.78,6.828,0.0,0,28.36,23.5,1,20.51,36.346
2,859,17.18,pull,0.10994,0.10825,0.01922,0.10882,-0.0076,-15.98,52.1,0.2774,0.1367,1.362,1.594,40.233,0.0,0,31.62,60.0,1,52.809,39.245
3,859,17.18,pull,0.06809,0.06667,0.01383,0.06767,-0.0076,-18.52,15.82,0.2812,0.1079,1.458,1.05,8.766,0.0,0,29.12,42.49,1,22.061,36.747
0,860,17.2,pull,0.02788,0.02717,0.00626,0.02871,-0.0076,-15.7,53.09,0.2816,0.0961,1.855,0.629,5.574,0.0,0,29.53,20.28,1,20.668,32.965
1,860,17.2,pull,0.03625,0.03422,0.01196,0.03547,-0.0076,-12.57,47.21,0.2846,0.1072,1.114,0.797,6.771,0.0,0,28.62,24.1,1,20.829,36.805
2,860,17.2,pull,0.11015,0.10907,0.01543,0.10937,-0.0076,-15.76,54.4,0.2777,0.1398,1.149,1.003,45.82,0.0,0,32.66,60.0,1,55.534,38.286
3,860,17.2,pull,0.07102,0.06955,0.01434,0.07055,-0.0076,-18.37,13.57,0.2806,0.1101,1.424,1.05,9.594,0.0,0,29.39,44.16,1,22.502,37.364
0,861,17.22,pull,0.02835,0.02762,0.00637,0.02918,-0.0076,-15.45,52.77,0.2811,0.0978,1.865,0.669,5.499,0.0,0,29.73,20.52,1,21.033,33.389
1,861,17.22,pull,0.03745,0.03542,0.01215,0.03666,-0.0076,-12.36,46.54,0.284,0.1092,1.082,0.823,6.708,0.0,0,28.84,24.8,1,21.149,37.325
2,861,17.22,pull,0.11033,0.10946,0.01378,0.10965,-0.0076,-15.52,55.99,0.2777,0.143,0.872,1.065,41.955,0.0,0,33.34,60.0,1,57.402,37.854
3,861,17.22,pull,0.07426,0.07279,0.01471,0.07377,-0.0076,-18.23,11.04,0.28,0.1124,1.38,1.112,9.661,0.0,0,29.71,46.03,1,23.009,37.935
0,862,17.24,pull,0.02886,0.02811,0.00653,0.0297,-0.0076,-15.2,52.43,0.2805,0.0994,1.875,0.713,5.447,0.0,0,29.92,20.79,1,21.405,33.839
1,862,17.24,pull,0.03882,0.03677,0.01247,0.03799,-0.0076,-12.15,45.81,0.2834,0.1112,1.04,0.855,6.713,0.0,0,29.03,25.58,1,21.465,37.905
2,862,17.24,pull,0.11081,0.10979,0.01499,0.11,-0.0076,-15.34,57.41,0.2771,0.146,0.525,1.086,43.417,0.0,0,33.38,60.0,1,57.951,38.441
3,862,17.24,pull,0.07768,0.0762,0.01512,0.07716,-0.0076,-18.12,8.4,0.2793,0.1148,1.32,1.124,10.286,0.0,0,30.04,48.01,1,23.525,38.519
0,863,17.26,pull,0.02938,0.02861,0.00668,0.03023,-0.0076,-14.92,52.09,0.2799,0.1011,1.885,0.751,5.482,0.0,0,30.11,21.05,1,21.783,34.293
1,863,17.26,pull,0.04038,0.03827,0.0129,0.03949,-0.0076,-11.94,44.99,0.2827,0.1133,0.99,0.89,6.71,0.0,0,29.21,26.46,1,21.782,38.54
2,863,17.26,pull,0.11197,0.11042,0.01855,0.11078,-0.0076,-15.17,58.3,0.2756,0.1485,0.089,1.113,25.109,0.0,0,32.81,60.0,1,59.741,40.035
3,863,17.26,pull,0.08171,0.08014,0.01594,0.0811,-0.0076,-18.08,5.26,0.2785,0.1173,1.242,1.279,12.88,0.0,0,30.32,50.37,1,23.969,39.243
0,864,17.28,pull,0.02993,0.02915,0.00678,0.03078,-0.0076,-14.63,51.75,0.2793,0.1028,1.894,0.779,5.451,0.0,0,30.31,21.33,1,22.175,34.729
1,864,17.28,pull,0.0421,0.03991,0.01342,0.04111,-0.0076,-11.72,44.09,0.282,0.1154,0.93,0.93,6.675,0.0,0,29.37,27.42,1,22.107,39.216
2,864,17.28,pull,0.11311,0.11042,0.02455,0.11115,-0.0076,-14.76,59.01,0.2733,0.1501,-0.369,1.103,31.324,0.0,0,31.79,60.0,1,59.781,42.418
3,864,17.28,pull,0.08647,0.08465,0.01762,0.08565,-0.0076,-18.05,1.97,0.2775,0.1199,1.136,1.41,12.26,0.0,0,30.46,53.17,1,24.358,40.254
0,865,17.3,pull,0.03048,0.02972,0.00681,0.03136,-0.0076,-14.33,51.38,0.2786,0.1046,1.901,0.814,5.573,0.0,0,30.54,21.61,1,22.57,35.137
1,865,17.3,pull,0.04396,0.04167,0.01398,0.04287,-0.0076,-11.5,43.12,0.2812,0.1175,0.86,0.973,6.734,0.0,0,29.53,28.45,1,22.446,39.915
2,865,17.3,pull,0.11581,0.11165,0.03077,0.11293,-0.0076,-14.47,59.28,0.2706,0.1508,-0.781,1.146,38.752,0.0,0,30.48,60.0,1,60.003,45.353
3,865,17.3,pull,0.09131,0.08914,0.01978,0.09022,-0.0076,-17.97,1.35,0.2764,0.1225,1.008,1.595,13.655,0.0,0,30.53,56.05,1,24.657,41.43
0,866,17.32,pull,0.03103,0.0303,0.00667,0.03195,-0.0076,-14.04,50.96,0.2779,0.1064,1.905,0.818,5.611,0.0,0,30.81,21.91,1,22.965,35.485
1,866,17.32,pull,0.04589,0.04355,0.01448,0.04473,-0.0076,-11.27,42.12,0.2804,0.1196,0.781,0.995,6.811,0.0,0,29.7,29.54,1,22.792,40.606
2,866,17.32,pull,0.11781,0.112,0.03654,0.11392,-0.0076,-13.96,60.03,0.2679,0.1508,-1.133,1.058,43.052,0.0,0,29.41,60.0,1,61.277,48.021
3,866,17.32,pull,0.09644,0.09384,0.02224,0.09503,-0.0076,-17.84,4.61,0.2751,0.1252,0.856,1.715,13.515,0.0,0,30.57,59.13,1,24.82,42.725
0,867,17.34,pull,0.0316,0.03093,0.00646,0.03257,-0.0076,-13.73,50.5,0.2772,0.1082,1.905,0.841,5.861,0.0,0,31.11,22.21,1,23.337,35.783
1,867,17.34,pull,0.04792,0.04555,0.01488,0.04671,-0.0076,-11.05,41.04,0.2796,0.1218,0.691,1.011,6.932,0.0,0,29.91,30.7,1,23.175,41.267
2,867,17.34,pull,0.1192,0.11196,0.04092,0.11439,-0.0076,-13.32,61.07,0.2654,0.1507,-1.483,0.886,50.86,0.0,0,28.76,60.0,1,60.758,50.126
3,867,17.34,pull,0.09845,0.0957,0.02311,0.09689,-0.0076,-17.29,7.78,0.2737,0.1279,0.687,1.649,18.469,0.0,0,30.73,60.0,1,25.236,43.564
0,868,17.36,pull,0.03222,0.03161,0.00622,0.03323,-0.0076,-13.44,50.03,0.2765,0.1101,1.897,0.83,6.019,0.0,0,31.42,22.53,1,23.674,36.06
1,868,17.36,pull,0.05003,0.04769,0.01511,0.04882,-0.0076,-10.85,39.9,0.2788,0.124,0.587,1.007,6.963,0.0,0,30.16,31.95,1,23.606,41.877
2,868,17.36,pull,0.12001,0.11204,0.043,0.11472,-0.0076,-12.7,62.25,0.2635,0.1507,-1.833,0.874,47.506,0.0,0,28.54,60.0,1,61.868,51.59
3,868,17.36,pull,0.09957,0.097,0.0225,0.09806,-0.0076,-16.89,11.45,0.2723,0.1306,0.506,1.674,19.548,0.0,0,31.15,60.0,1,26.679,43.87
0,869,17.38,pull,0.03289,0.03235,0.00597,0.03395,-0.0076,-13.15,49.54,0.2757,0.112,1.879,0.811,5.887,0.0,0,31.73,22.89,1,24.016,36.337
1,869,17.38,pull,0.0523,0.05004,0.01521,0.05114,-0.0076,-10.68,38.73,0.2779,0.1263,0.469,0.983,6.84,0.0,0,30.46,33.33,1,24.071,42.444
2,869,17.38,pull,0.11979,0.1121,0.04225,0.11464,-0.0076,-12.17,63.63,0.2622,0.151,-2.163,1.052,55.01,0.0,0,28.86,60.0,1,63.889,52.238
3,869,17.38,pull,0.10054,0.0983,0.02109,0.09919,-0.0076,-16.53,15.33,0.2709,0.1335,0.305,1.673,22.944,0.0,0,31.74,60.0,1,28.306,43.909
0,870,17.4,pull,0.03372,0.03321,0.00585,0.03479,-0.0076,-12.87,49.02,0.2748,0.1139,1.849,0.797,5.769,0.0,0,32.01,23.34,1,24.345,36.672
1,870,17.4,pull,0.05466,0.05252,0.01516,0.05359,-0.0076,-10.54,37.54,0.277,0.1287,0.333,0.899,6.837,0.0,0,30.79,34.82,1,24.595,42.978
2,870,17.4,pull,0.1195,0.11286,0.03927,0.11499,-0.0076,-11.83,64.88,0.2616,0.1516,-2.461,1.051,49.373,0.0,0,29.58,60.0,1,66.622,52.226
3,870,17.4,pull,0.10158,0.09972,0.01935,0.1004,-0.0076,-16.19,19.21,0.2696,0.1365,0.082,1.688,24.771,0.0,0,32.41,60.0,1,30.072,43.782
0,871,17.42,pull,0.03481,0.03428,0.00604,0.03583,-0.0076,-12.61,48.4,0.2738,0.1158,1.806,0.814,5.662,0.0,0,32.22,23.94,1,24.633,37.133
1,871,17.42,pull,0.05726,0.05527,0.01498,0.0563,-0.0076,-10.49,36.21,0.2761,0.1311,0.175,0.848,6.547,0.0,0,31.15,36.47,1,25.213,43.48
2,871,17.42,pull,0.11899,0.11404,0.03396,0.11563,-0.0076,-11.63,65.26,0.2614,0.1523,-2.772,1.051,49.035,0.0,0,30.54,60.0,1,71.239,51.807
3,871,17.42,pull,0.1024,0.10095,0.01718,0.10143,-0.0076,-15.85,22.89,0.2683,0.1397,-0.156,1.676,23.082,0.0,0,33.19,60.0,1,31.939,43.434
0,872,17.44,pull,0.03614,0.03553,0.0066,0.03706,-0.0076,-12.33,47.71,0.2728,0.1177,1.751,0.86,5.523,0.0,0,32.35,24.64,1,24.886,37.75
1,872,17.44,pull,0.06029,0.05835,0.01516,0.05936,-0.0076,-10.49,34.71,0.2751,0.1335,-0.013,0.923,6.238,0.0,0,31.45,38.35,1,25.764,44.12
2,872,17.44,pull,0.11832,0.11518,0.02707,0.11631,-0.0076,-11.49,63.27,0.2616,0.1528,-3.114,1.41,40.65,0.0,0,31.53,60.0,1,76.71,51.268
3,872,17.44,pull,0.10301,0.102,0.01439,0.10227,-0.0076,-15.56,26.58,0.2669,0.143,-0.395,1.698,19.723,0.0,0,34.1,60.0,1,33.922,42.847
0,873,17.46,pull,0.03775,0.037,0.00749,0.0385,-0.0076,-12.05,46.94,0.2717,0.1195,1.685,0.954,5.38,0.0,0,32.4,25.47,1,25.122,38.514
1,873,17.46,pull,0.06388,0.06176,0.0163,0.06277,-0.0076,-10.5,32.93,0.2739,0.1359,-0.234,0.904,5.795,0.0,0,31.54,40.32,1,26.221,45.119
2,873,17.46,pull,0.11713,0.11575,0.01791,0.11617,-0.0076,-11.39,61.0,0.2627,0.1535,-3.391,1.731,28.24,0.0,0,33.49,60.0,1,80.455,49.098
3,873,17.46,pull,0.10367,0.10295,0.01217,0.1031,-0.0076,-15.32,30.43,0.2653,0.1463,-0.655,1.702,28.035,0.0,0,34.85,60.0,1,36.083,42.465
0,874,17.48,pull,0.03958,0.03864,0.00857,0.0401,-0.0076,-11.76,46.03,0.2707,0.1214,1.615,1.048,5.496,0.0,0,32.41,26.39,1,25.36,39.366
1,874,17.48,pull,0.0677,0.06524,0.01809,0.06629,-0.0076,-10.48,31.12,0.2725,0.1383,-0.482,0.803,6.844,0.0,0,31.5,42.43,1,26.699,46.373
2,874,17.48,pull,0.11631,0.11602,0.00817,0.11619,-0.0076,-11.45,58.8,0.2651,0.1548,-3.532,1.728,16.04,0.0,0,35.3,60.0,1,82.874,47.022
3,874,17.48,pull,0.10485,0.10424,0.01131,0.10427,-0.0076,-15.1,34.27,0.2634,0.1493,-0.969,1.727,24.433,0.0,0,35.39,60.0,1,38.058,42.396
0,875,17.5,pull,0.0415,0.04042,0.0094,0.04184,-0.0076,-11.46,45.03,0.2696,0.1233,1.542,1.045,5.712,0.0,0,32.49,27.36,1,25.706,40.148
1,875,17.5,pull,0.0716,0.06875,0.02002,0.06983,-0.0076,-10.41,28.92,0.271,0.1407,-0.746,1.035,6.06,0.0,0,31.45,44.44,1,27.165,47.676
2,875,17.5,pull,0.11519,0.11511,0.00436,0.11526,-0.0076,-11.68,57.25,0.2681,0.1567,-3.704,1.729,60.264,0.0,0,36.15,60.0,1,83.976,46.406
3,875,17.5,pull,0.10562,0.10495,0.01191,0.10494,-0.0076,-14.8,38.15,0.261,0.1521,-1.346,1.698,29.275,0.0,0,35.55,60.0,1,40.34,42.917
0,876,17.52,pull,0.04328,0.04218,0.00969,0.04356,-0.0076,-11.15,44.08,0.2687,0.1252,1.463,1.045,5.909,0.0,0,32.69,28.32,1,26.171,40.748
1,876,17.52,pull,0.07578,0.07247,0.02217,0.0736,-0.0076,-10.34,26.56,0.2695,0.143,-1.01,1.036,7.225,0.0,0,31.38,46.71,1,27.452,49.078
2,876,17.52,pull,0.11569,0.11509,0.01177,0.11536,-0.0076,-12.17,58.27,0.2696,0.1588,-4.109,1.735,56.525,0.0,0,34.83,60.0,1,83.47,49.262
3,876,17.52,pull,0.10685,0.10587,0.0144,0.10582,-0.0076,-14.47,42.03,0.2583,0.1545,-1.782,1.689,29.044,0.0,0,35.41,60.0,1,42.173,43.925
0,877,17.54,pull,0.04485,0.04386,0.00941,0.04521,-0.0076,-10.85,43.33,0.268,0.1272,1.376,1.046,5.861,0.0,0,33.02,29.28,1,26.679,41.15
1,877,17.54,pull,0.07997,0.07631,0.0239,0.07749,-0.0076,-10.22,24.36,0.2681,0.1454,-1.262,1.051,8.336,0.0,0,31.43,49.12,1,27.671,50.361
2,877,17.54,pull,0.11732,0.11472,0.02456,0.1157,-0.0076,-12.41,60.97,0.2693,0.1602,-4.628,1.73,67.211,0.0,0,32.51,60.0,1,83.038,53.82
3,877,17.54,pull,0.10816,0.10668,0.01782,0.10667,-0.0076,-14.06,45.37,0.2553,0.1564,-2.257,1.658,37.334,0.0,0,34.99,60.0,1,43.951,45.441
0,878,17.56,pull,0.04628,0.04547,0.00866,0.04679,-0.0076,-10.58,42.73,0.2673,0.1294,1.281,1.044,5.959,0.0,0,33.46,30.25,1,27.269,41.381
1,878,17.56,pull,0.08423,0.08061,0.02442,0.08175,-0.0076,-10.17,21.9,0.2669,0.1479,-1.496,1.264,7.215,0.0,0,31.77,51.72,1,28.079,51.217
2,878,17.56,pull,0.1205,0.11462,0.03718,0.117,-0.0076,-12.5,64.48,0.2676,0.1608,-5.096,1.699,46.608,0.0,0,30.19,60.0,1,83.288,58.545
3,878,17.56,pull,0.10993,0.10773,0.02188,0.1078,-0.0076,-13.61,48.33,0.2525,0.1578,-2.746,1.729,24.39,0.0,0,34.5,60.0,1,45.564,47.104
0,879,17.58,pull,0.04794,0.04731,0.00778,0.04861,-0.0076,-10.42,42.02,0.2668,0.1317,1.171,1.035,5.709,0.0,0,33.93,31.34,1,27.894,41.557
1,879,17.58,pull,0.08827,0.08508,0.02352,0.0861,-0.0076,-10.18,20.15,0.2661,0.1505,-1.696,1.073,7.625,0.0,0,32.44,54.58,1,28.51,51.614
2,879,17.58,pull,0.12432,0.11458,0.04823,0.11894,-0.0076,-12.5,67.14,0.2653,0.1604,-5.544,1.13,36.5,0.0,0,27.89,60.0,1,82.071,63.403
3,879,17.58,pull,0.11101,0.10813,0.02512,0.10832,-0.0076,-13.12,51.56,0.2499,0.1588,-3.219,1.722,24.902,0.0,0,34.07,60.0,1,47.84,48.726
0,880,17.6,pull,0.04996,0.04946,0.00706,0.05072,-0.0076,-10.35,41.02,0.2661,0.134,1.041,0.931,5.532,0.0,0,34.38,32.6,1,28.511,41.777
1,880,17.6,pull,0.09228,0.08983,0.02112,0.09066,-0.0076,-10.27,18.54,0.2657,0.1534,-1.854,1.227,7.634,0.0,0,33.4,57.6,1,29.374,51.533
2,880,17.6,pull,0.12779,0.11397,0.05779,0.12046,-0.0076,-12.23,70.11,0.2631,0.1594,-6.012,1.205,36.873,0.0,0,25.94,60.0,1,81.62,67.862
3,880,17.6,pull,0.11207,0.10872,0.02723,0.10892,-0.0076,-12.63,54.82,0.2481,0.1596,-3.656,1.608,22.948,0.0,0,34.01,60.0,1,49.238,49.8
0,881,17.62,pull,0.0524,0.05197,0.00677,0.05317,-0.0076,-10.36,39.69,0.2653,0.1365,0.876,1.014,5.218,0.0,0,34.75,34.08,1,29.041,42.16
1,881,17.62,pull,0.09577,0.09412,0.01772,0.09472,-0.0076,-10.37,16.7,0.2656,0.1567,-1.992,1.503,6.087,0.0,0,34.54,60.0,1,30.341,51.05
2,881,17.62,pull,0.13046,0.11305,0.06511,0.12128,-0.0076,-11.67,73.27,0.2611,0.1583,-6.547,1.365,46.42,0.0,0,24.67,60.0,1,81.447,71.422
3,881,17.62,pull,0.11261,0.10937,0.02682,0.10943,-0.0076,-12.22,58.28,0.2471,0.1605,-4.034,1.699,34.487,0.0,0,34.43,60.0,1,50.77,50.131
0,882,17.64,pull,0.05534,0.05482,0.00752,0.05597,-0.0076,-10.38,38.05,0.2643,0.1388,0.667,1.063,5.195,0.0,0,34.88,35.72,1,29.423,42.946
1,882,17.64,pull,0.09541,0.09454,0.01281,0.09503,-0.0076,-10.3,14.58,0.2654,0.1601,-2.149,1.628,13.01,0.0,0,35.68,60.0,1,32.492,50.188
2,882,17.64,pull,0.1318,0.11224,0.06909,0.12155,-0.0076,-11.02,75.76,0.2595,0.1575,-7.188,1.347,49.743,0.0,0,24.0,60.0,1,81.438,74.152
3,882,17.64,pull,0.1133,0.11065,0.02436,0.11046,-0.0076,-12.02,61.04,0.2471,0.1616,-4.379,1.586,34.476,0.0,0,35.26,60.0,1,53.705,49.789
0,883,17.66,pull,0.05864,0.05789,0.0094,0.05897,-0.0076,-10.33,36.33,0.2629,0.1411,0.411,0.988,4.706,0.0,0,34.77,37.48,1,29.648,44.157
1,883,17.66,pull,0.09596,0.0954,0.01034,0.0958,-0.0076,-10.3,11.51,0.2646,0.1636,-2.403,1.62,14.421,0.0,0,36.43,60.0,1,33.606,49.912
2,883,17.66,pull,0.13147,0.11183,0.06912,0.12118,-0.0076,-10.3,75.4,0.2586,0.1575,-7.821,1.62,48.106,0.0,0,24.04,60.0,1,80.523,75.864
3,883,17.66,pull,0.11293,0.11114,0.02001,0.11073,-0.0076,-11.82,62.19,0.2484,0.163,-4.652,1.326,38.633,0.0,0,36.28,60.0,1,56.938,49.079
0,884,17.68,pull,0.0624,0.06123,0.01202,0.06228,-0.0076,-10.25,34.62,0.2613,0.1432,0.117,0.859,4.962,0.0,0,34.49,39.46,1,29.885,45.709
1,884,17.68,pull,0.09698,0.09641,0.01049,0.09677,-0.0076,-10.28,7.7,0.263,0.1669,-2.793,1.687,16.786,0.0,0,36.62,60.0,1,34.684,50.489
2,884,17.68,pull,0.12897,0.11232,0.06337,0.12007,-0.0076,-9.89,73.61,0.2579,0.1585,-8.332,1.629,47.868,0.0,0,25.31,60.0,1,79.409,75.655
3,884,17.68,pull,0.11247,0.1115,0.0147,0.11097,-0.0076,-11.76,62.25,0.2508,0.1649,-4.87,1.401,41.075,0.0,0,37.35,60.0,1,60.126,48.249
0,885,17.7,pull,0.06624,0.06459,0.0147,0.0656,-0.0076,-10.12,32.77,0.2596,0.1452,-0.193,0.905,5.104,0.0,0,34.23,41.41,1,30.1,47.288
1,885,17.7,pull,0.09836,0.09741,0.01363,0.09773,-0.0076,-10.25,3.76,0.2605,0.1697,-3.319,1.696,17.514,0.0,0,36.24,60.0,1,35.34,52.004
2,885,17.7,pull,0.12205,0.11135,0.04997,0.11705,-0.0076,-9.6,70.77,0.2574,0.1603,-8.656,1.716,0.0,0.0,0,27.38,60.0,1,80.265,74.106
3,885,17.7,pull,0.11264,0.11214,0.01068,0.11167,-0.0076,-11.9,61.53,0.2539,0.167,-5.094,1.048,45.465,0.0,0,37.94,60.0,1,63.434,48.125
0,886,17.72,pull,0.06984,0.06782,0.01666,0.06881,-0.0076,-9.93,30.83,0.2581,0.1472,-0.502,0.895,5.305,0.0,0,34.12,43.28,1,30.4,48.67
1,886,17.72,pull,0.10031,0.0984,0.01949,0.09878,-0.0076,-10.17,0.37,0.257,0.1716,-3.941,1.708,15.342,0.0,0,35.3,60.0,1,35.811,54.454
2,886,17.72,pull,0.10751,0.10364,0.02856,0.11034,-0.0076,-8.81,68.16,0.2573,0.1625,-8.642,1.73,0.0,0.0,0,28.92,60.0,1,83.862,73.238
3,886,17.72,pull,0.11284,0.11235,0.01051,0.11189,-0.0076,-12.05,60.62,0.2566,0.1692,-5.444,0.984,40.213,0.0,0,38.04,60.0,1,65.102,48.762
0,887,17.74,pull,0.07299,0.07087,0.01745,0.07182,-0.0076,-9.71,28.95,0.2569,0.1493,-0.79,1.05,5.458,0.0,0,34.27,45.02,1,30.893,49.661
1,887,17.74,pull,0.103,0.09945,0.0268,0.10008,-0.0076,-9.98,4.66,0.2528,0.1726,-4.611,1.73,14.214,0.0,0,34.07,60.0,1,36.049,57.455
2,887,17.74,pull,0.10411,0.10308,0.01459,0.11076,-0.0076,-9.24,65.82,0.2589,0.1661,-8.745,1.73,0.0,0.0,0,30.51,60.0,1,91.413,72.188
3,887,17.74,pull,0.1134,0.11249,0.01433,0.112,-0.0076,-12.17,60.14,0.2586,0.1714,-5.952,1.156,34.997,0.0,0,37.51,60.0,1,64.624,50.453
0,888,17.76,pull,0.07564,0.07388,0.01621,0.07474,-0.0076,-9.55,27.64,0.2562,0.1516,-1.042,1.043,6.265,0.0,0,34.88,46.84,1,31.414,49.936
1,888,17.76,pull,0.10591,0.10032,0.03394,0.10139,-0.0076,-9.64,9.15,0.2486,0.1726,-5.276,1.712,15.656,0.0,0,32.85,60.0,1,36.682,60.563
2,888,17.76,pull,0.10694,0.10627,0.01194,0.11223,-0.0076,-10.24,64.54,0.2625,0.1711,-9.118,1.73,0.0,0.0,0,31.99,60.0,1,88.478,71.211
3,888,17.76,pull,0.11621,0.11398,0.02269,0.11371,-0.0076,-12.58,60.04,0.2594,0.1728,-6.581,1.102,31.332,0.0,0,35.95,60.0,1,63.115,53.83
0,889,17.78,pull,0.07811,0.07701,0.01303,0.07779,-0.0076,-9.48,26.88,0.2561,0.1542,-1.254,1.009,6.738,0.0,0,35.9,48.79,1,32.305,49.556
1,889,17.78,pull,0.10895,0.10141,0.03981,0.10292,-0.0076,-9.22,13.76,0.245,0.1722,-5.908,1.73,18.012,0.0,0,31.91,60.0,1,37.448,63.312
2,889,17.78,pull,0.10772,0.10691,0.01319,0.11064,-0.0076,-11.37,62.64,0.2672,0.1767,-9.597,1.73,0.0,0.0,0,33.37,60.0,1,76.693,70.293
3,889,17.78,pull,0.11986,0.11469,0.03483,0.11502,-0.0076,-12.78,60.51,0.2585,0.1729,-7.216,1.059,33.885,0.0,0,33.96,60.0,1,59.368,58.033
0,890,17.8,pull,0.08083,0.08033,0.00895,0.08106,-0.0076,-9.47,26.26,0.2564,0.1571,-1.443,1.002,6.28,0.0,0,37.12,51.0,1,33.236,48.829
1,890,17.8,pull,0.11114,0.10248,0.04301,0.1042,-0.0076,-8.75,18.25,0.2423,0.1717,-6.439,1.729,19.269,0.0,0,31.55,60.0,1,38.938,65.236
2,890,17.8,pull,0.10698,0.10522,0.01934,0.10837,-0.0076,-12.04,60.57,0.2704,0.182,-9.986,1.349,66.202,0.0,0,32.98,60.0,1,66.18,72.116
3,890,17.8,pull,0.12362,0.11446,0.04672,0.11587,-0.0076,-12.53,62.01,0.2564,0.1721,-7.748,1.334,41.38,0.0,0,31.95,60.0,1,57.765,62.416
0,891,17.82,pull,0.08421,0.084,0.00595,0.08466,-0.0076,-9.51,24.87,0.2567,0.1603,-1.656,1.502,7.107,0.0,0,38.19,53.32,1,33.373,48.326
1,891,17.82,pull,0.11156,0.10352,0.04158,0.10493,-0.0076,-8.36,21.75,0.2409,0.1714,-6.768,1.704,16.069,0.0,0,32.14,60.0,1,40.519,65.697
2,891,17.82,pull,0.10932,0.10509,0.03011,0.10906,-0.0076,-12.3,60.95,0.2706,0.1868,-10.145,1.726,66.487,0.0,0,31.02,60.0,1,65.354,76.467
3,891,17.82,pull,0.1288,0.11544,0.05711,0.11836,-0.0076,-12.36,63.07,0.2536,0.1705,-8.207,1.124,33.209,0.0,0,29.92,60.0,1,58.474,66.953
0,892,17.84,pull,0.08815,0.08798,0.00553,0.08855,-0.0076,-9.59,22.56,0.2565,0.1636,-1.924,1.73,8.907,0.0,0,38.67,55.77,1,33.547,48.73
1,892,17.84,pull,0.10988,0.10461,0.03361,0.10516,-0.0076,-8.29,24.02,0.2405,0.1716,-6.876,1.706,20.175,0.0,0,34.01,60.0,1,42.632,64.055
2,892,17.84,pull,0.1126,0.10531,0.03987,0.11036,-0.0076,-12.13,63.13,0.2685,0.1903,-10.084,1.716,39.248,0.0,0,29.28,60.0,1,65.98,80.0
3,892,17.84,pull,0.13277,0.11531,0.06581,0.11984,-0.0076,-11.91,64.64,0.2509,0.1682,-8.626,1.088,48.863,0.0,0,28.25,60.0,1,59.478,71.093
0,893,17.86,pull,0.09251,0.09213,0.00836,0.09257,-0.0076,-9.62,19.15,0.2554,0.1669,-2.281,1.731,10.786,0.0,0,38.45,58.2,1,33.566,50.276
1,893,17.86,pull,0.10806,0.10556,0.02312,0.10553,-0.0076,-8.2,24.93,0.2405,0.1724,-6.888,1.725,28.136,0.0,0,36.21,60.0,1,45.789,61.747
2,893,17.86,pull,0.11539,0.10516,0.04749,0.11124,-0.0076,-11.68,66.94,0.2658,0.1934,-9.91,1.712,31.992,0.0,0,28.0,60.0,1,65.434,80.0
3,893,17.86,pull,0.13526,0.11505,0.07113,0.12052,-0.0076,-11.43,66.64,0.2486,0.1659,-9.061,1.059,52.672,0.0,0,27.52,60.0,1,59.434,73.893
0,894,17.88,pull,0.09649,0.09529,0.01516,0.09554,-0.0076,-9.8,15.51,0.2544,0.1682,-2.574,1.731,13.413,0.0,0,37.49,59.9,1,32.054,52.967
1,894,17.88,pull,0.10708,0.10644,0.01169,0.10636,-0.0076,-8.14,23.9,0.2413,0.1737,-6.945,1.212,27.589,0.0,0,38.42,60.0,1,51.317,59.26
2,894,17.88,pull,0.11784,0.10527,0.05295,0.11225,-0.0076,-11.16,71.41,0.2637,0.1969,-9.918,1.691,31.666,0.0,0,27.08,60.0,1,65.124,80.0
3,894,17.88,pull,0.1356,0.11477,0.07221,0.12024,-0.0076,-10.83,68.87,0.2469,0.1641,-9.42,1.063,51.281,0.0,0,27.75,60.0,1,60.311,75.272
0,895,17.9,pull,0.09958,0.09626,0.02552,0.09663,-0.0076,-9.68,11.76,0.2527,0.1683,-3.076,1.707,13.433,0.0,0,35.67,60.0,1,31.108,56.913
1,895,17.9,pull,0.10714,0.10713,0.00132,0.10742,-0.0076,-8.15,22.32,0.2433,0.1758,-7.062,1.665,29.342,0.0,0,40.4,60.0,1,58.361,56.999
2,895,17.9,pull,0.11974,0.10543,0.05675,0.11298,-0.0076,-10.56,75.86,0.2618,0.2011,-10.149,1.681,37.436,0.0,0,26.57,60.0,1,64.843,80.0
3,895,17.9,pull,0.13252,0.11443,0.06684,0.11847,-0.0076,-10.26,70.42,0.2455,0.1628,-9.606,1.072,47.594,0.0,0,29.33,60.0,1,61.232,74.543
0,896,17.92,pull,0.10399,0.09687,0.03781,0.09787,-0.0076,-9.42,8.28,0.2498,0.1678,-3.758,1.724,12.415,0.0,0,33.45,60.0,1,29.868,61.601
1,896,17.92,pull,0.10799,0.10792,-0.00387,0.10844,-0.0076,-8.52,23.3,0.248,0.1783,-7.154,1.731,21.875,0.0,0,41.62,60.0,1,65.168,55.841
2,896,17.92,pull,0.12141,0.10578,0.05961,0.11373,-0.0076,-9.8,79.57,0.2596,0.2058,-10.583,1.713,21.738,0.0,0,26.24,60.0,1,65.083,80.0
3,896,17.92,pull,0.12728,0.11433,0.05595,0.1167,-0.0076,-9.71,67.83,0.244,0.162,-9.557,1.326,38.463,0.0,0,31.18,60.0,1,63.675,73.276
0,897,17.94,pull,0.10871,0.09704,0.049,0.09912,-0.0076,-9.13,5.79,0.2465,0.1664,-4.511,1.73,12.418,0.0,0,31.37,60.0,1,29.12,66.238
1,897,17.94,pull,0.10777,0.10777,-0.00134,0.10784,-0.0076,-8.98,26.17,0.2525,0.181,-7.616,1.703,19.554,0.0,0,41.81,60.0,1,63.705,56.281
2,897,17.94,pull,0.12118,0.10543,0.05975,0.11334,-0.0076,-9.06,80.93,0.2568,0.2108,-11.208,1.683,21.779,0.0,0,26.41,60.0,1,64.601,80.0
3,897,17.94,pull,0.12306,0.11466,0.0447,0.11573,-0.0076,-9.32,64.7,0.2428,0.162,-9.5,1.371,43.414,0.0,0,33.07,60.0,1,66.887,71.799
0,898,17.96,pull,0.11335,0.09714,0.05841,0.10043,-0.0076,-8.9,2.74,0.2433,0.1644,-5.293,1.725,14.743,0.0,0,29.66,60.0,1,28.534,70.435
1,898,17.96,pull,0.10862,0.10816,0.01,0.10757,-0.0076,-9.82,29.77,0.2549,0.1833,-8.411,1.569,65.574,0.0,0,40.11,60.0,1,58.08,59.786
2,898,17.96,pull,0.12022,0.10575,0.05718,0.113,-0.0076,-8.44,81.27,0.254,0.2163,-11.877,1.691,26.927,0.0,0,27.12,60.0,1,64.539,80.0
3,898,17.96,pull,0.12037,0.11517,0.035,0.1154,-0.0076,-9.14,62.28,0.2425,0.163,-9.688,1.486,46.28,0.0,0,34.83,60.0,1,70.632,70.398
0,899,17.98,pull,0.11727,0.09753,0.06512,0.10181,-0.0076,-8.67,0.64,0.2407,0.1621,-6.053,1.723,15.748,0.0,0,28.51,60.0,1,28.462,73.896
1,899,17.98,pull,0.11156,0.10908,0.02339,0.10833,-0.0076,-10.44,32.31,0.2558,0.184,-9.212,1.73,22.904,0.0,0,37.92,60.0,1,52.873,64.198
2,899,17.98,pull,0.11756,0.10622,0.05037,0.11203,-0.0076,-7.91,80.03,0.2515,0.2219,-12.517,1.647,3.387,0.0,0,28.74,60.0,1,64.401,80.0
3,899,17.98,pull,0.11978,0.11599,0.02989,0.11593,-0.0076,-9.68,59.4,0.2453,0.1641,-9.949,1.377,29.094,0.0,0,35.8,60.0,1,72.849,70.148
0,900,18.0,pull,0.11911,0.09808,0.06759,0.10267,-0.0076,-8.32,3.11,0.239,0.1601,-6.649,1.71,15.398,0.0,0,28.24,60.0,1,28.784,76.095
1,900,18.0,pull,0.11507,0.10897,0.03696,0.10859,-0.0076,-10.7,36.71,0.2555,0.1833,-9.835,1.729,32.102,0.0,0,35.75,60.0,1,48.597,68.734
2,900,18.0,pull,0.11284,0.1057,0.03949,0.1107,-0.0076,-7.64,76.52,0.2496,0.2273,-13.086,1.73,0.0,0.0,0,30.62,60.0,1,67.078,80.0
3,900,18.0,pull,0.11906,0.11581,0.02764,0.11562,-0.0076,-10.1,56.4,0.2499,0.1664,-10.189,1.438,35.681,0.0,0,36.34,60.0,1,74.338,70.535
0,901,18.02,pull,0.11695,0.09881,0.06255,0.10238,-0.0076,-8.24,3.29,0.2374,0.1586,-6.954,1.73,13.907,0.0,0,29.49,60.0,1,29.449,75.966
1,901,18.02,pull,0.12013,0.1096,0.04919,0.11021,-0.0076,-10.77,41.58,0.2546,0.1818,-10.382,1.698,31.319,0.0,0,33.61,60.0,1,48.883,73.395
2,901,18.02,pull,0.11025,0.10674,0.02758,0.11231,-0.0076,-7.61,72.01,0.2485,0.2328,-13.836,1.73,0.0,0.0,0,32.08,60.0,1,80.851,80.0
3,901,18.02,pull,0.12158,0.117,0.03304,0.11716,-0.0076,-11.17,55.66,0.2532,0.1693,-10.468,0.987,41.796,0.0,0,35.4,60.0,1,73.367,73.255
0,902,18.04,pull,0.11136,0.09842,0.05211,0.10053,-0.0076,-7.93,2.34,0.2358,0.1582,-7.055,1.721,21.734,0.0,0,31.68,60.0,1,30.396,74.273
1,902,18.04,pull,0.12567,0.11051,0.05984,0.11251,-0.0076,-10.64,46.27,0.2535,0.1797,-10.857,1.433,30.902,0.0,0,31.62,60.0,1,50.901,77.954
2,902,18.04,pull,0.11348,0.11165,0.02034,0.11698,-0.0076,-8.2,67.05,0.2493,0.2386,-14.864,1.73,0.0,0.0,0,33.39,60.0,1,92.834,80.0
3,902,18.04,pull,0.1274,0.11843,0.04696,0.11941,-0.0076,-12.09,56.71,0.2541,0.1714,-10.748,1.715,15.98,0.0,0,33.35,60.0,1,67.103,77.806
0,903,18.06,pull,0.10573,0.09747,0.04096,0.09855,-0.0076,-7.29,1.48,0.2347,0.1593,-7.263,1.717,17.623,0.0,0,33.9,60.0,1,33.101,72.366
1,903,18.06,pull,0.13036,0.11092,0.0685,0.11426,-0.0076,-10.27,50.77,0.2524,0.1775,-11.3,1.669,43.333,0.0,0,30.16,60.0,1,51.974,80.0
2,903,18.06,pull,0.11503,0.11372,0.01732,0.11812,-0.0076,-8.65,62.91,0.2525,0.2446,-15.761,1.73,0.0,0.0,0,34.55,60.0,1,95.896,80.0
3,903,18.06,pull,0.13283,0.11844,0.06014,0.12066,-0.0076,-12.5,59.28,0.2535,0.1724,-10.96,1.666,29.019,0.0,0,31.38,60.0,1,61.529,80.0
0,904,18.08,pull,0.10135,0.09671,0.03032,0.09714,-0.0076,-6.79,6.34,0.2351,0.1625,-7.648,1.699,10.16,0.0,0,36.08,60.0,1,36.315,70.338
1,904,18.08,pull,0.13428,0.11123,0.07522,0.11575,-0.0076,-9.71,54.89,0.2512,0.1756,-11.822,1.676,36.35,0.0,0,29.12,60.0,1,52.758,80.0
2,904,18.08,pull,0.11705,0.11541,0.01951,0.11786,-0.0076,-9.01,60.84,0.257,0.2499,-16.446,1.73,0.0,0.0,0,35.61,60.0,1,91.59,80.0
3,904,18.08,pull,0.13842,0.11809,0.07221,0.12215,-0.0076,-12.38,62.04,0.2521,0.1727,-11.056,1.712,45.754,0.0,0,29.42,60.0,1,59.457,80.0
0,905,18.1,pull,0.09896,0.09676,0.02076,0.0969,-0.0076,-6.52,9.7,0.2376,0.1675,-8.01,1.722,6.225,0.0,0,38.12,60.0,1,39.537,68.372
1,905,18.1,pull,0.13704,0.11155,0.07961,0.11688,-0.0076,-9.15,57.34,0.2502,0.1744,-12.415,1.729,43.024,0.0,0,28.52,60.0,1,52.862,80.0
2,905,18.1,pull,0.11581,0.11374,0.0218,0.11473,-0.0076,-9.7,59.66,0.2607,0.2543,-16.65,1.73,0.0,0.0,0,36.6,60.0,1,78.646,80.0
3,905,18.1,pull,0.14327,0.11818,0.08099,0.1241,-0.0076,-12.25,64.8,0.2504,0.1727,-11.189,0.922,40.682,0.0,0,27.83,60.0,1,60.033,80.0
0,906,18.12,pull,0.09931,0.0982,0.01481,0.0981,-0.0076,-6.96,8.9,0.2415,0.1739,-8.479,1.716,3.495,0.0,0,39.77,60.0,1,40.08,66.907
1,906,18.12,pull,0.13741,0.11127,0.08062,0.11663,-0.0076,-8.57,58.77,0.2497,0.1741,-13.022,1.308,39.928,0.0,0,28.64,60.0,1,53.469,80.0
2,906,18.12,pull,0.115,0.1114,0.02856,0.11229,-0.0076,-9.83,60.37,0.2616,0.2577,-16.534,1.153,98.58,0.0,0,35.76,58.9,1,63.823,80.0
3,906,18.12,pull,0.14711,0.11765,0.08832,0.12548,-0.0076,-11.97,67.22,0.2485,0.1729,-11.409,1.068,44.178,0.0,0,26.45,60.0,1,61.316,80.0
0,907,18.14,pull,0.09972,0.09825,0.01708,0.09775,-0.0076,-7.75,5.24,0.2438,0.1809,-9.082,1.73,8.74,0.0,0,39.97,60.0,1,35.6,67.679
1,907,18.14,pull,0.13482,0.1118,0.07535,0.11577,-0.0076,-8.43,57.63,0.2499,0.1746,-13.517,1.618,22.683,0.0,0,29.94,60.0,1,53.766,80.0
2,907,18.14,pull,0.12103,0.11428,0.03985,0.1162,-0.0076,-9.62,62.63,0.26,0.2608,-16.273,1.549,19.097,0.0,0,33.58,60.0,1,65.837,80.0
3,907,18.14,pull,0.15016,0.11723,0.09383,0.12648,-0.0076,-11.65,70.32,0.2465,0.1736,-11.776,1.609,46.879,0.0,0,25.63,60.0,1,61.382,80.0
0,908,18.16,pull,0.10549,0.10218,0.0262,0.10165,-0.0076,-8.89,1.38,0.2444,0.1872,-9.81,1.73,0.0,0.0,0,38.49,60.0,1,34.047,71.136
1,908,18.16,pull,0.13047,0.11333,0.06465,0.11534,-0.0076,-8.72,54.39,0.2503,0.1756,-13.92,1.732,38.99,0.0,0,31.96,60.0,1,56.497,80.0
2,908,18.16,pull,0.12491,0.11525,0.04817,0.11792,-0.0076,-9.13,66.53,0.2575,0.2633,-16.027,1.299,37.557,0.0,0,32.2,60.0,1,67.361,80.0
3,908,18.16,pull,0.15192,0.11665,0.09734,0.12691,-0.0076,-11.28,71.12,0.2443,0.1752,-12.233,1.558,45.607,0.0,0,25.1,60.0,1,61.421,80.0
0,909,18.18,pull,0.11105,0.10464,0.03718,0.10443,-0.0076,-9.05,3.22,0.2441,0.192,-10.548,1.725,0.0,0.0,0,36.45,60.0,1,37.323,75.576
1,909,18.18,pull,0.12535,0.11369,0.0528,0.11417,-0.0076,-8.84,50.03,0.2511,0.1771,-14.337,1.73,38.592,0.0,0,34.08,60.0,1,57.072,80.0
2,909,18.18,pull,0.12627,0.11463,0.05295,0.11809,-0.0076,-8.36,71.48,0.2554,0.266,-15.954,1.732,5.92,0.0,0,31.31,60.0,1,66.57,80.0
3,909,18.18,pull,0.15244,0.11607,0.09883,0.12669,-0.0076,-10.75,70.91,0.2423,0.1775,-12.689,1.546,34.981,0.0,0,24.98,60.0,1,60.444,80.0
0,910,18.2,pull,0.11552,0.10575,0.0465,0.10627,-0.0076,-8.86,8.52,0.2439,0.1959,-11.228,1.725,9.717,0.0,0,34.59,60.0,1,39.032,79.882
1,910,18.2,pull,0.122,0.11423,0.04285,0.11381,-0.0076,-9.03,45.63,0.2533,0.1795,-14.906,1.74,36.261,0.0,0,35.92,60.0,1,59.618,80.0
2,910,18.2,pull,0.12702,0.11434,0.05531,0.11811,-0.0076,-7.5,76.63,0.2536,0.2692,-16.012,1.624,16.623,0.0,0,31.01,60.0,1,66.244,80.0
3,910,18.2,pull,0.15032,0.11565,0.09603,0.12525,-0.0076,-10.11,69.07,0.2407,0.1805,-13.08,1.458,37.514,0.0,0,25.72,60.0,1,58.522,80.0
0,911,18.22,pull,0.11916,0.10659,0.05327,0.10775,-0.0076,-8.95,13.83,0.2443,0.1996,-11.975,1.72,14.287,0.0,0,33.39,60.0,1,40.428,80.0
1,911,18.22,pull,0.12047,0.1155,0.03423,0.11456,-0.0076,-9.64,42.94,0.2573,0.1829,-15.551,1.585,17.083,0.0,0,37.57,60.0,1,63.324,80.0
2,911,18.22,pull,0.1266,0.11352,0.05604,0.11748,-0.0076,-6.49,80.83,0.252,0.2728,-16.186,1.744,13.555,0.0,0,30.95,60.0,1,65.267,80.0
3,911,18.22,pull,0.14433,0.11522,0.08692,0.12229,-0.0076,-9.52,66.3,0.2394,0.1839,-13.351,1.531,41.121,0.0,0,27.65,60.0,1,57.191,80.0
0,912,18.24,pull,0.12243,0.10767,0.05828,0.10923,-0.0076,-9.1,19.06,0.2452,0.2037,-12.781,1.73,2.886,0.0,0,32.71,60.0,1,41.404,80.0
1,912,18.24,pull,0.11916,0.1158,0.0281,0.11455,-0.0076,-10.32,41.69,0.2625,0.1872,-16.072,1.71,52.987,0.0,0,38.92,59.82,1,65.163,80.0
2,912,18.24,pull,0.12627,0.11306,0.05623,0.11708,-0.0076,-5.47,82.65,0.2501,0.2766,-16.45,1.664,14.061,0.0,0,31.02,60.0,1,64.888,80.0
3,912,18.24,pull,0.13811,0.11702,0.07336,0.12223,-0.0076,-9.41,63.31,0.2382,0.1879,-13.611,1.494,29.363,0.0,0,29.32,60.0,1,63.036,80.0
0,913,18.26,pull,0.12535,0.10866,0.06249,0.11059,-0.0076,-9.08,24.33,0.2461,0.2083,-13.612,1.73,5.118,0.0,0,32.18,60.0,1,42.343,80.0
1,913,18.26,pull,0.12074,0.11657,0.03144,0.11527,-0.0076,-10.97,42.8,0.2657,0.1925,-16.453,1.729,36.043,0.0,0,38.55,60.0,1,67.187,80.0
2,913,18.26,pull,0.12572,0.11302,0.05506,0.11683,-0.0076,-4.79,81.56,0.2481,0.2805,-16.782,1.674,8.644,0.0,0,31.37,60.0,1,64.78,80.0
3,913,18.26,pull,0.13297,0.11843,0.06045,0.12178,-0.0076,-9.51,59.63,0.2387,0.1934,-14.133,1.729,19.899,0.0,0,31.41,60.0,1,68.38,80.0
0,914,18.28,pull,0.12746,0.10932,0.06554,0.11152,-0.0076,-8.85,29.69,0.2466,0.2136,-14.413,1.723,24.852,0.0,0,31.87,60.0,1,43.586,80.0
1,914,18.28,pull,0.12505,0.11804,0.04126,0.11723,-0.0076,-11.66,44.7,0.2664,0.1974,-16.859,1.724,13.562,0.0,0,36.87,60.0,1,65.31,80.0
2,914,18.28,pull,0.12432,0.11303,0.05177,0.11624,-0.0076,-4.38,78.96,0.2461,0.2844,-17.212,1.676,5.435,0.0,0,32.21,60.0,1,64.663,80.0
3,914,18.28,pull,0.12763,0.1177,0.04936,0.11961,-0.0076,-9.56,57.06,0.2415,0.2004,-14.655,1.73,10.781,0.0,0,33.53,60.0,1,70.743,80.0
0,915,18.3,pull,0.12786,0.1098,0.06551,0.11181,-0.0076,-8.46,31.84,0.247,0.2194,-15.143,1.639,21.744,0.0,0,32.14,60.0,1,44.263,80.0
1,915,18.3,pull,0.12998,0.11903,0.0522,0.11907,-0.0076,-11.83,47.47,0.2655,0.2006,-17.16,1.711,16.548,0.0,0,35.0,60.0,1,63.731,80.0
2,915,18.3,pull,0.122,0.11313,0.04566,0.11532,-0.0076,-3.87,78.15,0.2446,0.2881,-17.701,1.286,5.009,0.0,0,33.71,60.0,1,64.677,80.0
3,915,18.3,pull,0.12366,0.11694,0.04022,0.1176,-0.0076,-9.83,54.94,0.2463,0.2081,-14.878,1.73,0.0,0.0,0,35.59,60.0,1,72.345,80.0
0,916,18.32,pull,0.1253,0.10979,0.06039,0.11091,-0.0076,-8.16,29.92,0.2475,0.2256,-15.738,1.557,9.084,0.0,0,33.36,60.0,1,43.645,80.0
1,916,18.32,pull,0.13532,0.11985,0.06283,0.12115,-0.0076,-11.63,50.75,0.2629,0.2023,-17.28,1.555,17.318,0.0,0,33.1,60.0,1,63.452,80.0
2,916,18.32,pull,0.11534,0.11018,0.03411,0.11184,-0.0076,-3.49,79.38,0.2436,0.2914,-18.227,1.216,2.398,0.0,0,35.79,60.0,1,64.221,80.0
3,916,18.32,pull,0.12218,0.11677,0.03596,0.11685,-0.0076,-10.45,52.84,0.251,0.216,-14.894,1.698,27.908,0.0,0,36.72,60.0,1,72.327,80.0
0,917,18.34,pull,0.11992,0.10949,0.04891,0.10957,-0.0076,-8.25,26.22,0.2483,0.2321,-16.23,1.604,19.017,0.0,0,35.46,60.0,1,44.39,80.0
1,917,18.34,pull,0.14139,0.12119,0.07284,0.12406,-0.0076,-11.36,53.97,0.2593,0.2035,-17.317,1.103,20.997,0.0,0,31.21,60.0,1,64.61,80.0
2,917,18.34,pull,0.10993,0.10804,0.02026,0.11142,-0.0076,-3.77,78.09,0.2429,0.2941,-18.632,1.502,0.0,0.0,0,37.14,60.0,1,74.269,80.0
3,917,18.34,pull,0.12554,0.11836,0.04182,0.1189,-0.0076,-11.18,51.36,0.2531,0.2238,-14.779,1.259,0.0,0.0,0,35.72,60.0,1,72.741,80.0
0,918,18.36,pull,0.11529,0.10934,0.03657,0.10903,-0.0076,-8.29,22.54,0.2497,0.2396,-16.968,1.73,18.922,0.0,0,37.53,60.0,1,48.544,80.0
1,918,18.36,pull,0.14727,0.12227,0.08208,0.12694,-0.0076,-10.89,57.31,0.2558,0.2048,-17.49,1.092,24.78,0.0,0,29.41,60.0,1,66.451,80.0
2,918,18.36,pull,0.11058,0.11008,0.01057,0.11444,-0.0076,-4.33,76.19,0.243,0.2967,-19.163,1.724,0.0,0.0,0,38.44,60.0,1,88.952,80.0
3,918,18.36,pull,0.13239,0.12193,0.05157,0.12353,-0.0076,-12.08,52.6,0.2531,0.2306,-14.405,1.731,10.457,0.0,0,33.9,60.0,1,70.847,80.0
0,919,18.38,pull,0.11195,0.10901,0.02547,0.10853,-0.0076,-8.44,18.79,0.2528,0.249,-17.905,1.725,22.9,0.0,0,39.7,60.0,1,51.745,80.0
1,919,18.38,pull,0.15187,0.12204,0.09039,0.12853,-0.0076,-10.09,60.77,0.2525,0.2066,-17.908,1.218,39.669,0.0,0,27.97,60.0,1,67.499,80.0
2,919,18.38,pull,0.11448,0.11439,0.00447,0.11893,-0.0076,-5.44,74.49,0.2444,0.2993,-19.881,1.728,0.0,0.0,0,39.56,60.0,1,99.335,80.0
3,919,18.38,pull,0.13755,0.1237,0.06015,0.12623,-0.0076,-12.24,55.9,0.2521,0.236,-13.76,1.729,19.998,0.0,0,32.48,60.0,1,71.908,80.0
0,920,18.4,pull,0.10991,0.10879,0.0157,0.10867,-0.0076,-8.83,13.97,0.2579,0.2594,-18.501,1.712,25.559,0.0,0,41.5,60.0,1,55.536,80.0
1,920,18.4,pull,0.15556,0.12191,0.09663,0.12984,-0.0076,-9.26,64.13,0.2496,0.2089,-18.53,1.282,45.654,0.0,0,27.06,60.0,1,67.595,80.0
2,920,18.4,pull,0.11808,0.11807,0.00147,0.12218,-0.0076,-6.67,72.54,0.2476,0.3018,-20.513,1.729,0.0,0.0,0,40.52,60.0,1,103.834,80.0
3,920,18.4,pull,0.13968,0.1235,0.06524,0.12661,-0.0076,-11.89,60.07,0.251,0.2407,-13.209,1.718,30.189,0.0,0,31.77,60.0,1,71.15,80.0
0,921,18.42,pull,0.10722,0.1069,0.00834,0.10693,-0.0076,-8.77,10.23,0.2638,0.2694,-18.92,1.729,0.0,0.0,0,43.11,60.0,1,58.704,80.0
1,921,18.42,pull,0.15683,0.12125,0.09946,0.1299,-0.0076,-8.37,65.05,0.247,0.2118,-19.24,1.076,44.271,0.0,0,26.73,60.0,1,66.382,80.0
2,921,18.42,pull,0.11709,0.11699,0.00474,0.11913,-0.0076,-6.9,72.21,0.2515,0.3039,-20.889,1.73,0.0,0.0,0,41.41,60.0,1,95.13,80.0
3,921,18.42,pull,0.1405,0.12308,0.06775,0.12642,-0.0076,-11.46,64.82,0.2503,0.2455,-12.883,1.712,35.816,0.0,0,31.56,60.0,1,70.224,80.0
0,922,18.44,pull,0.1054,0.10525,0.00552,0.1051,-0.0076,-8.86,8.91,0.2679,0.2786,-19.175,1.73,9.789,0.0,0,44.21,60.0,1,57.904,80.0
1,922,18.44,pull,0.15496,0.12014,0.09787,0.12838,-0.0076,-7.52,62.99,0.2451,0.2149,-19.931,1.21,22.344,0.0,0,27.18,60.0,1,64.3,80.0
2,922,18.44,pull,0.1121,0.11165,0.01001,0.11186,-0.0076,-6.85,74.17,0.2532,0.3051,-20.995,1.701,0.0,0.0,0,42.4,60.0,1,72.57,80.0
3,922,18.44,pull,0.14062,0.12245,0.06914,0.12588,-0.0076,-10.89,69.9,0.2493,0.2506,-12.712,1.711,41.554,0.0,0,31.53,60.0,1,69.392,80.0
0,923,18.46,pull,0.11057,0.10987,0.01243,0.1094,-0.0076,-9.55,9.45,0.269,0.2872,-19.189,1.732,2.908,0.0,0,43.06,60.0,1,56.477,80.0
1,923,18.46,pull,0.15032,0.11914,0.09166,0.12581,-0.0076,-6.77,59.78,0.2439,0.2181,-20.535,1.192,15.705,0.0,0,28.54,60.0,1,62.907,80.0
2,923,18.46,pull,0.10852,0.10703,0.01795,0.10688,-0.0076,-6.02,77.36,0.253,0.3056,-21.139,1.73,91.467,0.0,0,41.23,58.07,1,56.326,80.0
3,923,18.46,pull,0.14042,0.12212,0.0693,0.12542,-0.0076,-10.29,72.56,0.2477,0.256,-12.651,1.694,38.09,0.0,0,31.71,60.0,1,68.752,80.0
0,924,18.48,release,0.11631,0.1144,0.02096,0.11631,-0.0076,-9.62,11.29,0.2687,0.2946,-19.002,1.73,0.0,0.0,0,41.55,60.0,0,0.0,0.0
1,924,18.48,release,0.14485,0.12005,0.08106,0.14485,-0.0076,-6.66,56.18,0.2436,0.2212,-21.007,1.401,26.393,0.0,0,30.69,60.0,0,0.0,0.0
2,924,18.48,release,0.1099,0.10713,0.02452,0.1099,-0.0076,-5.29,78.69,0.2513,0.3064,-21.214,1.473,28.198,0.0,0,39.36,57.22,0,0.0,0.0
3,924,18.48,release,0.13936,0.12163,0.06801,0.13936,-0.0076,-9.51,73.17,0.2453,0.2614,-12.665,1.607,39.127,0.0,0,31.98,60.0,0,0.0,0.0
0,925,18.5,release,0.12698,0.12401,0.02731,0.12698,-0.00711,-10.45,14.09,0.2666,0.3011,-18.634,1.73,0.0,0.0,0,39.27,57.1,0,0.0,0.0
1,925,18.5,release,0.13577,0.11907,0.06523,0.13577,-0.00711,-7.21,53.82,0.2459,0.2257,-21.467,1.73,0.0,0.0,0,30.94,56.91,0,0.0,0.0
2,925,18.5,release,0.11286,0.11034,0.02368,0.11286,-0.00711,-6.07,80.62,0.2493,0.3071,-21.345,1.73,0.0,0.0,0,37.12,53.98,0,0.0,0.0
3,925,18.5,release,0.13897,0.12533,0.06004,0.13897,-0.00711,-10.67,71.3,0.2426,0.2669,-12.852,1.73,0.0,0.0,0,30.72,56.67,0,0.0,0.0
0,926,18.52,release,0.14493,0.14212,0.02841,0.14493,-0.00662,-12.83,17.66,0.2628,0.3065,-18.309,1.73,0.0,0.0,0,36.98,53.66,0,0.0,0.0
1,926,18.52,release,0.12729,0.11785,0.0481,0.12729,-0.00662,-7.99,51.06,0.2503,0.2317,-21.574,1.73,0.0,0.0,0,28.76,53.47,0,0.0,0.0
2,926,18.52,release,0.11352,0.1125,0.01519,0.11352,-0.00662,-7.62,80.22,0.2475,0.3078,-21.376,1.73,0.0,0.0,0,34.83,50.54,0,0.0,0.0
3,926,18.52,release,0.14141,0.13213,0.05036,0.14141,-0.00662,-12.48,66.6,0.2403,0.2717,-13.029,1.73,0.0,0.0,0,28.43,53.24,0,0.0,0.0
0,927,18.54,release,0.16025,0.15851,0.02352,0.16025,-0.00613,-14.86,21.33,0.2583,0.311,-18.027,1.73,0.0,0.0,0,34.69,50.22,0,0.0,0.0
1,927,18.54,release,0.12079,0.11556,0.03517,0.12079,-0.00613,-8.56,49.9,0.2546,0.2385,-21.361,1.729,0.0,0.0,0,26.46,50.03,0,0.0,0.0
2,927,18.54,release,0.11505,0.11478,0.00789,0.11505,-0.00613,-8.46,79.15,0.2461,0.308,-21.159,1.729,0.0,0.0,0,32.53,47.11,0,0.0,0.0
3,927,18.54,release,0.14843,0.14155,0.04465,0.14843,-0.00613,-14.0,65.55,0.2387,0.275,-13.058,1.147,0.0,0.0,0,26.14,49.8,0,0.0,0.0
0,928,18.56,release,0.17307,0.17231,0.01623,0.17307,-0.00564,-16.32,25.09,0.2538,0.3149,-17.691,1.728,0.0,0.0,0,32.39,46.79,0,0.0,0.0
1,928,18.56,release,0.12123,0.11786,0.02839,0.12123,-0.00564,-9.63,51.3,0.2583,0.2455,-21.116,1.73,0.0,0.0,0,24.17,46.59,0,0.0,0.0
2,928,18.56,release,0.11594,0.11592,0.00248,0.11594,-0.00564,-8.72,78.66,0.2455,0.3076,-20.831,1.729,0.0,0.0,0,30.24,43.67,0,0.0,0.0
3,928,18.56,release,0.15547,0.15013,0.04039,0.15547,-0.00564,-15.14,67.1,0.2378,0.2769,-12.897,1.727,0.0,0.0,0,23.85,46.36,0,0.0,0.0
0,929,18.58,release,0.18463,0.18442,0.00888,0.18463,-0.00515,-17.33,28.74,0.2496,0.3184,-17.285,1.727,0.0,0.0,0,30.1,43.36,0,0.0,0.0
1,929,18.58,release,0.12382,0.12185,0.02201,0.12382,-0.00515,-10.96,53.34,0.261,0.2521,-20.853,1.729,0.0,0.0,0,21.88,43.16,0,0.0,0.0
2,929,18.58,release,0.11558,0.11556,-0.00199,0.11558,-0.00515,-8.7,78.49,0.2455,0.307,-20.479,1.729,0.0,0.0,0,27.95,40.25,0,0.0,0.0
3,929,18.58,release,0.16013,0.15606,0.03589,0.16013,-0.00515,-15.86,67.57,0.2373,0.2775,-12.591,1.656,0.0,0.0,0,21.56,42.93,0,0.0,0.0
0,930,18.6,release,0.19437,0.19437,0.00132,0.19437,-0.00466,-18.04,32.28,0.2459,0.3213,-16.887,1.727,0.0,0.0,0,27.81,39.93,0,0.0,0.0
1,930,18.6,release,0.12504,0.12431,0.01344,0.12504,-0.00466,-12.08,56.13,0.2626,0.2581,-20.447,1.727,0.0,0.0,0,19.59,39.74,0,0.0,0.0
2,930,18.6,release,0.11376,0.1136,-0.0061,0.11376,-0.00466,-8.48,78.5,0.2461,0.3061,-20.097,1.728,0.0,0.0,0,25.66,36.84,0,0.0,0.0
3,930,18.6,release,0.16171,0.15897,0.02964,0.16171,-0.00466,-16.31,66.76,0.2373,0.2775,-12.204,1.326,0.0,0.0,0,19.26,39.51,0,0.0,0.0
0,931,18.62,release,0.20194,0.20183,-0.00667,0.20194,-0.00417,-18.45,35.91,0.2426,0.3238,-16.543,1.727,0.0,0.0,0,25.52,36.52,0,0.0,0.0
1,931,18.62,release,0.12386,0.12383,0.00271,0.12386,-0.00417,-12.67,59.6,0.2624,0.2632,-19.836,1.721,0.0,0.0,0,17.29,36.33,0,0.0,0.0
2,931,18.62,release,0.11039,0.1099,-0.01038,0.11039,-0.00417,-7.97,79.07,0.247,0.305,-19.66,1.728,0.0,0.0,0,23.37,33.44,0,0.0,0.0
3,931,18.62,release,0.15942,0.15811,0.02039,0.15942,-0.00417,-16.47,67.16,0.2375,0.2772,-11.756,1.532,0.0,0.0,0,16.97,36.1,0,0.0,0.0
0,932,18.64,release,0.20721,0.20664,-0.01532,0.20721,-0.00368,-18.55,39.72,0.2401,0.3259,-16.237,1.727,0.0,0.0,0,23.23,33.13,0,0.0,0.0
1,932,18.64,release,0.12098,0.12066,-0.00886,0.12098,-0.00368,-12.59,62.94,0.2606,0.2674,-19.048,1.722,0.0,0.0,0,15.0,32.94,0,0.0,0.0
2,932,18.64,release,0.10583,0.10475,-0.01511,0.10583,-0.00368,-7.15,80.28,0.2483,0.3037,-19.185,1.706,0.0,0.0,0,21.07,30.06,0,0.0,0.0
3,932,18.64,release,0.15453,0.15424,0.00952,0.15453,-0.00368,-16.31,68.06,0.238,0.2769,-11.225,1.515,0.0,0.0,0,14.68,32.71,0,0.0,0.0
0,933,18.66,release,0.21019,0.20873,-0.02474,0.21019,-0.00319,-18.34,43.65,0.2382,0.3278,-15.936,1.728,0.0,0.0,0,20.93,29.75,0,0.0,0.0
1,933,18.66,release,0.11784,0.11608,-0.02027,0.11784,-0.00319,-12.07,64.3,0.2573,0.2709,-18.178,1.624,0.0,0.0,0,12.71,29.56,0,0.0,0.0
2,933,18.66,release,0.10174,0.09935,-0.02193,0.10174,-0.00319,-6.45,81.15,0.25,0.3023,-18.725,1.06,0.0,0.0,0,18.78,26.72,0,0.0,0.0
3,933,18.66,release,0.14843,0.14842,-0.00099,0.14843,-0.00319,-15.86,67.79,0.2386,0.2766,-10.626,1.039,0.0,0.0,0,12.39,29.33,0,0.0,0.0
0,934,18.68,release,0.21085,0.20831,-0.03257,0.21085,-0.0027,-17.76,47.73,0.237,0.3297,-15.598,1.729,0.0,0.0,0,18.64,26.41,0,0.0,0.0
1,934,18.68,release,0.11519,0.111,-0.03079,0.11519,-0.0027,-11.26,62.84,0.2531,0.2737,-17.389,1.615,0.0,0.0,0,10.42,26.22,0,0.0,0.0
2,934,18.68,release,0.10104,0.09566,-0.03252,0.10104,-0.0027,-6.34,81.96,0.2517,0.3009,-18.299,1.22,0.0,0.0,0,16.49,23.43,0,0.0,0.0
3,934,18.68,release,0.14176,0.14148,-0.00885,0.14176,-0.0027,-15.11,66.9,0.2395,0.2764,-9.982,1.703,0.0,0.0,0,10.1,26.0,0,0.0,0.0
0,935,18.7,release,0.20943,0.20601,-0.03767,0.20943,-0.00221,-17.03,50.69,0.2366,0.3317,-15.257,1.73,0.0,0.0,0,16.35,23.13,0,0.0,0.0
1,935,18.7,release,0.11271,0.10517,-0.04053,0.11271,-0.00221,-10.14,60.82,0.2484,0.276,-16.755,1.616,0.0,0.0,0,8.13,22.95,0,0.0,0.0
2,935,18.7,release,0.10107,0.0921,-0.04163,0.10107,-0.00221,-6.38,81.96,0.2534,0.2997,-17.806,0.583,0.0,0.0,0,14.2,20.29,0,0.0,0.0
3,935,18.7,release,0.13439,0.13349,-0.01552,0.13439,-0.00221,-14.28,64.75,0.2405,0.2761,-9.354,1.698,0.0,0.0,0,7.8,22.73,0,0.0,0.0
0,936,18.72,release,0.20613,0.20153,-0.0433,0.20613,-0.00172,-16.11,53.12,0.2366,0.3338,-15.005,1.73,0.0,0.0,0,14.06,20.02,0,0.0,0.0
1,936,18.72,release,0.11044,0.09849,-0.04998,0.11044,-0.00172,-8.79,59.11,0.2437,0.2778,-16.252,1.619,0.0,0.0,0,5.83,19.85,0,0.0,0.0
2,936,18.72,release,0.10127,0.08955,-0.0473,0.10127,-0.00172,-6.67,81.66,0.2547,0.2989,-17.279,1.031,0.0,0.0,0,11.9,17.44,0,0.0,0.0
3,936,18.72,release,0.12631,0.12438,-0.02199,0.12631,-0.00172,-13.33,63.89,0.2414,0.2757,-8.778,1.693,0.0,0.0,0,5.51,19.65,0,0.0,0.0
0,937,18.74,release,0.20153,0.19491,-0.05125,0.20153,-0.00123,-14.91,56.09,0.237,0.336,-14.802,1.73,0.0,0.0,0,11.76,17.19,0,0.0,0.0
1,937,18.74,release,0.10922,0.0914,-0.05979,0.10922,-0.00123,-7.28,59.75,0.239,0.2796,-15.821,1.624,0.0,0.0,0,3.54,17.04,0,0.0,0.0
2,937,18.74,release,0.09867,0.08543,-0.04938,0.09867,-0.00123,-6.66,82.0,0.2557,0.2982,-16.76,0.67,0.0,0.0,0,9.61,14.85,0,0.0,0.0
3,937,18.74,release,0.11802,0.11441,-0.02899,0.11802,-0.00123,-12.37,62.88,0.2422,0.2752,-8.257,1.447,0.0,0.0,0,3.22,16.86,0,0.0,0.0
0,938,18.76,release,0.19798,0.18858,-0.06029,0.19798,-0.00074,-13.97,59.08,0.2373,0.3381,-14.554,1.73,0.0,0.0,0,9.47,14.62,0,0.0,0.0
1,938,18.76,release,0.10942,0.08403,-0.07009,0.10942,-0.00074,-5.59,61.16,0.2348,0.2813,-15.437,1.624,0.0,0.0,0,1.25,14.49,0,0.0,0.0
2,938,18.76,release,0.09287,0.07996,-0.04724,0.09287,-0.00074,-6.41,81.0,0.2564,0.2978,-16.296,1.165,0.0,0.0,0,7.32,12.51,0,0.0,0.0
3,938,18.76,release,0.10899,0.10349,-0.03419,0.10899,-0.00074,-11.3,61.81,0.243,0.2746,-7.767,1.039,0.0,0.0,0,0.93,14.32,0,0.0,0.0
0,939,18.78,release,0.19369,0.18219,-0.06575,0.19369,-0.00025,-13.14,61.4,0.2375,0.3402,-14.193,1.73,0.0,0.0,0,7.18,12.3,0,0.0,0.0
1,939,18.78,release,0.11047,0.07932,-0.0769,0.11047,-0.00025,-3.92,62.09,0.2313,0.283,-15.042,1.62,0.0,0.0,0,0.0,12.24,0,0.0,0.0
2,939,18.78,release,0.08611,0.0733,-0.0452,0.08611,-0.00025,-5.88,80.09,0.2568,0.2974,-15.968,0.9,0.0,0.0,0,5.03,10.38,0,0.0,0.0
3,939,18.78,release,0.09874,0.09216,-0.03546,0.09874,-0.00025,-10.12,61.04,0.2443,0.274,-7.322,1.045,0.0,0.0,0,0.0,12.09,0,0.0,0.0
0,940,18.8,release,0.18688,0.17499,-0.06559,0.18688,0.00024,-12.12,63.22,0.2379,0.342,-13.805,1.73,0.0,0.0,0,4.89,10.19,0,0.0,0.0
1,940,18.8,release,0.1136,0.08182,-0.0788,0.1136,0.00024,-2.99,62.57,0.229,0.2849,-14.632,1.317,0.0,0.0,0,0.0,10.13,0,0.0,0.0
2,940,18.8,release,0.07826,0.06506,-0.0435,0.07826,0.00024,-4.88,80.55,0.2569,0.2969,-15.709,1.211,0.0,0.0,0,2.74,8.45,0,0.0,0.0
3,940,18.8,release,0.08738,0.08045,-0.03412,0.08738,0.00024,-8.85,62.32,0.2459,0.2734,-6.943,1.727,0.0,0.0,0,0.0,9.99,0,0.0,0.0
0,941,18.82,release,0.18049,0.16869,-0.06421,0.18049,0.00073,-11.47,63.82,0.2384,0.3433,-13.493,1.73,0.0,0.0,0,2.6,8.28,0,0.0,0.0
1,941,18.82,release,0.11831,0.08781,-0.07929,0.11831,0.00073,-2.93,62.6,0.2278,0.2868,-14.294,1.39,0.0,0.0,0,0.0,8.22,0,0.0,0.0
2,941,18.82,release,0.07069,0.05624,-0.04283,0.07069,0.00073,-3.75,79.77,0.2568,0.2965,-15.475,1.281,0.0,0.0,0,0.45,6.69,0,0.0,0.0
3,941,18.82,release,0.07773,0.07072,-0.03226,0.07773,0.00073,-7.94,63.86,0.248,0.2726,-6.589,1.728,0.0,0.0,0,0.0,8.09,0,0.0,0.0
0,942,18.84,release,0.1758,0.16355,-0.06448,0.1758,0.00122,-11.36,63.96,0.2389,0.3441,-13.278,1.73,0.0,0.0,0,0.31,6.54,0,0.0,0.0
1,942,18.84,release,0.12303,0.09193,-0.08177,0.12303,0.00122,-3.1,63.57,0.2277,0.2888,-14.105,1.725,0.0,0.0,0,0.0,6.48,0,0.0,0.0
2,942,18.84,release,0.0654,0.04783,-0.0446,0.0654,0.00122,-2.75,78.26,0.2566,0.2961,-15.285,1.193,0.0,0.0,0,0.0,5.13,0,0.0,0.0
3,942,18.84,release,0.06777,0.06078,-0.02998,0.06777,0.00122,-6.7,66.41,0.2504,0.2718,-6.23,1.728,0.0,0.0,0,0.0,6.37,0,0.0,0.0
0,943,18.86,release,0.17016,0.15698,-0.06565,0.17016,0.00171,-11.15,63.82,0.2393,0.3445,-13.125,1.73,0.0,0.0,0,0.0,4.99,0,0.0,0.0
1,943,18.86,release,0.12789,0.09263,-0.08819,0.12789,0.00171,-3.41,64.67,0.2281,0.2908,-14.074,1.725,0.0,0.0,0,0.01,4.9,0,0.0,0.0
2,943,18.86,release,0.06293,0.04189,-0.04696,0.06293,0.00171,-1.96,76.78,0.2565,0.2958,-15.132,0.874,0.0,0.0,0,0.0,3.68,0,0.0,0.0
3,943,18.86,release,0.06195,0.05446,-0.02953,0.06195,0.00171,-5.88,68.57,0.2529,0.2709,-5.933,1.728,0.0,0.0,0,0.01,4.8,0,0.0,0.0
0,944,18.88,release,0.16538,0.15093,-0.06761,0.16538,0.0022,-11.1,64.38,0.24,0.3445,-13.047,1.566,0.0,0.0,0,0.0,3.56,0,0.0,0.0
1,944,18.88,release,0.13218,0.09125,-0.09562,0.13218,0.0022,-3.75,66.18,0.2286,0.2925,-14.09,1.725,0.0,0.0,0,0.01,3.48,0,0.0,0.0
2,944,18.88,release,0.06249,0.03957,-0.04837,0.06249,0.0022,-1.5,75.29,0.2566,0.2956,-15.007,0.866,0.0,0.0,0,0.0,2.37,0,0.0,0.0
3,944,18.88,release,0.05813,0.04861,-0.03189,0.05813,0.0022,-4.93,70.66,0.2554,0.27,-5.702,1.728,0.0,0.0,0,0.01,3.38,0,0.0,0.0
0,945,18.9,release,0.15935,0.14327,-0.06975,0.15935,0.00269,-10.78,64.65,0.241,0.3442,-13.001,0.977,0.0,0.0,0,0.0,2.25,0,0.0,0.0
1,945,18.9,release,0.13337,0.09255,-0.09603,0.13337,0.00269,-4.04,67.63,0.2293,0.2942,-14.013,1.724,0.0,0.0,0,0.01,2.18,0,0.0,0.0
2,945,18.9,release,0.06318,0.03986,-0.04902,0.06318,0.00269,-1.37,75.18,0.2571,0.2953,-14.911,0.864,0.0,0.0,0,0.0,1.17,0,0.0,0.0
3,945,18.9,release,0.05676,0.04436,-0.03541,0.05676,0.00269,-3.54,73.08,0.2578,0.2691,-5.533,1.727,0.0,0.0,0,0.01,2.1,0,0.0,0.0
0,946,18.92,release,0.15197,0.1341,-0.07149,0.15197,0.00318,-10.18,65.83,0.2423,0.3436,-12.993,0.893,0.0,0.0,0,0.0,1.07,0,0.0,0.0
1,946,18.92,release,0.13317,0.09591,-0.0924,0.13317,0.00318,-4.44,67.99,0.2304,0.2956,-13.95,1.725,0.0,0.0,0,0.01,1.0,0,0.0,0.0
2,946,18.92,release,0.06364,0.04068,-0.04893,0.06364,0.00318,-1.07,75.69,0.258,0.2949,-14.825,0.872,0.0,0.0,0,0.0,0.09,0,0.0,0.0
3,946,18.92,release,0.05965,0.04435,-0.03989,0.05965,0.00318,-2.35,74.27,0.2602,0.2682,-5.403,0.892,0.0,0.0,0,0.01,0.93,0,0.0,0.0
0,947,18.94,release,0.14292,0.1236,-0.07176,0.14292,0.00367,-9.22,68.57,0.2438,0.3426,-12.962,1.73,0.0,0.0,0,0.0,-0.0,0,0.0,0.0
1,947,18.94,release,0.13354,0.09576,-0.09308,0.13354,0.00367,-4.68,67.8,0.2319,0.2964,-13.966,1.73,0.0,0.0,0,0.01,-0.0,0,0.0,0.0
2,947,18.94,release,0.06561,0.04338,-0.04923,0.06561,0.00367,-1.19,76.33,0.2592,0.2943,-14.75,0.998,0.0,0.0,0,0.0,-0.0,0,0.0,0.0
3,947,18.94,release,0.06425,0.04657,-0.04426,0.06425,0.00367,-1.92,73.61,0.2623,0.2673,-5.258,0.915,0.0,0.0,0,0.01,-0.0,0,0.0,0.0
0,948,18.96,release,0.13393,0.11402,-0.07025,0.13393,0.00416,-8.31,71.23,0.2455,0.3412,-12.878,1.73,0.0,0.0,0,0.0,-0.0,0,0.0,0.0
1,948,18.96,release,0.13434,0.09351,-0.09645,0.13434,0.00416,-4.66,65.64,0.2334,0.2965,-13.952,1.73,0.0,0.0,0,0.01,-0.0,0,0.0,0.0
2,948,18.96,release,0.0675,0.04594,-0.04946,0.0675,0.00416,-1.09,77.56,0.2604,0.2935,-14.663,0.892,0.0,0.0,0,0.0,-0.0,0,0.0,0.0
3,948,18.96,release,0.06823,0.04977,-0.04668,0.06823,0.00416,-1.92,73.07,0.2642,0.2665,-5.084,0.885,0.0,0.0,0,0.01,-0.0,0,0.0,0.0
0,949,18.98,release,0.12462,0.10479,-0.06744,0.12462,0.00465,-7.32,73.14,0.2474,0.3396,-12.782,0.977,0.0,0.0,0,0.0,-0.0,0,0.0,0.0
1,949,18.98,release,0.13456,0.09364,-0.09663,0.13456,0.00465,-4.43,63.05,0.235,0.2962,-13.848,1.377,0.0,0.0,0,0.0,-0.0,0,0.0,0.0
2,949,18.98,release,0.07028,0.05001,-0.04937,0.07028,0.00465,-0.67,78.05,0.2616,0.2926,-14.58,0.737,0.0,0.0,0,0.0,-0.0,0,0.0,0.0
3,949,18.98,release,0.07085,0.05452,-0.04525,0.07085,0.00465,-1.67,72.15,0.2659,0.2656,-4.893,0.968,0.0,0.0,0,0.0,-0.0,0,0.0,0.0
0,950,19.0,release,0.11564,0.09574,-0.06486,0.11564,0.00514,-6.31,73.62,0.2493,0.3378,-12.724,0.655,0.0,0.0,0,0.0,-0.0,0,0.0,0.0
1,950,19.0,release,0.13527,0.09537,-0.09593,0.13527,0.00514,-4.06,60.5,0.237,0.2956,-13.76,1.063,0.0,0.0,0,0.0,-0.0,0,0.0,0.0
2,950,19.0,release,0.07302,0.05318,-0.05004,0.07302,0.00514,0.11,78.26,0.2627,0.2918,-14.525,0.491,0.0,0.0,0,0.0,-0.0,0,0.0,0.0
3,950,19.0,release,0.07425,0.0603,-0.04332,0.07425,0.00514,-1.97,71.23,0.2672,0.2643,-4.757,1.432,0.0,0.0,0,0.0,-0.0,0,0.0,0.0
0,951,19.02,release,0.10619,0.08525,-0.06332,0.10619,0.00563,-5.13,73.2,0.251,0.3361,-12.691,1.095,0.0,0.0,0,0.0,-0.0,0,0.0,0.0
1,951,19.02,release,0.13666,0.09689,-0.09637,0.13666,0.00563,-3.5,59.21,0.2393,0.2947,-13.729,0.774,0.0,0.0,0,-0.0,-0.0,0,0.0,0.0
2,951,19.02,release,0.07519,0.0551,-0.05116,0.07519,0.00563,0.2,77.66,0.2637,0.291,-14.483,0.737,0.0,0.0,0,0.0,-0.0,0,0.0,0.0
3,951,19.02,release,0.07588,0.06403,-0.04071,0.07588,0.00563,-1.7,70.54,0.2684,0.2629,-4.639,1.03,0.0,0.0,0,0.0,-0.0,0,0.0,0.0
0,952,19.04,release,0.09917,0.07784,-0.06144,0.09917,0.00612,-4.23,72.69,0.2527,0.3344,-12.647,0.89,0.0,0.0,0,0.0,-0.0,0,0.0,0.0
1,952,19.04,release,0.13782,0.0995,-0.09537,0.13782,0.00612,-3.19,60.71,0.2418,0.2935,-13.672,0.971,0.0,0.0,0,0.0,-0.0,0,0.0,0.0
2,952,19.04,release,0.07488,0.05599,-0.04973,0.07488,0.00612,0.68,78.27,0.2648,0.2903,-14.408,1.046,0.0,0.0,0,0.0,-0.0,0,0.0,0.0
3,952,19.04,release,0.07825,0.06841,-0.038,0.07825,0.00612,-1.44,70.27,0.2694,0.2613,-4.567,1.64,0.0,0.0,0,0.0,-0.0,0,0.0,0.0
0,953,19.06,release,0.09287,0.0715,-0.05927,0.09287,0.00661,-3.24,72.87,0.2544,0.3328,-12.595,0.891,0.0,0.0,0,0.0,-0.0,0,0.0,0.0
1,953,19.06,release,0.13873,0.10311,-0.09282,0.13873,0.00661,-2.81,62.88,0.2442,0.292,-13.568,1.417,0.0,0.0,0,0.0,-0.0,0,0.0,0.0
2,953,19.06,release,0.07506,0.05721,-0.04859,0.07506,0.00661,0.18,77.79,0.2657,0.2894,-14.379,1.223,0.0,0.0,0,0.0,-0.0,0,0.0,0.0
3,953,19.06,release,0.08041,0.07198,-0.03585,0.08041,0.00661,-0.71,70.61,0.2701,0.2595,-4.506,1.005,0.0,0.0,0,0.0,-0.0,0,0.0,0.0
0,954,19.08,release,0.08865,0.06733,-0.05766,0.08865,0.0071,-2.59,71.81,0.2561,0.3312,-12.563,0.903,0.0,0.0,0,0.0,-0.0,0,0.0,0.0
1,954,19.08,release,0.14077,0.10697,-0.09151,0.14077,0.0071,-2.5,62.66,0.2465,0.2902,-13.47,0.783,0.0,0.0,0,0.0,-0.0,0,0.0,0.0
2,954,19.08,release,0.07257,0.05617,-0.04595,0.07257,0.0071,0.27,79.7,0.2667,0.2887,-14.328,1.727,0.0,0.0,0,0.0,-0.0,0,0.0,0.0
3,954,19.08,release,0.08178,0.07365,-0.03554,0.08178,0.0071,-0.86,70.26,0.2706,0.2576,-4.449,1.01,0.0,0.0,0,0.0,-0.0,0,0.0,0.0
0,955,19.1,release,0.08449,0.06311,-0.05618,0.08449,0.00759,-1.67,71.3,0.2578,0.3296,-12.533,0.896,0.0,0.0,0,0.0,-0.0,0,0.0,0.0
1,955,19.1,release,0.14318,0.11117,-0.09023,0.14318,0.00759,-1.75,61.3,0.2486,0.2882,-13.352,0.82,0.0,0.0,0,0.0,-0.0,0,0.0,0.0
2,955,19.1,release,0.0707,0.05565,-0.0436,0.0707,0.00759,0.43,78.74,0.2677,0.2878,-14.303,1.681,0.0,0.0,0,0.0,-0.0,0,0.0,0.0
3,955,19.1,release,0.08094,0.07324,-0.03445,0.08094,0.00759,-0.62,70.45,0.2709,0.2558,-4.346,1.619,0.0,0.0,0,0.0,-0.0,0,0.0,0.0
0,956,19.12,release,0.08273,0.06166,-0.05515,0.08273,0.00808,-1.19,70.62,0.2595,0.3278,-12.507,0.904,0.0,0.0,0,0.0,-0.0,0,0.0,0.0
1,956,19.12,release,0.14523,0.11396,-0.09003,0.14523,0.00808,-1.48,59.98,0.2504,0.2861,-13.241,0.852,0.0,0.0,0,0.0,-0.0,0,0.0,0.0
2,956,19.12,release,0.0701,0.05571,-0.04256,0.0701,0.00808,0.81,79.07,0.2684,0.2869,-14.289,0.628,0.0,0.0,0,0.0,-0.0,0,0.0,0.0
3,956,19.12,release,0.08021,0.07261,-0.03408,0.08021,0.00808,-1.04,70.05,0.2712,0.2542,-4.261,0.953,0.0,0.0,0,0.0,-0.0,0,0.0,0.0
0,957,19.14,release,0.08012,0.05977,-0.05336,0.08012,0.00857,-0.43,71.13,0.2611,0.326,-12.451,0.894,0.0,0.0,0,0.0,-0.0,0,0.0,0.0
1,957,19.14,release,0.14529,0.11614,-0.08729,0.14529,0.00857,-0.58,61.17,0.252,0.2841,-13.093,1.726,0.0,0.0,0,0.0,-0.0,0,0.0,0.0
2,957,19.14,release,0.06942,0.05626,-0.04067,0.06942,0.00857,1.41,78.73,0.2689,0.2859,-14.216,0.779,0.0,0.0,0,0.0,-0.0,0,0.0,0.0
3,957,19.14,release,0.07874,0.0719,-0.03208,0.07874,0.00857,-0.91,71.98,0.2715,0.2528,-4.143,1.728,0.0,0.0,0,0.0,-0.0,0,0.0,0.0
0,958,19.16,release,0.07924,0.06087,-0.05074,0.07924,0.00906,0.12,70.8,0.2627,0.324,-12.399,0.897,0.0,0.0,0,0.0,-0.0,0,0.0,0.0
1,958,19.16,release,0.14401,0.11685,-0.08417,0.14401,0.00906,-0.16,59.41,0.2534,0.2822,-12.988,0.971,0.0,0.0,0,0.0,-0.0,0,0.0,0.0
2,958,19.16,release,0.06955,0.05717,-0.03961,0.06955,0.00906,1.11,78.69,0.2694,0.2849,-14.165,0.985,0.0,0.0,0,0.0,-0.0,0,0.0,0.0
3,958,19.16,release,0.07783,0.07195,-0.02969,0.07783,0.00906,-0.74,72.03,0.2718,0.2515,-4.042,0.537,0.0,0.0,0,0.0,-0.0,0,0.0,0.0
0,959,19.18,release,0.07862,0.06146,-0.04903,0.07862,0.00955,0.84,71.1,0.2643,0.3219,-12.375,0.892,0.0,0.0,0,0.0,-0.0,0,0.0,0.0
1,959,19.18,release,0.14228,0.11679,-0.08127,0.14228,0.00955,0.37,58.59,0.2547,0.2804,-12.95,0.911,0.0,0.0,0,0.0,-0.0,0,0.0,0.0
2,959,19.18,release,0.06816,0.05671,-0.03781,0.06816,0.00955,1.24,79.84,0.2699,0.2839,-14.102,1.628,0.0,0.0,0,0.0,-0.0,0,0.0,0.0
3,959,19.18,release,0.07832,0.07265,-0.02926,0.07832,0.00955,-0.37,73.21,0.2721,0.2502,-3.985,1.148,0.0,0.0,0,0.0,-0.0,0,0.0,0.0
0,960,19.2,release,0.07856,0.0623,-0.04785,0.07856,0.01004,1.25,71.19,0.2659,0.3196,-12.359,0.9,0.0,0.0,0,0.0,-0.0,0,0.0,0.0
1,960,19.2,release,0.14065,0.11667,-0.07854,0.14065,0.01004,0.49,57.4,0.256,0.2784,-12.925,0.904,0.0,0.0,0,0.0,-0.0,0,0.0,0.0
2,960,19.2,release,0.06765,0.05753,-0.03559,0.06765,0.01004,1.55,79.33,0.2705,0.2828,-14.072,0.997,0.0,0.0,0,0.0,-0.0,0,0.0,0.0
3,960,19.2,release,0.07911,0.07432,-0.02711,0.07911,0.01004,0.33,73.52,0.2725,0.249,-3.885,1.048,0.0,0.0,0,0.0,-0.0,0,0.0,0.0
0,961,19.22,release,0.07852,0.06314,-0.04668,0.07852,0.01053,1.78,71.78,0.2675,0.3171,-12.33,0.898,0.0,0.0,0,0.0,-0.0,0,0.0,0.0
1,961,19.22,release,0.13803,0.11536,-0.0758,0.13803,0.01053,1.06,56.91,0.2571,0.2763,-12.88,1.047,0.0,0.0,0,0.0,-0.0,0,0.0,0.0
2,961,19.22,release,0.06818,0.0588,-0.03451,0.06818,0.01053,1.9,79.78,0.271,0.2815,-14.061,0.99,0.0,0.0,0,0.0,-0.0,0,0.0,0.0
3,961,19.22,release,0.07822,0.07386,-0.02576,0.07822,0.01053,-0.07,73.66,0.273,0.2477,-3.803,0.994,0.0,0.0,0,0.0,-0.0,0,0.0,0.0
0,962,19.24,release,0.07874,0.0642,-0.04559,0.07874,0.01102,1.93,72.39,0.269,0.3146,-12.299,0.902,0.0,0.0,0,0.0,-0.0,0,0.0,0.0
1,962,19.24,release,0.1349,0.11334,-0.07317,0.1349,0.01102,0.92,56.24,0.2582,0.2741,-12.826,0.824,0.0,0.0,0,0.0,-0.0,0,0.0,0.0
2,962,19.24,release,0.06802,0.05915,-0.03358,0.06802,0.01102,2.24,80.02,0.2716,0.2802,-14.021,0.565,0.0,0.0,0,0.0,-0.0,0,0.0,0.0
3,962,19.24,release,0.07475,0.071,-0.02337,0.07475,0.01102,-0.03,74.71,0.2736,0.2465,-3.706,1.728,0.0,0.0,0,0.0,-0.0,0,0.0,0.0
0,963,19.26,release,0.07836,0.06471,-0.04419,0.07836,0.01151,2.38,73.31,0.2706,0.312,-12.26,0.718,0.0,0.0,0,0.0,-0.0,0,0.0,0.0
1,963,19.26,release,0.1316,0.11187,-0.0693,0.1316,0.01151,1.2,56.72,0.2593,0.2717,-12.74,0.564,0.0,0.0,0,0.0,-0.0,0,0.0,0.0
2,963,19.26,release,0.06689,0.05831,-0.03278,0.06689,0.01151,1.93,80.41,0.2722,0.2788,-13.982,0.747,0.0,0.0,0,0.0,-0.0,0,0.0,0.0
3,963,19.26,release,0.0721,0.06888,-0.02132,0.0721,0.01151,0.06,74.34,0.2743,0.2452,-3.654,1.233,0.0,0.0,0,0.0,-0.0,0,0.0,0.0
0,964,19.28,back,0.07793,0.06502,-0.04297,0.07793,0.012,2.08,73.85,0.2721,0.3092,-12.23,0.957,0.0,0.0,0,0.0,-0.0,0,0.0,0.0
1,964,19.28,back,0.12946,0.11139,-0.06597,0.12946,0.012,1.33,55.89,0.2603,0.2692,-12.682,0.749,0.0,0.0,0,0.0,-0.0,0,0.0,0.0
2,964,19.28,back,0.06457,0.0563,-0.03162,0.06457,0.012,1.99,81.31,0.2729,0.2774,-13.928,0.993,0.0,0.0,0,0.0,-0.0,0,0.0,0.0
3,964,19.28,back,0.07132,0.06842,-0.02015,0.07132,0.012,0.48,75.04,0.275,0.2438,-3.604,0.856,0.0,0.0,0,0.0,-0.0,0,0.0,0.0
0,965,19.3,back,0.07555,0.06217,-0.04292,0.07555,0.012,2.31,74.9,0.2735,0.3065,-12.184,1.265,0.0,0.0,0,0.0,-0.0,0,0.0,0.0
1,965,19.3,back,0.12785,0.1098,-0.06549,0.12785,0.012,1.75,56.53,0.2614,0.2667,-12.649,0.623,0.0,0.0,0,0.0,-0.0,0,0.0,0.0
2,965,19.3,back,0.06243,0.05338,-0.03238,0.06243,0.012,1.98,81.4,0.2736,0.2759,-13.89,0.699,0.0,0.0,0,0.0,-0.0,0,0.0,0.0
3,965,19.3,back,0.0699,0.06649,-0.02156,0.0699,0.012,0.53,75.48,0.2755,0.2423,-3.529,0.439,0.0,0.0,0,0.0,-0.0,0,0.0,0.0
0,966,19.32,back,0.07334,0.05933,-0.04311,0.07334,0.012,1.89,75.38,0.2749,0.3036,-12.153,1.143,0.0,0.0,0,0.0,-0.0,0,0.0,0.0
1,966,19.32,back,0.12541,0.10768,-0.06428,0.12541,0.012,2.06,56.76,0.2625,0.2642,-12.591,0.376,0.0,0.0,0,0.0,-0.0,0,0.0,0.0
2,966,19.32,back,0.06109,0.05099,-0.03363,0.06109,0.012,2.31,82.03,0.2742,0.2744,-13.842,0.697,0.0,0.0,0,0.0,-0.0,0,0.0,0.0
3,966,19.32,back,0.06829,0.06493,-0.02115,0.06829,0.012,0.96,76.45,0.2762,0.2409,-3.416,0.897,0.0,0.0,0,0.0,-0.0,0,0.0,0.0
0,967,19.34,back,0.06997,0.05575,-0.0423,0.06997,0.012,1.92,76.58,0.2761,0.3007,-12.09,1.368,0.0,0.0,0,0.0,-0.0,0,0.0,0.0
1,967,19.34,back,0.12186,0.10396,-0.06357,0.12186,0.012,1.79,57.5,0.2636,0.2616,-12.542,0.552,0.0,0.0,0,0.0,-0.0,0,0.0,0.0
2,967,19.34,back,0.05985,0.04915,-0.03415,0.05985,0.012,2.34,81.89,0.2749,0.2728,-13.779,0.336,0.0,0.0,0,0.0,-0.0,0,0.0,0.0
3,967,19.34,back,0.06588,0.06249,-0.02087,0.06588,0.012,0.56,76.58,0.2769,0.2393,-3.344,1.263,0.0,0.0,0,0.0,-0.0,0,0.0,0.0
0,968,19.36,back,0.06741,0.05311,-0.04152,0.06741,0.012,1.94,76.2,0.2772,0.2978,-12.047,0.874,0.0,0.0,0,0.0,-0.0,0,0.0,0.0
1,968,19.36,back,0.11787,0.10027,-0.06196,0.11787,0.012,1.96,58.99,0.2648,0.2591,-12.475,0.718,0.0,0.0,0,0.0,-0.0,0,0.0,0.0
2,968,19.36,back,0.05852,0.04762,-0.03401,0.05852,0.012,2.67,82.21,0.2756,0.2712,-13.703,0.737,0.0,0.0,0,0.0,-0.0,0,0.0,0.0
3,968,19.36,back,0.06298,0.05987,-0.01952,0.06298,0.012,0.65,78.34,0.2776,0.2377,-3.248,1.728,0.0,0.0,0,0.0,-0.0,0,0.0,0.0
0,969,19.38,back,0.06579,0.05147,-0.04098,0.06579,0.012,2.37,76.66,0.2782,0.2949,-12.001,0.591,0.0,0.0,0,0.0,-0.0,0,0.0,0.0
1,969,19.38,back,0.11405,0.09631,-0.06108,0.11405,0.012,1.63,59.58,0.2659,0.2565,-12.428,0.492,0.0,0.0,0,0.0,-0.0,0,0.0,0.0
2,969,19.38,back,0.05655,0.04528,-0.03387,0.05655,0.012,2.28,82.61,0.2763,0.2695,-13.648,0.994,0.0,0.0,0,0.0,-0.0,0,0.0,0.0
3,969,19.38,back,0.06101,0.05795,-0.01908,0.06101,0.012,0.78,77.92,0.2782,0.2361,-3.19,0.758,0.0,0.0,0,0.0,-0.0,0,0.0,0.0
0,970,19.4,back,0.06382,0.04948,-0.04031,0.06382,0.012,2.26,76.68,0.279,0.292,-11.936,0.599,0.0,0.0,0,0.0,-0.0,0,0.0,0.0
1,970,19.4,back,0.11034,0.0928,-0.05968,0.11034,0.012,1.86,61.21,0.2668,0.254,-12.368,0.779,0.0,0.0,0,0.0,-0.0,0,0.0,0.0
2,970,19.4,back,0.0534,0.04237,-0.03249,0.0534,0.012,2.29,83.61,0.277,0.2678,-13.557,1.59,0.0,0.0,0,0.0,-0.0,0,0.0,0.0
3,970,19.4,back,0.06115,0.05796,-0.01952,0.06115,0.012,1.3,79.48,0.2788,0.2344,-3.139,1.239,0.0,0.0,0,0.0,-0.0,0,0.0,0.0
0,971,19.42,back,0.06116,0.04717,-0.03894,0.06116,0.012,2.5,77.44,0.2798,0.2892,-11.863,0.875,0.0,0.0,0,0.0,-0.0,0,0.0,0.0
1,971,19.42,back,0.10706,0.08967,-0.0585,0.10706,0.012,2.04,61.04,0.2677,0.2514,-12.323,0.608,0.0,0.0,0,0.0,-0.0,0,0.0,0.0
2,971,19.42,back,0.05129,0.04037,-0.03164,0.05129,0.012,2.38,83.59,0.2777,0.2661,-13.514,1.2,0.0,0.0,0,0.0,-0.0,0,0.0,0.0
3,971,19.42,back,0.0619,0.05873,-0.01955,0.0619,0.012,1.68,79.75,0.2794,0.2327,-3.052,0.382,0.0,0.0,0,0.0,-0.0,0,0.0,0.0
0,972,19.44,back,0.05905,0.04557,-0.03756,0.05905,0.012,2.32,77.93,0.2805,0.2863,-11.814,1.015,0.0,0.0,0,0.0,-0.0,0,0.0,0.0
1,972,19.44,back,0.10444,0.08749,-0.05705,0.10444,0.012,2.36,61.84,0.2685,0.2489,-12.266,0.527,0.0,0.0,0,0.0,-0.0,0,0.0,0.0
2,972,19.44,back,0.05077,0.04021,-0.03099,0.05077,0.012,2.89,84.35,0.2782,0.2643,-13.458,0.677,0.0,0.0,0,0.0,-0.0,0,0.0,0.0
3,972,19.44,back,0.06218,0.05892,-0.01985,0.06218,0.012,2.02,80.58,0.2799,0.231,-2.975,0.608,0.0,0.0,0,0.0,-0.0,0,0.0,0.0
0,973,19.46,back,0.05666,0.04395,-0.03575,0.05666,0.012,2.57,79.22,0.2811,0.2834,-11.748,1.314,0.0,0.0,0,0.0,-0.0,0,0.0,0.0
1,973,19.46,back,0.10177,0.0852,-0.05566,0.10177,0.012,2.6,61.9,0.2693,0.2463,-12.201,0.348,0.0,0.0,0,0.0,-0.0,0,0.0,0.0
2,973,19.46,back,0.05081,0.04067,-0.03046,0.05081,0.012,3.15,83.85,0.2786,0.2625,-13.39,0.359,0.0,0.0,0,0.0,-0.0,0,0.0,0.0
3,973,19.46,back,0.06231,0.05926,-0.01925,0.06231,0.012,2.45,80.7,0.2805,0.2293,-2.898,0.431,0.0,0.0,0,0.0,-0.0,0,0.0,0.0
0,974,19.48,back,0.05511,0.04273,-0.0348,0.05511,0.012,2.66,79.1,0.2817,0.2806,-11.716,0.818,0.0,0.0,0,0.0,-0.0,0,0.0,0.0
1,974,19.48,back,0.09921,0.0832,-0.05404,0.09921,0.012,3.06,61.99,0.27,0.2438,-12.142,0.709,0.0,0.0,0,0.0,-0.0,0,0.0,0.0
2,974,19.48,back,0.05152,0.04153,-0.0305,0.05152,0.012,3.77,84.0,0.279,0.2608,-13.331,0.781,0.0,0.0,0,0.0,-0.0,0,0.0,0.0
3,974,19.48,back,0.06118,0.05807,-0.01927,0.06118,0.012,2.41,81.63,0.2811,0.2275,-2.837,0.611,0.0,0.0,0,0.0,-0.0,0,0.0,0.0
0,975,19.5,back,0.0546,0.0428,-0.03391,0.0546,0.012,3.26,80.06,0.2822,0.2779,-11.672,0.806,0.0,0.0,0,0.0,-0.0,0,0.0,0.0
1,975,19.5,back,0.09604,0.0802,-0.05284,0.09604,0.012,2.96,62.01,0.2707,0.2413,-12.098,0.387,0.0,0.0,0,0.0,-0.0,0,0.0,0.0
2,975,19.5,back,0.05074,0.04081,-0.03015,0.05074,0.012,3.6,83.72,0.2794,0.2591,-13.276,0.896,0.0,0.0,0,0.0,-0.0,0,0.0,0.0
3,975,19.5,back,0.05964,0.05655,-0.01894,0.05964,0.012,2.62,82.03,0.2816,0.2257,-2.763,0.969,0.0,0.0,0,0.0,-0.0,0,0.0,0.0
0,976,19.52,back,0.05366,0.04211,-0.03326,0.05366,0.012,3.21,80.06,0.2826,0.2752,-11.625,0.635,0.0,0.0,0,0.0,-0.0,0,0.0,0.0
1,976,19.52,back,0.09267,0.07758,-0.05069,0.09267,0.012,3.35,62.85,0.2712,0.2388,-12.032,0.806,0.0,0.0,0,0.0,-0.0,0,0.0,0.0
2,976,19.52,back,0.04915,0.03971,-0.02896,0.04915,0.012,3.86,84.52,0.2799,0.2574,-13.195,1.496,0.0,0.0,0,0.0,-0.0,0,0.0,0.0
3,976,19.52,back,0.05821,0.05499,-0.01909,0.05821,0.012,2.57,82.01,0.2821,0.224,-2.721,0.967,0.0,0.0,0,0.0,-0.0,0,0.0,0.0
0,977,19.54,back,0.05223,0.04105,-0.03229,0.05223,0.012,3.6,81.1,0.2831,0.2727,-11.573,1.271,0.0,0.0,0,0.0,-0.0,0,0.0,0.0
1,977,19.54,back,0.08913,0.07453,-0.04888,0.08913,0.012,3.14,62.88,0.2717,0.2363,-11.992,0.947,0.0,0.0,0,0.0,-0.0,0,0.0,0.0
2,977,19.54,back,0.04709,0.0372,-0.02888,0.04709,0.012,3.57,84.31,0.2803,0.2557,-13.169,1.345,0.0,0.0,0,0.0,-0.0,0,0.0,0.0
3,977,19.54,back,0.05778,0.05478,-0.01838,0.05778,0.012,2.99,82.87,0.2825,0.2223,-2.641,1.093,0.0,0.0,0,0.0,-0.0,0,0.0,0.0
0,978,19.56,back,0.0505,0.03933,-0.03168,0.0505,0.012,3.43,81.13,0.2835,0.2701,-11.549,1.124,0.0,0.0,0,0.0,-0.0,0,0.0,0.0
1,978,19.56,back,0.08634,0.07288,-0.0463,0.08634,0.012,3.52,64.61,0.2721,0.2339,-11.93,0.941,0.0,0.0,0,0.0,-0.0,0,0.0,0.0
2,978,19.56,back,0.04571,0.03606,-0.02809,0.04571,0.012,3.76,85.23,0.2807,0.254,-13.108,1.357,0.0,0.0,0,0.0,-0.0,0,0.0,0.0
3,978,19.56,back,0.0571,0.0541,-0.01828,0.0571,0.012,2.97,82.25,0.2828,0.2206,-2.597,1.084,0.0,0.0,0,0.0,-0.0,0,0.0,0.0
0,979,19.58,back,0.049,0.03847,-0.03035,0.049,0.012,3.75,82.61,0.284,0.2677,-11.498,1.378,0.0,0.0,0,0.0,-0.0,0,0.0,0.0
1,979,19.58,back,0.08453,0.07213,-0.04406,0.08453,0.012,3.82,64.29,0.2724,0.2316,-11.894,0.781,0.0,0.0,0,0.0,-0.0,0,0.0,0.0
2,979,19.58,back,0.04544,0.03645,-0.02713,0.04544,0.012,4.09,84.4,0.281,0.2524,-13.065,0.873,0.0,0.0,0,0.0,-0.0,0,0.0,0.0
3,979,19.58,back,0.05744,0.05471,-0.01751,0.05744,0.012,3.49,82.85,0.2831,0.219,-2.53,1.165,0.0,0.0,0,0.0,-0.0,0,0.0,0.0
0,980,19.6,back,0.04838,0.0383,-0.02956,0.04838,0.012,3.98,82.1,0.2844,0.2653,-11.479,0.981,0.0,0.0,0,0.0,-0.0,0,0.0,0.0
1,980,19.6,back,0.08379,0.07196,-0.04291,0.08379,0.012,4.19,65.25,0.2725,0.2293,-11.871,0.741,0.0,0.0,0,0.0,-0.0,0,0.0,0.0
2,980,19.6,back,0.04714,0.03847,-0.02724,0.04714,0.012,4.67,84.1,0.2812,0.2507,-13.042,0.499,0.0,0.0,0,0.0,-0.0,0,0.0,0.0
3,980,19.6,back,0.05636,0.05354,-0.0176,0.05636,0.012,3.29,82.63,0.2833,0.2174,-2.499,1.323,0.0,0.0,0,0.0,-0.0,0,0.0,0.0
0,981,19.62,back,0.04972,0.04031,-0.02911,0.04972,0.012,4.7,82.59,0.2848,0.2629,-11.454,0.845,0.0,0.0,0,0.0,-0.0,0,0.0,0.0
1,981,19.62,back,0.08335,0.07228,-0.04152,0.08335,0.012,4.81,65.32,0.2726,0.2271,-11.83,0.702,0.0,0.0,0,0.0,-0.0,0,0.0,0.0
2,981,19.62,back,0.04883,0.04116,-0.02629,0.04883,0.012,5.32,83.57,0.2815,0.2492,-12.982,0.531,0.0,0.0,0,0.0,-0.0,0,0.0,0.0
3,981,19.62,back,0.05563,0.05309,-0.01662,0.05563,0.012,3.6,83.63,0.2836,0.2159,-2.435,1.492,0.0,0.0,0,0.0,-0.0,0,0.0,0.0
0,982,19.64,back,0.04978,0.04058,-0.02883,0.04978,0.012,4.73,82.69,0.2852,0.2606,-11.425,0.726,0.0,0.0,0,0.0,-0.0,0,0.0,0.0
1,982,19.64,back,0.08115,0.06985,-0.0413,0.08115,0.012,4.47,65.95,0.2728,0.2249,-11.817,0.995,0.0,0.0,0,0.0,-0.0,0,0.0,0.0
2,982,19.64,back,0.04815,0.04003,-0.02674,0.04815,0.012,4.98,83.64,0.2818,0.2477,-12.958,1.02,0.0,0.0,0,0.0,-0.0,0,0.0,0.0
3,982,19.64,back,0.05569,0.05329,-0.01616,0.05569,0.012,3.86,82.65,0.2839,0.2144,-2.409,1.128,0.0,0.0,0,0.0,-0.0,0,0.0,0.0
0,983,19.66,back,0.04921,0.04047,-0.02799,0.04921,0.012,5.14,82.98,0.2856,0.2584,-11.388,1.334,0.0,0.0,0,0.0,-0.0,0,0.0,0.0
1,983,19.66,back,0.07831,0.06734,-0.03997,0.07831,0.012,4.78,67.7,0.273,0.2229,-11.778,1.385,0.0,0.0,0,0.0,-0.0,0,0.0,0.0
2,983,19.66,back,0.04672,0.03885,-0.02595,0.04672,0.012,5.23,84.02,0.2821,0.2463,-12.899,1.716,0.0,0.0,0,0.0,-0.0,0,0.0,0.0
3,983,19.66,back,0.05828,0.05608,-0.01589,0.05828,0.012,4.58,83.04,0.2842,0.2129,-2.376,0.855,0.0,0.0,0,0.0,-0.0,0,0.0,0.0
0,984,19.68,back,0.04761,0.0388,-0.02759,0.04761,0.012,5.01,82.92,0.286,0.2562,-11.382,1.256,0.0,0.0,0,0.0,-0.0,0,0.0,0.0
1,984,19.68,back,0.07587,0.06495,-0.03921,0.07587,0.012,4.87,67.54,0.2733,0.2209,-11.778,1.258,0.0,0.0,0,0.0,-0.0,0,0.0,0.0
2,984,19.68,back,0.04439,0.03625,-0.02562,0.04439,0.012,5.0,83.72,0.2825,0.2448,-12.886,1.67,0.0,0.0,0,0.0,-0.0,0,0.0,0.0
3,984,19.68,back,0.05906,0.05693,-0.01572,0.05906,0.012,4.63,82.52,0.2844,0.2115,-2.335,0.659,0.0,0.0,0,0.0,-0.0,0,0.0,0.0
0,985,19.7,back,0.04659,0.03843,-0.02633,0.04659,0.012,5.31,83.78,0.2864,0.2541,-11.339,1.425,0.0,0.0,0,0.0,-0.0,0,0.0,0.0
1,985,19.7,back,0.07543,0.06529,-0.03777,0.07543,0.012,5.44,68.89,0.2734,0.219,-11.751,0.921,0.0,0.0,0,0.0,-0.0,0,0.0,0.0
2,985,19.7,back,0.04369,0.0357,-0.02519,0.04369,0.012,5.19,84.54,0.2828,0.2434,-12.853,1.285,0.0,0.0,0,0.0,-0.0,0,0.0,0.0
3,985,19.7,back,0.05975,0.05767,-0.01563,0.05975,0.012,5.17,82.88,0.2847,0.2102,-2.295,0.972,0.0,0.0,0,0.0,-0.0,0,0.0,0.0
0,986,19.72,back,0.04644,0.03858,-0.02586,0.04644,0.012,5.53,83.09,0.2868,0.252,-11.332,0.975,0.0,0.0,0,0.0,-0.0,0,0.0,0.0
1,986,19.72,back,0.07426,0.0641,-0.0375,0.07426,0.012,5.44,68.59,0.2735,0.2171,-11.732,0.416,0.0,0.0,0,0.0,-0.0,0,0.0,0.0
2,986,19.72,back,0.04418,0.03637,-0.02508,0.04418,0.012,5.5,83.88,0.2831,0.242,-12.831,0.973,0.0,0.0,0,0.0,-0.0,0,0.0,0.0
3,986,19.72,back,0.05769,0.05546,-0.0159,0.05769,0.012,4.8,82.5,0.285,0.2088,-2.283,1.25,0.0,0.0,0,0.0,-0.0,0,0.0,0.0
0,987,19.74,back,0.04877,0.04144,-0.02571,0.04877,0.012,6.3,83.02,0.2871,0.2499,-11.317,0.842,0.0,0.0,0,0.0,-0.0,0,0.0,0.0
1,987,19.74,back,0.07325,0.06338,-0.03673,0.07325,0.012,5.97,69.42,0.2737,0.2153,-11.702,0.843,0.0,0.0,0,0.0,-0.0,0,0.0,0.0
2,987,19.74,back,0.0467,0.03931,-0.02521,0.0467,0.012,6.24,83.34,0.2834,0.2407,-12.816,0.693,0.0,0.0,0,0.0,-0.0,0,0.0,0.0
3,987,19.74,back,0.05595,0.05394,-0.01488,0.05595,0.012,4.98,83.71,0.2853,0.2076,-2.229,1.723,0.0,0.0,0,0.0,-0.0,0,0.0,0.0
0,988,19.76,back,0.04907,0.04187,-0.02559,0.04907,0.012,6.31,82.85,0.2874,0.2479,-11.296,0.673,0.0,0.0,0,0.0,-0.0,0,0.0,0.0
1,988,19.76,back,0.07101,0.0609,-0.03652,0.07101,0.012,5.75,69.35,0.274,0.2135,-11.705,1.034,0.0,0.0,0,0.0,-0.0,0,0.0,0.0
2,988,19.76,back,0.04818,0.04087,-0.0255,0.04818,0.012,6.51,82.94,0.2836,0.2395,-12.787,0.4,0.0,0.0,0,0.0,-0.0,0,0.0,0.0
3,988,19.76,back,0.05505,0.05297,-0.01501,0.05505,0.012,5.12,82.52,0.2855,0.2064,-2.225,1.084,0.0,0.0,0,0.0,-0.0,0,0.0,0.0
0,989,19.78,back,0.04918,0.0424,-0.02491,0.04918,0.012,6.72,82.8,0.2877,0.2461,-11.264,1.24,0.0,0.0,0,0.0,-0.0,0,0.0,0.0
1,989,19.78,back,0.06903,0.05939,-0.03518,0.06903,0.012,6.12,70.47,0.2742,0.2117,-11.668,1.385,0.0,0.0,0,0.0,-0.0,0,0.0,0.0
2,989,19.78,back,0.04966,0.0427,-0.02536,0.04966,0.012,7.08,82.36,0.2838,0.2383,-12.744,0.956,0.0,0.0,0,0.0,-0.0,0,0.0,0.0
3,989,19.78,back,0.05653,0.05439,-0.01541,0.05653,0.012,5.68,82.9,0.2857,0.2051,-2.214,1.299,0.0,0.0,0,0.0,-0.0,0,0.0,0.0
0,990,19.8,back,0.04745,0.04048,-0.02475,0.04745,0.012,6.47,82.83,0.288,0.2441,-11.262,1.259,0.0,0.0,0,0.0,-0.0,0,0.0,0.0
1,990,19.8,back,0.0668,0.05702,-0.03479,0.0668,0.012,6.02,70.16,0.2745,0.21,-11.668,1.145,0.0,0.0,0,0.0,-0.0,0,0.0,0.0
2,990,19.8,back,0.04857,0.04079,-0.02637,0.04857,0.012,6.64,82.49,0.2841,0.237,-12.745,1.082,0.0,0.0,0,0.0,-0.0,0,0.0,0.0
3,990,19.8,back,0.05852,0.05657,-0.015,0.05852,0.012,6.08,82.23,0.2858,0.204,-2.164,0.763,0.0,0.0,0,0.0,-0.0,0,0.0,0.0
0,991,19.82,back,0.04631,0.03987,-0.02356,0.04631,0.012,6.68,83.15,0.2882,0.2423,-11.218,1.724,0.0,0.0,0,0.0,-0.0,0,0.0,0.0
1,991,19.82,back,0.06612,0.05681,-0.03382,0.06612,0.012,6.5,71.59,0.2747,0.2083,-11.64,0.846,0.0,0.0,0,0.0,-0.0,0,0.0,0.0
2,991,19.82,back,0.0479,0.0401,-0.02619,0.0479,0.012,6.94,82.89,0.2844,0.2358,-12.7,1.715,0.0,0.0,0,0.0,-0.0,0,0.0,0.0
3,991,19.82,back,0.05883,0.05641,-0.01668,0.05883,0.012,6.09,82.18,0.286,0.2029,-2.163,0.414,0.0,0.0,0,0.0,-0.0,0,0.0,0.0
0,992,19.84,back,0.04636,0.03996,-0.02351,0.04636,0.012,6.91,82.54,0.2884,0.2406,-11.22,1.098,0.0,0.0,0,0.0,-0.0,0,0.0,0.0
1,992,19.84,back,0.0654,0.05632,-0.03325,0.0654,0.012,6.67,70.94,0.2749,0.2067,-11.623,0.695,0.0,0.0,0,0.0,-0.0,0,0.0,0.0
2,992,19.84,back,0.04578,0.03757,-0.02616,0.04578,0.012,6.65,82.6,0.2846,0.2347,-12.682,1.262,0.0,0.0,0,0.0,-0.0,0,0.0,0.0
3,992,19.84,back,0.05914,0.05696,-0.01594,0.05914,0.012,6.59,82.14,0.2862,0.2019,-2.116,0.971,0.0,0.0,0,0.0,-0.0,0,0.0,0.0
0,993,19.86,back,0.04899,0.04297,-0.02353,0.04899,0.012,7.71,82.04,0.2885,0.2389,-11.205,0.81,0.0,0.0,0,0.0,-0.0,0,0.0,0.0
1,993,19.86,back,0.06617,0.05748,-0.03279,0.06617,0.012,7.31,71.9,0.2751,0.2051,-11.604,0.82,0.0,0.0,0,0.0,-0.0,0,0.0,0.0
2,993,19.86,back,0.04529,0.03725,-0.02576,0.04529,0.012,6.9,82.93,0.2848,0.2335,-12.644,1.582,0.0,0.0,0,0.0,-0.0,0,0.0,0.0
3,993,19.86,back,0.05635,0.05392,-0.01636,0.05635,0.012,6.03,82.23,0.2865,0.2008,-2.12,1.364,0.0,0.0,0,0.0,-0.0,0,0.0,0.0
0,994,19.88,back,0.04901,0.04289,-0.02372,0.04901,0.012,7.58,82.04,0.2886,0.2372,-11.182,1.004,0.0,0.0,0,0.0,-0.0,0,0.0,0.0
1,994,19.88,back,0.06496,0.05632,-0.03238,0.06496,0.012,7.2,71.5,0.2753,0.2036,-11.583,0.61,0.0,0.0,0,0.0,-0.0,0,0.0,0.0
2,994,19.88,back,0.04603,0.03832,-0.0255,0.04603,0.012,7.22,82.27,0.285,0.2325,-12.624,1.159,0.0,0.0,0,0.0,-0.0,0,0.0,0.0
3,994,19.88,back,0.05445,0.0519,-0.01644,0.05445,0.012,6.08,83.18,0.2867,0.1998,-2.095,1.723,0.0,0.0,0,0.0,-0.0,0,0.0,0.0
0,995,19.9,back,0.04904,0.04311,-0.02338,0.04904,0.012,7.9,81.94,0.2887,0.2357,-11.154,1.627,0.0,0.0,0,0.0,-0.0,0,0.0,0.0
1,995,19.9,back,0.06414,0.05567,-0.03185,0.06414,0.012,7.6,72.74,0.2755,0.2021,-11.555,0.991,0.0,0.0,0,0.0,-0.0,0,0.0,0.0
2,995,19.9,back,0.04744,0.03946,-0.02634,0.04744,0.012,7.49,82.18,0.2851,0.2314,-12.623,0.892,0.0,0.0,0,0.0,-0.0,0,0.0,0.0
3,995,19.9,back,0.05378,0.05114,-0.01665,0.05378,0.012,6.29,82.46,0.2869,0.1988,-2.088,0.916,0.0,0.0,0,0.0,-0.0,0,0.0,0.0
0,996,19.92,back,0.04799,0.04167,-0.02381,0.04799,0.012,7.81,81.74,0.2888,0.2342,-11.165,1.383,0.0,0.0,0,0.0,-0.0,0,0.0,0.0
1,996,19.92,back,0.06258,0.05405,-0.03155,0.06258,0.012,7.51,72.15,0.2756,0.2006,-11.554,1.022,0.0,0.0,0,0.0,-0.0,0,0.0,0.0
2,996,19.92,back,0.04881,0.04138,-0.02589,0.04881,0.012,8.05,81.5,0.2852,0.2304,-12.578,0.966,0.0,0.0,0,0.0,-0.0,0,0.0,0.0
3,996,19.92,back,0.05588,0.05338,-0.01655,0.05588,0.012,6.96,82.25,0.2869,0.1979,-2.073,0.991,0.0,0.0,0,0.0,-0.0,0,0.0,0.0
0,997,19.94,back,0.04838,0.04238,-0.02333,0.04838,0.012,8.21,81.73,0.2888,0.2327,-11.129,1.119,0.0,0.0,0,0.0,-0.0,0,0.0,0.0
1,997,19.94,back,0.06256,0.05432,-0.03104,0.06256,0.012,8.0,73.22,0.2758,0.1992,-11.53,0.914,0.0,0.0,0,0.0,-0.0,0,0.0,0.0
2,997,19.94,back,0.04765,0.03939,-0.02681,0.04765,0.012,7.59,81.71,0.2853,0.2294,-12.585,1.308,0.0,0.0,0,0.0,-0.0,0,0.0,0.0
3,997,19.94,back,0.05672,0.05391,-0.01762,0.05672,0.012,6.98,81.96,0.287,0.1969,-2.061,0.602,0.0,0.0,0,0.0,-0.0,0,0.0,0.0
0,998,19.96,back,0.04908,0.04301,-0.02365,0.04908,0.012,8.42,81.19,0.2889,0.2313,-11.128,0.965,0.0,0.0,0,0.0,-0.0,0,0.0,0.0
1,998,19.96,back,0.06155,0.05313,-0.03107,0.06155,0.012,7.92,72.58,0.2759,0.1978,-11.524,0.844,0.0,0.0,0,0.0,-0.0,0,0.0,0.0
2,998,19.96,back,0.04709,0.03855,-0.02705,0.04709,0.012,7.81,82.05,0.2854,0.2285,-12.558,1.717,0.0,0.0,0,0.0,-0.0,0,0.0,0.0
3,998,19.96,back,0.05802,0.0552,-0.01789,0.05802,0.012,7.53,81.71,0.2871,0.1961,-2.028,1.105,0.0,0.0,0,0.0,-0.0,0,0.0,0.0
0,999,19.98,back,0.05195,0.04605,-0.02403,0.05195,0.012,9.19,80.63,0.2889,0.23,-11.116,0.801,0.0,0.0,0,0.0,-0.0,0,0.0,0.0
1,999,19.98,back,0.06179,0.05343,-0.03103,0.06179,0.012,8.43,73.45,0.276,0.1965,-11.504,0.873,0.0,0.0,0,0.0,-0.0,0,0.0,0.0
2,999,19.98,back,0.04682,0.03806,-0.02727,0.04682,0.012,7.98,81.36,0.2855,0.2276,-12.548,1.273,0.0,0.0,0,0.0,-0.0,0,0.0,0.0
3,999,19.98,back,0.05607,0.05262,-0.01937,0.05607,0.012,7.05,81.73,0.2872,0.1952,-2.05,1.663,0.0,0.0,0,0.0,-0.0,0,0.0,0.0
0,1000,20.0,back,0.0512,0.04504,-0.02435,0.0512,0.012,8.96,80.74,0.2889,0.2287,-11.104,1.031,0.0,0.0,0,0.0,-0.0,0,0.0,0.0
1,1000,20.0,back,0.06058,0.05226,-0.03065,0.06058,0.012,8.34,72.87,0.2761,0.1952,-11.489,0.875,0.0,0.0,0,0.0,-0.0,0,0.0,0.0
2,1000,20.0,back,0.04838,0.04028,-0.02679,0.04838,0.012,8.63,81.09,0.2856,0.2266,-12.519,1.349,0.0,0.0,0,0.0,-0.0,0,0.0,0.0
3,1000,20.0,back,0.05496,0.05137,-0.01952,0.05496,0.012,7.29,82.37,0.2874,0.1944,-2.031,1.724,0.0,0.0,0,0.0,-0.0,0,0.0,0.0
0,1001,20.02,back,0.05026,0.04429,-0.02376,0.05026,0.012,9.18,80.73,0.2889,0.2275,-11.075,1.727,0.0,0.0,0,0.0,-0.0,0,0.0,0.0
1,1001,20.02,back,0.06066,0.05234,-0.03065,0.06066,0.012,8.76,73.79,0.2762,0.194,-11.471,0.913,0.0,0.0,0,0.0,-0.0,0,0.0,0.0
2,1001,20.02,back,0.04843,0.0398,-0.0276,0.04843,0.012,8.45,81.09,0.2857,0.2257,-12.511,0.767,0.0,0.0,0,0.0,-0.0,0,0.0,0.0
3,1001,20.02,back,0.05442,0.05099,-0.01901,0.05442,0.012,7.54,81.43,0.2875,0.1937,-2.018,1.427,0.0,0.0,0,0.0,-0.0,0,0.0,0.0
0,1002,20.04,back,0.04801,0.04139,-0.02433,0.04801,0.012,8.85,80.78,0.289,0.2263,-11.093,1.293,0.0,0.0,0,0.0,-0.0,0,0.0,0.0
1,1002,20.04,back,0.05987,0.05157,-0.03041,0.05987,0.012,8.78,73.07,0.2763,0.1928,-11.458,0.719,0.0,0.0,0,0.0,-0.0,0,0.0,0.0
2,1002,20.04,back,0.04858,0.03996,-0.02764,0.04858,0.012,8.78,80.92,0.2858,0.225,-12.479,1.359,0.0,0.0,0,0.0,-0.0,0,0.0,0.0
3,1002,20.04,back,0.05397,0.05029,-0.01959,0.05397,0.012,7.56,81.8,0.2876,0.1928,-2.023,1.543,0.0,0.0,0,0.0,-0.0,0,0.0,0.0
0,1003,20.06,back,0.04761,0.04085,-0.02445,0.04761,0.012,9.05,80.94,0.289,0.2251,-11.065,1.292,0.0,0.0,0,0.0,-0.0,0,0.0,0.0
1,1003,20.06,back,0.06056,0.05235,-0.03044,0.06056,0.012,9.29,73.65,0.2764,0.1916,-11.441,0.747,0.0,0.0,0,0.0,-0.0,0,0.0,0.0
2,1003,20.06,back,0.04678,0.0371,-0.02849,0.04678,0.012,8.33,81.16,0.2859,0.2241,-12.495,1.713,0.0,0.0,0,0.0,-0.0,0,0.0,0.0
3,1003,20.06,back,0.05401,0.05041,-0.01938,0.05401,0.012,7.76,81.67,0.2876,0.1921,-1.983,1.497,0.0,0.0,0,0.0,-0.0,0,0.0,0.0
0,1004,20.08,back,0.04829,0.04137,-0.0249,0.04829,0.012,9.33,80.46,0.289,0.224,-11.06,1.166,0.0,0.0,0,0.0,-0.0,0,0.0,0.0
1,1004,20.08,back,0.05927,0.05079,-0.03054,0.05927,0.012,9.06,73.34,0.2766,0.1905,-11.434,0.771,0.0,0.0,0,0.0,-0.0,0,0.0,0.0
2,1004,20.08,back,0.04551,0.03537,-0.02864,0.04551,0.012,8.38,81.48,0.2861,0.2234,-12.481,1.711,0.0,0.0,0,0.0,-0.0,0,0.0,0.0
3,1004,20.08,back,0.05496,0.05106,-0.02032,0.05496,0.012,7.98,81.25,0.2877,0.1914,-2.001,1.273,0.0,0.0,0,0.0,-0.0,0,0.0,0.0
0,1005,20.1,back,0.05062,0.04367,-0.0256,0.05062,0.012,9.96,79.9,0.2889,0.223,-11.059,0.786,0.0,0.0,0,0.0,-0.0,0,0.0,0.0
1,1005,20.1,back,0.05868,0.05027,-0.03026,0.05868,0.012,9.42,74.36,0.2767,0.1894,-11.408,1.361,0.0,0.0,0,0.0,-0.0,0,0.0,0.0
2,1005,20.1,back,0.04507,0.03494,-0.02847,0.04507,0.012,8.59,80.87,0.2862,0.2226,-12.475,0.92,0.0,0.0,0,0.0,-0.0,0,0.0,0.0
3,1005,20.1,back,0.05755,0.05378,-0.0205,0.05755,0.012,8.7,80.72,0.2878,0.1908,-1.994,0.887,0.0,0.0,0,0.0,-0.0,0,0.0,0.0
0,1006,20.12,back,0.05199,0.04523,-0.02563,0.05199,0.012,10.4,79.46,0.2889,0.222,-11.033,0.428,0.0,0.0,0,0.0,-0.0,0,0.0,0.0
1,1006,20.12,back,0.05705,0.04812,-0.03065,0.05705,0.012,9.22,73.76,0.2768,0.1883,-11.416,1.222,0.0,0.0,0,0.0,-0.0,0,0.0,0.0
2,1006,20.12,back,0.04687,0.0373,-0.02838,0.04687,0.012,9.29,80.48,0.2863,0.2219,-12.47,1.312,0.0,0.0,0,0.0,-0.0,0,0.0,0.0
3,1006,20.12,back,0.05737,0.05303,-0.02189,0.05737,0.012,8.5,80.6,0.2878,0.1901,-2.017,0.958,0.0,0.0,0,0.0,-0.0,0,0.0,0.0
0,1007,20.14,back,0.05167,0.04421,-0.02675,0.05167,0.012,10.25,79.54,0.2888,0.221,-11.045,0.531,0.0,0.0,0,0.0,-0.0,0,0.0,0.0
1,1007,20.14,back,0.0569,0.04814,-0.03033,0.0569,0.012,9.62,74.83,0.277,0.1873,-11.393,1.133,0.0,0.0,0,0.0,-0.0,0,0.0,0.0
2,1007,20.14,back,0.04829,0.03885,-0.02868,0.04829,0.012,9.52,80.06,0.2863,0.2212,-12.454,0.761,0.0,0.0,0,0.0,-0.0,0,0.0,0.0
3,1007,20.14,back,0.05712,0.05253,-0.02243,0.05712,0.012,8.79,80.79,0.288,0.1895,-2.008,1.709,0.0,0.0,0,0.0,-0.0,0,0.0,0.0
0,1008,20.16,back,0.05178,0.04456,-0.02638,0.05178,0.012,10.71,79.21,0.2888,0.22,-11.015,1.149,0.0,0.0,0,0.0,-0.0,0,0.0,0.0
1,1008,20.16,back,0.05666,0.04769,-0.03059,0.05666,0.012,9.67,73.9,0.2771,0.1863,-11.391,0.954,0.0,0.0,0,0.0,-0.0,0,0.0,0.0
2,1008,20.16,back,0.05047,0.04057,-0.03002,0.05047,0.012,9.94,79.83,0.2863,0.2205,-12.458,0.636,0.0,0.0,0,0.0,-0.0,0,0.0,0.0
3,1008,20.16,back,0.05707,0.05199,-0.02354,0.05707,0.012,8.91,80.17,0.2881,0.1889,-2.032,1.181,0.0,0.0,0,0.0,-0.0,0,0.0,0.0
0,1009,20.18,back,0.0485,0.04024,-0.02708,0.0485,0.012,9.99,79.64,0.2889,0.219,-11.032,1.686,0.0,0.0,0,0.0,-0.0,0,0.0,0.0
1,1009,20.18,back,0.05845,0.04949,-0.0311,0.05845,0.012,10.32,74.43,0.2771,0.1854,-11.382,0.86,0.0,0.0,0,0.0,-0.0,0,0.0,0.0
2,1009,20.18,back,0.0519,0.04182,-0.03073,0.0519,0.012,10.28,79.22,0.2865,0.2199,-12.456,1.012,0.0,0.0,0,0.0,-0.0,0,0.0,0.0
3,1009,20.18,back,0.05905,0.05424,-0.02335,0.05905,0.012,9.56,80.04,0.2882,0.1883,-2.017,1.126,0.0,0.0,0,0.0,-0.0,0,0.0,0.0
0,1010,20.2,back,0.04701,0.03836,-0.02718,0.04701,0.012,10.04,79.96,0.2889,0.2181,-11.015,1.728,0.0,0.0,0,0.0,-0.0,0,0.0,0.0
1,1010,20.2,back,0.05732,0.0481,-0.03117,0.05732,0.012,10.06,74.08,0.2772,0.1845,-11.37,0.9,0.0,0.0,0,0.0,-0.0,0,0.0,0.0
2,1010,20.2,back,0.05221,0.04196,-0.03107,0.05221,0.012,10.45,79.25,0.2866,0.2193,-12.451,0.637,0.0,0.0,0,0.0,-0.0,0,0.0,0.0
3,1010,20.2,back,0.0582,0.05265,-0.02481,0.0582,0.012,9.12,79.97,0.2884,0.1876,-2.044,1.02,0.0,0.0,0,0.0,-0.0,0,0.0,0.0
0,1011,20.22,back,0.04655,0.03759,-0.02747,0.04655,0.012,10.2,79.69,0.2889,0.2172,-11.012,1.73,0.0,0.0,0,0.0,-0.0,0,0.0,0.0
1,1011,20.22,back,0.05659,0.0474,-0.03092,0.05659,0.012,10.36,74.96,0.2773,0.1836,-11.346,1.601,0.0,0.0,0,0.0,-0.0,0,0.0,0.0
2,1011,20.22,back,0.05278,0.04256,-0.03122,0.05278,0.012,10.73,78.84,0.2868,0.2187,-12.445,0.594,0.0,0.0,0,0.0,-0.0,0,0.0,0.0
3,1011,20.22,back,0.05739,0.05156,-0.0252,0.05739,0.012,9.4,80.25,0.2885,0.1871,-2.04,1.715,0.0,0.0,0,0.0,-0.0,0,0.0,0.0
0,1012,20.24,back,0.04746,0.03868,-0.02751,0.04746,0.012,10.74,79.2,0.2888,0.2163,-10.996,1.078,0.0,0.0,0,0.0,-0.0,0,0.0,0.0
1,1012,20.24,back,0.05505,0.04505,-0.03165,0.05505,0.012,10.17,74.32,0.2775,0.1827,-11.363,1.174,0.0,0.0,0,0.0,-0.0,0,0.0,0.0
2,1012,20.24,back,0.05199,0.04029,-0.03286,0.05199,0.012,10.29,79.18,0.2869,0.218,-12.477,1.027,0.0,0.0,0,0.0,-0.0,0,0.0,0.0
3,1012,20.24,back,0.05608,0.04983,-0.02574,0.05608,0.012,9.39,79.82,0.2887,0.1865,-2.066,1.473,0.0,0.0,0,0.0,-0.0,0,0.0,0.0
0,1013,20.26,back,0.04847,0.03927,-0.02841,0.04847,0.012,10.89,78.94,0.2888,0.2154,-10.994,0.724,0.0,0.0,0,0.0,-0.0,0,0.0,0.0
1,1013,20.26,back,0.055,0.0451,-0.03148,0.055,0.012,10.51,75.32,0.2776,0.1819,-11.344,1.062,0.0,0.0,0,0.0,-0.0,0,0.0,0.0
2,1013,20.26,back,0.05116,0.03911,-0.03298,0.05116,0.012,10.47,79.35,0.2871,0.2174,-12.458,1.445,0.0,0.0,0,0.0,-0.0,0,0.0,0.0
3,1013,20.26,back,0.05671,0.0507,-0.02542,0.05671,0.012,9.78,79.86,0.2888,0.186,-2.058,1.083,0.0,0.0,0,0.0,-0.0,0,0.0,0.0
0,1014,20.28,back,0.05098,0.04172,-0.02929,0.05098,0.012,11.59,78.31,0.2887,0.2146,-10.988,1.049,0.0,0.0,0,0.0,-0.0,0,0.0,0.0
1,1014,20.28,back,0.0556,0.04539,-0.03212,0.0556,0.012,10.74,74.25,0.2776,0.1811,-11.35,0.759,0.0,0.0,0,0.0,-0.0,0,0.0,0.0
2,1014,20.28,back,0.04978,0.03655,-0.03379,0.04978,0.012,10.2,79.11,0.2873,0.2168,-12.484,1.503,0.0,0.0,0,0.0,-0.0,0,0.0,0.0
3,1014,20.28,back,0.05848,0.05215,-0.02646,0.05848,0.012,10.08,79.14,0.2889,0.1854,-2.084,0.817,0.0,0.0,0,0.0,-0.0,0,0.0,0.0
0,1015,20.3,back,0.05006,0.03946,-0.0308,0.05006,0.012,11.13,78.49,0.2887,0.2137,-11.013,1.656,0.0,0.0,0,0.0,-0.0,0,0.0,0.0
1,1015,20.3,back,0.05743,0.0473,-0.03258,0.05743,0.012,11.31,74.31,0.2777,0.1803,-11.345,0.63,0.0,0.0,0,0.0,-0.0,0,0.0,0.0
2,1015,20.3,back,0.05009,0.03647,-0.03434,0.05009,0.012,10.52,79.29,0.2875,0.2162,-12.484,1.31,0.0,0.0,0,0.0,-0.0,0,0.0,0.0
3,1015,20.3,back,0.06094,0.05426,-0.02774,0.06094,0.012,10.61,78.94,0.2889,0.1849,-2.106,0.808,0.0,0.0,0,0.0,-0.0,0,0.0,0.0
0,1016,20.32,back,0.04977,0.0393,-0.03055,0.04977,0.012,11.56,78.42,0.2887,0.213,-10.988,1.729,0.0,0.0,0,0.0,-0.0,0,0.0,0.0
1,1016,20.32,back,0.05709,0.04684,-0.03263,0.05709,0.012,11.3,74.07,0.2778,0.1796,-11.332,0.464,0.0,0.0,0,0.0,-0.0,0,0.0,0.0
2,1016,20.32,back,0.05088,0.03703,-0.03489,0.05088,0.012,10.74,78.79,0.2876,0.2157,-12.496,0.954,0.0,0.0,0,0.0,-0.0,0,0.0,0.0
3,1016,20.32,back,0.06269,0.05632,-0.02753,0.06269,0.012,11.14,78.05,0.289,0.1844,-2.102,1.252,0.0,0.0,0,0.0,-0.0,0,0.0,0.0
0,1017,20.34,back,0.04672,0.03517,-0.03076,0.04672,0.012,10.97,78.72,0.2887,0.2121,-10.996,1.73,0.0,0.0,0,0.0,-0.0,0,0.0,0.0
1,1017,20.34,back,0.05763,0.04699,-0.03337,0.05763,0.012,11.66,74.21,0.2779,0.1789,-11.334,0.818,0.0,0.0,0,0.0,-0.0,0,0.0,0.0
2,1017,20.34,back,0.05305,0.04004,-0.03479,0.05305,0.012,11.46,78.21,0.2876,0.2151,-12.488,0.861,0.0,0.0,0,0.0,-0.0,0,0.0,0.0
3,1017,20.34,back,0.06146,0.05411,-0.02915,0.06146,0.012,10.72,78.55,0.2891,0.1838,-2.147,1.029,0.0,0.0,0,0.0,-0.0,0,0.0,0.0
0,1018,20.36,back,0.0448,0.03271,-0.03061,0.0448,0.012,10.81,79.12,0.2887,0.2113,-10.969,1.729,0.0,0.0,0,0.0,-0.0,0,0.0,0.0
1,1018,20.36,back,0.05626,0.04505,-0.03369,0.05626,0.012,11.41,73.97,0.278,0.1781,-11.342,0.758,0.0,0.0,0,0.0,-0.0,0,0.0,0.0
2,1018,20.36,back,0.05283,0.03892,-0.03572,0.05283,0.012,11.08,78.32,0.2877,0.2145,-12.51,1.034,0.0,0.0,0,0.0,-0.0,0,0.0,0.0
3,1018,20.36,back,0.06001,0.05239,-0.02927,0.06001,0.012,10.88,78.71,0.2893,0.1834,-2.146,1.716,0.0,0.0,0,0.0,-0.0,0,0.0,0.0
0,1019,20.38,back,0.0448,0.03183,-0.03153,0.0448,0.012,10.83,78.95,0.2887,0.2105,-10.974,1.364,0.0,0.0,0,0.0,-0.0,0,0.0,0.0
1,1019,20.38,back,0.05574,0.0444,-0.0337,0.05574,0.012,11.65,74.59,0.2781,0.1774,-11.331,1.219,0.0,0.0,0,0.0,-0.0,0,0.0,0.0
2,1019,20.38,back,0.05236,0.03832,-0.03568,0.05236,0.012,11.37,78.47,0.2879,0.214,-12.498,1.714,0.0,0.0,0,0.0,-0.0,0,0.0,0.0
3,1019,20.38,back,0.0573,0.04876,-0.0301,0.0573,0.012,10.48,78.67,0.2895,0.1828,-2.185,1.431,0.0,0.0,0,0.0,-0.0,0,0.0,0.0
0,1020,20.4,back,0.04682,0.03367,-0.03252,0.04682,0.012,11.49,78.44,0.2886,0.2097,-10.972,0.935,0.0,0.0,0,0.0,-0.0,0,0.0,0.0
1,1020,20.4,back,0.05491,0.04263,-0.03462,0.05491,0.012,11.49,74.04,0.2783,0.1768,-11.354,0.966,0.0,0.0,0,0.0,-0.0,0,0.0,0.0
2,1020,20.4,back,0.05061,0.03495,-0.03661,0.05061,0.012,10.91,78.48,0.288,0.2134,-12.534,1.506,0.0,0.0,0,0.0,-0.0,0,0.0,0.0
3,1020,20.4,back,0.05611,0.04719,-0.03036,0.05611,0.012,10.52,79.2,0.2896,0.1823,-2.191,1.408,0.0,0.0,0,0.0,-0.0,0,0.0,0.0
0,1021,20.42,back,0.04928,0.0364,-0.03322,0.04928,0.012,12.17,77.47,0.2885,0.2089,-10.967,1.109,0.0,0.0,0,0.0,-0.0,0,0.0,0.0
1,1021,20.42,back,0.05532,0.04316,-0.03459,0.05532,0.012,11.92,74.57,0.2784,0.1761,-11.343,0.962,0.0,0.0,0,0.0,-0.0,0,0.0,0.0
2,1021,20.42,back,0.05,0.03357,-0.03706,0.05,0.012,11.01,78.85,0.2882,0.2128,-12.539,1.463,0.0,0.0,0,0.0,-0.0,0,0.0,0.0
3,1021,20.42,back,0.05636,0.04699,-0.03112,0.05636,0.012,10.72,78.65,0.2897,0.1818,-2.219,0.976,0.0,0.0,0,0.0,-0.0,0,0.0,0.0
0,1022,20.44,back,0.04994,0.03608,-0.03453,0.04994,0.012,12.16,77.65,0.2885,0.2081,-10.978,1.182,0.0,0.0,0,0.0,-0.0,0,0.0,0.0
1,1022,20.44,back,0.05471,0.04181,-0.03529,0.05471,0.012,11.76,73.88,0.2784,0.1754,-11.358,0.84,0.0,0.0,0,0.0,-0.0,0,0.0,0.0
2,1022,20.44,back,0.05042,0.03346,-0.03771,0.05042,0.012,11.24,78.35,0.2883,0.2122,-12.555,1.462,0.0,0.0,0,0.0,-0.0,0,0.0,0.0
3,1022,20.44,back,0.05897,0.05015,-0.03102,0.05897,0.012,11.44,77.99,0.2898,0.1813,-2.233,0.909,0.0,0.0,0,0.0,-0.0,0,0.0,0.0
0,1023,20.46,back,0.04962,0.03579,-0.03437,0.04962,0.012,12.42,77.41,0.2885,0.2073,-10.955,1.435,0.0,0.0,0,0.0,-0.0,0,0.0,0.0
1,1023,20.46,back,0.05524,0.04235,-0.03547,0.05524,0.012,12.21,74.48,0.2785,0.1748,-11.353,0.972,0.0,0.0,0,0.0,-0.0,0,0.0,0.0
2,1023,20.46,back,0.0526,0.03617,-0.0382,0.0526,0.012,11.92,77.79,0.2883,0.2117,-12.568,1.061,0.0,0.0,0,0.0,-0.0,0,0.0,0.0
3,1023,20.46,back,0.05971,0.05019,-0.03235,0.05971,0.012,11.32,77.87,0.2898,0.1807,-2.272,0.83,0.0,0.0,0,0.0,-0.0,0,0.0,0.0
0,1024,20.48,back,0.04776,0.03218,-0.03529,0.04776,0.012,11.84,77.79,0.2885,0.2065,-10.979,1.366,0.0,0.0,0,0.0,-0.0,0,0.0,0.0
1,1024,20.48,back,0.05454,0.04089,-0.03609,0.05454,0.012,12.03,73.72,0.2786,0.1742,-11.37,0.909,0.0,0.0,0,0.0,-0.0,0,0.0,0.0
2,1024,20.48,back,0.05447,0.03837,-0.03866,0.05447,0.012,12.3,77.13,0.2884,0.2111,-12.573,0.885,0.0,0.0,0,0.0,-0.0,0,0.0,0.0
3,1024,20.48,back,0.05972,0.0502,-0.03234,0.05972,0.012,11.76,77.84,0.2899,0.1802,-2.271,1.702,0.0,0.0,0,0.0,-0.0,0,0.0,0.0
0,1025,20.5,back,0.04716,0.03073,-0.03577,0.04716,0.012,11.94,78.05,0.2885,0.2057,-10.968,1.727,0.0,0.0,0,0.0,-0.0,0,0.0,0.0
1,1025,20.5,back,0.05505,0.04135,-0.03634,0.05505,0.012,12.45,74.33,0.2787,0.1736,-11.366,1.096,0.0,0.0,0,0.0,-0.0,0,0.0,0.0
2,1025,20.5,back,0.05514,0.03767,-0.04027,0.05514,0.012,12.21,77.36,0.2885,0.2105,-12.605,0.722,0.0,0.0,0,0.0,-0.0,0,0.0,0.0
3,1025,20.5,back,0.05703,0.04621,-0.03343,0.05703,0.012,11.11,78.01,0.2901,0.1796,-2.322,1.695,0.0,0.0,0,0.0,-0.0,0,0.0,0.0
0,1026,20.52,back,0.04779,0.03033,-0.03694,0.04779,0.012,12.11,77.59,0.2886,0.2049,-10.986,1.73,0.0,0.0,0,0.0,-0.0,0,0.0,0.0
1,1026,20.52,back,0.05447,0.03972,-0.03727,0.05447,0.012,12.25,73.72,0.2788,0.173,-11.39,0.958,0.0,0.0,0,0.0,-0.0,0,0.0,0.0
2,1026,20.52,back,0.0548,0.03764,-0.03983,0.0548,0.012,12.52,77.08,0.2886,0.21,-12.594,1.023,0.0,0.0,0,0.0,-0.0,0,0.0,0.0
3,1026,20.52,back,0.0554,0.04394,-0.03374,0.0554,0.012,11.12,78.66,0.2902,0.1791,-2.338,1.721,0.0,0.0,0,0.0,-0.0,0,0.0,0.0
0,1027,20.54,back,0.04923,0.03249,-0.03699,0.04923,0.012,12.97,76.87,0.2885,0.2041,-10.964,1.169,0.0,0.0,0,0.0,-0.0,0,0.0,0.0
1,1027,20.54,back,0.05477,0.04002,-0.03739,0.05477,0.012,12.67,74.25,0.2788,0.1725,-11.384,1.23,0.0,0.0,0,0.0,-0.0,0,0.0,0.0
2,1027,20.54,back,0.05314,0.03445,-0.04046,0.05314,0.012,11.91,77.42,0.2888,0.2094,-12.632,1.284,0.0,0.0,0,0.0,-0.0,0,0.0,0.0
3,1027,20.54,back,0.05482,0.04302,-0.03398,0.05482,0.012,11.28,78.22,0.2904,0.1786,-2.359,1.516,0.0,0.0,0,0.0,-0.0,0,0.0,0.0
0,1028,20.56,back,0.04923,0.03081,-0.0384,0.04923,0.012,12.58,77.09,0.2885,0.2033,-10.984,1.034,0.0,0.0,0,0.0,-0.0,0,0.0,0.0
1,1028,20.56,back,0.05388,0.03782,-0.03837,0.05388,0.012,12.35,73.64,0.2789,0.1719,-11.41,1.13,0.0,0.0,0,0.0,-0.0,0,0.0,0.0
2,1028,20.56,back,0.05234,0.03233,-0.04116,0.05234,0.012,11.95,77.88,0.2889,0.2088,-12.65,1.719,0.0,0.0,0,0.0,-0.0,0,0.0,0.0
3,1028,20.56,back,0.05702,0.04511,-0.03487,0.05702,0.012,11.9,77.66,0.2904,0.178,-2.396,0.952,0.0,0.0,0,0.0,-0.0,0,0.0,0.0
0,1029,20.58,back,0.04973,0.03107,-0.03883,0.04973,0.012,12.92,76.95,0.2884,0.2026,-10.976,1.729,0.0,0.0,0,0.0,-0.0,0,0.0,0.0
1,1029,20.58,back,0.05395,0.0376,-0.03869,0.05395,0.012,12.68,74.49,0.279,0.1713,-11.41,1.342,0.0,0.0,0,0.0,-0.0,0,0.0,0.0
2,1029,20.58,back,0.05265,0.03141,-0.04225,0.05265,0.012,12.15,77.27,0.2891,0.2083,-12.684,1.374,0.0,0.0,0,0.0,-0.0,0,0.0,0.0
3,1029,20.58,back,0.05974,0.04816,-0.03535,0.05974,0.012,12.46,76.87,0.2904,0.1775,-2.412,0.673,0.0,0.0,0,0.0,-0.0,0,0.0,0.0
0,1030,20.6,back,0.04874,0.02803,-0.03987,0.04874,0.012,12.46,76.99,0.2884,0.2018,-11.004,1.482,0.0,0.0,0,0.0,-0.0,0,0.0,0.0
1,1030,20.6,back,0.05391,0.03677,-0.03942,0.05391,0.012,12.7,73.44,0.2791,0.1708,-11.431,1.124,0.0,0.0,0,0.0,-0.0,0,0.0,0.0
2,1030,20.6,back,0.05425,0.03431,-0.04202,0.05425,0.012,12.92,76.68,0.2892,0.2077,-12.685,0.972,0.0,0.0,0,0.0,-0.0,0,0.0,0.0
3,1030,20.6,back,0.06084,0.04838,-0.03689,0.06084,0.012,12.44,76.96,0.2905,0.1769,-2.452,0.642,0.0,0.0,0,0.0,-0.0,0,0.0,0.0
0,1031,20.62,back,0.04849,0.027,-0.04028,0.04849,0.012,12.61,77.31,0.2884,0.2011,-10.996,1.607,0.0,0.0,0,0.0,-0.0,0,0.0,0.0
1,1031,20.62,back,0.05533,0.03847,-0.03977,0.05533,0.012,13.29,73.71,0.2791,0.1702,-11.432,1.066,0.0,0.0,0,0.0,-0.0,0,0.0,0.0
2,1031,20.62,back,0.05481,0.03378,-0.04317,0.05481,0.012,12.59,76.86,0.2893,0.2071,-12.717,1.029,0.0,0.0,0,0.0,-0.0,0,0.0,0.0
3,1031,20.62,back,0.06093,0.04841,-0.03699,0.06093,0.012,12.87,76.56,0.2907,0.1764,-2.462,1.509,0.0,0.0,0,0.0,-0.0,0,0.0,0.0
0,1032,20.64,back,0.04884,0.02685,-0.04079,0.04884,0.012,12.88,76.84,0.2884,0.2003,-11.001,1.73,0.0,0.0,0,0.0,-0.0,0,0.0,0.0
1,1032,20.64,back,0.05516,0.03752,-0.04042,0.05516,0.012,13.13,73.03,0.2792,0.1697,-11.448,0.891,0.0,0.0,0,0.0,-0.0,0,0.0,0.0
2,1032,20.64,back,0.05505,0.03387,-0.0434,0.05505,0.012,12.95,76.79,0.2894,0.2066,-12.718,1.722,0.0,0.0,0,0.0,-0.0,0,0.0,0.0
3,1032,20.64,back,0.05873,0.04481,-0.03797,0.05873,0.012,12.27,76.84,0.2908,0.1758,-2.518,1.7,0.0,0.0,0,0.0,-0.0,0,0.0,0.0
0,1033,20.66,back,0.04979,0.0279,-0.04123,0.04979,0.012,13.45,76.39,0.2883,0.1995,-10.994,1.359,0.0,0.0,0,0.0,-0.0,0,0.0,0.0
1,1033,20.66,back,0.05585,0.03789,-0.04103,0.05585,0.012,13.56,73.5,0.2793,0.1692,-11.458,1.251,0.0,0.0,0,0.0,-0.0,0,0.0,0.0
2,1033,20.66,back,0.05408,0.0308,-0.04445,0.05408,0.012,12.47,76.8,0.2895,0.2059,-12.764,1.53,0.0,0.0,0,0.0,-0.0,0,0.0,0.0
3,1033,20.66,back,0.05742,0.04272,-0.03836,0.05742,0.012,12.27,77.47,0.291,0.1752,-2.546,1.721,0.0,0.0,0,0.0,-0.0,0,0.0,0.0
0,1034,20.68,back,0.05138,0.02937,-0.04216,0.05138,0.012,13.88,75.76,0.2882,0.1988,-10.994,0.998,0.0,0.0,0,0.0,-0.0,0,0.0,0.0
1,1034,20.68,back,0.05469,0.03524,-0.04182,0.05469,0.012,13.15,72.98,0.2794,0.1687,-11.488,1.145,0.0,0.0,0,0.0,-0.0,0,0.0,0.0
2,1034,20.68,back,0.05355,0.02917,-0.0449,0.05355,0.012,12.57,77.26,0.2896,0.2053,-12.782,1.591,0.0,0.0,0,0.0,-0.0,0,0.0,0.0
3,1034,20.68,back,0.0572,0.04165,-0.0392,0.0572,0.012,12.48,76.87,0.2912,0.1747,-2.586,1.441,0.0,0.0,0,0.0,-0.0,0,0.0,0.0
0,1035,20.7,back,0.05212,0.02837,-0.04372,0.05212,0.012,13.76,76.0,0.2882,0.198,-11.017,0.783,0.0,0.0,0,0.0,-0.0,0,0.0,0.0
1,1035,20.7,back,0.05398,0.03432,-0.04166,0.05398,0.012,13.36,73.92,0.2795,0.1682,-11.488,1.509,0.0,0.0,0,0.0,-0.0,0,0.0,0.0
2,1035,20.7,back,0.05397,0.02871,-0.04569,0.05397,0.012,12.82,76.69,0.2898,0.2047,-12.815,1.619,0.0,0.0,0,0.0,-0.0,0,0.0,0.0
3,1035,20.7,back,0.05905,0.04413,-0.03923,0.05905,0.012,13.19,76.25,0.2913,0.1741,-2.61,0.896,0.0,0.0,0,0.0,-0.0,0,0.0,0.0
0,1036,20.72,back,0.05174,0.02791,-0.04358,0.05174,0.012,13.97,75.68,0.2882,0.1973,-10.996,1.382,0.0,0.0,0,0.0,-0.0,0,0.0,0.0
1,1036,20.72,back,0.0542,0.03332,-0.04275,0.0542,0.012,13.4,72.86,0.2796,0.1677,-11.524,1.116,0.0,0.0,0,0.0,-0.0,0,0.0,0.0
2,1036,20.72,back,0.05587,0.03144,-0.04618,0.05587,0.012,13.53,76.11,0.2898,0.2041,-12.833,1.201,0.0,0.0,0,0.0,-0.0,0,0.0,0.0
3,1036,20.72,back,0.05975,0.04397,-0.04046,0.05975,0.012,12.99,76.32,0.2913,0.1734,-2.651,1.026,0.0,0.0,0,0.0,-0.0,0,0.0,0.0
0,1037,20.74,back,0.05071,0.02457,-0.04436,0.05071,0.012,13.48,76.13,0.2882,0.1965,-11.019,1.479,0.0,0.0,0,0.0,-0.0,0,0.0,0.0
1,1037,20.74,back,0.05575,0.03515,-0.04328,0.05575,0.012,13.99,73.06,0.2797,0.1672,-11.531,1.01,0.0,0.0,0,0.0,-0.0,0,0.0,0.0
2,1037,20.74,back,0.05737,0.03339,-0.04665,0.05737,0.012,13.77,75.61,0.2899,0.2035,-12.846,0.858,0.0,0.0,0,0.0,-0.0,0,0.0,0.0
3,1037,20.74,back,0.05975,0.04389,-0.04055,0.05975,0.012,13.32,76.23,0.2914,0.1728,-2.662,1.725,0.0,0.0,0,0.0,-0.0,0,0.0,0.0
0,1038,20.76,back,0.05031,0.02292,-0.04479,0.05032,0.012,13.46,76.4,0.2882,0.1958,-11.018,1.724,0.0,0.0,0,0.0,-0.0,0,0.0,0.0
1,1038,20.76,back,0.05595,0.03459,-0.04398,0.05595,0.012,13.91,72.4,0.2798,0.1667,-11.547,0.847,0.0,0.0,0,0.0,-0.0,0,0.0,0.0
2,1038,20.76,back,0.0591,0.03419,-0.04821,0.0591,0.012,14.09,75.49,0.29,0.2028,-12.883,0.658,0.0,0.0,0,0.0,-0.0,0,0.0,0.0
3,1038,20.76,back,0.05883,0.04154,-0.04167,0.05883,0.012,13.01,76.06,0.2916,0.1722,-2.724,1.512,0.0,0.0,0,0.0,-0.0,0,0.0,0.0
0,1039,20.78,done,0.05153,0.02293,-0.04615,0.05153,0.012,13.67,75.75,0.2881,0.195,-11.044,1.045,0.0,0.0,0,0.0,-0.0,0,0.0,0.0
1,1039,20.78,done,0.05696,0.03505,-0.0449,0.05696,0.012,14.33,72.59,0.2799,0.1662,-11.569,1.007,0.0,0.0,0,0.0,-0.0,0,0.0,0.0
2,1039,20.78,done,0.06005,0.03484,-0.0489,0.06005,0.012,14.37,74.86,0.2901,0.2022,-12.907,1.206,0.0,0.0,0,0.0,-0.0,0,0.0,0.0
3,1039,20.78,done,0.05854,0.04071,-0.04207,0.05854,0.012,13.28,76.4,0.2917,0.1715,-2.753,1.471,0.0,0.0,0,0.0,-0.0,0,0.0,0.0
0,1040,20.8,done,0.05135,0.02577,-0.04442,0.05135,0.012,14.55,75.22,0.2881,0.1943,-11.024,1.388,0.0,0.0,0,0.0,-0.0,0,0.0,0.0
1,1040,20.8,done,0.05546,0.03404,-0.04378,0.05546,0.012,13.94,72.2,0.28,0.1657,-11.597,0.997,0.0,0.0,0,0.0,-0.0,0,0.0,0.0
2,1040,20.8,done,0.05945,0.0355,-0.04768,0.05945,0.012,14.21,75.18,0.2903,0.2015,-12.939,0.753,0.0,0.0,0,0.0,-0.0,0,0.0,0.0
3,1040,20.8,done,0.05914,0.04274,-0.04088,0.05914,0.012,13.67,75.53,0.2918,0.1709,-2.806,1.378,0.0,0.0,0,0.0,-0.0,0,0.0,0.0
0,1041,20.82,done,0.05092,0.02522,-0.04424,0.05092,0.012,14.11,75.36,0.288,0.1935,-11.052,1.23,0.0,0.0,0,0.0,-0.0,0,0.0,0.0
1,1041,20.82,done,0.05464,0.03431,-0.04253,0.05464,0.012,14.08,72.97,0.2801,0.1652,-11.612,1.443,0.0,0.0,0,0.0,-0.0,0,0.0,0.0
2,1041,20.82,done,0.05858,0.03641,-0.0459,0.05858,0.012,14.38,75.08,0.2905,0.2009,-12.954,1.167,0.0,0.0,0,0.0,-0.0,0,0.0,0.0
3,1041,20.82,done,0.06054,0.04546,-0.03998,0.06054,0.012,13.93,75.49,0.2919,0.1701,-2.848,1.16,0.0,0.0,0,0.0,-0.0,0,0.0,0.0
