t,state,q_cmd_0,q_cmd_1,q_cmd_2,q_cmd_3,q_cmd_4,q_cmd_5,q_fb_0,q_fb_1,q_fb_2,q_fb_3,q_fb_4,q_fb_5,q_true_0,q_true_1,q_true_2,q_true_3,q_true_4,q_true_5,gripper_cmd_m,finger_1_m,finger_2_m,finger_1_target_m,finger_2_target_m,cup_x_b,cup_y_b,cup_top_z_b,cup_tilt_deg,jaw_x_b,jaw_y_b,jaw_z_b,base_height_m
0.020,settle,nan,nan,nan,nan,nan,nan,0.00000,0.00507,0.00369,-0.00035,0.00035,0.00000,0.00000,0.00507,0.00369,-0.00035,0.00035,0.00000,0.0000,0.0000,-0.0000,0.0000,-0.0000,0.4356,0.0300,-0.0406,0.00,0.3872,-0.0013,0.4965,0.0851
0.040,settle,nan,nan,nan,nan,nan,nan,0.00000,0.00507,0.00369,-0.00035,0.00035,0.00000,0.00000,0.00507,0.00369,-0.00035,0.00035,0.00000,0.0000,0.0000,-0.0000,0.0000,-0.0000,0.4356,0.0300,-0.0406,0.00,0.3872,-0.0013,0.4965,0.0851
0.060,settle,nan,nan,nan,nan,nan,nan,0.00000,0.00507,0.00369,-0.00035,0.00035,0.00000,0.00000,0.00507,0.00369,-0.00035,0.00034,0.00000,0.0000,0.0000,-0.0000,0.0000,-0.0000,0.4356,0.0300,-0.0406,0.00,0.3872,-0.0013,0.4965,0.0851
0.080,settle,nan,nan,nan,nan,nan,nan,0.00000,0.00507,0.00369,-0.00035,0.00035,0.00000,0.00000,0.00507,0.00369,-0.00035,0.00035,0.00000,0.0000,0.0000,-0.0000,0.0000,-0.0000,0.4356,0.0300,-0.0406,0.00,0.3872,-0.0013,0.4965,0.0851
0.100,settle,nan,nan,nan,nan,nan,nan,0.00000,0.00507,0.00369,-0.00035,0.00035,0.00000,0.00000,0.00507,0.00369,-0.00035,0.00035,0.00000,0.0000,0.0000,-0.0000,0.0000,-0.0000,0.4356,0.0300,-0.0406,0.00,0.3872,-0.0013,0.4965,0.0851
0.120,settle,nan,nan,nan,nan,nan,nan,0.00000,0.00507,0.00369,-0.00035,0.00035,0.00000,0.00000,0.00507,0.00369,-0.00035,0.00035,0.00000,0.0000,0.0000,-0.0000,0.0000,-0.0000,0.4356,0.0300,-0.0406,0.00,0.3872,-0.0013,0.4965,0.0851
0.140,settle,nan,nan,nan,nan,nan,nan,0.00000,0.00507,0.00369,-0.00035,0.00035,0.00000,0.00000,0.00507,0.00369,-0.00035,0.00035,0.00000,0.0000,0.0000,-0.0000,0.0000,-0.0000,0.4356,0.0300,-0.0406,0.00,0.3872,-0.0013,0.4965,0.0851
0.160,settle,nan,nan,nan,nan,nan,nan,0.00000,0.00507,0.00369,-0.00035,0.00035,0.00000,0.00000,0.00507,0.00369,-0.00035,0.00034,0.00000,0.0000,0.0000,-0.0000,0.0000,-0.0000,0.4356,0.0300,-0.0406,0.00,0.3872,-0.0013,0.4965,0.0851
0.180,settle,nan,nan,nan,nan,nan,nan,0.00000,0.00507,0.00369,-0.00035,0.00035,0.00000,0.00000,0.00507,0.00369,-0.00035,0.00035,0.00000,0.0000,0.0000,-0.0000,0.0000,-0.0000,0.4356,0.0300,-0.0406,0.00,0.3872,-0.0013,0.4965,0.0851
0.200,settle,nan,nan,nan,nan,nan,nan,0.00000,0.00507,0.00369,-0.00035,0.00035,0.00000,0.00000,0.00507,0.00369,-0.00035,0.00035,0.00000,0.0000,0.0000,-0.0000,0.0000,-0.0000,0.4356,0.0300,-0.0406,0.00,0.3872,-0.0013,0.4965,0.0851
0.220,settle,nan,nan,nan,nan,nan,nan,0.00000,0.00507,0.00369,-0.00035,0.00035,0.00000,0.00000,0.00507,0.00369,-0.00035,0.00035,0.00000,0.0000,0.0000,-0.0000,0.0000,-0.0000,0.4356,0.0300,-0.0406,0.00,0.3872,-0.0013,0.4965,0.0851
0.240,settle,nan,nan,nan,nan,nan,nan,0.00000,0.00507,0.00369,-0.00035,0.00035,0.00000,0.00000,0.00507,0.00369,-0.00035,0.00035,0.00000,0.0000,0.0000,-0.0000,0.0000,-0.0000,0.4356,0.0300,-0.0406,0.00,0.3872,-0.0013,0.4965,0.0851
0.260,settle,nan,nan,nan,nan,nan,nan,0.00000,0.00507,0.00369,-0.00035,0.00035,0.00000,0.00000,0.00507,0.00369,-0.00035,0.00035,0.00000,0.0000,0.0000,-0.0000,0.0000,-0.0000,0.4356,0.0300,-0.0406,0.00,0.3872,-0.0013,0.4965,0.0851
0.280,settle,nan,nan,nan,nan,nan,nan,0.00000,0.00507,0.00369,-0.00035,0.00035,0.00000,0.00000,0.00507,0.00369,-0.00035,0.00035,0.00000,0.0000,0.0000,-0.0000,0.0000,-0.0000,0.4356,0.0300,-0.0406,0.00,0.3872,-0.0013,0.4965,0.0851
0.300,settle,nan,nan,nan,nan,nan,nan,0.00000,0.00507,0.00369,-0.00035,0.00035,0.00000,0.00000,0.00507,0.00369,-0.00035,0.00035,0.00000,0.0000,0.0000,-0.0000,0.0000,-0.0000,0.4356,0.0300,-0.0406,0.00,0.3872,-0.0013,0.4965,0.0851
0.320,settle,nan,nan,nan,nan,nan,nan,0.00000,0.00507,0.00369,-0.00035,0.00035,0.00000,0.00000,0.00507,0.00369,-0.00035,0.00035,0.00000,0.0000,0.0000,-0.0000,0.0000,-0.0000,0.4356,0.0300,-0.0406,0.00,0.3872,-0.0013,0.4965,0.0851
0.340,settle,nan,nan,nan,nan,nan,nan,0.00000,0.00507,0.00369,-0.00035,0.00035,0.00000,0.00000,0.00507,0.00369,-0.00035,0.00034,0.00000,0.0000,0.0000,-0.0000,0.0000,-0.0000,0.4356,0.0300,-0.0406,0.00,0.3872,-0.0013,0.4965,0.0851
0.360,settle,nan,nan,nan,nan,nan,nan,0.00000,0.00507,0.00369,-0.00035,0.00035,0.00000,0.00000,0.00507,0.00369,-0.00035,0.00035,0.00000,0.0000,0.0000,-0.0000,0.0000,-0.0000,0.4356,0.0300,-0.0406,0.00,0.3872,-0.0013,0.4965,0.0851
0.380,settle,nan,nan,nan,nan,nan,nan,0.00000,0.00507,0.00369,-0.00035,0.00035,0.00000,0.00000,0.00507,0.00369,-0.00035,0.00035,0.00000,0.0000,0.0000,-0.0000,0.0000,-0.0000,0.4356,0.0300,-0.0406,0.00,0.3872,-0.0013,0.4965,0.0851
0.400,settle,nan,nan,nan,nan,nan,nan,0.00000,0.00507,0.00369,-0.00035,0.00035,0.00000,0.00000,0.00507,0.00369,-0.00035,0.00034,0.00000,0.0000,0.0000,-0.0000,0.0000,-0.0000,0.4356,0.0300,-0.0406,0.00,0.3872,-0.0013,0.4965,0.0851
0.420,settle,nan,nan,nan,nan,nan,nan,0.00000,0.00507,0.00369,-0.00035,0.00035,0.00000,0.00000,0.00507,0.00369,-0.00035,0.00035,0.00000,0.0000,0.0000,-0.0000,0.0000,-0.0000,0.4356,0.0300,-0.0406,0.00,0.3872,-0.0013,0.4965,0.0851
0.440,settle,nan,nan,nan,nan,nan,nan,0.00000,0.00507,0.00369,-0.00035,0.00035,0.00000,0.00000,0.00507,0.00369,-0.00035,0.00035,0.00000,0.0000,0.0000,-0.0000,0.0000,-0.0000,0.4356,0.0300,-0.0406,0.00,0.3872,-0.0013,0.4965,0.0851
0.460,settle,nan,nan,nan,nan,nan,nan,0.00000,0.00507,0.00369,-0.00035,0.00035,0.00000,0.00000,0.00507,0.00369,-0.00035,0.00034,0.00000,0.0000,0.0000,-0.0000,0.0000,-0.0000,0.4356,0.0300,-0.0406,0.00,0.3872,-0.0013,0.4965,0.0851
0.480,settle,nan,nan,nan,nan,nan,nan,0.00000,0.00507,0.00369,-0.00035,0.00035,0.00000,0.00000,0.00507,0.00369,-0.00035,0.00035,0.00000,0.0000,0.0000,-0.0000,0.0000,-0.0000,0.4356,0.0300,-0.0406,0.00,0.3872,-0.0013,0.4965,0.0851
0.500,settle,nan,nan,nan,nan,nan,nan,0.00000,0.00507,0.00369,-0.00035,0.00035,0.00000,0.00000,0.00507,0.00369,-0.00035,0.00034,0.00000,0.0000,0.0000,-0.0000,0.0000,-0.0000,0.4356,0.0300,-0.0406,0.00,0.3872,-0.0013,0.4965,0.0851
0.520,moving,nan,nan,nan,nan,nan,nan,0.00000,0.00507,0.00369,-0.00035,0.00034,0.00000,0.00000,0.00507,0.00369,-0.00035,0.00035,0.00000,0.0000,0.0000,-0.0000,0.0000,-0.0000,0.4356,0.0300,-0.0406,0.00,0.3872,-0.0013,0.4965,0.0851
0.540,moving,0.00706,0.12588,0.94146,0.02787,-0.15502,0.02199,0.00000,0.00507,0.00369,-0.00035,0.00034,0.00000,0.00000,0.00507,0.00369,-0.00035,0.00035,0.00000,0.0000,0.0000,-0.0000,0.0000,-0.0000,0.4356,0.0300,-0.0406,0.00,0.3872,-0.0013,0.4965,0.0851
0.560,moving,0.00706,0.12588,0.94146,0.02787,-0.15502,0.02199,0.00000,0.00507,0.00369,-0.00035,0.00034,0.00000,0.00000,0.00507,0.00369,-0.00035,0.00034,0.00000,0.0000,0.0000,-0.0000,0.0000,-0.0000,0.4356,0.0300,-0.0406,0.00,0.3872,-0.0013,0.4965,0.0851
0.580,moving,0.00706,0.12588,0.94146,0.02787,-0.15502,0.02199,0.00000,0.00507,0.00369,-0.00035,0.00034,0.00000,0.00000,0.00507,0.00369,-0.00035,0.00035,0.00000,0.0000,0.0000,-0.0000,0.0000,-0.0000,0.4356,0.0300,-0.0406,0.00,0.3872,-0.0013,0.4965,0.0851
0.600,moving,0.00706,0.12588,0.94146,0.02787,-0.15502,0.02199,0.00000,0.00507,0.00369,-0.00035,0.00034,0.00000,0.00229,0.00706,0.00542,0.00235,-0.00199,0.00233,0.0000,0.0000,-0.0000,0.0000,-0.0000,0.4357,0.0299,-0.0407,0.00,0.3879,-0.0004,0.4955,0.0851
0.620,moving,0.00706,0.12588,0.94146,0.02787,-0.15502,0.02199,0.00000,0.00507,0.00369,-0.00035,0.00034,0.00000,0.00665,0.01524,0.01325,0.01079,-0.01052,0.01085,0.0000,0.0000,-0.0000,0.0000,-0.0000,0.4358,0.0298,-0.0407,0.00,0.3907,0.0013,0.4909,0.0851
0.640,moving,0.00706,0.12588,0.94146,0.02787,-0.15502,0.02199,0.00665,0.01524,0.01325,0.01079,-0.01052,0.01085,0.00705,0.02968,0.02739,0.02164,-0.02525,0.01930,0.0000,0.0000,-0.0000,0.0000,-0.0000,0.4359,0.0299,-0.0407,0.00,0.3954,0.0014,0.4825,0.0851
0.660,moving,0.00706,0.12588,0.94146,0.02787,-0.15502,0.02199,0.00665,0.01524,0.01325,0.01079,-0.01052,0.01085,0.00705,0.05040,0.04782,0.02690,-0.04618,0.02193,0.0000,0.0000,0.0000,0.0000,-0.0000,0.4360,0.0300,-0.0406,0.00,0.4019,0.0013,0.4702,0.0851
0.680,moving,0.00706,0.12588,0.94146,0.02787,-0.15502,0.02199,0.00665,0.01524,0.01325,0.01079,-0.01052,0.01085,0.00705,0.07602,0.07249,0.02760,-0.07107,0.02198,0.0000,0.0000,-0.0000,0.0000,-0.0000,0.4362,0.0300,-0.0406,0.00,0.4093,0.0013,0.4549,0.0851
0.700,moving,0.00706,0.12588,0.94146,0.02787,-0.15502,0.02199,0.00665,0.01524,0.01325,0.01079,-0.01052,0.01085,0.00705,0.09603,0.09440,0.02756,-0.07961,0.02198,0.0000,0.0000,-0.0000,0.0000,-0.0000,0.4361,0.0300,-0.0406,0.00,0.4144,0.0013,0.4397,0.0851
0.720,moving,0.00706,0.12588,0.94146,0.02787,-0.15502,0.02199,0.00665,0.01524,0.01325,0.01079,-0.01052,0.01085,0.00705,0.10606,0.11750,0.02749,-0.08808,0.02198,0.0000,0.0000,-0.0000,0.0000,-0.0000,0.4359,0.0300,-0.0405,0.00,0.4165,0.0012,0.4282,0.0851
0.740,moving,0.00706,0.12588,0.94146,0.02787,-0.15502,0.02199,0.00665,0.01524,0.01325,0.01079,-0.01052,0.01085,0.00704,0.11867,0.13244,0.02746,-0.10282,0.02198,0.0000,0.0000,-0.0000,0.0000,-0.0000,0.4357,0.0300,-0.0407,0.00,0.4194,0.0012,0.4198,0.0851
0.760,moving,0.00706,0.12588,0.94146,0.02787,-0.15502,0.02199,0.00704,0.11867,0.13244,0.02746,-0.10282,0.02198,0.00704,0.13036,0.14856,0.02750,-0.12313,0.02199,0.0000,0.0000,-0.0000,0.0000,-0.0000,0.4356,0.0299,-0.0405,0.00,0.4220,0.0011,0.4124,0.0852
0.780,moving,0.00706,0.12588,0.94146,0.02787,-0.15502,0.02199,0.00704,0.11867,0.13244,0.02746,-0.10282,0.02198,0.00704,0.13604,0.16929,0.02752,-0.13985,0.02199,0.0000,0.0000,-0.0000,0.0000,-0.0000,0.4353,0.0299,-0.0405,0.00,0.4228,0.0010,0.4051,0.0853
0.800,moving,0.00706,0.12588,0.94146,0.02787,-0.15502,0.02199,0.00704,0.11867,0.13244,0.02746,-0.10282,0.02198,0.00702,0.13660,0.18588,0.02752,-0.14532,0.02198,0.0000,0.0000,-0.0000,0.0000,-0.0000,0.4351,0.0299,-0.0405,0.00,0.4222,0.0010,0.3995,0.0852
0.820,moving,0.00706,0.12588,0.94146,0.02787,-0.15502,0.02199,0.00704,0.11867,0.13244,0.02746,-0.10282,0.02198,0.00702,0.13572,0.19652,0.02751,-0.15208,0.02198,0.0000,0.0000,-0.0000,0.0000,-0.0000,0.4350,0.0299,-0.0405,0.00,0.4216,0.0009,0.3970,0.0853
0.840,moving,0.00706,0.12588,0.94146,0.02787,-0.15502,0.02199,0.00704,0.11867,0.13244,0.02746,-0.10282,0.02198,0.00702,0.13478,0.20571,0.02754,-0.15444,0.02197,0.0000,0.0000,-0.0000,0.0000,-0.0000,0.4349,0.0299,-0.0405,0.00,0.4209,0.0009,0.3943,0.0853
0.860,moving,0.00706,0.12588,0.94146,0.02787,-0.15502,0.02199,0.00704,0.11867,0.13244,0.02746,-0.10282,0.02198,0.00702,0.13395,0.22200,0.02758,-0.15449,0.02197,0.0000,0.0000,-0.0000,0.0000,-0.0000,0.4350,0.0299,-0.0405,0.00,0.4197,0.0009,0.3884,0.0853
0.880,moving,0.00706,0.12588,0.94146,0.02787,-0.15502,0.02199,0.00702,0.13395,0.22200,0.02758,-0.15449,0.02197,0.00703,0.13337,0.24317,0.02760,-0.15449,0.02198,0.0000,0.0000,-0.0000,0.0000,-0.0000,0.4351,0.0299,-0.0405,0.00,0.4181,0.0009,0.3805,0.0852
0.900,moving,0.00706,0.12588,0.94146,0.02787,-0.15502,0.02199,0.00702,0.13395,0.22200,0.02758,-0.15449,0.02197,0.00702,0.13302,0.26078,0.02758,-0.15449,0.02198,0.0000,0.0000,-0.0000,0.0000,-0.0000,0.4353,0.0299,-0.0405,0.00,0.4166,0.0009,0.3739,0.0852
0.920,moving,0.00706,0.12588,0.94146,0.02787,-0.15502,0.02199,0.00702,0.13395,0.22200,0.02758,-0.15449,0.02197,0.00702,0.13275,0.27077,0.02756,-0.15449,0.02198,0.0000,0.0000,-0.0000,0.0000,-0.0000,0.4355,0.0299,-0.0405,0.00,0.4157,0.0009,0.3703,0.0852
0.940,moving,0.00706,0.12588,0.94146,0.02787,-0.15502,0.02199,0.00702,0.13395,0.22200,0.02758,-0.15449,0.02197,0.00702,0.13231,0.28060,0.02759,-0.15449,0.02199,0.0000,0.0000,-0.0000,0.0000,-0.0000,0.4357,0.0299,-0.0406,0.00,0.4148,0.0009,0.3667,0.0851
0.960,moving,0.00706,0.12588,0.94146,0.02787,-0.15502,0.02199,0.00702,0.13395,0.22200,0.02758,-0.15449,0.02197,0.00702,0.13191,0.29736,0.02762,-0.15451,0.02198,0.0000,0.0000,-0.0000,0.0000,-0.0000,0.4358,0.0299,-0.0405,0.00,0.4131,0.0008,0.3605,0.0851
0.980,moving,0.00706,0.12588,0.94146,0.02787,-0.15502,0.02199,0.00702,0.13395,0.22200,0.02758,-0.15449,0.02197,0.00702,0.13166,0.31891,0.02761,-0.15452,0.02196,0.0000,0.0000,-0.0000,0.0000,-0.0000,0.4359,0.0299,-0.0406,0.00,0.4109,0.0008,0.3525,0.0851
1.000,moving,0.00706,0.12588,0.94146,0.02787,-0.15502,0.02199,0.00702,0.13166,0.31891,0.02761,-0.15452,0.02196,0.00702,0.13159,0.33692,0.02758,-0.15452,0.02197,0.0000,0.0000,-0.0000,0.0000,-0.0000,0.4360,0.0299,-0.0405,0.00,0.4090,0.0008,0.3458,0.0851
1.020,moving,0.00706,0.12588,0.94146,0.02787,-0.15502,0.02199,0.00702,0.13166,0.31891,0.02761,-0.15452,0.02196,0.00703,0.13154,0.34732,0.02754,-0.15452,0.02197,0.0000,0.0000,-0.0000,0.0000,-0.0000,0.4359,0.0299,-0.0405,0.00,0.4078,0.0008,0.3419,0.0851
1.040,moving,0.00706,0.12588,0.94146,0.02787,-0.15502,0.02199,0.00702,0.13166,0.31891,0.02761,-0.15452,0.02196,0.00703,0.13132,0.35729,0.02758,-0.15452,0.02197,0.0000,0.0000,-0.0000,0.0000,-0.0000,0.4359,0.0299,-0.0406,0.00,0.4066,0.0008,0.3383,0.0851
1.060,moving,0.00706,0.12588,0.94146,0.02787,-0.15502,0.02199,0.00702,0.13166,0.31891,0.02761,-0.15452,0.02196,0.00702,0.13109,0.37415,0.02761,-0.15454,0.02197,0.0000,0.0000,-0.0000,0.0000,-0.0000,0.4358,0.0299,-0.0405,0.00,0.4045,0.0008,0.3322,0.0851
1.080,moving,0.00706,0.12588,0.94146,0.02787,-0.15502,0.02199,0.00702,0.13166,0.31891,0.02761,-0.15452,0.02196,0.00702,0.13100,0.39576,0.02762,-0.15454,0.02197,0.0000,0.0000,-0.0000,0.0000,-0.0000,0.4357,0.0299,-0.0406,0.00,0.4018,0.0008,0.3243,0.0851
1.100,moving,0.00706,0.12588,0.94146,0.02787,-0.15502,0.02199,0.00702,0.13166,0.31891,0.02761,-0.15452,0.02196,0.00702,0.13104,0.41381,0.02760,-0.15454,0.02198,0.0000,0.0000,-0.0000,0.0000,-0.0000,0.4356,0.0299,-0.0405,0.00,0.3993,0.0008,0.3177,0.0852
1.120,moving,0.00706,0.12588,0.94146,0.02787,-0.15502,0.02199,0.00702,0.13104,0.41381,0.02760,-0.15454,0.02198,0.00702,0.13108,0.42408,0.02758,-0.15454,0.02198,0.0000,0.0000,-0.0000,0.0000,-0.0000,0.4355,0.0299,-0.0405,0.00,0.3979,0.0007,0.3139,0.0852
1.140,moving,0.00706,0.12588,0.94146,0.02787,-0.15502,0.02199,0.00702,0.13104,0.41381,0.02760,-0.15454,0.02198,0.00702,0.13094,0.43410,0.02760,-0.15454,0.02198,0.0000,0.0000,-0.0000,0.0000,-0.0000,0.4355,0.0299,-0.0405,0.00,0.3964,0.0007,0.3103,0.0852
1.160,moving,0.00706,0.12588,0.94146,0.02787,-0.15502,0.02199,0.00702,0.13104,0.41381,0.02760,-0.15454,0.02198,0.00703,0.13079,0.45101,0.02763,-0.15454,0.02198,0.0000,0.0000,-0.0000,0.0000,-0.0000,0.4355,0.0299,-0.0405,0.00,0.3939,0.0007,0.3043,0.0852
1.180,moving,0.00706,0.12588,0.94146,0.02787,-0.15502,0.02199,0.00702,0.13104,0.41381,0.02760,-0.15454,0.02198,0.00703,0.13075,0.47267,0.02763,-0.15455,0.02198,0.0000,0.0000,-0.0000,0.0000,-0.0000,0.4354,0.0299,-0.0405,0.00,0.3905,0.0007,0.2966,0.0852
1.200,moving,0.00706,0.12588,0.94146,0.02787,-0.15502,0.02199,0.00702,0.13104,0.41381,0.02760,-0.15454,0.02198,0.00703,0.13082,0.49076,0.02761,-0.15455,0.02198,0.0000,0.0000,-0.0000,0.0000,-0.0000,0.4355,0.0299,-0.0405,0.00,0.3875,0.0007,0.2902,0.0852
1.220,moving,0.00706,0.12588,0.94146,0.02787,-0.15502,0.02199,0.00702,0.13104,0.41381,0.02760,-0.15454,0.02198,0.00703,0.13089,0.50087,0.02758,-0.15455,0.02198,0.0000,0.0000,-0.0000,0.0000,-0.0000,0.4355,0.0299,-0.0405,0.00,0.3858,0.0007,0.2866,0.0852
1.240,moving,0.00706,0.12588,0.94146,0.02787,-0.15502,0.02199,0.00703,0.13089,0.50087,0.02758,-0.15455,0.02198,0.00703,0.13076,0.51093,0.02760,-0.15455,0.02198,0.0000,0.0000,-0.0000,0.0000,-0.0000,0.4356,0.0299,-0.0405,0.00,0.3841,0.0006,0.2831,0.0852
1.260,moving,0.00706,0.12588,0.94146,0.02787,-0.15502,0.02199,0.00703,0.13089,0.50087,0.02758,-0.15455,0.02198,0.00703,0.13063,0.52791,0.02763,-0.15456,0.02198,0.0000,0.0000,-0.0000,0.0000,-0.0000,0.4356,0.0299,-0.0405,0.00,0.3811,0.0006,0.2773,0.0852
1.280,moving,0.00706,0.12588,0.94146,0.02787,-0.15502,0.02199,0.00703,0.13089,0.50087,0.02758,-0.15455,0.02198,0.00703,0.13060,0.54962,0.02763,-0.15456,0.02198,0.0000,0.0000,-0.0000,0.0000,-0.0000,0.4356,0.0299,-0.0405,0.00,0.3771,0.0006,0.2698,0.0852
1.300,moving,0.00706,0.12588,0.94146,0.02787,-0.15502,0.02199,0.00703,0.13089,0.50087,0.02758,-0.15455,0.02198,0.00703,0.13067,0.56773,0.02760,-0.15457,0.02198,0.0000,0.0000,-0.0000,0.0000,-0.0000,0.4357,0.0299,-0.0405,0.00,0.3737,0.0006,0.2636,0.0852
1.320,moving,0.00706,0.12588,0.94146,0.02787,-0.15502,0.02199,0.00703,0.13089,0.50087,0.02758,-0.15455,0.02198,0.00703,0.13074,0.57765,0.02757,-0.15457,0.02198,0.0000,0.0000,-0.0000,0.0000,-0.0000,0.4357,0.0299,-0.0405,0.00,0.3718,0.0006,0.2602,0.0852
1.340,moving,0.00706,0.12588,0.94146,0.02787,-0.15502,0.02199,0.00703,0.13089,0.50087,0.02758,-0.15455,0.02198,0.00703,0.13062,0.58775,0.02760,-0.15457,0.02198,0.0000,0.0000,-0.0000,0.0000,-0.0000,0.4357,0.0299,-0.0405,0.00,0.3698,0.0005,0.2569,0.0851
1.360,moving,0.00706,0.12588,0.94146,0.02787,-0.15502,0.02199,0.00703,0.13062,0.58775,0.02760,-0.15457,0.02198,0.00703,0.13051,0.60479,0.02763,-0.15458,0.02198,0.0000,0.0000,-0.0000,0.0000,-0.0000,0.4357,0.0299,-0.0405,0.00,0.3663,0.0005,0.2513,0.0852
1.380,moving,0.00706,0.12588,0.94146,0.02787,-0.15502,0.02199,0.00703,0.13062,0.58775,0.02760,-0.15457,0.02198,0.00703,0.13048,0.62654,0.02763,-0.15458,0.02198,0.0000,0.0000,-0.0000,0.0000,-0.0000,0.4357,0.0299,-0.0405,0.00,0.3618,0.0005,0.2441,0.0852
1.400,moving,0.00706,0.12588,0.94146,0.02787,-0.15502,0.02199,0.00703,0.13062,0.58775,0.02760,-0.15457,0.02198,0.00703,0.13056,0.64463,0.02760,-0.15458,0.02198,0.0000,0.0000,-0.0000,0.0000,-0.0000,0.4357,0.0299,-0.0405,0.00,0.3579,0.0005,0.2382,0.0852
1.420,moving,0.00706,0.12588,0.94146,0.02787,-0.15502,0.02199,0.00703,0.13062,0.58775,0.02760,-0.15457,0.02198,0.00702,0.13063,0.65420,0.02757,-0.15458,0.02198,0.0000,0.0000,-0.0000,0.0000,-0.0000,0.4357,0.0299,-0.0405,0.00,0.3558,0.0004,0.2351,0.0852
1.440,moving,0.00706,0.12588,0.94146,0.02787,-0.15502,0.02199,0.00703,0.13062,0.58775,0.02760,-0.15457,0.02198,0.00703,0.13052,0.66435,0.02760,-0.15459,0.02198,0.0000,0.0000,-0.0000,0.0000,-0.0000,0.4356,0.0299,-0.0405,0.00,0.3535,0.0004,0.2319,0.0852
1.460,moving,0.00706,0.12588,0.94146,0.02787,-0.15502,0.02199,0.00703,0.13062,0.58775,0.02760,-0.15457,0.02198,0.00703,0.13042,0.68148,0.02763,-0.15460,0.02198,0.0000,0.0000,-0.0000,0.0000,-0.0000,0.4356,0.0299,-0.0405,0.00,0.3496,0.0004,0.2265,0.0852
1.480,moving,0.00706,0.12588,0.94146,0.02787,-0.15502,0.02199,0.00703,0.13042,0.68148,0.02763,-0.15460,0.02198,0.00703,0.13040,0.70330,0.02763,-0.15460,0.02198,0.0000,0.0000,-0.0000,0.0000,-0.0000,0.4356,0.0299,-0.0405,0.00,0.3445,0.0004,0.2197,0.0852
1.500,moving,0.00706,0.12588,0.94146,0.02787,-0.15502,0.02199,0.00703,0.13042,0.68148,0.02763,-0.15460,0.02198,0.00703,0.13048,0.72135,0.02760,-0.15460,0.02198,0.0000,0.0000,-0.0000,0.0000,-0.0000,0.4356,0.0299,-0.0405,0.00,0.3402,0.0003,0.2141,0.0852
1.520,moving,0.00706,0.12588,0.94146,0.02787,-0.15502,0.02199,0.00703,0.13042,0.68148,0.02763,-0.15460,0.02198,0.00702,0.13055,0.73056,0.02757,-0.15460,0.02198,0.0000,0.0000,-0.0000,0.0000,-0.0000,0.4356,0.0299,-0.0405,0.00,0.3379,0.0003,0.2113,0.0852
1.540,moving,0.00706,0.12588,0.94146,0.02787,-0.15502,0.02199,0.00703,0.13042,0.68148,0.02763,-0.15460,0.02198,0.00702,0.13044,0.74081,0.02760,-0.15461,0.02198,0.0000,0.0000,-0.0000,0.0000,-0.0000,0.4356,0.0299,-0.0405,0.00,0.3354,0.0003,0.2083,0.0852
1.560,moving,0.00706,0.12588,0.94146,0.02787,-0.15502,0.02199,0.00703,0.13042,0.68148,0.02763,-0.15460,0.02198,0.00703,0.13035,0.75805,0.02763,-0.15461,0.02198,0.0000,0.0000,-0.0000,0.0000,-0.0000,0.4356,0.0299,-0.0405,0.00,0.3311,0.0003,0.2032,0.0852
1.580,moving,0.00706,0.12588,0.94146,0.02787,-0.15502,0.02199,0.00703,0.13042,0.68148,0.02763,-0.15460,0.02198,0.00703,0.13033,0.77997,0.02763,-0.15462,0.02198,0.0000,0.0000,-0.0000,0.0000,-0.0000,0.4356,0.0299,-0.0405,0.00,0.3254,0.0002,0.1967,0.0852
1.600,moving,0.00706,0.12588,0.94146,0.02787,-0.15502,0.02199,0.00703,0.13033,0.77997,0.02763,-0.15462,0.02198,0.00702,0.13040,0.79799,0.02760,-0.15462,0.02198,0.0000,0.0000,-0.0000,0.0000,-0.0000,0.4356,0.0299,-0.0405,0.00,0.3207,0.0002,0.1915,0.0852
1.620,moving,0.00706,0.12588,0.94146,0.02787,-0.15502,0.02199,0.00703,0.13033,0.77997,0.02763,-0.15462,0.02198,0.00702,0.13045,0.80686,0.02756,-0.15462,0.02198,0.0000,0.0000,-0.0000,0.0000,-0.0000,0.4356,0.0299,-0.0405,0.00,0.3184,0.0002,0.1890,0.0852
1.640,moving,0.00706,0.12588,0.94146,0.02787,-0.15502,0.02199,0.00703,0.13033,0.77997,0.02763,-0.15462,0.02198,0.00702,0.13035,0.81724,0.02760,-0.15463,0.02198,0.0000,0.0000,-0.0000,0.0000,-0.0000,0.4357,0.0299,-0.0405,0.00,0.3156,0.0002,0.1861,0.0852
1.660,moving,0.00706,0.12588,0.94146,0.02787,-0.15502,0.02199,0.00703,0.13033,0.77997,0.02763,-0.15462,0.02198,0.00703,0.13027,0.83461,0.02763,-0.15463,0.02198,0.0000,0.0000,-0.0000,0.0000,-0.0000,0.4357,0.0299,-0.0405,0.00,0.3108,0.0001,0.1813,0.0852
1.680,moving,0.00706,0.12588,0.94146,0.02787,-0.15502,0.02199,0.00703,0.13033,0.77997,0.02763,-0.15462,0.02198,0.00703,0.13025,0.85663,0.02763,-0.15464,0.02198,0.0000,0.0000,-0.0000,0.0000,-0.0000,0.4356,0.0299,-0.0405,0.00,0.3047,0.0001,0.1753,0.0852
1.700,moving,0.00706,0.12588,0.94146,0.02787,-0.15502,0.02199,0.00703,0.13033,0.77997,0.02763,-0.15462,0.02198,0.00702,0.13031,0.87458,0.02759,-0.15464,0.02198,0.0000,0.0000,-0.0000,0.0000,-0.0000,0.4356,0.0299,-0.0406,0.00,0.2996,0.0001,0.1705,0.0852
1.720,moving,0.00706,0.12588,0.94146,0.02787,-0.15502,0.02199,0.00702,0.13031,0.87458,0.02759,-0.15464,0.02198,0.00702,0.13036,0.88304,0.02756,-0.15464,0.02198,0.0000,0.0000,-0.0000,0.0000,-0.0000,0.4357,0.0299,-0.0405,0.00,0.2972,0.0000,0.1682,0.0852
1.740,moving,0.00706,0.12588,0.94146,0.02787,-0.15502,0.02199,0.00702,0.13031,0.87458,0.02759,-0.15464,0.02198,0.00702,0.13026,0.89358,0.02760,-0.15465,0.02198,0.0000,0.0000,-0.0000,0.0000,-0.0000,0.4357,0.0299,-0.0406,0.00,0.2941,0.0000,0.1655,0.0852
1.760,moving,0.00706,0.12588,0.94146,0.02787,-0.15502,0.02199,0.00702,0.13031,0.87458,0.02759,-0.15464,0.02198,0.00703,0.13019,0.91108,0.02763,-0.15466,0.02198,0.0000,0.0000,-0.0000,0.0000,-0.0000,0.4356,0.0299,-0.0405,0.00,0.2890,-0.0000,0.1610,0.0852
1.780,moving,0.00706,0.12588,0.94146,0.02787,-0.15502,0.02199,0.00702,0.13031,0.87458,0.02759,-0.15464,0.02198,0.00702,0.13022,0.92993,0.02760,-0.15466,0.02198,0.0000,0.0000,-0.0000,0.0000,-0.0000,0.4356,0.0299,-0.0406,0.00,0.2834,-0.0001,0.1563,0.0852
1.800,moving,0.00706,0.12588,0.94146,0.02787,-0.15502,0.02199,0.00702,0.13031,0.87458,0.02759,-0.15464,0.02198,0.00702,0.13028,0.94016,0.02756,-0.15466,0.02198,0.0000,0.0000,-0.0000,0.0000,-0.0000,0.4356,0.0299,-0.0406,0.00,0.2803,-0.0001,0.1538,0.0852
1.820,moving,0.00706,0.12588,0.94146,0.02787,-0.15502,0.02199,0.00702,0.13031,0.87458,0.02759,-0.15464,0.02198,0.00702,0.13023,0.94590,0.02758,-0.15467,0.02198,0.0000,0.0000,-0.0000,0.0000,-0.0000,0.4357,0.0299,-0.0405,0.00,0.2785,-0.0001,0.1524,0.0852
1.840,moving,0.00706,0.12588,0.94146,0.02787,-0.15502,0.02199,0.00702,0.13023,0.94590,0.02758,-0.15467,0.02198,0.00702,0.13025,0.95150,0.02755,-0.15467,0.02198,0.0000,0.0000,-0.0000,0.0000,-0.0000,0.4357,0.0299,-0.0406,0.00,0.2768,-0.0001,0.1510,0.0851
1.860,moving,0.00706,0.12588,0.94146,0.02787,-0.15502,0.02199,0.00702,0.13023,0.94590,0.02758,-0.15467,0.02198,0.00702,0.13026,0.95183,0.02755,-0.15467,0.02198,0.0000,0.0000,-0.0000,0.0000,-0.0000,0.4357,0.0299,-0.0405,0.00,0.2767,-0.0001,0.1509,0.0852
1.880,moving,0.00706,0.12588,0.94146,0.02787,-0.15502,0.02199,0.00702,0.13023,0.94590,0.02758,-0.15467,0.02198,0.00702,0.13023,0.95029,0.02754,-0.15468,0.02198,0.0000,0.0000,-0.0000,0.0000,-0.0000,0.4357,0.0299,-0.0406,0.00,0.2772,-0.0001,0.1513,0.0851
1.900,moving,0.00706,0.12588,0.94146,0.02787,-0.15502,0.02199,0.00702,0.13023,0.94590,0.02758,-0.15467,0.02198,0.00702,0.13020,0.94899,0.02756,-0.15468,0.02198,0.0000,0.0000,-0.0000,0.0000,-0.0000,0.4357,0.0299,-0.0406,0.00,0.2776,-0.0001,0.1516,0.0851
1.920,moving,0.00706,0.12588,0.94146,0.02787,-0.15502,0.02199,0.00702,0.13023,0.94590,0.02758,-0.15467,0.02198,0.00702,0.13018,0.94794,0.02757,-0.15468,0.02198,0.0000,0.0000,-0.0000,0.0000,-0.0000,0.4357,0.0299,-0.0405,0.00,0.2779,-0.0001,0.1519,0.0851
1.940,moving,0.00706,0.12588,0.94146,0.02787,-0.15502,0.02199,0.00702,0.13023,0.94590,0.02758,-0.15467,0.02198,0.00702,0.13017,0.94708,0.02758,-0.15469,0.02198,0.0000,0.0000,-0.0000,0.0000,-0.0000,0.4357,0.0299,-0.0406,0.00,0.2782,-0.0001,0.1521,0.0851
1.960,moving,0.00706,0.12588,0.94146,0.02787,-0.15502,0.02199,0.00702,0.13017,0.94708,0.02758,-0.15469,0.02198,0.00702,0.13016,0.94637,0.02758,-0.15469,0.02198,0.0000,0.0000,-0.0000,0.0000,-0.0000,0.4357,0.0299,-0.0406,0.00,0.2784,-0.0001,0.1523,0.0852
1.980,moving,0.00706,0.12588,0.94146,0.02787,-0.15502,0.02199,0.00702,0.13017,0.94708,0.02758,-0.15469,0.02198,0.00702,0.13015,0.94580,0.02758,-0.15469,0.02198,0.0000,0.0000,-0.0000,0.0000,-0.0000,0.4357,0.0299,-0.0405,0.00,0.2786,-0.0001,0.1524,0.0852
2.000,moving,0.00706,0.12588,0.94146,0.02787,-0.15502,0.02199,0.00702,0.13017,0.94708,0.02758,-0.15469,0.02198,0.00702,0.13014,0.94533,0.02759,-0.15469,0.02198,0.0000,0.0000,-0.0000,0.0000,-0.0000,0.4356,0.0299,-0.0405,0.00,0.2787,-0.0001,0.1525,0.0852
2.020,moving,0.00706,0.12588,0.94146,0.02787,-0.15502,0.02199,0.00702,0.13017,0.94708,0.02758,-0.15469,0.02198,0.00702,0.13014,0.94494,0.02759,-0.15469,0.02198,0.0000,0.0000,-0.0000,0.0000,-0.0000,0.4356,0.0299,-0.0405,0.00,0.2788,-0.0001,0.1526,0.0852
2.040,moving,0.00706,0.12588,0.94146,0.02787,-0.15502,0.02199,0.00702,0.13017,0.94708,0.02758,-0.15469,0.02198,0.00702,0.13014,0.94463,0.02759,-0.15469,0.02198,0.0000,0.0000,-0.0000,0.0000,-0.0000,0.4356,0.0299,-0.0405,0.00,0.2789,-0.0001,0.1527,0.0852
2.060,moving,0.00706,0.12588,0.94146,0.02787,-0.15502,0.02199,0.00702,0.13017,0.94708,0.02758,-0.15469,0.02198,0.00702,0.13014,0.94437,0.02759,-0.15469,0.02198,0.0000,0.0000,-0.0000,0.0000,-0.0000,0.4356,0.0299,-0.0405,0.00,0.2790,-0.0001,0.1528,0.0852
2.080,moving,0.00706,0.12588,0.94146,0.02787,-0.15502,0.02199,0.00702,0.13014,0.94437,0.02759,-0.15469,0.02198,0.00702,0.13014,0.94416,0.02759,-0.15469,0.02198,0.0000,0.0000,-0.0000,0.0000,-0.0000,0.4356,0.0299,-0.0405,0.00,0.2791,-0.0001,0.1528,0.0852
2.100,moving,0.00706,0.12588,0.94146,0.02787,-0.15502,0.02199,0.00702,0.13014,0.94437,0.02759,-0.15469,0.02198,0.00702,0.13013,0.94399,0.02759,-0.15469,0.02198,0.0000,0.0000,-0.0000,0.0000,-0.0000,0.4356,0.0299,-0.0405,0.00,0.2791,-0.0001,0.1529,0.0852
2.120,moving,0.00706,0.12588,0.94146,0.02787,-0.15502,0.02199,0.00702,0.13014,0.94437,0.02759,-0.15469,0.02198,0.00702,0.13013,0.94385,0.02759,-0.15469,0.02197,0.0000,0.0000,-0.0000,0.0000,-0.0000,0.4356,0.0299,-0.0405,0.00,0.2792,-0.0001,0.1529,0.0852
2.140,moving,0.00706,0.12588,0.94146,0.02787,-0.15502,0.02199,0.00702,0.13014,0.94437,0.02759,-0.15469,0.02198,0.00702,0.13013,0.94374,0.02759,-0.15469,0.02197,0.0000,0.0000,-0.0000,0.0000,-0.0000,0.4356,0.0299,-0.0405,0.00,0.2792,-0.0001,0.1529,0.0852
2.160,moving,0.00706,0.12588,0.94146,0.02787,-0.15502,0.02199,0.00702,0.13014,0.94437,0.02759,-0.15469,0.02198,0.00702,0.13013,0.94365,0.02759,-0.15469,0.02197,0.0000,0.0000,-0.0000,0.0000,-0.0000,0.4356,0.0299,-0.0405,0.00,0.2792,-0.0001,0.1529,0.0852
2.180,detect,0.00706,0.12588,0.94146,0.02787,-0.15502,0.02199,0.00702,0.13014,0.94437,0.02759,-0.15469,0.02198,0.00702,0.13013,0.94358,0.02759,-0.15469,0.02197,0.0000,0.0000,-0.0000,0.0000,-0.0000,0.4356,0.0299,-0.0405,0.00,0.2793,-0.0001,0.1530,0.0852
2.200,detect,0.00706,0.12588,0.94146,0.02787,-0.15502,0.02199,0.00702,0.13013,0.94358,0.02759,-0.15469,0.02197,0.00702,0.13012,0.94352,0.02759,-0.15469,0.02197,0.0000,0.0000,-0.0000,0.0000,-0.0000,0.4357,0.0299,-0.0405,0.00,0.2793,-0.0001,0.1530,0.0852
2.220,detect,0.00706,0.12588,0.94146,0.02787,-0.15502,0.02199,0.00702,0.13013,0.94358,0.02759,-0.15469,0.02197,0.00702,0.13012,0.94347,0.02759,-0.15469,0.02197,0.0000,0.0000,-0.0000,0.0000,-0.0000,0.4357,0.0299,-0.0405,0.00,0.2793,-0.0001,0.1530,0.0852
2.240,detect,0.00706,0.12588,0.94146,0.02787,-0.15502,0.02199,0.00702,0.13013,0.94358,0.02759,-0.15469,0.02197,0.00702,0.13012,0.94343,0.02759,-0.15469,0.02197,0.0000,0.0000,-0.0000,0.0000,-0.0000,0.4357,0.0299,-0.0405,0.00,0.2793,-0.0001,0.1530,0.0852
2.260,detect,0.00706,0.12588,0.94146,0.02787,-0.15502,0.02199,0.00702,0.13013,0.94358,0.02759,-0.15469,0.02197,0.00702,0.13012,0.94339,0.02760,-0.15469,0.02198,0.0000,0.0000,-0.0000,0.0000,-0.0000,0.4357,0.0299,-0.0405,0.00,0.2793,-0.0001,0.1530,0.0852
2.280,detect,0.00706,0.12588,0.94146,0.02787,-0.15502,0.02199,0.00702,0.13013,0.94358,0.02759,-0.15469,0.02197,0.00702,0.13012,0.94337,0.02760,-0.15469,0.02198,0.0000,0.0000,-0.0000,0.0000,-0.0000,0.4357,0.0299,-0.0405,0.00,0.2793,-0.0001,0.1530,0.0852
2.300,detect,0.00706,0.12588,0.94146,0.02787,-0.15502,0.02199,0.00702,0.13013,0.94358,0.02759,-0.15469,0.02197,0.00702,0.13012,0.94335,0.02760,-0.15469,0.02198,0.0000,0.0000,-0.0000,0.0000,-0.0000,0.4356,0.0299,-0.0405,0.00,0.2793,-0.0001,0.1530,0.0852
2.320,detect,0.00706,0.12588,0.94146,0.02787,-0.15502,0.02199,0.00702,0.13012,0.94335,0.02760,-0.15469,0.02198,0.00702,0.13012,0.94333,0.02760,-0.15469,0.02198,0.0000,0.0000,-0.0000,0.0000,-0.0000,0.4356,0.0299,-0.0405,0.00,0.2793,-0.0001,0.1530,0.0852
2.340,detect,0.00706,0.12588,0.94146,0.02787,-0.15502,0.02199,0.00702,0.13012,0.94335,0.02760,-0.15469,0.02198,0.00702,0.13012,0.94331,0.02760,-0.15469,0.02198,0.0000,0.0000,-0.0000,0.0000,-0.0000,0.4356,0.0299,-0.0405,0.00,0.2793,-0.0001,0.1530,0.0852
2.360,detect,0.00706,0.12588,0.94146,0.02787,-0.15502,0.02199,0.00702,0.13012,0.94335,0.02760,-0.15469,0.02198,0.00702,0.13012,0.94330,0.02760,-0.15469,0.02198,0.0000,0.0000,-0.0000,0.0000,-0.0000,0.4356,0.0299,-0.0405,0.00,0.2793,-0.0001,0.1530,0.0852
2.380,detect,0.00706,0.12588,0.94146,0.02787,-0.15502,0.02199,0.00702,0.13012,0.94335,0.02760,-0.15469,0.02198,0.00702,0.13012,0.94329,0.02760,-0.15469,0.02198,0.0000,0.0000,-0.0000,0.0000,-0.0000,0.4356,0.0299,-0.0405,0.00,0.2793,-0.0001,0.1530,0.0852
2.400,detect,0.00706,0.12588,0.94146,0.02787,-0.15502,0.02199,0.00702,0.13012,0.94335,0.02760,-0.15469,0.02198,0.00702,0.13012,0.94328,0.02760,-0.15469,0.02198,0.0000,0.0000,-0.0000,0.0000,-0.0000,0.4356,0.0299,-0.0405,0.00,0.2793,-0.0001,0.1530,0.0852
2.420,detect,0.00706,0.12588,0.94146,0.02787,-0.15502,0.02199,0.00702,0.13012,0.94335,0.02760,-0.15469,0.02198,0.00702,0.13012,0.94327,0.02760,-0.15469,0.02198,0.0000,0.0000,-0.0000,0.0000,-0.0000,0.4356,0.0299,-0.0405,0.00,0.2793,-0.0001,0.1530,0.0852
2.440,detect,0.00706,0.12588,0.94146,0.02787,-0.15502,0.02199,0.00702,0.13012,0.94327,0.02760,-0.15469,0.02198,0.00702,0.13012,0.94327,0.02760,-0.15469,0.02198,0.0000,0.0000,-0.0000,0.0000,-0.0000,0.4356,0.0299,-0.0405,0.00,0.2793,-0.0001,0.1530,0.0852
2.460,detect,0.00706,0.12588,0.94146,0.02787,-0.15502,0.02199,0.00702,0.13012,0.94327,0.02760,-0.15469,0.02198,0.00702,0.13012,0.94326,0.02760,-0.15469,0.02198,0.0000,0.0000,-0.0000,0.0000,-0.0000,0.4356,0.0299,-0.0405,0.00,0.2794,-0.0001,0.1530,0.0852
2.480,detect,0.00706,0.12588,0.94146,0.02787,-0.15502,0.02199,0.00702,0.13012,0.94327,0.02760,-0.15469,0.02198,0.00702,0.13012,0.94326,0.02760,-0.15469,0.02198,0.0000,0.0000,-0.0000,0.0000,-0.0000,0.4356,0.0299,-0.0405,0.00,0.2794,-0.0001,0.1530,0.0852
2.500,detect,0.00706,0.12588,0.94146,0.02787,-0.15502,0.02199,0.00702,0.13012,0.94327,0.02760,-0.15469,0.02198,0.00702,0.13012,0.94326,0.02760,-0.15469,0.02198,0.0000,0.0000,-0.0000,0.0000,-0.0000,0.4356,0.0299,-0.0405,0.00,0.2794,-0.0001,0.1530,0.0852
2.520,detect,0.00706,0.12588,0.94146,0.02787,-0.15502,0.02199,0.00702,0.13012,0.94327,0.02760,-0.15469,0.02198,0.00702,0.13012,0.94325,0.02760,-0.15469,0.02198,0.0000,0.0000,-0.0000,0.0000,-0.0000,0.4356,0.0299,-0.0405,0.00,0.2794,-0.0001,0.1530,0.0852
2.540,detect,0.00706,0.12588,0.94146,0.02787,-0.15502,0.02199,0.00702,0.13012,0.94327,0.02760,-0.15469,0.02198,0.00702,0.13012,0.94325,0.02760,-0.15469,0.02197,0.0000,0.0000,-0.0000,0.0000,-0.0000,0.4356,0.0299,-0.0405,0.00,0.2794,-0.0001,0.1530,0.0852
2.560,detect,0.00706,0.12588,0.94146,0.02787,-0.15502,0.02199,0.00702,0.13012,0.94325,0.02760,-0.15469,0.02197,0.00702,0.13012,0.94325,0.02760,-0.15469,0.02197,0.0000,0.0000,-0.0000,0.0000,-0.0000,0.4356,0.0299,-0.0405,0.00,0.2794,-0.0001,0.1530,0.0852
2.580,detect,0.00706,0.12588,0.94146,0.02787,-0.15502,0.02199,0.00702,0.13012,0.94325,0.02760,-0.15469,0.02197,0.00702,0.13012,0.94325,0.02760,-0.15469,0.02197,0.0000,0.0000,-0.0000,0.0000,-0.0000,0.4356,0.0299,-0.0405,0.00,0.2794,-0.0001,0.1530,0.0852
2.600,detect,0.00706,0.12588,0.94146,0.02787,-0.15502,0.02199,0.00702,0.13012,0.94325,0.02760,-0.15469,0.02197,0.00702,0.13012,0.94325,0.02760,-0.15469,0.02197,0.0000,0.0000,-0.0000,0.0000,-0.0000,0.4356,0.0299,-0.0405,0.00,0.2794,-0.0001,0.1530,0.0852
2.620,detect,0.00706,0.12588,0.94146,0.02787,-0.15502,0.02199,0.00702,0.13012,0.94325,0.02760,-0.15469,0.02197,0.00702,0.13012,0.94325,0.02760,-0.15469,0.02198,0.0000,0.0000,-0.0000,0.0000,-0.0000,0.4356,0.0299,-0.0405,0.00,0.2794,-0.0001,0.1530,0.0852
2.640,detect,0.00706,0.12588,0.94146,0.02787,-0.15502,0.02199,0.00702,0.13012,0.94325,0.02760,-0.15469,0.02197,0.00702,0.13012,0.94325,0.02760,-0.15469,0.02198,0.0000,0.0000,-0.0000,0.0000,-0.0000,0.4356,0.0299,-0.0405,0.00,0.2794,-0.0001,0.1530,0.0852
2.660,detect,0.00706,0.12588,0.94146,0.02787,-0.15502,0.02199,0.00702,0.13012,0.94325,0.02760,-0.15469,0.02197,0.00702,0.13012,0.94325,0.02760,-0.15469,0.02198,0.0000,0.0000,-0.0000,0.0000,-0.0000,0.4356,0.0299,-0.0405,0.00,0.2794,-0.0001,0.1530,0.0852
2.680,detect,0.00706,0.12588,0.94146,0.02787,-0.15502,0.02199,0.00702,0.13012,0.94325,0.02760,-0.15469,0.02198,0.00702,0.13012,0.94325,0.02760,-0.15469,0.02198,0.0000,0.0000,-0.0000,0.0000,-0.0000,0.4356,0.0299,-0.0405,0.00,0.2794,-0.0001,0.1530,0.0852
2.700,detect,0.00706,0.12588,0.94146,0.02787,-0.15502,0.02199,0.00702,0.13012,0.94325,0.02760,-0.15469,0.02198,0.00702,0.13012,0.94325,0.02760,-0.15469,0.02198,0.0000,0.0000,-0.0000,0.0000,-0.0000,0.4356,0.0299,-0.0405,0.00,0.2794,-0.0001,0.1530,0.0852
2.720,detect,0.00706,0.12588,0.94146,0.02787,-0.15502,0.02199,0.00702,0.13012,0.94325,0.02760,-0.15469,0.02198,0.00702,0.13012,0.94325,0.02760,-0.15469,0.02198,0.0000,0.0000,-0.0000,0.0000,-0.0000,0.4356,0.0299,-0.0405,0.00,0.2794,-0.0001,0.1531,0.0852
2.740,detect,0.00706,0.12588,0.94146,0.02787,-0.15502,0.02199,0.00702,0.13012,0.94325,0.02760,-0.15469,0.02198,0.00702,0.13012,0.94325,0.02760,-0.15469,0.02198,0.0000,0.0000,-0.0000,0.0000,-0.0000,0.4356,0.0299,-0.0405,0.00,0.2794,-0.0001,0.1531,0.0852
2.760,detect,0.00706,0.12588,0.94146,0.02787,-0.15502,0.02199,0.00702,0.13012,0.94325,0.02760,-0.15469,0.02198,0.00702,0.13012,0.94325,0.02760,-0.15469,0.02198,0.0000,0.0000,-0.0000,0.0000,-0.0000,0.4356,0.0299,-0.0405,0.00,0.2794,-0.0001,0.1531,0.0852
2.780,detect,0.00706,0.12588,0.94146,0.02787,-0.15502,0.02199,0.00702,0.13012,0.94325,0.02760,-0.15469,0.02198,0.00702,0.13012,0.94325,0.02760,-0.15469,0.02198,0.0000,0.0000,-0.0000,0.0000,-0.0000,0.4356,0.0299,-0.0405,0.00,0.2794,-0.0001,0.1531,0.0852
2.800,moving,0.00706,0.12588,0.94146,0.02787,-0.15502,0.02199,0.00702,0.13012,0.94325,0.02760,-0.15469,0.02198,0.00702,0.13012,0.94324,0.02760,-0.15469,0.02198,0.0300,0.0005,-0.0005,0.0300,-0.0300,0.4356,0.0299,-0.0405,0.00,0.2794,-0.0001,0.1531,0.0852
2.820,moving,0.00644,-0.04013,0.63759,-0.01226,0.32130,-0.01646,0.00702,0.13012,0.94325,0.02760,-0.15469,0.02198,0.00702,0.13012,0.94324,0.02760,-0.15469,0.02198,0.0300,0.0010,-0.0010,0.0300,-0.0300,0.4356,0.0299,-0.0405,0.00,0.2794,-0.0001,0.1531,0.0852
2.840,moving,0.00644,-0.04013,0.63759,-0.01226,0.32130,-0.01646,0.00702,0.13012,0.94325,0.02760,-0.15469,0.02198,0.00702,0.13012,0.94325,0.02760,-0.15469,0.02198,0.0300,0.0015,-0.0015,0.0300,-0.0300,0.4356,0.0299,-0.0405,0.00,0.2794,-0.0001,0.1531,0.0852
2.860,moving,0.00644,-0.04013,0.63759,-0.01226,0.32130,-0.01646,0.00702,0.13012,0.94325,0.02760,-0.15469,0.02198,0.00702,0.13012,0.94325,0.02760,-0.15469,0.02198,0.0300,0.0020,-0.0020,0.0300,-0.0300,0.4356,0.0299,-0.0405,0.00,0.2794,-0.0001,0.1531,0.0852
2.880,moving,0.00644,-0.04013,0.63759,-0.01226,0.32130,-0.01646,0.00702,0.13012,0.94325,0.02760,-0.15469,0.02198,0.00702,0.13012,0.94325,0.02760,-0.15469,0.02198,0.0300,0.0025,-0.0025,0.0300,-0.0300,0.4356,0.0299,-0.0405,0.00,0.2794,-0.0001,0.1531,0.0852
2.900,moving,0.00644,-0.04013,0.63759,-0.01226,0.32130,-0.01646,0.00702,0.13012,0.94325,0.02760,-0.15469,0.02198,0.00640,0.12789,0.94126,0.02526,-0.15236,0.01966,0.0300,0.0030,-0.0030,0.0300,-0.0300,0.4356,0.0299,-0.0405,0.00,0.2797,-0.0002,0.1539,0.0852
2.920,moving,0.00644,-0.04013,0.63759,-0.01226,0.32130,-0.01646,0.00640,0.12789,0.94126,0.02526,-0.15236,0.01966,0.00638,0.11946,0.93312,0.01677,-0.14384,0.01115,0.0300,0.0035,-0.0035,0.0300,-0.0300,0.4356,0.0299,-0.0405,0.00,0.2812,0.0001,0.1573,0.0852
2.940,moving,0.00644,-0.04013,0.63759,-0.01226,0.32130,-0.01646,0.00640,0.12789,0.94126,0.02526,-0.15236,0.01966,0.00637,0.10482,0.91871,0.00269,-0.12912,-0.00275,0.0300,0.0040,-0.0040,0.0300,-0.0300,0.4356,0.0299,-0.0405,0.00,0.2837,0.0005,0.1634,0.0852
2.960,moving,0.00644,-0.04013,0.63759,-0.01226,0.32130,-0.01646,0.00640,0.12789,0.94126,0.02526,-0.15236,0.01966,0.00640,0.08398,0.89805,-0.00787,-0.10820,-0.01255,0.0300,0.0045,-0.0045,0.0300,-0.0300,0.4355,0.0299,-0.0405,0.00,0.2871,0.0007,0.1722,0.0852
2.980,moving,0.00644,-0.04013,0.63759,-0.01226,0.32130,-0.01646,0.00640,0.12789,0.94126,0.02526,-0.15236,0.01966,0.00642,0.05918,0.87382,-0.01225,-0.08326,-0.01627,0.0300,0.0050,-0.0050,0.0300,-0.0300,0.4355,0.0299,-0.0405,0.00,0.2906,0.0008,0.1829,0.0852
3.000,moving,0.00644,-0.04013,0.63759,-0.01226,0.32130,-0.01646,0.00640,0.12789,0.94126,0.02526,-0.15236,0.01966,0.00642,0.04537,0.86077,-0.01252,-0.07471,-0.01648,0.0300,0.0055,-0.0055,0.0300,-0.0300,0.4355,0.0299,-0.0406,0.00,0.2930,0.0008,0.1895,0.0852
3.020,moving,0.00644,-0.04013,0.63759,-0.01226,0.32130,-0.01646,0.00640,0.12789,0.94126,0.02526,-0.15236,0.01966,0.00642,0.03771,0.85325,-0.01257,-0.06620,-0.01648,0.0300,0.0060,-0.0060,0.0300,-0.0300,0.4356,0.0299,-0.0405,0.00,0.2938,0.0008,0.1928,0.0852
3.040,moving,0.00644,-0.04013,0.63759,-0.01226,0.32130,-0.01646,0.00642,0.03771,0.85325,-0.01257,-0.06620,-0.01648,0.00643,0.02369,0.83940,-0.01261,-0.05151,-0.01648,0.0300,0.0065,-0.0065,0.0300,-0.0300,0.4356,0.0299,-0.0405,0.00,0.2954,0.0007,0.1990,0.0852
3.060,moving,0.00644,-0.04013,0.63759,-0.01226,0.32130,-0.01646,0.00642,0.03771,0.85325,-0.01257,-0.06620,-0.01648,0.00643,0.00337,0.81915,-0.01264,-0.03060,-0.01647,0.0300,0.0070,-0.0070,0.0300,-0.0300,0.4356,0.0299,-0.0405,0.00,0.2974,0.0007,0.2083,0.0852
3.080,moving,0.00644,-0.04013,0.63759,-0.01226,0.32130,-0.01646,0.00642,0.03771,0.85325,-0.01257,-0.06620,-0.01648,0.00643,-0.01608,0.79480,-0.01262,-0.00569,-0.01647,0.0300,0.0075,-0.0075,0.0300,-0.0300,0.4356,0.0299,-0.0406,0.00,0.2996,0.0006,0.2181,0.0852
3.100,moving,0.00644,-0.04013,0.63759,-0.01226,0.32130,-0.01646,0.00642,0.03771,0.85325,-0.01257,-0.06620,-0.01648,0.00643,-0.02405,0.78250,-0.01250,0.00286,-0.01647,0.0300,0.0079,-0.0079,0.0300,-0.0300,0.4357,0.0299,-0.0405,0.00,0.3012,0.0006,0.2231,0.0851
3.120,moving,0.00644,-0.04013,0.63759,-0.01226,0.32130,-0.01646,0.00642,0.03771,0.85325,-0.01257,-0.06620,-0.01648,0.00643,-0.03153,0.77518,-0.01254,0.01137,-0.01646,0.0300,0.0084,-0.0084,0.0300,-0.0300,0.4357,0.0299,-0.0405,0.00,0.3015,0.0006,0.2264,0.0851
3.140,moving,0.00644,-0.04013,0.63759,-0.01226,0.32130,-0.01646,0.00642,0.03771,0.85325,-0.01257,-0.06620,-0.01648,0.00643,-0.03699,0.76119,-0.01254,0.02605,-0.01646,0.0300,0.0089,-0.0089,0.0300,-0.0300,0.4358,0.0299,-0.0406,0.00,0.3027,0.0006,0.2304,0.0851
3.160,moving,0.00644,-0.04013,0.63759,-0.01226,0.32130,-0.01646,0.00643,-0.03699,0.76119,-0.01254,0.02605,-0.01646,0.00643,-0.03753,0.74089,-0.01255,0.04696,-0.01645,0.0300,0.0094,-0.0094,0.0300,-0.0300,0.4358,0.0299,-0.0406,0.00,0.3045,0.0006,0.2341,0.0851
3.180,moving,0.00644,-0.04013,0.63759,-0.01226,0.32130,-0.01646,0.00643,-0.03699,0.76119,-0.01254,0.02605,-0.01646,0.00644,-0.03718,0.71677,-0.01254,0.07190,-0.01645,0.0300,0.0099,-0.0099,0.0300,-0.0300,0.4359,0.0299,-0.0405,0.00,0.3067,0.0005,0.2382,0.0851
3.200,moving,0.00644,-0.04013,0.63759,-0.01226,0.32130,-0.01646,0.00643,-0.03699,0.76119,-0.01254,0.02605,-0.01646,0.00644,-0.03706,0.70648,-0.01248,0.08048,-0.01645,0.0300,0.0103,-0.0103,0.0300,-0.0300,0.4359,0.0299,-0.0405,0.00,0.3079,0.0005,0.2403,0.0851
3.220,moving,0.00644,-0.04013,0.63759,-0.01226,0.32130,-0.01646,0.00643,-0.03699,0.76119,-0.01254,0.02605,-0.01646,0.00644,-0.03675,0.69881,-0.01249,0.08899,-0.01645,0.0300,0.0108,-0.0108,0.0300,-0.0300,0.4358,0.0299,-0.0406,0.00,0.3085,0.0005,0.2415,0.0851
3.240,moving,0.00644,-0.04013,0.63759,-0.01226,0.32130,-0.01646,0.00643,-0.03699,0.76119,-0.01254,0.02605,-0.01646,0.00644,-0.03649,0.68477,-0.01250,0.10372,-0.01644,0.0300,0.0113,-0.0113,0.0300,-0.0300,0.4358,0.0299,-0.0405,0.00,0.3096,0.0005,0.2439,0.0851
3.260,moving,0.00644,-0.04013,0.63759,-0.01226,0.32130,-0.01646,0.00643,-0.03699,0.76119,-0.01254,0.02605,-0.01646,0.00644,-0.03632,0.66531,-0.01249,0.12464,-0.01644,0.0300,0.0117,-0.0117,0.0300,-0.0300,0.4357,0.0299,-0.0406,0.00,0.3111,0.0004,0.2472,0.0852
3.280,moving,0.00644,-0.04013,0.63759,-0.01226,0.32130,-0.01646,0.00644,-0.03632,0.66531,-0.01249,0.12464,-0.01644,0.00644,-0.03625,0.64991,-0.01245,0.14960,-0.01644,0.0300,0.0122,-0.0122,0.0300,-0.0300,0.4356,0.0299,-0.0406,0.00,0.3111,0.0004,0.2487,0.0852
3.300,moving,0.00644,-0.04013,0.63759,-0.01226,0.32130,-0.01646,0.00644,-0.03632,0.66531,-0.01249,0.12464,-0.01644,0.00644,-0.03615,0.64507,-0.01244,0.15819,-0.01644,0.0300,0.0127,-0.0126,0.0300,-0.0300,0.4356,0.0299,-0.0405,0.00,0.3110,0.0003,0.2491,0.0852
3.320,moving,0.00644,-0.04013,0.63759,-0.01226,0.32130,-0.01646,0.00644,-0.03632,0.66531,-0.01249,0.12464,-0.01644,0.00644,-0.03606,0.63958,-0.01242,0.16672,-0.01643,0.0300,0.0131,-0.0131,0.0300,-0.0300,0.4355,0.0299,-0.0405,0.00,0.3110,0.0003,0.2497,0.0852
3.340,moving,0.00644,-0.04013,0.63759,-0.01226,0.32130,-0.01646,0.00644,-0.03632,0.66531,-0.01249,0.12464,-0.01644,0.00644,-0.03601,0.63839,-0.01240,0.18145,-0.01643,0.0300,0.0136,-0.0136,0.0300,-0.0300,0.4355,0.0299,-0.0405,0.00,0.3093,0.0003,0.2481,0.0852
3.360,moving,0.00644,-0.04013,0.63759,-0.01226,0.32130,-0.01646,0.00644,-0.03632,0.66531,-0.01249,0.12464,-0.01644,0.00644,-0.03593,0.63846,-0.01238,0.20238,-0.01643,0.0300,0.0140,-0.0140,0.0300,-0.0300,0.4354,0.0299,-0.0405,0.00,0.3065,0.0002,0.2453,0.0852
3.380,moving,0.00644,-0.04013,0.63759,-0.01226,0.32130,-0.01646,0.00644,-0.03632,0.66531,-0.01249,0.12464,-0.01644,0.00644,-0.03585,0.63862,-0.01237,0.22734,-0.01643,0.0300,0.0145,-0.0145,0.0300,-0.0300,0.4355,0.0299,-0.0405,0.00,0.3030,0.0001,0.2420,0.0852
3.400,moving,0.00644,-0.04013,0.63759,-0.01226,0.32130,-0.01646,0.00644,-0.03585,0.63862,-0.01237,0.22734,-0.01643,0.00643,-0.03573,0.64035,-0.01237,0.23592,-0.01643,0.0300,0.0149,-0.0149,0.0300,-0.0300,0.4355,0.0299,-0.0405,0.00,0.3015,0.0001,0.2404,0.0852
3.420,moving,0.00644,-0.04013,0.63759,-0.01226,0.32130,-0.01646,0.00644,-0.03585,0.63862,-0.01237,0.22734,-0.01643,0.00644,-0.03570,0.64004,-0.01236,0.24445,-0.01643,0.0300,0.0154,-0.0154,0.0300,-0.0300,0.4356,0.0299,-0.0405,0.00,0.3003,0.0001,0.2394,0.0852
3.440,moving,0.00644,-0.04013,0.63759,-0.01226,0.32130,-0.01646,0.00644,-0.03585,0.63862,-0.01237,0.22734,-0.01643,0.00644,-0.03568,0.63978,-0.01235,0.25918,-0.01643,0.0300,0.0158,-0.0158,0.0300,-0.0300,0.4356,0.0299,-0.0405,0.00,0.2983,0.0000,0.2377,0.0852
3.460,moving,0.00644,-0.04013,0.63759,-0.01226,0.32130,-0.01646,0.00644,-0.03585,0.63862,-0.01237,0.22734,-0.01643,0.00644,-0.03566,0.63954,-0.01233,0.28012,-0.01643,0.0300,0.0163,-0.0163,0.0300,-0.0300,0.4356,0.0299,-0.0406,0.00,0.2953,-0.0000,0.2353,0.0852
3.480,moving,0.00644,-0.04013,0.63759,-0.01226,0.32130,-0.01646,0.00644,-0.03585,0.63862,-0.01237,0.22734,-0.01643,0.00643,-0.03562,0.63961,-0.01233,0.29993,-0.01643,0.0300,0.0167,-0.0167,0.0300,-0.0300,0.4357,0.0299,-0.0406,0.00,0.2924,-0.0001,0.2329,0.0852
3.500,moving,0.00644,-0.04013,0.63759,-0.01226,0.32130,-0.01646,0.00644,-0.03585,0.63862,-0.01237,0.22734,-0.01643,0.00643,-0.03557,0.64002,-0.01232,0.30618,-0.01643,0.0300,0.0172,-0.0172,0.0300,-0.0300,0.4357,0.0299,-0.0406,0.00,0.2914,-0.0001,0.2321,0.0851
3.520,moving,0.06549,0.95503,-0.55070,0.00956,1.11838,0.00534,0.00643,-0.03557,0.64002,-0.01232,0.30618,-0.01643,0.00643,-0.03557,0.63973,-0.01231,0.31446,-0.01643,0.0300,0.0176,-0.0176,0.0300,-0.0300,0.4357,0.0299,-0.0406,0.00,0.2902,-0.0001,0.2312,0.0851
3.540,moving,0.06549,0.95503,-0.55070,0.00956,1.11838,0.00534,0.00643,-0.03557,0.64002,-0.01232,0.30618,-0.01643,0.00643,-0.03555,0.63974,-0.01231,0.32046,-0.01643,0.0300,0.0180,-0.0180,0.0300,-0.0300,0.4357,0.0299,-0.0406,0.00,0.2893,-0.0002,0.2305,0.0851
3.560,moving,0.06549,0.95503,-0.55070,0.00956,1.11838,0.00534,0.00643,-0.03557,0.64002,-0.01232,0.30618,-0.01643,0.00643,-0.03553,0.63969,-0.01231,0.32147,-0.01643,0.0300,0.0185,-0.0185,0.0300,-0.0300,0.4357,0.0299,-0.0406,0.00,0.2892,-0.0002,0.2304,0.0851
3.580,moving,0.06549,0.95503,-0.55070,0.00956,1.11838,0.00534,0.00643,-0.03557,0.64002,-0.01232,0.30618,-0.01643,0.00643,-0.03553,0.63957,-0.01230,0.32147,-0.01643,0.0300,0.0189,-0.0189,0.0300,-0.0300,0.4357,0.0299,-0.0405,0.00,0.2892,-0.0002,0.2305,0.0852
3.600,moving,0.06549,0.95503,-0.55070,0.00956,1.11838,0.00534,0.00643,-0.03557,0.64002,-0.01232,0.30618,-0.01643,0.00859,-0.03324,0.63722,-0.00988,0.32381,-0.01418,0.0300,0.0194,-0.0193,0.0300,-0.0300,0.4357,0.0299,-0.0406,0.00,0.2895,0.0006,0.2302,0.0851
3.620,moving,0.06549,0.95503,-0.55070,0.00956,1.11838,0.00534,0.00643,-0.03557,0.64002,-0.01232,0.30618,-0.01643,0.01692,-0.02476,0.62870,-0.00125,0.33234,-0.00573,0.0300,0.0198,-0.0198,0.0300,-0.0300,0.4358,0.0298,-0.0406,0.00,0.2904,0.0036,0.2294,0.0851
3.640,moving,0.06549,0.95503,-0.55070,0.00956,1.11838,0.00534,0.01692,-0.02476,0.62870,-0.00125,0.33234,-0.00573,0.03150,-0.01008,0.61397,0.00721,0.34707,0.00259,0.0300,0.0202,-0.0202,0.0300,-0.0300,0.4358,0.0297,-0.0406,0.00,0.2921,0.0084,0.2278,0.0851
3.660,moving,0.06549,0.95503,-0.55070,0.00956,1.11838,0.00534,0.01692,-0.02476,0.62870,-0.00125,0.33234,-0.00573,0.04878,0.01080,0.59302,0.00975,0.36802,0.00521,0.0300,0.0207,-0.0207,0.0300,-0.0300,0.4359,0.0297,-0.0406,0.00,0.2943,0.0137,0.2256,0.0851
3.680,moving,0.06549,0.95503,-0.55070,0.00956,1.11838,0.00534,0.01692,-0.02476,0.62870,-0.00125,0.33234,-0.00573,0.05998,0.03634,0.56858,0.00974,0.39300,0.00539,0.0300,0.0211,-0.0211,0.0300,-0.0300,0.4360,0.0298,-0.0406,0.00,0.2968,0.0172,0.2226,0.0851
3.700,moving,0.06549,0.95503,-0.55070,0.00956,1.11838,0.00534,0.01692,-0.02476,0.62870,-0.00125,0.33234,-0.00573,0.06410,0.04911,0.56019,0.00974,0.40163,0.00551,0.0300,0.0215,-0.0215,0.0300,-0.0300,0.4360,0.0301,-0.0404,0.00,0.2977,0.0186,0.2203,0.0852
3.720,moving,0.06549,0.95503,-0.55070,0.00956,1.11838,0.00534,0.01692,-0.02476,0.62870,-0.00125,0.33234,-0.00573,0.06557,0.05698,0.55163,0.00972,0.41022,0.00562,0.0300,0.0219,-0.0219,0.0300,-0.0300,0.4357,0.0302,-0.0405,0.00,0.2986,0.0191,0.2196,0.0851
3.740,moving,0.06549,0.95503,-0.55070,0.00956,1.11838,0.00534,0.01692,-0.02476,0.62870,-0.00125,0.33234,-0.00573,0.06557,0.07108,0.53681,0.00976,0.42496,0.00569,0.0300,0.0223,-0.0224,0.0300,-0.0300,0.4357,0.0302,-0.0404,0.00,0.3002,0.0192,0.2181,0.0852
3.760,moving,0.06549,0.95503,-0.55070,0.00956,1.11838,0.00534,0.06557,0.07108,0.53681,0.00976,0.42496,0.00569,0.06553,0.09153,0.51570,0.00980,0.44594,0.00573,0.0300,0.0228,-0.0228,0.0300,-0.0300,0.4356,0.0301,-0.0405,0.00,0.3024,0.0194,0.2159,0.0851
3.780,moving,0.06549,0.95503,-0.55070,0.00956,1.11838,0.00534,0.06557,0.07108,0.53681,0.00976,0.42496,0.00569,0.06549,0.11671,0.49116,0.00983,0.47094,0.00576,0.0300,0.0232,-0.0232,0.0300,-0.0300,0.4357,0.0300,-0.0405,0.00,0.3049,0.0196,0.2128,0.0852
3.800,moving,0.06549,0.95503,-0.55070,0.00956,1.11838,0.00534,0.06557,0.07108,0.53681,0.00976,0.42496,0.00569,0.06542,0.12982,0.48262,0.00988,0.47959,0.00579,0.0300,0.0236,-0.0236,0.0300,-0.0300,0.4356,0.0299,-0.0405,0.00,0.3058,0.0196,0.2103,0.0853
3.820,moving,0.06549,0.95503,-0.55070,0.00956,1.11838,0.00534,0.06557,0.07108,0.53681,0.00976,0.42496,0.00569,0.06539,0.13736,0.47405,0.00989,0.48820,0.00578,0.0300,0.0240,-0.0240,0.0300,-0.0300,0.4354,0.0299,-0.0406,0.00,0.3066,0.0197,0.2096,0.0852
3.840,moving,0.06549,0.95503,-0.55070,0.00956,1.11838,0.00534,0.06557,0.07108,0.53681,0.00976,0.42496,0.00569,0.06538,0.15113,0.45919,0.00991,0.50293,0.00580,0.0300,0.0244,-0.0244,0.0300,-0.0300,0.4354,0.0299,-0.0405,0.00,0.3081,0.0198,0.2081,0.0852
3.860,moving,0.06549,0.95503,-0.55070,0.00956,1.11838,0.00534,0.06557,0.07108,0.53681,0.00976,0.42496,0.00569,0.06537,0.17134,0.43805,0.00993,0.52392,0.00582,0.0300,0.0248,-0.0248,0.0300,-0.0300,0.4354,0.0299,-0.0406,0.00,0.3101,0.0200,0.2058,0.0852
3.880,moving,0.06549,0.95503,-0.55070,0.00956,1.11838,0.00534,0.06537,0.17134,0.43805,0.00993,0.52392,0.00582,0.06536,0.19629,0.41343,0.00994,0.54891,0.00582,0.0300,0.0253,-0.0253,0.0300,-0.0300,0.4355,0.0299,-0.0405,0.00,0.3124,0.0201,0.2026,0.0852
3.900,moving,0.06549,0.95503,-0.55070,0.00956,1.11838,0.00534,0.06537,0.17134,0.43805,0.00993,0.52392,0.00582,0.06533,0.20973,0.40478,0.00996,0.55756,0.00583,0.0300,0.0257,-0.0257,0.0300,-0.0300,0.4356,0.0300,-0.0404,0.00,0.3132,0.0202,0.2000,0.0853
3.920,moving,0.06549,0.95503,-0.55070,0.00956,1.11838,0.00534,0.06537,0.17134,0.43805,0.00993,0.52392,0.00582,0.06533,0.21705,0.39628,0.00996,0.56617,0.00583,0.0300,0.0261,-0.0261,0.0300,-0.0300,0.4355,0.0300,-0.0406,0.00,0.3139,0.0203,0.1993,0.0852
3.940,moving,0.06549,0.95503,-0.55070,0.00956,1.11838,0.00534,0.06537,0.17134,0.43805,0.00993,0.52392,0.00582,0.06533,0.23062,0.38144,0.00998,0.58089,0.00585,0.0300,0.0265,-0.0265,0.0300,-0.0300,0.4355,0.0300,-0.0405,0.00,0.3153,0.0204,0.1978,0.0852
3.960,moving,0.06549,0.95503,-0.55070,0.00956,1.11838,0.00534,0.06537,0.17134,0.43805,0.00993,0.52392,0.00582,0.06533,0.25066,0.36031,0.00999,0.60187,0.00586,0.0300,0.0269,-0.0269,0.0300,-0.0300,0.4356,0.0300,-0.0406,0.00,0.3171,0.0205,0.1954,0.0851
3.980,moving,0.06549,0.95503,-0.55070,0.00956,1.11838,0.00534,0.06537,0.17134,0.43805,0.00993,0.52392,0.00582,0.06532,0.27548,0.33562,0.00999,0.62685,0.00585,0.0300,0.0273,-0.0273,0.0300,-0.0300,0.4357,0.0299,-0.0405,0.00,0.3191,0.0207,0.1920,0.0852
4.000,moving,0.06549,0.95503,-0.55070,0.00956,1.11838,0.00534,0.06532,0.27548,0.33562,0.00999,0.62685,0.00585,0.06529,0.28924,0.32693,0.01000,0.63550,0.00585,0.0300,0.0277,-0.0277,0.0300,-0.0300,0.4357,0.0300,-0.0405,0.00,0.3198,0.0207,0.1893,0.0852
4.020,moving,0.06549,0.95503,-0.55070,0.00956,1.11838,0.00534,0.06532,0.27548,0.33562,0.00999,0.62685,0.00585,0.06530,0.29642,0.31854,0.01000,0.64409,0.00586,0.0300,0.0281,-0.0281,0.0300,-0.0300,0.4356,0.0300,-0.0406,0.00,0.3204,0.0208,0.1885,0.0851
4.040,moving,0.06549,0.95503,-0.55070,0.00956,1.11838,0.00534,0.06532,0.27548,0.33562,0.00999,0.62685,0.00585,0.06531,0.30986,0.30370,0.01000,0.65881,0.00585,0.0300,0.0284,-0.0284,0.0300,-0.0300,0.4356,0.0300,-0.0405,0.00,0.3216,0.0209,0.1869,0.0852
4.060,moving,0.06549,0.95503,-0.55070,0.00956,1.11838,0.00534,0.06532,0.27548,0.33562,0.00999,0.62685,0.00585,0.06530,0.32977,0.28260,0.01000,0.67978,0.00585,0.0300,0.0287,-0.0287,0.0300,-0.0300,0.4356,0.0300,-0.0406,0.00,0.3232,0.0210,0.1844,0.0851
4.080,moving,0.06549,0.95503,-0.55070,0.00956,1.11838,0.00534,0.06532,0.27548,0.33562,0.00999,0.62685,0.00585,0.06530,0.35451,0.25782,0.00999,0.70476,0.00584,0.0300,0.0290,-0.0289,0.0300,-0.0300,0.4357,0.0299,-0.0405,0.00,0.3250,0.0212,0.1810,0.0852
4.100,moving,0.06549,0.95503,-0.55070,0.00956,1.11838,0.00534,0.06532,0.27548,0.33562,0.00999,0.62685,0.00585,0.06528,0.36856,0.24910,0.00999,0.71340,0.00583,0.0300,0.0291,-0.0291,0.0300,-0.0300,0.4357,0.0300,-0.0405,0.00,0.3255,0.0212,0.1781,0.0852
4.120,moving,0.06549,0.95503,-0.55070,0.00956,1.11838,0.00534,0.06528,0.36856,0.24910,0.00999,0.71340,0.00583,0.06528,0.37582,0.24068,0.00999,0.72198,0.00583,0.0300,0.0293,-0.0293,0.0300,-0.0300,0.4356,0.0300,-0.0406,0.00,0.3261,0.0213,0.1772,0.0852
4.140,moving,0.06549,0.95503,-0.55070,0.00956,1.11838,0.00534,0.06528,0.36856,0.24910,0.00999,0.71340,0.00583,0.06529,0.38911,0.22587,0.00999,0.73670,0.00582,0.0300,0.0294,-0.0294,0.0300,-0.0300,0.4355,0.0300,-0.0405,0.00,0.3271,0.0214,0.1756,0.0852
4.160,moving,0.06549,0.95503,-0.55070,0.00956,1.11838,0.00534,0.06528,0.36856,0.24910,0.00999,0.71340,0.00583,0.06529,0.40890,0.20479,0.00999,0.75766,0.00582,0.0300,0.0295,-0.0295,0.0300,-0.0300,0.4355,0.0300,-0.0406,0.00,0.3285,0.0215,0.1731,0.0852
4.180,moving,0.06549,0.95503,-0.55070,0.00956,1.11838,0.00534,0.06528,0.36856,0.24910,0.00999,0.71340,0.00583,0.06529,0.43356,0.18000,0.00998,0.78263,0.00581,0.0300,0.0296,-0.0296,0.0300,-0.0300,0.4356,0.0300,-0.0405,0.00,0.3300,0.0216,0.1695,0.0852
4.200,moving,0.06549,0.95503,-0.55070,0.00956,1.11838,0.00534,0.06528,0.36856,0.24910,0.00999,0.71340,0.00583,0.06527,0.44795,0.17126,0.00998,0.79126,0.00580,0.0300,0.0297,-0.0297,0.0300,-0.0300,0.4356,0.0300,-0.0405,0.00,0.3304,0.0217,0.1664,0.0852
4.220,moving,0.06549,0.95503,-0.55070,0.00956,1.11838,0.00534,0.06528,0.36856,0.24910,0.00999,0.71340,0.00583,0.06527,0.45534,0.16277,0.00998,0.79984,0.00580,0.0300,0.0297,-0.0297,0.0300,-0.0300,0.4355,0.0300,-0.0406,0.00,0.3309,0.0217,0.1655,0.0852
4.240,moving,0.06549,0.95503,-0.55070,0.00956,1.11838,0.00534,0.06527,0.45534,0.16277,0.00998,0.79984,0.00580,0.06529,0.46846,0.14800,0.00998,0.81455,0.00579,0.0300,0.0298,-0.0298,0.0300,-0.0300,0.4355,0.0300,-0.0405,0.00,0.3317,0.0218,0.1639,0.0852
4.260,moving,0.06549,0.95503,-0.55070,0.00956,1.11838,0.00534,0.06527,0.45534,0.16277,0.00998,0.79984,0.00580,0.06529,0.48812,0.12696,0.00998,0.83550,0.00580,0.0300,0.0298,-0.0298,0.0300,-0.0300,0.4355,0.0300,-0.0406,0.00,0.3329,0.0219,0.1613,0.0852
4.280,moving,0.06549,0.95503,-0.55070,0.00956,1.11838,0.00534,0.06527,0.45534,0.16277,0.00998,0.79984,0.00580,0.06529,0.51266,0.10221,0.00997,0.86045,0.00578,0.0300,0.0299,-0.0299,0.0300,-0.0300,0.4356,0.0299,-0.0405,0.00,0.3341,0.0220,0.1577,0.0852
4.300,moving,0.06549,0.95503,-0.55070,0.00956,1.11838,0.00534,0.06527,0.45534,0.16277,0.00998,0.79984,0.00580,0.06527,0.52731,0.09348,0.00996,0.86908,0.00577,0.0300,0.0299,-0.0299,0.0300,-0.0300,0.4356,0.0300,-0.0405,0.00,0.3343,0.0220,0.1544,0.0852
4.320,moving,0.06549,0.95503,-0.55070,0.00956,1.11838,0.00534,0.06527,0.45534,0.16277,0.00998,0.79984,0.00580,0.06527,0.53499,0.08494,0.00996,0.87765,0.00577,0.0300,0.0299,-0.0299,0.0300,-0.0300,0.4356,0.0300,-0.0405,0.00,0.3347,0.0220,0.1534,0.0852
4.340,moving,0.06549,0.95503,-0.55070,0.00956,1.11838,0.00534,0.06527,0.45534,0.16277,0.00998,0.79984,0.00580,0.06529,0.54791,0.07022,0.00995,0.89235,0.00576,0.0300,0.0299,-0.0299,0.0300,-0.0300,0.4355,0.0300,-0.0405,0.00,0.3355,0.0221,0.1518,0.0852
4.360,moving,0.06549,0.95503,-0.55070,0.00956,1.11838,0.00534,0.06529,0.54791,0.07022,0.00995,0.89235,0.00576,0.06529,0.56742,0.04920,0.00995,0.91329,0.00576,0.0300,0.0299,-0.0299,0.0300,-0.0300,0.4356,0.0300,-0.0405,0.00,0.3364,0.0222,0.1491,0.0852
4.380,moving,0.06549,0.95503,-0.55070,0.00956,1.11838,0.00534,0.06529,0.54791,0.07022,0.00995,0.89235,0.00576,0.06529,0.59182,0.02449,0.00994,0.93823,0.00575,0.0300,0.0300,-0.0299,0.0300,-0.0300,0.4356,0.0300,-0.0405,0.00,0.3373,0.0223,0.1455,0.0852
4.400,moving,0.06549,0.95503,-0.55070,0.00956,1.11838,0.00534,0.06529,0.54791,0.07022,0.00995,0.89235,0.00576,0.06528,0.60669,0.01576,0.00993,0.94685,0.00573,0.0300,0.0300,-0.0299,0.0300,-0.0300,0.4357,0.0300,-0.0405,0.00,0.3373,0.0223,0.1421,0.0852
4.420,moving,0.06549,0.95503,-0.55070,0.00956,1.11838,0.00534,0.06529,0.54791,0.07022,0.00995,0.89235,0.00576,0.06528,0.61472,0.00723,0.00993,0.95541,0.00572,0.0300,0.0300,-0.0300,0.0300,-0.0300,0.4356,0.0300,-0.0405,0.00,0.3376,0.0223,0.1409,0.0852
4.440,moving,0.06549,0.95503,-0.55070,0.00956,1.11838,0.00534,0.06529,0.54791,0.07022,0.00995,0.89235,0.00576,0.06529,0.62742,-0.00747,0.00992,0.97011,0.00572,0.0300,0.0300,-0.0300,0.0300,-0.0300,0.4355,0.0300,-0.0405,0.00,0.3382,0.0224,0.1394,0.0852
4.460,moving,0.06549,0.95503,-0.55070,0.00956,1.11838,0.00534,0.06529,0.54791,0.07022,0.00995,0.89235,0.00576,0.06529,0.64676,-0.02848,0.00992,0.99104,0.00571,0.0300,0.0300,-0.0300,0.0300,-0.0300,0.4356,0.0300,-0.0405,0.00,0.3389,0.0224,0.1367,0.0852
4.480,moving,0.06549,0.95503,-0.55070,0.00956,1.11838,0.00534,0.06529,0.64676,-0.02848,0.00992,0.99104,0.00571,0.06529,0.67102,-0.05316,0.00991,1.01597,0.00570,0.0300,0.0300,-0.0300,0.0300,-0.0300,0.4356,0.0300,-0.0405,0.00,0.3395,0.0225,0.1330,0.0852
4.500,moving,0.06549,0.95503,-0.55070,0.00956,1.11838,0.00534,0.06529,0.64676,-0.02848,0.00992,0.99104,0.00571,0.06528,0.68608,-0.06190,0.00990,1.02458,0.00569,0.0300,0.0300,-0.0300,0.0300,-0.0300,0.4356,0.0300,-0.0405,0.00,0.3394,0.0225,0.1295,0.0853
4.520,moving,0.06549,0.95503,-0.55070,0.00956,1.11838,0.00534,0.06529,0.64676,-0.02848,0.00992,0.99104,0.00571,0.06528,0.69455,-0.07041,0.00990,1.03314,0.00569,0.0300,0.0300,-0.0300,0.0300,-0.0300,0.4355,0.0300,-0.0405,0.00,0.3395,0.0225,0.1282,0.0852
4.540,moving,0.06549,0.95503,-0.55070,0.00956,1.11838,0.00534,0.06529,0.64676,-0.02848,0.00992,0.99104,0.00571,0.06529,0.70702,-0.08510,0.00990,1.04782,0.00568,0.0300,0.0300,-0.0300,0.0300,-0.0300,0.4355,0.0300,-0.0405,0.00,0.3399,0.0226,0.1267,0.0852
4.560,moving,0.06549,0.95503,-0.55070,0.00956,1.11838,0.00534,0.06529,0.64676,-0.02848,0.00992,0.99104,0.00571,0.06530,0.72617,-0.10610,0.00990,1.06875,0.00568,0.0300,0.0300,-0.0300,0.0300,-0.0300,0.4355,0.0300,-0.0405,0.00,0.3404,0.0226,0.1241,0.0852
4.580,moving,0.06549,0.95503,-0.55070,0.00956,1.11838,0.00534,0.06529,0.64676,-0.02848,0.00992,0.99104,0.00571,0.06530,0.75028,-0.13069,0.00989,1.09119,0.00567,0.0300,0.0300,-0.0300,0.0300,-0.0300,0.4356,0.0300,-0.0405,0.00,0.3412,0.0227,0.1204,0.0852
4.600,moving,0.06549,0.95503,-0.55070,0.00956,1.11838,0.00534,0.06530,0.75028,-0.13069,0.00989,1.09119,0.00567,0.06529,0.76553,-0.13953,0.00988,1.09813,0.00566,0.0300,0.0300,-0.0300,0.0300,-0.0300,0.4356,0.0300,-0.0404,0.00,0.3412,0.0227,0.1167,0.0853
4.620,moving,0.06549,0.95503,-0.55070,0.00956,1.11838,0.00534,0.06530,0.75028,-0.13069,0.00989,1.09119,0.00567,0.06528,0.77441,-0.14803,0.00988,1.10666,0.00566,0.0300,0.0300,-0.0300,0.0300,-0.0300,0.4355,0.0300,-0.0405,0.00,0.3412,0.0227,0.1153,0.0852
4.640,moving,0.06549,0.95503,-0.55070,0.00956,1.11838,0.00534,0.06530,0.75028,-0.13069,0.00989,1.09119,0.00567,0.06530,0.78665,-0.16256,0.00988,1.11624,0.00565,0.0300,0.0300,-0.0300,0.0300,-0.0300,0.4355,0.0300,-0.0405,0.00,0.3424,0.0228,0.1136,0.0852
4.660,moving,0.06549,0.95503,-0.55070,0.00956,1.11838,0.00534,0.06530,0.75028,-0.13069,0.00989,1.09119,0.00567,0.06530,0.80557,-0.18334,0.00988,1.11980,0.00565,0.0300,0.0300,-0.0300,0.0300,-0.0300,0.4356,0.0300,-0.0405,0.00,0.3458,0.0230,0.1104,0.0852
4.680,moving,0.06549,0.95503,-0.55070,0.00956,1.11838,0.00534,0.06530,0.75028,-0.13069,0.00989,1.09119,0.00567,0.06531,0.82954,-0.20802,0.00987,1.11996,0.00564,0.0300,0.0300,-0.0300,0.0300,-0.0300,0.4357,0.0300,-0.0405,0.00,0.3503,0.0233,0.1058,0.0852
4.700,moving,0.06549,0.95503,-0.55070,0.00956,1.11838,0.00534,0.06530,0.75028,-0.13069,0.00989,1.09119,0.00567,0.06530,0.84504,-0.21718,0.00987,1.11995,0.00564,0.0300,0.0300,-0.0300,0.0300,-0.0300,0.4357,0.0300,-0.0405,0.00,0.3514,0.0234,0.1017,0.0853
4.720,moving,0.06549,0.95503,-0.55070,0.00956,1.11838,0.00534,0.06530,0.84504,-0.21718,0.00987,1.11995,0.00564,0.06530,0.85433,-0.22554,0.00986,1.11996,0.00563,0.0300,0.0300,-0.0300,0.0300,-0.0300,0.4356,0.0301,-0.0404,0.00,0.3528,0.0235,0.0997,0.0852
4.740,moving,0.06549,0.95503,-0.55070,0.00956,1.11838,0.00534,0.06530,0.84504,-0.21718,0.00987,1.11995,0.00564,0.06531,0.86634,-0.24011,0.00987,1.11993,0.00563,0.0300,0.0300,-0.0300,0.0300,-0.0300,0.4356,0.0300,-0.0405,0.00,0.3556,0.0236,0.0976,0.0852
4.760,moving,0.06549,0.95503,-0.55070,0.00956,1.11838,0.00534,0.06530,0.84504,-0.21718,0.00987,1.11995,0.00564,0.06531,0.88507,-0.26095,0.00987,1.11991,0.00563,0.0300,0.0300,-0.0300,0.0300,-0.0300,0.4356,0.0300,-0.0405,0.00,0.3594,0.0239,0.0941,0.0852
4.780,moving,0.06549,0.95503,-0.55070,0.00956,1.11838,0.00534,0.06530,0.84504,-0.21718,0.00987,1.11995,0.00564,0.06532,0.90886,-0.28559,0.00986,1.11988,0.00562,0.0300,0.0300,-0.0300,0.0300,-0.0300,0.4356,0.0300,-0.0405,0.00,0.3636,0.0242,0.0892,0.0852
4.800,moving,0.06549,0.95503,-0.55070,0.00956,1.11838,0.00534,0.06530,0.84504,-0.21718,0.00987,1.11995,0.00564,0.06531,0.92448,-0.29466,0.00986,1.11986,0.00562,0.0300,0.0300,-0.0300,0.0300,-0.0300,0.4356,0.0300,-0.0404,0.00,0.3645,0.0242,0.0849,0.0853
4.820,moving,0.06549,0.95503,-0.55070,0.00956,1.11838,0.00534,0.06530,0.84504,-0.21718,0.00987,1.11995,0.00564,0.06531,0.93461,-0.30300,0.00986,1.11987,0.00562,0.0300,0.0300,-0.0300,0.0300,-0.0300,0.4355,0.0301,-0.0404,0.00,0.3656,0.0243,0.0824,0.0852
4.840,moving,0.06549,0.95503,-0.55070,0.00956,1.11838,0.00534,0.06531,0.93461,-0.30300,0.00986,1.11987,0.00562,0.06532,0.94639,-0.31754,0.00986,1.11983,0.00562,0.0300,0.0300,-0.0300,0.0300,-0.0300,0.4355,0.0301,-0.0405,0.00,0.3682,0.0245,0.0802,0.0852
4.860,moving,0.06549,0.95503,-0.55070,0.00956,1.11838,0.00534,0.06531,0.93461,-0.30300,0.00986,1.11987,0.00562,0.06531,0.96056,-0.33838,0.00987,1.11982,0.00562,0.0300,0.0300,-0.0300,0.0300,-0.0300,0.4355,0.0300,-0.0404,0.00,0.3722,0.0247,0.0781,0.0853
4.880,moving,0.06549,0.95503,-0.55070,0.00956,1.11838,0.00534,0.06531,0.93461,-0.30300,0.00986,1.11987,0.00562,0.06531,0.97056,-0.36304,0.00987,1.11981,0.00562,0.0300,0.0300,-0.0300,0.0300,-0.0300,0.4355,0.0300,-0.0404,0.00,0.3776,0.0251,0.0782,0.0852
4.900,moving,0.06549,0.95503,-0.55070,0.00956,1.11838,0.00534,0.06531,0.93461,-0.30300,0.00986,1.11987,0.00562,0.06531,0.97206,-0.37208,0.00987,1.11977,0.00562,0.0300,0.0300,-0.0300,0.0300,-0.0300,0.4354,0.0301,-0.0405,0.00,0.3798,0.0252,0.0790,0.0852
4.920,moving,0.06549,0.95503,-0.55070,0.00956,1.11838,0.00534,0.06531,0.93461,-0.30300,0.00986,1.11987,0.00562,0.06531,0.97075,-0.38038,0.00987,1.11975,0.00562,0.0300,0.0300,-0.0300,0.0300,-0.0300,0.4354,0.0301,-0.0404,0.00,0.3821,0.0254,0.0809,0.0852
4.940,moving,0.06549,0.95503,-0.55070,0.00956,1.11838,0.00534,0.06531,0.93461,-0.30300,0.00986,1.11987,0.00562,0.06531,0.96926,-0.39491,0.00987,1.11972,0.00562,0.0300,0.0300,-0.0300,0.0300,-0.0300,0.4354,0.0300,-0.0405,0.00,0.3860,0.0256,0.0838,0.0852
4.960,moving,0.06549,0.95503,-0.55070,0.00956,1.11838,0.00534,0.06531,0.96926,-0.39491,0.00987,1.11972,0.00562,0.06531,0.96804,-0.41566,0.00987,1.11969,0.00562,0.0300,0.0300,-0.0300,0.0300,-0.0300,0.4355,0.0300,-0.0405,0.00,0.3915,0.0260,0.0878,0.0852
4.980,moving,0.06549,0.95503,-0.55070,0.00956,1.11838,0.00534,0.06531,0.96926,-0.39491,0.00987,1.11972,0.00562,0.06531,0.96693,-0.44024,0.00987,1.11964,0.00561,0.0300,0.0300,-0.0300,0.0300,-0.0300,0.4355,0.0300,-0.0405,0.00,0.3978,0.0264,0.0925,0.0852
5.000,moving,0.06549,0.95503,-0.55070,0.00956,1.11838,0.00534,0.06531,0.96926,-0.39491,0.00987,1.11972,0.00562,0.06532,0.96537,-0.45158,0.00987,1.11957,0.00561,0.0300,0.0300,-0.0300,0.0300,-0.0300,0.4356,0.0300,-0.0405,0.00,0.4008,0.0266,0.0951,0.0852
5.020,moving,0.06549,0.95503,-0.55070,0.00956,1.11838,0.00534,0.06531,0.96926,-0.39491,0.00987,1.11972,0.00562,0.06532,0.96492,-0.45939,0.00987,1.11954,0.00561,0.0300,0.0300,-0.0300,0.0300,-0.0300,0.4356,0.0300,-0.0405,0.00,0.4027,0.0267,0.0967,0.0852
5.040,moving,0.06549,0.95503,-0.55070,0.00956,1.11838,0.00534,0.06531,0.96926,-0.39491,0.00987,1.11972,0.00562,0.06531,0.96454,-0.47352,0.00987,1.11951,0.00561,0.0300,0.0300,-0.0300,0.0300,-0.0300,0.4356,0.0300,-0.0405,0.00,0.4062,0.0270,0.0995,0.0852
5.060,moving,0.06549,0.95503,-0.55070,0.00956,1.11838,0.00534,0.06531,0.96926,-0.39491,0.00987,1.11972,0.00562,0.06531,0.96424,-0.49394,0.00988,1.11947,0.00561,0.0300,0.0300,-0.0300,0.0300,-0.0300,0.4357,0.0300,-0.0405,0.00,0.4112,0.0273,0.1034,0.0852
5.080,moving,0.06549,0.95503,-0.55070,0.00956,1.11838,0.00534,0.06531,0.96424,-0.49394,0.00988,1.11947,0.00561,0.06531,0.96381,-0.51770,0.00988,1.11942,0.00561,0.0300,0.0300,-0.0300,0.0300,-0.0300,0.4357,0.0300,-0.0405,0.00,0.4169,0.0277,0.1082,0.0852
5.100,moving,0.06549,0.95503,-0.55070,0.00956,1.11838,0.00534,0.06531,0.96424,-0.49394,0.00988,1.11947,0.00561,0.06532,0.96287,-0.52695,0.00988,1.11935,0.00560,0.0300,0.0300,-0.0300,0.0300,-0.0300,0.4357,0.0300,-0.0405,0.00,0.4191,0.0278,0.1104,0.0852
5.120,moving,0.06549,0.95503,-0.55070,0.00956,1.11838,0.00534,0.06531,0.96424,-0.49394,0.00988,1.11947,0.00561,0.06532,0.96293,-0.53474,0.00988,1.11932,0.00561,0.0300,0.0300,-0.0300,0.0300,-0.0300,0.4357,0.0300,-0.0405,0.00,0.4209,0.0279,0.1120,0.0852
5.140,moving,0.06549,0.95503,-0.55070,0.00956,1.11838,0.00534,0.06531,0.96424,-0.49394,0.00988,1.11947,0.00561,0.06531,0.96277,-0.54658,0.00988,1.11928,0.00560,0.0300,0.0300,-0.0300,0.0300,-0.0300,0.4356,0.0300,-0.0405,0.00,0.4237,0.0281,0.1144,0.0852
5.160,moving,0.06549,0.95503,-0.55070,0.00956,1.11838,0.00534,0.06531,0.96424,-0.49394,0.00988,1.11947,0.00561,0.06532,0.96244,-0.55307,0.00988,1.11923,0.00560,0.0300,0.0300,-0.0300,0.0300,-0.0300,0.4356,0.0300,-0.0405,0.00,0.4252,0.0282,0.1159,0.0852
5.180,moving,0.06549,0.95503,-0.55070,0.00956,1.11838,0.00534,0.06531,0.96424,-0.49394,0.00988,1.11947,0.00561,0.06532,0.96224,-0.55424,0.00988,1.11919,0.00560,0.0300,0.0300,-0.0300,0.0300,-0.0300,0.4356,0.0300,-0.0405,0.00,0.4255,0.0282,0.1162,0.0852
5.200,moving,0.06549,0.95503,-0.55070,0.00956,1.11838,0.00534,0.06532,0.96224,-0.55424,0.00988,1.11919,0.00560,0.06531,0.96221,-0.55395,0.00989,1.11917,0.00560,0.0300,0.0300,-0.0300,0.0300,-0.0300,0.4355,0.0300,-0.0405,0.00,0.4254,0.0282,0.1162,0.0852
5.220,moving,0.06549,0.95503,-0.55070,0.00956,1.11838,0.00534,0.06532,0.96224,-0.55424,0.00988,1.11919,0.00560,0.06531,0.96219,-0.55371,0.00989,1.11914,0.00560,0.0300,0.0300,-0.0300,0.0300,-0.0300,0.4355,0.0300,-0.0405,0.00,0.4254,0.0282,0.1161,0.0852
5.240,moving,0.06549,0.95503,-0.55070,0.00956,1.11838,0.00534,0.06532,0.96224,-0.55424,0.00988,1.11919,0.00560,0.06531,0.96218,-0.55351,0.00989,1.11913,0.00560,0.0300,0.0300,-0.0300,0.0300,-0.0300,0.4355,0.0300,-0.0405,0.00,0.4253,0.0282,0.1161,0.0852
5.260,moving,0.06549,0.95503,-0.55070,0.00956,1.11838,0.00534,0.06532,0.96224,-0.55424,0.00988,1.11919,0.00560,0.06531,0.96216,-0.55335,0.00989,1.11911,0.00560,0.0300,0.0300,-0.0300,0.0300,-0.0300,0.4355,0.0300,-0.0405,0.00,0.4253,0.0282,0.1161,0.0852
5.280,moving,0.06549,0.95503,-0.55070,0.00956,1.11838,0.00534,0.06532,0.96224,-0.55424,0.00988,1.11919,0.00560,0.06531,0.96215,-0.55321,0.00989,1.11910,0.00560,0.0300,0.0300,-0.0300,0.0300,-0.0300,0.4356,0.0300,-0.0405,0.00,0.4253,0.0282,0.1161,0.0852
5.300,moving,0.06549,0.95503,-0.55070,0.00956,1.11838,0.00534,0.06532,0.96224,-0.55424,0.00988,1.11919,0.00560,0.06531,0.96214,-0.55310,0.00990,1.11909,0.00560,0.0300,0.0300,-0.0300,0.0300,-0.0300,0.4356,0.0300,-0.0405,0.00,0.4252,0.0282,0.1160,0.0852
5.320,moving,0.06549,0.95503,-0.55070,0.00956,1.11838,0.00534,0.06531,0.96214,-0.55310,0.00990,1.11909,0.00560,0.06531,0.96213,-0.55301,0.00990,1.11908,0.00560,0.0300,0.0300,-0.0300,0.0300,-0.0300,0.4356,0.0300,-0.0405,0.00,0.4252,0.0282,0.1160,0.0852
5.340,moving,0.06549,0.95503,-0.55070,0.00956,1.11838,0.00534,0.06531,0.96214,-0.55310,0.00990,1.11909,0.00560,0.06531,0.96212,-0.55293,0.00990,1.11908,0.00560,0.0300,0.0300,-0.0300,0.0300,-0.0300,0.4356,0.0300,-0.0405,0.00,0.4252,0.0282,0.1160,0.0852
5.360,moving,0.06549,0.95503,-0.55070,0.00956,1.11838,0.00534,0.06531,0.96214,-0.55310,0.00990,1.11909,0.00560,0.06531,0.96211,-0.55287,0.00990,1.11907,0.00560,0.0300,0.0300,-0.0300,0.0300,-0.0300,0.4356,0.0300,-0.0405,0.00,0.4252,0.0282,0.1160,0.0852
5.380,moving,0.06549,0.95503,-0.55070,0.00956,1.11838,0.00534,0.06531,0.96214,-0.55310,0.00990,1.11909,0.00560,0.06531,0.96210,-0.55281,0.00990,1.11907,0.00560,0.0300,0.0300,-0.0300,0.0300,-0.0300,0.4357,0.0300,-0.0405,0.00,0.4252,0.0282,0.1160,0.0852
5.400,moving,0.06549,0.95503,-0.55070,0.00956,1.11838,0.00534,0.06531,0.96214,-0.55310,0.00990,1.11909,0.00560,0.06531,0.96210,-0.55277,0.00990,1.11906,0.00560,0.0300,0.0300,-0.0300,0.0300,-0.0300,0.4357,0.0300,-0.0405,0.00,0.4252,0.0282,0.1160,0.0852
5.420,moving,0.06549,0.95503,-0.55070,0.00956,1.11838,0.00534,0.06531,0.96214,-0.55310,0.00990,1.11909,0.00560,0.06531,0.96209,-0.55274,0.00990,1.11906,0.00560,0.0300,0.0300,-0.0300,0.0300,-0.0300,0.4357,0.0300,-0.0405,0.00,0.4252,0.0282,0.1160,0.0852
5.440,moving,0.06549,0.95503,-0.55070,0.00956,1.11838,0.00534,0.06531,0.96209,-0.55274,0.00990,1.11906,0.00560,0.06531,0.96209,-0.55271,0.00990,1.11906,0.00560,0.0300,0.0300,-0.0300,0.0300,-0.0300,0.4356,0.0300,-0.0405,0.00,0.4252,0.0282,0.1160,0.0852
5.460,moving,0.06549,0.95503,-0.55070,0.00956,1.11838,0.00534,0.06531,0.96209,-0.55274,0.00990,1.11906,0.00560,0.06531,0.96209,-0.55269,0.00990,1.11906,0.00560,0.0300,0.0300,-0.0300,0.0300,-0.0300,0.4356,0.0300,-0.0405,0.00,0.4251,0.0282,0.1160,0.0852
5.480,moving,0.06549,0.95503,-0.55070,0.00956,1.11838,0.00534,0.06531,0.96209,-0.55274,0.00990,1.11906,0.00560,0.06531,0.96209,-0.55267,0.00990,1.11905,0.00560,0.0300,0.0300,-0.0300,0.0300,-0.0300,0.4356,0.0300,-0.0405,0.00,0.4251,0.0282,0.1160,0.0852
5.500,moving,0.06549,0.95503,-0.55070,0.00956,1.11838,0.00534,0.06531,0.96209,-0.55274,0.00990,1.11906,0.00560,0.06531,0.96209,-0.55266,0.00990,1.11905,0.00560,0.0300,0.0300,-0.0300,0.0300,-0.0300,0.4356,0.0300,-0.0405,0.00,0.4251,0.0282,0.1160,0.0852
5.520,moving,0.06549,0.95503,-0.55070,0.00956,1.11838,0.00534,0.06531,0.96209,-0.55274,0.00990,1.11906,0.00560,0.06531,0.96209,-0.55265,0.00990,1.11905,0.00560,0.0300,0.0300,-0.0300,0.0300,-0.0300,0.4356,0.0300,-0.0405,0.00,0.4251,0.0282,0.1160,0.0852
5.540,refine,0.06549,0.95503,-0.55070,0.00956,1.11838,0.00534,0.06531,0.96209,-0.55274,0.00990,1.11906,0.00560,0.06531,0.96208,-0.55264,0.00990,1.11905,0.00560,0.0300,0.0300,-0.0300,0.0300,-0.0300,0.4356,0.0300,-0.0405,0.00,0.4251,0.0282,0.1160,0.0852
5.560,refine,0.06549,0.95503,-0.55070,0.00956,1.11838,0.00534,0.06531,0.96208,-0.55264,0.00990,1.11905,0.00560,0.06531,0.96208,-0.55263,0.00990,1.11905,0.00560,0.0300,0.0300,-0.0300,0.0300,-0.0300,0.4356,0.0300,-0.0405,0.00,0.4251,0.0282,0.1160,0.0852
5.580,refine,0.06549,0.95503,-0.55070,0.00956,1.11838,0.00534,0.06531,0.96208,-0.55264,0.00990,1.11905,0.00560,0.06531,0.96208,-0.55263,0.00990,1.11905,0.00560,0.0300,0.0300,-0.0300,0.0300,-0.0300,0.4356,0.0300,-0.0405,0.00,0.4251,0.0282,0.1160,0.0852
5.600,refine,0.06549,0.95503,-0.55070,0.00956,1.11838,0.00534,0.06531,0.96208,-0.55264,0.00990,1.11905,0.00560,0.06531,0.96208,-0.55262,0.00990,1.11905,0.00560,0.0300,0.0300,-0.0300,0.0300,-0.0300,0.4356,0.0300,-0.0405,0.00,0.4251,0.0282,0.1160,0.0852
5.620,refine,0.06549,0.95503,-0.55070,0.00956,1.11838,0.00534,0.06531,0.96208,-0.55264,0.00990,1.11905,0.00560,0.06531,0.96208,-0.55262,0.00990,1.11905,0.00560,0.0300,0.0300,-0.0300,0.0300,-0.0300,0.4356,0.0300,-0.0405,0.00,0.4251,0.0282,0.1160,0.0852
5.640,refine,0.06549,0.95503,-0.55070,0.00956,1.11838,0.00534,0.06531,0.96208,-0.55264,0.00990,1.11905,0.00560,0.06531,0.96208,-0.55261,0.00990,1.11905,0.00560,0.0300,0.0300,-0.0300,0.0300,-0.0300,0.4356,0.0300,-0.0405,0.00,0.4251,0.0282,0.1160,0.0852
5.660,refine,0.06549,0.95503,-0.55070,0.00956,1.11838,0.00534,0.06531,0.96208,-0.55264,0.00990,1.11905,0.00560,0.06531,0.96208,-0.55261,0.00990,1.11905,0.00560,0.0300,0.0300,-0.0300,0.0300,-0.0300,0.4356,0.0300,-0.0405,0.00,0.4251,0.0282,0.1160,0.0852
5.680,refine,0.06549,0.95503,-0.55070,0.00956,1.11838,0.00534,0.06531,0.96208,-0.55261,0.00990,1.11905,0.00560,0.06531,0.96208,-0.55261,0.00990,1.11905,0.00560,0.0300,0.0300,-0.0300,0.0300,-0.0300,0.4356,0.0300,-0.0405,0.00,0.4251,0.0282,0.1160,0.0852
5.700,refine,0.06549,0.95503,-0.55070,0.00956,1.11838,0.00534,0.06531,0.96208,-0.55261,0.00990,1.11905,0.00560,0.06531,0.96208,-0.55260,0.00990,1.11905,0.00560,0.0300,0.0300,-0.0300,0.0300,-0.0300,0.4356,0.0300,-0.0405,0.00,0.4251,0.0282,0.1160,0.0852
5.720,refine,0.06549,0.95503,-0.55070,0.00956,1.11838,0.00534,0.06531,0.96208,-0.55261,0.00990,1.11905,0.00560,0.06531,0.96208,-0.55260,0.00990,1.11905,0.00560,0.0300,0.0300,-0.0300,0.0300,-0.0300,0.4356,0.0300,-0.0405,0.00,0.4251,0.0282,0.1160,0.0852
5.740,refine,0.06549,0.95503,-0.55070,0.00956,1.11838,0.00534,0.06531,0.96208,-0.55261,0.00990,1.11905,0.00560,0.06531,0.96208,-0.55260,0.00990,1.11905,0.00560,0.0300,0.0300,-0.0300,0.0300,-0.0300,0.4356,0.0300,-0.0405,0.00,0.4251,0.0282,0.1160,0.0852
5.760,refine,0.06549,0.95503,-0.55070,0.00956,1.11838,0.00534,0.06531,0.96208,-0.55261,0.00990,1.11905,0.00560,0.06531,0.96208,-0.55260,0.00990,1.11905,0.00560,0.0300,0.0300,-0.0300,0.0300,-0.0300,0.4356,0.0300,-0.0405,0.00,0.4251,0.0282,0.1160,0.0852
5.780,refine,0.06549,0.95503,-0.55070,0.00956,1.11838,0.00534,0.06531,0.96208,-0.55261,0.00990,1.11905,0.00560,0.06531,0.96208,-0.55260,0.00990,1.11905,0.00560,0.0300,0.0300,-0.0300,0.0300,-0.0300,0.4356,0.0300,-0.0405,0.00,0.4251,0.0282,0.1160,0.0852
5.800,refine,0.06549,0.95503,-0.55070,0.00956,1.11838,0.00534,0.06531,0.96208,-0.55260,0.00990,1.11905,0.00560,0.06531,0.96208,-0.55260,0.00990,1.11905,0.00560,0.0300,0.0300,-0.0300,0.0300,-0.0300,0.4356,0.0300,-0.0405,0.00,0.4251,0.0282,0.1160,0.0852
5.820,refine,0.06549,0.95503,-0.55070,0.00956,1.11838,0.00534,0.06531,0.96208,-0.55260,0.00990,1.11905,0.00560,0.06531,0.96208,-0.55260,0.00990,1.11905,0.00560,0.0300,0.0300,-0.0300,0.0300,-0.0300,0.4356,0.0300,-0.0405,0.00,0.4251,0.0282,0.1160,0.0852
5.840,refine,0.06549,0.95503,-0.55070,0.00956,1.11838,0.00534,0.06531,0.96208,-0.55260,0.00990,1.11905,0.00560,0.06531,0.96208,-0.55260,0.00990,1.11905,0.00560,0.0300,0.0300,-0.0300,0.0300,-0.0300,0.4356,0.0300,-0.0405,0.00,0.4251,0.0282,0.1160,0.0852
5.860,moving,0.06549,0.95503,-0.55070,0.00956,1.11838,0.00534,0.06531,0.96208,-0.55260,0.00990,1.11905,0.00560,0.06531,0.96208,-0.55260,0.00989,1.11905,0.00560,0.0300,0.0300,-0.0300,0.0300,-0.0300,0.4356,0.0300,-0.0405,0.00,0.4251,0.0282,0.1160,0.0852
5.880,moving,0.06572,0.97055,-0.52694,0.00974,1.07914,0.00553,0.06531,0.96208,-0.55260,0.00990,1.11905,0.00560,0.06531,0.96208,-0.55260,0.00990,1.11905,0.00560,0.0300,0.0300,-0.0300,0.0300,-0.0300,0.4356,0.0300,-0.0405,0.00,0.4251,0.0282,0.1160,0.0852
5.900,moving,0.06572,0.97055,-0.52694,0.00974,1.07914,0.00553,0.06531,0.96208,-0.55260,0.00990,1.11905,0.00560,0.06555,0.96390,-0.55034,0.01007,1.11671,0.00579,0.0300,0.0300,-0.0300,0.0300,-0.0300,0.4356,0.0300,-0.0405,0.00,0.4249,0.0283,0.1147,0.0852
5.920,moving,0.06572,0.97055,-0.52694,0.00974,1.07914,0.00553,0.06555,0.96390,-0.55034,0.01007,1.11671,0.00579,0.06555,0.97145,-0.54190,0.01007,1.10818,0.00579,0.0300,0.0300,-0.0300,0.0300,-0.0300,0.4356,0.0300,-0.0405,0.00,0.4240,0.0282,0.1099,0.0852
5.940,moving,0.06572,0.97055,-0.52694,0.00974,1.07914,0.00553,0.06555,0.96390,-0.55034,0.01007,1.11671,0.00579,0.06554,0.97795,-0.53231,0.01008,1.09420,0.00579,0.0300,0.0300,-0.0300,0.0300,-0.0300,0.4357,0.0300,-0.0404,0.00,0.4238,0.0282,0.1052,0.0852
5.960,moving,0.06572,0.97055,-0.52694,0.00974,1.07914,0.00553,0.06555,0.96390,-0.55034,0.01007,1.11671,0.00579,0.06554,0.98201,-0.52889,0.01008,1.08411,0.00579,0.0300,0.0300,-0.0300,0.0300,-0.0300,0.4356,0.0300,-0.0404,0.00,0.4246,0.0283,0.1029,0.0852
5.980,moving,0.06572,0.97055,-0.52694,0.00974,1.07914,0.00553,0.06555,0.96390,-0.55034,0.01007,1.11671,0.00579,0.06554,0.98328,-0.52881,0.01008,1.08012,0.00580,0.0300,0.0300,-0.0300,0.0300,-0.0300,0.4356,0.0301,-0.0404,0.00,0.4252,0.0283,0.1023,0.0852
6.000,moving,0.06572,0.97055,-0.52694,0.00974,1.07914,0.00553,0.06555,0.96390,-0.55034,0.01007,1.11671,0.00579,0.06554,0.98236,-0.52885,0.01008,1.07985,0.00580,0.0300,0.0300,-0.0300,0.0300,-0.0300,0.4356,0.0301,-0.0404,0.00,0.4253,0.0283,0.1027,0.0852
6.020,moving,0.06572,0.97055,-0.52694,0.00974,1.07914,0.00553,0.06555,0.96390,-0.55034,0.01007,1.11671,0.00579,0.06554,0.98147,-0.52885,0.01008,1.07986,0.00580,0.0300,0.0300,-0.0300,0.0300,-0.0300,0.4356,0.0301,-0.0405,0.00,0.4254,0.0283,0.1031,0.0852
6.040,moving,0.06595,0.98708,-0.50493,0.00994,1.04061,0.00573,0.06554,0.98147,-0.52885,0.01008,1.07986,0.00580,0.06554,0.98075,-0.52885,0.01009,1.07986,0.00580,0.0300,0.0300,-0.0300,0.0300,-0.0300,0.4356,0.0300,-0.0405,0.00,0.4255,0.0283,0.1034,0.0852
6.060,moving,0.06595,0.98708,-0.50493,0.00994,1.04061,0.00573,0.06554,0.98147,-0.52885,0.01008,1.07986,0.00580,0.06554,0.98016,-0.52885,0.01009,1.07987,0.00580,0.0300,0.0300,-0.0300,0.0300,-0.0300,0.4356,0.0300,-0.0405,0.00,0.4255,0.0283,0.1037,0.0852
6.080,moving,0.06595,0.98708,-0.50493,0.00994,1.04061,0.00573,0.06554,0.98147,-0.52885,0.01008,1.07986,0.00580,0.06554,0.97968,-0.52885,0.01009,1.07987,0.00580,0.0300,0.0300,-0.0300,0.0300,-0.0300,0.4356,0.0300,-0.0405,0.00,0.4256,0.0283,0.1039,0.0852
6.100,moving,0.06595,0.98708,-0.50493,0.00994,1.04061,0.00573,0.06554,0.98147,-0.52885,0.01008,1.07986,0.00580,0.06578,0.98112,-0.52661,0.01028,1.07753,0.00600,0.0300,0.0300,-0.0300,0.0300,-0.0300,0.4356,0.0300,-0.0405,0.00,0.4253,0.0284,0.1028,0.0852
6.120,moving,0.06595,0.98708,-0.50493,0.00994,1.04061,0.00573,0.06554,0.98147,-0.52885,0.01008,1.07986,0.00580,0.06579,0.98847,-0.51818,0.01028,1.06900,0.00600,0.0300,0.0300,-0.0300,0.0300,-0.0300,0.4356,0.0300,-0.0405,0.00,0.4243,0.0284,0.0980,0.0852
6.140,moving,0.06595,0.98708,-0.50493,0.00994,1.04061,0.00573,0.06554,0.98147,-0.52885,0.01008,1.07986,0.00580,0.06578,0.99556,-0.50947,0.01028,1.05511,0.00600,0.0300,0.0300,-0.0300,0.0300,-0.0300,0.4356,0.0300,-0.0405,0.00,0.4241,0.0283,0.0933,0.0852
6.160,moving,0.06618,1.00527,-0.48634,0.01015,1.00382,0.00592,0.06578,0.99556,-0.50947,0.01028,1.05511,0.00600,0.06578,1.00018,-0.50679,0.01029,1.04532,0.00600,0.0300,0.0300,-0.0300,0.0300,-0.0300,0.4357,0.0300,-0.0404,0.00,0.4249,0.0284,0.0909,0.0852
6.180,moving,0.06618,1.00527,-0.48634,0.01015,1.00382,0.00592,0.06578,0.99556,-0.50947,0.01028,1.05511,0.00600,0.06577,1.00181,-0.50682,0.01029,1.04159,0.00600,0.0300,0.0300,-0.0300,0.0300,-0.0300,0.4357,0.0301,-0.0404,0.00,0.4254,0.0284,0.0902,0.0852
6.200,moving,0.06618,1.00527,-0.48634,0.01015,1.00382,0.00592,0.06578,0.99556,-0.50947,0.01028,1.05511,0.00600,0.06601,1.00254,-0.50461,0.01050,1.03908,0.00620,0.0300,0.0300,-0.0300,0.0300,-0.0300,0.4356,0.0301,-0.0405,0.00,0.4252,0.0285,0.0895,0.0852
6.220,moving,0.06618,1.00527,-0.48634,0.01015,1.00382,0.00592,0.06578,0.99556,-0.50947,0.01028,1.05511,0.00600,0.06602,1.00918,-0.49630,0.01050,1.03055,0.00620,0.0300,0.0300,-0.0300,0.0300,-0.0300,0.4356,0.0300,-0.0405,0.00,0.4241,0.0285,0.0851,0.0852
6.240,moving,0.06618,1.00527,-0.48634,0.01015,1.00382,0.00592,0.06578,0.99556,-0.50947,0.01028,1.05511,0.00600,0.06601,1.01688,-0.48947,0.01051,1.01701,0.00621,0.0300,0.0300,-0.0300,0.0300,-0.0300,0.4356,0.0300,-0.0405,0.00,0.4241,0.0284,0.0805,0.0852
6.260,moving,0.06618,1.00527,-0.48634,0.01015,1.00382,0.00592,0.06578,0.99556,-0.50947,0.01028,1.05511,0.00600,0.06601,1.02200,-0.48816,0.01051,1.00791,0.00621,0.0300,0.0300,-0.0300,0.0300,-0.0300,0.4356,0.0300,-0.0405,0.00,0.4249,0.0285,0.0781,0.0852
6.280,moving,0.06641,1.02503,-0.47104,0.01038,0.96875,0.00612,0.06601,1.02200,-0.48816,0.01051,1.00791,0.00621,0.06601,1.02367,-0.48824,0.01051,1.00476,0.00622,0.0300,0.0300,-0.0300,0.0300,-0.0300,0.4356,0.0301,-0.0404,0.00,0.4254,0.0285,0.0774,0.0852
6.300,moving,0.06641,1.02503,-0.47104,0.01038,0.96875,0.00612,0.06601,1.02200,-0.48816,0.01051,1.00791,0.00621,0.06624,1.02395,-0.48603,0.01073,1.00233,0.00641,0.0300,0.0300,-0.0300,0.0300,-0.0300,0.4356,0.0300,-0.0405,0.00,0.4252,0.0286,0.0769,0.0852
6.320,moving,0.06641,1.02503,-0.47104,0.01038,0.96875,0.00612,0.06601,1.02200,-0.48816,0.01051,1.00791,0.00621,0.06625,1.03017,-0.47818,0.01073,0.99380,0.00641,0.0300,0.0300,-0.0300,0.0300,-0.0300,0.4356,0.0300,-0.0405,0.00,0.4241,0.0286,0.0727,0.0852
6.340,moving,0.06641,1.02503,-0.47104,0.01038,0.96875,0.00612,0.06601,1.02200,-0.48816,0.01051,1.00791,0.00621,0.06625,1.03803,-0.47328,0.01074,0.98064,0.00642,0.0300,0.0300,-0.0300,0.0300,-0.0300,0.4356,0.0300,-0.0404,0.00,0.4244,0.0286,0.0685,0.0852
6.360,moving,0.06641,1.02503,-0.47104,0.01038,0.96875,0.00612,0.06601,1.02200,-0.48816,0.01051,1.00791,0.00621,0.06624,1.04302,-0.47288,0.01074,0.97226,0.00642,0.0300,0.0300,-0.0300,0.0300,-0.0300,0.4356,0.0300,-0.0404,0.00,0.4253,0.0286,0.0663,0.0852
6.380,moving,0.06641,1.02503,-0.47104,0.01038,0.96875,0.00612,0.06601,1.02200,-0.48816,0.01051,1.00791,0.00621,0.06624,1.04432,-0.47295,0.01074,0.96969,0.00642,0.0300,0.0300,-0.0300,0.0300,-0.0300,0.4356,0.0301,-0.0404,0.00,0.4256,0.0286,0.0658,0.0852
6.400,moving,0.06664,1.04654,-0.45960,0.01061,0.93582,0.00631,0.06624,1.04432,-0.47295,0.01074,0.96969,0.00642,0.06647,1.04437,-0.47074,0.01097,0.96731,0.00661,0.0300,0.0300,-0.0300,0.0300,-0.0300,0.4356,0.0300,-0.0405,0.00,0.4255,0.0287,0.0653,0.0852
6.420,moving,0.06664,1.04654,-0.45960,0.01061,0.93582,0.00631,0.06624,1.04432,-0.47295,0.01074,0.96969,0.00642,0.06648,1.05057,-0.46397,0.01098,0.95878,0.00661,0.0300,0.0300,-0.0300,0.0300,-0.0300,0.4356,0.0300,-0.0405,0.00,0.4245,0.0287,0.0614,0.0852
6.440,moving,0.06664,1.04654,-0.45960,0.01061,0.93582,0.00631,0.06624,1.04432,-0.47295,0.01074,0.96969,0.00642,0.06648,1.05875,-0.46140,0.01098,0.94610,0.00661,0.0300,0.0300,-0.0300,0.0300,-0.0300,0.4356,0.0300,-0.0405,0.00,0.4251,0.0287,0.0575,0.0852
6.460,moving,0.06664,1.04654,-0.45960,0.01061,0.93582,0.00631,0.06624,1.04432,-0.47295,0.01074,0.96969,0.00642,0.06647,1.06329,-0.46146,0.01098,0.93865,0.00662,0.0300,0.0300,-0.0300,0.0300,-0.0300,0.4356,0.0300,-0.0404,0.00,0.4259,0.0287,0.0556,0.0852
6.480,moving,0.06664,1.04654,-0.45960,0.01061,0.93582,0.00631,0.06624,1.04432,-0.47295,0.01074,0.96969,0.00642,0.06647,1.06406,-0.46150,0.01099,0.93677,0.00662,0.0300,0.0300,-0.0300,0.0300,-0.0300,0.4356,0.0301,-0.0404,0.00,0.4262,0.0288,0.0553,0.0852
6.500,moving,0.06664,1.04654,-0.45960,0.01061,0.93582,0.00631,0.06624,1.04432,-0.47295,0.01074,0.96969,0.00642,0.06647,1.06240,-0.46147,0.01099,0.93677,0.00663,0.0300,0.0300,-0.0300,0.0300,-0.0300,0.4356,0.0301,-0.0405,0.00,0.4264,0.0288,0.0560,0.0852
6.520,moving,0.06687,1.06913,-0.45038,0.01086,0.90402,0.00650,0.06647,1.06240,-0.46147,0.01099,0.93677,0.00663,0.06647,1.06073,-0.46147,0.01099,0.93677,0.00663,0.0300,0.0300,-0.0300,0.0300,-0.0300,0.4356,0.0301,-0.0405,0.00,0.4266,0.0288,0.0567,0.0852
6.540,moving,0.06687,1.06913,-0.45038,0.01086,0.90402,0.00650,0.06647,1.06240,-0.46147,0.01099,0.93677,0.00663,0.06647,1.05937,-0.46147,0.01099,0.93677,0.00663,0.0300,0.0300,-0.0300,0.0300,-0.0300,0.4356,0.0300,-0.0405,0.00,0.4268,0.0288,0.0573,0.0852
6.560,moving,0.06687,1.06913,-0.45038,0.01086,0.90402,0.00650,0.06647,1.06240,-0.46147,0.01099,0.93677,0.00663,0.06647,1.05826,-0.46147,0.01099,0.93677,0.00663,0.0300,0.0300,-0.0300,0.0300,-0.0300,0.4356,0.0300,-0.0405,0.00,0.4270,0.0288,0.0578,0.0852
6.580,moving,0.06687,1.06913,-0.45038,0.01086,0.90402,0.00650,0.06647,1.06240,-0.46147,0.01099,0.93677,0.00663,0.06648,1.05735,-0.46146,0.01099,0.93677,0.00663,0.0300,0.0300,-0.0300,0.0300,-0.0300,0.4356,0.0300,-0.0405,0.00,0.4271,0.0288,0.0582,0.0852
6.600,moving,0.06687,1.06913,-0.45038,0.01086,0.90402,0.00650,0.06647,1.06240,-0.46147,0.01099,0.93677,0.00663,0.06671,1.05847,-0.45929,0.01123,0.93443,0.00682,0.0300,0.0300,-0.0300,0.0300,-0.0300,0.4356,0.0300,-0.0405,0.00,0.4268,0.0289,0.0573,0.0852
6.620,moving,0.06687,1.06913,-0.45038,0.01086,0.90402,0.00650,0.06647,1.06240,-0.46147,0.01099,0.93677,0.00663,0.06672,1.06608,-0.45350,0.01123,0.92590,0.00682,0.0300,0.0300,-0.0300,0.0300,-0.0300,0.4356,0.0300,-0.0405,0.00,0.4258,0.0289,0.0530,0.0852
6.640,moving,0.06709,1.09302,-0.44411,0.01111,0.87384,0.00669,0.06672,1.06608,-0.45350,0.01123,0.92590,0.00682,0.06671,1.07574,-0.45213,0.01124,0.91349,0.00682,0.0300,0.0300,-0.0300,0.0300,-0.0300,0.4357,0.0300,-0.0405,0.00,0.4265,0.0289,0.0486,0.0852
6.660,moving,0.06709,1.09302,-0.44411,0.01111,0.87384,0.00669,0.06672,1.06608,-0.45350,0.01123,0.92590,0.00682,0.06671,1.08142,-0.45222,0.01124,0.90655,0.00682,0.0300,0.0300,-0.0300,0.0300,-0.0300,0.4357,0.0300,-0.0404,0.00,0.4270,0.0289,0.0463,0.0852
6.680,moving,0.06709,1.09302,-0.44411,0.01111,0.87384,0.00669,0.06672,1.06608,-0.45350,0.01123,0.92590,0.00682,0.06671,1.08332,-0.45225,0.01124,0.90500,0.00683,0.0300,0.0300,-0.0300,0.0300,-0.0300,0.4357,0.0301,-0.0404,0.00,0.4270,0.0289,0.0455,0.0852
6.700,moving,0.06709,1.09302,-0.44411,0.01111,0.87384,0.00669,0.06672,1.06608,-0.45350,0.01123,0.92590,0.00682,0.06694,1.08422,-0.45004,0.01150,0.90266,0.00702,0.0300,0.0300,-0.0300,0.0300,-0.0300,0.4356,0.0301,-0.0405,0.00,0.4267,0.0290,0.0447,0.0852
6.720,moving,0.06709,1.09302,-0.44411,0.01111,0.87384,0.00669,0.06672,1.06608,-0.45350,0.01123,0.92590,0.00682,0.06694,1.09132,-0.44614,0.01150,0.89414,0.00702,0.0300,0.0300,-0.0300,0.0300,-0.0300,0.4356,0.0300,-0.0405,0.00,0.4262,0.0290,0.0409,0.0852
6.740,moving,0.06709,1.09302,-0.44411,0.01111,0.87384,0.00669,0.06672,1.06608,-0.45350,0.01123,0.92590,0.00682,0.06694,1.10075,-0.44586,0.01150,0.88223,0.00702,0.0300,0.0300,-0.0300,0.0300,-0.0300,0.4356,0.0300,-0.0405,0.00,0.4269,0.0290,0.0369,0.0852
6.760,moving,0.06732,1.11820,-0.44080,0.01138,0.84534,0.00688,0.06694,1.10075,-0.44586,0.01150,0.88223,0.00702,0.06694,1.10595,-0.44595,0.01151,0.87599,0.00703,0.0300,0.0300,-0.0300,0.0300,-0.0300,0.4356,0.0300,-0.0404,0.00,0.4273,0.0290,0.0347,0.0852
6.780,moving,0.06732,1.11820,-0.44080,0.01138,0.84534,0.00688,0.06694,1.10075,-0.44586,0.01150,0.88223,0.00702,0.06694,1.10742,-0.44595,0.01151,0.87486,0.00703,0.0300,0.0300,-0.0300,0.0300,-0.0300,0.4356,0.0301,-0.0404,0.00,0.4273,0.0290,0.0341,0.0852
6.800,moving,0.06732,1.11820,-0.44080,0.01138,0.84534,0.00688,0.06694,1.10075,-0.44586,0.01150,0.88223,0.00702,0.06717,1.10821,-0.44390,0.01177,0.87252,0.00722,0.0300,0.0300,-0.0300,0.0300,-0.0300,0.4356,0.0300,-0.0405,0.00,0.4271,0.0291,0.0334,0.0852
6.820,moving,0.06732,1.11820,-0.44080,0.01138,0.84534,0.00688,0.06694,1.10075,-0.44586,0.01150,0.88223,0.00702,0.06717,1.11533,-0.44255,0.01178,0.86399,0.00723,0.0300,0.0300,-0.0300,0.0300,-0.0300,0.4356,0.0300,-0.0405,0.00,0.4272,0.0291,0.0302,0.0852
6.840,moving,0.06732,1.11820,-0.44080,0.01138,0.84534,0.00688,0.06694,1.10075,-0.44586,0.01150,0.88223,0.00702,0.06717,1.12505,-0.44258,0.01177,0.85267,0.00722,0.0300,0.0300,-0.0300,0.0300,-0.0300,0.4356,0.0300,-0.0405,0.00,0.4277,0.0292,0.0261,0.0852
6.860,moving,0.06732,1.11820,-0.44080,0.01138,0.84534,0.00688,0.06694,1.10075,-0.44586,0.01150,0.88223,0.00702,0.06717,1.13048,-0.44264,0.01178,0.84716,0.00723,0.0300,0.0300,-0.0300,0.0300,-0.0300,0.4356,0.0300,-0.0404,0.00,0.4279,0.0292,0.0238,0.0852
6.880,moving,0.06755,1.14460,-0.44041,0.01164,0.81855,0.00706,0.06717,1.13048,-0.44264,0.01178,0.84716,0.00723,0.06717,1.13220,-0.44262,0.01178,0.84638,0.00723,0.0300,0.0300,-0.0300,0.0300,-0.0300,0.4356,0.0301,-0.0404,0.00,0.4277,0.0292,0.0230,0.0852
6.900,moving,0.06777,1.17219,-0.44295,0.01191,0.79349,0.00724,0.06717,1.13048,-0.44264,0.01178,0.84716,0.00723,0.06762,1.13334,-0.44418,0.01232,0.84405,0.00759,0.0300,0.0300,-0.0300,0.0300,-0.0300,0.4356,0.0300,-0.0405,0.00,0.4284,0.0295,0.0228,0.0852
6.920,moving,0.06777,1.17219,-0.44295,0.01191,0.79349,0.00724,0.06717,1.13048,-0.44264,0.01178,0.84716,0.00723,0.06763,1.14024,-0.44472,0.01232,0.83551,0.00759,0.0300,0.0300,-0.0300,0.0300,-0.0300,0.4356,0.0300,-0.0405,0.00,0.4290,0.0295,0.0200,0.0852
6.940,moving,0.06777,1.17219,-0.44295,0.01191,0.79349,0.00724,0.06717,1.13048,-0.44264,0.01178,0.84716,0.00723,0.06764,1.15373,-0.44474,0.01231,0.82077,0.00758,0.0300,0.0300,-0.0300,0.0300,-0.0300,0.4356,0.0300,-0.0405,0.00,0.4294,0.0295,0.0143,0.0852
6.960,moving,0.06777,1.17219,-0.44295,0.01191,0.79349,0.00724,0.06717,1.13048,-0.44264,0.01178,0.84716,0.00723,0.06764,1.16951,-0.44482,0.01231,0.80579,0.00758,0.0300,0.0300,-0.0300,0.0300,-0.0300,0.4356,0.0300,-0.0405,0.00,0.4295,0.0295,0.0077,0.0852
6.980,moving,0.06777,1.17219,-0.44295,0.01191,0.79349,0.00724,0.06717,1.13048,-0.44264,0.01178,0.84716,0.00723,0.06763,1.18113,-0.44486,0.01232,0.79726,0.00759,0.0300,0.0300,-0.0300,0.0300,-0.0300,0.4356,0.0300,-0.0404,0.00,0.4289,0.0294,0.0027,0.0852
7.000,moving,0.06800,1.20094,-0.44841,0.01218,0.77020,0.00740,0.06763,1.18113,-0.44486,0.01232,0.79726,0.00759,0.06786,1.18983,-0.44690,0.01260,0.79378,0.00776,0.0300,0.0300,-0.0300,0.0300,-0.0300,0.4356,0.0301,-0.0405,0.00,0.4285,0.0295,-0.0006,0.0852
7.020,moving,0.06822,1.23082,-0.45684,0.01244,0.74875,0.00755,0.06763,1.18113,-0.44486,0.01232,0.79726,0.00759,0.06786,1.19743,-0.44994,0.01260,0.78525,0.00777,0.0300,0.0300,-0.0300,0.0300,-0.0300,0.4356,0.0301,-0.0405,0.00,0.4295,0.0296,-0.0033,0.0852
7.040,moving,0.06822,1.23082,-0.45684,0.01244,0.74875,0.00755,0.06763,1.18113,-0.44486,0.01232,0.79726,0.00759,0.06786,1.20783,-0.45025,0.01260,0.77531,0.00777,0.0300,0.0300,-0.0300,0.0300,-0.0300,0.4356,0.0300,-0.0404,0.00,0.4295,0.0296,-0.0077,0.0852
7.060,moving,0.06822,1.23082,-0.45684,0.01244,0.74875,0.00755,0.06763,1.18113,-0.44486,0.01232,0.79726,0.00759,0.06786,1.21491,-0.45025,0.01261,0.77147,0.00777,0.0300,0.0300,-0.0300,0.0300,-0.0300,0.4356,0.0300,-0.0404,0.00,0.4288,0.0295,-0.0107,0.0852
7.080,moving,0.06822,1.23082,-0.45684,0.01244,0.74875,0.00755,0.06763,1.18113,-0.44486,0.01232,0.79726,0.00759,0.06786,1.21839,-0.45016,0.01261,0.77124,0.00778,0.0300,0.0300,-0.0300,0.0300,-0.0300,0.4355,0.0301,-0.0404,0.00,0.4281,0.0295,-0.0122,0.0852
7.100,moving,0.06822,1.23082,-0.45684,0.01244,0.74875,0.00755,0.06763,1.18113,-0.44486,0.01232,0.79726,0.00759,0.06808,1.22028,-0.45206,0.01288,0.76892,0.00792,0.0300,0.0300,-0.0300,0.0300,-0.0300,0.4355,0.0300,-0.0405,0.00,0.4287,0.0296,-0.0127,0.0852
7.120,moving,0.06845,1.26181,-0.46828,0.01269,0.72918,0.00768,0.06808,1.22028,-0.45206,0.01288,0.76892,0.00792,0.06809,1.22644,-0.45749,0.01288,0.76037,0.00793,0.0300,0.0300,-0.0300,0.0300,-0.0300,0.4356,0.0300,-0.0405,0.00,0.4307,0.0298,-0.0143,0.0852
7.140,moving,0.06845,1.26181,-0.46828,0.01269,0.72918,0.00768,0.06808,1.22028,-0.45206,0.01288,0.76892,0.00792,0.06809,1.23674,-0.45871,0.01287,0.75219,0.00793,0.0300,0.0300,-0.0300,0.0300,-0.0300,0.4356,0.0300,-0.0404,0.00,0.4304,0.0297,-0.0185,0.0852
7.160,moving,0.06845,1.26181,-0.46828,0.01269,0.72918,0.00768,0.06808,1.22028,-0.45206,0.01288,0.76892,0.00792,0.06809,1.24346,-0.45868,0.01288,0.74979,0.00793,0.0300,0.0300,-0.0300,0.0300,-0.0300,0.4356,0.0300,-0.0404,0.00,0.4295,0.0297,-0.0214,0.0852
7.180,moving,0.06845,1.26181,-0.46828,0.01269,0.72918,0.00768,0.06808,1.22028,-0.45206,0.01288,0.76892,0.00792,0.06809,1.24674,-0.45854,0.01289,0.74976,0.00794,0.0300,0.0300,-0.0300,0.0300,-0.0300,0.4356,0.0301,-0.0404,0.00,0.4287,0.0296,-0.0228,0.0852
7.200,moving,0.06845,1.26181,-0.46828,0.01269,0.72918,0.00768,0.06808,1.22028,-0.45206,0.01288,0.76892,0.00792,0.06831,1.24865,-0.46044,0.01315,0.74743,0.00807,0.0300,0.0300,-0.0300,0.0300,-0.0300,0.4356,0.0301,-0.0405,0.00,0.4293,0.0298,-0.0233,0.0852
7.220,moving,0.06845,1.26181,-0.46828,0.01269,0.72918,0.00768,0.06808,1.22028,-0.45206,0.01288,0.76892,0.00792,0.06832,1.25517,-0.46725,0.01315,0.73888,0.00807,0.0300,0.0300,-0.0300,0.0300,-0.0300,0.4356,0.0300,-0.0405,0.00,0.4316,0.0299,-0.0248,0.0852
7.240,moving,0.06867,1.29434,-0.48377,0.01293,0.71216,0.00777,0.06832,1.25517,-0.46725,0.01315,0.73888,0.00807,0.06832,1.26592,-0.47012,0.01314,0.73179,0.00807,0.0300,0.0300,-0.0300,0.0300,-0.0300,0.4356,0.0300,-0.0404,0.00,0.4314,0.0299,-0.0289,0.0852
7.260,moving,0.06867,1.29434,-0.48377,0.01293,0.71216,0.00777,0.06832,1.25517,-0.46725,0.01315,0.73888,0.00807,0.06832,1.27304,-0.47010,0.01314,0.73016,0.00807,0.0300,0.0300,-0.0300,0.0300,-0.0300,0.4356,0.0300,-0.0404,0.00,0.4302,0.0298,-0.0320,0.0852
7.280,moving,0.06867,1.29434,-0.48377,0.01293,0.71216,0.00777,0.06832,1.25517,-0.46725,0.01315,0.73888,0.00807,0.06832,1.27676,-0.46993,0.01315,0.73015,0.00808,0.0300,0.0300,-0.0300,0.0300,-0.0300,0.4356,0.0301,-0.0404,0.00,0.4293,0.0297,-0.0336,0.0852
7.300,moving,0.06867,1.29434,-0.48377,0.01293,0.71216,0.00777,0.06832,1.25517,-0.46725,0.01315,0.73888,0.00807,0.06854,1.27906,-0.47181,0.01339,0.72783,0.00818,0.0300,0.0300,-0.0300,0.0300,-0.0300,0.4356,0.0301,-0.0405,0.00,0.4298,0.0299,-0.0343,0.0852
7.320,moving,0.06867,1.29434,-0.48377,0.01293,0.71216,0.00777,0.06832,1.25517,-0.46725,0.01315,0.73888,0.00807,0.06854,1.28577,-0.47971,0.01340,0.71962,0.00818,0.0300,0.0300,-0.0300,0.0300,-0.0300,0.4356,0.0300,-0.0405,0.00,0.4322,0.0301,-0.0358,0.0852
7.340,moving,0.06867,1.29434,-0.48377,0.01293,0.71216,0.00777,0.06832,1.25517,-0.46725,0.01315,0.73888,0.00807,0.06855,1.29690,-0.48507,0.01338,0.71393,0.00818,0.0300,0.0300,-0.0300,0.0300,-0.0300,0.4356,0.0300,-0.0404,0.00,0.4323,0.0301,-0.0396,0.0852
7.360,moving,0.06889,1.32771,-0.50178,0.01314,0.69680,0.00785,0.06855,1.29690,-0.48507,0.01338,0.71393,0.00818,0.06855,1.30424,-0.48555,0.01339,0.71308,0.00818,0.0300,0.0300,-0.0300,0.0300,-0.0300,0.4356,0.0300,-0.0404,0.00,0.4309,0.0300,-0.0427,0.0852
7.380,moving,0.06889,1.32771,-0.50178,0.01314,0.69680,0.00785,0.06855,1.29690,-0.48507,0.01338,0.71393,0.00818,0.06855,1.30808,-0.48537,0.01339,0.71308,0.00818,0.0300,0.0300,-0.0300,0.0300,-0.0300,0.4356,0.0301,-0.0404,0.00,0.4300,0.0299,-0.0444,0.0852
7.400,moving,0.06889,1.32771,-0.50178,0.01314,0.69680,0.00785,0.06855,1.29690,-0.48507,0.01338,0.71393,0.00818,0.06877,1.31055,-0.48723,0.01362,0.71075,0.00826,0.0300,0.0300,-0.0300,0.0300,-0.0300,0.4356,0.0301,-0.0405,0.00,0.4304,0.0300,-0.0451,0.0852
7.420,moving,0.06889,1.32771,-0.50178,0.01314,0.69680,0.00785,0.06855,1.29690,-0.48507,0.01338,0.71393,0.00818,0.06877,1.31748,-0.49548,0.01363,0.70280,0.00826,0.0300,0.0300,-0.0300,0.0300,-0.0300,0.4356,0.0300,-0.0405,0.00,0.4328,0.0302,-0.0466,0.0852
7.440,moving,0.06889,1.32771,-0.50178,0.01314,0.69680,0.00785,0.06855,1.29690,-0.48507,0.01338,0.71393,0.00818,0.06878,1.32892,-0.50236,0.01361,0.69811,0.00826,0.0300,0.0300,-0.0300,0.0300,-0.0300,0.4356,0.0300,-0.0405,0.00,0.4330,0.0302,-0.0504,0.0852
7.460,moving,0.06889,1.32771,-0.50178,0.01314,0.69680,0.00785,0.06855,1.29690,-0.48507,0.01338,0.71393,0.00818,0.06878,1.33653,-0.50350,0.01362,0.69765,0.00826,0.0300,0.0300,-0.0300,0.0300,-0.0300,0.4356,0.0300,-0.0404,0.00,0.4316,0.0301,-0.0535,0.0852
7.480,moving,0.06911,1.36226,-0.52315,0.01334,0.68361,0.00788,0.06878,1.33653,-0.50350,0.01362,0.69765,0.00826,0.06878,1.34047,-0.50331,0.01363,0.69764,0.00827,0.0300,0.0300,-0.0300,0.0300,-0.0300,0.4356,0.0301,-0.0404,0.00,0.4306,0.0300,-0.0552,0.0852
7.500,moving,0.06911,1.36226,-0.52315,0.01334,0.68361,0.00788,0.06878,1.33653,-0.50350,0.01362,0.69765,0.00826,0.06900,1.34311,-0.50517,0.01382,0.69531,0.00830,0.0300,0.0300,-0.0300,0.0300,-0.0300,0.4356,0.0301,-0.0405,0.00,0.4309,0.0302,-0.0560,0.0852
7.520,moving,0.06911,1.36226,-0.52315,0.01334,0.68361,0.00788,0.06878,1.33653,-0.50350,0.01362,0.69765,0.00826,0.06900,1.35020,-0.51360,0.01383,0.68792,0.00831,0.0300,0.0300,-0.0300,0.0300,-0.0300,0.4356,0.0300,-0.0405,0.00,0.4332,0.0303,-0.0576,0.0852
7.540,moving,0.06911,1.36226,-0.52315,0.01334,0.68361,0.00788,0.06878,1.33653,-0.50350,0.01362,0.69765,0.00826,0.06901,1.36200,-0.52234,0.01381,0.68453,0.00830,0.0300,0.0300,-0.0300,0.0300,-0.0300,0.4356,0.0300,-0.0405,0.00,0.4335,0.0303,-0.0612,0.0852
7.560,moving,0.06911,1.36226,-0.52315,0.01334,0.68361,0.00788,0.06878,1.33653,-0.50350,0.01362,0.69765,0.00826,0.06901,1.37009,-0.52474,0.01382,0.68437,0.00831,0.0300,0.0300,-0.0300,0.0300,-0.0300,0.4356,0.0300,-0.0404,0.00,0.4323,0.0302,-0.0643,0.0852
7.580,moving,0.06911,1.36226,-0.52315,0.01334,0.68361,0.00788,0.06878,1.33653,-0.50350,0.01362,0.69765,0.00826,0.06901,1.37411,-0.52460,0.01383,0.68436,0.00831,0.0300,0.0300,-0.0300,0.0300,-0.0300,0.4356,0.0301,-0.0404,0.00,0.4312,0.0302,-0.0661,0.0852
7.600,moving,0.06911,1.36226,-0.52315,0.01334,0.68361,0.00788,0.06901,1.37411,-0.52460,0.01383,0.68436,0.00831,0.06902,1.37417,-0.52442,0.01384,0.68435,0.00831,0.0300,0.0300,-0.0300,0.0300,-0.0300,0.4356,0.0301,-0.0404,0.00,0.4311,0.0302,-0.0661,0.0852
7.620,moving,0.06911,1.36226,-0.52315,0.01334,0.68361,0.00788,0.06901,1.37411,-0.52460,0.01383,0.68436,0.00831,0.06902,1.37329,-0.52437,0.01384,0.68434,0.00831,0.0300,0.0300,-0.0300,0.0300,-0.0300,0.4356,0.0301,-0.0404,0.00,0.4313,0.0302,-0.0658,0.0852
7.640,moving,0.06911,1.36226,-0.52315,0.01334,0.68361,0.00788,0.06901,1.37411,-0.52460,0.01383,0.68436,0.00831,0.06902,1.37245,-0.52437,0.01384,0.68432,0.00832,0.0300,0.0300,-0.0300,0.0300,-0.0300,0.4356,0.0300,-0.0405,0.00,0.4316,0.0302,-0.0654,0.0852
7.660,moving,0.06911,1.36226,-0.52315,0.01334,0.68361,0.00788,0.06901,1.37411,-0.52460,0.01383,0.68436,0.00831,0.06902,1.37176,-0.52438,0.01384,0.68431,0.00832,0.0300,0.0300,-0.0300,0.0300,-0.0300,0.4356,0.0300,-0.0405,0.00,0.4317,0.0302,-0.0651,0.0852
7.680,moving,0.06911,1.36226,-0.52315,0.01334,0.68361,0.00788,0.06901,1.37411,-0.52460,0.01383,0.68436,0.00831,0.06901,1.37120,-0.52438,0.01384,0.68430,0.00832,0.0300,0.0300,-0.0300,0.0300,-0.0300,0.4356,0.0300,-0.0405,0.00,0.4319,0.0302,-0.0649,0.0852
7.700,moving,0.06911,1.36226,-0.52315,0.01334,0.68361,0.00788,0.06901,1.37411,-0.52460,0.01383,0.68436,0.00831,0.06901,1.37074,-0.52438,0.01383,0.68430,0.00831,0.0300,0.0300,-0.0300,0.0300,-0.0300,0.4356,0.0300,-0.0405,0.00,0.4320,0.0302,-0.0647,0.0852
7.720,moving,0.06911,1.36226,-0.52315,0.01334,0.68361,0.00788,0.06901,1.37074,-0.52438,0.01383,0.68430,0.00831,0.06901,1.37037,-0.52438,0.01384,0.68429,0.00832,0.0300,0.0300,-0.0300,0.0300,-0.0300,0.4356,0.0300,-0.0405,0.00,0.4321,0.0302,-0.0645,0.0852
7.740,moving,0.06911,1.36226,-0.52315,0.01334,0.68361,0.00788,0.06901,1.37074,-0.52438,0.01383,0.68430,0.00831,0.06901,1.37007,-0.52437,0.01384,0.68429,0.00832,0.0300,0.0300,-0.0300,0.0300,-0.0300,0.4356,0.0300,-0.0405,0.00,0.4322,0.0302,-0.0644,0.0852
7.760,moving,0.06911,1.36226,-0.52315,0.01334,0.68361,0.00788,0.06901,1.37074,-0.52438,0.01383,0.68430,0.00831,0.06901,1.36982,-0.52437,0.01384,0.68428,0.00832,0.0300,0.0300,-0.0300,0.0300,-0.0300,0.4356,0.0300,-0.0405,0.00,0.4322,0.0302,-0.0643,0.0852
7.780,moving,0.06911,1.36226,-0.52315,0.01334,0.68361,0.00788,0.06901,1.37074,-0.52438,0.01383,0.68430,0.00831,0.06901,1.36962,-0.52437,0.01383,0.68428,0.00832,0.0300,0.0300,-0.0300,0.0300,-0.0300,0.4356,0.0300,-0.0405,0.00,0.4323,0.0302,-0.0642,0.0852
7.800,moving,0.06911,1.36226,-0.52315,0.01334,0.68361,0.00788,0.06901,1.37074,-0.52438,0.01383,0.68430,0.00831,0.06901,1.36945,-0.52436,0.01384,0.68428,0.00832,0.0300,0.0300,-0.0300,0.0300,-0.0300,0.4356,0.0300,-0.0405,0.00,0.4323,0.0303,-0.0641,0.0852
7.820,moving,0.06911,1.36226,-0.52315,0.01334,0.68361,0.00788,0.06901,1.37074,-0.52438,0.01383,0.68430,0.00831,0.06901,1.36932,-0.52436,0.01384,0.68427,0.00832,0.0300,0.0300,-0.0300,0.0300,-0.0300,0.4356,0.0300,-0.0405,0.00,0.4324,0.0303,-0.0640,0.0852
7.840,moving,0.06911,1.36226,-0.52315,0.01334,0.68361,0.00788,0.06901,1.36932,-0.52436,0.01384,0.68427,0.00832,0.06901,1.36921,-0.52436,0.01384,0.68427,0.00832,0.0300,0.0300,-0.0300,0.0300,-0.0300,0.4356,0.0300,-0.0405,0.00,0.4324,0.0303,-0.0640,0.0852
7.860,moving,0.06911,1.36226,-0.52315,0.01334,0.68361,0.00788,0.06901,1.36932,-0.52436,0.01384,0.68427,0.00832,0.06901,1.36912,-0.52436,0.01384,0.68427,0.00832,0.0300,0.0300,-0.0300,0.0300,-0.0300,0.4356,0.0300,-0.0405,0.00,0.4324,0.0303,-0.0640,0.0852
7.880,moving,0.06911,1.36226,-0.52315,0.01334,0.68361,0.00788,0.06901,1.36932,-0.52436,0.01384,0.68427,0.00832,0.06901,1.36904,-0.52436,0.01384,0.68427,0.00832,0.0300,0.0300,-0.0300,0.0300,-0.0300,0.4356,0.0300,-0.0405,0.00,0.4324,0.0303,-0.0639,0.0852
7.900,moving,0.06911,1.36226,-0.52315,0.01334,0.68361,0.00788,0.06901,1.36932,-0.52436,0.01384,0.68427,0.00832,0.06901,1.36899,-0.52435,0.01384,0.68427,0.00832,0.0300,0.0300,-0.0300,0.0300,-0.0300,0.4356,0.0300,-0.0405,0.00,0.4324,0.0303,-0.0639,0.0852
7.920,moving,0.06911,1.36226,-0.52315,0.01334,0.68361,0.00788,0.06901,1.36932,-0.52436,0.01384,0.68427,0.00832,0.06901,1.36894,-0.52435,0.01384,0.68427,0.00832,0.0300,0.0300,-0.0300,0.0300,-0.0300,0.4356,0.0300,-0.0405,0.00,0.4325,0.0303,-0.0639,0.0852
7.940,moving,0.06911,1.36226,-0.52315,0.01334,0.68361,0.00788,0.06901,1.36932,-0.52436,0.01384,0.68427,0.00832,0.06901,1.36889,-0.52435,0.01384,0.68427,0.00832,0.0300,0.0300,-0.0300,0.0300,-0.0300,0.4356,0.0300,-0.0405,0.00,0.4325,0.0303,-0.0639,0.0852
7.960,moving,0.06911,1.36226,-0.52315,0.01334,0.68361,0.00788,0.06901,1.36889,-0.52435,0.01384,0.68427,0.00832,0.06901,1.36887,-0.52435,0.01384,0.68427,0.00832,0.0300,0.0300,-0.0300,0.0300,-0.0300,0.4356,0.0300,-0.0405,0.00,0.4325,0.0303,-0.0638,0.0852
7.980,moving,0.06911,1.36226,-0.52315,0.01334,0.68361,0.00788,0.06901,1.36889,-0.52435,0.01384,0.68427,0.00832,0.06901,1.36884,-0.52435,0.01384,0.68427,0.00832,0.0300,0.0300,-0.0300,0.0300,-0.0300,0.4356,0.0300,-0.0405,0.00,0.4325,0.0303,-0.0638,0.0852
8.000,moving,0.06911,1.36226,-0.52315,0.01334,0.68361,0.00788,0.06901,1.36889,-0.52435,0.01384,0.68427,0.00832,0.06901,1.36882,-0.52435,0.01384,0.68427,0.00832,0.0300,0.0300,-0.0300,0.0300,-0.0300,0.4356,0.0300,-0.0405,0.00,0.4325,0.0303,-0.0638,0.0852
8.020,moving,0.06911,1.36226,-0.52315,0.01334,0.68361,0.00788,0.06901,1.36889,-0.52435,0.01384,0.68427,0.00832,0.06901,1.36880,-0.52435,0.01384,0.68427,0.00832,0.0300,0.0300,-0.0300,0.0300,-0.0300,0.4356,0.0300,-0.0405,0.00,0.4325,0.0303,-0.0638,0.0852
8.040,moving,0.06911,1.36226,-0.52315,0.01334,0.68361,0.00788,0.06901,1.36889,-0.52435,0.01384,0.68427,0.00832,0.06901,1.36879,-0.52435,0.01384,0.68427,0.00832,0.0300,0.0300,-0.0300,0.0300,-0.0300,0.4356,0.0300,-0.0405,0.00,0.4325,0.0303,-0.0638,0.0852
8.060,close,0.06911,1.36226,-0.52315,0.01334,0.68361,0.00788,0.06901,1.36889,-0.52435,0.01384,0.68427,0.00832,0.06901,1.36877,-0.52435,0.01384,0.68427,0.00832,0.0300,0.0300,-0.0300,0.0300,-0.0300,0.4356,0.0300,-0.0405,0.00,0.4325,0.0303,-0.0638,0.0852
8.080,close,0.06911,1.36226,-0.52315,0.01334,0.68361,0.00788,0.06901,1.36877,-0.52435,0.01384,0.68427,0.00832,0.06901,1.36877,-0.52435,0.01384,0.68427,0.00832,0.0000,0.0295,-0.0295,0.0000,-0.0000,0.4356,0.0300,-0.0405,0.00,0.4325,0.0303,-0.0638,0.0852
8.100,close,0.06911,1.36226,-0.52315,0.01334,0.68361,0.00788,0.06901,1.36877,-0.52435,0.01384,0.68427,0.00832,0.06901,1.36876,-0.52434,0.01384,0.68427,0.00832,0.0000,0.0290,-0.0290,0.0000,-0.0000,0.4356,0.0300,-0.0405,0.00,0.4325,0.0303,-0.0638,0.0852
8.120,close,0.06911,1.36226,-0.52315,0.01334,0.68361,0.00788,0.06901,1.36877,-0.52435,0.01384,0.68427,0.00832,0.06901,1.36875,-0.52434,0.01384,0.68427,0.00832,0.0000,0.0285,-0.0285,0.0000,-0.0000,0.4356,0.0300,-0.0405,0.00,0.4325,0.0303,-0.0638,0.0852
8.140,close,0.06911,1.36226,-0.52315,0.01334,0.68361,0.00788,0.06901,1.36877,-0.52435,0.01384,0.68427,0.00832,0.06901,1.36875,-0.52434,0.01384,0.68427,0.00832,0.0000,0.0280,-0.0280,0.0000,-0.0000,0.4356,0.0300,-0.0405,0.00,0.4325,0.0303,-0.0638,0.0852
8.160,close,0.06911,1.36226,-0.52315,0.01334,0.68361,0.00788,0.06901,1.36877,-0.52435,0.01384,0.68427,0.00832,0.06901,1.36874,-0.52434,0.01384,0.68427,0.00832,0.0000,0.0275,-0.0275,0.0000,-0.0000,0.4356,0.0300,-0.0405,0.00,0.4325,0.0303,-0.0638,0.0852
8.180,close,0.06911,1.36226,-0.52315,0.01334,0.68361,0.00788,0.06901,1.36877,-0.52435,0.01384,0.68427,0.00832,0.06901,1.36874,-0.52434,0.01384,0.68427,0.00832,0.0000,0.0270,-0.0270,0.0000,-0.0000,0.4356,0.0300,-0.0405,0.00,0.4325,0.0303,-0.0638,0.0852
8.200,close,0.06911,1.36226,-0.52315,0.01334,0.68361,0.00788,0.06901,1.36874,-0.52434,0.01384,0.68427,0.00832,0.06901,1.36873,-0.52434,0.01384,0.68427,0.00832,0.0000,0.0265,-0.0265,0.0000,-0.0000,0.4356,0.0300,-0.0405,0.00,0.4325,0.0303,-0.0638,0.0852
8.220,close,0.06911,1.36226,-0.52315,0.01334,0.68361,0.00788,0.06901,1.36874,-0.52434,0.01384,0.68427,0.00832,0.06901,1.36873,-0.52434,0.01384,0.68427,0.00832,0.0000,0.0260,-0.0260,0.0000,-0.0000,0.4356,0.0300,-0.0405,0.00,0.4325,0.0303,-0.0638,0.0852
8.240,close,0.06911,1.36226,-0.52315,0.01334,0.68361,0.00788,0.06901,1.36874,-0.52434,0.01384,0.68427,0.00832,0.06901,1.36873,-0.52434,0.01384,0.68427,0.00832,0.0000,0.0255,-0.0255,0.0000,-0.0000,0.4356,0.0300,-0.0405,0.00,0.4325,0.0303,-0.0638,0.0852
8.260,close,0.06911,1.36226,-0.52315,0.01334,0.68361,0.00788,0.06901,1.36874,-0.52434,0.01384,0.68427,0.00832,0.06901,1.36873,-0.52434,0.01384,0.68427,0.00832,0.0000,0.0251,-0.0250,0.0000,-0.0000,0.4356,0.0300,-0.0405,0.00,0.4325,0.0303,-0.0638,0.0852
8.280,close,0.06911,1.36226,-0.52315,0.01334,0.68361,0.00788,0.06901,1.36874,-0.52434,0.01384,0.68427,0.00832,0.06901,1.36873,-0.52434,0.01384,0.68427,0.00832,0.0000,0.0246,-0.0245,0.0000,-0.0000,0.4356,0.0300,-0.0405,0.00,0.4325,0.0303,-0.0638,0.0852
8.300,close,0.06911,1.36226,-0.52315,0.01334,0.68361,0.00788,0.06901,1.36874,-0.52434,0.01384,0.68427,0.00832,0.06901,1.36872,-0.52434,0.01384,0.68427,0.00832,0.0000,0.0241,-0.0241,0.0000,-0.0000,0.4356,0.0300,-0.0405,0.00,0.4325,0.0303,-0.0638,0.0852
8.320,close,0.06911,1.36226,-0.52315,0.01334,0.68361,0.00788,0.06901,1.36872,-0.52434,0.01384,0.68427,0.00832,0.06901,1.36873,-0.52434,0.01384,0.68427,0.00832,0.0000,0.0236,-0.0236,0.0000,-0.0000,0.4356,0.0300,-0.0405,0.00,0.4325,0.0303,-0.0638,0.0852
8.340,close,0.06911,1.36226,-0.52315,0.01334,0.68361,0.00788,0.06901,1.36872,-0.52434,0.01384,0.68427,0.00832,0.06901,1.36872,-0.52434,0.01384,0.68427,0.00832,0.0000,0.0231,-0.0231,0.0000,-0.0000,0.4356,0.0300,-0.0405,0.00,0.4325,0.0303,-0.0638,0.0852
8.360,close,0.06911,1.36226,-0.52315,0.01334,0.68361,0.00788,0.06901,1.36872,-0.52434,0.01384,0.68427,0.00832,0.06901,1.36873,-0.52434,0.01384,0.68427,0.00832,0.0000,0.0226,-0.0226,0.0000,-0.0000,0.4356,0.0300,-0.0405,0.00,0.4325,0.0303,-0.0638,0.0852
8.380,close,0.06911,1.36226,-0.52315,0.01334,0.68361,0.00788,0.06901,1.36872,-0.52434,0.01384,0.68427,0.00832,0.06901,1.36872,-0.52434,0.01384,0.68427,0.00832,0.0000,0.0222,-0.0221,0.0000,-0.0000,0.4356,0.0300,-0.0405,0.00,0.4325,0.0303,-0.0638,0.0852
8.400,close,0.06911,1.36226,-0.52315,0.01334,0.68361,0.00788,0.06901,1.36872,-0.52434,0.01384,0.68427,0.00832,0.06901,1.36872,-0.52434,0.01384,0.68427,0.00832,0.0000,0.0217,-0.0217,0.0000,-0.0000,0.4356,0.0300,-0.0405,0.00,0.4325,0.0303,-0.0638,0.0852
8.420,close,0.06911,1.36226,-0.52315,0.01334,0.68361,0.00788,0.06901,1.36872,-0.52434,0.01384,0.68427,0.00832,0.06901,1.36872,-0.52434,0.01384,0.68427,0.00832,0.0000,0.0212,-0.0212,0.0000,-0.0000,0.4356,0.0300,-0.0405,0.00,0.4325,0.0303,-0.0638,0.0852
8.440,close,0.06911,1.36226,-0.52315,0.01334,0.68361,0.00788,0.06901,1.36872,-0.52434,0.01384,0.68427,0.00832,0.06901,1.36873,-0.52434,0.01384,0.68427,0.00833,0.0000,0.0208,-0.0207,0.0000,-0.0000,0.4356,0.0300,-0.0405,0.00,0.4325,0.0303,-0.0638,0.0852
8.460,close,0.06911,1.36226,-0.52315,0.01334,0.68361,0.00788,0.06901,1.36872,-0.52434,0.01384,0.68427,0.00832,0.06901,1.36872,-0.52434,0.01384,0.68427,0.00832,0.0000,0.0203,-0.0202,0.0000,-0.0000,0.4356,0.0300,-0.0405,0.00,0.4325,0.0303,-0.0638,0.0852
8.480,close,0.06911,1.36226,-0.52315,0.01334,0.68361,0.00788,0.06901,1.36872,-0.52434,0.01384,0.68427,0.00832,0.06901,1.36872,-0.52434,0.01384,0.68427,0.00832,0.0000,0.0198,-0.0198,0.0000,-0.0000,0.4356,0.0300,-0.0405,0.00,0.4325,0.0303,-0.0638,0.0852
8.500,close,0.06911,1.36226,-0.52315,0.01334,0.68361,0.00788,0.06901,1.36872,-0.52434,0.01384,0.68427,0.00832,0.06901,1.36873,-0.52434,0.01384,0.68427,0.00832,0.0000,0.0194,-0.0193,0.0000,-0.0000,0.4356,0.0300,-0.0405,0.00,0.4325,0.0303,-0.0638,0.0852
8.520,close,0.06911,1.36226,-0.52315,0.01334,0.68361,0.00788,0.06901,1.36872,-0.52434,0.01384,0.68427,0.00832,0.06896,1.36868,-0.52436,0.01344,0.68426,0.00820,0.0000,0.0189,-0.0189,0.0000,-0.0000,0.4356,0.0302,-0.0404,0.09,0.4325,0.0302,-0.0638,0.0852
8.540,close,0.06911,1.36226,-0.52315,0.01334,0.68361,0.00788,0.06901,1.36872,-0.52434,0.01384,0.68427,0.00832,0.06880,1.36853,-0.52425,0.01250,0.68426,0.00792,0.0000,0.0185,-0.0190,0.0000,-0.0000,0.4356,0.0303,-0.0404,0.14,0.4325,0.0300,-0.0637,0.0852
8.560,close,0.06911,1.36226,-0.52315,0.01334,0.68361,0.00788,0.06880,1.36853,-0.52425,0.01250,0.68426,0.00792,0.06864,1.36838,-0.52418,0.01138,0.68425,0.00763,0.0000,0.0181,-0.0194,0.0000,-0.0000,0.4357,0.0305,-0.0403,0.21,0.4326,0.0298,-0.0637,0.0852
8.580,close,0.06911,1.36226,-0.52315,0.01334,0.68361,0.00788,0.06880,1.36853,-0.52425,0.01250,0.68426,0.00792,0.06858,1.36831,-0.52418,0.01054,0.68424,0.00742,0.0000,0.0177,-0.0198,0.0000,-0.0000,0.4357,0.0307,-0.0403,0.26,0.4326,0.0297,-0.0636,0.0852
8.600,close,0.06911,1.36226,-0.52315,0.01334,0.68361,0.00788,0.06880,1.36853,-0.52425,0.01250,0.68426,0.00792,0.06858,1.36836,-0.52427,0.01045,0.68424,0.00743,0.0000,0.0173,-0.0201,0.0000,-0.0000,0.4356,0.0312,-0.0403,0.28,0.4326,0.0297,-0.0636,0.0852
8.620,close,0.06911,1.36226,-0.52315,0.01334,0.68361,0.00788,0.06880,1.36853,-0.52425,0.01250,0.68426,0.00792,0.06857,1.36843,-0.52432,0.01004,0.68424,0.00732,0.0000,0.0169,-0.0205,0.0000,-0.0000,0.4356,0.0314,-0.0403,0.23,0.4326,0.0296,-0.0637,0.0852
8.640,close,0.06911,1.36226,-0.52315,0.01334,0.68361,0.00788,0.06880,1.36853,-0.52425,0.01250,0.68426,0.00792,0.06850,1.36844,-0.52440,0.00959,0.68424,0.00719,0.0000,0.0165,-0.0209,0.0000,-0.0000,0.4356,0.0318,-0.0403,0.19,0.4326,0.0295,-0.0637,0.0852
8.660,close,0.06911,1.36226,-0.52315,0.01334,0.68361,0.00788,0.06880,1.36853,-0.52425,0.01250,0.68426,0.00792,0.06855,1.36846,-0.52444,0.00974,0.68423,0.00724,0.0000,0.0161,-0.0213,0.0000,-0.0000,0.4356,0.0322,-0.0403,0.26,0.4326,0.0296,-0.0637,0.0852
8.680,close,0.06911,1.36226,-0.52315,0.01334,0.68361,0.00788,0.06855,1.36846,-0.52444,0.00974,0.68423,0.00724,0.06855,1.36848,-0.52446,0.00928,0.68423,0.00713,0.0000,0.0157,-0.0217,0.0000,-0.0000,0.4356,0.0326,-0.0403,0.26,0.4327,0.0295,-0.0637,0.0852
8.700,close,0.06911,1.36226,-0.52315,0.01334,0.68361,0.00788,0.06855,1.36846,-0.52444,0.00974,0.68423,0.00724,0.06847,1.36844,-0.52451,0.00907,0.68423,0.00707,0.0000,0.0153,-0.0221,0.0000,-0.0000,0.4356,0.0330,-0.0403,0.23,0.4327,0.0295,-0.0636,0.0852
8.720,close,0.06911,1.36226,-0.52315,0.01334,0.68361,0.00788,0.06855,1.36846,-0.52444,0.00974,0.68423,0.00724,0.06848,1.36846,-0.52459,0.00909,0.68422,0.00708,0.0000,0.0149,-0.0226,0.0000,-0.0000,0.4355,0.0334,-0.0403,0.22,0.4327,0.0295,-0.0636,0.0852
8.740,close,0.06911,1.36226,-0.52315,0.01334,0.68361,0.00788,0.06855,1.36846,-0.52444,0.00974,0.68423,0.00724,0.06849,1.36845,-0.52456,0.00860,0.68422,0.00694,0.0000,0.0144,-0.0230,0.0000,-0.0000,0.4355,0.0337,-0.0403,0.21,0.4327,0.0294,-0.0636,0.0852
8.760,close,0.06911,1.36226,-0.52315,0.01334,0.68361,0.00788,0.06855,1.36846,-0.52444,0.00974,0.68423,0.00724,0.06849,1.36838,-0.52456,0.00825,0.68422,0.00682,0.0000,0.0140,-0.0235,0.0000,-0.0000,0.4355,0.0341,-0.0403,0.32,0.4327,0.0294,-0.0636,0.0852
8.780,close,0.06911,1.36226,-0.52315,0.01334,0.68361,0.00788,0.06855,1.36846,-0.52444,0.00974,0.68423,0.00724,0.06851,1.36839,-0.52453,0.00798,0.68422,0.00677,0.0000,0.0136,-0.0239,0.0000,-0.0000,0.4355,0.0345,-0.0403,0.27,0.4327,0.0294,-0.0636,0.0852
8.800,close,0.06911,1.36226,-0.52315,0.01334,0.68361,0.00788,0.06851,1.36839,-0.52453,0.00798,0.68422,0.00677,0.06849,1.36837,-0.52451,0.00754,0.68422,0.00664,0.0000,0.0131,-0.0243,0.0000,-0.0000,0.4354,0.0349,-0.0403,0.28,0.4327,0.0293,-0.0636,0.0852
8.820,close,0.06911,1.36226,-0.52315,0.01334,0.68361,0.00788,0.06851,1.36839,-0.52453,0.00798,0.68422,0.00677,0.06850,1.36837,-0.52453,0.00747,0.68422,0.00663,0.0000,0.0127,-0.0248,0.0000,-0.0000,0.4354,0.0354,-0.0403,0.28,0.4327,0.0293,-0.0636,0.0852
8.840,close,0.06911,1.36226,-0.52315,0.01334,0.68361,0.00788,0.06851,1.36839,-0.52453,0.00798,0.68422,0.00677,0.06844,1.36827,-0.52448,0.00685,0.68421,0.00643,0.0000,0.0123,-0.0252,0.0000,-0.0000,0.4354,0.0357,-0.0403,0.32,0.4327,0.0292,-0.0636,0.0852
8.860,close,0.06911,1.36226,-0.52315,0.01334,0.68361,0.00788,0.06851,1.36839,-0.52453,0.00798,0.68422,0.00677,0.06839,1.36825,-0.52462,0.00662,0.68420,0.00636,0.0000,0.0119,-0.0256,0.0000,-0.0000,0.4354,0.0361,-0.0403,0.32,0.4328,0.0291,-0.0635,0.0852
8.880,close,0.06911,1.36226,-0.52315,0.01334,0.68361,0.00788,0.06851,1.36839,-0.52453,0.00798,0.68422,0.00677,0.06847,1.36828,-0.52464,0.00654,0.68421,0.00638,0.0000,0.0114,-0.0261,0.0000,-0.0000,0.4354,0.0365,-0.0402,0.35,0.4328,0.0292,-0.0635,0.0852
8.900,close,0.06911,1.36226,-0.52315,0.01334,0.68361,0.00788,0.06851,1.36839,-0.52453,0.00798,0.68422,0.00677,0.06846,1.36832,-0.52465,0.00633,0.68421,0.00630,0.0000,0.0110,-0.0265,0.0000,-0.0000,0.4353,0.0369,-0.0402,0.38,0.4328,0.0291,-0.0636,0.0852
8.920,close,0.06911,1.36226,-0.52315,0.01334,0.68361,0.00788,0.06846,1.36832,-0.52465,0.00633,0.68421,0.00630,0.06845,1.36831,-0.52467,0.00637,0.68420,0.00631,0.0000,0.0106,-0.0269,0.0000,-0.0000,0.4353,0.0374,-0.0402,0.32,0.4328,0.0291,-0.0636,0.0852
8.940,close,0.06911,1.36226,-0.52315,0.01334,0.68361,0.00788,0.06846,1.36832,-0.52465,0.00633,0.68421,0.00630,0.06842,1.36827,-0.52463,0.00627,0.68420,0.00628,0.0000,0.0102,-0.0273,0.0000,-0.0000,0.4353,0.0378,-0.0402,0.32,0.4328,0.0291,-0.0635,0.0852
8.960,close,0.06911,1.36226,-0.52315,0.01334,0.68361,0.00788,0.06846,1.36832,-0.52465,0.00633,0.68421,0.00630,0.06843,1.36829,-0.52477,0.00645,0.68419,0.00633,0.0000,0.0098,-0.0277,0.0000,-0.0000,0.4353,0.0382,-0.0403,0.28,0.4328,0.0292,-0.0635,0.0852
8.980,close,0.06911,1.36226,-0.52315,0.01334,0.68361,0.00788,0.06846,1.36832,-0.52465,0.00633,0.68421,0.00630,0.06846,1.36824,-0.52469,0.00642,0.68419,0.00631,0.0000,0.0093,-0.0282,0.0000,-0.0000,0.4352,0.0386,-0.0402,0.37,0.4328,0.0292,-0.0635,0.0852
9.000,close,0.06911,1.36226,-0.52315,0.01334,0.68361,0.00788,0.06846,1.36832,-0.52465,0.00633,0.68421,0.00630,0.06833,1.36807,-0.52473,0.00591,0.68417,0.00614,0.0000,0.0089,-0.0286,0.0000,-0.0000,0.4353,0.0390,-0.0402,0.43,0.4329,0.0290,-0.0634,0.0852
9.020,close,0.06911,1.36226,-0.52315,0.01334,0.68361,0.00788,0.06846,1.36832,-0.52465,0.00633,0.68421,0.00630,0.06828,1.36805,-0.52467,0.00552,0.68418,0.00604,0.0000,0.0085,-0.0290,0.0000,-0.0000,0.4352,0.0393,-0.0402,0.37,0.4329,0.0290,-0.0634,0.0852
9.040,close,0.06911,1.36226,-0.52315,0.01334,0.68361,0.00788,0.06828,1.36805,-0.52467,0.00552,0.68418,0.00604,0.06830,1.36807,-0.52467,0.00556,0.68418,0.00605,0.0000,0.0081,-0.0294,0.0000,-0.0000,0.4352,0.0397,-0.0402,0.36,0.4329,0.0290,-0.0635,0.0852
9.060,close,0.06911,1.36226,-0.52315,0.01334,0.68361,0.00788,0.06828,1.36805,-0.52467,0.00552,0.68418,0.00604,0.06837,1.36811,-0.52472,0.00571,0.68418,0.00611,0.0000,0.0077,-0.0298,0.0000,-0.0000,0.4352,0.0402,-0.0402,0.38,0.4329,0.0290,-0.0635,0.0852
9.080,close,0.06911,1.36226,-0.52315,0.01334,0.68361,0.00788,0.06828,1.36805,-0.52467,0.00552,0.68418,0.00604,0.06835,1.36811,-0.52479,0.00563,0.68417,0.00606,0.0000,0.0073,-0.0300,0.0000,-0.0000,0.4352,0.0406,-0.0402,0.43,0.4329,0.0290,-0.0634,0.0852
9.100,close,0.06911,1.36226,-0.52315,0.01334,0.68361,0.00788,0.06828,1.36805,-0.52467,0.00552,0.68418,0.00604,0.06836,1.36813,-0.52475,0.00582,0.68418,0.00615,0.0000,0.0070,-0.0300,0.0000,-0.0000,0.4351,0.0408,-0.0402,0.41,0.4329,0.0290,-0.0635,0.0852
9.120,close,0.06911,1.36226,-0.52315,0.01334,0.68361,0.00788,0.06828,1.36805,-0.52467,0.00552,0.68418,0.00604,0.06842,1.36814,-0.52476,0.00631,0.68419,0.00632,0.0000,0.0069,-0.0300,0.0000,-0.0000,0.4351,0.0410,-0.0402,0.40,0.4329,0.0291,-0.0635,0.0852
9.140,close,0.06911,1.36226,-0.52315,0.01334,0.68361,0.00788,0.06828,1.36805,-0.52467,0.00552,0.68418,0.00604,0.06843,1.36818,-0.52482,0.00661,0.68419,0.00643,0.0000,0.0068,-0.0300,0.0000,-0.0000,0.4351,0.0411,-0.0402,0.39,0.4329,0.0292,-0.0635,0.0852
9.160,close,0.06911,1.36226,-0.52315,0.01334,0.68361,0.00788,0.06843,1.36818,-0.52482,0.00661,0.68419,0.00643,0.06843,1.36820,-0.52483,0.00686,0.68419,0.00654,0.0000,0.0068,-0.0300,0.0000,-0.0000,0.4351,0.0411,-0.0402,0.37,0.4329,0.0292,-0.0635,0.0852
9.180,close,0.06911,1.36226,-0.52315,0.01334,0.68361,0.00788,0.06843,1.36818,-0.52482,0.00661,0.68419,0.00643,0.06842,1.36822,-0.52488,0.00712,0.68419,0.00663,0.0000,0.0068,-0.0300,0.0000,-0.0000,0.4351,0.0411,-0.0402,0.36,0.4329,0.0292,-0.0635,0.0852
9.200,close,0.06911,1.36226,-0.52315,0.01334,0.68361,0.00788,0.06843,1.36818,-0.52482,0.00661,0.68419,0.00643,0.06842,1.36825,-0.52492,0.00735,0.68419,0.00670,0.0000,0.0068,-0.0300,0.0000,-0.0000,0.4351,0.0412,-0.0402,0.37,0.4329,0.0293,-0.0635,0.0852
9.220,close,0.06911,1.36226,-0.52315,0.01334,0.68361,0.00788,0.06843,1.36818,-0.52482,0.00661,0.68419,0.00643,0.06843,1.36826,-0.52498,0.00743,0.68419,0.00675,0.0000,0.0068,-0.0300,0.0000,-0.0000,0.4351,0.0412,-0.0402,0.37,0.4329,0.0293,-0.0635,0.0852
9.240,close,0.06911,1.36226,-0.52315,0.01334,0.68361,0.00788,0.06843,1.36818,-0.52482,0.00661,0.68419,0.00643,0.06845,1.36833,-0.52502,0.00765,0.68419,0.00681,0.0000,0.0068,-0.0300,0.0000,-0.0000,0.4351,0.0412,-0.0402,0.32,0.4329,0.0293,-0.0635,0.0852
9.260,close,0.06911,1.36226,-0.52315,0.01334,0.68361,0.00788,0.06843,1.36818,-0.52482,0.00661,0.68419,0.00643,0.06849,1.36835,-0.52505,0.00788,0.68419,0.00690,0.0000,0.0068,-0.0300,0.0000,-0.0000,0.4351,0.0413,-0.0402,0.34,0.4329,0.0294,-0.0635,0.0852
9.280,close,0.06911,1.36226,-0.52315,0.01334,0.68361,0.00788,0.06849,1.36835,-0.52505,0.00788,0.68419,0.00690,0.06852,1.36839,-0.52507,0.00822,0.68419,0.00700,0.0000,0.0068,-0.0300,0.0000,-0.0000,0.4351,0.0413,-0.0402,0.32,0.4329,0.0294,-0.0635,0.0852
9.300,close,0.06911,1.36226,-0.52315,0.01334,0.68361,0.00788,0.06849,1.36835,-0.52505,0.00788,0.68419,0.00690,0.06852,1.36841,-0.52509,0.00834,0.68419,0.00704,0.0000,0.0068,-0.0300,0.0000,-0.0000,0.4351,0.0413,-0.0402,0.32,0.4329,0.0294,-0.0635,0.0852
9.320,close,0.06911,1.36226,-0.52315,0.01334,0.68361,0.00788,0.06849,1.36835,-0.52505,0.00788,0.68419,0.00690,0.06854,1.36841,-0.52513,0.00850,0.68419,0.00709,0.0000,0.0068,-0.0300,0.0000,-0.0000,0.4351,0.0413,-0.0402,0.32,0.4329,0.0294,-0.0635,0.0852
9.340,close,0.06911,1.36226,-0.52315,0.01334,0.68361,0.00788,0.06849,1.36835,-0.52505,0.00788,0.68419,0.00690,0.06854,1.36840,-0.52512,0.00871,0.68418,0.00714,0.0000,0.0068,-0.0300,0.0000,-0.0000,0.4351,0.0414,-0.0402,0.32,0.4329,0.0295,-0.0635,0.0852
9.360,close,0.06911,1.36226,-0.52315,0.01334,0.68361,0.00788,0.06849,1.36835,-0.52505,0.00788,0.68419,0.00690,0.06853,1.36839,-0.52513,0.00886,0.68417,0.00717,0.0000,0.0068,-0.0300,0.0000,-0.0000,0.4352,0.0414,-0.0402,0.32,0.4329,0.0295,-0.0635,0.0852
9.380,close,0.06911,1.36226,-0.52315,0.01334,0.68361,0.00788,0.06849,1.36835,-0.52505,0.00788,0.68419,0.00690,0.06851,1.36839,-0.52513,0.00896,0.68416,0.00719,0.0000,0.0068,-0.0300,0.0000,-0.0000,0.4352,0.0414,-0.0402,0.32,0.4329,0.0295,-0.0635,0.0852
9.400,close,0.06911,1.36226,-0.52315,0.01334,0.68361,0.00788,0.06851,1.36839,-0.52513,0.00896,0.68416,0.00719,0.06851,1.36841,-0.52516,0.00900,0.68416,0.00720,0.0000,0.0068,-0.0300,0.0000,-0.0000,0.4352,0.0414,-0.0402,0.31,0.4329,0.0295,-0.0635,0.0852
9.420,close,0.06911,1.36226,-0.52315,0.01334,0.68361,0.00788,0.06851,1.36839,-0.52513,0.00896,0.68416,0.00719,0.06850,1.36843,-0.52520,0.00898,0.68416,0.00720,0.0000,0.0068,-0.0300,0.0000,-0.0000,0.4352,0.0414,-0.0402,0.31,0.4329,0.0295,-0.0635,0.0852
9.440,close,0.06911,1.36226,-0.52315,0.01334,0.68361,0.00788,0.06851,1.36839,-0.52513,0.00896,0.68416,0.00719,0.06852,1.36846,-0.52524,0.00897,0.68417,0.00721,0.0000,0.0068,-0.0300,0.0000,-0.0000,0.4352,0.0414,-0.0402,0.31,0.4329,0.0295,-0.0635,0.0852
9.460,close,0.06911,1.36226,-0.52315,0.01334,0.68361,0.00788,0.06851,1.36839,-0.52513,0.00896,0.68416,0.00719,0.06853,1.36851,-0.52525,0.00894,0.68418,0.00721,0.0000,0.0068,-0.0300,0.0000,-0.0000,0.4351,0.0414,-0.0402,0.26,0.4329,0.0295,-0.0635,0.0852
9.480,close,0.06911,1.36226,-0.52315,0.01334,0.68361,0.00788,0.06851,1.36839,-0.52513,0.00896,0.68416,0.00719,0.06856,1.36852,-0.52526,0.00912,0.68417,0.00726,0.0000,0.0068,-0.0300,0.0000,-0.0000,0.4351,0.0414,-0.0403,0.29,0.4329,0.0295,-0.0635,0.0852
9.500,close,0.06911,1.36226,-0.52315,0.01334,0.68361,0.00788,0.06851,1.36839,-0.52513,0.00896,0.68416,0.00719,0.06857,1.36853,-0.52531,0.00916,0.68418,0.00729,0.0000,0.0068,-0.0300,0.0000,-0.0000,0.4352,0.0414,-0.0403,0.29,0.4329,0.0295,-0.0635,0.0852
9.520,close,0.06911,1.36226,-0.52315,0.01334,0.68361,0.00788,0.06857,1.36853,-0.52531,0.00916,0.68418,0.00729,0.06857,1.36854,-0.52535,0.00922,0.68418,0.00730,0.0000,0.0068,-0.0300,0.0000,-0.0000,0.4352,0.0414,-0.0403,0.29,0.4329,0.0296,-0.0635,0.0852
9.540,close,0.06911,1.36226,-0.52315,0.01334,0.68361,0.00788,0.06857,1.36853,-0.52531,0.00916,0.68418,0.00729,0.06858,1.36855,-0.52538,0.00929,0.68418,0.00732,0.0000,0.0068,-0.0300,0.0000,-0.0000,0.4352,0.0415,-0.0403,0.29,0.4329,0.0296,-0.0635,0.0852
9.560,close,0.06911,1.36226,-0.52315,0.01334,0.68361,0.00788,0.06857,1.36853,-0.52531,0.00916,0.68418,0.00729,0.06861,1.36859,-0.52539,0.00932,0.68419,0.00734,0.0000,0.0068,-0.0300,0.0000,-0.0000,0.4352,0.0415,-0.0403,0.27,0.4329,0.0296,-0.0636,0.0852
9.580,moving,0.06911,1.36226,-0.52315,0.01334,0.68361,0.00788,0.06857,1.36853,-0.52531,0.00916,0.68418,0.00729,0.06862,1.36860,-0.52543,0.00937,0.68418,0.00734,0.0000,0.0068,-0.0300,0.0000,-0.0000,0.4352,0.0415,-0.0403,0.29,0.4329,0.0296,-0.0635,0.0852
9.600,moving,0.06851,1.29478,-0.52790,0.01233,0.75585,0.00712,0.06857,1.36853,-0.52531,0.00916,0.68418,0.00729,0.06812,1.36930,-0.52724,0.00920,0.68653,0.00684,0.0000,0.0068,-0.0300,0.0000,-0.0000,0.4352,0.0412,-0.0403,0.17,0.4329,0.0294,-0.0636,0.0852
9.620,moving,0.06851,1.29478,-0.52790,0.01233,0.75585,0.00712,0.06857,1.36853,-0.52531,0.00916,0.68418,0.00729,0.06815,1.36936,-0.53008,0.00979,0.69505,0.00702,0.0000,0.0068,-0.0300,0.0000,-0.0000,0.4346,0.0412,-0.0399,0.35,0.4321,0.0294,-0.0632,0.0852
9.640,moving,0.06851,1.29478,-0.52790,0.01233,0.75585,0.00712,0.06815,1.36936,-0.53008,0.00979,0.69505,0.00702,0.06818,1.36712,-0.53023,0.01034,0.70978,0.00719,0.0000,0.0068,-0.0300,0.0000,-0.0000,0.4327,0.0412,-0.0390,1.03,0.4300,0.0293,-0.0622,0.0852
9.660,moving,0.06851,1.29478,-0.52790,0.01233,0.75585,0.00712,0.06815,1.36936,-0.53008,0.00979,0.69505,0.00702,0.06821,1.36374,-0.53005,0.01077,0.72956,0.00733,0.0000,0.0068,-0.0300,0.0000,-0.0000,0.4301,0.0411,-0.0376,1.96,0.4271,0.0292,-0.0609,0.0852
9.680,moving,0.06851,1.29478,-0.52790,0.01233,0.75585,0.00712,0.06815,1.36936,-0.53008,0.00979,0.69505,0.00702,0.06824,1.36012,-0.52937,0.01110,0.74479,0.00744,0.0000,0.0068,-0.0300,0.0000,-0.0000,0.4283,0.0410,-0.0362,2.67,0.4249,0.0292,-0.0594,0.0852
9.700,moving,0.06851,1.29478,-0.52790,0.01233,0.75585,0.00712,0.06815,1.36936,-0.53008,0.00979,0.69505,0.00702,0.06826,1.35689,-0.52840,0.01137,0.74991,0.00753,0.0000,0.0068,-0.0300,0.0000,-0.0000,0.4279,0.0411,-0.0350,2.83,0.4244,0.0292,-0.0582,0.0852
9.720,moving,0.06851,1.29478,-0.52790,0.01233,0.75585,0.00712,0.06815,1.36936,-0.53008,0.00979,0.69505,0.00702,0.06828,1.35351,-0.52839,0.01160,0.75544,0.00760,0.0000,0.0068,-0.0300,0.0000,-0.0000,0.4277,0.0411,-0.0336,2.95,0.4242,0.0292,-0.0567,0.0852
9.740,moving,0.06851,1.29478,-0.52790,0.01233,0.75585,0.00712,0.06815,1.36936,-0.53008,0.00979,0.69505,0.00702,0.06830,1.35005,-0.52822,0.01178,0.75649,0.00765,0.0000,0.0068,-0.0300,0.0000,-0.0000,0.4283,0.0412,-0.0321,2.84,0.4248,0.0293,-0.0553,0.0852
9.760,moving,0.06851,1.29478,-0.52790,0.01233,0.75585,0.00712,0.06830,1.35005,-0.52822,0.01178,0.75649,0.00765,0.06831,1.34630,-0.52829,0.01193,0.75649,0.00770,0.0000,0.0068,-0.0300,0.0000,-0.0000,0.4291,0.0413,-0.0305,2.62,0.4258,0.0294,-0.0537,0.0852
9.780,moving,0.06851,1.29478,-0.52790,0.01233,0.75585,0.00712,0.06830,1.35005,-0.52822,0.01178,0.75649,0.00765,0.06832,1.34208,-0.52836,0.01206,0.75649,0.00774,0.0000,0.0068,-0.0300,0.0000,-0.0000,0.4301,0.0414,-0.0287,2.37,0.4268,0.0295,-0.0519,0.0852
9.800,moving,0.06851,1.29478,-0.52790,0.01233,0.75585,0.00712,0.06830,1.35005,-0.52822,0.01178,0.75649,0.00765,0.06832,1.33746,-0.52840,0.01216,0.75649,0.00777,0.0000,0.0068,-0.0300,0.0000,-0.0000,0.4311,0.0414,-0.0267,2.11,0.4279,0.0296,-0.0499,0.0852
9.820,moving,0.06851,1.29478,-0.52790,0.01233,0.75585,0.00712,0.06830,1.35005,-0.52822,0.01178,0.75649,0.00765,0.06833,1.33249,-0.52844,0.01225,0.75649,0.00779,0.0000,0.0068,-0.0300,0.0000,-0.0000,0.4322,0.0415,-0.0245,1.83,0.4291,0.0297,-0.0477,0.0852
9.840,moving,0.06851,1.29478,-0.52790,0.01233,0.75585,0.00712,0.06830,1.35005,-0.52822,0.01178,0.75649,0.00765,0.06833,1.32738,-0.52849,0.01232,0.75649,0.00781,0.0000,0.0068,-0.0300,0.0000,-0.0000,0.4333,0.0416,-0.0223,1.54,0.4303,0.0298,-0.0455,0.0852
9.860,moving,0.06851,1.29478,-0.52790,0.01233,0.75585,0.00712,0.06830,1.35005,-0.52822,0.01178,0.75649,0.00765,0.06834,1.32276,-0.52861,0.01238,0.75649,0.00783,0.0000,0.0068,-0.0300,0.0000,-0.0000,0.4343,0.0417,-0.0202,1.27,0.4315,0.0299,-0.0435,0.0852
9.880,moving,0.06791,1.23695,-0.55475,0.01139,0.84052,0.00634,0.06834,1.32276,-0.52861,0.01238,0.75649,0.00783,0.06834,1.31898,-0.52872,0.01243,0.75649,0.00784,0.0000,0.0068,-0.0300,0.0000,-0.0000,0.4351,0.0417,-0.0186,1.05,0.4324,0.0299,-0.0418,0.0852
9.900,moving,0.06791,1.23695,-0.55475,0.01139,0.84052,0.00634,0.06834,1.32276,-0.52861,0.01238,0.75649,0.00783,0.06777,1.31569,-0.53090,0.01159,0.75882,0.00709,0.0000,0.0068,-0.0300,0.0000,-0.0000,0.4360,0.0415,-0.0168,0.86,0.4334,0.0296,-0.0400,0.0852
9.920,moving,0.06791,1.23695,-0.55475,0.01139,0.84052,0.00634,0.06834,1.32276,-0.52861,0.01238,0.75649,0.00783,0.06775,1.31342,-0.53929,0.01156,0.76734,0.00708,0.0000,0.0068,-0.0300,0.0000,-0.0000,0.4374,0.0415,-0.0143,0.72,0.4348,0.0297,-0.0376,0.0852
9.940,moving,0.06791,1.23695,-0.55475,0.01139,0.84052,0.00634,0.06834,1.32276,-0.52861,0.01238,0.75649,0.00783,0.06774,1.31128,-0.55062,0.01158,0.78204,0.00709,0.0000,0.0068,-0.0300,0.0000,-0.0000,0.4384,0.0417,-0.0115,0.80,0.4358,0.0298,-0.0348,0.0852
9.960,moving,0.06791,1.23695,-0.55475,0.01139,0.84052,0.00634,0.06834,1.32276,-0.52861,0.01238,0.75649,0.00783,0.06773,1.30551,-0.55616,0.01162,0.80289,0.00709,0.0000,0.0068,-0.0300,0.0000,-0.0000,0.4377,0.0416,-0.0081,1.35,0.4348,0.0298,-0.0313,0.0852
9.980,moving,0.06791,1.23695,-0.55475,0.01139,0.84052,0.00634,0.06834,1.32276,-0.52861,0.01238,0.75649,0.00783,0.06774,1.29708,-0.55625,0.01163,0.82177,0.00710,0.0000,0.0068,-0.0300,0.0000,-0.0000,0.4362,0.0416,-0.0045,1.93,0.4332,0.0297,-0.0277,0.0852
10.000,moving,0.06791,1.23695,-0.55475,0.01139,0.84052,0.00634,0.06774,1.29708,-0.55625,0.01163,0.82177,0.00710,0.06774,1.28871,-0.55450,0.01162,0.82779,0.00710,0.0000,0.0068,-0.0300,0.0000,-0.0000,0.4364,0.0416,-0.0011,1.89,0.4333,0.0297,-0.0244,0.0852
10.020,moving,0.06791,1.23695,-0.55475,0.01139,0.84052,0.00634,0.06774,1.29708,-0.55625,0.01163,0.82177,0.00710,0.06774,1.28102,-0.55501,0.01164,0.83574,0.00710,0.0000,0.0068,-0.0300,0.0000,-0.0000,0.4367,0.0416,0.0023,1.91,0.4336,0.0298,-0.0209,0.0852
10.040,moving,0.06791,1.23695,-0.55475,0.01139,0.84052,0.00634,0.06774,1.29708,-0.55625,0.01163,0.82177,0.00710,0.06774,1.27435,-0.55487,0.01164,0.84056,0.00710,0.0000,0.0068,-0.0300,0.0000,-0.0000,0.4371,0.0417,0.0052,1.80,0.4341,0.0298,-0.0181,0.0852
10.060,moving,0.06791,1.23695,-0.55475,0.01139,0.84052,0.00634,0.06774,1.29708,-0.55625,0.01163,0.82177,0.00710,0.06775,1.26890,-0.55494,0.01165,0.84107,0.00710,0.0000,0.0068,-0.0300,0.0000,-0.0000,0.4380,0.0417,0.0076,1.52,0.4351,0.0299,-0.0157,0.0852
10.080,moving,0.06791,1.23695,-0.55475,0.01139,0.84052,0.00634,0.06774,1.29708,-0.55625,0.01163,0.82177,0.00710,0.06775,1.26444,-0.55515,0.01166,0.84106,0.00710,0.0000,0.0068,-0.0300,0.0000,-0.0000,0.4389,0.0418,0.0096,1.25,0.4361,0.0299,-0.0137,0.0852
10.100,moving,0.06791,1.23695,-0.55475,0.01139,0.84052,0.00634,0.06774,1.29708,-0.55625,0.01163,0.82177,0.00710,0.06774,1.26079,-0.55531,0.01167,0.84105,0.00710,0.0000,0.0068,-0.0300,0.0000,-0.0000,0.4396,0.0418,0.0112,1.03,0.4369,0.0300,-0.0121,0.0852
10.120,moving,0.06733,1.19072,-0.60667,0.01055,0.93867,0.00556,0.06774,1.26079,-0.55531,0.01167,0.84105,0.00710,0.06774,1.25783,-0.55541,0.01167,0.84105,0.00710,0.0000,0.0068,-0.0300,0.0000,-0.0000,0.4401,0.0419,0.0126,0.86,0.4375,0.0300,-0.0107,0.0852
10.140,moving,0.06733,1.19072,-0.60667,0.01055,0.93867,0.00556,0.06774,1.26079,-0.55531,0.01167,0.84105,0.00710,0.06774,1.25541,-0.55549,0.01167,0.84105,0.00710,0.0000,0.0068,-0.0300,0.0000,-0.0000,0.4406,0.0419,0.0136,0.71,0.4380,0.0301,-0.0097,0.0852
10.160,moving,0.06733,1.19072,-0.60667,0.01055,0.93867,0.00556,0.06774,1.26079,-0.55531,0.01167,0.84105,0.00710,0.06774,1.25344,-0.55554,0.01168,0.84104,0.00710,0.0000,0.0068,-0.0300,0.0000,-0.0000,0.4409,0.0419,0.0145,0.60,0.4384,0.0301,-0.0088,0.0852
10.180,moving,0.06733,1.19072,-0.60667,0.01055,0.93867,0.00556,0.06774,1.26079,-0.55531,0.01167,0.84105,0.00710,0.06774,1.25184,-0.55557,0.01168,0.84104,0.00710,0.0000,0.0068,-0.0300,0.0000,-0.0000,0.4412,0.0419,0.0152,0.50,0.4387,0.0301,-0.0081,0.0852
10.200,moving,0.06733,1.19072,-0.60667,0.01055,0.93867,0.00556,0.06774,1.26079,-0.55531,0.01167,0.84105,0.00710,0.06718,1.25039,-0.55776,0.01089,0.84338,0.00633,0.0000,0.0068,-0.0300,0.0000,-0.0000,0.4417,0.0416,0.0163,0.42,0.4392,0.0298,-0.0071,0.0852
10.220,moving,0.06733,1.19072,-0.60667,0.01055,0.93867,0.00556,0.06774,1.26079,-0.55531,0.01167,0.84105,0.00710,0.06716,1.24991,-0.56618,0.01084,0.85190,0.00632,0.0000,0.0068,-0.0300,0.0000,-0.0000,0.4425,0.0417,0.0180,0.39,0.4401,0.0299,-0.0053,0.0852
10.240,moving,0.06733,1.19072,-0.60667,0.01055,0.93867,0.00556,0.06716,1.24991,-0.56618,0.01084,0.85190,0.00632,0.06714,1.25101,-0.58084,0.01082,0.86661,0.00633,0.0000,0.0068,-0.0300,0.0000,-0.0000,0.4436,0.0418,0.0201,0.45,0.4412,0.0299,-0.0032,0.0852
10.260,moving,0.06733,1.19072,-0.60667,0.01055,0.93867,0.00556,0.06716,1.24991,-0.56618,0.01084,0.85190,0.00632,0.06714,1.25148,-0.59662,0.01087,0.88749,0.00633,0.0000,0.0068,-0.0300,0.0000,-0.0000,0.4441,0.0418,0.0228,0.77,0.4415,0.0300,-0.0005,0.0852
10.280,moving,0.06733,1.19072,-0.60667,0.01055,0.93867,0.00556,0.06716,1.24991,-0.56618,0.01084,0.85190,0.00632,0.06714,1.24825,-0.60534,0.01087,0.91001,0.00633,0.0000,0.0068,-0.0300,0.0000,-0.0000,0.4431,0.0418,0.0257,1.37,0.4403,0.0299,0.0024,0.0852
10.300,moving,0.06733,1.19072,-0.60667,0.01055,0.93867,0.00556,0.06716,1.24991,-0.56618,0.01084,0.85190,0.00632,0.06715,1.24255,-0.60620,0.01085,0.91694,0.00633,0.0000,0.0068,-0.0300,0.0000,-0.0000,0.4431,0.0418,0.0284,1.39,0.4403,0.0299,0.0051,0.0852
10.320,moving,0.06733,1.19072,-0.60667,0.01055,0.93867,0.00556,0.06716,1.24991,-0.56618,0.01084,0.85190,0.00632,0.06714,1.23640,-0.60707,0.01084,0.92542,0.00632,0.0000,0.0068,-0.0300,0.0000,-0.0000,0.4430,0.0418,0.0312,1.50,0.4401,0.0299,0.0080,0.0852
10.340,moving,0.06733,1.19072,-0.60667,0.01055,0.93867,0.00556,0.06716,1.24991,-0.56618,0.01084,0.85190,0.00632,0.06714,1.22978,-0.60699,0.01086,0.93515,0.00633,0.0000,0.0068,-0.0300,0.0000,-0.0000,0.4424,0.0418,0.0341,1.68,0.4394,0.0299,0.0108,0.0852
10.360,moving,0.06733,1.19072,-0.60667,0.01055,0.93867,0.00556,0.06714,1.22978,-0.60699,0.01086,0.93515,0.00633,0.06715,1.22409,-0.60683,0.01084,0.93883,0.00632,0.0000,0.0068,-0.0300,0.0000,-0.0000,0.4426,0.0418,0.0366,1.57,0.4397,0.0299,0.0133,0.0852
10.380,moving,0.06733,1.19072,-0.60667,0.01055,0.93867,0.00556,0.06714,1.22978,-0.60699,0.01086,0.93515,0.00633,0.06715,1.21943,-0.60695,0.01084,0.93902,0.00632,0.0000,0.0068,-0.0300,0.0000,-0.0000,0.4433,0.0418,0.0387,1.31,0.4405,0.0300,0.0154,0.0852
10.400,moving,0.06733,1.19072,-0.60667,0.01055,0.93867,0.00556,0.06714,1.22978,-0.60699,0.01086,0.93515,0.00633,0.06714,1.21562,-0.60714,0.01083,0.93901,0.00632,0.0000,0.0068,-0.0300,0.0000,-0.0000,0.4439,0.0419,0.0404,1.08,0.4412,0.0300,0.0171,0.0852
10.420,moving,0.06733,1.19072,-0.60667,0.01055,0.93867,0.00556,0.06714,1.22978,-0.60699,0.01086,0.93515,0.00633,0.06714,1.21250,-0.60727,0.01083,0.93900,0.00632,0.0000,0.0068,-0.0300,0.0000,-0.0000,0.4444,0.0419,0.0418,0.90,0.4418,0.0301,0.0185,0.0852
10.440,moving,0.06733,1.19072,-0.60667,0.01055,0.93867,0.00556,0.06714,1.22978,-0.60699,0.01086,0.93515,0.00633,0.06714,1.20997,-0.60737,0.01084,0.93899,0.00632,0.0000,0.0068,-0.0300,0.0000,-0.0000,0.4448,0.0419,0.0430,0.75,0.4422,0.0301,0.0197,0.0852
10.460,moving,0.06733,1.19072,-0.60667,0.01055,0.93867,0.00556,0.06714,1.22978,-0.60699,0.01086,0.93515,0.00633,0.06714,1.20790,-0.60743,0.01083,0.93898,0.00631,0.0000,0.0068,-0.0300,0.0000,-0.0000,0.4451,0.0419,0.0439,0.62,0.4426,0.0301,0.0206,0.0852
10.480,moving,0.06675,1.15813,-0.68682,0.00984,1.05141,0.00478,0.06714,1.20790,-0.60743,0.01083,0.93898,0.00631,0.06714,1.20621,-0.60747,0.01084,0.93898,0.00631,0.0000,0.0068,-0.0300,0.0000,-0.0000,0.4454,0.0420,0.0447,0.53,0.4429,0.0301,0.0213,0.0852
10.500,moving,0.06675,1.15813,-0.68682,0.00984,1.05141,0.00478,0.06714,1.20790,-0.60743,0.01083,0.93898,0.00631,0.06659,1.20471,-0.60971,0.01015,0.94131,0.00554,0.0000,0.0068,-0.0300,0.0000,-0.0000,0.4458,0.0416,0.0457,0.44,0.4433,0.0298,0.0224,0.0852
10.520,moving,0.06675,1.15813,-0.68682,0.00984,1.05141,0.00478,0.06714,1.20790,-0.60743,0.01083,0.93898,0.00631,0.06657,1.20414,-0.61817,0.01010,0.94983,0.00553,0.0000,0.0068,-0.0300,0.0000,-0.0000,0.4465,0.0417,0.0476,0.40,0.4440,0.0299,0.0243,0.0852
10.540,moving,0.06675,1.15813,-0.68682,0.00984,1.05141,0.00478,0.06714,1.20790,-0.60743,0.01083,0.93898,0.00631,0.06655,1.20506,-0.63285,0.01010,0.96454,0.00554,0.0000,0.0068,-0.0300,0.0000,-0.0000,0.4474,0.0418,0.0500,0.45,0.4450,0.0299,0.0266,0.0852
10.560,moving,0.06675,1.15813,-0.68682,0.00984,1.05141,0.00478,0.06714,1.20790,-0.60743,0.01083,0.93898,0.00631,0.06655,1.20747,-0.65350,0.01011,0.98544,0.00554,0.0000,0.0068,-0.0300,0.0000,-0.0000,0.4485,0.0419,0.0528,0.60,0.4460,0.0300,0.0295,0.0852
10.580,moving,0.06675,1.15813,-0.68682,0.00984,1.05141,0.00478,0.06714,1.20790,-0.60743,0.01083,0.93898,0.00631,0.06655,1.20796,-0.67161,0.01012,1.01009,0.00554,0.0000,0.0068,-0.0300,0.0000,-0.0000,0.4486,0.0419,0.0560,1.01,0.4459,0.0300,0.0327,0.0852
10.600,moving,0.06675,1.15813,-0.68682,0.00984,1.05141,0.00478,0.06655,1.20796,-0.67161,0.01012,1.01009,0.00554,0.06656,1.20379,-0.67679,0.01011,1.01798,0.00554,0.0000,0.0068,-0.0300,0.0000,-0.0000,0.4490,0.0419,0.0588,0.93,0.4463,0.0301,0.0355,0.0852
10.620,moving,0.06675,1.15813,-0.68682,0.00984,1.05141,0.00478,0.06655,1.20796,-0.67161,0.01012,1.01009,0.00554,0.06655,1.20003,-0.68437,0.01011,1.02646,0.00554,0.0000,0.0068,-0.0300,0.0000,-0.0000,0.4498,0.0420,0.0620,0.77,0.4472,0.0302,0.0387,0.0852
10.640,moving,0.06675,1.15813,-0.68682,0.00984,1.05141,0.00478,0.06655,1.20796,-0.67161,0.01012,1.01009,0.00554,0.06655,1.19440,-0.68814,0.01012,1.03979,0.00554,0.0000,0.0068,-0.0300,0.0000,-0.0000,0.4492,0.0419,0.0652,0.99,0.4465,0.0301,0.0419,0.0852
10.660,moving,0.06675,1.15813,-0.68682,0.00984,1.05141,0.00478,0.06655,1.20796,-0.67161,0.01012,1.01009,0.00554,0.06656,1.18916,-0.68798,0.01013,1.04852,0.00553,0.0000,0.0068,-0.0300,0.0000,-0.0000,0.4483,0.0419,0.0674,1.20,0.4456,0.0301,0.0442,0.0852
10.680,moving,0.06675,1.15813,-0.68682,0.00984,1.05141,0.00478,0.06655,1.20796,-0.67161,0.01012,1.01009,0.00554,0.06656,1.18500,-0.68767,0.01012,1.05138,0.00554,0.0000,0.0068,-0.0300,0.0000,-0.0000,0.4483,0.0419,0.0692,1.15,0.4456,0.0301,0.0460,0.0852
10.700,moving,0.06675,1.15813,-0.68682,0.00984,1.05141,0.00478,0.06655,1.20796,-0.67161,0.01012,1.01009,0.00554,0.06656,1.18160,-0.68768,0.01011,1.05143,0.00554,0.0000,0.0068,-0.0300,0.0000,-0.0000,0.4487,0.0419,0.0708,0.96,0.4460,0.0301,0.0475,0.0852
10.720,moving,0.06675,1.15813,-0.68682,0.00984,1.05141,0.00478,0.06656,1.18160,-0.68768,0.01011,1.05143,0.00554,0.06655,1.17879,-0.68773,0.01011,1.05142,0.00553,0.0000,0.0068,-0.0300,0.0000,-0.0000,0.4491,0.0420,0.0720,0.80,0.4464,0.0301,0.0487,0.0852
10.740,moving,0.06675,1.15813,-0.68682,0.00984,1.05141,0.00478,0.06656,1.18160,-0.68768,0.01011,1.05143,0.00554,0.06655,1.17652,-0.68776,0.01011,1.05141,0.00553,0.0000,0.0068,-0.0300,0.0000,-0.0000,0.4493,0.0420,0.0731,0.66,0.4468,0.0301,0.0498,0.0852
10.760,moving,0.06675,1.15813,-0.68682,0.00984,1.05141,0.00478,0.06656,1.18160,-0.68768,0.01011,1.05143,0.00554,0.06655,1.17466,-0.68777,0.01011,1.05140,0.00553,0.0000,0.0068,-0.0300,0.0000,-0.0000,0.4496,0.0420,0.0739,0.56,0.4470,0.0302,0.0506,0.0852
10.780,moving,0.06675,1.15813,-0.68682,0.00984,1.05141,0.00478,0.06656,1.18160,-0.68768,0.01011,1.05143,0.00554,0.06655,1.17315,-0.68778,0.01011,1.05139,0.00553,0.0000,0.0068,-0.0300,0.0000,-0.0000,0.4497,0.0420,0.0746,0.47,0.4472,0.0302,0.0513,0.0852
10.800,moving,0.06675,1.15813,-0.68682,0.00984,1.05141,0.00478,0.06656,1.18160,-0.68768,0.01011,1.05143,0.00554,0.06655,1.17192,-0.68777,0.01011,1.05138,0.00553,0.0000,0.0068,-0.0300,0.0000,-0.0000,0.4499,0.0420,0.0752,0.40,0.4474,0.0302,0.0518,0.0852
10.820,moving,0.06675,1.15813,-0.68682,0.00984,1.05141,0.00478,0.06656,1.18160,-0.68768,0.01011,1.05143,0.00554,0.06655,1.17091,-0.68777,0.01011,1.05138,0.00553,0.0000,0.0068,-0.0300,0.0000,-0.0000,0.4500,0.0420,0.0756,0.34,0.4476,0.0302,0.0523,0.0852
10.840,moving,0.06675,1.15813,-0.68682,0.00984,1.05141,0.00478,0.06655,1.17091,-0.68777,0.01011,1.05138,0.00553,0.06655,1.17009,-0.68776,0.01011,1.05138,0.00553,0.0000,0.0068,-0.0300,0.0000,-0.0000,0.4501,0.0420,0.0760,0.30,0.4477,0.0302,0.0527,0.0852
10.860,moving,0.06675,1.15813,-0.68682,0.00984,1.05141,0.00478,0.06655,1.17091,-0.68777,0.01011,1.05138,0.00553,0.06655,1.16943,-0.68775,0.01011,1.05137,0.00553,0.0000,0.0068,-0.0300,0.0000,-0.0000,0.4502,0.0420,0.0763,0.26,0.4478,0.0302,0.0529,0.0852
10.880,moving,0.06675,1.15813,-0.68682,0.00984,1.05141,0.00478,0.06655,1.17091,-0.68777,0.01011,1.05138,0.00553,0.06654,1.16889,-0.68774,0.01011,1.05137,0.00553,0.0000,0.0068,-0.0300,0.0000,-0.0000,0.4502,0.0420,0.0765,0.23,0.4478,0.0302,0.0532,0.0852
10.900,moving,0.06675,1.15813,-0.68682,0.00984,1.05141,0.00478,0.06655,1.17091,-0.68777,0.01011,1.05138,0.00553,0.06654,1.16845,-0.68774,0.01011,1.05137,0.00553,0.0000,0.0068,-0.0300,0.0000,-0.0000,0.4503,0.0420,0.0767,0.20,0.4479,0.0302,0.0534,0.0852
10.920,moving,0.06675,1.15813,-0.68682,0.00984,1.05141,0.00478,0.06655,1.17091,-0.68777,0.01011,1.05138,0.00553,0.06654,1.16809,-0.68773,0.01011,1.05137,0.00553,0.0000,0.0068,-0.0300,0.0000,-0.0000,0.4503,0.0420,0.0769,0.18,0.4479,0.0302,0.0535,0.0852
10.940,moving,0.06675,1.15813,-0.68682,0.00984,1.05141,0.00478,0.06655,1.17091,-0.68777,0.01011,1.05138,0.00553,0.06654,1.16779,-0.68772,0.01011,1.05137,0.00553,0.0000,0.0068,-0.0300,0.0000,-0.0000,0.4503,0.0420,0.0770,0.17,0.4480,0.0302,0.0537,0.0852
10.960,moving,0.06675,1.15813,-0.68682,0.00984,1.05141,0.00478,0.06654,1.16779,-0.68772,0.01011,1.05137,0.00553,0.06654,1.16756,-0.68772,0.01011,1.05137,0.00553,0.0000,0.0068,-0.0300,0.0000,-0.0000,0.4504,0.0420,0.0771,0.16,0.4480,0.0302,0.0538,0.0852
10.980,moving,0.06675,1.15813,-0.68682,0.00984,1.05141,0.00478,0.06654,1.16779,-0.68772,0.01011,1.05137,0.00553,0.06654,1.16736,-0.68772,0.01011,1.05137,0.00553,0.0000,0.0068,-0.0300,0.0000,-0.0000,0.4504,0.0420,0.0772,0.14,0.4480,0.0302,0.0539,0.0852
11.000,moving,0.06675,1.15813,-0.68682,0.00984,1.05141,0.00478,0.06654,1.16779,-0.68772,0.01011,1.05137,0.00553,0.06654,1.16721,-0.68772,0.01011,1.05137,0.00553,0.0000,0.0068,-0.0300,0.0000,-0.0000,0.4504,0.0420,0.0773,0.14,0.4480,0.0302,0.0539,0.0852
11.020,moving,0.06675,1.15813,-0.68682,0.00984,1.05141,0.00478,0.06654,1.16779,-0.68772,0.01011,1.05137,0.00553,0.06654,1.16709,-0.68771,0.01011,1.05137,0.00554,0.0000,0.0068,-0.0300,0.0000,-0.0000,0.4504,0.0420,0.0773,0.13,0.4481,0.0302,0.0540,0.0852
11.040,moving,0.06675,1.15813,-0.68682,0.00984,1.05141,0.00478,0.06654,1.16779,-0.68772,0.01011,1.05137,0.00553,0.06654,1.16697,-0.68771,0.01011,1.05137,0.00553,0.0000,0.0068,-0.0300,0.0000,-0.0000,0.4504,0.0420,0.0774,0.12,0.4481,0.0302,0.0540,0.0852
11.060,moving,0.06675,1.15813,-0.68682,0.00984,1.05141,0.00478,0.06654,1.16779,-0.68772,0.01011,1.05137,0.00553,0.06654,1.16689,-0.68770,0.01011,1.05137,0.00553,0.0000,0.0068,-0.0300,0.0000,-0.0000,0.4504,0.0420,0.0774,0.12,0.4481,0.0302,0.0541,0.0852
11.080,moving,0.06675,1.15813,-0.68682,0.00984,1.05141,0.00478,0.06654,1.16689,-0.68770,0.01011,1.05137,0.00553,0.06654,1.16682,-0.68770,0.01011,1.05137,0.00553,0.0000,0.0068,-0.0300,0.0000,-0.0000,0.4504,0.0420,0.0774,0.12,0.4481,0.0302,0.0541,0.0852
11.100,moving,0.06675,1.15813,-0.68682,0.00984,1.05141,0.00478,0.06654,1.16689,-0.68770,0.01011,1.05137,0.00553,0.06654,1.16676,-0.68769,0.01011,1.05137,0.00553,0.0000,0.0068,-0.0300,0.0000,-0.0000,0.4504,0.0420,0.0775,0.11,0.4481,0.0302,0.0541,0.0852
11.120,moving,0.06675,1.15813,-0.68682,0.00984,1.05141,0.00478,0.06654,1.16689,-0.68770,0.01011,1.05137,0.00553,0.06654,1.16672,-0.68769,0.01011,1.05137,0.00554,0.0000,0.0068,-0.0300,0.0000,-0.0000,0.4504,0.0420,0.0775,0.11,0.4481,0.0302,0.0542,0.0852
11.140,moving,0.06675,1.15813,-0.68682,0.00984,1.05141,0.00478,0.06654,1.16689,-0.68770,0.01011,1.05137,0.00553,0.06654,1.16668,-0.68768,0.01011,1.05137,0.00553,0.0000,0.0068,-0.0300,0.0000,-0.0000,0.4504,0.0420,0.0775,0.11,0.4481,0.0302,0.0542,0.0852
11.160,moving,0.06675,1.15813,-0.68682,0.00984,1.05141,0.00478,0.06654,1.16689,-0.68770,0.01011,1.05137,0.00553,0.06654,1.16664,-0.68768,0.01011,1.05137,0.00553,0.0000,0.0068,-0.0300,0.0000,-0.0000,0.4505,0.0420,0.0775,0.11,0.4481,0.0302,0.0542,0.0852
11.180,moving,0.06675,1.15813,-0.68682,0.00984,1.05141,0.00478,0.06654,1.16689,-0.68770,0.01011,1.05137,0.00553,0.06654,1.16662,-0.68768,0.01011,1.05137,0.00553,0.0000,0.0068,-0.0300,0.0000,-0.0000,0.4505,0.0420,0.0775,0.11,0.4481,0.0302,0.0542,0.0852
11.200,moving,0.06675,1.15813,-0.68682,0.00984,1.05141,0.00478,0.06654,1.16662,-0.68768,0.01011,1.05137,0.00553,0.06654,1.16660,-0.68768,0.01011,1.05137,0.00553,0.0000,0.0068,-0.0300,0.0000,-0.0000,0.4505,0.0420,0.0775,0.11,0.4481,0.0302,0.0542,0.0852
11.220,moving,0.06675,1.15813,-0.68682,0.00984,1.05141,0.00478,0.06654,1.16662,-0.68768,0.01011,1.05137,0.00553,0.06654,1.16659,-0.68768,0.01011,1.05137,0.00553,0.0000,0.0068,-0.0300,0.0000,-0.0000,0.4505,0.0420,0.0775,0.11,0.4481,0.0302,0.0542,0.0852
11.240,moving,0.06675,1.15813,-0.68682,0.00984,1.05141,0.00478,0.06654,1.16662,-0.68768,0.01011,1.05137,0.00553,0.06654,1.16658,-0.68767,0.01011,1.05137,0.00554,0.0000,0.0068,-0.0300,0.0000,-0.0000,0.4505,0.0420,0.0776,0.11,0.4481,0.0302,0.0542,0.0852
11.260,moving,0.06675,1.15813,-0.68682,0.00984,1.05141,0.00478,0.06654,1.16662,-0.68768,0.01011,1.05137,0.00553,0.06654,1.16656,-0.68767,0.01011,1.05137,0.00553,0.0000,0.0068,-0.0300,0.0000,-0.0000,0.4505,0.0420,0.0776,0.10,0.4481,0.0302,0.0542,0.0852
11.280,moving,0.06675,1.15813,-0.68682,0.00984,1.05141,0.00478,0.06654,1.16662,-0.68768,0.01011,1.05137,0.00553,0.06654,1.16655,-0.68767,0.01011,1.05137,0.00553,0.0000,0.0068,-0.0300,0.0000,-0.0000,0.4505,0.0420,0.0776,0.11,0.4481,0.0302,0.0542,0.0852
11.300,hold,0.06675,1.15813,-0.68682,0.00984,1.05141,0.00478,0.06654,1.16662,-0.68768,0.01011,1.05137,0.00553,0.06654,1.16655,-0.68768,0.01010,1.05137,0.00553,0.0000,0.0068,-0.0300,0.0000,-0.0000,0.4505,0.0420,0.0776,0.10,0.4481,0.0302,0.0542,0.0852
11.320,hold,0.06675,1.15813,-0.68682,0.00984,1.05141,0.00478,0.06654,1.16655,-0.68768,0.01010,1.05137,0.00553,0.06654,1.16654,-0.68767,0.01011,1.05137,0.00553,0.0000,0.0068,-0.0300,0.0000,-0.0000,0.4505,0.0420,0.0776,0.10,0.4481,0.0302,0.0542,0.0852
11.340,hold,0.06675,1.15813,-0.68682,0.00984,1.05141,0.00478,0.06654,1.16655,-0.68768,0.01010,1.05137,0.00553,0.06654,1.16654,-0.68768,0.01011,1.05137,0.00554,0.0000,0.0068,-0.0300,0.0000,-0.0000,0.4505,0.0420,0.0776,0.10,0.4481,0.0302,0.0542,0.0852
11.360,hold,0.06675,1.15813,-0.68682,0.00984,1.05141,0.00478,0.06654,1.16655,-0.68768,0.01010,1.05137,0.00553,0.06654,1.16653,-0.68767,0.01011,1.05137,0.00553,0.0000,0.0068,-0.0300,0.0000,-0.0000,0.4505,0.0420,0.0776,0.10,0.4481,0.0302,0.0542,0.0852
11.380,hold,0.06675,1.15813,-0.68682,0.00984,1.05141,0.00478,0.06654,1.16655,-0.68768,0.01010,1.05137,0.00553,0.06654,1.16652,-0.68767,0.01011,1.05137,0.00553,0.0000,0.0068,-0.0300,0.0000,-0.0000,0.4505,0.0420,0.0776,0.10,0.4481,0.0302,0.0542,0.0852
11.400,hold,0.06675,1.15813,-0.68682,0.00984,1.05141,0.00478,0.06654,1.16655,-0.68768,0.01010,1.05137,0.00553,0.06654,1.16653,-0.68767,0.01011,1.05137,0.00553,0.0000,0.0068,-0.0300,0.0000,-0.0000,0.4505,0.0420,0.0776,0.10,0.4481,0.0302,0.0542,0.0852
11.420,hold,0.06675,1.15813,-0.68682,0.00984,1.05141,0.00478,0.06654,1.16655,-0.68768,0.01010,1.05137,0.00553,0.06654,1.16652,-0.68767,0.01011,1.05137,0.00553,0.0000,0.0068,-0.0300,0.0000,-0.0000,0.4505,0.0420,0.0776,0.10,0.4481,0.0302,0.0542,0.0852
11.440,hold,0.06675,1.15813,-0.68682,0.00984,1.05141,0.00478,0.06654,1.16652,-0.68767,0.01011,1.05137,0.00553,0.06654,1.16652,-0.68767,0.01011,1.05137,0.00553,0.0000,0.0068,-0.0300,0.0000,-0.0000,0.4505,0.0420,0.0776,0.10,0.4481,0.0302,0.0542,0.0852
11.460,hold,0.06675,1.15813,-0.68682,0.00984,1.05141,0.00478,0.06654,1.16652,-0.68767,0.01011,1.05137,0.00553,0.06654,1.16652,-0.68767,0.01011,1.05137,0.00553,0.0000,0.0068,-0.0300,0.0000,-0.0000,0.4505,0.0420,0.0776,0.10,0.4481,0.0302,0.0542,0.0852
11.480,hold,0.06675,1.15813,-0.68682,0.00984,1.05141,0.00478,0.06654,1.16652,-0.68767,0.01011,1.05137,0.00553,0.06654,1.16652,-0.68767,0.01011,1.05137,0.00553,0.0000,0.0068,-0.0300,0.0000,-0.0000,0.4505,0.0420,0.0776,0.10,0.4481,0.0302,0.0542,0.0852
11.500,hold,0.06675,1.15813,-0.68682,0.00984,1.05141,0.00478,0.06654,1.16652,-0.68767,0.01011,1.05137,0.00553,0.06654,1.16652,-0.68767,0.01011,1.05137,0.00553,0.0000,0.0068,-0.0300,0.0000,-0.0000,0.4505,0.0420,0.0776,0.10,0.4481,0.0302,0.0542,0.0852
11.520,hold,0.06675,1.15813,-0.68682,0.00984,1.05141,0.00478,0.06654,1.16652,-0.68767,0.01011,1.05137,0.00553,0.06654,1.16652,-0.68767,0.01010,1.05137,0.00553,0.0000,0.0068,-0.0300,0.0000,-0.0000,0.4505,0.0420,0.0776,0.10,0.4481,0.0302,0.0542,0.0852
11.540,hold,0.06675,1.15813,-0.68682,0.00984,1.05141,0.00478,0.06654,1.16652,-0.68767,0.01011,1.05137,0.00553,0.06654,1.16651,-0.68767,0.01011,1.05137,0.00553,0.0000,0.0068,-0.0300,0.0000,-0.0000,0.4505,0.0420,0.0776,0.10,0.4481,0.0302,0.0542,0.0852
11.560,hold,0.06675,1.15813,-0.68682,0.00984,1.05141,0.00478,0.06654,1.16651,-0.68767,0.01011,1.05137,0.00553,0.06654,1.16652,-0.68767,0.01011,1.05137,0.00553,0.0000,0.0068,-0.0300,0.0000,-0.0000,0.4505,0.0420,0.0776,0.10,0.4481,0.0302,0.0542,0.0852
11.580,hold,0.06675,1.15813,-0.68682,0.00984,1.05141,0.00478,0.06654,1.16651,-0.68767,0.01011,1.05137,0.00553,0.06654,1.16652,-0.68767,0.01011,1.05137,0.00553,0.0000,0.0068,-0.0300,0.0000,-0.0000,0.4505,0.0420,0.0776,0.10,0.4481,0.0302,0.0542,0.0852
11.600,hold,0.06675,1.15813,-0.68682,0.00984,1.05141,0.00478,0.06654,1.16651,-0.68767,0.01011,1.05137,0.00553,0.06654,1.16651,-0.68767,0.01011,1.05137,0.00553,0.0000,0.0068,-0.0300,0.0000,-0.0000,0.4505,0.0420,0.0776,0.10,0.4481,0.0302,0.0542,0.0852
11.620,hold,0.06675,1.15813,-0.68682,0.00984,1.05141,0.00478,0.06654,1.16651,-0.68767,0.01011,1.05137,0.00553,0.06654,1.16652,-0.68767,0.01011,1.05137,0.00553,0.0000,0.0068,-0.0300,0.0000,-0.0000,0.4505,0.0420,0.0776,0.10,0.4481,0.0302,0.0542,0.0852
11.640,hold,0.06675,1.15813,-0.68682,0.00984,1.05141,0.00478,0.06654,1.16651,-0.68767,0.01011,1.05137,0.00553,0.06654,1.16651,-0.68767,0.01011,1.05137,0.00553,0.0000,0.0068,-0.0300,0.0000,-0.0000,0.4505,0.0420,0.0776,0.10,0.4481,0.0302,0.0542,0.0852
11.660,hold,0.06675,1.15813,-0.68682,0.00984,1.05141,0.00478,0.06654,1.16651,-0.68767,0.01011,1.05137,0.00553,0.06654,1.16652,-0.68767,0.01011,1.05137,0.00553,0.0000,0.0068,-0.0300,0.0000,-0.0000,0.4505,0.0420,0.0776,0.10,0.4481,0.0302,0.0542,0.0852
11.680,hold,0.06675,1.15813,-0.68682,0.00984,1.05141,0.00478,0.06654,1.16652,-0.68767,0.01011,1.05137,0.00553,0.06654,1.16652,-0.68767,0.01011,1.05137,0.00553,0.0000,0.0068,-0.0300,0.0000,-0.0000,0.4505,0.0420,0.0776,0.10,0.4481,0.0302,0.0542,0.0852
11.700,hold,0.06675,1.15813,-0.68682,0.00984,1.05141,0.00478,0.06654,1.16652,-0.68767,0.01011,1.05137,0.00553,0.06654,1.16651,-0.68767,0.01011,1.05137,0.00553,0.0000,0.0068,-0.0300,0.0000,-0.0000,0.4505,0.0420,0.0776,0.10,0.4481,0.0302,0.0542,0.0852
11.720,hold,0.06675,1.15813,-0.68682,0.00984,1.05141,0.00478,0.06654,1.16652,-0.68767,0.01011,1.05137,0.00553,0.06654,1.16651,-0.68767,0.01011,1.05137,0.00553,0.0000,0.0068,-0.0300,0.0000,-0.0000,0.4505,0.0420,0.0776,0.10,0.4481,0.0302,0.0542,0.0852
11.740,hold,0.06675,1.15813,-0.68682,0.00984,1.05141,0.00478,0.06654,1.16652,-0.68767,0.01011,1.05137,0.00553,0.06654,1.16652,-0.68767,0.01010,1.05137,0.00553,0.0000,0.0068,-0.0300,0.0000,-0.0000,0.4505,0.0420,0.0776,0.10,0.4481,0.0302,0.0542,0.0852
11.760,hold,0.06675,1.15813,-0.68682,0.00984,1.05141,0.00478,0.06654,1.16652,-0.68767,0.01011,1.05137,0.00553,0.06654,1.16651,-0.68767,0.01011,1.05137,0.00553,0.0000,0.0068,-0.0300,0.0000,-0.0000,0.4505,0.0420,0.0776,0.10,0.4481,0.0302,0.0542,0.0852
11.780,hold,0.06675,1.15813,-0.68682,0.00984,1.05141,0.00478,0.06654,1.16652,-0.68767,0.01011,1.05137,0.00553,0.06654,1.16652,-0.68767,0.01011,1.05137,0.00553,0.0000,0.0068,-0.0300,0.0000,-0.0000,0.4505,0.0420,0.0776,0.10,0.4481,0.0302,0.0542,0.0852
11.800,hold,0.06675,1.15813,-0.68682,0.00984,1.05141,0.00478,0.06654,1.16652,-0.68767,0.01011,1.05137,0.00553,0.06654,1.16651,-0.68767,0.01011,1.05137,0.00553,0.0000,0.0068,-0.0300,0.0000,-0.0000,0.4505,0.0420,0.0776,0.10,0.4481,0.0302,0.0542,0.0852
11.820,hold,0.06675,1.15813,-0.68682,0.00984,1.05141,0.00478,0.06654,1.16652,-0.68767,0.01011,1.05137,0.00553,0.06654,1.16651,-0.68767,0.01011,1.05137,0.00553,0.0000,0.0068,-0.0300,0.0000,-0.0000,0.4505,0.0420,0.0776,0.10,0.4481,0.0302,0.0542,0.0852
11.840,hold,0.06675,1.15813,-0.68682,0.00984,1.05141,0.00478,0.06654,1.16652,-0.68767,0.01011,1.05137,0.00553,0.06654,1.16651,-0.68767,0.01011,1.05137,0.00553,0.0000,0.0068,-0.0300,0.0000,-0.0000,0.4505,0.0420,0.0776,0.10,0.4481,0.0302,0.0542,0.0852
11.860,hold,0.06675,1.15813,-0.68682,0.00984,1.05141,0.00478,0.06654,1.16652,-0.68767,0.01011,1.05137,0.00553,0.06654,1.16651,-0.68767,0.01011,1.05137,0.00553,0.0000,0.0068,-0.0300,0.0000,-0.0000,0.4505,0.0420,0.0776,0.10,0.4481,0.0302,0.0542,0.0852
11.880,hold,0.06675,1.15813,-0.68682,0.00984,1.05141,0.00478,0.06654,1.16652,-0.68767,0.01011,1.05137,0.00553,0.06654,1.16651,-0.68767,0.01011,1.05137,0.00553,0.0000,0.0068,-0.0300,0.0000,-0.0000,0.4505,0.0420,0.0776,0.10,0.4481,0.0302,0.0542,0.0852
11.900,hold,0.06675,1.15813,-0.68682,0.00984,1.05141,0.00478,0.06654,1.16652,-0.68767,0.01011,1.05137,0.00553,0.06654,1.16652,-0.68767,0.01011,1.05137,0.00553,0.0000,0.0068,-0.0300,0.0000,-0.0000,0.4505,0.0420,0.0776,0.10,0.4481,0.0302,0.0542,0.0852
11.920,hold,0.06675,1.15813,-0.68682,0.00984,1.05141,0.00478,0.06654,1.16652,-0.68767,0.01011,1.05137,0.00553,0.06654,1.16651,-0.68767,0.01011,1.05137,0.00553,0.0000,0.0068,-0.0300,0.0000,-0.0000,0.4505,0.0420,0.0776,0.10,0.4481,0.0302,0.0542,0.0852
11.940,hold,0.06675,1.15813,-0.68682,0.00984,1.05141,0.00478,0.06654,1.16652,-0.68767,0.01011,1.05137,0.00553,0.06654,1.16651,-0.68767,0.01011,1.05137,0.00553,0.0000,0.0068,-0.0300,0.0000,-0.0000,0.4505,0.0420,0.0776,0.10,0.4481,0.0302,0.0542,0.0852
11.960,hold,0.06675,1.15813,-0.68682,0.00984,1.05141,0.00478,0.06654,1.16652,-0.68767,0.01011,1.05137,0.00553,0.06654,1.16652,-0.68767,0.01010,1.05137,0.00553,0.0000,0.0068,-0.0300,0.0000,-0.0000,0.4505,0.0420,0.0776,0.10,0.4481,0.0302,0.0542,0.0852
11.980,hold,0.06675,1.15813,-0.68682,0.00984,1.05141,0.00478,0.06654,1.16652,-0.68767,0.01011,1.05137,0.00553,0.06654,1.16651,-0.68767,0.01011,1.05137,0.00553,0.0000,0.0068,-0.0300,0.0000,-0.0000,0.4505,0.0420,0.0776,0.10,0.4481,0.0302,0.0542,0.0852
12.000,hold,0.06675,1.15813,-0.68682,0.00984,1.05141,0.00478,0.06654,1.16652,-0.68767,0.01011,1.05137,0.00553,0.06654,1.16652,-0.68767,0.01011,1.05137,0.00553,0.0000,0.0068,-0.0300,0.0000,-0.0000,0.4505,0.0420,0.0776,0.10,0.4481,0.0302,0.0542,0.0852
12.020,hold,0.06675,1.15813,-0.68682,0.00984,1.05141,0.00478,0.06654,1.16652,-0.68767,0.01011,1.05137,0.00553,0.06654,1.16651,-0.68767,0.01011,1.05137,0.00553,0.0000,0.0068,-0.0300,0.0000,-0.0000,0.4505,0.0420,0.0776,0.10,0.4481,0.0302,0.0542,0.0852
12.040,hold,0.06675,1.15813,-0.68682,0.00984,1.05141,0.00478,0.06654,1.16651,-0.68767,0.01011,1.05137,0.00553,0.06654,1.16651,-0.68767,0.01011,1.05137,0.00553,0.0000,0.0068,-0.0300,0.0000,-0.0000,0.4505,0.0420,0.0776,0.10,0.4481,0.0302,0.0542,0.0852
12.060,hold,0.06675,1.15813,-0.68682,0.00984,1.05141,0.00478,0.06654,1.16651,-0.68767,0.01011,1.05137,0.00553,0.06654,1.16651,-0.68767,0.01011,1.05137,0.00553,0.0000,0.0068,-0.0300,0.0000,-0.0000,0.4505,0.0420,0.0776,0.10,0.4481,0.0302,0.0542,0.0852
12.080,hold,0.06675,1.15813,-0.68682,0.00984,1.05141,0.00478,0.06654,1.16651,-0.68767,0.01011,1.05137,0.00553,0.06654,1.16651,-0.68767,0.01011,1.05137,0.00553,0.0000,0.0068,-0.0300,0.0000,-0.0000,0.4505,0.0420,0.0776,0.10,0.4481,0.0302,0.0542,0.0852
12.100,hold,0.06675,1.15813,-0.68682,0.00984,1.05141,0.00478,0.06654,1.16651,-0.68767,0.01011,1.05137,0.00553,0.06654,1.16651,-0.68767,0.01011,1.05137,0.00553,0.0000,0.0068,-0.0300,0.0000,-0.0000,0.4505,0.0420,0.0776,0.10,0.4481,0.0302,0.0542,0.0852
12.120,hold,0.06675,1.15813,-0.68682,0.00984,1.05141,0.00478,0.06654,1.16651,-0.68767,0.01011,1.05137,0.00553,0.06654,1.16652,-0.68767,0.01011,1.05137,0.00553,0.0000,0.0068,-0.0300,0.0000,-0.0000,0.4505,0.0420,0.0776,0.10,0.4481,0.0302,0.0542,0.0852
12.140,hold,0.06675,1.15813,-0.68682,0.00984,1.05141,0.00478,0.06654,1.16651,-0.68767,0.01011,1.05137,0.00553,0.06654,1.16651,-0.68767,0.01011,1.05137,0.00553,0.0000,0.0068,-0.0300,0.0000,-0.0000,0.4505,0.0420,0.0776,0.10,0.4481,0.0302,0.0542,0.0852
12.160,hold,0.06675,1.15813,-0.68682,0.00984,1.05141,0.00478,0.06654,1.16651,-0.68767,0.01011,1.05137,0.00553,0.06654,1.16651,-0.68767,0.01011,1.05137,0.00553,0.0000,0.0068,-0.0300,0.0000,-0.0000,0.4505,0.0420,0.0776,0.10,0.4481,0.0302,0.0542,0.0852
12.180,hold,0.06675,1.15813,-0.68682,0.00984,1.05141,0.00478,0.06654,1.16651,-0.68767,0.01011,1.05137,0.00553,0.06654,1.16652,-0.68767,0.01010,1.05137,0.00553,0.0000,0.0068,-0.0300,0.0000,-0.0000,0.4505,0.0420,0.0776,0.10,0.4481,0.0302,0.0542,0.0852
12.200,hold,0.06675,1.15813,-0.68682,0.00984,1.05141,0.00478,0.06654,1.16651,-0.68767,0.01011,1.05137,0.00553,0.06654,1.16651,-0.68767,0.01011,1.05137,0.00553,0.0000,0.0068,-0.0300,0.0000,-0.0000,0.4505,0.0420,0.0776,0.10,0.4481,0.0302,0.0542,0.0852
12.220,hold,0.06675,1.15813,-0.68682,0.00984,1.05141,0.00478,0.06654,1.16651,-0.68767,0.01011,1.05137,0.00553,0.06654,1.16652,-0.68767,0.01011,1.05137,0.00553,0.0000,0.0068,-0.0300,0.0000,-0.0000,0.4505,0.0420,0.0776,0.10,0.4481,0.0302,0.0542,0.0852
12.240,hold,0.06675,1.15813,-0.68682,0.00984,1.05141,0.00478,0.06654,1.16651,-0.68767,0.01011,1.05137,0.00553,0.06654,1.16651,-0.68767,0.01011,1.05137,0.00553,0.0000,0.0068,-0.0300,0.0000,-0.0000,0.4505,0.0420,0.0776,0.10,0.4481,0.0302,0.0542,0.0852
12.260,hold,0.06675,1.15813,-0.68682,0.00984,1.05141,0.00478,0.06654,1.16651,-0.68767,0.01011,1.05137,0.00553,0.06654,1.16651,-0.68767,0.01011,1.05137,0.00553,0.0000,0.0068,-0.0300,0.0000,-0.0000,0.4505,0.0420,0.0776,0.10,0.4481,0.0302,0.0542,0.0852
12.280,hold,0.06675,1.15813,-0.68682,0.00984,1.05141,0.00478,0.06654,1.16651,-0.68767,0.01011,1.05137,0.00553,0.06654,1.16651,-0.68767,0.01011,1.05137,0.00553,0.0000,0.0068,-0.0300,0.0000,-0.0000,0.4505,0.0420,0.0776,0.10,0.4481,0.0302,0.0542,0.0852
12.300,hold,0.06675,1.15813,-0.68682,0.00984,1.05141,0.00478,0.06654,1.16651,-0.68767,0.01011,1.05137,0.00553,0.06654,1.16651,-0.68767,0.01011,1.05137,0.00553,0.0000,0.0068,-0.0300,0.0000,-0.0000,0.4505,0.0420,0.0776,0.10,0.4481,0.0302,0.0542,0.0852
12.320,hold,0.06675,1.15813,-0.68682,0.00984,1.05141,0.00478,0.06654,1.16651,-0.68767,0.01011,1.05137,0.00553,0.06654,1.16652,-0.68767,0.01011,1.05137,0.00553,0.0000,0.0068,-0.0300,0.0000,-0.0000,0.4505,0.0420,0.0776,0.10,0.4481,0.0302,0.0542,0.0852
12.340,hold,0.06675,1.15813,-0.68682,0.00984,1.05141,0.00478,0.06654,1.16651,-0.68767,0.01011,1.05137,0.00553,0.06654,1.16652,-0.68767,0.01011,1.05137,0.00553,0.0000,0.0068,-0.0300,0.0000,-0.0000,0.4505,0.0420,0.0776,0.10,0.4481,0.0302,0.0542,0.0852
12.360,hold,0.06675,1.15813,-0.68682,0.00984,1.05141,0.00478,0.06654,1.16651,-0.68767,0.01011,1.05137,0.00553,0.06654,1.16651,-0.68767,0.01011,1.05137,0.00553,0.0000,0.0068,-0.0300,0.0000,-0.0000,0.4505,0.0420,0.0776,0.10,0.4481,0.0302,0.0542,0.0852
12.380,hold,0.06675,1.15813,-0.68682,0.00984,1.05141,0.00478,0.06654,1.16651,-0.68767,0.01011,1.05137,0.00553,0.06654,1.16651,-0.68767,0.01011,1.05137,0.00553,0.0000,0.0068,-0.0300,0.0000,-0.0000,0.4505,0.0420,0.0776,0.10,0.4481,0.0302,0.0542,0.0852
12.400,hold,0.06675,1.15813,-0.68682,0.00984,1.05141,0.00478,0.06654,1.16651,-0.68767,0.01011,1.05137,0.00553,0.06654,1.16652,-0.68767,0.01010,1.05137,0.00553,0.0000,0.0068,-0.0300,0.0000,-0.0000,0.4505,0.0420,0.0776,0.10,0.4481,0.0302,0.0542,0.0852
12.420,hold,0.06675,1.15813,-0.68682,0.00984,1.05141,0.00478,0.06654,1.16651,-0.68767,0.01011,1.05137,0.00553,0.06654,1.16651,-0.68767,0.01011,1.05137,0.00553,0.0000,0.0068,-0.0300,0.0000,-0.0000,0.4505,0.0420,0.0776,0.10,0.4481,0.0302,0.0542,0.0852
12.440,hold,0.06675,1.15813,-0.68682,0.00984,1.05141,0.00478,0.06654,1.16651,-0.68767,0.01011,1.05137,0.00553,0.06654,1.16652,-0.68767,0.01011,1.05137,0.00553,0.0000,0.0068,-0.0300,0.0000,-0.0000,0.4505,0.0420,0.0776,0.10,0.4481,0.0302,0.0542,0.0852
12.460,hold,0.06675,1.15813,-0.68682,0.00984,1.05141,0.00478,0.06654,1.16651,-0.68767,0.01011,1.05137,0.00553,0.06654,1.16651,-0.68767,0.01011,1.05137,0.00553,0.0000,0.0068,-0.0300,0.0000,-0.0000,0.4505,0.0420,0.0776,0.10,0.4481,0.0302,0.0542,0.0852
12.480,hold,0.06675,1.15813,-0.68682,0.00984,1.05141,0.00478,0.06654,1.16651,-0.68767,0.01011,1.05137,0.00553,0.06654,1.16651,-0.68767,0.01011,1.05137,0.00553,0.0000,0.0068,-0.0300,0.0000,-0.0000,0.4505,0.0420,0.0776,0.10,0.4481,0.0302,0.0542,0.0852
12.500,hold,0.06675,1.15813,-0.68682,0.00984,1.05141,0.00478,0.06654,1.16651,-0.68767,0.01011,1.05137,0.00553,0.06654,1.16652,-0.68767,0.01011,1.05137,0.00553,0.0000,0.0068,-0.0300,0.0000,-0.0000,0.4505,0.0420,0.0776,0.10,0.4481,0.0302,0.0542,0.0852
12.520,hold,0.06675,1.15813,-0.68682,0.00984,1.05141,0.00478,0.06654,1.16652,-0.68767,0.01011,1.05137,0.00553,0.06654,1.16651,-0.68767,0.01011,1.05137,0.00553,0.0000,0.0068,-0.0300,0.0000,-0.0000,0.4505,0.0420,0.0776,0.10,0.4481,0.0302,0.0542,0.0852
12.540,hold,0.06675,1.15813,-0.68682,0.00984,1.05141,0.00478,0.06654,1.16652,-0.68767,0.01011,1.05137,0.00553,0.06654,1.16652,-0.68767,0.01011,1.05137,0.00553,0.0000,0.0068,-0.0300,0.0000,-0.0000,0.4505,0.0420,0.0776,0.10,0.4481,0.0302,0.0542,0.0852
12.560,hold,0.06675,1.15813,-0.68682,0.00984,1.05141,0.00478,0.06654,1.16652,-0.68767,0.01011,1.05137,0.00553,0.06654,1.16652,-0.68767,0.01011,1.05137,0.00553,0.0000,0.0068,-0.0300,0.0000,-0.0000,0.4505,0.0420,0.0776,0.10,0.4481,0.0302,0.0542,0.0852
12.580,hold,0.06675,1.15813,-0.68682,0.00984,1.05141,0.00478,0.06654,1.16652,-0.68767,0.01011,1.05137,0.00553,0.06654,1.16651,-0.68767,0.01011,1.05137,0.00553,0.0000,0.0068,-0.0300,0.0000,-0.0000,0.4505,0.0420,0.0776,0.10,0.4481,0.0302,0.0542,0.0852
12.600,hold,0.06675,1.15813,-0.68682,0.00984,1.05141,0.00478,0.06654,1.16652,-0.68767,0.01011,1.05137,0.00553,0.06654,1.16651,-0.68767,0.01011,1.05137,0.00553,0.0000,0.0068,-0.0300,0.0000,-0.0000,0.4505,0.0420,0.0776,0.10,0.4481,0.0302,0.0542,0.0852
12.620,hold,0.06675,1.15813,-0.68682,0.00984,1.05141,0.00478,0.06654,1.16652,-0.68767,0.01011,1.05137,0.00553,0.06654,1.16652,-0.68767,0.01010,1.05137,0.00553,0.0000,0.0068,-0.0300,0.0000,-0.0000,0.4505,0.0420,0.0776,0.10,0.4481,0.0302,0.0542,0.0852
12.640,hold,0.06675,1.15813,-0.68682,0.00984,1.05141,0.00478,0.06654,1.16652,-0.68767,0.01010,1.05137,0.00553,0.06654,1.16651,-0.68767,0.01011,1.05137,0.00553,0.0000,0.0068,-0.0300,0.0000,-0.0000,0.4505,0.0420,0.0776,0.10,0.4481,0.0302,0.0542,0.0852
12.660,hold,0.06675,1.15813,-0.68682,0.00984,1.05141,0.00478,0.06654,1.16652,-0.68767,0.01010,1.05137,0.00553,0.06654,1.16652,-0.68767,0.01011,1.05137,0.00553,0.0000,0.0068,-0.0300,0.0000,-0.0000,0.4505,0.0420,0.0776,0.10,0.4481,0.0302,0.0542,0.0852
12.680,hold,0.06675,1.15813,-0.68682,0.00984,1.05141,0.00478,0.06654,1.16652,-0.68767,0.01010,1.05137,0.00553,0.06654,1.16651,-0.68767,0.01011,1.05137,0.00553,0.0000,0.0068,-0.0300,0.0000,-0.0000,0.4505,0.0420,0.0776,0.10,0.4481,0.0302,0.0542,0.0852
12.700,hold,0.06675,1.15813,-0.68682,0.00984,1.05141,0.00478,0.06654,1.16652,-0.68767,0.01010,1.05137,0.00553,0.06654,1.16651,-0.68767,0.01011,1.05137,0.00553,0.0000,0.0068,-0.0300,0.0000,-0.0000,0.4505,0.0420,0.0776,0.10,0.4481,0.0302,0.0542,0.0852
12.720,hold,0.06675,1.15813,-0.68682,0.00984,1.05141,0.00478,0.06654,1.16652,-0.68767,0.01010,1.05137,0.00553,0.06654,1.16651,-0.68767,0.01011,1.05137,0.00553,0.0000,0.0068,-0.0300,0.0000,-0.0000,0.4505,0.0420,0.0776,0.10,0.4481,0.0302,0.0542,0.0852
12.740,hold,0.06675,1.15813,-0.68682,0.00984,1.05141,0.00478,0.06654,1.16652,-0.68767,0.01010,1.05137,0.00553,0.06654,1.16651,-0.68767,0.01011,1.05137,0.00553,0.0000,0.0068,-0.0300,0.0000,-0.0000,0.4505,0.0420,0.0776,0.10,0.4481,0.0302,0.0542,0.0852
12.760,hold,0.06675,1.15813,-0.68682,0.00984,1.05141,0.00478,0.06654,1.16651,-0.68767,0.01011,1.05137,0.00553,0.06654,1.16652,-0.68767,0.01011,1.05137,0.00553,0.0000,0.0068,-0.0300,0.0000,-0.0000,0.4505,0.0420,0.0776,0.10,0.4481,0.0302,0.0542,0.0852
12.780,hold,0.06675,1.15813,-0.68682,0.00984,1.05141,0.00478,0.06654,1.16651,-0.68767,0.01011,1.05137,0.00553,0.06654,1.16652,-0.68767,0.01011,1.05137,0.00553,0.0000,0.0068,-0.0300,0.0000,-0.0000,0.4505,0.0420,0.0776,0.10,0.4481,0.0302,0.0542,0.0852
12.800,hold,0.06675,1.15813,-0.68682,0.00984,1.05141,0.00478,0.06654,1.16651,-0.68767,0.01011,1.05137,0.00553,0.06654,1.16651,-0.68767,0.01011,1.05137,0.00553,0.0000,0.0068,-0.0300,0.0000,-0.0000,0.4505,0.0420,0.0776,0.10,0.4481,0.0302,0.0542,0.0852
12.820,hold,0.06675,1.15813,-0.68682,0.00984,1.05141,0.00478,0.06654,1.16651,-0.68767,0.01011,1.05137,0.00553,0.06654,1.16651,-0.68767,0.01011,1.05137,0.00553,0.0000,0.0068,-0.0300,0.0000,-0.0000,0.4505,0.0420,0.0776,0.10,0.4481,0.0302,0.0542,0.0852
12.840,hold,0.06675,1.15813,-0.68682,0.00984,1.05141,0.00478,0.06654,1.16651,-0.68767,0.01011,1.05137,0.00553,0.06654,1.16652,-0.68767,0.01010,1.05137,0.00553,0.0000,0.0068,-0.0300,0.0000,-0.0000,0.4505,0.0420,0.0776,0.10,0.4481,0.0302,0.0542,0.0852
12.860,hold,0.06675,1.15813,-0.68682,0.00984,1.05141,0.00478,0.06654,1.16651,-0.68767,0.01011,1.05137,0.00553,0.06654,1.16651,-0.68767,0.01011,1.05137,0.00553,0.0000,0.0068,-0.0300,0.0000,-0.0000,0.4505,0.0420,0.0776,0.10,0.4481,0.0302,0.0542,0.0852
12.880,hold,0.06675,1.15813,-0.68682,0.00984,1.05141,0.00478,0.06654,1.16651,-0.68767,0.01011,1.05137,0.00553,0.06654,1.16652,-0.68767,0.01011,1.05137,0.00553,0.0000,0.0068,-0.0300,0.0000,-0.0000,0.4505,0.0420,0.0776,0.10,0.4481,0.0302,0.0542,0.0852
12.900,hold,0.06675,1.15813,-0.68682,0.00984,1.05141,0.00478,0.06654,1.16651,-0.68767,0.01011,1.05137,0.00553,0.06654,1.16651,-0.68767,0.01011,1.05137,0.00553,0.0000,0.0068,-0.0300,0.0000,-0.0000,0.4505,0.0420,0.0776,0.10,0.4481,0.0302,0.0542,0.0852
12.920,hold,0.06675,1.15813,-0.68682,0.00984,1.05141,0.00478,0.06654,1.16651,-0.68767,0.01011,1.05137,0.00553,0.06654,1.16651,-0.68767,0.01011,1.05137,0.00553,0.0000,0.0068,-0.0300,0.0000,-0.0000,0.4505,0.0420,0.0776,0.10,0.4481,0.0302,0.0542,0.0852
12.940,hold,0.06675,1.15813,-0.68682,0.00984,1.05141,0.00478,0.06654,1.16651,-0.68767,0.01011,1.05137,0.00553,0.06654,1.16651,-0.68767,0.01011,1.05137,0.00553,0.0000,0.0068,-0.0300,0.0000,-0.0000,0.4505,0.0420,0.0776,0.10,0.4481,0.0302,0.0542,0.0852
12.960,hold,0.06675,1.15813,-0.68682,0.00984,1.05141,0.00478,0.06654,1.16651,-0.68767,0.01011,1.05137,0.00553,0.06654,1.16651,-0.68767,0.01011,1.05137,0.00553,0.0000,0.0068,-0.0300,0.0000,-0.0000,0.4505,0.0420,0.0776,0.10,0.4481,0.0302,0.0542,0.0852
12.980,hold,0.06675,1.15813,-0.68682,0.00984,1.05141,0.00478,0.06654,1.16651,-0.68767,0.01011,1.05137,0.00553,0.06654,1.16651,-0.68767,0.01011,1.05137,0.00553,0.0000,0.0068,-0.0300,0.0000,-0.0000,0.4505,0.0420,0.0776,0.10,0.4481,0.0302,0.0542,0.0852
13.000,hold,0.06675,1.15813,-0.68682,0.00984,1.05141,0.00478,0.06654,1.16651,-0.68767,0.01011,1.05137,0.00553,0.06654,1.16652,-0.68767,0.01011,1.05137,0.00553,0.0000,0.0068,-0.0300,0.0000,-0.0000,0.4505,0.0420,0.0776,0.10,0.4481,0.0302,0.0542,0.0852
13.020,hold,0.06675,1.15813,-0.68682,0.00984,1.05141,0.00478,0.06654,1.16651,-0.68767,0.01011,1.05137,0.00553,0.06654,1.16651,-0.68767,0.01011,1.05137,0.00553,0.0000,0.0068,-0.0300,0.0000,-0.0000,0.4505,0.0420,0.0776,0.10,0.4481,0.0302,0.0542,0.0852
13.040,hold,0.06675,1.15813,-0.68682,0.00984,1.05141,0.00478,0.06654,1.16651,-0.68767,0.01011,1.05137,0.00553,0.06654,1.16651,-0.68767,0.01011,1.05137,0.00553,0.0000,0.0068,-0.0300,0.0000,-0.0000,0.4505,0.0420,0.0776,0.10,0.4481,0.0302,0.0542,0.0852
13.060,hold,0.06675,1.15813,-0.68682,0.00984,1.05141,0.00478,0.06654,1.16651,-0.68767,0.01011,1.05137,0.00553,0.06654,1.16652,-0.68767,0.01010,1.05137,0.00553,0.0000,0.0068,-0.0300,0.0000,-0.0000,0.4505,0.0420,0.0776,0.10,0.4481,0.0302,0.0542,0.0852
13.080,hold,0.06675,1.15813,-0.68682,0.00984,1.05141,0.00478,0.06654,1.16651,-0.68767,0.01011,1.05137,0.00553,0.06654,1.16651,-0.68767,0.01011,1.05137,0.00553,0.0000,0.0068,-0.0300,0.0000,-0.0000,0.4505,0.0420,0.0776,0.10,0.4481,0.0302,0.0542,0.0852
13.100,hold,0.06675,1.15813,-0.68682,0.00984,1.05141,0.00478,0.06654,1.16651,-0.68767,0.01011,1.05137,0.00553,0.06654,1.16652,-0.68767,0.01011,1.05137,0.00554,0.0000,0.0068,-0.0300,0.0000,-0.0000,0.4505,0.0420,0.0776,0.10,0.4481,0.0302,0.0542,0.0852
13.120,hold,0.06675,1.15813,-0.68682,0.00984,1.05141,0.00478,0.06654,1.16652,-0.68767,0.01011,1.05137,0.00554,0.06654,1.16651,-0.68767,0.01011,1.05137,0.00553,0.0000,0.0068,-0.0300,0.0000,-0.0000,0.4505,0.0420,0.0776,0.10,0.4481,0.0302,0.0542,0.0852
13.140,hold,0.06675,1.15813,-0.68682,0.00984,1.05141,0.00478,0.06654,1.16652,-0.68767,0.01011,1.05137,0.00554,0.06654,1.16651,-0.68767,0.01011,1.05137,0.00553,0.0000,0.0068,-0.0300,0.0000,-0.0000,0.4505,0.0420,0.0776,0.10,0.4481,0.0302,0.0542,0.0852
13.160,hold,0.06675,1.15813,-0.68682,0.00984,1.05141,0.00478,0.06654,1.16652,-0.68767,0.01011,1.05137,0.00554,0.06654,1.16651,-0.68767,0.01011,1.05137,0.00553,0.0000,0.0068,-0.0300,0.0000,-0.0000,0.4505,0.0420,0.0776,0.10,0.4481,0.0302,0.0542,0.0852
13.180,hold,0.06675,1.15813,-0.68682,0.00984,1.05141,0.00478,0.06654,1.16652,-0.68767,0.01011,1.05137,0.00554,0.06654,1.16651,-0.68767,0.01011,1.05137,0.00553,0.0000,0.0068,-0.0300,0.0000,-0.0000,0.4505,0.0420,0.0776,0.10,0.4481,0.0302,0.0542,0.0852
13.200,hold,0.06675,1.15813,-0.68682,0.00984,1.05141,0.00478,0.06654,1.16652,-0.68767,0.01011,1.05137,0.00554,0.06654,1.16651,-0.68767,0.01011,1.05137,0.00553,0.0000,0.0068,-0.0300,0.0000,-0.0000,0.4505,0.0420,0.0776,0.10,0.4481,0.0302,0.0542,0.0852
13.220,hold,0.06675,1.15813,-0.68682,0.00984,1.05141,0.00478,0.06654,1.16652,-0.68767,0.01011,1.05137,0.00554,0.06654,1.16652,-0.68767,0.01011,1.05137,0.00553,0.0000,0.0068,-0.0300,0.0000,-0.0000,0.4505,0.0420,0.0776,0.10,0.4481,0.0302,0.0542,0.0852
13.240,hold,0.06675,1.15813,-0.68682,0.00984,1.05141,0.00478,0.06654,1.16652,-0.68767,0.01011,1.05137,0.00553,0.06654,1.16651,-0.68767,0.01011,1.05137,0.00553,0.0000,0.0068,-0.0300,0.0000,-0.0000,0.4505,0.0420,0.0776,0.10,0.4481,0.0302,0.0542,0.0852
13.260,hold,0.06675,1.15813,-0.68682,0.00984,1.05141,0.00478,0.06654,1.16652,-0.68767,0.01011,1.05137,0.00553,0.06654,1.16651,-0.68767,0.01011,1.05137,0.00553,0.0000,0.0068,-0.0300,0.0000,-0.0000,0.4505,0.0420,0.0776,0.10,0.4481,0.0302,0.0542,0.0852
13.280,hold,0.06675,1.15813,-0.68682,0.00984,1.05141,0.00478,0.06654,1.16652,-0.68767,0.01011,1.05137,0.00553,0.06654,1.16652,-0.68767,0.01010,1.05137,0.00553,0.0000,0.0068,-0.0300,0.0000,-0.0000,0.4505,0.0420,0.0776,0.10,0.4481,0.0302,0.0542,0.0852
13.300,hold,0.06675,1.15813,-0.68682,0.00984,1.05141,0.00478,0.06654,1.16652,-0.68767,0.01011,1.05137,0.00553,0.06654,1.16651,-0.68767,0.01011,1.05137,0.00553,0.0000,0.0068,-0.0300,0.0000,-0.0000,0.4505,0.0420,0.0776,0.10,0.4481,0.0302,0.0542,0.0852
13.320,done,0.06675,1.15813,-0.68682,0.00984,1.05141,0.00478,0.06654,1.16652,-0.68767,0.01011,1.05137,0.00553,0.06654,1.16652,-0.68767,0.01011,1.05137,0.00554,0.0000,0.0068,-0.0300,0.0000,-0.0000,0.4505,0.0420,0.0776,0.10,0.4481,0.0302,0.0542,0.0852
