t,state,q_cmd_0,q_cmd_1,q_cmd_2,q_cmd_3,q_cmd_4,q_cmd_5,q_fb_0,q_fb_1,q_fb_2,q_fb_3,q_fb_4,q_fb_5,q_true_0,q_true_1,q_true_2,q_true_3,q_true_4,q_true_5,gripper_cmd_m,finger_1_m,finger_2_m,finger_1_target_m,finger_2_target_m,cup_x_b,cup_y_b,cup_top_z_b,cup_tilt_deg,jaw_x_b,jaw_y_b,jaw_z_b,base_height_m
0.020,settle,nan,nan,nan,nan,nan,nan,0.00000,0.00507,0.00369,-0.00035,0.00035,0.00000,0.00000,0.00507,0.00369,-0.00035,0.00035,0.00000,0.0000,0.0000,-0.0000,0.0000,-0.0000,0.3959,-0.0800,-0.0355,0.00,0.3872,-0.0013,0.4965,0.0851
0.040,settle,nan,nan,nan,nan,nan,nan,0.00000,0.00507,0.00369,-0.00035,0.00035,0.00000,0.00000,0.00507,0.00369,-0.00035,0.00035,0.00000,0.0000,0.0000,-0.0000,0.0000,-0.0000,0.3959,-0.0800,-0.0355,0.00,0.3872,-0.0013,0.4965,0.0851
0.060,settle,nan,nan,nan,nan,nan,nan,0.00000,0.00507,0.00369,-0.00035,0.00035,0.00000,0.00000,0.00507,0.00369,-0.00035,0.00034,0.00000,0.0000,0.0000,-0.0000,0.0000,-0.0000,0.3959,-0.0800,-0.0355,0.00,0.3872,-0.0013,0.4965,0.0851
0.080,settle,nan,nan,nan,nan,nan,nan,0.00000,0.00507,0.00369,-0.00035,0.00035,0.00000,0.00000,0.00507,0.00369,-0.00035,0.00035,0.00000,0.0000,0.0000,-0.0000,0.0000,-0.0000,0.3959,-0.0800,-0.0355,0.00,0.3872,-0.0013,0.4965,0.0851
0.100,settle,nan,nan,nan,nan,nan,nan,0.00000,0.00507,0.00369,-0.00035,0.00035,0.00000,0.00000,0.00507,0.00369,-0.00035,0.00035,0.00000,0.0000,0.0000,-0.0000,0.0000,-0.0000,0.3959,-0.0800,-0.0355,0.00,0.3872,-0.0013,0.4965,0.0851
0.120,settle,nan,nan,nan,nan,nan,nan,0.00000,0.00507,0.00369,-0.00035,0.00035,0.00000,0.00000,0.00507,0.00369,-0.00035,0.00035,0.00000,0.0000,0.0000,-0.0000,0.0000,-0.0000,0.3959,-0.0800,-0.0355,0.00,0.3872,-0.0013,0.4965,0.0851
0.140,settle,nan,nan,nan,nan,nan,nan,0.00000,0.00507,0.00369,-0.00035,0.00035,0.00000,0.00000,0.00507,0.00369,-0.00035,0.00035,0.00000,0.0000,0.0000,-0.0000,0.0000,-0.0000,0.3959,-0.0800,-0.0355,0.00,0.3872,-0.0013,0.4965,0.0851
0.160,settle,nan,nan,nan,nan,nan,nan,0.00000,0.00507,0.00369,-0.00035,0.00035,0.00000,0.00000,0.00507,0.00369,-0.00035,0.00034,0.00000,0.0000,0.0000,-0.0000,0.0000,-0.0000,0.3959,-0.0800,-0.0355,0.00,0.3872,-0.0013,0.4965,0.0851
0.180,settle,nan,nan,nan,nan,nan,nan,0.00000,0.00507,0.00369,-0.00035,0.00035,0.00000,0.00000,0.00507,0.00369,-0.00035,0.00035,0.00000,0.0000,0.0000,-0.0000,0.0000,-0.0000,0.3959,-0.0800,-0.0355,0.00,0.3872,-0.0013,0.4965,0.0851
0.200,settle,nan,nan,nan,nan,nan,nan,0.00000,0.00507,0.00369,-0.00035,0.00035,0.00000,0.00000,0.00507,0.00369,-0.00035,0.00035,0.00000,0.0000,0.0000,-0.0000,0.0000,-0.0000,0.3959,-0.0800,-0.0355,0.00,0.3872,-0.0013,0.4965,0.0851
0.220,settle,nan,nan,nan,nan,nan,nan,0.00000,0.00507,0.00369,-0.00035,0.00035,0.00000,0.00000,0.00507,0.00369,-0.00035,0.00035,0.00000,0.0000,0.0000,-0.0000,0.0000,-0.0000,0.3959,-0.0800,-0.0355,0.00,0.3872,-0.0013,0.4965,0.0851
0.240,settle,nan,nan,nan,nan,nan,nan,0.00000,0.00507,0.00369,-0.00035,0.00035,0.00000,0.00000,0.00507,0.00369,-0.00035,0.00035,0.00000,0.0000,0.0000,-0.0000,0.0000,-0.0000,0.3959,-0.0800,-0.0355,0.00,0.3872,-0.0013,0.4965,0.0851
0.260,settle,nan,nan,nan,nan,nan,nan,0.00000,0.00507,0.00369,-0.00035,0.00035,0.00000,0.00000,0.00507,0.00369,-0.00035,0.00035,0.00000,0.0000,0.0000,-0.0000,0.0000,-0.0000,0.3959,-0.0800,-0.0355,0.00,0.3872,-0.0013,0.4965,0.0851
0.280,settle,nan,nan,nan,nan,nan,nan,0.00000,0.00507,0.00369,-0.00035,0.00035,0.00000,0.00000,0.00507,0.00369,-0.00035,0.00035,0.00000,0.0000,0.0000,-0.0000,0.0000,-0.0000,0.3959,-0.0800,-0.0355,0.00,0.3872,-0.0013,0.4965,0.0851
0.300,settle,nan,nan,nan,nan,nan,nan,0.00000,0.00507,0.00369,-0.00035,0.00035,0.00000,0.00000,0.00507,0.00369,-0.00035,0.00035,0.00000,0.0000,0.0000,-0.0000,0.0000,-0.0000,0.3959,-0.0800,-0.0355,0.00,0.3872,-0.0013,0.4965,0.0851
0.320,settle,nan,nan,nan,nan,nan,nan,0.00000,0.00507,0.00369,-0.00035,0.00035,0.00000,0.00000,0.00507,0.00369,-0.00035,0.00035,0.00000,0.0000,0.0000,-0.0000,0.0000,-0.0000,0.3959,-0.0800,-0.0355,0.00,0.3872,-0.0013,0.4965,0.0851
0.340,settle,nan,nan,nan,nan,nan,nan,0.00000,0.00507,0.00369,-0.00035,0.00035,0.00000,0.00000,0.00507,0.00369,-0.00035,0.00034,0.00000,0.0000,0.0000,-0.0000,0.0000,-0.0000,0.3959,-0.0800,-0.0355,0.00,0.3872,-0.0013,0.4965,0.0851
0.360,settle,nan,nan,nan,nan,nan,nan,0.00000,0.00507,0.00369,-0.00035,0.00035,0.00000,0.00000,0.00507,0.00369,-0.00035,0.00035,0.00000,0.0000,0.0000,-0.0000,0.0000,-0.0000,0.3959,-0.0800,-0.0356,0.00,0.3872,-0.0013,0.4965,0.0851
0.380,settle,nan,nan,nan,nan,nan,nan,0.00000,0.00507,0.00369,-0.00035,0.00035,0.00000,0.00000,0.00507,0.00369,-0.00035,0.00035,0.00000,0.0000,0.0000,-0.0000,0.0000,-0.0000,0.3959,-0.0800,-0.0356,0.00,0.3872,-0.0013,0.4965,0.0851
0.400,settle,nan,nan,nan,nan,nan,nan,0.00000,0.00507,0.00369,-0.00035,0.00035,0.00000,0.00000,0.00507,0.00369,-0.00035,0.00034,0.00000,0.0000,0.0000,-0.0000,0.0000,-0.0000,0.3959,-0.0800,-0.0355,0.00,0.3872,-0.0013,0.4965,0.0851
0.420,settle,nan,nan,nan,nan,nan,nan,0.00000,0.00507,0.00369,-0.00035,0.00035,0.00000,0.00000,0.00507,0.00369,-0.00035,0.00035,0.00000,0.0000,0.0000,-0.0000,0.0000,-0.0000,0.3959,-0.0800,-0.0356,0.00,0.3872,-0.0013,0.4965,0.0851
0.440,settle,nan,nan,nan,nan,nan,nan,0.00000,0.00507,0.00369,-0.00035,0.00035,0.00000,0.00000,0.00507,0.00369,-0.00035,0.00035,0.00000,0.0000,0.0000,-0.0000,0.0000,-0.0000,0.3959,-0.0800,-0.0355,0.00,0.3872,-0.0013,0.4965,0.0851
0.460,settle,nan,nan,nan,nan,nan,nan,0.00000,0.00507,0.00369,-0.00035,0.00035,0.00000,0.00000,0.00507,0.00369,-0.00035,0.00034,0.00000,0.0000,0.0000,-0.0000,0.0000,-0.0000,0.3959,-0.0800,-0.0355,0.00,0.3872,-0.0013,0.4965,0.0851
0.480,settle,nan,nan,nan,nan,nan,nan,0.00000,0.00507,0.00369,-0.00035,0.00035,0.00000,0.00000,0.00507,0.00369,-0.00035,0.00035,0.00000,0.0000,0.0000,-0.0000,0.0000,-0.0000,0.3959,-0.0800,-0.0355,0.00,0.3872,-0.0013,0.4965,0.0851
0.500,settle,nan,nan,nan,nan,nan,nan,0.00000,0.00507,0.00369,-0.00035,0.00035,0.00000,0.00000,0.00507,0.00369,-0.00035,0.00034,0.00000,0.0000,0.0000,-0.0000,0.0000,-0.0000,0.3959,-0.0800,-0.0355,0.00,0.3872,-0.0013,0.4965,0.0851
0.520,moving,nan,nan,nan,nan,nan,nan,0.00000,0.00507,0.00369,-0.00035,0.00034,0.00000,0.00000,0.00507,0.00369,-0.00035,0.00035,0.00000,0.0000,0.0000,-0.0000,0.0000,-0.0000,0.3959,-0.0800,-0.0355,0.00,0.3872,-0.0013,0.4965,0.0851
0.540,moving,0.00706,0.12588,0.94146,0.02787,-0.15502,0.02199,0.00000,0.00507,0.00369,-0.00035,0.00034,0.00000,0.00000,0.00507,0.00369,-0.00035,0.00035,0.00000,0.0000,0.0000,-0.0000,0.0000,-0.0000,0.3959,-0.0800,-0.0355,0.00,0.3872,-0.0013,0.4965,0.0851
0.560,moving,0.00706,0.12588,0.94146,0.02787,-0.15502,0.02199,0.00000,0.00507,0.00369,-0.00035,0.00034,0.00000,0.00000,0.00507,0.00369,-0.00035,0.00034,0.00000,0.0000,0.0000,-0.0000,0.0000,-0.0000,0.3959,-0.0800,-0.0355,0.00,0.3872,-0.0013,0.4965,0.0851
0.580,moving,0.00706,0.12588,0.94146,0.02787,-0.15502,0.02199,0.00000,0.00507,0.00369,-0.00035,0.00034,0.00000,0.00000,0.00507,0.00369,-0.00035,0.00035,0.00000,0.0000,0.0000,-0.0000,0.0000,-0.0000,0.3959,-0.0800,-0.0355,0.00,0.3872,-0.0013,0.4965,0.0851
0.600,moving,0.00706,0.12588,0.94146,0.02787,-0.15502,0.02199,0.00000,0.00507,0.00369,-0.00035,0.00034,0.00000,0.00229,0.00706,0.00542,0.00235,-0.00199,0.00233,0.0000,0.0000,-0.0000,0.0000,-0.0000,0.3960,-0.0801,-0.0355,0.00,0.3879,-0.0004,0.4955,0.0851
0.620,moving,0.00706,0.12588,0.94146,0.02787,-0.15502,0.02199,0.00000,0.00507,0.00369,-0.00035,0.00034,0.00000,0.00665,0.01524,0.01325,0.01079,-0.01052,0.01085,0.0000,0.0000,-0.0000,0.0000,-0.0000,0.3961,-0.0801,-0.0355,0.00,0.3907,0.0013,0.4909,0.0851
0.640,moving,0.00706,0.12588,0.94146,0.02787,-0.15502,0.02199,0.00665,0.01524,0.01325,0.01079,-0.01052,0.01085,0.00705,0.02968,0.02739,0.02164,-0.02525,0.01930,0.0000,0.0000,-0.0000,0.0000,-0.0000,0.3962,-0.0801,-0.0356,0.00,0.3954,0.0014,0.4825,0.0851
0.660,moving,0.00706,0.12588,0.94146,0.02787,-0.15502,0.02199,0.00665,0.01524,0.01325,0.01079,-0.01052,0.01085,0.00705,0.05040,0.04782,0.02690,-0.04618,0.02193,0.0000,0.0000,0.0000,0.0000,-0.0000,0.3963,-0.0800,-0.0356,0.00,0.4019,0.0013,0.4702,0.0851
0.680,moving,0.00706,0.12588,0.94146,0.02787,-0.15502,0.02199,0.00665,0.01524,0.01325,0.01079,-0.01052,0.01085,0.00705,0.07602,0.07249,0.02760,-0.07107,0.02198,0.0000,0.0000,-0.0000,0.0000,-0.0000,0.3965,-0.0800,-0.0356,0.00,0.4093,0.0013,0.4549,0.0851
0.700,moving,0.00706,0.12588,0.94146,0.02787,-0.15502,0.02199,0.00665,0.01524,0.01325,0.01079,-0.01052,0.01085,0.00705,0.09603,0.09440,0.02756,-0.07961,0.02198,0.0000,0.0000,-0.0000,0.0000,-0.0000,0.3965,-0.0800,-0.0356,0.00,0.4144,0.0013,0.4397,0.0851
0.720,moving,0.00706,0.12588,0.94146,0.02787,-0.15502,0.02199,0.00665,0.01524,0.01325,0.01079,-0.01052,0.01085,0.00705,0.10606,0.11750,0.02749,-0.08808,0.02198,0.0000,0.0000,-0.0000,0.0000,-0.0000,0.3962,-0.0800,-0.0355,0.00,0.4165,0.0012,0.4282,0.0851
0.740,moving,0.00706,0.12588,0.94146,0.02787,-0.15502,0.02199,0.00665,0.01524,0.01325,0.01079,-0.01052,0.01085,0.00704,0.11867,0.13244,0.02746,-0.10282,0.02198,0.0000,0.0000,-0.0000,0.0000,-0.0000,0.3960,-0.0800,-0.0356,0.00,0.4194,0.0012,0.4198,0.0851
0.760,moving,0.00706,0.12588,0.94146,0.02787,-0.15502,0.02199,0.00704,0.11867,0.13244,0.02746,-0.10282,0.02198,0.00704,0.13036,0.14856,0.02750,-0.12313,0.02199,0.0000,0.0000,-0.0000,0.0000,-0.0000,0.3959,-0.0800,-0.0355,0.00,0.4220,0.0011,0.4124,0.0852
0.780,moving,0.00706,0.12588,0.94146,0.02787,-0.15502,0.02199,0.00704,0.11867,0.13244,0.02746,-0.10282,0.02198,0.00704,0.13604,0.16929,0.02752,-0.13985,0.02199,0.0000,0.0000,-0.0000,0.0000,-0.0000,0.3956,-0.0801,-0.0354,0.00,0.4228,0.0010,0.4051,0.0853
0.800,moving,0.00706,0.12588,0.94146,0.02787,-0.15502,0.02199,0.00704,0.11867,0.13244,0.02746,-0.10282,0.02198,0.00702,0.13660,0.18588,0.02752,-0.14532,0.02198,0.0000,0.0000,-0.0000,0.0000,-0.0000,0.3954,-0.0801,-0.0355,0.00,0.4222,0.0010,0.3995,0.0852
0.820,moving,0.00706,0.12588,0.94146,0.02787,-0.15502,0.02199,0.00704,0.11867,0.13244,0.02746,-0.10282,0.02198,0.00702,0.13572,0.19652,0.02751,-0.15208,0.02198,0.0000,0.0000,-0.0000,0.0000,-0.0000,0.3953,-0.0801,-0.0355,0.00,0.4216,0.0009,0.3970,0.0853
0.840,moving,0.00706,0.12588,0.94146,0.02787,-0.15502,0.02199,0.00704,0.11867,0.13244,0.02746,-0.10282,0.02198,0.00702,0.13478,0.20571,0.02754,-0.15444,0.02197,0.0000,0.0000,-0.0000,0.0000,-0.0000,0.3952,-0.0801,-0.0355,0.00,0.4209,0.0009,0.3943,0.0853
0.860,moving,0.00706,0.12588,0.94146,0.02787,-0.15502,0.02199,0.00704,0.11867,0.13244,0.02746,-0.10282,0.02198,0.00702,0.13395,0.22200,0.02758,-0.15449,0.02197,0.0000,0.0000,-0.0000,0.0000,-0.0000,0.3953,-0.0801,-0.0355,0.00,0.4197,0.0009,0.3884,0.0853
0.880,moving,0.00706,0.12588,0.94146,0.02787,-0.15502,0.02199,0.00702,0.13395,0.22200,0.02758,-0.15449,0.02197,0.00703,0.13337,0.24317,0.02760,-0.15449,0.02198,0.0000,0.0000,-0.0000,0.0000,-0.0000,0.3954,-0.0801,-0.0355,0.00,0.4181,0.0009,0.3805,0.0852
0.900,moving,0.00706,0.12588,0.94146,0.02787,-0.15502,0.02199,0.00702,0.13395,0.22200,0.02758,-0.15449,0.02197,0.00702,0.13302,0.26078,0.02758,-0.15449,0.02198,0.0000,0.0000,-0.0000,0.0000,-0.0000,0.3956,-0.0801,-0.0355,0.00,0.4166,0.0009,0.3739,0.0852
0.920,moving,0.00706,0.12588,0.94146,0.02787,-0.15502,0.02199,0.00702,0.13395,0.22200,0.02758,-0.15449,0.02197,0.00702,0.13275,0.27077,0.02756,-0.15449,0.02198,0.0000,0.0000,-0.0000,0.0000,-0.0000,0.3958,-0.0801,-0.0355,0.00,0.4157,0.0009,0.3703,0.0852
0.940,moving,0.00706,0.12588,0.94146,0.02787,-0.15502,0.02199,0.00702,0.13395,0.22200,0.02758,-0.15449,0.02197,0.00702,0.13231,0.28060,0.02759,-0.15449,0.02199,0.0000,0.0000,-0.0000,0.0000,-0.0000,0.3960,-0.0801,-0.0355,0.00,0.4148,0.0009,0.3667,0.0851
0.960,moving,0.00706,0.12588,0.94146,0.02787,-0.15502,0.02199,0.00702,0.13395,0.22200,0.02758,-0.15449,0.02197,0.00702,0.13191,0.29736,0.02762,-0.15451,0.02198,0.0000,0.0000,-0.0000,0.0000,-0.0000,0.3961,-0.0801,-0.0355,0.00,0.4131,0.0008,0.3605,0.0851
0.980,moving,0.00706,0.12588,0.94146,0.02787,-0.15502,0.02199,0.00702,0.13395,0.22200,0.02758,-0.15449,0.02197,0.00702,0.13166,0.31891,0.02761,-0.15452,0.02196,0.0000,0.0000,-0.0000,0.0000,-0.0000,0.3962,-0.0801,-0.0355,0.00,0.4109,0.0008,0.3525,0.0851
1.000,moving,0.00706,0.12588,0.94146,0.02787,-0.15502,0.02199,0.00702,0.13166,0.31891,0.02761,-0.15452,0.02196,0.00702,0.13159,0.33692,0.02758,-0.15452,0.02197,0.0000,0.0000,-0.0000,0.0000,-0.0000,0.3963,-0.0801,-0.0355,0.00,0.4090,0.0008,0.3458,0.0851
1.020,moving,0.00706,0.12588,0.94146,0.02787,-0.15502,0.02199,0.00702,0.13166,0.31891,0.02761,-0.15452,0.02196,0.00703,0.13154,0.34732,0.02754,-0.15452,0.02197,0.0000,0.0000,-0.0000,0.0000,-0.0000,0.3962,-0.0801,-0.0355,0.00,0.4078,0.0008,0.3419,0.0851
1.040,moving,0.00706,0.12588,0.94146,0.02787,-0.15502,0.02199,0.00702,0.13166,0.31891,0.02761,-0.15452,0.02196,0.00703,0.13132,0.35729,0.02758,-0.15452,0.02197,0.0000,0.0000,-0.0000,0.0000,-0.0000,0.3962,-0.0801,-0.0355,0.00,0.4066,0.0008,0.3383,0.0851
1.060,moving,0.00706,0.12588,0.94146,0.02787,-0.15502,0.02199,0.00702,0.13166,0.31891,0.02761,-0.15452,0.02196,0.00702,0.13109,0.37415,0.02761,-0.15454,0.02197,0.0000,0.0000,-0.0000,0.0000,-0.0000,0.3961,-0.0801,-0.0355,0.00,0.4045,0.0008,0.3322,0.0851
1.080,moving,0.00706,0.12588,0.94146,0.02787,-0.15502,0.02199,0.00702,0.13166,0.31891,0.02761,-0.15452,0.02196,0.00702,0.13100,0.39576,0.02762,-0.15454,0.02197,0.0000,0.0000,-0.0000,0.0000,-0.0000,0.3960,-0.0801,-0.0355,0.00,0.4018,0.0008,0.3243,0.0851
1.100,moving,0.00706,0.12588,0.94146,0.02787,-0.15502,0.02199,0.00702,0.13166,0.31891,0.02761,-0.15452,0.02196,0.00702,0.13104,0.41381,0.02760,-0.15454,0.02198,0.0000,0.0000,-0.0000,0.0000,-0.0000,0.3959,-0.0801,-0.0355,0.00,0.3993,0.0008,0.3177,0.0852
1.120,moving,0.00706,0.12588,0.94146,0.02787,-0.15502,0.02199,0.00702,0.13104,0.41381,0.02760,-0.15454,0.02198,0.00702,0.13108,0.42408,0.02758,-0.15454,0.02198,0.0000,0.0000,-0.0000,0.0000,-0.0000,0.3958,-0.0801,-0.0355,0.00,0.3979,0.0007,0.3139,0.0852
1.140,moving,0.00706,0.12588,0.94146,0.02787,-0.15502,0.02199,0.00702,0.13104,0.41381,0.02760,-0.15454,0.02198,0.00702,0.13094,0.43410,0.02760,-0.15454,0.02198,0.0000,0.0000,-0.0000,0.0000,-0.0000,0.3958,-0.0801,-0.0355,0.00,0.3964,0.0007,0.3103,0.0852
1.160,moving,0.00706,0.12588,0.94146,0.02787,-0.15502,0.02199,0.00702,0.13104,0.41381,0.02760,-0.15454,0.02198,0.00703,0.13079,0.45101,0.02763,-0.15454,0.02198,0.0000,0.0000,-0.0000,0.0000,-0.0000,0.3958,-0.0801,-0.0355,0.00,0.3939,0.0007,0.3043,0.0852
1.180,moving,0.00706,0.12588,0.94146,0.02787,-0.15502,0.02199,0.00702,0.13104,0.41381,0.02760,-0.15454,0.02198,0.00703,0.13075,0.47267,0.02763,-0.15455,0.02198,0.0000,0.0000,-0.0000,0.0000,-0.0000,0.3957,-0.0801,-0.0355,0.00,0.3905,0.0007,0.2966,0.0852
1.200,moving,0.00706,0.12588,0.94146,0.02787,-0.15502,0.02199,0.00702,0.13104,0.41381,0.02760,-0.15454,0.02198,0.00703,0.13082,0.49076,0.02761,-0.15455,0.02198,0.0000,0.0000,-0.0000,0.0000,-0.0000,0.3958,-0.0801,-0.0355,0.00,0.3875,0.0007,0.2902,0.0852
1.220,moving,0.00706,0.12588,0.94146,0.02787,-0.15502,0.02199,0.00702,0.13104,0.41381,0.02760,-0.15454,0.02198,0.00703,0.13089,0.50087,0.02758,-0.15455,0.02198,0.0000,0.0000,-0.0000,0.0000,-0.0000,0.3958,-0.0801,-0.0355,0.00,0.3858,0.0007,0.2866,0.0852
1.240,moving,0.00706,0.12588,0.94146,0.02787,-0.15502,0.02199,0.00703,0.13089,0.50087,0.02758,-0.15455,0.02198,0.00703,0.13076,0.51093,0.02760,-0.15455,0.02198,0.0000,0.0000,-0.0000,0.0000,-0.0000,0.3959,-0.0801,-0.0355,0.00,0.3841,0.0006,0.2831,0.0852
1.260,moving,0.00706,0.12588,0.94146,0.02787,-0.15502,0.02199,0.00703,0.13089,0.50087,0.02758,-0.15455,0.02198,0.00703,0.13063,0.52791,0.02763,-0.15456,0.02198,0.0000,0.0000,-0.0000,0.0000,-0.0000,0.3959,-0.0801,-0.0355,0.00,0.3811,0.0006,0.2773,0.0852
1.280,moving,0.00706,0.12588,0.94146,0.02787,-0.15502,0.02199,0.00703,0.13089,0.50087,0.02758,-0.15455,0.02198,0.00703,0.13060,0.54962,0.02763,-0.15456,0.02198,0.0000,0.0000,-0.0000,0.0000,-0.0000,0.3959,-0.0801,-0.0355,0.00,0.3771,0.0006,0.2698,0.0852
1.300,moving,0.00706,0.12588,0.94146,0.02787,-0.15502,0.02199,0.00703,0.13089,0.50087,0.02758,-0.15455,0.02198,0.00703,0.13067,0.56773,0.02760,-0.15457,0.02198,0.0000,0.0000,-0.0000,0.0000,-0.0000,0.3960,-0.0801,-0.0355,0.00,0.3737,0.0006,0.2636,0.0852
1.320,moving,0.00706,0.12588,0.94146,0.02787,-0.15502,0.02199,0.00703,0.13089,0.50087,0.02758,-0.15455,0.02198,0.00703,0.13074,0.57765,0.02757,-0.15457,0.02198,0.0000,0.0000,-0.0000,0.0000,-0.0000,0.3960,-0.0801,-0.0355,0.00,0.3718,0.0006,0.2602,0.0852
1.340,moving,0.00706,0.12588,0.94146,0.02787,-0.15502,0.02199,0.00703,0.13089,0.50087,0.02758,-0.15455,0.02198,0.00703,0.13062,0.58775,0.02760,-0.15457,0.02198,0.0000,0.0000,-0.0000,0.0000,-0.0000,0.3960,-0.0801,-0.0355,0.00,0.3698,0.0005,0.2569,0.0851
1.360,moving,0.00706,0.12588,0.94146,0.02787,-0.15502,0.02199,0.00703,0.13062,0.58775,0.02760,-0.15457,0.02198,0.00703,0.13051,0.60479,0.02763,-0.15458,0.02198,0.0000,0.0000,-0.0000,0.0000,-0.0000,0.3960,-0.0801,-0.0355,0.00,0.3663,0.0005,0.2513,0.0852
1.380,moving,0.00706,0.12588,0.94146,0.02787,-0.15502,0.02199,0.00703,0.13062,0.58775,0.02760,-0.15457,0.02198,0.00703,0.13048,0.62654,0.02763,-0.15458,0.02198,0.0000,0.0000,-0.0000,0.0000,-0.0000,0.3960,-0.0801,-0.0355,0.00,0.3618,0.0005,0.2441,0.0852
1.400,moving,0.00706,0.12588,0.94146,0.02787,-0.15502,0.02199,0.00703,0.13062,0.58775,0.02760,-0.15457,0.02198,0.00703,0.13056,0.64463,0.02760,-0.15458,0.02198,0.0000,0.0000,-0.0000,0.0000,-0.0000,0.3960,-0.0801,-0.0355,0.00,0.3579,0.0005,0.2382,0.0852
1.420,moving,0.00706,0.12588,0.94146,0.02787,-0.15502,0.02199,0.00703,0.13062,0.58775,0.02760,-0.15457,0.02198,0.00702,0.13063,0.65420,0.02757,-0.15458,0.02198,0.0000,0.0000,-0.0000,0.0000,-0.0000,0.3959,-0.0801,-0.0355,0.00,0.3558,0.0004,0.2351,0.0852
1.440,moving,0.00706,0.12588,0.94146,0.02787,-0.15502,0.02199,0.00703,0.13062,0.58775,0.02760,-0.15457,0.02198,0.00703,0.13052,0.66435,0.02760,-0.15459,0.02198,0.0000,0.0000,-0.0000,0.0000,-0.0000,0.3959,-0.0801,-0.0355,0.00,0.3535,0.0004,0.2319,0.0852
1.460,moving,0.00706,0.12588,0.94146,0.02787,-0.15502,0.02199,0.00703,0.13062,0.58775,0.02760,-0.15457,0.02198,0.00703,0.13042,0.68148,0.02763,-0.15460,0.02198,0.0000,0.0000,-0.0000,0.0000,-0.0000,0.3959,-0.0801,-0.0355,0.00,0.3496,0.0004,0.2265,0.0852
1.480,moving,0.00706,0.12588,0.94146,0.02787,-0.15502,0.02199,0.00703,0.13042,0.68148,0.02763,-0.15460,0.02198,0.00703,0.13040,0.70330,0.02763,-0.15460,0.02198,0.0000,0.0000,-0.0000,0.0000,-0.0000,0.3959,-0.0801,-0.0355,0.00,0.3445,0.0004,0.2197,0.0852
1.500,moving,0.00706,0.12588,0.94146,0.02787,-0.15502,0.02199,0.00703,0.13042,0.68148,0.02763,-0.15460,0.02198,0.00703,0.13048,0.72135,0.02760,-0.15460,0.02198,0.0000,0.0000,-0.0000,0.0000,-0.0000,0.3959,-0.0801,-0.0355,0.00,0.3402,0.0003,0.2141,0.0852
1.520,moving,0.00706,0.12588,0.94146,0.02787,-0.15502,0.02199,0.00703,0.13042,0.68148,0.02763,-0.15460,0.02198,0.00702,0.13055,0.73056,0.02757,-0.15460,0.02198,0.0000,0.0000,-0.0000,0.0000,-0.0000,0.3959,-0.0801,-0.0355,0.00,0.3379,0.0003,0.2113,0.0852
1.540,moving,0.00706,0.12588,0.94146,0.02787,-0.15502,0.02199,0.00703,0.13042,0.68148,0.02763,-0.15460,0.02198,0.00702,0.13044,0.74081,0.02760,-0.15461,0.02198,0.0000,0.0000,-0.0000,0.0000,-0.0000,0.3959,-0.0801,-0.0355,0.00,0.3354,0.0003,0.2083,0.0852
1.560,moving,0.00706,0.12588,0.94146,0.02787,-0.15502,0.02199,0.00703,0.13042,0.68148,0.02763,-0.15460,0.02198,0.00703,0.13035,0.75805,0.02763,-0.15461,0.02198,0.0000,0.0000,-0.0000,0.0000,-0.0000,0.3959,-0.0801,-0.0355,0.00,0.3311,0.0003,0.2032,0.0852
1.580,moving,0.00706,0.12588,0.94146,0.02787,-0.15502,0.02199,0.00703,0.13042,0.68148,0.02763,-0.15460,0.02198,0.00703,0.13033,0.77997,0.02763,-0.15462,0.02198,0.0000,0.0000,-0.0000,0.0000,-0.0000,0.3959,-0.0801,-0.0355,0.00,0.3254,0.0002,0.1967,0.0852
1.600,moving,0.00706,0.12588,0.94146,0.02787,-0.15502,0.02199,0.00703,0.13033,0.77997,0.02763,-0.15462,0.02198,0.00702,0.13040,0.79799,0.02760,-0.15462,0.02198,0.0000,0.0000,-0.0000,0.0000,-0.0000,0.3959,-0.0801,-0.0355,0.00,0.3207,0.0002,0.1915,0.0852
1.620,moving,0.00706,0.12588,0.94146,0.02787,-0.15502,0.02199,0.00703,0.13033,0.77997,0.02763,-0.15462,0.02198,0.00702,0.13045,0.80686,0.02756,-0.15462,0.02198,0.0000,0.0000,-0.0000,0.0000,-0.0000,0.3959,-0.0801,-0.0355,0.00,0.3184,0.0002,0.1890,0.0852
1.640,moving,0.00706,0.12588,0.94146,0.02787,-0.15502,0.02199,0.00703,0.13033,0.77997,0.02763,-0.15462,0.02198,0.00702,0.13035,0.81724,0.02760,-0.15463,0.02198,0.0000,0.0000,-0.0000,0.0000,-0.0000,0.3960,-0.0801,-0.0355,0.00,0.3156,0.0002,0.1861,0.0852
1.660,moving,0.00706,0.12588,0.94146,0.02787,-0.15502,0.02199,0.00703,0.13033,0.77997,0.02763,-0.15462,0.02198,0.00703,0.13027,0.83461,0.02763,-0.15463,0.02198,0.0000,0.0000,-0.0000,0.0000,-0.0000,0.3960,-0.0801,-0.0355,0.00,0.3108,0.0001,0.1813,0.0852
1.680,moving,0.00706,0.12588,0.94146,0.02787,-0.15502,0.02199,0.00703,0.13033,0.77997,0.02763,-0.15462,0.02198,0.00703,0.13025,0.85663,0.02763,-0.15464,0.02198,0.0000,0.0000,-0.0000,0.0000,-0.0000,0.3959,-0.0801,-0.0355,0.00,0.3047,0.0001,0.1753,0.0852
1.700,moving,0.00706,0.12588,0.94146,0.02787,-0.15502,0.02199,0.00703,0.13033,0.77997,0.02763,-0.15462,0.02198,0.00702,0.13031,0.87458,0.02759,-0.15464,0.02198,0.0000,0.0000,-0.0000,0.0000,-0.0000,0.3959,-0.0801,-0.0355,0.00,0.2996,0.0001,0.1705,0.0852
1.720,moving,0.00706,0.12588,0.94146,0.02787,-0.15502,0.02199,0.00702,0.13031,0.87458,0.02759,-0.15464,0.02198,0.00702,0.13036,0.88304,0.02756,-0.15464,0.02198,0.0000,0.0000,-0.0000,0.0000,-0.0000,0.3960,-0.0801,-0.0355,0.00,0.2972,0.0000,0.1682,0.0852
1.740,moving,0.00706,0.12588,0.94146,0.02787,-0.15502,0.02199,0.00702,0.13031,0.87458,0.02759,-0.15464,0.02198,0.00702,0.13026,0.89358,0.02760,-0.15465,0.02198,0.0000,0.0000,-0.0000,0.0000,-0.0000,0.3960,-0.0801,-0.0355,0.00,0.2941,0.0000,0.1655,0.0852
1.760,moving,0.00706,0.12588,0.94146,0.02787,-0.15502,0.02199,0.00702,0.13031,0.87458,0.02759,-0.15464,0.02198,0.00703,0.13019,0.91108,0.02763,-0.15466,0.02198,0.0000,0.0000,-0.0000,0.0000,-0.0000,0.3959,-0.0801,-0.0355,0.00,0.2890,-0.0000,0.1610,0.0852
1.780,moving,0.00706,0.12588,0.94146,0.02787,-0.15502,0.02199,0.00702,0.13031,0.87458,0.02759,-0.15464,0.02198,0.00702,0.13022,0.92993,0.02760,-0.15466,0.02198,0.0000,0.0000,-0.0000,0.0000,-0.0000,0.3959,-0.0801,-0.0355,0.00,0.2834,-0.0001,0.1563,0.0852
1.800,moving,0.00706,0.12588,0.94146,0.02787,-0.15502,0.02199,0.00702,0.13031,0.87458,0.02759,-0.15464,0.02198,0.00702,0.13028,0.94016,0.02756,-0.15466,0.02198,0.0000,0.0000,-0.0000,0.0000,-0.0000,0.3959,-0.0801,-0.0355,0.00,0.2803,-0.0001,0.1538,0.0852
1.820,moving,0.00706,0.12588,0.94146,0.02787,-0.15502,0.02199,0.00702,0.13031,0.87458,0.02759,-0.15464,0.02198,0.00702,0.13023,0.94590,0.02758,-0.15467,0.02198,0.0000,0.0000,-0.0000,0.0000,-0.0000,0.3960,-0.0801,-0.0355,0.00,0.2785,-0.0001,0.1524,0.0852
1.840,moving,0.00706,0.12588,0.94146,0.02787,-0.15502,0.02199,0.00702,0.13023,0.94590,0.02758,-0.15467,0.02198,0.00702,0.13025,0.95150,0.02755,-0.15467,0.02198,0.0000,0.0000,-0.0000,0.0000,-0.0000,0.3960,-0.0801,-0.0355,0.00,0.2768,-0.0001,0.1510,0.0851
1.860,moving,0.00706,0.12588,0.94146,0.02787,-0.15502,0.02199,0.00702,0.13023,0.94590,0.02758,-0.15467,0.02198,0.00702,0.13026,0.95183,0.02755,-0.15467,0.02198,0.0000,0.0000,-0.0000,0.0000,-0.0000,0.3960,-0.0801,-0.0355,0.00,0.2767,-0.0001,0.1509,0.0852
1.880,moving,0.00706,0.12588,0.94146,0.02787,-0.15502,0.02199,0.00702,0.13023,0.94590,0.02758,-0.15467,0.02198,0.00702,0.13023,0.95029,0.02754,-0.15468,0.02198,0.0000,0.0000,-0.0000,0.0000,-0.0000,0.3960,-0.0801,-0.0355,0.00,0.2772,-0.0001,0.1513,0.0851
1.900,moving,0.00706,0.12588,0.94146,0.02787,-0.15502,0.02199,0.00702,0.13023,0.94590,0.02758,-0.15467,0.02198,0.00702,0.13020,0.94899,0.02756,-0.15468,0.02198,0.0000,0.0000,-0.0000,0.0000,-0.0000,0.3960,-0.0801,-0.0355,0.00,0.2776,-0.0001,0.1516,0.0851
1.920,moving,0.00706,0.12588,0.94146,0.02787,-0.15502,0.02199,0.00702,0.13023,0.94590,0.02758,-0.15467,0.02198,0.00702,0.13018,0.94794,0.02757,-0.15468,0.02198,0.0000,0.0000,-0.0000,0.0000,-0.0000,0.3960,-0.0801,-0.0355,0.00,0.2779,-0.0001,0.1519,0.0851
1.940,moving,0.00706,0.12588,0.94146,0.02787,-0.15502,0.02199,0.00702,0.13023,0.94590,0.02758,-0.15467,0.02198,0.00702,0.13017,0.94708,0.02758,-0.15469,0.02198,0.0000,0.0000,-0.0000,0.0000,-0.0000,0.3960,-0.0801,-0.0355,0.00,0.2782,-0.0001,0.1521,0.0851
1.960,moving,0.00706,0.12588,0.94146,0.02787,-0.15502,0.02199,0.00702,0.13017,0.94708,0.02758,-0.15469,0.02198,0.00702,0.13016,0.94637,0.02758,-0.15469,0.02198,0.0000,0.0000,-0.0000,0.0000,-0.0000,0.3960,-0.0801,-0.0355,0.00,0.2784,-0.0001,0.1523,0.0852
1.980,moving,0.00706,0.12588,0.94146,0.02787,-0.15502,0.02199,0.00702,0.13017,0.94708,0.02758,-0.15469,0.02198,0.00702,0.13015,0.94580,0.02758,-0.15469,0.02198,0.0000,0.0000,-0.0000,0.0000,-0.0000,0.3959,-0.0801,-0.0355,0.00,0.2786,-0.0001,0.1524,0.0852
2.000,moving,0.00706,0.12588,0.94146,0.02787,-0.15502,0.02199,0.00702,0.13017,0.94708,0.02758,-0.15469,0.02198,0.00702,0.13014,0.94533,0.02759,-0.15469,0.02198,0.0000,0.0000,-0.0000,0.0000,-0.0000,0.3959,-0.0801,-0.0355,0.00,0.2787,-0.0001,0.1525,0.0852
2.020,moving,0.00706,0.12588,0.94146,0.02787,-0.15502,0.02199,0.00702,0.13017,0.94708,0.02758,-0.15469,0.02198,0.00702,0.13014,0.94494,0.02759,-0.15469,0.02198,0.0000,0.0000,-0.0000,0.0000,-0.0000,0.3959,-0.0801,-0.0355,0.00,0.2788,-0.0001,0.1526,0.0852
2.040,moving,0.00706,0.12588,0.94146,0.02787,-0.15502,0.02199,0.00702,0.13017,0.94708,0.02758,-0.15469,0.02198,0.00702,0.13014,0.94463,0.02759,-0.15469,0.02198,0.0000,0.0000,-0.0000,0.0000,-0.0000,0.3959,-0.0801,-0.0355,0.00,0.2789,-0.0001,0.1527,0.0852
2.060,moving,0.00706,0.12588,0.94146,0.02787,-0.15502,0.02199,0.00702,0.13017,0.94708,0.02758,-0.15469,0.02198,0.00702,0.13014,0.94437,0.02759,-0.15469,0.02198,0.0000,0.0000,-0.0000,0.0000,-0.0000,0.3959,-0.0801,-0.0355,0.00,0.2790,-0.0001,0.1528,0.0852
2.080,moving,0.00706,0.12588,0.94146,0.02787,-0.15502,0.02199,0.00702,0.13014,0.94437,0.02759,-0.15469,0.02198,0.00702,0.13014,0.94416,0.02759,-0.15469,0.02198,0.0000,0.0000,-0.0000,0.0000,-0.0000,0.3959,-0.0801,-0.0355,0.00,0.2791,-0.0001,0.1528,0.0852
2.100,moving,0.00706,0.12588,0.94146,0.02787,-0.15502,0.02199,0.00702,0.13014,0.94437,0.02759,-0.15469,0.02198,0.00702,0.13013,0.94399,0.02759,-0.15469,0.02198,0.0000,0.0000,-0.0000,0.0000,-0.0000,0.3959,-0.0801,-0.0355,0.00,0.2791,-0.0001,0.1529,0.0852
2.120,moving,0.00706,0.12588,0.94146,0.02787,-0.15502,0.02199,0.00702,0.13014,0.94437,0.02759,-0.15469,0.02198,0.00702,0.13013,0.94385,0.02759,-0.15469,0.02197,0.0000,0.0000,-0.0000,0.0000,-0.0000,0.3959,-0.0801,-0.0355,0.00,0.2792,-0.0001,0.1529,0.0852
2.140,moving,0.00706,0.12588,0.94146,0.02787,-0.15502,0.02199,0.00702,0.13014,0.94437,0.02759,-0.15469,0.02198,0.00702,0.13013,0.94374,0.02759,-0.15469,0.02197,0.0000,0.0000,-0.0000,0.0000,-0.0000,0.3959,-0.0801,-0.0355,0.00,0.2792,-0.0001,0.1529,0.0852
2.160,moving,0.00706,0.12588,0.94146,0.02787,-0.15502,0.02199,0.00702,0.13014,0.94437,0.02759,-0.15469,0.02198,0.00702,0.13013,0.94365,0.02759,-0.15469,0.02197,0.0000,0.0000,-0.0000,0.0000,-0.0000,0.3959,-0.0801,-0.0355,0.00,0.2792,-0.0001,0.1529,0.0852
2.180,detect,0.00706,0.12588,0.94146,0.02787,-0.15502,0.02199,0.00702,0.13014,0.94437,0.02759,-0.15469,0.02198,0.00702,0.13013,0.94358,0.02759,-0.15469,0.02197,0.0000,0.0000,-0.0000,0.0000,-0.0000,0.3959,-0.0801,-0.0355,0.00,0.2793,-0.0001,0.1530,0.0852
2.200,detect,0.00706,0.12588,0.94146,0.02787,-0.15502,0.02199,0.00702,0.13013,0.94358,0.02759,-0.15469,0.02197,0.00702,0.13012,0.94352,0.02759,-0.15469,0.02197,0.0000,0.0000,-0.0000,0.0000,-0.0000,0.3960,-0.0801,-0.0355,0.00,0.2793,-0.0001,0.1530,0.0852
2.220,detect,0.00706,0.12588,0.94146,0.02787,-0.15502,0.02199,0.00702,0.13013,0.94358,0.02759,-0.15469,0.02197,0.00702,0.13012,0.94347,0.02759,-0.15469,0.02197,0.0000,0.0000,-0.0000,0.0000,-0.0000,0.3960,-0.0801,-0.0355,0.00,0.2793,-0.0001,0.1530,0.0852
2.240,detect,0.00706,0.12588,0.94146,0.02787,-0.15502,0.02199,0.00702,0.13013,0.94358,0.02759,-0.15469,0.02197,0.00702,0.13012,0.94343,0.02759,-0.15469,0.02197,0.0000,0.0000,-0.0000,0.0000,-0.0000,0.3960,-0.0801,-0.0355,0.00,0.2793,-0.0001,0.1530,0.0852
2.260,detect,0.00706,0.12588,0.94146,0.02787,-0.15502,0.02199,0.00702,0.13013,0.94358,0.02759,-0.15469,0.02197,0.00702,0.13012,0.94339,0.02760,-0.15469,0.02198,0.0000,0.0000,-0.0000,0.0000,-0.0000,0.3960,-0.0801,-0.0355,0.00,0.2793,-0.0001,0.1530,0.0852
2.280,detect,0.00706,0.12588,0.94146,0.02787,-0.15502,0.02199,0.00702,0.13013,0.94358,0.02759,-0.15469,0.02197,0.00702,0.13012,0.94337,0.02760,-0.15469,0.02198,0.0000,0.0000,-0.0000,0.0000,-0.0000,0.3960,-0.0801,-0.0355,0.00,0.2793,-0.0001,0.1530,0.0852
2.300,detect,0.00706,0.12588,0.94146,0.02787,-0.15502,0.02199,0.00702,0.13013,0.94358,0.02759,-0.15469,0.02197,0.00702,0.13012,0.94335,0.02760,-0.15469,0.02198,0.0000,0.0000,-0.0000,0.0000,-0.0000,0.3959,-0.0801,-0.0355,0.00,0.2793,-0.0001,0.1530,0.0852
2.320,detect,0.00706,0.12588,0.94146,0.02787,-0.15502,0.02199,0.00702,0.13012,0.94335,0.02760,-0.15469,0.02198,0.00702,0.13012,0.94333,0.02760,-0.15469,0.02198,0.0000,0.0000,-0.0000,0.0000,-0.0000,0.3959,-0.0801,-0.0355,0.00,0.2793,-0.0001,0.1530,0.0852
2.340,detect,0.00706,0.12588,0.94146,0.02787,-0.15502,0.02199,0.00702,0.13012,0.94335,0.02760,-0.15469,0.02198,0.00702,0.13012,0.94331,0.02760,-0.15469,0.02198,0.0000,0.0000,-0.0000,0.0000,-0.0000,0.3959,-0.0801,-0.0355,0.00,0.2793,-0.0001,0.1530,0.0852
2.360,detect,0.00706,0.12588,0.94146,0.02787,-0.15502,0.02199,0.00702,0.13012,0.94335,0.02760,-0.15469,0.02198,0.00702,0.13012,0.94330,0.02760,-0.15469,0.02198,0.0000,0.0000,-0.0000,0.0000,-0.0000,0.3959,-0.0801,-0.0355,0.00,0.2793,-0.0001,0.1530,0.0852
2.380,detect,0.00706,0.12588,0.94146,0.02787,-0.15502,0.02199,0.00702,0.13012,0.94335,0.02760,-0.15469,0.02198,0.00702,0.13012,0.94329,0.02760,-0.15469,0.02198,0.0000,0.0000,-0.0000,0.0000,-0.0000,0.3959,-0.0801,-0.0355,0.00,0.2793,-0.0001,0.1530,0.0852
2.400,detect,0.00706,0.12588,0.94146,0.02787,-0.15502,0.02199,0.00702,0.13012,0.94335,0.02760,-0.15469,0.02198,0.00702,0.13012,0.94328,0.02760,-0.15469,0.02198,0.0000,0.0000,-0.0000,0.0000,-0.0000,0.3959,-0.0801,-0.0355,0.00,0.2793,-0.0001,0.1530,0.0852
2.420,detect,0.00706,0.12588,0.94146,0.02787,-0.15502,0.02199,0.00702,0.13012,0.94335,0.02760,-0.15469,0.02198,0.00702,0.13012,0.94327,0.02760,-0.15469,0.02198,0.0000,0.0000,-0.0000,0.0000,-0.0000,0.3959,-0.0801,-0.0355,0.00,0.2793,-0.0001,0.1530,0.0852
2.440,detect,0.00706,0.12588,0.94146,0.02787,-0.15502,0.02199,0.00702,0.13012,0.94327,0.02760,-0.15469,0.02198,0.00702,0.13012,0.94327,0.02760,-0.15469,0.02198,0.0000,0.0000,-0.0000,0.0000,-0.0000,0.3959,-0.0801,-0.0355,0.00,0.2793,-0.0001,0.1530,0.0852
2.460,detect,0.00706,0.12588,0.94146,0.02787,-0.15502,0.02199,0.00702,0.13012,0.94327,0.02760,-0.15469,0.02198,0.00702,0.13012,0.94326,0.02760,-0.15469,0.02198,0.0000,0.0000,-0.0000,0.0000,-0.0000,0.3959,-0.0801,-0.0355,0.00,0.2794,-0.0001,0.1530,0.0852
2.480,detect,0.00706,0.12588,0.94146,0.02787,-0.15502,0.02199,0.00702,0.13012,0.94327,0.02760,-0.15469,0.02198,0.00702,0.13012,0.94326,0.02760,-0.15469,0.02198,0.0000,0.0000,-0.0000,0.0000,-0.0000,0.3959,-0.0801,-0.0355,0.00,0.2794,-0.0001,0.1530,0.0852
2.500,detect,0.00706,0.12588,0.94146,0.02787,-0.15502,0.02199,0.00702,0.13012,0.94327,0.02760,-0.15469,0.02198,0.00702,0.13012,0.94326,0.02760,-0.15469,0.02198,0.0000,0.0000,-0.0000,0.0000,-0.0000,0.3959,-0.0801,-0.0355,0.00,0.2794,-0.0001,0.1530,0.0852
2.520,detect,0.00706,0.12588,0.94146,0.02787,-0.15502,0.02199,0.00702,0.13012,0.94327,0.02760,-0.15469,0.02198,0.00702,0.13012,0.94325,0.02760,-0.15469,0.02198,0.0000,0.0000,-0.0000,0.0000,-0.0000,0.3959,-0.0801,-0.0355,0.00,0.2794,-0.0001,0.1530,0.0852
2.540,detect,0.00706,0.12588,0.94146,0.02787,-0.15502,0.02199,0.00702,0.13012,0.94327,0.02760,-0.15469,0.02198,0.00702,0.13012,0.94325,0.02760,-0.15469,0.02197,0.0000,0.0000,-0.0000,0.0000,-0.0000,0.3959,-0.0801,-0.0355,0.00,0.2794,-0.0001,0.1530,0.0852
2.560,detect,0.00706,0.12588,0.94146,0.02787,-0.15502,0.02199,0.00702,0.13012,0.94325,0.02760,-0.15469,0.02197,0.00702,0.13012,0.94325,0.02760,-0.15469,0.02197,0.0000,0.0000,-0.0000,0.0000,-0.0000,0.3959,-0.0801,-0.0355,0.00,0.2794,-0.0001,0.1530,0.0852
2.580,detect,0.00706,0.12588,0.94146,0.02787,-0.15502,0.02199,0.00702,0.13012,0.94325,0.02760,-0.15469,0.02197,0.00702,0.13012,0.94325,0.02760,-0.15469,0.02197,0.0000,0.0000,-0.0000,0.0000,-0.0000,0.3959,-0.0801,-0.0355,0.00,0.2794,-0.0001,0.1530,0.0852
2.600,detect,0.00706,0.12588,0.94146,0.02787,-0.15502,0.02199,0.00702,0.13012,0.94325,0.02760,-0.15469,0.02197,0.00702,0.13012,0.94325,0.02760,-0.15469,0.02197,0.0000,0.0000,-0.0000,0.0000,-0.0000,0.3959,-0.0801,-0.0355,0.00,0.2794,-0.0001,0.1530,0.0852
2.620,detect,0.00706,0.12588,0.94146,0.02787,-0.15502,0.02199,0.00702,0.13012,0.94325,0.02760,-0.15469,0.02197,0.00702,0.13012,0.94325,0.02760,-0.15469,0.02198,0.0000,0.0000,-0.0000,0.0000,-0.0000,0.3959,-0.0801,-0.0355,0.00,0.2794,-0.0001,0.1530,0.0852
2.640,detect,0.00706,0.12588,0.94146,0.02787,-0.15502,0.02199,0.00702,0.13012,0.94325,0.02760,-0.15469,0.02197,0.00702,0.13012,0.94325,0.02760,-0.15469,0.02198,0.0000,0.0000,-0.0000,0.0000,-0.0000,0.3959,-0.0801,-0.0355,0.00,0.2794,-0.0001,0.1530,0.0852
2.660,detect,0.00706,0.12588,0.94146,0.02787,-0.15502,0.02199,0.00702,0.13012,0.94325,0.02760,-0.15469,0.02197,0.00702,0.13012,0.94325,0.02760,-0.15469,0.02198,0.0000,0.0000,-0.0000,0.0000,-0.0000,0.3959,-0.0801,-0.0355,0.00,0.2794,-0.0001,0.1530,0.0852
2.680,detect,0.00706,0.12588,0.94146,0.02787,-0.15502,0.02199,0.00702,0.13012,0.94325,0.02760,-0.15469,0.02198,0.00702,0.13012,0.94325,0.02760,-0.15469,0.02198,0.0000,0.0000,-0.0000,0.0000,-0.0000,0.3959,-0.0801,-0.0355,0.00,0.2794,-0.0001,0.1530,0.0852
2.700,detect,0.00706,0.12588,0.94146,0.02787,-0.15502,0.02199,0.00702,0.13012,0.94325,0.02760,-0.15469,0.02198,0.00702,0.13012,0.94325,0.02760,-0.15469,0.02198,0.0000,0.0000,-0.0000,0.0000,-0.0000,0.3959,-0.0801,-0.0355,0.00,0.2794,-0.0001,0.1530,0.0852
2.720,detect,0.00706,0.12588,0.94146,0.02787,-0.15502,0.02199,0.00702,0.13012,0.94325,0.02760,-0.15469,0.02198,0.00702,0.13012,0.94325,0.02760,-0.15469,0.02198,0.0000,0.0000,-0.0000,0.0000,-0.0000,0.3959,-0.0801,-0.0355,0.00,0.2794,-0.0001,0.1531,0.0852
2.740,detect,0.00706,0.12588,0.94146,0.02787,-0.15502,0.02199,0.00702,0.13012,0.94325,0.02760,-0.15469,0.02198,0.00702,0.13012,0.94325,0.02760,-0.15469,0.02198,0.0000,0.0000,-0.0000,0.0000,-0.0000,0.3959,-0.0801,-0.0355,0.00,0.2794,-0.0001,0.1531,0.0852
2.760,detect,0.00706,0.12588,0.94146,0.02787,-0.15502,0.02199,0.00702,0.13012,0.94325,0.02760,-0.15469,0.02198,0.00702,0.13012,0.94325,0.02760,-0.15469,0.02198,0.0000,0.0000,-0.0000,0.0000,-0.0000,0.3959,-0.0801,-0.0355,0.00,0.2794,-0.0001,0.1531,0.0852
2.780,detect,0.00706,0.12588,0.94146,0.02787,-0.15502,0.02199,0.00702,0.13012,0.94325,0.02760,-0.15469,0.02198,0.00702,0.13012,0.94325,0.02760,-0.15469,0.02198,0.0000,0.0000,-0.0000,0.0000,-0.0000,0.3959,-0.0801,-0.0355,0.00,0.2794,-0.0001,0.1531,0.0852
2.800,detect,0.00706,0.12588,0.94146,0.02787,-0.15502,0.02199,0.00702,0.13012,0.94325,0.02760,-0.15469,0.02198,0.00702,0.13012,0.94324,0.02760,-0.15469,0.02198,0.0000,0.0000,-0.0000,0.0000,-0.0000,0.3959,-0.0801,-0.0355,0.00,0.2794,-0.0001,0.1531,0.0852
2.820,detect,0.00706,0.12588,0.94146,0.02787,-0.15502,0.02199,0.00702,0.13012,0.94325,0.02760,-0.15469,0.02198,0.00702,0.13012,0.94324,0.02760,-0.15469,0.02198,0.0000,0.0000,-0.0000,0.0000,-0.0000,0.3959,-0.0801,-0.0355,0.00,0.2794,-0.0001,0.1531,0.0852
2.840,detect,0.00706,0.12588,0.94146,0.02787,-0.15502,0.02199,0.00702,0.13012,0.94325,0.02760,-0.15469,0.02198,0.00702,0.13012,0.94325,0.02760,-0.15469,0.02198,0.0000,0.0000,-0.0000,0.0000,-0.0000,0.3959,-0.0801,-0.0355,0.00,0.2794,-0.0001,0.1531,0.0852
2.860,detect,0.00706,0.12588,0.94146,0.02787,-0.15502,0.02199,0.00702,0.13012,0.94325,0.02760,-0.15469,0.02198,0.00702,0.13012,0.94325,0.02760,-0.15469,0.02198,0.0000,0.0000,-0.0000,0.0000,-0.0000,0.3959,-0.0801,-0.0355,0.00,0.2794,-0.0001,0.1531,0.0852
2.880,detect,0.00706,0.12588,0.94146,0.02787,-0.15502,0.02199,0.00702,0.13012,0.94325,0.02760,-0.15469,0.02198,0.00702,0.13012,0.94325,0.02760,-0.15469,0.02198,0.0000,0.0000,-0.0000,0.0000,-0.0000,0.3959,-0.0801,-0.0355,0.00,0.2794,-0.0001,0.1531,0.0852
2.900,detect,0.00706,0.12588,0.94146,0.02787,-0.15502,0.02199,0.00702,0.13012,0.94325,0.02760,-0.15469,0.02198,0.00702,0.13012,0.94325,0.02760,-0.15469,0.02198,0.0000,0.0000,-0.0000,0.0000,-0.0000,0.3959,-0.0801,-0.0355,0.00,0.2794,-0.0001,0.1531,0.0852
2.920,detect,0.00706,0.12588,0.94146,0.02787,-0.15502,0.02199,0.00702,0.13012,0.94325,0.02760,-0.15469,0.02198,0.00702,0.13012,0.94325,0.02760,-0.15469,0.02198,0.0000,0.0000,-0.0000,0.0000,-0.0000,0.3959,-0.0801,-0.0355,0.00,0.2794,-0.0001,0.1531,0.0852
2.940,detect,0.00706,0.12588,0.94146,0.02787,-0.15502,0.02199,0.00702,0.13012,0.94325,0.02760,-0.15469,0.02198,0.00702,0.13012,0.94325,0.02760,-0.15469,0.02198,0.0000,0.0000,-0.0000,0.0000,-0.0000,0.3959,-0.0801,-0.0355,0.00,0.2794,-0.0001,0.1531,0.0852
2.960,detect,0.00706,0.12588,0.94146,0.02787,-0.15502,0.02199,0.00702,0.13012,0.94325,0.02760,-0.15469,0.02198,0.00702,0.13012,0.94325,0.02760,-0.15469,0.02198,0.0000,0.0000,-0.0000,0.0000,-0.0000,0.3959,-0.0801,-0.0355,0.00,0.2794,-0.0001,0.1531,0.0852
2.980,detect,0.00706,0.12588,0.94146,0.02787,-0.15502,0.02199,0.00702,0.13012,0.94325,0.02760,-0.15469,0.02198,0.00702,0.13012,0.94325,0.02760,-0.15469,0.02198,0.0000,0.0000,-0.0000,0.0000,-0.0000,0.3959,-0.0801,-0.0355,0.00,0.2794,-0.0001,0.1531,0.0852
3.000,detect,0.00706,0.12588,0.94146,0.02787,-0.15502,0.02199,0.00702,0.13012,0.94325,0.02760,-0.15469,0.02198,0.00702,0.13012,0.94325,0.02760,-0.15469,0.02198,0.0000,0.0000,-0.0000,0.0000,-0.0000,0.3959,-0.0801,-0.0355,0.00,0.2794,-0.0001,0.1531,0.0852
3.020,detect,0.00706,0.12588,0.94146,0.02787,-0.15502,0.02199,0.00702,0.13012,0.94325,0.02760,-0.15469,0.02198,0.00702,0.13012,0.94325,0.02760,-0.15469,0.02198,0.0000,0.0000,-0.0000,0.0000,-0.0000,0.3959,-0.0801,-0.0355,0.00,0.2794,-0.0001,0.1531,0.0852
3.040,detect,0.00706,0.12588,0.94146,0.02787,-0.15502,0.02199,0.00702,0.13012,0.94325,0.02760,-0.15469,0.02198,0.00702,0.13012,0.94325,0.02760,-0.15469,0.02198,0.0000,0.0000,-0.0000,0.0000,-0.0000,0.3959,-0.0801,-0.0355,0.00,0.2794,-0.0001,0.1531,0.0852
3.060,detect,0.00706,0.12588,0.94146,0.02787,-0.15502,0.02199,0.00702,0.13012,0.94325,0.02760,-0.15469,0.02198,0.00702,0.13012,0.94324,0.02760,-0.15469,0.02198,0.0000,0.0000,-0.0000,0.0000,-0.0000,0.3959,-0.0801,-0.0355,0.00,0.2794,-0.0001,0.1531,0.0852
3.080,detect,0.00706,0.12588,0.94146,0.02787,-0.15502,0.02199,0.00702,0.13012,0.94325,0.02760,-0.15469,0.02198,0.00702,0.13012,0.94324,0.02760,-0.15469,0.02198,0.0000,0.0000,-0.0000,0.0000,-0.0000,0.3959,-0.0801,-0.0355,0.00,0.2794,-0.0001,0.1531,0.0852
3.100,detect,0.00706,0.12588,0.94146,0.02787,-0.15502,0.02199,0.00702,0.13012,0.94325,0.02760,-0.15469,0.02198,0.00702,0.13012,0.94324,0.02760,-0.15469,0.02198,0.0000,0.0000,-0.0000,0.0000,-0.0000,0.3959,-0.0801,-0.0355,0.00,0.2794,-0.0001,0.1531,0.0852
3.120,detect,0.00706,0.12588,0.94146,0.02787,-0.15502,0.02199,0.00702,0.13012,0.94325,0.02760,-0.15469,0.02198,0.00702,0.13012,0.94324,0.02760,-0.15469,0.02198,0.0000,0.0000,-0.0000,0.0000,-0.0000,0.3959,-0.0801,-0.0355,0.00,0.2794,-0.0001,0.1531,0.0852
3.140,detect,0.00706,0.12588,0.94146,0.02787,-0.15502,0.02199,0.00702,0.13012,0.94325,0.02760,-0.15469,0.02198,0.00702,0.13012,0.94324,0.02760,-0.15469,0.02198,0.0000,0.0000,-0.0000,0.0000,-0.0000,0.3959,-0.0801,-0.0355,0.00,0.2794,-0.0001,0.1531,0.0852
3.160,detect,0.00706,0.12588,0.94146,0.02787,-0.15502,0.02199,0.00702,0.13012,0.94324,0.02760,-0.15469,0.02198,0.00702,0.13012,0.94324,0.02760,-0.15469,0.02198,0.0000,0.0000,-0.0000,0.0000,-0.0000,0.3959,-0.0801,-0.0355,0.00,0.2794,-0.0001,0.1531,0.0852
3.180,detect,0.00706,0.12588,0.94146,0.02787,-0.15502,0.02199,0.00702,0.13012,0.94324,0.02760,-0.15469,0.02198,0.00702,0.13012,0.94324,0.02760,-0.15469,0.02198,0.0000,0.0000,-0.0000,0.0000,-0.0000,0.3959,-0.0801,-0.0355,0.00,0.2794,-0.0001,0.1531,0.0852
3.200,detect,0.00706,0.12588,0.94146,0.02787,-0.15502,0.02199,0.00702,0.13012,0.94324,0.02760,-0.15469,0.02198,0.00702,0.13012,0.94324,0.02760,-0.15469,0.02198,0.0000,0.0000,-0.0000,0.0000,-0.0000,0.3959,-0.0801,-0.0355,0.00,0.2794,-0.0001,0.1531,0.0852
3.220,detect,0.00706,0.12588,0.94146,0.02787,-0.15502,0.02199,0.00702,0.13012,0.94324,0.02760,-0.15469,0.02198,0.00702,0.13012,0.94324,0.02760,-0.15469,0.02198,0.0000,0.0000,-0.0000,0.0000,-0.0000,0.3959,-0.0801,-0.0355,0.00,0.2794,-0.0001,0.1531,0.0852
3.240,detect,0.00706,0.12588,0.94146,0.02787,-0.15502,0.02199,0.00702,0.13012,0.94324,0.02760,-0.15469,0.02198,0.00702,0.13012,0.94324,0.02760,-0.15469,0.02198,0.0000,0.0000,-0.0000,0.0000,-0.0000,0.3959,-0.0801,-0.0355,0.00,0.2794,-0.0001,0.1531,0.0852
3.260,detect,0.00706,0.12588,0.94146,0.02787,-0.15502,0.02199,0.00702,0.13012,0.94324,0.02760,-0.15469,0.02198,0.00702,0.13012,0.94324,0.02760,-0.15469,0.02198,0.0000,0.0000,-0.0000,0.0000,-0.0000,0.3959,-0.0801,-0.0355,0.00,0.2794,-0.0001,0.1531,0.0852
3.280,detect,0.00706,0.12588,0.94146,0.02787,-0.15502,0.02199,0.00702,0.13012,0.94324,0.02760,-0.15469,0.02198,0.00702,0.13012,0.94324,0.02760,-0.15469,0.02198,0.0000,0.0000,-0.0000,0.0000,-0.0000,0.3959,-0.0801,-0.0355,0.00,0.2794,-0.0001,0.1531,0.0852
3.300,detect,0.00706,0.12588,0.94146,0.02787,-0.15502,0.02199,0.00702,0.13012,0.94324,0.02760,-0.15469,0.02198,0.00702,0.13012,0.94325,0.02760,-0.15469,0.02197,0.0000,0.0000,-0.0000,0.0000,-0.0000,0.3959,-0.0801,-0.0355,0.00,0.2794,-0.0001,0.1531,0.0852
3.320,detect,0.00706,0.12588,0.94146,0.02787,-0.15502,0.02199,0.00702,0.13012,0.94324,0.02760,-0.15469,0.02198,0.00702,0.13012,0.94325,0.02760,-0.15469,0.02197,0.0000,0.0000,-0.0000,0.0000,-0.0000,0.3959,-0.0801,-0.0355,0.00,0.2794,-0.0001,0.1531,0.0852
3.340,detect,0.00706,0.12588,0.94146,0.02787,-0.15502,0.02199,0.00702,0.13012,0.94324,0.02760,-0.15469,0.02198,0.00702,0.13012,0.94325,0.02760,-0.15469,0.02198,0.0000,0.0000,-0.0000,0.0000,-0.0000,0.3959,-0.0801,-0.0355,0.00,0.2794,-0.0001,0.1531,0.0852
3.360,detect,0.00706,0.12588,0.94146,0.02787,-0.15502,0.02199,0.00702,0.13012,0.94324,0.02760,-0.15469,0.02198,0.00702,0.13012,0.94325,0.02760,-0.15469,0.02198,0.0000,0.0000,-0.0000,0.0000,-0.0000,0.3959,-0.0801,-0.0355,0.00,0.2794,-0.0001,0.1531,0.0852
3.380,detect,0.00706,0.12588,0.94146,0.02787,-0.15502,0.02199,0.00702,0.13012,0.94324,0.02760,-0.15469,0.02198,0.00702,0.13012,0.94324,0.02760,-0.15469,0.02198,0.0000,0.0000,-0.0000,0.0000,-0.0000,0.3959,-0.0801,-0.0355,0.00,0.2794,-0.0001,0.1531,0.0852
3.400,detect,0.00706,0.12588,0.94146,0.02787,-0.15502,0.02199,0.00702,0.13012,0.94324,0.02760,-0.15469,0.02198,0.00702,0.13012,0.94324,0.02760,-0.15469,0.02198,0.0000,0.0000,-0.0000,0.0000,-0.0000,0.3959,-0.0801,-0.0355,0.00,0.2794,-0.0001,0.1531,0.0852
3.420,detect,0.00706,0.12588,0.94146,0.02787,-0.15502,0.02199,0.00702,0.13012,0.94324,0.02760,-0.15469,0.02198,0.00702,0.13012,0.94324,0.02760,-0.15469,0.02198,0.0000,0.0000,-0.0000,0.0000,-0.0000,0.3959,-0.0801,-0.0355,0.00,0.2794,-0.0001,0.1531,0.0852
3.440,detect,0.00706,0.12588,0.94146,0.02787,-0.15502,0.02199,0.00702,0.13012,0.94324,0.02760,-0.15469,0.02198,0.00702,0.13012,0.94324,0.02760,-0.15469,0.02198,0.0000,0.0000,-0.0000,0.0000,-0.0000,0.3959,-0.0801,-0.0355,0.00,0.2794,-0.0001,0.1531,0.0852
3.460,detect,0.00706,0.12588,0.94146,0.02787,-0.15502,0.02199,0.00702,0.13012,0.94324,0.02760,-0.15469,0.02198,0.00702,0.13012,0.94324,0.02760,-0.15469,0.02198,0.0000,0.0000,-0.0000,0.0000,-0.0000,0.3959,-0.0801,-0.0355,0.00,0.2794,-0.0001,0.1531,0.0852
3.480,detect,0.00706,0.12588,0.94146,0.02787,-0.15502,0.02199,0.00702,0.13012,0.94324,0.02760,-0.15469,0.02198,0.00702,0.13012,0.94324,0.02760,-0.15469,0.02198,0.0000,0.0000,-0.0000,0.0000,-0.0000,0.3959,-0.0801,-0.0355,0.00,0.2794,-0.0001,0.1531,0.0852
3.500,detect,0.00706,0.12588,0.94146,0.02787,-0.15502,0.02199,0.00702,0.13012,0.94324,0.02760,-0.15469,0.02198,0.00702,0.13012,0.94324,0.02760,-0.15469,0.02198,0.0000,0.0000,-0.0000,0.0000,-0.0000,0.3959,-0.0801,-0.0355,0.00,0.2794,-0.0001,0.1531,0.0852
3.520,detect,0.00706,0.12588,0.94146,0.02787,-0.15502,0.02199,0.00702,0.13012,0.94324,0.02760,-0.15469,0.02198,0.00702,0.13012,0.94324,0.02760,-0.15469,0.02198,0.0000,0.0000,-0.0000,0.0000,-0.0000,0.3959,-0.0801,-0.0355,0.00,0.2794,-0.0001,0.1531,0.0852
3.540,detect,0.00706,0.12588,0.94146,0.02787,-0.15502,0.02199,0.00702,0.13012,0.94324,0.02760,-0.15469,0.02198,0.00702,0.13012,0.94324,0.02760,-0.15469,0.02198,0.0000,0.0000,-0.0000,0.0000,-0.0000,0.3959,-0.0801,-0.0355,0.00,0.2794,-0.0001,0.1531,0.0852
3.560,detect,0.00706,0.12588,0.94146,0.02787,-0.15502,0.02199,0.00702,0.13012,0.94324,0.02760,-0.15469,0.02198,0.00702,0.13012,0.94324,0.02760,-0.15469,0.02198,0.0000,0.0000,-0.0000,0.0000,-0.0000,0.3959,-0.0801,-0.0355,0.00,0.2794,-0.0001,0.1531,0.0852
3.580,detect,0.00706,0.12588,0.94146,0.02787,-0.15502,0.02199,0.00702,0.13012,0.94324,0.02760,-0.15469,0.02198,0.00702,0.13012,0.94324,0.02760,-0.15469,0.02198,0.0000,0.0000,-0.0000,0.0000,-0.0000,0.3959,-0.0801,-0.0355,0.00,0.2794,-0.0001,0.1531,0.0852
3.600,moving,0.00706,0.12588,0.94146,0.02787,-0.15502,0.02199,0.00702,0.13012,0.94324,0.02760,-0.15469,0.02198,0.00702,0.13012,0.94324,0.02760,-0.15469,0.02198,0.0000,0.0000,-0.0000,0.0000,-0.0000,0.3959,-0.0801,-0.0355,0.00,0.2794,-0.0001,0.1531,0.0852
3.620,moving,0.29554,0.20904,0.84600,-0.37057,-0.15970,-0.36069,0.00702,0.13012,0.94324,0.02760,-0.15469,0.02198,0.00702,0.13012,0.94324,0.02760,-0.15469,0.02197,0.0000,0.0000,-0.0000,0.0000,-0.0000,0.3959,-0.0801,-0.0355,0.00,0.2794,-0.0001,0.1531,0.0852
3.640,moving,0.29554,0.20904,0.84600,-0.37057,-0.15970,-0.36069,0.00702,0.13012,0.94324,0.02760,-0.15469,0.02197,0.00702,0.13012,0.94324,0.02760,-0.15469,0.02197,0.0000,0.0000,-0.0000,0.0000,-0.0000,0.3959,-0.0801,-0.0355,0.00,0.2794,-0.0001,0.1531,0.0852
3.660,moving,0.29554,0.20904,0.84600,-0.37057,-0.15970,-0.36069,0.00702,0.13012,0.94324,0.02760,-0.15469,0.02197,0.00702,0.13012,0.94324,0.02760,-0.15469,0.02197,0.0000,0.0000,-0.0000,0.0000,-0.0000,0.3959,-0.0801,-0.0355,0.00,0.2794,-0.0001,0.1531,0.0852
3.680,moving,0.29554,0.20904,0.84600,-0.37057,-0.15970,-0.36069,0.00702,0.13012,0.94324,0.02760,-0.15469,0.02197,0.00702,0.13012,0.94324,0.02760,-0.15469,0.02197,0.0000,0.0000,-0.0000,0.0000,-0.0000,0.3959,-0.0801,-0.0355,0.00,0.2794,-0.0001,0.1531,0.0852
3.700,moving,0.29554,0.20904,0.84600,-0.37057,-0.15970,-0.36069,0.00702,0.13012,0.94324,0.02760,-0.15469,0.02197,0.00920,0.13243,0.94122,0.02574,-0.15701,0.01973,0.0000,0.0000,-0.0000,0.0000,-0.0000,0.3959,-0.0801,-0.0355,0.00,0.2802,0.0006,0.1532,0.0851
3.720,moving,0.29554,0.20904,0.84600,-0.37057,-0.15970,-0.36069,0.00702,0.13012,0.94324,0.02760,-0.15469,0.02197,0.01754,0.14092,0.93278,0.01785,-0.15933,0.01132,0.0000,0.0000,-0.0000,0.0000,-0.0000,0.3960,-0.0802,-0.0354,0.00,0.2828,0.0032,0.1531,0.0851
3.740,moving,0.29554,0.20904,0.84600,-0.37057,-0.15970,-0.36069,0.00702,0.13012,0.94324,0.02760,-0.15469,0.02197,0.03210,0.15561,0.91820,0.00367,-0.15936,-0.00332,0.0000,0.0000,-0.0000,0.0000,-0.0000,0.3961,-0.0803,-0.0353,0.00,0.2866,0.0078,0.1525,0.0851
3.760,moving,0.29554,0.20904,0.84600,-0.37057,-0.15970,-0.36069,0.03210,0.15561,0.91820,0.00367,-0.15936,-0.00332,0.05287,0.17637,0.89740,-0.01679,-0.15933,-0.02419,0.0000,0.0000,-0.0000,0.0000,-0.0000,0.3962,-0.0803,-0.0353,0.00,0.2919,0.0146,0.1516,0.0851
3.780,moving,0.29554,0.20904,0.84600,-0.37057,-0.15970,-0.36069,0.03210,0.15561,0.91820,0.00367,-0.15936,-0.00332,0.07771,0.19490,0.87533,-0.04079,-0.15931,-0.04921,0.0000,0.0000,-0.0000,0.0000,-0.0000,0.3963,-0.0803,-0.0353,0.00,0.2973,0.0230,0.1515,0.0851
3.800,moving,0.29554,0.20904,0.84600,-0.37057,-0.15970,-0.36069,0.03210,0.15561,0.91820,0.00367,-0.15936,-0.00332,0.08785,0.20112,0.86737,-0.05178,-0.15928,-0.05834,0.0000,0.0000,-0.0000,0.0000,-0.0000,0.3962,-0.0799,-0.0356,0.00,0.2992,0.0266,0.1516,0.0852
3.820,moving,0.29554,0.20904,0.84600,-0.37057,-0.15970,-0.36069,0.03210,0.15561,0.91820,0.00367,-0.15936,-0.00332,0.09602,0.20889,0.85930,-0.05999,-0.15928,-0.06696,0.0000,0.0000,-0.0000,0.0000,-0.0000,0.3961,-0.0798,-0.0357,0.00,0.3010,0.0294,0.1512,0.0851
3.840,moving,0.29554,0.20904,0.84600,-0.37057,-0.15970,-0.36069,0.03210,0.15561,0.91820,0.00367,-0.15936,-0.00332,0.11041,0.21319,0.85041,-0.07436,-0.15924,-0.08178,0.0000,0.0000,-0.0000,0.0000,-0.0000,0.3959,-0.0799,-0.0356,0.00,0.3030,0.0345,0.1521,0.0852
3.860,moving,0.29554,0.20904,0.84600,-0.37057,-0.15970,-0.36069,0.03210,0.15561,0.91820,0.00367,-0.15936,-0.00332,0.13106,0.21348,0.84723,-0.09491,-0.15921,-0.10277,0.0000,0.0000,-0.0000,0.0000,-0.0000,0.3957,-0.0801,-0.0355,0.00,0.3030,0.0414,0.1528,0.0852
3.880,moving,0.29554,0.20904,0.84600,-0.37057,-0.15970,-0.36069,0.13106,0.21348,0.84723,-0.09491,-0.15921,-0.10277,0.15588,0.21345,0.84715,-0.11920,-0.15921,-0.12787,0.0000,0.0000,-0.0000,0.0000,-0.0000,0.3956,-0.0802,-0.0354,0.00,0.3018,0.0496,0.1528,0.0852
3.900,moving,0.29554,0.20904,0.84600,-0.37057,-0.15970,-0.36069,0.13106,0.21348,0.84723,-0.09491,-0.15921,-0.10277,0.16625,0.21344,0.84712,-0.13021,-0.15923,-0.13702,0.0000,0.0000,-0.0000,0.0000,-0.0000,0.3955,-0.0799,-0.0356,0.00,0.3011,0.0530,0.1528,0.0852
3.920,moving,0.29554,0.20904,0.84600,-0.37057,-0.15970,-0.36069,0.13106,0.21348,0.84723,-0.09491,-0.15921,-0.10277,0.17424,0.21343,0.84722,-0.13824,-0.15923,-0.14566,0.0000,0.0000,-0.0000,0.0000,-0.0000,0.3955,-0.0798,-0.0357,0.00,0.3006,0.0556,0.1527,0.0852
3.940,moving,0.29554,0.20904,0.84600,-0.37057,-0.15970,-0.36069,0.13106,0.21348,0.84723,-0.09491,-0.15921,-0.10277,0.18851,0.21341,0.84732,-0.15251,-0.15924,-0.16047,0.0000,0.0000,-0.0000,0.0000,-0.0000,0.3956,-0.0799,-0.0356,0.00,0.2996,0.0603,0.1527,0.0852
3.960,moving,0.29554,0.20904,0.84600,-0.37057,-0.15970,-0.36069,0.13106,0.21348,0.84723,-0.09491,-0.15921,-0.10277,0.20905,0.21341,0.84738,-0.17299,-0.15923,-0.18147,0.0000,0.0000,-0.0000,0.0000,-0.0000,0.3956,-0.0801,-0.0355,0.00,0.2981,0.0670,0.1526,0.0852
3.980,moving,0.29554,0.20904,0.84600,-0.37057,-0.15970,-0.36069,0.13106,0.21348,0.84723,-0.09491,-0.15921,-0.10277,0.23380,0.21339,0.84741,-0.19727,-0.15926,-0.20656,0.0000,0.0000,-0.0000,0.0000,-0.0000,0.3957,-0.0802,-0.0354,0.00,0.2961,0.0750,0.1526,0.0852
4.000,moving,0.29554,0.20904,0.84600,-0.37057,-0.15970,-0.36069,0.23380,0.21339,0.84741,-0.19727,-0.15926,-0.20656,0.24420,0.21337,0.84730,-0.20830,-0.15933,-0.21572,0.0000,0.0000,-0.0000,0.0000,-0.0000,0.3959,-0.0799,-0.0356,0.00,0.2952,0.0784,0.1526,0.0852
4.020,moving,0.29554,0.20904,0.84600,-0.37057,-0.15970,-0.36069,0.23380,0.21339,0.84741,-0.19727,-0.15926,-0.20656,0.25211,0.21336,0.84741,-0.21627,-0.15935,-0.22435,0.0000,0.0000,-0.0000,0.0000,-0.0000,0.3960,-0.0798,-0.0357,0.00,0.2944,0.0809,0.1525,0.0852
4.040,moving,0.29554,0.20904,0.84600,-0.37057,-0.15970,-0.36069,0.23380,0.21339,0.84741,-0.19727,-0.15926,-0.20656,0.26631,0.21334,0.84750,-0.23050,-0.15938,-0.23918,0.0000,0.0000,-0.0000,0.0000,-0.0000,0.3961,-0.0798,-0.0357,0.00,0.2931,0.0854,0.1525,0.0851
4.060,moving,0.29554,0.20904,0.84600,-0.37057,-0.15970,-0.36069,0.23380,0.21339,0.84741,-0.19727,-0.15926,-0.20656,0.28237,0.21332,0.84749,-0.25195,-0.15942,-0.26032,0.0000,0.0000,-0.0000,0.0000,-0.0000,0.3961,-0.0799,-0.0356,0.00,0.2914,0.0907,0.1524,0.0851
4.080,moving,0.29554,0.20904,0.84600,-0.37057,-0.15970,-0.36069,0.23380,0.21339,0.84741,-0.19727,-0.15926,-0.20656,0.29207,0.21331,0.84747,-0.27702,-0.15948,-0.28556,0.0000,0.0000,-0.0001,0.0000,-0.0000,0.3961,-0.0799,-0.0356,0.00,0.2901,0.0941,0.1523,0.0851
4.100,moving,0.29554,0.20904,0.84600,-0.37057,-0.15970,-0.36069,0.23380,0.21339,0.84741,-0.19727,-0.15926,-0.20656,0.29537,0.21330,0.84748,-0.28605,-0.15954,-0.29440,0.0000,0.0000,-0.0001,0.0000,-0.0000,0.3962,-0.0798,-0.0357,0.00,0.2897,0.0953,0.1523,0.0851
4.120,moving,0.29554,0.20904,0.84600,-0.37057,-0.15970,-0.36069,0.29537,0.21330,0.84748,-0.28605,-0.15954,-0.29440,0.29581,0.21329,0.84748,-0.29483,-0.15958,-0.30308,0.0000,0.0000,-0.0001,0.0000,-0.0000,0.3961,-0.0797,-0.0357,0.00,0.2895,0.0957,0.1523,0.0851
4.140,moving,0.29554,0.20904,0.84600,-0.37057,-0.15970,-0.36069,0.29537,0.21330,0.84748,-0.28605,-0.15954,-0.29440,0.29562,0.21329,0.84751,-0.30943,-0.15962,-0.31787,0.0000,0.0000,-0.0001,0.0000,-0.0000,0.3961,-0.0798,-0.0357,0.00,0.2893,0.0959,0.1522,0.0851
4.160,moving,0.29554,0.20904,0.84600,-0.37057,-0.15970,-0.36069,0.29537,0.21330,0.84748,-0.28605,-0.15954,-0.29440,0.29545,0.21328,0.84752,-0.33008,-0.15965,-0.33766,0.0000,0.0000,-0.0001,0.0000,-0.0000,0.3960,-0.0798,-0.0357,0.00,0.2890,0.0964,0.1521,0.0851
4.180,moving,0.29554,0.20904,0.84600,-0.37057,-0.15970,-0.36069,0.29537,0.21330,0.84748,-0.28605,-0.15954,-0.29440,0.29534,0.21328,0.84753,-0.35078,-0.15968,-0.35281,0.0000,0.0000,-0.0001,0.0000,-0.0000,0.3960,-0.0799,-0.0356,0.00,0.2887,0.0969,0.1520,0.0852
4.200,moving,0.29554,0.20904,0.84600,-0.37057,-0.15970,-0.36069,0.29537,0.21330,0.84748,-0.28605,-0.15954,-0.29440,0.29528,0.21329,0.84754,-0.35744,-0.15972,-0.35795,0.0000,0.0000,-0.0001,0.0000,-0.0000,0.3959,-0.0799,-0.0356,0.00,0.2886,0.0970,0.1520,0.0852
4.220,moving,0.29554,0.20904,0.84600,-0.37057,-0.15970,-0.36069,0.29537,0.21330,0.84748,-0.28605,-0.15954,-0.29440,0.29517,0.21329,0.84753,-0.36558,-0.15975,-0.36339,0.0000,0.0000,-0.0001,0.0000,-0.0000,0.3959,-0.0799,-0.0356,0.00,0.2885,0.0972,0.1519,0.0852
4.240,moving,0.29554,0.20904,0.84600,-0.37057,-0.15970,-0.36069,0.29517,0.21329,0.84753,-0.36558,-0.15975,-0.36339,0.29512,0.21329,0.84753,-0.37296,-0.15978,-0.36440,0.0000,0.0000,-0.0001,0.0000,-0.0000,0.3958,-0.0799,-0.0356,0.00,0.2884,0.0973,0.1519,0.0852
4.260,moving,0.29554,0.20904,0.84600,-0.37057,-0.15970,-0.36069,0.29517,0.21329,0.84753,-0.36558,-0.15975,-0.36339,0.29508,0.21329,0.84753,-0.37489,-0.15981,-0.36444,0.0000,0.0000,-0.0001,0.0000,-0.0000,0.3958,-0.0799,-0.0356,0.00,0.2883,0.0973,0.1519,0.0852
4.280,moving,0.29554,0.20904,0.84600,-0.37057,-0.15970,-0.36069,0.29517,0.21329,0.84753,-0.36558,-0.15975,-0.36339,0.29503,0.21330,0.84752,-0.37485,-0.15983,-0.36445,0.0000,0.0000,-0.0001,0.0000,-0.0000,0.3958,-0.0799,-0.0356,0.00,0.2883,0.0973,0.1519,0.0852
4.300,moving,0.29554,0.20904,0.84600,-0.37057,-0.15970,-0.36069,0.29517,0.21329,0.84753,-0.36558,-0.15975,-0.36339,0.29499,0.21330,0.84752,-0.37481,-0.15984,-0.36447,0.0000,0.0000,-0.0001,0.0000,-0.0000,0.3959,-0.0799,-0.0356,0.00,0.2883,0.0973,0.1519,0.0852
4.320,moving,0.29554,0.20904,0.84600,-0.37057,-0.15970,-0.36069,0.29517,0.21329,0.84753,-0.36558,-0.15975,-0.36339,0.29496,0.21330,0.84751,-0.37477,-0.15986,-0.36448,0.0000,0.0000,-0.0001,0.0000,-0.0000,0.3959,-0.0799,-0.0356,0.00,0.2883,0.0973,0.1519,0.0852
4.340,moving,0.29554,0.20904,0.84600,-0.37057,-0.15970,-0.36069,0.29517,0.21329,0.84753,-0.36558,-0.15975,-0.36339,0.29494,0.21329,0.84751,-0.37473,-0.15987,-0.36449,0.0000,0.0000,-0.0001,0.0000,-0.0000,0.3959,-0.0799,-0.0356,0.00,0.2884,0.0973,0.1519,0.0852
4.360,moving,0.29554,0.20904,0.84600,-0.37057,-0.15970,-0.36069,0.29494,0.21329,0.84751,-0.37473,-0.15987,-0.36449,0.29491,0.21329,0.84752,-0.37470,-0.15988,-0.36450,0.0000,0.0000,-0.0001,0.0000,-0.0000,0.3959,-0.0799,-0.0356,0.00,0.2884,0.0973,0.1519,0.0852
4.380,moving,0.29554,0.20904,0.84600,-0.37057,-0.15970,-0.36069,0.29494,0.21329,0.84751,-0.37473,-0.15987,-0.36449,0.29490,0.21329,0.84752,-0.37467,-0.15989,-0.36450,0.0000,0.0000,-0.0001,0.0000,-0.0000,0.3960,-0.0799,-0.0356,0.00,0.2884,0.0973,0.1519,0.0852
4.400,moving,0.29554,0.20904,0.84600,-0.37057,-0.15970,-0.36069,0.29494,0.21329,0.84751,-0.37473,-0.15987,-0.36449,0.29488,0.21329,0.84752,-0.37465,-0.15990,-0.36450,0.0000,0.0000,-0.0001,0.0000,-0.0000,0.3960,-0.0799,-0.0356,0.00,0.2884,0.0973,0.1519,0.0852
4.420,moving,0.29554,0.20904,0.84600,-0.37057,-0.15970,-0.36069,0.29494,0.21329,0.84751,-0.37473,-0.15987,-0.36449,0.29487,0.21328,0.84752,-0.37463,-0.15990,-0.36451,0.0000,0.0000,-0.0001,0.0000,-0.0000,0.3960,-0.0799,-0.0356,0.00,0.2884,0.0973,0.1519,0.0851
4.440,moving,0.29554,0.20904,0.84600,-0.37057,-0.15970,-0.36069,0.29494,0.21329,0.84751,-0.37473,-0.15987,-0.36449,0.29486,0.21328,0.84752,-0.37461,-0.15990,-0.36451,0.0000,0.0000,-0.0001,0.0000,-0.0000,0.3960,-0.0799,-0.0356,0.00,0.2884,0.0973,0.1519,0.0851
4.460,moving,0.29554,0.20904,0.84600,-0.37057,-0.15970,-0.36069,0.29494,0.21329,0.84751,-0.37473,-0.15987,-0.36449,0.29486,0.21328,0.84752,-0.37460,-0.15991,-0.36451,0.0000,0.0000,-0.0001,0.0000,-0.0000,0.3960,-0.0799,-0.0356,0.00,0.2884,0.0973,0.1519,0.0852
4.480,moving,0.29554,0.20904,0.84600,-0.37057,-0.15970,-0.36069,0.29486,0.21328,0.84752,-0.37460,-0.15991,-0.36451,0.29485,0.21328,0.84752,-0.37459,-0.15991,-0.36451,0.0000,0.0000,-0.0001,0.0000,-0.0000,0.3960,-0.0799,-0.0356,0.00,0.2884,0.0973,0.1519,0.0852
4.500,moving,0.29554,0.20904,0.84600,-0.37057,-0.15970,-0.36069,0.29486,0.21328,0.84752,-0.37460,-0.15991,-0.36451,0.29484,0.21328,0.84752,-0.37459,-0.15991,-0.36451,0.0000,0.0000,-0.0001,0.0000,-0.0000,0.3960,-0.0799,-0.0356,0.00,0.2884,0.0973,0.1519,0.0852
4.520,moving,0.29554,0.20904,0.84600,-0.37057,-0.15970,-0.36069,0.29486,0.21328,0.84752,-0.37460,-0.15991,-0.36451,0.29484,0.21328,0.84752,-0.37458,-0.15991,-0.36451,0.0000,0.0000,-0.0001,0.0000,-0.0000,0.3959,-0.0799,-0.0356,0.00,0.2884,0.0973,0.1519,0.0852
4.540,moving,0.29554,0.20904,0.84600,-0.37057,-0.15970,-0.36069,0.29486,0.21328,0.84752,-0.37460,-0.15991,-0.36451,0.29484,0.21328,0.84752,-0.37458,-0.15992,-0.36452,0.0000,0.0000,-0.0001,0.0000,-0.0000,0.3959,-0.0799,-0.0356,0.00,0.2884,0.0973,0.1519,0.0852
4.560,moving,0.29554,0.20904,0.84600,-0.37057,-0.15970,-0.36069,0.29486,0.21328,0.84752,-0.37460,-0.15991,-0.36451,0.29483,0.21328,0.84752,-0.37457,-0.15992,-0.36452,0.0000,0.0000,-0.0001,0.0000,-0.0000,0.3959,-0.0799,-0.0356,0.00,0.2884,0.0973,0.1519,0.0852
4.580,moving,0.29554,0.20904,0.84600,-0.37057,-0.15970,-0.36069,0.29486,0.21328,0.84752,-0.37460,-0.15991,-0.36451,0.29483,0.21329,0.84752,-0.37457,-0.15992,-0.36452,0.0000,0.0000,-0.0001,0.0000,-0.0000,0.3959,-0.0799,-0.0356,0.00,0.2884,0.0973,0.1519,0.0852
4.600,moving,0.29554,0.20904,0.84600,-0.37057,-0.15970,-0.36069,0.29483,0.21329,0.84752,-0.37457,-0.15992,-0.36452,0.29483,0.21329,0.84752,-0.37457,-0.15992,-0.36452,0.0000,0.0000,-0.0001,0.0000,-0.0000,0.3959,-0.0799,-0.0356,0.00,0.2884,0.0973,0.1519,0.0852
4.620,moving,0.29554,0.20904,0.84600,-0.37057,-0.15970,-0.36069,0.29483,0.21329,0.84752,-0.37457,-0.15992,-0.36452,0.29482,0.21329,0.84752,-0.37457,-0.15992,-0.36452,0.0000,0.0000,-0.0001,0.0000,-0.0000,0.3959,-0.0799,-0.0356,0.00,0.2884,0.0973,0.1519,0.0852
4.640,moving,0.29554,0.20904,0.84600,-0.37057,-0.15970,-0.36069,0.29483,0.21329,0.84752,-0.37457,-0.15992,-0.36452,0.29482,0.21329,0.84752,-0.37457,-0.15992,-0.36453,0.0000,0.0000,-0.0001,0.0000,-0.0000,0.3959,-0.0799,-0.0356,0.00,0.2884,0.0973,0.1519,0.0852
4.660,moving,0.29554,0.20904,0.84600,-0.37057,-0.15970,-0.36069,0.29483,0.21329,0.84752,-0.37457,-0.15992,-0.36452,0.29482,0.21329,0.84752,-0.37457,-0.15992,-0.36453,0.0000,0.0000,-0.0001,0.0000,-0.0000,0.3959,-0.0799,-0.0356,0.00,0.2884,0.0973,0.1519,0.0852
4.680,moving,0.29554,0.20904,0.84600,-0.37057,-0.15970,-0.36069,0.29483,0.21329,0.84752,-0.37457,-0.15992,-0.36452,0.29482,0.21329,0.84752,-0.37457,-0.15992,-0.36453,0.0000,0.0000,-0.0001,0.0000,-0.0000,0.3959,-0.0799,-0.0356,0.00,0.2884,0.0973,0.1519,0.0852
4.700,detect,0.29554,0.20904,0.84600,-0.37057,-0.15970,-0.36069,0.29483,0.21329,0.84752,-0.37457,-0.15992,-0.36452,0.29482,0.21328,0.84752,-0.37457,-0.15992,-0.36453,0.0000,0.0000,-0.0001,0.0000,-0.0000,0.3959,-0.0799,-0.0356,0.00,0.2884,0.0973,0.1519,0.0852
4.720,detect,0.29554,0.20904,0.84600,-0.37057,-0.15970,-0.36069,0.29482,0.21328,0.84752,-0.37457,-0.15992,-0.36453,0.29482,0.21328,0.84752,-0.37457,-0.15992,-0.36453,0.0000,0.0000,-0.0001,0.0000,-0.0000,0.3959,-0.0799,-0.0356,0.00,0.2884,0.0973,0.1519,0.0852
4.740,detect,0.29554,0.20904,0.84600,-0.37057,-0.15970,-0.36069,0.29482,0.21328,0.84752,-0.37457,-0.15992,-0.36453,0.29482,0.21328,0.84752,-0.37457,-0.15992,-0.36453,0.0000,0.0000,-0.0001,0.0000,-0.0000,0.3959,-0.0799,-0.0356,0.00,0.2884,0.0973,0.1519,0.0852
4.760,detect,0.29554,0.20904,0.84600,-0.37057,-0.15970,-0.36069,0.29482,0.21328,0.84752,-0.37457,-0.15992,-0.36453,0.29482,0.21328,0.84752,-0.37458,-0.15993,-0.36453,0.0000,0.0000,-0.0001,0.0000,-0.0000,0.3960,-0.0799,-0.0356,0.00,0.2884,0.0973,0.1519,0.0852
4.780,detect,0.29554,0.20904,0.84600,-0.37057,-0.15970,-0.36069,0.29482,0.21328,0.84752,-0.37457,-0.15992,-0.36453,0.29482,0.21328,0.84752,-0.37457,-0.15993,-0.36453,0.0000,0.0000,-0.0001,0.0000,-0.0000,0.3960,-0.0799,-0.0356,0.00,0.2884,0.0973,0.1519,0.0852
4.800,detect,0.29554,0.20904,0.84600,-0.37057,-0.15970,-0.36069,0.29482,0.21328,0.84752,-0.37457,-0.15992,-0.36453,0.29482,0.21328,0.84752,-0.37457,-0.15993,-0.36453,0.0000,0.0000,-0.0001,0.0000,-0.0000,0.3960,-0.0799,-0.0356,0.00,0.2884,0.0973,0.1519,0.0852
4.820,detect,0.29554,0.20904,0.84600,-0.37057,-0.15970,-0.36069,0.29482,0.21328,0.84752,-0.37457,-0.15992,-0.36453,0.29482,0.21328,0.84752,-0.37457,-0.15992,-0.36453,0.0000,0.0000,-0.0001,0.0000,-0.0000,0.3959,-0.0799,-0.0356,0.00,0.2884,0.0973,0.1519,0.0852
4.840,detect,0.29554,0.20904,0.84600,-0.37057,-0.15970,-0.36069,0.29482,0.21328,0.84752,-0.37457,-0.15992,-0.36453,0.29482,0.21328,0.84752,-0.37457,-0.15992,-0.36453,0.0000,0.0000,-0.0001,0.0000,-0.0000,0.3959,-0.0799,-0.0356,0.00,0.2884,0.0973,0.1519,0.0852
4.860,detect,0.29554,0.20904,0.84600,-0.37057,-0.15970,-0.36069,0.29482,0.21328,0.84752,-0.37457,-0.15992,-0.36453,0.29482,0.21328,0.84752,-0.37456,-0.15992,-0.36453,0.0000,0.0000,-0.0001,0.0000,-0.0000,0.3959,-0.0799,-0.0356,0.00,0.2884,0.0973,0.1519,0.0852
4.880,detect,0.29554,0.20904,0.84600,-0.37057,-0.15970,-0.36069,0.29482,0.21328,0.84752,-0.37457,-0.15992,-0.36453,0.29482,0.21328,0.84752,-0.37456,-0.15992,-0.36453,0.0000,0.0000,-0.0001,0.0000,-0.0000,0.3959,-0.0799,-0.0356,0.00,0.2884,0.0973,0.1519,0.0852
4.900,detect,0.29554,0.20904,0.84600,-0.37057,-0.15970,-0.36069,0.29482,0.21328,0.84752,-0.37457,-0.15992,-0.36453,0.29482,0.21328,0.84752,-0.37456,-0.15992,-0.36453,0.0000,0.0000,-0.0001,0.0000,-0.0000,0.3959,-0.0799,-0.0356,0.00,0.2884,0.0973,0.1519,0.0852
4.920,detect,0.29554,0.20904,0.84600,-0.37057,-0.15970,-0.36069,0.29482,0.21328,0.84752,-0.37457,-0.15992,-0.36453,0.29482,0.21328,0.84752,-0.37456,-0.15992,-0.36452,0.0000,0.0000,-0.0001,0.0000,-0.0000,0.3959,-0.0799,-0.0356,0.00,0.2884,0.0973,0.1519,0.0852
4.940,detect,0.29554,0.20904,0.84600,-0.37057,-0.15970,-0.36069,0.29482,0.21328,0.84752,-0.37457,-0.15992,-0.36453,0.29482,0.21329,0.84752,-0.37456,-0.15992,-0.36452,0.0000,0.0000,-0.0001,0.0000,-0.0000,0.3959,-0.0799,-0.0356,0.00,0.2884,0.0973,0.1519,0.0852
4.960,detect,0.29554,0.20904,0.84600,-0.37057,-0.15970,-0.36069,0.29482,0.21329,0.84752,-0.37456,-0.15992,-0.36452,0.29482,0.21329,0.84752,-0.37456,-0.15992,-0.36452,0.0000,0.0000,-0.0001,0.0000,-0.0000,0.3959,-0.0799,-0.0356,0.00,0.2884,0.0973,0.1519,0.0852
4.980,detect,0.29554,0.20904,0.84600,-0.37057,-0.15970,-0.36069,0.29482,0.21329,0.84752,-0.37456,-0.15992,-0.36452,0.29482,0.21328,0.84752,-0.37456,-0.15992,-0.36453,0.0000,0.0000,-0.0001,0.0000,-0.0000,0.3959,-0.0799,-0.0356,0.00,0.2884,0.0973,0.1519,0.0852
5.000,detect,0.29554,0.20904,0.84600,-0.37057,-0.15970,-0.36069,0.29482,0.21329,0.84752,-0.37456,-0.15992,-0.36452,0.29482,0.21328,0.84752,-0.37456,-0.15992,-0.36453,0.0000,0.0000,-0.0001,0.0000,-0.0000,0.3959,-0.0799,-0.0356,0.00,0.2884,0.0973,0.1519,0.0852
5.020,detect,0.29554,0.20904,0.84600,-0.37057,-0.15970,-0.36069,0.29482,0.21329,0.84752,-0.37456,-0.15992,-0.36452,0.29482,0.21328,0.84752,-0.37457,-0.15992,-0.36453,0.0000,0.0000,-0.0001,0.0000,-0.0000,0.3959,-0.0799,-0.0356,0.00,0.2884,0.0973,0.1519,0.0852
5.040,detect,0.29554,0.20904,0.84600,-0.37057,-0.15970,-0.36069,0.29482,0.21329,0.84752,-0.37456,-0.15992,-0.36452,0.29482,0.21328,0.84752,-0.37457,-0.15992,-0.36453,0.0000,0.0000,-0.0001,0.0000,-0.0000,0.3959,-0.0799,-0.0356,0.00,0.2884,0.0973,0.1519,0.0852
5.060,detect,0.29554,0.20904,0.84600,-0.37057,-0.15970,-0.36069,0.29482,0.21329,0.84752,-0.37456,-0.15992,-0.36452,0.29482,0.21328,0.84752,-0.37457,-0.15993,-0.36453,0.0000,0.0000,-0.0001,0.0000,-0.0000,0.3959,-0.0799,-0.0356,0.00,0.2884,0.0973,0.1519,0.0852
5.080,detect,0.29554,0.20904,0.84600,-0.37057,-0.15970,-0.36069,0.29482,0.21328,0.84752,-0.37457,-0.15993,-0.36453,0.29482,0.21328,0.84752,-0.37457,-0.15993,-0.36453,0.0000,0.0000,-0.0001,0.0000,-0.0000,0.3959,-0.0799,-0.0356,0.00,0.2884,0.0973,0.1519,0.0852
5.100,detect,0.29554,0.20904,0.84600,-0.37057,-0.15970,-0.36069,0.29482,0.21328,0.84752,-0.37457,-0.15993,-0.36453,0.29482,0.21328,0.84752,-0.37457,-0.15993,-0.36453,0.0000,0.0000,-0.0001,0.0000,-0.0000,0.3959,-0.0799,-0.0356,0.00,0.2884,0.0973,0.1519,0.0852
5.120,detect,0.29554,0.20904,0.84600,-0.37057,-0.15970,-0.36069,0.29482,0.21328,0.84752,-0.37457,-0.15993,-0.36453,0.29482,0.21328,0.84752,-0.37457,-0.15993,-0.36453,0.0000,0.0000,-0.0001,0.0000,-0.0000,0.3959,-0.0799,-0.0356,0.00,0.2884,0.0973,0.1519,0.0852
5.140,detect,0.29554,0.20904,0.84600,-0.37057,-0.15970,-0.36069,0.29482,0.21328,0.84752,-0.37457,-0.15993,-0.36453,0.29482,0.21328,0.84752,-0.37457,-0.15992,-0.36453,0.0000,0.0000,-0.0001,0.0000,-0.0000,0.3959,-0.0799,-0.0356,0.00,0.2884,0.0973,0.1519,0.0852
5.160,detect,0.29554,0.20904,0.84600,-0.37057,-0.15970,-0.36069,0.29482,0.21328,0.84752,-0.37457,-0.15993,-0.36453,0.29482,0.21328,0.84752,-0.37457,-0.15992,-0.36453,0.0000,0.0000,-0.0001,0.0000,-0.0000,0.3959,-0.0799,-0.0356,0.00,0.2884,0.0973,0.1519,0.0852
5.180,detect,0.29554,0.20904,0.84600,-0.37057,-0.15970,-0.36069,0.29482,0.21328,0.84752,-0.37457,-0.15993,-0.36453,0.29482,0.21328,0.84752,-0.37456,-0.15992,-0.36453,0.0000,0.0000,-0.0001,0.0000,-0.0000,0.3959,-0.0799,-0.0356,0.00,0.2884,0.0973,0.1519,0.0852
5.200,detect,0.29554,0.20904,0.84600,-0.37057,-0.15970,-0.36069,0.29482,0.21328,0.84752,-0.37456,-0.15992,-0.36453,0.29482,0.21328,0.84752,-0.37456,-0.15992,-0.36453,0.0000,0.0000,-0.0001,0.0000,-0.0000,0.3959,-0.0799,-0.0356,0.00,0.2884,0.0973,0.1519,0.0852
5.220,detect,0.29554,0.20904,0.84600,-0.37057,-0.15970,-0.36069,0.29482,0.21328,0.84752,-0.37456,-0.15992,-0.36453,0.29482,0.21328,0.84752,-0.37456,-0.15992,-0.36453,0.0000,0.0000,-0.0001,0.0000,-0.0000,0.3959,-0.0799,-0.0356,0.00,0.2884,0.0973,0.1519,0.0852
5.240,detect,0.29554,0.20904,0.84600,-0.37057,-0.15970,-0.36069,0.29482,0.21328,0.84752,-0.37456,-0.15992,-0.36453,0.29482,0.21328,0.84752,-0.37456,-0.15992,-0.36453,0.0000,0.0000,-0.0001,0.0000,-0.0000,0.3959,-0.0799,-0.0356,0.00,0.2884,0.0973,0.1519,0.0852
5.260,detect,0.29554,0.20904,0.84600,-0.37057,-0.15970,-0.36069,0.29482,0.21328,0.84752,-0.37456,-0.15992,-0.36453,0.29482,0.21328,0.84752,-0.37456,-0.15992,-0.36452,0.0000,0.0000,-0.0001,0.0000,-0.0000,0.3959,-0.0799,-0.0356,0.00,0.2884,0.0973,0.1519,0.0852
5.280,detect,0.29554,0.20904,0.84600,-0.37057,-0.15970,-0.36069,0.29482,0.21328,0.84752,-0.37456,-0.15992,-0.36453,0.29482,0.21328,0.84752,-0.37456,-0.15992,-0.36452,0.0000,0.0000,-0.0001,0.0000,-0.0000,0.3959,-0.0799,-0.0356,0.00,0.2884,0.0973,0.1519,0.0852
5.300,detect,0.29554,0.20904,0.84600,-0.37057,-0.15970,-0.36069,0.29482,0.21328,0.84752,-0.37456,-0.15992,-0.36453,0.29482,0.21328,0.84752,-0.37456,-0.15992,-0.36452,0.0000,0.0000,-0.0001,0.0000,-0.0000,0.3959,-0.0799,-0.0356,0.00,0.2884,0.0973,0.1519,0.0852
5.320,detect,0.29554,0.20904,0.84600,-0.37057,-0.15970,-0.36069,0.29482,0.21328,0.84752,-0.37456,-0.15992,-0.36452,0.29482,0.21328,0.84752,-0.37456,-0.15992,-0.36452,0.0000,0.0000,-0.0001,0.0000,-0.0000,0.3959,-0.0799,-0.0356,0.00,0.2884,0.0973,0.1519,0.0852
5.340,detect,0.29554,0.20904,0.84600,-0.37057,-0.15970,-0.36069,0.29482,0.21328,0.84752,-0.37456,-0.15992,-0.36452,0.29482,0.21328,0.84752,-0.37456,-0.15992,-0.36452,0.0000,0.0000,-0.0001,0.0000,-0.0000,0.3959,-0.0799,-0.0356,0.00,0.2884,0.0973,0.1519,0.0852
5.360,detect,0.29554,0.20904,0.84600,-0.37057,-0.15970,-0.36069,0.29482,0.21328,0.84752,-0.37456,-0.15992,-0.36452,0.29482,0.21328,0.84752,-0.37456,-0.15992,-0.36453,0.0000,0.0000,-0.0001,0.0000,-0.0000,0.3959,-0.0799,-0.0356,0.00,0.2884,0.0973,0.1519,0.0852
5.380,detect,0.29554,0.20904,0.84600,-0.37057,-0.15970,-0.36069,0.29482,0.21328,0.84752,-0.37456,-0.15992,-0.36452,0.29482,0.21328,0.84752,-0.37456,-0.15992,-0.36453,0.0000,0.0000,-0.0001,0.0000,-0.0000,0.3959,-0.0799,-0.0356,0.00,0.2884,0.0973,0.1519,0.0852
5.400,detect,0.29554,0.20904,0.84600,-0.37057,-0.15970,-0.36069,0.29482,0.21328,0.84752,-0.37456,-0.15992,-0.36452,0.29482,0.21328,0.84752,-0.37456,-0.15992,-0.36453,0.0000,0.0000,-0.0001,0.0000,-0.0000,0.3959,-0.0799,-0.0356,0.00,0.2884,0.0973,0.1519,0.0852
5.420,detect,0.29554,0.20904,0.84600,-0.37057,-0.15970,-0.36069,0.29482,0.21328,0.84752,-0.37456,-0.15992,-0.36452,0.29482,0.21328,0.84752,-0.37457,-0.15992,-0.36453,0.0000,0.0000,-0.0001,0.0000,-0.0000,0.3959,-0.0799,-0.0356,0.00,0.2884,0.0973,0.1519,0.0852
5.440,detect,0.29554,0.20904,0.84600,-0.37057,-0.15970,-0.36069,0.29482,0.21328,0.84752,-0.37457,-0.15992,-0.36453,0.29482,0.21328,0.84752,-0.37457,-0.15992,-0.36453,0.0000,0.0000,-0.0001,0.0000,-0.0000,0.3959,-0.0799,-0.0356,0.00,0.2884,0.0973,0.1519,0.0852
5.460,detect,0.29554,0.20904,0.84600,-0.37057,-0.15970,-0.36069,0.29482,0.21328,0.84752,-0.37457,-0.15992,-0.36453,0.29482,0.21328,0.84752,-0.37457,-0.15992,-0.36453,0.0000,0.0000,-0.0001,0.0000,-0.0000,0.3959,-0.0799,-0.0356,0.00,0.2884,0.0973,0.1519,0.0852
5.480,detect,0.29554,0.20904,0.84600,-0.37057,-0.15970,-0.36069,0.29482,0.21328,0.84752,-0.37457,-0.15992,-0.36453,0.29482,0.21328,0.84752,-0.37456,-0.15992,-0.36453,0.0000,0.0000,-0.0001,0.0000,-0.0000,0.3959,-0.0799,-0.0356,0.00,0.2884,0.0973,0.1519,0.0852
5.500,detect,0.29554,0.20904,0.84600,-0.37057,-0.15970,-0.36069,0.29482,0.21328,0.84752,-0.37457,-0.15992,-0.36453,0.29482,0.21328,0.84752,-0.37456,-0.15992,-0.36453,0.0000,0.0000,-0.0001,0.0000,-0.0000,0.3959,-0.0799,-0.0356,0.00,0.2884,0.0973,0.1519,0.0852
5.520,detect,0.29554,0.20904,0.84600,-0.37057,-0.15970,-0.36069,0.29482,0.21328,0.84752,-0.37457,-0.15992,-0.36453,0.29482,0.21328,0.84752,-0.37456,-0.15992,-0.36453,0.0000,0.0000,-0.0001,0.0000,-0.0000,0.3959,-0.0799,-0.0356,0.00,0.2884,0.0973,0.1519,0.0852
5.540,detect,0.29554,0.20904,0.84600,-0.37057,-0.15970,-0.36069,0.29482,0.21328,0.84752,-0.37457,-0.15992,-0.36453,0.29482,0.21328,0.84752,-0.37456,-0.15992,-0.36453,0.0000,0.0000,-0.0001,0.0000,-0.0000,0.3959,-0.0799,-0.0356,0.00,0.2884,0.0973,0.1519,0.0852
5.560,detect,0.29554,0.20904,0.84600,-0.37057,-0.15970,-0.36069,0.29482,0.21328,0.84752,-0.37456,-0.15992,-0.36453,0.29482,0.21328,0.84752,-0.37456,-0.15992,-0.36453,0.0000,0.0000,-0.0001,0.0000,-0.0000,0.3959,-0.0799,-0.0356,0.00,0.2884,0.0973,0.1519,0.0852
5.580,detect,0.29554,0.20904,0.84600,-0.37057,-0.15970,-0.36069,0.29482,0.21328,0.84752,-0.37456,-0.15992,-0.36453,0.29482,0.21328,0.84752,-0.37456,-0.15992,-0.36452,0.0000,0.0000,-0.0001,0.0000,-0.0000,0.3959,-0.0799,-0.0356,0.00,0.2884,0.0973,0.1519,0.0852
5.600,detect,0.29554,0.20904,0.84600,-0.37057,-0.15970,-0.36069,0.29482,0.21328,0.84752,-0.37456,-0.15992,-0.36453,0.29482,0.21328,0.84752,-0.37456,-0.15992,-0.36452,0.0000,0.0000,-0.0001,0.0000,-0.0000,0.3959,-0.0799,-0.0356,0.00,0.2884,0.0973,0.1519,0.0852
5.620,detect,0.29554,0.20904,0.84600,-0.37057,-0.15970,-0.36069,0.29482,0.21328,0.84752,-0.37456,-0.15992,-0.36453,0.29482,0.21328,0.84752,-0.37456,-0.15992,-0.36452,0.0000,0.0000,-0.0001,0.0000,-0.0000,0.3959,-0.0799,-0.0356,0.00,0.2884,0.0973,0.1519,0.0852
5.640,detect,0.29554,0.20904,0.84600,-0.37057,-0.15970,-0.36069,0.29482,0.21328,0.84752,-0.37456,-0.15992,-0.36453,0.29482,0.21328,0.84752,-0.37456,-0.15992,-0.36452,0.0000,0.0000,-0.0001,0.0000,-0.0000,0.3959,-0.0799,-0.0356,0.00,0.2884,0.0973,0.1519,0.0852
5.660,detect,0.29554,0.20904,0.84600,-0.37057,-0.15970,-0.36069,0.29482,0.21328,0.84752,-0.37456,-0.15992,-0.36453,0.29482,0.21328,0.84752,-0.37456,-0.15992,-0.36452,0.0000,0.0000,-0.0001,0.0000,-0.0000,0.3959,-0.0799,-0.0356,0.00,0.2884,0.0973,0.1519,0.0852
5.680,detect,0.29554,0.20904,0.84600,-0.37057,-0.15970,-0.36069,0.29482,0.21328,0.84752,-0.37456,-0.15992,-0.36452,0.29482,0.21328,0.84752,-0.37456,-0.15992,-0.36452,0.0000,0.0000,-0.0001,0.0000,-0.0000,0.3959,-0.0799,-0.0356,0.00,0.2884,0.0973,0.1519,0.0852
5.700,detect,0.29554,0.20904,0.84600,-0.37057,-0.15970,-0.36069,0.29482,0.21328,0.84752,-0.37456,-0.15992,-0.36452,0.29482,0.21328,0.84752,-0.37456,-0.15992,-0.36453,0.0000,0.0000,-0.0001,0.0000,-0.0000,0.3959,-0.0799,-0.0356,0.00,0.2884,0.0973,0.1519,0.0852
5.720,detect,0.29554,0.20904,0.84600,-0.37057,-0.15970,-0.36069,0.29482,0.21328,0.84752,-0.37456,-0.15992,-0.36452,0.29482,0.21328,0.84752,-0.37456,-0.15992,-0.36453,0.0000,0.0000,-0.0001,0.0000,-0.0000,0.3959,-0.0799,-0.0356,0.00,0.2884,0.0973,0.1519,0.0852
5.740,detect,0.29554,0.20904,0.84600,-0.37057,-0.15970,-0.36069,0.29482,0.21328,0.84752,-0.37456,-0.15992,-0.36452,0.29482,0.21328,0.84752,-0.37456,-0.15992,-0.36453,0.0000,0.0000,-0.0001,0.0000,-0.0000,0.3959,-0.0799,-0.0356,0.00,0.2884,0.0973,0.1519,0.0852
5.760,detect,0.29554,0.20904,0.84600,-0.37057,-0.15970,-0.36069,0.29482,0.21328,0.84752,-0.37456,-0.15992,-0.36452,0.29482,0.21328,0.84752,-0.37456,-0.15992,-0.36453,0.0000,0.0000,-0.0001,0.0000,-0.0000,0.3959,-0.0799,-0.0356,0.00,0.2884,0.0973,0.1519,0.0852
5.780,detect,0.29554,0.20904,0.84600,-0.37057,-0.15970,-0.36069,0.29482,0.21328,0.84752,-0.37456,-0.15992,-0.36452,0.29482,0.21328,0.84752,-0.37456,-0.15992,-0.36453,0.0000,0.0000,-0.0001,0.0000,-0.0000,0.3959,-0.0799,-0.0356,0.00,0.2884,0.0973,0.1519,0.0852
5.800,detect,0.29554,0.20904,0.84600,-0.37057,-0.15970,-0.36069,0.29482,0.21328,0.84752,-0.37456,-0.15992,-0.36453,0.29482,0.21328,0.84752,-0.37456,-0.15992,-0.36453,0.0000,0.0000,-0.0001,0.0000,-0.0000,0.3959,-0.0799,-0.0356,0.00,0.2884,0.0973,0.1519,0.0852
5.820,detect,0.29554,0.20904,0.84600,-0.37057,-0.15970,-0.36069,0.29482,0.21328,0.84752,-0.37456,-0.15992,-0.36453,0.29482,0.21328,0.84752,-0.37456,-0.15992,-0.36453,0.0000,0.0000,-0.0001,0.0000,-0.0000,0.3959,-0.0799,-0.0356,0.00,0.2884,0.0973,0.1519,0.0852
5.840,detect,0.29554,0.20904,0.84600,-0.37057,-0.15970,-0.36069,0.29482,0.21328,0.84752,-0.37456,-0.15992,-0.36453,0.29482,0.21328,0.84752,-0.37456,-0.15992,-0.36453,0.0000,0.0000,-0.0001,0.0000,-0.0000,0.3959,-0.0799,-0.0356,0.00,0.2884,0.0973,0.1519,0.0852
5.860,detect,0.29554,0.20904,0.84600,-0.37057,-0.15970,-0.36069,0.29482,0.21328,0.84752,-0.37456,-0.15992,-0.36453,0.29482,0.21328,0.84752,-0.37456,-0.15992,-0.36453,0.0000,0.0000,-0.0001,0.0000,-0.0000,0.3959,-0.0799,-0.0356,0.00,0.2884,0.0973,0.1519,0.0852
5.880,detect,0.29554,0.20904,0.84600,-0.37057,-0.15970,-0.36069,0.29482,0.21328,0.84752,-0.37456,-0.15992,-0.36453,0.29482,0.21328,0.84752,-0.37456,-0.15992,-0.36452,0.0000,0.0000,-0.0001,0.0000,-0.0000,0.3959,-0.0799,-0.0356,0.00,0.2884,0.0973,0.1519,0.0852
5.900,detect,0.29554,0.20904,0.84600,-0.37057,-0.15970,-0.36069,0.29482,0.21328,0.84752,-0.37456,-0.15992,-0.36453,0.29482,0.21328,0.84752,-0.37456,-0.15992,-0.36452,0.0000,0.0000,-0.0001,0.0000,-0.0000,0.3959,-0.0799,-0.0356,0.00,0.2884,0.0973,0.1519,0.0852
5.920,detect,0.29554,0.20904,0.84600,-0.37057,-0.15970,-0.36069,0.29482,0.21328,0.84752,-0.37456,-0.15992,-0.36452,0.29482,0.21328,0.84752,-0.37456,-0.15992,-0.36452,0.0000,0.0000,-0.0001,0.0000,-0.0000,0.3959,-0.0799,-0.0356,0.00,0.2884,0.0973,0.1519,0.0852
5.940,detect,0.29554,0.20904,0.84600,-0.37057,-0.15970,-0.36069,0.29482,0.21328,0.84752,-0.37456,-0.15992,-0.36452,0.29482,0.21328,0.84752,-0.37456,-0.15992,-0.36452,0.0000,0.0000,-0.0001,0.0000,-0.0000,0.3959,-0.0799,-0.0356,0.00,0.2884,0.0973,0.1519,0.0852
5.960,detect,0.29554,0.20904,0.84600,-0.37057,-0.15970,-0.36069,0.29482,0.21328,0.84752,-0.37456,-0.15992,-0.36452,0.29482,0.21328,0.84752,-0.37456,-0.15992,-0.36452,0.0000,0.0000,-0.0001,0.0000,-0.0000,0.3959,-0.0799,-0.0356,0.00,0.2884,0.0973,0.1519,0.0852
5.980,detect,0.29554,0.20904,0.84600,-0.37057,-0.15970,-0.36069,0.29482,0.21328,0.84752,-0.37456,-0.15992,-0.36452,0.29482,0.21328,0.84752,-0.37456,-0.15992,-0.36452,0.0000,0.0000,-0.0001,0.0000,-0.0000,0.3959,-0.0799,-0.0356,0.00,0.2884,0.0973,0.1519,0.0852
6.000,detect,0.29554,0.20904,0.84600,-0.37057,-0.15970,-0.36069,0.29482,0.21328,0.84752,-0.37456,-0.15992,-0.36452,0.29482,0.21328,0.84752,-0.37456,-0.15992,-0.36452,0.0000,0.0000,-0.0001,0.0000,-0.0000,0.3959,-0.0799,-0.0356,0.00,0.2884,0.0973,0.1519,0.0852
6.020,detect,0.29554,0.20904,0.84600,-0.37057,-0.15970,-0.36069,0.29482,0.21328,0.84752,-0.37456,-0.15992,-0.36452,0.29482,0.21328,0.84752,-0.37456,-0.15992,-0.36452,0.0000,0.0000,-0.0001,0.0000,-0.0000,0.3959,-0.0799,-0.0356,0.00,0.2884,0.0973,0.1519,0.0852
6.040,detect,0.29554,0.20904,0.84600,-0.37057,-0.15970,-0.36069,0.29482,0.21328,0.84752,-0.37456,-0.15992,-0.36452,0.29482,0.21328,0.84752,-0.37456,-0.15992,-0.36452,0.0000,0.0000,-0.0001,0.0000,-0.0000,0.3959,-0.0799,-0.0356,0.00,0.2884,0.0973,0.1519,0.0852
6.060,detect,0.29554,0.20904,0.84600,-0.37057,-0.15970,-0.36069,0.29482,0.21328,0.84752,-0.37456,-0.15992,-0.36452,0.29482,0.21328,0.84752,-0.37456,-0.15992,-0.36452,0.0000,0.0000,-0.0001,0.0000,-0.0000,0.3959,-0.0799,-0.0356,0.00,0.2884,0.0973,0.1519,0.0852
6.080,detect,0.29554,0.20904,0.84600,-0.37057,-0.15970,-0.36069,0.29482,0.21328,0.84752,-0.37456,-0.15992,-0.36452,0.29482,0.21328,0.84752,-0.37456,-0.15992,-0.36453,0.0000,0.0000,-0.0001,0.0000,-0.0000,0.3959,-0.0799,-0.0356,0.00,0.2884,0.0973,0.1519,0.0852
6.100,detect,0.29554,0.20904,0.84600,-0.37057,-0.15970,-0.36069,0.29482,0.21328,0.84752,-0.37456,-0.15992,-0.36452,0.29482,0.21328,0.84752,-0.37456,-0.15992,-0.36453,0.0000,0.0000,-0.0001,0.0000,-0.0000,0.3959,-0.0799,-0.0356,0.00,0.2884,0.0973,0.1519,0.0852
6.120,detect,0.29554,0.20904,0.84600,-0.37057,-0.15970,-0.36069,0.29482,0.21328,0.84752,-0.37456,-0.15992,-0.36452,0.29482,0.21328,0.84752,-0.37456,-0.15992,-0.36453,0.0000,0.0000,-0.0001,0.0000,-0.0000,0.3959,-0.0799,-0.0356,0.00,0.2884,0.0973,0.1519,0.0852
6.140,moving,0.29554,0.20904,0.84600,-0.37057,-0.15970,-0.36069,0.29482,0.21328,0.84752,-0.37456,-0.15992,-0.36452,0.29482,0.21328,0.84752,-0.37456,-0.15992,-0.36453,0.0000,0.0000,-0.0001,0.0000,-0.0000,0.3959,-0.0799,-0.0356,0.00,0.2884,0.0973,0.1519,0.0852
6.160,moving,-0.21395,0.51764,0.43792,-0.88278,0.23394,-1.20674,0.29482,0.21328,0.84752,-0.37456,-0.15992,-0.36453,0.29482,0.21328,0.84752,-0.37456,-0.15992,-0.36453,0.0000,0.0000,-0.0001,0.0000,-0.0000,0.3959,-0.0799,-0.0356,0.00,0.2884,0.0973,0.1519,0.0852
6.180,moving,-0.21395,0.51764,0.43792,-0.88278,0.23394,-1.20674,0.29482,0.21328,0.84752,-0.37456,-0.15992,-0.36453,0.29482,0.21328,0.84752,-0.37456,-0.15992,-0.36453,0.0000,0.0000,-0.0001,0.0000,-0.0000,0.3959,-0.0799,-0.0356,0.00,0.2884,0.0973,0.1519,0.0852
6.200,moving,-0.21395,0.51764,0.43792,-0.88278,0.23394,-1.20674,0.29482,0.21328,0.84752,-0.37456,-0.15992,-0.36453,0.29269,0.21557,0.84518,-0.37747,-0.15761,-0.36693,0.0000,0.0000,-0.0001,0.0000,-0.0000,0.3960,-0.0799,-0.0356,0.00,0.2889,0.0967,0.1515,0.0851
6.220,moving,-0.21395,0.51764,0.43792,-0.88278,0.23394,-1.20674,0.29482,0.21328,0.84752,-0.37456,-0.15992,-0.36453,0.28439,0.22405,0.83664,-0.38669,-0.14911,-0.37555,0.0000,0.0000,-0.0001,0.0000,-0.0000,0.3960,-0.0799,-0.0356,0.00,0.2907,0.0942,0.1501,0.0851
6.240,moving,-0.21395,0.51764,0.43792,-0.88278,0.23394,-1.20674,0.29482,0.21328,0.84752,-0.37456,-0.15992,-0.36453,0.26986,0.23873,0.82188,-0.40197,-0.13440,-0.39030,0.0000,0.0000,-0.0001,0.0000,-0.0000,0.3961,-0.0798,-0.0357,0.00,0.2939,0.0898,0.1476,0.0851
6.260,moving,-0.21395,0.51764,0.43792,-0.88278,0.23394,-1.20674,0.29482,0.21328,0.84752,-0.37456,-0.15992,-0.36453,0.24912,0.25962,0.80086,-0.42338,-0.11347,-0.41117,0.0000,0.0000,-0.0001,0.0000,-0.0000,0.3963,-0.0798,-0.0357,0.00,0.2983,0.0832,0.1440,0.0851
6.280,moving,-0.21395,0.51764,0.43792,-0.88278,0.23394,-1.20674,0.24912,0.25962,0.80086,-0.42338,-0.11347,-0.41117,0.22421,0.28516,0.77631,-0.44740,-0.08854,-0.43591,0.0000,0.0000,-0.0001,0.0000,-0.0000,0.3964,-0.0798,-0.0357,0.00,0.3033,0.0748,0.1393,0.0851
6.300,moving,-0.21395,0.51764,0.43792,-0.88278,0.23394,-1.20674,0.24912,0.25962,0.80086,-0.42338,-0.11347,-0.41117,0.21284,0.29971,0.76762,-0.45206,-0.07982,-0.44393,0.0000,0.0000,-0.0001,0.0000,-0.0000,0.3963,-0.0800,-0.0355,0.00,0.3049,0.0708,0.1360,0.0852
6.320,moving,-0.21395,0.51764,0.43792,-0.88278,0.23394,-1.20674,0.24912,0.25962,0.80086,-0.42338,-0.11347,-0.41117,0.20495,0.30726,0.75912,-0.46137,-0.07124,-0.45227,0.0000,0.0000,-0.0001,0.0000,-0.0000,0.3961,-0.0800,-0.0355,0.00,0.3066,0.0680,0.1348,0.0851
6.340,moving,-0.21395,0.51764,0.43792,-0.88278,0.23394,-1.20674,0.24912,0.25962,0.80086,-0.42338,-0.11347,-0.41117,0.19079,0.32110,0.74423,-0.47679,-0.05651,-0.46674,0.0000,0.0000,-0.0001,0.0000,-0.0000,0.3960,-0.0799,-0.0355,0.00,0.3094,0.0629,0.1325,0.0852
6.360,moving,-0.21395,0.51764,0.43792,-0.88278,0.23394,-1.20674,0.24912,0.25962,0.80086,-0.42338,-0.11347,-0.41117,0.17031,0.34132,0.72307,-0.49827,-0.03555,-0.48739,0.0000,0.0000,-0.0001,0.0000,-0.0000,0.3959,-0.0798,-0.0357,0.00,0.3133,0.0553,0.1291,0.0851
6.380,moving,-0.21395,0.51764,0.43792,-0.88278,0.23394,-1.20674,0.24912,0.25962,0.80086,-0.42338,-0.11347,-0.41117,0.14562,0.36630,0.69838,-0.52233,-0.01057,-0.51195,0.0000,0.0000,-0.0001,0.0000,-0.0000,0.3959,-0.0797,-0.0357,0.00,0.3175,0.0458,0.1246,0.0852
6.400,moving,-0.21395,0.51764,0.43792,-0.88278,0.23394,-1.20674,0.14562,0.36630,0.69838,-0.52233,-0.01057,-0.51195,0.13389,0.38073,0.68968,-0.52727,-0.00178,-0.52002,0.0000,0.0000,-0.0001,0.0000,-0.0000,0.3958,-0.0800,-0.0354,0.00,0.3187,0.0413,0.1213,0.0853
6.420,moving,-0.21395,0.51764,0.43792,-0.88278,0.23394,-1.20674,0.14562,0.36630,0.69838,-0.52233,-0.01057,-0.51195,0.12627,0.38786,0.68122,-0.53654,0.00684,-0.52818,0.0000,0.0000,-0.0001,0.0000,-0.0000,0.3956,-0.0801,-0.0354,0.00,0.3200,0.0382,0.1202,0.0852
6.440,moving,-0.21395,0.51764,0.43792,-0.88278,0.23394,-1.20674,0.14562,0.36630,0.69838,-0.52233,-0.01057,-0.51195,0.11230,0.40134,0.66629,-0.55189,0.02154,-0.54256,0.0000,0.0000,-0.0001,0.0000,-0.0000,0.3956,-0.0800,-0.0354,0.00,0.3224,0.0324,0.1180,0.0853
6.460,moving,-0.21395,0.51764,0.43792,-0.88278,0.23394,-1.20674,0.14562,0.36630,0.69838,-0.52233,-0.01057,-0.51195,0.09201,0.42127,0.64511,-0.57327,0.04249,-0.56310,0.0000,0.0000,-0.0001,0.0000,-0.0000,0.3957,-0.0798,-0.0356,0.00,0.3256,0.0239,0.1147,0.0852
6.480,moving,-0.21395,0.51764,0.43792,-0.88278,0.23394,-1.20674,0.14562,0.36630,0.69838,-0.52233,-0.01057,-0.51195,0.06747,0.44600,0.62032,-0.59730,0.06748,-0.58765,0.0000,0.0000,-0.0001,0.0000,-0.0000,0.3958,-0.0797,-0.0357,0.00,0.3289,0.0132,0.1104,0.0852
6.500,moving,-0.21395,0.51764,0.43792,-0.88278,0.23394,-1.20674,0.14562,0.36630,0.69838,-0.52233,-0.01057,-0.51195,0.05494,0.46032,0.61154,-0.60326,0.07636,-0.59588,0.0000,0.0000,-0.0001,0.0000,-0.0000,0.3958,-0.0800,-0.0354,0.00,0.3296,0.0081,0.1070,0.0853
6.520,moving,-0.21395,0.51764,0.43792,-0.88278,0.23394,-1.20674,0.05494,0.46032,0.61154,-0.60326,0.07636,-0.59588,0.04761,0.46743,0.60312,-0.61240,0.08495,-0.60410,0.0000,0.0000,-0.0001,0.0000,-0.0000,0.3957,-0.0802,-0.0353,0.00,0.3307,0.0047,0.1059,0.0852
6.540,moving,-0.21395,0.51764,0.43792,-0.88278,0.23394,-1.20674,0.05494,0.46032,0.61154,-0.60326,0.07636,-0.59588,0.03387,0.48072,0.58826,-0.62752,0.09967,-0.61861,0.0000,0.0000,-0.0001,0.0000,-0.0000,0.3958,-0.0801,-0.0354,0.00,0.3325,-0.0016,0.1039,0.0853
6.560,moving,-0.21395,0.51764,0.43792,-0.88278,0.23394,-1.20674,0.05494,0.46032,0.61154,-0.60326,0.07636,-0.59588,0.01375,0.49955,0.56723,-0.64870,0.12060,-0.63922,0.0000,0.0000,-0.0001,0.0000,-0.0000,0.3959,-0.0799,-0.0355,0.00,0.3349,-0.0109,0.1009,0.0852
6.580,moving,-0.21395,0.51764,0.43792,-0.88278,0.23394,-1.20674,0.05494,0.46032,0.61154,-0.60326,0.07636,-0.59588,-0.01065,0.51423,0.54268,-0.67294,0.14560,-0.66370,0.0000,0.0000,-0.0001,0.0000,-0.0000,0.3960,-0.0797,-0.0356,0.00,0.3380,-0.0225,0.1000,0.0852
6.600,moving,-0.21395,0.51764,0.43792,-0.88278,0.23394,-1.20674,0.05494,0.46032,0.61154,-0.60326,0.07636,-0.59588,-0.02400,0.51857,0.53337,-0.67982,0.15453,-0.67208,0.0000,0.0000,-0.0001,0.0000,-0.0000,0.3959,-0.0801,-0.0354,0.00,0.3391,-0.0282,0.1001,0.0853
6.620,moving,-0.21395,0.51764,0.43792,-0.88278,0.23394,-1.20674,0.05494,0.46032,0.61154,-0.60326,0.07636,-0.59588,-0.03104,0.52381,0.52502,-0.68884,0.16307,-0.68064,0.0000,0.0000,-0.0001,0.0000,-0.0000,0.3959,-0.0803,-0.0352,0.00,0.3401,-0.0319,0.0998,0.0852
6.640,moving,-0.21395,0.51764,0.43792,-0.88278,0.23394,-1.20674,-0.03104,0.52381,0.52502,-0.68884,0.16307,-0.68064,-0.04455,0.52468,0.51046,-0.70391,0.17782,-0.69528,0.0000,0.0000,-0.0001,0.0000,-0.0000,0.3959,-0.0802,-0.0352,0.00,0.3423,-0.0387,0.1020,0.0853
6.660,moving,-0.21395,0.51764,0.43792,-0.88278,0.23394,-1.20674,-0.03104,0.52381,0.52502,-0.68884,0.16307,-0.68064,-0.06449,0.52432,0.48962,-0.72497,0.19854,-0.71612,0.0000,0.0000,-0.0001,0.0000,-0.0000,0.3958,-0.0800,-0.0355,0.00,0.3455,-0.0489,0.1059,0.0852
6.680,moving,-0.21395,0.51764,0.43792,-0.88278,0.23394,-1.20674,-0.03104,0.52381,0.52502,-0.68884,0.16307,-0.68064,-0.08881,0.52392,0.46683,-0.74892,0.21698,-0.74068,0.0000,0.0000,-0.0001,0.0000,-0.0000,0.3959,-0.0798,-0.0356,0.00,0.3492,-0.0607,0.1106,0.0852
6.700,moving,-0.21395,0.51764,0.43792,-0.88278,0.23394,-1.20674,-0.03104,0.52381,0.52502,-0.68884,0.16307,-0.68064,-0.10211,0.52335,0.45809,-0.75641,0.22319,-0.74925,0.0000,0.0000,-0.0001,0.0000,-0.0000,0.3958,-0.0802,-0.0353,0.00,0.3503,-0.0665,0.1126,0.0852
6.720,moving,-0.21395,0.51764,0.43792,-0.88278,0.23394,-1.20674,-0.03104,0.52381,0.52502,-0.68884,0.16307,-0.68064,-0.10904,0.52327,0.45005,-0.76531,0.23099,-0.75798,0.0000,0.0000,-0.0001,0.0000,-0.0000,0.3958,-0.0804,-0.0351,0.00,0.3514,-0.0704,0.1143,0.0852
6.740,moving,-0.21395,0.51764,0.43792,-0.88278,0.23394,-1.20674,-0.03104,0.52381,0.52502,-0.68884,0.16307,-0.68064,-0.12253,0.52308,0.44011,-0.78003,0.23518,-0.77286,0.0000,0.0000,-0.0001,0.0000,-0.0000,0.3958,-0.0803,-0.0352,0.00,0.3532,-0.0765,0.1167,0.0852
6.760,moving,-0.21395,0.51764,0.43792,-0.88278,0.23394,-1.20674,-0.12253,0.52308,0.44011,-0.78003,0.23518,-0.77286,-0.14241,0.52290,0.43604,-0.80073,0.23547,-0.79385,0.0000,0.0000,-0.0001,0.0000,-0.0000,0.3958,-0.0801,-0.0354,0.00,0.3532,-0.0844,0.1180,0.0852
6.780,moving,-0.21395,0.51764,0.43792,-0.88278,0.23394,-1.20674,-0.12253,0.52308,0.44011,-0.78003,0.23518,-0.77286,-0.16662,0.52277,0.43589,-0.82482,0.23550,-0.81852,0.0000,0.0000,-0.0001,0.0000,-0.0000,0.3958,-0.0799,-0.0355,0.00,0.3516,-0.0938,0.1185,0.0852
6.800,moving,-0.21395,0.51764,0.43792,-0.88278,0.23394,-1.20674,-0.12253,0.52308,0.44011,-0.78003,0.23518,-0.77286,-0.17903,0.52259,0.43639,-0.83310,0.23577,-0.82710,0.0000,0.0000,-0.0001,0.0000,-0.0000,0.3958,-0.0802,-0.0353,0.00,0.3504,-0.0984,0.1186,0.0852
6.820,moving,-0.21395,0.51764,0.43792,-0.88278,0.23394,-1.20674,-0.12253,0.52308,0.44011,-0.78003,0.23518,-0.77286,-0.18605,0.52258,0.43646,-0.84181,0.23579,-0.83589,0.0000,0.0000,-0.0001,0.0000,-0.0000,0.3958,-0.0805,-0.0351,0.00,0.3499,-0.1012,0.1188,0.0852
6.840,moving,-0.21395,0.51764,0.43792,-0.88278,0.23394,-1.20674,-0.12253,0.52308,0.44011,-0.78003,0.23518,-0.77286,-0.19929,0.52254,0.43652,-0.85666,0.23580,-0.85082,0.0000,0.0000,-0.0001,0.0000,-0.0000,0.3959,-0.0804,-0.0352,0.00,0.3488,-0.1063,0.1191,0.0852
6.860,moving,-0.21395,0.51764,0.43792,-0.88278,0.23394,-1.20674,-0.12253,0.52308,0.44011,-0.78003,0.23518,-0.77286,-0.21051,0.52247,0.43672,-0.87178,0.23590,-0.87184,0.0000,0.0000,-0.0001,0.0000,-0.0000,0.3959,-0.0803,-0.0352,0.00,0.3478,-0.1107,0.1193,0.0852
6.880,moving,-0.21395,0.51764,0.43792,-0.88278,0.23394,-1.20674,-0.21051,0.52247,0.43672,-0.87178,0.23590,-0.87184,-0.21554,0.52241,0.43687,-0.88037,0.23600,-0.89663,0.0000,0.0000,-0.0001,0.0000,-0.0000,0.3959,-0.0804,-0.0352,0.00,0.3474,-0.1128,0.1195,0.0852
6.900,moving,-0.21395,0.51764,0.43792,-0.88278,0.23394,-1.20674,-0.21051,0.52247,0.43672,-0.87178,0.23590,-0.87184,-0.21585,0.52237,0.43697,-0.88270,0.23609,-0.90528,0.0000,0.0000,-0.0001,0.0000,-0.0000,0.3960,-0.0804,-0.0351,0.00,0.3474,-0.1130,0.1195,0.0852
6.920,moving,-0.21395,0.51764,0.43792,-0.88278,0.23394,-1.20674,-0.21051,0.52247,0.43672,-0.87178,0.23590,-0.87184,-0.21533,0.52235,0.43701,-0.88300,0.23611,-0.91394,0.0000,0.0000,-0.0001,0.0000,-0.0000,0.3960,-0.0804,-0.0351,0.00,0.3474,-0.1128,0.1195,0.0852
6.940,moving,-0.21395,0.51764,0.43792,-0.88278,0.23394,-1.20674,-0.21051,0.52247,0.43672,-0.87178,0.23590,-0.87184,-0.21489,0.52233,0.43703,-0.88310,0.23611,-0.92878,0.0000,0.0000,-0.0001,0.0000,-0.0000,0.3960,-0.0803,-0.0352,0.00,0.3475,-0.1127,0.1195,0.0852
6.960,moving,-0.21395,0.51764,0.43792,-0.88278,0.23394,-1.20674,-0.21051,0.52247,0.43672,-0.87178,0.23590,-0.87184,-0.21454,0.52232,0.43705,-0.88318,0.23611,-0.94978,0.0000,0.0000,-0.0001,0.0000,-0.0000,0.3960,-0.0802,-0.0353,0.00,0.3475,-0.1125,0.1195,0.0852
6.980,moving,-0.21395,0.51764,0.43792,-0.88278,0.23394,-1.20674,-0.21051,0.52247,0.43672,-0.87178,0.23590,-0.87184,-0.21425,0.52230,0.43707,-0.88316,0.23611,-0.97457,0.0000,0.0000,-0.0001,0.0000,-0.0000,0.3960,-0.0802,-0.0353,0.00,0.3475,-0.1124,0.1195,0.0852
7.000,moving,-0.21395,0.51764,0.43792,-0.88278,0.23394,-1.20674,-0.21425,0.52230,0.43707,-0.88316,0.23611,-0.97457,-0.21403,0.52229,0.43708,-0.88283,0.23614,-0.98317,0.0000,0.0000,-0.0001,0.0000,-0.0000,0.3960,-0.0802,-0.0353,0.00,0.3476,-0.1123,0.1195,0.0852
7.020,moving,-0.21395,0.51764,0.43792,-0.88278,0.23394,-1.20674,-0.21425,0.52230,0.43707,-0.88316,0.23611,-0.97457,-0.21383,0.52229,0.43709,-0.88294,0.23614,-0.99179,0.0000,0.0000,-0.0001,0.0000,-0.0000,0.3959,-0.0802,-0.0353,0.00,0.3476,-0.1123,0.1195,0.0852
7.040,moving,-0.21395,0.51764,0.43792,-0.88278,0.23394,-1.20674,-0.21425,0.52230,0.43707,-0.88316,0.23611,-0.97457,-0.21367,0.52228,0.43709,-0.88303,0.23615,-1.00659,0.0000,0.0000,-0.0001,0.0000,-0.0000,0.3959,-0.0802,-0.0353,0.00,0.3476,-0.1122,0.1195,0.0852
7.060,moving,-0.21395,0.51764,0.43792,-0.88278,0.23394,-1.20674,-0.21425,0.52230,0.43707,-0.88316,0.23611,-0.97457,-0.21354,0.52228,0.43710,-0.88311,0.23615,-1.02757,0.0000,0.0000,-0.0001,0.0000,-0.0000,0.3959,-0.0803,-0.0353,0.00,0.3476,-0.1122,0.1195,0.0852
7.080,moving,-0.21395,0.51764,0.43792,-0.88278,0.23394,-1.20674,-0.21425,0.52230,0.43707,-0.88316,0.23611,-0.97457,-0.21343,0.52228,0.43710,-0.88309,0.23616,-1.05237,0.0000,0.0000,-0.0001,0.0000,-0.0000,0.3959,-0.0803,-0.0353,0.00,0.3476,-0.1122,0.1195,0.0852
7.100,moving,-0.21395,0.51764,0.43792,-0.88278,0.23394,-1.20674,-0.21425,0.52230,0.43707,-0.88316,0.23611,-0.97457,-0.21336,0.52228,0.43711,-0.88275,0.23620,-1.06096,0.0000,0.0000,-0.0001,0.0000,-0.0000,0.3959,-0.0803,-0.0353,0.00,0.3476,-0.1121,0.1195,0.0852
7.120,moving,-0.21395,0.51764,0.43792,-0.88278,0.23394,-1.20674,-0.21336,0.52228,0.43711,-0.88275,0.23620,-1.06096,-0.21329,0.52228,0.43711,-0.88287,0.23620,-1.06955,0.0000,0.0000,-0.0001,0.0000,-0.0000,0.3959,-0.0802,-0.0353,0.00,0.3476,-0.1121,0.1195,0.0852
7.140,moving,-0.21395,0.51764,0.43792,-0.88278,0.23394,-1.20674,-0.21336,0.52228,0.43711,-0.88275,0.23620,-1.06096,-0.21323,0.52228,0.43711,-0.88296,0.23620,-1.08434,0.0000,0.0000,-0.0001,0.0000,-0.0000,0.3959,-0.0802,-0.0353,0.00,0.3476,-0.1121,0.1195,0.0852
7.160,moving,-0.21395,0.51764,0.43792,-0.88278,0.23394,-1.20674,-0.21336,0.52228,0.43711,-0.88275,0.23620,-1.06096,-0.21318,0.52227,0.43711,-0.88303,0.23620,-1.10531,0.0000,0.0000,-0.0001,0.0000,-0.0000,0.3959,-0.0802,-0.0353,0.00,0.3476,-0.1121,0.1195,0.0852
7.180,moving,-0.21395,0.51764,0.43792,-0.88278,0.23394,-1.20674,-0.21336,0.52228,0.43711,-0.88275,0.23620,-1.06096,-0.21314,0.52227,0.43711,-0.88301,0.23621,-1.13011,0.0000,0.0000,-0.0001,0.0000,-0.0000,0.3959,-0.0802,-0.0353,0.00,0.3476,-0.1121,0.1195,0.0852
7.200,moving,-0.21395,0.51764,0.43792,-0.88278,0.23394,-1.20674,-0.21336,0.52228,0.43711,-0.88275,0.23620,-1.06096,-0.21312,0.52227,0.43712,-0.88268,0.23625,-1.13869,0.0000,0.0000,-0.0001,0.0000,-0.0000,0.3959,-0.0802,-0.0353,0.00,0.3476,-0.1120,0.1195,0.0852
7.220,moving,-0.21395,0.51764,0.43792,-0.88278,0.23394,-1.20674,-0.21336,0.52228,0.43711,-0.88275,0.23620,-1.06096,-0.21309,0.52227,0.43712,-0.88280,0.23624,-1.14728,0.0000,0.0000,-0.0001,0.0000,-0.0000,0.3959,-0.0802,-0.0353,0.00,0.3476,-0.1120,0.1195,0.0852
7.240,moving,-0.21395,0.51764,0.43792,-0.88278,0.23394,-1.20674,-0.21309,0.52227,0.43712,-0.88280,0.23624,-1.14728,-0.21307,0.52227,0.43712,-0.88289,0.23624,-1.16206,0.0000,0.0000,-0.0001,0.0000,-0.0000,0.3959,-0.0802,-0.0353,0.00,0.3476,-0.1120,0.1195,0.0852
7.260,moving,-0.21395,0.51764,0.43792,-0.88278,0.23394,-1.20674,-0.21309,0.52227,0.43712,-0.88280,0.23624,-1.14728,-0.21305,0.52227,0.43712,-0.88288,0.23625,-1.18138,0.0000,0.0000,-0.0001,0.0000,-0.0000,0.3959,-0.0802,-0.0353,0.00,0.3476,-0.1120,0.1195,0.0852
7.280,moving,-0.21395,0.51764,0.43792,-0.88278,0.23394,-1.20674,-0.21309,0.52227,0.43712,-0.88280,0.23624,-1.14728,-0.21304,0.52227,0.43713,-0.88276,0.23627,-1.19564,0.0000,0.0000,-0.0001,0.0000,-0.0000,0.3959,-0.0802,-0.0353,0.00,0.3476,-0.1120,0.1195,0.0852
7.300,moving,-0.21395,0.51764,0.43792,-0.88278,0.23394,-1.20674,-0.21309,0.52227,0.43712,-0.88280,0.23624,-1.14728,-0.21303,0.52227,0.43713,-0.88265,0.23629,-1.20054,0.0000,0.0000,-0.0001,0.0000,-0.0000,0.3959,-0.0802,-0.0353,0.00,0.3476,-0.1120,0.1195,0.0852
7.320,moving,-0.21395,0.51764,0.43792,-0.88278,0.23394,-1.20674,-0.21309,0.52227,0.43712,-0.88280,0.23624,-1.14728,-0.21302,0.52227,0.43713,-0.88264,0.23630,-1.20516,0.0000,0.0000,-0.0001,0.0000,-0.0000,0.3959,-0.0802,-0.0353,0.00,0.3476,-0.1120,0.1195,0.0852
7.340,moving,-0.21395,0.51764,0.43792,-0.88278,0.23394,-1.20674,-0.21309,0.52227,0.43712,-0.88280,0.23624,-1.14728,-0.21301,0.52227,0.43713,-0.88261,0.23631,-1.20568,0.0000,0.0000,-0.0001,0.0000,-0.0000,0.3959,-0.0802,-0.0353,0.00,0.3476,-0.1120,0.1195,0.0852
7.360,moving,-0.21395,0.51764,0.43792,-0.88278,0.23394,-1.20674,-0.21301,0.52227,0.43713,-0.88261,0.23631,-1.20568,-0.21301,0.52227,0.43713,-0.88264,0.23631,-1.20569,0.0000,0.0000,-0.0001,0.0000,-0.0000,0.3959,-0.0802,-0.0353,0.00,0.3476,-0.1120,0.1195,0.0852
7.380,moving,-0.21395,0.51764,0.43792,-0.88278,0.23394,-1.20674,-0.21301,0.52227,0.43713,-0.88261,0.23631,-1.20568,-0.21300,0.52227,0.43713,-0.88265,0.23631,-1.20570,0.0000,0.0000,-0.0001,0.0000,-0.0000,0.3959,-0.0802,-0.0353,0.00,0.3476,-0.1120,0.1195,0.0852
7.400,moving,-0.21395,0.51764,0.43792,-0.88278,0.23394,-1.20674,-0.21301,0.52227,0.43713,-0.88261,0.23631,-1.20568,-0.21300,0.52227,0.43713,-0.88267,0.23631,-1.20571,0.0000,0.0000,-0.0001,0.0000,-0.0000,0.3959,-0.0802,-0.0353,0.00,0.3476,-0.1120,0.1195,0.0852
7.420,moving,-0.21395,0.51764,0.43792,-0.88278,0.23394,-1.20674,-0.21301,0.52227,0.43713,-0.88261,0.23631,-1.20568,-0.21299,0.52227,0.43713,-0.88268,0.23632,-1.20572,0.0000,0.0000,-0.0001,0.0000,-0.0000,0.3959,-0.0802,-0.0353,0.00,0.3476,-0.1120,0.1195,0.0852
7.440,moving,-0.21395,0.51764,0.43792,-0.88278,0.23394,-1.20674,-0.21301,0.52227,0.43713,-0.88261,0.23631,-1.20568,-0.21299,0.52227,0.43713,-0.88269,0.23632,-1.20573,0.0000,0.0000,-0.0001,0.0000,-0.0000,0.3959,-0.0802,-0.0353,0.00,0.3476,-0.1120,0.1195,0.0852
7.460,moving,-0.21395,0.51764,0.43792,-0.88278,0.23394,-1.20674,-0.21301,0.52227,0.43713,-0.88261,0.23631,-1.20568,-0.21298,0.52227,0.43713,-0.88270,0.23632,-1.20574,0.0000,0.0000,-0.0001,0.0000,-0.0000,0.3959,-0.0802,-0.0353,0.00,0.3476,-0.1120,0.1195,0.0852
7.480,moving,-0.21395,0.51764,0.43792,-0.88278,0.23394,-1.20674,-0.21298,0.52227,0.43713,-0.88270,0.23632,-1.20574,-0.21298,0.52227,0.43713,-0.88270,0.23632,-1.20574,0.0000,0.0000,-0.0001,0.0000,-0.0000,0.3959,-0.0802,-0.0353,0.00,0.3476,-0.1120,0.1195,0.0852
7.500,moving,-0.21395,0.51764,0.43792,-0.88278,0.23394,-1.20674,-0.21298,0.52227,0.43713,-0.88270,0.23632,-1.20574,-0.21298,0.52227,0.43713,-0.88271,0.23633,-1.20575,0.0000,0.0000,-0.0001,0.0000,-0.0000,0.3959,-0.0802,-0.0353,0.00,0.3476,-0.1120,0.1195,0.0852
7.520,moving,-0.21395,0.51764,0.43792,-0.88278,0.23394,-1.20674,-0.21298,0.52227,0.43713,-0.88270,0.23632,-1.20574,-0.21298,0.52227,0.43713,-0.88272,0.23633,-1.20575,0.0000,0.0000,-0.0001,0.0000,-0.0000,0.3959,-0.0802,-0.0353,0.00,0.3476,-0.1120,0.1195,0.0852
7.540,moving,-0.21395,0.51764,0.43792,-0.88278,0.23394,-1.20674,-0.21298,0.52227,0.43713,-0.88270,0.23632,-1.20574,-0.21298,0.52227,0.43713,-0.88272,0.23633,-1.20575,0.0000,0.0000,-0.0001,0.0000,-0.0000,0.3959,-0.0802,-0.0353,0.00,0.3476,-0.1120,0.1195,0.0852
7.560,moving,-0.21395,0.51764,0.43792,-0.88278,0.23394,-1.20674,-0.21298,0.52227,0.43713,-0.88270,0.23632,-1.20574,-0.21298,0.52227,0.43713,-0.88272,0.23633,-1.20575,0.0000,0.0000,-0.0001,0.0000,-0.0000,0.3959,-0.0802,-0.0353,0.00,0.3476,-0.1120,0.1195,0.0852
7.580,moving,-0.21395,0.51764,0.43792,-0.88278,0.23394,-1.20674,-0.21298,0.52227,0.43713,-0.88270,0.23632,-1.20574,-0.21298,0.52227,0.43713,-0.88272,0.23633,-1.20575,0.0000,0.0000,-0.0001,0.0000,-0.0000,0.3959,-0.0802,-0.0353,0.00,0.3476,-0.1120,0.1195,0.0852
7.600,moving,-0.21395,0.51764,0.43792,-0.88278,0.23394,-1.20674,-0.21298,0.52227,0.43713,-0.88272,0.23633,-1.20575,-0.21298,0.52227,0.43713,-0.88273,0.23633,-1.20576,0.0000,0.0000,-0.0001,0.0000,-0.0000,0.3959,-0.0802,-0.0353,0.00,0.3476,-0.1120,0.1195,0.0852
7.620,moving,-0.21395,0.51764,0.43792,-0.88278,0.23394,-1.20674,-0.21298,0.52227,0.43713,-0.88272,0.23633,-1.20575,-0.21297,0.52227,0.43713,-0.88273,0.23633,-1.20576,0.0000,0.0000,-0.0001,0.0000,-0.0000,0.3959,-0.0802,-0.0353,0.00,0.3476,-0.1120,0.1195,0.0852
7.640,moving,-0.21395,0.51764,0.43792,-0.88278,0.23394,-1.20674,-0.21298,0.52227,0.43713,-0.88272,0.23633,-1.20575,-0.21297,0.52227,0.43713,-0.88273,0.23633,-1.20576,0.0000,0.0000,-0.0001,0.0000,-0.0000,0.3959,-0.0802,-0.0353,0.00,0.3476,-0.1120,0.1195,0.0852
7.660,moving,-0.21395,0.51764,0.43792,-0.88278,0.23394,-1.20674,-0.21298,0.52227,0.43713,-0.88272,0.23633,-1.20575,-0.21297,0.52226,0.43713,-0.88273,0.23633,-1.20576,0.0000,0.0000,-0.0001,0.0000,-0.0000,0.3959,-0.0802,-0.0353,0.00,0.3476,-0.1120,0.1195,0.0852
7.680,moving,-0.21395,0.51764,0.43792,-0.88278,0.23394,-1.20674,-0.21298,0.52227,0.43713,-0.88272,0.23633,-1.20575,-0.21297,0.52226,0.43713,-0.88273,0.23633,-1.20576,0.0000,0.0000,-0.0001,0.0000,-0.0000,0.3959,-0.0802,-0.0353,0.00,0.3476,-0.1120,0.1195,0.0852
7.700,detect,-0.21395,0.51764,0.43792,-0.88278,0.23394,-1.20674,-0.21298,0.52227,0.43713,-0.88272,0.23633,-1.20575,-0.21297,0.52226,0.43713,-0.88274,0.23633,-1.20577,0.0000,0.0000,-0.0001,0.0000,-0.0000,0.3959,-0.0802,-0.0353,0.00,0.3476,-0.1120,0.1195,0.0852
7.720,detect,-0.21395,0.51764,0.43792,-0.88278,0.23394,-1.20674,-0.21297,0.52226,0.43713,-0.88274,0.23633,-1.20577,-0.21297,0.52226,0.43713,-0.88274,0.23633,-1.20577,0.0000,0.0000,-0.0001,0.0000,-0.0000,0.3959,-0.0802,-0.0353,0.00,0.3476,-0.1120,0.1195,0.0852
7.740,detect,-0.21395,0.51764,0.43792,-0.88278,0.23394,-1.20674,-0.21297,0.52226,0.43713,-0.88274,0.23633,-1.20577,-0.21297,0.52226,0.43713,-0.88274,0.23633,-1.20577,0.0000,0.0000,-0.0001,0.0000,-0.0000,0.3959,-0.0802,-0.0353,0.00,0.3476,-0.1120,0.1195,0.0852
7.760,detect,-0.21395,0.51764,0.43792,-0.88278,0.23394,-1.20674,-0.21297,0.52226,0.43713,-0.88274,0.23633,-1.20577,-0.21297,0.52226,0.43713,-0.88274,0.23633,-1.20577,0.0000,0.0000,-0.0001,0.0000,-0.0000,0.3959,-0.0802,-0.0353,0.00,0.3476,-0.1120,0.1195,0.0852
7.780,detect,-0.21395,0.51764,0.43792,-0.88278,0.23394,-1.20674,-0.21297,0.52226,0.43713,-0.88274,0.23633,-1.20577,-0.21297,0.52226,0.43713,-0.88274,0.23633,-1.20577,0.0000,0.0000,-0.0001,0.0000,-0.0000,0.3959,-0.0802,-0.0353,0.00,0.3476,-0.1120,0.1195,0.0852
7.800,detect,-0.21395,0.51764,0.43792,-0.88278,0.23394,-1.20674,-0.21297,0.52226,0.43713,-0.88274,0.23633,-1.20577,-0.21297,0.52227,0.43713,-0.88274,0.23633,-1.20577,0.0000,0.0000,-0.0001,0.0000,-0.0000,0.3959,-0.0802,-0.0353,0.00,0.3476,-0.1120,0.1195,0.0852
7.820,detect,-0.21395,0.51764,0.43792,-0.88278,0.23394,-1.20674,-0.21297,0.52226,0.43713,-0.88274,0.23633,-1.20577,-0.21297,0.52227,0.43713,-0.88274,0.23633,-1.20576,0.0000,0.0000,-0.0001,0.0000,-0.0000,0.3959,-0.0802,-0.0353,0.00,0.3476,-0.1120,0.1195,0.0852
7.840,detect,-0.21395,0.51764,0.43792,-0.88278,0.23394,-1.20674,-0.21297,0.52227,0.43713,-0.88274,0.23633,-1.20576,-0.21297,0.52227,0.43713,-0.88273,0.23633,-1.20576,0.0000,0.0000,-0.0001,0.0000,-0.0000,0.3959,-0.0802,-0.0353,0.00,0.3476,-0.1120,0.1195,0.0852
7.860,detect,-0.21395,0.51764,0.43792,-0.88278,0.23394,-1.20674,-0.21297,0.52227,0.43713,-0.88274,0.23633,-1.20576,-0.21297,0.52227,0.43713,-0.88273,0.23633,-1.20576,0.0000,0.0000,-0.0001,0.0000,-0.0000,0.3959,-0.0802,-0.0353,0.00,0.3476,-0.1120,0.1195,0.0852
7.880,detect,-0.21395,0.51764,0.43792,-0.88278,0.23394,-1.20674,-0.21297,0.52227,0.43713,-0.88274,0.23633,-1.20576,-0.21297,0.52227,0.43713,-0.88273,0.23633,-1.20576,0.0000,0.0000,-0.0001,0.0000,-0.0000,0.3959,-0.0802,-0.0353,0.00,0.3476,-0.1120,0.1195,0.0852
7.900,detect,-0.21395,0.51764,0.43792,-0.88278,0.23394,-1.20674,-0.21297,0.52227,0.43713,-0.88274,0.23633,-1.20576,-0.21297,0.52227,0.43713,-0.88273,0.23633,-1.20576,0.0000,0.0000,-0.0001,0.0000,-0.0000,0.3959,-0.0802,-0.0353,0.00,0.3476,-0.1120,0.1195,0.0852
7.920,detect,-0.21395,0.51764,0.43792,-0.88278,0.23394,-1.20674,-0.21297,0.52227,0.43713,-0.88274,0.23633,-1.20576,-0.21297,0.52227,0.43713,-0.88274,0.23633,-1.20576,0.0000,0.0000,-0.0001,0.0000,-0.0000,0.3959,-0.0802,-0.0353,0.00,0.3476,-0.1120,0.1195,0.0852
7.940,detect,-0.21395,0.51764,0.43792,-0.88278,0.23394,-1.20674,-0.21297,0.52227,0.43713,-0.88274,0.23633,-1.20576,-0.21297,0.52226,0.43713,-0.88274,0.23633,-1.20576,0.0000,0.0000,-0.0001,0.0000,-0.0000,0.3959,-0.0802,-0.0353,0.00,0.3476,-0.1120,0.1195,0.0852
7.960,detect,-0.21395,0.51764,0.43792,-0.88278,0.23394,-1.20674,-0.21297,0.52226,0.43713,-0.88274,0.23633,-1.20576,-0.21297,0.52226,0.43713,-0.88274,0.23633,-1.20577,0.0000,0.0000,-0.0001,0.0000,-0.0000,0.3959,-0.0802,-0.0353,0.00,0.3476,-0.1120,0.1195,0.0852
7.980,detect,-0.21395,0.51764,0.43792,-0.88278,0.23394,-1.20674,-0.21297,0.52226,0.43713,-0.88274,0.23633,-1.20576,-0.21297,0.52226,0.43713,-0.88274,0.23633,-1.20577,0.0000,0.0000,-0.0001,0.0000,-0.0000,0.3959,-0.0802,-0.0353,0.00,0.3476,-0.1120,0.1195,0.0852
8.000,detect,-0.21395,0.51764,0.43792,-0.88278,0.23394,-1.20674,-0.21297,0.52226,0.43713,-0.88274,0.23633,-1.20576,-0.21297,0.52227,0.43713,-0.88274,0.23633,-1.20576,0.0000,0.0000,-0.0001,0.0000,-0.0000,0.3959,-0.0802,-0.0353,0.00,0.3476,-0.1120,0.1195,0.0852
8.020,detect,-0.21395,0.51764,0.43792,-0.88278,0.23394,-1.20674,-0.21297,0.52226,0.43713,-0.88274,0.23633,-1.20576,-0.21297,0.52227,0.43713,-0.88273,0.23633,-1.20576,0.0000,0.0000,-0.0001,0.0000,-0.0000,0.3959,-0.0802,-0.0353,0.00,0.3476,-0.1120,0.1195,0.0852
8.040,detect,-0.21395,0.51764,0.43792,-0.88278,0.23394,-1.20674,-0.21297,0.52226,0.43713,-0.88274,0.23633,-1.20576,-0.21297,0.52227,0.43713,-0.88273,0.23633,-1.20576,0.0000,0.0000,-0.0001,0.0000,-0.0000,0.3959,-0.0802,-0.0353,0.00,0.3476,-0.1120,0.1195,0.0852
8.060,detect,-0.21395,0.51764,0.43792,-0.88278,0.23394,-1.20674,-0.21297,0.52226,0.43713,-0.88274,0.23633,-1.20576,-0.21297,0.52227,0.43713,-0.88273,0.23633,-1.20576,0.0000,0.0000,-0.0001,0.0000,-0.0000,0.3959,-0.0802,-0.0353,0.00,0.3476,-0.1120,0.1195,0.0852
8.080,detect,-0.21395,0.51764,0.43792,-0.88278,0.23394,-1.20674,-0.21297,0.52227,0.43713,-0.88273,0.23633,-1.20576,-0.21297,0.52227,0.43713,-0.88273,0.23633,-1.20576,0.0000,0.0000,-0.0001,0.0000,-0.0000,0.3959,-0.0802,-0.0353,0.00,0.3476,-0.1120,0.1195,0.0852
8.100,detect,-0.21395,0.51764,0.43792,-0.88278,0.23394,-1.20674,-0.21297,0.52227,0.43713,-0.88273,0.23633,-1.20576,-0.21297,0.52227,0.43713,-0.88273,0.23633,-1.20576,0.0000,0.0000,-0.0001,0.0000,-0.0000,0.3959,-0.0802,-0.0353,0.00,0.3476,-0.1120,0.1195,0.0852
8.120,detect,-0.21395,0.51764,0.43792,-0.88278,0.23394,-1.20674,-0.21297,0.52227,0.43713,-0.88273,0.23633,-1.20576,-0.21297,0.52227,0.43713,-0.88273,0.23633,-1.20576,0.0000,0.0000,-0.0001,0.0000,-0.0000,0.3959,-0.0802,-0.0353,0.00,0.3476,-0.1120,0.1195,0.0852
8.140,detect,-0.21395,0.51764,0.43792,-0.88278,0.23394,-1.20674,-0.21297,0.52227,0.43713,-0.88273,0.23633,-1.20576,-0.21297,0.52227,0.43713,-0.88273,0.23633,-1.20576,0.0000,0.0000,-0.0001,0.0000,-0.0000,0.3959,-0.0802,-0.0353,0.00,0.3476,-0.1120,0.1195,0.0852
8.160,detect,-0.21395,0.51764,0.43792,-0.88278,0.23394,-1.20674,-0.21297,0.52227,0.43713,-0.88273,0.23633,-1.20576,-0.21297,0.52227,0.43713,-0.88273,0.23633,-1.20576,0.0000,0.0000,-0.0001,0.0000,-0.0000,0.3959,-0.0802,-0.0353,0.00,0.3476,-0.1120,0.1195,0.0852
8.180,detect,-0.21395,0.51764,0.43792,-0.88278,0.23394,-1.20674,-0.21297,0.52227,0.43713,-0.88273,0.23633,-1.20576,-0.21297,0.52227,0.43713,-0.88273,0.23633,-1.20576,0.0000,0.0000,-0.0001,0.0000,-0.0000,0.3959,-0.0802,-0.0353,0.00,0.3476,-0.1120,0.1195,0.0852
8.200,detect,-0.21395,0.51764,0.43792,-0.88278,0.23394,-1.20674,-0.21297,0.52227,0.43713,-0.88273,0.23633,-1.20576,-0.21297,0.52227,0.43713,-0.88273,0.23633,-1.20576,0.0000,0.0000,-0.0001,0.0000,-0.0000,0.3959,-0.0802,-0.0353,0.00,0.3476,-0.1120,0.1195,0.0852
8.220,detect,-0.21395,0.51764,0.43792,-0.88278,0.23394,-1.20674,-0.21297,0.52227,0.43713,-0.88273,0.23633,-1.20576,-0.21297,0.52227,0.43713,-0.88273,0.23633,-1.20576,0.0000,0.0000,-0.0001,0.0000,-0.0000,0.3959,-0.0802,-0.0353,0.00,0.3476,-0.1120,0.1195,0.0852
8.240,detect,-0.21395,0.51764,0.43792,-0.88278,0.23394,-1.20674,-0.21297,0.52227,0.43713,-0.88273,0.23633,-1.20576,-0.21297,0.52227,0.43713,-0.88273,0.23633,-1.20576,0.0000,0.0000,-0.0001,0.0000,-0.0000,0.3959,-0.0802,-0.0353,0.00,0.3476,-0.1120,0.1195,0.0852
8.260,detect,-0.21395,0.51764,0.43792,-0.88278,0.23394,-1.20674,-0.21297,0.52227,0.43713,-0.88273,0.23633,-1.20576,-0.21297,0.52227,0.43713,-0.88274,0.23633,-1.20576,0.0000,0.0000,-0.0001,0.0000,-0.0000,0.3959,-0.0802,-0.0353,0.00,0.3476,-0.1120,0.1195,0.0852
8.280,detect,-0.21395,0.51764,0.43792,-0.88278,0.23394,-1.20674,-0.21297,0.52227,0.43713,-0.88273,0.23633,-1.20576,-0.21297,0.52227,0.43713,-0.88274,0.23633,-1.20577,0.0000,0.0000,-0.0001,0.0000,-0.0000,0.3959,-0.0802,-0.0353,0.00,0.3476,-0.1120,0.1195,0.0852
8.300,detect,-0.21395,0.51764,0.43792,-0.88278,0.23394,-1.20674,-0.21297,0.52227,0.43713,-0.88273,0.23633,-1.20576,-0.21297,0.52227,0.43713,-0.88274,0.23633,-1.20577,0.0000,0.0000,-0.0001,0.0000,-0.0000,0.3959,-0.0802,-0.0353,0.00,0.3476,-0.1120,0.1195,0.0852
8.320,detect,-0.21395,0.51764,0.43792,-0.88278,0.23394,-1.20674,-0.21297,0.52227,0.43713,-0.88274,0.23633,-1.20577,-0.21297,0.52227,0.43713,-0.88274,0.23633,-1.20577,0.0000,0.0000,-0.0001,0.0000,-0.0000,0.3959,-0.0802,-0.0353,0.00,0.3476,-0.1120,0.1195,0.0852
8.340,detect,-0.21395,0.51764,0.43792,-0.88278,0.23394,-1.20674,-0.21297,0.52227,0.43713,-0.88274,0.23633,-1.20577,-0.21297,0.52227,0.43713,-0.88274,0.23633,-1.20577,0.0000,0.0000,-0.0001,0.0000,-0.0000,0.3959,-0.0802,-0.0353,0.00,0.3476,-0.1120,0.1195,0.0852
8.360,detect,-0.21395,0.51764,0.43792,-0.88278,0.23394,-1.20674,-0.21297,0.52227,0.43713,-0.88274,0.23633,-1.20577,-0.21297,0.52227,0.43713,-0.88274,0.23633,-1.20577,0.0000,0.0000,-0.0001,0.0000,-0.0000,0.3959,-0.0802,-0.0353,0.00,0.3476,-0.1120,0.1195,0.0852
8.380,detect,-0.21395,0.51764,0.43792,-0.88278,0.23394,-1.20674,-0.21297,0.52227,0.43713,-0.88274,0.23633,-1.20577,-0.21297,0.52227,0.43713,-0.88274,0.23633,-1.20577,0.0000,0.0000,-0.0001,0.0000,-0.0000,0.3959,-0.0802,-0.0353,0.00,0.3476,-0.1120,0.1195,0.0852
8.400,detect,-0.21395,0.51764,0.43792,-0.88278,0.23394,-1.20674,-0.21297,0.52227,0.43713,-0.88274,0.23633,-1.20577,-0.21297,0.52227,0.43713,-0.88274,0.23633,-1.20576,0.0000,0.0000,-0.0001,0.0000,-0.0000,0.3959,-0.0802,-0.0353,0.00,0.3476,-0.1120,0.1195,0.0852
8.420,detect,-0.21395,0.51764,0.43792,-0.88278,0.23394,-1.20674,-0.21297,0.52227,0.43713,-0.88274,0.23633,-1.20577,-0.21297,0.52227,0.43713,-0.88274,0.23633,-1.20577,0.0000,0.0000,-0.0001,0.0000,-0.0000,0.3959,-0.0802,-0.0353,0.00,0.3476,-0.1120,0.1195,0.0852
8.440,detect,-0.21395,0.51764,0.43792,-0.88278,0.23394,-1.20674,-0.21297,0.52227,0.43713,-0.88274,0.23633,-1.20577,-0.21297,0.52227,0.43713,-0.88274,0.23633,-1.20577,0.0000,0.0000,-0.0001,0.0000,-0.0000,0.3959,-0.0802,-0.0353,0.00,0.3476,-0.1120,0.1195,0.0852
8.460,detect,-0.21395,0.51764,0.43792,-0.88278,0.23394,-1.20674,-0.21297,0.52227,0.43713,-0.88274,0.23633,-1.20577,-0.21297,0.52227,0.43713,-0.88274,0.23633,-1.20576,0.0000,0.0000,-0.0001,0.0000,-0.0000,0.3959,-0.0802,-0.0353,0.00,0.3476,-0.1120,0.1195,0.0852
8.480,detect,-0.21395,0.51764,0.43792,-0.88278,0.23394,-1.20674,-0.21297,0.52227,0.43713,-0.88274,0.23633,-1.20577,-0.21297,0.52227,0.43713,-0.88274,0.23633,-1.20577,0.0000,0.0000,-0.0001,0.0000,-0.0000,0.3959,-0.0802,-0.0353,0.00,0.3476,-0.1120,0.1195,0.0852
8.500,detect,-0.21395,0.51764,0.43792,-0.88278,0.23394,-1.20674,-0.21297,0.52227,0.43713,-0.88274,0.23633,-1.20577,-0.21297,0.52227,0.43713,-0.88274,0.23633,-1.20577,0.0000,0.0000,-0.0001,0.0000,-0.0000,0.3959,-0.0802,-0.0353,0.00,0.3476,-0.1120,0.1195,0.0852
8.520,detect,-0.21395,0.51764,0.43792,-0.88278,0.23394,-1.20674,-0.21297,0.52227,0.43713,-0.88274,0.23633,-1.20577,-0.21297,0.52227,0.43713,-0.88274,0.23633,-1.20577,0.0000,0.0000,-0.0001,0.0000,-0.0000,0.3959,-0.0802,-0.0353,0.00,0.3476,-0.1120,0.1195,0.0852
8.540,detect,-0.21395,0.51764,0.43792,-0.88278,0.23394,-1.20674,-0.21297,0.52227,0.43713,-0.88274,0.23633,-1.20577,-0.21297,0.52227,0.43713,-0.88274,0.23633,-1.20577,0.0000,0.0000,-0.0001,0.0000,-0.0000,0.3959,-0.0802,-0.0353,0.00,0.3476,-0.1120,0.1195,0.0852
8.560,detect,-0.21395,0.51764,0.43792,-0.88278,0.23394,-1.20674,-0.21297,0.52227,0.43713,-0.88274,0.23633,-1.20577,-0.21297,0.52227,0.43713,-0.88274,0.23633,-1.20577,0.0000,0.0000,-0.0001,0.0000,-0.0000,0.3959,-0.0802,-0.0353,0.00,0.3476,-0.1120,0.1195,0.0852
8.580,detect,-0.21395,0.51764,0.43792,-0.88278,0.23394,-1.20674,-0.21297,0.52227,0.43713,-0.88274,0.23633,-1.20577,-0.21297,0.52227,0.43713,-0.88274,0.23633,-1.20577,0.0000,0.0000,-0.0001,0.0000,-0.0000,0.3959,-0.0802,-0.0353,0.00,0.3476,-0.1120,0.1195,0.0852
8.600,detect,-0.21395,0.51764,0.43792,-0.88278,0.23394,-1.20674,-0.21297,0.52227,0.43713,-0.88274,0.23633,-1.20577,-0.21297,0.52227,0.43713,-0.88274,0.23633,-1.20577,0.0000,0.0000,-0.0001,0.0000,-0.0000,0.3959,-0.0802,-0.0353,0.00,0.3476,-0.1120,0.1195,0.0852
8.620,detect,-0.21395,0.51764,0.43792,-0.88278,0.23394,-1.20674,-0.21297,0.52227,0.43713,-0.88274,0.23633,-1.20577,-0.21297,0.52227,0.43713,-0.88274,0.23633,-1.20576,0.0000,0.0000,-0.0001,0.0000,-0.0000,0.3959,-0.0802,-0.0353,0.00,0.3476,-0.1120,0.1195,0.0852
8.640,detect,-0.21395,0.51764,0.43792,-0.88278,0.23394,-1.20674,-0.21297,0.52227,0.43713,-0.88274,0.23633,-1.20577,-0.21297,0.52227,0.43713,-0.88274,0.23633,-1.20577,0.0000,0.0000,-0.0001,0.0000,-0.0000,0.3959,-0.0802,-0.0353,0.00,0.3476,-0.1120,0.1195,0.0852
8.660,detect,-0.21395,0.51764,0.43792,-0.88278,0.23394,-1.20674,-0.21297,0.52227,0.43713,-0.88274,0.23633,-1.20577,-0.21297,0.52227,0.43713,-0.88274,0.23633,-1.20577,0.0000,0.0000,-0.0001,0.0000,-0.0000,0.3959,-0.0802,-0.0353,0.00,0.3476,-0.1120,0.1195,0.0852
8.680,detect,-0.21395,0.51764,0.43792,-0.88278,0.23394,-1.20674,-0.21297,0.52227,0.43713,-0.88274,0.23633,-1.20577,-0.21297,0.52226,0.43713,-0.88274,0.23633,-1.20577,0.0000,0.0000,-0.0001,0.0000,-0.0000,0.3959,-0.0802,-0.0353,0.00,0.3476,-0.1120,0.1195,0.0852
8.700,detect,-0.21395,0.51764,0.43792,-0.88278,0.23394,-1.20674,-0.21297,0.52227,0.43713,-0.88274,0.23633,-1.20577,-0.21297,0.52226,0.43713,-0.88274,0.23633,-1.20577,0.0000,0.0000,-0.0001,0.0000,-0.0000,0.3959,-0.0802,-0.0353,0.00,0.3476,-0.1120,0.1195,0.0852
8.720,detect,-0.21395,0.51764,0.43792,-0.88278,0.23394,-1.20674,-0.21297,0.52227,0.43713,-0.88274,0.23633,-1.20577,-0.21297,0.52226,0.43713,-0.88274,0.23633,-1.20577,0.0000,0.0000,-0.0001,0.0000,-0.0000,0.3959,-0.0802,-0.0353,0.00,0.3476,-0.1120,0.1195,0.0852
8.740,detect,-0.21395,0.51764,0.43792,-0.88278,0.23394,-1.20674,-0.21297,0.52227,0.43713,-0.88274,0.23633,-1.20577,-0.21297,0.52227,0.43713,-0.88274,0.23633,-1.20577,0.0000,0.0000,-0.0001,0.0000,-0.0000,0.3959,-0.0802,-0.0353,0.00,0.3476,-0.1120,0.1195,0.0852
8.760,detect,-0.21395,0.51764,0.43792,-0.88278,0.23394,-1.20674,-0.21297,0.52227,0.43713,-0.88274,0.23633,-1.20577,-0.21297,0.52227,0.43713,-0.88274,0.23633,-1.20577,0.0000,0.0000,-0.0001,0.0000,-0.0000,0.3959,-0.0802,-0.0353,0.00,0.3476,-0.1120,0.1195,0.0852
8.780,detect,-0.21395,0.51764,0.43792,-0.88278,0.23394,-1.20674,-0.21297,0.52227,0.43713,-0.88274,0.23633,-1.20577,-0.21297,0.52227,0.43713,-0.88273,0.23633,-1.20576,0.0000,0.0000,-0.0001,0.0000,-0.0000,0.3959,-0.0802,-0.0353,0.00,0.3476,-0.1120,0.1195,0.0852
8.800,detect,-0.21395,0.51764,0.43792,-0.88278,0.23394,-1.20674,-0.21297,0.52227,0.43713,-0.88273,0.23633,-1.20576,-0.21297,0.52227,0.43713,-0.88273,0.23633,-1.20576,0.0000,0.0000,-0.0001,0.0000,-0.0000,0.3959,-0.0802,-0.0353,0.00,0.3476,-0.1120,0.1195,0.0852
8.820,detect,-0.21395,0.51764,0.43792,-0.88278,0.23394,-1.20674,-0.21297,0.52227,0.43713,-0.88273,0.23633,-1.20576,-0.21297,0.52227,0.43713,-0.88273,0.23633,-1.20576,0.0000,0.0000,-0.0001,0.0000,-0.0000,0.3959,-0.0802,-0.0353,0.00,0.3476,-0.1120,0.1195,0.0852
8.840,detect,-0.21395,0.51764,0.43792,-0.88278,0.23394,-1.20674,-0.21297,0.52227,0.43713,-0.88273,0.23633,-1.20576,-0.21297,0.52227,0.43713,-0.88273,0.23633,-1.20576,0.0000,0.0000,-0.0001,0.0000,-0.0000,0.3959,-0.0802,-0.0353,0.00,0.3476,-0.1120,0.1195,0.0852
8.860,detect,-0.21395,0.51764,0.43792,-0.88278,0.23394,-1.20674,-0.21297,0.52227,0.43713,-0.88273,0.23633,-1.20576,-0.21297,0.52227,0.43713,-0.88273,0.23633,-1.20576,0.0000,0.0000,-0.0001,0.0000,-0.0000,0.3959,-0.0802,-0.0353,0.00,0.3476,-0.1120,0.1195,0.0852
8.880,detect,-0.21395,0.51764,0.43792,-0.88278,0.23394,-1.20674,-0.21297,0.52227,0.43713,-0.88273,0.23633,-1.20576,-0.21297,0.52227,0.43713,-0.88273,0.23633,-1.20576,0.0000,0.0000,-0.0001,0.0000,-0.0000,0.3959,-0.0802,-0.0353,0.00,0.3476,-0.1120,0.1195,0.0852
8.900,detect,-0.21395,0.51764,0.43792,-0.88278,0.23394,-1.20674,-0.21297,0.52227,0.43713,-0.88273,0.23633,-1.20576,-0.21297,0.52227,0.43713,-0.88273,0.23633,-1.20576,0.0000,0.0000,-0.0001,0.0000,-0.0000,0.3959,-0.0802,-0.0353,0.00,0.3476,-0.1120,0.1195,0.0852
8.920,detect,-0.21395,0.51764,0.43792,-0.88278,0.23394,-1.20674,-0.21297,0.52227,0.43713,-0.88273,0.23633,-1.20576,-0.21297,0.52227,0.43713,-0.88274,0.23633,-1.20576,0.0000,0.0000,-0.0001,0.0000,-0.0000,0.3959,-0.0802,-0.0353,0.00,0.3476,-0.1120,0.1195,0.0852
8.940,detect,-0.21395,0.51764,0.43792,-0.88278,0.23394,-1.20674,-0.21297,0.52227,0.43713,-0.88273,0.23633,-1.20576,-0.21297,0.52227,0.43713,-0.88274,0.23633,-1.20576,0.0000,0.0000,-0.0001,0.0000,-0.0000,0.3959,-0.0802,-0.0353,0.00,0.3476,-0.1120,0.1195,0.0852
8.960,detect,-0.21395,0.51764,0.43792,-0.88278,0.23394,-1.20674,-0.21297,0.52227,0.43713,-0.88273,0.23633,-1.20576,-0.21297,0.52227,0.43713,-0.88274,0.23633,-1.20576,0.0000,0.0000,-0.0001,0.0000,-0.0000,0.3959,-0.0802,-0.0353,0.00,0.3476,-0.1120,0.1195,0.0852
8.980,detect,-0.21395,0.51764,0.43792,-0.88278,0.23394,-1.20674,-0.21297,0.52227,0.43713,-0.88273,0.23633,-1.20576,-0.21297,0.52227,0.43713,-0.88274,0.23633,-1.20576,0.0000,0.0000,-0.0001,0.0000,-0.0000,0.3959,-0.0802,-0.0353,0.00,0.3476,-0.1120,0.1195,0.0852
9.000,detect,-0.21395,0.51764,0.43792,-0.88278,0.23394,-1.20674,-0.21297,0.52227,0.43713,-0.88273,0.23633,-1.20576,-0.21297,0.52227,0.43713,-0.88274,0.23633,-1.20576,0.0000,0.0000,-0.0001,0.0000,-0.0000,0.3959,-0.0802,-0.0353,0.00,0.3476,-0.1120,0.1195,0.0852
9.020,detect,-0.21395,0.51764,0.43792,-0.88278,0.23394,-1.20674,-0.21297,0.52227,0.43713,-0.88273,0.23633,-1.20576,-0.21297,0.52227,0.43713,-0.88274,0.23633,-1.20576,0.0000,0.0000,-0.0001,0.0000,-0.0000,0.3959,-0.0802,-0.0353,0.00,0.3476,-0.1120,0.1195,0.0852
9.040,detect,-0.21395,0.51764,0.43792,-0.88278,0.23394,-1.20674,-0.21297,0.52227,0.43713,-0.88274,0.23633,-1.20576,-0.21297,0.52227,0.43713,-0.88274,0.23633,-1.20577,0.0000,0.0000,-0.0001,0.0000,-0.0000,0.3959,-0.0802,-0.0353,0.00,0.3476,-0.1120,0.1195,0.0852
9.060,detect,-0.21395,0.51764,0.43792,-0.88278,0.23394,-1.20674,-0.21297,0.52227,0.43713,-0.88274,0.23633,-1.20576,-0.21297,0.52227,0.43713,-0.88274,0.23633,-1.20577,0.0000,0.0000,-0.0001,0.0000,-0.0000,0.3959,-0.0802,-0.0353,0.00,0.3476,-0.1120,0.1195,0.0852
9.080,detect,-0.21395,0.51764,0.43792,-0.88278,0.23394,-1.20674,-0.21297,0.52227,0.43713,-0.88274,0.23633,-1.20576,-0.21297,0.52227,0.43713,-0.88274,0.23633,-1.20577,0.0000,0.0000,-0.0001,0.0000,-0.0000,0.3959,-0.0802,-0.0353,0.00,0.3476,-0.1120,0.1195,0.0852
9.100,detect,-0.21395,0.51764,0.43792,-0.88278,0.23394,-1.20674,-0.21297,0.52227,0.43713,-0.88274,0.23633,-1.20576,-0.21297,0.52227,0.43713,-0.88274,0.23633,-1.20576,0.0000,0.0000,-0.0001,0.0000,-0.0000,0.3959,-0.0802,-0.0353,0.00,0.3476,-0.1120,0.1195,0.0852
9.120,detect,-0.21395,0.51764,0.43792,-0.88278,0.23394,-1.20674,-0.21297,0.52227,0.43713,-0.88274,0.23633,-1.20576,-0.21297,0.52227,0.43713,-0.88274,0.23633,-1.20576,0.0000,0.0000,-0.0001,0.0000,-0.0000,0.3959,-0.0802,-0.0353,0.00,0.3476,-0.1120,0.1195,0.0852
9.140,moving,-0.21395,0.51764,0.43792,-0.88278,0.23394,-1.20674,-0.21297,0.52227,0.43713,-0.88274,0.23633,-1.20576,-0.21297,0.52227,0.43713,-0.88274,0.23633,-1.20577,0.0000,0.0000,-0.0001,0.0000,-0.0000,0.3959,-0.0802,-0.0353,0.00,0.3476,-0.1120,0.1195,0.0852
9.160,moving,0.00558,0.63428,0.51060,0.02032,-0.23308,0.01677,-0.21297,0.52227,0.43713,-0.88274,0.23633,-1.20577,-0.21297,0.52227,0.43713,-0.88274,0.23633,-1.20577,0.0000,0.0000,-0.0001,0.0000,-0.0000,0.3959,-0.0802,-0.0353,0.00,0.3476,-0.1120,0.1195,0.0852
9.180,moving,0.00558,0.63428,0.51060,0.02032,-0.23308,0.01677,-0.21297,0.52227,0.43713,-0.88274,0.23633,-1.20577,-0.21297,0.52227,0.43713,-0.88274,0.23633,-1.20577,0.0000,0.0000,-0.0001,0.0000,-0.0000,0.3959,-0.0802,-0.0353,0.00,0.3476,-0.1120,0.1195,0.0852
9.200,moving,0.00558,0.63428,0.51060,0.02032,-0.23308,0.01677,-0.21297,0.52227,0.43713,-0.88274,0.23633,-1.20577,-0.21088,0.52440,0.43931,-0.88021,0.23406,-1.20338,0.0000,0.0000,-0.0001,0.0000,-0.0000,0.3959,-0.0803,-0.0353,0.00,0.3474,-0.1108,0.1183,0.0852
9.220,moving,0.00558,0.63428,0.51060,0.02032,-0.23308,0.01677,-0.21297,0.52227,0.43713,-0.88274,0.23633,-1.20577,-0.20261,0.53273,0.44768,-0.87146,0.22561,-1.19480,0.0000,0.0000,-0.0001,0.0000,-0.0000,0.3959,-0.0803,-0.0352,0.00,0.3462,-0.1060,0.1135,0.0852
9.240,moving,0.00558,0.63428,0.51060,0.02032,-0.23308,0.01677,-0.21297,0.52227,0.43713,-0.88274,0.23633,-1.20577,-0.18808,0.54729,0.46225,-0.85652,0.21093,-1.18002,0.0000,0.0000,-0.0001,0.0000,-0.0000,0.3960,-0.0804,-0.0352,0.00,0.3439,-0.0977,0.1052,0.0852
9.260,moving,0.00558,0.63428,0.51060,0.02032,-0.23308,0.01677,-0.21297,0.52227,0.43713,-0.88274,0.23633,-1.20577,-0.16730,0.56813,0.48210,-0.83548,0.19004,-1.15902,0.0000,0.0000,-0.0001,0.0000,-0.0000,0.3960,-0.0804,-0.0351,0.00,0.3404,-0.0862,0.0940,0.0852
9.280,moving,0.00558,0.63428,0.51060,0.02032,-0.23308,0.01677,-0.16730,0.56813,0.48210,-0.83548,0.19004,-1.15902,-0.14228,0.59362,0.49768,-0.81154,0.16555,-1.13404,0.0000,0.0000,-0.0001,0.0000,-0.0000,0.3960,-0.0804,-0.0351,0.00,0.3380,-0.0731,0.0825,0.0852
9.300,moving,0.00558,0.63428,0.51060,0.02032,-0.23308,0.01677,-0.16730,0.56813,0.48210,-0.83548,0.19004,-1.15902,-0.12723,0.61330,0.50376,-0.80384,0.15659,-1.12561,0.0000,0.0000,-0.0001,0.0000,-0.0000,0.3961,-0.0802,-0.0353,0.00,0.3360,-0.0663,0.0747,0.0852
9.320,moving,0.00558,0.63428,0.51060,0.02032,-0.23308,0.01677,-0.16730,0.56813,0.48210,-0.83548,0.19004,-1.15902,-0.12002,0.62285,0.50963,-0.79527,0.14807,-1.11677,0.0000,0.0000,-0.0001,0.0000,-0.0000,0.3960,-0.0800,-0.0355,0.00,0.3345,-0.0623,0.0706,0.0852
9.340,moving,0.00558,0.63428,0.51060,0.02032,-0.23308,0.01677,-0.16730,0.56813,0.48210,-0.83548,0.19004,-1.15902,-0.10638,0.63454,0.51080,-0.78038,0.13333,-1.10190,0.0000,0.0000,-0.0001,0.0000,-0.0000,0.3960,-0.0801,-0.0353,0.00,0.3354,-0.0555,0.0667,0.0852
9.360,moving,0.00558,0.63428,0.51060,0.02032,-0.23308,0.01677,-0.16730,0.56813,0.48210,-0.83548,0.19004,-1.15902,-0.08630,0.64284,0.51082,-0.75929,0.11246,-1.08084,0.0000,0.0000,-0.0001,0.0000,-0.0000,0.3959,-0.0803,-0.0351,0.00,0.3381,-0.0458,0.0644,0.0852
9.380,moving,0.00558,0.63428,0.51060,0.02032,-0.23308,0.01677,-0.16730,0.56813,0.48210,-0.83548,0.19004,-1.15902,-0.06192,0.64533,0.51070,-0.73500,0.08793,-1.05587,0.0000,0.0000,-0.0001,0.0000,-0.0000,0.3959,-0.0805,-0.0351,0.00,0.3420,-0.0342,0.0644,0.0852
9.400,moving,0.00558,0.63428,0.51060,0.02032,-0.23308,0.01677,-0.06192,0.64533,0.51070,-0.73500,0.08793,-1.05587,-0.04772,0.64436,0.50971,-0.72791,0.07889,-1.04746,0.0000,0.0000,-0.0001,0.0000,-0.0000,0.3958,-0.0802,-0.0353,0.00,0.3441,-0.0282,0.0652,0.0852
9.420,moving,0.00558,0.63428,0.51060,0.02032,-0.23308,0.01677,-0.06192,0.64533,0.51070,-0.73500,0.08793,-1.05587,-0.04088,0.64331,0.50991,-0.71857,0.07025,-1.03876,0.0000,0.0000,-0.0001,0.0000,-0.0000,0.3958,-0.0799,-0.0356,0.00,0.3455,-0.0248,0.0659,0.0852
9.440,moving,0.00558,0.63428,0.51060,0.02032,-0.23308,0.01677,-0.06192,0.64533,0.51070,-0.73500,0.08793,-1.05587,-0.02750,0.64246,0.51006,-0.70313,0.05547,-1.02396,0.0000,0.0000,-0.0001,0.0000,-0.0000,0.3958,-0.0799,-0.0355,0.00,0.3478,-0.0182,0.0668,0.0852
9.460,moving,0.00558,0.63428,0.51060,0.02032,-0.23308,0.01677,-0.06192,0.64533,0.51070,-0.73500,0.08793,-1.05587,-0.00998,0.64177,0.51005,-0.68211,0.03444,-1.00310,0.0000,0.0000,-0.0001,0.0000,-0.0000,0.3958,-0.0802,-0.0353,0.00,0.3509,-0.0095,0.0680,0.0852
9.480,moving,0.00558,0.63428,0.51060,0.02032,-0.23308,0.01677,-0.06192,0.64533,0.51070,-0.73500,0.08793,-1.05587,0.00204,0.64122,0.50983,-0.65844,0.00969,-0.97830,0.0000,0.0000,-0.0001,0.0000,-0.0000,0.3958,-0.0801,-0.0354,0.00,0.3544,-0.0023,0.0696,0.0852
9.500,moving,0.00558,0.63428,0.51060,0.02032,-0.23308,0.01677,-0.06192,0.64533,0.51070,-0.73500,0.08793,-1.05587,0.00636,0.64070,0.50936,-0.65119,0.00085,-0.96997,0.0000,0.0000,-0.0001,0.0000,-0.0000,0.3958,-0.0798,-0.0355,0.00,0.3559,0.0003,0.0704,0.0852
9.520,moving,0.00558,0.63428,0.51060,0.02032,-0.23308,0.01677,0.00636,0.64070,0.50936,-0.65119,0.00085,-0.96997,0.00873,0.64034,0.50945,-0.64256,-0.00783,-0.96160,0.0000,0.0000,-0.0001,0.0000,-0.0000,0.3959,-0.0798,-0.0356,0.00,0.3571,0.0021,0.0710,0.0852
9.540,moving,0.00558,0.63428,0.51060,0.02032,-0.23308,0.01677,0.00636,0.64070,0.50936,-0.65119,0.00085,-0.96997,0.00826,0.64004,0.50963,-0.62736,-0.02267,-0.94703,0.0000,0.0000,-0.0001,0.0000,-0.0000,0.3959,-0.0799,-0.0356,0.00,0.3591,0.0036,0.0720,0.0852
9.560,moving,0.00558,0.63428,0.51060,0.02032,-0.23308,0.01677,0.00636,0.64070,0.50936,-0.65119,0.00085,-0.96997,0.00781,0.63980,0.50981,-0.60586,-0.04368,-0.92631,0.0000,0.0000,-0.0001,0.0000,-0.0000,0.3959,-0.0800,-0.0355,0.00,0.3620,0.0056,0.0735,0.0852
9.580,moving,0.00558,0.63428,0.51060,0.02032,-0.23308,0.01677,0.00636,0.64070,0.50936,-0.65119,0.00085,-0.96997,0.00746,0.63959,0.50990,-0.58130,-0.06836,-0.90162,0.0000,0.0000,-0.0001,0.0000,-0.0000,0.3960,-0.0801,-0.0354,0.00,0.3655,0.0079,0.0754,0.0852
9.600,moving,0.00558,0.63428,0.51060,0.02032,-0.23308,0.01677,0.00636,0.64070,0.50936,-0.65119,0.00085,-0.96997,0.00727,0.63934,0.50961,-0.57368,-0.07705,-0.89342,0.0000,0.0000,-0.0001,0.0000,-0.0000,0.3960,-0.0801,-0.0354,0.00,0.3668,0.0087,0.0763,0.0852
9.620,moving,0.00558,0.63428,0.51060,0.02032,-0.23308,0.01677,0.00636,0.64070,0.50936,-0.65119,0.00085,-0.96997,0.00698,0.63923,0.50988,-0.56436,-0.08565,-0.88510,0.0000,0.0000,-0.0001,0.0000,-0.0000,0.3960,-0.0801,-0.0354,0.00,0.3680,0.0093,0.0769,0.0852
9.640,moving,0.00558,0.63428,0.51060,0.02032,-0.23308,0.01677,0.00698,0.63923,0.50988,-0.56436,-0.08565,-0.88510,0.00675,0.63914,0.51011,-0.54899,-0.10043,-0.87056,0.0000,0.0000,-0.0001,0.0000,-0.0000,0.3960,-0.0801,-0.0354,0.00,0.3701,0.0105,0.0782,0.0852
9.660,moving,0.00558,0.63428,0.51060,0.02032,-0.23308,0.01677,0.00698,0.63923,0.50988,-0.56436,-0.08565,-0.88510,0.00656,0.63906,0.51032,-0.52752,-0.12141,-0.84983,0.0000,0.0000,-0.0001,0.0000,-0.0000,0.3960,-0.0800,-0.0354,0.00,0.3731,0.0121,0.0800,0.0852
9.680,moving,0.00558,0.63428,0.51060,0.02032,-0.23308,0.01677,0.00698,0.63923,0.50988,-0.56436,-0.08565,-0.88510,0.00643,0.63899,0.51043,-0.50310,-0.14608,-0.82518,0.0000,0.0000,-0.0001,0.0000,-0.0000,0.3960,-0.0800,-0.0354,0.00,0.3768,0.0138,0.0823,0.0852
9.700,moving,0.00558,0.63428,0.51060,0.02032,-0.23308,0.01677,0.00698,0.63923,0.50988,-0.56436,-0.08565,-0.88510,0.00638,0.63884,0.51009,-0.49570,-0.15473,-0.81695,0.0000,0.0000,-0.0001,0.0000,-0.0000,0.3959,-0.0800,-0.0354,0.00,0.3782,0.0144,0.0832,0.0852
9.720,moving,0.00558,0.63428,0.51060,0.02032,-0.23308,0.01677,0.00698,0.63923,0.50988,-0.56436,-0.08565,-0.88510,0.00624,0.63883,0.51038,-0.48651,-0.16333,-0.80850,0.0000,0.0000,-0.0001,0.0000,-0.0000,0.3959,-0.0800,-0.0354,0.00,0.3794,0.0149,0.0840,0.0852
9.740,moving,0.00558,0.63428,0.51060,0.02032,-0.23308,0.01677,0.00698,0.63923,0.50988,-0.56436,-0.08565,-0.88510,0.00613,0.63882,0.51064,-0.47125,-0.17811,-0.79383,0.0000,0.0000,-0.0001,0.0000,-0.0000,0.3959,-0.0800,-0.0354,0.00,0.3815,0.0157,0.0855,0.0852
9.760,moving,0.00558,0.63428,0.51060,0.02032,-0.23308,0.01677,0.00613,0.63882,0.51064,-0.47125,-0.17811,-0.79383,0.00605,0.63880,0.51082,-0.45001,-0.19859,-0.77296,0.0000,0.0000,-0.0001,0.0000,-0.0000,0.3959,-0.0800,-0.0354,0.00,0.3846,0.0167,0.0876,0.0852
9.780,moving,0.00558,0.63428,0.51060,0.02032,-0.23308,0.01677,0.00613,0.63882,0.51064,-0.47125,-0.17811,-0.79383,0.00602,0.63875,0.51075,-0.42611,-0.21579,-0.74835,0.0000,0.0000,-0.0000,0.0000,-0.0000,0.3959,-0.0800,-0.0354,0.00,0.3873,0.0172,0.0896,0.0852
9.800,moving,0.00558,0.63428,0.51060,0.02032,-0.23308,0.01677,0.00613,0.63882,0.51064,-0.47125,-0.17811,-0.79383,0.00596,0.63868,0.51060,-0.41806,-0.22143,-0.73988,0.0000,0.0000,-0.0000,0.0000,-0.0000,0.3959,-0.0800,-0.0354,0.00,0.3882,0.0174,0.0903,0.0852
9.820,moving,0.00558,0.63428,0.51060,0.02032,-0.23308,0.01677,0.00613,0.63882,0.51064,-0.47125,-0.17811,-0.79383,0.00591,0.63868,0.51077,-0.40932,-0.22846,-0.73130,0.0000,0.0000,-0.0000,0.0000,-0.0000,0.3959,-0.0800,-0.0354,0.00,0.3893,0.0175,0.0910,0.0852
9.840,moving,0.00558,0.63428,0.51060,0.02032,-0.23308,0.01677,0.00613,0.63882,0.51064,-0.47125,-0.17811,-0.79383,0.00590,0.63865,0.51077,-0.39477,-0.23125,-0.71659,0.0000,0.0000,-0.0000,0.0000,-0.0000,0.3959,-0.0800,-0.0354,0.00,0.3899,0.0172,0.0914,0.0852
9.860,moving,0.00558,0.63428,0.51060,0.02032,-0.23308,0.01677,0.00613,0.63882,0.51064,-0.47125,-0.17811,-0.79383,0.00588,0.63865,0.51086,-0.37379,-0.23133,-0.69561,0.0000,0.0000,-0.0000,0.0000,-0.0000,0.3959,-0.0800,-0.0354,0.00,0.3902,0.0164,0.0916,0.0852
9.880,moving,0.00558,0.63428,0.51060,0.02032,-0.23308,0.01677,0.00588,0.63865,0.51086,-0.37379,-0.23133,-0.69561,0.00584,0.63864,0.51096,-0.34948,-0.23134,-0.67086,0.0000,0.0000,-0.0000,0.0000,-0.0000,0.3959,-0.0800,-0.0354,0.00,0.3905,0.0154,0.0917,0.0852
9.900,moving,0.00558,0.63428,0.51060,0.02032,-0.23308,0.01677,0.00588,0.63865,0.51086,-0.37379,-0.23133,-0.69561,0.00575,0.63864,0.51101,-0.34096,-0.23133,-0.66220,0.0000,0.0000,-0.0000,0.0000,-0.0000,0.3959,-0.0800,-0.0354,0.00,0.3906,0.0150,0.0917,0.0852
9.920,moving,0.00558,0.63428,0.51060,0.02032,-0.23308,0.01677,0.00588,0.63865,0.51086,-0.37379,-0.23133,-0.69561,0.00575,0.63864,0.51109,-0.33242,-0.23134,-0.65356,0.0000,0.0000,-0.0000,0.0000,-0.0000,0.3959,-0.0800,-0.0354,0.00,0.3907,0.0147,0.0918,0.0852
9.940,moving,0.00558,0.63428,0.51060,0.02032,-0.23308,0.01677,0.00588,0.63865,0.51086,-0.37379,-0.23133,-0.69561,0.00575,0.63864,0.51116,-0.31769,-0.23134,-0.63874,0.0000,0.0000,-0.0000,0.0000,-0.0000,0.3959,-0.0800,-0.0354,0.00,0.3908,0.0141,0.0918,0.0852
9.960,moving,0.00558,0.63428,0.51060,0.02032,-0.23308,0.01677,0.00588,0.63865,0.51086,-0.37379,-0.23133,-0.69561,0.00574,0.63863,0.51122,-0.29679,-0.23134,-0.61772,0.0000,0.0000,-0.0000,0.0000,-0.0000,0.3959,-0.0800,-0.0354,0.00,0.3910,0.0133,0.0919,0.0852
9.980,moving,0.00558,0.63428,0.51060,0.02032,-0.23308,0.01677,0.00588,0.63865,0.51086,-0.37379,-0.23133,-0.69561,0.00572,0.63863,0.51126,-0.27260,-0.23134,-0.59289,0.0000,0.0000,-0.0000,0.0000,-0.0000,0.3959,-0.0800,-0.0354,0.00,0.3913,0.0123,0.0920,0.0852
10.000,moving,0.00558,0.63428,0.51060,0.02032,-0.23308,0.01677,0.00572,0.63863,0.51126,-0.27260,-0.23134,-0.59289,0.00566,0.63863,0.51127,-0.26417,-0.23132,-0.58420,0.0000,0.0000,-0.0000,0.0000,-0.0000,0.3959,-0.0800,-0.0354,0.00,0.3914,0.0119,0.0921,0.0852
10.020,moving,0.00558,0.63428,0.51060,0.02032,-0.23308,0.01677,0.00572,0.63863,0.51126,-0.27260,-0.23134,-0.59289,0.00567,0.63863,0.51132,-0.25571,-0.23132,-0.57555,0.0000,0.0000,-0.0000,0.0000,-0.0000,0.3959,-0.0800,-0.0354,0.00,0.3915,0.0116,0.0921,0.0852
10.040,moving,0.00558,0.63428,0.51060,0.02032,-0.23308,0.01677,0.00572,0.63863,0.51126,-0.27260,-0.23134,-0.59289,0.00568,0.63863,0.51135,-0.24106,-0.23132,-0.56072,0.0000,0.0000,-0.0000,0.0000,-0.0000,0.3959,-0.0800,-0.0354,0.00,0.3916,0.0110,0.0921,0.0852
10.060,moving,0.00558,0.63428,0.51060,0.02032,-0.23308,0.01677,0.00572,0.63863,0.51126,-0.27260,-0.23134,-0.59289,0.00569,0.63863,0.51138,-0.22022,-0.23132,-0.53970,0.0000,0.0000,-0.0000,0.0000,-0.0000,0.3959,-0.0800,-0.0354,0.00,0.3918,0.0101,0.0922,0.0852
10.080,moving,0.00558,0.63428,0.51060,0.02032,-0.23308,0.01677,0.00572,0.63863,0.51126,-0.27260,-0.23134,-0.59289,0.00568,0.63863,0.51140,-0.19608,-0.23131,-0.51480,0.0000,0.0000,-0.0000,0.0000,-0.0000,0.3959,-0.0800,-0.0354,0.00,0.3920,0.0091,0.0923,0.0852
10.100,moving,0.00558,0.63428,0.51060,0.02032,-0.23308,0.01677,0.00572,0.63863,0.51126,-0.27260,-0.23134,-0.59289,0.00561,0.63863,0.51140,-0.18769,-0.23129,-0.50609,0.0000,0.0000,-0.0000,0.0000,-0.0000,0.3959,-0.0800,-0.0354,0.00,0.3920,0.0088,0.0923,0.0852
10.120,moving,0.00558,0.63428,0.51060,0.02032,-0.23308,0.01677,0.00561,0.63863,0.51140,-0.18769,-0.23129,-0.50609,0.00563,0.63863,0.51143,-0.17928,-0.23129,-0.49746,0.0000,0.0000,-0.0000,0.0000,-0.0000,0.3959,-0.0800,-0.0354,0.00,0.3921,0.0084,0.0923,0.0852
10.140,moving,0.00558,0.63428,0.51060,0.02032,-0.23308,0.01677,0.00561,0.63863,0.51140,-0.18769,-0.23129,-0.50609,0.00565,0.63863,0.51145,-0.16466,-0.23129,-0.48264,0.0000,0.0000,-0.0000,0.0000,-0.0000,0.3959,-0.0800,-0.0354,0.00,0.3922,0.0078,0.0924,0.0852
10.160,moving,0.00558,0.63428,0.51060,0.02032,-0.23308,0.01677,0.00561,0.63863,0.51140,-0.18769,-0.23129,-0.50609,0.00566,0.63863,0.51146,-0.14386,-0.23129,-0.46162,0.0000,0.0000,-0.0000,0.0000,-0.0000,0.3959,-0.0800,-0.0354,0.00,0.3923,0.0070,0.0924,0.0852
10.180,moving,0.00558,0.63428,0.51060,0.02032,-0.23308,0.01677,0.00561,0.63863,0.51140,-0.18769,-0.23129,-0.50609,0.00565,0.63863,0.51147,-0.11974,-0.23129,-0.43667,0.0000,0.0000,-0.0000,0.0000,-0.0000,0.3959,-0.0800,-0.0354,0.00,0.3924,0.0060,0.0925,0.0852
10.200,moving,0.00558,0.63428,0.51060,0.02032,-0.23308,0.01677,0.00561,0.63863,0.51140,-0.18769,-0.23129,-0.50609,0.00559,0.63863,0.51147,-0.11136,-0.23127,-0.42795,0.0000,0.0000,-0.0000,0.0000,-0.0000,0.3959,-0.0800,-0.0354,0.00,0.3925,0.0056,0.0925,0.0852
10.220,moving,0.00558,0.63428,0.51060,0.02032,-0.23308,0.01677,0.00561,0.63863,0.51140,-0.18769,-0.23129,-0.50609,0.00561,0.63863,0.51149,-0.10298,-0.23127,-0.41934,0.0000,0.0000,-0.0000,0.0000,-0.0000,0.3959,-0.0800,-0.0354,0.00,0.3925,0.0052,0.0925,0.0852
10.240,moving,0.00558,0.63428,0.51060,0.02032,-0.23308,0.01677,0.00561,0.63863,0.51149,-0.10298,-0.23127,-0.41934,0.00562,0.63863,0.51150,-0.08838,-0.23127,-0.40453,0.0000,0.0000,-0.0000,0.0000,-0.0000,0.3959,-0.0800,-0.0354,0.00,0.3926,0.0046,0.0925,0.0852
10.260,moving,0.00558,0.63428,0.51060,0.02032,-0.23308,0.01677,0.00561,0.63863,0.51149,-0.10298,-0.23127,-0.41934,0.00564,0.63863,0.51151,-0.06759,-0.23128,-0.38353,0.0000,0.0000,-0.0000,0.0000,-0.0000,0.3959,-0.0800,-0.0354,0.00,0.3926,0.0038,0.0926,0.0852
10.280,moving,0.00558,0.63428,0.51060,0.02032,-0.23308,0.01677,0.00561,0.63863,0.51149,-0.10298,-0.23127,-0.41934,0.00563,0.63863,0.51151,-0.04349,-0.23127,-0.35852,0.0000,0.0000,-0.0000,0.0000,-0.0000,0.3959,-0.0800,-0.0354,0.00,0.3927,0.0028,0.0926,0.0852
10.300,moving,0.00558,0.63428,0.51060,0.02032,-0.23308,0.01677,0.00561,0.63863,0.51149,-0.10298,-0.23127,-0.41934,0.00557,0.63863,0.51151,-0.03512,-0.23126,-0.34980,0.0000,0.0000,-0.0000,0.0000,-0.0000,0.3959,-0.0801,-0.0354,0.00,0.3927,0.0024,0.0926,0.0852
10.320,moving,0.00558,0.63428,0.51060,0.02032,-0.23308,0.01677,0.00561,0.63863,0.51149,-0.10298,-0.23127,-0.41934,0.00559,0.63863,0.51152,-0.02675,-0.23127,-0.34120,0.0000,0.0000,-0.0000,0.0000,-0.0000,0.3959,-0.0801,-0.0354,0.00,0.3927,0.0020,0.0926,0.0852
10.340,moving,0.00558,0.63428,0.51060,0.02032,-0.23308,0.01677,0.00561,0.63863,0.51149,-0.10298,-0.23127,-0.41934,0.00561,0.63863,0.51153,-0.01216,-0.23127,-0.32642,0.0000,0.0000,-0.0000,0.0000,-0.0000,0.3959,-0.0800,-0.0354,0.00,0.3927,0.0014,0.0926,0.0852
10.360,moving,0.00558,0.63428,0.51060,0.02032,-0.23308,0.01677,0.00561,0.63863,0.51153,-0.01216,-0.23127,-0.32642,0.00559,0.63863,0.51153,0.00506,-0.23127,-0.30540,0.0000,0.0000,-0.0000,0.0000,-0.0000,0.3959,-0.0800,-0.0354,0.00,0.3927,0.0007,0.0926,0.0852
10.380,moving,0.00558,0.63428,0.51060,0.02032,-0.23308,0.01677,0.00561,0.63863,0.51153,-0.01216,-0.23127,-0.32642,0.00557,0.63863,0.51154,0.01606,-0.23126,-0.28036,0.0000,0.0000,-0.0000,0.0000,-0.0000,0.3959,-0.0800,-0.0354,0.00,0.3927,0.0002,0.0926,0.0852
10.400,moving,0.00558,0.63428,0.51060,0.02032,-0.23308,0.01677,0.00561,0.63863,0.51153,-0.01216,-0.23127,-0.32642,0.00557,0.63863,0.51153,0.01956,-0.23127,-0.27170,0.0000,0.0000,-0.0000,0.0000,-0.0000,0.3959,-0.0801,-0.0354,0.00,0.3927,0.0001,0.0926,0.0852
10.420,moving,0.00558,0.63428,0.51060,0.02032,-0.23308,0.01677,0.00561,0.63863,0.51153,-0.01216,-0.23127,-0.32642,0.00555,0.63863,0.51154,0.02098,-0.23127,-0.26312,0.0000,0.0000,-0.0000,0.0000,-0.0000,0.3959,-0.0801,-0.0354,0.00,0.3927,0.0000,0.0926,0.0852
10.440,moving,0.00558,0.63428,0.51060,0.02032,-0.23308,0.01677,0.00561,0.63863,0.51153,-0.01216,-0.23127,-0.32642,0.00555,0.63863,0.51154,0.02100,-0.23127,-0.24836,0.0000,0.0000,-0.0000,0.0000,-0.0000,0.3959,-0.0801,-0.0354,0.00,0.3927,0.0000,0.0926,0.0852
10.460,moving,0.00558,0.63428,0.51060,0.02032,-0.23308,0.01677,0.00561,0.63863,0.51153,-0.01216,-0.23127,-0.32642,0.00555,0.63863,0.51154,0.02101,-0.23127,-0.22741,0.0000,0.0000,-0.0000,0.0000,-0.0000,0.3959,-0.0801,-0.0354,0.00,0.3927,0.0000,0.0926,0.0852
10.480,moving,0.00558,0.63428,0.51060,0.02032,-0.23308,0.01677,0.00555,0.63863,0.51154,0.02101,-0.23127,-0.22741,0.00556,0.63863,0.51154,0.02091,-0.23128,-0.20245,0.0000,0.0000,-0.0000,0.0000,-0.0000,0.3959,-0.0801,-0.0354,0.00,0.3927,0.0000,0.0926,0.0852
10.500,moving,0.00558,0.63428,0.51060,0.02032,-0.23308,0.01677,0.00555,0.63863,0.51154,0.02101,-0.23127,-0.22741,0.00557,0.63863,0.51154,0.02039,-0.23130,-0.19387,0.0000,0.0000,-0.0000,0.0000,-0.0000,0.3959,-0.0801,-0.0354,0.00,0.3927,0.0000,0.0926,0.0852
10.520,moving,0.00558,0.63428,0.51060,0.02032,-0.23308,0.01677,0.00555,0.63863,0.51154,0.02101,-0.23127,-0.22741,0.00557,0.63863,0.51154,0.02050,-0.23130,-0.18535,0.0000,0.0000,-0.0000,0.0000,-0.0000,0.3959,-0.0800,-0.0354,0.00,0.3927,0.0000,0.0926,0.0852
10.540,moving,0.00558,0.63428,0.51060,0.02032,-0.23308,0.01677,0.00555,0.63863,0.51154,0.02101,-0.23127,-0.22741,0.00557,0.63863,0.51154,0.02058,-0.23130,-0.17063,0.0000,0.0000,-0.0000,0.0000,-0.0000,0.3959,-0.0800,-0.0354,0.00,0.3927,0.0000,0.0926,0.0852
10.560,moving,0.00558,0.63428,0.51060,0.02032,-0.23308,0.01677,0.00555,0.63863,0.51154,0.02101,-0.23127,-0.22741,0.00556,0.63863,0.51155,0.02065,-0.23131,-0.14972,0.0000,0.0000,-0.0000,0.0000,-0.0000,0.3959,-0.0800,-0.0354,0.00,0.3927,0.0000,0.0926,0.0852
10.580,moving,0.00558,0.63428,0.51060,0.02032,-0.23308,0.01677,0.00555,0.63863,0.51154,0.02101,-0.23127,-0.22741,0.00556,0.63863,0.51155,0.02060,-0.23131,-0.12478,0.0000,0.0000,-0.0000,0.0000,-0.0000,0.3959,-0.0800,-0.0354,0.00,0.3927,0.0000,0.0926,0.0852
10.600,moving,0.00558,0.63428,0.51060,0.02032,-0.23308,0.01677,0.00556,0.63863,0.51155,0.02060,-0.23131,-0.12478,0.00558,0.63863,0.51154,0.02012,-0.23133,-0.11622,0.0000,0.0000,-0.0000,0.0000,-0.0000,0.3959,-0.0800,-0.0354,0.00,0.3927,0.0001,0.0926,0.0852
10.620,moving,0.00558,0.63428,0.51060,0.02032,-0.23308,0.01677,0.00556,0.63863,0.51155,0.02060,-0.23131,-0.12478,0.00557,0.63863,0.51154,0.02026,-0.23133,-0.10772,0.0000,0.0000,-0.0000,0.0000,-0.0000,0.3959,-0.0800,-0.0354,0.00,0.3927,0.0001,0.0926,0.0852
10.640,moving,0.00558,0.63428,0.51060,0.02032,-0.23308,0.01677,0.00556,0.63863,0.51155,0.02060,-0.23131,-0.12478,0.00557,0.63863,0.51155,0.02037,-0.23133,-0.09302,0.0000,0.0000,-0.0000,0.0000,-0.0000,0.3959,-0.0800,-0.0354,0.00,0.3927,0.0000,0.0926,0.0852
10.660,moving,0.00558,0.63428,0.51060,0.02032,-0.23308,0.01677,0.00556,0.63863,0.51155,0.02060,-0.23131,-0.12478,0.00557,0.63863,0.51155,0.02045,-0.23134,-0.07212,0.0000,0.0000,-0.0000,0.0000,-0.0000,0.3959,-0.0800,-0.0354,0.00,0.3927,0.0000,0.0926,0.0852
10.680,moving,0.00558,0.63428,0.51060,0.02032,-0.23308,0.01677,0.00556,0.63863,0.51155,0.02060,-0.23131,-0.12478,0.00557,0.63863,0.51155,0.02043,-0.23134,-0.04719,0.0000,0.0000,-0.0000,0.0000,-0.0000,0.3959,-0.0801,-0.0354,0.00,0.3927,0.0000,0.0926,0.0852
10.700,moving,0.00558,0.63428,0.51060,0.02032,-0.23308,0.01677,0.00556,0.63863,0.51155,0.02060,-0.23131,-0.12478,0.00558,0.63863,0.51154,0.01996,-0.23135,-0.03864,0.0000,0.0000,-0.0000,0.0000,-0.0000,0.3959,-0.0801,-0.0354,0.00,0.3927,0.0001,0.0926,0.0852
10.720,moving,0.00558,0.63428,0.51060,0.02032,-0.23308,0.01677,0.00558,0.63863,0.51154,0.01996,-0.23135,-0.03864,0.00557,0.63863,0.51155,0.02011,-0.23135,-0.03014,0.0000,0.0000,-0.0000,0.0000,-0.0000,0.3959,-0.0800,-0.0354,0.00,0.3927,0.0001,0.0926,0.0852
10.740,moving,0.00558,0.63428,0.51060,0.02032,-0.23308,0.01677,0.00558,0.63863,0.51154,0.01996,-0.23135,-0.03864,0.00557,0.63863,0.51155,0.02023,-0.23135,-0.01544,0.0000,0.0000,-0.0000,0.0000,-0.0000,0.3959,-0.0800,-0.0354,0.00,0.3927,0.0001,0.0926,0.0852
10.760,moving,0.00558,0.63428,0.51060,0.02032,-0.23308,0.01677,0.00558,0.63863,0.51154,0.01996,-0.23135,-0.03864,0.00557,0.63863,0.51155,0.02014,-0.23136,0.00145,0.0000,0.0000,-0.0000,0.0000,-0.0000,0.3959,-0.0800,-0.0354,0.00,0.3927,0.0001,0.0926,0.0852
10.780,moving,0.00558,0.63428,0.51060,0.02032,-0.23308,0.01677,0.00558,0.63863,0.51154,0.01996,-0.23135,-0.03864,0.00557,0.63863,0.51155,0.01999,-0.23136,0.01207,0.0000,0.0000,-0.0000,0.0000,-0.0000,0.3959,-0.0800,-0.0354,0.00,0.3927,0.0001,0.0926,0.0852
10.800,moving,0.00558,0.63428,0.51060,0.02032,-0.23308,0.01677,0.00558,0.63863,0.51154,0.01996,-0.23135,-0.03864,0.00558,0.63863,0.51155,0.01991,-0.23136,0.01585,0.0000,0.0000,-0.0000,0.0000,-0.0000,0.3959,-0.0800,-0.0354,0.00,0.3927,0.0001,0.0926,0.0852
10.820,moving,0.00558,0.63428,0.51060,0.02032,-0.23308,0.01677,0.00558,0.63863,0.51154,0.01996,-0.23135,-0.03864,0.00558,0.63863,0.51155,0.01985,-0.23136,0.01690,0.0000,0.0000,-0.0000,0.0000,-0.0000,0.3959,-0.0800,-0.0354,0.00,0.3927,0.0001,0.0926,0.0852
10.840,moving,0.00558,0.63428,0.51060,0.02032,-0.23308,0.01677,0.00558,0.63863,0.51155,0.01985,-0.23136,0.01690,0.00558,0.63863,0.51155,0.01988,-0.23137,0.01689,0.0000,0.0000,-0.0000,0.0000,-0.0000,0.3959,-0.0800,-0.0354,0.00,0.3927,0.0001,0.0926,0.0852
10.860,moving,0.00558,0.63428,0.51060,0.02032,-0.23308,0.01677,0.00558,0.63863,0.51155,0.01985,-0.23136,0.01690,0.00558,0.63863,0.51155,0.01991,-0.23137,0.01687,0.0000,0.0000,-0.0000,0.0000,-0.0000,0.3959,-0.0800,-0.0354,0.00,0.3927,0.0001,0.0926,0.0852
10.880,moving,0.00558,0.63428,0.51060,0.02032,-0.23308,0.01677,0.00558,0.63863,0.51155,0.01985,-0.23136,0.01690,0.00557,0.63863,0.51155,0.01993,-0.23137,0.01686,0.0000,0.0000,-0.0000,0.0000,-0.0000,0.3959,-0.0800,-0.0354,0.00,0.3927,0.0001,0.0926,0.0852
10.900,moving,0.00558,0.63428,0.51060,0.02032,-0.23308,0.01677,0.00558,0.63863,0.51155,0.01985,-0.23136,0.01690,0.00557,0.63863,0.51155,0.01994,-0.23137,0.01685,0.0000,0.0000,-0.0000,0.0000,-0.0000,0.3959,-0.0800,-0.0354,0.00,0.3927,0.0001,0.0926,0.0852
10.920,moving,0.00558,0.63428,0.51060,0.02032,-0.23308,0.01677,0.00558,0.63863,0.51155,0.01985,-0.23136,0.01690,0.00557,0.63863,0.51155,0.01996,-0.23137,0.01684,0.0000,0.0000,-0.0000,0.0000,-0.0000,0.3959,-0.0801,-0.0354,0.00,0.3927,0.0001,0.0926,0.0852
10.940,moving,0.00558,0.63428,0.51060,0.02032,-0.23308,0.01677,0.00558,0.63863,0.51155,0.01985,-0.23136,0.01690,0.00557,0.63863,0.51155,0.01997,-0.23137,0.01684,0.0000,0.0000,-0.0000,0.0000,-0.0000,0.3959,-0.0801,-0.0354,0.00,0.3927,0.0001,0.0926,0.0852
10.960,moving,0.00558,0.63428,0.51060,0.02032,-0.23308,0.01677,0.00557,0.63863,0.51155,0.01997,-0.23137,0.01684,0.00557,0.63863,0.51155,0.01998,-0.23137,0.01683,0.0000,0.0000,-0.0000,0.0000,-0.0000,0.3959,-0.0800,-0.0354,0.00,0.3927,0.0001,0.0926,0.0852
10.980,moving,0.00558,0.63428,0.51060,0.02032,-0.23308,0.01677,0.00557,0.63863,0.51155,0.01997,-0.23137,0.01684,0.00557,0.63863,0.51155,0.01998,-0.23137,0.01683,0.0000,0.0000,-0.0000,0.0000,-0.0000,0.3959,-0.0800,-0.0354,0.00,0.3927,0.0001,0.0926,0.0852
11.000,moving,0.00558,0.63428,0.51060,0.02032,-0.23308,0.01677,0.00557,0.63863,0.51155,0.01997,-0.23137,0.01684,0.00557,0.63863,0.51155,0.01999,-0.23137,0.01682,0.0000,0.0000,-0.0000,0.0000,-0.0000,0.3959,-0.0800,-0.0354,0.00,0.3927,0.0001,0.0926,0.0852
11.020,moving,0.00558,0.63428,0.51060,0.02032,-0.23308,0.01677,0.00557,0.63863,0.51155,0.01997,-0.23137,0.01684,0.00557,0.63863,0.51155,0.02000,-0.23137,0.01682,0.0000,0.0000,-0.0000,0.0000,-0.0000,0.3959,-0.0800,-0.0354,0.00,0.3927,0.0001,0.0926,0.0852
11.040,moving,0.00558,0.63428,0.51060,0.02032,-0.23308,0.01677,0.00557,0.63863,0.51155,0.01997,-0.23137,0.01684,0.00557,0.63863,0.51155,0.02000,-0.23137,0.01682,0.0000,0.0000,-0.0000,0.0000,-0.0000,0.3959,-0.0800,-0.0354,0.00,0.3927,0.0001,0.0926,0.0852
11.060,moving,0.00558,0.63428,0.51060,0.02032,-0.23308,0.01677,0.00557,0.63863,0.51155,0.01997,-0.23137,0.01684,0.00557,0.63863,0.51155,0.02000,-0.23137,0.01682,0.0000,0.0000,-0.0000,0.0000,-0.0000,0.3959,-0.0800,-0.0354,0.00,0.3927,0.0001,0.0926,0.0852
11.080,moving,0.00558,0.63428,0.51060,0.02032,-0.23308,0.01677,0.00557,0.63863,0.51155,0.02000,-0.23137,0.01682,0.00557,0.63863,0.51155,0.02001,-0.23137,0.01681,0.0000,0.0000,-0.0000,0.0000,-0.0000,0.3959,-0.0800,-0.0354,0.00,0.3927,0.0001,0.0926,0.0852
11.100,moving,0.00558,0.63428,0.51060,0.02032,-0.23308,0.01677,0.00557,0.63863,0.51155,0.02000,-0.23137,0.01682,0.00557,0.63863,0.51155,0.02001,-0.23137,0.01681,0.0000,0.0000,-0.0000,0.0000,-0.0000,0.3959,-0.0800,-0.0354,0.00,0.3927,0.0001,0.0926,0.0852
11.120,moving,0.00558,0.63428,0.51060,0.02032,-0.23308,0.01677,0.00557,0.63863,0.51155,0.02000,-0.23137,0.01682,0.00557,0.63863,0.51155,0.02001,-0.23137,0.01681,0.0000,0.0000,-0.0000,0.0000,-0.0000,0.3959,-0.0800,-0.0354,0.00,0.3927,0.0001,0.0926,0.0852
11.140,moving,0.00558,0.63428,0.51060,0.02032,-0.23308,0.01677,0.00557,0.63863,0.51155,0.02000,-0.23137,0.01682,0.00557,0.63863,0.51155,0.02001,-0.23137,0.01681,0.0000,0.0000,-0.0000,0.0000,-0.0000,0.3959,-0.0801,-0.0354,0.00,0.3927,0.0001,0.0926,0.0852
11.160,moving,0.00558,0.63428,0.51060,0.02032,-0.23308,0.01677,0.00557,0.63863,0.51155,0.02000,-0.23137,0.01682,0.00557,0.63863,0.51155,0.02001,-0.23137,0.01681,0.0000,0.0000,-0.0000,0.0000,-0.0000,0.3959,-0.0800,-0.0354,0.00,0.3927,0.0001,0.0926,0.0852
11.180,detect,0.00558,0.63428,0.51060,0.02032,-0.23308,0.01677,0.00557,0.63863,0.51155,0.02000,-0.23137,0.01682,0.00557,0.63863,0.51155,0.02001,-0.23137,0.01681,0.0000,0.0000,-0.0000,0.0000,-0.0000,0.3959,-0.0800,-0.0354,0.00,0.3927,0.0001,0.0926,0.0852
11.200,detect,0.00558,0.63428,0.51060,0.02032,-0.23308,0.01677,0.00557,0.63863,0.51155,0.02001,-0.23137,0.01681,0.00557,0.63863,0.51155,0.02001,-0.23137,0.01681,0.0000,0.0000,-0.0000,0.0000,-0.0000,0.3959,-0.0800,-0.0354,0.00,0.3927,0.0001,0.0926,0.0852
11.220,detect,0.00558,0.63428,0.51060,0.02032,-0.23308,0.01677,0.00557,0.63863,0.51155,0.02001,-0.23137,0.01681,0.00557,0.63863,0.51155,0.02001,-0.23137,0.01681,0.0000,0.0000,-0.0000,0.0000,-0.0000,0.3959,-0.0800,-0.0354,0.00,0.3927,0.0001,0.0926,0.0852
11.240,detect,0.00558,0.63428,0.51060,0.02032,-0.23308,0.01677,0.00557,0.63863,0.51155,0.02001,-0.23137,0.01681,0.00557,0.63863,0.51155,0.02001,-0.23137,0.01681,0.0000,0.0000,-0.0000,0.0000,-0.0000,0.3959,-0.0800,-0.0354,0.00,0.3927,0.0001,0.0926,0.0852
11.260,detect,0.00558,0.63428,0.51060,0.02032,-0.23308,0.01677,0.00557,0.63863,0.51155,0.02001,-0.23137,0.01681,0.00557,0.63863,0.51155,0.02002,-0.23137,0.01681,0.0000,0.0000,-0.0000,0.0000,-0.0000,0.3959,-0.0800,-0.0354,0.00,0.3927,0.0001,0.0926,0.0852
11.280,detect,0.00558,0.63428,0.51060,0.02032,-0.23308,0.01677,0.00557,0.63863,0.51155,0.02001,-0.23137,0.01681,0.00557,0.63863,0.51155,0.02002,-0.23137,0.01681,0.0000,0.0000,-0.0000,0.0000,-0.0000,0.3959,-0.0800,-0.0354,0.00,0.3927,0.0001,0.0926,0.0852
11.300,detect,0.00558,0.63428,0.51060,0.02032,-0.23308,0.01677,0.00557,0.63863,0.51155,0.02001,-0.23137,0.01681,0.00557,0.63863,0.51155,0.02002,-0.23137,0.01681,0.0000,0.0000,-0.0000,0.0000,-0.0000,0.3959,-0.0800,-0.0354,0.00,0.3927,0.0001,0.0926,0.0852
11.320,detect,0.00558,0.63428,0.51060,0.02032,-0.23308,0.01677,0.00557,0.63863,0.51155,0.02002,-0.23137,0.01681,0.00557,0.63863,0.51155,0.02002,-0.23137,0.01681,0.0000,0.0000,-0.0000,0.0000,-0.0000,0.3959,-0.0800,-0.0354,0.00,0.3927,0.0001,0.0926,0.0852
11.340,detect,0.00558,0.63428,0.51060,0.02032,-0.23308,0.01677,0.00557,0.63863,0.51155,0.02002,-0.23137,0.01681,0.00557,0.63863,0.51155,0.02002,-0.23137,0.01681,0.0000,0.0000,-0.0000,0.0000,-0.0000,0.3959,-0.0800,-0.0354,0.00,0.3927,0.0001,0.0926,0.0852
11.360,detect,0.00558,0.63428,0.51060,0.02032,-0.23308,0.01677,0.00557,0.63863,0.51155,0.02002,-0.23137,0.01681,0.00557,0.63863,0.51155,0.02002,-0.23137,0.01681,0.0000,0.0000,-0.0000,0.0000,-0.0000,0.3959,-0.0800,-0.0354,0.00,0.3927,0.0001,0.0926,0.0852
11.380,detect,0.00558,0.63428,0.51060,0.02032,-0.23308,0.01677,0.00557,0.63863,0.51155,0.02002,-0.23137,0.01681,0.00557,0.63863,0.51155,0.02002,-0.23137,0.01681,0.0000,0.0000,-0.0000,0.0000,-0.0000,0.3959,-0.0800,-0.0354,0.00,0.3927,0.0001,0.0926,0.0852
11.400,detect,0.00558,0.63428,0.51060,0.02032,-0.23308,0.01677,0.00557,0.63863,0.51155,0.02002,-0.23137,0.01681,0.00557,0.63863,0.51155,0.02002,-0.23137,0.01681,0.0000,0.0000,-0.0000,0.0000,-0.0000,0.3959,-0.0800,-0.0354,0.00,0.3927,0.0001,0.0926,0.0852
11.420,detect,0.00558,0.63428,0.51060,0.02032,-0.23308,0.01677,0.00557,0.63863,0.51155,0.02002,-0.23137,0.01681,0.00557,0.63863,0.51155,0.02002,-0.23137,0.01681,0.0000,0.0000,-0.0000,0.0000,-0.0000,0.3959,-0.0800,-0.0354,0.00,0.3927,0.0001,0.0926,0.0852
11.440,detect,0.00558,0.63428,0.51060,0.02032,-0.23308,0.01677,0.00557,0.63863,0.51155,0.02002,-0.23137,0.01681,0.00557,0.63863,0.51155,0.02002,-0.23137,0.01681,0.0000,0.0000,-0.0000,0.0000,-0.0000,0.3959,-0.0800,-0.0354,0.00,0.3927,0.0001,0.0926,0.0852
11.460,detect,0.00558,0.63428,0.51060,0.02032,-0.23308,0.01677,0.00557,0.63863,0.51155,0.02002,-0.23137,0.01681,0.00557,0.63863,0.51155,0.02002,-0.23137,0.01681,0.0000,0.0000,-0.0000,0.0000,-0.0000,0.3959,-0.0800,-0.0354,0.00,0.3927,0.0001,0.0926,0.0852
11.480,detect,0.00558,0.63428,0.51060,0.02032,-0.23308,0.01677,0.00557,0.63863,0.51155,0.02002,-0.23137,0.01681,0.00557,0.63863,0.51155,0.02002,-0.23137,0.01681,0.0000,0.0000,-0.0000,0.0000,-0.0000,0.3959,-0.0800,-0.0354,0.00,0.3927,0.0001,0.0926,0.0852
11.500,detect,0.00558,0.63428,0.51060,0.02032,-0.23308,0.01677,0.00557,0.63863,0.51155,0.02002,-0.23137,0.01681,0.00557,0.63863,0.51155,0.02002,-0.23137,0.01681,0.0000,0.0000,-0.0000,0.0000,-0.0000,0.3959,-0.0800,-0.0354,0.00,0.3927,0.0001,0.0926,0.0852
11.520,detect,0.00558,0.63428,0.51060,0.02032,-0.23308,0.01677,0.00557,0.63863,0.51155,0.02002,-0.23137,0.01681,0.00557,0.63863,0.51155,0.02002,-0.23137,0.01681,0.0000,0.0000,-0.0000,0.0000,-0.0000,0.3959,-0.0800,-0.0354,0.00,0.3927,0.0001,0.0926,0.0852
11.540,detect,0.00558,0.63428,0.51060,0.02032,-0.23308,0.01677,0.00557,0.63863,0.51155,0.02002,-0.23137,0.01681,0.00557,0.63863,0.51155,0.02002,-0.23137,0.01681,0.0000,0.0000,-0.0000,0.0000,-0.0000,0.3959,-0.0800,-0.0354,0.00,0.3927,0.0001,0.0926,0.0852
11.560,detect,0.00558,0.63428,0.51060,0.02032,-0.23308,0.01677,0.00557,0.63863,0.51155,0.02002,-0.23137,0.01681,0.00557,0.63863,0.51155,0.02002,-0.23137,0.01681,0.0000,0.0000,-0.0000,0.0000,-0.0000,0.3959,-0.0801,-0.0354,0.00,0.3927,0.0001,0.0926,0.0852
11.580,detect,0.00558,0.63428,0.51060,0.02032,-0.23308,0.01677,0.00557,0.63863,0.51155,0.02002,-0.23137,0.01681,0.00557,0.63863,0.51155,0.02002,-0.23137,0.01681,0.0000,0.0000,-0.0000,0.0000,-0.0000,0.3959,-0.0801,-0.0354,0.00,0.3927,0.0001,0.0926,0.0852
11.600,detect,0.00558,0.63428,0.51060,0.02032,-0.23308,0.01677,0.00557,0.63863,0.51155,0.02002,-0.23137,0.01681,0.00557,0.63863,0.51155,0.02002,-0.23137,0.01681,0.0000,0.0000,-0.0000,0.0000,-0.0000,0.3959,-0.0800,-0.0354,0.00,0.3927,0.0001,0.0926,0.0852
11.620,detect,0.00558,0.63428,0.51060,0.02032,-0.23308,0.01677,0.00557,0.63863,0.51155,0.02002,-0.23137,0.01681,0.00557,0.63863,0.51155,0.02002,-0.23137,0.01681,0.0000,0.0000,-0.0000,0.0000,-0.0000,0.3959,-0.0800,-0.0354,0.00,0.3927,0.0001,0.0926,0.0852
11.640,detect,0.00558,0.63428,0.51060,0.02032,-0.23308,0.01677,0.00557,0.63863,0.51155,0.02002,-0.23137,0.01681,0.00557,0.63863,0.51155,0.02002,-0.23137,0.01681,0.0000,0.0000,-0.0000,0.0000,-0.0000,0.3959,-0.0800,-0.0354,0.00,0.3927,0.0001,0.0926,0.0852
11.660,detect,0.00558,0.63428,0.51060,0.02032,-0.23308,0.01677,0.00557,0.63863,0.51155,0.02002,-0.23137,0.01681,0.00557,0.63863,0.51155,0.02002,-0.23137,0.01681,0.0000,0.0000,-0.0000,0.0000,-0.0000,0.3959,-0.0800,-0.0354,0.00,0.3927,0.0001,0.0926,0.0852
11.680,detect,0.00558,0.63428,0.51060,0.02032,-0.23308,0.01677,0.00557,0.63863,0.51155,0.02002,-0.23137,0.01681,0.00557,0.63863,0.51155,0.02002,-0.23137,0.01681,0.0000,0.0000,-0.0000,0.0000,-0.0000,0.3959,-0.0800,-0.0354,0.00,0.3927,0.0001,0.0926,0.0852
11.700,detect,0.00558,0.63428,0.51060,0.02032,-0.23308,0.01677,0.00557,0.63863,0.51155,0.02002,-0.23137,0.01681,0.00557,0.63863,0.51155,0.02002,-0.23137,0.01681,0.0000,0.0000,-0.0000,0.0000,-0.0000,0.3959,-0.0800,-0.0354,0.00,0.3927,0.0001,0.0926,0.0852
11.720,detect,0.00558,0.63428,0.51060,0.02032,-0.23308,0.01677,0.00557,0.63863,0.51155,0.02002,-0.23137,0.01681,0.00557,0.63863,0.51155,0.02002,-0.23137,0.01681,0.0000,0.0000,-0.0000,0.0000,-0.0000,0.3959,-0.0800,-0.0354,0.00,0.3927,0.0001,0.0926,0.0852
11.740,detect,0.00558,0.63428,0.51060,0.02032,-0.23308,0.01677,0.00557,0.63863,0.51155,0.02002,-0.23137,0.01681,0.00557,0.63863,0.51155,0.02002,-0.23137,0.01681,0.0000,0.0000,-0.0000,0.0000,-0.0000,0.3959,-0.0800,-0.0354,0.00,0.3927,0.0001,0.0926,0.0852
11.760,detect,0.00558,0.63428,0.51060,0.02032,-0.23308,0.01677,0.00557,0.63863,0.51155,0.02002,-0.23137,0.01681,0.00557,0.63863,0.51155,0.02002,-0.23137,0.01681,0.0000,0.0000,-0.0000,0.0000,-0.0000,0.3959,-0.0801,-0.0354,0.00,0.3927,0.0001,0.0926,0.0852
11.780,detect,0.00558,0.63428,0.51060,0.02032,-0.23308,0.01677,0.00557,0.63863,0.51155,0.02002,-0.23137,0.01681,0.00557,0.63863,0.51155,0.02002,-0.23137,0.01681,0.0000,0.0000,-0.0000,0.0000,-0.0000,0.3959,-0.0801,-0.0354,0.00,0.3927,0.0001,0.0926,0.0852
11.800,detect,0.00558,0.63428,0.51060,0.02032,-0.23308,0.01677,0.00557,0.63863,0.51155,0.02002,-0.23137,0.01681,0.00557,0.63863,0.51155,0.02002,-0.23137,0.01681,0.0000,0.0000,-0.0000,0.0000,-0.0000,0.3959,-0.0801,-0.0354,0.00,0.3927,0.0001,0.0926,0.0852
11.820,detect,0.00558,0.63428,0.51060,0.02032,-0.23308,0.01677,0.00557,0.63863,0.51155,0.02002,-0.23137,0.01681,0.00557,0.63863,0.51155,0.02002,-0.23137,0.01681,0.0000,0.0000,-0.0000,0.0000,-0.0000,0.3959,-0.0800,-0.0354,0.00,0.3927,0.0001,0.0926,0.0852
11.840,detect,0.00558,0.63428,0.51060,0.02032,-0.23308,0.01677,0.00557,0.63863,0.51155,0.02002,-0.23137,0.01681,0.00557,0.63863,0.51155,0.02002,-0.23137,0.01681,0.0000,0.0000,-0.0000,0.0000,-0.0000,0.3959,-0.0800,-0.0354,0.00,0.3927,0.0001,0.0926,0.0852
11.860,detect,0.00558,0.63428,0.51060,0.02032,-0.23308,0.01677,0.00557,0.63863,0.51155,0.02002,-0.23137,0.01681,0.00557,0.63863,0.51155,0.02002,-0.23137,0.01681,0.0000,0.0000,-0.0000,0.0000,-0.0000,0.3959,-0.0800,-0.0354,0.00,0.3927,0.0001,0.0926,0.0852
11.880,detect,0.00558,0.63428,0.51060,0.02032,-0.23308,0.01677,0.00557,0.63863,0.51155,0.02002,-0.23137,0.01681,0.00557,0.63863,0.51155,0.02002,-0.23137,0.01681,0.0000,0.0000,-0.0000,0.0000,-0.0000,0.3959,-0.0800,-0.0354,0.00,0.3927,0.0001,0.0926,0.0852
11.900,detect,0.00558,0.63428,0.51060,0.02032,-0.23308,0.01677,0.00557,0.63863,0.51155,0.02002,-0.23137,0.01681,0.00557,0.63863,0.51155,0.02002,-0.23137,0.01681,0.0000,0.0000,-0.0000,0.0000,-0.0000,0.3959,-0.0800,-0.0354,0.00,0.3927,0.0001,0.0926,0.0852
11.920,detect,0.00558,0.63428,0.51060,0.02032,-0.23308,0.01677,0.00557,0.63863,0.51155,0.02002,-0.23137,0.01681,0.00557,0.63863,0.51155,0.02002,-0.23137,0.01681,0.0000,0.0000,-0.0000,0.0000,-0.0000,0.3959,-0.0800,-0.0354,0.00,0.3927,0.0001,0.0926,0.0852
11.940,detect,0.00558,0.63428,0.51060,0.02032,-0.23308,0.01677,0.00557,0.63863,0.51155,0.02002,-0.23137,0.01681,0.00557,0.63863,0.51155,0.02002,-0.23137,0.01681,0.0000,0.0000,-0.0000,0.0000,-0.0000,0.3959,-0.0800,-0.0354,0.00,0.3927,0.0001,0.0926,0.0852
11.960,detect,0.00558,0.63428,0.51060,0.02032,-0.23308,0.01677,0.00557,0.63863,0.51155,0.02002,-0.23137,0.01681,0.00557,0.63863,0.51155,0.02002,-0.23137,0.01681,0.0000,0.0000,-0.0000,0.0000,-0.0000,0.3959,-0.0800,-0.0354,0.00,0.3927,0.0001,0.0926,0.0852
11.980,detect,0.00558,0.63428,0.51060,0.02032,-0.23308,0.01677,0.00557,0.63863,0.51155,0.02002,-0.23137,0.01681,0.00557,0.63863,0.51155,0.02002,-0.23137,0.01681,0.0000,0.0000,-0.0000,0.0000,-0.0000,0.3959,-0.0801,-0.0354,0.00,0.3927,0.0001,0.0926,0.0852
12.000,detect,0.00558,0.63428,0.51060,0.02032,-0.23308,0.01677,0.00557,0.63863,0.51155,0.02002,-0.23137,0.01681,0.00557,0.63863,0.51155,0.02002,-0.23137,0.01681,0.0000,0.0000,-0.0000,0.0000,-0.0000,0.3959,-0.0801,-0.0354,0.00,0.3927,0.0001,0.0926,0.0852
12.020,detect,0.00558,0.63428,0.51060,0.02032,-0.23308,0.01677,0.00557,0.63863,0.51155,0.02002,-0.23137,0.01681,0.00557,0.63863,0.51155,0.02002,-0.23137,0.01681,0.0000,0.0000,-0.0000,0.0000,-0.0000,0.3959,-0.0800,-0.0354,0.00,0.3927,0.0001,0.0926,0.0852
12.040,detect,0.00558,0.63428,0.51060,0.02032,-0.23308,0.01677,0.00557,0.63863,0.51155,0.02002,-0.23137,0.01681,0.00557,0.63863,0.51155,0.02002,-0.23137,0.01681,0.0000,0.0000,-0.0000,0.0000,-0.0000,0.3959,-0.0800,-0.0354,0.00,0.3927,0.0001,0.0926,0.0852
12.060,detect,0.00558,0.63428,0.51060,0.02032,-0.23308,0.01677,0.00557,0.63863,0.51155,0.02002,-0.23137,0.01681,0.00557,0.63863,0.51155,0.02002,-0.23137,0.01681,0.0000,0.0000,-0.0000,0.0000,-0.0000,0.3959,-0.0800,-0.0354,0.00,0.3927,0.0001,0.0926,0.0852
12.080,detect,0.00558,0.63428,0.51060,0.02032,-0.23308,0.01677,0.00557,0.63863,0.51155,0.02002,-0.23137,0.01681,0.00557,0.63863,0.51155,0.02002,-0.23137,0.01681,0.0000,0.0000,-0.0000,0.0000,-0.0000,0.3959,-0.0800,-0.0354,0.00,0.3927,0.0001,0.0926,0.0852
12.100,detect,0.00558,0.63428,0.51060,0.02032,-0.23308,0.01677,0.00557,0.63863,0.51155,0.02002,-0.23137,0.01681,0.00557,0.63863,0.51155,0.02002,-0.23137,0.01681,0.0000,0.0000,-0.0000,0.0000,-0.0000,0.3959,-0.0800,-0.0354,0.00,0.3927,0.0001,0.0926,0.0852
12.120,detect,0.00558,0.63428,0.51060,0.02032,-0.23308,0.01677,0.00557,0.63863,0.51155,0.02002,-0.23137,0.01681,0.00557,0.63863,0.51155,0.02002,-0.23137,0.01681,0.0000,0.0000,-0.0000,0.0000,-0.0000,0.3959,-0.0800,-0.0354,0.00,0.3927,0.0001,0.0926,0.0852
12.140,detect,0.00558,0.63428,0.51060,0.02032,-0.23308,0.01677,0.00557,0.63863,0.51155,0.02002,-0.23137,0.01681,0.00557,0.63863,0.51155,0.02002,-0.23137,0.01681,0.0000,0.0000,-0.0000,0.0000,-0.0000,0.3959,-0.0800,-0.0354,0.00,0.3927,0.0001,0.0926,0.0852
12.160,detect,0.00558,0.63428,0.51060,0.02032,-0.23308,0.01677,0.00557,0.63863,0.51155,0.02002,-0.23137,0.01681,0.00557,0.63863,0.51155,0.02002,-0.23137,0.01681,0.0000,0.0000,-0.0000,0.0000,-0.0000,0.3959,-0.0800,-0.0354,0.00,0.3927,0.0001,0.0926,0.0852
12.180,detect,0.00558,0.63428,0.51060,0.02032,-0.23308,0.01677,0.00557,0.63863,0.51155,0.02002,-0.23137,0.01681,0.00557,0.63863,0.51155,0.02002,-0.23137,0.01681,0.0000,0.0000,-0.0000,0.0000,-0.0000,0.3959,-0.0800,-0.0354,0.00,0.3927,0.0001,0.0926,0.0852
12.200,detect,0.00558,0.63428,0.51060,0.02032,-0.23308,0.01677,0.00557,0.63863,0.51155,0.02002,-0.23137,0.01681,0.00557,0.63863,0.51155,0.02002,-0.23137,0.01681,0.0000,0.0000,-0.0000,0.0000,-0.0000,0.3959,-0.0800,-0.0354,0.00,0.3927,0.0001,0.0926,0.0852
12.220,detect,0.00558,0.63428,0.51060,0.02032,-0.23308,0.01677,0.00557,0.63863,0.51155,0.02002,-0.23137,0.01681,0.00557,0.63863,0.51155,0.02002,-0.23137,0.01681,0.0000,0.0000,-0.0000,0.0000,-0.0000,0.3959,-0.0800,-0.0354,0.00,0.3927,0.0001,0.0926,0.0852
12.240,detect,0.00558,0.63428,0.51060,0.02032,-0.23308,0.01677,0.00557,0.63863,0.51155,0.02002,-0.23137,0.01681,0.00557,0.63863,0.51155,0.02002,-0.23137,0.01681,0.0000,0.0000,-0.0000,0.0000,-0.0000,0.3959,-0.0800,-0.0354,0.00,0.3927,0.0001,0.0926,0.0852
12.260,detect,0.00558,0.63428,0.51060,0.02032,-0.23308,0.01677,0.00557,0.63863,0.51155,0.02002,-0.23137,0.01681,0.00557,0.63863,0.51155,0.02002,-0.23137,0.01681,0.0000,0.0000,-0.0000,0.0000,-0.0000,0.3959,-0.0800,-0.0354,0.00,0.3927,0.0001,0.0926,0.0852
12.280,detect,0.00558,0.63428,0.51060,0.02032,-0.23308,0.01677,0.00557,0.63863,0.51155,0.02002,-0.23137,0.01681,0.00557,0.63863,0.51155,0.02002,-0.23137,0.01681,0.0000,0.0000,-0.0000,0.0000,-0.0000,0.3959,-0.0800,-0.0354,0.00,0.3927,0.0001,0.0926,0.0852
12.300,detect,0.00558,0.63428,0.51060,0.02032,-0.23308,0.01677,0.00557,0.63863,0.51155,0.02002,-0.23137,0.01681,0.00557,0.63863,0.51155,0.02002,-0.23137,0.01681,0.0000,0.0000,-0.0000,0.0000,-0.0000,0.3959,-0.0800,-0.0354,0.00,0.3927,0.0001,0.0926,0.0852
12.320,detect,0.00558,0.63428,0.51060,0.02032,-0.23308,0.01677,0.00557,0.63863,0.51155,0.02002,-0.23137,0.01681,0.00557,0.63863,0.51155,0.02002,-0.23137,0.01681,0.0000,0.0000,-0.0000,0.0000,-0.0000,0.3959,-0.0800,-0.0354,0.00,0.3927,0.0001,0.0926,0.0852
12.340,detect,0.00558,0.63428,0.51060,0.02032,-0.23308,0.01677,0.00557,0.63863,0.51155,0.02002,-0.23137,0.01681,0.00557,0.63863,0.51155,0.02002,-0.23137,0.01681,0.0000,0.0000,-0.0000,0.0000,-0.0000,0.3959,-0.0800,-0.0354,0.00,0.3927,0.0001,0.0926,0.0852
12.360,detect,0.00558,0.63428,0.51060,0.02032,-0.23308,0.01677,0.00557,0.63863,0.51155,0.02002,-0.23137,0.01681,0.00557,0.63863,0.51155,0.02002,-0.23137,0.01681,0.0000,0.0000,-0.0000,0.0000,-0.0000,0.3959,-0.0800,-0.0354,0.00,0.3927,0.0001,0.0926,0.0852
12.380,detect,0.00558,0.63428,0.51060,0.02032,-0.23308,0.01677,0.00557,0.63863,0.51155,0.02002,-0.23137,0.01681,0.00557,0.63863,0.51155,0.02002,-0.23137,0.01681,0.0000,0.0000,-0.0000,0.0000,-0.0000,0.3959,-0.0800,-0.0354,0.00,0.3927,0.0001,0.0926,0.0852
12.400,detect,0.00558,0.63428,0.51060,0.02032,-0.23308,0.01677,0.00557,0.63863,0.51155,0.02002,-0.23137,0.01681,0.00557,0.63863,0.51155,0.02002,-0.23137,0.01681,0.0000,0.0000,-0.0000,0.0000,-0.0000,0.3959,-0.0800,-0.0354,0.00,0.3927,0.0001,0.0926,0.0852
12.420,detect,0.00558,0.63428,0.51060,0.02032,-0.23308,0.01677,0.00557,0.63863,0.51155,0.02002,-0.23137,0.01681,0.00557,0.63863,0.51155,0.02002,-0.23137,0.01681,0.0000,0.0000,-0.0000,0.0000,-0.0000,0.3959,-0.0801,-0.0354,0.00,0.3927,0.0001,0.0926,0.0852
12.440,detect,0.00558,0.63428,0.51060,0.02032,-0.23308,0.01677,0.00557,0.63863,0.51155,0.02002,-0.23137,0.01681,0.00557,0.63863,0.51155,0.02002,-0.23137,0.01681,0.0000,0.0000,-0.0000,0.0000,-0.0000,0.3959,-0.0800,-0.0354,0.00,0.3927,0.0001,0.0926,0.0852
12.460,detect,0.00558,0.63428,0.51060,0.02032,-0.23308,0.01677,0.00557,0.63863,0.51155,0.02002,-0.23137,0.01681,0.00557,0.63863,0.51155,0.02002,-0.23137,0.01681,0.0000,0.0000,-0.0000,0.0000,-0.0000,0.3959,-0.0800,-0.0354,0.00,0.3927,0.0001,0.0926,0.0852
12.480,detect,0.00558,0.63428,0.51060,0.02032,-0.23308,0.01677,0.00557,0.63863,0.51155,0.02002,-0.23137,0.01681,0.00557,0.63863,0.51155,0.02002,-0.23137,0.01681,0.0000,0.0000,-0.0000,0.0000,-0.0000,0.3959,-0.0800,-0.0354,0.00,0.3927,0.0001,0.0926,0.0852
12.500,detect,0.00558,0.63428,0.51060,0.02032,-0.23308,0.01677,0.00557,0.63863,0.51155,0.02002,-0.23137,0.01681,0.00557,0.63863,0.51155,0.02002,-0.23137,0.01681,0.0000,0.0000,-0.0000,0.0000,-0.0000,0.3959,-0.0800,-0.0354,0.00,0.3927,0.0001,0.0926,0.0852
12.520,detect,0.00558,0.63428,0.51060,0.02032,-0.23308,0.01677,0.00557,0.63863,0.51155,0.02002,-0.23137,0.01681,0.00557,0.63863,0.51155,0.02002,-0.23137,0.01681,0.0000,0.0000,-0.0000,0.0000,-0.0000,0.3959,-0.0800,-0.0354,0.00,0.3927,0.0001,0.0926,0.0852
12.540,detect,0.00558,0.63428,0.51060,0.02032,-0.23308,0.01677,0.00557,0.63863,0.51155,0.02002,-0.23137,0.01681,0.00557,0.63863,0.51155,0.02002,-0.23137,0.01681,0.0000,0.0000,-0.0000,0.0000,-0.0000,0.3959,-0.0800,-0.0354,0.00,0.3927,0.0001,0.0926,0.0852
12.560,detect,0.00558,0.63428,0.51060,0.02032,-0.23308,0.01677,0.00557,0.63863,0.51155,0.02002,-0.23137,0.01681,0.00557,0.63863,0.51155,0.02002,-0.23137,0.01681,0.0000,0.0000,-0.0000,0.0000,-0.0000,0.3959,-0.0800,-0.0354,0.00,0.3927,0.0001,0.0926,0.0852
12.580,detect,0.00558,0.63428,0.51060,0.02032,-0.23308,0.01677,0.00557,0.63863,0.51155,0.02002,-0.23137,0.01681,0.00557,0.63863,0.51155,0.02002,-0.23137,0.01681,0.0000,0.0000,-0.0000,0.0000,-0.0000,0.3959,-0.0800,-0.0354,0.00,0.3927,0.0001,0.0926,0.0852
12.600,detect,0.00558,0.63428,0.51060,0.02032,-0.23308,0.01677,0.00557,0.63863,0.51155,0.02002,-0.23137,0.01681,0.00557,0.63863,0.51155,0.02002,-0.23137,0.01681,0.0000,0.0000,-0.0000,0.0000,-0.0000,0.3959,-0.0800,-0.0354,0.00,0.3927,0.0001,0.0926,0.0852
12.620,moving,0.00558,0.63428,0.51060,0.02032,-0.23308,0.01677,0.00557,0.63863,0.51155,0.02002,-0.23137,0.01681,0.00557,0.63863,0.51155,0.02002,-0.23137,0.01681,0.0000,0.0000,-0.0000,0.0000,-0.0000,0.3959,-0.0800,-0.0354,0.00,0.3927,0.0001,0.0926,0.0852
12.640,moving,0.60766,0.36122,0.64537,-0.59979,0.09059,-0.91772,0.00557,0.63863,0.51155,0.02002,-0.23137,0.01681,0.00557,0.63863,0.51155,0.02002,-0.23137,0.01681,0.0000,0.0000,-0.0000,0.0000,-0.0000,0.3959,-0.0800,-0.0354,0.00,0.3927,0.0001,0.0926,0.0852
12.660,moving,0.60766,0.36122,0.64537,-0.59979,0.09059,-0.91772,0.00557,0.63863,0.51155,0.02002,-0.23137,0.01681,0.00557,0.63863,0.51155,0.02002,-0.23137,0.01681,0.0000,0.0000,-0.0000,0.0000,-0.0000,0.3959,-0.0800,-0.0354,0.00,0.3927,0.0001,0.0926,0.0852
12.680,moving,0.60766,0.36122,0.64537,-0.59979,0.09059,-0.91772,0.00557,0.63863,0.51155,0.02002,-0.23137,0.01681,0.00557,0.63863,0.51155,0.02002,-0.23137,0.01681,0.0000,0.0000,-0.0000,0.0000,-0.0000,0.3959,-0.0800,-0.0354,0.00,0.3927,0.0001,0.0926,0.0852
12.700,moving,0.60766,0.36122,0.64537,-0.59979,0.09059,-0.91772,0.00557,0.63863,0.51155,0.02002,-0.23137,0.01681,0.00772,0.63633,0.51368,0.01817,-0.22904,0.01460,0.0000,0.0000,-0.0000,0.0000,-0.0000,0.3959,-0.0801,-0.0354,0.00,0.3919,0.0010,0.0928,0.0852
12.720,moving,0.60766,0.36122,0.64537,-0.59979,0.09059,-0.91772,0.00557,0.63863,0.51155,0.02002,-0.23137,0.01681,0.01606,0.62782,0.52198,0.01026,-0.22050,0.00624,0.0000,0.0000,-0.0000,0.0000,-0.0000,0.3958,-0.0802,-0.0353,0.00,0.3888,0.0046,0.0932,0.0852
12.740,moving,0.60766,0.36122,0.64537,-0.59979,0.09059,-0.91772,0.00557,0.63863,0.51155,0.02002,-0.23137,0.01681,0.03064,0.61311,0.53649,-0.00396,-0.20577,-0.00839,0.0000,0.0000,-0.0000,0.0000,-0.0000,0.3957,-0.0803,-0.0352,0.00,0.3833,0.0106,0.0939,0.0852
12.760,moving,0.60766,0.36122,0.64537,-0.59979,0.09059,-0.91772,0.03064,0.61311,0.53649,-0.00396,-0.20577,-0.00839,0.05146,0.59219,0.55719,-0.02455,-0.18484,-0.02933,0.0000,0.0000,-0.0000,0.0000,-0.0000,0.3956,-0.0803,-0.0352,0.00,0.3752,0.0189,0.0949,0.0853
12.780,moving,0.60766,0.36122,0.64537,-0.59979,0.09059,-0.91772,0.03064,0.61311,0.53649,-0.00396,-0.20577,-0.00839,0.07638,0.56748,0.58171,-0.04881,-0.15990,-0.05445,0.0000,0.0000,-0.0000,0.0000,-0.0000,0.3955,-0.0802,-0.0353,0.00,0.3652,0.0281,0.0960,0.0853
12.800,moving,0.60766,0.36122,0.64537,-0.59979,0.09059,-0.91772,0.03064,0.61311,0.53649,-0.00396,-0.20577,-0.00839,0.08984,0.55652,0.59682,-0.06013,-0.15138,-0.06366,0.0000,0.0000,-0.0000,0.0000,-0.0000,0.3956,-0.0799,-0.0355,0.00,0.3596,0.0328,0.0958,0.0852
12.820,moving,0.60766,0.36122,0.64537,-0.59979,0.09059,-0.91772,0.03064,0.61311,0.53649,-0.00396,-0.20577,-0.00839,0.09736,0.54841,0.60424,-0.06825,-0.14286,-0.07247,0.0000,0.0000,-0.0000,0.0000,-0.0000,0.3958,-0.0796,-0.0357,0.00,0.3563,0.0353,0.0962,0.0853
12.840,moving,0.60766,0.36122,0.64537,-0.59979,0.09059,-0.91772,0.03064,0.61311,0.53649,-0.00396,-0.20577,-0.00839,0.11131,0.53387,0.61778,-0.08249,-0.12813,-0.08731,0.0000,0.0000,-0.0000,0.0000,-0.0000,0.3958,-0.0798,-0.0356,0.00,0.3504,0.0398,0.0970,0.0852
12.860,moving,0.60766,0.36122,0.64537,-0.59979,0.09059,-0.91772,0.03064,0.61311,0.53649,-0.00396,-0.20577,-0.00839,0.13162,0.51316,0.63418,-0.10288,-0.10723,-0.10831,0.0000,0.0000,-0.0000,0.0000,-0.0000,0.3958,-0.0800,-0.0354,0.00,0.3427,0.0461,0.0987,0.0852
12.880,moving,0.60766,0.36122,0.64537,-0.59979,0.09059,-0.91772,0.13162,0.51316,0.63418,-0.10288,-0.10723,-0.10831,0.15618,0.48855,0.64442,-0.12713,-0.08229,-0.13337,0.0000,0.0000,-0.0000,0.0000,-0.0000,0.3958,-0.0801,-0.0353,0.00,0.3364,0.0535,0.1026,0.0852
12.900,moving,0.60766,0.36122,0.64537,-0.59979,0.09059,-0.91772,0.13162,0.51316,0.63418,-0.10288,-0.10723,-0.10831,0.16787,0.47683,0.64755,-0.13855,-0.07384,-0.14216,0.0000,0.0000,-0.0000,0.0000,-0.0000,0.3960,-0.0799,-0.0355,0.00,0.3343,0.0572,0.1052,0.0852
12.920,moving,0.60766,0.36122,0.64537,-0.59979,0.09059,-0.91772,0.13162,0.51316,0.63418,-0.10288,-0.10723,-0.10831,0.17538,0.46890,0.64844,-0.14608,-0.06533,-0.15075,0.0000,0.0000,-0.0001,0.0000,-0.0000,0.3961,-0.0798,-0.0355,0.00,0.3329,0.0594,0.1069,0.0852
12.940,moving,0.60766,0.36122,0.64537,-0.59979,0.09059,-0.91772,0.13162,0.51316,0.63418,-0.10288,-0.10723,-0.10831,0.18930,0.45459,0.64815,-0.15998,-0.05064,-0.16545,0.0000,0.0000,-0.0001,0.0000,-0.0000,0.3962,-0.0798,-0.0356,0.00,0.3310,0.0635,0.1104,0.0851
12.960,moving,0.60766,0.36122,0.64537,-0.59979,0.09059,-0.91772,0.13162,0.51316,0.63418,-0.10288,-0.10723,-0.10831,0.20959,0.43400,0.64789,-0.18020,-0.02976,-0.18627,0.0000,0.0000,-0.0001,0.0000,-0.0000,0.3961,-0.0799,-0.0354,0.00,0.3281,0.0693,0.1155,0.0852
12.980,moving,0.60766,0.36122,0.64537,-0.59979,0.09059,-0.91772,0.13162,0.51316,0.63418,-0.10288,-0.10723,-0.10831,0.23410,0.40928,0.64753,-0.20434,-0.00486,-0.21102,0.0000,0.0000,-0.0001,0.0000,-0.0000,0.3960,-0.0800,-0.0354,0.00,0.3244,0.0760,0.1216,0.0852
13.000,moving,0.60766,0.36122,0.64537,-0.59979,0.09059,-0.91772,0.23410,0.40928,0.64753,-0.20434,-0.00486,-0.21102,0.24506,0.39756,0.64680,-0.21515,0.00356,-0.21936,0.0000,0.0000,-0.0001,0.0000,-0.0000,0.3960,-0.0798,-0.0356,0.00,0.3233,0.0792,0.1249,0.0852
13.020,moving,0.60766,0.36122,0.64537,-0.59979,0.09059,-0.91772,0.23410,0.40928,0.64753,-0.20434,-0.00486,-0.21102,0.25268,0.38991,0.64681,-0.22254,0.01205,-0.22757,0.0000,0.0000,-0.0001,0.0000,-0.0000,0.3961,-0.0798,-0.0356,0.00,0.3219,0.0811,0.1267,0.0852
13.040,moving,0.60766,0.36122,0.64537,-0.59979,0.09059,-0.91772,0.23410,0.40928,0.64753,-0.20434,-0.00486,-0.21102,0.26669,0.37664,0.64671,-0.23634,0.02672,-0.24199,0.0000,0.0000,-0.0001,0.0000,-0.0000,0.3960,-0.0798,-0.0356,0.00,0.3195,0.0845,0.1298,0.0852
13.060,moving,0.60766,0.36122,0.64537,-0.59979,0.09059,-0.91772,0.23410,0.40928,0.64753,-0.20434,-0.00486,-0.21102,0.28708,0.36722,0.64634,-0.25647,0.04758,-0.26256,0.0000,0.0000,-0.0001,0.0000,-0.0000,0.3959,-0.0800,-0.0354,0.00,0.3156,0.0892,0.1311,0.0852
13.080,moving,0.60766,0.36122,0.64537,-0.59979,0.09059,-0.91772,0.23410,0.40928,0.64753,-0.20434,-0.00486,-0.21102,0.31161,0.36383,0.64625,-0.28028,0.06810,-0.28702,0.0000,0.0000,-0.0001,0.0000,-0.0000,0.3959,-0.0802,-0.0353,0.00,0.3108,0.0948,0.1305,0.0852
13.100,moving,0.60766,0.36122,0.64537,-0.59979,0.09059,-0.91772,0.23410,0.40928,0.64753,-0.20434,-0.00486,-0.21102,0.32196,0.36401,0.64620,-0.29015,0.07441,-0.29508,0.0000,0.0000,-0.0001,0.0000,-0.0000,0.3959,-0.0799,-0.0355,0.00,0.3091,0.0972,0.1300,0.0852
13.120,moving,0.60766,0.36122,0.64537,-0.59979,0.09059,-0.91772,0.32196,0.36401,0.64620,-0.29015,0.07441,-0.29508,0.32972,0.36429,0.64613,-0.29770,0.08287,-0.30314,0.0000,0.0000,-0.0001,0.0000,-0.0000,0.3960,-0.0797,-0.0357,0.00,0.3072,0.0987,0.1292,0.0852
13.140,moving,0.60766,0.36122,0.64537,-0.59979,0.09059,-0.91772,0.32196,0.36401,0.64620,-0.29015,0.07441,-0.29508,0.34377,0.36454,0.64635,-0.31162,0.08979,-0.31744,0.0000,0.0000,-0.0001,0.0000,-0.0000,0.3960,-0.0798,-0.0356,0.00,0.3050,0.1020,0.1286,0.0852
13.160,moving,0.60766,0.36122,0.64537,-0.59979,0.09059,-0.91772,0.32196,0.36401,0.64620,-0.29015,0.07441,-0.29508,0.36416,0.36474,0.64647,-0.33187,0.09131,-0.33802,0.0000,0.0000,-0.0001,0.0000,-0.0000,0.3960,-0.0799,-0.0355,0.00,0.3028,0.1077,0.1284,0.0852
13.180,moving,0.60766,0.36122,0.64537,-0.59979,0.09059,-0.91772,0.32196,0.36401,0.64620,-0.29015,0.07441,-0.29508,0.38874,0.36489,0.64638,-0.35549,0.09125,-0.36215,0.0000,0.0000,-0.0001,0.0000,-0.0000,0.3959,-0.0800,-0.0354,0.00,0.3003,0.1148,0.1285,0.0852
13.200,moving,0.60766,0.36122,0.64537,-0.59979,0.09059,-0.91772,0.32196,0.36401,0.64620,-0.29015,0.07441,-0.29508,0.39956,0.36504,0.64591,-0.36522,0.09108,-0.37033,0.0000,0.0000,-0.0001,0.0000,-0.0000,0.3960,-0.0797,-0.0356,0.00,0.2993,0.1180,0.1286,0.0852
13.220,moving,0.60766,0.36122,0.64537,-0.59979,0.09059,-0.91772,0.32196,0.36401,0.64620,-0.29015,0.07441,-0.29508,0.40726,0.36514,0.64603,-0.37299,0.09102,-0.37859,0.0000,0.0000,-0.0001,0.0000,-0.0000,0.3960,-0.0796,-0.0358,0.00,0.2985,0.1202,0.1286,0.0852
13.240,moving,0.60766,0.36122,0.64537,-0.59979,0.09059,-0.91772,0.40726,0.36514,0.64603,-0.37299,0.09102,-0.37859,0.42132,0.36521,0.64615,-0.38712,0.09094,-0.39315,0.0000,0.0000,-0.0001,0.0000,-0.0000,0.3960,-0.0797,-0.0357,0.00,0.2969,0.1242,0.1286,0.0852
13.260,moving,0.60766,0.36122,0.64537,-0.59979,0.09059,-0.91772,0.40726,0.36514,0.64603,-0.37299,0.09102,-0.37859,0.44169,0.36527,0.64621,-0.40750,0.09089,-0.41392,0.0000,0.0000,-0.0001,0.0000,-0.0000,0.3959,-0.0799,-0.0355,0.00,0.2945,0.1299,0.1286,0.0852
13.280,moving,0.60766,0.36122,0.64537,-0.59979,0.09059,-0.91772,0.40726,0.36514,0.64603,-0.37299,0.09102,-0.37859,0.46627,0.36531,0.64618,-0.43108,0.09081,-0.43793,0.0000,0.0000,-0.0001,0.0000,-0.0000,0.3959,-0.0800,-0.0354,0.00,0.2916,0.1369,0.1287,0.0852
13.300,moving,0.60766,0.36122,0.64537,-0.59979,0.09059,-0.91772,0.40726,0.36514,0.64603,-0.37299,0.09102,-0.37859,0.47718,0.36538,0.64568,-0.44087,0.09061,-0.44626,0.0000,0.0000,-0.0001,0.0000,-0.0000,0.3959,-0.0797,-0.0357,0.00,0.2903,0.1400,0.1289,0.0852
13.320,moving,0.60766,0.36122,0.64537,-0.59979,0.09059,-0.91772,0.40726,0.36514,0.64603,-0.37299,0.09102,-0.37859,0.48483,0.36541,0.64587,-0.44878,0.09053,-0.45473,0.0000,0.0000,-0.0001,0.0000,-0.0000,0.3959,-0.0796,-0.0358,0.00,0.2893,0.1421,0.1288,0.0852
13.340,moving,0.60766,0.36122,0.64537,-0.59979,0.09059,-0.91772,0.40726,0.36514,0.64603,-0.37299,0.09102,-0.37859,0.49886,0.36541,0.64603,-0.46306,0.09045,-0.46946,0.0000,0.0000,-0.0001,0.0000,-0.0000,0.3959,-0.0796,-0.0357,0.00,0.2875,0.1460,0.1289,0.0852
13.360,moving,0.60766,0.36122,0.64537,-0.59979,0.09059,-0.91772,0.49886,0.36541,0.64603,-0.46306,0.09045,-0.46946,0.51920,0.36542,0.64613,-0.48355,0.09039,-0.49037,0.0000,0.0000,-0.0001,0.0000,-0.0000,0.3959,-0.0798,-0.0356,0.00,0.2847,0.1516,0.1289,0.0852
13.380,moving,0.60766,0.36122,0.64537,-0.59979,0.09059,-0.91772,0.49886,0.36541,0.64603,-0.46306,0.09045,-0.46946,0.54377,0.36542,0.64612,-0.50709,0.09029,-0.51426,0.0000,0.0000,-0.0001,0.0000,-0.0000,0.3959,-0.0799,-0.0355,0.00,0.2812,0.1584,0.1291,0.0852
13.400,moving,0.60766,0.36122,0.64537,-0.59979,0.09059,-0.91772,0.49886,0.36541,0.64603,-0.46306,0.09045,-0.46946,0.55479,0.36547,0.64559,-0.51687,0.09006,-0.52267,0.0000,0.0000,-0.0001,0.0000,-0.0000,0.3959,-0.0796,-0.0357,0.00,0.2798,0.1615,0.1292,0.0852
13.420,moving,0.60766,0.36122,0.64537,-0.59979,0.09059,-0.91772,0.49886,0.36541,0.64603,-0.46306,0.09045,-0.46946,0.56240,0.36546,0.64581,-0.52491,0.08996,-0.53129,0.0000,0.0000,-0.0001,0.0000,-0.0000,0.3960,-0.0795,-0.0358,0.00,0.2786,0.1635,0.1292,0.0852
13.440,moving,0.60766,0.36122,0.64537,-0.59979,0.09059,-0.91772,0.49886,0.36541,0.64603,-0.46306,0.09045,-0.46946,0.57640,0.36543,0.64601,-0.53928,0.08986,-0.54615,0.0000,0.0000,-0.0001,0.0000,-0.0000,0.3960,-0.0796,-0.0358,0.00,0.2764,0.1672,0.1293,0.0852
13.460,moving,0.60766,0.36122,0.64537,-0.59979,0.09059,-0.91772,0.49886,0.36541,0.64603,-0.46306,0.09045,-0.46946,0.59294,0.36543,0.64593,-0.56027,0.08974,-0.56714,0.0000,0.0000,-0.0001,0.0000,-0.0000,0.3960,-0.0797,-0.0357,0.00,0.2740,0.1717,0.1294,0.0852
13.480,moving,0.60766,0.36122,0.64537,-0.59979,0.09059,-0.91772,0.59294,0.36543,0.64593,-0.56027,0.08974,-0.56714,0.60339,0.36543,0.64579,-0.57932,0.08957,-0.59090,0.0000,0.0000,-0.0001,0.0000,-0.0000,0.3960,-0.0796,-0.0357,0.00,0.2725,0.1744,0.1295,0.0852
13.500,moving,0.60766,0.36122,0.64537,-0.59979,0.09059,-0.91772,0.59294,0.36543,0.64593,-0.56027,0.08974,-0.56714,0.60695,0.36543,0.64572,-0.58518,0.08944,-0.59942,0.0000,0.0000,-0.0001,0.0000,-0.0000,0.3960,-0.0795,-0.0358,0.00,0.2720,0.1754,0.1296,0.0852
13.520,moving,0.60766,0.36122,0.64537,-0.59979,0.09059,-0.91772,0.59294,0.36543,0.64593,-0.56027,0.08974,-0.56714,0.60785,0.36544,0.64567,-0.59326,0.08931,-0.60822,0.0000,0.0000,-0.0001,0.0000,-0.0000,0.3961,-0.0795,-0.0358,0.00,0.2720,0.1756,0.1296,0.0852
13.540,moving,0.60766,0.36122,0.64537,-0.59979,0.09059,-0.91772,0.59294,0.36543,0.64593,-0.56027,0.08974,-0.56714,0.60758,0.36543,0.64572,-0.59768,0.08922,-0.62321,0.0000,0.0000,-0.0001,0.0000,-0.0000,0.3961,-0.0795,-0.0358,0.00,0.2721,0.1755,0.1297,0.0852
13.560,moving,0.60766,0.36122,0.64537,-0.59979,0.09059,-0.91772,0.59294,0.36543,0.64593,-0.56027,0.08974,-0.56714,0.60735,0.36541,0.64576,-0.59805,0.08916,-0.64433,0.0000,0.0000,-0.0001,0.0000,-0.0000,0.3961,-0.0796,-0.0358,0.00,0.2721,0.1754,0.1297,0.0852
13.580,moving,0.60766,0.36122,0.64537,-0.59979,0.09059,-0.91772,0.59294,0.36543,0.64593,-0.56027,0.08974,-0.56714,0.60717,0.36540,0.64580,-0.59787,0.08911,-0.66811,0.0000,0.0000,-0.0001,0.0000,-0.0000,0.3960,-0.0796,-0.0357,0.00,0.2722,0.1754,0.1297,0.0852
13.600,moving,0.60766,0.36122,0.64537,-0.59979,0.09059,-0.91772,0.60717,0.36540,0.64580,-0.59787,0.08911,-0.66811,0.60701,0.36539,0.64583,-0.59718,0.08910,-0.67672,0.0000,0.0000,-0.0001,0.0000,-0.0000,0.3960,-0.0797,-0.0357,0.00,0.2722,0.1753,0.1296,0.0852
13.620,moving,0.60766,0.36122,0.64537,-0.59979,0.09059,-0.91772,0.60717,0.36540,0.64580,-0.59787,0.08911,-0.66811,0.60689,0.36539,0.64585,-0.59730,0.08906,-0.68563,0.0000,0.0000,-0.0001,0.0000,-0.0000,0.3960,-0.0797,-0.0357,0.00,0.2722,0.1753,0.1296,0.0852
13.640,moving,0.60766,0.36122,0.64537,-0.59979,0.09059,-0.91772,0.60717,0.36540,0.64580,-0.59787,0.08911,-0.66811,0.60680,0.36538,0.64587,-0.59740,0.08904,-0.70068,0.0000,0.0000,-0.0001,0.0000,-0.0000,0.3959,-0.0797,-0.0357,0.00,0.2722,0.1753,0.1296,0.0852
13.660,moving,0.60766,0.36122,0.64537,-0.59979,0.09059,-0.91772,0.60717,0.36540,0.64580,-0.59787,0.08911,-0.66811,0.60671,0.36538,0.64588,-0.59746,0.08901,-0.72186,0.0000,0.0000,-0.0001,0.0000,-0.0000,0.3959,-0.0797,-0.0357,0.00,0.2722,0.1753,0.1296,0.0852
13.680,moving,0.60766,0.36122,0.64537,-0.59979,0.09059,-0.91772,0.60717,0.36540,0.64580,-0.59787,0.08911,-0.66811,0.60665,0.36538,0.64589,-0.59734,0.08900,-0.74563,0.0000,0.0000,-0.0001,0.0000,-0.0000,0.3959,-0.0796,-0.0357,0.00,0.2722,0.1752,0.1296,0.0852
13.700,moving,0.60766,0.36122,0.64537,-0.59979,0.09059,-0.91772,0.60717,0.36540,0.64580,-0.59787,0.08911,-0.66811,0.60658,0.36538,0.64590,-0.59670,0.08901,-0.75427,0.0000,0.0000,-0.0001,0.0000,-0.0000,0.3959,-0.0796,-0.0357,0.00,0.2722,0.1752,0.1296,0.0852
13.720,moving,0.60766,0.36122,0.64537,-0.59979,0.09059,-0.91772,0.60658,0.36538,0.64590,-0.59670,0.08901,-0.75427,0.60654,0.36539,0.64590,-0.59687,0.08900,-0.76321,0.0000,0.0000,-0.0001,0.0000,-0.0000,0.3959,-0.0796,-0.0357,0.00,0.2722,0.1752,0.1296,0.0852
13.740,moving,0.60766,0.36122,0.64537,-0.59979,0.09059,-0.91772,0.60658,0.36538,0.64590,-0.59670,0.08901,-0.75427,0.60651,0.36539,0.64590,-0.59700,0.08899,-0.77827,0.0000,0.0000,-0.0001,0.0000,-0.0000,0.3959,-0.0796,-0.0357,0.00,0.2722,0.1752,0.1296,0.0852
13.760,moving,0.60766,0.36122,0.64537,-0.59979,0.09059,-0.91772,0.60658,0.36538,0.64590,-0.59670,0.08901,-0.75427,0.60648,0.36539,0.64591,-0.59709,0.08898,-0.79948,0.0000,0.0000,-0.0001,0.0000,-0.0000,0.3959,-0.0797,-0.0357,0.00,0.2722,0.1752,0.1296,0.0852
13.780,moving,0.60766,0.36122,0.64537,-0.59979,0.09059,-0.91772,0.60658,0.36538,0.64590,-0.59670,0.08901,-0.75427,0.60646,0.36539,0.64591,-0.59699,0.08898,-0.82327,0.0000,0.0000,-0.0001,0.0000,-0.0000,0.3959,-0.0797,-0.0357,0.00,0.2722,0.1752,0.1296,0.0852
13.800,moving,0.60766,0.36122,0.64537,-0.59979,0.09059,-0.91772,0.60658,0.36538,0.64590,-0.59670,0.08901,-0.75427,0.60643,0.36538,0.64592,-0.59637,0.08900,-0.83192,0.0000,0.0000,-0.0001,0.0000,-0.0000,0.3959,-0.0797,-0.0357,0.00,0.2722,0.1752,0.1296,0.0852
13.820,moving,0.60766,0.36122,0.64537,-0.59979,0.09059,-0.91772,0.60658,0.36538,0.64590,-0.59670,0.08901,-0.75427,0.60642,0.36538,0.64592,-0.59656,0.08899,-0.84088,0.0000,0.0000,-0.0001,0.0000,-0.0000,0.3959,-0.0797,-0.0357,0.00,0.2722,0.1752,0.1296,0.0852
13.840,moving,0.60766,0.36122,0.64537,-0.59979,0.09059,-0.91772,0.60642,0.36538,0.64592,-0.59656,0.08899,-0.84088,0.60641,0.36538,0.64592,-0.59670,0.08899,-0.85596,0.0000,0.0000,-0.0001,0.0000,-0.0000,0.3960,-0.0797,-0.0357,0.00,0.2722,0.1752,0.1296,0.0852
13.860,moving,0.60766,0.36122,0.64537,-0.59979,0.09059,-0.91772,0.60642,0.36538,0.64592,-0.59656,0.08899,-0.84088,0.60640,0.36538,0.64592,-0.59677,0.08899,-0.87678,0.0000,0.0000,-0.0001,0.0000,-0.0000,0.3960,-0.0797,-0.0357,0.00,0.2722,0.1752,0.1296,0.0852
13.880,moving,0.60766,0.36122,0.64537,-0.59979,0.09059,-0.91772,0.60642,0.36538,0.64592,-0.59656,0.08899,-0.84088,0.60639,0.36538,0.64593,-0.59649,0.08900,-0.89452,0.0000,0.0000,-0.0001,0.0000,-0.0000,0.3960,-0.0797,-0.0357,0.00,0.2722,0.1752,0.1296,0.0852
13.900,moving,0.60766,0.36122,0.64537,-0.59979,0.09059,-0.91772,0.60642,0.36538,0.64592,-0.59656,0.08899,-0.84088,0.60638,0.36538,0.64593,-0.59616,0.08902,-0.90038,0.0000,0.0000,-0.0001,0.0000,-0.0000,0.3960,-0.0797,-0.0357,0.00,0.2722,0.1752,0.1296,0.0852
13.920,moving,0.60766,0.36122,0.64537,-0.59979,0.09059,-0.91772,0.60642,0.36538,0.64592,-0.59656,0.08899,-0.84088,0.60638,0.36538,0.64593,-0.59622,0.08902,-0.90780,0.0000,0.0000,-0.0001,0.0000,-0.0000,0.3960,-0.0797,-0.0357,0.00,0.2722,0.1752,0.1296,0.0852
13.940,moving,0.60766,0.36122,0.64537,-0.59979,0.09059,-0.91772,0.60642,0.36538,0.64592,-0.59656,0.08899,-0.84088,0.60637,0.36538,0.64594,-0.59606,0.08903,-0.91109,0.0000,0.0000,-0.0001,0.0000,-0.0000,0.3960,-0.0797,-0.0357,0.00,0.2722,0.1752,0.1296,0.0852
13.960,moving,0.60766,0.36122,0.64537,-0.59979,0.09059,-0.91772,0.60637,0.36538,0.64594,-0.59606,0.08903,-0.91109,0.60637,0.36538,0.64594,-0.59605,0.08903,-0.91131,0.0000,0.0000,-0.0001,0.0000,-0.0000,0.3959,-0.0797,-0.0357,0.00,0.2722,0.1752,0.1296,0.0852
13.980,moving,0.60766,0.36122,0.64537,-0.59979,0.09059,-0.91772,0.60637,0.36538,0.64594,-0.59606,0.08903,-0.91109,0.60637,0.36538,0.64593,-0.59607,0.08903,-0.91140,0.0000,0.0000,-0.0001,0.0000,-0.0000,0.3959,-0.0797,-0.0357,0.00,0.2722,0.1752,0.1296,0.0852
14.000,moving,0.60766,0.36122,0.64537,-0.59979,0.09059,-0.91772,0.60637,0.36538,0.64594,-0.59606,0.08903,-0.91109,0.60636,0.36538,0.64593,-0.59609,0.08904,-0.91147,0.0000,0.0000,-0.0001,0.0000,-0.0000,0.3959,-0.0797,-0.0357,0.00,0.2722,0.1752,0.1296,0.0852
14.020,moving,0.60766,0.36122,0.64537,-0.59979,0.09059,-0.91772,0.60637,0.36538,0.64594,-0.59606,0.08903,-0.91109,0.60636,0.36538,0.64593,-0.59611,0.08904,-0.91153,0.0000,0.0000,-0.0001,0.0000,-0.0000,0.3959,-0.0797,-0.0357,0.00,0.2722,0.1752,0.1296,0.0852
14.040,moving,0.60766,0.36122,0.64537,-0.59979,0.09059,-0.91772,0.60637,0.36538,0.64594,-0.59606,0.08903,-0.91109,0.60636,0.36538,0.64593,-0.59612,0.08904,-0.91158,0.0000,0.0000,-0.0001,0.0000,-0.0000,0.3959,-0.0797,-0.0357,0.00,0.2722,0.1752,0.1296,0.0852
14.060,moving,0.60766,0.36122,0.64537,-0.59979,0.09059,-0.91772,0.60637,0.36538,0.64594,-0.59606,0.08903,-0.91109,0.60636,0.36538,0.64593,-0.59613,0.08904,-0.91162,0.0000,0.0000,-0.0001,0.0000,-0.0000,0.3959,-0.0797,-0.0357,0.00,0.2722,0.1752,0.1296,0.0852
14.080,moving,0.60766,0.36122,0.64537,-0.59979,0.09059,-0.91772,0.60636,0.36538,0.64593,-0.59613,0.08904,-0.91162,0.60636,0.36538,0.64593,-0.59614,0.08904,-0.91165,0.0000,0.0000,-0.0001,0.0000,-0.0000,0.3959,-0.0797,-0.0357,0.00,0.2722,0.1752,0.1296,0.0852
14.100,moving,0.60766,0.36122,0.64537,-0.59979,0.09059,-0.91772,0.60636,0.36538,0.64593,-0.59613,0.08904,-0.91162,0.60636,0.36538,0.64593,-0.59615,0.08904,-0.91168,0.0000,0.0000,-0.0001,0.0000,-0.0000,0.3959,-0.0797,-0.0357,0.00,0.2722,0.1752,0.1296,0.0852
14.120,moving,0.60766,0.36122,0.64537,-0.59979,0.09059,-0.91772,0.60636,0.36538,0.64593,-0.59613,0.08904,-0.91162,0.60636,0.36538,0.64593,-0.59615,0.08904,-0.91170,0.0000,0.0000,-0.0001,0.0000,-0.0000,0.3959,-0.0797,-0.0357,0.00,0.2722,0.1752,0.1296,0.0852
14.140,moving,0.60766,0.36122,0.64537,-0.59979,0.09059,-0.91772,0.60636,0.36538,0.64593,-0.59613,0.08904,-0.91162,0.60636,0.36538,0.64593,-0.59616,0.08904,-0.91172,0.0000,0.0000,-0.0001,0.0000,-0.0000,0.3959,-0.0797,-0.0357,0.00,0.2722,0.1752,0.1296,0.0852
14.160,moving,0.60766,0.36122,0.64537,-0.59979,0.09059,-0.91772,0.60636,0.36538,0.64593,-0.59613,0.08904,-0.91162,0.60636,0.36538,0.64593,-0.59616,0.08904,-0.91173,0.0000,0.0000,-0.0001,0.0000,-0.0000,0.3959,-0.0797,-0.0357,0.00,0.2722,0.1752,0.1296,0.0852
14.180,moving,0.60766,0.36122,0.64537,-0.59979,0.09059,-0.91772,0.60636,0.36538,0.64593,-0.59613,0.08904,-0.91162,0.60636,0.36538,0.64593,-0.59617,0.08904,-0.91175,0.0000,0.0000,-0.0001,0.0000,-0.0000,0.3959,-0.0797,-0.0357,0.00,0.2722,0.1752,0.1296,0.0852
14.200,moving,0.60766,0.36122,0.64537,-0.59979,0.09059,-0.91772,0.60636,0.36538,0.64593,-0.59617,0.08904,-0.91175,0.60636,0.36538,0.64593,-0.59617,0.08904,-0.91176,0.0000,0.0000,-0.0001,0.0000,-0.0000,0.3959,-0.0797,-0.0357,0.00,0.2722,0.1752,0.1296,0.0852
14.220,moving,0.60766,0.36122,0.64537,-0.59979,0.09059,-0.91772,0.60636,0.36538,0.64593,-0.59617,0.08904,-0.91175,0.60636,0.36538,0.64593,-0.59618,0.08904,-0.91177,0.0000,0.0000,-0.0001,0.0000,-0.0000,0.3959,-0.0797,-0.0357,0.00,0.2722,0.1752,0.1296,0.0852
14.240,moving,0.60766,0.36122,0.64537,-0.59979,0.09059,-0.91772,0.60636,0.36538,0.64593,-0.59617,0.08904,-0.91175,0.60636,0.36538,0.64593,-0.59618,0.08904,-0.91177,0.0000,0.0000,-0.0001,0.0000,-0.0000,0.3959,-0.0797,-0.0357,0.00,0.2722,0.1752,0.1296,0.0852
14.260,moving,0.60766,0.36122,0.64537,-0.59979,0.09059,-0.91772,0.60636,0.36538,0.64593,-0.59617,0.08904,-0.91175,0.60636,0.36538,0.64593,-0.59618,0.08904,-0.91178,0.0000,0.0000,-0.0001,0.0000,-0.0000,0.3959,-0.0797,-0.0357,0.00,0.2722,0.1752,0.1296,0.0852
14.280,moving,0.60766,0.36122,0.64537,-0.59979,0.09059,-0.91772,0.60636,0.36538,0.64593,-0.59617,0.08904,-0.91175,0.60636,0.36538,0.64593,-0.59618,0.08904,-0.91178,0.0000,0.0000,-0.0001,0.0000,-0.0000,0.3959,-0.0797,-0.0357,0.00,0.2722,0.1752,0.1296,0.0852
14.300,detect,0.60766,0.36122,0.64537,-0.59979,0.09059,-0.91772,0.60636,0.36538,0.64593,-0.59617,0.08904,-0.91175,0.60636,0.36538,0.64593,-0.59618,0.08904,-0.91179,0.0000,0.0000,-0.0001,0.0000,-0.0000,0.3959,-0.0797,-0.0357,0.00,0.2722,0.1752,0.1296,0.0852
14.320,detect,0.60766,0.36122,0.64537,-0.59979,0.09059,-0.91772,0.60636,0.36538,0.64593,-0.59618,0.08904,-0.91179,0.60636,0.36538,0.64593,-0.59618,0.08904,-0.91179,0.0000,0.0000,-0.0001,0.0000,-0.0000,0.3959,-0.0797,-0.0357,0.00,0.2722,0.1752,0.1296,0.0852
14.340,detect,0.60766,0.36122,0.64537,-0.59979,0.09059,-0.91772,0.60636,0.36538,0.64593,-0.59618,0.08904,-0.91179,0.60636,0.36538,0.64593,-0.59618,0.08904,-0.91179,0.0000,0.0000,-0.0001,0.0000,-0.0000,0.3959,-0.0797,-0.0357,0.00,0.2722,0.1752,0.1296,0.0852
14.360,detect,0.60766,0.36122,0.64537,-0.59979,0.09059,-0.91772,0.60636,0.36538,0.64593,-0.59618,0.08904,-0.91179,0.60636,0.36538,0.64593,-0.59618,0.08904,-0.91179,0.0000,0.0000,-0.0001,0.0000,-0.0000,0.3959,-0.0797,-0.0357,0.00,0.2722,0.1752,0.1296,0.0852
14.380,detect,0.60766,0.36122,0.64537,-0.59979,0.09059,-0.91772,0.60636,0.36538,0.64593,-0.59618,0.08904,-0.91179,0.60636,0.36538,0.64593,-0.59618,0.08904,-0.91179,0.0000,0.0000,-0.0001,0.0000,-0.0000,0.3959,-0.0797,-0.0357,0.00,0.2722,0.1752,0.1296,0.0852
14.400,detect,0.60766,0.36122,0.64537,-0.59979,0.09059,-0.91772,0.60636,0.36538,0.64593,-0.59618,0.08904,-0.91179,0.60636,0.36538,0.64593,-0.59618,0.08904,-0.91179,0.0000,0.0000,-0.0001,0.0000,-0.0000,0.3959,-0.0797,-0.0357,0.00,0.2722,0.1752,0.1296,0.0852
14.420,detect,0.60766,0.36122,0.64537,-0.59979,0.09059,-0.91772,0.60636,0.36538,0.64593,-0.59618,0.08904,-0.91179,0.60636,0.36538,0.64593,-0.59618,0.08904,-0.91180,0.0000,0.0000,-0.0001,0.0000,-0.0000,0.3959,-0.0797,-0.0357,0.00,0.2722,0.1752,0.1296,0.0852
14.440,detect,0.60766,0.36122,0.64537,-0.59979,0.09059,-0.91772,0.60636,0.36538,0.64593,-0.59618,0.08904,-0.91180,0.60636,0.36538,0.64593,-0.59618,0.08904,-0.91180,0.0000,0.0000,-0.0001,0.0000,-0.0000,0.3959,-0.0797,-0.0357,0.00,0.2722,0.1752,0.1296,0.0852
14.460,detect,0.60766,0.36122,0.64537,-0.59979,0.09059,-0.91772,0.60636,0.36538,0.64593,-0.59618,0.08904,-0.91180,0.60636,0.36538,0.64593,-0.59618,0.08904,-0.91180,0.0000,0.0000,-0.0001,0.0000,-0.0000,0.3959,-0.0797,-0.0357,0.00,0.2722,0.1752,0.1296,0.0852
14.480,detect,0.60766,0.36122,0.64537,-0.59979,0.09059,-0.91772,0.60636,0.36538,0.64593,-0.59618,0.08904,-0.91180,0.60636,0.36538,0.64593,-0.59618,0.08904,-0.91180,0.0000,0.0000,-0.0001,0.0000,-0.0000,0.3959,-0.0797,-0.0357,0.00,0.2722,0.1752,0.1296,0.0852
14.500,detect,0.60766,0.36122,0.64537,-0.59979,0.09059,-0.91772,0.60636,0.36538,0.64593,-0.59618,0.08904,-0.91180,0.60636,0.36538,0.64593,-0.59618,0.08904,-0.91180,0.0000,0.0000,-0.0001,0.0000,-0.0000,0.3959,-0.0797,-0.0357,0.00,0.2722,0.1752,0.1296,0.0852
14.520,detect,0.60766,0.36122,0.64537,-0.59979,0.09059,-0.91772,0.60636,0.36538,0.64593,-0.59618,0.08904,-0.91180,0.60636,0.36538,0.64593,-0.59618,0.08904,-0.91180,0.0000,0.0000,-0.0001,0.0000,-0.0000,0.3959,-0.0797,-0.0357,0.00,0.2722,0.1752,0.1296,0.0852
14.540,detect,0.60766,0.36122,0.64537,-0.59979,0.09059,-0.91772,0.60636,0.36538,0.64593,-0.59618,0.08904,-0.91180,0.60636,0.36538,0.64593,-0.59619,0.08904,-0.91180,0.0000,0.0000,-0.0001,0.0000,-0.0000,0.3959,-0.0797,-0.0357,0.00,0.2722,0.1752,0.1296,0.0852
14.560,detect,0.60766,0.36122,0.64537,-0.59979,0.09059,-0.91772,0.60636,0.36538,0.64593,-0.59619,0.08904,-0.91180,0.60636,0.36538,0.64593,-0.59618,0.08904,-0.91180,0.0000,0.0000,-0.0001,0.0000,-0.0000,0.3959,-0.0797,-0.0357,0.00,0.2722,0.1752,0.1296,0.0852
14.580,detect,0.60766,0.36122,0.64537,-0.59979,0.09059,-0.91772,0.60636,0.36538,0.64593,-0.59619,0.08904,-0.91180,0.60636,0.36538,0.64593,-0.59619,0.08904,-0.91180,0.0000,0.0000,-0.0001,0.0000,-0.0000,0.3959,-0.0797,-0.0357,0.00,0.2722,0.1752,0.1296,0.0852
14.600,detect,0.60766,0.36122,0.64537,-0.59979,0.09059,-0.91772,0.60636,0.36538,0.64593,-0.59619,0.08904,-0.91180,0.60636,0.36538,0.64593,-0.59619,0.08904,-0.91180,0.0000,0.0000,-0.0001,0.0000,-0.0000,0.3959,-0.0797,-0.0357,0.00,0.2722,0.1752,0.1296,0.0852
14.620,detect,0.60766,0.36122,0.64537,-0.59979,0.09059,-0.91772,0.60636,0.36538,0.64593,-0.59619,0.08904,-0.91180,0.60636,0.36538,0.64593,-0.59618,0.08904,-0.91180,0.0000,0.0000,-0.0001,0.0000,-0.0000,0.3959,-0.0797,-0.0357,0.00,0.2722,0.1752,0.1296,0.0852
14.640,detect,0.60766,0.36122,0.64537,-0.59979,0.09059,-0.91772,0.60636,0.36538,0.64593,-0.59619,0.08904,-0.91180,0.60636,0.36538,0.64593,-0.59619,0.08904,-0.91180,0.0000,0.0000,-0.0001,0.0000,-0.0000,0.3959,-0.0797,-0.0357,0.00,0.2722,0.1752,0.1296,0.0852
14.660,detect,0.60766,0.36122,0.64537,-0.59979,0.09059,-0.91772,0.60636,0.36538,0.64593,-0.59619,0.08904,-0.91180,0.60636,0.36538,0.64593,-0.59618,0.08904,-0.91180,0.0000,0.0000,-0.0001,0.0000,-0.0000,0.3959,-0.0797,-0.0357,0.00,0.2722,0.1752,0.1296,0.0852
14.680,detect,0.60766,0.36122,0.64537,-0.59979,0.09059,-0.91772,0.60636,0.36538,0.64593,-0.59618,0.08904,-0.91180,0.60636,0.36538,0.64593,-0.59618,0.08904,-0.91180,0.0000,0.0000,-0.0001,0.0000,-0.0000,0.3959,-0.0797,-0.0357,0.00,0.2722,0.1752,0.1296,0.0852
14.700,detect,0.60766,0.36122,0.64537,-0.59979,0.09059,-0.91772,0.60636,0.36538,0.64593,-0.59618,0.08904,-0.91180,0.60636,0.36538,0.64593,-0.59618,0.08904,-0.91180,0.0000,0.0000,-0.0001,0.0000,-0.0000,0.3959,-0.0797,-0.0357,0.00,0.2722,0.1752,0.1296,0.0852
14.720,detect,0.60766,0.36122,0.64537,-0.59979,0.09059,-0.91772,0.60636,0.36538,0.64593,-0.59618,0.08904,-0.91180,0.60636,0.36538,0.64593,-0.59618,0.08904,-0.91180,0.0000,0.0000,-0.0001,0.0000,-0.0000,0.3959,-0.0797,-0.0357,0.00,0.2722,0.1752,0.1296,0.0852
14.740,detect,0.60766,0.36122,0.64537,-0.59979,0.09059,-0.91772,0.60636,0.36538,0.64593,-0.59618,0.08904,-0.91180,0.60636,0.36538,0.64593,-0.59618,0.08904,-0.91180,0.0000,0.0000,-0.0001,0.0000,-0.0000,0.3959,-0.0797,-0.0357,0.00,0.2722,0.1752,0.1296,0.0852
14.760,detect,0.60766,0.36122,0.64537,-0.59979,0.09059,-0.91772,0.60636,0.36538,0.64593,-0.59618,0.08904,-0.91180,0.60636,0.36538,0.64593,-0.59618,0.08904,-0.91180,0.0000,0.0000,-0.0001,0.0000,-0.0000,0.3959,-0.0797,-0.0357,0.00,0.2722,0.1752,0.1296,0.0852
14.780,detect,0.60766,0.36122,0.64537,-0.59979,0.09059,-0.91772,0.60636,0.36538,0.64593,-0.59618,0.08904,-0.91180,0.60636,0.36538,0.64593,-0.59618,0.08904,-0.91180,0.0000,0.0000,-0.0001,0.0000,-0.0000,0.3959,-0.0797,-0.0357,0.00,0.2722,0.1752,0.1296,0.0852
14.800,detect,0.60766,0.36122,0.64537,-0.59979,0.09059,-0.91772,0.60636,0.36538,0.64593,-0.59618,0.08904,-0.91180,0.60636,0.36538,0.64593,-0.59618,0.08904,-0.91180,0.0000,0.0000,-0.0001,0.0000,-0.0000,0.3959,-0.0797,-0.0357,0.00,0.2722,0.1752,0.1296,0.0852
14.820,detect,0.60766,0.36122,0.64537,-0.59979,0.09059,-0.91772,0.60636,0.36538,0.64593,-0.59618,0.08904,-0.91180,0.60636,0.36538,0.64593,-0.59618,0.08904,-0.91180,0.0000,0.0000,-0.0001,0.0000,-0.0000,0.3959,-0.0797,-0.0357,0.00,0.2722,0.1752,0.1296,0.0852
14.840,detect,0.60766,0.36122,0.64537,-0.59979,0.09059,-0.91772,0.60636,0.36538,0.64593,-0.59618,0.08904,-0.91180,0.60636,0.36538,0.64593,-0.59618,0.08904,-0.91180,0.0000,0.0000,-0.0001,0.0000,-0.0000,0.3959,-0.0797,-0.0357,0.00,0.2722,0.1752,0.1296,0.0852
14.860,detect,0.60766,0.36122,0.64537,-0.59979,0.09059,-0.91772,0.60636,0.36538,0.64593,-0.59618,0.08904,-0.91180,0.60636,0.36538,0.64593,-0.59618,0.08904,-0.91180,0.0000,0.0000,-0.0001,0.0000,-0.0000,0.3959,-0.0797,-0.0357,0.00,0.2722,0.1752,0.1296,0.0852
14.880,detect,0.60766,0.36122,0.64537,-0.59979,0.09059,-0.91772,0.60636,0.36538,0.64593,-0.59618,0.08904,-0.91180,0.60636,0.36538,0.64593,-0.59618,0.08904,-0.91180,0.0000,0.0000,-0.0001,0.0000,-0.0000,0.3959,-0.0797,-0.0357,0.00,0.2722,0.1752,0.1296,0.0852
14.900,detect,0.60766,0.36122,0.64537,-0.59979,0.09059,-0.91772,0.60636,0.36538,0.64593,-0.59618,0.08904,-0.91180,0.60636,0.36538,0.64593,-0.59619,0.08904,-0.91180,0.0000,0.0000,-0.0001,0.0000,-0.0000,0.3959,-0.0797,-0.0357,0.00,0.2722,0.1752,0.1296,0.0852
14.920,detect,0.60766,0.36122,0.64537,-0.59979,0.09059,-0.91772,0.60636,0.36538,0.64593,-0.59619,0.08904,-0.91180,0.60636,0.36538,0.64593,-0.59619,0.08904,-0.91180,0.0000,0.0000,-0.0001,0.0000,-0.0000,0.3959,-0.0797,-0.0357,0.00,0.2722,0.1752,0.1296,0.0852
14.940,detect,0.60766,0.36122,0.64537,-0.59979,0.09059,-0.91772,0.60636,0.36538,0.64593,-0.59619,0.08904,-0.91180,0.60636,0.36538,0.64593,-0.59619,0.08904,-0.91180,0.0000,0.0000,-0.0001,0.0000,-0.0000,0.3959,-0.0797,-0.0357,0.00,0.2722,0.1752,0.1296,0.0852
14.960,detect,0.60766,0.36122,0.64537,-0.59979,0.09059,-0.91772,0.60636,0.36538,0.64593,-0.59619,0.08904,-0.91180,0.60636,0.36538,0.64593,-0.59619,0.08904,-0.91180,0.0000,0.0000,-0.0001,0.0000,-0.0000,0.3959,-0.0797,-0.0357,0.00,0.2722,0.1752,0.1296,0.0852
14.980,detect,0.60766,0.36122,0.64537,-0.59979,0.09059,-0.91772,0.60636,0.36538,0.64593,-0.59619,0.08904,-0.91180,0.60636,0.36538,0.64593,-0.59618,0.08904,-0.91180,0.0000,0.0000,-0.0001,0.0000,-0.0000,0.3959,-0.0797,-0.0357,0.00,0.2722,0.1752,0.1296,0.0852
15.000,detect,0.60766,0.36122,0.64537,-0.59979,0.09059,-0.91772,0.60636,0.36538,0.64593,-0.59619,0.08904,-0.91180,0.60636,0.36538,0.64593,-0.59618,0.08904,-0.91180,0.0000,0.0000,-0.0001,0.0000,-0.0000,0.3959,-0.0797,-0.0357,0.00,0.2722,0.1752,0.1296,0.0852
15.020,detect,0.60766,0.36122,0.64537,-0.59979,0.09059,-0.91772,0.60636,0.36538,0.64593,-0.59619,0.08904,-0.91180,0.60636,0.36538,0.64593,-0.59618,0.08904,-0.91180,0.0000,0.0000,-0.0001,0.0000,-0.0000,0.3959,-0.0797,-0.0357,0.00,0.2722,0.1752,0.1296,0.0852
15.040,detect,0.60766,0.36122,0.64537,-0.59979,0.09059,-0.91772,0.60636,0.36538,0.64593,-0.59618,0.08904,-0.91180,0.60636,0.36538,0.64593,-0.59618,0.08904,-0.91180,0.0000,0.0000,-0.0001,0.0000,-0.0000,0.3959,-0.0797,-0.0357,0.00,0.2722,0.1752,0.1296,0.0852
15.060,detect,0.60766,0.36122,0.64537,-0.59979,0.09059,-0.91772,0.60636,0.36538,0.64593,-0.59618,0.08904,-0.91180,0.60636,0.36538,0.64593,-0.59618,0.08904,-0.91180,0.0000,0.0000,-0.0001,0.0000,-0.0000,0.3959,-0.0797,-0.0357,0.00,0.2722,0.1752,0.1296,0.0852
15.080,detect,0.60766,0.36122,0.64537,-0.59979,0.09059,-0.91772,0.60636,0.36538,0.64593,-0.59618,0.08904,-0.91180,0.60636,0.36538,0.64593,-0.59618,0.08904,-0.91180,0.0000,0.0000,-0.0001,0.0000,-0.0000,0.3959,-0.0797,-0.0357,0.00,0.2722,0.1752,0.1296,0.0852
15.100,detect,0.60766,0.36122,0.64537,-0.59979,0.09059,-0.91772,0.60636,0.36538,0.64593,-0.59618,0.08904,-0.91180,0.60636,0.36538,0.64593,-0.59618,0.08904,-0.91180,0.0000,0.0000,-0.0001,0.0000,-0.0000,0.3959,-0.0797,-0.0357,0.00,0.2722,0.1752,0.1296,0.0852
15.120,detect,0.60766,0.36122,0.64537,-0.59979,0.09059,-0.91772,0.60636,0.36538,0.64593,-0.59618,0.08904,-0.91180,0.60636,0.36538,0.64593,-0.59618,0.08904,-0.91180,0.0000,0.0000,-0.0001,0.0000,-0.0000,0.3959,-0.0797,-0.0357,0.00,0.2722,0.1752,0.1296,0.0852
15.140,detect,0.60766,0.36122,0.64537,-0.59979,0.09059,-0.91772,0.60636,0.36538,0.64593,-0.59618,0.08904,-0.91180,0.60636,0.36538,0.64593,-0.59618,0.08904,-0.91180,0.0000,0.0000,-0.0001,0.0000,-0.0000,0.3959,-0.0797,-0.0357,0.00,0.2722,0.1752,0.1296,0.0852
15.160,detect,0.60766,0.36122,0.64537,-0.59979,0.09059,-0.91772,0.60636,0.36538,0.64593,-0.59618,0.08904,-0.91180,0.60636,0.36538,0.64593,-0.59618,0.08904,-0.91180,0.0000,0.0000,-0.0001,0.0000,-0.0000,0.3959,-0.0797,-0.0357,0.00,0.2722,0.1752,0.1296,0.0852
15.180,detect,0.60766,0.36122,0.64537,-0.59979,0.09059,-0.91772,0.60636,0.36538,0.64593,-0.59618,0.08904,-0.91180,0.60636,0.36538,0.64593,-0.59618,0.08904,-0.91180,0.0000,0.0000,-0.0001,0.0000,-0.0000,0.3959,-0.0797,-0.0357,0.00,0.2722,0.1752,0.1296,0.0852
15.200,detect,0.60766,0.36122,0.64537,-0.59979,0.09059,-0.91772,0.60636,0.36538,0.64593,-0.59618,0.08904,-0.91180,0.60636,0.36538,0.64593,-0.59618,0.08904,-0.91180,0.0000,0.0000,-0.0001,0.0000,-0.0000,0.3959,-0.0797,-0.0357,0.00,0.2722,0.1752,0.1296,0.0852
15.220,detect,0.60766,0.36122,0.64537,-0.59979,0.09059,-0.91772,0.60636,0.36538,0.64593,-0.59618,0.08904,-0.91180,0.60636,0.36538,0.64593,-0.59618,0.08904,-0.91180,0.0000,0.0000,-0.0001,0.0000,-0.0000,0.3959,-0.0797,-0.0357,0.00,0.2722,0.1752,0.1296,0.0852
15.240,detect,0.60766,0.36122,0.64537,-0.59979,0.09059,-0.91772,0.60636,0.36538,0.64593,-0.59618,0.08904,-0.91180,0.60636,0.36538,0.64593,-0.59618,0.08904,-0.91180,0.0000,0.0000,-0.0001,0.0000,-0.0000,0.3959,-0.0797,-0.0357,0.00,0.2722,0.1752,0.1296,0.0852
15.260,detect,0.60766,0.36122,0.64537,-0.59979,0.09059,-0.91772,0.60636,0.36538,0.64593,-0.59618,0.08904,-0.91180,0.60636,0.36538,0.64593,-0.59618,0.08904,-0.91180,0.0000,0.0000,-0.0001,0.0000,-0.0000,0.3959,-0.0797,-0.0357,0.00,0.2722,0.1752,0.1296,0.0852
15.280,detect,0.60766,0.36122,0.64537,-0.59979,0.09059,-0.91772,0.60636,0.36538,0.64593,-0.59618,0.08904,-0.91180,0.60636,0.36538,0.64593,-0.59619,0.08904,-0.91180,0.0000,0.0000,-0.0001,0.0000,-0.0000,0.3959,-0.0797,-0.0357,0.00,0.2722,0.1752,0.1296,0.0852
15.300,detect,0.60766,0.36122,0.64537,-0.59979,0.09059,-0.91772,0.60636,0.36538,0.64593,-0.59618,0.08904,-0.91180,0.60636,0.36538,0.64593,-0.59619,0.08904,-0.91180,0.0000,0.0000,-0.0001,0.0000,-0.0000,0.3959,-0.0797,-0.0357,0.00,0.2722,0.1752,0.1296,0.0852
15.320,detect,0.60766,0.36122,0.64537,-0.59979,0.09059,-0.91772,0.60636,0.36538,0.64593,-0.59618,0.08904,-0.91180,0.60636,0.36538,0.64593,-0.59618,0.08904,-0.91180,0.0000,0.0000,-0.0001,0.0000,-0.0000,0.3959,-0.0797,-0.0357,0.00,0.2722,0.1752,0.1296,0.0852
15.340,detect,0.60766,0.36122,0.64537,-0.59979,0.09059,-0.91772,0.60636,0.36538,0.64593,-0.59618,0.08904,-0.91180,0.60636,0.36538,0.64593,-0.59619,0.08904,-0.91180,0.0000,0.0000,-0.0001,0.0000,-0.0000,0.3959,-0.0797,-0.0357,0.00,0.2722,0.1752,0.1296,0.0852
15.360,detect,0.60766,0.36122,0.64537,-0.59979,0.09059,-0.91772,0.60636,0.36538,0.64593,-0.59618,0.08904,-0.91180,0.60636,0.36538,0.64593,-0.59618,0.08904,-0.91180,0.0000,0.0000,-0.0001,0.0000,-0.0000,0.3959,-0.0797,-0.0357,0.00,0.2722,0.1752,0.1296,0.0852
15.380,detect,0.60766,0.36122,0.64537,-0.59979,0.09059,-0.91772,0.60636,0.36538,0.64593,-0.59618,0.08904,-0.91180,0.60636,0.36538,0.64593,-0.59619,0.08904,-0.91180,0.0000,0.0000,-0.0001,0.0000,-0.0000,0.3959,-0.0797,-0.0357,0.00,0.2722,0.1752,0.1296,0.0852
15.400,detect,0.60766,0.36122,0.64537,-0.59979,0.09059,-0.91772,0.60636,0.36538,0.64593,-0.59619,0.08904,-0.91180,0.60636,0.36538,0.64593,-0.59619,0.08904,-0.91180,0.0000,0.0000,-0.0001,0.0000,-0.0000,0.3959,-0.0797,-0.0357,0.00,0.2722,0.1752,0.1296,0.0852
15.420,detect,0.60766,0.36122,0.64537,-0.59979,0.09059,-0.91772,0.60636,0.36538,0.64593,-0.59619,0.08904,-0.91180,0.60636,0.36538,0.64593,-0.59619,0.08904,-0.91180,0.0000,0.0000,-0.0001,0.0000,-0.0000,0.3959,-0.0797,-0.0357,0.00,0.2722,0.1752,0.1296,0.0852
15.440,detect,0.60766,0.36122,0.64537,-0.59979,0.09059,-0.91772,0.60636,0.36538,0.64593,-0.59619,0.08904,-0.91180,0.60636,0.36538,0.64593,-0.59619,0.08904,-0.91180,0.0000,0.0000,-0.0001,0.0000,-0.0000,0.3959,-0.0797,-0.0357,0.00,0.2722,0.1752,0.1296,0.0852
15.460,detect,0.60766,0.36122,0.64537,-0.59979,0.09059,-0.91772,0.60636,0.36538,0.64593,-0.59619,0.08904,-0.91180,0.60636,0.36538,0.64593,-0.59618,0.08904,-0.91180,0.0000,0.0000,-0.0001,0.0000,-0.0000,0.3959,-0.0797,-0.0357,0.00,0.2722,0.1752,0.1296,0.0852
15.480,detect,0.60766,0.36122,0.64537,-0.59979,0.09059,-0.91772,0.60636,0.36538,0.64593,-0.59619,0.08904,-0.91180,0.60636,0.36538,0.64593,-0.59619,0.08904,-0.91180,0.0000,0.0000,-0.0001,0.0000,-0.0000,0.3959,-0.0797,-0.0357,0.00,0.2722,0.1752,0.1296,0.0852
15.500,detect,0.60766,0.36122,0.64537,-0.59979,0.09059,-0.91772,0.60636,0.36538,0.64593,-0.59619,0.08904,-0.91180,0.60636,0.36538,0.64593,-0.59619,0.08904,-0.91180,0.0000,0.0000,-0.0001,0.0000,-0.0000,0.3959,-0.0797,-0.0357,0.00,0.2722,0.1752,0.1296,0.0852
15.520,detect,0.60766,0.36122,0.64537,-0.59979,0.09059,-0.91772,0.60636,0.36538,0.64593,-0.59619,0.08904,-0.91180,0.60636,0.36538,0.64593,-0.59619,0.08904,-0.91180,0.0000,0.0000,-0.0001,0.0000,-0.0000,0.3959,-0.0797,-0.0357,0.00,0.2722,0.1752,0.1296,0.0852
15.540,detect,0.60766,0.36122,0.64537,-0.59979,0.09059,-0.91772,0.60636,0.36538,0.64593,-0.59619,0.08904,-0.91180,0.60636,0.36538,0.64593,-0.59619,0.08904,-0.91180,0.0000,0.0000,-0.0001,0.0000,-0.0000,0.3959,-0.0797,-0.0357,0.00,0.2722,0.1752,0.1296,0.0852
15.560,detect,0.60766,0.36122,0.64537,-0.59979,0.09059,-0.91772,0.60636,0.36538,0.64593,-0.59619,0.08904,-0.91180,0.60636,0.36538,0.64593,-0.59619,0.08904,-0.91180,0.0000,0.0000,-0.0001,0.0000,-0.0000,0.3959,-0.0797,-0.0357,0.00,0.2722,0.1752,0.1296,0.0852
15.580,detect,0.60766,0.36122,0.64537,-0.59979,0.09059,-0.91772,0.60636,0.36538,0.64593,-0.59619,0.08904,-0.91180,0.60636,0.36538,0.64593,-0.59619,0.08904,-0.91180,0.0000,0.0000,-0.0001,0.0000,-0.0000,0.3959,-0.0797,-0.0357,0.00,0.2722,0.1752,0.1296,0.0852
15.600,detect,0.60766,0.36122,0.64537,-0.59979,0.09059,-0.91772,0.60636,0.36538,0.64593,-0.59619,0.08904,-0.91180,0.60636,0.36538,0.64593,-0.59619,0.08904,-0.91180,0.0000,0.0000,-0.0001,0.0000,-0.0000,0.3959,-0.0797,-0.0357,0.00,0.2722,0.1752,0.1296,0.0852
15.620,detect,0.60766,0.36122,0.64537,-0.59979,0.09059,-0.91772,0.60636,0.36538,0.64593,-0.59619,0.08904,-0.91180,0.60636,0.36538,0.64593,-0.59619,0.08904,-0.91180,0.0000,0.0000,-0.0001,0.0000,-0.0000,0.3959,-0.0797,-0.0357,0.00,0.2722,0.1752,0.1296,0.0852
15.640,detect,0.60766,0.36122,0.64537,-0.59979,0.09059,-0.91772,0.60636,0.36538,0.64593,-0.59619,0.08904,-0.91180,0.60636,0.36538,0.64593,-0.59619,0.08904,-0.91180,0.0000,0.0000,-0.0001,0.0000,-0.0000,0.3959,-0.0797,-0.0357,0.00,0.2722,0.1752,0.1296,0.0852
15.660,detect,0.60766,0.36122,0.64537,-0.59979,0.09059,-0.91772,0.60636,0.36538,0.64593,-0.59619,0.08904,-0.91180,0.60636,0.36538,0.64593,-0.59619,0.08904,-0.91180,0.0000,0.0000,-0.0001,0.0000,-0.0000,0.3959,-0.0797,-0.0357,0.00,0.2722,0.1752,0.1296,0.0852
15.680,detect,0.60766,0.36122,0.64537,-0.59979,0.09059,-0.91772,0.60636,0.36538,0.64593,-0.59619,0.08904,-0.91180,0.60636,0.36538,0.64593,-0.59618,0.08904,-0.91180,0.0000,0.0000,-0.0001,0.0000,-0.0000,0.3959,-0.0797,-0.0357,0.00,0.2722,0.1752,0.1296,0.0852
15.700,detect,0.60766,0.36122,0.64537,-0.59979,0.09059,-0.91772,0.60636,0.36538,0.64593,-0.59619,0.08904,-0.91180,0.60636,0.36538,0.64593,-0.59618,0.08904,-0.91180,0.0000,0.0000,-0.0001,0.0000,-0.0000,0.3959,-0.0797,-0.0357,0.00,0.2722,0.1752,0.1296,0.0852
15.720,detect,0.60766,0.36122,0.64537,-0.59979,0.09059,-0.91772,0.60636,0.36538,0.64593,-0.59619,0.08904,-0.91180,0.60636,0.36538,0.64593,-0.59619,0.08904,-0.91180,0.0000,0.0000,-0.0001,0.0000,-0.0000,0.3959,-0.0797,-0.0357,0.00,0.2722,0.1752,0.1296,0.0852
15.740,moving,0.60766,0.36122,0.64537,-0.59979,0.09059,-0.91772,0.60636,0.36538,0.64593,-0.59619,0.08904,-0.91180,0.60636,0.36538,0.64593,-0.59619,0.08904,-0.91180,0.0000,0.0000,-0.0001,0.0000,-0.0000,0.3959,-0.0797,-0.0357,0.00,0.2722,0.1752,0.1296,0.0852
15.760,moving,-0.60006,0.36406,0.64462,0.59086,0.08951,0.90010,0.60636,0.36538,0.64593,-0.59619,0.08904,-0.91180,0.60636,0.36538,0.64593,-0.59619,0.08904,-0.91180,0.0000,0.0000,-0.0001,0.0000,-0.0000,0.3959,-0.0797,-0.0357,0.00,0.2722,0.1752,0.1296,0.0852
15.780,moving,-0.60006,0.36406,0.64462,0.59086,0.08951,0.90010,0.60636,0.36538,0.64593,-0.59619,0.08904,-0.91180,0.60636,0.36538,0.64593,-0.59618,0.08904,-0.91180,0.0000,0.0000,-0.0001,0.0000,-0.0000,0.3959,-0.0797,-0.0357,0.00,0.2722,0.1752,0.1296,0.0852
15.800,moving,-0.60006,0.36406,0.64462,0.59086,0.08951,0.90010,0.60636,0.36538,0.64593,-0.59619,0.08904,-0.91180,0.60417,0.36735,0.64503,-0.59416,0.08796,-0.90952,0.0000,0.0000,-0.0001,0.0000,-0.0000,0.3960,-0.0797,-0.0357,0.00,0.2728,0.1748,0.1293,0.0852
15.820,moving,-0.60006,0.36406,0.64462,0.59086,0.08951,0.90010,0.60636,0.36538,0.64593,-0.59619,0.08904,-0.91180,0.59574,0.36824,0.64493,-0.58598,0.08787,-0.90099,0.0000,0.0000,-0.0001,0.0000,-0.0000,0.3960,-0.0796,-0.0358,0.00,0.2741,0.1726,0.1290,0.0852
15.840,moving,-0.60006,0.36406,0.64462,0.59086,0.08951,0.90010,0.60636,0.36538,0.64593,-0.59619,0.08904,-0.91180,0.58112,0.36826,0.64483,-0.57160,0.08784,-0.88631,0.0000,0.0000,-0.0001,0.0000,-0.0000,0.3960,-0.0794,-0.0359,0.00,0.2764,0.1687,0.1289,0.0852
15.860,moving,-0.60006,0.36406,0.64462,0.59086,0.08951,0.90010,0.60636,0.36538,0.64593,-0.59619,0.08904,-0.91180,0.56029,0.36828,0.64473,-0.55093,0.08784,-0.86540,0.0000,0.0000,-0.0001,0.0000,-0.0000,0.3961,-0.0794,-0.0359,0.00,0.2796,0.1631,0.1288,0.0852
15.880,moving,-0.60006,0.36406,0.64462,0.59086,0.08951,0.90010,0.56029,0.36828,0.64473,-0.55093,0.08784,-0.86540,0.53533,0.36828,0.64475,-0.52664,0.08792,-0.84048,0.0000,0.0000,-0.0001,0.0000,-0.0000,0.3961,-0.0794,-0.0359,0.00,0.2832,0.1563,0.1287,0.0852
15.900,moving,-0.60006,0.36406,0.64462,0.59086,0.08951,0.90010,0.56029,0.36828,0.64473,-0.55093,0.08784,-0.86540,0.52441,0.36824,0.64532,-0.51663,0.08822,-0.83184,0.0000,0.0000,-0.0001,0.0000,-0.0000,0.3960,-0.0798,-0.0356,0.00,0.2846,0.1531,0.1285,0.0852
15.920,moving,-0.60006,0.36406,0.64462,0.59086,0.08951,0.90010,0.56029,0.36828,0.64473,-0.55093,0.08784,-0.86540,0.51644,0.36825,0.64515,-0.50865,0.08827,-0.82346,0.0000,0.0000,-0.0001,0.0000,-0.0000,0.3960,-0.0799,-0.0355,0.00,0.2858,0.1510,0.1285,0.0852
15.940,moving,-0.60006,0.36406,0.64462,0.59086,0.08951,0.90010,0.56029,0.36828,0.64473,-0.55093,0.08784,-0.86540,0.50216,0.36828,0.64499,-0.49435,0.08833,-0.80882,0.0000,0.0000,-0.0001,0.0000,-0.0000,0.3959,-0.0799,-0.0355,0.00,0.2877,0.1470,0.1285,0.0852
15.960,moving,-0.60006,0.36406,0.64462,0.59086,0.08951,0.90010,0.56029,0.36828,0.64473,-0.55093,0.08784,-0.86540,0.48160,0.36830,0.64488,-0.47382,0.08838,-0.78797,0.0000,0.0000,-0.0001,0.0000,-0.0000,0.3959,-0.0797,-0.0357,0.00,0.2904,0.1413,0.1284,0.0852
15.980,moving,-0.60006,0.36406,0.64462,0.59086,0.08951,0.90010,0.56029,0.36828,0.64473,-0.55093,0.08784,-0.86540,0.45685,0.36832,0.64488,-0.44961,0.08848,-0.76305,0.0000,0.0000,-0.0001,0.0000,-0.0000,0.3959,-0.0795,-0.0358,0.00,0.2935,0.1343,0.1283,0.0852
16.000,moving,-0.60006,0.36406,0.64462,0.59086,0.08951,0.90010,0.45685,0.36832,0.64488,-0.44961,0.08848,-0.76305,0.44619,0.36831,0.64536,-0.43962,0.08878,-0.75446,0.0000,0.0000,-0.0001,0.0000,-0.0000,0.3959,-0.0798,-0.0356,0.00,0.2946,0.1312,0.1281,0.0852
16.020,moving,-0.60006,0.36406,0.64462,0.59086,0.08951,0.90010,0.45685,0.36832,0.64488,-0.44961,0.08848,-0.76305,0.43834,0.36832,0.64519,-0.43175,0.08884,-0.74611,0.0000,0.0000,-0.0001,0.0000,-0.0000,0.3958,-0.0799,-0.0355,0.00,0.2956,0.1290,0.1281,0.0852
16.040,moving,-0.60006,0.36406,0.64462,0.59086,0.08951,0.90010,0.45685,0.36832,0.64488,-0.44961,0.08848,-0.76305,0.42415,0.36835,0.64503,-0.41753,0.08892,-0.73149,0.0000,0.0000,-0.0001,0.0000,-0.0000,0.3958,-0.0798,-0.0356,0.00,0.2973,0.1250,0.1281,0.0852
16.060,moving,-0.60006,0.36406,0.64462,0.59086,0.08951,0.90010,0.45685,0.36832,0.64488,-0.44961,0.08848,-0.76305,0.40367,0.36837,0.64493,-0.39709,0.08896,-0.71068,0.0000,0.0000,-0.0001,0.0000,-0.0000,0.3959,-0.0797,-0.0357,0.00,0.2996,0.1191,0.1280,0.0852
16.080,moving,-0.60006,0.36406,0.64462,0.59086,0.08951,0.90010,0.45685,0.36832,0.64488,-0.44961,0.08848,-0.76305,0.37899,0.36839,0.64491,-0.37290,0.08907,-0.68577,0.0000,0.0000,-0.0001,0.0000,-0.0000,0.3959,-0.0795,-0.0358,0.00,0.3021,0.1120,0.1279,0.0852
16.100,moving,-0.60006,0.36406,0.64462,0.59086,0.08951,0.90010,0.45685,0.36832,0.64488,-0.44961,0.08848,-0.76305,0.36849,0.36837,0.64534,-0.36290,0.08935,-0.67726,0.0000,0.0000,-0.0001,0.0000,-0.0000,0.3959,-0.0799,-0.0355,0.00,0.3030,0.1089,0.1278,0.0852
16.120,moving,-0.60006,0.36406,0.64462,0.59086,0.08951,0.90010,0.36849,0.36837,0.64534,-0.36290,0.08935,-0.67726,0.36065,0.36838,0.64519,-0.35508,0.08942,-0.66894,0.0000,0.0000,-0.0001,0.0000,-0.0000,0.3959,-0.0800,-0.0354,0.00,0.3038,0.1066,0.1278,0.0852
16.140,moving,-0.60006,0.36406,0.64462,0.59086,0.08951,0.90010,0.36849,0.36837,0.64534,-0.36290,0.08935,-0.67726,0.34649,0.36841,0.64505,-0.34094,0.08949,-0.65438,0.0000,0.0000,-0.0001,0.0000,-0.0000,0.3959,-0.0799,-0.0355,0.00,0.3052,0.1025,0.1278,0.0852
16.160,moving,-0.60006,0.36406,0.64462,0.59086,0.08951,0.90010,0.36849,0.36837,0.64534,-0.36290,0.08935,-0.67726,0.32602,0.36843,0.64496,-0.32051,0.08953,-0.63357,0.0000,0.0000,-0.0001,0.0000,-0.0000,0.3960,-0.0797,-0.0357,0.00,0.3070,0.0965,0.1277,0.0852
16.180,moving,-0.60006,0.36406,0.64462,0.59086,0.08951,0.90010,0.36849,0.36837,0.64534,-0.36290,0.08935,-0.67726,0.30137,0.36844,0.64495,-0.29638,0.08962,-0.60871,0.0000,0.0000,-0.0001,0.0000,-0.0000,0.3960,-0.0796,-0.0358,0.00,0.3091,0.0893,0.1276,0.0852
16.200,moving,-0.60006,0.36406,0.64462,0.59086,0.08951,0.90010,0.36849,0.36837,0.64534,-0.36290,0.08935,-0.67726,0.29093,0.36843,0.64530,-0.28634,0.08988,-0.60023,0.0000,0.0000,-0.0001,0.0000,-0.0000,0.3960,-0.0799,-0.0355,0.00,0.3098,0.0862,0.1275,0.0852
16.220,moving,-0.60006,0.36406,0.64462,0.59086,0.08951,0.90010,0.36849,0.36837,0.64534,-0.36290,0.08935,-0.67726,0.28309,0.36843,0.64519,-0.27856,0.08992,-0.59193,0.0000,0.0000,-0.0001,0.0000,-0.0000,0.3959,-0.0800,-0.0354,0.00,0.3104,0.0838,0.1275,0.0852
16.240,moving,-0.60006,0.36406,0.64462,0.59086,0.08951,0.90010,0.28309,0.36843,0.64519,-0.27856,0.08992,-0.59193,0.26892,0.36846,0.64506,-0.26444,0.08999,-0.57738,0.0000,0.0000,-0.0001,0.0000,-0.0000,0.3959,-0.0799,-0.0355,0.00,0.3115,0.0797,0.1275,0.0852
16.260,moving,-0.60006,0.36406,0.64462,0.59086,0.08951,0.90010,0.28309,0.36843,0.64519,-0.27856,0.08992,-0.59193,0.24845,0.36847,0.64500,-0.24406,0.09002,-0.55661,0.0000,0.0000,-0.0001,0.0000,-0.0000,0.3959,-0.0798,-0.0356,0.00,0.3129,0.0736,0.1274,0.0852
16.280,moving,-0.60006,0.36406,0.64462,0.59086,0.08951,0.90010,0.28309,0.36843,0.64519,-0.27856,0.08992,-0.59193,0.22380,0.36848,0.64497,-0.21993,0.09010,-0.53177,0.0000,0.0000,-0.0001,0.0000,-0.0000,0.3960,-0.0796,-0.0357,0.00,0.3144,0.0663,0.1274,0.0852
16.300,moving,-0.60006,0.36406,0.64462,0.59086,0.08951,0.90010,0.28309,0.36843,0.64519,-0.27856,0.08992,-0.59193,0.21339,0.36848,0.64524,-0.20989,0.09032,-0.52333,0.0000,0.0000,-0.0001,0.0000,-0.0000,0.3959,-0.0800,-0.0355,0.00,0.3149,0.0631,0.1273,0.0852
16.320,moving,-0.60006,0.36406,0.64462,0.59086,0.08951,0.90010,0.28309,0.36843,0.64519,-0.27856,0.08992,-0.59193,0.20553,0.36848,0.64516,-0.20210,0.09035,-0.51504,0.0000,0.0000,-0.0001,0.0000,-0.0000,0.3959,-0.0801,-0.0353,0.00,0.3154,0.0608,0.1273,0.0852
16.340,moving,-0.60006,0.36406,0.64462,0.59086,0.08951,0.90010,0.28309,0.36843,0.64519,-0.27856,0.08992,-0.59193,0.19135,0.36850,0.64507,-0.18803,0.09040,-0.50052,0.0000,0.0000,-0.0001,0.0000,-0.0000,0.3959,-0.0800,-0.0354,0.00,0.3161,0.0565,0.1273,0.0852
16.360,moving,-0.60006,0.36406,0.64462,0.59086,0.08951,0.90010,0.19135,0.36850,0.64507,-0.18803,0.09040,-0.50052,0.17087,0.36850,0.64502,-0.16766,0.09042,-0.47976,0.0000,0.0000,-0.0001,0.0000,-0.0000,0.3959,-0.0798,-0.0356,0.00,0.3171,0.0504,0.1273,0.0852
16.380,moving,-0.60006,0.36406,0.64462,0.59086,0.08951,0.90010,0.19135,0.36850,0.64507,-0.18803,0.09040,-0.50052,0.14622,0.36851,0.64500,-0.14356,0.09048,-0.45494,0.0000,0.0000,-0.0001,0.0000,-0.0000,0.3959,-0.0797,-0.0357,0.00,0.3181,0.0430,0.1272,0.0852
16.400,moving,-0.60006,0.36406,0.64462,0.59086,0.08951,0.90010,0.19135,0.36850,0.64507,-0.18803,0.09040,-0.50052,0.13582,0.36851,0.64517,-0.13351,0.09067,-0.44653,0.0000,0.0000,-0.0001,0.0000,-0.0000,0.3959,-0.0800,-0.0354,0.00,0.3184,0.0398,0.1272,0.0852
16.420,moving,-0.60006,0.36406,0.64462,0.59086,0.08951,0.90010,0.19135,0.36850,0.64507,-0.18803,0.09040,-0.50052,0.12794,0.36851,0.64513,-0.12574,0.09067,-0.43827,0.0000,0.0000,-0.0001,0.0000,-0.0000,0.3959,-0.0802,-0.0353,0.00,0.3187,0.0374,0.1272,0.0852
16.440,moving,-0.60006,0.36406,0.64462,0.59086,0.08951,0.90010,0.19135,0.36850,0.64507,-0.18803,0.09040,-0.50052,0.11376,0.36852,0.64507,-0.11168,0.09070,-0.42376,0.0000,0.0000,-0.0001,0.0000,-0.0000,0.3959,-0.0801,-0.0354,0.00,0.3192,0.0332,0.1271,0.0852
16.460,moving,-0.60006,0.36406,0.64462,0.59086,0.08951,0.90010,0.19135,0.36850,0.64507,-0.18803,0.09040,-0.50052,0.09327,0.36852,0.64504,-0.09131,0.09071,-0.40300,0.0000,0.0000,-0.0001,0.0000,-0.0000,0.3959,-0.0799,-0.0355,0.00,0.3197,0.0270,0.1271,0.0852
16.480,moving,-0.60006,0.36406,0.64462,0.59086,0.08951,0.90010,0.09327,0.36852,0.64504,-0.09131,0.09071,-0.40300,0.06862,0.36853,0.64503,-0.06722,0.09074,-0.37819,0.0000,0.0000,-0.0001,0.0000,-0.0000,0.3959,-0.0797,-0.0356,0.00,0.3202,0.0195,0.1271,0.0852
16.500,moving,-0.60006,0.36406,0.64462,0.59086,0.08951,0.90010,0.09327,0.36852,0.64504,-0.09131,0.09071,-0.40300,0.05820,0.36853,0.64510,-0.05720,0.09089,-0.36982,0.0000,0.0000,-0.0001,0.0000,-0.0000,0.3959,-0.0801,-0.0354,0.00,0.3204,0.0164,0.1271,0.0852
16.520,moving,-0.60006,0.36406,0.64462,0.59086,0.08951,0.90010,0.09327,0.36852,0.64504,-0.09131,0.09071,-0.40300,0.05032,0.36853,0.64510,-0.04942,0.09088,-0.36156,0.0000,0.0000,-0.0001,0.0000,-0.0000,0.3959,-0.0802,-0.0352,0.00,0.3205,0.0140,0.1271,0.0852
16.540,moving,-0.60006,0.36406,0.64462,0.59086,0.08951,0.90010,0.09327,0.36852,0.64504,-0.09131,0.09071,-0.40300,0.03614,0.36853,0.64508,-0.03537,0.09089,-0.34706,0.0000,0.0000,-0.0001,0.0000,-0.0000,0.3959,-0.0801,-0.0353,0.00,0.3206,0.0097,0.1271,0.0852
16.560,moving,-0.60006,0.36406,0.64462,0.59086,0.08951,0.90010,0.09327,0.36852,0.64504,-0.09131,0.09071,-0.40300,0.01565,0.36853,0.64507,-0.01500,0.09088,-0.32631,0.0000,0.0000,-0.0000,0.0000,-0.0000,0.3959,-0.0799,-0.0355,0.00,0.3208,0.0035,0.1271,0.0852
16.580,moving,-0.60006,0.36406,0.64462,0.59086,0.08951,0.90010,0.09327,0.36852,0.64504,-0.09131,0.09071,-0.40300,-0.00899,0.36854,0.64506,0.00908,0.09090,-0.30151,0.0000,0.0000,-0.0000,0.0000,-0.0000,0.3959,-0.0798,-0.0356,0.00,0.3207,-0.0040,0.1271,0.0852
16.600,moving,-0.60006,0.36406,0.64462,0.59086,0.08951,0.90010,-0.00899,0.36854,0.64506,0.00908,0.09090,-0.30151,-0.01946,0.36854,0.64504,0.01907,0.09100,-0.29316,0.0000,0.0000,-0.0000,0.0000,-0.0000,0.3959,-0.0801,-0.0353,0.00,0.3207,-0.0072,0.1271,0.0852
16.620,moving,-0.60006,0.36406,0.64462,0.59086,0.08951,0.90010,-0.00899,0.36854,0.64506,0.00908,0.09090,-0.30151,-0.02732,0.36854,0.64507,0.02685,0.09098,-0.28490,0.0000,0.0000,-0.0000,0.0000,-0.0000,0.3959,-0.0803,-0.0352,0.00,0.3206,-0.0096,0.1271,0.0852
16.640,moving,-0.60006,0.36406,0.64462,0.59086,0.08951,0.90010,-0.00899,0.36854,0.64506,0.00908,0.09090,-0.30151,-0.04150,0.36854,0.64509,0.04091,0.09096,-0.27041,0.0000,0.0000,-0.0000,0.0000,-0.0000,0.3959,-0.0802,-0.0353,0.00,0.3205,-0.0139,0.1271,0.0852
16.660,moving,-0.60006,0.36406,0.64462,0.59086,0.08951,0.90010,-0.00899,0.36854,0.64506,0.00908,0.09090,-0.30151,-0.06198,0.36854,0.64510,0.06129,0.09094,-0.24965,0.0000,0.0000,-0.0000,0.0000,-0.0000,0.3959,-0.0800,-0.0355,0.00,0.3202,-0.0200,0.1271,0.0852
16.680,moving,-0.60006,0.36406,0.64462,0.59086,0.08951,0.90010,-0.00899,0.36854,0.64506,0.00908,0.09090,-0.30151,-0.08662,0.36854,0.64509,0.08536,0.09093,-0.22487,0.0000,0.0000,-0.0000,0.0000,-0.0000,0.3959,-0.0798,-0.0356,0.00,0.3196,-0.0275,0.1271,0.0852
16.700,moving,-0.60006,0.36406,0.64462,0.59086,0.08951,0.90010,-0.00899,0.36854,0.64506,0.00908,0.09090,-0.30151,-0.09713,0.36854,0.64498,0.09530,0.09100,-0.21654,0.0000,0.0000,-0.0000,0.0000,-0.0000,0.3959,-0.0802,-0.0353,0.00,0.3194,-0.0307,0.1271,0.0852
16.720,moving,-0.60006,0.36406,0.64462,0.59086,0.08951,0.90010,-0.09713,0.36854,0.64498,0.09530,0.09100,-0.21654,-0.10498,0.36854,0.64504,0.10310,0.09095,-0.20827,0.0000,0.0000,-0.0000,0.0000,-0.0000,0.3959,-0.0803,-0.0352,0.00,0.3192,-0.0331,0.1271,0.0852
16.740,moving,-0.60006,0.36406,0.64462,0.59086,0.08951,0.90010,-0.09713,0.36854,0.64498,0.09530,0.09100,-0.21654,-0.11914,0.36854,0.64510,0.11719,0.09091,-0.19377,0.0000,0.0000,-0.0000,0.0000,-0.0000,0.3959,-0.0802,-0.0353,0.00,0.3187,-0.0373,0.1271,0.0852
16.760,moving,-0.60006,0.36406,0.64462,0.59086,0.08951,0.90010,-0.09713,0.36854,0.64498,0.09530,0.09100,-0.21654,-0.13961,0.36853,0.64513,0.13757,0.09087,-0.17300,0.0000,0.0000,-0.0000,0.0000,-0.0000,0.3959,-0.0800,-0.0354,0.00,0.3180,-0.0435,0.1272,0.0852
16.780,moving,-0.60006,0.36406,0.64462,0.59086,0.08951,0.90010,-0.09713,0.36854,0.64498,0.09530,0.09100,-0.21654,-0.16424,0.36853,0.64512,0.16164,0.09085,-0.14839,0.0000,0.0000,-0.0000,0.0000,-0.0000,0.3959,-0.0799,-0.0355,0.00,0.3169,-0.0509,0.1272,0.0852
16.800,moving,-0.60006,0.36406,0.64462,0.59086,0.08951,0.90010,-0.09713,0.36854,0.64498,0.09530,0.09100,-0.21654,-0.17483,0.36853,0.64492,0.17153,0.09087,-0.14007,0.0000,0.0001,-0.0000,0.0000,-0.0000,0.3959,-0.0802,-0.0353,0.00,0.3165,-0.0541,0.1273,0.0852
16.820,moving,-0.60006,0.36406,0.64462,0.59086,0.08951,0.90010,-0.09713,0.36854,0.64498,0.09530,0.09100,-0.21654,-0.18265,0.36854,0.64502,0.17934,0.09081,-0.13177,0.0000,0.0001,-0.0000,0.0000,-0.0000,0.3959,-0.0804,-0.0351,0.00,0.3161,-0.0564,0.1273,0.0852
16.840,moving,-0.60006,0.36406,0.64462,0.59086,0.08951,0.90010,-0.18265,0.36854,0.64502,0.17934,0.09081,-0.13177,-0.19678,0.36853,0.64511,0.19346,0.09074,-0.11722,0.0000,0.0001,-0.0000,0.0000,-0.0000,0.3959,-0.0803,-0.0352,0.00,0.3153,-0.0606,0.1273,0.0852
16.860,moving,-0.60006,0.36406,0.64462,0.59086,0.08951,0.90010,-0.18265,0.36854,0.64502,0.17934,0.09081,-0.13177,-0.21723,0.36852,0.64517,0.21385,0.09069,-0.09642,0.0000,0.0001,-0.0000,0.0000,-0.0000,0.3959,-0.0801,-0.0354,0.00,0.3141,-0.0667,0.1273,0.0852
16.880,moving,-0.60006,0.36406,0.64462,0.59086,0.08951,0.90010,-0.18265,0.36854,0.64502,0.17934,0.09081,-0.13177,-0.24185,0.36851,0.64516,0.23783,0.09065,-0.07201,0.0000,0.0001,-0.0000,0.0000,-0.0000,0.3959,-0.0799,-0.0355,0.00,0.3126,-0.0741,0.1274,0.0852
16.900,moving,-0.60006,0.36406,0.64462,0.59086,0.08951,0.90010,-0.18265,0.36854,0.64502,0.17934,0.09081,-0.13177,-0.25253,0.36852,0.64487,0.24766,0.09063,-0.06369,0.0000,0.0001,-0.0000,0.0000,-0.0000,0.3959,-0.0803,-0.0352,0.00,0.3119,-0.0773,0.1275,0.0852
16.920,moving,-0.60006,0.36406,0.64462,0.59086,0.08951,0.90010,-0.18265,0.36854,0.64502,0.17934,0.09081,-0.13177,-0.26031,0.36852,0.64500,0.25552,0.09055,-0.05531,0.0000,0.0001,-0.0000,0.0000,-0.0000,0.3959,-0.0804,-0.0351,0.00,0.3114,-0.0796,0.1274,0.0852
16.940,moving,-0.60006,0.36406,0.64462,0.59086,0.08951,0.90010,-0.18265,0.36854,0.64502,0.17934,0.09081,-0.13177,-0.27442,0.36850,0.64513,0.26968,0.09046,-0.04069,0.0000,0.0001,-0.0000,0.0000,-0.0000,0.3959,-0.0803,-0.0352,0.00,0.3103,-0.0837,0.1275,0.0852
16.960,moving,-0.60006,0.36406,0.64462,0.59086,0.08951,0.90010,-0.27442,0.36850,0.64513,0.26968,0.09046,-0.04069,-0.29484,0.36850,0.64520,0.29010,0.09040,-0.01986,0.0000,0.0001,-0.0000,0.0000,-0.0000,0.3959,-0.0801,-0.0353,0.00,0.3087,-0.0897,0.1275,0.0852
16.980,moving,-0.60006,0.36406,0.64462,0.59086,0.08951,0.90010,-0.27442,0.36850,0.64513,0.26968,0.09046,-0.04069,-0.31945,0.36848,0.64521,0.31401,0.09034,0.00439,0.0000,0.0001,-0.0000,0.0000,-0.0000,0.3959,-0.0800,-0.0354,0.00,0.3067,-0.0970,0.1276,0.0852
17.000,moving,-0.60006,0.36406,0.64462,0.59086,0.08951,0.90010,-0.27442,0.36850,0.64513,0.26968,0.09046,-0.04069,-0.33022,0.36850,0.64483,0.32377,0.09029,0.01271,0.0000,0.0001,-0.0000,0.0000,-0.0000,0.3959,-0.0803,-0.0352,0.00,0.3058,-0.1002,0.1277,0.0852
17.020,moving,-0.60006,0.36406,0.64462,0.59086,0.08951,0.90010,-0.27442,0.36850,0.64513,0.26968,0.09046,-0.04069,-0.33796,0.36849,0.64500,0.33169,0.09019,0.02119,0.0000,0.0001,-0.0000,0.0000,-0.0000,0.3959,-0.0805,-0.0350,0.00,0.3051,-0.1024,0.1277,0.0852
17.040,moving,-0.60006,0.36406,0.64462,0.59086,0.08951,0.90010,-0.27442,0.36850,0.64513,0.26968,0.09046,-0.04069,-0.35203,0.36847,0.64515,0.34591,0.09009,0.03589,0.0000,0.0001,-0.0000,0.0000,-0.0000,0.3959,-0.0804,-0.0351,0.00,0.3037,-0.1065,0.1277,0.0852
17.060,moving,-0.60006,0.36406,0.64462,0.59086,0.08951,0.90010,-0.27442,0.36850,0.64513,0.26968,0.09046,-0.04069,-0.37243,0.36845,0.64524,0.36638,0.09001,0.05679,0.0000,0.0001,-0.0000,0.0000,-0.0000,0.3959,-0.0802,-0.0353,0.00,0.3017,-0.1124,0.1278,0.0852
17.080,moving,-0.60006,0.36406,0.64462,0.59086,0.08951,0.90010,-0.37243,0.36845,0.64524,0.36638,0.09001,0.05679,-0.39702,0.36844,0.64523,0.39020,0.08994,0.08087,0.0000,0.0001,-0.0000,0.0000,-0.0000,0.3959,-0.0801,-0.0354,0.00,0.2991,-0.1195,0.1279,0.0852
17.100,moving,-0.60006,0.36406,0.64462,0.59086,0.08951,0.90010,-0.37243,0.36845,0.64524,0.36638,0.09001,0.05679,-0.40790,0.36846,0.64480,0.39993,0.08985,0.08924,0.0000,0.0001,-0.0000,0.0000,-0.0000,0.3959,-0.0804,-0.0351,0.00,0.2981,-0.1227,0.1280,0.0852
17.120,moving,-0.60006,0.36406,0.64462,0.59086,0.08951,0.90010,-0.37243,0.36845,0.64524,0.36638,0.09001,0.05679,-0.41558,0.36846,0.64499,0.40789,0.08974,0.09777,0.0000,0.0001,-0.0000,0.0000,-0.0000,0.3959,-0.0805,-0.0350,0.00,0.2972,-0.1248,0.1280,0.0852
17.140,moving,-0.60006,0.36406,0.64462,0.59086,0.08951,0.90010,-0.37243,0.36845,0.64524,0.36638,0.09001,0.05679,-0.42963,0.36843,0.64516,0.42218,0.08962,0.11256,0.0000,0.0001,-0.0000,0.0000,-0.0000,0.3959,-0.0804,-0.0351,0.00,0.2955,-0.1288,0.1280,0.0852
17.160,moving,-0.60006,0.36406,0.64462,0.59086,0.08951,0.90010,-0.37243,0.36845,0.64524,0.36638,0.09001,0.05679,-0.44999,0.36841,0.64527,0.44268,0.08954,0.13352,0.0000,0.0001,-0.0000,0.0000,-0.0000,0.3959,-0.0802,-0.0352,0.00,0.2931,-0.1346,0.1281,0.0852
17.180,moving,-0.60006,0.36406,0.64462,0.59086,0.08951,0.90010,-0.37243,0.36845,0.64524,0.36638,0.09001,0.05679,-0.47457,0.36839,0.64527,0.46646,0.08945,0.15748,0.0000,0.0001,-0.0000,0.0000,-0.0000,0.3959,-0.0801,-0.0353,0.00,0.2900,-0.1415,0.1282,0.0852
17.200,moving,-0.60006,0.36406,0.64462,0.59086,0.08951,0.90010,-0.47457,0.36839,0.64527,0.46646,0.08945,0.15748,-0.48554,0.36841,0.64478,0.47614,0.08933,0.16588,0.0000,0.0002,-0.0000,0.0000,-0.0000,0.3959,-0.0804,-0.0351,0.00,0.2887,-0.1446,0.1284,0.0852
17.220,moving,-0.60006,0.36406,0.64462,0.59086,0.08951,0.90010,-0.47457,0.36839,0.64527,0.46646,0.08945,0.15748,-0.49318,0.36840,0.64500,0.48417,0.08920,0.17451,0.0000,0.0002,-0.0000,0.0000,-0.0000,0.3959,-0.0805,-0.0350,0.00,0.2877,-0.1467,0.1284,0.0852
17.240,moving,-0.60006,0.36406,0.64462,0.59086,0.08951,0.90010,-0.47457,0.36839,0.64527,0.46646,0.08945,0.15748,-0.50719,0.36837,0.64518,0.49853,0.08908,0.18939,0.0000,0.0001,-0.0000,0.0000,-0.0000,0.3959,-0.0805,-0.0351,0.00,0.2857,-0.1506,0.1284,0.0852
17.260,moving,-0.60006,0.36406,0.64462,0.59086,0.08951,0.90010,-0.47457,0.36839,0.64527,0.46646,0.08945,0.15748,-0.52751,0.36835,0.64529,0.51906,0.08899,0.21041,0.0000,0.0001,-0.0000,0.0000,-0.0000,0.3959,-0.0803,-0.0352,0.00,0.2829,-0.1562,0.1285,0.0852
17.280,moving,-0.60006,0.36406,0.64462,0.59086,0.08951,0.90010,-0.47457,0.36839,0.64527,0.46646,0.08945,0.15748,-0.55207,0.36832,0.64530,0.54281,0.08888,0.23427,0.0000,0.0001,-0.0000,0.0000,-0.0000,0.3959,-0.0802,-0.0353,0.00,0.2793,-0.1629,0.1286,0.0852
17.300,moving,-0.60006,0.36406,0.64462,0.59086,0.08951,0.90010,-0.47457,0.36839,0.64527,0.46646,0.08945,0.15748,-0.56284,0.36835,0.64477,0.55236,0.08874,0.24270,0.0000,0.0002,-0.0000,0.0000,-0.0000,0.3959,-0.0804,-0.0351,0.00,0.2778,-0.1659,0.1288,0.0852
17.320,moving,-0.60006,0.36406,0.64462,0.59086,0.08951,0.90010,-0.56284,0.36835,0.64477,0.55236,0.08874,0.24270,-0.57045,0.36833,0.64500,0.56043,0.08860,0.25142,0.0000,0.0002,-0.0000,0.0000,-0.0000,0.3959,-0.0806,-0.0349,0.00,0.2766,-0.1679,0.1288,0.0852
17.340,moving,-0.60006,0.36406,0.64462,0.59086,0.08951,0.90010,-0.56284,0.36835,0.64477,0.55236,0.08874,0.24270,-0.58409,0.36829,0.64517,0.57432,0.08847,0.26636,0.0000,0.0002,-0.0000,0.0000,-0.0000,0.3959,-0.0805,-0.0350,0.00,0.2745,-0.1716,0.1289,0.0852
17.360,moving,-0.60006,0.36406,0.64462,0.59086,0.08951,0.90010,-0.56284,0.36835,0.64477,0.55236,0.08874,0.24270,-0.59518,0.36829,0.64501,0.58527,0.08835,0.28739,0.0000,0.0002,-0.0000,0.0000,-0.0000,0.3959,-0.0805,-0.0351,0.00,0.2728,-0.1746,0.1290,0.0852
17.380,moving,-0.60006,0.36406,0.64462,0.59086,0.08951,0.90010,-0.56284,0.36835,0.64477,0.55236,0.08874,0.24270,-0.60010,0.36829,0.64491,0.58985,0.08822,0.31112,0.0000,0.0002,-0.0000,0.0000,-0.0000,0.3960,-0.0805,-0.0350,0.00,0.2720,-0.1759,0.1290,0.0852
17.400,moving,-0.60006,0.36406,0.64462,0.59086,0.08951,0.90010,-0.56284,0.36835,0.64477,0.55236,0.08874,0.24270,-0.60043,0.36828,0.64489,0.58965,0.08814,0.31966,0.0000,0.0002,-0.0000,0.0000,-0.0000,0.3960,-0.0806,-0.0350,0.00,0.2720,-0.1760,0.1290,0.0852
17.420,moving,-0.60006,0.36406,0.64462,0.59086,0.08951,0.90010,-0.56284,0.36835,0.64477,0.55236,0.08874,0.24270,-0.60012,0.36827,0.64495,0.58972,0.08806,0.32853,0.0000,0.0002,-0.0000,0.0000,-0.0000,0.3960,-0.0805,-0.0350,0.00,0.2720,-0.1760,0.1290,0.0852
17.440,moving,-0.60006,0.36406,0.64462,0.59086,0.08951,0.90010,-0.60012,0.36827,0.64495,0.58972,0.08806,0.32853,-0.59988,0.36825,0.64500,0.58979,0.08800,0.34356,0.0000,0.0002,-0.0000,0.0000,-0.0000,0.3960,-0.0805,-0.0351,0.00,0.2721,-0.1759,0.1290,0.0852
17.460,moving,-0.60006,0.36406,0.64462,0.59086,0.08951,0.90010,-0.60012,0.36827,0.64495,0.58972,0.08806,0.32853,-0.59967,0.36824,0.64504,0.58979,0.08796,0.36472,0.0000,0.0002,-0.0000,0.0000,-0.0000,0.3960,-0.0804,-0.0351,0.00,0.2721,-0.1758,0.1290,0.0852
17.480,moving,-0.60006,0.36406,0.64462,0.59086,0.08951,0.90010,-0.60012,0.36827,0.64495,0.58972,0.08806,0.32853,-0.59951,0.36823,0.64507,0.58963,0.08793,0.38848,0.0000,0.0002,-0.0000,0.0000,-0.0000,0.3960,-0.0804,-0.0351,0.00,0.2721,-0.1758,0.1290,0.0852
17.500,moving,-0.60006,0.36406,0.64462,0.59086,0.08951,0.90010,-0.60012,0.36827,0.64495,0.58972,0.08806,0.32853,-0.59936,0.36822,0.64510,0.58893,0.08792,0.39711,0.0000,0.0002,-0.0000,0.0000,-0.0000,0.3959,-0.0804,-0.0351,0.00,0.2721,-0.1757,0.1290,0.0852
17.520,moving,-0.60006,0.36406,0.64462,0.59086,0.08951,0.90010,-0.60012,0.36827,0.64495,0.58972,0.08806,0.32853,-0.59925,0.36821,0.64512,0.58907,0.08790,0.40604,0.0000,0.0002,-0.0000,0.0000,-0.0000,0.3959,-0.0804,-0.0351,0.00,0.2721,-0.1757,0.1290,0.0852
17.540,moving,-0.60006,0.36406,0.64462,0.59086,0.08951,0.90010,-0.60012,0.36827,0.64495,0.58972,0.08806,0.32853,-0.59916,0.36821,0.64513,0.58918,0.08787,0.42110,0.0000,0.0002,-0.0000,0.0000,-0.0000,0.3959,-0.0804,-0.0351,0.00,0.2721,-0.1757,0.1290,0.0852
17.560,moving,-0.60006,0.36406,0.64462,0.59086,0.08951,0.90010,-0.59916,0.36821,0.64513,0.58918,0.08787,0.42110,-0.59908,0.36821,0.64514,0.58925,0.08786,0.44230,0.0000,0.0002,-0.0000,0.0000,-0.0000,0.3959,-0.0804,-0.0351,0.00,0.2722,-0.1757,0.1290,0.0852
17.580,moving,-0.60006,0.36406,0.64462,0.59086,0.08951,0.90010,-0.59916,0.36821,0.64513,0.58918,0.08787,0.42110,-0.59902,0.36821,0.64515,0.58912,0.08785,0.46605,0.0000,0.0002,-0.0000,0.0000,-0.0000,0.3958,-0.0804,-0.0351,0.00,0.2722,-0.1757,0.1290,0.0852
17.600,moving,-0.60006,0.36406,0.64462,0.59086,0.08951,0.90010,-0.59916,0.36821,0.64513,0.58918,0.08787,0.42110,-0.59896,0.36821,0.64517,0.58848,0.08785,0.47469,0.0000,0.0002,-0.0000,0.0000,-0.0000,0.3958,-0.0804,-0.0351,0.00,0.2722,-0.1756,0.1290,0.0852
17.620,moving,-0.60006,0.36406,0.64462,0.59086,0.08951,0.90010,-0.59916,0.36821,0.64513,0.58918,0.08787,0.42110,-0.59892,0.36821,0.64517,0.58864,0.08784,0.48365,0.0000,0.0002,-0.0000,0.0000,-0.0000,0.3958,-0.0804,-0.0351,0.00,0.2722,-0.1756,0.1290,0.0852
17.640,moving,-0.60006,0.36406,0.64462,0.59086,0.08951,0.90010,-0.59916,0.36821,0.64513,0.58918,0.08787,0.42110,-0.59889,0.36821,0.64517,0.58877,0.08784,0.49874,0.0000,0.0002,-0.0000,0.0000,-0.0000,0.3958,-0.0804,-0.0351,0.00,0.2722,-0.1756,0.1290,0.0852
17.660,moving,-0.60006,0.36406,0.64462,0.59086,0.08951,0.90010,-0.59916,0.36821,0.64513,0.58918,0.08787,0.42110,-0.59887,0.36821,0.64518,0.58887,0.08783,0.51996,0.0000,0.0002,-0.0000,0.0000,-0.0000,0.3959,-0.0804,-0.0351,0.00,0.2722,-0.1756,0.1290,0.0852
17.680,moving,-0.60006,0.36406,0.64462,0.59086,0.08951,0.90010,-0.59887,0.36821,0.64518,0.58887,0.08783,0.51996,-0.59884,0.36821,0.64518,0.58876,0.08784,0.54372,0.0000,0.0001,-0.0000,0.0000,-0.0000,0.3959,-0.0804,-0.0351,0.00,0.2722,-0.1756,0.1290,0.0852
17.700,moving,-0.60006,0.36406,0.64462,0.59086,0.08951,0.90010,-0.59887,0.36821,0.64518,0.58887,0.08783,0.51996,-0.59882,0.36820,0.64519,0.58814,0.08785,0.55238,0.0000,0.0001,-0.0000,0.0000,-0.0000,0.3959,-0.0804,-0.0351,0.00,0.2722,-0.1756,0.1290,0.0852
17.720,moving,-0.60006,0.36406,0.64462,0.59086,0.08951,0.90010,-0.59887,0.36821,0.64518,0.58887,0.08783,0.51996,-0.59881,0.36820,0.64520,0.58832,0.08785,0.56135,0.0000,0.0001,-0.0000,0.0000,-0.0000,0.3959,-0.0804,-0.0351,0.00,0.2722,-0.1756,0.1290,0.0852
17.740,moving,-0.60006,0.36406,0.64462,0.59086,0.08951,0.90010,-0.59887,0.36821,0.64518,0.58887,0.08783,0.51996,-0.59880,0.36820,0.64520,0.58846,0.08785,0.57645,0.0000,0.0001,-0.0000,0.0000,-0.0000,0.3959,-0.0804,-0.0351,0.00,0.2722,-0.1756,0.1290,0.0852
17.760,moving,-0.60006,0.36406,0.64462,0.59086,0.08951,0.90010,-0.59887,0.36821,0.64518,0.58887,0.08783,0.51996,-0.59880,0.36820,0.64520,0.58857,0.08785,0.59768,0.0000,0.0001,-0.0000,0.0000,-0.0000,0.3959,-0.0804,-0.0351,0.00,0.2722,-0.1756,0.1290,0.0852
17.780,moving,-0.60006,0.36406,0.64462,0.59086,0.08951,0.90010,-0.59887,0.36821,0.64518,0.58887,0.08783,0.51996,-0.59879,0.36820,0.64520,0.58847,0.08785,0.62145,0.0000,0.0001,-0.0000,0.0000,-0.0000,0.3959,-0.0804,-0.0351,0.00,0.2722,-0.1756,0.1290,0.0852
17.800,moving,-0.60006,0.36406,0.64462,0.59086,0.08951,0.90010,-0.59879,0.36820,0.64520,0.58847,0.08785,0.62145,-0.59877,0.36820,0.64521,0.58784,0.08787,0.63011,0.0000,0.0001,-0.0000,0.0000,-0.0000,0.3959,-0.0804,-0.0351,0.00,0.2722,-0.1756,0.1290,0.0852
17.820,moving,-0.60006,0.36406,0.64462,0.59086,0.08951,0.90010,-0.59879,0.36820,0.64520,0.58847,0.08785,0.62145,-0.59877,0.36820,0.64521,0.58803,0.08787,0.63909,0.0000,0.0001,-0.0000,0.0000,-0.0000,0.3959,-0.0804,-0.0351,0.00,0.2722,-0.1756,0.1290,0.0852
17.840,moving,-0.60006,0.36406,0.64462,0.59086,0.08951,0.90010,-0.59879,0.36820,0.64520,0.58847,0.08785,0.62145,-0.59877,0.36820,0.64520,0.58817,0.08787,0.65418,0.0000,0.0001,-0.0000,0.0000,-0.0000,0.3959,-0.0804,-0.0351,0.00,0.2722,-0.1756,0.1290,0.0852
17.860,moving,-0.60006,0.36406,0.64462,0.59086,0.08951,0.90010,-0.59879,0.36820,0.64520,0.58847,0.08785,0.62145,-0.59877,0.36820,0.64520,0.58828,0.08787,0.67540,0.0000,0.0001,-0.0000,0.0000,-0.0000,0.3959,-0.0804,-0.0351,0.00,0.2722,-0.1756,0.1290,0.0852
17.880,moving,-0.60006,0.36406,0.64462,0.59086,0.08951,0.90010,-0.59879,0.36820,0.64520,0.58847,0.08785,0.62145,-0.59877,0.36820,0.64520,0.58818,0.08788,0.69918,0.0000,0.0001,-0.0000,0.0000,-0.0000,0.3959,-0.0804,-0.0351,0.00,0.2722,-0.1756,0.1290,0.0852
17.900,moving,-0.60006,0.36406,0.64462,0.59086,0.08951,0.90010,-0.59879,0.36820,0.64520,0.58847,0.08785,0.62145,-0.59876,0.36820,0.64521,0.58756,0.08790,0.70785,0.0000,0.0001,-0.0000,0.0000,-0.0000,0.3959,-0.0804,-0.0351,0.00,0.2722,-0.1756,0.1290,0.0852
17.920,moving,-0.60006,0.36406,0.64462,0.59086,0.08951,0.90010,-0.59876,0.36820,0.64521,0.58756,0.08790,0.70785,-0.59876,0.36821,0.64521,0.58774,0.08790,0.71682,0.0000,0.0001,-0.0000,0.0000,-0.0000,0.3959,-0.0804,-0.0351,0.00,0.2722,-0.1756,0.1290,0.0852
17.940,moving,-0.60006,0.36406,0.64462,0.59086,0.08951,0.90010,-0.59876,0.36820,0.64521,0.58756,0.08790,0.70785,-0.59877,0.36821,0.64520,0.58789,0.08790,0.73191,0.0000,0.0001,-0.0000,0.0000,-0.0000,0.3959,-0.0804,-0.0351,0.00,0.2722,-0.1756,0.1290,0.0852
17.960,moving,-0.60006,0.36406,0.64462,0.59086,0.08951,0.90010,-0.59876,0.36820,0.64521,0.58756,0.08790,0.70785,-0.59877,0.36821,0.64520,0.58800,0.08790,0.75314,0.0000,0.0001,-0.0000,0.0000,-0.0000,0.3959,-0.0804,-0.0351,0.00,0.2722,-0.1756,0.1290,0.0852
17.980,moving,-0.60006,0.36406,0.64462,0.59086,0.08951,0.90010,-0.59876,0.36820,0.64521,0.58756,0.08790,0.70785,-0.59877,0.36821,0.64520,0.58790,0.08790,0.77692,0.0000,0.0001,-0.0000,0.0000,-0.0000,0.3959,-0.0804,-0.0351,0.00,0.2722,-0.1756,0.1290,0.0852
18.000,moving,-0.60006,0.36406,0.64462,0.59086,0.08951,0.90010,-0.59876,0.36820,0.64521,0.58756,0.08790,0.70785,-0.59876,0.36821,0.64521,0.58728,0.08793,0.78558,0.0000,0.0001,-0.0000,0.0000,-0.0000,0.3959,-0.0804,-0.0351,0.00,0.2722,-0.1756,0.1290,0.0852
18.020,moving,-0.60006,0.36406,0.64462,0.59086,0.08951,0.90010,-0.59876,0.36820,0.64521,0.58756,0.08790,0.70785,-0.59876,0.36821,0.64521,0.58747,0.08793,0.79455,0.0000,0.0001,-0.0000,0.0000,-0.0000,0.3959,-0.0804,-0.0351,0.00,0.2722,-0.1756,0.1290,0.0852
18.040,moving,-0.60006,0.36406,0.64462,0.59086,0.08951,0.90010,-0.59876,0.36821,0.64521,0.58747,0.08793,0.79455,-0.59877,0.36821,0.64520,0.58762,0.08793,0.80964,0.0000,0.0001,-0.0000,0.0000,-0.0000,0.3959,-0.0804,-0.0351,0.00,0.2722,-0.1756,0.1290,0.0852
18.060,moving,-0.60006,0.36406,0.64462,0.59086,0.08951,0.90010,-0.59876,0.36821,0.64521,0.58747,0.08793,0.79455,-0.59877,0.36821,0.64520,0.58773,0.08793,0.83087,0.0000,0.0001,-0.0000,0.0000,-0.0000,0.3959,-0.0804,-0.0351,0.00,0.2722,-0.1756,0.1290,0.0852
18.080,moving,-0.60006,0.36406,0.64462,0.59086,0.08951,0.90010,-0.59876,0.36821,0.64521,0.58747,0.08793,0.79455,-0.59877,0.36821,0.64520,0.58763,0.08794,0.85454,0.0000,0.0001,-0.0000,0.0000,-0.0000,0.3959,-0.0804,-0.0351,0.00,0.2722,-0.1756,0.1290,0.0852
18.100,moving,-0.60006,0.36406,0.64462,0.59086,0.08951,0.90010,-0.59876,0.36821,0.64521,0.58747,0.08793,0.79455,-0.59876,0.36821,0.64521,0.58703,0.08796,0.86253,0.0000,0.0001,-0.0000,0.0000,-0.0000,0.3959,-0.0804,-0.0351,0.00,0.2722,-0.1756,0.1290,0.0852
18.120,moving,-0.60006,0.36406,0.64462,0.59086,0.08951,0.90010,-0.59876,0.36821,0.64521,0.58747,0.08793,0.79455,-0.59877,0.36821,0.64521,0.58722,0.08796,0.87135,0.0000,0.0001,-0.0000,0.0000,-0.0000,0.3959,-0.0804,-0.0351,0.00,0.2722,-0.1756,0.1290,0.0852
18.140,moving,-0.60006,0.36406,0.64462,0.59086,0.08951,0.90010,-0.59876,0.36821,0.64521,0.58747,0.08793,0.79455,-0.59877,0.36821,0.64521,0.58719,0.08797,0.88416,0.0000,0.0001,-0.0000,0.0000,-0.0000,0.3959,-0.0804,-0.0351,0.00,0.2722,-0.1756,0.1290,0.0852
18.160,moving,-0.60006,0.36406,0.64462,0.59086,0.08951,0.90010,-0.59877,0.36821,0.64521,0.58719,0.08797,0.88416,-0.59876,0.36821,0.64521,0.58698,0.08798,0.89154,0.0000,0.0001,-0.0000,0.0000,-0.0000,0.3959,-0.0804,-0.0351,0.00,0.2722,-0.1756,0.1290,0.0852
18.180,moving,-0.60006,0.36406,0.64462,0.59086,0.08951,0.90010,-0.59877,0.36821,0.64521,0.58719,0.08797,0.88416,-0.59876,0.36821,0.64521,0.58686,0.08799,0.89341,0.0000,0.0001,-0.0000,0.0000,-0.0000,0.3959,-0.0804,-0.0351,0.00,0.2722,-0.1756,0.1290,0.0852
18.200,moving,-0.60006,0.36406,0.64462,0.59086,0.08951,0.90010,-0.59877,0.36821,0.64521,0.58719,0.08797,0.88416,-0.59876,0.36821,0.64521,0.58688,0.08799,0.89355,0.0000,0.0001,-0.0000,0.0000,-0.0000,0.3959,-0.0804,-0.0351,0.00,0.2722,-0.1756,0.1290,0.0852
18.220,moving,-0.60006,0.36406,0.64462,0.59086,0.08951,0.90010,-0.59877,0.36821,0.64521,0.58719,0.08797,0.88416,-0.59877,0.36821,0.64521,0.58690,0.08799,0.89367,0.0000,0.0001,-0.0000,0.0000,-0.0000,0.3959,-0.0804,-0.0351,0.00,0.2722,-0.1756,0.1290,0.0852
18.240,moving,-0.60006,0.36406,0.64462,0.59086,0.08951,0.90010,-0.59877,0.36821,0.64521,0.58719,0.08797,0.88416,-0.59877,0.36821,0.64521,0.58692,0.08799,0.89376,0.0000,0.0001,-0.0000,0.0000,-0.0000,0.3959,-0.0804,-0.0351,0.00,0.2722,-0.1756,0.1290,0.0852
18.260,moving,-0.60006,0.36406,0.64462,0.59086,0.08951,0.90010,-0.59877,0.36821,0.64521,0.58719,0.08797,0.88416,-0.59877,0.36821,0.64521,0.58694,0.08799,0.89383,0.0000,0.0001,-0.0000,0.0000,-0.0000,0.3959,-0.0804,-0.0351,0.00,0.2722,-0.1756,0.1290,0.0852
18.280,moving,-0.60006,0.36406,0.64462,0.59086,0.08951,0.90010,-0.59877,0.36821,0.64521,0.58694,0.08799,0.89383,-0.59877,0.36821,0.64521,0.58695,0.08800,0.89389,0.0000,0.0001,-0.0000,0.0000,-0.0000,0.3959,-0.0804,-0.0351,0.00,0.2722,-0.1756,0.1290,0.0852
18.300,moving,-0.60006,0.36406,0.64462,0.59086,0.08951,0.90010,-0.59877,0.36821,0.64521,0.58694,0.08799,0.89383,-0.59877,0.36821,0.64520,0.58697,0.08800,0.89394,0.0000,0.0001,-0.0000,0.0000,-0.0000,0.3959,-0.0804,-0.0351,0.00,0.2722,-0.1756,0.1290,0.0852
18.320,moving,-0.60006,0.36406,0.64462,0.59086,0.08951,0.90010,-0.59877,0.36821,0.64521,0.58694,0.08799,0.89383,-0.59877,0.36821,0.64520,0.58697,0.08800,0.89398,0.0000,0.0001,-0.0000,0.0000,-0.0000,0.3959,-0.0804,-0.0351,0.00,0.2722,-0.1756,0.1290,0.0852
18.340,moving,-0.60006,0.36406,0.64462,0.59086,0.08951,0.90010,-0.59877,0.36821,0.64521,0.58694,0.08799,0.89383,-0.59877,0.36821,0.64520,0.58698,0.08800,0.89402,0.0000,0.0001,-0.0000,0.0000,-0.0000,0.3959,-0.0804,-0.0351,0.00,0.2722,-0.1756,0.1290,0.0852
18.360,moving,-0.60006,0.36406,0.64462,0.59086,0.08951,0.90010,-0.59877,0.36821,0.64521,0.58694,0.08799,0.89383,-0.59877,0.36821,0.64520,0.58699,0.08800,0.89404,0.0000,0.0001,-0.0000,0.0000,-0.0000,0.3959,-0.0804,-0.0351,0.00,0.2722,-0.1756,0.1290,0.0852
18.380,moving,-0.60006,0.36406,0.64462,0.59086,0.08951,0.90010,-0.59877,0.36821,0.64521,0.58694,0.08799,0.89383,-0.59877,0.36821,0.64520,0.58699,0.08800,0.89407,0.0000,0.0001,-0.0000,0.0000,-0.0000,0.3959,-0.0804,-0.0351,0.00,0.2722,-0.1756,0.1290,0.0852
18.400,moving,-0.60006,0.36406,0.64462,0.59086,0.08951,0.90010,-0.59877,0.36821,0.64520,0.58699,0.08800,0.89407,-0.59877,0.36821,0.64520,0.58700,0.08800,0.89408,0.0000,0.0001,-0.0000,0.0000,-0.0000,0.3959,-0.0804,-0.0351,0.00,0.2722,-0.1756,0.1290,0.0852
18.420,moving,-0.60006,0.36406,0.64462,0.59086,0.08951,0.90010,-0.59877,0.36821,0.64520,0.58699,0.08800,0.89407,-0.59877,0.36821,0.64520,0.58700,0.08800,0.89410,0.0000,0.0001,-0.0000,0.0000,-0.0000,0.3959,-0.0804,-0.0351,0.00,0.2722,-0.1756,0.1290,0.0852
18.440,moving,-0.60006,0.36406,0.64462,0.59086,0.08951,0.90010,-0.59877,0.36821,0.64520,0.58699,0.08800,0.89407,-0.59877,0.36821,0.64520,0.58701,0.08800,0.89411,0.0000,0.0001,-0.0000,0.0000,-0.0000,0.3959,-0.0804,-0.0351,0.00,0.2722,-0.1756,0.1290,0.0852
18.460,moving,-0.60006,0.36406,0.64462,0.59086,0.08951,0.90010,-0.59877,0.36821,0.64520,0.58699,0.08800,0.89407,-0.59877,0.36821,0.64520,0.58701,0.08800,0.89412,0.0000,0.0001,-0.0000,0.0000,-0.0000,0.3959,-0.0804,-0.0351,0.00,0.2722,-0.1756,0.1290,0.0852
18.480,moving,-0.60006,0.36406,0.64462,0.59086,0.08951,0.90010,-0.59877,0.36821,0.64520,0.58699,0.08800,0.89407,-0.59877,0.36821,0.64520,0.58701,0.08800,0.89413,0.0000,0.0001,-0.0000,0.0000,-0.0000,0.3959,-0.0804,-0.0351,0.00,0.2722,-0.1756,0.1290,0.0852
18.500,moving,-0.60006,0.36406,0.64462,0.59086,0.08951,0.90010,-0.59877,0.36821,0.64520,0.58699,0.08800,0.89407,-0.59877,0.36821,0.64520,0.58701,0.08800,0.89414,0.0000,0.0001,-0.0000,0.0000,-0.0000,0.3959,-0.0804,-0.0351,0.00,0.2722,-0.1756,0.1290,0.0852
18.520,moving,-0.60006,0.36406,0.64462,0.59086,0.08951,0.90010,-0.59877,0.36821,0.64520,0.58701,0.08800,0.89414,-0.59877,0.36821,0.64520,0.58701,0.08800,0.89414,0.0000,0.0001,-0.0000,0.0000,-0.0000,0.3959,-0.0804,-0.0351,0.00,0.2722,-0.1756,0.1290,0.0852
18.540,moving,-0.60006,0.36406,0.64462,0.59086,0.08951,0.90010,-0.59877,0.36821,0.64520,0.58701,0.08800,0.89414,-0.59877,0.36821,0.64520,0.58701,0.08800,0.89415,0.0000,0.0001,-0.0000,0.0000,-0.0000,0.3959,-0.0804,-0.0351,0.00,0.2722,-0.1756,0.1290,0.0852
18.560,moving,-0.60006,0.36406,0.64462,0.59086,0.08951,0.90010,-0.59877,0.36821,0.64520,0.58701,0.08800,0.89414,-0.59877,0.36821,0.64520,0.58701,0.08800,0.89415,0.0000,0.0001,-0.0000,0.0000,-0.0000,0.3959,-0.0804,-0.0351,0.00,0.2722,-0.1756,0.1290,0.0852
18.580,moving,-0.60006,0.36406,0.64462,0.59086,0.08951,0.90010,-0.59877,0.36821,0.64520,0.58701,0.08800,0.89414,-0.59877,0.36821,0.64520,0.58701,0.08800,0.89415,0.0000,0.0001,-0.0000,0.0000,-0.0000,0.3959,-0.0804,-0.0351,0.00,0.2722,-0.1756,0.1290,0.0852
18.600,moving,-0.60006,0.36406,0.64462,0.59086,0.08951,0.90010,-0.59877,0.36821,0.64520,0.58701,0.08800,0.89414,-0.59877,0.36821,0.64520,0.58702,0.08800,0.89416,0.0000,0.0001,-0.0000,0.0000,-0.0000,0.3959,-0.0804,-0.0351,0.00,0.2722,-0.1756,0.1290,0.0852
18.620,detect,-0.60006,0.36406,0.64462,0.59086,0.08951,0.90010,-0.59877,0.36821,0.64520,0.58701,0.08800,0.89414,-0.59877,0.36821,0.64520,0.58702,0.08800,0.89416,0.0000,0.0001,-0.0000,0.0000,-0.0000,0.3959,-0.0804,-0.0351,0.00,0.2722,-0.1756,0.1290,0.0852
18.640,detect,-0.60006,0.36406,0.64462,0.59086,0.08951,0.90010,-0.59877,0.36821,0.64520,0.58702,0.08800,0.89416,-0.59877,0.36821,0.64520,0.58702,0.08800,0.89416,0.0000,0.0001,-0.0000,0.0000,-0.0000,0.3959,-0.0804,-0.0351,0.00,0.2722,-0.1756,0.1290,0.0852
18.660,detect,-0.60006,0.36406,0.64462,0.59086,0.08951,0.90010,-0.59877,0.36821,0.64520,0.58702,0.08800,0.89416,-0.59877,0.36821,0.64520,0.58702,0.08800,0.89416,0.0000,0.0001,-0.0000,0.0000,-0.0000,0.3959,-0.0804,-0.0351,0.00,0.2722,-0.1756,0.1290,0.0852
18.680,detect,-0.60006,0.36406,0.64462,0.59086,0.08951,0.90010,-0.59877,0.36821,0.64520,0.58702,0.08800,0.89416,-0.59877,0.36821,0.64520,0.58702,0.08800,0.89416,0.0000,0.0001,-0.0000,0.0000,-0.0000,0.3959,-0.0804,-0.0351,0.00,0.2722,-0.1756,0.1290,0.0852
18.700,detect,-0.60006,0.36406,0.64462,0.59086,0.08951,0.90010,-0.59877,0.36821,0.64520,0.58702,0.08800,0.89416,-0.59877,0.36821,0.64520,0.58702,0.08800,0.89416,0.0000,0.0001,-0.0000,0.0000,-0.0000,0.3959,-0.0804,-0.0351,0.00,0.2722,-0.1756,0.1290,0.0852
18.720,detect,-0.60006,0.36406,0.64462,0.59086,0.08951,0.90010,-0.59877,0.36821,0.64520,0.58702,0.08800,0.89416,-0.59877,0.36821,0.64520,0.58702,0.08800,0.89417,0.0000,0.0001,-0.0000,0.0000,-0.0000,0.3959,-0.0804,-0.0351,0.00,0.2722,-0.1756,0.1290,0.0852
18.740,detect,-0.60006,0.36406,0.64462,0.59086,0.08951,0.90010,-0.59877,0.36821,0.64520,0.58702,0.08800,0.89416,-0.59877,0.36821,0.64520,0.58702,0.08800,0.89417,0.0000,0.0001,-0.0000,0.0000,-0.0000,0.3959,-0.0804,-0.0351,0.00,0.2722,-0.1756,0.1290,0.0852
18.760,detect,-0.60006,0.36406,0.64462,0.59086,0.08951,0.90010,-0.59877,0.36821,0.64520,0.58702,0.08800,0.89417,-0.59877,0.36821,0.64520,0.58702,0.08800,0.89417,0.0000,0.0001,-0.0000,0.0000,-0.0000,0.3959,-0.0804,-0.0351,0.00,0.2722,-0.1756,0.1290,0.0852
18.780,detect,-0.60006,0.36406,0.64462,0.59086,0.08951,0.90010,-0.59877,0.36821,0.64520,0.58702,0.08800,0.89417,-0.59877,0.36821,0.64520,0.58702,0.08800,0.89417,0.0000,0.0001,-0.0000,0.0000,-0.0000,0.3959,-0.0804,-0.0351,0.00,0.2722,-0.1756,0.1290,0.0852
18.800,detect,-0.60006,0.36406,0.64462,0.59086,0.08951,0.90010,-0.59877,0.36821,0.64520,0.58702,0.08800,0.89417,-0.59877,0.36821,0.64520,0.58702,0.08800,0.89417,0.0000,0.0001,-0.0000,0.0000,-0.0000,0.3959,-0.0804,-0.0351,0.00,0.2722,-0.1756,0.1290,0.0852
18.820,detect,-0.60006,0.36406,0.64462,0.59086,0.08951,0.90010,-0.59877,0.36821,0.64520,0.58702,0.08800,0.89417,-0.59877,0.36821,0.64520,0.58702,0.08800,0.89417,0.0000,0.0001,-0.0000,0.0000,-0.0000,0.3959,-0.0804,-0.0351,0.00,0.2722,-0.1756,0.1290,0.0852
18.840,detect,-0.60006,0.36406,0.64462,0.59086,0.08951,0.90010,-0.59877,0.36821,0.64520,0.58702,0.08800,0.89417,-0.59877,0.36821,0.64520,0.58702,0.08800,0.89417,0.0000,0.0001,-0.0000,0.0000,-0.0000,0.3959,-0.0804,-0.0351,0.00,0.2722,-0.1756,0.1290,0.0852
18.860,detect,-0.60006,0.36406,0.64462,0.59086,0.08951,0.90010,-0.59877,0.36821,0.64520,0.58702,0.08800,0.89417,-0.59877,0.36821,0.64520,0.58702,0.08800,0.89417,0.0000,0.0001,-0.0000,0.0000,-0.0000,0.3959,-0.0804,-0.0351,0.00,0.2722,-0.1756,0.1290,0.0852
18.880,detect,-0.60006,0.36406,0.64462,0.59086,0.08951,0.90010,-0.59877,0.36821,0.64520,0.58702,0.08800,0.89417,-0.59877,0.36821,0.64520,0.58702,0.08800,0.89417,0.0000,0.0001,-0.0000,0.0000,-0.0000,0.3959,-0.0804,-0.0351,0.00,0.2722,-0.1756,0.1290,0.0852
18.900,detect,-0.60006,0.36406,0.64462,0.59086,0.08951,0.90010,-0.59877,0.36821,0.64520,0.58702,0.08800,0.89417,-0.59877,0.36821,0.64520,0.58702,0.08800,0.89417,0.0000,0.0001,-0.0000,0.0000,-0.0000,0.3959,-0.0804,-0.0351,0.00,0.2722,-0.1756,0.1290,0.0852
18.920,detect,-0.60006,0.36406,0.64462,0.59086,0.08951,0.90010,-0.59877,0.36821,0.64520,0.58702,0.08800,0.89417,-0.59877,0.36821,0.64520,0.58702,0.08800,0.89417,0.0000,0.0001,-0.0000,0.0000,-0.0000,0.3959,-0.0804,-0.0351,0.00,0.2722,-0.1756,0.1290,0.0852
18.940,detect,-0.60006,0.36406,0.64462,0.59086,0.08951,0.90010,-0.59877,0.36821,0.64520,0.58702,0.08800,0.89417,-0.59877,0.36821,0.64520,0.58702,0.08800,0.89417,0.0000,0.0001,-0.0000,0.0000,-0.0000,0.3959,-0.0804,-0.0351,0.00,0.2722,-0.1756,0.1290,0.0852
18.960,detect,-0.60006,0.36406,0.64462,0.59086,0.08951,0.90010,-0.59877,0.36821,0.64520,0.58702,0.08800,0.89417,-0.59877,0.36821,0.64520,0.58702,0.08800,0.89417,0.0000,0.0001,-0.0000,0.0000,-0.0000,0.3959,-0.0804,-0.0351,0.00,0.2722,-0.1756,0.1290,0.0852
18.980,detect,-0.60006,0.36406,0.64462,0.59086,0.08951,0.90010,-0.59877,0.36821,0.64520,0.58702,0.08800,0.89417,-0.59877,0.36821,0.64520,0.58702,0.08800,0.89417,0.0000,0.0001,-0.0000,0.0000,-0.0000,0.3959,-0.0804,-0.0351,0.00,0.2722,-0.1756,0.1290,0.0852
19.000,detect,-0.60006,0.36406,0.64462,0.59086,0.08951,0.90010,-0.59877,0.36821,0.64520,0.58702,0.08800,0.89417,-0.59877,0.36821,0.64520,0.58702,0.08800,0.89417,0.0000,0.0001,-0.0000,0.0000,-0.0000,0.3959,-0.0804,-0.0351,0.00,0.2722,-0.1756,0.1290,0.0852
19.020,detect,-0.60006,0.36406,0.64462,0.59086,0.08951,0.90010,-0.59877,0.36821,0.64520,0.58702,0.08800,0.89417,-0.59877,0.36821,0.64520,0.58702,0.08800,0.89417,0.0000,0.0001,-0.0000,0.0000,-0.0000,0.3959,-0.0804,-0.0351,0.00,0.2722,-0.1756,0.1290,0.0852
19.040,detect,-0.60006,0.36406,0.64462,0.59086,0.08951,0.90010,-0.59877,0.36821,0.64520,0.58702,0.08800,0.89417,-0.59877,0.36821,0.64520,0.58702,0.08800,0.89417,0.0000,0.0001,-0.0000,0.0000,-0.0000,0.3959,-0.0804,-0.0351,0.00,0.2722,-0.1756,0.1290,0.0852
19.060,detect,-0.60006,0.36406,0.64462,0.59086,0.08951,0.90010,-0.59877,0.36821,0.64520,0.58702,0.08800,0.89417,-0.59877,0.36821,0.64520,0.58702,0.08800,0.89417,0.0000,0.0001,-0.0000,0.0000,-0.0000,0.3959,-0.0804,-0.0351,0.00,0.2722,-0.1756,0.1290,0.0852
19.080,detect,-0.60006,0.36406,0.64462,0.59086,0.08951,0.90010,-0.59877,0.36821,0.64520,0.58702,0.08800,0.89417,-0.59877,0.36821,0.64520,0.58702,0.08800,0.89417,0.0000,0.0001,-0.0000,0.0000,-0.0000,0.3959,-0.0804,-0.0351,0.00,0.2722,-0.1756,0.1290,0.0852
19.100,detect,-0.60006,0.36406,0.64462,0.59086,0.08951,0.90010,-0.59877,0.36821,0.64520,0.58702,0.08800,0.89417,-0.59877,0.36821,0.64520,0.58702,0.08800,0.89417,0.0000,0.0001,-0.0000,0.0000,-0.0000,0.3959,-0.0804,-0.0351,0.00,0.2722,-0.1756,0.1290,0.0852
19.120,detect,-0.60006,0.36406,0.64462,0.59086,0.08951,0.90010,-0.59877,0.36821,0.64520,0.58702,0.08800,0.89417,-0.59877,0.36821,0.64520,0.58702,0.08800,0.89417,0.0000,0.0001,-0.0000,0.0000,-0.0000,0.3959,-0.0804,-0.0351,0.00,0.2722,-0.1756,0.1290,0.0852
19.140,detect,-0.60006,0.36406,0.64462,0.59086,0.08951,0.90010,-0.59877,0.36821,0.64520,0.58702,0.08800,0.89417,-0.59877,0.36821,0.64520,0.58702,0.08800,0.89417,0.0000,0.0001,-0.0000,0.0000,-0.0000,0.3959,-0.0804,-0.0351,0.00,0.2722,-0.1756,0.1290,0.0852
19.160,detect,-0.60006,0.36406,0.64462,0.59086,0.08951,0.90010,-0.59877,0.36821,0.64520,0.58702,0.08800,0.89417,-0.59877,0.36821,0.64520,0.58702,0.08800,0.89417,0.0000,0.0001,-0.0000,0.0000,-0.0000,0.3959,-0.0804,-0.0351,0.00,0.2722,-0.1756,0.1290,0.0852
19.180,detect,-0.60006,0.36406,0.64462,0.59086,0.08951,0.90010,-0.59877,0.36821,0.64520,0.58702,0.08800,0.89417,-0.59877,0.36821,0.64520,0.58702,0.08800,0.89417,0.0000,0.0001,-0.0000,0.0000,-0.0000,0.3959,-0.0804,-0.0351,0.00,0.2722,-0.1756,0.1290,0.0852
19.200,detect,-0.60006,0.36406,0.64462,0.59086,0.08951,0.90010,-0.59877,0.36821,0.64520,0.58702,0.08800,0.89417,-0.59877,0.36821,0.64520,0.58702,0.08800,0.89417,0.0000,0.0001,-0.0000,0.0000,-0.0000,0.3959,-0.0804,-0.0351,0.00,0.2722,-0.1756,0.1290,0.0852
19.220,detect,-0.60006,0.36406,0.64462,0.59086,0.08951,0.90010,-0.59877,0.36821,0.64520,0.58702,0.08800,0.89417,-0.59877,0.36821,0.64520,0.58702,0.08800,0.89417,0.0000,0.0001,-0.0000,0.0000,-0.0000,0.3959,-0.0804,-0.0351,0.00,0.2722,-0.1756,0.1290,0.0852
19.240,detect,-0.60006,0.36406,0.64462,0.59086,0.08951,0.90010,-0.59877,0.36821,0.64520,0.58702,0.08800,0.89417,-0.59877,0.36821,0.64520,0.58702,0.08800,0.89417,0.0000,0.0001,-0.0000,0.0000,-0.0000,0.3959,-0.0804,-0.0351,0.00,0.2722,-0.1756,0.1290,0.0852
19.260,detect,-0.60006,0.36406,0.64462,0.59086,0.08951,0.90010,-0.59877,0.36821,0.64520,0.58702,0.08800,0.89417,-0.59877,0.36821,0.64520,0.58702,0.08800,0.89417,0.0000,0.0001,-0.0000,0.0000,-0.0000,0.3959,-0.0804,-0.0351,0.00,0.2722,-0.1756,0.1290,0.0852
19.280,detect,-0.60006,0.36406,0.64462,0.59086,0.08951,0.90010,-0.59877,0.36821,0.64520,0.58702,0.08800,0.89417,-0.59877,0.36821,0.64520,0.58702,0.08800,0.89417,0.0000,0.0001,-0.0000,0.0000,-0.0000,0.3959,-0.0804,-0.0351,0.00,0.2722,-0.1756,0.1290,0.0852
19.300,detect,-0.60006,0.36406,0.64462,0.59086,0.08951,0.90010,-0.59877,0.36821,0.64520,0.58702,0.08800,0.89417,-0.59877,0.36821,0.64520,0.58702,0.08800,0.89417,0.0000,0.0001,-0.0000,0.0000,-0.0000,0.3959,-0.0804,-0.0351,0.00,0.2722,-0.1756,0.1290,0.0852
19.320,detect,-0.60006,0.36406,0.64462,0.59086,0.08951,0.90010,-0.59877,0.36821,0.64520,0.58702,0.08800,0.89417,-0.59877,0.36821,0.64520,0.58702,0.08800,0.89417,0.0000,0.0001,-0.0000,0.0000,-0.0000,0.3959,-0.0804,-0.0351,0.00,0.2722,-0.1756,0.1290,0.0852
19.340,detect,-0.60006,0.36406,0.64462,0.59086,0.08951,0.90010,-0.59877,0.36821,0.64520,0.58702,0.08800,0.89417,-0.59877,0.36821,0.64520,0.58702,0.08800,0.89417,0.0000,0.0001,-0.0000,0.0000,-0.0000,0.3959,-0.0804,-0.0351,0.00,0.2722,-0.1756,0.1290,0.0852
19.360,detect,-0.60006,0.36406,0.64462,0.59086,0.08951,0.90010,-0.59877,0.36821,0.64520,0.58702,0.08800,0.89417,-0.59877,0.36821,0.64520,0.58702,0.08800,0.89417,0.0000,0.0001,-0.0000,0.0000,-0.0000,0.3959,-0.0804,-0.0351,0.00,0.2722,-0.1756,0.1290,0.0852
19.380,detect,-0.60006,0.36406,0.64462,0.59086,0.08951,0.90010,-0.59877,0.36821,0.64520,0.58702,0.08800,0.89417,-0.59877,0.36821,0.64520,0.58702,0.08800,0.89417,0.0000,0.0001,-0.0000,0.0000,-0.0000,0.3959,-0.0804,-0.0351,0.00,0.2722,-0.1756,0.1290,0.0852
19.400,detect,-0.60006,0.36406,0.64462,0.59086,0.08951,0.90010,-0.59877,0.36821,0.64520,0.58702,0.08800,0.89417,-0.59877,0.36821,0.64520,0.58702,0.08800,0.89417,0.0000,0.0001,-0.0000,0.0000,-0.0000,0.3959,-0.0804,-0.0351,0.00,0.2722,-0.1756,0.1290,0.0852
19.420,detect,-0.60006,0.36406,0.64462,0.59086,0.08951,0.90010,-0.59877,0.36821,0.64520,0.58702,0.08800,0.89417,-0.59877,0.36821,0.64520,0.58702,0.08800,0.89417,0.0000,0.0001,-0.0000,0.0000,-0.0000,0.3959,-0.0804,-0.0351,0.00,0.2722,-0.1756,0.1290,0.0852
19.440,detect,-0.60006,0.36406,0.64462,0.59086,0.08951,0.90010,-0.59877,0.36821,0.64520,0.58702,0.08800,0.89417,-0.59877,0.36821,0.64520,0.58702,0.08800,0.89417,0.0000,0.0001,-0.0000,0.0000,-0.0000,0.3959,-0.0804,-0.0351,0.00,0.2722,-0.1756,0.1290,0.0852
19.460,detect,-0.60006,0.36406,0.64462,0.59086,0.08951,0.90010,-0.59877,0.36821,0.64520,0.58702,0.08800,0.89417,-0.59877,0.36821,0.64520,0.58702,0.08800,0.89417,0.0000,0.0001,-0.0000,0.0000,-0.0000,0.3959,-0.0804,-0.0351,0.00,0.2722,-0.1756,0.1290,0.0852
19.480,detect,-0.60006,0.36406,0.64462,0.59086,0.08951,0.90010,-0.59877,0.36821,0.64520,0.58702,0.08800,0.89417,-0.59877,0.36821,0.64520,0.58702,0.08800,0.89417,0.0000,0.0001,-0.0000,0.0000,-0.0000,0.3959,-0.0804,-0.0351,0.00,0.2722,-0.1756,0.1290,0.0852
19.500,detect,-0.60006,0.36406,0.64462,0.59086,0.08951,0.90010,-0.59877,0.36821,0.64520,0.58702,0.08800,0.89417,-0.59877,0.36821,0.64520,0.58702,0.08800,0.89417,0.0000,0.0001,-0.0000,0.0000,-0.0000,0.3959,-0.0804,-0.0351,0.00,0.2722,-0.1756,0.1290,0.0852
19.520,detect,-0.60006,0.36406,0.64462,0.59086,0.08951,0.90010,-0.59877,0.36821,0.64520,0.58702,0.08800,0.89417,-0.59877,0.36821,0.64520,0.58702,0.08800,0.89417,0.0000,0.0001,-0.0000,0.0000,-0.0000,0.3959,-0.0804,-0.0351,0.00,0.2722,-0.1756,0.1290,0.0852
19.540,detect,-0.60006,0.36406,0.64462,0.59086,0.08951,0.90010,-0.59877,0.36821,0.64520,0.58702,0.08800,0.89417,-0.59877,0.36821,0.64520,0.58702,0.08800,0.89417,0.0000,0.0001,-0.0000,0.0000,-0.0000,0.3959,-0.0804,-0.0351,0.00,0.2722,-0.1756,0.1290,0.0852
19.560,detect,-0.60006,0.36406,0.64462,0.59086,0.08951,0.90010,-0.59877,0.36821,0.64520,0.58702,0.08800,0.89417,-0.59877,0.36821,0.64520,0.58702,0.08800,0.89417,0.0000,0.0001,-0.0000,0.0000,-0.0000,0.3959,-0.0804,-0.0351,0.00,0.2722,-0.1756,0.1290,0.0852
19.580,detect,-0.60006,0.36406,0.64462,0.59086,0.08951,0.90010,-0.59877,0.36821,0.64520,0.58702,0.08800,0.89417,-0.59877,0.36821,0.64520,0.58702,0.08800,0.89417,0.0000,0.0001,-0.0000,0.0000,-0.0000,0.3959,-0.0804,-0.0351,0.00,0.2722,-0.1756,0.1290,0.0852
19.600,detect,-0.60006,0.36406,0.64462,0.59086,0.08951,0.90010,-0.59877,0.36821,0.64520,0.58702,0.08800,0.89417,-0.59877,0.36821,0.64520,0.58702,0.08800,0.89417,0.0000,0.0001,-0.0000,0.0000,-0.0000,0.3959,-0.0804,-0.0351,0.00,0.2722,-0.1756,0.1290,0.0852
19.620,detect,-0.60006,0.36406,0.64462,0.59086,0.08951,0.90010,-0.59877,0.36821,0.64520,0.58702,0.08800,0.89417,-0.59877,0.36821,0.64520,0.58702,0.08800,0.89417,0.0000,0.0001,-0.0000,0.0000,-0.0000,0.3959,-0.0804,-0.0351,0.00,0.2722,-0.1756,0.1290,0.0852
19.640,detect,-0.60006,0.36406,0.64462,0.59086,0.08951,0.90010,-0.59877,0.36821,0.64520,0.58702,0.08800,0.89417,-0.59877,0.36821,0.64520,0.58702,0.08800,0.89417,0.0000,0.0001,-0.0000,0.0000,-0.0000,0.3959,-0.0804,-0.0351,0.00,0.2722,-0.1756,0.1290,0.0852
19.660,detect,-0.60006,0.36406,0.64462,0.59086,0.08951,0.90010,-0.59877,0.36821,0.64520,0.58702,0.08800,0.89417,-0.59877,0.36821,0.64520,0.58702,0.08800,0.89417,0.0000,0.0001,-0.0000,0.0000,-0.0000,0.3959,-0.0804,-0.0351,0.00,0.2722,-0.1756,0.1290,0.0852
19.680,detect,-0.60006,0.36406,0.64462,0.59086,0.08951,0.90010,-0.59877,0.36821,0.64520,0.58702,0.08800,0.89417,-0.59877,0.36821,0.64520,0.58702,0.08800,0.89417,0.0000,0.0001,-0.0000,0.0000,-0.0000,0.3959,-0.0804,-0.0351,0.00,0.2722,-0.1756,0.1290,0.0852
19.700,detect,-0.60006,0.36406,0.64462,0.59086,0.08951,0.90010,-0.59877,0.36821,0.64520,0.58702,0.08800,0.89417,-0.59877,0.36821,0.64520,0.58702,0.08800,0.89417,0.0000,0.0001,-0.0000,0.0000,-0.0000,0.3959,-0.0804,-0.0351,0.00,0.2722,-0.1756,0.1290,0.0852
19.720,detect,-0.60006,0.36406,0.64462,0.59086,0.08951,0.90010,-0.59877,0.36821,0.64520,0.58702,0.08800,0.89417,-0.59877,0.36821,0.64520,0.58702,0.08800,0.89417,0.0000,0.0001,-0.0000,0.0000,-0.0000,0.3959,-0.0804,-0.0351,0.00,0.2722,-0.1756,0.1290,0.0852
19.740,detect,-0.60006,0.36406,0.64462,0.59086,0.08951,0.90010,-0.59877,0.36821,0.64520,0.58702,0.08800,0.89417,-0.59877,0.36821,0.64520,0.58702,0.08800,0.89417,0.0000,0.0001,-0.0000,0.0000,-0.0000,0.3959,-0.0804,-0.0351,0.00,0.2722,-0.1756,0.1290,0.0852
19.760,detect,-0.60006,0.36406,0.64462,0.59086,0.08951,0.90010,-0.59877,0.36821,0.64520,0.58702,0.08800,0.89417,-0.59877,0.36821,0.64520,0.58702,0.08800,0.89417,0.0000,0.0001,-0.0000,0.0000,-0.0000,0.3959,-0.0804,-0.0351,0.00,0.2722,-0.1756,0.1290,0.0852
19.780,detect,-0.60006,0.36406,0.64462,0.59086,0.08951,0.90010,-0.59877,0.36821,0.64520,0.58702,0.08800,0.89417,-0.59877,0.36821,0.64520,0.58702,0.08800,0.89417,0.0000,0.0001,-0.0000,0.0000,-0.0000,0.3959,-0.0804,-0.0351,0.00,0.2722,-0.1756,0.1290,0.0852
19.800,detect,-0.60006,0.36406,0.64462,0.59086,0.08951,0.90010,-0.59877,0.36821,0.64520,0.58702,0.08800,0.89417,-0.59877,0.36821,0.64520,0.58702,0.08800,0.89417,0.0000,0.0001,-0.0000,0.0000,-0.0000,0.3959,-0.0804,-0.0351,0.00,0.2722,-0.1756,0.1290,0.0852
19.820,detect,-0.60006,0.36406,0.64462,0.59086,0.08951,0.90010,-0.59877,0.36821,0.64520,0.58702,0.08800,0.89417,-0.59877,0.36821,0.64520,0.58702,0.08800,0.89417,0.0000,0.0001,-0.0000,0.0000,-0.0000,0.3959,-0.0804,-0.0351,0.00,0.2722,-0.1756,0.1290,0.0852
19.840,detect,-0.60006,0.36406,0.64462,0.59086,0.08951,0.90010,-0.59877,0.36821,0.64520,0.58702,0.08800,0.89417,-0.59877,0.36821,0.64520,0.58702,0.08800,0.89417,0.0000,0.0001,-0.0000,0.0000,-0.0000,0.3959,-0.0804,-0.0351,0.00,0.2722,-0.1756,0.1290,0.0852
19.860,detect,-0.60006,0.36406,0.64462,0.59086,0.08951,0.90010,-0.59877,0.36821,0.64520,0.58702,0.08800,0.89417,-0.59877,0.36821,0.64520,0.58702,0.08800,0.89417,0.0000,0.0001,-0.0000,0.0000,-0.0000,0.3959,-0.0804,-0.0351,0.00,0.2722,-0.1756,0.1290,0.0852
19.880,detect,-0.60006,0.36406,0.64462,0.59086,0.08951,0.90010,-0.59877,0.36821,0.64520,0.58702,0.08800,0.89417,-0.59877,0.36821,0.64520,0.58702,0.08800,0.89417,0.0000,0.0001,-0.0000,0.0000,-0.0000,0.3959,-0.0804,-0.0351,0.00,0.2722,-0.1756,0.1290,0.0852
19.900,detect,-0.60006,0.36406,0.64462,0.59086,0.08951,0.90010,-0.59877,0.36821,0.64520,0.58702,0.08800,0.89417,-0.59877,0.36821,0.64520,0.58702,0.08800,0.89417,0.0000,0.0001,-0.0000,0.0000,-0.0000,0.3959,-0.0804,-0.0351,0.00,0.2722,-0.1756,0.1290,0.0852
19.920,detect,-0.60006,0.36406,0.64462,0.59086,0.08951,0.90010,-0.59877,0.36821,0.64520,0.58702,0.08800,0.89417,-0.59877,0.36821,0.64520,0.58702,0.08800,0.89417,0.0000,0.0001,-0.0000,0.0000,-0.0000,0.3959,-0.0804,-0.0351,0.00,0.2722,-0.1756,0.1290,0.0852
19.940,detect,-0.60006,0.36406,0.64462,0.59086,0.08951,0.90010,-0.59877,0.36821,0.64520,0.58702,0.08800,0.89417,-0.59877,0.36821,0.64520,0.58702,0.08800,0.89417,0.0000,0.0001,-0.0000,0.0000,-0.0000,0.3959,-0.0804,-0.0351,0.00,0.2722,-0.1756,0.1290,0.0852
19.960,detect,-0.60006,0.36406,0.64462,0.59086,0.08951,0.90010,-0.59877,0.36821,0.64520,0.58702,0.08800,0.89417,-0.59877,0.36821,0.64520,0.58702,0.08800,0.89417,0.0000,0.0001,-0.0000,0.0000,-0.0000,0.3959,-0.0804,-0.0351,0.00,0.2722,-0.1756,0.1290,0.0852
19.980,detect,-0.60006,0.36406,0.64462,0.59086,0.08951,0.90010,-0.59877,0.36821,0.64520,0.58702,0.08800,0.89417,-0.59877,0.36821,0.64520,0.58702,0.08800,0.89417,0.0000,0.0001,-0.0000,0.0000,-0.0000,0.3959,-0.0804,-0.0351,0.00,0.2722,-0.1756,0.1290,0.0852
20.000,detect,-0.60006,0.36406,0.64462,0.59086,0.08951,0.90010,-0.59877,0.36821,0.64520,0.58702,0.08800,0.89417,-0.59877,0.36821,0.64520,0.58702,0.08800,0.89417,0.0000,0.0001,-0.0000,0.0000,-0.0000,0.3959,-0.0804,-0.0351,0.00,0.2722,-0.1756,0.1290,0.0852
20.020,detect,-0.60006,0.36406,0.64462,0.59086,0.08951,0.90010,-0.59877,0.36821,0.64520,0.58702,0.08800,0.89417,-0.59877,0.36821,0.64520,0.58702,0.08800,0.89417,0.0000,0.0001,-0.0000,0.0000,-0.0000,0.3959,-0.0804,-0.0351,0.00,0.2722,-0.1756,0.1290,0.0852
20.040,detect,-0.60006,0.36406,0.64462,0.59086,0.08951,0.90010,-0.59877,0.36821,0.64520,0.58702,0.08800,0.89417,-0.59877,0.36821,0.64520,0.58702,0.08800,0.89417,0.0000,0.0001,-0.0000,0.0000,-0.0000,0.3959,-0.0804,-0.0351,0.00,0.2722,-0.1756,0.1290,0.0852
20.060,failed,-0.60006,0.36406,0.64462,0.59086,0.08951,0.90010,-0.59877,0.36821,0.64520,0.58702,0.08800,0.89417,-0.59877,0.36821,0.64520,0.58702,0.08800,0.89417,0.0000,0.0001,-0.0000,0.0000,-0.0000,0.3959,-0.0804,-0.0351,0.00,0.2722,-0.1756,0.1290,0.0852
