attempt,step,time_s,phase,jaw_centre_error_m,lateral_error_m,along_error_m,tip_goal_error_m,jaw_command_m,approach_elevation_deg,jaw_tilt_deg,base_height_m,base_shift_m,base_yaw_deg,finger_contact_n,forearm_contact_n,fell,door_deg,handle_deg
0,0,0.0,spawn,0.01231,0.01228,0.00088,0.01201,0.00024,-2.88,5.22,0.3504,0.0009,-0.083,0.0,0.0,0,0.0,-0.0
1,0,0.0,spawn,0.01231,0.01228,0.00088,0.01201,0.00024,-2.88,5.22,0.3504,0.0009,-0.083,0.0,0.0,0,0.0,-0.0
2,0,0.0,spawn,0.01231,0.01228,0.00088,0.01201,0.00024,-2.88,5.22,0.3504,0.0009,-0.083,0.0,0.0,0,0.0,-0.0
3,0,0.0,spawn,0.01231,0.01228,0.00088,0.01201,0.00024,-2.88,5.22,0.3504,0.0009,-0.083,0.0,0.0,0,0.0,-0.0
0,1,0.02,spawn,0.02263,0.02244,0.00288,0.02204,0.00048,-3.46,9.95,0.35,0.0017,-0.087,0.0,0.0,0,0.0,-0.0
1,1,0.02,spawn,0.02263,0.02244,0.00288,0.02204,0.00048,-3.46,9.95,0.35,0.0017,-0.087,0.0,0.0,0,0.0,-0.0
2,1,0.02,spawn,0.02263,0.02244,0.00288,0.02204,0.00048,-3.46,9.95,0.35,0.0017,-0.087,0.0,0.0,0,0.0,-0.0
3,1,0.02,spawn,0.02263,0.02244,0.00288,0.02204,0.00048,-3.46,9.95,0.35,0.0017,-0.087,0.0,0.0,0,0.0,-0.0
0,2,0.04,spawn,0.02094,0.02091,0.00112,0.01997,0.00072,-1.9,15.11,0.3484,0.0024,-0.106,0.0,0.0,0,0.0,-0.0
1,2,0.04,spawn,0.02094,0.02091,0.00112,0.01997,0.00072,-1.9,15.11,0.3484,0.0024,-0.106,0.0,0.0,0,0.0,-0.0
2,2,0.04,spawn,0.02094,0.02091,0.00112,0.01997,0.00072,-1.9,15.11,0.3484,0.0024,-0.106,0.0,0.0,0,0.0,-0.0
3,2,0.04,spawn,0.02094,0.02091,0.00112,0.01997,0.00072,-1.9,15.11,0.3484,0.0024,-0.106,0.0,0.0,0,0.0,-0.0
0,3,0.06,spawn,0.01924,0.01856,-0.00509,0.01797,0.00096,-0.28,20.51,0.3457,0.003,-0.122,0.0,0.0,0,0.0,-0.0
1,3,0.06,spawn,0.01924,0.01856,-0.00508,0.01797,0.00096,-0.28,20.51,0.3457,0.003,-0.122,0.0,0.0,0,0.0,-0.0
2,3,0.06,spawn,0.01924,0.01856,-0.00509,0.01797,0.00096,-0.28,20.51,0.3457,0.003,-0.122,0.0,0.0,0,0.0,-0.0
3,3,0.06,spawn,0.01924,0.01856,-0.00508,0.01797,0.00096,-0.28,20.51,0.3457,0.003,-0.122,0.0,0.0,0,0.0,-0.0
0,4,0.08,spawn,0.01686,0.01332,-0.01033,0.01587,0.0012,1.53,25.91,0.3425,0.0036,-0.108,0.0,0.0,0,0.0,-0.0
1,4,0.08,spawn,0.01684,0.01331,-0.01032,0.01586,0.0012,1.54,25.91,0.3425,0.0036,-0.107,0.0,0.0,0,0.0,-0.0
2,4,0.08,spawn,0.01684,0.0133,-0.01032,0.01586,0.0012,1.54,25.91,0.3425,0.0036,-0.107,0.0,0.0,0,0.0,-0.0
3,4,0.08,spawn,0.01686,0.01332,-0.01033,0.01587,0.0012,1.53,25.91,0.3425,0.0036,-0.108,0.0,0.0,0,0.0,-0.0
0,5,0.1,spawn,0.01609,0.00672,-0.01462,0.0158,0.00144,3.13,31.28,0.3391,0.0044,-0.086,0.0,0.0,0,0.0,-0.0
1,5,0.1,spawn,0.0161,0.00673,-0.01462,0.01581,0.00144,3.13,31.28,0.3391,0.0044,-0.086,0.0,0.0,0,0.0,-0.0
2,5,0.1,spawn,0.0161,0.00673,-0.01462,0.01581,0.00144,3.13,31.28,0.3391,0.0044,-0.086,0.0,0.0,0,0.0,-0.0
3,5,0.1,spawn,0.01609,0.00672,-0.01462,0.0158,0.00144,3.13,31.28,0.3391,0.0044,-0.086,0.0,0.0,0,0.0,-0.0
0,6,0.12,spawn,0.01414,0.00372,-0.01364,0.01469,0.00168,4.55,36.47,0.3356,0.0054,-0.045,0.0,0.0,0,0.0,-0.0
1,6,0.12,spawn,0.01414,0.00372,-0.01364,0.01469,0.00168,4.55,36.47,0.3357,0.0054,-0.045,0.0,0.0,0,0.0,-0.0
2,6,0.12,spawn,0.01414,0.00371,-0.01364,0.01469,0.00168,4.55,36.47,0.3357,0.0054,-0.045,0.0,0.0,0,0.0,-0.0
3,6,0.12,spawn,0.01414,0.00372,-0.01364,0.01469,0.00168,4.55,36.47,0.3356,0.0054,-0.045,0.0,0.0,0,0.0,-0.0
0,7,0.14,spawn,0.01732,0.01369,-0.0106,0.01857,0.00192,5.42,41.49,0.3325,0.0065,0.005,0.0,0.0,0,0.0,-0.0
1,7,0.14,spawn,0.01731,0.01368,-0.0106,0.01856,0.00192,5.43,41.48,0.3325,0.0065,0.004,0.0,0.0,0,0.0,-0.0
2,7,0.14,spawn,0.01731,0.01368,-0.01061,0.01856,0.00192,5.43,41.48,0.3325,0.0065,0.004,0.0,0.0,0,0.0,-0.0
3,7,0.14,spawn,0.01732,0.01369,-0.0106,0.01857,0.00192,5.43,41.49,0.3325,0.0065,0.005,0.0,0.0,0,0.0,-0.0
0,8,0.16,spawn,0.01609,0.014,-0.00794,0.01671,0.00216,7.04,46.2,0.3295,0.0075,-0.013,0.0,0.0,0,0.0,-0.0
1,8,0.16,spawn,0.01608,0.01399,-0.00794,0.0167,0.00216,7.04,46.2,0.3295,0.0075,-0.013,0.0,0.0,0,0.0,-0.0
2,8,0.16,spawn,0.01608,0.01398,-0.00794,0.0167,0.00216,7.04,46.2,0.3295,0.0075,-0.013,0.0,0.0,0,0.0,-0.0
3,8,0.16,spawn,0.01609,0.014,-0.00794,0.01671,0.00216,7.04,46.2,0.3295,0.0075,-0.013,0.0,0.0,0,0.0,-0.0
0,9,0.18,spawn,0.01499,0.0131,-0.00727,0.01501,0.0024,8.74,50.89,0.3267,0.0085,-0.043,0.0,0.0,0,0.0,-0.0
1,9,0.18,spawn,0.01498,0.0131,-0.00726,0.015,0.0024,8.74,50.89,0.3267,0.0085,-0.043,0.0,0.0,0,0.0,-0.0
2,9,0.18,spawn,0.01498,0.0131,-0.00726,0.015,0.0024,8.74,50.89,0.3267,0.0085,-0.043,0.0,0.0,0,0.0,-0.0
3,9,0.18,spawn,0.01499,0.0131,-0.00727,0.01501,0.0024,8.74,50.89,0.3267,0.0085,-0.043,0.0,0.0,0,0.0,-0.0
0,10,0.2,spawn,0.01419,0.0127,-0.00632,0.01427,0.00264,9.43,55.49,0.3244,0.0095,-0.062,0.0,0.0,0,0.0,-0.0
1,10,0.2,spawn,0.01419,0.01271,-0.00631,0.01427,0.00264,9.43,55.49,0.3244,0.0095,-0.062,0.0,0.0,0,0.0,-0.0
2,10,0.2,spawn,0.01419,0.01271,-0.00631,0.01427,0.00264,9.43,55.49,0.3244,0.0095,-0.062,0.0,0.0,0,0.0,-0.0
3,10,0.2,spawn,0.01419,0.0127,-0.00633,0.01427,0.00264,9.43,55.49,0.3244,0.0095,-0.062,0.0,0.0,0,0.0,-0.0
0,11,0.22,spawn,0.01366,0.01338,-0.00275,0.01382,0.00288,9.65,59.95,0.3224,0.0106,-0.071,0.0,0.0,0,0.0,-0.0
1,11,0.22,spawn,0.01367,0.01339,-0.00274,0.01383,0.00288,9.65,59.95,0.3224,0.0106,-0.071,0.0,0.0,0,0.0,-0.0
2,11,0.22,spawn,0.01367,0.01339,-0.00274,0.01383,0.00288,9.66,59.95,0.3224,0.0106,-0.071,0.0,0.0,0,0.0,-0.0
3,11,0.22,spawn,0.01366,0.01338,-0.00275,0.01382,0.00288,9.65,59.95,0.3224,0.0106,-0.071,0.0,0.0,0,0.0,-0.0
0,12,0.24,spawn,0.01296,0.01294,0.00079,0.01356,0.00312,10.19,64.42,0.3207,0.0117,-0.124,0.0,0.0,0,0.0,-0.0
1,12,0.24,spawn,0.01298,0.01295,0.0008,0.01358,0.00312,10.19,64.42,0.3207,0.0117,-0.125,0.0,0.0,0,0.0,-0.0
2,12,0.24,spawn,0.01298,0.01295,0.0008,0.01358,0.00312,10.19,64.42,0.3207,0.0117,-0.124,0.0,0.0,0,0.0,-0.0
3,12,0.24,spawn,0.01296,0.01294,0.00079,0.01356,0.00312,10.19,64.42,0.3207,0.0117,-0.124,0.0,0.0,0,0.0,-0.0
0,13,0.26,spawn,0.01281,0.0125,0.00279,0.01416,0.00336,10.45,68.71,0.3193,0.0128,-0.169,0.0,0.0,0,0.0,-0.0
1,13,0.26,spawn,0.01283,0.01252,0.00279,0.01418,0.00336,10.46,68.71,0.3193,0.0128,-0.169,0.0,0.0,0,0.0,-0.0
2,13,0.26,spawn,0.01284,0.01253,0.00279,0.01418,0.00336,10.46,68.71,0.3193,0.0128,-0.169,0.0,0.0,0,0.0,-0.0
3,13,0.26,spawn,0.01281,0.0125,0.00279,0.01416,0.00336,10.45,68.71,0.3193,0.0128,-0.169,0.0,0.0,0,0.0,-0.0
0,14,0.28,spawn,0.00977,0.00913,0.00348,0.01176,0.0036,9.83,73.06,0.3182,0.0137,-0.208,0.0,0.0,0,0.0,-0.0
1,14,0.28,spawn,0.00977,0.00913,0.00349,0.01176,0.0036,9.83,73.06,0.3182,0.0137,-0.208,0.0,0.0,0,0.0,-0.0
2,14,0.28,spawn,0.00977,0.00913,0.00349,0.01176,0.0036,9.83,73.06,0.3182,0.0137,-0.208,0.0,0.0,0,0.0,-0.0
3,14,0.28,spawn,0.00977,0.00913,0.00348,0.01176,0.0036,9.83,73.06,0.3182,0.0137,-0.208,0.0,0.0,0,0.0,-0.0
0,15,0.3,spawn,0.00803,0.00624,0.00506,0.01103,0.00384,9.35,77.09,0.3173,0.0146,-0.245,0.0,0.0,0,0.0,-0.0
1,15,0.3,spawn,0.00802,0.00622,0.00506,0.01102,0.00384,9.35,77.09,0.3173,0.0146,-0.245,0.0,0.0,0,0.0,-0.0
2,15,0.3,spawn,0.00802,0.00622,0.00506,0.01102,0.00384,9.35,77.09,0.3173,0.0146,-0.245,0.0,0.0,0,0.0,-0.0
3,15,0.3,spawn,0.00803,0.00623,0.00506,0.01103,0.00384,9.35,77.09,0.3173,0.0146,-0.245,0.0,0.0,0,0.0,-0.0
0,16,0.32,spawn,0.00862,0.00447,0.00738,0.01195,0.00408,8.98,80.19,0.3166,0.0154,-0.275,0.0,0.0,0,0.0,-0.0
1,16,0.32,spawn,0.00862,0.00446,0.00738,0.01194,0.00408,8.98,80.19,0.3166,0.0154,-0.275,0.0,0.0,0,0.0,-0.0
2,16,0.32,spawn,0.00862,0.00445,0.00738,0.01194,0.00408,8.98,80.19,0.3166,0.0154,-0.275,0.0,0.0,0,0.0,-0.0
3,16,0.32,spawn,0.00862,0.00446,0.00737,0.01195,0.00408,8.98,80.19,0.3166,0.0154,-0.275,0.0,0.0,0,0.0,-0.0
0,17,0.34,spawn,0.01033,0.00247,0.01002,0.01257,0.00432,8.22,81.74,0.3162,0.0163,-0.279,0.0,0.0,0,0.0,-0.0
1,17,0.34,spawn,0.01033,0.00248,0.01003,0.01257,0.00432,8.22,81.74,0.3162,0.0163,-0.28,0.0,0.0,0,0.0,-0.0
2,17,0.34,spawn,0.01033,0.00247,0.01003,0.01257,0.00432,8.22,81.74,0.3162,0.0163,-0.28,0.0,0.0,0,0.0,-0.0
3,17,0.34,spawn,0.01032,0.00248,0.01002,0.01257,0.00432,8.22,81.74,0.3162,0.0163,-0.28,0.0,0.0,0,0.0,-0.0
0,18,0.36,spawn,0.01359,0.00525,0.01254,0.01479,0.00456,7.49,80.6,0.316,0.017,-0.311,0.0,0.0,0,0.0,-0.0
1,18,0.36,spawn,0.0136,0.00526,0.01254,0.0148,0.00456,7.5,80.6,0.316,0.017,-0.311,0.0,0.0,0,0.0,-0.0
2,18,0.36,spawn,0.0136,0.00526,0.01254,0.0148,0.00456,7.49,80.6,0.316,0.017,-0.311,0.0,0.0,0,0.0,-0.0
3,18,0.36,spawn,0.01358,0.00522,0.01253,0.01478,0.00456,7.49,80.6,0.316,0.017,-0.311,0.0,0.0,0,0.0,-0.0
0,19,0.38,spawn,0.01622,0.00608,0.01503,0.01642,0.0048,6.58,77.75,0.3158,0.0178,-0.306,0.0,0.0,0,0.0,-0.0
1,19,0.38,spawn,0.01621,0.00607,0.01504,0.01642,0.0048,6.59,77.75,0.3158,0.0178,-0.306,0.0,0.0,0,0.0,-0.0
2,19,0.38,spawn,0.01623,0.0061,0.01504,0.01643,0.0048,6.58,77.75,0.3158,0.0178,-0.307,0.0,0.0,0,0.0,-0.0
3,19,0.38,spawn,0.01619,0.00603,0.01503,0.0164,0.0048,6.58,77.75,0.3158,0.0178,-0.306,0.0,0.0,0,0.0,-0.0
0,20,0.4,spawn,0.01838,0.00556,0.01752,0.01757,0.00504,5.46,74.15,0.3157,0.0185,-0.276,0.0,0.0,0,0.0,-0.0
1,20,0.4,spawn,0.01837,0.00553,0.01752,0.01757,0.00504,5.46,74.15,0.3157,0.0185,-0.276,0.0,0.0,0,0.0,-0.0
2,20,0.4,spawn,0.01839,0.00557,0.01752,0.01758,0.00504,5.46,74.15,0.3157,0.0185,-0.277,0.0,0.0,0,0.0,-0.0
3,20,0.4,spawn,0.01836,0.0055,0.01752,0.01756,0.00504,5.46,74.15,0.3157,0.0185,-0.276,0.0,0.0,0,0.0,-0.0
0,21,0.42,spawn,0.02051,0.00586,0.01965,0.0189,0.00528,4.25,70.13,0.3156,0.0192,-0.224,0.0,0.0,0,0.0,-0.0
1,21,0.42,spawn,0.0205,0.00585,0.01965,0.0189,0.00528,4.25,70.13,0.3156,0.0192,-0.224,0.0,0.0,0,0.0,-0.0
2,21,0.42,spawn,0.02052,0.00588,0.01966,0.01891,0.00528,4.25,70.13,0.3156,0.0192,-0.225,0.0,0.0,0,0.0,-0.0
3,21,0.42,spawn,0.0205,0.00584,0.01965,0.0189,0.00528,4.25,70.13,0.3156,0.0192,-0.224,0.0,0.0,0,0.0,-0.0
0,22,0.44,spawn,0.02087,0.00465,0.02034,0.02003,0.00552,3.98,71.53,0.3154,0.0198,-0.154,0.0,0.0,0,0.0,-0.0
1,22,0.44,spawn,0.02086,0.00467,0.02033,0.02003,0.00552,3.98,71.52,0.3154,0.0198,-0.154,0.0,0.0,0,0.0,-0.0
2,22,0.44,spawn,0.02088,0.00466,0.02035,0.02004,0.00552,3.98,71.53,0.3154,0.0198,-0.154,0.0,0.0,0,0.0,-0.0
3,22,0.44,spawn,0.02086,0.00467,0.02033,0.02002,0.00552,3.98,71.52,0.3154,0.0198,-0.154,0.0,0.0,0,0.0,-0.0
0,23,0.46,spawn,0.0216,0.01076,0.01873,0.02087,0.00576,3.85,76.56,0.3152,0.0204,-0.139,0.0,0.0,0,0.0,-0.0
1,23,0.46,spawn,0.02163,0.01082,0.01873,0.0209,0.00576,3.86,76.56,0.3152,0.0204,-0.139,0.0,0.0,0,0.0,-0.0
2,23,0.46,spawn,0.02161,0.01075,0.01874,0.02088,0.00576,3.85,76.56,0.3152,0.0204,-0.139,0.0,0.0,0,0.0,-0.0
3,23,0.46,spawn,0.02162,0.0108,0.01872,0.02088,0.00576,3.85,76.55,0.3152,0.0204,-0.139,0.0,0.0,0,0.0,-0.0
0,24,0.48,spawn,0.02149,0.00964,0.01921,0.02141,0.006,3.9,81.67,0.315,0.0211,-0.072,0.0,0.0,0,0.0,-0.0
1,24,0.48,spawn,0.02153,0.00971,0.01922,0.02145,0.006,3.9,81.66,0.315,0.0211,-0.072,0.0,0.0,0,0.0,-0.0
2,24,0.48,spawn,0.02149,0.00962,0.01921,0.02141,0.006,3.9,81.67,0.315,0.0211,-0.072,0.0,0.0,0,0.0,-0.0
3,24,0.48,spawn,0.02151,0.00969,0.01921,0.02142,0.006,3.89,81.66,0.315,0.0211,-0.072,0.0,0.0,0,0.0,-0.0
0,25,0.5,spawn,0.02081,0.00687,0.01964,0.02062,0.00624,3.7,85.94,0.3149,0.0218,0.0,0.0,0.0,0,0.0,-0.0
1,25,0.5,spawn,0.0208,0.00689,0.01963,0.02061,0.00624,3.7,85.93,0.3149,0.0218,-0.0,0.0,0.0,0,0.0,-0.0
2,25,0.5,spawn,0.02081,0.00689,0.01963,0.02061,0.00624,3.69,85.94,0.3149,0.0218,0.0,0.0,0.0,0,0.0,-0.0
3,25,0.5,spawn,0.0208,0.00686,0.01963,0.0206,0.00624,3.7,85.93,0.3149,0.0218,0.0,0.0,0.0,0,0.0,-0.0
0,26,0.52,spawn,0.02021,0.00425,0.01975,0.02038,0.00648,3.4,86.6,0.3148,0.0225,0.062,0.0,0.0,0,0.0,-0.0
1,26,0.52,spawn,0.0202,0.00421,0.01975,0.02038,0.00648,3.43,86.56,0.3148,0.0225,0.062,0.0,0.0,0,0.0,-0.0
2,26,0.52,spawn,0.02019,0.00425,0.01974,0.02035,0.00648,3.36,86.62,0.3148,0.0225,0.062,0.0,0.0,0,0.0,-0.0
3,26,0.52,spawn,0.02019,0.00422,0.01975,0.02037,0.00648,3.43,86.56,0.3148,0.0225,0.062,0.0,0.0,0,0.0,-0.0
0,27,0.54,spawn,0.01886,0.00687,0.01757,0.01914,0.00672,2.81,85.81,0.3146,0.023,0.084,0.0,0.0,0,0.0,-0.0
1,27,0.54,spawn,0.01891,0.00704,0.01755,0.01915,0.00672,2.81,85.72,0.3147,0.023,0.083,0.0,0.0,0,0.0,-0.0
2,27,0.54,spawn,0.01879,0.00661,0.01759,0.0191,0.00672,2.82,85.94,0.3147,0.0231,0.084,0.0,0.0,0,0.0,-0.0
3,27,0.54,spawn,0.01891,0.00707,0.01754,0.01914,0.00672,2.8,85.68,0.3147,0.0231,0.084,0.0,0.0,0,0.0,-0.0
0,28,0.56,spawn,0.01614,0.0048,0.01541,0.01661,0.00696,2.41,85.49,0.3145,0.0235,0.15,0.0,0.0,0,0.0,-0.0
1,28,0.56,spawn,0.0161,0.00478,0.01537,0.01651,0.00696,2.41,85.44,0.3145,0.0235,0.152,0.0,0.0,0,0.0,-0.0
2,28,0.56,spawn,0.0163,0.00506,0.01549,0.01685,0.00696,2.43,85.59,0.3145,0.0236,0.146,0.0,0.0,0,0.0,-0.0
3,28,0.56,spawn,0.01609,0.00481,0.01536,0.01648,0.00696,2.39,85.4,0.3145,0.0236,0.153,0.0,0.0,0,0.0,-0.0
0,29,0.58,spawn,0.01659,0.00816,0.01445,0.01617,0.0072,1.06,86.13,0.3144,0.024,0.175,0.0,0.0,0,0.0,-0.0
1,29,0.58,spawn,0.01659,0.00816,0.01444,0.01613,0.0072,1.07,86.24,0.3144,0.024,0.177,0.0,0.0,0,0.0,-0.0
2,29,0.58,spawn,0.01668,0.00818,0.01453,0.01635,0.0072,1.12,86.16,0.3144,0.0241,0.169,0.0,0.0,0,0.0,-0.0
3,29,0.58,spawn,0.01662,0.00819,0.01446,0.01615,0.0072,1.06,86.23,0.3144,0.024,0.179,0.0,0.0,0,0.0,-0.0
0,30,0.6,spawn,0.0166,0.00761,0.01476,0.01562,0.00744,0.2,88.66,0.3145,0.0245,0.253,0.0,0.0,0,0.0,-0.0
1,30,0.6,spawn,0.01659,0.00761,0.01474,0.0156,0.00744,0.22,88.77,0.3145,0.0245,0.255,0.0,0.0,0,0.0,-0.0
2,30,0.6,spawn,0.01659,0.00728,0.01491,0.01568,0.00744,0.28,88.18,0.3144,0.0245,0.246,0.0,0.0,0,0.0,-0.0
3,30,0.6,spawn,0.01661,0.00764,0.01475,0.01561,0.00744,0.22,88.68,0.3145,0.0245,0.257,0.0,0.0,0,0.0,-0.0
0,31,0.62,spawn,0.01664,0.01009,0.01324,0.0155,0.00768,-0.76,88.34,0.3144,0.0249,0.323,0.0,0.0,0,0.0,-0.0
1,31,0.62,spawn,0.01663,0.01013,0.01318,0.01547,0.00768,-0.77,88.27,0.3144,0.0249,0.324,0.0,0.0,0,0.0,-0.0
2,31,0.62,spawn,0.01669,0.00973,0.01356,0.01559,0.00768,-0.7,88.3,0.3144,0.0249,0.314,0.0,0.0,0,0.0,-0.0
3,31,0.62,spawn,0.01667,0.0102,0.01319,0.01551,0.00768,-0.79,88.31,0.3144,0.0249,0.324,0.0,0.0,0,0.0,-0.0
0,32,0.64,spawn,0.01714,0.01369,0.01032,0.01604,0.00792,-1.97,86.64,0.3143,0.0251,0.374,0.0,0.0,0,0.0,-0.0
1,32,0.64,spawn,0.01711,0.01369,0.01026,0.016,0.00792,-1.98,86.58,0.3143,0.0251,0.375,0.0,0.0,0,0.0,-0.0
2,32,0.64,spawn,0.017,0.01323,0.01067,0.01593,0.00792,-1.84,87.14,0.3143,0.0252,0.372,0.0,0.0,0,0.0,-0.0
3,32,0.64,spawn,0.01716,0.01374,0.01027,0.01605,0.00792,-1.99,86.64,0.3143,0.0251,0.377,0.0,0.0,0,0.0,-0.0
0,33,0.66,spawn,0.01988,0.01833,0.00772,0.01911,0.00816,-2.95,87.04,0.3141,0.0253,0.44,0.0,0.0,0,0.0,-0.0
1,33,0.66,spawn,0.01989,0.01835,0.00768,0.01912,0.00816,-2.96,86.98,0.3141,0.0253,0.441,0.0,0.0,0,0.0,-0.0
2,33,0.66,spawn,0.01952,0.01782,0.00796,0.01877,0.00816,-2.82,87.16,0.3141,0.0254,0.436,0.0,0.0,0,0.0,-0.0
3,33,0.66,spawn,0.01994,0.0184,0.00767,0.01917,0.00816,-2.96,86.97,0.3141,0.0253,0.443,0.0,0.0,0,0.0,-0.0
0,34,0.68,spawn,0.02563,0.02496,0.0058,0.02538,0.0084,-3.95,86.05,0.3139,0.0256,0.511,0.0,0.0,0,0.0,-0.0
1,34,0.68,spawn,0.02571,0.02505,0.00577,0.02547,0.0084,-3.97,86.02,0.3139,0.0255,0.511,0.0,0.0,0,0.0,-0.0
2,34,0.68,spawn,0.02533,0.02462,0.00598,0.02512,0.0084,-3.87,86.13,0.3139,0.0256,0.504,0.0,0.0,0,0.0,-0.0
3,34,0.68,spawn,0.0258,0.02515,0.00577,0.02557,0.0084,-3.98,86.01,0.3139,0.0256,0.513,0.0,0.0,0,0.0,-0.0
0,35,0.7,spawn,0.03229,0.03209,0.00361,0.03259,0.00864,-4.78,85.19,0.3137,0.0257,0.589,0.0,0.0,0,0.0,-0.0
1,35,0.7,spawn,0.03233,0.03213,0.00355,0.03262,0.00864,-4.79,85.21,0.3138,0.0257,0.589,0.0,0.0,0,0.0,-0.0
2,35,0.7,spawn,0.03204,0.03181,0.0038,0.03236,0.00864,-4.74,85.26,0.3138,0.0258,0.585,0.0,0.0,0,0.0,-0.0
3,35,0.7,spawn,0.03245,0.03225,0.00354,0.03275,0.00864,-4.79,85.2,0.3138,0.0257,0.592,0.0,0.0,0,0.0,-0.0
0,36,0.72,spawn,0.03808,0.03807,0.00044,0.03883,0.00888,-5.25,84.64,0.3135,0.0259,0.671,0.0,0.0,0,0.0,-0.0
1,36,0.72,spawn,0.03804,0.03804,0.00036,0.0388,0.00888,-5.25,84.69,0.3135,0.0258,0.671,0.0,0.0,0,0.0,-0.0
2,36,0.72,spawn,0.03793,0.03793,0.00075,0.03872,0.00888,-5.29,84.69,0.3136,0.0259,0.669,0.0,0.0,0,0.0,-0.0
3,36,0.72,spawn,0.03815,0.03815,0.00034,0.03891,0.00888,-5.25,84.69,0.3135,0.0259,0.674,0.0,0.0,0,0.0,-0.0
0,37,0.74,spawn,0.0436,0.04351,-0.00272,0.04473,0.00912,-5.56,84.13,0.3133,0.026,0.754,0.0,0.0,0,0.0,-0.0
1,37,0.74,spawn,0.04356,0.04347,-0.00279,0.04467,0.00912,-5.57,84.19,0.3133,0.0259,0.754,0.0,0.0,0,0.0,-0.0
2,37,0.74,spawn,0.04352,0.04345,-0.0024,0.04468,0.00912,-5.61,84.24,0.3133,0.026,0.754,0.0,0.0,0,0.0,-0.0
3,37,0.74,spawn,0.04365,0.04356,-0.00281,0.04476,0.00912,-5.57,84.19,0.3133,0.026,0.756,0.0,0.0,0,0.0,-0.0
0,38,0.76,spawn,0.0497,0.04943,-0.00516,0.05113,0.00936,-5.82,83.29,0.313,0.0261,0.842,0.0,0.0,0,0.0,-0.0
1,38,0.76,spawn,0.04969,0.04941,-0.00523,0.05112,0.00936,-5.84,83.34,0.313,0.026,0.842,0.0,0.0,0,0.0,-0.0
2,38,0.76,spawn,0.04954,0.04929,-0.00491,0.05099,0.00936,-5.85,83.52,0.3131,0.0262,0.843,0.0,0.0,0,0.0,-0.0
3,38,0.76,spawn,0.04977,0.04949,-0.00522,0.05119,0.00936,-5.84,83.27,0.313,0.026,0.844,0.0,0.0,0,0.0,-0.0
0,39,0.78,spawn,0.05543,0.05492,-0.00749,0.05722,0.0096,-5.86,80.32,0.3128,0.0261,0.938,0.0,0.0,0,0.0,-0.0
1,39,0.78,spawn,0.05544,0.05492,-0.00759,0.05723,0.0096,-5.87,80.36,0.3128,0.0261,0.938,0.0,0.0,0,0.0,-0.0
2,39,0.78,spawn,0.05515,0.05467,-0.00726,0.05696,0.0096,-5.88,80.74,0.3128,0.0262,0.94,0.0,0.0,0,0.0,-0.0
3,39,0.78,spawn,0.05551,0.05499,-0.00758,0.05729,0.0096,-5.86,80.21,0.3128,0.0261,0.94,0.0,0.0,0,0.0,-0.0
0,40,0.8,spawn,0.05977,0.0589,-0.01016,0.06196,0.00984,-5.73,76.24,0.3125,0.0262,1.031,0.0,0.0,0,0.0,-0.0
1,40,0.8,spawn,0.05979,0.0589,-0.01028,0.06197,0.00984,-5.73,76.11,0.3125,0.0261,1.031,0.0,0.0,0,0.0,-0.0
2,40,0.8,spawn,0.05961,0.05878,-0.00988,0.06181,0.00984,-5.74,76.48,0.3126,0.0263,1.033,0.0,0.0,0,0.0,-0.0
3,40,0.8,spawn,0.05985,0.05897,-0.01025,0.06203,0.00984,-5.72,76.02,0.3125,0.0262,1.033,0.0,0.0,0,0.0,-0.0
0,41,0.82,spawn,0.06319,0.06186,-0.01289,0.06579,0.01008,-5.59,71.18,0.3122,0.0262,1.118,0.0,0.0,0,0.0,-0.0
1,41,0.82,spawn,0.06319,0.06185,-0.01294,0.06579,0.01008,-5.59,70.97,0.3122,0.0261,1.118,0.0,0.0,0,0.0,-0.0
2,41,0.82,spawn,0.06312,0.06185,-0.0126,0.06572,0.01008,-5.56,71.34,0.3123,0.0263,1.119,0.0,0.0,0,0.0,-0.0
3,41,0.82,spawn,0.06326,0.06192,-0.01293,0.06585,0.01008,-5.58,70.91,0.3122,0.0262,1.12,0.0,0.0,0,0.0,-0.0
0,42,0.84,spawn,0.06641,0.06462,-0.01531,0.06945,0.01032,-5.56,65.69,0.312,0.0261,1.198,0.0,0.0,0,0.0,-0.0
1,42,0.84,spawn,0.06643,0.06463,-0.01534,0.06946,0.01032,-5.54,65.39,0.312,0.0261,1.196,0.0,0.0,0,0.0,-0.0
2,42,0.84,spawn,0.06633,0.06462,-0.015,0.06937,0.01032,-5.58,65.91,0.312,0.0263,1.196,0.0,0.0,0,0.0,-0.0
3,42,0.84,spawn,0.06649,0.0647,-0.01531,0.06951,0.01032,-5.54,65.38,0.312,0.0261,1.199,0.0,0.0,0,0.0,-0.0
0,43,0.86,spawn,0.07018,0.06799,-0.01742,0.07365,0.01056,-5.38,60.02,0.3117,0.0261,1.275,0.0,0.0,0,0.0,-0.0
1,43,0.86,spawn,0.07017,0.06796,-0.01745,0.07362,0.01056,-5.34,59.68,0.3116,0.026,1.273,0.0,0.0,0,0.0,-0.0
2,43,0.86,spawn,0.07016,0.06801,-0.01723,0.07361,0.01056,-5.41,60.25,0.3117,0.0263,1.271,0.0,0.0,0,0.0,-0.0
3,43,0.86,spawn,0.07024,0.06805,-0.01742,0.07369,0.01056,-5.35,59.7,0.3117,0.0261,1.276,0.0,0.0,0,0.0,-0.0
0,44,0.88,spawn,0.07412,0.07153,-0.0194,0.07803,0.0108,-5.11,54.46,0.3113,0.026,1.352,0.0,0.0,0,0.0,-0.0
1,44,0.88,spawn,0.07403,0.07145,-0.01938,0.07794,0.0108,-5.07,54.12,0.3113,0.026,1.351,0.0,0.0,0,0.0,-0.0
2,44,0.88,spawn,0.07407,0.0715,-0.01936,0.07796,0.0108,-5.17,54.67,0.3114,0.0262,1.346,0.0,0.0,0,0.0,-0.0
3,44,0.88,spawn,0.07413,0.07156,-0.01938,0.07803,0.0108,-5.08,54.16,0.3113,0.026,1.354,0.0,0.0,0,0.0,-0.0
0,45,0.9,spawn,0.07785,0.07479,-0.02159,0.08223,0.01104,-4.85,49.39,0.311,0.0259,1.434,0.0,0.0,0,0.0,-0.0
1,45,0.9,spawn,0.07772,0.07468,-0.02153,0.08211,0.01104,-4.81,49.08,0.311,0.0259,1.433,0.0,0.0,0,0.0,-0.0
2,45,0.9,spawn,0.07791,0.07486,-0.02159,0.08224,0.01104,-4.79,49.44,0.311,0.0261,1.426,0.0,0.0,0,0.0,-0.0
3,45,0.9,spawn,0.07786,0.07481,-0.02156,0.08223,0.01104,-4.82,49.14,0.311,0.0259,1.436,0.0,0.0,0,0.0,-0.0
0,46,0.92,spawn,0.08043,0.07696,-0.0234,0.08532,0.01128,-4.66,45.19,0.3106,0.0258,1.507,0.0,0.0,0,0.0,-0.0
1,46,0.92,spawn,0.08008,0.07662,-0.02328,0.08497,0.01128,-4.63,45.02,0.3106,0.0257,1.504,0.0,0.0,0,0.0,-0.0
2,46,0.92,spawn,0.08073,0.07729,-0.02333,0.08556,0.01128,-4.59,45.31,0.3107,0.026,1.499,0.0,0.0,0,0.0,-0.0
3,46,0.92,spawn,0.08028,0.07681,-0.02333,0.08516,0.01128,-4.65,45.05,0.3106,0.0258,1.507,0.0,0.0,0,0.0,-0.0
0,47,0.94,spawn,0.0838,0.08012,-0.02454,0.08909,0.01152,-4.33,42.69,0.3103,0.0257,1.592,0.0,0.0,0,0.0,-0.0
1,47,0.94,spawn,0.08354,0.07989,-0.02441,0.08883,0.01152,-4.29,42.97,0.3103,0.0256,1.591,0.0,0.0,0,0.0,-0.0
2,47,0.94,spawn,0.08424,0.08062,-0.02445,0.08946,0.01152,-4.31,43.06,0.3103,0.0259,1.586,0.0,0.0,0,0.0,-0.0
3,47,0.94,spawn,0.08373,0.08008,-0.02445,0.08901,0.01152,-4.3,42.8,0.3103,0.0257,1.594,0.0,0.0,0,0.0,-0.0
0,48,0.96,spawn,0.08731,0.08352,-0.02547,0.09298,0.01176,-3.92,41.15,0.3099,0.0256,1.682,0.0,0.0,0,0.0,-0.0
1,48,0.96,spawn,0.087,0.08322,-0.02538,0.09267,0.01176,-3.89,41.36,0.3099,0.0255,1.681,0.0,0.0,0,0.0,-0.0
2,48,0.96,spawn,0.08779,0.08402,-0.02543,0.09337,0.01176,-3.95,41.74,0.3099,0.0258,1.677,0.0,0.0,0,0.0,-0.0
3,48,0.96,spawn,0.08723,0.08344,-0.02541,0.09289,0.01176,-3.88,41.19,0.3099,0.0256,1.683,0.0,0.0,0,0.0,-0.0
0,49,0.98,stand,0.08974,0.07828,-0.04387,0.0958,0.012,-3.63,40.09,0.3095,0.0255,1.759,0.0,0.0,0,0.0,-0.0
1,49,0.98,stand,0.08917,0.08563,-0.02488,0.09525,0.012,-3.62,40.25,0.3095,0.0254,1.754,0.0,0.0,0,0.0,-0.0
2,49,0.98,stand,0.09006,0.08597,-0.02685,0.09606,0.012,-3.74,40.69,0.3095,0.0257,1.754,0.0,0.0,0,0.0,-0.0
3,49,0.98,stand,0.08947,0.08182,-0.03619,0.09553,0.012,-3.61,40.11,0.3095,0.0255,1.758,0.0,0.0,0,0.0,-0.0
0,50,1.0,stand,0.09106,0.07978,-0.04389,0.09763,0.012,-3.6,39.26,0.3091,0.0254,1.827,0.0,0.0,0,0.0,-0.0
1,50,1.0,stand,0.09057,0.08716,-0.02462,0.09715,0.012,-3.57,39.42,0.3091,0.0253,1.824,0.0,0.0,0,0.0,-0.0
2,50,1.0,stand,0.09182,0.08785,-0.02671,0.09831,0.012,-3.69,39.82,0.3091,0.0256,1.83,0.0,0.0,0,0.0,-0.0
3,50,1.0,stand,0.09084,0.08336,-0.03608,0.0974,0.012,-3.56,39.3,0.3091,0.0253,1.827,0.0,0.0,0,0.0,-0.0
0,51,1.02,stand,0.09417,0.08301,-0.04447,0.10114,0.012,-3.17,38.44,0.3086,0.0253,1.929,0.0,0.0,0,0.0,-0.0
1,51,1.02,stand,0.0937,0.09046,-0.02443,0.10069,0.012,-3.1,38.51,0.3086,0.0252,1.927,0.0,0.0,0,0.0,-0.0
2,51,1.02,stand,0.09497,0.09114,-0.0267,0.10186,0.012,-3.3,38.82,0.3087,0.0256,1.933,0.0,0.0,0,0.0,-0.0
3,51,1.02,stand,0.09395,0.08664,-0.03633,0.10092,0.012,-3.11,38.43,0.3086,0.0253,1.929,0.0,0.0,0,0.0,-0.0
0,52,1.04,stand,0.09502,0.08385,-0.04471,0.10246,0.012,-2.76,37.17,0.3082,0.0252,2.009,0.0,0.0,0,0.0,-0.0
1,52,1.04,stand,0.09423,0.09101,-0.02442,0.10171,0.012,-2.7,37.06,0.3082,0.0251,2.004,0.0,0.0,0,0.0,-0.0
2,52,1.04,stand,0.09564,0.09181,-0.02681,0.10304,0.012,-2.97,37.15,0.3083,0.0255,2.01,0.0,0.0,0,0.0,-0.0
3,52,1.04,stand,0.09464,0.08734,-0.03644,0.10209,0.012,-2.7,37.12,0.3082,0.0252,2.007,0.0,0.0,0,0.0,-0.0
0,53,1.06,stand,0.09527,0.08448,-0.04405,0.10315,0.012,-2.36,36.55,0.3078,0.0251,2.085,0.0,0.0,0,0.0,-0.0
1,53,1.06,stand,0.09435,0.09137,-0.02355,0.10223,0.012,-2.27,36.52,0.3078,0.025,2.079,0.0,0.0,0,0.0,-0.0
2,53,1.06,stand,0.09645,0.09286,-0.02609,0.10428,0.012,-2.53,36.52,0.3079,0.0254,2.093,0.0,0.0,0,0.0,-0.0
3,53,1.06,stand,0.09478,0.08781,-0.03567,0.10264,0.012,-2.29,36.54,0.3078,0.0251,2.082,0.0,0.0,0,0.0,-0.0
0,54,1.08,stand,0.09563,0.0855,-0.04285,0.10378,0.012,-1.83,36.11,0.3075,0.025,2.172,0.0,0.0,0,0.0,-0.0
1,54,1.08,stand,0.09458,0.09197,-0.02204,0.10266,0.012,-1.72,36.17,0.3075,0.0249,2.166,0.0,0.0,0,0.0,-0.0
2,54,1.08,stand,0.0971,0.09385,-0.02491,0.10526,0.012,-1.97,35.94,0.3076,0.0253,2.183,0.0,0.0,0,0.0,-0.0
3,54,1.08,stand,0.09506,0.08866,-0.03429,0.10316,0.012,-1.75,36.16,0.3075,0.025,2.169,0.0,0.0,0,0.0,-0.0
0,55,1.1,stand,0.09392,0.08441,-0.04119,0.10241,0.012,-1.51,35.65,0.3072,0.025,2.24,0.0,0.0,0,0.0,-0.0
1,55,1.1,stand,0.09251,0.09016,-0.02069,0.10088,0.012,-1.42,35.8,0.3072,0.0248,2.231,0.0,0.0,0,0.0,-0.0
2,55,1.1,stand,0.09502,0.09202,-0.02367,0.10361,0.012,-1.75,35.43,0.3073,0.0252,2.245,0.0,0.0,0,0.0,-0.0
3,55,1.1,stand,0.09319,0.08726,-0.0327,0.1016,0.012,-1.44,35.74,0.3072,0.0249,2.235,0.0,0.0,0,0.0,-0.0
0,56,1.12,stand,0.09145,0.08293,-0.03853,0.10005,0.012,-1.24,35.67,0.307,0.0249,2.304,0.0,0.0,0,0.0,-0.0
1,56,1.12,stand,0.09003,0.08812,-0.01843,0.09848,0.012,-1.12,35.92,0.3071,0.0247,2.296,0.0,0.0,0,0.0,-0.0
2,56,1.12,stand,0.0934,0.09089,-0.02152,0.10211,0.012,-1.38,35.39,0.3071,0.0252,2.319,0.0,0.0,0,0.0,-0.0
3,56,1.12,stand,0.09073,0.08556,-0.0302,0.09924,0.012,-1.15,35.81,0.3071,0.0248,2.3,0.0,0.0,0,0.0,-0.0
0,57,1.14,stand,0.08981,0.08244,-0.03564,0.0984,0.012,-0.69,35.79,0.3069,0.0248,2.386,0.0,0.0,0,0.0,-0.0
1,57,1.14,stand,0.08798,0.08658,-0.01564,0.09642,0.012,-0.59,36.13,0.3069,0.0246,2.374,0.0,0.0,0,0.0,-0.0
2,57,1.14,stand,0.09167,0.08966,-0.01908,0.10042,0.012,-0.86,35.39,0.307,0.0251,2.4,0.0,0.0,0,0.0,-0.0
3,57,1.14,stand,0.08889,0.0846,-0.02728,0.09738,0.012,-0.62,35.97,0.3069,0.0247,2.38,0.0,0.0,0,0.0,-0.0
0,58,1.16,stand,0.08726,0.08097,-0.03253,0.09586,0.012,-0.22,35.99,0.3068,0.0247,2.458,0.0,0.0,0,0.0,-0.0
1,58,1.16,stand,0.08545,0.08449,-0.01282,0.09384,0.012,-0.14,36.48,0.3068,0.0245,2.447,0.0,0.0,0,0.0,-0.0
2,58,1.16,stand,0.08915,0.08762,-0.01645,0.09791,0.012,-0.35,35.53,0.3069,0.025,2.472,0.0,0.0,0,0.0,-0.0
3,58,1.16,stand,0.08639,0.08292,-0.02425,0.09487,0.012,-0.16,36.23,0.3068,0.0247,2.453,0.0,0.0,0,0.0,-0.0
0,59,1.18,stand,0.08447,0.07915,-0.02951,0.09314,0.012,-0.21,36.21,0.3068,0.0246,2.522,0.0,0.0,0,0.0,-0.0
1,59,1.18,stand,0.08267,0.08202,-0.01033,0.0911,0.012,-0.18,36.83,0.3068,0.0244,2.511,0.0,0.0,0,0.0,-0.0
2,59,1.18,stand,0.08633,0.08523,-0.01376,0.09515,0.012,-0.26,35.74,0.3068,0.0249,2.538,0.0,0.0,0,0.0,-0.0
3,59,1.18,stand,0.08359,0.08079,-0.02145,0.09213,0.012,-0.2,36.5,0.3068,0.0246,2.516,0.0,0.0,0,0.0,-0.0
0,60,1.2,stand,0.08209,0.07768,-0.02654,0.09085,0.012,-0.24,36.36,0.3068,0.0245,2.586,0.0,0.0,0,0.0,-0.0
1,60,1.2,stand,0.08028,0.07988,-0.00799,0.08878,0.012,-0.32,37.09,0.3069,0.0243,2.573,0.0,0.0,0,0.0,-0.0
2,60,1.2,stand,0.08393,0.08318,-0.01118,0.09281,0.012,-0.18,35.89,0.3069,0.0248,2.605,0.0,0.0,0,0.0,-0.0
3,60,1.2,stand,0.08124,0.07905,-0.01875,0.08987,0.012,-0.28,36.66,0.3069,0.0245,2.58,0.0,0.0,0,0.0,-0.0
0,61,1.22,stand,0.07985,0.07622,-0.0238,0.0888,0.012,-0.26,36.22,0.3069,0.0244,2.647,0.0,0.0,0,0.0,-0.0
1,61,1.22,stand,0.07818,0.07796,-0.0059,0.08686,0.012,-0.43,37.05,0.307,0.0241,2.633,0.0,0.0,0,0.0,-0.0
2,61,1.22,stand,0.08158,0.0811,-0.00883,0.0906,0.012,-0.19,35.89,0.3069,0.0247,2.668,0.0,0.0,0,0.0,-0.0
3,61,1.22,stand,0.07905,0.07736,-0.01627,0.08788,0.012,-0.33,36.54,0.307,0.0243,2.64,0.0,0.0,0,0.0,-0.0
0,62,1.24,stand,0.07761,0.07467,-0.02118,0.08676,0.012,-0.04,35.9,0.3071,0.0242,2.705,0.0,0.0,0,0.0,-0.0
1,62,1.24,stand,0.0759,0.0758,-0.004,0.08481,0.012,-0.33,36.64,0.3071,0.024,2.689,0.0,0.0,0,0.0,-0.0
2,62,1.24,stand,0.07924,0.07897,-0.0065,0.08846,0.012,-0.06,35.66,0.3071,0.0245,2.726,0.0,0.0,0,0.0,-0.0
3,62,1.24,stand,0.07688,0.0756,-0.01393,0.08591,0.012,-0.11,36.18,0.3071,0.0241,2.699,0.0,0.0,0,0.0,-0.0
0,63,1.26,stand,0.07519,0.07283,-0.0187,0.08451,0.012,0.25,35.69,0.3072,0.024,2.762,0.0,0.0,0,0.0,-0.0
1,63,1.26,stand,0.07331,0.07328,-0.00229,0.08243,0.012,-0.1,36.19,0.3073,0.0237,2.741,0.0,0.0,0,0.0,-0.0
2,63,1.26,stand,0.07694,0.07683,-0.00423,0.08633,0.012,0.26,35.41,0.3072,0.0243,2.784,0.0,0.0,0,0.0,-0.0
3,63,1.26,stand,0.0745,0.07357,-0.01174,0.08371,0.012,0.18,35.94,0.3073,0.0239,2.756,0.0,0.0,0,0.0,-0.0
0,64,1.28,stand,0.07274,0.07087,-0.01636,0.08213,0.012,0.44,35.8,0.3074,0.0238,2.817,0.0,0.0,0,0.0,-0.0
1,64,1.28,stand,0.07078,0.07077,-0.00069,0.08005,0.012,0.13,36.1,0.3075,0.0235,2.794,0.0,0.0,0,0.0,-0.0
2,64,1.28,stand,0.07439,0.07436,-0.0023,0.08391,0.012,0.45,35.38,0.3074,0.0241,2.839,0.0,0.0,0,0.0,-0.0
3,64,1.28,stand,0.07207,0.07142,-0.00972,0.08137,0.012,0.37,36.03,0.3075,0.0237,2.812,0.0,0.0,0,0.0,-0.0
0,65,1.3,stand,0.07046,0.06902,-0.01417,0.07985,0.012,0.41,36.14,0.3077,0.0236,2.87,0.0,0.0,0,0.0,-0.0
1,65,1.3,stand,0.06848,0.06848,0.00083,0.0778,0.012,0.25,36.3,0.3077,0.0233,2.848,0.0,0.0,0,0.0,-0.0
2,65,1.3,stand,0.07207,0.07207,-0.00048,0.08161,0.012,0.52,35.65,0.3076,0.0239,2.892,0.0,0.0,0,0.0,-0.0
3,65,1.3,stand,0.06983,0.06939,-0.00784,0.07915,0.012,0.34,36.34,0.3077,0.0235,2.865,0.0,0.0,0,0.0,-0.0
0,66,1.32,stand,0.06829,0.06721,-0.0121,0.07766,0.012,0.29,36.58,0.3079,0.0234,2.919,0.0,0.0,0,0.0,-0.0
1,66,1.32,stand,0.06629,0.06626,0.00219,0.07562,0.012,0.21,36.65,0.308,0.0231,2.897,0.0,0.0,0,0.0,-0.0
2,66,1.32,stand,0.06982,0.06981,0.00132,0.07932,0.012,0.51,36.07,0.3079,0.0237,2.941,0.0,0.0,0,0.0,-0.0
3,66,1.32,stand,0.06765,0.06738,-0.00606,0.07695,0.012,0.22,36.75,0.308,0.0233,2.914,0.0,0.0,0,0.0,-0.0
0,67,1.34,stand,0.0661,0.06528,-0.01038,0.07546,0.012,0.1,37.02,0.3082,0.0232,2.964,0.0,0.0,0,0.0,-0.0
1,67,1.34,stand,0.06415,0.06407,0.00326,0.07349,0.012,0.04,37.03,0.3082,0.0229,2.944,0.0,0.0,0,0.0,-0.0
2,67,1.34,stand,0.06757,0.06751,0.00287,0.07702,0.012,0.37,36.59,0.3081,0.0235,2.986,0.0,0.0,0,0.0,-0.0
3,67,1.34,stand,0.06547,0.06531,-0.00457,0.07477,0.012,0.07,37.17,0.3082,0.0231,2.96,0.0,0.0,0,0.0,-0.0
0,68,1.36,stand,0.06383,0.06319,-0.00905,0.07324,0.012,-0.17,37.38,0.3084,0.0231,3.006,0.0,0.0,0,0.0,-0.0
1,68,1.36,stand,0.0619,0.06177,0.00395,0.07129,0.012,-0.23,37.38,0.3085,0.0227,2.988,0.0,0.0,0,0.0,-0.0
2,68,1.36,stand,0.06522,0.0651,0.00399,0.07464,0.012,0.13,37.11,0.3084,0.0233,3.027,0.0,0.0,0,0.0,-0.0
3,68,1.36,stand,0.06318,0.06309,-0.00348,0.07252,0.012,-0.17,37.52,0.3085,0.023,3.004,0.0,0.0,0,0.0,-0.0
0,69,1.38,stand,0.0615,0.06098,-0.00797,0.07104,0.012,-0.42,37.52,0.3087,0.0229,3.046,0.0,0.0,0,0.0,-0.0
1,69,1.38,stand,0.05965,0.0595,0.00431,0.06917,0.012,-0.48,37.52,0.3087,0.0225,3.028,0.0,0.0,0,0.0,-0.0
2,69,1.38,stand,0.06284,0.06266,0.00471,0.07231,0.012,-0.18,37.51,0.3086,0.0231,3.065,0.0,0.0,0,0.0,-0.0
3,69,1.38,stand,0.06091,0.06085,-0.00269,0.07038,0.012,-0.41,37.68,0.3087,0.0228,3.046,0.0,0.0,0,0.0,-0.0
0,70,1.4,stand,0.05872,0.05832,-0.00685,0.06852,0.012,-0.54,37.34,0.3089,0.0227,3.078,0.0,0.0,0,0.0,-0.0
1,70,1.4,stand,0.05687,0.05669,0.00452,0.06666,0.012,-0.64,37.32,0.3089,0.0224,3.06,0.0,0.0,0,0.0,-0.0
2,70,1.4,stand,0.06048,0.06026,0.0052,0.07008,0.012,-0.38,37.66,0.3089,0.0229,3.102,0.0,0.0,0,0.0,-0.0
3,70,1.4,stand,0.05816,0.05812,-0.00192,0.06788,0.012,-0.57,37.52,0.309,0.0227,3.079,0.0,0.0,0,0.0,-0.0
0,71,1.42,stand,0.05536,0.05507,-0.00564,0.06543,0.012,-0.55,36.81,0.3092,0.0226,3.103,0.0,0.0,0,0.0,-0.0
1,71,1.42,stand,0.05357,0.05336,0.00477,0.06364,0.012,-0.64,36.79,0.3092,0.0222,3.086,0.0,0.0,0,0.0,-0.0
2,71,1.42,stand,0.05748,0.05722,0.00547,0.06736,0.012,-0.56,37.39,0.3091,0.0228,3.129,0.0,0.0,0,0.0,-0.0
3,71,1.42,stand,0.05477,0.05476,-0.0011,0.06478,0.012,-0.6,36.98,0.3092,0.0226,3.104,0.0,0.0,0,0.0,-0.0
0,72,1.44,stand,0.05207,0.05188,-0.00443,0.06235,0.012,-0.32,36.53,0.3094,0.0225,3.131,0.0,0.0,0,0.0,-0.0
1,72,1.44,stand,0.05029,0.05003,0.00512,0.06058,0.012,-0.4,36.49,0.3094,0.0221,3.115,0.0,0.0,0,0.0,-0.0
2,72,1.44,stand,0.05413,0.05382,0.00584,0.06429,0.012,-0.55,36.89,0.3093,0.0226,3.153,0.0,0.0,0,0.0,-0.0
3,72,1.44,stand,0.05147,0.05146,-0.00024,0.06169,0.012,-0.38,36.67,0.3095,0.0225,3.133,0.0,0.0,0,0.0,-0.0
0,73,1.46,stand,0.04895,0.04884,-0.00331,0.05935,0.012,-0.07,36.56,0.3096,0.0225,3.162,0.0,0.0,0,0.0,-0.0
1,73,1.46,stand,0.04718,0.04687,0.00543,0.05762,0.012,-0.17,36.48,0.3096,0.0221,3.147,0.0,0.0,0,0.0,-0.0
2,73,1.46,stand,0.05064,0.05025,0.00624,0.06102,0.012,-0.32,36.5,0.3095,0.0226,3.177,0.0,0.0,0,0.0,-0.0
3,73,1.46,stand,0.04833,0.04833,0.00054,0.0587,0.012,-0.13,36.65,0.3097,0.0224,3.165,0.0,0.0,0,0.0,-0.0
0,74,1.48,stand,0.04592,0.04587,-0.00228,0.05632,0.012,0.0,36.92,0.3098,0.0225,3.192,0.0,0.0,0,0.0,-0.0
1,74,1.48,stand,0.04425,0.04389,0.00566,0.05471,0.012,-0.11,36.78,0.3097,0.0221,3.179,0.0,0.0,0,0.0,-0.0
2,74,1.48,stand,0.04737,0.04692,0.00649,0.05791,0.012,-0.14,36.44,0.3097,0.0225,3.204,0.0,0.0,0,0.0,-0.0
3,74,1.48,stand,0.04534,0.04532,0.00126,0.05571,0.012,-0.05,36.98,0.3098,0.0225,3.197,0.0,0.0,0,0.0,-0.0
0,75,1.5,stand,0.04283,0.04281,-0.00125,0.05316,0.012,-0.16,37.86,0.31,0.0225,3.213,0.0,0.0,0,0.0,-0.0
1,75,1.5,stand,0.04119,0.04079,0.00575,0.05163,0.012,-0.23,37.32,0.3099,0.0221,3.201,0.0,0.0,0,0.0,-0.0
2,75,1.5,stand,0.04435,0.04382,0.00685,0.05492,0.012,-0.06,36.74,0.3099,0.0225,3.231,0.0,0.0,0,0.0,-0.0
3,75,1.5,stand,0.04223,0.04219,0.00192,0.05256,0.012,-0.19,37.64,0.31,0.0225,3.219,0.0,0.0,0,0.0,-0.0
0,76,1.52,stand,0.03989,0.03989,-0.00035,0.05014,0.012,-0.39,39.11,0.3101,0.0226,3.228,0.0,0.0,0,0.0,-0.0
1,76,1.52,stand,0.03816,0.03771,0.00587,0.04854,0.012,-0.4,38.95,0.3101,0.0222,3.218,0.0,0.0,0,0.0,-0.0
2,76,1.52,stand,0.04127,0.04064,0.00716,0.05178,0.012,-0.15,37.32,0.3101,0.0225,3.25,0.0,0.0,0,0.0,-0.0
3,76,1.52,stand,0.03925,0.03917,0.00252,0.04949,0.012,-0.4,39.29,0.3102,0.0226,3.235,0.0,0.0,0,0.0,-0.0
0,77,1.54,stand,0.03688,0.03688,8e-05,0.04716,0.012,-0.57,39.65,0.3103,0.0226,3.241,0.0,0.0,0,0.0,-0.0
1,77,1.54,stand,0.03517,0.0347,0.00577,0.04546,0.012,-0.52,40.3,0.3102,0.0223,3.233,0.0,0.0,0,0.0,-0.0
2,77,1.54,stand,0.03786,0.03716,0.00722,0.04832,0.012,-0.32,39.94,0.3102,0.0226,3.259,0.0,0.0,0,0.0,-0.0
3,77,1.54,stand,0.03624,0.03613,0.00279,0.04643,0.012,-0.55,40.18,0.3103,0.0227,3.249,0.0,0.0,0,0.0,-0.0
0,78,1.56,stand,0.03377,0.03377,0.00041,0.04402,0.012,-0.69,40.57,0.3104,0.0227,3.252,0.0,0.0,0,0.0,-0.0
1,78,1.56,stand,0.0321,0.03168,0.0052,0.0424,0.012,-0.63,40.84,0.3103,0.0224,3.245,0.0,0.0,0,0.0,-0.0
2,78,1.56,stand,0.03448,0.03375,0.00706,0.04492,0.012,-0.43,41.21,0.3103,0.0227,3.268,0.0,0.0,0,0.0,-0.0
3,78,1.56,stand,0.03313,0.03301,0.0028,0.04329,0.012,-0.69,41.08,0.3104,0.0228,3.259,0.0,0.0,0,0.0,-0.0
0,79,1.58,stand,0.03072,0.03071,0.00079,0.0409,0.012,-0.76,41.8,0.3105,0.0228,3.26,0.0,0.0,0,0.0,-0.0
1,79,1.58,stand,0.02918,0.02879,0.0048,0.03941,0.012,-0.73,42.14,0.3104,0.0225,3.253,0.0,0.0,0,0.0,-0.0
2,79,1.58,stand,0.03094,0.03015,0.00694,0.04129,0.012,-0.47,43.98,0.3104,0.0227,3.273,0.0,0.0,0,0.0,-0.0
3,79,1.58,stand,0.03017,0.03004,0.00287,0.04027,0.012,-0.79,42.38,0.3105,0.0229,3.267,0.0,0.0,0,0.0,-0.0
0,80,1.6,stand,0.02771,0.02769,0.001,0.03788,0.012,-0.8,42.38,0.3105,0.0229,3.265,0.0,0.0,0,0.0,-0.0
1,80,1.6,stand,0.02627,0.02591,0.0043,0.03645,0.012,-0.74,42.73,0.3104,0.0226,3.259,0.0,0.0,0,0.0,-0.0
2,80,1.6,stand,0.02697,0.02606,0.00696,0.03715,0.012,-0.41,46.61,0.3105,0.0228,3.278,0.0,0.0,0,0.0,-0.0
3,80,1.6,stand,0.02727,0.02714,0.00273,0.03736,0.012,-0.84,42.93,0.3105,0.023,3.273,0.0,0.0,0,0.0,-0.0
0,81,1.62,stand,0.02466,0.02464,0.00116,0.03476,0.012,-0.82,43.82,0.3105,0.0231,3.267,0.0,0.0,0,0.0,-0.0
1,81,1.62,stand,0.02312,0.02283,0.00365,0.03325,0.012,-0.72,44.21,0.3104,0.0227,3.26,0.0,0.0,0,0.0,-0.0
2,81,1.62,stand,0.0225,0.02148,0.0067,0.03262,0.012,-0.09,48.7,0.3105,0.0229,3.283,0.0,0.0,0,0.0,-0.0
3,81,1.62,stand,0.02429,0.02416,0.0025,0.0343,0.012,-0.87,44.29,0.3106,0.0231,3.275,0.0,0.0,0,0.0,-0.0
0,82,1.64,stand,0.0213,0.02125,0.00134,0.03134,0.012,-0.7,46.35,0.3105,0.0232,3.261,0.0,0.0,0,0.0,-0.0
1,82,1.64,stand,0.01967,0.01941,0.0032,0.0296,0.012,-0.54,46.91,0.3104,0.0229,3.256,0.0,0.0,0,0.0,-0.0
2,82,1.64,stand,0.01807,0.01677,0.00674,0.02779,0.012,0.28,52.05,0.3105,0.0231,3.291,0.0,0.0,0,0.0,-0.0
3,82,1.64,stand,0.02118,0.02106,0.00229,0.0311,0.012,-0.8,45.52,0.3105,0.0233,3.274,0.0,0.0,0,0.0,-0.0
0,83,1.66,stand,0.01704,0.01695,0.0018,0.02692,0.012,-0.17,49.13,0.3105,0.0233,3.263,0.0,0.0,0,0.0,-0.0
1,83,1.66,stand,0.01567,0.01533,0.00327,0.02519,0.012,-0.08,50.62,0.3104,0.023,3.253,0.0,0.0,0,0.0,-0.0
2,83,1.66,stand,0.0142,0.01238,0.00694,0.0231,0.012,0.51,56.69,0.3105,0.0232,3.284,0.0,0.0,0,0.0,-0.0
3,83,1.66,stand,0.01808,0.01796,0.00212,0.0279,0.012,-0.66,46.93,0.3105,0.0234,3.272,0.0,0.0,0,0.0,-0.0
0,84,1.68,stand,0.01251,0.01225,0.00255,0.02177,0.012,0.34,53.63,0.3104,0.0235,3.264,0.0,0.0,0,0.0,-0.0
1,84,1.68,stand,0.01129,0.01082,0.00323,0.0205,0.012,0.56,53.95,0.3103,0.0232,3.255,0.0,0.0,0,0.0,-0.0
2,84,1.68,stand,0.0108,0.00819,0.00704,0.0189,0.012,0.91,60.46,0.3104,0.0233,3.272,0.0,0.0,0,0.0,-0.0
3,84,1.68,stand,0.01509,0.01498,0.00183,0.02472,0.012,-0.57,49.76,0.3105,0.0236,3.257,0.0,0.0,0,0.0,-0.0
0,85,1.7,stand,0.00817,0.00757,0.00307,0.01692,0.012,0.97,57.17,0.3103,0.0236,3.257,0.0,0.0,0,0.0,-0.0
1,85,1.7,stand,0.00727,0.0065,0.00325,0.01567,0.012,0.94,58.61,0.3103,0.0233,3.242,0.0,0.0,0,0.0,-0.0
2,85,1.7,stand,0.00848,0.00418,0.00738,0.01493,0.012,1.3,65.12,0.3103,0.0235,3.252,0.0,0.0,0,0.0,-0.0
3,85,1.7,stand,0.01088,0.01073,0.00183,0.02032,0.012,0.15,52.76,0.3104,0.0237,3.252,0.0,0.0,0,0.0,-0.0
0,86,1.72,stand,0.00543,0.00383,0.00386,0.01274,0.012,1.26,62.24,0.3103,0.0238,3.235,0.0,0.0,0,0.0,-0.0
1,86,1.72,stand,0.00439,0.00266,0.0035,0.01138,0.012,1.35,63.13,0.3102,0.0235,3.219,0.0,0.0,0,0.0,-0.0
2,86,1.72,stand,0.00765,0.00058,0.00763,0.01153,0.012,1.7,69.81,0.3103,0.0236,3.219,0.0,0.0,0,0.0,-0.0
3,86,1.72,stand,0.00654,0.00615,0.00224,0.01524,0.012,0.75,57.7,0.3103,0.0239,3.239,0.0,0.0,0,0.0,-0.0
0,87,1.74,stand,0.00457,0.00047,0.00455,0.00916,0.012,1.64,67.2,0.3102,0.0239,3.203,0.0,0.0,0,0.0,-0.0
1,87,1.74,stand,0.00414,0.00146,0.00388,0.00764,0.012,1.99,66.94,0.3101,0.0236,3.189,0.0,0.0,0,0.0,-0.0
2,87,1.74,stand,0.0085,0.0034,0.00779,0.009,0.012,2.18,74.56,0.3102,0.0238,3.174,0.0,0.0,0,0.0,-0.0
3,87,1.74,stand,0.00329,0.00204,0.00258,0.01054,0.012,1.26,62.48,0.3102,0.024,3.215,0.0,0.0,0,0.0,-0.0
0,88,1.76,stand,0.00594,0.0034,0.00487,0.00608,0.012,2.18,72.07,0.3102,0.024,3.163,0.0,0.0,0,0.0,-0.0
1,88,1.76,stand,0.00635,0.00466,0.00431,0.00519,0.012,2.48,71.68,0.3101,0.0238,3.138,0.0,0.0,0,0.0,-0.0
2,88,1.76,stand,0.00964,0.0055,0.00791,0.00846,0.012,2.44,79.33,0.3102,0.0239,3.143,0.0,0.0,0,0.0,-0.0
3,88,1.76,stand,0.00365,0.002,0.00306,0.00655,0.012,1.79,67.25,0.3102,0.0241,3.182,0.0,0.0,0,0.0,-0.0
0,89,1.78,stand,0.00743,0.00626,0.004,0.00667,0.012,2.3,76.91,0.3102,0.0241,3.143,0.0,0.0,0,0.0,-0.0
1,89,1.78,stand,0.0076,0.00645,0.00402,0.00852,0.012,2.13,76.38,0.3102,0.0238,3.131,0.0,0.0,0,0.0,-0.0
2,89,1.78,stand,0.00888,0.00649,0.00607,0.01065,0.012,1.39,84.06,0.3103,0.0239,3.129,0.0,0.0,0,0.0,-0.0
3,89,1.78,stand,0.0061,0.00491,0.00362,0.00418,0.012,2.33,71.98,0.3101,0.0243,3.138,0.0,0.0,0,0.0,-0.0
0,90,1.8,stand,0.00678,0.00657,0.00167,0.00893,0.012,1.3,81.87,0.3103,0.0241,3.104,0.0,0.0,0,0.0,-0.0
1,90,1.8,stand,0.00585,0.00534,0.0024,0.00856,0.012,1.32,80.2,0.3102,0.0239,3.06,0.0,0.0,0,0.0,-0.0
2,90,1.8,stand,0.00968,0.00784,0.00568,0.00969,0.012,1.35,87.63,0.3103,0.024,3.061,0.0,0.0,0,0.0,-0.0
3,90,1.8,stand,0.00723,0.00712,0.00124,0.0101,0.012,1.55,76.66,0.3102,0.0243,3.145,0.0,0.0,0,0.0,-0.0
0,91,1.82,stand,0.00996,0.00989,0.00125,0.01016,0.012,1.33,86.04,0.3103,0.0242,3.058,0.0,0.0,0,0.0,-0.0
1,91,1.82,stand,0.01432,0.01419,0.0019,0.0155,0.012,1.26,83.16,0.3103,0.0239,3.066,0.0,0.0,0,0.0,-0.0
2,91,1.82,stand,0.0104,0.00904,0.00513,0.00795,0.012,1.46,87.69,0.3103,0.0241,2.988,0.0,0.0,0,0.0,-0.0
3,91,1.82,stand,0.00784,0.00777,0.00104,0.00871,0.012,1.53,80.65,0.3102,0.0243,3.067,0.0,0.0,0,0.0,-0.0
0,92,1.84,stand,0.01529,0.01529,-0.00039,0.01464,0.012,1.22,88.21,0.3103,0.0243,3.057,0.0,0.0,0,0.0,-0.0
1,92,1.84,stand,0.01231,0.01226,0.00117,0.01369,0.012,0.49,84.39,0.3103,0.0239,3.027,0.0,0.0,0,0.0,-0.0
2,92,1.84,stand,0.01382,0.01314,0.0043,0.01335,0.012,0.66,87.02,0.3104,0.0242,3.004,0.0,0.0,0,0.0,-0.0
3,92,1.84,stand,0.01519,0.01519,-0.00031,0.01475,0.012,1.73,83.33,0.3102,0.0244,3.063,0.0,0.0,0,0.0,-0.0
0,93,1.86,stand,0.01245,0.01231,-0.00186,0.0136,0.012,0.01,88.2,0.3104,0.0242,3.025,0.0,0.0,0,0.0,-0.0
1,93,1.86,stand,0.01422,0.01422,-0.00022,0.01716,0.012,0.13,79.75,0.3104,0.0239,3.033,0.0,0.0,0,0.0,-0.0
2,93,1.86,stand,0.01417,0.01381,0.00317,0.01546,0.012,-0.35,88.08,0.3106,0.0242,2.992,0.0,0.0,0,0.0,-0.0
3,93,1.86,stand,0.01261,0.01261,-0.00032,0.01262,0.012,0.94,83.33,0.3102,0.0244,3.027,0.0,0.0,0,0.0,-0.0
0,94,1.88,stand,0.01654,0.01624,-0.00313,0.01802,0.012,-0.08,85.32,0.3105,0.0242,3.05,0.0,0.0,0,0.0,-0.0
1,94,1.88,stand,0.0164,0.01638,-0.00085,0.02004,0.012,-0.21,76.85,0.3105,0.0239,3.045,0.0,0.0,0,0.0,-0.0
2,94,1.88,stand,0.01371,0.0136,0.00175,0.01595,0.012,-0.62,87.43,0.3107,0.0242,2.974,0.0,0.0,0,0.0,-0.0
3,94,1.88,stand,0.01555,0.01554,-0.00049,0.01595,0.012,0.71,82.46,0.3103,0.0245,3.03,0.0,0.0,0,0.0,-0.0
0,95,1.9,stand,0.01367,0.01301,-0.0042,0.01719,0.012,-0.63,80.08,0.3106,0.0241,3.035,0.0,0.0,0,0.0,-0.0
1,95,1.9,stand,0.01375,0.01352,-0.00251,0.01904,0.012,-1.12,75.92,0.3106,0.0239,3.015,0.0,0.0,0,0.0,-0.0
2,95,1.9,stand,0.01051,0.01051,-0.00011,0.01322,0.012,-0.68,84.45,0.3108,0.0242,2.943,0.0,0.0,0,0.0,-0.0
3,95,1.9,stand,0.01087,0.01086,-0.0005,0.01238,0.012,-0.2,82.57,0.3104,0.0245,2.985,0.0,0.0,0,0.0,-0.0
0,96,1.92,stand,0.01097,0.0099,-0.00471,0.01542,0.012,-0.67,76.72,0.3106,0.0241,3.009,0.0,0.0,0,0.0,-0.0
1,96,1.92,stand,0.01602,0.0157,-0.00321,0.02132,0.012,-1.19,74.97,0.3107,0.0239,3.035,0.0,0.0,0,0.0,-0.0
2,96,1.92,stand,0.00971,0.0097,-0.00029,0.01214,0.012,-0.82,84.78,0.311,0.0243,2.931,0.0,0.0,0,0.0,-0.0
3,96,1.92,stand,0.01499,0.01496,-0.001,0.01655,0.012,-0.41,82.27,0.3105,0.0246,3.013,0.0,0.0,0,0.0,-0.0
0,97,1.94,stand,0.01178,0.01073,-0.00488,0.01467,0.012,-0.11,76.83,0.3107,0.0241,3.005,0.0,0.0,0,0.0,-0.0
1,97,1.94,stand,0.0137,0.01318,-0.00372,0.01991,0.012,-1.63,75.14,0.3108,0.024,3.021,0.0,0.0,0,0.0,-0.0
2,97,1.94,stand,0.00681,0.0068,0.00047,0.01026,0.012,-1.21,88.3,0.3111,0.0244,2.89,0.0,0.0,0,0.0,-0.0
3,97,1.94,stand,0.01223,0.01216,-0.00125,0.01507,0.012,-1.42,83.25,0.3106,0.0247,3.006,0.0,0.0,0,0.0,-0.0
0,98,1.96,stand,0.0134,0.01256,-0.00467,0.01546,0.012,-0.05,78.74,0.3108,0.0242,3.004,0.0,0.0,0,0.0,-0.0
1,98,1.96,stand,0.01011,0.00977,-0.0026,0.01661,0.012,-1.77,79.64,0.3109,0.0241,2.987,0.0,0.0,0,0.0,-0.0
2,98,1.96,stand,0.01097,0.01085,0.00167,0.01297,0.012,-1.26,88.15,0.3112,0.0246,2.914,0.0,0.0,0,0.0,-0.0
3,98,1.96,stand,0.00788,0.0078,-0.00117,0.0127,0.012,-1.72,82.62,0.3107,0.0248,2.973,0.0,0.0,0,0.0,-0.0
0,99,1.98,stand,0.01471,0.01408,-0.00427,0.01622,0.012,-0.25,81.72,0.3109,0.0242,2.997,0.0,0.0,0,0.0,-0.0
1,99,1.98,stand,0.01291,0.0129,-0.00047,0.01752,0.012,-1.59,83.44,0.311,0.0243,3.029,0.0,0.0,0,0.0,-0.0
2,99,1.98,stand,0.0085,0.00848,0.00059,0.01087,0.012,-1.44,87.28,0.3112,0.0246,2.883,0.0,0.0,0,0.0,-0.0
3,99,1.98,stand,0.01077,0.01076,-0.00019,0.01476,0.012,-1.65,83.94,0.3107,0.025,2.997,0.0,0.0,0,0.0,-0.0
0,100,2.0,stand,0.01318,0.01262,-0.00381,0.01443,0.012,-0.61,84.64,0.3109,0.0242,2.967,0.0,0.0,0,0.0,-0.0
1,100,2.0,stand,0.00953,0.00949,-0.00082,0.01502,0.012,-1.82,83.52,0.311,0.0243,3.006,0.0,0.0,0,0.0,-0.0
2,100,2.0,stand,0.01126,0.01124,0.00055,0.0116,0.012,-1.25,85.67,0.3112,0.0247,2.895,0.0,0.0,0,0.0,-0.0
3,100,2.0,stand,0.00819,0.00818,0.00043,0.01362,0.012,-1.9,83.97,0.3108,0.0251,2.96,0.0,0.0,0,0.0,-0.0
0,101,2.02,stand,0.01042,0.01002,-0.00288,0.01137,0.012,-0.82,87.51,0.311,0.0242,2.921,0.0,0.0,0,0.0,-0.0
1,101,2.02,stand,0.012,0.01199,-0.00056,0.01585,0.012,-1.3,83.4,0.3111,0.0243,3.022,0.0,0.0,0,0.0,-0.0
2,101,2.02,stand,0.00741,0.00739,0.00056,0.00935,0.012,-1.73,83.3,0.3112,0.0248,2.855,0.0,0.0,0,0.0,-0.0
3,101,2.02,stand,0.01167,0.01161,0.00116,0.01521,0.012,-1.85,87.46,0.3109,0.0253,2.973,0.0,0.0,0,0.0,-0.0
0,102,2.04,stand,0.01359,0.01337,-0.00242,0.01355,0.012,-0.62,88.74,0.311,0.0241,2.92,0.0,0.0,0,0.0,-0.0
1,102,2.04,stand,0.00784,0.00782,-0.00044,0.01258,0.012,-1.42,83.8,0.3111,0.0243,2.969,0.0,0.0,0,0.0,-0.0
2,102,2.04,stand,0.01094,0.0108,0.00175,0.01239,0.012,-2.01,79.92,0.3112,0.0249,2.863,0.0,0.0,0,0.0,-0.0
3,102,2.04,stand,0.00838,0.00827,0.00132,0.01298,0.012,-2.12,87.7,0.311,0.0253,2.93,0.0,0.0,0,0.0,-0.0
0,103,2.06,stand,0.01089,0.01078,-0.00156,0.0106,0.012,-0.84,89.08,0.3111,0.0241,2.864,0.0,0.0,0,0.0,-0.0
1,103,2.06,stand,0.01249,0.01243,0.00119,0.01519,0.012,-1.1,85.65,0.3112,0.0243,2.967,0.0,0.0,0,0.0,-0.0
2,103,2.06,stand,0.01036,0.01025,0.00148,0.01251,0.012,-2.06,80.2,0.3112,0.025,2.835,0.0,0.0,0,0.0,-0.0
3,103,2.06,stand,0.01224,0.01218,0.00124,0.01524,0.012,-1.88,87.95,0.3111,0.0254,2.951,0.0,0.0,0,0.0,-0.0
0,104,2.08,stand,0.01564,0.0155,-0.00207,0.01481,0.012,-0.72,88.54,0.3112,0.024,2.866,0.0,0.0,0,0.0,-0.0
1,104,2.08,stand,0.01277,0.01266,0.00169,0.01433,0.012,-0.97,87.78,0.3113,0.0243,2.914,0.0,0.0,0,0.0,-0.0
2,104,2.08,stand,0.01152,0.01142,0.00155,0.01253,0.012,-2.08,77.28,0.3112,0.025,2.822,0.0,0.0,0,0.0,-0.0
3,104,2.08,stand,0.0101,0.01003,0.00119,0.01349,0.012,-1.95,87.99,0.3112,0.0254,2.904,0.0,0.0,0,0.0,-0.0
0,105,2.1,stand,0.01342,0.01333,-0.0016,0.01216,0.012,-1.0,86.81,0.3112,0.0239,2.81,0.0,0.0,0,0.0,-0.0
1,105,2.1,stand,0.01581,0.0156,0.00258,0.01525,0.012,-0.72,88.26,0.3114,0.0242,2.884,0.0,0.0,0,0.0,-0.0
2,105,2.1,stand,0.00821,0.00801,0.00182,0.01083,0.012,-2.35,74.19,0.3112,0.0251,2.771,0.0,0.0,0,0.0,-0.0
3,105,2.1,stand,0.01504,0.015,0.00121,0.01696,0.012,-1.75,88.25,0.3113,0.0254,2.907,0.0,0.0,0,0.0,-0.0
0,106,2.12,stand,0.01724,0.01714,-0.00188,0.01593,0.012,-1.02,85.59,0.3113,0.0238,2.805,0.0,0.0,0,0.0,-0.0
1,106,2.12,stand,0.01229,0.01198,0.00275,0.01159,0.012,-0.93,86.88,0.3115,0.0241,2.807,0.0,0.0,0,0.0,-0.0
2,106,2.12,stand,0.0123,0.01189,0.00313,0.01371,0.012,-2.65,70.34,0.3113,0.0252,2.781,0.0,0.0,0,0.0,-0.0
3,106,2.12,stand,0.01323,0.01317,0.00119,0.015,0.012,-1.81,88.02,0.3114,0.0253,2.846,0.0,0.0,0,0.0,-0.0
0,107,2.14,stand,0.01509,0.01495,-0.00204,0.01461,0.012,-1.47,85.12,0.3114,0.0236,2.758,0.0,0.0,0,0.0,-0.0
1,107,2.14,stand,0.01632,0.01577,0.00421,0.01613,0.012,-1.38,83.65,0.3117,0.024,2.785,0.0,0.0,0,0.0,-0.0
2,107,2.14,stand,0.01091,0.01043,0.00319,0.01302,0.012,-2.69,70.11,0.3113,0.0252,2.74,0.0,0.0,0,0.0,-0.0
3,107,2.14,stand,0.01826,0.01823,0.00099,0.01882,0.012,-1.61,87.4,0.3115,0.0253,2.837,0.0,0.0,0,0.0,-0.0
0,108,2.16,stand,0.01685,0.01673,-0.00198,0.01559,0.012,-1.58,81.71,0.3115,0.0235,2.734,0.0,0.0,0,0.0,-0.0
1,108,2.16,stand,0.01513,0.01434,0.00483,0.01501,0.012,-1.56,82.94,0.3118,0.0239,2.72,0.0,0.0,0,0.0,-0.0
2,108,2.16,stand,0.01282,0.01247,0.00297,0.01329,0.012,-2.49,70.2,0.3113,0.0252,2.738,0.0,0.0,0,0.0,-0.0
3,108,2.16,stand,0.01713,0.01712,0.00065,0.01801,0.012,-1.97,86.5,0.3117,0.0251,2.783,0.0,0.0,0,0.0,-0.0
0,109,2.18,stand,0.01232,0.01229,-0.00082,0.01087,0.012,-1.76,79.77,0.3115,0.0233,2.664,0.0,0.0,0,0.0,-0.0
1,109,2.18,stand,0.01401,0.01325,0.00453,0.0136,0.012,-2.01,78.81,0.312,0.0238,2.666,0.0,0.0,0,0.0,-0.0
2,109,2.18,stand,0.00934,0.00893,0.00272,0.01109,0.012,-2.45,70.51,0.3114,0.0252,2.683,0.0,0.0,0,0.0,-0.0
3,109,2.18,stand,0.02009,0.02008,0.00068,0.02027,0.012,-1.94,84.88,0.3118,0.025,2.758,0.0,0.0,0,0.0,-0.0
0,110,2.2,stand,0.01537,0.01536,-0.00037,0.01383,0.012,-1.86,78.19,0.3117,0.0232,2.659,0.0,0.0,0,0.0,-0.0
1,110,2.2,stand,0.01452,0.01362,0.00503,0.01365,0.012,-2.13,77.13,0.3121,0.0237,2.639,0.0,0.0,0,0.0,-0.0
2,110,2.2,stand,0.01423,0.01377,0.0036,0.01455,0.012,-2.35,71.17,0.3115,0.0252,2.689,0.0,0.0,0,0.0,-0.0
3,110,2.2,stand,0.01634,0.01633,0.00068,0.0171,0.012,-2.26,83.87,0.312,0.0248,2.682,0.0,0.0,0,0.0,-0.0
0,111,2.22,stand,0.01195,0.0119,0.00108,0.01041,0.012,-1.91,77.93,0.3118,0.0231,2.59,0.0,0.0,0,0.0,-0.0
1,111,2.22,stand,0.01476,0.01405,0.00451,0.01502,0.012,-2.59,77.03,0.3123,0.0235,2.622,0.0,0.0,0,0.0,-0.0
2,111,2.22,stand,0.01241,0.01184,0.0037,0.01395,0.012,-2.4,71.99,0.3116,0.0251,2.628,0.0,0.0,0,0.0,-0.0
3,111,2.22,stand,0.01888,0.01886,0.00092,0.01905,0.012,-2.36,81.44,0.3122,0.0247,2.654,0.0,0.0,0,0.0,-0.0
0,112,2.24,stand,0.0148,0.01479,-0.00053,0.01465,0.012,-2.27,78.27,0.312,0.0229,2.587,0.0,0.0,0,0.0,-0.0
1,112,2.24,stand,0.01395,0.01307,0.00487,0.01399,0.012,-2.66,75.77,0.3125,0.0234,2.581,0.0,0.0,0,0.0,-0.0
2,112,2.24,stand,0.01712,0.01678,0.00341,0.01745,0.012,-2.33,72.37,0.3118,0.025,2.62,0.0,0.0,0,0.0,-0.0
3,112,2.24,stand,0.01558,0.01558,0.00021,0.01716,0.012,-2.8,81.29,0.3124,0.0245,2.581,0.0,0.0,0,0.0,-0.0
0,113,2.26,stand,0.01543,0.01542,-0.00049,0.01457,0.012,-2.2,77.24,0.3121,0.0228,2.546,0.0,0.0,0,0.0,-0.0
1,113,2.26,stand,0.01404,0.0132,0.0048,0.01372,0.012,-2.59,75.85,0.3127,0.0233,2.555,0.0,0.0,0,0.0,-0.0
2,113,2.26,stand,0.01651,0.01607,0.00375,0.01531,0.012,-1.98,71.94,0.3119,0.0249,2.554,0.0,0.0,0,0.0,-0.0
3,113,2.26,stand,0.02012,0.02012,0.0002,0.02066,0.012,-2.89,78.99,0.3126,0.0244,2.577,0.0,0.0,0,0.0,-0.0
0,114,2.28,stand,0.01541,0.01541,8e-05,0.01333,0.012,-2.05,75.21,0.3122,0.0226,2.501,0.0,0.0,0,0.0,-0.0
1,114,2.28,stand,0.0151,0.0146,0.00383,0.01525,0.012,-2.76,76.39,0.3129,0.0231,2.541,0.0,0.0,0,0.0,-0.0
2,114,2.28,stand,0.01931,0.019,0.00344,0.01781,0.012,-1.91,71.36,0.3121,0.0248,2.527,0.0,0.0,0,0.0,-0.0
3,114,2.28,stand,0.0168,0.0168,0.00039,0.01747,0.012,-2.88,79.25,0.3128,0.0242,2.522,0.0,0.0,0,0.0,-0.0
0,115,2.3,stand,0.01369,0.01367,0.00073,0.01246,0.012,-2.26,75.01,0.3124,0.0225,2.454,0.0,0.0,0,0.0,-0.0
1,115,2.3,stand,0.01618,0.01578,0.00358,0.01584,0.012,-2.66,76.61,0.3131,0.0229,2.521,0.0,0.0,0,0.0,-0.0
2,115,2.3,stand,0.01943,0.0187,0.00529,0.01651,0.012,-1.93,66.71,0.3123,0.0248,2.469,0.0,0.0,0,0.0,-0.0
3,115,2.3,stand,0.01929,0.01928,-0.00057,0.01971,0.012,-2.75,80.4,0.313,0.0239,2.517,0.0,0.0,0,0.0,-0.0
0,116,2.32,stand,0.0184,0.01837,0.00103,0.0166,0.012,-2.3,73.43,0.3127,0.0224,2.458,0.0,0.0,0,0.0,-0.0
1,116,2.32,stand,0.01518,0.01482,0.0033,0.01474,0.012,-2.64,76.99,0.3133,0.0228,2.49,0.0,0.0,0,0.0,-0.0
2,116,2.32,stand,0.01886,0.0175,0.00701,0.01475,0.012,-1.82,63.17,0.3125,0.0248,2.407,0.0,0.0,0,0.0,-0.0
3,116,2.32,stand,0.01544,0.01543,-0.00061,0.01594,0.012,-2.63,81.08,0.3131,0.0237,2.452,0.0,0.0,0,0.0,-0.0
0,117,2.34,stand,0.01537,0.01528,0.00164,0.01352,0.012,-2.35,73.51,0.3128,0.0223,2.399,0.0,0.0,0,0.0,-0.0
1,117,2.34,stand,0.01483,0.01454,0.00288,0.01503,0.012,-2.78,77.42,0.3135,0.0226,2.459,0.0,0.0,0,0.0,-0.0
2,117,2.34,stand,0.01685,0.01491,0.00784,0.01293,0.012,-1.79,61.83,0.3128,0.0247,2.342,0.0,0.0,0,0.0,-0.0
3,117,2.34,stand,0.01922,0.01915,-0.0016,0.02011,0.012,-2.75,81.79,0.3133,0.0235,2.445,0.0,0.0,0,0.0,-0.0
0,118,2.36,stand,0.01655,0.01655,-8e-05,0.01548,0.012,-2.57,73.99,0.3131,0.0221,2.384,0.0,0.0,0,0.0,-0.0
1,118,2.36,stand,0.01585,0.01548,0.0034,0.0158,0.012,-2.74,77.46,0.3137,0.0225,2.435,0.0,0.0,0,0.0,-0.0
2,118,2.36,stand,0.02034,0.0184,0.00867,0.01654,0.012,-1.81,61.46,0.3132,0.0247,2.336,0.0,0.0,0,0.0,-0.0
3,118,2.36,stand,0.01773,0.0177,-0.00108,0.0184,0.012,-2.67,81.59,0.3135,0.0234,2.382,0.0,0.0,0,0.0,-0.0
0,119,2.38,stand,0.01552,0.01551,0.0005,0.01381,0.012,-2.42,73.77,0.3132,0.022,2.338,0.0,0.0,0,0.0,-0.0
1,119,2.38,stand,0.016,0.01558,0.00362,0.01557,0.012,-2.65,77.55,0.3139,0.0224,2.405,0.0,0.0,0,0.0,-0.0
2,119,2.38,stand,0.01926,0.01619,0.01043,0.01451,0.012,-1.75,57.73,0.3134,0.0247,2.263,0.0,0.0,0,0.0,-0.0
3,119,2.38,stand,0.02106,0.02104,-0.00082,0.02044,0.012,-2.47,80.2,0.3136,0.0232,2.365,0.0,0.0,0,0.0,-0.0
0,120,2.4,stand,0.01734,0.01729,0.00128,0.01501,0.012,-2.36,73.0,0.3134,0.0219,2.318,0.0,0.0,0,0.0,-0.0
1,120,2.4,stand,0.01578,0.01546,0.00314,0.01567,0.012,-2.75,77.96,0.314,0.0222,2.384,0.0,0.0,0,0.0,-0.0
2,120,2.4,stand,0.01763,0.01399,0.01073,0.01321,0.012,-1.77,57.42,0.3137,0.0247,2.207,0.0,0.0,0,0.0,-0.0
3,120,2.4,stand,0.01951,0.01951,0.00014,0.01825,0.012,-2.49,78.97,0.3138,0.0231,2.321,0.0,0.0,0,0.0,-0.0
0,121,2.42,stand,0.01359,0.01325,0.00301,0.0115,0.012,-2.4,72.75,0.3135,0.0219,2.248,0.0,0.0,0,0.0,-0.0
1,121,2.42,stand,0.01447,0.01408,0.00332,0.01455,0.012,-2.77,78.05,0.3141,0.0221,2.35,0.0,0.0,0,0.0,-0.0
2,121,2.42,stand,0.01996,0.01661,0.01107,0.0156,0.012,-1.96,57.58,0.3141,0.0247,2.221,0.0,0.0,0,0.0,-0.0
3,121,2.42,stand,0.01662,0.01661,0.0007,0.01601,0.012,-2.78,78.67,0.314,0.023,2.273,0.0,0.0,0,0.0,-0.0
0,122,2.44,stand,0.0157,0.01561,0.00174,0.01543,0.012,-2.9,73.01,0.3137,0.0218,2.243,0.0,0.0,0,0.0,-0.0
1,122,2.44,stand,0.01381,0.0134,0.00334,0.015,0.012,-3.01,78.17,0.3142,0.0219,2.317,0.0,0.0,0,0.0,-0.0
2,122,2.44,stand,0.01954,0.0154,0.01202,0.01462,0.012,-1.8,57.46,0.3144,0.0247,2.189,0.0,0.0,0,0.0,-0.0
3,122,2.44,stand,0.01438,0.01426,0.00186,0.01417,0.012,-2.85,78.37,0.3141,0.0228,2.218,0.0,0.0,0,0.0,-0.0
0,123,2.46,stand,0.01594,0.01579,0.00221,0.01511,0.012,-2.91,71.97,0.3138,0.0217,2.202,0.0,0.0,0,0.0,-0.0
1,123,2.46,stand,0.01459,0.01409,0.00375,0.01595,0.012,-3.08,78.18,0.3143,0.0218,2.294,0.0,0.0,0,0.0,-0.0
2,123,2.46,stand,0.0178,0.01362,0.01145,0.01232,0.012,-1.33,61.02,0.3146,0.0247,2.143,0.0,0.0,0,0.0,-0.0
3,123,2.46,stand,0.01466,0.01459,0.00141,0.016,0.012,-3.25,78.43,0.3143,0.0227,2.188,0.0,0.0,0,0.0,-0.0
0,124,2.48,approach,0.01454,0.01426,0.00282,0.0124,0.012,-2.61,71.74,0.3139,0.0216,2.154,0.0,0.0,0,0.0,-0.0
1,124,2.48,approach,0.01507,0.01464,0.00357,0.01608,0.012,-3.03,78.18,0.3143,0.0217,2.272,0.0,0.0,0,0.0,-0.0
2,124,2.48,approach,0.01801,0.01457,0.01059,0.01171,0.012,-1.16,62.96,0.3148,0.0248,2.136,0.0,0.0,0,0.0,-0.0
3,124,2.48,approach,0.01753,0.01745,0.00166,0.01804,0.012,-3.27,77.44,0.3143,0.0226,2.176,0.0,0.0,0,0.0,-0.0
0,125,2.5,approach,0.01565,0.01546,0.00247,0.01305,0.012,-2.63,72.37,0.314,0.0215,2.149,0.0,0.0,0,0.0,-0.0
1,125,2.5,approach,0.01529,0.01488,0.00351,0.01492,0.012,-2.86,78.32,0.3143,0.0215,2.257,0.0,0.0,0,0.0,-0.0
2,125,2.5,approach,0.0201,0.0165,0.01148,0.01291,0.012,-1.01,63.41,0.3149,0.0249,2.102,0.0,0.0,0,0.0,-0.0
3,125,2.5,approach,0.01621,0.01604,0.00237,0.01531,0.012,-3.05,77.45,0.3144,0.0224,2.143,0.0,0.0,0,0.0,-0.0
0,126,2.52,approach,0.01657,0.01626,0.00321,0.01366,0.012,-2.7,72.8,0.3141,0.0215,2.139,0.0,0.0,0,0.0,-0.0
1,126,2.52,approach,0.01445,0.01405,0.00337,0.01371,0.012,-2.96,78.58,0.3143,0.0213,2.239,0.0,0.0,0,0.0,-0.0
2,126,2.52,approach,0.02217,0.01784,0.01317,0.01486,0.012,-0.96,63.16,0.3151,0.0251,2.058,0.0,0.0,0,0.0,-0.0
3,126,2.52,approach,0.01383,0.01346,0.00317,0.01207,0.012,-2.97,77.86,0.3144,0.0223,2.106,0.0,0.0,0,0.0,-0.0
0,127,2.54,approach,0.01479,0.01414,0.00434,0.01153,0.012,-2.77,73.35,0.3142,0.0214,2.098,0.0,0.0,0,0.0,-0.0
1,127,2.54,approach,0.0136,0.01288,0.00436,0.01235,0.012,-3.03,78.51,0.3143,0.0212,2.207,0.0,0.0,0,0.0,-0.0
2,127,2.54,approach,0.024,0.01896,0.01472,0.01672,0.012,-0.88,62.37,0.3152,0.0253,2.009,0.0,0.0,0,0.0,-0.0
3,127,2.54,approach,0.01222,0.01175,0.00335,0.01257,0.012,-3.43,79.3,0.3145,0.0221,2.086,0.0,0.0,0,0.0,-0.0
0,128,2.56,approach,0.01232,0.01128,0.00496,0.00946,0.012,-2.96,73.84,0.3142,0.0214,2.048,0.0,0.0,0,0.0,-0.0
1,128,2.56,approach,0.0117,0.0106,0.00494,0.01076,0.012,-3.23,78.42,0.3143,0.0211,2.161,0.0,0.0,0,0.0,-0.0
2,128,2.56,approach,0.02655,0.02092,0.01634,0.01915,0.012,-0.79,60.36,0.3152,0.0255,1.973,0.0,0.0,0,0.0,-0.0
3,128,2.56,approach,0.01014,0.00894,0.00477,0.0106,0.012,-3.41,79.74,0.3144,0.022,2.026,0.0,0.0,0,0.0,-0.0
0,129,2.58,approach,0.01291,0.01154,0.0058,0.00942,0.012,-2.89,74.16,0.3142,0.0213,2.01,0.0,0.0,0,0.0,-0.0
1,129,2.58,approach,0.01319,0.01196,0.00556,0.01138,0.012,-3.16,78.55,0.3143,0.021,2.136,0.0,0.0,0,0.0,-0.0
2,129,2.58,approach,0.02767,0.02141,0.01752,0.02041,0.012,-0.84,60.11,0.3153,0.0258,1.928,0.0,0.0,0,0.0,-0.0
3,129,2.58,approach,0.01377,0.01305,0.0044,0.01263,0.012,-3.05,81.64,0.3143,0.0219,2.026,0.0,0.0,0,0.0,-0.0
0,130,2.6,approach,0.01385,0.01277,0.00538,0.01047,0.012,-2.96,74.72,0.3142,0.0213,1.987,0.0,0.0,0,0.0,-0.0
1,130,2.6,approach,0.01322,0.01191,0.00575,0.01095,0.012,-3.21,78.47,0.3142,0.0209,2.096,0.0,0.0,0,0.0,-0.0
2,130,2.6,approach,0.02807,0.02161,0.01792,0.02072,0.012,-1.18,60.2,0.3153,0.026,1.912,0.0,0.0,0,0.0,-0.0
3,130,2.6,approach,0.01448,0.01384,0.00425,0.01163,0.012,-2.86,82.3,0.3142,0.0218,1.998,0.0,0.0,0,0.0,-0.0
0,131,2.62,approach,0.01635,0.01543,0.0054,0.01228,0.012,-2.93,74.7,0.3142,0.0213,1.972,0.0,0.0,0,0.0,-0.0
1,131,2.62,approach,0.01634,0.0149,0.0067,0.0132,0.012,-3.09,78.33,0.314,0.0208,2.076,0.0,0.0,0,0.0,-0.0
2,131,2.62,approach,0.03052,0.02406,0.01878,0.02274,0.012,-1.14,60.38,0.3152,0.0262,1.89,0.0,0.0,0,0.0,-0.0
3,131,2.62,approach,0.01379,0.01299,0.0046,0.01036,0.012,-2.98,82.23,0.3141,0.0217,1.958,0.0,0.0,0,0.0,-0.0
0,132,2.64,approach,0.0168,0.01555,0.00636,0.01199,0.012,-2.98,74.36,0.3141,0.0213,1.94,0.0,0.0,0,0.0,-0.0
1,132,2.64,approach,0.01736,0.01542,0.00797,0.01349,0.012,-3.15,77.74,0.3139,0.0207,2.047,0.0,0.0,0,0.0,-0.0
2,132,2.64,approach,0.03096,0.02441,0.01903,0.0231,0.012,-1.23,60.8,0.3152,0.0264,1.838,0.0,0.0,0,0.0,-0.0
3,132,2.64,approach,0.01295,0.01154,0.00588,0.00989,0.012,-3.23,82.01,0.314,0.0216,1.917,0.0,0.0,0,0.0,-0.0
0,133,2.66,approach,0.0159,0.01411,0.00732,0.01092,0.012,-3.18,73.99,0.314,0.0212,1.9,0.0,0.0,0,0.0,-0.0
1,133,2.66,approach,0.01521,0.01257,0.00856,0.01135,0.012,-3.44,77.35,0.3138,0.0206,1.993,0.0,0.0,0,0.0,-0.0
2,133,2.66,approach,0.0321,0.02543,0.01958,0.02438,0.012,-1.53,61.35,0.3152,0.0266,1.815,0.0,0.0,0,0.0,-0.0
3,133,2.66,approach,0.01213,0.00984,0.00709,0.00879,0.012,-3.28,81.8,0.3138,0.0216,1.853,0.0,0.0,0,0.0,-0.0
0,134,2.68,approach,0.01619,0.01405,0.00806,0.01146,0.012,-3.38,73.73,0.314,0.0212,1.877,0.0,0.0,0,0.0,-0.0
1,134,2.68,approach,0.01667,0.01347,0.00982,0.01326,0.012,-3.67,77.03,0.3138,0.0206,1.975,0.0,0.0,0,0.0,-0.0
2,134,2.68,approach,0.03521,0.02825,0.02101,0.02745,0.012,-1.49,61.78,0.3152,0.0268,1.788,0.0,0.0,0,0.0,-0.0
3,134,2.68,approach,0.01254,0.01063,0.00665,0.01029,0.012,-3.53,81.72,0.3137,0.0215,1.828,0.0,0.0,0,0.0,-0.0
0,135,2.7,approach,0.01623,0.01329,0.0093,0.01139,0.012,-3.45,73.54,0.3139,0.0213,1.835,0.0,0.0,0,0.0,-0.0
1,135,2.7,approach,0.01599,0.0122,0.01033,0.01219,0.012,-3.7,77.33,0.3136,0.0205,1.93,0.0,0.0,0,0.0,-0.0
2,135,2.7,approach,0.03755,0.03056,0.02182,0.02961,0.012,-1.49,62.41,0.3151,0.0271,1.764,0.0,0.0,0,0.0,-0.0
3,135,2.7,approach,0.01731,0.01565,0.0074,0.01327,0.012,-3.29,79.96,0.3135,0.0215,1.816,0.0,0.0,0,0.0,-0.0
0,136,2.72,approach,0.01516,0.01149,0.00989,0.01059,0.012,-3.6,73.63,0.3138,0.0213,1.778,0.0,0.0,0,0.0,-0.0
1,136,2.72,approach,0.01424,0.01059,0.00953,0.01086,0.012,-3.97,77.86,0.3135,0.0204,1.891,0.0,0.0,0,0.0,-0.0
2,136,2.72,approach,0.0384,0.03153,0.02192,0.03043,0.012,-1.69,63.7,0.3152,0.0273,1.741,0.0,0.0,0,0.0,-0.0
3,136,2.72,approach,0.01718,0.01515,0.00811,0.0119,0.012,-3.25,79.85,0.3133,0.0215,1.773,0.0,0.0,0,0.0,-0.0
0,137,2.74,approach,0.01642,0.01395,0.00865,0.01062,0.012,-3.31,75.81,0.3136,0.0212,1.762,0.0,0.0,0,0.0,-0.0
1,137,2.74,approach,0.01448,0.0101,0.01037,0.0108,0.012,-3.99,77.92,0.3134,0.0204,1.843,0.0,0.0,0,0.0,-0.0
2,137,2.74,approach,0.03756,0.02998,0.02263,0.0298,0.012,-2.07,63.8,0.3152,0.0275,1.69,0.0,0.0,0,0.0,-0.0
3,137,2.74,approach,0.01509,0.01235,0.00867,0.0104,0.012,-3.63,79.7,0.3132,0.0215,1.725,0.0,0.0,0,0.0,-0.0
0,138,2.76,approach,0.01955,0.0176,0.00851,0.01284,0.012,-2.95,76.75,0.3134,0.0213,1.743,0.0,0.0,0,0.0,-0.0
1,138,2.76,approach,0.01592,0.01216,0.01027,0.01134,0.012,-3.56,81.64,0.3132,0.0204,1.812,0.0,0.0,0,0.0,-0.0
2,138,2.76,approach,0.03679,0.02818,0.02365,0.02936,0.012,-2.31,64.01,0.3152,0.0277,1.629,0.0,0.0,0,0.0,-0.0
3,138,2.76,approach,0.01646,0.01323,0.00981,0.0129,0.012,-3.91,79.77,0.3131,0.0215,1.721,0.0,0.0,0,0.0,-0.0
0,139,2.78,approach,0.01976,0.01659,0.01073,0.0136,0.012,-3.43,72.5,0.3133,0.0214,1.681,0.0,0.0,0,0.0,-0.0
1,139,2.78,approach,0.01759,0.01431,0.01022,0.01395,0.012,-3.94,81.11,0.3131,0.0203,1.804,0.0,0.0,0,0.0,-0.0
2,139,2.78,approach,0.03734,0.02825,0.02442,0.03006,0.012,-2.44,64.51,0.3152,0.0279,1.594,0.0,0.0,0,0.0,-0.0
3,139,2.78,approach,0.01737,0.01357,0.01084,0.01261,0.012,-3.7,80.48,0.3129,0.0216,1.682,0.0,0.0,0,0.0,-0.0
0,140,2.8,approach,0.01978,0.01517,0.01269,0.01445,0.012,-3.67,71.62,0.3132,0.0215,1.634,0.0,0.0,0,0.0,-0.0
1,140,2.8,approach,0.01777,0.01318,0.01192,0.01359,0.012,-4.21,78.27,0.3129,0.0204,1.743,0.0,0.0,0,0.0,-0.0
2,140,2.8,approach,0.0375,0.02807,0.02487,0.03028,0.012,-2.5,65.08,0.3152,0.0282,1.55,0.0,0.0,0,0.0,-0.0
3,140,2.8,approach,0.0159,0.01205,0.01036,0.01061,0.012,-3.64,82.97,0.3127,0.0215,1.632,0.0,0.0,0,0.0,-0.0
0,141,2.82,approach,0.02051,0.01485,0.01415,0.01553,0.012,-3.93,68.75,0.3131,0.0217,1.595,0.0,0.0,0,0.0,-0.0
1,141,2.82,approach,0.01821,0.0123,0.01343,0.01371,0.012,-4.5,74.15,0.3128,0.0205,1.682,0.0,0.0,0,0.0,-0.0
2,141,2.82,approach,0.03733,0.02746,0.02529,0.03029,0.012,-2.64,65.66,0.3152,0.0284,1.503,0.0,0.0,0,0.0,-0.0
3,141,2.82,approach,0.01364,0.00935,0.00992,0.01062,0.012,-4.23,82.93,0.3126,0.0216,1.607,0.0,0.0,0,0.0,-0.0
0,142,2.84,approach,0.02003,0.01326,0.01502,0.01574,0.012,-4.09,68.26,0.313,0.0218,1.535,0.0,0.0,0,0.0,-0.0
1,142,2.84,approach,0.01654,0.0096,0.01347,0.01311,0.012,-4.97,73.84,0.3127,0.0205,1.637,0.0,0.0,0,0.0,-0.0
2,142,2.84,approach,0.03844,0.02822,0.0261,0.03166,0.012,-2.85,66.13,0.3152,0.0287,1.476,0.0,0.0,0,0.0,-0.0
3,142,2.84,approach,0.01303,0.00791,0.01036,0.01093,0.012,-4.57,82.56,0.3124,0.0217,1.56,0.0,0.0,0,0.0,-0.0
0,143,2.86,approach,0.02007,0.01207,0.01604,0.01674,0.012,-4.54,65.37,0.3129,0.0219,1.501,0.0,0.0,0,0.0,-0.0
1,143,2.86,approach,0.01701,0.0095,0.0141,0.01357,0.012,-5.03,73.64,0.3125,0.0206,1.592,0.0,0.0,0,0.0,-0.0
2,143,2.86,approach,0.03864,0.02792,0.02672,0.03193,0.012,-2.96,66.38,0.3152,0.029,1.425,0.0,0.0,0,0.0,-0.0
3,143,2.86,approach,0.01413,0.00853,0.01127,0.0111,0.012,-4.65,80.0,0.3122,0.0218,1.502,0.0,0.0,0,0.0,-0.0
0,144,2.88,approach,0.01951,0.00933,0.01714,0.01809,0.012,-4.99,65.04,0.3128,0.0221,1.441,0.0,0.0,0,0.0,-0.0
1,144,2.88,approach,0.01805,0.01214,0.01336,0.013,0.012,-4.52,77.42,0.3123,0.0206,1.558,0.0,0.0,0,0.0,-0.0
2,144,2.88,approach,0.03947,0.02861,0.02719,0.0326,0.012,-2.97,66.53,0.3152,0.0292,1.386,0.0,0.0,0,0.0,-0.0
3,144,2.88,approach,0.01349,0.00771,0.01107,0.01199,0.012,-5.1,77.94,0.312,0.0219,1.444,0.0,0.0,0,0.0,-0.0
0,145,2.9,approach,0.01779,0.00668,0.01649,0.01775,0.012,-5.58,64.65,0.3127,0.0222,1.403,0.0,0.0,0,0.0,-0.0
1,145,2.9,approach,0.01792,0.01249,0.01285,0.01338,0.012,-4.93,77.24,0.3122,0.0206,1.55,0.0,0.0,0,0.0,-0.0
2,145,2.9,approach,0.03914,0.02794,0.0274,0.03227,0.012,-3.08,66.67,0.3153,0.0295,1.336,0.0,0.0,0,0.0,-0.0
3,145,2.9,approach,0.01181,0.00605,0.01015,0.01317,0.012,-5.63,77.67,0.3118,0.022,1.387,0.0,0.0,0,0.0,-0.0
0,146,2.92,approach,0.01644,0.00478,0.01573,0.01748,0.012,-6.08,64.49,0.3126,0.0224,1.367,0.0,0.0,0,0.0,-0.0
1,146,2.92,approach,0.01832,0.01104,0.01462,0.01448,0.012,-5.32,74.67,0.3121,0.0208,1.489,0.0,0.0,0,0.0,-0.0
2,146,2.92,approach,0.03921,0.02768,0.02778,0.03246,0.012,-3.29,66.71,0.3153,0.0298,1.299,0.0,0.0,0,0.0,-0.0
3,146,2.92,approach,0.01007,0.0035,0.00944,0.01221,0.012,-5.96,77.77,0.3115,0.0222,1.393,0.0,0.0,0,0.0,-0.0
0,147,2.94,approach,0.0164,0.00427,0.01583,0.01785,0.012,-6.28,64.08,0.3125,0.0226,1.314,0.0,0.0,0,0.0,-0.0
1,147,2.94,approach,0.01969,0.01157,0.01593,0.0156,0.012,-5.38,73.07,0.3121,0.0209,1.443,0.0,0.0,0,0.0,-0.0
2,147,2.94,approach,0.03995,0.02802,0.02848,0.0332,0.012,-3.4,66.65,0.3153,0.0302,1.263,0.0,0.0,0,0.0,-0.0
3,147,2.94,approach,0.01166,0.00649,0.00969,0.01052,0.012,-5.54,77.86,0.3112,0.0223,1.333,0.0,0.0,0,0.0,-0.0
0,148,2.96,approach,0.01741,0.00533,0.01657,0.01899,0.012,-6.32,63.67,0.3123,0.0228,1.248,0.0,0.0,0,0.0,-0.0
1,148,2.96,approach,0.01815,0.00911,0.0157,0.01509,0.012,-5.76,72.87,0.312,0.021,1.377,0.0,0.0,0,0.0,-0.0
2,148,2.96,approach,0.04004,0.02779,0.02882,0.03321,0.012,-3.49,66.51,0.3153,0.0305,1.219,0.0,0.0,0,0.0,-0.0
3,148,2.96,approach,0.01117,0.00767,0.00812,0.00891,0.012,-5.51,78.18,0.3109,0.0224,1.296,0.0,0.0,0,0.0,-0.0
0,149,2.98,approach,0.01664,0.00417,0.01611,0.01946,0.012,-6.77,63.43,0.3122,0.0231,1.196,0.0,0.0,0,0.0,-0.0
1,149,2.98,approach,0.0166,0.00672,0.01518,0.01494,0.012,-6.37,72.39,0.312,0.0211,1.338,0.0,0.0,0,0.0,-0.0
2,149,2.98,approach,0.03999,0.02764,0.02891,0.03315,0.012,-3.65,66.39,0.3154,0.0309,1.183,0.0,0.0,0,0.0,-0.0
3,149,2.98,approach,0.0143,0.01171,0.0082,0.00928,0.012,-5.18,78.73,0.3107,0.0226,1.289,0.0,0.0,0,0.0,-0.0
0,150,3.0,approach,0.01634,0.00384,0.01588,0.01984,0.012,-7.09,63.2,0.3122,0.0233,1.143,0.0,0.0,0,0.0,-0.0
1,150,3.0,approach,0.01622,0.00608,0.01504,0.01522,0.012,-6.8,71.95,0.312,0.0213,1.31,0.0,0.0,0,0.0,-0.0
2,150,3.0,approach,0.04069,0.02836,0.02918,0.03385,0.012,-3.87,66.32,0.3154,0.0313,1.168,0.0,0.0,0,0.0,-0.0
3,150,3.0,approach,0.01691,0.01481,0.00816,0.00912,0.012,-4.38,82.88,0.3105,0.0227,1.247,0.0,0.0,0,0.0,-0.0
0,151,3.02,approach,0.01521,0.00441,0.01456,0.01686,0.012,-6.82,63.86,0.312,0.0236,1.113,0.0,0.0,0,0.0,-0.0
1,151,3.02,approach,0.01712,0.0076,0.01534,0.01502,0.012,-6.57,71.6,0.3119,0.0215,1.243,0.0,0.0,0,0.0,-0.0
2,151,3.02,approach,0.04094,0.0284,0.02948,0.03411,0.012,-4.03,66.16,0.3154,0.0317,1.137,0.0,0.0,0,0.0,-0.0
3,151,3.02,approach,0.01997,0.01819,0.00823,0.01149,0.012,-4.11,83.43,0.3103,0.0229,1.226,0.0,0.0,0,0.0,-0.0
0,152,3.04,approach,0.01427,0.0047,0.01347,0.01552,0.012,-7.14,63.36,0.3119,0.0238,1.095,0.0,0.0,0,0.0,-0.0
1,152,3.04,approach,0.01614,0.00626,0.01488,0.01519,0.012,-7.0,71.16,0.3119,0.0216,1.198,0.0,0.0,0,0.0,-0.0
2,152,3.04,approach,0.04,0.02703,0.02949,0.03319,0.012,-4.22,66.02,0.3153,0.0321,1.092,0.0,0.0,0,0.0,-0.0
3,152,3.04,approach,0.02365,0.02174,0.00929,0.01549,0.012,-4.05,83.49,0.3101,0.0231,1.214,0.0,0.0,0,0.0,-0.0
0,153,3.06,approach,0.01498,0.00443,0.01431,0.01631,0.012,-7.31,62.46,0.3119,0.0241,1.042,0.0,0.0,0,0.0,-0.0
1,153,3.06,approach,0.01603,0.00546,0.01507,0.01635,0.012,-7.39,70.93,0.3119,0.0218,1.152,0.0,0.0,0,0.0,-0.0
2,153,3.06,approach,0.03978,0.02639,0.02977,0.03303,0.012,-4.35,66.06,0.3153,0.0325,1.058,0.0,0.0,0,0.0,-0.0
3,153,3.06,approach,0.02546,0.02261,0.01169,0.01615,0.012,-3.86,82.94,0.31,0.0234,1.149,0.0,0.0,0,0.0,-0.0
0,154,3.08,approach,0.01461,0.00302,0.01429,0.01689,0.012,-7.73,61.72,0.3119,0.0244,0.994,0.0,0.0,0,0.0,-0.0
1,154,3.08,approach,0.01742,0.00886,0.015,0.01831,0.012,-7.5,70.78,0.3119,0.022,1.067,0.0,0.0,0,0.0,-0.0
2,154,3.08,approach,0.04004,0.02652,0.03001,0.03339,0.012,-4.52,66.26,0.3153,0.0329,1.036,0.0,0.0,0,0.0,-0.0
3,154,3.08,approach,0.02492,0.02133,0.01288,0.01571,0.012,-4.18,82.07,0.31,0.0236,1.09,0.0,0.0,0,0.0,-0.0
0,155,3.1,approach,0.01407,0.00243,0.01386,0.01696,0.012,-8.09,61.43,0.3119,0.0246,0.959,0.0,0.0,0,0.0,-0.0
1,155,3.1,approach,0.01434,0.00306,0.01401,0.01601,0.012,-8.01,71.12,0.3119,0.0222,1.057,0.0,0.0,0,0.0,-0.0
2,155,3.1,approach,0.03952,0.02603,0.02974,0.03279,0.012,-4.69,66.32,0.3152,0.0333,0.998,0.0,0.0,0,0.0,-0.0
3,155,3.1,approach,0.02434,0.01992,0.014,0.0162,0.012,-4.65,80.9,0.31,0.0239,1.059,0.0,0.0,0,0.0,-0.0
0,156,3.12,approach,0.01429,0.00301,0.01397,0.01653,0.012,-8.07,61.22,0.3118,0.0249,0.919,0.0,0.0,0,0.0,-0.0
1,156,3.12,approach,0.01529,0.00506,0.01442,0.0148,0.012,-7.75,71.24,0.3118,0.0225,1.024,0.0,0.0,0,0.0,-0.0
2,156,3.12,approach,0.03913,0.02589,0.02934,0.03227,0.012,-4.84,66.27,0.3152,0.0337,0.964,0.0,0.0,0,0.0,-0.0
3,156,3.12,approach,0.02761,0.02277,0.01562,0.01965,0.012,-4.77,77.39,0.3099,0.0242,1.033,0.0,0.0,0,0.0,-0.0
0,157,3.14,approach,0.01435,0.00322,0.01398,0.01677,0.012,-8.16,61.04,0.3118,0.0251,0.869,0.0,0.0,0,0.0,-0.0
1,157,3.14,approach,0.01666,0.0082,0.0145,0.01491,0.012,-7.56,70.81,0.3117,0.0227,0.962,0.0,0.0,0,0.0,-0.0
2,157,3.14,approach,0.03942,0.02648,0.02919,0.03248,0.012,-5.0,66.23,0.3151,0.0341,0.94,0.0,0.0,0,0.0,-0.0
3,157,3.14,approach,0.02978,0.02501,0.01617,0.02097,0.012,-4.43,76.99,0.3098,0.0244,0.959,0.0,0.0,0,0.0,-0.0
0,158,3.16,approach,0.01373,0.00228,0.01354,0.01654,0.012,-8.48,61.05,0.3119,0.0254,0.845,0.0,0.0,0,0.0,-0.0
1,158,3.16,approach,0.01606,0.0064,0.01473,0.01548,0.012,-8.07,69.84,0.3118,0.023,0.927,0.0,0.0,0,0.0,-0.0
2,158,3.16,approach,0.03965,0.02714,0.0289,0.03263,0.012,-5.22,66.15,0.3151,0.0345,0.919,0.0,0.0,0,0.0,-0.0
3,158,3.16,approach,0.03012,0.02564,0.01581,0.02122,0.012,-4.64,76.53,0.3099,0.0246,0.925,0.0,0.0,0,0.0,-0.0
0,159,3.18,approach,0.01421,0.00319,0.01385,0.01655,0.012,-8.48,61.08,0.3119,0.0256,0.803,0.0,0.0,0,0.0,-0.0
1,159,3.18,approach,0.01527,0.00447,0.0146,0.01624,0.012,-8.6,69.59,0.3119,0.0232,0.889,0.0,0.0,0,0.0,-0.0
2,159,3.18,approach,0.03893,0.02686,0.02818,0.03179,0.012,-5.48,66.01,0.315,0.0349,0.89,0.0,0.0,0,0.0,-0.0
3,159,3.18,approach,0.03153,0.02741,0.01557,0.02325,0.012,-5.04,76.48,0.31,0.0247,0.922,0.0,0.0,0,0.0,-0.0
0,160,3.2,approach,0.0138,0.00348,0.01336,0.01614,0.012,-8.58,61.31,0.3119,0.0258,0.766,0.0,0.0,0,0.0,-0.0
1,160,3.2,approach,0.01432,0.00353,0.01388,0.01527,0.012,-8.82,69.6,0.3119,0.0234,0.865,0.0,0.0,0,0.0,-0.0
2,160,3.2,approach,0.03739,0.02534,0.02749,0.0302,0.012,-5.67,65.81,0.315,0.0352,0.841,0.0,0.0,0,0.0,-0.0
3,160,3.2,approach,0.03651,0.03262,0.0164,0.02839,0.012,-4.93,76.42,0.3102,0.025,0.914,0.0,0.0,0,0.0,-0.0
0,161,3.22,approach,0.01394,0.00401,0.01335,0.01644,0.012,-8.68,61.49,0.3119,0.0261,0.725,0.0,0.0,0,0.0,-0.0
1,161,3.22,approach,0.01521,0.00672,0.01364,0.01502,0.012,-8.63,69.63,0.3119,0.0237,0.813,0.0,0.0,0,0.0,-0.0
2,161,3.22,approach,0.03732,0.0254,0.02734,0.0301,0.012,-5.87,65.78,0.3149,0.0356,0.819,0.0,0.0,0,0.0,-0.0
3,161,3.22,approach,0.03512,0.03078,0.0169,0.02617,0.012,-4.96,76.32,0.3104,0.0251,0.831,0.0,0.0,0,0.0,-0.0
0,162,3.24,approach,0.01307,0.00289,0.01275,0.01604,0.012,-8.96,61.76,0.3119,0.0263,0.7,0.0,0.0,0,0.0,-0.0
1,162,3.24,approach,0.01431,0.00553,0.0132,0.01504,0.012,-8.99,69.62,0.3119,0.0239,0.783,0.0,0.0,0,0.0,-0.0
2,162,3.24,approach,0.03692,0.02506,0.02711,0.02977,0.012,-6.07,65.8,0.3149,0.036,0.786,0.0,0.0,0,0.0,-0.0
3,162,3.24,approach,0.03455,0.0308,0.01565,0.02579,0.012,-5.37,77.38,0.3108,0.0252,0.806,0.0,0.0,0,0.0,-0.0
0,163,3.26,approach,0.01363,0.00405,0.01302,0.01579,0.012,-8.91,61.97,0.3119,0.0265,0.669,0.0,0.0,0,0.0,-0.0
1,163,3.26,approach,0.01444,0.00483,0.01361,0.01514,0.012,-9.14,69.93,0.3119,0.0242,0.758,0.0,0.0,0,0.0,-0.0
2,163,3.26,approach,0.03697,0.02557,0.0267,0.02964,0.012,-6.2,65.82,0.3148,0.0363,0.759,0.0,0.0,0,0.0,-0.0
3,163,3.26,approach,0.03388,0.02959,0.0165,0.0253,0.012,-5.84,77.14,0.3111,0.0253,0.773,0.0,0.0,0,0.0,-0.0
0,164,3.28,approach,0.0141,0.00537,0.01304,0.01594,0.012,-8.9,62.18,0.3118,0.0267,0.63,0.0,0.0,0,0.0,-0.0
1,164,3.28,approach,0.01573,0.0072,0.01399,0.01509,0.012,-8.93,70.31,0.3119,0.0245,0.72,0.0,0.0,0,0.0,-0.0
2,164,3.28,approach,0.03633,0.0252,0.02617,0.02893,0.012,-6.33,65.8,0.3147,0.0367,0.722,0.0,0.0,0,0.0,-0.0
3,164,3.28,approach,0.03341,0.02867,0.01716,0.02409,0.012,-5.63,79.44,0.3114,0.0254,0.696,0.0,0.0,0,0.0,-0.0
0,165,3.3,approach,0.01291,0.00418,0.01221,0.01596,0.012,-9.27,62.4,0.3118,0.0269,0.602,0.0,0.0,0,0.0,-0.0
1,165,3.3,approach,0.01585,0.00852,0.01336,0.01553,0.012,-9.03,70.67,0.3119,0.0247,0.674,0.0,0.0,0,0.0,-0.0
2,165,3.3,approach,0.03626,0.02523,0.02605,0.02885,0.012,-6.51,65.78,0.3147,0.037,0.694,0.0,0.0,0,0.0,-0.0
3,165,3.3,approach,0.03219,0.02806,0.01578,0.02272,0.012,-5.87,80.41,0.3118,0.0254,0.668,0.0,0.0,0,0.0,-0.0
0,166,3.32,approach,0.01205,0.00317,0.01163,0.01545,0.012,-9.51,62.58,0.3118,0.027,0.583,0.0,0.0,0,0.0,-0.0
1,166,3.32,approach,0.01359,0.00534,0.01249,0.01521,0.012,-9.61,70.98,0.312,0.0249,0.657,0.0,0.0,0,0.0,-0.0
2,166,3.32,approach,0.03663,0.02558,0.02622,0.02936,0.012,-6.73,65.77,0.3146,0.0374,0.672,0.0,0.0,0,0.0,-0.0
3,166,3.32,approach,0.03458,0.03068,0.01596,0.02539,0.012,-5.8,81.7,0.3121,0.0255,0.661,0.0,0.0,0,0.0,-0.0
0,167,3.34,approach,0.01254,0.00452,0.01169,0.01532,0.012,-9.48,62.67,0.3117,0.0272,0.55,0.0,0.0,0,0.0,-0.0
1,167,3.34,approach,0.01303,0.00436,0.01228,0.01452,0.012,-9.73,71.42,0.312,0.0251,0.637,0.0,0.0,0,0.0,-0.0
2,167,3.34,approach,0.03627,0.02529,0.026,0.02902,0.012,-6.91,65.7,0.3146,0.0377,0.636,0.0,0.0,0,0.0,-0.0
3,167,3.34,approach,0.03515,0.03107,0.01645,0.02576,0.012,-5.84,81.93,0.3124,0.0256,0.611,0.0,0.0,0,0.0,-0.0
0,168,3.36,approach,0.01225,0.00461,0.01135,0.01509,0.012,-9.61,62.77,0.3116,0.0274,0.524,0.0,0.0,0,0.0,-0.0
1,168,3.36,approach,0.01388,0.00742,0.01173,0.0141,0.012,-9.52,71.86,0.3119,0.0253,0.591,0.0,0.0,0,0.0,-0.0
2,168,3.36,approach,0.03595,0.02526,0.02558,0.02853,0.012,-7.03,65.63,0.3145,0.038,0.603,0.0,0.0,0,0.0,-0.0
3,168,3.36,approach,0.03562,0.03148,0.01667,0.02643,0.012,-6.05,82.07,0.3127,0.0257,0.585,0.0,0.0,0,0.0,-0.0
0,169,3.38,approach,0.01224,0.00478,0.01127,0.0154,0.012,-9.77,62.87,0.3115,0.0275,0.495,0.0,0.0,0,0.0,-0.0
1,169,3.38,approach,0.01252,0.00599,0.011,0.01429,0.012,-9.94,71.88,0.3119,0.0255,0.565,0.0,0.0,0,0.0,-0.0
2,169,3.38,approach,0.03591,0.02533,0.02545,0.02846,0.012,-7.18,65.56,0.3145,0.0383,0.574,0.0,0.0,0,0.0,-0.0
3,169,3.38,approach,0.03687,0.03276,0.01693,0.02785,0.012,-6.16,82.29,0.313,0.0258,0.568,0.0,0.0,0,0.0,-0.0
0,170,3.4,approach,0.0117,0.00405,0.01098,0.01509,0.012,-9.97,62.93,0.3114,0.0277,0.475,0.0,0.0,0,0.0,-0.0
1,170,3.4,approach,0.01181,0.00409,0.01108,0.01454,0.012,-10.29,71.94,0.3119,0.0258,0.549,0.0,0.0,0,0.0,-0.0
2,170,3.4,approach,0.03603,0.02542,0.02554,0.02867,0.012,-7.38,65.47,0.3145,0.0387,0.546,0.0,0.0,0,0.0,-0.0
3,170,3.4,approach,0.03803,0.03401,0.01701,0.02904,0.012,-6.24,82.48,0.3133,0.0258,0.545,0.0,0.0,0,0.0,-0.0
0,171,3.42,approach,0.01215,0.00468,0.01121,0.01489,0.012,-9.98,62.98,0.3112,0.0279,0.451,0.0,0.0,0,0.0,-0.0
1,171,3.42,approach,0.0122,0.00584,0.0107,0.01444,0.012,-10.27,72.19,0.3118,0.026,0.508,0.0,0.0,0,0.0,-0.0
2,171,3.42,approach,0.03594,0.02536,0.02547,0.02857,0.012,-7.56,65.34,0.3145,0.039,0.513,0.0,0.0,0,0.0,-0.0
3,171,3.42,approach,0.03897,0.03514,0.01684,0.03027,0.012,-6.45,82.55,0.3136,0.026,0.535,0.0,0.0,0,0.0,-0.0
0,172,3.44,approach,0.01268,0.00573,0.01131,0.01574,0.012,-10.08,63.11,0.311,0.028,0.413,0.0,0.0,0,0.0,-0.0
1,172,3.44,approach,0.01176,0.00656,0.00976,0.01477,0.012,-10.48,72.28,0.3117,0.0262,0.471,0.0,0.0,0,0.0,-0.0
2,172,3.44,approach,0.03578,0.02539,0.02522,0.0283,0.012,-7.68,65.2,0.3145,0.0393,0.48,0.0,0.0,0,0.0,-0.0
3,172,3.44,approach,0.04123,0.03789,0.01626,0.0334,0.012,-6.82,82.47,0.3139,0.0261,0.552,0.0,0.0,0,0.0,-0.0
0,173,3.46,approach,0.01232,0.00542,0.01107,0.01664,0.012,-10.41,63.08,0.3109,0.0282,0.373,0.0,0.0,0,0.0,-0.0
1,173,3.46,approach,0.01147,0.00669,0.00932,0.01557,0.012,-10.79,72.2,0.3116,0.0263,0.433,0.0,0.0,0,0.0,-0.0
2,173,3.46,approach,0.03566,0.02536,0.02506,0.02811,0.012,-7.82,65.07,0.3145,0.0396,0.447,0.0,0.0,0,0.0,-0.0
3,173,3.46,approach,0.03839,0.03477,0.01627,0.03022,0.012,-7.45,81.76,0.3142,0.0262,0.503,0.0,0.0,0,0.0,-0.0
0,174,3.48,approach,0.01129,0.0043,0.01044,0.01714,0.012,-10.84,63.09,0.3108,0.0283,0.334,0.0,0.0,0,0.0,-0.0
1,174,3.48,approach,0.0116,0.0074,0.00893,0.01657,0.012,-11.05,72.12,0.3116,0.0265,0.384,0.0,0.0,0,0.0,-0.0
2,174,3.48,approach,0.03581,0.02551,0.02514,0.02828,0.012,-8.0,64.94,0.3145,0.0398,0.419,0.0,0.0,0,0.0,-0.0
3,174,3.48,approach,0.0359,0.03203,0.01621,0.02733,0.012,-7.84,81.51,0.3145,0.0263,0.455,0.0,0.0,0,0.0,-0.0
0,175,3.5,approach,0.00974,0.0016,0.00961,0.01576,0.012,-11.06,63.1,0.3106,0.0284,0.312,0.0,0.0,0,0.0,-0.0
1,175,3.5,approach,0.01005,0.0057,0.00828,0.01642,0.012,-11.42,72.04,0.3115,0.0267,0.354,0.0,0.0,0,0.0,-0.0
2,175,3.5,approach,0.03573,0.02538,0.02515,0.02821,0.012,-8.17,64.8,0.3145,0.0401,0.385,0.0,0.0,0,0.0,-0.0
3,175,3.5,approach,0.03579,0.03195,0.01614,0.02742,0.012,-8.08,81.53,0.3148,0.0264,0.442,0.0,0.0,0,0.0,-0.0
0,176,3.52,approach,0.00906,0.0006,0.00904,0.01431,0.012,-11.15,62.96,0.3104,0.0285,0.297,0.0,0.0,0,0.0,-0.0
1,176,3.52,approach,0.00828,0.00327,0.0076,0.01559,0.012,-11.72,71.93,0.3114,0.0269,0.344,0.0,0.0,0,0.0,-0.0
2,176,3.52,approach,0.03593,0.02572,0.02508,0.02831,0.012,-8.3,64.7,0.3145,0.0404,0.355,0.0,0.0,0,0.0,-0.0
3,176,3.52,approach,0.03663,0.03291,0.0161,0.02909,0.012,-8.26,81.74,0.315,0.0265,0.434,0.0,0.0,0,0.0,-0.0
0,177,3.54,approach,0.00971,0.00201,0.0095,0.01422,0.012,-11.13,62.66,0.3103,0.0287,0.258,0.0,0.0,0,0.0,-0.0
1,177,3.54,approach,0.0083,0.00312,0.00769,0.01422,0.012,-11.6,71.83,0.3112,0.027,0.309,0.0,0.0,0,0.0,-0.0
2,177,3.54,approach,0.03585,0.02585,0.02484,0.02817,0.012,-8.44,64.61,0.3145,0.0406,0.323,0.0,0.0,0,0.0,-0.0
3,177,3.54,approach,0.03457,0.03048,0.01632,0.02669,0.012,-8.59,81.41,0.3152,0.0267,0.379,0.0,0.0,0,0.0,-0.0
0,178,3.56,approach,0.00934,0.00041,0.00933,0.01465,0.012,-11.51,62.31,0.3102,0.0288,0.237,0.0,0.0,0,0.0,-0.0
1,178,3.56,approach,0.00847,0.00383,0.00755,0.01471,0.012,-11.83,71.49,0.3111,0.0272,0.275,0.0,0.0,0,0.0,-0.0
2,178,3.56,approach,0.03578,0.02589,0.0247,0.02806,0.012,-8.62,64.49,0.3145,0.0409,0.292,0.0,0.0,0,0.0,-0.0
3,178,3.56,approach,0.03459,0.02994,0.01732,0.0268,0.012,-8.6,81.39,0.3154,0.0269,0.332,0.0,0.0,0,0.0,-0.0
0,179,3.58,approach,0.00919,0.00096,0.00914,0.01441,0.012,-11.71,62.22,0.3101,0.0289,0.219,0.0,0.0,0,0.0,-0.0
1,179,3.58,approach,0.00826,0.0033,0.00757,0.01535,0.012,-12.19,71.23,0.311,0.0274,0.257,0.0,0.0,0,0.0,-0.0
2,179,3.58,approach,0.03583,0.02599,0.02466,0.02815,0.012,-8.82,64.37,0.3145,0.0411,0.264,0.0,0.0,0,0.0,-0.0
3,179,3.58,approach,0.03719,0.03225,0.01852,0.03014,0.012,-8.57,81.41,0.3156,0.0271,0.319,0.0,0.0,0,0.0,-0.0
0,180,3.6,approach,0.00938,0.00173,0.00922,0.0136,0.012,-11.59,62.2,0.3099,0.0291,0.182,0.0,0.0,0,0.0,-0.0
1,180,3.6,approach,0.00817,0.00361,0.00733,0.01506,0.012,-12.24,71.27,0.3109,0.0275,0.223,0.0,0.0,0,0.0,-0.0
2,180,3.6,approach,0.03587,0.02613,0.02457,0.02819,0.012,-9.0,64.26,0.3145,0.0414,0.235,0.0,0.0,0,0.0,-0.0
3,180,3.6,approach,0.03632,0.03039,0.01989,0.02883,0.012,-9.08,79.57,0.3159,0.0273,0.268,0.0,0.0,0,0.0,-0.0
0,181,3.62,approach,0.00887,0.00122,0.00878,0.01384,0.012,-11.83,62.14,0.3098,0.0291,0.153,0.0,0.0,0,0.0,-0.0
1,181,3.62,approach,0.00751,0.00353,0.00663,0.01496,0.012,-12.41,71.34,0.3108,0.0277,0.197,0.0,0.0,0,0.0,-0.0
2,181,3.62,approach,0.03582,0.02628,0.02434,0.02807,0.012,-9.15,64.16,0.3145,0.0416,0.205,0.0,0.0,0,0.0,-0.0
3,181,3.62,approach,0.03479,0.02796,0.0207,0.02679,0.012,-9.66,76.08,0.3161,0.0276,0.228,0.0,0.0,0,0.0,-0.0
0,182,3.64,approach,0.00878,0.00061,0.00876,0.01391,0.012,-12.05,62.15,0.3097,0.0292,0.134,0.0,0.0,0,0.0,-0.0
1,182,3.64,approach,0.00745,0.0035,0.00658,0.01494,0.012,-12.53,71.4,0.3107,0.0278,0.17,0.0,0.0,0,0.0,-0.0
2,182,3.64,approach,0.03566,0.0263,0.02408,0.02788,0.012,-9.34,64.04,0.3145,0.0418,0.178,0.0,0.0,0,0.0,-0.0
3,182,3.64,approach,0.03152,0.02364,0.02084,0.02339,0.012,-10.26,74.17,0.3163,0.0277,0.194,0.0,0.0,0,0.0,-0.0
0,183,3.66,approach,0.0094,0.00225,0.00913,0.01306,0.012,-11.92,62.3,0.3096,0.0293,0.104,0.0,0.0,0,0.0,-0.0
1,183,3.66,approach,0.00724,0.00328,0.00646,0.01461,0.012,-12.6,71.57,0.3106,0.0279,0.144,0.0,0.0,0,0.0,-0.0
2,183,3.66,approach,0.03538,0.02606,0.02393,0.02763,0.012,-9.55,63.93,0.3145,0.042,0.148,0.0,0.0,0,0.0,-0.0
3,183,3.66,approach,0.02834,0.01936,0.02069,0.02025,0.012,-10.62,74.29,0.3165,0.0279,0.132,0.0,0.0,0,0.0,-0.0
0,184,3.68,approach,0.01007,0.00365,0.00939,0.01298,0.012,-11.86,62.4,0.3094,0.0294,0.07,0.0,0.0,0,0.0,-0.0
1,184,3.68,approach,0.00733,0.00387,0.00623,0.01426,0.012,-12.59,71.81,0.3104,0.028,0.111,0.0,0.0,0,0.0,-0.0
2,184,3.68,approach,0.03503,0.02564,0.02387,0.02729,0.012,-9.73,63.82,0.3145,0.0422,0.116,0.0,0.0,0,0.0,-0.0
3,184,3.68,approach,0.02632,0.01657,0.02045,0.01898,0.012,-11.1,73.92,0.3167,0.0281,0.087,0.0,0.0,0,0.0,-0.0
0,185,3.7,approach,0.00968,0.00264,0.00931,0.0134,0.012,-12.14,62.44,0.3093,0.0295,0.048,0.0,0.0,0,0.0,-0.0
1,185,3.7,approach,0.00727,0.00417,0.00596,0.01454,0.012,-12.74,71.93,0.3103,0.0281,0.084,0.0,0.0,0,0.0,-0.0
2,185,3.7,approach,0.03508,0.02571,0.02386,0.02728,0.012,-9.88,63.76,0.3145,0.0424,0.088,0.0,0.0,0,0.0,-0.0
3,185,3.7,approach,0.02583,0.01575,0.02047,0.0188,0.012,-11.24,74.32,0.3168,0.0283,0.057,0.0,0.0,0,0.0,-0.0
0,186,3.72,approach,0.00977,0.00257,0.00943,0.01358,0.012,-12.27,62.58,0.3092,0.0295,0.021,0.0,0.0,0,0.0,-0.0
1,186,3.72,approach,0.00721,0.00434,0.00576,0.01474,0.012,-12.87,72.11,0.3102,0.0282,0.055,0.0,0.0,0,0.0,-0.0
2,186,3.72,approach,0.035,0.02576,0.0237,0.02714,0.012,-10.01,63.72,0.3145,0.0426,0.059,0.0,0.0,0,0.0,-0.0
3,186,3.72,approach,0.02578,0.01547,0.02062,0.01896,0.012,-11.43,72.38,0.3169,0.0285,0.031,0.0,0.0,0,0.0,-0.0
0,187,3.74,approach,0.01008,0.0037,0.00938,0.01342,0.012,-12.27,62.73,0.3091,0.0296,-0.012,0.0,0.0,0,0.0,-0.0
1,187,3.74,approach,0.00737,0.00494,0.00547,0.01449,0.012,-12.88,72.34,0.3101,0.0282,0.018,0.0,0.0,0,0.0,-0.0
2,187,3.74,approach,0.03486,0.02572,0.02354,0.02692,0.012,-10.15,63.67,0.3145,0.0428,0.03,0.0,0.0,0,0.0,-0.0
3,187,3.74,approach,0.02492,0.01395,0.02065,0.01887,0.012,-11.85,68.43,0.317,0.0287,-0.022,0.0,0.0,0,0.0,-0.0
0,188,3.76,approach,0.00992,0.0038,0.00917,0.01355,0.012,-12.43,62.77,0.309,0.0296,-0.039,0.0,0.0,0,0.0,-0.0
1,188,3.76,approach,0.00675,0.00426,0.00524,0.01412,0.012,-13.0,72.37,0.31,0.0283,-0.006,0.0,0.0,0,0.0,-0.0
2,188,3.76,approach,0.03489,0.02577,0.02352,0.02695,0.012,-10.31,63.63,0.3145,0.043,0.004,0.0,0.0,0,0.0,-0.0
3,188,3.76,approach,0.02447,0.01388,0.02015,0.01857,0.012,-12.02,67.05,0.317,0.0288,-0.049,0.0,0.0,0,0.0,-0.0
0,189,3.78,approach,0.00964,0.00337,0.00903,0.01378,0.012,-12.64,62.8,0.3089,0.0296,-0.066,0.0,0.0,0,0.0,-0.0
1,189,3.78,approach,0.00647,0.00379,0.00524,0.01393,0.012,-13.15,72.34,0.3099,0.0283,-0.029,0.0,0.0,0,0.0,-0.0
2,189,3.78,approach,0.03501,0.0259,0.02356,0.02709,0.012,-10.48,63.6,0.3145,0.0431,-0.022,0.0,0.0,0,0.0,-0.0
3,189,3.78,approach,0.02465,0.01452,0.01992,0.01985,0.012,-12.18,65.5,0.317,0.029,-0.104,0.0,0.0,0,0.0,-0.0
0,190,3.8,approach,0.00967,0.0037,0.00894,0.0138,0.012,-12.75,62.84,0.3088,0.0296,-0.099,0.0,0.0,0,0.0,-0.0
1,190,3.8,approach,0.00639,0.00382,0.00512,0.01357,0.012,-13.23,72.32,0.3097,0.0283,-0.054,0.0,0.0,0,0.0,-0.0
2,190,3.8,approach,0.03502,0.02598,0.02348,0.02706,0.012,-10.63,63.55,0.3145,0.0433,-0.05,0.0,0.0,0,0.0,-0.0
3,190,3.8,approach,0.02429,0.01506,0.01905,0.01972,0.012,-12.29,65.75,0.3169,0.0291,-0.129,0.0,0.0,0,0.0,-0.0
0,191,3.82,approach,0.0087,0.00277,0.00825,0.01325,0.012,-12.97,62.84,0.3087,0.0297,-0.119,0.0,0.0,0,0.0,-0.0
1,191,3.82,approach,0.00636,0.00427,0.00472,0.01374,0.012,-13.38,72.24,0.3096,0.0284,-0.082,0.0,0.0,0,0.0,-0.0
2,191,3.82,approach,0.03497,0.02608,0.02329,0.02692,0.012,-10.77,63.5,0.3146,0.0434,-0.077,0.0,0.0,0,0.0,-0.0
3,191,3.82,approach,0.02502,0.0177,0.01769,0.01826,0.012,-11.76,69.66,0.3167,0.0292,-0.146,0.0,0.0,0,0.0,-0.0
0,192,3.84,approach,0.00833,0.00231,0.008,0.01281,0.012,-13.14,62.76,0.3086,0.0297,-0.137,0.0,0.0,0,0.0,-0.0
1,192,3.84,approach,0.00648,0.0047,0.00445,0.01439,0.012,-13.61,72.12,0.3095,0.0284,-0.109,0.0,0.0,0,0.0,-0.0
2,192,3.84,approach,0.03481,0.02601,0.02314,0.02676,0.012,-10.95,63.42,0.3146,0.0436,-0.104,0.0,0.0,0,0.0,-0.0
3,192,3.84,approach,0.02268,0.01649,0.01558,0.01466,0.012,-11.95,70.86,0.3166,0.0293,-0.147,0.0,0.0,0,0.0,-0.0
0,193,3.86,approach,0.00862,0.00299,0.00809,0.01231,0.012,-13.18,62.69,0.3085,0.0297,-0.159,0.0,0.0,0,0.0,-0.0
1,193,3.86,approach,0.00691,0.00544,0.00426,0.01493,0.012,-13.76,72.09,0.3094,0.0284,-0.144,0.0,0.0,0,0.0,-0.0
2,193,3.86,approach,0.03473,0.02588,0.02316,0.0267,0.012,-11.14,63.33,0.3146,0.0437,-0.131,0.0,0.0,0,0.0,-0.0
3,193,3.86,approach,0.02079,0.01374,0.0156,0.01394,0.012,-12.55,70.11,0.3165,0.0295,-0.202,0.0,0.0,0,0.0,-0.0
0,194,3.88,approach,0.00894,0.00369,0.00814,0.01234,0.012,-13.26,62.6,0.3084,0.0297,-0.185,0.0,0.0,0,0.0,-0.0
1,194,3.88,approach,0.0067,0.00549,0.00384,0.01514,0.012,-13.92,72.06,0.3093,0.0284,-0.18,0.0,0.0,0,0.0,-0.0
2,194,3.88,approach,0.03463,0.0257,0.02321,0.0266,0.012,-11.31,63.24,0.3146,0.0439,-0.159,0.0,0.0,0,0.0,-0.0
3,194,3.88,approach,0.02061,0.01335,0.0157,0.01389,0.012,-12.83,67.77,0.3165,0.0297,-0.239,0.0,0.0,0,0.0,-0.0
0,195,3.9,approach,0.00875,0.00342,0.00805,0.01286,0.012,-13.5,62.47,0.3083,0.0297,-0.21,0.0,0.0,0,0.0,-0.0
1,195,3.9,approach,0.00477,0.00336,0.00339,0.01452,0.012,-14.15,72.0,0.3092,0.0284,-0.193,0.0,0.0,0,0.0,-0.0
2,195,3.9,approach,0.03466,0.02577,0.02318,0.02654,0.012,-11.43,63.17,0.3146,0.044,-0.186,0.0,0.0,0,0.0,-0.0
3,195,3.9,approach,0.02101,0.01414,0.01553,0.0151,0.012,-12.99,63.86,0.3164,0.0298,-0.301,0.0,0.0,0,0.0,-0.0
0,196,3.92,approach,0.00899,0.00391,0.00809,0.01351,0.012,-13.65,62.47,0.3082,0.0297,-0.247,0.0,0.0,0,0.0,-0.0
1,196,3.92,approach,0.00434,0.00269,0.0034,0.01351,0.012,-14.16,71.95,0.309,0.0284,-0.217,0.0,0.0,0,0.0,-0.0
2,196,3.92,approach,0.03463,0.02581,0.02309,0.02644,0.012,-11.56,63.12,0.3147,0.0441,-0.213,0.0,0.0,0,0.0,-0.0
3,196,3.92,approach,0.02215,0.01587,0.01544,0.01637,0.012,-12.93,63.52,0.3162,0.03,-0.346,0.0,0.0,0,0.0,-0.0
0,197,3.94,approach,0.00832,0.00333,0.00763,0.01362,0.012,-13.9,62.45,0.3081,0.0296,-0.279,0.0,0.0,0,0.0,-0.0
1,197,3.94,approach,0.00476,0.00347,0.00326,0.01373,0.012,-14.32,71.73,0.3089,0.0283,-0.248,0.0,0.0,0,0.0,-0.0
2,197,3.94,approach,0.03458,0.02572,0.02311,0.02639,0.012,-11.72,63.06,0.3147,0.0442,-0.24,0.0,0.0,0,0.0,-0.0
3,197,3.94,approach,0.02147,0.0159,0.01442,0.01579,0.012,-13.08,63.77,0.3161,0.0301,-0.372,0.0,0.0,0,0.0,-0.0
0,198,3.96,approach,0.0073,0.00178,0.00708,0.01271,0.012,-14.11,62.43,0.308,0.0296,-0.299,0.0,0.0,0,0.0,-0.0
1,198,3.96,approach,0.00438,0.00293,0.00325,0.01417,0.012,-14.63,71.46,0.3088,0.0283,-0.261,0.0,0.0,0,0.0,-0.0
2,198,3.96,approach,0.03468,0.02573,0.02325,0.02651,0.012,-11.89,63.01,0.3147,0.0443,-0.265,0.0,0.0,0,0.0,-0.0
3,198,3.96,approach,0.02002,0.01453,0.01377,0.01404,0.012,-13.34,64.1,0.316,0.0302,-0.385,0.0,0.0,0,0.0,-0.0
0,199,3.98,approach,0.00703,0.00214,0.0067,0.01115,0.012,-14.18,62.35,0.3079,0.0296,-0.308,0.0,0.0,0,0.0,-0.0
1,199,3.98,approach,0.00411,0.00217,0.00349,0.01296,0.012,-14.59,71.5,0.3087,0.0283,-0.282,0.0,0.0,0,0.0,-0.0
2,199,3.98,approach,0.0347,0.02575,0.02326,0.02648,0.012,-12.03,62.97,0.3147,0.0444,-0.293,0.0,0.0,0,0.0,-0.0
3,199,3.98,approach,0.02014,0.01503,0.01341,0.01415,0.012,-13.37,64.58,0.3158,0.0303,-0.424,0.0,0.0,0,0.0,-0.0
0,200,4.0,approach,0.00819,0.00388,0.00722,0.01054,0.012,-14.06,62.21,0.3078,0.0296,-0.34,0.0,0.0,0,0.0,-0.0
1,200,4.0,approach,0.00482,0.00354,0.00327,0.01266,0.012,-14.59,71.49,0.3086,0.0283,-0.315,0.0,0.0,0,0.0,-0.0
2,200,4.0,approach,0.03473,0.02586,0.02318,0.0264,0.012,-12.14,62.95,0.3147,0.0445,-0.32,0.0,0.0,0,0.0,-0.0
3,200,4.0,approach,0.0192,0.015,0.01199,0.01324,0.012,-13.46,65.58,0.3156,0.0303,-0.457,0.0,0.0,0,0.0,-0.0
0,201,4.02,approach,0.00767,0.00285,0.00713,0.01092,0.012,-14.39,61.96,0.3078,0.0296,-0.356,0.0,0.0,0,0.0,-0.0
1,201,4.02,approach,0.00461,0.00337,0.00314,0.01356,0.012,-14.91,71.29,0.3085,0.0282,-0.334,0.0,0.0,0,0.0,-0.0
2,201,4.02,approach,0.03478,0.02596,0.02314,0.02644,0.012,-12.3,62.92,0.3148,0.0446,-0.344,0.0,0.0,0,0.0,-0.0
3,201,4.02,approach,0.01906,0.01476,0.01207,0.01297,0.012,-13.59,65.75,0.3154,0.0304,-0.48,0.0,0.0,0,0.0,-0.0
0,202,4.04,approach,0.00789,0.00299,0.0073,0.01066,0.012,-14.54,61.92,0.3077,0.0295,-0.37,0.0,0.0,0,0.0,-0.0
1,202,4.04,approach,0.00463,0.00322,0.00333,0.01339,0.012,-15.0,71.34,0.3084,0.0282,-0.359,0.0,0.0,0,0.0,-0.0
2,202,4.04,approach,0.03481,0.02596,0.02319,0.02651,0.012,-12.48,62.88,0.3148,0.0447,-0.369,0.0,0.0,0,0.0,-0.0
3,202,4.04,approach,0.02193,0.01806,0.01244,0.01383,0.012,-12.86,69.01,0.3152,0.0305,-0.515,0.0,0.0,0,0.0,-0.0
0,203,4.06,approach,0.00882,0.00451,0.00758,0.01029,0.012,-14.44,61.93,0.3076,0.0295,-0.401,0.0,0.0,0,0.0,-0.0
1,203,4.06,approach,0.00472,0.00351,0.00315,0.0127,0.012,-14.99,71.43,0.3083,0.0281,-0.384,0.0,0.0,0,0.0,-0.0
2,203,4.06,approach,0.03476,0.02588,0.02321,0.02644,0.012,-12.65,62.84,0.3148,0.0448,-0.396,0.0,0.0,0,0.0,-0.0
3,203,4.06,approach,0.02059,0.01744,0.01095,0.01158,0.012,-12.9,69.16,0.315,0.0305,-0.534,0.0,0.0,0,0.0,-0.0
0,204,4.08,approach,0.00807,0.00366,0.00719,0.01071,0.012,-14.73,61.81,0.3076,0.0294,-0.421,0.0,0.0,0,0.0,-0.0
1,204,4.08,approach,0.00469,0.00368,0.00291,0.01266,0.012,-15.12,71.39,0.3082,0.028,-0.405,0.0,0.0,0,0.0,-0.0
2,204,4.08,approach,0.03468,0.02583,0.02314,0.02629,0.012,-12.78,62.8,0.3149,0.0448,-0.423,0.0,0.0,0,0.0,-0.0
3,204,4.08,approach,0.02271,0.01891,0.01257,0.01293,0.012,-12.92,66.93,0.3148,0.0306,-0.535,0.0,0.0,0,0.0,-0.0
0,205,4.1,approach,0.00803,0.00321,0.00735,0.01117,0.012,-14.95,61.77,0.3076,0.0294,-0.443,0.0,0.0,0,0.0,-0.0
1,205,4.1,approach,0.00492,0.00394,0.00295,0.01287,0.012,-15.27,71.33,0.3081,0.028,-0.426,0.0,0.0,0,0.0,-0.0
2,205,4.1,approach,0.03464,0.02583,0.02308,0.02621,0.012,-12.93,62.77,0.3149,0.0449,-0.448,0.0,0.0,0,0.0,-0.0
3,205,4.1,approach,0.02346,0.01884,0.01398,0.01494,0.012,-13.29,63.19,0.3147,0.0307,-0.588,0.0,0.0,0,0.0,-0.0
0,206,4.12,approach,0.00884,0.00448,0.00761,0.01157,0.012,-14.95,61.84,0.3075,0.0293,-0.482,0.0,0.0,0,0.0,-0.0
1,206,4.12,approach,0.00551,0.00466,0.00295,0.01298,0.012,-15.35,71.34,0.308,0.0279,-0.455,0.0,0.0,0,0.0,-0.0
2,206,4.12,approach,0.03463,0.02581,0.0231,0.02621,0.012,-13.11,62.74,0.3149,0.045,-0.472,0.0,0.0,0,0.0,-0.0
3,206,4.12,approach,0.0249,0.02074,0.01379,0.0185,0.012,-13.38,62.8,0.3145,0.0307,-0.661,0.0,0.0,0,0.0,-0.0
0,207,4.14,approach,0.00762,0.00322,0.0069,0.01131,0.012,-15.25,61.86,0.3075,0.0293,-0.5,0.0,0.0,0,0.0,-0.0
1,207,4.14,approach,0.00519,0.00444,0.0027,0.01317,0.012,-15.53,71.28,0.3079,0.0278,-0.478,0.0,0.0,0,0.0,-0.0
2,207,4.14,approach,0.0346,0.02573,0.02313,0.02618,0.012,-13.28,62.7,0.315,0.045,-0.496,0.0,0.0,0,0.0,-0.0
3,207,4.14,approach,0.02504,0.02132,0.01313,0.01747,0.012,-13.09,64.35,0.3143,0.0307,-0.685,0.0,0.0,0,0.0,-0.0
0,208,4.16,approach,0.00722,0.0024,0.00681,0.01114,0.012,-15.48,61.81,0.3074,0.0292,-0.518,0.0,0.0,0,0.0,-0.0
1,208,4.16,approach,0.00393,0.00299,0.00256,0.01281,0.012,-15.73,71.2,0.3079,0.0277,-0.491,0.0,0.0,0,0.0,-0.0
2,208,4.16,approach,0.03455,0.02568,0.02311,0.02608,0.012,-13.43,62.68,0.315,0.0451,-0.522,0.0,0.0,0,0.0,-0.0
3,208,4.16,approach,0.02275,0.01862,0.01308,0.01381,0.012,-13.51,64.21,0.3141,0.0307,-0.678,0.0,0.0,0,0.0,-0.0
0,209,4.18,approach,0.00757,0.00341,0.00676,0.00994,0.012,-15.5,61.8,0.3074,0.0291,-0.532,0.0,0.0,0,0.0,-0.0
1,209,4.18,approach,0.00352,0.00242,0.00256,0.01208,0.012,-15.82,71.11,0.3078,0.0276,-0.504,0.0,0.0,0,0.0,-0.0
2,209,4.18,approach,0.0345,0.02568,0.02303,0.02599,0.012,-13.58,62.66,0.315,0.0451,-0.546,0.0,0.0,0,0.0,-0.0
3,209,4.18,approach,0.02468,0.01968,0.01489,0.01583,0.012,-13.53,62.64,0.314,0.0308,-0.716,0.0,0.0,0,0.0,-0.0
0,210,4.2,approach,0.00846,0.00463,0.00709,0.00972,0.012,-15.48,61.69,0.3073,0.0291,-0.559,0.0,0.0,0,0.0,-0.0
1,210,4.2,approach,0.00415,0.00337,0.00243,0.01206,0.012,-15.93,70.95,0.3077,0.0275,-0.526,0.0,0.0,0,0.0,-0.0
2,210,4.2,approach,0.03444,0.02565,0.02299,0.02593,0.012,-13.75,62.63,0.3151,0.0452,-0.57,0.0,0.0,0,0.0,-0.0
3,210,4.2,approach,0.0266,0.02147,0.0157,0.01889,0.012,-13.44,62.23,0.3138,0.0309,-0.78,0.0,0.0,0,0.0,-0.0
0,211,4.22,approach,0.0077,0.00346,0.00688,0.01007,0.012,-15.83,61.46,0.3073,0.029,-0.57,0.0,0.0,0,0.0,-0.0
1,211,4.22,approach,0.00425,0.00351,0.00239,0.0128,0.012,-16.22,70.66,0.3076,0.0274,-0.542,0.0,0.0,0,0.0,-0.0
2,211,4.22,approach,0.03437,0.02556,0.02297,0.02587,0.012,-13.93,62.6,0.3151,0.0453,-0.593,0.0,0.0,0,0.0,-0.0
3,211,4.22,approach,0.0248,0.01964,0.01515,0.01696,0.012,-13.86,62.18,0.3137,0.0309,-0.776,0.0,0.0,0,0.0,-0.0
0,212,4.24,approach,0.00793,0.00353,0.0071,0.01013,0.012,-15.97,61.41,0.3073,0.0289,-0.587,0.0,0.0,0,0.0,-0.0
1,212,4.24,approach,0.00495,0.00438,0.00231,0.01329,0.012,-16.37,70.58,0.3076,0.0273,-0.571,0.0,0.0,0,0.0,-0.0
2,212,4.24,approach,0.03426,0.02544,0.02294,0.02574,0.012,-14.1,62.59,0.3152,0.0453,-0.618,0.0,0.0,0,0.0,-0.0
3,212,4.24,approach,0.02565,0.01987,0.01622,0.01788,0.012,-13.99,62.02,0.3136,0.0309,-0.801,0.0,0.0,0,0.0,-0.0
0,213,4.26,approach,0.0084,0.00447,0.00712,0.00999,0.012,-15.99,61.39,0.3072,0.0288,-0.61,0.0,0.0,0,0.0,-0.0
1,213,4.26,approach,0.00443,0.00403,0.00185,0.01344,0.012,-16.57,70.45,0.3075,0.0272,-0.592,0.0,0.0,0,0.0,-0.0
2,213,4.26,approach,0.03416,0.02536,0.02288,0.0256,0.012,-14.25,62.58,0.3152,0.0454,-0.642,0.0,0.0,0,0.0,-0.0
3,213,4.26,approach,0.02554,0.02013,0.01572,0.01821,0.012,-14.11,62.13,0.3135,0.0309,-0.843,0.0,0.0,0,0.0,-0.0
0,214,4.28,approach,0.00816,0.00427,0.00695,0.01033,0.012,-16.2,61.3,0.3072,0.0287,-0.627,0.0,0.0,0,0.0,-0.0
1,214,4.28,approach,0.00304,0.00257,0.00163,0.01293,0.012,-16.74,70.34,0.3074,0.0271,-0.601,0.0,0.0,0,0.0,-0.0
2,214,4.28,approach,0.03409,0.02533,0.02281,0.02552,0.012,-14.42,62.57,0.3153,0.0454,-0.665,0.0,0.0,0,0.0,-0.0
3,214,4.28,approach,0.02413,0.01897,0.01492,0.01655,0.012,-14.43,62.18,0.3134,0.0308,-0.848,0.0,0.0,0,0.0,-0.0
0,215,4.3,approach,0.0082,0.00417,0.00706,0.01095,0.012,-16.39,61.27,0.3071,0.0286,-0.65,0.0,0.0,0,0.0,-0.0
1,215,4.3,approach,0.00247,0.00177,0.00173,0.01193,0.012,-16.79,70.27,0.3074,0.027,-0.612,0.0,0.0,0,0.0,-0.0
2,215,4.3,approach,0.03402,0.02528,0.02277,0.02546,0.012,-14.59,62.57,0.3153,0.0455,-0.687,0.0,0.0,0,0.0,-0.0
3,215,4.3,approach,0.02493,0.0198,0.01516,0.01819,0.012,-14.54,62.04,0.3133,0.0308,-0.893,0.0,0.0,0,0.0,-0.0
0,216,4.32,approach,0.00858,0.00477,0.00713,0.01158,0.012,-16.51,61.32,0.3071,0.0286,-0.683,0.0,0.0,0,0.0,-0.0
1,216,4.32,approach,0.00368,0.00322,0.00179,0.01202,0.012,-16.89,70.11,0.3073,0.0268,-0.637,0.0,0.0,0,0.0,-0.0
2,216,4.32,approach,0.03393,0.0252,0.02272,0.02537,0.012,-14.77,62.56,0.3154,0.0455,-0.71,0.0,0.0,0,0.0,-0.0
3,216,4.32,approach,0.02456,0.01955,0.01487,0.01813,0.012,-14.73,62.19,0.3132,0.0308,-0.918,0.0,0.0,0,0.0,-0.0
0,217,4.34,approach,0.00721,0.00331,0.0064,0.01115,0.012,-16.81,61.32,0.3071,0.0285,-0.699,0.0,0.0,0,0.0,-0.0
1,217,4.34,approach,0.00342,0.00281,0.00194,0.01266,0.012,-17.21,69.81,0.3072,0.0267,-0.648,0.0,0.0,0,0.0,-0.0
2,217,4.34,approach,0.0338,0.02509,0.02265,0.02524,0.012,-14.94,62.55,0.3154,0.0456,-0.734,0.0,0.0,0,0.0,-0.0
3,217,4.34,approach,0.02729,0.02254,0.01539,0.01905,0.012,-14.01,64.56,0.3131,0.0307,-0.935,0.0,0.0,0,0.0,-0.0
0,218,4.36,approach,0.00665,0.00294,0.00597,0.00974,0.012,-16.96,61.34,0.3071,0.0284,-0.703,0.0,0.0,0,0.0,-0.0
1,218,4.36,approach,0.00343,0.00276,0.00204,0.01225,0.012,-17.27,69.79,0.3072,0.0266,-0.667,0.0,0.0,0,0.0,-0.0
2,218,4.36,approach,0.03366,0.02498,0.02257,0.02509,0.012,-15.11,62.54,0.3155,0.0456,-0.757,0.0,0.0,0,0.0,-0.0
3,218,4.36,approach,0.02619,0.02116,0.01544,0.01769,0.012,-14.43,63.48,0.313,0.0307,-0.935,0.0,0.0,0,0.0,-0.0
0,219,4.38,approach,0.00783,0.00451,0.0064,0.00909,0.012,-16.89,61.24,0.307,0.0283,-0.726,0.0,0.0,0,0.0,-0.0
1,219,4.38,approach,0.00313,0.00261,0.00172,0.01196,0.012,-17.4,69.68,0.3071,0.0265,-0.681,0.0,0.0,0,0.0,-0.0
2,219,4.38,approach,0.03354,0.02488,0.0225,0.02496,0.012,-15.28,62.53,0.3155,0.0457,-0.779,0.0,0.0,0,0.0,-0.0
3,219,4.38,approach,0.02532,0.0197,0.01591,0.01752,0.012,-14.73,63.74,0.313,0.0307,-0.981,0.0,0.0,0,0.0,-0.0
0,220,4.4,approach,0.00747,0.00388,0.00638,0.00958,0.012,-17.17,60.96,0.307,0.0282,-0.74,0.0,0.0,0,0.0,-0.0
1,220,4.4,approach,0.00304,0.00244,0.00182,0.01182,0.012,-17.55,69.55,0.3071,0.0264,-0.691,0.0,0.0,0,0.0,-0.0
2,220,4.4,approach,0.03343,0.02478,0.02244,0.02486,0.012,-15.46,62.53,0.3156,0.0457,-0.8,0.0,0.0,0,0.0,-0.0
3,220,4.4,approach,0.02615,0.01963,0.01728,0.0189,0.012,-14.97,61.32,0.3129,0.0308,-1.005,0.0,0.0,0,0.0,-0.0
0,221,4.42,approach,0.00744,0.00353,0.00655,0.00954,0.012,-17.39,60.83,0.307,0.0281,-0.747,0.0,0.0,0,0.0,-0.0
1,221,4.42,approach,0.00367,0.00305,0.00205,0.01172,0.012,-17.65,69.48,0.307,0.0263,-0.707,0.0,0.0,0,0.0,-0.0
2,221,4.42,approach,0.03333,0.02469,0.02239,0.02477,0.012,-15.63,62.53,0.3157,0.0458,-0.822,0.0,0.0,0,0.0,-0.0
3,221,4.42,approach,0.02711,0.02028,0.018,0.02174,0.012,-15.31,58.65,0.3129,0.0308,-1.055,0.0,0.0,0,0.0,-0.0
0,222,4.44,approach,0.00841,0.00484,0.00688,0.00928,0.012,-17.35,60.84,0.3069,0.028,-0.767,0.0,0.0,0,0.0,-0.0
1,222,4.44,approach,0.00418,0.00366,0.00202,0.01215,0.012,-17.82,69.34,0.307,0.0262,-0.723,0.0,0.0,0,0.0,-0.0
2,222,4.44,approach,0.03323,0.02463,0.02232,0.02467,0.012,-15.8,62.53,0.3157,0.0458,-0.844,0.0,0.0,0,0.0,-0.0
3,222,4.44,approach,0.02687,0.02024,0.01767,0.02325,0.012,-15.77,56.75,0.3129,0.0307,-1.097,0.0,0.0,0,0.0,-0.0
0,223,4.46,approach,0.00806,0.00451,0.00668,0.00971,0.012,-17.57,60.73,0.3069,0.028,-0.783,0.0,0.0,0,0.0,-0.0
1,223,4.46,approach,0.00455,0.00413,0.00192,0.01259,0.012,-18.0,69.25,0.3069,0.0261,-0.741,0.0,0.0,0,0.0,-0.0
2,223,4.46,approach,0.03311,0.02456,0.02221,0.02456,0.012,-15.98,62.52,0.3158,0.0459,-0.865,0.0,0.0,0,0.0,-0.0
3,223,4.46,approach,0.02568,0.01942,0.0168,0.0227,0.012,-16.16,56.52,0.3129,0.0307,-1.117,0.0,0.0,0,0.0,-0.0
0,224,4.48,settle,0.00794,0.00404,0.00683,0.01034,0.012,-17.81,60.65,0.3069,0.0279,-0.798,0.0,0.0,0,0.0,-0.0
1,224,4.48,settle,0.00464,0.0043,0.00173,0.01287,0.012,-18.16,69.18,0.3069,0.026,-0.76,0.0,0.0,0,0.0,-0.0
2,224,4.48,settle,0.03296,0.02445,0.0221,0.02442,0.012,-16.16,62.51,0.3158,0.0459,-0.886,0.0,0.0,0,0.0,-0.0
3,224,4.48,settle,0.0282,0.02255,0.01694,0.02326,0.012,-15.48,57.4,0.3128,0.0306,-1.136,0.0,0.0,0,0.0,-0.0
0,225,4.5,settle,0.00582,0.00247,0.00527,0.01268,0.012,-17.85,64.43,0.3069,0.0277,-0.828,0.0,0.0,0,0.0,-0.0
1,225,4.5,settle,0.00332,0.00331,0.00028,0.01542,0.012,-18.13,71.17,0.3069,0.0258,-0.761,0.0,0.0,0,0.0,-0.0
2,225,4.5,settle,0.03208,0.0239,0.0214,0.02492,0.012,-16.39,66.46,0.3159,0.046,-0.894,0.0,0.0,0,0.0,-0.0
3,225,4.5,settle,0.02608,0.02108,0.01535,0.0192,0.012,-15.27,61.89,0.3127,0.0306,-1.136,0.0,0.0,0,0.0,-0.0
0,226,4.52,settle,0.00345,0.00169,0.003,0.01463,0.012,-17.73,68.02,0.307,0.0276,-0.848,0.0,0.0,0,0.0,-0.0
1,226,4.52,settle,0.00568,0.00533,-0.00196,0.0186,0.012,-18.23,71.73,0.3069,0.0257,-0.767,0.0,0.0,0,0.0,-0.0
2,226,4.52,settle,0.02992,0.02227,0.01999,0.02484,0.012,-17.05,69.33,0.316,0.046,-0.918,0.0,0.0,0,0.0,-0.0
3,226,4.52,settle,0.02187,0.01704,0.0137,0.01464,0.012,-15.56,65.73,0.3127,0.0305,-1.162,0.0,0.0,0,0.0,-0.0
0,227,4.54,settle,0.00435,0.00434,0.00039,0.01704,0.012,-17.5,70.86,0.3071,0.0275,-0.835,0.0,0.0,0,0.0,-0.0
1,227,4.54,settle,0.00491,0.00396,-0.0029,0.01769,0.012,-17.66,72.27,0.3069,0.0255,-0.769,0.0,0.0,0,0.0,-0.0
2,227,4.54,settle,0.02551,0.01716,0.01887,0.02241,0.012,-17.69,71.1,0.3162,0.0461,-0.985,0.0,0.0,0,0.0,-0.0
3,227,4.54,settle,0.01832,0.01349,0.0124,0.00965,0.012,-15.64,69.47,0.3128,0.0304,-1.165,0.0,0.0,0,0.0,-0.0
0,228,4.56,settle,0.00605,0.00604,-0.00018,0.01421,0.012,-16.19,73.63,0.307,0.0273,-0.806,0.0,0.0,0,0.0,-0.0
1,228,4.56,settle,0.0036,0.00216,-0.00287,0.01594,0.012,-17.27,72.61,0.3069,0.0254,-0.765,0.0,0.0,0,0.0,-0.0
2,228,4.56,settle,0.02482,0.01674,0.01833,0.02315,0.012,-17.87,71.89,0.3164,0.0461,-1.004,0.0,0.0,0,0.0,-0.0
3,228,4.56,settle,0.01823,0.01367,0.01206,0.0087,0.012,-15.32,72.74,0.3129,0.0304,-1.186,0.0,0.0,0,0.0,-0.0
0,229,4.58,settle,0.00692,0.0067,-0.00173,0.01324,0.012,-15.38,74.5,0.3071,0.027,-0.788,0.0,0.0,0,0.0,-0.0
1,229,4.58,settle,0.00376,0.00233,-0.00295,0.01649,0.012,-17.28,72.54,0.3069,0.0252,-0.769,0.0,0.0,0,0.0,-0.0
2,229,4.58,settle,0.02474,0.01741,0.01758,0.0235,0.012,-17.84,72.09,0.3166,0.0462,-1.014,0.0,0.0,0,0.0,-0.0
3,229,4.58,settle,0.01724,0.01316,0.01115,0.00918,0.012,-15.3,74.46,0.313,0.0304,-1.178,0.0,0.0,0,0.0,-0.0
0,230,4.6,settle,0.0154,0.01538,-0.00065,0.01381,0.012,-14.07,75.44,0.3071,0.0269,-0.726,0.0,0.0,0,0.0,-0.0
1,230,4.6,settle,0.00537,0.00432,-0.00319,0.01832,0.012,-17.48,72.26,0.307,0.0251,-0.746,0.0,0.0,0,0.0,-0.0
2,230,4.6,settle,0.02376,0.01708,0.01651,0.02236,0.012,-17.62,72.35,0.3168,0.0462,-1.036,0.0,0.0,0,0.0,-0.0
3,230,4.6,settle,0.0152,0.00952,0.01184,0.01049,0.012,-15.92,74.06,0.3133,0.0305,-1.197,0.0,0.0,0,0.0,-0.0
0,231,4.62,settle,0.01341,0.01338,-0.00094,0.01515,0.012,-14.76,74.73,0.3073,0.0266,-0.697,0.0,0.0,0,0.0,-0.0
1,231,4.62,settle,0.00449,0.00288,-0.00345,0.01686,0.012,-17.17,72.52,0.307,0.025,-0.735,0.0,0.0,0,0.0,-0.0
2,231,4.62,settle,0.0238,0.01773,0.01588,0.02219,0.012,-17.38,72.62,0.3169,0.0463,-1.038,0.0,0.0,0,0.0,-0.0
3,231,4.62,settle,0.01577,0.00918,0.01282,0.01118,0.012,-15.9,74.02,0.3135,0.0305,-1.211,0.0,0.0,0,0.0,-0.0
0,232,4.64,settle,0.01647,0.01647,3e-05,0.01523,0.012,-14.44,74.97,0.3074,0.0265,-0.646,0.0,0.0,0,0.0,-0.0
1,232,4.64,settle,0.00484,0.00192,-0.00445,0.01687,0.012,-17.14,72.54,0.307,0.0248,-0.728,0.0,0.0,0,0.0,-0.0
2,232,4.64,settle,0.02452,0.01914,0.01533,0.02328,0.012,-17.45,72.55,0.3171,0.0464,-1.027,0.0,0.0,0,0.0,-0.0
3,232,4.64,settle,0.01601,0.00927,0.01305,0.0107,0.012,-15.95,73.93,0.3137,0.0306,-1.216,0.0,0.0,0,0.0,-0.0
0,233,4.66,settle,0.016,0.016,-0.0004,0.01338,0.012,-14.52,74.93,0.3076,0.0262,-0.603,0.0,0.0,0,0.0,-0.0
1,233,4.66,settle,0.00571,0.00333,-0.00464,0.01809,0.012,-17.31,72.32,0.307,0.0247,-0.718,0.0,0.0,0,0.0,-0.0
2,233,4.66,settle,0.02517,0.02057,0.0145,0.02428,0.012,-17.55,72.45,0.3174,0.0465,-1.023,0.0,0.0,0,0.0,-0.0
3,233,4.66,settle,0.01368,0.00635,0.01212,0.01152,0.012,-16.77,73.12,0.314,0.0306,-1.252,0.0,0.0,0,0.0,-0.0
0,234,4.68,settle,0.01681,0.01679,-0.00077,0.01418,0.012,-14.72,74.72,0.3078,0.0259,-0.545,0.0,0.0,0,0.0,-0.0
1,234,4.68,settle,0.00691,0.00459,-0.00517,0.01944,0.012,-17.49,72.1,0.307,0.0246,-0.698,0.0,0.0,0,0.0,-0.0
2,234,4.68,settle,0.02505,0.02128,0.01322,0.02438,0.012,-17.62,72.38,0.3176,0.0465,-1.027,0.0,0.0,0,0.0,-0.0
3,234,4.68,settle,0.01474,0.00668,0.01313,0.0114,0.012,-16.46,73.33,0.3143,0.0307,-1.224,0.0,0.0,0,0.0,-0.0
0,235,4.7,settle,0.01582,0.01582,-0.00037,0.01256,0.012,-14.97,74.53,0.3079,0.0257,-0.514,0.0,0.0,0,0.0,-0.0
1,235,4.7,settle,0.00667,0.00351,-0.00567,0.01865,0.012,-17.31,72.26,0.307,0.0245,-0.682,0.0,0.0,0,0.0,-0.0
2,235,4.7,settle,0.02522,0.02201,0.01232,0.02475,0.012,-17.68,72.32,0.3178,0.0466,-1.027,0.0,0.0,0,0.0,-0.0
3,235,4.7,settle,0.01343,0.00577,0.01213,0.01095,0.012,-17.0,72.8,0.3146,0.0307,-1.231,0.0,0.0,0,0.0,-0.0
0,236,4.72,settle,0.0155,0.0155,5e-05,0.00977,0.012,-14.72,74.75,0.3081,0.0254,-0.51,0.0,0.0,0,0.0,-0.0
1,236,4.72,settle,0.00732,0.00387,-0.00621,0.01881,0.012,-17.29,72.28,0.307,0.0244,-0.677,0.0,0.0,0,0.0,-0.0
2,236,4.72,settle,0.02576,0.02271,0.01215,0.0255,0.012,-17.73,72.26,0.318,0.0467,-1.027,0.0,0.0,0,0.0,-0.0
3,236,4.72,settle,0.01274,0.00595,0.01127,0.01022,0.012,-17.19,72.59,0.3148,0.0307,-1.228,0.0,0.0,0,0.0,-0.0
0,237,4.74,settle,0.01955,0.01953,-0.0009,0.0158,0.012,-14.45,74.83,0.3083,0.0252,-0.456,0.0,0.0,0,0.0,-0.0
1,237,4.74,settle,0.00767,0.00469,-0.00607,0.01973,0.012,-17.47,72.07,0.307,0.0242,-0.65,0.0,0.0,0,0.0,-0.0
2,237,4.74,settle,0.02602,0.02301,0.01215,0.02592,0.012,-17.73,72.26,0.3182,0.0468,-1.032,0.0,0.0,0,0.0,-0.0
3,237,4.74,settle,0.01214,0.00576,0.01069,0.01114,0.012,-17.63,72.17,0.3151,0.0308,-1.232,0.0,0.0,0,0.0,-0.0
0,238,4.76,settle,0.01995,0.01988,-0.00166,0.01943,0.012,-15.16,74.12,0.3086,0.025,-0.426,0.0,0.0,0,0.0,-0.0
1,238,4.76,settle,0.00843,0.00498,-0.0068,0.02031,0.012,-17.5,72.02,0.307,0.0241,-0.633,0.0,0.0,0,0.0,-0.0
2,238,4.76,settle,0.02639,0.02348,0.01205,0.0262,0.012,-17.66,72.33,0.3184,0.0469,-1.034,0.0,0.0,0,0.0,-0.0
3,238,4.76,settle,0.01264,0.00733,0.0103,0.01349,0.012,-18.0,71.79,0.3153,0.0309,-1.251,0.0,0.0,0,0.0,-0.0
0,239,4.78,settle,0.01933,0.01932,-0.00043,0.01686,0.012,-15.01,74.3,0.3088,0.0248,-0.429,0.0,0.0,0,0.0,-0.0
1,239,4.78,settle,0.00919,0.00497,-0.00774,0.02059,0.012,-17.46,72.06,0.3069,0.024,-0.626,0.0,0.0,0,0.0,-0.0
2,239,4.78,settle,0.0262,0.02358,0.01142,0.02621,0.012,-17.74,72.25,0.3186,0.0469,-1.036,0.0,0.0,0,0.0,-0.0
3,239,4.78,settle,0.01174,0.00618,0.00999,0.01258,0.012,-17.97,71.79,0.3155,0.0309,-1.234,0.0,0.0,0,0.0,-0.0
0,240,4.8,settle,0.01824,0.01824,-2e-05,0.01384,0.012,-14.82,74.48,0.309,0.0247,-0.424,0.0,0.0,0,0.0,-0.0
1,240,4.8,settle,0.00955,0.00557,-0.00777,0.02115,0.012,-17.56,71.94,0.3069,0.0239,-0.604,0.0,0.0,0,0.0,-0.0
2,240,4.8,settle,0.02634,0.02399,0.01088,0.02668,0.012,-17.85,72.14,0.3188,0.047,-1.035,0.0,0.0,0,0.0,-0.0
3,240,4.8,settle,0.01159,0.00849,0.00789,0.01373,0.012,-18.33,71.46,0.3157,0.0309,-1.249,0.0,0.0,0,0.0,-0.0
0,241,4.82,settle,0.02086,0.02085,-0.00071,0.01763,0.012,-14.8,74.39,0.3094,0.0245,-0.37,0.0,0.0,0,0.0,-0.0
1,241,4.82,settle,0.01016,0.00607,-0.00814,0.02171,0.012,-17.61,71.88,0.3069,0.0238,-0.589,0.0,0.0,0,0.0,-0.0
2,241,4.82,settle,0.02693,0.02479,0.01052,0.02757,0.012,-17.96,72.02,0.3189,0.0471,-1.03,0.0,0.0,0,0.0,-0.0
3,241,4.82,settle,0.01174,0.00947,0.00695,0.01382,0.012,-18.23,71.54,0.3158,0.0309,-1.255,0.0,0.0,0,0.0,-0.0
0,242,4.84,settle,0.02417,0.02416,-0.00086,0.02112,0.012,-14.85,74.31,0.3097,0.0243,-0.321,0.0,0.0,0,0.0,-0.0
1,242,4.84,settle,0.01084,0.00636,-0.00878,0.0219,0.012,-17.52,71.95,0.3069,0.0237,-0.59,0.0,0.0,0,0.0,-0.0
2,242,4.84,settle,0.02751,0.02557,0.01015,0.02837,0.012,-18.05,71.93,0.3191,0.0472,-1.026,0.0,0.0,0,0.0,-0.0
3,242,4.84,settle,0.01191,0.00938,0.00735,0.01197,0.012,-17.5,72.19,0.3159,0.031,-1.255,0.0,0.0,0,0.0,-0.0
0,243,4.86,settle,0.02063,0.02063,-0.00039,0.01643,0.012,-15.15,74.15,0.31,0.0241,-0.328,0.0,0.0,0,0.0,-0.0
1,243,4.86,settle,0.01139,0.00692,-0.00904,0.02243,0.012,-17.48,71.93,0.3068,0.0236,-0.586,0.0,0.0,0,0.0,-0.0
2,243,4.86,settle,0.02753,0.02568,0.00993,0.02848,0.012,-18.09,71.89,0.3193,0.0473,-1.026,0.0,0.0,0,0.0,-0.0
3,243,4.86,settle,0.01061,0.0073,0.0077,0.00898,0.012,-16.76,72.83,0.316,0.031,-1.242,0.0,0.0,0,0.0,-0.0
0,244,4.88,settle,0.01862,0.01862,7e-05,0.01358,0.012,-15.28,74.05,0.3104,0.0239,-0.321,0.0,0.0,0,0.0,-0.0
1,244,4.88,settle,0.01185,0.00747,-0.0092,0.02325,0.012,-17.55,71.81,0.3069,0.0235,-0.567,0.0,0.0,0,0.0,-0.0
2,244,4.88,settle,0.02727,0.02543,0.00983,0.0283,0.012,-18.12,71.85,0.3195,0.0474,-1.027,0.0,0.0,0,0.0,-0.0
3,244,4.88,settle,0.00816,0.00421,0.00699,0.0086,0.012,-16.8,72.78,0.3161,0.0311,-1.225,0.0,0.0,0,0.0,-0.0
0,245,4.9,settle,0.02013,0.02011,0.00084,0.01504,0.012,-15.2,74.06,0.3108,0.0238,-0.291,0.0,0.0,0,0.0,-0.0
1,245,4.9,settle,0.01278,0.00823,-0.00978,0.02404,0.012,-17.59,71.72,0.3069,0.0234,-0.54,0.0,0.0,0,0.0,-0.0
2,245,4.9,settle,0.02719,0.02535,0.00982,0.0282,0.012,-18.1,71.87,0.3197,0.0475,-1.026,0.0,0.0,0,0.0,-0.0
3,245,4.9,settle,0.00621,0.00269,0.00559,0.01017,0.012,-17.28,72.34,0.3163,0.0312,-1.238,0.0,0.0,0,0.0,-0.0
0,246,4.92,settle,0.02217,0.02214,0.0012,0.01666,0.012,-15.05,74.16,0.3112,0.0237,-0.27,0.0,0.0,0,0.0,-0.0
1,246,4.92,settle,0.01217,0.00699,-0.00996,0.0231,0.012,-17.44,71.89,0.3068,0.0233,-0.532,0.0,0.0,0,0.0,-0.0
2,246,4.92,settle,0.02725,0.02547,0.00967,0.0282,0.012,-18.09,71.88,0.3198,0.0476,-1.025,0.0,0.0,0,0.0,-0.0
3,246,4.92,settle,0.00462,0.00272,0.00373,0.01209,0.012,-17.69,71.95,0.3164,0.0312,-1.247,0.0,0.0,0,0.0,-0.0
0,247,4.94,settle,0.02412,0.0241,0.00087,0.0182,0.012,-14.91,74.28,0.3117,0.0235,-0.247,0.0,0.0,0,0.0,-0.0
1,247,4.94,settle,0.0122,0.00769,-0.00947,0.02326,0.012,-17.54,71.79,0.3069,0.0233,-0.51,0.0,0.0,0,0.0,-0.0
2,247,4.94,settle,0.02746,0.02576,0.0095,0.02839,0.012,-18.09,71.87,0.32,0.0477,-1.022,0.0,0.0,0,0.0,-0.0
3,247,4.94,settle,0.00435,0.00242,0.00362,0.01159,0.012,-17.55,72.06,0.3165,0.0313,-1.244,0.0,0.0,0,0.0,-0.0
0,248,4.96,settle,0.02766,0.02766,3e-05,0.02266,0.012,-14.98,74.16,0.3122,0.0233,-0.197,0.0,0.0,0,0.0,-0.0
1,248,4.96,settle,0.01188,0.00785,-0.00892,0.02294,0.012,-17.55,71.78,0.3069,0.0233,-0.488,0.0,0.0,0,0.0,-0.0
2,248,4.96,settle,0.02753,0.02588,0.00939,0.02848,0.012,-18.11,71.86,0.3201,0.0478,-1.02,0.0,0.0,0,0.0,-0.0
3,248,4.96,settle,0.00595,0.00399,0.00441,0.00875,0.012,-16.9,72.68,0.3166,0.0313,-1.246,0.0,0.0,0,0.0,-0.0
0,249,4.98,settle,0.02188,0.02187,0.00079,0.01663,0.012,-15.7,73.62,0.3127,0.0231,-0.224,0.0,0.0,0,0.0,-0.0
1,249,4.98,settle,0.01042,0.00602,-0.0085,0.02116,0.012,-17.3,72.05,0.3069,0.0232,-0.472,0.0,0.0,0,0.0,-0.0
2,249,4.98,settle,0.02754,0.02585,0.0095,0.02844,0.012,-18.07,71.9,0.3203,0.0479,-1.02,0.0,0.0,0,0.0,-0.0
3,249,4.98,settle,0.00605,0.00427,0.00429,0.00976,0.012,-17.03,72.56,0.3167,0.0314,-1.253,0.0,0.0,0,0.0,-0.0
0,250,5.0,settle,0.0236,0.02352,0.002,0.01818,0.012,-15.66,73.59,0.3132,0.0231,-0.192,0.0,0.0,0,0.0,-0.0
1,250,5.0,settle,0.01029,0.00562,-0.00862,0.0209,0.012,-17.29,72.07,0.307,0.0232,-0.465,0.0,0.0,0,0.0,-0.0
2,250,5.0,settle,0.02762,0.02583,0.00979,0.02844,0.012,-18.01,71.95,0.3204,0.048,-1.019,0.0,0.0,0,0.0,-0.0
3,250,5.0,settle,0.00465,0.00189,0.00425,0.01153,0.012,-17.35,72.22,0.3169,0.0315,-1.239,0.0,0.0,0,0.0,-0.0
0,251,5.02,settle,0.02406,0.02396,0.00224,0.0183,0.012,-15.79,73.48,0.3137,0.0229,-0.166,0.0,0.0,0,0.0,-0.0
1,251,5.02,settle,0.01091,0.00707,-0.00831,0.0218,0.012,-17.49,71.85,0.307,0.0231,-0.437,0.0,0.0,0,0.0,-0.0
2,251,5.02,settle,0.02796,0.026,0.01029,0.02865,0.012,-17.92,72.04,0.3205,0.0481,-1.015,0.0,0.0,0,0.0,-0.0
3,251,5.02,settle,0.00429,0.00231,0.00362,0.0125,0.012,-17.52,72.05,0.317,0.0316,-1.238,0.0,0.0,0,0.0,-0.0
0,252,5.04,settle,0.02395,0.02383,0.00247,0.01703,0.012,-15.75,73.54,0.3141,0.0228,-0.155,0.0,0.0,0,0.0,-0.0
1,252,5.04,settle,0.01014,0.00637,-0.0079,0.02082,0.012,-17.36,71.99,0.3071,0.0231,-0.415,0.0,0.0,0,0.0,-0.0
2,252,5.04,settle,0.02811,0.02607,0.01052,0.02879,0.012,-17.93,72.03,0.3207,0.0483,-1.01,0.0,0.0,0,0.0,-0.0
3,252,5.04,settle,0.00544,0.00463,0.00285,0.01352,0.012,-17.65,71.92,0.3171,0.0317,-1.248,0.0,0.0,0,0.0,-0.0
0,253,5.06,settle,0.02311,0.02292,0.00297,0.01561,0.012,-15.82,73.47,0.3146,0.0226,-0.147,0.0,0.0,0,0.0,-0.0
1,253,5.06,settle,0.00937,0.00465,-0.00813,0.01967,0.012,-17.18,72.19,0.3071,0.0231,-0.408,0.0,0.0,0,0.0,-0.0
2,253,5.06,settle,0.0281,0.02603,0.01057,0.02876,0.012,-17.93,72.02,0.3208,0.0484,-1.005,0.0,0.0,0,0.0,-0.0
3,253,5.06,settle,0.00525,0.00453,0.00266,0.0138,0.012,-17.72,71.85,0.3172,0.0318,-1.235,0.0,0.0,0,0.0,-0.0
0,254,5.08,settle,0.02416,0.02388,0.00362,0.01715,0.012,-15.88,73.37,0.315,0.0225,-0.123,0.0,0.0,0,0.0,-0.0
1,254,5.08,settle,0.00949,0.00546,-0.00777,0.02005,0.012,-17.3,72.07,0.3071,0.0231,-0.383,0.0,0.0,0,0.0,-0.0
2,254,5.08,settle,0.02791,0.02587,0.01048,0.02861,0.012,-17.95,72.01,0.3209,0.0485,-1.0,0.0,0.0,0,0.0,-0.0
3,254,5.08,settle,0.0059,0.00536,0.00246,0.01421,0.012,-17.75,71.81,0.3172,0.0318,-1.229,0.0,0.0,0,0.0,-0.0
0,255,5.1,settle,0.02568,0.02536,0.00404,0.01846,0.012,-15.74,73.48,0.3154,0.0223,-0.111,0.0,0.0,0,0.0,-0.0
1,255,5.1,settle,0.01,0.00624,-0.00781,0.02067,0.012,-17.42,71.94,0.3072,0.023,-0.362,0.0,0.0,0,0.0,-0.0
2,255,5.1,settle,0.02762,0.02555,0.01049,0.02837,0.012,-17.96,71.99,0.321,0.0486,-0.995,0.0,0.0,0,0.0,-0.0
3,255,5.1,settle,0.00684,0.00649,0.00219,0.01455,0.012,-17.74,71.82,0.3173,0.0319,-1.224,0.0,0.0,0,0.0,-0.0
0,256,5.12,settle,0.0279,0.02773,0.00308,0.02126,0.012,-15.81,73.4,0.3158,0.0222,-0.075,0.0,0.0,0,0.0,-0.0
1,256,5.12,settle,0.00907,0.00481,-0.0077,0.01944,0.012,-17.24,72.14,0.3072,0.023,-0.35,0.0,0.0,0,0.0,-0.0
2,256,5.12,settle,0.02748,0.02531,0.0107,0.0282,0.012,-17.96,71.99,0.3211,0.0487,-0.989,0.0,0.0,0,0.0,-0.0
3,256,5.12,settle,0.00737,0.0071,0.00198,0.01499,0.012,-17.77,71.79,0.3172,0.0319,-1.211,0.0,0.0,0,0.0,-0.0
0,257,5.14,settle,0.02722,0.02713,0.00228,0.02105,0.012,-16.3,72.99,0.3162,0.022,-0.054,0.0,0.0,0,0.0,-0.0
1,257,5.14,settle,0.00922,0.00487,-0.00783,0.01954,0.012,-17.26,72.12,0.3073,0.023,-0.333,0.0,0.0,0,0.0,-0.0
2,257,5.14,settle,0.02723,0.02513,0.01049,0.02803,0.012,-17.99,71.96,0.3212,0.0488,-0.982,0.0,0.0,0,0.0,-0.0
3,257,5.14,settle,0.00872,0.00858,0.0016,0.01607,0.012,-17.83,71.74,0.3172,0.0319,-1.206,0.0,0.0,0,0.0,-0.0
0,258,5.16,settle,0.02353,0.02343,0.00209,0.01725,0.012,-16.8,72.56,0.3166,0.0218,-0.067,0.0,0.0,0,0.0,-0.0
1,258,5.16,settle,0.0097,0.00574,-0.00782,0.02022,0.012,-17.38,71.99,0.3073,0.023,-0.32,0.0,0.0,0,0.0,-0.0
2,258,5.16,settle,0.02702,0.02503,0.01017,0.02786,0.012,-18.0,71.95,0.3213,0.049,-0.975,0.0,0.0,0,0.0,-0.0
3,258,5.16,settle,0.01343,0.01338,0.00117,0.01891,0.012,-17.71,71.87,0.3171,0.0319,-1.237,0.0,0.0,0,0.0,-0.0
0,259,5.18,settle,0.02287,0.02279,0.00194,0.01718,0.012,-17.02,72.3,0.317,0.0217,-0.056,0.0,0.0,0,0.0,-0.0
1,259,5.18,settle,0.0094,0.00549,-0.00763,0.01973,0.012,-17.23,72.1,0.3073,0.023,-0.32,0.0,0.0,0,0.0,-0.0
2,259,5.18,settle,0.02702,0.0251,0.01001,0.02792,0.012,-18.02,71.93,0.3213,0.0491,-0.966,0.0,0.0,0,0.0,-0.0
3,259,5.18,settle,0.00793,0.00758,0.00234,0.01344,0.012,-16.8,72.64,0.317,0.0319,-1.195,0.0,0.0,0,0.0,-0.0
0,260,5.2,settle,0.0235,0.02344,0.0018,0.01798,0.012,-17.0,72.25,0.3173,0.0216,-0.044,0.0,0.0,0,0.0,-0.0
1,260,5.2,settle,0.00983,0.00588,-0.00788,0.02027,0.012,-17.2,72.04,0.3074,0.023,-0.3,0.0,0.0,0,0.0,-0.0
2,260,5.2,settle,0.02726,0.02537,0.00998,0.02818,0.012,-18.03,71.92,0.3214,0.0493,-0.957,0.0,0.0,0,0.0,-0.0
3,260,5.2,settle,0.00883,0.00875,0.00122,0.01473,0.012,-16.92,72.56,0.3169,0.0318,-1.208,0.0,0.0,0,0.0,-0.0
0,261,5.22,settle,0.02307,0.02297,0.00212,0.01705,0.012,-16.88,72.31,0.3175,0.0215,-0.053,0.0,0.0,0,0.0,-0.0
1,261,5.22,settle,0.00988,0.00639,-0.00753,0.02008,0.012,-17.17,72.06,0.3074,0.023,-0.269,0.0,0.0,0,0.0,-0.0
2,261,5.22,settle,0.02721,0.02531,0.01001,0.02802,0.012,-18.0,71.95,0.3215,0.0494,-0.951,0.0,0.0,0,0.0,-0.0
3,261,5.22,settle,0.00619,0.00574,0.0023,0.00983,0.012,-15.91,73.45,0.3168,0.0318,-1.188,0.0,0.0,0,0.0,-0.0
0,262,5.24,settle,0.02273,0.02251,0.00312,0.0165,0.012,-16.73,72.38,0.3178,0.0215,-0.066,0.0,0.0,0,0.0,-0.0
1,262,5.24,settle,0.00807,0.00415,-0.00692,0.01801,0.012,-16.93,72.34,0.3074,0.0229,-0.262,0.0,0.0,0,0.0,-0.0
2,262,5.24,settle,0.02665,0.02468,0.01004,0.02734,0.012,-17.97,71.99,0.3216,0.0495,-0.95,0.0,0.0,0,0.0,-0.0
3,262,5.24,settle,0.00701,0.00672,0.00201,0.01134,0.012,-16.0,73.45,0.3167,0.0317,-1.204,0.0,0.0,0,0.0,-0.0
0,263,5.26,settle,0.0248,0.02448,0.00396,0.0191,0.012,-16.47,72.49,0.3181,0.0215,-0.061,0.0,0.0,0,0.0,-0.0
1,263,5.26,settle,0.00798,0.00467,-0.00647,0.01816,0.012,-17.03,72.25,0.3075,0.023,-0.243,0.0,0.0,0,0.0,-0.0
2,263,5.26,settle,0.02608,0.02397,0.01029,0.0267,0.012,-17.94,72.02,0.3216,0.0497,-0.947,0.0,0.0,0,0.0,-0.0
3,263,5.26,settle,0.00504,0.00391,0.00318,0.00816,0.012,-15.26,74.06,0.3167,0.0317,-1.183,0.0,0.0,0,0.0,-0.0
0,264,5.28,settle,0.02632,0.02591,0.00465,0.02068,0.012,-16.42,72.5,0.3183,0.0215,-0.061,0.0,0.0,0,0.0,-0.0
1,264,5.28,settle,0.00837,0.00569,-0.00614,0.01869,0.012,-17.16,72.11,0.3076,0.023,-0.219,0.0,0.0,0,0.0,-0.0
2,264,5.28,settle,0.02579,0.02352,0.01057,0.02637,0.012,-17.92,72.03,0.3217,0.0498,-0.941,0.0,0.0,0,0.0,-0.0
3,264,5.28,settle,0.00361,0.00253,0.00257,0.00907,0.012,-15.42,73.95,0.3167,0.0316,-1.175,0.0,0.0,0,0.0,-0.0
0,265,5.3,settle,0.02587,0.02533,0.00529,0.0197,0.012,-16.38,72.55,0.3185,0.0215,-0.081,0.0,0.0,0,0.0,-0.0
1,265,5.3,settle,0.007,0.0042,-0.0056,0.01699,0.012,-16.95,72.35,0.3076,0.023,-0.204,0.0,0.0,0,0.0,-0.0
2,265,5.3,settle,0.02581,0.02349,0.01069,0.02625,0.012,-17.87,72.08,0.3217,0.05,-0.935,0.0,0.0,0,0.0,-0.0
3,265,5.3,settle,0.00436,0.00337,0.00277,0.00823,0.012,-15.3,74.09,0.3167,0.0316,-1.184,0.0,0.0,0,0.0,-0.0
0,266,5.32,settle,0.02712,0.02656,0.00551,0.02141,0.012,-16.45,72.44,0.3188,0.0215,-0.067,0.0,0.0,0,0.0,-0.0
1,266,5.32,settle,0.00663,0.00347,-0.00565,0.01674,0.012,-16.96,72.35,0.3076,0.023,-0.197,0.0,0.0,0,0.0,-0.0
2,266,5.32,settle,0.02605,0.02379,0.01062,0.02636,0.012,-17.83,72.13,0.3217,0.0501,-0.928,0.0,0.0,0,0.0,-0.0
3,266,5.32,settle,0.00825,0.00686,0.00458,0.00546,0.012,-14.34,74.93,0.3167,0.0315,-1.176,0.0,0.0,0,0.0,-0.0
0,267,5.34,settle,0.02842,0.02795,0.00516,0.02355,0.012,-16.69,72.18,0.319,0.0215,-0.047,0.0,0.0,0,0.0,-0.0
1,267,5.34,settle,0.00772,0.0055,-0.00542,0.01813,0.012,-17.22,72.08,0.3077,0.023,-0.168,0.0,0.0,0,0.0,-0.0
2,267,5.34,settle,0.02613,0.0239,0.01056,0.02648,0.012,-17.83,72.13,0.3217,0.0502,-0.923,0.0,0.0,0,0.0,-0.0
3,267,5.34,settle,0.00915,0.00753,0.00519,0.00783,0.012,-14.47,74.79,0.3168,0.0315,-1.148,0.0,0.0,0,0.0,-0.0
0,268,5.36,settle,0.02781,0.02738,0.00486,0.02323,0.012,-16.95,71.94,0.3193,0.0216,-0.045,0.0,0.0,0,0.0,-0.0
1,268,5.36,settle,0.00616,0.00419,-0.00451,0.01606,0.012,-16.94,72.37,0.3077,0.023,-0.147,0.0,0.0,0,0.0,-0.0
2,268,5.36,settle,0.02624,0.02393,0.01076,0.02664,0.012,-17.84,72.11,0.3217,0.0504,-0.918,0.0,0.0,0,0.0,-0.0
3,268,5.36,settle,0.0079,0.00592,0.00524,0.00978,0.012,-15.31,74.05,0.317,0.0315,-1.131,0.0,0.0,0,0.0,-0.0
0,269,5.38,settle,0.02562,0.02512,0.00507,0.02087,0.012,-17.1,71.81,0.3195,0.0216,-0.062,0.0,0.0,0,0.0,-0.0
1,269,5.38,settle,0.00485,0.00166,-0.00456,0.01447,0.012,-16.75,72.6,0.3077,0.023,-0.145,0.0,0.0,0,0.0,-0.0
2,269,5.38,settle,0.0262,0.02379,0.01098,0.02657,0.012,-17.83,72.13,0.3217,0.0505,-0.915,0.0,0.0,0,0.0,-0.0
3,269,5.38,settle,0.0087,0.00634,0.00596,0.00741,0.012,-15.2,74.2,0.317,0.0314,-1.124,0.0,0.0,0,0.0,-0.0
0,270,5.4,settle,0.02541,0.02481,0.00547,0.02086,0.012,-17.21,71.67,0.3197,0.0217,-0.06,0.0,0.0,0,0.0,-0.0
1,270,5.4,settle,0.00535,0.00351,-0.00404,0.01551,0.012,-16.97,72.36,0.3078,0.023,-0.117,0.0,0.0,0,0.0,-0.0
2,270,5.4,settle,0.02607,0.02362,0.01104,0.02633,0.012,-17.78,72.18,0.3217,0.0506,-0.912,0.0,0.0,0,0.0,-0.0
3,270,5.4,settle,0.00962,0.00667,0.00693,0.00618,0.012,-15.38,74.1,0.3171,0.0313,-1.113,0.0,0.0,0,0.0,-0.0
0,271,5.42,settle,0.02583,0.02518,0.00573,0.02142,0.012,-17.25,71.6,0.3199,0.0218,-0.055,0.0,0.0,0,0.0,-0.0
1,271,5.42,settle,0.0053,0.0037,-0.0038,0.01549,0.012,-17.0,72.33,0.3078,0.0231,-0.099,0.0,0.0,0,0.0,-0.0
2,271,5.42,settle,0.02598,0.02356,0.01096,0.02623,0.012,-17.77,72.19,0.3217,0.0508,-0.907,0.0,0.0,0,0.0,-0.0
3,271,5.42,settle,0.00979,0.00606,0.00769,0.00731,0.012,-16.0,73.57,0.3172,0.0313,-1.103,0.0,0.0,0,0.0,-0.0
0,272,5.44,settle,0.02551,0.02483,0.00586,0.02093,0.012,-17.24,71.58,0.32,0.022,-0.06,0.0,0.0,0,0.0,-0.0
1,272,5.44,settle,0.00468,0.00228,-0.00408,0.0146,0.012,-16.88,72.47,0.3079,0.0231,-0.09,0.0,0.0,0,0.0,-0.0
2,272,5.44,settle,0.02608,0.02364,0.01101,0.02638,0.012,-17.77,72.18,0.3217,0.0509,-0.902,0.0,0.0,0,0.0,-0.0
3,272,5.44,settle,0.01188,0.00823,0.00856,0.00757,0.012,-15.83,73.75,0.3173,0.0312,-1.095,0.0,0.0,0,0.0,-0.0
0,273,5.46,settle,0.02528,0.02451,0.00619,0.02071,0.012,-17.29,71.53,0.3202,0.0221,-0.062,0.0,0.0,0,0.0,-0.0
1,273,5.46,settle,0.00509,0.00289,-0.00419,0.01523,0.012,-17.01,72.34,0.3079,0.0231,-0.072,0.0,0.0,0,0.0,-0.0
2,273,5.46,settle,0.02628,0.02377,0.01119,0.02656,0.012,-17.76,72.19,0.3217,0.051,-0.898,0.0,0.0,0,0.0,-0.0
3,273,5.46,settle,0.01447,0.01066,0.00978,0.00875,0.012,-15.58,74.0,0.3174,0.0311,-1.094,0.0,0.0,0,0.0,-0.0
0,274,5.48,settle,0.02561,0.02476,0.00653,0.02127,0.012,-17.35,71.44,0.3203,0.0223,-0.06,0.0,0.0,0,0.0,-0.0
1,274,5.48,settle,0.00551,0.00374,-0.00404,0.01582,0.012,-17.13,72.21,0.3079,0.0231,-0.051,0.0,0.0,0,0.0,-0.0
2,274,5.48,settle,0.0263,0.02375,0.01129,0.02653,0.012,-17.74,72.22,0.3217,0.0512,-0.895,0.0,0.0,0,0.0,-0.0
3,274,5.48,settle,0.01263,0.00815,0.00965,0.00838,0.012,-16.06,73.52,0.3175,0.0309,-1.061,0.0,0.0,0,0.0,-0.0
0,275,5.5,settle,0.02567,0.02479,0.00666,0.02135,0.012,-17.37,71.41,0.3204,0.0225,-0.063,0.0,0.0,0,0.0,-0.0
1,275,5.5,settle,0.00472,0.00278,-0.00381,0.01472,0.012,-16.98,72.37,0.3079,0.0231,-0.033,0.0,0.0,0,0.0,-0.0
2,275,5.5,settle,0.02624,0.02367,0.01133,0.02641,0.012,-17.71,72.25,0.3217,0.0513,-0.893,0.0,0.0,0,0.0,-0.0
3,275,5.5,settle,0.01294,0.0087,0.00958,0.00847,0.012,-16.33,73.3,0.3176,0.0308,-1.048,0.0,0.0,0,0.0,-0.0
0,276,5.52,settle,0.02561,0.0247,0.00676,0.02121,0.012,-17.36,71.41,0.3205,0.0227,-0.069,0.0,0.0,0,0.0,-0.0
1,276,5.52,settle,0.00473,0.00227,-0.00415,0.01463,0.012,-16.99,72.38,0.308,0.0231,-0.028,0.0,0.0,0,0.0,-0.0
2,276,5.52,settle,0.02623,0.02362,0.0114,0.02642,0.012,-17.71,72.25,0.3217,0.0514,-0.889,0.0,0.0,0,0.0,-0.0
3,276,5.52,settle,0.0138,0.01063,0.00881,0.01008,0.012,-16.77,72.92,0.3176,0.0306,-1.049,0.0,0.0,0,0.0,-0.0
0,277,5.54,settle,0.02566,0.02469,0.00701,0.02137,0.012,-17.4,71.36,0.3206,0.0229,-0.073,0.0,0.0,0,0.0,-0.0
1,277,5.54,settle,0.00573,0.00399,-0.00411,0.01604,0.012,-17.24,72.12,0.308,0.0231,-0.001,0.0,0.0,0,0.0,-0.0
2,277,5.54,settle,0.02639,0.02372,0.01156,0.0266,0.012,-17.7,72.26,0.3217,0.0515,-0.884,0.0,0.0,0,0.0,-0.0
3,277,5.54,settle,0.01514,0.01226,0.00889,0.01176,0.012,-16.79,72.91,0.3177,0.0304,-1.048,0.0,0.0,0,0.0,-0.0
0,278,5.56,settle,0.02597,0.02494,0.00723,0.02189,0.012,-17.45,71.3,0.3207,0.0231,-0.076,0.0,0.0,0,0.0,-0.0
1,278,5.56,settle,0.0046,0.00308,-0.00342,0.01452,0.012,-17.04,72.33,0.308,0.0231,0.019,0.0,0.0,0,0.0,-0.0
2,278,5.56,settle,0.02652,0.02383,0.01164,0.02671,0.012,-17.69,72.27,0.3217,0.0516,-0.881,0.0,0.0,0,0.0,-0.0
3,278,5.56,settle,0.01362,0.01043,0.00876,0.01114,0.012,-16.97,72.71,0.3177,0.0302,-1.025,0.0,0.0,0,0.0,-0.0
0,279,5.58,settle,0.02607,0.02503,0.00729,0.02202,0.012,-17.45,71.29,0.3207,0.0234,-0.082,0.0,0.0,0,0.0,-0.0
1,279,5.58,settle,0.00377,0.0011,-0.00361,0.0133,0.012,-16.87,72.53,0.308,0.0231,0.021,0.0,0.0,0,0.0,-0.0
2,279,5.58,settle,0.02659,0.02391,0.01163,0.02674,0.012,-17.67,72.29,0.3217,0.0518,-0.878,0.0,0.0,0,0.0,-0.0
3,279,5.58,settle,0.01266,0.00959,0.00826,0.01052,0.012,-17.04,72.64,0.3177,0.0301,-1.011,0.0,0.0,0,0.0,-0.0
0,280,5.6,settle,0.02616,0.02511,0.00735,0.02208,0.012,-17.44,71.29,0.3208,0.0236,-0.089,0.0,0.0,0,0.0,-0.0
1,280,5.6,settle,0.00421,0.00248,-0.0034,0.01433,0.012,-17.07,72.32,0.308,0.0231,0.043,0.0,0.0,0,0.0,-0.0
2,280,5.6,settle,0.0266,0.02391,0.01165,0.02675,0.012,-17.66,72.3,0.3217,0.0519,-0.875,0.0,0.0,0,0.0,-0.0
3,280,5.6,settle,0.01293,0.01082,0.00709,0.01183,0.012,-17.23,72.46,0.3177,0.0298,-1.017,0.0,0.0,0,0.0,-0.0
0,281,5.62,settle,0.02627,0.02515,0.00758,0.02231,0.012,-17.48,71.24,0.3208,0.0239,-0.097,0.0,0.0,0,0.0,-0.0
1,281,5.62,settle,0.00491,0.00351,-0.00342,0.0151,0.012,-17.2,72.18,0.308,0.0231,0.063,0.0,0.0,0,0.0,-0.0
2,281,5.62,settle,0.02662,0.0239,0.01173,0.02683,0.012,-17.66,72.29,0.3217,0.052,-0.871,0.0,0.0,0,0.0,-0.0
3,281,5.62,settle,0.01625,0.01484,0.00662,0.01595,0.012,-17.3,72.42,0.3177,0.0296,-1.052,0.0,0.0,0,0.0,-0.0
0,282,5.64,settle,0.02627,0.02503,0.00799,0.02247,0.012,-17.53,71.19,0.3209,0.0242,-0.106,0.0,0.0,0,0.0,-0.0
1,282,5.64,settle,0.00395,0.00188,-0.00347,0.01375,0.012,-17.01,72.39,0.308,0.0231,0.072,0.0,0.0,0,0.0,-0.0
2,282,5.64,settle,0.02673,0.02398,0.01179,0.02695,0.012,-17.66,72.3,0.3217,0.0521,-0.867,0.0,0.0,0,0.0,-0.0
3,282,5.64,settle,0.01297,0.01013,0.00809,0.0108,0.012,-16.52,73.07,0.3176,0.0295,-1.017,0.0,0.0,0,0.0,-0.0
0,283,5.66,settle,0.02629,0.02496,0.00825,0.02245,0.012,-17.53,71.19,0.3209,0.0246,-0.116,0.0,0.0,0,0.0,-0.0
1,283,5.66,settle,0.00438,0.00215,-0.00381,0.01427,0.012,-17.1,72.31,0.308,0.0231,0.08,0.0,0.0,0,0.0,-0.0
2,283,5.66,settle,0.02675,0.02401,0.01181,0.02695,0.012,-17.64,72.32,0.3217,0.0522,-0.864,0.0,0.0,0,0.0,-0.0
3,283,5.66,settle,0.01183,0.00977,0.00666,0.01101,0.012,-16.63,72.97,0.3176,0.0293,-1.033,0.0,0.0,0,0.0,-0.0
0,284,5.68,settle,0.02641,0.0251,0.00823,0.0225,0.012,-17.5,71.21,0.321,0.0249,-0.125,0.0,0.0,0,0.0,-0.0
1,284,5.68,settle,0.00553,0.00393,-0.00389,0.0158,0.012,-17.35,72.04,0.308,0.0231,0.103,0.0,0.0,0,0.0,-0.0
2,284,5.68,settle,0.02659,0.02384,0.01177,0.02677,0.012,-17.63,72.33,0.3217,0.0524,-0.862,0.0,0.0,0,0.0,-0.0
3,284,5.68,settle,0.01195,0.00963,0.00708,0.00767,0.012,-15.73,73.78,0.3175,0.0291,-1.033,0.0,0.0,0,0.0,-0.0
0,285,5.7,settle,0.0263,0.02494,0.00833,0.02245,0.012,-17.52,71.19,0.321,0.0252,-0.136,0.0,0.0,0,0.0,-0.0
1,285,5.7,settle,0.00432,0.00265,-0.00341,0.01419,0.012,-17.13,72.27,0.308,0.0231,0.118,0.0,0.0,0,0.0,-0.0
2,285,5.7,settle,0.02642,0.02365,0.01176,0.02662,0.012,-17.62,72.33,0.3217,0.0525,-0.86,0.0,0.0,0,0.0,-0.0
3,285,5.7,settle,0.01016,0.00749,0.00687,0.00651,0.012,-15.76,73.79,0.3176,0.029,-1.021,0.0,0.0,0,0.0,-0.0
0,286,5.72,settle,0.02654,0.02513,0.00852,0.02295,0.012,-17.58,71.12,0.321,0.0255,-0.145,0.0,0.0,0,0.0,-0.0
1,286,5.72,settle,0.00399,0.00143,-0.00372,0.01346,0.012,-17.02,72.4,0.3079,0.023,0.118,0.0,0.0,0,0.0,-0.0
2,286,5.72,settle,0.02638,0.0236,0.0118,0.02661,0.012,-17.62,72.34,0.3217,0.0526,-0.856,0.0,0.0,0,0.0,-0.0
3,286,5.72,settle,0.00989,0.00668,0.00729,0.00629,0.012,-15.76,73.77,0.3176,0.0289,-1.005,0.0,0.0,0,0.0,-0.0
0,287,5.74,settle,0.02672,0.02535,0.00846,0.02321,0.012,-17.59,71.11,0.3211,0.0259,-0.154,0.0,0.0,0,0.0,-0.0
1,287,5.74,settle,0.00469,0.00306,-0.00356,0.01487,0.012,-17.28,72.13,0.308,0.023,0.14,0.0,0.0,0,0.0,-0.0
2,287,5.74,settle,0.0264,0.0236,0.01184,0.02661,0.012,-17.6,72.35,0.3216,0.0527,-0.853,0.0,0.0,0,0.0,-0.0
3,287,5.74,settle,0.01161,0.00861,0.0078,0.00553,0.012,-15.57,73.99,0.3176,0.0288,-1.017,0.0,0.0,0,0.0,-0.0
0,288,5.76,settle,0.02644,0.02506,0.00842,0.02285,0.012,-17.58,71.13,0.3211,0.0262,-0.169,0.0,0.0,0,0.0,-0.0
1,288,5.76,settle,0.00474,0.00327,-0.00344,0.01482,0.012,-17.29,72.12,0.308,0.023,0.156,0.0,0.0,0,0.0,-0.0
2,288,5.76,settle,0.02635,0.02354,0.01184,0.02652,0.012,-17.58,72.38,0.3216,0.0528,-0.851,0.0,0.0,0,0.0,-0.0
3,288,5.76,settle,0.01343,0.0104,0.00849,0.00538,0.012,-15.3,74.26,0.3177,0.0287,-1.01,0.0,0.0,0,0.0,-0.0
0,289,5.78,settle,0.02651,0.0251,0.00853,0.02306,0.012,-17.61,71.09,0.3211,0.0265,-0.179,0.0,0.0,0,0.0,-0.0
1,289,5.78,settle,0.004,0.00152,-0.0037,0.01362,0.012,-17.11,72.33,0.3079,0.023,0.159,0.0,0.0,0,0.0,-0.0
2,289,5.78,settle,0.02617,0.02336,0.01181,0.02631,0.012,-17.56,72.39,0.3216,0.053,-0.85,0.0,0.0,0,0.0,-0.0
3,289,5.78,settle,0.01359,0.0101,0.0091,0.00604,0.012,-15.41,74.17,0.3178,0.0286,-1.005,0.0,0.0,0,0.0,-0.0
0,290,5.8,settle,0.02666,0.02526,0.00852,0.02335,0.012,-17.63,71.06,0.3211,0.0269,-0.188,0.0,0.0,0,0.0,-0.0
1,290,5.8,settle,0.00456,0.00232,-0.00392,0.01443,0.012,-17.24,72.19,0.3079,0.023,0.173,0.0,0.0,0,0.0,-0.0
2,290,5.8,settle,0.02604,0.0232,0.01182,0.02618,0.012,-17.55,72.41,0.3216,0.0531,-0.848,0.0,0.0,0,0.0,-0.0
3,290,5.8,settle,0.01587,0.01193,0.01046,0.00767,0.012,-15.15,74.42,0.3179,0.0285,-0.996,0.0,0.0,0,0.0,-0.0
0,291,5.82,settle,0.02677,0.0254,0.00844,0.0235,0.012,-17.63,71.06,0.3212,0.0273,-0.198,0.0,0.0,0,0.0,-0.0
1,291,5.82,settle,0.00514,0.0033,-0.00395,0.0153,0.012,-17.41,72.02,0.308,0.023,0.184,0.0,0.0,0,0.0,-0.0
2,291,5.82,settle,0.02606,0.02317,0.01191,0.0262,0.012,-17.54,72.42,0.3216,0.0532,-0.846,0.0,0.0,0,0.0,-0.0
3,291,5.82,settle,0.01847,0.01437,0.0116,0.00939,0.012,-14.79,74.77,0.318,0.0285,-0.996,0.0,0.0,0,0.0,-0.0
0,292,5.84,settle,0.02666,0.02529,0.00844,0.02344,0.012,-17.64,71.05,0.3212,0.0276,-0.21,0.0,0.0,0,0.0,-0.0
1,292,5.84,settle,0.00463,0.00255,-0.00386,0.01456,0.012,-17.3,72.14,0.3079,0.023,0.189,0.0,0.0,0,0.0,-0.0
2,292,5.84,settle,0.0261,0.02319,0.01198,0.02621,0.012,-17.52,72.44,0.3216,0.0534,-0.844,0.0,0.0,0,0.0,-0.0
3,292,5.84,settle,0.01508,0.01089,0.01043,0.00788,0.012,-15.77,73.86,0.3183,0.0284,-0.989,0.0,0.0,0,0.0,-0.0
0,293,5.86,settle,0.02665,0.02526,0.00847,0.02356,0.012,-17.68,71.01,0.3212,0.028,-0.22,0.0,0.0,0,0.0,-0.0
1,293,5.86,settle,0.00499,0.00275,-0.00416,0.01485,0.012,-17.34,72.1,0.3079,0.023,0.198,0.0,0.0,0,0.0,-0.0
2,293,5.86,settle,0.02599,0.02306,0.01198,0.02604,0.012,-17.49,72.47,0.3216,0.0535,-0.843,0.0,0.0,0,0.0,-0.0
3,293,5.86,settle,0.0167,0.01213,0.01147,0.00897,0.012,-15.6,74.02,0.3185,0.0284,-0.987,0.0,0.0,0,0.0,-0.0
0,294,5.88,settle,0.02678,0.02541,0.00845,0.02382,0.012,-17.7,70.99,0.3212,0.0284,-0.227,0.0,0.0,0,0.0,-0.0
1,294,5.88,settle,0.00542,0.0033,-0.0043,0.01544,0.012,-17.43,72.0,0.3079,0.023,0.208,0.0,0.0,0,0.0,-0.0
2,294,5.88,settle,0.02576,0.02281,0.01197,0.02579,0.012,-17.47,72.48,0.3216,0.0536,-0.844,0.0,0.0,0,0.0,-0.0
3,294,5.88,settle,0.01536,0.01081,0.0109,0.0078,0.012,-16.21,73.48,0.3186,0.0283,-0.989,0.0,0.0,0,0.0,-0.0
0,295,5.9,settle,0.02686,0.02551,0.00842,0.02396,0.012,-17.7,70.97,0.3212,0.0288,-0.237,0.0,0.0,0,0.0,-0.0
1,295,5.9,settle,0.0053,0.00313,-0.00427,0.01527,0.012,-17.41,72.02,0.3079,0.023,0.215,0.0,0.0,0,0.0,-0.0
2,295,5.9,settle,0.02563,0.02263,0.01203,0.02568,0.012,-17.47,72.49,0.3216,0.0538,-0.843,0.0,0.0,0,0.0,-0.0
3,295,5.9,settle,0.0161,0.0116,0.01116,0.00777,0.012,-16.16,73.53,0.3188,0.0282,-0.997,0.0,0.0,0,0.0,-0.0
0,296,5.92,settle,0.02663,0.02526,0.00842,0.02377,0.012,-17.72,70.96,0.3212,0.0292,-0.248,0.0,0.0,0,0.0,-0.0
1,296,5.92,settle,0.00528,0.00294,-0.00439,0.01516,0.012,-17.4,72.03,0.3079,0.023,0.223,0.0,0.0,0,0.0,-0.0
2,296,5.92,settle,0.02592,0.02297,0.01202,0.02602,0.012,-17.47,72.49,0.3216,0.0539,-0.838,0.0,0.0,0,0.0,-0.0
3,296,5.92,settle,0.01682,0.01201,0.01177,0.00861,0.012,-16.15,73.54,0.319,0.0282,-1.012,0.0,0.0,0,0.0,-0.0
0,297,5.94,settle,0.02648,0.02511,0.0084,0.02371,0.012,-17.74,70.94,0.3213,0.0296,-0.257,0.0,0.0,0,0.0,-0.0
1,297,5.94,settle,0.0055,0.00317,-0.0045,0.01541,0.012,-17.45,71.98,0.3079,0.023,0.232,0.0,0.0,0,0.0,-0.0
2,297,5.94,settle,0.02623,0.0234,0.01185,0.02636,0.012,-17.47,72.48,0.3215,0.054,-0.832,0.0,0.0,0,0.0,-0.0
3,297,5.94,settle,0.0156,0.01053,0.01151,0.00872,0.012,-16.46,73.23,0.3192,0.0282,-1.022,0.0,0.0,0,0.0,-0.0
0,298,5.96,settle,0.02669,0.02533,0.00843,0.02407,0.012,-17.76,70.9,0.3213,0.03,-0.263,0.0,0.0,0,0.0,-0.0
1,298,5.96,settle,0.00566,0.00332,-0.00459,0.01558,0.012,-17.5,71.94,0.3079,0.023,0.239,0.0,0.0,0,0.0,-0.0
2,298,5.96,settle,0.02625,0.02362,0.01147,0.02654,0.012,-17.51,72.44,0.3215,0.0542,-0.827,0.0,0.0,0,0.0,-0.0
3,298,5.96,settle,0.01395,0.00889,0.01075,0.00844,0.012,-16.75,72.91,0.3194,0.0281,-1.024,0.0,0.0,0,0.0,-0.0
0,299,5.98,settle,0.0265,0.02514,0.00836,0.02397,0.012,-17.79,70.88,0.3213,0.0304,-0.273,0.0,0.0,0,0.0,-0.0
1,299,5.98,settle,0.00549,0.0031,-0.00454,0.01534,0.012,-17.48,71.97,0.3079,0.023,0.245,0.0,0.0,0,0.0,-0.0
2,299,5.98,settle,0.02639,0.02389,0.01122,0.02685,0.012,-17.55,72.4,0.3215,0.0543,-0.819,0.0,0.0,0,0.0,-0.0
3,299,5.98,settle,0.0116,0.0074,0.00893,0.00854,0.012,-17.5,72.2,0.3195,0.0281,-1.018,0.0,0.0,0,0.0,-0.0
0,300,6.0,settle,0.02642,0.0251,0.00824,0.02391,0.012,-17.78,70.89,0.3213,0.0308,-0.281,0.0,0.0,0,0.0,-0.0
1,300,6.0,settle,0.00548,0.00307,-0.00454,0.01531,0.012,-17.49,71.96,0.3079,0.023,0.252,0.0,0.0,0,0.0,-0.0
2,300,6.0,settle,0.02668,0.02427,0.01107,0.02726,0.012,-17.58,72.37,0.3215,0.0545,-0.809,0.0,0.0,0,0.0,-0.0
3,300,6.0,settle,0.01352,0.01078,0.00816,0.00949,0.012,-17.44,72.29,0.3195,0.028,-1.031,0.0,0.0,0,0.0,-0.0
0,301,6.02,settle,0.02629,0.02499,0.00819,0.02384,0.012,-17.79,70.88,0.3213,0.0313,-0.29,0.0,0.0,0,0.0,-0.0
1,301,6.02,settle,0.00575,0.0033,-0.00471,0.01558,0.012,-17.54,71.91,0.3079,0.023,0.257,0.0,0.0,0,0.0,-0.0
2,301,6.02,settle,0.02668,0.02435,0.01089,0.02733,0.012,-17.58,72.37,0.3215,0.0546,-0.802,0.0,0.0,0,0.0,-0.0
3,301,6.02,settle,0.0162,0.01332,0.00922,0.00909,0.012,-16.58,73.08,0.3196,0.0279,-1.022,0.0,0.0,0,0.0,-0.0
0,302,6.04,settle,0.0263,0.02501,0.00814,0.02399,0.012,-17.82,70.85,0.3213,0.0317,-0.296,0.0,0.0,0,0.0,-0.0
1,302,6.04,settle,0.0057,0.00321,-0.0047,0.0155,0.012,-17.54,71.92,0.3079,0.023,0.262,0.0,0.0,0,0.0,-0.0
2,302,6.04,settle,0.02648,0.02422,0.01072,0.02715,0.012,-17.57,72.38,0.3215,0.0547,-0.797,0.0,0.0,0,0.0,-0.0
3,302,6.04,settle,0.01507,0.01169,0.0095,0.00837,0.012,-16.74,72.91,0.3196,0.0279,-1.008,0.0,0.0,0,0.0,-0.0
0,303,6.06,settle,0.02642,0.02517,0.00804,0.02421,0.012,-17.83,70.83,0.3213,0.0321,-0.301,0.0,0.0,0,0.0,-0.0
1,303,6.06,settle,0.00563,0.00311,-0.0047,0.0154,0.012,-17.54,71.92,0.3079,0.023,0.267,0.0,0.0,0,0.0,-0.0
2,303,6.06,settle,0.02631,0.02407,0.01062,0.02699,0.012,-17.56,72.39,0.3215,0.0549,-0.793,0.0,0.0,0,0.0,-0.0
3,303,6.06,settle,0.01311,0.00997,0.00851,0.00851,0.012,-17.13,72.53,0.3197,0.0278,-1.013,0.0,0.0,0,0.0,-0.0
0,304,6.08,settle,0.02638,0.02517,0.00792,0.02418,0.012,-17.82,70.84,0.3213,0.0326,-0.309,0.0,0.0,0,0.0,-0.0
1,304,6.08,settle,0.00575,0.00319,-0.00478,0.01551,0.012,-17.57,71.9,0.3079,0.023,0.272,0.0,0.0,0,0.0,-0.0
2,304,6.08,settle,0.02609,0.02386,0.01056,0.02683,0.012,-17.57,72.39,0.3215,0.055,-0.79,0.0,0.0,0,0.0,-0.0
3,304,6.08,settle,0.01096,0.00852,0.0069,0.00832,0.012,-17.43,72.23,0.3198,0.0277,-1.01,0.0,0.0,0,0.0,-0.0
0,305,6.1,settle,0.02622,0.025,0.00788,0.02408,0.012,-17.83,70.82,0.3213,0.033,-0.318,0.0,0.0,0,0.0,-0.0
1,305,6.1,settle,0.00579,0.0032,-0.00482,0.01555,0.012,-17.58,71.88,0.3079,0.023,0.277,0.0,0.0,0,0.0,-0.0
2,305,6.1,settle,0.02613,0.0239,0.01058,0.02687,0.012,-17.56,72.39,0.3215,0.0552,-0.784,0.0,0.0,0,0.0,-0.0
3,305,6.1,settle,0.01032,0.00897,0.0051,0.01083,0.012,-17.97,71.72,0.3198,0.0276,-1.019,0.0,0.0,0,0.0,-0.0
0,306,6.12,settle,0.02613,0.02493,0.00783,0.02413,0.012,-17.86,70.8,0.3213,0.0334,-0.324,0.0,0.0,0,0.0,-0.0
1,306,6.12,settle,0.00563,0.00304,-0.00475,0.01536,0.012,-17.57,71.9,0.3079,0.023,0.28,0.0,0.0,0,0.0,-0.0
2,306,6.12,settle,0.02583,0.02362,0.01046,0.02657,0.012,-17.54,72.41,0.3214,0.0553,-0.782,0.0,0.0,0,0.0,-0.0
3,306,6.12,settle,0.01182,0.01081,0.00477,0.01252,0.012,-17.98,71.71,0.3198,0.0276,-1.034,0.0,0.0,0,0.0,-0.0
0,307,6.14,settle,0.0262,0.02504,0.00771,0.02428,0.012,-17.87,70.79,0.3213,0.0339,-0.328,0.0,0.0,0,0.0,-0.0
1,307,6.14,settle,0.00557,0.00297,-0.00472,0.01528,0.012,-17.58,71.89,0.3079,0.023,0.284,0.0,0.0,0,0.0,-0.0
2,307,6.14,settle,0.02572,0.02354,0.01038,0.02641,0.012,-17.51,72.44,0.3214,0.0555,-0.778,0.0,0.0,0,0.0,-0.0
3,307,6.14,settle,0.01248,0.01074,0.00635,0.0092,0.012,-16.97,72.63,0.3198,0.0275,-1.024,0.0,0.0,0,0.0,-0.0
0,308,6.16,settle,0.02621,0.02508,0.0076,0.02431,0.012,-17.86,70.79,0.3213,0.0343,-0.334,0.0,0.0,0,0.0,-0.0
1,308,6.16,settle,0.00573,0.00309,-0.00482,0.01544,0.012,-17.61,71.86,0.3079,0.023,0.288,0.0,0.0,0,0.0,-0.0
2,308,6.16,settle,0.02566,0.02349,0.01033,0.02637,0.012,-17.51,72.44,0.3214,0.0556,-0.775,0.0,0.0,0,0.0,-0.0
3,308,6.16,settle,0.01122,0.00933,0.00624,0.00736,0.012,-16.8,72.76,0.3198,0.0275,-1.012,0.0,0.0,0,0.0,-0.0
0,309,6.18,settle,0.02615,0.02504,0.00756,0.02432,0.012,-17.87,70.78,0.3213,0.0347,-0.341,0.0,0.0,0,0.0,-0.0
1,309,6.18,settle,0.00564,0.00299,-0.00478,0.01533,0.012,-17.61,71.87,0.3079,0.023,0.291,0.0,0.0,0,0.0,-0.0
2,309,6.18,settle,0.02561,0.02346,0.01027,0.0264,0.012,-17.52,72.43,0.3214,0.0557,-0.77,0.0,0.0,0,0.0,-0.0
3,309,6.18,settle,0.00997,0.00822,0.00565,0.0082,0.012,-17.07,72.51,0.3198,0.0274,-1.018,0.0,0.0,0,0.0,-0.0
0,310,6.2,settle,0.0261,0.025,0.0075,0.02437,0.012,-17.88,70.77,0.3213,0.0352,-0.346,0.0,0.0,0,0.0,-0.0
1,310,6.2,settle,0.00548,0.00285,-0.00468,0.01514,0.012,-17.6,71.88,0.3079,0.0231,0.293,0.0,0.0,0,0.0,-0.0
2,310,6.2,settle,0.02582,0.02369,0.01027,0.02656,0.012,-17.49,72.46,0.3214,0.0559,-0.764,0.0,0.0,0,0.0,-0.0
3,310,6.2,settle,0.0083,0.00687,0.00467,0.0093,0.012,-17.38,72.21,0.3198,0.0274,-1.021,0.0,0.0,0,0.0,-0.0
0,311,6.22,settle,0.02607,0.025,0.0074,0.02442,0.012,-17.89,70.76,0.3213,0.0356,-0.349,0.0,0.0,0,0.0,-0.0
1,311,6.22,settle,0.00561,0.00296,-0.00476,0.01528,0.012,-17.63,71.85,0.3079,0.0231,0.296,0.0,0.0,0,0.0,-0.0
2,311,6.22,settle,0.02555,0.02347,0.01008,0.0263,0.012,-17.49,72.46,0.3214,0.056,-0.763,0.0,0.0,0,0.0,-0.0
3,311,6.22,settle,0.00781,0.00707,0.00333,0.01143,0.012,-17.77,71.84,0.3198,0.0273,-1.027,0.0,0.0,0,0.0,-0.0
0,312,6.24,settle,0.0262,0.02516,0.00732,0.0246,0.012,-17.88,70.76,0.3213,0.036,-0.353,0.0,0.0,0,0.0,-0.0
1,312,6.24,settle,0.00557,0.0029,-0.00476,0.01525,0.012,-17.64,71.84,0.3079,0.0231,0.298,0.0,0.0,0,0.0,-0.0
2,312,6.24,settle,0.02533,0.02329,0.00997,0.02615,0.012,-17.5,72.46,0.3214,0.0561,-0.76,0.0,0.0,0,0.0,-0.0
3,312,6.24,settle,0.00723,0.0067,0.0027,0.0119,0.012,-17.88,71.73,0.3197,0.0273,-1.021,0.0,0.0,0,0.0,-0.0
0,313,6.26,settle,0.02607,0.02503,0.00728,0.02453,0.012,-17.89,70.75,0.3213,0.0364,-0.359,0.0,0.0,0,0.0,-0.0
1,313,6.26,settle,0.00545,0.00276,-0.0047,0.01508,0.012,-17.63,71.86,0.3079,0.0231,0.3,0.0,0.0,0,0.0,-0.0
2,313,6.26,settle,0.02569,0.02364,0.01004,0.02649,0.012,-17.48,72.47,0.3214,0.0562,-0.753,0.0,0.0,0,0.0,-0.0
3,313,6.26,settle,0.00937,0.00914,0.0021,0.01397,0.012,-18.03,71.6,0.3197,0.0272,-1.034,0.0,0.0,0,0.0,-0.0
0,314,6.28,settle,0.02598,0.02496,0.00721,0.02454,0.012,-17.91,70.74,0.3213,0.0369,-0.363,0.0,0.0,0,0.0,-0.0
1,314,6.28,settle,0.00549,0.00284,-0.0047,0.01514,0.012,-17.65,71.83,0.3079,0.0231,0.302,0.0,0.0,0,0.0,-0.0
2,314,6.28,settle,0.02548,0.02345,0.00996,0.0263,0.012,-17.47,72.48,0.3214,0.0563,-0.751,0.0,0.0,0,0.0,-0.0
3,314,6.28,settle,0.00906,0.00863,0.00276,0.01316,0.012,-17.86,71.75,0.3196,0.0272,-1.026,0.0,0.0,0,0.0,-0.0
0,315,6.3,settle,0.02614,0.02515,0.00714,0.02476,0.012,-17.91,70.73,0.3213,0.0373,-0.364,0.0,0.0,0,0.0,-0.0
1,315,6.3,settle,0.00545,0.00283,-0.00465,0.01512,0.012,-17.67,71.82,0.308,0.0232,0.303,0.0,0.0,0,0.0,-0.0
2,315,6.3,settle,0.02525,0.02324,0.00988,0.02606,0.012,-17.46,72.5,0.3214,0.0564,-0.749,0.0,0.0,0,0.0,-0.0
3,315,6.3,settle,0.00961,0.00931,0.00237,0.01376,0.012,-17.88,71.73,0.3195,0.0272,-1.026,0.0,0.0,0,0.0,-0.0
0,316,6.32,settle,0.02601,0.02502,0.00708,0.02467,0.012,-17.91,70.73,0.3213,0.0377,-0.37,0.0,0.0,0,0.0,-0.0
1,316,6.32,settle,0.00527,0.00263,-0.00457,0.01488,0.012,-17.65,71.84,0.308,0.0232,0.303,0.0,0.0,0,0.0,-0.0
2,316,6.32,settle,0.02532,0.0233,0.00989,0.02605,0.012,-17.43,72.53,0.3213,0.0565,-0.745,0.0,0.0,0,0.0,-0.0
3,316,6.32,settle,0.01051,0.01034,0.00189,0.01509,0.012,-18.0,71.63,0.3194,0.0271,-1.03,0.0,0.0,0,0.0,-0.0
0,317,6.34,settle,0.02591,0.02495,0.007,0.02463,0.012,-17.91,70.73,0.3213,0.0381,-0.373,0.0,0.0,0,0.0,-0.0
1,317,6.34,settle,0.00524,0.00263,-0.00453,0.01487,0.012,-17.66,71.83,0.308,0.0232,0.305,0.0,0.0,0,0.0,-0.0
2,317,6.34,settle,0.02534,0.02331,0.00993,0.02605,0.012,-17.41,72.54,0.3213,0.0566,-0.741,0.0,0.0,0,0.0,-0.0
3,317,6.34,settle,0.01283,0.01271,0.00178,0.01691,0.012,-17.92,71.7,0.3192,0.027,-1.053,0.0,0.0,0,0.0,-0.0
0,318,6.36,settle,0.02609,0.02515,0.00696,0.02488,0.012,-17.91,70.72,0.3212,0.0385,-0.374,0.0,0.0,0,0.0,-0.0
1,318,6.36,settle,0.00526,0.00269,-0.00452,0.01491,0.012,-17.69,71.81,0.308,0.0232,0.305,0.0,0.0,0,0.0,-0.0
2,318,6.36,settle,0.02535,0.02331,0.00997,0.02606,0.012,-17.4,72.56,0.3213,0.0567,-0.738,0.0,0.0,0,0.0,-0.0
3,318,6.36,settle,0.01545,0.01538,0.00148,0.01919,0.012,-17.75,71.85,0.319,0.027,-1.086,0.0,0.0,0,0.0,-0.0
0,319,6.38,settle,0.02595,0.02502,0.00688,0.0248,0.012,-17.92,70.72,0.3212,0.0389,-0.378,0.0,0.0,0,0.0,-0.0
1,319,6.38,settle,0.0051,0.00252,-0.00444,0.01472,0.012,-17.67,71.82,0.308,0.0232,0.305,0.0,0.0,0,0.0,-0.0
2,319,6.38,settle,0.02514,0.02311,0.0099,0.02588,0.012,-17.39,72.56,0.3213,0.0568,-0.736,0.0,0.0,0,0.0,-0.0
3,319,6.38,settle,0.0098,0.00938,0.00282,0.01286,0.012,-16.85,72.63,0.3188,0.0269,-1.056,0.0,0.0,0,0.0,-0.0
0,320,6.4,settle,0.02594,0.02503,0.00681,0.02483,0.012,-17.91,70.73,0.3212,0.0393,-0.38,0.0,0.0,0,0.0,-0.0
1,320,6.4,settle,0.00508,0.00252,-0.00441,0.0147,0.012,-17.69,71.81,0.308,0.0233,0.305,0.0,0.0,0,0.0,-0.0
2,320,6.4,settle,0.02536,0.02334,0.00992,0.02604,0.012,-17.37,72.58,0.3213,0.0569,-0.73,0.0,0.0,0,0.0,-0.0
3,320,6.4,settle,0.00895,0.00857,0.00259,0.01077,0.012,-16.54,72.96,0.3187,0.0268,-1.065,0.0,0.0,0,0.0,-0.0
0,321,6.42,settle,0.02607,0.02517,0.00677,0.02501,0.012,-17.91,70.73,0.3212,0.0397,-0.381,0.0,0.0,0,0.0,-0.0
1,321,6.42,settle,0.00511,0.00259,-0.0044,0.01474,0.012,-17.71,71.79,0.308,0.0233,0.305,0.0,0.0,0,0.0,-0.0
2,321,6.42,settle,0.02533,0.02335,0.00981,0.02605,0.012,-17.38,72.57,0.3213,0.057,-0.728,0.0,0.0,0,0.0,-0.0
3,321,6.42,settle,0.00859,0.00831,0.00214,0.01181,0.012,-16.74,72.85,0.3185,0.0267,-1.083,0.0,0.0,0,0.0,-0.0
0,322,6.44,settle,0.02597,0.0251,0.0067,0.02498,0.012,-17.91,70.72,0.3212,0.0402,-0.383,0.0,0.0,0,0.0,-0.0
1,322,6.44,settle,0.00501,0.0025,-0.00434,0.01462,0.012,-17.71,71.79,0.308,0.0233,0.304,0.0,0.0,0,0.0,-0.0
2,322,6.44,settle,0.02524,0.02327,0.00977,0.02602,0.012,-17.38,72.57,0.3213,0.057,-0.724,0.0,0.0,0,0.0,-0.0
3,322,6.44,settle,0.00729,0.00703,0.00195,0.01282,0.012,-17.03,72.61,0.3184,0.0267,-1.084,0.0,0.0,0,0.0,-0.0
0,323,6.46,settle,0.02609,0.02522,0.00665,0.02514,0.012,-17.91,70.73,0.3211,0.0406,-0.383,0.0,0.0,0,0.0,-0.0
1,323,6.46,settle,0.00496,0.00248,-0.0043,0.01457,0.012,-17.72,71.79,0.308,0.0233,0.303,0.0,0.0,0,0.0,-0.0
2,323,6.46,settle,0.02534,0.02338,0.00976,0.02612,0.012,-17.37,72.58,0.3212,0.0571,-0.717,0.0,0.0,0,0.0,-0.0
3,323,6.46,settle,0.00708,0.00701,0.00103,0.01391,0.012,-17.2,72.45,0.3182,0.0266,-1.09,0.0,0.0,0,0.0,-0.0
0,324,6.48,enter,0.02597,0.02512,0.0066,0.02507,0.012,-17.91,70.73,0.3211,0.041,-0.385,0.0,0.0,0,0.0,-0.0
1,324,6.48,enter,0.00494,0.00251,-0.00426,0.01457,0.012,-17.73,71.77,0.308,0.0234,0.302,0.0,0.0,0,0.0,-0.0
2,324,6.48,enter,0.02543,0.02347,0.00977,0.02615,0.012,-17.34,72.61,0.3212,0.0572,-0.712,0.0,0.0,0,0.0,-0.0
3,324,6.48,enter,0.00809,0.00809,-4e-05,0.01528,0.012,-17.3,72.33,0.318,0.0265,-1.098,0.0,0.0,0,0.0,-0.0
0,325,6.5,enter,0.02579,0.02518,0.0056,0.0251,0.012,-17.9,70.73,0.3211,0.0414,-0.385,0.0,0.0,0,0.0,-0.0
1,325,6.5,enter,0.00572,0.00245,-0.00517,0.01502,0.012,-17.74,71.77,0.3081,0.0234,0.301,0.0,0.0,0,0.0,-0.0
2,325,6.5,enter,0.02484,0.02327,0.00869,0.02575,0.012,-17.35,72.6,0.3212,0.0572,-0.71,0.0,0.0,0,0.0,-0.0
3,325,6.5,enter,0.00955,0.00943,-0.00149,0.01704,0.012,-17.38,72.23,0.3179,0.0264,-1.106,0.0,0.0,0,0.0,-0.0
0,326,6.52,enter,0.02545,0.02501,0.00473,0.02505,0.012,-17.94,70.7,0.3211,0.0418,-0.388,0.0,0.0,0,0.0,-0.0
1,326,6.52,enter,0.00647,0.00255,-0.00595,0.01556,0.012,-17.77,71.74,0.3081,0.0234,0.299,0.0,0.0,0,0.0,-0.0
2,326,6.52,enter,0.02448,0.02321,0.00777,0.02567,0.012,-17.37,72.58,0.3212,0.0573,-0.705,0.0,0.0,0,0.0,-0.0
3,326,6.52,enter,0.01098,0.01084,-0.00176,0.01776,0.012,-17.13,72.44,0.3177,0.0264,-1.122,0.0,0.0,0,0.0,-0.0
0,327,6.54,enter,0.02526,0.02496,0.00389,0.02527,0.012,-18.0,70.64,0.3211,0.0422,-0.387,0.0,0.0,0,0.0,-0.0
1,327,6.54,enter,0.00704,0.00268,-0.00651,0.016,0.012,-17.8,71.71,0.3081,0.0235,0.297,0.0,0.0,0,0.0,-0.0
2,327,6.54,enter,0.02486,0.0238,0.00721,0.02631,0.012,-17.41,72.54,0.3212,0.0574,-0.694,0.0,0.0,0,0.0,-0.0
3,327,6.54,enter,0.01063,0.01042,-0.00209,0.01766,0.012,-16.9,72.62,0.3175,0.0263,-1.126,0.0,0.0,0,0.0,-0.0
0,328,6.56,enter,0.02545,0.02526,0.0031,0.02584,0.012,-18.05,70.57,0.321,0.0426,-0.383,0.0,0.0,0,0.0,-0.0
1,328,6.56,enter,0.00747,0.00271,-0.00696,0.01631,0.012,-17.8,71.7,0.3081,0.0235,0.295,0.0,0.0,0,0.0,-0.0
2,328,6.56,enter,0.02478,0.02388,0.00663,0.0265,0.012,-17.44,72.51,0.3212,0.0574,-0.689,0.0,0.0,0,0.0,-0.0
3,328,6.56,enter,0.0085,0.00845,-0.0009,0.01274,0.012,-15.77,73.64,0.3173,0.0263,-1.122,0.0,0.0,0,0.0,-0.0
0,329,6.58,enter,0.0255,0.0254,0.00232,0.02628,0.012,-18.1,70.52,0.321,0.043,-0.38,0.0,0.0,0,0.0,-0.0
1,329,6.58,enter,0.00792,0.00281,-0.00741,0.01671,0.012,-17.82,71.67,0.3081,0.0236,0.293,0.0,0.0,0,0.0,-0.0
2,329,6.58,enter,0.02445,0.02371,0.00598,0.02642,0.012,-17.45,72.49,0.3212,0.0575,-0.685,0.0,0.0,0,0.0,-0.0
3,329,6.58,enter,0.00606,0.00599,-0.00091,0.01059,0.012,-15.66,73.78,0.3171,0.0263,-1.1,0.0,0.0,0,0.0,-0.0
0,330,6.6,enter,0.02523,0.02517,0.00177,0.02633,0.012,-18.15,70.46,0.321,0.0434,-0.379,0.0,0.0,0,0.0,-0.0
1,330,6.6,enter,0.00831,0.00293,-0.00778,0.01709,0.012,-17.85,71.64,0.3082,0.0236,0.291,0.0,0.0,0,0.0,-0.0
2,330,6.6,enter,0.02444,0.02381,0.00554,0.02661,0.012,-17.47,72.48,0.3212,0.0576,-0.678,0.0,0.0,0,0.0,-0.0
3,330,6.6,enter,0.00507,0.00452,-0.00229,0.01385,0.012,-16.58,72.96,0.3171,0.0262,-1.084,0.0,0.0,0,0.0,-0.0
0,331,6.62,enter,0.02457,0.02452,0.0015,0.02598,0.012,-18.2,70.42,0.321,0.0438,-0.381,0.0,0.0,0,0.0,-0.0
1,331,6.62,enter,0.0086,0.003,-0.00806,0.01736,0.012,-17.88,71.61,0.3082,0.0237,0.29,0.0,0.0,0,0.0,-0.0
2,331,6.62,enter,0.02458,0.024,0.00531,0.02699,0.012,-17.5,72.45,0.3212,0.0577,-0.672,0.0,0.0,0,0.0,-0.0
3,331,6.62,enter,0.0077,0.00738,-0.00217,0.01308,0.012,-16.29,73.28,0.3169,0.0261,-1.097,0.0,0.0,0,0.0,-0.0
0,332,6.64,enter,0.02412,0.02407,0.00148,0.02574,0.012,-18.2,70.41,0.3209,0.0442,-0.381,0.0,0.0,0,0.0,-0.0
1,332,6.64,enter,0.00886,0.0031,-0.0083,0.0176,0.012,-17.9,71.59,0.3082,0.0238,0.289,0.0,0.0,0,0.0,-0.0
2,332,6.64,enter,0.02453,0.02401,0.00502,0.02717,0.012,-17.52,72.43,0.3212,0.0577,-0.668,0.0,0.0,0,0.0,-0.0
3,332,6.64,enter,0.00957,0.00951,-0.00101,0.01009,0.012,-15.35,74.16,0.3168,0.0261,-1.1,0.0,0.0,0,0.0,-0.0
0,333,6.66,enter,0.02386,0.02383,0.0013,0.02566,0.012,-18.19,70.42,0.3209,0.0446,-0.378,0.0,0.0,0,0.0,-0.0
1,333,6.66,enter,0.00906,0.00317,-0.00849,0.01779,0.012,-17.93,71.57,0.3082,0.0238,0.288,0.0,0.0,0,0.0,-0.0
2,333,6.66,enter,0.02447,0.02402,0.0047,0.02726,0.012,-17.51,72.44,0.3212,0.0578,-0.662,0.0,0.0,0,0.0,-0.0
3,333,6.66,enter,0.00595,0.00595,0.00012,0.008,0.012,-15.37,74.1,0.3168,0.0261,-1.074,0.0,0.0,0,0.0,-0.0
0,334,6.68,enter,0.02401,0.02399,0.00086,0.02598,0.012,-18.18,70.43,0.3208,0.045,-0.372,0.0,0.0,0,0.0,-0.0
1,334,6.68,enter,0.00918,0.00319,-0.00861,0.01789,0.012,-17.94,71.56,0.3083,0.0239,0.288,0.0,0.0,0,0.0,-0.0
2,334,6.68,enter,0.02447,0.02405,0.00453,0.0274,0.012,-17.51,72.43,0.3212,0.0579,-0.657,0.0,0.0,0,0.0,-0.0
3,334,6.68,enter,0.00422,0.00419,-0.00053,0.01112,0.012,-15.96,73.54,0.3169,0.026,-1.082,0.0,0.0,0,0.0,-0.0
0,335,6.7,enter,0.02435,0.02435,0.00027,0.02659,0.012,-18.21,70.4,0.3208,0.0454,-0.364,0.0,0.0,0,0.0,-0.0
1,335,6.7,enter,0.00929,0.00321,-0.00872,0.01797,0.012,-17.96,71.55,0.3083,0.024,0.287,0.0,0.0,0,0.0,-0.0
2,335,6.7,enter,0.02449,0.0241,0.00435,0.02764,0.012,-17.53,72.41,0.3212,0.0579,-0.651,0.0,0.0,0,0.0,-0.0
3,335,6.7,enter,0.00372,0.00362,-0.00087,0.0109,0.012,-15.97,73.52,0.3169,0.026,-1.081,0.0,0.0,0,0.0,-0.0
0,336,6.72,enter,0.02449,0.02449,-0.00025,0.02706,0.012,-18.25,70.36,0.3207,0.0458,-0.359,0.0,0.0,0,0.0,-0.0
1,336,6.72,enter,0.00938,0.00324,-0.00881,0.01806,0.012,-17.97,71.53,0.3083,0.024,0.287,0.0,0.0,0,0.0,-0.0
2,336,6.72,enter,0.02481,0.02443,0.00431,0.02808,0.012,-17.53,72.41,0.3212,0.058,-0.643,0.0,0.0,0,0.0,-0.0
3,336,6.72,enter,0.00417,0.00374,-0.00185,0.0124,0.012,-16.29,73.22,0.317,0.0259,-1.078,0.0,0.0,0,0.0,-0.0
0,337,6.74,enter,0.02435,0.02435,-0.00053,0.02718,0.012,-18.28,70.33,0.3207,0.0463,-0.357,0.0,0.0,0,0.0,-0.0
1,337,6.74,enter,0.00943,0.00324,-0.00886,0.0181,0.012,-17.98,71.53,0.3084,0.0241,0.287,0.0,0.0,0,0.0,-0.0
2,337,6.74,enter,0.02503,0.02467,0.0042,0.02841,0.012,-17.52,72.42,0.3211,0.0581,-0.637,0.0,0.0,0,0.0,-0.0
3,337,6.74,enter,0.00538,0.00497,-0.00206,0.01401,0.012,-16.66,72.88,0.317,0.0259,-1.076,0.0,0.0,0,0.0,-0.0
0,338,6.76,enter,0.0242,0.02419,-0.00055,0.0272,0.012,-18.28,70.32,0.3206,0.0467,-0.354,0.0,0.0,0,0.0,-0.0
1,338,6.76,enter,0.00946,0.00323,-0.00889,0.01812,0.012,-17.99,71.52,0.3084,0.0242,0.287,0.0,0.0,0,0.0,-0.0
2,338,6.76,enter,0.02508,0.02475,0.00405,0.02858,0.012,-17.51,72.43,0.3211,0.0581,-0.631,0.0,0.0,0,0.0,-0.0
3,338,6.76,enter,0.00869,0.00853,-0.00162,0.01523,0.012,-16.66,72.9,0.317,0.0258,-1.095,0.0,0.0,0,0.0,-0.0
0,339,6.78,enter,0.024,0.02399,-0.00062,0.02714,0.012,-18.25,70.35,0.3206,0.0471,-0.35,0.0,0.0,0,0.0,-0.0
1,339,6.78,enter,0.0095,0.00323,-0.00893,0.01816,0.012,-18.0,71.51,0.3084,0.0242,0.287,0.0,0.0,0,0.0,-0.0
2,339,6.78,enter,0.02528,0.02495,0.00405,0.0289,0.012,-17.51,72.43,0.3211,0.0582,-0.624,0.0,0.0,0,0.0,-0.0
3,339,6.78,enter,0.00672,0.00668,-0.00073,0.01334,0.012,-16.46,73.07,0.317,0.0258,-1.071,0.0,0.0,0,0.0,-0.0
0,340,6.8,enter,0.02412,0.02411,-0.00076,0.02734,0.012,-18.22,70.38,0.3205,0.0475,-0.344,0.0,0.0,0,0.0,-0.0
1,340,6.8,enter,0.00952,0.00323,-0.00895,0.01818,0.012,-18.0,71.51,0.3084,0.0243,0.287,0.0,0.0,0,0.0,-0.0
2,340,6.8,enter,0.02554,0.02522,0.004,0.02929,0.012,-17.51,72.42,0.3211,0.0583,-0.615,0.0,0.0,0,0.0,-0.0
3,340,6.8,enter,0.00782,0.00779,-0.00069,0.01385,0.012,-16.57,72.98,0.317,0.0258,-1.067,0.0,0.0,0,0.0,-0.0
0,341,6.82,enter,0.02437,0.02435,-0.00102,0.02774,0.012,-18.21,70.38,0.3205,0.0479,-0.336,0.0,0.0,0,0.0,-0.0
1,341,6.82,enter,0.00949,0.0032,-0.00894,0.01815,0.012,-18.01,71.51,0.3085,0.0243,0.288,0.0,0.0,0,0.0,-0.0
2,341,6.82,enter,0.02597,0.02565,0.00408,0.02976,0.012,-17.49,72.44,0.3211,0.0584,-0.605,0.0,0.0,0,0.0,-0.0
3,341,6.82,enter,0.00938,0.00933,-0.00101,0.01514,0.012,-16.77,72.81,0.317,0.0257,-1.065,0.0,0.0,0,0.0,-0.0
0,342,6.84,enter,0.02455,0.02451,-0.00128,0.02808,0.012,-18.21,70.39,0.3204,0.0483,-0.329,0.0,0.0,0,0.0,-0.0
1,342,6.84,enter,0.00947,0.00316,-0.00893,0.01813,0.012,-18.01,71.5,0.3085,0.0244,0.289,0.0,0.0,0,0.0,-0.0
2,342,6.84,enter,0.02625,0.02593,0.00407,0.03011,0.012,-17.47,72.46,0.3211,0.0584,-0.597,0.0,0.0,0,0.0,-0.0
3,342,6.84,enter,0.01095,0.01086,-0.00137,0.01679,0.012,-16.96,72.63,0.317,0.0256,-1.063,0.0,0.0,0,0.0,-0.0
0,343,6.86,enter,0.0247,0.02466,-0.00134,0.02833,0.012,-18.19,70.4,0.3204,0.0487,-0.323,0.0,0.0,0,0.0,-0.0
1,343,6.86,enter,0.00943,0.00312,-0.0089,0.0181,0.012,-18.01,71.5,0.3085,0.0245,0.291,0.0,0.0,0,0.0,-0.0
2,343,6.86,enter,0.02643,0.02613,0.004,0.03038,0.012,-17.45,72.48,0.3211,0.0585,-0.588,0.0,0.0,0,0.0,-0.0
3,343,6.86,enter,0.01139,0.01128,-0.0016,0.01739,0.012,-17.03,72.55,0.317,0.0255,-1.055,0.0,0.0,0,0.0,-0.0
0,344,6.88,enter,0.02462,0.02459,-0.00137,0.02836,0.012,-18.16,70.44,0.3203,0.0491,-0.318,0.0,0.0,0,0.0,-0.0
1,344,6.88,enter,0.00937,0.00306,-0.00886,0.01804,0.012,-18.01,71.51,0.3086,0.0245,0.293,0.0,0.0,0,0.0,-0.0
2,344,6.88,enter,0.02683,0.02651,0.00414,0.03082,0.012,-17.43,72.5,0.3211,0.0586,-0.578,0.0,0.0,0,0.0,-0.0
3,344,6.88,enter,0.0113,0.01116,-0.00179,0.01734,0.012,-17.03,72.55,0.3169,0.0255,-1.043,0.0,0.0,0,0.0,-0.0
0,345,6.9,enter,0.02481,0.02477,-0.00135,0.02851,0.012,-18.07,70.5,0.3202,0.0495,-0.311,0.0,0.0,0,0.0,-0.0
1,345,6.9,enter,0.00931,0.00301,-0.00881,0.01797,0.012,-18.01,71.51,0.3086,0.0246,0.295,0.0,0.0,0,0.0,-0.0
2,345,6.9,enter,0.02726,0.02693,0.00428,0.03133,0.012,-17.42,72.5,0.3211,0.0587,-0.567,0.0,0.0,0,0.0,-0.0
3,345,6.9,enter,0.0116,0.01138,-0.00224,0.01773,0.012,-17.07,72.51,0.3169,0.0254,-1.034,0.0,0.0,0,0.0,-0.0
0,346,6.92,enter,0.02496,0.02492,-0.00141,0.02876,0.012,-18.05,70.53,0.3202,0.0498,-0.303,0.0,0.0,0,0.0,-0.0
1,346,6.92,enter,0.00923,0.00295,-0.00875,0.0179,0.012,-18.0,71.52,0.3086,0.0246,0.297,0.0,0.0,0,0.0,-0.0
2,346,6.92,enter,0.0276,0.02727,0.00427,0.03171,0.012,-17.39,72.53,0.3211,0.0588,-0.555,0.0,0.0,0,0.0,-0.0
3,346,6.92,enter,0.01157,0.0112,-0.00288,0.01837,0.012,-17.21,72.37,0.3168,0.0253,-1.019,0.0,0.0,0,0.0,-0.0
0,347,6.94,enter,0.02513,0.02508,-0.00149,0.02901,0.012,-18.02,70.57,0.3201,0.0502,-0.294,0.0,0.0,0,0.0,-0.0
1,347,6.94,enter,0.00914,0.00288,-0.00868,0.01781,0.012,-18.0,71.53,0.3087,0.0247,0.299,0.0,0.0,0,0.0,-0.0
2,347,6.94,enter,0.02799,0.02764,0.00438,0.03207,0.012,-17.34,72.58,0.321,0.0589,-0.543,0.0,0.0,0,0.0,-0.0
3,347,6.94,enter,0.01203,0.01155,-0.00337,0.01892,0.012,-17.27,72.32,0.3167,0.0252,-1.012,0.0,0.0,0,0.0,-0.0
0,348,6.96,enter,0.02529,0.02524,-0.00159,0.02924,0.012,-17.98,70.61,0.32,0.0506,-0.285,0.0,0.0,0,0.0,-0.0
1,348,6.96,enter,0.00906,0.00281,-0.00861,0.01773,0.012,-17.99,71.53,0.3087,0.0247,0.302,0.0,0.0,0,0.0,-0.0
2,348,6.96,enter,0.02829,0.02793,0.00449,0.03245,0.012,-17.32,72.59,0.321,0.059,-0.532,0.0,0.0,0,0.0,-0.0
3,348,6.96,enter,0.01174,0.01112,-0.00378,0.01885,0.012,-17.28,72.31,0.3166,0.0251,-0.999,0.0,0.0,0,0.0,-0.0
0,349,6.98,enter,0.02553,0.02549,-0.00156,0.0295,0.012,-17.93,70.65,0.32,0.051,-0.277,0.0,0.0,0,0.0,-0.0
1,349,6.98,enter,0.00897,0.00273,-0.00854,0.01764,0.012,-17.98,71.54,0.3087,0.0248,0.306,0.0,0.0,0,0.0,-0.0
2,349,6.98,enter,0.02862,0.02826,0.00455,0.03286,0.012,-17.3,72.61,0.321,0.0592,-0.519,0.0,0.0,0,0.0,-0.0
3,349,6.98,enter,0.01129,0.01056,-0.00398,0.01856,0.012,-17.26,72.33,0.3165,0.025,-0.984,0.0,0.0,0,0.0,-0.0
0,350,7.0,enter,0.02557,0.02553,-0.00152,0.02958,0.012,-17.88,70.71,0.3199,0.0514,-0.269,0.0,0.0,0,0.0,-0.0
1,350,7.0,enter,0.00887,0.00265,-0.00846,0.01755,0.012,-17.97,71.55,0.3088,0.0248,0.309,0.0,0.0,0,0.0,-0.0
2,350,7.0,enter,0.02919,0.0288,0.00476,0.0334,0.012,-17.26,72.65,0.321,0.0593,-0.504,0.0,0.0,0,0.0,-0.0
3,350,7.0,enter,0.0115,0.01067,-0.0043,0.01877,0.012,-17.27,72.33,0.3164,0.0249,-0.974,0.0,0.0,0,0.0,-0.0
0,351,7.02,enter,0.0257,0.02566,-0.00143,0.02965,0.012,-17.79,70.79,0.3198,0.0518,-0.26,0.0,0.0,0,0.0,-0.0
1,351,7.02,enter,0.00877,0.00256,-0.00839,0.01745,0.012,-17.96,71.56,0.3088,0.0248,0.313,0.0,0.0,0,0.0,-0.0
2,351,7.02,enter,0.02953,0.02914,0.00484,0.03377,0.012,-17.22,72.69,0.321,0.0594,-0.491,0.0,0.0,0,0.0,-0.0
3,351,7.02,enter,0.01135,0.01049,-0.00434,0.01871,0.012,-17.26,72.34,0.3162,0.0248,-0.961,0.0,0.0,0,0.0,-0.0
0,352,7.04,enter,0.02575,0.02571,-0.0014,0.02974,0.012,-17.73,70.85,0.3197,0.0522,-0.25,0.0,0.0,0,0.0,-0.0
1,352,7.04,enter,0.00867,0.00247,-0.00831,0.01736,0.012,-17.95,71.58,0.3088,0.0249,0.318,0.0,0.0,0,0.0,-0.0
2,352,7.04,enter,0.02955,0.02914,0.00492,0.03381,0.012,-17.17,72.74,0.321,0.0596,-0.479,0.0,0.0,0,0.0,-0.0
3,352,7.04,enter,0.01145,0.0106,-0.00433,0.01867,0.012,-17.22,72.39,0.3161,0.0247,-0.951,0.0,0.0,0,0.0,-0.0
0,353,7.06,enter,0.02585,0.02581,-0.00141,0.02986,0.012,-17.67,70.91,0.3197,0.0526,-0.24,0.0,0.0,0,0.0,-0.0
1,353,7.06,enter,0.00857,0.00238,-0.00823,0.01726,0.012,-17.93,71.59,0.3088,0.0249,0.323,0.0,0.0,0,0.0,-0.0
2,353,7.06,enter,0.02949,0.02903,0.0052,0.03378,0.012,-17.11,72.79,0.3209,0.0597,-0.468,0.0,0.0,0,0.0,-0.0
3,353,7.06,enter,0.01204,0.0112,-0.00443,0.01884,0.012,-17.09,72.52,0.3159,0.0246,-0.948,0.0,0.0,0,0.0,-0.0
0,354,7.08,enter,0.02611,0.02607,-0.00133,0.03011,0.012,-17.61,70.98,0.3196,0.053,-0.229,0.0,0.0,0,0.0,-0.0
1,354,7.08,enter,0.00847,0.00229,-0.00815,0.01716,0.012,-17.92,71.6,0.3089,0.0249,0.328,0.0,0.0,0,0.0,-0.0
2,354,7.08,enter,0.02941,0.02889,0.00549,0.03375,0.012,-17.06,72.85,0.3209,0.0599,-0.456,0.0,0.0,0,0.0,-0.0
3,354,7.08,enter,0.01355,0.01265,-0.00486,0.02033,0.012,-17.03,72.56,0.3157,0.0245,-0.957,0.0,0.0,0,0.0,-0.0
0,355,7.1,enter,0.02626,0.02623,-0.00124,0.03027,0.012,-17.54,71.04,0.3195,0.0533,-0.219,0.0,0.0,0,0.0,-0.0
1,355,7.1,enter,0.00837,0.0022,-0.00808,0.01706,0.012,-17.9,71.62,0.3089,0.025,0.332,0.0,0.0,0,0.0,-0.0
2,355,7.1,enter,0.02943,0.02889,0.00563,0.03377,0.012,-16.98,72.92,0.3209,0.0601,-0.443,0.0,0.0,0,0.0,-0.0
3,355,7.1,enter,0.01351,0.01244,-0.00526,0.02095,0.012,-16.92,72.63,0.3156,0.0244,-0.959,0.0,0.0,0,0.0,-0.0
0,356,7.12,enter,0.02624,0.02622,-0.00122,0.03024,0.012,-17.47,71.13,0.3194,0.0537,-0.209,0.0,0.0,0,0.0,-0.0
1,356,7.12,enter,0.00831,0.0022,-0.00802,0.01702,0.012,-17.9,71.62,0.3089,0.025,0.337,0.0,0.0,0,0.0,-0.0
2,356,7.12,enter,0.02967,0.02912,0.00566,0.03399,0.012,-16.91,73.0,0.3208,0.0603,-0.427,0.0,0.0,0,0.0,-0.0
3,356,7.12,enter,0.00869,0.00793,-0.00355,0.01494,0.012,-15.71,73.72,0.3154,0.0244,-0.94,0.0,0.0,0,0.0,-0.0
0,357,7.14,enter,0.02637,0.02635,-0.00112,0.03032,0.012,-17.38,71.21,0.3193,0.0541,-0.198,0.0,0.0,0,0.0,-0.0
1,357,7.14,enter,0.00829,0.00225,-0.00798,0.01705,0.012,-17.9,71.62,0.309,0.025,0.341,0.0,0.0,0,0.0,-0.0
2,357,7.14,enter,0.02991,0.02937,0.00566,0.03424,0.012,-16.85,73.06,0.3208,0.0605,-0.413,0.0,0.0,0,0.0,-0.0
3,357,7.14,enter,0.00508,0.00394,-0.00321,0.01233,0.012,-15.46,73.94,0.3153,0.0243,-0.907,0.0,0.0,0,0.0,-0.0
0,358,7.16,enter,0.02648,0.02646,-0.00107,0.03044,0.012,-17.31,71.29,0.3192,0.0545,-0.187,0.0,0.0,0,0.0,-0.0
1,358,7.16,enter,0.00821,0.00219,-0.00791,0.01698,0.012,-17.89,71.63,0.309,0.0251,0.347,0.0,0.0,0,0.0,-0.0
2,358,7.16,enter,0.0303,0.02974,0.00577,0.03462,0.012,-16.79,73.12,0.3207,0.0607,-0.399,0.0,0.0,0,0.0,-0.0
3,358,7.16,enter,0.00505,0.00325,-0.00386,0.01495,0.012,-16.12,73.34,0.3153,0.0242,-0.89,0.0,0.0,0,0.0,-0.0
0,359,7.18,enter,0.02659,0.02657,-0.00105,0.03053,0.012,-17.23,71.37,0.3191,0.0549,-0.175,0.0,0.0,0,0.0,-0.0
1,359,7.18,enter,0.00813,0.00207,-0.00786,0.01686,0.012,-17.86,71.65,0.309,0.0251,0.351,0.0,0.0,0,0.0,-0.0
2,359,7.18,enter,0.03074,0.03015,0.00601,0.03506,0.012,-16.72,73.18,0.3207,0.0609,-0.385,0.0,0.0,0,0.0,-0.0
3,359,7.18,enter,0.00723,0.0061,-0.00388,0.016,0.012,-16.19,73.3,0.3153,0.0242,-0.909,0.0,0.0,0,0.0,-0.0
0,360,7.2,enter,0.02681,0.0268,-0.00095,0.03071,0.012,-17.14,71.46,0.319,0.0553,-0.164,0.0,0.0,0,0.0,-0.0
1,360,7.2,enter,0.00813,0.00211,-0.00785,0.01689,0.012,-17.86,71.65,0.3091,0.0251,0.355,0.0,0.0,0,0.0,-0.0
2,360,7.2,enter,0.03087,0.03027,0.00605,0.03519,0.012,-16.65,73.25,0.3206,0.0611,-0.372,0.0,0.0,0,0.0,-0.0
3,360,7.2,enter,0.00581,0.00457,-0.00357,0.01531,0.012,-16.12,73.36,0.3152,0.0241,-0.887,0.0,0.0,0,0.0,-0.0
0,361,7.22,enter,0.02694,0.02693,-0.00089,0.03083,0.012,-17.06,71.54,0.3188,0.0556,-0.153,0.0,0.0,0,0.0,-0.0
1,361,7.22,enter,0.00813,0.00219,-0.00783,0.01696,0.012,-17.87,71.65,0.3091,0.0251,0.36,0.0,0.0,0,0.0,-0.0
2,361,7.22,enter,0.03092,0.0303,0.00615,0.03521,0.012,-16.56,73.34,0.3206,0.0613,-0.359,0.0,0.0,0,0.0,-0.0
3,361,7.22,enter,0.00625,0.0054,-0.00315,0.01519,0.012,-16.07,73.42,0.3152,0.0241,-0.883,0.0,0.0,0,0.0,-0.0
0,362,7.24,enter,0.02696,0.02694,-0.0009,0.03083,0.012,-16.98,71.63,0.3187,0.056,-0.141,0.0,0.0,0,0.0,-0.0
1,362,7.24,enter,0.00807,0.00211,-0.00779,0.0169,0.012,-17.85,71.66,0.3091,0.0251,0.365,0.0,0.0,0,0.0,-0.0
2,362,7.24,enter,0.03103,0.03039,0.0063,0.03537,0.012,-16.5,73.4,0.3205,0.0615,-0.345,0.0,0.0,0,0.0,-0.0
3,362,7.24,enter,0.00667,0.00561,-0.0036,0.01587,0.012,-16.18,73.31,0.3152,0.024,-0.868,0.0,0.0,0,0.0,-0.0
0,363,7.26,enter,0.02712,0.02711,-0.00082,0.03096,0.012,-16.89,71.72,0.3186,0.0564,-0.129,0.0,0.0,0,0.0,-0.0
1,363,7.26,enter,0.00805,0.00204,-0.00778,0.01684,0.012,-17.83,71.68,0.3092,0.0252,0.369,0.0,0.0,0,0.0,-0.0
2,363,7.26,enter,0.03109,0.03042,0.0064,0.03549,0.012,-16.44,73.46,0.3204,0.0618,-0.332,0.0,0.0,0,0.0,-0.0
3,363,7.26,enter,0.00743,0.0064,-0.00377,0.01618,0.012,-16.18,73.32,0.3151,0.0239,-0.859,0.0,0.0,0,0.0,-0.0
0,364,7.28,enter,0.02721,0.0272,-0.00078,0.03107,0.012,-16.82,71.8,0.3185,0.0568,-0.117,0.0,0.0,0,0.0,-0.0
1,364,7.28,enter,0.00811,0.00215,-0.00782,0.01696,0.012,-17.84,71.67,0.3092,0.0252,0.373,0.0,0.0,0,0.0,-0.0
2,364,7.28,enter,0.03119,0.03049,0.00657,0.03555,0.012,-16.34,73.55,0.3203,0.062,-0.318,0.0,0.0,0,0.0,-0.0
3,364,7.28,enter,0.00753,0.00656,-0.00369,0.01611,0.012,-16.16,73.34,0.315,0.0239,-0.843,0.0,0.0,0,0.0,-0.0
0,365,7.3,enter,0.02723,0.02722,-0.00081,0.03109,0.012,-16.73,71.9,0.3183,0.0571,-0.105,0.0,0.0,0,0.0,-0.0
1,365,7.3,enter,0.00812,0.0022,-0.00781,0.01701,0.012,-17.84,71.67,0.3093,0.0252,0.378,0.0,0.0,0,0.0,-0.0
2,365,7.3,enter,0.03132,0.03061,0.00665,0.03568,0.012,-16.25,73.64,0.3203,0.0623,-0.303,0.0,0.0,0,0.0,-0.0
3,365,7.3,enter,0.00778,0.00701,-0.00336,0.016,0.012,-16.1,73.39,0.315,0.0238,-0.828,0.0,0.0,0,0.0,-0.0
0,366,7.32,enter,0.02741,0.0274,-0.00079,0.03122,0.012,-16.63,71.99,0.3182,0.0575,-0.092,0.0,0.0,0,0.0,-0.0
1,366,7.32,enter,0.00808,0.00209,-0.0078,0.01694,0.012,-17.81,71.7,0.3093,0.0252,0.382,0.0,0.0,0,0.0,-0.0
2,366,7.32,enter,0.03132,0.03062,0.00659,0.03572,0.012,-16.18,73.71,0.3202,0.0625,-0.29,0.0,0.0,0,0.0,-0.0
3,366,7.32,enter,0.00832,0.00759,-0.0034,0.01633,0.012,-16.14,73.36,0.3149,0.0237,-0.811,0.0,0.0,0,0.0,-0.0
0,367,7.34,enter,0.0276,0.02758,-0.00081,0.03142,0.012,-16.56,72.07,0.3181,0.0579,-0.079,0.0,0.0,0,0.0,-0.0
1,367,7.34,enter,0.00811,0.00208,-0.00784,0.01695,0.012,-17.8,71.71,0.3093,0.0252,0.385,0.0,0.0,0,0.0,-0.0
2,367,7.34,enter,0.0314,0.0307,0.00657,0.03584,0.012,-16.11,73.78,0.3201,0.0628,-0.276,0.0,0.0,0,0.0,-0.0
3,367,7.34,enter,0.00855,0.00791,-0.00326,0.01632,0.012,-16.15,73.35,0.3148,0.0236,-0.79,0.0,0.0,0,0.0,-0.0
0,368,7.36,enter,0.02765,0.02764,-0.00088,0.03149,0.012,-16.47,72.16,0.3179,0.0583,-0.067,0.0,0.0,0,0.0,-0.0
1,368,7.36,enter,0.00822,0.00225,-0.00791,0.01714,0.012,-17.81,71.69,0.3094,0.0253,0.39,0.0,0.0,0,0.0,-0.0
2,368,7.36,enter,0.0317,0.03099,0.00671,0.03614,0.012,-16.02,73.87,0.32,0.0631,-0.26,0.0,0.0,0,0.0,-0.0
3,368,7.36,enter,0.00816,0.0075,-0.00321,0.01613,0.012,-16.31,73.21,0.3147,0.0235,-0.757,0.0,0.0,0,0.0,-0.0
0,369,7.38,enter,0.0278,0.02779,-0.00085,0.03161,0.012,-16.38,72.26,0.3178,0.0587,-0.054,0.0,0.0,0,0.0,-0.0
1,369,7.38,enter,0.00821,0.00222,-0.0079,0.01715,0.012,-17.8,71.7,0.3094,0.0253,0.395,0.0,0.0,0,0.0,-0.0
2,369,7.38,enter,0.03182,0.0311,0.00672,0.03629,0.012,-15.94,73.94,0.3199,0.0633,-0.246,0.0,0.0,0,0.0,-0.0
3,369,7.38,enter,0.00917,0.00852,-0.0034,0.01674,0.012,-16.61,72.97,0.3146,0.0234,-0.731,0.0,0.0,0,0.0,-0.0
0,370,7.4,enter,0.02786,0.02785,-0.00088,0.03171,0.012,-16.3,72.34,0.3176,0.059,-0.042,0.0,0.0,0,0.0,-0.0
1,370,7.4,enter,0.00818,0.00207,-0.00792,0.01705,0.012,-17.76,71.74,0.3095,0.0253,0.398,0.0,0.0,0,0.0,-0.0
2,370,7.4,enter,0.03176,0.03106,0.00661,0.03625,0.012,-15.85,74.03,0.3198,0.0636,-0.234,0.0,0.0,0,0.0,-0.0
3,370,7.4,enter,0.01246,0.0119,-0.00369,0.01872,0.012,-16.77,72.86,0.3145,0.0233,-0.73,0.0,0.0,0,0.0,-0.0
0,371,7.42,enter,0.02789,0.02787,-0.00096,0.03175,0.012,-16.22,72.43,0.3175,0.0594,-0.029,0.0,0.0,0,0.0,-0.0
1,371,7.42,enter,0.00828,0.00216,-0.008,0.01717,0.012,-17.76,71.74,0.3095,0.0253,0.401,0.0,0.0,0,0.0,-0.0
2,371,7.42,enter,0.0318,0.03109,0.00666,0.03628,0.012,-15.75,74.13,0.3197,0.0639,-0.22,0.0,0.0,0,0.0,-0.0
3,371,7.42,enter,0.01206,0.01171,-0.00291,0.01776,0.012,-16.59,73.04,0.3143,0.0232,-0.704,0.0,0.0,0,0.0,-0.0
0,372,7.44,enter,0.02808,0.02806,-0.00097,0.03192,0.012,-16.12,72.53,0.3173,0.0598,-0.015,0.0,0.0,0,0.0,-0.0
1,372,7.44,enter,0.00838,0.0023,-0.00806,0.01737,0.012,-17.78,71.72,0.3095,0.0253,0.407,0.0,0.0,0,0.0,-0.0
2,372,7.44,enter,0.03177,0.03106,0.00667,0.03635,0.012,-15.69,74.2,0.3195,0.0642,-0.207,0.0,0.0,0,0.0,-0.0
3,372,7.44,enter,0.01075,0.01036,-0.00287,0.01699,0.012,-16.57,73.06,0.3142,0.0231,-0.672,0.0,0.0,0,0.0,-0.0
0,373,7.46,enter,0.02822,0.0282,-0.00104,0.03209,0.012,-16.04,72.61,0.3171,0.0602,-0.002,0.0,0.0,0,0.0,-0.0
1,373,7.46,enter,0.00827,0.00203,-0.00801,0.01714,0.012,-17.72,71.78,0.3096,0.0254,0.411,0.0,0.0,0,0.0,-0.0
2,373,7.46,enter,0.0318,0.0311,0.00662,0.03643,0.012,-15.6,74.28,0.3194,0.0645,-0.192,0.0,0.0,0,0.0,-0.0
3,373,7.46,enter,0.01002,0.00936,-0.00359,0.01696,0.012,-16.62,73.0,0.3141,0.0229,-0.648,0.0,0.0,0,0.0,-0.0
0,374,7.48,enter,0.02827,0.02824,-0.00118,0.03216,0.012,-15.95,72.71,0.317,0.0606,0.011,0.0,0.0,0,0.0,-0.0
1,374,7.48,enter,0.00834,0.00193,-0.00811,0.01712,0.012,-17.69,71.8,0.3096,0.0254,0.415,0.0,0.0,0,0.0,-0.0
2,374,7.48,enter,0.03177,0.03109,0.00654,0.03641,0.012,-15.5,74.39,0.3193,0.0648,-0.179,0.0,0.0,0,0.0,-0.0
3,374,7.48,enter,0.01012,0.00905,-0.00453,0.01766,0.012,-16.72,72.9,0.314,0.0228,-0.629,0.0,0.0,0,0.0,-0.0
0,375,7.5,enter,0.02843,0.02841,-0.00124,0.03231,0.012,-15.86,72.8,0.3168,0.061,0.024,0.0,0.0,0,0.0,-0.0
1,375,7.5,enter,0.00846,0.00209,-0.0082,0.0173,0.012,-17.69,71.8,0.3096,0.0254,0.42,0.0,0.0,0,0.0,-0.0
2,375,7.5,enter,0.0317,0.03102,0.00656,0.03634,0.012,-15.39,74.49,0.3192,0.0652,-0.166,0.0,0.0,0,0.0,-0.0
3,375,7.5,enter,0.01013,0.00874,-0.00513,0.01832,0.012,-16.84,72.79,0.3139,0.0227,-0.607,0.0,0.0,0,0.0,-0.0
0,376,7.52,enter,0.02853,0.02849,-0.00132,0.03247,0.012,-15.78,72.88,0.3166,0.0614,0.037,0.0,0.0,0,0.0,-0.0
1,376,7.52,enter,0.00842,0.00207,-0.00817,0.01732,0.012,-17.7,71.79,0.3097,0.0254,0.432,0.0,0.0,0,0.0,-0.0
2,376,7.52,enter,0.03156,0.03087,0.00655,0.03628,0.012,-15.31,74.57,0.319,0.0655,-0.154,0.0,0.0,0,0.0,-0.0
3,376,7.52,enter,0.01035,0.00893,-0.00523,0.01853,0.012,-16.81,72.81,0.3138,0.0226,-0.592,0.0,0.0,0,0.0,-0.0
0,377,7.54,enter,0.02855,0.02852,-0.00143,0.03253,0.012,-15.7,72.98,0.3165,0.0618,0.05,0.0,0.0,0,0.0,-0.0
1,377,7.54,enter,0.008,0.00136,-0.00788,0.01661,0.012,-17.62,71.9,0.3097,0.0254,0.452,0.0,0.0,0,0.0,-0.0
2,377,7.54,enter,0.03191,0.03123,0.00653,0.03664,0.012,-15.23,74.65,0.3189,0.0658,-0.136,0.0,0.0,0,0.0,-0.0
3,377,7.54,enter,0.01081,0.00948,-0.0052,0.01862,0.012,-16.65,72.97,0.3137,0.0226,-0.586,0.0,0.0,0,0.0,-0.0
0,378,7.56,enter,0.02868,0.02864,-0.00151,0.03265,0.012,-15.6,73.08,0.3163,0.0622,0.064,0.0,0.0,0,0.0,-0.0
1,378,7.56,enter,0.00776,0.0021,-0.00747,0.0156,0.012,-17.56,72.05,0.3097,0.0254,0.458,0.0,0.0,0,0.0,-0.0
2,378,7.56,enter,0.0323,0.03165,0.00644,0.03704,0.012,-15.14,74.73,0.3188,0.0661,-0.117,0.0,0.0,0,0.0,-0.0
3,378,7.56,enter,0.0114,0.01001,-0.00545,0.01924,0.012,-16.48,73.1,0.3136,0.0225,-0.583,0.0,0.0,0,0.0,-0.0
0,379,7.58,enter,0.02878,0.02874,-0.00165,0.0328,0.012,-15.52,73.17,0.3161,0.0626,0.078,0.0,0.0,0,0.0,-0.0
1,379,7.58,enter,0.00888,0.00455,-0.00762,0.01362,0.012,-17.05,72.58,0.3096,0.0254,0.466,0.0,0.0,0,0.0,-0.0
2,379,7.58,enter,0.03244,0.03185,0.00619,0.03724,0.012,-15.07,74.81,0.3186,0.0664,-0.101,0.0,0.0,0,0.0,-0.0
3,379,7.58,enter,0.01015,0.00842,-0.00567,0.0192,0.012,-16.36,73.16,0.3135,0.0224,-0.562,0.0,0.0,0,0.0,-0.0
0,380,7.6,enter,0.02889,0.02883,-0.00185,0.03294,0.012,-15.43,73.26,0.3159,0.063,0.092,0.0,0.0,0,0.0,-0.0
1,380,7.6,enter,0.01123,0.008,-0.00787,0.01195,0.012,-16.41,73.22,0.3095,0.0253,0.478,0.0,0.0,0,0.0,-0.0
2,380,7.6,enter,0.03286,0.0323,0.00601,0.03768,0.012,-14.99,74.88,0.3185,0.0667,-0.079,0.0,0.0,0,0.0,-0.0
3,380,7.6,enter,0.00677,0.0049,-0.00468,0.01557,0.012,-15.62,73.84,0.3134,0.0224,-0.54,0.0,0.0,0,0.0,-0.0
0,381,7.62,enter,0.0291,0.02903,-0.00196,0.03316,0.012,-15.34,73.35,0.3158,0.0634,0.107,0.0,0.0,0,0.0,-0.0
1,381,7.62,enter,0.01194,0.00944,-0.00732,0.01065,0.012,-15.99,73.59,0.3095,0.0253,0.497,0.0,0.0,0,0.0,-0.0
2,381,7.62,enter,0.03329,0.03276,0.00587,0.03818,0.012,-14.93,74.93,0.3183,0.067,-0.058,0.0,0.0,0,0.0,-0.0
3,381,7.62,enter,0.00657,0.0043,-0.00497,0.01541,0.012,-15.59,73.88,0.3134,0.0223,-0.525,0.0,0.0,0,0.0,-0.0
0,382,7.64,enter,0.0292,0.02912,-0.00212,0.03333,0.012,-15.27,73.43,0.3156,0.0638,0.12,0.0,0.0,0,0.0,-0.0
1,382,7.64,enter,0.01239,0.01076,-0.00615,0.01079,0.012,-15.88,73.69,0.3095,0.0253,0.517,0.0,0.0,0,0.0,-0.0
2,382,7.64,enter,0.03353,0.03305,0.00564,0.0385,0.012,-14.86,75.0,0.3182,0.0674,-0.038,0.0,0.0,0,0.0,-0.0
3,382,7.64,enter,0.00668,0.00424,-0.00516,0.01708,0.012,-15.9,73.57,0.3134,0.0223,-0.499,0.0,0.0,0,0.0,-0.0
0,383,7.66,enter,0.02924,0.02915,-0.00231,0.0334,0.012,-15.18,73.53,0.3154,0.0642,0.134,0.0,0.0,0,0.0,-0.0
1,383,7.66,enter,0.01366,0.01264,-0.00519,0.01144,0.012,-15.74,73.84,0.3095,0.0253,0.509,0.0,0.0,0,0.0,-0.0
2,383,7.66,enter,0.03364,0.03321,0.00537,0.03866,0.012,-14.78,75.08,0.318,0.0677,-0.017,0.0,0.0,0,0.0,-0.0
3,383,7.66,enter,0.00742,0.00516,-0.00533,0.01819,0.012,-16.06,73.41,0.3134,0.0223,-0.485,0.0,0.0,0,0.0,-0.0
0,384,7.68,enter,0.02938,0.02927,-0.00247,0.03356,0.012,-15.09,73.62,0.3152,0.0646,0.148,0.0,0.0,0,0.0,-0.0
1,384,7.68,enter,0.01578,0.01516,-0.00439,0.01276,0.012,-15.53,74.06,0.3096,0.0252,0.507,0.0,0.0,0,0.0,-0.0
2,384,7.68,enter,0.03387,0.03346,0.00524,0.0389,0.012,-14.68,75.17,0.3178,0.068,0.005,0.0,0.0,0,0.0,-0.0
3,384,7.68,enter,0.00725,0.00485,-0.0054,0.01767,0.012,-15.95,73.52,0.3134,0.0223,-0.473,0.0,0.0,0,0.0,-0.0
0,385,7.7,enter,0.0295,0.02938,-0.00269,0.03375,0.012,-15.01,73.71,0.315,0.065,0.163,0.0,0.0,0,0.0,-0.0
1,385,7.7,enter,0.01766,0.01732,-0.00348,0.01434,0.012,-15.38,74.21,0.3097,0.0252,0.506,0.0,0.0,0,0.0,-0.0
2,385,7.7,enter,0.03381,0.03343,0.00505,0.03894,0.012,-14.61,75.24,0.3177,0.0684,0.023,0.0,0.0,0,0.0,-0.0
3,385,7.7,enter,0.00701,0.00437,-0.00548,0.01761,0.012,-16.07,73.41,0.3134,0.0223,-0.437,0.0,0.0,0,0.0,-0.0
0,386,7.72,enter,0.02969,0.02956,-0.00282,0.03396,0.012,-14.91,73.8,0.3148,0.0654,0.178,0.0,0.0,0,0.0,-0.0
1,386,7.72,enter,0.01988,0.01973,-0.00242,0.01691,0.012,-15.33,74.24,0.3098,0.0253,0.512,0.0,0.0,0,0.0,-0.0
2,386,7.72,enter,0.03378,0.03343,0.00483,0.039,0.012,-14.53,75.32,0.3175,0.0687,0.042,0.0,0.0,0,0.0,-0.0
3,386,7.72,enter,0.00789,0.00547,-0.00568,0.01848,0.012,-16.54,73.01,0.3133,0.0223,-0.407,0.0,0.0,0,0.0,-0.0
0,387,7.74,enter,0.02978,0.02962,-0.00303,0.03411,0.012,-14.83,73.88,0.3146,0.0659,0.192,0.0,0.0,0,0.0,-0.0
1,387,7.74,enter,0.02224,0.02218,-0.00159,0.01947,0.012,-15.26,74.28,0.31,0.0253,0.515,0.0,0.0,0,0.0,-0.0
2,387,7.74,enter,0.03398,0.03365,0.00472,0.0392,0.012,-14.43,75.43,0.3174,0.069,0.065,0.0,0.0,0,0.0,-0.0
3,387,7.74,enter,0.00996,0.00784,-0.00614,0.0193,0.012,-16.64,72.96,0.3133,0.0223,-0.408,0.0,0.0,0,0.0,-0.0
0,388,7.76,enter,0.02984,0.02966,-0.00327,0.03422,0.012,-14.75,73.98,0.3144,0.0663,0.207,0.0,0.0,0,0.0,-0.0
1,388,7.76,enter,0.02688,0.02686,-0.00113,0.02443,0.012,-15.17,74.32,0.3103,0.0253,0.55,0.0,0.0,0,0.0,-0.0
2,388,7.76,enter,0.03379,0.03349,0.0045,0.03909,0.012,-14.34,75.52,0.3172,0.0694,0.082,0.0,0.0,0,0.0,-0.0
3,388,7.76,enter,0.00766,0.00585,-0.00495,0.01662,0.012,-16.13,73.42,0.3132,0.0223,-0.374,0.0,0.0,0,0.0,-0.0
0,389,7.78,enter,0.03,0.0298,-0.00344,0.03441,0.012,-14.66,74.07,0.3142,0.0667,0.222,0.0,0.0,0,0.0,-0.0
1,389,7.78,enter,0.02362,0.02362,-0.00012,0.02049,0.012,-15.31,74.31,0.3106,0.0253,0.52,0.0,0.0,0,0.0,-0.0
2,389,7.78,enter,0.03371,0.03344,0.00426,0.03908,0.012,-14.25,75.6,0.317,0.0697,0.102,0.0,0.0,0,0.0,-0.0
3,389,7.78,enter,0.007,0.00575,-0.00399,0.01559,0.012,-15.97,73.6,0.3131,0.0223,-0.354,0.0,0.0,0,0.0,-0.0
0,390,7.8,enter,0.0301,0.02988,-0.00365,0.0346,0.012,-14.58,74.15,0.314,0.0671,0.237,0.0,0.0,0,0.0,-0.0
1,390,7.8,enter,0.02344,0.02344,0.00046,0.0202,0.012,-15.31,74.28,0.311,0.0253,0.519,0.0,0.0,0,0.0,-0.0
2,390,7.8,enter,0.03396,0.03371,0.00412,0.03936,0.012,-14.16,75.69,0.3169,0.07,0.126,0.0,0.0,0,0.0,-0.0
3,390,7.8,enter,0.00625,0.00517,-0.00352,0.01505,0.012,-15.9,73.67,0.3131,0.0223,-0.334,0.0,0.0,0,0.0,-0.0
0,391,7.82,enter,0.03021,0.02997,-0.00383,0.03474,0.012,-14.49,74.24,0.3138,0.0675,0.252,0.0,0.0,0,0.0,-0.0
1,391,7.82,enter,0.02109,0.02103,0.00152,0.01818,0.012,-15.61,74.02,0.3115,0.0254,0.526,0.0,0.0,0,0.0,-0.0
2,391,7.82,enter,0.03409,0.03387,0.0039,0.03956,0.012,-14.07,75.77,0.3167,0.0704,0.149,0.0,0.0,0,0.0,-0.0
3,391,7.82,enter,0.00647,0.00501,-0.0041,0.01588,0.012,-16.01,73.56,0.313,0.0223,-0.316,0.0,0.0,0,0.0,-0.0
0,392,7.84,enter,0.03032,0.03006,-0.00402,0.03491,0.012,-14.4,74.33,0.3136,0.0679,0.267,0.0,0.0,0,0.0,-0.0
1,392,7.84,enter,0.0163,0.01618,0.00197,0.01276,0.012,-15.86,73.83,0.312,0.0255,0.505,0.0,0.0,0,0.0,-0.0
2,392,7.84,enter,0.03415,0.03396,0.00363,0.03966,0.012,-13.98,75.87,0.3165,0.0707,0.172,0.0,0.0,0,0.0,-0.0
3,392,7.84,enter,0.00707,0.00504,-0.00496,0.01712,0.012,-16.17,73.39,0.313,0.0223,-0.295,0.0,0.0,0,0.0,-0.0
0,393,7.86,enter,0.03041,0.0301,-0.00427,0.03506,0.012,-14.32,74.42,0.3134,0.0683,0.283,0.0,0.0,0,0.0,-0.0
1,393,7.86,enter,0.01524,0.01517,0.00145,0.01035,0.012,-15.75,73.91,0.3124,0.0255,0.501,0.0,0.0,0,0.0,-0.0
2,393,7.86,enter,0.03437,0.03419,0.00346,0.03987,0.012,-13.87,75.97,0.3163,0.071,0.196,0.0,0.0,0,0.0,-0.0
3,393,7.86,enter,0.00779,0.00547,-0.00555,0.01807,0.012,-16.28,73.28,0.313,0.0223,-0.278,0.0,0.0,0,0.0,-0.0
0,394,7.88,enter,0.03057,0.03024,-0.00445,0.03525,0.012,-14.23,74.52,0.3132,0.0687,0.299,0.0,0.0,0,0.0,-0.0
1,394,7.88,enter,0.01635,0.01633,0.00083,0.01055,0.012,-15.57,74.04,0.3128,0.0256,0.523,0.0,0.0,0,0.0,-0.0
2,394,7.88,enter,0.03445,0.0343,0.00323,0.04004,0.012,-13.8,76.04,0.3162,0.0713,0.216,0.0,0.0,0,0.0,-0.0
3,394,7.88,enter,0.00812,0.00559,-0.00589,0.01852,0.012,-16.31,73.25,0.3129,0.0223,-0.258,0.0,0.0,0,0.0,-0.0
0,395,7.9,enter,0.03067,0.03031,-0.00466,0.03543,0.012,-14.15,74.6,0.313,0.0691,0.314,0.0,0.0,0,0.0,-0.0
1,395,7.9,enter,0.01742,0.01741,0.00058,0.01173,0.012,-15.5,74.07,0.3133,0.0256,0.544,0.0,0.0,0,0.0,-0.0
2,395,7.9,enter,0.0345,0.03437,0.003,0.04017,0.012,-13.72,76.12,0.316,0.0716,0.239,0.0,0.0,0,0.0,-0.0
3,395,7.9,enter,0.00827,0.00557,-0.00611,0.01871,0.012,-16.3,73.25,0.3129,0.0223,-0.237,0.0,0.0,0,0.0,-0.0
0,396,7.92,enter,0.03072,0.03033,-0.0049,0.03554,0.012,-14.06,74.7,0.3128,0.0696,0.33,0.0,0.0,0,0.0,-0.0
1,396,7.92,enter,0.0179,0.01789,0.00067,0.0127,0.012,-15.53,74.03,0.3137,0.0256,0.553,0.0,0.0,0,0.0,-0.0
2,396,7.92,enter,0.03466,0.03455,0.00276,0.04037,0.012,-13.63,76.21,0.3158,0.0719,0.265,0.0,0.0,0,0.0,-0.0
3,396,7.92,enter,0.00838,0.0056,-0.00623,0.01884,0.012,-16.28,73.27,0.3128,0.0224,-0.216,0.0,0.0,0,0.0,-0.0
0,397,7.94,enter,0.03085,0.03042,-0.0051,0.03569,0.012,-13.97,74.79,0.3126,0.07,0.346,0.0,0.0,0,0.0,-0.0
1,397,7.94,enter,0.01797,0.01795,0.00096,0.01282,0.012,-15.49,74.05,0.3141,0.0257,0.547,0.0,0.0,0,0.0,-0.0
2,397,7.94,enter,0.0348,0.03471,0.00253,0.04054,0.012,-13.53,76.31,0.3156,0.0722,0.29,0.0,0.0,0,0.0,-0.0
3,397,7.94,enter,0.00851,0.00565,-0.00636,0.01897,0.012,-16.26,73.29,0.3127,0.0224,-0.195,0.0,0.0,0,0.0,-0.0
0,398,7.96,enter,0.03095,0.03048,-0.00534,0.03588,0.012,-13.89,74.88,0.3124,0.0704,0.362,0.0,0.0,0,0.0,-0.0
1,398,7.96,enter,0.02026,0.02021,0.00137,0.01561,0.012,-15.28,74.15,0.3144,0.0258,0.56,0.0,0.0,0,0.0,-0.0
2,398,7.96,enter,0.03485,0.03478,0.00225,0.04065,0.012,-13.45,76.38,0.3154,0.0725,0.313,0.0,0.0,0,0.0,-0.0
3,398,7.96,enter,0.0086,0.00562,-0.00651,0.01906,0.012,-16.23,73.31,0.3127,0.0225,-0.172,0.0,0.0,0,0.0,-0.0
0,399,7.98,enter,0.03107,0.03057,-0.00555,0.03604,0.012,-13.79,74.98,0.3122,0.0708,0.378,0.0,0.0,0,0.0,-0.0
1,399,7.98,enter,0.01991,0.01976,0.00245,0.01583,0.012,-15.38,74.03,0.3148,0.0261,0.562,0.0,0.0,0,0.0,-0.0
2,399,7.98,enter,0.03496,0.0349,0.00201,0.04082,0.012,-13.36,76.47,0.3152,0.0728,0.338,0.0,0.0,0,0.0,-0.0
3,399,7.98,enter,0.00882,0.00568,-0.00675,0.01925,0.012,-16.21,73.33,0.3126,0.0225,-0.149,0.0,0.0,0,0.0,-0.0
0,400,8.0,enter,0.03117,0.03063,-0.00576,0.0362,0.012,-13.71,75.07,0.312,0.0712,0.395,0.0,0.0,0,0.0,-0.0
1,400,8.0,enter,0.0192,0.01886,0.00358,0.01642,0.012,-15.74,73.69,0.3153,0.0264,0.587,0.0,0.0,0,0.0,-0.0
2,400,8.0,enter,0.03515,0.0351,0.00178,0.04105,0.012,-13.27,76.56,0.3151,0.0731,0.365,0.0,0.0,0,0.0,-0.0
3,400,8.0,enter,0.00912,0.0058,-0.00704,0.01954,0.012,-16.2,73.34,0.3125,0.0225,-0.126,0.0,0.0,0,0.0,-0.0
0,401,8.02,enter,0.03123,0.03064,-0.00602,0.03633,0.012,-13.62,75.16,0.3117,0.0716,0.411,0.0,0.0,0,0.0,-0.0
1,401,8.02,enter,0.01571,0.01523,0.00382,0.01291,0.012,-16.02,73.51,0.3157,0.0267,0.577,0.0,0.0,0,0.0,-0.0
2,401,8.02,enter,0.03531,0.03527,0.00152,0.04124,0.012,-13.18,76.65,0.3149,0.0734,0.391,0.0,0.0,0,0.0,-0.0
3,401,8.02,enter,0.00934,0.00586,-0.00727,0.01982,0.012,-16.2,73.34,0.3124,0.0226,-0.1,0.0,0.0,0,0.0,-0.0
0,402,8.04,enter,0.03137,0.03075,-0.00621,0.03649,0.012,-13.52,75.26,0.3115,0.072,0.428,0.0,0.0,0,0.0,-0.0
1,402,8.04,enter,0.01372,0.0134,0.00292,0.00834,0.012,-15.81,73.73,0.316,0.0269,0.56,0.0,0.0,0,0.0,-0.0
2,402,8.04,enter,0.03536,0.03534,0.00124,0.04136,0.012,-13.09,76.74,0.3147,0.0737,0.416,0.0,0.0,0,0.0,-0.0
3,402,8.04,enter,0.00955,0.0058,-0.0076,0.02006,0.012,-16.18,73.35,0.3123,0.0227,-0.073,0.0,0.0,0,0.0,-0.0
0,403,8.06,enter,0.03143,0.03077,-0.0064,0.03664,0.012,-13.44,75.35,0.3113,0.0724,0.444,0.0,0.0,0,0.0,-0.0
1,403,8.06,enter,0.01182,0.01146,0.00288,0.00655,0.012,-15.93,73.58,0.3163,0.0273,0.578,0.0,0.0,0,0.0,-0.0
2,403,8.06,enter,0.03556,0.03554,0.00103,0.04157,0.012,-12.99,76.83,0.3145,0.0739,0.443,0.0,0.0,0,0.0,-0.0
3,403,8.06,enter,0.00972,0.00578,-0.00781,0.02022,0.012,-16.15,73.37,0.3122,0.0227,-0.047,0.0,0.0,0,0.0,-0.0
0,404,8.08,enter,0.03147,0.03077,-0.00661,0.03674,0.012,-13.34,75.45,0.3111,0.0728,0.461,0.0,0.0,0,0.0,-0.0
1,404,8.08,enter,0.00882,0.00802,0.00367,0.00893,0.012,-16.46,73.01,0.3166,0.0277,0.603,0.0,0.0,0,0.0,-0.0
2,404,8.08,enter,0.03568,0.03567,0.00072,0.04175,0.012,-12.93,76.89,0.3143,0.0742,0.466,0.0,0.0,0,0.0,-0.0
3,404,8.08,enter,0.00989,0.00586,-0.00796,0.02041,0.012,-16.13,73.39,0.3121,0.0228,-0.023,0.0,0.0,0,0.0,-0.0
0,405,8.1,enter,0.03156,0.03081,-0.00683,0.03687,0.012,-13.25,75.55,0.3109,0.0732,0.479,0.0,0.0,0,0.0,-0.0
1,405,8.1,enter,0.00681,0.00552,0.004,0.01093,0.012,-16.84,72.62,0.3168,0.0282,0.607,0.0,0.0,0,0.0,-0.0
2,405,8.1,enter,0.03577,0.03577,0.00049,0.0419,0.012,-12.84,76.98,0.3141,0.0745,0.491,0.0,0.0,0,0.0,-0.0
3,405,8.1,enter,0.00985,0.00584,-0.00793,0.0203,0.012,-16.06,73.47,0.3119,0.0228,-0.0,0.0,0.0,0,0.0,-0.0
0,406,8.12,enter,0.03164,0.03083,-0.00711,0.03702,0.012,-13.16,75.65,0.3106,0.0736,0.496,0.0,0.0,0,0.0,-0.0
1,406,8.12,enter,0.00543,0.00426,0.00337,0.01027,0.012,-16.82,72.63,0.3169,0.0286,0.612,0.0,0.0,0,0.0,-0.0
2,406,8.12,enter,0.03591,0.03591,0.00022,0.04209,0.012,-12.75,77.07,0.314,0.0747,0.519,0.0,0.0,0,0.0,-0.0
3,406,8.12,enter,0.00982,0.00587,-0.00787,0.02021,0.012,-15.98,73.55,0.3118,0.0229,0.021,0.0,0.0,0,0.0,-0.0
0,407,8.14,enter,0.03181,0.03095,-0.00732,0.03721,0.012,-13.06,75.75,0.3104,0.074,0.514,0.0,0.0,0,0.0,-0.0
1,407,8.14,enter,0.00461,0.00404,0.0022,0.00818,0.012,-16.62,72.84,0.3169,0.0289,0.617,0.0,0.0,0,0.0,-0.0
2,407,8.14,enter,0.036,0.036,-8e-05,0.04223,0.012,-12.66,77.15,0.3138,0.075,0.545,0.0,0.0,0,0.0,-0.0
3,407,8.14,enter,0.00973,0.0057,-0.00788,0.02015,0.012,-15.85,73.66,0.3117,0.023,0.044,0.0,0.0,0,0.0,-0.0
0,408,8.16,enter,0.03177,0.03087,-0.00751,0.03729,0.012,-12.98,75.84,0.3102,0.0744,0.53,0.0,0.0,0,0.0,-0.0
1,408,8.16,enter,0.00357,0.00331,0.00135,0.00872,0.012,-16.72,72.76,0.3169,0.0293,0.649,0.0,0.0,0,0.0,-0.0
2,408,8.16,enter,0.03622,0.03622,-0.0003,0.04248,0.012,-12.57,77.24,0.3136,0.0752,0.572,0.0,0.0,0,0.0,-0.0
3,408,8.16,enter,0.00988,0.00566,-0.0081,0.02035,0.012,-15.76,73.74,0.3116,0.0231,0.068,0.0,0.0,0,0.0,-0.0
0,409,8.18,enter,0.03183,0.03088,-0.00773,0.03739,0.012,-12.88,75.95,0.31,0.0748,0.547,0.0,0.0,0,0.0,-0.0
1,409,8.18,enter,0.0021,0.00203,0.00057,0.01155,0.012,-17.2,72.39,0.3169,0.0297,0.67,0.0,0.0,0,0.0,-0.0
2,409,8.18,enter,0.03637,0.03636,-0.00059,0.0427,0.012,-12.51,77.3,0.3134,0.0755,0.596,0.0,0.0,0,0.0,-0.0
3,409,8.18,enter,0.01009,0.00556,-0.00843,0.02058,0.012,-15.67,73.8,0.3115,0.0231,0.094,0.0,0.0,0,0.0,-0.0
0,410,8.2,enter,0.03186,0.03086,-0.00794,0.03747,0.012,-12.79,76.04,0.3097,0.0752,0.565,0.0,0.0,0,0.0,-0.0
1,410,8.2,enter,0.00392,0.00377,-0.00107,0.0132,0.012,-17.32,72.3,0.3168,0.03,0.667,0.0,0.0,0,0.0,-0.0
2,410,8.2,enter,0.03644,0.03643,-0.00083,0.04282,0.012,-12.42,77.39,0.3132,0.0757,0.622,0.0,0.0,0,0.0,-0.0
3,410,8.2,enter,0.01059,0.00585,-0.00883,0.02114,0.012,-15.68,73.79,0.3114,0.0232,0.121,0.0,0.0,0,0.0,-0.0
0,411,8.22,enter,0.03197,0.03089,-0.00822,0.03764,0.012,-12.7,76.15,0.3095,0.0757,0.583,0.0,0.0,0,0.0,-0.0
1,411,8.22,enter,0.0049,0.00375,-0.00316,0.01183,0.012,-16.83,72.71,0.3166,0.0303,0.666,0.0,0.0,0,0.0,-0.0
2,411,8.22,enter,0.03649,0.03647,-0.00115,0.04292,0.012,-12.33,77.48,0.313,0.0759,0.648,0.0,0.0,0,0.0,-0.0
3,411,8.22,enter,0.01089,0.00604,-0.00906,0.02146,0.012,-15.67,73.8,0.3113,0.0233,0.147,0.0,0.0,0,0.0,-0.0
0,412,8.24,enter,0.0321,0.03097,-0.00844,0.03781,0.012,-12.6,76.25,0.3093,0.0761,0.602,0.0,0.0,0,0.0,-0.0
1,412,8.24,enter,0.00532,0.0036,-0.00391,0.01174,0.012,-16.53,72.9,0.3164,0.0306,0.695,0.0,0.0,0,0.0,-0.0
2,412,8.24,enter,0.03661,0.03658,-0.0014,0.04309,0.012,-12.24,77.57,0.3129,0.0761,0.675,0.0,0.0,0,0.0,-0.0
3,412,8.24,enter,0.01066,0.00576,-0.00897,0.02119,0.012,-15.56,73.9,0.3112,0.0234,0.173,0.0,0.0,0,0.0,-0.0
0,413,8.26,enter,0.03207,0.03089,-0.00863,0.03788,0.012,-12.51,76.34,0.3091,0.0765,0.618,0.0,0.0,0,0.0,-0.0
1,413,8.26,enter,0.00575,0.00473,-0.00327,0.01436,0.012,-16.78,72.66,0.3163,0.031,0.696,0.0,0.0,0,0.0,-0.0
2,413,8.26,enter,0.03682,0.03678,-0.00166,0.04333,0.012,-12.17,77.64,0.3127,0.0764,0.702,0.0,0.0,0,0.0,-0.0
3,413,8.26,enter,0.01057,0.00568,-0.00891,0.02109,0.012,-15.5,73.97,0.3111,0.0235,0.199,0.0,0.0,0,0.0,-0.0
0,414,8.28,enter,0.03213,0.03089,-0.00884,0.03799,0.012,-12.41,76.45,0.3088,0.0769,0.637,0.0,0.0,0,0.0,-0.0
1,414,8.28,enter,0.00615,0.00541,-0.00292,0.01582,0.012,-16.93,72.55,0.3162,0.0314,0.665,0.0,0.0,0,0.0,-0.0
2,414,8.28,enter,0.03693,0.03688,-0.00195,0.04351,0.012,-12.08,77.72,0.3125,0.0766,0.729,0.0,0.0,0,0.0,-0.0
3,414,8.28,enter,0.01061,0.00573,-0.00893,0.02115,0.012,-15.45,74.01,0.311,0.0235,0.226,0.0,0.0,0,0.0,-0.0
0,415,8.3,enter,0.0321,0.0308,-0.00905,0.03801,0.012,-12.31,76.56,0.3086,0.0773,0.655,0.0,0.0,0,0.0,-0.0
1,415,8.3,enter,0.00577,0.00468,-0.00338,0.0148,0.012,-16.71,72.79,0.316,0.0317,0.642,0.0,0.0,0,0.0,-0.0
2,415,8.3,enter,0.0371,0.03703,-0.00221,0.04369,0.012,-11.99,77.81,0.3124,0.0768,0.756,0.0,0.0,0,0.0,-0.0
3,415,8.3,enter,0.01073,0.0058,-0.00903,0.02127,0.012,-15.4,74.06,0.3109,0.0236,0.253,0.0,0.0,0,0.0,-0.0
0,416,8.32,enter,0.03221,0.03083,-0.00931,0.03818,0.012,-12.21,76.67,0.3083,0.0777,0.674,0.0,0.0,0,0.0,-0.0
1,416,8.32,enter,0.00628,0.00477,-0.00408,0.01428,0.012,-16.63,72.93,0.3158,0.0319,0.657,0.0,0.0,0,0.0,-0.0
2,416,8.32,enter,0.0377,0.03759,-0.00291,0.0442,0.012,-11.98,77.82,0.3122,0.077,0.79,0.632,0.0,0,0.0,-0.0
3,416,8.32,enter,0.01086,0.00585,-0.00915,0.02138,0.012,-15.34,74.11,0.3108,0.0237,0.281,0.0,0.0,0,0.0,-0.0
0,417,8.34,enter,0.03231,0.03087,-0.00951,0.03831,0.012,-12.1,76.78,0.3081,0.0781,0.694,0.0,0.0,0,0.0,-0.0
1,417,8.34,enter,0.00683,0.00411,-0.00546,0.01402,0.012,-16.54,73.07,0.3156,0.0322,0.646,0.0,0.0,0,0.0,-0.0
2,417,8.34,enter,0.03805,0.03784,-0.00404,0.04461,0.012,-12.19,77.62,0.312,0.0772,0.818,0.214,0.0,0,0.0,-0.0
3,417,8.34,enter,0.01098,0.00587,-0.00928,0.02147,0.012,-15.27,74.18,0.3107,0.0238,0.309,0.0,0.0,0,0.0,-0.0
0,418,8.36,enter,0.03224,0.03075,-0.00966,0.03833,0.012,-12.01,76.88,0.3079,0.0785,0.712,0.0,0.0,0,0.0,-0.0
1,418,8.36,enter,0.00792,0.00439,-0.0066,0.01421,0.012,-16.4,73.23,0.3154,0.0324,0.634,0.0,0.0,0,0.0,-0.0
2,418,8.36,enter,0.0378,0.03744,-0.00522,0.04463,0.012,-12.29,77.53,0.3118,0.0774,0.82,0.0,0.0,0,0.01,-0.0
3,418,8.36,enter,0.01114,0.00591,-0.00944,0.02159,0.012,-15.21,74.23,0.3106,0.0239,0.338,0.0,0.0,0,0.0,-0.0
0,419,8.38,enter,0.03226,0.0307,-0.00989,0.03842,0.012,-11.9,76.99,0.3076,0.0789,0.732,0.0,0.0,0,0.0,-0.0
1,419,8.38,enter,0.00909,0.00572,-0.00706,0.01523,0.012,-16.2,73.36,0.3152,0.0327,0.611,0.0,0.0,0,0.0,-0.0
2,419,8.38,enter,0.03781,0.03732,-0.00604,0.04457,0.012,-12.15,77.67,0.3117,0.0778,0.833,2.719,0.0,0,0.0,-0.0
3,419,8.38,enter,0.01132,0.00594,-0.00963,0.02171,0.012,-15.16,74.28,0.3105,0.024,0.366,0.0,0.0,0,0.0,-0.0
0,420,8.4,enter,0.03228,0.03067,-0.01008,0.03846,0.012,-11.78,77.11,0.3074,0.0794,0.752,0.0,0.0,0,0.0,-0.0
1,420,8.4,enter,0.01249,0.01072,-0.00641,0.01867,0.012,-16.1,73.31,0.3151,0.0331,0.614,0.0,0.0,0,0.0,-0.0
2,420,8.4,enter,0.03781,0.03717,-0.00695,0.04454,0.012,-12.04,77.79,0.3115,0.0782,0.833,0.51,0.0,0,0.0,-0.0
3,420,8.4,enter,0.01124,0.00581,-0.00962,0.02158,0.012,-15.06,74.38,0.3104,0.0241,0.396,0.0,0.0,0,0.0,-0.0
0,421,8.42,enter,0.03219,0.03052,-0.01025,0.03846,0.012,-11.69,77.22,0.3071,0.0798,0.772,0.0,0.0,0,0.0,-0.0
1,421,8.42,enter,0.01491,0.01388,-0.00545,0.02138,0.012,-16.21,73.17,0.315,0.0334,0.605,0.0,0.0,0,0.0,-0.0
2,421,8.42,enter,0.03773,0.03692,-0.00781,0.04435,0.012,-11.91,77.93,0.3112,0.0786,0.836,1.625,0.0,0,0.0,-0.0
3,421,8.42,enter,0.01133,0.00592,-0.00966,0.02166,0.012,-15.01,74.42,0.3103,0.0242,0.425,0.0,0.0,0,0.0,-0.0
0,422,8.44,enter,0.03226,0.03052,-0.01044,0.03858,0.012,-11.57,77.34,0.3069,0.0802,0.793,0.0,0.0,0,0.0,-0.0
1,422,8.44,enter,0.01476,0.01387,-0.00506,0.02089,0.012,-16.04,73.36,0.3148,0.0338,0.567,0.0,0.0,0,0.0,-0.0
2,422,8.44,enter,0.03744,0.03641,-0.00874,0.04408,0.012,-11.86,78.0,0.311,0.0791,0.828,0.935,0.0,0,0.0,0.04
3,422,8.44,enter,0.01147,0.00604,-0.00975,0.02179,0.012,-14.97,74.46,0.3102,0.0244,0.455,0.0,0.0,0,0.0,-0.0
0,423,8.46,enter,0.03221,0.03041,-0.01062,0.03859,0.012,-11.47,77.46,0.3066,0.0806,0.814,0.0,0.0,0,0.0,-0.0
1,423,8.46,enter,0.01383,0.0129,-0.00498,0.01943,0.012,-15.91,73.55,0.3147,0.0341,0.559,0.0,0.0,0,0.0,-0.0
2,423,8.46,enter,0.03748,0.03622,-0.00961,0.04413,0.012,-11.71,78.13,0.3107,0.0795,0.827,1.763,0.0,0,0.0,-0.0
3,423,8.46,enter,0.01168,0.00618,-0.00991,0.02198,0.012,-14.94,74.49,0.3102,0.0245,0.484,0.0,0.0,0,0.0,-0.0
0,424,8.48,enter,0.03224,0.03036,-0.01083,0.03867,0.012,-11.35,77.59,0.3063,0.081,0.836,0.0,0.0,0,0.0,-0.0
1,424,8.48,enter,0.01087,0.00949,-0.00529,0.01733,0.012,-16.02,73.56,0.3146,0.0344,0.541,0.0,0.0,0,0.0,-0.0
2,424,8.48,enter,0.03768,0.03617,-0.01057,0.04436,0.012,-11.61,78.24,0.3104,0.0799,0.821,1.209,0.0,0,0.0,-0.0
3,424,8.48,enter,0.01185,0.00628,-0.01005,0.02211,0.012,-14.88,74.55,0.3101,0.0246,0.514,0.0,0.0,0,0.0,-0.0
0,425,8.5,enter,0.03241,0.03045,-0.01108,0.03885,0.012,-11.19,77.75,0.3061,0.0815,0.858,1.99,0.0,0,-0.0,-0.0
1,425,8.5,enter,0.00815,0.00538,-0.00613,0.01553,0.012,-15.95,73.67,0.3145,0.0347,0.494,0.0,0.0,0,0.0,-0.0
2,425,8.5,enter,0.03791,0.03612,-0.01152,0.0446,0.012,-11.5,78.35,0.3101,0.0804,0.818,1.068,0.0,0,0.0,-0.0
3,425,8.5,enter,0.01199,0.00639,-0.01015,0.02222,0.012,-14.82,74.6,0.31,0.0247,0.544,0.0,0.0,0,0.0,-0.0
0,426,8.52,enter,0.03192,0.02968,-0.01175,0.0383,0.012,-11.09,77.89,0.3058,0.0819,0.858,1.339,0.0,0,-0.0,-0.0
1,426,8.52,enter,0.00899,0.00591,-0.00677,0.01568,0.012,-15.68,73.85,0.3144,0.0349,0.483,0.0,0.0,0,0.0,-0.0
2,426,8.52,enter,0.03816,0.03607,-0.01246,0.04487,0.012,-11.4,78.45,0.3099,0.0808,0.826,1.158,0.0,0,0.0,-0.0
3,426,8.52,enter,0.0121,0.00646,-0.01023,0.02229,0.012,-14.74,74.67,0.3099,0.0248,0.575,0.0,0.0,0,0.0,-0.0
0,427,8.54,enter,0.03198,0.02941,-0.01256,0.03831,0.012,-10.98,78.02,0.3056,0.0825,0.859,1.889,0.0,0,-0.0,0.01
1,427,8.54,enter,0.0121,0.01023,-0.00646,0.01919,0.012,-15.82,73.61,0.3144,0.0353,0.515,0.0,0.0,0,0.0,-0.0
2,427,8.54,enter,0.03848,0.03605,-0.01345,0.04523,0.012,-11.34,78.49,0.3096,0.0811,0.843,0.843,0.0,0,0.0,-0.0
3,427,8.54,enter,0.01224,0.00655,-0.01034,0.02237,0.012,-14.67,74.74,0.3099,0.0249,0.606,0.0,0.0,0,0.0,-0.0
0,428,8.56,enter,0.03207,0.02914,-0.0134,0.0385,0.012,-10.94,78.1,0.3054,0.083,0.867,1.877,0.0,0,-0.0,0.11
1,428,8.56,enter,0.01319,0.01185,-0.00578,0.02153,0.012,-16.1,73.34,0.3144,0.0357,0.485,0.0,0.0,0,0.0,-0.0
2,428,8.56,enter,0.03887,0.03608,-0.01446,0.04566,0.012,-11.3,78.53,0.3093,0.0815,0.87,0.577,0.0,0,0.0,-0.0
3,428,8.56,enter,0.01242,0.0067,-0.01046,0.02251,0.012,-14.61,74.79,0.3098,0.0251,0.637,0.0,0.0,0,0.0,-0.0
0,429,8.58,enter,0.03209,0.02874,-0.01428,0.03866,0.012,-10.9,78.17,0.3052,0.0836,0.87,1.808,0.0,0,-0.0,0.16
1,429,8.58,enter,0.01258,0.01116,-0.0058,0.02129,0.012,-16.05,73.4,0.3143,0.036,0.451,0.0,0.0,0,0.0,-0.0
2,429,8.58,enter,0.03926,0.03609,-0.01546,0.04609,0.012,-11.28,78.53,0.3091,0.0818,0.909,0.279,0.0,0,0.0,-0.0
3,429,8.58,enter,0.01257,0.00679,-0.01058,0.02258,0.012,-14.51,74.88,0.3097,0.0252,0.668,0.0,0.0,0,0.0,-0.0
0,430,8.6,enter,0.03195,0.02818,-0.01505,0.03856,0.012,-10.82,78.29,0.3051,0.0841,0.864,1.768,0.0,0,-0.0,0.09
1,430,8.6,enter,0.01065,0.00858,-0.00632,0.01914,0.012,-15.76,73.69,0.3142,0.0363,0.425,0.0,0.0,0,0.0,-0.0
2,430,8.6,enter,0.03966,0.03609,-0.01644,0.04649,0.012,-11.3,78.5,0.3088,0.082,0.955,0.371,0.0,0,0.0,-0.0
3,430,8.6,enter,0.01287,0.00682,-0.01091,0.02285,0.012,-14.43,74.96,0.3097,0.0253,0.699,0.0,0.0,0,0.03,0.01
0,431,8.62,enter,0.0316,0.0275,-0.01557,0.03818,0.012,-10.68,78.44,0.3049,0.0847,0.859,1.537,0.0,0,-0.0,0.04
1,431,8.62,enter,0.00973,0.00735,-0.00638,0.01878,0.012,-15.75,73.71,0.3142,0.0366,0.426,0.0,0.0,0,0.0,-0.0
2,431,8.62,enter,0.04012,0.03614,-0.01743,0.04697,0.012,-11.36,78.42,0.3086,0.0822,1.007,0.24,0.0,0,0.0,-0.0
3,431,8.62,enter,0.01331,0.00697,-0.01134,0.0234,0.012,-14.37,75.01,0.3097,0.0255,0.726,0.0,0.0,0,0.1,0.2
0,432,8.64,enter,0.03118,0.02682,-0.0159,0.03775,0.012,-10.56,78.58,0.3048,0.0852,0.864,1.357,0.0,0,-0.0,0.02
1,432,8.64,enter,0.01039,0.00827,-0.00629,0.02059,0.012,-16.04,73.43,0.3142,0.0369,0.441,1.399,0.0,0,0.0,0.0
2,432,8.64,enter,0.04076,0.03634,-0.01846,0.04761,0.012,-11.47,78.3,0.3083,0.0823,1.06,0.033,0.0,0,0.0,-0.0
3,432,8.64,enter,0.0137,0.00727,-0.01162,0.02393,0.012,-14.3,75.08,0.3097,0.0256,0.759,0.0,0.0,0,0.2,0.5
0,433,8.66,enter,0.03133,0.02653,-0.01667,0.03801,0.012,-10.52,78.63,0.3046,0.0857,0.875,2.068,0.0,0,-0.0,0.2
1,433,8.66,enter,0.00978,0.00677,-0.00706,0.02043,0.012,-16.08,73.45,0.3142,0.0372,0.424,0.697,0.0,0,0.02,0.01
2,433,8.66,enter,0.04135,0.03647,-0.01949,0.04822,0.012,-11.57,78.19,0.3081,0.0824,1.11,0.0,0.0,0,0.0,-0.0
3,433,8.66,enter,0.01413,0.00764,-0.01189,0.02445,0.012,-14.25,75.1,0.3097,0.0257,0.802,0.0,0.0,0,0.31,0.77
0,434,8.68,enter,0.0319,0.02666,-0.01751,0.03855,0.012,-10.4,78.72,0.3045,0.0861,0.891,1.551,0.0,0,-0.0,0.17
1,434,8.68,enter,0.00948,0.005,-0.00805,0.02002,0.012,-16.0,73.54,0.3141,0.0375,0.404,0.0,0.0,0,0.05,-0.0
2,434,8.68,enter,0.0419,0.03654,-0.0205,0.0488,0.012,-11.64,78.12,0.3078,0.0824,1.157,0.213,0.0,0,0.0,-0.0
3,434,8.68,enter,0.0146,0.00785,-0.01232,0.02488,0.012,-14.21,75.12,0.3097,0.0257,0.836,0.0,0.0,0,0.42,0.9
0,435,8.7,enter,0.03237,0.02672,-0.01827,0.03905,0.012,-10.33,78.78,0.3044,0.0864,0.908,1.801,0.0,0,-0.0,0.32
1,435,8.7,enter,0.01041,0.00598,-0.00852,0.02133,0.012,-16.11,73.41,0.3141,0.0377,0.413,1.882,0.0,0,0.08,0.22
2,435,8.7,enter,0.04247,0.03665,-0.02146,0.04932,0.012,-11.58,78.16,0.3076,0.0824,1.206,0.0,0.0,0,0.0,-0.0
3,435,8.7,enter,0.01507,0.00829,-0.01258,0.02539,0.012,-14.16,75.14,0.3098,0.0258,0.879,0.0,0.0,0,0.5,1.1
0,436,8.72,enter,0.03288,0.02685,-0.01897,0.0395,0.012,-10.26,78.83,0.3043,0.0867,0.93,1.934,0.0,0,-0.0,0.46
1,436,8.72,enter,0.01157,0.00712,-0.00913,0.02251,0.012,-16.2,73.31,0.3141,0.038,0.439,1.941,0.0,0,0.06,0.7
2,436,8.72,enter,0.04338,0.03708,-0.02252,0.0503,0.012,-11.81,77.93,0.3073,0.0824,1.264,0.32,0.0,0,0.0,-0.0
3,436,8.72,enter,0.01585,0.00899,-0.01305,0.02608,0.012,-14.14,75.14,0.3098,0.0259,0.913,0.0,0.0,0,0.5,1.22
0,437,8.74,enter,0.0331,0.02669,-0.01957,0.03966,0.012,-10.23,78.87,0.3043,0.087,0.948,1.979,0.0,0,-0.0,0.58
1,437,8.74,enter,0.0124,0.00712,-0.01015,0.02319,0.012,-16.2,73.3,0.314,0.0383,0.452,1.501,0.0,0,0.07,0.69
2,437,8.74,enter,0.04463,0.03781,-0.02372,0.05159,0.012,-11.98,77.76,0.307,0.0823,1.309,0.0,0.0,0,0.01,-0.0
3,437,8.74,enter,0.01625,0.00939,-0.01326,0.02638,0.012,-14.05,75.22,0.3098,0.0259,0.941,0.0,0.0,0,0.46,1.24
0,438,8.76,enter,0.03295,0.0262,-0.01999,0.03955,0.012,-10.19,78.93,0.3042,0.0872,0.956,1.918,0.0,0,-0.0,0.59
1,438,8.76,enter,0.01317,0.00689,-0.01122,0.02375,0.012,-16.19,73.33,0.314,0.0385,0.457,1.561,0.0,0,0.11,0.51
2,438,8.76,enter,0.04549,0.03833,-0.0245,0.05232,0.012,-11.82,77.89,0.3066,0.0821,1.354,0.205,0.0,0,0.01,-0.0
3,438,8.76,enter,0.01574,0.00894,-0.01296,0.0257,0.012,-13.9,75.38,0.3098,0.0259,0.959,0.0,0.0,0,0.39,0.79
0,439,8.78,enter,0.03283,0.02574,-0.02038,0.03945,0.012,-10.14,79.01,0.3041,0.0874,0.966,2.038,0.0,0,-0.0,0.6
1,439,8.78,enter,0.01412,0.00724,-0.01213,0.02455,0.012,-16.23,73.3,0.3139,0.0387,0.466,1.872,0.0,0,0.17,0.59
2,439,8.78,enter,0.04674,0.03913,-0.02556,0.05342,0.012,-11.91,77.79,0.3063,0.082,1.404,0.0,0.0,0,0.01,-0.0
3,439,8.78,enter,0.01511,0.00855,-0.01246,0.02492,0.012,-13.73,75.54,0.3098,0.0259,0.983,0.0,0.0,0,0.31,0.24
0,440,8.8,enter,0.03293,0.02549,-0.02085,0.03951,0.012,-10.06,79.1,0.304,0.0875,0.974,2.225,0.0,0,-0.0,0.72
1,440,8.8,enter,0.01523,0.00802,-0.01295,0.02553,0.012,-16.3,73.23,0.3138,0.0388,0.478,1.872,0.0,0,0.22,0.95
2,440,8.8,enter,0.04832,0.04024,-0.02675,0.05515,0.012,-12.14,77.57,0.306,0.0818,1.436,1.016,0.0,0,-0.0,0.03
3,440,8.8,enter,0.01502,0.00851,-0.01238,0.0247,0.012,-13.67,75.61,0.3098,0.026,1.01,0.0,0.0,0,0.2,-0.0
0,441,8.82,enter,0.0333,0.02553,-0.02137,0.03987,0.012,-9.96,79.2,0.304,0.0876,0.986,2.218,0.0,0,-0.0,0.92
1,441,8.82,enter,0.01626,0.00855,-0.01383,0.02656,0.012,-16.31,73.2,0.3138,0.039,0.484,1.539,0.0,0,0.25,1.2
2,441,8.82,enter,0.04929,0.04076,-0.02772,0.05596,0.012,-12.07,77.65,0.3056,0.0816,1.459,0.464,0.0,0,0.01,-0.0
3,441,8.82,enter,0.01417,0.00767,-0.01191,0.02395,0.012,-13.56,75.74,0.3098,0.026,1.025,0.0,0.0,0,0.09,-0.0
0,442,8.84,enter,0.03375,0.02564,-0.02194,0.0404,0.012,-9.91,79.22,0.3039,0.0876,1.003,2.256,0.0,0,0.0,1.32
1,442,8.84,enter,0.01711,0.00884,-0.01465,0.02728,0.012,-16.26,73.22,0.3137,0.0391,0.49,1.455,0.0,0,0.28,1.25
2,442,8.84,enter,0.05019,0.04131,-0.02852,0.05667,0.012,-11.86,77.83,0.3053,0.0814,1.482,2.817,0.0,0,-0.0,-0.0
3,442,8.84,enter,0.014,0.00803,-0.01147,0.0238,0.012,-13.48,75.81,0.3098,0.0261,1.061,0.0,0.0,0,-0.0,-0.0
0,443,8.86,enter,0.0342,0.02578,-0.02248,0.04089,0.012,-9.87,79.22,0.3039,0.0876,1.039,2.393,0.0,0,-0.0,1.66
1,443,8.86,enter,0.01793,0.00926,-0.01535,0.02797,0.012,-16.23,73.23,0.3136,0.0392,0.501,1.458,0.0,0,0.3,1.32
2,443,8.86,enter,0.05149,0.0423,-0.02935,0.05774,0.012,-11.6,78.08,0.3049,0.0813,1.517,0.165,0.0,0,0.01,-0.0
3,443,8.86,enter,0.01366,0.00772,-0.01127,0.02355,0.012,-13.43,75.87,0.3098,0.0261,1.089,0.0,0.0,0,0.0,-0.0
0,444,8.88,enter,0.0348,0.02603,-0.0231,0.04152,0.012,-9.87,79.17,0.3039,0.0875,1.089,2.708,0.0,0,-0.0,1.88
1,444,8.88,enter,0.01875,0.00983,-0.01597,0.02871,0.012,-16.22,73.23,0.3135,0.0393,0.511,1.466,0.0,0,0.31,1.43
2,444,8.88,enter,0.05302,0.04344,-0.0304,0.05934,0.012,-11.63,77.89,0.3046,0.0811,1.556,2.319,0.0,0,-0.0,0.02
3,444,8.88,enter,0.01339,0.00753,-0.01107,0.02317,0.012,-13.31,75.98,0.3097,0.0262,1.121,0.0,0.0,0,0.0,-0.0
0,445,8.9,enter,0.03488,0.02586,-0.0234,0.04145,0.012,-9.83,79.19,0.3039,0.0874,1.133,1.798,0.0,0,-0.0,1.77
1,445,8.9,enter,0.01948,0.01028,-0.01654,0.02938,0.012,-16.22,73.23,0.3134,0.0394,0.512,1.392,0.0,0,0.31,1.56
2,445,8.9,enter,0.05435,0.04428,-0.03153,0.06089,0.012,-11.74,77.39,0.3043,0.081,1.58,13.853,0.0,0,-0.0,0.39
3,445,8.9,enter,0.01358,0.00786,-0.01108,0.02342,0.012,-13.35,75.94,0.3097,0.0262,1.159,0.0,0.0,0,0.0,-0.0
0,446,8.92,enter,0.03433,0.02511,-0.02341,0.04081,0.012,-9.8,79.25,0.3039,0.0873,1.155,1.321,0.0,0,-0.0,1.49
1,446,8.92,enter,0.02012,0.01062,-0.0171,0.03003,0.012,-16.2,73.24,0.3133,0.0395,0.509,1.186,0.0,0,0.3,1.63
2,446,8.92,enter,0.05544,0.04477,-0.0327,0.06213,0.012,-11.86,77.3,0.304,0.0808,1.59,10.057,0.0,0,0.0,0.64
3,446,8.92,enter,0.0135,0.00787,-0.01097,0.02343,0.012,-13.41,75.9,0.3096,0.0263,1.193,0.0,0.0,0,0.0,-0.0
0,447,8.94,enter,0.03366,0.02427,-0.02333,0.04019,0.012,-9.79,79.31,0.3038,0.0871,1.166,1.425,0.0,0,-0.0,1.24
1,447,8.94,enter,0.02077,0.01095,-0.01764,0.03063,0.012,-16.18,73.27,0.3132,0.0396,0.503,1.094,0.0,0,0.29,1.66
2,447,8.94,enter,0.05655,0.04529,-0.03386,0.06344,0.012,-12.0,77.21,0.3036,0.0807,1.589,14.787,0.0,0,-0.0,1.16
3,447,8.94,enter,0.01291,0.00706,-0.0108,0.02299,0.012,-13.41,75.93,0.3095,0.0264,1.214,0.0,0.0,0,0.0,-0.0
0,448,8.96,enter,0.03374,0.02424,-0.02347,0.04032,0.012,-9.75,79.36,0.3038,0.0869,1.187,1.679,0.0,0,-0.0,1.08
1,448,8.96,enter,0.02145,0.0114,-0.01817,0.03125,0.012,-16.15,73.3,0.3131,0.0396,0.496,1.063,0.0,0,0.27,1.69
2,448,8.96,enter,0.05727,0.04542,-0.03488,0.06416,0.012,-11.9,77.33,0.3033,0.0806,1.564,15.725,0.0,0,-0.0,1.39
3,448,8.96,enter,0.01241,0.0066,-0.01051,0.0225,0.012,-13.29,76.06,0.3095,0.0266,1.241,0.0,0.0,0,0.0,-0.0
0,449,8.98,arrive,0.03403,0.02448,-0.02363,0.04068,0.012,-9.71,79.4,0.3037,0.0866,1.208,1.836,0.0,0,-0.0,1.05
1,449,8.98,arrive,0.02209,0.01182,-0.01866,0.03184,0.012,-16.11,73.33,0.313,0.0396,0.486,1.024,0.0,0,0.25,1.71
2,449,8.98,arrive,0.05754,0.04511,-0.03573,0.0643,0.012,-11.59,77.7,0.3029,0.0805,1.506,11.603,0.0,0,-0.0,1.13
3,449,8.98,arrive,0.01306,0.00747,-0.01071,0.02321,0.012,-13.3,76.03,0.3094,0.0267,1.279,0.0,0.0,0,0.0,-0.0
0,450,9.0,arrive,0.03363,0.02475,-0.02276,0.04036,0.012,-9.67,79.43,0.3036,0.0863,1.23,1.903,0.0,0,-0.0,1.04
1,450,9.0,arrive,0.02184,0.01221,-0.01811,0.03168,0.012,-16.06,73.38,0.3128,0.0397,0.474,1.023,0.0,0,0.21,1.69
2,450,9.0,arrive,0.05707,0.04464,-0.03556,0.06366,0.012,-11.2,78.19,0.3026,0.0803,1.422,11.138,0.0,0,-0.0,0.39
3,450,9.0,arrive,0.01294,0.00808,-0.01011,0.02332,0.012,-13.32,76.02,0.3093,0.0269,1.311,0.0,0.0,0,0.0,-0.0
0,451,9.02,arrive,0.03322,0.02492,-0.02197,0.04001,0.012,-9.64,79.46,0.3036,0.086,1.251,1.866,0.0,0,-0.0,0.99
1,451,9.02,arrive,0.02145,0.01242,-0.01749,0.03135,0.012,-15.99,73.45,0.3127,0.0397,0.459,1.002,0.0,0,0.16,1.59
2,451,9.02,arrive,0.05657,0.04413,-0.0354,0.06295,0.012,-10.81,78.82,0.3021,0.0802,1.304,10.267,0.0,0,0.0,0.03
3,451,9.02,arrive,0.01285,0.00847,-0.00966,0.02329,0.012,-13.29,76.04,0.3093,0.027,1.341,0.0,0.0,0,0.0,-0.0
0,452,9.04,arrive,0.03292,0.02509,-0.02131,0.03973,0.012,-9.62,79.48,0.3035,0.0857,1.271,1.84,0.0,0,-0.0,0.91
1,452,9.04,arrive,0.02092,0.01238,-0.01687,0.03081,0.012,-15.91,73.53,0.3126,0.0397,0.445,1.135,0.0,0,0.12,1.39
2,452,9.04,arrive,0.0562,0.04379,-0.03523,0.06243,0.012,-10.43,79.37,0.3017,0.08,1.168,7.105,0.0,0,0.0,-0.0
3,452,9.04,arrive,0.01286,0.00876,-0.00942,0.02333,0.012,-13.28,76.05,0.3092,0.0272,1.369,0.0,0.0,0,0.0,-0.0
0,453,9.06,arrive,0.0327,0.0253,-0.02071,0.03951,0.012,-9.61,79.49,0.3034,0.0853,1.291,1.873,0.0,0,-0.0,0.83
1,453,9.06,arrive,0.02024,0.01207,-0.01625,0.0301,0.012,-15.84,73.61,0.3124,0.0396,0.433,1.336,0.0,0,0.09,1.16
2,453,9.06,arrive,0.05588,0.04352,-0.03505,0.06198,0.012,-10.05,79.83,0.3014,0.0798,1.041,8.962,0.0,0,0.0,-0.0
3,453,9.06,arrive,0.01304,0.0092,-0.00924,0.02357,0.012,-13.3,76.04,0.3091,0.0273,1.398,0.0,0.0,0,0.0,-0.0
0,454,9.08,arrive,0.03241,0.02545,-0.02007,0.03924,0.012,-9.6,79.5,0.3034,0.085,1.31,1.859,0.0,0,-0.0,0.74
1,454,9.08,arrive,0.01952,0.01172,-0.01561,0.02943,0.012,-15.77,73.68,0.3123,0.0396,0.424,1.46,0.0,0,0.06,0.99
2,454,9.08,arrive,0.05554,0.04323,-0.03487,0.06151,0.012,-9.72,80.24,0.301,0.0796,0.907,8.153,0.0,0,0.0,-0.0
3,454,9.08,arrive,0.0132,0.00964,-0.00902,0.02374,0.012,-13.29,76.04,0.309,0.0275,1.427,0.0,0.0,0,0.0,-0.0
0,455,9.1,arrive,0.03203,0.02546,-0.01945,0.03889,0.012,-9.59,79.52,0.3034,0.0846,1.326,1.828,0.0,0,-0.0,0.66
1,455,9.1,arrive,0.01894,0.0116,-0.01497,0.02893,0.012,-15.69,73.76,0.3122,0.0395,0.42,1.474,0.0,0,0.04,0.86
2,455,9.1,arrive,0.05515,0.04285,-0.03471,0.06091,0.012,-9.47,80.52,0.3007,0.0794,0.81,10.566,0.0,0,0.0,-0.0
3,455,9.1,arrive,0.01327,0.00988,-0.00886,0.02378,0.012,-13.27,76.07,0.309,0.0277,1.455,0.0,0.0,0,0.0,-0.0
0,456,9.12,arrive,0.03162,0.02541,-0.01883,0.03849,0.012,-9.57,79.55,0.3033,0.0843,1.339,1.466,0.0,0,-0.0,0.52
1,456,9.12,arrive,0.01834,0.0114,-0.01437,0.02842,0.012,-15.6,73.85,0.312,0.0395,0.418,1.501,0.0,0,0.02,0.61
2,456,9.12,arrive,0.05481,0.04257,-0.03452,0.06038,0.012,-9.24,80.76,0.3005,0.0792,0.728,9.85,0.0,0,0.0,-0.0
3,456,9.12,arrive,0.01344,0.01014,-0.00882,0.02391,0.012,-13.25,76.08,0.3089,0.0279,1.482,0.0,0.0,0,0.0,-0.0
0,457,9.14,arrive,0.03119,0.02537,-0.01814,0.03802,0.012,-9.52,79.61,0.3033,0.0839,1.353,1.241,0.0,0,-0.0,0.22
1,457,9.14,arrive,0.01776,0.01106,-0.0139,0.02768,0.012,-15.48,73.97,0.3119,0.0394,0.417,1.079,0.0,0,0.01,0.18
2,457,9.14,arrive,0.05376,0.04143,-0.03427,0.05922,0.012,-8.95,81.05,0.3003,0.0789,0.644,5.681,0.0,0,0.0,-0.0
3,457,9.14,arrive,0.01361,0.01039,-0.00878,0.02403,0.012,-13.24,76.09,0.3088,0.0281,1.508,0.0,0.0,0,0.0,-0.0
0,458,9.16,arrive,0.0308,0.02532,-0.01752,0.03755,0.012,-9.49,79.65,0.3032,0.0836,1.367,0.478,0.0,0,-0.0,-0.0
1,458,9.16,arrive,0.01745,0.01108,-0.01349,0.02722,0.012,-15.37,74.08,0.3117,0.0393,0.416,0.0,0.0,0,-0.0,-0.0
2,458,9.16,arrive,0.05078,0.03775,-0.03396,0.05639,0.012,-8.72,81.28,0.3002,0.0786,0.548,8.068,0.0,0,0.0,-0.0
3,458,9.16,arrive,0.01383,0.01068,-0.00879,0.0242,0.012,-13.23,76.11,0.3087,0.0283,1.535,0.0,0.0,0,-0.0,-0.0
0,459,9.18,arrive,0.03079,0.02573,-0.01692,0.03745,0.012,-9.44,79.68,0.3032,0.0832,1.392,0.156,0.0,0,-0.0,-0.0
1,459,9.18,arrive,0.01721,0.0114,-0.01289,0.02707,0.012,-15.32,74.13,0.3116,0.0392,0.407,1.035,0.0,0,-0.0,0.01
2,459,9.18,arrive,0.04688,0.03308,-0.03322,0.05248,0.012,-8.29,81.7,0.3002,0.0781,0.454,2.17,0.0,0,0.0,-0.0
3,459,9.18,arrive,0.01399,0.01088,-0.00879,0.02427,0.012,-13.21,76.13,0.3087,0.0285,1.562,0.0,0.0,0,0.0,-0.0
0,460,9.2,arrive,0.03054,0.0259,-0.01617,0.03705,0.012,-9.33,79.79,0.3031,0.0829,1.417,0.0,0.0,0,-0.0,-0.0
1,460,9.2,arrive,0.01651,0.01106,-0.01226,0.02649,0.012,-15.26,74.21,0.3114,0.0391,0.392,0.206,0.0,0,-0.0,-0.0
2,460,9.2,arrive,0.04175,0.0274,-0.0315,0.04691,0.012,-7.56,82.44,0.3003,0.0776,0.429,0.0,0.0,0,0.0,-0.0
3,460,9.2,arrive,0.01425,0.01114,-0.00889,0.02442,0.012,-13.19,76.15,0.3086,0.0287,1.589,0.0,0.0,0,0.0,-0.0
0,461,9.22,arrive,0.03034,0.02604,-0.01557,0.03675,0.012,-9.25,79.88,0.303,0.0826,1.439,0.0,0.0,0,-0.0,-0.0
1,461,9.22,arrive,0.01576,0.01063,-0.01164,0.02585,0.012,-15.16,74.31,0.3112,0.0391,0.382,0.0,0.0,0,-0.0,-0.0
2,461,9.22,arrive,0.03809,0.02329,-0.03014,0.04263,0.012,-6.97,83.03,0.3004,0.0768,0.464,0.0,0.0,0,0.0,-0.0
3,461,9.22,arrive,0.01453,0.0114,-0.00901,0.02458,0.012,-13.17,76.17,0.3086,0.0289,1.616,0.0,0.0,0,0.0,-0.0
0,462,9.24,arrive,0.03029,0.02635,-0.01494,0.03664,0.012,-9.18,79.96,0.3029,0.0824,1.459,0.0,0.0,0,0.0,-0.0
1,462,9.24,arrive,0.01496,0.01009,-0.01105,0.02515,0.012,-15.06,74.42,0.3111,0.039,0.371,0.0,0.0,0,-0.0,-0.0
2,462,9.24,arrive,0.04104,0.02658,-0.03127,0.04574,0.012,-7.3,82.69,0.3005,0.0759,0.583,0.0,0.0,0,0.0,-0.0
3,462,9.24,arrive,0.01472,0.01152,-0.00917,0.02469,0.012,-13.15,76.19,0.3085,0.0291,1.643,0.0,0.0,0,0.0,-0.0
0,463,9.26,arrive,0.03042,0.02679,-0.01441,0.03669,0.012,-9.12,80.04,0.3028,0.0822,1.479,0.0,0.0,0,0.0,-0.0
1,463,9.26,arrive,0.01423,0.00973,-0.01038,0.02454,0.012,-14.96,74.53,0.311,0.039,0.362,0.0,0.0,0,0.0,-0.0
2,463,9.26,arrive,0.04257,0.03015,-0.03006,0.04729,0.012,-7.3,82.64,0.3006,0.0748,0.687,0.0,0.0,0,0.0,-0.0
3,463,9.26,arrive,0.01458,0.01126,-0.00926,0.02456,0.012,-13.13,76.21,0.3084,0.0293,1.663,0.0,0.0,0,0.0,-0.0
0,464,9.28,arrive,0.03067,0.02731,-0.01396,0.03686,0.012,-9.06,80.11,0.3027,0.082,1.498,0.0,0.0,0,0.0,-0.0
1,464,9.28,arrive,0.01347,0.00937,-0.00968,0.02394,0.012,-14.87,74.62,0.3108,0.0389,0.353,0.0,0.0,0,0.0,-0.0
2,464,9.28,arrive,0.04118,0.03021,-0.02799,0.04553,0.012,-6.99,82.93,0.3007,0.0738,0.74,0.0,0.0,0,0.0,-0.0
3,464,9.28,arrive,0.0142,0.01079,-0.00923,0.0243,0.012,-13.11,76.25,0.3083,0.0295,1.681,0.0,0.0,0,0.0,-0.0
0,465,9.3,arrive,0.03096,0.02781,-0.01361,0.0371,0.012,-9.02,80.16,0.3026,0.0819,1.515,0.0,0.0,0,0.0,-0.0
1,465,9.3,arrive,0.01262,0.00878,-0.00907,0.02314,0.012,-14.75,74.75,0.3107,0.0389,0.344,0.0,0.0,0,0.0,-0.0
2,465,9.3,arrive,0.04124,0.03124,-0.02692,0.04544,0.012,-7.08,82.79,0.3009,0.0727,0.83,0.0,0.0,0,0.0,-0.0
3,465,9.3,arrive,0.0139,0.01038,-0.00924,0.02407,0.012,-13.0,76.35,0.3083,0.0298,1.694,0.0,0.0,0,0.0,-0.0
0,466,9.32,arrive,0.03116,0.0282,-0.01327,0.03727,0.012,-8.97,80.22,0.3025,0.0818,1.53,0.0,0.0,0,0.0,-0.0
1,466,9.32,arrive,0.01158,0.00784,-0.00852,0.02209,0.012,-14.61,74.9,0.3106,0.0389,0.334,0.0,0.0,0,0.0,-0.0
2,466,9.32,arrive,0.04105,0.03233,-0.0253,0.04514,0.012,-7.2,82.63,0.301,0.0716,0.932,0.0,0.0,0,0.0,-0.0
3,466,9.32,arrive,0.01415,0.01043,-0.00956,0.02436,0.012,-12.88,76.44,0.3082,0.0299,1.707,0.0,0.0,0,0.0,-0.0
0,467,9.34,arrive,0.03127,0.02846,-0.01297,0.03738,0.012,-8.93,80.28,0.3023,0.0818,1.543,0.0,0.0,0,0.0,-0.0
1,467,9.34,arrive,0.01071,0.00718,-0.00794,0.02125,0.012,-14.49,75.03,0.3105,0.0388,0.326,0.0,0.0,0,0.0,-0.0
2,467,9.34,arrive,0.03979,0.03188,-0.02381,0.04388,0.012,-7.4,82.42,0.3011,0.0704,1.008,0.0,0.0,0,0.0,-0.0
3,467,9.34,arrive,0.01552,0.01167,-0.01024,0.0257,0.012,-12.94,76.34,0.3082,0.0301,1.734,0.062,0.0,0,-0.0,-0.0
0,468,9.36,arrive,0.0313,0.02862,-0.01268,0.03745,0.012,-8.9,80.32,0.3022,0.0819,1.557,0.0,0.0,0,0.0,-0.0
1,468,9.36,arrive,0.01003,0.00684,-0.00734,0.02067,0.012,-14.4,75.12,0.3105,0.0388,0.321,0.0,0.0,0,0.0,-0.0
2,468,9.36,arrive,0.03816,0.03082,-0.02249,0.04243,0.012,-7.59,82.21,0.3013,0.0693,1.068,0.0,0.0,0,0.0,-0.0
3,468,9.36,arrive,0.01314,0.00969,-0.00887,0.02173,0.012,-11.79,77.41,0.3081,0.0303,1.745,0.0,0.0,0,0.0,-0.0
0,469,9.38,arrive,0.03124,0.02868,-0.01239,0.03745,0.012,-8.86,80.37,0.3021,0.082,1.57,0.0,0.0,0,0.0,-0.0
1,469,9.38,arrive,0.00936,0.00638,-0.00685,0.01998,0.012,-14.28,75.25,0.3104,0.0388,0.315,0.0,0.0,0,0.0,-0.0
2,469,9.38,arrive,0.0363,0.02974,-0.02081,0.04062,0.012,-7.54,82.25,0.3015,0.0682,1.118,0.0,0.0,0,0.0,-0.0
3,469,9.38,arrive,0.01466,0.01168,-0.00885,0.02193,0.012,-11.51,77.64,0.3081,0.0305,1.793,0.0,0.0,0,0.0,-0.0
0,470,9.4,arrive,0.03134,0.02886,-0.01222,0.03759,0.012,-8.81,80.43,0.3019,0.0822,1.584,0.0,0.0,0,0.0,-0.0
1,470,9.4,arrive,0.00881,0.00592,-0.00652,0.01915,0.012,-14.13,75.4,0.3103,0.0389,0.311,0.0,0.0,0,0.0,-0.0
2,470,9.4,arrive,0.03577,0.03025,-0.01909,0.03989,0.012,-7.41,82.34,0.3018,0.0671,1.19,0.0,0.0,0,0.0,-0.0
3,470,9.4,arrive,0.01649,0.01378,-0.00906,0.02429,0.012,-11.94,77.22,0.3081,0.0307,1.837,0.0,0.0,0,0.0,-0.0
0,471,9.42,arrive,0.03162,0.02919,-0.01215,0.0379,0.012,-8.73,80.5,0.3018,0.0825,1.6,0.0,0.0,0,0.0,-0.0
1,471,9.42,arrive,0.00866,0.00593,-0.00631,0.0186,0.012,-14.05,75.49,0.3103,0.0389,0.318,0.0,0.0,0,0.0,-0.0
2,471,9.42,arrive,0.03557,0.03084,-0.01773,0.03955,0.012,-7.37,82.35,0.3021,0.0661,1.259,0.0,0.0,0,0.0,-0.0
3,471,9.42,arrive,0.0159,0.01306,-0.00908,0.02463,0.012,-12.27,76.96,0.3082,0.0309,1.838,0.0,0.0,0,0.0,-0.0
0,472,9.44,arrive,0.03192,0.02953,-0.01213,0.03822,0.012,-8.63,80.58,0.3017,0.0827,1.615,0.826,0.0,0,0.01,-0.0
1,472,9.44,arrive,0.00834,0.00555,-0.00623,0.01829,0.012,-14.08,75.5,0.3102,0.0389,0.319,0.0,0.0,0,0.0,-0.0
2,472,9.44,arrive,0.03564,0.03167,-0.01633,0.03951,0.012,-7.36,82.33,0.3025,0.0652,1.329,0.0,0.0,0,0.0,-0.0
3,472,9.44,arrive,0.01528,0.01264,-0.00858,0.02377,0.012,-12.13,77.1,0.3082,0.0311,1.855,0.0,0.0,0,0.0,-0.0
0,473,9.46,arrive,0.03232,0.02987,-0.01234,0.03865,0.012,-8.58,80.63,0.3015,0.0831,1.628,2.562,0.0,0,0.07,0.15
1,473,9.46,arrive,0.0076,0.00418,-0.00635,0.01783,0.012,-14.11,75.51,0.3101,0.0389,0.298,0.0,0.0,0,0.0,-0.0
2,473,9.46,arrive,0.03624,0.03307,-0.01483,0.03984,0.012,-7.33,82.33,0.3029,0.0643,1.411,0.0,0.0,0,0.0,-0.0
3,473,9.46,arrive,0.01558,0.01288,-0.00877,0.02398,0.012,-12.15,77.08,0.3082,0.0313,1.883,0.0,0.0,0,0.0,-0.0
0,474,9.48,arrive,0.03244,0.02984,-0.01273,0.03891,0.012,-8.59,80.63,0.3014,0.0834,1.621,4.573,0.0,0,0.23,0.57
1,474,9.48,arrive,0.00753,0.00399,-0.00638,0.01789,0.012,-14.15,75.48,0.3101,0.039,0.296,0.0,0.0,0,0.0,-0.0
2,474,9.48,arrive,0.03749,0.03499,-0.01345,0.04074,0.012,-7.44,82.19,0.3034,0.0635,1.505,0.0,0.0,0,0.0,-0.0
3,474,9.48,arrive,0.01589,0.01304,-0.00909,0.02455,0.012,-12.27,76.96,0.3082,0.0315,1.906,0.0,0.0,0,0.0,-0.0
0,475,9.5,arrive,0.03292,0.03013,-0.01326,0.03953,0.012,-8.62,80.58,0.3014,0.0838,1.618,6.607,0.0,0,0.44,1.33
1,475,9.5,arrive,0.00794,0.00461,-0.00647,0.01841,0.012,-14.19,75.42,0.31,0.039,0.306,0.0,0.0,0,0.0,-0.0
2,475,9.5,arrive,0.03811,0.03613,-0.01213,0.04125,0.012,-7.88,81.78,0.3038,0.0628,1.596,0.0,0.0,0,0.0,-0.0
3,475,9.5,arrive,0.01633,0.01337,-0.00937,0.02517,0.012,-12.38,76.85,0.3083,0.0317,1.93,0.0,0.0,0,0.0,-0.0
0,476,9.52,arrive,0.03234,0.02962,-0.01298,0.03931,0.012,-8.71,80.47,0.3014,0.0842,1.623,9.211,0.0,0,0.5,2.08
1,476,9.52,arrive,0.00798,0.00448,-0.00661,0.01851,0.012,-14.2,75.41,0.31,0.0391,0.299,0.0,0.0,0,0.0,-0.0
2,476,9.52,arrive,0.03617,0.03441,-0.01115,0.03981,0.012,-8.74,81.01,0.3044,0.0622,1.638,0.0,0.0,0,0.0,-0.0
3,476,9.52,arrive,0.01654,0.01349,-0.00957,0.02535,0.012,-12.41,76.82,0.3082,0.0319,1.957,0.0,0.0,0,0.0,-0.0
0,477,9.54,arrive,0.03219,0.02932,-0.01329,0.03988,0.012,-9.03,80.23,0.3016,0.0845,1.624,10.476,0.0,0,0.5,3.94
1,477,9.54,arrive,0.00789,0.00417,-0.0067,0.01844,0.012,-14.2,75.42,0.3099,0.0391,0.287,0.0,0.0,0,0.0,-0.0
2,477,9.54,arrive,0.03214,0.03043,-0.01037,0.03667,0.012,-9.3,80.54,0.3049,0.0616,1.622,0.0,0.0,0,0.0,-0.0
3,477,9.54,arrive,0.01639,0.01318,-0.00974,0.02513,0.012,-12.38,76.85,0.3082,0.032,1.981,0.0,0.0,0,0.0,-0.0
0,478,9.56,arrive,0.03201,0.02895,-0.01367,0.04043,0.012,-9.39,80.04,0.3018,0.0846,1.614,10.175,0.0,0,0.5,6.07
1,478,9.56,arrive,0.0079,0.00422,-0.00668,0.01862,0.012,-14.22,75.4,0.3098,0.0392,0.278,0.0,0.0,0,0.0,-0.0
2,478,9.56,arrive,0.03085,0.02958,-0.00877,0.03561,0.012,-9.25,80.59,0.3055,0.0611,1.644,0.0,0.0,0,0.0,-0.0
3,478,9.56,arrive,0.01617,0.01271,-0.01,0.02498,0.012,-12.4,76.83,0.3082,0.0322,2.002,0.0,0.0,0,0.0,-0.0
0,479,9.58,arrive,0.03202,0.02882,-0.01396,0.04112,0.012,-9.67,79.86,0.3022,0.0845,1.599,10.036,0.0,0,0.5,7.92
1,479,9.58,arrive,0.00799,0.00448,-0.00662,0.01886,0.012,-14.24,75.38,0.3098,0.0393,0.27,0.0,0.0,0,0.0,-0.0
2,479,9.58,arrive,0.03073,0.0298,-0.00753,0.03543,0.012,-9.14,80.69,0.3061,0.0607,1.686,0.0,0.0,0,0.0,-0.0
3,479,9.58,arrive,0.01573,0.01212,-0.01002,0.02468,0.012,-12.41,76.84,0.3081,0.0324,2.023,0.0,0.0,0,0.0,-0.0
0,480,9.6,arrive,0.03239,0.02912,-0.01418,0.04208,0.012,-9.89,79.68,0.3025,0.0843,1.589,10.232,0.0,0,0.5,9.58
1,480,9.6,arrive,0.00803,0.00453,-0.00663,0.01885,0.012,-14.2,75.41,0.3097,0.0394,0.264,0.0,0.0,0,0.0,-0.0
2,480,9.6,arrive,0.03067,0.02995,-0.00659,0.03532,0.012,-9.15,80.68,0.3066,0.0604,1.722,0.0,0.0,0,0.0,-0.0
3,480,9.6,arrive,0.01535,0.01152,-0.01014,0.02451,0.012,-12.45,76.81,0.3081,0.0326,2.042,0.0,0.0,0,0.0,-0.0
0,481,9.62,arrive,0.03292,0.02959,-0.01443,0.04313,0.012,-10.08,79.49,0.303,0.084,1.588,10.431,0.0,0,0.5,11.0
1,481,9.62,arrive,0.00802,0.0044,-0.00671,0.01868,0.012,-14.16,75.45,0.3097,0.0395,0.258,0.0,0.0,0,0.0,-0.0
2,481,9.62,arrive,0.03117,0.0306,-0.00589,0.03559,0.012,-9.12,80.71,0.3071,0.0601,1.76,0.0,0.0,0,0.0,-0.0
3,481,9.62,arrive,0.0151,0.01092,-0.01042,0.02438,0.012,-12.4,76.86,0.308,0.0327,2.055,0.0,0.0,0,0.0,-0.0
0,482,9.64,arrive,0.03347,0.03006,-0.0147,0.04414,0.012,-10.27,79.28,0.3034,0.0835,1.597,10.565,0.0,0,0.5,12.18
1,482,9.64,arrive,0.00819,0.00459,-0.00679,0.01869,0.012,-14.14,75.47,0.3096,0.0396,0.257,0.0,0.0,0,0.0,-0.0
2,482,9.64,arrive,0.03198,0.03153,-0.00535,0.03603,0.012,-9.04,80.78,0.3076,0.0599,1.796,0.0,0.0,0,0.0,-0.0
3,482,9.64,arrive,0.01573,0.01107,-0.01118,0.02524,0.012,-12.49,76.75,0.308,0.0328,2.071,0.0,0.0,0,0.0,-0.0
0,483,9.66,arrive,0.03399,0.03051,-0.01497,0.0451,0.012,-10.46,79.06,0.3039,0.0828,1.617,10.566,0.0,0,0.5,13.19
1,483,9.66,arrive,0.0085,0.005,-0.00687,0.01893,0.012,-14.15,75.46,0.3096,0.0397,0.255,0.0,0.0,0,0.0,-0.0
2,483,9.66,arrive,0.03185,0.03147,-0.00488,0.03565,0.012,-8.97,80.85,0.308,0.0598,1.812,0.0,0.0,0,0.0,-0.0
3,483,9.66,arrive,0.01362,0.00937,-0.00988,0.02149,0.012,-11.35,77.8,0.3079,0.033,2.087,0.0,0.0,0,0.0,-0.0
0,484,9.68,arrive,0.03444,0.03091,-0.01519,0.04595,0.012,-10.67,78.81,0.3044,0.082,1.65,10.473,0.0,0,0.5,14.09
1,484,9.68,arrive,0.00857,0.005,-0.00697,0.01905,0.012,-14.16,75.45,0.3095,0.0398,0.247,0.0,0.0,0,0.0,-0.0
2,484,9.68,arrive,0.03188,0.03155,-0.00457,0.03561,0.012,-8.98,80.84,0.3084,0.0597,1.83,0.0,0.0,0,0.0,-0.0
3,484,9.68,arrive,0.01541,0.01193,-0.00975,0.02196,0.012,-11.05,78.08,0.3079,0.0332,2.143,0.0,0.0,0,0.0,-0.0
0,485,9.7,arrive,0.03448,0.03099,-0.01513,0.04607,0.012,-10.78,78.59,0.3048,0.0811,1.692,10.607,0.0,0,0.5,14.51
1,485,9.7,arrive,0.00862,0.00498,-0.00704,0.0191,0.012,-14.16,75.45,0.3095,0.0399,0.242,0.0,0.0,0,0.0,-0.0
2,485,9.7,arrive,0.03268,0.03241,-0.00416,0.03627,0.012,-8.97,80.85,0.3088,0.0598,1.86,0.0,0.0,0,0.0,-0.0
3,485,9.7,arrive,0.01717,0.01381,-0.0102,0.02461,0.012,-11.77,77.48,0.3079,0.0333,2.189,0.0,0.0,0,0.0,-0.0
0,486,9.72,arrive,0.03335,0.03022,-0.01411,0.04528,0.012,-10.97,78.3,0.3052,0.0802,1.74,10.487,0.0,0,0.5,14.15
1,486,9.72,arrive,0.00881,0.00515,-0.00715,0.01926,0.012,-14.16,75.44,0.3094,0.04,0.241,0.0,0.0,0,0.0,-0.0
2,486,9.72,arrive,0.0334,0.03317,-0.00392,0.03691,0.012,-8.98,80.83,0.3091,0.0598,1.886,0.0,0.0,0,0.0,-0.0
3,486,9.72,arrive,0.0152,0.01208,-0.00922,0.02239,0.012,-11.5,77.78,0.3079,0.0335,2.185,0.0,0.0,0,0.0,-0.0
0,487,9.74,arrive,0.03303,0.03013,-0.01354,0.04523,0.012,-11.17,77.86,0.3055,0.0793,1.836,10.607,0.0,0,0.5,14.35
1,487,9.74,arrive,0.00896,0.00525,-0.00727,0.01941,0.012,-14.17,75.43,0.3094,0.0402,0.238,0.0,0.0,0,0.0,-0.0
2,487,9.74,arrive,0.03415,0.03395,-0.00364,0.03758,0.012,-8.99,80.81,0.3094,0.06,1.91,0.0,0.0,0,0.0,-0.0
3,487,9.74,arrive,0.01492,0.01172,-0.00924,0.02216,0.012,-11.52,77.78,0.3079,0.0336,2.199,0.0,0.0,0,0.0,-0.0
0,488,9.76,arrive,0.03258,0.02987,-0.01302,0.04424,0.012,-11.05,77.79,0.3058,0.0784,1.97,4.089,0.0,0,0.47,13.43
1,488,9.76,arrive,0.00912,0.00536,-0.00738,0.01956,0.012,-14.18,75.42,0.3094,0.0403,0.235,0.0,0.0,0,0.0,-0.0
2,488,9.76,arrive,0.03532,0.03515,-0.00348,0.03873,0.012,-9.11,80.67,0.3096,0.0602,1.945,0.0,0.0,0,0.0,-0.0
3,488,9.76,arrive,0.016,0.01323,-0.00901,0.02353,0.012,-11.68,77.61,0.308,0.0337,2.236,0.0,0.0,0,0.0,-0.0
0,489,9.78,arrive,0.03109,0.02855,-0.01232,0.04241,0.012,-11.31,77.51,0.3058,0.0775,2.083,2.236,0.0,0,0.39,11.9
1,489,9.78,arrive,0.00928,0.00548,-0.00749,0.01972,0.012,-14.19,75.41,0.3093,0.0404,0.233,0.0,0.0,0,0.0,-0.0
2,489,9.78,arrive,0.03644,0.03627,-0.0035,0.04,0.012,-9.38,80.41,0.3098,0.0604,1.975,0.0,0.0,0,0.0,-0.0
3,489,9.78,arrive,0.01698,0.01416,-0.00936,0.02505,0.012,-11.94,77.33,0.308,0.0339,2.258,0.0,0.0,0,0.0,-0.0
0,490,9.8,arrive,0.0293,0.02666,-0.01217,0.04067,0.012,-11.81,77.21,0.3058,0.0766,2.115,2.592,0.0,0,0.36,10.76
1,490,9.8,arrive,0.00944,0.00558,-0.00761,0.01988,0.012,-14.2,75.4,0.3093,0.0405,0.231,0.0,0.0,0,0.0,-0.0
2,490,9.8,arrive,0.03635,0.03616,-0.00364,0.04038,0.012,-9.72,80.08,0.3099,0.0607,1.98,0.0,0.0,0,0.0,-0.0
3,490,9.8,arrive,0.01772,0.01455,-0.01013,0.0261,0.012,-12.16,77.11,0.308,0.034,2.275,0.0,0.0,0,0.0,-0.0
0,491,9.82,arrive,0.02644,0.02387,-0.01137,0.03811,0.012,-12.06,77.16,0.3056,0.0758,2.079,0.993,0.0,0,0.39,9.37
1,491,9.82,arrive,0.00959,0.00567,-0.00774,0.02002,0.012,-14.21,75.39,0.3092,0.0407,0.23,0.0,0.0,0,0.0,-0.0
2,491,9.82,arrive,0.03575,0.03559,-0.0034,0.04019,0.012,-9.84,79.98,0.31,0.061,1.968,0.0,0.0,0,0.0,-0.0
3,491,9.82,arrive,0.01813,0.01465,-0.01068,0.02665,0.012,-12.29,76.97,0.308,0.0341,2.295,0.0,0.0,0,0.0,-0.0
0,492,9.84,arrive,0.0243,0.02183,-0.01067,0.03604,0.012,-11.91,77.34,0.3054,0.0751,2.067,0.0,0.0,0,0.42,7.83
1,492,9.84,arrive,0.00971,0.00567,-0.00788,0.0201,0.012,-14.2,75.39,0.3092,0.0408,0.228,0.0,0.0,0,0.0,-0.0
2,492,9.84,arrive,0.03592,0.0358,-0.00299,0.04044,0.012,-9.81,80.0,0.3101,0.0614,1.967,0.0,0.0,0,0.0,-0.0
3,492,9.84,arrive,0.01785,0.0143,-0.01069,0.02643,0.012,-12.31,76.96,0.308,0.0342,2.314,0.0,0.0,0,0.0,-0.0
0,493,9.86,arrive,0.02459,0.02181,-0.01136,0.03575,0.012,-11.72,77.45,0.3052,0.0743,2.115,0.0,0.0,0,0.47,6.8
1,493,9.86,arrive,0.00983,0.00571,-0.00801,0.02022,0.012,-14.21,75.39,0.3092,0.0409,0.226,0.0,0.0,0,0.0,-0.0
2,493,9.86,arrive,0.03558,0.03546,-0.00292,0.04023,0.012,-9.82,80.0,0.3101,0.0618,1.955,0.0,0.0,0,0.0,-0.0
3,493,9.86,arrive,0.017,0.01351,-0.01033,0.02559,0.012,-12.23,77.04,0.308,0.0343,2.331,0.0,0.0,0,0.0,-0.0
0,494,9.88,arrive,0.02452,0.02138,-0.012,0.03559,0.012,-11.99,77.23,0.305,0.0736,2.134,3.398,0.0,0,0.5,6.09
1,494,9.88,arrive,0.00999,0.00582,-0.00811,0.02039,0.012,-14.22,75.37,0.3091,0.0411,0.225,0.0,0.0,0,0.0,-0.0
2,494,9.88,arrive,0.03537,0.03526,-0.00288,0.04018,0.012,-9.83,80.0,0.3101,0.0622,1.941,0.0,0.0,0,0.0,-0.0
3,494,9.88,arrive,0.01636,0.01295,-0.01,0.0249,0.012,-12.1,77.16,0.308,0.0345,2.35,0.0,0.0,0,0.0,-0.0
0,495,9.9,arrive,0.02379,0.02037,-0.01229,0.03481,0.012,-11.98,77.28,0.3047,0.0728,2.117,2.873,0.0,0,0.5,5.43
1,495,9.9,arrive,0.01011,0.00587,-0.00823,0.02051,0.012,-14.22,75.37,0.3091,0.0412,0.225,0.0,0.0,0,0.0,-0.0
2,495,9.9,arrive,0.03562,0.03551,-0.00274,0.04043,0.012,-9.77,80.05,0.3101,0.0627,1.934,0.0,0.0,0,0.0,-0.0
3,495,9.9,arrive,0.01631,0.01264,-0.01031,0.02509,0.012,-12.2,77.06,0.308,0.0346,2.368,0.0,0.0,0,0.0,-0.0
0,496,9.92,arrive,0.02284,0.01924,-0.01231,0.03345,0.012,-11.81,77.45,0.3044,0.072,2.111,0.149,0.0,0,0.5,4.28
1,496,9.92,arrive,0.01018,0.00579,-0.00837,0.02055,0.012,-14.22,75.37,0.3091,0.0413,0.224,0.0,0.0,0,0.0,-0.0
2,496,9.92,arrive,0.03544,0.03534,-0.00275,0.04037,0.012,-9.76,80.08,0.31,0.0632,1.917,0.0,0.0,0,0.0,-0.0
3,496,9.92,arrive,0.01637,0.0123,-0.0108,0.02533,0.012,-12.25,77.01,0.308,0.0347,2.38,0.0,0.0,0,0.0,-0.0
0,497,9.94,arrive,0.02117,0.01744,-0.01199,0.03132,0.012,-11.35,77.9,0.3041,0.0713,2.09,0.0,0.0,0,0.5,2.93
1,497,9.94,arrive,0.01029,0.00581,-0.00849,0.02065,0.012,-14.22,75.37,0.309,0.0415,0.224,0.0,0.0,0,0.0,-0.0
2,497,9.94,arrive,0.03543,0.03532,-0.00273,0.04048,0.012,-9.74,80.1,0.31,0.0637,1.901,0.0,0.0,0,0.0,-0.0
3,497,9.94,arrive,0.01682,0.0124,-0.01137,0.02576,0.012,-12.13,77.08,0.308,0.0348,2.394,0.0,0.0,0,0.0,-0.0
0,498,9.96,arrive,0.02021,0.01648,-0.0117,0.02927,0.012,-10.52,78.66,0.3038,0.0707,2.082,0.0,0.0,0,0.5,1.68
1,498,9.96,arrive,0.01043,0.00593,-0.00858,0.02082,0.012,-14.23,75.35,0.309,0.0416,0.225,0.0,0.0,0,0.0,-0.0
2,498,9.96,arrive,0.03536,0.03525,-0.00275,0.04055,0.012,-9.72,80.12,0.3099,0.0643,1.884,0.0,0.0,0,0.0,-0.0
3,498,9.96,arrive,0.01849,0.01378,-0.01234,0.0275,0.012,-12.28,76.88,0.308,0.0349,2.423,0.0,0.0,0,0.0,-0.0
0,499,9.98,arrive,0.02234,0.01865,-0.01231,0.02968,0.012,-10.17,78.94,0.3035,0.0701,2.124,0.0,0.0,0,0.5,0.55
1,499,9.98,arrive,0.01053,0.00596,-0.00868,0.02092,0.012,-14.23,75.35,0.309,0.0417,0.225,0.0,0.0,0,0.0,-0.0
2,499,9.98,arrive,0.03527,0.03516,-0.00282,0.0406,0.012,-9.7,80.14,0.3098,0.0649,1.867,0.0,0.0,0,0.0,-0.0
3,499,9.98,arrive,0.01604,0.0116,-0.01108,0.02405,0.012,-11.56,77.59,0.3079,0.035,2.433,0.0,0.0,0,0.0,-0.0
0,500,10.0,arrive,0.02505,0.0213,-0.01318,0.03136,0.012,-10.17,78.99,0.3032,0.0696,2.139,0.0,0.0,0,0.5,-0.0
1,500,10.0,arrive,0.01059,0.00587,-0.00881,0.02094,0.012,-14.22,75.36,0.3089,0.0419,0.225,0.0,0.0,0,0.0,-0.0
2,500,10.0,arrive,0.03513,0.03501,-0.00296,0.04059,0.012,-9.67,80.17,0.3097,0.0655,1.849,0.0,0.0,0,0.0,-0.0
3,500,10.0,arrive,0.01482,0.01101,-0.00992,0.01976,0.012,-10.21,78.86,0.3078,0.0351,2.442,0.0,0.0,0,0.0,-0.0
0,501,10.02,arrive,0.02558,0.02183,-0.01333,0.03187,0.012,-10.31,78.96,0.303,0.0691,2.101,0.0,0.0,0,0.5,-0.0
1,501,10.02,arrive,0.01067,0.00586,-0.00892,0.02099,0.012,-14.22,75.36,0.3089,0.042,0.225,0.0,0.0,0,0.0,-0.0
2,501,10.02,arrive,0.0352,0.03506,-0.00313,0.04074,0.012,-9.64,80.21,0.3096,0.0661,1.834,0.0,0.0,0,0.0,-0.0
3,501,10.02,arrive,0.01731,0.01465,-0.00922,0.02147,0.012,-10.1,78.9,0.3079,0.0353,2.507,0.0,0.0,0,0.0,-0.0
0,502,10.04,arrive,0.02677,0.02322,-0.01332,0.03271,0.012,-10.23,79.06,0.3028,0.0687,2.076,0.0,0.0,0,0.5,-0.0
1,502,10.04,arrive,0.01081,0.00598,-0.009,0.02114,0.012,-14.23,75.36,0.3089,0.0421,0.227,0.0,0.0,0,0.0,-0.0
2,502,10.04,arrive,0.03529,0.03513,-0.00342,0.04094,0.012,-9.64,80.2,0.3095,0.0667,1.821,0.0,0.0,0,0.0,-0.0
3,502,10.04,arrive,0.01836,0.01576,-0.00942,0.02483,0.012,-11.19,77.9,0.308,0.0354,2.544,0.0,0.0,0,0.0,-0.0
0,503,10.06,arrive,0.02746,0.02408,-0.01319,0.03296,0.012,-10.08,79.23,0.3026,0.0684,2.05,0.0,0.0,0,0.5,-0.0
1,503,10.06,arrive,0.01093,0.00608,-0.00908,0.02128,0.012,-14.23,75.35,0.3088,0.0422,0.227,0.0,0.0,0,0.0,-0.0
2,503,10.06,arrive,0.03551,0.03532,-0.00372,0.04132,0.012,-9.65,80.19,0.3093,0.0673,1.811,0.0,0.0,0,-0.0,-0.0
3,503,10.06,arrive,0.0169,0.01514,-0.0075,0.02323,0.012,-11.0,78.13,0.3081,0.0355,2.542,0.0,0.0,0,0.0,-0.0
0,504,10.08,arrive,0.0278,0.02463,-0.0129,0.0328,0.012,-9.88,79.44,0.3024,0.0681,2.02,0.0,0.0,0,0.5,-0.0
1,504,10.08,arrive,0.01102,0.0061,-0.00918,0.02135,0.012,-14.23,75.36,0.3088,0.0424,0.229,0.0,0.0,0,0.0,-0.0
2,504,10.08,arrive,0.036,0.03578,-0.004,0.04177,0.012,-9.61,80.22,0.3092,0.0679,1.806,1.402,0.0,0,0.01,0.0
3,504,10.08,arrive,0.01597,0.01472,-0.00618,0.02004,0.012,-10.11,79.0,0.3082,0.0356,2.542,0.0,0.0,0,0.0,-0.0
0,505,10.1,arrive,0.02839,0.02539,-0.0127,0.03283,0.012,-9.68,79.64,0.3023,0.0679,1.996,0.0,0.0,0,0.5,-0.0
1,505,10.1,arrive,0.01111,0.00611,-0.00928,0.02139,0.012,-14.22,75.36,0.3088,0.0425,0.23,0.0,0.0,0,0.0,-0.0
2,505,10.1,arrive,0.03619,0.0359,-0.00462,0.04184,0.012,-9.67,80.15,0.309,0.0685,1.808,0.418,0.0,0,0.11,-0.0
3,505,10.1,arrive,0.0185,0.01768,-0.00544,0.01938,0.012,-9.4,79.69,0.3083,0.0358,2.577,0.0,0.0,0,0.0,-0.0
0,506,10.12,arrive,0.0294,0.02653,-0.01268,0.0333,0.012,-9.5,79.82,0.3022,0.0677,1.976,0.0,0.0,0,0.5,-0.0
1,506,10.12,arrive,0.01123,0.0062,-0.00937,0.02149,0.012,-14.22,75.37,0.3087,0.0426,0.232,0.0,0.0,0,0.0,-0.0
2,506,10.12,arrive,0.03625,0.03585,-0.00538,0.04209,0.012,-9.85,79.98,0.3088,0.0691,1.808,2.562,0.0,0,0.25,0.14
3,506,10.12,arrive,0.02092,0.02042,-0.00455,0.02073,0.012,-9.23,79.89,0.3084,0.0359,2.611,0.0,0.0,0,0.0,-0.0
0,507,10.14,arrive,0.0296,0.02684,-0.01248,0.03322,0.012,-9.41,79.93,0.3021,0.0676,1.938,0.0,0.0,0,0.5,-0.0
1,507,10.14,arrive,0.01134,0.00632,-0.00942,0.02163,0.012,-14.22,75.36,0.3087,0.0427,0.233,0.0,0.0,0,0.0,-0.0
2,507,10.14,arrive,0.03609,0.03553,-0.00634,0.04223,0.012,-10.12,79.73,0.3087,0.0696,1.801,3.343,0.0,0,0.42,0.51
3,507,10.14,arrive,0.02216,0.02197,-0.00286,0.02234,0.012,-9.32,79.83,0.3087,0.0362,2.627,0.0,0.0,0,0.0,-0.0
0,508,10.16,arrive,0.03043,0.02789,-0.01217,0.03385,0.012,-9.32,80.01,0.3021,0.0675,1.91,0.0,0.0,0,0.5,-0.0
1,508,10.16,arrive,0.0114,0.00637,-0.00946,0.02172,0.012,-14.23,75.36,0.3086,0.0428,0.233,0.0,0.0,0,0.0,-0.0
2,508,10.16,arrive,0.03578,0.03507,-0.00711,0.04227,0.012,-10.36,79.51,0.3085,0.0702,1.779,6.8,0.0,0,0.5,1.27
3,508,10.16,arrive,0.02413,0.0241,-0.00126,0.02436,0.012,-9.26,79.89,0.309,0.0364,2.641,0.0,0.0,0,0.0,-0.0
0,509,10.18,grip,0.03137,0.02901,-0.01193,0.03489,0.012,-9.37,79.95,0.3022,0.0675,1.888,0.0,0.0,0,0.5,-0.0
1,509,10.18,grip,0.01141,0.00633,-0.0095,0.02175,0.012,-14.22,75.36,0.3086,0.043,0.233,0.0,0.0,0,0.0,-0.0
2,509,10.18,grip,0.03498,0.03417,-0.00752,0.04204,0.012,-10.64,79.26,0.3085,0.0706,1.738,7.062,0.0,0,0.5,2.07
3,509,10.18,grip,0.026,0.026,-0.00038,0.0255,0.012,-9.05,80.12,0.3093,0.0366,2.643,0.0,0.0,0,0.0,-0.0
0,510,10.2,grip,0.03208,0.02984,-0.01179,0.03585,0.01151,-9.46,79.85,0.3023,0.0676,1.865,0.0,0.0,0,0.5,-0.0
1,510,10.2,grip,0.01142,0.00631,-0.00952,0.02177,0.01151,-14.22,75.37,0.3086,0.0431,0.234,0.0,0.0,0,0.0,-0.0
2,510,10.2,grip,0.034,0.03307,-0.0079,0.04171,0.01151,-10.93,78.99,0.3085,0.0709,1.683,7.176,0.0,0,0.5,2.89
3,510,10.2,grip,0.02814,0.02814,0.00019,0.02679,0.01151,-8.88,80.29,0.3095,0.0368,2.656,0.0,0.0,0,0.0,-0.0
0,511,10.22,grip,0.03297,0.03081,-0.01172,0.03674,0.01102,-9.53,79.75,0.3024,0.0677,1.849,0.0,0.0,0,0.5,-0.0
1,511,10.22,grip,0.01141,0.00631,-0.00951,0.02158,0.01102,-14.21,75.38,0.3085,0.0432,0.235,0.0,0.0,0,0.0,-0.0
2,511,10.22,grip,0.033,0.03197,-0.00816,0.04123,0.01102,-11.15,78.79,0.3086,0.071,1.626,6.889,0.0,0,0.5,3.55
3,511,10.22,grip,0.03017,0.03015,0.00107,0.02849,0.01102,-8.85,80.33,0.3098,0.0371,2.679,0.656,0.0,0,-0.0,-0.0
0,512,10.24,grip,0.03386,0.03171,-0.01186,0.0376,0.01053,-9.61,79.64,0.3026,0.0678,1.835,0.0,0.0,0,0.5,-0.0
1,512,10.24,grip,0.01137,0.00628,-0.00948,0.02132,0.01053,-14.19,75.4,0.3085,0.0433,0.237,0.0,0.0,0,0.0,-0.0
2,512,10.24,grip,0.03203,0.03089,-0.00846,0.04057,0.01053,-11.24,78.7,0.3087,0.071,1.571,6.754,0.0,0,0.5,4.13
3,512,10.24,grip,0.02667,0.02657,0.00223,0.02588,0.01053,-9.82,79.52,0.3102,0.0374,2.667,0.0,0.0,0,0.0,-0.0
0,513,10.26,grip,0.03417,0.03199,-0.01202,0.03789,0.01004,-9.7,79.53,0.3028,0.068,1.818,0.0,0.0,0,0.5,-0.0
1,513,10.26,grip,0.01128,0.00619,-0.00943,0.02096,0.01004,-14.15,75.43,0.3085,0.0434,0.239,0.0,0.0,0,0.0,-0.0
2,513,10.26,grip,0.03136,0.03013,-0.00867,0.04009,0.01004,-11.2,78.74,0.3088,0.0709,1.538,5.372,0.0,0,0.5,4.48
3,513,10.26,grip,0.02345,0.02316,0.00368,0.02264,0.01004,-10.04,79.37,0.3105,0.0377,2.631,0.0,0.0,0,0.0,-0.0
0,514,10.28,grip,0.03406,0.03185,-0.01207,0.03776,0.00955,-9.77,79.44,0.303,0.0682,1.799,0.0,0.0,0,0.5,-0.0
1,514,10.28,grip,0.01118,0.0061,-0.00937,0.02054,0.00955,-14.11,75.48,0.3084,0.0435,0.241,0.0,0.0,0,0.0,-0.0
2,514,10.28,grip,0.03251,0.03119,-0.00919,0.04103,0.00955,-11.1,78.8,0.309,0.0706,1.552,4.871,0.0,0,0.5,4.93
3,514,10.28,grip,0.02103,0.02078,0.00323,0.0216,0.00955,-10.57,78.81,0.3109,0.038,2.628,0.0,0.0,0,0.0,-0.0
0,515,10.3,grip,0.03355,0.03137,-0.0119,0.03734,0.00906,-9.86,79.34,0.3032,0.0685,1.782,0.0,0.0,0,0.5,-0.0
1,515,10.3,grip,0.01107,0.00603,-0.00928,0.0201,0.00906,-14.07,75.52,0.3084,0.0436,0.244,0.0,0.0,0,0.0,-0.0
2,515,10.3,grip,0.03375,0.03236,-0.00958,0.04179,0.00906,-11.09,78.77,0.3091,0.0703,1.587,2.776,0.0,0,0.5,5.13
3,515,10.3,grip,0.0193,0.01921,0.00193,0.02247,0.00906,-11.69,77.69,0.3112,0.0383,2.642,0.0,0.0,0,0.0,-0.0
0,516,10.32,grip,0.03323,0.03116,-0.01153,0.0371,0.00857,-9.93,79.25,0.3034,0.0689,1.773,0.0,0.0,0,0.5,-0.0
1,516,10.32,grip,0.01092,0.00594,-0.00917,0.01962,0.00857,-14.02,75.57,0.3083,0.0437,0.246,0.0,0.0,0,0.0,-0.0
2,516,10.32,grip,0.0334,0.03188,-0.00997,0.04161,0.00857,-11.4,78.45,0.3092,0.0699,1.591,6.718,0.0,0,0.5,5.39
3,516,10.32,grip,0.01824,0.01797,0.00318,0.02092,0.00857,-11.47,77.89,0.3114,0.0386,2.62,0.0,0.0,0,0.0,-0.0
0,517,10.34,grip,0.03315,0.03116,-0.01132,0.03698,0.00808,-9.95,79.2,0.3036,0.0692,1.771,0.0,0.0,0,0.5,-0.0
1,517,10.34,grip,0.01072,0.00579,-0.00902,0.01909,0.00808,-13.96,75.63,0.3083,0.0438,0.248,0.0,0.0,0,0.0,-0.0
2,517,10.34,grip,0.03189,0.0303,-0.00993,0.04013,0.00808,-11.45,78.43,0.3092,0.0695,1.555,3.81,0.0,0,0.5,5.33
3,517,10.34,grip,0.01785,0.01738,0.00408,0.01823,0.00808,-10.61,78.68,0.3116,0.039,2.601,0.0,0.0,0,0.0,-0.0
0,518,10.36,grip,0.03235,0.03036,-0.01117,0.03605,0.00759,-9.93,79.21,0.3037,0.0696,1.761,0.0,0.0,0,0.5,-0.0
1,518,10.36,grip,0.01045,0.00557,-0.00884,0.01849,0.00759,-13.91,75.69,0.3083,0.0439,0.249,0.0,0.0,0,0.0,-0.0
2,518,10.36,grip,0.02981,0.02813,-0.00986,0.03814,0.00759,-11.46,78.46,0.3092,0.069,1.499,4.097,0.0,0,0.5,4.93
3,518,10.36,grip,0.01719,0.01689,0.00321,0.01724,0.00759,-10.65,78.61,0.3118,0.0393,2.608,0.0,0.0,0,0.0,-0.0
0,519,10.38,grip,0.03147,0.02948,-0.01102,0.03496,0.0071,-9.85,79.28,0.3039,0.0701,1.757,0.0,0.0,0,0.5,-0.0
1,519,10.38,grip,0.01018,0.00544,-0.00861,0.0179,0.0071,-13.85,75.75,0.3082,0.044,0.251,0.0,0.0,0,0.0,-0.0
2,519,10.38,grip,0.02836,0.02678,-0.00934,0.03648,0.0071,-11.27,78.65,0.3092,0.0685,1.463,2.028,0.0,0,0.49,4.19
3,519,10.38,grip,0.01678,0.01667,0.00188,0.01959,0.0071,-11.83,77.47,0.312,0.0396,2.636,0.0,0.0,0,0.0,-0.0
0,520,10.4,grip,0.0307,0.02873,-0.01082,0.034,0.00661,-9.77,79.35,0.304,0.0706,1.758,0.0,0.0,0,0.5,-0.0
1,520,10.4,grip,0.00992,0.00532,-0.00837,0.01727,0.00661,-13.79,75.81,0.3082,0.0441,0.255,0.0,0.0,0,0.0,-0.0
2,520,10.4,grip,0.02754,0.02612,-0.00876,0.03527,0.00661,-11.05,78.87,0.3092,0.068,1.446,2.419,0.0,0,0.45,3.44
3,520,10.4,grip,0.01721,0.01695,0.00297,0.02033,0.00661,-11.99,77.32,0.3123,0.04,2.629,0.0,0.0,0,0.0,-0.0
0,521,10.42,grip,0.03033,0.02847,-0.01047,0.03359,0.00612,-9.72,79.39,0.3041,0.0712,1.764,1.233,0.0,0,0.5,0.02
1,521,10.42,grip,0.00962,0.00515,-0.00813,0.01659,0.00612,-13.72,75.88,0.3082,0.0442,0.259,0.0,0.0,0,0.0,-0.0
2,521,10.42,grip,0.02711,0.02573,-0.00853,0.03435,0.00612,-10.92,79.0,0.3091,0.0674,1.44,1.66,0.0,0,0.46,2.68
3,521,10.42,grip,0.01642,0.01589,0.00415,0.01819,0.00612,-11.33,77.95,0.3124,0.0404,2.598,0.0,0.0,0,0.0,-0.0
0,522,10.44,grip,0.02893,0.0271,-0.01013,0.03215,0.00563,-9.68,79.48,0.3041,0.0718,1.749,1.022,0.0,0,0.5,0.01
1,522,10.44,grip,0.00954,0.00513,-0.00804,0.01621,0.00563,-13.71,75.9,0.3081,0.0443,0.262,0.067,0.0,0,-0.0,-0.0
2,522,10.44,grip,0.02685,0.02552,-0.00835,0.03356,0.00563,-10.79,79.12,0.309,0.0669,1.437,1.899,0.0,0,0.5,1.97
3,522,10.44,grip,0.01632,0.01571,0.00442,0.01607,0.00563,-10.81,78.45,0.3125,0.0408,2.599,0.0,0.0,0,0.0,-0.0
0,523,10.46,grip,0.02834,0.02652,-0.01,0.03139,0.00514,-9.58,79.58,0.3042,0.0724,1.745,0.933,0.0,0,0.5,0.0
1,523,10.46,grip,0.00959,0.00512,-0.00811,0.01594,0.00514,-13.71,75.91,0.3081,0.0443,0.268,1.251,0.0,0,0.01,0.06
2,523,10.46,grip,0.02668,0.02539,-0.00817,0.0329,0.00514,-10.65,79.25,0.3089,0.0664,1.433,2.557,0.0,0,0.5,1.39
3,523,10.46,grip,0.01586,0.01567,0.00245,0.01672,0.00514,-11.72,77.64,0.3127,0.0411,2.636,0.0,0.0,0,0.0,-0.0
0,524,10.48,grip,0.02808,0.02611,-0.01033,0.03113,0.00465,-9.55,79.61,0.3042,0.073,1.743,2.629,0.0,0,0.5,0.32
1,524,10.48,grip,0.00993,0.00523,-0.00844,0.01591,0.00465,-13.73,75.88,0.3081,0.0444,0.278,1.279,0.0,0,0.07,0.19
2,524,10.48,grip,0.02661,0.02539,-0.00795,0.03235,0.00465,-10.51,79.41,0.3087,0.0658,1.429,2.984,0.0,0,0.5,0.98
3,524,10.48,grip,0.01551,0.01532,0.00239,0.01695,0.00465,-12.12,77.29,0.3128,0.0415,2.628,0.0,0.0,0,0.0,-0.0
0,525,10.5,grip,0.02852,0.0263,-0.01102,0.03158,0.00416,-9.57,79.6,0.3043,0.0736,1.744,4.787,0.0,0,0.5,0.92
1,525,10.5,grip,0.01055,0.00572,-0.00887,0.01624,0.00416,-13.8,75.81,0.3081,0.0444,0.286,1.098,0.0,0,0.17,0.54
2,525,10.5,grip,0.02672,0.02558,-0.00772,0.03202,0.00416,-10.38,79.55,0.3086,0.0653,1.424,3.504,0.0,0,0.5,0.84
3,525,10.5,grip,0.01419,0.01395,0.0026,0.01616,0.00416,-12.3,77.13,0.313,0.0419,2.6,0.0,0.0,0,0.0,-0.0
0,526,10.52,grip,0.02889,0.02654,-0.01143,0.03196,0.00367,-9.57,79.59,0.3044,0.0742,1.75,7.563,0.0,0,0.5,1.78
1,526,10.52,grip,0.01145,0.00666,-0.00932,0.0168,0.00367,-13.87,75.74,0.3081,0.0444,0.296,0.968,0.0,0,0.32,0.93
2,526,10.52,grip,0.02699,0.02596,-0.00738,0.03186,0.00367,-10.31,79.63,0.3085,0.0648,1.431,3.694,0.0,0,0.49,0.78
3,526,10.52,grip,0.01332,0.01319,0.0019,0.01653,0.00367,-12.76,76.67,0.3131,0.0423,2.584,0.0,0.0,0,0.0,-0.0
0,527,10.54,grip,0.02834,0.02591,-0.0115,0.03152,0.00318,-9.64,79.53,0.3045,0.0748,1.745,7.891,0.0,0,0.5,2.72
1,527,10.54,grip,0.01207,0.00719,-0.00969,0.01705,0.00318,-13.89,75.71,0.3082,0.0444,0.299,0.62,0.0,0,0.48,1.07
2,527,10.54,grip,0.02736,0.02642,-0.00712,0.03185,0.00318,-10.33,79.62,0.3085,0.0643,1.449,4.069,0.0,0,0.48,0.83
3,527,10.54,grip,0.01399,0.01395,0.00115,0.01792,0.00318,-13.12,76.29,0.3132,0.0427,2.585,0.226,0.0,0,0.08,0.52
0,528,10.56,grip,0.02814,0.02558,-0.01172,0.03165,0.00269,-9.92,79.33,0.3047,0.0752,1.752,9.985,0.0,0,0.5,4.46
1,528,10.56,grip,0.01229,0.00735,-0.00985,0.01691,0.00269,-13.87,75.73,0.3083,0.0444,0.293,0.825,0.0,0,0.5,1.13
2,528,10.56,grip,0.02776,0.02686,-0.007,0.03194,0.00269,-10.4,79.53,0.3084,0.0639,1.466,4.737,0.0,0,0.47,1.06
3,528,10.56,grip,0.01329,0.01329,-3e-05,0.01762,0.00269,-13.51,75.93,0.3133,0.0429,2.581,0.676,0.0,0,0.46,1.14
0,529,10.58,grip,0.02773,0.02495,-0.01211,0.03161,0.0022,-10.26,79.13,0.305,0.0754,1.759,9.145,0.0,0,0.5,6.28
1,529,10.58,grip,0.01236,0.00751,-0.00982,0.0166,0.0022,-13.83,75.78,0.3083,0.0444,0.289,0.752,0.0,0,0.5,1.14
2,529,10.58,grip,0.02816,0.02726,-0.00705,0.03208,0.0022,-10.52,79.41,0.3085,0.0634,1.478,5.234,0.0,0,0.5,1.32
3,529,10.58,grip,0.01193,0.0119,-0.00088,0.01621,0.0022,-13.45,76.01,0.3133,0.0431,2.566,1.72,0.0,0,0.5,0.96
0,530,10.6,grip,0.02701,0.02402,-0.01237,0.03118,0.00171,-10.53,78.99,0.3053,0.0755,1.742,8.76,0.0,0,0.5,7.82
1,530,10.6,grip,0.01227,0.00751,-0.0097,0.01614,0.00171,-13.78,75.83,0.3084,0.0444,0.284,0.732,0.0,0,0.5,1.12
2,530,10.6,grip,0.02825,0.02737,-0.00702,0.03198,0.00171,-10.69,79.23,0.3085,0.063,1.483,6.428,0.0,0,0.5,1.67
3,530,10.6,grip,0.01107,0.01105,-0.0007,0.01465,0.00171,-13.14,76.3,0.3133,0.0433,2.552,1.03,0.0,0,0.5,0.23
0,531,10.62,grip,0.02661,0.02345,-0.01258,0.03094,0.00122,-10.7,78.91,0.3056,0.0755,1.719,8.914,0.0,0,0.5,9.13
1,531,10.62,grip,0.01219,0.00755,-0.00957,0.0157,0.00122,-13.73,75.88,0.3085,0.0443,0.281,0.724,0.0,0,0.5,1.12
2,531,10.62,grip,0.02776,0.02687,-0.00697,0.03132,0.00122,-10.88,79.06,0.3086,0.0625,1.475,4.901,0.0,0,0.5,2.08
3,531,10.62,grip,0.01119,0.01119,0.00025,0.01359,0.00122,-12.64,76.76,0.3132,0.0435,2.543,0.0,0.0,0,0.5,-0.0
0,532,10.64,grip,0.02642,0.02323,-0.0126,0.03077,0.00073,-10.73,78.9,0.3059,0.0754,1.706,8.844,0.0,0,0.5,10.1
1,532,10.64,grip,0.01205,0.0075,-0.00943,0.01521,0.00073,-13.69,75.93,0.3086,0.0443,0.276,0.686,0.0,0,0.5,1.12
2,532,10.64,grip,0.02719,0.02628,-0.00697,0.03066,0.00073,-11.09,78.87,0.3087,0.062,1.449,5.784,0.0,0,0.5,2.63
3,532,10.64,grip,0.01219,0.01214,0.00117,0.01334,0.00073,-12.17,77.21,0.3132,0.0438,2.533,0.0,0.0,0,0.49,-0.0
0,533,10.66,grip,0.02622,0.02298,-0.01262,0.03054,0.00024,-10.75,78.85,0.3062,0.0751,1.699,8.84,0.0,0,0.5,10.82
1,533,10.66,grip,0.01194,0.00748,-0.0093,0.01477,0.00024,-13.65,75.96,0.3087,0.0442,0.27,0.651,0.0,0,0.5,1.16
2,533,10.66,grip,0.02664,0.02572,-0.00693,0.03005,0.00024,-11.25,78.72,0.3088,0.0615,1.413,6.242,0.0,0,0.5,3.23
3,533,10.66,grip,0.01433,0.01425,0.00145,0.01455,0.00024,-11.78,77.57,0.3132,0.044,2.524,0.0,0.0,0,0.49,-0.0
0,534,10.68,grip,0.02604,0.0228,-0.01257,0.03026,-0.00025,-10.73,78.84,0.3065,0.0747,1.702,8.876,0.0,0,0.5,11.26
1,534,10.68,grip,0.01184,0.00748,-0.00918,0.01436,-0.00025,-13.62,75.99,0.3088,0.0441,0.262,0.599,0.0,0,0.5,1.25
2,534,10.68,grip,0.02614,0.02524,-0.0068,0.02947,-0.00025,-11.32,78.66,0.309,0.0609,1.372,6.116,0.0,0,0.5,3.8
3,534,10.68,grip,0.01674,0.01665,0.00175,0.01651,-0.00025,-11.55,77.83,0.3131,0.0442,2.516,3.744,0.0,0,0.47,-0.0
0,535,10.7,grip,0.02559,0.0225,-0.01219,0.0297,-0.00074,-10.68,78.85,0.3068,0.0743,1.722,9.302,0.0,0,0.5,11.39
1,535,10.7,grip,0.01176,0.00751,-0.00905,0.01398,-0.00074,-13.6,76.01,0.3089,0.044,0.252,0.549,0.0,0,0.5,1.41
2,535,10.7,grip,0.02572,0.02485,-0.00664,0.02891,-0.00074,-11.36,78.63,0.3092,0.0603,1.333,5.758,0.0,0,0.5,4.35
3,535,10.7,grip,0.01747,0.01738,0.00176,0.01748,-0.00074,-11.79,77.6,0.3131,0.0444,2.497,0.0,0.0,0,0.38,-0.0
0,536,10.72,grip,0.02517,0.02203,-0.01217,0.02922,-0.00123,-10.71,78.76,0.307,0.0738,1.77,8.849,0.0,0,0.5,11.93
1,536,10.72,grip,0.01165,0.0075,-0.00892,0.01356,-0.00123,-13.57,76.05,0.309,0.0439,0.24,0.327,0.0,0,0.5,1.56
2,536,10.72,grip,0.02539,0.02455,-0.00645,0.0284,-0.00123,-11.37,78.62,0.3094,0.0598,1.301,5.42,0.0,0,0.5,4.71
3,536,10.72,grip,0.01691,0.01688,0.00107,0.01754,-0.00123,-12.59,76.91,0.3132,0.0446,2.469,3.433,0.0,0,0.32,0.3
0,537,10.74,grip,0.02499,0.02187,-0.01209,0.02895,-0.00172,-10.85,78.53,0.3073,0.0732,1.853,9.34,0.0,0,0.5,12.59
1,537,10.74,grip,0.0116,0.00762,-0.00875,0.01319,-0.00172,-13.53,76.09,0.3092,0.0438,0.226,0.0,0.0,0,0.5,1.71
2,537,10.74,grip,0.02517,0.02438,-0.00629,0.02798,-0.00172,-11.39,78.59,0.3097,0.0592,1.28,5.626,0.0,0,0.5,5.01
3,537,10.74,grip,0.01617,0.01613,0.00117,0.01654,-0.00172,-12.51,77.01,0.3131,0.0448,2.423,0.0,0.0,0,0.32,0.32
0,538,10.76,grip,0.02433,0.02123,-0.0119,0.0283,-0.00221,-11.2,78.07,0.3074,0.0726,1.947,10.042,0.0,0,0.5,13.05
1,538,10.76,grip,0.01155,0.00778,-0.00854,0.01284,-0.00221,-13.49,76.13,0.3093,0.0436,0.212,0.0,0.0,0,0.5,1.83
2,538,10.76,grip,0.0251,0.02434,-0.00614,0.02771,-0.00221,-11.47,78.52,0.3099,0.0586,1.268,6.735,0.0,0,0.5,5.37
3,538,10.76,grip,0.01538,0.01537,0.00047,0.01586,-0.00221,-12.83,76.74,0.3131,0.045,2.386,0.895,0.0,0,0.46,0.74
0,539,10.78,grip,0.02296,0.01975,-0.01171,0.02655,-0.0027,-11.48,77.81,0.3075,0.072,2.025,4.863,0.0,0,0.5,12.48
1,539,10.78,grip,0.01139,0.00778,-0.00832,0.01242,-0.0027,-13.45,76.17,0.3094,0.0435,0.195,0.0,0.0,0,0.5,1.97
2,539,10.78,grip,0.025,0.02426,-0.00603,0.02743,-0.0027,-11.58,78.4,0.3101,0.058,1.258,6.529,0.0,0,0.5,5.87
3,539,10.78,grip,0.01536,0.01535,0.00027,0.01593,-0.0027,-13.0,76.54,0.3131,0.045,2.362,0.163,0.0,0,0.5,1.69
0,540,10.8,grip,0.02111,0.01751,-0.01179,0.02436,-0.00319,-11.7,77.67,0.3074,0.0713,2.056,2.825,0.0,0,0.5,11.41
1,540,10.8,grip,0.01114,0.00763,-0.00812,0.01196,-0.00319,-13.43,76.19,0.3095,0.0433,0.178,0.0,0.0,0,0.5,2.15
2,540,10.8,grip,0.02494,0.0242,-0.00604,0.02729,-0.00319,-11.72,78.26,0.3103,0.0573,1.245,7.605,0.0,0,0.5,6.54
3,540,10.8,grip,0.01486,0.01485,0.00036,0.0155,-0.00319,-13.15,76.4,0.3132,0.0451,2.322,0.778,0.0,0,0.5,2.6
0,541,10.82,grip,0.01922,0.01516,-0.01182,0.02222,-0.00368,-11.84,77.62,0.3073,0.0707,2.04,2.652,0.0,0,0.5,10.72
1,541,10.82,grip,0.01091,0.00745,-0.00797,0.01156,-0.00368,-13.43,76.2,0.3096,0.0432,0.161,0.0,0.0,0,0.5,2.46
2,541,10.82,grip,0.02494,0.02417,-0.00612,0.0273,-0.00368,-11.89,78.1,0.3106,0.0565,1.231,7.904,0.0,0,0.5,7.38
3,541,10.82,grip,0.01388,0.01387,0.00039,0.01445,-0.00368,-13.04,76.52,0.3132,0.045,2.261,1.961,0.0,0,0.5,2.91
0,542,10.84,grip,0.01805,0.01377,-0.01167,0.02069,-0.00417,-11.82,77.68,0.3071,0.07,2.018,3.597,0.0,0,0.5,10.26
1,542,10.84,grip,0.01077,0.00746,-0.00778,0.01129,-0.00417,-13.43,76.21,0.3098,0.043,0.146,0.0,0.0,0,0.49,2.77
2,542,10.84,grip,0.02489,0.02413,-0.00612,0.02727,-0.00417,-12.04,77.95,0.3109,0.0557,1.22,8.171,0.0,0,0.5,8.37
3,542,10.84,grip,0.01365,0.01364,0.00062,0.01408,-0.00417,-12.76,76.73,0.3133,0.045,2.206,2.023,0.0,0,0.46,2.35
0,543,10.86,grip,0.01758,0.01326,-0.01154,0.01989,-0.00466,-11.75,77.7,0.307,0.0694,2.02,6.922,0.0,0,0.5,9.96
1,543,10.86,grip,0.01101,0.00783,-0.00775,0.01141,-0.00466,-13.39,76.22,0.3099,0.0428,0.126,1.269,0.0,0,0.49,2.38
2,543,10.86,grip,0.02483,0.02409,-0.00603,0.02723,-0.00466,-12.15,77.83,0.3112,0.0549,1.213,9.075,0.0,0,0.5,9.49
3,543,10.86,grip,0.01399,0.01397,0.00074,0.0143,-0.00466,-12.52,76.87,0.3134,0.0449,2.183,1.678,0.0,0,0.42,1.88
0,544,10.88,grip,0.01751,0.01314,-0.01157,0.01966,-0.00515,-11.81,77.6,0.3068,0.0687,2.046,9.135,0.0,0,0.5,9.64
1,544,10.88,grip,0.0113,0.00815,-0.00784,0.01163,-0.00515,-13.42,76.18,0.31,0.0426,0.098,2.59,0.0,0,0.48,2.25
2,544,10.88,grip,0.0248,0.02407,-0.00597,0.02719,-0.00515,-12.2,77.78,0.3115,0.054,1.208,9.065,0.0,0,0.5,10.55
3,544,10.88,grip,0.01389,0.01388,0.00055,0.01414,-0.00515,-12.65,76.95,0.3135,0.0449,2.195,4.577,0.0,0,0.45,1.61
0,545,10.9,grip,0.01743,0.01301,-0.01161,0.01944,-0.00564,-11.88,77.52,0.3066,0.068,2.072,9.779,0.0,0,0.5,9.28
1,545,10.9,grip,0.01148,0.00834,-0.00789,0.01177,-0.00564,-13.47,76.14,0.3102,0.0423,0.069,3.163,0.0,0,0.48,2.23
2,545,10.9,grip,0.02507,0.02434,-0.00601,0.02768,-0.00564,-12.4,77.57,0.3118,0.0531,1.188,14.018,0.0,0,0.5,11.76
3,545,10.9,grip,0.01399,0.01399,-6e-05,0.01434,-0.00564,-12.86,76.36,0.3137,0.0448,2.21,5.466,0.0,0,0.5,2.21
0,546,10.92,grip,0.01738,0.0129,-0.01165,0.01925,-0.00613,-11.93,77.47,0.3064,0.0673,2.083,10.452,0.0,0,0.5,8.95
1,546,10.92,grip,0.01161,0.00846,-0.00795,0.01186,-0.00613,-13.52,76.12,0.3104,0.042,0.045,3.649,0.0,0,0.48,2.16
2,546,10.92,grip,0.02541,0.02467,-0.00609,0.02835,-0.00613,-12.57,77.23,0.3122,0.0521,1.164,10.23,0.0,0,0.5,12.8
3,546,10.92,grip,0.0141,0.01409,-0.00015,0.01439,-0.00613,-12.97,76.51,0.3138,0.0446,2.217,7.021,0.0,0,0.5,2.02
0,547,10.94,grip,0.01735,0.01282,-0.01168,0.01909,-0.00662,-11.98,77.43,0.3063,0.0666,2.082,11.265,0.0,0,0.5,8.67
1,547,10.94,grip,0.01182,0.00861,-0.00809,0.01204,-0.00662,-13.59,76.07,0.3106,0.0417,0.031,4.754,0.0,0,0.49,2.18
2,547,10.94,grip,0.02566,0.02492,-0.00615,0.02874,-0.00662,-12.74,77.11,0.3126,0.0511,1.139,14.248,0.0,0,0.5,13.64
3,547,10.94,grip,0.01433,0.01433,-0.00021,0.01457,-0.00662,-13.04,76.45,0.3139,0.0445,2.226,7.072,0.0,0,0.5,1.85
0,548,10.96,grip,0.01735,0.0128,-0.01172,0.019,-0.00711,-12.03,77.38,0.3061,0.0659,2.086,11.685,0.0,0,0.5,8.48
1,548,10.96,grip,0.01204,0.00879,-0.00822,0.01222,-0.00711,-13.66,76.0,0.3109,0.0414,0.03,5.079,0.0,0,0.49,2.21
2,548,10.96,grip,0.02593,0.02518,-0.00617,0.02919,-0.00711,-12.84,76.87,0.3129,0.0502,1.124,13.537,0.0,0,0.5,14.37
3,548,10.96,grip,0.01436,0.01436,-0.00031,0.01463,-0.00711,-13.23,76.16,0.3141,0.0443,2.225,7.116,0.0,0,0.5,2.22
0,549,10.98,turn,0.0174,0.01283,-0.01175,0.01897,-0.0076,-12.11,77.27,0.306,0.0652,2.115,12.378,0.0,0,0.5,8.41
1,549,10.98,turn,0.01219,0.00893,-0.0083,0.01233,-0.0076,-13.71,75.94,0.3111,0.041,0.045,4.622,0.0,0,0.49,2.1
2,549,10.98,turn,0.02626,0.02552,-0.00621,0.02965,-0.0076,-12.96,76.6,0.3133,0.0492,1.13,13.651,0.0,0,0.5,15.09
3,549,10.98,turn,0.01442,0.01441,-0.00041,0.01468,-0.0076,-13.37,75.89,0.3142,0.044,2.201,7.108,0.0,0,0.5,2.48
0,550,11.0,turn,0.0184,0.014,-0.01193,0.01951,-0.0076,-12.15,74.8,0.306,0.0645,2.183,1.519,0.0,0,0.47,8.78
1,550,11.0,turn,0.01271,0.00934,-0.00862,0.01288,-0.0076,-14.04,74.07,0.3114,0.0405,0.061,10.762,0.0,0,0.5,4.5
2,550,11.0,turn,0.02677,0.02606,-0.00614,0.03008,-0.0076,-12.67,74.77,0.3137,0.0483,1.12,3.646,0.0,0,0.5,16.07
3,550,11.0,turn,0.01515,0.01514,-0.0006,0.01564,-0.0076,-13.6,73.84,0.3143,0.0437,2.161,12.012,0.0,0,0.5,4.76
0,551,11.02,turn,0.01939,0.01483,-0.0125,0.02014,-0.0076,-12.59,71.18,0.3059,0.0638,2.184,9.381,0.0,0,0.5,10.09
1,551,11.02,turn,0.01401,0.0109,-0.00881,0.01431,-0.0076,-14.42,71.45,0.3117,0.0399,0.079,10.75,0.0,0,0.5,7.4
2,551,11.02,turn,0.0273,0.02663,-0.006,0.03047,-0.0076,-12.63,71.46,0.314,0.0475,1.133,3.5,0.0,0,0.48,17.14
3,551,11.02,turn,0.01644,0.01642,-0.00067,0.0173,-0.0076,-13.73,70.9,0.3145,0.0433,2.144,10.206,0.0,0,0.5,7.35
0,552,11.04,turn,0.0214,0.01697,-0.01303,0.02206,-0.0076,-13.46,67.22,0.3058,0.063,2.203,14.924,0.0,0,0.5,13.17
1,552,11.04,turn,0.01496,0.01205,-0.00886,0.01568,-0.0076,-14.56,68.24,0.3118,0.0392,0.109,10.267,0.0,0,0.5,9.3
2,552,11.04,turn,0.02774,0.02714,-0.00574,0.03072,-0.0076,-12.54,67.44,0.3142,0.0466,1.189,3.962,0.0,0,0.42,17.98
3,552,11.04,turn,0.01779,0.01777,-0.00075,0.01912,-0.0076,-13.72,67.32,0.3146,0.0429,2.176,11.347,0.0,0,0.5,9.42
0,553,11.06,turn,0.02353,0.01941,-0.0133,0.02403,-0.0076,-14.3,63.36,0.3058,0.0621,2.272,15.309,0.0,0,0.5,16.36
1,553,11.06,turn,0.01559,0.01305,-0.00853,0.01686,-0.0076,-14.58,64.79,0.3118,0.0386,0.175,12.792,0.0,0,0.41,10.78
2,553,11.06,turn,0.029,0.02839,-0.00592,0.03225,-0.0076,-12.74,63.65,0.3144,0.0458,1.263,14.635,0.0,0,0.44,20.23
3,553,11.06,turn,0.01932,0.0193,-0.00085,0.02117,-0.0076,-13.7,63.32,0.3146,0.0425,2.265,12.383,0.0,0,0.5,11.54
0,554,11.08,turn,0.0259,0.02215,-0.01342,0.02612,-0.0076,-15.19,59.81,0.3057,0.0609,2.348,15.227,0.0,0,0.5,19.69
1,554,11.08,turn,0.01665,0.01464,-0.00792,0.0185,-0.0076,-14.64,61.12,0.3118,0.038,0.289,12.962,0.0,0,0.25,12.64
2,554,11.08,turn,0.03044,0.02987,-0.00585,0.03405,-0.0076,-12.82,59.86,0.3144,0.0449,1.357,14.545,0.0,0,0.41,22.75
3,554,11.08,turn,0.02091,0.02089,-0.00086,0.02326,-0.0076,-13.58,59.57,0.3145,0.0422,2.375,12.703,0.0,0,0.47,13.63
0,555,11.1,turn,0.02848,0.02507,-0.01353,0.02834,-0.0076,-16.03,56.23,0.3056,0.0597,2.423,15.528,0.0,0,0.5,22.94
1,555,11.1,turn,0.01812,0.01663,-0.0072,0.02054,-0.0076,-14.71,57.46,0.3116,0.0374,0.418,11.953,0.0,0,0.07,14.86
2,555,11.1,turn,0.03183,0.03139,-0.00526,0.03587,-0.0076,-12.59,56.05,0.3143,0.0442,1.454,14.336,0.0,0,0.27,24.98
3,555,11.1,turn,0.02251,0.0225,-0.00074,0.02538,-0.0076,-13.37,55.86,0.3144,0.0419,2.483,13.137,0.0,0,0.41,15.75
0,556,11.12,turn,0.0311,0.02797,-0.01359,0.0307,-0.0076,-16.69,52.57,0.3055,0.0584,2.497,15.195,0.0,0,0.5,26.13
1,556,11.12,turn,0.01989,0.01864,-0.00693,0.02275,-0.0076,-14.85,53.94,0.3114,0.0368,0.522,11.978,0.0,0,0.01,17.23
2,556,11.12,turn,0.03313,0.03285,-0.00425,0.03767,-0.0076,-12.12,52.24,0.3142,0.0436,1.546,14.055,0.0,0,0.03,26.93
3,556,11.12,turn,0.02418,0.02418,-0.00047,0.02755,-0.0076,-13.01,52.26,0.3142,0.0418,2.587,13.946,0.0,0,0.34,17.86
0,557,11.14,turn,0.03373,0.03084,-0.01366,0.03316,-0.0076,-17.12,48.75,0.3053,0.0571,2.563,14.659,0.0,0,0.5,29.27
1,557,11.14,turn,0.02136,0.02016,-0.00705,0.02473,-0.0076,-14.85,50.7,0.3111,0.0363,0.593,13.714,0.0,0,0.05,19.29
2,557,11.14,turn,0.0345,0.03426,-0.00408,0.03963,-0.0076,-11.73,48.15,0.3138,0.0431,1.638,13.311,0.0,0,-0.0,29.08
3,557,11.14,turn,0.02595,0.02595,-0.00012,0.02983,-0.0076,-12.61,48.71,0.314,0.0418,2.686,13.979,0.0,0,0.25,20.17
0,558,11.16,turn,0.03634,0.03365,-0.01373,0.0357,-0.0076,-17.32,44.94,0.305,0.0558,2.62,15.073,0.0,0,0.5,32.32
1,558,11.16,turn,0.02306,0.02198,-0.00698,0.02684,-0.0076,-14.8,47.44,0.3108,0.0359,0.665,13.609,0.0,0,0.04,21.5
2,558,11.16,turn,0.03558,0.03534,-0.00408,0.04135,-0.0076,-11.11,44.42,0.3134,0.0428,1.73,14.253,0.0,0,-0.0,30.73
3,558,11.16,turn,0.0278,0.0278,0.00011,0.03218,-0.0076,-12.23,45.17,0.3137,0.0418,2.781,15.24,0.0,0,0.19,22.6
0,559,11.18,turn,0.03879,0.03626,-0.01379,0.03813,-0.0076,-17.31,41.13,0.3048,0.0547,2.67,15.196,0.0,0,0.5,35.2
1,559,11.18,turn,0.02503,0.02406,-0.0069,0.02911,-0.0076,-14.81,44.26,0.3105,0.0356,0.769,13.885,0.0,0,0.04,23.81
2,559,11.18,turn,0.0365,0.03627,-0.00406,0.04289,-0.0076,-10.45,41.12,0.3129,0.0428,1.817,15.6,0.0,0,-0.0,32.25
3,559,11.18,turn,0.02943,0.02943,0.00021,0.03432,-0.0076,-11.72,41.85,0.3134,0.0419,2.871,16.038,0.0,0,0.18,24.84
0,560,11.2,turn,0.04081,0.03837,-0.01389,0.04025,-0.0076,-17.04,37.56,0.3044,0.0538,2.712,14.111,0.0,0,0.5,37.65
1,560,11.2,turn,0.02722,0.02635,-0.00681,0.03159,-0.0076,-14.73,41.04,0.3102,0.0354,0.897,13.922,0.0,0,0.02,26.39
2,560,11.2,turn,0.03746,0.03724,-0.00402,0.04432,-0.0076,-9.74,38.31,0.3123,0.043,1.9,14.388,0.0,0,-0.0,33.86
3,560,11.2,turn,0.03099,0.03099,-0.00012,0.03637,-0.0076,-11.32,38.63,0.3131,0.042,2.956,16.553,0.0,0,0.27,27.11
0,561,11.22,turn,0.04227,0.0399,-0.01394,0.04187,-0.0076,-16.64,34.82,0.3041,0.053,2.747,13.431,0.0,0,0.5,39.6
1,561,11.22,turn,0.02909,0.02832,-0.00664,0.0338,-0.0076,-14.61,37.74,0.3099,0.0352,1.044,15.467,0.0,0,-0.0,28.7
2,561,11.22,turn,0.03803,0.03782,-0.00399,0.0452,-0.0076,-8.82,36.46,0.3116,0.0434,1.979,14.104,0.0,0,-0.0,34.83
3,561,11.22,turn,0.0324,0.0324,-0.00046,0.03805,-0.0076,-10.89,36.1,0.3128,0.0422,3.037,16.295,0.0,0,0.37,29.14
0,562,11.24,turn,0.04299,0.04069,-0.01387,0.04272,-0.0076,-16.03,33.5,0.3037,0.0523,2.774,11.499,0.0,0,0.5,40.81
1,562,11.24,turn,0.0309,0.03017,-0.00667,0.03566,-0.0076,-14.56,35.39,0.3096,0.0352,1.199,13.908,0.0,0,0.01,30.82
2,562,11.24,turn,0.03824,0.03803,-0.00394,0.04538,-0.0076,-7.7,36.13,0.3109,0.0439,2.03,13.558,0.0,0,-0.0,34.95
3,562,11.24,turn,0.03343,0.03342,-0.00048,0.03926,-0.0076,-10.22,34.29,0.3125,0.0424,3.113,15.63,0.0,0,0.38,30.63
0,563,11.26,turn,0.04321,0.04099,-0.01367,0.04296,-0.0076,-15.38,33.16,0.3033,0.0519,2.796,9.093,0.0,0,0.46,41.6
1,563,11.26,turn,0.03193,0.03123,-0.00666,0.03672,-0.0076,-14.34,33.61,0.3093,0.0353,1.349,13.291,0.0,0,0.01,32.12
2,563,11.26,turn,0.03828,0.03807,-0.00395,0.04535,-0.0076,-6.53,36.21,0.3102,0.0445,2.054,12.853,0.0,0,0.02,34.82
3,563,11.26,turn,0.03427,0.03427,-0.00011,0.04003,-0.0076,-9.35,33.32,0.3121,0.0427,3.181,14.055,0.0,0,0.31,31.7
0,564,11.28,turn,0.04321,0.04103,-0.01356,0.04298,-0.0076,-14.8,32.82,0.3029,0.0515,2.815,9.804,0.0,0,0.43,42.07
1,564,11.28,turn,0.03238,0.03169,-0.00666,0.03692,-0.0076,-14.2,33.34,0.309,0.0355,1.493,13.61,0.0,0,0.01,32.85
2,564,11.28,turn,0.03824,0.03804,-0.00393,0.04534,-0.0076,-5.35,36.1,0.3096,0.0452,2.065,12.868,0.0,0,0.02,34.68
3,564,11.28,turn,0.03472,0.03472,-3e-05,0.04024,-0.0076,-8.53,33.21,0.3117,0.043,3.209,13.621,0.0,0,0.29,32.38
0,565,11.3,turn,0.04323,0.04106,-0.01354,0.04301,-0.0076,-14.3,32.48,0.3025,0.0513,2.831,9.813,0.0,0,0.42,42.52
1,565,11.3,turn,0.03315,0.0324,-0.00699,0.03748,-0.0076,-14.2,32.45,0.3086,0.0358,1.631,13.526,0.0,0,0.07,33.81
2,565,11.3,turn,0.03837,0.03815,-0.0041,0.04551,-0.0076,-4.29,35.54,0.309,0.0459,2.052,12.969,0.0,0,0.03,35.03
3,565,11.3,turn,0.03513,0.03513,-5e-05,0.04044,-0.0076,-7.7,32.82,0.3114,0.0434,3.226,13.391,0.0,0,0.28,33.0
0,566,11.32,turn,0.04316,0.04097,-0.01359,0.04295,-0.0076,-13.84,32.25,0.3021,0.0512,2.847,9.625,0.0,0,0.42,42.87
1,566,11.32,turn,0.03373,0.03286,-0.00762,0.03774,-0.0076,-14.23,32.33,0.3082,0.0361,1.764,12.793,0.0,0,0.2,34.49
2,566,11.32,turn,0.03853,0.03827,-0.00448,0.04555,-0.0076,-3.26,35.18,0.3086,0.0465,2.014,12.313,0.0,0,0.08,35.38
3,566,11.32,turn,0.03497,0.03497,-8e-05,0.04001,-0.0076,-6.81,33.49,0.3111,0.0438,3.233,11.541,0.0,0,0.27,33.05
0,567,11.34,turn,0.043,0.04072,-0.01382,0.0428,-0.0076,-13.49,32.02,0.3017,0.0512,2.861,9.802,0.0,0,0.46,43.1
1,567,11.34,turn,0.03382,0.03272,-0.00858,0.03764,-0.0076,-14.24,31.97,0.3078,0.0364,1.886,14.279,0.0,0,0.41,34.77
2,567,11.34,turn,0.03848,0.03811,-0.00536,0.04538,-0.0076,-2.34,34.99,0.3083,0.047,1.96,11.056,0.0,0,0.22,35.53
3,567,11.34,turn,0.03468,0.03467,-0.00055,0.0396,-0.0076,-6.1,33.59,0.3108,0.0442,3.228,11.283,0.0,0,0.36,33.06
0,568,11.36,turn,0.04269,0.04032,-0.01402,0.04249,-0.0076,-13.21,31.79,0.3012,0.0513,2.876,9.632,0.0,0,0.5,43.14
1,568,11.36,turn,0.03356,0.03231,-0.00907,0.03717,-0.0076,-14.14,32.35,0.3074,0.0368,1.999,13.176,0.0,0,0.5,34.77
2,568,11.36,turn,0.03832,0.03772,-0.00675,0.04505,-0.0076,-1.57,34.98,0.3082,0.0474,1.903,11.193,0.0,0,0.45,35.45
3,568,11.36,turn,0.03391,0.03389,-0.00125,0.03866,-0.0076,-5.49,34.27,0.3106,0.0446,3.216,9.583,0.0,0,0.5,32.55
0,569,11.38,turn,0.04232,0.0399,-0.01413,0.04211,-0.0076,-12.98,31.62,0.3007,0.0515,2.891,10.038,0.0,0,0.5,43.0
1,569,11.38,turn,0.03386,0.03262,-0.0091,0.03719,-0.0076,-14.05,32.36,0.3069,0.0372,2.106,12.564,0.0,0,0.5,35.32
2,569,11.38,turn,0.03828,0.0376,-0.00718,0.04489,-0.0076,-0.72,34.62,0.3082,0.0478,1.855,12.923,0.0,0,0.5,35.46
3,569,11.38,turn,0.03349,0.03347,-0.00134,0.03816,-0.0076,-4.94,34.49,0.3104,0.045,3.212,10.499,0.0,0,0.5,32.34
0,570,11.4,turn,0.04197,0.03949,-0.01421,0.0417,-0.0076,-12.77,31.52,0.3002,0.0517,2.908,9.928,0.0,0,0.49,42.89
1,570,11.4,turn,0.0342,0.03295,-0.00917,0.03719,-0.0076,-13.96,32.69,0.3064,0.0376,2.211,11.556,0.0,0,0.5,35.86
2,570,11.4,turn,0.03766,0.03694,-0.00732,0.04403,-0.0076,0.37,35.54,0.3083,0.0481,1.81,12.16,0.0,0,0.5,34.42
3,570,11.4,turn,0.03304,0.03301,-0.00141,0.03747,-0.0076,-4.41,34.96,0.3103,0.0454,3.198,9.93,0.0,0,0.5,31.97
0,571,11.42,turn,0.04162,0.03909,-0.0143,0.04127,-0.0076,-12.58,31.54,0.2996,0.0519,2.929,9.545,0.0,0,0.5,42.83
1,571,11.42,turn,0.03411,0.03284,-0.00922,0.03695,-0.0076,-13.85,32.55,0.3059,0.038,2.31,11.204,0.0,0,0.5,36.0
2,571,11.42,turn,0.03756,0.03681,-0.00748,0.04372,-0.0076,1.29,35.44,0.3085,0.0483,1.78,14.147,0.0,0,0.5,34.24
3,571,11.42,turn,0.03258,0.03254,-0.00147,0.0369,-0.0076,-3.98,34.88,0.3102,0.0458,3.186,12.617,0.0,0,0.5,31.73
0,572,11.44,turn,0.04132,0.03874,-0.01437,0.04089,-0.0076,-12.39,31.5,0.2991,0.0522,2.954,9.682,0.0,0,0.49,42.78
1,572,11.44,turn,0.03401,0.03271,-0.00928,0.03665,-0.0076,-13.8,32.42,0.3054,0.0385,2.397,13.213,0.0,0,0.5,36.15
2,572,11.44,turn,0.03713,0.03635,-0.0076,0.04308,-0.0076,2.33,36.12,0.3089,0.0485,1.757,11.441,0.0,0,0.5,33.46
3,572,11.44,turn,0.03214,0.0321,-0.00149,0.03621,-0.0076,-3.45,35.68,0.3102,0.0462,3.179,9.714,0.0,0,0.5,31.49
0,573,11.46,turn,0.04097,0.03833,-0.01446,0.04045,-0.0076,-12.26,31.54,0.2985,0.0524,2.982,10.036,0.0,0,0.5,42.67
1,573,11.46,turn,0.03416,0.03287,-0.00928,0.03659,-0.0076,-13.54,32.27,0.3049,0.0389,2.482,13.521,0.0,0,0.5,36.56
2,573,11.46,turn,0.03697,0.03615,-0.00774,0.04279,-0.0076,3.25,35.87,0.3093,0.0487,1.752,14.414,0.0,0,0.5,33.29
3,573,11.46,turn,0.03155,0.03152,-0.00156,0.03565,-0.0076,-3.03,35.74,0.3102,0.0466,3.183,10.186,0.0,0,0.5,31.22
0,574,11.48,turn,0.0407,0.03801,-0.01454,0.04008,-0.0076,-12.15,31.6,0.2979,0.0527,3.013,9.881,0.0,0,0.5,42.64
1,574,11.48,turn,0.03444,0.03316,-0.00928,0.03666,-0.0076,-13.3,32.23,0.3044,0.0394,2.565,12.781,0.0,0,0.5,37.06
2,574,11.48,turn,0.03697,0.03627,-0.00714,0.04254,-0.0076,4.35,36.19,0.3099,0.0489,1.749,10.95,0.0,0,0.37,33.12
3,574,11.48,turn,0.03114,0.03109,-0.0016,0.03508,-0.0076,-2.56,36.1,0.3103,0.0469,3.189,10.012,0.0,0,0.5,31.02
0,575,11.5,turn,0.04042,0.03769,-0.01461,0.03969,-0.0076,-12.05,31.67,0.2973,0.0529,3.05,9.953,0.0,0,0.5,42.61
1,575,11.5,turn,0.03478,0.03352,-0.00925,0.03671,-0.0076,-13.1,33.02,0.3039,0.04,2.645,8.013,0.0,0,0.5,37.68
2,575,11.5,turn,0.03695,0.03641,-0.00633,0.04222,-0.0076,5.52,36.53,0.3106,0.0493,1.752,10.023,0.0,0,0.2,33.2
3,575,11.5,turn,0.03164,0.0316,-0.00159,0.03552,-0.0076,-1.96,35.17,0.3106,0.0473,3.192,11.834,0.0,0,0.5,32.04
0,576,11.52,turn,0.04017,0.0374,-0.01465,0.03933,-0.0076,-11.96,31.71,0.2968,0.0532,3.091,10.157,0.0,0,0.5,42.62
1,576,11.52,turn,0.03494,0.03368,-0.00929,0.03658,-0.0076,-13.04,32.68,0.3034,0.0405,2.721,10.037,0.0,0,0.5,38.07
2,576,11.52,turn,0.03731,0.03666,-0.00695,0.04219,-0.0076,6.33,36.24,0.3114,0.0496,1.759,10.404,0.0,0,0.33,33.99
3,576,11.52,turn,0.03204,0.032,-0.00162,0.03555,-0.0076,-1.33,35.45,0.3111,0.0477,3.17,10.121,0.0,0,0.5,32.82
0,577,11.54,turn,0.03996,0.03715,-0.01473,0.03898,-0.0076,-11.92,31.86,0.2962,0.0534,3.131,10.144,0.0,0,0.5,42.67
1,577,11.54,turn,0.03529,0.03404,-0.00933,0.03679,-0.0076,-13.1,32.14,0.3029,0.041,2.789,12.017,0.0,0,0.5,38.62
2,577,11.54,turn,0.03745,0.03663,-0.00783,0.04207,-0.0076,6.99,35.83,0.3123,0.0499,1.768,9.727,0.0,0,0.5,34.45
3,577,11.54,turn,0.03217,0.03214,-0.00155,0.0354,-0.0076,-0.74,35.64,0.3117,0.0481,3.143,10.306,0.0,0,0.5,33.31
0,578,11.56,turn,0.03978,0.03694,-0.01476,0.03869,-0.0076,-11.86,31.94,0.2957,0.0537,3.174,10.028,0.0,0,0.5,42.78
1,578,11.56,turn,0.03546,0.03422,-0.0093,0.0367,-0.0076,-13.06,32.55,0.3024,0.0416,2.857,10.088,0.0,0,0.5,39.15
2,578,11.56,turn,0.03753,0.03669,-0.00789,0.04185,-0.0076,7.66,35.8,0.3133,0.0501,1.777,9.136,0.0,0,0.5,34.52
3,578,11.56,turn,0.03237,0.03234,-0.00156,0.03536,-0.0076,-0.29,35.52,0.3124,0.0485,3.124,9.949,0.0,0,0.5,33.83
0,579,11.58,turn,0.03962,0.03673,-0.01486,0.03841,-0.0076,-11.87,32.13,0.2952,0.0539,3.214,10.987,0.0,0,0.5,42.94
1,579,11.58,turn,0.03563,0.03438,-0.00935,0.03662,-0.0076,-13.03,32.78,0.3019,0.0422,2.924,9.442,0.0,0,0.49,39.7
2,579,11.58,turn,0.03758,0.03674,-0.00792,0.04162,-0.0076,8.38,35.82,0.3143,0.0502,1.787,8.993,0.0,0,0.5,34.7
3,579,11.58,turn,0.03221,0.03217,-0.00155,0.03491,-0.0076,0.19,35.87,0.3132,0.0488,3.11,9.655,0.0,0,0.5,33.89
0,580,11.6,turn,0.03948,0.03654,-0.01493,0.03816,-0.0076,-11.9,32.21,0.2947,0.0541,3.254,10.67,0.0,0,0.5,43.11
1,580,11.6,turn,0.0358,0.03456,-0.00933,0.03661,-0.0076,-12.98,32.81,0.3014,0.0428,2.989,9.399,0.0,0,0.49,40.3
2,580,11.6,turn,0.03753,0.03668,-0.00794,0.04131,-0.0076,9.13,35.87,0.3153,0.0502,1.798,9.132,0.0,0,0.5,34.54
3,580,11.6,turn,0.03182,0.03178,-0.00156,0.03445,-0.0076,0.76,35.83,0.3141,0.049,3.109,9.696,0.0,0,0.5,33.8
0,581,11.62,turn,0.03938,0.03641,-0.01502,0.03793,-0.0076,-11.97,32.35,0.2943,0.0543,3.295,10.837,0.0,0,0.5,43.32
1,581,11.62,turn,0.03601,0.03477,-0.00935,0.03662,-0.0076,-12.99,32.95,0.3008,0.0435,3.049,9.211,0.0,0,0.49,40.93
2,581,11.62,turn,0.03731,0.03646,-0.00792,0.04085,-0.0076,10.0,36.07,0.3164,0.0502,1.816,9.178,0.0,0,0.5,34.15
3,581,11.62,turn,0.03148,0.03144,-0.00154,0.034,-0.0076,1.33,35.87,0.3149,0.0492,3.112,10.472,0.0,0,0.5,33.7
0,582,11.64,turn,0.03938,0.03636,-0.01511,0.03774,-0.0076,-12.09,32.52,0.294,0.0545,3.336,10.95,0.0,0,0.5,43.63
1,582,11.64,turn,0.03612,0.03488,-0.00938,0.03656,-0.0076,-13.02,33.1,0.3002,0.0441,3.102,9.127,0.0,0,0.49,41.45
2,582,11.64,turn,0.03711,0.03626,-0.00789,0.04049,-0.0076,10.76,36.13,0.3174,0.0502,1.841,9.202,0.0,0,0.5,33.99
3,582,11.64,turn,0.03114,0.03111,-0.00152,0.03361,-0.0076,1.89,35.8,0.3157,0.0493,3.119,10.831,0.0,0,0.5,33.65
0,583,11.66,turn,0.03951,0.03643,-0.01527,0.03763,-0.0076,-12.28,32.67,0.2937,0.0546,3.378,11.818,0.0,0,0.5,44.1
1,583,11.66,turn,0.03623,0.03497,-0.00945,0.03648,-0.0076,-13.07,33.25,0.2996,0.0448,3.149,9.215,0.0,0,0.5,41.95
2,583,11.66,turn,0.03707,0.03623,-0.00785,0.04032,-0.0076,11.43,35.77,0.3183,0.0502,1.87,11.69,0.0,0,0.5,34.11
3,583,11.66,turn,0.03076,0.03073,-0.00147,0.03319,-0.0076,2.5,35.66,0.3164,0.0494,3.127,10.643,0.0,0,0.5,33.54
0,584,11.68,turn,0.03968,0.03653,-0.01549,0.03752,-0.0076,-12.54,32.76,0.2936,0.0547,3.419,11.472,0.0,0,0.5,44.56
1,584,11.68,turn,0.03631,0.03503,-0.00956,0.03637,-0.0076,-13.17,33.45,0.299,0.0454,3.192,9.385,0.0,0,0.5,42.4
2,584,11.68,turn,0.03694,0.03611,-0.00782,0.04008,-0.0076,12.17,35.86,0.3192,0.0501,1.901,9.346,0.0,0,0.5,34.11
3,584,11.68,turn,0.0305,0.03047,-0.00143,0.03292,-0.0076,3.09,35.45,0.3172,0.0494,3.139,11.194,0.0,0,0.5,33.61
0,585,11.7,turn,0.04004,0.03676,-0.01589,0.03766,-0.0076,-12.85,32.8,0.2935,0.0547,3.463,11.305,0.0,0,0.55,45.33
1,585,11.7,turn,0.03635,0.03503,-0.00972,0.03616,-0.0076,-13.31,33.7,0.2984,0.046,3.242,10.705,0.0,0,0.5,42.78
2,585,11.7,turn,0.0366,0.03576,-0.00779,0.03947,-0.0076,12.7,36.37,0.3201,0.05,1.927,9.265,0.0,0,0.5,33.68
3,585,11.7,turn,0.03024,0.0302,-0.00138,0.03265,-0.0076,3.63,35.28,0.3178,0.0495,3.151,11.644,0.0,0,0.5,33.67
0,586,11.72,turn,0.04127,0.03741,-0.01741,0.03859,-0.0076,-13.34,32.78,0.2936,0.0547,3.518,10.543,0.0,0,0.94,46.76
1,586,11.72,turn,0.03649,0.03513,-0.00985,0.03611,-0.0076,-13.39,33.71,0.2979,0.0466,3.304,9.622,0.0,0,0.5,43.21
2,586,11.72,turn,0.03667,0.03584,-0.00777,0.03945,-0.0076,13.24,35.75,0.3208,0.0498,1.962,11.591,0.0,0,0.5,34.03
3,586,11.72,turn,0.02974,0.02971,-0.00129,0.03213,-0.0076,4.35,35.5,0.3185,0.0495,3.168,12.456,0.0,0,0.5,33.47
0,587,11.74,turn,0.04266,0.03806,-0.01927,0.0397,-0.0076,-13.75,32.66,0.2937,0.0549,3.59,10.226,0.0,0,1.4,48.28
1,587,11.74,turn,0.03652,0.03511,-0.01002,0.03596,-0.0076,-13.5,33.77,0.2974,0.0471,3.371,9.827,0.0,0,0.5,43.58
2,587,11.74,turn,0.03617,0.03532,-0.00783,0.0388,-0.0076,13.72,36.62,0.3216,0.0496,1.938,8.799,0.0,0,0.5,33.75
3,587,11.74,turn,0.02914,0.02912,-0.00124,0.03158,-0.0076,4.97,35.63,0.3191,0.0496,3.185,12.897,0.0,0,0.5,33.2
0,588,11.76,turn,0.04405,0.03854,-0.02132,0.04084,-0.0076,-14.13,32.52,0.2939,0.0552,3.666,9.973,0.0,0,1.89,49.67
1,588,11.76,turn,0.03658,0.03512,-0.01025,0.03579,-0.0076,-13.63,33.9,0.2969,0.0476,3.438,9.767,0.0,0,0.5,43.94
2,588,11.76,turn,0.03543,0.03455,-0.00783,0.03793,-0.0076,14.29,37.42,0.3223,0.0493,1.87,9.967,0.0,0,0.5,33.26
3,588,11.76,turn,0.02853,0.02851,-0.00117,0.03107,-0.0076,5.62,35.67,0.3196,0.0496,3.202,13.128,0.0,0,0.5,32.92
0,589,11.78,turn,0.04533,0.03878,-0.02348,0.04195,-0.0076,-14.45,32.35,0.2941,0.0555,3.74,10.14,0.0,0,2.39,50.87
1,589,11.78,turn,0.03661,0.03508,-0.0105,0.03561,-0.0076,-13.73,33.96,0.2964,0.0481,3.512,9.71,0.0,0,0.5,44.27
2,589,11.78,turn,0.03477,0.03388,-0.00783,0.03719,-0.0076,14.85,37.98,0.323,0.049,1.801,9.968,0.0,0,0.5,33.02
3,589,11.78,turn,0.02817,0.02815,-0.0011,0.03067,-0.0076,6.21,35.65,0.32,0.0497,3.218,12.739,0.0,0,0.5,32.87
0,590,11.8,turn,0.04634,0.03867,-0.02553,0.04287,-0.0076,-14.65,32.28,0.2943,0.056,3.804,9.692,0.0,0,2.88,51.75
1,590,11.8,turn,0.03653,0.03489,-0.01081,0.03534,-0.0076,-13.85,34.05,0.296,0.0486,3.59,11.0,0.0,0,0.5,44.52
2,590,11.8,turn,0.03422,0.03332,-0.00779,0.0366,-0.0076,15.26,38.23,0.3238,0.0486,1.739,10.298,0.0,0,0.5,32.76
3,590,11.8,turn,0.02768,0.02766,-0.00105,0.03017,-0.0076,6.81,35.91,0.3205,0.0497,3.236,10.478,0.0,0,0.5,32.68
0,591,11.82,turn,0.04712,0.03835,-0.02738,0.0436,-0.0076,-14.7,32.21,0.2946,0.0565,3.861,9.519,0.0,0,3.3,52.39
1,591,11.82,turn,0.0367,0.03499,-0.01104,0.03532,-0.0076,-14.0,34.06,0.2956,0.049,3.669,11.376,0.0,0,0.5,45.02
2,591,11.82,turn,0.03366,0.03275,-0.00776,0.03603,-0.0076,15.51,38.36,0.3245,0.0481,1.681,11.601,0.0,0,0.5,32.36
3,591,11.82,turn,0.02743,0.0274,-0.00116,0.02984,-0.0076,7.19,36.06,0.3208,0.0497,3.251,9.948,0.0,0,0.5,32.76
0,592,11.84,turn,0.04774,0.03787,-0.02907,0.04421,-0.0076,-14.64,32.11,0.2948,0.057,3.909,9.119,0.0,0,3.68,52.81
1,592,11.84,turn,0.03801,0.03615,-0.01172,0.03625,-0.0076,-14.25,33.96,0.2953,0.0495,3.745,10.054,0.0,0,0.68,46.58
2,592,11.84,turn,0.03294,0.03202,-0.00772,0.03538,-0.0076,15.71,38.34,0.3251,0.0476,1.632,12.403,0.0,0,0.5,31.8
3,592,11.84,turn,0.027,0.02698,-0.00106,0.02946,-0.0076,7.73,35.81,0.3212,0.0498,3.27,11.877,0.0,0,0.5,32.67
0,593,11.86,turn,0.04827,0.03739,-0.03052,0.04472,-0.0076,-14.53,32.03,0.2949,0.0575,3.95,9.008,0.0,0,4.01,53.17
1,593,11.86,turn,0.03969,0.03765,-0.01257,0.03753,-0.0076,-14.49,33.92,0.2952,0.05,3.815,9.688,0.0,0,0.9,48.55
2,593,11.86,turn,0.03215,0.03123,-0.00767,0.03465,-0.0076,15.94,38.44,0.3255,0.047,1.593,12.982,0.0,0,0.5,31.05
3,593,11.86,turn,0.02671,0.02668,-0.00111,0.02915,-0.0076,8.16,35.91,0.3215,0.0498,3.284,10.56,0.0,0,0.5,32.69
0,594,11.88,turn,0.04869,0.0369,-0.03176,0.04513,-0.0076,-14.39,31.99,0.2951,0.0581,3.984,8.945,0.0,0,4.3,53.46
1,594,11.88,turn,0.04119,0.03881,-0.0138,0.03863,-0.0076,-14.8,33.94,0.2952,0.0506,3.876,9.598,0.0,0,1.22,50.24
2,594,11.88,turn,0.03138,0.03044,-0.00761,0.03395,-0.0076,16.19,38.49,0.3259,0.0465,1.564,13.368,0.0,0,0.5,30.31
3,594,11.88,turn,0.02652,0.02649,-0.00123,0.02885,-0.0076,8.44,36.03,0.3218,0.0498,3.294,10.094,0.0,0,0.5,32.79
0,595,11.9,turn,0.04897,0.03634,-0.03282,0.04541,-0.0076,-14.24,31.96,0.2952,0.0586,4.012,8.855,0.0,0,4.55,53.62
1,595,11.9,turn,0.0425,0.03955,-0.01555,0.03959,-0.0076,-15.19,33.95,0.2953,0.0513,3.936,9.914,0.0,0,1.64,51.61
2,595,11.9,turn,0.03062,0.02967,-0.00757,0.03329,-0.0076,16.42,38.49,0.3263,0.0459,1.545,13.931,0.0,0,0.5,29.64
3,595,11.9,turn,0.026,0.02597,-0.00115,0.02838,-0.0076,8.94,36.0,0.3221,0.0498,3.308,9.886,0.0,0,0.5,32.6
0,596,11.92,turn,0.04907,0.03567,-0.0337,0.04555,-0.0076,-14.07,31.96,0.2953,0.0591,4.033,8.709,0.0,0,4.77,53.63
1,596,11.92,turn,0.04365,0.03998,-0.01752,0.04046,-0.0076,-15.48,33.89,0.2955,0.052,4.008,9.539,0.0,0,2.03,52.81
2,596,11.92,turn,0.02995,0.02898,-0.00756,0.0327,-0.0076,16.65,38.52,0.3265,0.0453,1.535,14.072,0.0,0,0.5,29.07
3,596,11.92,turn,0.0257,0.02567,-0.00115,0.0281,-0.0076,9.24,35.88,0.3223,0.0498,3.32,11.997,0.0,0,0.5,32.64
0,597,11.94,turn,0.04901,0.03494,-0.03437,0.04554,-0.0076,-13.87,31.98,0.2953,0.0596,4.048,8.657,0.0,0,4.93,53.53
1,597,11.94,turn,0.04425,0.03979,-0.01934,0.041,-0.0076,-15.54,33.2,0.2957,0.0528,4.075,10.422,0.0,0,2.42,53.38
2,597,11.94,turn,0.02945,0.02844,-0.00763,0.03225,-0.0076,16.9,38.58,0.3268,0.0447,1.532,14.156,0.0,0,0.5,28.64
3,597,11.94,turn,0.02541,0.02538,-0.00126,0.02776,-0.0076,9.45,36.02,0.3225,0.0499,3.328,11.273,0.0,0,0.5,32.66
0,598,11.96,turn,0.04875,0.03416,-0.03477,0.04534,-0.0076,-13.62,32.03,0.2953,0.0601,4.057,8.576,0.0,0,5.04,53.31
1,598,11.96,turn,0.04474,0.03951,-0.02099,0.04146,-0.0076,-15.5,32.72,0.2959,0.0535,4.129,10.216,0.0,0,2.78,53.85
2,598,11.96,turn,0.02911,0.02805,-0.00775,0.03193,-0.0076,17.05,38.6,0.327,0.0441,1.533,14.291,0.0,0,0.5,28.37
3,598,11.96,turn,0.02518,0.02515,-0.0013,0.02751,-0.0076,9.64,35.95,0.3227,0.0499,3.336,11.435,0.0,0,0.5,32.78
0,599,11.98,turn,0.04841,0.03347,-0.03498,0.04505,-0.0076,-13.36,32.07,0.2952,0.0606,4.061,8.577,0.0,0,5.1,53.1
1,599,11.98,turn,0.04489,0.03898,-0.02227,0.04155,-0.0076,-15.45,33.1,0.2961,0.0542,4.175,8.038,0.0,0,3.05,54.13
2,599,11.98,turn,0.02893,0.02781,-0.00797,0.03176,-0.0076,17.16,38.57,0.3271,0.0436,1.539,14.306,0.0,0,0.5,28.22
3,599,11.98,turn,0.02493,0.02489,-0.00137,0.02721,-0.0076,9.77,36.03,0.3229,0.0499,3.342,10.812,0.0,0,0.5,32.86
0,600,12.0,turn,0.04797,0.03284,-0.03497,0.04464,-0.0076,-13.1,32.12,0.295,0.061,4.064,8.635,0.0,0,5.11,52.86
1,600,12.0,turn,0.04494,0.03833,-0.02345,0.04156,-0.0076,-15.32,33.08,0.2962,0.0549,4.214,8.211,0.0,0,3.31,54.18
2,600,12.0,turn,0.02886,0.02766,-0.00821,0.03169,-0.0076,17.17,38.43,0.3273,0.0431,1.55,14.336,0.0,0,0.5,28.2
3,600,12.0,turn,0.02467,0.02463,-0.00141,0.02686,-0.0076,9.81,36.17,0.323,0.0499,3.348,10.458,0.0,0,0.5,32.88
0,601,12.02,turn,0.04747,0.03225,-0.03484,0.04416,-0.0076,-12.86,32.18,0.2948,0.0613,4.066,8.677,0.0,0,5.1,52.62
1,601,12.02,turn,0.04532,0.03798,-0.02473,0.04188,-0.0076,-15.27,33.29,0.2962,0.0556,4.247,7.913,0.0,0,3.58,54.44
2,601,12.02,turn,0.02881,0.02752,-0.0085,0.03165,-0.0076,17.15,38.34,0.3274,0.0427,1.566,14.069,0.0,0,0.5,28.22
3,601,12.02,turn,0.02444,0.0244,-0.00143,0.02665,-0.0076,10.08,35.9,0.3231,0.05,3.358,12.069,0.0,0,0.5,33.16
0,602,12.04,turn,0.04692,0.03167,-0.03462,0.04363,-0.0076,-12.65,32.24,0.2946,0.0616,4.068,8.664,0.0,0,5.07,52.36
1,602,12.04,turn,0.0451,0.03717,-0.02555,0.04159,-0.0076,-15.18,33.71,0.2962,0.0563,4.278,7.569,0.0,0,3.77,54.26
2,602,12.04,turn,0.02868,0.0273,-0.00878,0.03147,-0.0076,17.18,38.48,0.3276,0.0424,1.585,12.81,0.0,0,0.5,28.23
3,602,12.04,turn,0.02415,0.02411,-0.00139,0.02633,-0.0076,10.36,35.88,0.3232,0.05,3.367,12.251,0.0,0,0.5,33.09
0,603,12.06,turn,0.04632,0.03112,-0.0343,0.04307,-0.0076,-12.48,32.3,0.2942,0.0619,4.071,8.77,0.0,0,5.0,52.13
1,603,12.06,turn,0.04473,0.03634,-0.02608,0.04117,-0.0076,-15.02,34.09,0.2961,0.0569,4.308,7.899,0.0,0,3.89,53.99
2,603,12.06,turn,0.02851,0.02704,-0.00902,0.03124,-0.0076,17.12,38.77,0.3277,0.0421,1.604,10.734,0.0,0,0.5,28.26
3,603,12.06,turn,0.02391,0.02386,-0.00148,0.02605,-0.0076,10.56,35.87,0.3233,0.05,3.375,12.508,0.0,0,0.5,33.15
0,604,12.08,turn,0.04571,0.03055,-0.03401,0.04252,-0.0076,-12.36,32.31,0.2939,0.0622,4.076,8.857,0.0,0,4.95,51.88
1,604,12.08,turn,0.04446,0.03571,-0.02649,0.04085,-0.0076,-14.87,34.35,0.296,0.0575,4.332,8.131,0.0,0,3.98,53.87
2,604,12.08,turn,0.02829,0.02676,-0.00917,0.03103,-0.0076,17.02,38.71,0.3279,0.0419,1.626,11.769,0.0,0,0.5,28.31
3,604,12.08,turn,0.0237,0.02365,-0.00155,0.02586,-0.0076,10.78,35.82,0.3234,0.0501,3.384,12.581,0.0,0,0.5,33.31
0,605,12.1,turn,0.04499,0.02999,-0.03353,0.04183,-0.0076,-12.14,32.36,0.2934,0.0624,4.082,8.81,0.0,0,4.85,51.58
1,605,12.1,turn,0.04453,0.03549,-0.0269,0.04094,-0.0076,-14.69,33.96,0.296,0.0581,4.353,7.892,0.0,0,4.07,54.15
2,605,12.1,turn,0.02819,0.02659,-0.00935,0.03094,-0.0076,16.94,38.56,0.328,0.0417,1.65,11.239,0.0,0,0.5,28.54
3,605,12.1,turn,0.0235,0.02345,-0.00158,0.02558,-0.0076,10.76,35.97,0.3234,0.0501,3.388,10.576,0.0,0,0.5,33.47
0,606,12.12,turn,0.0443,0.02953,-0.03302,0.04116,-0.0076,-11.96,32.44,0.2929,0.0626,4.09,8.816,0.0,0,4.74,51.35
1,606,12.12,turn,0.04426,0.03509,-0.02697,0.04061,-0.0076,-14.43,33.76,0.2959,0.0587,4.372,8.07,0.0,0,4.09,54.16
2,606,12.12,turn,0.02807,0.0264,-0.00953,0.03081,-0.0076,16.84,38.46,0.3281,0.0416,1.677,10.909,0.0,0,0.5,28.78
3,606,12.12,turn,0.02335,0.02329,-0.00163,0.02539,-0.0076,10.9,35.65,0.3235,0.0501,3.393,12.374,0.0,0,0.5,33.61
0,607,12.14,turn,0.04365,0.02911,-0.03252,0.04051,-0.0076,-11.8,32.52,0.2924,0.0628,4.1,8.754,0.0,0,4.64,51.17
1,607,12.14,turn,0.04419,0.03503,-0.02694,0.04047,-0.0076,-14.24,33.77,0.2958,0.0592,4.385,7.829,0.0,0,4.09,54.45
2,607,12.14,turn,0.02797,0.02623,-0.0097,0.03071,-0.0076,16.78,38.18,0.3282,0.0416,1.705,12.941,0.0,0,0.5,29.01
3,607,12.14,turn,0.02312,0.02307,-0.0016,0.02511,-0.0076,11.18,35.51,0.3236,0.0501,3.394,11.821,0.0,0,0.5,33.62
0,608,12.16,turn,0.04306,0.02873,-0.03208,0.0399,-0.0076,-11.67,32.61,0.2919,0.063,4.112,8.645,0.0,0,4.55,51.02
1,608,12.16,turn,0.04369,0.03452,-0.02678,0.03992,-0.0076,-13.98,33.72,0.2957,0.0597,4.397,8.158,0.0,0,4.06,54.31
2,608,12.16,turn,0.02789,0.02609,-0.00986,0.03061,-0.0076,16.66,38.02,0.3283,0.0416,1.734,12.446,0.0,0,0.5,29.34
3,608,12.16,turn,0.02294,0.02288,-0.00164,0.02485,-0.0076,11.37,35.49,0.3237,0.0501,3.391,11.718,0.0,0,0.5,33.73
0,609,12.18,turn,0.04251,0.02832,-0.0317,0.03933,-0.0076,-11.56,32.7,0.2914,0.0631,4.123,8.47,0.0,0,4.47,50.87
1,609,12.18,turn,0.04314,0.03398,-0.02658,0.03935,-0.0076,-13.75,33.72,0.2956,0.0601,4.408,8.407,0.0,0,4.03,54.13
2,609,12.18,turn,0.02782,0.02595,-0.01002,0.03049,-0.0076,16.57,38.0,0.3285,0.0417,1.765,10.199,0.0,0,0.5,29.71
3,609,12.18,turn,0.02277,0.02271,-0.00167,0.02463,-0.0076,11.54,35.42,0.3238,0.0501,3.386,12.092,0.0,0,0.5,33.82
0,610,12.2,turn,0.04201,0.02798,-0.03133,0.0388,-0.0076,-11.47,32.76,0.2909,0.0632,4.133,8.367,0.0,0,4.4,50.76
1,610,12.2,turn,0.04271,0.03357,-0.02641,0.03881,-0.0076,-13.72,34.31,0.2954,0.0605,4.416,8.212,0.0,0,3.98,54.04
2,610,12.2,turn,0.02771,0.02579,-0.01015,0.03035,-0.0076,16.5,37.74,0.3285,0.0418,1.793,12.653,0.0,0,0.5,29.96
3,610,12.2,turn,0.02259,0.02253,-0.00172,0.02437,-0.0076,11.61,35.41,0.3239,0.0501,3.376,11.731,0.0,0,0.5,33.89
0,611,12.22,turn,0.0416,0.02767,-0.03106,0.03836,-0.0076,-11.45,32.83,0.2904,0.0633,4.134,8.401,0.0,0,4.36,50.71
1,611,12.22,turn,0.0421,0.03294,-0.02621,0.03823,-0.0076,-13.48,34.06,0.2952,0.0609,4.429,7.852,0.0,0,3.95,53.78
2,611,12.22,turn,0.02763,0.02564,-0.01031,0.03019,-0.0076,16.44,37.85,0.3286,0.042,1.821,10.129,0.0,0,0.5,30.29
3,611,12.22,turn,0.02243,0.02236,-0.00176,0.02412,-0.0076,11.72,35.41,0.3241,0.0501,3.364,11.694,0.0,0,0.5,33.97
0,612,12.24,turn,0.04131,0.02746,-0.03087,0.03804,-0.0076,-11.47,32.91,0.29,0.0634,4.133,8.803,0.0,0,4.33,50.81
1,612,12.24,turn,0.04142,0.03233,-0.02589,0.03753,-0.0076,-13.4,34.39,0.295,0.0612,4.441,7.668,0.0,0,3.88,53.53
2,612,12.24,turn,0.02753,0.02548,-0.01042,0.03002,-0.0076,16.4,37.6,0.3287,0.0421,1.847,12.542,0.0,0,0.5,30.52
3,612,12.24,turn,0.02227,0.0222,-0.0018,0.02386,-0.0076,11.78,35.41,0.3242,0.05,3.349,11.66,0.0,0,0.5,34.05
0,613,12.26,turn,0.04111,0.02722,-0.03081,0.03781,-0.0076,-11.55,32.94,0.2897,0.0635,4.136,8.798,0.0,0,4.34,50.94
1,613,12.26,turn,0.0407,0.03173,-0.0255,0.0368,-0.0076,-13.27,34.63,0.2947,0.0616,4.453,7.535,0.0,0,3.79,53.25
2,613,12.26,turn,0.02743,0.02532,-0.01056,0.02985,-0.0076,16.35,37.74,0.3287,0.0423,1.871,10.077,0.0,0,0.5,30.8
3,613,12.26,turn,0.02209,0.02201,-0.00184,0.02359,-0.0076,11.8,35.44,0.3244,0.05,3.33,11.648,0.0,0,0.5,34.09
0,614,12.28,turn,0.04098,0.02697,-0.03085,0.03767,-0.0076,-11.63,32.96,0.2895,0.0636,4.143,8.91,0.0,0,4.37,51.1
1,614,12.28,turn,0.04003,0.03113,-0.02516,0.03611,-0.0076,-13.15,34.81,0.2945,0.0618,4.465,7.518,0.0,0,3.71,52.99
2,614,12.28,turn,0.02734,0.02517,-0.01066,0.02968,-0.0076,16.29,37.49,0.3288,0.0425,1.893,12.439,0.0,0,0.5,31.01
3,614,12.28,turn,0.0219,0.02182,-0.00187,0.02331,-0.0076,11.81,35.46,0.3246,0.0499,3.309,11.773,0.0,0,0.5,34.11
0,615,12.3,turn,0.04094,0.02675,-0.031,0.03761,-0.0076,-11.74,33.0,0.2893,0.0636,4.151,9.183,0.0,0,4.44,51.32
1,615,12.3,turn,0.03944,0.03056,-0.02492,0.03552,-0.0076,-13.08,34.95,0.2942,0.0621,4.473,7.375,0.0,0,3.66,52.79
2,615,12.3,turn,0.02724,0.02501,-0.01079,0.0295,-0.0076,16.26,37.65,0.3288,0.0427,1.913,10.075,0.0,0,0.5,31.23
3,615,12.3,turn,0.02171,0.02162,-0.00191,0.02304,-0.0076,11.76,35.47,0.3248,0.0498,3.285,11.785,0.0,0,0.5,34.14
0,616,12.32,turn,0.04101,0.02656,-0.03125,0.03765,-0.0076,-11.87,33.0,0.2892,0.0636,4.164,9.127,0.0,0,4.52,51.61
1,616,12.32,turn,0.0389,0.03001,-0.02475,0.03498,-0.0076,-13.03,35.05,0.294,0.0623,4.479,7.371,0.0,0,3.62,52.63
2,616,12.32,turn,0.02715,0.02487,-0.01089,0.02934,-0.0076,16.23,37.4,0.3288,0.043,1.931,12.312,0.0,0,0.5,31.42
3,616,12.32,turn,0.02153,0.02144,-0.00194,0.02278,-0.0076,11.71,35.46,0.325,0.0497,3.257,11.799,0.0,0,0.5,34.17
0,617,12.34,turn,0.04106,0.02634,-0.03149,0.03768,-0.0076,-12.01,33.0,0.2892,0.0637,4.178,8.987,0.0,0,4.6,51.89
1,617,12.34,turn,0.03842,0.02951,-0.0246,0.0345,-0.0076,-12.98,35.11,0.2938,0.0625,4.486,7.265,0.0,0,3.58,52.52
2,617,12.34,turn,0.02705,0.02471,-0.011,0.02916,-0.0076,16.19,37.56,0.3288,0.0432,1.945,10.421,0.0,0,0.5,31.59
3,617,12.34,turn,0.02128,0.02119,-0.00196,0.02242,-0.0076,11.67,35.56,0.3252,0.0496,3.226,11.871,0.0,0,0.5,33.99
0,618,12.36,turn,0.041,0.02603,-0.03168,0.03762,-0.0076,-12.09,32.98,0.2893,0.0637,4.195,8.837,0.0,0,4.65,52.09
1,618,12.36,turn,0.03793,0.02898,-0.02448,0.03403,-0.0076,-12.94,35.16,0.2937,0.0627,4.493,7.272,0.0,0,3.55,52.4
2,618,12.36,turn,0.02697,0.02458,-0.0111,0.02902,-0.0076,16.18,37.32,0.3288,0.0434,1.957,12.202,0.0,0,0.5,31.77
3,618,12.36,turn,0.02107,0.02097,-0.00197,0.0221,-0.0076,11.57,35.65,0.3254,0.0494,3.194,11.872,0.0,0,0.5,33.89
0,619,12.38,turn,0.04097,0.02561,-0.03198,0.03762,-0.0076,-12.19,32.94,0.2893,0.0636,4.204,8.75,0.0,0,4.72,52.21
1,619,12.38,turn,0.03742,0.02849,-0.02426,0.03353,-0.0076,-12.88,35.21,0.2936,0.0628,4.501,7.303,0.0,0,3.5,52.29
2,619,12.38,turn,0.02689,0.02445,-0.0112,0.02885,-0.0076,16.13,37.37,0.3287,0.0437,1.967,11.118,0.0,0,0.5,31.97
3,619,12.38,turn,0.02089,0.02079,-0.00199,0.02186,-0.0076,11.45,35.58,0.3256,0.0492,3.159,11.93,0.0,0,0.5,33.87
0,620,12.4,turn,0.04096,0.02527,-0.03223,0.03761,-0.0076,-12.27,32.91,0.2895,0.0636,4.21,8.808,0.0,0,4.78,52.39
1,620,12.4,turn,0.03696,0.028,-0.02412,0.03309,-0.0076,-12.87,35.24,0.2935,0.0629,4.508,7.201,0.0,0,3.46,52.22
2,620,12.4,turn,0.02681,0.02433,-0.01128,0.02871,-0.0076,16.13,37.17,0.3287,0.0439,1.974,12.022,0.0,0,0.5,32.14
3,620,12.4,turn,0.0207,0.0206,-0.00202,0.02159,-0.0076,11.3,35.63,0.3259,0.049,3.122,12.051,0.0,0,0.5,33.91
0,621,12.42,turn,0.04096,0.02499,-0.03246,0.0376,-0.0076,-12.35,32.89,0.2896,0.0635,4.214,8.864,0.0,0,4.84,52.64
1,621,12.42,turn,0.03646,0.02747,-0.02397,0.03262,-0.0076,-12.85,35.27,0.2935,0.063,4.515,7.286,0.0,0,3.42,52.11
2,621,12.42,turn,0.02674,0.02419,-0.01139,0.02853,-0.0076,16.05,37.39,0.3286,0.0441,1.978,10.644,0.0,0,0.5,32.28
3,621,12.42,turn,0.02052,0.02042,-0.00204,0.02134,-0.0076,11.1,35.61,0.3261,0.0488,3.081,11.907,0.0,0,0.5,33.87
0,622,12.44,turn,0.04096,0.02474,-0.03265,0.03758,-0.0076,-12.44,32.88,0.2899,0.0634,4.217,8.857,0.0,0,4.9,52.88
1,622,12.44,turn,0.03594,0.02705,-0.02367,0.03211,-0.0076,-12.79,35.28,0.2935,0.063,4.522,7.289,0.0,0,3.36,52.04
2,622,12.44,turn,0.02662,0.02405,-0.01141,0.02836,-0.0076,15.97,37.07,0.3286,0.0443,1.977,11.823,0.0,0,0.5,32.46
3,622,12.44,turn,0.02031,0.02021,-0.00206,0.02105,-0.0076,10.91,35.66,0.3263,0.0486,3.039,12.09,0.0,0,0.5,33.82
0,623,12.46,turn,0.04089,0.02448,-0.03276,0.0375,-0.0076,-12.51,32.86,0.2901,0.0633,4.22,8.802,0.0,0,4.93,53.11
1,623,12.46,turn,0.03549,0.02661,-0.02348,0.03167,-0.0076,-12.79,35.3,0.2935,0.063,4.528,7.19,0.0,0,3.31,52.0
2,623,12.46,turn,0.02657,0.02395,-0.01151,0.02826,-0.0076,15.87,36.97,0.3285,0.0445,1.973,12.212,0.0,0,0.5,32.72
3,623,12.46,turn,0.02013,0.02002,-0.00209,0.02081,-0.0076,10.68,35.69,0.3265,0.0483,2.995,12.032,0.0,0,0.5,33.81
0,624,12.48,turn,0.04075,0.02418,-0.0328,0.03736,-0.0076,-12.58,32.84,0.2904,0.0632,4.222,8.746,0.0,0,4.96,53.28
1,624,12.48,turn,0.03493,0.02616,-0.02314,0.03113,-0.0076,-12.74,35.3,0.2936,0.063,4.535,7.278,0.0,0,3.23,51.91
2,624,12.48,turn,0.02648,0.02382,-0.01158,0.02808,-0.0076,15.87,36.92,0.3285,0.0447,1.965,11.543,0.0,0,0.5,32.88
3,624,12.48,turn,0.01995,0.01984,-0.00211,0.02056,-0.0076,10.46,35.67,0.3267,0.048,2.946,11.81,0.0,0,0.5,33.69
0,625,12.5,turn,0.04052,0.02388,-0.03274,0.03713,-0.0076,-12.62,32.83,0.2907,0.0631,4.227,8.736,0.0,0,4.95,53.4
1,625,12.5,turn,0.03448,0.02572,-0.02297,0.03071,-0.0076,-12.77,35.31,0.2936,0.063,4.542,7.251,0.0,0,3.18,51.87
2,625,12.5,turn,0.02641,0.02369,-0.01165,0.0279,-0.0076,15.71,37.0,0.3284,0.0449,1.953,11.335,0.0,0,0.5,33.01
3,625,12.5,turn,0.01975,0.01964,-0.00214,0.02032,-0.0076,10.22,35.69,0.3269,0.0478,2.898,12.075,0.0,0,0.5,33.64
0,626,12.52,turn,0.04022,0.02356,-0.0326,0.03683,-0.0076,-12.63,32.81,0.2909,0.0629,4.233,8.55,0.0,0,4.93,53.46
1,626,12.52,turn,0.03405,0.02524,-0.02285,0.03028,-0.0076,-12.83,35.31,0.2937,0.063,4.549,7.373,0.0,0,3.14,51.8
2,626,12.52,turn,0.02636,0.02361,-0.01173,0.02777,-0.0076,15.55,37.06,0.3284,0.0451,1.937,10.913,0.0,0,0.5,33.14
3,626,12.52,turn,0.01948,0.01937,-0.00212,0.01998,-0.0076,9.98,36.07,0.327,0.0475,2.846,11.114,0.0,0,0.5,33.28
0,627,12.54,turn,0.03985,0.0232,-0.0324,0.03647,-0.0076,-12.62,32.79,0.2912,0.0627,4.24,8.529,0.0,0,4.88,53.46
1,627,12.54,turn,0.03364,0.02472,-0.02281,0.02989,-0.0076,-12.93,35.32,0.2938,0.0629,4.556,7.171,0.0,0,3.14,51.71
2,627,12.54,turn,0.02629,0.02351,-0.01178,0.02763,-0.0076,15.44,36.94,0.3283,0.0453,1.916,10.993,0.0,0,0.5,33.22
3,627,12.54,turn,0.01927,0.01915,-0.00215,0.01971,-0.0076,9.71,36.27,0.3272,0.0472,2.795,10.72,0.0,0,0.5,33.04
0,628,12.56,turn,0.03944,0.02285,-0.03214,0.03607,-0.0076,-12.61,32.78,0.2914,0.0625,4.245,8.528,0.0,0,4.83,53.44
1,628,12.56,turn,0.03327,0.02437,-0.02265,0.02949,-0.0076,-13.01,35.36,0.2939,0.0629,4.563,7.336,0.0,0,3.12,51.72
2,628,12.56,turn,0.02623,0.0234,-0.01184,0.02749,-0.0076,15.29,36.86,0.3282,0.0455,1.891,12.059,0.0,0,0.5,33.33
3,628,12.56,turn,0.01909,0.01897,-0.00215,0.01946,-0.0076,9.31,36.31,0.3273,0.0468,2.742,10.457,0.0,0,0.5,32.9
0,629,12.58,turn,0.039,0.0225,-0.03185,0.03565,-0.0076,-12.59,32.78,0.2916,0.0623,4.247,8.529,0.0,0,4.77,53.42
1,629,12.58,turn,0.03291,0.02401,-0.02251,0.02911,-0.0076,-13.11,35.39,0.2941,0.0628,4.572,7.451,0.0,0,3.1,51.73
2,629,12.58,turn,0.02617,0.02331,-0.01189,0.02735,-0.0076,15.1,36.83,0.3281,0.0456,1.862,11.864,0.0,0,0.5,33.4
3,629,12.58,turn,0.01892,0.0188,-0.00213,0.01923,-0.0076,8.96,36.35,0.3274,0.0465,2.686,10.709,0.0,0,0.5,32.6
0,630,12.6,turn,0.03855,0.02216,-0.03154,0.03521,-0.0076,-12.58,32.79,0.2917,0.062,4.247,8.52,0.0,0,4.7,53.39
1,630,12.6,turn,0.0326,0.02355,-0.02254,0.02881,-0.0076,-13.2,35.38,0.2943,0.0627,4.582,7.575,0.0,0,3.08,51.69
2,630,12.6,turn,0.02611,0.02322,-0.01193,0.02721,-0.0076,14.91,36.75,0.3281,0.0458,1.829,12.175,0.0,0,0.5,33.48
3,630,12.6,turn,0.01873,0.01861,-0.00211,0.019,-0.0076,8.59,36.48,0.3274,0.0461,2.627,10.883,0.0,0,0.5,32.25
0,631,12.62,turn,0.03809,0.02182,-0.03122,0.03477,-0.0076,-12.57,32.81,0.2919,0.0618,4.244,8.497,0.0,0,4.63,53.37
1,631,12.62,turn,0.03223,0.02319,-0.02238,0.02843,-0.0076,-13.25,35.38,0.2945,0.0625,4.595,7.39,0.0,0,3.06,51.72
2,631,12.62,turn,0.02609,0.02315,-0.01203,0.02709,-0.0076,14.68,36.93,0.328,0.0459,1.794,11.551,0.0,0,0.5,33.52
3,631,12.62,turn,0.01863,0.0185,-0.00215,0.01889,-0.0076,8.22,36.54,0.3275,0.0458,2.571,10.745,0.0,0,0.5,32.12
0,632,12.64,turn,0.03764,0.02149,-0.03091,0.03434,-0.0076,-12.57,32.83,0.292,0.0615,4.239,8.473,0.0,0,4.57,53.35
1,632,12.64,turn,0.03188,0.0228,-0.02228,0.02809,-0.0076,-13.26,35.38,0.2947,0.0624,4.607,7.534,0.0,0,3.02,51.73
2,632,12.64,turn,0.02603,0.02306,-0.01208,0.02696,-0.0076,14.5,36.86,0.3279,0.046,1.755,11.443,0.0,0,0.5,33.59
3,632,12.64,turn,0.01853,0.01841,-0.00214,0.01879,-0.0076,7.9,36.54,0.3275,0.0454,2.515,10.475,0.0,0,0.5,31.94
0,633,12.66,turn,0.03721,0.02116,-0.03061,0.03392,-0.0076,-12.58,32.85,0.2921,0.0612,4.232,8.455,0.0,0,4.51,53.33
1,633,12.66,turn,0.03149,0.02239,-0.02215,0.02772,-0.0076,-13.26,35.36,0.2949,0.0622,4.617,7.492,0.0,0,2.98,51.73
2,633,12.66,turn,0.02604,0.02301,-0.01219,0.02688,-0.0076,14.28,37.0,0.3277,0.0461,1.712,11.802,0.0,0,0.5,33.65
3,633,12.66,turn,0.01844,0.01832,-0.0021,0.01868,-0.0076,7.63,36.64,0.3275,0.0451,2.456,10.621,0.0,0,0.5,31.59
0,634,12.68,turn,0.03679,0.02084,-0.03032,0.03352,-0.0076,-12.6,32.87,0.2922,0.0609,4.224,8.441,0.0,0,4.46,53.32
1,634,12.68,turn,0.03108,0.022,-0.02195,0.02732,-0.0076,-13.25,35.34,0.2952,0.0621,4.625,7.463,0.0,0,2.93,51.74
2,634,12.68,turn,0.02598,0.02294,-0.0122,0.02676,-0.0076,14.08,36.84,0.3276,0.0462,1.666,11.646,0.0,0,0.5,33.7
3,634,12.68,turn,0.01841,0.01829,-0.00211,0.01867,-0.0076,7.29,36.51,0.3275,0.0447,2.398,11.313,0.0,0,0.5,31.53
0,635,12.7,turn,0.03639,0.02055,-0.03003,0.03313,-0.0076,-12.63,32.86,0.2924,0.0606,4.214,8.457,0.0,0,4.41,53.36
1,635,12.7,turn,0.03066,0.02161,-0.02175,0.02693,-0.0076,-13.25,35.33,0.2955,0.0619,4.63,7.453,0.0,0,2.87,51.75
2,635,12.7,turn,0.02595,0.0229,-0.01222,0.02666,-0.0076,13.84,36.74,0.3275,0.0463,1.618,11.84,0.0,0,0.5,33.68
3,635,12.7,turn,0.01838,0.01825,-0.00213,0.0186,-0.0076,7.0,36.71,0.3275,0.0444,2.34,10.315,0.0,0,0.5,31.32
0,636,12.72,turn,0.03596,0.02024,-0.02972,0.03272,-0.0076,-12.71,33.12,0.2925,0.0603,4.202,7.814,0.0,0,4.35,53.42
1,636,12.72,turn,0.03026,0.02121,-0.02158,0.02656,-0.0076,-13.27,35.33,0.2957,0.0617,4.635,7.281,0.0,0,2.83,51.75
2,636,12.72,turn,0.02597,0.02287,-0.01231,0.02659,-0.0076,13.54,37.08,0.3274,0.0464,1.568,11.198,0.0,0,0.5,33.57
3,636,12.72,turn,0.01837,0.01825,-0.00208,0.01859,-0.0076,6.77,36.71,0.3274,0.044,2.284,10.512,0.0,0,0.5,31.12
0,637,12.74,turn,0.0361,0.02021,-0.02991,0.03288,-0.0076,-12.81,32.32,0.2926,0.06,4.202,8.782,0.0,0,4.38,53.74
1,637,12.74,turn,0.02975,0.02078,-0.02129,0.02608,-0.0076,-13.26,35.33,0.296,0.0614,4.638,7.382,0.0,0,2.75,51.68
2,637,12.74,turn,0.02591,0.02281,-0.01229,0.02647,-0.0076,13.26,37.08,0.3272,0.0465,1.514,11.662,0.0,0,0.5,33.42
3,637,12.74,turn,0.01839,0.01827,-0.00207,0.01859,-0.0076,6.49,36.69,0.3273,0.0437,2.225,10.021,0.0,0,0.5,31.01
0,638,12.76,turn,0.03589,0.01983,-0.02992,0.03266,-0.0076,-12.92,32.48,0.2927,0.0597,4.195,8.476,0.0,0,4.4,53.77
1,638,12.76,turn,0.0293,0.02034,-0.0211,0.02567,-0.0076,-13.34,35.33,0.2962,0.0612,4.641,7.116,0.0,0,2.71,51.64
2,638,12.76,turn,0.02589,0.02278,-0.0123,0.02638,-0.0076,12.95,37.16,0.3271,0.0466,1.458,11.696,0.0,0,0.5,33.26
3,638,12.76,turn,0.01837,0.01825,-0.00208,0.01853,-0.0076,6.12,36.84,0.3272,0.0434,2.166,10.448,0.0,0,0.5,30.76
0,639,12.78,turn,0.03557,0.01955,-0.02972,0.03234,-0.0076,-13.0,32.78,0.2928,0.0593,4.183,8.152,0.0,0,4.38,53.89
1,639,12.78,turn,0.02882,0.01999,-0.02077,0.02519,-0.0076,-13.4,35.35,0.2965,0.0609,4.643,7.366,0.0,0,2.65,51.61
2,639,12.78,turn,0.02592,0.02278,-0.01235,0.02635,-0.0076,12.59,37.24,0.3269,0.0467,1.399,12.072,0.0,0,0.5,33.18
3,639,12.78,turn,0.01839,0.01828,-0.00204,0.01852,-0.0076,5.81,36.85,0.3271,0.043,2.11,10.267,0.0,0,0.5,30.46
0,640,12.8,turn,0.03569,0.01954,-0.02987,0.03244,-0.0076,-13.06,32.14,0.293,0.059,4.183,8.621,0.0,0,4.41,54.25
1,640,12.8,turn,0.02838,0.01961,-0.02053,0.02477,-0.0076,-13.48,35.36,0.2967,0.0606,4.644,7.246,0.0,0,2.59,51.58
2,640,12.8,turn,0.02597,0.02281,-0.0124,0.02635,-0.0076,12.22,37.16,0.3268,0.0468,1.338,11.595,0.0,0,0.5,33.18
3,640,12.8,turn,0.01842,0.01831,-0.00201,0.01852,-0.0076,5.45,36.79,0.3269,0.0427,2.051,9.554,0.0,0,0.5,30.36
0,641,12.82,turn,0.03564,0.01938,-0.02992,0.03238,-0.0076,-13.12,31.92,0.2931,0.0586,4.18,9.583,0.0,0,4.43,54.47
1,641,12.82,turn,0.02803,0.01925,-0.02038,0.02444,-0.0076,-13.56,35.37,0.2969,0.0604,4.645,7.487,0.0,0,2.54,51.61
2,641,12.82,turn,0.02601,0.02283,-0.01246,0.02635,-0.0076,11.82,37.26,0.3266,0.0469,1.276,10.959,0.0,0,0.5,33.24
3,641,12.82,turn,0.01846,0.01835,-0.00199,0.01853,-0.0076,5.12,36.77,0.3267,0.0423,1.989,9.565,0.0,0,0.5,30.31
0,642,12.84,turn,0.03551,0.0193,-0.02981,0.03223,-0.0076,-13.13,31.78,0.2933,0.0583,4.179,9.208,0.0,0,4.41,54.79
1,642,12.84,turn,0.0277,0.01899,-0.02017,0.02413,-0.0076,-13.57,35.34,0.2971,0.0601,4.647,7.352,0.0,0,2.49,51.73
2,642,12.84,turn,0.026,0.02284,-0.01243,0.02629,-0.0076,11.49,37.32,0.3264,0.047,1.213,11.37,0.0,0,0.5,33.01
3,642,12.84,turn,0.01855,0.01845,-0.00197,0.01859,-0.0076,4.8,36.73,0.3266,0.042,1.931,9.545,0.0,0,0.5,30.32
0,643,12.86,turn,0.03523,0.01915,-0.02957,0.03192,-0.0076,-13.1,31.71,0.2934,0.0579,4.177,8.916,0.0,0,4.36,54.94
1,643,12.86,turn,0.02739,0.01875,-0.01996,0.02382,-0.0076,-13.59,35.32,0.2973,0.0597,4.646,7.22,0.0,0,2.43,51.89
2,643,12.86,turn,0.02603,0.02288,-0.01241,0.02629,-0.0076,11.07,37.25,0.3262,0.0471,1.15,11.955,0.0,0,0.5,32.87
3,643,12.86,turn,0.01868,0.01858,-0.00196,0.01867,-0.0076,4.41,36.82,0.3264,0.0416,1.872,10.138,0.0,0,0.5,30.08
0,644,12.88,turn,0.03489,0.01893,-0.02931,0.03156,-0.0076,-13.09,31.75,0.2936,0.0576,4.172,8.669,0.0,0,4.31,55.0
1,644,12.88,turn,0.02703,0.0185,-0.0197,0.02346,-0.0076,-13.6,35.3,0.2975,0.0594,4.645,7.248,0.0,0,2.37,52.0
2,644,12.88,turn,0.02611,0.02296,-0.01243,0.02634,-0.0076,10.7,36.81,0.3259,0.0472,1.114,11.856,0.0,0,0.5,33.0
3,644,12.88,turn,0.01884,0.01874,-0.00194,0.01878,-0.0076,4.04,36.77,0.3262,0.0413,1.812,9.92,0.0,0,0.5,29.84
0,645,12.9,turn,0.03453,0.0186,-0.0291,0.03121,-0.0076,-13.11,31.8,0.2937,0.0573,4.167,8.546,0.0,0,4.27,54.96
1,645,12.9,turn,0.02669,0.01824,-0.01948,0.02313,-0.0076,-13.64,35.28,0.2977,0.0591,4.642,7.315,0.0,0,2.31,52.13
2,645,12.9,turn,0.02626,0.02313,-0.01244,0.02644,-0.0076,10.24,37.12,0.3256,0.0473,1.108,10.168,0.0,0,0.5,32.74
3,645,12.9,turn,0.019,0.0189,-0.00192,0.01889,-0.0076,3.64,36.77,0.326,0.041,1.748,9.55,0.0,0,0.5,29.66
0,646,12.92,turn,0.03407,0.01815,-0.02883,0.03081,-0.0076,-13.15,31.89,0.2939,0.057,4.16,8.603,0.0,0,4.22,54.83
1,646,12.92,turn,0.02628,0.01795,-0.0192,0.02274,-0.0076,-13.65,35.27,0.2979,0.0588,4.639,7.248,0.0,0,2.23,52.18
2,646,12.92,turn,0.02639,0.02334,-0.01231,0.02652,-0.0076,9.6,37.2,0.3253,0.0475,1.114,11.53,0.0,0,0.46,32.5
3,646,12.92,turn,0.01916,0.01907,-0.00187,0.019,-0.0076,3.24,36.77,0.3258,0.0406,1.684,9.499,0.0,0,0.5,29.54
0,647,12.94,turn,0.03389,0.01776,-0.02887,0.03065,-0.0076,-13.31,31.97,0.294,0.0566,4.154,8.39,0.0,0,4.23,54.81
1,647,12.94,turn,0.02594,0.01765,-0.019,0.02242,-0.0076,-13.69,35.27,0.298,0.0585,4.635,7.153,0.0,0,2.18,52.27
2,647,12.94,turn,0.0262,0.02322,-0.01213,0.02629,-0.0076,8.92,37.38,0.3249,0.0478,1.121,10.54,0.0,0,0.43,32.49
3,647,12.94,turn,0.01934,0.01925,-0.00182,0.01914,-0.0076,2.82,36.79,0.3256,0.0403,1.619,9.242,0.0,0,0.5,29.43
0,648,12.96,turn,0.03383,0.01724,-0.02911,0.03065,-0.0076,-13.5,32.06,0.2941,0.0563,4.144,8.497,0.0,0,4.28,54.67
1,648,12.96,turn,0.02556,0.01737,-0.01876,0.02206,-0.0076,-13.72,35.26,0.2982,0.0581,4.63,7.196,0.0,0,2.12,52.35
2,648,12.96,turn,0.02591,0.023,-0.01193,0.02598,-0.0076,8.38,37.19,0.3245,0.0481,1.154,11.293,0.0,0,0.4,32.78
3,648,12.96,turn,0.01949,0.0194,-0.00177,0.01926,-0.0076,2.44,36.71,0.3253,0.04,1.566,9.269,0.0,0,0.5,29.32
0,649,12.98,turn,0.03395,0.01683,-0.02948,0.03081,-0.0076,-13.68,32.03,0.2942,0.0559,4.132,8.345,0.0,0,4.37,54.71
1,649,12.98,turn,0.0252,0.01712,-0.0185,0.02172,-0.0076,-13.74,35.26,0.2983,0.0578,4.624,7.149,0.0,0,2.05,52.45
2,649,12.98,turn,0.02556,0.02263,-0.01188,0.02562,-0.0076,7.68,37.16,0.3241,0.0484,1.187,10.501,0.0,0,0.4,33.12
3,649,12.98,turn,0.01884,0.01873,-0.00197,0.0187,-0.0076,1.91,35.35,0.3251,0.0396,1.579,13.028,0.0,0,0.5,30.86
0,650,13.0,turn,0.03404,0.01655,-0.02974,0.03091,-0.0076,-13.82,31.93,0.2943,0.0556,4.121,8.649,0.0,0,4.44,54.88
1,650,13.0,turn,0.02489,0.01688,-0.01829,0.02141,-0.0076,-13.79,35.24,0.2985,0.0575,4.617,7.218,0.0,0,1.99,52.59
2,650,13.0,turn,0.02499,0.02196,-0.01191,0.02504,-0.0076,7.09,36.5,0.3237,0.0486,1.253,11.888,0.0,0,0.43,34.14
3,650,13.0,turn,0.01843,0.01834,-0.00182,0.01829,-0.0076,0.92,36.1,0.3249,0.039,1.515,8.467,0.0,0,0.49,30.97
0,651,13.02,turn,0.03401,0.01644,-0.02977,0.03088,-0.0076,-13.87,31.71,0.2945,0.0552,4.112,8.837,0.0,0,4.45,55.16
1,651,13.02,turn,0.02455,0.01662,-0.01807,0.02109,-0.0076,-13.82,35.24,0.2986,0.0572,4.609,7.243,0.0,0,1.94,52.7
2,651,13.02,turn,0.02473,0.02154,-0.01215,0.02475,-0.0076,6.31,36.77,0.3234,0.0487,1.293,9.521,0.0,0,0.5,34.25
3,651,13.02,turn,0.01826,0.01822,-0.00111,0.01812,-0.0076,0.41,36.08,0.3248,0.0385,1.409,8.623,0.0,0,0.35,31.06
0,652,13.04,turn,0.03391,0.01631,-0.02973,0.03078,-0.0076,-13.92,31.51,0.2946,0.0549,4.104,9.142,0.0,0,4.43,55.35
1,652,13.04,turn,0.02427,0.01637,-0.01792,0.02082,-0.0076,-13.88,35.22,0.2987,0.0568,4.601,7.898,0.0,0,1.89,52.81
2,652,13.04,turn,0.02403,0.02098,-0.01173,0.02405,-0.0076,5.69,36.31,0.323,0.0488,1.338,11.671,0.0,0,0.44,35.18
3,652,13.04,turn,0.01843,0.01842,-0.00053,0.01831,-0.0076,-0.17,36.53,0.3246,0.038,1.324,8.22,0.0,0,0.22,30.99
0,653,13.06,turn,0.03375,0.01613,-0.02965,0.03063,-0.0076,-13.96,31.39,0.2948,0.0546,4.094,9.018,0.0,0,4.41,55.48
1,653,13.06,turn,0.02405,0.01628,-0.01769,0.02064,-0.0076,-13.81,34.61,0.2988,0.0565,4.592,8.322,0.0,0,1.85,52.99
2,653,13.06,turn,0.02357,0.02042,-0.01177,0.02357,-0.0076,4.9,36.25,0.3227,0.0488,1.4,9.895,0.0,0,0.46,35.74
3,653,13.06,turn,0.01764,0.0176,-0.00109,0.01758,-0.0076,-0.77,35.44,0.3244,0.0374,1.323,11.838,0.0,0,0.37,32.31
0,654,13.08,turn,0.03351,0.01595,-0.02947,0.0304,-0.0076,-13.96,31.31,0.295,0.0543,4.081,9.085,0.0,0,4.37,55.55
1,654,13.08,turn,0.02392,0.01622,-0.01758,0.02044,-0.0076,-13.92,34.76,0.2989,0.0562,4.58,8.144,0.0,0,1.82,53.34
2,654,13.08,turn,0.02293,0.01978,-0.0116,0.02292,-0.0076,4.09,36.17,0.3224,0.0487,1.44,10.348,0.0,0,0.45,36.53
3,654,13.08,turn,0.01728,0.01722,-0.00145,0.01724,-0.0076,-1.43,35.49,0.3243,0.0367,1.306,8.564,0.0,0,0.49,32.69
0,655,13.1,turn,0.03326,0.01573,-0.02931,0.03019,-0.0076,-13.99,31.26,0.2951,0.0539,4.066,9.076,0.0,0,4.33,55.57
1,655,13.1,turn,0.02385,0.01618,-0.01751,0.02036,-0.0076,-14.0,34.41,0.299,0.0559,4.571,8.325,0.0,0,1.8,53.67
2,655,13.1,turn,0.02227,0.01914,-0.01138,0.02224,-0.0076,3.29,35.85,0.3222,0.0485,1.506,10.944,0.0,0,0.42,37.4
3,655,13.1,turn,0.01728,0.01725,-0.00091,0.01727,-0.0076,-2.08,35.84,0.3241,0.036,1.215,8.015,0.0,0,0.38,32.63
0,656,13.12,turn,0.033,0.01553,-0.02912,0.02995,-0.0076,-14.0,31.23,0.2953,0.0536,4.049,9.036,0.0,0,4.28,55.61
1,656,13.12,turn,0.02378,0.01605,-0.01755,0.02028,-0.0076,-14.12,34.28,0.2991,0.0556,4.57,8.801,0.0,0,1.8,53.94
2,656,13.12,turn,0.02185,0.0187,-0.01129,0.02183,-0.0076,2.39,36.33,0.3219,0.0482,1.531,9.253,0.0,0,0.41,37.57
3,656,13.12,turn,0.01757,0.01757,-0.00026,0.01761,-0.0076,-2.66,36.31,0.3239,0.0353,1.129,7.825,0.0,0,0.24,32.3
0,657,13.14,turn,0.03273,0.01532,-0.02892,0.02971,-0.0076,-14.03,31.21,0.2954,0.0533,4.032,8.984,0.0,0,4.24,55.66
1,657,13.14,turn,0.0237,0.01584,-0.01762,0.0202,-0.0076,-14.25,34.19,0.2991,0.0553,4.568,9.475,0.0,0,1.81,54.12
2,657,13.14,turn,0.0212,0.01831,-0.01068,0.02115,-0.0076,1.74,35.52,0.3217,0.0478,1.592,11.796,0.0,0,0.31,38.68
3,657,13.14,turn,0.01644,0.01642,-0.00086,0.01653,-0.0076,-3.39,35.55,0.3237,0.0345,1.129,11.625,0.0,0,0.42,33.81
0,658,13.16,turn,0.03251,0.01513,-0.02878,0.02953,-0.0076,-14.07,31.14,0.2955,0.053,4.013,9.2,0.0,0,4.21,55.7
1,658,13.16,turn,0.02357,0.01559,-0.01767,0.02013,-0.0076,-14.3,33.87,0.2992,0.055,4.566,8.414,0.0,0,1.82,54.27
2,658,13.16,turn,0.02084,0.01789,-0.01069,0.02081,-0.0076,0.78,35.89,0.3216,0.0472,1.626,9.124,0.0,0,0.32,38.83
3,658,13.16,turn,0.01605,0.01603,-0.00097,0.01618,-0.0076,-4.03,35.47,0.3235,0.0337,1.094,8.96,0.0,0,0.48,33.88
0,659,13.18,turn,0.03223,0.01489,-0.02859,0.0293,-0.0076,-14.1,31.15,0.2956,0.0527,3.993,8.985,0.0,0,4.16,55.7
1,659,13.18,turn,0.02354,0.01546,-0.01776,0.02009,-0.0076,-14.41,33.73,0.2993,0.0547,4.566,9.092,0.0,0,1.83,54.53
2,659,13.18,turn,0.02014,0.01724,-0.0104,0.02011,-0.0076,-0.05,35.94,0.3214,0.0465,1.625,10.203,0.0,0,0.28,39.56
3,659,13.18,turn,0.01557,0.01556,-0.00049,0.01573,-0.0076,-4.61,35.4,0.3234,0.0329,1.014,8.382,0.0,0,0.4,34.3
0,660,13.2,turn,0.032,0.01469,-0.02843,0.0291,-0.0076,-14.15,31.12,0.2958,0.0524,3.972,9.106,0.0,0,4.13,55.72
1,660,13.2,turn,0.02345,0.01521,-0.01784,0.02003,-0.0076,-14.5,33.58,0.2993,0.0544,4.564,9.028,0.0,0,1.84,54.67
2,660,13.2,turn,0.01947,0.01661,-0.01016,0.01943,-0.0076,-0.85,35.82,0.3213,0.0457,1.662,10.288,0.0,0,0.24,40.32
3,660,13.2,turn,0.01478,0.01477,-0.00055,0.015,-0.0076,-5.38,35.11,0.3232,0.032,0.961,9.004,0.0,0,0.47,35.17
0,661,13.22,turn,0.03177,0.01452,-0.02826,0.02891,-0.0076,-14.18,31.09,0.2959,0.052,3.951,9.167,0.0,0,4.09,55.73
1,661,13.22,turn,0.02335,0.01488,-0.01799,0.01999,-0.0076,-14.6,33.5,0.2993,0.0541,4.559,8.915,0.0,0,1.87,54.74
2,661,13.22,turn,0.01889,0.01608,-0.0099,0.01894,-0.0076,-1.59,36.14,0.3212,0.0448,1.669,9.315,0.0,0,0.2,40.39
3,661,13.22,turn,0.01429,0.01428,-0.00038,0.01458,-0.0076,-6.06,35.24,0.3231,0.0311,0.915,7.021,0.0,0,0.46,35.45
0,662,13.24,turn,0.03153,0.01432,-0.02809,0.02872,-0.0076,-14.22,31.08,0.296,0.0517,3.928,9.186,0.0,0,4.04,55.71
1,662,13.24,turn,0.02325,0.01453,-0.01815,0.01996,-0.0076,-14.69,33.46,0.2993,0.0538,4.552,8.967,0.0,0,1.9,54.78
2,662,13.24,turn,0.01817,0.01554,-0.00941,0.01822,-0.0076,-2.26,35.92,0.3211,0.0438,1.69,9.8,0.0,0,0.12,41.09
3,662,13.24,turn,0.0134,0.0134,-0.00011,0.01377,-0.0076,-6.75,35.21,0.3229,0.0302,0.874,7.629,0.0,0,0.45,36.38
0,663,13.26,turn,0.03128,0.01416,-0.02789,0.02851,-0.0076,-14.24,31.06,0.2962,0.0514,3.904,9.063,0.0,0,4.0,55.73
1,663,13.26,turn,0.02313,0.01419,-0.01827,0.01991,-0.0076,-14.74,33.43,0.2993,0.0535,4.543,9.028,0.0,0,1.92,54.83
2,663,13.26,turn,0.01767,0.01502,-0.00932,0.0178,-0.0076,-3.06,35.97,0.321,0.0427,1.713,9.482,0.0,0,0.11,41.22
3,663,13.26,turn,0.0128,0.01279,-0.00012,0.01325,-0.0076,-7.46,35.21,0.3227,0.0292,0.834,7.736,0.0,0,0.5,36.92
0,664,13.28,turn,0.03104,0.01401,-0.0277,0.02832,-0.0076,-14.26,31.03,0.2963,0.0511,3.879,9.132,0.0,0,3.96,55.76
1,664,13.28,turn,0.02302,0.01386,-0.01838,0.01988,-0.0076,-14.81,33.39,0.2993,0.0533,4.533,9.201,0.0,0,1.95,54.88
2,664,13.28,turn,0.01707,0.01461,-0.00883,0.01732,-0.0076,-3.72,36.18,0.3209,0.0415,1.715,9.184,0.0,0,0.03,41.23
3,664,13.28,turn,0.01219,0.01219,0.00013,0.01274,-0.0076,-8.19,35.37,0.3225,0.0283,0.789,7.513,0.0,0,0.49,37.47
0,665,13.3,turn,0.03083,0.01384,-0.02755,0.02816,-0.0076,-14.32,31.02,0.2964,0.0508,3.853,9.211,0.0,0,3.92,55.76
1,665,13.3,turn,0.02289,0.01355,-0.01845,0.01982,-0.0076,-14.85,33.4,0.2992,0.053,4.521,9.568,0.0,0,1.95,54.9
2,665,13.3,turn,0.01656,0.01409,-0.00869,0.01687,-0.0076,-4.42,36.17,0.3209,0.0403,1.724,9.092,0.0,0,0.04,41.7
3,665,13.3,turn,0.01126,0.01126,0.00023,0.01188,-0.0076,-8.85,35.07,0.3223,0.0273,0.773,9.202,0.0,0,0.5,38.53
0,666,13.32,turn,0.03058,0.01372,-0.02733,0.02796,-0.0076,-14.33,31.0,0.2966,0.0505,3.827,9.183,0.0,0,3.87,55.77
1,666,13.32,turn,0.02275,0.01327,-0.01848,0.01975,-0.0076,-14.86,33.34,0.2992,0.0528,4.507,9.838,0.0,0,1.97,54.97
2,666,13.32,turn,0.01615,0.01364,-0.00864,0.01654,-0.0076,-5.17,36.07,0.3208,0.039,1.737,9.349,0.0,0,0.06,41.93
3,666,13.32,turn,0.01112,0.01111,0.00051,0.01184,-0.0076,-9.55,35.29,0.3221,0.0264,0.721,7.375,0.0,0,0.47,38.52
0,667,13.34,turn,0.03036,0.01361,-0.02714,0.02778,-0.0076,-14.35,30.96,0.2967,0.0502,3.801,9.133,0.0,0,3.83,55.81
1,667,13.34,turn,0.02262,0.01298,-0.01853,0.0197,-0.0076,-14.91,33.33,0.2992,0.0525,4.491,9.924,0.0,0,1.97,55.0
2,667,13.34,turn,0.0156,0.01329,-0.00817,0.01615,-0.0076,-5.8,36.23,0.3207,0.0377,1.739,8.328,0.0,0,-0.0,41.99
3,667,13.34,turn,0.0109,0.01085,0.00097,0.01168,-0.0076,-10.16,35.31,0.322,0.0254,0.665,7.384,0.0,0,0.38,38.87
0,668,13.36,turn,0.03008,0.01352,-0.02687,0.02753,-0.0076,-14.34,30.95,0.2968,0.05,3.774,8.947,0.0,0,3.77,55.82
1,668,13.36,turn,0.02252,0.01267,-0.01862,0.01969,-0.0076,-14.97,33.29,0.2991,0.0523,4.473,9.883,0.0,0,2.0,55.03
2,668,13.36,turn,0.01528,0.01296,-0.0081,0.01595,-0.0076,-6.49,36.29,0.3207,0.0364,1.738,8.557,0.0,0,0.02,42.11
3,668,13.36,turn,0.01011,0.01008,0.00085,0.01097,-0.0076,-10.87,35.04,0.3218,0.0245,0.646,8.657,0.0,0,0.45,39.75
0,669,13.38,turn,0.02985,0.01338,-0.02669,0.02736,-0.0076,-14.36,30.94,0.2969,0.0497,3.746,8.866,0.0,0,3.73,55.81
1,669,13.38,turn,0.02237,0.0124,-0.01862,0.01963,-0.0076,-14.99,33.29,0.2991,0.052,4.455,9.967,0.0,0,2.0,55.04
2,669,13.38,turn,0.01495,0.01261,-0.00803,0.01571,-0.0076,-7.16,36.26,0.3206,0.035,1.748,8.746,0.0,0,0.04,42.36
3,669,13.38,turn,0.01018,0.01014,0.00088,0.01112,-0.0076,-11.5,35.14,0.3216,0.0236,0.614,7.214,0.0,0,0.48,39.81
0,670,13.4,turn,0.02971,0.01323,-0.0266,0.02728,-0.0076,-14.42,30.95,0.2971,0.0494,3.718,9.034,0.0,0,3.72,55.79
1,670,13.4,turn,0.02225,0.01214,-0.01864,0.0196,-0.0076,-15.03,33.29,0.2991,0.0518,4.434,10.131,0.0,0,2.0,55.05
2,670,13.4,turn,0.01465,0.01233,-0.0079,0.01552,-0.0076,-7.83,36.2,0.3205,0.0337,1.758,8.63,0.0,0,0.05,42.53
3,670,13.4,turn,0.00965,0.0096,0.00097,0.01065,-0.0076,-12.13,35.08,0.3215,0.0227,0.576,7.512,0.0,0,0.5,40.52
0,671,13.42,turn,0.02947,0.01314,-0.02639,0.02711,-0.0076,-14.42,30.95,0.2972,0.0491,3.689,9.011,0.0,0,3.67,55.78
1,671,13.42,turn,0.02212,0.01188,-0.01867,0.01957,-0.0076,-15.07,33.26,0.299,0.0515,4.411,9.958,0.0,0,2.01,55.07
2,671,13.42,turn,0.01431,0.01205,-0.00772,0.01531,-0.0076,-8.53,36.18,0.3205,0.0323,1.761,8.61,0.0,0,0.04,42.72
3,671,13.42,turn,0.00929,0.00923,0.00108,0.0104,-0.0076,-12.8,35.05,0.3213,0.0219,0.557,7.748,0.0,0,0.5,41.01
0,672,13.44,turn,0.02932,0.01304,-0.02626,0.02702,-0.0076,-14.47,30.93,0.2973,0.0489,3.66,9.056,0.0,0,3.65,55.77
1,672,13.44,turn,0.02195,0.01164,-0.0186,0.0195,-0.0076,-15.08,33.29,0.299,0.0513,4.388,10.035,0.0,0,1.99,55.04
2,672,13.44,turn,0.01399,0.01187,-0.00742,0.01512,-0.0076,-9.18,36.21,0.3204,0.031,1.758,8.368,0.0,0,-0.0,42.89
3,672,13.44,turn,0.00916,0.00908,0.00127,0.01037,-0.0076,-13.4,35.11,0.3212,0.021,0.54,7.735,0.0,0,0.49,41.35
0,673,13.46,turn,0.02916,0.01295,-0.02612,0.02692,-0.0076,-14.51,30.94,0.2974,0.0486,3.63,9.278,0.0,0,3.61,55.75
1,673,13.46,turn,0.02177,0.01144,-0.01852,0.01943,-0.0076,-15.09,33.3,0.299,0.051,4.363,10.018,0.0,0,1.97,55.03
2,673,13.46,turn,0.01385,0.01164,-0.0075,0.0151,-0.0076,-9.95,36.2,0.3204,0.0297,1.744,8.317,0.0,0,0.05,43.06
3,673,13.46,turn,0.00891,0.00881,0.00135,0.01019,-0.0076,-14.04,35.03,0.3211,0.0202,0.528,7.638,0.0,0,0.5,41.78
0,674,13.48,crack,0.02898,0.01641,-0.02389,0.02683,-0.0076,-14.55,30.95,0.2975,0.0483,3.6,9.078,0.0,0,3.57,55.74
1,674,13.48,crack,0.02156,0.01402,-0.01638,0.01933,-0.0076,-15.08,33.31,0.2989,0.0508,4.336,10.164,0.0,0,1.94,55.01
2,674,13.48,crack,0.01366,0.01155,-0.0073,0.01499,-0.0076,-10.68,36.07,0.3204,0.0284,1.738,8.354,0.0,0,0.1,43.38
3,674,13.48,crack,0.00884,0.00878,0.00106,0.01022,-0.0076,-14.72,35.08,0.321,0.0194,0.516,7.645,0.0,0,0.5,42.04
0,675,13.5,crack,0.02804,0.01617,-0.02291,0.02591,-0.0076,-14.7,32.11,0.2976,0.0481,3.569,10.705,0.0,0,3.51,55.36
1,675,13.5,crack,0.0209,0.01413,-0.0154,0.01867,-0.0076,-14.98,32.73,0.2989,0.0506,4.308,8.552,0.0,0,1.9,54.79
2,675,13.5,crack,0.01316,0.01152,-0.00637,0.01485,-0.0076,-11.42,36.76,0.3204,0.0271,1.703,7.262,0.0,0,0.02,42.75
3,675,13.5,crack,0.00916,0.00891,0.00212,0.01071,-0.0076,-15.25,35.74,0.3208,0.0186,0.49,6.878,0.0,0,0.45,41.77
0,676,13.52,crack,0.0272,0.01599,-0.022,0.02517,-0.0076,-14.78,32.66,0.2977,0.0478,3.536,10.028,0.0,0,3.47,54.77
1,676,13.52,crack,0.01997,0.01389,-0.01434,0.01777,-0.0076,-14.98,33.81,0.2989,0.0504,4.279,9.391,0.0,0,1.82,54.37
2,676,13.52,crack,0.01232,0.01104,-0.00547,0.01414,-0.0076,-12.21,36.98,0.3204,0.0258,1.685,8.031,0.0,0,0.01,42.98
3,676,13.52,crack,0.00893,0.00852,0.0027,0.01061,-0.0076,-16.0,36.01,0.3207,0.0179,0.475,7.202,0.0,0,0.5,41.89
0,677,13.54,crack,0.02652,0.01591,-0.02121,0.02458,-0.0076,-14.81,32.96,0.2978,0.0475,3.5,9.419,0.0,0,3.46,54.25
1,677,13.54,crack,0.01919,0.01375,-0.01339,0.01703,-0.0076,-15.04,34.33,0.2988,0.0501,4.245,10.724,0.0,0,1.76,53.94
2,677,13.54,crack,0.01189,0.01071,-0.00517,0.01379,-0.0076,-13.02,36.93,0.3204,0.0246,1.69,8.192,0.0,0,0.13,43.07
3,677,13.54,crack,0.00893,0.00816,0.00363,0.01069,-0.0076,-16.59,36.16,0.3206,0.0172,0.491,6.992,0.0,0,0.49,42.07
0,678,13.56,crack,0.02584,0.01584,-0.02041,0.02394,-0.0076,-14.85,33.37,0.2979,0.0473,3.464,10.576,0.0,0,3.45,54.01
1,678,13.56,crack,0.01863,0.01361,-0.01272,0.01658,-0.0076,-15.07,34.56,0.2988,0.0499,4.211,9.105,0.0,0,1.77,53.57
2,678,13.56,crack,0.0118,0.01076,-0.00484,0.01385,-0.0076,-13.79,37.03,0.3204,0.0234,1.677,7.54,0.0,0,0.22,42.67
3,678,13.56,crack,0.00941,0.0083,0.00443,0.01122,-0.0076,-17.16,36.33,0.3205,0.0166,0.499,7.536,0.0,0,0.49,41.87
0,679,13.58,crack,0.0251,0.01583,-0.01948,0.02324,-0.0076,-14.81,33.58,0.298,0.047,3.429,10.539,0.0,0,3.42,53.77
1,679,13.58,crack,0.01815,0.01353,-0.0121,0.01618,-0.0076,-15.14,34.85,0.2987,0.0497,4.181,9.594,0.0,0,1.8,53.3
2,679,13.58,crack,0.01154,0.0108,-0.00407,0.01382,-0.0076,-14.53,37.44,0.3204,0.0222,1.662,7.211,0.0,0,0.21,42.33
3,679,13.58,crack,0.00998,0.00845,0.0053,0.01177,-0.0076,-17.68,36.48,0.3204,0.0159,0.508,7.709,0.0,0,0.49,41.68
0,680,13.6,crack,0.02439,0.01582,-0.01857,0.02258,-0.0076,-14.77,33.76,0.298,0.0467,3.392,10.252,0.0,0,3.39,53.53
1,680,13.6,crack,0.01776,0.01348,-0.01156,0.01584,-0.0076,-15.23,34.97,0.2985,0.0494,4.152,9.316,0.0,0,1.85,53.12
2,680,13.6,crack,0.01139,0.01082,-0.00356,0.01379,-0.0076,-15.28,37.45,0.3204,0.0211,1.663,7.751,0.0,0,0.27,42.11
3,680,13.6,crack,0.01031,0.00828,0.00615,0.01213,-0.0076,-18.2,36.63,0.3203,0.0153,0.525,7.72,0.0,0,0.5,41.71
0,681,13.62,crack,0.02376,0.01582,-0.01772,0.02198,-0.0076,-14.76,33.87,0.2981,0.0465,3.354,9.86,0.0,0,3.38,53.34
1,681,13.62,crack,0.0174,0.01348,-0.011,0.01549,-0.0076,-15.3,35.06,0.2984,0.0492,4.124,9.413,0.0,0,1.89,53.05
2,681,13.62,crack,0.01128,0.01075,-0.00343,0.01374,-0.0076,-16.08,37.48,0.3204,0.02,1.677,7.605,0.0,0,0.43,42.0
3,681,13.62,crack,0.01035,0.0077,0.00691,0.01222,-0.0076,-18.86,36.51,0.3203,0.0147,0.541,8.292,0.0,0,0.5,42.0
0,682,13.64,crack,0.02313,0.01585,-0.01684,0.02138,-0.0076,-14.74,33.98,0.2981,0.0463,3.317,9.644,0.0,0,3.35,53.21
1,682,13.64,crack,0.01709,0.0135,-0.01047,0.01519,-0.0076,-15.37,35.14,0.2983,0.049,4.096,9.45,0.0,0,1.95,52.97
2,682,13.64,crack,0.01125,0.01085,-0.00298,0.01378,-0.0076,-16.8,37.36,0.3203,0.019,1.697,8.34,0.0,0,0.5,41.8
3,682,13.64,crack,0.01013,0.00674,0.00757,0.01205,-0.0076,-19.6,36.42,0.3203,0.014,0.554,8.221,0.0,0,0.5,42.61
0,683,13.66,crack,0.02251,0.0159,-0.01594,0.02079,-0.0076,-14.73,34.06,0.2981,0.046,3.282,9.565,0.0,0,3.33,53.11
1,683,13.66,crack,0.01683,0.01351,-0.01003,0.01495,-0.0076,-15.47,35.21,0.2982,0.0488,4.068,9.193,0.0,0,2.02,52.88
2,683,13.66,crack,0.01083,0.01061,-0.00215,0.01341,-0.0076,-17.47,37.28,0.3203,0.0179,1.734,7.942,0.0,0,0.5,41.99
3,683,13.66,crack,0.00995,0.00568,0.00817,0.01187,-0.0076,-20.42,36.36,0.3203,0.0133,0.578,8.194,0.0,0,0.5,43.38
0,684,13.68,crack,0.02193,0.01595,-0.01505,0.02024,-0.0076,-14.73,34.12,0.2981,0.0458,3.248,9.445,0.0,0,3.31,53.01
1,684,13.68,crack,0.0166,0.01352,-0.00964,0.01473,-0.0076,-15.57,35.27,0.2982,0.0486,4.04,9.238,0.0,0,2.1,52.83
2,684,13.68,crack,0.01038,0.01029,-0.00138,0.01302,-0.0076,-18.14,37.07,0.3203,0.0169,1.782,8.679,0.0,0,0.5,42.24
3,684,13.68,crack,0.00967,0.00448,0.00857,0.01156,-0.0076,-21.26,36.31,0.3205,0.0125,0.616,8.431,0.0,0,0.5,44.34
0,685,13.7,crack,0.02142,0.01599,-0.01425,0.01978,-0.0076,-14.77,34.24,0.2981,0.0456,3.215,9.37,0.0,0,3.3,52.87
1,685,13.7,crack,0.01643,0.01351,-0.00935,0.01459,-0.0076,-15.71,35.34,0.2981,0.0484,4.012,9.09,0.0,0,2.21,52.77
2,685,13.7,crack,0.00989,0.00987,-0.00062,0.01257,-0.0076,-18.81,37.04,0.3204,0.0158,1.837,8.277,0.0,0,0.5,42.63
3,685,13.7,crack,0.00912,0.00321,0.00854,0.01096,-0.0076,-22.15,36.3,0.3206,0.0117,0.664,8.283,0.0,0,0.57,45.38
0,686,13.72,crack,0.02099,0.01602,-0.01355,0.01939,-0.0076,-14.85,34.32,0.2981,0.0454,3.184,8.94,0.0,0,3.31,52.73
1,686,13.72,crack,0.01625,0.01352,-0.00901,0.0144,-0.0076,-15.81,35.38,0.2981,0.0482,3.985,9.16,0.0,0,2.31,52.76
2,686,13.72,crack,0.00938,0.00938,-3e-05,0.01208,-0.0076,-19.59,36.94,0.3204,0.0147,1.899,8.758,0.0,0,0.5,43.14
3,686,13.72,crack,0.00717,0.00184,0.00693,0.00868,-0.0076,-23.26,36.16,0.3208,0.0109,0.742,7.731,0.0,0,1.22,47.01
0,687,13.74,crack,0.02064,0.01603,-0.013,0.01907,-0.0076,-14.97,34.37,0.2981,0.0452,3.155,9.037,0.0,0,3.37,52.7
1,687,13.74,crack,0.01609,0.01355,-0.00868,0.01423,-0.0076,-15.91,35.4,0.298,0.048,3.958,9.175,0.0,0,2.41,52.76
2,687,13.74,crack,0.00887,0.00885,0.00054,0.01152,-0.0076,-20.39,36.89,0.3205,0.0137,1.969,9.221,0.0,0,0.5,43.83
3,687,13.74,crack,0.00584,0.00255,0.00525,0.00658,-0.0076,-24.04,35.97,0.321,0.0102,0.844,7.104,0.0,0,1.85,48.63
0,688,13.76,crack,0.02035,0.01606,-0.01251,0.01879,-0.0076,-15.1,34.4,0.2981,0.045,3.128,9.163,0.0,0,3.43,52.71
1,688,13.76,crack,0.01593,0.01357,-0.00835,0.01407,-0.0076,-16.0,35.41,0.298,0.0478,3.931,9.099,0.0,0,2.5,52.76
2,688,13.76,crack,0.00836,0.00827,0.00127,0.01092,-0.0076,-21.16,36.85,0.3205,0.0127,2.051,9.357,0.0,0,0.5,44.63
3,688,13.76,crack,0.00544,0.00383,0.00386,0.00506,-0.0076,-24.45,35.81,0.3211,0.0098,0.944,7.25,0.0,0,2.4,49.86
0,689,13.78,crack,0.02013,0.01607,-0.01212,0.01858,-0.0076,-15.25,34.42,0.298,0.0449,3.104,9.065,0.0,0,3.52,52.68
1,689,13.78,crack,0.01581,0.0136,-0.00805,0.01393,-0.0076,-16.11,35.42,0.298,0.0476,3.903,9.116,0.0,0,2.61,52.78
2,689,13.78,crack,0.00781,0.00766,0.00153,0.01008,-0.0076,-21.94,36.77,0.3206,0.0118,2.14,8.293,0.0,0,0.64,45.62
3,689,13.78,crack,0.0055,0.00497,0.00235,0.00365,-0.0076,-24.73,35.64,0.3212,0.0095,1.035,7.116,0.0,0,2.89,51.01
0,690,13.8,crack,0.01995,0.01606,-0.01183,0.01841,-0.0076,-15.41,34.46,0.298,0.0447,3.08,9.048,0.0,0,3.64,52.68
1,690,13.8,crack,0.01573,0.01361,-0.00788,0.01385,-0.0076,-16.26,35.44,0.298,0.0474,3.877,9.101,0.0,0,2.74,52.77
2,690,13.8,crack,0.00702,0.00702,0.00035,0.00857,-0.0076,-22.75,36.66,0.3206,0.0111,2.244,8.14,0.0,0,1.18,47.05
3,690,13.8,crack,0.00609,0.00586,0.00167,0.00334,-0.0076,-24.52,34.9,0.3211,0.0095,1.117,7.586,0.0,0,3.24,51.81
0,691,13.82,crack,0.01981,0.01606,-0.01159,0.01827,-0.0076,-15.57,34.47,0.298,0.0445,3.058,9.123,0.0,0,3.76,52.7
1,691,13.82,crack,0.01566,0.01363,-0.00771,0.01377,-0.0076,-16.39,35.45,0.298,0.0472,3.851,9.149,0.0,0,2.88,52.79
2,691,13.82,crack,0.00686,0.00683,-0.00062,0.00749,-0.0076,-23.26,36.52,0.3206,0.0106,2.353,8.024,0.0,0,1.64,48.37
3,691,13.82,crack,0.00715,0.00707,0.0011,0.00365,-0.0076,-24.46,34.69,0.321,0.0096,1.187,9.366,0.0,0,3.55,52.78
0,692,13.84,crack,0.01972,0.01606,-0.01145,0.01818,-0.0076,-15.76,34.48,0.298,0.0444,3.037,9.16,0.0,0,3.91,52.72
1,692,13.84,crack,0.0156,0.01365,-0.00755,0.01369,-0.0076,-16.51,35.45,0.298,0.0471,3.825,9.163,0.0,0,3.02,52.82
2,692,13.84,crack,0.00712,0.00702,-0.00117,0.00664,-0.0076,-23.51,36.36,0.3206,0.0103,2.45,7.972,0.0,0,1.99,49.56
3,692,13.84,crack,0.00786,0.00782,0.00084,0.00408,-0.0076,-24.23,34.16,0.3207,0.0099,1.251,8.778,0.0,0,3.79,53.35
0,693,13.86,crack,0.01965,0.01605,-0.01133,0.0181,-0.0076,-15.92,34.47,0.2981,0.0442,3.017,9.288,0.0,0,4.06,52.78
1,693,13.86,crack,0.01555,0.01367,-0.00741,0.01363,-0.0076,-16.62,35.45,0.298,0.0469,3.799,9.109,0.0,0,3.15,52.84
2,693,13.86,crack,0.0075,0.00737,-0.00139,0.00615,-0.0076,-23.54,36.26,0.3205,0.0101,2.532,7.899,0.0,0,2.26,50.5
3,693,13.86,crack,0.00856,0.00853,0.00078,0.00463,-0.0076,-23.93,33.04,0.3204,0.0102,1.311,8.623,0.0,0,4.01,53.94
0,694,13.88,crack,0.01962,0.01604,-0.0113,0.01806,-0.0076,-16.11,34.47,0.2981,0.0441,2.998,9.367,0.0,0,4.24,52.84
1,694,13.88,crack,0.01549,0.01368,-0.00726,0.01356,-0.0076,-16.73,35.45,0.2981,0.0468,3.773,9.083,0.0,0,3.29,52.86
2,694,13.88,crack,0.00798,0.0078,-0.0017,0.00584,-0.0076,-23.47,36.18,0.3204,0.01,2.599,8.05,0.0,0,2.5,51.31
3,694,13.88,crack,0.00945,0.00944,0.00038,0.00525,-0.0076,-23.99,33.42,0.32,0.0107,1.364,11.354,0.0,0,4.26,54.55
0,695,13.9,crack,0.01963,0.01603,-0.01133,0.01804,-0.0076,-16.31,34.44,0.2982,0.0439,2.98,9.453,0.0,0,4.42,52.92
1,695,13.9,crack,0.01547,0.0137,-0.00718,0.01352,-0.0076,-16.86,35.46,0.2981,0.0466,3.747,9.094,0.0,0,3.44,52.89
2,695,13.9,crack,0.00842,0.00821,-0.00186,0.00564,-0.0076,-23.32,36.15,0.3201,0.01,2.651,8.296,0.0,0,2.73,52.0
3,695,13.9,crack,0.00994,0.00994,3e-05,0.00559,-0.0076,-23.81,32.91,0.3196,0.0112,1.414,9.589,0.0,0,4.52,54.94
0,696,13.92,crack,0.01966,0.01602,-0.01139,0.01804,-0.0076,-16.49,34.41,0.2983,0.0438,2.962,9.689,0.0,0,4.62,53.02
1,696,13.92,crack,0.01545,0.01371,-0.00713,0.01349,-0.0076,-16.99,35.45,0.2982,0.0465,3.723,9.109,0.0,0,3.6,52.92
2,696,13.92,crack,0.0089,0.00874,-0.00168,0.00561,-0.0076,-23.07,35.85,0.3199,0.0099,2.692,9.354,0.0,0,2.87,52.59
3,696,13.92,crack,0.01054,0.01052,-0.00064,0.00593,-0.0076,-23.75,31.99,0.3192,0.0118,1.457,8.215,0.0,0,4.86,55.41
0,697,13.94,crack,0.01973,0.016,-0.01154,0.01808,-0.0076,-16.7,34.38,0.2984,0.0437,2.945,9.701,0.0,0,4.83,53.09
1,697,13.94,crack,0.01545,0.01373,-0.00709,0.01345,-0.0076,-17.11,35.44,0.2983,0.0463,3.699,9.208,0.0,0,3.76,52.97
2,697,13.94,crack,0.00933,0.0092,-0.00155,0.00568,-0.0076,-22.87,35.52,0.3195,0.0099,2.722,10.551,0.0,0,3.02,53.05
3,697,13.94,crack,0.01126,0.0112,-0.00118,0.00651,-0.0076,-23.64,31.77,0.3188,0.0124,1.497,7.901,0.0,0,5.16,55.92
0,698,13.96,crack,0.01982,0.01597,-0.01173,0.01814,-0.0076,-16.89,34.35,0.2985,0.0435,2.928,9.813,0.0,0,5.05,53.18
1,698,13.96,crack,0.01548,0.01375,-0.00711,0.01345,-0.0076,-17.26,35.43,0.2984,0.0462,3.675,9.242,0.0,0,3.93,53.03
2,698,13.96,crack,0.00969,0.00956,-0.00153,0.00578,-0.0076,-22.74,35.31,0.3192,0.0098,2.743,11.19,0.0,0,3.2,53.4
3,698,13.96,crack,0.01198,0.01188,-0.00154,0.00718,-0.0076,-23.53,32.39,0.3183,0.0132,1.535,9.708,0.0,0,5.39,56.38
0,699,13.98,crack,0.01994,0.01595,-0.01195,0.01822,-0.0076,-17.08,34.32,0.2987,0.0434,2.91,10.037,0.0,0,5.28,53.28
1,699,13.98,crack,0.0155,0.01377,-0.00713,0.01344,-0.0076,-17.38,35.42,0.2985,0.046,3.652,9.258,0.0,0,4.1,53.08
2,699,13.98,crack,0.00995,0.00982,-0.0016,0.00586,-0.0076,-22.64,35.19,0.3188,0.0097,2.758,11.7,0.0,0,3.39,53.64
3,699,13.98,crack,0.01247,0.01225,-0.00231,0.00751,-0.0076,-23.44,31.51,0.3179,0.0139,1.571,7.714,0.0,0,5.75,56.71
0,700,14.0,crack,0.02008,0.01593,-0.01223,0.01832,-0.0076,-17.27,34.28,0.2988,0.0433,2.892,10.093,0.0,0,5.51,53.36
1,700,14.0,crack,0.01553,0.01378,-0.00716,0.01344,-0.0076,-17.5,35.39,0.2986,0.0459,3.63,9.253,0.0,0,4.27,53.13
2,700,14.0,crack,0.01029,0.01017,-0.00159,0.006,-0.0076,-22.54,35.16,0.3184,0.0096,2.768,11.596,0.0,0,3.56,53.88
3,700,14.0,crack,0.01257,0.01224,-0.00288,0.0076,-0.0076,-23.33,32.4,0.3174,0.0148,1.602,9.383,0.0,0,6.03,56.71
0,701,14.02,crack,0.02026,0.01588,-0.01257,0.01847,-0.0076,-17.47,34.26,0.299,0.0432,2.874,10.131,0.0,0,5.76,53.44
1,701,14.02,crack,0.01554,0.0138,-0.00714,0.01341,-0.0076,-17.59,35.37,0.2988,0.0458,3.607,9.266,0.0,0,4.44,53.18
2,701,14.02,crack,0.01039,0.01024,-0.00172,0.00601,-0.0076,-22.49,35.19,0.3181,0.0096,2.774,10.484,0.0,0,3.76,53.91
3,701,14.02,crack,0.01271,0.01226,-0.00336,0.00764,-0.0076,-23.09,31.65,0.3168,0.0156,1.63,7.701,0.0,0,6.33,56.8
0,702,14.04,crack,0.02046,0.01583,-0.01296,0.01864,-0.0076,-17.66,34.23,0.2992,0.043,2.855,10.154,0.0,0,6.03,53.51
1,702,14.04,crack,0.01558,0.0138,-0.00722,0.01343,-0.0076,-17.73,35.35,0.2989,0.0457,3.584,9.261,0.0,0,4.62,53.21
2,702,14.04,crack,0.01045,0.01028,-0.0019,0.00603,-0.0076,-22.47,35.32,0.3177,0.0095,2.776,11.328,0.0,0,3.97,53.94
3,702,14.04,crack,0.01226,0.01169,-0.00371,0.00717,-0.0076,-22.84,32.03,0.3163,0.0165,1.65,7.415,0.0,0,6.58,56.38
0,703,14.06,crack,0.02064,0.01578,-0.01331,0.01878,-0.0076,-17.82,34.19,0.2994,0.0429,2.835,10.318,0.0,0,6.27,53.61
1,703,14.06,crack,0.01564,0.0138,-0.00737,0.01347,-0.0076,-17.88,35.36,0.2991,0.0456,3.561,9.299,0.0,0,4.82,53.25
2,703,14.06,crack,0.01051,0.01029,-0.00214,0.00606,-0.0076,-22.42,35.25,0.3173,0.0096,2.774,11.783,0.0,0,4.2,53.9
3,703,14.06,crack,0.01169,0.01108,-0.00373,0.00656,-0.0076,-22.47,32.23,0.3157,0.0173,1.66,7.183,0.0,0,6.77,55.91
0,704,14.08,crack,0.02084,0.01572,-0.01368,0.01895,-0.0076,-17.97,34.15,0.2996,0.0428,2.814,10.24,0.0,0,6.53,53.68
1,704,14.08,crack,0.01571,0.01381,-0.0075,0.01351,-0.0076,-18.02,35.35,0.2992,0.0454,3.539,9.477,0.0,0,5.01,53.31
2,704,14.08,crack,0.01069,0.01038,-0.00256,0.00611,-0.0076,-22.42,35.28,0.3169,0.0096,2.766,11.519,0.0,0,4.46,53.98
3,704,14.08,crack,0.01095,0.0103,-0.00374,0.0058,-0.0076,-22.14,32.4,0.3151,0.0182,1.661,7.491,0.0,0,6.94,55.35
0,705,14.1,crack,0.02102,0.01567,-0.01401,0.0191,-0.0076,-18.1,34.12,0.2998,0.0426,2.792,10.336,0.0,0,6.78,53.78
1,705,14.1,crack,0.01581,0.01382,-0.00768,0.01357,-0.0076,-18.16,35.33,0.2994,0.0453,3.517,9.707,0.0,0,5.21,53.36
2,705,14.1,crack,0.01084,0.01042,-0.00298,0.00618,-0.0076,-22.47,35.37,0.3165,0.0097,2.754,11.677,0.0,0,4.73,54.06
3,705,14.1,crack,0.01092,0.01016,-0.00401,0.0057,-0.0076,-21.99,32.57,0.3146,0.0191,1.667,7.903,0.0,0,7.16,55.22
0,706,14.12,crack,0.02118,0.01563,-0.01429,0.01922,-0.0076,-18.2,34.07,0.3001,0.0425,2.769,10.341,0.0,0,7.01,53.86
1,706,14.12,crack,0.01589,0.01383,-0.00783,0.01361,-0.0076,-18.27,35.31,0.2995,0.0452,3.496,9.833,0.0,0,5.41,53.42
2,706,14.12,crack,0.0109,0.01037,-0.00337,0.00627,-0.0076,-22.5,35.3,0.3162,0.0099,2.738,11.922,0.0,0,5.0,54.03
3,706,14.12,crack,0.01109,0.01022,-0.00431,0.00577,-0.0076,-21.88,32.81,0.314,0.0199,1.684,8.118,0.0,0,7.39,55.22
0,707,14.14,crack,0.02129,0.01559,-0.01449,0.0193,-0.0076,-18.29,34.02,0.3003,0.0424,2.745,10.408,0.0,0,7.22,53.95
1,707,14.14,crack,0.01601,0.0138,-0.00813,0.01372,-0.0076,-18.44,35.29,0.2997,0.0451,3.474,9.569,0.0,0,5.64,53.44
2,707,14.14,crack,0.01096,0.0103,-0.00374,0.00633,-0.0076,-22.55,35.52,0.3158,0.0101,2.718,11.318,0.0,0,5.26,53.98
3,707,14.14,crack,0.01148,0.01042,-0.00481,0.00617,-0.0076,-21.69,32.0,0.3134,0.0207,1.709,9.74,0.0,0,7.68,55.39
0,708,14.16,crack,0.02133,0.01557,-0.01458,0.01933,-0.0076,-18.34,33.97,0.3005,0.0422,2.72,10.28,0.0,0,7.41,54.05
1,708,14.16,crack,0.01617,0.01378,-0.00846,0.01384,-0.0076,-18.6,35.31,0.2999,0.045,3.451,9.954,0.0,0,5.87,53.5
2,708,14.16,crack,0.01096,0.01019,-0.00403,0.0064,-0.0076,-22.57,35.45,0.3154,0.0104,2.696,11.701,0.0,0,5.51,53.88
3,708,14.16,crack,0.01137,0.01037,-0.00467,0.0059,-0.0076,-21.38,32.64,0.3129,0.0215,1.738,8.422,0.0,0,7.83,55.28
0,709,14.18,crack,0.02136,0.01554,-0.01465,0.01934,-0.0076,-18.39,33.92,0.3007,0.0421,2.695,10.225,0.0,0,7.59,54.11
1,709,14.18,crack,0.01628,0.01378,-0.00867,0.01391,-0.0076,-18.7,35.29,0.3001,0.0448,3.428,10.235,0.0,0,6.08,53.55
2,709,14.18,crack,0.01106,0.01014,-0.00441,0.00651,-0.0076,-22.64,35.51,0.3151,0.0108,2.669,11.613,0.0,0,5.78,53.85
3,709,14.18,crack,0.01089,0.00983,-0.00469,0.00537,-0.0076,-21.22,33.53,0.3123,0.0223,1.768,8.645,0.0,0,7.99,54.76
0,710,14.2,crack,0.02135,0.01551,-0.01467,0.01933,-0.0076,-18.45,33.93,0.3009,0.0419,2.669,10.338,0.0,0,7.77,54.12
1,710,14.2,crack,0.01637,0.01377,-0.00885,0.01396,-0.0076,-18.8,35.27,0.3003,0.0447,3.404,10.236,0.0,0,6.29,53.6
2,710,14.2,crack,0.01118,0.01014,-0.0047,0.00661,-0.0076,-22.71,35.52,0.3147,0.0111,2.637,11.582,0.0,0,6.03,53.84
3,710,14.2,crack,0.01059,0.00955,-0.00457,0.00497,-0.0076,-21.01,33.77,0.3117,0.023,1.794,8.91,0.0,0,8.13,54.47
0,711,14.22,crack,0.02135,0.01549,-0.01469,0.01931,-0.0076,-18.49,33.9,0.3011,0.0418,2.643,10.107,0.0,0,7.94,54.15
1,711,14.22,crack,0.01646,0.01377,-0.00903,0.01402,-0.0076,-18.9,35.25,0.3004,0.0446,3.379,10.241,0.0,0,6.49,53.63
2,711,14.22,crack,0.01132,0.01015,-0.00501,0.00673,-0.0076,-22.79,35.55,0.3144,0.0116,2.602,11.601,0.0,0,6.29,53.85
3,711,14.22,crack,0.01028,0.00925,-0.00449,0.00469,-0.0076,-20.76,33.4,0.3111,0.0237,1.821,8.857,0.0,0,8.3,54.21
0,712,14.24,crack,0.02134,0.01547,-0.0147,0.01928,-0.0076,-18.56,33.88,0.3013,0.0416,2.618,10.204,0.0,0,8.11,54.19
1,712,14.24,crack,0.01654,0.01375,-0.0092,0.01408,-0.0076,-18.99,35.25,0.3006,0.0445,3.353,10.163,0.0,0,6.7,53.66
2,712,14.24,crack,0.01146,0.0101,-0.0054,0.00689,-0.0076,-22.87,35.59,0.314,0.0121,2.563,11.47,0.0,0,6.56,53.82
3,712,14.24,crack,0.01033,0.00931,-0.00447,0.00457,-0.0076,-20.69,34.14,0.3106,0.0244,1.848,10.275,0.0,0,8.44,54.17
0,713,14.26,crack,0.02132,0.01544,-0.0147,0.01925,-0.0076,-18.63,33.87,0.3014,0.0415,2.592,10.28,0.0,0,8.28,54.22
1,713,14.26,crack,0.01661,0.01374,-0.00934,0.01412,-0.0076,-19.08,35.24,0.3008,0.0443,3.328,10.145,0.0,0,6.89,53.68
2,713,14.26,crack,0.01167,0.01012,-0.00581,0.00708,-0.0076,-22.96,35.62,0.3136,0.0125,2.522,11.789,0.0,0,6.84,53.86
3,713,14.26,crack,0.00994,0.0091,-0.004,0.00417,-0.0076,-20.35,33.57,0.31,0.0251,1.87,8.035,0.0,0,8.55,53.97
0,714,14.28,crack,0.02131,0.01542,-0.01471,0.01923,-0.0076,-18.7,33.87,0.3016,0.0413,2.567,10.295,0.0,0,8.45,54.25
1,714,14.28,crack,0.01666,0.01373,-0.00944,0.01414,-0.0076,-19.16,35.24,0.301,0.0442,3.302,10.11,0.0,0,7.08,53.72
2,714,14.28,crack,0.01183,0.01007,-0.00619,0.00726,-0.0076,-23.04,35.66,0.3133,0.0131,2.478,11.565,0.0,0,7.12,53.84
3,714,14.28,crack,0.00993,0.00912,-0.00392,0.00402,-0.0076,-20.35,34.07,0.3095,0.0257,1.892,7.867,0.0,0,8.68,53.95
0,715,14.3,crack,0.0213,0.0154,-0.01473,0.01921,-0.0076,-18.79,33.85,0.3017,0.0411,2.542,10.286,0.0,0,8.62,54.28
1,715,14.3,crack,0.01669,0.01373,-0.00949,0.01414,-0.0076,-19.23,35.23,0.3012,0.044,3.276,9.961,0.0,0,7.26,53.73
2,715,14.3,crack,0.01197,0.01002,-0.00655,0.00743,-0.0076,-23.12,35.7,0.313,0.0136,2.433,11.44,0.0,0,7.39,53.82
3,715,14.3,crack,0.00998,0.00912,-0.00407,0.00403,-0.0076,-20.42,34.29,0.3091,0.0263,1.911,8.151,0.0,0,8.87,53.89
0,716,14.32,crack,0.02131,0.01537,-0.01476,0.0192,-0.0076,-18.88,33.84,0.3018,0.0409,2.517,10.227,0.0,0,8.79,54.31
1,716,14.32,crack,0.01672,0.01372,-0.00955,0.01414,-0.0076,-19.31,35.22,0.3014,0.0438,3.25,9.975,0.0,0,7.43,53.76
2,716,14.32,crack,0.012,0.00988,-0.0068,0.00753,-0.0076,-23.19,35.75,0.3126,0.0141,2.386,10.807,0.0,0,7.63,53.72
3,716,14.32,crack,0.00979,0.00884,-0.0042,0.00381,-0.0076,-20.39,34.59,0.3087,0.027,1.935,8.825,0.0,0,9.06,53.63
0,717,14.34,crack,0.02133,0.01534,-0.01481,0.0192,-0.0076,-18.98,33.84,0.3019,0.0407,2.493,10.298,0.0,0,8.97,54.34
1,717,14.34,crack,0.01673,0.01373,-0.00957,0.01413,-0.0076,-19.38,35.22,0.3016,0.0437,3.224,10.043,0.0,0,7.6,53.78
2,717,14.34,crack,0.01195,0.00978,-0.00686,0.00752,-0.0076,-23.23,35.82,0.3123,0.0147,2.339,10.157,0.0,0,7.82,53.62
3,717,14.34,crack,0.00983,0.00887,-0.00424,0.00384,-0.0076,-20.37,34.44,0.3083,0.0275,1.96,8.541,0.0,0,9.25,53.64
0,718,14.36,crack,0.02134,0.01533,-0.01485,0.01919,-0.0076,-19.07,33.83,0.3021,0.0406,2.468,10.518,0.0,0,9.14,54.39
1,718,14.36,crack,0.01674,0.01373,-0.00958,0.0141,-0.0076,-19.44,35.22,0.3017,0.0435,3.198,10.053,0.0,0,7.75,53.81
2,718,14.36,crack,0.01193,0.00972,-0.00692,0.00755,-0.0076,-23.26,35.87,0.3119,0.0152,2.292,9.941,0.0,0,7.98,53.6
3,718,14.36,crack,0.00916,0.00829,-0.00391,0.00313,-0.0076,-20.31,34.93,0.3079,0.0281,1.983,7.649,0.0,0,9.34,53.09
0,719,14.38,crack,0.02135,0.0153,-0.01489,0.01918,-0.0076,-19.17,33.82,0.3022,0.0404,2.444,10.54,0.0,0,9.32,54.43
1,719,14.38,crack,0.01674,0.01373,-0.00959,0.01408,-0.0076,-19.52,35.21,0.3019,0.0433,3.173,10.02,0.0,0,7.91,53.82
2,719,14.38,crack,0.01207,0.00976,-0.00709,0.00766,-0.0076,-23.24,35.9,0.3116,0.0158,2.244,10.388,0.0,0,8.17,53.63
3,719,14.38,crack,0.00824,0.00747,-0.00347,0.00226,-0.0076,-20.23,35.35,0.3075,0.0287,2.006,7.66,0.0,0,9.41,52.34
0,720,14.4,crack,0.02136,0.01528,-0.01492,0.01917,-0.0076,-19.26,33.81,0.3023,0.0401,2.42,10.498,0.0,0,9.49,54.46
1,720,14.4,crack,0.01676,0.01373,-0.00961,0.01407,-0.0076,-19.61,35.21,0.302,0.0431,3.149,10.103,0.0,0,8.07,53.85
2,720,14.4,crack,0.01216,0.00975,-0.00726,0.00777,-0.0076,-23.22,35.91,0.3113,0.0163,2.195,10.208,0.0,0,8.36,53.66
3,720,14.4,crack,0.0072,0.0066,-0.00288,0.00139,-0.0076,-20.04,35.67,0.3071,0.0293,2.027,7.757,0.0,0,9.46,51.55
0,721,14.42,crack,0.02136,0.01527,-0.01493,0.01915,-0.0076,-19.35,33.8,0.3024,0.0399,2.396,10.48,0.0,0,9.66,54.51
1,721,14.42,crack,0.01678,0.01374,-0.00963,0.01405,-0.0076,-19.69,35.2,0.3022,0.0429,3.125,10.176,0.0,0,8.23,53.87
2,721,14.42,crack,0.01227,0.00977,-0.00743,0.00789,-0.0076,-23.18,35.91,0.311,0.0169,2.147,10.347,0.0,0,8.55,53.69
3,721,14.42,crack,0.00632,0.00605,-0.00184,0.00087,-0.0076,-19.71,35.92,0.3067,0.0299,2.043,7.786,0.0,0,9.44,50.92
0,722,14.44,crack,0.02136,0.01526,-0.01495,0.01913,-0.0076,-19.43,33.79,0.3026,0.0397,2.372,10.44,0.0,0,9.83,54.54
1,722,14.44,crack,0.0168,0.01375,-0.00965,0.01404,-0.0076,-19.78,35.2,0.3023,0.0427,3.101,10.232,0.0,0,8.39,53.89
2,722,14.44,crack,0.01234,0.0098,-0.00751,0.00794,-0.0076,-23.09,35.93,0.3107,0.0174,2.099,10.372,0.0,0,8.72,53.7
3,722,14.44,crack,0.00553,0.00545,-0.00097,0.00141,-0.0076,-19.53,36.05,0.3062,0.0305,2.059,7.944,0.0,0,9.44,50.28
0,723,14.46,crack,0.02132,0.01526,-0.01489,0.01907,-0.0076,-19.5,33.78,0.3027,0.0395,2.348,10.408,0.0,0,9.98,54.58
1,723,14.46,crack,0.01682,0.01376,-0.00968,0.01403,-0.0076,-19.86,35.2,0.3025,0.0425,3.077,10.282,0.0,0,8.55,53.91
2,723,14.46,crack,0.01237,0.00987,-0.00745,0.0079,-0.0076,-22.93,35.95,0.3104,0.0179,2.052,10.449,0.0,0,8.87,53.72
3,723,14.46,crack,0.00491,0.0049,-0.00014,0.00221,-0.0076,-19.32,36.16,0.3058,0.0311,2.074,8.104,0.0,0,9.45,49.68
0,724,14.48,crack,0.02129,0.01525,-0.01485,0.01903,-0.0076,-19.58,33.76,0.3028,0.0393,2.324,10.449,0.0,0,10.14,54.61
1,724,14.48,crack,0.01685,0.01377,-0.00971,0.01402,-0.0076,-19.95,35.19,0.3026,0.0423,3.053,10.314,0.0,0,8.71,53.93
2,724,14.48,crack,0.01234,0.00996,-0.00728,0.00777,-0.0076,-22.7,35.95,0.3102,0.0184,2.007,10.571,0.0,0,9.0,53.72
3,724,14.48,crack,0.00449,0.00442,0.00077,0.00323,-0.0076,-19.12,36.28,0.3054,0.0317,2.088,7.879,0.0,0,9.43,49.07
0,725,14.5,crack,0.02127,0.01523,-0.01485,0.019,-0.0076,-19.65,33.75,0.3029,0.0391,2.301,10.397,0.0,0,10.31,54.62
1,725,14.5,crack,0.01688,0.01378,-0.00975,0.01401,-0.0076,-20.03,35.19,0.3027,0.0421,3.03,10.374,0.0,0,8.87,53.95
2,725,14.5,crack,0.0123,0.01009,-0.00704,0.00761,-0.0076,-22.44,35.95,0.31,0.019,1.962,10.876,0.0,0,9.12,53.73
3,725,14.5,crack,0.00422,0.0039,0.00159,0.0042,-0.0076,-18.98,36.39,0.3049,0.0323,2.102,7.828,0.0,0,9.42,48.42
0,726,14.52,crack,0.02127,0.01522,-0.01486,0.01897,-0.0076,-19.74,33.75,0.3031,0.0389,2.278,10.47,0.0,0,10.48,54.66
1,726,14.52,crack,0.01691,0.01379,-0.00979,0.01401,-0.0076,-20.12,35.19,0.3029,0.0419,3.006,10.402,0.0,0,9.03,53.97
2,726,14.52,crack,0.01223,0.01016,-0.00681,0.00744,-0.0076,-22.19,35.93,0.3097,0.0195,1.92,10.228,0.0,0,9.23,53.72
3,726,14.52,crack,0.00424,0.00357,0.00229,0.00493,-0.0076,-18.9,36.53,0.3045,0.033,2.115,7.906,0.0,0,9.45,47.98
0,727,14.54,crack,0.02121,0.01524,-0.01476,0.01889,-0.0076,-19.8,33.75,0.3032,0.0386,2.255,10.481,0.0,0,10.62,54.71
1,727,14.54,crack,0.01693,0.01379,-0.00982,0.014,-0.0076,-20.2,35.2,0.303,0.0417,2.983,10.383,0.0,0,9.19,53.97
2,727,14.54,crack,0.01203,0.01012,-0.00651,0.00723,-0.0076,-21.92,35.94,0.3095,0.02,1.88,9.297,0.0,0,9.32,53.61
3,727,14.54,crack,0.00445,0.00336,0.00293,0.00557,-0.0076,-18.84,36.65,0.3042,0.0336,2.127,8.029,0.0,0,9.5,47.61
0,728,14.56,crack,0.02118,0.01524,-0.01472,0.01885,-0.0076,-19.88,33.72,0.3033,0.0384,2.231,10.541,0.0,0,10.79,54.75
1,728,14.56,crack,0.01695,0.0138,-0.00985,0.01399,-0.0076,-20.28,35.21,0.3032,0.0414,2.959,10.356,0.0,0,9.35,53.99
2,728,14.56,crack,0.01181,0.01003,-0.00623,0.00703,-0.0076,-21.68,35.93,0.3093,0.0205,1.845,8.869,0.0,0,9.42,53.45
3,728,14.56,crack,0.00461,0.00318,0.00334,0.00599,-0.0076,-18.84,36.75,0.3038,0.0342,2.137,8.019,0.0,0,9.6,47.38
0,729,14.58,crack,0.02116,0.01523,-0.0147,0.01881,-0.0076,-19.96,33.72,0.3034,0.0382,2.209,10.626,0.0,0,10.96,54.78
1,729,14.58,crack,0.01697,0.01379,-0.00988,0.01399,-0.0076,-20.34,35.22,0.3033,0.0412,2.936,10.179,0.0,0,9.51,54.0
2,729,14.58,crack,0.01168,0.00992,-0.00617,0.00693,-0.0076,-21.54,36.06,0.309,0.0209,1.815,8.85,0.0,0,9.55,53.28
3,729,14.58,crack,0.00482,0.00307,0.00372,0.00633,-0.0076,-18.82,36.81,0.3035,0.0348,2.147,8.018,0.0,0,9.71,47.22
0,730,14.6,crack,0.02114,0.01521,-0.01469,0.01877,-0.0076,-20.04,33.71,0.3035,0.0379,2.188,10.594,0.0,0,11.13,54.8
1,730,14.6,crack,0.01697,0.0138,-0.00987,0.01396,-0.0076,-20.4,35.23,0.3035,0.0409,2.912,10.113,0.0,0,9.66,53.99
2,730,14.6,crack,0.01153,0.00975,-0.00616,0.0069,-0.0076,-21.42,36.05,0.3088,0.0214,1.789,8.83,0.0,0,9.7,53.04
3,730,14.6,crack,0.00517,0.00303,0.00418,0.00674,-0.0076,-18.78,36.85,0.3032,0.0354,2.159,8.007,0.0,0,9.8,47.05
0,731,14.62,crack,0.02113,0.0152,-0.01468,0.01874,-0.0076,-20.1,33.7,0.3036,0.0377,2.167,10.658,0.0,0,11.3,54.84
1,731,14.62,crack,0.01695,0.01381,-0.00982,0.01392,-0.0076,-20.44,35.24,0.3036,0.0407,2.889,10.155,0.0,0,9.8,54.0
2,731,14.62,crack,0.01148,0.00961,-0.00629,0.00691,-0.0076,-21.4,36.4,0.3085,0.0218,1.766,9.106,0.0,0,9.86,52.86
3,731,14.62,crack,0.00541,0.00296,0.00453,0.0071,-0.0076,-18.76,36.88,0.3029,0.0361,2.169,8.033,0.0,0,9.92,46.85
0,732,14.64,crack,0.02112,0.01518,-0.01469,0.01872,-0.0076,-20.17,33.69,0.3037,0.0375,2.147,10.585,0.0,0,11.47,54.88
1,732,14.64,crack,0.01691,0.01382,-0.00974,0.01386,-0.0076,-20.48,35.24,0.3038,0.0404,2.866,9.922,0.0,0,9.94,53.99
2,732,14.64,crack,0.01124,0.00929,-0.00632,0.00693,-0.0076,-21.24,36.57,0.3083,0.0222,1.747,9.093,0.0,0,10.02,52.51
3,732,14.64,crack,0.00557,0.00289,0.00476,0.00738,-0.0076,-18.71,36.91,0.3027,0.0367,2.177,8.007,0.0,0,10.06,46.62
0,733,14.66,crack,0.02112,0.01516,-0.01471,0.01869,-0.0076,-20.23,33.67,0.3039,0.0372,2.128,10.63,0.0,0,11.65,54.92
1,733,14.66,crack,0.01689,0.01382,-0.00972,0.01383,-0.0076,-20.53,35.27,0.3039,0.0402,2.844,9.895,0.0,0,10.08,53.97
2,733,14.66,crack,0.01086,0.0089,-0.00624,0.00694,-0.0076,-21.04,36.69,0.308,0.0226,1.733,9.069,0.0,0,10.16,52.03
3,733,14.66,crack,0.00578,0.00284,0.00503,0.00766,-0.0076,-18.63,36.94,0.3024,0.0373,2.183,7.887,0.0,0,10.2,46.44
0,734,14.68,ease,0.02111,0.01514,-0.01472,0.01867,-0.0076,-20.29,33.67,0.304,0.037,2.108,10.664,0.0,0,11.83,54.95
1,734,14.68,ease,0.01686,0.01381,-0.00967,0.01379,-0.0076,-20.58,35.27,0.3041,0.0399,2.822,9.882,0.0,0,10.23,53.96
2,734,14.68,ease,0.01034,0.00846,-0.00596,0.00689,-0.0076,-20.8,36.8,0.3078,0.023,1.722,8.976,0.0,0,10.27,51.44
3,734,14.68,ease,0.00593,0.0028,0.00523,0.00788,-0.0076,-18.58,37.0,0.3022,0.0379,2.185,7.854,0.0,0,10.36,46.27
0,735,14.7,ease,0.02089,0.01424,-0.01528,0.01866,-0.0076,-20.47,37.01,0.3041,0.0368,2.089,14.256,0.0,0,11.9,53.28
1,735,14.7,ease,0.01659,0.01298,-0.01033,0.01375,-0.0076,-20.74,38.57,0.3042,0.0397,2.8,14.382,0.0,0,10.3,52.45
2,735,14.7,ease,0.01,0.00802,-0.00598,0.0072,-0.0076,-20.58,40.71,0.3075,0.0235,1.713,10.623,0.0,0,10.25,49.62
3,735,14.7,ease,0.00604,0.00362,0.00484,0.00833,-0.0076,-18.61,41.27,0.3019,0.0385,2.178,6.983,0.0,0,10.54,45.12
0,736,14.72,ease,0.02003,0.01337,-0.01492,0.01813,-0.0076,-20.31,40.39,0.3042,0.0367,2.061,15.093,0.0,0,11.81,51.18
1,736,14.72,ease,0.01595,0.01198,-0.01054,0.01351,-0.0076,-20.72,41.83,0.3044,0.0395,2.771,14.73,0.0,0,10.29,50.49
2,736,14.72,ease,0.00899,0.00707,-0.00555,0.00694,-0.0076,-20.36,43.97,0.3072,0.0239,1.695,12.323,0.0,0,10.08,47.52
3,736,14.72,ease,0.00715,0.00491,0.00519,0.00973,-0.0076,-18.39,45.52,0.3018,0.0392,2.178,12.114,0.0,0,10.6,43.88
0,737,14.74,ease,0.01909,0.01261,-0.01433,0.01748,-0.0076,-20.2,43.5,0.3044,0.0366,2.024,15.498,0.0,0,11.67,49.14
1,737,14.74,ease,0.01523,0.01107,-0.01047,0.01311,-0.0076,-20.69,44.91,0.3045,0.0393,2.73,15.952,0.0,0,10.22,48.59
2,737,14.74,ease,0.0078,0.00613,-0.00482,0.00676,-0.0076,-20.12,47.15,0.307,0.0245,1.673,13.378,0.0,0,9.86,45.29
3,737,14.74,ease,0.00756,0.00467,0.00594,0.01057,-0.0076,-18.2,48.58,0.3017,0.04,2.186,13.63,0.0,0,10.42,41.9
0,738,14.76,ease,0.01833,0.01176,-0.01406,0.01703,-0.0076,-20.26,46.5,0.3045,0.0365,1.983,15.55,0.0,0,11.6,47.05
1,738,14.76,ease,0.01465,0.01017,-0.01054,0.0129,-0.0076,-20.75,47.76,0.3047,0.0391,2.685,15.46,0.0,0,10.19,46.67
2,738,14.76,ease,0.00673,0.00523,-0.00423,0.00701,-0.0076,-19.98,49.87,0.3067,0.025,1.651,12.559,0.0,0,9.67,43.05
3,738,14.76,ease,0.00776,0.00431,0.00644,0.01138,-0.0076,-18.2,51.64,0.3016,0.0407,2.189,13.267,0.0,0,10.28,39.66
0,739,14.78,ease,0.0179,0.01097,-0.01415,0.01689,-0.0076,-20.42,49.32,0.3047,0.0363,1.941,15.246,0.0,0,11.6,45.01
1,739,14.78,ease,0.01437,0.0092,-0.01104,0.01297,-0.0076,-20.94,50.45,0.3049,0.0389,2.64,15.173,0.0,0,10.24,44.78
2,739,14.78,ease,0.00586,0.00426,-0.00402,0.00773,-0.0076,-19.94,52.5,0.3064,0.0255,1.631,12.182,0.0,0,9.56,40.71
3,739,14.78,ease,0.0075,0.00411,0.00627,0.01176,-0.0076,-18.43,54.1,0.3016,0.0414,2.184,12.465,0.0,0,10.28,37.53
0,740,14.8,ease,0.01775,0.01018,-0.01454,0.01698,-0.0076,-20.58,51.86,0.3048,0.0361,1.899,15.383,0.0,0,11.68,43.1
1,740,14.8,ease,0.01441,0.0082,-0.01186,0.01333,-0.0076,-21.14,53.01,0.305,0.0387,2.595,15.248,0.0,0,10.37,42.9
2,740,14.8,ease,0.00528,0.00331,-0.00411,0.0087,-0.0076,-19.96,55.2,0.3061,0.026,1.612,12.325,0.0,0,9.52,38.34
3,740,14.8,ease,0.00678,0.0039,0.00554,0.01167,-0.0076,-18.75,56.59,0.3016,0.0421,2.174,13.159,0.0,0,10.39,35.59
0,741,14.82,ease,0.01778,0.00948,-0.01504,0.01715,-0.0076,-20.74,54.13,0.3049,0.036,1.856,15.815,0.0,0,11.78,41.42
1,741,14.82,ease,0.01458,0.00727,-0.01263,0.01377,-0.0076,-21.29,55.31,0.3052,0.0385,2.549,15.571,0.0,0,10.5,41.09
2,741,14.82,ease,0.00516,0.00264,-0.00444,0.00968,-0.0076,-20.02,57.86,0.3059,0.0265,1.591,13.209,0.0,0,9.53,36.06
3,741,14.82,ease,0.00585,0.00381,0.00444,0.01135,-0.0076,-19.06,58.86,0.3016,0.0426,2.16,13.497,0.0,0,10.59,33.8
0,742,14.84,ease,0.01784,0.00887,-0.01548,0.0173,-0.0076,-20.87,56.15,0.3051,0.0358,1.813,16.112,0.0,0,11.87,39.88
1,742,14.84,ease,0.01467,0.00653,-0.01314,0.01407,-0.0076,-21.41,57.42,0.3053,0.0382,2.504,15.561,0.0,0,10.58,39.35
2,742,14.84,ease,0.00548,0.00267,-0.00479,0.01079,-0.0076,-20.04,60.42,0.3057,0.0269,1.57,13.428,0.0,0,9.54,33.76
3,742,14.84,ease,0.00523,0.00405,0.00331,0.01118,-0.0076,-19.22,60.88,0.3016,0.0432,2.141,13.74,0.0,0,10.81,32.05
0,743,14.86,ease,0.01784,0.00828,-0.0158,0.01737,-0.0076,-20.99,58.01,0.3053,0.0356,1.769,16.135,0.0,0,11.94,38.35
1,743,14.86,ease,0.01468,0.00586,-0.01346,0.01426,-0.0076,-21.52,59.32,0.3055,0.038,2.458,15.359,0.0,0,10.62,37.68
2,743,14.86,ease,0.00615,0.00329,-0.00519,0.01183,-0.0076,-20.05,62.74,0.3055,0.0274,1.547,13.579,0.0,0,9.57,31.58
3,743,14.86,ease,0.00462,0.00423,0.00187,0.01073,-0.0076,-19.47,62.68,0.3017,0.0437,2.118,13.947,0.0,0,11.09,30.59
0,744,14.88,ease,0.01793,0.00778,-0.01616,0.0175,-0.0076,-21.08,59.67,0.3055,0.0355,1.724,16.08,0.0,0,12.02,36.88
1,744,14.88,ease,0.01479,0.00531,-0.01381,0.0145,-0.0076,-21.6,61.04,0.3057,0.0378,2.409,15.073,0.0,0,10.67,36.07
2,744,14.88,ease,0.00694,0.00422,-0.00551,0.0128,-0.0076,-20.01,64.77,0.3054,0.0278,1.521,13.701,0.0,0,9.59,29.46
3,744,14.88,ease,0.00474,0.00472,0.00044,0.0107,-0.0076,-19.54,64.29,0.3018,0.0441,2.091,13.559,0.0,0,11.4,29.02
0,745,14.9,ease,0.01811,0.00729,-0.01658,0.01772,-0.0076,-21.17,61.19,0.3057,0.0353,1.679,15.92,0.0,0,12.11,35.42
1,745,14.9,ease,0.01503,0.00476,-0.01426,0.01481,-0.0076,-21.7,62.57,0.3058,0.0375,2.359,14.792,0.0,0,10.75,34.53
2,745,14.9,ease,0.00781,0.00525,-0.00578,0.01371,-0.0076,-19.92,66.6,0.3054,0.0283,1.493,13.342,0.0,0,9.61,27.42
3,745,14.9,ease,0.00541,0.00531,-0.00107,0.01092,-0.0076,-19.58,65.72,0.302,0.0444,2.06,13.553,0.0,0,11.72,27.45
0,746,14.92,ease,0.01829,0.00681,-0.01697,0.01792,-0.0076,-21.26,62.57,0.306,0.0351,1.632,15.886,0.0,0,12.21,34.01
1,746,14.92,ease,0.01534,0.00435,-0.0147,0.01513,-0.0076,-21.76,63.86,0.306,0.0372,2.308,14.774,0.0,0,10.83,33.07
2,746,14.92,ease,0.00866,0.00625,-0.006,0.01452,-0.0076,-19.78,68.09,0.3053,0.0287,1.463,13.21,0.0,0,9.62,25.45
3,746,14.92,ease,0.00639,0.00591,-0.00242,0.01131,-0.0076,-19.56,67.01,0.3022,0.0447,2.024,13.777,0.0,0,12.03,25.94
0,747,14.94,ease,0.01851,0.00637,-0.01738,0.01813,-0.0076,-21.3,63.76,0.3062,0.0348,1.587,15.838,0.0,0,12.3,32.71
1,747,14.94,ease,0.01561,0.00398,-0.01509,0.01539,-0.0076,-21.78,64.98,0.3061,0.0369,2.257,15.003,0.0,0,10.9,31.74
2,747,14.94,ease,0.0094,0.00716,-0.0061,0.01522,-0.0076,-19.61,69.27,0.3053,0.0291,1.429,13.089,0.0,0,9.61,23.58
3,747,14.94,ease,0.00717,0.00631,-0.00341,0.0116,-0.0076,-19.44,68.34,0.3024,0.0449,1.985,11.923,0.0,0,12.25,24.45
0,748,14.96,ease,0.01871,0.00588,-0.01776,0.01828,-0.0076,-21.3,64.86,0.3064,0.0346,1.54,16.288,0.0,0,12.4,31.52
1,748,14.96,ease,0.01573,0.00365,-0.0153,0.01546,-0.0076,-21.77,65.9,0.3063,0.0366,2.208,15.32,0.0,0,10.93,30.54
2,748,14.96,ease,0.0098,0.0078,-0.00594,0.01563,-0.0076,-19.39,70.05,0.3052,0.0296,1.39,11.375,0.0,0,9.57,21.92
3,748,14.96,ease,0.00813,0.0071,-0.00396,0.01221,-0.0076,-19.21,69.29,0.3025,0.0451,1.944,15.815,0.0,0,12.43,22.88
0,749,14.98,ease,0.01882,0.00536,-0.01804,0.01834,-0.0076,-21.27,65.81,0.3067,0.0344,1.492,16.322,0.0,0,12.48,30.4
1,749,14.98,ease,0.01568,0.00322,-0.01535,0.01533,-0.0076,-21.73,66.69,0.3064,0.0364,2.161,15.464,0.0,0,10.93,29.41
2,749,14.98,ease,0.00946,0.00777,-0.0054,0.01551,-0.0076,-19.19,70.46,0.3052,0.03,1.346,8.525,0.0,0,9.49,20.73
3,749,14.98,ease,0.00873,0.00763,-0.00424,0.01267,-0.0076,-19.0,70.06,0.3027,0.0453,1.901,10.959,0.0,0,12.52,21.27
0,750,15.0,ease,0.0189,0.00498,-0.01824,0.01833,-0.0076,-21.22,66.47,0.3069,0.0342,1.445,15.938,0.0,0,12.54,29.52
1,750,15.0,ease,0.01564,0.00287,-0.01537,0.01518,-0.0076,-21.69,67.24,0.3066,0.0361,2.113,15.409,0.0,0,10.93,28.41
2,750,15.0,ease,0.00894,0.00774,-0.00448,0.01555,-0.0076,-18.84,70.84,0.305,0.0305,1.304,5.494,0.0,0,9.38,19.44
3,750,15.0,ease,0.00804,0.00718,-0.00362,0.01253,-0.0076,-18.54,70.24,0.3027,0.0455,1.855,3.783,0.0,0,12.53,20.06
0,751,15.02,ease,0.01897,0.00468,-0.01838,0.01826,-0.0076,-21.18,66.84,0.3071,0.034,1.399,15.56,0.0,0,12.59,28.84
1,751,15.02,ease,0.01537,0.00268,-0.01514,0.01475,-0.0076,-21.61,67.56,0.3067,0.0358,2.063,13.359,0.0,0,10.88,27.7
2,751,15.02,ease,0.00916,0.00877,-0.00265,0.0167,-0.0076,-18.21,71.5,0.3049,0.031,1.265,7.29,0.0,0,9.27,17.83
3,751,15.02,ease,0.00761,0.00719,-0.00251,0.01271,-0.0076,-18.09,70.66,0.3027,0.0456,1.813,5.06,0.0,0,12.41,18.8
0,752,15.04,ease,0.01909,0.0047,-0.0185,0.01821,-0.0076,-21.1,67.1,0.3073,0.0338,1.354,13.608,0.0,0,12.64,28.38
1,752,15.04,ease,0.01549,0.00306,-0.01518,0.01445,-0.0076,-21.56,67.57,0.3068,0.0355,2.015,13.497,0.0,0,10.91,27.71
2,752,15.04,ease,0.01216,0.01214,-0.00066,0.01949,-0.0076,-17.59,72.1,0.3047,0.0314,1.236,7.002,0.0,0,9.11,16.06
3,752,15.04,ease,0.00818,0.00803,-0.00156,0.01347,-0.0076,-17.72,71.02,0.3027,0.0457,1.776,4.852,0.0,0,12.3,17.48
0,753,15.06,ease,0.019,0.00574,-0.01811,0.01794,-0.0076,-20.79,66.8,0.3074,0.0336,1.307,7.005,0.0,0,12.62,28.1
1,753,15.06,ease,0.01588,0.00434,-0.01527,0.0144,-0.0076,-21.42,67.3,0.3069,0.0352,1.965,9.294,0.0,0,10.98,27.92
2,753,15.06,ease,0.01542,0.0154,0.00086,0.02242,-0.0076,-17.26,72.46,0.3045,0.0319,1.195,7.322,0.0,0,8.93,14.34
3,753,15.06,ease,0.00943,0.00937,-0.00101,0.01457,-0.0076,-17.56,71.19,0.3026,0.0458,1.746,3.226,0.0,0,12.22,16.2
0,754,15.08,ease,0.01843,0.00674,-0.01715,0.01725,-0.0076,-20.42,66.81,0.3074,0.0334,1.255,5.475,0.0,0,12.47,27.56
1,754,15.08,ease,0.01608,0.00502,-0.01528,0.01426,-0.0076,-21.33,67.65,0.307,0.0349,1.911,13.653,0.0,0,10.99,27.65
2,754,15.08,ease,0.01719,0.01712,0.00154,0.02417,-0.0076,-17.23,72.58,0.3044,0.0322,1.131,7.401,0.0,0,8.82,12.56
3,754,15.08,ease,0.00938,0.00929,-0.00128,0.01443,-0.0076,-17.76,71.37,0.3025,0.0458,1.681,9.648,0.0,0,12.27,15.34
0,755,15.1,ease,0.01746,0.00754,-0.01575,0.01635,-0.0076,-19.97,67.43,0.3074,0.0333,1.203,8.676,0.0,0,12.25,26.39
1,755,15.1,ease,0.01613,0.00574,-0.01507,0.01408,-0.0076,-21.14,67.91,0.3071,0.0347,1.858,11.071,0.0,0,10.97,27.18
2,755,15.1,ease,0.01944,0.01939,0.00138,0.02633,-0.0076,-17.15,72.69,0.3043,0.0325,1.077,4.858,0.0,0,8.91,10.52
3,755,15.1,ease,0.00976,0.00957,-0.0019,0.01452,-0.0076,-17.91,71.29,0.3024,0.0457,1.655,8.768,0.0,0,12.42,14.5
0,756,15.12,ease,0.01698,0.00854,-0.01468,0.01587,-0.0076,-19.58,67.38,0.3073,0.0332,1.148,3.33,0.0,0,12.08,25.44
1,756,15.12,ease,0.01593,0.00725,-0.01419,0.01371,-0.0076,-20.77,67.81,0.3071,0.0344,1.805,6.586,0.0,0,10.88,26.81
2,756,15.12,ease,0.02104,0.02104,0.00024,0.02788,-0.0076,-17.14,72.73,0.3043,0.0328,1.005,3.72,0.0,0,9.18,8.53
3,756,15.12,ease,0.01016,0.00965,-0.00318,0.01444,-0.0076,-18.01,70.79,0.3023,0.0455,1.637,5.322,0.0,0,12.7,13.77
0,757,15.14,ease,0.01643,0.00882,-0.01387,0.01534,-0.0076,-19.5,68.08,0.307,0.033,1.104,8.072,0.0,0,11.92,24.28
1,757,15.14,ease,0.01538,0.00813,-0.01305,0.01304,-0.0076,-20.38,68.0,0.3071,0.0342,1.751,4.775,0.0,0,10.7,26.02
2,757,15.14,ease,0.02189,0.02181,-0.00182,0.02851,-0.0076,-17.29,72.6,0.3043,0.0329,0.932,6.497,0.0,0,9.62,6.97
3,757,15.14,ease,0.01144,0.01074,-0.00394,0.01508,-0.0076,-17.96,70.91,0.3023,0.0453,1.63,7.575,0.0,0,12.95,13.3
0,758,15.16,ease,0.0163,0.00959,-0.01318,0.01524,-0.0076,-19.29,68.26,0.3067,0.0329,1.071,8.26,0.0,0,11.82,23.16
1,758,15.16,ease,0.01459,0.00888,-0.01158,0.01234,-0.0076,-19.88,68.4,0.307,0.034,1.704,4.717,0.0,0,10.48,24.78
2,758,15.16,ease,0.02307,0.02274,-0.00393,0.02916,-0.0076,-17.5,72.4,0.3045,0.0331,0.932,10.013,0.0,0,10.11,5.96
3,758,15.16,ease,0.01205,0.01124,-0.00432,0.01507,-0.0076,-17.85,71.03,0.3023,0.0451,1.631,8.402,0.0,0,13.1,13.05
0,759,15.18,ease,0.01637,0.01032,-0.01271,0.01527,-0.0076,-19.17,68.37,0.3064,0.0327,1.038,8.929,0.0,0,11.75,22.29
1,759,15.18,ease,0.01394,0.00944,-0.01027,0.01178,-0.0076,-19.53,68.73,0.3068,0.0339,1.661,4.86,0.0,0,10.26,23.44
2,759,15.18,ease,0.02419,0.02356,-0.00549,0.0297,-0.0076,-17.64,72.19,0.3047,0.0331,0.998,9.52,0.0,0,10.53,5.22
3,759,15.18,ease,0.01227,0.01145,-0.0044,0.01473,-0.0076,-17.81,71.09,0.3024,0.045,1.628,8.533,0.0,0,13.16,12.93
0,760,15.2,ease,0.0168,0.01111,-0.0126,0.01559,-0.0076,-19.13,68.4,0.306,0.0325,1.005,9.013,0.0,0,11.74,21.62
1,760,15.2,ease,0.01363,0.00972,-0.00956,0.01148,-0.0076,-19.53,69.22,0.3066,0.0337,1.628,11.185,0.0,0,10.1,22.33
2,760,15.2,ease,0.02467,0.02373,-0.00676,0.02937,-0.0076,-17.82,71.97,0.3051,0.0331,1.082,8.929,0.0,0,10.83,4.6
3,760,15.2,ease,0.01209,0.01122,-0.00451,0.01397,-0.0076,-17.97,71.1,0.3026,0.0449,1.618,9.861,0.0,0,13.17,12.93
0,761,15.22,ease,0.01752,0.01182,-0.01293,0.01616,-0.0076,-19.14,68.39,0.3058,0.0322,0.974,9.324,0.0,0,11.83,21.07
1,761,15.22,ease,0.01332,0.00946,-0.00938,0.01128,-0.0076,-19.49,69.74,0.3064,0.0335,1.606,11.229,0.0,0,10.07,20.94
2,761,15.22,ease,0.02507,0.0237,-0.00817,0.029,-0.0076,-18.0,71.7,0.3054,0.033,1.177,9.804,0.0,0,11.2,4.01
3,761,15.22,ease,0.0128,0.01186,-0.00482,0.014,-0.0076,-18.09,71.04,0.3028,0.0448,1.604,10.29,0.0,0,13.24,13.01
0,762,15.24,ease,0.01855,0.01248,-0.01371,0.017,-0.0076,-19.2,68.28,0.3055,0.032,0.948,9.192,0.0,0,12.02,20.64
1,762,15.24,ease,0.01396,0.01024,-0.00949,0.01201,-0.0076,-19.31,69.68,0.3062,0.0333,1.593,3.588,0.0,0,10.17,19.85
2,762,15.24,ease,0.02589,0.02393,-0.00989,0.02912,-0.0076,-18.11,71.62,0.3057,0.0328,1.267,7.881,0.0,0,11.64,3.41
3,762,15.24,ease,0.0138,0.01248,-0.0059,0.01433,-0.0076,-18.27,70.9,0.303,0.0446,1.594,10.114,0.0,0,13.5,12.94
0,763,15.26,ease,0.01973,0.0131,-0.01475,0.01798,-0.0076,-19.29,68.14,0.3054,0.0317,0.93,9.576,0.0,0,12.27,20.39
1,763,15.26,ease,0.01468,0.01082,-0.00992,0.01261,-0.0076,-19.35,69.76,0.3059,0.0331,1.568,8.391,0.0,0,10.28,19.17
2,763,15.26,ease,0.02609,0.02382,-0.01065,0.02863,-0.0076,-18.19,71.42,0.3059,0.0325,1.347,8.061,0.0,0,11.85,3.44
3,763,15.26,ease,0.01478,0.01281,-0.00738,0.01478,-0.0076,-18.35,70.87,0.3032,0.0443,1.593,9.243,0.0,0,13.87,12.55
0,764,15.28,ease,0.02094,0.01358,-0.01594,0.01896,-0.0076,-19.44,68.02,0.3054,0.0314,0.924,10.677,0.0,0,12.53,20.34
1,764,15.28,ease,0.01591,0.01198,-0.01047,0.01351,-0.0076,-19.39,69.46,0.3058,0.0329,1.552,8.01,0.0,0,10.43,19.08
2,764,15.28,ease,0.02643,0.02441,-0.01013,0.02864,-0.0076,-18.13,71.51,0.3062,0.0323,1.419,8.761,0.0,0,11.77,3.03
3,764,15.28,ease,0.0157,0.01312,-0.00861,0.01523,-0.0076,-18.46,70.79,0.3034,0.0439,1.593,10.168,0.0,0,14.18,12.25
0,765,15.3,ease,0.02227,0.0144,-0.01699,0.02006,-0.0076,-19.38,67.44,0.3054,0.0312,0.933,5.177,0.0,0,12.79,20.35
1,765,15.3,ease,0.01714,0.01272,-0.01148,0.01452,-0.0076,-19.49,69.37,0.3058,0.0327,1.542,7.975,0.0,0,10.68,18.79
2,765,15.3,ease,0.02657,0.02502,-0.00892,0.02817,-0.0076,-18.22,71.11,0.3064,0.0321,1.475,11.969,0.0,0,11.52,3.07
3,765,15.3,ease,0.01687,0.01412,-0.00923,0.0161,-0.0076,-18.28,70.94,0.3036,0.0435,1.601,9.195,0.0,0,14.38,11.84
0,766,15.32,ease,0.02348,0.01495,-0.0181,0.02113,-0.0076,-19.52,67.71,0.3055,0.0309,0.947,9.212,0.0,0,13.03,20.4
1,766,15.32,ease,0.01854,0.01342,-0.0128,0.0157,-0.0076,-19.66,69.33,0.3058,0.0325,1.536,9.895,0.0,0,10.97,18.72
2,766,15.32,ease,0.02771,0.02651,-0.00809,0.02911,-0.0076,-18.21,71.4,0.3067,0.0319,1.514,7.457,0.0,0,11.35,2.62
3,766,15.32,ease,0.01781,0.01538,-0.00898,0.01683,-0.0076,-17.99,71.16,0.3038,0.0432,1.608,9.094,0.0,0,14.38,11.43
0,767,15.34,ease,0.02436,0.01521,-0.01902,0.02193,-0.0076,-19.53,68.17,0.3056,0.0307,0.962,12.975,0.0,0,13.25,19.93
1,767,15.34,ease,0.02038,0.01465,-0.01416,0.01722,-0.0076,-19.82,68.82,0.3059,0.0323,1.538,8.638,0.0,0,11.28,19.03
2,767,15.34,ease,0.02799,0.02669,-0.00841,0.02884,-0.0076,-18.51,70.95,0.307,0.0316,1.513,11.945,0.0,0,11.47,2.52
3,767,15.34,ease,0.01864,0.01677,-0.00814,0.01753,-0.0076,-17.7,71.39,0.304,0.0429,1.611,8.944,0.0,0,14.25,11.0
0,768,15.36,ease,0.0251,0.01522,-0.01996,0.02271,-0.0076,-19.46,68.76,0.3058,0.0305,0.982,12.323,0.0,0,13.49,19.14
1,768,15.36,ease,0.02192,0.0155,-0.01551,0.01862,-0.0076,-19.84,68.76,0.3061,0.0321,1.546,8.196,0.0,0,11.6,19.15
2,768,15.36,ease,0.02917,0.02783,-0.00872,0.02962,-0.0076,-18.69,70.9,0.3074,0.0313,1.533,9.557,0.0,0,11.6,2.39
3,768,15.36,ease,0.01943,0.01798,-0.00736,0.01821,-0.0076,-17.61,71.45,0.3042,0.0427,1.614,8.73,0.0,0,14.12,10.43
0,769,15.38,ease,0.026,0.01611,-0.02041,0.02357,-0.0076,-19.17,68.63,0.306,0.0303,1.005,6.514,0.0,0,13.65,18.77
1,769,15.38,ease,0.02347,0.01668,-0.01652,0.02,-0.0076,-19.81,68.75,0.3062,0.0319,1.554,10.935,0.0,0,11.86,19.31
2,769,15.38,ease,0.03082,0.02968,-0.00829,0.03088,-0.0076,-18.79,70.8,0.3077,0.031,1.56,4.924,0.0,0,11.64,2.3
3,769,15.38,ease,0.02095,0.01973,-0.00704,0.0197,-0.0076,-17.57,71.51,0.3043,0.0424,1.629,8.259,0.0,0,14.06,9.74
0,770,15.4,ease,0.02641,0.01716,-0.02008,0.02393,-0.0076,-18.83,68.79,0.3061,0.0303,1.022,6.097,0.0,0,13.65,18.28
1,770,15.4,ease,0.02443,0.01714,-0.0174,0.02094,-0.0076,-19.67,69.03,0.3064,0.0317,1.559,9.654,0.0,0,12.08,18.84
2,770,15.4,ease,0.03136,0.03021,-0.00842,0.03105,-0.0076,-19.15,70.49,0.3081,0.0306,1.556,9.32,0.0,0,11.71,2.56
3,770,15.4,ease,0.02283,0.02176,-0.00689,0.02158,-0.0076,-17.51,71.56,0.3044,0.042,1.65,7.46,0.0,0,14.05,8.87
0,771,15.42,ease,0.02658,0.01794,-0.01962,0.02406,-0.0076,-18.64,68.91,0.3062,0.0303,1.029,5.561,0.0,0,13.58,17.56
1,771,15.42,ease,0.02529,0.01799,-0.01776,0.02175,-0.0076,-19.46,68.96,0.3065,0.0315,1.565,7.654,0.0,0,12.25,18.36
2,771,15.42,ease,0.03184,0.03076,-0.00821,0.03107,-0.0076,-19.41,69.96,0.3086,0.0303,1.577,12.276,0.0,0,11.68,2.85
3,771,15.42,ease,0.025,0.02404,-0.00686,0.02366,-0.0076,-17.34,71.31,0.3045,0.0417,1.675,5.379,0.0,0,14.07,8.19
0,772,15.44,ease,0.0271,0.01862,-0.0197,0.02452,-0.0076,-18.73,69.1,0.3063,0.0303,1.026,8.92,0.0,0,13.61,16.99
1,772,15.44,ease,0.02563,0.01867,-0.01756,0.02212,-0.0076,-19.26,69.6,0.3067,0.0314,1.571,11.829,0.0,0,12.23,17.75
2,772,15.44,ease,0.03358,0.03264,-0.00791,0.03259,-0.0076,-19.55,69.94,0.309,0.03,1.591,11.513,0.0,0,11.72,3.03
3,772,15.44,ease,0.02609,0.02526,-0.00651,0.02454,-0.0076,-17.35,71.39,0.3047,0.0414,1.697,7.905,0.0,0,14.0,8.39
0,773,15.46,ease,0.02765,0.01927,-0.01982,0.02502,-0.0076,-18.7,69.18,0.3064,0.0304,1.033,9.683,0.0,0,13.66,16.32
1,773,15.46,ease,0.02578,0.01926,-0.01714,0.02226,-0.0076,-19.02,69.93,0.3068,0.0314,1.578,9.124,0.0,0,12.19,16.97
2,773,15.46,ease,0.03609,0.0353,-0.00754,0.03497,-0.0076,-19.6,69.92,0.3094,0.0296,1.587,11.944,0.0,0,11.81,2.78
3,773,15.46,ease,0.02719,0.02648,-0.00616,0.02526,-0.0076,-17.51,70.84,0.3048,0.0411,1.697,8.806,0.0,0,13.94,9.26
0,774,15.48,pull,0.02856,0.02793,-0.00598,0.02599,-0.0076,-18.68,69.33,0.3065,0.0304,1.054,8.918,0.0,0,13.84,15.38
1,774,15.48,pull,0.02592,0.02552,-0.00452,0.02241,-0.0076,-18.81,70.15,0.3069,0.0314,1.594,7.076,0.0,0,12.19,15.81
2,774,15.48,pull,0.03906,0.03397,0.01928,0.03783,-0.0076,-19.65,69.88,0.3098,0.0293,1.597,12.394,0.0,0,11.88,2.57
3,774,15.48,pull,0.02794,0.02538,0.01169,0.02588,-0.0076,-17.67,71.01,0.3051,0.0408,1.7,9.303,0.0,0,13.94,9.42
0,775,15.5,pull,0.02686,0.02621,-0.00589,0.0249,-0.0076,-18.31,71.01,0.3066,0.0304,1.088,11.081,0.0,0,13.94,13.02
1,775,15.5,pull,0.02373,0.02342,-0.00388,0.02081,-0.0076,-18.53,71.28,0.3068,0.0313,1.615,11.455,0.0,0,12.13,13.62
2,775,15.5,pull,0.04331,0.03631,0.02361,0.04262,-0.0076,-19.46,70.52,0.3102,0.029,1.613,9.334,0.0,0,11.87,2.03
3,775,15.5,pull,0.02711,0.02447,0.01168,0.02563,-0.0076,-17.86,71.92,0.3053,0.0404,1.691,11.628,0.0,0,14.06,8.22
0,776,15.52,pull,0.02464,0.02412,-0.00507,0.02317,-0.0076,-17.97,71.97,0.3067,0.0305,1.113,12.465,0.0,0,13.91,10.8
1,776,15.52,pull,0.02106,0.02088,-0.00277,0.01878,-0.0076,-18.17,71.8,0.3068,0.0314,1.628,12.791,0.0,0,11.96,11.19
2,776,15.52,pull,0.04935,0.04006,0.02881,0.04912,-0.0076,-19.2,70.61,0.3105,0.0288,1.63,11.025,0.0,0,11.89,1.58
3,776,15.52,pull,0.02622,0.02361,0.0114,0.02526,-0.0076,-17.94,72.02,0.3056,0.0401,1.697,12.257,0.0,0,14.24,6.75
0,777,15.54,pull,0.0225,0.02222,-0.00349,0.02139,-0.0076,-17.78,72.18,0.3067,0.0307,1.13,13.021,0.0,0,13.72,9.24
1,777,15.54,pull,0.01858,0.01853,-0.00131,0.01677,-0.0076,-17.97,71.61,0.3067,0.0316,1.635,13.803,0.0,0,11.73,9.3
2,777,15.54,pull,0.05015,0.03931,0.03114,0.05048,-0.0076,-18.7,70.18,0.3108,0.0286,1.648,15.062,0.0,0,11.86,0.45
3,777,15.54,pull,0.02561,0.02305,0.01115,0.02502,-0.0076,-18.04,71.41,0.306,0.0398,1.711,12.584,0.0,0,14.45,5.69
0,778,15.56,pull,0.02063,0.02057,-0.00153,0.01979,-0.0076,-17.68,72.02,0.3069,0.031,1.148,13.519,0.0,0,13.45,8.08
1,778,15.56,pull,0.01666,0.01665,0.00055,0.01526,-0.0076,-17.88,71.14,0.3067,0.0318,1.643,14.399,0.0,0,11.45,7.99
2,778,15.56,pull,0.05049,0.03785,0.03342,0.05097,-0.0076,-18.41,70.23,0.3111,0.0286,1.644,13.951,0.0,0,11.64,-0.0
3,778,15.56,pull,0.02564,0.02293,0.01147,0.02509,-0.0076,-18.14,71.31,0.3064,0.0395,1.723,9.522,0.0,0,14.61,5.63
0,779,15.58,pull,0.01983,0.01982,0.00059,0.0191,-0.0076,-17.49,72.32,0.307,0.0313,1.165,7.67,0.0,0,13.26,7.67
1,779,15.58,pull,0.0153,0.01509,0.00251,0.01431,-0.0076,-17.82,70.73,0.3067,0.0321,1.653,12.087,0.0,0,11.19,6.84
2,779,15.58,pull,0.05072,0.03638,0.03534,0.05128,-0.0076,-18.38,69.6,0.3114,0.0286,1.62,15.828,0.0,0,11.38,-0.0
3,779,15.58,pull,0.02557,0.0225,0.01214,0.02518,-0.0076,-18.23,70.76,0.3068,0.0393,1.728,11.694,0.0,0,14.65,5.31
0,780,15.6,pull,0.01952,0.01938,0.00231,0.01891,-0.0076,-17.39,72.46,0.3071,0.0317,1.168,8.67,0.0,0,13.19,7.02
1,780,15.6,pull,0.01533,0.01457,0.00477,0.01471,-0.0076,-17.66,71.14,0.3067,0.0323,1.657,5.934,0.0,0,11.03,6.14
2,780,15.6,pull,0.05137,0.03587,0.03677,0.05192,-0.0076,-18.44,69.63,0.3116,0.0287,1.594,13.827,0.0,0,11.33,-0.0
3,780,15.6,pull,0.02581,0.02254,0.01257,0.0254,-0.0076,-18.39,70.81,0.3072,0.039,1.73,10.071,0.0,0,14.8,5.27
0,781,15.62,pull,0.01971,0.01926,0.00419,0.01925,-0.0076,-17.14,72.81,0.3072,0.032,1.167,4.557,0.0,0,13.14,6.23
1,781,15.62,pull,0.01582,0.01435,0.00667,0.01548,-0.0076,-17.57,71.36,0.3067,0.0326,1.629,8.033,0.0,0,10.95,5.69
2,781,15.62,pull,0.05164,0.03613,0.03689,0.05212,-0.0076,-18.54,69.92,0.3117,0.0287,1.571,8.142,0.0,0,11.56,-0.0
3,781,15.62,pull,0.02606,0.02268,0.01284,0.02567,-0.0076,-18.46,70.72,0.3075,0.0388,1.725,11.363,0.0,0,15.0,5.37
0,782,15.64,pull,0.01959,0.01874,0.00569,0.0193,-0.0076,-17.12,72.75,0.3072,0.0324,1.149,8.588,0.0,0,13.05,5.71
1,782,15.64,pull,0.01635,0.01426,0.008,0.01628,-0.0076,-17.56,71.2,0.3067,0.0328,1.625,9.248,0.0,0,10.97,5.23
2,782,15.64,pull,0.05175,0.03553,0.03762,0.05225,-0.0076,-18.54,69.68,0.3118,0.0287,1.545,16.635,0.0,0,11.61,-0.0
3,782,15.64,pull,0.02607,0.02266,0.01291,0.02572,-0.0076,-18.45,70.68,0.3079,0.0385,1.718,9.945,0.0,0,15.24,5.16
0,783,15.66,pull,0.01991,0.01859,0.00713,0.01973,-0.0076,-17.04,72.87,0.3072,0.0327,1.139,8.417,0.0,0,13.03,5.2
1,783,15.66,pull,0.01701,0.0145,0.00888,0.01709,-0.0076,-17.56,71.17,0.3067,0.033,1.644,9.003,0.0,0,11.1,4.87
2,783,15.66,pull,0.05269,0.03505,0.03933,0.05315,-0.0076,-18.45,70.33,0.3119,0.0289,1.515,7.226,0.0,0,11.55,0.08
3,783,15.66,pull,0.02665,0.02286,0.01371,0.02631,-0.0076,-18.4,70.92,0.3082,0.0382,1.709,9.977,0.0,0,15.39,5.29
0,784,15.68,pull,0.02054,0.01875,0.00838,0.02046,-0.0076,-17.06,72.85,0.3072,0.0331,1.139,9.253,0.0,0,13.06,4.84
1,784,15.68,pull,0.01773,0.01492,0.00958,0.01789,-0.0076,-17.59,71.12,0.3066,0.0331,1.663,9.772,0.0,0,11.28,4.76
2,784,15.68,pull,0.05287,0.03394,0.04054,0.05334,-0.0076,-18.29,69.74,0.312,0.0291,1.484,16.146,0.0,0,11.46,-0.0
3,784,15.68,pull,0.02715,0.02265,0.01496,0.02687,-0.0076,-18.36,70.94,0.3085,0.038,1.693,9.913,0.0,0,15.4,5.25
0,785,15.7,pull,0.02094,0.01886,0.0091,0.02095,-0.0076,-17.02,72.91,0.3072,0.0333,1.142,8.223,0.0,0,13.19,4.27
1,785,15.7,pull,0.01842,0.01542,0.01009,0.01862,-0.0076,-17.65,71.04,0.3066,0.0332,1.674,10.335,0.0,0,11.49,4.77
2,785,15.7,pull,0.0534,0.03354,0.04155,0.05386,-0.0076,-18.3,69.72,0.312,0.0294,1.451,10.871,0.0,0,11.48,-0.0
3,785,15.7,pull,0.02773,0.02255,0.01613,0.02742,-0.0076,-18.4,71.15,0.3088,0.0378,1.671,8.937,0.0,0,15.41,5.51
0,786,15.72,pull,0.0218,0.01948,0.00979,0.02182,-0.0076,-17.09,72.88,0.3072,0.0335,1.143,7.628,0.0,0,13.38,4.2
1,786,15.72,pull,0.01909,0.01604,0.01034,0.01928,-0.0076,-17.74,70.93,0.3065,0.0332,1.682,10.947,0.0,0,11.77,4.87
2,786,15.72,pull,0.05368,0.03366,0.04181,0.05413,-0.0076,-18.35,69.8,0.312,0.0296,1.418,11.846,0.0,0,11.68,-0.0
3,786,15.72,pull,0.02772,0.02203,0.01683,0.02752,-0.0076,-18.43,70.9,0.309,0.0375,1.642,9.921,0.0,0,15.46,5.14
0,787,15.74,pull,0.02252,0.02009,0.01017,0.0225,-0.0076,-17.27,72.7,0.3072,0.0337,1.139,10.158,0.0,0,13.59,4.65
1,787,15.74,pull,0.01969,0.01674,0.01036,0.01984,-0.0076,-17.85,70.82,0.3065,0.0332,1.692,11.792,0.0,0,12.11,5.09
2,787,15.74,pull,0.05386,0.03361,0.04208,0.05429,-0.0076,-18.34,69.79,0.312,0.0297,1.387,9.238,0.0,0,11.85,-0.0
3,787,15.74,pull,0.02814,0.02201,0.01753,0.02791,-0.0076,-18.47,71.03,0.3092,0.0373,1.609,9.411,0.0,0,15.57,5.33
0,788,15.76,pull,0.02245,0.02014,0.00994,0.02253,-0.0076,-17.34,72.44,0.3072,0.0339,1.145,11.086,0.0,0,13.87,4.15
1,788,15.76,pull,0.02014,0.01733,0.01024,0.02019,-0.0076,-17.88,71.27,0.3065,0.0331,1.701,6.255,0.0,0,12.46,5.31
2,788,15.76,pull,0.05417,0.0335,0.04257,0.05459,-0.0076,-18.22,70.04,0.3119,0.0299,1.36,13.026,0.0,0,12.0,-0.0
3,788,15.76,pull,0.02814,0.02168,0.01795,0.02804,-0.0076,-18.46,70.65,0.3094,0.037,1.573,12.198,0.0,0,15.69,4.71
0,789,15.78,pull,0.02265,0.0204,0.00985,0.02274,-0.0076,-17.31,72.54,0.3073,0.034,1.157,5.973,0.0,0,14.16,3.85
1,789,15.78,pull,0.0205,0.01778,0.01021,0.02046,-0.0076,-18.04,71.27,0.3065,0.033,1.687,6.755,0.0,0,12.74,5.86
2,789,15.78,pull,0.05516,0.03295,0.04424,0.05556,-0.0076,-18.06,70.47,0.3118,0.0302,1.328,16.502,0.0,0,11.93,-0.0
3,789,15.78,pull,0.02846,0.02169,0.01842,0.02836,-0.0076,-18.45,70.87,0.3095,0.0367,1.54,6.298,0.0,0,15.87,4.39
0,790,15.8,pull,0.02299,0.02067,0.01006,0.02307,-0.0076,-17.42,72.3,0.3073,0.0341,1.166,11.761,0.0,0,14.38,4.19
1,790,15.8,pull,0.02036,0.01769,0.01007,0.02034,-0.0076,-18.22,70.62,0.3066,0.033,1.673,12.097,0.0,0,12.96,6.05
2,790,15.8,pull,0.05593,0.03226,0.04569,0.05635,-0.0076,-17.99,70.48,0.3117,0.0305,1.298,10.837,0.0,0,11.84,-0.0
3,790,15.8,pull,0.02925,0.02182,0.01948,0.02921,-0.0076,-18.43,70.74,0.3095,0.0365,1.509,10.872,0.0,0,15.94,4.53
0,791,15.82,pull,0.02332,0.02087,0.01042,0.02334,-0.0076,-17.53,72.35,0.3075,0.0342,1.167,9.357,0.0,0,14.56,4.73
1,791,15.82,pull,0.02026,0.01771,0.00985,0.02028,-0.0076,-18.34,70.22,0.3068,0.0329,1.672,10.8,0.0,0,13.22,5.99
2,791,15.82,pull,0.05631,0.03219,0.0462,0.0567,-0.0076,-17.97,70.55,0.3116,0.0308,1.271,11.499,0.0,0,11.97,-0.0
3,791,15.82,pull,0.03002,0.02175,0.0207,0.03001,-0.0076,-18.41,70.91,0.3096,0.0363,1.475,6.722,0.0,0,15.96,4.42
0,792,15.84,pull,0.02345,0.0209,0.01063,0.02346,-0.0076,-17.66,72.16,0.3076,0.0343,1.159,10.683,0.0,0,14.74,5.09
1,792,15.84,pull,0.0207,0.01819,0.0099,0.02066,-0.0076,-18.5,70.23,0.3069,0.0328,1.67,11.02,0.0,0,13.5,6.49
2,792,15.84,pull,0.05692,0.03198,0.04709,0.05732,-0.0076,-17.94,70.68,0.3115,0.031,1.241,13.134,0.0,0,12.03,-0.0
3,792,15.84,pull,0.03016,0.02125,0.0214,0.03021,-0.0076,-18.53,70.51,0.3097,0.0361,1.426,10.297,0.0,0,16.0,4.13
0,793,15.86,pull,0.02342,0.02084,0.01067,0.02347,-0.0076,-17.65,72.01,0.3078,0.0344,1.148,11.447,0.0,0,14.97,4.85
1,793,15.86,pull,0.02069,0.01806,0.01008,0.02067,-0.0076,-18.52,70.05,0.307,0.0327,1.658,11.938,0.0,0,13.69,6.44
2,793,15.86,pull,0.05755,0.03172,0.04802,0.05793,-0.0076,-17.85,70.84,0.3114,0.0312,1.213,15.995,0.0,0,12.08,-0.0
3,793,15.86,pull,0.03087,0.02153,0.02212,0.03093,-0.0076,-18.64,70.43,0.3097,0.0359,1.38,11.562,0.0,0,16.11,4.33
0,794,15.88,pull,0.02415,0.02133,0.01133,0.02414,-0.0076,-17.65,72.22,0.3079,0.0345,1.133,9.105,0.0,0,15.15,5.34
1,794,15.88,pull,0.02064,0.01779,0.01045,0.02072,-0.0076,-18.48,69.63,0.307,0.0326,1.646,12.994,0.0,0,13.84,5.87
2,794,15.88,pull,0.05825,0.03142,0.04905,0.05863,-0.0076,-17.81,70.97,0.3112,0.0314,1.187,13.8,0.0,0,12.1,-0.0
3,794,15.88,pull,0.03119,0.02183,0.02228,0.03127,-0.0076,-18.7,70.32,0.3097,0.0356,1.338,11.475,0.0,0,16.34,4.2
0,795,15.9,pull,0.02463,0.02141,0.01218,0.02461,-0.0076,-17.66,72.25,0.3081,0.0346,1.112,7.487,0.0,0,15.25,5.71
1,795,15.9,pull,0.02112,0.01779,0.01138,0.0212,-0.0076,-18.48,70.07,0.3071,0.0326,1.633,6.778,0.0,0,13.92,5.96
2,795,15.9,pull,0.05868,0.03103,0.04981,0.05909,-0.0076,-17.47,71.18,0.311,0.0317,1.028,12.144,0.0,0,12.17,-0.0
3,795,15.9,pull,0.0316,0.02208,0.0226,0.03167,-0.0076,-18.65,70.64,0.3097,0.0353,1.298,7.477,0.0,0,16.57,3.98
0,796,15.92,pull,0.0248,0.02124,0.0128,0.02477,-0.0076,-17.79,72.11,0.3082,0.0347,1.083,9.067,0.0,0,15.33,6.07
1,796,15.92,pull,0.02199,0.01793,0.01272,0.02207,-0.0076,-18.55,69.86,0.3071,0.0326,1.612,12.151,0.0,0,13.94,6.54
2,796,15.92,pull,0.0593,0.03078,0.05069,0.05973,-0.0076,-17.19,71.47,0.3109,0.032,0.771,10.364,0.0,0,12.21,0.12
3,796,15.92,pull,0.03253,0.02227,0.02371,0.03264,-0.0076,-18.6,70.61,0.3097,0.035,1.259,9.997,0.0,0,16.64,4.03
0,797,15.94,pull,0.0251,0.0214,0.01313,0.02503,-0.0076,-17.9,72.06,0.3083,0.0347,1.047,8.483,0.0,0,15.5,6.47
1,797,15.94,pull,0.02262,0.01811,0.01355,0.02264,-0.0076,-18.68,70.11,0.3072,0.0325,1.583,11.413,0.0,0,14.03,7.15
2,797,15.94,pull,0.05962,0.03026,0.05137,0.06008,-0.0076,-16.98,71.28,0.311,0.0323,0.526,12.27,0.0,0,12.24,0.04
3,797,15.94,pull,0.03331,0.0219,0.0251,0.0335,-0.0076,-18.59,70.38,0.3097,0.0348,1.22,10.103,0.0,0,16.61,3.5
0,798,15.96,pull,0.02519,0.0215,0.01313,0.02512,-0.0076,-17.97,71.98,0.3084,0.0347,1.007,7.354,0.0,0,15.74,6.55
1,798,15.96,pull,0.02262,0.01783,0.01393,0.02273,-0.0076,-18.65,69.55,0.3072,0.0325,1.549,12.751,0.0,0,14.17,6.72
2,798,15.96,pull,0.05951,0.03042,0.05115,0.05998,-0.0076,-16.96,71.11,0.3112,0.0325,0.302,12.597,0.0,0,12.47,-0.0
3,798,15.96,pull,0.03431,0.02227,0.0261,0.03451,-0.0076,-18.74,70.22,0.3097,0.0346,1.175,11.512,0.0,0,16.67,3.74
0,799,15.98,pull,0.02537,0.02151,0.01345,0.02534,-0.0076,-17.95,71.9,0.3085,0.0346,0.969,11.412,0.0,0,15.91,6.51
1,799,15.98,pull,0.0235,0.01839,0.01464,0.02354,-0.0076,-18.74,69.93,0.3072,0.0324,1.512,10.865,0.0,0,14.34,7.39
2,799,15.98,pull,0.05897,0.03043,0.05051,0.05943,-0.0076,-16.99,70.76,0.3116,0.0327,0.087,12.241,0.0,0,12.76,-0.0
3,799,15.98,pull,0.03497,0.02284,0.02648,0.03516,-0.0076,-18.83,70.15,0.3097,0.0343,1.134,11.426,0.0,0,16.87,3.89
0,800,16.0,pull,0.02531,0.02111,0.01397,0.02536,-0.0076,-17.95,71.67,0.3085,0.0345,0.935,13.057,0.0,0,16.01,6.03
1,800,16.0,pull,0.02414,0.0185,0.01552,0.02417,-0.0076,-18.78,69.93,0.3073,0.0323,1.477,10.53,0.0,0,14.43,7.93
2,800,16.0,pull,0.05892,0.03057,0.05037,0.05937,-0.0076,-17.05,70.47,0.3121,0.0328,-0.108,13.965,0.0,0,12.98,-0.0
3,800,16.0,pull,0.0356,0.0234,0.02684,0.03579,-0.0076,-18.92,70.03,0.3096,0.034,1.095,11.546,0.0,0,17.08,4.02
0,801,16.02,pull,0.02573,0.02107,0.01476,0.02579,-0.0076,-17.92,71.83,0.3086,0.0345,0.904,7.508,0.0,0,16.1,5.89
1,801,16.02,pull,0.0251,0.01857,0.01689,0.02511,-0.0076,-18.82,70.12,0.3073,0.0322,1.435,13.313,0.0,0,14.43,8.51
2,801,16.02,pull,0.05902,0.03059,0.05048,0.05945,-0.0076,-17.1,70.19,0.3128,0.0329,-0.279,13.702,0.0,0,13.14,-0.0
3,801,16.02,pull,0.03639,0.02387,0.02747,0.03659,-0.0076,-18.96,69.99,0.3096,0.0336,1.058,11.608,0.0,0,17.24,4.04
0,802,16.04,pull,0.02617,0.02106,0.01554,0.02624,-0.0076,-17.95,71.72,0.3087,0.0344,0.869,9.896,0.0,0,16.2,6.09
1,802,16.04,pull,0.02526,0.01799,0.01773,0.02534,-0.0076,-18.75,69.61,0.3074,0.0322,1.393,13.063,0.0,0,14.45,7.91
2,802,16.04,pull,0.05922,0.03059,0.05071,0.05962,-0.0076,-17.2,69.88,0.3136,0.0329,-0.437,13.367,0.0,0,13.28,-0.0
3,802,16.04,pull,0.03728,0.0243,0.02828,0.03749,-0.0076,-18.99,69.97,0.3095,0.0333,1.023,11.526,0.0,0,17.36,4.06
0,803,16.06,pull,0.02695,0.02148,0.01627,0.027,-0.0076,-18.1,71.57,0.3088,0.0343,0.825,11.642,0.0,0,16.31,6.64
1,803,16.06,pull,0.02588,0.01801,0.01859,0.02596,-0.0076,-18.81,69.74,0.3074,0.0321,1.352,11.172,0.0,0,14.52,8.09
2,803,16.06,pull,0.05904,0.03055,0.05052,0.05942,-0.0076,-17.4,69.49,0.3145,0.0329,-0.584,12.663,0.0,0,13.46,-0.0
3,803,16.06,pull,0.03789,0.02481,0.02863,0.0381,-0.0076,-19.13,69.8,0.3095,0.033,0.985,11.451,0.0,0,17.56,4.12
0,804,16.08,pull,0.0274,0.0217,0.01672,0.02745,-0.0076,-18.13,71.65,0.3088,0.0342,0.786,12.113,0.0,0,16.49,6.73
1,804,16.08,pull,0.02667,0.0181,0.01959,0.02673,-0.0076,-18.87,69.74,0.3075,0.0321,1.305,11.359,0.0,0,14.58,8.5
2,804,16.08,pull,0.05883,0.03059,0.05025,0.05918,-0.0076,-17.61,69.1,0.3155,0.0328,-0.707,11.889,0.0,0,13.67,-0.0
3,804,16.08,pull,0.03859,0.02537,0.02908,0.03881,-0.0076,-19.2,69.72,0.3095,0.0327,0.948,11.247,0.0,0,17.76,4.09
0,805,16.1,pull,0.02791,0.02187,0.01735,0.028,-0.0076,-18.04,71.67,0.3089,0.034,0.75,12.214,0.0,0,16.65,6.49
1,805,16.1,pull,0.02777,0.01826,0.02092,0.02782,-0.0076,-18.95,69.87,0.3075,0.032,1.257,12.583,0.0,0,14.58,9.13
2,805,16.1,pull,0.05821,0.03049,0.04958,0.05854,-0.0076,-17.85,68.72,0.3164,0.0327,-0.816,11.578,0.0,0,13.91,-0.0
3,805,16.1,pull,0.03943,0.02586,0.02977,0.03966,-0.0076,-19.27,69.64,0.3094,0.0323,0.914,11.117,0.0,0,17.9,4.04
0,806,16.12,pull,0.02886,0.02227,0.01835,0.02892,-0.0076,-17.97,71.92,0.3089,0.0338,0.717,9.888,0.0,0,16.74,6.63
1,806,16.12,pull,0.02787,0.01778,0.02146,0.02796,-0.0076,-18.88,69.36,0.3076,0.0319,1.212,12.834,0.0,0,14.66,8.39
2,806,16.12,pull,0.05745,0.03041,0.04874,0.05776,-0.0076,-18.09,68.37,0.3174,0.0324,-0.911,11.036,0.0,0,14.19,-0.0
3,806,16.12,pull,0.04036,0.02635,0.03056,0.0406,-0.0076,-19.35,69.54,0.3094,0.032,0.879,10.896,0.0,0,18.04,3.98
0,807,16.14,pull,0.02979,0.02234,0.01971,0.02986,-0.0076,-17.88,72.06,0.3089,0.0337,0.684,7.013,0.0,0,16.73,6.86
1,807,16.14,pull,0.02838,0.01801,0.02194,0.02847,-0.0076,-19.01,69.45,0.3076,0.0318,1.166,11.515,0.0,0,14.82,8.62
2,807,16.14,pull,0.0566,0.03025,0.04783,0.05689,-0.0076,-18.3,68.05,0.3182,0.0322,-0.99,11.383,0.0,0,14.46,-0.0
3,807,16.14,pull,0.04122,0.02685,0.03127,0.04147,-0.0076,-19.39,69.48,0.3093,0.0317,0.846,10.817,0.0,0,18.19,3.8
0,808,16.16,pull,0.03033,0.02209,0.02078,0.03041,-0.0076,-17.91,72.03,0.309,0.0336,0.644,8.622,0.0,0,16.73,7.0
1,808,16.16,pull,0.02923,0.01839,0.02271,0.02929,-0.0076,-19.11,69.51,0.3077,0.0317,1.118,11.552,0.0,0,14.95,9.16
2,808,16.16,pull,0.05565,0.03009,0.04682,0.05593,-0.0076,-18.49,67.81,0.319,0.0319,-1.052,10.521,0.0,0,14.76,-0.0
3,808,16.16,pull,0.04211,0.02735,0.03202,0.04238,-0.0076,-19.43,69.43,0.3092,0.0313,0.814,10.664,0.0,0,18.34,3.6
0,809,16.18,pull,0.0305,0.02176,0.02138,0.03064,-0.0076,-17.98,71.87,0.309,0.0334,0.6,9.601,0.0,0,16.8,6.65
1,809,16.18,pull,0.03008,0.01877,0.02351,0.03013,-0.0076,-19.23,69.54,0.3077,0.0316,1.07,12.742,0.0,0,15.06,9.76
2,809,16.18,pull,0.05477,0.02995,0.04586,0.05504,-0.0076,-18.62,67.67,0.3196,0.0315,-1.102,10.953,0.0,0,15.05,-0.0
3,809,16.18,pull,0.04322,0.02789,0.03301,0.04349,-0.0076,-19.47,69.37,0.3091,0.031,0.784,10.343,0.0,0,18.45,3.44
0,810,16.2,pull,0.03138,0.02211,0.02227,0.0315,-0.0076,-17.97,71.98,0.309,0.0332,0.557,7.147,0.0,0,16.92,6.72
1,810,16.2,pull,0.02994,0.01838,0.02364,0.03003,-0.0076,-19.2,69.06,0.3077,0.0315,1.023,13.119,0.0,0,15.24,8.87
2,810,16.2,pull,0.05372,0.02983,0.04467,0.05398,-0.0076,-18.79,67.5,0.32,0.0311,-1.14,10.724,0.0,0,15.39,-0.0
3,810,16.2,pull,0.04444,0.02868,0.03394,0.04472,-0.0076,-19.56,69.23,0.309,0.0308,0.746,9.68,0.0,0,18.61,3.17
0,811,16.22,pull,0.03221,0.02234,0.0232,0.03233,-0.0076,-17.96,72.01,0.3089,0.0331,0.52,7.262,0.0,0,17.0,6.86
1,811,16.22,pull,0.0305,0.0185,0.02425,0.0306,-0.0076,-19.19,69.12,0.3078,0.0313,0.983,12.963,0.0,0,15.39,8.71
2,811,16.22,pull,0.05249,0.02977,0.04323,0.05274,-0.0076,-18.96,67.22,0.3202,0.0306,-1.165,10.406,0.0,0,15.82,-0.0
3,811,16.22,pull,0.04578,0.02964,0.03488,0.04607,-0.0076,-19.62,69.11,0.3089,0.0305,0.709,9.336,0.0,0,18.79,2.75
0,812,16.24,pull,0.03235,0.02205,0.02367,0.03254,-0.0076,-18.12,71.68,0.3089,0.0329,0.484,13.247,0.0,0,17.11,6.36
1,812,16.24,pull,0.0314,0.01867,0.02524,0.03149,-0.0076,-19.31,69.39,0.3078,0.0312,0.942,10.404,0.0,0,15.45,9.12
2,812,16.24,pull,0.05124,0.02996,0.04157,0.05147,-0.0076,-19.1,67.12,0.3204,0.0301,-1.181,9.09,0.0,0,16.33,-0.0
3,812,16.24,pull,0.04709,0.0306,0.03579,0.0474,-0.0076,-19.69,68.99,0.3088,0.0303,0.672,8.886,0.0,0,18.97,2.27
0,813,16.26,pull,0.03282,0.0222,0.02417,0.03305,-0.0076,-18.26,71.42,0.309,0.0327,0.451,11.333,0.0,0,17.26,5.97
1,813,16.26,pull,0.03194,0.01822,0.02624,0.03205,-0.0076,-19.31,68.87,0.3079,0.0311,0.895,12.504,0.0,0,15.44,8.63
2,813,16.26,pull,0.04967,0.03026,0.03939,0.04993,-0.0076,-19.22,67.16,0.3204,0.0295,-1.191,9.614,0.0,0,16.95,-0.0
3,813,16.26,pull,0.04829,0.03143,0.03666,0.04861,-0.0076,-19.75,68.87,0.3087,0.0301,0.635,8.763,0.0,0,19.15,1.73
0,814,16.28,pull,0.03349,0.02284,0.0245,0.0337,-0.0076,-18.47,71.18,0.309,0.0326,0.422,11.815,0.0,0,17.45,6.44
1,814,16.28,pull,0.03254,0.01804,0.02709,0.03268,-0.0076,-19.34,68.78,0.3079,0.0311,0.849,13.352,0.0,0,15.5,8.25
2,814,16.28,pull,0.04788,0.0307,0.03674,0.04818,-0.0076,-19.45,67.25,0.3203,0.029,-1.199,9.015,0.0,0,17.67,0.04
3,814,16.28,pull,0.04919,0.03193,0.03742,0.04953,-0.0076,-19.87,68.68,0.3086,0.03,0.6,9.767,0.0,0,19.29,1.17
0,815,16.3,pull,0.03407,0.0235,0.02468,0.03427,-0.0076,-18.66,70.95,0.3091,0.0323,0.391,11.676,0.0,0,17.68,6.9
1,815,16.3,pull,0.03314,0.01819,0.0277,0.03329,-0.0076,-19.36,68.57,0.3079,0.0309,0.807,11.745,0.0,0,15.65,7.87
2,815,16.3,pull,0.04584,0.0314,0.0334,0.04616,-0.0076,-19.68,66.95,0.3201,0.0285,-1.201,7.726,0.0,0,18.54,-0.0
3,815,16.3,pull,0.05108,0.03317,0.03885,0.05143,-0.0076,-19.85,68.66,0.3085,0.0298,0.577,8.206,0.0,0,19.43,0.49
0,816,16.32,pull,0.03465,0.02396,0.02503,0.03483,-0.0076,-18.75,70.94,0.3092,0.0321,0.359,11.626,0.0,0,17.88,7.18
1,816,16.32,pull,0.03402,0.01878,0.02837,0.03415,-0.0076,-19.45,69.01,0.3079,0.0308,0.765,8.748,0.0,0,15.85,8.32
2,816,16.32,pull,0.04367,0.03203,0.02969,0.04399,-0.0076,-19.91,66.78,0.3199,0.028,-1.198,6.784,0.0,0,19.47,0.15
3,816,16.32,pull,0.05192,0.03363,0.03955,0.05229,-0.0076,-20.06,68.36,0.3084,0.0298,0.541,9.398,0.0,0,19.58,-0.0
0,817,16.34,pull,0.03505,0.02402,0.02552,0.03526,-0.0076,-18.79,70.88,0.3093,0.0319,0.328,11.982,0.0,0,18.03,6.83
1,817,16.34,pull,0.03509,0.01874,0.02967,0.03523,-0.0076,-19.5,69.08,0.3079,0.0307,0.719,8.527,0.0,0,15.86,8.39
2,817,16.34,pull,0.0416,0.03232,0.02619,0.04191,-0.0076,-20.01,66.65,0.3197,0.0276,-1.192,8.02,0.0,0,20.35,0.47
3,817,16.34,pull,0.05257,0.03393,0.04015,0.05293,-0.0076,-20.12,68.27,0.3083,0.0297,0.507,11.978,0.0,0,19.72,-0.0
0,818,16.36,pull,0.03541,0.02416,0.02589,0.03565,-0.0076,-18.86,70.86,0.3094,0.0317,0.298,7.556,0.0,0,18.21,6.25
1,818,16.36,pull,0.03587,0.0182,0.03091,0.03601,-0.0076,-19.53,68.59,0.3079,0.0307,0.673,12.337,0.0,0,15.77,8.04
2,818,16.36,pull,0.03989,0.03262,0.02296,0.04019,-0.0076,-19.92,66.29,0.3195,0.0272,-1.182,8.861,0.0,0,21.19,0.33
3,818,16.36,pull,0.05317,0.03401,0.04086,0.05352,-0.0076,-20.15,68.17,0.3082,0.0297,0.472,11.982,0.0,0,19.81,-0.0
0,819,16.38,pull,0.03626,0.02452,0.02671,0.0365,-0.0076,-18.9,70.75,0.3095,0.0315,0.268,10.515,0.0,0,18.33,6.29
1,819,16.38,pull,0.03671,0.01841,0.03176,0.03688,-0.0076,-19.65,68.55,0.3079,0.0306,0.628,13.092,0.0,0,15.88,7.9
2,819,16.38,pull,0.0382,0.03286,0.01947,0.03848,-0.0076,-19.9,65.95,0.3193,0.0268,-1.165,8.659,0.0,0,22.08,0.27
3,819,16.38,pull,0.05405,0.03388,0.04211,0.05439,-0.0076,-20.13,68.11,0.3081,0.0298,0.438,12.507,0.0,0,19.8,-0.0
0,820,16.4,pull,0.03718,0.02463,0.02785,0.03744,-0.0076,-19.01,70.65,0.3096,0.0314,0.235,11.865,0.0,0,18.36,6.39
1,820,16.4,pull,0.03686,0.01877,0.03172,0.03706,-0.0076,-19.7,68.68,0.3079,0.0305,0.588,7.753,0.0,0,16.17,7.49
2,820,16.4,pull,0.03657,0.03293,0.01592,0.03681,-0.0076,-19.87,65.95,0.3191,0.0264,-1.143,8.731,0.0,0,22.99,0.35
3,820,16.4,pull,0.05534,0.0337,0.0439,0.05567,-0.0076,-20.08,68.11,0.308,0.0299,0.404,13.034,0.0,0,19.69,-0.0
0,821,16.42,pull,0.03767,0.02476,0.02838,0.03795,-0.0076,-19.17,70.57,0.3097,0.0313,0.204,9.857,0.0,0,18.48,6.25
1,821,16.42,pull,0.03799,0.01907,0.03286,0.03815,-0.0076,-19.74,68.44,0.3079,0.0304,0.547,11.93,0.0,0,16.23,7.87
2,821,16.42,pull,0.03478,0.03241,0.01262,0.03496,-0.0076,-19.79,66.43,0.3189,0.026,-1.117,8.13,0.0,0,23.81,0.63
3,821,16.42,pull,0.05747,0.0341,0.04625,0.0578,-0.0076,-20.19,68.46,0.3079,0.0301,0.391,12.504,0.0,0,19.53,0.08
0,822,16.44,pull,0.03822,0.02513,0.0288,0.03852,-0.0076,-19.38,70.44,0.3097,0.0311,0.169,9.611,0.0,0,18.65,6.29
1,822,16.44,pull,0.03908,0.01913,0.03407,0.03926,-0.0076,-19.86,68.61,0.3078,0.0304,0.506,12.375,0.0,0,16.23,8.17
2,822,16.44,pull,0.03346,0.03196,0.00992,0.03362,-0.0076,-19.56,66.01,0.3187,0.0256,-1.08,8.18,0.0,0,24.54,0.19
3,822,16.44,pull,0.05912,0.03425,0.04819,0.05947,-0.0076,-20.32,68.28,0.3078,0.0303,0.39,11.947,0.0,0,19.43,-0.0
0,823,16.46,pull,0.03918,0.02557,0.02969,0.03948,-0.0076,-19.55,70.3,0.3098,0.031,0.123,10.792,0.0,0,18.74,6.59
1,823,16.46,pull,0.03934,0.0187,0.03461,0.03951,-0.0076,-19.68,68.03,0.3078,0.0304,0.468,12.815,0.0,0,16.32,7.12
2,823,16.46,pull,0.03238,0.03168,0.0067,0.03248,-0.0076,-19.46,66.61,0.3184,0.0252,-1.043,2.91,0.0,0,25.35,-0.0
3,823,16.46,pull,0.06002,0.03431,0.04924,0.06037,-0.0076,-20.54,68.0,0.3077,0.0305,0.382,11.576,0.0,0,19.44,-0.0
0,824,16.48,pull,0.03962,0.02568,0.03017,0.03994,-0.0076,-19.59,70.25,0.3098,0.0308,0.086,9.367,0.0,0,18.88,6.39
1,824,16.48,pull,0.0399,0.01901,0.03508,0.0401,-0.0076,-19.83,68.13,0.3078,0.0303,0.426,11.131,0.0,0,16.49,7.08
2,824,16.48,pull,0.03131,0.03101,0.00438,0.0314,-0.0076,-19.24,66.23,0.318,0.0247,-0.989,8.007,0.0,0,26.04,-0.0
3,824,16.48,pull,0.06055,0.03452,0.04975,0.0609,-0.0076,-20.75,67.68,0.3077,0.0306,0.369,11.501,0.0,0,19.57,-0.0
0,825,16.5,pull,0.04002,0.02584,0.03056,0.04034,-0.0076,-19.71,70.13,0.3098,0.0307,0.051,6.401,0.0,0,19.05,6.16
1,825,16.5,pull,0.04104,0.01933,0.0362,0.04123,-0.0076,-19.97,68.23,0.3078,0.0304,0.382,11.606,0.0,0,16.55,7.56
2,825,16.5,pull,0.03029,0.03024,0.00179,0.03033,-0.0076,-19.0,66.37,0.3176,0.0242,-0.94,7.004,0.0,0,26.73,-0.0
3,825,16.5,pull,0.06059,0.03457,0.04976,0.06095,-0.0076,-20.94,67.2,0.3076,0.0308,0.358,11.587,0.0,0,19.74,-0.0
0,826,16.52,pull,0.0403,0.02574,0.031,0.04064,-0.0076,-19.94,69.79,0.3099,0.0306,-0.001,9.291,0.0,0,19.16,6.11
1,826,16.52,pull,0.04191,0.01964,0.03702,0.04211,-0.0076,-20.04,68.28,0.3078,0.0304,0.344,11.572,0.0,0,16.66,7.75
2,826,16.52,pull,0.02923,0.02922,-0.00041,0.02923,-0.0076,-18.71,66.84,0.3171,0.0237,-0.879,7.505,0.0,0,27.33,-0.0
3,826,16.52,pull,0.06094,0.03466,0.05012,0.06132,-0.0076,-21.1,67.02,0.3076,0.031,0.348,13.441,0.0,0,19.89,-0.0
0,827,16.54,pull,0.04105,0.026,0.03176,0.04143,-0.0076,-20.08,69.53,0.3099,0.0306,-0.04,10.488,0.0,0,19.24,6.01
1,827,16.54,pull,0.04219,0.02003,0.03713,0.0424,-0.0076,-20.11,68.21,0.3078,0.0303,0.311,12.475,0.0,0,16.91,7.68
2,827,16.54,pull,0.02909,0.029,-0.00228,0.02909,-0.0076,-18.52,65.97,0.3166,0.0233,-0.805,8.633,0.0,0,27.91,-0.0
3,827,16.54,pull,0.06133,0.03461,0.05063,0.06171,-0.0076,-21.14,66.84,0.3076,0.0311,0.331,17.0,0.0,0,20.0,-0.0
0,828,16.56,pull,0.04149,0.02657,0.03187,0.04186,-0.0076,-20.2,69.38,0.3099,0.0305,-0.069,10.37,0.0,0,19.48,6.08
1,828,16.56,pull,0.04244,0.02023,0.03731,0.04266,-0.0076,-20.03,68.42,0.3078,0.0303,0.281,8.311,0.0,0,17.15,7.36
2,828,16.56,pull,0.02765,0.02727,-0.00453,0.02763,-0.0076,-18.28,66.17,0.316,0.0229,-0.739,7.219,0.0,0,28.49,-0.0
3,828,16.56,pull,0.06233,0.03466,0.05181,0.06277,-0.0076,-21.04,67.58,0.3077,0.0314,0.183,9.288,0.0,0,20.03,0.5
0,829,16.58,pull,0.04189,0.02719,0.03188,0.04225,-0.0076,-20.24,69.29,0.3099,0.0304,-0.094,11.588,0.0,0,19.77,6.17
1,829,16.58,pull,0.0434,0.01995,0.03854,0.0436,-0.0076,-20.07,68.09,0.3077,0.0304,0.247,10.513,0.0,0,17.11,7.34
2,829,16.58,pull,0.02621,0.02544,-0.00629,0.02618,-0.0076,-18.02,66.47,0.3155,0.0225,-0.661,7.672,0.0,0,28.95,-0.0
3,829,16.58,pull,0.06283,0.03411,0.05276,0.06328,-0.0076,-20.82,67.17,0.3079,0.0317,-0.064,12.54,0.0,0,20.01,0.22
0,830,16.6,pull,0.04266,0.02781,0.03235,0.043,-0.0076,-20.27,69.48,0.3099,0.0303,-0.115,10.593,0.0,0,19.97,6.33
1,830,16.6,pull,0.04502,0.01989,0.04038,0.04526,-0.0076,-20.2,68.49,0.3077,0.0305,0.209,7.272,0.0,0,17.0,7.5
2,830,16.6,pull,0.02516,0.024,-0.00756,0.02513,-0.0076,-17.78,66.69,0.315,0.0221,-0.581,8.385,0.0,0,29.35,-0.0
3,830,16.6,pull,0.06337,0.0343,0.05328,0.06385,-0.0076,-20.81,67.48,0.3082,0.032,-0.271,9.124,0.0,0,20.12,0.15
0,831,16.62,pull,0.04376,0.02787,0.03373,0.04411,-0.0076,-20.32,69.44,0.3099,0.0303,-0.134,7.114,0.0,0,19.97,6.18
1,831,16.62,pull,0.04484,0.01967,0.04029,0.04505,-0.0076,-20.36,67.3,0.3078,0.0306,0.141,13.49,0.0,0,17.16,6.87
2,831,16.62,pull,0.02426,0.02271,-0.00852,0.02423,-0.0076,-17.54,66.88,0.3144,0.0217,-0.502,8.995,0.0,0,29.66,-0.0
3,831,16.62,pull,0.0631,0.03414,0.05306,0.06357,-0.0076,-20.72,66.89,0.3087,0.0322,-0.465,11.189,0.0,0,20.31,-0.0
0,832,16.64,pull,0.04484,0.02767,0.03529,0.04522,-0.0076,-20.45,69.29,0.3099,0.0304,-0.172,7.75,0.0,0,19.87,6.01
1,832,16.64,pull,0.04492,0.02028,0.04008,0.04513,-0.0076,-20.46,66.9,0.3078,0.0306,0.105,11.611,0.0,0,17.49,6.23
2,832,16.64,pull,0.02372,0.02198,-0.0089,0.02371,-0.0076,-17.17,67.46,0.3139,0.0214,-0.42,6.224,0.0,0,29.92,-0.0
3,832,16.64,pull,0.06297,0.03454,0.05266,0.06346,-0.0076,-20.76,67.18,0.3092,0.0323,-0.657,8.762,0.0,0,20.61,-0.0
0,833,16.66,pull,0.04537,0.02772,0.03591,0.04578,-0.0076,-20.8,68.88,0.3099,0.0305,-0.206,7.706,0.0,0,19.95,5.67
1,833,16.66,pull,0.04502,0.02096,0.03985,0.04524,-0.0076,-20.61,66.98,0.3078,0.0306,0.087,10.744,0.0,0,17.84,6.43
2,833,16.66,pull,0.02285,0.02101,-0.009,0.02286,-0.0076,-16.92,67.27,0.3133,0.0211,-0.333,10.002,0.0,0,30.1,-0.0
3,833,16.66,pull,0.06282,0.03443,0.05255,0.06333,-0.0076,-20.79,67.17,0.3099,0.0324,-0.847,8.303,0.0,0,20.8,0.2
0,834,16.68,pull,0.04584,0.02805,0.03625,0.04629,-0.0076,-20.98,68.46,0.3099,0.0306,-0.232,11.005,0.0,0,20.16,5.07
1,834,16.68,pull,0.04618,0.02147,0.04088,0.04637,-0.0076,-20.66,67.08,0.3077,0.0306,0.067,12.167,0.0,0,17.94,6.94
2,834,16.68,pull,0.02202,0.02027,-0.00861,0.02202,-0.0076,-16.52,67.94,0.3127,0.0208,-0.233,7.489,0.0,0,30.16,-0.0
3,834,16.68,pull,0.06272,0.03425,0.05254,0.06323,-0.0076,-20.78,66.56,0.3107,0.0325,-1.028,10.318,0.0,0,20.95,-0.0
0,835,16.7,pull,0.04626,0.0285,0.03644,0.04674,-0.0076,-21.11,68.31,0.3098,0.0306,-0.253,10.905,0.0,0,20.39,4.67
1,835,16.7,pull,0.04726,0.02175,0.04196,0.04745,-0.0076,-20.71,67.25,0.3077,0.0307,0.045,12.108,0.0,0,17.99,7.28
2,835,16.7,pull,0.02113,0.01929,-0.00863,0.02113,-0.0076,-16.14,68.3,0.3121,0.0206,-0.149,10.351,0.0,0,30.24,-0.0
3,835,16.7,pull,0.06211,0.03421,0.05184,0.06262,-0.0076,-20.89,66.09,0.3116,0.0325,-1.203,10.055,0.0,0,21.23,-0.0
0,836,16.72,pull,0.04725,0.0289,0.03738,0.04773,-0.0076,-21.33,68.19,0.3098,0.0307,-0.275,10.047,0.0,0,20.47,4.91
1,836,16.72,pull,0.04796,0.02193,0.04266,0.04817,-0.0076,-20.78,67.3,0.3077,0.0308,0.025,11.299,0.0,0,18.1,7.3
2,836,16.72,pull,0.0201,0.01846,-0.00796,0.02007,-0.0076,-15.83,68.71,0.3114,0.0205,-0.057,11.012,0.0,0,30.2,-0.0
3,836,16.72,pull,0.06095,0.03472,0.05009,0.06142,-0.0076,-21.05,65.61,0.3126,0.0324,-1.332,10.003,0.0,0,21.73,-0.0
0,837,16.74,pull,0.04811,0.02902,0.03837,0.04861,-0.0076,-21.33,68.18,0.3097,0.0307,-0.294,11.423,0.0,0,20.53,4.74
1,837,16.74,pull,0.04841,0.02202,0.04311,0.04862,-0.0076,-20.79,67.33,0.3076,0.0308,0.002,14.103,0.0,0,18.26,7.38
2,837,16.74,pull,0.01905,0.01778,-0.00685,0.01896,-0.0076,-15.37,69.57,0.3107,0.0204,0.041,8.467,0.0,0,30.08,-0.0
3,837,16.74,pull,0.05971,0.03531,0.04816,0.06015,-0.0076,-21.16,65.3,0.3136,0.0321,-1.408,9.746,0.0,0,22.3,-0.0
0,838,16.76,pull,0.04914,0.02934,0.03941,0.04964,-0.0076,-21.48,68.08,0.3097,0.0309,-0.321,9.9,0.0,0,20.58,4.82
1,838,16.76,pull,0.04904,0.02231,0.04367,0.04928,-0.0076,-20.75,67.6,0.3076,0.0308,-0.017,9.271,0.0,0,18.42,7.14
2,838,16.76,pull,0.01836,0.01745,-0.00571,0.01818,-0.0076,-15.07,69.39,0.31,0.0204,0.115,11.783,0.0,0,30.02,-0.0
3,838,16.76,pull,0.05904,0.0357,0.04702,0.05945,-0.0076,-21.2,65.15,0.3147,0.0319,-1.459,9.64,0.0,0,22.74,-0.0
0,839,16.78,pull,0.05006,0.02964,0.04035,0.05057,-0.0076,-21.51,68.09,0.3097,0.031,-0.347,10.609,0.0,0,20.67,4.67
1,839,16.78,pull,0.0502,0.02241,0.04492,0.05043,-0.0076,-20.75,67.54,0.3076,0.0309,-0.034,9.711,0.0,0,18.43,7.16
2,839,16.78,pull,0.01788,0.01727,-0.00464,0.01758,-0.0076,-14.77,69.47,0.3093,0.0204,0.18,11.431,0.0,0,29.99,-0.0
3,839,16.78,pull,0.0586,0.03606,0.04619,0.05899,-0.0076,-21.22,65.09,0.3158,0.0316,-1.506,9.463,0.0,0,23.13,-0.0
0,840,16.8,pull,0.05065,0.02987,0.0409,0.05119,-0.0076,-21.54,68.14,0.3097,0.0311,-0.372,8.788,0.0,0,20.81,4.23
1,840,16.8,pull,0.05032,0.02208,0.04522,0.0505,-0.0076,-20.78,66.54,0.3076,0.031,-0.053,16.012,0.0,0,18.51,6.73
2,840,16.8,pull,0.01716,0.01672,-0.00385,0.01673,-0.0076,-14.27,70.85,0.3086,0.0204,0.248,7.198,0.0,0,29.93,-0.0
3,840,16.8,pull,0.05797,0.03648,0.04506,0.05836,-0.0076,-21.25,65.06,0.3168,0.0313,-1.551,9.492,0.0,0,23.57,-0.0
0,841,16.82,pull,0.05181,0.02984,0.04236,0.05238,-0.0076,-21.57,68.02,0.3096,0.0312,-0.398,10.791,0.0,0,20.77,4.03
1,841,16.82,pull,0.05104,0.02235,0.04588,0.05122,-0.0076,-20.84,66.6,0.3076,0.0311,-0.066,13.768,0.0,0,18.65,6.53
2,841,16.82,pull,0.01662,0.01649,-0.00202,0.01599,-0.0076,-14.04,70.67,0.308,0.0205,0.33,10.21,0.0,0,29.72,-0.0
3,841,16.82,pull,0.05729,0.03691,0.04382,0.05767,-0.0076,-21.27,65.04,0.3178,0.031,-1.597,9.981,0.0,0,24.04,-0.0
0,842,16.84,pull,0.05293,0.02972,0.04379,0.05355,-0.0076,-21.64,67.91,0.3097,0.0314,-0.426,12.046,0.0,0,20.71,3.65
1,842,16.84,pull,0.05173,0.0228,0.04644,0.05193,-0.0076,-20.92,66.69,0.3077,0.0312,-0.077,13.219,0.0,0,18.82,6.66
2,842,16.84,pull,0.01597,0.01597,-0.00021,0.0151,-0.0076,-13.6,71.81,0.3074,0.0206,0.405,7.842,0.0,0,29.43,-0.0
3,842,16.84,pull,0.05626,0.03709,0.0423,0.05663,-0.0076,-21.3,65.0,0.3187,0.0305,-1.651,10.065,0.0,0,24.53,-0.0
0,843,16.86,pull,0.05397,0.02993,0.04492,0.05461,-0.0076,-21.66,67.94,0.3097,0.0316,-0.454,7.912,0.0,0,20.75,3.15
1,843,16.86,pull,0.05287,0.02335,0.04744,0.05307,-0.0076,-21.05,66.99,0.3077,0.0312,-0.089,12.038,0.0,0,18.92,7.15
2,843,16.86,pull,0.01704,0.01704,-0.00039,0.01637,-0.0076,-13.11,73.48,0.3071,0.0204,0.51,9.702,0.0,0,29.66,0.72
3,843,16.86,pull,0.05492,0.03702,0.04057,0.05528,-0.0076,-21.34,64.93,0.3195,0.0301,-1.706,10.082,0.0,0,25.05,-0.0
0,844,16.88,pull,0.05496,0.03024,0.0459,0.05561,-0.0076,-21.79,67.85,0.3097,0.0317,-0.483,7.54,0.0,0,20.82,3.05
1,844,16.88,pull,0.05383,0.02367,0.04835,0.05403,-0.0076,-21.16,67.08,0.3077,0.0313,-0.122,9.593,0.0,0,19.0,7.52
2,844,16.88,pull,0.01837,0.01829,-0.00173,0.01779,-0.0076,-12.6,74.44,0.307,0.0198,0.671,9.513,0.0,0,30.33,0.71
3,844,16.88,pull,0.05365,0.03683,0.03901,0.05401,-0.0076,-21.35,64.93,0.3202,0.0296,-1.753,10.368,0.0,0,25.54,-0.0
0,845,16.9,pull,0.05518,0.03014,0.04622,0.05582,-0.0076,-21.82,67.33,0.3098,0.0319,-0.51,12.698,0.0,0,20.95,2.58
1,845,16.9,pull,0.05403,0.02355,0.04862,0.05415,-0.0076,-20.87,66.98,0.3077,0.0315,-0.245,13.13,0.0,0,19.16,7.77
2,845,16.9,pull,0.01832,0.01822,-0.00187,0.01783,-0.0076,-11.94,76.03,0.3071,0.0191,0.858,11.848,0.0,0,30.71,1.37
3,845,16.9,pull,0.052,0.03641,0.03713,0.05236,-0.0076,-21.4,64.85,0.3207,0.0291,-1.799,10.014,0.0,0,26.07,-0.0
0,846,16.92,pull,0.05552,0.03038,0.04648,0.05622,-0.0076,-22.13,67.06,0.3098,0.032,-0.529,14.511,0.0,0,21.12,2.53
1,846,16.92,pull,0.0547,0.02353,0.04938,0.05479,-0.0076,-20.63,67.14,0.3079,0.0317,-0.423,13.177,0.0,0,19.24,7.87
2,846,16.92,pull,0.01754,0.01751,-0.00097,0.01723,-0.0076,-11.42,77.24,0.3075,0.0183,0.995,13.467,0.0,0,30.79,2.87
3,846,16.92,pull,0.05035,0.03578,0.03542,0.0507,-0.0076,-21.41,64.85,0.3211,0.0286,-1.832,9.509,0.0,0,26.59,-0.0
0,847,16.94,pull,0.05632,0.03088,0.0471,0.05703,-0.0076,-22.31,67.06,0.3099,0.0321,-0.539,10.248,0.0,0,21.26,2.39
1,847,16.94,pull,0.05544,0.02344,0.05025,0.05551,-0.0076,-20.44,67.31,0.3082,0.0321,-0.598,12.959,0.0,0,19.28,8.0
2,847,16.94,pull,0.01685,0.01684,0.00049,0.01674,-0.0076,-10.92,78.23,0.3081,0.0176,1.087,15.815,0.0,0,30.75,4.41
3,847,16.94,pull,0.04857,0.03493,0.03375,0.04892,-0.0076,-21.39,64.89,0.3214,0.0281,-1.852,9.104,0.0,0,27.1,-0.0
0,848,16.96,pull,0.05716,0.03141,0.04776,0.05782,-0.0076,-22.42,66.88,0.31,0.0323,-0.551,12.301,0.0,0,21.4,2.82
1,848,16.96,pull,0.05607,0.02376,0.05079,0.05617,-0.0076,-20.31,67.74,0.3086,0.0324,-0.768,9.752,0.0,0,19.43,8.12
2,848,16.96,pull,0.01658,0.01651,0.00157,0.01666,-0.0076,-10.42,79.08,0.3089,0.0168,1.16,15.687,0.0,0,30.79,5.73
3,848,16.96,pull,0.04651,0.0339,0.03184,0.04684,-0.0076,-21.38,64.92,0.3215,0.0275,-1.859,8.741,0.0,0,27.63,-0.0
0,849,16.98,pull,0.05759,0.03178,0.04803,0.05821,-0.0076,-22.56,66.45,0.3101,0.0324,-0.564,14.601,0.0,0,21.58,3.0
1,849,16.98,pull,0.0562,0.02373,0.05094,0.05631,-0.0076,-20.12,67.78,0.3092,0.0328,-0.949,9.013,0.0,0,19.62,7.67
2,849,16.98,pull,0.01653,0.01634,0.00252,0.01675,-0.0076,-9.93,79.81,0.3099,0.0159,1.238,15.873,0.0,0,30.86,6.78
3,849,16.98,pull,0.04433,0.03274,0.02988,0.04465,-0.0076,-21.38,64.93,0.3215,0.027,-1.844,8.462,0.0,0,28.17,-0.0
0,850,17.0,pull,0.05834,0.03246,0.04848,0.05897,-0.0076,-22.87,66.44,0.3103,0.0326,-0.573,12.312,0.0,0,21.77,3.24
1,850,17.0,pull,0.05601,0.02357,0.05082,0.0561,-0.0076,-20.01,67.34,0.31,0.0331,-1.144,12.5,0.0,0,19.81,7.31
2,850,17.0,pull,0.01707,0.01635,0.00493,0.01734,-0.0076,-9.61,80.32,0.3109,0.0149,1.365,16.257,0.0,0,30.65,7.63
3,850,17.0,pull,0.04196,0.03142,0.02781,0.04227,-0.0076,-21.35,65.0,0.3213,0.0263,-1.811,8.267,0.0,0,28.72,-0.0
0,851,17.02,pull,0.05862,0.03294,0.04849,0.0592,-0.0076,-22.95,66.05,0.3104,0.0327,-0.581,15.509,0.0,0,22.02,3.44
1,851,17.02,pull,0.05558,0.02384,0.0502,0.05569,-0.0076,-20.06,67.33,0.3108,0.0334,-1.333,12.477,0.0,0,20.15,7.47
2,851,17.02,pull,0.01839,0.01643,0.00827,0.01866,-0.0076,-9.61,80.39,0.3119,0.0139,1.54,15.908,0.0,0,30.21,8.54
3,851,17.02,pull,0.03926,0.02982,0.02553,0.03955,-0.0076,-21.28,65.09,0.3211,0.0257,-1.774,8.068,0.0,0,29.31,-0.0
0,852,17.04,pull,0.05931,0.03363,0.04886,0.05991,-0.0076,-23.17,66.09,0.3106,0.0328,-0.584,12.326,0.0,0,22.23,3.52
1,852,17.04,pull,0.05493,0.02413,0.04934,0.05505,-0.0076,-20.1,67.5,0.3119,0.0337,-1.492,9.606,0.0,0,20.54,7.54
2,852,17.04,pull,0.01905,0.01607,0.01024,0.01924,-0.0076,-9.57,80.36,0.3129,0.013,1.619,12.45,0.0,0,29.97,8.53
3,852,17.04,pull,0.03667,0.02832,0.02329,0.03693,-0.0076,-21.12,65.51,0.3207,0.0249,-1.737,7.224,1.363,0,29.92,-0.0
0,853,17.06,pull,0.05958,0.03404,0.0489,0.06013,-0.0076,-23.17,65.75,0.3109,0.0328,-0.586,16.009,0.0,0,22.47,3.63
1,853,17.06,pull,0.05432,0.0241,0.04868,0.05442,-0.0076,-20.18,66.98,0.313,0.034,-1.646,12.458,0.0,0,20.85,7.46
2,853,17.06,pull,0.01747,0.01303,0.01164,0.01748,-0.0076,-9.38,80.58,0.3136,0.0122,1.593,6.425,0.0,0,29.74,5.8
3,853,17.06,pull,0.03497,0.02786,0.02114,0.0352,-0.0076,-20.89,65.8,0.3203,0.0242,-1.712,7.299,12.161,0,30.54,-0.0
0,854,17.08,pull,0.06019,0.03466,0.04921,0.06074,-0.0076,-23.35,65.8,0.3111,0.0328,-0.583,12.636,0.0,0,22.69,3.71
1,854,17.08,pull,0.05362,0.02426,0.04782,0.05374,-0.0076,-20.17,67.02,0.3143,0.0343,-1.776,10.259,0.0,0,21.23,7.27
2,854,17.08,pull,0.01823,0.01192,0.01379,0.01819,-0.0076,-9.48,80.52,0.3143,0.0116,1.552,7.932,0.0,0,29.42,3.6
3,854,17.08,pull,0.03394,0.02791,0.0193,0.03415,-0.0076,-20.75,66.01,0.3199,0.0236,-1.706,6.516,15.666,0,31.1,0.08
0,855,17.1,pull,0.06077,0.03507,0.04963,0.06128,-0.0076,-23.33,65.62,0.3113,0.0329,-0.575,15.626,0.0,0,22.86,3.92
1,855,17.1,pull,0.05224,0.02463,0.04607,0.05238,-0.0076,-20.32,66.84,0.3155,0.0345,-1.895,11.5,0.0,0,21.79,7.39
2,855,17.1,pull,0.01959,0.01165,0.01575,0.01958,-0.0076,-10.11,79.83,0.3148,0.0111,1.514,7.872,0.0,0,29.21,2.6
3,855,17.1,pull,0.03288,0.02784,0.0175,0.03304,-0.0076,-20.73,64.99,0.3195,0.0231,-1.7,9.906,15.339,0,31.65,-0.0
0,856,17.12,pull,0.06181,0.03564,0.0505,0.06236,-0.0076,-23.46,65.81,0.3115,0.0329,-0.563,12.299,0.0,0,22.98,3.89
1,856,17.12,pull,0.05012,0.02516,0.04335,0.05028,-0.0076,-20.55,66.58,0.3168,0.0346,-1.997,11.558,0.0,0,22.56,7.5
2,856,17.12,pull,0.02085,0.01153,0.01737,0.02077,-0.0076,-10.57,79.32,0.3152,0.0106,1.48,9.593,0.0,0,29.05,1.4
3,856,17.12,pull,0.03167,0.02785,0.01509,0.03179,-0.0076,-20.72,64.99,0.3191,0.0227,-1.68,7.594,8.022,0,32.29,0.19
0,857,17.14,pull,0.06247,0.03568,0.05128,0.06295,-0.0076,-22.97,66.05,0.3117,0.033,-0.628,12.594,0.0,0,23.08,3.78
1,857,17.14,pull,0.04731,0.02573,0.0397,0.04752,-0.0076,-20.82,66.84,0.318,0.0346,-2.076,6.768,0.0,0,23.56,7.75
2,857,17.14,pull,0.02141,0.01123,0.01823,0.02134,-0.0076,-11.32,78.41,0.3156,0.0101,1.436,8.861,0.0,0,29.02,0.72
3,857,17.14,pull,0.03004,0.02761,0.01182,0.03015,-0.0076,-20.7,64.93,0.3188,0.0224,-1.654,6.872,11.771,0,33.08,-0.0
0,858,17.16,pull,0.06308,0.0359,0.05186,0.06354,-0.0076,-22.81,66.38,0.3119,0.033,-0.767,7.774,0.0,0,23.21,3.91
1,858,17.16,pull,0.04497,0.02602,0.03668,0.04515,-0.0076,-20.66,65.89,0.3191,0.0345,-2.128,11.187,0.0,0,24.38,7.03
2,858,17.16,pull,0.02176,0.0111,0.01872,0.0217,-0.0076,-12.11,77.38,0.3159,0.0099,1.4,9.621,0.0,0,29.1,0.08
3,858,17.16,pull,0.02866,0.02728,0.00879,0.02875,-0.0076,-20.5,65.24,0.3185,0.022,-1.625,8.087,12.537,0,33.85,-0.0
0,859,17.18,pull,0.0639,0.036,0.05279,0.06435,-0.0076,-22.47,66.44,0.3122,0.033,-0.88,12.325,0.0,0,23.27,3.61
1,859,17.18,pull,0.04228,0.02602,0.03332,0.04248,-0.0076,-20.71,65.85,0.32,0.0345,-2.17,9.404,0.0,0,25.33,6.77
2,859,17.18,pull,0.02213,0.01083,0.0193,0.0221,-0.0076,-12.99,75.98,0.3161,0.0098,1.389,7.145,0.0,0,29.18,-0.0
3,859,17.18,pull,0.02776,0.02714,0.00587,0.02782,-0.0076,-20.35,65.71,0.3182,0.0218,-1.594,9.18,8.691,0,34.6,0.18
0,860,17.2,pull,0.06464,0.03639,0.05343,0.06512,-0.0076,-22.17,66.99,0.3126,0.033,-0.965,7.096,0.0,0,23.41,3.36
1,860,17.2,pull,0.03962,0.02607,0.02984,0.03985,-0.0076,-20.83,65.79,0.3208,0.0343,-2.196,9.434,0.0,0,26.29,6.67
2,860,17.2,pull,0.02295,0.01067,0.02032,0.02303,-0.0076,-13.94,74.0,0.3162,0.0099,1.4,6.554,0.0,0,29.22,-0.0
3,860,17.2,pull,0.02726,0.02703,0.00358,0.02729,-0.0076,-20.19,65.78,0.318,0.0216,-1.565,10.302,12.154,0,35.24,0.34
0,861,17.22,pull,0.06554,0.0362,0.05464,0.066,-0.0076,-21.86,66.98,0.313,0.0329,-1.049,10.036,0.0,0,23.38,2.87
1,861,17.22,pull,0.03648,0.02598,0.0256,0.0367,-0.0076,-20.94,65.84,0.3214,0.034,-2.209,3.987,0.0,0,27.38,6.29
2,861,17.22,pull,0.02278,0.01045,0.02024,0.02278,-0.0076,-14.6,72.87,0.3161,0.0102,1.402,7.672,0.0,0,29.4,-0.0
3,861,17.22,pull,0.02686,0.02682,0.00147,0.02686,-0.0076,-19.96,66.01,0.3178,0.0215,-1.534,6.845,16.428,0,35.86,0.6
0,862,17.24,pull,0.06631,0.03612,0.05561,0.06673,-0.0076,-21.66,67.08,0.3134,0.0328,-1.182,12.106,0.0,0,23.4,2.94
1,862,17.24,pull,0.03383,0.02561,0.02211,0.03406,-0.0076,-20.92,65.51,0.3218,0.0336,-2.197,7.768,0.0,0,28.36,6.16
2,862,17.24,pull,0.02203,0.01028,0.01948,0.02195,-0.0076,-15.42,70.9,0.3159,0.0104,1.389,9.325,0.0,0,29.77,-0.0
3,862,17.24,pull,0.02672,0.0267,-0.00074,0.02669,-0.0076,-19.86,65.9,0.3176,0.0215,-1.491,7.404,12.733,0,36.48,0.49
0,863,17.26,pull,0.06672,0.03642,0.0559,0.06713,-0.0076,-21.53,67.05,0.3139,0.0326,-1.317,11.588,0.0,0,23.57,2.61
1,863,17.26,pull,0.03124,0.02542,0.01816,0.03145,-0.0076,-20.81,64.73,0.322,0.0331,-2.197,8.824,0.0,0,29.39,5.57
2,863,17.26,pull,0.02073,0.01016,0.01807,0.02059,-0.0076,-15.99,70.07,0.3156,0.0108,1.38,8.074,0.0,0,30.29,-0.0
3,863,17.26,pull,0.02665,0.02644,-0.00332,0.02659,-0.0076,-19.79,65.76,0.3175,0.0214,-1.441,8.222,14.788,0,37.15,0.57
0,864,17.28,pull,0.06704,0.03675,0.05606,0.06742,-0.0076,-21.43,66.95,0.3145,0.0323,-1.441,11.695,0.0,0,23.75,2.41
1,864,17.28,pull,0.02793,0.02415,0.01404,0.02812,-0.0076,-20.79,65.2,0.322,0.0326,-2.193,7.98,0.0,0,30.47,5.64
2,864,17.28,pull,0.01943,0.01026,0.0165,0.01915,-0.0076,-16.69,68.05,0.3152,0.0112,1.386,9.694,0.0,0,30.88,-0.0
3,864,17.28,pull,0.02686,0.02612,-0.00625,0.02672,-0.0076,-19.79,65.84,0.3174,0.0214,-1.388,11.119,13.349,0,37.87,1.07
0,865,17.3,pull,0.06714,0.03686,0.05611,0.0675,-0.0076,-21.38,66.82,0.3152,0.0319,-1.565,11.811,0.0,0,23.93,2.25
1,865,17.3,pull,0.02533,0.02297,0.01069,0.02549,-0.0076,-20.5,65.57,0.3219,0.032,-2.171,2.776,0.0,0,31.39,5.36
2,865,17.3,pull,0.01686,0.01001,0.01356,0.0164,-0.0076,-17.06,66.13,0.3147,0.0115,1.348,8.562,0.0,0,31.77,-0.0
3,865,17.3,pull,0.02723,0.02571,-0.00898,0.02702,-0.0076,-19.71,66.31,0.3173,0.0214,-1.335,8.839,13.308,0,38.56,1.87
0,866,17.32,pull,0.06683,0.03675,0.05583,0.0672,-0.0076,-21.36,66.68,0.316,0.0315,-1.685,11.585,0.0,0,24.16,2.16
1,866,17.32,pull,0.02308,0.02171,0.00783,0.02325,-0.0076,-20.09,66.1,0.3217,0.0313,-2.146,1.557,0.0,0,32.22,4.7
2,866,17.32,pull,0.01336,0.00928,0.00961,0.01276,-0.0076,-17.11,65.89,0.3141,0.0119,1.316,8.437,0.0,0,32.81,-0.0
3,866,17.32,pull,0.02722,0.02464,-0.01158,0.02699,-0.0076,-19.45,66.56,0.3172,0.0214,-1.271,8.951,11.023,0,39.25,1.89
0,867,17.34,pull,0.06601,0.03687,0.05476,0.06638,-0.0076,-21.5,66.39,0.3168,0.031,-1.798,11.427,0.0,0,24.54,2.16
1,867,17.34,pull,0.02149,0.02071,0.00573,0.02173,-0.0076,-19.57,66.0,0.3212,0.0306,-2.096,5.595,0.0,0,32.9,3.51
2,867,17.34,pull,0.01279,0.00941,0.00867,0.01199,-0.0076,-16.95,65.34,0.3133,0.0123,1.366,8.994,0.0,0,33.34,-0.0
3,867,17.34,pull,0.02718,0.02354,-0.01358,0.02692,-0.0076,-19.15,66.61,0.3171,0.0215,-1.191,6.647,4.767,0,39.84,2.1
0,868,17.36,pull,0.0647,0.03712,0.053,0.06507,-0.0076,-21.63,66.13,0.3177,0.0305,-1.891,11.203,0.0,0,25.06,2.23
1,868,17.36,pull,0.01921,0.019,0.00282,0.01954,-0.0076,-18.94,67.45,0.3206,0.0298,-2.054,0.0,0.0,0,33.63,2.42
2,868,17.36,pull,0.01353,0.0096,0.00953,0.01246,-0.0076,-16.73,64.48,0.3125,0.0129,1.419,13.551,0.0,0,33.41,-0.0
3,868,17.36,pull,0.02689,0.02145,-0.01621,0.02662,-0.0076,-19.02,67.22,0.317,0.0216,-1.109,6.672,3.252,0,40.48,2.72
0,869,17.38,pull,0.06307,0.03746,0.05074,0.06344,-0.0076,-21.86,65.82,0.3185,0.0299,-1.959,11.022,0.0,0,25.69,2.45
1,869,17.38,pull,0.01753,0.01748,0.0014,0.01807,-0.0076,-18.46,67.74,0.32,0.0289,-1.962,4.398,0.0,0,34.24,0.84
2,869,17.38,pull,0.01395,0.00962,0.0101,0.01261,-0.0076,-16.57,63.53,0.3117,0.0135,1.401,12.872,0.0,0,33.52,-0.0
3,869,17.38,pull,0.02684,0.01956,-0.01839,0.02655,-0.0076,-18.78,66.95,0.3167,0.0216,-1.014,5.57,0.0,0,41.04,2.51
0,870,17.4,pull,0.0612,0.03749,0.04837,0.06155,-0.0076,-21.99,65.62,0.3193,0.0294,-2.009,10.872,0.0,0,26.36,2.67
1,870,17.4,pull,0.01638,0.01635,-0.00097,0.01697,-0.0076,-17.98,67.57,0.3192,0.0279,-1.884,6.272,0.0,0,34.86,-0.0
2,870,17.4,pull,0.01406,0.00979,0.01009,0.01261,-0.0076,-16.04,65.38,0.3109,0.0142,1.361,5.745,0.0,0,33.73,-0.0
3,870,17.4,pull,0.02761,0.01858,-0.02041,0.02734,-0.0076,-18.44,66.84,0.3164,0.0215,-0.905,7.001,0.0,0,41.68,1.65
0,871,17.42,pull,0.0593,0.03738,0.04604,0.05962,-0.0076,-22.04,65.55,0.32,0.0287,-2.045,10.727,0.0,0,27.02,2.96
1,871,17.42,pull,0.01537,0.01475,-0.00433,0.01582,-0.0076,-17.8,67.59,0.3183,0.027,-1.845,3.79,0.0,0,35.7,0.39
2,871,17.42,pull,0.01409,0.00988,0.01005,0.01246,-0.0076,-15.66,65.9,0.3102,0.015,1.314,7.698,0.0,0,33.96,-0.0
3,871,17.42,pull,0.02882,0.01779,-0.02268,0.02862,-0.0076,-18.07,67.03,0.316,0.0214,-0.803,7.201,0.0,0,42.37,0.8
0,872,17.44,pull,0.05722,0.03734,0.04336,0.05751,-0.0076,-22.14,65.39,0.3205,0.0281,-2.07,10.589,0.0,0,27.75,3.4
1,872,17.44,pull,0.01508,0.01376,-0.00618,0.01546,-0.0076,-17.58,67.54,0.3175,0.026,-1.77,4.032,0.0,0,36.4,0.43
2,872,17.44,pull,0.01404,0.01007,0.00979,0.01239,-0.0076,-15.14,67.35,0.3096,0.0159,1.275,7.303,0.0,0,34.24,-0.0
3,872,17.44,pull,0.02942,0.01669,-0.02422,0.02927,-0.0076,-17.83,67.17,0.3156,0.0212,-0.677,6.568,0.0,0,42.88,0.17
0,873,17.46,pull,0.05508,0.03702,0.04079,0.05534,-0.0076,-22.2,65.31,0.3209,0.0274,-2.086,10.572,0.0,0,28.46,3.92
1,873,17.46,pull,0.01543,0.01327,-0.00787,0.01577,-0.0076,-17.27,67.52,0.3166,0.0251,-1.683,4.747,0.0,0,36.99,0.06
2,873,17.46,pull,0.01394,0.01069,0.00895,0.01242,-0.0076,-14.49,68.81,0.3092,0.0166,1.264,12.856,0.0,0,34.65,0.07
3,873,17.46,pull,0.02925,0.0159,-0.02454,0.02914,-0.0076,-17.59,67.41,0.3152,0.0211,-0.536,6.248,0.0,0,43.15,-0.0
0,874,17.48,pull,0.05305,0.03667,0.03833,0.05327,-0.0076,-22.16,65.34,0.3211,0.0267,-2.097,10.6,0.0,0,29.15,4.47
1,874,17.48,pull,0.01578,0.01258,-0.00952,0.01605,-0.0076,-17.05,67.55,0.3158,0.0242,-1.596,4.087,0.0,0,37.55,-0.0
2,874,17.48,pull,0.01329,0.01053,0.00811,0.01191,-0.0076,-14.0,70.18,0.3091,0.0171,1.291,11.861,0.0,0,35.19,0.46
3,874,17.48,pull,0.02882,0.01565,-0.02419,0.0287,-0.0076,-17.51,66.85,0.3147,0.0208,-0.4,7.25,0.0,0,43.31,-0.0
0,875,17.5,pull,0.05088,0.03628,0.03567,0.05108,-0.0076,-22.09,65.4,0.3213,0.0259,-2.102,10.549,0.0,0,29.89,4.97
1,875,17.5,pull,0.0157,0.01231,-0.00975,0.01596,-0.0076,-16.84,67.81,0.3149,0.0234,-1.473,6.043,0.0,0,37.83,-0.0
2,875,17.5,pull,0.01208,0.00927,0.00774,0.01101,-0.0076,-13.67,71.49,0.3094,0.0175,1.324,14.952,0.0,0,35.59,1.98
3,875,17.5,pull,0.02785,0.01554,-0.02311,0.02775,-0.0076,-17.4,66.71,0.3142,0.0206,-0.262,7.012,0.0,0,43.31,-0.0
0,876,17.52,pull,0.04861,0.03583,0.03285,0.04878,-0.0076,-21.99,65.49,0.3213,0.0251,-2.101,10.612,0.0,0,30.67,5.48
1,876,17.52,pull,0.01624,0.01215,-0.01078,0.01644,-0.0076,-16.43,68.32,0.3141,0.0225,-1.383,8.351,0.0,0,38.25,-0.0
2,876,17.52,pull,0.01095,0.00824,0.00721,0.01024,-0.0076,-13.36,72.61,0.31,0.0178,1.335,15.936,0.0,0,35.98,3.55
3,876,17.52,pull,0.02674,0.01543,-0.02184,0.02666,-0.0076,-17.23,66.66,0.3137,0.0202,-0.138,6.536,0.0,0,43.25,-0.0
0,877,17.54,pull,0.0464,0.0354,0.02999,0.04654,-0.0076,-21.87,65.62,0.3212,0.0243,-2.095,10.853,0.0,0,31.44,6.1
1,877,17.54,pull,0.01685,0.01188,-0.01195,0.01699,-0.0076,-16.15,68.33,0.3133,0.0217,-1.297,6.076,0.0,0,38.76,-0.0
2,877,17.54,pull,0.01001,0.00776,0.00633,0.00963,-0.0076,-13.0,73.57,0.3109,0.018,1.337,14.596,0.0,0,36.47,4.7
3,877,17.54,pull,0.02532,0.01533,-0.02015,0.02528,-0.0076,-17.02,66.97,0.3131,0.0198,-0.022,7.839,0.0,0,43.08,-0.0
0,878,17.56,pull,0.04426,0.035,0.02709,0.04438,-0.0076,-21.68,65.81,0.3211,0.0235,-2.083,11.018,0.0,0,32.2,6.72
1,878,17.56,pull,0.01588,0.01173,-0.0107,0.016,-0.0076,-16.04,68.68,0.3126,0.021,-1.138,7.125,0.0,0,38.8,-0.0
2,878,17.56,pull,0.01074,0.00777,0.00742,0.0107,-0.0076,-13.02,74.18,0.3118,0.0182,1.415,15.956,0.0,0,36.53,5.97
3,878,17.56,pull,0.02341,0.01515,-0.01784,0.02341,-0.0076,-16.82,67.28,0.3125,0.0195,0.091,9.055,0.0,0,42.77,-0.0
0,879,17.58,pull,0.04217,0.03459,0.02413,0.04227,-0.0076,-21.44,66.08,0.3208,0.0227,-2.065,11.095,0.0,0,32.99,7.24
1,879,17.58,pull,0.01507,0.01184,-0.00931,0.01518,-0.0076,-15.81,68.2,0.3118,0.0203,-0.991,8.399,0.0,0,38.67,-0.0
2,879,17.58,pull,0.01166,0.00738,0.00902,0.01131,-0.0076,-12.83,74.66,0.3128,0.0185,1.466,6.429,0.0,0,36.36,4.54
3,879,17.58,pull,0.02152,0.01509,-0.01535,0.02154,-0.0076,-16.52,68.21,0.3119,0.0191,0.189,5.931,0.0,0,42.39,-0.0
0,880,17.6,pull,0.03998,0.03401,0.02102,0.04006,-0.0076,-21.17,66.37,0.3206,0.0219,-2.041,10.909,0.0,0,33.8,7.63
1,880,17.6,pull,0.01495,0.01177,-0.00922,0.01498,-0.0076,-15.39,69.43,0.3111,0.0196,-0.904,6.253,0.0,0,38.8,0.0
2,880,17.6,pull,0.01222,0.00734,0.00977,0.01172,-0.0076,-12.85,74.86,0.3135,0.0189,1.463,5.12,0.0,0,36.28,3.03
3,880,17.6,pull,0.01957,0.0153,-0.0122,0.01955,-0.0076,-16.37,68.17,0.3113,0.0187,0.286,8.707,0.0,0,41.93,-0.0
0,881,17.62,pull,0.03746,0.03302,0.01769,0.03752,-0.0076,-20.98,66.58,0.3203,0.0211,-2.011,11.09,0.0,0,34.66,7.94
1,881,17.62,pull,0.01454,0.01188,-0.00838,0.01449,-0.0076,-15.12,69.59,0.3104,0.019,-0.805,6.942,0.0,0,38.83,-0.0
2,881,17.62,pull,0.01219,0.00743,0.00966,0.01159,-0.0076,-13.26,74.17,0.3141,0.0193,1.419,7.889,0.0,0,36.46,2.07
3,881,17.62,pull,0.01783,0.01551,-0.00878,0.01772,-0.0076,-16.19,68.59,0.3107,0.0183,0.382,8.05,0.0,0,41.39,-0.0
0,882,17.64,pull,0.03467,0.03164,0.01417,0.0347,-0.0076,-20.84,66.71,0.32,0.0203,-1.978,11.101,0.0,0,35.55,8.24
1,882,17.64,pull,0.01364,0.01169,-0.00702,0.01358,-0.0076,-14.6,70.42,0.3099,0.0184,-0.67,7.938,0.0,0,38.69,0.26
2,882,17.64,pull,0.01333,0.00836,0.01039,0.01256,-0.0076,-13.7,73.19,0.3145,0.0198,1.405,9.242,0.0,0,36.57,0.71
3,882,17.64,pull,0.01807,0.01703,-0.00604,0.0179,-0.0076,-15.48,70.24,0.3101,0.0177,0.471,6.123,0.0,0,40.9,-0.0
0,883,17.66,pull,0.03177,0.03002,0.0104,0.03178,-0.0076,-20.75,66.77,0.3196,0.0194,-1.943,11.043,0.0,0,36.49,8.55
1,883,17.66,pull,0.012,0.01072,-0.00538,0.01195,-0.0076,-14.21,71.24,0.3096,0.0176,-0.49,12.228,0.0,0,38.61,1.44
2,883,17.66,pull,0.01413,0.00904,0.01086,0.01319,-0.0076,-14.3,71.95,0.3147,0.0204,1.408,9.172,0.0,0,36.7,-0.0
3,883,17.66,pull,0.01765,0.01719,-0.00398,0.01752,-0.0076,-15.09,71.87,0.3099,0.0169,0.563,9.26,0.0,0,40.73,1.37
0,884,17.68,pull,0.02859,0.0278,0.00667,0.02857,-0.0076,-20.53,66.93,0.3193,0.0186,-1.907,10.357,0.0,0,37.44,8.46
1,884,17.68,pull,0.0102,0.00969,-0.00321,0.01014,-0.0076,-13.88,72.33,0.3096,0.0166,-0.295,13.841,0.0,0,38.43,2.94
2,884,17.68,pull,0.01503,0.0093,0.01181,0.014,-0.0076,-14.98,70.31,0.3148,0.0209,1.437,7.63,0.0,0,36.78,-0.0
3,884,17.68,pull,0.01715,0.01706,-0.00176,0.01708,-0.0076,-14.76,72.93,0.3099,0.0159,0.669,9.864,0.0,0,40.56,3.02
0,885,17.7,pull,0.02555,0.02535,0.00321,0.0255,-0.0076,-20.22,67.18,0.3189,0.0178,-1.862,9.473,0.0,0,38.34,8.12
1,885,17.7,pull,0.00912,0.00906,-0.00103,0.00906,-0.0076,-13.53,73.36,0.3097,0.0155,-0.115,14.907,0.0,0,38.23,4.48
2,885,17.7,pull,0.01499,0.00941,0.01167,0.01388,-0.0076,-15.17,69.86,0.3146,0.0213,1.44,11.212,0.0,0,36.98,-0.0
3,885,17.7,pull,0.01709,0.01708,0.00056,0.01708,-0.0076,-14.38,73.95,0.3102,0.0148,0.77,10.104,0.0,0,40.36,4.49
0,886,17.72,pull,0.02273,0.02273,0.00018,0.02265,-0.0076,-19.8,67.55,0.3184,0.0169,-1.803,7.946,0.0,0,39.2,7.53
1,886,17.72,pull,0.00899,0.00895,0.00079,0.00901,-0.0076,-13.17,74.31,0.31,0.0143,0.049,15.001,0.0,0,38.11,5.87
2,886,17.72,pull,0.01335,0.00925,0.00962,0.01208,-0.0076,-15.21,69.49,0.3143,0.0218,1.392,12.351,0.0,0,37.38,-0.0
3,886,17.72,pull,0.01744,0.01724,0.00263,0.0175,-0.0076,-13.99,74.9,0.3106,0.0136,0.861,9.734,0.0,0,40.22,5.76
0,887,17.74,pull,0.01988,0.01969,-0.00275,0.01976,-0.0076,-19.32,67.99,0.3178,0.016,-1.739,6.787,0.0,0,40.03,6.68
1,887,17.74,pull,0.00947,0.00922,0.00213,0.00963,-0.0076,-12.86,75.07,0.3105,0.013,0.201,15.394,0.0,0,38.09,7.16
2,887,17.74,pull,0.01271,0.00926,0.0087,0.01131,-0.0076,-15.15,68.38,0.3139,0.0224,1.362,7.931,0.0,0,37.71,-0.0
3,887,17.74,pull,0.01935,0.01818,0.00664,0.01939,-0.0076,-13.69,75.66,0.3111,0.0124,1.006,6.881,0.0,0,39.73,6.15
0,888,17.76,pull,0.01741,0.01656,-0.00538,0.01727,-0.0076,-18.78,68.49,0.3172,0.0151,-1.669,6.372,0.0,0,40.83,5.6
1,888,17.76,pull,0.01036,0.00979,0.00339,0.01065,-0.0076,-12.55,75.73,0.311,0.0116,0.345,16.212,0.0,0,38.09,8.33
2,888,17.76,pull,0.01226,0.00934,0.00794,0.01072,-0.0076,-14.83,68.61,0.3134,0.023,1.35,8.485,0.0,0,37.94,-0.0
3,888,17.76,pull,0.01955,0.01658,0.01035,0.01948,-0.0076,-13.46,75.95,0.3115,0.0112,1.087,2.921,0.0,0,39.16,3.72
0,889,17.78,pull,0.01551,0.01342,-0.00777,0.01537,-0.0076,-18.22,69.02,0.3165,0.0141,-1.593,5.632,0.0,0,41.64,4.36
1,889,17.78,pull,0.01149,0.01051,0.00466,0.01188,-0.0076,-12.23,76.35,0.3116,0.0103,0.473,16.213,0.0,0,38.08,9.35
2,889,17.78,pull,0.01199,0.00961,0.00717,0.01022,-0.0076,-14.58,68.14,0.3129,0.0238,1.323,8.364,0.0,0,38.19,-0.0
3,889,17.78,pull,0.01894,0.01506,0.01149,0.0188,-0.0076,-13.71,75.55,0.3117,0.0101,1.072,10.281,0.0,0,38.91,2.0
0,890,17.8,pull,0.0147,0.01084,-0.00993,0.01461,-0.0076,-17.66,69.71,0.3158,0.0131,-1.508,5.132,0.0,0,42.41,3.34
1,890,17.8,pull,0.01177,0.01023,0.00582,0.01208,-0.0076,-11.56,77.38,0.3123,0.009,0.563,13.461,0.0,0,38.05,9.07
2,890,17.8,pull,0.01191,0.00959,0.00705,0.00995,-0.0076,-14.56,67.05,0.3123,0.0246,1.296,13.605,0.0,0,38.44,-0.0
3,890,17.8,pull,0.01813,0.01452,0.01086,0.01789,-0.0076,-14.2,74.71,0.3117,0.0089,1.02,9.384,0.0,0,39.18,0.86
0,891,17.82,pull,0.01432,0.00981,-0.01044,0.01425,-0.0076,-17.46,69.74,0.3151,0.0122,-1.385,4.847,0.0,0,42.87,3.04
1,891,17.82,pull,0.01117,0.00897,0.00666,0.01133,-0.0076,-10.68,78.42,0.3129,0.0079,0.618,8.665,0.0,0,38.0,7.85
2,891,17.82,pull,0.01198,0.00967,0.00707,0.00979,-0.0076,-14.46,66.35,0.3117,0.0257,1.274,12.62,0.0,0,38.69,-0.0
3,891,17.82,pull,0.01757,0.0144,0.01007,0.01723,-0.0076,-14.78,73.33,0.3117,0.0077,0.996,10.134,0.0,0,39.58,-0.0
0,892,17.84,pull,0.01462,0.0091,-0.01144,0.01459,-0.0076,-17.04,70.11,0.3143,0.0113,-1.277,4.505,0.0,0,43.22,2.52
1,892,17.84,pull,0.01149,0.00825,0.008,0.01155,-0.0076,-9.81,79.42,0.3135,0.0068,0.667,8.328,0.0,0,37.83,6.79
2,892,17.84,pull,0.01171,0.00985,0.00634,0.00937,-0.0076,-13.85,68.35,0.3112,0.0267,1.234,6.513,0.0,0,39.04,0.0
3,892,17.84,pull,0.01813,0.01418,0.0113,0.01783,-0.0076,-15.61,71.29,0.3117,0.0067,1.034,6.924,0.0,0,39.6,-0.0
0,893,17.86,pull,0.01507,0.00831,-0.01257,0.01506,-0.0076,-16.67,70.41,0.3135,0.0105,-1.196,4.773,0.0,0,43.67,2.21
1,893,17.86,pull,0.01418,0.00897,0.01099,0.01419,-0.0076,-9.08,80.37,0.3141,0.0058,0.763,9.336,0.0,0,37.5,6.28
2,893,17.86,pull,0.01147,0.01004,0.00556,0.00935,-0.0076,-13.42,69.82,0.3109,0.0275,1.22,10.534,0.0,0,39.54,0.64
3,893,17.86,pull,0.01869,0.01405,0.01233,0.01828,-0.0076,-16.04,70.86,0.3116,0.0058,1.074,8.684,0.0,0,39.56,-0.0
0,894,17.88,pull,0.01466,0.00806,-0.01225,0.01468,-0.0076,-16.38,70.7,0.3128,0.0097,-1.085,5.152,0.0,0,43.85,1.81
1,894,17.88,pull,0.0165,0.00896,0.01386,0.0165,-0.0076,-8.35,81.57,0.3146,0.0049,0.866,8.042,0.0,0,37.11,5.76
2,894,17.88,pull,0.01198,0.01013,0.0064,0.01014,-0.0076,-13.2,71.01,0.3109,0.0281,1.299,11.112,0.0,0,39.88,1.18
3,894,17.88,pull,0.01886,0.01387,0.01278,0.01836,-0.0076,-16.51,70.03,0.3114,0.0051,1.098,9.229,0.0,0,39.64,-0.0
0,895,17.9,pull,0.01435,0.00814,-0.01182,0.01439,-0.0076,-15.9,71.22,0.3121,0.0091,-0.979,5.296,0.0,0,43.92,1.21
1,895,17.9,pull,0.01634,0.00727,0.01464,0.01633,-0.0076,-7.97,82.0,0.315,0.0041,0.887,5.441,0.0,0,36.91,4.16
2,895,17.9,pull,0.01223,0.00913,0.00814,0.01077,-0.0076,-13.33,71.86,0.3111,0.0283,1.416,12.371,0.0,0,39.85,2.43
3,895,17.9,pull,0.01781,0.01341,0.01171,0.0172,-0.0076,-16.67,69.41,0.3111,0.0045,1.08,12.012,0.0,0,39.96,-0.0
0,896,17.92,pull,0.01423,0.00858,-0.01136,0.01426,-0.0076,-15.38,71.84,0.3114,0.0085,-0.892,6.542,0.0,0,43.99,0.44
1,896,17.92,pull,0.01677,0.00665,0.01539,0.01675,-0.0076,-8.02,81.98,0.3154,0.0036,0.86,5.227,0.0,0,36.92,3.82
2,896,17.92,pull,0.01246,0.00915,0.00847,0.0108,-0.0076,-13.26,72.25,0.3113,0.0286,1.423,7.979,0.0,0,39.9,1.78
3,896,17.92,pull,0.01584,0.01231,0.00997,0.01508,-0.0076,-16.73,68.93,0.3108,0.0042,1.036,10.617,0.0,0,40.37,-0.0
0,897,17.94,pull,0.01387,0.00884,-0.01069,0.01385,-0.0076,-15.03,72.24,0.3108,0.008,-0.803,5.637,0.0,0,44.03,-0.0
1,897,17.94,pull,0.01804,0.00684,0.01669,0.01803,-0.0076,-8.26,81.7,0.3157,0.0033,0.857,6.713,0.0,0,36.88,3.16
2,897,17.94,pull,0.01389,0.00984,0.0098,0.01201,-0.0076,-13.47,71.81,0.3115,0.029,1.415,8.781,0.0,0,39.85,1.0
3,897,17.94,pull,0.01589,0.01202,0.01039,0.01508,-0.0076,-16.7,68.11,0.3105,0.0043,1.018,7.015,0.0,0,40.51,-0.0
0,898,17.96,pull,0.01252,0.00912,-0.00858,0.01243,-0.0076,-14.83,72.52,0.3102,0.0075,-0.672,4.563,0.0,0,43.8,-0.0
1,898,17.96,pull,0.01907,0.0071,0.0177,0.01906,-0.0076,-8.59,81.33,0.3161,0.0033,0.86,6.579,0.0,0,36.91,2.51
2,898,17.96,pull,0.01548,0.01089,0.01099,0.01338,-0.0076,-13.7,71.37,0.3116,0.0295,1.408,9.506,0.0,0,39.8,0.04
3,898,17.96,pull,0.0166,0.01221,0.01124,0.0158,-0.0076,-16.73,67.03,0.3102,0.0047,0.982,8.045,0.0,0,40.59,-0.0
0,899,17.98,pull,0.01172,0.00869,-0.00787,0.01168,-0.0076,-14.35,73.14,0.3097,0.0069,-0.554,4.498,0.0,0,43.7,0.6
1,899,17.98,pull,0.01937,0.00703,0.01805,0.01937,-0.0076,-9.13,80.73,0.3164,0.0035,0.857,5.507,0.0,0,37.08,2.48
2,899,17.98,pull,0.01599,0.01123,0.01138,0.01371,-0.0076,-14.1,70.79,0.3116,0.03,1.375,8.523,9.835,0,39.92,-0.0
3,899,17.98,pull,0.01787,0.01249,0.01278,0.01691,-0.0076,-16.55,67.07,0.3099,0.0054,0.962,9.937,0.0,0,40.51,-0.0
0,900,18.0,pull,0.00971,0.00765,-0.00598,0.00978,-0.0076,-14.17,73.35,0.3094,0.0062,-0.427,4.183,0.0,0,43.66,2.59
1,900,18.0,pull,0.01906,0.00683,0.0178,0.01911,-0.0076,-9.78,80.0,0.3167,0.0039,0.85,5.93,0.0,0,37.39,2.55
2,900,18.0,pull,0.0172,0.01168,0.01263,0.01495,-0.0076,-14.75,68.36,0.3116,0.0306,1.356,8.568,3.647,0,39.84,-0.0
3,900,18.0,pull,0.01897,0.01268,0.01411,0.01787,-0.0076,-16.19,68.08,0.3096,0.0063,0.937,8.298,0.0,0,40.42,-0.0
0,901,18.02,pull,0.00835,0.00717,-0.00429,0.00837,-0.0076,-13.87,73.92,0.3093,0.0056,-0.258,16.164,0.0,0,43.52,4.26
1,901,18.02,pull,0.01855,0.00682,0.01725,0.01863,-0.0076,-10.42,79.23,0.3169,0.0044,0.847,6.439,0.0,0,37.79,2.42
2,901,18.02,pull,0.01683,0.01173,0.01206,0.01457,-0.0076,-14.84,68.16,0.3114,0.0311,1.302,8.542,0.0,0,39.95,-0.0
3,901,18.02,pull,0.02003,0.01294,0.01529,0.01884,-0.0076,-16.17,67.72,0.3093,0.0072,0.896,12.105,0.0,0,40.4,-0.0
0,902,18.04,pull,0.00773,0.0075,-0.00184,0.00771,-0.0076,-13.55,74.63,0.3094,0.005,-0.06,14.845,0.0,0,43.27,5.64
1,902,18.04,pull,0.01756,0.00705,0.01609,0.01767,-0.0076,-11.09,78.4,0.3171,0.005,0.842,7.233,0.0,0,38.29,2.08
2,902,18.04,pull,0.01554,0.01191,0.00999,0.01313,-0.0076,-14.84,67.8,0.3112,0.0316,1.215,11.719,0.0,0,40.37,-0.0
3,902,18.04,pull,0.02103,0.01311,0.01644,0.01971,-0.0076,-16.21,67.39,0.3091,0.0083,0.861,12.859,0.0,0,40.4,-0.0
0,903,18.06,pull,0.0083,0.00825,0.00088,0.00831,-0.0076,-13.19,75.37,0.3096,0.0048,0.123,15.172,0.0,0,42.95,6.96
1,903,18.06,pull,0.01585,0.00733,0.01406,0.016,-0.0076,-11.77,77.41,0.3172,0.0055,0.828,6.754,0.0,0,38.98,1.61
2,903,18.06,pull,0.01498,0.01207,0.00886,0.0124,-0.0076,-14.64,67.44,0.311,0.0322,1.158,10.42,0.0,0,40.71,-0.0
3,903,18.06,pull,0.02167,0.0133,0.0171,0.02021,-0.0076,-15.79,68.9,0.3089,0.0094,0.823,7.027,0.0,0,40.45,-0.0
0,904,18.08,pull,0.00966,0.00927,0.00272,0.00975,-0.0076,-12.97,75.86,0.3099,0.0048,0.268,16.201,0.0,0,42.81,8.38
1,904,18.08,pull,0.01443,0.00753,0.01231,0.01448,-0.0076,-12.26,77.1,0.3172,0.006,0.849,8.667,0.0,0,39.61,1.42
2,904,18.08,pull,0.01494,0.01225,0.00855,0.01221,-0.0076,-14.32,67.65,0.3106,0.0328,1.126,9.482,0.0,0,40.91,-0.0
3,904,18.08,pull,0.02193,0.01326,0.01747,0.02041,-0.0076,-15.61,69.32,0.3088,0.0106,0.761,8.132,0.0,0,40.54,-0.0
0,905,18.1,pull,0.01118,0.0104,0.0041,0.01132,-0.0076,-12.76,76.27,0.3103,0.0052,0.4,16.801,0.0,0,42.77,9.58
1,905,18.1,pull,0.01281,0.00748,0.0104,0.01291,-0.0076,-12.97,76.0,0.3172,0.0065,0.86,8.157,0.0,0,40.29,1.4
2,905,18.1,pull,0.01511,0.01245,0.00857,0.01219,-0.0076,-13.98,68.19,0.3103,0.0336,1.098,10.45,0.0,0,41.01,-0.0
3,905,18.1,pull,0.02206,0.01325,0.01764,0.02042,-0.0076,-15.47,69.72,0.3088,0.0119,0.691,9.612,0.0,0,40.69,-0.0
0,906,18.12,pull,0.01237,0.01114,0.00537,0.01259,-0.0076,-12.41,76.74,0.3108,0.0058,0.513,15.84,0.0,0,42.75,10.29
1,906,18.12,pull,0.01158,0.00775,0.0086,0.01174,-0.0076,-13.58,74.75,0.3171,0.007,0.874,7.956,0.0,0,40.97,1.14
2,906,18.12,pull,0.01568,0.0127,0.0092,0.01263,-0.0076,-13.73,68.74,0.31,0.0345,1.095,9.942,0.0,0,40.95,-0.0
3,906,18.12,pull,0.02212,0.01326,0.01771,0.02047,-0.0076,-15.21,70.42,0.3089,0.0131,0.641,6.462,0.0,0,40.84,-0.0
0,907,18.14,pull,0.01326,0.01121,0.00708,0.01339,-0.0076,-11.82,77.54,0.3114,0.0064,0.615,13.541,0.0,0,42.61,10.01
1,907,18.14,pull,0.01083,0.0082,0.00707,0.01117,-0.0076,-14.32,72.69,0.3169,0.0074,0.898,6.253,0.0,0,41.63,0.78
2,907,18.14,pull,0.01645,0.01298,0.01011,0.01337,-0.0076,-13.53,69.31,0.3097,0.0354,1.101,10.319,0.0,0,40.8,-0.0
3,907,18.14,pull,0.02175,0.01298,0.01745,0.02032,-0.0076,-15.1,71.04,0.3093,0.0141,0.602,5.094,0.0,0,41.13,1.22
0,908,18.16,pull,0.01343,0.01017,0.00878,0.01347,-0.0076,-11.0,78.47,0.3119,0.0069,0.703,9.322,0.0,0,42.42,8.79
1,908,18.16,pull,0.01002,0.0086,0.00514,0.01038,-0.0076,-14.8,71.21,0.3166,0.0078,0.918,5.861,0.0,0,42.35,0.49
2,908,18.16,pull,0.0166,0.01328,0.00996,0.01343,-0.0076,-13.4,69.62,0.3094,0.0363,1.074,9.949,0.0,0,40.84,-0.0
3,908,18.16,pull,0.02267,0.01278,0.01872,0.02141,-0.0076,-14.9,72.22,0.3099,0.0151,0.605,7.359,0.0,0,41.16,1.95
0,909,18.18,pull,0.01403,0.00944,0.01039,0.01404,-0.0076,-10.15,79.43,0.3123,0.0074,0.773,8.663,0.0,0,42.18,7.76
1,909,18.18,pull,0.00902,0.00892,0.00133,0.00945,-0.0076,-14.91,70.01,0.3163,0.0081,0.874,6.155,0.0,0,43.49,0.13
2,909,18.18,pull,0.0162,0.01363,0.00875,0.0129,-0.0076,-13.3,69.8,0.3092,0.0372,1.024,9.798,0.0,0,41.15,-0.0
3,909,18.18,pull,0.02391,0.01275,0.02023,0.02254,-0.0076,-14.52,73.27,0.3105,0.016,0.602,10.629,0.0,0,40.97,1.44
0,910,18.2,pull,0.01468,0.00865,0.01187,0.01468,-0.0076,-9.26,80.47,0.3127,0.0078,0.825,8.833,0.0,0,41.95,6.81
1,910,18.2,pull,0.00914,0.00909,-0.00101,0.0094,-0.0076,-15.14,69.35,0.316,0.0084,0.889,6.383,0.0,0,44.35,-0.0
2,910,18.2,pull,0.01541,0.01395,0.00654,0.01198,-0.0076,-13.15,70.01,0.3091,0.038,0.963,9.284,0.0,0,41.76,-0.0
3,910,18.2,pull,0.02479,0.01342,0.02084,0.02319,-0.0076,-14.53,73.1,0.3111,0.017,0.566,12.363,0.0,0,40.94,0.05
0,911,18.22,pull,0.01545,0.00811,0.01314,0.01544,-0.0076,-8.45,81.45,0.3132,0.0082,0.866,11.312,0.0,0,41.78,6.19
1,911,18.22,pull,0.00921,0.00919,-0.00065,0.00947,-0.0076,-15.33,68.8,0.3156,0.0087,0.975,5.27,0.0,0,44.57,-0.0
2,911,18.22,pull,0.01485,0.01422,0.00427,0.01125,-0.0076,-12.88,70.43,0.3089,0.0388,0.926,8.994,0.0,0,42.5,-0.0
3,911,18.22,pull,0.0232,0.01316,0.01911,0.02144,-0.0076,-14.9,72.52,0.3116,0.018,0.497,11.99,0.0,0,41.45,-0.0
0,912,18.24,pull,0.01572,0.00705,0.01405,0.01574,-0.0076,-7.49,82.5,0.3136,0.0085,0.897,7.77,0.0,0,41.68,4.96
1,912,18.24,pull,0.00785,0.00771,-0.00145,0.00828,-0.0076,-15.45,68.5,0.3153,0.0088,0.985,4.161,0.0,0,44.85,1.48
2,912,18.24,pull,0.0143,0.01406,0.00264,0.0108,-0.0076,-12.54,71.18,0.3089,0.0396,0.94,7.196,0.0,0,43.1,-0.0
3,912,18.24,pull,0.01942,0.01249,0.01488,0.01739,-0.0076,-15.21,71.88,0.312,0.019,0.426,13.778,0.0,0,42.45,-0.0
0,913,18.26,pull,0.0168,0.0069,0.01532,0.01682,-0.0076,-6.68,83.28,0.3142,0.0087,0.939,9.374,0.0,0,41.57,4.88
1,913,18.26,pull,0.00685,0.00654,-0.00203,0.00736,-0.0076,-15.34,68.39,0.3151,0.0089,0.957,5.217,0.0,0,45.23,2.56
2,913,18.26,pull,0.01288,0.01261,0.00263,0.00951,-0.0076,-12.36,71.93,0.309,0.0402,1.004,6.333,0.0,0,43.36,0.74
3,913,18.26,pull,0.01662,0.01223,0.01126,0.01433,-0.0076,-15.45,70.73,0.3122,0.02,0.394,10.408,0.0,0,43.53,-0.0
0,914,18.28,pull,0.01614,0.00492,0.01537,0.01615,-0.0076,-5.57,84.02,0.3147,0.0089,0.937,6.769,0.0,0,41.55,3.57
1,914,18.28,pull,0.00647,0.00647,7e-05,0.00709,-0.0076,-15.25,68.15,0.315,0.0089,0.991,6.455,0.0,0,45.17,2.58
2,914,18.28,pull,0.01166,0.0105,0.00507,0.00848,-0.0076,-12.56,72.41,0.3092,0.0406,1.118,6.276,0.0,0,43.19,1.9
3,914,18.28,pull,0.01512,0.01213,0.00902,0.01269,-0.0076,-15.65,69.62,0.3123,0.021,0.406,8.709,0.0,0,44.38,-0.0
0,915,18.3,pull,0.01719,0.00493,0.01646,0.01715,-0.0076,-5.01,84.59,0.3152,0.0089,0.936,8.306,0.0,0,41.53,2.21
1,915,18.3,pull,0.00734,0.00732,0.00042,0.00796,-0.0076,-14.59,68.98,0.3149,0.0091,0.956,6.457,0.0,0,45.23,1.71
2,915,18.3,pull,0.01182,0.0097,0.00675,0.00896,-0.0076,-12.8,72.39,0.3094,0.041,1.166,6.781,0.0,0,42.9,2.47
3,915,18.3,pull,0.01444,0.01214,0.00781,0.01194,-0.0076,-15.74,68.89,0.3122,0.0219,0.426,8.656,0.0,0,44.98,-0.0
0,916,18.32,pull,0.02036,0.0065,0.0193,0.02021,-0.0076,-4.22,85.05,0.3157,0.0087,0.987,8.746,0.0,0,41.13,0.74
1,916,18.32,pull,0.00602,0.00601,-0.00024,0.00665,-0.0076,-14.33,69.46,0.315,0.0093,0.907,5.656,0.0,0,45.6,2.88
2,916,18.32,pull,0.01331,0.0106,0.00805,0.01056,-0.0076,-12.98,71.9,0.3096,0.0415,1.159,7.552,0.0,0,42.71,1.96
3,916,18.32,pull,0.01454,0.01225,0.00783,0.01199,-0.0076,-15.75,68.49,0.3121,0.0228,0.449,9.119,0.0,0,45.28,-0.0
0,917,18.34,pull,0.02296,0.00634,0.02207,0.0228,-0.0076,-3.77,84.29,0.3163,0.0084,1.058,6.538,0.0,0,40.66,1.03
1,917,18.34,pull,0.00492,0.00478,0.00117,0.00543,-0.0076,-14.05,70.46,0.3152,0.0096,0.954,6.919,0.0,0,45.61,4.26
2,917,18.34,pull,0.01472,0.01188,0.00869,0.01197,-0.0076,-13.18,71.32,0.3098,0.0421,1.136,7.477,0.0,0,42.71,1.24
3,917,18.34,pull,0.01473,0.01237,0.00799,0.01204,-0.0076,-15.57,68.94,0.3119,0.0237,0.46,9.628,0.0,0,45.48,-0.0
0,918,18.36,pull,0.02357,0.00582,0.02284,0.02344,-0.0076,-3.69,83.88,0.3168,0.0081,1.084,7.312,0.0,0,40.59,1.28
1,918,18.36,pull,0.00513,0.0044,0.00263,0.00558,-0.0076,-13.84,71.49,0.3155,0.0099,1.003,4.569,0.0,0,45.5,4.55
2,918,18.36,pull,0.01622,0.01343,0.00909,0.01344,-0.0076,-13.41,70.7,0.3099,0.0427,1.127,7.827,0.0,0,42.82,0.33
3,918,18.36,pull,0.01493,0.01247,0.00822,0.0121,-0.0076,-15.2,69.97,0.3118,0.0245,0.454,9.607,0.0,0,45.65,-0.0
0,919,18.38,pull,0.02326,0.00548,0.02261,0.02313,-0.0076,-3.72,83.72,0.3174,0.0078,1.094,7.193,0.0,0,40.84,1.28
1,919,18.38,pull,0.00656,0.0051,0.00413,0.00719,-0.0076,-13.62,72.0,0.3157,0.0102,1.034,5.067,0.0,0,45.36,3.51
2,919,18.38,pull,0.01722,0.01427,0.00963,0.01441,-0.0076,-13.78,69.79,0.31,0.0434,1.131,9.397,0.0,0,42.95,-0.0
3,919,18.38,pull,0.01558,0.01261,0.00915,0.01265,-0.0076,-14.82,71.23,0.3117,0.0254,0.458,10.757,0.0,0,45.64,-0.0
0,920,18.4,pull,0.023,0.00571,0.02228,0.02285,-0.0076,-3.7,83.75,0.318,0.0075,1.125,8.239,0.0,0,41.14,0.86
1,920,18.4,pull,0.00646,0.00497,0.00413,0.00705,-0.0076,-13.82,71.98,0.3159,0.0106,1.017,6.676,0.0,0,45.51,3.44
2,920,18.4,pull,0.0176,0.01465,0.00976,0.01479,-0.0076,-13.94,68.89,0.3101,0.044,1.117,9.206,0.0,0,43.15,-0.0
3,920,18.4,pull,0.01786,0.01286,0.0124,0.01507,-0.0076,-14.63,71.95,0.3116,0.0264,0.523,10.224,0.0,0,45.14,-0.0
0,921,18.42,pull,0.02281,0.00645,0.02188,0.02262,-0.0076,-3.66,83.85,0.3185,0.0071,1.165,8.893,0.0,0,41.43,0.17
1,921,18.42,pull,0.00633,0.00539,0.00332,0.00695,-0.0076,-13.87,71.83,0.3161,0.0111,0.992,7.483,0.0,0,45.82,2.87
2,921,18.42,pull,0.01739,0.01509,0.00865,0.01457,-0.0076,-13.96,68.1,0.31,0.0446,1.067,11.185,0.0,0,43.57,-0.0
3,921,18.42,pull,0.01951,0.01302,0.01453,0.01675,-0.0076,-14.64,72.18,0.3116,0.0274,0.536,10.562,0.0,0,44.8,-0.0
0,922,18.44,pull,0.02214,0.00662,0.02112,0.02191,-0.0076,-3.76,83.77,0.3191,0.0068,1.197,9.119,0.0,0,41.77,-0.0
1,922,18.44,pull,0.00671,0.00629,0.00233,0.00727,-0.0076,-13.91,71.68,0.3162,0.0117,0.984,7.629,0.0,0,46.21,2.11
2,922,18.44,pull,0.0171,0.0156,0.00702,0.0142,-0.0076,-13.79,67.72,0.3099,0.0452,1.02,11.351,0.0,0,44.1,-0.0
3,922,18.44,pull,0.01954,0.0132,0.01441,0.01651,-0.0076,-14.67,72.2,0.3115,0.0284,0.482,10.016,0.0,0,44.96,-0.0
0,923,18.46,pull,0.02164,0.00655,0.02063,0.0214,-0.0076,-4.04,83.67,0.3194,0.0065,1.234,9.269,0.0,0,42.07,-0.0
1,923,18.46,pull,0.0076,0.00736,0.0019,0.00804,-0.0076,-13.99,71.49,0.3163,0.0124,1.003,7.907,0.0,0,46.49,1.39
2,923,18.46,pull,0.01703,0.01602,0.00577,0.01407,-0.0076,-13.56,67.76,0.3097,0.0459,1.01,11.31,0.0,0,44.53,-0.0
3,923,18.46,pull,0.01865,0.0132,0.01318,0.01543,-0.0076,-15.0,71.64,0.3114,0.0294,0.447,11.354,0.0,0,45.43,-0.0
0,924,18.48,release,0.02166,0.00652,0.02066,0.02142,-0.0076,-4.55,83.6,0.3197,0.0064,1.283,9.607,0.0,0,42.26,-0.0
1,924,18.48,release,0.0086,0.00839,0.00191,0.00891,-0.0076,-14.05,71.34,0.3163,0.013,1.028,7.431,0.0,0,46.66,0.78
2,924,18.48,release,0.0172,0.01632,0.00545,0.01425,-0.0076,-13.39,67.95,0.3095,0.0466,1.03,10.75,0.0,0,44.73,-0.0
3,924,18.48,release,0.01697,0.01296,0.01097,0.01351,-0.0076,-15.29,70.54,0.3112,0.0305,0.421,8.75,0.0,0,46.15,-0.0
0,925,18.5,release,0.02097,0.00667,0.01988,0.02072,-0.00711,-5.11,83.58,0.3198,0.0065,1.335,8.954,0.0,0,42.41,-0.0
1,925,18.5,release,0.0093,0.00928,0.00062,0.00946,-0.00711,-14.1,71.18,0.3162,0.0137,1.033,7.187,0.0,0,46.86,0.35
2,925,18.5,release,0.01715,0.01647,0.00478,0.01432,-0.00711,-13.31,68.48,0.3094,0.0472,1.073,9.114,0.0,0,44.69,-0.0
3,925,18.5,release,0.01476,0.01277,0.00742,0.01093,-0.00711,-15.35,70.47,0.311,0.0316,0.41,12.051,0.0,0,46.95,-0.0
0,926,18.52,release,0.01996,0.00676,0.01878,0.01969,-0.00662,-5.71,83.38,0.3198,0.0067,1.379,9.222,0.0,0,42.62,-0.0
1,926,18.52,release,0.01019,0.01017,-0.00064,0.01025,-0.00662,-14.09,71.06,0.3162,0.0144,1.038,6.637,0.0,0,47.04,-0.0
2,926,18.52,release,0.01656,0.01591,0.0046,0.01383,-0.00662,-13.38,68.81,0.3093,0.0477,1.11,5.908,0.0,0,44.61,0.21
3,926,18.52,release,0.0141,0.01282,0.00587,0.00995,-0.00662,-15.11,70.56,0.3108,0.0326,0.453,10.894,0.0,0,47.33,-0.0
0,927,18.54,release,0.01843,0.00702,0.01705,0.01812,-0.00613,-6.28,83.09,0.3198,0.0071,1.411,9.129,0.0,0,42.98,-0.0
1,927,18.54,release,0.01047,0.01043,-0.00096,0.01044,-0.00613,-14.16,70.97,0.3161,0.0151,1.065,7.413,0.0,0,47.05,-0.0
2,927,18.54,release,0.01601,0.01548,0.0041,0.01351,-0.00613,-13.59,68.59,0.3093,0.0479,1.133,5.011,0.0,0,44.51,0.65
3,927,18.54,release,0.0153,0.01302,0.00804,0.01122,-0.00613,-15.02,70.94,0.3104,0.0337,0.564,10.289,0.0,0,46.83,-0.0
0,928,18.56,release,0.01673,0.00737,0.01502,0.01635,-0.00564,-6.86,82.77,0.3197,0.0076,1.439,8.547,0.0,0,43.44,-0.0
1,928,18.56,release,0.01067,0.01066,-0.0006,0.01056,-0.00564,-14.14,70.95,0.316,0.0159,1.094,6.746,0.0,0,46.88,-0.0
2,928,18.56,release,0.01628,0.01586,0.00366,0.01394,-0.00564,-13.75,68.19,0.3094,0.048,1.146,4.925,0.0,0,44.48,0.6
3,928,18.56,release,0.01731,0.01325,0.01113,0.01344,-0.00564,-14.94,71.33,0.3101,0.0347,0.629,8.658,0.0,0,46.07,-0.0
0,929,18.58,release,0.0153,0.00778,0.01318,0.01482,-0.00515,-7.35,82.43,0.3195,0.0082,1.468,8.674,0.0,0,43.89,-0.0
1,929,18.58,release,0.01101,0.01101,-0.00023,0.01084,-0.00515,-14.15,70.83,0.3158,0.0167,1.109,6.869,0.0,0,46.69,-0.0
2,929,18.58,release,0.01718,0.01687,0.00326,0.01502,-0.00515,-13.78,67.82,0.3095,0.0481,1.156,5.308,0.0,0,44.48,0.19
3,929,18.58,release,0.01811,0.01349,0.01209,0.01408,-0.00515,-14.91,71.33,0.3097,0.0356,0.607,7.479,0.0,0,45.65,-0.0
0,930,18.6,release,0.01438,0.00822,0.0118,0.01379,-0.00466,-7.8,82.1,0.3193,0.0089,1.496,8.403,0.0,0,44.23,-0.0
1,930,18.6,release,0.01157,0.01156,0.00018,0.01133,-0.00466,-14.1,70.78,0.3155,0.0175,1.121,7.728,0.0,0,46.43,-0.0
2,930,18.6,release,0.01732,0.01699,0.00334,0.01537,-0.00466,-13.88,67.52,0.3097,0.0482,1.182,4.961,0.0,0,44.38,0.19
3,930,18.6,release,0.01831,0.0137,0.01215,0.01405,-0.00466,-15.01,71.06,0.3094,0.0366,0.582,8.226,0.0,0,45.51,-0.0
0,931,18.62,release,0.01371,0.00853,0.01074,0.01303,-0.00417,-8.23,81.74,0.3191,0.0098,1.516,8.085,0.0,0,44.5,-0.0
1,931,18.62,release,0.01202,0.01198,0.00103,0.01174,-0.00417,-14.13,70.67,0.3153,0.0184,1.136,8.274,0.0,0,46.11,-0.0
2,931,18.62,release,0.01683,0.01636,0.00395,0.01518,-0.00417,-14.1,67.17,0.3099,0.0483,1.224,1.463,0.0,0,44.05,0.73
3,931,18.62,release,0.01852,0.01386,0.01228,0.01411,-0.00417,-15.14,70.76,0.3092,0.0377,0.585,8.433,0.0,0,45.41,-0.0
0,932,18.64,release,0.01331,0.0088,0.00999,0.01254,-0.00368,-8.64,81.36,0.3189,0.0107,1.53,7.721,0.0,0,44.71,-0.0
1,932,18.64,release,0.01245,0.01235,0.00162,0.01215,-0.00368,-14.2,70.54,0.315,0.0193,1.146,6.999,0.0,0,45.82,-0.0
2,932,18.64,release,0.0171,0.01654,0.00435,0.01589,-0.00368,-14.12,66.9,0.3102,0.0483,1.251,0.0,0.0,0,43.56,1.01
3,932,18.64,release,0.01864,0.01404,0.01226,0.01404,-0.00368,-15.19,70.57,0.3089,0.0388,0.591,8.041,0.0,0,45.32,-0.0
0,933,18.66,release,0.01298,0.00892,0.00943,0.01217,-0.00319,-9.04,80.95,0.3188,0.0116,1.541,7.909,0.0,0,44.85,-0.0
1,933,18.66,release,0.01299,0.01286,0.00187,0.01271,-0.00319,-14.29,70.32,0.3148,0.0201,1.148,6.877,0.0,0,45.57,-0.0
2,933,18.66,release,0.01757,0.01642,0.00626,0.01673,-0.00319,-14.2,66.69,0.3104,0.0483,1.282,2.403,0.0,0,43.0,1.11
3,933,18.66,release,0.01837,0.01454,0.01123,0.0135,-0.00319,-15.03,70.66,0.3086,0.0399,0.578,8.751,0.0,0,45.23,-0.0
0,934,18.68,release,0.01273,0.00913,0.00887,0.01184,-0.0027,-9.47,80.51,0.3187,0.0125,1.547,7.405,0.0,0,45.01,-0.0
1,934,18.68,release,0.0135,0.01339,0.00171,0.01324,-0.0027,-14.4,70.06,0.3146,0.0209,1.139,6.276,0.0,0,45.41,-0.0
2,934,18.68,release,0.01872,0.01666,0.00852,0.01826,-0.0027,-14.5,66.16,0.3106,0.0482,1.324,3.498,0.0,0,42.29,1.05
3,934,18.68,release,0.01839,0.01504,0.01058,0.01325,-0.0027,-14.86,70.79,0.3084,0.041,0.574,8.863,0.0,0,45.06,-0.0
0,935,18.7,release,0.01239,0.00937,0.00811,0.01142,-0.00221,-9.95,80.0,0.3188,0.0135,1.545,6.824,0.0,0,45.21,-0.0
1,935,18.7,release,0.01399,0.01389,0.00164,0.01374,-0.00221,-14.6,69.67,0.3146,0.0217,1.138,7.519,0.0,0,45.27,-0.0
2,935,18.7,release,0.02167,0.01886,0.01068,0.02158,-0.00221,-14.47,65.64,0.3108,0.0481,1.342,2.165,0.0,0,41.49,0.27
3,935,18.7,release,0.01876,0.01572,0.01025,0.01343,-0.00221,-14.66,71.0,0.3081,0.042,0.585,8.47,0.0,0,44.77,-0.0
0,936,18.72,release,0.01212,0.00964,0.00735,0.01109,-0.00172,-10.46,79.42,0.3188,0.0144,1.54,6.539,0.0,0,45.4,-0.0
1,936,18.72,release,0.01451,0.01444,0.00136,0.01431,-0.00172,-14.78,69.28,0.3145,0.0225,1.133,5.824,0.0,0,45.16,-0.0
2,936,18.72,release,0.02131,0.0196,0.00837,0.02164,-0.00172,-14.78,64.84,0.311,0.0479,1.311,0.0,0.0,0,40.67,-0.0
3,936,18.72,release,0.01863,0.01561,0.01017,0.01359,-0.00172,-14.49,71.53,0.3079,0.0429,0.602,0.398,0.0,0,44.46,-0.0
0,937,18.74,release,0.01198,0.0099,0.00676,0.01089,-0.00123,-10.98,78.83,0.319,0.0154,1.535,6.602,0.0,0,45.54,-0.0
1,937,18.74,release,0.01495,0.01489,0.00138,0.01476,-0.00123,-15.0,68.82,0.3145,0.0233,1.135,6.122,0.0,0,45.02,-0.0
2,937,18.74,release,0.02205,0.02036,0.00846,0.02279,-0.00123,-14.88,63.52,0.3111,0.0477,1.297,0.0,0.0,0,39.88,-0.0
3,937,18.74,release,0.01823,0.01626,0.00824,0.01325,-0.00123,-14.35,71.84,0.3079,0.0435,0.585,2.752,0.0,0,44.35,-0.0
0,938,18.76,release,0.01207,0.01037,0.00617,0.01082,-0.00074,-11.47,78.23,0.3192,0.0163,1.526,5.967,0.0,0,45.68,-0.0
1,938,18.76,release,0.01553,0.0155,0.00098,0.01542,-0.00074,-15.15,68.41,0.3145,0.024,1.126,3.572,0.0,0,44.9,-0.0
2,938,18.76,release,0.02437,0.02223,0.00999,0.02515,-0.00074,-14.55,64.18,0.3113,0.0475,1.289,0.0,0.0,0,39.13,-0.0
3,938,18.76,release,0.01782,0.01611,0.0076,0.01313,-0.00074,-14.42,71.9,0.308,0.0439,0.599,2.344,0.0,0,44.35,0.13
0,939,18.78,release,0.01215,0.01067,0.0058,0.01067,-0.00025,-12.01,77.56,0.3194,0.0172,1.515,5.317,0.0,0,45.79,-0.0
1,939,18.78,release,0.01523,0.01519,0.00116,0.01519,-0.00025,-15.36,68.11,0.3146,0.0246,1.119,1.805,0.0,0,44.86,-0.0
2,939,18.78,release,0.02682,0.02305,0.01372,0.02763,-0.00025,-14.53,63.94,0.3114,0.0472,1.301,0.0,0.0,0,38.41,-0.0
3,939,18.78,release,0.01796,0.01664,0.00677,0.01355,-0.00025,-14.48,71.83,0.3083,0.0443,0.621,3.314,0.0,0,44.36,-0.0
0,940,18.8,release,0.01256,0.01106,0.00595,0.01087,0.00024,-12.6,76.74,0.3195,0.0182,1.516,7.088,0.0,0,45.81,-0.0
1,940,18.8,release,0.01326,0.01316,0.00159,0.0133,0.00024,-15.84,67.65,0.3147,0.0251,1.121,2.681,0.0,0,44.79,0.75
2,940,18.8,release,0.02828,0.02311,0.0163,0.02885,0.00024,-14.61,63.67,0.3115,0.0469,1.287,0.0,0.0,0,37.73,-0.0
3,940,18.8,release,0.01864,0.01706,0.0075,0.01421,0.00024,-14.78,71.08,0.3085,0.0445,0.669,8.404,0.0,0,44.19,-0.0
0,941,18.82,release,0.01321,0.0114,0.00667,0.0113,0.00073,-13.18,75.89,0.3197,0.0191,1.533,7.834,0.0,0,45.69,-0.0
1,941,18.82,release,0.0134,0.0132,0.00231,0.01342,0.00073,-15.93,67.35,0.3149,0.0255,1.106,0.548,0.0,0,44.79,0.65
2,941,18.82,release,0.0268,0.02063,0.01712,0.02701,0.00073,-15.23,63.05,0.3117,0.0466,1.263,0.0,0.0,0,37.07,-0.0
3,941,18.82,release,0.01958,0.01751,0.00875,0.0149,0.00073,-14.96,70.46,0.3086,0.0449,0.699,7.796,0.0,0,43.84,-0.0
0,942,18.84,release,0.01379,0.01173,0.00726,0.01164,0.00122,-13.75,75.11,0.3198,0.0198,1.544,7.423,0.0,0,45.59,-0.0
1,942,18.84,release,0.01508,0.01483,0.00273,0.01496,0.00122,-15.71,67.3,0.3151,0.0259,1.082,0.74,0.0,0,44.81,0.2
2,942,18.84,release,0.02394,0.0181,0.01567,0.02368,0.00122,-15.99,62.1,0.3119,0.0462,1.224,0.0,0.0,0,36.44,-0.0
3,942,18.84,release,0.02027,0.01845,0.00839,0.01537,0.00122,-14.95,70.02,0.3085,0.0452,0.687,9.536,0.0,0,43.52,-0.0
0,943,18.86,release,0.01424,0.01241,0.00698,0.0118,0.00171,-14.36,74.22,0.3198,0.0205,1.552,7.801,0.0,0,45.54,-0.0
1,943,18.86,release,0.01493,0.0144,0.00393,0.0147,0.00171,-15.91,67.03,0.3153,0.0263,1.072,0.0,0.0,0,44.8,-0.0
2,943,18.86,release,0.02131,0.01715,0.01265,0.02077,0.00171,-16.29,60.55,0.3121,0.0458,1.163,0.0,0.0,0,35.84,-0.0
3,943,18.86,release,0.02093,0.01965,0.00722,0.01585,0.00171,-14.84,69.7,0.3084,0.0455,0.655,8.201,0.0,0,43.3,-0.0
0,944,18.88,release,0.01455,0.01333,0.00583,0.01186,0.0022,-14.97,73.33,0.3198,0.021,1.564,6.955,0.0,0,45.52,-0.0
1,944,18.88,release,0.01293,0.01241,0.00362,0.01232,0.0022,-16.49,66.46,0.3156,0.0265,1.051,0.0,0.0,0,44.82,0.72
2,944,18.88,release,0.01973,0.01702,0.00999,0.01871,0.0022,-16.32,59.47,0.3123,0.0453,1.107,0.0,0.0,0,35.26,-0.0
3,944,18.88,release,0.02199,0.02096,0.00668,0.01683,0.0022,-14.75,69.31,0.3082,0.0459,0.645,9.52,0.0,0,43.07,-0.0
0,945,18.9,release,0.01498,0.01452,0.00368,0.01211,0.00269,-15.53,72.44,0.3199,0.0214,1.574,5.043,0.0,0,45.52,-0.0
1,945,18.9,release,0.01242,0.01207,0.00293,0.01162,0.00269,-16.72,65.83,0.3159,0.0267,1.021,1.51,0.0,0,44.85,0.83
2,945,18.9,release,0.01911,0.01558,0.01107,0.01762,0.00269,-16.66,57.73,0.3125,0.0449,1.092,0.0,0.0,0,34.72,-0.0
3,945,18.9,release,0.02335,0.02242,0.00653,0.01821,0.00269,-14.62,69.04,0.308,0.0462,0.658,9.025,0.0,0,42.74,-0.0
0,946,18.92,release,0.01578,0.01574,0.00111,0.01297,0.00318,-16.05,71.53,0.3199,0.0217,1.587,3.549,0.0,0,45.54,-0.0
1,946,18.92,release,0.01457,0.01415,0.00346,0.01349,0.00318,-16.52,65.54,0.3161,0.0269,0.994,0.0,0.0,0,44.93,0.17
2,946,18.92,release,0.01837,0.01544,0.00994,0.01643,0.00318,-16.69,58.21,0.3127,0.0444,1.048,0.0,0.0,0,34.19,-0.0
3,946,18.92,release,0.02489,0.02399,0.00665,0.01978,0.00318,-14.44,69.01,0.3078,0.0464,0.677,6.836,0.0,0,42.33,-0.0
0,947,18.94,release,0.01613,0.01611,0.00074,0.01332,0.00367,-16.61,70.48,0.32,0.022,1.616,4.001,0.0,0,45.55,-0.0
1,947,18.94,release,0.01352,0.01326,0.00261,0.01217,0.00367,-16.92,65.02,0.3164,0.0271,0.963,0.0,0.0,0,45.03,0.21
2,947,18.94,release,0.01656,0.0151,0.0068,0.0143,0.00367,-16.86,56.96,0.3128,0.0439,0.989,0.0,0.0,0,33.69,-0.0
3,947,18.94,release,0.02527,0.02413,0.00753,0.02008,0.00367,-14.31,69.36,0.3077,0.0466,0.701,0.0,0.0,0,41.89,-0.0
0,948,18.96,release,0.0158,0.01564,0.00223,0.01286,0.00416,-17.12,69.54,0.32,0.0223,1.655,3.184,0.0,0,45.45,-0.0
1,948,18.96,release,0.01384,0.0134,0.00345,0.01219,0.00416,-16.97,64.57,0.3166,0.0271,0.942,0.0,0.0,0,45.13,-0.0
2,948,18.96,release,0.01681,0.01523,0.00711,0.01411,0.00416,-16.74,57.16,0.3129,0.0434,0.964,0.0,0.0,0,33.21,-0.0
3,948,18.96,release,0.02321,0.02239,0.00615,0.01798,0.00416,-14.63,69.12,0.3077,0.0465,0.715,0.0,0.0,0,41.45,-0.0
0,949,18.98,release,0.01505,0.01466,0.00342,0.01174,0.00465,-17.7,68.63,0.3201,0.0225,1.69,0.0,0.0,0,45.26,-0.0
1,949,18.98,release,0.0139,0.01322,0.00432,0.01195,0.00465,-17.15,64.25,0.3169,0.0272,0.925,0.0,0.0,0,45.22,-0.0
2,949,18.98,release,0.01664,0.01413,0.00877,0.01344,0.00465,-16.98,56.84,0.3131,0.0428,0.955,0.0,0.0,0,32.75,-0.0
3,949,18.98,release,0.02106,0.02066,0.00409,0.01593,0.00465,-15.02,68.64,0.3078,0.0465,0.717,0.0,0.0,0,41.03,-0.0
0,950,19.0,release,0.01093,0.01089,-0.00091,0.00775,0.00514,-18.9,67.01,0.3202,0.0227,1.677,0.0,0.0,0,45.08,-0.0
1,950,19.0,release,0.01355,0.0129,0.00414,0.01132,0.00514,-17.49,63.76,0.317,0.0272,0.901,0.0,0.0,0,45.3,-0.0
2,950,19.0,release,0.01496,0.01305,0.00731,0.01136,0.00514,-17.24,56.43,0.3132,0.0423,0.904,0.0,0.0,0,32.31,-0.0
3,950,19.0,release,0.01942,0.01931,0.00211,0.01451,0.00514,-15.29,68.22,0.308,0.0465,0.704,0.0,0.0,0,40.62,-0.0
0,951,19.02,release,0.01052,0.00988,0.00362,0.00697,0.00563,-19.14,66.39,0.3202,0.0228,1.72,0.501,0.0,0,44.9,-0.0
1,951,19.02,release,0.01384,0.01361,0.00252,0.01143,0.00563,-17.68,63.14,0.3172,0.0272,0.865,0.0,0.0,0,45.38,-0.0
2,951,19.02,release,0.01441,0.01229,0.00753,0.0104,0.00563,-17.43,55.79,0.3134,0.0418,0.873,0.0,0.0,0,31.88,-0.0
3,951,19.02,release,0.01668,0.01631,0.00352,0.01182,0.00563,-15.79,67.76,0.3081,0.0464,0.713,0.0,0.0,0,40.24,-0.0
0,952,19.04,release,0.01143,0.00951,0.00635,0.00875,0.00612,-19.7,65.49,0.3203,0.0229,1.756,1.189,0.0,0,44.69,0.86
1,952,19.04,release,0.01471,0.01469,-0.00088,0.0125,0.00612,-17.72,62.49,0.3173,0.0272,0.811,0.0,0.0,0,45.45,-0.0
2,952,19.04,release,0.01278,0.01141,0.00576,0.00848,0.00612,-17.67,55.37,0.3135,0.0413,0.825,0.0,0.0,0,31.48,-0.0
3,952,19.04,release,0.01523,0.01453,0.00456,0.01057,0.00612,-16.15,67.36,0.3082,0.0464,0.708,0.0,0.0,0,39.87,-0.0
0,953,19.06,release,0.01215,0.00954,0.00753,0.01076,0.00661,-20.45,64.57,0.3204,0.023,1.787,2.225,0.0,0,44.52,2.5
1,953,19.06,release,0.0169,0.01682,-0.00168,0.01454,0.00661,-17.27,62.56,0.3173,0.0272,0.765,0.0,0.0,0,45.52,-0.0
2,953,19.06,release,0.01176,0.01088,0.00447,0.00744,0.00661,-17.89,54.15,0.3136,0.0408,0.784,0.0,0.0,0,31.1,-0.0
3,953,19.06,release,0.01489,0.01453,0.00321,0.01042,0.00661,-16.22,67.11,0.3083,0.0463,0.68,0.0,0.0,0,39.51,-0.0
0,954,19.08,release,0.00912,0.00786,0.00463,0.00926,0.0071,-20.63,63.95,0.3205,0.023,1.743,6.755,0.0,0,44.59,4.37
1,954,19.08,release,0.01775,0.01766,0.00181,0.01468,0.0071,-17.02,62.69,0.3174,0.0272,0.756,0.0,0.0,0,45.59,-0.0
2,954,19.08,release,0.01274,0.01241,0.00284,0.00832,0.0071,-17.48,54.79,0.3136,0.0403,0.736,0.0,0.0,0,30.73,-0.0
3,954,19.08,release,0.01436,0.0141,0.00269,0.01005,0.0071,-16.35,66.75,0.3084,0.0462,0.662,0.0,0.0,0,39.18,-0.0
0,955,19.1,release,0.00634,0.00586,0.00242,0.00894,0.00759,-20.74,63.68,0.3207,0.0229,1.676,1.931,0.0,0,45.13,5.63
1,955,19.1,release,0.01603,0.01592,0.0019,0.01273,0.00759,-17.33,62.48,0.3175,0.0271,0.728,0.0,0.0,0,45.66,-0.0
2,955,19.1,release,0.01341,0.01331,0.0016,0.00906,0.00759,-17.36,54.62,0.3137,0.0398,0.701,0.0,0.0,0,30.38,-0.0
3,955,19.1,release,0.01328,0.01305,0.00242,0.00915,0.00759,-16.59,66.37,0.3084,0.046,0.644,0.0,0.0,0,38.85,-0.0
0,956,19.12,release,0.01091,0.00654,0.00873,0.01152,0.00808,-20.6,63.76,0.3207,0.023,1.689,0.0,0.0,0,45.68,4.56
1,956,19.12,release,0.01545,0.01543,0.00063,0.01214,0.00808,-17.48,62.25,0.3175,0.027,0.687,0.0,0.0,0,45.72,-0.0
2,956,19.12,release,0.01281,0.0126,0.00231,0.00823,0.00808,-17.53,54.34,0.3137,0.0394,0.68,0.0,0.0,0,30.04,-0.0
3,956,19.12,release,0.01228,0.01227,0.00053,0.00855,0.00808,-16.73,66.1,0.3085,0.0458,0.6,0.0,0.0,0,38.54,-0.0
0,957,19.14,release,0.00924,0.00569,0.00728,0.01083,0.00857,-20.6,63.73,0.3208,0.0229,1.653,0.0,0.0,0,46.22,3.16
1,957,19.14,release,0.01563,0.01561,-0.00078,0.01253,0.00857,-17.5,62.1,0.3175,0.0269,0.642,0.0,0.0,0,45.78,-0.0
2,957,19.14,release,0.01237,0.0122,0.00206,0.00793,0.00857,-17.67,54.07,0.3137,0.039,0.642,0.0,0.0,0,29.72,-0.0
3,957,19.14,release,0.01164,0.01164,-0.0001,0.0082,0.00857,-16.8,66.03,0.3085,0.0456,0.556,0.0,0.0,0,38.25,-0.0
0,958,19.16,release,0.0042,0.00306,0.00288,0.00836,0.00906,-20.4,63.72,0.3208,0.0229,1.583,1.055,0.0,0,46.79,2.79
1,958,19.16,release,0.01697,0.01696,-0.00058,0.01357,0.00906,-17.21,62.19,0.3176,0.0268,0.603,0.0,0.0,0,45.83,-0.0
2,958,19.16,release,0.01266,0.01266,-0.00024,0.00919,0.00906,-17.68,53.77,0.3137,0.0385,0.582,0.0,0.0,0,29.41,-0.0
3,958,19.16,release,0.01069,0.01056,0.00166,0.00756,0.00906,-17.0,66.04,0.3086,0.0454,0.526,0.0,0.0,0,37.97,-0.0
0,959,19.18,release,0.00254,0.00098,0.00234,0.00768,0.00955,-20.04,64.03,0.3207,0.0228,1.531,0.442,0.0,0,47.41,1.75
1,959,19.18,release,0.01771,0.0177,0.00044,0.01379,0.00955,-16.95,62.4,0.3176,0.0268,0.572,0.0,0.0,0,45.89,-0.0
2,959,19.18,release,0.01486,0.01397,-0.00507,0.01335,0.00955,-17.51,53.49,0.3137,0.0381,0.491,0.0,0.0,0,29.11,-0.0
3,959,19.18,release,0.01145,0.01043,0.00471,0.00895,0.00955,-17.21,66.09,0.3086,0.0451,0.505,0.0,0.0,0,37.7,-0.0
0,960,19.2,release,0.00424,0.00081,0.00416,0.00652,0.01004,-19.58,64.21,0.3206,0.0229,1.514,0.0,0.471,0,47.55,0.94
1,960,19.2,release,0.01717,0.01704,0.00209,0.01268,0.01004,-16.95,62.5,0.3176,0.0268,0.552,0.0,0.0,0,45.94,-0.0
2,960,19.2,release,0.01597,0.01595,-0.00062,0.01197,0.01004,-16.9,53.53,0.3137,0.0378,0.478,0.0,0.0,0,28.83,-0.0
3,960,19.2,release,0.01274,0.01091,0.00658,0.01034,0.01004,-17.26,66.08,0.3086,0.0448,0.485,0.0,0.0,0,37.44,-0.0
0,961,19.22,release,0.00414,0.00391,0.00138,0.00547,0.01053,-19.07,64.69,0.3204,0.0229,1.452,0.0,0.0,0,47.42,-0.0
1,961,19.22,release,0.01649,0.01631,0.00243,0.01175,0.01053,-17.21,62.33,0.3176,0.0267,0.531,0.0,0.0,0,45.99,-0.0
2,961,19.22,release,0.0168,0.01671,0.00174,0.01152,0.01053,-16.75,53.87,0.3137,0.0375,0.462,0.0,0.0,0,28.56,-0.0
3,961,19.22,release,0.01312,0.0118,0.00575,0.00985,0.01053,-16.93,66.18,0.3086,0.0444,0.446,0.0,0.0,0,37.19,-0.0
0,962,19.24,release,0.00739,0.00736,-0.0007,0.007,0.01102,-18.52,65.22,0.3202,0.023,1.376,0.0,0.0,0,47.31,-0.0
1,962,19.24,release,0.01651,0.01651,-0.00027,0.01243,0.01102,-17.43,62.05,0.3176,0.0266,0.484,0.0,0.0,0,46.04,-0.0
2,962,19.24,release,0.01687,0.01687,0.00055,0.01187,0.01102,-16.72,54.19,0.3137,0.0372,0.406,0.0,0.0,0,28.3,-0.0
3,962,19.24,release,0.01262,0.01142,0.00535,0.00915,0.01102,-16.95,66.14,0.3086,0.044,0.42,0.0,0.0,0,36.95,-0.0
0,963,19.26,release,0.01103,0.01098,-0.00101,0.00859,0.01151,-17.75,65.98,0.32,0.0231,1.304,0.0,0.0,0,47.19,-0.0
1,963,19.26,release,0.01844,0.01828,-0.00243,0.01477,0.01151,-17.24,62.01,0.3176,0.0266,0.432,0.0,0.0,0,46.08,-0.0
2,963,19.26,release,0.01544,0.01539,-0.00127,0.01157,0.01151,-16.95,54.26,0.3137,0.0369,0.352,0.0,0.0,0,28.06,-0.0
3,963,19.26,release,0.01325,0.01195,0.00573,0.00924,0.01151,-16.78,66.18,0.3085,0.0437,0.396,0.0,0.0,0,36.73,-0.0
0,964,19.28,back,0.01498,0.01496,-0.00083,0.01093,0.012,-16.83,66.98,0.3198,0.0232,1.23,0.0,0.0,0,47.09,-0.0
1,964,19.28,back,0.02077,0.02074,-0.00112,0.01624,0.012,-16.83,62.19,0.3176,0.0266,0.404,0.0,0.0,0,46.12,-0.0
2,964,19.28,back,0.01445,0.01442,-0.00097,0.01087,0.012,-17.13,54.19,0.3137,0.0366,0.323,0.0,0.0,0,27.82,-0.0
3,964,19.28,back,0.01444,0.0136,0.00483,0.00993,0.012,-16.48,66.29,0.3085,0.0433,0.362,0.0,0.0,0,36.51,-0.0
0,965,19.3,back,0.01905,0.01866,-0.00384,0.01513,0.012,-15.68,69.16,0.3196,0.0233,1.141,0.0,0.0,0,46.98,-0.0
1,965,19.3,back,0.01634,0.01603,-0.00317,0.01331,0.012,-17.14,64.95,0.3176,0.0266,0.374,0.0,0.0,0,46.16,-0.0
2,965,19.3,back,0.01245,0.01168,-0.00431,0.01262,0.012,-17.36,56.76,0.3137,0.0363,0.28,0.0,0.0,0,27.6,-0.0
3,965,19.3,back,0.01139,0.01134,0.00109,0.0067,0.012,-16.45,67.15,0.3085,0.0428,0.328,0.0,0.0,0,36.3,-0.0
0,966,19.32,back,0.01437,0.01435,0.00073,0.00922,0.012,-15.27,70.33,0.3194,0.0233,1.132,0.0,0.0,0,46.88,-0.0
1,966,19.32,back,0.01492,0.01492,1e-05,0.0104,0.012,-16.6,67.9,0.3176,0.0265,0.386,0.0,6.116,0,46.14,-0.0
2,966,19.32,back,0.01188,0.00983,-0.00668,0.01444,0.012,-17.02,58.83,0.3137,0.0359,0.226,0.0,0.0,0,27.38,-0.0
3,966,19.32,back,0.00814,0.00804,-0.00128,0.00556,0.012,-16.51,68.17,0.3085,0.0423,0.288,0.0,0.0,0,36.1,-0.0
0,967,19.34,back,0.01016,0.01014,-0.00061,0.00774,0.012,-15.51,70.36,0.3193,0.0233,1.089,0.0,0.0,0,46.79,-0.0
1,967,19.34,back,0.01375,0.01367,-0.00152,0.00918,0.012,-15.94,70.59,0.3175,0.0264,0.375,0.0,0.0,0,45.67,-0.0
2,967,19.34,back,0.01187,0.01157,-0.00267,0.01105,0.012,-16.07,59.99,0.3137,0.0357,0.24,0.0,0.0,0,27.17,-0.0
3,967,19.34,back,0.00737,0.00703,0.00221,0.00729,0.012,-16.7,68.56,0.3086,0.0418,0.29,0.0,0.0,0,35.92,-0.0
0,968,19.36,back,0.00861,0.00857,-0.00087,0.00725,0.012,-15.38,70.41,0.3192,0.0233,1.052,0.0,0.0,0,46.7,-0.0
1,968,19.36,back,0.01362,0.01353,0.00161,0.00708,0.012,-15.25,71.67,0.3175,0.0263,0.381,0.0,0.0,0,45.23,-0.0
2,968,19.36,back,0.01081,0.01079,-0.00063,0.00856,0.012,-15.7,60.78,0.3136,0.0354,0.255,0.0,0.0,0,26.98,-0.0
3,968,19.36,back,0.01115,0.00926,0.00621,0.00859,0.012,-16.03,69.15,0.3085,0.0413,0.294,0.0,0.0,0,35.73,-0.0
0,969,19.38,back,0.00736,0.00729,0.00097,0.00535,0.012,-15.31,70.31,0.3191,0.0233,1.048,0.0,0.0,0,46.61,-0.0
1,969,19.38,back,0.01077,0.01075,0.00064,0.0066,0.012,-15.43,71.69,0.3176,0.0263,0.356,0.0,0.0,0,44.81,-0.0
2,969,19.38,back,0.01351,0.01347,0.00109,0.00751,0.012,-14.86,61.65,0.3136,0.0352,0.259,0.0,0.0,0,26.79,-0.0
3,969,19.38,back,0.01073,0.00993,0.00405,0.00657,0.012,-15.69,68.87,0.3085,0.0408,0.27,0.0,0.0,0,35.56,-0.0
0,970,19.4,back,0.00858,0.00848,-0.0013,0.00693,0.012,-15.32,70.11,0.319,0.0233,1.027,0.0,0.0,0,46.53,-0.0
1,970,19.4,back,0.00997,0.00995,0.00056,0.0066,0.012,-15.22,71.92,0.3177,0.0263,0.333,0.0,0.0,0,44.41,-0.0
2,970,19.4,back,0.01385,0.01358,0.00271,0.00534,0.012,-14.44,62.68,0.3135,0.0349,0.273,0.0,0.0,0,26.61,-0.0
3,970,19.4,back,0.01001,0.00862,0.00509,0.00664,0.012,-15.87,68.55,0.3087,0.0404,0.282,0.0,0.0,0,35.4,-0.0
0,971,19.42,back,0.00912,0.00858,-0.00308,0.00867,0.012,-15.44,69.94,0.3189,0.0233,1.014,0.0,0.0,0,46.45,-0.0
1,971,19.42,back,0.00958,0.00922,0.00259,0.0054,0.012,-15.06,72.05,0.3178,0.0263,0.335,0.0,0.0,0,44.02,-0.0
2,971,19.42,back,0.01438,0.01296,0.00623,0.00315,0.012,-14.17,63.22,0.3135,0.0347,0.296,0.0,0.0,0,26.43,-0.0
3,971,19.42,back,0.0103,0.00881,0.00534,0.00656,0.012,-15.7,68.57,0.3087,0.0399,0.278,0.0,0.0,0,35.24,-0.0
0,972,19.44,back,0.00969,0.00847,-0.00471,0.01056,0.012,-15.61,69.9,0.3188,0.0232,1.001,0.0,0.0,0,46.37,-0.0
1,972,19.44,back,0.00847,0.00846,0.0003,0.00656,0.012,-15.31,71.73,0.3179,0.0264,0.315,0.0,0.0,0,43.65,-0.0
2,972,19.44,back,0.01915,0.01467,0.01231,0.00816,0.012,-13.53,63.61,0.3136,0.0345,0.332,0.0,0.0,0,26.27,-0.0
3,972,19.44,back,0.01072,0.00962,0.00473,0.00619,0.012,-15.41,68.6,0.3088,0.0394,0.268,0.0,0.0,0,35.09,-0.0
0,973,19.46,back,0.0114,0.00858,-0.00751,0.01359,0.012,-15.66,70.1,0.3188,0.0232,0.975,0.0,0.0,0,46.3,-0.0
1,973,19.46,back,0.0082,0.00802,-0.0017,0.00845,0.012,-15.41,71.62,0.3181,0.0264,0.295,0.0,0.0,0,43.3,-0.0
2,973,19.46,back,0.02002,0.01435,0.01396,0.00941,0.012,-13.7,63.2,0.3136,0.0344,0.34,0.0,0.0,0,26.11,-0.0
3,973,19.46,back,0.01089,0.00983,0.00468,0.00596,0.012,-15.23,68.65,0.3089,0.0389,0.266,0.0,0.0,0,34.94,-0.0
0,974,19.48,back,0.01094,0.00755,-0.00792,0.0142,0.012,-15.61,70.52,0.3187,0.0231,0.964,0.0,0.0,0,46.23,-0.0
1,974,19.48,back,0.00774,0.0076,-0.00144,0.00857,0.012,-15.38,71.7,0.3182,0.0265,0.295,0.0,0.0,0,42.96,-0.0
2,974,19.48,back,0.01961,0.01344,0.01428,0.00918,0.012,-14.07,62.68,0.3137,0.0342,0.341,0.0,0.0,0,25.96,-0.0
3,974,19.48,back,0.01151,0.01025,0.00523,0.00615,0.012,-14.99,68.85,0.309,0.0385,0.267,0.0,0.0,0,34.8,-0.0
0,975,19.5,back,0.01042,0.00673,-0.00796,0.01498,0.012,-15.78,70.43,0.3186,0.0231,0.971,2.976,0.0,0,45.98,-0.0
1,975,19.5,back,0.00662,0.00626,-0.00213,0.0095,0.012,-15.5,71.79,0.3184,0.0265,0.293,0.0,0.0,0,42.64,-0.0
2,975,19.5,back,0.01891,0.01236,0.01431,0.00894,0.012,-14.44,62.64,0.3139,0.034,0.34,0.0,0.0,0,25.82,-0.0
3,975,19.5,back,0.01231,0.01113,0.00525,0.00638,0.012,-14.68,69.15,0.3091,0.038,0.263,0.0,0.0,0,34.67,-0.0
0,976,19.52,back,0.0091,0.00537,-0.00735,0.01525,0.012,-15.76,72.43,0.3185,0.023,1.011,3.663,0.0,0,45.36,-0.0
1,976,19.52,back,0.00529,0.00439,-0.00295,0.01109,0.012,-15.81,71.66,0.3185,0.0265,0.295,0.0,0.0,0,42.33,-0.0
2,976,19.52,back,0.01934,0.01156,0.0155,0.01093,0.012,-14.64,64.29,0.314,0.0337,0.349,0.0,0.0,0,25.68,-0.0
3,976,19.52,back,0.01266,0.01171,0.00482,0.00626,0.012,-14.41,69.42,0.3092,0.0376,0.259,0.0,0.0,0,34.54,-0.0
0,977,19.54,back,0.00846,0.00543,-0.00648,0.01584,0.012,-15.84,73.51,0.3182,0.0229,1.04,6.023,0.0,0,44.53,-0.0
1,977,19.54,back,0.00554,0.00282,-0.00477,0.01405,0.012,-16.21,71.47,0.3186,0.0265,0.29,0.0,0.0,0,42.04,-0.0
2,977,19.54,back,0.01942,0.01055,0.0163,0.01251,0.012,-14.91,64.47,0.3141,0.0335,0.34,0.0,0.0,0,25.54,-0.0
3,977,19.54,back,0.01274,0.01168,0.00509,0.00615,0.012,-14.26,69.66,0.3094,0.0371,0.261,0.0,0.0,0,34.42,-0.0
0,978,19.56,back,0.00799,0.00608,-0.00519,0.01668,0.012,-15.81,74.19,0.3179,0.0228,1.058,3.912,0.0,0,43.51,-0.0
1,978,19.56,back,0.0071,0.00301,-0.00643,0.01624,0.012,-16.25,71.59,0.3187,0.0266,0.279,0.0,0.0,0,41.76,-0.0
2,978,19.56,back,0.0199,0.00986,0.01728,0.01386,0.012,-14.82,64.92,0.3143,0.0332,0.324,0.0,0.0,0,25.42,-0.0
3,978,19.56,back,0.01328,0.01215,0.00534,0.00637,0.012,-14.02,69.99,0.3095,0.0367,0.261,0.0,0.0,0,34.3,-0.0
0,979,19.58,back,0.00768,0.00695,-0.00326,0.01778,0.012,-15.71,73.73,0.3177,0.0226,1.077,3.684,0.0,0,42.37,-0.0
1,979,19.58,back,0.00614,0.00253,-0.0056,0.0158,0.012,-15.93,72.05,0.3188,0.0266,0.283,0.0,0.0,0,41.49,-0.0
2,979,19.58,back,0.02306,0.01073,0.02041,0.01701,0.012,-14.33,65.74,0.3144,0.0331,0.319,0.0,0.0,0,25.3,-0.0
3,979,19.58,back,0.01355,0.01256,0.00511,0.00636,0.012,-13.81,70.31,0.3097,0.0362,0.259,0.0,0.0,0,34.19,-0.0
0,980,19.6,back,0.00807,0.00804,-0.00075,0.01936,0.012,-15.52,72.61,0.3175,0.0224,1.089,5.241,0.0,0,41.17,-0.0
1,980,19.6,back,0.00659,0.002,-0.00627,0.016,0.012,-15.61,72.51,0.3189,0.0266,0.273,0.0,0.0,0,41.23,-0.0
2,980,19.6,back,0.02262,0.01059,0.01999,0.01662,0.012,-14.16,65.9,0.3146,0.0329,0.285,0.0,0.0,0,25.18,-0.0
3,980,19.6,back,0.01368,0.01266,0.00518,0.00636,0.012,-13.65,70.58,0.3099,0.0358,0.259,0.0,0.0,0,34.09,-0.0
0,981,19.62,back,0.00953,0.00929,0.0021,0.02139,0.012,-15.22,71.39,0.3173,0.0222,1.099,6.824,0.0,0,39.93,-0.0
1,981,19.62,back,0.00684,0.00169,-0.00662,0.01614,0.012,-15.32,72.87,0.319,0.0266,0.261,0.0,0.0,0,40.98,-0.0
2,981,19.62,back,0.02356,0.01061,0.02103,0.01764,0.012,-13.89,66.3,0.3148,0.0327,0.266,0.0,0.0,0,25.07,-0.0
3,981,19.62,back,0.01397,0.01283,0.0055,0.00646,0.012,-13.49,70.8,0.3101,0.0353,0.261,1.461,0.0,0,33.98,-0.0
0,982,19.64,back,0.0118,0.01053,0.00532,0.02384,0.012,-14.94,70.25,0.3172,0.0221,1.113,1.866,0.0,0,38.65,-0.0
1,982,19.64,back,0.00763,0.00191,-0.00739,0.01696,0.012,-15.19,72.98,0.319,0.0266,0.247,4.007,0.0,0,40.73,-0.0
2,982,19.64,back,0.02449,0.01077,0.022,0.01858,0.012,-13.65,66.68,0.3151,0.0325,0.245,0.0,0.0,0,24.96,-0.0
3,982,19.64,back,0.01425,0.0133,0.00512,0.00633,0.012,-13.26,71.36,0.3103,0.0349,0.284,0.0,0.0,0,33.58,-0.0
0,983,19.66,back,0.01363,0.01149,0.00732,0.02548,0.012,-14.58,70.34,0.3172,0.022,1.106,0.0,0.0,0,37.47,-0.0
1,983,19.66,back,0.00752,0.00307,-0.00686,0.01802,0.012,-15.13,73.39,0.319,0.0267,0.259,3.968,0.0,0,40.17,-0.0
2,983,19.66,back,0.02573,0.01127,0.02313,0.01989,0.012,-13.42,67.17,0.3154,0.0323,0.226,0.0,0.0,0,24.86,-0.0
3,983,19.66,back,0.01546,0.01402,0.00651,0.00742,0.012,-12.98,71.87,0.3104,0.0345,0.313,3.595,0.0,0,33.06,0.01
0,984,19.68,back,0.01443,0.01222,0.00768,0.02635,0.012,-14.29,70.7,0.3172,0.0219,1.084,0.0,0.0,0,36.5,0.0
1,984,19.68,back,0.00689,0.00422,-0.00544,0.01881,0.012,-14.97,74.08,0.3188,0.0268,0.287,3.502,0.0,0,39.28,-0.0
2,984,19.68,back,0.02723,0.01177,0.02455,0.02162,0.012,-13.24,67.64,0.3157,0.032,0.21,0.0,0.0,0,24.77,-0.0
3,984,19.68,back,0.017,0.01477,0.00841,0.00907,0.012,-12.72,72.51,0.3106,0.0341,0.335,1.842,0.0,0,32.41,0.0
0,985,19.7,back,0.0148,0.01261,0.00775,0.02706,0.012,-14.1,71.39,0.3171,0.0219,1.067,0.005,0.0,0,35.76,0.0
1,985,19.7,back,0.00645,0.00551,-0.00335,0.01971,0.012,-14.76,74.79,0.3186,0.0269,0.314,3.48,0.0,0,38.2,-0.0
2,985,19.7,back,0.02904,0.01193,0.02647,0.02386,0.012,-13.14,67.96,0.3161,0.0318,0.199,0.0,0.0,0,24.67,-0.0
3,985,19.7,back,0.01712,0.01531,0.00767,0.0087,0.012,-12.48,72.88,0.3108,0.0337,0.325,0.0,0.0,0,31.71,-0.0
0,986,19.72,back,0.01461,0.01274,0.00714,0.02733,0.012,-13.73,72.97,0.3171,0.022,1.029,4.751,0.0,0,35.32,-0.0
1,986,19.72,back,0.00675,0.00671,-0.00075,0.02079,0.012,-14.53,75.3,0.3183,0.0269,0.332,4.014,0.0,0,36.98,-0.0
2,986,19.72,back,0.02993,0.01156,0.02761,0.02539,0.012,-13.17,68.16,0.3164,0.0316,0.188,0.0,0.0,0,24.59,-0.0
3,986,19.72,back,0.0168,0.01495,0.00767,0.00833,0.012,-12.42,72.81,0.3111,0.0333,0.317,0.0,0.0,0,31.04,-0.0
0,987,19.74,back,0.01531,0.0136,0.00702,0.02838,0.012,-13.87,73.55,0.3171,0.0223,1.001,7.548,0.0,0,34.99,-0.0
1,987,19.74,back,0.00828,0.00802,0.00205,0.0224,0.012,-14.24,75.75,0.3181,0.027,0.343,4.559,0.0,0,35.68,-0.0
2,987,19.74,back,0.03052,0.01148,0.02828,0.02653,0.012,-13.19,68.43,0.3168,0.0314,0.18,0.0,0.0,0,24.5,-0.0
3,987,19.74,back,0.01644,0.0145,0.00774,0.008,0.012,-12.37,72.81,0.3113,0.033,0.309,0.0,0.0,0,30.4,-0.0
0,988,19.76,back,0.01674,0.01525,0.00689,0.03018,0.012,-13.74,72.98,0.317,0.0227,0.999,3.833,0.0,0,34.5,-0.0
1,988,19.76,back,0.01063,0.00939,0.00497,0.02445,0.012,-13.88,76.06,0.3178,0.027,0.351,5.172,0.0,0,34.32,-0.0
2,988,19.76,back,0.03156,0.01197,0.0292,0.02792,0.012,-13.14,68.75,0.3173,0.0312,0.18,0.0,0.0,0,24.42,-0.0
3,988,19.76,back,0.01567,0.01428,0.00647,0.0069,0.012,-12.27,72.94,0.3116,0.0327,0.292,0.0,0.0,0,29.79,-0.0
0,989,19.78,back,0.01872,0.01706,0.00772,0.03241,0.012,-13.44,72.02,0.317,0.0231,1.026,0.885,0.0,0,33.86,0.0
1,989,19.78,back,0.01196,0.0107,0.00535,0.02582,0.012,-13.24,76.49,0.3176,0.0271,0.319,0.0,0.0,0,33.03,-0.0
2,989,19.78,back,0.03223,0.01227,0.0298,0.02909,0.012,-13.2,68.93,0.3177,0.0309,0.181,0.0,0.0,0,24.34,-0.0
3,989,19.78,back,0.01502,0.01346,0.00667,0.00674,0.012,-12.29,72.97,0.3118,0.0324,0.287,0.0,0.0,0,29.21,-0.0
0,990,19.8,back,0.02024,0.01813,0.009,0.03397,0.012,-13.22,72.46,0.317,0.0237,1.028,5.56,0.0,0,33.18,-0.0
1,990,19.8,back,0.0133,0.0111,0.00732,0.02678,0.012,-12.8,76.92,0.3174,0.0273,0.314,0.5,0.0,0,31.86,0.0
2,990,19.8,back,0.03196,0.01215,0.02956,0.02936,0.012,-13.24,69.04,0.3182,0.0307,0.17,0.0,0.0,0,24.27,-0.0
3,990,19.8,back,0.01424,0.0127,0.00644,0.00639,0.012,-12.28,73.07,0.3121,0.0321,0.278,0.0,0.0,0,28.65,-0.0
0,991,19.82,back,0.02214,0.01969,0.01011,0.03594,0.012,-12.95,72.14,0.3169,0.0243,1.014,6.138,0.0,0,32.44,-0.0
1,991,19.82,back,0.01268,0.0107,0.0068,0.02621,0.012,-12.19,77.58,0.3172,0.0274,0.291,0.0,0.0,0,30.74,-0.0
2,991,19.82,back,0.03205,0.01238,0.02956,0.02973,0.012,-13.16,69.27,0.3186,0.0305,0.161,0.0,0.0,0,24.2,-0.0
3,991,19.82,back,0.01328,0.01203,0.00562,0.00588,0.012,-12.25,73.17,0.3123,0.0318,0.264,0.0,0.0,0,28.11,-0.0
0,992,19.84,back,0.02431,0.02169,0.01099,0.03826,0.012,-12.51,70.79,0.3168,0.0251,1.01,6.778,0.0,0,31.62,-0.0
1,992,19.84,back,0.00662,0.00393,0.00533,0.01813,0.012,-10.38,79.62,0.317,0.0276,0.245,0.0,0.0,0,29.71,-0.0
2,992,19.84,back,0.03154,0.0125,0.02896,0.02944,0.012,-13.01,69.64,0.319,0.0303,0.147,0.0,0.0,0,24.13,-0.0
3,992,19.84,back,0.01212,0.0111,0.00486,0.00567,0.012,-12.25,73.23,0.3125,0.0316,0.253,0.0,0.0,0,27.6,-0.0
0,993,19.86,back,0.02687,0.02399,0.01209,0.04081,0.012,-11.97,69.49,0.3167,0.026,1.006,2.396,0.0,0,30.76,0.0
1,993,19.86,back,0.00195,0.00079,0.00179,0.01472,0.012,-9.82,79.8,0.317,0.0277,0.216,0.0,0.0,0,28.74,-0.0
2,993,19.86,back,0.03127,0.01269,0.02858,0.0295,0.012,-12.93,69.97,0.3194,0.03,0.139,0.0,0.0,0,24.06,-0.0
3,993,19.86,back,0.011,0.0101,0.00436,0.00599,0.012,-12.27,73.32,0.3127,0.0313,0.244,0.0,0.0,0,27.11,-0.0
0,994,19.88,back,0.02883,0.02568,0.0131,0.0428,0.012,-11.51,69.07,0.3166,0.0269,1.015,1.175,0.0,0,30.06,0.0
1,994,19.88,back,0.00584,0.00567,0.00139,0.00986,0.012,-8.47,80.53,0.317,0.028,0.205,0.0,0.0,0,27.82,-0.0
2,994,19.88,back,0.03146,0.01308,0.02862,0.03004,0.012,-12.83,70.38,0.3199,0.0299,0.136,0.0,0.0,0,24.0,-0.0
3,994,19.88,back,0.00951,0.00905,0.00294,0.00604,0.012,-12.22,73.45,0.3129,0.031,0.221,0.0,0.0,0,26.64,-0.0
0,995,19.9,back,0.03021,0.02722,0.0131,0.04417,0.012,-11.28,69.42,0.3165,0.0279,1.014,0.168,0.0,0,29.65,0.0
1,995,19.9,back,0.00905,0.009,0.00095,0.007,0.012,-8.25,77.76,0.3171,0.0284,0.192,0.0,0.0,0,26.93,-0.0
2,995,19.9,back,0.03183,0.01357,0.02879,0.03066,0.012,-12.73,70.77,0.3203,0.0297,0.133,0.0,0.0,0,23.94,-0.0
3,995,19.9,back,0.0082,0.00808,0.00138,0.00619,0.012,-12.08,73.59,0.3131,0.0307,0.187,0.0,0.0,0,26.19,-0.0
0,996,19.92,back,0.03111,0.02866,0.01208,0.04513,0.012,-11.22,69.76,0.3164,0.029,1.015,2.844,0.0,0,29.5,0.0
1,996,19.92,back,0.00756,0.0072,-0.00232,0.0083,0.012,-9.0,73.72,0.3172,0.0289,0.162,0.0,0.0,0,26.08,-0.0
2,996,19.92,back,0.03158,0.01387,0.02836,0.03063,0.012,-12.58,71.2,0.3207,0.0295,0.128,0.0,0.0,0,23.89,-0.0
3,996,19.92,back,0.00838,0.00787,0.00288,0.00671,0.012,-11.88,73.82,0.3133,0.0305,0.169,0.0,0.0,0,25.76,-0.0
0,997,19.94,back,0.03206,0.03026,0.01059,0.04648,0.012,-10.83,69.34,0.3163,0.0301,1.039,0.0,0.0,0,29.47,-0.0
1,997,19.94,back,0.00363,0.00362,0.00024,0.00911,0.012,-9.32,73.39,0.3174,0.0294,0.172,0.0,0.0,0,25.27,-0.0
2,997,19.94,back,0.03089,0.01395,0.02756,0.03017,0.012,-12.42,71.62,0.3211,0.0294,0.122,0.0,0.0,0,23.83,-0.0
3,997,19.94,back,0.01069,0.00849,0.00649,0.00992,0.012,-11.84,73.87,0.3135,0.0303,0.174,0.0,0.0,0,25.36,-0.0
0,998,19.96,back,0.03314,0.03154,0.01016,0.04765,0.012,-10.73,69.18,0.3161,0.0313,1.101,8.298,0.0,0,29.29,-0.0
1,998,19.96,back,0.00611,0.00393,0.00468,0.00888,0.012,-8.83,74.08,0.3176,0.0298,0.195,0.0,0.0,0,24.5,-0.0
2,998,19.96,back,0.03075,0.01395,0.0274,0.03016,0.012,-12.17,72.15,0.3215,0.0292,0.121,0.0,0.0,0,23.78,-0.0
3,998,19.96,back,0.00999,0.00839,0.00542,0.00907,0.012,-11.67,73.7,0.3137,0.0301,0.142,0.0,0.0,0,24.96,-0.0
0,999,19.98,back,0.0355,0.03357,0.01154,0.05032,0.012,-10.28,67.3,0.316,0.0325,1.193,2.095,0.0,0,28.88,-0.0
1,999,19.98,back,0.0079,0.00585,0.00532,0.00868,0.012,-8.62,74.55,0.3177,0.0301,0.204,0.0,0.0,0,23.76,-0.0
2,999,19.98,back,0.03062,0.01357,0.02745,0.03006,0.012,-11.87,72.62,0.3219,0.0291,0.119,0.0,0.0,0,23.73,-0.0
3,999,19.98,back,0.00898,0.00774,0.00456,0.00957,0.012,-11.7,73.37,0.3139,0.0299,0.121,0.0,0.0,0,24.59,-0.0
0,1000,20.0,back,0.03814,0.03543,0.01413,0.05302,0.012,-9.77,66.25,0.3158,0.0336,1.282,3.25,0.0,0,28.17,0.0
1,1000,20.0,back,0.00905,0.00711,0.0056,0.00984,0.012,-8.62,75.12,0.3178,0.0302,0.217,0.0,0.0,0,23.05,-0.0
2,1000,20.0,back,0.02976,0.01285,0.02684,0.02928,0.012,-11.63,72.95,0.3223,0.0291,0.114,0.0,0.0,0,23.68,-0.0
3,1000,20.0,back,0.00834,0.00705,0.00444,0.01033,0.012,-11.73,73.16,0.314,0.0297,0.109,0.0,0.0,0,24.23,-0.0
0,1001,20.02,back,0.0415,0.03813,0.01638,0.05662,0.012,-8.92,62.17,0.3155,0.0348,1.377,5.926,0.0,0,27.26,-0.0
1,1001,20.02,back,0.0093,0.00698,0.00614,0.01156,0.012,-8.88,75.26,0.318,0.0303,0.226,0.0,0.0,0,22.37,-0.0
2,1001,20.02,back,0.02909,0.01225,0.02638,0.02862,0.012,-11.32,73.43,0.3226,0.029,0.112,0.0,0.0,0,23.64,-0.0
3,1001,20.02,back,0.00792,0.00674,0.00415,0.01037,0.012,-11.59,73.14,0.3142,0.0295,0.094,0.0,0.0,0,23.89,-0.0
0,1002,20.04,back,0.04503,0.04125,0.01805,0.06025,0.012,-7.91,57.71,0.3152,0.0359,1.464,7.471,0.0,0,26.37,-0.0
1,1002,20.04,back,0.00984,0.0071,0.00682,0.01234,0.012,-8.64,75.97,0.3182,0.0304,0.228,0.0,0.0,0,21.72,-0.0
2,1002,20.04,back,0.02797,0.01143,0.02553,0.02754,0.012,-11.05,73.8,0.3229,0.0289,0.106,0.0,0.0,0,23.59,-0.0
3,1002,20.04,back,0.00676,0.00615,0.0028,0.0101,0.012,-11.42,73.21,0.3143,0.0294,0.07,0.0,0.0,0,23.56,-0.0
0,1003,20.06,back,0.0485,0.04481,0.01856,0.06339,0.012,-6.97,53.43,0.3148,0.037,1.533,6.773,0.0,0,25.63,-0.0
1,1003,20.06,back,0.01155,0.00804,0.00829,0.01276,0.012,-8.14,76.7,0.3184,0.0305,0.232,0.0,0.0,0,21.1,-0.0
2,1003,20.06,back,0.02747,0.01102,0.02516,0.02718,0.012,-10.79,74.28,0.3232,0.0288,0.107,0.0,0.0,0,23.55,-0.0
3,1003,20.06,back,0.00591,0.00551,0.00213,0.01105,0.012,-11.4,73.23,0.3144,0.0292,0.053,0.0,0.0,0,23.24,-0.0
0,1004,20.08,back,0.05165,0.04815,0.01868,0.06618,0.012,-5.98,49.89,0.3144,0.0381,1.583,7.248,0.0,0,24.98,-0.0
1,1004,20.08,back,0.01355,0.00905,0.01008,0.01389,0.012,-7.85,77.02,0.3185,0.0306,0.237,0.0,0.0,0,20.51,-0.0
2,1004,20.08,back,0.02795,0.01095,0.02571,0.0276,0.012,-10.46,74.74,0.3235,0.0288,0.113,0.0,0.0,0,23.51,-0.0
3,1004,20.08,back,0.00601,0.00551,0.00242,0.01208,0.012,-11.35,73.3,0.3146,0.029,0.043,0.0,0.0,0,22.94,-0.0
0,1005,20.1,back,0.05392,0.0505,0.0189,0.0681,0.012,-5.23,48.79,0.3141,0.0392,1.619,9.476,0.0,0,24.47,0.0
1,1005,20.1,back,0.01505,0.0095,0.01168,0.01493,0.012,-7.71,77.0,0.3187,0.0306,0.235,0.0,0.0,0,19.94,-0.0
2,1005,20.1,back,0.02746,0.01071,0.02529,0.02737,0.012,-10.33,74.89,0.3237,0.0287,0.114,0.0,0.0,0,23.47,-0.0
3,1005,20.1,back,0.00584,0.00546,0.00208,0.01215,0.012,-11.14,73.49,0.3147,0.0289,0.027,0.0,0.0,0,22.66,-0.0
0,1006,20.12,back,0.05618,0.05309,0.01839,0.07009,0.012,-4.27,46.81,0.3138,0.0403,1.657,8.968,0.0,0,24.06,-0.0
1,1006,20.12,back,0.01507,0.00913,0.01198,0.01549,0.012,-7.99,76.5,0.3189,0.0306,0.225,0.0,0.0,0,19.4,-0.0
2,1006,20.12,back,0.02777,0.01089,0.02554,0.02781,0.012,-10.13,75.12,0.3239,0.0286,0.127,0.0,0.0,0,23.44,-0.0
3,1006,20.12,back,0.00519,0.00509,0.00102,0.01222,0.012,-10.94,73.69,0.3147,0.0287,0.008,0.0,0.0,0,22.38,-0.0
0,1007,20.14,back,0.05815,0.05536,0.01781,0.07175,0.012,-3.49,45.72,0.3137,0.0415,1.689,9.903,0.0,0,23.74,-0.0
1,1007,20.14,back,0.01557,0.00934,0.01245,0.01646,0.012,-8.26,76.11,0.319,0.0305,0.226,0.0,0.0,0,18.88,-0.0
2,1007,20.14,back,0.02794,0.01118,0.02561,0.0281,0.012,-9.96,75.32,0.3241,0.0286,0.139,0.0,0.0,0,23.4,-0.0
3,1007,20.14,back,0.00492,0.0049,0.00043,0.01312,0.012,-10.86,73.84,0.3148,0.0285,-0.007,0.0,0.0,0,22.12,-0.0
0,1008,20.16,back,0.06038,0.05804,0.01664,0.07357,0.012,-2.53,43.67,0.3137,0.0428,1.717,9.246,0.0,0,23.49,-0.0
1,1008,20.16,back,0.01607,0.01013,0.01247,0.01793,0.012,-8.7,75.76,0.3192,0.0304,0.234,0.0,0.0,0,18.38,-0.0
2,1008,20.16,back,0.0274,0.01135,0.02494,0.02783,0.012,-9.81,75.53,0.3243,0.0286,0.147,0.0,0.0,0,23.37,-0.0
3,1008,20.16,back,0.00531,0.00525,0.00081,0.01386,0.012,-10.75,74.03,0.3149,0.0284,-0.014,0.0,0.0,0,21.87,-0.0
0,1009,20.18,back,0.06216,0.06023,0.01539,0.07502,0.012,-1.71,42.66,0.3138,0.0441,1.736,10.114,0.0,0,23.31,-0.0
1,1009,20.18,back,0.01693,0.01171,0.01223,0.02021,0.012,-9.24,75.55,0.3194,0.0303,0.247,0.0,0.0,0,17.9,-0.0
2,1009,20.18,back,0.02786,0.01181,0.02524,0.02845,0.012,-9.6,75.83,0.3244,0.0285,0.166,0.0,0.0,0,23.34,-0.0
3,1009,20.18,back,0.00527,0.00523,0.00064,0.01373,0.012,-10.48,74.39,0.3149,0.0282,-0.025,0.0,0.0,0,21.63,-0.0
0,1010,20.2,back,0.06439,0.06291,0.01376,0.07672,0.012,-0.69,40.64,0.314,0.0455,1.766,9.114,0.0,0,23.21,-0.0
1,1010,20.2,back,0.01903,0.01383,0.01307,0.02317,0.012,-9.49,75.83,0.3195,0.0301,0.27,0.0,0.0,0,17.45,-0.0
2,1010,20.2,back,0.02857,0.01215,0.02586,0.02917,0.012,-9.35,76.1,0.3246,0.0285,0.178,0.0,0.0,0,23.31,-0.0
3,1010,20.2,back,0.00488,0.00488,-0.00027,0.01378,0.012,-10.24,74.73,0.3149,0.0281,-0.04,0.0,0.0,0,21.4,-0.0
0,1011,20.22,back,0.06683,0.06569,0.01226,0.07842,0.012,0.33,38.52,0.3145,0.0469,1.825,6.875,0.0,0,23.19,-0.0
1,1011,20.22,back,0.01873,0.01399,0.01245,0.02348,0.012,-9.32,76.39,0.3197,0.03,0.268,0.0,0.0,0,17.02,-0.0
2,1011,20.22,back,0.02797,0.01187,0.02533,0.02872,0.012,-9.14,76.32,0.3247,0.0285,0.18,0.0,0.0,0,23.28,-0.0
3,1011,20.22,back,0.00463,0.00449,-0.00113,0.01454,0.012,-10.12,74.93,0.315,0.028,-0.055,0.0,0.0,0,21.18,-0.0
0,1012,20.24,back,0.06936,0.06863,0.01007,0.08039,0.012,1.39,36.37,0.3152,0.0483,1.919,10.487,0.0,0,23.29,0.32
1,1012,20.24,back,0.019,0.01385,0.01301,0.02321,0.012,-8.61,77.35,0.3198,0.0298,0.265,0.0,0.0,0,16.6,-0.0
2,1012,20.24,back,0.02742,0.01169,0.0248,0.0283,0.012,-8.88,76.7,0.3247,0.0285,0.184,0.0,0.0,0,23.25,-0.0
3,1012,20.24,back,0.00455,0.00379,-0.00251,0.01517,0.012,-9.9,75.19,0.315,0.0278,-0.087,0.0,0.0,0,20.97,-0.0
0,1013,20.26,back,0.07154,0.07122,0.00671,0.08176,0.012,2.41,34.26,0.3159,0.0496,2.01,8.781,0.0,0,23.52,0.3
1,1013,20.26,back,0.01824,0.01279,0.01301,0.02205,0.012,-8.05,77.77,0.3199,0.0296,0.253,0.0,0.0,0,16.2,-0.0
2,1013,20.26,back,0.02742,0.01164,0.02483,0.0283,0.012,-8.53,77.19,0.3248,0.0285,0.189,0.0,0.0,0,23.22,-0.0
3,1013,20.26,back,0.0054,0.0053,-0.00106,0.01589,0.012,-9.7,75.46,0.315,0.0277,-0.1,0.0,0.0,0,20.77,-0.0
0,1014,20.28,back,0.07359,0.07351,0.00342,0.0831,0.012,3.47,32.99,0.3168,0.0508,2.1,10.672,0.0,0,23.8,0.28
1,1014,20.28,back,0.0173,0.01137,0.01303,0.02054,0.012,-7.42,78.17,0.3201,0.0295,0.238,0.0,0.0,0,15.82,-0.0
2,1014,20.28,back,0.0273,0.01138,0.02482,0.02822,0.012,-8.23,77.56,0.3249,0.0286,0.19,0.0,0.0,0,23.2,-0.0
3,1014,20.28,back,0.00746,0.00732,0.00143,0.01676,0.012,-9.57,75.53,0.315,0.0276,-0.096,0.0,0.0,0,20.58,-0.0
0,1015,20.3,back,0.07438,0.07437,0.00061,0.08359,0.012,4.46,34.5,0.3176,0.052,2.117,7.872,0.0,0,24.01,-0.0
1,1015,20.3,back,0.01667,0.01009,0.01328,0.01878,0.012,-6.73,78.45,0.3203,0.0293,0.223,0.0,0.0,0,15.46,-0.0
2,1015,20.3,back,0.02688,0.01109,0.02449,0.02794,0.012,-7.99,77.83,0.3249,0.0286,0.191,0.0,0.0,0,23.17,-0.0
3,1015,20.3,back,0.00628,0.00628,0.0,0.01611,0.012,-9.31,75.44,0.315,0.0275,-0.124,0.0,0.0,0,20.39,-0.0
0,1016,20.32,back,0.0749,0.07489,-0.00121,0.08412,0.012,5.27,37.46,0.3183,0.0532,2.088,4.926,0.0,0,24.16,-0.0
1,1016,20.32,back,0.01632,0.00936,0.01337,0.01748,0.012,-6.25,78.48,0.3205,0.0291,0.209,0.0,0.0,0,15.11,-0.0
2,1016,20.32,back,0.02699,0.01118,0.02456,0.02807,0.012,-7.68,78.22,0.325,0.0286,0.197,0.0,0.0,0,23.15,-0.0
3,1016,20.32,back,0.00752,0.00752,0.00014,0.01761,0.012,-9.35,74.87,0.315,0.0274,-0.131,0.0,0.0,0,20.22,-0.0
0,1017,20.34,back,0.07573,0.07569,-0.00264,0.08481,0.012,5.77,40.11,0.319,0.0545,2.121,3.51,0.0,0,24.24,-0.0
1,1017,20.34,back,0.01707,0.00929,0.01433,0.01754,0.012,-5.9,78.43,0.3207,0.029,0.209,0.0,0.0,0,14.78,-0.0
2,1017,20.34,back,0.02681,0.01109,0.02441,0.02796,0.012,-7.44,78.44,0.325,0.0287,0.2,0.0,0.0,0,23.13,-0.0
3,1017,20.34,back,0.00822,0.00813,0.00119,0.01805,0.012,-9.23,74.76,0.315,0.0274,-0.132,0.0,0.0,0,20.05,-0.0
0,1018,20.36,back,0.07693,0.07676,-0.00509,0.08575,0.012,6.35,42.06,0.3195,0.0556,2.222,6.042,0.0,0,24.36,0.0
1,1018,20.36,back,0.01834,0.00947,0.01571,0.0185,0.012,-5.74,78.23,0.3209,0.0288,0.218,0.0,0.0,0,14.46,-0.0
2,1018,20.36,back,0.02667,0.01108,0.02426,0.02804,0.012,-7.24,78.64,0.325,0.0287,0.209,0.0,0.0,0,23.11,-0.0
3,1018,20.36,back,0.00722,0.00718,0.00075,0.01708,0.012,-8.89,74.77,0.3149,0.0273,-0.144,0.0,0.0,0,19.89,-0.0
0,1019,20.38,back,0.07806,0.07762,-0.00824,0.08667,0.012,6.86,44.51,0.32,0.0565,2.329,5.991,0.0,0,24.67,0.0
1,1019,20.38,back,0.0192,0.00962,0.01662,0.01971,0.012,-5.96,77.55,0.3212,0.0286,0.228,0.0,0.0,0,14.16,-0.0
2,1019,20.38,back,0.02693,0.01129,0.02444,0.02838,0.012,-6.99,78.89,0.325,0.0288,0.221,0.0,0.0,0,23.09,-0.0
3,1019,20.38,back,0.00612,0.00611,-0.00037,0.01653,0.012,-8.61,74.74,0.3149,0.0272,-0.161,0.0,0.0,0,19.73,-0.0
0,1020,20.4,back,0.0783,0.07776,-0.00925,0.08717,0.012,6.95,47.8,0.3204,0.0572,2.406,1.314,0.0,0,25.09,0.0
1,1020,20.4,back,0.02017,0.01018,0.01741,0.02138,0.012,-6.34,77.2,0.3214,0.0285,0.24,0.0,0.0,0,13.86,-0.0
2,1020,20.4,back,0.0268,0.01138,0.02427,0.02841,0.012,-6.78,79.09,0.325,0.0289,0.231,0.0,0.0,0,23.07,-0.0
3,1020,20.4,back,0.00673,0.00672,-0.00039,0.01749,0.012,-8.56,74.67,0.3149,0.0272,-0.167,0.0,0.0,0,19.59,-0.0
0,1021,20.42,back,0.0782,0.07768,-0.00901,0.08738,0.012,6.28,51.68,0.3206,0.058,2.415,3.538,0.0,0,25.32,0.0
1,1021,20.42,back,0.0212,0.01145,0.01784,0.02335,0.012,-6.82,76.9,0.3217,0.0283,0.257,0.0,0.0,0,13.59,-0.0
2,1021,20.42,back,0.02655,0.01138,0.02399,0.02837,0.012,-6.59,79.25,0.325,0.0289,0.241,0.0,0.0,0,23.05,-0.0
3,1021,20.42,back,0.00738,0.00735,0.00063,0.01787,0.012,-8.4,74.74,0.3149,0.0271,-0.166,0.0,0.0,0,19.44,-0.0
0,1022,20.44,back,0.07838,0.07771,-0.01017,0.0877,0.012,5.56,55.94,0.3206,0.0587,2.354,4.769,0.0,0,25.32,-0.0
1,1022,20.44,back,0.01828,0.0103,0.0151,0.02179,0.012,-6.8,76.98,0.3219,0.028,0.234,0.0,0.0,0,13.32,-0.0
2,1022,20.44,back,0.0267,0.01154,0.02408,0.02863,0.012,-6.34,79.48,0.325,0.029,0.254,0.0,0.0,0,23.03,-0.0
3,1022,20.44,back,0.0067,0.00668,0.00038,0.0172,0.012,-8.05,74.93,0.3149,0.027,-0.175,0.0,0.0,0,19.31,-0.0
0,1023,20.46,back,0.07862,0.07787,-0.01084,0.08808,0.012,4.99,60.27,0.3204,0.0595,2.268,4.33,0.0,0,25.23,-0.0
1,1023,20.46,back,0.01928,0.01024,0.01634,0.02249,0.012,-6.2,77.74,0.3221,0.0279,0.242,0.0,0.0,0,13.06,-0.0
2,1023,20.46,back,0.02681,0.01167,0.02414,0.02879,0.012,-6.09,79.66,0.325,0.0291,0.265,0.0,0.0,0,23.01,-0.0
3,1023,20.46,back,0.00586,0.00585,-0.00038,0.01671,0.012,-7.74,75.1,0.3148,0.0269,-0.187,0.0,0.0,0,19.18,-0.0
0,1024,20.48,back,0.07899,0.07816,-0.01142,0.08853,0.012,4.44,64.58,0.3202,0.0603,2.194,3.939,0.0,0,25.12,-0.0
1,1024,20.48,back,0.01866,0.00994,0.01579,0.02253,0.012,-6.19,77.73,0.3223,0.0277,0.229,0.0,0.0,0,12.82,-0.0
2,1024,20.48,back,0.02643,0.01162,0.02373,0.0286,0.012,-5.89,79.8,0.325,0.0292,0.273,0.0,0.0,0,23.0,-0.0
3,1024,20.48,back,0.00609,0.00609,-0.00023,0.01714,0.012,-7.58,75.23,0.3148,0.0269,-0.191,0.0,0.0,0,19.06,-0.0
0,1025,20.5,back,0.07945,0.07855,-0.01193,0.08907,0.012,3.89,68.79,0.3199,0.0611,2.133,3.562,0.0,0,25.0,-0.0
1,1025,20.5,back,0.0183,0.00942,0.01569,0.02197,0.012,-5.78,78.11,0.3225,0.0276,0.221,0.0,0.0,0,12.59,-0.0
2,1025,20.5,back,0.02628,0.01164,0.02356,0.02859,0.012,-5.65,79.96,0.325,0.0293,0.284,0.0,0.0,0,22.98,-0.0
3,1025,20.5,back,0.0064,0.00637,0.00058,0.01729,0.012,-7.37,75.42,0.3148,0.0268,-0.189,0.0,0.0,0,18.94,-0.0
0,1026,20.52,back,0.07954,0.07865,-0.01188,0.08973,0.012,3.42,72.11,0.3197,0.0619,2.107,4.205,0.0,0,24.7,-0.0
1,1026,20.52,back,0.01772,0.00861,0.01549,0.02103,0.012,-5.32,78.58,0.3226,0.0275,0.213,0.0,0.0,0,12.36,-0.0
2,1026,20.52,back,0.02662,0.0118,0.02387,0.02887,0.012,-5.33,80.17,0.3249,0.0294,0.296,0.0,0.0,0,22.97,-0.0
3,1026,20.52,back,0.00592,0.00589,0.00058,0.01682,0.012,-7.05,75.65,0.3148,0.0267,-0.194,0.0,0.0,0,18.83,-0.0
0,1027,20.54,back,0.08043,0.07955,-0.01183,0.09124,0.012,3.35,72.19,0.3196,0.0626,2.102,1.992,0.0,0,24.3,-0.0
1,1027,20.54,back,0.01809,0.00796,0.01624,0.02097,0.012,-4.76,79.14,0.3227,0.0274,0.205,0.0,0.0,0,12.15,-0.0
2,1027,20.54,back,0.02654,0.01172,0.02381,0.02882,0.012,-5.08,80.26,0.3249,0.0296,0.303,0.0,0.0,0,22.95,-0.0
3,1027,20.54,back,0.00522,0.00522,4e-05,0.01645,0.012,-6.75,75.82,0.3147,0.0267,-0.202,0.0,0.0,0,18.72,-0.0
0,1028,20.56,back,0.08178,0.08095,-0.01168,0.09311,0.012,3.46,70.37,0.3195,0.0634,2.102,3.481,0.0,0,23.77,-0.0
1,1028,20.56,back,0.01937,0.00762,0.01781,0.02167,0.012,-4.25,79.38,0.3228,0.0273,0.2,0.0,0.0,0,11.95,-0.0
2,1028,20.56,back,0.02612,0.01153,0.02343,0.02856,0.012,-4.86,80.32,0.3249,0.0297,0.31,0.0,0.0,0,22.94,-0.0
3,1028,20.56,back,0.00538,0.00538,0.00015,0.01682,0.012,-6.58,75.92,0.3147,0.0266,-0.205,0.0,0.0,0,18.62,-0.0
0,1029,20.58,back,0.08353,0.08271,-0.01169,0.09542,0.012,4.28,66.98,0.3195,0.0641,2.108,4.53,0.0,0,23.17,-0.0
1,1029,20.58,back,0.02011,0.00751,0.01865,0.02207,0.012,-3.93,79.41,0.3229,0.0273,0.197,0.0,0.0,0,11.75,-0.0
2,1029,20.58,back,0.02613,0.0115,0.02346,0.0286,0.012,-4.58,80.46,0.3249,0.0298,0.321,0.0,0.0,0,22.93,-0.0
3,1029,20.58,back,0.00583,0.00578,0.00075,0.01715,0.012,-6.4,76.02,0.3147,0.0265,-0.203,0.0,0.0,0,18.52,-0.0
0,1030,20.6,back,0.08511,0.08441,-0.01084,0.09724,0.012,4.94,65.44,0.3196,0.0647,2.103,5.943,0.0,0,22.5,-0.0
1,1030,20.6,back,0.02012,0.00741,0.0187,0.02191,0.012,-3.69,79.41,0.323,0.0272,0.194,0.0,0.0,0,11.57,-0.0
2,1030,20.6,back,0.02613,0.01141,0.02351,0.02858,0.012,-4.3,80.55,0.3248,0.03,0.329,0.0,0.0,0,22.91,-0.0
3,1030,20.6,back,0.00567,0.00562,0.00077,0.01702,0.012,-6.14,76.12,0.3147,0.0265,-0.205,0.0,0.0,0,18.42,-0.0
0,1031,20.62,back,0.08682,0.08621,-0.0102,0.099,0.012,5.6,64.75,0.3197,0.0653,2.084,6.483,0.0,0,21.91,-0.0
1,1031,20.62,back,0.01927,0.00692,0.01799,0.0213,0.012,-3.49,79.44,0.3231,0.0272,0.183,0.0,0.0,0,11.39,-0.0
2,1031,20.62,back,0.02573,0.01115,0.02319,0.02833,0.012,-4.07,80.59,0.3248,0.0301,0.335,0.0,0.0,0,22.9,-0.0
3,1031,20.62,back,0.00567,0.00564,0.0005,0.01719,0.012,-5.94,76.16,0.3147,0.0264,-0.21,0.0,0.0,0,18.33,-0.0
0,1032,20.64,back,0.08855,0.08796,-0.01022,0.10067,0.012,6.17,64.57,0.3198,0.0658,2.053,7.021,0.0,0,21.45,-0.0
1,1032,20.64,back,0.01978,0.00692,0.01853,0.02173,0.012,-3.19,79.56,0.3232,0.0271,0.18,0.0,0.0,0,11.22,-0.0
2,1032,20.64,back,0.02556,0.01098,0.02308,0.02826,0.012,-3.83,80.66,0.3247,0.0303,0.343,0.0,0.0,0,22.89,-0.0
3,1032,20.64,back,0.00638,0.00635,0.0006,0.01795,0.012,-5.83,76.12,0.3147,0.0263,-0.21,0.0,0.0,0,18.25,-0.0
0,1033,20.66,back,0.0902,0.0896,-0.01041,0.1022,0.012,6.45,65.17,0.32,0.0663,2.019,6.146,0.0,0,21.1,-0.0
1,1033,20.66,back,0.0209,0.00724,0.0196,0.02254,0.012,-2.85,79.62,0.3233,0.0271,0.18,0.0,0.0,0,11.05,-0.0
2,1033,20.66,back,0.02572,0.01097,0.02326,0.02836,0.012,-3.52,80.75,0.3247,0.0304,0.351,0.0,0.0,0,22.88,-0.0
3,1033,20.66,back,0.00707,0.00699,0.00103,0.0185,0.012,-5.69,76.08,0.3147,0.0263,-0.208,0.0,0.0,0,18.16,-0.0
0,1034,20.68,back,0.0917,0.09106,-0.01087,0.10368,0.012,6.69,65.79,0.3201,0.0667,1.988,6.558,0.0,0,20.82,-0.0
1,1034,20.68,back,0.02068,0.00701,0.01946,0.02234,0.012,-2.63,79.58,0.3234,0.0272,0.169,0.0,0.0,0,10.9,-0.0
2,1034,20.68,back,0.02541,0.01074,0.02303,0.02815,0.012,-3.28,80.76,0.3246,0.0306,0.355,0.0,0.0,0,22.87,-0.0
3,1034,20.68,back,0.00711,0.00705,0.00092,0.01858,0.012,-5.47,76.04,0.3146,0.0262,-0.21,0.0,0.0,0,18.09,-0.0
0,1035,20.7,back,0.09316,0.09245,-0.01149,0.10513,0.012,6.85,66.51,0.3203,0.0671,1.957,6.688,0.0,0,20.59,-0.0
1,1035,20.7,back,0.02013,0.00657,0.01903,0.02188,0.012,-2.4,79.55,0.3234,0.0272,0.157,0.0,0.0,0,10.75,-0.0
2,1035,20.7,back,0.02495,0.01041,0.02268,0.02785,0.012,-3.04,80.74,0.3246,0.0307,0.358,0.0,0.0,0,22.86,-0.0
3,1035,20.7,back,0.00748,0.00743,0.00081,0.01899,0.012,-5.31,75.96,0.3146,0.0261,-0.21,0.0,0.0,0,18.01,-0.0
0,1036,20.72,back,0.09463,0.09384,-0.01221,0.10661,0.012,7.03,67.13,0.3205,0.0675,1.927,7.075,0.0,0,20.38,-0.0
1,1036,20.72,back,0.02021,0.0064,0.01917,0.02204,0.012,-2.17,79.57,0.3235,0.0272,0.149,0.0,0.0,0,10.61,-0.0
2,1036,20.72,back,0.02489,0.01027,0.02267,0.02782,0.012,-2.76,80.74,0.3245,0.0309,0.365,0.0,0.0,0,22.85,-0.0
3,1036,20.72,back,0.00821,0.00813,0.00111,0.01964,0.012,-5.18,75.88,0.3146,0.0261,-0.207,0.0,0.0,0,17.94,-0.0
0,1037,20.74,back,0.0961,0.09524,-0.01285,0.10809,0.012,7.21,67.75,0.3207,0.0679,1.897,6.921,0.0,0,20.14,-0.0
1,1037,20.74,back,0.02049,0.00638,0.01947,0.0224,0.012,-1.95,79.61,0.3236,0.0273,0.143,0.0,0.0,0,10.47,-0.0
2,1037,20.74,back,0.02481,0.0101,0.02266,0.02776,0.012,-2.48,80.69,0.3245,0.0311,0.369,0.0,0.0,0,22.84,-0.0
3,1037,20.74,back,0.00837,0.00831,0.00103,0.01984,0.012,-4.98,75.8,0.3146,0.026,-0.206,0.0,0.0,0,17.87,-0.0
0,1038,20.76,back,0.09757,0.09665,-0.01337,0.10957,0.012,7.38,68.42,0.3209,0.0682,1.867,6.663,0.0,0,19.89,-0.0
1,1038,20.76,back,0.02043,0.00631,0.01943,0.02245,0.012,-1.73,79.66,0.3236,0.0274,0.134,0.0,0.0,0,10.34,-0.0
2,1038,20.76,back,0.02451,0.00981,0.02247,0.02752,0.012,-2.21,80.58,0.3244,0.0313,0.37,0.0,0.0,0,22.83,-0.0
3,1038,20.76,back,0.00865,0.0086,0.00088,0.02014,0.012,-4.8,75.74,0.3146,0.026,-0.205,0.0,0.0,0,17.8,-0.0
0,1039,20.78,done,0.09905,0.09809,-0.01378,0.11104,0.012,7.54,69.11,0.3211,0.0686,1.836,6.482,0.0,0,19.6,-0.0
1,1039,20.78,done,0.02009,0.00611,0.01914,0.02222,0.012,-1.49,79.7,0.3237,0.0275,0.121,0.0,0.0,0,10.21,-0.0
2,1039,20.78,done,0.02418,0.00947,0.02225,0.02723,0.012,-1.93,80.44,0.3243,0.0315,0.372,0.0,0.0,0,22.82,-0.0
3,1039,20.78,done,0.00909,0.00905,0.00086,0.0206,0.012,-4.64,75.68,0.3145,0.0259,-0.201,0.0,0.0,0,17.74,-0.0
0,1040,20.8,done,0.09878,0.09801,-0.0123,0.11085,0.012,7.76,69.63,0.3213,0.0689,1.805,6.768,0.0,0,19.3,-0.0
1,1040,20.8,done,0.02135,0.00596,0.0205,0.02258,0.012,-1.26,79.73,0.3237,0.0276,0.109,0.0,0.0,0,10.09,-0.0
2,1040,20.8,done,0.026,0.0095,0.0242,0.02799,0.012,-1.64,80.25,0.3243,0.0317,0.372,0.0,0.0,0,22.81,-0.0
3,1040,20.8,done,0.00879,0.00822,0.00313,0.01951,0.012,-4.46,75.65,0.3145,0.0259,-0.196,0.0,0.0,0,17.68,-0.0
0,1041,20.82,done,0.09863,0.09805,-0.0107,0.11076,0.012,8.06,70.03,0.3215,0.0692,1.775,6.182,0.0,0,18.92,-0.0
1,1041,20.82,done,0.02225,0.00568,0.02151,0.02286,0.012,-1.08,79.72,0.3238,0.0277,0.091,0.0,0.0,0,9.98,-0.0
2,1041,20.82,done,0.02799,0.00991,0.02618,0.02918,0.012,-1.52,79.98,0.3242,0.0319,0.373,0.0,0.0,0,22.81,-0.0
3,1041,20.82,done,0.00852,0.00701,0.00484,0.01833,0.012,-4.27,75.61,0.3145,0.0259,-0.19,0.0,0.0,0,17.62,-0.0
