attempt,step,time_s,phase,jaw_centre_error_m,lateral_error_m,along_error_m,tip_goal_error_m,jaw_command_m,approach_elevation_deg,jaw_tilt_deg,base_height_m,base_shift_m,base_yaw_deg,finger_contact_n,forearm_contact_n,fell,cup_lift_m,cup_tilt_deg
0,0,0.0,spawn,0.01234,0.01231,0.00088,0.01205,0.0006,-2.88,5.23,0.3504,0.0009,-0.084,0.0,0.0,0,0.0,0.0
1,0,0.0,spawn,0.01234,0.01231,0.00088,0.01205,0.0006,-2.88,5.23,0.3504,0.0009,-0.084,0.0,0.0,0,0.0,0.0
2,0,0.0,spawn,0.01234,0.01231,0.00088,0.01205,0.0006,-2.88,5.23,0.3504,0.0009,-0.084,0.0,0.0,0,0.0,0.0
3,0,0.0,spawn,0.01234,0.01231,0.00088,0.01205,0.0006,-2.88,5.23,0.3504,0.0009,-0.084,0.0,0.0,0,0.0,0.0
0,1,0.02,spawn,0.02247,0.02228,0.00289,0.02176,0.0012,-3.46,9.93,0.35,0.0017,-0.085,0.0,0.0,0,0.0,0.0
1,1,0.02,spawn,0.02247,0.02228,0.00289,0.02176,0.0012,-3.46,9.93,0.35,0.0017,-0.085,0.0,0.0,0,0.0,0.0
2,1,0.02,spawn,0.02247,0.02228,0.00289,0.02176,0.0012,-3.46,9.93,0.35,0.0017,-0.085,0.0,0.0,0,0.0,0.0
3,1,0.02,spawn,0.02247,0.02228,0.00289,0.02176,0.0012,-3.46,9.93,0.35,0.0017,-0.085,0.0,0.0,0,0.0,0.0
0,2,0.04,spawn,0.02039,0.02037,0.00103,0.01921,0.0018,-1.91,15.05,0.3484,0.0024,-0.099,0.0,0.0,0,0.0,0.0
1,2,0.04,spawn,0.02039,0.02036,0.00103,0.01921,0.0018,-1.91,15.05,0.3484,0.0024,-0.099,0.0,0.0,0,0.0,0.0
2,2,0.04,spawn,0.02039,0.02037,0.00103,0.01921,0.0018,-1.91,15.05,0.3484,0.0024,-0.099,0.0,0.0,0,0.0,0.0
3,2,0.04,spawn,0.02039,0.02037,0.00103,0.01921,0.0018,-1.91,15.05,0.3484,0.0024,-0.099,0.0,0.0,0,0.0,0.0
0,3,0.06,spawn,0.0186,0.01774,-0.0056,0.01701,0.0024,-0.35,20.4,0.3457,0.003,-0.109,0.0,0.0,0,0.0,0.0
1,3,0.06,spawn,0.0186,0.01774,-0.0056,0.01701,0.0024,-0.35,20.4,0.3457,0.003,-0.109,0.0,0.0,0,0.0,0.0
2,3,0.06,spawn,0.0186,0.01774,-0.0056,0.01701,0.0024,-0.35,20.4,0.3457,0.003,-0.109,0.0,0.0,0,0.0,0.0
3,3,0.06,spawn,0.0186,0.01774,-0.0056,0.01701,0.0024,-0.35,20.4,0.3457,0.003,-0.109,0.0,0.0,0,0.0,0.0
0,4,0.08,spawn,0.0172,0.01336,-0.01084,0.01614,0.003,1.24,25.77,0.3425,0.0036,-0.091,0.0,0.0,0,0.0,0.0
1,4,0.08,spawn,0.01718,0.01333,-0.01084,0.0161,0.003,1.25,25.77,0.3425,0.0036,-0.09,0.0,0.0,0,0.0,0.0
2,4,0.08,spawn,0.01718,0.01333,-0.01084,0.0161,0.003,1.25,25.77,0.3425,0.0036,-0.09,0.0,0.0,0,0.0,0.0
3,4,0.08,spawn,0.01721,0.01336,-0.01084,0.01614,0.003,1.24,25.77,0.3425,0.0036,-0.091,0.0,0.0,0,0.0,0.0
0,5,0.1,spawn,0.01507,0.00577,-0.01392,0.01565,0.0036,2.98,31.02,0.3391,0.0044,-0.047,0.0,0.0,0,0.0,0.0
1,5,0.1,spawn,0.01508,0.00578,-0.01393,0.01565,0.0036,2.98,31.02,0.3391,0.0044,-0.047,0.0,0.0,0,0.0,0.0
2,5,0.1,spawn,0.01508,0.00578,-0.01393,0.01565,0.0036,2.98,31.02,0.3391,0.0044,-0.047,0.0,0.0,0,0.0,0.0
3,5,0.1,spawn,0.01507,0.00577,-0.01392,0.01565,0.0036,2.98,31.02,0.3391,0.0044,-0.047,0.0,0.0,0,0.0,0.0
0,6,0.12,spawn,0.01353,0.005,-0.01257,0.01677,0.0042,4.31,36.18,0.3356,0.0053,0.005,0.0,0.0,0,0.0,0.0
1,6,0.12,spawn,0.01352,0.00498,-0.01257,0.01676,0.0042,4.31,36.18,0.3356,0.0053,0.005,0.0,0.0,0,0.0,0.0
2,6,0.12,spawn,0.01352,0.00499,-0.01257,0.01676,0.0042,4.31,36.18,0.3356,0.0053,0.005,0.0,0.0,0,0.0,0.0
3,6,0.12,spawn,0.01353,0.00499,-0.01258,0.01677,0.0042,4.31,36.18,0.3356,0.0053,0.005,0.0,0.0,0,0.0,0.0
0,7,0.14,spawn,0.01652,0.0134,-0.00966,0.02171,0.0048,5.26,41.13,0.3324,0.0063,0.062,0.0,0.0,0,0.0,0.0
1,7,0.14,spawn,0.01651,0.01338,-0.00966,0.02169,0.0048,5.27,41.12,0.3324,0.0063,0.062,0.0,0.0,0,0.0,0.0
2,7,0.14,spawn,0.01651,0.01338,-0.00966,0.02169,0.0048,5.27,41.12,0.3324,0.0063,0.061,0.0,0.0,0,0.0,0.0
3,7,0.14,spawn,0.01652,0.0134,-0.00967,0.02171,0.0048,5.26,41.13,0.3324,0.0063,0.062,0.0,0.0,0,0.0,0.0
0,8,0.16,spawn,0.0144,0.01219,-0.00767,0.0184,0.0054,7.04,45.91,0.3294,0.0073,0.049,0.0,0.0,0,0.0,0.0
1,8,0.16,spawn,0.01439,0.01218,-0.00767,0.01838,0.0054,7.04,45.9,0.3294,0.0073,0.049,0.0,0.0,0,0.0,0.0
2,8,0.16,spawn,0.01439,0.01218,-0.00766,0.01838,0.0054,7.04,45.9,0.3294,0.0073,0.049,0.0,0.0,0,0.0,0.0
3,8,0.16,spawn,0.01441,0.01219,-0.00767,0.01841,0.0054,7.04,45.91,0.3294,0.0073,0.049,0.0,0.0,0,0.0,0.0
0,9,0.18,spawn,0.01303,0.01072,-0.00741,0.01438,0.006,8.39,50.74,0.3267,0.0082,0.017,0.0,0.0,0,0.0,0.0
1,9,0.18,spawn,0.01302,0.01071,-0.0074,0.01436,0.006,8.39,50.74,0.3267,0.0082,0.017,0.0,0.0,0,0.0,0.0
2,9,0.18,spawn,0.01301,0.01071,-0.0074,0.01435,0.006,8.39,50.74,0.3267,0.0082,0.017,0.0,0.0,0,0.0,0.0
3,9,0.18,spawn,0.01302,0.01071,-0.00741,0.01437,0.006,8.38,50.74,0.3267,0.0082,0.017,0.0,0.0,0,0.0,0.0
0,10,0.2,spawn,0.01225,0.0106,-0.00615,0.01264,0.0066,8.96,55.5,0.3243,0.0093,-0.006,0.0,0.0,0,0.0,0.0
1,10,0.2,spawn,0.01224,0.01059,-0.00615,0.01263,0.0066,8.96,55.5,0.3243,0.0093,-0.006,0.0,0.0,0,0.0,0.0
2,10,0.2,spawn,0.01224,0.01059,-0.00614,0.01263,0.0066,8.96,55.5,0.3243,0.0093,-0.006,0.0,0.0,0,0.0,0.0
3,10,0.2,spawn,0.01225,0.01059,-0.00615,0.01263,0.0066,8.96,55.5,0.3243,0.0093,-0.006,0.0,0.0,0,0.0,0.0
0,11,0.22,spawn,0.01229,0.01195,-0.00288,0.01281,0.0072,9.44,60.12,0.3222,0.0105,-0.024,0.0,0.0,0,0.0,0.0
1,11,0.22,spawn,0.01229,0.01195,-0.00288,0.01281,0.0072,9.44,60.12,0.3222,0.0105,-0.024,0.0,0.0,0,0.0,0.0
2,11,0.22,spawn,0.01229,0.01195,-0.00287,0.0128,0.0072,9.44,60.11,0.3222,0.0104,-0.024,0.0,0.0,0,0.0,0.0
3,11,0.22,spawn,0.01229,0.01195,-0.00288,0.01281,0.0072,9.43,60.12,0.3222,0.0104,-0.024,0.0,0.0,0,0.0,0.0
0,12,0.24,spawn,0.0124,0.01239,0.0002,0.01244,0.0078,9.94,64.69,0.3205,0.0117,-0.074,0.0,0.0,0,0.0,0.0
1,12,0.24,spawn,0.0124,0.0124,0.0002,0.01245,0.0078,9.95,64.69,0.3205,0.0117,-0.074,0.0,0.0,0,0.0,0.0
2,12,0.24,spawn,0.01242,0.01241,0.0002,0.01246,0.0078,9.95,64.69,0.3205,0.0117,-0.074,0.0,0.0,0,0.0,0.0
3,12,0.24,spawn,0.0124,0.0124,0.00019,0.01245,0.0078,9.94,64.69,0.3205,0.0117,-0.074,0.0,0.0,0,0.0,0.0
0,13,0.26,spawn,0.01194,0.01182,0.00169,0.01126,0.0084,10.09,69.19,0.3191,0.0128,-0.128,0.0,0.0,0,0.0,0.0
1,13,0.26,spawn,0.01194,0.01182,0.00169,0.01127,0.0084,10.09,69.18,0.3191,0.0128,-0.128,0.0,0.0,0,0.0,0.0
2,13,0.26,spawn,0.01195,0.01183,0.00169,0.01127,0.0084,10.09,69.18,0.3191,0.0128,-0.128,0.0,0.0,0,0.0,0.0
3,13,0.26,spawn,0.01195,0.01184,0.00167,0.01128,0.0084,10.09,69.19,0.3191,0.0128,-0.128,0.0,0.0,0,0.0,0.0
0,14,0.28,spawn,0.01001,0.00968,0.00256,0.00871,0.009,9.75,73.63,0.3179,0.0138,-0.18,0.0,0.0,0,0.0,0.0
1,14,0.28,spawn,0.01001,0.00968,0.00256,0.00871,0.009,9.75,73.63,0.3179,0.0138,-0.18,0.0,0.0,0,0.0,0.0
2,14,0.28,spawn,0.01001,0.00968,0.00256,0.00871,0.009,9.75,73.63,0.3179,0.0138,-0.18,0.0,0.0,0,0.0,0.0
3,14,0.28,spawn,0.01002,0.00969,0.00252,0.00871,0.009,9.74,73.63,0.3179,0.0138,-0.18,0.0,0.0,0,0.0,0.0
0,15,0.3,spawn,0.00782,0.00686,0.00375,0.00634,0.0096,9.11,77.79,0.317,0.0148,-0.223,0.0,0.0,0,0.0,0.0
1,15,0.3,spawn,0.00781,0.00685,0.00375,0.00634,0.0096,9.12,77.79,0.317,0.0148,-0.223,0.0,0.0,0,0.0,0.0
2,15,0.3,spawn,0.00781,0.00685,0.00376,0.00634,0.0096,9.11,77.79,0.317,0.0147,-0.223,0.0,0.0,0,0.0,0.0
3,15,0.3,spawn,0.00781,0.00686,0.00373,0.00632,0.0096,9.11,77.79,0.317,0.0147,-0.223,0.0,0.0,0,0.0,0.0
0,16,0.32,spawn,0.00767,0.00477,0.006,0.00674,0.0102,8.6,80.89,0.3163,0.0157,-0.258,0.0,0.0,0,0.0,0.0
1,16,0.32,spawn,0.00767,0.00478,0.006,0.00674,0.0102,8.6,80.89,0.3163,0.0157,-0.258,0.0,0.0,0,0.0,0.0
2,16,0.32,spawn,0.00768,0.00478,0.00601,0.00675,0.0102,8.6,80.89,0.3163,0.0157,-0.258,0.0,0.0,0,0.0,0.0
3,16,0.32,spawn,0.00765,0.00477,0.00598,0.00672,0.0102,8.59,80.9,0.3163,0.0157,-0.258,0.0,0.0,0,0.0,0.0
0,17,0.34,spawn,0.00891,0.00324,0.0083,0.00872,0.0108,7.88,81.89,0.3159,0.0165,-0.271,0.0,0.0,0,0.0,0.0
1,17,0.34,spawn,0.00892,0.00326,0.0083,0.00873,0.0108,7.88,81.89,0.3159,0.0165,-0.271,0.0,0.0,0,0.0,0.0
2,17,0.34,spawn,0.00893,0.00326,0.00831,0.00873,0.0108,7.88,81.89,0.3159,0.0165,-0.271,0.0,0.0,0,0.0,0.0
3,17,0.34,spawn,0.00889,0.00325,0.00828,0.0087,0.0108,7.88,81.89,0.3159,0.0165,-0.27,0.0,0.0,0,0.0,0.0
0,18,0.36,spawn,0.01142,0.00429,0.01059,0.01158,0.0114,6.97,80.21,0.3157,0.0173,-0.293,0.0,0.0,0,0.0,0.0
1,18,0.36,spawn,0.01143,0.00431,0.01058,0.01158,0.0114,6.97,80.2,0.3157,0.0173,-0.292,0.0,0.0,0,0.0,0.0
2,18,0.36,spawn,0.01144,0.00431,0.0106,0.01159,0.0114,6.97,80.21,0.3157,0.0173,-0.293,0.0,0.0,0,0.0,0.0
3,18,0.36,spawn,0.0114,0.0043,0.01056,0.01156,0.0114,6.97,80.2,0.3157,0.0173,-0.292,0.0,0.0,0,0.0,0.0
0,19,0.38,spawn,0.01344,0.00388,0.01287,0.0136,0.012,5.98,76.92,0.3155,0.018,-0.275,0.0,0.0,0,0.0,0.0
1,19,0.38,spawn,0.01343,0.00387,0.01286,0.01358,0.012,5.98,76.91,0.3155,0.018,-0.274,0.0,0.0,0,0.0,0.0
2,19,0.38,spawn,0.01345,0.00389,0.01287,0.0136,0.012,5.98,76.92,0.3155,0.018,-0.275,0.0,0.0,0,0.0,0.0
3,19,0.38,spawn,0.01341,0.00387,0.01284,0.01357,0.012,5.98,76.91,0.3155,0.018,-0.274,0.0,0.0,0,0.0,0.0
0,20,0.4,spawn,0.01544,0.00346,0.01504,0.01544,0.0126,4.94,72.92,0.3154,0.0187,-0.234,0.0,0.0,0,0.0,0.0
1,20,0.4,spawn,0.01543,0.00345,0.01504,0.01543,0.0126,4.94,72.92,0.3154,0.0187,-0.234,0.0,0.0,0,0.0,0.0
2,20,0.4,spawn,0.01544,0.00345,0.01505,0.01544,0.0126,4.94,72.92,0.3154,0.0187,-0.234,0.0,0.0,0,0.0,0.0
3,20,0.4,spawn,0.0154,0.00343,0.01501,0.0154,0.0126,4.94,72.92,0.3154,0.0187,-0.234,0.0,0.0,0,0.0,0.0
0,21,0.42,spawn,0.01798,0.00643,0.0168,0.01809,0.0132,4.02,69.12,0.3152,0.0194,-0.213,0.0,0.0,0,0.0,0.0
1,21,0.42,spawn,0.01799,0.00646,0.01679,0.01809,0.0132,4.02,69.1,0.3152,0.0194,-0.213,0.0,0.0,0,0.0,0.0
2,21,0.42,spawn,0.01799,0.00645,0.0168,0.0181,0.0132,4.02,69.11,0.3152,0.0194,-0.213,0.0,0.0,0,0.0,0.0
3,21,0.42,spawn,0.01795,0.00642,0.01676,0.01805,0.0132,4.02,69.11,0.3152,0.0194,-0.212,0.0,0.0,0,0.0,0.0
0,22,0.44,spawn,0.01868,0.00715,0.01726,0.0191,0.0138,4.17,74.08,0.3151,0.0199,-0.149,0.0,0.0,0,0.0,0.0
1,22,0.44,spawn,0.01868,0.00715,0.01726,0.0191,0.0138,4.18,74.06,0.3151,0.0199,-0.149,0.0,0.0,0,0.0,0.0
2,22,0.44,spawn,0.01869,0.00716,0.01726,0.01911,0.0138,4.17,74.08,0.3151,0.0199,-0.149,0.0,0.0,0,0.0,0.0
3,22,0.44,spawn,0.01865,0.00715,0.01722,0.01906,0.0138,4.17,74.07,0.315,0.0199,-0.149,0.0,0.0,0,0.0,0.0
0,23,0.46,spawn,0.02183,0.01385,0.01687,0.02257,0.0144,3.99,79.22,0.3149,0.0205,-0.142,0.0,0.0,0,0.0,0.0
1,23,0.46,spawn,0.02185,0.01388,0.01688,0.02259,0.0144,3.99,79.2,0.3149,0.0205,-0.142,0.0,0.0,0,0.0,0.0
2,23,0.46,spawn,0.02185,0.01387,0.01688,0.02259,0.0144,3.99,79.21,0.3149,0.0205,-0.142,0.0,0.0,0,0.0,0.0
3,23,0.46,spawn,0.02182,0.01386,0.01685,0.02256,0.0144,3.99,79.21,0.3149,0.0205,-0.142,0.0,0.0,0,0.0,0.0
0,24,0.48,spawn,0.02171,0.01334,0.01713,0.02331,0.015,3.26,84.53,0.3148,0.0211,-0.078,0.0,0.0,0,0.0,0.0
1,24,0.48,spawn,0.02174,0.01338,0.01714,0.02334,0.015,3.26,84.52,0.3148,0.0211,-0.078,0.0,0.0,0,0.0,0.0
2,24,0.48,spawn,0.02173,0.01336,0.01714,0.02333,0.015,3.26,84.53,0.3148,0.0211,-0.078,0.0,0.0,0,0.0,0.0
3,24,0.48,spawn,0.0217,0.01334,0.01711,0.0233,0.015,3.26,84.53,0.3148,0.0211,-0.077,0.0,0.0,0,0.0,0.0
0,25,0.5,spawn,0.02101,0.00932,0.01883,0.02291,0.0156,3.17,85.79,0.3148,0.0217,-0.016,0.0,0.0,0,0.0,0.0
1,25,0.5,spawn,0.02103,0.00935,0.01884,0.02293,0.0156,3.17,85.76,0.3148,0.0217,-0.016,0.0,0.0,0,0.0,0.0
2,25,0.5,spawn,0.02102,0.00933,0.01884,0.02292,0.0156,3.17,85.78,0.3148,0.0217,-0.016,0.0,0.0,0,0.0,0.0
3,25,0.5,spawn,0.02099,0.00932,0.01881,0.02289,0.0156,3.17,85.78,0.3148,0.0217,-0.015,0.0,0.0,0,0.0,0.0
0,26,0.52,spawn,0.01851,0.00327,0.01821,0.02017,0.0162,3.5,85.78,0.3146,0.0223,0.038,0.0,0.0,0,0.0,0.0
1,26,0.52,spawn,0.01852,0.00328,0.01823,0.02018,0.0162,3.5,85.75,0.3146,0.0223,0.038,0.0,0.0,0,0.0,0.0
2,26,0.52,spawn,0.01852,0.00328,0.01822,0.02018,0.0162,3.5,85.77,0.3146,0.0223,0.038,0.0,0.0,0,0.0,0.0
3,26,0.52,spawn,0.01848,0.00326,0.01819,0.02015,0.0162,3.5,85.76,0.3146,0.0223,0.039,0.0,0.0,0,0.0,0.0
0,27,0.54,spawn,0.01777,0.00698,0.01634,0.01936,0.0168,3.01,85.93,0.3145,0.0228,0.025,0.0,0.0,0,0.0,0.0
1,27,0.54,spawn,0.01778,0.00699,0.01635,0.01937,0.0168,3.01,85.9,0.3145,0.0228,0.025,0.0,0.0,0,0.0,0.0
2,27,0.54,spawn,0.01778,0.00698,0.01635,0.01937,0.0168,3.01,85.91,0.3145,0.0228,0.024,0.0,0.0,0,0.0,0.0
3,27,0.54,spawn,0.01775,0.00697,0.01632,0.01934,0.0168,3.01,85.91,0.3145,0.0228,0.025,0.0,0.0,0,0.0,0.0
0,28,0.56,spawn,0.01734,0.0054,0.01647,0.01871,0.0174,2.71,83.7,0.3145,0.0233,0.08,0.0,0.0,0,0.0,0.0
1,28,0.56,spawn,0.01733,0.00541,0.01646,0.01869,0.0174,2.71,83.67,0.3145,0.0233,0.079,0.0,0.0,0,0.0,0.0
2,28,0.56,spawn,0.01733,0.0054,0.01647,0.0187,0.0174,2.71,83.68,0.3145,0.0233,0.079,0.0,0.0,0,0.0,0.0
3,28,0.56,spawn,0.01731,0.00538,0.01645,0.01868,0.0174,2.71,83.68,0.3145,0.0233,0.08,0.0,0.0,0,0.0,0.0
0,29,0.58,spawn,0.01871,0.00852,0.01666,0.02109,0.018,1.85,83.78,0.3145,0.0238,0.102,0.0,0.0,0,0.0,0.0
1,29,0.58,spawn,0.01871,0.00856,0.01664,0.02109,0.018,1.85,83.68,0.3145,0.0237,0.101,0.0,0.0,0,0.0,0.0
2,29,0.58,spawn,0.01871,0.00854,0.01665,0.02109,0.018,1.85,83.73,0.3145,0.0238,0.101,0.0,0.0,0,0.0,0.0
3,29,0.58,spawn,0.01869,0.00849,0.01664,0.02107,0.018,1.85,83.74,0.3145,0.0237,0.102,0.0,0.0,0,0.0,0.0
0,30,0.6,spawn,0.01783,0.00545,0.01698,0.02075,0.0186,1.42,84.66,0.3145,0.0242,0.172,0.0,0.0,0,0.0,0.0
1,30,0.6,spawn,0.01786,0.00552,0.01699,0.02078,0.0186,1.39,84.19,0.3145,0.0242,0.17,0.0,0.0,0,0.0,0.0
2,30,0.6,spawn,0.01784,0.00549,0.01697,0.02076,0.0186,1.41,84.39,0.3145,0.0242,0.17,0.0,0.0,0,0.0,0.0
3,30,0.6,spawn,0.01782,0.00543,0.01697,0.02074,0.0186,1.41,84.4,0.3145,0.0242,0.172,0.0,0.0,0,0.0,0.0
0,31,0.62,spawn,0.01628,0.00528,0.0154,0.02018,0.0192,0.67,85.18,0.3144,0.0245,0.203,0.0,0.0,0,0.0,0.0
1,31,0.62,spawn,0.01595,0.00499,0.01514,0.01997,0.0192,0.61,84.25,0.3145,0.0244,0.21,0.0,0.0,0,0.0,0.0
2,31,0.62,spawn,0.01618,0.00499,0.01539,0.01999,0.0192,0.72,85.03,0.3144,0.0245,0.205,0.0,0.0,0,0.0,0.0
3,31,0.62,spawn,0.01616,0.00502,0.01536,0.01998,0.0192,0.72,85.4,0.3144,0.0245,0.205,0.0,0.0,0,0.0,0.0
0,32,0.64,spawn,0.01545,0.00738,0.01357,0.02085,0.0198,-0.22,85.36,0.3144,0.0247,0.214,0.0,0.0,0,0.0,0.0
1,32,0.64,spawn,0.01383,0.00567,0.01261,0.01946,0.0198,-0.22,84.66,0.3144,0.0246,0.249,0.0,0.0,0,0.0,0.0
2,32,0.64,spawn,0.015,0.00742,0.01304,0.02054,0.0198,-0.26,85.41,0.3144,0.0247,0.213,0.0,0.0,0,0.0,0.0
3,32,0.64,spawn,0.01517,0.00744,0.01322,0.02069,0.0198,-0.27,85.65,0.3144,0.0247,0.215,0.0,0.0,0,0.0,0.0
0,33,0.66,spawn,0.01583,0.00826,0.0135,0.02254,0.0204,-0.91,85.42,0.3143,0.025,0.277,0.0,0.0,0,0.0,0.0
1,33,0.66,spawn,0.0137,0.00775,0.01129,0.02042,0.0204,-0.87,84.96,0.3142,0.0248,0.314,0.0,0.0,0,0.0,0.0
2,33,0.66,spawn,0.01522,0.00817,0.01283,0.02205,0.0204,-0.92,85.49,0.3143,0.0249,0.275,0.0,0.0,0,0.0,0.0
3,33,0.66,spawn,0.01553,0.00837,0.01308,0.02236,0.0204,-0.95,85.73,0.3143,0.0249,0.277,0.0,0.0,0,0.0,0.0
0,34,0.68,spawn,0.01858,0.01312,0.01315,0.02648,0.021,-1.95,83.06,0.3143,0.0252,0.328,0.0,0.0,0,0.0,0.0
1,34,0.68,spawn,0.01613,0.01262,0.01005,0.02355,0.021,-1.59,85.2,0.314,0.025,0.381,0.0,0.0,0,0.0,0.0
2,34,0.68,spawn,0.01828,0.01326,0.01259,0.02625,0.021,-1.97,83.11,0.3143,0.0252,0.325,0.0,0.0,0,0.0,0.0
3,34,0.68,spawn,0.0185,0.01338,0.01278,0.02648,0.021,-1.99,83.35,0.3143,0.0252,0.328,0.0,0.0,0,0.0,0.0
0,35,0.7,spawn,0.02095,0.01773,0.01115,0.02944,0.0216,-2.74,81.51,0.3142,0.0254,0.385,0.0,0.0,0,0.0,0.0
1,35,0.7,spawn,0.0195,0.01777,0.00801,0.02733,0.0216,-2.3,85.31,0.3138,0.0251,0.447,0.0,0.0,0,0.0,0.0
2,35,0.7,spawn,0.02108,0.01813,0.01074,0.02958,0.0216,-2.82,80.81,0.3142,0.0254,0.38,0.0,0.0,0,0.0,0.0
3,35,0.7,spawn,0.02116,0.01816,0.01087,0.02968,0.0216,-2.82,81.07,0.3142,0.0254,0.385,0.0,0.0,0,0.0,0.0
0,36,0.72,spawn,0.02318,0.02165,0.00829,0.03238,0.0222,-3.58,81.62,0.314,0.0255,0.436,0.0,0.0,0,0.0,0.0
1,36,0.72,spawn,0.02338,0.02271,0.00555,0.03164,0.0222,-3.09,85.29,0.3135,0.0252,0.507,0.0,0.0,0,0.0,0.0
2,36,0.72,spawn,0.02363,0.02227,0.00791,0.03273,0.0222,-3.63,80.93,0.314,0.0255,0.435,0.0,0.0,0,0.0,0.0
3,36,0.72,spawn,0.0236,0.0222,0.00802,0.03268,0.0222,-3.63,80.73,0.314,0.0255,0.44,0.0,0.0,0,0.0,0.0
0,37,0.74,spawn,0.02745,0.02682,0.00587,0.0372,0.0228,-4.48,82.2,0.3138,0.0257,0.497,0.0,0.0,0,0.0,0.0
1,37,0.74,spawn,0.0287,0.02848,0.00355,0.03731,0.0228,-3.87,85.26,0.3132,0.0252,0.572,0.0,0.0,0,0.0,0.0
2,37,0.74,spawn,0.02779,0.02726,0.00539,0.03744,0.0228,-4.56,81.09,0.3138,0.0256,0.496,0.0,0.0,0,0.0,0.0
3,37,0.74,spawn,0.02733,0.02684,0.00517,0.03665,0.0228,-4.35,80.96,0.3138,0.0256,0.512,0.0,0.0,0,0.0,0.0
0,38,0.76,spawn,0.03374,0.03346,0.00428,0.0438,0.0234,-5.39,82.12,0.3137,0.0258,0.571,0.0,0.0,0,0.0,0.0
1,38,0.76,spawn,0.035,0.03496,0.00182,0.04392,0.0234,-4.55,85.31,0.3128,0.0252,0.644,0.0,0.0,0,0.0,0.0
2,38,0.76,spawn,0.03393,0.03372,0.00378,0.04388,0.0234,-5.45,81.38,0.3136,0.0257,0.572,0.0,0.0,0,0.0,0.0
3,38,0.76,spawn,0.03264,0.03251,0.00296,0.04205,0.0234,-4.94,82.39,0.3135,0.0257,0.599,0.0,0.0,0,0.0,0.0
0,39,0.78,spawn,0.04009,0.04,0.00264,0.05031,0.024,-5.97,82.99,0.3134,0.026,0.658,0.0,0.0,0,0.0,0.0
1,39,0.78,spawn,0.0411,0.0411,-3e-05,0.05049,0.024,-5.05,84.5,0.3125,0.0252,0.719,0.0,0.0,0,0.0,0.0
2,39,0.78,spawn,0.04026,0.0402,0.00219,0.05051,0.024,-6.01,83.16,0.3134,0.0259,0.66,0.0,0.0,0,0.0,0.0
3,39,0.78,spawn,0.03848,0.03847,0.00107,0.04823,0.024,-5.44,84.1,0.3132,0.0258,0.689,0.0,0.0,0,0.0,0.0
0,40,0.8,spawn,0.04494,0.04494,0.00022,0.05545,0.0246,-6.19,83.81,0.3132,0.0261,0.749,0.0,0.0,0,0.0,0.0
1,40,0.8,spawn,0.04617,0.04613,-0.00204,0.05595,0.0246,-5.61,83.47,0.3122,0.0251,0.79,0.0,0.0,0,0.0,0.0
2,40,0.8,spawn,0.04508,0.04508,-0.00017,0.05556,0.0246,-6.19,83.8,0.3131,0.026,0.752,0.0,0.0,0,0.0,0.0
3,40,0.8,spawn,0.04362,0.04361,-0.00107,0.05359,0.0246,-5.83,84.17,0.3129,0.0259,0.774,0.0,0.0,0,0.0,0.0
0,41,0.82,spawn,0.04872,0.04867,-0.00216,0.05971,0.0252,-6.4,82.79,0.313,0.0262,0.834,0.0,0.0,0,0.0,0.0
1,41,0.82,spawn,0.05101,0.05083,-0.00436,0.06141,0.0252,-5.95,80.86,0.3119,0.025,0.87,0.0,0.0,0,0.0,0.0
2,41,0.82,spawn,0.04853,0.04846,-0.00271,0.05924,0.0252,-6.35,83.25,0.3129,0.026,0.842,0.0,0.0,0,0.0,0.0
3,41,0.82,spawn,0.04813,0.04801,-0.00345,0.05853,0.0252,-6.1,82.94,0.3126,0.0258,0.86,0.0,0.0,0,0.0,0.0
0,42,0.84,spawn,0.0525,0.05233,-0.00427,0.06392,0.0258,-6.49,80.54,0.3127,0.0262,0.926,0.0,0.0,0,0.0,0.0
1,42,0.84,spawn,0.05514,0.05476,-0.00646,0.06598,0.0258,-6.31,79.27,0.3116,0.0249,0.949,0.0,0.0,0,0.0,0.0
2,42,0.84,spawn,0.05222,0.05198,-0.00501,0.06346,0.0258,-6.42,80.75,0.3126,0.0261,0.941,0.0,0.0,0,0.0,0.0
3,42,0.84,spawn,0.05229,0.052,-0.00548,0.06304,0.0258,-6.37,81.35,0.3123,0.0258,0.945,0.0,0.0,0,0.0,0.0
0,43,0.86,spawn,0.05627,0.05595,-0.00604,0.06802,0.0264,-6.48,78.18,0.3125,0.0263,1.022,0.0,0.0,0,0.0,0.0
1,43,0.86,spawn,0.05977,0.05919,-0.00833,0.07133,0.0264,-6.39,75.39,0.3114,0.0248,1.04,0.0,0.0,0,0.0,0.0
2,43,0.86,spawn,0.05616,0.0558,-0.0064,0.06804,0.0264,-6.62,78.01,0.3123,0.0261,1.031,0.0,0.0,0,0.0,0.0
3,43,0.86,spawn,0.05684,0.05639,-0.00719,0.06805,0.0264,-6.4,78.56,0.312,0.0258,1.038,0.0,0.0,0,0.0,0.0
0,44,0.88,spawn,0.05988,0.05935,-0.00795,0.07224,0.027,-6.43,74.26,0.3123,0.0263,1.119,0.0,0.0,0,0.0,0.0
1,44,0.88,spawn,0.06376,0.06301,-0.00973,0.07609,0.027,-6.6,72.25,0.3112,0.0247,1.123,0.0,0.0,0,0.0,0.0
2,44,0.88,spawn,0.06017,0.05961,-0.00819,0.0727,0.027,-6.61,73.96,0.3121,0.0261,1.125,0.0,0.0,0,0.0,0.0
3,44,0.88,spawn,0.06079,0.06016,-0.00873,0.07251,0.027,-6.48,75.83,0.3117,0.0257,1.129,0.0,0.0,0,0.0,0.0
0,45,0.9,spawn,0.06227,0.06152,-0.00962,0.07559,0.0276,-6.62,70.38,0.312,0.0263,1.19,0.0,0.0,0,0.0,0.0
1,45,0.9,spawn,0.06737,0.06638,-0.01153,0.08035,0.0276,-6.62,68.88,0.311,0.0247,1.207,0.0,0.0,0,0.0,0.0
2,45,0.9,spawn,0.06331,0.06246,-0.01035,0.07655,0.0276,-6.63,69.96,0.3119,0.026,1.21,0.0,0.0,0,0.0,0.0
3,45,0.9,spawn,0.06443,0.06357,-0.01054,0.07688,0.0276,-6.54,71.87,0.3115,0.0256,1.221,0.0,0.0,0,0.0,0.0
0,46,0.92,spawn,0.06581,0.06491,-0.01087,0.07975,0.0282,-6.68,67.34,0.3118,0.0263,1.27,0.0,0.0,0,0.0,0.0
1,46,0.92,spawn,0.07029,0.06897,-0.01352,0.08368,0.0282,-6.53,66.59,0.3109,0.0246,1.291,0.0,0.0,0,0.0,0.0
2,46,0.92,spawn,0.06557,0.06449,-0.01187,0.07972,0.0282,-6.71,66.13,0.3117,0.026,1.272,0.0,0.0,0,0.0,0.0
3,46,0.92,spawn,0.0672,0.06615,-0.0118,0.0805,0.0282,-6.75,68.77,0.3113,0.0256,1.292,0.0,0.0,0,0.0,0.0
0,47,0.94,spawn,0.06915,0.06801,-0.0125,0.08342,0.0288,-6.48,64.74,0.3116,0.0263,1.357,0.0,0.0,0,0.0,0.0
1,47,0.94,spawn,0.07306,0.07151,-0.01498,0.08702,0.0288,-6.37,63.5,0.3107,0.0246,1.376,0.0,0.0,0,0.0,0.0
2,47,0.94,spawn,0.06952,0.06835,-0.01272,0.08407,0.0288,-6.52,63.4,0.3114,0.026,1.356,0.0,0.0,0,0.0,0.0
3,47,0.94,spawn,0.07117,0.06999,-0.01288,0.08475,0.0288,-6.63,66.91,0.311,0.0256,1.38,0.0,0.0,0,0.0,0.0
0,48,0.96,spawn,0.07158,0.0702,-0.01401,0.08612,0.0294,-6.17,62.71,0.3114,0.0263,1.436,0.0,0.0,0,0.0,0.0
1,48,0.96,spawn,0.07596,0.07431,-0.01573,0.09017,0.0294,-6.21,62.45,0.3106,0.0247,1.461,0.0,0.0,0,0.0,0.0
2,48,0.96,spawn,0.0733,0.07202,-0.01364,0.0881,0.0294,-6.06,60.59,0.3112,0.026,1.444,0.0,0.0,0,0.0,0.0
3,48,0.96,spawn,0.07486,0.07344,-0.0145,0.089,0.0294,-6.26,62.79,0.3108,0.0256,1.477,0.0,0.0,0,0.0,0.0
0,49,0.98,stand,0.07331,0.06958,-0.02309,0.08817,0.03,-6.01,61.74,0.3112,0.0263,1.502,0.0,0.0,0,0.0,0.0
1,49,0.98,stand,0.07821,0.07748,-0.01068,0.09312,0.03,-6.03,59.52,0.3105,0.0248,1.538,0.0,0.0,0,0.0,0.0
2,49,0.98,stand,0.07489,0.07369,-0.01331,0.08999,0.03,-5.77,59.43,0.3109,0.026,1.501,0.0,0.0,0,0.0,0.0
3,49,0.98,stand,0.07618,0.07294,-0.02197,0.09094,0.03,-6.12,60.47,0.3106,0.0257,1.534,0.0,0.0,0,0.0,0.0
0,50,1.0,stand,0.07593,0.07231,-0.02317,0.09141,0.03,-5.88,60.37,0.311,0.0263,1.573,0.0,0.0,0,0.0,0.0
1,50,1.0,stand,0.07968,0.07896,-0.01066,0.09521,0.03,-5.96,58.9,0.3103,0.025,1.6,0.0,0.0,0,0.0,0.0
2,50,1.0,stand,0.07644,0.07533,-0.01297,0.09219,0.03,-5.72,59.04,0.3107,0.0261,1.552,0.0,0.0,0,0.0,0.0
3,50,1.0,stand,0.07958,0.07653,-0.02182,0.09481,0.03,-6.03,59.85,0.3104,0.0258,1.606,0.0,0.0,0,0.0,0.0
0,51,1.02,stand,0.07841,0.0748,-0.02352,0.09448,0.03,-5.59,58.75,0.3108,0.0264,1.646,0.0,0.0,0,0.0,0.0
1,51,1.02,stand,0.08264,0.08198,-0.01046,0.09851,0.03,-5.62,58.35,0.3102,0.0251,1.684,0.0,0.0,0,0.0,0.0
2,51,1.02,stand,0.07949,0.07847,-0.01271,0.09555,0.03,-5.43,58.89,0.3104,0.0261,1.636,0.0,0.0,0,0.0,0.0
3,51,1.02,stand,0.08342,0.0803,-0.02257,0.09879,0.03,-5.58,59.4,0.3101,0.0259,1.699,0.0,0.0,0,0.0,0.0
0,52,1.04,stand,0.0787,0.07516,-0.02335,0.09545,0.03,-5.43,58.12,0.3106,0.0264,1.69,0.0,0.0,0,0.0,0.0
1,52,1.04,stand,0.0831,0.08243,-0.01055,0.0996,0.03,-5.31,57.35,0.3101,0.0252,1.743,0.0,0.0,0,0.0,0.0
2,52,1.04,stand,0.08014,0.07913,-0.01269,0.09663,0.03,-5.1,58.76,0.3102,0.0261,1.698,0.0,0.0,0,0.0,0.0
3,52,1.04,stand,0.08358,0.08035,-0.02304,0.09947,0.03,-5.3,59.14,0.3099,0.026,1.746,0.0,0.0,0,0.0,0.0
0,53,1.06,stand,0.08012,0.07679,-0.02286,0.09727,0.03,-5.14,58.04,0.3104,0.0263,1.751,0.0,0.0,0,0.0,0.0
1,53,1.06,stand,0.08371,0.08315,-0.0097,0.10073,0.03,-5.07,57.2,0.3099,0.0254,1.8,0.0,0.0,0,0.0,0.0
2,53,1.06,stand,0.08001,0.07909,-0.01213,0.09704,0.03,-4.87,58.93,0.3099,0.0261,1.748,0.0,0.0,0,0.0,0.0
3,53,1.06,stand,0.08416,0.08109,-0.02252,0.10055,0.03,-5.15,59.43,0.3097,0.0261,1.799,0.0,0.0,0,0.0,0.0
0,54,1.08,stand,0.08021,0.07705,-0.02226,0.09776,0.03,-4.79,58.15,0.3102,0.0263,1.807,0.0,0.0,0,0.0,0.0
1,54,1.08,stand,0.08444,0.08399,-0.00877,0.10183,0.03,-4.69,57.19,0.3098,0.0255,1.866,0.0,0.0,0,0.0,0.0
2,54,1.08,stand,0.08034,0.07955,-0.01129,0.09763,0.03,-4.51,59.55,0.3097,0.0262,1.813,0.0,0.0,0,0.0,0.0
3,54,1.08,stand,0.08616,0.08324,-0.02222,0.10266,0.03,-4.69,59.77,0.3095,0.0262,1.888,0.0,0.0,0,0.0,0.0
0,55,1.1,stand,0.07902,0.07617,-0.02104,0.09706,0.03,-4.56,58.7,0.3101,0.0262,1.846,0.0,0.0,0,0.0,0.0
1,55,1.1,stand,0.08269,0.08231,-0.00794,0.10072,0.03,-4.54,57.43,0.3098,0.0256,1.903,0.0,0.0,0,0.0,0.0
2,55,1.1,stand,0.07956,0.07889,-0.01029,0.09719,0.03,-4.08,59.88,0.3095,0.0262,1.871,0.0,0.0,0,0.0,0.0
3,55,1.1,stand,0.08465,0.08188,-0.02148,0.10175,0.03,-4.42,59.81,0.3093,0.0264,1.935,0.0,0.0,0,0.0,0.0
0,56,1.12,stand,0.0794,0.07698,-0.01948,0.09726,0.03,-4.11,60.93,0.31,0.0261,1.908,0.0,0.0,0,0.0,0.0
1,56,1.12,stand,0.0817,0.08147,-0.00615,0.10014,0.03,-4.22,58.14,0.3097,0.0257,1.95,0.0,0.0,0,0.0,0.0
2,56,1.12,stand,0.07777,0.07729,-0.00857,0.0958,0.03,-3.74,60.71,0.3094,0.0262,1.916,0.0,0.0,0,0.0,0.0
3,56,1.12,stand,0.0843,0.08191,-0.01993,0.10186,0.03,-4.13,60.1,0.3092,0.0265,1.988,0.0,0.0,0,0.0,0.0
0,57,1.14,stand,0.07844,0.07647,-0.01744,0.0959,0.03,-3.74,64.23,0.31,0.0261,1.958,0.0,0.0,0,0.0,0.0
1,57,1.14,stand,0.08111,0.08101,-0.00403,0.09975,0.03,-3.8,59.14,0.3097,0.0258,2.011,0.0,0.0,0,0.0,0.0
2,57,1.14,stand,0.07724,0.07699,-0.00623,0.09518,0.03,-3.2,62.23,0.3094,0.0263,1.982,0.0,0.0,0,0.0,0.0
3,57,1.14,stand,0.08492,0.08288,-0.01851,0.10256,0.03,-3.52,60.28,0.309,0.0267,2.065,0.0,0.0,0,0.0,0.0
0,58,1.16,stand,0.0755,0.07401,-0.01492,0.09296,0.03,-3.7,67.59,0.31,0.026,1.986,0.0,0.0,0,0.0,0.0
1,58,1.16,stand,0.0786,0.07859,-0.00173,0.09664,0.03,-3.55,63.83,0.3097,0.0259,2.054,0.0,0.0,0,0.0,0.0
2,58,1.16,stand,0.07398,0.07388,-0.00393,0.09245,0.03,-2.98,63.08,0.3093,0.0263,2.023,0.0,0.0,0,0.0,0.0
3,58,1.16,stand,0.08197,0.08029,-0.01653,0.1002,0.03,-3.27,60.53,0.309,0.0268,2.102,0.0,0.0,0,0.0,0.0
0,59,1.18,stand,0.07314,0.07215,-0.01203,0.09089,0.03,-3.5,69.62,0.31,0.0259,2.03,0.0,0.0,0,0.0,0.0
1,59,1.18,stand,0.07509,0.07509,0.00019,0.09286,0.03,-3.51,68.01,0.3098,0.0259,2.087,0.0,0.0,0,0.0,0.0
2,59,1.18,stand,0.07114,0.07113,-0.00118,0.08957,0.03,-2.56,65.44,0.3094,0.0263,2.076,0.0,0.0,0,0.0,0.0
3,59,1.18,stand,0.07894,0.07774,-0.0137,0.09777,0.03,-3.15,61.02,0.309,0.0269,2.135,0.0,0.0,0,0.0,0.0
0,60,1.2,stand,0.07123,0.0707,-0.00868,0.08835,0.03,-3.26,73.65,0.3101,0.0258,2.089,0.0,0.0,0,0.0,0.0
1,60,1.2,stand,0.07217,0.07212,0.00269,0.08974,0.03,-3.39,71.71,0.3099,0.026,2.133,0.0,0.0,0,0.0,0.0
2,60,1.2,stand,0.06884,0.06881,0.00215,0.08658,0.03,-2.36,69.55,0.3094,0.0263,2.137,0.0,0.0,0,0.0,0.0
3,60,1.2,stand,0.07675,0.07601,-0.01068,0.09566,0.03,-2.65,62.59,0.309,0.027,2.185,0.0,0.0,0,0.0,0.0
0,61,1.22,stand,0.06741,0.06718,-0.00555,0.08498,0.03,-3.12,75.39,0.3101,0.0257,2.126,0.0,0.0,0,0.0,0.0
1,61,1.22,stand,0.06878,0.06857,0.00533,0.08715,0.03,-3.38,72.81,0.31,0.026,2.172,0.0,0.0,0,0.0,0.0
2,61,1.22,stand,0.06559,0.06539,0.0051,0.08393,0.03,-2.49,71.0,0.3096,0.0263,2.176,0.0,0.0,0,0.0,0.0
3,61,1.22,stand,0.07258,0.07221,-0.00734,0.09197,0.03,-2.7,63.6,0.3091,0.0271,2.223,0.0,0.0,0,0.0,0.0
0,62,1.24,stand,0.06401,0.06397,-0.0022,0.08094,0.03,-2.93,79.26,0.3103,0.0257,2.171,0.0,0.0,0,0.0,0.0
1,62,1.24,stand,0.06632,0.0658,0.00833,0.08394,0.03,-3.12,76.87,0.3101,0.026,2.224,0.0,0.0,0,0.0,0.0
2,62,1.24,stand,0.063,0.06248,0.00807,0.08112,0.03,-2.35,73.79,0.3098,0.0262,2.221,0.0,0.0,0,0.0,0.0
3,62,1.24,stand,0.07,0.06983,-0.00484,0.08957,0.03,-2.46,63.83,0.3092,0.0271,2.282,0.0,0.0,0,0.0,0.0
0,63,1.26,stand,0.05985,0.05984,0.00125,0.07752,0.03,-2.93,80.55,0.3105,0.0257,2.206,0.0,0.0,0,0.0,0.0
1,63,1.26,stand,0.06218,0.06136,0.01008,0.07957,0.03,-3.18,80.35,0.3103,0.026,2.254,0.0,0.0,0,0.0,0.0
2,63,1.26,stand,0.0597,0.05879,0.0104,0.07752,0.03,-2.28,77.08,0.31,0.0262,2.256,0.0,0.0,0,0.0,0.0
3,63,1.26,stand,0.06743,0.06737,-0.00288,0.08779,0.03,-2.64,63.7,0.3094,0.0271,2.323,0.0,0.0,0,0.0,0.0
0,64,1.28,stand,0.0562,0.05601,0.0047,0.07369,0.03,-2.9,83.87,0.3107,0.0257,2.243,0.0,0.0,0,0.0,0.0
1,64,1.28,stand,0.05754,0.05636,0.01162,0.07496,0.03,-3.26,83.23,0.3105,0.026,2.28,0.0,0.0,0,0.0,0.0
2,64,1.28,stand,0.05606,0.05465,0.0125,0.07364,0.03,-2.33,80.34,0.3103,0.0261,2.286,0.0,0.0,0,0.0,0.0
3,64,1.28,stand,0.0656,0.0656,-0.00082,0.08656,0.03,-2.4,63.17,0.3097,0.0271,2.359,0.0,0.0,0,0.0,0.0
0,65,1.3,stand,0.05217,0.05162,0.00755,0.06982,0.03,-2.57,86.09,0.3109,0.0257,2.276,0.0,0.0,0,0.0,0.0
1,65,1.3,stand,0.05356,0.05179,0.01364,0.07103,0.03,-3.34,85.82,0.3108,0.0261,2.306,0.0,0.0,0,0.0,0.0
2,65,1.3,stand,0.05237,0.05027,0.01467,0.07015,0.03,-2.31,82.55,0.3106,0.026,2.309,0.0,0.0,0,0.0,0.0
3,65,1.3,stand,0.06429,0.06428,0.00137,0.08504,0.03,-1.83,63.45,0.3101,0.027,2.4,0.0,0.0,0,0.0,0.0
0,66,1.32,stand,0.04806,0.04691,0.01049,0.06482,0.03,-2.44,86.96,0.3112,0.0258,2.304,0.0,0.0,0,0.0,0.0
1,66,1.32,stand,0.04986,0.04736,0.01561,0.06811,0.03,-3.18,86.68,0.3111,0.0261,2.33,0.0,0.0,0,0.0,0.0
2,66,1.32,stand,0.04915,0.04619,0.01679,0.06666,0.03,-2.27,85.81,0.3109,0.026,2.328,0.0,0.0,0,0.0,0.0
3,66,1.32,stand,0.06028,0.06016,0.00369,0.08102,0.03,-1.78,64.64,0.3105,0.027,2.407,0.0,0.0,0,0.0,0.0
0,67,1.34,stand,0.04363,0.04158,0.0132,0.0608,0.03,-2.57,84.25,0.3115,0.0258,2.317,0.0,0.0,0,0.0,0.0
1,67,1.34,stand,0.04611,0.04273,0.01734,0.06409,0.03,-2.86,86.07,0.3114,0.0262,2.354,0.0,0.0,0,0.0,0.0
2,67,1.34,stand,0.04548,0.04157,0.01845,0.063,0.03,-2.09,87.76,0.3113,0.026,2.341,0.0,0.0,0,0.0,0.0
3,67,1.34,stand,0.05655,0.05622,0.00604,0.07711,0.03,-1.41,66.26,0.3109,0.0269,2.417,0.0,0.0,0,0.0,0.0
0,68,1.36,stand,0.03955,0.03635,0.01557,0.05727,0.03,-2.59,81.53,0.3118,0.0259,2.32,0.0,0.0,0,0.0,0.0
1,68,1.36,stand,0.04128,0.03696,0.0184,0.05917,0.03,-2.68,82.97,0.3117,0.0263,2.366,0.0,0.0,0,0.0,0.0
2,68,1.36,stand,0.04133,0.03631,0.01973,0.05868,0.03,-1.97,86.75,0.3116,0.026,2.345,0.0,0.0,0,0.0,0.0
3,68,1.36,stand,0.05367,0.05288,0.00915,0.07259,0.03,-1.37,71.62,0.3114,0.0267,2.427,0.0,0.0,0,0.0,0.0
0,69,1.38,stand,0.03584,0.03123,0.01759,0.05379,0.03,-2.34,78.44,0.3121,0.0261,2.315,0.0,0.0,0,0.0,0.0
1,69,1.38,stand,0.03662,0.03104,0.01943,0.05469,0.03,-2.4,79.9,0.312,0.0264,2.372,0.0,0.0,0,0.0,0.0
2,69,1.38,stand,0.03692,0.0305,0.0208,0.05497,0.03,-1.73,85.92,0.3119,0.0261,2.343,0.0,0.0,0,0.0,0.0
3,69,1.38,stand,0.05051,0.04915,0.01166,0.06782,0.03,-1.41,77.0,0.3119,0.0266,2.435,0.0,0.0,0,0.0,0.0
0,70,1.4,stand,0.03222,0.02578,0.01933,0.05038,0.03,-2.0,75.29,0.3124,0.0262,2.301,0.0,0.0,0,0.0,0.0
1,70,1.4,stand,0.03302,0.02571,0.02072,0.05145,0.03,-2.32,76.09,0.3123,0.0266,2.366,0.0,0.0,0,0.0,0.0
2,70,1.4,stand,0.03354,0.02513,0.02221,0.05193,0.03,-1.3,84.95,0.3123,0.0262,2.335,0.0,0.0,0,0.0,0.0
3,70,1.4,stand,0.04587,0.04384,0.01352,0.06181,0.03,-1.65,82.35,0.3123,0.0265,2.433,0.0,0.0,0,0.0,0.0
0,71,1.42,stand,0.02866,0.01982,0.02071,0.04684,0.03,-1.38,72.67,0.3128,0.0264,2.281,0.0,0.0,0,0.0,0.0
1,71,1.42,stand,0.02997,0.02056,0.02181,0.04906,0.03,-1.89,74.25,0.3126,0.0268,2.352,0.0,0.0,0,0.0,0.0
2,71,1.42,stand,0.03086,0.01998,0.02353,0.04886,0.03,-0.82,81.83,0.3126,0.0264,2.318,0.0,0.0,0,0.0,0.0
3,71,1.42,stand,0.04054,0.0375,0.01542,0.05575,0.03,-2.13,87.01,0.3127,0.0265,2.422,0.0,0.0,0,0.0,0.0
0,72,1.44,stand,0.02572,0.01339,0.02196,0.04364,0.03,-0.77,69.54,0.3131,0.0266,2.249,0.0,0.0,0,0.0,0.0
1,72,1.44,stand,0.02697,0.01515,0.02231,0.04605,0.03,-1.41,70.88,0.3129,0.027,2.325,0.0,0.0,0,0.0,0.0
2,72,1.44,stand,0.028,0.01412,0.02418,0.04475,0.03,-0.37,77.01,0.313,0.0266,2.294,0.0,0.0,0,0.0,0.0
3,72,1.44,stand,0.03595,0.03163,0.01708,0.05196,0.03,-2.51,87.02,0.3131,0.0264,2.4,0.0,0.0,0,0.0,0.0
0,73,1.46,stand,0.02433,0.00704,0.02329,0.04139,0.03,0.12,68.02,0.3134,0.0268,2.207,0.0,0.0,0,0.0,0.0
1,73,1.46,stand,0.02425,0.00924,0.02242,0.0428,0.03,-0.7,67.75,0.3132,0.0272,2.285,0.0,0.0,0,0.0,0.0
2,73,1.46,stand,0.02521,0.00705,0.0242,0.04066,0.03,0.32,73.45,0.3132,0.0268,2.26,0.0,0.0,0,0.0,0.0
3,73,1.46,stand,0.033,0.02738,0.01843,0.04951,0.03,-2.12,86.29,0.3135,0.0264,2.385,0.0,0.0,0,0.0,0.0
0,74,1.48,stand,0.02451,0.00157,0.02446,0.04014,0.03,0.94,67.14,0.3137,0.0271,2.15,0.0,0.0,0,0.0,0.0
1,74,1.48,stand,0.02328,0.0051,0.02271,0.04056,0.03,0.1,64.49,0.3134,0.0275,2.233,0.0,0.0,0,0.0,0.0
2,74,1.48,stand,0.02447,0.00078,0.02445,0.03826,0.03,1.2,72.64,0.3136,0.027,2.21,0.0,0.0,0,0.0,0.0
3,74,1.48,stand,0.03067,0.02355,0.01965,0.04554,0.03,-1.55,82.07,0.3138,0.0265,2.374,0.0,0.0,0,0.0,0.0
0,75,1.5,stand,0.02465,0.00237,0.02453,0.04025,0.03,1.25,65.22,0.3141,0.0274,2.075,0.0,0.0,0,0.0,0.0
1,75,1.5,stand,0.0245,0.00727,0.0234,0.03994,0.03,1.0,62.64,0.3137,0.0278,2.166,0.0,0.0,0,0.0,0.0
2,75,1.5,stand,0.02491,0.0039,0.0246,0.038,0.03,1.68,71.98,0.3139,0.0273,2.154,0.0,0.0,0,0.0,0.0
3,75,1.5,stand,0.02667,0.01729,0.0203,0.04046,0.03,-1.17,77.32,0.3141,0.0266,2.331,0.0,0.0,0,0.0,0.0
0,76,1.52,stand,0.02228,0.0029,0.02209,0.03722,0.03,1.47,63.52,0.3145,0.0277,2.071,0.0,0.0,0,0.0,0.0
1,76,1.52,stand,0.02192,0.00617,0.02103,0.03973,0.03,0.64,61.53,0.3142,0.0279,2.127,0.0,0.0,0,0.0,0.0
2,76,1.52,stand,0.02282,0.00161,0.02276,0.03834,0.03,1.38,70.11,0.3144,0.0275,2.114,0.0,0.0,0,0.0,0.0
3,76,1.52,stand,0.0238,0.01122,0.02099,0.03658,0.03,-0.68,73.13,0.3144,0.0267,2.281,0.0,0.0,0,0.0,0.0
0,77,1.54,stand,0.02288,0.00674,0.02187,0.03438,0.03,2.14,60.45,0.3148,0.028,2.002,0.0,0.0,0,0.0,0.0
1,77,1.54,stand,0.02173,0.00337,0.02147,0.03598,0.03,1.53,58.97,0.3145,0.0282,2.097,0.0,0.0,0,0.0,0.0
2,77,1.54,stand,0.02247,0.00145,0.02242,0.0361,0.03,1.67,65.67,0.3148,0.0278,2.059,0.0,0.0,0,0.0,0.0
3,77,1.54,stand,0.02301,0.00628,0.02214,0.03479,0.03,0.06,71.93,0.3147,0.0269,2.225,0.0,0.0,0,0.0,0.0
0,78,1.56,stand,0.02011,0.00589,0.01923,0.03437,0.03,1.67,58.23,0.3153,0.0282,1.918,0.0,0.0,0,0.0,0.0
1,78,1.56,stand,0.02189,0.008,0.02037,0.03574,0.03,1.56,55.54,0.3148,0.0284,1.999,0.0,0.0,0,0.0,0.0
2,78,1.56,stand,0.01983,0.00286,0.01962,0.03504,0.03,1.44,61.84,0.3151,0.028,1.975,0.0,0.0,0,0.0,0.0
3,78,1.56,stand,0.02399,0.00517,0.02343,0.03399,0.03,0.82,69.71,0.315,0.0271,2.162,0.0,0.0,0,0.0,0.0
0,79,1.58,stand,0.01854,0.00506,0.01784,0.03355,0.03,1.61,56.65,0.3157,0.0284,1.886,0.0,0.0,0,0.0,0.0
1,79,1.58,stand,0.01799,0.00694,0.0166,0.0361,0.03,0.65,54.28,0.3153,0.0285,1.937,0.0,0.0,0,0.0,0.0
2,79,1.58,stand,0.0168,0.00178,0.01671,0.03351,0.03,1.44,59.47,0.3155,0.0282,1.942,0.0,0.0,0,0.0,0.0
3,79,1.58,stand,0.02309,0.00466,0.02262,0.03391,0.03,0.7,65.58,0.3153,0.0273,2.101,0.0,0.0,0,0.0,0.0
0,80,1.6,stand,0.01824,0.00945,0.0156,0.0297,0.03,1.84,56.86,0.3162,0.0287,1.911,0.0,0.0,0,0.0,0.0
1,80,1.6,stand,0.01591,0.00199,0.01579,0.03212,0.03,0.46,54.25,0.3157,0.0287,1.965,0.0,0.0,0,0.0,0.0
2,80,1.6,stand,0.01798,0.00654,0.01675,0.03045,0.03,1.45,56.02,0.3159,0.0285,1.964,0.0,0.0,0,0.0,0.0
3,80,1.6,stand,0.01995,0.00271,0.01976,0.03421,0.03,0.15,62.4,0.3157,0.0273,2.042,0.0,0.0,0,0.0,0.0
0,81,1.62,stand,0.01933,0.01085,0.016,0.02857,0.03,1.66,55.44,0.3166,0.029,1.873,0.0,0.0,0,0.0,0.0
1,81,1.62,stand,0.01631,0.00355,0.01592,0.03085,0.03,0.28,54.39,0.316,0.029,1.932,0.0,0.0,0,0.0,0.0
2,81,1.62,stand,0.01605,0.00216,0.01591,0.03282,0.03,0.41,55.57,0.3163,0.0287,1.898,0.0,0.0,0,0.0,0.0
3,81,1.62,stand,0.02009,0.0054,0.01935,0.03227,0.03,0.38,58.59,0.316,0.0275,2.001,0.0,0.0,0,0.0,0.0
0,82,1.64,stand,0.01802,0.00854,0.01586,0.03044,0.03,1.28,55.57,0.317,0.0293,1.778,0.0,0.0,0,0.0,0.0
1,82,1.64,stand,0.01619,0.00651,0.01483,0.03224,0.03,0.09,54.55,0.3162,0.0292,1.859,0.0,0.0,0,0.0,0.0
2,82,1.64,stand,0.01616,0.00467,0.01548,0.03056,0.03,0.36,55.73,0.3166,0.029,1.913,0.0,0.0,0,0.0,0.0
3,82,1.64,stand,0.01801,0.00264,0.01782,0.03289,0.03,-0.09,57.87,0.3162,0.0276,1.939,0.0,0.0,0,0.0,0.0
0,83,1.66,stand,0.01542,0.00757,0.01343,0.02864,0.03,0.86,56.65,0.3174,0.0294,1.779,0.0,0.0,0,0.0,0.0
1,83,1.66,stand,0.01632,0.00802,0.01422,0.02936,0.03,0.35,58.04,0.3164,0.0294,1.879,0.0,0.0,0,0.0,0.0
2,83,1.66,stand,0.01418,0.00244,0.01397,0.03175,0.03,0.1,57.54,0.3168,0.0291,1.873,0.0,0.0,0,0.0,0.0
3,83,1.66,stand,0.01738,0.00571,0.01642,0.0322,0.03,-0.56,57.92,0.3165,0.0278,1.941,0.0,0.0,0,0.0,0.0
0,84,1.68,stand,0.01481,0.00649,0.01332,0.02918,0.03,0.23,56.77,0.3177,0.0296,1.748,0.0,0.0,0,0.0,0.0
1,84,1.68,stand,0.01429,0.00872,0.01131,0.03223,0.03,-0.46,60.57,0.3167,0.0295,1.836,0.0,0.0,0,0.0,0.0
2,84,1.68,stand,0.01249,0.00337,0.01203,0.02933,0.03,0.03,60.44,0.3171,0.0292,1.901,0.0,0.0,0,0.0,0.0
3,84,1.68,stand,0.01666,0.0028,0.01642,0.03273,0.03,-0.93,58.22,0.3167,0.0279,1.893,0.0,0.0,0,0.0,0.0
0,85,1.7,stand,0.01512,0.00879,0.0123,0.02646,0.03,0.18,58.73,0.3179,0.0297,1.753,0.0,0.0,0,0.0,0.0
1,85,1.7,stand,0.01367,0.00718,0.01163,0.02849,0.03,-0.18,61.01,0.3168,0.0296,1.847,0.0,0.0,0,0.0,0.0
2,85,1.7,stand,0.01172,0.00375,0.0111,0.02884,0.03,-0.38,61.19,0.3173,0.0294,1.914,0.0,0.0,0,0.0,0.0
3,85,1.7,stand,0.01594,0.00407,0.01541,0.03067,0.03,-0.78,61.09,0.3168,0.0281,1.893,0.0,0.0,0,0.0,0.0
0,86,1.72,stand,0.01162,0.00485,0.01056,0.02864,0.03,-0.62,62.69,0.3182,0.0298,1.713,0.0,0.0,0,0.0,0.0
1,86,1.72,stand,0.01253,0.00652,0.0107,0.02723,0.03,-0.68,61.42,0.3169,0.0298,1.839,0.0,0.0,0,0.0,0.0
2,86,1.72,stand,0.01018,0.00341,0.00959,0.02854,0.03,-0.77,64.7,0.3174,0.0295,1.924,0.0,0.0,0,0.0,0.0
3,86,1.72,stand,0.01452,0.00317,0.01417,0.03183,0.03,-1.12,63.65,0.3168,0.0282,1.848,0.0,0.0,0,0.0,0.0
0,87,1.74,stand,0.01208,0.00727,0.00964,0.02638,0.03,-0.55,65.24,0.3183,0.03,1.729,0.0,0.0,0,0.0,0.0
1,87,1.74,stand,0.0108,0.00562,0.00923,0.02605,0.03,-1.31,62.29,0.3169,0.0299,1.839,0.0,0.0,0,0.0,0.0
2,87,1.74,stand,0.00857,0.00276,0.00811,0.02858,0.03,-1.4,67.17,0.3175,0.0296,1.926,0.0,0.0,0,0.0,0.0
3,87,1.74,stand,0.01401,0.00409,0.0134,0.03025,0.03,-0.82,66.1,0.3169,0.0284,1.844,0.0,0.0,0,0.0,0.0
0,88,1.76,stand,0.01009,0.00446,0.00905,0.02943,0.03,-1.69,65.68,0.3185,0.0302,1.69,0.0,0.0,0,0.0,0.0
1,88,1.76,stand,0.00935,0.00559,0.00749,0.02606,0.03,-2.07,63.85,0.3169,0.03,1.845,0.0,0.0,0,0.0,0.0
2,88,1.76,stand,0.00819,0.00441,0.00691,0.02958,0.03,-2.26,67.81,0.3175,0.0298,1.937,0.0,0.0,0,0.0,0.0
3,88,1.76,stand,0.01393,0.00367,0.01344,0.03096,0.03,-1.03,66.36,0.317,0.0287,1.832,0.0,0.0,0,0.0,0.0
0,89,1.78,stand,0.01242,0.0093,0.00823,0.03063,0.03,-2.13,66.81,0.3186,0.0304,1.707,0.0,0.0,0,0.0,0.0
1,89,1.78,stand,0.00587,0.0017,0.00562,0.02871,0.03,-2.74,64.16,0.3169,0.0301,1.785,0.0,0.0,0,0.0,0.0
2,89,1.78,stand,0.00815,0.00521,0.00627,0.03031,0.03,-2.44,68.08,0.3175,0.03,1.915,0.0,0.0,0,0.0,0.0
3,89,1.78,stand,0.01414,0.00335,0.01374,0.03291,0.03,-1.51,66.3,0.317,0.029,1.81,0.0,0.0,0,0.0,0.0
0,90,1.8,stand,0.01487,0.01312,0.00698,0.03388,0.03,-3.05,67.49,0.3187,0.0306,1.718,0.0,0.0,0,0.0,0.0
1,90,1.8,stand,0.00832,0.00479,0.0068,0.0267,0.03,-2.02,64.12,0.3168,0.0303,1.761,0.0,0.0,0,0.0,0.0
2,90,1.8,stand,0.00792,0.00428,0.00667,0.02934,0.03,-1.93,67.85,0.3175,0.0302,1.882,0.0,0.0,0,0.0,0.0
3,90,1.8,stand,0.01473,0.0058,0.01354,0.03539,0.03,-1.96,66.12,0.3171,0.0292,1.77,0.0,0.0,0,0.0,0.0
0,91,1.82,stand,0.01469,0.01319,0.00647,0.03723,0.03,-3.78,68.26,0.3188,0.0308,1.685,0.0,0.0,0,0.0,0.0
1,91,1.82,stand,0.00911,0.00434,0.00801,0.02731,0.03,-1.71,63.94,0.3167,0.0304,1.715,0.0,0.0,0,0.0,0.0
2,91,1.82,stand,0.01105,0.00715,0.00842,0.02644,0.03,-0.87,67.13,0.3174,0.0304,1.872,0.0,0.0,0,0.0,0.0
3,91,1.82,stand,0.01443,0.00668,0.01279,0.03581,0.03,-2.05,66.37,0.3171,0.0294,1.751,0.0,0.0,0,0.0,0.0
0,92,1.84,stand,0.01405,0.01175,0.00771,0.03776,0.03,-3.16,70.68,0.3188,0.0311,1.663,0.0,0.0,0,0.0,0.0
1,92,1.84,stand,0.01112,0.00518,0.00984,0.02827,0.03,-1.63,63.28,0.3166,0.0306,1.685,0.0,0.0,0,0.0,0.0
2,92,1.84,stand,0.01336,0.00899,0.00989,0.02623,0.03,-0.68,65.83,0.3173,0.0307,1.86,0.0,0.0,0,0.0,0.0
3,92,1.84,stand,0.01446,0.00776,0.01221,0.03645,0.03,-2.14,66.46,0.3171,0.0297,1.727,0.0,0.0,0,0.0,0.0
0,93,1.86,stand,0.01501,0.01128,0.00991,0.03656,0.03,-2.08,71.62,0.3189,0.0315,1.677,0.0,0.0,0,0.0,0.0
1,93,1.86,stand,0.01118,0.00333,0.01067,0.03128,0.03,-2.07,62.98,0.3167,0.0307,1.632,0.0,0.0,0,0.0,0.0
2,93,1.86,stand,0.01144,0.00627,0.00957,0.03052,0.03,-1.89,66.04,0.3174,0.0307,1.82,0.0,0.0,0,0.0,0.0
3,93,1.86,stand,0.01405,0.00703,0.01216,0.03641,0.03,-2.22,66.55,0.3171,0.0299,1.715,0.0,0.0,0,0.0,0.0
0,94,1.88,stand,0.01403,0.00753,0.01184,0.03712,0.03,-1.64,71.85,0.3189,0.0319,1.634,0.0,0.0,0,0.0,0.0
1,94,1.88,stand,0.01191,0.0037,0.01132,0.03328,0.03,-2.42,62.75,0.3167,0.0307,1.598,0.0,0.0,0,0.0,0.0
2,94,1.88,stand,0.01149,0.00633,0.00959,0.03079,0.03,-1.84,66.35,0.3174,0.0308,1.782,0.0,0.0,0,0.0,0.0
3,94,1.88,stand,0.01446,0.00841,0.01177,0.03789,0.03,-2.47,66.78,0.317,0.0301,1.681,0.0,0.0,0,0.0,0.0
0,95,1.9,stand,0.01435,0.00434,0.01368,0.03722,0.03,-1.13,71.67,0.319,0.0323,1.58,0.0,0.0,0,0.0,0.0
1,95,1.9,stand,0.01193,0.0048,0.01093,0.03571,0.03,-2.86,62.62,0.3168,0.0308,1.552,0.0,0.0,0,0.0,0.0
2,95,1.9,stand,0.01144,0.00605,0.00971,0.03146,0.03,-2.0,66.32,0.3175,0.0309,1.744,0.0,0.0,0,0.0,0.0
3,95,1.9,stand,0.01488,0.00916,0.01172,0.03809,0.03,-2.37,66.95,0.3169,0.0303,1.651,0.0,0.0,0,0.0,0.0
0,96,1.92,stand,0.01616,0.00383,0.0157,0.03773,0.03,-0.68,71.33,0.319,0.0327,1.536,0.0,0.0,0,0.0,0.0
1,96,1.92,stand,0.01257,0.00579,0.01115,0.03643,0.03,-3.04,62.78,0.3168,0.0308,1.539,0.0,0.0,0,0.0,0.0
2,96,1.92,stand,0.01185,0.00566,0.01041,0.03477,0.03,-2.5,66.19,0.3176,0.031,1.69,0.0,0.0,0,0.0,0.0
3,96,1.92,stand,0.01479,0.00905,0.01169,0.03815,0.03,-2.41,66.99,0.3169,0.0305,1.63,0.0,0.0,0,0.0,0.0
0,97,1.94,stand,0.01741,0.00267,0.0172,0.03747,0.03,-0.49,71.05,0.3191,0.033,1.526,0.0,0.0,0,0.0,0.0
1,97,1.94,stand,0.0139,0.00817,0.01124,0.03896,0.03,-3.42,62.77,0.3169,0.0309,1.506,0.0,0.0,0,0.0,0.0
2,97,1.94,stand,0.01473,0.0082,0.01223,0.03677,0.03,-2.74,66.35,0.3178,0.0311,1.684,0.0,0.0,0,0.0,0.0
3,97,1.94,stand,0.01531,0.00994,0.01165,0.03937,0.03,-2.6,66.97,0.3168,0.0308,1.599,0.0,0.0,0,0.0,0.0
0,98,1.96,stand,0.01751,0.00214,0.01738,0.03734,0.03,-0.81,70.86,0.3191,0.0333,1.511,0.0,0.0,0,0.0,0.0
1,98,1.96,stand,0.01561,0.00999,0.012,0.0409,0.03,-3.69,62.81,0.3169,0.031,1.483,0.0,0.0,0,0.0,0.0
2,98,1.96,stand,0.01548,0.00954,0.01219,0.03895,0.03,-3.14,66.68,0.3179,0.0312,1.653,0.0,0.0,0,0.0,0.0
3,98,1.96,stand,0.01579,0.0103,0.01197,0.03996,0.03,-2.69,66.87,0.3167,0.031,1.572,0.0,0.0,0,0.0,0.0
0,99,1.98,stand,0.01711,0.00551,0.0162,0.03941,0.03,-1.99,70.61,0.3191,0.0335,1.472,0.0,0.0,0,0.0,0.0
1,99,1.98,stand,0.01638,0.0111,0.01205,0.0422,0.03,-3.71,62.97,0.3169,0.0312,1.446,0.0,0.0,0,0.0,0.0
2,99,1.98,stand,0.01505,0.00912,0.01197,0.03904,0.03,-3.11,67.1,0.3179,0.0313,1.627,0.0,0.0,0,0.0,0.0
3,99,1.98,stand,0.01577,0.01078,0.01151,0.04086,0.03,-2.94,66.87,0.3167,0.0311,1.549,0.0,0.0,0,0.0,0.0
0,100,2.0,stand,0.01608,0.0063,0.01479,0.03834,0.03,-2.19,71.36,0.3191,0.0337,1.484,0.0,0.0,0,0.0,0.0
1,100,2.0,stand,0.01659,0.01153,0.01192,0.0427,0.03,-3.62,63.15,0.3169,0.0313,1.411,0.0,0.0,0,0.0,0.0
2,100,2.0,stand,0.01563,0.01039,0.01167,0.04099,0.03,-3.39,67.35,0.3179,0.0315,1.595,0.0,0.0,0,0.0,0.0
3,100,2.0,stand,0.0156,0.01086,0.01121,0.04132,0.03,-3.13,66.83,0.3166,0.0313,1.526,0.0,0.0,0,0.0,0.0
0,101,2.02,stand,0.01613,0.00948,0.01305,0.04032,0.03,-3.18,71.76,0.3191,0.0338,1.464,0.0,0.0,0,0.0,0.0
1,101,2.02,stand,0.01688,0.01189,0.01197,0.04305,0.03,-3.56,63.5,0.3169,0.0314,1.387,0.0,0.0,0,0.0,0.0
2,101,2.02,stand,0.01707,0.01181,0.01232,0.04305,0.03,-3.45,67.76,0.318,0.0317,1.556,0.0,0.0,0,0.0,0.0
3,101,2.02,stand,0.01526,0.01055,0.01102,0.04138,0.03,-3.21,66.77,0.3165,0.0315,1.503,0.0,0.0,0,0.0,0.0
0,102,2.04,stand,0.01674,0.01061,0.01295,0.0421,0.03,-3.32,74.05,0.319,0.034,1.415,0.0,0.0,0,0.0,0.0
1,102,2.04,stand,0.01725,0.01215,0.01224,0.04336,0.03,-3.52,63.9,0.3169,0.0316,1.367,0.0,0.0,0,0.0,0.0
2,102,2.04,stand,0.01815,0.01256,0.0131,0.04427,0.03,-3.1,68.23,0.318,0.0319,1.506,0.0,0.0,0,0.0,0.0
3,102,2.04,stand,0.01507,0.01018,0.01111,0.04135,0.03,-3.26,66.58,0.3164,0.0317,1.48,0.0,0.0,0,0.0,0.0
0,103,2.06,stand,0.01774,0.01098,0.01393,0.04309,0.03,-2.84,76.2,0.3189,0.0343,1.372,0.0,0.0,0,0.0,0.0
1,103,2.06,stand,0.01741,0.01213,0.01249,0.04341,0.03,-3.46,64.23,0.3169,0.0318,1.346,0.0,0.0,0,0.0,0.0
2,103,2.06,stand,0.0174,0.01065,0.01376,0.04276,0.03,-2.48,68.79,0.318,0.0321,1.483,0.0,0.0,0,0.0,0.0
3,103,2.06,stand,0.01492,0.0095,0.01151,0.04104,0.03,-3.21,66.39,0.3163,0.0319,1.456,0.0,0.0,0,0.0,0.0
0,104,2.08,stand,0.01787,0.01054,0.01443,0.0429,0.03,-2.38,77.04,0.3189,0.0346,1.351,0.0,0.0,0,0.0,0.0
1,104,2.08,stand,0.01715,0.01191,0.01235,0.04316,0.03,-3.4,64.53,0.3168,0.0319,1.323,0.0,0.0,0,0.0,0.0
2,104,2.08,stand,0.01641,0.00868,0.01392,0.04099,0.03,-2.21,69.2,0.318,0.0322,1.475,0.0,0.0,0,0.0,0.0
3,104,2.08,stand,0.01495,0.00943,0.0116,0.04113,0.03,-3.31,66.23,0.3161,0.0321,1.434,0.0,0.0,0,0.0,0.0
0,105,2.1,stand,0.01728,0.01024,0.01391,0.04226,0.03,-2.32,77.46,0.3188,0.0348,1.337,0.0,0.0,0,0.0,0.0
1,105,2.1,stand,0.01688,0.01191,0.01196,0.04306,0.03,-3.38,64.93,0.3168,0.0321,1.301,0.0,0.0,0,0.0,0.0
2,105,2.1,stand,0.01665,0.00967,0.01356,0.04169,0.03,-2.31,69.18,0.318,0.0324,1.432,0.0,0.0,0,0.0,0.0
3,105,2.1,stand,0.01535,0.01036,0.01132,0.04195,0.03,-3.47,66.16,0.316,0.0323,1.403,0.0,0.0,0,0.0,0.0
0,106,2.12,stand,0.01733,0.01133,0.01311,0.04327,0.03,-2.61,77.47,0.3188,0.035,1.295,0.0,0.0,0,0.0,0.0
1,106,2.12,stand,0.01765,0.01351,0.01136,0.04443,0.03,-3.56,65.33,0.3167,0.0322,1.272,0.0,0.0,0,0.0,0.0
2,106,2.12,stand,0.01704,0.00979,0.01394,0.04198,0.03,-2.35,69.49,0.318,0.0326,1.42,0.0,0.0,0,0.0,0.0
3,106,2.12,stand,0.0156,0.01035,0.01167,0.04207,0.03,-3.41,66.07,0.3159,0.0325,1.375,0.0,0.0,0,0.0,0.0
0,107,2.14,stand,0.01721,0.01097,0.01327,0.04261,0.03,-2.37,77.81,0.3187,0.0353,1.295,0.0,0.0,0,0.0,0.0
1,107,2.14,stand,0.01846,0.01431,0.01166,0.04521,0.03,-3.31,65.75,0.3166,0.0324,1.234,0.0,0.0,0,0.0,0.0
2,107,2.14,stand,0.0172,0.01052,0.01361,0.04255,0.03,-2.5,69.91,0.3179,0.0327,1.403,0.0,0.0,0,0.0,0.0
3,107,2.14,stand,0.01581,0.01015,0.01212,0.04202,0.03,-3.34,66.03,0.3158,0.0327,1.352,0.0,0.0,0,0.0,0.0
0,108,2.16,stand,0.01769,0.01189,0.0131,0.04346,0.03,-2.5,78.01,0.3186,0.0355,1.271,0.0,0.0,0,0.0,0.0
1,108,2.16,stand,0.01756,0.01235,0.01249,0.04369,0.03,-2.83,66.31,0.3164,0.0326,1.226,0.0,0.0,0,0.0,0.0
2,108,2.16,stand,0.01692,0.01103,0.01284,0.04274,0.03,-2.74,70.21,0.3178,0.0329,1.387,0.0,0.0,0,0.0,0.0
3,108,2.16,stand,0.01554,0.00945,0.01234,0.04141,0.03,-3.24,66.02,0.3157,0.0329,1.333,0.0,0.0,0,0.0,0.0
0,109,2.18,stand,0.01774,0.01269,0.0124,0.04403,0.03,-2.63,78.36,0.3185,0.0357,1.25,0.0,0.0,0,0.0,0.0
1,109,2.18,stand,0.01653,0.01104,0.0123,0.04245,0.03,-2.68,66.77,0.3163,0.0328,1.218,0.0,0.0,0,0.0,0.0
2,109,2.18,stand,0.01711,0.01222,0.01198,0.04358,0.03,-3.05,70.51,0.3177,0.033,1.367,0.0,0.0,0,0.0,0.0
3,109,2.18,stand,0.0155,0.00996,0.01188,0.04172,0.03,-3.33,66.02,0.3156,0.0331,1.308,0.0,0.0,0,0.0,0.0
0,110,2.2,stand,0.01748,0.01297,0.01172,0.04411,0.03,-2.66,78.76,0.3184,0.0359,1.236,0.0,0.0,0,0.0,0.0
1,110,2.2,stand,0.01682,0.01242,0.01134,0.04343,0.03,-2.87,67.01,0.3162,0.033,1.183,0.0,0.0,0,0.0,0.0
2,110,2.2,stand,0.01749,0.01317,0.0115,0.04432,0.03,-3.14,71.09,0.3176,0.0332,1.355,0.0,0.0,0,0.0,0.0
3,110,2.2,stand,0.01587,0.01043,0.01196,0.04213,0.03,-3.41,66.02,0.3155,0.0333,1.287,0.0,0.0,0,0.0,0.0
0,111,2.22,stand,0.01744,0.01303,0.0116,0.04394,0.03,-2.56,79.25,0.3183,0.0361,1.231,0.0,0.0,0,0.0,0.0
1,111,2.22,stand,0.01631,0.01125,0.01181,0.0425,0.03,-2.76,67.62,0.3161,0.0332,1.192,0.0,0.0,0,0.0,0.0
2,111,2.22,stand,0.01772,0.0137,0.01123,0.04463,0.03,-3.14,71.98,0.3175,0.0334,1.356,0.0,0.0,0,0.0,0.0
3,111,2.22,stand,0.01642,0.01093,0.01226,0.04262,0.03,-3.48,66.06,0.3154,0.0336,1.267,0.0,0.0,0,0.0,0.0
0,112,2.24,stand,0.01803,0.01381,0.0116,0.04459,0.03,-2.57,79.81,0.3181,0.0364,1.226,0.0,0.0,0,0.0,0.0
1,112,2.24,stand,0.01599,0.01124,0.01137,0.04234,0.03,-2.73,68.18,0.316,0.0334,1.181,0.0,0.0,0,0.0,0.0
2,112,2.24,stand,0.0175,0.01354,0.01109,0.04424,0.03,-2.99,73.15,0.3173,0.0336,1.359,0.0,0.0,0,0.0,0.0
3,112,2.24,stand,0.01672,0.01143,0.0122,0.04312,0.03,-3.52,66.26,0.3153,0.0338,1.241,0.0,0.0,0,0.0,0.0
0,113,2.26,stand,0.01814,0.01399,0.01155,0.045,0.03,-2.45,80.99,0.3179,0.0366,1.212,0.0,0.0,0,0.0,0.0
1,113,2.26,stand,0.01582,0.01134,0.01103,0.04229,0.03,-2.73,68.59,0.3159,0.0336,1.17,0.0,0.0,0,0.0,0.0
2,113,2.26,stand,0.01808,0.01494,0.01017,0.04578,0.03,-3.19,74.92,0.3172,0.0338,1.327,0.0,0.0,0,0.0,0.0
3,113,2.26,stand,0.01672,0.01135,0.01227,0.04315,0.03,-3.4,66.35,0.3152,0.034,1.212,0.0,0.0,0,0.0,0.0
0,114,2.28,stand,0.01749,0.01336,0.01128,0.04469,0.03,-2.14,82.6,0.3178,0.0368,1.186,0.0,0.0,0,0.0,0.0
1,114,2.28,stand,0.0162,0.01203,0.01085,0.04287,0.03,-2.79,69.01,0.3158,0.0339,1.16,0.0,0.0,0,0.0,0.0
2,114,2.28,stand,0.0172,0.0136,0.01053,0.04448,0.03,-2.16,77.25,0.317,0.034,1.294,0.0,0.0,0,0.0,0.0
3,114,2.28,stand,0.01676,0.01136,0.01232,0.04318,0.03,-3.35,66.62,0.3151,0.0343,1.194,0.0,0.0,0,0.0,0.0
0,115,2.3,stand,0.01712,0.01271,0.01148,0.04406,0.03,-1.65,83.41,0.3176,0.0371,1.165,0.0,0.0,0,0.0,0.0
1,115,2.3,stand,0.01653,0.0126,0.01069,0.04329,0.03,-2.84,69.5,0.3157,0.0341,1.158,0.0,0.0,0,0.0,0.0
2,115,2.3,stand,0.01629,0.01152,0.01152,0.04273,0.03,-1.23,77.82,0.3168,0.0343,1.279,0.0,0.0,0,0.0,0.0
3,115,2.3,stand,0.01659,0.011,0.01243,0.04284,0.03,-3.25,66.92,0.315,0.0345,1.183,0.0,0.0,0,0.0,0.0
0,116,2.32,stand,0.01724,0.01195,0.01243,0.04356,0.03,-1.1,84.01,0.3174,0.0373,1.159,0.0,0.0,0,0.0,0.0
1,116,2.32,stand,0.01652,0.01328,0.00982,0.04382,0.03,-2.89,70.04,0.3156,0.0343,1.148,0.0,0.0,0,0.0,0.0
2,116,2.32,stand,0.01553,0.00964,0.01218,0.0412,0.03,-0.8,78.22,0.3167,0.0345,1.273,0.0,0.0,0,0.0,0.0
3,116,2.32,stand,0.01632,0.01088,0.01216,0.04259,0.03,-3.23,67.23,0.3149,0.0347,1.169,0.0,0.0,0,0.0,0.0
0,117,2.34,stand,0.01729,0.01113,0.01323,0.04304,0.03,-0.7,84.44,0.3173,0.0376,1.154,0.0,0.0,0,0.0,0.0
1,117,2.34,stand,0.01572,0.01212,0.01,0.04276,0.03,-2.56,70.56,0.3154,0.0345,1.148,0.0,0.0,0,0.0,0.0
2,117,2.34,stand,0.01505,0.00883,0.0122,0.04038,0.03,-0.68,78.22,0.3166,0.0348,1.258,0.0,0.0,0,0.0,0.0
3,117,2.34,stand,0.01592,0.01068,0.01181,0.04227,0.03,-3.21,67.37,0.3147,0.0349,1.153,0.0,0.0,0,0.0,0.0
0,118,2.36,stand,0.01716,0.01127,0.01295,0.04289,0.03,-0.69,84.56,0.3172,0.0377,1.138,0.0,0.0,0,0.0,0.0
1,118,2.36,stand,0.01561,0.01185,0.01017,0.04263,0.03,-2.38,71.13,0.3153,0.0348,1.142,0.0,0.0,0,0.0,0.0
2,118,2.36,stand,0.01496,0.00932,0.0117,0.04075,0.03,-1.02,78.25,0.3165,0.035,1.249,0.0,0.0,0,0.0,0.0
3,118,2.36,stand,0.01581,0.01081,0.01154,0.04233,0.03,-3.23,67.43,0.3146,0.0351,1.135,0.0,0.0,0,0.0,0.0
0,119,2.38,stand,0.01668,0.01094,0.0126,0.04242,0.03,-0.69,84.47,0.3171,0.0379,1.127,0.0,0.0,0,0.0,0.0
1,119,2.38,stand,0.01578,0.01201,0.01024,0.04294,0.03,-2.2,71.73,0.3151,0.035,1.128,0.0,0.0,0,0.0,0.0
2,119,2.38,stand,0.01531,0.01027,0.01134,0.0417,0.03,-1.44,78.52,0.3164,0.0352,1.247,0.0,0.0,0,0.0,0.0
3,119,2.38,stand,0.01595,0.01082,0.01172,0.04241,0.03,-3.18,67.46,0.3145,0.0354,1.117,0.0,0.0,0,0.0,0.0
0,120,2.4,stand,0.01693,0.01126,0.01265,0.04275,0.03,-0.78,84.38,0.317,0.0381,1.111,0.0,0.0,0,0.0,0.0
1,120,2.4,stand,0.01577,0.01183,0.01043,0.04276,0.03,-1.81,72.25,0.315,0.0353,1.11,0.0,0.0,0,0.0,0.0
2,120,2.4,stand,0.01608,0.0115,0.01124,0.04285,0.03,-1.63,78.89,0.3163,0.0354,1.232,0.0,0.0,0,0.0,0.0
3,120,2.4,stand,0.01618,0.01087,0.01198,0.0426,0.03,-3.07,67.5,0.3144,0.0356,1.095,0.0,0.0,0,0.0,0.0
0,121,2.42,stand,0.01687,0.01081,0.01295,0.04272,0.03,-0.67,84.39,0.3168,0.0383,1.106,0.0,0.0,0,0.0,0.0
1,121,2.42,stand,0.0151,0.01002,0.01129,0.04119,0.03,-1.18,72.77,0.3149,0.0356,1.109,0.0,0.0,0,0.0,0.0
2,121,2.42,stand,0.01602,0.01085,0.01178,0.04236,0.03,-1.42,79.4,0.3162,0.0356,1.236,0.0,0.0,0,0.0,0.0
3,121,2.42,stand,0.016,0.01024,0.0123,0.04213,0.03,-2.86,67.57,0.3143,0.0358,1.079,0.0,0.0,0,0.0,0.0
0,122,2.44,stand,0.01653,0.01032,0.01291,0.04239,0.03,-0.62,84.4,0.3167,0.0384,1.102,0.0,0.0,0,0.0,0.0
1,122,2.44,stand,0.01504,0.00883,0.01217,0.04032,0.03,-0.95,73.09,0.3148,0.0359,1.113,0.0,0.0,0,0.0,0.0
2,122,2.44,stand,0.01566,0.01021,0.01187,0.04179,0.03,-1.21,79.97,0.316,0.0359,1.234,0.0,0.0,0,0.0,0.0
3,122,2.44,stand,0.01552,0.00932,0.01241,0.04124,0.03,-2.72,67.69,0.3142,0.036,1.074,0.0,0.0,0,0.0,0.0
0,123,2.46,stand,0.01606,0.01003,0.01254,0.04202,0.03,-0.63,84.4,0.3166,0.0386,1.088,0.0,0.0,0,0.0,0.0
1,123,2.46,stand,0.01567,0.01006,0.01201,0.04112,0.03,-0.98,73.29,0.3147,0.0361,1.092,0.0,0.0,0,0.0,0.0
2,123,2.46,stand,0.01583,0.01027,0.01205,0.04193,0.03,-1.13,80.51,0.3159,0.0361,1.232,0.0,0.0,0,0.0,0.0
3,123,2.46,stand,0.01522,0.00921,0.01212,0.04092,0.03,-2.73,67.79,0.3142,0.0363,1.065,0.0,0.0,0,0.0,0.0
0,124,2.48,approach,0.01594,0.00993,0.01247,0.0419,0.03,-0.63,84.46,0.3165,0.0387,1.078,0.0,0.0,0,0.0,0.0
1,124,2.48,approach,0.01566,0.00934,0.01258,0.04073,0.03,-0.94,73.34,0.3147,0.0363,1.099,0.0,0.0,0,0.0,0.0
2,124,2.48,approach,0.01656,0.01102,0.01236,0.04274,0.03,-1.13,81.11,0.3158,0.0364,1.231,0.0,0.0,0,0.0,0.0
3,124,2.48,approach,0.01543,0.00993,0.0118,0.04149,0.03,-2.85,67.82,0.3141,0.0365,1.048,0.0,0.0,0,0.0,0.0
0,125,2.5,approach,0.01528,0.00744,0.01335,0.03976,0.03,-0.61,84.69,0.3164,0.0389,1.072,0.0,0.0,0,0.0,0.0
1,125,2.5,approach,0.01452,0.00689,0.01277,0.03824,0.03,-1.1,73.52,0.3146,0.0365,1.104,0.0,0.0,0,0.0,0.0
2,125,2.5,approach,0.01553,0.0087,0.01286,0.04059,0.03,-1.1,81.83,0.3157,0.0366,1.232,0.0,0.0,0,0.0,0.0
3,125,2.5,approach,0.01425,0.00718,0.01231,0.03898,0.03,-2.89,67.82,0.314,0.0367,1.04,0.0,0.0,0,0.0,0.0
0,126,2.52,approach,0.01564,0.00651,0.01422,0.03911,0.03,-0.89,85.04,0.3163,0.0391,1.06,0.0,0.0,0,0.0,0.0
1,126,2.52,approach,0.01387,0.00526,0.01283,0.03686,0.03,-1.78,73.66,0.3146,0.0367,1.118,0.0,0.0,0,0.0,0.0
2,126,2.52,approach,0.01485,0.00698,0.0131,0.0386,0.03,-1.1,82.35,0.3156,0.0368,1.224,0.0,0.0,0,0.0,0.0
3,126,2.52,approach,0.01373,0.00545,0.0126,0.03747,0.03,-3.06,67.9,0.314,0.0369,1.026,0.0,0.0,0,0.0,0.0
0,127,2.54,approach,0.01611,0.00582,0.01502,0.03849,0.03,-1.14,85.53,0.3162,0.0393,1.059,0.0,0.0,0,0.0,0.0
1,127,2.54,approach,0.01428,0.00718,0.01234,0.03839,0.03,-3.0,74.02,0.3146,0.0369,1.113,0.0,0.0,0,0.0,0.0
2,127,2.54,approach,0.01552,0.0067,0.014,0.0376,0.03,-1.21,82.72,0.3155,0.0371,1.214,0.0,0.0,0,0.0,0.0
3,127,2.54,approach,0.01407,0.00432,0.01339,0.0368,0.03,-3.3,67.92,0.3139,0.0371,1.008,0.0,0.0,0,0.0,0.0
0,128,2.56,approach,0.01656,0.00526,0.0157,0.03795,0.03,-1.42,85.98,0.3161,0.0394,1.055,0.0,0.0,0,0.0,0.0
1,128,2.56,approach,0.0149,0.00688,0.01321,0.03759,0.03,-2.98,76.52,0.3145,0.0371,1.098,0.0,0.0,0,0.0,0.0
2,128,2.56,approach,0.01709,0.00687,0.01565,0.03725,0.03,-1.32,83.03,0.3154,0.0373,1.208,0.0,0.0,0,0.0,0.0
3,128,2.56,approach,0.01504,0.00346,0.01464,0.03646,0.03,-3.51,67.99,0.3139,0.0373,0.99,0.0,0.0,0,0.0,0.0
0,129,2.58,approach,0.01716,0.00459,0.01654,0.03787,0.03,-1.75,86.31,0.316,0.0396,1.039,0.0,0.0,0,0.0,0.0
1,129,2.58,approach,0.01572,0.0047,0.015,0.0342,0.03,-1.91,78.5,0.3144,0.0374,1.095,0.0,0.0,0,0.0,0.0
2,129,2.58,approach,0.01857,0.00671,0.01732,0.03668,0.03,-1.36,83.32,0.3153,0.0376,1.203,0.0,0.0,0,0.0,0.0
3,129,2.58,approach,0.01617,0.00293,0.01591,0.03609,0.03,-3.66,68.17,0.3138,0.0375,0.97,0.0,0.0,0,0.0,0.0
0,130,2.6,approach,0.01826,0.00346,0.01793,0.03737,0.03,-1.88,86.75,0.3158,0.0398,1.037,0.0,0.0,0,0.0,0.0
1,130,2.6,approach,0.01835,0.00504,0.01765,0.03191,0.03,-1.23,78.74,0.3144,0.0378,1.106,0.0,0.0,0,0.0,0.0
2,130,2.6,approach,0.01911,0.00635,0.01803,0.03625,0.03,-1.66,83.58,0.3152,0.0378,1.201,0.0,0.0,0,0.0,0.0
3,130,2.6,approach,0.01742,0.00312,0.01714,0.03569,0.03,-3.8,68.35,0.3137,0.0377,0.951,0.0,0.0,0,0.0,0.0
0,131,2.62,approach,0.0192,0.00205,0.01909,0.03686,0.03,-2.01,87.29,0.3156,0.0399,1.025,0.0,0.0,0,0.0,0.0
1,131,2.62,approach,0.02016,0.00637,0.01912,0.033,0.03,-1.64,78.52,0.3144,0.038,1.085,0.0,0.0,0,0.0,0.0
2,131,2.62,approach,0.01929,0.0055,0.01849,0.03584,0.03,-2.13,83.57,0.315,0.0379,1.201,0.0,0.0,0,0.0,0.0
3,131,2.62,approach,0.01865,0.00365,0.01829,0.03539,0.03,-3.98,68.57,0.3135,0.0379,0.936,0.0,0.0,0,0.0,0.0
0,132,2.64,approach,0.02016,0.00105,0.02013,0.03618,0.03,-2.16,87.46,0.3154,0.0401,1.016,0.0,0.0,0,0.0,0.0
1,132,2.64,approach,0.02061,0.00321,0.02036,0.03417,0.03,-2.48,78.34,0.3144,0.0383,1.107,0.0,0.0,0,0.0,0.0
2,132,2.64,approach,0.0196,0.00504,0.01894,0.03601,0.03,-2.84,83.41,0.3149,0.0381,1.197,0.0,0.0,0,0.0,0.0
3,132,2.64,approach,0.01951,0.0037,0.01915,0.03544,0.03,-4.31,68.78,0.3134,0.0381,0.924,0.0,0.0,0,0.0,0.0
0,133,2.66,approach,0.02113,0.00162,0.02107,0.03581,0.03,-2.38,87.44,0.3152,0.0403,1.006,0.0,0.0,0,0.0,0.0
1,133,2.66,approach,0.02102,0.00229,0.0209,0.03479,0.03,-3.37,78.14,0.3143,0.0384,1.103,0.0,0.0,0,0.0,0.0
2,133,2.66,approach,0.02015,0.00554,0.01938,0.03687,0.03,-3.55,83.31,0.3147,0.0383,1.185,0.0,0.0,0,0.0,0.0
3,133,2.66,approach,0.02012,0.0036,0.0198,0.03583,0.03,-4.75,68.91,0.3133,0.0383,0.909,0.0,0.0,0,0.0,0.0
0,134,2.68,approach,0.02204,0.00218,0.02193,0.03566,0.03,-2.67,87.23,0.315,0.0404,0.997,0.0,0.0,0,0.0,0.0
1,134,2.68,approach,0.02099,0.00344,0.02071,0.03506,0.03,-4.12,77.86,0.3143,0.0386,1.08,0.0,0.0,0,0.0,0.0
2,134,2.68,approach,0.0211,0.00518,0.02045,0.03699,0.03,-3.86,83.53,0.3145,0.0384,1.184,0.0,0.0,0,0.0,0.0
3,134,2.68,approach,0.02082,0.00368,0.02049,0.03604,0.03,-5.14,68.91,0.3131,0.0384,0.894,0.0,0.0,0,0.0,0.0
0,135,2.7,approach,0.02287,0.00266,0.02271,0.03554,0.03,-3.0,86.93,0.3147,0.0405,0.985,0.0,0.0,0,0.0,0.0
1,135,2.7,approach,0.02196,0.00492,0.0214,0.03597,0.03,-4.58,77.75,0.3142,0.0388,1.065,0.0,0.0,0,0.0,0.0
2,135,2.7,approach,0.02193,0.00509,0.02133,0.03664,0.03,-4.08,83.79,0.3143,0.0386,1.184,0.0,0.0,0,0.0,0.0
3,135,2.7,approach,0.02136,0.00395,0.021,0.03609,0.03,-5.52,68.89,0.3129,0.0386,0.879,0.0,0.0,0,0.0,0.0
0,136,2.72,approach,0.02351,0.00312,0.0233,0.03538,0.03,-3.39,86.55,0.3145,0.0407,0.972,0.0,0.0,0,0.0,0.0
1,136,2.72,approach,0.02375,0.00469,0.02329,0.03703,0.03,-4.96,77.75,0.3141,0.039,1.074,0.0,0.0,0,0.0,0.0
2,136,2.72,approach,0.02255,0.00568,0.02183,0.03616,0.03,-4.29,84.01,0.314,0.0388,1.181,0.0,0.0,0,0.0,0.0
3,136,2.72,approach,0.0218,0.00437,0.02136,0.03633,0.03,-5.95,68.83,0.3128,0.0387,0.862,0.0,0.0,0,0.0,0.0
0,137,2.74,approach,0.02387,0.0032,0.02366,0.03535,0.03,-3.93,86.03,0.3142,0.0408,0.963,0.0,0.0,0,0.0,0.0
1,137,2.74,approach,0.02467,0.00438,0.02428,0.03731,0.03,-5.32,78.02,0.314,0.0392,1.078,0.0,0.0,0,0.0,0.0
2,137,2.74,approach,0.02267,0.0058,0.02191,0.03646,0.03,-4.76,83.97,0.3138,0.0389,1.182,0.0,0.0,0,0.0,0.0
3,137,2.74,approach,0.0223,0.00489,0.02176,0.0368,0.03,-6.37,68.75,0.3126,0.0388,0.843,0.0,0.0,0,0.0,0.0
0,138,2.76,approach,0.0238,0.00232,0.02368,0.03569,0.03,-4.73,85.27,0.3139,0.0409,0.958,0.0,0.0,0,0.0,0.0
1,138,2.76,approach,0.02413,0.00504,0.02359,0.0373,0.03,-5.94,78.1,0.3139,0.0394,1.071,0.0,0.0,0,0.0,0.0
2,138,2.76,approach,0.02286,0.00445,0.02242,0.03664,0.03,-5.17,83.91,0.3136,0.0391,1.194,0.0,0.0,0,0.0,0.0
3,138,2.76,approach,0.02297,0.00582,0.02221,0.03736,0.03,-6.67,68.66,0.3124,0.039,0.818,0.0,0.0,0,0.0,0.0
0,139,2.78,approach,0.02341,0.00036,0.02341,0.03598,0.03,-5.53,84.46,0.3136,0.041,0.962,0.0,0.0,0,0.0,0.0
1,139,2.78,approach,0.02369,0.00514,0.02312,0.03726,0.03,-6.44,78.16,0.3138,0.0395,1.07,0.0,0.0,0,0.0,0.0
2,139,2.78,approach,0.02304,0.0045,0.02259,0.03662,0.03,-5.6,83.66,0.3134,0.0393,1.188,0.0,0.0,0,0.0,0.0
3,139,2.78,approach,0.02355,0.00648,0.02264,0.03774,0.03,-6.86,68.56,0.3122,0.0391,0.792,0.0,0.0,0,0.0,0.0
0,140,2.8,approach,0.02291,0.00152,0.02286,0.036,0.03,-6.22,83.67,0.3134,0.0411,0.961,0.0,0.0,0,0.0,0.0
1,140,2.8,approach,0.02385,0.00482,0.02336,0.03765,0.03,-6.98,78.02,0.3137,0.0397,1.077,0.0,0.0,0,0.0,0.0
2,140,2.8,approach,0.02316,0.00407,0.0228,0.03608,0.03,-5.93,83.4,0.3132,0.0394,1.191,0.0,0.0,0,0.0,0.0
3,140,2.8,approach,0.02354,0.00442,0.02312,0.03673,0.03,-6.94,68.57,0.312,0.0392,0.794,0.0,0.0,0,0.0,0.0
0,141,2.82,approach,0.02231,0.00135,0.02227,0.0359,0.03,-6.81,82.87,0.3131,0.0411,0.945,0.0,0.0,0,0.0,0.0
1,141,2.82,approach,0.02395,0.00452,0.02352,0.03782,0.03,-7.46,77.97,0.3135,0.0398,1.084,0.0,0.0,0,0.0,0.0
2,141,2.82,approach,0.02316,0.00438,0.02274,0.03597,0.03,-6.39,83.01,0.3129,0.0396,1.19,0.0,0.0,0,0.0,0.0
3,141,2.82,approach,0.02301,0.00179,0.02294,0.03542,0.03,-7.37,68.38,0.3119,0.0394,0.807,0.0,0.0,0,0.0,0.0
0,142,2.84,approach,0.02262,0.00074,0.02261,0.03503,0.03,-6.87,82.61,0.3128,0.0412,0.94,0.0,0.0,0,0.0,0.0
1,142,2.84,approach,0.02343,0.0049,0.02292,0.03758,0.03,-7.95,77.86,0.3134,0.0399,1.084,0.0,0.0,0,0.0,0.0
2,142,2.84,approach,0.02329,0.00363,0.02301,0.03592,0.03,-6.8,82.66,0.3127,0.0397,1.201,0.0,0.0,0,0.0,0.0
3,142,2.84,approach,0.02231,0.00157,0.02225,0.03564,0.03,-8.16,67.75,0.3117,0.0394,0.786,0.0,0.0,0,0.0,0.0
0,143,2.86,approach,0.02306,0.00127,0.02302,0.03434,0.03,-7.0,82.32,0.3125,0.0414,0.936,0.0,0.0,0,0.0,0.0
1,143,2.86,approach,0.02333,0.00555,0.02266,0.03709,0.03,-8.32,77.67,0.3132,0.0401,1.082,0.0,0.0,0,0.0,0.0
2,143,2.86,approach,0.02337,0.00378,0.02306,0.0358,0.03,-7.24,82.3,0.3125,0.0399,1.201,0.0,0.0,0,0.0,0.0
3,143,2.86,approach,0.02218,0.00135,0.02214,0.03513,0.03,-8.61,67.4,0.3115,0.0396,0.779,0.0,0.0,0,0.0,0.0
0,144,2.88,approach,0.02338,0.00245,0.02325,0.03381,0.03,-7.28,81.95,0.3122,0.0415,0.928,0.0,0.0,0,0.0,0.0
1,144,2.88,approach,0.02336,0.00688,0.02233,0.03746,0.03,-8.77,77.44,0.313,0.0402,1.076,0.0,0.0,0,0.0,0.0
2,144,2.88,approach,0.02299,0.00341,0.02274,0.03528,0.03,-7.67,81.93,0.3122,0.0401,1.209,0.0,0.0,0,0.0,0.0
3,144,2.88,approach,0.02184,0.00163,0.02178,0.03549,0.03,-9.24,66.98,0.3114,0.0397,0.764,0.0,0.0,0,0.0,0.0
0,145,2.9,approach,0.02295,0.00232,0.02283,0.03319,0.03,-7.56,81.64,0.312,0.0416,0.942,0.0,0.0,0,0.0,0.0
1,145,2.9,approach,0.02382,0.00881,0.02213,0.03827,0.03,-9.1,77.25,0.3128,0.0404,1.061,0.0,0.0,0,0.0,0.0
2,145,2.9,approach,0.02235,0.00355,0.02207,0.03487,0.03,-8.16,81.51,0.312,0.0402,1.213,0.0,0.0,0,0.0,0.0
3,145,2.9,approach,0.02239,0.00345,0.02212,0.03582,0.03,-9.55,66.69,0.3112,0.0398,0.736,0.0,0.0,0,0.0,0.0
0,146,2.92,approach,0.02217,0.002,0.02208,0.03281,0.03,-8.12,81.14,0.3117,0.0417,0.946,0.0,0.0,0,0.0,0.0
1,146,2.92,approach,0.02411,0.00974,0.02206,0.03834,0.03,-9.19,77.27,0.3127,0.0405,1.052,0.0,0.0,0,0.0,0.0
2,146,2.92,approach,0.02188,0.00326,0.02164,0.03453,0.03,-8.63,81.07,0.3117,0.0403,1.224,0.0,0.0,0,0.0,0.0
3,146,2.92,approach,0.02286,0.00491,0.02232,0.03607,0.03,-9.78,66.47,0.3111,0.0399,0.711,0.0,0.0,0,0.0,0.0
0,147,2.94,approach,0.02163,0.00246,0.02149,0.03199,0.03,-8.54,80.8,0.3114,0.0417,0.945,0.0,0.0,0,0.0,0.0
1,147,2.94,approach,0.02403,0.00576,0.02333,0.03511,0.03,-8.35,78.32,0.3125,0.0406,1.082,0.0,0.0,0,0.0,0.0
2,147,2.94,approach,0.02153,0.00319,0.02129,0.03418,0.03,-9.08,80.67,0.3115,0.0405,1.233,0.0,0.0,0,0.0,0.0
3,147,2.94,approach,0.02307,0.00596,0.02229,0.03687,0.03,-10.26,66.1,0.311,0.04,0.69,0.0,0.0,0,0.0,0.0
0,148,2.96,approach,0.02124,0.00287,0.02105,0.03126,0.03,-8.98,80.45,0.3111,0.0418,0.942,0.0,0.0,0,0.0,0.0
1,148,2.96,approach,0.02272,0.00206,0.02262,0.03418,0.03,-9.11,77.67,0.3124,0.0408,1.11,0.0,0.0,0,0.0,0.0
2,148,2.96,approach,0.0208,0.0029,0.02059,0.03387,0.03,-9.57,80.22,0.3112,0.0406,1.247,0.0,0.0,0,0.0,0.0
3,148,2.96,approach,0.02372,0.00452,0.02328,0.03335,0.03,-9.62,66.86,0.3108,0.0401,0.706,0.0,0.0,0,0.0,0.0
0,149,2.98,approach,0.02088,0.00282,0.02069,0.03101,0.03,-9.45,80.03,0.3108,0.0419,0.946,0.0,0.0,0,0.0,0.0
1,149,2.98,approach,0.02261,0.00186,0.02253,0.03398,0.03,-9.72,77.02,0.3123,0.0409,1.097,0.0,0.0,0,0.0,0.0
2,149,2.98,approach,0.01991,0.00318,0.01965,0.03368,0.03,-10.09,79.74,0.3109,0.0407,1.257,0.0,0.0,0,0.0,0.0
3,149,2.98,approach,0.02367,0.00539,0.02305,0.03144,0.03,-9.99,66.5,0.3107,0.0402,0.714,0.0,0.0,0,0.0,0.0
0,150,3.0,approach,0.02031,0.00257,0.02014,0.03082,0.03,-9.98,79.53,0.3105,0.042,0.952,0.0,0.0,0,0.0,0.0
1,150,3.0,approach,0.02351,0.00182,0.02344,0.03392,0.03,-10.12,76.53,0.3122,0.0411,1.099,0.0,0.0,0,0.0,0.0
2,150,3.0,approach,0.01925,0.00467,0.01868,0.03352,0.03,-10.49,79.35,0.3107,0.0408,1.253,0.0,0.0,0,0.0,0.0
3,150,3.0,approach,0.02209,0.00275,0.02192,0.03233,0.03,-11.2,65.42,0.3107,0.0403,0.696,0.0,0.0,0,0.0,0.0
0,151,3.02,approach,0.01953,0.00255,0.01937,0.03031,0.03,-10.47,79.05,0.3102,0.0421,0.961,0.0,0.0,0,0.0,0.0
1,151,3.02,approach,0.02314,0.00241,0.02301,0.035,0.03,-11.01,75.75,0.3122,0.0412,1.098,0.0,0.0,0,0.0,0.0
2,151,3.02,approach,0.01908,0.00505,0.0184,0.03261,0.03,-10.47,79.36,0.3104,0.0409,1.26,0.0,0.0,0,0.0,0.0
3,151,3.02,approach,0.02353,0.00489,0.02302,0.03132,0.03,-11.17,65.23,0.3107,0.0404,0.686,0.0,0.0,0,0.0,0.0
0,152,3.04,approach,0.01858,0.00248,0.01841,0.02986,0.03,-10.99,78.54,0.3099,0.0421,0.969,0.0,0.0,0,0.0,0.0
1,152,3.04,approach,0.02307,0.00199,0.02299,0.03503,0.03,-11.51,75.39,0.3122,0.0414,1.108,0.0,0.0,0,0.0,0.0
2,152,3.04,approach,0.01894,0.00366,0.01858,0.03096,0.03,-10.22,79.62,0.3102,0.0411,1.284,0.0,0.0,0,0.0,0.0
3,152,3.04,approach,0.02362,0.00533,0.02301,0.03082,0.03,-11.64,64.68,0.3106,0.0405,0.676,0.0,0.0,0,0.0,0.0
0,153,3.06,approach,0.01765,0.00258,0.01746,0.02931,0.03,-11.43,78.1,0.3096,0.0421,0.978,0.0,0.0,0,0.0,0.0
1,153,3.06,approach,0.02207,0.00328,0.02183,0.03533,0.03,-12.3,74.76,0.3122,0.0415,1.105,0.0,0.0,0,0.0,0.0
2,153,3.06,approach,0.01888,0.0028,0.01867,0.02991,0.03,-10.32,79.52,0.31,0.0412,1.307,0.0,0.0,0,0.0,0.0
3,153,3.06,approach,0.02307,0.0037,0.02277,0.0321,0.03,-12.48,63.85,0.3106,0.0405,0.65,0.0,0.0,0,0.0,0.0
0,154,3.08,approach,0.01681,0.00328,0.01648,0.0286,0.03,-11.77,77.78,0.3093,0.0421,0.982,0.0,0.0,0,0.0,0.0
1,154,3.08,approach,0.02166,0.0035,0.02138,0.03526,0.03,-12.81,74.38,0.3122,0.0416,1.111,0.0,0.0,0,0.0,0.0
2,154,3.08,approach,0.02024,0.00443,0.01975,0.02892,0.03,-10.27,79.53,0.3098,0.0413,1.31,0.0,0.0,0,0.0,0.0
3,154,3.08,approach,0.0232,0.00374,0.02289,0.03377,0.03,-13.18,63.22,0.3107,0.0406,0.622,0.0,0.0,0,0.0,0.0
0,155,3.1,approach,0.01563,0.004,0.01511,0.0279,0.03,-12.2,77.4,0.309,0.0421,0.989,0.0,0.0,0,0.0,0.0
1,155,3.1,approach,0.02106,0.00457,0.02056,0.03582,0.03,-13.49,73.87,0.3121,0.0417,1.113,0.0,0.0,0,0.0,0.0
2,155,3.1,approach,0.02042,0.00396,0.02003,0.02947,0.03,-10.94,78.71,0.3098,0.0415,1.306,0.0,0.0,0,0.0,0.0
3,155,3.1,approach,0.02438,0.00579,0.02368,0.03104,0.03,-12.63,64.02,0.3106,0.0407,0.625,0.0,0.0,0,0.0,0.0
0,156,3.12,approach,0.01661,0.00642,0.01532,0.02519,0.03,-11.72,77.85,0.3087,0.0421,1.001,0.0,0.0,0,0.0,0.0
1,156,3.12,approach,0.02065,0.00525,0.01998,0.03579,0.03,-13.93,73.54,0.3121,0.0418,1.11,0.0,0.0,0,0.0,0.0
2,156,3.12,approach,0.02008,0.00183,0.02,0.03087,0.03,-11.82,77.77,0.3099,0.0416,1.324,0.0,0.0,0,0.0,0.0
3,156,3.12,approach,0.02401,0.0063,0.02317,0.02967,0.03,-13.16,63.49,0.3107,0.0407,0.635,0.0,0.0,0,0.0,0.0
0,157,3.14,approach,0.01655,0.00636,0.01527,0.02465,0.03,-11.81,77.79,0.3085,0.0422,1.021,0.0,0.0,0,0.0,0.0
1,157,3.14,approach,0.02013,0.00619,0.01915,0.03551,0.03,-14.27,73.28,0.312,0.0419,1.103,0.0,0.0,0,0.0,0.0
2,157,3.14,approach,0.01999,0.00031,0.01999,0.03197,0.03,-12.6,76.96,0.3099,0.0418,1.332,0.0,0.0,0,0.0,0.0
3,157,3.14,approach,0.02309,0.00543,0.02244,0.02959,0.03,-13.83,63.04,0.3108,0.0407,0.616,0.0,0.0,0,0.0,0.0
0,158,3.16,approach,0.01822,0.0073,0.01669,0.02443,0.03,-11.65,77.99,0.3083,0.0422,1.026,0.0,0.0,0,0.0,0.0
1,158,3.16,approach,0.02006,0.00831,0.01826,0.03594,0.03,-14.61,72.97,0.3119,0.042,1.087,0.0,0.0,0,0.0,0.0
2,158,3.16,approach,0.0194,0.00137,0.01936,0.03208,0.03,-13.22,76.31,0.3099,0.0418,1.33,0.0,0.0,0,0.0,0.0
3,158,3.16,approach,0.02556,0.0091,0.02388,0.02785,0.03,-13.59,63.03,0.3108,0.0408,0.603,0.0,0.0,0,0.0,0.0
0,159,3.18,approach,0.01821,0.00619,0.01713,0.02548,0.03,-12.16,77.75,0.3083,0.0423,1.039,0.0,0.0,0,0.0,0.0
1,159,3.18,approach,0.01998,0.00551,0.0192,0.03415,0.03,-14.25,73.44,0.3118,0.0421,1.114,0.0,0.0,0,0.0,0.0
2,159,3.18,approach,0.01853,0.00274,0.01832,0.03269,0.03,-14.01,75.51,0.31,0.0419,1.338,0.0,0.0,0,0.0,0.0
3,159,3.18,approach,0.02517,0.00826,0.02377,0.02826,0.03,-14.27,61.97,0.3109,0.0409,0.579,0.0,0.0,0,0.0,0.0
0,160,3.2,approach,0.01879,0.00655,0.01761,0.02531,0.03,-12.47,77.53,0.3083,0.0423,1.051,0.0,0.0,0,0.0,0.0
1,160,3.2,approach,0.01943,0.00265,0.01925,0.03238,0.03,-14.31,73.45,0.3118,0.0422,1.136,0.0,0.0,0,0.0,0.0
2,160,3.2,approach,0.01932,0.0027,0.01913,0.03165,0.03,-13.78,75.81,0.3101,0.042,1.343,0.0,0.0,0,0.0,0.0
3,160,3.2,approach,0.02474,0.00639,0.0239,0.02934,0.03,-15.14,61.33,0.3111,0.0409,0.577,0.0,0.0,0,0.0,0.0
0,161,3.22,approach,0.01785,0.00498,0.01714,0.02629,0.03,-13.34,76.6,0.3083,0.0422,1.066,0.0,0.0,0,0.0,0.0
1,161,3.22,approach,0.01924,0.00158,0.01917,0.03045,0.03,-14.44,73.29,0.3117,0.0423,1.142,0.0,0.0,0,0.0,0.0
2,161,3.22,approach,0.01866,0.00221,0.01853,0.03253,0.03,-14.53,75.06,0.3102,0.0421,1.365,0.0,0.0,0,0.0,0.0
3,161,3.22,approach,0.02362,0.00393,0.02329,0.03059,0.03,-16.1,60.57,0.3113,0.041,0.557,0.0,0.0,0,0.0,0.0
0,162,3.24,approach,0.01659,0.00255,0.01639,0.02805,0.03,-14.3,75.62,0.3084,0.0422,1.073,0.0,0.0,0,0.0,0.0
1,162,3.24,approach,0.01866,0.00218,0.01853,0.0312,0.03,-15.38,72.16,0.3117,0.0424,1.136,0.0,0.0,0,0.0,0.0
2,162,3.24,approach,0.01993,0.00164,0.01986,0.03077,0.03,-14.17,75.52,0.3103,0.0422,1.369,0.0,0.0,0,0.0,0.0
3,162,3.24,approach,0.02275,0.00371,0.02245,0.03011,0.03,-16.68,60.11,0.3114,0.041,0.545,0.0,0.0,0,0.0,0.0
0,163,3.26,approach,0.0185,0.00441,0.01797,0.02721,0.03,-13.82,76.14,0.3085,0.0422,1.075,0.0,0.0,0,0.0,0.0
1,163,3.26,approach,0.0186,0.00365,0.01824,0.03305,0.03,-16.25,71.3,0.3118,0.0425,1.138,0.0,0.0,0,0.0,0.0
2,163,3.26,approach,0.01993,0.00197,0.01983,0.03034,0.03,-14.69,74.97,0.3104,0.0423,1.377,0.0,0.0,0,0.0,0.0
3,163,3.26,approach,0.02142,0.00301,0.0212,0.03085,0.03,-17.48,59.33,0.3115,0.0409,0.518,0.0,0.0,0,0.0,0.0
0,164,3.28,approach,0.01879,0.00435,0.01828,0.02724,0.03,-13.97,76.0,0.3087,0.0422,1.099,0.0,0.0,0,0.0,0.0
1,164,3.28,approach,0.01885,0.00427,0.01836,0.03354,0.03,-16.72,70.84,0.3118,0.0426,1.142,0.0,0.0,0,0.0,0.0
2,164,3.28,approach,0.01925,0.00211,0.01914,0.03214,0.03,-15.88,73.76,0.3106,0.0423,1.39,0.0,0.0,0,0.0,0.0
3,164,3.28,approach,0.02153,0.00466,0.02102,0.03202,0.03,-17.91,59.05,0.3116,0.0409,0.49,0.0,0.0,0,0.0,0.0
0,165,3.3,approach,0.01937,0.00435,0.01888,0.02824,0.03,-14.41,75.57,0.309,0.0423,1.12,0.0,0.0,0,0.0,0.0
1,165,3.3,approach,0.01804,0.00439,0.01749,0.03319,0.03,-17.24,70.37,0.3118,0.0426,1.149,0.0,0.0,0,0.0,0.0
2,165,3.3,approach,0.01966,0.00258,0.01949,0.03268,0.03,-16.27,73.41,0.3108,0.0424,1.395,0.0,0.0,0,0.0,0.0
3,165,3.3,approach,0.02144,0.00374,0.02112,0.03189,0.03,-18.32,58.9,0.3117,0.0409,0.491,0.0,0.0,0,0.0,0.0
0,166,3.32,approach,0.02057,0.00268,0.02039,0.02926,0.03,-14.94,75.01,0.3092,0.0423,1.101,0.0,0.0,0,0.0,0.0
1,166,3.32,approach,0.01709,0.00493,0.01636,0.03313,0.03,-17.84,69.8,0.3118,0.0426,1.153,0.0,0.0,0,0.0,0.0
2,166,3.32,approach,0.01934,0.00332,0.01905,0.03263,0.03,-16.78,72.89,0.3109,0.0424,1.399,0.0,0.0,0,0.0,0.0
3,166,3.32,approach,0.0209,0.00289,0.0207,0.03174,0.03,-18.92,58.51,0.3118,0.0409,0.491,0.0,0.0,0,0.0,0.0
0,167,3.34,approach,0.02087,0.00177,0.0208,0.03044,0.03,-15.56,74.4,0.3096,0.0424,1.129,0.0,0.0,0,0.0,0.0
1,167,3.34,approach,0.01681,0.00592,0.01574,0.03396,0.03,-18.47,69.2,0.3118,0.0427,1.157,0.0,0.0,0,0.0,0.0
2,167,3.34,approach,0.01862,0.00354,0.01828,0.03259,0.03,-17.42,72.24,0.3111,0.0425,1.416,0.0,0.0,0,0.0,0.0
3,167,3.34,approach,0.02001,0.00482,0.01942,0.03239,0.03,-19.59,57.97,0.3119,0.0409,0.464,0.0,0.0,0,0.0,0.0
0,168,3.36,approach,0.02125,0.00088,0.02123,0.03143,0.03,-16.25,73.71,0.3099,0.0425,1.123,0.0,0.0,0,0.0,0.0
1,168,3.36,approach,0.01721,0.00696,0.01574,0.03463,0.03,-18.8,68.87,0.3118,0.0427,1.152,0.0,0.0,0,0.0,0.0
2,168,3.36,approach,0.01819,0.00375,0.0178,0.03272,0.03,-17.97,71.71,0.3112,0.0425,1.43,0.0,0.0,0,0.0,0.0
3,168,3.36,approach,0.02133,0.01001,0.01884,0.03452,0.03,-19.87,57.74,0.3119,0.0408,0.409,0.0,0.0,0,0.0,0.0
0,169,3.38,approach,0.02111,0.00086,0.02109,0.03176,0.03,-16.82,73.15,0.3102,0.0425,1.142,0.0,0.0,0,0.0,0.0
1,169,3.38,approach,0.01709,0.00752,0.01534,0.03476,0.03,-19.17,68.5,0.3118,0.0428,1.152,0.0,0.0,0,0.0,0.0
2,169,3.38,approach,0.01799,0.00478,0.01735,0.0331,0.03,-18.55,71.13,0.3114,0.0425,1.433,0.0,0.0,0,0.0,0.0
3,169,3.38,approach,0.02141,0.00737,0.0201,0.03167,0.03,-19.57,58.47,0.312,0.0408,0.434,0.0,0.0,0,0.0,0.0
0,170,3.4,approach,0.02053,0.00218,0.02042,0.03248,0.03,-17.7,72.29,0.3106,0.0425,1.156,0.0,0.0,0,0.0,0.0
1,170,3.4,approach,0.0171,0.00469,0.01645,0.0315,0.03,-18.56,69.27,0.3117,0.0428,1.163,0.0,0.0,0,0.0,0.0
2,170,3.4,approach,0.01786,0.006,0.01682,0.03345,0.03,-18.99,70.7,0.3115,0.0425,1.434,0.0,0.0,0,0.0,0.0
3,170,3.4,approach,0.02024,0.00425,0.01979,0.03018,0.03,-20.06,58.32,0.312,0.0408,0.454,0.0,0.0,0,0.0,0.0
0,171,3.42,approach,0.02012,0.00355,0.01981,0.03301,0.03,-18.42,71.57,0.3109,0.0426,1.16,0.0,0.0,0,0.0,0.0
1,171,3.42,approach,0.01642,0.00297,0.01615,0.03069,0.03,-19.06,68.73,0.3117,0.0428,1.184,0.0,0.0,0,0.0,0.0
2,171,3.42,approach,0.0176,0.00628,0.01644,0.03344,0.03,-19.32,70.39,0.3116,0.0426,1.445,0.0,0.0,0,0.0,0.0
3,171,3.42,approach,0.0187,0.00356,0.01836,0.03063,0.03,-20.9,57.52,0.3121,0.0407,0.434,0.0,0.0,0,0.0,0.0
0,172,3.44,approach,0.01971,0.00376,0.01935,0.03304,0.03,-18.89,71.11,0.3112,0.0426,1.176,0.0,0.0,0,0.0,0.0
1,172,3.44,approach,0.01634,0.00425,0.01578,0.03218,0.03,-19.99,67.73,0.3118,0.0429,1.181,0.0,0.0,0,0.0,0.0
2,172,3.44,approach,0.01783,0.00444,0.01727,0.03136,0.03,-18.93,70.86,0.3117,0.0426,1.457,0.0,0.0,0,0.0,0.0
3,172,3.44,approach,0.01777,0.00463,0.01715,0.03096,0.03,-21.53,56.82,0.3121,0.0407,0.415,0.0,0.0,0,0.0,0.0
0,173,3.46,approach,0.01939,0.00357,0.01906,0.03253,0.03,-19.18,70.81,0.3115,0.0427,1.187,0.0,0.0,0,0.0,0.0
1,173,3.46,approach,0.01695,0.00552,0.01603,0.03306,0.03,-20.65,67.02,0.3118,0.0429,1.175,0.0,0.0,0,0.0,0.0
2,173,3.46,approach,0.01724,0.00355,0.01687,0.03122,0.03,-19.5,70.28,0.3118,0.0426,1.476,0.0,0.0,0,0.0,0.0
3,173,3.46,approach,0.01733,0.00575,0.01635,0.03173,0.03,-22.14,56.19,0.3122,0.0406,0.404,0.0,0.0,0,0.0,0.0
0,174,3.48,approach,0.01935,0.0035,0.01903,0.03188,0.03,-19.39,70.58,0.3118,0.0428,1.195,0.0,0.0,0,0.0,0.0
1,174,3.48,approach,0.01656,0.00612,0.01539,0.03308,0.03,-21.17,66.55,0.3118,0.0429,1.178,0.0,0.0,0,0.0,0.0
2,174,3.48,approach,0.01754,0.00395,0.01709,0.03145,0.03,-20.0,69.76,0.312,0.0427,1.479,0.0,0.0,0,0.0,0.0
3,174,3.48,approach,0.01767,0.00649,0.01644,0.03251,0.03,-22.68,55.7,0.3122,0.0406,0.395,0.0,0.0,0,0.0,0.0
0,175,3.5,approach,0.01885,0.00333,0.01855,0.03169,0.03,-19.84,70.12,0.312,0.0428,1.214,0.0,0.0,0,0.0,0.0
1,175,3.5,approach,0.01583,0.00669,0.01435,0.03325,0.03,-21.75,66.01,0.3118,0.0429,1.184,0.0,0.0,0,0.0,0.0
2,175,3.5,approach,0.01756,0.00441,0.017,0.03192,0.03,-20.59,69.16,0.3121,0.0427,1.489,0.0,0.0,0,0.0,0.0
3,175,3.5,approach,0.01832,0.00829,0.01633,0.03338,0.03,-23.03,55.47,0.3121,0.0405,0.371,0.0,0.0,0,0.0,0.0
0,176,3.52,approach,0.01909,0.00372,0.01872,0.03124,0.03,-20.06,69.89,0.3122,0.0429,1.217,0.0,0.0,0,0.0,0.0
1,176,3.52,approach,0.01536,0.00741,0.01345,0.03386,0.03,-22.39,65.43,0.3118,0.0429,1.19,0.0,0.0,0,0.0,0.0
2,176,3.52,approach,0.01726,0.00528,0.01643,0.0325,0.03,-21.28,68.46,0.3122,0.0427,1.498,0.0,0.0,0,0.0,0.0
3,176,3.52,approach,0.01899,0.01,0.01615,0.03398,0.03,-23.33,55.29,0.3121,0.0405,0.349,0.0,0.0,0,0.0,0.0
0,177,3.54,approach,0.01844,0.00385,0.01804,0.03169,0.03,-20.7,69.24,0.3124,0.0429,1.237,0.0,0.0,0,0.0,0.0
1,177,3.54,approach,0.01519,0.00843,0.01264,0.03455,0.03,-22.89,65.01,0.3118,0.0429,1.186,0.0,0.0,0,0.0,0.0
2,177,3.54,approach,0.01669,0.00571,0.01569,0.03281,0.03,-21.93,67.8,0.3123,0.0428,1.51,0.0,0.0,0,0.0,0.0
3,177,3.54,approach,0.01923,0.01093,0.01582,0.03474,0.03,-23.72,55.07,0.312,0.0404,0.333,0.0,0.0,0,0.0,0.0
0,178,3.56,approach,0.01797,0.00357,0.01762,0.03131,0.03,-21.04,68.87,0.3126,0.043,1.251,0.0,0.0,0,0.0,0.0
1,178,3.56,approach,0.01527,0.00919,0.0122,0.03457,0.03,-23.1,64.85,0.3117,0.0429,1.176,0.0,0.0,0,0.0,0.0
2,178,3.56,approach,0.01634,0.00649,0.015,0.03321,0.03,-22.55,67.2,0.3124,0.0428,1.515,0.0,0.0,0,0.0,0.0
3,178,3.56,approach,0.01922,0.01121,0.01561,0.03532,0.03,-24.05,55.0,0.312,0.0404,0.314,0.0,0.0,0,0.0,0.0
0,179,3.58,approach,0.01758,0.00395,0.01714,0.03119,0.03,-21.42,68.45,0.3128,0.043,1.258,0.0,0.0,0,0.0,0.0
1,179,3.58,approach,0.01509,0.00947,0.01175,0.03454,0.03,-23.41,64.57,0.3117,0.0429,1.176,0.0,0.0,0,0.0,0.0
2,179,3.58,approach,0.01619,0.00703,0.01459,0.0334,0.03,-22.96,66.8,0.3124,0.0428,1.519,0.0,0.0,0,0.0,0.0
3,179,3.58,approach,0.01823,0.01016,0.01514,0.03495,0.03,-24.52,54.7,0.3119,0.0403,0.312,0.0,0.0,0,0.0,0.0
0,180,3.6,approach,0.0169,0.00392,0.01644,0.03153,0.03,-21.92,67.93,0.3129,0.0431,1.281,0.0,0.0,0,0.0,0.0
1,180,3.6,approach,0.01491,0.00669,0.01332,0.03148,0.03,-22.93,65.17,0.3116,0.0429,1.19,0.0,0.0,0,0.0,0.0
2,180,3.6,approach,0.01586,0.00768,0.01388,0.03388,0.03,-23.44,66.34,0.3125,0.0428,1.526,0.0,0.0,0,0.0,0.0
3,180,3.6,approach,0.0184,0.00807,0.01653,0.03039,0.03,-23.96,55.66,0.3117,0.0403,0.314,0.0,0.0,0,0.0,0.0
0,181,3.62,approach,0.01696,0.00311,0.01667,0.03079,0.03,-21.92,67.89,0.313,0.0431,1.294,0.0,0.0,0,0.0,0.0
1,181,3.62,approach,0.01449,0.004,0.01393,0.02972,0.03,-23.0,65.15,0.3115,0.0429,1.209,0.0,0.0,0,0.0,0.0
2,181,3.62,approach,0.0155,0.00726,0.01369,0.03309,0.03,-23.52,66.3,0.3125,0.0427,1.529,0.0,0.0,0,0.0,0.0
3,181,3.62,approach,0.01816,0.00822,0.01619,0.02941,0.03,-24.34,55.19,0.3117,0.0402,0.303,0.0,0.0,0,0.0,0.0
0,182,3.64,approach,0.01674,0.00297,0.01647,0.03059,0.03,-22.22,67.59,0.3131,0.0432,1.308,0.0,0.0,0,0.0,0.0
1,182,3.64,approach,0.01595,0.00338,0.01559,0.02845,0.03,-23.08,65.05,0.3115,0.0429,1.203,0.0,0.0,0,0.0,0.0
2,182,3.64,approach,0.01546,0.00549,0.01446,0.03081,0.03,-23.1,66.78,0.3124,0.0428,1.535,0.0,0.0,0,0.0,0.0
3,182,3.64,approach,0.01676,0.00624,0.01556,0.03059,0.03,-25.4,54.16,0.3117,0.0402,0.306,0.0,0.0,0,0.0,0.0
0,183,3.66,approach,0.01669,0.00303,0.01641,0.03064,0.03,-22.56,67.25,0.3132,0.0432,1.323,0.0,0.0,0,0.0,0.0
1,183,3.66,approach,0.01643,0.00405,0.01592,0.02951,0.03,-23.77,64.29,0.3115,0.0429,1.198,0.0,0.0,0,0.0,0.0
2,183,3.66,approach,0.01485,0.0042,0.01424,0.03093,0.03,-23.71,66.15,0.3125,0.0428,1.563,0.0,0.0,0,0.0,0.0
3,183,3.66,approach,0.01678,0.00566,0.01579,0.03103,0.03,-26.01,53.58,0.3116,0.0401,0.294,0.0,0.0,0,0.0,0.0
0,184,3.68,approach,0.0168,0.00286,0.01655,0.03052,0.03,-22.78,67.02,0.3133,0.0433,1.336,0.0,0.0,0,0.0,0.0
1,184,3.68,approach,0.01612,0.00429,0.01554,0.03113,0.03,-24.74,63.29,0.3116,0.0429,1.213,0.0,0.0,0,0.0,0.0
2,184,3.68,approach,0.01602,0.0035,0.01563,0.02974,0.03,-23.67,66.2,0.3125,0.0428,1.556,0.0,0.0,0,0.0,0.0
3,184,3.68,approach,0.01706,0.00692,0.01559,0.03083,0.03,-26.35,53.18,0.3115,0.0401,0.274,0.0,0.0,0,0.0,0.0
0,185,3.7,approach,0.01655,0.00281,0.01631,0.03035,0.03,-23.11,66.68,0.3134,0.0433,1.348,0.0,0.0,0,0.0,0.0
1,185,3.7,approach,0.01584,0.00574,0.01477,0.0321,0.03,-25.58,62.41,0.3116,0.0429,1.203,0.0,0.0,0,0.0,0.0
2,185,3.7,approach,0.01643,0.00361,0.01603,0.02958,0.03,-24.09,65.77,0.3125,0.0429,1.561,0.0,0.0,0,0.0,0.0
3,185,3.7,approach,0.01736,0.00926,0.01468,0.03217,0.03,-26.88,52.64,0.3114,0.04,0.253,0.0,0.0,0,0.0,0.0
0,186,3.72,approach,0.01642,0.00214,0.01628,0.0299,0.03,-23.29,66.48,0.3134,0.0434,1.367,0.0,0.0,0,0.0,0.0
1,186,3.72,approach,0.01573,0.00714,0.01401,0.03261,0.03,-26.15,61.82,0.3116,0.0428,1.188,0.0,0.0,0,0.0,0.0
2,186,3.72,approach,0.01669,0.00333,0.01636,0.03004,0.03,-24.6,65.26,0.3125,0.0429,1.577,0.0,0.0,0,0.0,0.0
3,186,3.72,approach,0.01777,0.00995,0.01472,0.03299,0.03,-27.34,52.32,0.3113,0.0399,0.248,0.0,0.0,0,0.0,0.0
0,187,3.74,approach,0.01666,0.00145,0.01659,0.02925,0.03,-23.39,66.37,0.3135,0.0434,1.382,0.0,0.0,0,0.0,0.0
1,187,3.74,approach,0.01565,0.0072,0.0139,0.03293,0.03,-26.72,61.27,0.3117,0.0428,1.201,0.0,0.0,0,0.0,0.0
2,187,3.74,approach,0.01702,0.00487,0.01631,0.0309,0.03,-25.31,64.52,0.3126,0.0429,1.57,0.0,0.0,0,0.0,0.0
3,187,3.74,approach,0.01788,0.00981,0.01495,0.03309,0.03,-27.74,52.16,0.3112,0.0399,0.242,0.0,0.0,0,0.0,0.0
0,188,3.76,approach,0.01713,0.00076,0.01712,0.02865,0.03,-23.57,66.2,0.3136,0.0435,1.386,0.0,0.0,0,0.0,0.0
1,188,3.76,approach,0.01568,0.008,0.01348,0.03353,0.03,-27.27,60.79,0.3117,0.0427,1.199,0.0,0.0,0,0.0,0.0
2,188,3.76,approach,0.01684,0.0052,0.01602,0.03144,0.03,-25.94,63.88,0.3126,0.0429,1.582,0.0,0.0,0,0.0,0.0
3,188,3.76,approach,0.0181,0.01005,0.01505,0.03279,0.03,-28.06,51.97,0.311,0.0398,0.229,0.0,0.0,0,0.0,0.0
0,189,3.78,approach,0.01739,0.00135,0.01734,0.02879,0.03,-23.98,65.82,0.3137,0.0436,1.409,0.0,0.0,0,0.0,0.0
1,189,3.78,approach,0.01532,0.00793,0.01311,0.03333,0.03,-27.74,60.38,0.3117,0.0427,1.202,0.0,0.0,0,0.0,0.0
2,189,3.78,approach,0.01653,0.00624,0.01531,0.03191,0.03,-26.65,63.16,0.3126,0.0429,1.578,0.0,0.0,0,0.0,0.0
3,189,3.78,approach,0.0182,0.01126,0.01429,0.03341,0.03,-28.51,51.63,0.3109,0.0397,0.21,0.0,0.0,0,0.0,0.0
0,190,3.8,approach,0.01835,0.00089,0.01833,0.02878,0.03,-24.21,65.59,0.3137,0.0437,1.41,0.0,0.0,0,0.0,0.0
1,190,3.8,approach,0.01477,0.00806,0.01238,0.03326,0.03,-28.21,59.97,0.3116,0.0426,1.205,0.0,0.0,0,0.0,0.0
2,190,3.8,approach,0.01629,0.00704,0.01469,0.03228,0.03,-27.24,62.57,0.3126,0.0429,1.576,0.0,0.0,0,0.0,0.0
3,190,3.8,approach,0.01875,0.01244,0.01402,0.03445,0.03,-28.95,51.28,0.3107,0.0397,0.192,0.0,0.0,0,0.0,0.0
0,191,3.82,approach,0.01912,0.00109,0.01909,0.02903,0.03,-24.53,65.27,0.3138,0.0438,1.42,0.0,0.0,0,0.0,0.0
1,191,3.82,approach,0.01461,0.00855,0.01184,0.03355,0.03,-28.73,59.51,0.3116,0.0426,1.205,0.0,0.0,0,0.0,0.0
2,191,3.82,approach,0.0161,0.00713,0.01443,0.03243,0.03,-27.74,62.08,0.3126,0.0428,1.584,0.0,0.0,0,0.0,0.0
3,191,3.82,approach,0.02035,0.01462,0.01415,0.03638,0.03,-29.22,51.15,0.3106,0.0396,0.158,0.0,0.0,0,0.0,0.0
0,192,3.84,approach,0.01962,0.00133,0.01958,0.02927,0.03,-24.99,64.82,0.3139,0.0438,1.423,0.0,0.0,0,0.0,0.0
1,192,3.84,approach,0.0148,0.00938,0.01145,0.0339,0.03,-29.13,59.16,0.3115,0.0426,1.199,0.0,0.0,0,0.0,0.0
2,192,3.84,approach,0.01611,0.00761,0.0142,0.0324,0.03,-28.22,61.61,0.3125,0.0428,1.58,0.0,0.0,0,0.0,0.0
3,192,3.84,approach,0.01914,0.01141,0.01537,0.03365,0.03,-29.09,51.68,0.3105,0.0396,0.173,0.0,0.0,0,0.0,0.0
0,193,3.86,approach,0.01993,0.00172,0.01986,0.02956,0.03,-25.49,64.31,0.314,0.0439,1.431,0.0,0.0,0,0.0,0.0
1,193,3.86,approach,0.01532,0.01052,0.01114,0.03425,0.03,-29.41,58.94,0.3114,0.0425,1.187,0.0,0.0,0,0.0,0.0
2,193,3.86,approach,0.01574,0.00733,0.01393,0.03197,0.03,-28.6,61.24,0.3125,0.0428,1.586,0.0,0.0,0,0.0,0.0
3,193,3.86,approach,0.01729,0.00848,0.01507,0.0318,0.03,-29.63,51.19,0.3103,0.0395,0.19,0.0,0.0,0,0.0,0.0
0,194,3.88,approach,0.02043,0.00235,0.0203,0.02988,0.03,-26.0,63.8,0.3141,0.0439,1.426,0.0,0.0,0,0.0,0.0
1,194,3.88,approach,0.01545,0.01141,0.01041,0.03493,0.03,-29.81,58.58,0.3112,0.0425,1.182,0.0,0.0,0,0.0,0.0
2,194,3.88,approach,0.01558,0.00814,0.01328,0.03232,0.03,-29.15,60.69,0.3124,0.0428,1.582,0.0,0.0,0,0.0,0.0
3,194,3.88,approach,0.01754,0.00883,0.01515,0.03067,0.03,-29.87,50.85,0.3102,0.0394,0.172,0.0,0.0,0,0.0,0.0
0,195,3.9,approach,0.02081,0.00288,0.02061,0.03019,0.03,-26.51,63.26,0.3142,0.044,1.426,0.0,0.0,0,0.0,0.0
1,195,3.9,approach,0.01514,0.00874,0.01236,0.03162,0.03,-29.17,59.42,0.3111,0.0425,1.192,0.0,0.0,0,0.0,0.0
2,195,3.9,approach,0.01525,0.00762,0.01321,0.03215,0.03,-29.5,60.35,0.3123,0.0428,1.593,0.0,0.0,0,0.0,0.0
3,195,3.9,approach,0.01759,0.01,0.01447,0.03177,0.03,-30.52,49.99,0.3101,0.0393,0.159,0.0,0.0,0,0.0,0.0
0,196,3.92,approach,0.02113,0.00359,0.02082,0.03056,0.03,-27.07,62.67,0.3143,0.044,1.423,0.0,0.0,0,0.0,0.0
1,196,3.92,approach,0.01353,0.00517,0.0125,0.02998,0.03,-29.42,59.22,0.3111,0.0424,1.222,0.0,0.0,0,0.0,0.0
2,196,3.92,approach,0.0153,0.00833,0.01283,0.03216,0.03,-30.0,59.85,0.3121,0.0427,1.585,0.0,0.0,0,0.0,0.0
3,196,3.92,approach,0.01715,0.00961,0.01421,0.03288,0.03,-31.31,49.24,0.3101,0.0392,0.163,0.0,0.0,0,0.0,0.0
0,197,3.94,approach,0.02188,0.00447,0.02142,0.03071,0.03,-27.43,62.26,0.3144,0.044,1.408,0.0,0.0,0,0.0,0.0
1,197,3.94,approach,0.01477,0.00433,0.01412,0.02841,0.03,-29.53,59.12,0.311,0.0424,1.208,0.0,0.0,0,0.0,0.0
2,197,3.94,approach,0.01466,0.00783,0.01239,0.03173,0.03,-30.36,59.5,0.3119,0.0427,1.594,0.0,0.0,0,0.0,0.0
3,197,3.94,approach,0.01756,0.00943,0.01482,0.03257,0.03,-31.71,48.88,0.31,0.0392,0.159,0.0,0.0,0,0.0,0.0
0,198,3.96,approach,0.02201,0.00522,0.02138,0.03129,0.03,-28.03,61.63,0.3146,0.0441,1.407,0.0,0.0,0,0.0,0.0
1,198,3.96,approach,0.01541,0.00529,0.01448,0.0292,0.03,-30.16,58.41,0.311,0.0424,1.198,0.0,0.0,0,0.0,0.0
2,198,3.96,approach,0.01441,0.00833,0.01175,0.0322,0.03,-30.94,58.92,0.3118,0.0427,1.596,0.0,0.0,0,0.0,0.0
3,198,3.96,approach,0.01796,0.01093,0.01425,0.03283,0.03,-32.03,48.6,0.3099,0.0391,0.139,0.0,0.0,0,0.0,0.0
0,199,3.98,approach,0.02207,0.00557,0.02136,0.03169,0.03,-28.58,61.02,0.3147,0.0441,1.407,0.0,0.0,0,0.0,0.0
1,199,3.98,approach,0.01527,0.00613,0.01398,0.03098,0.03,-31.08,57.48,0.3111,0.0424,1.206,0.0,0.0,0,0.0,0.0
2,199,3.98,approach,0.0137,0.00792,0.01119,0.03189,0.03,-31.34,58.53,0.3116,0.0426,1.601,0.0,0.0,0,0.0,0.0
3,199,3.98,approach,0.01823,0.01226,0.01349,0.03411,0.03,-32.63,48.01,0.3098,0.039,0.13,0.0,0.0,0,0.0,0.0
0,200,4.0,approach,0.02232,0.00588,0.02153,0.03156,0.03,-28.98,60.56,0.3148,0.0441,1.392,0.0,0.0,0,0.0,0.0
1,200,4.0,approach,0.0155,0.00681,0.01392,0.03147,0.03,-31.66,56.89,0.3111,0.0423,1.199,0.0,0.0,0,0.0,0.0
2,200,4.0,approach,0.01312,0.00767,0.01065,0.03168,0.03,-31.74,58.13,0.3114,0.0426,1.605,0.0,0.0,0,0.0,0.0
3,200,4.0,approach,0.01867,0.01317,0.01322,0.03545,0.03,-33.17,47.61,0.3097,0.0389,0.119,0.0,0.0,0,0.0,0.0
0,201,4.02,approach,0.02237,0.00656,0.02139,0.03166,0.03,-29.47,60.0,0.315,0.0442,1.379,0.0,0.0,0,0.0,0.0
1,201,4.02,approach,0.01505,0.00743,0.01309,0.03174,0.03,-32.23,56.32,0.3111,0.0423,1.193,0.0,0.0,0,0.0,0.0
2,201,4.02,approach,0.01279,0.00791,0.01005,0.0318,0.03,-32.18,57.69,0.3113,0.0425,1.605,0.0,0.0,0,0.0,0.0
3,201,4.02,approach,0.01972,0.01413,0.01375,0.03598,0.03,-33.38,47.58,0.3096,0.0388,0.097,0.0,0.0,0,0.0,0.0
0,202,4.04,approach,0.02226,0.00697,0.02114,0.0321,0.03,-30.01,59.39,0.3152,0.0442,1.376,0.0,0.0,0,0.0,0.0
1,202,4.04,approach,0.01478,0.00822,0.01228,0.03254,0.03,-32.89,55.67,0.3111,0.0422,1.193,0.0,0.0,0,0.0,0.0
2,202,4.04,approach,0.01247,0.0083,0.0093,0.03209,0.03,-32.59,57.28,0.3111,0.0424,1.603,0.0,0.0,0,0.0,0.0
3,202,4.04,approach,0.01969,0.01423,0.0136,0.03583,0.03,-33.7,47.38,0.3095,0.0387,0.086,0.0,0.0,0,0.0,0.0
0,203,4.06,approach,0.0225,0.00711,0.02135,0.03216,0.03,-30.34,58.97,0.3154,0.0443,1.364,0.0,0.0,0,0.0,0.0
1,203,4.06,approach,0.01522,0.0087,0.01249,0.033,0.03,-33.44,55.13,0.3111,0.0422,1.193,0.0,0.0,0,0.0,0.0
2,203,4.06,approach,0.01264,0.00722,0.01038,0.03013,0.03,-32.25,57.64,0.3109,0.0424,1.599,0.0,0.0,0,0.0,0.0
3,203,4.06,approach,0.0196,0.01241,0.01516,0.0323,0.03,-33.28,48.28,0.3094,0.0387,0.089,0.0,0.0,0,0.0,0.0
0,204,4.08,approach,0.02276,0.00736,0.02154,0.03199,0.03,-30.63,58.59,0.3156,0.0443,1.345,0.0,0.0,0,0.0,0.0
1,204,4.08,approach,0.0156,0.00901,0.01274,0.03288,0.03,-33.82,54.77,0.311,0.0422,1.186,0.0,0.0,0,0.0,0.0
2,204,4.08,approach,0.01162,0.00631,0.00976,0.03028,0.03,-32.82,57.07,0.3107,0.0423,1.615,0.0,0.0,0,0.0,0.0
3,204,4.08,approach,0.01816,0.00922,0.01564,0.02984,0.03,-33.76,47.8,0.3094,0.0386,0.114,0.0,0.0,0,0.0,0.0
0,205,4.1,approach,0.02258,0.00768,0.02123,0.03214,0.03,-31.09,58.05,0.3158,0.0443,1.335,0.0,0.0,0,0.0,0.0
1,205,4.1,approach,0.01534,0.00934,0.01217,0.03298,0.03,-34.29,54.36,0.311,0.0422,1.186,0.0,0.0,0,0.0,0.0
2,205,4.1,approach,0.0135,0.00459,0.01269,0.02745,0.03,-32.3,57.61,0.3105,0.0423,1.61,0.0,0.0,0,0.0,0.0
3,205,4.1,approach,0.01722,0.00834,0.01507,0.0309,0.03,-34.8,46.62,0.3094,0.0385,0.108,0.0,0.0,0,0.0,0.0
0,206,4.12,approach,0.02257,0.00804,0.0211,0.03242,0.03,-31.5,57.56,0.316,0.0444,1.323,0.0,0.0,0,0.0,0.0
1,206,4.12,approach,0.01506,0.00971,0.01151,0.03347,0.03,-34.83,53.86,0.3109,0.0421,1.189,0.0,0.0,0,0.0,0.0
2,206,4.12,approach,0.01363,0.00385,0.01307,0.02733,0.03,-32.81,57.09,0.3104,0.0423,1.615,0.0,0.0,0,0.0,0.0
3,206,4.12,approach,0.01864,0.00979,0.01586,0.03083,0.03,-35.02,46.3,0.3093,0.0385,0.082,0.0,0.0,0,0.0,0.0
0,207,4.14,approach,0.02285,0.00826,0.0213,0.0324,0.03,-31.74,57.22,0.3162,0.0445,1.303,0.0,0.0,0,0.0,0.0
1,207,4.14,approach,0.01491,0.01,0.01106,0.03376,0.03,-35.33,53.42,0.3109,0.0421,1.188,0.0,0.0,0,0.0,0.0
2,207,4.14,approach,0.01411,0.00439,0.01341,0.02808,0.03,-33.4,56.49,0.3104,0.0423,1.612,0.0,0.0,0,0.0,0.0
3,207,4.14,approach,0.0193,0.01206,0.01506,0.0324,0.03,-35.53,45.72,0.3093,0.0383,0.062,0.0,0.0,0,0.0,0.0
0,208,4.16,approach,0.02279,0.00835,0.0212,0.03232,0.03,-32.05,56.83,0.3165,0.0445,1.287,0.0,0.0,0,0.0,0.0
1,208,4.16,approach,0.0147,0.01003,0.01075,0.03356,0.03,-35.72,53.07,0.3108,0.0421,1.187,0.0,0.0,0,0.0,0.0
2,208,4.16,approach,0.01429,0.00474,0.01348,0.02863,0.03,-33.98,55.9,0.3104,0.0423,1.61,0.0,0.0,0,0.0,0.0
3,208,4.16,approach,0.01877,0.01156,0.01479,0.0332,0.03,-36.25,45.05,0.3093,0.0383,0.074,0.0,0.0,0,0.0,0.0
0,209,4.18,approach,0.02266,0.0086,0.02097,0.03225,0.03,-32.4,56.42,0.3167,0.0446,1.27,0.0,0.0,0,0.0,0.0
1,209,4.18,approach,0.01423,0.01018,0.00995,0.03357,0.03,-36.16,52.68,0.3107,0.042,1.188,0.0,0.0,0,0.0,0.0
2,209,4.18,approach,0.01396,0.00561,0.01279,0.02932,0.03,-34.74,55.11,0.3104,0.0423,1.605,0.0,0.0,0,0.0,0.0
3,209,4.18,approach,0.01823,0.01046,0.01494,0.03266,0.03,-36.75,44.7,0.3093,0.0382,0.081,0.0,0.0,0,0.0,0.0
0,210,4.2,approach,0.02275,0.00908,0.02086,0.03257,0.03,-32.74,56.02,0.317,0.0447,1.251,0.0,0.0,0,0.0,0.0
1,210,4.2,approach,0.01358,0.01004,0.00915,0.03363,0.03,-36.65,52.24,0.3105,0.042,1.196,0.0,0.0,0,0.0,0.0
2,210,4.2,approach,0.01377,0.00645,0.01216,0.02986,0.03,-35.45,54.39,0.3104,0.0423,1.596,0.0,0.0,0,0.0,0.0
3,210,4.2,approach,0.01833,0.01113,0.01456,0.03239,0.03,-37.09,44.4,0.3092,0.0381,0.067,0.0,0.0,0,0.0,0.0
0,211,4.22,approach,0.02291,0.0093,0.02094,0.03274,0.03,-32.98,55.73,0.3172,0.0448,1.23,0.0,0.0,0,0.0,0.0
1,211,4.22,approach,0.01307,0.00999,0.00843,0.03372,0.03,-37.1,51.82,0.3104,0.0419,1.201,0.0,0.0,0,0.0,0.0
2,211,4.22,approach,0.01349,0.00741,0.01127,0.03067,0.03,-36.19,53.64,0.3104,0.0422,1.588,0.0,0.0,0,0.0,0.0
3,211,4.22,approach,0.01871,0.01285,0.01361,0.03381,0.03,-37.64,43.79,0.3091,0.0379,0.052,0.0,0.0,0,0.0,0.0
0,212,4.24,approach,0.02269,0.00919,0.02075,0.03247,0.03,-33.24,55.42,0.3174,0.0449,1.209,0.0,0.0,0,0.0,0.0
1,212,4.24,approach,0.01272,0.01018,0.00762,0.03371,0.03,-37.45,51.5,0.3102,0.0418,1.197,0.0,0.0,0,0.0,0.0
2,212,4.24,approach,0.01385,0.00836,0.01104,0.03105,0.03,-36.69,53.15,0.3104,0.0422,1.571,0.0,0.0,0,0.0,0.0
3,212,4.24,approach,0.0193,0.01371,0.01358,0.03504,0.03,-38.18,43.32,0.3091,0.0379,0.047,0.0,0.0,0,0.0,0.0
0,213,4.26,approach,0.02235,0.00946,0.02025,0.03262,0.03,-33.65,54.99,0.3177,0.045,1.188,0.0,0.0,0,0.0,0.0
1,213,4.26,approach,0.01239,0.0102,0.00704,0.03368,0.03,-37.69,51.3,0.31,0.0418,1.196,0.0,0.0,0,0.0,0.0
2,213,4.26,approach,0.01357,0.00782,0.01109,0.03054,0.03,-37.08,52.77,0.3103,0.0422,1.573,0.0,0.0,0,0.0,0.0
3,213,4.26,approach,0.02016,0.0145,0.014,0.03553,0.03,-38.44,43.23,0.309,0.0378,0.032,0.0,0.0,0,0.0,0.0
0,214,4.28,approach,0.02227,0.0098,0.02,0.03296,0.03,-33.98,54.62,0.3179,0.0451,1.166,0.0,0.0,0,0.0,0.0
1,214,4.28,approach,0.01187,0.00979,0.00673,0.03367,0.03,-37.98,51.02,0.3098,0.0417,1.203,0.0,0.0,0,0.0,0.0
2,214,4.28,approach,0.01377,0.00863,0.01073,0.03063,0.03,-37.59,52.26,0.3102,0.0421,1.558,0.0,0.0,0,0.0,0.0
3,214,4.28,approach,0.02024,0.01437,0.01425,0.03506,0.03,-38.67,43.14,0.3089,0.0377,0.026,0.0,0.0,0,0.0,0.0
0,215,4.3,approach,0.02209,0.00966,0.01986,0.03273,0.03,-34.19,54.37,0.3181,0.0452,1.142,0.0,0.0,0,0.0,0.0
1,215,4.3,approach,0.01177,0.00831,0.00833,0.03136,0.03,-37.76,51.31,0.3096,0.0417,1.205,0.0,0.0,0,0.0,0.0
2,215,4.3,approach,0.0138,0.00856,0.01083,0.03034,0.03,-37.98,51.88,0.3101,0.0421,1.553,0.0,0.0,0,0.0,0.0
3,215,4.3,approach,0.01923,0.01309,0.01408,0.03425,0.03,-39.15,42.77,0.3088,0.0376,0.035,0.0,0.0,0,0.0,0.0
0,216,4.32,approach,0.02165,0.00971,0.01935,0.03249,0.03,-34.54,54.0,0.3183,0.0453,1.115,0.0,0.0,0,0.0,0.0
1,216,4.32,approach,0.01113,0.00707,0.00859,0.03067,0.03,-38.17,50.88,0.3094,0.0416,1.22,0.0,0.0,0,0.0,0.0
2,216,4.32,approach,0.01425,0.00931,0.0108,0.03055,0.03,-38.44,51.43,0.31,0.042,1.54,0.0,0.0,0,0.0,0.0
3,216,4.32,approach,0.01822,0.01225,0.01349,0.03392,0.03,-39.76,42.18,0.3087,0.0375,0.04,0.0,0.0,0,0.0,0.0
0,217,4.34,approach,0.02124,0.00992,0.01878,0.0326,0.03,-34.91,53.6,0.3186,0.0454,1.09,0.0,0.0,0,0.0,0.0
1,217,4.34,approach,0.01146,0.00678,0.00924,0.0305,0.03,-38.51,50.56,0.3093,0.0416,1.219,0.0,0.0,0,0.0,0.0
2,217,4.34,approach,0.01409,0.00919,0.01068,0.0304,0.03,-38.9,50.98,0.3098,0.0419,1.538,0.0,0.0,0,0.0,0.0
3,217,4.34,approach,0.01803,0.01278,0.01272,0.03429,0.03,-40.28,41.61,0.3086,0.0373,0.031,0.0,0.0,0,0.0,0.0
0,218,4.36,approach,0.02118,0.01032,0.01849,0.03289,0.03,-35.22,53.26,0.3188,0.0455,1.062,0.0,0.0,0,0.0,0.0
1,218,4.36,approach,0.01181,0.00681,0.00965,0.03083,0.03,-38.97,50.1,0.3092,0.0415,1.223,0.0,0.0,0,0.0,0.0
2,218,4.36,approach,0.01407,0.00971,0.01019,0.03065,0.03,-39.5,50.38,0.3096,0.0418,1.528,0.0,0.0,0,0.0,0.0
3,218,4.36,approach,0.01835,0.01376,0.01213,0.03509,0.03,-40.8,41.0,0.3085,0.0372,0.026,0.0,0.0,0,0.0,0.0
0,219,4.38,approach,0.02099,0.01018,0.01836,0.03252,0.03,-35.39,53.04,0.319,0.0456,1.031,0.0,0.0,0,0.0,0.0
1,219,4.38,approach,0.0122,0.0074,0.00969,0.03139,0.03,-39.58,49.46,0.3091,0.0415,1.223,0.0,0.0,0,0.0,0.0
2,219,4.38,approach,0.01399,0.0102,0.00958,0.03106,0.03,-40.11,49.79,0.3095,0.0417,1.518,0.0,0.0,0,0.0,0.0
3,219,4.38,approach,0.01877,0.01441,0.01203,0.03574,0.03,-41.27,40.56,0.3084,0.0371,0.023,0.0,0.0,0,0.0,0.0
0,220,4.4,approach,0.02044,0.01028,0.01767,0.03239,0.03,-35.77,52.64,0.3192,0.0457,1.001,0.0,0.0,0,0.0,0.0
1,220,4.4,approach,0.01211,0.0077,0.00935,0.03168,0.03,-40.12,48.9,0.309,0.0414,1.224,0.0,0.0,0,0.0,0.0
2,220,4.4,approach,0.01372,0.01029,0.00907,0.03121,0.03,-40.62,49.31,0.3093,0.0416,1.511,0.0,0.0,0,0.0,0.0
3,220,4.4,approach,0.01949,0.0152,0.0122,0.03619,0.03,-41.59,40.32,0.3083,0.037,0.011,0.0,0.0,0,0.0,0.0
0,221,4.42,approach,0.0201,0.01076,0.01698,0.03277,0.03,-36.2,52.19,0.3193,0.0458,0.971,0.0,0.0,0,0.0,0.0
1,221,4.42,approach,0.01205,0.0084,0.00865,0.03257,0.03,-40.76,48.26,0.309,0.0413,1.227,0.0,0.0,0,0.0,0.0
2,221,4.42,approach,0.01344,0.01014,0.00881,0.0311,0.03,-41.04,48.9,0.3091,0.0415,1.505,0.0,0.0,0,0.0,0.0
3,221,4.42,approach,0.0196,0.01542,0.01211,0.03621,0.03,-41.92,40.1,0.3082,0.0369,0.004,0.0,0.0,0,0.0,0.0
0,222,4.44,approach,0.0199,0.01081,0.01671,0.03271,0.03,-36.41,51.92,0.3195,0.0459,0.939,0.0,0.0,0,0.0,0.0
1,222,4.44,approach,0.01202,0.00858,0.00841,0.03283,0.03,-41.28,47.75,0.3089,0.0412,1.23,0.0,0.0,0,0.0,0.0
2,222,4.44,approach,0.01313,0.00993,0.00859,0.03086,0.03,-41.45,48.51,0.309,0.0414,1.499,0.0,0.0,0,0.0,0.0
3,222,4.44,approach,0.01876,0.01453,0.01188,0.03563,0.03,-42.34,39.81,0.3081,0.0368,0.009,0.0,0.0,0,0.0,0.0
0,223,4.46,approach,0.01943,0.01088,0.01609,0.03256,0.03,-36.74,51.56,0.3197,0.0459,0.905,0.0,0.0,0,0.0,0.0
1,223,4.46,approach,0.01202,0.00863,0.00836,0.03268,0.03,-41.7,47.34,0.3089,0.0412,1.228,0.0,0.0,0,0.0,0.0
2,223,4.46,approach,0.01306,0.01001,0.00839,0.03091,0.03,-41.9,48.07,0.3088,0.0413,1.491,0.0,0.0,0,0.0,0.0
3,223,4.46,approach,0.01808,0.01371,0.01178,0.03515,0.03,-42.82,39.38,0.308,0.0367,0.012,0.0,0.0,0,0.0,0.0
0,224,4.48,settle,0.01884,0.01098,0.01531,0.03253,0.03,-37.11,51.16,0.3198,0.046,0.872,0.0,0.0,0,0.0,0.0
1,224,4.48,settle,0.01182,0.00906,0.00759,0.0331,0.03,-42.19,46.88,0.3088,0.0411,1.226,0.0,0.0,0,0.0,0.0
2,224,4.48,settle,0.01284,0.00985,0.00824,0.03089,0.03,-42.35,47.63,0.3086,0.0412,1.487,0.0,0.0,0,0.0,0.0
3,224,4.48,settle,0.01787,0.01335,0.01188,0.03473,0.03,-43.25,38.9,0.3079,0.0366,0.011,0.0,0.0,0,0.0,0.0
0,225,4.5,settle,0.01971,0.01387,0.01401,0.03557,0.03,-37.45,50.78,0.3199,0.0461,0.838,0.0,0.0,0,0.0,0.0
1,225,4.5,settle,0.01308,0.01109,0.00694,0.03569,0.03,-42.68,46.4,0.3087,0.041,1.235,0.0,0.0,0,0.0,0.0
2,225,4.5,settle,0.01364,0.0114,0.0075,0.03362,0.03,-42.82,47.17,0.3085,0.0411,1.481,0.0,0.0,0,0.0,0.0
3,225,4.5,settle,0.01824,0.01435,0.01126,0.03694,0.03,-43.72,38.36,0.3078,0.0364,0.007,0.0,0.0,0,0.0,0.0
0,226,4.52,settle,0.02019,0.01444,0.01412,0.0362,0.03,-37.1,51.02,0.32,0.0462,0.806,0.0,0.0,0,0.0,0.0
1,226,4.52,settle,0.01358,0.01136,0.00744,0.03587,0.03,-42.75,46.34,0.3086,0.041,1.239,0.0,0.0,0,0.0,0.0
2,226,4.52,settle,0.01345,0.01105,0.00766,0.03411,0.03,-42.86,47.14,0.3083,0.041,1.49,0.0,0.0,0,0.0,0.0
3,226,4.52,settle,0.01926,0.01568,0.01119,0.03865,0.03,-43.9,38.18,0.3076,0.0363,-0.004,0.0,0.0,0,0.0,0.0
0,227,4.54,settle,0.0192,0.0141,0.01304,0.03588,0.03,-36.99,51.08,0.3201,0.0462,0.773,0.0,0.0,0,0.0,0.0
1,227,4.54,settle,0.01311,0.01083,0.00738,0.0352,0.03,-42.66,46.4,0.3084,0.0409,1.234,0.0,0.0,0,0.0,0.0
2,227,4.54,settle,0.01313,0.01115,0.00694,0.03443,0.03,-42.98,47.01,0.3081,0.0409,1.481,0.0,0.0,0,0.0,0.0
3,227,4.54,settle,0.01872,0.0147,0.01158,0.03796,0.03,-43.8,38.33,0.3075,0.0362,0.003,0.0,0.0,0,0.0,0.0
0,228,4.56,settle,0.01774,0.01353,0.01147,0.03576,0.03,-37.01,51.05,0.3202,0.0462,0.746,0.0,0.0,0,0.0,0.0
1,228,4.56,settle,0.01303,0.01138,0.00634,0.03607,0.03,-42.93,46.09,0.3083,0.0408,1.242,0.0,0.0,0,0.0,0.0
2,228,4.56,settle,0.01306,0.01139,0.0064,0.03495,0.03,-43.11,46.88,0.3079,0.0408,1.477,0.0,0.0,0,0.0,0.0
3,228,4.56,settle,0.01699,0.01259,0.01142,0.03645,0.03,-43.91,38.11,0.3074,0.036,0.028,0.0,0.0,0,0.0,0.0
0,229,4.58,settle,0.0167,0.01273,0.0108,0.03539,0.03,-36.76,51.38,0.3204,0.0462,0.718,0.0,0.0,0,0.0,0.0
1,229,4.58,settle,0.01342,0.01196,0.00609,0.03675,0.03,-43.12,45.86,0.3082,0.0407,1.246,0.0,0.0,0,0.0,0.0
2,229,4.58,settle,0.01329,0.0119,0.00591,0.03582,0.03,-43.27,46.72,0.3078,0.0407,1.477,0.0,0.0,0,0.0,0.0
3,229,4.58,settle,0.01644,0.0126,0.01056,0.03665,0.03,-44.1,37.67,0.3073,0.0359,0.026,0.0,0.0,0,0.0,0.0
0,230,4.6,settle,0.01487,0.01118,0.00981,0.03473,0.03,-36.46,51.9,0.3206,0.0463,0.7,0.0,0.0,0,0.0,0.0
1,230,4.6,settle,0.01289,0.01124,0.00631,0.03592,0.03,-43.04,45.92,0.3081,0.0406,1.245,0.0,0.0,0,0.0,0.0
2,230,4.6,settle,0.01248,0.01111,0.00568,0.03546,0.03,-43.21,46.79,0.3078,0.0406,1.481,0.0,0.0,0,0.0,0.0
3,230,4.6,settle,0.01647,0.01334,0.00967,0.03738,0.03,-44.25,37.22,0.3072,0.0357,0.021,0.0,0.0,0,0.0,0.0
0,231,4.62,settle,0.01428,0.00917,0.01095,0.03082,0.03,-36.0,53.18,0.3207,0.0463,0.613,0.0,0.0,0,0.0,0.0
1,231,4.62,settle,0.0122,0.01099,0.00531,0.03592,0.03,-43.14,45.77,0.308,0.0404,1.245,0.0,0.0,0,0.0,0.0
2,231,4.62,settle,0.01166,0.01058,0.00489,0.0353,0.03,-43.29,46.71,0.3077,0.0405,1.478,0.0,0.0,0,0.0,0.0
3,231,4.62,settle,0.01626,0.01323,0.00946,0.03725,0.03,-44.31,36.91,0.3072,0.0356,0.029,0.0,0.0,0,0.0,0.0
0,232,4.64,settle,0.01621,0.01034,0.01249,0.02682,0.03,-35.69,54.08,0.3208,0.0463,0.53,0.0,0.0,0,0.0,0.0
1,232,4.64,settle,0.01196,0.01116,0.0043,0.0365,0.03,-43.34,45.53,0.308,0.0403,1.246,0.0,0.0,0,0.0,0.0
2,232,4.64,settle,0.01129,0.01068,0.00366,0.03591,0.03,-43.53,46.47,0.3078,0.0404,1.475,0.0,0.0,0,0.0,0.0
3,232,4.64,settle,0.01619,0.01304,0.0096,0.03678,0.03,-44.25,36.73,0.3072,0.0355,0.033,0.0,0.0,0,0.0,0.0
0,233,4.66,settle,0.01391,0.01003,0.00963,0.02707,0.03,-36.7,53.29,0.3209,0.0463,0.514,0.0,0.0,0,0.0,0.0
1,233,4.66,settle,0.01148,0.0108,0.00389,0.03643,0.03,-43.42,45.43,0.308,0.0402,1.248,0.0,0.0,0,0.0,0.0
2,233,4.66,settle,0.0107,0.01026,0.00305,0.03588,0.03,-43.5,46.49,0.3078,0.0403,1.475,0.0,0.0,0,0.0,0.0
3,233,4.66,settle,0.01627,0.0133,0.00937,0.03667,0.03,-44.2,36.54,0.3072,0.0353,0.033,0.0,0.0,0,0.0,0.0
0,234,4.68,settle,0.01162,0.01083,0.00422,0.03197,0.03,-38.41,51.59,0.3211,0.0462,0.487,0.0,0.0,0,0.0,0.0
1,234,4.68,settle,0.01059,0.01002,0.00344,0.03587,0.03,-43.38,45.45,0.308,0.0401,1.246,0.0,0.0,0,0.0,0.0
2,234,4.68,settle,0.00957,0.00916,0.0028,0.03507,0.03,-43.32,46.68,0.3078,0.0403,1.478,0.0,0.0,0,0.0,0.0
3,234,4.68,settle,0.01622,0.01348,0.00901,0.03664,0.03,-44.19,36.33,0.3072,0.0352,0.037,0.0,0.0,0,0.0,0.0
0,235,4.7,settle,0.00727,0.00688,0.00234,0.03211,0.03,-38.16,51.77,0.3213,0.0462,0.493,0.0,0.0,0,0.0,0.0
1,235,4.7,settle,0.01015,0.00979,0.00268,0.03589,0.03,-43.42,45.38,0.308,0.04,1.243,0.0,0.0,0,0.0,0.0
2,235,4.7,settle,0.00875,0.0084,0.00246,0.03439,0.03,-43.18,46.82,0.3079,0.0402,1.477,0.0,0.0,0,0.0,0.0
3,235,4.7,settle,0.01623,0.01348,0.00904,0.03635,0.03,-44.15,36.15,0.3072,0.0351,0.04,0.0,0.0,0,0.0,0.0
0,236,4.72,settle,0.00731,0.0071,0.00174,0.03138,0.03,-37.92,51.92,0.3214,0.0462,0.423,0.0,0.0,0,0.0,0.0
1,236,4.72,settle,0.00963,0.00935,0.0023,0.03579,0.03,-43.5,45.28,0.308,0.0399,1.249,0.0,0.0,0,0.0,0.0
2,236,4.72,settle,0.00828,0.00799,0.00218,0.03411,0.03,-43.1,46.9,0.308,0.0401,1.48,0.0,0.0,0,0.0,0.0
3,236,4.72,settle,0.01627,0.01357,0.00898,0.03615,0.03,-44.12,35.97,0.3072,0.0351,0.041,0.0,0.0,0,0.0,0.0
0,237,4.74,settle,0.0105,0.01026,0.00224,0.03007,0.03,-37.29,52.44,0.3215,0.0462,0.344,0.0,0.0,0,0.0,0.0
1,237,4.74,settle,0.0091,0.00889,0.00192,0.03557,0.03,-43.5,45.28,0.3081,0.0398,1.249,0.0,0.0,0,0.0,0.0
2,237,4.74,settle,0.00757,0.00726,0.00215,0.03359,0.03,-42.97,47.03,0.308,0.0401,1.486,0.0,0.0,0,0.0,0.0
3,237,4.74,settle,0.01626,0.01374,0.0087,0.03607,0.03,-44.12,35.77,0.3073,0.035,0.042,0.0,0.0,0,0.0,0.0
0,238,4.76,settle,0.00983,0.00963,0.00194,0.03017,0.03,-36.87,52.75,0.3217,0.0463,0.318,0.0,0.0,0,0.0,0.0
1,238,4.76,settle,0.00866,0.00853,0.00151,0.03535,0.03,-43.49,45.28,0.3082,0.0397,1.247,0.0,0.0,0,0.0,0.0
2,238,4.76,settle,0.00705,0.00674,0.00205,0.03313,0.03,-42.88,47.12,0.3081,0.04,1.491,0.0,0.0,0,0.0,0.0
3,238,4.76,settle,0.01613,0.01388,0.00822,0.03608,0.03,-44.15,35.54,0.3073,0.0349,0.045,0.0,0.0,0,0.0,0.0
0,239,4.78,settle,0.00942,0.00843,0.00421,0.02773,0.03,-35.81,53.72,0.3219,0.0464,0.286,0.0,0.0,0,0.0,0.0
1,239,4.78,settle,0.00832,0.00823,0.00119,0.03518,0.03,-43.48,45.28,0.3082,0.0397,1.249,0.0,0.0,0,0.0,0.0
2,239,4.78,settle,0.00676,0.00648,0.00192,0.03289,0.03,-42.82,47.17,0.3082,0.04,1.494,0.0,0.0,0,0.0,0.0
3,239,4.78,settle,0.01607,0.01416,0.0076,0.03642,0.03,-44.22,35.33,0.3073,0.0348,0.045,0.0,0.0,0,0.0,0.0
0,240,4.8,settle,0.0103,0.00943,0.00416,0.02663,0.03,-35.27,54.24,0.322,0.0464,0.227,0.0,0.0,0,0.0,0.0
1,240,4.8,settle,0.00788,0.00781,0.00103,0.0349,0.03,-43.47,45.29,0.3083,0.0396,1.254,0.0,0.0,0,0.0,0.0
2,240,4.8,settle,0.00668,0.00641,0.0019,0.03283,0.03,-42.79,47.2,0.3083,0.0399,1.498,0.0,0.0,0,0.0,0.0
3,240,4.8,settle,0.01587,0.01415,0.00717,0.03656,0.03,-44.29,35.14,0.3074,0.0348,0.048,0.0,0.0,0,0.0,0.0
0,241,4.82,settle,0.00809,0.00768,0.00255,0.02648,0.03,-35.11,54.37,0.3222,0.0464,0.202,0.0,0.0,0,0.0,0.0
1,241,4.82,settle,0.00749,0.00743,0.00094,0.03456,0.03,-43.44,45.32,0.3084,0.0396,1.256,0.0,0.0,0,0.0,0.0
2,241,4.82,settle,0.00641,0.00607,0.00206,0.03252,0.03,-42.67,47.32,0.3084,0.0398,1.505,0.0,0.0,0,0.0,0.0
3,241,4.82,settle,0.01566,0.0141,0.00682,0.03646,0.03,-44.29,35.06,0.3074,0.0347,0.051,0.0,0.0,0,0.0,0.0
0,242,4.84,settle,0.00624,0.00579,0.00233,0.02632,0.03,-34.73,54.73,0.3223,0.0464,0.172,0.0,0.0,0,0.0,0.0
1,242,4.84,settle,0.00711,0.00705,0.00086,0.0341,0.03,-43.38,45.39,0.3085,0.0395,1.258,0.0,0.0,0,0.0,0.0
2,242,4.84,settle,0.00623,0.00585,0.00213,0.03219,0.03,-42.59,47.4,0.3086,0.0398,1.508,0.0,0.0,0,0.0,0.0
3,242,4.84,settle,0.01576,0.01437,0.00647,0.03657,0.03,-44.28,35.01,0.3075,0.0347,0.051,0.0,0.0,0,0.0,0.0
0,243,4.86,settle,0.00935,0.00661,0.00662,0.02198,0.03,-33.59,55.85,0.3225,0.0466,0.128,0.0,0.0,0,0.0,0.0
1,243,4.86,settle,0.00692,0.00688,0.00081,0.03378,0.03,-43.33,45.45,0.3086,0.0394,1.26,0.0,0.0,0,0.0,0.0
2,243,4.86,settle,0.00624,0.00589,0.00206,0.03214,0.03,-42.58,47.41,0.3087,0.0397,1.511,0.0,0.0,0,0.0,0.0
3,243,4.86,settle,0.01563,0.01436,0.00619,0.03656,0.03,-44.29,34.95,0.3075,0.0346,0.056,0.0,0.0,0,0.0,0.0
0,244,4.88,settle,0.01015,0.00779,0.00652,0.02067,0.03,-33.39,56.08,0.3226,0.0466,0.078,0.0,0.0,0,0.0,0.0
1,244,4.88,settle,0.00676,0.00671,0.00077,0.03355,0.03,-43.3,45.5,0.3087,0.0394,1.264,0.0,0.0,0,0.0,0.0
2,244,4.88,settle,0.00622,0.0059,0.00199,0.03219,0.03,-42.59,47.4,0.3089,0.0397,1.515,0.0,0.0,0,0.0,0.0
3,244,4.88,settle,0.01527,0.01405,0.00596,0.03633,0.03,-44.31,34.9,0.3076,0.0346,0.062,0.0,0.0,0,0.0,0.0
0,245,4.9,settle,0.0082,0.00668,0.00476,0.02191,0.03,-33.44,56.01,0.3228,0.0466,0.046,0.0,0.0,0,0.0,0.0
1,245,4.9,settle,0.0064,0.00634,0.00089,0.03301,0.03,-43.22,45.6,0.3088,0.0393,1.269,0.0,0.0,0,0.0,0.0
2,245,4.9,settle,0.00596,0.00559,0.00205,0.03203,0.03,-42.53,47.46,0.3091,0.0396,1.521,0.0,0.0,0,0.0,0.0
3,245,4.9,settle,0.01489,0.01375,0.00572,0.03599,0.03,-44.31,34.89,0.3076,0.0346,0.068,0.0,0.0,0,0.0,0.0
0,246,4.92,settle,0.01058,0.00745,0.0075,0.01982,0.03,-32.56,56.86,0.323,0.0467,0.017,0.0,0.0,0,0.0,0.0
1,246,4.92,settle,0.00623,0.00616,0.00097,0.03249,0.03,-43.13,45.69,0.3088,0.0392,1.271,0.0,0.0,0,0.0,0.0
2,246,4.92,settle,0.00586,0.00551,0.00198,0.03193,0.03,-42.52,47.47,0.3093,0.0396,1.522,0.0,0.0,0,0.0,0.0
3,246,4.92,settle,0.01475,0.01372,0.00542,0.03587,0.03,-44.3,34.89,0.3077,0.0345,0.071,0.0,0.0,0,0.0,0.0
0,247,4.94,settle,0.01148,0.00861,0.00759,0.01882,0.03,-32.19,57.26,0.3232,0.0467,-0.067,0.0,0.0,0,0.0,0.0
1,247,4.94,settle,0.0064,0.00631,0.00111,0.0322,0.03,-43.07,45.77,0.3089,0.0392,1.271,0.0,0.0,0,0.0,0.0
2,247,4.94,settle,0.00574,0.00538,0.00199,0.03177,0.03,-42.47,47.52,0.3094,0.0395,1.525,0.0,0.0,0,0.0,0.0
3,247,4.94,settle,0.01457,0.01365,0.00509,0.03587,0.03,-44.33,34.87,0.3077,0.0345,0.075,0.0,0.0,0,0.0,0.0
0,248,4.96,settle,0.01139,0.00914,0.0068,0.01851,0.03,-31.84,57.58,0.3234,0.0467,-0.111,0.0,0.0,0,0.0,0.0
1,248,4.96,settle,0.00657,0.00638,0.00159,0.03172,0.03,-42.93,45.92,0.3089,0.0391,1.272,0.0,0.0,0,0.0,0.0
2,248,4.96,settle,0.00573,0.00534,0.00207,0.03172,0.03,-42.45,47.55,0.3096,0.0395,1.527,0.0,0.0,0,0.0,0.0
3,248,4.96,settle,0.01487,0.01407,0.00481,0.03633,0.03,-44.36,34.85,0.3077,0.0345,0.073,0.0,0.0,0,0.0,0.0
0,249,4.98,settle,0.00984,0.00821,0.00543,0.02006,0.03,-31.79,57.68,0.3237,0.0468,-0.141,0.0,0.0,0,0.0,0.0
1,249,4.98,settle,0.00689,0.00657,0.00208,0.03122,0.03,-42.8,46.07,0.309,0.039,1.271,0.0,0.0,0,0.0,0.0
2,249,4.98,settle,0.00561,0.00512,0.00228,0.03144,0.03,-42.37,47.62,0.3098,0.0394,1.531,0.0,0.0,0,0.0,0.0
3,249,4.98,settle,0.01537,0.0146,0.00478,0.03673,0.03,-44.33,34.92,0.3078,0.0345,0.069,0.0,0.0,0,0.0,0.0
0,250,5.0,settle,0.01203,0.0092,0.00775,0.01791,0.03,-31.05,58.42,0.3239,0.0468,-0.215,0.0,0.0,0,0.0,0.0
1,250,5.0,settle,0.0073,0.00687,0.00247,0.03094,0.03,-42.74,46.14,0.309,0.0389,1.271,0.0,0.0,0,0.0,0.0
2,250,5.0,settle,0.00566,0.00512,0.00241,0.0312,0.03,-42.32,47.68,0.31,0.0394,1.532,0.0,0.0,0,0.0,0.0
3,250,5.0,settle,0.01603,0.01523,0.00498,0.03706,0.03,-44.22,35.15,0.3078,0.0344,0.058,0.0,0.0,0,0.0,0.0
0,251,5.02,settle,0.01182,0.00963,0.00686,0.01793,0.03,-30.75,58.75,0.3241,0.0469,-0.26,0.0,0.0,0,0.0,0.0
1,251,5.02,settle,0.00747,0.00689,0.0029,0.03075,0.03,-42.7,46.19,0.309,0.0388,1.273,0.0,0.0,0,0.0,0.0
2,251,5.02,settle,0.006,0.00543,0.00257,0.03112,0.03,-42.29,47.71,0.3102,0.0393,1.533,0.0,0.0,0,0.0,0.0
3,251,5.02,settle,0.01643,0.01546,0.00557,0.03686,0.03,-44.05,35.46,0.3078,0.0344,0.051,0.0,0.0,0,0.0,0.0
0,252,5.04,settle,0.01065,0.00928,0.00522,0.01915,0.03,-30.78,58.72,0.3244,0.0469,-0.301,0.0,0.0,0,0.0,0.0
1,252,5.04,settle,0.00736,0.00661,0.00323,0.03049,0.03,-42.64,46.27,0.3091,0.0387,1.275,0.0,0.0,0,0.0,0.0
2,252,5.04,settle,0.00622,0.00548,0.00295,0.03086,0.03,-42.2,47.8,0.3104,0.0393,1.536,0.0,0.0,0,0.0,0.0
3,252,5.04,settle,0.01579,0.01436,0.00656,0.03538,0.03,-43.89,35.74,0.3079,0.0344,0.059,0.0,0.0,0,0.0,0.0
0,253,5.06,settle,0.01206,0.01002,0.00672,0.01778,0.03,-30.09,59.47,0.3247,0.0469,-0.355,0.0,0.0,0,0.0,0.0
1,253,5.06,settle,0.00718,0.00642,0.00322,0.03042,0.03,-42.65,46.27,0.3092,0.0386,1.276,0.0,0.0,0,0.0,0.0
2,253,5.06,settle,0.00642,0.00548,0.00334,0.03048,0.03,-42.1,47.9,0.3105,0.0393,1.539,0.0,0.0,0,0.0,0.0
3,253,5.06,settle,0.01535,0.01354,0.00724,0.03432,0.03,-43.84,35.76,0.3079,0.0344,0.065,0.0,0.0,0,0.0,0.0
0,254,5.08,settle,0.01132,0.0096,0.00599,0.01855,0.03,-29.79,59.78,0.325,0.047,-0.406,0.0,0.0,0,0.0,0.0
1,254,5.08,settle,0.00708,0.00631,0.0032,0.03046,0.03,-42.69,46.25,0.3092,0.0385,1.277,0.0,0.0,0,0.0,0.0
2,254,5.08,settle,0.00694,0.00592,0.00361,0.0303,0.03,-42.05,47.95,0.3107,0.0392,1.537,0.0,0.0,0,0.0,0.0
3,254,5.08,settle,0.01572,0.01376,0.00762,0.0342,0.03,-43.79,35.76,0.308,0.0344,0.059,0.0,0.0,0,0.0,0.0
0,255,5.1,settle,0.01234,0.01052,0.00644,0.01819,0.03,-29.36,60.36,0.3253,0.0471,-0.5,0.0,0.0,0,0.0,0.0
1,255,5.1,settle,0.00707,0.0062,0.0034,0.03044,0.03,-42.71,46.24,0.3093,0.0384,1.277,0.0,0.0,0,0.0,0.0
2,255,5.1,settle,0.00759,0.00644,0.00401,0.0302,0.03,-42.0,48.0,0.3108,0.0392,1.536,0.0,0.0,0,0.0,0.0
3,255,5.1,settle,0.01639,0.01441,0.00781,0.03475,0.03,-43.79,35.74,0.308,0.0344,0.051,0.0,0.0,0,0.0,0.0
0,256,5.12,settle,0.01495,0.01277,0.00778,0.016,0.03,-28.48,61.44,0.3255,0.0471,-0.562,0.0,0.0,0,0.0,0.0
1,256,5.12,settle,0.00717,0.00617,0.00364,0.03028,0.03,-42.7,46.27,0.3094,0.0383,1.277,0.0,0.0,0,0.0,0.0
2,256,5.12,settle,0.00819,0.0069,0.00441,0.03009,0.03,-41.95,48.05,0.311,0.0392,1.536,0.0,0.0,0,0.0,0.0
3,256,5.12,settle,0.01645,0.01432,0.00808,0.03482,0.03,-43.83,35.73,0.3081,0.0344,0.053,0.0,0.0,0,0.0,0.0
0,257,5.14,settle,0.0159,0.01341,0.00854,0.01518,0.03,-28.63,61.36,0.3257,0.0472,-0.626,0.0,0.0,0,0.0,0.0
1,257,5.14,settle,0.00731,0.00625,0.00379,0.03016,0.03,-42.68,46.31,0.3094,0.0382,1.277,0.0,0.0,0,0.0,0.0
2,257,5.14,settle,0.00887,0.00746,0.00479,0.02994,0.03,-41.9,48.1,0.3111,0.0391,1.533,0.0,0.0,0,0.0,0.0
3,257,5.14,settle,0.01631,0.014,0.00837,0.03448,0.03,-43.83,35.78,0.3082,0.0344,0.055,0.0,0.0,0,0.0,0.0
0,258,5.16,settle,0.01449,0.01287,0.00667,0.01522,0.03,-28.83,60.98,0.3259,0.0473,-0.664,0.0,0.0,0,0.0,0.0
1,258,5.16,settle,0.00746,0.0064,0.00384,0.0303,0.03,-42.71,46.32,0.3095,0.0381,1.276,0.0,0.0,0,0.0,0.0
2,258,5.16,settle,0.00964,0.00816,0.00513,0.02993,0.03,-41.87,48.12,0.3113,0.0391,1.526,0.0,0.0,0,0.0,0.0
3,258,5.16,settle,0.01655,0.01419,0.00851,0.03441,0.03,-43.79,35.88,0.3082,0.0343,0.051,0.0,0.0,0,0.0,0.0
0,259,5.18,settle,0.01501,0.01333,0.00689,0.01861,0.03,-29.51,59.85,0.3259,0.0474,-0.768,0.0,0.0,0,0.0,0.0
1,259,5.18,settle,0.0076,0.00644,0.00402,0.03023,0.03,-42.66,46.42,0.3096,0.0381,1.276,0.0,0.0,0,0.0,0.0
2,259,5.18,settle,0.01039,0.00874,0.00562,0.02984,0.03,-41.82,48.18,0.3114,0.0391,1.519,0.0,0.0,0,0.0,0.0
3,259,5.18,settle,0.01705,0.01479,0.0085,0.03493,0.03,-43.8,35.93,0.3083,0.0343,0.043,0.0,0.0,0,0.0,0.0
0,260,5.2,settle,0.01717,0.01403,0.0099,0.01542,0.03,-28.98,60.27,0.3259,0.0475,-0.795,0.0,0.0,0,0.0,0.0
1,260,5.2,settle,0.0077,0.00642,0.00425,0.02997,0.03,-42.59,46.54,0.3097,0.038,1.275,0.0,0.0,0,0.0,0.0
2,260,5.2,settle,0.01111,0.00933,0.00602,0.0298,0.03,-41.8,48.2,0.3116,0.039,1.511,0.0,0.0,0,0.0,0.0
3,260,5.2,settle,0.01697,0.01462,0.0086,0.03497,0.03,-43.85,35.97,0.3084,0.0343,0.045,0.0,0.0,0,0.0,0.0
0,261,5.22,settle,0.01623,0.01314,0.00952,0.0153,0.03,-29.99,59.14,0.3259,0.0476,-0.814,0.0,0.0,0,0.0,0.0
1,261,5.22,settle,0.00777,0.00647,0.0043,0.02997,0.03,-42.58,46.57,0.3097,0.0379,1.276,0.0,0.0,0,0.0,0.0
2,261,5.22,settle,0.01182,0.00988,0.00649,0.0297,0.03,-41.74,48.25,0.3117,0.039,1.499,0.0,0.0,0,0.0,0.0
3,261,5.22,settle,0.01675,0.0143,0.00872,0.03465,0.03,-43.85,36.07,0.3084,0.0343,0.047,0.0,0.0,0,0.0,0.0
0,262,5.24,settle,0.01616,0.0145,0.00715,0.02102,0.03,-31.28,57.81,0.3258,0.0475,-0.92,0.0,0.0,0,0.0,0.0
1,262,5.24,settle,0.00783,0.00646,0.00441,0.03001,0.03,-42.58,46.6,0.3098,0.0379,1.276,0.0,0.0,0,0.0,0.0
2,262,5.24,settle,0.01253,0.01037,0.00702,0.02956,0.03,-41.69,48.31,0.3118,0.039,1.485,0.0,0.0,0,0.0,0.0
3,262,5.24,settle,0.01694,0.01452,0.00874,0.03456,0.03,-43.8,36.19,0.3085,0.0343,0.043,0.0,0.0,0,0.0,0.0
0,263,5.26,settle,0.0148,0.01284,0.00736,0.02115,0.03,-32.1,56.95,0.3256,0.0476,-0.94,0.0,0.0,0,0.0,0.0
1,263,5.26,settle,0.00786,0.0064,0.00456,0.02992,0.03,-42.56,46.65,0.3099,0.0378,1.278,0.0,0.0,0,0.0,0.0
2,263,5.26,settle,0.01326,0.01092,0.00753,0.0295,0.03,-41.65,48.35,0.3119,0.039,1.468,0.0,0.0,0,0.0,0.0
3,263,5.26,settle,0.01748,0.0152,0.00864,0.03513,0.03,-43.8,36.24,0.3085,0.0343,0.036,0.0,0.0,0,0.0,0.0
0,264,5.28,settle,0.01348,0.01102,0.00777,0.02126,0.03,-32.95,56.12,0.3254,0.0476,-0.959,0.0,0.0,0,0.0,0.0
1,264,5.28,settle,0.00792,0.0064,0.00468,0.02979,0.03,-42.53,46.69,0.3099,0.0377,1.278,0.0,0.0,0,0.0,0.0
2,264,5.28,settle,0.01396,0.01138,0.00807,0.02938,0.03,-41.6,48.39,0.3121,0.0389,1.45,0.0,0.0,0,0.0,0.0
3,264,5.28,settle,0.01762,0.01533,0.00869,0.03543,0.03,-43.84,36.25,0.3086,0.0343,0.035,0.0,0.0,0,0.0,0.0
0,265,5.3,settle,0.01236,0.01001,0.00724,0.01978,0.03,-33.56,55.66,0.3252,0.0475,-0.967,0.0,0.0,0,0.0,0.0
1,265,5.3,settle,0.00803,0.00646,0.00477,0.02979,0.03,-42.53,46.71,0.31,0.0377,1.279,0.0,0.0,0,0.0,0.0
2,265,5.3,settle,0.01469,0.01196,0.00852,0.0294,0.03,-41.59,48.41,0.3122,0.0389,1.428,0.0,0.0,0,0.0,0.0
3,265,5.3,settle,0.01779,0.01543,0.00885,0.03548,0.03,-43.84,36.31,0.3086,0.0344,0.034,0.0,0.0,0,0.0,0.0
0,266,5.32,settle,0.01064,0.01033,0.00253,0.02512,0.03,-34.87,54.67,0.3249,0.0473,-1.031,0.0,0.0,0,0.0,0.0
1,266,5.32,settle,0.00804,0.00641,0.00485,0.02981,0.03,-42.53,46.72,0.31,0.0376,1.28,0.0,0.0,0,0.0,0.0
2,266,5.32,settle,0.01387,0.01112,0.00828,0.02949,0.03,-41.71,48.29,0.3124,0.0389,1.42,0.0,0.0,0,0.0,0.0
3,266,5.32,settle,0.01814,0.01575,0.009,0.03544,0.03,-43.77,36.42,0.3086,0.0344,0.03,0.0,0.0,0,0.0,0.0
0,267,5.34,settle,0.00613,0.00613,-0.00011,0.02718,0.03,-35.76,53.86,0.3246,0.0472,-1.026,0.0,0.0,0,0.0,0.0
1,267,5.34,settle,0.00811,0.00639,0.00499,0.02972,0.03,-42.52,46.75,0.3101,0.0376,1.281,0.0,0.0,0,0.0,0.0
2,267,5.34,settle,0.0138,0.01106,0.00826,0.02946,0.03,-41.73,48.26,0.3125,0.0389,1.397,0.0,0.0,0,0.0,0.0
3,267,5.34,settle,0.0183,0.01591,0.00905,0.03541,0.03,-43.74,36.5,0.3086,0.0344,0.029,0.0,0.0,0,0.0,0.0
0,268,5.36,settle,0.00411,0.00387,0.00141,0.02673,0.03,-35.68,54.11,0.3243,0.0471,-1.037,0.0,0.0,0,0.0,0.0
1,268,5.36,settle,0.00823,0.00643,0.00515,0.02956,0.03,-42.49,46.78,0.3101,0.0375,1.282,0.0,0.0,0,0.0,0.0
2,268,5.36,settle,0.01419,0.01141,0.00843,0.02936,0.03,-41.72,48.28,0.3126,0.0388,1.371,0.0,0.0,0,0.0,0.0
3,268,5.36,settle,0.01829,0.0159,0.00905,0.0355,0.03,-43.76,36.54,0.3087,0.0344,0.028,0.0,0.0,0,0.0,0.0
0,269,5.38,settle,0.00659,0.00519,0.00406,0.0234,0.03,-35.11,54.82,0.3239,0.047,-1.06,0.0,0.0,0,0.0,0.0
1,269,5.38,settle,0.0084,0.0066,0.00521,0.02962,0.03,-42.5,46.79,0.3102,0.0375,1.281,0.0,0.0,0,0.0,0.0
2,269,5.38,settle,0.01449,0.01181,0.0084,0.02967,0.03,-41.78,48.21,0.3128,0.0388,1.35,0.0,0.0,0,0.0,0.0
3,269,5.38,settle,0.01847,0.01609,0.00908,0.03566,0.03,-43.76,36.59,0.3087,0.0345,0.024,0.0,0.0,0,0.0,0.0
0,270,5.4,settle,0.00929,0.00868,0.00331,0.02188,0.03,-35.42,54.55,0.3235,0.0468,-1.053,0.0,0.0,0,0.0,0.0
1,270,5.4,settle,0.00845,0.00657,0.00532,0.02961,0.03,-42.51,46.79,0.3102,0.0375,1.283,0.0,0.0,0,0.0,0.0
2,270,5.4,settle,0.01449,0.01178,0.00844,0.02976,0.03,-41.81,48.18,0.3129,0.0389,1.332,0.0,0.0,0,0.0,0.0
3,270,5.4,settle,0.01878,0.01639,0.00916,0.03578,0.03,-43.73,36.65,0.3087,0.0345,0.02,0.0,0.0,0,0.0,0.0
0,271,5.42,settle,0.00604,0.00581,-0.00164,0.02668,0.03,-36.69,53.28,0.3231,0.0465,-1.123,0.0,0.0,0,0.0,0.0
1,271,5.42,settle,0.00862,0.00663,0.00551,0.02947,0.03,-42.49,46.83,0.3103,0.0374,1.282,0.0,0.0,0,0.0,0.0
2,271,5.42,settle,0.01458,0.01188,0.00844,0.0297,0.03,-41.82,48.18,0.3131,0.0389,1.31,0.0,0.0,0,0.0,0.0
3,271,5.42,settle,0.01891,0.01649,0.00925,0.0358,0.03,-43.71,36.7,0.3087,0.0345,0.018,0.0,0.0,0,0.0,0.0
0,272,5.44,settle,0.00462,0.00435,-0.00156,0.02936,0.03,-37.22,52.76,0.3228,0.0464,-1.124,0.0,0.0,0,0.0,0.0
1,272,5.44,settle,0.00877,0.00671,0.00564,0.02935,0.03,-42.47,46.86,0.3103,0.0374,1.282,0.0,0.0,0,0.0,0.0
2,272,5.44,settle,0.01468,0.01206,0.00838,0.02966,0.03,-41.82,48.17,0.3132,0.0389,1.285,0.0,0.0,0,0.0,0.0
3,272,5.44,settle,0.01889,0.01642,0.00934,0.03575,0.03,-43.72,36.74,0.3087,0.0346,0.017,0.0,0.0,0,0.0,0.0
0,273,5.46,settle,0.00482,0.00466,0.00123,0.02781,0.03,-36.33,53.66,0.3225,0.0462,-1.16,0.0,0.0,0,0.0,0.0
1,273,5.46,settle,0.00887,0.0068,0.00568,0.02939,0.03,-42.48,46.86,0.3103,0.0374,1.281,0.0,0.0,0,0.0,0.0
2,273,5.46,settle,0.01477,0.01237,0.00808,0.02999,0.03,-41.89,48.1,0.3133,0.0389,1.26,0.0,0.0,0,0.0,0.0
3,273,5.46,settle,0.0189,0.01639,0.00942,0.03567,0.03,-43.71,36.78,0.3087,0.0346,0.015,0.0,0.0,0,0.0,0.0
0,274,5.48,settle,0.0079,0.0072,0.00325,0.02426,0.03,-35.72,54.27,0.3221,0.046,-1.187,0.0,0.0,0,0.0,0.0
1,274,5.48,settle,0.00892,0.00679,0.00578,0.02937,0.03,-42.48,46.87,0.3104,0.0374,1.281,0.0,0.0,0,0.0,0.0
2,274,5.48,settle,0.01478,0.01251,0.00788,0.0302,0.03,-41.94,48.05,0.3134,0.0389,1.236,0.0,0.0,0,0.0,0.0
3,274,5.48,settle,0.01893,0.0164,0.00945,0.03561,0.03,-43.7,36.83,0.3087,0.0347,0.013,0.0,0.0,0,0.0,0.0
0,275,5.5,settle,0.01005,0.0099,0.00172,0.0234,0.03,-36.27,53.73,0.3217,0.0457,-1.204,0.0,0.0,0,0.0,0.0
1,275,5.5,settle,0.00905,0.00683,0.00594,0.02921,0.03,-42.46,46.91,0.3104,0.0373,1.28,0.0,0.0,0,0.0,0.0
2,275,5.5,settle,0.01482,0.01257,0.00785,0.03012,0.03,-41.93,48.06,0.3135,0.039,1.21,0.0,0.0,0,0.0,0.0
3,275,5.5,settle,0.01889,0.01637,0.00943,0.0356,0.03,-43.7,36.86,0.3087,0.0347,0.011,0.0,0.0,0,0.0,0.0
0,276,5.52,settle,0.00818,0.00695,-0.00431,0.02873,0.03,-37.7,52.29,0.3214,0.0454,-1.259,0.0,0.0,0,0.0,0.0
1,276,5.52,settle,0.00918,0.00695,0.006,0.02916,0.03,-42.45,46.94,0.3104,0.0373,1.278,0.0,0.0,0,0.0,0.0
2,276,5.52,settle,0.01491,0.01276,0.00771,0.03012,0.03,-41.93,48.07,0.3136,0.039,1.182,0.0,0.0,0,0.0,0.0
3,276,5.52,settle,0.01887,0.01636,0.00941,0.03563,0.03,-43.72,36.88,0.3088,0.0348,0.008,0.0,0.0,0,0.0,0.0
0,277,5.54,settle,0.0064,0.00417,-0.00486,0.03033,0.03,-38.22,51.77,0.3211,0.0452,-1.316,0.0,0.0,0,0.0,0.0
1,277,5.54,settle,0.00923,0.00699,0.00603,0.02921,0.03,-42.46,46.95,0.3104,0.0373,1.277,0.0,0.0,0,0.0,0.0
2,277,5.54,settle,0.01484,0.01283,0.00746,0.03026,0.03,-41.96,48.03,0.3137,0.039,1.156,0.0,0.0,0,0.0,0.0
3,277,5.54,settle,0.01892,0.01642,0.00939,0.03567,0.03,-43.72,36.92,0.3088,0.0348,0.005,0.0,0.0,0,0.0,0.0
0,278,5.56,settle,0.00552,0.00543,-0.00095,0.02684,0.03,-37.07,52.92,0.3209,0.0452,-1.328,0.0,0.0,0,0.0,0.0
1,278,5.56,settle,0.00917,0.0069,0.00605,0.02921,0.03,-42.47,46.96,0.3105,0.0373,1.277,0.0,0.0,0,0.0,0.0
2,278,5.56,settle,0.01477,0.01282,0.00734,0.0303,0.03,-41.98,48.02,0.3138,0.0391,1.129,0.0,0.0,0,0.0,0.0
3,278,5.56,settle,0.01894,0.01646,0.00937,0.03569,0.03,-43.72,36.95,0.3088,0.0348,0.003,0.0,0.0,0,0.0,0.0
0,279,5.58,settle,0.00898,0.00839,0.00319,0.02148,0.03,-36.35,53.62,0.3206,0.0451,-1.378,0.0,0.0,0,0.0,0.0
1,279,5.58,settle,0.00908,0.00681,0.006,0.02914,0.03,-42.47,46.98,0.3105,0.0373,1.276,0.0,0.0,0,0.0,0.0
2,279,5.58,settle,0.01482,0.01294,0.00724,0.03026,0.03,-41.97,48.03,0.3138,0.0391,1.101,0.0,0.0,0,0.0,0.0
3,279,5.58,settle,0.01891,0.01643,0.00935,0.03569,0.03,-43.72,36.98,0.3088,0.0349,0.001,0.0,0.0,0,0.0,0.0
0,280,5.6,settle,0.00765,0.00739,-0.00198,0.02609,0.03,-37.68,52.25,0.3203,0.0448,-1.432,0.0,0.0,0,0.0,0.0
1,280,5.6,settle,0.00903,0.00683,0.0059,0.02918,0.03,-42.48,46.99,0.3105,0.0373,1.274,0.0,0.0,0,0.0,0.0
2,280,5.6,settle,0.01482,0.01304,0.00703,0.0303,0.03,-41.97,48.03,0.3139,0.0392,1.072,0.0,0.0,0,0.0,0.0
3,280,5.6,settle,0.01891,0.01644,0.00935,0.03567,0.03,-43.72,37.01,0.3088,0.0349,-0.002,0.0,0.0,0,0.0,0.0
0,281,5.62,settle,0.00738,0.00635,-0.00376,0.02832,0.03,-38.75,51.16,0.3201,0.0446,-1.444,0.0,0.0,0,0.0,0.0
1,281,5.62,settle,0.00893,0.0068,0.00579,0.02931,0.03,-42.51,46.98,0.3105,0.0373,1.273,0.0,0.0,0,0.0,0.0
2,281,5.62,settle,0.01469,0.01302,0.0068,0.03039,0.03,-42.0,48.0,0.3139,0.0392,1.046,0.0,0.0,0,0.0,0.0
3,281,5.62,settle,0.01897,0.01651,0.00934,0.03563,0.03,-43.7,37.05,0.3088,0.035,-0.004,0.0,0.0,0,0.0,0.0
0,282,5.64,settle,0.00642,0.0059,-0.00252,0.0277,0.03,-38.95,50.94,0.32,0.0445,-1.475,0.0,0.0,0,0.0,0.0
1,282,5.64,settle,0.00875,0.00665,0.00569,0.02937,0.03,-42.53,46.98,0.3105,0.0373,1.273,0.0,0.0,0,0.0,0.0
2,282,5.64,settle,0.01461,0.01302,0.00663,0.03042,0.03,-42.0,47.99,0.314,0.0393,1.018,0.0,0.0,0,0.0,0.0
3,282,5.64,settle,0.01897,0.01654,0.00929,0.03563,0.03,-43.7,37.08,0.3088,0.035,-0.006,0.0,0.0,0,0.0,0.0
0,283,5.66,settle,0.0077,0.00712,-0.00295,0.0285,0.03,-39.02,50.88,0.3198,0.0443,-1.485,0.0,0.0,0,0.0,0.0
1,283,5.66,settle,0.00859,0.00656,0.00556,0.02937,0.03,-42.54,46.99,0.3106,0.0373,1.272,0.0,0.0,0,0.0,0.0
2,283,5.66,settle,0.01459,0.01304,0.00653,0.03034,0.03,-41.99,48.01,0.314,0.0393,0.99,0.0,0.0,0,0.0,0.0
3,283,5.66,settle,0.01894,0.01653,0.00925,0.03569,0.03,-43.72,37.09,0.3088,0.0351,-0.008,0.0,0.0,0,0.0,0.0
0,284,5.68,settle,0.00918,0.00842,-0.00366,0.02799,0.03,-38.7,51.21,0.3197,0.044,-1.525,0.0,0.0,0,0.0,0.0
1,284,5.68,settle,0.00851,0.00658,0.0054,0.02944,0.03,-42.55,47.0,0.3106,0.0373,1.271,0.0,0.0,0,0.0,0.0
2,284,5.68,settle,0.0146,0.01312,0.00639,0.03035,0.03,-41.98,48.01,0.314,0.0394,0.962,0.0,0.0,0,0.0,0.0
3,284,5.68,settle,0.01902,0.01662,0.00925,0.03579,0.03,-43.73,37.1,0.3088,0.0351,-0.011,0.0,0.0,0,0.0,0.0
0,285,5.7,settle,0.00906,0.0069,-0.00587,0.03007,0.03,-38.84,51.07,0.3197,0.0438,-1.575,0.0,0.0,0,0.0,0.0
1,285,5.7,settle,0.0084,0.00654,0.00528,0.02954,0.03,-42.57,47.0,0.3106,0.0373,1.271,0.0,0.0,0,0.0,0.0
2,285,5.7,settle,0.01449,0.01309,0.00622,0.03042,0.03,-42.0,48.0,0.3141,0.0394,0.934,0.0,0.0,0,0.0,0.0
3,285,5.7,settle,0.01917,0.01678,0.00927,0.03586,0.03,-43.71,37.14,0.3088,0.0352,-0.014,0.0,0.0,0,0.0,0.0
0,286,5.72,settle,0.00745,0.00632,-0.00394,0.02918,0.03,-38.42,51.51,0.3197,0.0438,-1.6,0.0,0.0,0,0.0,0.0
1,286,5.72,settle,0.00823,0.00639,0.0052,0.02953,0.03,-42.57,47.02,0.3106,0.0373,1.272,0.0,0.0,0,0.0,0.0
2,286,5.72,settle,0.01442,0.01307,0.0061,0.03039,0.03,-41.99,48.01,0.3141,0.0395,0.907,0.0,0.0,0,0.0,0.0
3,286,5.72,settle,0.01916,0.01682,0.00918,0.03591,0.03,-43.72,37.16,0.3088,0.0352,-0.016,0.0,0.0,0,0.0,0.0
0,287,5.74,settle,0.0078,0.0078,0.00013,0.02443,0.03,-37.45,52.47,0.3197,0.0437,-1.646,0.0,0.0,0,0.0,0.0
1,287,5.74,settle,0.00812,0.00631,0.00511,0.02947,0.03,-42.56,47.05,0.3106,0.0374,1.272,0.0,0.0,0,0.0,0.0
2,287,5.74,settle,0.01444,0.01315,0.00597,0.03038,0.03,-41.98,48.02,0.3141,0.0395,0.877,0.0,0.0,0,0.0,0.0
3,287,5.74,settle,0.01902,0.01672,0.00906,0.03592,0.03,-43.74,37.17,0.3088,0.0353,-0.018,0.0,0.0,0,0.0,0.0
0,288,5.76,settle,0.01113,0.01111,0.00063,0.0216,0.03,-37.28,52.64,0.3196,0.0436,-1.689,0.0,0.0,0,0.0,0.0
1,288,5.76,settle,0.0081,0.00636,0.00501,0.02949,0.03,-42.55,47.08,0.3106,0.0374,1.272,0.0,0.0,0,0.0,0.0
2,288,5.76,settle,0.01434,0.01311,0.00583,0.0304,0.03,-41.98,48.02,0.3141,0.0396,0.85,0.0,0.0,0,0.0,0.0
3,288,5.76,settle,0.0189,0.01663,0.00899,0.03588,0.03,-43.75,37.2,0.3088,0.0353,-0.02,0.0,0.0,0,0.0,0.0
0,289,5.78,settle,0.00999,0.00892,-0.0045,0.02743,0.03,-38.76,51.14,0.3196,0.0434,-1.696,0.0,0.0,0,0.0,0.0
1,289,5.78,settle,0.00804,0.00632,0.00496,0.02952,0.03,-42.55,47.09,0.3106,0.0374,1.273,0.0,0.0,0,0.0,0.0
2,289,5.78,settle,0.01427,0.0131,0.00567,0.03045,0.03,-41.98,48.02,0.3141,0.0396,0.823,0.0,0.0,0,0.0,0.0
3,289,5.78,settle,0.01885,0.0166,0.00892,0.03581,0.03,-43.74,37.23,0.3088,0.0353,-0.022,0.0,0.0,0,0.0,0.0
0,290,5.8,settle,0.0079,0.00543,-0.00573,0.03105,0.03,-39.51,50.37,0.3196,0.0433,-1.708,0.0,0.0,0,0.0,0.0
1,290,5.8,settle,0.00793,0.00621,0.00494,0.02946,0.03,-42.54,47.12,0.3106,0.0374,1.274,0.0,0.0,0,0.0,0.0
2,290,5.8,settle,0.01417,0.01304,0.00556,0.03038,0.03,-41.97,48.03,0.3141,0.0397,0.795,0.0,0.0,0,0.0,0.0
3,290,5.8,settle,0.01877,0.01658,0.00881,0.03578,0.03,-43.74,37.25,0.3088,0.0354,-0.024,0.0,0.0,0,0.0,0.0
0,291,5.82,settle,0.00742,0.00677,-0.00304,0.02934,0.03,-38.66,51.23,0.3197,0.0433,-1.721,0.0,0.0,0,0.0,0.0
1,291,5.82,settle,0.0079,0.0062,0.00489,0.0294,0.03,-42.52,47.16,0.3106,0.0375,1.274,0.0,0.0,0,0.0,0.0
2,291,5.82,settle,0.01423,0.01316,0.00539,0.03043,0.03,-41.96,48.04,0.3141,0.0397,0.766,0.0,0.0,0,0.0,0.0
3,291,5.82,settle,0.01867,0.01651,0.00871,0.0358,0.03,-43.76,37.25,0.3088,0.0354,-0.026,0.0,0.0,0,0.0,0.0
0,292,5.84,settle,0.00852,0.00848,0.00076,0.02344,0.03,-37.61,52.26,0.3196,0.0433,-1.78,0.0,0.0,0,0.0,0.0
1,292,5.84,settle,0.00789,0.00623,0.00483,0.0294,0.03,-42.51,47.18,0.3106,0.0375,1.274,0.0,0.0,0,0.0,0.0
2,292,5.84,settle,0.01405,0.01304,0.00524,0.03043,0.03,-41.95,48.05,0.3141,0.0398,0.74,0.0,0.0,0,0.0,0.0
3,292,5.84,settle,0.01864,0.0165,0.00868,0.03582,0.03,-43.77,37.27,0.3088,0.0355,-0.029,0.0,0.0,0,0.0,0.0
0,293,5.86,settle,0.01038,0.01028,-0.00149,0.02428,0.03,-38.37,51.39,0.3195,0.0432,-1.835,0.0,0.0,0,0.0,0.0
1,293,5.86,settle,0.00783,0.00618,0.00481,0.02942,0.03,-42.51,47.19,0.3106,0.0375,1.275,0.0,0.0,0,0.0,0.0
2,293,5.86,settle,0.01403,0.01307,0.0051,0.03049,0.03,-41.95,48.05,0.314,0.0398,0.712,0.0,0.0,0,0.0,0.0
3,293,5.86,settle,0.01871,0.01657,0.00869,0.03582,0.03,-43.75,37.3,0.3087,0.0355,-0.032,0.0,0.0,0,0.0,0.0
0,294,5.88,settle,0.01005,0.00645,-0.00771,0.0319,0.03,-40.11,49.61,0.3195,0.043,-1.843,0.0,0.0,0,0.0,0.0
1,294,5.88,settle,0.00774,0.0061,0.00477,0.02939,0.03,-42.5,47.21,0.3106,0.0375,1.276,0.0,0.0,0,0.0,0.0
2,294,5.88,settle,0.01392,0.01302,0.00494,0.03047,0.03,-41.94,48.06,0.314,0.0399,0.686,0.0,0.0,0,0.0,0.0
3,294,5.88,settle,0.01873,0.01661,0.00866,0.03583,0.03,-43.74,37.32,0.3087,0.0356,-0.034,0.0,0.0,0,0.0,0.0
0,295,5.9,settle,0.00853,0.0041,-0.00748,0.0338,0.03,-40.15,49.61,0.3196,0.043,-1.817,0.0,0.0,0,0.0,0.0
1,295,5.9,settle,0.00769,0.0061,0.00469,0.02939,0.03,-42.49,47.23,0.3106,0.0375,1.276,0.0,0.0,0,0.0,0.0
2,295,5.9,settle,0.01397,0.01316,0.0047,0.03058,0.03,-41.95,48.05,0.314,0.0399,0.658,0.0,0.0,0,0.0,0.0
3,295,5.9,settle,0.01867,0.01656,0.00861,0.03582,0.03,-43.75,37.34,0.3087,0.0356,-0.036,0.0,0.0,0,0.0,0.0
0,296,5.92,settle,0.00579,0.00535,-0.0022,0.02897,0.03,-38.93,50.84,0.3196,0.0431,-1.848,0.0,0.0,0,0.0,0.0
1,296,5.92,settle,0.00764,0.00609,0.0046,0.02945,0.03,-42.49,47.24,0.3106,0.0376,1.276,0.0,0.0,0,0.0,0.0
2,296,5.92,settle,0.01379,0.01301,0.00456,0.03059,0.03,-41.93,48.07,0.314,0.04,0.633,0.0,0.0,0,0.0,0.0
3,296,5.92,settle,0.01862,0.0165,0.00862,0.03577,0.03,-43.74,37.37,0.3087,0.0356,-0.038,0.0,0.0,0,0.0,0.0
0,297,5.94,settle,0.00734,0.00714,0.00169,0.02344,0.03,-38.37,51.34,0.3195,0.0431,-1.906,0.0,0.0,0,0.0,0.0
1,297,5.94,settle,0.00752,0.00601,0.00452,0.0295,0.03,-42.5,47.24,0.3106,0.0376,1.277,0.0,0.0,0,0.0,0.0
2,297,5.94,settle,0.01381,0.01312,0.00432,0.03079,0.03,-41.96,48.04,0.3139,0.04,0.609,0.0,0.0,0,0.0,0.0
3,297,5.94,settle,0.0186,0.01648,0.00863,0.03572,0.03,-43.73,37.4,0.3087,0.0357,-0.04,0.0,0.0,0,0.0,0.0
0,298,5.96,settle,0.00989,0.00924,-0.00353,0.02892,0.03,-39.6,49.94,0.3194,0.0428,-1.976,0.0,0.0,0,0.0,0.0
1,298,5.96,settle,0.00741,0.00595,0.00443,0.02952,0.03,-42.49,47.26,0.3106,0.0376,1.278,0.0,0.0,0,0.0,0.0
2,298,5.96,settle,0.01394,0.01333,0.00405,0.03098,0.03,-41.98,48.02,0.3139,0.04,0.584,0.0,0.0,0,0.0,0.0
3,298,5.96,settle,0.01855,0.01644,0.0086,0.03568,0.03,-43.73,37.42,0.3087,0.0357,-0.042,0.0,0.0,0,0.0,0.0
0,299,5.98,settle,0.01008,0.00694,-0.00731,0.03205,0.03,-40.37,49.16,0.3193,0.0427,-1.952,0.0,0.0,0,0.0,0.0
1,299,5.98,settle,0.00734,0.00593,0.00432,0.02955,0.03,-42.49,47.27,0.3106,0.0376,1.278,0.0,0.0,0,0.0,0.0
2,299,5.98,settle,0.01354,0.01288,0.00418,0.03049,0.03,-41.86,48.14,0.3138,0.0401,0.564,0.0,0.0,0,0.0,0.0
3,299,5.98,settle,0.01848,0.01638,0.00856,0.03564,0.03,-43.73,37.43,0.3087,0.0358,-0.043,0.0,0.0,0,0.0,0.0
0,300,6.0,settle,0.00674,0.00434,-0.00517,0.03075,0.03,-40.27,49.24,0.3193,0.0427,-1.942,0.0,0.0,0,0.0,0.0
1,300,6.0,settle,0.00726,0.00591,0.00422,0.02961,0.03,-42.49,47.27,0.3105,0.0376,1.279,0.0,0.0,0,0.0,0.0
2,300,6.0,settle,0.01397,0.0134,0.00395,0.03082,0.03,-41.88,48.11,0.3138,0.0401,0.533,0.0,0.0,0,0.0,0.0
3,300,6.0,settle,0.01844,0.01633,0.00855,0.03561,0.03,-43.73,37.45,0.3087,0.0358,-0.045,0.0,0.0,0,0.0,0.0
0,301,6.02,settle,0.00465,0.0045,-0.00117,0.02748,0.03,-39.56,49.93,0.3193,0.0427,-1.973,0.0,0.0,0,0.0,0.0
1,301,6.02,settle,0.00715,0.00583,0.00415,0.02965,0.03,-42.49,47.29,0.3105,0.0377,1.28,0.0,0.0,0,0.0,0.0
2,301,6.02,settle,0.01328,0.01263,0.00409,0.0304,0.03,-41.79,48.21,0.3138,0.0402,0.515,0.0,0.0,0,0.0,0.0
3,301,6.02,settle,0.01843,0.01633,0.00854,0.0356,0.03,-43.73,37.47,0.3087,0.0358,-0.047,0.0,0.0,0,0.0,0.0
0,302,6.04,settle,0.007,0.007,0.00025,0.02468,0.03,-39.16,50.32,0.3192,0.0425,-1.992,0.0,0.0,0,0.0,0.0
1,302,6.04,settle,0.00707,0.00579,0.00406,0.02965,0.03,-42.48,47.31,0.3105,0.0377,1.281,0.0,0.0,0,0.0,0.0
2,302,6.04,settle,0.01364,0.01304,0.00402,0.03053,0.03,-41.78,48.22,0.3137,0.0402,0.487,0.0,0.0,0,0.0,0.0
3,302,6.04,settle,0.01842,0.01633,0.00852,0.03561,0.03,-43.73,37.49,0.3087,0.0359,-0.049,0.0,0.0,0,0.0,0.0
0,303,6.06,settle,0.00902,0.0086,-0.00271,0.02614,0.03,-39.91,49.58,0.3191,0.0423,-1.985,0.0,0.0,0,0.0,0.0
1,303,6.06,settle,0.00702,0.00579,0.00397,0.02968,0.03,-42.47,47.32,0.3105,0.0377,1.281,0.0,0.0,0,0.0,0.0
2,303,6.06,settle,0.0137,0.01311,0.00399,0.03051,0.03,-41.76,48.24,0.3137,0.0402,0.462,0.0,0.0,0,0.0,0.0
3,303,6.06,settle,0.01841,0.01633,0.00851,0.03561,0.03,-43.73,37.5,0.3087,0.0359,-0.05,0.0,0.0,0,0.0,0.0
0,304,6.08,settle,0.00818,0.00569,-0.00588,0.03067,0.03,-41.31,48.26,0.319,0.0421,-1.999,0.0,0.0,0,0.0,0.0
1,304,6.08,settle,0.00696,0.00575,0.00392,0.0297,0.03,-42.46,47.35,0.3105,0.0377,1.283,0.0,0.0,0,0.0,0.0
2,304,6.08,settle,0.0136,0.01304,0.00385,0.03067,0.03,-41.79,48.21,0.3137,0.0402,0.437,0.0,0.0,0,0.0,0.0
3,304,6.08,settle,0.01842,0.01633,0.00851,0.03562,0.03,-43.72,37.52,0.3087,0.0359,-0.052,0.0,0.0,0,0.0,0.0
0,305,6.1,settle,0.00802,0.00516,-0.00614,0.03279,0.03,-41.55,48.36,0.3191,0.0421,-1.992,0.0,0.0,0,0.0,0.0
1,305,6.1,settle,0.0069,0.00572,0.00386,0.02971,0.03,-42.45,47.37,0.3105,0.0377,1.284,0.0,0.0,0,0.0,0.0
2,305,6.1,settle,0.01355,0.01301,0.00378,0.03072,0.03,-41.79,48.21,0.3136,0.0403,0.41,0.0,0.0,0,0.0,0.0
3,305,6.1,settle,0.01841,0.01633,0.00852,0.03561,0.03,-43.72,37.54,0.3087,0.036,-0.054,0.0,0.0,0,0.0,0.0
0,306,6.12,settle,0.01052,0.00913,-0.00523,0.03312,0.03,-40.98,49.0,0.3191,0.042,-1.978,0.0,0.0,0,0.0,0.0
1,306,6.12,settle,0.00685,0.0057,0.0038,0.02971,0.03,-42.43,47.39,0.3105,0.0378,1.284,0.0,0.0,0,0.0,0.0
2,306,6.12,settle,0.0135,0.01296,0.00377,0.03062,0.03,-41.76,48.24,0.3136,0.0403,0.382,0.0,0.0,0,0.0,0.0
3,306,6.12,settle,0.0184,0.01631,0.00852,0.03559,0.03,-43.72,37.56,0.3087,0.036,-0.055,0.0,0.0,0,0.0,0.0
0,307,6.14,settle,0.01169,0.01062,-0.00487,0.03267,0.03,-40.9,48.86,0.3192,0.0419,-1.995,0.0,0.0,0,0.0,0.0
1,307,6.14,settle,0.00682,0.00571,0.00372,0.02974,0.03,-42.42,47.4,0.3105,0.0378,1.285,0.0,0.0,0,0.0,0.0
2,307,6.14,settle,0.01357,0.01307,0.00363,0.03077,0.03,-41.78,48.22,0.3136,0.0403,0.354,0.0,0.0,0,0.0,0.0
3,307,6.14,settle,0.01837,0.01628,0.00852,0.03555,0.03,-43.71,37.58,0.3087,0.036,-0.056,0.0,0.0,0,0.0,0.0
0,308,6.16,settle,0.00775,0.00735,-0.00245,0.02868,0.03,-41.01,48.57,0.3193,0.0419,-2.06,0.0,0.0,0,0.0,0.0
1,308,6.16,settle,0.00676,0.00567,0.00367,0.02977,0.03,-42.41,47.42,0.3105,0.0378,1.287,0.0,0.0,0,0.0,0.0
2,308,6.16,settle,0.01332,0.01283,0.00361,0.03072,0.03,-41.76,48.24,0.3136,0.0403,0.33,0.0,0.0,0,0.0,0.0
3,308,6.16,settle,0.01834,0.01625,0.00851,0.03553,0.03,-43.71,37.6,0.3087,0.0361,-0.058,0.0,0.0,0,0.0,0.0
0,309,6.18,settle,0.00484,0.00332,-0.00353,0.03048,0.03,-42.13,47.34,0.3194,0.0418,-2.093,0.0,0.0,0,0.0,0.0
1,309,6.18,settle,0.0067,0.00563,0.00362,0.02978,0.03,-42.4,47.44,0.3104,0.0378,1.288,0.0,0.0,0,0.0,0.0
2,309,6.18,settle,0.01348,0.01296,0.00368,0.03067,0.03,-41.74,48.25,0.3135,0.0403,0.301,0.0,0.0,0,0.0,0.0
3,309,6.18,settle,0.01831,0.01622,0.0085,0.03551,0.03,-43.71,37.62,0.3087,0.0361,-0.059,0.0,0.0,0,0.0,0.0
0,310,6.2,settle,0.00424,0.00332,-0.00264,0.03094,0.03,-42.49,46.88,0.3196,0.0418,-2.082,0.0,0.0,0,0.0,0.0
1,310,6.2,settle,0.00665,0.00563,0.00354,0.02981,0.03,-42.4,47.45,0.3104,0.0378,1.288,0.0,0.0,0,0.0,0.0
2,310,6.2,settle,0.01346,0.01294,0.00371,0.03057,0.03,-41.71,48.29,0.3135,0.0403,0.275,0.0,0.0,0,0.0,0.0
3,310,6.2,settle,0.01829,0.0162,0.00849,0.03549,0.03,-43.71,37.63,0.3087,0.0361,-0.06,0.0,0.0,0,0.0,0.0
0,311,6.22,settle,0.00756,0.00692,-0.00306,0.03139,0.03,-42.35,46.98,0.3197,0.0417,-2.071,0.0,0.0,0,0.0,0.0
1,311,6.22,settle,0.00661,0.00562,0.00348,0.02985,0.03,-42.39,47.46,0.3104,0.0378,1.29,0.0,0.0,0,0.0,0.0
2,311,6.22,settle,0.01348,0.01301,0.00356,0.03076,0.03,-41.74,48.26,0.3135,0.0403,0.248,0.0,0.0,0,0.0,0.0
3,311,6.22,settle,0.01829,0.01619,0.00849,0.03548,0.03,-43.71,37.65,0.3087,0.0361,-0.061,0.0,0.0,0,0.0,0.0
0,312,6.24,settle,0.01222,0.01104,-0.00525,0.0327,0.03,-42.24,47.08,0.3197,0.0415,-2.065,0.0,0.0,0,0.0,0.0
1,312,6.24,settle,0.00655,0.00558,0.00343,0.02987,0.03,-42.38,47.47,0.3104,0.0378,1.291,0.0,0.0,0,0.0,0.0
2,312,6.24,settle,0.01327,0.01278,0.0036,0.03064,0.03,-41.72,48.28,0.3135,0.0403,0.223,0.0,0.0,0,0.0,0.0
3,312,6.24,settle,0.01829,0.0162,0.00848,0.03549,0.03,-43.71,37.67,0.3087,0.0362,-0.063,0.0,0.0,0,0.0,0.0
0,313,6.26,settle,0.01446,0.01256,-0.00717,0.03539,0.03,-42.57,46.83,0.3198,0.0414,-2.064,0.0,0.0,0,0.0,0.0
1,313,6.26,settle,0.0065,0.00554,0.00339,0.02988,0.03,-42.37,47.49,0.3104,0.0378,1.292,0.0,0.0,0,0.0,0.0
2,313,6.26,settle,0.01349,0.01301,0.00358,0.03067,0.03,-41.72,48.28,0.3135,0.0403,0.193,0.0,0.0,0,0.0,0.0
3,313,6.26,settle,0.01829,0.01621,0.00848,0.0355,0.03,-43.7,37.68,0.3087,0.0362,-0.064,0.0,0.0,0,0.0,0.0
0,314,6.28,settle,0.01311,0.01209,-0.00507,0.03432,0.03,-42.22,47.29,0.32,0.0415,-2.083,0.0,0.0,0,0.0,0.0
1,314,6.28,settle,0.00647,0.00554,0.00334,0.0299,0.03,-42.37,47.5,0.3104,0.0378,1.293,0.0,0.0,0,0.0,0.0
2,314,6.28,settle,0.01342,0.01293,0.00357,0.03062,0.03,-41.7,48.29,0.3135,0.0403,0.168,0.0,0.0,0,0.0,0.0
3,314,6.28,settle,0.0183,0.01621,0.00848,0.0355,0.03,-43.7,37.7,0.3087,0.0362,-0.065,0.0,0.0,0,0.0,0.0
0,315,6.3,settle,0.0119,0.01186,-0.00094,0.02934,0.03,-41.2,48.38,0.3201,0.0415,-2.112,0.0,0.0,0,0.0,0.0
1,315,6.3,settle,0.00644,0.00553,0.0033,0.02992,0.03,-42.36,47.51,0.3104,0.0378,1.294,0.0,0.0,0,0.0,0.0
2,315,6.3,settle,0.01346,0.01299,0.00351,0.03073,0.03,-41.73,48.27,0.3135,0.0403,0.141,0.0,0.0,0,0.0,0.0
3,315,6.3,settle,0.01829,0.0162,0.00849,0.03548,0.03,-43.7,37.72,0.3087,0.0362,-0.066,0.0,0.0,0,0.0,0.0
0,316,6.32,settle,0.01401,0.01401,-5e-05,0.02619,0.03,-40.93,48.71,0.3201,0.0415,-2.125,0.0,0.0,0,0.0,0.0
1,316,6.32,settle,0.00641,0.0055,0.00329,0.02993,0.03,-42.35,47.52,0.3104,0.0378,1.295,0.0,0.0,0,0.0,0.0
2,316,6.32,settle,0.01334,0.01286,0.00354,0.03064,0.03,-41.7,48.29,0.3135,0.0403,0.115,0.0,0.0,0,0.0,0.0
3,316,6.32,settle,0.01828,0.01618,0.00849,0.03546,0.03,-43.69,37.74,0.3087,0.0363,-0.067,0.0,0.0,0,0.0,0.0
0,317,6.34,settle,0.01243,0.01064,-0.00642,0.03054,0.03,-42.33,47.42,0.3201,0.0413,-2.165,0.0,0.0,0,0.0,0.0
1,317,6.34,settle,0.00638,0.00548,0.00327,0.02993,0.03,-42.34,47.54,0.3103,0.0378,1.296,0.0,0.0,0,0.0,0.0
2,317,6.34,settle,0.01347,0.01302,0.00342,0.03075,0.03,-41.73,48.27,0.3135,0.0403,0.087,0.0,0.0,0,0.0,0.0
3,317,6.34,settle,0.01825,0.01616,0.00848,0.03544,0.03,-43.69,37.76,0.3087,0.0363,-0.068,0.0,0.0,0,0.0,0.0
0,318,6.36,settle,0.01192,0.00964,-0.00702,0.03389,0.03,-43.12,46.63,0.3202,0.0414,-2.137,0.0,0.0,0,0.0,0.0
1,318,6.36,settle,0.00637,0.00549,0.00324,0.02994,0.03,-42.33,47.55,0.3103,0.0378,1.297,0.0,0.0,0,0.0,0.0
2,318,6.36,settle,0.01333,0.01289,0.00339,0.0307,0.03,-41.72,48.28,0.3135,0.0402,0.062,0.0,0.0,0,0.0,0.0
3,318,6.36,settle,0.01823,0.01614,0.00847,0.03543,0.03,-43.69,37.78,0.3087,0.0363,-0.069,0.0,0.0,0,0.0,0.0
0,319,6.38,settle,0.01484,0.01451,-0.00312,0.03348,0.03,-42.04,47.6,0.3203,0.0415,-2.093,0.0,0.0,0,0.0,0.0
1,319,6.38,settle,0.00636,0.00548,0.00322,0.02995,0.03,-42.32,47.56,0.3103,0.0378,1.299,0.0,0.0,0,0.0,0.0
2,319,6.38,settle,0.0134,0.01298,0.00336,0.03076,0.03,-41.73,48.26,0.3135,0.0402,0.034,0.0,0.0,0,0.0,0.0
3,319,6.38,settle,0.01822,0.01613,0.00847,0.03541,0.03,-43.69,37.79,0.3087,0.0363,-0.069,0.0,0.0,0,0.0,0.0
0,320,6.4,settle,0.01507,0.01506,-0.00021,0.03038,0.03,-41.61,48.03,0.3203,0.0415,-2.115,0.0,0.0,0,0.0,0.0
1,320,6.4,settle,0.00633,0.00546,0.00321,0.02996,0.03,-42.31,47.57,0.3103,0.0378,1.3,0.0,0.0,0,0.0,0.0
2,320,6.4,settle,0.01332,0.01288,0.0034,0.03065,0.03,-41.71,48.29,0.3135,0.0402,0.008,0.0,0.0,0,0.0,0.0
3,320,6.4,settle,0.01821,0.01613,0.00846,0.03541,0.03,-43.69,37.81,0.3087,0.0363,-0.07,0.0,0.0,0,0.0,0.0
0,321,6.42,settle,0.01106,0.01042,-0.00369,0.02985,0.03,-42.53,47.2,0.3202,0.0413,-2.177,0.0,0.0,0,0.0,0.0
1,321,6.42,settle,0.00632,0.00545,0.00319,0.02996,0.03,-42.31,47.58,0.3103,0.0378,1.301,0.0,0.0,0,0.0,0.0
2,321,6.42,settle,0.01339,0.01298,0.00331,0.03074,0.03,-41.73,48.26,0.3135,0.0402,-0.019,0.0,0.0,0,0.0,0.0
3,321,6.42,settle,0.01822,0.01613,0.00846,0.03541,0.03,-43.69,37.83,0.3087,0.0364,-0.071,0.0,0.0,0,0.0,0.0
0,322,6.44,settle,0.01096,0.00675,-0.00864,0.03326,0.03,-43.73,46.03,0.3201,0.0412,-2.214,0.0,0.0,0,0.0,0.0
1,322,6.44,settle,0.00631,0.00547,0.00315,0.02998,0.03,-42.31,47.59,0.3103,0.0378,1.302,0.0,0.0,0,0.0,0.0
2,322,6.44,settle,0.01328,0.01287,0.00327,0.03072,0.03,-41.73,48.26,0.3135,0.0402,-0.045,0.0,0.0,0,0.0,0.0
3,322,6.44,settle,0.01822,0.01614,0.00846,0.03541,0.03,-43.69,37.84,0.3087,0.0364,-0.072,0.0,0.0,0,0.0,0.0
0,323,6.46,settle,0.01,0.00487,-0.00873,0.03495,0.03,-44.1,45.54,0.3201,0.0413,-2.191,0.0,0.0,0,0.0,0.0
1,323,6.46,settle,0.00629,0.00545,0.00312,0.03,0.03,-42.3,47.59,0.3103,0.0378,1.303,0.0,0.0,0,0.0,0.0
2,323,6.46,settle,0.0133,0.0129,0.00323,0.03077,0.03,-41.75,48.25,0.3135,0.0401,-0.072,0.0,0.0,0,0.0,0.0
3,323,6.46,settle,0.01822,0.01613,0.00847,0.03539,0.03,-43.68,37.86,0.3087,0.0364,-0.073,0.0,0.0,0,0.0,0.0
0,324,6.48,enter,0.01055,0.00922,-0.00512,0.03382,0.03,-42.87,46.22,0.32,0.0414,-2.163,0.0,0.0,0,0.0,0.0
1,324,6.48,enter,0.00626,0.00544,0.0031,0.03001,0.03,-42.3,47.6,0.3103,0.0378,1.304,0.0,0.0,0,0.0,0.0
2,324,6.48,enter,0.01324,0.01285,0.00321,0.03073,0.03,-41.74,48.25,0.3135,0.0401,-0.098,0.0,0.0,0,0.0,0.0
3,324,6.48,enter,0.01821,0.01612,0.00846,0.03538,0.03,-43.68,37.88,0.3087,0.0364,-0.074,0.0,0.0,0,0.0,0.0
0,325,6.5,enter,0.01419,0.01344,-0.00456,0.03404,0.03,-42.42,46.4,0.3199,0.0413,-2.164,0.0,0.0,0,0.0,0.0
1,325,6.5,enter,0.00589,0.00544,0.00227,0.03048,0.03,-42.3,47.6,0.3103,0.0378,1.305,0.0,0.0,0,0.0,0.0
2,325,6.5,enter,0.01306,0.01285,0.00232,0.03124,0.03,-41.76,48.24,0.3135,0.0401,-0.125,0.0,0.0,0,0.0,0.0
3,325,6.5,enter,0.01784,0.01611,0.00765,0.03558,0.03,-43.68,37.89,0.3087,0.0364,-0.074,0.0,0.0,0,0.0,0.0
0,326,6.52,enter,0.01309,0.00968,-0.00881,0.0364,0.03,-43.59,45.28,0.3198,0.0412,-2.225,0.0,0.0,0,0.0,0.0
1,326,6.52,enter,0.00552,0.00529,0.00158,0.03084,0.03,-42.26,47.64,0.3103,0.0378,1.307,0.0,0.0,0,0.0,0.0
2,326,6.52,enter,0.01281,0.01271,0.00162,0.03156,0.03,-41.73,48.27,0.3135,0.04,-0.15,0.0,0.0,0,0.0,0.0
3,326,6.52,enter,0.01748,0.01605,0.00692,0.03575,0.03,-43.67,37.91,0.3087,0.0364,-0.075,0.0,0.0,0,0.0,0.0
0,327,6.54,enter,0.01147,0.00776,-0.00844,0.03708,0.03,-43.96,44.65,0.3198,0.0413,-2.235,0.0,0.0,0,0.0,0.0
1,327,6.54,enter,0.00528,0.0052,0.00095,0.03124,0.03,-42.23,47.68,0.3103,0.0378,1.309,0.0,0.0,0,0.0,0.0
2,327,6.54,enter,0.01279,0.01274,0.00114,0.03181,0.03,-41.68,48.32,0.3135,0.04,-0.178,0.0,0.0,0,0.0,0.0
3,327,6.54,enter,0.01711,0.01588,0.00637,0.03577,0.03,-43.65,37.96,0.3087,0.0365,-0.075,0.0,0.0,0,0.0,0.0
0,328,6.56,enter,0.011,0.00897,-0.00637,0.03709,0.03,-43.66,44.41,0.3199,0.0414,-2.222,0.0,0.0,0,0.0,0.0
1,328,6.56,enter,0.00505,0.00504,0.00042,0.03155,0.03,-42.18,47.73,0.3103,0.0378,1.311,0.0,0.0,0,0.0,0.0
2,328,6.56,enter,0.01275,0.01273,0.00075,0.03201,0.03,-41.6,48.39,0.3135,0.04,-0.205,0.0,0.0,0,0.0,0.0
3,328,6.56,enter,0.01678,0.01572,0.00588,0.03578,0.03,-43.61,38.01,0.3088,0.0365,-0.074,0.0,0.0,0,0.0,0.0
0,329,6.58,enter,0.0095,0.00849,-0.00426,0.034,0.03,-43.09,45.03,0.3199,0.0414,-2.247,0.0,0.0,0,0.0,0.0
1,329,6.58,enter,0.00495,0.00495,-6e-05,0.03185,0.03,-42.12,47.79,0.3103,0.0378,1.313,0.0,0.0,0,0.0,0.0
2,329,6.58,enter,0.01268,0.01268,0.00036,0.03222,0.03,-41.54,48.46,0.3136,0.04,-0.231,0.0,0.0,0,0.0,0.0
3,329,6.58,enter,0.01653,0.01561,0.00543,0.03583,0.03,-43.58,38.05,0.3088,0.0365,-0.074,0.0,0.0,0,0.0,0.0
0,330,6.6,enter,0.01246,0.01157,-0.00463,0.03272,0.03,-42.74,45.33,0.3198,0.0413,-2.244,0.0,0.0,0,0.0,0.0
1,330,6.6,enter,0.00488,0.00486,-0.00049,0.03212,0.03,-42.07,47.85,0.3103,0.0378,1.315,0.0,0.0,0,0.0,0.0
2,330,6.6,enter,0.01263,0.01263,-2e-05,0.03245,0.03,-41.48,48.51,0.3136,0.0399,-0.257,0.0,0.0,0,0.0,0.0
3,330,6.6,enter,0.01628,0.01548,0.00502,0.03588,0.03,-43.55,38.1,0.3088,0.0365,-0.074,0.0,0.0,0,0.0,0.0
0,331,6.62,enter,0.01386,0.00845,-0.01099,0.03772,0.03,-44.19,44.15,0.3198,0.0412,-2.269,0.0,0.0,0,0.0,0.0
1,331,6.62,enter,0.00484,0.00476,-0.00086,0.03239,0.03,-42.01,47.91,0.3103,0.0378,1.318,0.0,0.0,0,0.0,0.0
2,331,6.62,enter,0.01253,0.01252,-0.00032,0.03259,0.03,-41.41,48.59,0.3136,0.0399,-0.283,0.0,0.0,0,0.0,0.0
3,331,6.62,enter,0.01602,0.01533,0.00466,0.0359,0.03,-43.52,38.14,0.3088,0.0366,-0.073,0.0,0.0,0,0.0,0.0
0,332,6.64,enter,0.01419,0.00873,-0.01119,0.04,0.03,-44.51,43.89,0.3199,0.0413,-2.252,0.0,0.0,0,0.0,0.0
1,332,6.64,enter,0.00481,0.00465,-0.00119,0.03263,0.03,-41.95,47.97,0.3103,0.0378,1.321,0.0,0.0,0,0.0,0.0
2,332,6.64,enter,0.01256,0.01255,-0.0006,0.0328,0.03,-41.35,48.64,0.3136,0.0399,-0.311,0.0,0.0,0,0.0,0.0
3,332,6.64,enter,0.0158,0.0152,0.00434,0.03591,0.03,-43.48,38.19,0.3088,0.0366,-0.071,0.0,0.0,0,0.0,0.0
0,333,6.66,enter,0.01496,0.01274,-0.00783,0.0387,0.03,-43.32,44.93,0.32,0.0414,-2.228,0.0,0.0,0,0.0,0.0
1,333,6.66,enter,0.00479,0.00455,-0.0015,0.03285,0.03,-41.9,48.03,0.3103,0.0378,1.324,0.0,0.0,0,0.0,0.0
2,333,6.66,enter,0.01252,0.01249,-0.00083,0.03295,0.03,-41.28,48.71,0.3137,0.0399,-0.337,0.0,0.0,0,0.0,0.0
3,333,6.66,enter,0.01562,0.01508,0.00404,0.03594,0.03,-43.45,38.23,0.3088,0.0366,-0.07,0.0,0.0,0,0.0,0.0
0,334,6.68,enter,0.01648,0.01437,-0.00806,0.03824,0.03,-43.14,45.22,0.32,0.0413,-2.236,0.0,0.0,0,0.0,0.0
1,334,6.68,enter,0.00482,0.00447,-0.00179,0.03307,0.03,-41.84,48.08,0.3104,0.0378,1.327,0.0,0.0,0,0.0,0.0
2,334,6.68,enter,0.01253,0.01249,-0.00101,0.0331,0.03,-41.22,48.78,0.3137,0.0398,-0.364,0.0,0.0,0,0.0,0.0
3,334,6.68,enter,0.01543,0.01496,0.00377,0.03596,0.03,-43.41,38.27,0.3089,0.0366,-0.068,0.0,0.0,0,0.0,0.0
0,335,6.7,enter,0.01686,0.01166,-0.01219,0.03859,0.03,-43.91,44.89,0.3199,0.0411,-2.285,0.0,0.0,0,0.0,0.0
1,335,6.7,enter,0.0048,0.00435,-0.00203,0.03326,0.03,-41.79,48.14,0.3104,0.0378,1.331,0.0,0.0,0,0.0,0.0
2,335,6.7,enter,0.0125,0.01245,-0.00114,0.03319,0.03,-41.14,48.85,0.3138,0.0398,-0.391,0.0,0.0,0,0.0,0.0
3,335,6.7,enter,0.01525,0.01483,0.00354,0.03596,0.03,-43.38,38.32,0.3089,0.0367,-0.066,0.0,0.0,0,0.0,0.0
0,336,6.72,enter,0.0149,0.00855,-0.01221,0.03753,0.03,-44.59,44.39,0.3199,0.0412,-2.315,0.0,0.0,0,0.0,0.0
1,336,6.72,enter,0.00481,0.00425,-0.00224,0.03343,0.03,-41.73,48.2,0.3104,0.0378,1.335,0.0,0.0,0,0.0,0.0
2,336,6.72,enter,0.01254,0.01248,-0.00128,0.03332,0.03,-41.08,48.92,0.3138,0.0398,-0.419,0.0,0.0,0,0.0,0.0
3,336,6.72,enter,0.01509,0.01472,0.00333,0.03596,0.03,-43.34,38.37,0.3089,0.0367,-0.063,0.0,0.0,0,0.0,0.0
0,337,6.74,enter,0.01171,0.0071,-0.00931,0.03541,0.03,-44.54,44.4,0.3199,0.0413,-2.321,0.0,0.0,0,0.0,0.0
1,337,6.74,enter,0.00482,0.00416,-0.00243,0.03357,0.03,-41.67,48.26,0.3105,0.0378,1.339,0.0,0.0,0,0.0,0.0
2,337,6.74,enter,0.01257,0.01248,-0.00144,0.03348,0.03,-41.03,48.97,0.3139,0.0398,-0.446,0.0,0.0,0,0.0,0.0
3,337,6.74,enter,0.01495,0.01461,0.00314,0.03595,0.03,-43.3,38.41,0.309,0.0367,-0.06,0.0,0.0,0,0.0,0.0
0,338,6.76,enter,0.01007,0.00776,-0.00642,0.03254,0.03,-44.1,44.63,0.3198,0.0414,-2.333,0.0,0.0,0,0.0,0.0
1,338,6.76,enter,0.00482,0.00407,-0.00257,0.03368,0.03,-41.61,48.33,0.3105,0.0378,1.343,0.0,0.0,0,0.0,0.0
2,338,6.76,enter,0.01251,0.01242,-0.00155,0.03357,0.03,-40.96,49.04,0.314,0.0397,-0.473,0.0,0.0,0,0.0,0.0
3,338,6.76,enter,0.01482,0.01452,0.00298,0.03595,0.03,-43.25,38.46,0.309,0.0367,-0.057,0.0,0.0,0,0.0,0.0
0,339,6.78,enter,0.01284,0.00651,-0.01106,0.03576,0.03,-45.02,43.53,0.3197,0.0412,-2.38,0.0,0.0,0,0.0,0.0
1,339,6.78,enter,0.00479,0.00398,-0.00267,0.03376,0.03,-41.54,48.41,0.3106,0.0378,1.348,0.0,0.0,0,0.0,0.0
2,339,6.78,enter,0.01257,0.01247,-0.00159,0.03361,0.03,-40.89,49.11,0.3141,0.0397,-0.502,0.0,0.0,0,0.0,0.0
3,339,6.78,enter,0.0147,0.01442,0.00285,0.03592,0.03,-43.21,38.52,0.309,0.0368,-0.054,0.0,0.0,0,0.0,0.0
0,340,6.8,enter,0.01621,0.00696,-0.01464,0.03826,0.03,-45.86,41.75,0.3195,0.041,-2.429,0.0,0.0,0,0.0,0.0
1,340,6.8,enter,0.00476,0.0039,-0.00273,0.0338,0.03,-41.46,48.48,0.3106,0.0378,1.353,0.0,0.0,0,0.0,0.0
2,340,6.8,enter,0.01262,0.01251,-0.00164,0.03367,0.03,-40.82,49.18,0.3142,0.0397,-0.53,0.0,0.0,0,0.0,0.0
3,340,6.8,enter,0.01458,0.01432,0.00275,0.03588,0.03,-43.16,38.58,0.309,0.0368,-0.05,0.0,0.0,0,0.0,0.0
0,341,6.82,enter,0.01467,0.00662,-0.01309,0.03666,0.03,-45.67,40.57,0.3195,0.041,-2.467,0.0,0.0,0,0.0,0.0
1,341,6.82,enter,0.00472,0.00382,-0.00277,0.03382,0.03,-41.38,48.56,0.3106,0.0378,1.358,0.0,0.0,0,0.0,0.0
2,341,6.82,enter,0.01263,0.01251,-0.00171,0.03376,0.03,-40.76,49.24,0.3143,0.0396,-0.559,0.0,0.0,0,0.0,0.0
3,341,6.82,enter,0.01448,0.01423,0.00268,0.03584,0.03,-43.11,38.63,0.3091,0.0368,-0.046,0.0,0.0,0,0.0,0.0
0,342,6.84,enter,0.01179,0.0067,-0.0097,0.03396,0.03,-45.43,40.9,0.3195,0.0411,-2.509,0.0,0.0,0,0.0,0.0
1,342,6.84,enter,0.00465,0.00374,-0.00277,0.03382,0.03,-41.3,48.65,0.3107,0.0378,1.363,0.0,0.0,0,0.0,0.0
2,342,6.84,enter,0.01259,0.01247,-0.00169,0.03375,0.03,-40.68,49.32,0.3144,0.0396,-0.587,0.0,0.0,0,0.0,0.0
3,342,6.84,enter,0.01439,0.01415,0.00262,0.03579,0.03,-43.06,38.69,0.3091,0.0368,-0.041,0.0,0.0,0,0.0,0.0
0,343,6.86,enter,0.0107,0.00906,-0.00569,0.02917,0.03,-44.6,41.79,0.3195,0.0411,-2.553,0.0,0.0,0,0.0,0.0
1,343,6.86,enter,0.00456,0.00365,-0.00273,0.0338,0.03,-41.22,48.73,0.3107,0.0378,1.369,0.0,0.0,0,0.0,0.0
2,343,6.86,enter,0.01268,0.01257,-0.00167,0.03374,0.03,-40.6,49.39,0.3145,0.0396,-0.617,0.0,0.0,0,0.0,0.0
3,343,6.86,enter,0.0143,0.01407,0.00258,0.03574,0.03,-43.01,38.75,0.3091,0.0369,-0.036,0.0,0.0,0,0.0,0.0
0,344,6.88,enter,0.01511,0.0134,-0.00698,0.02921,0.03,-44.79,42.71,0.3193,0.0408,-2.604,0.0,0.0,0,0.0,0.0
1,344,6.88,enter,0.00447,0.00357,-0.00269,0.03377,0.03,-41.14,48.82,0.3108,0.0378,1.375,0.0,0.0,0,0.0,0.0
2,344,6.88,enter,0.0127,0.01259,-0.00169,0.03377,0.03,-40.53,49.46,0.3146,0.0396,-0.647,0.0,0.0,0,0.0,0.0
3,344,6.88,enter,0.01422,0.01399,0.00256,0.03568,0.03,-42.95,38.8,0.3092,0.0369,-0.031,0.0,0.0,0,0.0,0.0
0,345,6.9,enter,0.02002,0.01861,-0.00738,0.0285,0.03,-44.55,43.19,0.3192,0.0406,-2.641,0.0,0.0,0,0.0,0.0
1,345,6.9,enter,0.00437,0.00349,-0.00263,0.03372,0.03,-41.06,48.9,0.3108,0.0378,1.381,0.0,0.0,0,0.0,0.0
2,345,6.9,enter,0.01271,0.0126,-0.00168,0.0338,0.03,-40.47,49.53,0.3147,0.0395,-0.676,0.0,0.0,0,0.0,0.0
3,345,6.9,enter,0.01415,0.01392,0.00255,0.03562,0.03,-42.9,38.86,0.3092,0.0369,-0.026,0.0,0.0,0,0.0,0.0
0,346,6.92,enter,0.02189,0.02128,-0.00516,0.02647,0.03,-44.03,43.87,0.3191,0.0406,-2.67,0.0,0.0,0,0.0,0.0
1,346,6.92,enter,0.00427,0.00341,-0.00256,0.03368,0.03,-40.98,48.98,0.3109,0.0378,1.388,0.0,0.0,0,0.0,0.0
2,346,6.92,enter,0.01269,0.01259,-0.0016,0.03371,0.03,-40.38,49.62,0.3148,0.0395,-0.706,0.0,0.0,0,0.0,0.0
3,346,6.92,enter,0.01407,0.01384,0.00255,0.03554,0.03,-42.84,38.92,0.3092,0.037,-0.02,0.0,0.0,0,0.0,0.0
0,347,6.94,enter,0.02292,0.02292,0.00015,0.02094,0.03,-42.58,45.32,0.319,0.0406,-2.695,0.0,0.0,0,0.0,0.0
1,347,6.94,enter,0.00415,0.00333,-0.00248,0.03362,0.03,-40.9,49.07,0.311,0.0378,1.394,0.0,0.0,0,0.0,0.0
2,347,6.94,enter,0.01279,0.0127,-0.00156,0.03369,0.03,-40.31,49.69,0.3149,0.0395,-0.737,0.0,0.0,0,0.0,0.0
3,347,6.94,enter,0.014,0.01376,0.00256,0.03547,0.03,-42.79,38.98,0.3092,0.037,-0.013,0.0,0.0,0,0.0,0.0
0,348,6.96,enter,0.02773,0.02731,0.00484,0.01695,0.03,-41.29,47.04,0.3188,0.0405,-2.743,0.0,0.0,0,0.0,0.0
1,348,6.96,enter,0.00404,0.00326,-0.00239,0.03356,0.03,-40.83,49.14,0.311,0.0378,1.401,0.0,0.0,0,0.0,0.0
2,348,6.96,enter,0.01278,0.01269,-0.00157,0.0337,0.03,-40.24,49.75,0.315,0.0394,-0.767,0.0,0.0,0,0.0,0.0
3,348,6.96,enter,0.01393,0.01369,0.00258,0.03539,0.03,-42.73,39.03,0.3092,0.037,-0.007,0.0,0.0,0,0.0,0.0
0,349,6.98,enter,0.03157,0.03139,0.00339,0.02096,0.03,-41.54,47.5,0.3186,0.0403,-2.797,0.0,0.0,0,0.0,0.0
1,349,6.98,enter,0.00392,0.00318,-0.0023,0.0335,0.03,-40.75,49.22,0.3111,0.0378,1.408,0.0,0.0,0,0.0,0.0
2,349,6.98,enter,0.01277,0.01268,-0.00151,0.03367,0.03,-40.17,49.82,0.3151,0.0394,-0.798,0.0,0.0,0,0.0,0.0
3,349,6.98,enter,0.01386,0.01361,0.00261,0.03531,0.03,-42.67,39.09,0.3093,0.037,-0.0,0.0,0.0,0,0.0,0.0
0,350,7.0,enter,0.02599,0.02594,0.00161,0.02092,0.03,-42.84,46.53,0.3185,0.0402,-2.758,0.0,0.0,0,0.0,0.0
1,350,7.0,enter,0.00379,0.0031,-0.00219,0.03342,0.03,-40.67,49.31,0.3111,0.0378,1.415,0.0,0.0,0,0.0,0.0
2,350,7.0,enter,0.01278,0.0127,-0.0014,0.03355,0.03,-40.08,49.91,0.3152,0.0394,-0.83,0.0,0.0,0,0.0,0.0
3,350,7.0,enter,0.01379,0.01354,0.00264,0.03523,0.03,-42.62,39.14,0.3093,0.0371,0.007,0.0,0.0,0,0.0,0.0
0,351,7.02,enter,0.01782,0.0177,0.00206,0.01934,0.03,-43.72,45.6,0.3184,0.0401,-2.723,0.0,0.0,0,0.0,0.0
1,351,7.02,enter,0.00366,0.00302,-0.00208,0.03334,0.03,-40.59,49.39,0.3111,0.0378,1.422,0.0,0.0,0,0.0,0.0
2,351,7.02,enter,0.01284,0.01277,-0.00137,0.03353,0.03,-40.01,49.98,0.3153,0.0394,-0.862,0.0,0.0,0,0.0,0.0
3,351,7.02,enter,0.01373,0.01346,0.00268,0.03514,0.03,-42.56,39.2,0.3093,0.0371,0.015,0.0,0.0,0,0.0,0.0
0,352,7.04,enter,0.0128,0.01275,0.0011,0.02195,0.03,-43.8,44.63,0.3183,0.0399,-2.704,0.0,0.0,0,0.0,0.0
1,352,7.04,enter,0.00352,0.00293,-0.00195,0.03324,0.03,-40.51,49.48,0.3112,0.0378,1.429,0.0,0.0,0,0.0,0.0
2,352,7.04,enter,0.01275,0.01268,-0.00131,0.03344,0.03,-39.93,50.06,0.3154,0.0393,-0.893,0.0,0.0,0,0.0,0.0
3,352,7.04,enter,0.01366,0.01339,0.00272,0.03505,0.03,-42.5,39.26,0.3093,0.0371,0.023,0.0,0.0,0,0.0,0.0
0,353,7.06,enter,0.01362,0.01331,-0.00289,0.02928,0.03,-44.4,42.78,0.3183,0.0395,-2.7,0.0,0.0,0,0.0,0.0
1,353,7.06,enter,0.0034,0.00287,-0.00183,0.03315,0.03,-40.43,49.56,0.3112,0.0378,1.436,0.0,0.0,0,0.0,0.0
2,353,7.06,enter,0.01283,0.01277,-0.00124,0.03341,0.03,-39.86,50.13,0.3155,0.0393,-0.926,0.0,0.0,0,0.0,0.0
3,353,7.06,enter,0.01359,0.01331,0.00276,0.03496,0.03,-42.44,39.31,0.3093,0.0372,0.031,0.0,0.0,0,0.0,0.0
0,354,7.08,enter,0.01685,0.01371,-0.00981,0.04052,0.03,-46.29,39.85,0.3183,0.0392,-2.694,0.0,0.0,0,0.0,0.0
1,354,7.08,enter,0.00325,0.00278,-0.00169,0.03305,0.03,-40.34,49.65,0.3113,0.0379,1.444,0.0,0.0,0,0.0,0.0
2,354,7.08,enter,0.01272,0.01267,-0.00109,0.03319,0.03,-39.75,50.23,0.3156,0.0393,-0.957,0.0,0.0,0,0.0,0.0
3,354,7.08,enter,0.01351,0.01322,0.0028,0.03486,0.03,-42.38,39.37,0.3093,0.0372,0.039,0.0,0.0,0,0.0,0.0
0,355,7.1,enter,0.01683,0.01367,-0.00982,0.04317,0.03,-46.88,38.5,0.3185,0.0391,-2.722,0.0,0.0,0,0.0,0.0
1,355,7.1,enter,0.00313,0.00271,-0.00156,0.03294,0.03,-40.26,49.73,0.3113,0.0379,1.451,0.0,0.0,0,0.0,0.0
2,355,7.1,enter,0.01285,0.01281,-0.00108,0.03323,0.03,-39.7,50.29,0.3157,0.0392,-0.991,0.0,0.0,0,0.0,0.0
3,355,7.1,enter,0.01343,0.01313,0.00283,0.03477,0.03,-42.33,39.42,0.3093,0.0372,0.048,0.0,0.0,0,0.0,0.0
0,356,7.12,enter,0.01314,0.01157,-0.00622,0.03942,0.03,-45.48,38.79,0.3187,0.0389,-2.773,0.0,0.0,0,0.0,0.0
1,356,7.12,enter,0.003,0.00264,-0.00143,0.03284,0.03,-40.18,49.82,0.3114,0.0379,1.459,0.0,0.0,0,0.0,0.0
2,356,7.12,enter,0.01261,0.01257,-0.00095,0.03301,0.03,-39.59,50.39,0.3157,0.0392,-1.022,0.0,0.0,0,0.0,0.0
3,356,7.12,enter,0.01335,0.01304,0.00286,0.03468,0.03,-42.27,39.47,0.3093,0.0373,0.057,0.0,0.0,0,0.0,0.0
0,357,7.14,enter,0.01041,0.00947,-0.00433,0.03442,0.03,-44.75,39.54,0.3188,0.0387,-2.82,0.0,0.0,0,0.0,0.0
1,357,7.14,enter,0.00289,0.00258,-0.0013,0.03275,0.03,-40.09,49.9,0.3114,0.0379,1.467,0.0,0.0,0,0.0,0.0
2,357,7.14,enter,0.01281,0.01278,-0.00093,0.03306,0.03,-39.54,50.44,0.3158,0.0392,-1.058,0.0,0.0,0,0.0,0.0
3,357,7.14,enter,0.01327,0.01296,0.00288,0.03459,0.03,-42.21,39.52,0.3093,0.0373,0.067,0.0,0.0,0,0.0,0.0
0,358,7.16,enter,0.01148,0.00887,-0.00728,0.03251,0.03,-45.26,39.48,0.3188,0.0385,-2.878,0.0,0.0,0,0.0,0.0
1,358,7.16,enter,0.00277,0.00251,-0.00117,0.03264,0.03,-40.01,49.99,0.3114,0.038,1.474,0.0,0.0,0,0.0,0.0
2,358,7.16,enter,0.01249,0.01247,-0.00075,0.03272,0.03,-39.41,50.57,0.3159,0.0392,-1.089,0.0,0.0,0,0.0,0.0
3,358,7.16,enter,0.0132,0.01288,0.00289,0.03452,0.03,-42.16,39.56,0.3093,0.0373,0.076,0.0,0.0,0,0.0,0.0
0,359,7.18,enter,0.01235,0.0102,-0.00696,0.02959,0.03,-45.69,39.53,0.3188,0.0384,-2.937,0.0,0.0,0,0.0,0.0
1,359,7.18,enter,0.00268,0.00245,-0.00106,0.03255,0.03,-39.93,50.07,0.3115,0.038,1.482,0.0,0.0,0,0.0,0.0
2,359,7.18,enter,0.01281,0.01278,-0.00077,0.03284,0.03,-39.37,50.61,0.316,0.0391,-1.127,0.0,0.0,0,0.0,0.0
3,359,7.18,enter,0.01313,0.0128,0.0029,0.03446,0.03,-42.11,39.6,0.3093,0.0374,0.086,0.0,0.0,0,0.0,0.0
0,360,7.2,enter,0.01158,0.01008,-0.0057,0.02848,0.03,-45.57,39.64,0.3188,0.0384,-2.942,0.0,0.0,0,0.0,0.0
1,360,7.2,enter,0.00259,0.00241,-0.00096,0.03247,0.03,-39.85,50.14,0.3115,0.038,1.489,0.0,0.0,0,0.0,0.0
2,360,7.2,enter,0.01234,0.01233,-0.00061,0.03251,0.03,-39.24,50.73,0.316,0.0391,-1.156,0.0,0.0,0,0.0,0.0
3,360,7.2,enter,0.01306,0.01273,0.00291,0.03439,0.03,-42.05,39.64,0.3093,0.0374,0.096,0.0,0.0,0,0.0,0.0
0,361,7.22,enter,0.01328,0.01233,-0.00494,0.03081,0.03,-45.19,39.67,0.3188,0.0383,-2.901,0.0,0.0,0,0.0,0.0
1,361,7.22,enter,0.00253,0.00237,-0.00088,0.0324,0.03,-39.78,50.22,0.3115,0.0381,1.497,0.0,0.0,0,0.0,0.0
2,361,7.22,enter,0.01274,0.01273,-0.00062,0.03266,0.03,-39.2,50.77,0.3161,0.0391,-1.196,0.0,0.0,0,0.0,0.0
3,361,7.22,enter,0.01299,0.01266,0.00291,0.03433,0.03,-42.0,39.68,0.3093,0.0374,0.107,0.0,0.0,0,0.0,0.0
0,362,7.24,enter,0.0176,0.01699,-0.00458,0.03366,0.03,-45.17,39.37,0.3188,0.0381,-2.89,0.0,0.0,0,0.0,0.0
1,362,7.24,enter,0.00247,0.00234,-0.0008,0.03233,0.03,-39.7,50.3,0.3115,0.0381,1.504,0.0,0.0,0,0.0,0.0
2,362,7.24,enter,0.01222,0.01221,-0.00046,0.03226,0.03,-39.06,50.91,0.3161,0.0391,-1.225,0.0,0.0,0,0.0,0.0
3,362,7.24,enter,0.01292,0.01259,0.00291,0.03428,0.03,-41.94,39.72,0.3092,0.0375,0.117,0.0,0.0,0,0.0,0.0
0,363,7.26,enter,0.01783,0.01724,-0.00455,0.0336,0.03,-45.65,38.97,0.3188,0.038,-2.934,0.0,0.0,0,0.0,0.0
1,363,7.26,enter,0.00242,0.00231,-0.00074,0.03226,0.03,-39.63,50.37,0.3115,0.0381,1.512,0.0,0.0,0,0.0,0.0
2,363,7.26,enter,0.01269,0.01268,-0.00052,0.03246,0.03,-39.03,50.94,0.3162,0.039,-1.267,0.0,0.0,0,0.0,0.0
3,363,7.26,enter,0.01284,0.0125,0.0029,0.03422,0.03,-41.89,39.76,0.3092,0.0375,0.128,0.0,0.0,0,0.0,0.0
0,364,7.28,enter,0.01516,0.01422,-0.00527,0.0316,0.03,-45.69,38.46,0.3189,0.0378,-3.006,0.0,0.0,0,0.0,0.0
1,364,7.28,enter,0.00239,0.00229,-0.00069,0.03221,0.03,-39.55,50.45,0.3116,0.0382,1.519,0.0,0.0,0,0.0,0.0
2,364,7.28,enter,0.01204,0.01204,-0.00039,0.0321,0.03,-38.89,51.07,0.3162,0.039,-1.295,0.0,0.0,0,0.0,0.0
3,364,7.28,enter,0.01275,0.01242,0.00288,0.03416,0.03,-41.84,39.79,0.3092,0.0375,0.139,0.0,0.0,0,0.0,0.0
0,365,7.3,enter,0.01292,0.01229,-0.00401,0.02912,0.03,-45.69,37.37,0.319,0.0377,-3.05,0.0,0.0,0,0.0,0.0
1,365,7.3,enter,0.00237,0.00228,-0.00065,0.03217,0.03,-39.48,50.52,0.3116,0.0382,1.527,0.0,0.0,0,0.0,0.0
2,365,7.3,enter,0.0126,0.0126,-0.0004,0.03229,0.03,-38.85,51.11,0.3163,0.039,-1.339,0.0,0.0,0,0.0,0.0
3,365,7.3,enter,0.01266,0.01233,0.00285,0.03411,0.03,-41.79,39.82,0.3092,0.0376,0.15,0.0,0.0,0,0.0,0.0
0,366,7.32,enter,0.01545,0.01526,-0.00242,0.0314,0.03,-45.33,35.74,0.3191,0.0376,-3.013,0.0,0.0,0,0.0,0.0
1,366,7.32,enter,0.00237,0.00229,-0.00062,0.03213,0.03,-39.4,50.6,0.3116,0.0383,1.534,0.0,0.0,0,0.0,0.0
2,366,7.32,enter,0.0119,0.0119,-0.00025,0.03183,0.03,-38.7,51.26,0.3163,0.039,-1.367,0.0,0.0,0,0.0,0.0
3,366,7.32,enter,0.01256,0.01224,0.00282,0.03406,0.03,-41.74,39.85,0.3092,0.0376,0.161,0.0,0.0,0,0.0,0.0
0,367,7.34,enter,0.02079,0.02031,-0.00443,0.03792,0.03,-46.08,34.39,0.3192,0.0375,-2.979,0.0,0.0,0,0.0,0.0
1,367,7.34,enter,0.00237,0.00229,-0.0006,0.03209,0.03,-39.33,50.67,0.3116,0.0383,1.541,0.0,0.0,0,0.0,0.0
2,367,7.34,enter,0.01256,0.01256,-0.00032,0.03211,0.03,-38.67,51.29,0.3164,0.0389,-1.412,0.0,0.0,0,0.0,0.0
3,367,7.34,enter,0.01246,0.01215,0.00277,0.03401,0.03,-41.69,39.88,0.3091,0.0376,0.173,0.0,0.0,0,0.0,0.0
0,368,7.36,enter,0.02116,0.01785,-0.01137,0.0426,0.03,-47.89,33.22,0.3193,0.0372,-3.018,0.0,0.0,0,0.0,0.0
1,368,7.36,enter,0.00238,0.00231,-0.00059,0.03207,0.03,-39.25,50.74,0.3116,0.0384,1.548,0.0,0.0,0,0.0,0.0
2,368,7.36,enter,0.01172,0.01172,-0.0002,0.03168,0.03,-38.51,51.43,0.3164,0.0389,-1.439,0.0,0.0,0,0.0,0.0
3,368,7.36,enter,0.01236,0.01206,0.00272,0.03397,0.03,-41.64,39.9,0.3091,0.0377,0.184,0.0,0.0,0,0.0,0.0
0,369,7.38,enter,0.01628,0.01168,-0.01134,0.03883,0.03,-48.2,33.26,0.3195,0.0371,-3.111,0.0,0.0,0,0.0,0.0
1,369,7.38,enter,0.00241,0.00234,-0.00058,0.03205,0.03,-39.18,50.82,0.3116,0.0384,1.555,0.0,0.0,0,0.0,0.0
2,369,7.38,enter,0.01251,0.01251,-0.0002,0.03195,0.03,-38.48,51.47,0.3164,0.0389,-1.487,0.0,0.0,0,0.0,0.0
3,369,7.38,enter,0.01226,0.01196,0.00266,0.03393,0.03,-41.59,39.92,0.3091,0.0377,0.196,0.0,0.0,0,0.0,0.0
0,370,7.4,enter,0.01476,0.0132,-0.00659,0.03301,0.03,-46.53,34.49,0.3196,0.0371,-3.165,0.0,0.0,0,0.0,0.0
1,370,7.4,enter,0.00246,0.00239,-0.00059,0.03203,0.03,-39.11,50.89,0.3116,0.0385,1.562,0.0,0.0,0,0.0,0.0
2,370,7.4,enter,0.0116,0.0116,-4e-05,0.03142,0.03,-38.3,51.63,0.3165,0.0389,-1.514,0.0,0.0,0,0.0,0.0
3,370,7.4,enter,0.01215,0.01187,0.0026,0.0339,0.03,-41.54,39.94,0.3091,0.0378,0.208,0.0,0.0,0,0.0,0.0
0,371,7.42,enter,0.01858,0.01701,-0.00746,0.03478,0.03,-46.27,35.08,0.3197,0.037,-3.154,0.0,0.0,0,0.0,0.0
1,371,7.42,enter,0.00251,0.00243,-0.0006,0.03202,0.03,-39.03,50.96,0.3116,0.0385,1.569,0.0,0.0,0,0.0,0.0
2,371,7.42,enter,0.0125,0.0125,-0.0001,0.03179,0.03,-38.28,51.66,0.3165,0.0389,-1.564,0.0,0.0,0,0.0,0.0
3,371,7.42,enter,0.01205,0.01178,0.00253,0.03387,0.03,-41.49,39.96,0.309,0.0378,0.22,0.0,0.0,0,0.0,0.0
0,372,7.44,enter,0.02004,0.01657,-0.01126,0.0375,0.03,-47.54,35.19,0.3197,0.0369,-3.166,0.0,0.0,0,0.0,0.0
1,372,7.44,enter,0.00256,0.00249,-0.00062,0.03202,0.03,-38.95,51.04,0.3116,0.0386,1.576,0.0,0.0,0,0.0,0.0
2,372,7.44,enter,0.01144,0.01144,4e-05,0.03126,0.03,-38.1,51.82,0.3166,0.0388,-1.59,0.0,0.0,0,0.0,0.0
3,372,7.44,enter,0.01194,0.01168,0.00246,0.03384,0.03,-41.45,39.98,0.309,0.0379,0.232,0.0,0.0,0,0.0,0.0
0,373,7.46,enter,0.01814,0.01438,-0.01106,0.03533,0.03,-47.83,35.1,0.3198,0.037,-3.216,0.0,0.0,0,0.0,0.0
1,373,7.46,enter,0.00263,0.00255,-0.00065,0.03202,0.03,-38.88,51.11,0.3116,0.0386,1.583,0.0,0.0,0,0.0,0.0
2,373,7.46,enter,0.01247,0.01247,8e-05,0.03156,0.03,-38.06,51.87,0.3166,0.0388,-1.643,0.0,0.0,0,0.0,0.0
3,373,7.46,enter,0.01183,0.01159,0.00238,0.03381,0.03,-41.4,39.99,0.309,0.0379,0.244,0.0,0.0,0,0.0,0.0
0,374,7.48,enter,0.01687,0.01426,-0.00901,0.03258,0.03,-47.33,34.86,0.3199,0.037,-3.236,0.0,0.0,0,0.0,0.0
1,374,7.48,enter,0.00271,0.00263,-0.00068,0.03202,0.03,-38.8,51.18,0.3116,0.0387,1.59,0.0,0.0,0,0.0,0.0
2,374,7.48,enter,0.01135,0.01134,0.00022,0.03097,0.03,-37.87,52.04,0.3166,0.0388,-1.669,0.0,0.0,0,0.0,0.0
3,374,7.48,enter,0.01172,0.01149,0.0023,0.03379,0.03,-41.35,40.01,0.3089,0.0379,0.256,0.0,0.0,0,0.0,0.0
0,375,7.5,enter,0.01813,0.01702,-0.00625,0.03194,0.03,-46.99,33.23,0.3198,0.037,-3.223,0.0,0.0,0,0.0,0.0
1,375,7.5,enter,0.0028,0.0027,-0.00072,0.03202,0.03,-38.73,51.26,0.3116,0.0388,1.597,0.0,0.0,0,0.0,0.0
2,375,7.5,enter,0.01244,0.01244,0.00021,0.03136,0.03,-37.83,52.08,0.3167,0.0388,-1.724,0.0,0.0,0,0.0,0.0
3,375,7.5,enter,0.01161,0.01139,0.00222,0.03376,0.03,-41.3,40.02,0.3089,0.038,0.269,0.0,0.0,0,0.0,0.0
0,376,7.52,enter,0.02006,0.01826,-0.0083,0.03599,0.03,-48.06,30.24,0.3199,0.037,-3.214,0.0,0.0,0,0.0,0.0
1,376,7.52,enter,0.00289,0.00278,-0.00076,0.03203,0.03,-38.65,51.33,0.3116,0.0388,1.603,0.0,0.0,0,0.0,0.0
2,376,7.52,enter,0.01122,0.01121,0.00039,0.03073,0.03,-37.64,52.26,0.3167,0.0388,-1.75,0.0,0.0,0,0.0,0.0
3,376,7.52,enter,0.01149,0.01129,0.00214,0.03373,0.03,-41.25,40.04,0.3089,0.038,0.281,0.0,0.0,0,0.0,0.0
0,377,7.54,enter,0.02043,0.01682,-0.01161,0.03963,0.03,-49.66,27.84,0.32,0.0369,-3.222,0.0,0.0,0,0.0,0.0
1,377,7.54,enter,0.00299,0.00288,-0.00081,0.03205,0.03,-38.58,51.4,0.3116,0.0389,1.61,0.0,0.0,0,0.0,0.0
2,377,7.54,enter,0.01247,0.01246,0.00047,0.03106,0.03,-37.58,52.31,0.3168,0.0388,-1.808,0.0,0.0,0,0.0,0.0
3,377,7.54,enter,0.01137,0.01118,0.00207,0.0337,0.03,-41.2,40.05,0.3088,0.0381,0.293,0.0,0.0,0,0.0,0.0
0,378,7.56,enter,0.01983,0.01469,-0.01332,0.04086,0.03,-50.22,25.75,0.3202,0.0369,-3.234,0.0,0.0,0,0.0,0.0
1,378,7.56,enter,0.00309,0.00297,-0.00086,0.03206,0.03,-38.5,51.48,0.3116,0.039,1.616,0.0,0.0,0,0.0,0.0
2,378,7.56,enter,0.01129,0.01128,0.00057,0.0305,0.03,-37.4,52.48,0.3168,0.0388,-1.832,0.0,0.0,0,0.0,0.0
3,378,7.56,enter,0.01125,0.01107,0.00199,0.03365,0.03,-41.15,40.06,0.3088,0.0381,0.306,0.0,0.0,0,0.0,0.0
0,379,7.58,enter,0.01925,0.01445,-0.01273,0.03999,0.03,-49.91,24.48,0.3204,0.0369,-3.247,0.0,0.0,0,0.0,0.0
1,379,7.58,enter,0.0032,0.00307,-0.00091,0.03208,0.03,-38.42,51.55,0.3116,0.039,1.623,0.0,0.0,0,0.0,0.0
2,379,7.58,enter,0.01247,0.01246,0.00023,0.03125,0.03,-37.42,52.45,0.3169,0.0388,-1.888,0.0,0.0,0,0.0,0.0
3,379,7.58,enter,0.01112,0.01096,0.00191,0.03362,0.03,-41.1,40.07,0.3088,0.0382,0.319,0.0,0.0,0,0.0,0.0
0,380,7.6,enter,0.02009,0.01636,-0.01166,0.03789,0.03,-49.56,24.58,0.3205,0.0368,-3.265,0.0,0.0,0,0.0,0.0
1,380,7.6,enter,0.00332,0.00317,-0.00097,0.03209,0.03,-38.34,51.63,0.3115,0.0391,1.629,0.0,0.0,0,0.0,0.0
2,380,7.6,enter,0.01082,0.0108,0.00055,0.03033,0.03,-37.15,52.7,0.3169,0.0388,-1.911,0.0,0.0,0,0.0,0.0
3,380,7.6,enter,0.01099,0.01084,0.00182,0.03358,0.03,-41.05,40.08,0.3087,0.0382,0.331,0.0,0.0,0,0.0,0.0
0,381,7.62,enter,0.02137,0.01593,-0.01425,0.03915,0.03,-50.65,25.07,0.3206,0.0368,-3.259,0.0,0.0,0,0.0,0.0
1,381,7.62,enter,0.00344,0.00328,-0.00102,0.03212,0.03,-38.26,51.7,0.3115,0.0392,1.635,0.0,0.0,0,0.0,0.0
2,381,7.62,enter,0.01204,0.01201,0.00082,0.03036,0.03,-37.04,52.8,0.317,0.0388,-1.971,0.0,0.0,0,0.0,0.0
3,381,7.62,enter,0.01086,0.01072,0.00173,0.03355,0.03,-41.0,40.09,0.3087,0.0383,0.344,0.0,0.0,0,0.0,0.0
0,382,7.64,enter,0.02127,0.01558,-0.01449,0.03972,0.03,-51.39,24.78,0.3206,0.0368,-3.233,0.0,0.0,0,0.0,0.0
1,382,7.64,enter,0.00356,0.0034,-0.00108,0.03214,0.03,-38.18,51.77,0.3115,0.0392,1.642,0.0,0.0,0,0.0,0.0
2,382,7.64,enter,0.01111,0.01106,0.00105,0.02965,0.03,-36.78,53.02,0.317,0.0388,-2.003,0.0,0.0,0,0.0,0.0
3,382,7.64,enter,0.01074,0.01062,0.00164,0.03353,0.03,-40.95,40.09,0.3087,0.0383,0.357,0.0,0.0,0,0.0,0.0
0,383,7.66,enter,0.02218,0.01684,-0.01443,0.04095,0.03,-51.65,24.36,0.3207,0.0368,-3.196,0.0,0.0,0,0.0,0.0
1,383,7.66,enter,0.00369,0.00351,-0.00114,0.03216,0.03,-38.1,51.85,0.3115,0.0393,1.648,0.0,0.0,0,0.0,0.0
2,383,7.66,enter,0.0123,0.01227,0.00095,0.03025,0.03,-36.77,53.03,0.3171,0.0388,-2.063,0.0,0.0,0,0.0,0.0
3,383,7.66,enter,0.01063,0.01052,0.00155,0.03352,0.03,-40.91,40.09,0.3087,0.0384,0.369,0.0,0.0,0,0.0,0.0
0,384,7.68,enter,0.02411,0.01764,-0.01644,0.04398,0.03,-51.76,23.29,0.3207,0.0367,-3.162,0.0,0.0,0,0.0,0.0
1,384,7.68,enter,0.00382,0.00363,-0.00119,0.03218,0.03,-38.02,51.92,0.3115,0.0394,1.654,0.0,0.0,0,0.0,0.0
2,384,7.68,enter,0.01085,0.01079,0.00112,0.0297,0.03,-36.55,53.21,0.3171,0.0388,-2.089,0.0,0.0,0,0.0,0.0
3,384,7.68,enter,0.01052,0.01042,0.00146,0.03351,0.03,-40.86,40.1,0.3086,0.0384,0.382,0.0,0.0,0,0.0,0.0
0,385,7.7,enter,0.02382,0.01766,-0.01598,0.04396,0.03,-51.71,22.99,0.3207,0.0366,-3.153,0.0,0.0,0,0.0,0.0
1,385,7.7,enter,0.00396,0.00376,-0.00125,0.03221,0.03,-37.94,52.0,0.3114,0.0395,1.66,0.0,0.0,0,0.0,0.0
2,385,7.7,enter,0.01189,0.0118,0.00145,0.02969,0.03,-36.43,53.31,0.3172,0.0388,-2.149,0.0,0.0,0,0.0,0.0
3,385,7.7,enter,0.01041,0.01031,0.00138,0.03348,0.03,-40.8,40.1,0.3086,0.0385,0.395,0.0,0.0,0,0.0,0.0
0,386,7.72,enter,0.02424,0.01978,-0.01401,0.04347,0.03,-51.17,22.75,0.3208,0.0365,-3.136,0.0,0.0,0,0.0,0.0
1,386,7.72,enter,0.0041,0.00389,-0.0013,0.03222,0.03,-37.85,52.08,0.3114,0.0395,1.666,0.0,0.0,0,0.0,0.0
2,386,7.72,enter,0.0108,0.01069,0.0015,0.0291,0.03,-36.2,53.5,0.3173,0.0388,-2.182,0.0,0.0,0,0.0,0.0
3,386,7.72,enter,0.01029,0.01021,0.0013,0.03345,0.03,-40.75,40.11,0.3086,0.0386,0.408,0.0,0.0,0,0.0,0.0
0,387,7.74,enter,0.0255,0.02133,-0.01397,0.04442,0.03,-50.97,22.45,0.3208,0.0365,-3.105,0.0,0.0,0,0.0,0.0
1,387,7.74,enter,0.00422,0.004,-0.00136,0.03225,0.03,-37.77,52.15,0.3114,0.0396,1.672,0.0,0.0,0,0.0,0.0
2,387,7.74,enter,0.01182,0.01173,0.00147,0.02951,0.03,-36.15,53.52,0.3173,0.0388,-2.243,0.0,0.0,0,0.0,0.0
3,387,7.74,enter,0.01017,0.0101,0.00122,0.03342,0.03,-40.7,40.11,0.3085,0.0386,0.421,0.0,0.0,0,0.0,0.0
0,388,7.76,enter,0.02538,0.02135,-0.01371,0.0449,0.03,-50.97,21.93,0.3208,0.0365,-3.078,0.0,0.0,0,0.0,0.0
1,388,7.76,enter,0.00436,0.00413,-0.0014,0.03227,0.03,-37.68,52.23,0.3114,0.0397,1.678,0.0,0.0,0,0.0,0.0
2,388,7.76,enter,0.01057,0.01043,0.00167,0.029,0.03,-35.89,53.72,0.3174,0.0388,-2.275,0.0,0.0,0,0.0,0.0
3,388,7.76,enter,0.01005,0.00998,0.00114,0.03339,0.03,-40.65,40.11,0.3085,0.0387,0.434,0.0,0.0,0,0.0,0.0
0,389,7.78,enter,0.02547,0.02198,-0.01287,0.04509,0.03,-50.82,21.03,0.3209,0.0365,-3.057,0.0,0.0,0,0.0,0.0
1,389,7.78,enter,0.00449,0.00425,-0.00144,0.03229,0.03,-37.59,52.32,0.3114,0.0398,1.684,0.0,0.0,0,0.0,0.0
2,389,7.78,enter,0.01151,0.0113,0.00216,0.02882,0.03,-35.71,53.87,0.3175,0.0388,-2.335,0.0,0.0,0,0.0,0.0
3,389,7.78,enter,0.00992,0.00987,0.00105,0.03335,0.03,-40.59,40.11,0.3085,0.0387,0.447,0.0,0.0,0,0.0,0.0
0,390,7.8,enter,0.0265,0.02303,-0.0131,0.04598,0.03,-50.69,20.62,0.3209,0.0365,-3.029,0.0,0.0,0,0.0,0.0
1,390,7.8,enter,0.00461,0.00437,-0.00148,0.03231,0.03,-37.5,52.4,0.3113,0.0398,1.689,0.0,0.0,0,0.0,0.0
2,390,7.8,enter,0.01043,0.0102,0.00214,0.0284,0.03,-35.46,54.04,0.3176,0.0388,-2.37,0.0,0.0,0,0.0,0.0
3,390,7.8,enter,0.0098,0.00976,0.00097,0.03332,0.03,-40.54,40.11,0.3084,0.0388,0.46,0.0,0.0,0,0.0,0.0
0,391,7.82,enter,0.0274,0.02406,-0.01312,0.04713,0.03,-50.61,20.3,0.321,0.0365,-2.988,0.0,0.0,0,0.0,0.0
1,391,7.82,enter,0.00474,0.00449,-0.00152,0.03233,0.03,-37.41,52.48,0.3113,0.0399,1.695,0.0,0.0,0,0.0,0.0
2,391,7.82,enter,0.01134,0.01113,0.00215,0.02872,0.03,-35.39,54.08,0.3176,0.0389,-2.431,0.0,0.0,0,0.0,0.0
3,391,7.82,enter,0.00969,0.00965,0.00088,0.0333,0.03,-40.49,40.11,0.3084,0.0389,0.473,0.0,0.0,0,0.0,0.0
0,392,7.84,enter,0.02719,0.02309,-0.01436,0.04773,0.03,-50.33,20.15,0.3211,0.0365,-2.954,0.0,0.0,0,0.0,0.0
1,392,7.84,enter,0.00487,0.00462,-0.00156,0.03235,0.03,-37.32,52.56,0.3113,0.04,1.7,0.0,0.0,0,0.0,0.0
2,392,7.84,enter,0.01017,0.00991,0.00227,0.02837,0.03,-35.12,54.27,0.3177,0.0389,-2.466,0.0,0.0,0,0.0,0.0
3,392,7.84,enter,0.00958,0.00955,0.0008,0.03328,0.03,-40.44,40.11,0.3084,0.0389,0.485,0.0,0.0,0,0.0,0.0
0,393,7.86,enter,0.0243,0.02105,-0.01214,0.04474,0.03,-49.33,20.54,0.3213,0.0366,-2.954,0.0,0.0,0,0.0,0.0
1,393,7.86,enter,0.00501,0.00475,-0.00159,0.03237,0.03,-37.23,52.64,0.3113,0.0401,1.706,0.0,0.0,0,0.0,0.0
2,393,7.86,enter,0.01117,0.01081,0.00282,0.02813,0.03,-34.88,54.46,0.3178,0.0389,-2.528,0.0,0.0,0,0.0,0.0
3,393,7.86,enter,0.00948,0.00946,0.00072,0.03326,0.03,-40.39,40.1,0.3083,0.039,0.498,0.0,0.0,0,0.0,0.0
0,394,7.88,enter,0.02166,0.01976,-0.00886,0.03975,0.03,-48.06,22.95,0.3215,0.0368,-2.963,0.0,0.0,0,0.0,0.0
1,394,7.88,enter,0.00514,0.00488,-0.00162,0.03239,0.03,-37.14,52.72,0.3113,0.0401,1.711,0.0,0.0,0,0.0,0.0
2,394,7.88,enter,0.00998,0.00963,0.00263,0.02795,0.03,-34.64,54.61,0.3179,0.0389,-2.564,0.0,0.0,0,0.0,0.0
3,394,7.88,enter,0.00938,0.00936,0.00064,0.03325,0.03,-40.33,40.1,0.3083,0.0391,0.511,0.0,0.0,0,0.0,0.0
0,395,7.9,enter,0.01987,0.0156,-0.01232,0.03925,0.03,-48.43,25.77,0.3217,0.037,-2.936,0.0,0.0,0,0.0,0.0
1,395,7.9,enter,0.00528,0.00501,-0.00166,0.03242,0.03,-37.05,52.8,0.3112,0.0402,1.716,0.0,0.0,0,0.0,0.0
2,395,7.9,enter,0.01085,0.01051,0.00269,0.02819,0.03,-34.52,54.68,0.318,0.0389,-2.627,0.0,0.0,0,0.0,0.0
3,395,7.9,enter,0.00926,0.00925,0.00057,0.03322,0.03,-40.28,40.1,0.3083,0.0391,0.525,0.0,0.0,0,0.0,0.0
0,396,7.92,enter,0.01719,0.01456,-0.00913,0.03476,0.03,-47.5,29.02,0.322,0.0373,-2.905,0.0,0.0,0,0.0,0.0
1,396,7.92,enter,0.00542,0.00515,-0.00169,0.03245,0.03,-36.95,52.88,0.3112,0.0403,1.722,0.0,0.0,0,0.0,0.0
2,396,7.92,enter,0.00973,0.00934,0.00272,0.02795,0.03,-34.24,54.87,0.3181,0.0389,-2.664,0.0,0.0,0,0.0,0.0
3,396,7.92,enter,0.00915,0.00913,0.00049,0.03318,0.03,-40.22,40.1,0.3082,0.0392,0.538,0.0,0.0,0,0.0,0.0
0,397,7.94,enter,0.0171,0.01337,-0.01067,0.03727,0.03,-47.22,29.7,0.3222,0.0375,-2.834,0.0,0.0,0,0.0,0.0
1,397,7.94,enter,0.00556,0.00529,-0.00171,0.03247,0.03,-36.86,52.97,0.3112,0.0404,1.727,0.0,0.0,0,0.0,0.0
2,397,7.94,enter,0.01068,0.01019,0.00319,0.02774,0.03,-33.95,55.09,0.3182,0.039,-2.729,0.0,0.0,0,0.0,0.0
3,397,7.94,enter,0.00903,0.00902,0.00042,0.03314,0.03,-40.16,40.1,0.3082,0.0393,0.551,0.0,0.0,0,0.0,0.0
0,398,7.96,enter,0.01596,0.01405,-0.00756,0.03747,0.03,-46.22,30.28,0.3225,0.0378,-2.774,0.0,0.0,0,0.0,0.0
1,398,7.96,enter,0.0057,0.00543,-0.00173,0.0325,0.03,-36.76,53.05,0.3112,0.0404,1.731,0.0,0.0,0,0.0,0.0
2,398,7.96,enter,0.00953,0.00903,0.00306,0.02759,0.03,-33.68,55.26,0.3184,0.039,-2.766,0.0,0.0,0,0.0,0.0
3,398,7.96,enter,0.00891,0.00891,0.00035,0.0331,0.03,-40.11,40.09,0.3082,0.0393,0.564,0.0,0.0,0,0.0,0.0
0,399,7.98,enter,0.01387,0.01304,-0.0047,0.03596,0.03,-45.24,30.84,0.3228,0.0383,-2.752,0.0,0.0,0,0.0,0.0
1,399,7.98,enter,0.00585,0.00558,-0.00174,0.03252,0.03,-36.66,53.14,0.3112,0.0405,1.736,0.0,0.0,0,0.0,0.0
2,399,7.98,enter,0.01048,0.00997,0.00325,0.02767,0.03,-33.46,55.41,0.3185,0.039,-2.832,0.0,0.0,0,0.0,0.0
3,399,7.98,enter,0.0088,0.00879,0.00027,0.03307,0.03,-40.06,40.08,0.3081,0.0394,0.578,0.0,0.0,0,0.0,0.0
0,400,8.0,enter,0.00971,0.00934,-0.00265,0.0323,0.03,-44.39,31.38,0.3231,0.0387,-2.752,0.0,0.0,0,0.0,0.0
1,400,8.0,enter,0.00597,0.0057,-0.00177,0.03255,0.03,-36.56,53.22,0.3111,0.0406,1.741,0.0,0.0,0,0.0,0.0
2,400,8.0,enter,0.00931,0.00875,0.00318,0.02756,0.03,-33.17,55.59,0.3186,0.039,-2.87,0.0,0.0,0,0.0,0.0
3,400,8.0,enter,0.00869,0.00869,0.00019,0.03305,0.03,-40.0,40.08,0.3081,0.0395,0.591,0.0,0.0,0,0.0,0.0
0,401,8.02,enter,0.00637,0.00625,-0.0012,0.02987,0.03,-43.57,31.86,0.3235,0.0392,-2.719,0.0,0.0,0,0.0,0.0
1,401,8.02,enter,0.00611,0.00586,-0.00176,0.03256,0.03,-36.46,53.31,0.3111,0.0407,1.746,0.0,0.0,0,0.0,0.0
2,401,8.02,enter,0.01028,0.00966,0.00353,0.02745,0.03,-32.87,55.81,0.3188,0.039,-2.938,0.0,0.0,0,0.0,0.0
3,401,8.02,enter,0.00859,0.00859,0.00011,0.03303,0.03,-39.94,40.07,0.3081,0.0395,0.604,0.0,0.0,0,0.0,0.0
0,402,8.04,enter,0.00697,0.00697,0.00026,0.03192,0.03,-42.66,32.32,0.3238,0.0396,-2.62,0.0,0.0,0,0.0,0.0
1,402,8.04,enter,0.00623,0.00597,-0.00176,0.03257,0.03,-36.36,53.39,0.3111,0.0407,1.75,0.0,0.0,0,0.0,0.0
2,402,8.04,enter,0.00917,0.00848,0.00348,0.02729,0.03,-32.55,56.02,0.3189,0.039,-2.977,0.0,0.0,0,0.0,0.0
3,402,8.04,enter,0.00849,0.00849,4e-05,0.03301,0.03,-39.89,40.07,0.308,0.0396,0.617,0.0,0.0,0,0.0,0.0
0,403,8.06,enter,0.00991,0.00987,0.0009,0.03513,0.03,-41.81,32.81,0.3242,0.0401,-2.543,0.0,0.0,0,0.0,0.0
1,403,8.06,enter,0.00635,0.0061,-0.00175,0.03259,0.03,-36.26,53.48,0.3111,0.0408,1.754,0.0,0.0,0,0.0,0.0
2,403,8.06,enter,0.0101,0.00939,0.00372,0.02728,0.03,-32.26,56.23,0.3191,0.0391,-3.046,0.0,0.0,0,0.0,0.0
3,403,8.06,enter,0.00839,0.00839,-4e-05,0.03299,0.03,-39.83,40.06,0.308,0.0397,0.631,0.0,0.0,0,0.0,0.0
0,404,8.08,enter,0.01254,0.01213,0.0032,0.0363,0.03,-40.69,33.56,0.3246,0.0406,-2.496,0.0,0.0,0,0.0,0.0
1,404,8.08,enter,0.00647,0.00623,-0.00175,0.03261,0.03,-36.15,53.56,0.3111,0.0409,1.758,0.0,0.0,0,0.0,0.0
2,404,8.08,enter,0.00907,0.00831,0.00362,0.02724,0.03,-31.96,56.43,0.3193,0.0391,-3.087,0.0,0.0,0,0.0,0.0
3,404,8.08,enter,0.00829,0.00829,-0.00011,0.03295,0.03,-39.77,40.06,0.308,0.0398,0.644,0.0,0.0,0,0.0,0.0
0,405,8.1,enter,0.0115,0.01144,0.00117,0.03755,0.03,-40.4,33.76,0.3249,0.0411,-2.468,0.0,0.0,0,0.0,0.0
1,405,8.1,enter,0.00661,0.00637,-0.00175,0.03263,0.03,-36.05,53.65,0.3111,0.041,1.763,0.0,0.0,0,0.0,0.0
2,405,8.1,enter,0.0099,0.00912,0.00384,0.0272,0.03,-31.66,56.65,0.3194,0.0391,-3.155,0.0,0.0,0,0.0,0.0
3,405,8.1,enter,0.00818,0.00818,-0.00017,0.03292,0.03,-39.71,40.05,0.3079,0.0398,0.657,0.0,0.0,0,0.0,0.0
0,406,8.12,enter,0.00991,0.0094,0.00314,0.0349,0.03,-39.21,34.32,0.3252,0.0417,-2.444,0.0,0.0,0,0.0,0.0
1,406,8.12,enter,0.00675,0.00652,-0.00174,0.03266,0.03,-35.95,53.73,0.311,0.041,1.766,0.0,0.0,0,0.0,0.0
2,406,8.12,enter,0.00915,0.00838,0.00369,0.02722,0.03,-31.38,56.83,0.3196,0.0391,-3.2,0.0,0.0,0,0.0,0.0
3,406,8.12,enter,0.00807,0.00806,-0.00024,0.03288,0.03,-39.65,40.05,0.3079,0.0399,0.671,0.0,0.0,0,0.0,0.0
0,407,8.14,enter,0.00667,0.00667,0.00023,0.03431,0.03,-38.97,34.46,0.3255,0.0422,-2.413,0.0,0.0,0,0.0,0.0
1,407,8.14,enter,0.00689,0.00666,-0.00174,0.03269,0.03,-35.84,53.82,0.311,0.0411,1.77,0.0,0.0,0,0.0,0.0
2,407,8.14,enter,0.00956,0.00883,0.00367,0.02729,0.03,-31.11,57.01,0.3198,0.0391,-3.263,0.0,0.0,0,0.0,0.0
3,407,8.14,enter,0.00796,0.00795,-0.0003,0.03283,0.03,-39.6,40.04,0.3079,0.04,0.685,0.0,0.0,0,0.0,0.0
0,408,8.16,enter,0.00511,0.0051,0.00015,0.03299,0.03,-38.03,35.11,0.3257,0.0427,-2.373,0.0,0.0,0,0.0,0.0
1,408,8.16,enter,0.00704,0.00682,-0.00174,0.03272,0.03,-35.74,53.9,0.311,0.0412,1.774,0.0,0.0,0,0.0,0.0
2,408,8.16,enter,0.00957,0.00888,0.00356,0.02727,0.03,-30.84,57.21,0.3201,0.0392,-3.318,0.0,0.0,0,0.0,0.0
3,408,8.16,enter,0.00785,0.00784,-0.00037,0.0328,0.03,-39.54,40.03,0.3078,0.0401,0.698,0.0,0.0,0,0.0,0.0
0,409,8.18,enter,0.00434,0.00371,0.00224,0.0307,0.03,-36.86,36.83,0.326,0.0434,-2.345,0.0,0.0,0,0.0,0.0
1,409,8.18,enter,0.00718,0.00697,-0.00173,0.03276,0.03,-35.63,53.98,0.311,0.0412,1.777,0.0,0.0,0,0.0,0.0
2,409,8.18,enter,0.00961,0.00913,0.003,0.02769,0.03,-30.76,57.24,0.3203,0.0392,-3.37,0.0,0.0,0,0.0,0.0
3,409,8.18,enter,0.00774,0.00773,-0.00045,0.03276,0.03,-39.48,40.02,0.3078,0.0402,0.712,0.0,0.0,0,0.0,0.0
0,410,8.2,enter,0.00207,0.00124,0.00166,0.02912,0.03,-36.19,39.54,0.3262,0.0439,-2.343,0.0,0.0,0,0.0,0.0
1,410,8.2,enter,0.00733,0.00712,-0.00173,0.0328,0.03,-35.53,54.07,0.311,0.0413,1.78,0.0,0.0,0,0.0,0.0
2,410,8.2,enter,0.00955,0.00923,0.00247,0.02797,0.03,-30.65,57.31,0.3205,0.0392,-3.419,0.0,0.0,0,0.0,0.0
3,410,8.2,enter,0.00764,0.00762,-0.00053,0.03274,0.03,-39.42,40.02,0.3078,0.0402,0.725,0.0,0.0,0,0.0,0.0
0,411,8.22,enter,0.0027,0.0015,0.00225,0.0262,0.03,-35.59,42.59,0.3263,0.0446,-2.349,0.0,0.0,0,0.0,0.0
1,411,8.22,enter,0.00748,0.00728,-0.00171,0.03283,0.03,-35.42,54.15,0.311,0.0414,1.784,0.0,0.0,0,0.0,0.0
2,411,8.22,enter,0.00963,0.00944,0.00188,0.02836,0.03,-30.55,57.36,0.3207,0.0393,-3.469,0.0,0.0,0,0.0,0.0
3,411,8.22,enter,0.00755,0.00753,-0.0006,0.03272,0.03,-39.36,40.01,0.3077,0.0403,0.739,0.0,0.0,0,0.0,0.0
0,412,8.24,enter,0.00424,0.00424,-0.0,0.02522,0.03,-35.49,45.08,0.3264,0.0451,-2.357,0.0,0.0,0,0.0,0.0
1,412,8.24,enter,0.00762,0.00743,-0.0017,0.03286,0.03,-35.31,54.24,0.311,0.0415,1.786,0.0,0.0,0,0.0,0.0
2,412,8.24,enter,0.0098,0.0097,0.00142,0.02843,0.03,-30.38,57.48,0.321,0.0393,-3.52,0.0,0.0,0,0.0,0.0
3,412,8.24,enter,0.00745,0.00742,-0.00067,0.03268,0.03,-39.3,40.01,0.3077,0.0404,0.753,0.0,0.0,0,0.0,0.0
0,413,8.26,enter,0.00591,0.00574,-0.00139,0.02561,0.03,-35.3,47.17,0.3264,0.0457,-2.346,0.0,0.0,0,0.0,0.0
1,413,8.26,enter,0.00776,0.00757,-0.00168,0.03288,0.03,-35.2,54.32,0.311,0.0415,1.789,0.0,0.0,0,0.0,0.0
2,413,8.26,enter,0.00966,0.00964,0.00068,0.02874,0.03,-30.29,57.52,0.3212,0.0394,-3.566,0.0,0.0,0,0.0,0.0
3,413,8.26,enter,0.00736,0.00732,-0.00075,0.03265,0.03,-39.24,40.0,0.3077,0.0405,0.766,0.0,0.0,0,0.0,0.0
0,414,8.28,enter,0.00611,0.0061,-0.00038,0.02584,0.03,-34.8,48.62,0.3264,0.0463,-2.325,0.0,0.0,0,0.0,0.0
1,414,8.28,enter,0.00789,0.00771,-0.00166,0.03291,0.03,-35.08,54.41,0.311,0.0416,1.791,0.0,0.0,0,0.0,0.0
2,414,8.28,enter,0.01019,0.01019,0.00022,0.02891,0.03,-30.14,57.62,0.3214,0.0395,-3.621,0.0,0.0,0,0.0,0.0
3,414,8.28,enter,0.00724,0.0072,-0.00082,0.03262,0.03,-39.18,40.0,0.3076,0.0406,0.78,0.0,0.0,0,0.0,0.0
0,415,8.3,enter,0.00806,0.00798,-0.00113,0.02718,0.03,-34.44,48.8,0.3264,0.0469,-2.336,0.0,0.0,0,0.0,0.0
1,415,8.3,enter,0.00802,0.00786,-0.00164,0.03294,0.03,-34.97,54.49,0.311,0.0417,1.793,0.0,0.0,0,0.0,0.0
2,415,8.3,enter,0.00976,0.00975,-0.00046,0.0292,0.03,-30.0,57.68,0.3215,0.0395,-3.664,0.0,0.0,0,0.0,0.0
3,415,8.3,enter,0.00713,0.00708,-0.00089,0.03258,0.03,-39.12,39.99,0.3076,0.0407,0.794,0.0,0.0,0,0.0,0.0
0,416,8.32,enter,0.00996,0.00996,0.00022,0.02548,0.03,-33.61,49.39,0.3264,0.0475,-2.364,0.0,0.0,0,0.0,0.0
1,416,8.32,enter,0.00816,0.008,-0.00162,0.03297,0.03,-34.86,54.58,0.3109,0.0418,1.795,0.0,0.0,0,0.0,0.0
2,416,8.32,enter,0.01049,0.01048,-0.00059,0.02903,0.03,-29.7,57.91,0.3217,0.0396,-3.724,0.0,0.0,0,0.0,0.0
3,416,8.32,enter,0.00703,0.00696,-0.00096,0.03253,0.03,-39.06,39.98,0.3076,0.0408,0.808,0.0,0.0,0,0.0,0.0
0,417,8.34,enter,0.01408,0.01404,-0.00116,0.02738,0.03,-33.65,49.41,0.3264,0.048,-2.421,0.0,0.0,0,0.0,0.0
1,417,8.34,enter,0.00831,0.00815,-0.0016,0.03301,0.03,-34.75,54.66,0.3109,0.0418,1.797,0.0,0.0,0,0.0,0.0
2,417,8.34,enter,0.00995,0.00988,-0.00117,0.0291,0.03,-29.49,58.03,0.3218,0.0397,-3.767,0.0,0.0,0,0.0,0.0
3,417,8.34,enter,0.00693,0.00685,-0.00103,0.03249,0.03,-39.0,39.98,0.3075,0.0409,0.821,0.0,0.0,0,0.0,0.0
0,418,8.36,enter,0.0149,0.01485,0.00123,0.0261,0.03,-32.92,49.95,0.3264,0.0486,-2.444,0.0,0.0,0,0.0,0.0
1,418,8.36,enter,0.00846,0.00831,-0.00158,0.03305,0.03,-34.63,54.74,0.3109,0.0419,1.799,0.0,0.0,0,0.0,0.0
2,418,8.36,enter,0.01066,0.01058,-0.00133,0.02898,0.03,-29.21,58.25,0.3219,0.0397,-3.827,0.0,0.0,0,0.0,0.0
3,418,8.36,enter,0.00683,0.00674,-0.00111,0.03247,0.03,-38.94,39.97,0.3075,0.041,0.835,0.0,0.0,0,0.0,0.0
0,419,8.38,enter,0.01337,0.01336,0.00069,0.02685,0.03,-33.15,49.7,0.3264,0.0491,-2.451,0.0,0.0,0,0.0,0.0
1,419,8.38,enter,0.00861,0.00846,-0.00158,0.0331,0.03,-34.53,54.82,0.3109,0.042,1.8,0.0,0.0,0,0.0,0.0
2,419,8.38,enter,0.01033,0.01019,-0.00171,0.02904,0.03,-28.97,58.41,0.322,0.0398,-3.875,0.0,0.0,0,0.0,0.0
3,419,8.38,enter,0.00674,0.00664,-0.00119,0.03244,0.03,-38.87,39.96,0.3075,0.041,0.849,0.0,0.0,0,0.0,0.0
0,420,8.4,enter,0.01245,0.01242,-0.00083,0.02805,0.03,-33.75,49.26,0.3263,0.0495,-2.479,0.0,0.0,0,0.0,0.0
1,420,8.4,enter,0.00878,0.00864,-0.00156,0.03316,0.03,-34.41,54.91,0.3109,0.0421,1.802,0.0,0.0,0,0.0,0.0
2,420,8.4,enter,0.01044,0.01029,-0.00173,0.02876,0.03,-28.62,58.69,0.3221,0.0399,-3.93,0.0,0.0,0,0.0,0.0
3,420,8.4,enter,0.00666,0.00653,-0.00126,0.03242,0.03,-38.81,39.96,0.3074,0.0411,0.862,0.0,0.0,0,0.0,0.0
0,421,8.42,enter,0.01309,0.01289,-0.00232,0.02944,0.03,-34.72,48.59,0.3261,0.0498,-2.525,0.0,0.0,0,0.0,0.0
1,421,8.42,enter,0.00894,0.00881,-0.00155,0.03322,0.03,-34.3,54.98,0.3109,0.0421,1.802,0.0,0.0,0,0.0,0.0
2,421,8.42,enter,0.01042,0.01028,-0.00174,0.02842,0.03,-28.24,58.99,0.3222,0.0399,-3.986,0.0,0.0,0,0.0,0.0
3,421,8.42,enter,0.00657,0.00643,-0.00134,0.03239,0.03,-38.75,39.95,0.3074,0.0412,0.876,0.0,0.0,0,0.0,0.0
0,422,8.44,enter,0.01047,0.01028,-0.00199,0.02859,0.03,-35.11,47.44,0.326,0.0502,-2.52,0.0,0.0,0,0.0,0.0
1,422,8.44,enter,0.00911,0.00898,-0.00154,0.03327,0.03,-34.18,55.06,0.3109,0.0422,1.803,0.0,0.0,0,0.0,0.0
2,422,8.44,enter,0.01021,0.01005,-0.00183,0.02816,0.03,-27.89,59.27,0.3222,0.04,-4.04,0.0,0.0,0,0.0,0.0
3,422,8.44,enter,0.00647,0.00631,-0.00142,0.03236,0.03,-38.69,39.95,0.3074,0.0413,0.89,0.0,0.0,0,0.0,0.0
0,423,8.46,enter,0.00805,0.00776,-0.00215,0.02788,0.03,-35.56,45.73,0.3257,0.0504,-2.526,0.0,0.0,0,0.0,0.0
1,423,8.46,enter,0.00928,0.00915,-0.00153,0.03333,0.03,-34.07,55.14,0.3109,0.0423,1.803,0.0,0.0,0,0.0,0.0
2,423,8.46,enter,0.00981,0.00962,-0.00191,0.02792,0.03,-27.54,59.56,0.3223,0.04,-4.093,0.0,0.0,0,0.0,0.0
3,423,8.46,enter,0.00636,0.00618,-0.00149,0.03231,0.03,-38.62,39.95,0.3073,0.0415,0.904,0.0,0.0,0,0.0,0.0
0,424,8.48,enter,0.01052,0.00852,-0.00617,0.0305,0.03,-36.74,44.82,0.3254,0.0505,-2.592,0.0,0.0,0,0.0,0.0
1,424,8.48,enter,0.00944,0.00932,-0.00152,0.03339,0.03,-33.95,55.22,0.3109,0.0423,1.803,0.0,0.0,0,0.0,0.0
2,424,8.48,enter,0.00925,0.00906,-0.00183,0.02747,0.03,-27.11,59.93,0.3223,0.0401,-4.146,0.0,0.0,0,0.0,0.0
3,424,8.48,enter,0.00625,0.00605,-0.00157,0.03225,0.03,-38.56,39.94,0.3073,0.0416,0.917,0.0,0.0,0,0.0,0.0
0,425,8.5,enter,0.01031,0.0058,-0.00853,0.03209,0.03,-36.73,44.6,0.3251,0.0505,-2.585,0.0,0.0,0,0.0,0.0
1,425,8.5,enter,0.00959,0.00948,-0.0015,0.03344,0.03,-33.83,55.3,0.3109,0.0424,1.803,0.0,0.0,0,0.0,0.0
2,425,8.5,enter,0.00858,0.00842,-0.00161,0.02685,0.03,-26.59,60.53,0.3223,0.0401,-4.196,0.0,0.0,0,0.0,0.0
3,425,8.5,enter,0.00616,0.00593,-0.00165,0.0322,0.03,-38.49,39.94,0.3073,0.0417,0.931,0.0,0.0,0,0.0,0.0
0,426,8.52,enter,0.00924,0.00356,-0.00853,0.03182,0.03,-36.39,44.59,0.3247,0.0505,-2.558,0.0,0.0,0,0.0,0.0
1,426,8.52,enter,0.00975,0.00963,-0.00148,0.0335,0.03,-33.71,55.38,0.3109,0.0425,1.803,0.0,0.0,0,0.0,0.0
2,426,8.52,enter,0.00807,0.00793,-0.00151,0.02647,0.03,-26.14,61.1,0.3224,0.0402,-4.248,0.0,0.0,0,0.0,0.0
3,426,8.52,enter,0.00607,0.00581,-0.00175,0.03218,0.03,-38.43,39.93,0.3072,0.0418,0.945,0.0,0.0,0,0.0,0.0
0,427,8.54,enter,0.01028,0.0062,-0.00819,0.03083,0.03,-35.81,44.71,0.3243,0.0504,-2.548,0.0,0.0,0,0.0,0.0
1,427,8.54,enter,0.0099,0.00979,-0.00145,0.03354,0.03,-33.59,55.47,0.3109,0.0426,1.802,0.0,0.0,0,0.0,0.0
2,427,8.54,enter,0.00785,0.00779,-0.00104,0.02577,0.03,-25.62,61.73,0.3225,0.0402,-4.303,0.0,0.0,0,0.0,0.0
3,427,8.54,enter,0.00599,0.0057,-0.00184,0.03218,0.03,-38.37,39.92,0.3072,0.0419,0.959,0.0,0.0,0,0.0,0.0
0,428,8.56,enter,0.01348,0.00884,-0.01017,0.03291,0.03,-35.62,44.58,0.3238,0.0502,-2.535,0.0,0.0,0,0.0,0.0
1,428,8.56,enter,0.01004,0.00994,-0.00143,0.0336,0.03,-33.47,55.55,0.3109,0.0426,1.801,0.0,0.0,0,0.0,0.0
2,428,8.56,enter,0.00756,0.00755,-0.00047,0.0254,0.03,-25.33,62.54,0.3225,0.0402,-4.354,0.0,0.0,0,0.0,0.0
3,428,8.56,enter,0.00593,0.0056,-0.00193,0.03219,0.03,-38.31,39.92,0.3072,0.042,0.972,0.0,0.0,0,0.0,0.0
0,429,8.58,enter,0.01551,0.00942,-0.01232,0.0354,0.03,-35.73,44.42,0.3234,0.0501,-2.539,0.0,0.0,0,0.0,0.0
1,429,8.58,enter,0.01014,0.01004,-0.00142,0.03364,0.03,-33.35,55.62,0.311,0.0427,1.799,0.0,0.0,0,0.0,0.0
2,429,8.58,enter,0.0095,0.00943,0.00114,0.02277,0.03,-24.89,63.92,0.3226,0.0403,-4.431,0.0,0.0,0,0.0,0.0
3,429,8.58,enter,0.00585,0.00549,-0.00202,0.03216,0.03,-38.24,39.92,0.3071,0.0421,0.986,0.0,0.0,0,0.0,0.0
0,430,8.6,enter,0.0155,0.01114,-0.01078,0.03488,0.03,-35.05,44.96,0.3231,0.0499,-2.536,0.0,0.0,0,0.0,0.0
1,430,8.6,enter,0.01023,0.01014,-0.00136,0.03365,0.03,-33.22,55.71,0.311,0.0428,1.796,0.0,0.0,0,0.0,0.0
2,430,8.6,enter,0.01479,0.0145,0.00294,0.02061,0.03,-24.76,64.68,0.3225,0.0403,-4.515,0.0,0.0,0,0.0,0.0
3,430,8.6,enter,0.00575,0.00536,-0.0021,0.0321,0.03,-38.18,39.93,0.3071,0.0422,1.0,0.0,0.0,0,0.0,0.0
0,431,8.62,enter,0.01626,0.01329,-0.00937,0.03383,0.03,-34.75,45.35,0.3227,0.0498,-2.545,0.0,0.0,0,0.0,0.0
1,431,8.62,enter,0.01025,0.01017,-0.00131,0.03364,0.03,-33.09,55.79,0.311,0.0429,1.793,0.0,0.0,0,0.0,0.0
2,431,8.62,enter,0.01319,0.01316,0.00085,0.02275,0.03,-26.17,63.61,0.3225,0.0402,-4.518,0.0,0.0,0,0.0,0.0
3,431,8.62,enter,0.00564,0.0052,-0.00219,0.03204,0.03,-38.11,39.92,0.3071,0.0423,1.014,0.0,0.0,0,0.0,0.0
0,432,8.64,enter,0.01904,0.01629,-0.00985,0.03445,0.03,-34.79,45.67,0.3223,0.0496,-2.548,0.0,0.0,0,0.0,0.0
1,432,8.64,enter,0.01023,0.01016,-0.00124,0.03359,0.03,-32.97,55.88,0.311,0.0429,1.79,0.0,0.0,0,0.0,0.0
2,432,8.64,enter,0.01016,0.00994,0.00209,0.02106,0.03,-26.48,63.33,0.3225,0.0402,-4.482,0.0,0.0,0,0.0,0.0
3,432,8.64,enter,0.00557,0.00507,-0.00229,0.03201,0.03,-38.05,39.92,0.307,0.0424,1.027,0.0,0.0,0,0.0,0.0
0,433,8.66,enter,0.02108,0.01882,-0.00951,0.0361,0.03,-34.96,45.18,0.3219,0.0495,-2.539,0.0,0.0,0,0.0,0.0
1,433,8.66,enter,0.01015,0.01009,-0.00115,0.03352,0.03,-32.84,55.97,0.311,0.043,1.786,0.0,0.0,0,0.0,0.0
2,433,8.66,enter,0.00988,0.00976,0.00151,0.02279,0.03,-27.64,62.22,0.3224,0.0401,-4.542,0.0,0.0,0,0.0,0.0
3,433,8.66,enter,0.00554,0.00499,-0.00239,0.03203,0.03,-37.99,39.91,0.307,0.0426,1.04,0.0,0.0,0,0.0,0.0
0,434,8.68,enter,0.01825,0.01434,-0.01129,0.0375,0.03,-36.61,44.35,0.3216,0.0494,-2.586,0.0,0.0,0,0.0,0.0
1,434,8.68,enter,0.01001,0.00995,-0.00106,0.03341,0.03,-32.72,56.06,0.311,0.0431,1.781,0.0,0.0,0,0.0,0.0
2,434,8.68,enter,0.00932,0.00907,0.00217,0.02105,0.03,-28.13,61.64,0.3222,0.0401,-4.521,0.0,0.0,0,0.0,0.0
3,434,8.68,enter,0.00551,0.00491,-0.00249,0.03205,0.03,-37.92,39.91,0.307,0.0427,1.053,0.0,0.0,0,0.0,0.0
0,435,8.7,enter,0.0173,0.01308,-0.01133,0.03919,0.03,-36.88,43.87,0.3215,0.0493,-2.594,0.0,0.0,0,0.0,0.0
1,435,8.7,enter,0.00982,0.00977,-0.00095,0.03327,0.03,-32.59,56.15,0.311,0.0432,1.775,0.0,0.0,0,0.0,0.0
2,435,8.7,enter,0.00992,0.00983,-0.00134,0.02411,0.03,-29.01,60.08,0.3221,0.0398,-4.569,0.0,0.0,0,0.0,0.0
3,435,8.7,enter,0.00543,0.00477,-0.00258,0.03202,0.03,-37.85,39.92,0.3069,0.0428,1.067,0.0,0.0,0,0.0,0.0
0,436,8.72,enter,0.01743,0.01468,-0.00939,0.03917,0.03,-36.51,43.19,0.3213,0.0492,-2.585,0.0,0.0,0,0.0,0.0
1,436,8.72,enter,0.00957,0.00953,-0.00085,0.03311,0.03,-32.48,56.24,0.311,0.0432,1.768,0.0,0.0,0,0.0,0.0
2,436,8.72,enter,0.00625,0.00579,-0.00238,0.02697,0.03,-29.47,58.44,0.3219,0.0397,-4.559,0.0,0.0,0,0.0,0.0
3,436,8.72,enter,0.00533,0.00461,-0.00268,0.03195,0.03,-37.79,39.93,0.3069,0.0429,1.081,0.0,0.0,0,0.0,0.0
0,437,8.74,enter,0.01901,0.01755,-0.00731,0.0382,0.03,-36.08,42.32,0.3211,0.0491,-2.584,0.0,0.0,0,0.0,0.0
1,437,8.74,enter,0.00931,0.00928,-0.00075,0.03294,0.03,-32.36,56.34,0.311,0.0433,1.761,0.0,0.0,0,0.0,0.0
2,437,8.74,enter,0.00256,0.0022,-0.0013,0.02925,0.03,-29.22,56.94,0.3219,0.0395,-4.589,0.0,0.0,0,0.0,0.0
3,437,8.74,enter,0.00526,0.00446,-0.00278,0.03188,0.03,-37.72,39.93,0.3068,0.0431,1.095,0.0,0.0,0,0.0,0.0
0,438,8.76,enter,0.02018,0.01891,-0.00703,0.03893,0.03,-36.66,41.68,0.3211,0.049,-2.583,0.0,0.0,0,0.0,0.0
1,438,8.76,enter,0.00902,0.00899,-0.00065,0.03277,0.03,-32.25,56.42,0.311,0.0434,1.753,0.0,0.0,0,0.0,0.0
2,438,8.76,enter,0.00236,0.00159,0.00174,0.02939,0.03,-28.19,55.62,0.3219,0.0394,-4.599,0.0,0.0,0,0.0,0.0
3,438,8.76,enter,0.00524,0.00437,-0.00289,0.03187,0.03,-37.65,39.93,0.3068,0.0432,1.108,0.0,0.0,0,0.0,0.0
0,439,8.78,enter,0.02077,0.01906,-0.00825,0.04182,0.03,-37.9,40.75,0.3211,0.0489,-2.566,0.0,0.0,0,0.0,0.0
1,439,8.78,enter,0.00866,0.00864,-0.00066,0.03264,0.03,-32.17,56.49,0.311,0.0435,1.745,0.0,0.0,0,0.0,0.0
2,439,8.78,enter,0.00529,0.00446,0.00284,0.03066,0.03,-27.84,53.66,0.3218,0.0392,-4.62,0.0,0.0,0,0.0,0.0
3,439,8.78,enter,0.00524,0.00429,-0.003,0.03192,0.03,-37.59,39.92,0.3068,0.0433,1.121,0.0,0.0,0,0.0,0.0
0,440,8.8,enter,0.02272,0.02141,-0.00761,0.04401,0.03,-37.9,40.54,0.3211,0.0489,-2.531,0.0,0.0,0,0.0,0.0
1,440,8.8,enter,0.00848,0.00847,-0.00049,0.03237,0.03,-32.03,56.61,0.311,0.0435,1.739,0.0,0.0,0,0.0,0.0
2,440,8.8,enter,0.00691,0.00664,0.00192,0.0319,0.03,-28.04,52.51,0.3217,0.0389,-4.654,0.0,0.0,0,0.0,0.0
3,440,8.8,enter,0.00524,0.00421,-0.00312,0.03198,0.03,-37.53,39.92,0.3067,0.0434,1.133,0.0,0.0,0,0.0,0.0
0,441,8.82,enter,0.02566,0.02488,-0.00625,0.04571,0.03,-37.66,40.47,0.3211,0.0488,-2.485,0.0,0.0,0,0.0,0.0
1,441,8.82,enter,0.00807,0.00805,-0.00051,0.0322,0.03,-31.94,56.69,0.3111,0.0436,1.729,0.0,0.0,0,0.0,0.0
2,441,8.82,enter,0.00834,0.00822,0.00144,0.03052,0.03,-28.28,52.17,0.3216,0.0387,-4.709,0.0,0.0,0,0.0,0.0
3,441,8.82,enter,0.00519,0.00408,-0.00321,0.03194,0.03,-37.46,39.94,0.3067,0.0436,1.147,0.0,0.0,0,0.0,0.0
0,442,8.84,enter,0.0257,0.02514,-0.00534,0.04373,0.03,-37.25,40.54,0.3211,0.0487,-2.487,0.0,0.0,0,0.0,0.0
1,442,8.84,enter,0.0079,0.00789,-0.00034,0.03192,0.03,-31.8,56.81,0.3111,0.0437,1.721,0.0,0.0,0,0.0,0.0
2,442,8.84,enter,0.00798,0.00769,-0.00213,0.02921,0.03,-29.33,51.61,0.3214,0.0385,-4.783,0.0,0.0,0,0.0,0.0
3,442,8.84,enter,0.00512,0.00392,-0.0033,0.03184,0.03,-37.38,39.95,0.3067,0.0437,1.161,0.0,0.0,0,0.0,0.0
0,443,8.86,enter,0.0201,0.01989,-0.00285,0.03495,0.03,-37.01,40.9,0.3211,0.0488,-2.545,0.0,0.0,0,0.0,0.0
1,443,8.86,enter,0.0074,0.00739,-0.00044,0.03181,0.03,-31.74,56.86,0.3111,0.0438,1.707,0.0,0.0,0,0.0,0.0
2,443,8.86,enter,0.00888,0.00883,-0.00093,0.02906,0.03,-29.78,51.36,0.3213,0.0384,-4.774,0.0,0.0,0,0.0,0.0
3,443,8.86,enter,0.00508,0.00376,-0.00341,0.03174,0.03,-37.31,39.95,0.3066,0.0438,1.175,0.0,0.0,0,0.0,0.0
0,444,8.88,enter,0.01404,0.01392,-0.00185,0.027,0.03,-37.69,40.62,0.3212,0.0488,-2.572,0.0,0.0,0,0.0,0.0
1,444,8.88,enter,0.00725,0.00724,-0.0003,0.03158,0.03,-31.62,56.97,0.3111,0.0439,1.698,0.0,0.0,0,0.0,0.0
2,444,8.88,enter,0.00961,0.00952,0.00129,0.03061,0.03,-29.93,51.13,0.3213,0.0385,-4.752,0.0,0.0,0,0.0,0.0
3,444,8.88,enter,0.00508,0.00365,-0.00353,0.03173,0.03,-37.25,39.94,0.3066,0.044,1.188,0.0,0.0,0,0.0,0.0
0,445,8.9,enter,0.014,0.01391,-0.0016,0.02063,0.03,-38.38,40.14,0.3213,0.0488,-2.596,0.0,0.0,0,0.0,0.0
1,445,8.9,enter,0.00682,0.00681,-0.00039,0.03147,0.03,-31.55,57.03,0.3111,0.0439,1.684,0.0,0.0,0,0.0,0.0
2,445,8.9,enter,0.01054,0.01033,0.00209,0.03202,0.03,-29.99,50.84,0.3213,0.0384,-4.759,0.0,0.0,0,0.0,0.0
3,445,8.9,enter,0.00514,0.00361,-0.00366,0.03184,0.03,-37.19,39.93,0.3065,0.0441,1.199,0.0,0.0,0,0.0,0.0
0,446,8.92,enter,0.0191,0.01863,-0.00417,0.0204,0.03,-39.45,39.37,0.3212,0.0487,-2.634,0.0,0.0,0,0.0,0.0
1,446,8.92,enter,0.00669,0.00668,-0.00029,0.03124,0.03,-31.43,57.13,0.3111,0.044,1.672,0.0,0.0,0,0.0,0.0
2,446,8.92,enter,0.01166,0.01149,0.00198,0.03236,0.03,-29.98,50.5,0.3213,0.0383,-4.774,0.0,0.0,0,0.0,0.0
3,446,8.92,enter,0.0052,0.00356,-0.00379,0.03196,0.03,-37.13,39.93,0.3065,0.0443,1.211,0.0,0.0,0,0.0,0.0
0,447,8.94,enter,0.01943,0.01886,-0.0047,0.02103,0.03,-39.86,39.17,0.3212,0.0486,-2.597,0.0,0.0,0,0.0,0.0
1,447,8.94,enter,0.00634,0.00633,-0.00036,0.03114,0.03,-31.37,57.19,0.3111,0.0441,1.656,0.0,0.0,0,0.0,0.0
2,447,8.94,enter,0.01402,0.01387,0.00202,0.03157,0.03,-29.85,50.32,0.3213,0.0382,-4.778,0.0,0.0,0,0.0,0.0
3,447,8.94,enter,0.00517,0.00342,-0.00388,0.03191,0.03,-37.05,39.97,0.3065,0.0444,1.225,0.0,0.0,0,0.0,0.0
0,448,8.96,enter,0.01219,0.01122,-0.00476,0.02496,0.03,-40.94,38.59,0.3213,0.0486,-2.49,0.0,0.0,0,0.0,0.0
1,448,8.96,enter,0.0061,0.00609,-0.00044,0.03107,0.03,-31.3,57.25,0.3111,0.0441,1.643,0.0,0.0,0,0.0,0.0
2,448,8.96,enter,0.0124,0.01219,-0.00226,0.03038,0.03,-31.03,49.6,0.3212,0.0381,-4.836,0.0,0.0,0,0.0,0.0
3,448,8.96,enter,0.00513,0.00324,-0.00398,0.03177,0.03,-36.97,39.98,0.3064,0.0445,1.24,0.0,0.0,0,0.0,0.0
0,449,8.98,arrive,0.00783,0.00739,-0.00257,0.02867,0.03,-41.05,38.3,0.3214,0.0485,-2.427,0.0,0.0,0,0.0,0.0
1,449,8.98,arrive,0.00601,0.006,-0.00042,0.03091,0.03,-31.19,57.34,0.3111,0.0442,1.632,0.0,0.0,0,0.0,0.0
2,449,8.98,arrive,0.01191,0.01182,-0.00146,0.02987,0.03,-31.5,49.21,0.3212,0.0381,-4.825,0.0,0.0,0,0.0,0.0
3,449,8.98,arrive,0.00513,0.00308,-0.0041,0.03164,0.03,-36.9,39.99,0.3064,0.0447,1.254,0.0,0.0,0,0.0,0.0
0,450,9.0,arrive,0.01232,0.01212,-0.00222,0.03499,0.03,-41.22,37.52,0.3214,0.0484,-2.361,0.0,0.0,0,0.0,0.0
1,450,9.0,arrive,0.0059,0.00589,0.00039,0.03032,0.03,-31.08,57.43,0.3111,0.0443,1.618,0.0,0.0,0,0.0,0.0
2,450,9.0,arrive,0.01148,0.01138,0.00152,0.02976,0.03,-31.62,48.91,0.3213,0.0382,-4.796,0.0,0.0,0,0.0,0.0
3,450,9.0,arrive,0.00457,0.00301,-0.00343,0.03123,0.03,-36.83,39.97,0.3063,0.0448,1.265,0.0,0.0,0,0.0,0.0
0,451,9.02,arrive,0.01831,0.01796,-0.00356,0.04096,0.03,-41.32,36.17,0.3215,0.0482,-2.291,0.0,0.0,0,0.0,0.0
1,451,9.02,arrive,0.00578,0.00568,0.00109,0.02978,0.03,-31.0,57.5,0.3111,0.0444,1.6,0.0,0.0,0,0.0,0.0
2,451,9.02,arrive,0.01243,0.01195,0.00345,0.03021,0.03,-31.69,48.48,0.3215,0.0382,-4.779,0.0,0.0,0,0.0,0.0
3,451,9.02,arrive,0.00415,0.00309,-0.00278,0.03098,0.03,-36.76,39.96,0.3063,0.045,1.275,0.0,0.0,0,0.0,0.0
0,452,9.04,arrive,0.01731,0.01731,1e-05,0.03741,0.03,-40.52,36.45,0.3216,0.0481,-2.317,0.0,0.0,0,0.0,0.0
1,452,9.04,arrive,0.00553,0.00528,0.00163,0.02933,0.03,-30.95,57.53,0.3111,0.0444,1.579,0.0,0.0,0,0.0,0.0
2,452,9.04,arrive,0.00937,0.00937,6e-05,0.03138,0.03,-33.15,47.35,0.3215,0.0382,-4.811,0.0,0.0,0,0.0,0.0
3,452,9.04,arrive,0.00389,0.00325,-0.00213,0.03074,0.03,-36.69,39.97,0.3063,0.0451,1.286,0.0,0.0,0,0.0,0.0
0,453,9.06,arrive,0.01249,0.01216,0.00285,0.02941,0.03,-40.29,36.57,0.3216,0.0482,-2.39,0.0,0.0,0,0.0,0.0
1,453,9.06,arrive,0.00536,0.0049,0.00217,0.02891,0.03,-30.9,57.57,0.3111,0.0445,1.558,0.0,0.0,0,0.0,0.0
2,453,9.06,arrive,0.01194,0.01173,-0.00224,0.03303,0.03,-33.52,46.71,0.3215,0.0381,-4.778,0.0,0.0,0,0.0,0.0
3,453,9.06,arrive,0.00364,0.00331,-0.00152,0.03032,0.03,-36.61,40.01,0.3062,0.0453,1.3,0.0,0.0,0,0.0,0.0
0,454,9.08,arrive,0.01045,0.01007,0.00278,0.02313,0.03,-40.46,36.35,0.3217,0.0482,-2.429,0.0,0.0,0,0.0,0.0
1,454,9.08,arrive,0.00514,0.00446,0.00255,0.0286,0.03,-30.87,57.58,0.3111,0.0446,1.538,0.0,0.0,0,0.0,0.0
2,454,9.08,arrive,0.01189,0.01146,-0.00316,0.03308,0.03,-34.37,46.02,0.3216,0.0381,-4.78,0.0,0.0,0,0.0,0.0
3,454,9.08,arrive,0.00339,0.00324,-0.00099,0.02973,0.03,-36.52,40.05,0.3062,0.0454,1.316,0.0,0.0,0,0.0,0.0
0,455,9.1,arrive,0.01172,0.0117,0.0006,0.02018,0.03,-41.27,36.02,0.3217,0.0482,-2.445,0.0,0.0,0,0.0,0.0
1,455,9.1,arrive,0.00526,0.00428,0.00306,0.02815,0.03,-30.81,57.62,0.3111,0.0446,1.52,0.0,0.0,0,0.0,0.0
2,455,9.1,arrive,0.01163,0.0116,-0.00088,0.03224,0.03,-34.67,45.52,0.3216,0.0383,-4.766,0.0,0.0,0,0.0,0.0
3,455,9.1,arrive,0.0033,0.00326,-0.00052,0.0292,0.03,-36.45,40.09,0.3061,0.0455,1.33,0.0,0.0,0,0.0,0.0
0,456,9.12,arrive,0.01753,0.01734,-0.00256,0.02164,0.03,-42.02,35.88,0.3217,0.0481,-2.473,0.0,0.0,0,0.0,0.0
1,456,9.12,arrive,0.0054,0.00409,0.00352,0.02766,0.03,-30.75,57.67,0.311,0.0447,1.499,0.0,0.0,0,0.0,0.0
2,456,9.12,arrive,0.01149,0.01149,0.00013,0.03149,0.03,-34.87,44.7,0.3217,0.0384,-4.756,0.0,0.0,0,0.0,0.0
3,456,9.12,arrive,0.00338,0.00338,-0.00011,0.02891,0.03,-36.38,40.12,0.3061,0.0457,1.339,0.0,0.0,0,0.0,0.0
0,457,9.14,arrive,0.02014,0.02014,-0.00056,0.02073,0.03,-40.98,37.84,0.3218,0.0482,-2.432,0.0,0.0,0,0.0,0.0
1,457,9.14,arrive,0.00541,0.00379,0.00385,0.02728,0.03,-30.72,57.69,0.311,0.0447,1.475,0.0,0.0,0,0.0,0.0
2,457,9.14,arrive,0.00873,0.00778,-0.00395,0.03072,0.03,-36.27,43.64,0.3217,0.0384,-4.802,0.0,0.0,0,0.0,0.0
3,457,9.14,arrive,0.00346,0.00345,0.00027,0.02883,0.03,-36.33,40.13,0.306,0.0458,1.348,0.0,0.0,0,0.0,0.0
0,458,9.16,arrive,0.01511,0.01463,0.00378,0.01793,0.03,-39.62,39.41,0.3218,0.0482,-2.325,0.0,0.0,0,0.0,0.0
1,458,9.16,arrive,0.00542,0.00349,0.00415,0.027,0.03,-30.71,57.7,0.311,0.0448,1.452,0.0,0.0,0,0.0,0.0
2,458,9.16,arrive,0.00901,0.00773,-0.00463,0.02769,0.03,-36.43,43.46,0.3217,0.0384,-4.824,0.0,0.0,0,0.0,0.0
3,458,9.16,arrive,0.00347,0.00341,0.00064,0.02877,0.03,-36.29,40.15,0.3059,0.046,1.36,0.0,0.0,0,0.0,0.0
0,459,9.18,arrive,0.00651,0.00603,0.00247,0.02352,0.03,-39.53,39.55,0.3218,0.0482,-2.253,0.0,0.0,0,0.0,0.0
1,459,9.18,arrive,0.00555,0.00333,0.00444,0.02672,0.03,-30.69,57.71,0.3109,0.0448,1.431,0.0,0.0,0,0.0,0.0
2,459,9.18,arrive,0.00981,0.00909,-0.00368,0.02537,0.03,-36.27,43.56,0.3217,0.0385,-4.807,0.0,0.0,0,0.0,0.0
3,459,9.18,arrive,0.00349,0.00335,0.00098,0.02853,0.03,-36.24,40.18,0.3059,0.0461,1.374,0.0,0.0,0,0.0,0.0
0,460,9.2,arrive,0.00733,0.00532,0.00504,0.02787,0.03,-38.42,40.05,0.3218,0.0481,-2.209,0.0,0.0,0,0.0,0.0
1,460,9.2,arrive,0.0057,0.00325,0.00468,0.02638,0.03,-30.66,57.73,0.3109,0.0448,1.408,0.0,0.0,0,0.0,0.0
2,460,9.2,arrive,0.01012,0.00981,-0.0025,0.02624,0.03,-35.96,43.67,0.3218,0.0385,-4.735,0.0,0.0,0,0.0,0.0
3,460,9.2,arrive,0.00363,0.00339,0.0013,0.02811,0.03,-36.18,40.22,0.3058,0.0463,1.387,0.0,0.0,0,0.0,0.0
0,461,9.22,arrive,0.01136,0.00941,0.00637,0.03166,0.03,-37.42,40.39,0.3218,0.0481,-2.201,0.0,0.0,0,0.0,0.0
1,461,9.22,arrive,0.00579,0.00316,0.00485,0.02609,0.03,-30.65,57.73,0.3108,0.0449,1.382,0.0,0.0,0,0.0,0.0
2,461,9.22,arrive,0.01382,0.01377,-0.00113,0.0296,0.03,-35.92,43.85,0.3218,0.0386,-4.665,0.0,0.0,0,0.0,0.0
3,461,9.22,arrive,0.00382,0.0035,0.00153,0.02782,0.03,-36.13,40.25,0.3058,0.0464,1.398,0.0,0.0,0,0.0,0.0
0,462,9.24,arrive,0.0124,0.00791,0.00954,0.02926,0.03,-36.17,41.09,0.3218,0.0481,-2.26,0.0,0.0,0,0.0,0.0
1,462,9.24,arrive,0.00585,0.00305,0.00499,0.02588,0.03,-30.65,57.73,0.3108,0.0449,1.357,0.0,0.0,0,0.0,0.0
2,462,9.24,arrive,0.01577,0.01566,-0.00191,0.0317,0.03,-36.86,43.52,0.3218,0.0386,-4.672,0.0,0.0,0,0.0,0.0
3,462,9.24,arrive,0.00391,0.00352,0.0017,0.02786,0.03,-36.1,40.24,0.3057,0.0465,1.405,0.0,0.0,0,0.0,0.0
0,463,9.26,arrive,0.00789,0.00277,0.00739,0.02467,0.03,-36.14,41.09,0.3218,0.0481,-2.373,0.0,0.0,0,0.0,0.0
1,463,9.26,arrive,0.00594,0.00301,0.00513,0.02571,0.03,-30.65,57.72,0.3108,0.045,1.332,0.0,0.0,0,0.0,0.0
2,463,9.26,arrive,0.01416,0.01393,-0.00255,0.02735,0.03,-37.65,43.31,0.3218,0.0387,-4.749,0.0,0.0,0,0.0,0.0
3,463,9.26,arrive,0.00386,0.00337,0.00187,0.02788,0.03,-36.09,40.24,0.3057,0.0467,1.416,0.0,0.0,0,0.0,0.0
0,464,9.28,arrive,0.01333,0.00968,0.00916,0.01936,0.03,-34.88,41.93,0.3218,0.0481,-2.41,0.0,0.0,0,0.0,0.0
1,464,9.28,arrive,0.00609,0.00307,0.00525,0.02549,0.03,-30.64,57.72,0.3107,0.045,1.305,0.0,0.0,0,0.0,0.0
2,464,9.28,arrive,0.01394,0.01347,-0.00358,0.02381,0.03,-38.55,43.02,0.3218,0.0389,-4.79,0.0,0.0,0,0.0,0.0
3,464,9.28,arrive,0.00385,0.00326,0.00204,0.02783,0.03,-36.07,40.24,0.3056,0.0468,1.427,0.0,0.0,0,0.0,0.0
0,465,9.3,arrive,0.01357,0.01166,0.00694,0.01944,0.03,-34.66,42.41,0.3219,0.048,-2.381,0.0,0.0,0,0.0,0.0
1,465,9.3,arrive,0.00605,0.00303,0.00524,0.02536,0.03,-30.65,57.7,0.3107,0.045,1.276,0.0,0.0,0,0.0,0.0
2,465,9.3,arrive,0.01595,0.01555,-0.00358,0.02149,0.03,-38.86,42.98,0.3218,0.039,-4.801,0.0,0.0,0,0.0,0.0
3,465,9.3,arrive,0.00398,0.00333,0.00218,0.02774,0.03,-36.03,40.24,0.3056,0.047,1.436,0.0,0.0,0,0.0,0.0
0,466,9.32,arrive,0.01084,0.00686,0.0084,0.02083,0.03,-33.58,44.46,0.3219,0.0481,-2.294,0.0,0.0,0,0.0,0.0
1,466,9.32,arrive,0.00598,0.00295,0.0052,0.02533,0.03,-30.68,57.66,0.3106,0.045,1.248,0.0,0.0,0,0.0,0.0
2,466,9.32,arrive,0.01578,0.01517,-0.00432,0.02233,0.03,-39.36,42.61,0.3218,0.0391,-4.769,0.0,0.0,0,0.0,0.0
3,466,9.32,arrive,0.00413,0.00344,0.00229,0.02772,0.03,-36.0,40.24,0.3055,0.0471,1.444,0.0,0.0,0,0.0,0.0
0,467,9.34,arrive,0.00892,0.00565,0.0069,0.02811,0.03,-33.25,46.77,0.322,0.0481,-2.199,0.0,0.0,0,0.0,0.0
1,467,9.34,arrive,0.00584,0.00285,0.00509,0.02537,0.03,-30.71,57.61,0.3106,0.0451,1.221,0.0,0.0,0,0.0,0.0
2,467,9.34,arrive,0.01369,0.01228,-0.00606,0.02529,0.03,-40.35,41.7,0.3216,0.0392,-4.724,0.0,0.0,0,0.0,0.0
3,467,9.34,arrive,0.00414,0.00339,0.00237,0.02777,0.03,-35.99,40.22,0.3055,0.0472,1.452,0.0,0.0,0,0.0,0.0
0,468,9.36,arrive,0.01383,0.00898,0.01052,0.0267,0.03,-32.09,49.67,0.3221,0.0482,-2.243,0.0,0.0,0,0.0,0.0
1,468,9.36,arrive,0.00599,0.00303,0.00516,0.0252,0.03,-30.7,57.61,0.3105,0.0451,1.196,0.0,0.0,0,0.0,0.0
2,468,9.36,arrive,0.01226,0.01118,-0.00502,0.02527,0.03,-40.31,41.72,0.3215,0.0392,-4.684,0.0,0.0,0,0.0,0.0
3,468,9.36,arrive,0.00405,0.00324,0.00243,0.02781,0.03,-35.98,40.2,0.3055,0.0474,1.461,0.0,0.0,0,0.0,0.0
0,469,9.38,arrive,0.01144,0.00709,0.00897,0.02423,0.03,-32.36,50.12,0.322,0.0483,-2.309,0.0,0.0,0,0.0,0.0
1,469,9.38,arrive,0.00601,0.00318,0.0051,0.02506,0.03,-30.7,57.58,0.3105,0.0451,1.166,0.0,0.0,0,0.0,0.0
2,469,9.38,arrive,0.01349,0.01291,-0.00392,0.02478,0.03,-39.91,41.87,0.3213,0.0392,-4.653,0.0,0.0,0,0.0,0.0
3,469,9.38,arrive,0.00405,0.0032,0.00247,0.0278,0.03,-35.97,40.19,0.3054,0.0475,1.469,0.0,0.0,0,0.0,0.0
0,470,9.4,arrive,0.00474,0.00325,0.00346,0.02509,0.03,-33.83,49.46,0.3219,0.0483,-2.372,0.0,0.0,0,0.0,0.0
1,470,9.4,arrive,0.00592,0.0032,0.00498,0.02504,0.03,-30.73,57.55,0.3104,0.0451,1.135,0.0,0.0,0,0.0,0.0
2,470,9.4,arrive,0.01671,0.01603,-0.00474,0.02447,0.03,-39.66,42.08,0.3211,0.0391,-4.651,0.0,0.0,0,0.0,0.0
3,470,9.4,arrive,0.00412,0.00328,0.00249,0.0278,0.03,-35.95,40.18,0.3054,0.0477,1.475,0.0,0.0,0,0.0,0.0
0,471,9.42,arrive,0.00698,0.00401,0.00571,0.02409,0.03,-32.69,50.3,0.3219,0.0484,-2.355,0.0,0.0,0,0.0,0.0
1,471,9.42,arrive,0.0058,0.00314,0.00488,0.02512,0.03,-30.75,57.5,0.3104,0.0451,1.106,0.0,0.0,0,0.0,0.0
2,471,9.42,arrive,0.0187,0.01807,-0.00482,0.02296,0.03,-39.48,42.41,0.3209,0.039,-4.669,0.0,0.0,0,0.0,0.0
3,471,9.42,arrive,0.00412,0.0033,0.00248,0.02788,0.03,-35.94,40.15,0.3054,0.0478,1.48,0.0,0.0,0,0.0,0.0
0,472,9.44,arrive,0.00575,0.00208,0.00536,0.02662,0.03,-32.08,50.52,0.3219,0.0485,-2.29,0.0,0.0,0,0.0,0.0
1,472,9.44,arrive,0.00575,0.00319,0.00479,0.02516,0.03,-30.77,57.45,0.3103,0.0451,1.079,0.0,0.0,0,0.0,0.0
2,472,9.44,arrive,0.01949,0.01916,-0.00359,0.02129,0.03,-39.26,42.81,0.3207,0.039,-4.654,0.0,0.0,0,0.0,0.0
3,472,9.44,arrive,0.004,0.00316,0.00244,0.02798,0.03,-35.95,40.12,0.3053,0.0479,1.487,0.0,0.0,0,0.0,0.0
0,473,9.46,arrive,0.00832,0.00639,0.00532,0.02859,0.03,-31.79,50.47,0.3219,0.0486,-2.243,0.0,0.0,0,0.0,0.0
1,473,9.46,arrive,0.00572,0.00334,0.00464,0.02514,0.03,-30.78,57.41,0.3102,0.0451,1.052,0.0,0.0,0,0.0,0.0
2,473,9.46,arrive,0.02001,0.01981,-0.0028,0.02243,0.03,-39.03,42.99,0.3205,0.039,-4.58,0.0,0.0,0,0.0,0.0
3,473,9.46,arrive,0.00387,0.00303,0.0024,0.02803,0.03,-35.95,40.09,0.3053,0.0481,1.493,0.0,0.0,0,0.0,0.0
0,474,9.48,arrive,0.01253,0.01054,0.00678,0.02794,0.03,-31.19,50.66,0.3218,0.0488,-2.238,0.0,0.0,0,0.0,0.0
1,474,9.48,arrive,0.00565,0.00346,0.00447,0.02514,0.03,-30.79,57.36,0.3102,0.0451,1.023,0.0,0.0,0,0.0,0.0
2,474,9.48,arrive,0.02111,0.0206,-0.0046,0.02761,0.03,-39.28,42.87,0.3203,0.0389,-4.506,0.0,0.0,0,0.0,0.0
3,474,9.48,arrive,0.00383,0.00303,0.00235,0.02802,0.03,-35.95,40.07,0.3053,0.0482,1.499,0.0,0.0,0,0.0,0.0
0,475,9.5,arrive,0.01013,0.00718,0.00715,0.0238,0.03,-31.96,50.26,0.3218,0.0489,-2.325,0.0,0.0,0,0.0,0.0
1,475,9.5,arrive,0.00552,0.00347,0.0043,0.02525,0.03,-30.82,57.3,0.3101,0.0451,0.995,0.0,0.0,0,0.0,0.0
2,475,9.5,arrive,0.02098,0.02058,-0.0041,0.02841,0.03,-39.37,43.17,0.3202,0.0389,-4.505,0.0,0.0,0,0.0,0.0
3,475,9.5,arrive,0.00381,0.00305,0.00228,0.028,0.03,-35.94,40.05,0.3053,0.0483,1.504,0.0,0.0,0,0.0,0.0
0,476,9.52,arrive,0.00725,0.00483,0.00541,0.02328,0.03,-33.21,49.04,0.3218,0.049,-2.354,0.0,0.0,0,0.0,0.0
1,476,9.52,arrive,0.00545,0.00353,0.00415,0.02537,0.03,-30.84,57.24,0.3101,0.0451,0.97,0.0,0.0,0,0.0,0.0
2,476,9.52,arrive,0.02049,0.02042,-0.00175,0.02482,0.03,-38.96,43.95,0.3201,0.0389,-4.547,0.0,0.0,0,0.0,0.0
3,476,9.52,arrive,0.00368,0.00297,0.00218,0.02804,0.03,-35.95,40.02,0.3052,0.0485,1.509,0.0,0.0,0,0.0,0.0
0,477,9.54,arrive,0.00615,0.00372,0.0049,0.02492,0.03,-33.91,47.54,0.3218,0.0492,-2.278,0.0,0.0,0,0.0,0.0
1,477,9.54,arrive,0.0054,0.00368,0.00395,0.02547,0.03,-30.85,57.18,0.31,0.045,0.945,0.0,0.0,0,0.0,0.0
2,477,9.54,arrive,0.02069,0.02059,-0.00197,0.02313,0.03,-38.97,44.46,0.3199,0.0389,-4.549,0.0,0.0,0,0.0,0.0
3,477,9.54,arrive,0.0035,0.00281,0.00208,0.02815,0.03,-35.96,39.98,0.3052,0.0486,1.514,0.0,0.0,0,0.0,0.0
0,478,9.56,arrive,0.00902,0.00878,0.00207,0.03117,0.03,-35.06,46.14,0.3218,0.0492,-2.175,0.0,0.0,0,0.0,0.0
1,478,9.56,arrive,0.00539,0.00388,0.00375,0.02556,0.03,-30.87,57.12,0.3099,0.045,0.92,0.0,0.0,0,0.0,0.0
2,478,9.56,arrive,0.02174,0.02148,-0.00336,0.02522,0.03,-39.06,44.58,0.3198,0.0389,-4.486,0.0,0.0,0,0.0,0.0
3,478,9.56,arrive,0.00338,0.00273,0.00198,0.02827,0.03,-35.97,39.95,0.3052,0.0487,1.517,0.0,0.0,0,0.0,0.0
0,479,9.58,arrive,0.01269,0.01268,0.00036,0.0324,0.03,-35.72,45.47,0.3217,0.0492,-2.194,0.0,0.0,0,0.0,0.0
1,479,9.58,arrive,0.00534,0.00401,0.00352,0.02572,0.03,-30.89,57.04,0.3099,0.045,0.896,0.0,0.0,0,0.0,0.0
2,479,9.58,arrive,0.02169,0.02131,-0.00403,0.02887,0.03,-39.27,44.51,0.3197,0.039,-4.414,0.0,0.0,0,0.0,0.0
3,479,9.58,arrive,0.00334,0.00275,0.00189,0.02837,0.03,-35.97,39.93,0.3052,0.0489,1.521,0.0,0.0,0,0.0,0.0
0,480,9.6,arrive,0.01312,0.01286,-0.00258,0.03321,0.03,-36.73,44.61,0.3215,0.0492,-2.23,0.0,0.0,0,0.0,0.0
1,480,9.6,arrive,0.00533,0.00417,0.00333,0.02594,0.03,-30.9,56.96,0.3098,0.045,0.874,0.0,0.0,0,0.0,0.0
2,480,9.6,arrive,0.0201,0.0198,-0.00346,0.02997,0.03,-39.47,44.43,0.3197,0.0391,-4.412,0.0,0.0,0,0.0,0.0
3,480,9.6,arrive,0.00329,0.00275,0.0018,0.02847,0.03,-35.97,39.91,0.3052,0.049,1.525,0.0,0.0,0,0.0,0.0
0,481,9.62,arrive,0.01069,0.01048,-0.0021,0.02887,0.03,-37.08,44.15,0.3214,0.0493,-2.29,0.0,0.0,0,0.0,0.0
1,481,9.62,arrive,0.00546,0.00445,0.00317,0.02612,0.03,-30.91,56.89,0.3097,0.0449,0.853,0.0,0.0,0,0.0,0.0
2,481,9.62,arrive,0.01894,0.01891,-0.00111,0.02568,0.03,-38.97,44.91,0.3197,0.0392,-4.467,0.0,0.0,0,0.0,0.0
3,481,9.62,arrive,0.00316,0.00266,0.0017,0.02855,0.03,-35.98,39.9,0.3051,0.0491,1.53,0.0,0.0,0,0.0,0.0
0,482,9.64,arrive,0.0114,0.011,-0.00299,0.02558,0.03,-37.1,43.72,0.3212,0.0493,-2.323,0.0,0.0,0,0.0,0.0
1,482,9.64,arrive,0.00565,0.00479,0.00299,0.02629,0.03,-30.91,56.82,0.3097,0.0449,0.832,0.0,0.0,0,0.0,0.0
2,482,9.64,arrive,0.01982,0.01981,-0.00042,0.02242,0.03,-38.67,45.15,0.3196,0.0394,-4.473,0.0,0.0,0,0.0,0.0
3,482,9.64,arrive,0.00302,0.00256,0.00161,0.02859,0.03,-35.98,39.89,0.3051,0.0493,1.534,0.0,0.0,0,0.0,0.0
0,483,9.66,arrive,0.01378,0.01244,-0.00591,0.02831,0.03,-37.27,43.37,0.321,0.0492,-2.266,0.0,0.0,0,0.0,0.0
1,483,9.66,arrive,0.0058,0.00508,0.0028,0.02651,0.03,-30.91,56.75,0.3096,0.0449,0.812,0.0,0.0,0,0.0,0.0
2,483,9.66,arrive,0.02065,0.02055,-0.00203,0.02551,0.03,-38.78,44.89,0.3196,0.0395,-4.38,0.0,0.0,0,0.0,0.0
3,483,9.66,arrive,0.00297,0.00256,0.00151,0.02861,0.03,-35.98,39.89,0.3051,0.0494,1.538,0.0,0.0,0,0.0,0.0
0,484,9.68,arrive,0.01765,0.01669,-0.00573,0.03334,0.03,-37.01,43.36,0.3209,0.0492,-2.178,0.0,0.0,0,0.0,0.0
1,484,9.68,arrive,0.00596,0.00535,0.00263,0.02677,0.03,-30.92,56.66,0.3095,0.0448,0.793,0.0,0.0,0,0.0,0.0
2,484,9.68,arrive,0.02119,0.02098,-0.00294,0.03119,0.03,-39.15,44.42,0.3197,0.0397,-4.289,0.0,0.0,0,0.0,0.0
3,484,9.68,arrive,0.00296,0.0026,0.0014,0.02865,0.03,-35.97,39.89,0.3051,0.0495,1.541,0.0,0.0,0,0.0,0.0
0,485,9.7,arrive,0.02227,0.0214,-0.00618,0.03881,0.03,-36.96,43.22,0.3208,0.0492,-2.158,0.0,0.0,0,0.0,0.0
1,485,9.7,arrive,0.0063,0.00576,0.00254,0.02699,0.03,-30.88,56.61,0.3095,0.0448,0.777,0.0,0.0,0,0.0,0.0
2,485,9.7,arrive,0.02077,0.02071,-0.00153,0.0321,0.03,-39.14,44.4,0.3198,0.0399,-4.301,0.0,0.0,0,0.0,0.0
3,485,9.7,arrive,0.00287,0.00257,0.00129,0.02872,0.03,-35.97,39.88,0.3051,0.0496,1.545,0.0,0.0,0,0.0,0.0
0,486,9.72,arrive,0.02469,0.02358,-0.00731,0.04106,0.03,-36.98,43.06,0.3207,0.0491,-2.199,0.0,0.0,0,0.0,0.0
1,486,9.72,arrive,0.00652,0.00607,0.00239,0.02722,0.03,-30.87,56.54,0.3094,0.0448,0.759,0.0,0.0,0,0.0,0.0
2,486,9.72,arrive,0.01919,0.01919,0.0001,0.02691,0.03,-38.77,44.78,0.32,0.0403,-4.383,0.0,0.0,0,0.0,0.0
3,486,9.72,arrive,0.00271,0.00244,0.00118,0.02877,0.03,-35.98,39.88,0.3051,0.0498,1.55,0.0,0.0,0,0.0,0.0
0,487,9.74,arrive,0.02204,0.02047,-0.00816,0.0369,0.03,-36.97,43.23,0.3205,0.049,-2.3,0.0,0.0,0,0.0,0.0
1,487,9.74,arrive,0.00681,0.0064,0.00232,0.02737,0.03,-30.83,56.5,0.3093,0.0447,0.742,0.0,0.0,0,0.0,0.0
2,487,9.74,arrive,0.01883,0.01877,-0.00144,0.02401,0.03,-38.61,44.93,0.3201,0.0406,-4.416,0.0,0.0,0,0.0,0.0
3,487,9.74,arrive,0.0026,0.00237,0.00108,0.02878,0.03,-35.98,39.89,0.305,0.0499,1.554,0.0,0.0,0,0.0,0.0
0,488,9.76,arrive,0.01909,0.01678,-0.0091,0.03229,0.03,-37.12,43.31,0.3204,0.049,-2.37,0.0,0.0,0,0.0,0.0
1,488,9.76,arrive,0.00697,0.00659,0.00226,0.0275,0.03,-30.79,56.47,0.3093,0.0447,0.725,0.0,0.0,0,0.0,0.0
2,488,9.76,arrive,0.01851,0.01845,-0.00143,0.02394,0.03,-37.83,45.51,0.3202,0.041,-4.36,0.0,0.0,0,0.0,0.0
3,488,9.76,arrive,0.0026,0.00241,0.00098,0.02877,0.03,-35.97,39.9,0.305,0.05,1.557,0.0,0.0,0,0.0,0.0
0,489,9.78,arrive,0.01794,0.01628,-0.00755,0.03008,0.03,-36.98,43.89,0.3204,0.0491,-2.343,0.0,0.0,0,0.0,0.0
1,489,9.78,arrive,0.00708,0.00671,0.00226,0.02756,0.03,-30.74,56.45,0.3092,0.0446,0.708,0.0,0.0,0,0.0,0.0
2,489,9.78,arrive,0.01751,0.01746,-0.00137,0.02612,0.03,-37.23,46.43,0.3205,0.0414,-4.291,0.0,0.0,0,0.0,0.0
3,489,9.78,arrive,0.00261,0.00246,0.00088,0.02881,0.03,-35.97,39.91,0.305,0.0501,1.561,0.0,0.0,0,0.0,0.0
0,490,9.8,arrive,0.02069,0.0196,-0.00664,0.0343,0.03,-36.92,44.22,0.3203,0.0491,-2.243,0.0,0.0,0,0.0,0.0
1,490,9.8,arrive,0.00709,0.00671,0.00229,0.02755,0.03,-30.68,56.45,0.3091,0.0446,0.691,0.0,0.0,0,0.0,0.0
2,490,9.8,arrive,0.01665,0.01663,0.00081,0.025,0.03,-36.34,48.2,0.3208,0.042,-4.281,0.0,0.0,0,0.0,0.0
3,490,9.8,arrive,0.00252,0.00239,0.00079,0.02888,0.03,-35.97,39.92,0.305,0.0502,1.565,0.0,0.0,0,0.0,0.0
0,491,9.82,arrive,0.0263,0.02502,-0.00811,0.0407,0.03,-37.29,43.88,0.3203,0.049,-2.203,0.0,0.0,0,0.0,0.0
1,491,9.82,arrive,0.00702,0.00662,0.00234,0.02748,0.03,-30.64,56.46,0.3091,0.0445,0.673,0.0,0.0,0,0.0,0.0
2,491,9.82,arrive,0.01415,0.01412,0.00091,0.02373,0.03,-35.71,49.28,0.3211,0.0425,-4.303,0.0,0.0,0,0.0,0.0
3,491,9.82,arrive,0.00238,0.00227,0.0007,0.02891,0.03,-35.98,39.93,0.305,0.0504,1.571,0.0,0.0,0,0.0,0.0
0,492,9.84,arrive,0.02963,0.02761,-0.01077,0.04553,0.03,-37.71,43.64,0.3203,0.049,-2.216,0.0,0.0,0,0.0,0.0
1,492,9.84,arrive,0.00681,0.00639,0.00234,0.02741,0.03,-30.63,56.45,0.309,0.0445,0.657,0.0,0.0,0,0.0,0.0
2,492,9.84,arrive,0.01274,0.01262,0.00174,0.02247,0.03,-34.95,50.43,0.3213,0.043,-4.293,0.0,0.0,0,0.0,0.0
3,492,9.84,arrive,0.00234,0.00226,0.00063,0.02889,0.03,-35.97,39.95,0.305,0.0505,1.575,0.0,0.0,0,0.0,0.0
0,493,9.86,arrive,0.02614,0.02485,-0.0081,0.04101,0.03,-37.03,44.38,0.3204,0.049,-2.295,0.0,0.0,0,0.0,0.0
1,493,9.86,arrive,0.00691,0.00642,0.00257,0.02715,0.03,-30.53,56.52,0.309,0.0444,0.643,0.0,0.0,0,0.0,0.0
2,493,9.86,arrive,0.01238,0.01226,0.00171,0.02475,0.03,-34.28,51.38,0.3215,0.0435,-4.222,0.0,0.0,0,0.0,0.0
3,493,9.86,arrive,0.00241,0.00235,0.00056,0.02887,0.03,-35.95,39.98,0.3049,0.0506,1.579,0.0,0.0,0,0.0,0.0
0,494,9.88,arrive,0.02024,0.01919,-0.00642,0.0332,0.03,-36.69,44.86,0.3204,0.0491,-2.374,0.0,0.0,0,0.0,0.0
1,494,9.88,arrive,0.00649,0.00597,0.00254,0.02707,0.03,-30.55,56.49,0.309,0.0444,0.623,0.0,0.0,0,0.0,0.0
2,494,9.88,arrive,0.01515,0.01504,0.00187,0.02905,0.03,-33.56,52.06,0.3217,0.0441,-4.129,0.0,0.0,0,0.0,0.0
3,494,9.88,arrive,0.00243,0.00238,0.00048,0.0289,0.03,-35.94,40.01,0.3049,0.0507,1.584,0.0,0.0,0,0.0,0.0
0,495,9.9,arrive,0.01759,0.01516,-0.00892,0.03011,0.03,-36.96,44.8,0.3205,0.0491,-2.41,0.0,0.0,0,0.0,0.0
1,495,9.9,arrive,0.00645,0.00584,0.00273,0.02689,0.03,-30.49,56.54,0.309,0.0443,0.607,0.0,0.0,0,0.0,0.0
2,495,9.9,arrive,0.01704,0.01685,0.00253,0.0315,0.03,-32.68,52.25,0.322,0.0448,-4.089,0.0,0.0,0,0.0,0.0
3,495,9.9,arrive,0.00233,0.00229,0.00042,0.02893,0.03,-35.94,40.03,0.3049,0.0508,1.59,0.0,0.0,0,0.0,0.0
0,496,9.92,arrive,0.01737,0.01533,-0.00816,0.02862,0.03,-36.07,46.04,0.3205,0.0491,-2.369,0.0,0.0,0,0.0,0.0
1,496,9.92,arrive,0.00604,0.00539,0.00273,0.02682,0.03,-30.52,56.52,0.3089,0.0443,0.587,0.0,0.0,0,0.0,0.0
2,496,9.92,arrive,0.01359,0.01347,0.00182,0.03184,0.03,-32.52,52.3,0.3223,0.0455,-4.095,0.0,0.0,0,0.0,0.0
3,496,9.92,arrive,0.00229,0.00226,0.00038,0.02898,0.03,-35.94,40.06,0.3049,0.0509,1.594,0.0,0.0,0,0.0,0.0
0,497,9.94,arrive,0.01733,0.01518,-0.00837,0.03206,0.03,-35.55,47.58,0.3206,0.0491,-2.299,0.0,0.0,0,0.0,0.0
1,497,9.94,arrive,0.00599,0.00524,0.0029,0.02662,0.03,-30.49,56.56,0.3089,0.0442,0.57,0.0,0.0,0,0.0,0.0
2,497,9.94,arrive,0.01035,0.01018,0.00183,0.03165,0.03,-32.0,52.5,0.3226,0.0464,-4.072,0.0,0.0,0,0.0,0.0
3,497,9.94,arrive,0.00242,0.00239,0.00038,0.02905,0.03,-35.92,40.09,0.3049,0.051,1.597,0.0,0.0,0,0.0,0.0
0,498,9.96,arrive,0.01882,0.01846,-0.00365,0.03195,0.03,-34.25,48.76,0.3208,0.0493,-2.268,0.0,0.0,0,0.0,0.0
1,498,9.96,arrive,0.00564,0.00483,0.00291,0.02652,0.03,-30.52,56.54,0.309,0.0441,0.549,0.0,0.0,0,0.0,0.0
2,498,9.96,arrive,0.00844,0.00823,0.00189,0.03147,0.03,-31.3,52.76,0.3229,0.0472,-4.02,0.0,0.0,0,0.0,0.0
3,498,9.96,arrive,0.00256,0.00253,0.0004,0.02903,0.03,-35.89,40.14,0.3049,0.0511,1.602,0.0,0.0,0,0.0,0.0
0,499,9.98,arrive,0.0174,0.01685,-0.00435,0.03332,0.03,-34.24,48.74,0.3209,0.0493,-2.307,0.0,0.0,0,0.0,0.0
1,499,9.98,arrive,0.00552,0.00461,0.00304,0.02638,0.03,-30.5,56.57,0.309,0.0441,0.53,0.0,0.0,0,0.0,0.0
2,499,9.98,arrive,0.00703,0.00679,0.00181,0.03039,0.03,-30.49,53.15,0.3231,0.048,-3.976,0.0,0.0,0,0.0,0.0
3,499,9.98,arrive,0.00254,0.00251,0.0004,0.02892,0.03,-35.87,40.19,0.3048,0.0512,1.609,0.0,0.0,0,0.0,0.0
0,500,10.0,arrive,0.01416,0.01363,-0.00383,0.03278,0.03,-33.9,48.93,0.3211,0.0494,-2.34,0.0,0.0,0,0.0,0.0
1,500,10.0,arrive,0.00529,0.0043,0.00308,0.02629,0.03,-30.52,56.56,0.309,0.044,0.508,0.0,0.0,0,0.0,0.0
2,500,10.0,arrive,0.00478,0.00459,0.00132,0.02898,0.03,-29.91,53.55,0.3233,0.0488,-3.962,0.0,0.0,0,0.0,0.0
3,500,10.0,arrive,0.00248,0.00246,0.00036,0.02881,0.03,-35.86,40.23,0.3048,0.0513,1.616,0.0,0.0,0,0.0,0.0
0,501,10.02,arrive,0.01011,0.0098,-0.00247,0.03085,0.03,-33.27,49.33,0.3214,0.0496,-2.359,0.0,0.0,0,0.0,0.0
1,501,10.02,arrive,0.00516,0.00409,0.00314,0.02617,0.03,-30.54,56.57,0.309,0.0439,0.487,0.0,0.0,0,0.0,0.0
2,501,10.02,arrive,0.00209,0.00196,0.00072,0.02838,0.03,-29.52,53.93,0.3235,0.0496,-3.962,0.0,0.0,0,0.0,0.0
3,501,10.02,arrive,0.00252,0.0025,0.0003,0.02882,0.03,-35.85,40.27,0.3048,0.0514,1.62,0.0,0.0,0,0.0,0.0
0,502,10.04,arrive,0.00658,0.00657,-0.00044,0.02754,0.03,-32.79,49.64,0.3216,0.0497,-2.381,0.0,0.0,0,0.0,0.0
1,502,10.04,arrive,0.00505,0.00391,0.0032,0.02604,0.03,-30.55,56.57,0.3091,0.0439,0.465,0.0,0.0,0,0.0,0.0
2,502,10.04,arrive,0.00232,0.0022,0.00073,0.02744,0.03,-28.95,55.23,0.3236,0.0503,-3.959,0.0,0.0,0,0.0,0.0
3,502,10.04,arrive,0.0026,0.00258,0.00028,0.0289,0.03,-35.84,40.3,0.3048,0.0515,1.623,0.0,0.0,0,0.0,0.0
0,503,10.06,arrive,0.00626,0.00611,0.00139,0.02436,0.03,-32.63,49.73,0.3218,0.0498,-2.393,0.0,0.0,0,0.0,0.0
1,503,10.06,arrive,0.00492,0.00371,0.00324,0.02596,0.03,-30.57,56.57,0.3091,0.0438,0.441,0.0,0.0,0,0.0,0.0
2,503,10.06,arrive,0.0055,0.00447,0.00321,0.02361,0.03,-27.86,57.76,0.3237,0.0511,-3.928,0.0,0.0,0,0.0,0.0
3,503,10.06,arrive,0.00259,0.00258,0.00027,0.02897,0.03,-35.83,40.33,0.3048,0.0516,1.628,0.0,0.0,0,0.0,0.0
0,504,10.08,arrive,0.00637,0.00624,0.00127,0.02401,0.03,-33.11,49.36,0.3219,0.0499,-2.39,0.0,0.0,0,0.0,0.0
1,504,10.08,arrive,0.00489,0.00359,0.00332,0.02586,0.03,-30.57,56.57,0.3092,0.0437,0.418,0.0,0.0,0,0.0,0.0
2,504,10.08,arrive,0.00646,0.00623,0.00172,0.02268,0.03,-28.28,58.98,0.3236,0.0517,-3.931,0.0,0.0,0,0.0,0.0
3,504,10.08,arrive,0.00252,0.00251,0.00028,0.02897,0.03,-35.83,40.36,0.3048,0.0517,1.635,0.0,0.0,0,0.0,0.0
0,505,10.1,arrive,0.00392,0.00387,0.0006,0.02642,0.03,-34.26,48.53,0.322,0.05,-2.36,0.0,0.0,0,0.0,0.0
1,505,10.1,arrive,0.00479,0.00346,0.00332,0.0258,0.03,-30.6,56.56,0.3092,0.0436,0.394,0.0,0.0,0,0.0,0.0
2,505,10.1,arrive,0.00787,0.00787,-0.00033,0.02309,0.03,-28.88,59.06,0.3235,0.0522,-3.927,0.0,0.0,0,0.0,0.0
3,505,10.1,arrive,0.00253,0.00251,0.00028,0.02891,0.03,-35.81,40.39,0.3048,0.0517,1.641,0.0,0.0,0,0.0,0.0
0,506,10.12,arrive,0.00517,0.00455,0.00244,0.02647,0.03,-34.65,47.98,0.3221,0.0501,-2.33,0.0,0.0,0,0.0,0.0
1,506,10.12,arrive,0.00484,0.00345,0.0034,0.02567,0.03,-30.59,56.57,0.3093,0.0436,0.37,0.0,0.0,0,0.0,0.0
2,506,10.12,arrive,0.00725,0.00683,-0.00243,0.0256,0.03,-29.56,58.44,0.3234,0.0528,-3.909,0.0,0.0,0,0.0,0.0
3,506,10.12,arrive,0.00261,0.00259,0.00027,0.02885,0.03,-35.8,40.43,0.3047,0.0518,1.646,0.0,0.0,0,0.0,0.0
0,507,10.14,arrive,0.00577,0.00569,0.00097,0.02806,0.03,-35.61,45.98,0.3221,0.0501,-2.332,0.0,0.0,0,0.0,0.0
1,507,10.14,arrive,0.00479,0.00337,0.0034,0.02561,0.03,-30.62,56.55,0.3094,0.0435,0.344,0.0,0.0,0,0.0,0.0
2,507,10.14,arrive,0.00608,0.00602,-0.00089,0.02531,0.03,-28.81,58.97,0.3233,0.0533,-3.9,0.0,0.0,0,0.0,0.0
3,507,10.14,arrive,0.00263,0.00262,0.00024,0.02884,0.03,-35.79,40.46,0.3047,0.0519,1.651,0.0,0.0,0,0.0,0.0
0,508,10.16,arrive,0.00797,0.00796,0.0003,0.03006,0.03,-36.38,44.03,0.3221,0.0501,-2.322,0.0,0.0,0,0.0,0.0
1,508,10.16,arrive,0.00483,0.00335,0.00347,0.02552,0.03,-30.61,56.56,0.3094,0.0434,0.318,0.0,0.0,0,0.0,0.0
2,508,10.16,arrive,0.00725,0.00677,0.00258,0.0225,0.03,-27.49,59.98,0.3233,0.0539,-3.901,0.0,0.0,0,0.0,0.0
3,508,10.16,arrive,0.00255,0.00254,0.00021,0.0289,0.03,-35.79,40.47,0.3047,0.052,1.656,0.0,0.0,0,0.0,0.0
0,509,10.18,close,0.011,0.011,0.00027,0.03338,0.03,-37.0,42.31,0.3222,0.0501,-2.292,0.0,0.0,0,0.0,0.0
1,509,10.18,close,0.00482,0.00334,0.00348,0.02547,0.03,-30.63,56.54,0.3095,0.0433,0.291,0.0,0.0,0,0.0,0.0
2,509,10.18,close,0.01094,0.01011,0.00416,0.02067,0.03,-27.12,60.22,0.3232,0.0544,-3.953,0.0,0.0,0,0.0,0.0
3,509,10.18,close,0.0025,0.00249,0.00022,0.02899,0.03,-35.79,40.49,0.3047,0.052,1.661,0.0,0.0,0,0.0,0.0
0,510,10.2,close,0.01499,0.01497,-0.00072,0.03827,0.02925,-37.79,40.8,0.3222,0.0501,-2.248,0.0,0.0,0,0.0,0.0
1,510,10.2,close,0.00492,0.0034,0.00355,0.02534,0.02925,-30.62,56.55,0.3096,0.0432,0.265,0.0,0.0,0,0.0,0.0
2,510,10.2,close,0.01309,0.01242,0.00412,0.02025,0.02925,-27.76,59.62,0.323,0.0548,-3.977,0.0,0.0,0,0.0,0.0
3,510,10.2,close,0.00255,0.00254,0.00025,0.02904,0.02925,-35.78,40.51,0.3047,0.0521,1.665,0.0,0.0,0,0.0,0.0
0,511,10.22,close,0.0195,0.01942,-0.00175,0.04281,0.0285,-37.83,39.36,0.3222,0.0501,-2.199,0.0,0.0,0,0.0,0.0
1,511,10.22,close,0.00496,0.00345,0.00357,0.02527,0.0285,-30.63,56.54,0.3096,0.0432,0.237,0.0,0.0,0,0.0,0.0
2,511,10.22,close,0.01028,0.01016,0.00154,0.0232,0.0285,-29.06,57.98,0.3227,0.0551,-3.942,0.0,0.0,0,0.0,0.0
3,511,10.22,close,0.00261,0.00259,0.00028,0.02901,0.0285,-35.76,40.54,0.3047,0.0522,1.671,0.0,0.0,0,0.0,0.0
0,512,10.24,close,0.01871,0.0187,-0.00061,0.04085,0.02775,-37.23,38.96,0.3222,0.05,-2.225,0.0,0.0,0,0.0,0.0
1,512,10.24,close,0.00506,0.00351,0.00364,0.02517,0.02775,-30.62,56.54,0.3097,0.0431,0.209,0.0,0.0,0,0.0,0.0
2,512,10.24,close,0.00751,0.00713,0.00234,0.02419,0.02775,-29.84,56.61,0.3225,0.0554,-3.912,0.0,0.0,0,0.0,0.0
3,512,10.24,close,0.00257,0.00256,0.00029,0.02892,0.02775,-35.75,40.57,0.3046,0.0522,1.678,0.0,0.0,0,0.0,0.0
0,513,10.26,close,0.01262,0.01262,0.00022,0.03274,0.027,-36.83,39.19,0.3221,0.05,-2.316,0.0,0.0,0,0.0,0.0
1,513,10.26,close,0.00512,0.00357,0.00367,0.02511,0.027,-30.63,56.53,0.3098,0.043,0.179,0.0,0.0,0,0.0,0.0
2,513,10.26,close,0.00757,0.00643,0.00399,0.02318,0.027,-30.07,56.33,0.3223,0.0558,-3.93,0.0,0.0,0,0.0,0.0
3,513,10.26,close,0.00251,0.0025,0.00027,0.02888,0.027,-35.75,40.59,0.3046,0.0523,1.684,0.0,0.0,0,0.0,0.0
0,514,10.28,close,0.00807,0.0074,-0.00322,0.02782,0.02625,-37.28,39.22,0.322,0.0499,-2.374,0.0,0.0,0,0.0,0.0
1,514,10.28,close,0.00526,0.00368,0.00375,0.02498,0.02625,-30.62,56.54,0.3098,0.0429,0.15,0.0,0.0,0,0.0,0.0
2,514,10.28,close,0.00569,0.00566,-0.00056,0.02662,0.02625,-31.45,55.05,0.322,0.0559,-3.955,0.0,0.0,0,0.0,0.0
3,514,10.28,close,0.00251,0.0025,0.00026,0.02895,0.02625,-35.75,40.6,0.3046,0.0524,1.687,0.0,0.0,0,0.0,0.0
0,515,10.3,close,0.01182,0.01136,-0.00328,0.02273,0.0255,-37.0,40.1,0.322,0.0498,-2.418,0.0,0.0,0,0.0,0.0
1,515,10.3,close,0.00536,0.00379,0.0038,0.0249,0.0255,-30.62,56.54,0.3099,0.0429,0.12,0.0,0.0,0,0.0,0.0
2,515,10.3,close,0.00638,0.00471,-0.00431,0.02881,0.0255,-32.36,53.72,0.3216,0.0559,-3.903,0.0,0.0,0,0.0,0.0
3,515,10.3,close,0.00257,0.00255,0.00028,0.02906,0.0255,-35.74,40.62,0.3046,0.0524,1.691,0.0,0.0,0,0.0,0.0
0,516,10.32,close,0.01679,0.01677,-0.00074,0.01935,0.02475,-35.97,42.84,0.3221,0.0499,-2.413,0.0,0.0,0,0.0,0.0
1,516,10.32,close,0.00551,0.00391,0.00389,0.0248,0.02475,-30.61,56.55,0.31,0.0428,0.089,0.0,0.0,0,0.0,0.0
2,516,10.32,close,0.01134,0.00962,-0.00602,0.02907,0.02475,-32.64,52.44,0.3211,0.056,-3.875,0.0,0.0,0,0.0,0.0
3,516,10.32,close,0.00256,0.00254,0.00031,0.0291,0.02475,-35.74,40.63,0.3046,0.0525,1.696,0.0,0.0,0,0.0,0.0
0,517,10.34,close,0.01508,0.01505,0.00108,0.01819,0.024,-35.35,46.11,0.3221,0.0498,-2.33,0.0,0.0,0,0.0,0.0
1,517,10.34,close,0.00566,0.00403,0.00397,0.02472,0.024,-30.6,56.55,0.3101,0.0427,0.057,0.0,0.0,0,0.0,0.0
2,517,10.34,close,0.01279,0.01113,-0.0063,0.03001,0.024,-33.28,51.39,0.3208,0.0562,-3.905,0.0,0.0,0,0.0,0.0
3,517,10.34,close,0.00249,0.00247,0.00033,0.02905,0.024,-35.73,40.66,0.3046,0.0525,1.703,0.0,0.0,0,0.0,0.0
0,518,10.36,close,0.0124,0.01232,0.00136,0.01915,0.02325,-35.59,48.3,0.322,0.0498,-2.265,0.0,0.0,0,0.0,0.0
1,518,10.36,close,0.00583,0.00418,0.00406,0.02462,0.02325,-30.59,56.56,0.3101,0.0426,0.025,0.0,0.0,0,0.0,0.0
2,518,10.36,close,0.01315,0.01265,-0.00361,0.03064,0.02325,-33.29,50.42,0.3205,0.0563,-3.892,0.0,0.0,0,0.0,0.0
3,518,10.36,close,0.00247,0.00244,0.00035,0.02896,0.02325,-35.72,40.68,0.3046,0.0526,1.709,0.0,0.0,0,0.0,0.0
0,519,10.38,close,0.01159,0.01156,0.00085,0.02072,0.0225,-36.44,49.72,0.3219,0.0497,-2.255,0.0,0.0,0,0.0,0.0
1,519,10.38,close,0.00603,0.00435,0.00417,0.02449,0.0225,-30.58,56.57,0.3102,0.0426,-0.008,0.0,0.0,0,0.0,0.0
2,519,10.38,close,0.01435,0.0131,-0.00587,0.03552,0.0225,-34.54,48.77,0.3202,0.0563,-3.873,0.0,0.0,0,0.0,0.0
3,519,10.38,close,0.00252,0.00249,0.00036,0.02892,0.0225,-35.71,40.69,0.3045,0.0526,1.713,0.0,0.0,0,0.0,0.0
0,520,10.4,close,0.01071,0.01067,0.00092,0.02367,0.02175,-37.18,49.11,0.3218,0.0497,-2.189,0.0,0.0,0,0.0,0.0
1,520,10.4,close,0.00621,0.00452,0.00425,0.02442,0.02175,-30.58,56.57,0.3103,0.0425,-0.043,0.0,0.0,0,0.0,0.0
2,520,10.4,close,0.01842,0.01655,-0.00808,0.03955,0.02175,-34.71,47.77,0.3199,0.0561,-3.841,0.0,0.0,0,0.0,0.0
3,520,10.4,close,0.00255,0.00253,0.00036,0.02899,0.02175,-35.71,40.7,0.3045,0.0527,1.717,0.0,0.0,0,0.0,0.0
0,521,10.42,close,0.01092,0.01058,-0.00268,0.03038,0.021,-38.15,47.62,0.3216,0.0496,-2.134,0.0,0.0,0,0.0,0.0
1,521,10.42,close,0.00643,0.0047,0.00438,0.02431,0.021,-30.56,56.59,0.3104,0.0424,-0.077,0.0,0.0,0,0.0,0.0
2,521,10.42,close,0.02305,0.02163,-0.00797,0.04097,0.021,-34.25,47.88,0.3195,0.056,-3.808,0.0,0.0,0,0.0,0.0
3,521,10.42,close,0.00251,0.00248,0.00037,0.02909,0.021,-35.71,40.71,0.3045,0.0527,1.721,0.0,0.0,0,0.0,0.0
0,522,10.44,close,0.01451,0.01414,-0.00326,0.03415,0.02025,-37.58,46.67,0.3215,0.0495,-2.095,0.0,0.0,0,0.0,0.0
1,522,10.44,close,0.00663,0.00491,0.00446,0.02425,0.02025,-30.56,56.59,0.3104,0.0423,-0.113,0.0,0.0,0,0.0,0.0
2,522,10.44,close,0.02798,0.02688,-0.00779,0.04256,0.02025,-33.72,48.15,0.3191,0.0558,-3.768,0.0,0.0,0,0.0,0.0
3,522,10.44,close,0.00246,0.00242,0.0004,0.02915,0.02025,-35.71,40.72,0.3045,0.0528,1.726,0.0,0.0,0,0.0,0.0
0,523,10.46,close,0.01335,0.01324,-0.00175,0.03099,0.0195,-36.56,47.38,0.3213,0.0494,-2.147,0.0,0.0,0,0.0,0.0
1,523,10.46,close,0.00687,0.00511,0.00459,0.02413,0.0195,-30.54,56.61,0.3105,0.0423,-0.149,0.0,0.0,0,0.0,0.0
2,523,10.46,close,0.03069,0.02957,-0.00821,0.04535,0.0195,-33.73,48.12,0.3189,0.0557,-3.717,0.0,0.0,0,0.0,0.0
3,523,10.46,close,0.00246,0.00242,0.00043,0.02911,0.0195,-35.71,40.74,0.3045,0.0528,1.731,0.0,0.0,0,0.0,0.0
0,524,10.48,close,0.01094,0.01091,0.00069,0.02326,0.01875,-35.18,48.58,0.3212,0.0493,-2.251,0.0,0.0,0,0.0,0.0
1,524,10.48,close,0.00709,0.00535,0.00465,0.02408,0.01875,-30.55,56.6,0.3106,0.0422,-0.187,0.0,0.0,0,0.0,0.0
2,524,10.48,close,0.03126,0.03082,-0.00518,0.04563,0.01875,-33.12,48.62,0.3187,0.0557,-3.675,0.0,0.0,0,0.0,0.0
3,524,10.48,close,0.0025,0.00246,0.00045,0.02901,0.01875,-35.69,40.75,0.3045,0.0528,1.737,0.0,0.0,0,0.0,0.0
0,525,10.5,close,0.01147,0.01147,0.00022,0.02071,0.018,-34.71,49.26,0.3211,0.0492,-2.301,0.0,0.0,0,0.0,0.0
1,525,10.5,close,0.00737,0.00557,0.00482,0.02392,0.018,-30.51,56.63,0.3107,0.0421,-0.225,0.0,0.0,0,0.0,0.0
2,525,10.5,close,0.02659,0.02644,-0.00284,0.0406,0.018,-32.99,48.96,0.3185,0.0556,-3.715,0.0,0.0,0,0.0,0.0
3,525,10.5,close,0.00249,0.00245,0.00045,0.02896,0.018,-35.69,40.76,0.3045,0.0529,1.741,0.0,0.0,0,0.0,0.0
0,526,10.52,close,0.01395,0.01356,0.00326,0.01727,0.01725,-33.49,50.57,0.321,0.0492,-2.28,0.0,0.0,0,0.0,0.0
1,526,10.52,close,0.0076,0.00585,0.00485,0.02391,0.01725,-30.53,56.61,0.3108,0.0421,-0.265,0.0,0.0,0,0.0,0.0
2,526,10.52,close,0.01903,0.01861,-0.00395,0.03356,0.01725,-33.25,48.98,0.3183,0.0554,-3.776,0.0,0.0,0,0.0,0.0
3,526,10.52,close,0.00245,0.00241,0.00045,0.02902,0.01725,-35.69,40.77,0.3045,0.0529,1.745,0.0,0.0,0,0.0,0.0
0,527,10.54,close,0.01417,0.01346,0.00444,0.01627,0.0165,-33.37,51.64,0.3208,0.0491,-2.247,0.0,0.0,0,0.0,0.0
1,527,10.54,close,0.00791,0.00608,0.00506,0.02372,0.0165,-30.48,56.65,0.3109,0.042,-0.303,0.0,0.0,0,0.0,0.0
2,527,10.54,close,0.01619,0.01567,-0.00406,0.02598,0.0165,-33.13,49.24,0.3181,0.0552,-3.822,0.0,0.0,0,0.0,0.0
3,527,10.54,close,0.00245,0.0024,0.00046,0.02916,0.0165,-35.69,40.76,0.3044,0.053,1.748,0.0,0.0,0,0.0,0.0
0,528,10.56,close,0.01394,0.01366,0.00282,0.02088,0.01575,-33.69,51.5,0.3206,0.0489,-2.164,0.0,0.0,0,0.0,0.0
1,528,10.56,close,0.00816,0.00641,0.00506,0.02375,0.01575,-30.51,56.63,0.311,0.042,-0.346,0.0,0.0,0,0.0,0.0
2,528,10.56,close,0.01873,0.01822,-0.00435,0.02167,0.01575,-32.91,49.73,0.3179,0.055,-3.854,0.0,0.0,0,0.0,0.0
3,528,10.56,close,0.00249,0.00244,0.0005,0.02925,0.01575,-35.69,40.77,0.3044,0.053,1.751,0.0,0.0,0,0.0,0.0
0,529,10.58,close,0.01727,0.01723,0.00117,0.02899,0.015,-34.16,51.27,0.3206,0.0488,-2.107,0.0,0.0,0,0.0,0.0
1,529,10.58,close,0.00849,0.00664,0.00529,0.02354,0.015,-30.45,56.68,0.3111,0.0419,-0.386,0.0,0.0,0,0.0,0.0
2,529,10.58,close,0.01939,0.01929,-0.00194,0.01857,0.015,-32.47,50.39,0.3179,0.0549,-3.852,0.0,0.0,0,0.0,0.0
3,529,10.58,close,0.0025,0.00244,0.00053,0.02921,0.015,-35.68,40.78,0.3044,0.053,1.757,0.0,0.0,0,0.0,0.0
0,530,10.6,close,0.02088,0.02056,0.00363,0.03289,0.01425,-33.85,51.41,0.3206,0.0489,-2.118,0.0,0.0,0,0.0,0.0
1,530,10.6,close,0.00878,0.00702,0.00528,0.02359,0.01425,-30.48,56.65,0.3112,0.0418,-0.431,0.0,0.0,0,0.0,0.0
2,530,10.6,close,0.01769,0.01769,0.00038,0.02007,0.01425,-32.44,50.61,0.318,0.0548,-3.779,0.0,0.0,0,0.0,0.0
3,530,10.6,close,0.00246,0.0024,0.00054,0.02908,0.01425,-35.67,40.8,0.3044,0.0531,1.762,0.0,0.0,0,0.0,0.0
0,531,10.62,close,0.0198,0.01867,0.0066,0.03062,0.0135,-33.47,51.49,0.3206,0.0489,-2.19,0.0,0.0,0,0.0,0.0
1,531,10.62,close,0.00914,0.00727,0.00554,0.02335,0.0135,-30.4,56.7,0.3113,0.0418,-0.472,0.0,0.0,0,0.0,0.0
2,531,10.62,close,0.01882,0.01879,-0.00105,0.02882,0.0135,-32.93,50.35,0.318,0.0545,-3.7,0.0,0.0,0,0.0,0.0
3,531,10.62,close,0.00244,0.00238,0.00054,0.02901,0.0135,-35.67,40.81,0.3044,0.0531,1.766,0.0,0.0,0,0.0,0.0
0,532,10.64,close,0.01324,0.01183,0.00594,0.02457,0.01275,-33.41,50.1,0.3206,0.0489,-2.29,0.0,0.0,0,0.0,0.0
1,532,10.64,close,0.00947,0.0077,0.00551,0.0234,0.01275,-30.43,56.67,0.3114,0.0417,-0.519,0.0,0.0,0,0.0,0.0
2,532,10.64,close,0.02562,0.02557,-0.00164,0.03661,0.01275,-33.2,50.53,0.3181,0.0543,-3.66,0.0,0.0,0,0.0,0.0
3,532,10.64,close,0.00248,0.00242,0.00054,0.02908,0.01275,-35.67,40.81,0.3044,0.0531,1.768,0.0,0.0,0,0.0,0.0
0,533,10.66,close,0.0121,0.01141,0.00403,0.02301,0.012,-33.75,48.92,0.3206,0.0488,-2.27,0.0,0.0,0,0.0,0.0
1,533,10.66,close,0.00985,0.00798,0.00576,0.02317,0.012,-30.35,56.73,0.3115,0.0417,-0.564,0.0,0.0,0,0.0,0.0
2,533,10.66,close,0.02707,0.02697,-0.00231,0.03806,0.012,-33.38,50.5,0.3182,0.054,-3.715,0.0,0.0,0,0.0,0.0
3,533,10.66,close,0.00253,0.00247,0.00055,0.02923,0.012,-35.67,40.81,0.3044,0.0532,1.77,0.0,0.0,0,0.0,0.0
0,534,10.68,close,0.01348,0.01306,0.00334,0.02115,0.01125,-33.96,49.17,0.3207,0.0489,-2.254,0.0,0.0,0,0.0,0.0
1,534,10.68,close,0.01023,0.00845,0.00577,0.02321,0.01125,-30.37,56.71,0.3116,0.0417,-0.613,0.0,0.0,0,0.0,0.0
2,534,10.68,close,0.02084,0.02084,-5e-05,0.03105,0.01125,-33.26,50.77,0.3184,0.054,-3.819,0.0,0.0,0,0.0,0.0
3,534,10.68,close,0.00252,0.00246,0.00057,0.02933,0.01125,-35.67,40.81,0.3044,0.0532,1.774,0.0,0.0,0,0.0,0.0
0,535,10.7,close,0.01612,0.01516,0.00547,0.02246,0.0105,-33.93,49.28,0.3208,0.049,-2.19,0.0,0.0,0,0.0,0.0
1,535,10.7,close,0.01065,0.00878,0.00602,0.023,0.0105,-30.29,56.76,0.3117,0.0416,-0.659,0.0,0.0,0,0.0,0.0
2,535,10.7,close,0.01423,0.01408,0.00207,0.02298,0.0105,-33.23,50.7,0.3186,0.0539,-3.885,0.0,0.0,0,0.0,0.0
3,535,10.7,close,0.00247,0.0024,0.0006,0.02928,0.0105,-35.67,40.82,0.3044,0.0532,1.779,0.0,0.0,0,0.0,0.0
0,536,10.72,close,0.01928,0.01854,0.00531,0.02939,0.00975,-34.82,48.65,0.3209,0.0492,-2.106,0.0,0.0,0,0.0,0.0
1,536,10.72,close,0.01109,0.00929,0.00605,0.02302,0.00975,-30.3,56.75,0.3118,0.0416,-0.711,0.0,0.0,0,0.0,0.0
2,536,10.72,close,0.01302,0.01262,0.00318,0.01915,0.00975,-33.15,50.65,0.3187,0.0538,-3.878,0.0,0.0,0,0.0,0.0
3,536,10.72,close,0.00246,0.00238,0.00062,0.02915,0.00975,-35.66,40.83,0.3044,0.0533,1.784,0.0,0.0,0,0.0,0.0
0,537,10.74,close,0.02001,0.01989,0.00218,0.03324,0.009,-35.5,48.17,0.321,0.0492,-2.117,0.0,0.0,0,0.0,0.0
1,537,10.74,close,0.01155,0.00967,0.0063,0.02281,0.009,-30.22,56.81,0.3119,0.0416,-0.761,0.0,0.0,0,0.0,0.0
2,537,10.74,close,0.01443,0.01386,0.00401,0.0185,0.009,-32.85,50.64,0.3189,0.0537,-3.819,0.0,0.0,0,0.0,0.0
3,537,10.74,close,0.0025,0.00243,0.00061,0.02907,0.009,-35.65,40.84,0.3043,0.0533,1.786,0.0,0.0,0,0.0,0.0
0,538,10.76,close,0.01728,0.0172,0.00164,0.02953,0.00825,-35.56,48.26,0.3211,0.0493,-2.195,0.0,0.0,0,0.0,0.0
1,538,10.76,close,0.01205,0.01022,0.00638,0.02281,0.00825,-30.2,56.81,0.312,0.0415,-0.815,0.0,0.0,0,0.0,0.0
2,538,10.76,close,0.018,0.01761,0.00376,0.02404,0.00825,-33.03,50.2,0.319,0.0536,-3.714,0.0,0.0,0,0.0,0.0
3,538,10.76,close,0.00253,0.00246,0.0006,0.02914,0.00825,-35.65,40.84,0.3043,0.0533,1.788,0.0,0.0,0,0.0,0.0
0,539,10.78,close,0.01347,0.01347,8e-05,0.02454,0.0075,-35.62,48.17,0.3211,0.0494,-2.257,0.0,0.0,0,0.0,0.0
1,539,10.78,close,0.01256,0.01068,0.00661,0.02266,0.0075,-30.13,56.86,0.3121,0.0415,-0.868,0.0,0.0,0,0.0,0.0
2,539,10.78,close,0.02472,0.02469,0.00118,0.03258,0.0075,-33.75,49.55,0.3191,0.0534,-3.653,0.0,0.0,0,0.0,0.0
3,539,10.78,close,0.00253,0.00245,0.0006,0.0293,0.0075,-35.66,40.83,0.3043,0.0534,1.79,0.0,0.0,0,0.0,0.0
0,540,10.8,close,0.01217,0.01194,-0.00236,0.02488,0.00675,-35.5,48.32,0.3212,0.0495,-2.227,0.0,0.0,0,0.0,0.0
1,540,10.8,close,0.01312,0.01127,0.00672,0.02266,0.00675,-30.1,56.88,0.3122,0.0415,-0.925,0.0,0.0,0,0.0,0.0
2,540,10.8,close,0.02811,0.02794,0.00308,0.03448,0.00675,-33.89,49.45,0.3193,0.0535,-3.676,0.0,0.0,0,0.0,0.0
3,540,10.8,close,0.00253,0.00245,0.00062,0.02941,0.00675,-35.66,40.83,0.3043,0.0534,1.793,0.0,0.0,0,0.0,0.0
0,541,10.82,close,0.01324,0.01307,-0.00213,0.02827,0.006,-34.76,49.39,0.3214,0.0497,-2.124,0.0,0.0,0,0.0,0.0
1,541,10.82,close,0.01369,0.01181,0.00693,0.02256,0.006,-30.03,56.92,0.3123,0.0415,-0.982,0.0,0.0,0,0.0,0.0
2,541,10.82,close,0.02116,0.02096,0.00289,0.03054,0.006,-35.1,48.51,0.3195,0.0536,-3.755,0.0,0.0,0,0.0,0.0
3,541,10.82,close,0.00255,0.00246,0.00065,0.02938,0.006,-35.65,40.84,0.3043,0.0534,1.797,0.0,0.0,0,0.0,0.0
0,542,10.84,close,0.01621,0.01612,0.00168,0.02673,0.00525,-33.44,51.37,0.3215,0.0499,-2.124,0.0,0.0,0,0.0,0.0
1,542,10.84,close,0.01342,0.01152,0.00688,0.02259,0.00525,-30.0,56.91,0.3125,0.0414,-1.029,0.0,0.0,0,0.0,0.0
2,542,10.84,close,0.00998,0.00997,-0.00043,0.02725,0.00525,-36.18,47.32,0.3197,0.0537,-3.811,0.0,0.0,0,0.0,0.0
3,542,10.84,close,0.00255,0.00246,0.00067,0.02923,0.00525,-35.64,40.86,0.3043,0.0535,1.801,0.0,0.0,0,0.0,0.0
0,543,10.86,close,0.01532,0.01529,0.001,0.02595,0.0045,-33.74,51.71,0.3216,0.0501,-2.17,0.0,0.0,0,0.0,0.0
1,543,10.86,close,0.0133,0.01161,0.00649,0.02311,0.0045,-30.12,56.79,0.3126,0.0414,-1.089,0.0,0.0,0,0.0,0.0
2,543,10.86,close,0.00878,0.00856,0.00195,0.02196,0.0045,-35.1,48.03,0.3199,0.0538,-3.827,0.0,0.0,0,0.0,0.0
3,543,10.86,close,0.00253,0.00245,0.00065,0.02913,0.0045,-35.64,40.86,0.3043,0.0535,1.805,0.0,0.0,0,0.0,0.0
0,544,10.88,close,0.01305,0.01302,-0.00092,0.02643,0.00375,-34.21,51.07,0.3216,0.0503,-2.18,0.0,0.0,0,0.0,0.0
1,544,10.88,close,0.01338,0.01155,0.00677,0.02282,0.00375,-29.97,56.88,0.3127,0.0414,-1.146,0.0,0.0,0,0.0,0.0
2,544,10.88,close,0.00892,0.00873,0.00182,0.02142,0.00375,-34.39,48.43,0.32,0.0538,-3.767,0.0,0.0,0,0.0,0.0
3,544,10.88,close,0.00252,0.00244,0.00063,0.02919,0.00375,-35.64,40.86,0.3043,0.0535,1.806,0.0,0.0,0,0.0,0.0
0,545,10.9,close,0.0101,0.01008,-0.00066,0.02585,0.003,-34.48,50.86,0.3217,0.0505,-2.183,0.0,0.0,0,0.0,0.0
1,545,10.9,close,0.01391,0.01213,0.00681,0.02289,0.003,-29.96,56.88,0.3128,0.0414,-1.212,0.0,0.0,0,0.0,0.0
2,545,10.9,close,0.00877,0.00871,0.00105,0.02556,0.003,-33.8,48.9,0.3201,0.0538,-3.641,0.0,0.0,0,0.0,0.0
3,545,10.9,close,0.00257,0.00249,0.00063,0.02939,0.003,-35.65,40.85,0.3043,0.0536,1.806,0.0,0.0,0,0.0,0.0
0,546,10.92,close,0.00776,0.00775,-0.00046,0.02644,0.00225,-34.59,50.5,0.3219,0.0507,-2.173,0.0,0.0,0,0.0,0.0
1,546,10.92,close,0.01387,0.012,0.00695,0.02275,0.00225,-29.83,56.93,0.3129,0.0414,-1.265,0.0,0.0,0,0.0,0.0
2,546,10.92,close,0.01466,0.01466,-0.00021,0.0315,0.00225,-33.24,49.95,0.3203,0.0538,-3.546,0.0,0.0,0,0.0,0.0
3,546,10.92,close,0.00264,0.00256,0.00065,0.02954,0.00225,-35.65,40.84,0.3043,0.0536,1.808,0.0,0.0,0,0.0,0.0
0,547,10.94,close,0.00663,0.00648,-0.0014,0.02856,0.0015,-34.76,49.36,0.322,0.0509,-2.143,0.0,0.0,0,0.0,0.0
1,547,10.94,close,0.01399,0.01232,0.00662,0.02328,0.0015,-29.91,56.81,0.313,0.0414,-1.328,0.0,0.0,0,0.0,0.0
2,547,10.94,close,0.01604,0.01594,-0.00177,0.03234,0.0015,-32.78,50.63,0.3205,0.0538,-3.567,0.0,0.0,0,0.0,0.0
3,547,10.94,close,0.00263,0.00254,0.00068,0.0295,0.0015,-35.64,40.85,0.3043,0.0536,1.812,0.0,0.0,0,0.0,0.0
0,548,10.96,close,0.00662,0.00632,-0.00198,0.03043,0.00075,-34.87,48.48,0.322,0.0511,-2.124,0.0,0.0,0,0.0,0.0
1,548,10.96,close,0.01397,0.01217,0.00685,0.023,0.00075,-29.73,56.88,0.3131,0.0414,-1.384,0.0,0.0,0,0.0,0.0
2,548,10.96,close,0.01359,0.01327,-0.00292,0.02875,0.00075,-32.25,51.22,0.3206,0.054,-3.626,0.0,0.0,0,0.0,0.0
3,548,10.96,close,0.00255,0.00246,0.00069,0.02932,0.00075,-35.63,40.87,0.3043,0.0537,1.817,0.0,0.0,0,0.0,0.0
0,549,10.98,lift,0.0062,0.00578,-0.00226,0.03123,0.0,-34.97,48.18,0.322,0.0512,-2.134,0.0,0.0,0,0.0,0.0
1,549,10.98,lift,0.01447,0.01277,0.00681,0.02308,0.0,-29.69,56.86,0.3132,0.0414,-1.452,0.0,0.0,0,0.0,0.0
2,549,10.98,lift,0.00988,0.00986,0.00062,0.02218,0.0,-31.18,52.22,0.3209,0.0544,-3.66,0.0,0.0,0,0.0,0.0
3,549,10.98,lift,0.00253,0.00244,0.00067,0.02919,0.0,-35.63,40.87,0.3043,0.0537,1.82,0.0,0.0,0,0.0,0.0
0,550,11.0,lift,0.00433,0.00324,-0.00288,0.03214,0.0,-35.12,47.94,0.322,0.0512,-2.159,0.0,0.0,0,0.0,0.0
1,550,11.0,lift,0.01406,0.01227,0.00687,0.02432,0.0,-29.55,56.89,0.3133,0.0414,-1.508,0.0,0.0,0,0.0,0.0
2,550,11.0,lift,0.00749,0.00637,0.00393,0.02256,0.0,-30.27,52.93,0.3212,0.0548,-3.602,0.0,0.0,0,0.0,0.0
3,550,11.0,lift,0.00158,0.00144,0.00064,0.03018,0.0,-35.63,40.87,0.3043,0.0537,1.82,0.0,0.0,0,0.0,0.0
0,551,11.02,lift,0.00283,0.0013,-0.00251,0.03157,0.0,-35.05,48.01,0.322,0.0513,-2.176,0.0,0.0,0,0.0,0.0
1,551,11.02,lift,0.01446,0.01254,0.00719,0.02497,0.0,-29.3,57.03,0.3133,0.0414,-1.574,0.0,0.0,0,0.0,0.0
2,551,11.02,lift,0.00367,0.00152,0.00334,0.02791,0.0,-30.04,53.06,0.3215,0.055,-3.513,0.0,0.0,0,0.0,0.0
3,551,11.02,lift,0.0018,0.00166,0.00071,0.03103,0.0,-35.57,40.89,0.3042,0.0537,1.818,0.0,0.0,0,0.0,0.0
0,552,11.04,lift,0.00325,0.00234,-0.00226,0.03166,0.0,-34.9,48.22,0.3219,0.0513,-2.153,0.0,0.0,0,0.0,0.0
1,552,11.04,lift,0.01457,0.01256,0.00738,0.02483,0.0,-28.96,57.22,0.3134,0.0414,-1.635,0.0,0.0,0,0.0,0.0
2,552,11.04,lift,0.00634,0.00149,0.00616,0.02857,0.0,-28.88,54.02,0.3217,0.0552,-3.461,0.0,0.0,0,0.0,0.0
3,552,11.04,lift,0.002,0.00181,0.00084,0.03121,0.0,-35.42,40.98,0.3042,0.0538,1.821,0.0,0.0,0,0.0,0.0
0,553,11.06,lift,0.00743,0.00585,-0.00459,0.03502,0.0,-35.22,47.99,0.3218,0.0512,-2.113,0.0,0.0,0,0.0,0.0
1,553,11.06,lift,0.01475,0.013,0.00696,0.0252,0.0,-28.85,57.26,0.3135,0.0414,-1.701,0.0,0.0,0,0.0,0.0
2,553,11.06,lift,0.00422,0.00245,0.00344,0.03059,0.0,-29.04,54.86,0.322,0.0553,-3.474,0.0,0.0,0,0.0,0.0
3,553,11.06,lift,0.00144,0.00115,0.00086,0.03068,0.0,-35.23,41.1,0.3042,0.0538,1.834,0.0,0.0,0,0.0,0.0
0,554,11.08,lift,0.01013,0.009,-0.00465,0.03667,0.0,-35.2,48.19,0.3218,0.0512,-2.099,0.0,0.0,0,0.0,0.0
1,554,11.08,lift,0.01468,0.01294,0.00693,0.02532,0.0,-28.56,57.45,0.3136,0.0414,-1.762,0.0,0.0,0,0.0,0.0
2,554,11.08,lift,0.00363,0.00075,0.00355,0.02786,0.0,-28.34,57.3,0.3221,0.0555,-3.495,0.0,0.0,0,0.0,0.0
3,554,11.08,lift,0.00084,0.00048,0.00069,0.03004,0.0,-35.07,41.21,0.3042,0.0538,1.847,0.0,0.0,0,0.0,0.0
0,555,11.1,lift,0.00823,0.00791,-0.00226,0.03383,0.0,-34.63,48.85,0.3217,0.0513,-2.139,0.0,0.0,0,0.0,0.0
1,555,11.1,lift,0.01529,0.01349,0.00719,0.0252,0.0,-28.17,57.75,0.3137,0.0415,-1.834,0.0,0.0,0,0.0,0.0
2,555,11.1,lift,0.00698,0.00477,0.0051,0.02299,0.0,-27.79,58.98,0.3221,0.0557,-3.49,0.0,0.0,0,0.0,0.0
3,555,11.1,lift,0.00072,0.00064,0.00034,0.03019,0.0,-34.95,41.25,0.3042,0.0538,1.843,0.0,0.0,0,0.0,0.0
0,556,11.12,lift,0.00556,0.00356,-0.00427,0.03252,0.0,-34.77,48.85,0.3216,0.0511,-2.197,0.0,0.0,0,0.0,0.0
1,556,11.12,lift,0.01538,0.01354,0.00729,0.0247,0.0,-27.76,58.05,0.3138,0.0415,-1.896,0.0,0.0,0,0.0,0.0
2,556,11.12,lift,0.00696,0.00662,0.00214,0.02273,0.0,-28.81,58.67,0.3221,0.0559,-3.465,0.0,0.0,0,0.0,0.0
3,556,11.12,lift,0.00082,0.00082,9e-05,0.03067,0.0,-34.83,41.28,0.3043,0.0538,1.837,0.0,0.0,0,0.0,0.0
0,557,11.14,lift,0.00639,0.00378,-0.00514,0.03008,0.0,-34.66,49.05,0.3215,0.051,-2.238,0.0,0.0,0,0.0,0.0
1,557,11.14,lift,0.01565,0.01396,0.00707,0.02447,0.0,-27.49,58.25,0.314,0.0415,-1.962,0.0,0.0,0,0.0,0.0
2,557,11.14,lift,0.00782,0.00776,-0.00102,0.02497,0.0,-29.85,57.65,0.322,0.056,-3.403,0.0,0.0,0,0.0,0.0
3,557,11.14,lift,0.00118,0.00118,-8e-05,0.03112,0.0,-34.69,41.33,0.3043,0.0539,1.838,0.0,0.0,0,0.0,0.0
0,558,11.16,lift,0.00675,0.00496,-0.00457,0.02909,0.0,-34.48,49.31,0.3214,0.051,-2.221,0.0,0.0,0,0.0,0.0
1,558,11.16,lift,0.01554,0.01402,0.00672,0.0245,0.0,-27.27,58.41,0.3141,0.0416,-2.024,0.0,0.0,0,0.0,0.0
2,558,11.16,lift,0.01054,0.01042,-0.00157,0.02372,0.0,-30.17,56.97,0.3218,0.0563,-3.383,0.0,0.0,0,0.0,0.0
3,558,11.16,lift,0.00134,0.00133,-0.00021,0.0313,0.0,-34.54,41.4,0.3044,0.0539,1.842,0.0,0.0,0,0.0,0.0
0,559,11.18,lift,0.00578,0.00207,-0.0054,0.03266,0.0,-34.64,49.15,0.3212,0.0509,-2.144,0.0,0.0,0,0.0,0.0
1,559,11.18,lift,0.01583,0.01442,0.00653,0.02465,0.0,-27.03,58.6,0.3143,0.0416,-2.089,0.0,0.0,0,0.0,0.0
2,559,11.18,lift,0.00968,0.00968,-9e-05,0.02385,0.0,-30.48,55.72,0.3218,0.0566,-3.361,0.0,0.0,0,0.0,0.0
3,559,11.18,lift,0.00104,0.00098,-0.00035,0.03104,0.0,-34.36,41.51,0.3045,0.0539,1.85,0.0,0.0,0,0.0,0.0
0,560,11.2,lift,0.0086,0.0072,-0.0047,0.03468,0.0,-34.51,49.25,0.3211,0.0508,-2.111,0.0,0.0,0,0.0,0.0
1,560,11.2,lift,0.01601,0.01466,0.00643,0.02422,0.0,-26.64,58.86,0.3144,0.0417,-2.15,0.0,0.0,0,0.0,0.0
2,560,11.2,lift,0.00785,0.00723,0.00307,0.02537,0.0,-30.44,54.34,0.3218,0.0569,-3.333,0.0,0.0,0,0.0,0.0
3,560,11.2,lift,0.00065,0.00033,-0.00055,0.03051,0.0,-34.16,41.64,0.3046,0.0539,1.858,0.0,0.0,0,0.0,0.0
0,561,11.22,lift,0.0091,0.00842,-0.00346,0.03257,0.0,-34.1,49.75,0.3209,0.0506,-2.157,0.0,0.0,0,0.0,0.0
1,561,11.22,lift,0.01626,0.01505,0.00616,0.02359,0.0,-26.29,59.12,0.3145,0.0417,-2.213,0.0,0.0,0,0.0,0.0
2,561,11.22,lift,0.007,0.00573,0.00403,0.0283,0.0,-30.5,53.15,0.3218,0.057,-3.312,0.0,0.0,0,0.0,0.0
3,561,11.22,lift,0.00084,0.00016,-0.00083,0.03018,0.0,-33.98,41.74,0.3047,0.0539,1.86,0.0,0.0,0,0.0,0.0
0,562,11.24,lift,0.00772,0.00608,-0.00476,0.03067,0.0,-34.14,49.92,0.3207,0.0504,-2.225,0.0,0.0,0,0.0,0.0
1,562,11.24,lift,0.01625,0.01523,0.00567,0.0235,0.0,-26.06,59.29,0.3147,0.0418,-2.273,0.0,0.0,0,0.0,0.0
2,562,11.24,lift,0.00746,0.00614,0.00424,0.03003,0.0,-30.46,53.13,0.3218,0.057,-3.29,0.0,0.0,0,0.0,0.0
3,562,11.24,lift,0.00115,0.00021,-0.00113,0.03026,0.0,-33.83,41.82,0.3047,0.054,1.859,0.0,0.0,0,0.0,0.0
0,563,11.26,lift,0.00768,0.00651,-0.00407,0.0274,0.0,-34.06,50.26,0.3205,0.0503,-2.293,0.0,0.0,0,0.0,0.0
1,563,11.26,lift,0.01644,0.01553,0.00539,0.02366,0.0,-25.8,59.49,0.3148,0.0418,-2.335,0.0,0.0,0,0.0,0.0
2,563,11.26,lift,0.00766,0.00677,0.00357,0.03067,0.0,-30.37,53.22,0.3217,0.0569,-3.258,0.0,0.0,0,0.0,0.0
3,563,11.26,lift,0.00142,0.00024,-0.0014,0.03059,0.0,-33.69,41.89,0.3049,0.054,1.858,0.0,0.0,0,0.0,0.0
0,564,11.28,lift,0.00997,0.0094,-0.00333,0.02573,0.0,-33.85,50.58,0.3203,0.0501,-2.296,0.0,0.0,0,0.0,0.0
1,564,11.28,lift,0.01671,0.01587,0.00522,0.02331,0.0,-25.41,59.76,0.315,0.0419,-2.392,0.0,0.0,0,0.0,0.0
2,564,11.28,lift,0.00855,0.00851,0.00079,0.03224,0.0,-30.49,53.2,0.3216,0.0568,-3.208,0.0,0.0,0,0.0,0.0
3,564,11.28,lift,0.00169,0.00056,-0.00159,0.03091,0.0,-33.55,41.97,0.305,0.054,1.857,0.0,0.0,0,0.0,0.0
0,565,11.3,lift,0.00858,0.0062,-0.00592,0.02892,0.0,-34.22,50.35,0.3201,0.0498,-2.217,0.0,0.0,0,0.0,0.0
1,565,11.3,lift,0.01687,0.01615,0.00487,0.0228,0.0,-25.06,60.0,0.3151,0.042,-2.445,0.0,0.0,0,0.0,0.0
2,565,11.3,lift,0.01241,0.0124,-0.00059,0.03237,0.0,-30.22,53.55,0.3215,0.0567,-3.152,0.0,0.0,0,0.0,0.0
3,565,11.3,lift,0.00192,0.00087,-0.00172,0.03103,0.0,-33.37,42.07,0.3051,0.054,1.857,0.0,0.0,0,0.0,0.0
0,566,11.32,lift,0.00894,0.00752,-0.00484,0.03036,0.0,-34.0,50.63,0.3198,0.0496,-2.166,0.0,0.0,0,0.0,0.0
1,566,11.32,lift,0.01702,0.01647,0.00431,0.02276,0.0,-24.84,60.16,0.3152,0.042,-2.5,0.0,0.0,0,0.0,0.0
2,566,11.32,lift,0.01763,0.01752,-0.00196,0.03225,0.0,-30.03,53.91,0.3213,0.0567,-3.111,0.0,0.0,0,0.0,0.0
3,566,11.32,lift,0.00209,0.00104,-0.00181,0.03096,0.0,-33.18,42.19,0.3052,0.054,1.859,0.0,0.0,0,0.0,0.0
0,567,11.34,lift,0.01086,0.01046,-0.00293,0.03095,0.0,-33.74,50.98,0.3196,0.0495,-2.171,0.0,0.0,0,0.0,0.0
1,567,11.34,lift,0.01719,0.01674,0.0039,0.0228,0.0,-24.56,60.37,0.3153,0.0421,-2.554,0.0,0.0,0,0.0,0.0
2,567,11.34,lift,0.02281,0.02246,-0.00398,0.03309,0.0,-30.15,54.08,0.3211,0.0567,-3.077,0.0,0.0,0,0.0,0.0
3,567,11.34,lift,0.00219,0.00108,-0.00191,0.03079,0.0,-33.0,42.31,0.3053,0.054,1.862,0.0,0.0,0,0.0,0.0
0,568,11.36,lift,0.00986,0.00957,-0.00238,0.02862,0.0,-33.55,51.31,0.3194,0.0492,-2.237,0.0,0.0,0,0.0,0.0
1,568,11.36,lift,0.01747,0.01709,0.0036,0.02254,0.0,-24.19,60.64,0.3154,0.0421,-2.607,0.0,0.0,0,0.0,0.0
2,568,11.36,lift,0.02304,0.02186,-0.0073,0.0317,0.0,-31.07,53.8,0.3209,0.0568,-3.117,0.0,0.0,0,0.0,0.0
3,568,11.36,lift,0.0023,0.00109,-0.00203,0.03061,0.0,-32.82,42.42,0.3053,0.054,1.864,0.0,0.0,0,0.0,0.0
0,569,11.38,lift,0.01031,0.00932,-0.00442,0.02574,0.0,-33.56,51.49,0.3191,0.0489,-2.331,0.0,0.0,0,0.0,0.0
1,569,11.38,lift,0.01758,0.01729,0.00321,0.02213,0.0,-23.82,60.9,0.3155,0.0422,-2.656,0.0,0.0,0,0.0,0.0
2,569,11.38,lift,0.02479,0.02309,-0.00902,0.02731,0.0,-31.36,53.66,0.3206,0.0569,-3.183,0.0,0.0,0,0.0,0.0
3,569,11.38,lift,0.00246,0.00117,-0.00216,0.03049,0.0,-32.65,42.54,0.3054,0.054,1.865,0.0,0.0,0,0.0,0.0
0,570,11.4,lift,0.01518,0.01488,-0.00299,0.02221,0.0,-33.1,52.1,0.3189,0.0487,-2.374,0.0,0.0,0,0.0,0.0
1,570,11.4,lift,0.0177,0.01749,0.00271,0.02197,0.0,-23.53,61.13,0.3156,0.0422,-2.705,0.0,0.0,0,0.0,0.0
2,570,11.4,lift,0.02286,0.02024,-0.01063,0.02674,0.0,-32.44,52.81,0.3204,0.0571,-3.2,0.0,0.0,0,0.0,0.0
3,570,11.4,lift,0.00264,0.00131,-0.00229,0.03045,0.0,-32.47,42.65,0.3055,0.054,1.865,0.0,0.0,0,0.0,0.0
0,571,11.42,lift,0.01709,0.01701,-0.00163,0.02075,0.0,-32.72,52.45,0.3186,0.0484,-2.353,0.0,0.0,0,0.0,0.0
1,571,11.42,lift,0.01788,0.01773,0.00229,0.02181,0.0,-23.21,61.4,0.3157,0.0423,-2.754,0.0,0.0,0,0.0,0.0
2,571,11.42,lift,0.01779,0.01607,-0.00763,0.02541,0.0,-32.29,52.38,0.3203,0.0573,-3.129,0.0,0.0,0,0.0,0.0
3,571,11.42,lift,0.0028,0.00143,-0.0024,0.03053,0.0,-32.31,42.76,0.3056,0.054,1.863,0.0,0.0,0,0.0,0.0
0,572,11.44,lift,0.012,0.0117,-0.00267,0.02286,0.0,-32.88,52.13,0.3184,0.0481,-2.267,0.0,0.0,0,0.0,0.0
1,572,11.44,lift,0.01808,0.01798,0.00196,0.0215,0.0,-22.83,61.71,0.3157,0.0424,-2.8,0.0,0.0,0,0.0,0.0
2,572,11.44,lift,0.01661,0.0162,-0.00366,0.0278,0.0,-31.63,52.3,0.3202,0.0574,-3.015,0.0,0.0,0,0.0,0.0
3,572,11.44,lift,0.00283,0.00139,-0.00247,0.03067,0.0,-32.15,42.9,0.3057,0.054,1.863,0.0,0.0,0,0.0,0.0
0,573,11.46,lift,0.00917,0.00878,-0.00265,0.02666,0.0,-32.89,52.1,0.3181,0.0478,-2.211,0.0,0.0,0,0.0,0.0
1,573,11.46,lift,0.01818,0.01811,0.00163,0.02107,0.0,-22.44,62.05,0.3157,0.0424,-2.843,0.0,0.0,0,0.0,0.0
2,573,11.46,lift,0.02016,0.01981,-0.00377,0.03549,0.0,-32.05,50.69,0.3201,0.0572,-2.942,0.0,0.0,0,0.0,0.0
3,573,11.46,lift,0.00279,0.00131,-0.00246,0.03068,0.0,-31.96,43.11,0.3058,0.054,1.864,0.0,0.0,0,0.0,0.0
0,574,11.48,lift,0.01177,0.0117,-0.00128,0.02851,0.0,-32.63,52.4,0.3179,0.0475,-2.218,0.0,0.0,0,0.0,0.0
1,574,11.48,lift,0.01845,0.0184,0.0014,0.02065,0.0,-22.04,62.42,0.3158,0.0424,-2.888,0.0,0.0,0,0.0,0.0
2,574,11.48,lift,0.02109,0.02033,-0.00562,0.03895,0.0,-32.28,48.73,0.32,0.057,-2.972,0.0,0.0,0,0.0,0.0
3,574,11.48,lift,0.00282,0.00146,-0.00242,0.03069,0.0,-31.76,43.29,0.3058,0.054,1.864,0.0,0.0,0,0.0,0.0
0,575,11.5,lift,0.01153,0.0115,-0.00088,0.02564,0.0,-32.35,52.79,0.3177,0.0471,-2.304,0.0,0.0,0,0.0,0.0
1,575,11.5,lift,0.01848,0.01844,0.00124,0.0202,0.0,-21.65,62.78,0.3158,0.0425,-2.928,0.0,0.0,0,0.0,0.0
2,575,11.5,lift,0.01732,0.01619,-0.00614,0.03297,0.0,-32.17,49.09,0.3199,0.0568,-3.076,0.0,0.0,0,0.0,0.0
3,575,11.5,lift,0.003,0.00183,-0.00237,0.03075,0.0,-31.55,43.43,0.3059,0.054,1.861,0.0,0.0,0,0.0,0.0
0,576,11.52,lift,0.01198,0.01178,-0.00216,0.02233,0.0,-32.28,53.11,0.3175,0.0467,-2.39,0.0,0.0,0,0.0,0.0
1,576,11.52,lift,0.01891,0.01886,0.0014,0.01938,0.0,-21.1,63.26,0.3158,0.0425,-2.971,0.0,0.0,0,0.0,0.0
2,576,11.52,lift,0.01813,0.0164,-0.00773,0.02713,0.0,-32.02,49.39,0.3197,0.0566,-3.125,0.0,0.0,0,0.0,0.0
3,576,11.52,lift,0.00307,0.00202,-0.00231,0.03079,0.0,-31.36,43.54,0.3059,0.054,1.86,0.0,0.0,0,0.0,0.0
0,577,11.54,lift,0.01598,0.01596,-0.00081,0.01932,0.0,-31.91,53.73,0.3172,0.0464,-2.422,0.0,0.0,0,0.0,0.0
1,577,11.54,lift,0.01933,0.01923,0.00192,0.01793,0.0,-20.33,63.86,0.3158,0.0426,-3.011,0.0,0.0,0,0.0,0.0
2,577,11.54,lift,0.02173,0.0196,-0.00938,0.02453,0.0,-32.6,49.41,0.3195,0.0566,-3.14,0.0,0.0,0,0.0,0.0
3,577,11.54,lift,0.00287,0.00182,-0.00222,0.03074,0.0,-31.18,43.66,0.306,0.0539,1.862,0.0,0.0,0,0.0,0.0
0,578,11.56,lift,0.01935,0.01934,0.00067,0.01763,0.0,-31.46,54.2,0.317,0.0461,-2.424,0.0,0.0,0,0.0,0.0
1,578,11.56,lift,0.0195,0.0194,0.00201,0.01734,0.0,-19.84,64.32,0.3158,0.0426,-3.053,0.0,0.0,0,0.0,0.0
2,578,11.56,lift,0.02001,0.01794,-0.00886,0.02389,0.0,-32.68,49.27,0.3195,0.0566,-3.09,0.0,0.0,0,0.0,0.0
3,578,11.56,lift,0.00267,0.00163,-0.00212,0.03054,0.0,-31.0,43.78,0.306,0.0539,1.864,0.0,0.0,0,0.0,0.0
0,579,11.58,lift,0.01605,0.01604,-0.00067,0.0188,0.0,-31.49,54.05,0.3168,0.0457,-2.358,0.0,0.0,0,0.0,0.0
1,579,11.58,lift,0.01927,0.01912,0.0024,0.01615,0.0,-19.18,64.92,0.3159,0.0427,-3.085,0.0,0.0,0,0.0,0.0
2,579,11.58,lift,0.01194,0.00791,-0.00894,0.02918,0.0,-32.82,48.89,0.3197,0.0566,-2.968,0.0,0.0,0,0.0,0.0
3,579,11.58,lift,0.00269,0.00173,-0.00206,0.03023,0.0,-30.79,43.89,0.3061,0.0539,1.864,0.0,0.0,0,0.0,0.0
0,580,11.6,lift,0.01101,0.01093,-0.00138,0.02252,0.0,-31.69,53.82,0.3166,0.0453,-2.278,0.0,0.0,0,0.0,0.0
1,580,11.6,lift,0.01818,0.01804,0.00222,0.01588,0.0,-18.74,65.93,0.316,0.0427,-3.109,0.0,0.0,0,0.0,0.0
2,580,11.6,lift,0.00731,0.00544,-0.00488,0.0312,0.0,-31.89,49.49,0.3199,0.0565,-2.872,0.0,0.0,0,0.0,0.0
3,580,11.6,lift,0.00277,0.00185,-0.00206,0.02995,0.0,-30.6,43.99,0.3061,0.0538,1.865,0.0,0.0,0,0.0,0.0
0,581,11.62,lift,0.01071,0.0107,-0.00047,0.02541,0.0,-31.7,53.96,0.3164,0.0449,-2.24,0.0,0.0,0,0.0,0.0
1,581,11.62,lift,0.0205,0.02008,0.00414,0.01232,0.0,-17.6,68.59,0.316,0.0428,-3.154,0.0,0.0,0,0.0,0.0
2,581,11.62,lift,0.01216,0.01199,0.00202,0.0294,0.0,-29.62,50.96,0.3201,0.0565,-2.806,0.0,0.0,0,0.0,0.0
3,581,11.62,lift,0.00273,0.00174,-0.0021,0.02991,0.0,-30.44,44.08,0.3062,0.0538,1.865,0.0,0.0,0,0.0,0.0
0,582,11.64,lift,0.01168,0.01167,0.00033,0.02447,0.0,-31.48,54.37,0.3163,0.0445,-2.281,0.0,0.0,0,0.0,0.0
1,582,11.64,lift,0.02257,0.02216,0.00428,0.01242,0.0,-17.5,70.44,0.316,0.0428,-3.21,0.0,0.0,0,0.0,0.0
2,582,11.64,lift,0.01513,0.01513,0.00043,0.03442,0.0,-29.85,50.69,0.3202,0.0562,-2.752,0.0,0.0,0,0.0,0.0
3,582,11.64,lift,0.00263,0.0015,-0.00216,0.0301,0.0,-30.3,44.16,0.3063,0.0537,1.864,0.0,0.0,0,0.0,0.0
0,583,11.66,lift,0.01179,0.01177,-0.0008,0.02143,0.0,-31.39,54.77,0.3161,0.0441,-2.373,0.0,0.0,0,0.0,0.0
1,583,11.66,lift,0.01852,0.01839,0.00212,0.01353,0.0,-17.84,70.1,0.3161,0.0428,-3.17,0.0,0.0,0,0.0,0.0
2,583,11.66,lift,0.01414,0.01379,-0.00312,0.03723,0.0,-30.3,50.53,0.3203,0.0559,-2.765,0.0,0.0,0,0.0,0.0
3,583,11.66,lift,0.00264,0.00146,-0.0022,0.03036,0.0,-30.15,44.25,0.3063,0.0537,1.86,0.0,0.0,0,0.0,0.0
0,584,11.68,lift,0.01539,0.01538,-0.00052,0.01928,0.0,-31.16,55.32,0.316,0.0438,-2.418,0.0,0.0,0,0.0,0.0
1,584,11.68,lift,0.01581,0.01554,0.00292,0.01405,0.0,-17.37,70.25,0.3163,0.0429,-3.167,0.0,0.0,0,0.0,0.0
2,584,11.68,lift,0.00796,0.00796,-3e-05,0.02901,0.0,-28.89,51.93,0.3204,0.0558,-2.846,0.0,0.0,0,0.0,0.0
3,584,11.68,lift,0.00275,0.00165,-0.0022,0.0306,0.0,-29.98,44.36,0.3064,0.0537,1.856,0.0,0.0,0,0.0,0.0
0,585,11.7,lift,0.01545,0.01545,3e-05,0.01877,0.0,-30.95,55.53,0.3158,0.0434,-2.373,0.0,0.0,0,0.0,0.0
1,585,11.7,lift,0.01511,0.01472,0.00344,0.0151,0.0,-17.0,70.34,0.3165,0.043,-3.225,0.0,0.0,0,0.0,0.0
2,585,11.7,lift,0.00689,0.00663,-0.00185,0.02519,0.0,-28.94,52.18,0.3204,0.0557,-2.887,0.0,0.0,0,0.0,0.0
3,585,11.7,lift,0.00281,0.00178,-0.00218,0.0308,0.0,-29.82,44.48,0.3064,0.0536,1.853,0.0,0.0,0,0.0,0.0
0,586,11.72,lift,0.01063,0.01058,-0.00099,0.02224,0.0,-31.1,55.23,0.3157,0.0431,-2.286,0.0,0.0,0,0.0,0.0
1,586,11.72,lift,0.01715,0.01674,0.00373,0.01534,0.0,-16.68,70.57,0.3167,0.0431,-3.301,0.0,0.0,0,0.0,0.0
2,586,11.72,lift,0.01223,0.01103,-0.00528,0.02724,0.0,-29.18,52.26,0.3204,0.0555,-2.876,0.0,0.0,0,0.0,0.0
3,586,11.72,lift,0.00265,0.00163,-0.00209,0.03091,0.0,-29.65,44.62,0.3065,0.0535,1.854,0.0,0.0,0,0.0,0.0
0,587,11.74,lift,0.01125,0.01123,-0.00068,0.02552,0.0,-31.02,55.28,0.3156,0.0428,-2.25,0.0,0.0,0,0.0,0.0
1,587,11.74,lift,0.02009,0.01964,0.00419,0.01621,0.0,-16.35,70.91,0.3169,0.0432,-3.366,0.0,0.0,0,0.0,0.0
2,587,11.74,lift,0.01205,0.01187,-0.00208,0.02243,0.0,-27.53,54.45,0.3205,0.0555,-2.796,0.0,0.0,0,0.0,0.0
3,587,11.74,lift,0.00249,0.00148,-0.002,0.03095,0.0,-29.48,44.79,0.3065,0.0535,1.855,0.0,0.0,0,0.0,0.0
0,588,11.76,lift,0.0118,0.01175,-0.00107,0.02504,0.0,-30.83,55.55,0.3155,0.0424,-2.312,0.0,0.0,0,0.0,0.0
1,588,11.76,lift,0.01712,0.01674,0.00357,0.01689,0.0,-16.45,70.75,0.3171,0.0432,-3.342,0.0,0.0,0,0.0,0.0
2,588,11.76,lift,0.0103,0.0101,-0.00204,0.02307,0.0,-27.24,55.02,0.3205,0.0554,-2.688,0.0,0.0,0,0.0,0.0
3,588,11.76,lift,0.00255,0.00165,-0.00194,0.03097,0.0,-29.29,44.94,0.3065,0.0534,1.854,0.0,0.0,0,0.0,0.0
0,589,11.78,lift,0.0126,0.01257,-0.00094,0.02075,0.0,-30.52,56.07,0.3154,0.0421,-2.406,0.0,0.0,0,0.0,0.0
1,589,11.78,lift,0.01566,0.0151,0.00416,0.01629,0.0,-15.85,71.17,0.3174,0.0433,-3.339,0.0,0.0,0,0.0,0.0
2,589,11.78,lift,0.01396,0.01321,-0.00452,0.02791,0.0,-27.63,54.75,0.3205,0.0552,-2.631,0.0,0.0,0,0.0,0.0
3,589,11.78,lift,0.00271,0.00192,-0.00192,0.03096,0.0,-29.09,45.05,0.3065,0.0534,1.853,0.0,0.0,0,0.0,0.0
0,590,11.8,lift,0.01633,0.01632,-0.00015,0.01835,0.0,-30.13,56.61,0.3153,0.0418,-2.441,0.0,0.0,0,0.0,0.0
1,590,11.8,lift,0.01658,0.01596,0.00448,0.01544,0.0,-15.33,71.66,0.3176,0.0434,-3.386,0.0,0.0,0,0.0,0.0
2,590,11.8,lift,0.01781,0.01636,-0.00705,0.0319,0.0,-27.92,55.3,0.3205,0.0551,-2.622,0.0,0.0,0,0.0,0.0
3,590,11.8,lift,0.00267,0.00188,-0.0019,0.03104,0.0,-28.93,45.12,0.3066,0.0533,1.853,0.0,0.0,0,0.0,0.0
0,591,11.82,lift,0.01768,0.01768,0.00028,0.01798,0.0,-29.87,56.79,0.3152,0.0416,-2.421,0.0,0.0,0,0.0,0.0
1,591,11.82,lift,0.01704,0.01653,0.00414,0.01526,0.0,-15.26,71.95,0.3177,0.0435,-3.423,0.0,0.0,0,0.0,0.0
2,591,11.82,lift,0.01918,0.01898,-0.00275,0.03031,0.0,-26.89,57.18,0.3205,0.0552,-2.602,0.0,0.0,0,0.0,0.0
3,591,11.82,lift,0.00251,0.00168,-0.00187,0.03118,0.0,-28.79,45.2,0.3066,0.0533,1.853,0.0,0.0,0,0.0,0.0
0,592,11.84,lift,0.01331,0.0133,-0.00034,0.01938,0.0,-29.86,56.54,0.3151,0.0413,-2.341,0.0,0.0,0,0.0,0.0
1,592,11.84,lift,0.01544,0.01507,0.00338,0.01647,0.0,-15.48,71.91,0.3179,0.0436,-3.435,0.0,0.0,0,0.0,0.0
2,592,11.84,lift,0.01439,0.01435,0.00096,0.02619,0.0,-26.61,57.34,0.3205,0.0552,-2.645,0.0,0.0,0,0.0,0.0
3,592,11.84,lift,0.00238,0.00153,-0.00183,0.03119,0.0,-28.62,45.32,0.3066,0.0532,1.853,0.0,0.0,0,0.0,0.0
0,593,11.86,lift,0.01056,0.01042,-0.00174,0.02402,0.0,-30.04,56.22,0.315,0.041,-2.287,0.0,0.0,0,0.0,0.0
1,593,11.86,lift,0.01412,0.01374,0.00327,0.01761,0.0,-15.4,72.01,0.3182,0.0437,-3.455,0.0,0.0,0,0.0,0.0
2,593,11.86,lift,0.00641,0.0064,-0.00044,0.02465,0.0,-27.16,56.0,0.3204,0.055,-2.706,0.0,0.0,0,0.0,0.0
3,593,11.86,lift,0.00246,0.00163,-0.00184,0.03113,0.0,-28.43,45.43,0.3067,0.0532,1.851,0.0,0.0,0,0.0,0.0
0,594,11.88,lift,0.0114,0.01126,-0.00177,0.02487,0.0,-29.92,56.51,0.315,0.0406,-2.314,0.0,0.0,0,0.0,0.0
1,594,11.88,lift,0.01484,0.01417,0.00443,0.01609,0.0,-14.57,72.69,0.3184,0.0438,-3.476,0.0,0.0,0,0.0,0.0
2,594,11.88,lift,0.01231,0.0123,0.00044,0.02147,0.0,-26.35,55.64,0.3203,0.0548,-2.745,0.0,0.0,0,0.0,0.0
3,594,11.88,lift,0.00257,0.00175,-0.00188,0.03106,0.0,-28.24,45.53,0.3067,0.0531,1.85,0.0,0.0,0,0.0,0.0
0,595,11.9,lift,0.01271,0.01268,-0.00088,0.02066,0.0,-29.49,57.23,0.3149,0.0404,-2.401,0.0,0.0,0,0.0,0.0
1,595,11.9,lift,0.01609,0.01533,0.00491,0.01439,0.0,-13.85,73.27,0.3186,0.0439,-3.5,0.0,0.0,0,0.0,0.0
2,595,11.9,lift,0.01484,0.01479,0.00124,0.01968,0.0,-25.88,55.93,0.3202,0.0546,-2.697,0.0,0.0,0,0.0,0.0
3,595,11.9,lift,0.00252,0.00164,-0.00191,0.03118,0.0,-28.09,45.6,0.3067,0.053,1.85,0.0,0.0,0,0.0,0.0
0,596,11.92,lift,0.01575,0.01574,-0.00059,0.01849,0.0,-29.19,57.78,0.3148,0.0401,-2.442,0.0,0.0,0,0.0,0.0
1,596,11.92,lift,0.01559,0.01495,0.00441,0.01475,0.0,-13.97,73.27,0.3188,0.044,-3.521,0.0,0.0,0,0.0,0.0
2,596,11.92,lift,0.00991,0.00988,-0.00072,0.02173,0.0,-26.27,55.72,0.3201,0.0544,-2.579,0.0,0.0,0,0.0,0.0
3,596,11.92,lift,0.00246,0.00154,-0.00192,0.0314,0.0,-27.95,45.67,0.3068,0.053,1.848,0.0,0.0,0,0.0,0.0
0,597,11.94,lift,0.01641,0.01638,-0.00094,0.01894,0.0,-29.09,57.92,0.3147,0.0399,-2.422,0.0,0.0,0,0.0,0.0
1,597,11.94,lift,0.01462,0.01399,0.00424,0.01581,0.0,-14.04,73.33,0.319,0.0441,-3.544,0.0,0.0,0,0.0,0.0
2,597,11.94,lift,0.01213,0.01194,-0.00212,0.02516,0.0,-26.13,57.15,0.32,0.0541,-2.493,0.0,0.0,0,0.0,0.0
3,597,11.94,lift,0.00242,0.00151,-0.00189,0.03148,0.0,-27.79,45.79,0.3068,0.0529,1.846,0.0,0.0,0,0.0,0.0
0,598,11.96,lift,0.01333,0.0133,-0.0009,0.01971,0.0,-29.06,57.82,0.3147,0.0396,-2.356,0.0,0.0,0,0.0,0.0
1,598,11.96,lift,0.01357,0.01287,0.00431,0.01703,0.0,-14.02,73.39,0.3193,0.0442,-3.567,0.0,0.0,0,0.0,0.0
2,598,11.96,lift,0.01593,0.01568,-0.00282,0.02862,0.0,-26.05,57.4,0.3199,0.054,-2.481,0.0,0.0,0,0.0,0.0
3,598,11.96,lift,0.00246,0.0016,-0.00187,0.03151,0.0,-27.6,45.93,0.3068,0.0529,1.845,0.0,0.0,0,0.0,0.0
0,599,11.98,lift,0.01119,0.01107,-0.00165,0.02289,0.0,-29.14,57.6,0.3146,0.0394,-2.314,0.0,0.0,0,0.0,0.0
1,599,11.98,lift,0.0131,0.01236,0.00435,0.01734,0.0,-13.85,73.54,0.3195,0.0443,-3.586,0.0,0.0,0,0.0,0.0
2,599,11.98,lift,0.01393,0.01392,-0.00015,0.02799,0.0,-25.89,57.68,0.3199,0.054,-2.524,0.0,0.0,0,0.0,0.0
3,599,11.98,lift,0.00264,0.00184,-0.00189,0.03161,0.0,-27.42,46.03,0.3068,0.0528,1.841,0.0,0.0,0,0.0,0.0
0,600,12.0,lift,0.01138,0.01112,-0.00241,0.02342,0.0,-29.08,57.73,0.3146,0.0391,-2.356,0.0,0.0,0,0.0,0.0
1,600,12.0,lift,0.01283,0.01214,0.00416,0.01744,0.0,-13.8,73.6,0.3196,0.0444,-3.606,0.0,0.0,0,0.0,0.0
2,600,12.0,lift,0.00757,0.00741,0.00154,0.02395,0.0,-25.81,57.19,0.3198,0.0539,-2.614,0.0,0.0,0,0.0,0.0
3,600,12.0,lift,0.00274,0.00198,-0.0019,0.03177,0.0,-27.25,46.11,0.3069,0.0527,1.839,0.0,0.0,0,0.0,0.0
0,601,12.02,lift,0.01377,0.01353,-0.00254,0.02075,0.0,-28.68,58.32,0.3145,0.0388,-2.425,0.0,0.0,0,0.0,0.0
1,601,12.02,lift,0.01197,0.01141,0.00363,0.01851,0.0,-14.04,73.42,0.3198,0.0445,-3.629,0.0,0.0,0,0.0,0.0
2,601,12.02,lift,0.00975,0.00967,0.00124,0.02244,0.0,-25.89,56.86,0.3197,0.0537,-2.664,0.0,0.0,0,0.0,0.0
3,601,12.02,lift,0.00264,0.00188,-0.00186,0.03186,0.0,-27.09,46.19,0.3069,0.0527,1.839,0.0,0.0,0,0.0,0.0
0,602,12.04,lift,0.01668,0.01654,-0.00215,0.01923,0.0,-28.32,58.81,0.3145,0.0386,-2.452,0.0,0.0,0,0.0,0.0
1,602,12.04,lift,0.01176,0.01118,0.00366,0.01965,0.0,-14.07,73.39,0.3199,0.0446,-3.662,0.0,0.0,0,0.0,0.0
2,602,12.04,lift,0.01162,0.01162,6e-05,0.02293,0.0,-25.89,56.85,0.3195,0.0535,-2.62,0.0,0.0,0,0.0,0.0
3,602,12.04,lift,0.00247,0.00169,-0.0018,0.03176,0.0,-26.9,46.3,0.3069,0.0526,1.838,0.0,0.0,0,0.0,0.0
0,603,12.06,lift,0.01698,0.01693,-0.00131,0.01877,0.0,-28.13,58.98,0.3144,0.0385,-2.439,0.0,0.0,0,0.0,0.0
1,603,12.06,lift,0.01084,0.01025,0.00354,0.02055,0.0,-14.01,73.35,0.32,0.0447,-3.678,0.0,0.0,0,0.0,0.0
2,603,12.06,lift,0.01035,0.01027,0.00127,0.02001,0.0,-24.92,57.45,0.3193,0.0532,-2.523,0.0,0.0,0,0.0,0.0
3,603,12.06,lift,0.00239,0.00158,-0.00179,0.03159,0.0,-26.71,46.38,0.307,0.0525,1.836,0.0,0.0,0,0.0,0.0
0,604,12.08,lift,0.01414,0.0141,-0.00115,0.01907,0.0,-28.04,58.87,0.3143,0.0383,-2.382,0.0,0.0,0,0.0,0.0
1,604,12.08,lift,0.01016,0.0098,0.0027,0.02173,0.0,-14.23,73.07,0.3201,0.0447,-3.703,0.0,0.0,0,0.0,0.0
2,604,12.08,lift,0.01219,0.01218,-0.00048,0.02378,0.0,-24.74,57.64,0.3192,0.0528,-2.433,0.0,0.0,0,0.0,0.0
3,604,12.08,lift,0.00233,0.00146,-0.00181,0.03145,0.0,-26.52,46.45,0.307,0.0525,1.836,0.0,0.0,0,0.0,0.0
0,605,12.1,lift,0.01166,0.01116,-0.00339,0.02347,0.0,-28.36,58.39,0.3143,0.038,-2.34,0.0,0.0,0,0.0,0.0
1,605,12.1,lift,0.00918,0.00905,0.00155,0.02312,0.0,-14.55,72.7,0.3201,0.0447,-3.726,0.0,0.0,0,0.0,0.0
2,605,12.1,lift,0.01898,0.01866,-0.00348,0.03132,0.0,-24.95,58.2,0.3191,0.0524,-2.353,0.0,0.0,0,0.0,0.0
3,605,12.1,lift,0.00228,0.00133,-0.00185,0.03149,0.0,-26.37,46.5,0.307,0.0524,1.835,0.0,0.0,0,0.0,0.0
0,606,12.12,lift,0.01163,0.01122,-0.00307,0.02333,0.0,-28.19,58.61,0.3143,0.0378,-2.375,0.0,0.0,0,0.0,0.0
1,606,12.12,lift,0.00989,0.00979,0.00141,0.02356,0.0,-14.45,72.65,0.3202,0.0447,-3.765,0.0,0.0,0,0.0,0.0
2,606,12.12,lift,0.02389,0.0237,-0.00302,0.03457,0.0,-24.71,58.74,0.3191,0.0522,-2.337,0.0,0.0,0,0.0,0.0
3,606,12.12,lift,0.00233,0.00137,-0.00188,0.03166,0.0,-26.22,46.55,0.3071,0.0524,1.832,0.0,0.0,0,0.0,0.0
0,607,12.14,lift,0.0139,0.01378,-0.00182,0.01975,0.0,-27.65,59.29,0.3143,0.0376,-2.431,0.0,0.0,0,0.0,0.0
1,607,12.14,lift,0.01033,0.00993,0.00284,0.0221,0.0,-14.02,72.86,0.3201,0.0448,-3.778,0.0,0.0,0,0.0,0.0
2,607,12.14,lift,0.02302,0.02291,-0.00231,0.03257,0.0,-24.48,59.14,0.3191,0.0521,-2.38,0.0,0.0,0,0.0,0.0
3,607,12.14,lift,0.00247,0.00156,-0.00192,0.03182,0.0,-26.06,46.62,0.3071,0.0523,1.828,0.0,0.0,0,0.0,0.0
0,608,12.16,lift,0.0167,0.01656,-0.0022,0.01875,0.0,-27.35,59.65,0.3142,0.0374,-2.457,0.0,0.0,0,0.0,0.0
1,608,12.16,lift,0.01035,0.00981,0.00329,0.02136,0.0,-14.04,72.68,0.32,0.0448,-3.787,0.0,0.0,0,0.0,0.0
2,608,12.16,lift,0.01786,0.01738,-0.0041,0.02732,0.0,-24.48,59.17,0.3191,0.0519,-2.448,0.0,0.0,0,0.0,0.0
3,608,12.16,lift,0.00262,0.00175,-0.00195,0.03193,0.0,-25.88,46.7,0.3072,0.0522,1.825,0.0,0.0,0,0.0,0.0
0,609,12.18,lift,0.01682,0.01668,-0.00219,0.01892,0.0,-27.25,59.73,0.3142,0.0372,-2.438,0.0,0.0,0,0.0,0.0
1,609,12.18,lift,0.01063,0.00996,0.00372,0.02147,0.0,-14.65,72.1,0.3199,0.0447,-3.809,0.0,0.0,0,0.0,0.0
2,609,12.18,lift,0.01573,0.01514,-0.00425,0.02194,0.0,-24.22,59.29,0.3191,0.0518,-2.494,0.0,0.0,0,0.0,0.0
3,609,12.18,lift,0.00264,0.00181,-0.00192,0.03205,0.0,-25.71,46.79,0.3072,0.0522,1.824,0.0,0.0,0,0.0,0.0
0,610,12.2,lift,0.01369,0.01351,-0.00221,0.01991,0.0,-27.31,59.52,0.3142,0.0371,-2.383,0.0,0.0,0,0.0,0.0
1,610,12.2,lift,0.00834,0.00742,0.0038,0.02213,0.0,-14.99,70.22,0.3197,0.0447,-3.76,0.0,0.0,0,0.0,0.0
2,610,12.2,lift,0.01674,0.01648,-0.00293,0.01961,0.0,-23.66,59.52,0.3192,0.0517,-2.459,0.0,0.0,0,0.0,0.0
3,610,12.2,lift,0.00262,0.00184,-0.00187,0.03218,0.0,-25.55,46.91,0.3072,0.0521,1.824,0.0,0.0,0,0.0,0.0
0,611,12.22,lift,0.01143,0.01069,-0.00405,0.02376,0.0,-27.58,59.13,0.3143,0.0368,-2.351,0.0,0.0,0,0.0,0.0
1,611,12.22,lift,0.00539,0.00517,0.00153,0.02482,0.0,-16.11,67.98,0.3195,0.0445,-3.763,0.0,0.0,0,0.0,0.0
2,611,12.22,lift,0.01794,0.01735,-0.00458,0.0258,0.0,-23.97,58.83,0.3192,0.0515,-2.351,0.0,0.0,0,0.0,0.0
3,611,12.22,lift,0.00272,0.00197,-0.00187,0.03225,0.0,-25.36,47.01,0.3072,0.052,1.82,0.0,0.0,0,0.0,0.0
0,612,12.24,lift,0.01173,0.01109,-0.0038,0.02325,0.0,-27.36,59.41,0.3143,0.0366,-2.391,0.0,0.0,0,0.0,0.0
1,612,12.24,lift,0.0048,0.00479,0.00038,0.02519,0.0,-16.51,67.35,0.3192,0.0443,-3.794,0.0,0.0,0,0.0,0.0
2,612,12.24,lift,0.02211,0.02108,-0.00666,0.03345,0.0,-24.21,58.46,0.3193,0.0513,-2.268,0.0,0.0,0,0.0,0.0
3,612,12.24,lift,0.00282,0.0021,-0.00188,0.03226,0.0,-25.16,47.09,0.3073,0.052,1.817,0.0,0.0,0,0.0,0.0
0,613,12.26,lift,0.01435,0.01415,-0.00234,0.01971,0.0,-26.75,60.18,0.3143,0.0365,-2.451,0.0,0.0,0,0.0,0.0
1,613,12.26,lift,0.00828,0.00827,0.00052,0.02303,0.0,-15.77,67.01,0.3189,0.0442,-3.798,0.0,0.0,0,0.0,0.0
2,613,12.26,lift,0.02603,0.02551,-0.00518,0.0366,0.0,-23.67,58.81,0.3195,0.0512,-2.235,0.0,0.0,0,0.0,0.0
3,613,12.26,lift,0.00282,0.00211,-0.00187,0.03231,0.0,-24.99,47.13,0.3073,0.0519,1.817,0.0,0.0,0,0.0,0.0
0,614,12.28,lift,0.01751,0.01737,-0.00222,0.01842,0.0,-26.38,60.61,0.3142,0.0363,-2.482,0.0,0.0,0,0.0,0.0
1,614,12.28,lift,0.01244,0.01244,0.00013,0.02304,0.0,-15.46,66.07,0.3187,0.044,-3.783,0.0,0.0,0,0.0,0.0
2,614,12.28,lift,0.02387,0.02279,-0.0071,0.03557,0.0,-23.87,58.92,0.3196,0.0511,-2.281,0.0,0.0,0,0.0,0.0
3,614,12.28,lift,0.00277,0.00207,-0.00185,0.0324,0.0,-24.84,47.17,0.3073,0.0519,1.817,0.0,0.0,0,0.0,0.0
0,615,12.3,lift,0.01797,0.0178,-0.00249,0.01864,0.0,-26.26,60.69,0.3143,0.0362,-2.464,0.0,0.0,0,0.0,0.0
1,615,12.3,lift,0.01343,0.01342,-0.00041,0.02381,0.0,-16.04,64.81,0.3184,0.0439,-3.825,0.0,0.0,0,0.0,0.0
2,615,12.3,lift,0.01899,0.01703,-0.00842,0.0301,0.0,-23.39,59.63,0.3198,0.051,-2.347,0.0,0.0,0,0.0,0.0
3,615,12.3,lift,0.0027,0.00197,-0.00185,0.03236,0.0,-24.67,47.23,0.3074,0.0518,1.815,0.0,0.0,0,0.0,0.0
0,616,12.32,lift,0.01488,0.01468,-0.00239,0.01913,0.0,-26.29,60.5,0.3143,0.036,-2.41,0.0,0.0,0,0.0,0.0
1,616,12.32,lift,0.01413,0.01404,-0.00151,0.02724,0.0,-16.82,62.66,0.3183,0.0438,-3.838,0.0,0.0,0,0.0,0.0
2,616,12.32,lift,0.01661,0.01458,-0.00796,0.02434,0.0,-22.23,60.45,0.32,0.051,-2.385,0.0,0.0,0,0.0,0.0
3,616,12.32,lift,0.00264,0.00182,-0.0019,0.03221,0.0,-24.48,47.29,0.3074,0.0517,1.813,0.0,0.0,0,0.0,0.0
0,617,12.34,lift,0.01183,0.01126,-0.00365,0.02241,0.0,-26.52,60.11,0.3144,0.0358,-2.383,0.0,0.0,0,0.0,0.0
1,617,12.34,lift,0.01389,0.01361,-0.00279,0.02925,0.0,-17.68,60.67,0.3181,0.0437,-3.886,0.0,0.0,0,0.0,0.0
2,617,12.34,lift,0.01507,0.01401,-0.00556,0.02102,0.0,-21.2,62.22,0.3203,0.0512,-2.375,0.0,0.0,0,0.0,0.0
3,617,12.34,lift,0.00264,0.00173,-0.00199,0.03214,0.0,-24.3,47.34,0.3075,0.0517,1.812,0.0,0.0,0,0.0,0.0
0,618,12.36,lift,0.012,0.0114,-0.00372,0.02241,0.0,-26.38,60.25,0.3144,0.0356,-2.417,0.0,0.0,0,0.0,0.0
1,618,12.36,lift,0.01603,0.0158,-0.00272,0.03035,0.0,-17.85,59.77,0.3179,0.0435,-3.917,0.0,0.0,0,0.0,0.0
2,618,12.36,lift,0.01241,0.01209,-0.00282,0.02126,0.0,-20.16,64.77,0.3206,0.0513,-2.285,0.0,0.0,0,0.0,0.0
3,618,12.36,lift,0.00276,0.00184,-0.00207,0.03231,0.0,-24.16,47.37,0.3075,0.0516,1.81,0.0,0.0,0,0.0,0.0
0,619,12.38,lift,0.01517,0.01493,-0.00268,0.01942,0.0,-25.81,60.87,0.3145,0.0355,-2.472,0.0,0.0,0,0.0,0.0
1,619,12.38,lift,0.01749,0.01705,-0.00392,0.03167,0.0,-17.86,59.46,0.3178,0.0434,-3.945,0.0,0.0,0,0.0,0.0
2,619,12.38,lift,0.01388,0.01386,0.00065,0.01842,0.0,-19.01,68.02,0.3208,0.0515,-2.275,0.0,0.0,0,0.0,0.0
3,619,12.38,lift,0.00298,0.00211,-0.0021,0.03261,0.0,-24.02,47.4,0.3075,0.0515,1.806,0.0,0.0,0,0.0,0.0
0,620,12.4,lift,0.01789,0.01774,-0.00224,0.0179,0.0,-25.4,61.28,0.3145,0.0354,-2.484,0.0,0.0,0,0.0,0.0
1,620,12.4,lift,0.0188,0.01836,-0.00406,0.03209,0.0,-17.55,59.54,0.3177,0.0433,-3.965,0.0,0.0,0,0.0,0.0
2,620,12.4,lift,0.01159,0.01148,-0.00159,0.02113,0.0,-19.35,68.86,0.3211,0.0514,-2.275,0.0,0.0,0,0.0,0.0
3,620,12.4,lift,0.00296,0.00212,-0.00207,0.03262,0.0,-23.83,47.53,0.3076,0.0515,1.804,0.0,0.0,0,0.0,0.0
0,621,12.42,lift,0.0162,0.01594,-0.00287,0.01899,0.0,-25.44,61.14,0.3146,0.0352,-2.448,0.0,0.0,0,0.0,0.0
1,621,12.42,lift,0.02113,0.02077,-0.00387,0.03271,0.0,-17.11,59.68,0.3176,0.0432,-3.967,0.0,0.0,0,0.0,0.0
2,621,12.42,lift,0.01269,0.01241,-0.00266,0.02286,0.0,-18.76,69.3,0.3213,0.0514,-2.218,0.0,0.0,0,0.0,0.0
3,621,12.42,lift,0.00305,0.00224,-0.00208,0.03272,0.0,-23.64,47.61,0.3076,0.0514,1.8,0.0,0.0,0,0.0,0.0
0,622,12.44,lift,0.01344,0.01316,-0.00274,0.02018,0.0,-25.52,60.95,0.3147,0.0351,-2.413,0.0,0.0,0,0.0,0.0
1,622,12.44,lift,0.02331,0.02244,-0.00631,0.03483,0.0,-17.13,59.59,0.3176,0.043,-3.971,0.0,0.0,0,0.0,0.0
2,622,12.44,lift,0.01455,0.01455,-0.00045,0.01966,0.0,-17.52,71.0,0.3215,0.0515,-2.202,0.0,0.0,0,0.0,0.0
3,622,12.44,lift,0.00318,0.00239,-0.0021,0.03283,0.0,-23.45,47.66,0.3076,0.0514,1.796,0.0,0.0,0,0.0,0.0
0,623,12.46,lift,0.01291,0.0126,-0.00278,0.02054,0.0,-25.41,60.97,0.3147,0.0349,-2.411,0.0,0.0,0,0.0,0.0
1,623,12.46,lift,0.02418,0.02308,-0.0072,0.03546,0.0,-17.03,59.75,0.3176,0.0429,-3.994,0.0,0.0,0,0.0,0.0
2,623,12.46,lift,0.01475,0.01459,0.00214,0.01661,0.0,-16.81,71.93,0.3218,0.0518,-2.209,0.0,0.0,0,0.0,0.0
3,623,12.46,lift,0.00325,0.00251,-0.00207,0.03294,0.0,-23.28,47.71,0.3077,0.0513,1.795,0.0,0.0,0,0.0,0.0
0,624,12.48,lift,0.01378,0.01329,-0.00361,0.0206,0.0,-25.29,61.06,0.3148,0.0347,-2.426,0.0,0.0,0,0.0,0.0
1,624,12.48,lift,0.02414,0.02334,-0.00618,0.03502,0.0,-16.77,60.03,0.3176,0.0429,-4.006,0.0,0.0,0,0.0,0.0
2,624,12.48,lift,0.01249,0.01246,0.00087,0.01869,0.0,-17.18,71.65,0.322,0.0519,-2.162,0.0,0.0,0,0.0,0.0
3,624,12.48,lift,0.00321,0.00251,-0.002,0.03295,0.0,-23.1,47.77,0.3077,0.0513,1.795,0.0,0.0,0,0.0,0.0
0,625,12.5,lift,0.01481,0.01436,-0.00363,0.02017,0.0,-25.11,61.26,0.3149,0.0346,-2.44,0.0,0.0,0,0.0,0.0
1,625,12.5,lift,0.02481,0.02409,-0.00591,0.03487,0.0,-16.52,60.2,0.3177,0.0429,-3.999,0.0,0.0,0,0.0,0.0
2,625,12.5,lift,0.01295,0.01292,-0.00089,0.01978,0.0,-17.31,71.56,0.3222,0.0519,-2.098,0.0,0.0,0,0.0,0.0
3,625,12.5,lift,0.00314,0.00245,-0.00196,0.03289,0.0,-22.92,47.82,0.3077,0.0512,1.793,0.0,0.0,0,0.0,0.0
0,626,12.52,lift,0.01511,0.01487,-0.00269,0.01927,0.0,-24.86,61.47,0.3149,0.0345,-2.436,0.0,0.0,0,0.0,0.0
1,626,12.52,lift,0.02649,0.02563,-0.00669,0.03521,0.0,-16.27,60.34,0.3178,0.0428,-3.988,0.0,0.0,0,0.0,0.0
2,626,12.52,lift,0.01512,0.01509,-0.00099,0.019,0.0,-17.04,71.84,0.3223,0.0521,-2.059,0.0,0.0,0,0.0,0.0
3,626,12.52,lift,0.00301,0.00226,-0.00199,0.03272,0.0,-22.72,47.86,0.3078,0.0512,1.792,0.0,0.0,0,0.0,0.0
0,627,12.54,lift,0.01469,0.01449,-0.00241,0.01902,0.0,-24.69,61.52,0.315,0.0344,-2.417,0.0,0.0,0,0.0,0.0
1,627,12.54,lift,0.02728,0.02593,-0.00848,0.03652,0.0,-16.32,60.33,0.318,0.0427,-3.981,0.0,0.0,0,0.0,0.0
2,627,12.54,lift,0.01535,0.0152,-0.00212,0.02051,0.0,-17.21,71.7,0.3224,0.0522,-2.027,0.0,0.0,0,0.0,0.0
3,627,12.54,lift,0.00297,0.00214,-0.00205,0.03262,0.0,-22.54,47.89,0.3078,0.0511,1.791,0.0,0.0,0,0.0,0.0
0,628,12.56,lift,0.01311,0.01245,-0.0041,0.02133,0.0,-24.85,61.25,0.3151,0.0342,-2.397,0.0,0.0,0,0.0,0.0
1,628,12.56,lift,0.0268,0.02567,-0.00769,0.03638,0.0,-16.24,60.49,0.3182,0.0427,-3.975,0.0,0.0,0,0.0,0.0
2,628,12.56,lift,0.01571,0.0156,-0.00185,0.02119,0.0,-17.07,71.81,0.3225,0.0524,-1.99,0.0,0.0,0,0.0,0.0
3,628,12.56,lift,0.00311,0.00228,-0.00211,0.03274,0.0,-22.4,47.91,0.3078,0.0511,1.79,0.0,0.0,0,0.0,0.0
0,629,12.58,lift,0.01265,0.01203,-0.00391,0.02158,0.0,-24.73,61.34,0.3152,0.0341,-2.396,0.0,0.0,0,0.0,0.0
1,629,12.58,lift,0.02665,0.02579,-0.00674,0.03557,0.0,-16.0,60.67,0.3185,0.0427,-3.963,0.0,0.0,0,0.0,0.0
2,629,12.58,lift,0.01718,0.01713,-0.00136,0.02151,0.0,-16.75,71.96,0.3227,0.0526,-1.94,0.0,0.0,0,0.0,0.0
3,629,12.58,lift,0.00334,0.00255,-0.00215,0.033,0.0,-22.25,47.93,0.3079,0.051,1.787,0.0,0.0,0,0.0,0.0
0,630,12.6,lift,0.01335,0.01295,-0.00322,0.02051,0.0,-24.44,61.63,0.3153,0.034,-2.406,0.0,0.0,0,0.0,0.0
1,630,12.6,lift,0.02722,0.02588,-0.00844,0.03635,0.0,-16.03,60.63,0.3187,0.0427,-3.935,0.0,0.0,0,0.0,0.0
2,630,12.6,lift,0.01792,0.01761,-0.00328,0.02325,0.0,-16.72,71.73,0.3228,0.0528,-1.899,0.0,0.0,0,0.0,0.0
3,630,12.6,lift,0.00352,0.00275,-0.0022,0.03321,0.0,-22.09,47.96,0.3079,0.051,1.783,0.0,0.0,0,0.0,0.0
0,631,12.62,lift,0.01438,0.01401,-0.00323,0.0198,0.0,-24.21,61.84,0.3153,0.0339,-2.41,0.0,0.0,0,0.0,0.0
1,631,12.62,lift,0.02812,0.02673,-0.00873,0.03686,0.0,-15.91,60.72,0.3189,0.0427,-3.904,0.0,0.0,0,0.0,0.0
2,631,12.62,lift,0.01758,0.01682,-0.00508,0.02456,0.0,-16.69,71.56,0.323,0.0531,-1.875,0.0,0.0,0,0.0,0.0
3,631,12.62,lift,0.0036,0.00285,-0.0022,0.0333,0.0,-21.9,48.04,0.308,0.0509,1.78,0.0,0.0,0,0.0,0.0
0,632,12.64,lift,0.01446,0.01402,-0.00356,0.01993,0.0,-24.11,61.89,0.3154,0.0337,-2.399,0.0,0.0,0,0.0,0.0
1,632,12.64,lift,0.02779,0.02659,-0.00806,0.03662,0.0,-15.78,60.82,0.3192,0.0427,-3.879,0.0,0.0,0,0.0,0.0
2,632,12.64,lift,0.01641,0.01508,-0.00647,0.02592,0.0,-16.17,71.8,0.3231,0.0533,-1.852,0.0,0.0,0,0.0,0.0
3,632,12.64,lift,0.00372,0.00301,-0.00218,0.03345,0.0,-21.73,48.13,0.308,0.0509,1.778,0.0,0.0,0,0.0,0.0
0,633,12.66,lift,0.01374,0.01319,-0.00386,0.02068,0.0,-24.09,61.84,0.3155,0.0336,-2.386,0.0,0.0,0,0.0,0.0
1,633,12.66,lift,0.02716,0.02609,-0.00753,0.0363,0.0,-15.69,60.88,0.3195,0.0428,-3.848,0.0,0.0,0,0.0,0.0
2,633,12.66,lift,0.014,0.01293,-0.00538,0.02266,0.0,-15.0,72.89,0.3233,0.0537,-1.879,0.0,0.0,0,0.0,0.0
3,633,12.66,lift,0.00374,0.00305,-0.00215,0.03348,0.0,-21.53,48.2,0.308,0.0508,1.775,0.0,0.0,0,0.0,0.0
0,634,12.68,lift,0.01339,0.01283,-0.00383,0.02093,0.0,-23.99,61.87,0.3156,0.0335,-2.383,0.0,0.0,0,0.0,0.0
1,634,12.68,lift,0.02685,0.02576,-0.00757,0.03557,0.0,-15.57,60.94,0.3197,0.0428,-3.816,0.0,0.0,0,0.0,0.0
2,634,12.68,lift,0.0141,0.01354,-0.00395,0.01896,0.0,-13.73,74.15,0.3233,0.0541,-1.914,0.0,0.0,0,0.0,0.0
3,634,12.68,lift,0.00374,0.00308,-0.00212,0.03349,0.0,-21.33,48.25,0.308,0.0508,1.773,0.0,0.0,0,0.0,0.0
0,635,12.7,lift,0.0137,0.01321,-0.00365,0.02053,0.0,-23.79,62.01,0.3157,0.0334,-2.382,0.0,0.0,0,0.0,0.0
1,635,12.7,lift,0.02293,0.02154,-0.00784,0.02953,0.0,-15.48,61.23,0.32,0.0429,-3.861,0.0,0.0,0,0.0,0.0
2,635,12.7,lift,0.01467,0.0142,-0.00368,0.01862,0.0,-12.61,75.68,0.3234,0.0545,-1.879,0.0,0.0,0,0.0,0.0
3,635,12.7,lift,0.00377,0.00314,-0.00208,0.03353,0.0,-21.15,48.28,0.3081,0.0507,1.772,0.0,0.0,0,0.0,0.0
0,636,12.72,lift,0.01396,0.0134,-0.00393,0.02051,0.0,-23.63,62.08,0.3157,0.0333,-2.375,0.0,0.0,0,0.0,0.0
1,636,12.72,lift,0.01947,0.01812,-0.00713,0.02371,0.0,-15.38,61.7,0.3202,0.0431,-3.892,0.0,0.0,0,0.0,0.0
2,636,12.72,lift,0.01028,0.00887,-0.0052,0.02351,0.0,-12.61,75.76,0.3234,0.0548,-1.804,0.0,0.0,0,0.0,0.0
3,636,12.72,lift,0.00378,0.00318,-0.00205,0.03352,0.0,-20.98,48.31,0.3081,0.0507,1.772,0.0,0.0,0,0.0,0.0
0,637,12.74,lift,0.01335,0.01247,-0.00476,0.0217,0.0,-23.67,61.98,0.3158,0.0332,-2.366,0.0,0.0,0,0.0,0.0
1,637,12.74,lift,0.01795,0.01686,-0.00617,0.02297,0.0,-15.28,61.98,0.3205,0.0433,-3.843,0.0,0.0,0,0.0,0.0
2,637,12.74,lift,0.00837,0.00819,-0.00169,0.02289,0.0,-11.52,76.71,0.3235,0.0552,-1.775,0.0,0.0,0,0.0,0.0
3,637,12.74,lift,0.00377,0.00316,-0.00206,0.03347,0.0,-20.8,48.34,0.3081,0.0506,1.771,0.0,0.0,0,0.0,0.0
0,638,12.76,lift,0.01322,0.01254,-0.00419,0.02139,0.0,-23.49,62.12,0.3159,0.0331,-2.366,0.0,0.0,0,0.0,0.0
1,638,12.76,lift,0.018,0.01711,-0.00559,0.02252,0.0,-15.07,62.46,0.3208,0.0436,-3.805,0.0,0.0,0,0.0,0.0
2,638,12.76,lift,0.01176,0.01154,0.00224,0.01826,0.0,-9.63,78.38,0.3236,0.0556,-1.819,0.0,0.0,0,0.0,0.0
3,638,12.76,lift,0.00376,0.00312,-0.00211,0.03342,0.0,-20.62,48.36,0.3082,0.0506,1.769,0.0,0.0,0,0.0,0.0
0,639,12.78,lift,0.01385,0.01334,-0.00371,0.02053,0.0,-23.21,62.34,0.3159,0.033,-2.365,0.0,0.0,0,0.0,0.0
1,639,12.78,lift,0.01868,0.01774,-0.00585,0.02231,0.0,-14.94,63.47,0.321,0.0438,-3.785,0.0,0.0,0,0.0,0.0
2,639,12.78,lift,0.01034,0.0103,0.00097,0.01974,0.0,-9.81,78.14,0.3236,0.0559,-1.802,0.0,0.0,0,0.0,0.0
3,639,12.78,lift,0.00384,0.00316,-0.00217,0.03346,0.0,-20.45,48.39,0.3082,0.0506,1.767,0.0,0.0,0,0.0,0.0
0,640,12.8,lift,0.01409,0.0134,-0.00437,0.02073,0.0,-23.09,62.4,0.316,0.0329,-2.354,0.0,0.0,0,0.0,0.0
1,640,12.8,lift,0.01822,0.01727,-0.00579,0.02189,0.0,-14.97,65.27,0.3213,0.044,-3.769,0.0,0.0,0,0.0,0.0
2,640,12.8,lift,0.009,0.0089,-0.00134,0.02171,0.0,-10.27,77.77,0.3235,0.0561,-1.775,0.0,0.0,0,0.0,0.0
3,640,12.8,lift,0.00402,0.00334,-0.00223,0.03364,0.0,-20.29,48.42,0.3082,0.0505,1.765,0.0,0.0,0,0.0,0.0
0,641,12.82,lift,0.01348,0.01258,-0.00484,0.02153,0.0,-23.06,62.4,0.316,0.0327,-2.341,0.0,0.0,0,0.0,0.0
1,641,12.82,lift,0.01847,0.01798,-0.00421,0.01995,0.0,-14.32,67.65,0.3216,0.0444,-3.746,0.0,0.0,0,0.0,0.0
2,641,12.82,lift,0.00748,0.00747,-0.0002,0.02276,0.0,-10.32,77.87,0.3235,0.0564,-1.757,0.0,0.0,0,0.0,0.0
3,641,12.82,lift,0.00424,0.00359,-0.00226,0.03388,0.0,-20.14,48.46,0.3083,0.0505,1.762,0.0,0.0,0,0.0,0.0
0,642,12.84,lift,0.01286,0.01201,-0.00459,0.02184,0.0,-22.97,62.47,0.3161,0.0326,-2.336,0.0,0.0,0,0.0,0.0
1,642,12.84,lift,0.01777,0.0174,-0.00359,0.01912,0.0,-14.24,69.63,0.3219,0.0448,-3.718,0.0,0.0,0,0.0,0.0
2,642,12.84,lift,0.00641,0.00605,0.0021,0.0238,0.0,-10.03,78.19,0.3235,0.0567,-1.75,0.0,0.0,0,0.0,0.0
3,642,12.84,lift,0.00434,0.00373,-0.00222,0.03394,0.0,-19.95,48.55,0.3083,0.0504,1.76,0.0,0.0,0,0.0,0.0
0,643,12.86,lift,0.01322,0.01247,-0.00441,0.02151,0.0,-22.77,62.64,0.3161,0.0325,-2.337,0.0,0.0,0,0.0,0.0
1,643,12.86,lift,0.01656,0.0161,-0.00387,0.02049,0.0,-14.35,69.9,0.3221,0.0452,-3.663,0.0,0.0,0,0.0,0.0
2,643,12.86,lift,0.00544,0.00462,0.00288,0.02511,0.0,-10.02,78.16,0.3235,0.0569,-1.737,0.0,0.0,0,0.0,0.0
3,643,12.86,lift,0.00442,0.00384,-0.00221,0.03404,0.0,-19.76,48.64,0.3083,0.0504,1.756,0.0,0.0,0,0.0,0.0
0,644,12.88,lift,0.01404,0.01333,-0.00441,0.0209,0.0,-22.53,62.84,0.3162,0.0324,-2.335,0.0,0.0,0,0.0,0.0
1,644,12.88,lift,0.01608,0.01522,-0.00518,0.02383,0.0,-14.27,70.11,0.3224,0.0455,-3.591,0.0,0.0,0,0.0,0.0
2,644,12.88,lift,0.00422,0.00395,0.00147,0.02588,0.0,-10.06,78.03,0.3234,0.057,-1.727,0.0,0.0,0,0.0,0.0
3,644,12.88,lift,0.00444,0.00384,-0.00222,0.0341,0.0,-19.56,48.68,0.3083,0.0504,1.752,0.0,0.0,0,0.0,0.0
0,645,12.9,lift,0.01407,0.01328,-0.00467,0.021,0.0,-22.4,62.92,0.3162,0.0323,-2.322,0.0,0.0,0,0.0,0.0
1,645,12.9,lift,0.01704,0.01554,-0.007,0.02811,0.0,-13.87,70.53,0.3227,0.0459,-3.527,0.0,0.0,0,0.0,0.0
2,645,12.9,lift,0.00502,0.00494,-0.00094,0.02537,0.0,-10.04,77.97,0.3232,0.0569,-1.72,0.0,0.0,0,0.0,0.0
3,645,12.9,lift,0.00451,0.00394,-0.00219,0.0342,0.0,-19.37,48.71,0.3084,0.0503,1.75,0.0,0.0,0,0.0,0.0
0,646,12.92,lift,0.01346,0.01249,-0.00501,0.02166,0.0,-22.36,62.92,0.3163,0.0322,-2.308,0.0,0.0,0,0.0,0.0
1,646,12.92,lift,0.01532,0.01415,-0.00587,0.02506,0.0,-12.81,72.13,0.3229,0.0464,-3.548,0.0,0.0,0,0.0,0.0
2,646,12.92,lift,0.00502,0.00472,-0.00173,0.02581,0.0,-10.08,77.9,0.323,0.0569,-1.716,0.0,0.0,0,0.0,0.0
3,646,12.92,lift,0.00463,0.00411,-0.00212,0.03426,0.0,-19.2,48.74,0.3084,0.0503,1.75,0.0,0.0,0,0.0,0.0
0,647,12.94,lift,0.01297,0.01198,-0.00497,0.02202,0.0,-22.27,62.96,0.3163,0.0321,-2.299,0.0,0.0,0,0.0,0.0
1,647,12.94,lift,0.01479,0.0145,-0.00293,0.02219,0.0,-11.47,73.09,0.3231,0.0471,-3.528,0.0,0.0,0,0.0,0.0
2,647,12.94,lift,0.0023,0.00198,-0.00116,0.02829,0.0,-10.2,77.76,0.3229,0.057,-1.72,0.0,0.0,0,0.0,0.0
3,647,12.94,lift,0.00468,0.0042,-0.00208,0.03425,0.0,-19.02,48.78,0.3084,0.0503,1.749,0.0,0.0,0,0.0,0.0
0,648,12.96,lift,0.01297,0.01205,-0.0048,0.0219,0.0,-22.1,63.07,0.3163,0.032,-2.293,0.0,0.0,0,0.0,0.0
1,648,12.96,lift,0.01027,0.00938,-0.00416,0.02387,0.0,-11.31,73.1,0.3233,0.0477,-3.526,0.0,0.0,0,0.0,0.0
2,648,12.96,lift,0.00124,0.0012,0.00031,0.02886,0.0,-9.94,77.8,0.3228,0.057,-1.72,0.0,0.0,0,0.0,0.0
3,648,12.96,lift,0.0046,0.00409,-0.00211,0.03411,0.0,-18.83,48.81,0.3085,0.0503,1.748,0.0,0.0,0,0.0,0.0
0,649,12.98,hold,0.01321,0.01223,-0.00499,0.02184,0.0,-21.95,63.18,0.3164,0.0319,-2.285,0.0,0.0,0,0.0,0.0
1,649,12.98,hold,0.0095,0.00881,-0.00355,0.02536,0.0,-10.21,73.35,0.3235,0.0484,-3.455,0.0,0.0,0,0.0,0.0
2,649,12.98,hold,0.0014,0.00139,0.00011,0.02861,0.0,-9.7,77.71,0.3226,0.0569,-1.715,0.0,0.0,0,0.0,0.0
3,649,12.98,hold,0.00456,0.004,-0.00218,0.03399,0.0,-18.64,48.83,0.3085,0.0502,1.746,0.0,0.0,0,0.0,0.0
0,650,13.0,hold,0.01454,0.01359,-0.00518,0.02088,0.0,-21.81,63.26,0.3164,0.0318,-2.275,0.0,0.0,0,0.0,0.0
1,650,13.0,hold,0.01139,0.01124,-0.00186,0.02187,0.0,-8.68,73.89,0.3237,0.0491,-3.426,0.0,0.0,0,0.0,0.0
2,650,13.0,hold,0.00417,0.0034,-0.00242,0.02728,0.0,-9.83,77.36,0.3223,0.0566,-1.711,0.0,0.0,0,0.0,0.0
3,650,13.0,hold,0.00352,0.0027,-0.00225,0.03292,0.0,-18.48,48.85,0.3085,0.0502,1.745,0.0,0.0,0,0.0,0.0
0,651,13.02,hold,0.01475,0.01374,-0.00537,0.02084,0.0,-21.86,63.2,0.3165,0.0317,-2.263,0.0,0.0,0,0.0,0.0
1,651,13.02,hold,0.01044,0.01012,-0.00259,0.02173,0.0,-8.07,74.0,0.3239,0.0497,-3.408,0.0,0.0,0,0.0,0.0
2,651,13.02,hold,0.0056,0.00452,-0.00331,0.02682,0.0,-9.91,77.13,0.322,0.0564,-1.704,0.0,0.0,0,0.0,0.0
3,651,13.02,hold,0.00303,0.00204,-0.00224,0.03238,0.0,-18.39,48.85,0.3086,0.0502,1.743,0.0,0.0,0,0.0,0.0
0,652,13.04,hold,0.01441,0.01347,-0.00511,0.02089,0.0,-21.93,63.13,0.3165,0.0316,-2.252,0.0,0.0,0,0.0,0.0
1,652,13.04,hold,0.01033,0.01033,0.00016,0.02095,0.0,-6.94,74.54,0.3241,0.0505,-3.353,0.0,0.0,0,0.0,0.0
2,652,13.04,hold,0.00383,0.00204,-0.00324,0.02918,0.0,-10.21,76.81,0.3217,0.0563,-1.715,0.0,0.0,0,0.0,0.0
3,652,13.04,hold,0.00293,0.00206,-0.00209,0.03242,0.0,-18.38,48.84,0.3086,0.0502,1.739,0.0,0.0,0,0.0,0.0
0,653,13.06,hold,0.01428,0.01343,-0.00484,0.02077,0.0,-21.98,63.09,0.3166,0.0315,-2.243,0.0,0.0,0,0.0,0.0
1,653,13.06,hold,0.01099,0.01084,0.00182,0.02192,0.0,-5.97,75.27,0.3242,0.0513,-3.278,0.0,0.0,0,0.0,0.0
2,653,13.06,hold,0.00209,0.00157,-0.00138,0.02888,0.0,-9.86,77.04,0.3215,0.0561,-1.728,0.0,0.0,0,0.0,0.0
3,653,13.06,hold,0.00302,0.00241,-0.00181,0.03274,0.0,-18.37,48.82,0.3087,0.0502,1.731,0.0,0.0,0,0.0,0.0
0,654,13.08,hold,0.01423,0.01346,-0.00463,0.0206,0.0,-22.02,63.08,0.3166,0.0314,-2.234,0.0,0.0,0,0.0,0.0
1,654,13.08,hold,0.00995,0.00977,0.00191,0.02059,0.0,-5.74,77.58,0.3244,0.052,-3.279,0.0,0.0,0,0.0,0.0
2,654,13.08,hold,0.00379,0.00378,0.00031,0.02665,0.0,-9.39,77.29,0.3211,0.0559,-1.721,0.0,0.0,0,0.0,0.0
3,654,13.08,hold,0.00259,0.00217,-0.00142,0.03241,0.0,-18.26,48.94,0.3087,0.0502,1.725,0.0,0.0,0,0.0,0.0
0,655,13.1,hold,0.01395,0.01323,-0.00442,0.02062,0.0,-22.09,63.04,0.3166,0.0313,-2.223,0.0,0.0,0,0.0,0.0
1,655,13.1,hold,0.01037,0.01018,0.00195,0.01879,0.0,-5.64,81.03,0.3244,0.0527,-3.285,0.0,0.0,0,0.0,0.0
2,655,13.1,hold,0.00518,0.00487,-0.00175,0.02684,0.0,-9.7,77.01,0.3208,0.0555,-1.708,0.0,0.0,0,0.0,0.0
3,655,13.1,hold,0.00234,0.00209,-0.00104,0.0322,0.0,-18.18,48.99,0.3086,0.0501,1.719,0.0,0.0,0,0.0,0.0
0,656,13.12,hold,0.01355,0.0129,-0.00416,0.02072,0.0,-22.19,63.01,0.3166,0.0313,-2.214,0.0,0.0,0,0.0,0.0
1,656,13.12,hold,0.01302,0.0126,0.00331,0.01714,0.0,-5.03,84.03,0.3245,0.0534,-3.275,0.0,0.0,0,0.0,0.0
2,656,13.12,hold,0.00689,0.00631,-0.00278,0.02651,0.0,-9.78,77.03,0.3204,0.0551,-1.706,0.0,0.0,0,0.0,0.0
3,656,13.12,hold,0.00233,0.00225,-0.00063,0.03222,0.0,-18.14,48.98,0.3086,0.0501,1.714,0.0,0.0,0,0.0,0.0
0,657,13.14,hold,0.01338,0.01285,-0.00374,0.02055,0.0,-22.24,63.05,0.3166,0.0312,-2.207,0.0,0.0,0,0.0,0.0
1,657,13.14,hold,0.01278,0.0122,0.00382,0.01868,0.0,-4.93,85.06,0.3245,0.0541,-3.238,0.0,0.0,0,0.0,0.0
2,657,13.14,hold,0.00641,0.0063,-0.00121,0.02637,0.0,-9.83,77.18,0.3201,0.0549,-1.715,0.0,0.0,0,0.0,0.0
3,657,13.14,hold,0.00234,0.00234,-0.00015,0.03224,0.0,-18.12,48.99,0.3086,0.0501,1.711,0.0,0.0,0,0.0,0.0
0,658,13.16,hold,0.01325,0.01281,-0.00337,0.02036,0.0,-22.28,63.08,0.3166,0.0311,-2.198,0.0,0.0,0,0.0,0.0
1,658,13.16,hold,0.00804,0.00766,0.00246,0.02193,0.0,-5.33,84.67,0.3245,0.0547,-3.154,0.0,0.0,0,0.0,0.0
2,658,13.16,hold,0.00635,0.00632,0.0006,0.02628,0.0,-9.85,77.3,0.3197,0.0546,-1.717,0.0,0.0,0,0.0,0.0
3,658,13.16,hold,0.00242,0.0024,0.00027,0.03225,0.0,-18.1,48.99,0.3086,0.0501,1.708,0.0,0.0,0,0.0,0.0
0,659,13.18,hold,0.01288,0.01245,-0.0033,0.02061,0.0,-22.39,63.04,0.3166,0.031,-2.188,0.0,0.0,0,0.0,0.0
1,659,13.18,hold,0.00966,0.00883,0.00392,0.02021,0.0,-4.24,85.75,0.3244,0.0553,-3.124,0.0,0.0,0,0.0,0.0
2,659,13.18,hold,0.00678,0.00677,0.0004,0.02623,0.0,-10.0,77.29,0.3193,0.0542,-1.714,0.0,0.0,0,0.0,0.0
3,659,13.18,hold,0.00249,0.0024,0.00067,0.03217,0.0,-18.06,48.98,0.3085,0.0501,1.705,0.0,0.0,0,0.0,0.0
0,660,13.2,hold,0.0126,0.0122,-0.00313,0.02076,0.0,-22.48,63.02,0.3166,0.031,-2.18,0.0,0.0,0,0.0,0.0
1,660,13.2,hold,0.01151,0.01047,0.00478,0.02025,0.0,-3.8,86.18,0.3244,0.056,-3.159,0.0,0.0,0,0.0,0.0
2,660,13.2,hold,0.0077,0.00766,-0.00079,0.02586,0.0,-10.17,77.28,0.3189,0.0538,-1.712,0.0,0.0,0,0.0,0.0
3,660,13.2,hold,0.00252,0.00231,0.00103,0.03203,0.0,-18.03,48.98,0.3085,0.0501,1.703,0.0,0.0,0,0.0,0.0
0,661,13.22,hold,0.01278,0.01254,-0.00248,0.02018,0.0,-22.45,63.11,0.3165,0.0309,-2.175,0.0,0.0,0,0.0,0.0
1,661,13.22,hold,0.01397,0.01273,0.00576,0.02242,0.0,-3.61,86.36,0.3243,0.0566,-3.199,0.0,0.0,0,0.0,0.0
2,661,13.22,hold,0.00851,0.00851,0.00013,0.02491,0.0,-10.15,77.46,0.3186,0.0535,-1.715,0.0,0.0,0,0.0,0.0
3,661,13.22,hold,0.0026,0.00222,0.00136,0.03194,0.0,-18.01,48.97,0.3084,0.0501,1.702,0.0,0.0,0,0.0,0.0
0,662,13.24,hold,0.01284,0.01264,-0.00223,0.02,0.0,-22.5,63.1,0.3165,0.0308,-2.168,0.0,0.0,0,0.0,0.0
1,662,13.24,hold,0.01018,0.00874,0.00522,0.02452,0.0,-3.71,86.04,0.3243,0.0572,-3.136,0.0,0.0,0,0.0,0.0
2,662,13.24,hold,0.00846,0.00841,0.00093,0.02567,0.0,-10.3,77.4,0.3182,0.0531,-1.711,0.0,0.0,0,0.0,0.0
3,662,13.24,hold,0.00278,0.00223,0.00166,0.03194,0.0,-18.01,48.95,0.3084,0.0501,1.701,0.0,0.0,0,0.0,0.0
0,663,13.26,hold,0.01271,0.01252,-0.00216,0.02009,0.0,-22.58,63.04,0.3164,0.0308,-2.159,0.0,0.0,0,0.0,0.0
1,663,13.26,hold,0.01154,0.00991,0.00591,0.027,0.0,-3.59,86.1,0.3242,0.0578,-3.166,0.0,0.0,0,0.0,0.0
2,663,13.26,hold,0.00895,0.00877,0.0018,0.02558,0.0,-10.33,77.41,0.3179,0.0527,-1.713,0.0,0.0,0,0.0,0.0
3,663,13.26,hold,0.00302,0.00232,0.00193,0.03201,0.0,-18.0,48.93,0.3083,0.0501,1.698,0.0,0.0,0,0.0,0.0
0,664,13.28,hold,0.01234,0.01215,-0.00216,0.02043,0.0,-22.7,62.94,0.3164,0.0307,-2.15,0.0,0.0,0,0.0,0.0
1,664,13.28,hold,0.01018,0.00838,0.00578,0.02708,0.0,-3.18,86.25,0.3241,0.0583,-3.152,0.0,0.0,0,0.0,0.0
2,664,13.28,hold,0.00859,0.00851,0.00116,0.0254,0.0,-10.49,77.33,0.3176,0.0523,-1.724,0.0,0.0,0,0.0,0.0
3,664,13.28,hold,0.00328,0.00246,0.00217,0.03212,0.0,-18.0,48.91,0.3083,0.0501,1.695,0.0,0.0,0,0.0,0.0
0,665,13.3,hold,0.01216,0.01201,-0.00193,0.02047,0.0,-22.77,62.87,0.3163,0.0306,-2.142,0.0,0.0,0,0.0,0.0
1,665,13.3,hold,0.01151,0.01035,0.00504,0.02869,0.0,-3.52,85.92,0.324,0.0588,-3.19,0.0,0.0,0,0.0,0.0
2,665,13.3,hold,0.00863,0.00846,0.00169,0.02448,0.0,-10.5,77.38,0.3173,0.0518,-1.739,0.0,0.0,0,0.0,0.0
3,665,13.3,hold,0.00357,0.00264,0.00241,0.03227,0.0,-18.0,48.88,0.3082,0.0501,1.693,0.0,0.0,0,0.0,0.0
0,666,13.32,hold,0.01204,0.0119,-0.00183,0.02052,0.0,-22.84,62.79,0.3163,0.0305,-2.134,0.0,0.0,0,0.0,0.0
1,666,13.32,hold,0.00998,0.00917,0.00393,0.02985,0.0,-3.89,85.45,0.3238,0.0592,-3.184,0.0,0.0,0,0.0,0.0
2,666,13.32,hold,0.00902,0.00856,0.00284,0.02427,0.0,-10.51,77.38,0.317,0.0515,-1.74,0.0,0.0,0,0.0,0.0
3,666,13.32,hold,0.00387,0.00283,0.00265,0.03243,0.0,-18.0,48.85,0.3081,0.0501,1.691,0.0,0.0,0,0.0,0.0
0,667,13.34,hold,0.01184,0.0117,-0.00185,0.02071,0.0,-22.93,62.69,0.3162,0.0304,-2.125,0.0,0.0,0,0.0,0.0
1,667,13.34,hold,0.01191,0.01141,0.00344,0.03205,0.0,-4.15,85.21,0.3236,0.0596,-3.224,0.0,0.0,0,0.0,0.0
2,667,13.34,hold,0.00834,0.00799,0.00238,0.02551,0.0,-10.81,77.12,0.3168,0.051,-1.739,0.0,0.0,0,0.0,0.0
3,667,13.34,hold,0.00413,0.00296,0.00288,0.03254,0.0,-18.0,48.82,0.3081,0.0501,1.69,0.0,0.0,0,0.0,0.0
0,668,13.36,hold,0.0116,0.01144,-0.00193,0.02106,0.0,-23.04,62.58,0.3162,0.0304,-2.118,0.0,0.0,0,0.0,0.0
1,668,13.36,hold,0.01046,0.00994,0.00325,0.03217,0.0,-3.84,85.3,0.3235,0.0599,-3.219,0.0,0.0,0,0.0,0.0
2,668,13.36,hold,0.0087,0.0082,0.0029,0.02491,0.0,-10.86,77.14,0.3165,0.0506,-1.749,0.0,0.0,0,0.0,0.0
3,668,13.36,hold,0.00429,0.003,0.00306,0.03256,0.0,-18.0,48.79,0.308,0.05,1.69,0.0,0.0,0,0.0,0.0
0,669,13.38,hold,0.01168,0.01154,-0.00178,0.02103,0.0,-23.09,62.53,0.3161,0.0303,-2.112,0.0,0.0,0,0.0,0.0
1,669,13.38,hold,0.01187,0.0113,0.00362,0.03222,0.0,-3.44,85.62,0.3233,0.0602,-3.259,0.0,0.0,0,0.0,0.0
2,669,13.38,hold,0.00968,0.0089,0.00381,0.02371,0.0,-10.79,77.25,0.3163,0.0501,-1.757,0.0,0.0,0,0.0,0.0
3,669,13.38,hold,0.00438,0.00298,0.0032,0.03252,0.0,-17.99,48.76,0.308,0.0501,1.69,0.0,0.0,0,0.0,0.0
0,670,13.4,hold,0.0118,0.01169,-0.00161,0.02087,0.0,-23.12,62.51,0.316,0.0302,-2.105,0.0,0.0,0,0.0,0.0
1,670,13.4,hold,0.01081,0.01034,0.00317,0.03186,0.0,-3.38,85.55,0.323,0.0604,-3.264,0.0,0.0,0,0.0,0.0
2,670,13.4,hold,0.00842,0.0079,0.00292,0.02477,0.0,-11.18,76.95,0.3161,0.0497,-1.76,0.0,0.0,0,0.0,0.0
3,670,13.4,hold,0.00445,0.00305,0.00324,0.03255,0.0,-18.01,48.71,0.3079,0.0501,1.69,0.0,0.0,0,0.0,0.0
0,671,13.42,hold,0.01159,0.01146,-0.00172,0.02111,0.0,-23.22,62.42,0.316,0.0301,-2.095,0.0,0.0,0,0.0,0.0
1,671,13.42,hold,0.011,0.01077,0.00228,0.03275,0.0,-3.78,85.2,0.3228,0.0605,-3.283,0.0,0.0,0,0.0,0.0
2,671,13.42,hold,0.0087,0.008,0.00344,0.0246,0.0,-11.3,76.93,0.3159,0.0492,-1.764,0.0,0.0,0,0.0,0.0
3,671,13.42,hold,0.00458,0.00325,0.00323,0.0327,0.0,-18.04,48.65,0.3078,0.0501,1.689,0.0,0.0,0,0.0,0.0
0,672,13.44,hold,0.01131,0.01114,-0.00191,0.02155,0.0,-23.34,62.32,0.3159,0.03,-2.086,0.0,0.0,0,0.0,0.0
1,672,13.44,hold,0.01197,0.01158,0.003,0.03188,0.0,-3.53,85.39,0.3225,0.0606,-3.32,0.0,0.0,0,0.0,0.0
2,672,13.44,hold,0.00975,0.00895,0.00385,0.02382,0.0,-11.3,76.97,0.3157,0.0488,-1.763,0.0,0.0,0,0.0,0.0
3,672,13.44,hold,0.00474,0.00349,0.00321,0.03289,0.0,-18.07,48.58,0.3078,0.0501,1.689,0.0,0.0,0,0.0,0.0
0,673,13.46,hold,0.01152,0.01139,-0.00168,0.02135,0.0,-23.36,62.32,0.3159,0.0299,-2.08,0.0,0.0,0,0.0,0.0
1,673,13.46,hold,0.01122,0.01065,0.00351,0.031,0.0,-3.48,85.34,0.3221,0.0607,-3.325,0.0,0.0,0,0.0,0.0
2,673,13.46,hold,0.00878,0.00835,0.00272,0.02468,0.0,-11.65,76.71,0.3155,0.0484,-1.766,0.0,0.0,0,0.0,0.0
3,673,13.46,hold,0.00488,0.0037,0.00319,0.03305,0.0,-18.1,48.5,0.3077,0.0501,1.688,0.0,0.0,0,0.0,0.0
0,674,13.48,hold,0.01181,0.0117,-0.00158,0.02116,0.0,-23.39,62.31,0.3158,0.0299,-2.074,0.0,0.0,0,0.0,0.0
1,674,13.48,hold,0.01106,0.01023,0.0042,0.03116,0.0,-4.14,84.76,0.3218,0.0607,-3.332,0.0,0.0,0,0.0,0.0
2,674,13.48,hold,0.0094,0.0086,0.00381,0.02386,0.0,-11.65,76.82,0.3153,0.048,-1.775,0.0,0.0,0,0.0,0.0
3,674,13.48,hold,0.00499,0.00385,0.00317,0.03319,0.0,-18.13,48.42,0.3077,0.0501,1.687,0.0,0.0,0,0.0,0.0
0,675,13.5,hold,0.01176,0.01161,-0.00186,0.02149,0.0,-23.49,62.23,0.3158,0.0298,-2.066,0.0,0.0,0,0.0,0.0
1,675,13.5,hold,0.00907,0.00785,0.00453,0.03061,0.0,-4.77,83.19,0.3214,0.0606,-3.303,0.0,0.0,0,0.0,0.0
2,675,13.5,hold,0.0098,0.00894,0.00401,0.02341,0.0,-11.72,76.81,0.3151,0.0476,-1.777,0.0,0.0,0,0.0,0.0
3,675,13.5,hold,0.00507,0.00397,0.00315,0.03331,0.0,-18.14,48.33,0.3077,0.0501,1.687,0.0,0.0,0,0.0,0.0
0,676,13.52,hold,0.01182,0.01168,-0.00175,0.02144,0.0,-23.53,62.19,0.3157,0.0297,-2.057,0.0,0.0,0,0.0,0.0
1,676,13.52,hold,0.00862,0.00766,0.00397,0.03054,0.0,-5.76,80.97,0.321,0.0605,-3.329,0.0,0.0,0,0.0,0.0
2,676,13.52,hold,0.00859,0.0082,0.00253,0.02447,0.0,-12.2,76.41,0.3149,0.0471,-1.777,0.0,0.0,0,0.0,0.0
3,676,13.52,hold,0.00513,0.00407,0.00313,0.0334,0.0,-18.15,48.25,0.3076,0.0501,1.686,0.0,0.0,0,0.0,0.0
0,677,13.54,hold,0.01181,0.01167,-0.00178,0.0215,0.0,-23.6,62.13,0.3157,0.0296,-2.048,0.0,0.0,0,0.0,0.0
1,677,13.54,hold,0.00618,0.00479,0.0039,0.02835,0.0,-6.36,80.23,0.3206,0.0603,-3.332,0.0,0.0,0,0.0,0.0
2,677,13.54,hold,0.0095,0.00896,0.00317,0.02356,0.0,-12.18,76.5,0.3148,0.0467,-1.781,0.0,0.0,0,0.0,0.0
3,677,13.54,hold,0.00518,0.00413,0.00312,0.03346,0.0,-18.16,48.16,0.3076,0.0502,1.686,0.0,0.0,0,0.0,0.0
0,678,13.56,hold,0.01177,0.0116,-0.00195,0.02173,0.0,-23.69,62.06,0.3156,0.0295,-2.039,0.0,0.0,0,0.0,0.0
1,678,13.56,hold,0.00503,0.00422,0.00274,0.02677,0.0,-7.08,79.24,0.3201,0.0601,-3.352,0.0,0.0,0,0.0,0.0
2,678,13.56,hold,0.00991,0.00928,0.00345,0.02311,0.0,-12.22,76.5,0.3146,0.0464,-1.784,0.0,0.0,0,0.0,0.0
3,678,13.56,hold,0.00518,0.00415,0.00309,0.03347,0.0,-18.17,48.08,0.3075,0.0502,1.687,0.0,0.0,0,0.0,0.0
0,679,13.58,hold,0.01197,0.01183,-0.00182,0.02158,0.0,-23.72,62.03,0.3156,0.0294,-2.032,0.0,0.0,0,0.0,0.0
1,679,13.58,hold,0.0032,0.00305,0.00096,0.02705,0.0,-7.98,77.75,0.3197,0.0598,-3.332,0.0,0.0,0,0.0,0.0
2,679,13.58,hold,0.00805,0.00771,0.0023,0.02437,0.0,-12.64,76.15,0.3145,0.0459,-1.793,0.0,0.0,0,0.0,0.0
3,679,13.58,hold,0.00514,0.00413,0.00306,0.03344,0.0,-18.17,48.0,0.3075,0.0502,1.687,0.0,0.0,0,0.0,0.0
0,680,13.6,hold,0.01208,0.01193,-0.00191,0.02161,0.0,-23.78,61.97,0.3155,0.0294,-2.023,0.0,0.0,0,0.0,0.0
1,680,13.6,hold,0.00256,0.00222,-0.00126,0.02824,0.0,-9.04,74.54,0.3192,0.0595,-3.383,0.0,0.0,0,0.0,0.0
2,680,13.6,hold,0.00921,0.00857,0.00337,0.02333,0.0,-12.56,76.26,0.3143,0.0456,-1.792,0.0,0.0,0,0.0,0.0
3,680,13.6,hold,0.00508,0.00408,0.00303,0.03339,0.0,-18.17,47.92,0.3075,0.0503,1.687,0.0,0.0,0,0.0,0.0
0,681,13.62,hold,0.01206,0.01186,-0.00215,0.02189,0.0,-23.87,61.88,0.3155,0.0293,-2.014,0.0,0.0,0,0.0,0.0
1,681,13.62,hold,0.00511,0.00511,-0.00025,0.02884,0.0,-9.36,70.74,0.3188,0.0592,-3.379,0.0,0.0,0,0.0,0.0
2,681,13.62,hold,0.01011,0.00958,0.00324,0.02247,0.0,-12.55,76.28,0.3142,0.0453,-1.79,0.0,0.0,0,0.0,0.0
3,681,13.62,hold,0.00501,0.00402,0.00299,0.03332,0.0,-18.16,47.84,0.3074,0.0503,1.687,0.0,0.0,0,0.0,0.0
0,682,13.64,hold,0.01221,0.01205,-0.00201,0.02173,0.0,-23.9,61.85,0.3155,0.0292,-2.005,0.0,0.0,0,0.0,0.0
1,682,13.64,hold,0.00401,0.00321,-0.00241,0.03171,0.0,-10.78,67.3,0.3185,0.0589,-3.448,0.0,0.0,0,0.0,0.0
2,682,13.64,hold,0.00978,0.00945,0.00254,0.02275,0.0,-12.93,75.95,0.314,0.0449,-1.791,0.0,0.0,0,0.0,0.0
3,682,13.64,hold,0.00493,0.00395,0.00296,0.03325,0.0,-18.16,47.75,0.3074,0.0503,1.687,0.0,0.0,0,0.0,0.0
0,683,13.66,hold,0.01224,0.01206,-0.00207,0.02175,0.0,-23.97,61.78,0.3154,0.0291,-1.995,0.0,0.0,0,0.0,0.0
1,683,13.66,hold,0.00802,0.00705,-0.00383,0.03363,0.0,-10.84,66.8,0.3182,0.0585,-3.448,0.0,0.0,0,0.0,0.0
2,683,13.66,hold,0.00772,0.00752,0.00171,0.02392,0.0,-13.3,75.63,0.3139,0.0445,-1.807,0.0,0.0,0,0.0,0.0
3,683,13.66,hold,0.00486,0.00388,0.00292,0.03318,0.0,-18.15,47.67,0.3074,0.0504,1.686,0.0,0.0,0,0.0,0.0
0,684,13.68,hold,0.01216,0.01196,-0.0022,0.02195,0.0,-24.05,61.69,0.3154,0.029,-1.984,0.0,0.0,0,0.0,0.0
1,684,13.68,hold,0.00976,0.00933,-0.00286,0.03137,0.0,-9.8,67.47,0.3178,0.0581,-3.473,0.0,0.0,0,0.0,0.0
2,684,13.68,hold,0.00846,0.00794,0.00293,0.02326,0.0,-13.25,75.7,0.3138,0.0443,-1.805,0.0,0.0,0,0.0,0.0
3,684,13.68,hold,0.0048,0.00384,0.00288,0.03315,0.0,-18.15,47.59,0.3074,0.0504,1.686,0.0,0.0,0,0.0,0.0
0,685,13.7,hold,0.0122,0.01201,-0.00215,0.02194,0.0,-24.1,61.62,0.3154,0.029,-1.974,0.0,0.0,0,0.0,0.0
1,685,13.7,hold,0.01309,0.01296,-0.00184,0.02853,0.0,-9.17,68.38,0.3175,0.0578,-3.483,0.0,0.0,0,0.0,0.0
2,685,13.7,hold,0.01002,0.00941,0.00345,0.02165,0.0,-13.07,75.84,0.3136,0.0439,-1.802,0.0,0.0,0,0.0,0.0
3,685,13.7,hold,0.00478,0.00383,0.00285,0.03315,0.0,-18.15,47.51,0.3073,0.0505,1.685,0.0,0.0,0,0.0,0.0
0,686,13.72,hold,0.01212,0.0119,-0.00232,0.02214,0.0,-24.19,61.52,0.3154,0.0289,-1.963,0.0,0.0,0,0.0,0.0
1,686,13.72,hold,0.01775,0.01762,-0.0022,0.0289,0.0,-9.5,67.51,0.3171,0.0573,-3.473,0.0,0.0,0,0.0,0.0
2,686,13.72,hold,0.0106,0.01016,0.003,0.02147,0.0,-13.38,75.51,0.3135,0.0436,-1.793,0.0,0.0,0,0.0,0.0
3,686,13.72,hold,0.00476,0.00382,0.00283,0.03317,0.0,-18.15,47.44,0.3073,0.0505,1.684,0.0,0.0,0,0.0,0.0
0,687,13.74,hold,0.01209,0.01185,-0.00238,0.02223,0.0,-24.26,61.44,0.3154,0.0288,-1.952,0.0,0.0,0,0.0,0.0
1,687,13.74,hold,0.01672,0.01564,-0.00592,0.03165,0.0,-11.09,66.78,0.3169,0.0568,-3.511,0.0,0.0,0,0.0,0.0
2,687,13.74,hold,0.00979,0.00936,0.00286,0.02217,0.0,-14.25,74.65,0.3133,0.0433,-1.797,0.0,0.0,0,0.0,0.0
3,687,13.74,hold,0.00473,0.0038,0.00281,0.03317,0.0,-18.14,47.37,0.3073,0.0506,1.682,0.0,0.0,0,0.0,0.0
0,688,13.76,hold,0.01208,0.01184,-0.00243,0.02232,0.0,-24.33,61.35,0.3154,0.0287,-1.941,0.0,0.0,0,0.0,0.0
1,688,13.76,hold,0.01477,0.01416,-0.00422,0.03331,0.0,-11.51,66.28,0.3168,0.0565,-3.545,0.0,0.0,0,0.0,0.0
2,688,13.76,hold,0.01102,0.01051,0.00332,0.02364,0.0,-14.68,73.51,0.3132,0.043,-1.765,0.0,0.0,0,0.0,0.0
3,688,13.76,hold,0.00469,0.00377,0.00279,0.03315,0.0,-18.14,47.31,0.3073,0.0506,1.681,0.0,0.0,0,0.0,0.0
0,689,13.78,hold,0.01209,0.01184,-0.00244,0.02236,0.0,-24.39,61.27,0.3154,0.0286,-1.93,0.0,0.0,0,0.0,0.0
1,689,13.78,hold,0.01485,0.01482,-0.00088,0.03391,0.0,-11.25,65.81,0.3167,0.0563,-3.554,0.0,0.0,0,0.0,0.0
2,689,13.78,hold,0.0108,0.01066,0.00177,0.02819,0.0,-15.95,71.49,0.3132,0.0427,-1.733,0.0,0.0,0,0.0,0.0
3,689,13.78,hold,0.00466,0.00373,0.00278,0.03312,0.0,-18.13,47.24,0.3072,0.0507,1.68,0.0,0.0,0,0.0,0.0
0,690,13.8,hold,0.01189,0.01158,-0.0027,0.02271,0.0,-24.5,61.15,0.3154,0.0286,-1.918,0.0,0.0,0,0.0,0.0
1,690,13.8,hold,0.01522,0.01522,0.00037,0.03439,0.0,-11.12,65.34,0.3168,0.0559,-3.56,0.0,0.0,0,0.0,0.0
2,690,13.8,hold,0.01391,0.01385,0.00132,0.03105,0.0,-15.95,70.19,0.3133,0.0424,-1.694,0.0,0.0,0,0.0,0.0
3,690,13.8,hold,0.00462,0.0037,0.00277,0.03309,0.0,-18.13,47.18,0.3072,0.0507,1.678,0.0,0.0,0,0.0,0.0
0,691,13.82,hold,0.01191,0.01161,-0.00267,0.02267,0.0,-24.55,61.08,0.3155,0.0285,-1.906,0.0,0.0,0,0.0,0.0
1,691,13.82,hold,0.0152,0.01518,0.00064,0.03329,0.0,-11.11,65.2,0.3168,0.0555,-3.572,0.0,0.0,0,0.0,0.0
2,691,13.82,hold,0.01568,0.01567,-0.00037,0.03393,0.0,-16.33,69.85,0.3134,0.042,-1.672,0.0,0.0,0,0.0,0.0
3,691,13.82,hold,0.00457,0.00365,0.00275,0.03305,0.0,-18.12,47.12,0.3072,0.0508,1.676,0.0,0.0,0,0.0,0.0
0,692,13.84,hold,0.0119,0.01156,-0.00286,0.02287,0.0,-24.64,60.98,0.3155,0.0284,-1.896,0.0,0.0,0,0.0,0.0
1,692,13.84,hold,0.01629,0.01625,0.00106,0.03034,0.0,-11.09,65.17,0.3168,0.0551,-3.576,0.0,0.0,0,0.0,0.0
2,692,13.84,hold,0.01783,0.01783,0.00023,0.03442,0.0,-16.41,70.3,0.3135,0.0418,-1.648,0.0,0.0,0,0.0,0.0
3,692,13.84,hold,0.00452,0.0036,0.00273,0.03301,0.0,-18.12,47.07,0.3072,0.0509,1.674,0.0,0.0,0,0.0,0.0
0,693,13.86,hold,0.01202,0.01168,-0.00284,0.02281,0.0,-24.69,60.92,0.3155,0.0284,-1.885,0.0,0.0,0,0.0,0.0
1,693,13.86,hold,0.01595,0.01575,-0.00254,0.03002,0.0,-12.37,64.59,0.3169,0.0546,-3.565,0.0,0.0,0,0.0,0.0
2,693,13.86,hold,0.02038,0.02035,0.00111,0.03412,0.0,-16.28,71.0,0.3136,0.0416,-1.607,0.0,0.0,0,0.0,0.0
3,693,13.86,hold,0.00448,0.00358,0.0027,0.03299,0.0,-18.11,47.01,0.3072,0.0509,1.672,0.0,0.0,0,0.0,0.0
0,694,13.88,hold,0.01199,0.01157,-0.00313,0.02313,0.0,-24.79,60.8,0.3155,0.0283,-1.874,0.0,0.0,0,0.0,0.0
1,694,13.88,hold,0.01881,0.01825,-0.00456,0.02955,0.0,-12.9,64.3,0.3169,0.0543,-3.531,0.0,0.0,0,0.0,0.0
2,694,13.88,hold,0.0169,0.0169,-0.00021,0.03179,0.0,-17.04,71.14,0.3138,0.0413,-1.624,0.0,0.0,0,0.0,0.0
3,694,13.88,hold,0.00447,0.00358,0.00269,0.033,0.0,-18.11,46.96,0.3071,0.051,1.669,0.0,0.0,0,0.0,0.0
0,695,13.9,hold,0.01211,0.01172,-0.00305,0.023,0.0,-24.83,60.75,0.3155,0.0282,-1.863,0.0,0.0,0,0.0,0.0
1,695,13.9,hold,0.01814,0.01749,-0.00481,0.03161,0.0,-14.17,63.62,0.3171,0.0541,-3.494,0.0,0.0,0,0.0,0.0
2,695,13.9,hold,0.00962,0.00936,-0.00221,0.02749,0.0,-17.44,71.39,0.3139,0.0411,-1.662,0.0,0.0,0,0.0,0.0
3,695,13.9,hold,0.00443,0.00354,0.00267,0.03295,0.0,-18.11,46.92,0.3071,0.051,1.668,0.0,0.0,0,0.0,0.0
0,696,13.92,hold,0.01208,0.01163,-0.00329,0.02324,0.0,-24.93,60.64,0.3156,0.0282,-1.851,0.0,0.0,0,0.0,0.0
1,696,13.92,hold,0.01893,0.01884,-0.00184,0.03426,0.0,-14.53,62.88,0.3174,0.0539,-3.431,0.0,0.0,0,0.0,0.0
2,696,13.92,hold,0.00855,0.00823,-0.00232,0.02332,0.0,-17.42,71.71,0.314,0.041,-1.683,0.0,0.0,0,0.0,0.0
3,696,13.92,hold,0.00441,0.00355,0.00263,0.03298,0.0,-18.1,46.88,0.3071,0.0511,1.665,0.0,0.0,0,0.0,0.0
0,697,13.94,hold,0.01218,0.01173,-0.00328,0.0232,0.0,-24.98,60.58,0.3156,0.0281,-1.84,0.0,0.0,0,0.0,0.0
1,697,13.94,hold,0.01574,0.01573,-0.00051,0.03277,0.0,-14.7,62.21,0.3176,0.0537,-3.442,0.0,0.0,0,0.0,0.0
2,697,13.94,hold,0.01384,0.01343,-0.00337,0.02338,0.0,-17.64,71.57,0.3141,0.0409,-1.694,0.0,0.0,0,0.0,0.0
3,697,13.94,hold,0.00439,0.00354,0.0026,0.03299,0.0,-18.1,46.85,0.3071,0.0512,1.663,0.0,0.0,0,0.0,0.0
0,698,13.96,hold,0.01225,0.01177,-0.00338,0.0233,0.0,-25.04,60.49,0.3156,0.0281,-1.829,0.0,0.0,0,0.0,0.0
1,698,13.96,hold,0.01043,0.01041,0.00067,0.02479,0.0,-14.48,61.58,0.3179,0.0535,-3.502,0.0,0.0,0,0.0,0.0
2,698,13.96,hold,0.01784,0.01753,-0.0033,0.02219,0.0,-17.29,71.4,0.3142,0.0408,-1.681,0.0,0.0,0,0.0,0.0
3,698,13.96,hold,0.00439,0.00356,0.00256,0.03302,0.0,-18.1,46.82,0.3071,0.0512,1.661,0.0,0.0,0,0.0,0.0
0,699,13.98,hold,0.01228,0.01179,-0.00345,0.02339,0.0,-25.11,60.4,0.3156,0.028,-1.817,0.0,0.0,0,0.0,0.0
1,699,13.98,hold,0.01326,0.01326,0.00026,0.01679,0.0,-14.32,59.66,0.3181,0.0532,-3.538,0.0,0.0,0,0.0,0.0
2,699,13.98,hold,0.01664,0.01659,-0.00136,0.01647,0.0,-17.03,69.31,0.3143,0.0407,-1.614,0.0,0.0,0,0.0,0.0
3,699,13.98,hold,0.00445,0.00368,0.00251,0.03316,0.0,-18.11,46.77,0.307,0.0513,1.657,0.0,0.0,0,0.0,0.0
0,700,14.0,hold,0.01228,0.01177,-0.00352,0.02348,0.0,-25.18,60.31,0.3156,0.028,-1.805,0.0,0.0,0,0.0,0.0
1,700,14.0,hold,0.01753,0.01709,-0.00388,0.01683,0.0,-15.61,59.11,0.3183,0.0529,-3.534,0.0,0.0,0,0.0,0.0
2,700,14.0,hold,0.01254,0.01246,-0.00143,0.01993,0.0,-18.07,65.95,0.3146,0.0406,-1.546,0.0,0.0,0,0.0,0.0
3,700,14.0,hold,0.00445,0.00368,0.00251,0.03315,0.0,-18.09,46.74,0.307,0.0514,1.654,0.0,0.0,0,0.0,0.0
0,701,14.02,hold,0.01224,0.01171,-0.00357,0.02356,0.0,-25.24,60.22,0.3157,0.0279,-1.792,0.0,0.0,0,0.0,0.0
1,701,14.02,hold,0.02268,0.02212,-0.00504,0.01544,0.0,-15.58,59.25,0.3184,0.0526,-3.539,0.0,0.0,0,0.0,0.0
2,701,14.02,hold,0.01354,0.01333,-0.00239,0.0286,0.0,-19.65,65.16,0.315,0.0404,-1.487,0.0,0.0,0,0.0,0.0
3,701,14.02,hold,0.00443,0.00363,0.00254,0.03307,0.0,-18.08,46.69,0.307,0.0514,1.653,0.0,0.0,0,0.0,0.0
0,702,14.04,hold,0.01218,0.01162,-0.00363,0.02366,0.0,-25.31,60.11,0.3157,0.0279,-1.779,0.0,0.0,0,0.0,0.0
1,702,14.04,hold,0.02062,0.02053,-0.00197,0.0124,0.0,-15.25,59.41,0.3186,0.0524,-3.473,0.0,0.0,0,0.0,0.0
2,702,14.04,hold,0.02009,0.01984,-0.00313,0.03489,0.0,-20.36,64.63,0.3153,0.0401,-1.41,0.0,0.0,0,0.0,0.0
3,702,14.04,hold,0.00439,0.00356,0.00256,0.03296,0.0,-18.07,46.62,0.307,0.0515,1.652,0.0,0.0,0,0.0,0.0
0,703,14.06,hold,0.01212,0.01152,-0.00374,0.02383,0.0,-25.39,60.0,0.3157,0.0278,-1.766,0.0,0.0,0,0.0,0.0
1,703,14.06,hold,0.01453,0.01446,0.00136,0.01614,0.0,-15.86,59.17,0.3189,0.0522,-3.365,0.0,0.0,0,0.0,0.0
2,703,14.06,hold,0.02236,0.02151,-0.00609,0.0369,0.0,-20.79,64.88,0.3157,0.0398,-1.383,0.0,0.0,0,0.0,0.0
3,703,14.06,hold,0.00431,0.00346,0.00256,0.03281,0.0,-18.06,46.54,0.307,0.0516,1.65,0.0,0.0,0,0.0,0.0
0,704,14.08,hold,0.01212,0.01152,-0.00376,0.02386,0.0,-25.45,59.91,0.3157,0.0278,-1.754,0.0,0.0,0,0.0,0.0
1,704,14.08,hold,0.01155,0.01133,0.00226,0.02481,0.0,-17.13,58.76,0.3192,0.0519,-3.284,0.0,0.0,0,0.0,0.0
2,704,14.08,hold,0.01895,0.0178,-0.00648,0.03078,0.0,-20.67,66.26,0.316,0.0396,-1.427,0.0,0.0,0,0.0,0.0
3,704,14.08,hold,0.00423,0.00339,0.00254,0.03269,0.0,-18.06,46.46,0.307,0.0516,1.649,0.0,0.0,0,0.0,0.0
0,705,14.1,hold,0.01208,0.01146,-0.00383,0.02396,0.0,-25.52,59.81,0.3158,0.0278,-1.741,0.0,0.0,0,0.0,0.0
1,705,14.1,hold,0.0134,0.01324,0.00205,0.0289,0.0,-17.62,58.9,0.3195,0.0516,-3.274,0.0,0.0,0,0.0,0.0
2,705,14.1,hold,0.0164,0.01484,-0.00697,0.02536,0.0,-20.76,66.54,0.3163,0.0395,-1.452,0.0,0.0,0,0.0,0.0
3,705,14.1,hold,0.00421,0.00339,0.0025,0.03266,0.0,-18.07,46.39,0.3069,0.0517,1.647,0.0,0.0,0,0.0,0.0
0,706,14.12,hold,0.01202,0.01137,-0.00392,0.0241,0.0,-25.6,59.7,0.3158,0.0277,-1.729,0.0,0.0,0,0.0,0.0
1,706,14.12,hold,0.01028,0.01025,-0.00079,0.02686,0.0,-18.35,59.03,0.3197,0.0513,-3.331,0.0,0.0,0,0.0,0.0
2,706,14.12,hold,0.01595,0.01288,-0.0094,0.02495,0.0,-21.12,66.56,0.3166,0.0394,-1.469,0.0,0.0,0,0.0,0.0
3,706,14.12,hold,0.00424,0.00345,0.00246,0.03274,0.0,-18.08,46.32,0.3069,0.0518,1.643,0.0,0.0,0,0.0,0.0
0,707,14.14,hold,0.01199,0.01131,-0.00397,0.02418,0.0,-25.67,59.61,0.3158,0.0277,-1.716,0.0,0.0,0,0.0,0.0
1,707,14.14,hold,0.01094,0.01041,-0.00339,0.022,0.0,-18.54,59.51,0.3198,0.051,-3.367,0.0,0.0,0,0.0,0.0
2,707,14.14,hold,0.01745,0.01538,-0.00826,0.02259,0.0,-20.51,67.17,0.3169,0.0394,-1.449,0.0,0.0,0,0.0,0.0
3,707,14.14,hold,0.00427,0.00351,0.00243,0.03281,0.0,-18.08,46.27,0.3069,0.0518,1.64,0.0,0.0,0,0.0,0.0
0,708,14.16,hold,0.01199,0.0113,-0.00399,0.02419,0.0,-25.72,59.52,0.3158,0.0276,-1.703,0.0,0.0,0,0.0,0.0
1,708,14.16,hold,0.01547,0.015,-0.00376,0.02006,0.0,-18.71,60.0,0.3199,0.0509,-3.38,0.0,0.0,0,0.0,0.0
2,708,14.16,hold,0.01749,0.01581,-0.00748,0.02148,0.0,-20.26,67.24,0.3172,0.0394,-1.362,0.0,0.0,0,0.0,0.0
3,708,14.16,hold,0.00429,0.00357,0.00238,0.03291,0.0,-18.08,46.24,0.3069,0.0519,1.637,0.0,0.0,0,0.0,0.0
0,709,14.18,hold,0.01194,0.0112,-0.00413,0.02439,0.0,-25.8,59.4,0.3159,0.0276,-1.691,0.0,0.0,0,0.0,0.0
1,709,14.18,hold,0.02263,0.0225,-0.00235,0.0222,0.0,-18.75,60.18,0.32,0.0509,-3.401,0.0,0.0,0,0.0,0.0
2,709,14.18,hold,0.01832,0.0163,-0.00838,0.02505,0.0,-20.44,66.99,0.3175,0.0393,-1.29,0.0,0.0,0,0.0,0.0
3,709,14.18,hold,0.00431,0.0036,0.00237,0.03298,0.0,-18.07,46.22,0.3069,0.052,1.633,0.0,0.0,0,0.0,0.0
0,710,14.2,hold,0.01195,0.01123,-0.0041,0.02438,0.0,-25.86,59.32,0.3159,0.0276,-1.679,0.0,0.0,0,0.0,0.0
1,710,14.2,hold,0.02653,0.02653,0.00025,0.02233,0.0,-18.22,60.19,0.3199,0.0508,-3.365,0.0,0.0,0,0.0,0.0
2,710,14.2,hold,0.02058,0.01912,-0.00761,0.02819,0.0,-20.59,67.03,0.3178,0.0393,-1.249,0.0,0.0,0,0.0,0.0
3,710,14.2,hold,0.00432,0.00359,0.00241,0.03294,0.0,-18.05,46.2,0.3069,0.052,1.631,0.0,0.0,0,0.0,0.0
0,711,14.22,hold,0.01202,0.01127,-0.00419,0.02446,0.0,-25.92,59.23,0.3159,0.0275,-1.667,0.0,0.0,0,0.0,0.0
1,711,14.22,hold,0.02122,0.02122,0.00021,0.02152,0.0,-18.78,59.63,0.3199,0.0505,-3.253,0.0,0.0,0,0.0,0.0
2,711,14.22,hold,0.02133,0.01995,-0.00756,0.02798,0.0,-20.65,67.3,0.3182,0.0392,-1.259,0.0,0.0,0,0.0,0.0
3,711,14.22,hold,0.00435,0.00357,0.00248,0.0329,0.0,-18.03,46.15,0.3069,0.0521,1.63,0.0,0.0,0,0.0,0.0
0,712,14.24,hold,0.01213,0.01135,-0.00427,0.02454,0.0,-25.99,59.14,0.3159,0.0275,-1.655,0.0,0.0,0,0.0,0.0
1,712,14.24,hold,0.01418,0.01415,-0.00089,0.02147,0.0,-19.29,59.03,0.3198,0.0501,-3.144,0.0,0.0,0,0.0,0.0
2,712,14.24,hold,0.01937,0.01661,-0.00997,0.02619,0.0,-20.97,67.41,0.3185,0.0391,-1.314,0.0,0.0,0,0.0,0.0
3,712,14.24,hold,0.00432,0.0035,0.00253,0.0328,0.0,-18.02,46.1,0.3069,0.0521,1.629,0.0,0.0,0,0.0,0.0
0,713,14.26,hold,0.01227,0.0115,-0.00429,0.02453,0.0,-26.04,59.06,0.316,0.0275,-1.644,0.0,0.0,0,0.0,0.0
1,713,14.26,hold,0.00952,0.00937,-0.00164,0.02179,0.0,-19.36,58.81,0.3196,0.0497,-3.044,0.0,0.0,0,0.0,0.0
2,713,14.26,hold,0.01936,0.01654,-0.01007,0.02364,0.0,-20.96,67.7,0.3188,0.0391,-1.341,0.0,0.0,0,0.0,0.0
3,713,14.26,hold,0.00424,0.00339,0.00254,0.03265,0.0,-18.01,46.04,0.3068,0.0522,1.629,0.0,0.0,0,0.0,0.0
0,714,14.28,hold,0.01243,0.01166,-0.0043,0.0245,0.0,-26.1,58.98,0.316,0.0275,-1.631,0.0,0.0,0,0.0,0.0
1,714,14.28,hold,0.00707,0.00645,-0.0029,0.02591,0.0,-20.05,58.21,0.3194,0.0492,-2.943,0.0,0.0,0,0.0,0.0
2,714,14.28,hold,0.01977,0.01768,-0.00884,0.02203,0.0,-20.77,67.91,0.319,0.0392,-1.281,0.0,0.0,0,0.0,0.0
3,714,14.28,hold,0.00415,0.00329,0.00253,0.03251,0.0,-18.0,45.98,0.3068,0.0523,1.628,0.0,0.0,0,0.0,0.0
0,715,14.3,hold,0.01256,0.01176,-0.00441,0.02462,0.0,-26.17,58.88,0.316,0.0274,-1.618,0.0,0.0,0,0.0,0.0
1,715,14.3,hold,0.01014,0.00989,-0.00226,0.02977,0.0,-20.08,57.93,0.3193,0.0488,-2.866,0.0,0.0,0,0.0,0.0
2,715,14.3,hold,0.01967,0.01697,-0.00996,0.02525,0.0,-21.2,67.46,0.3193,0.0392,-1.196,0.0,0.0,0,0.0,0.0
3,715,14.3,hold,0.00411,0.00325,0.00251,0.03245,0.0,-18.0,45.93,0.3068,0.0523,1.626,0.0,0.0,0,0.0,0.0
0,716,14.32,hold,0.01268,0.01191,-0.00436,0.02451,0.0,-26.22,58.81,0.316,0.0274,-1.603,0.0,0.0,0,0.0,0.0
1,716,14.32,hold,0.01685,0.01669,-0.00233,0.03495,0.0,-19.97,57.38,0.3191,0.0484,-2.8,0.0,0.0,0,0.0,0.0
2,716,14.32,hold,0.02092,0.01851,-0.00974,0.02709,0.0,-21.36,67.44,0.3196,0.0392,-1.156,0.0,0.0,0,0.0,0.0
3,716,14.32,hold,0.00412,0.00329,0.00248,0.03251,0.0,-18.0,45.88,0.3068,0.0524,1.624,0.0,0.0,0,0.0,0.0
0,717,14.34,hold,0.01275,0.01192,-0.00453,0.02466,0.0,-26.31,58.69,0.316,0.0274,-1.587,0.0,0.0,0,0.0,0.0
1,717,14.34,hold,0.0249,0.0244,-0.00499,0.04246,0.0,-20.3,56.59,0.3189,0.0479,-2.704,0.0,0.0,0,0.0,0.0
2,717,14.34,hold,0.02118,0.01888,-0.0096,0.02541,0.0,-21.32,67.72,0.3199,0.0393,-1.183,0.0,0.0,0,0.0,0.0
3,717,14.34,hold,0.00419,0.00338,0.00247,0.03265,0.0,-18.01,45.84,0.3068,0.0524,1.621,0.0,0.0,0,0.0,0.0
0,718,14.36,hold,0.0128,0.012,-0.00447,0.02452,0.0,-26.36,58.6,0.316,0.0274,-1.569,0.0,0.0,0,0.0,0.0
1,718,14.36,hold,0.0256,0.02455,-0.00727,0.04224,0.0,-20.29,56.32,0.3187,0.0474,-2.705,0.0,0.0,0,0.0,0.0
2,718,14.36,hold,0.02129,0.01807,-0.01125,0.02433,0.0,-21.42,67.85,0.3203,0.0393,-1.231,0.0,0.0,0,0.0,0.0
3,718,14.36,hold,0.00421,0.00341,0.00247,0.03272,0.0,-18.01,45.83,0.3068,0.0525,1.619,0.0,0.0,0,0.0,0.0
0,719,14.38,hold,0.01282,0.01193,-0.00468,0.02474,0.0,-26.47,58.47,0.316,0.0274,-1.551,0.0,0.0,0,0.0,0.0
1,719,14.38,hold,0.02173,0.02083,-0.00618,0.03608,0.0,-19.8,56.96,0.3185,0.0471,-2.762,0.0,0.0,0,0.0,0.0
2,719,14.38,hold,0.02255,0.01967,-0.01103,0.02332,0.0,-21.33,68.03,0.3205,0.0394,-1.23,0.0,0.0,0,0.0,0.0
3,719,14.38,hold,0.0042,0.00341,0.00245,0.03274,0.0,-18.0,45.84,0.3068,0.0526,1.618,0.0,0.0,0,0.0,0.0
0,720,14.4,hold,0.01287,0.01205,-0.00452,0.02446,0.0,-26.51,58.39,0.3161,0.0274,-1.531,0.0,0.0,0,0.0,0.0
1,720,14.4,hold,0.01738,0.01656,-0.00527,0.02968,0.0,-19.63,57.61,0.3183,0.047,-2.806,0.0,0.0,0,0.0,0.0
2,720,14.4,hold,0.02211,0.01947,-0.01048,0.0227,0.0,-21.3,68.02,0.3208,0.0395,-1.151,0.0,0.0,0,0.0,0.0
3,720,14.4,hold,0.00422,0.00346,0.00242,0.03285,0.0,-18.0,45.82,0.3067,0.0526,1.615,0.0,0.0,0,0.0,0.0
0,721,14.42,hold,0.01291,0.012,-0.00479,0.0247,0.0,-26.63,58.24,0.3161,0.0274,-1.511,0.0,0.0,0,0.0,0.0
1,721,14.42,hold,0.01535,0.01431,-0.00557,0.02353,0.0,-19.6,58.37,0.3182,0.0468,-2.835,0.0,0.0,0,0.0,0.0
2,721,14.42,hold,0.02102,0.01748,-0.01167,0.02559,0.0,-21.9,67.49,0.321,0.0396,-1.085,0.0,0.0,0,0.0,0.0
3,721,14.42,hold,0.00426,0.0035,0.00243,0.03289,0.0,-17.99,45.81,0.3067,0.0527,1.614,0.0,0.0,0,0.0,0.0
0,722,14.44,hold,0.01301,0.01217,-0.00462,0.02443,0.0,-26.67,58.16,0.3161,0.0274,-1.489,0.0,0.0,0,0.0,0.0
1,722,14.44,hold,0.01711,0.0158,-0.00657,0.02324,0.0,-19.53,58.76,0.3181,0.0466,-2.763,0.0,0.0,0,0.0,0.0
2,722,14.44,hold,0.0207,0.0173,-0.01136,0.02683,0.0,-22.23,67.34,0.3212,0.0398,-1.059,0.0,0.0,0,0.0,0.0
3,722,14.44,hold,0.00427,0.00347,0.00248,0.0328,0.0,-17.97,45.8,0.3067,0.0527,1.614,0.0,0.0,0,0.0,0.0
0,723,14.46,hold,0.01318,0.01231,-0.0047,0.02449,0.0,-26.76,58.03,0.3161,0.0274,-1.464,0.0,0.0,0,0.0,0.0
1,723,14.46,hold,0.01892,0.01754,-0.00711,0.02748,0.0,-19.89,58.67,0.318,0.0465,-2.671,0.0,0.0,0,0.0,0.0
2,723,14.46,hold,0.02076,0.01804,-0.01027,0.02442,0.0,-22.08,67.75,0.3215,0.0399,-1.09,0.0,0.0,0,0.0,0.0
3,723,14.46,hold,0.00424,0.0034,0.00252,0.03268,0.0,-17.96,45.76,0.3067,0.0528,1.613,0.0,0.0,0,0.0,0.0
0,724,14.48,done,0.01333,0.01246,-0.00473,0.02454,0.0,-26.86,57.9,0.3161,0.0274,-1.439,0.0,0.0,0,0.0,0.0
1,724,14.48,done,0.02047,0.01893,-0.00779,0.03358,0.0,-20.43,58.45,0.3181,0.0463,-2.624,0.0,0.0,0,0.0,0.0
2,724,14.48,done,0.02187,0.01924,-0.01041,0.02317,0.0,-21.96,67.95,0.3216,0.0401,-1.123,0.0,0.0,0,0.0,0.0
3,724,14.48,done,0.00415,0.00328,0.00253,0.03252,0.0,-17.95,45.72,0.3067,0.0529,1.613,0.0,0.0,0,0.0,0.0
0,725,14.5,done,0.01349,0.01266,-0.00465,0.02443,0.0,-26.93,57.77,0.3161,0.0274,-1.411,0.0,0.0,0,0.0,0.0
1,725,14.5,done,0.02498,0.02392,-0.00721,0.03998,0.0,-20.68,58.41,0.3182,0.0462,-2.573,0.0,0.0,0,0.0,0.0
2,725,14.5,done,0.02219,0.01935,-0.01086,0.02364,0.0,-22.04,67.89,0.3218,0.0403,-1.089,0.0,0.0,0,0.0,0.0
3,725,14.5,done,0.00407,0.0032,0.00252,0.03238,0.0,-17.94,45.67,0.3067,0.0529,1.612,0.0,0.0,0,0.0,0.0
0,726,14.52,done,0.01361,0.01273,-0.00482,0.02466,0.0,-27.05,57.6,0.3161,0.0274,-1.382,0.0,0.0,0,0.0,0.0
1,726,14.52,done,0.02862,0.0278,-0.0068,0.043,0.0,-20.56,58.39,0.3183,0.0461,-2.555,0.0,0.0,0,0.0,0.0
2,726,14.52,done,0.02083,0.01823,-0.01008,0.02336,0.0,-22.17,67.74,0.322,0.0406,-1.02,0.0,0.0,0,0.0,0.0
3,726,14.52,done,0.00406,0.0032,0.0025,0.03235,0.0,-17.94,45.63,0.3067,0.053,1.611,0.0,0.0,0,0.0,0.0
