t,state,q_cmd_0,q_cmd_1,q_cmd_2,q_cmd_3,q_cmd_4,q_cmd_5,q_fb_0,q_fb_1,q_fb_2,q_fb_3,q_fb_4,q_fb_5,q_true_0,q_true_1,q_true_2,q_true_3,q_true_4,q_true_5,gripper_cmd_m,finger_1_m,finger_2_m,finger_1_target_m,finger_2_target_m,cup_x_b,cup_y_b,cup_top_z_b,cup_tilt_deg,jaw_x_b,jaw_y_b,jaw_z_b,base_height_m
0.020,settle,nan,nan,nan,nan,nan,nan,0.00000,0.00439,0.00389,-0.00035,0.00042,-0.00000,0.00000,0.00439,0.00389,-0.00035,0.00042,-0.00000,0.0000,0.0000,-0.0000,0.0000,-0.0000,0.4384,0.0300,-0.0348,0.00,0.3870,-0.0013,0.4966,0.0844
0.040,settle,nan,nan,nan,nan,nan,nan,0.00000,0.00439,0.00389,-0.00035,0.00042,-0.00000,0.00000,0.00439,0.00389,-0.00035,0.00042,-0.00000,0.0000,0.0000,-0.0000,0.0000,-0.0000,0.4384,0.0300,-0.0348,0.00,0.3870,-0.0013,0.4966,0.0844
0.060,settle,nan,nan,nan,nan,nan,nan,0.00000,0.00439,0.00389,-0.00035,0.00042,-0.00000,0.00000,0.00439,0.00389,-0.00035,0.00042,-0.00000,0.0000,0.0000,-0.0000,0.0000,-0.0000,0.4384,0.0300,-0.0348,0.00,0.3870,-0.0013,0.4966,0.0844
0.080,settle,nan,nan,nan,nan,nan,nan,0.00000,0.00439,0.00389,-0.00035,0.00042,-0.00000,0.00000,0.00439,0.00389,-0.00035,0.00042,-0.00000,0.0000,0.0000,-0.0000,0.0000,-0.0000,0.4384,0.0300,-0.0348,0.00,0.3870,-0.0013,0.4966,0.0844
0.100,settle,nan,nan,nan,nan,nan,nan,0.00000,0.00439,0.00389,-0.00035,0.00042,-0.00000,0.00000,0.00439,0.00389,-0.00035,0.00042,-0.00000,0.0000,0.0000,-0.0000,0.0000,-0.0000,0.4384,0.0300,-0.0348,0.00,0.3870,-0.0013,0.4966,0.0844
0.120,settle,nan,nan,nan,nan,nan,nan,0.00000,0.00439,0.00389,-0.00035,0.00042,-0.00000,0.00000,0.00439,0.00389,-0.00035,0.00042,-0.00000,0.0000,0.0000,-0.0000,0.0000,-0.0000,0.4384,0.0300,-0.0348,0.00,0.3870,-0.0013,0.4966,0.0844
0.140,settle,nan,nan,nan,nan,nan,nan,0.00000,0.00439,0.00389,-0.00035,0.00042,-0.00000,0.00000,0.00439,0.00389,-0.00035,0.00042,-0.00000,0.0000,0.0000,-0.0000,0.0000,-0.0000,0.4384,0.0300,-0.0348,0.00,0.3870,-0.0013,0.4966,0.0844
0.160,settle,nan,nan,nan,nan,nan,nan,0.00000,0.00439,0.00389,-0.00035,0.00042,-0.00000,0.00000,0.00439,0.00389,-0.00035,0.00042,-0.00000,0.0000,0.0000,-0.0000,0.0000,-0.0000,0.4384,0.0300,-0.0348,0.00,0.3870,-0.0013,0.4966,0.0844
0.180,settle,nan,nan,nan,nan,nan,nan,0.00000,0.00439,0.00389,-0.00035,0.00042,-0.00000,0.00000,0.00439,0.00389,-0.00035,0.00042,-0.00000,0.0000,0.0000,-0.0000,0.0000,-0.0000,0.4384,0.0300,-0.0348,0.00,0.3870,-0.0013,0.4966,0.0844
0.200,settle,nan,nan,nan,nan,nan,nan,0.00000,0.00439,0.00389,-0.00035,0.00042,-0.00000,0.00000,0.00439,0.00389,-0.00035,0.00042,-0.00000,0.0000,0.0000,-0.0000,0.0000,-0.0000,0.4384,0.0300,-0.0348,0.00,0.3870,-0.0013,0.4966,0.0844
0.220,settle,nan,nan,nan,nan,nan,nan,0.00000,0.00439,0.00389,-0.00035,0.00042,-0.00000,0.00000,0.00439,0.00389,-0.00035,0.00042,-0.00000,0.0000,0.0000,-0.0000,0.0000,-0.0000,0.4384,0.0300,-0.0348,0.00,0.3870,-0.0013,0.4966,0.0844
0.240,settle,nan,nan,nan,nan,nan,nan,0.00000,0.00439,0.00389,-0.00035,0.00042,-0.00000,0.00000,0.00439,0.00389,-0.00035,0.00042,-0.00000,0.0000,0.0000,-0.0000,0.0000,-0.0000,0.4384,0.0300,-0.0348,0.00,0.3870,-0.0013,0.4966,0.0844
0.260,settle,nan,nan,nan,nan,nan,nan,0.00000,0.00439,0.00389,-0.00035,0.00042,-0.00000,0.00000,0.00439,0.00389,-0.00035,0.00042,-0.00000,0.0000,0.0000,-0.0000,0.0000,-0.0000,0.4384,0.0300,-0.0348,0.00,0.3870,-0.0013,0.4966,0.0844
0.280,settle,nan,nan,nan,nan,nan,nan,0.00000,0.00439,0.00389,-0.00035,0.00042,-0.00000,0.00000,0.00439,0.00389,-0.00035,0.00042,-0.00000,0.0000,0.0000,-0.0000,0.0000,-0.0000,0.4384,0.0300,-0.0348,0.00,0.3870,-0.0013,0.4966,0.0844
0.300,settle,nan,nan,nan,nan,nan,nan,0.00000,0.00439,0.00389,-0.00035,0.00042,-0.00000,0.00000,0.00439,0.00389,-0.00035,0.00042,-0.00000,0.0000,0.0000,-0.0000,0.0000,-0.0000,0.4384,0.0300,-0.0348,0.00,0.3870,-0.0013,0.4966,0.0844
0.320,settle,nan,nan,nan,nan,nan,nan,0.00000,0.00439,0.00389,-0.00035,0.00042,-0.00000,0.00000,0.00439,0.00389,-0.00035,0.00042,-0.00000,0.0000,0.0000,-0.0000,0.0000,-0.0000,0.4384,0.0300,-0.0348,0.00,0.3870,-0.0013,0.4966,0.0844
0.340,settle,nan,nan,nan,nan,nan,nan,0.00000,0.00439,0.00389,-0.00035,0.00042,-0.00000,0.00000,0.00439,0.00389,-0.00035,0.00042,-0.00000,0.0000,0.0000,-0.0000,0.0000,-0.0000,0.4384,0.0300,-0.0348,0.00,0.3870,-0.0013,0.4966,0.0844
0.360,settle,nan,nan,nan,nan,nan,nan,0.00000,0.00439,0.00389,-0.00035,0.00042,-0.00000,0.00000,0.00439,0.00389,-0.00035,0.00042,-0.00000,0.0000,0.0000,-0.0000,0.0000,-0.0000,0.4384,0.0300,-0.0348,0.00,0.3870,-0.0013,0.4966,0.0844
0.380,settle,nan,nan,nan,nan,nan,nan,0.00000,0.00439,0.00389,-0.00035,0.00042,-0.00000,0.00000,0.00439,0.00389,-0.00035,0.00042,-0.00000,0.0000,0.0000,-0.0000,0.0000,-0.0000,0.4384,0.0300,-0.0348,0.00,0.3870,-0.0013,0.4966,0.0844
0.400,settle,nan,nan,nan,nan,nan,nan,0.00000,0.00439,0.00389,-0.00035,0.00042,-0.00000,0.00000,0.00439,0.00389,-0.00035,0.00042,-0.00000,0.0000,0.0000,-0.0000,0.0000,-0.0000,0.4384,0.0300,-0.0348,0.00,0.3870,-0.0013,0.4966,0.0844
0.420,settle,nan,nan,nan,nan,nan,nan,0.00000,0.00439,0.00389,-0.00035,0.00042,-0.00000,0.00000,0.00439,0.00389,-0.00035,0.00042,-0.00000,0.0000,0.0000,-0.0000,0.0000,-0.0000,0.4384,0.0300,-0.0348,0.00,0.3870,-0.0013,0.4966,0.0844
0.440,settle,nan,nan,nan,nan,nan,nan,0.00000,0.00439,0.00389,-0.00035,0.00042,-0.00000,0.00000,0.00439,0.00389,-0.00035,0.00042,-0.00000,0.0000,0.0000,-0.0000,0.0000,-0.0000,0.4384,0.0300,-0.0348,0.00,0.3870,-0.0013,0.4966,0.0844
0.460,settle,nan,nan,nan,nan,nan,nan,0.00000,0.00439,0.00389,-0.00035,0.00042,-0.00000,0.00000,0.00439,0.00389,-0.00035,0.00042,-0.00000,0.0000,0.0000,-0.0000,0.0000,-0.0000,0.4384,0.0300,-0.0348,0.00,0.3870,-0.0013,0.4966,0.0844
0.480,settle,nan,nan,nan,nan,nan,nan,0.00000,0.00439,0.00389,-0.00035,0.00042,-0.00000,0.00000,0.00439,0.00389,-0.00035,0.00042,-0.00000,0.0000,0.0000,-0.0000,0.0000,-0.0000,0.4384,0.0300,-0.0348,0.00,0.3870,-0.0013,0.4966,0.0844
0.500,settle,nan,nan,nan,nan,nan,nan,0.00000,0.00439,0.00389,-0.00035,0.00042,-0.00000,0.00000,0.00439,0.00389,-0.00035,0.00042,-0.00000,0.0000,0.0000,-0.0000,0.0000,-0.0000,0.4384,0.0300,-0.0348,0.00,0.3870,-0.0013,0.4966,0.0844
0.520,moving,nan,nan,nan,nan,nan,nan,0.00000,0.00439,0.00389,-0.00035,0.00042,-0.00000,0.00000,0.00439,0.00389,-0.00035,0.00042,-0.00000,0.0000,0.0000,-0.0000,0.0000,-0.0000,0.4384,0.0300,-0.0348,0.00,0.3870,-0.0013,0.4966,0.0844
0.540,moving,0.00696,0.08326,0.85345,-0.02852,0.11813,-0.03439,0.00000,0.00439,0.00389,-0.00035,0.00042,-0.00000,0.00000,0.00439,0.00389,-0.00035,0.00042,-0.00000,0.0000,0.0000,-0.0000,0.0000,-0.0000,0.4384,0.0300,-0.0348,0.00,0.3870,-0.0013,0.4966,0.0844
0.560,moving,0.00696,0.08326,0.85345,-0.02852,0.11813,-0.03439,0.00000,0.00439,0.00389,-0.00035,0.00042,-0.00000,0.00000,0.00439,0.00389,-0.00035,0.00042,-0.00000,0.0000,0.0000,-0.0000,0.0000,-0.0000,0.4384,0.0300,-0.0348,0.00,0.3870,-0.0013,0.4966,0.0844
0.580,moving,0.00696,0.08326,0.85345,-0.02852,0.11813,-0.03439,0.00000,0.00439,0.00389,-0.00035,0.00042,-0.00000,0.00000,0.00439,0.00389,-0.00035,0.00042,-0.00000,0.0000,0.0000,-0.0000,0.0000,-0.0000,0.4384,0.0300,-0.0348,0.00,0.3870,-0.0013,0.4966,0.0844
0.600,moving,0.00696,0.08326,0.85345,-0.02852,0.11813,-0.03439,0.00000,0.00439,0.00389,-0.00035,0.00042,-0.00000,0.00000,0.00439,0.00389,-0.00035,0.00042,-0.00000,0.0000,0.0000,-0.0000,0.0000,-0.0000,0.4384,0.0300,-0.0348,0.00,0.3870,-0.0013,0.4966,0.0844
0.620,moving,0.00696,0.08326,0.85345,-0.02852,0.11813,-0.03439,0.00000,0.00439,0.00389,-0.00035,0.00042,-0.00000,0.00229,0.00639,0.00535,-0.00229,0.00273,-0.00232,0.0000,0.0000,-0.0000,0.0000,-0.0000,0.4384,0.0300,-0.0349,0.00,0.3876,-0.0004,0.4949,0.0843
0.640,moving,0.00696,0.08326,0.85345,-0.02852,0.11813,-0.03439,0.00000,0.00439,0.00389,-0.00035,0.00042,-0.00000,0.00658,0.01456,0.01285,-0.01088,0.01125,-0.01085,0.0000,0.0000,-0.0000,0.0000,-0.0000,0.4385,0.0299,-0.0349,0.00,0.3903,0.0013,0.4872,0.0843
0.660,moving,0.00696,0.08326,0.85345,-0.02852,0.11813,-0.03439,0.00000,0.00439,0.00389,-0.00035,0.00042,-0.00000,0.00696,0.02898,0.02675,-0.02243,0.02596,-0.02388,0.0000,0.0000,-0.0000,0.0000,-0.0000,0.4386,0.0300,-0.0349,0.00,0.3946,0.0013,0.4734,0.0843
0.680,moving,0.00696,0.08326,0.85345,-0.02852,0.11813,-0.03439,0.00000,0.00439,0.00389,-0.00035,0.00042,-0.00000,0.00697,0.04956,0.04703,-0.02794,0.04689,-0.03199,0.0000,0.0000,0.0000,0.0000,-0.0000,0.4387,0.0300,-0.0348,0.00,0.3999,0.0012,0.4535,0.0843
0.700,moving,0.00696,0.08326,0.85345,-0.02852,0.11813,-0.03439,0.00697,0.04956,0.04703,-0.02794,0.04689,-0.03199,0.00697,0.06849,0.07240,-0.02872,0.07189,-0.03434,0.0000,0.0000,-0.0000,0.0000,-0.0000,0.4388,0.0301,-0.0348,0.00,0.4034,0.0011,0.4315,0.0843
0.720,moving,0.00696,0.08326,0.85345,-0.02852,0.11813,-0.03439,0.00697,0.04956,0.04703,-0.02794,0.04689,-0.03199,0.00697,0.08009,0.09736,-0.02875,0.08021,-0.03437,0.0000,0.0000,-0.0000,0.0000,-0.0000,0.4387,0.0301,-0.0348,0.00,0.4049,0.0011,0.4157,0.0843
0.740,moving,0.00696,0.08326,0.85345,-0.02852,0.11813,-0.03439,0.00697,0.04956,0.04703,-0.02794,0.04689,-0.03199,0.00697,0.08727,0.11557,-0.02878,0.08877,-0.03436,0.0000,0.0000,-0.0000,0.0000,-0.0000,0.4385,0.0300,-0.0348,0.00,0.4051,0.0010,0.4043,0.0843
0.760,moving,0.00696,0.08326,0.85345,-0.02852,0.11813,-0.03439,0.00697,0.04956,0.04703,-0.02794,0.04689,-0.03199,0.00698,0.09108,0.12859,-0.02877,0.10298,-0.03436,0.0000,0.0000,-0.0000,0.0000,-0.0000,0.4383,0.0300,-0.0348,0.00,0.4044,0.0010,0.3953,0.0844
0.780,moving,0.00696,0.08326,0.85345,-0.02852,0.11813,-0.03439,0.00697,0.04956,0.04703,-0.02794,0.04689,-0.03199,0.00697,0.09073,0.14530,-0.02873,0.11372,-0.03436,0.0000,0.0000,-0.0000,0.0000,-0.0000,0.4381,0.0300,-0.0348,0.00,0.4025,0.0009,0.3872,0.0844
0.800,moving,0.00696,0.08326,0.85345,-0.02852,0.11813,-0.03439,0.00697,0.04956,0.04703,-0.02794,0.04689,-0.03199,0.00697,0.09020,0.16661,-0.02870,0.11831,-0.03435,0.0000,0.0000,-0.0000,0.0000,-0.0000,0.4380,0.0300,-0.0348,0.00,0.4005,0.0008,0.3785,0.0844
0.820,moving,0.00696,0.08326,0.85345,-0.02852,0.11813,-0.03439,0.00697,0.09020,0.16661,-0.02870,0.11831,-0.03435,0.00697,0.08987,0.18447,-0.02869,0.11874,-0.03435,0.0000,0.0000,-0.0000,0.0000,-0.0000,0.4380,0.0300,-0.0348,0.00,0.3989,0.0008,0.3719,0.0844
0.840,moving,0.00696,0.08326,0.85345,-0.02852,0.11813,-0.03439,0.00697,0.09020,0.16661,-0.02870,0.11831,-0.03435,0.00697,0.08963,0.19455,-0.02868,0.11876,-0.03435,0.0000,0.0000,-0.0000,0.0000,-0.0000,0.4380,0.0300,-0.0348,0.00,0.3980,0.0008,0.3682,0.0844
0.860,moving,0.00696,0.08326,0.85345,-0.02852,0.11813,-0.03439,0.00697,0.09020,0.16661,-0.02870,0.11831,-0.03435,0.00697,0.08920,0.20424,-0.02866,0.11877,-0.03435,0.0000,0.0000,-0.0000,0.0000,-0.0000,0.4381,0.0300,-0.0348,0.00,0.3970,0.0008,0.3648,0.0844
0.880,moving,0.00696,0.08326,0.85345,-0.02852,0.11813,-0.03439,0.00697,0.09020,0.16661,-0.02870,0.11831,-0.03435,0.00697,0.08879,0.22087,-0.02863,0.11877,-0.03435,0.0000,0.0000,-0.0000,0.0000,-0.0000,0.4382,0.0300,-0.0348,0.00,0.3954,0.0008,0.3587,0.0844
0.900,moving,0.00696,0.08326,0.85345,-0.02852,0.11813,-0.03439,0.00697,0.09020,0.16661,-0.02870,0.11831,-0.03435,0.00697,0.08856,0.24231,-0.02863,0.11877,-0.03434,0.0000,0.0000,-0.0000,0.0000,-0.0000,0.4383,0.0300,-0.0348,0.00,0.3931,0.0008,0.3509,0.0844
0.920,moving,0.00696,0.08326,0.85345,-0.02852,0.11813,-0.03439,0.00697,0.09020,0.16661,-0.02870,0.11831,-0.03435,0.00697,0.08849,0.26016,-0.02865,0.11877,-0.03434,0.0000,0.0000,-0.0000,0.0000,-0.0000,0.4384,0.0300,-0.0348,0.00,0.3912,0.0008,0.3443,0.0844
0.940,moving,0.00696,0.08326,0.85345,-0.02852,0.11813,-0.03439,0.00697,0.08849,0.26016,-0.02865,0.11877,-0.03434,0.00697,0.08845,0.27020,-0.02867,0.11878,-0.03434,0.0000,0.0000,-0.0000,0.0000,-0.0000,0.4385,0.0300,-0.0348,0.00,0.3900,0.0008,0.3407,0.0843
0.960,moving,0.00696,0.08326,0.85345,-0.02852,0.11813,-0.03439,0.00697,0.08849,0.26016,-0.02865,0.11877,-0.03434,0.00697,0.08820,0.28015,-0.02865,0.11877,-0.03434,0.0000,0.0000,-0.0000,0.0000,-0.0000,0.4386,0.0300,-0.0348,0.00,0.3888,0.0008,0.3371,0.0843
0.980,moving,0.00696,0.08326,0.85345,-0.02852,0.11813,-0.03439,0.00697,0.08849,0.26016,-0.02865,0.11877,-0.03434,0.00697,0.08796,0.29702,-0.02863,0.11877,-0.03434,0.0000,0.0000,-0.0000,0.0000,-0.0000,0.4386,0.0300,-0.0348,0.00,0.3866,0.0007,0.3311,0.0843
1.000,moving,0.00696,0.08326,0.85345,-0.02852,0.11813,-0.03439,0.00697,0.08849,0.26016,-0.02865,0.11877,-0.03434,0.00697,0.08785,0.31864,-0.02862,0.11877,-0.03434,0.0000,0.0000,-0.0000,0.0000,-0.0000,0.4386,0.0300,-0.0348,0.00,0.3838,0.0007,0.3233,0.0843
1.020,moving,0.00696,0.08326,0.85345,-0.02852,0.11813,-0.03439,0.00697,0.08849,0.26016,-0.02865,0.11877,-0.03434,0.00697,0.08789,0.33666,-0.02864,0.11877,-0.03434,0.0000,0.0000,-0.0000,0.0000,-0.0000,0.4386,0.0300,-0.0348,0.00,0.3813,0.0007,0.3168,0.0843
1.040,moving,0.00696,0.08326,0.85345,-0.02852,0.11813,-0.03439,0.00697,0.08849,0.26016,-0.02865,0.11877,-0.03434,0.00697,0.08793,0.34680,-0.02866,0.11877,-0.03434,0.0000,0.0000,-0.0000,0.0000,-0.0000,0.4385,0.0300,-0.0348,0.00,0.3799,0.0007,0.3132,0.0843
1.060,moving,0.00696,0.08326,0.85345,-0.02852,0.11813,-0.03439,0.00697,0.08793,0.34680,-0.02866,0.11877,-0.03434,0.00697,0.08777,0.35683,-0.02864,0.11877,-0.03434,0.0000,0.0000,-0.0000,0.0000,-0.0000,0.4385,0.0300,-0.0348,0.00,0.3784,0.0007,0.3097,0.0843
1.080,moving,0.00696,0.08326,0.85345,-0.02852,0.11813,-0.03439,0.00697,0.08793,0.34680,-0.02866,0.11877,-0.03434,0.00697,0.08762,0.37377,-0.02862,0.11876,-0.03434,0.0000,0.0000,-0.0000,0.0000,-0.0000,0.4384,0.0300,-0.0348,0.00,0.3758,0.0007,0.3037,0.0844
1.100,moving,0.00696,0.08326,0.85345,-0.02852,0.11813,-0.03439,0.00697,0.08793,0.34680,-0.02866,0.11877,-0.03434,0.00697,0.08757,0.39543,-0.02862,0.11876,-0.03434,0.0000,0.0000,-0.0000,0.0000,-0.0000,0.4384,0.0300,-0.0348,0.00,0.3724,0.0007,0.2962,0.0844
1.120,moving,0.00696,0.08326,0.85345,-0.02852,0.11813,-0.03439,0.00697,0.08793,0.34680,-0.02866,0.11877,-0.03434,0.00697,0.08764,0.41347,-0.02864,0.11877,-0.03434,0.0000,0.0000,-0.0000,0.0000,-0.0000,0.4383,0.0300,-0.0348,0.00,0.3694,0.0006,0.2899,0.0844
1.140,moving,0.00696,0.08326,0.85345,-0.02852,0.11813,-0.03439,0.00697,0.08793,0.34680,-0.02866,0.11877,-0.03434,0.00697,0.08772,0.42343,-0.02866,0.11877,-0.03434,0.0000,0.0000,-0.0000,0.0000,-0.0000,0.4383,0.0300,-0.0348,0.00,0.3677,0.0006,0.2864,0.0844
1.160,moving,0.00696,0.08326,0.85345,-0.02852,0.11813,-0.03439,0.00697,0.08793,0.34680,-0.02866,0.11877,-0.03434,0.00697,0.08759,0.43351,-0.02864,0.11877,-0.03434,0.0000,0.0000,-0.0000,0.0000,-0.0000,0.4383,0.0300,-0.0348,0.00,0.3660,0.0006,0.2830,0.0844
1.180,moving,0.00696,0.08326,0.85345,-0.02852,0.11813,-0.03439,0.00697,0.08759,0.43351,-0.02864,0.11877,-0.03434,0.00697,0.08747,0.45051,-0.02862,0.11876,-0.03434,0.0000,0.0000,-0.0000,0.0000,-0.0000,0.4383,0.0300,-0.0348,0.00,0.3630,0.0006,0.2772,0.0844
1.200,moving,0.00696,0.08326,0.85345,-0.02852,0.11813,-0.03439,0.00697,0.08759,0.43351,-0.02864,0.11877,-0.03434,0.00697,0.08743,0.47223,-0.02862,0.11876,-0.03434,0.0000,0.0000,-0.0000,0.0000,-0.0000,0.4383,0.0300,-0.0348,0.00,0.3589,0.0006,0.2699,0.0844
1.220,moving,0.00696,0.08326,0.85345,-0.02852,0.11813,-0.03439,0.00697,0.08759,0.43351,-0.02864,0.11877,-0.03434,0.00697,0.08751,0.49028,-0.02864,0.11876,-0.03434,0.0000,0.0000,-0.0000,0.0000,-0.0000,0.4383,0.0300,-0.0348,0.00,0.3555,0.0005,0.2639,0.0844
1.240,moving,0.00696,0.08326,0.85345,-0.02852,0.11813,-0.03439,0.00697,0.08759,0.43351,-0.02864,0.11877,-0.03434,0.00697,0.08759,0.50004,-0.02866,0.11876,-0.03434,0.0000,0.0000,-0.0000,0.0000,-0.0000,0.4384,0.0300,-0.0348,0.00,0.3536,0.0005,0.2606,0.0844
1.260,moving,0.00696,0.08326,0.85345,-0.02852,0.11813,-0.03439,0.00697,0.08759,0.43351,-0.02864,0.11877,-0.03434,0.00697,0.08746,0.51017,-0.02864,0.11876,-0.03434,0.0000,0.0000,-0.0000,0.0000,-0.0000,0.4384,0.0300,-0.0348,0.00,0.3516,0.0005,0.2573,0.0844
1.280,moving,0.00696,0.08326,0.85345,-0.02852,0.11813,-0.03439,0.00697,0.08759,0.43351,-0.02864,0.11877,-0.03434,0.00697,0.08735,0.52725,-0.02862,0.11875,-0.03434,0.0000,0.0000,-0.0000,0.0000,-0.0000,0.4384,0.0300,-0.0348,0.00,0.3481,0.0005,0.2518,0.0844
1.300,moving,0.00696,0.08326,0.85345,-0.02852,0.11813,-0.03439,0.00697,0.08735,0.52725,-0.02862,0.11875,-0.03434,0.00698,0.08732,0.54902,-0.02862,0.11875,-0.03434,0.0000,0.0000,-0.0000,0.0000,-0.0000,0.4384,0.0300,-0.0348,0.00,0.3435,0.0005,0.2448,0.0844
1.320,moving,0.00696,0.08326,0.85345,-0.02852,0.11813,-0.03439,0.00697,0.08735,0.52725,-0.02862,0.11875,-0.03434,0.00697,0.08739,0.56706,-0.02864,0.11875,-0.03434,0.0000,0.0000,-0.0000,0.0000,-0.0000,0.4384,0.0300,-0.0348,0.00,0.3396,0.0004,0.2390,0.0844
1.340,moving,0.00696,0.08326,0.85345,-0.02852,0.11813,-0.03439,0.00697,0.08735,0.52725,-0.02862,0.11875,-0.03434,0.00697,0.08747,0.57656,-0.02867,0.11875,-0.03434,0.0000,0.0000,-0.0000,0.0000,-0.0000,0.4385,0.0300,-0.0348,0.00,0.3376,0.0004,0.2360,0.0843
1.360,moving,0.00696,0.08326,0.85345,-0.02852,0.11813,-0.03439,0.00697,0.08735,0.52725,-0.02862,0.11875,-0.03434,0.00698,0.08735,0.58674,-0.02865,0.11875,-0.03434,0.0000,0.0000,-0.0000,0.0000,-0.0000,0.4385,0.0300,-0.0348,0.00,0.3353,0.0004,0.2329,0.0844
1.380,moving,0.00696,0.08326,0.85345,-0.02852,0.11813,-0.03439,0.00697,0.08735,0.52725,-0.02862,0.11875,-0.03434,0.00698,0.08725,0.60391,-0.02862,0.11874,-0.03434,0.0000,0.0000,-0.0000,0.0000,-0.0000,0.4384,0.0300,-0.0348,0.00,0.3314,0.0004,0.2276,0.0844
1.400,moving,0.00696,0.08326,0.85345,-0.02852,0.11813,-0.03439,0.00697,0.08735,0.52725,-0.02862,0.11875,-0.03434,0.00698,0.08723,0.62575,-0.02862,0.11874,-0.03433,0.0000,0.0000,-0.0000,0.0000,-0.0000,0.4384,0.0300,-0.0348,0.00,0.3263,0.0003,0.2209,0.0844
1.420,moving,0.00696,0.08326,0.85345,-0.02852,0.11813,-0.03439,0.00698,0.08723,0.62575,-0.02862,0.11874,-0.03433,0.00698,0.08730,0.64374,-0.02865,0.11874,-0.03433,0.0000,0.0000,-0.0000,0.0000,-0.0000,0.4384,0.0300,-0.0348,0.00,0.3219,0.0003,0.2155,0.0844
1.440,moving,0.00696,0.08326,0.85345,-0.02852,0.11813,-0.03439,0.00698,0.08723,0.62575,-0.02862,0.11874,-0.03433,0.00698,0.08737,0.65290,-0.02867,0.11874,-0.03434,0.0000,0.0000,-0.0000,0.0000,-0.0000,0.4384,0.0300,-0.0348,0.00,0.3197,0.0003,0.2127,0.0844
1.460,moving,0.00696,0.08326,0.85345,-0.02852,0.11813,-0.03439,0.00698,0.08723,0.62575,-0.02862,0.11874,-0.03433,0.00698,0.08726,0.66319,-0.02865,0.11874,-0.03433,0.0000,0.0000,-0.0000,0.0000,-0.0000,0.4384,0.0300,-0.0348,0.00,0.3172,0.0003,0.2097,0.0844
1.480,moving,0.00696,0.08326,0.85345,-0.02852,0.11813,-0.03439,0.00698,0.08723,0.62575,-0.02862,0.11874,-0.03433,0.00698,0.08717,0.68046,-0.02862,0.11874,-0.03433,0.0000,0.0000,-0.0000,0.0000,-0.0000,0.4384,0.0300,-0.0348,0.00,0.3128,0.0002,0.2047,0.0844
1.500,moving,0.00696,0.08326,0.85345,-0.02852,0.11813,-0.03439,0.00698,0.08723,0.62575,-0.02862,0.11874,-0.03433,0.00698,0.08715,0.70238,-0.02862,0.11873,-0.03433,0.0000,0.0000,-0.0000,0.0000,-0.0000,0.4384,0.0300,-0.0348,0.00,0.3072,0.0002,0.1985,0.0844
1.520,moving,0.00696,0.08326,0.85345,-0.02852,0.11813,-0.03439,0.00698,0.08723,0.62575,-0.02862,0.11874,-0.03433,0.00698,0.08722,0.72033,-0.02865,0.11873,-0.03433,0.0000,0.0000,-0.0000,0.0000,-0.0000,0.4384,0.0300,-0.0348,0.00,0.3025,0.0002,0.1934,0.0844
1.540,moving,0.00696,0.08326,0.85345,-0.02852,0.11813,-0.03439,0.00698,0.08722,0.72033,-0.02865,0.11873,-0.03433,0.00698,0.08727,0.72914,-0.02868,0.11873,-0.03433,0.0000,0.0000,-0.0000,0.0000,-0.0000,0.4384,0.0300,-0.0348,0.00,0.3002,0.0001,0.1909,0.0844
1.560,moving,0.00696,0.08326,0.85345,-0.02852,0.11813,-0.03439,0.00698,0.08722,0.72033,-0.02865,0.11873,-0.03433,0.00698,0.08717,0.73956,-0.02865,0.11873,-0.03433,0.0000,0.0000,-0.0000,0.0000,-0.0000,0.4384,0.0300,-0.0348,0.00,0.2974,0.0001,0.1881,0.0844
1.580,moving,0.00696,0.08326,0.85345,-0.02852,0.11813,-0.03439,0.00698,0.08722,0.72033,-0.02865,0.11873,-0.03433,0.00698,0.08709,0.75696,-0.02862,0.11873,-0.03433,0.0000,0.0000,-0.0000,0.0000,-0.0000,0.4384,0.0300,-0.0348,0.00,0.2927,0.0001,0.1834,0.0844
1.600,moving,0.00696,0.08326,0.85345,-0.02852,0.11813,-0.03439,0.00698,0.08722,0.72033,-0.02865,0.11873,-0.03433,0.00698,0.08706,0.77897,-0.02862,0.11872,-0.03433,0.0000,0.0000,-0.0000,0.0000,-0.0000,0.4384,0.0300,-0.0348,0.00,0.2866,0.0001,0.1775,0.0844
1.620,moving,0.00696,0.08326,0.85345,-0.02852,0.11813,-0.03439,0.00698,0.08722,0.72033,-0.02865,0.11873,-0.03433,0.00698,0.08713,0.79686,-0.02865,0.11872,-0.03433,0.0000,0.0000,-0.0000,0.0000,-0.0000,0.4384,0.0300,-0.0348,0.00,0.2815,0.0000,0.1728,0.0844
1.640,moving,0.00696,0.08326,0.85345,-0.02852,0.11813,-0.03439,0.00698,0.08722,0.72033,-0.02865,0.11873,-0.03433,0.00698,0.08717,0.80528,-0.02868,0.11872,-0.03433,0.0000,0.0000,-0.0000,0.0000,-0.0000,0.4384,0.0300,-0.0348,0.00,0.2791,0.0000,0.1707,0.0844
1.660,moving,0.00696,0.08326,0.85345,-0.02852,0.11813,-0.03439,0.00698,0.08717,0.80528,-0.02868,0.11872,-0.03433,0.00698,0.08708,0.81587,-0.02865,0.11872,-0.03433,0.0000,0.0000,-0.0000,0.0000,-0.0000,0.4384,0.0300,-0.0348,0.00,0.2760,-0.0000,0.1680,0.0844
1.680,moving,0.00696,0.08326,0.85345,-0.02852,0.11813,-0.03439,0.00698,0.08717,0.80528,-0.02868,0.11872,-0.03433,0.00698,0.08701,0.83316,-0.02863,0.11872,-0.03433,0.0000,0.0000,-0.0000,0.0000,-0.0000,0.4384,0.0300,-0.0348,0.00,0.2710,-0.0001,0.1637,0.0844
1.700,moving,0.00696,0.08326,0.85345,-0.02852,0.11813,-0.03439,0.00698,0.08717,0.80528,-0.02868,0.11872,-0.03433,0.00698,0.08705,0.84898,-0.02865,0.11871,-0.03433,0.0000,0.0000,-0.0000,0.0000,-0.0000,0.4384,0.0300,-0.0348,0.00,0.2663,-0.0001,0.1598,0.0844
1.720,moving,0.00696,0.08326,0.85345,-0.02852,0.11813,-0.03439,0.00698,0.08717,0.80528,-0.02868,0.11872,-0.03433,0.00698,0.08711,0.85626,-0.02869,0.11871,-0.03433,0.0000,0.0000,-0.0000,0.0000,-0.0000,0.4384,0.0300,-0.0348,0.00,0.2641,-0.0001,0.1580,0.0843
1.740,moving,0.00696,0.08326,0.85345,-0.02852,0.11813,-0.03439,0.00698,0.08717,0.80528,-0.02868,0.11872,-0.03433,0.00698,0.08706,0.86133,-0.02868,0.11871,-0.03433,0.0000,0.0000,-0.0000,0.0000,-0.0000,0.4385,0.0300,-0.0348,0.00,0.2626,-0.0001,0.1568,0.0843
1.760,moving,0.00696,0.08326,0.85345,-0.02852,0.11813,-0.03439,0.00698,0.08717,0.80528,-0.02868,0.11872,-0.03433,0.00698,0.08708,0.86332,-0.02869,0.11871,-0.03433,0.0000,0.0000,-0.0000,0.0000,-0.0000,0.4385,0.0300,-0.0348,0.00,0.2620,-0.0001,0.1564,0.0843
1.780,moving,0.00696,0.08326,0.85345,-0.02852,0.11813,-0.03439,0.00698,0.08708,0.86332,-0.02869,0.11871,-0.03433,0.00698,0.08706,0.86196,-0.02869,0.11871,-0.03433,0.0000,0.0000,-0.0000,0.0000,-0.0000,0.4385,0.0300,-0.0348,0.00,0.2624,-0.0001,0.1567,0.0843
1.800,moving,0.00696,0.08326,0.85345,-0.02852,0.11813,-0.03439,0.00698,0.08708,0.86332,-0.02869,0.11871,-0.03433,0.00698,0.08703,0.86063,-0.02868,0.11871,-0.03433,0.0000,0.0000,-0.0000,0.0000,-0.0000,0.4385,0.0300,-0.0348,0.00,0.2628,-0.0001,0.1570,0.0843
1.820,moving,0.00696,0.08326,0.85345,-0.02852,0.11813,-0.03439,0.00698,0.08708,0.86332,-0.02869,0.11871,-0.03433,0.00698,0.08700,0.85954,-0.02867,0.11870,-0.03433,0.0000,0.0000,-0.0000,0.0000,-0.0000,0.4385,0.0300,-0.0348,0.00,0.2631,-0.0001,0.1573,0.0843
1.840,moving,0.00696,0.08326,0.85345,-0.02852,0.11813,-0.03439,0.00698,0.08708,0.86332,-0.02869,0.11871,-0.03433,0.00698,0.08699,0.85865,-0.02867,0.11870,-0.03433,0.0000,0.0000,-0.0000,0.0000,-0.0000,0.4385,0.0300,-0.0348,0.00,0.2634,-0.0001,0.1575,0.0843
1.860,moving,0.00696,0.08326,0.85345,-0.02852,0.11813,-0.03439,0.00698,0.08708,0.86332,-0.02869,0.11871,-0.03433,0.00698,0.08698,0.85792,-0.02866,0.11870,-0.03433,0.0000,0.0000,-0.0000,0.0000,-0.0000,0.4384,0.0300,-0.0348,0.00,0.2636,-0.0001,0.1577,0.0844
1.880,moving,0.00696,0.08326,0.85345,-0.02852,0.11813,-0.03439,0.00698,0.08708,0.86332,-0.02869,0.11871,-0.03433,0.00698,0.08697,0.85733,-0.02866,0.11870,-0.03433,0.0000,0.0000,-0.0000,0.0000,-0.0000,0.4384,0.0300,-0.0348,0.00,0.2638,-0.0001,0.1578,0.0844
1.900,moving,0.00696,0.08326,0.85345,-0.02852,0.11813,-0.03439,0.00698,0.08697,0.85733,-0.02866,0.11870,-0.03433,0.00698,0.08696,0.85684,-0.02866,0.11870,-0.03433,0.0000,0.0000,-0.0000,0.0000,-0.0000,0.4384,0.0300,-0.0348,0.00,0.2640,-0.0001,0.1579,0.0844
1.920,moving,0.00696,0.08326,0.85345,-0.02852,0.11813,-0.03439,0.00698,0.08697,0.85733,-0.02866,0.11870,-0.03433,0.00698,0.08696,0.85644,-0.02865,0.11870,-0.03433,0.0000,0.0000,-0.0000,0.0000,-0.0000,0.4384,0.0300,-0.0348,0.00,0.2641,-0.0001,0.1580,0.0844
1.940,moving,0.00696,0.08326,0.85345,-0.02852,0.11813,-0.03439,0.00698,0.08697,0.85733,-0.02866,0.11870,-0.03433,0.00698,0.08695,0.85612,-0.02865,0.11870,-0.03433,0.0000,0.0000,-0.0000,0.0000,-0.0000,0.4384,0.0300,-0.0348,0.00,0.2642,-0.0001,0.1581,0.0844
1.960,moving,0.00696,0.08326,0.85345,-0.02852,0.11813,-0.03439,0.00698,0.08697,0.85733,-0.02866,0.11870,-0.03433,0.00698,0.08695,0.85585,-0.02865,0.11870,-0.03433,0.0000,0.0000,-0.0000,0.0000,-0.0000,0.4384,0.0300,-0.0348,0.00,0.2642,-0.0001,0.1582,0.0844
1.980,moving,0.00696,0.08326,0.85345,-0.02852,0.11813,-0.03439,0.00698,0.08697,0.85733,-0.02866,0.11870,-0.03433,0.00698,0.08695,0.85564,-0.02865,0.11870,-0.03433,0.0000,0.0000,-0.0000,0.0000,-0.0000,0.4384,0.0300,-0.0348,0.00,0.2643,-0.0001,0.1582,0.0844
2.000,moving,0.00696,0.08326,0.85345,-0.02852,0.11813,-0.03439,0.00698,0.08697,0.85733,-0.02866,0.11870,-0.03433,0.00698,0.08695,0.85546,-0.02865,0.11870,-0.03433,0.0000,0.0000,-0.0000,0.0000,-0.0000,0.4384,0.0300,-0.0348,0.00,0.2644,-0.0001,0.1583,0.0844
2.020,moving,0.00696,0.08326,0.85345,-0.02852,0.11813,-0.03439,0.00698,0.08695,0.85546,-0.02865,0.11870,-0.03433,0.00698,0.08694,0.85532,-0.02865,0.11870,-0.03433,0.0000,0.0000,-0.0000,0.0000,-0.0000,0.4384,0.0300,-0.0348,0.00,0.2644,-0.0001,0.1583,0.0844
2.040,moving,0.00696,0.08326,0.85345,-0.02852,0.11813,-0.03439,0.00698,0.08695,0.85546,-0.02865,0.11870,-0.03433,0.00698,0.08694,0.85520,-0.02865,0.11870,-0.03433,0.0000,0.0000,-0.0000,0.0000,-0.0000,0.4384,0.0300,-0.0348,0.00,0.2644,-0.0001,0.1583,0.0844
2.060,moving,0.00696,0.08326,0.85345,-0.02852,0.11813,-0.03439,0.00698,0.08695,0.85546,-0.02865,0.11870,-0.03433,0.00698,0.08694,0.85511,-0.02865,0.11870,-0.03433,0.0000,0.0000,-0.0000,0.0000,-0.0000,0.4384,0.0300,-0.0348,0.00,0.2645,-0.0001,0.1584,0.0844
2.080,moving,0.00696,0.08326,0.85345,-0.02852,0.11813,-0.03439,0.00698,0.08695,0.85546,-0.02865,0.11870,-0.03433,0.00698,0.08694,0.85503,-0.02865,0.11870,-0.03433,0.0000,0.0000,-0.0000,0.0000,-0.0000,0.4384,0.0300,-0.0348,0.00,0.2645,-0.0001,0.1584,0.0844
2.100,moving,0.00696,0.08326,0.85345,-0.02852,0.11813,-0.03439,0.00698,0.08695,0.85546,-0.02865,0.11870,-0.03433,0.00698,0.08694,0.85497,-0.02865,0.11870,-0.03433,0.0000,0.0000,-0.0000,0.0000,-0.0000,0.4384,0.0300,-0.0348,0.00,0.2645,-0.0001,0.1584,0.0844
2.120,moving,0.00696,0.08326,0.85345,-0.02852,0.11813,-0.03439,0.00698,0.08695,0.85546,-0.02865,0.11870,-0.03433,0.00698,0.08693,0.85492,-0.02865,0.11870,-0.03433,0.0000,0.0000,-0.0000,0.0000,-0.0000,0.4384,0.0300,-0.0348,0.00,0.2645,-0.0001,0.1584,0.0844
2.140,moving,0.00696,0.08326,0.85345,-0.02852,0.11813,-0.03439,0.00698,0.08693,0.85492,-0.02865,0.11870,-0.03433,0.00698,0.08693,0.85488,-0.02865,0.11870,-0.03433,0.0000,0.0000,-0.0000,0.0000,-0.0000,0.4384,0.0300,-0.0348,0.00,0.2645,-0.0001,0.1584,0.0844
2.160,moving,0.00696,0.08326,0.85345,-0.02852,0.11813,-0.03439,0.00698,0.08693,0.85492,-0.02865,0.11870,-0.03433,0.00698,0.08693,0.85485,-0.02865,0.11870,-0.03433,0.0000,0.0000,-0.0000,0.0000,-0.0000,0.4384,0.0300,-0.0348,0.00,0.2646,-0.0001,0.1584,0.0844
2.180,moving,0.00696,0.08326,0.85345,-0.02852,0.11813,-0.03439,0.00698,0.08693,0.85492,-0.02865,0.11870,-0.03433,0.00698,0.08693,0.85482,-0.02865,0.11870,-0.03433,0.0000,0.0000,-0.0000,0.0000,-0.0000,0.4384,0.0300,-0.0348,0.00,0.2646,-0.0001,0.1584,0.0844
2.200,moving,0.00696,0.08326,0.85345,-0.02852,0.11813,-0.03439,0.00698,0.08693,0.85492,-0.02865,0.11870,-0.03433,0.00698,0.08693,0.85479,-0.02865,0.11870,-0.03433,0.0000,0.0000,-0.0000,0.0000,-0.0000,0.4384,0.0300,-0.0348,0.00,0.2646,-0.0001,0.1584,0.0844
2.220,moving,0.00696,0.08326,0.85345,-0.02852,0.11813,-0.03439,0.00698,0.08693,0.85492,-0.02865,0.11870,-0.03433,0.00698,0.08693,0.85477,-0.02865,0.11870,-0.03433,0.0000,0.0000,-0.0000,0.0000,-0.0000,0.4384,0.0300,-0.0348,0.00,0.2646,-0.0001,0.1584,0.0844
2.240,detect,0.00696,0.08326,0.85345,-0.02852,0.11813,-0.03439,0.00698,0.08693,0.85492,-0.02865,0.11870,-0.03433,0.00698,0.08693,0.85476,-0.02865,0.11870,-0.03433,0.0000,0.0000,-0.0000,0.0000,-0.0000,0.4384,0.0300,-0.0348,0.00,0.2646,-0.0001,0.1584,0.0844
2.260,detect,0.00696,0.08326,0.85345,-0.02852,0.11813,-0.03439,0.00698,0.08693,0.85476,-0.02865,0.11870,-0.03433,0.00698,0.08693,0.85475,-0.02865,0.11870,-0.03433,0.0000,0.0000,-0.0000,0.0000,-0.0000,0.4384,0.0300,-0.0348,0.00,0.2646,-0.0001,0.1584,0.0844
2.280,detect,0.00696,0.08326,0.85345,-0.02852,0.11813,-0.03439,0.00698,0.08693,0.85476,-0.02865,0.11870,-0.03433,0.00698,0.08693,0.85473,-0.02865,0.11870,-0.03433,0.0000,0.0000,-0.0000,0.0000,-0.0000,0.4384,0.0300,-0.0348,0.00,0.2646,-0.0001,0.1585,0.0844
2.300,detect,0.00696,0.08326,0.85345,-0.02852,0.11813,-0.03439,0.00698,0.08693,0.85476,-0.02865,0.11870,-0.03433,0.00698,0.08693,0.85473,-0.02865,0.11870,-0.03433,0.0000,0.0000,-0.0000,0.0000,-0.0000,0.4384,0.0300,-0.0348,0.00,0.2646,-0.0001,0.1585,0.0844
2.320,detect,0.00696,0.08326,0.85345,-0.02852,0.11813,-0.03439,0.00698,0.08693,0.85476,-0.02865,0.11870,-0.03433,0.00698,0.08693,0.85472,-0.02865,0.11870,-0.03433,0.0000,0.0000,-0.0000,0.0000,-0.0000,0.4384,0.0300,-0.0348,0.00,0.2646,-0.0001,0.1585,0.0844
2.340,detect,0.00696,0.08326,0.85345,-0.02852,0.11813,-0.03439,0.00698,0.08693,0.85476,-0.02865,0.11870,-0.03433,0.00698,0.08693,0.85471,-0.02865,0.11870,-0.03433,0.0000,0.0000,-0.0000,0.0000,-0.0000,0.4384,0.0300,-0.0348,0.00,0.2646,-0.0001,0.1585,0.0844
2.360,detect,0.00696,0.08326,0.85345,-0.02852,0.11813,-0.03439,0.00698,0.08693,0.85476,-0.02865,0.11870,-0.03433,0.00698,0.08694,0.85471,-0.02865,0.11870,-0.03433,0.0000,0.0000,-0.0000,0.0000,-0.0000,0.4384,0.0300,-0.0348,0.00,0.2646,-0.0001,0.1585,0.0844
2.380,detect,0.00696,0.08326,0.85345,-0.02852,0.11813,-0.03439,0.00698,0.08694,0.85471,-0.02865,0.11870,-0.03433,0.00698,0.08693,0.85470,-0.02865,0.11870,-0.03433,0.0000,0.0000,-0.0000,0.0000,-0.0000,0.4384,0.0300,-0.0348,0.00,0.2646,-0.0001,0.1585,0.0844
2.400,detect,0.00696,0.08326,0.85345,-0.02852,0.11813,-0.03439,0.00698,0.08694,0.85471,-0.02865,0.11870,-0.03433,0.00698,0.08693,0.85470,-0.02865,0.11870,-0.03433,0.0000,0.0000,-0.0000,0.0000,-0.0000,0.4384,0.0300,-0.0348,0.00,0.2646,-0.0001,0.1585,0.0844
2.420,detect,0.00696,0.08326,0.85345,-0.02852,0.11813,-0.03439,0.00698,0.08694,0.85471,-0.02865,0.11870,-0.03433,0.00698,0.08693,0.85470,-0.02865,0.11870,-0.03433,0.0000,0.0000,-0.0000,0.0000,-0.0000,0.4384,0.0300,-0.0348,0.00,0.2646,-0.0001,0.1585,0.0844
2.440,detect,0.00696,0.08326,0.85345,-0.02852,0.11813,-0.03439,0.00698,0.08694,0.85471,-0.02865,0.11870,-0.03433,0.00698,0.08693,0.85470,-0.02865,0.11870,-0.03433,0.0000,0.0000,-0.0000,0.0000,-0.0000,0.4384,0.0300,-0.0348,0.00,0.2646,-0.0001,0.1585,0.0844
2.460,detect,0.00696,0.08326,0.85345,-0.02852,0.11813,-0.03439,0.00698,0.08694,0.85471,-0.02865,0.11870,-0.03433,0.00698,0.08693,0.85470,-0.02865,0.11870,-0.03433,0.0000,0.0000,-0.0000,0.0000,-0.0000,0.4384,0.0300,-0.0348,0.00,0.2646,-0.0001,0.1585,0.0844
2.480,detect,0.00696,0.08326,0.85345,-0.02852,0.11813,-0.03439,0.00698,0.08694,0.85471,-0.02865,0.11870,-0.03433,0.00698,0.08693,0.85470,-0.02865,0.11870,-0.03433,0.0000,0.0000,-0.0000,0.0000,-0.0000,0.4384,0.0300,-0.0348,0.00,0.2646,-0.0001,0.1585,0.0844
2.500,detect,0.00696,0.08326,0.85345,-0.02852,0.11813,-0.03439,0.00698,0.08693,0.85470,-0.02865,0.11870,-0.03433,0.00698,0.08693,0.85470,-0.02865,0.11870,-0.03433,0.0000,0.0000,-0.0000,0.0000,-0.0000,0.4384,0.0300,-0.0348,0.00,0.2646,-0.0001,0.1585,0.0844
2.520,detect,0.00696,0.08326,0.85345,-0.02852,0.11813,-0.03439,0.00698,0.08693,0.85470,-0.02865,0.11870,-0.03433,0.00698,0.08693,0.85469,-0.02865,0.11870,-0.03433,0.0000,0.0000,-0.0000,0.0000,-0.0000,0.4384,0.0300,-0.0348,0.00,0.2646,-0.0001,0.1585,0.0844
2.540,detect,0.00696,0.08326,0.85345,-0.02852,0.11813,-0.03439,0.00698,0.08693,0.85470,-0.02865,0.11870,-0.03433,0.00698,0.08693,0.85469,-0.02865,0.11870,-0.03433,0.0000,0.0000,-0.0000,0.0000,-0.0000,0.4384,0.0300,-0.0348,0.00,0.2646,-0.0001,0.1585,0.0844
2.560,detect,0.00696,0.08326,0.85345,-0.02852,0.11813,-0.03439,0.00698,0.08693,0.85470,-0.02865,0.11870,-0.03433,0.00698,0.08693,0.85469,-0.02865,0.11870,-0.03433,0.0000,0.0000,-0.0000,0.0000,-0.0000,0.4384,0.0300,-0.0348,0.00,0.2646,-0.0001,0.1585,0.0844
2.580,detect,0.00696,0.08326,0.85345,-0.02852,0.11813,-0.03439,0.00698,0.08693,0.85470,-0.02865,0.11870,-0.03433,0.00698,0.08693,0.85469,-0.02865,0.11870,-0.03433,0.0000,0.0000,-0.0000,0.0000,-0.0000,0.4384,0.0300,-0.0348,0.00,0.2646,-0.0001,0.1585,0.0844
2.600,detect,0.00696,0.08326,0.85345,-0.02852,0.11813,-0.03439,0.00698,0.08693,0.85470,-0.02865,0.11870,-0.03433,0.00698,0.08693,0.85469,-0.02865,0.11870,-0.03433,0.0000,0.0000,-0.0000,0.0000,-0.0000,0.4384,0.0300,-0.0348,0.00,0.2646,-0.0001,0.1585,0.0844
2.620,detect,0.00696,0.08326,0.85345,-0.02852,0.11813,-0.03439,0.00698,0.08693,0.85469,-0.02865,0.11870,-0.03433,0.00698,0.08693,0.85469,-0.02865,0.11870,-0.03433,0.0000,0.0000,-0.0000,0.0000,-0.0000,0.4384,0.0300,-0.0348,0.00,0.2646,-0.0001,0.1585,0.0844
2.640,detect,0.00696,0.08326,0.85345,-0.02852,0.11813,-0.03439,0.00698,0.08693,0.85469,-0.02865,0.11870,-0.03433,0.00698,0.08693,0.85469,-0.02865,0.11870,-0.03433,0.0000,0.0000,-0.0000,0.0000,-0.0000,0.4384,0.0300,-0.0348,0.00,0.2646,-0.0001,0.1585,0.0844
2.660,detect,0.00696,0.08326,0.85345,-0.02852,0.11813,-0.03439,0.00698,0.08693,0.85469,-0.02865,0.11870,-0.03433,0.00698,0.08693,0.85469,-0.02865,0.11870,-0.03433,0.0000,0.0000,-0.0000,0.0000,-0.0000,0.4384,0.0300,-0.0348,0.00,0.2646,-0.0001,0.1585,0.0844
2.680,detect,0.00696,0.08326,0.85345,-0.02852,0.11813,-0.03439,0.00698,0.08693,0.85469,-0.02865,0.11870,-0.03433,0.00698,0.08693,0.85469,-0.02865,0.11870,-0.03433,0.0000,0.0000,-0.0000,0.0000,-0.0000,0.4384,0.0300,-0.0348,0.00,0.2646,-0.0001,0.1585,0.0844
2.700,detect,0.00696,0.08326,0.85345,-0.02852,0.11813,-0.03439,0.00698,0.08693,0.85469,-0.02865,0.11870,-0.03433,0.00698,0.08693,0.85469,-0.02865,0.11870,-0.03433,0.0000,0.0000,-0.0000,0.0000,-0.0000,0.4384,0.0300,-0.0348,0.00,0.2646,-0.0001,0.1585,0.0844
2.720,detect,0.00696,0.08326,0.85345,-0.02852,0.11813,-0.03439,0.00698,0.08693,0.85469,-0.02865,0.11870,-0.03433,0.00698,0.08693,0.85469,-0.02865,0.11870,-0.03433,0.0000,0.0000,-0.0000,0.0000,-0.0000,0.4384,0.0300,-0.0348,0.00,0.2646,-0.0001,0.1585,0.0844
2.740,detect,0.00696,0.08326,0.85345,-0.02852,0.11813,-0.03439,0.00698,0.08693,0.85469,-0.02865,0.11870,-0.03433,0.00698,0.08693,0.85469,-0.02865,0.11870,-0.03433,0.0000,0.0000,-0.0000,0.0000,-0.0000,0.4384,0.0300,-0.0348,0.00,0.2646,-0.0001,0.1585,0.0844
2.760,detect,0.00696,0.08326,0.85345,-0.02852,0.11813,-0.03439,0.00698,0.08693,0.85469,-0.02865,0.11870,-0.03433,0.00698,0.08693,0.85469,-0.02865,0.11870,-0.03433,0.0000,0.0000,-0.0000,0.0000,-0.0000,0.4384,0.0300,-0.0348,0.00,0.2646,-0.0001,0.1585,0.0844
2.780,detect,0.00696,0.08326,0.85345,-0.02852,0.11813,-0.03439,0.00698,0.08693,0.85469,-0.02865,0.11870,-0.03433,0.00698,0.08693,0.85469,-0.02865,0.11870,-0.03433,0.0000,0.0000,-0.0000,0.0000,-0.0000,0.4384,0.0300,-0.0348,0.00,0.2646,-0.0001,0.1585,0.0844
2.800,detect,0.00696,0.08326,0.85345,-0.02852,0.11813,-0.03439,0.00698,0.08693,0.85469,-0.02865,0.11870,-0.03433,0.00698,0.08693,0.85469,-0.02865,0.11870,-0.03433,0.0000,0.0000,-0.0000,0.0000,-0.0000,0.4384,0.0300,-0.0348,0.00,0.2646,-0.0001,0.1585,0.0844
2.820,detect,0.00696,0.08326,0.85345,-0.02852,0.11813,-0.03439,0.00698,0.08693,0.85469,-0.02865,0.11870,-0.03433,0.00698,0.08693,0.85469,-0.02865,0.11870,-0.03433,0.0000,0.0000,-0.0000,0.0000,-0.0000,0.4384,0.0300,-0.0348,0.00,0.2646,-0.0001,0.1585,0.0844
2.840,detect,0.00696,0.08326,0.85345,-0.02852,0.11813,-0.03439,0.00698,0.08693,0.85469,-0.02865,0.11870,-0.03433,0.00698,0.08693,0.85469,-0.02865,0.11870,-0.03433,0.0000,0.0000,-0.0000,0.0000,-0.0000,0.4384,0.0300,-0.0348,0.00,0.2646,-0.0001,0.1585,0.0844
2.860,moving,0.00696,0.08326,0.85345,-0.02852,0.11813,-0.03439,0.00698,0.08693,0.85469,-0.02865,0.11870,-0.03433,0.00698,0.08693,0.85469,-0.02865,0.11870,-0.03433,0.0300,0.0005,-0.0005,0.0300,-0.0300,0.4384,0.0300,-0.0348,0.00,0.2646,-0.0001,0.1585,0.0844
2.880,moving,0.00653,-0.04169,0.53456,-0.00591,0.56741,-0.01047,0.00698,0.08693,0.85469,-0.02865,0.11870,-0.03433,0.00698,0.08693,0.85469,-0.02865,0.11870,-0.03433,0.0300,0.0010,-0.0010,0.0300,-0.0300,0.4384,0.0300,-0.0348,0.00,0.2646,-0.0001,0.1585,0.0844
2.900,moving,0.00653,-0.04169,0.53456,-0.00591,0.56741,-0.01047,0.00698,0.08693,0.85469,-0.02865,0.11870,-0.03433,0.00698,0.08693,0.85469,-0.02865,0.11870,-0.03433,0.0300,0.0015,-0.0015,0.0300,-0.0300,0.4384,0.0300,-0.0348,0.00,0.2646,-0.0001,0.1585,0.0844
2.920,moving,0.00653,-0.04169,0.53456,-0.00591,0.56741,-0.01047,0.00698,0.08693,0.85469,-0.02865,0.11870,-0.03433,0.00655,0.08471,0.85263,-0.02633,0.12103,-0.03201,0.0300,0.0020,-0.0020,0.0300,-0.0300,0.4384,0.0300,-0.0348,0.00,0.2649,-0.0002,0.1593,0.0844
2.940,moving,0.00653,-0.04169,0.53456,-0.00591,0.56741,-0.01047,0.00698,0.08693,0.85469,-0.02865,0.11870,-0.03433,0.00654,0.07628,0.84441,-0.01781,0.12955,-0.02349,0.0300,0.0025,-0.0025,0.0300,-0.0300,0.4384,0.0300,-0.0348,0.00,0.2662,0.0000,0.1628,0.0844
2.960,moving,0.00653,-0.04169,0.53456,-0.00591,0.56741,-0.01047,0.00698,0.08693,0.85469,-0.02865,0.11870,-0.03433,0.00655,0.06165,0.82992,-0.00902,0.14427,-0.01403,0.0300,0.0030,-0.0030,0.0300,-0.0300,0.4383,0.0300,-0.0348,0.00,0.2684,0.0002,0.1689,0.0844
2.980,moving,0.00653,-0.04169,0.53456,-0.00591,0.56741,-0.01047,0.00655,0.06165,0.82992,-0.00902,0.14427,-0.01403,0.00655,0.04082,0.80917,-0.00614,0.16518,-0.01057,0.0300,0.0035,-0.0035,0.0300,-0.0300,0.4383,0.0300,-0.0348,0.00,0.2713,0.0003,0.1779,0.0844
3.000,moving,0.00653,-0.04169,0.53456,-0.00591,0.56741,-0.01047,0.00655,0.06165,0.82992,-0.00902,0.14427,-0.01403,0.00655,0.01586,0.78480,-0.00607,0.19012,-0.01042,0.0300,0.0040,-0.0040,0.0300,-0.0300,0.4383,0.0300,-0.0348,0.00,0.2742,0.0003,0.1886,0.0844
3.020,moving,0.00653,-0.04169,0.53456,-0.00591,0.56741,-0.01047,0.00655,0.06165,0.82992,-0.00902,0.14427,-0.01403,0.00654,0.00101,0.77214,-0.00601,0.19867,-0.01042,0.0300,0.0045,-0.0045,0.0300,-0.0300,0.4383,0.0300,-0.0348,0.00,0.2762,0.0003,0.1953,0.0844
3.040,moving,0.00653,-0.04169,0.53456,-0.00591,0.56741,-0.01047,0.00655,0.06165,0.82992,-0.00902,0.14427,-0.01403,0.00654,-0.00639,0.76450,-0.00601,0.20718,-0.01042,0.0300,0.0050,-0.0050,0.0300,-0.0300,0.4383,0.0300,-0.0348,0.00,0.2768,0.0003,0.1986,0.0844
3.060,moving,0.00653,-0.04169,0.53456,-0.00591,0.56741,-0.01047,0.00655,0.06165,0.82992,-0.00902,0.14427,-0.01403,0.00654,-0.02022,0.75057,-0.00602,0.22185,-0.01043,0.0300,0.0055,-0.0055,0.0300,-0.0300,0.4384,0.0300,-0.0348,0.00,0.2780,0.0003,0.2047,0.0844
3.080,moving,0.00653,-0.04169,0.53456,-0.00591,0.56741,-0.01047,0.00655,0.06165,0.82992,-0.00902,0.14427,-0.01403,0.00653,-0.03264,0.73001,-0.00601,0.24276,-0.01043,0.0300,0.0060,-0.0060,0.0300,-0.0300,0.4384,0.0300,-0.0348,0.00,0.2797,0.0003,0.2118,0.0843
3.100,moving,0.00653,-0.04169,0.53456,-0.00591,0.56741,-0.01047,0.00653,-0.03264,0.73001,-0.00601,0.24276,-0.01043,0.00653,-0.03884,0.70562,-0.00600,0.26768,-0.01043,0.0300,0.0065,-0.0065,0.0300,-0.0300,0.4385,0.0300,-0.0348,0.00,0.2817,0.0003,0.2179,0.0844
3.120,moving,0.00653,-0.04169,0.53456,-0.00591,0.56741,-0.01047,0.00653,-0.03264,0.73001,-0.00601,0.24276,-0.01043,0.00653,-0.04000,0.69508,-0.00597,0.27624,-0.01044,0.0300,0.0069,-0.0069,0.0300,-0.0300,0.4385,0.0300,-0.0348,0.00,0.2829,0.0003,0.2203,0.0843
3.140,moving,0.00653,-0.04169,0.53456,-0.00591,0.56741,-0.01047,0.00653,-0.03264,0.73001,-0.00601,0.24276,-0.01043,0.00652,-0.03956,0.68734,-0.00597,0.28474,-0.01044,0.0300,0.0074,-0.0074,0.0300,-0.0300,0.4386,0.0300,-0.0348,0.00,0.2835,0.0002,0.2215,0.0843
3.160,moving,0.00653,-0.04169,0.53456,-0.00591,0.56741,-0.01047,0.00653,-0.03264,0.73001,-0.00601,0.24276,-0.01043,0.00652,-0.03919,0.67325,-0.00597,0.29945,-0.01044,0.0300,0.0079,-0.0079,0.0300,-0.0300,0.4386,0.0300,-0.0348,0.00,0.2846,0.0002,0.2240,0.0843
3.180,moving,0.00653,-0.04169,0.53456,-0.00591,0.56741,-0.01047,0.00653,-0.03264,0.73001,-0.00601,0.24276,-0.01043,0.00652,-0.03888,0.65284,-0.00597,0.32037,-0.01044,0.0300,0.0084,-0.0084,0.0300,-0.0300,0.4386,0.0300,-0.0348,0.00,0.2862,0.0002,0.2276,0.0843
3.200,moving,0.00653,-0.04169,0.53456,-0.00591,0.56741,-0.01047,0.00653,-0.03264,0.73001,-0.00601,0.24276,-0.01043,0.00652,-0.03867,0.62853,-0.00596,0.34531,-0.01044,0.0300,0.0089,-0.0088,0.0300,-0.0300,0.4386,0.0300,-0.0348,0.00,0.2880,0.0002,0.2320,0.0843
3.220,moving,0.00653,-0.04169,0.53456,-0.00591,0.56741,-0.01047,0.00652,-0.03867,0.62853,-0.00596,0.34531,-0.01044,0.00652,-0.03867,0.61822,-0.00595,0.35390,-0.01044,0.0300,0.0093,-0.0093,0.0300,-0.0300,0.4385,0.0300,-0.0348,0.00,0.2890,0.0002,0.2341,0.0843
3.240,moving,0.00653,-0.04169,0.53456,-0.00591,0.56741,-0.01047,0.00652,-0.03867,0.62853,-0.00596,0.34531,-0.01044,0.00652,-0.03844,0.61038,-0.00595,0.36241,-0.01044,0.0300,0.0098,-0.0098,0.0300,-0.0300,0.4384,0.0300,-0.0348,0.00,0.2895,0.0002,0.2355,0.0844
3.260,moving,0.00653,-0.04169,0.53456,-0.00591,0.56741,-0.01047,0.00652,-0.03867,0.62853,-0.00596,0.34531,-0.01044,0.00652,-0.03824,0.59619,-0.00594,0.37714,-0.01045,0.0300,0.0103,-0.0103,0.0300,-0.0300,0.4384,0.0300,-0.0348,0.00,0.2904,0.0002,0.2381,0.0844
3.280,moving,0.00653,-0.04169,0.53456,-0.00591,0.56741,-0.01047,0.00652,-0.03867,0.62853,-0.00596,0.34531,-0.01044,0.00652,-0.03807,0.57569,-0.00594,0.39807,-0.01045,0.0300,0.0107,-0.0107,0.0300,-0.0300,0.4383,0.0300,-0.0348,0.00,0.2917,0.0002,0.2419,0.0844
3.300,moving,0.00653,-0.04169,0.53456,-0.00591,0.56741,-0.01047,0.00652,-0.03867,0.62853,-0.00596,0.34531,-0.01044,0.00652,-0.03806,0.55590,-0.00593,0.42302,-0.01045,0.0300,0.0112,-0.0112,0.0300,-0.0300,0.4383,0.0300,-0.0348,0.00,0.2922,0.0002,0.2451,0.0844
3.320,moving,0.00653,-0.04169,0.53456,-0.00591,0.56741,-0.01047,0.00652,-0.03867,0.62853,-0.00596,0.34531,-0.01044,0.00652,-0.03808,0.54971,-0.00593,0.43160,-0.01045,0.0300,0.0117,-0.0117,0.0300,-0.0300,0.4383,0.0300,-0.0348,0.00,0.2922,0.0002,0.2460,0.0844
3.340,moving,0.00653,-0.04169,0.53456,-0.00591,0.56741,-0.01047,0.00652,-0.03808,0.54971,-0.00593,0.43160,-0.01045,0.00652,-0.03794,0.54180,-0.00592,0.44013,-0.01045,0.0300,0.0121,-0.0121,0.0300,-0.0300,0.4383,0.0300,-0.0348,0.00,0.2926,0.0001,0.2475,0.0844
3.360,moving,0.00653,-0.04169,0.53456,-0.00591,0.56741,-0.01047,0.00652,-0.03808,0.54971,-0.00593,0.43160,-0.01045,0.00652,-0.03796,0.53577,-0.00592,0.45486,-0.01045,0.0300,0.0126,-0.0126,0.0300,-0.0300,0.4383,0.0300,-0.0348,0.00,0.2916,0.0001,0.2477,0.0844
3.380,moving,0.00653,-0.04169,0.53456,-0.00591,0.56741,-0.01047,0.00652,-0.03808,0.54971,-0.00593,0.43160,-0.01045,0.00652,-0.03794,0.53476,-0.00591,0.47579,-0.01045,0.0300,0.0130,-0.0130,0.0300,-0.0300,0.4383,0.0300,-0.0348,0.00,0.2886,0.0001,0.2458,0.0844
3.400,moving,0.00653,-0.04169,0.53456,-0.00591,0.56741,-0.01047,0.00652,-0.03808,0.54971,-0.00593,0.43160,-0.01045,0.00652,-0.03787,0.53490,-0.00591,0.50074,-0.01045,0.0300,0.0135,-0.0135,0.0300,-0.0300,0.4383,0.0300,-0.0348,0.00,0.2846,0.0000,0.2431,0.0844
3.420,moving,0.00653,-0.04169,0.53456,-0.00591,0.56741,-0.01047,0.00652,-0.03808,0.54971,-0.00593,0.43160,-0.01045,0.00652,-0.03779,0.53630,-0.00591,0.50932,-0.01045,0.0300,0.0139,-0.0139,0.0300,-0.0300,0.4383,0.0300,-0.0348,0.00,0.2830,0.0000,0.2419,0.0844
3.440,moving,0.00653,-0.04169,0.53456,-0.00591,0.56741,-0.01047,0.00652,-0.03808,0.54971,-0.00593,0.43160,-0.01045,0.00652,-0.03776,0.53604,-0.00591,0.51785,-0.01045,0.0300,0.0144,-0.0144,0.0300,-0.0300,0.4384,0.0300,-0.0348,0.00,0.2817,0.0000,0.2411,0.0844
3.460,moving,0.00653,-0.04169,0.53456,-0.00591,0.56741,-0.01047,0.00652,-0.03776,0.53604,-0.00591,0.51785,-0.01045,0.00652,-0.03774,0.53584,-0.00591,0.53257,-0.01045,0.0300,0.0149,-0.0148,0.0300,-0.0300,0.4384,0.0300,-0.0348,0.00,0.2793,-0.0000,0.2397,0.0844
3.480,moving,0.00653,-0.04169,0.53456,-0.00591,0.56741,-0.01047,0.00652,-0.03776,0.53604,-0.00591,0.51785,-0.01045,0.00652,-0.03772,0.53580,-0.00591,0.55020,-0.01045,0.0300,0.0153,-0.0153,0.0300,-0.0300,0.4384,0.0300,-0.0348,0.00,0.2765,-0.0001,0.2381,0.0843
3.500,moving,0.00653,-0.04169,0.53456,-0.00591,0.56741,-0.01047,0.00652,-0.03776,0.53604,-0.00591,0.51785,-0.01045,0.00652,-0.03769,0.53584,-0.00591,0.56177,-0.01045,0.0300,0.0157,-0.0157,0.0300,-0.0300,0.4385,0.0300,-0.0348,0.00,0.2746,-0.0001,0.2370,0.0843
3.520,moving,0.00653,-0.04169,0.53456,-0.00591,0.56741,-0.01047,0.00652,-0.03776,0.53604,-0.00591,0.51785,-0.01045,0.00652,-0.03767,0.53583,-0.00591,0.56599,-0.01045,0.0300,0.0162,-0.0162,0.0300,-0.0300,0.4385,0.0300,-0.0348,0.00,0.2739,-0.0001,0.2366,0.0843
3.540,moving,0.00653,-0.04169,0.53456,-0.00591,0.56741,-0.01047,0.00652,-0.03776,0.53604,-0.00591,0.51785,-0.01045,0.00652,-0.03766,0.53582,-0.00591,0.56778,-0.01046,0.0300,0.0166,-0.0166,0.0300,-0.0300,0.4385,0.0300,-0.0348,0.00,0.2736,-0.0001,0.2364,0.0843
3.560,moving,0.00653,-0.04169,0.53456,-0.00591,0.56741,-0.01047,0.00652,-0.03776,0.53604,-0.00591,0.51785,-0.01045,0.00652,-0.03765,0.53574,-0.00590,0.56778,-0.01045,0.0300,0.0171,-0.0171,0.0300,-0.0300,0.4385,0.0300,-0.0348,0.00,0.2736,-0.0001,0.2364,0.0843
3.580,moving,0.06611,0.94020,-0.54031,0.00882,1.11093,0.00472,0.00652,-0.03765,0.53574,-0.00590,0.56778,-0.01045,0.00652,-0.03764,0.53567,-0.00590,0.56778,-0.01046,0.0300,0.0175,-0.0175,0.0300,-0.0300,0.4385,0.0300,-0.0348,0.00,0.2736,-0.0001,0.2365,0.0843
3.600,moving,0.06611,0.94020,-0.54031,0.00882,1.11093,0.00472,0.00652,-0.03765,0.53574,-0.00590,0.56778,-0.01045,0.00652,-0.03764,0.53561,-0.00590,0.56778,-0.01046,0.0300,0.0180,-0.0179,0.0300,-0.0300,0.4385,0.0300,-0.0348,0.00,0.2737,-0.0001,0.2365,0.0843
3.620,moving,0.06611,0.94020,-0.54031,0.00882,1.11093,0.00472,0.00652,-0.03765,0.53574,-0.00590,0.56778,-0.01045,0.00862,-0.03536,0.53331,-0.00358,0.57011,-0.00817,0.0300,0.0184,-0.0184,0.0300,-0.0300,0.4385,0.0300,-0.0348,0.00,0.2739,0.0007,0.2363,0.0843
3.640,moving,0.06611,0.94020,-0.54031,0.00882,1.11093,0.00472,0.00652,-0.03765,0.53574,-0.00590,0.56778,-0.01045,0.01690,-0.02688,0.52483,0.00423,0.57864,-0.00032,0.0300,0.0188,-0.0188,0.0300,-0.0300,0.4385,0.0299,-0.0349,0.00,0.2747,0.0038,0.2356,0.0843
3.660,moving,0.06611,0.94020,-0.54031,0.00882,1.11093,0.00472,0.00652,-0.03765,0.53574,-0.00590,0.56778,-0.01045,0.03148,-0.01221,0.51014,0.00850,0.59337,0.00423,0.0300,0.0193,-0.0193,0.0300,-0.0300,0.4386,0.0298,-0.0349,0.00,0.2761,0.0083,0.2344,0.0843
3.680,moving,0.06611,0.94020,-0.54031,0.00882,1.11093,0.00472,0.00652,-0.03765,0.53574,-0.00590,0.56778,-0.01045,0.04889,0.00867,0.48924,0.00885,0.61430,0.00468,0.0300,0.0197,-0.0197,0.0300,-0.0300,0.4386,0.0297,-0.0349,0.00,0.2781,0.0133,0.2327,0.0843
3.700,moving,0.06611,0.94020,-0.54031,0.00882,1.11093,0.00472,0.04889,0.00867,0.48924,0.00885,0.61430,0.00468,0.06031,0.03421,0.46470,0.00887,0.63928,0.00475,0.0300,0.0201,-0.0201,0.0300,-0.0300,0.4387,0.0299,-0.0348,0.00,0.2803,0.0166,0.2303,0.0843
3.720,moving,0.06611,0.94020,-0.54031,0.00882,1.11093,0.00472,0.04889,0.00867,0.48924,0.00885,0.61430,0.00468,0.06455,0.04709,0.45622,0.00892,0.64790,0.00482,0.0300,0.0206,-0.0206,0.0300,-0.0300,0.4387,0.0301,-0.0347,0.00,0.2812,0.0179,0.2283,0.0844
3.740,moving,0.06611,0.94020,-0.54031,0.00882,1.11093,0.00472,0.04889,0.00867,0.48924,0.00885,0.61430,0.00468,0.06620,0.05489,0.44773,0.00896,0.65644,0.00489,0.0300,0.0210,-0.0210,0.0300,-0.0300,0.4385,0.0303,-0.0348,0.00,0.2820,0.0184,0.2277,0.0843
3.760,moving,0.06611,0.94020,-0.54031,0.00882,1.11093,0.00472,0.04889,0.00867,0.48924,0.00885,0.61430,0.00468,0.06621,0.06903,0.43288,0.00899,0.67121,0.00493,0.0300,0.0214,-0.0214,0.0300,-0.0300,0.4385,0.0303,-0.0347,0.00,0.2834,0.0186,0.2266,0.0844
3.780,moving,0.06611,0.94020,-0.54031,0.00882,1.11093,0.00472,0.04889,0.00867,0.48924,0.00885,0.61430,0.00468,0.06618,0.08943,0.41192,0.00901,0.69214,0.00496,0.0300,0.0218,-0.0218,0.0300,-0.0300,0.4384,0.0302,-0.0348,0.00,0.2853,0.0187,0.2248,0.0844
3.800,moving,0.06611,0.94020,-0.54031,0.00882,1.11093,0.00472,0.04889,0.00867,0.48924,0.00885,0.61430,0.00468,0.06614,0.11462,0.38725,0.00902,0.71714,0.00498,0.0300,0.0223,-0.0223,0.0300,-0.0300,0.4384,0.0301,-0.0348,0.00,0.2875,0.0189,0.2224,0.0843
3.820,moving,0.06611,0.94020,-0.54031,0.00882,1.11093,0.00472,0.06614,0.11462,0.38725,0.00902,0.71714,0.00498,0.06606,0.12781,0.37864,0.00904,0.72576,0.00499,0.0300,0.0227,-0.0227,0.0300,-0.0300,0.4384,0.0300,-0.0347,0.00,0.2885,0.0189,0.2202,0.0844
3.840,moving,0.06611,0.94020,-0.54031,0.00882,1.11093,0.00472,0.06614,0.11462,0.38725,0.00902,0.71714,0.00498,0.06604,0.13530,0.37007,0.00904,0.73433,0.00500,0.0300,0.0231,-0.0231,0.0300,-0.0300,0.4382,0.0300,-0.0349,0.00,0.2892,0.0190,0.2197,0.0843
3.860,moving,0.06611,0.94020,-0.54031,0.00882,1.11093,0.00472,0.06614,0.11462,0.38725,0.00902,0.71714,0.00498,0.06602,0.14909,0.35526,0.00905,0.74908,0.00501,0.0300,0.0235,-0.0235,0.0300,-0.0300,0.4382,0.0300,-0.0348,0.00,0.2905,0.0191,0.2186,0.0844
3.880,moving,0.06611,0.94020,-0.54031,0.00882,1.11093,0.00472,0.06614,0.11462,0.38725,0.00902,0.71714,0.00498,0.06601,0.16923,0.33427,0.00906,0.77002,0.00501,0.0300,0.0239,-0.0239,0.0300,-0.0300,0.4382,0.0300,-0.0348,0.00,0.2923,0.0192,0.2168,0.0844
3.900,moving,0.06611,0.94020,-0.54031,0.00882,1.11093,0.00472,0.06614,0.11462,0.38725,0.00902,0.71714,0.00498,0.06599,0.19423,0.30953,0.00907,0.79502,0.00502,0.0300,0.0243,-0.0243,0.0300,-0.0300,0.4383,0.0300,-0.0348,0.00,0.2943,0.0194,0.2142,0.0844
3.920,moving,0.06611,0.94020,-0.54031,0.00882,1.11093,0.00472,0.06614,0.11462,0.38725,0.00902,0.71714,0.00498,0.06596,0.20763,0.30085,0.00908,0.80364,0.00503,0.0300,0.0248,-0.0248,0.0300,-0.0300,0.4383,0.0301,-0.0348,0.00,0.2952,0.0194,0.2119,0.0844
3.940,moving,0.06611,0.94020,-0.54031,0.00882,1.11093,0.00472,0.06596,0.20763,0.30085,0.00908,0.80364,0.00503,0.06597,0.21489,0.29236,0.00909,0.81219,0.00504,0.0300,0.0252,-0.0252,0.0300,-0.0300,0.4383,0.0301,-0.0348,0.00,0.2958,0.0195,0.2114,0.0843
3.960,moving,0.06611,0.94020,-0.54031,0.00882,1.11093,0.00472,0.06596,0.20763,0.30085,0.00908,0.80364,0.00503,0.06597,0.22851,0.27754,0.00909,0.82694,0.00504,0.0300,0.0256,-0.0256,0.0300,-0.0300,0.4383,0.0301,-0.0348,0.00,0.2970,0.0196,0.2102,0.0844
3.980,moving,0.06611,0.94020,-0.54031,0.00882,1.11093,0.00472,0.06596,0.20763,0.30085,0.00908,0.80364,0.00503,0.06598,0.24850,0.25658,0.00909,0.84787,0.00504,0.0300,0.0260,-0.0260,0.0300,-0.0300,0.4384,0.0300,-0.0348,0.00,0.2986,0.0197,0.2083,0.0844
4.000,moving,0.06611,0.94020,-0.54031,0.00882,1.11093,0.00472,0.06596,0.20763,0.30085,0.00908,0.80364,0.00503,0.06596,0.27336,0.23181,0.00910,0.87286,0.00505,0.0300,0.0264,-0.0264,0.0300,-0.0300,0.4385,0.0300,-0.0348,0.00,0.3005,0.0199,0.2057,0.0843
4.020,moving,0.06611,0.94020,-0.54031,0.00882,1.11093,0.00472,0.06596,0.20763,0.30085,0.00908,0.80364,0.00503,0.06593,0.28715,0.22309,0.00910,0.88148,0.00505,0.0300,0.0268,-0.0268,0.0300,-0.0300,0.4385,0.0300,-0.0347,0.00,0.3012,0.0199,0.2032,0.0844
4.040,moving,0.06611,0.94020,-0.54031,0.00882,1.11093,0.00472,0.06596,0.20763,0.30085,0.00908,0.80364,0.00503,0.06594,0.29437,0.21458,0.00910,0.89004,0.00504,0.0300,0.0272,-0.0272,0.0300,-0.0300,0.4384,0.0301,-0.0348,0.00,0.3018,0.0200,0.2026,0.0843
4.060,moving,0.06611,0.94020,-0.54031,0.00882,1.11093,0.00472,0.06594,0.29437,0.21458,0.00910,0.89004,0.00504,0.06595,0.30782,0.19982,0.00910,0.90478,0.00504,0.0300,0.0276,-0.0276,0.0300,-0.0300,0.4384,0.0301,-0.0348,0.00,0.3028,0.0201,0.2014,0.0844
4.080,moving,0.06611,0.94020,-0.54031,0.00882,1.11093,0.00472,0.06594,0.29437,0.21458,0.00910,0.89004,0.00504,0.06595,0.32767,0.17888,0.00909,0.92570,0.00503,0.0300,0.0280,-0.0280,0.0300,-0.0300,0.4384,0.0300,-0.0348,0.00,0.3043,0.0202,0.1994,0.0843
4.100,moving,0.06611,0.94020,-0.54031,0.00882,1.11093,0.00472,0.06594,0.29437,0.21458,0.00910,0.89004,0.00504,0.06594,0.35244,0.15411,0.00909,0.95069,0.00503,0.0300,0.0284,-0.0284,0.0300,-0.0300,0.4385,0.0300,-0.0348,0.00,0.3059,0.0203,0.1966,0.0843
4.120,moving,0.06611,0.94020,-0.54031,0.00882,1.11093,0.00472,0.06594,0.29437,0.21458,0.00910,0.89004,0.00504,0.06592,0.36648,0.14541,0.00910,0.95930,0.00504,0.0300,0.0287,-0.0286,0.0300,-0.0300,0.4385,0.0300,-0.0348,0.00,0.3065,0.0204,0.1940,0.0844
4.140,moving,0.06611,0.94020,-0.54031,0.00882,1.11093,0.00472,0.06594,0.29437,0.21458,0.00910,0.89004,0.00504,0.06592,0.37378,0.13687,0.00910,0.96785,0.00504,0.0300,0.0289,-0.0289,0.0300,-0.0300,0.4383,0.0301,-0.0348,0.00,0.3071,0.0204,0.1934,0.0843
4.160,moving,0.06611,0.94020,-0.54031,0.00882,1.11093,0.00472,0.06594,0.29437,0.21458,0.00910,0.89004,0.00504,0.06593,0.38708,0.12212,0.00910,0.98258,0.00503,0.0300,0.0291,-0.0291,0.0300,-0.0300,0.4383,0.0301,-0.0348,0.00,0.3080,0.0205,0.1922,0.0844
4.180,moving,0.06611,0.94020,-0.54031,0.00882,1.11093,0.00472,0.06593,0.38708,0.12212,0.00910,0.98258,0.00503,0.06594,0.40682,0.10119,0.00910,1.00350,0.00503,0.0300,0.0293,-0.0293,0.0300,-0.0300,0.4384,0.0300,-0.0348,0.00,0.3093,0.0206,0.1901,0.0844
4.200,moving,0.06611,0.94020,-0.54031,0.00882,1.11093,0.00472,0.06593,0.38708,0.12212,0.00910,0.98258,0.00503,0.06593,0.43149,0.07645,0.00910,1.02848,0.00503,0.0300,0.0294,-0.0294,0.0300,-0.0300,0.4384,0.0300,-0.0348,0.00,0.3107,0.0207,0.1872,0.0844
4.220,moving,0.06611,0.94020,-0.54031,0.00882,1.11093,0.00472,0.06593,0.38708,0.12212,0.00910,0.98258,0.00503,0.06591,0.44582,0.06775,0.00909,1.03709,0.00502,0.0300,0.0295,-0.0295,0.0300,-0.0300,0.4384,0.0301,-0.0348,0.00,0.3112,0.0207,0.1845,0.0844
4.240,moving,0.06611,0.94020,-0.54031,0.00882,1.11093,0.00472,0.06593,0.38708,0.12212,0.00910,0.98258,0.00503,0.06592,0.45322,0.05923,0.00909,1.04563,0.00501,0.0300,0.0296,-0.0296,0.0300,-0.0300,0.4383,0.0301,-0.0348,0.00,0.3116,0.0208,0.1838,0.0843
4.260,moving,0.06611,0.94020,-0.54031,0.00882,1.11093,0.00472,0.06593,0.38708,0.12212,0.00910,0.98258,0.00503,0.06593,0.46637,0.04449,0.00909,1.06036,0.00501,0.0300,0.0297,-0.0297,0.0300,-0.0300,0.4383,0.0301,-0.0348,0.00,0.3124,0.0208,0.1825,0.0844
4.280,moving,0.06611,0.94020,-0.54031,0.00882,1.11093,0.00472,0.06593,0.38708,0.12212,0.00910,0.98258,0.00503,0.06593,0.48598,0.02361,0.00909,1.08069,0.00501,0.0300,0.0297,-0.0297,0.0300,-0.0300,0.4384,0.0301,-0.0348,0.00,0.3136,0.0209,0.1804,0.0844
4.300,moving,0.06611,0.94020,-0.54031,0.00882,1.11093,0.00472,0.06593,0.48598,0.02361,0.00909,1.08069,0.00501,0.06593,0.51053,-0.00100,0.00909,1.09747,0.00501,0.0300,0.0298,-0.0298,0.0300,-0.0300,0.4385,0.0300,-0.0348,0.00,0.3163,0.0211,0.1774,0.0844
4.320,moving,0.06611,0.94020,-0.54031,0.00882,1.11093,0.00472,0.06593,0.48598,0.02361,0.00909,1.08069,0.00501,0.06591,0.52535,-0.00986,0.00908,1.10298,0.00500,0.0300,0.0298,-0.0298,0.0300,-0.0300,0.4384,0.0301,-0.0348,0.00,0.3173,0.0212,0.1743,0.0844
4.340,moving,0.06611,0.94020,-0.54031,0.00882,1.11093,0.00472,0.06593,0.48598,0.02361,0.00909,1.08069,0.00501,0.06591,0.53309,-0.01829,0.00909,1.10976,0.00500,0.0300,0.0299,-0.0298,0.0300,-0.0300,0.4384,0.0301,-0.0348,0.00,0.3180,0.0212,0.1735,0.0843
4.360,moving,0.06611,0.94020,-0.54031,0.00882,1.11093,0.00472,0.06593,0.48598,0.02361,0.00909,1.08069,0.00501,0.06593,0.54599,-0.03286,0.00908,1.11213,0.00500,0.0300,0.0299,-0.0299,0.0300,-0.0300,0.4384,0.0301,-0.0348,0.00,0.3209,0.0214,0.1720,0.0844
4.380,moving,0.06611,0.94020,-0.54031,0.00882,1.11093,0.00472,0.06593,0.48598,0.02361,0.00909,1.08069,0.00501,0.06594,0.56540,-0.05369,0.00908,1.11215,0.00499,0.0300,0.0299,-0.0299,0.0300,-0.0300,0.4384,0.0300,-0.0348,0.00,0.3257,0.0218,0.1695,0.0844
4.400,moving,0.06611,0.94020,-0.54031,0.00882,1.11093,0.00472,0.06593,0.48598,0.02361,0.00909,1.08069,0.00501,0.06593,0.58981,-0.07841,0.00908,1.11216,0.00498,0.0300,0.0299,-0.0299,0.0300,-0.0300,0.4385,0.0300,-0.0348,0.00,0.3312,0.0221,0.1660,0.0843
4.420,moving,0.06611,0.94020,-0.54031,0.00882,1.11093,0.00472,0.06593,0.58981,-0.07841,0.00908,1.11216,0.00498,0.06591,0.60510,-0.08770,0.00907,1.11218,0.00498,0.0300,0.0299,-0.0299,0.0300,-0.0300,0.4385,0.0301,-0.0348,0.00,0.3332,0.0222,0.1626,0.0844
4.440,moving,0.06611,0.94020,-0.54031,0.00882,1.11093,0.00472,0.06593,0.58981,-0.07841,0.00908,1.11216,0.00498,0.06592,0.61321,-0.09601,0.00907,1.11220,0.00498,0.0300,0.0300,-0.0299,0.0300,-0.0300,0.4384,0.0301,-0.0348,0.00,0.3350,0.0224,0.1614,0.0843
4.460,moving,0.06611,0.94020,-0.54031,0.00882,1.11093,0.00472,0.06593,0.58981,-0.07841,0.00908,1.11216,0.00498,0.06593,0.62582,-0.11058,0.00908,1.11219,0.00498,0.0300,0.0300,-0.0299,0.0300,-0.0300,0.4384,0.0301,-0.0348,0.00,0.3382,0.0226,0.1598,0.0844
4.480,moving,0.06611,0.94020,-0.54031,0.00882,1.11093,0.00472,0.06593,0.58981,-0.07841,0.00908,1.11216,0.00498,0.06594,0.64501,-0.13135,0.00908,1.11218,0.00498,0.0300,0.0300,-0.0300,0.0300,-0.0300,0.4384,0.0301,-0.0348,0.00,0.3428,0.0229,0.1570,0.0844
4.500,moving,0.06611,0.94020,-0.54031,0.00882,1.11093,0.00472,0.06593,0.58981,-0.07841,0.00908,1.11216,0.00498,0.06594,0.66924,-0.15601,0.00907,1.11218,0.00497,0.0300,0.0300,-0.0300,0.0300,-0.0300,0.4384,0.0300,-0.0348,0.00,0.3480,0.0232,0.1531,0.0844
4.520,moving,0.06611,0.94020,-0.54031,0.00882,1.11093,0.00472,0.06593,0.58981,-0.07841,0.00908,1.11216,0.00498,0.06592,0.68465,-0.16511,0.00907,1.11220,0.00497,0.0300,0.0300,-0.0300,0.0300,-0.0300,0.4384,0.0301,-0.0348,0.00,0.3497,0.0233,0.1493,0.0844
4.540,moving,0.06611,0.94020,-0.54031,0.00882,1.11093,0.00472,0.06592,0.68465,-0.16511,0.00907,1.11220,0.00497,0.06592,0.69335,-0.17339,0.00907,1.11221,0.00497,0.0300,0.0300,-0.0300,0.0300,-0.0300,0.4383,0.0301,-0.0348,0.00,0.3514,0.0234,0.1478,0.0844
4.560,moving,0.06611,0.94020,-0.54031,0.00882,1.11093,0.00472,0.06592,0.68465,-0.16511,0.00907,1.11220,0.00497,0.06593,0.70569,-0.18795,0.00908,1.11220,0.00497,0.0300,0.0300,-0.0300,0.0300,-0.0300,0.4383,0.0301,-0.0348,0.00,0.3545,0.0237,0.1460,0.0844
4.580,moving,0.06611,0.94020,-0.54031,0.00882,1.11093,0.00472,0.06592,0.68465,-0.16511,0.00907,1.11220,0.00497,0.06594,0.72464,-0.20872,0.00908,1.11218,0.00497,0.0300,0.0300,-0.0300,0.0300,-0.0300,0.4384,0.0301,-0.0348,0.00,0.3588,0.0239,0.1430,0.0844
4.600,moving,0.06611,0.94020,-0.54031,0.00882,1.11093,0.00472,0.06592,0.68465,-0.16511,0.00907,1.11220,0.00497,0.06594,0.74868,-0.23337,0.00908,1.11217,0.00497,0.0300,0.0300,-0.0300,0.0300,-0.0300,0.4384,0.0300,-0.0348,0.00,0.3637,0.0243,0.1388,0.0844
4.620,moving,0.06611,0.94020,-0.54031,0.00882,1.11093,0.00472,0.06592,0.68465,-0.16511,0.00907,1.11220,0.00497,0.06593,0.76421,-0.24238,0.00908,1.11218,0.00497,0.0300,0.0300,-0.0300,0.0300,-0.0300,0.4384,0.0301,-0.0348,0.00,0.3651,0.0244,0.1347,0.0844
4.640,moving,0.06611,0.94020,-0.54031,0.00882,1.11093,0.00472,0.06592,0.68465,-0.16511,0.00907,1.11220,0.00497,0.06592,0.77347,-0.25066,0.00908,1.11218,0.00497,0.0300,0.0300,-0.0300,0.0300,-0.0300,0.4384,0.0301,-0.0348,0.00,0.3667,0.0245,0.1328,0.0844
4.660,moving,0.06611,0.94020,-0.54031,0.00882,1.11093,0.00472,0.06592,0.77347,-0.25066,0.00908,1.11218,0.00497,0.06594,0.78553,-0.26523,0.00908,1.11217,0.00497,0.0300,0.0300,-0.0300,0.0300,-0.0300,0.4384,0.0301,-0.0348,0.00,0.3696,0.0247,0.1310,0.0844
4.680,moving,0.06611,0.94020,-0.54031,0.00882,1.11093,0.00472,0.06592,0.77347,-0.25066,0.00908,1.11218,0.00497,0.06595,0.80426,-0.28601,0.00908,1.11214,0.00496,0.0300,0.0300,-0.0300,0.0300,-0.0300,0.4384,0.0301,-0.0348,0.00,0.3737,0.0249,0.1278,0.0844
4.700,moving,0.06611,0.94020,-0.54031,0.00882,1.11093,0.00472,0.06592,0.77347,-0.25066,0.00908,1.11218,0.00497,0.06595,0.82811,-0.31064,0.00908,1.11212,0.00496,0.0300,0.0300,-0.0300,0.0300,-0.0300,0.4385,0.0300,-0.0348,0.00,0.3782,0.0252,0.1232,0.0844
4.720,moving,0.06611,0.94020,-0.54031,0.00882,1.11093,0.00472,0.06592,0.77347,-0.25066,0.00908,1.11218,0.00497,0.06594,0.84374,-0.31970,0.00908,1.11212,0.00496,0.0300,0.0300,-0.0300,0.0300,-0.0300,0.4384,0.0301,-0.0348,0.00,0.3794,0.0253,0.1189,0.0844
4.740,moving,0.06611,0.94020,-0.54031,0.00882,1.11093,0.00472,0.06592,0.77347,-0.25066,0.00908,1.11218,0.00497,0.06593,0.85375,-0.32798,0.00908,1.11212,0.00496,0.0300,0.0300,-0.0300,0.0300,-0.0300,0.4384,0.0301,-0.0348,0.00,0.3808,0.0254,0.1166,0.0843
4.760,moving,0.06611,0.94020,-0.54031,0.00882,1.11093,0.00472,0.06592,0.77347,-0.25066,0.00908,1.11218,0.00497,0.06594,0.86557,-0.34254,0.00908,1.11209,0.00496,0.0300,0.0300,-0.0300,0.0300,-0.0300,0.4384,0.0301,-0.0348,0.00,0.3835,0.0256,0.1147,0.0844
4.780,moving,0.06611,0.94020,-0.54031,0.00882,1.11093,0.00472,0.06594,0.86557,-0.34254,0.00908,1.11209,0.00496,0.06595,0.88402,-0.36331,0.00909,1.11206,0.00496,0.0300,0.0300,-0.0300,0.0300,-0.0300,0.4384,0.0301,-0.0348,0.00,0.3873,0.0258,0.1113,0.0844
4.800,moving,0.06611,0.94020,-0.54031,0.00882,1.11093,0.00472,0.06594,0.86557,-0.34254,0.00908,1.11209,0.00496,0.06595,0.90760,-0.38795,0.00909,1.11203,0.00496,0.0300,0.0300,-0.0300,0.0300,-0.0300,0.4384,0.0300,-0.0348,0.00,0.3915,0.0261,0.1065,0.0844
4.820,moving,0.06611,0.94020,-0.54031,0.00882,1.11093,0.00472,0.06594,0.86557,-0.34254,0.00908,1.11209,0.00496,0.06594,0.92163,-0.39703,0.00908,1.11202,0.00496,0.0300,0.0300,-0.0300,0.0300,-0.0300,0.4384,0.0301,-0.0348,0.00,0.3926,0.0262,0.1026,0.0844
4.840,moving,0.06611,0.94020,-0.54031,0.00882,1.11093,0.00472,0.06594,0.86557,-0.34254,0.00908,1.11209,0.00496,0.06594,0.93078,-0.40531,0.00909,1.11200,0.00496,0.0300,0.0300,-0.0300,0.0300,-0.0300,0.4383,0.0301,-0.0348,0.00,0.3939,0.0263,0.1005,0.0844
4.860,moving,0.06611,0.94020,-0.54031,0.00882,1.11093,0.00472,0.06594,0.86557,-0.34254,0.00908,1.11209,0.00496,0.06595,0.94227,-0.41985,0.00909,1.11197,0.00496,0.0300,0.0300,-0.0300,0.0300,-0.0300,0.4383,0.0301,-0.0347,0.00,0.3965,0.0264,0.0985,0.0844
4.880,moving,0.06611,0.94020,-0.54031,0.00882,1.11093,0.00472,0.06594,0.86557,-0.34254,0.00908,1.11209,0.00496,0.06594,0.95292,-0.44063,0.00909,1.11196,0.00496,0.0300,0.0300,-0.0300,0.0300,-0.0300,0.4383,0.0301,-0.0348,0.00,0.4006,0.0267,0.0980,0.0844
4.900,moving,0.06611,0.94020,-0.54031,0.00882,1.11093,0.00472,0.06594,0.95292,-0.44063,0.00909,1.11196,0.00496,0.06594,0.95990,-0.46523,0.00910,1.11194,0.00496,0.0300,0.0300,-0.0300,0.0300,-0.0300,0.4384,0.0301,-0.0348,0.00,0.4060,0.0271,0.0997,0.0844
4.920,moving,0.06611,0.94020,-0.54031,0.00882,1.11093,0.00472,0.06594,0.95292,-0.44063,0.00909,1.11196,0.00496,0.06594,0.95892,-0.47427,0.00910,1.11189,0.00496,0.0300,0.0300,-0.0300,0.0300,-0.0300,0.4383,0.0301,-0.0348,0.00,0.4083,0.0272,0.1018,0.0844
4.940,moving,0.06611,0.94020,-0.54031,0.00882,1.11093,0.00472,0.06594,0.95292,-0.44063,0.00909,1.11196,0.00496,0.06594,0.95680,-0.48251,0.00910,1.11186,0.00496,0.0300,0.0300,-0.0300,0.0300,-0.0300,0.4383,0.0301,-0.0348,0.00,0.4105,0.0274,0.1043,0.0844
4.960,moving,0.06611,0.94020,-0.54031,0.00882,1.11093,0.00472,0.06594,0.95292,-0.44063,0.00909,1.11196,0.00496,0.06594,0.95510,-0.49702,0.00910,1.11183,0.00496,0.0300,0.0300,-0.0300,0.0300,-0.0300,0.4383,0.0301,-0.0348,0.00,0.4141,0.0276,0.1078,0.0844
4.980,moving,0.06611,0.94020,-0.54031,0.00882,1.11093,0.00472,0.06594,0.95292,-0.44063,0.00909,1.11196,0.00496,0.06594,0.95358,-0.51649,0.00910,1.11179,0.00496,0.0300,0.0300,-0.0300,0.0300,-0.0300,0.4384,0.0301,-0.0348,0.00,0.4188,0.0279,0.1123,0.0844
5.000,moving,0.06611,0.94020,-0.54031,0.00882,1.11093,0.00472,0.06594,0.95292,-0.44063,0.00909,1.11196,0.00496,0.06595,0.95207,-0.53140,0.00910,1.11174,0.00496,0.0300,0.0300,-0.0300,0.0300,-0.0300,0.4384,0.0301,-0.0348,0.00,0.4224,0.0281,0.1159,0.0844
5.020,moving,0.06611,0.94020,-0.54031,0.00882,1.11093,0.00472,0.06595,0.95207,-0.53140,0.00910,1.11174,0.00496,0.06595,0.95079,-0.53653,0.00910,1.11169,0.00495,0.0300,0.0300,-0.0300,0.0300,-0.0300,0.4384,0.0301,-0.0348,0.00,0.4237,0.0282,0.1175,0.0844
5.040,moving,0.06611,0.94020,-0.54031,0.00882,1.11093,0.00472,0.06595,0.95207,-0.53140,0.00910,1.11174,0.00496,0.06595,0.94998,-0.54154,0.00910,1.11166,0.00495,0.0300,0.0300,-0.0300,0.0300,-0.0300,0.4384,0.0301,-0.0348,0.00,0.4249,0.0283,0.1189,0.0844
5.060,moving,0.06611,0.94020,-0.54031,0.00882,1.11093,0.00472,0.06595,0.95207,-0.53140,0.00910,1.11174,0.00496,0.06595,0.94925,-0.54229,0.00911,1.11163,0.00495,0.0300,0.0300,-0.0300,0.0300,-0.0300,0.4384,0.0301,-0.0348,0.00,0.4251,0.0283,0.1194,0.0844
5.080,moving,0.06611,0.94020,-0.54031,0.00882,1.11093,0.00472,0.06595,0.95207,-0.53140,0.00910,1.11174,0.00496,0.06595,0.94875,-0.54218,0.00911,1.11161,0.00495,0.0300,0.0300,-0.0300,0.0300,-0.0300,0.4384,0.0301,-0.0348,0.00,0.4251,0.0283,0.1195,0.0844
5.100,moving,0.06611,0.94020,-0.54031,0.00882,1.11093,0.00472,0.06595,0.95207,-0.53140,0.00910,1.11174,0.00496,0.06595,0.94835,-0.54210,0.00911,1.11159,0.00496,0.0300,0.0300,-0.0300,0.0300,-0.0300,0.4384,0.0301,-0.0348,0.00,0.4251,0.0283,0.1197,0.0844
5.120,moving,0.06611,0.94020,-0.54031,0.00882,1.11093,0.00472,0.06595,0.95207,-0.53140,0.00910,1.11174,0.00496,0.06595,0.94802,-0.54203,0.00911,1.11157,0.00496,0.0300,0.0300,-0.0300,0.0300,-0.0300,0.4384,0.0301,-0.0348,0.00,0.4251,0.0283,0.1198,0.0844
5.140,moving,0.06611,0.94020,-0.54031,0.00882,1.11093,0.00472,0.06595,0.94802,-0.54203,0.00911,1.11157,0.00496,0.06595,0.94775,-0.54197,0.00911,1.11156,0.00496,0.0300,0.0300,-0.0300,0.0300,-0.0300,0.4384,0.0301,-0.0348,0.00,0.4251,0.0283,0.1199,0.0844
5.160,moving,0.06611,0.94020,-0.54031,0.00882,1.11093,0.00472,0.06595,0.94802,-0.54203,0.00911,1.11157,0.00496,0.06595,0.94753,-0.54192,0.00911,1.11155,0.00496,0.0300,0.0300,-0.0300,0.0300,-0.0300,0.4384,0.0301,-0.0348,0.00,0.4251,0.0283,0.1200,0.0844
5.180,moving,0.06611,0.94020,-0.54031,0.00882,1.11093,0.00472,0.06595,0.94802,-0.54203,0.00911,1.11157,0.00496,0.06595,0.94735,-0.54188,0.00911,1.11154,0.00496,0.0300,0.0300,-0.0300,0.0300,-0.0300,0.4384,0.0301,-0.0348,0.00,0.4251,0.0283,0.1201,0.0844
5.200,moving,0.06611,0.94020,-0.54031,0.00882,1.11093,0.00472,0.06595,0.94802,-0.54203,0.00911,1.11157,0.00496,0.06595,0.94721,-0.54185,0.00911,1.11153,0.00496,0.0300,0.0300,-0.0300,0.0300,-0.0300,0.4384,0.0301,-0.0348,0.00,0.4252,0.0283,0.1201,0.0844
5.220,moving,0.06611,0.94020,-0.54031,0.00882,1.11093,0.00472,0.06595,0.94802,-0.54203,0.00911,1.11157,0.00496,0.06595,0.94708,-0.54182,0.00912,1.11153,0.00496,0.0300,0.0300,-0.0300,0.0300,-0.0300,0.4384,0.0301,-0.0348,0.00,0.4252,0.0283,0.1202,0.0844
5.240,moving,0.06611,0.94020,-0.54031,0.00882,1.11093,0.00472,0.06595,0.94802,-0.54203,0.00911,1.11157,0.00496,0.06595,0.94699,-0.54180,0.00912,1.11153,0.00496,0.0300,0.0300,-0.0300,0.0300,-0.0300,0.4384,0.0301,-0.0348,0.00,0.4252,0.0283,0.1202,0.0844
5.260,moving,0.06611,0.94020,-0.54031,0.00882,1.11093,0.00472,0.06595,0.94699,-0.54180,0.00912,1.11153,0.00496,0.06595,0.94691,-0.54178,0.00912,1.11152,0.00496,0.0300,0.0300,-0.0300,0.0300,-0.0300,0.4384,0.0301,-0.0348,0.00,0.4252,0.0283,0.1202,0.0844
5.280,moving,0.06611,0.94020,-0.54031,0.00882,1.11093,0.00472,0.06595,0.94699,-0.54180,0.00912,1.11153,0.00496,0.06595,0.94684,-0.54177,0.00912,1.11152,0.00496,0.0300,0.0300,-0.0300,0.0300,-0.0300,0.4384,0.0301,-0.0348,0.00,0.4252,0.0283,0.1203,0.0844
5.300,moving,0.06611,0.94020,-0.54031,0.00882,1.11093,0.00472,0.06595,0.94699,-0.54180,0.00912,1.11153,0.00496,0.06595,0.94679,-0.54175,0.00912,1.11152,0.00496,0.0300,0.0300,-0.0300,0.0300,-0.0300,0.4384,0.0301,-0.0348,0.00,0.4252,0.0283,0.1203,0.0844
5.320,moving,0.06611,0.94020,-0.54031,0.00882,1.11093,0.00472,0.06595,0.94699,-0.54180,0.00912,1.11153,0.00496,0.06595,0.94675,-0.54175,0.00912,1.11152,0.00496,0.0300,0.0300,-0.0300,0.0300,-0.0300,0.4384,0.0301,-0.0348,0.00,0.4252,0.0283,0.1203,0.0844
5.340,moving,0.06611,0.94020,-0.54031,0.00882,1.11093,0.00472,0.06595,0.94699,-0.54180,0.00912,1.11153,0.00496,0.06595,0.94671,-0.54174,0.00912,1.11151,0.00496,0.0300,0.0300,-0.0300,0.0300,-0.0300,0.4384,0.0301,-0.0348,0.00,0.4252,0.0283,0.1203,0.0844
5.360,moving,0.06611,0.94020,-0.54031,0.00882,1.11093,0.00472,0.06595,0.94699,-0.54180,0.00912,1.11153,0.00496,0.06595,0.94668,-0.54173,0.00912,1.11151,0.00496,0.0300,0.0300,-0.0300,0.0300,-0.0300,0.4384,0.0301,-0.0348,0.00,0.4252,0.0283,0.1203,0.0844
5.380,moving,0.06611,0.94020,-0.54031,0.00882,1.11093,0.00472,0.06595,0.94668,-0.54173,0.00912,1.11151,0.00496,0.06595,0.94666,-0.54173,0.00912,1.11151,0.00496,0.0300,0.0300,-0.0300,0.0300,-0.0300,0.4384,0.0301,-0.0348,0.00,0.4252,0.0283,0.1203,0.0844
5.400,moving,0.06611,0.94020,-0.54031,0.00882,1.11093,0.00472,0.06595,0.94668,-0.54173,0.00912,1.11151,0.00496,0.06595,0.94664,-0.54172,0.00912,1.11151,0.00496,0.0300,0.0300,-0.0300,0.0300,-0.0300,0.4384,0.0301,-0.0348,0.00,0.4252,0.0283,0.1204,0.0844
5.420,moving,0.06611,0.94020,-0.54031,0.00882,1.11093,0.00472,0.06595,0.94668,-0.54173,0.00912,1.11151,0.00496,0.06595,0.94662,-0.54172,0.00912,1.11151,0.00496,0.0300,0.0300,-0.0300,0.0300,-0.0300,0.4384,0.0301,-0.0348,0.00,0.4252,0.0283,0.1204,0.0844
5.440,moving,0.06611,0.94020,-0.54031,0.00882,1.11093,0.00472,0.06595,0.94668,-0.54173,0.00912,1.11151,0.00496,0.06595,0.94661,-0.54172,0.00912,1.11151,0.00496,0.0300,0.0300,-0.0300,0.0300,-0.0300,0.4384,0.0301,-0.0348,0.00,0.4252,0.0283,0.1204,0.0844
5.460,moving,0.06611,0.94020,-0.54031,0.00882,1.11093,0.00472,0.06595,0.94668,-0.54173,0.00912,1.11151,0.00496,0.06595,0.94660,-0.54171,0.00912,1.11151,0.00496,0.0300,0.0300,-0.0300,0.0300,-0.0300,0.4384,0.0301,-0.0348,0.00,0.4252,0.0283,0.1204,0.0844
5.480,refine,0.06611,0.94020,-0.54031,0.00882,1.11093,0.00472,0.06595,0.94668,-0.54173,0.00912,1.11151,0.00496,0.06595,0.94659,-0.54171,0.00912,1.11151,0.00496,0.0300,0.0300,-0.0300,0.0300,-0.0300,0.4384,0.0301,-0.0348,0.00,0.4252,0.0283,0.1204,0.0844
5.500,refine,0.06611,0.94020,-0.54031,0.00882,1.11093,0.00472,0.06595,0.94659,-0.54171,0.00912,1.11151,0.00496,0.06595,0.94658,-0.54171,0.00912,1.11151,0.00496,0.0300,0.0300,-0.0300,0.0300,-0.0300,0.4384,0.0301,-0.0348,0.00,0.4252,0.0283,0.1204,0.0844
5.520,refine,0.06611,0.94020,-0.54031,0.00882,1.11093,0.00472,0.06595,0.94659,-0.54171,0.00912,1.11151,0.00496,0.06595,0.94658,-0.54171,0.00912,1.11151,0.00496,0.0300,0.0300,-0.0300,0.0300,-0.0300,0.4384,0.0301,-0.0348,0.00,0.4252,0.0283,0.1204,0.0844
5.540,refine,0.06611,0.94020,-0.54031,0.00882,1.11093,0.00472,0.06595,0.94659,-0.54171,0.00912,1.11151,0.00496,0.06595,0.94657,-0.54171,0.00912,1.11151,0.00496,0.0300,0.0300,-0.0300,0.0300,-0.0300,0.4384,0.0301,-0.0348,0.00,0.4252,0.0283,0.1204,0.0844
5.560,refine,0.06611,0.94020,-0.54031,0.00882,1.11093,0.00472,0.06595,0.94659,-0.54171,0.00912,1.11151,0.00496,0.06595,0.94657,-0.54171,0.00912,1.11151,0.00496,0.0300,0.0300,-0.0300,0.0300,-0.0300,0.4384,0.0301,-0.0348,0.00,0.4252,0.0283,0.1204,0.0844
5.580,refine,0.06611,0.94020,-0.54031,0.00882,1.11093,0.00472,0.06595,0.94659,-0.54171,0.00912,1.11151,0.00496,0.06595,0.94657,-0.54170,0.00912,1.11151,0.00496,0.0300,0.0300,-0.0300,0.0300,-0.0300,0.4384,0.0301,-0.0348,0.00,0.4252,0.0283,0.1204,0.0844
5.600,refine,0.06611,0.94020,-0.54031,0.00882,1.11093,0.00472,0.06595,0.94659,-0.54171,0.00912,1.11151,0.00496,0.06595,0.94656,-0.54170,0.00912,1.11151,0.00496,0.0300,0.0300,-0.0300,0.0300,-0.0300,0.4384,0.0301,-0.0348,0.00,0.4252,0.0283,0.1204,0.0844
5.620,refine,0.06611,0.94020,-0.54031,0.00882,1.11093,0.00472,0.06595,0.94656,-0.54170,0.00912,1.11151,0.00496,0.06595,0.94656,-0.54170,0.00912,1.11151,0.00496,0.0300,0.0300,-0.0300,0.0300,-0.0300,0.4384,0.0301,-0.0348,0.00,0.4252,0.0283,0.1204,0.0844
5.640,refine,0.06611,0.94020,-0.54031,0.00882,1.11093,0.00472,0.06595,0.94656,-0.54170,0.00912,1.11151,0.00496,0.06595,0.94656,-0.54170,0.00912,1.11151,0.00496,0.0300,0.0300,-0.0300,0.0300,-0.0300,0.4384,0.0301,-0.0348,0.00,0.4252,0.0283,0.1204,0.0844
5.660,refine,0.06611,0.94020,-0.54031,0.00882,1.11093,0.00472,0.06595,0.94656,-0.54170,0.00912,1.11151,0.00496,0.06595,0.94656,-0.54170,0.00912,1.11151,0.00496,0.0300,0.0300,-0.0300,0.0300,-0.0300,0.4384,0.0301,-0.0348,0.00,0.4252,0.0283,0.1204,0.0844
5.680,refine,0.06611,0.94020,-0.54031,0.00882,1.11093,0.00472,0.06595,0.94656,-0.54170,0.00912,1.11151,0.00496,0.06595,0.94656,-0.54170,0.00912,1.11151,0.00496,0.0300,0.0300,-0.0300,0.0300,-0.0300,0.4384,0.0301,-0.0348,0.00,0.4252,0.0283,0.1204,0.0844
5.700,refine,0.06611,0.94020,-0.54031,0.00882,1.11093,0.00472,0.06595,0.94656,-0.54170,0.00912,1.11151,0.00496,0.06595,0.94656,-0.54170,0.00912,1.11151,0.00496,0.0300,0.0300,-0.0300,0.0300,-0.0300,0.4384,0.0301,-0.0348,0.00,0.4252,0.0283,0.1204,0.0844
5.720,refine,0.06611,0.94020,-0.54031,0.00882,1.11093,0.00472,0.06595,0.94656,-0.54170,0.00912,1.11151,0.00496,0.06595,0.94656,-0.54170,0.00912,1.11151,0.00496,0.0300,0.0300,-0.0300,0.0300,-0.0300,0.4384,0.0301,-0.0348,0.00,0.4252,0.0283,0.1204,0.0844
5.740,refine,0.06611,0.94020,-0.54031,0.00882,1.11093,0.00472,0.06595,0.94656,-0.54170,0.00912,1.11151,0.00496,0.06595,0.94656,-0.54170,0.00912,1.11151,0.00496,0.0300,0.0300,-0.0300,0.0300,-0.0300,0.4384,0.0301,-0.0348,0.00,0.4252,0.0283,0.1204,0.0844
5.760,refine,0.06611,0.94020,-0.54031,0.00882,1.11093,0.00472,0.06595,0.94656,-0.54170,0.00912,1.11151,0.00496,0.06595,0.94656,-0.54170,0.00912,1.11151,0.00496,0.0300,0.0300,-0.0300,0.0300,-0.0300,0.4384,0.0301,-0.0348,0.00,0.4252,0.0283,0.1204,0.0844
5.780,refine,0.06611,0.94020,-0.54031,0.00882,1.11093,0.00472,0.06595,0.94656,-0.54170,0.00912,1.11151,0.00496,0.06595,0.94656,-0.54170,0.00912,1.11151,0.00496,0.0300,0.0300,-0.0300,0.0300,-0.0300,0.4384,0.0301,-0.0348,0.00,0.4252,0.0283,0.1204,0.0844
5.800,moving,0.06611,0.94020,-0.54031,0.00882,1.11093,0.00472,0.06595,0.94656,-0.54170,0.00912,1.11151,0.00496,0.06595,0.94655,-0.54170,0.00912,1.11151,0.00496,0.0300,0.0300,-0.0300,0.0300,-0.0300,0.4384,0.0301,-0.0348,0.00,0.4252,0.0283,0.1204,0.0844
5.820,moving,0.06944,1.34979,-0.51646,0.01229,0.67749,0.00706,0.06595,0.94656,-0.54170,0.00912,1.11151,0.00496,0.06795,0.94839,-0.53944,0.01128,1.10917,0.00683,0.0300,0.0300,-0.0300,0.0300,-0.0300,0.4384,0.0300,-0.0348,0.00,0.4249,0.0295,0.1192,0.0844
5.840,moving,0.06944,1.34979,-0.51646,0.01229,0.67749,0.00706,0.06595,0.94656,-0.54170,0.00912,1.11151,0.00496,0.06932,0.95636,-0.53103,0.01258,1.10063,0.00728,0.0300,0.0300,-0.0300,0.0300,-0.0300,0.4384,0.0300,-0.0348,0.00,0.4239,0.0303,0.1141,0.0844
5.860,moving,0.06944,1.34979,-0.51646,0.01229,0.67749,0.00706,0.06932,0.95636,-0.53103,0.01258,1.10063,0.00728,0.06932,0.97095,-0.52138,0.01258,1.08591,0.00728,0.0300,0.0300,-0.0300,0.0300,-0.0300,0.4385,0.0300,-0.0348,0.00,0.4233,0.0302,0.1060,0.0844
5.880,moving,0.06944,1.34979,-0.51646,0.01229,0.67749,0.00706,0.06932,0.95636,-0.53103,0.01258,1.10063,0.00728,0.06932,0.99182,-0.51773,0.01259,1.06499,0.00729,0.0300,0.0300,-0.0300,0.0300,-0.0300,0.4385,0.0301,-0.0348,0.00,0.4245,0.0303,0.0965,0.0843
5.900,moving,0.06944,1.34979,-0.51646,0.01229,0.67749,0.00706,0.06932,0.95636,-0.53103,0.01258,1.10063,0.00728,0.06931,1.01743,-0.51761,0.01259,1.04014,0.00729,0.0300,0.0300,-0.0300,0.0300,-0.0300,0.4386,0.0301,-0.0348,0.00,0.4266,0.0304,0.0857,0.0843
5.920,moving,0.06944,1.34979,-0.51646,0.01229,0.67749,0.00706,0.06932,0.95636,-0.53103,0.01258,1.10063,0.00728,0.06930,1.04048,-0.51811,0.01259,1.03158,0.00730,0.0300,0.0300,-0.0300,0.0300,-0.0300,0.4386,0.0301,-0.0348,0.00,0.4258,0.0303,0.0760,0.0844
5.940,moving,0.06944,1.34979,-0.51646,0.01229,0.67749,0.00706,0.06932,0.95636,-0.53103,0.01258,1.10063,0.00728,0.06930,1.05906,-0.51791,0.01260,1.02305,0.00730,0.0300,0.0300,-0.0300,0.0300,-0.0300,0.4385,0.0301,-0.0348,0.00,0.4252,0.0303,0.0680,0.0843
5.960,moving,0.06944,1.34979,-0.51646,0.01229,0.67749,0.00706,0.06932,0.95636,-0.53103,0.01258,1.10063,0.00728,0.06929,1.07437,-0.51775,0.01260,1.00833,0.00731,0.0300,0.0300,-0.0300,0.0300,-0.0300,0.4385,0.0301,-0.0347,0.00,0.4260,0.0303,0.0615,0.0844
5.980,moving,0.06944,1.34979,-0.51646,0.01229,0.67749,0.00706,0.06929,1.07437,-0.51775,0.01260,1.00833,0.00731,0.06930,1.09066,-0.51770,0.01260,0.98738,0.00731,0.0300,0.0300,-0.0300,0.0300,-0.0300,0.4384,0.0301,-0.0348,0.00,0.4278,0.0304,0.0545,0.0844
6.000,moving,0.06944,1.34979,-0.51646,0.01229,0.67749,0.00706,0.06929,1.07437,-0.51775,0.01260,1.00833,0.00731,0.06930,1.11251,-0.51780,0.01260,0.96251,0.00731,0.0300,0.0300,-0.0300,0.0300,-0.0300,0.4384,0.0301,-0.0348,0.00,0.4294,0.0305,0.0452,0.0844
6.020,moving,0.06944,1.34979,-0.51646,0.01229,0.67749,0.00706,0.06929,1.07437,-0.51775,0.01260,1.00833,0.00731,0.06930,1.13253,-0.51827,0.01260,0.95394,0.00731,0.0300,0.0300,-0.0300,0.0300,-0.0300,0.4383,0.0301,-0.0348,0.00,0.4282,0.0304,0.0366,0.0844
6.040,moving,0.06944,1.34979,-0.51646,0.01229,0.67749,0.00706,0.06929,1.07437,-0.51775,0.01260,1.00833,0.00731,0.06930,1.14852,-0.51802,0.01261,0.94539,0.00732,0.0300,0.0300,-0.0300,0.0300,-0.0300,0.4383,0.0301,-0.0348,0.00,0.4272,0.0303,0.0297,0.0844
6.060,moving,0.06944,1.34979,-0.51646,0.01229,0.67749,0.00706,0.06929,1.07437,-0.51775,0.01260,1.00833,0.00731,0.06930,1.16171,-0.51780,0.01262,0.93065,0.00733,0.0300,0.0300,-0.0300,0.0300,-0.0300,0.4383,0.0301,-0.0347,0.00,0.4278,0.0303,0.0240,0.0844
6.080,moving,0.06944,1.34979,-0.51646,0.01229,0.67749,0.00706,0.06929,1.07437,-0.51775,0.01260,1.00833,0.00731,0.06931,1.17635,-0.51777,0.01262,0.90969,0.00733,0.0300,0.0300,-0.0300,0.0300,-0.0300,0.4383,0.0301,-0.0348,0.00,0.4292,0.0304,0.0177,0.0844
6.100,moving,0.06944,1.34979,-0.51646,0.01229,0.67749,0.00706,0.06931,1.17635,-0.51777,0.01262,0.90969,0.00733,0.06931,1.19686,-0.51787,0.01262,0.88482,0.00733,0.0300,0.0300,-0.0300,0.0300,-0.0300,0.4383,0.0301,-0.0348,0.00,0.4303,0.0304,0.0089,0.0844
6.120,moving,0.06944,1.34979,-0.51646,0.01229,0.67749,0.00706,0.06931,1.17635,-0.51777,0.01262,0.90969,0.00733,0.06931,1.21571,-0.51831,0.01261,0.87624,0.00733,0.0300,0.0300,-0.0300,0.0300,-0.0300,0.4383,0.0301,-0.0348,0.00,0.4285,0.0303,0.0008,0.0844
6.140,moving,0.06944,1.34979,-0.51646,0.01229,0.67749,0.00706,0.06931,1.17635,-0.51777,0.01262,0.90969,0.00733,0.06931,1.23082,-0.51800,0.01262,0.86769,0.00734,0.0300,0.0300,-0.0300,0.0300,-0.0300,0.4383,0.0301,-0.0348,0.00,0.4272,0.0302,-0.0057,0.0844
6.160,moving,0.06944,1.34979,-0.51646,0.01229,0.67749,0.00706,0.06931,1.17635,-0.51777,0.01262,0.90969,0.00733,0.06931,1.24344,-0.51774,0.01263,0.85294,0.00735,0.0300,0.0300,-0.0300,0.0300,-0.0300,0.4384,0.0301,-0.0347,0.00,0.4274,0.0302,-0.0112,0.0844
6.180,moving,0.06944,1.34979,-0.51646,0.01229,0.67749,0.00706,0.06931,1.17635,-0.51777,0.01262,0.90969,0.00733,0.06932,1.25751,-0.51772,0.01263,0.83198,0.00735,0.0300,0.0300,-0.0300,0.0300,-0.0300,0.4384,0.0301,-0.0348,0.00,0.4284,0.0302,-0.0173,0.0844
6.200,moving,0.06944,1.34979,-0.51646,0.01229,0.67749,0.00706,0.06931,1.17635,-0.51777,0.01262,0.90969,0.00733,0.06932,1.27750,-0.51783,0.01263,0.80710,0.00735,0.0300,0.0300,-0.0300,0.0300,-0.0300,0.4384,0.0301,-0.0348,0.00,0.4289,0.0302,-0.0259,0.0844
6.220,moving,0.06944,1.34979,-0.51646,0.01229,0.67749,0.00706,0.06932,1.27750,-0.51783,0.01263,0.80710,0.00735,0.06932,1.29588,-0.51826,0.01263,0.79852,0.00735,0.0300,0.0300,-0.0300,0.0300,-0.0300,0.4384,0.0301,-0.0348,0.00,0.4266,0.0300,-0.0337,0.0844
6.240,moving,0.06944,1.34979,-0.51646,0.01229,0.67749,0.00706,0.06932,1.27750,-0.51783,0.01263,0.80710,0.00735,0.06932,1.31075,-0.51791,0.01264,0.78997,0.00736,0.0300,0.0300,-0.0300,0.0300,-0.0300,0.4384,0.0301,-0.0348,0.00,0.4247,0.0299,-0.0401,0.0844
6.260,moving,0.06944,1.34979,-0.51646,0.01229,0.67749,0.00706,0.06932,1.27750,-0.51783,0.01263,0.80710,0.00735,0.06933,1.32334,-0.51761,0.01265,0.77522,0.00737,0.0300,0.0300,-0.0300,0.0300,-0.0300,0.4384,0.0301,-0.0347,0.00,0.4245,0.0299,-0.0456,0.0844
6.280,moving,0.06944,1.34979,-0.51646,0.01229,0.67749,0.00706,0.06932,1.27750,-0.51783,0.01263,0.80710,0.00735,0.06933,1.33722,-0.51761,0.01265,0.75426,0.00737,0.0300,0.0300,-0.0300,0.0300,-0.0300,0.4384,0.0301,-0.0348,0.00,0.4251,0.0299,-0.0515,0.0844
6.300,moving,0.06944,1.34979,-0.51646,0.01229,0.67749,0.00706,0.06932,1.27750,-0.51783,0.01263,0.80710,0.00735,0.06934,1.35430,-0.51758,0.01266,0.72939,0.00738,0.0300,0.0300,-0.0300,0.0300,-0.0300,0.4384,0.0301,-0.0348,0.00,0.4256,0.0299,-0.0589,0.0844
6.320,moving,0.06944,1.34979,-0.51646,0.01229,0.67749,0.00706,0.06932,1.27750,-0.51783,0.01263,0.80710,0.00735,0.06939,1.35747,-0.51547,0.01267,0.72083,0.00737,0.0300,0.0300,-0.0300,0.0300,-0.0300,0.4385,0.0301,-0.0348,0.03,0.4258,0.0299,-0.0606,0.0844
6.340,moving,0.06944,1.34979,-0.51646,0.01229,0.67749,0.00706,0.06939,1.35747,-0.51547,0.01267,0.72083,0.00737,0.06931,1.35541,-0.51070,0.01276,0.71427,0.00738,0.0300,0.0300,-0.0300,0.0300,-0.0300,0.4387,0.0301,-0.0348,0.10,0.4260,0.0299,-0.0605,0.0843
6.360,moving,0.06944,1.34979,-0.51646,0.01229,0.67749,0.00706,0.06939,1.35747,-0.51547,0.01267,0.72083,0.00737,0.06919,1.35329,-0.50650,0.01279,0.70658,0.00739,0.0300,0.0300,-0.0300,0.0300,-0.0300,0.4392,0.0300,-0.0348,0.29,0.4267,0.0299,-0.0602,0.0843
6.380,moving,0.06944,1.34979,-0.51646,0.01229,0.67749,0.00706,0.06939,1.35747,-0.51547,0.01267,0.72083,0.00737,0.06917,1.35098,-0.50340,0.01276,0.69514,0.00738,0.0300,0.0300,-0.0300,0.0300,-0.0300,0.4406,0.0301,-0.0347,0.90,0.4285,0.0299,-0.0597,0.0843
6.400,moving,0.06944,1.34979,-0.51646,0.01229,0.67749,0.00706,0.06939,1.35747,-0.51547,0.01267,0.72083,0.00737,0.06919,1.34933,-0.50212,0.01279,0.68727,0.00737,0.0300,0.0300,-0.0300,0.0300,-0.0300,0.4418,0.0302,-0.0345,1.44,0.4300,0.0300,-0.0592,0.0842
6.420,moving,0.06944,1.34979,-0.51646,0.01229,0.67749,0.00706,0.06939,1.35747,-0.51547,0.01267,0.72083,0.00737,0.06921,1.34882,-0.50166,0.01281,0.68475,0.00736,0.0300,0.0300,-0.0300,0.0300,-0.0300,0.4422,0.0302,-0.0345,1.55,0.4304,0.0301,-0.0590,0.0842
6.440,moving,0.06944,1.34979,-0.51646,0.01229,0.67749,0.00706,0.06939,1.35747,-0.51547,0.01267,0.72083,0.00737,0.06922,1.34867,-0.50160,0.01281,0.68354,0.00736,0.0300,0.0300,-0.0300,0.0300,-0.0300,0.4424,0.0302,-0.0344,1.59,0.4307,0.0301,-0.0590,0.0842
6.460,moving,0.06944,1.34979,-0.51646,0.01229,0.67749,0.00706,0.06922,1.34867,-0.50160,0.01281,0.68354,0.00736,0.06923,1.34846,-0.50143,0.01283,0.68255,0.00736,0.0300,0.0300,-0.0300,0.0300,-0.0300,0.4426,0.0302,-0.0344,1.66,0.4309,0.0301,-0.0589,0.0842
6.480,moving,0.06944,1.34979,-0.51646,0.01229,0.67749,0.00706,0.06922,1.34867,-0.50160,0.01281,0.68354,0.00736,0.06924,1.34822,-0.50114,0.01284,0.68175,0.00736,0.0300,0.0300,-0.0300,0.0300,-0.0300,0.4426,0.0303,-0.0344,1.73,0.4310,0.0301,-0.0588,0.0842
6.500,moving,0.06944,1.34979,-0.51646,0.01229,0.67749,0.00706,0.06922,1.34867,-0.50160,0.01281,0.68354,0.00736,0.06926,1.34793,-0.50075,0.01285,0.68108,0.00735,0.0300,0.0300,-0.0300,0.0300,-0.0300,0.4427,0.0303,-0.0344,1.83,0.4311,0.0301,-0.0588,0.0842
6.520,moving,0.06944,1.34979,-0.51646,0.01229,0.67749,0.00706,0.06922,1.34867,-0.50160,0.01281,0.68354,0.00736,0.06927,1.34764,-0.50034,0.01287,0.68055,0.00735,0.0300,0.0300,-0.0300,0.0300,-0.0300,0.4427,0.0303,-0.0344,1.92,0.4311,0.0302,-0.0587,0.0842
6.540,moving,0.06944,1.34979,-0.51646,0.01229,0.67749,0.00706,0.06922,1.34867,-0.50160,0.01281,0.68354,0.00736,0.06928,1.34735,-0.49995,0.01288,0.68010,0.00735,0.0300,0.0300,-0.0300,0.0300,-0.0300,0.4427,0.0303,-0.0344,2.01,0.4311,0.0302,-0.0586,0.0843
6.560,moving,0.06944,1.34979,-0.51646,0.01229,0.67749,0.00706,0.06922,1.34867,-0.50160,0.01281,0.68354,0.00736,0.06929,1.34711,-0.49962,0.01288,0.67974,0.00734,0.0300,0.0300,-0.0300,0.0300,-0.0300,0.4427,0.0303,-0.0344,2.09,0.4312,0.0302,-0.0586,0.0843
6.580,moving,0.06944,1.34979,-0.51646,0.01229,0.67749,0.00706,0.06929,1.34711,-0.49962,0.01288,0.67974,0.00734,0.06930,1.34692,-0.49939,0.01289,0.67945,0.00734,0.0300,0.0300,-0.0300,0.0300,-0.0300,0.4428,0.0303,-0.0344,2.15,0.4312,0.0302,-0.0585,0.0843
6.600,moving,0.06944,1.34979,-0.51646,0.01229,0.67749,0.00706,0.06929,1.34711,-0.49962,0.01288,0.67974,0.00734,0.06931,1.34679,-0.49925,0.01290,0.67921,0.00734,0.0300,0.0300,-0.0300,0.0300,-0.0300,0.4428,0.0303,-0.0343,2.19,0.4312,0.0302,-0.0585,0.0843
6.620,moving,0.06944,1.34979,-0.51646,0.01229,0.67749,0.00706,0.06929,1.34711,-0.49962,0.01288,0.67974,0.00734,0.06931,1.34672,-0.49922,0.01290,0.67901,0.00734,0.0300,0.0300,-0.0300,0.0300,-0.0300,0.4428,0.0303,-0.0343,2.22,0.4313,0.0302,-0.0585,0.0843
6.640,moving,0.06944,1.34979,-0.51646,0.01229,0.67749,0.00706,0.06929,1.34711,-0.49962,0.01288,0.67974,0.00734,0.06932,1.34670,-0.49927,0.01291,0.67885,0.00734,0.0300,0.0300,-0.0300,0.0300,-0.0300,0.4429,0.0303,-0.0343,2.24,0.4313,0.0302,-0.0585,0.0843
6.660,moving,0.06944,1.34979,-0.51646,0.01229,0.67749,0.00706,0.06929,1.34711,-0.49962,0.01288,0.67974,0.00734,0.06932,1.34672,-0.49937,0.01291,0.67871,0.00734,0.0300,0.0300,-0.0300,0.0300,-0.0300,0.4429,0.0303,-0.0343,2.24,0.4314,0.0302,-0.0585,0.0843
6.680,moving,0.06944,1.34979,-0.51646,0.01229,0.67749,0.00706,0.06929,1.34711,-0.49962,0.01288,0.67974,0.00734,0.06932,1.34678,-0.49954,0.01290,0.67861,0.00734,0.0300,0.0300,-0.0300,0.0300,-0.0300,0.4429,0.0303,-0.0343,2.24,0.4314,0.0302,-0.0585,0.0843
6.700,moving,0.06944,1.34979,-0.51646,0.01229,0.67749,0.00706,0.06932,1.34678,-0.49954,0.01290,0.67861,0.00734,0.06932,1.34683,-0.49968,0.01290,0.67851,0.00734,0.0300,0.0300,-0.0300,0.0300,-0.0300,0.4430,0.0303,-0.0343,2.23,0.4315,0.0302,-0.0585,0.0843
6.720,moving,0.06944,1.34979,-0.51646,0.01229,0.67749,0.00706,0.06932,1.34678,-0.49954,0.01290,0.67861,0.00734,0.06932,1.34689,-0.49984,0.01290,0.67844,0.00734,0.0300,0.0300,-0.0300,0.0300,-0.0300,0.4430,0.0303,-0.0343,2.22,0.4315,0.0302,-0.0585,0.0843
6.740,moving,0.06944,1.34979,-0.51646,0.01229,0.67749,0.00706,0.06932,1.34678,-0.49954,0.01290,0.67861,0.00734,0.06933,1.34693,-0.49993,0.01290,0.67838,0.00734,0.0300,0.0300,-0.0300,0.0300,-0.0300,0.4430,0.0303,-0.0343,2.22,0.4316,0.0302,-0.0585,0.0843
6.760,moving,0.06944,1.34979,-0.51646,0.01229,0.67749,0.00706,0.06932,1.34678,-0.49954,0.01290,0.67861,0.00734,0.06932,1.34697,-0.50003,0.01290,0.67833,0.00734,0.0300,0.0300,-0.0300,0.0300,-0.0300,0.4431,0.0303,-0.0343,2.21,0.4316,0.0302,-0.0585,0.0843
6.780,moving,0.06944,1.34979,-0.51646,0.01229,0.67749,0.00706,0.06932,1.34678,-0.49954,0.01290,0.67861,0.00734,0.06933,1.34698,-0.50006,0.01290,0.67829,0.00734,0.0300,0.0300,-0.0300,0.0300,-0.0300,0.4431,0.0303,-0.0343,2.22,0.4316,0.0302,-0.0585,0.0843
6.800,moving,0.06944,1.34979,-0.51646,0.01229,0.67749,0.00706,0.06932,1.34678,-0.49954,0.01290,0.67861,0.00734,0.06932,1.34699,-0.50010,0.01290,0.67826,0.00734,0.0300,0.0300,-0.0300,0.0300,-0.0300,0.4431,0.0303,-0.0343,2.22,0.4316,0.0302,-0.0584,0.0843
6.820,moving,0.06944,1.34979,-0.51646,0.01229,0.67749,0.00706,0.06932,1.34699,-0.50010,0.01290,0.67826,0.00734,0.06933,1.34696,-0.50006,0.01290,0.67823,0.00734,0.0300,0.0300,-0.0300,0.0300,-0.0300,0.4431,0.0303,-0.0343,2.23,0.4316,0.0302,-0.0584,0.0843
6.840,moving,0.06944,1.34979,-0.51646,0.01229,0.67749,0.00706,0.06932,1.34699,-0.50010,0.01290,0.67826,0.00734,0.06933,1.34694,-0.50003,0.01290,0.67821,0.00734,0.0300,0.0300,-0.0300,0.0300,-0.0300,0.4431,0.0303,-0.0343,2.24,0.4316,0.0302,-0.0584,0.0843
6.860,moving,0.06944,1.34979,-0.51646,0.01229,0.67749,0.00706,0.06932,1.34699,-0.50010,0.01290,0.67826,0.00734,0.06933,1.34691,-0.49998,0.01290,0.67819,0.00734,0.0300,0.0300,-0.0300,0.0300,-0.0300,0.4431,0.0303,-0.0343,2.25,0.4316,0.0302,-0.0584,0.0843
6.880,moving,0.06944,1.34979,-0.51646,0.01229,0.67749,0.00706,0.06932,1.34699,-0.50010,0.01290,0.67826,0.00734,0.06934,1.34689,-0.49995,0.01290,0.67817,0.00734,0.0300,0.0300,-0.0300,0.0300,-0.0300,0.4431,0.0303,-0.0343,2.25,0.4316,0.0302,-0.0584,0.0843
6.900,moving,0.06944,1.34979,-0.51646,0.01229,0.67749,0.00706,0.06932,1.34699,-0.50010,0.01290,0.67826,0.00734,0.06934,1.34687,-0.49992,0.01291,0.67816,0.00734,0.0300,0.0300,-0.0300,0.0300,-0.0300,0.4431,0.0303,-0.0343,2.26,0.4316,0.0302,-0.0584,0.0843
6.920,close,0.06944,1.34979,-0.51646,0.01229,0.67749,0.00706,0.06932,1.34699,-0.50010,0.01290,0.67826,0.00734,0.06934,1.34686,-0.49991,0.01291,0.67815,0.00734,0.0300,0.0300,-0.0300,0.0300,-0.0300,0.4431,0.0303,-0.0343,2.26,0.4316,0.0302,-0.0584,0.0843
6.940,close,0.06944,1.34979,-0.51646,0.01229,0.67749,0.00706,0.06934,1.34686,-0.49991,0.01291,0.67815,0.00734,0.06934,1.34685,-0.49990,0.01291,0.67814,0.00734,0.0152,0.0296,-0.0295,0.0152,-0.0152,0.4431,0.0303,-0.0343,2.27,0.4316,0.0302,-0.0584,0.0843
6.960,close,0.06944,1.34979,-0.51646,0.01229,0.67749,0.00706,0.06934,1.34686,-0.49991,0.01291,0.67815,0.00734,0.06934,1.34685,-0.49991,0.01291,0.67814,0.00734,0.0152,0.0291,-0.0291,0.0152,-0.0152,0.4431,0.0303,-0.0343,2.27,0.4316,0.0302,-0.0584,0.0843
6.980,close,0.06944,1.34979,-0.51646,0.01229,0.67749,0.00706,0.06934,1.34686,-0.49991,0.01291,0.67815,0.00734,0.06934,1.34685,-0.49992,0.01291,0.67813,0.00734,0.0152,0.0287,-0.0287,0.0152,-0.0152,0.4431,0.0303,-0.0343,2.27,0.4316,0.0302,-0.0584,0.0843
7.000,close,0.06944,1.34979,-0.51646,0.01229,0.67749,0.00706,0.06934,1.34686,-0.49991,0.01291,0.67815,0.00734,0.06934,1.34686,-0.49994,0.01290,0.67813,0.00734,0.0152,0.0282,-0.0282,0.0152,-0.0152,0.4431,0.0303,-0.0343,2.27,0.4316,0.0302,-0.0584,0.0843
7.020,close,0.06944,1.34979,-0.51646,0.01229,0.67749,0.00706,0.06934,1.34686,-0.49991,0.01291,0.67815,0.00734,0.06934,1.34687,-0.49995,0.01290,0.67812,0.00734,0.0152,0.0278,-0.0278,0.0152,-0.0152,0.4431,0.0303,-0.0343,2.26,0.4316,0.0302,-0.0584,0.0843
7.040,close,0.06944,1.34979,-0.51646,0.01229,0.67749,0.00706,0.06934,1.34686,-0.49991,0.01291,0.67815,0.00734,0.06934,1.34687,-0.49997,0.01290,0.67812,0.00734,0.0152,0.0273,-0.0273,0.0152,-0.0152,0.4431,0.0303,-0.0343,2.26,0.4316,0.0302,-0.0584,0.0843
7.060,close,0.06944,1.34979,-0.51646,0.01229,0.67749,0.00706,0.06934,1.34687,-0.49997,0.01290,0.67812,0.00734,0.06935,1.34688,-0.49998,0.01290,0.67812,0.00734,0.0152,0.0269,-0.0269,0.0152,-0.0152,0.4431,0.0303,-0.0343,2.26,0.4316,0.0302,-0.0584,0.0843
7.080,close,0.06944,1.34979,-0.51646,0.01229,0.67749,0.00706,0.06934,1.34687,-0.49997,0.01290,0.67812,0.00734,0.06935,1.34688,-0.49999,0.01290,0.67811,0.00734,0.0152,0.0265,-0.0265,0.0152,-0.0152,0.4431,0.0303,-0.0343,2.26,0.4316,0.0302,-0.0584,0.0843
7.100,close,0.06944,1.34979,-0.51646,0.01229,0.67749,0.00706,0.06934,1.34687,-0.49997,0.01290,0.67812,0.00734,0.06935,1.34688,-0.49999,0.01290,0.67811,0.00734,0.0152,0.0260,-0.0260,0.0152,-0.0152,0.4431,0.0303,-0.0343,2.26,0.4316,0.0302,-0.0584,0.0843
7.120,close,0.06944,1.34979,-0.51646,0.01229,0.67749,0.00706,0.06934,1.34687,-0.49997,0.01290,0.67812,0.00734,0.06935,1.34689,-0.50000,0.01290,0.67811,0.00734,0.0152,0.0256,-0.0256,0.0152,-0.0152,0.4431,0.0303,-0.0343,2.26,0.4316,0.0302,-0.0584,0.0843
7.140,close,0.06944,1.34979,-0.51646,0.01229,0.67749,0.00706,0.06934,1.34687,-0.49997,0.01290,0.67812,0.00734,0.06935,1.34688,-0.50000,0.01290,0.67811,0.00734,0.0152,0.0252,-0.0252,0.0152,-0.0152,0.4431,0.0303,-0.0343,2.26,0.4316,0.0302,-0.0584,0.0843
7.160,close,0.06944,1.34979,-0.51646,0.01229,0.67749,0.00706,0.06934,1.34687,-0.49997,0.01290,0.67812,0.00734,0.06935,1.34688,-0.49999,0.01290,0.67811,0.00734,0.0152,0.0248,-0.0247,0.0152,-0.0152,0.4431,0.0303,-0.0343,2.26,0.4316,0.0302,-0.0584,0.0843
7.180,close,0.06944,1.34979,-0.51646,0.01229,0.67749,0.00706,0.06935,1.34688,-0.49999,0.01290,0.67811,0.00734,0.06935,1.34688,-0.49999,0.01290,0.67811,0.00734,0.0152,0.0243,-0.0243,0.0152,-0.0152,0.4431,0.0303,-0.0343,2.26,0.4316,0.0302,-0.0584,0.0843
7.200,close,0.06944,1.34979,-0.51646,0.01229,0.67749,0.00706,0.06935,1.34688,-0.49999,0.01290,0.67811,0.00734,0.06935,1.34688,-0.49999,0.01290,0.67811,0.00734,0.0152,0.0239,-0.0239,0.0152,-0.0152,0.4431,0.0303,-0.0343,2.27,0.4316,0.0302,-0.0584,0.0843
7.220,close,0.06944,1.34979,-0.51646,0.01229,0.67749,0.00706,0.06935,1.34688,-0.49999,0.01290,0.67811,0.00734,0.06935,1.34688,-0.49999,0.01290,0.67811,0.00734,0.0152,0.0235,-0.0235,0.0152,-0.0152,0.4431,0.0303,-0.0343,2.27,0.4316,0.0302,-0.0584,0.0843
7.240,close,0.06944,1.34979,-0.51646,0.01229,0.67749,0.00706,0.06935,1.34688,-0.49999,0.01290,0.67811,0.00734,0.06935,1.34688,-0.49998,0.01290,0.67811,0.00734,0.0152,0.0231,-0.0230,0.0152,-0.0152,0.4431,0.0303,-0.0343,2.27,0.4316,0.0302,-0.0584,0.0843
7.260,close,0.06944,1.34979,-0.51646,0.01229,0.67749,0.00706,0.06935,1.34688,-0.49999,0.01290,0.67811,0.00734,0.06935,1.34688,-0.49998,0.01290,0.67811,0.00734,0.0152,0.0226,-0.0226,0.0152,-0.0152,0.4431,0.0303,-0.0343,2.27,0.4316,0.0302,-0.0584,0.0843
7.280,close,0.06944,1.34979,-0.51646,0.01229,0.67749,0.00706,0.06935,1.34688,-0.49999,0.01290,0.67811,0.00734,0.06935,1.34687,-0.49998,0.01290,0.67811,0.00734,0.0152,0.0222,-0.0222,0.0152,-0.0152,0.4431,0.0303,-0.0343,2.27,0.4316,0.0302,-0.0584,0.0843
7.300,close,0.06944,1.34979,-0.51646,0.01229,0.67749,0.00706,0.06935,1.34687,-0.49998,0.01290,0.67811,0.00734,0.06935,1.34688,-0.49998,0.01290,0.67811,0.00734,0.0152,0.0218,-0.0218,0.0152,-0.0152,0.4431,0.0303,-0.0343,2.27,0.4316,0.0302,-0.0584,0.0843
7.320,close,0.06944,1.34979,-0.51646,0.01229,0.67749,0.00706,0.06935,1.34687,-0.49998,0.01290,0.67811,0.00734,0.06935,1.34688,-0.49999,0.01290,0.67811,0.00734,0.0152,0.0214,-0.0214,0.0152,-0.0152,0.4431,0.0303,-0.0343,2.27,0.4316,0.0302,-0.0584,0.0843
7.340,close,0.06944,1.34979,-0.51646,0.01229,0.67749,0.00706,0.06935,1.34687,-0.49998,0.01290,0.67811,0.00734,0.06935,1.34688,-0.49999,0.01290,0.67811,0.00734,0.0152,0.0210,-0.0209,0.0152,-0.0152,0.4431,0.0303,-0.0343,2.27,0.4316,0.0302,-0.0584,0.0843
7.360,close,0.06944,1.34979,-0.51646,0.01229,0.67749,0.00706,0.06935,1.34687,-0.49998,0.01290,0.67811,0.00734,0.06935,1.34688,-0.49999,0.01290,0.67811,0.00734,0.0152,0.0206,-0.0205,0.0152,-0.0152,0.4431,0.0303,-0.0343,2.27,0.4316,0.0302,-0.0584,0.0843
7.380,close,0.06944,1.34979,-0.51646,0.01229,0.67749,0.00706,0.06935,1.34687,-0.49998,0.01290,0.67811,0.00734,0.06935,1.34688,-0.49999,0.01290,0.67811,0.00734,0.0152,0.0202,-0.0201,0.0152,-0.0152,0.4431,0.0303,-0.0343,2.27,0.4316,0.0302,-0.0584,0.0843
7.400,close,0.06944,1.34979,-0.51646,0.01229,0.67749,0.00706,0.06935,1.34687,-0.49998,0.01290,0.67811,0.00734,0.06935,1.34688,-0.49999,0.01290,0.67811,0.00734,0.0152,0.0197,-0.0197,0.0152,-0.0152,0.4431,0.0303,-0.0343,2.27,0.4316,0.0302,-0.0584,0.0843
7.420,close,0.06944,1.34979,-0.51646,0.01229,0.67749,0.00706,0.06935,1.34688,-0.49999,0.01290,0.67811,0.00734,0.06933,1.34690,-0.50005,0.01240,0.67810,0.00717,0.0152,0.0193,-0.0193,0.0152,-0.0152,0.4431,0.0303,-0.0343,2.27,0.4317,0.0302,-0.0584,0.0843
7.440,close,0.06944,1.34979,-0.51646,0.01229,0.67749,0.00706,0.06935,1.34688,-0.49999,0.01290,0.67811,0.00734,0.06936,1.34688,-0.49964,0.00898,0.67808,0.00588,0.0152,0.0190,-0.0194,0.0152,-0.0152,0.4430,0.0301,-0.0343,2.20,0.4316,0.0298,-0.0585,0.0843
7.460,close,0.06944,1.34979,-0.51646,0.01229,0.67749,0.00706,0.06935,1.34688,-0.49999,0.01290,0.67811,0.00734,0.06939,1.34826,-0.50197,0.00843,0.67808,0.00572,0.0152,0.0186,-0.0191,0.0152,-0.0152,0.4420,0.0306,-0.0350,0.31,0.4319,0.0297,-0.0587,0.0843
7.480,close,0.06944,1.34979,-0.51646,0.01229,0.67749,0.00706,0.06935,1.34688,-0.49999,0.01290,0.67811,0.00734,0.06925,1.34914,-0.50376,0.00824,0.67808,0.00574,0.0152,0.0183,-0.0192,0.0152,-0.0152,0.4424,0.0307,-0.0350,0.36,0.4323,0.0297,-0.0588,0.0843
7.500,close,0.06944,1.34979,-0.51646,0.01229,0.67749,0.00706,0.06935,1.34688,-0.49999,0.01290,0.67811,0.00734,0.06912,1.34951,-0.50460,0.00793,0.67808,0.00571,0.0152,0.0182,-0.0194,0.0152,-0.0152,0.4426,0.0308,-0.0350,0.54,0.4325,0.0296,-0.0588,0.0843
7.520,close,0.06944,1.34979,-0.51646,0.01229,0.67749,0.00706,0.06935,1.34688,-0.49999,0.01290,0.67811,0.00734,0.06894,1.34983,-0.50532,0.00740,0.67807,0.00560,0.0152,0.0180,-0.0196,0.0152,-0.0152,0.4428,0.0308,-0.0349,0.69,0.4326,0.0295,-0.0588,0.0843
7.540,close,0.06944,1.34979,-0.51646,0.01229,0.67749,0.00706,0.06894,1.34983,-0.50532,0.00740,0.67807,0.00560,0.06882,1.35018,-0.50600,0.00721,0.67807,0.00558,0.0152,0.0178,-0.0197,0.0152,-0.0152,0.4430,0.0309,-0.0349,0.85,0.4327,0.0294,-0.0588,0.0843
7.560,close,0.06944,1.34979,-0.51646,0.01229,0.67749,0.00706,0.06894,1.34983,-0.50532,0.00740,0.67807,0.00560,0.06876,1.35050,-0.50661,0.00726,0.67807,0.00564,0.0152,0.0177,-0.0198,0.0152,-0.0152,0.4431,0.0311,-0.0348,0.99,0.4328,0.0294,-0.0589,0.0843
7.580,close,0.06944,1.34979,-0.51646,0.01229,0.67749,0.00706,0.06894,1.34983,-0.50532,0.00740,0.67807,0.00560,0.06866,1.35080,-0.50720,0.00703,0.67807,0.00559,0.0152,0.0176,-0.0200,0.0152,-0.0152,0.4433,0.0311,-0.0348,1.10,0.4330,0.0293,-0.0589,0.0843
7.600,close,0.06944,1.34979,-0.51646,0.01229,0.67749,0.00706,0.06894,1.34983,-0.50532,0.00740,0.67807,0.00560,0.06855,1.35106,-0.50772,0.00668,0.67807,0.00552,0.0152,0.0175,-0.0201,0.0152,-0.0152,0.4434,0.0312,-0.0348,1.18,0.4331,0.0292,-0.0589,0.0843
7.620,close,0.06944,1.34979,-0.51646,0.01229,0.67749,0.00706,0.06894,1.34983,-0.50532,0.00740,0.67807,0.00560,0.06847,1.35131,-0.50821,0.00653,0.67806,0.00549,0.0152,0.0174,-0.0202,0.0152,-0.0152,0.4435,0.0312,-0.0348,1.25,0.4331,0.0292,-0.0589,0.0843
7.640,close,0.06944,1.34979,-0.51646,0.01229,0.67749,0.00706,0.06894,1.34983,-0.50532,0.00740,0.67807,0.00560,0.06839,1.35152,-0.50869,0.00630,0.67806,0.00542,0.0152,0.0173,-0.0203,0.0152,-0.0152,0.4436,0.0312,-0.0347,1.30,0.4332,0.0291,-0.0590,0.0843
7.660,close,0.06944,1.34979,-0.51646,0.01229,0.67749,0.00706,0.06839,1.35152,-0.50869,0.00630,0.67806,0.00542,0.06824,1.35174,-0.50912,0.00576,0.67805,0.00523,0.0152,0.0173,-0.0203,0.0152,-0.0152,0.4437,0.0312,-0.0347,1.32,0.4333,0.0290,-0.0590,0.0843
7.680,close,0.06944,1.34979,-0.51646,0.01229,0.67749,0.00706,0.06839,1.35152,-0.50869,0.00630,0.67806,0.00542,0.06821,1.35187,-0.50951,0.00559,0.67805,0.00521,0.0152,0.0172,-0.0204,0.0152,-0.0152,0.4438,0.0312,-0.0347,1.36,0.4334,0.0290,-0.0590,0.0843
7.700,close,0.06944,1.34979,-0.51646,0.01229,0.67749,0.00706,0.06839,1.35152,-0.50869,0.00630,0.67806,0.00542,0.06819,1.35197,-0.50975,0.00570,0.67804,0.00525,0.0152,0.0171,-0.0205,0.0152,-0.0152,0.4439,0.0313,-0.0347,1.39,0.4335,0.0290,-0.0590,0.0843
7.720,close,0.06944,1.34979,-0.51646,0.01229,0.67749,0.00706,0.06839,1.35152,-0.50869,0.00630,0.67806,0.00542,0.06808,1.35214,-0.51008,0.00525,0.67803,0.00510,0.0152,0.0171,-0.0205,0.0152,-0.0152,0.4439,0.0312,-0.0347,1.40,0.4335,0.0289,-0.0590,0.0843
7.740,close,0.06944,1.34979,-0.51646,0.01229,0.67749,0.00706,0.06839,1.35152,-0.50869,0.00630,0.67806,0.00542,0.06806,1.35222,-0.51026,0.00516,0.67803,0.00509,0.0152,0.0170,-0.0206,0.0152,-0.0152,0.4440,0.0313,-0.0347,1.42,0.4336,0.0289,-0.0590,0.0843
7.760,close,0.06944,1.34979,-0.51646,0.01229,0.67749,0.00706,0.06839,1.35152,-0.50869,0.00630,0.67806,0.00542,0.06802,1.35230,-0.51044,0.00512,0.67803,0.00506,0.0152,0.0170,-0.0206,0.0152,-0.0152,0.4440,0.0313,-0.0347,1.44,0.4336,0.0289,-0.0590,0.0843
7.780,close,0.06944,1.34979,-0.51646,0.01229,0.67749,0.00706,0.06802,1.35230,-0.51044,0.00512,0.67803,0.00506,0.06798,1.35231,-0.51046,0.00502,0.67802,0.00502,0.0152,0.0170,-0.0206,0.0152,-0.0152,0.4440,0.0313,-0.0347,1.44,0.4336,0.0288,-0.0590,0.0843
7.800,close,0.06944,1.34979,-0.51646,0.01229,0.67749,0.00706,0.06802,1.35230,-0.51044,0.00512,0.67803,0.00506,0.06799,1.35235,-0.51054,0.00511,0.67802,0.00506,0.0152,0.0169,-0.0207,0.0152,-0.0152,0.4440,0.0314,-0.0347,1.47,0.4336,0.0289,-0.0590,0.0843
7.820,close,0.06944,1.34979,-0.51646,0.01229,0.67749,0.00706,0.06802,1.35230,-0.51044,0.00512,0.67803,0.00506,0.06792,1.35248,-0.51080,0.00477,0.67802,0.00495,0.0152,0.0169,-0.0207,0.0152,-0.0152,0.4441,0.0313,-0.0347,1.50,0.4337,0.0288,-0.0590,0.0843
7.840,close,0.06944,1.34979,-0.51646,0.01229,0.67749,0.00706,0.06802,1.35230,-0.51044,0.00512,0.67803,0.00506,0.06792,1.35252,-0.51091,0.00484,0.67802,0.00498,0.0152,0.0169,-0.0207,0.0152,-0.0152,0.4442,0.0314,-0.0347,1.55,0.4337,0.0288,-0.0590,0.0843
7.860,close,0.06944,1.34979,-0.51646,0.01229,0.67749,0.00706,0.06802,1.35230,-0.51044,0.00512,0.67803,0.00506,0.06789,1.35247,-0.51082,0.00482,0.67802,0.00498,0.0152,0.0169,-0.0207,0.0152,-0.0152,0.4441,0.0314,-0.0347,1.54,0.4337,0.0288,-0.0590,0.0843
7.880,close,0.06944,1.34979,-0.51646,0.01229,0.67749,0.00706,0.06802,1.35230,-0.51044,0.00512,0.67803,0.00506,0.06786,1.35246,-0.51077,0.00476,0.67802,0.00498,0.0152,0.0168,-0.0208,0.0152,-0.0152,0.4441,0.0314,-0.0347,1.55,0.4337,0.0288,-0.0590,0.0843
7.900,close,0.06944,1.34979,-0.51646,0.01229,0.67749,0.00706,0.06786,1.35246,-0.51077,0.00476,0.67802,0.00498,0.06783,1.35243,-0.51071,0.00474,0.67802,0.00498,0.0152,0.0168,-0.0208,0.0152,-0.0152,0.4441,0.0314,-0.0347,1.54,0.4337,0.0287,-0.0590,0.0843
7.920,close,0.06944,1.34979,-0.51646,0.01229,0.67749,0.00706,0.06786,1.35246,-0.51077,0.00476,0.67802,0.00498,0.06782,1.35243,-0.51069,0.00467,0.67802,0.00497,0.0152,0.0168,-0.0208,0.0152,-0.0152,0.4441,0.0314,-0.0347,1.54,0.4337,0.0287,-0.0590,0.0843
7.940,close,0.06944,1.34979,-0.51646,0.01229,0.67749,0.00706,0.06786,1.35246,-0.51077,0.00476,0.67802,0.00498,0.06780,1.35243,-0.51071,0.00466,0.67802,0.00497,0.0152,0.0168,-0.0208,0.0152,-0.0152,0.4441,0.0314,-0.0347,1.55,0.4337,0.0287,-0.0590,0.0843
7.960,close,0.06944,1.34979,-0.51646,0.01229,0.67749,0.00706,0.06786,1.35246,-0.51077,0.00476,0.67802,0.00498,0.06778,1.35243,-0.51071,0.00463,0.67802,0.00497,0.0152,0.0168,-0.0208,0.0152,-0.0152,0.4441,0.0314,-0.0347,1.55,0.4337,0.0287,-0.0590,0.0843
7.980,close,0.06944,1.34979,-0.51646,0.01229,0.67749,0.00706,0.06786,1.35246,-0.51077,0.00476,0.67802,0.00498,0.06777,1.35244,-0.51072,0.00463,0.67802,0.00498,0.0152,0.0168,-0.0208,0.0152,-0.0152,0.4441,0.0314,-0.0347,1.54,0.4337,0.0287,-0.0590,0.0843
8.000,close,0.06944,1.34979,-0.51646,0.01229,0.67749,0.00706,0.06786,1.35246,-0.51077,0.00476,0.67802,0.00498,0.06775,1.35244,-0.51077,0.00460,0.67802,0.00498,0.0152,0.0167,-0.0209,0.0152,-0.0152,0.4441,0.0314,-0.0347,1.55,0.4337,0.0287,-0.0590,0.0843
8.020,close,0.06944,1.34979,-0.51646,0.01229,0.67749,0.00706,0.06775,1.35244,-0.51077,0.00460,0.67802,0.00498,0.06774,1.35246,-0.51079,0.00459,0.67802,0.00498,0.0152,0.0167,-0.0209,0.0152,-0.0152,0.4441,0.0314,-0.0347,1.55,0.4337,0.0287,-0.0590,0.0843
8.040,close,0.06944,1.34979,-0.51646,0.01229,0.67749,0.00706,0.06775,1.35244,-0.51077,0.00460,0.67802,0.00498,0.06773,1.35246,-0.51081,0.00457,0.67802,0.00498,0.0152,0.0167,-0.0209,0.0152,-0.0152,0.4441,0.0314,-0.0347,1.55,0.4337,0.0287,-0.0590,0.0843
8.060,close,0.06944,1.34979,-0.51646,0.01229,0.67749,0.00706,0.06775,1.35244,-0.51077,0.00460,0.67802,0.00498,0.06773,1.35246,-0.51083,0.00455,0.67802,0.00498,0.0152,0.0167,-0.0209,0.0152,-0.0152,0.4441,0.0314,-0.0347,1.55,0.4337,0.0287,-0.0590,0.0843
8.080,close,0.06944,1.34979,-0.51646,0.01229,0.67749,0.00706,0.06775,1.35244,-0.51077,0.00460,0.67802,0.00498,0.06772,1.35247,-0.51083,0.00452,0.67802,0.00498,0.0152,0.0167,-0.0209,0.0152,-0.0152,0.4441,0.0314,-0.0347,1.55,0.4337,0.0287,-0.0590,0.0843
8.100,close,0.06944,1.34979,-0.51646,0.01229,0.67749,0.00706,0.06775,1.35244,-0.51077,0.00460,0.67802,0.00498,0.06771,1.35246,-0.51084,0.00453,0.67802,0.00498,0.0152,0.0167,-0.0209,0.0152,-0.0152,0.4441,0.0314,-0.0347,1.55,0.4337,0.0287,-0.0590,0.0843
8.120,close,0.06944,1.34979,-0.51646,0.01229,0.67749,0.00706,0.06775,1.35244,-0.51077,0.00460,0.67802,0.00498,0.06770,1.35247,-0.51083,0.00450,0.67802,0.00497,0.0152,0.0167,-0.0209,0.0152,-0.0152,0.4441,0.0314,-0.0347,1.55,0.4337,0.0287,-0.0590,0.0843
8.140,close,0.06944,1.34979,-0.51646,0.01229,0.67749,0.00706,0.06770,1.35247,-0.51083,0.00450,0.67802,0.00497,0.06769,1.35247,-0.51083,0.00449,0.67802,0.00497,0.0152,0.0167,-0.0209,0.0152,-0.0152,0.4441,0.0314,-0.0347,1.55,0.4337,0.0287,-0.0590,0.0843
8.160,close,0.06944,1.34979,-0.51646,0.01229,0.67749,0.00706,0.06770,1.35247,-0.51083,0.00450,0.67802,0.00497,0.06769,1.35247,-0.51081,0.00447,0.67802,0.00497,0.0152,0.0167,-0.0209,0.0152,-0.0152,0.4441,0.0314,-0.0347,1.55,0.4337,0.0286,-0.0590,0.0843
8.180,close,0.06944,1.34979,-0.51646,0.01229,0.67749,0.00706,0.06770,1.35247,-0.51083,0.00450,0.67802,0.00497,0.06768,1.35246,-0.51082,0.00448,0.67802,0.00497,0.0152,0.0167,-0.0209,0.0152,-0.0152,0.4441,0.0314,-0.0347,1.55,0.4337,0.0286,-0.0590,0.0843
8.200,close,0.06944,1.34979,-0.51646,0.01229,0.67749,0.00706,0.06770,1.35247,-0.51083,0.00450,0.67802,0.00497,0.06768,1.35245,-0.51082,0.00447,0.67802,0.00497,0.0152,0.0167,-0.0209,0.0152,-0.0152,0.4441,0.0314,-0.0347,1.55,0.4337,0.0286,-0.0590,0.0843
8.220,close,0.06944,1.34979,-0.51646,0.01229,0.67749,0.00706,0.06770,1.35247,-0.51083,0.00450,0.67802,0.00497,0.06767,1.35246,-0.51080,0.00446,0.67802,0.00497,0.0152,0.0167,-0.0209,0.0152,-0.0152,0.4441,0.0314,-0.0347,1.55,0.4337,0.0286,-0.0590,0.0843
8.240,close,0.06944,1.34979,-0.51646,0.01229,0.67749,0.00706,0.06770,1.35247,-0.51083,0.00450,0.67802,0.00497,0.06767,1.35245,-0.51077,0.00445,0.67802,0.00497,0.0152,0.0167,-0.0209,0.0152,-0.0152,0.4441,0.0314,-0.0347,1.54,0.4337,0.0286,-0.0590,0.0843
8.260,close,0.06944,1.34979,-0.51646,0.01229,0.67749,0.00706,0.06767,1.35245,-0.51077,0.00445,0.67802,0.00497,0.06767,1.35246,-0.51079,0.00445,0.67802,0.00497,0.0152,0.0167,-0.0209,0.0152,-0.0152,0.4441,0.0314,-0.0347,1.55,0.4337,0.0286,-0.0590,0.0843
8.280,close,0.06944,1.34979,-0.51646,0.01229,0.67749,0.00706,0.06767,1.35245,-0.51077,0.00445,0.67802,0.00497,0.06766,1.35245,-0.51079,0.00445,0.67802,0.00497,0.0152,0.0167,-0.0209,0.0152,-0.0152,0.4441,0.0314,-0.0347,1.55,0.4337,0.0286,-0.0590,0.0843
8.300,close,0.06944,1.34979,-0.51646,0.01229,0.67749,0.00706,0.06767,1.35245,-0.51077,0.00445,0.67802,0.00497,0.06766,1.35245,-0.51079,0.00445,0.67802,0.00497,0.0152,0.0167,-0.0209,0.0152,-0.0152,0.4441,0.0314,-0.0347,1.55,0.4337,0.0286,-0.0590,0.0843
8.320,close,0.06944,1.34979,-0.51646,0.01229,0.67749,0.00706,0.06767,1.35245,-0.51077,0.00445,0.67802,0.00497,0.06766,1.35245,-0.51079,0.00445,0.67802,0.00497,0.0152,0.0167,-0.0209,0.0152,-0.0152,0.4441,0.0314,-0.0347,1.55,0.4337,0.0286,-0.0590,0.0843
8.340,close,0.06944,1.34979,-0.51646,0.01229,0.67749,0.00706,0.06767,1.35245,-0.51077,0.00445,0.67802,0.00497,0.06766,1.35245,-0.51081,0.00444,0.67802,0.00498,0.0152,0.0167,-0.0209,0.0152,-0.0152,0.4441,0.0314,-0.0347,1.55,0.4337,0.0286,-0.0590,0.0843
8.360,close,0.06944,1.34979,-0.51646,0.01229,0.67749,0.00706,0.06767,1.35245,-0.51077,0.00445,0.67802,0.00497,0.06766,1.35245,-0.51080,0.00442,0.67802,0.00497,0.0152,0.0167,-0.0209,0.0152,-0.0152,0.4441,0.0314,-0.0347,1.55,0.4337,0.0286,-0.0590,0.0843
8.380,close,0.06944,1.34979,-0.51646,0.01229,0.67749,0.00706,0.06766,1.35245,-0.51080,0.00442,0.67802,0.00497,0.06765,1.35245,-0.51080,0.00442,0.67802,0.00497,0.0152,0.0167,-0.0209,0.0152,-0.0152,0.4441,0.0314,-0.0347,1.55,0.4337,0.0286,-0.0590,0.0843
8.400,close,0.06944,1.34979,-0.51646,0.01229,0.67749,0.00706,0.06766,1.35245,-0.51080,0.00442,0.67802,0.00497,0.06765,1.35245,-0.51079,0.00441,0.67802,0.00496,0.0152,0.0167,-0.0209,0.0152,-0.0152,0.4441,0.0314,-0.0347,1.55,0.4337,0.0286,-0.0590,0.0843
8.420,close,0.06944,1.34979,-0.51646,0.01229,0.67749,0.00706,0.06766,1.35245,-0.51080,0.00442,0.67802,0.00497,0.06765,1.35245,-0.51080,0.00443,0.67802,0.00497,0.0152,0.0167,-0.0209,0.0152,-0.0152,0.4441,0.0314,-0.0347,1.55,0.4337,0.0286,-0.0590,0.0843
8.440,moving,0.06944,1.34979,-0.51646,0.01229,0.67749,0.00706,0.06766,1.35245,-0.51080,0.00442,0.67802,0.00497,0.06765,1.35245,-0.51080,0.00443,0.67802,0.00497,0.0152,0.0167,-0.0209,0.0152,-0.0152,0.4441,0.0314,-0.0347,1.55,0.4337,0.0286,-0.0590,0.0843
8.460,moving,0.06889,1.28179,-0.52025,0.01136,0.74928,0.00636,0.06766,1.35245,-0.51080,0.00442,0.67802,0.00497,0.06765,1.35246,-0.51079,0.00442,0.67802,0.00497,0.0152,0.0167,-0.0209,0.0152,-0.0152,0.4441,0.0314,-0.0347,1.55,0.4337,0.0286,-0.0590,0.0843
8.480,moving,0.06889,1.28179,-0.52025,0.01136,0.74928,0.00636,0.06766,1.35245,-0.51080,0.00442,0.67802,0.00497,0.06764,1.35245,-0.51080,0.00442,0.67802,0.00497,0.0152,0.0167,-0.0209,0.0152,-0.0152,0.4441,0.0314,-0.0347,1.55,0.4337,0.0286,-0.0590,0.0843
8.500,moving,0.06889,1.28179,-0.52025,0.01136,0.74928,0.00636,0.06764,1.35245,-0.51080,0.00442,0.67802,0.00497,0.06765,1.35245,-0.51080,0.00443,0.67802,0.00497,0.0152,0.0167,-0.0209,0.0152,-0.0152,0.4441,0.0314,-0.0347,1.55,0.4337,0.0286,-0.0590,0.0843
8.520,moving,0.06889,1.28179,-0.52025,0.01136,0.74928,0.00636,0.06764,1.35245,-0.51080,0.00442,0.67802,0.00497,0.06732,1.35353,-0.51389,0.00461,0.68036,0.00462,0.0152,0.0166,-0.0209,0.0152,-0.0152,0.4444,0.0313,-0.0346,1.53,0.4340,0.0285,-0.0590,0.0843
8.540,moving,0.06889,1.28179,-0.52025,0.01136,0.74928,0.00636,0.06764,1.35245,-0.51080,0.00442,0.67802,0.00497,0.06758,1.35364,-0.51694,0.00587,0.68889,0.00501,0.0152,0.0166,-0.0209,0.0152,-0.0152,0.4438,0.0315,-0.0343,1.81,0.4332,0.0287,-0.0585,0.0843
8.560,moving,0.06889,1.28179,-0.52025,0.01136,0.74928,0.00636,0.06764,1.35245,-0.51080,0.00442,0.67802,0.00497,0.06780,1.35161,-0.51792,0.00697,0.70361,0.00535,0.0152,0.0166,-0.0209,0.0152,-0.0152,0.4421,0.0316,-0.0334,2.46,0.4313,0.0289,-0.0576,0.0844
8.580,moving,0.06889,1.28179,-0.52025,0.01136,0.74928,0.00636,0.06764,1.35245,-0.51080,0.00442,0.67802,0.00497,0.06797,1.34843,-0.51848,0.00785,0.72333,0.00562,0.0152,0.0166,-0.0209,0.0152,-0.0152,0.4397,0.0317,-0.0322,3.37,0.4285,0.0289,-0.0562,0.0844
8.600,moving,0.06889,1.28179,-0.52025,0.01136,0.74928,0.00636,0.06764,1.35245,-0.51080,0.00442,0.67802,0.00497,0.06813,1.34493,-0.51842,0.00858,0.73841,0.00585,0.0152,0.0166,-0.0209,0.0152,-0.0152,0.4380,0.0317,-0.0309,4.03,0.4265,0.0289,-0.0547,0.0844
8.620,moving,0.06889,1.28179,-0.52025,0.01136,0.74928,0.00636,0.06813,1.34493,-0.51842,0.00858,0.73841,0.00585,0.06825,1.34183,-0.51809,0.00916,0.74349,0.00602,0.0152,0.0166,-0.0209,0.0152,-0.0152,0.4378,0.0318,-0.0296,4.18,0.4262,0.0290,-0.0535,0.0844
8.640,moving,0.06889,1.28179,-0.52025,0.01136,0.74928,0.00636,0.06813,1.34493,-0.51842,0.00858,0.73841,0.00585,0.06834,1.33850,-0.51846,0.00964,0.74889,0.00617,0.0152,0.0166,-0.0209,0.0152,-0.0152,0.4377,0.0319,-0.0282,4.26,0.4261,0.0291,-0.0520,0.0844
8.660,moving,0.06889,1.28179,-0.52025,0.01136,0.74928,0.00636,0.06813,1.34493,-0.51842,0.00858,0.73841,0.00585,0.06842,1.33504,-0.51861,0.01003,0.74985,0.00629,0.0152,0.0166,-0.0209,0.0152,-0.0152,0.4383,0.0320,-0.0266,4.11,0.4268,0.0293,-0.0505,0.0844
8.680,moving,0.06889,1.28179,-0.52025,0.01136,0.74928,0.00636,0.06813,1.34493,-0.51842,0.00858,0.73841,0.00585,0.06849,1.33128,-0.51895,0.01036,0.74985,0.00638,0.0152,0.0166,-0.0209,0.0152,-0.0152,0.4392,0.0322,-0.0249,3.88,0.4278,0.0294,-0.0488,0.0844
8.700,moving,0.06889,1.28179,-0.52025,0.01136,0.74928,0.00636,0.06813,1.34493,-0.51842,0.00858,0.73841,0.00585,0.06854,1.32705,-0.51922,0.01062,0.74985,0.00646,0.0152,0.0166,-0.0209,0.0152,-0.0152,0.4402,0.0323,-0.0230,3.62,0.4289,0.0295,-0.0469,0.0844
8.720,moving,0.06889,1.28179,-0.52025,0.01136,0.74928,0.00636,0.06813,1.34493,-0.51842,0.00858,0.73841,0.00585,0.06858,1.32239,-0.51944,0.01084,0.74985,0.00653,0.0152,0.0166,-0.0209,0.0152,-0.0152,0.4413,0.0324,-0.0209,3.35,0.4300,0.0297,-0.0449,0.0844
8.740,moving,0.06889,1.28179,-0.52025,0.01136,0.74928,0.00636,0.06858,1.32239,-0.51944,0.01084,0.74985,0.00653,0.06862,1.31740,-0.51960,0.01101,0.74984,0.00658,0.0152,0.0166,-0.0209,0.0152,-0.0152,0.4424,0.0325,-0.0187,3.06,0.4313,0.0298,-0.0427,0.0843
8.760,moving,0.06889,1.28179,-0.52025,0.01136,0.74928,0.00636,0.06858,1.32239,-0.51944,0.01084,0.74985,0.00653,0.06865,1.31236,-0.51978,0.01115,0.74984,0.00662,0.0152,0.0166,-0.0209,0.0152,-0.0152,0.4434,0.0326,-0.0164,2.76,0.4325,0.0299,-0.0405,0.0843
8.780,moving,0.06889,1.28179,-0.52025,0.01136,0.74928,0.00636,0.06858,1.32239,-0.51944,0.01084,0.74985,0.00653,0.06867,1.30799,-0.52000,0.01126,0.74984,0.00666,0.0152,0.0166,-0.0209,0.0152,-0.0152,0.4444,0.0327,-0.0144,2.50,0.4335,0.0300,-0.0386,0.0843
8.800,moving,0.06889,1.28179,-0.52025,0.01136,0.74928,0.00636,0.06858,1.32239,-0.51944,0.01084,0.74985,0.00653,0.06869,1.30443,-0.52016,0.01136,0.74984,0.00668,0.0152,0.0166,-0.0209,0.0152,-0.0152,0.4452,0.0328,-0.0128,2.28,0.4344,0.0301,-0.0370,0.0843
8.820,moving,0.06889,1.28179,-0.52025,0.01136,0.74928,0.00636,0.06858,1.32239,-0.51944,0.01084,0.74985,0.00653,0.06871,1.30152,-0.52027,0.01144,0.74984,0.00671,0.0152,0.0166,-0.0209,0.0152,-0.0152,0.4458,0.0328,-0.0115,2.11,0.4351,0.0301,-0.0357,0.0844
8.840,moving,0.06889,1.28179,-0.52025,0.01136,0.74928,0.00636,0.06858,1.32239,-0.51944,0.01084,0.74985,0.00653,0.06872,1.29916,-0.52035,0.01151,0.74984,0.00673,0.0152,0.0166,-0.0209,0.0152,-0.0152,0.4463,0.0329,-0.0104,1.97,0.4356,0.0302,-0.0346,0.0844
8.860,moving,0.06834,1.22346,-0.54621,0.01049,0.83357,0.00564,0.06872,1.29916,-0.52035,0.01151,0.74984,0.00673,0.06873,1.29724,-0.52040,0.01156,0.74984,0.00675,0.0152,0.0166,-0.0209,0.0152,-0.0152,0.4467,0.0329,-0.0095,1.86,0.4361,0.0302,-0.0338,0.0844
8.880,moving,0.06834,1.22346,-0.54621,0.01049,0.83357,0.00564,0.06872,1.29916,-0.52035,0.01151,0.74984,0.00673,0.06874,1.29567,-0.52043,0.01161,0.74984,0.00676,0.0152,0.0166,-0.0209,0.0152,-0.0152,0.4470,0.0329,-0.0088,1.77,0.4364,0.0303,-0.0331,0.0844
8.900,moving,0.06834,1.22346,-0.54621,0.01049,0.83357,0.00564,0.06872,1.29916,-0.52035,0.01151,0.74984,0.00673,0.06874,1.29439,-0.52045,0.01165,0.74984,0.00677,0.0152,0.0166,-0.0209,0.0152,-0.0152,0.4472,0.0330,-0.0083,1.69,0.4367,0.0303,-0.0325,0.0844
8.920,moving,0.06834,1.22346,-0.54621,0.01049,0.83357,0.00564,0.06872,1.29916,-0.52035,0.01151,0.74984,0.00673,0.06821,1.29329,-0.52261,0.01085,0.75217,0.00607,0.0152,0.0166,-0.0210,0.0152,-0.0152,0.4477,0.0327,-0.0074,1.63,0.4372,0.0300,-0.0317,0.0844
8.940,moving,0.06834,1.22346,-0.54621,0.01049,0.83357,0.00564,0.06872,1.29916,-0.52035,0.01151,0.74984,0.00673,0.06820,1.29328,-0.53100,0.01081,0.76070,0.00606,0.0152,0.0166,-0.0210,0.0152,-0.0152,0.4485,0.0327,-0.0060,1.63,0.4381,0.0300,-0.0303,0.0844
8.960,moving,0.06834,1.22346,-0.54621,0.01049,0.83357,0.00564,0.06872,1.29916,-0.52035,0.01151,0.74984,0.00673,0.06820,1.29323,-0.54201,0.01083,0.77541,0.00608,0.0152,0.0166,-0.0210,0.0152,-0.0152,0.4491,0.0328,-0.0041,1.84,0.4385,0.0301,-0.0284,0.0844
8.980,moving,0.06834,1.22346,-0.54621,0.01049,0.83357,0.00564,0.06820,1.29323,-0.54201,0.01083,0.77541,0.00608,0.06819,1.28952,-0.54710,0.01083,0.79623,0.00608,0.0152,0.0166,-0.0210,0.0152,-0.0152,0.4478,0.0327,-0.0018,2.53,0.4369,0.0300,-0.0259,0.0844
9.000,moving,0.06834,1.22346,-0.54621,0.01049,0.83357,0.00564,0.06820,1.29323,-0.54201,0.01083,0.77541,0.00608,0.06820,1.28325,-0.54703,0.01085,0.81501,0.00608,0.0152,0.0166,-0.0210,0.0152,-0.0152,0.4459,0.0326,0.0007,3.24,0.4347,0.0299,-0.0233,0.0844
9.020,moving,0.06834,1.22346,-0.54621,0.01049,0.83357,0.00564,0.06820,1.29323,-0.54201,0.01083,0.77541,0.00608,0.06820,1.27704,-0.54539,0.01085,0.82099,0.00608,0.0152,0.0166,-0.0210,0.0152,-0.0152,0.4457,0.0326,0.0031,3.36,0.4344,0.0299,-0.0209,0.0844
9.040,moving,0.06834,1.22346,-0.54621,0.01049,0.83357,0.00564,0.06820,1.29323,-0.54201,0.01083,0.77541,0.00608,0.06820,1.27116,-0.54581,0.01085,0.82891,0.00607,0.0152,0.0166,-0.0210,0.0152,-0.0152,0.4456,0.0326,0.0057,3.48,0.4343,0.0299,-0.0183,0.0844
9.060,moving,0.06834,1.22346,-0.54621,0.01049,0.83357,0.00564,0.06820,1.29323,-0.54201,0.01083,0.77541,0.00608,0.06821,1.26503,-0.54558,0.01086,0.83360,0.00607,0.0152,0.0166,-0.0210,0.0152,-0.0152,0.4459,0.0327,0.0083,3.40,0.4346,0.0299,-0.0156,0.0844
9.080,moving,0.06834,1.22346,-0.54621,0.01049,0.83357,0.00564,0.06820,1.29323,-0.54201,0.01083,0.77541,0.00608,0.06821,1.25911,-0.54561,0.01087,0.83406,0.00607,0.0152,0.0166,-0.0210,0.0152,-0.0152,0.4469,0.0327,0.0110,3.09,0.4357,0.0300,-0.0131,0.0844
9.100,moving,0.06834,1.22346,-0.54621,0.01049,0.83357,0.00564,0.06821,1.25911,-0.54561,0.01087,0.83406,0.00607,0.06821,1.25385,-0.54587,0.01086,0.83405,0.00607,0.0152,0.0166,-0.0210,0.0152,-0.0152,0.4479,0.0328,0.0134,2.79,0.4369,0.0301,-0.0107,0.0843
9.120,moving,0.06834,1.22346,-0.54621,0.01049,0.83357,0.00564,0.06821,1.25911,-0.54561,0.01087,0.83406,0.00607,0.06821,1.24955,-0.54607,0.01086,0.83404,0.00606,0.0152,0.0166,-0.0210,0.0152,-0.0152,0.4487,0.0329,0.0153,2.53,0.4378,0.0301,-0.0088,0.0843
9.140,moving,0.06834,1.22346,-0.54621,0.01049,0.83357,0.00564,0.06821,1.25911,-0.54561,0.01087,0.83406,0.00607,0.06821,1.24605,-0.54621,0.01086,0.83404,0.00606,0.0152,0.0166,-0.0210,0.0152,-0.0152,0.4493,0.0329,0.0170,2.32,0.4385,0.0302,-0.0072,0.0843
9.160,moving,0.06834,1.22346,-0.54621,0.01049,0.83357,0.00564,0.06821,1.25911,-0.54561,0.01087,0.83406,0.00607,0.06821,1.24320,-0.54632,0.01086,0.83403,0.00606,0.0152,0.0166,-0.0210,0.0152,-0.0152,0.4498,0.0329,0.0183,2.15,0.4391,0.0302,-0.0060,0.0844
9.180,moving,0.06834,1.22346,-0.54621,0.01049,0.83357,0.00564,0.06821,1.25911,-0.54561,0.01087,0.83406,0.00607,0.06821,1.24087,-0.54639,0.01085,0.83403,0.00606,0.0152,0.0166,-0.0210,0.0152,-0.0152,0.4502,0.0330,0.0193,2.01,0.4396,0.0303,-0.0049,0.0844
9.200,moving,0.06834,1.22346,-0.54621,0.01049,0.83357,0.00564,0.06821,1.25911,-0.54561,0.01087,0.83406,0.00607,0.06821,1.23898,-0.54644,0.01085,0.83403,0.00606,0.0152,0.0166,-0.0210,0.0152,-0.0152,0.4506,0.0330,0.0202,1.90,0.4400,0.0303,-0.0041,0.0844
9.220,moving,0.06780,1.17625,-0.59617,0.00973,0.93072,0.00494,0.06821,1.23898,-0.54644,0.01085,0.83403,0.00606,0.06769,1.23733,-0.54864,0.01011,0.83636,0.00536,0.0152,0.0166,-0.0210,0.0152,-0.0152,0.4511,0.0327,0.0213,1.80,0.4405,0.0300,-0.0030,0.0844
9.240,moving,0.06780,1.17625,-0.59617,0.00973,0.93072,0.00494,0.06821,1.23898,-0.54644,0.01085,0.83403,0.00606,0.06767,1.23672,-0.55706,0.01007,0.84488,0.00535,0.0152,0.0166,-0.0210,0.0152,-0.0152,0.4519,0.0328,0.0231,1.77,0.4414,0.0301,-0.0012,0.0844
9.260,moving,0.06780,1.17625,-0.59617,0.00973,0.93072,0.00494,0.06821,1.23898,-0.54644,0.01085,0.83403,0.00606,0.06766,1.23762,-0.57173,0.01007,0.85960,0.00535,0.0152,0.0166,-0.0210,0.0152,-0.0152,0.4531,0.0328,0.0254,1.83,0.4425,0.0301,0.0011,0.0844
9.280,moving,0.06780,1.17625,-0.59617,0.00973,0.93072,0.00494,0.06821,1.23898,-0.54644,0.01085,0.83403,0.00606,0.06766,1.23765,-0.58684,0.01006,0.88049,0.00535,0.0152,0.0166,-0.0210,0.0152,-0.0152,0.4535,0.0329,0.0280,2.16,0.4427,0.0302,0.0038,0.0844
9.300,moving,0.06780,1.17625,-0.59617,0.00973,0.93072,0.00494,0.06821,1.23898,-0.54644,0.01085,0.83403,0.00606,0.06766,1.23400,-0.59486,0.01006,0.90281,0.00535,0.0152,0.0166,-0.0210,0.0152,-0.0152,0.4524,0.0329,0.0309,2.76,0.4414,0.0301,0.0068,0.0844
9.320,moving,0.06780,1.17625,-0.59617,0.00973,0.93072,0.00494,0.06821,1.23898,-0.54644,0.01085,0.83403,0.00606,0.06766,1.22794,-0.59529,0.01008,0.90966,0.00534,0.0152,0.0166,-0.0210,0.0152,-0.0152,0.4523,0.0328,0.0336,2.79,0.4413,0.0301,0.0095,0.0844
9.340,moving,0.06780,1.17625,-0.59617,0.00973,0.93072,0.00494,0.06766,1.22794,-0.59529,0.01008,0.90966,0.00534,0.06766,1.22158,-0.59600,0.01007,0.91816,0.00534,0.0152,0.0166,-0.0210,0.0152,-0.0152,0.4521,0.0328,0.0365,2.88,0.4411,0.0301,0.0124,0.0844
9.360,moving,0.06780,1.17625,-0.59617,0.00973,0.93072,0.00494,0.06766,1.22794,-0.59529,0.01008,0.90966,0.00534,0.06766,1.21486,-0.59590,0.01007,0.92753,0.00534,0.0152,0.0166,-0.0210,0.0152,-0.0152,0.4516,0.0328,0.0394,3.04,0.4405,0.0301,0.0154,0.0844
9.380,moving,0.06780,1.17625,-0.59617,0.00973,0.93072,0.00494,0.06766,1.22794,-0.59529,0.01008,0.90966,0.00534,0.06766,1.20913,-0.59576,0.01007,0.93091,0.00533,0.0152,0.0166,-0.0210,0.0152,-0.0152,0.4518,0.0328,0.0419,2.91,0.4408,0.0301,0.0179,0.0844
9.400,moving,0.06780,1.17625,-0.59617,0.00973,0.93072,0.00494,0.06766,1.22794,-0.59529,0.01008,0.90966,0.00534,0.06766,1.20444,-0.59589,0.01007,0.93104,0.00533,0.0152,0.0166,-0.0210,0.0152,-0.0152,0.4525,0.0329,0.0441,2.65,0.4416,0.0302,0.0199,0.0844
9.420,moving,0.06780,1.17625,-0.59617,0.00973,0.93072,0.00494,0.06766,1.22794,-0.59529,0.01008,0.90966,0.00534,0.06766,1.20060,-0.59607,0.01007,0.93103,0.00533,0.0152,0.0166,-0.0210,0.0152,-0.0152,0.4531,0.0329,0.0458,2.41,0.4423,0.0302,0.0217,0.0844
9.440,moving,0.06780,1.17625,-0.59617,0.00973,0.93072,0.00494,0.06766,1.22794,-0.59529,0.01008,0.90966,0.00534,0.06766,1.19747,-0.59620,0.01007,0.93102,0.00533,0.0152,0.0166,-0.0210,0.0152,-0.0152,0.4536,0.0330,0.0473,2.23,0.4429,0.0303,0.0231,0.0844
9.460,moving,0.06726,1.14308,-0.67538,0.00907,1.04311,0.00423,0.06766,1.19747,-0.59620,0.01007,0.93102,0.00533,0.06766,1.19492,-0.59630,0.01006,0.93102,0.00532,0.0152,0.0166,-0.0210,0.0152,-0.0152,0.4540,0.0330,0.0485,2.08,0.4433,0.0303,0.0243,0.0844
9.480,moving,0.06726,1.14308,-0.67538,0.00907,1.04311,0.00423,0.06766,1.19747,-0.59620,0.01007,0.93102,0.00533,0.06766,1.19284,-0.59637,0.01006,0.93101,0.00532,0.0152,0.0166,-0.0210,0.0152,-0.0152,0.4543,0.0330,0.0494,1.95,0.4437,0.0303,0.0252,0.0844
9.500,moving,0.06726,1.14308,-0.67538,0.00907,1.04311,0.00423,0.06766,1.19747,-0.59620,0.01007,0.93102,0.00533,0.06766,1.19115,-0.59642,0.01006,0.93101,0.00532,0.0152,0.0166,-0.0210,0.0152,-0.0152,0.4545,0.0330,0.0502,1.85,0.4440,0.0303,0.0260,0.0844
9.520,moving,0.06726,1.14308,-0.67538,0.00907,1.04311,0.00423,0.06766,1.19747,-0.59620,0.01007,0.93102,0.00533,0.06714,1.18969,-0.59866,0.00943,0.93334,0.00461,0.0152,0.0166,-0.0210,0.0152,-0.0152,0.4549,0.0327,0.0513,1.76,0.4444,0.0300,0.0270,0.0844
9.540,moving,0.06726,1.14308,-0.67538,0.00907,1.04311,0.00423,0.06766,1.19747,-0.59620,0.01007,0.93102,0.00533,0.06713,1.18920,-0.60710,0.00939,0.94186,0.00460,0.0152,0.0166,-0.0210,0.0152,-0.0152,0.4556,0.0328,0.0531,1.73,0.4451,0.0301,0.0288,0.0844
9.560,moving,0.06726,1.14308,-0.67538,0.00907,1.04311,0.00423,0.06766,1.19747,-0.59620,0.01007,0.93102,0.00533,0.06712,1.19019,-0.62179,0.00939,0.95657,0.00461,0.0152,0.0166,-0.0210,0.0152,-0.0152,0.4565,0.0328,0.0554,1.79,0.4460,0.0301,0.0312,0.0844
9.580,moving,0.06726,1.14308,-0.67538,0.00907,1.04311,0.00423,0.06712,1.19019,-0.62179,0.00939,0.95657,0.00461,0.06712,1.19267,-0.64238,0.00939,0.97747,0.00461,0.0152,0.0166,-0.0210,0.0152,-0.0152,0.4576,0.0329,0.0582,1.95,0.4469,0.0302,0.0340,0.0844
9.600,moving,0.06726,1.14308,-0.67538,0.00907,1.04311,0.00423,0.06712,1.19019,-0.62179,0.00939,0.95657,0.00461,0.06712,1.19315,-0.66021,0.00939,1.00212,0.00460,0.0152,0.0166,-0.0210,0.0152,-0.0152,0.4576,0.0330,0.0613,2.37,0.4468,0.0302,0.0371,0.0844
9.620,moving,0.06726,1.14308,-0.67538,0.00907,1.04311,0.00423,0.06712,1.19019,-0.62179,0.00939,0.95657,0.00461,0.06712,1.18902,-0.66532,0.00943,1.00999,0.00460,0.0152,0.0166,-0.0210,0.0152,-0.0152,0.4580,0.0330,0.0641,2.30,0.4472,0.0303,0.0399,0.0844
9.640,moving,0.06726,1.14308,-0.67538,0.00907,1.04311,0.00423,0.06712,1.19019,-0.62179,0.00939,0.95657,0.00461,0.06712,1.18526,-0.67273,0.00942,1.01847,0.00460,0.0152,0.0166,-0.0210,0.0152,-0.0152,0.4587,0.0331,0.0672,2.15,0.4480,0.0303,0.0430,0.0844
9.660,moving,0.06726,1.14308,-0.67538,0.00907,1.04311,0.00423,0.06712,1.19019,-0.62179,0.00939,0.95657,0.00461,0.06712,1.17953,-0.67618,0.00941,1.03174,0.00459,0.0152,0.0166,-0.0210,0.0152,-0.0152,0.4580,0.0330,0.0704,2.38,0.4472,0.0303,0.0462,0.0844
9.680,moving,0.06726,1.14308,-0.67538,0.00907,1.04311,0.00423,0.06712,1.19019,-0.62179,0.00939,0.95657,0.00461,0.06712,1.17417,-0.67597,0.00940,1.04036,0.00459,0.0152,0.0166,-0.0210,0.0152,-0.0152,0.4572,0.0330,0.0727,2.58,0.4463,0.0302,0.0485,0.0844
9.700,moving,0.06726,1.14308,-0.67538,0.00907,1.04311,0.00423,0.06712,1.17417,-0.67597,0.00940,1.04036,0.00459,0.06712,1.16988,-0.67567,0.00940,1.04312,0.00459,0.0152,0.0166,-0.0210,0.0152,-0.0152,0.4572,0.0330,0.0745,2.51,0.4463,0.0302,0.0504,0.0844
9.720,moving,0.06726,1.14308,-0.67538,0.00907,1.04311,0.00423,0.06712,1.17417,-0.67597,0.00940,1.04036,0.00459,0.06712,1.16636,-0.67568,0.00939,1.04316,0.00458,0.0152,0.0166,-0.0210,0.0152,-0.0152,0.4576,0.0330,0.0761,2.31,0.4468,0.0303,0.0520,0.0844
9.740,moving,0.06726,1.14308,-0.67538,0.00907,1.04311,0.00423,0.06712,1.17417,-0.67597,0.00940,1.04036,0.00459,0.06712,1.16348,-0.67574,0.00939,1.04315,0.00458,0.0152,0.0166,-0.0210,0.0152,-0.0152,0.4579,0.0330,0.0775,2.14,0.4472,0.0303,0.0533,0.0844
9.760,moving,0.06726,1.14308,-0.67538,0.00907,1.04311,0.00423,0.06712,1.17417,-0.67597,0.00940,1.04036,0.00459,0.06712,1.16113,-0.67577,0.00939,1.04314,0.00458,0.0152,0.0166,-0.0210,0.0152,-0.0152,0.4582,0.0330,0.0785,2.01,0.4475,0.0303,0.0543,0.0844
9.780,moving,0.06726,1.14308,-0.67538,0.00907,1.04311,0.00423,0.06712,1.17417,-0.67597,0.00940,1.04036,0.00459,0.06712,1.15922,-0.67579,0.00939,1.04313,0.00458,0.0152,0.0166,-0.0210,0.0152,-0.0152,0.4584,0.0331,0.0794,1.90,0.4478,0.0303,0.0552,0.0844
9.800,moving,0.06726,1.14308,-0.67538,0.00907,1.04311,0.00423,0.06712,1.17417,-0.67597,0.00940,1.04036,0.00459,0.06712,1.15766,-0.67579,0.00938,1.04313,0.00458,0.0152,0.0166,-0.0210,0.0152,-0.0152,0.4586,0.0331,0.0801,1.81,0.4480,0.0304,0.0559,0.0844
9.820,moving,0.06726,1.14308,-0.67538,0.00907,1.04311,0.00423,0.06712,1.15766,-0.67579,0.00938,1.04313,0.00458,0.06712,1.15639,-0.67579,0.00938,1.04312,0.00458,0.0152,0.0166,-0.0210,0.0152,-0.0152,0.4587,0.0331,0.0807,1.73,0.4482,0.0304,0.0564,0.0844
9.840,moving,0.06726,1.14308,-0.67538,0.00907,1.04311,0.00423,0.06712,1.15766,-0.67579,0.00938,1.04313,0.00458,0.06712,1.15536,-0.67579,0.00938,1.04312,0.00458,0.0152,0.0166,-0.0210,0.0152,-0.0152,0.4588,0.0331,0.0812,1.68,0.4483,0.0304,0.0569,0.0844
9.860,moving,0.06726,1.14308,-0.67538,0.00907,1.04311,0.00423,0.06712,1.15766,-0.67579,0.00938,1.04313,0.00458,0.06711,1.15451,-0.67578,0.00938,1.04311,0.00458,0.0152,0.0166,-0.0210,0.0152,-0.0152,0.4589,0.0331,0.0816,1.63,0.4484,0.0304,0.0573,0.0844
9.880,moving,0.06726,1.14308,-0.67538,0.00907,1.04311,0.00423,0.06712,1.15766,-0.67579,0.00938,1.04313,0.00458,0.06711,1.15383,-0.67578,0.00938,1.04311,0.00458,0.0152,0.0166,-0.0210,0.0152,-0.0152,0.4590,0.0331,0.0819,1.59,0.4485,0.0304,0.0576,0.0844
9.900,moving,0.06726,1.14308,-0.67538,0.00907,1.04311,0.00423,0.06712,1.15766,-0.67579,0.00938,1.04313,0.00458,0.06711,1.15327,-0.67577,0.00938,1.04311,0.00458,0.0152,0.0166,-0.0210,0.0152,-0.0152,0.4590,0.0331,0.0822,1.56,0.4486,0.0304,0.0578,0.0844
9.920,moving,0.06726,1.14308,-0.67538,0.00907,1.04311,0.00423,0.06712,1.15766,-0.67579,0.00938,1.04313,0.00458,0.06711,1.15281,-0.67576,0.00938,1.04311,0.00458,0.0152,0.0166,-0.0210,0.0152,-0.0152,0.4591,0.0331,0.0824,1.53,0.4486,0.0304,0.0580,0.0844
9.940,moving,0.06726,1.14308,-0.67538,0.00907,1.04311,0.00423,0.06711,1.15281,-0.67576,0.00938,1.04311,0.00458,0.06711,1.15244,-0.67575,0.00938,1.04311,0.00458,0.0152,0.0166,-0.0210,0.0152,-0.0152,0.4591,0.0331,0.0825,1.51,0.4487,0.0304,0.0582,0.0844
9.960,moving,0.06726,1.14308,-0.67538,0.00907,1.04311,0.00423,0.06711,1.15281,-0.67576,0.00938,1.04311,0.00458,0.06711,1.15214,-0.67575,0.00938,1.04311,0.00458,0.0152,0.0166,-0.0210,0.0152,-0.0152,0.4591,0.0331,0.0827,1.49,0.4487,0.0304,0.0583,0.0844
9.980,moving,0.06726,1.14308,-0.67538,0.00907,1.04311,0.00423,0.06711,1.15281,-0.67576,0.00938,1.04311,0.00458,0.06711,1.15190,-0.67574,0.00938,1.04311,0.00458,0.0152,0.0166,-0.0210,0.0152,-0.0152,0.4592,0.0331,0.0828,1.48,0.4487,0.0304,0.0585,0.0844
10.000,moving,0.06726,1.14308,-0.67538,0.00907,1.04311,0.00423,0.06711,1.15281,-0.67576,0.00938,1.04311,0.00458,0.06711,1.15169,-0.67574,0.00938,1.04311,0.00458,0.0152,0.0166,-0.0210,0.0152,-0.0152,0.4592,0.0331,0.0829,1.47,0.4488,0.0304,0.0585,0.0844
10.020,moving,0.06726,1.14308,-0.67538,0.00907,1.04311,0.00423,0.06711,1.15281,-0.67576,0.00938,1.04311,0.00458,0.06711,1.15153,-0.67573,0.00938,1.04311,0.00458,0.0152,0.0166,-0.0210,0.0152,-0.0152,0.4592,0.0331,0.0830,1.46,0.4488,0.0304,0.0586,0.0844
10.040,moving,0.06726,1.14308,-0.67538,0.00907,1.04311,0.00423,0.06711,1.15281,-0.67576,0.00938,1.04311,0.00458,0.06711,1.15140,-0.67573,0.00938,1.04311,0.00458,0.0152,0.0166,-0.0210,0.0152,-0.0152,0.4592,0.0331,0.0830,1.45,0.4488,0.0304,0.0587,0.0844
10.060,moving,0.06726,1.14308,-0.67538,0.00907,1.04311,0.00423,0.06711,1.15140,-0.67573,0.00938,1.04311,0.00458,0.06711,1.15129,-0.67572,0.00938,1.04311,0.00458,0.0152,0.0166,-0.0210,0.0152,-0.0152,0.4592,0.0331,0.0831,1.45,0.4488,0.0304,0.0587,0.0844
10.080,moving,0.06726,1.14308,-0.67538,0.00907,1.04311,0.00423,0.06711,1.15140,-0.67573,0.00938,1.04311,0.00458,0.06711,1.15120,-0.67572,0.00938,1.04311,0.00458,0.0152,0.0166,-0.0210,0.0152,-0.0152,0.4592,0.0331,0.0831,1.44,0.4488,0.0304,0.0588,0.0844
10.100,moving,0.06726,1.14308,-0.67538,0.00907,1.04311,0.00423,0.06711,1.15140,-0.67573,0.00938,1.04311,0.00458,0.06711,1.15113,-0.67571,0.00938,1.04311,0.00458,0.0152,0.0166,-0.0210,0.0152,-0.0152,0.4592,0.0331,0.0831,1.44,0.4488,0.0304,0.0588,0.0844
10.120,moving,0.06726,1.14308,-0.67538,0.00907,1.04311,0.00423,0.06711,1.15140,-0.67573,0.00938,1.04311,0.00458,0.06711,1.15107,-0.67571,0.00938,1.04311,0.00458,0.0152,0.0166,-0.0210,0.0152,-0.0152,0.4593,0.0331,0.0832,1.43,0.4488,0.0304,0.0588,0.0844
10.140,moving,0.06726,1.14308,-0.67538,0.00907,1.04311,0.00423,0.06711,1.15140,-0.67573,0.00938,1.04311,0.00458,0.06711,1.15102,-0.67570,0.00938,1.04311,0.00458,0.0152,0.0166,-0.0210,0.0152,-0.0152,0.4593,0.0331,0.0832,1.43,0.4488,0.0304,0.0588,0.0844
10.160,moving,0.06726,1.14308,-0.67538,0.00907,1.04311,0.00423,0.06711,1.15140,-0.67573,0.00938,1.04311,0.00458,0.06711,1.15098,-0.67570,0.00938,1.04311,0.00458,0.0152,0.0166,-0.0210,0.0152,-0.0152,0.4593,0.0331,0.0832,1.43,0.4489,0.0304,0.0589,0.0844
10.180,moving,0.06726,1.14308,-0.67538,0.00907,1.04311,0.00423,0.06711,1.15098,-0.67570,0.00938,1.04311,0.00458,0.06711,1.15095,-0.67570,0.00938,1.04311,0.00458,0.0152,0.0166,-0.0210,0.0152,-0.0152,0.4593,0.0331,0.0832,1.43,0.4489,0.0304,0.0589,0.0844
10.200,moving,0.06726,1.14308,-0.67538,0.00907,1.04311,0.00423,0.06711,1.15098,-0.67570,0.00938,1.04311,0.00458,0.06711,1.15093,-0.67569,0.00938,1.04311,0.00458,0.0152,0.0166,-0.0210,0.0152,-0.0152,0.4593,0.0331,0.0832,1.43,0.4489,0.0304,0.0589,0.0844
10.220,moving,0.06726,1.14308,-0.67538,0.00907,1.04311,0.00423,0.06711,1.15098,-0.67570,0.00938,1.04311,0.00458,0.06711,1.15091,-0.67569,0.00938,1.04311,0.00458,0.0152,0.0166,-0.0210,0.0152,-0.0152,0.4593,0.0331,0.0832,1.43,0.4489,0.0304,0.0589,0.0844
10.240,moving,0.06726,1.14308,-0.67538,0.00907,1.04311,0.00423,0.06711,1.15098,-0.67570,0.00938,1.04311,0.00458,0.06711,1.15089,-0.67569,0.00938,1.04311,0.00458,0.0152,0.0166,-0.0210,0.0152,-0.0152,0.4593,0.0331,0.0832,1.43,0.4489,0.0304,0.0589,0.0844
10.260,moving,0.06726,1.14308,-0.67538,0.00907,1.04311,0.00423,0.06711,1.15098,-0.67570,0.00938,1.04311,0.00458,0.06711,1.15087,-0.67569,0.00938,1.04311,0.00458,0.0152,0.0166,-0.0210,0.0152,-0.0152,0.4593,0.0331,0.0832,1.42,0.4489,0.0304,0.0589,0.0844
10.280,hold,0.06726,1.14308,-0.67538,0.00907,1.04311,0.00423,0.06711,1.15098,-0.67570,0.00938,1.04311,0.00458,0.06711,1.15086,-0.67569,0.00938,1.04311,0.00458,0.0152,0.0166,-0.0210,0.0152,-0.0152,0.4593,0.0331,0.0833,1.42,0.4489,0.0304,0.0589,0.0844
10.300,hold,0.06726,1.14308,-0.67538,0.00907,1.04311,0.00423,0.06711,1.15086,-0.67569,0.00938,1.04311,0.00458,0.06711,1.15085,-0.67569,0.00938,1.04311,0.00458,0.0152,0.0166,-0.0210,0.0152,-0.0152,0.4593,0.0331,0.0833,1.42,0.4489,0.0304,0.0589,0.0844
10.320,hold,0.06726,1.14308,-0.67538,0.00907,1.04311,0.00423,0.06711,1.15086,-0.67569,0.00938,1.04311,0.00458,0.06711,1.15084,-0.67569,0.00938,1.04311,0.00458,0.0152,0.0166,-0.0210,0.0152,-0.0152,0.4593,0.0331,0.0833,1.42,0.4489,0.0304,0.0589,0.0844
10.340,hold,0.06726,1.14308,-0.67538,0.00907,1.04311,0.00423,0.06711,1.15086,-0.67569,0.00938,1.04311,0.00458,0.06711,1.15084,-0.67569,0.00938,1.04311,0.00458,0.0152,0.0166,-0.0210,0.0152,-0.0152,0.4593,0.0331,0.0833,1.42,0.4489,0.0304,0.0589,0.0844
10.360,hold,0.06726,1.14308,-0.67538,0.00907,1.04311,0.00423,0.06711,1.15086,-0.67569,0.00938,1.04311,0.00458,0.06711,1.15084,-0.67569,0.00938,1.04311,0.00458,0.0152,0.0166,-0.0210,0.0152,-0.0152,0.4593,0.0331,0.0833,1.42,0.4489,0.0304,0.0589,0.0844
10.380,hold,0.06726,1.14308,-0.67538,0.00907,1.04311,0.00423,0.06711,1.15086,-0.67569,0.00938,1.04311,0.00458,0.06711,1.15083,-0.67569,0.00938,1.04311,0.00458,0.0152,0.0166,-0.0210,0.0152,-0.0152,0.4593,0.0331,0.0833,1.42,0.4489,0.0304,0.0589,0.0844
10.400,hold,0.06726,1.14308,-0.67538,0.00907,1.04311,0.00423,0.06711,1.15086,-0.67569,0.00938,1.04311,0.00458,0.06711,1.15083,-0.67569,0.00938,1.04311,0.00458,0.0152,0.0166,-0.0210,0.0152,-0.0152,0.4593,0.0331,0.0833,1.42,0.4489,0.0304,0.0589,0.0844
10.420,hold,0.06726,1.14308,-0.67538,0.00907,1.04311,0.00423,0.06711,1.15083,-0.67569,0.00938,1.04311,0.00458,0.06711,1.15082,-0.67569,0.00938,1.04311,0.00458,0.0152,0.0166,-0.0210,0.0152,-0.0152,0.4593,0.0331,0.0833,1.42,0.4489,0.0304,0.0589,0.0844
10.440,hold,0.06726,1.14308,-0.67538,0.00907,1.04311,0.00423,0.06711,1.15083,-0.67569,0.00938,1.04311,0.00458,0.06711,1.15082,-0.67569,0.00938,1.04311,0.00458,0.0152,0.0166,-0.0210,0.0152,-0.0152,0.4593,0.0331,0.0833,1.42,0.4489,0.0304,0.0589,0.0844
10.460,hold,0.06726,1.14308,-0.67538,0.00907,1.04311,0.00423,0.06711,1.15083,-0.67569,0.00938,1.04311,0.00458,0.06711,1.15082,-0.67569,0.00938,1.04311,0.00458,0.0152,0.0166,-0.0210,0.0152,-0.0152,0.4593,0.0331,0.0833,1.42,0.4489,0.0304,0.0589,0.0844
10.480,hold,0.06726,1.14308,-0.67538,0.00907,1.04311,0.00423,0.06711,1.15083,-0.67569,0.00938,1.04311,0.00458,0.06711,1.15082,-0.67568,0.00938,1.04311,0.00458,0.0152,0.0166,-0.0210,0.0152,-0.0152,0.4593,0.0331,0.0833,1.42,0.4489,0.0304,0.0589,0.0844
10.500,hold,0.06726,1.14308,-0.67538,0.00907,1.04311,0.00423,0.06711,1.15083,-0.67569,0.00938,1.04311,0.00458,0.06711,1.15082,-0.67568,0.00938,1.04311,0.00458,0.0152,0.0166,-0.0210,0.0152,-0.0152,0.4593,0.0331,0.0833,1.42,0.4489,0.0304,0.0589,0.0844
10.520,hold,0.06726,1.14308,-0.67538,0.00907,1.04311,0.00423,0.06711,1.15083,-0.67569,0.00938,1.04311,0.00458,0.06711,1.15082,-0.67568,0.00938,1.04311,0.00458,0.0152,0.0166,-0.0210,0.0152,-0.0152,0.4593,0.0331,0.0833,1.42,0.4489,0.0304,0.0589,0.0844
10.540,hold,0.06726,1.14308,-0.67538,0.00907,1.04311,0.00423,0.06711,1.15082,-0.67568,0.00938,1.04311,0.00458,0.06711,1.15082,-0.67568,0.00938,1.04311,0.00458,0.0152,0.0166,-0.0210,0.0152,-0.0152,0.4593,0.0331,0.0833,1.42,0.4489,0.0304,0.0589,0.0844
10.560,hold,0.06726,1.14308,-0.67538,0.00907,1.04311,0.00423,0.06711,1.15082,-0.67568,0.00938,1.04311,0.00458,0.06711,1.15081,-0.67568,0.00938,1.04311,0.00458,0.0152,0.0166,-0.0210,0.0152,-0.0152,0.4593,0.0331,0.0833,1.42,0.4489,0.0304,0.0589,0.0844
10.580,hold,0.06726,1.14308,-0.67538,0.00907,1.04311,0.00423,0.06711,1.15082,-0.67568,0.00938,1.04311,0.00458,0.06711,1.15082,-0.67568,0.00938,1.04311,0.00458,0.0152,0.0166,-0.0210,0.0152,-0.0152,0.4593,0.0331,0.0833,1.42,0.4489,0.0304,0.0589,0.0844
10.600,hold,0.06726,1.14308,-0.67538,0.00907,1.04311,0.00423,0.06711,1.15082,-0.67568,0.00938,1.04311,0.00458,0.06711,1.15082,-0.67568,0.00938,1.04311,0.00458,0.0152,0.0166,-0.0210,0.0152,-0.0152,0.4593,0.0331,0.0833,1.42,0.4489,0.0304,0.0589,0.0844
10.620,hold,0.06726,1.14308,-0.67538,0.00907,1.04311,0.00423,0.06711,1.15082,-0.67568,0.00938,1.04311,0.00458,0.06711,1.15082,-0.67568,0.00938,1.04311,0.00458,0.0152,0.0166,-0.0210,0.0152,-0.0152,0.4593,0.0331,0.0833,1.42,0.4489,0.0304,0.0589,0.0844
10.640,hold,0.06726,1.14308,-0.67538,0.00907,1.04311,0.00423,0.06711,1.15082,-0.67568,0.00938,1.04311,0.00458,0.06711,1.15081,-0.67568,0.00938,1.04311,0.00458,0.0152,0.0166,-0.0210,0.0152,-0.0152,0.4593,0.0331,0.0833,1.42,0.4489,0.0304,0.0589,0.0844
10.660,hold,0.06726,1.14308,-0.67538,0.00907,1.04311,0.00423,0.06711,1.15081,-0.67568,0.00938,1.04311,0.00458,0.06711,1.15082,-0.67568,0.00938,1.04311,0.00458,0.0152,0.0166,-0.0210,0.0152,-0.0152,0.4593,0.0331,0.0833,1.42,0.4489,0.0304,0.0589,0.0844
10.680,hold,0.06726,1.14308,-0.67538,0.00907,1.04311,0.00423,0.06711,1.15081,-0.67568,0.00938,1.04311,0.00458,0.06711,1.15081,-0.67568,0.00938,1.04311,0.00458,0.0152,0.0166,-0.0210,0.0152,-0.0152,0.4593,0.0331,0.0833,1.42,0.4489,0.0304,0.0589,0.0844
10.700,hold,0.06726,1.14308,-0.67538,0.00907,1.04311,0.00423,0.06711,1.15081,-0.67568,0.00938,1.04311,0.00458,0.06711,1.15081,-0.67568,0.00938,1.04311,0.00458,0.0152,0.0166,-0.0210,0.0152,-0.0152,0.4593,0.0331,0.0833,1.42,0.4489,0.0304,0.0589,0.0844
10.720,hold,0.06726,1.14308,-0.67538,0.00907,1.04311,0.00423,0.06711,1.15081,-0.67568,0.00938,1.04311,0.00458,0.06711,1.15081,-0.67568,0.00938,1.04311,0.00458,0.0152,0.0166,-0.0210,0.0152,-0.0152,0.4593,0.0331,0.0833,1.42,0.4489,0.0304,0.0589,0.0844
10.740,hold,0.06726,1.14308,-0.67538,0.00907,1.04311,0.00423,0.06711,1.15081,-0.67568,0.00938,1.04311,0.00458,0.06711,1.15081,-0.67568,0.00938,1.04311,0.00458,0.0152,0.0166,-0.0210,0.0152,-0.0152,0.4593,0.0331,0.0833,1.42,0.4489,0.0304,0.0589,0.0844
10.760,hold,0.06726,1.14308,-0.67538,0.00907,1.04311,0.00423,0.06711,1.15081,-0.67568,0.00938,1.04311,0.00458,0.06711,1.15081,-0.67568,0.00938,1.04311,0.00458,0.0152,0.0166,-0.0210,0.0152,-0.0152,0.4593,0.0331,0.0833,1.42,0.4489,0.0304,0.0589,0.0844
10.780,hold,0.06726,1.14308,-0.67538,0.00907,1.04311,0.00423,0.06711,1.15081,-0.67568,0.00938,1.04311,0.00458,0.06711,1.15081,-0.67568,0.00938,1.04311,0.00458,0.0152,0.0166,-0.0210,0.0152,-0.0152,0.4593,0.0331,0.0833,1.42,0.4489,0.0304,0.0589,0.0844
10.800,hold,0.06726,1.14308,-0.67538,0.00907,1.04311,0.00423,0.06711,1.15081,-0.67568,0.00938,1.04311,0.00458,0.06711,1.15081,-0.67568,0.00938,1.04311,0.00458,0.0152,0.0166,-0.0210,0.0152,-0.0152,0.4593,0.0331,0.0833,1.42,0.4489,0.0304,0.0589,0.0844
10.820,hold,0.06726,1.14308,-0.67538,0.00907,1.04311,0.00423,0.06711,1.15081,-0.67568,0.00938,1.04311,0.00458,0.06711,1.15081,-0.67568,0.00938,1.04311,0.00458,0.0152,0.0166,-0.0210,0.0152,-0.0152,0.4593,0.0331,0.0833,1.42,0.4489,0.0304,0.0589,0.0844
10.840,hold,0.06726,1.14308,-0.67538,0.00907,1.04311,0.00423,0.06711,1.15081,-0.67568,0.00938,1.04311,0.00458,0.06711,1.15081,-0.67568,0.00938,1.04311,0.00458,0.0152,0.0166,-0.0210,0.0152,-0.0152,0.4593,0.0331,0.0833,1.42,0.4489,0.0304,0.0589,0.0844
10.860,hold,0.06726,1.14308,-0.67538,0.00907,1.04311,0.00423,0.06711,1.15081,-0.67568,0.00938,1.04311,0.00458,0.06711,1.15081,-0.67568,0.00938,1.04311,0.00458,0.0152,0.0166,-0.0210,0.0152,-0.0152,0.4593,0.0331,0.0833,1.42,0.4489,0.0304,0.0589,0.0844
10.880,hold,0.06726,1.14308,-0.67538,0.00907,1.04311,0.00423,0.06711,1.15081,-0.67568,0.00938,1.04311,0.00458,0.06711,1.15081,-0.67568,0.00938,1.04311,0.00458,0.0152,0.0166,-0.0210,0.0152,-0.0152,0.4593,0.0331,0.0833,1.42,0.4489,0.0304,0.0589,0.0844
10.900,hold,0.06726,1.14308,-0.67538,0.00907,1.04311,0.00423,0.06711,1.15081,-0.67568,0.00938,1.04311,0.00458,0.06711,1.15081,-0.67568,0.00938,1.04311,0.00458,0.0152,0.0166,-0.0210,0.0152,-0.0152,0.4593,0.0331,0.0833,1.42,0.4489,0.0304,0.0589,0.0844
10.920,hold,0.06726,1.14308,-0.67538,0.00907,1.04311,0.00423,0.06711,1.15081,-0.67568,0.00938,1.04311,0.00458,0.06711,1.15081,-0.67568,0.00938,1.04311,0.00458,0.0152,0.0166,-0.0210,0.0152,-0.0152,0.4593,0.0331,0.0833,1.42,0.4489,0.0304,0.0589,0.0844
10.940,hold,0.06726,1.14308,-0.67538,0.00907,1.04311,0.00423,0.06711,1.15081,-0.67568,0.00938,1.04311,0.00458,0.06711,1.15081,-0.67568,0.00938,1.04311,0.00458,0.0152,0.0166,-0.0210,0.0152,-0.0152,0.4593,0.0331,0.0833,1.42,0.4489,0.0304,0.0589,0.0844
10.960,hold,0.06726,1.14308,-0.67538,0.00907,1.04311,0.00423,0.06711,1.15081,-0.67568,0.00938,1.04311,0.00458,0.06711,1.15081,-0.67568,0.00938,1.04311,0.00458,0.0152,0.0166,-0.0210,0.0152,-0.0152,0.4593,0.0331,0.0833,1.42,0.4489,0.0304,0.0589,0.0844
10.980,hold,0.06726,1.14308,-0.67538,0.00907,1.04311,0.00423,0.06711,1.15081,-0.67568,0.00938,1.04311,0.00458,0.06711,1.15081,-0.67568,0.00938,1.04311,0.00458,0.0152,0.0166,-0.0210,0.0152,-0.0152,0.4593,0.0331,0.0833,1.42,0.4489,0.0304,0.0589,0.0844
11.000,hold,0.06726,1.14308,-0.67538,0.00907,1.04311,0.00423,0.06711,1.15081,-0.67568,0.00938,1.04311,0.00458,0.06711,1.15081,-0.67568,0.00938,1.04311,0.00458,0.0152,0.0166,-0.0210,0.0152,-0.0152,0.4593,0.0331,0.0833,1.42,0.4489,0.0304,0.0589,0.0844
11.020,hold,0.06726,1.14308,-0.67538,0.00907,1.04311,0.00423,0.06711,1.15081,-0.67568,0.00938,1.04311,0.00458,0.06711,1.15081,-0.67568,0.00938,1.04311,0.00458,0.0152,0.0166,-0.0210,0.0152,-0.0152,0.4593,0.0331,0.0833,1.42,0.4489,0.0304,0.0589,0.0844
11.040,hold,0.06726,1.14308,-0.67538,0.00907,1.04311,0.00423,0.06711,1.15081,-0.67568,0.00938,1.04311,0.00458,0.06711,1.15081,-0.67568,0.00938,1.04311,0.00458,0.0152,0.0166,-0.0210,0.0152,-0.0152,0.4593,0.0331,0.0833,1.42,0.4489,0.0304,0.0589,0.0844
11.060,hold,0.06726,1.14308,-0.67538,0.00907,1.04311,0.00423,0.06711,1.15081,-0.67568,0.00938,1.04311,0.00458,0.06711,1.15081,-0.67568,0.00938,1.04311,0.00458,0.0152,0.0166,-0.0210,0.0152,-0.0152,0.4593,0.0331,0.0833,1.42,0.4489,0.0304,0.0589,0.0844
11.080,hold,0.06726,1.14308,-0.67538,0.00907,1.04311,0.00423,0.06711,1.15081,-0.67568,0.00938,1.04311,0.00458,0.06711,1.15081,-0.67568,0.00938,1.04311,0.00458,0.0152,0.0166,-0.0210,0.0152,-0.0152,0.4593,0.0331,0.0833,1.42,0.4489,0.0304,0.0589,0.0844
11.100,hold,0.06726,1.14308,-0.67538,0.00907,1.04311,0.00423,0.06711,1.15081,-0.67568,0.00938,1.04311,0.00458,0.06711,1.15081,-0.67568,0.00938,1.04311,0.00458,0.0152,0.0166,-0.0210,0.0152,-0.0152,0.4593,0.0331,0.0833,1.42,0.4489,0.0304,0.0589,0.0844
11.120,hold,0.06726,1.14308,-0.67538,0.00907,1.04311,0.00423,0.06711,1.15081,-0.67568,0.00938,1.04311,0.00458,0.06711,1.15081,-0.67568,0.00938,1.04311,0.00458,0.0152,0.0166,-0.0210,0.0152,-0.0152,0.4593,0.0331,0.0833,1.42,0.4489,0.0304,0.0589,0.0844
11.140,hold,0.06726,1.14308,-0.67538,0.00907,1.04311,0.00423,0.06711,1.15081,-0.67568,0.00938,1.04311,0.00458,0.06711,1.15081,-0.67568,0.00938,1.04311,0.00458,0.0152,0.0166,-0.0210,0.0152,-0.0152,0.4593,0.0331,0.0833,1.42,0.4489,0.0304,0.0589,0.0844
11.160,hold,0.06726,1.14308,-0.67538,0.00907,1.04311,0.00423,0.06711,1.15081,-0.67568,0.00938,1.04311,0.00458,0.06711,1.15081,-0.67568,0.00938,1.04311,0.00458,0.0152,0.0166,-0.0210,0.0152,-0.0152,0.4593,0.0331,0.0833,1.42,0.4489,0.0304,0.0589,0.0844
11.180,hold,0.06726,1.14308,-0.67538,0.00907,1.04311,0.00423,0.06711,1.15081,-0.67568,0.00938,1.04311,0.00458,0.06711,1.15081,-0.67568,0.00938,1.04311,0.00458,0.0152,0.0166,-0.0210,0.0152,-0.0152,0.4593,0.0331,0.0833,1.42,0.4489,0.0304,0.0589,0.0844
11.200,hold,0.06726,1.14308,-0.67538,0.00907,1.04311,0.00423,0.06711,1.15081,-0.67568,0.00938,1.04311,0.00458,0.06711,1.15081,-0.67568,0.00938,1.04311,0.00458,0.0152,0.0166,-0.0210,0.0152,-0.0152,0.4593,0.0331,0.0833,1.42,0.4489,0.0304,0.0589,0.0844
11.220,hold,0.06726,1.14308,-0.67538,0.00907,1.04311,0.00423,0.06711,1.15081,-0.67568,0.00938,1.04311,0.00458,0.06711,1.15081,-0.67568,0.00938,1.04311,0.00458,0.0152,0.0166,-0.0210,0.0152,-0.0152,0.4593,0.0331,0.0833,1.42,0.4489,0.0304,0.0589,0.0844
11.240,hold,0.06726,1.14308,-0.67538,0.00907,1.04311,0.00423,0.06711,1.15081,-0.67568,0.00938,1.04311,0.00458,0.06711,1.15081,-0.67568,0.00938,1.04311,0.00458,0.0152,0.0166,-0.0210,0.0152,-0.0152,0.4593,0.0331,0.0833,1.42,0.4489,0.0304,0.0589,0.0844
11.260,hold,0.06726,1.14308,-0.67538,0.00907,1.04311,0.00423,0.06711,1.15081,-0.67568,0.00938,1.04311,0.00458,0.06711,1.15081,-0.67568,0.00938,1.04311,0.00458,0.0152,0.0166,-0.0210,0.0152,-0.0152,0.4593,0.0331,0.0833,1.42,0.4489,0.0304,0.0589,0.0844
11.280,hold,0.06726,1.14308,-0.67538,0.00907,1.04311,0.00423,0.06711,1.15081,-0.67568,0.00938,1.04311,0.00458,0.06711,1.15081,-0.67568,0.00938,1.04311,0.00458,0.0152,0.0166,-0.0210,0.0152,-0.0152,0.4593,0.0331,0.0833,1.42,0.4489,0.0304,0.0589,0.0844
11.300,hold,0.06726,1.14308,-0.67538,0.00907,1.04311,0.00423,0.06711,1.15081,-0.67568,0.00938,1.04311,0.00458,0.06711,1.15081,-0.67568,0.00938,1.04311,0.00458,0.0152,0.0166,-0.0210,0.0152,-0.0152,0.4593,0.0331,0.0833,1.42,0.4489,0.0304,0.0589,0.0844
11.320,hold,0.06726,1.14308,-0.67538,0.00907,1.04311,0.00423,0.06711,1.15081,-0.67568,0.00938,1.04311,0.00458,0.06711,1.15081,-0.67568,0.00938,1.04311,0.00458,0.0152,0.0166,-0.0210,0.0152,-0.0152,0.4593,0.0331,0.0833,1.42,0.4489,0.0304,0.0589,0.0844
11.340,hold,0.06726,1.14308,-0.67538,0.00907,1.04311,0.00423,0.06711,1.15081,-0.67568,0.00938,1.04311,0.00458,0.06711,1.15081,-0.67568,0.00938,1.04311,0.00458,0.0152,0.0166,-0.0210,0.0152,-0.0152,0.4593,0.0331,0.0833,1.42,0.4489,0.0304,0.0589,0.0844
11.360,hold,0.06726,1.14308,-0.67538,0.00907,1.04311,0.00423,0.06711,1.15081,-0.67568,0.00938,1.04311,0.00458,0.06711,1.15081,-0.67568,0.00938,1.04311,0.00458,0.0152,0.0166,-0.0210,0.0152,-0.0152,0.4593,0.0331,0.0833,1.42,0.4489,0.0304,0.0589,0.0844
11.380,hold,0.06726,1.14308,-0.67538,0.00907,1.04311,0.00423,0.06711,1.15081,-0.67568,0.00938,1.04311,0.00458,0.06711,1.15081,-0.67568,0.00938,1.04311,0.00458,0.0152,0.0166,-0.0210,0.0152,-0.0152,0.4593,0.0331,0.0833,1.42,0.4489,0.0304,0.0589,0.0844
11.400,hold,0.06726,1.14308,-0.67538,0.00907,1.04311,0.00423,0.06711,1.15081,-0.67568,0.00938,1.04311,0.00458,0.06711,1.15081,-0.67568,0.00938,1.04311,0.00458,0.0152,0.0166,-0.0210,0.0152,-0.0152,0.4593,0.0331,0.0833,1.42,0.4489,0.0304,0.0589,0.0844
11.420,hold,0.06726,1.14308,-0.67538,0.00907,1.04311,0.00423,0.06711,1.15081,-0.67568,0.00938,1.04311,0.00458,0.06711,1.15081,-0.67568,0.00938,1.04311,0.00458,0.0152,0.0166,-0.0210,0.0152,-0.0152,0.4593,0.0331,0.0833,1.42,0.4489,0.0304,0.0589,0.0844
11.440,hold,0.06726,1.14308,-0.67538,0.00907,1.04311,0.00423,0.06711,1.15081,-0.67568,0.00938,1.04311,0.00458,0.06711,1.15081,-0.67568,0.00938,1.04311,0.00458,0.0152,0.0166,-0.0210,0.0152,-0.0152,0.4593,0.0331,0.0833,1.42,0.4489,0.0304,0.0589,0.0844
11.460,hold,0.06726,1.14308,-0.67538,0.00907,1.04311,0.00423,0.06711,1.15081,-0.67568,0.00938,1.04311,0.00458,0.06711,1.15081,-0.67568,0.00938,1.04311,0.00458,0.0152,0.0166,-0.0210,0.0152,-0.0152,0.4593,0.0331,0.0833,1.42,0.4489,0.0304,0.0589,0.0844
11.480,hold,0.06726,1.14308,-0.67538,0.00907,1.04311,0.00423,0.06711,1.15081,-0.67568,0.00938,1.04311,0.00458,0.06711,1.15081,-0.67568,0.00938,1.04311,0.00458,0.0152,0.0166,-0.0210,0.0152,-0.0152,0.4593,0.0331,0.0833,1.42,0.4489,0.0304,0.0589,0.0844
11.500,hold,0.06726,1.14308,-0.67538,0.00907,1.04311,0.00423,0.06711,1.15081,-0.67568,0.00938,1.04311,0.00458,0.06711,1.15081,-0.67568,0.00938,1.04311,0.00458,0.0152,0.0166,-0.0210,0.0152,-0.0152,0.4593,0.0331,0.0833,1.42,0.4489,0.0304,0.0589,0.0844
11.520,hold,0.06726,1.14308,-0.67538,0.00907,1.04311,0.00423,0.06711,1.15081,-0.67568,0.00938,1.04311,0.00458,0.06711,1.15081,-0.67568,0.00938,1.04311,0.00458,0.0152,0.0166,-0.0210,0.0152,-0.0152,0.4593,0.0331,0.0833,1.42,0.4489,0.0304,0.0589,0.0844
11.540,hold,0.06726,1.14308,-0.67538,0.00907,1.04311,0.00423,0.06711,1.15081,-0.67568,0.00938,1.04311,0.00458,0.06711,1.15081,-0.67568,0.00938,1.04311,0.00458,0.0152,0.0166,-0.0210,0.0152,-0.0152,0.4593,0.0331,0.0833,1.42,0.4489,0.0304,0.0589,0.0844
11.560,hold,0.06726,1.14308,-0.67538,0.00907,1.04311,0.00423,0.06711,1.15081,-0.67568,0.00938,1.04311,0.00458,0.06711,1.15081,-0.67568,0.00938,1.04311,0.00458,0.0152,0.0166,-0.0210,0.0152,-0.0152,0.4593,0.0331,0.0833,1.42,0.4489,0.0304,0.0589,0.0844
11.580,hold,0.06726,1.14308,-0.67538,0.00907,1.04311,0.00423,0.06711,1.15081,-0.67568,0.00938,1.04311,0.00458,0.06711,1.15081,-0.67568,0.00938,1.04311,0.00458,0.0152,0.0166,-0.0210,0.0152,-0.0152,0.4593,0.0331,0.0833,1.42,0.4489,0.0304,0.0589,0.0844
11.600,hold,0.06726,1.14308,-0.67538,0.00907,1.04311,0.00423,0.06711,1.15081,-0.67568,0.00938,1.04311,0.00458,0.06711,1.15081,-0.67568,0.00938,1.04311,0.00458,0.0152,0.0166,-0.0210,0.0152,-0.0152,0.4593,0.0331,0.0833,1.42,0.4489,0.0304,0.0589,0.0844
11.620,hold,0.06726,1.14308,-0.67538,0.00907,1.04311,0.00423,0.06711,1.15081,-0.67568,0.00938,1.04311,0.00458,0.06711,1.15081,-0.67568,0.00938,1.04311,0.00458,0.0152,0.0166,-0.0210,0.0152,-0.0152,0.4593,0.0331,0.0833,1.42,0.4489,0.0304,0.0589,0.0844
11.640,hold,0.06726,1.14308,-0.67538,0.00907,1.04311,0.00423,0.06711,1.15081,-0.67568,0.00938,1.04311,0.00458,0.06711,1.15081,-0.67568,0.00938,1.04311,0.00458,0.0152,0.0166,-0.0210,0.0152,-0.0152,0.4593,0.0331,0.0833,1.42,0.4489,0.0304,0.0589,0.0844
11.660,hold,0.06726,1.14308,-0.67538,0.00907,1.04311,0.00423,0.06711,1.15081,-0.67568,0.00938,1.04311,0.00458,0.06711,1.15081,-0.67568,0.00938,1.04311,0.00458,0.0152,0.0166,-0.0210,0.0152,-0.0152,0.4593,0.0331,0.0833,1.42,0.4489,0.0304,0.0589,0.0844
11.680,hold,0.06726,1.14308,-0.67538,0.00907,1.04311,0.00423,0.06711,1.15081,-0.67568,0.00938,1.04311,0.00458,0.06711,1.15081,-0.67568,0.00938,1.04311,0.00458,0.0152,0.0166,-0.0210,0.0152,-0.0152,0.4593,0.0331,0.0833,1.42,0.4489,0.0304,0.0589,0.0844
11.700,hold,0.06726,1.14308,-0.67538,0.00907,1.04311,0.00423,0.06711,1.15081,-0.67568,0.00938,1.04311,0.00458,0.06711,1.15081,-0.67568,0.00938,1.04311,0.00458,0.0152,0.0166,-0.0210,0.0152,-0.0152,0.4593,0.0331,0.0833,1.42,0.4489,0.0304,0.0589,0.0844
11.720,hold,0.06726,1.14308,-0.67538,0.00907,1.04311,0.00423,0.06711,1.15081,-0.67568,0.00938,1.04311,0.00458,0.06711,1.15081,-0.67568,0.00938,1.04311,0.00458,0.0152,0.0166,-0.0210,0.0152,-0.0152,0.4593,0.0331,0.0833,1.42,0.4489,0.0304,0.0589,0.0844
11.740,hold,0.06726,1.14308,-0.67538,0.00907,1.04311,0.00423,0.06711,1.15081,-0.67568,0.00938,1.04311,0.00458,0.06711,1.15081,-0.67568,0.00938,1.04311,0.00458,0.0152,0.0166,-0.0210,0.0152,-0.0152,0.4593,0.0331,0.0833,1.42,0.4489,0.0304,0.0589,0.0844
11.760,hold,0.06726,1.14308,-0.67538,0.00907,1.04311,0.00423,0.06711,1.15081,-0.67568,0.00938,1.04311,0.00458,0.06711,1.15081,-0.67568,0.00938,1.04311,0.00458,0.0152,0.0166,-0.0210,0.0152,-0.0152,0.4593,0.0331,0.0833,1.42,0.4489,0.0304,0.0589,0.0844
11.780,hold,0.06726,1.14308,-0.67538,0.00907,1.04311,0.00423,0.06711,1.15081,-0.67568,0.00938,1.04311,0.00458,0.06711,1.15081,-0.67568,0.00938,1.04311,0.00458,0.0152,0.0166,-0.0210,0.0152,-0.0152,0.4593,0.0331,0.0833,1.42,0.4489,0.0304,0.0589,0.0844
11.800,hold,0.06726,1.14308,-0.67538,0.00907,1.04311,0.00423,0.06711,1.15081,-0.67568,0.00938,1.04311,0.00458,0.06711,1.15081,-0.67568,0.00938,1.04311,0.00458,0.0152,0.0166,-0.0210,0.0152,-0.0152,0.4593,0.0331,0.0833,1.42,0.4489,0.0304,0.0589,0.0844
11.820,hold,0.06726,1.14308,-0.67538,0.00907,1.04311,0.00423,0.06711,1.15081,-0.67568,0.00938,1.04311,0.00458,0.06711,1.15081,-0.67568,0.00938,1.04311,0.00458,0.0152,0.0166,-0.0210,0.0152,-0.0152,0.4593,0.0331,0.0833,1.42,0.4489,0.0304,0.0589,0.0844
11.840,hold,0.06726,1.14308,-0.67538,0.00907,1.04311,0.00423,0.06711,1.15081,-0.67568,0.00938,1.04311,0.00458,0.06711,1.15081,-0.67568,0.00938,1.04311,0.00458,0.0152,0.0166,-0.0210,0.0152,-0.0152,0.4593,0.0331,0.0833,1.42,0.4489,0.0304,0.0589,0.0844
11.860,hold,0.06726,1.14308,-0.67538,0.00907,1.04311,0.00423,0.06711,1.15081,-0.67568,0.00938,1.04311,0.00458,0.06711,1.15081,-0.67568,0.00938,1.04311,0.00458,0.0152,0.0166,-0.0210,0.0152,-0.0152,0.4593,0.0331,0.0833,1.42,0.4489,0.0304,0.0589,0.0844
11.880,hold,0.06726,1.14308,-0.67538,0.00907,1.04311,0.00423,0.06711,1.15081,-0.67568,0.00938,1.04311,0.00458,0.06711,1.15081,-0.67568,0.00938,1.04311,0.00458,0.0152,0.0166,-0.0210,0.0152,-0.0152,0.4593,0.0331,0.0833,1.42,0.4489,0.0304,0.0589,0.0844
11.900,hold,0.06726,1.14308,-0.67538,0.00907,1.04311,0.00423,0.06711,1.15081,-0.67568,0.00938,1.04311,0.00458,0.06711,1.15081,-0.67568,0.00938,1.04311,0.00458,0.0152,0.0166,-0.0210,0.0152,-0.0152,0.4593,0.0331,0.0833,1.42,0.4489,0.0304,0.0589,0.0844
11.920,hold,0.06726,1.14308,-0.67538,0.00907,1.04311,0.00423,0.06711,1.15081,-0.67568,0.00938,1.04311,0.00458,0.06711,1.15081,-0.67568,0.00938,1.04311,0.00458,0.0152,0.0166,-0.0210,0.0152,-0.0152,0.4593,0.0331,0.0833,1.42,0.4489,0.0304,0.0589,0.0844
11.940,hold,0.06726,1.14308,-0.67538,0.00907,1.04311,0.00423,0.06711,1.15081,-0.67568,0.00938,1.04311,0.00458,0.06711,1.15081,-0.67568,0.00938,1.04311,0.00458,0.0152,0.0166,-0.0210,0.0152,-0.0152,0.4593,0.0331,0.0833,1.42,0.4489,0.0304,0.0589,0.0844
11.960,hold,0.06726,1.14308,-0.67538,0.00907,1.04311,0.00423,0.06711,1.15081,-0.67568,0.00938,1.04311,0.00458,0.06711,1.15081,-0.67568,0.00938,1.04311,0.00458,0.0152,0.0166,-0.0210,0.0152,-0.0152,0.4593,0.0331,0.0833,1.42,0.4489,0.0304,0.0589,0.0844
11.980,hold,0.06726,1.14308,-0.67538,0.00907,1.04311,0.00423,0.06711,1.15081,-0.67568,0.00938,1.04311,0.00458,0.06711,1.15081,-0.67568,0.00938,1.04311,0.00458,0.0152,0.0166,-0.0210,0.0152,-0.0152,0.4593,0.0331,0.0833,1.42,0.4489,0.0304,0.0589,0.0844
12.000,hold,0.06726,1.14308,-0.67538,0.00907,1.04311,0.00423,0.06711,1.15081,-0.67568,0.00938,1.04311,0.00458,0.06711,1.15081,-0.67568,0.00938,1.04311,0.00458,0.0152,0.0166,-0.0210,0.0152,-0.0152,0.4593,0.0331,0.0833,1.42,0.4489,0.0304,0.0589,0.0844
12.020,hold,0.06726,1.14308,-0.67538,0.00907,1.04311,0.00423,0.06711,1.15081,-0.67568,0.00938,1.04311,0.00458,0.06711,1.15081,-0.67568,0.00938,1.04311,0.00458,0.0152,0.0166,-0.0210,0.0152,-0.0152,0.4593,0.0331,0.0833,1.42,0.4489,0.0304,0.0589,0.0844
12.040,hold,0.06726,1.14308,-0.67538,0.00907,1.04311,0.00423,0.06711,1.15081,-0.67568,0.00938,1.04311,0.00458,0.06711,1.15081,-0.67569,0.00938,1.04311,0.00458,0.0152,0.0166,-0.0210,0.0152,-0.0152,0.4593,0.0331,0.0833,1.42,0.4489,0.0304,0.0589,0.0844
12.060,hold,0.06726,1.14308,-0.67538,0.00907,1.04311,0.00423,0.06711,1.15081,-0.67568,0.00938,1.04311,0.00458,0.06711,1.15081,-0.67568,0.00938,1.04311,0.00458,0.0152,0.0166,-0.0210,0.0152,-0.0152,0.4593,0.0331,0.0833,1.42,0.4489,0.0304,0.0589,0.0844
12.080,hold,0.06726,1.14308,-0.67538,0.00907,1.04311,0.00423,0.06711,1.15081,-0.67568,0.00938,1.04311,0.00458,0.06711,1.15081,-0.67569,0.00938,1.04311,0.00458,0.0152,0.0166,-0.0210,0.0152,-0.0152,0.4593,0.0331,0.0833,1.42,0.4489,0.0304,0.0589,0.0844
12.100,hold,0.06726,1.14308,-0.67538,0.00907,1.04311,0.00423,0.06711,1.15081,-0.67569,0.00938,1.04311,0.00458,0.06711,1.15081,-0.67568,0.00938,1.04311,0.00458,0.0152,0.0166,-0.0210,0.0152,-0.0152,0.4593,0.0331,0.0833,1.42,0.4489,0.0304,0.0589,0.0844
12.120,hold,0.06726,1.14308,-0.67538,0.00907,1.04311,0.00423,0.06711,1.15081,-0.67569,0.00938,1.04311,0.00458,0.06711,1.15081,-0.67568,0.00938,1.04311,0.00458,0.0152,0.0166,-0.0210,0.0152,-0.0152,0.4593,0.0331,0.0833,1.42,0.4489,0.0304,0.0589,0.0844
12.140,hold,0.06726,1.14308,-0.67538,0.00907,1.04311,0.00423,0.06711,1.15081,-0.67569,0.00938,1.04311,0.00458,0.06711,1.15081,-0.67568,0.00938,1.04311,0.00458,0.0152,0.0166,-0.0210,0.0152,-0.0152,0.4593,0.0331,0.0833,1.42,0.4489,0.0304,0.0589,0.0844
12.160,hold,0.06726,1.14308,-0.67538,0.00907,1.04311,0.00423,0.06711,1.15081,-0.67569,0.00938,1.04311,0.00458,0.06711,1.15081,-0.67568,0.00938,1.04311,0.00458,0.0152,0.0166,-0.0210,0.0152,-0.0152,0.4593,0.0331,0.0833,1.42,0.4489,0.0304,0.0589,0.0844
12.180,hold,0.06726,1.14308,-0.67538,0.00907,1.04311,0.00423,0.06711,1.15081,-0.67569,0.00938,1.04311,0.00458,0.06711,1.15081,-0.67568,0.00938,1.04311,0.00458,0.0152,0.0166,-0.0210,0.0152,-0.0152,0.4593,0.0331,0.0833,1.42,0.4489,0.0304,0.0589,0.0844
12.200,hold,0.06726,1.14308,-0.67538,0.00907,1.04311,0.00423,0.06711,1.15081,-0.67569,0.00938,1.04311,0.00458,0.06711,1.15081,-0.67568,0.00938,1.04311,0.00458,0.0152,0.0166,-0.0210,0.0152,-0.0152,0.4593,0.0331,0.0833,1.42,0.4489,0.0304,0.0589,0.0844
12.220,hold,0.06726,1.14308,-0.67538,0.00907,1.04311,0.00423,0.06711,1.15081,-0.67568,0.00938,1.04311,0.00458,0.06711,1.15081,-0.67568,0.00938,1.04311,0.00458,0.0152,0.0166,-0.0210,0.0152,-0.0152,0.4593,0.0331,0.0833,1.42,0.4489,0.0304,0.0589,0.0844
12.240,hold,0.06726,1.14308,-0.67538,0.00907,1.04311,0.00423,0.06711,1.15081,-0.67568,0.00938,1.04311,0.00458,0.06711,1.15081,-0.67568,0.00938,1.04311,0.00458,0.0152,0.0166,-0.0210,0.0152,-0.0152,0.4593,0.0331,0.0833,1.42,0.4489,0.0304,0.0589,0.0844
12.260,hold,0.06726,1.14308,-0.67538,0.00907,1.04311,0.00423,0.06711,1.15081,-0.67568,0.00938,1.04311,0.00458,0.06711,1.15081,-0.67568,0.00938,1.04311,0.00458,0.0152,0.0166,-0.0210,0.0152,-0.0152,0.4593,0.0331,0.0833,1.42,0.4489,0.0304,0.0589,0.0844
12.280,hold,0.06726,1.14308,-0.67538,0.00907,1.04311,0.00423,0.06711,1.15081,-0.67568,0.00938,1.04311,0.00458,0.06711,1.15081,-0.67568,0.00938,1.04311,0.00458,0.0152,0.0166,-0.0210,0.0152,-0.0152,0.4593,0.0331,0.0833,1.42,0.4489,0.0304,0.0589,0.0844
12.300,done,0.06726,1.14308,-0.67538,0.00907,1.04311,0.00423,0.06711,1.15081,-0.67568,0.00938,1.04311,0.00458,0.06711,1.15081,-0.67568,0.00938,1.04311,0.00458,0.0152,0.0166,-0.0210,0.0152,-0.0152,0.4593,0.0331,0.0833,1.42,0.4489,0.0304,0.0589,0.0844
